datetime,wifi,time_sync,rd_present,rd_distance_mm,rd_velocity_cm_s,rd_angle_deg,rd_x_mm,rd_y_mm,c4001_present,c4001_distance_m,c4001_velocity_m_s,c4001_energy,c4001_raw_targets,c4001_raw_distance_m,c4001_raw_velocity_m_s,c4001_raw_energy
TIME_NOT_SYNCED,1,0,1,763.7,0,5.6,75,760,1,0.78,0.00,61245,1,0.78,0.00,61245
2026-05-09 15:29:45,1,1,1,1411.4,-96,1.4,35,1411,1,1.16,-0.85,44785,1,1.16,-0.85,44785
2026-05-09 15:29:45,1,1,1,1411.4,-96,1.4,35,1411,1,1.16,-0.85,44785,1,1.16,-0.85,44785
2026-05-09 15:29:45,1,1,1,1331.5,-79,1.5,35,1331,1,1.16,-0.85,44785,1,1.16,-0.85,44785
2026-05-09 15:29:45,1,1,1,1257.2,-72,1.1,24,1257,1,1.16,-0.85,44785,1,1.16,-0.85,44785
2026-05-09 15:29:45,1,1,1,1257.2,-72,1.1,24,1257,1,1.16,-0.85,44785,1,1.16,-0.85,44785
2026-05-09 15:29:45,1,1,1,1183.4,-64,1.4,29,1183,1,1.00,-0.68,46665,1,1.00,-0.68,46665
2026-05-09 15:29:45,1,1,1,1183.4,-64,1.4,29,1183,1,1.00,-0.68,46665,1,1.00,-0.68,46665
2026-05-09 15:29:45,1,1,1,1116.5,-64,1.7,34,1116,1,0.96,-0.69,38810,1,0.96,-0.69,38810
2026-05-09 15:29:45,1,1,1,1116.5,-64,1.7,34,1116,1,0.96,-0.69,38810,1,0.96,-0.69,38810
2026-05-09 15:29:46,1,1,1,1050.5,-72,1.7,31,1050,1,0.89,-0.69,38810,1,0.89,-0.69,38810
2026-05-09 15:29:46,1,1,1,982.7,-72,2.1,36,982,1,0.89,-0.69,38810,1,0.89,-0.69,38810
2026-05-09 15:29:46,1,1,1,982.7,-72,2.1,36,982,1,0.80,-0.70,26948,1,0.80,-0.70,26948
2026-05-09 15:29:46,1,1,1,914.8,-72,2.4,38,914,1,0.80,-0.70,26948,1,0.80,-0.70,26948
2026-05-09 15:29:46,1,1,1,914.8,-72,2.4,38,914,1,0.74,-0.64,42618,1,0.74,-0.64,42618
2026-05-09 15:29:46,1,1,1,842.1,-64,4.1,60,840,1,0.74,-0.64,42618,1,0.74,-0.64,42618
2026-05-09 15:29:46,1,1,1,842.1,-64,4.1,60,840,1,0.66,-0.59,36109,1,0.66,-0.59,36109
2026-05-09 15:29:46,1,1,1,782.2,-39,5.9,81,778,1,0.66,-0.59,36109,1,0.66,-0.59,36109
2026-05-09 15:29:46,1,1,1,782.2,-39,5.9,81,778,1,0.60,-0.52,2689,1,0.60,-0.52,2689
2026-05-09 15:29:46,1,1,1,730.8,-24,7.2,92,725,1,0.60,-0.52,2689,1,0.60,-0.52,2689
2026-05-09 15:29:46,1,1,1,686.5,-16,7.9,94,680,1,0.56,-0.44,13289,1,0.56,-0.44,13289
2026-05-09 15:29:46,1,1,1,686.5,-16,7.9,94,680,1,0.56,-0.44,13289,1,0.56,-0.44,13289
2026-05-09 15:29:46,1,1,1,643.1,0,8.5,95,636,1,0.54,-0.35,34957,1,0.54,-0.35,34957
2026-05-09 15:29:46,1,1,1,643.1,0,8.5,95,636,1,0.54,-0.35,34957,1,0.54,-0.35,34957
2026-05-09 15:29:46,1,1,1,617.0,0,8.7,93,610,1,0.50,-0.35,34957,1,0.50,-0.35,34957
2026-05-09 15:29:46,1,1,1,617.0,0,8.7,93,610,1,0.50,-0.35,34957,1,0.50,-0.35,34957
2026-05-09 15:29:46,1,1,1,598.1,16,8.8,92,591,1,0.50,-0.35,34957,1,0.50,-0.35,34957
2026-05-09 15:29:46,1,1,1,598.1,16,8.8,92,591,1,0.50,-0.35,34957,1,0.50,-0.35,34957
2026-05-09 15:29:46,1,1,1,589.4,39,9.7,99,581,1,0.50,-0.35,34957,1,0.50,-0.35,34957
2026-05-09 15:29:46,1,1,1,589.2,24,9.0,92,582,1,0.50,-0.35,34957,1,0.50,-0.35,34957
2026-05-09 15:29:47,1,1,1,589.2,24,9.0,92,582,1,0.50,-0.35,34957,1,0.50,-0.35,34957
2026-05-09 15:29:47,1,1,1,595.4,72,8.4,87,589,1,0.50,-0.35,34957,1,0.50,-0.35,34957
2026-05-09 15:29:47,1,1,1,595.4,72,8.4,87,589,1,0.50,-0.35,34957,1,0.50,-0.35,34957
2026-05-09 15:29:47,1,1,1,599.8,72,8.0,83,594,1,0.50,-0.35,34957,1,0.50,-0.35,34957
2026-05-09 15:29:47,1,1,1,599.8,72,8.0,83,594,1,0.50,-0.35,34957,1,0.50,-0.35,34957
2026-05-09 15:29:47,1,1,1,605.9,64,7.3,77,601,1,0.50,-0.35,34957,1,0.50,-0.35,34957
2026-05-09 15:29:47,1,1,1,613.2,56,6.7,72,609,1,0.50,-0.35,34957,1,0.50,-0.35,34957
2026-05-09 15:29:47,1,1,1,613.2,56,6.7,72,609,1,0.00,0.00,0,0,0.00,0.00,0
2026-05-09 15:29:47,1,1,1,622.1,56,6.6,71,618,1,1.00,0.72,14088,1,1.00,0.72,14088
2026-05-09 15:29:47,1,1,1,622.1,56,6.6,71,618,1,1.00,0.72,14088,1,1.00,0.72,14088
2026-05-09 15:29:47,1,1,1,634.9,72,6.3,70,631,1,1.07,0.72,14088,1,1.07,0.72,14088
2026-05-09 15:29:47,1,1,1,634.9,72,6.3,70,631,1,1.07,0.72,14088,1,1.07,0.72,14088
2026-05-09 15:29:47,1,1,1,648.4,88,5.8,66,645,1,1.07,0.72,14088,1,1.07,0.72,14088
2026-05-09 15:29:47,1,1,1,648.4,88,5.8,66,645,1,1.07,0.72,14088,1,1.07,0.72,14088
2026-05-09 15:29:47,1,1,1,664.1,96,5.5,64,661,1,1.07,0.72,14088,1,1.07,0.72,14088
2026-05-09 15:29:47,1,1,1,683.8,88,5.2,62,681,1,1.07,0.72,14088,1,1.07,0.72,14088
2026-05-09 15:29:47,1,1,1,683.8,88,5.2,62,681,1,1.07,0.72,14088,1,1.07,0.72,14088
2026-05-09 15:29:47,1,1,1,704.7,79,5.0,62,702,1,1.07,0.72,14088,1,1.07,0.72,14088
2026-05-09 15:29:47,1,1,1,704.7,79,5.0,62,702,1,1.07,0.72,14088,1,1.07,0.72,14088
2026-05-09 15:29:47,1,1,1,770.6,88,4.7,63,768,1,1.07,0.72,14088,1,1.07,0.72,14088
2026-05-09 15:29:48,1,1,1,770.6,88,4.7,63,768,1,1.07,0.72,14088,1,1.07,0.72,14088
2026-05-09 15:29:48,1,1,1,833.2,72,4.2,61,831,1,1.07,0.72,14088,1,1.07,0.72,14088
2026-05-09 15:29:48,1,1,1,897.1,88,3.9,61,895,1,1.07,0.72,14088,1,1.07,0.72,14088
2026-05-09 15:29:48,1,1,1,897.1,88,3.9,61,895,1,0.00,0.00,0,0,0.00,0.00,0
2026-05-09 15:29:48,1,1,1,1020.3,96,2.9,51,1019,1,0.00,0.00,0,0,0.00,0.00,0
2026-05-09 15:29:48,1,1,1,1138.7,112,2.0,40,1138,1,0.00,0.00,0,0,0.00,0.00,0
2026-05-09 15:29:48,1,1,1,1138.7,112,2.0,40,1138,1,0.00,0.00,0,0,0.00,0.00,0
2026-05-09 15:29:48,1,1,1,1253.4,79,1.4,31,1253,1,0.00,0.00,0,0,0.00,0.00,0
2026-05-09 15:29:48,1,1,1,1253.4,79,1.4,31,1253,0,0.00,0.00,0,0,0.00,0.00,0
2026-05-09 15:29:48,1,1,1,1358.1,72,0.5,12,1358,0,0.00,0.00,0,0,0.00,0.00,0
2026-05-09 15:29:48,1,1,1,1358.1,72,0.5,12,1358,0,0.00,0.00,0,0,0.00,0.00,0
2026-05-09 15:29:48,1,1,1,1458.2,112,-1.0,-26,1458,0,0.00,0.00,0,0,0.00,0.00,0
2026-05-09 15:29:48,1,1,1,1458.2,112,-1.0,-26,1458,0,0.00,0.00,0,0,0.00,0.00,0
2026-05-09 15:29:48,1,1,1,1547.9,64,-2.0,-53,1547,0,0.00,0.00,0,0,0.00,0.00,0
2026-05-09 15:29:48,1,1,1,1626.4,72,-2.4,-68,1625,0,0.00,0.00,0,0,0.00,0.00,0
2026-05-09 15:29:48,1,1,1,1626.4,72,-2.4,-68,1625,0,0.00,0.00,0,0,0.00,0.00,0
2026-05-09 15:29:48,1,1,1,1704.8,79,-2.6,-78,1703,0,0.00,0.00,0,0,0.00,0.00,0
2026-05-09 15:29:48,1,1,1,1704.8,79,-2.6,-78,1703,0,0.00,0.00,0,0,0.00,0.00,0
2026-05-09 15:29:48,1,1,1,1777.7,79,-2.5,-77,1776,0,0.00,0.00,0,0,0.00,0.00,0
2026-05-09 15:29:48,1,1,1,1777.7,79,-2.5,-77,1776,0,0.00,0.00,0,0,0.00,0.00,0
2026-05-09 15:29:49,1,1,1,1852.4,64,-2.3,-73,1851,0,0.00,0.00,0,0,0.00,0.00,0
2026-05-09 15:29:49,1,1,1,1918.2,32,-2.1,-69,1917,0,0.00,0.00,0,0,0.00,0.00,0
2026-05-09 15:29:49,1,1,1,1918.2,32,-2.1,-69,1917,0,0.00,0.00,0,1,2.26,0.27,12306
2026-05-09 15:29:49,1,1,1,1976.1,24,-1.9,-67,1975,0,0.00,0.00,0,1,2.26,0.27,12306
2026-05-09 15:29:49,1,1,1,1976.1,24,-1.9,-67,1975,1,2.29,0.27,12306,1,2.29,0.27,12306
2026-05-09 15:29:49,1,1,1,2038.2,0,-2.0,-70,2037,1,2.29,0.27,12306,1,2.29,0.27,12306
2026-05-09 15:29:49,1,1,1,2038.2,0,-2.0,-70,2037,1,2.29,0.27,12306,1,2.29,0.27,12306
2026-05-09 15:29:49,1,1,1,2078.2,-8,-2.0,-72,2077,1,2.29,0.27,12306,1,2.29,0.27,12306
2026-05-09 15:29:49,1,1,1,2078.2,-8,-2.0,-72,2077,1,2.29,0.27,12306,1,2.29,0.27,12306
2026-05-09 15:29:49,1,1,1,2099.6,-32,-2.2,-81,2098,1,2.29,0.27,12306,1,2.29,0.27,12306
2026-05-09 15:29:49,1,1,1,2115.2,-48,-1.9,-70,2114,1,2.29,0.27,12306,1,2.29,0.27,12306
2026-05-09 15:29:49,1,1,1,2115.2,-48,-1.9,-70,2114,1,2.29,0.27,12306,1,2.29,0.27,12306
2026-05-09 15:29:49,1,1,1,2117.2,-56,-1.9,-70,2116,1,2.29,0.27,12306,1,2.29,0.27,12306
2026-05-09 15:29:49,1,1,1,2117.2,-56,-1.9,-70,2116,1,2.29,0.27,12306,1,2.29,0.27,12306
2026-05-09 15:29:49,1,1,1,2113.3,-79,-2.0,-74,2112,1,2.29,0.27,12306,1,2.29,0.27,12306
2026-05-09 15:29:49,1,1,1,2113.3,-79,-2.0,-74,2112,1,2.29,0.27,12306,1,2.29,0.27,12306
2026-05-09 15:29:49,1,1,1,2102.5,-96,-2.2,-80,2101,1,2.29,0.27,12306,1,2.29,0.27,12306
2026-05-09 15:29:49,1,1,1,2095.6,-88,-2.2,-82,2094,1,0.00,0.00,0,0,0.00,0.00,0
2026-05-09 15:29:49,1,1,1,2095.6,-88,-2.2,-82,2094,1,0.00,0.00,0,0,0.00,0.00,0
2026-05-09 15:29:49,1,1,1,2086.6,-112,-2.2,-81,2085,1,0.00,0.00,0,0,0.00,0.00,0
2026-05-09 15:29:50,1,1,1,2086.6,-112,-2.2,-81,2085,1,0.00,0.00,0,0,0.00,0.00,0
2026-05-09 15:29:50,1,1,1,2074.5,-79,-2.2,-80,2073,1,0.00,0.00,0,0,0.00,0.00,0
2026-05-09 15:29:50,1,1,1,2074.5,-79,-2.2,-80,2073,0,0.00,0.00,0,0,0.00,0.00,0
2026-05-09 15:29:50,1,1,1,2060.6,-79,-2.3,-82,2059,0,0.00,0.00,0,0,0.00,0.00,0
2026-05-09 15:29:50,1,1,1,2060.6,-79,-2.3,-82,2059,0,0.00,0.00,0,0,0.00,0.00,0
2026-05-09 15:29:50,1,1,1,2042.8,-88,-2.4,-85,2041,0,0.00,0.00,0,0,0.00,0.00,0
2026-05-09 15:29:50,1,1,1,2023.9,-96,-2.5,-87,2022,0,0.00,0.00,0,1,1.60,-0.92,12881
2026-05-09 15:29:50,1,1,1,2023.9,-96,-2.5,-87,2022,0,0.00,0.00,0,1,1.60,-0.92,12881
2026-05-09 15:29:50,1,1,1,2000.8,-119,-2.5,-86,1999,1,1.50,-0.92,12881,1,1.50,-0.92,12881
2026-05-09 15:29:50,1,1,1,2000.8,-119,-2.5,-86,1999,1,1.50,-0.92,12881,1,1.50,-0.92,12881
2026-05-09 15:29:50,1,1,1,1933.7,-96,-2.4,-80,1932,1,1.50,-0.92,12881,1,1.50,-0.92,12881
2026-05-09 15:29:50,1,1,1,1933.7,-96,-2.4,-80,1932,1,1.50,-0.92,12881,1,1.50,-0.92,12881
2026-05-09 15:29:50,1,1,1,1863.4,-96,-2.2,-72,1862,1,1.50,-0.92,12881,1,1.50,-0.92,12881
2026-05-09 15:29:50,1,1,1,1791.1,-88,-2.0,-64,1790,1,1.50,-0.92,12881,1,1.50,-0.92,12881
2026-05-09 15:29:50,1,1,1,1791.1,-88,-2.0,-64,1790,1,1.50,-0.92,12881,1,1.50,-0.92,12881
2026-05-09 15:29:50,1,1,1,1653.8,-88,-1.8,-51,1653,1,1.50,-0.92,12881,1,1.50,-0.92,12881
2026-05-09 15:29:50,1,1,1,1653.8,-88,-1.8,-51,1653,1,1.50,-0.92,12881,1,1.50,-0.92,12881
2026-05-09 15:29:50,1,1,1,1544.3,-72,-2.4,-64,1543,1,1.50,-0.92,12881,1,1.50,-0.92,12881
2026-05-09 15:29:50,1,1,1,1544.3,-72,-2.4,-64,1543,1,1.00,-0.96,11733,1,1.00,-0.96,11733
2026-05-09 15:29:50,1,1,1,1435.4,-104,-2.5,-63,1434,1,1.00,-0.96,11733,1,1.00,-0.96,11733
2026-05-09 15:29:51,1,1,1,1435.4,-104,-2.5,-63,1434,1,0.95,-0.95,4186,1,0.95,-0.95,4186
2026-05-09 15:29:51,1,1,1,1322.0,-96,-2.2,-51,1321,1,0.95,-0.95,4186,1,0.95,-0.95,4186
2026-05-09 15:29:51,1,1,1,1213.8,-79,-2.0,-43,1213,1,0.85,-0.95,4186,1,0.85,-0.95,4186
2026-05-09 15:29:51,1,1,1,1213.8,-79,-2.0,-43,1213,1,0.85,-0.95,4186,1,0.85,-0.95,4186
2026-05-09 15:29:51,1,1,1,1112.5,-64,-1.7,-33,1112,1,0.77,-0.86,25826,1,0.77,-0.86,25826
2026-05-09 15:29:51,1,1,1,1112.5,-64,-1.7,-33,1112,1,0.77,-0.86,25826,1,0.77,-0.86,25826
2026-05-09 15:29:51,1,1,1,1024.4,-64,-1.5,-27,1024,1,0.71,-0.80,47668,1,0.71,-0.80,47668
2026-05-09 15:29:51,1,1,1,1024.4,-64,-1.5,-27,1024,1,0.71,-0.80,47668,1,0.71,-0.80,47668
2026-05-09 15:29:51,1,1,1,944.6,-64,-2.1,-34,944,1,0.67,-0.71,10117,1,0.67,-0.71,10117
2026-05-09 15:29:51,1,1,1,944.6,-64,-2.1,-34,944,1,0.67,-0.71,10117,1,0.67,-0.71,10117
2026-05-09 15:29:51,1,1,1,870.6,-56,-4.4,-67,868,1,0.60,-0.71,10117,1,0.60,-0.71,10117
2026-05-09 15:29:51,1,1,1,797.1,-48,-6.5,-90,792,1,0.60,-0.71,10117,1,0.60,-0.71,10117
2026-05-09 15:29:51,1,1,1,797.1,-48,-6.5,-90,792,1,0.54,-0.64,54932,1,0.54,-0.64,54932
2026-05-09 15:29:51,1,1,1,725.9,-39,-5.1,-65,723,1,0.54,-0.64,54932,1,0.54,-0.64,54932
2026-05-09 15:29:51,1,1,1,725.9,-39,-5.1,-65,723,1,0.50,-0.55,23353,1,0.50,-0.55,23353
2026-05-09 15:29:51,1,1,1,665.7,-16,-2.6,-30,665,1,0.50,-0.55,23353,1,0.50,-0.55,23353
2026-05-09 15:29:51,1,1,1,665.7,-16,-2.6,-30,665,1,0.45,-0.55,23353,1,0.45,-0.55,23353
2026-05-09 15:29:51,1,1,1,612.0,0,0.0,0,612,1,0.45,-0.55,23353,1,0.45,-0.55,23353
2026-05-09 15:29:51,1,1,1,571.3,16,1.9,19,571,1,0.45,-0.55,23353,1,0.45,-0.55,23353
2026-05-09 15:29:51,1,1,1,571.3,16,1.9,19,571,1,0.45,-0.55,23353,1,0.45,-0.55,23353
2026-05-09 15:29:52,1,1,1,550.7,39,2.9,28,550,1,0.45,-0.55,23353,1,0.45,-0.55,23353
2026-05-09 15:29:52,1,1,1,550.7,39,2.9,28,550,1,0.45,-0.55,23353,1,0.45,-0.55,23353
2026-05-09 15:29:52,1,1,1,530.6,56,4.4,41,529,1,0.57,0.55,36722,1,0.57,0.55,36722
2026-05-09 15:29:52,1,1,1,530.6,56,4.4,41,529,1,0.57,0.55,36722,1,0.57,0.55,36722
2026-05-09 15:29:52,1,1,1,529.3,64,4.0,37,528,1,0.69,0.65,5597,1,0.69,0.65,5597
2026-05-09 15:29:52,1,1,1,529.3,64,4.0,37,528,1,0.69,0.65,5597,1,0.69,0.65,5597
2026-05-09 15:29:52,1,1,1,545.4,72,2.3,22,545,1,0.76,0.68,3585,1,0.76,0.68,3585
2026-05-09 15:29:52,1,1,1,550.3,79,1.9,18,550,1,0.76,0.68,3585,1,0.76,0.68,3585
2026-05-09 15:29:52,1,1,1,550.3,79,1.9,18,550,1,0.83,0.68,3585,1,0.83,0.68,3585
2026-05-09 15:29:52,1,1,1,558.2,72,1.4,14,558,1,0.83,0.68,3585,1,0.83,0.68,3585
2026-05-09 15:29:52,1,1,1,558.2,72,1.4,14,558,1,0.83,0.68,3585,1,0.83,0.68,3585
2026-05-09 15:29:52,1,1,1,570.1,72,1.0,10,570,1,0.83,0.68,3585,1,0.83,0.68,3585
2026-05-09 15:29:52,1,1,1,570.1,72,1.0,10,570,1,0.83,0.68,3585,1,0.83,0.68,3585
2026-05-09 15:29:52,1,1,1,584.1,64,0.9,9,584,1,0.83,0.68,3585,1,0.83,0.68,3585
2026-05-09 15:29:52,1,1,1,599.0,79,0.7,7,599,1,0.83,0.68,3585,1,0.83,0.68,3585
2026-05-09 15:29:52,1,1,1,599.0,79,0.7,7,599,1,0.83,0.68,3585,1,0.83,0.68,3585
2026-05-09 15:29:52,1,1,1,645.1,72,1.1,12,645,1,0.83,0.68,3585,1,0.83,0.68,3585
2026-05-09 15:29:52,1,1,1,645.1,72,1.1,12,645,1,0.83,0.68,3585,1,0.83,0.68,3585
2026-05-09 15:29:52,1,1,1,687.8,88,2.8,33,687,1,0.83,0.68,3585,1,0.83,0.68,3585
2026-05-09 15:29:52,1,1,1,687.8,88,2.8,33,687,1,0.83,0.68,3585,1,0.83,0.68,3585
2026-05-09 15:29:53,1,1,1,737.8,79,4.0,51,736,1,1.28,0.73,5018,1,1.28,0.73,5018
2026-05-09 15:29:53,1,1,1,737.8,79,4.0,51,736,1,1.28,0.73,5018,1,1.28,0.73,5018
2026-05-09 15:29:53,1,1,1,845.0,72,3.9,58,843,1,1.36,0.73,5018,1,1.36,0.73,5018
2026-05-09 15:29:53,1,1,1,939.8,64,4.5,73,937,1,1.36,0.73,5018,1,1.36,0.73,5018
2026-05-09 15:29:53,1,1,1,939.8,64,4.5,73,937,1,1.47,0.76,48329,1,1.47,0.76,48329
2026-05-09 15:29:53,1,1,1,1028.7,72,4.1,74,1026,1,1.47,0.76,48329,1,1.47,0.76,48329
2026-05-09 15:29:53,1,1,1,1028.7,72,4.1,74,1026,1,1.54,0.76,48329,1,1.54,0.76,48329
2026-05-09 15:29:53,1,1,1,1113.4,79,2.9,56,1112,1,1.54,0.76,48329,1,1.54,0.76,48329
2026-05-09 15:29:53,1,1,1,1113.4,79,2.9,56,1112,1,1.54,0.76,48329,1,1.54,0.76,48329
2026-05-09 15:29:53,1,1,1,1196.5,96,1.7,35,1196,1,1.54,0.76,48329,1,1.54,0.76,48329
2026-05-09 15:29:53,1,1,1,1280.5,96,1.6,36,1280,1,1.54,0.76,48329,1,1.54,0.76,48329
2026-05-09 15:29:53,1,1,1,1280.5,96,1.6,36,1280,1,1.54,0.76,48329,1,1.54,0.76,48329
2026-05-09 15:29:53,1,1,1,1364.2,72,1.1,25,1364,1,1.54,0.76,48329,1,1.54,0.76,48329
2026-05-09 15:29:53,1,1,1,1364.2,72,1.1,25,1364,1,1.54,0.76,48329,1,1.54,0.76,48329
2026-05-09 15:29:53,1,1,1,1446.0,64,0.4,9,1446,1,1.54,0.76,48329,1,1.54,0.76,48329
2026-05-09 15:29:53,1,1,1,1446.0,64,0.4,9,1446,1,1.54,0.76,48329,1,1.54,0.76,48329
2026-05-09 15:29:53,1,1,1,1521.0,56,-0.1,-2,1521,1,1.54,0.76,48329,1,1.54,0.76,48329
2026-05-09 15:29:53,1,1,1,1521.0,56,-0.1,-2,1521,1,1.54,0.76,48329,1,1.54,0.76,48329
2026-05-09 15:29:53,1,1,1,1596.1,48,-0.6,-18,1596,1,1.54,0.76,48329,1,1.54,0.76,48329
2026-05-09 15:29:53,1,1,1,1666.1,72,-0.7,-21,1666,1,0.00,0.00,0,0,0.00,0.00,0
2026-05-09 15:29:54,1,1,1,1666.1,72,-0.7,-21,1666,1,0.00,0.00,0,0,0.00,0.00,0
2026-05-09 15:29:54,1,1,1,1739.0,72,-0.2,-7,1739,1,0.00,0.00,0,0,0.00,0.00,0
2026-05-09 15:29:54,1,1,1,1739.0,72,-0.2,-7,1739,1,0.00,0.00,0,0,0.00,0.00,0
2026-05-09 15:29:54,1,1,1,1801.0,48,0.2,5,1801,1,0.00,0.00,0,0,0.00,0.00,0
2026-05-09 15:29:54,1,1,1,1801.0,48,0.2,5,1801,0,0.00,0.00,0,0,0.00,0.00,0
2026-05-09 15:29:54,1,1,1,1856.0,24,0.3,10,1856,0,0.00,0.00,0,0,0.00,0.00,0
2026-05-09 15:29:54,1,1,1,1906.1,24,0.7,23,1906,0,0.00,0.00,0,0,0.00,0.00,0
2026-05-09 15:29:54,1,1,1,1906.1,24,0.7,23,1906,0,0.00,0.00,0,0,0.00,0.00,0
2026-05-09 15:29:54,1,1,1,1951.4,16,1.1,37,1951,0,0.00,0.00,0,0,0.00,0.00,0
2026-05-09 15:29:54,1,1,1,1951.4,16,1.1,37,1951,0,0.00,0.00,0,0,0.00,0.00,0
2026-05-09 15:29:54,1,1,1,1988.3,8,1.0,36,1988,0,0.00,0.00,0,0,0.00,0.00,0
2026-05-09 15:29:54,1,1,1,1988.3,8,1.0,36,1988,0,0.00,0.00,0,0,0.00,0.00,0
2026-05-09 15:29:54,1,1,1,2020.3,-8,0.9,33,2020,0,0.00,0.00,0,0,0.00,0.00,0
2026-05-09 15:29:54,1,1,1,2020.3,-8,0.9,33,2020,0,0.00,0.00,0,0,0.00,0.00,0
2026-05-09 15:29:54,1,1,1,2044.2,-32,0.7,26,2044,0,0.00,0.00,0,0,0.00,0.00,0
2026-05-09 15:29:54,1,1,1,2048.2,-48,0.8,30,2048,0,0.00,0.00,0,0,0.00,0.00,0
2026-05-09 15:29:54,1,1,1,2048.2,-48,0.8,30,2048,0,0.00,0.00,0,0,0.00,0.00,0
2026-05-09 15:29:54,1,1,1,2042.3,-64,1.0,34,2042,0,0.00,0.00,0,0,0.00,0.00,0
2026-05-09 15:29:54,1,1,1,2042.3,-64,1.0,34,2042,0,0.00,0.00,0,0,0.00,0.00,0
2026-05-09 15:29:54,1,1,1,2029.4,-88,1.1,40,2029,0,0.00,0.00,0,0,0.00,0.00,0
2026-05-09 15:29:55,1,1,1,2029.4,-88,1.1,40,2029,0,0.00,0.00,0,0,0.00,0.00,0
2026-05-09 15:29:55,1,1,1,2022.4,-88,1.1,40,2022,0,0.00,0.00,0,0,0.00,0.00,0
2026-05-09 15:29:55,1,1,1,2013.3,-72,1.1,37,2013,0,0.00,0.00,0,0,0.00,0.00,0
2026-05-09 15:29:55,1,1,1,2013.3,-72,1.1,37,2013,0,0.00,0.00,0,0,0.00,0.00,0
2026-05-09 15:29:55,1,1,1,2002.3,-72,0.9,32,2002,0,0.00,0.00,0,0,0.00,0.00,0
2026-05-09 15:29:55,1,1,1,2002.3,-72,0.9,32,2002,0,0.00,0.00,0,0,0.00,0.00,0
2026-05-09 15:29:55,1,1,1,1988.2,-79,0.8,28,1988,0,0.00,0.00,0,0,0.00,0.00,0
2026-05-09 15:29:55,1,1,1,1988.2,-79,0.8,28,1988,0,0.00,0.00,0,0,0.00,0.00,0
2026-05-09 15:29:55,1,1,1,1973.1,-88,0.7,24,1973,0,0.00,0.00,0,0,0.00,0.00,0
2026-05-09 15:29:55,1,1,1,1973.1,-88,0.7,24,1973,0,0.00,0.00,0,0,0.00,0.00,0
2026-05-09 15:29:55,1,1,1,1955.1,-96,0.6,21,1955,0,0.00,0.00,0,0,0.00,0.00,0
2026-05-09 15:29:55,1,1,1,1897.0,-104,0.3,11,1897,0,0.00,0.00,0,0,0.00,0.00,0
2026-05-09 15:29:55,1,1,1,1897.0,-104,0.3,11,1897,0,0.00,0.00,0,1,1.49,-1.12,44769
2026-05-09 15:29:55,1,1,1,1841.0,-88,-0.0,-1,1841,0,0.00,0.00,0,1,1.49,-1.12,44769
2026-05-09 15:29:55,1,1,1,1841.0,-88,-0.0,-1,1841,1,1.38,-1.12,44769,1,1.38,-1.12,44769
2026-05-09 15:29:55,1,1,1,1782.0,-88,-0.1,-2,1782,1,1.38,-1.12,44769,1,1.38,-1.12,44769
2026-05-09 15:29:55,1,1,1,1782.0,-88,-0.1,-2,1782,1,1.38,-1.12,44769,1,1.38,-1.12,44769
2026-05-09 15:29:55,1,1,1,1665.0,-79,0.1,4,1665,1,1.38,-1.12,44769,1,1.38,-1.12,44769
2026-05-09 15:29:55,1,1,1,1665.0,-79,0.1,4,1665,1,1.38,-1.12,44769,1,1.38,-1.12,44769
2026-05-09 15:29:55,1,1,1,1553.6,-79,1.5,42,1553,1,1.38,-1.12,44769,1,1.38,-1.12,44769
2026-05-09 15:29:56,1,1,1,1455.1,-88,3.1,78,1453,1,1.38,-1.12,44769,1,1.38,-1.12,44769
2026-05-09 15:29:56,1,1,1,1455.1,-88,3.1,78,1453,1,1.38,-1.12,44769,1,1.38,-1.12,44769
2026-05-09 15:29:56,1,1,1,1360.3,-88,4.0,94,1357,1,1.38,-1.12,44769,1,1.38,-1.12,44769
2026-05-09 15:29:56,1,1,1,1360.3,-88,4.0,94,1357,1,1.38,-1.12,44769,1,1.38,-1.12,44769
2026-05-09 15:29:56,1,1,1,1262.4,-104,3.5,78,1260,1,1.38,-1.12,44769,1,1.38,-1.12,44769
2026-05-09 15:29:56,1,1,1,1262.4,-104,3.5,78,1260,1,1.38,-1.12,44769,1,1.38,-1.12,44769
2026-05-09 15:29:56,1,1,1,1169.9,-79,3.3,67,1168,1,1.38,-1.12,44769,1,1.38,-1.12,44769
2026-05-09 15:29:56,1,1,1,1079.0,-72,2.5,47,1078,1,0.00,0.00,0,0,0.00,0.00,0
2026-05-09 15:29:56,1,1,1,1079.0,-72,2.5,47,1078,1,0.00,0.00,0,0,0.00,0.00,0
2026-05-09 15:29:56,1,1,1,994.4,-64,1.6,28,994,1,0.00,0.00,0,0,0.00,0.00,0
2026-05-09 15:29:56,1,1,1,994.4,-64,1.6,28,994,1,0.00,0.00,0,0,0.00,0.00,0
2026-05-09 15:29:56,1,1,1,918.1,-48,0.9,15,918,1,0.00,0.00,0,0,0.00,0.00,0
2026-05-09 15:29:56,1,1,1,918.1,-48,0.9,15,918,1,0.58,-0.40,37904,1,0.58,-0.40,37904
2026-05-09 15:29:56,1,1,1,847.0,-32,0.5,7,847,1,0.58,-0.40,37904,1,0.58,-0.40,37904
2026-05-09 15:29:56,1,1,1,847.0,-32,0.5,7,847,1,0.54,-0.40,37904,1,0.54,-0.40,37904
2026-05-09 15:29:56,1,1,1,780.0,-39,0.1,1,780,1,0.54,-0.40,37904,1,0.54,-0.40,37904
2026-05-09 15:29:56,1,1,1,713.1,-32,-0.7,-9,713,1,0.50,-0.42,41641,1,0.50,-0.42,41641
2026-05-09 15:29:56,1,1,1,713.1,-32,-0.7,-9,713,1,0.50,-0.42,41641,1,0.50,-0.42,41641
2026-05-09 15:29:56,1,1,1,647.3,-48,-1.9,-21,647,1,0.47,-0.44,14698,1,0.47,-0.44,14698
2026-05-09 15:29:56,1,1,1,647.3,-48,-1.9,-21,647,1,0.47,-0.44,14698,1,0.47,-0.44,14698
2026-05-09 15:29:57,1,1,1,589.6,-8,-2.5,-26,589,1,0.42,-0.44,14698,1,0.42,-0.44,14698
2026-05-09 15:29:57,1,1,1,589.6,-8,-2.5,-26,589,1,0.42,-0.44,14698,1,0.42,-0.44,14698
2026-05-09 15:29:57,1,1,1,547.2,56,-1.4,-13,547,1,0.46,-0.16,15525,1,0.46,-0.16,15525
2026-05-09 15:29:57,1,1,1,522.2,64,1.5,14,522,1,0.46,-0.16,15525,1,0.46,-0.16,15525
2026-05-09 15:29:57,1,1,1,522.2,64,1.5,14,522,1,0.45,-0.16,15525,1,0.45,-0.16,15525
2026-05-09 15:29:57,1,1,1,510.5,64,5.6,50,508,1,0.45,-0.16,15525,1,0.45,-0.16,15525
2026-05-09 15:29:57,1,1,1,510.5,64,5.6,50,508,1,0.52,0.08,12488,1,0.52,0.08,12488
2026-05-09 15:29:57,1,1,1,520.5,79,7.5,68,516,1,0.52,0.08,12488,1,0.52,0.08,12488
2026-05-09 15:29:57,1,1,1,520.5,79,7.5,68,516,1,0.52,0.08,12488,1,0.52,0.08,12488
2026-05-09 15:29:57,1,1,1,548.2,104,7.1,68,544,1,0.52,0.08,12488,1,0.52,0.08,12488
2026-05-09 15:29:57,1,1,1,548.2,104,7.1,68,544,1,0.64,0.32,27460,1,0.64,0.32,27460
2026-05-09 15:29:57,1,1,1,568.6,96,6.5,64,565,1,0.64,0.32,27460,1,0.64,0.32,27460
2026-05-09 15:29:57,1,1,1,594.0,88,5.8,60,591,1,0.68,0.32,27460,1,0.68,0.32,27460
2026-05-09 15:29:57,1,1,1,594.0,88,5.8,60,591,1,0.68,0.32,27460,1,0.68,0.32,27460
2026-05-09 15:29:57,1,1,1,627.2,79,4.8,53,625,1,0.81,0.49,62485,1,0.81,0.49,62485
2026-05-09 15:29:57,1,1,1,627.2,79,4.8,53,625,1,0.81,0.49,62485,1,0.81,0.49,62485
2026-05-09 15:29:57,1,1,1,665.5,88,3.9,45,664,1,0.92,0.60,3464,1,0.92,0.60,3464
2026-05-09 15:29:57,1,1,1,665.5,88,3.9,45,664,1,0.92,0.60,3464,1,0.92,0.60,3464
2026-05-09 15:29:57,1,1,1,744.5,96,2.0,26,744,1,0.98,0.60,3464,1,0.98,0.60,3464
2026-05-09 15:29:57,1,1,1,827.1,119,0.7,10,827,1,0.98,0.60,3464,1,0.98,0.60,3464
2026-05-09 15:29:58,1,1,1,827.1,119,0.7,10,827,1,0.98,0.60,3464,1,0.98,0.60,3464
2026-05-09 15:29:58,1,1,1,914.0,119,0.4,7,914,1,0.98,0.60,3464,1,0.98,0.60,3464
2026-05-09 15:29:58,1,1,1,914.0,119,0.4,7,914,1,0.98,0.60,3464,1,0.98,0.60,3464
2026-05-09 15:29:58,1,1,1,1004.0,104,0.6,10,1004,1,0.98,0.60,3464,1,0.98,0.60,3464
2026-05-09 15:29:58,1,1,1,1004.0,104,0.6,10,1004,1,0.98,0.60,3464,1,0.98,0.60,3464
2026-05-09 15:29:58,1,1,1,1094.0,96,0.1,1,1094,1,0.98,0.60,3464,1,0.98,0.60,3464
2026-05-09 15:29:58,1,1,1,1094.0,96,0.1,1,1094,1,0.98,0.60,3464,1,0.98,0.60,3464
2026-05-09 15:29:58,1,1,1,1183.0,96,-0.4,-9,1183,1,0.98,0.60,3464,1,0.98,0.60,3464
2026-05-09 15:29:58,1,1,1,1272.1,104,-0.7,-16,1272,1,0.98,0.60,3464,1,0.98,0.60,3464
2026-05-09 15:29:58,1,1,1,1272.1,104,-0.7,-16,1272,1,0.98,0.60,3464,1,0.98,0.60,3464
2026-05-09 15:29:58,1,1,1,1359.3,112,-1.2,-29,1359,1,0.98,0.60,3464,1,0.98,0.60,3464
2026-05-09 15:29:58,1,1,1,1359.3,112,-1.2,-29,1359,1,0.00,0.00,0,0,0.00,0.00,0
2026-05-09 15:29:58,1,1,1,1454.8,104,-1.9,-48,1454,1,0.00,0.00,0,0,0.00,0.00,0
2026-05-09 15:29:58,1,1,1,1454.8,104,-1.9,-48,1454,1,0.00,0.00,0,0,0.00,0.00,0
2026-05-09 15:29:58,1,1,1,1549.8,112,-1.8,-49,1549,1,0.00,0.00,0,0,0.00,0.00,0
2026-05-09 15:29:58,1,1,1,1644.0,96,-2.0,-56,1643,1,0.00,0.00,0,0,0.00,0.00,0
2026-05-09 15:29:58,1,1,1,1644.0,96,-2.0,-56,1643,0,0.00,0.00,0,0,0.00,0.00,0
2026-05-09 15:29:58,1,1,1,1736.3,88,-2.2,-66,1735,0,0.00,0.00,0,0,0.00,0.00,0
2026-05-09 15:29:58,1,1,1,1736.3,88,-2.2,-66,1735,0,0.00,0.00,0,0,0.00,0.00,0
2026-05-09 15:29:58,1,1,1,1822.1,96,-2.0,-64,1821,0,0.00,0.00,0,0,0.00,0.00,0
2026-05-09 15:29:59,1,1,1,1822.1,96,-2.0,-64,1821,0,0.00,0.00,0,0,0.00,0.00,0
2026-05-09 15:29:59,1,1,1,1905.9,96,-1.8,-59,1905,0,0.00,0.00,0,0,0.00,0.00,0
2026-05-09 15:29:59,1,1,1,1905.9,96,-1.8,-59,1905,0,0.00,0.00,0,0,0.00,0.00,0
2026-05-09 15:29:59,1,1,1,1974.7,56,-2.4,-81,1973,0,0.00,0.00,0,0,0.00,0.00,0
2026-05-09 15:29:59,1,1,1,2042.0,56,-2.5,-90,2040,0,0.00,0.00,0,0,0.00,0.00,0
2026-05-09 15:29:59,1,1,1,2042.0,56,-2.5,-90,2040,0,0.00,0.00,0,0,0.00,0.00,0
2026-05-09 15:29:59,1,1,1,2118.5,0,-2.8,-103,2116,0,0.00,0.00,0,0,0.00,0.00,0
2026-05-09 15:29:59,1,1,1,2118.5,0,-2.8,-103,2116,0,0.00,0.00,0,0,0.00,0.00,0
2026-05-09 15:29:59,1,1,1,2265.6,0,-3.7,-145,2261,0,0.00,0.00,0,0,0.00,0.00,0
2026-05-09 15:29:59,1,1,1,2265.6,0,-3.7,-145,2261,0,0.00,0.00,0,0,0.00,0.00,0
2026-05-09 15:29:59,1,1,1,2409.4,0,-4.2,-175,2403,0,0.00,0.00,0,0,0.00,0.00,0
2026-05-09 15:29:59,1,1,1,2529.0,0,-4.6,-201,2521,0,0.00,0.00,0,0,0.00,0.00,0
2026-05-09 15:29:59,1,1,1,2529.0,0,-4.6,-201,2521,0,0.00,0.00,0,0,0.00,0.00,0
2026-05-09 15:29:59,1,1,1,2617.2,-24,-4.8,-219,2608,0,0.00,0.00,0,0,0.00,0.00,0
2026-05-09 15:29:59,1,1,1,2617.2,-24,-4.8,-219,2608,0,0.00,0.00,0,0,0.00,0.00,0
2026-05-09 15:29:59,1,1,1,2615.8,-32,-4.4,-202,2608,0,0.00,0.00,0,0,0.00,0.00,0
2026-05-09 15:29:59,1,1,1,2615.8,-32,-4.4,-202,2608,0,0.00,0.00,0,0,0.00,0.00,0
2026-05-09 15:29:59,1,1,1,2577.9,-39,-3.9,-174,2572,0,0.00,0.00,0,0,0.00,0.00,0
2026-05-09 15:29:59,1,1,1,2577.9,-39,-3.9,-174,2572,0,0.00,0.00,0,0,0.00,0.00,0
2026-05-09 15:29:59,1,1,1,2550.2,-39,-3.3,-146,2546,0,0.00,0.00,0,0,0.00,0.00,0
2026-05-09 15:30:00,1,1,1,2516.5,0,-2.6,-113,2514,0,0.00,0.00,0,0,0.00,0.00,0
2026-05-09 15:30:00,1,1,1,2516.5,0,-2.6,-113,2514,0,0.00,0.00,0,0,0.00,0.00,0
2026-05-09 15:30:00,1,1,1,2592.6,0,-2.6,-117,2590,0,0.00,0.00,0,0,0.00,0.00,0
2026-05-09 15:30:00,1,1,1,2592.6,0,-2.6,-117,2590,0,0.00,0.00,0,0,0.00,0.00,0
2026-05-09 15:30:00,1,1,1,2634.0,-64,-2.7,-125,2631,0,0.00,0.00,0,0,0.00,0.00,0
2026-05-09 15:30:00,1,1,1,2634.0,-64,-2.7,-125,2631,0,0.00,0.00,0,0,0.00,0.00,0
2026-05-09 15:30:00,1,1,1,2649.3,0,-2.4,-111,2647,0,0.00,0.00,0,0,0.00,0.00,0
2026-05-09 15:30:00,1,1,1,2638.1,-112,-2.3,-104,2636,0,0.00,0.00,0,0,0.00,0.00,0
2026-05-09 15:30:00,1,1,1,2638.1,-112,-2.3,-104,2636,0,0.00,0.00,0,0,0.00,0.00,0
2026-05-09 15:30:00,1,1,1,2575.9,-112,-2.2,-100,2574,0,0.00,0.00,0,0,0.00,0.00,0
2026-05-09 15:30:00,1,1,1,2575.9,-112,-2.2,-100,2574,0,0.00,0.00,0,0,0.00,0.00,0
2026-05-09 15:30:00,1,1,1,2504.0,-128,-2.3,-99,2502,0,0.00,0.00,0,0,0.00,0.00,0
2026-05-09 15:30:00,1,1,1,2504.0,-128,-2.3,-99,2502,0,0.00,0.00,0,0,0.00,0.00,0
2026-05-09 15:30:00,1,1,1,2428.0,-79,-2.3,-99,2426,0,0.00,0.00,0,0,0.00,0.00,0
2026-05-09 15:30:00,1,1,1,2428.0,-79,-2.3,-99,2426,0,0.00,0.00,0,0,0.00,0.00,0
2026-05-09 15:30:00,1,1,1,2279.5,-88,-2.7,-107,2277,0,0.00,0.00,0,0,0.00,0.00,0
2026-05-09 15:30:00,1,1,1,2148.4,-88,-2.7,-101,2146,0,0.00,0.00,0,0,0.00,0.00,0
2026-05-09 15:30:00,1,1,1,2148.4,-88,-2.7,-101,2146,0,0.00,0.00,0,0,0.00,0.00,0
2026-05-09 15:30:00,1,1,1,2026.9,-96,-2.5,-88,2025,0,0.00,0.00,0,0,0.00,0.00,0
2026-05-09 15:30:00,1,1,1,2026.9,-96,-2.5,-88,2025,0,0.00,0.00,0,0,0.00,0.00,0
2026-05-09 15:30:01,1,1,1,1913.5,-104,-2.3,-77,1912,0,0.00,0.00,0,0,0.00,0.00,0
2026-05-09 15:30:01,1,1,1,1913.5,-104,-2.3,-77,1912,0,0.00,0.00,0,0,0.00,0.00,0
2026-05-09 15:30:01,1,1,1,1803.2,-104,-2.1,-65,1802,0,0.00,0.00,0,0,0.00,0.00,0
2026-05-09 15:30:01,1,1,1,1803.2,-104,-2.1,-65,1802,0,0.00,0.00,0,0,0.00,0.00,0
2026-05-09 15:30:01,1,1,1,1695.7,-88,-1.7,-50,1695,0,0.00,0.00,0,1,1.26,-0.88,64208
2026-05-09 15:30:01,1,1,1,1589.3,-79,-1.2,-32,1589,0,0.00,0.00,0,1,1.26,-0.88,64208
2026-05-09 15:30:01,1,1,1,1589.3,-79,-1.2,-32,1589,1,1.17,-0.88,64208,1,1.17,-0.88,64208
2026-05-09 15:30:01,1,1,1,1490.1,-88,-0.7,-17,1490,1,1.17,-0.88,64208,1,1.17,-0.88,64208
2026-05-09 15:30:01,1,1,1,1490.1,-88,-0.7,-17,1490,1,1.06,-0.90,64505,1,1.06,-0.90,64505
2026-05-09 15:30:01,1,1,1,1392.2,-96,-1.0,-24,1392,1,1.06,-0.90,64505,1,1.06,-0.90,64505
2026-05-09 15:30:01,1,1,1,1392.2,-96,-1.0,-24,1392,1,0.97,-0.90,64505,1,0.97,-0.90,64505
2026-05-09 15:30:01,1,1,1,1297.3,-96,-1.1,-26,1297,1,0.97,-0.90,64505,1,0.97,-0.90,64505
2026-05-09 15:30:01,1,1,1,1210.0,-112,-0.5,-10,1210,1,0.91,-0.91,21634,1,0.91,-0.91,21634
2026-05-09 15:30:01,1,1,1,1210.0,-112,-0.5,-10,1210,1,0.91,-0.91,21634,1,0.91,-0.91,21634
2026-05-09 15:30:01,1,1,1,1124.0,-79,0.2,3,1124,1,0.82,-0.86,42836,1,0.82,-0.86,42836
2026-05-09 15:30:01,1,1,1,1124.0,-79,0.2,3,1124,1,0.82,-0.86,42836,1,0.82,-0.86,42836
2026-05-09 15:30:01,1,1,1,1042.4,-79,1.6,29,1042,1,0.74,-0.82,63349,1,0.74,-0.82,63349
2026-05-09 15:30:01,1,1,1,1042.4,-79,1.6,29,1042,1,0.74,-0.82,63349,1,0.74,-0.82,63349
2026-05-09 15:30:01,1,1,1,968.1,-64,2.7,46,967,1,0.68,-0.80,7437,1,0.68,-0.80,7437
2026-05-09 15:30:01,1,1,1,968.1,-64,2.7,46,967,1,0.68,-0.80,7437,1,0.68,-0.80,7437
2026-05-09 15:30:02,1,1,1,897.9,-56,3.7,58,896,1,0.60,-0.80,7437,1,0.60,-0.80,7437
2026-05-09 15:30:02,1,1,1,831.5,-56,4.4,64,829,1,0.60,-0.80,7437,1,0.60,-0.80,7437
2026-05-09 15:30:02,1,1,1,831.5,-56,4.4,64,829,1,0.60,-0.80,7437,1,0.60,-0.80,7437
2026-05-09 15:30:02,1,1,1,750.3,-96,6.1,80,746,1,0.60,-0.80,7437,1,0.60,-0.80,7437
2026-05-09 15:30:02,1,1,1,750.3,-96,6.1,80,746,1,0.60,-0.80,7437,1,0.60,-0.80,7437
2026-05-09 15:30:02,1,1,1,675.3,-48,7.8,92,669,1,0.60,-0.80,7437,1,0.60,-0.80,7437
2026-05-09 15:30:02,1,1,1,675.3,-48,7.8,92,669,1,0.60,-0.80,7437,1,0.60,-0.80,7437
2026-05-09 15:30:02,1,1,1,612.8,-8,8.5,91,606,1,0.60,-0.80,7437,1,0.60,-0.80,7437
2026-05-09 15:30:02,1,1,1,565.0,48,7.6,75,560,1,0.60,-0.80,7437,1,0.60,-0.80,7437
2026-05-09 15:30:02,1,1,1,565.0,48,7.6,75,560,1,0.60,-0.80,7437,1,0.60,-0.80,7437
2026-05-09 15:30:02,1,1,1,543.7,32,6.7,63,540,1,0.60,-0.80,7437,1,0.60,-0.80,7437
2026-05-09 15:30:02,1,1,1,543.7,32,6.7,63,540,1,0.60,-0.80,7437,1,0.60,-0.80,7437
2026-05-09 15:30:02,1,1,1,543.2,64,5.2,49,541,1,0.57,0.74,28424,1,0.57,0.74,28424
2026-05-09 15:30:02,1,1,1,543.2,64,5.2,49,541,1,0.57,0.74,28424,1,0.57,0.74,28424
2026-05-09 15:30:02,1,1,1,560.0,96,3.4,33,559,1,0.70,0.85,51689,1,0.70,0.85,51689
2026-05-09 15:30:02,1,1,1,560.0,96,3.4,33,559,1,0.70,0.85,51689,1,0.70,0.85,51689
2026-05-09 15:30:02,1,1,1,592.2,112,1.5,16,592,1,0.79,0.89,41305,1,0.79,0.89,41305
2026-05-09 15:30:02,1,1,1,615.1,96,1.0,11,615,1,0.79,0.89,41305,1,0.79,0.89,41305
2026-05-09 15:30:02,1,1,1,615.1,96,1.0,11,615,1,0.90,0.86,11517,1,0.90,0.86,11517
2026-05-09 15:30:02,1,1,1,645.2,72,1.5,17,645,1,0.90,0.86,11517,1,0.90,0.86,11517
2026-05-09 15:30:03,1,1,1,645.2,72,1.5,17,645,1,0.98,0.83,57085,1,0.98,0.83,57085
2026-05-09 15:30:03,1,1,1,681.2,88,1.5,18,681,1,0.98,0.83,57085,1,0.98,0.83,57085
2026-05-09 15:30:03,1,1,1,681.2,88,1.5,18,681,1,1.06,0.82,54141,1,1.06,0.82,54141
2026-05-09 15:30:03,1,1,1,721.1,96,1.1,14,721,1,1.06,0.82,54141,1,1.06,0.82,54141
2026-05-09 15:30:03,1,1,1,762.1,96,1.1,14,762,1,1.17,0.85,48516,1,1.17,0.85,48516
2026-05-09 15:30:03,1,1,1,762.1,96,1.1,14,762,1,1.17,0.85,48516,1,1.17,0.85,48516
2026-05-09 15:30:03,1,1,1,852.1,119,0.7,10,852,1,1.27,0.92,59017,1,1.27,0.92,59017
2026-05-09 15:30:03,1,1,1,852.1,119,0.7,10,852,1,1.27,0.92,59017,1,1.27,0.92,59017
2026-05-09 15:30:03,1,1,1,947.0,119,0.2,4,947,1,1.36,0.92,59017,1,1.36,0.92,59017
2026-05-09 15:30:03,1,1,1,947.0,119,0.2,4,947,1,1.36,0.92,59017,1,1.36,0.92,59017
2026-05-09 15:30:03,1,1,1,1043.0,96,0.1,1,1043,1,1.46,0.93,7144,1,1.46,0.93,7144
2026-05-09 15:30:03,1,1,1,1043.0,96,0.1,1,1043,1,1.46,0.93,7144,1,1.46,0.93,7144
2026-05-09 15:30:03,1,1,1,1134.0,88,-0.3,-5,1134,1,1.56,0.93,7144,1,1.56,0.93,7144
2026-05-09 15:30:03,1,1,1,1218.2,88,-1.1,-24,1218,1,1.56,0.93,7144,1,1.56,0.93,7144
2026-05-09 15:30:03,1,1,1,1218.2,88,-1.1,-24,1218,1,1.56,0.93,7144,1,1.56,0.93,7144
2026-05-09 15:30:03,1,1,1,1301.2,88,-2.5,-56,1300,1,1.56,0.93,7144,1,1.56,0.93,7144
2026-05-09 15:30:03,1,1,1,1301.2,88,-2.5,-56,1300,1,1.56,0.93,7144,1,1.56,0.93,7144
2026-05-09 15:30:03,1,1,1,1383.8,96,-2.9,-71,1382,1,1.56,0.93,7144,1,1.56,0.93,7144
2026-05-09 15:30:03,1,1,1,1383.8,96,-2.9,-71,1382,1,1.56,0.93,7144,1,1.56,0.93,7144
2026-05-09 15:30:03,1,1,1,1470.1,112,-3.0,-78,1468,1,1.56,0.93,7144,1,1.56,0.93,7144
2026-05-09 15:30:04,1,1,1,1559.3,96,-3.1,-85,1557,1,1.56,0.93,7144,1,1.56,0.93,7144
2026-05-09 15:30:04,1,1,1,1559.3,96,-3.1,-85,1557,1,1.56,0.93,7144,1,1.56,0.93,7144
2026-05-09 15:30:04,1,1,1,1647.1,79,-2.9,-84,1645,1,1.56,0.93,7144,1,1.56,0.93,7144
2026-05-09 15:30:04,1,1,1,1647.1,79,-2.9,-84,1645,1,1.56,0.93,7144,1,1.56,0.93,7144
2026-05-09 15:30:04,1,1,1,1731.2,72,-2.9,-88,1729,1,1.56,0.93,7144,1,1.56,0.93,7144
2026-05-09 15:30:04,1,1,1,1731.2,72,-2.9,-88,1729,1,0.00,0.00,0,0,0.00,0.00,0
2026-05-09 15:30:04,1,1,1,1811.0,72,-2.7,-86,1809,1,0.00,0.00,0,0,0.00,0.00,0
2026-05-09 15:30:04,1,1,1,1811.0,72,-2.7,-86,1809,1,0.00,0.00,0,0,0.00,0.00,0
2026-05-09 15:30:04,1,1,1,1886.6,79,-2.3,-77,1885,1,0.00,0.00,0,0,0.00,0.00,0
2026-05-09 15:30:04,1,1,1,1957.4,79,-2.2,-74,1956,1,0.00,0.00,0,0,0.00,0.00,0
2026-05-09 15:30:04,1,1,1,1957.4,79,-2.2,-74,1956,0,0.00,0.00,0,0,0.00,0.00,0
2026-05-09 15:30:04,1,1,1,2023.7,64,-2.4,-84,2022,0,0.00,0.00,0,0,0.00,0.00,0
2026-05-09 15:30:04,1,1,1,2023.7,64,-2.4,-84,2022,0,0.00,0.00,0,0,0.00,0.00,0
2026-05-09 15:30:04,1,1,1,2094.1,48,-2.5,-93,2092,0,0.00,0.00,0,0,0.00,0.00,0
2026-05-09 15:30:04,1,1,1,2094.1,48,-2.5,-93,2092,0,0.00,0.00,0,0,0.00,0.00,0
2026-05-09 15:30:04,1,1,1,2152.1,39,-3.1,-116,2149,0,0.00,0.00,0,0,0.00,0.00,0
2026-05-09 15:30:04,1,1,1,2220.9,0,-3.8,-147,2216,0,0.00,0.00,0,0,0.00,0.00,0
2026-05-09 15:30:04,1,1,1,2220.9,0,-3.8,-147,2216,0,0.00,0.00,0,0,0.00,0.00,0
2026-05-09 15:30:04,1,1,1,2280.1,39,-3.8,-152,2275,0,0.00,0.00,0,0,0.00,0.00,0
2026-05-09 15:30:04,1,1,1,2280.1,39,-3.8,-152,2275,0,0.00,0.00,0,0,0.00,0.00,0
2026-05-09 15:30:05,1,1,1,2331.1,48,-3.8,-154,2326,0,0.00,0.00,0,0,0.00,0.00,0
2026-05-09 15:30:05,1,1,1,2331.1,48,-3.8,-154,2326,0,0.00,0.00,0,0,0.00,0.00,0
2026-05-09 15:30:05,1,1,1,2382.4,24,-3.5,-144,2378,0,0.00,0.00,0,0,0.00,0.00,0
2026-05-09 15:30:05,1,1,1,2382.4,24,-3.5,-144,2378,0,0.00,0.00,0,0,0.00,0.00,0
2026-05-09 15:30:05,1,1,1,2422.4,16,-3.0,-128,2419,0,0.00,0.00,0,0,0.00,0.00,0
2026-05-09 15:30:05,1,1,1,2465.8,0,-2.7,-117,2463,0,0.00,0.00,0,0,0.00,0.00,0
2026-05-09 15:30:05,1,1,1,2465.8,0,-2.7,-117,2463,0,0.00,0.00,0,0,0.00,0.00,0
2026-05-09 15:30:05,1,1,1,2518.9,0,-3.2,-140,2515,0,0.00,0.00,0,0,0.00,0.00,0
2026-05-09 15:30:05,1,1,1,2518.9,0,-3.2,-140,2515,0,0.00,0.00,0,0,0.00,0.00,0
2026-05-09 15:30:05,1,1,1,2602.5,0,-3.7,-169,2597,0,0.00,0.00,0,0,0.00,0.00,0
2026-05-09 15:30:05,1,1,1,2602.5,0,-3.7,-169,2597,0,0.00,0.00,0,0,0.00,0.00,0
2026-05-09 15:30:05,1,1,1,2668.1,-48,-4.2,-195,2661,0,0.00,0.00,0,0,0.00,0.00,0
2026-05-09 15:30:05,1,1,1,2668.1,-48,-4.2,-195,2661,0,0.00,0.00,0,0,0.00,0.00,0
2026-05-09 15:30:05,1,1,1,2675.3,-72,-4.8,-223,2666,0,0.00,0.00,0,0,0.00,0.00,0
2026-05-09 15:30:05,1,1,1,2657.7,-64,-4.9,-227,2648,0,0.00,0.00,0,0,0.00,0.00,0
2026-05-09 15:30:05,1,1,1,2657.7,-64,-4.9,-227,2648,0,0.00,0.00,0,0,0.00,0.00,0
2026-05-09 15:30:05,1,1,1,2638.4,-72,-4.8,-222,2629,0,0.00,0.00,0,0,0.00,0.00,0
2026-05-09 15:30:05,1,1,1,2638.4,-72,-4.8,-222,2629,0,0.00,0.00,0,0,0.00,0.00,0
2026-05-09 15:30:05,1,1,1,2629.4,-64,-4.8,-222,2620,0,0.00,0.00,0,0,0.00,0.00,0
2026-05-09 15:30:05,1,1,1,2629.4,-64,-4.8,-222,2620,0,0.00,0.00,0,0,0.00,0.00,0
2026-05-09 15:30:06,1,1,1,2619.7,-64,-4.9,-225,2610,0,0.00,0.00,0,0,0.00,0.00,0
2026-05-09 15:30:06,1,1,1,2608.8,-64,-5.0,-226,2599,0,0.00,0.00,0,0,0.00,0.00,0
2026-05-09 15:30:06,1,1,1,2608.8,-64,-5.0,-226,2599,0,0.00,0.00,0,0,0.00,0.00,0
2026-05-09 15:30:06,1,1,1,2593.1,-79,-4.8,-217,2584,0,0.00,0.00,0,0,0.00,0.00,0
2026-05-09 15:30:06,1,1,1,2593.1,-79,-4.8,-217,2584,0,0.00,0.00,0,0,0.00,0.00,0
2026-05-09 15:30:06,1,1,1,2575.5,-96,-4.7,-209,2567,0,0.00,0.00,0,0,0.00,0.00,0
2026-05-09 15:30:06,1,1,1,2575.5,-96,-4.7,-209,2567,0,0.00,0.00,0,0,0.00,0.00,0
2026-05-09 15:30:06,1,1,1,2555.0,-112,-4.5,-202,2547,0,0.00,0.00,0,0,0.00,0.00,0
2026-05-09 15:30:06,1,1,1,2555.0,-112,-4.5,-202,2547,0,0.00,0.00,0,0,0.00,0.00,0
2026-05-09 15:30:06,1,1,1,2493.1,-88,-4.3,-188,2486,0,0.00,0.00,0,0,0.00,0.00,0
2026-05-09 15:30:06,1,1,1,2428.3,-88,-4.1,-175,2422,0,0.00,0.00,0,0,0.00,0.00,0
2026-05-09 15:30:06,1,1,1,2428.3,-88,-4.1,-175,2422,0,0.00,0.00,0,0,0.00,0.00,0
2026-05-09 15:30:06,1,1,1,2363.3,-88,-3.8,-158,2358,0,0.00,0.00,0,0,0.00,0.00,0
2026-05-09 15:30:06,1,1,1,2363.3,-88,-3.8,-158,2358,0,0.00,0.00,0,0,0.00,0.00,0
2026-05-09 15:30:06,1,1,1,2235.5,-88,-3.6,-141,2231,0,0.00,0.00,0,0,0.00,0.00,0
2026-05-09 15:30:06,1,1,1,2235.5,-88,-3.6,-141,2231,0,0.00,0.00,0,0,0.00,0.00,0
2026-05-09 15:30:06,1,1,1,2118.6,-96,-3.8,-140,2114,0,0.00,0.00,0,0,0.00,0.00,0
2026-05-09 15:30:06,1,1,1,2006.8,-112,-3.5,-124,2003,0,0.00,0.00,0,0,0.00,0.00,0
2026-05-09 15:30:06,1,1,1,2006.8,-112,-3.5,-124,2003,0,0.00,0.00,0,0,0.00,0.00,0
2026-05-09 15:30:06,1,1,1,1899.6,-104,-3.0,-99,1897,0,0.00,0.00,0,0,0.00,0.00,0
2026-05-09 15:30:07,1,1,1,1899.6,-104,-3.0,-99,1897,0,0.00,0.00,0,0,0.00,0.00,0
2026-05-09 15:30:07,1,1,1,1796.6,-88,-2.4,-76,1795,0,0.00,0.00,0,0,0.00,0.00,0
2026-05-09 15:30:07,1,1,1,1796.6,-88,-2.4,-76,1795,0,0.00,0.00,0,0,0.00,0.00,0
2026-05-09 15:30:07,1,1,1,1699.5,-79,-1.4,-43,1699,0,0.00,0.00,0,0,0.00,0.00,0
2026-05-09 15:30:07,1,1,1,1699.5,-79,-1.4,-43,1699,0,0.00,0.00,0,0,0.00,0.00,0
2026-05-09 15:30:07,1,1,1,1611.0,-96,0.1,4,1611,0,0.00,0.00,0,0,0.00,0.00,0
2026-05-09 15:30:07,1,1,1,1528.5,-88,1.5,40,1528,0,0.00,0.00,0,0,0.00,0.00,0
2026-05-09 15:30:07,1,1,1,1528.5,-88,1.5,40,1528,0,0.00,0.00,0,0,0.00,0.00,0
2026-05-09 15:30:07,1,1,1,1441.7,-96,1.8,46,1441,0,0.00,0.00,0,0,0.00,0.00,0
2026-05-09 15:30:07,1,1,1,1441.7,-96,1.8,46,1441,0,0.00,0.00,0,0,0.00,0.00,0
2026-05-09 15:30:07,1,1,1,1362.0,-88,2.2,52,1361,0,0.00,0.00,0,0,0.00,0.00,0
2026-05-09 15:30:07,1,1,1,1362.0,-88,2.2,52,1361,0,0.00,0.00,0,0,0.00,0.00,0
2026-05-09 15:30:07,1,1,1,1283.9,-79,2.1,48,1283,0,0.00,0.00,0,0,0.00,0.00,0
2026-05-09 15:30:07,1,1,1,1195.0,-72,2.4,50,1194,0,0.00,0.00,0,0,0.00,0.00,0
2026-05-09 15:30:07,1,1,1,1195.0,-72,2.4,50,1194,0,0.00,0.00,0,0,0.00,0.00,0
2026-05-09 15:30:07,1,1,1,1112.4,-64,2.8,55,1111,0,0.00,0.00,0,0,0.00,0.00,0
2026-05-09 15:30:07,1,1,1,1112.4,-64,2.8,55,1111,0,0.00,0.00,0,0,0.00,0.00,0
2026-05-09 15:30:07,1,1,1,1035.1,-56,2.7,48,1034,0,0.00,0.00,0,0,0.00,0.00,0
2026-05-09 15:30:07,1,1,1,1035.1,-56,2.7,48,1034,0,0.00,0.00,0,1,0.75,-0.48,29937
2026-05-09 15:30:07,1,1,1,963.1,-72,2.7,45,962,0,0.00,0.00,0,1,0.75,-0.48,29937
2026-05-09 15:30:08,1,1,1,963.1,-72,2.7,45,962,1,0.70,-0.48,29937,1,0.70,-0.48,29937
2026-05-09 15:30:08,1,1,1,892.9,-72,2.6,41,892,1,0.70,-0.48,29937,1,0.70,-0.48,29937
2026-05-09 15:30:08,1,1,1,814.7,-128,3.7,53,813,1,0.54,-0.93,2404,1,0.54,-0.93,2404
2026-05-09 15:30:08,1,1,1,814.7,-128,3.7,53,813,1,0.54,-0.93,2404,1,0.54,-0.93,2404
2026-05-09 15:30:08,1,1,1,730.1,-104,5.3,67,727,1,0.45,-0.93,2404,1,0.45,-0.93,2404
2026-05-09 15:30:08,1,1,1,730.1,-104,5.3,67,727,1,0.45,-0.93,2404,1,0.45,-0.93,2404
2026-05-09 15:30:08,1,1,1,654.1,-48,6.4,73,650,1,0.45,-0.93,2404,1,0.45,-0.93,2404
2026-05-09 15:30:08,1,1,1,654.1,-48,6.4,73,650,0,0.00,0.00,0,1,0.45,-0.93,2404
2026-05-09 15:30:08,1,1,1,593.2,16,6.0,62,590,0,0.00,0.00,0,1,0.45,-0.93,2404
2026-05-09 15:30:08,1,1,1,551.5,64,4.3,41,550,0,0.00,0.00,0,1,0.45,-0.93,2404
2026-05-09 15:30:08,1,1,1,551.5,64,4.3,41,550,0,0.00,0.00,0,1,0.45,-0.93,2404
2026-05-09 15:30:08,1,1,1,539.5,48,2.4,23,539,0,0.00,0.00,0,1,0.45,-0.93,2404
2026-05-09 15:30:08,1,1,1,539.5,48,2.4,23,539,0,0.00,0.00,0,1,0.55,0.78,56968
2026-05-09 15:30:08,1,1,1,550.0,79,0.7,7,550,0,0.00,0.00,0,1,0.55,0.78,56968
2026-05-09 15:30:08,1,1,1,550.0,79,0.7,7,550,1,0.69,0.87,32769,1,0.69,0.87,32769
2026-05-09 15:30:08,1,1,1,567.3,112,-1.8,-18,567,1,0.69,0.87,32769,1,0.69,0.87,32769
2026-05-09 15:30:08,1,1,1,567.3,112,-1.8,-18,567,1,0.78,0.87,32769,1,0.78,0.87,32769
2026-05-09 15:30:08,1,1,1,603.8,88,-3.0,-32,603,1,0.78,0.87,32769,1,0.78,0.87,32769
2026-05-09 15:30:08,1,1,1,628.7,72,-2.7,-30,628,1,0.90,0.83,41498,1,0.90,0.83,41498
2026-05-09 15:30:08,1,1,1,628.7,72,-2.7,-30,628,1,0.90,0.83,41498,1,0.90,0.83,41498
2026-05-09 15:30:09,1,1,1,660.8,79,-2.9,-33,660,1,0.99,0.83,41498,1,0.99,0.83,41498
2026-05-09 15:30:09,1,1,1,660.8,79,-2.9,-33,660,1,0.99,0.83,41498,1,0.99,0.83,41498
2026-05-09 15:30:09,1,1,1,696.4,72,-1.9,-23,696,1,1.06,0.86,52706,1,1.06,0.86,52706
2026-05-09 15:30:09,1,1,1,696.4,72,-1.9,-23,696,1,1.06,0.86,52706,1,1.06,0.86,52706
2026-05-09 15:30:09,1,1,1,736.2,88,-1.3,-17,736,1,1.17,0.89,7466,1,1.17,0.89,7466
2026-05-09 15:30:09,1,1,1,778.2,96,-1.3,-17,778,1,1.17,0.89,7466,1,1.17,0.89,7466
2026-05-09 15:30:09,1,1,1,778.2,96,-1.3,-17,778,1,1.29,0.97,50852,1,1.29,0.97,50852
2026-05-09 15:30:09,1,1,1,867.3,104,-1.4,-21,867,1,1.29,0.97,50852,1,1.29,0.97,50852
2026-05-09 15:30:09,1,1,1,867.3,104,-1.4,-21,867,1,1.38,0.97,2837,1,1.38,0.97,2837
2026-05-09 15:30:09,1,1,1,959.6,96,-2.0,-34,959,1,1.38,0.97,2837,1,1.38,0.97,2837
2026-05-09 15:30:09,1,1,1,959.6,96,-2.0,-34,959,1,1.48,0.97,2837,1,1.48,0.97,2837
2026-05-09 15:30:09,1,1,1,1050.0,88,-2.5,-46,1049,1,1.48,0.97,2837,1,1.48,0.97,2837
2026-05-09 15:30:09,1,1,1,1050.0,88,-2.5,-46,1049,1,1.48,0.97,2837,1,1.48,0.97,2837
2026-05-09 15:30:09,1,1,1,1137.4,88,-2.8,-56,1136,0,0.00,0.00,0,1,1.48,0.97,2837
2026-05-09 15:30:09,1,1,1,1220.8,79,-2.0,-43,1220,0,0.00,0.00,0,1,1.48,0.97,2837
2026-05-09 15:30:09,1,1,1,1220.8,79,-2.0,-43,1220,0,0.00,0.00,0,1,1.48,0.97,2837
2026-05-09 15:30:09,1,1,1,1305.5,96,-1.6,-37,1305,0,0.00,0.00,0,1,1.48,0.97,2837
2026-05-09 15:30:09,1,1,1,1305.5,96,-1.6,-37,1305,0,0.00,0.00,0,1,1.48,0.97,2837
2026-05-09 15:30:09,1,1,1,1390.5,104,-1.5,-36,1390,0,0.00,0.00,0,1,1.48,0.97,2837
2026-05-09 15:30:09,1,1,1,1390.5,104,-1.5,-36,1390,0,0.00,0.00,0,1,1.48,0.97,2837
2026-05-09 15:30:10,1,1,1,1471.5,96,-1.5,-39,1471,0,0.00,0.00,0,1,1.48,0.97,2837
2026-05-09 15:30:10,1,1,1,1471.5,96,-1.5,-39,1471,0,0.00,0.00,0,1,1.48,0.97,2837
2026-05-09 15:30:10,1,1,1,1552.7,79,-1.7,-45,1552,0,0.00,0.00,0,1,1.48,0.97,2837
2026-05-09 15:30:10,1,1,1,1630.9,79,-1.9,-53,1630,0,0.00,0.00,0,0,0.00,0.00,0
2026-05-09 15:30:10,1,1,1,1630.9,79,-1.9,-53,1630,0,0.00,0.00,0,0,0.00,0.00,0
2026-05-09 15:30:10,1,1,1,1704.2,79,-2.2,-64,1703,0,0.00,0.00,0,0,0.00,0.00,0
2026-05-09 15:30:10,1,1,1,1704.2,79,-2.2,-64,1703,0,0.00,0.00,0,0,0.00,0.00,0
2026-05-09 15:30:10,1,1,1,1781.2,79,-2.1,-66,1780,0,0.00,0.00,0,0,0.00,0.00,0
2026-05-09 15:30:10,1,1,1,1781.2,79,-2.1,-66,1780,0,0.00,0.00,0,0,0.00,0.00,0
2026-05-09 15:30:10,1,1,1,1857.8,72,-2.5,-81,1856,0,0.00,0.00,0,0,0.00,0.00,0
2026-05-09 15:30:10,1,1,1,1938.6,79,-2.3,-79,1937,0,0.00,0.00,0,0,0.00,0.00,0
2026-05-09 15:30:10,1,1,1,1938.6,79,-2.3,-79,1937,0,0.00,0.00,0,0,0.00,0.00,0
2026-05-09 15:30:10,1,1,1,2033.5,0,-2.2,-79,2032,0,0.00,0.00,0,0,0.00,0.00,0
2026-05-09 15:30:10,1,1,1,2033.5,0,-2.2,-79,2032,0,0.00,0.00,0,0,0.00,0.00,0
2026-05-09 15:30:10,1,1,1,2104.9,48,-2.4,-89,2103,0,0.00,0.00,0,0,0.00,0.00,0
2026-05-09 15:30:10,1,1,1,2104.9,48,-2.4,-89,2103,0,0.00,0.00,0,0,0.00,0.00,0
2026-05-09 15:30:10,1,1,1,2191.9,0,-2.9,-112,2189,0,0.00,0.00,0,0,0.00,0.00,0
2026-05-09 15:30:10,1,1,1,2191.9,0,-2.9,-112,2189,0,0.00,0.00,0,0,0.00,0.00,0
2026-05-09 15:30:10,1,1,1,2319.2,0,-4.2,-170,2313,0,0.00,0.00,0,0,0.00,0.00,0
2026-05-09 15:30:10,1,1,1,2432.2,56,-5.3,-223,2422,0,0.00,0.00,0,0,0.00,0.00,0
2026-05-09 15:30:11,1,1,1,2432.2,56,-5.3,-223,2422,0,0.00,0.00,0,0,0.00,0.00,0
2026-05-09 15:30:11,1,1,1,2470.7,39,-5.3,-230,2460,0,0.00,0.00,0,0,0.00,0.00,0
2026-05-09 15:30:11,1,1,1,2470.7,39,-5.3,-230,2460,0,0.00,0.00,0,0,0.00,0.00,0
2026-05-09 15:30:11,1,1,1,2485.5,32,-5.3,-228,2475,0,0.00,0.00,0,0,0.00,0.00,0
2026-05-09 15:30:11,1,1,1,2485.5,32,-5.3,-228,2475,0,0.00,0.00,0,0,0.00,0.00,0
2026-05-09 15:30:11,1,1,1,2499.7,16,-4.8,-208,2491,0,0.00,0.00,0,0,0.00,0.00,0
2026-05-09 15:30:11,1,1,1,2517.6,0,-4.5,-196,2510,0,0.00,0.00,0,0,0.00,0.00,0
2026-05-09 15:30:11,1,1,1,2517.6,0,-4.5,-196,2510,0,0.00,0.00,0,0,0.00,0.00,0
2026-05-09 15:30:11,1,1,1,2516.3,-8,-3.7,-164,2511,0,0.00,0.00,0,0,0.00,0.00,0
2026-05-09 15:30:11,1,1,1,2516.3,-8,-3.7,-164,2511,0,0.00,0.00,0,0,0.00,0.00,0
2026-05-09 15:30:11,1,1,1,2518.5,0,-3.4,-150,2514,0,0.00,0.00,0,0,0.00,0.00,0
2026-05-09 15:30:11,1,1,1,2518.5,0,-3.4,-150,2514,0,0.00,0.00,0,0,0.00,0.00,0
2026-05-09 15:30:11,1,1,1,2516.8,-56,-3.2,-139,2513,0,0.00,0.00,0,0,0.00,0.00,0
2026-05-09 15:30:11,1,1,1,2516.8,-56,-3.2,-139,2513,0,0.00,0.00,0,0,0.00,0.00,0
2026-05-09 15:30:11,1,1,1,2510.5,-64,-3.0,-132,2507,0,0.00,0.00,0,0,0.00,0.00,0
2026-05-09 15:30:11,1,1,1,2502.2,-48,-2.9,-126,2499,0,0.00,0.00,0,0,0.00,0.00,0
2026-05-09 15:30:11,1,1,1,2502.2,-48,-2.9,-126,2499,0,0.00,0.00,0,0,0.00,0.00,0
2026-05-09 15:30:11,1,1,1,2497.8,-64,-2.7,-119,2495,0,0.00,0.00,0,0,0.00,0.00,0
2026-05-09 15:30:11,1,1,1,2497.8,-64,-2.7,-119,2495,0,0.00,0.00,0,0,0.00,0.00,0
2026-05-09 15:30:11,1,1,1,2488.7,-64,-2.7,-116,2486,0,0.00,0.00,0,0,0.00,0.00,0
2026-05-09 15:30:12,1,1,1,2488.7,-64,-2.7,-116,2486,0,0.00,0.00,0,0,0.00,0.00,0
2026-05-09 15:30:12,1,1,1,2471.2,-72,-2.4,-104,2469,0,0.00,0.00,0,0,0.00,0.00,0
2026-05-09 15:30:12,1,1,1,2445.9,-79,-2.3,-97,2444,0,0.00,0.00,0,0,0.00,0.00,0
2026-05-09 15:30:12,1,1,1,2445.9,-79,-2.3,-97,2444,0,0.00,0.00,0,0,0.00,0.00,0
2026-05-09 15:30:12,1,1,1,2414.9,-104,-2.3,-96,2413,0,0.00,0.00,0,0,0.00,0.00,0
2026-05-09 15:30:12,1,1,1,2414.9,-104,-2.3,-96,2413,0,0.00,0.00,0,0,0.00,0.00,0
2026-05-09 15:30:12,1,1,1,2377.0,-79,-2.4,-98,2375,0,0.00,0.00,0,0,0.00,0.00,0
2026-05-09 15:30:12,1,1,1,2377.0,-79,-2.4,-98,2375,0,0.00,0.00,0,0,0.00,0.00,0
2026-05-09 15:30:12,1,1,1,2336.2,-72,-2.5,-102,2334,0,0.00,0.00,0,0,0.00,0.00,0
2026-05-09 15:30:12,1,1,1,2336.2,-72,-2.5,-102,2334,0,0.00,0.00,0,0,0.00,0.00,0
2026-05-09 15:30:12,1,1,1,2251.5,-72,-2.7,-106,2249,0,0.00,0.00,0,0,0.00,0.00,0
2026-05-09 15:30:12,1,1,1,2168.9,-79,-3.0,-112,2166,0,0.00,0.00,0,0,0.00,0.00,0
2026-05-09 15:30:12,1,1,1,2168.9,-79,-3.0,-112,2166,0,0.00,0.00,0,0,0.00,0.00,0
2026-05-09 15:30:12,1,1,1,2091.8,-88,-3.5,-126,2088,0,0.00,0.00,0,0,0.00,0.00,0
2026-05-09 15:30:12,1,1,1,2091.8,-88,-3.5,-126,2088,0,0.00,0.00,0,0,0.00,0.00,0
2026-05-09 15:30:12,1,1,1,2021.6,-79,-3.4,-121,2018,0,0.00,0.00,0,0,0.00,0.00,0
2026-05-09 15:30:12,1,1,1,2021.6,-79,-3.4,-121,2018,0,0.00,0.00,0,0,0.00,0.00,0
2026-05-09 15:30:12,1,1,1,1936.0,-104,-3.7,-124,1932,0,0.00,0.00,0,0,0.00,0.00,0
2026-05-09 15:30:12,1,1,1,1857.1,-119,-3.3,-107,1854,0,0.00,0.00,0,0,0.00,0.00,0
2026-05-09 15:30:12,1,1,1,1857.1,-119,-3.3,-107,1854,0,0.00,0.00,0,0,0.00,0.00,0
2026-05-09 15:30:13,1,1,1,1782.3,-72,-2.9,-91,1780,0,0.00,0.00,0,0,0.00,0.00,0
2026-05-09 15:30:13,1,1,1,1782.3,-72,-2.9,-91,1780,0,0.00,0.00,0,0,0.00,0.00,0
2026-05-09 15:30:13,1,1,1,1711.4,-88,-2.3,-69,1710,0,0.00,0.00,0,0,0.00,0.00,0
2026-05-09 15:30:13,1,1,1,1711.4,-88,-2.3,-69,1710,0,0.00,0.00,0,0,0.00,0.00,0
2026-05-09 15:30:13,1,1,1,1646.9,-88,-1.8,-53,1646,0,0.00,0.00,0,0,0.00,0.00,0
2026-05-09 15:30:13,1,1,1,1646.9,-88,-1.8,-53,1646,0,0.00,0.00,0,0,0.00,0.00,0
2026-05-09 15:30:13,1,1,1,1569.6,-96,-1.5,-42,1569,0,0.00,0.00,0,0,0.00,0.00,0
2026-05-09 15:30:13,1,1,1,1487.5,-96,-1.5,-40,1487,0,0.00,0.00,0,0,0.00,0.00,0
2026-05-09 15:30:13,1,1,1,1487.5,-96,-1.5,-40,1487,0,0.00,0.00,0,1,3.25,-0.06,1613
2026-05-09 15:30:13,1,1,1,1401.8,-104,-1.9,-46,1401,0,0.00,0.00,0,1,3.25,-0.06,1613
2026-05-09 15:30:13,1,1,1,1401.8,-104,-1.9,-46,1401,0,0.00,0.00,0,1,3.25,-0.06,1613
2026-05-09 15:30:13,1,1,1,1323.4,-79,-1.4,-33,1323,0,0.00,0.00,0,1,3.25,-0.06,1613
2026-05-09 15:30:13,1,1,1,1323.4,-79,-1.4,-33,1323,0,0.00,0.00,0,1,3.25,-0.06,1613
2026-05-09 15:30:13,1,1,1,1249.3,-72,-1.2,-27,1249,0,0.00,0.00,0,1,3.25,-0.06,1613
2026-05-09 15:30:13,1,1,1,1177.2,-79,-1.1,-23,1177,0,0.00,0.00,0,1,3.25,-0.06,1613
2026-05-09 15:30:13,1,1,1,1177.2,-79,-1.1,-23,1177,0,0.00,0.00,0,1,3.25,-0.06,1613
2026-05-09 15:30:13,1,1,1,1103.3,-64,-1.3,-25,1103,0,0.00,0.00,0,1,3.25,-0.06,1613
2026-05-09 15:30:13,1,1,1,1103.3,-64,-1.3,-25,1103,0,0.00,0.00,0,1,3.25,-0.06,1613
2026-05-09 15:30:13,1,1,1,1032.4,-64,-1.5,-27,1032,0,0.00,0.00,0,1,1.00,-0.70,41898
2026-05-09 15:30:13,1,1,1,1032.4,-64,-1.5,-27,1032,0,0.00,0.00,0,1,1.00,-0.70,41898
2026-05-09 15:30:14,1,1,1,963.3,-79,-1.3,-22,963,1,0.84,-0.71,64841,1,0.84,-0.71,64841
2026-05-09 15:30:14,1,1,1,963.3,-79,-1.3,-22,963,1,0.84,-0.71,64841,1,0.84,-0.71,64841
2026-05-09 15:30:14,1,1,1,898.1,-56,-0.7,-11,898,1,0.77,-0.71,64841,1,0.77,-0.71,64841
2026-05-09 15:30:14,1,1,1,821.2,-96,1.4,20,821,1,0.77,-0.71,64841,1,0.77,-0.71,64841
2026-05-09 15:30:14,1,1,1,821.2,-96,1.4,20,821,1,0.64,-0.72,35297,1,0.64,-0.72,35297
2026-05-09 15:30:14,1,1,1,743.3,-79,4.5,58,741,1,0.64,-0.72,35297,1,0.64,-0.72,35297
2026-05-09 15:30:14,1,1,1,743.3,-79,4.5,58,741,1,0.57,-0.72,35297,1,0.57,-0.72,35297
2026-05-09 15:30:14,1,1,1,671.9,-48,7.6,89,666,1,0.57,-0.72,35297,1,0.57,-0.72,35297
2026-05-09 15:30:14,1,1,1,671.9,-48,7.6,89,666,1,0.57,-0.72,35297,1,0.57,-0.72,35297
2026-05-09 15:30:14,1,1,1,622.1,0,9.8,106,613,1,0.57,-0.72,35297,1,0.57,-0.72,35297
2026-05-09 15:30:14,1,1,1,622.1,0,9.8,106,613,1,0.57,-0.72,35297,1,0.57,-0.72,35297
2026-05-09 15:30:14,1,1,1,581.7,39,10.5,106,572,1,0.57,-0.72,35297,1,0.57,-0.72,35297
2026-05-09 15:30:14,1,1,1,556.3,64,9.3,90,549,1,0.51,0.71,54948,1,0.51,0.71,54948
2026-05-09 15:30:14,1,1,1,556.3,64,9.3,90,549,1,0.51,0.71,54948,1,0.51,0.71,54948
2026-05-09 15:30:14,1,1,1,549.2,79,7.1,68,545,1,0.68,0.72,17929,1,0.68,0.72,17929
2026-05-09 15:30:14,1,1,1,549.2,79,7.1,68,545,1,0.68,0.72,17929,1,0.68,0.72,17929
2026-05-09 15:30:14,1,1,1,568.0,79,4.8,48,566,1,0.76,0.72,17929,1,0.76,0.72,17929
2026-05-09 15:30:14,1,1,1,568.0,79,4.8,48,566,1,0.76,0.72,17929,1,0.76,0.72,17929
2026-05-09 15:30:14,1,1,1,583.1,88,3.4,35,582,1,0.76,0.72,17929,1,0.76,0.72,17929
2026-05-09 15:30:14,1,1,1,607.6,64,2.5,26,607,1,0.76,0.72,17929,1,0.76,0.72,17929
2026-05-09 15:30:15,1,1,1,607.6,64,2.5,26,607,1,0.76,0.72,17929,1,0.76,0.72,17929
2026-05-09 15:30:15,1,1,1,640.3,72,1.6,18,640,1,0.76,0.72,17929,1,0.76,0.72,17929
2026-05-09 15:30:15,1,1,1,640.3,72,1.6,18,640,1,0.76,0.72,17929,1,0.76,0.72,17929
2026-05-09 15:30:15,1,1,1,677.1,79,1.0,12,677,1,0.76,0.72,17929,1,0.76,0.72,17929
2026-05-09 15:30:15,1,1,1,677.1,79,1.0,12,677,1,0.76,0.72,17929,1,0.76,0.72,17929
2026-05-09 15:30:15,1,1,1,759.4,72,1.8,24,759,1,0.76,0.72,17929,1,0.76,0.72,17929
2026-05-09 15:30:15,1,1,1,759.4,72,1.8,24,759,1,0.76,0.72,17929,1,0.76,0.72,17929
2026-05-09 15:30:15,1,1,1,839.3,112,1.6,23,839,1,0.76,0.72,17929,1,0.76,0.72,17929
2026-05-09 15:30:15,1,1,1,923.2,88,1.2,19,923,1,0.76,0.72,17929,1,0.76,0.72,17929
2026-05-09 15:30:15,1,1,1,923.2,88,1.2,19,923,1,0.00,0.00,0,0,0.00,0.00,0
2026-05-09 15:30:25,1,1,1,1450.0,-88,0.1,3,1450,0,0.00,0.00,0,1,1.03,-0.95,2640
2026-05-09 15:30:25,1,1,1,1366.1,-104,0.5,12,1366,0,0.00,0.00,0,1,1.03,-0.95,2640
2026-05-09 15:30:25,1,1,1,1366.1,-104,0.5,12,1366,0,0.00,0.00,0,1,0.99,-0.92,49381
2026-05-09 15:30:25,1,1,1,1283.1,-79,0.8,17,1283,0,0.00,0.00,0,1,0.99,-0.92,49381
2026-05-09 15:30:25,1,1,1,1283.1,-79,0.8,17,1283,1,0.90,-0.92,49381,1,0.90,-0.92,49381
2026-05-09 15:30:25,1,1,1,1201.1,-64,0.7,14,1201,1,0.90,-0.92,49381,1,0.90,-0.92,49381
2026-05-09 15:30:25,1,1,1,1201.1,-64,0.7,14,1201,1,0.90,-0.92,49381,1,0.90,-0.92,49381
2026-05-09 15:30:25,1,1,1,1120.0,-56,0.4,7,1120,1,0.90,-0.92,49381,1,0.90,-0.92,49381
2026-05-09 15:30:25,1,1,1,1040.0,-56,0.1,1,1040,1,0.90,-0.92,49381,1,0.90,-0.92,49381
2026-05-09 15:30:25,1,1,1,1040.0,-56,0.1,1,1040,1,0.90,-0.92,49381,1,0.90,-0.92,49381
2026-05-09 15:30:26,1,1,1,966.0,-64,0.1,2,966,1,0.90,-0.92,49381,1,0.90,-0.92,49381
2026-05-09 15:30:26,1,1,1,966.0,-64,0.1,2,966,1,0.90,-0.92,49381,1,0.90,-0.92,49381
2026-05-09 15:30:26,1,1,1,896.1,-64,0.8,12,896,1,0.84,-0.48,42669,1,0.84,-0.48,42669
2026-05-09 15:30:26,1,1,1,896.1,-64,0.8,12,896,1,0.84,-0.48,42669,1,0.84,-0.48,42669
2026-05-09 15:30:26,1,1,1,831.5,-39,1.9,28,831,1,0.64,-0.73,40906,1,0.64,-0.73,40906
2026-05-09 15:30:26,1,1,1,767.3,-39,3.4,45,766,1,0.64,-0.73,40906,1,0.64,-0.73,40906
2026-05-09 15:30:26,1,1,1,767.3,-39,3.4,45,766,1,0.57,-0.73,40906,1,0.57,-0.73,40906
2026-05-09 15:30:26,1,1,1,695.3,-72,5.6,68,692,1,0.57,-0.73,40906,1,0.57,-0.73,40906
2026-05-09 15:30:26,1,1,1,695.3,-72,5.6,68,692,1,0.57,-0.73,40906,1,0.57,-0.73,40906
2026-05-09 15:30:26,1,1,1,628.1,-24,8.0,87,622,1,0.57,-0.73,40906,1,0.57,-0.73,40906
2026-05-09 15:30:26,1,1,1,628.1,-24,8.0,87,622,1,0.57,-0.73,40906,1,0.57,-0.73,40906
2026-05-09 15:30:26,1,1,1,580.8,24,9.4,95,573,1,0.57,-0.73,40906,1,0.57,-0.73,40906
2026-05-09 15:30:26,1,1,1,580.8,24,9.4,95,573,1,0.50,0.70,63706,1,0.50,0.70,63706
2026-05-09 15:30:26,1,1,1,542.9,56,9.8,92,535,1,0.50,0.70,63706,1,0.50,0.70,63706
2026-05-09 15:30:26,1,1,1,520.4,88,8.3,75,515,1,0.54,0.82,4618,1,0.54,0.82,4618
2026-05-09 15:30:26,1,1,1,520.4,88,8.3,75,515,1,0.54,0.82,4618,1,0.54,0.82,4618
2026-05-09 15:30:26,1,1,1,530.0,79,7.0,65,526,1,0.63,0.82,4618,1,0.63,0.82,4618
2026-05-09 15:30:26,1,1,1,530.0,79,7.0,65,526,1,0.63,0.82,4618,1,0.63,0.82,4618
2026-05-09 15:30:26,1,1,1,574.4,56,7.1,71,570,1,0.63,0.82,4618,1,0.63,0.82,4618
2026-05-09 15:30:26,1,1,1,574.4,56,7.1,71,570,1,0.63,0.82,4618,1,0.63,0.82,4618
2026-05-09 15:30:27,1,1,1,583.3,64,7.0,71,579,1,0.63,0.82,4618,1,0.63,0.82,4618
2026-05-09 15:30:27,1,1,1,583.3,64,7.0,71,579,1,0.63,0.82,4618,1,0.63,0.82,4618
2026-05-09 15:30:27,1,1,1,594.1,64,6.8,70,590,1,0.63,0.82,4618,1,0.63,0.82,4618
2026-05-09 15:30:27,1,1,1,607.0,72,6.6,70,603,1,0.63,0.82,4618,1,0.63,0.82,4618
2026-05-09 15:30:27,1,1,1,607.0,72,6.6,70,603,1,1.00,0.95,51373,1,1.00,0.95,51373
2026-05-09 15:30:27,1,1,1,620.6,79,6.2,67,617,1,1.00,0.95,51373,1,1.00,0.95,51373
2026-05-09 15:30:27,1,1,1,620.6,79,6.2,67,617,1,1.09,0.95,51373,1,1.09,0.95,51373
2026-05-09 15:30:27,1,1,1,636.3,88,5.9,65,633,1,1.09,0.95,51373,1,1.09,0.95,51373
2026-05-09 15:30:27,1,1,1,636.3,88,5.9,65,633,1,1.09,0.95,51373,1,1.09,0.95,51373
2026-05-09 15:30:27,1,1,1,655.0,96,5.5,63,652,1,1.09,0.95,51373,1,1.09,0.95,51373
2026-05-09 15:30:27,1,1,1,712.9,79,5.2,64,710,1,1.09,0.95,51373,1,1.09,0.95,51373
2026-05-09 15:30:27,1,1,1,712.9,79,5.2,64,710,1,1.09,0.95,51373,1,1.09,0.95,51373
2026-05-09 15:30:27,1,1,1,772.7,79,4.8,64,770,1,1.49,0.76,48530,1,1.49,0.76,48530
2026-05-09 15:30:27,1,1,1,772.7,79,4.8,64,770,1,1.49,0.76,48530,1,1.49,0.76,48530
2026-05-09 15:30:27,1,1,1,834.2,79,4.1,60,832,1,1.53,0.77,3240,1,1.53,0.77,3240
2026-05-09 15:30:27,1,1,1,834.2,79,4.1,60,832,1,1.53,0.77,3240,1,1.53,0.77,3240
2026-05-09 15:30:27,1,1,1,949.1,79,3.8,63,947,1,1.61,0.77,3240,1,1.61,0.77,3240
2026-05-09 15:30:27,1,1,1,949.1,79,3.8,63,947,1,1.61,0.77,3240,1,1.61,0.77,3240
2026-05-09 15:30:27,1,1,1,1052.1,88,2.6,48,1051,1,1.61,0.77,3240,1,1.61,0.77,3240
2026-05-09 15:30:27,1,1,1,1158.7,104,2.0,41,1158,1,1.61,0.77,3240,1,1.61,0.77,3240
2026-05-09 15:30:28,1,1,1,1158.7,104,2.0,41,1158,1,1.61,0.77,3240,1,1.61,0.77,3240
2026-05-09 15:30:28,1,1,1,1267.7,96,1.9,42,1267,1,1.61,0.77,3240,1,1.61,0.77,3240
2026-05-09 15:30:28,1,1,1,1267.7,96,1.9,42,1267,1,1.61,0.77,3240,1,1.61,0.77,3240
2026-05-09 15:30:28,1,1,1,1369.6,79,1.7,41,1369,1,1.61,0.77,3240,1,1.61,0.77,3240
2026-05-09 15:30:28,1,1,1,1369.6,79,1.7,41,1369,1,1.61,0.77,3240,1,1.61,0.77,3240
2026-05-09 15:30:28,1,1,1,1464.0,79,2.1,54,1463,1,1.61,0.77,3240,1,1.61,0.77,3240
2026-05-09 15:30:28,1,1,1,1547.2,79,2.3,61,1546,1,1.61,0.77,3240,1,1.61,0.77,3240
2026-05-09 15:30:28,1,1,1,1547.2,79,2.3,61,1546,1,1.61,0.77,3240,1,1.61,0.77,3240
2026-05-09 15:30:28,1,1,1,1628.2,88,2.2,62,1627,1,1.61,0.77,3240,1,1.61,0.77,3240
2026-05-09 15:30:28,1,1,1,1628.2,88,2.2,62,1627,1,0.00,0.00,0,0,0.00,0.00,0
2026-05-09 15:30:28,1,1,1,1710.3,88,2.2,66,1709,1,0.00,0.00,0,0,0.00,0.00,0
2026-05-09 15:30:28,1,1,1,1710.3,88,2.2,66,1709,1,0.00,0.00,0,0,0.00,0.00,0
2026-05-09 15:30:28,1,1,1,1787.6,79,1.5,48,1787,1,0.00,0.00,0,0,0.00,0.00,0
2026-05-09 15:30:28,1,1,1,1787.6,79,1.5,48,1787,1,0.00,0.00,0,0,0.00,0.00,0
2026-05-09 15:30:28,1,1,1,1867.5,88,1.3,41,1867,0,0.00,0.00,0,0,0.00,0.00,0
2026-05-09 15:30:28,1,1,1,1939.0,56,0.4,12,1939,0,0.00,0.00,0,0,0.00,0.00,0
2026-05-09 15:30:28,1,1,1,1939.0,56,0.4,12,1939,0,0.00,0.00,0,0,0.00,0.00,0
2026-05-09 15:30:28,1,1,1,2004.1,39,-0.5,-17,2004,0,0.00,0.00,0,0,0.00,0.00,0
2026-05-09 15:30:28,1,1,1,2004.1,39,-0.5,-17,2004,0,0.00,0.00,0,0,0.00,0.00,0
2026-05-09 15:30:28,1,1,1,2074.3,96,-0.9,-33,2074,0,0.00,0.00,0,0,0.00,0.00,0
2026-05-09 15:30:29,1,1,1,2074.3,96,-0.9,-33,2074,0,0.00,0.00,0,0,0.00,0.00,0
2026-05-09 15:30:29,1,1,1,2163.7,0,-1.5,-56,2163,0,0.00,0.00,0,0,0.00,0.00,0
2026-05-09 15:30:29,1,1,1,2322.3,0,-2.6,-104,2320,0,0.00,0.00,0,0,0.00,0.00,0
2026-05-09 15:30:29,1,1,1,2322.3,0,-2.6,-104,2320,0,0.00,0.00,0,0,0.00,0.00,0
2026-05-09 15:30:29,1,1,1,2464.4,32,-3.4,-147,2460,0,0.00,0.00,0,0,0.00,0.00,0
2026-05-09 15:30:29,1,1,1,2464.4,32,-3.4,-147,2460,0,0.00,0.00,0,0,0.00,0.00,0
2026-05-09 15:30:29,1,1,1,2601.2,0,-4.0,-180,2595,0,0.00,0.00,0,0,0.00,0.00,0
2026-05-09 15:30:29,1,1,1,2601.2,0,-4.0,-180,2595,0,0.00,0.00,0,0,0.00,0.00,0
2026-05-09 15:30:29,1,1,1,2716.7,8,-4.3,-205,2709,0,0.00,0.00,0,0,0.00,0.00,0
2026-05-09 15:30:29,1,1,1,2716.7,8,-4.3,-205,2709,0,0.00,0.00,0,0,0.00,0.00,0
2026-05-09 15:30:29,1,1,1,2708.9,-8,-3.8,-178,2703,0,0.00,0.00,0,0,0.00,0.00,0
2026-05-09 15:30:29,1,1,1,2666.9,-24,-3.1,-145,2663,0,0.00,0.00,0,0,0.00,0.00,0
2026-05-09 15:30:29,1,1,1,2666.9,-24,-3.1,-145,2663,0,0.00,0.00,0,0,0.00,0.00,0
2026-05-09 15:30:29,1,1,1,2638.2,-56,-2.8,-130,2635,0,0.00,0.00,0,0,0.00,0.00,0
2026-05-09 15:30:29,1,1,1,2638.2,-56,-2.8,-130,2635,0,0.00,0.00,0,0,0.00,0.00,0
2026-05-09 15:30:29,1,1,1,2611.4,-16,-2.5,-113,2609,0,0.00,0.00,0,0,0.00,0.00,0
2026-05-09 15:30:29,1,1,1,2611.4,-16,-2.5,-113,2609,0,0.00,0.00,0,0,0.00,0.00,0
2026-05-09 15:30:29,1,1,1,2584.3,-24,-1.8,-83,2583,0,0.00,0.00,0,0,0.00,0.00,0
2026-05-09 15:30:29,1,1,1,2556.7,-56,-1.3,-60,2556,0,0.00,0.00,0,0,0.00,0.00,0
2026-05-09 15:30:29,1,1,1,2556.7,-56,-1.3,-60,2556,0,0.00,0.00,0,0,0.00,0.00,0
2026-05-09 15:30:30,1,1,1,2512.2,-64,-0.8,-33,2512,0,0.00,0.00,0,0,0.00,0.00,0
2026-05-09 15:30:30,1,1,1,2512.2,-64,-0.8,-33,2512,0,0.00,0.00,0,0,0.00,0.00,0
2026-05-09 15:30:30,1,1,1,2487.2,-64,-0.8,-33,2487,0,0.00,0.00,0,0,0.00,0.00,0
2026-05-09 15:30:30,1,1,1,2487.2,-64,-0.8,-33,2487,0,0.00,0.00,0,0,0.00,0.00,0
2026-05-09 15:30:30,1,1,1,2459.5,-88,-1.1,-49,2459,0,0.00,0.00,0,0,0.00,0.00,0
2026-05-09 15:30:30,1,1,1,2459.5,-88,-1.1,-49,2459,0,0.00,0.00,0,0,0.00,0.00,0
2026-05-09 15:30:30,1,1,1,2423.8,-104,-1.5,-62,2423,0,0.00,0.00,0,0,0.00,0.00,0
2026-05-09 15:30:30,1,1,1,2337.8,-88,-1.5,-62,2337,0,0.00,0.00,0,0,0.00,0.00,0
2026-05-09 15:30:30,1,1,1,2337.8,-88,-1.5,-62,2337,0,0.00,0.00,0,0,0.00,0.00,0
2026-05-09 15:30:30,1,1,1,2255.7,-64,-1.4,-56,2255,0,0.00,0.00,0,0,0.00,0.00,0
2026-05-09 15:30:30,1,1,1,2255.7,-64,-1.4,-56,2255,0,0.00,0.00,0,0,0.00,0.00,0
2026-05-09 15:30:30,1,1,1,2172.6,-79,-1.3,-49,2172,0,0.00,0.00,0,0,0.00,0.00,0
2026-05-09 15:30:30,1,1,1,2172.6,-79,-1.3,-49,2172,0,0.00,0.00,0,0,0.00,0.00,0
2026-05-09 15:30:30,1,1,1,2090.4,-79,-1.2,-42,2090,0,0.00,0.00,0,0,0.00,0.00,0
2026-05-09 15:30:30,1,1,1,2011.1,-88,-0.7,-23,2011,0,0.00,0.00,0,0,0.00,0.00,0
2026-05-09 15:30:30,1,1,1,2011.1,-88,-0.7,-23,2011,0,0.00,0.00,0,0,0.00,0.00,0
2026-05-09 15:30:30,1,1,1,1954.1,-79,0.6,19,1954,0,0.00,0.00,0,0,0.00,0.00,0
2026-05-09 15:30:30,1,1,1,1954.1,-79,0.6,19,1954,0,0.00,0.00,0,0,0.00,0.00,0
2026-05-09 15:30:30,1,1,1,1892.7,-88,1.5,50,1892,0,0.00,0.00,0,1,1.56,-0.95,37960
2026-05-09 15:30:30,1,1,1,1892.7,-88,1.5,50,1892,0,0.00,0.00,0,1,1.56,-0.95,37960
2026-05-09 15:30:31,1,1,1,1812.9,-88,2.6,82,1811,1,1.46,-0.95,37960,1,1.46,-0.95,37960
2026-05-09 15:30:31,1,1,1,1812.9,-88,2.6,82,1811,1,1.46,-0.95,37960,1,1.46,-0.95,37960
2026-05-09 15:30:31,1,1,1,1733.2,-79,3.5,106,1730,1,1.46,-0.95,37960,1,1.46,-0.95,37960
2026-05-09 15:30:31,1,1,1,1660.7,-104,4.7,137,1655,1,1.46,-0.95,37960,1,1.46,-0.95,37960
2026-05-09 15:30:31,1,1,1,1660.7,-104,4.7,137,1655,1,1.46,-0.95,37960,1,1.46,-0.95,37960
2026-05-09 15:30:31,1,1,1,1585.1,-79,5.8,160,1577,1,1.46,-0.95,37960,1,1.46,-0.95,37960
2026-05-09 15:30:31,1,1,1,1585.1,-79,5.8,160,1577,1,1.46,-0.95,37960,1,1.46,-0.95,37960
2026-05-09 15:30:31,1,1,1,1504.5,-79,6.4,169,1495,1,1.46,-0.95,37960,1,1.46,-0.95,37960
2026-05-09 15:30:31,1,1,1,1504.5,-79,6.4,169,1495,1,1.26,-0.90,11506,1,1.26,-0.90,11506
2026-05-09 15:30:31,1,1,1,1420.6,-104,7.0,173,1410,1,1.26,-0.90,11506,1,1.26,-0.90,11506
2026-05-09 15:30:31,1,1,1,1335.9,-96,7.0,162,1326,1,1.17,-0.90,11506,1,1.17,-0.90,11506
2026-05-09 15:30:31,1,1,1,1335.9,-96,7.0,162,1326,1,1.17,-0.90,11506,1,1.17,-0.90,11506
2026-05-09 15:30:31,1,1,1,1255.9,-79,6.8,149,1247,1,1.17,-0.90,11506,1,1.17,-0.90,11506
2026-05-09 15:30:31,1,1,1,1255.9,-79,6.8,149,1247,1,1.17,-0.90,11506,1,1.17,-0.90,11506
2026-05-09 15:30:31,1,1,1,1173.7,-72,7.0,143,1165,1,1.17,-0.90,11506,1,1.17,-0.90,11506
2026-05-09 15:30:31,1,1,1,1173.7,-72,7.0,143,1165,1,1.17,-0.90,11506,1,1.17,-0.90,11506
2026-05-09 15:30:31,1,1,1,1100.7,-79,6.3,121,1094,1,1.17,-0.90,11506,1,1.17,-0.90,11506
2026-05-09 15:30:31,1,1,1,1100.7,-79,6.3,121,1094,1,1.17,-0.90,11506,1,1.17,-0.90,11506
2026-05-09 15:30:31,1,1,1,1034.8,-64,6.0,109,1029,1,1.17,-0.90,11506,1,1.17,-0.90,11506
2026-05-09 15:30:31,1,1,1,973.9,-64,5.1,87,970,1,1.17,-0.90,11506,1,1.17,-0.90,11506
2026-05-09 15:30:32,1,1,1,973.9,-64,5.1,87,970,1,0.74,-0.64,39389,1,0.74,-0.64,39389
2026-05-09 15:30:32,1,1,1,913.0,-72,4.6,74,910,1,0.74,-0.64,39389,1,0.74,-0.64,39389
2026-05-09 15:30:32,1,1,1,913.0,-72,4.6,74,910,1,0.68,-0.64,39389,1,0.68,-0.64,39389
2026-05-09 15:30:32,1,1,1,854.1,-64,4.0,60,852,1,0.68,-0.64,39389,1,0.68,-0.64,39389
2026-05-09 15:30:32,1,1,1,854.1,-64,4.0,60,852,1,0.69,-0.55,37333,1,0.69,-0.55,37333
2026-05-09 15:30:32,1,1,1,789.1,-64,4.2,58,787,1,0.69,-0.55,37333,1,0.69,-0.55,37333
2026-05-09 15:30:32,1,1,1,789.1,-64,4.2,58,787,1,0.63,-0.55,37333,1,0.63,-0.55,37333
2026-05-09 15:30:32,1,1,1,718.1,-88,6.2,77,714,1,0.63,-0.55,37333,1,0.63,-0.55,37333
2026-05-09 15:30:32,1,1,1,658.8,-32,7.6,87,653,1,0.63,-0.55,37333,1,0.63,-0.55,37333
2026-05-09 15:30:32,1,1,1,658.8,-32,7.6,87,653,1,0.63,-0.55,37333,1,0.63,-0.55,37333
2026-05-09 15:30:32,1,1,1,595.8,-56,9.9,102,587,1,0.63,-0.55,37333,1,0.63,-0.55,37333
2026-05-09 15:30:32,1,1,1,595.8,-56,9.9,102,587,1,0.63,-0.55,37333,1,0.63,-0.55,37333
2026-05-09 15:30:32,1,1,1,559.8,24,10.2,99,551,1,0.63,-0.55,37333,1,0.63,-0.55,37333
2026-05-09 15:30:32,1,1,1,559.8,24,10.2,99,551,1,0.63,-0.55,37333,1,0.63,-0.55,37333
2026-05-09 15:30:32,1,1,1,519.8,39,9.3,84,513,1,0.63,-0.55,37333,1,0.63,-0.55,37333
2026-05-09 15:30:32,1,1,1,490.8,64,7.1,61,487,1,0.63,-0.55,37333,1,0.63,-0.55,37333
2026-05-09 15:30:32,1,1,1,490.8,64,7.1,61,487,1,0.51,0.71,44740,1,0.51,0.71,44740
2026-05-09 15:30:32,1,1,1,492.2,48,4.0,34,491,1,0.51,0.71,44740,1,0.51,0.71,44740
2026-05-09 15:30:32,1,1,1,492.2,48,4.0,34,491,1,0.59,0.71,44740,1,0.59,0.71,44740
2026-05-09 15:30:32,1,1,1,513.1,56,0.9,8,513,1,0.59,0.71,44740,1,0.59,0.71,44740
2026-05-09 15:30:33,1,1,1,513.1,56,0.9,8,513,1,0.59,0.71,44740,1,0.59,0.71,44740
2026-05-09 15:30:33,1,1,1,529.0,64,-0.6,-6,529,1,0.59,0.71,44740,1,0.59,0.71,44740
2026-05-09 15:30:33,1,1,1,529.0,64,-0.6,-6,529,1,0.59,0.71,44740,1,0.59,0.71,44740
2026-05-09 15:30:33,1,1,1,550.4,64,-2.1,-20,550,1,0.59,0.71,44740,1,0.59,0.71,44740
2026-05-09 15:30:33,1,1,1,576.1,79,-3.5,-35,575,1,0.79,0.95,54725,1,0.79,0.95,54725
2026-05-09 15:30:33,1,1,1,576.1,79,-3.5,-35,575,1,0.79,0.95,54725,1,0.79,0.95,54725
2026-05-09 15:30:33,1,1,1,606.1,88,-4.8,-51,604,1,0.88,0.95,54725,1,0.88,0.95,54725
2026-05-09 15:30:33,1,1,1,606.1,88,-4.8,-51,604,1,0.88,0.95,54725,1,0.88,0.95,54725
2026-05-09 15:30:33,1,1,1,676.6,104,-7.4,-87,671,1,0.88,0.95,54725,1,0.88,0.95,54725
2026-05-09 15:30:33,1,1,1,676.6,104,-7.4,-87,671,1,0.88,0.95,54725,1,0.88,0.95,54725
2026-05-09 15:30:33,1,1,1,750.2,96,-9.0,-117,741,1,0.88,0.95,54725,1,0.88,0.95,54725
2026-05-09 15:30:33,1,1,1,825.0,88,-9.8,-140,813,1,0.88,0.95,54725,1,0.88,0.95,54725
2026-05-09 15:30:33,1,1,1,825.0,88,-9.8,-140,813,1,0.88,0.95,54725,1,0.88,0.95,54725
2026-05-09 15:30:33,1,1,1,901.6,72,-9.6,-150,889,1,0.88,0.95,54725,1,0.88,0.95,54725
2026-05-09 15:30:33,1,1,1,901.6,72,-9.6,-150,889,1,1.28,0.72,7489,1,1.28,0.72,7489
2026-05-09 15:30:33,1,1,1,978.4,79,-9.1,-155,966,1,1.28,0.72,7489,1,1.28,0.72,7489
2026-05-09 15:30:33,1,1,1,978.4,79,-9.1,-155,966,1,1.35,0.72,7489,1,1.35,0.72,7489
2026-05-09 15:30:33,1,1,1,1055.2,96,-8.7,-160,1043,1,1.35,0.72,7489,1,1.35,0.72,7489
2026-05-09 15:30:33,1,1,1,1055.2,96,-8.7,-160,1043,1,1.47,0.84,21881,1,1.47,0.84,21881
2026-05-09 15:30:33,1,1,1,1130.0,96,-8.7,-171,1117,1,1.47,0.84,21881,1,1.47,0.84,21881
2026-05-09 15:30:34,1,1,1,1206.8,104,-8.7,-182,1193,1,1.55,0.84,21881,1,1.55,0.84,21881
2026-05-09 15:30:34,1,1,1,1206.8,104,-8.7,-182,1193,1,1.55,0.84,21881,1,1.55,0.84,21881
2026-05-09 15:30:34,1,1,1,1285.1,96,-8.5,-190,1271,1,1.68,0.89,13849,1,1.68,0.89,13849
2026-05-09 15:30:34,1,1,1,1285.1,96,-8.5,-190,1271,1,1.68,0.89,13849,1,1.68,0.89,13849
2026-05-09 15:30:34,1,1,1,1365.6,79,-7.8,-185,1353,1,1.77,0.89,13849,1,1.77,0.89,13849
2026-05-09 15:30:34,1,1,1,1365.6,79,-7.8,-185,1353,1,1.77,0.89,13849,1,1.77,0.89,13849
2026-05-09 15:30:34,1,1,1,1446.5,79,-7.2,-182,1435,1,1.77,0.89,13849,1,1.77,0.89,13849
2026-05-09 15:30:34,1,1,1,1524.5,88,-6.4,-170,1515,1,1.77,0.89,13849,1,1.77,0.89,13849
2026-05-09 15:30:34,1,1,1,1524.5,88,-6.4,-170,1515,1,1.77,0.89,13849,1,1.77,0.89,13849
2026-05-09 15:30:34,1,1,1,1600.8,96,-6.0,-168,1592,1,1.77,0.89,13849,1,1.77,0.89,13849
2026-05-09 15:30:34,1,1,1,1600.8,96,-6.0,-168,1592,1,1.77,0.89,13849,1,1.77,0.89,13849
2026-05-09 15:30:34,1,1,1,1678.3,104,-5.7,-167,1670,1,1.77,0.89,13849,1,1.77,0.89,13849
2026-05-09 15:30:34,1,1,1,1678.3,104,-5.7,-167,1670,1,1.77,0.89,13849,1,1.77,0.89,13849
2026-05-09 15:30:34,1,1,1,1758.3,104,-5.6,-171,1750,1,1.77,0.89,13849,1,1.77,0.89,13849
2026-05-09 15:30:34,1,1,1,1758.3,104,-5.6,-171,1750,1,1.77,0.89,13849,1,1.77,0.89,13849
2026-05-09 15:30:34,1,1,1,1839.4,88,-5.5,-176,1831,1,1.77,0.89,13849,1,1.77,0.89,13849
2026-05-09 15:30:34,1,1,1,1915.3,64,-5.7,-189,1906,1,1.77,0.89,13849,1,1.77,0.89,13849
2026-05-09 15:30:34,1,1,1,1915.3,64,-5.7,-189,1906,1,0.00,0.00,0,0,0.00,0.00,0
2026-05-09 15:30:34,1,1,1,1986.9,56,-6.0,-208,1976,1,0.00,0.00,0,0,0.00,0.00,0
2026-05-09 15:30:34,1,1,1,1986.9,56,-6.0,-208,1976,1,0.00,0.00,0,0,0.00,0.00,0
2026-05-09 15:30:35,1,1,1,2070.5,0,-6.5,-236,2057,1,0.00,0.00,0,0,0.00,0.00,0
2026-05-09 15:30:35,1,1,1,2070.5,0,-6.5,-236,2057,1,0.00,0.00,0,0,0.00,0.00,0
2026-05-09 15:30:35,1,1,1,2130.8,64,-7.0,-259,2115,0,0.00,0.00,0,0,0.00,0.00,0
2026-05-09 15:30:35,1,1,1,2182.6,48,-7.1,-269,2166,0,0.00,0.00,0,0,0.00,0.00,0
2026-05-09 15:30:35,1,1,1,2182.6,48,-7.1,-269,2166,0,0.00,0.00,0,0,0.00,0.00,0
2026-05-09 15:30:35,1,1,1,2233.1,39,-7.1,-276,2216,0,0.00,0.00,0,0,0.00,0.00,0
2026-05-09 15:30:35,1,1,1,2233.1,39,-7.1,-276,2216,0,0.00,0.00,0,0,0.00,0.00,0
2026-05-09 15:30:35,1,1,1,2288.8,16,-7.0,-277,2272,0,0.00,0.00,0,0,0.00,0.00,0
2026-05-09 15:30:35,1,1,1,2288.8,16,-7.0,-277,2272,0,0.00,0.00,0,0,0.00,0.00,0
2026-05-09 15:30:35,1,1,1,2323.6,-32,-6.8,-277,2307,0,0.00,0.00,0,0,0.00,0.00,0
2026-05-09 15:30:35,1,1,1,2323.6,-32,-6.8,-277,2307,0,0.00,0.00,0,0,0.00,0.00,0
2026-05-09 15:30:35,1,1,1,2350.1,-8,-6.7,-275,2334,0,0.00,0.00,0,0,0.00,0.00,0
2026-05-09 15:30:35,1,1,1,2395.7,0,-6.6,-274,2380,0,0.00,0.00,0,0,0.00,0.00,0
2026-05-09 15:30:35,1,1,1,2395.7,0,-6.6,-274,2380,0,0.00,0.00,0,0,0.00,0.00,0
2026-05-09 15:30:35,1,1,1,2428.3,32,-6.0,-254,2415,0,0.00,0.00,0,0,0.00,0.00,0
2026-05-09 15:30:35,1,1,1,2428.3,32,-6.0,-254,2415,0,0.00,0.00,0,0,0.00,0.00,0
2026-05-09 15:30:35,1,1,1,2440.0,-56,-5.7,-242,2428,0,0.00,0.00,0,0,0.00,0.00,0
2026-05-09 15:30:35,1,1,1,2440.0,-56,-5.7,-242,2428,0,0.00,0.00,0,0,0.00,0.00,0
2026-05-09 15:30:35,1,1,1,2435.6,-56,-5.3,-227,2425,0,0.00,0.00,0,0,0.00,0.00,0
2026-05-09 15:30:35,1,1,1,2435.6,-56,-5.3,-227,2425,0,0.00,0.00,0,0,0.00,0.00,0
2026-05-09 15:30:36,1,1,1,2428.1,-56,-5.2,-221,2418,0,0.00,0.00,0,0,0.00,0.00,0
2026-05-09 15:30:36,1,1,1,2412.3,-48,-5.0,-212,2403,0,0.00,0.00,0,0,0.00,0.00,0
2026-05-09 15:30:36,1,1,1,2412.3,-48,-5.0,-212,2403,0,0.00,0.00,0,0,0.00,0.00,0
2026-05-09 15:30:36,1,1,1,2402.9,-72,-4.9,-207,2394,0,0.00,0.00,0,0,0.00,0.00,0
2026-05-09 15:30:36,1,1,1,2402.9,-72,-4.9,-207,2394,0,0.00,0.00,0,0,0.00,0.00,0
2026-05-09 15:30:36,1,1,1,2390.6,-64,-4.6,-191,2383,0,0.00,0.00,0,0,0.00,0.00,0
2026-05-09 15:30:36,1,1,1,2390.6,-64,-4.6,-191,2383,0,0.00,0.00,0,0,0.00,0.00,0
2026-05-09 15:30:36,1,1,1,2370.9,-79,-4.4,-181,2364,0,0.00,0.00,0,0,0.00,0.00,0
2026-05-09 15:30:36,1,1,1,2344.1,-72,-4.1,-169,2338,0,0.00,0.00,0,0,0.00,0.00,0
2026-05-09 15:30:36,1,1,1,2344.1,-72,-4.1,-169,2338,0,0.00,0.00,0,0,0.00,0.00,0
2026-05-09 15:30:36,1,1,1,2311.1,-88,-4.2,-168,2305,0,0.00,0.00,0,0,0.00,0.00,0
2026-05-09 15:30:36,1,1,1,2311.1,-88,-4.2,-168,2305,0,0.00,0.00,0,0,0.00,0.00,0
2026-05-09 15:30:36,1,1,1,2269.5,-79,-4.3,-172,2263,0,0.00,0.00,0,0,0.00,0.00,0
2026-05-09 15:30:36,1,1,1,2269.5,-79,-4.3,-172,2263,0,0.00,0.00,0,0,0.00,0.00,0
2026-05-09 15:30:36,1,1,1,2184.5,-79,-4.8,-181,2177,0,0.00,0.00,0,0,0.00,0.00,0
2026-05-09 15:30:36,1,1,1,2184.5,-79,-4.8,-181,2177,0,0.00,0.00,0,0,0.00,0.00,0
2026-05-09 15:30:36,1,1,1,2107.2,0,-5.4,-197,2098,0,0.00,0.00,0,0,0.00,0.00,0
2026-05-09 15:30:36,1,1,1,2031.1,-88,-5.7,-202,2021,0,0.00,0.00,0,0,0.00,0.00,0
2026-05-09 15:30:36,1,1,1,2031.1,-88,-5.7,-202,2021,0,0.00,0.00,0,0,0.00,0.00,0
2026-05-09 15:30:36,1,1,1,1957.1,-96,-5.8,-199,1947,0,0.00,0.00,0,0,0.00,0.00,0
2026-05-09 15:30:37,1,1,1,1957.1,-96,-5.8,-199,1947,0,0.00,0.00,0,0,0.00,0.00,0
2026-05-09 15:30:37,1,1,1,1878.9,-104,-5.6,-183,1870,0,0.00,0.00,0,0,0.00,0.00,0
2026-05-09 15:30:37,1,1,1,1878.9,-104,-5.6,-183,1870,0,0.00,0.00,0,0,0.00,0.00,0
2026-05-09 15:30:37,1,1,1,1797.1,-96,-5.8,-181,1788,0,0.00,0.00,0,0,0.00,0.00,0
2026-05-09 15:30:37,1,1,1,1715.5,-88,-6.0,-180,1706,0,0.00,0.00,0,0,0.00,0.00,0
2026-05-09 15:30:37,1,1,1,1715.5,-88,-6.0,-180,1706,0,0.00,0.00,0,0,0.00,0.00,0
2026-05-09 15:30:37,1,1,1,1635.8,-79,-5.9,-169,1627,0,0.00,0.00,0,0,0.00,0.00,0
2026-05-09 15:30:37,1,1,1,1635.8,-79,-5.9,-169,1627,0,0.00,0.00,0,0,0.00,0.00,0
2026-05-09 15:30:37,1,1,1,1562.0,-88,-5.0,-137,1556,0,0.00,0.00,0,0,0.00,0.00,0
2026-05-09 15:30:37,1,1,1,1562.0,-88,-5.0,-137,1556,0,0.00,0.00,0,0,0.00,0.00,0
2026-05-09 15:30:37,1,1,1,1486.2,-96,-3.8,-98,1483,0,0.00,0.00,0,0,0.00,0.00,0
2026-05-09 15:30:37,1,1,1,1486.2,-96,-3.8,-98,1483,0,0.00,0.00,0,0,0.00,0.00,0
2026-05-09 15:30:37,1,1,1,1411.9,-96,-3.0,-73,1410,0,0.00,0.00,0,0,0.00,0.00,0
2026-05-09 15:30:37,1,1,1,1338.1,-96,-2.3,-54,1337,0,0.00,0.00,0,0,0.00,0.00,0
2026-05-09 15:30:37,1,1,1,1338.1,-96,-2.3,-54,1337,0,0.00,0.00,0,0,0.00,0.00,0
2026-05-09 15:30:37,1,1,1,1261.4,-88,-1.4,-31,1261,0,0.00,0.00,0,0,0.00,0.00,0
2026-05-09 15:30:37,1,1,1,1261.4,-88,-1.4,-31,1261,0,0.00,0.00,0,0,0.00,0.00,0
2026-05-09 15:30:37,1,1,1,1186.1,-72,-0.8,-16,1186,0,0.00,0.00,0,0,0.00,0.00,0
2026-05-09 15:30:37,1,1,1,1186.1,-72,-0.8,-16,1186,0,0.00,0.00,0,0,0.00,0.00,0
2026-05-09 15:30:37,1,1,1,1107.2,-72,-1.0,-20,1107,0,0.00,0.00,0,0,0.00,0.00,0
2026-05-09 15:30:38,1,1,1,1032.5,-56,-1.7,-31,1032,0,0.00,0.00,0,0,0.00,0.00,0
2026-05-09 15:30:38,1,1,1,1032.5,-56,-1.7,-31,1032,0,0.00,0.00,0,0,0.00,0.00,0
2026-05-09 15:30:38,1,1,1,962.6,-64,-2.0,-34,962,0,0.00,0.00,0,0,0.00,0.00,0
2026-05-09 15:30:38,1,1,1,962.6,-64,-2.0,-34,962,0,0.00,0.00,0,0,0.00,0.00,0
2026-05-09 15:30:38,1,1,1,893.1,-112,-0.8,-12,893,0,0.00,0.00,0,1,0.74,-0.68,38777
2026-05-09 15:30:38,1,1,1,893.1,-112,-0.8,-12,893,0,0.00,0.00,0,1,0.74,-0.68,38777
2026-05-09 15:30:38,1,1,1,831.0,-56,0.1,1,831,1,0.59,-0.91,12112,1,0.59,-0.91,12112
2026-05-09 15:30:38,1,1,1,831.0,-56,0.1,1,831,1,0.59,-0.91,12112,1,0.59,-0.91,12112
2026-05-09 15:30:38,1,1,1,768.1,-39,0.9,12,768,1,0.50,-0.91,12112,1,0.50,-0.91,12112
2026-05-09 15:30:38,1,1,1,694.0,-72,3.1,37,693,1,0.50,-0.91,12112,1,0.50,-0.91,12112
2026-05-09 15:30:38,1,1,1,694.0,-72,3.1,37,693,1,0.50,-0.91,12112,1,0.50,-0.91,12112
2026-05-09 15:30:38,1,1,1,622.8,-32,5.4,59,620,1,0.50,-0.91,12112,1,0.50,-0.91,12112
2026-05-09 15:30:38,1,1,1,622.8,-32,5.4,59,620,1,0.50,-0.91,12112,1,0.50,-0.91,12112
2026-05-09 15:30:38,1,1,1,567.6,8,7.3,72,563,1,0.50,-0.91,12112,1,0.50,-0.91,12112
2026-05-09 15:30:38,1,1,1,567.6,8,7.3,72,563,1,0.50,-0.91,12112,1,0.50,-0.91,12112
2026-05-09 15:30:38,1,1,1,529.8,32,8.5,78,524,1,0.50,-0.91,12112,1,0.50,-0.91,12112
2026-05-09 15:30:38,1,1,1,503.2,56,8.2,72,498,1,0.50,-0.91,12112,1,0.50,-0.91,12112
2026-05-09 15:30:38,1,1,1,503.2,56,8.2,72,498,1,0.50,-0.91,12112,1,0.50,-0.91,12112
2026-05-09 15:30:38,1,1,1,490.8,79,7.1,61,487,1,0.74,0.73,52042,1,0.74,0.73,52042
2026-05-09 15:30:38,1,1,1,490.8,79,7.1,61,487,1,0.74,0.73,52042,1,0.74,0.73,52042
2026-05-09 15:30:39,1,1,1,503.1,79,5.2,46,501,1,2.00,0.67,2120,1,2.00,0.67,2120
2026-05-09 15:30:39,1,1,1,503.1,79,5.2,46,501,1,2.00,0.67,2120,1,2.00,0.67,2120
2026-05-09 15:30:39,1,1,1,538.8,48,4.7,44,537,1,2.07,0.67,2120,1,2.07,0.67,2120
2026-05-09 15:30:39,1,1,1,538.8,48,4.7,44,537,1,2.07,0.67,2120,1,2.07,0.67,2120
2026-05-09 15:30:39,1,1,1,564.5,72,4.2,41,563,1,1.68,0.61,51829,1,1.68,0.61,51829
2026-05-09 15:30:39,1,1,1,575.3,72,3.9,39,574,1,1.68,0.61,51829,1,1.68,0.61,51829
2026-05-09 15:30:39,1,1,1,575.3,72,3.9,39,574,1,1.56,0.61,27146,1,1.56,0.61,27146
2026-05-09 15:30:39,1,1,1,588.2,72,3.6,37,587,1,1.56,0.61,27146,1,1.56,0.61,27146
2026-05-09 15:30:39,1,1,1,588.2,72,3.6,37,587,1,1.62,0.61,27146,1,1.62,0.61,27146
2026-05-09 15:30:39,1,1,1,603.0,104,3.2,34,602,1,1.62,0.61,27146,1,1.62,0.61,27146
2026-05-09 15:30:39,1,1,1,603.0,104,3.2,34,602,1,1.62,0.61,27146,1,1.62,0.61,27146
2026-05-09 15:30:39,1,1,1,619.6,128,2.6,28,619,1,1.62,0.61,27146,1,1.62,0.61,27146
2026-05-09 15:30:39,1,1,1,639.5,104,2.2,24,639,1,1.62,0.61,27146,1,1.62,0.61,27146
2026-05-09 15:30:39,1,1,1,639.5,104,2.2,24,639,1,1.62,0.61,27146,1,1.62,0.61,27146
2026-05-09 15:30:39,1,1,1,661.4,48,2.1,24,661,1,1.62,0.61,27146,1,1.62,0.61,27146
2026-05-09 15:30:39,1,1,1,661.4,48,2.1,24,661,1,1.62,0.61,27146,1,1.62,0.61,27146
2026-05-09 15:30:39,1,1,1,733.2,88,1.5,19,733,1,1.62,0.61,27146,1,1.62,0.61,27146
2026-05-09 15:30:39,1,1,1,733.2,88,1.5,19,733,1,1.62,0.61,27146,1,1.62,0.61,27146
2026-05-09 15:30:39,1,1,1,805.1,79,1.0,14,805,1,1.62,0.61,27146,1,1.62,0.61,27146
2026-05-09 15:30:39,1,1,1,805.1,79,1.0,14,805,1,1.62,0.61,27146,1,1.62,0.61,27146
2026-05-09 15:30:40,1,1,1,875.0,88,0.6,9,875,1,1.62,0.61,27146,1,1.62,0.61,27146
2026-05-09 15:30:40,1,1,1,1011.0,96,-0.1,-1,1011,1,0.00,0.00,0,0,0.00,0.00,0
2026-05-09 15:30:40,1,1,1,1011.0,96,-0.1,-1,1011,1,1.79,1.04,13973,1,1.79,1.04,13973
2026-05-09 15:30:40,1,1,1,1137.1,112,-0.8,-15,1137,1,1.79,1.04,13973,1,1.79,1.04,13973
2026-05-09 15:30:40,1,1,1,1137.1,112,-0.8,-15,1137,1,1.84,1.01,34692,1,1.84,1.01,34692
2026-05-09 15:30:40,1,1,1,1255.1,96,-0.5,-12,1255,1,1.84,1.01,34692,1,1.84,1.01,34692
2026-05-09 15:30:40,1,1,1,1255.1,96,-0.5,-12,1255,1,1.88,0.93,26329,1,1.88,0.93,26329
2026-05-09 15:30:40,1,1,1,1364.1,79,-0.6,-15,1364,1,1.88,0.93,26329,1,1.88,0.93,26329
2026-05-09 15:30:40,1,1,1,1364.1,79,-0.6,-15,1364,1,1.97,0.93,26329,1,1.97,0.93,26329
2026-05-09 15:30:40,1,1,1,1466.0,79,-0.4,-10,1466,1,1.97,0.93,26329,1,1.97,0.93,26329
2026-05-09 15:30:40,1,1,1,1564.0,72,-0.4,-10,1564,1,1.97,0.93,26329,1,1.97,0.93,26329
2026-05-09 15:30:40,1,1,1,1564.0,72,-0.4,-10,1564,1,1.97,0.93,26329,1,1.97,0.93,26329
2026-05-09 15:30:40,1,1,1,1658.1,79,-0.5,-15,1658,1,1.97,0.93,26329,1,1.97,0.93,26329
2026-05-09 15:30:40,1,1,1,1658.1,79,-0.5,-15,1658,1,1.97,0.93,26329,1,1.97,0.93,26329
2026-05-09 15:30:40,1,1,1,1747.1,88,-0.6,-17,1747,1,1.97,0.93,26329,1,1.97,0.93,26329
2026-05-09 15:30:40,1,1,1,1747.1,88,-0.6,-17,1747,1,1.97,0.93,26329,1,1.97,0.93,26329
2026-05-09 15:30:40,1,1,1,1831.2,96,-0.8,-27,1831,1,1.97,0.93,26329,1,1.97,0.93,26329
2026-05-09 15:30:40,1,1,1,1913.3,79,-1.1,-36,1913,1,1.97,0.93,26329,1,1.97,0.93,26329
2026-05-09 15:30:40,1,1,1,1913.3,79,-1.1,-36,1913,1,1.97,0.93,26329,1,1.97,0.93,26329
2026-05-09 15:30:40,1,1,1,1994.7,48,-1.5,-53,1994,1,1.97,0.93,26329,1,1.97,0.93,26329
2026-05-09 15:30:41,1,1,1,1994.7,48,-1.5,-53,1994,1,1.97,0.93,26329,1,1.97,0.93,26329
2026-05-09 15:30:41,1,1,1,2065.3,48,-2.1,-74,2064,1,0.00,0.00,0,0,0.00,0.00,0
2026-05-09 15:30:41,1,1,1,2065.3,48,-2.1,-74,2064,1,0.00,0.00,0,0,0.00,0.00,0
2026-05-09 15:30:41,1,1,1,2126.1,48,-2.5,-94,2124,1,0.00,0.00,0,0,0.00,0.00,0
2026-05-09 15:30:41,1,1,1,2126.1,48,-2.5,-94,2124,1,0.00,0.00,0,0,0.00,0.00,0
2026-05-09 15:30:41,1,1,1,2190.2,56,-2.6,-98,2188,1,0.00,0.00,0,0,0.00,0.00,0
2026-05-09 15:30:41,1,1,1,2244.9,48,-2.9,-115,2242,0,0.00,0.00,0,0,0.00,0.00,0
2026-05-09 15:30:41,1,1,1,2244.9,48,-2.9,-115,2242,0,0.00,0.00,0,0,0.00,0.00,0
2026-05-09 15:30:41,1,1,1,2312.5,0,-3.1,-127,2309,0,0.00,0.00,0,0,0.00,0.00,0
2026-05-09 15:30:41,1,1,1,2312.5,0,-3.1,-127,2309,0,0.00,0.00,0,0,0.00,0.00,0
2026-05-09 15:30:41,1,1,1,2362.3,24,-3.0,-125,2359,0,0.00,0.00,0,0,0.00,0.00,0
2026-05-09 15:30:41,1,1,1,2362.3,24,-3.0,-125,2359,0,0.00,0.00,0,0,0.00,0.00,0
2026-05-09 15:30:41,1,1,1,2428.7,0,-3.2,-134,2425,0,0.00,0.00,0,0,0.00,0.00,0
2026-05-09 15:30:41,1,1,1,2518.5,0,-3.0,-133,2515,0,0.00,0.00,0,0,0.00,0.00,0
2026-05-09 15:30:41,1,1,1,2518.5,0,-3.0,-133,2515,0,0.00,0.00,0,0,0.00,0.00,0
2026-05-09 15:30:41,1,1,1,2592.1,-8,-2.8,-127,2589,0,0.00,0.00,0,0,0.00,0.00,0
2026-05-09 15:30:41,1,1,1,2592.1,-8,-2.8,-127,2589,0,0.00,0.00,0,0,0.00,0.00,0
2026-05-09 15:30:41,1,1,1,2615.3,32,-1.8,-84,2614,0,0.00,0.00,0,0,0.00,0.00,0
2026-05-09 15:30:41,1,1,1,2615.3,32,-1.8,-84,2614,0,0.00,0.00,0,0,0.00,0.00,0
2026-05-09 15:30:41,1,1,1,2605.5,-16,-1.1,-52,2605,0,0.00,0.00,0,0,0.00,0.00,0
2026-05-09 15:30:42,1,1,1,2605.5,-16,-1.1,-52,2605,0,0.00,0.00,0,0,0.00,0.00,0
2026-05-09 15:30:42,1,1,1,2581.4,-56,-1.0,-45,2581,0,0.00,0.00,0,0,0.00,0.00,0
2026-05-09 15:30:42,1,1,1,2564.6,-56,-1.2,-54,2564,0,0.00,0.00,0,0,0.00,0.00,0
2026-05-09 15:30:42,1,1,1,2564.6,-56,-1.2,-54,2564,0,0.00,0.00,0,0,0.00,0.00,0
2026-05-09 15:30:42,1,1,1,2559.6,-72,-1.3,-56,2559,0,0.00,0.00,0,0,0.00,0.00,0
2026-05-09 15:30:42,1,1,1,2559.6,-72,-1.3,-56,2559,0,0.00,0.00,0,0,0.00,0.00,0
2026-05-09 15:30:42,1,1,1,2553.6,-64,-1.3,-57,2553,0,0.00,0.00,0,0,0.00,0.00,0
2026-05-09 15:30:42,1,1,1,2553.6,-64,-1.3,-57,2553,0,0.00,0.00,0,0,0.00,0.00,0
2026-05-09 15:30:42,1,1,1,2545.6,-64,-1.2,-54,2545,0,0.00,0.00,0,0,0.00,0.00,0
2026-05-09 15:30:42,1,1,1,2534.5,-79,-1.2,-52,2534,0,0.00,0.00,0,0,0.00,0.00,0
2026-05-09 15:30:42,1,1,1,2534.5,-79,-1.2,-52,2534,0,0.00,0.00,0,0,0.00,0.00,0
2026-05-09 15:30:42,1,1,1,2500.5,-88,-1.2,-52,2500,0,0.00,0.00,0,0,0.00,0.00,0
2026-05-09 15:30:42,1,1,1,2500.5,-88,-1.2,-52,2500,0,0.00,0.00,0,0,0.00,0.00,0
2026-05-09 15:30:42,1,1,1,2461.6,-104,-1.3,-56,2461,0,0.00,0.00,0,0,0.00,0.00,0
2026-05-09 15:30:42,1,1,1,2461.6,-104,-1.3,-56,2461,0,0.00,0.00,0,0,0.00,0.00,0
2026-05-09 15:30:42,1,1,1,2415.7,-96,-1.4,-58,2415,0,0.00,0.00,0,0,0.00,0.00,0
2026-05-09 15:30:42,1,1,1,2415.7,-96,-1.4,-58,2415,0,0.00,0.00,0,0,0.00,0.00,0
2026-05-09 15:30:42,1,1,1,2366.7,-88,-1.4,-56,2366,0,0.00,0.00,0,0,0.00,0.00,0
2026-05-09 15:30:42,1,1,1,2272.5,-79,-1.2,-47,2272,0,0.00,0.00,0,0,0.00,0.00,0
2026-05-09 15:30:42,1,1,1,2272.5,-79,-1.2,-47,2272,0,0.00,0.00,0,0,0.00,0.00,0
2026-05-09 15:30:43,1,1,1,2188.2,-64,-0.8,-32,2188,0,0.00,0.00,0,0,0.00,0.00,0
2026-05-09 15:30:43,1,1,1,2188.2,-64,-0.8,-32,2188,0,0.00,0.00,0,0,0.00,0.00,0
2026-05-09 15:30:43,1,1,1,2097.2,-88,-0.7,-26,2097,0,0.00,0.00,0,0,0.00,0.00,0
2026-05-09 15:30:43,1,1,1,2097.2,-88,-0.7,-26,2097,0,0.00,0.00,0,0,0.00,0.00,0
2026-05-09 15:30:43,1,1,1,2010.3,-88,-0.9,-32,2010,0,0.00,0.00,0,0,0.00,0.00,0
2026-05-09 15:30:43,1,1,1,1912.1,-112,-0.7,-22,1912,0,0.00,0.00,0,0,0.00,0.00,0
2026-05-09 15:30:43,1,1,1,1912.1,-112,-0.7,-22,1912,0,0.00,0.00,0,0,0.00,0.00,0
2026-05-09 15:30:43,1,1,1,1819.0,-88,-0.1,-3,1819,0,0.00,0.00,0,0,0.00,0.00,0
2026-05-09 15:30:43,1,1,1,1819.0,-88,-0.1,-3,1819,0,0.00,0.00,0,0,0.00,0.00,0
2026-05-09 15:30:43,1,1,1,1739.1,-64,0.5,14,1739,0,0.00,0.00,0,0,0.00,0.00,0
2026-05-09 15:30:43,1,1,1,1739.1,-64,0.5,14,1739,0,0.00,0.00,0,0,0.00,0.00,0
2026-05-09 15:30:43,1,1,1,1666.6,-112,1.5,44,1666,0,0.00,0.00,0,0,0.00,0.00,0
2026-05-09 15:30:43,1,1,1,1666.6,-112,1.5,44,1666,0,0.00,0.00,0,0,0.00,0.00,0
2026-05-09 15:30:43,1,1,1,1588.3,-88,2.3,65,1587,0,0.00,0.00,0,0,0.00,0.00,0
2026-05-09 15:30:43,1,1,1,1507.3,-88,3.2,84,1505,0,0.00,0.00,0,1,1.28,-0.87,22945
2026-05-09 15:30:43,1,1,1,1507.3,-88,3.2,84,1505,0,0.00,0.00,0,1,1.28,-0.87,22945
2026-05-09 15:30:43,1,1,1,1426.9,-96,3.7,91,1424,1,1.19,-0.87,22945,1,1.19,-0.87,22945
2026-05-09 15:30:43,1,1,1,1426.9,-96,3.7,91,1424,1,1.19,-0.87,22945,1,1.19,-0.87,22945
2026-05-09 15:30:43,1,1,1,1344.1,-104,3.9,91,1341,1,1.06,-0.92,61473,1,1.06,-0.92,61473
2026-05-09 15:30:43,1,1,1,1344.1,-104,3.9,91,1341,1,1.06,-0.92,61473,1,1.06,-0.92,61473
2026-05-09 15:30:44,1,1,1,1264.9,-79,4.5,99,1261,1,0.98,-0.93,43533,1,0.98,-0.93,43533
2026-05-09 15:30:44,1,1,1,1197.3,-64,4.3,89,1194,1,0.98,-0.93,43533,1,0.98,-0.93,43533
2026-05-09 15:30:44,1,1,1,1197.3,-64,4.3,89,1194,1,0.88,-0.93,43533,1,0.88,-0.93,43533
2026-05-09 15:30:44,1,1,1,1124.0,-72,4.2,82,1121,1,0.88,-0.93,43533,1,0.88,-0.93,43533
2026-05-09 15:30:44,1,1,1,1124.0,-72,4.2,82,1121,1,0.79,-0.87,62937,1,0.79,-0.87,62937
2026-05-09 15:30:44,1,1,1,1050.9,-79,4.9,90,1047,1,0.79,-0.87,62937,1,0.79,-0.87,62937
2026-05-09 15:30:44,1,1,1,1050.9,-79,4.9,90,1047,1,0.71,-0.87,62937,1,0.71,-0.87,62937
2026-05-09 15:30:44,1,1,1,979.4,-72,6.0,103,974,1,0.71,-0.87,62937,1,0.71,-0.87,62937
2026-05-09 15:30:44,1,1,1,979.4,-72,6.0,103,974,1,0.66,-0.82,35700,1,0.66,-0.82,35700
2026-05-09 15:30:44,1,1,1,910.8,-72,7.0,111,904,1,0.66,-0.82,35700,1,0.66,-0.82,35700
2026-05-09 15:30:44,1,1,1,858.1,-39,6.2,93,853,1,0.58,-0.82,35700,1,0.58,-0.82,35700
2026-05-09 15:30:44,1,1,1,858.1,-39,6.2,93,853,1,0.58,-0.82,35700,1,0.58,-0.82,35700
2026-05-09 15:30:44,1,1,1,798.4,-39,6.0,84,794,1,0.58,-0.82,35700,1,0.58,-0.82,35700
2026-05-09 15:30:44,1,1,1,798.4,-39,6.0,84,794,1,0.58,-0.82,35700,1,0.58,-0.82,35700
2026-05-09 15:30:44,1,1,1,734.6,-64,7.7,98,728,1,0.58,-0.82,35700,1,0.58,-0.82,35700
2026-05-09 15:30:44,1,1,1,734.6,-64,7.7,98,728,1,0.58,-0.82,35700,1,0.58,-0.82,35700
2026-05-09 15:30:44,1,1,1,661.4,-39,10.2,117,651,1,0.58,-0.82,35700,1,0.58,-0.82,35700
2026-05-09 15:30:44,1,1,1,661.4,-39,10.2,117,651,1,0.58,-0.82,35700,1,0.58,-0.82,35700
2026-05-09 15:30:44,1,1,1,603.0,-24,13.2,138,587,1,0.58,-0.82,35700,1,0.58,-0.82,35700
2026-05-09 15:30:44,1,1,1,558.0,8,15.4,148,538,1,0.58,-0.82,35700,1,0.58,-0.82,35700
2026-05-09 15:30:45,1,1,1,558.0,8,15.4,148,538,1,0.50,0.45,10105,1,0.50,0.45,10105
2026-05-09 15:30:45,1,1,1,524.9,39,15.8,143,505,1,0.50,0.45,10105,1,0.50,0.45,10105
2026-05-09 15:30:45,1,1,1,524.9,39,15.8,143,505,1,0.53,0.58,51850,1,0.53,0.58,51850
2026-05-09 15:30:45,1,1,1,501.4,64,15.1,131,484,1,0.53,0.58,51850,1,0.53,0.58,51850
2026-05-09 15:30:45,1,1,1,501.4,64,15.1,131,484,1,0.59,0.58,51850,1,0.59,0.58,51850
2026-05-09 15:30:45,1,1,1,491.2,79,12.8,109,479,1,0.59,0.58,51850,1,0.59,0.58,51850
2026-05-09 15:30:45,1,1,1,508.4,56,10.4,92,500,1,0.69,0.63,20212,1,0.69,0.63,20212
2026-05-09 15:30:45,1,1,1,508.4,56,10.4,92,500,1,0.69,0.63,20212,1,0.69,0.63,20212
2026-05-09 15:30:45,1,1,1,535.0,72,7.0,65,531,1,0.74,0.60,53041,1,0.74,0.60,53041
2026-05-09 15:30:45,1,1,1,535.0,72,7.0,65,531,1,0.74,0.60,53041,1,0.74,0.60,53041
2026-05-09 15:30:45,1,1,1,568.0,72,3.3,33,567,1,0.81,0.60,53041,1,0.81,0.60,53041
2026-05-09 15:30:45,1,1,1,568.0,72,3.3,33,567,1,0.81,0.60,53041,1,0.81,0.60,53041
2026-05-09 15:30:45,1,1,1,588.2,72,1.7,17,588,1,0.81,0.60,53041,1,0.81,0.60,53041
2026-05-09 15:30:45,1,1,1,588.2,72,1.7,17,588,1,0.81,0.60,53041,1,0.81,0.60,53041
2026-05-09 15:30:45,1,1,1,638.0,64,-0.4,-5,638,1,0.81,0.60,53041,1,0.81,0.60,53041
2026-05-09 15:30:45,1,1,1,690.5,72,-2.1,-25,690,1,0.81,0.60,53041,1,0.81,0.60,53041
2026-05-09 15:30:45,1,1,1,690.5,72,-2.1,-25,690,1,0.81,0.60,53041,1,0.81,0.60,53041
2026-05-09 15:30:45,1,1,1,751.0,79,-2.9,-38,750,1,0.81,0.60,53041,1,0.81,0.60,53041
2026-05-09 15:30:45,1,1,1,751.0,79,-2.9,-38,750,1,0.81,0.60,53041,1,0.81,0.60,53041
2026-05-09 15:30:45,1,1,1,814.5,79,-3.5,-50,813,1,0.81,0.60,53041,1,0.81,0.60,53041
2026-05-09 15:30:46,1,1,1,814.5,79,-3.5,-50,813,1,0.81,0.60,53041,1,0.81,0.60,53041
2026-05-09 15:30:46,1,1,1,884.2,64,-4.1,-63,882,1,0.81,0.60,53041,1,0.81,0.60,53041
2026-05-09 15:30:46,1,1,1,952.0,72,-4.5,-75,949,1,0.81,0.60,53041,1,0.81,0.60,53041
2026-05-09 15:30:46,1,1,1,952.0,72,-4.5,-75,949,1,0.00,0.00,0,0,0.00,0.00,0
2026-05-09 15:30:46,1,1,1,1016.6,72,-4.8,-85,1013,1,1.49,0.74,16913,1,1.49,0.74,16913
2026-05-09 15:30:46,1,1,1,1016.6,72,-4.8,-85,1013,1,1.49,0.74,16913,1,1.49,0.74,16913
2026-05-09 15:30:46,1,1,1,1080.4,79,-5.2,-97,1076,1,1.56,0.74,16913,1,1.56,0.74,16913
2026-05-09 15:30:46,1,1,1,1080.4,79,-5.2,-97,1076,1,1.56,0.74,16913,1,1.56,0.74,16913
2026-05-09 15:30:46,1,1,1,1148.2,88,-5.4,-109,1143,1,1.56,0.74,16913,1,1.56,0.74,16913
2026-05-09 15:30:46,1,1,1,1148.2,88,-5.4,-109,1143,1,1.56,0.74,16913,1,1.56,0.74,16913
2026-05-09 15:30:46,1,1,1,1211.6,88,-5.0,-106,1207,1,1.56,0.74,16913,1,1.56,0.74,16913
2026-05-09 15:30:46,1,1,1,1279.4,79,-4.8,-106,1275,1,1.56,0.74,16913,1,1.56,0.74,16913
2026-05-09 15:30:46,1,1,1,1279.4,79,-4.8,-106,1275,1,1.56,0.74,16913,1,1.56,0.74,16913
2026-05-09 15:30:46,1,1,1,1349.1,79,-3.9,-92,1346,1,1.56,0.74,16913,1,1.56,0.74,16913
2026-05-09 15:30:46,1,1,1,1349.1,79,-3.9,-92,1346,1,1.56,0.74,16913,1,1.56,0.74,16913
2026-05-09 15:30:46,1,1,1,1424.8,79,-2.9,-71,1423,1,1.56,0.74,16913,1,1.56,0.74,16913
2026-05-09 15:30:46,1,1,1,1424.8,79,-2.9,-71,1423,1,1.56,0.74,16913,1,1.56,0.74,16913
2026-05-09 15:30:46,1,1,1,1495.6,79,-2.7,-70,1494,1,1.56,0.74,16913,1,1.56,0.74,16913
2026-05-09 15:30:46,1,1,1,1564.4,88,-2.5,-67,1563,1,1.56,0.74,16913,1,1.56,0.74,16913
2026-05-09 15:30:46,1,1,1,1564.4,88,-2.5,-67,1563,1,0.00,0.00,0,0,0.00,0.00,0
2026-05-09 15:30:47,1,1,1,1627.4,88,-3.1,-89,1625,1,0.00,0.00,0,0,0.00,0.00,0
2026-05-09 15:30:47,1,1,1,1627.4,88,-3.1,-89,1625,1,0.00,0.00,0,0,0.00,0.00,0
2026-05-09 15:30:47,1,1,1,1697.7,96,-3.2,-96,1695,1,2.24,0.96,12904,1,2.24,0.96,12904
2026-05-09 15:30:47,1,1,1,1697.7,96,-3.2,-96,1695,1,2.24,0.96,12904,1,2.24,0.96,12904
2026-05-09 15:30:47,1,1,1,1770.2,88,-3.5,-107,1767,1,2.34,0.96,12904,1,2.34,0.96,12904
2026-05-09 15:30:47,1,1,1,1770.2,88,-3.5,-107,1767,1,2.34,0.96,12904,1,2.34,0.96,12904
2026-05-09 15:30:47,1,1,1,1842.2,79,-3.4,-109,1839,1,2.34,0.96,12904,1,2.34,0.96,12904
2026-05-09 15:30:47,1,1,1,1903.4,56,-3.9,-129,1899,1,2.34,0.96,12904,1,2.34,0.96,12904
2026-05-09 15:30:47,1,1,1,1903.4,56,-3.9,-129,1899,1,2.34,0.96,12904,1,2.34,0.96,12904
2026-05-09 15:30:47,1,1,1,1969.8,104,-4.0,-138,1965,1,2.34,0.96,12904,1,2.34,0.96,12904
2026-05-09 15:30:47,1,1,1,1969.8,104,-4.0,-138,1965,1,2.34,0.96,12904,1,2.34,0.96,12904
2026-05-09 15:30:47,1,1,1,2035.6,64,-3.9,-137,2031,1,2.34,0.96,12904,1,2.34,0.96,12904
2026-05-09 15:30:47,1,1,1,2035.6,64,-3.9,-137,2031,1,2.34,0.96,12904,1,2.34,0.96,12904
2026-05-09 15:30:47,1,1,1,2117.9,0,-3.5,-129,2114,1,2.34,0.96,12904,1,2.34,0.96,12904
2026-05-09 15:30:47,1,1,1,2173.7,39,-3.3,-126,2170,1,2.34,0.96,12904,1,2.34,0.96,12904
2026-05-09 15:30:47,1,1,1,2173.7,39,-3.3,-126,2170,1,2.34,0.96,12904,1,2.34,0.96,12904
2026-05-09 15:30:47,1,1,1,2225.3,24,-3.1,-122,2222,1,2.34,0.96,12904,1,2.34,0.96,12904
2026-05-09 15:30:47,1,1,1,2225.3,24,-3.1,-122,2222,1,0.00,0.00,0,0,0.00,0.00,0
2026-05-09 15:30:47,1,1,1,2290.6,0,-3.2,-128,2287,1,0.00,0.00,0,0,0.00,0.00,0
2026-05-09 15:30:47,1,1,1,2290.6,0,-3.2,-128,2287,1,0.00,0.00,0,0,0.00,0.00,0
2026-05-09 15:30:48,1,1,1,2357.9,0,-3.3,-136,2354,1,0.00,0.00,0,0,0.00,0.00,0
2026-05-09 15:30:48,1,1,1,2357.9,0,-3.3,-136,2354,1,0.00,0.00,0,0,0.00,0.00,0
2026-05-09 15:30:48,1,1,1,2392.6,-16,-3.2,-132,2389,0,0.00,0.00,0,0,0.00,0.00,0
2026-05-09 15:30:48,1,1,1,2414.3,-64,-3.4,-144,2410,0,0.00,0.00,0,0,0.00,0.00,0
2026-05-09 15:30:48,1,1,1,2414.3,-64,-3.4,-144,2410,0,0.00,0.00,0,0,0.00,0.00,0
2026-05-09 15:30:48,1,1,1,2416.9,-48,-3.2,-137,2413,0,0.00,0.00,0,0,0.00,0.00,0
2026-05-09 15:30:48,1,1,1,2416.9,-48,-3.2,-137,2413,0,0.00,0.00,0,0,0.00,0.00,0
2026-05-09 15:30:48,1,1,1,2409.6,-56,-3.1,-132,2406,0,0.00,0.00,0,0,0.00,0.00,0
2026-05-09 15:30:48,1,1,1,2409.6,-56,-3.1,-132,2406,0,0.00,0.00,0,1,2.49,-0.46,16965
2026-05-09 15:30:48,1,1,1,2402.4,0,-3.1,-128,2399,0,0.00,0.00,0,1,2.49,-0.46,16965
2026-05-09 15:30:48,1,1,1,2421.9,0,-3.3,-138,2418,1,2.45,-0.46,16965,1,2.45,-0.46,16965
2026-05-09 15:30:48,1,1,1,2421.9,0,-3.3,-138,2418,1,2.45,-0.46,16965,1,2.45,-0.46,16965
2026-05-09 15:30:48,1,1,1,2489.8,0,-4.2,-184,2483,1,2.45,-0.46,16965,1,2.45,-0.46,16965
2026-05-09 15:30:48,1,1,1,2489.8,0,-4.2,-184,2483,1,2.45,-0.46,16965,1,2.45,-0.46,16965
2026-05-09 15:30:48,1,1,1,2629.5,-64,-6.2,-285,2614,1,2.45,-0.46,16965,1,2.45,-0.46,16965
2026-05-09 15:30:48,1,1,1,2629.5,-64,-6.2,-285,2614,1,2.45,-0.46,16965,1,2.45,-0.46,16965
2026-05-09 15:30:48,1,1,1,2578.6,-72,-6.3,-283,2563,1,2.24,-0.92,26573,1,2.24,-0.92,26573
2026-05-09 15:30:48,1,1,1,2578.6,-72,-6.3,-283,2563,1,2.24,-0.92,26573,1,2.24,-0.92,26573
2026-05-09 15:30:48,1,1,1,2527.5,-96,-6.1,-270,2513,1,2.15,-0.92,26573,1,2.15,-0.92,26573
2026-05-09 15:30:48,1,1,1,2468.2,-79,-5.9,-255,2455,1,2.15,-0.92,26573,1,2.15,-0.92,26573
2026-05-09 15:30:49,1,1,1,2468.2,-79,-5.9,-255,2455,1,2.15,-0.92,26573,1,2.15,-0.92,26573
2026-05-09 15:30:49,1,1,1,2347.5,-79,-5.4,-222,2337,1,2.15,-0.92,26573,1,2.15,-0.92,26573
2026-05-09 15:30:49,1,1,1,2347.5,-79,-5.4,-222,2337,1,2.15,-0.92,26573,1,2.15,-0.92,26573
2026-05-09 15:30:49,1,1,1,2235.0,-88,-5.4,-211,2225,1,2.15,-0.92,26573,1,2.15,-0.92,26573
2026-05-09 15:30:49,1,1,1,2235.0,-88,-5.4,-211,2225,1,2.15,-0.92,26573,1,2.15,-0.92,26573
2026-05-09 15:30:49,1,1,1,2126.3,-88,-5.6,-209,2116,1,2.15,-0.92,26573,1,2.15,-0.92,26573
2026-05-09 15:30:49,1,1,1,2126.3,-88,-5.6,-209,2116,1,2.15,-0.92,26573,1,2.15,-0.92,26573
2026-05-09 15:30:49,1,1,1,2022.9,-88,-6.0,-210,2012,1,2.15,-0.92,26573,1,2.15,-0.92,26573
2026-05-09 15:30:49,1,1,1,1933.3,-119,-5.6,-189,1924,1,2.15,-0.92,26573,1,2.15,-0.92,26573
2026-05-09 15:30:49,1,1,1,1933.3,-119,-5.6,-189,1924,1,2.15,-0.92,26573,1,2.15,-0.92,26573
2026-05-09 15:30:49,1,1,1,1848.2,-88,-5.4,-174,1840,1,2.15,-0.92,26573,1,2.15,-0.92,26573
2026-05-09 15:30:49,1,1,1,1848.2,-88,-5.4,-174,1840,1,0.00,0.00,0,0,0.00,0.00,0
2026-05-09 15:30:49,1,1,1,1766.0,-88,-5.1,-157,1759,1,0.00,0.00,0,0,0.00,0.00,0
2026-05-09 15:30:49,1,1,1,1766.0,-88,-5.1,-157,1759,1,0.00,0.00,0,0,0.00,0.00,0
2026-05-09 15:30:49,1,1,1,1670.4,-79,-4.6,-134,1665,1,0.00,0.00,0,0,0.00,0.00,0
2026-05-09 15:30:49,1,1,1,1569.2,-79,-3.7,-100,1566,1,0.00,0.00,0,0,0.00,0.00,0
2026-05-09 15:30:49,1,1,1,1569.2,-79,-3.7,-100,1566,0,0.00,0.00,0,0,0.00,0.00,0
2026-05-09 15:30:49,1,1,1,1476.6,-79,-2.7,-69,1475,0,0.00,0.00,0,0,0.00,0.00,0
2026-05-09 15:30:49,1,1,1,1476.6,-79,-2.7,-69,1475,0,0.00,0.00,0,0,0.00,0.00,0
2026-05-09 15:30:49,1,1,1,1399.9,-88,-2.0,-50,1399,0,0.00,0.00,0,0,0.00,0.00,0
2026-05-09 15:30:50,1,1,1,1399.9,-88,-2.0,-50,1399,0,0.00,0.00,0,1,1.24,-0.95,50922
2026-05-09 15:30:50,1,1,1,1329.3,-104,-1.3,-29,1329,0,0.00,0.00,0,1,1.24,-0.95,50922
2026-05-09 15:30:50,1,1,1,1329.3,-104,-1.3,-29,1329,1,1.20,-0.92,50450,1,1.20,-0.92,50450
2026-05-09 15:30:50,1,1,1,1258.2,-79,-0.9,-20,1258,1,1.20,-0.92,50450,1,1.20,-0.92,50450
2026-05-09 15:30:50,1,1,1,1200.1,-64,-0.7,-14,1200,1,1.10,-0.92,50450,1,1.10,-0.92,50450
2026-05-09 15:30:50,1,1,1,1200.1,-64,-0.7,-14,1200,1,1.10,-0.92,50450,1,1.10,-0.92,50450
2026-05-09 15:30:50,1,1,1,1139.0,-56,-0.5,-9,1139,1,1.10,-0.92,50450,1,1.10,-0.92,50450
2026-05-09 15:30:50,1,1,1,1139.0,-56,-0.5,-9,1139,1,1.10,-0.92,50450,1,1.10,-0.92,50450
2026-05-09 15:30:50,1,1,1,1085.1,-56,0.6,11,1085,1,1.10,-0.92,50450,1,1.10,-0.92,50450
2026-05-09 15:30:50,1,1,1,1085.1,-56,0.6,11,1085,1,1.10,-0.92,50450,1,1.10,-0.92,50450
2026-05-09 15:30:50,1,1,1,1015.5,-56,1.7,31,1015,1,1.10,-0.92,50450,1,1.10,-0.92,50450
2026-05-09 15:30:50,1,1,1,949.2,-48,2.8,47,948,1,1.10,-0.92,50450,1,1.10,-0.92,50450
2026-05-09 15:30:50,1,1,1,949.2,-48,2.8,47,948,1,0.75,-0.47,45778,1,0.75,-0.47,45778
2026-05-09 15:30:50,1,1,1,883.9,-48,4.7,72,881,1,0.75,-0.47,45778,1,0.75,-0.47,45778
2026-05-09 15:30:50,1,1,1,883.9,-48,4.7,72,881,1,0.70,-0.47,45778,1,0.70,-0.47,45778
2026-05-09 15:30:50,1,1,1,825.4,-32,6.5,94,820,1,0.70,-0.47,45778,1,0.70,-0.47,45778
2026-05-09 15:30:50,1,1,1,825.4,-32,6.5,94,820,1,0.70,-0.47,45778,1,0.70,-0.47,45778
2026-05-09 15:30:50,1,1,1,777.8,-32,8.7,117,769,1,0.70,-0.47,45778,1,0.70,-0.47,45778
2026-05-09 15:30:50,1,1,1,777.8,-32,8.7,117,769,1,0.70,-0.47,45778,1,0.70,-0.47,45778
2026-05-09 15:30:50,1,1,1,728.6,-16,10.7,135,716,1,0.70,-0.47,45778,1,0.70,-0.47,45778
2026-05-09 15:30:51,1,1,1,671.4,-32,13.1,152,654,1,0.70,-0.47,45778,1,0.70,-0.47,45778
2026-05-09 15:30:51,1,1,1,671.4,-32,13.1,152,654,1,0.70,-0.47,45778,1,0.70,-0.47,45778
2026-05-09 15:30:51,1,1,1,619.2,24,15.7,168,596,1,0.70,-0.47,45778,1,0.70,-0.47,45778
2026-05-09 15:30:51,1,1,1,619.2,24,15.7,168,596,1,0.70,-0.47,45778,1,0.70,-0.47,45778
2026-05-09 15:30:51,1,1,1,593.2,64,16.8,171,568,1,0.70,-0.47,45778,1,0.70,-0.47,45778
2026-05-09 15:30:51,1,1,1,593.2,64,16.8,171,568,1,0.70,-0.47,45778,1,0.70,-0.47,45778
2026-05-09 15:30:51,1,1,1,591.8,104,16.3,166,568,1,0.70,-0.47,45778,1,0.70,-0.47,45778
2026-05-09 15:30:51,1,1,1,603.9,88,14.4,150,585,1,0.00,0.00,0,0,0.00,0.00,0
2026-05-09 15:30:51,1,1,1,603.9,88,14.4,150,585,1,0.00,0.00,0,0,0.00,0.00,0
2026-05-09 15:30:51,1,1,1,615.4,72,12.9,137,600,1,0.00,0.00,0,0,0.00,0.00,0
2026-05-09 15:30:51,1,1,1,615.4,72,12.9,137,600,1,0.99,0.72,9668,1,0.99,0.72,9668
2026-05-09 15:30:51,1,1,1,624.3,64,12.3,133,610,1,0.99,0.72,9668,1,0.99,0.72,9668
2026-05-09 15:30:51,1,1,1,624.3,64,12.3,133,610,1,1.06,0.72,9668,1,1.06,0.72,9668
2026-05-09 15:30:51,1,1,1,636.0,64,11.6,128,623,1,1.06,0.72,9668,1,1.06,0.72,9668
2026-05-09 15:30:51,1,1,1,636.0,64,11.6,128,623,1,1.06,0.72,9668,1,1.06,0.72,9668
2026-05-09 15:30:51,1,1,1,675.5,72,9.6,113,666,1,1.06,0.72,9668,1,1.06,0.72,9668
2026-05-09 15:30:51,1,1,1,717.2,72,8.7,108,709,1,1.06,0.72,9668,1,1.06,0.72,9668
2026-05-09 15:30:51,1,1,1,717.2,72,8.7,108,709,1,1.06,0.72,9668,1,1.06,0.72,9668
2026-05-09 15:30:51,1,1,1,758.8,104,7.1,94,753,1,1.06,0.72,9668,1,1.06,0.72,9668
2026-05-09 15:30:51,1,1,1,758.8,104,7.1,94,753,1,1.06,0.72,9668,1,1.06,0.72,9668
2026-05-09 15:30:52,1,1,1,803.8,96,5.6,78,800,1,1.06,0.72,9668,1,1.06,0.72,9668
2026-05-09 15:30:52,1,1,1,803.8,96,5.6,78,800,1,1.06,0.72,9668,1,1.06,0.72,9668
2026-05-09 15:30:52,1,1,1,899.0,79,2.7,43,898,1,1.06,0.72,9668,1,1.06,0.72,9668
2026-05-09 15:30:52,1,1,1,990.0,79,0.1,2,990,1,1.06,0.72,9668,1,1.06,0.72,9668
2026-05-09 15:30:52,1,1,1,990.0,79,0.1,2,990,1,1.06,0.72,9668,1,1.06,0.72,9668
2026-05-09 15:30:52,1,1,1,1076.1,72,-0.8,-15,1076,1,0.00,0.00,0,0,0.00,0.00,0
2026-05-09 15:30:52,1,1,1,1076.1,72,-0.8,-15,1076,1,1.52,0.73,38976,1,1.52,0.73,38976
2026-05-09 15:30:52,1,1,1,1157.2,72,-1.1,-22,1157,1,1.52,0.73,38976,1,1.52,0.73,38976
2026-05-09 15:30:52,1,1,1,1157.2,72,-1.1,-22,1157,1,1.59,0.73,38976,1,1.59,0.73,38976
2026-05-09 15:30:52,1,1,1,1236.7,79,-1.9,-42,1236,1,1.59,0.73,38976,1,1.59,0.73,38976
2026-05-09 15:30:52,1,1,1,1236.7,79,-1.9,-42,1236,1,1.59,0.73,38976,1,1.59,0.73,38976
2026-05-09 15:30:52,1,1,1,1319.6,104,-2.8,-65,1318,1,1.59,0.73,38976,1,1.59,0.73,38976
2026-05-09 15:30:52,1,1,1,1400.0,88,-4.3,-106,1396,1,1.59,0.73,38976,1,1.59,0.73,38976
2026-05-09 15:30:52,1,1,1,1400.0,88,-4.3,-106,1396,1,1.59,0.73,38976,1,1.59,0.73,38976
2026-05-09 15:30:52,1,1,1,1477.6,79,-5.0,-129,1472,1,1.59,0.73,38976,1,1.59,0.73,38976
2026-05-09 15:30:52,1,1,1,1477.6,79,-5.0,-129,1472,1,1.59,0.73,38976,1,1.59,0.73,38976
2026-05-09 15:30:52,1,1,1,1552.2,72,-5.1,-139,1546,1,1.99,0.72,13220,1,1.99,0.72,13220
2026-05-09 15:30:52,1,1,1,1552.2,72,-5.1,-139,1546,1,1.99,0.72,13220,1,1.99,0.72,13220
2026-05-09 15:30:52,1,1,1,1626.9,79,-4.9,-138,1621,1,2.07,0.72,13220,1,2.07,0.72,13220
2026-05-09 15:30:52,1,1,1,1697.6,79,-4.2,-125,1693,1,2.07,0.72,13220,1,2.07,0.72,13220
2026-05-09 15:30:53,1,1,1,1697.6,79,-4.2,-125,1693,1,2.07,0.72,13220,1,2.07,0.72,13220
2026-05-09 15:30:53,1,1,1,1771.5,88,-3.6,-112,1768,1,2.07,0.72,13220,1,2.07,0.72,13220
2026-05-09 15:30:53,1,1,1,1771.5,88,-3.6,-112,1768,1,2.07,0.72,13220,1,2.07,0.72,13220
2026-05-09 15:30:53,1,1,1,1846.3,96,-3.4,-111,1843,1,2.07,0.72,13220,1,2.07,0.72,13220
2026-05-09 15:30:53,1,1,1,1846.3,96,-3.4,-111,1843,1,2.07,0.72,13220,1,2.07,0.72,13220
2026-05-09 15:30:53,1,1,1,1918.3,79,-3.4,-113,1915,1,2.07,0.72,13220,1,2.07,0.72,13220
2026-05-09 15:30:53,1,1,1,1918.3,79,-3.4,-113,1915,1,2.07,0.72,13220,1,2.07,0.72,13220
2026-05-09 15:30:53,1,1,1,1992.4,56,-3.4,-117,1989,1,2.07,0.72,13220,1,2.07,0.72,13220
2026-05-09 15:30:53,1,1,1,2060.2,64,-3.2,-115,2057,1,2.07,0.72,13220,1,2.07,0.72,13220
2026-05-09 15:30:53,1,1,1,2060.2,64,-3.2,-115,2057,1,2.07,0.72,13220,1,2.07,0.72,13220
2026-05-09 15:30:53,1,1,1,2124.4,39,-3.2,-120,2121,1,2.07,0.72,13220,1,2.07,0.72,13220
2026-05-09 15:30:53,1,1,1,2124.4,39,-3.2,-120,2121,1,0.00,0.00,0,0,0.00,0.00,0
2026-05-09 15:30:53,1,1,1,2182.8,56,-3.4,-128,2179,1,1.25,0.00,965,1,1.25,0.00,965
2026-05-09 15:30:53,1,1,1,2182.8,56,-3.4,-128,2179,1,1.25,0.00,965,1,1.25,0.00,965
2026-05-09 15:30:53,1,1,1,2243.3,72,-3.1,-122,2240,1,1.25,0.00,1145,1,1.25,0.00,1145
2026-05-09 15:30:53,1,1,1,2243.3,72,-3.1,-122,2240,1,1.25,0.00,1145,1,1.25,0.00,1145
2026-05-09 15:30:53,1,1,1,2320.1,0,-3.0,-120,2317,0,0.00,0.00,0,1,1.25,0.00,1145
2026-05-09 15:30:53,1,1,1,2442.0,0,-3.3,-139,2438,0,0.00,0.00,0,1,1.25,0.00,1145
2026-05-09 15:30:53,1,1,1,2442.0,0,-3.3,-139,2438,0,0.00,0.00,0,1,1.25,0.00,1145
2026-05-09 15:30:53,1,1,1,2572.9,0,-3.2,-142,2569,0,0.00,0.00,0,1,1.25,0.00,1145
2026-05-09 15:30:54,1,1,1,2572.9,0,-3.2,-142,2569,0,0.00,0.00,0,1,1.25,0.00,1145
2026-05-09 15:30:54,1,1,1,2678.8,0,-3.0,-142,2675,0,0.00,0.00,0,1,1.25,0.00,1145
2026-05-09 15:30:54,1,1,1,2678.8,0,-3.0,-142,2675,0,0.00,0.00,0,1,1.25,0.00,541
2026-05-09 15:30:54,1,1,1,2735.3,0,-2.3,-112,2733,0,0.00,0.00,0,1,1.25,0.00,541
2026-05-09 15:30:54,1,1,1,2725.2,-24,-1.7,-82,2724,0,0.00,0.00,0,1,1.98,-0.07,10114
2026-05-09 15:30:54,1,1,1,2725.2,-24,-1.7,-82,2724,0,0.00,0.00,0,1,1.98,-0.07,10114
2026-05-09 15:30:54,1,1,1,2693.7,-39,-1.3,-63,2693,0,0.00,0.00,0,1,1.73,-0.07,424
2026-05-09 15:30:54,1,1,1,2693.7,-39,-1.3,-63,2693,0,0.00,0.00,0,1,1.73,-0.07,424
2026-05-09 15:30:54,1,1,1,2668.4,0,-1.0,-47,2668,0,0.00,0.00,0,1,1.61,-0.06,629
2026-05-09 15:30:54,1,1,1,2668.4,0,-1.0,-47,2668,0,0.00,0.00,0,1,1.61,-0.06,629
2026-05-09 15:30:54,1,1,1,2647.1,-48,-0.5,-23,2647,0,0.00,0.00,0,1,1.53,-0.06,485
2026-05-09 15:30:54,1,1,1,2647.1,-48,-0.5,-23,2647,0,0.00,0.00,0,1,1.53,-0.06,485
2026-05-09 15:30:54,1,1,1,2623.0,-48,-0.2,-7,2623,0,0.00,0.00,0,1,1.52,-0.06,485
2026-05-09 15:30:54,1,1,1,2599.0,-39,0.0,1,2599,0,0.00,0.00,0,1,1.52,-0.06,485
2026-05-09 15:30:54,1,1,1,2599.0,-39,0.0,1,2599,0,0.00,0.00,0,1,1.52,-0.06,485
2026-05-09 15:30:54,1,1,1,2578.0,0,0.1,3,2578,0,0.00,0.00,0,1,1.52,-0.06,485
2026-05-09 15:30:54,1,1,1,2578.0,0,0.1,3,2578,0,0.00,0.00,0,1,1.52,-0.06,485
2026-05-09 15:30:54,1,1,1,2612.1,0,-0.5,-25,2612,0,0.00,0.00,0,1,1.52,-0.06,485
2026-05-09 15:30:54,1,1,1,2612.1,0,-0.5,-25,2612,0,0.00,0.00,0,1,1.52,-0.06,485
2026-05-09 15:30:54,1,1,1,2626.3,-72,-0.8,-38,2626,0,0.00,0.00,0,1,1.52,-0.06,485
2026-05-09 15:30:55,1,1,1,2601.6,-88,-1.2,-55,2601,0,0.00,0.00,0,1,1.52,-0.06,485
2026-05-09 15:30:55,1,1,1,2601.6,-88,-1.2,-55,2601,0,0.00,0.00,0,1,1.52,-0.06,485
2026-05-09 15:30:55,1,1,1,2585.7,-79,-1.3,-60,2585,0,0.00,0.00,0,1,1.52,-0.06,485
2026-05-09 15:30:55,1,1,1,2585.7,-79,-1.3,-60,2585,0,0.00,0.00,0,1,1.52,-0.06,485
2026-05-09 15:30:55,1,1,1,2529.9,-79,-1.5,-68,2529,0,0.00,0.00,0,1,2.03,-0.68,51914
2026-05-09 15:30:55,1,1,1,2529.9,-79,-1.5,-68,2529,0,0.00,0.00,0,1,2.03,-0.68,51914
2026-05-09 15:30:55,1,1,1,2470.0,-72,-1.7,-72,2469,1,1.97,-0.68,51914,1,1.97,-0.68,51914
2026-05-09 15:30:55,1,1,1,2470.0,-72,-1.7,-72,2469,1,1.97,-0.68,51914,1,1.97,-0.68,51914
2026-05-09 15:30:55,1,1,1,2359.4,-79,-2.0,-81,2358,1,1.94,-0.69,44624,1,1.94,-0.69,44624
2026-05-09 15:30:55,1,1,1,2255.0,-79,-2.4,-94,2253,1,1.94,-0.69,44624,1,1.94,-0.69,44624
2026-05-09 15:31:05,1,1,1,1593.6,48,1.6,44,1593,1,1.82,0.79,63265,1,1.82,0.79,63265
2026-05-09 15:31:05,1,1,1,1593.6,48,1.6,44,1593,1,1.82,0.79,63265,1,1.82,0.79,63265
2026-05-09 15:31:05,1,1,1,1656.2,64,1.0,28,1656,1,1.82,0.79,63265,1,1.82,0.79,63265
2026-05-09 15:31:05,1,1,1,1656.2,64,1.0,28,1656,1,1.82,0.79,63265,1,1.82,0.79,63265
2026-05-09 15:31:05,1,1,1,1697.0,39,0.3,9,1697,1,1.82,0.79,63265,1,1.82,0.79,63265
2026-05-09 15:31:05,1,1,1,1697.0,39,0.3,9,1697,1,1.82,0.79,63265,1,1.82,0.79,63265
2026-05-09 15:31:05,1,1,1,1754.1,48,-0.5,-14,1754,1,1.82,0.79,63265,1,1.82,0.79,63265
2026-05-09 15:31:05,1,1,1,1754.1,48,-0.5,-14,1754,1,1.82,0.79,63265,1,1.82,0.79,63265
2026-05-09 15:31:05,1,1,1,1827.5,0,-1.3,-41,1827,1,1.82,0.79,63265,1,1.82,0.79,63265
2026-05-09 15:31:05,1,1,1,1894.6,48,-1.5,-48,1894,1,0.00,0.00,0,0,0.00,0.00,0
2026-05-09 15:31:06,1,1,1,1894.6,48,-1.5,-48,1894,1,0.00,0.00,0,0,0.00,0.00,0
2026-05-09 15:31:06,1,1,1,1959.1,39,-1.9,-65,1958,1,0.00,0.00,0,0,0.00,0.00,0
2026-05-09 15:31:06,1,1,1,1959.1,39,-1.9,-65,1958,1,0.00,0.00,0,0,0.00,0.00,0
2026-05-09 15:31:06,1,1,1,2014.1,39,-2.6,-92,2012,1,0.00,0.00,0,0,0.00,0.00,0
2026-05-09 15:31:06,1,1,1,2014.1,39,-2.6,-92,2012,0,0.00,0.00,0,0,0.00,0.00,0
2026-05-09 15:31:06,1,1,1,2064.4,48,-3.3,-119,2061,0,0.00,0.00,0,0,0.00,0.00,0
2026-05-09 15:31:06,1,1,1,2064.4,48,-3.3,-119,2061,0,0.00,0.00,0,0,0.00,0.00,0
2026-05-09 15:31:06,1,1,1,2131.4,24,-4.1,-152,2126,0,0.00,0.00,0,0,0.00,0.00,0
2026-05-09 15:31:06,1,1,1,2192.3,32,-4.3,-166,2186,0,0.00,0.00,0,0,0.00,0.00,0
2026-05-09 15:31:06,1,1,1,2192.3,32,-4.3,-166,2186,0,0.00,0.00,0,0,0.00,0.00,0
2026-05-09 15:31:06,1,1,1,2238.8,32,-4.1,-161,2233,0,0.00,0.00,0,0,0.00,0.00,0
2026-05-09 15:31:06,1,1,1,2238.8,32,-4.1,-161,2233,0,0.00,0.00,0,0,0.00,0.00,0
2026-05-09 15:31:06,1,1,1,2285.2,16,-3.9,-154,2280,0,0.00,0.00,0,0,0.00,0.00,0
2026-05-09 15:31:06,1,1,1,2285.2,16,-3.9,-154,2280,0,0.00,0.00,0,0,0.00,0.00,0
2026-05-09 15:31:06,1,1,1,2325.6,0,-3.6,-146,2321,0,0.00,0.00,0,0,0.00,0.00,0
2026-05-09 15:31:06,1,1,1,2353.2,-16,-3.4,-140,2349,0,0.00,0.00,0,0,0.00,0.00,0
2026-05-09 15:31:06,1,1,1,2353.2,-16,-3.4,-140,2349,0,0.00,0.00,0,0,0.00,0.00,0
2026-05-09 15:31:06,1,1,1,2367.0,-32,-3.3,-137,2363,0,0.00,0.00,0,0,0.00,0.00,0
2026-05-09 15:31:06,1,1,1,2367.0,-32,-3.3,-137,2363,0,0.00,0.00,0,0,0.00,0.00,0
2026-05-09 15:31:06,1,1,1,2363.6,-48,-3.2,-130,2360,0,0.00,0.00,0,0,0.00,0.00,0
2026-05-09 15:31:07,1,1,1,2363.6,-48,-3.2,-130,2360,0,0.00,0.00,0,0,0.00,0.00,0
2026-05-09 15:31:07,1,1,1,2362.0,-39,-2.9,-119,2359,0,0.00,0.00,0,0,0.00,0.00,0
2026-05-09 15:31:07,1,1,1,2362.0,-39,-2.9,-119,2359,0,0.00,0.00,0,0,0.00,0.00,0
2026-05-09 15:31:07,1,1,1,2363.5,0,-2.6,-109,2361,0,0.00,0.00,0,0,0.00,0.00,0
2026-05-09 15:31:07,1,1,1,2355.4,-48,-2.6,-106,2353,0,0.00,0.00,0,0,0.00,0.00,0
2026-05-09 15:31:07,1,1,1,2355.4,-48,-2.6,-106,2353,0,0.00,0.00,0,0,0.00,0.00,0
2026-05-09 15:31:07,1,1,1,2353.4,-56,-2.6,-106,2351,0,0.00,0.00,0,0,0.00,0.00,0
2026-05-09 15:31:07,1,1,1,2353.4,-56,-2.6,-106,2351,0,0.00,0.00,0,0,0.00,0.00,0
2026-05-09 15:31:07,1,1,1,2348.4,-48,-2.6,-106,2346,0,0.00,0.00,0,0,0.00,0.00,0
2026-05-09 15:31:07,1,1,1,2348.4,-48,-2.6,-106,2346,0,0.00,0.00,0,0,0.00,0.00,0
2026-05-09 15:31:07,1,1,1,2342.3,-64,-2.5,-103,2340,0,0.00,0.00,0,0,0.00,0.00,0
2026-05-09 15:31:07,1,1,1,2334.2,-96,-2.5,-101,2332,0,0.00,0.00,0,0,0.00,0.00,0
2026-05-09 15:31:07,1,1,1,2334.2,-96,-2.5,-101,2332,0,0.00,0.00,0,0,0.00,0.00,0
2026-05-09 15:31:07,1,1,1,2323.1,-88,-2.4,-99,2321,0,0.00,0.00,0,0,0.00,0.00,0
2026-05-09 15:31:07,1,1,1,2323.1,-88,-2.4,-99,2321,0,0.00,0.00,0,0,0.00,0.00,0
2026-05-09 15:31:07,1,1,1,2311.0,0,-2.4,-96,2309,0,0.00,0.00,0,0,0.00,0.00,0
2026-05-09 15:31:07,1,1,1,2311.0,0,-2.4,-96,2309,0,0.00,0.00,0,0,0.00,0.00,0
2026-05-09 15:31:07,1,1,1,2296.9,-64,-2.3,-94,2295,0,0.00,0.00,0,0,0.00,0.00,0
2026-05-09 15:31:07,1,1,1,2296.9,-64,-2.3,-94,2295,0,0.00,0.00,0,0,0.00,0.00,0
2026-05-09 15:31:07,1,1,1,2279.9,-64,-2.3,-93,2278,0,0.00,0.00,0,0,0.00,0.00,0
2026-05-09 15:31:08,1,1,1,2229.7,-72,-2.2,-87,2228,0,0.00,0.00,0,0,0.00,0.00,0
2026-05-09 15:31:08,1,1,1,2229.7,-72,-2.2,-87,2228,0,0.00,0.00,0,0,0.00,0.00,0
2026-05-09 15:31:08,1,1,1,2175.7,-72,-2.2,-85,2174,0,0.00,0.00,0,0,0.00,0.00,0
2026-05-09 15:31:08,1,1,1,2175.7,-72,-2.2,-85,2174,0,0.00,0.00,0,0,0.00,0.00,0
2026-05-09 15:31:08,1,1,1,2123.6,-79,-2.2,-82,2122,0,0.00,0.00,0,0,0.00,0.00,0
2026-05-09 15:31:08,1,1,1,2123.6,-79,-2.2,-82,2122,0,0.00,0.00,0,0,0.00,0.00,0
2026-05-09 15:31:08,1,1,1,2067.7,-96,-2.3,-84,2066,0,0.00,0.00,0,0,0.00,0.00,0
2026-05-09 15:31:08,1,1,1,1962.6,-88,-2.3,-78,1961,0,0.00,0.00,0,0,0.00,0.00,0
2026-05-09 15:31:08,1,1,1,1962.6,-88,-2.3,-78,1961,0,0.00,0.00,0,0,0.00,0.00,0
2026-05-09 15:31:08,1,1,1,1857.7,-79,-2.4,-79,1856,0,0.00,0.00,0,0,0.00,0.00,0
2026-05-09 15:31:08,1,1,1,1857.7,-79,-2.4,-79,1856,0,0.00,0.00,0,0,0.00,0.00,0
2026-05-09 15:31:08,1,1,1,1762.6,-88,-2.4,-75,1761,0,0.00,0.00,0,0,0.00,0.00,0
2026-05-09 15:31:08,1,1,1,1762.6,-88,-2.4,-75,1761,0,0.00,0.00,0,0,0.00,0.00,0
2026-05-09 15:31:08,1,1,1,1666.4,-79,-2.4,-69,1665,0,0.00,0.00,0,0,0.00,0.00,0
2026-05-09 15:31:08,1,1,1,1666.4,-79,-2.4,-69,1665,0,0.00,0.00,0,0,0.00,0.00,0
2026-05-09 15:31:08,1,1,1,1572.3,-79,-2.4,-65,1571,0,0.00,0.00,0,0,0.00,0.00,0
2026-05-09 15:31:08,1,1,1,1485.8,-79,-1.9,-50,1485,0,0.00,0.00,0,1,1.24,-0.71,34020
2026-05-09 15:31:08,1,1,1,1485.8,-79,-1.9,-50,1485,0,0.00,0.00,0,1,1.24,-0.71,34020
2026-05-09 15:31:08,1,1,1,1405.4,-96,-1.3,-33,1405,1,1.17,-0.71,34020,1,1.17,-0.71,34020
2026-05-09 15:31:08,1,1,1,1405.4,-96,-1.3,-33,1405,1,1.17,-0.71,34020,1,1.17,-0.71,34020
2026-05-09 15:31:09,1,1,1,1328.3,-88,-1.2,-28,1328,1,1.17,-0.71,34020,1,1.17,-0.71,34020
2026-05-09 15:31:09,1,1,1,1328.3,-88,-1.2,-28,1328,1,1.17,-0.71,34020,1,1.17,-0.71,34020
2026-05-09 15:31:09,1,1,1,1259.2,-64,-1.0,-21,1259,1,1.17,-0.71,34020,1,1.17,-0.71,34020
2026-05-09 15:31:09,1,1,1,1197.0,-64,-0.3,-7,1197,1,1.17,-0.71,34020,1,1.17,-0.71,34020
2026-05-09 15:31:09,1,1,1,1197.0,-64,-0.3,-7,1197,1,0.99,-0.69,26426,1,0.99,-0.69,26426
2026-05-09 15:31:09,1,1,1,1128.2,-64,1.1,22,1128,1,0.99,-0.69,26426,1,0.99,-0.69,26426
2026-05-09 15:31:09,1,1,1,1128.2,-64,1.1,22,1128,1,0.87,-0.66,32329,1,0.87,-0.66,32329
2026-05-09 15:31:09,1,1,1,1062.0,-64,2.4,45,1061,1,0.87,-0.66,32329,1,0.87,-0.66,32329
2026-05-09 15:31:09,1,1,1,1062.0,-64,2.4,45,1061,1,0.78,-0.67,33796,1,0.78,-0.67,33796
2026-05-09 15:31:09,1,1,1,996.1,-64,3.7,64,994,1,0.78,-0.67,33796,1,0.78,-0.67,33796
2026-05-09 15:31:09,1,1,1,996.1,-64,3.7,64,994,1,0.72,-0.68,18410,1,0.72,-0.68,18410
2026-05-09 15:31:09,1,1,1,933.3,-64,4.9,79,930,1,0.72,-0.68,18410,1,0.72,-0.68,18410
2026-05-09 15:31:09,1,1,1,872.7,-48,5.3,80,869,1,0.68,-0.62,18772,1,0.68,-0.62,18772
2026-05-09 15:31:09,1,1,1,872.7,-48,5.3,80,869,1,0.68,-0.62,18772,1,0.68,-0.62,18772
2026-05-09 15:31:09,1,1,1,817.3,-32,5.9,84,813,1,0.66,-0.53,26050,1,0.66,-0.53,26050
2026-05-09 15:31:09,1,1,1,817.3,-32,5.9,84,813,1,0.66,-0.53,26050,1,0.66,-0.53,26050
2026-05-09 15:31:09,1,1,1,769.8,-16,7.0,94,764,1,0.61,-0.47,16080,1,0.61,-0.47,16080
2026-05-09 15:31:09,1,1,1,769.8,-16,7.0,94,764,1,0.61,-0.47,16080,1,0.61,-0.47,16080
2026-05-09 15:31:09,1,1,1,728.8,-8,8.4,106,721,1,0.59,-0.36,2778,1,0.59,-0.36,2778
2026-05-09 15:31:09,1,1,1,691.7,8,10.1,121,681,1,0.59,-0.36,2778,1,0.59,-0.36,2778
2026-05-09 15:31:10,1,1,1,691.7,8,10.1,121,681,1,0.57,-0.25,3629,1,0.57,-0.25,3629
2026-05-09 15:31:10,1,1,1,646.8,32,11.9,133,633,1,0.57,-0.25,3629,1,0.57,-0.25,3629
2026-05-09 15:31:10,1,1,1,646.8,32,11.9,133,633,1,0.55,-0.25,3629,1,0.55,-0.25,3629
2026-05-09 15:31:10,1,1,1,622.8,39,12.5,135,608,1,0.55,-0.25,3629,1,0.55,-0.25,3629
2026-05-09 15:31:10,1,1,1,622.8,39,12.5,135,608,1,0.59,-0.08,46929,1,0.59,-0.08,46929
2026-05-09 15:31:10,1,1,1,616.3,48,12.4,132,602,1,0.59,-0.08,46929,1,0.59,-0.08,46929
2026-05-09 15:31:10,1,1,1,616.3,48,12.4,132,602,1,0.59,-0.08,46929,1,0.59,-0.08,46929
2026-05-09 15:31:10,1,1,1,623.1,56,11.8,127,610,1,0.59,-0.08,46929,1,0.59,-0.08,46929
2026-05-09 15:31:10,1,1,1,634.9,48,10.6,117,624,1,0.59,-0.08,46929,1,0.59,-0.08,46929
2026-05-09 15:31:10,1,1,1,634.9,48,10.6,117,624,1,0.59,-0.08,46929,1,0.59,-0.08,46929
2026-05-09 15:31:10,1,1,1,641.0,39,10.2,113,631,1,0.59,-0.08,46929,1,0.59,-0.08,46929
2026-05-09 15:31:10,1,1,1,641.0,39,10.2,113,631,1,0.59,-0.08,46929,1,0.59,-0.08,46929
2026-05-09 15:31:10,1,1,1,645.6,39,9.4,105,637,1,0.59,-0.08,46929,1,0.59,-0.08,46929
2026-05-09 15:31:10,1,1,1,645.6,39,9.4,105,637,1,0.59,-0.08,46929,1,0.59,-0.08,46929
2026-05-09 15:31:10,1,1,1,652.6,48,8.7,99,645,1,0.59,-0.08,46929,1,0.59,-0.08,46929
2026-05-09 15:31:10,1,1,1,652.6,48,8.7,99,645,1,0.59,-0.08,46929,1,0.59,-0.08,46929
2026-05-09 15:31:10,1,1,1,662.0,56,8.3,96,655,1,1.03,0.49,39266,1,1.03,0.49,39266
2026-05-09 15:31:10,1,1,1,672.5,56,7.9,93,666,1,1.03,0.49,39266,1,1.03,0.49,39266
2026-05-09 15:31:10,1,1,1,672.5,56,7.9,93,666,1,1.06,0.50,11240,1,1.06,0.50,11240
2026-05-09 15:31:10,1,1,1,685.8,72,7.5,89,680,1,1.06,0.50,11240,1,1.06,0.50,11240
2026-05-09 15:31:11,1,1,1,685.8,72,7.5,89,680,1,1.11,0.50,11240,1,1.11,0.50,11240
2026-05-09 15:31:11,1,1,1,699.2,72,7.0,85,694,1,1.11,0.50,11240,1,1.11,0.50,11240
2026-05-09 15:31:11,1,1,1,699.2,72,7.0,85,694,1,1.11,0.50,11240,1,1.11,0.50,11240
2026-05-09 15:31:11,1,1,1,713.7,56,6.6,82,709,1,1.11,0.50,11240,1,1.11,0.50,11240
2026-05-09 15:31:11,1,1,1,731.2,56,6.1,78,727,1,1.11,0.50,11240,1,1.11,0.50,11240
2026-05-09 15:31:11,1,1,1,731.2,56,6.1,78,727,1,1.11,0.50,11240,1,1.11,0.50,11240
2026-05-09 15:31:11,1,1,1,784.1,64,5.1,70,781,1,1.11,0.50,11240,1,1.11,0.50,11240
2026-05-09 15:31:11,1,1,1,784.1,64,5.1,70,781,1,1.11,0.50,11240,1,1.11,0.50,11240
2026-05-09 15:31:11,1,1,1,838.9,56,3.8,56,837,1,1.11,0.50,11240,1,1.11,0.50,11240
2026-05-09 15:31:11,1,1,1,838.9,56,3.8,56,837,1,1.11,0.50,11240,1,1.11,0.50,11240
2026-05-09 15:31:11,1,1,1,885.9,48,2.7,41,885,1,1.11,0.50,11240,1,1.11,0.50,11240
2026-05-09 15:31:11,1,1,1,885.9,48,2.7,41,885,1,1.11,0.50,11240,1,1.11,0.50,11240
2026-05-09 15:31:11,1,1,1,931.5,56,1.8,29,931,1,1.50,0.71,27493,1,1.50,0.71,27493
2026-05-09 15:31:11,1,1,1,977.1,79,1.0,17,977,1,1.50,0.71,27493,1,1.50,0.71,27493
2026-05-09 15:31:11,1,1,1,977.1,79,1.0,17,977,1,1.55,0.83,44277,1,1.55,0.83,44277
2026-05-09 15:31:11,1,1,1,1027.0,88,0.1,2,1027,1,1.55,0.83,44277,1,1.55,0.83,44277
2026-05-09 15:31:11,1,1,1,1027.0,88,0.1,2,1027,1,1.63,0.83,44277,1,1.63,0.83,44277
2026-05-09 15:31:11,1,1,1,1123.2,72,-1.0,-20,1123,1,1.63,0.83,44277,1,1.63,0.83,44277
2026-05-09 15:31:11,1,1,1,1123.2,72,-1.0,-20,1123,1,1.63,0.83,44277,1,1.63,0.83,44277
2026-05-09 15:31:11,1,1,1,1215.7,56,-1.9,-40,1215,1,1.63,0.83,44277,1,1.63,0.83,44277
2026-05-09 15:31:12,1,1,1,1298.7,24,-1.9,-44,1298,1,1.63,0.83,44277,1,1.63,0.83,44277
2026-05-09 15:31:12,1,1,1,1298.7,24,-1.9,-44,1298,1,1.63,0.83,44277,1,1.63,0.83,44277
2026-05-09 15:31:12,1,1,1,1374.3,48,-2.5,-60,1373,1,1.63,0.83,44277,1,1.63,0.83,44277
2026-05-09 15:31:12,1,1,1,1374.3,48,-2.5,-60,1373,1,1.63,0.83,44277,1,1.63,0.83,44277
2026-05-09 15:31:12,1,1,1,1441.2,48,-3.1,-79,1439,1,1.63,0.83,44277,1,1.63,0.83,44277
2026-05-09 15:31:12,1,1,1,1441.2,48,-3.1,-79,1439,1,1.63,0.83,44277,1,1.63,0.83,44277
2026-05-09 15:31:12,1,1,1,1504.9,72,-3.6,-94,1502,1,1.63,0.83,44277,1,1.63,0.83,44277
2026-05-09 15:31:12,1,1,1,1504.9,72,-3.6,-94,1502,1,1.63,0.83,44277,1,1.63,0.83,44277
2026-05-09 15:31:12,1,1,1,1567.3,79,-3.7,-102,1564,1,1.63,0.83,44277,1,1.63,0.83,44277
2026-05-09 15:31:12,1,1,1,1644.8,72,-4.4,-126,1640,1,0.00,0.00,0,0,0.00,0.00,0
2026-05-09 15:31:12,1,1,1,1644.8,72,-4.4,-126,1640,1,0.00,0.00,0,0,0.00,0.00,0
2026-05-09 15:31:12,1,1,1,1708.3,56,-4.5,-134,1703,1,0.00,0.00,0,0,0.00,0.00,0
2026-05-09 15:31:12,1,1,1,1708.3,56,-4.5,-134,1703,1,0.00,0.00,0,0,0.00,0.00,0
2026-05-09 15:31:12,1,1,1,1762.6,48,-4.1,-127,1758,1,0.00,0.00,0,0,0.00,0.00,0
2026-05-09 15:31:12,1,1,1,1762.6,48,-4.1,-127,1758,0,0.00,0.00,0,0,0.00,0.00,0
2026-05-09 15:31:12,1,1,1,1809.5,56,-3.5,-112,1806,0,0.00,0.00,0,0,0.00,0.00,0
2026-05-09 15:31:12,1,1,1,1858.1,39,-2.7,-89,1856,0,0.00,0.00,0,0,0.00,0.00,0
2026-05-09 15:31:12,1,1,1,1858.1,39,-2.7,-89,1856,0,0.00,0.00,0,0,0.00,0.00,0
2026-05-09 15:31:12,1,1,1,1916.1,0,-1.9,-64,1915,0,0.00,0.00,0,0,0.00,0.00,0
2026-05-09 15:31:12,1,1,1,1916.1,0,-1.9,-64,1915,0,0.00,0.00,0,0,0.00,0.00,0
2026-05-09 15:31:13,1,1,1,2106.8,0,-2.4,-88,2105,0,0.00,0.00,0,0,0.00,0.00,0
2026-05-09 15:31:13,1,1,1,2106.8,0,-2.4,-88,2105,0,0.00,0.00,0,0,0.00,0.00,0
2026-05-09 15:31:13,1,1,1,2278.0,64,-2.9,-116,2275,0,0.00,0.00,0,0,0.00,0.00,0
2026-05-09 15:31:13,1,1,1,2278.0,64,-2.9,-116,2275,0,0.00,0.00,0,0,0.00,0.00,0
2026-05-09 15:31:13,1,1,1,2301.3,79,-2.6,-103,2299,0,0.00,0.00,0,0,0.00,0.00,0
2026-05-09 15:31:13,1,1,1,2303.2,39,-2.5,-101,2301,0,0.00,0.00,0,0,0.00,0.00,0
2026-05-09 15:31:13,1,1,1,2303.2,39,-2.5,-101,2301,0,0.00,0.00,0,0,0.00,0.00,0
2026-05-09 15:31:13,1,1,1,2302.3,24,-2.6,-103,2300,0,0.00,0.00,0,0,0.00,0.00,0
2026-05-09 15:31:13,1,1,1,2302.3,24,-2.6,-103,2300,0,0.00,0.00,0,0,0.00,0.00,0
2026-05-09 15:31:13,1,1,1,2303.9,8,-2.9,-115,2301,0,0.00,0.00,0,0,0.00,0.00,0
2026-05-09 15:31:13,1,1,1,2303.9,8,-2.9,-115,2301,0,0.00,0.00,0,0,0.00,0.00,0
2026-05-09 15:31:13,1,1,1,2305.2,-16,-3.0,-121,2302,0,0.00,0.00,0,0,0.00,0.00,0
2026-05-09 15:31:13,1,1,1,2304.1,-8,-3.0,-120,2301,0,0.00,0.00,0,0,0.00,0.00,0
2026-05-09 15:31:13,1,1,1,2304.1,-8,-3.0,-120,2301,0,0.00,0.00,0,0,0.00,0.00,0
2026-05-09 15:31:13,1,1,1,2302.9,-24,-2.9,-116,2300,0,0.00,0.00,0,0,0.00,0.00,0
2026-05-09 15:31:13,1,1,1,2302.9,-24,-2.9,-116,2300,0,0.00,0.00,0,0,0.00,0.00,0
2026-05-09 15:31:13,1,1,1,2300.7,-24,-2.8,-111,2298,0,0.00,0.00,0,0,0.00,0.00,0
2026-05-09 15:31:13,1,1,1,2300.7,-24,-2.8,-111,2298,0,0.00,0.00,0,0,0.00,0.00,0
2026-05-09 15:31:13,1,1,1,2296.4,-56,-2.6,-106,2294,0,0.00,0.00,0,1,2.26,-0.47,12368
2026-05-09 15:31:13,1,1,1,2296.4,-56,-2.6,-106,2294,0,0.00,0.00,0,1,2.26,-0.47,12368
2026-05-09 15:31:14,1,1,1,2291.1,-48,-2.5,-99,2289,1,2.24,-0.44,22369,1,2.24,-0.44,22369
2026-05-09 15:31:14,1,1,1,2286.8,0,-2.3,-90,2285,1,2.24,-0.44,22369,1,2.24,-0.44,22369
2026-05-09 15:31:14,1,1,1,2286.8,0,-2.3,-90,2285,1,2.22,-0.37,17885,1,2.22,-0.37,17885
2026-05-09 15:31:14,1,1,1,2280.5,-32,-2.1,-83,2279,1,2.22,-0.37,17885,1,2.22,-0.37,17885
2026-05-09 15:31:14,1,1,1,2280.5,-32,-2.1,-83,2279,1,2.18,-0.37,17885,1,2.18,-0.37,17885
2026-05-09 15:31:14,1,1,1,2273.4,-48,-2.0,-81,2272,1,2.18,-0.37,17885,1,2.18,-0.37,17885
2026-05-09 15:31:14,1,1,1,2273.4,-48,-2.0,-81,2272,1,2.16,-0.39,22304,1,2.16,-0.39,22304
2026-05-09 15:31:14,1,1,1,2264.5,-72,-2.1,-82,2263,1,2.16,-0.39,22304,1,2.16,-0.39,22304
2026-05-09 15:31:14,1,1,1,2253.6,-79,-2.2,-85,2252,1,2.12,-0.39,22304,1,2.12,-0.39,22304
2026-05-09 15:31:14,1,1,1,2253.6,-79,-2.2,-85,2252,1,2.12,-0.39,22304,1,2.12,-0.39,22304
2026-05-09 15:31:14,1,1,1,2242.5,-88,-2.1,-83,2241,1,2.12,-0.39,22304,1,2.12,-0.39,22304
2026-05-09 15:31:14,1,1,1,2242.5,-88,-2.1,-83,2241,1,2.12,-0.39,22304,1,2.12,-0.39,22304
2026-05-09 15:31:14,1,1,1,2228.6,-79,-2.2,-84,2227,1,2.12,-0.39,22304,1,2.12,-0.39,22304
2026-05-09 15:31:14,1,1,1,2228.6,-79,-2.2,-84,2227,1,2.12,-0.39,22304,1,2.12,-0.39,22304
2026-05-09 15:31:14,1,1,1,2211.6,-64,-2.2,-85,2210,1,2.12,-0.39,22304,1,2.12,-0.39,22304
2026-05-09 15:31:14,1,1,1,2211.6,-64,-2.2,-85,2210,1,2.12,-0.39,22304,1,2.12,-0.39,22304
2026-05-09 15:31:14,1,1,1,2193.7,-72,-2.3,-87,2192,1,1.74,-0.71,27493,1,1.74,-0.71,27493
2026-05-09 15:31:14,1,1,1,2136.7,-72,-2.3,-86,2135,1,1.74,-0.71,27493,1,1.74,-0.71,27493
2026-05-09 15:31:14,1,1,1,2136.7,-72,-2.3,-86,2135,1,1.67,-0.71,27493,1,1.67,-0.71,27493
2026-05-09 15:31:14,1,1,1,2077.0,-79,-2.5,-90,2075,1,1.67,-0.71,27493,1,1.67,-0.71,27493
2026-05-09 15:31:15,1,1,1,2077.0,-79,-2.5,-90,2075,1,1.67,-0.71,27493,1,1.67,-0.71,27493
2026-05-09 15:31:15,1,1,1,2017.1,-88,-2.6,-93,2015,1,1.67,-0.71,27493,1,1.67,-0.71,27493
2026-05-09 15:31:15,1,1,1,2017.1,-88,-2.6,-93,2015,1,1.67,-0.71,27493,1,1.67,-0.71,27493
2026-05-09 15:31:15,1,1,1,1898.7,-96,-3.0,-101,1896,1,1.67,-0.71,27493,1,1.67,-0.71,27493
2026-05-09 15:31:15,1,1,1,1898.7,-96,-3.0,-101,1896,1,1.67,-0.71,27493,1,1.67,-0.71,27493
2026-05-09 15:31:15,1,1,1,1786.9,-88,-3.3,-102,1784,1,1.67,-0.71,27493,1,1.67,-0.71,27493
2026-05-09 15:31:15,1,1,1,1677.1,-64,-2.8,-83,1675,1,1.67,-0.71,27493,1,1.67,-0.71,27493
2026-05-09 15:31:15,1,1,1,1677.1,-64,-2.8,-83,1675,1,1.67,-0.71,27493,1,1.67,-0.71,27493
2026-05-09 15:31:15,1,1,1,1572.0,-64,-2.0,-55,1571,1,1.67,-0.71,27493,1,1.67,-0.71,27493
2026-05-09 15:31:15,1,1,1,1572.0,-64,-2.0,-55,1571,1,1.67,-0.71,27493,1,1.67,-0.71,27493
2026-05-09 15:31:15,1,1,1,1480.5,-64,-1.4,-37,1480,1,1.67,-0.71,27493,1,1.67,-0.71,27493
2026-05-09 15:31:15,1,1,1,1480.5,-64,-1.4,-37,1480,1,0.00,0.00,0,0,0.00,0.00,0
2026-05-09 15:31:15,1,1,1,1398.1,-72,-0.8,-20,1398,1,0.00,0.00,0,0,0.00,0.00,0
2026-05-09 15:31:15,1,1,1,1319.0,-72,-0.4,-10,1319,1,0.00,0.00,0,0,0.00,0.00,0
2026-05-09 15:31:15,1,1,1,1319.0,-72,-0.4,-10,1319,1,0.99,-0.71,52573,1,0.99,-0.71,52573
2026-05-09 15:31:15,1,1,1,1244.0,-88,-0.3,-7,1244,1,0.99,-0.71,52573,1,0.99,-0.71,52573
2026-05-09 15:31:15,1,1,1,1244.0,-88,-0.3,-7,1244,1,0.96,-0.71,49301,1,0.96,-0.71,49301
2026-05-09 15:31:15,1,1,1,1171.0,-72,-0.2,-4,1171,1,0.96,-0.71,49301,1,0.96,-0.71,49301
2026-05-09 15:31:15,1,1,1,1171.0,-72,-0.2,-4,1171,1,0.89,-0.71,49301,1,0.89,-0.71,49301
2026-05-09 15:31:15,1,1,1,1100.0,-64,-0.3,-6,1100,1,0.89,-0.71,49301,1,0.89,-0.71,49301
2026-05-09 15:31:16,1,1,1,1100.0,-64,-0.3,-6,1100,1,0.89,-0.71,49301,1,0.89,-0.71,49301
2026-05-09 15:31:16,1,1,1,1034.0,-48,-0.2,-3,1034,1,0.89,-0.71,49301,1,0.89,-0.71,49301
2026-05-09 15:31:16,1,1,1,969.0,-48,-0.4,-6,969,1,0.89,-0.71,49301,1,0.89,-0.71,49301
2026-05-09 15:31:16,1,1,1,969.0,-48,-0.4,-6,969,1,0.89,-0.71,49301,1,0.89,-0.71,49301
2026-05-09 15:31:16,1,1,1,906.0,-39,-0.1,-1,906,1,0.74,-0.47,7937,1,0.74,-0.47,7937
2026-05-09 15:31:16,1,1,1,906.0,-39,-0.1,-1,906,1,0.74,-0.47,7937,1,0.74,-0.47,7937
2026-05-09 15:31:16,1,1,1,843.2,-39,1.4,20,843,1,0.70,-0.47,7937,1,0.70,-0.47,7937
2026-05-09 15:31:16,1,1,1,843.2,-39,1.4,20,843,1,0.70,-0.47,7937,1,0.70,-0.47,7937
2026-05-09 15:31:16,1,1,1,795.5,-39,2.0,28,795,1,0.70,-0.45,48114,1,0.70,-0.45,48114
2026-05-09 15:31:16,1,1,1,749.6,-32,2.3,30,749,1,0.70,-0.45,48114,1,0.70,-0.45,48114
2026-05-09 15:31:16,1,1,1,749.6,-32,2.3,30,749,1,0.62,-0.38,28132,1,0.62,-0.38,28132
2026-05-09 15:31:16,1,1,1,714.5,-8,2.2,28,714,1,0.62,-0.38,28132,1,0.62,-0.38,28132
2026-05-09 15:31:16,1,1,1,714.5,-8,2.2,28,714,1,0.58,-0.38,28132,1,0.58,-0.38,28132
2026-05-09 15:31:16,1,1,1,678.9,-8,2.9,34,678,1,0.58,-0.38,28132,1,0.58,-0.38,28132
2026-05-09 15:31:16,1,1,1,678.9,-8,2.9,34,678,1,1.29,-0.10,1168,1,1.29,-0.10,1168
2026-05-09 15:31:16,1,1,1,647.6,0,4.1,46,646,1,1.29,-0.10,1168,1,1.29,-0.10,1168
2026-05-09 15:31:16,1,1,1,647.6,0,4.1,46,646,1,1.28,-0.10,1168,1,1.28,-0.10,1168
2026-05-09 15:31:16,1,1,1,623.9,8,5.5,60,621,1,1.28,-0.10,1168,1,1.28,-0.10,1168
2026-05-09 15:31:16,1,1,1,607.6,0,7.1,75,603,1,1.28,-0.10,1168,1,1.28,-0.10,1168
2026-05-09 15:31:16,1,1,1,607.6,0,7.1,75,603,0,0.00,0.00,0,1,1.28,-0.10,1168
2026-05-09 15:31:17,1,1,1,602.5,32,7.7,81,597,0,0.00,0.00,0,1,1.28,-0.10,1168
2026-05-09 15:31:17,1,1,1,602.5,32,7.7,81,597,0,0.00,0.00,0,1,1.28,-0.10,1168
2026-05-09 15:31:17,1,1,1,603.2,48,8.2,86,597,0,0.00,0.00,0,1,1.28,-0.10,1168
2026-05-09 15:31:17,1,1,1,603.2,48,8.2,86,597,0,0.00,0.00,0,1,1.28,-0.10,1168
2026-05-09 15:31:17,1,1,1,607.7,56,8.5,90,601,0,0.00,0.00,0,1,1.28,-0.10,1168
2026-05-09 15:31:17,1,1,1,616.7,72,9.0,97,609,0,0.00,0.00,0,1,1.28,-0.10,1168
2026-05-09 15:31:17,1,1,1,616.7,72,9.0,97,609,0,0.00,0.00,0,1,1.28,-0.10,1168
2026-05-09 15:31:17,1,1,1,630.8,64,9.6,105,622,0,0.00,0.00,0,1,1.28,-0.10,1168
2026-05-09 15:31:17,1,1,1,630.8,64,9.6,105,622,0,0.00,0.00,0,1,1.28,-0.10,1168
2026-05-09 15:31:17,1,1,1,649.4,48,9.8,110,640,0,0.00,0.00,0,0,0.00,0.00,0
2026-05-09 15:31:17,1,1,1,649.4,48,9.8,110,640,0,0.00,0.00,0,1,0.85,0.48,59904
2026-05-09 15:31:17,1,1,1,670.8,48,9.3,108,662,0,0.00,0.00,0,1,0.85,0.48,59904
2026-05-09 15:31:17,1,1,1,670.8,48,9.3,108,662,1,0.89,0.48,59904,1,0.89,0.48,59904
2026-05-09 15:31:17,1,1,1,691.7,39,8.0,96,685,1,0.89,0.48,59904,1,0.89,0.48,59904
2026-05-09 15:31:17,1,1,1,717.3,39,6.2,78,713,1,0.89,0.48,59904,1,0.89,0.48,59904
2026-05-09 15:31:17,1,1,1,717.3,39,6.2,78,713,1,0.89,0.48,59904,1,0.89,0.48,59904
2026-05-09 15:31:17,1,1,1,740.4,56,4.6,59,738,1,0.89,0.48,59904,1,0.89,0.48,59904
2026-05-09 15:31:17,1,1,1,740.4,56,4.6,59,738,1,0.89,0.48,59904,1,0.89,0.48,59904
2026-05-09 15:31:17,1,1,1,766.6,64,3.7,50,765,1,0.89,0.48,59904,1,0.89,0.48,59904
2026-05-09 15:31:17,1,1,1,766.6,64,3.7,50,765,1,0.89,0.48,59904,1,0.89,0.48,59904
2026-05-09 15:31:18,1,1,1,798.1,72,3.0,42,797,1,0.89,0.48,59904,1,0.89,0.48,59904
2026-05-09 15:31:18,1,1,1,832.9,64,2.6,38,832,1,0.89,0.48,59904,1,0.89,0.48,59904
2026-05-09 15:31:18,1,1,1,832.9,64,2.6,38,832,1,0.89,0.48,59904,1,0.89,0.48,59904
2026-05-09 15:31:18,1,1,1,905.3,56,1.5,23,905,1,0.89,0.48,59904,1,0.89,0.48,59904
2026-05-09 15:31:18,1,1,1,905.3,56,1.5,23,905,1,0.89,0.48,59904,1,0.89,0.48,59904
2026-05-09 15:31:18,1,1,1,971.5,56,1.9,32,971,1,0.00,0.00,0,0,0.00,0.00,0
2026-05-09 15:31:18,1,1,1,971.5,56,1.9,32,971,1,1.30,0.51,45805,1,1.30,0.51,45805
2026-05-09 15:31:18,1,1,1,1034.4,48,1.6,28,1034,1,1.30,0.51,45805,1,1.30,0.51,45805
2026-05-09 15:31:18,1,1,1,1034.4,48,1.6,28,1034,1,1.35,0.51,45805,1,1.35,0.51,45805
2026-05-09 15:31:18,1,1,1,1091.3,39,1.3,24,1091,1,1.35,0.51,45805,1,1.35,0.51,45805
2026-05-09 15:31:18,1,1,1,1141.1,48,0.7,13,1141,1,1.44,0.40,18965,1,1.44,0.40,18965
2026-05-09 15:31:18,1,1,1,1141.1,48,0.7,13,1141,1,1.44,0.40,18965,1,1.44,0.40,18965
2026-05-09 15:31:18,1,1,1,1186.0,56,-0.0,-1,1186,1,1.48,0.40,18965,1,1.48,0.40,18965
2026-05-09 15:31:18,1,1,1,1186.0,56,-0.0,-1,1186,1,1.48,0.40,18965,1,1.48,0.40,18965
2026-05-09 15:31:18,1,1,1,1235.5,72,-1.6,-34,1235,1,1.54,0.51,14938,1,1.54,0.51,14938
2026-05-09 15:31:18,1,1,1,1235.5,72,-1.6,-34,1235,1,1.54,0.51,14938,1,1.54,0.51,14938
2026-05-09 15:31:18,1,1,1,1287.4,72,-2.7,-61,1286,1,1.60,0.51,14938,1,1.60,0.51,14938
2026-05-09 15:31:18,1,1,1,1339.3,72,-3.4,-79,1337,1,1.60,0.51,14938,1,1.60,0.51,14938
2026-05-09 15:31:18,1,1,1,1339.3,72,-3.4,-79,1337,1,1.60,0.51,14938,1,1.60,0.51,14938
2026-05-09 15:31:18,1,1,1,1396.2,56,-3.9,-94,1393,1,1.60,0.51,14938,1,1.60,0.51,14938
2026-05-09 15:31:19,1,1,1,1396.2,56,-3.9,-94,1393,1,1.60,0.51,14938,1,1.60,0.51,14938
2026-05-09 15:31:19,1,1,1,1454.0,56,-4.3,-108,1450,1,1.60,0.51,14938,1,1.60,0.51,14938
2026-05-09 15:31:19,1,1,1,1454.0,56,-4.3,-108,1450,1,1.60,0.51,14938,1,1.60,0.51,14938
2026-05-09 15:31:19,1,1,1,1523.0,0,-4.6,-123,1518,1,1.60,0.51,14938,1,1.60,0.51,14938
2026-05-09 15:31:19,1,1,1,1523.0,0,-4.6,-123,1518,1,1.60,0.51,14938,1,1.60,0.51,14938
2026-05-09 15:31:19,1,1,1,1568.5,39,-4.4,-119,1564,1,1.60,0.51,14938,1,1.60,0.51,14938
2026-05-09 15:31:19,1,1,1,1611.9,56,-3.4,-97,1609,1,1.99,0.52,11945,1,1.99,0.52,11945
2026-05-09 15:31:19,1,1,1,1611.9,56,-3.4,-97,1609,1,1.99,0.52,11945,1,1.99,0.52,11945
2026-05-09 15:31:19,1,1,1,1658.6,48,-3.2,-92,1656,1,2.04,0.52,11945,1,2.04,0.52,11945
2026-05-09 15:31:19,1,1,1,1658.6,48,-3.2,-92,1656,1,2.04,0.52,11945,1,2.04,0.52,11945
2026-05-09 15:31:19,1,1,1,1708.7,64,-3.2,-96,1706,1,2.04,0.52,11945,1,2.04,0.52,11945
2026-05-09 15:31:19,1,1,1,1708.7,64,-3.2,-96,1706,1,2.04,0.52,11945,1,2.04,0.52,11945
2026-05-09 15:31:19,1,1,1,1761.4,72,-3.6,-110,1758,1,2.04,0.52,11945,1,2.04,0.52,11945
2026-05-09 15:31:19,1,1,1,1761.4,72,-3.6,-110,1758,1,2.04,0.52,11945,1,2.04,0.52,11945
2026-05-09 15:31:19,1,1,1,1815.7,56,-4.1,-131,1811,1,2.04,0.52,11945,1,2.04,0.52,11945
2026-05-09 15:31:19,1,1,1,1872.5,48,-4.4,-144,1867,1,2.04,0.52,11945,1,2.04,0.52,11945
2026-05-09 15:31:19,1,1,1,1872.5,48,-4.4,-144,1867,1,2.04,0.52,11945,1,2.04,0.52,11945
2026-05-09 15:31:19,1,1,1,1923.9,48,-4.5,-151,1918,1,2.04,0.52,11945,1,2.04,0.52,11945
2026-05-09 15:31:19,1,1,1,1923.9,48,-4.5,-151,1918,1,2.04,0.52,11945,1,2.04,0.52,11945
2026-05-09 15:31:19,1,1,1,1967.4,32,-4.2,-145,1962,1,2.04,0.52,11945,1,2.04,0.52,11945
2026-05-09 15:31:20,1,1,1,1967.4,32,-4.2,-145,1962,1,2.28,0.47,49946,1,2.28,0.47,49946
2026-05-09 15:31:20,1,1,1,2008.1,24,-3.7,-128,2004,1,2.28,0.47,49946,1,2.28,0.47,49946
2026-05-09 15:31:20,1,1,1,2050.1,39,-3.6,-129,2046,1,2.33,0.47,49946,1,2.33,0.47,49946
2026-05-09 15:31:20,1,1,1,2050.1,39,-3.6,-129,2046,1,2.33,0.47,49946,1,2.33,0.47,49946
2026-05-09 15:31:20,1,1,1,2095.0,48,-3.5,-129,2091,1,2.33,0.47,49946,1,2.33,0.47,49946
2026-05-09 15:31:20,1,1,1,2095.0,48,-3.5,-129,2091,1,2.33,0.47,49946,1,2.33,0.47,49946
2026-05-09 15:31:20,1,1,1,2135.1,56,-3.6,-133,2131,1,2.33,0.47,49946,1,2.33,0.47,49946
2026-05-09 15:31:20,1,1,1,2135.1,56,-3.6,-133,2131,1,2.33,0.47,49946,1,2.33,0.47,49946
2026-05-09 15:31:20,1,1,1,2172.3,48,-3.6,-137,2168,1,2.33,0.47,49946,1,2.33,0.47,49946
2026-05-09 15:31:20,1,1,1,2172.3,48,-3.6,-137,2168,1,2.33,0.47,49946,1,2.33,0.47,49946
2026-05-09 15:31:20,1,1,1,2212.0,39,-3.8,-148,2207,1,2.33,0.47,49946,1,2.33,0.47,49946
2026-05-09 15:31:20,1,1,1,2248.6,24,-3.6,-143,2244,1,2.33,0.47,49946,1,2.33,0.47,49946
2026-05-09 15:31:20,1,1,1,2248.6,24,-3.6,-143,2244,1,2.33,0.47,49946,1,2.33,0.47,49946
2026-05-09 15:31:20,1,1,1,2286.3,8,-3.5,-140,2282,1,2.33,0.47,49946,1,2.33,0.47,49946
2026-05-09 15:31:20,1,1,1,2286.3,8,-3.5,-140,2282,1,2.33,0.47,49946,1,2.33,0.47,49946
2026-05-09 15:31:20,1,1,1,2338.2,0,-3.8,-156,2333,1,0.00,0.00,0,0,0.00,0.00,0
2026-05-09 15:31:20,1,1,1,2338.2,0,-3.8,-156,2333,1,0.00,0.00,0,0,0.00,0.00,0
2026-05-09 15:31:20,1,1,1,2367.9,-8,-4.0,-167,2362,1,0.00,0.00,0,0,0.00,0.00,0
2026-05-09 15:31:20,1,1,1,2378.3,-24,-3.8,-159,2373,1,0.00,0.00,0,0,0.00,0.00,0
2026-05-09 15:31:20,1,1,1,2378.3,-24,-3.8,-159,2373,1,0.00,0.00,0,0,0.00,0.00,0
2026-05-09 15:31:21,1,1,1,2378.9,-32,-4.0,-168,2373,0,0.00,0.00,0,0,0.00,0.00,0
2026-05-09 15:31:21,1,1,1,2378.9,-32,-4.0,-168,2373,0,0.00,0.00,0,0,0.00,0.00,0
2026-05-09 15:31:21,1,1,1,2375.7,-32,-4.0,-165,2370,0,0.00,0.00,0,0,0.00,0.00,0
2026-05-09 15:31:21,1,1,1,2375.7,-32,-4.0,-165,2370,0,0.00,0.00,0,0,0.00,0.00,0
2026-05-09 15:31:21,1,1,1,2364.3,-32,-3.4,-142,2360,0,0.00,0.00,0,0,0.00,0.00,0
2026-05-09 15:31:21,1,1,1,2364.3,-32,-3.4,-142,2360,0,0.00,0.00,0,0,0.00,0.00,0
2026-05-09 15:31:21,1,1,1,2359.0,-48,-3.3,-137,2355,0,0.00,0.00,0,0,0.00,0.00,0
2026-05-09 15:31:21,1,1,1,2351.9,-48,-3.3,-135,2348,0,0.00,0.00,0,0,0.00,0.00,0
2026-05-09 15:31:21,1,1,1,2351.9,-48,-3.3,-135,2348,0,0.00,0.00,0,0,0.00,0.00,0
2026-05-09 15:31:21,1,1,1,2344.8,-48,-3.3,-133,2341,0,0.00,0.00,0,0,0.00,0.00,0
2026-05-09 15:31:21,1,1,1,2344.8,-48,-3.3,-133,2341,0,0.00,0.00,0,1,2.24,-0.47,65213
2026-05-09 15:31:21,1,1,1,2336.6,-48,-3.2,-129,2333,0,0.00,0.00,0,1,2.24,-0.47,65213
2026-05-09 15:31:21,1,1,1,2336.6,-48,-3.2,-129,2333,1,2.22,-0.47,17924,1,2.22,-0.47,17924
2026-05-09 15:31:21,1,1,1,2327.3,-56,-3.1,-124,2324,1,2.22,-0.47,17924,1,2.22,-0.47,17924
2026-05-09 15:31:21,1,1,1,2317.3,-64,-3.0,-123,2314,1,2.19,-0.54,1297,1,2.19,-0.54,1297
2026-05-09 15:31:21,1,1,1,2317.3,-64,-3.0,-123,2314,1,2.19,-0.54,1297,1,2.19,-0.54,1297
2026-05-09 15:31:21,1,1,1,2304.1,-72,-3.0,-120,2301,1,2.10,-0.59,47673,1,2.10,-0.59,47673
2026-05-09 15:31:21,1,1,1,2304.1,-72,-3.0,-120,2301,1,2.10,-0.59,47673,1,2.10,-0.59,47673
2026-05-09 15:31:21,1,1,1,2289.0,-96,-3.0,-118,2286,1,2.04,-0.59,47673,1,2.04,-0.59,47673
2026-05-09 15:31:21,1,1,1,2289.0,-96,-3.0,-118,2286,1,2.04,-0.59,47673,1,2.04,-0.59,47673
2026-05-09 15:31:22,1,1,1,2271.9,-79,-2.9,-115,2269,1,2.04,-0.59,47673,1,2.04,-0.59,47673
2026-05-09 15:31:22,1,1,1,2271.9,-79,-2.9,-115,2269,1,2.04,-0.59,47673,1,2.04,-0.59,47673
2026-05-09 15:31:22,1,1,1,2220.9,-64,-2.9,-113,2218,1,2.04,-0.59,47673,1,2.04,-0.59,47673
2026-05-09 15:31:22,1,1,1,2166.8,-64,-2.9,-110,2164,1,2.04,-0.59,47673,1,2.04,-0.59,47673
2026-05-09 15:31:22,1,1,1,2166.8,-64,-2.9,-110,2164,1,2.04,-0.59,47673,1,2.04,-0.59,47673
2026-05-09 15:31:22,1,1,1,2110.6,-64,-2.9,-105,2108,1,2.04,-0.59,47673,1,2.04,-0.59,47673
2026-05-09 15:31:22,1,1,1,2110.6,-64,-2.9,-105,2108,1,2.04,-0.59,47673,1,2.04,-0.59,47673
2026-05-09 15:31:22,1,1,1,2056.7,-72,-2.9,-105,2054,1,2.04,-0.59,47673,1,2.04,-0.59,47673
2026-05-09 15:31:22,1,1,1,2056.7,-72,-2.9,-105,2054,1,1.74,-0.70,44026,1,1.74,-0.70,44026
2026-05-09 15:31:22,1,1,1,1957.1,-72,-2.7,-91,1955,1,1.74,-0.70,44026,1,1.74,-0.70,44026
2026-05-09 15:31:22,1,1,1,1865.2,-79,-2.0,-66,1864,1,1.58,-0.83,63081,1,1.58,-0.83,63081
2026-05-09 15:31:22,1,1,1,1865.2,-79,-2.0,-66,1864,1,1.58,-0.83,63081,1,1.58,-0.83,63081
2026-05-09 15:31:22,1,1,1,1786.1,-104,-0.4,-14,1786,1,1.50,-0.83,63081,1,1.50,-0.83,63081
2026-05-09 15:31:22,1,1,1,1786.1,-104,-0.4,-14,1786,1,1.50,-0.83,63081,1,1.50,-0.83,63081
2026-05-09 15:31:22,1,1,1,1704.2,-72,0.9,27,1704,1,1.50,-0.83,63081,1,1.50,-0.83,63081
2026-05-09 15:31:22,1,1,1,1704.2,-72,0.9,27,1704,1,1.50,-0.83,63081,1,1.50,-0.83,63081
2026-05-09 15:31:22,1,1,1,1620.2,-79,0.9,25,1620,1,1.50,-0.83,63081,1,1.50,-0.83,63081
2026-05-09 15:31:22,1,1,1,1620.2,-79,0.9,25,1620,1,1.50,-0.83,63081,1,1.50,-0.83,63081
2026-05-09 15:31:22,1,1,1,1529.2,-64,1.0,26,1529,1,1.50,-0.83,63081,1,1.50,-0.83,63081
2026-05-09 15:31:22,1,1,1,1447.3,-72,1.1,28,1447,1,1.50,-0.83,63081,1,1.50,-0.83,63081
2026-05-09 15:31:23,1,1,1,1447.3,-72,1.1,28,1447,1,1.50,-0.83,63081,1,1.50,-0.83,63081
2026-05-09 15:31:23,1,1,1,1367.1,-79,0.8,20,1367,1,1.50,-0.83,63081,1,1.50,-0.83,63081
2026-05-09 15:31:23,1,1,1,1367.1,-79,0.8,20,1367,1,1.02,-0.71,40429,1,1.02,-0.71,40429
2026-05-09 15:31:23,1,1,1,1291.2,-79,0.9,20,1291,1,1.02,-0.71,40429,1,1.02,-0.71,40429
2026-05-09 15:31:23,1,1,1,1291.2,-79,0.9,20,1291,1,0.97,-0.78,12637,1,0.97,-0.78,12637
2026-05-09 15:31:23,1,1,1,1214.2,-88,1.1,23,1214,1,0.97,-0.78,12637,1,0.97,-0.78,12637
2026-05-09 15:31:23,1,1,1,1136.2,-64,1.2,23,1136,1,0.89,-0.78,12637,1,0.89,-0.78,12637
2026-05-09 15:31:23,1,1,1,1136.2,-64,1.2,23,1136,1,0.89,-0.78,12637,1,0.89,-0.78,12637
2026-05-09 15:31:23,1,1,1,1065.1,-56,0.7,13,1065,1,0.83,-0.67,27981,1,0.83,-0.67,27981
2026-05-09 15:31:23,1,1,1,1065.1,-56,0.7,13,1065,1,0.83,-0.67,27981,1,0.83,-0.67,27981
2026-05-09 15:31:23,1,1,1,1006.0,-56,0.4,7,1006,1,0.77,-0.61,46032,1,0.77,-0.61,46032
2026-05-09 15:31:23,1,1,1,1006.0,-56,0.4,7,1006,1,0.77,-0.61,46032,1,0.77,-0.61,46032
2026-05-09 15:31:23,1,1,1,956.0,-48,0.0,0,956,1,0.73,-0.57,34933,1,0.73,-0.57,34933
2026-05-09 15:31:23,1,1,1,956.0,-48,0.0,0,956,1,0.73,-0.57,34933,1,0.73,-0.57,34933
2026-05-09 15:31:23,1,1,1,910.0,-56,-0.5,-8,910,1,0.69,-0.55,47234,1,0.69,-0.55,47234
2026-05-09 15:31:23,1,1,1,865.1,-48,-1.1,-16,865,1,0.69,-0.55,47234,1,0.69,-0.55,47234
2026-05-09 15:31:23,1,1,1,865.1,-48,-1.1,-16,865,1,0.65,-0.53,8978,1,0.65,-0.53,8978
2026-05-09 15:31:23,1,1,1,816.2,-56,-1.3,-19,816,1,0.65,-0.53,8978,1,0.65,-0.53,8978
2026-05-09 15:31:23,1,1,1,816.2,-56,-1.3,-19,816,1,0.59,-0.52,52569,1,0.59,-0.52,52569
2026-05-09 15:31:23,1,1,1,761.3,-48,-1.6,-21,761,1,0.59,-0.52,52569,1,0.59,-0.52,52569
2026-05-09 15:31:24,1,1,1,761.3,-48,-1.6,-21,761,1,0.54,-0.51,1168,1,0.54,-0.51,1168
2026-05-09 15:31:24,1,1,1,715.0,-56,-0.2,-2,715,1,0.54,-0.51,1168,1,0.54,-0.51,1168
2026-05-09 15:31:24,1,1,1,715.0,-56,-0.2,-2,715,1,0.50,-0.46,65189,1,0.50,-0.46,65189
2026-05-09 15:31:24,1,1,1,665.4,-32,2.1,24,665,1,0.50,-0.46,65189,1,0.50,-0.46,65189
2026-05-09 15:31:24,1,1,1,618.9,-16,3.1,34,618,1,0.48,-0.41,32961,1,0.48,-0.41,32961
2026-05-09 15:31:24,1,1,1,618.9,-16,3.1,34,618,1,0.48,-0.41,32961,1,0.48,-0.41,32961
2026-05-09 15:31:24,1,1,1,583.5,-24,6.3,64,580,1,0.47,-0.34,53057,1,0.47,-0.34,53057
2026-05-09 15:31:24,1,1,1,583.5,-24,6.3,64,580,1,0.47,-0.34,53057,1,0.47,-0.34,53057
2026-05-09 15:31:24,1,1,1,546.2,0,7.9,75,541,1,0.43,-0.34,53057,1,0.43,-0.34,53057
2026-05-09 15:31:24,1,1,1,546.2,0,7.9,75,541,1,0.43,-0.34,53057,1,0.43,-0.34,53057
2026-05-09 15:31:24,1,1,1,526.2,16,8.1,74,521,1,0.44,-0.21,1585,1,0.44,-0.21,1585
2026-05-09 15:31:24,1,1,1,506.7,24,5.9,52,504,1,0.44,-0.21,1585,1,0.44,-0.21,1585
2026-05-09 15:31:24,1,1,1,506.7,24,5.9,52,504,1,0.47,-0.07,18853,1,0.47,-0.07,18853
2026-05-09 15:31:24,1,1,1,504.4,39,5.6,49,502,1,0.47,-0.07,18853,1,0.47,-0.07,18853
2026-05-09 15:31:24,1,1,1,504.4,39,5.6,49,502,1,0.46,-0.07,18853,1,0.46,-0.07,18853
2026-05-09 15:31:24,1,1,1,506.7,48,4.8,42,505,1,0.46,-0.07,18853,1,0.46,-0.07,18853
2026-05-09 15:31:24,1,1,1,506.7,48,4.8,42,505,1,0.46,-0.07,18853,1,0.46,-0.07,18853
2026-05-09 15:31:24,1,1,1,510.6,64,2.7,24,510,1,0.46,-0.07,18853,1,0.46,-0.07,18853
2026-05-09 15:31:24,1,1,1,510.6,64,2.7,24,510,1,0.46,-0.07,18853,1,0.46,-0.07,18853
2026-05-09 15:31:24,1,1,1,525.0,64,0.8,7,525,1,0.46,-0.07,18853,1,0.46,-0.07,18853
2026-05-09 15:31:25,1,1,1,543.0,56,-0.7,-7,543,1,0.46,-0.07,18853,1,0.46,-0.07,18853
2026-05-09 15:31:25,1,1,1,543.0,56,-0.7,-7,543,1,0.46,-0.07,18853,1,0.46,-0.07,18853
2026-05-09 15:31:25,1,1,1,563.3,39,-1.8,-18,563,1,0.46,-0.07,18853,1,0.46,-0.07,18853
2026-05-09 15:31:25,1,1,1,563.3,39,-1.8,-18,563,1,0.46,-0.07,18853,1,0.46,-0.07,18853
2026-05-09 15:31:25,1,1,1,587.5,48,-2.3,-24,587,1,0.85,0.49,193,1,0.85,0.49,193
2026-05-09 15:31:25,1,1,1,587.5,48,-2.3,-24,587,1,0.85,0.49,193,1,0.85,0.49,193
2026-05-09 15:31:25,1,1,1,617.0,56,-3.3,-35,616,1,0.95,0.49,55729,1,0.95,0.49,55729
2026-05-09 15:31:25,1,1,1,650.9,56,-4.4,-50,649,1,0.95,0.49,55729,1,0.95,0.49,55729
2026-05-09 15:31:25,1,1,1,650.9,56,-4.4,-50,649,1,1.00,0.49,55729,1,1.00,0.49,55729
2026-05-09 15:31:25,1,1,1,689.9,64,-5.2,-63,687,1,1.00,0.49,55729,1,1.00,0.49,55729
2026-05-09 15:31:25,1,1,1,689.9,64,-5.2,-63,687,1,1.00,0.49,55729,1,1.00,0.49,55729
2026-05-09 15:31:25,1,1,1,763.7,48,-4.8,-64,761,1,1.00,0.49,55729,1,1.00,0.49,55729
2026-05-09 15:31:25,1,1,1,763.7,48,-4.8,-64,761,1,1.00,0.49,55729,1,1.00,0.49,55729
2026-05-09 15:31:25,1,1,1,829.9,104,-4.8,-69,827,1,1.00,0.49,55729,1,1.00,0.49,55729
2026-05-09 15:31:25,1,1,1,829.9,104,-4.8,-69,827,1,1.00,0.49,55729,1,1.00,0.49,55729
2026-05-09 15:31:25,1,1,1,888.6,79,-3.5,-54,887,1,1.00,0.49,55729,1,1.00,0.49,55729
2026-05-09 15:31:25,1,1,1,945.1,64,-2.8,-46,944,1,1.28,0.57,53146,1,1.28,0.57,53146
2026-05-09 15:31:25,1,1,1,945.1,64,-2.8,-46,944,1,1.28,0.57,53146,1,1.28,0.57,53146
2026-05-09 15:31:25,1,1,1,1003.3,64,-2.9,-51,1002,1,1.33,0.57,53146,1,1.33,0.57,53146
2026-05-09 15:31:25,1,1,1,1003.3,64,-2.9,-51,1002,1,1.33,0.57,53146,1,1.33,0.57,53146
2026-05-09 15:31:26,1,1,1,1065.8,72,-3.3,-62,1064,1,1.33,0.57,53146,1,1.33,0.57,53146
2026-05-09 15:31:26,1,1,1,1065.8,72,-3.3,-62,1064,1,1.33,0.57,53146,1,1.33,0.57,53146
2026-05-09 15:31:26,1,1,1,1131.0,72,-3.4,-67,1129,1,1.33,0.57,53146,1,1.33,0.57,53146
2026-05-09 15:31:26,1,1,1,1192.9,79,-3.3,-68,1191,1,1.33,0.57,53146,1,1.33,0.57,53146
2026-05-09 15:31:26,1,1,1,1192.9,79,-3.3,-68,1191,1,1.33,0.57,53146,1,1.33,0.57,53146
2026-05-09 15:31:26,1,1,1,1248.8,88,-3.9,-84,1246,1,1.33,0.57,53146,1,1.33,0.57,53146
2026-05-09 15:31:26,1,1,1,1248.8,88,-3.9,-84,1246,1,1.33,0.57,53146,1,1.33,0.57,53146
2026-05-09 15:31:26,1,1,1,1307.5,88,-3.6,-81,1305,1,1.33,0.57,53146,1,1.33,0.57,53146
2026-05-09 15:31:26,1,1,1,1307.5,88,-3.6,-81,1305,1,1.33,0.57,53146,1,1.33,0.57,53146
2026-05-09 15:31:26,1,1,1,1373.7,79,-3.6,-86,1371,1,1.33,0.57,53146,1,1.33,0.57,53146
2026-05-09 15:31:26,1,1,1,1373.7,79,-3.6,-86,1371,1,1.33,0.57,53146,1,1.33,0.57,53146
2026-05-09 15:31:26,1,1,1,1437.6,64,-2.7,-68,1436,1,0.00,0.00,0,0,0.00,0.00,0
2026-05-09 15:31:26,1,1,1,1500.3,56,-2.4,-62,1499,1,0.00,0.00,0,0,0.00,0.00,0
2026-05-09 15:31:26,1,1,1,1500.3,56,-2.4,-62,1499,1,0.00,0.00,0,0,0.00,0.00,0
2026-05-09 15:31:26,1,1,1,1561.2,56,-2.2,-61,1560,1,0.00,0.00,0,0,0.00,0.00,0
2026-05-09 15:31:26,1,1,1,1561.2,56,-2.2,-61,1560,1,0.00,0.00,0,0,0.00,0.00,0
2026-05-09 15:31:26,1,1,1,1616.8,56,-1.8,-51,1616,0,0.00,0.00,0,0,0.00,0.00,0
2026-05-09 15:31:26,1,1,1,1616.8,56,-1.8,-51,1616,0,0.00,0.00,0,0,0.00,0.00,0
2026-05-09 15:31:26,1,1,1,1676.1,64,-2.1,-62,1675,0,0.00,0.00,0,0,0.00,0.00,0
2026-05-09 15:31:26,1,1,1,1734.8,88,-1.8,-53,1734,0,0.00,0.00,0,0,0.00,0.00,0
2026-05-09 15:31:27,1,1,1,1734.8,88,-1.8,-53,1734,0,0.00,0.00,0,0,0.00,0.00,0
2026-05-09 15:31:27,1,1,1,1798.7,88,-1.6,-49,1798,0,0.00,0.00,0,0,0.00,0.00,0
2026-05-09 15:31:27,1,1,1,1798.7,88,-1.6,-49,1798,0,0.00,0.00,0,0,0.00,0.00,0
2026-05-09 15:31:27,1,1,1,1865.6,48,-1.4,-46,1865,0,0.00,0.00,0,0,0.00,0.00,0
2026-05-09 15:31:27,1,1,1,1865.6,48,-1.4,-46,1865,0,0.00,0.00,0,0,0.00,0.00,0
2026-05-09 15:31:27,1,1,1,1927.5,48,-1.3,-44,1927,0,0.00,0.00,0,0,0.00,0.00,0
2026-05-09 15:31:27,1,1,1,1927.5,48,-1.3,-44,1927,0,0.00,0.00,0,0,0.00,0.00,0
2026-05-09 15:31:27,1,1,1,1980.4,48,-1.2,-42,1980,0,0.00,0.00,0,0,0.00,0.00,0
2026-05-09 15:31:27,1,1,1,2027.4,39,-1.1,-40,2027,0,0.00,0.00,0,0,0.00,0.00,0
2026-05-09 15:31:27,1,1,1,2027.4,39,-1.1,-40,2027,0,0.00,0.00,0,0,0.00,0.00,0
2026-05-09 15:31:27,1,1,1,2073.5,48,-1.2,-44,2073,0,0.00,0.00,0,0,0.00,0.00,0
2026-05-09 15:31:27,1,1,1,2073.5,48,-1.2,-44,2073,0,0.00,0.00,0,0,0.00,0.00,0
2026-05-09 15:31:27,1,1,1,2117.4,56,-1.2,-43,2117,0,0.00,0.00,0,0,0.00,0.00,0
2026-05-09 15:31:27,1,1,1,2117.4,56,-1.2,-43,2117,0,0.00,0.00,0,0,0.00,0.00,0
2026-05-09 15:31:27,1,1,1,2158.4,64,-1.1,-42,2158,0,0.00,0.00,0,0,0.00,0.00,0
2026-05-09 15:31:27,1,1,1,2208.6,56,-1.4,-53,2208,0,0.00,0.00,0,0,0.00,0.00,0
2026-05-09 15:31:27,1,1,1,2208.6,56,-1.4,-53,2208,0,0.00,0.00,0,1,2.50,0.48,20165
2026-05-09 15:31:27,1,1,1,2255.2,32,-1.9,-74,2254,0,0.00,0.00,0,1,2.50,0.48,20165
2026-05-09 15:31:27,1,1,1,2255.2,32,-1.9,-74,2254,1,2.55,0.48,20165,1,2.55,0.48,20165
2026-05-09 15:31:27,1,1,1,2301.8,16,-2.3,-92,2300,1,2.55,0.48,20165,1,2.55,0.48,20165
2026-05-09 15:31:28,1,1,1,2301.8,16,-2.3,-92,2300,1,2.55,0.35,3656,1,2.55,0.35,3656
2026-05-09 15:31:28,1,1,1,2337.4,8,-2.6,-106,2335,1,2.55,0.35,3656,1,2.55,0.35,3656
2026-05-09 15:31:28,1,1,1,2337.4,8,-2.6,-106,2335,1,2.59,0.35,3656,1,2.59,0.35,3656
2026-05-09 15:31:28,1,1,1,2366.7,-8,-3.2,-133,2363,1,2.59,0.35,3656,1,2.59,0.35,3656
2026-05-09 15:31:28,1,1,1,2389.2,-16,-3.8,-157,2384,1,2.55,0.15,10154,1,2.55,0.15,10154
2026-05-09 15:31:28,1,1,1,2389.2,-16,-3.8,-157,2384,1,2.55,0.15,10154,1,2.55,0.15,10154
2026-05-09 15:31:28,1,1,1,2401.3,-39,-4.2,-174,2395,1,2.54,0.05,22405,1,2.54,0.05,22405
2026-05-09 15:31:28,1,1,1,2401.3,-39,-4.2,-174,2395,1,2.54,0.05,22405,1,2.54,0.05,22405
2026-05-09 15:31:28,1,1,1,2402.7,-39,-4.3,-179,2396,1,2.50,-0.06,6586,1,2.50,-0.06,6586
2026-05-09 15:31:28,1,1,1,2402.7,-39,-4.3,-179,2396,1,2.50,-0.06,6586,1,2.50,-0.06,6586
2026-05-09 15:31:28,1,1,1,2393.6,-56,-4.3,-178,2387,1,2.47,-0.17,34920,1,2.47,-0.17,34920
2026-05-09 15:31:28,1,1,1,2393.6,-56,-4.3,-178,2387,1,2.47,-0.17,34920,1,2.47,-0.17,34920
2026-05-09 15:31:28,1,1,1,2388.6,-88,-4.3,-178,2382,1,2.45,-0.17,34920,1,2.45,-0.17,34920
2026-05-09 15:31:28,1,1,1,2382.3,-104,-4.2,-173,2376,1,2.45,-0.17,34920,1,2.45,-0.17,34920
2026-05-09 15:31:28,1,1,1,2382.3,-104,-4.2,-173,2376,1,2.45,-0.17,34920,1,2.45,-0.17,34920
2026-05-09 15:31:28,1,1,1,2373.0,-88,-4.1,-168,2367,1,2.45,-0.17,34920,1,2.45,-0.17,34920
2026-05-09 15:31:28,1,1,1,2373.0,-88,-4.1,-168,2367,1,2.45,-0.17,34920,1,2.45,-0.17,34920
2026-05-09 15:31:28,1,1,1,2361.7,-72,-4.0,-164,2356,1,2.45,-0.17,34920,1,2.45,-0.17,34920
2026-05-09 15:31:28,1,1,1,2361.7,-72,-4.0,-164,2356,1,2.45,-0.17,34920,1,2.45,-0.17,34920
2026-05-09 15:31:28,1,1,1,2349.5,-64,-3.9,-161,2344,1,2.45,-0.17,34920,1,2.45,-0.17,34920
2026-05-09 15:31:29,1,1,1,2335.4,-72,-3.9,-159,2330,1,2.45,-0.17,34920,1,2.45,-0.17,34920
2026-05-09 15:31:29,1,1,1,2335.4,-72,-3.9,-159,2330,1,2.45,-0.17,34920,1,2.45,-0.17,34920
2026-05-09 15:31:29,1,1,1,2318.0,-88,-3.8,-152,2313,1,2.45,-0.17,34920,1,2.45,-0.17,34920
2026-05-09 15:31:29,1,1,1,2318.0,-88,-3.8,-152,2313,1,2.45,-0.17,34920,1,2.45,-0.17,34920
2026-05-09 15:31:29,1,1,1,2298.5,-96,-3.6,-144,2294,1,2.45,-0.17,34920,1,2.45,-0.17,34920
2026-05-09 15:31:29,1,1,1,2298.5,-96,-3.6,-144,2294,1,0.00,0.00,0,0,0.00,0.00,0
2026-05-09 15:31:29,1,1,1,2237.7,-112,-3.3,-129,2234,1,0.00,0.00,0,0,0.00,0.00,0
2026-05-09 15:31:29,1,1,1,2237.7,-112,-3.3,-129,2234,1,0.00,0.00,0,0,0.00,0.00,0
2026-05-09 15:31:29,1,1,1,2175.0,-88,-3.0,-115,2172,1,0.00,0.00,0,0,0.00,0.00,0
2026-05-09 15:31:29,1,1,1,2111.6,-79,-2.8,-104,2109,1,0.00,0.00,0,0,0.00,0.00,0
2026-05-09 15:31:29,1,1,1,2111.6,-79,-2.8,-104,2109,0,0.00,0.00,0,0,0.00,0.00,0
2026-05-09 15:31:29,1,1,1,1990.7,-79,-2.4,-82,1989,0,0.00,0.00,0,0,0.00,0.00,0
2026-05-09 15:31:29,1,1,1,1990.7,-79,-2.4,-82,1989,0,0.00,0.00,0,0,0.00,0.00,0
2026-05-09 15:31:29,1,1,1,1878.3,-88,-2.1,-69,1877,0,0.00,0.00,0,0,0.00,0.00,0
2026-05-09 15:31:29,1,1,1,1878.3,-88,-2.1,-69,1877,0,0.00,0.00,0,0,0.00,0.00,0
2026-05-09 15:31:29,1,1,1,1773.2,-88,-2.1,-64,1772,0,0.00,0.00,0,0,0.00,0.00,0
2026-05-09 15:31:29,1,1,1,1673.1,-96,-2.1,-61,1672,0,0.00,0.00,0,0,0.00,0.00,0
2026-05-09 15:31:29,1,1,1,1673.1,-96,-2.1,-61,1672,0,0.00,0.00,0,0,0.00,0.00,0
2026-05-09 15:31:29,1,1,1,1575.8,-96,-1.9,-51,1575,0,0.00,0.00,0,0,0.00,0.00,0
2026-05-09 15:31:29,1,1,1,1575.8,-96,-1.9,-51,1575,0,0.00,0.00,0,0,0.00,0.00,0
2026-05-09 15:31:30,1,1,1,1484.4,-72,-1.3,-34,1484,0,0.00,0.00,0,0,0.00,0.00,0
2026-05-09 15:31:30,1,1,1,1484.4,-72,-1.3,-34,1484,0,0.00,0.00,0,0,0.00,0.00,0
2026-05-09 15:31:30,1,1,1,1401.3,-88,-1.1,-28,1401,0,0.00,0.00,0,0,0.00,0.00,0
2026-05-09 15:31:30,1,1,1,1401.3,-88,-1.1,-28,1401,0,0.00,0.00,0,0,0.00,0.00,0
2026-05-09 15:31:30,1,1,1,1320.1,-64,-0.6,-14,1320,0,0.00,0.00,0,0,0.00,0.00,0
2026-05-09 15:31:30,1,1,1,1242.0,-64,-0.2,-5,1242,0,0.00,0.00,0,0,0.00,0.00,0
2026-05-09 15:31:30,1,1,1,1242.0,-64,-0.2,-5,1242,0,0.00,0.00,0,0,0.00,0.00,0
2026-05-09 15:31:30,1,1,1,1164.1,-79,0.8,16,1164,0,0.00,0.00,0,0,0.00,0.00,0
2026-05-09 15:31:30,1,1,1,1164.1,-79,0.8,16,1164,0,0.00,0.00,0,0,0.00,0.00,0
2026-05-09 15:31:30,1,1,1,1087.3,-72,1.4,27,1087,0,0.00,0.00,0,0,0.00,0.00,0
2026-05-09 15:31:30,1,1,1,1087.3,-72,1.4,27,1087,0,0.00,0.00,0,0,0.00,0.00,0
2026-05-09 15:31:30,1,1,1,1013.9,-79,2.4,42,1013,0,0.00,0.00,0,0,0.00,0.00,0
2026-05-09 15:31:30,1,1,1,944.0,-56,2.7,44,943,0,0.00,0.00,0,0,0.00,0.00,0
2026-05-09 15:31:30,1,1,1,944.0,-56,2.7,44,943,0,0.00,0.00,0,0,0.00,0.00,0
2026-05-09 15:31:30,1,1,1,882.3,16,4.2,64,880,0,0.00,0.00,0,0,0.00,0.00,0
2026-05-09 15:31:30,1,1,1,882.3,16,4.2,64,880,0,0.00,0.00,0,0,0.00,0.00,0
2026-05-09 15:31:30,1,1,1,828.2,-39,5.1,73,825,0,0.00,0.00,0,1,0.55,-0.45,56465
2026-05-09 15:31:30,1,1,1,828.2,-39,5.1,73,825,0,0.00,0.00,0,1,0.55,-0.45,56465
2026-05-09 15:31:30,1,1,1,784.8,-39,4.8,66,782,1,0.51,-0.45,30368,1,0.51,-0.45,30368
2026-05-09 15:31:30,1,1,1,784.8,-39,4.8,66,782,1,0.51,-0.45,30368,1,0.51,-0.45,30368
2026-05-09 15:31:31,1,1,1,739.8,-32,4.0,52,738,1,0.49,-0.38,29332,1,0.49,-0.38,29332
2026-05-09 15:31:31,1,1,1,693.3,-32,3.6,43,692,1,0.49,-0.38,29332,1,0.49,-0.38,29332
2026-05-09 15:31:31,1,1,1,693.3,-32,3.6,43,692,1,0.45,-0.38,29332,1,0.45,-0.38,29332
2026-05-09 15:31:31,1,1,1,645.5,-24,3.9,44,644,1,0.45,-0.38,29332,1,0.45,-0.38,29332
2026-05-09 15:31:31,1,1,1,645.5,-24,3.9,44,644,1,0.45,-0.38,29332,1,0.45,-0.38,29332
2026-05-09 15:31:31,1,1,1,605.9,-8,3.1,33,605,1,0.45,-0.38,29332,1,0.45,-0.38,29332
2026-05-09 15:31:31,1,1,1,605.9,-8,3.1,33,605,1,0.45,-0.38,29332,1,0.45,-0.38,29332
2026-05-09 15:31:31,1,1,1,570.7,8,2.9,29,570,1,0.45,-0.38,29332,1,0.45,-0.38,29332
2026-05-09 15:31:31,1,1,1,546.8,16,3.0,29,546,1,0.45,-0.38,29332,1,0.45,-0.38,29332
2026-05-09 15:31:31,1,1,1,546.8,16,3.0,29,546,1,0.45,-0.38,29332,1,0.45,-0.38,29332
2026-05-09 15:31:31,1,1,1,530.8,24,3.1,29,530,1,0.45,-0.38,29332,1,0.45,-0.38,29332
2026-05-09 15:31:31,1,1,1,530.8,24,3.1,29,530,1,0.45,-0.38,29332,1,0.45,-0.38,29332
2026-05-09 15:31:31,1,1,1,525.7,39,2.9,27,525,1,0.45,-0.38,29332,1,0.45,-0.38,29332
2026-05-09 15:31:31,1,1,1,525.7,39,2.9,27,525,1,0.45,-0.38,29332,1,0.45,-0.38,29332
2026-05-09 15:31:31,1,1,1,527.5,64,2.6,24,527,1,0.56,0.70,50580,1,0.56,0.70,50580
2026-05-09 15:31:31,1,1,1,527.5,64,2.6,24,527,1,0.56,0.70,50580,1,0.56,0.70,50580
2026-05-09 15:31:31,1,1,1,537.3,79,2.0,19,537,1,0.70,0.83,11089,1,0.70,0.83,11089
2026-05-09 15:31:31,1,1,1,543.3,79,1.8,17,543,1,0.70,0.83,11089,1,0.70,0.83,11089
2026-05-09 15:31:31,1,1,1,543.3,79,1.8,17,543,1,0.78,0.83,11089,1,0.78,0.83,11089
2026-05-09 15:31:31,1,1,1,552.3,48,1.8,17,552,1,0.78,0.83,11089,1,0.78,0.83,11089
2026-05-09 15:31:32,1,1,1,552.3,48,1.8,17,552,1,0.78,0.83,11089,1,0.78,0.83,11089
2026-05-09 15:31:32,1,1,1,562.3,56,1.7,17,562,1,0.78,0.83,11089,1,0.78,0.83,11089
2026-05-09 15:31:32,1,1,1,562.3,56,1.7,17,562,1,0.78,0.83,11089,1,0.78,0.83,11089
2026-05-09 15:31:32,1,1,1,573.2,56,1.6,16,573,1,0.78,0.83,11089,1,0.78,0.83,11089
2026-05-09 15:31:32,1,1,1,573.2,56,1.6,16,573,1,0.78,0.83,11089,1,0.78,0.83,11089
2026-05-09 15:31:32,1,1,1,586.2,56,1.4,14,586,1,0.78,0.83,11089,1,0.78,0.83,11089
2026-05-09 15:31:32,1,1,1,601.1,79,1.1,12,601,1,0.78,0.83,11089,1,0.78,0.83,11089
2026-05-09 15:31:32,1,1,1,601.1,79,1.1,12,601,1,0.78,0.83,11089,1,0.78,0.83,11089
2026-05-09 15:31:32,1,1,1,618.1,88,1.2,13,618,1,0.78,0.83,11089,1,0.78,0.83,11089
2026-05-09 15:31:32,1,1,1,618.1,88,1.2,13,618,1,0.78,0.83,11089,1,0.78,0.83,11089
2026-05-09 15:31:32,1,1,1,637.1,72,1.2,13,637,1,0.78,0.83,11089,1,0.78,0.83,11089
2026-05-09 15:31:32,1,1,1,637.1,72,1.2,13,637,1,0.00,0.00,0,0,0.00,0.00,0
2026-05-09 15:31:32,1,1,1,658.1,72,1.0,12,658,1,0.00,0.00,0,0,0.00,0.00,0
2026-05-09 15:31:32,1,1,1,721.0,56,0.6,7,721,1,0.00,0.00,0,0,0.00,0.00,0
2026-05-09 15:31:32,1,1,1,721.0,56,0.6,7,721,1,0.00,0.00,0,0,0.00,0.00,0
2026-05-09 15:31:32,1,1,1,784.0,72,-0.1,-2,784,1,0.00,0.00,0,0,0.00,0.00,0
2026-05-09 15:31:32,1,1,1,784.0,72,-0.1,-2,784,0,0.00,0.00,0,0,0.00,0.00,0
2026-05-09 15:31:32,1,1,1,847.0,56,-0.1,-1,847,0,0.00,0.00,0,0,0.00,0.00,0
2026-05-09 15:31:32,1,1,1,847.0,56,-0.1,-1,847,0,0.00,0.00,0,0,0.00,0.00,0
2026-05-09 15:31:32,1,1,1,968.1,79,-0.7,-11,968,0,0.00,0.00,0,0,0.00,0.00,0
2026-05-09 15:31:33,1,1,1,968.1,79,-0.7,-11,968,0,0.00,0.00,0,0,0.00,0.00,0
2026-05-09 15:31:33,1,1,1,1081.3,88,-1.3,-25,1081,0,0.00,0.00,0,0,0.00,0.00,0
2026-05-09 15:31:33,1,1,1,1182.3,88,-1.3,-27,1182,0,0.00,0.00,0,0,0.00,0.00,0
2026-05-09 15:31:33,1,1,1,1182.3,88,-1.3,-27,1182,0,0.00,0.00,0,0,0.00,0.00,0
2026-05-09 15:31:33,1,1,1,1275.6,72,-1.7,-38,1275,0,0.00,0.00,0,0,0.00,0.00,0
2026-05-09 15:31:33,1,1,1,1275.6,72,-1.7,-38,1275,0,0.00,0.00,0,0,0.00,0.00,0
2026-05-09 15:31:33,1,1,1,1363.8,64,-2.0,-47,1363,0,0.00,0.00,0,0,0.00,0.00,0
2026-05-09 15:31:33,1,1,1,1363.8,64,-2.0,-47,1363,0,0.00,0.00,0,0,0.00,0.00,0
2026-05-09 15:31:33,1,1,1,1444.0,56,-2.2,-55,1443,0,0.00,0.00,0,0,0.00,0.00,0
2026-05-09 15:31:33,1,1,1,1522.6,32,-1.5,-41,1522,0,0.00,0.00,0,0,0.00,0.00,0
2026-05-09 15:31:33,1,1,1,1522.6,32,-1.5,-41,1522,0,0.00,0.00,0,0,0.00,0.00,0
2026-05-09 15:31:33,1,1,1,1591.5,56,-1.5,-41,1591,0,0.00,0.00,0,0,0.00,0.00,0
2026-05-09 15:31:33,1,1,1,1591.5,56,-1.5,-41,1591,0,0.00,0.00,0,0,0.00,0.00,0
2026-05-09 15:31:33,1,1,1,1669.9,72,-1.9,-56,1669,0,0.00,0.00,0,0,0.00,0.00,0
2026-05-09 15:31:33,1,1,1,1669.9,72,-1.9,-56,1669,0,0.00,0.00,0,0,0.00,0.00,0
2026-05-09 15:31:33,1,1,1,1750.1,79,-2.1,-63,1749,0,0.00,0.00,0,0,0.00,0.00,0
2026-05-09 15:31:33,1,1,1,1750.1,79,-2.1,-63,1749,0,0.00,0.00,0,1,1.27,0.02,2225
2026-05-09 15:31:33,1,1,1,1818.3,64,-2.2,-70,1817,0,0.00,0.00,0,1,1.27,0.02,2225
2026-05-09 15:31:33,1,1,1,1884.9,56,-2.6,-84,1883,0,0.00,0.00,0,1,1.28,0.02,2225
2026-05-09 15:31:33,1,1,1,1884.9,56,-2.6,-84,1883,0,0.00,0.00,0,1,1.28,0.02,2225
2026-05-09 15:31:34,1,1,1,1946.2,48,-3.3,-112,1943,0,0.00,0.00,0,1,1.28,0.02,2225
2026-05-09 15:31:34,1,1,1,1946.2,48,-3.3,-112,1943,0,0.00,0.00,0,1,1.28,0.02,2225
2026-05-09 15:31:34,1,1,1,1999.1,39,-3.7,-128,1995,0,0.00,0.00,0,1,1.28,0.02,2225
2026-05-09 15:31:34,1,1,1,1999.1,39,-3.7,-128,1995,0,0.00,0.00,0,1,1.28,0.02,2225
2026-05-09 15:31:34,1,1,1,2057.4,0,-4.2,-149,2052,0,0.00,0.00,0,1,1.28,0.02,2225
2026-05-09 15:31:34,1,1,1,2108.0,48,-4.3,-159,2102,0,0.00,0.00,0,1,1.28,0.02,2225
2026-05-09 15:31:34,1,1,1,2108.0,48,-4.3,-159,2102,0,0.00,0.00,0,1,1.25,0.00,601
2026-05-09 15:31:34,1,1,1,2155.5,48,-4.4,-167,2149,0,0.00,0.00,0,1,1.25,0.00,601
2026-05-09 15:31:34,1,1,1,2155.5,48,-4.4,-167,2149,0,0.00,0.00,0,1,1.87,0.27,39940
2026-05-09 15:31:34,1,1,1,2198.2,32,-4.3,-165,2192,0,0.00,0.00,0,1,1.87,0.27,39940
2026-05-09 15:31:34,1,1,1,2198.2,32,-4.3,-165,2192,1,1.90,0.27,39940,1,1.90,0.27,39940
2026-05-09 15:31:34,1,1,1,2241.0,8,-3.8,-150,2236,1,1.90,0.27,39940,1,1.90,0.27,39940
2026-05-09 15:31:34,1,1,1,2241.0,8,-3.8,-150,2236,1,1.90,0.27,39940,1,1.90,0.27,39940
2026-05-09 15:31:34,1,1,1,2273.8,-8,-3.3,-131,2270,1,1.90,0.27,39940,1,1.90,0.27,39940
2026-05-09 15:31:34,1,1,1,2296.8,-24,-2.8,-114,2294,1,1.90,0.27,39940,1,1.90,0.27,39940
2026-05-09 15:31:34,1,1,1,2296.8,-24,-2.8,-114,2294,1,1.90,0.27,39940,1,1.90,0.27,39940
2026-05-09 15:31:34,1,1,1,2324.2,0,-2.5,-102,2322,1,1.90,0.27,39940,1,1.90,0.27,39940
2026-05-09 15:31:34,1,1,1,2324.2,0,-2.5,-102,2322,1,1.90,0.27,39940,1,1.90,0.27,39940
2026-05-09 15:31:34,1,1,1,2332.9,-88,-1.5,-63,2332,1,1.90,0.27,39940,1,1.90,0.27,39940
2026-05-09 15:31:34,1,1,1,2332.9,-88,-1.5,-63,2332,1,1.90,0.27,39940,1,1.90,0.27,39940
2026-05-09 15:31:35,1,1,1,2320.5,-48,-1.2,-47,2320,1,1.90,0.27,39940,1,1.90,0.27,39940
2026-05-09 15:31:35,1,1,1,2309.5,-39,-1.1,-46,2309,1,1.90,0.27,39940,1,1.90,0.27,39940
2026-05-09 15:31:35,1,1,1,2309.5,-39,-1.1,-46,2309,1,1.90,0.27,39940,1,1.90,0.27,39940
2026-05-09 15:31:35,1,1,1,2292.7,-104,-1.4,-58,2292,1,0.00,0.00,0,0,0.00,0.00,0
2026-05-09 15:31:35,1,1,1,2292.7,-104,-1.4,-58,2292,1,0.00,0.00,0,0,0.00,0.00,0
2026-05-09 15:31:35,1,1,1,2285.8,-64,-1.5,-61,2285,1,0.00,0.00,0,0,0.00,0.00,0
2026-05-09 15:31:35,1,1,1,2285.8,-64,-1.5,-61,2285,1,0.00,0.00,0,0,0.00,0.00,0
2026-05-09 15:31:35,1,1,1,2276.9,-72,-1.6,-64,2276,1,0.00,0.00,0,0,0.00,0.00,0
2026-05-09 15:31:35,1,1,1,2276.9,-72,-1.6,-64,2276,1,2.20,-0.81,36244,1,2.20,-0.81,36244
2026-05-09 15:31:35,1,1,1,2266.9,-79,-1.6,-65,2266,1,2.20,-0.81,36244,1,2.20,-0.81,36244
2026-05-09 15:31:45,1,1,1,968.0,112,3.7,62,966,1,0.00,0.00,0,0,0.00,0.00,0
2026-05-09 15:31:45,1,1,1,968.0,112,3.7,62,966,1,0.00,0.00,0,0,0.00,0.00,0
2026-05-09 15:31:45,1,1,1,1102.8,88,4.1,78,1100,1,0.00,0.00,0,0,0.00,0.00,0
2026-05-09 15:31:45,1,1,1,1214.0,72,3.3,70,1212,1,0.00,0.00,0,0,0.00,0.00,0
2026-05-09 15:31:45,1,1,1,1214.0,72,3.3,70,1212,0,0.00,0.00,0,0,0.00,0.00,0
2026-05-09 15:31:45,1,1,1,1309.5,56,2.7,62,1308,0,0.00,0.00,0,0,0.00,0.00,0
2026-05-09 15:31:45,1,1,1,1309.5,56,2.7,62,1308,0,0.00,0.00,0,0,0.00,0.00,0
2026-05-09 15:31:45,1,1,1,1390.7,48,1.8,44,1390,0,0.00,0.00,0,0,0.00,0.00,0
2026-05-09 15:31:45,1,1,1,1390.7,48,1.8,44,1390,0,0.00,0.00,0,0,0.00,0.00,0
2026-05-09 15:31:45,1,1,1,1473.2,64,1.0,26,1473,0,0.00,0.00,0,0,0.00,0.00,0
2026-05-09 15:31:46,1,1,1,1548.1,48,0.8,21,1548,0,0.00,0.00,0,0,0.00,0.00,0
2026-05-09 15:31:46,1,1,1,1548.1,48,0.8,21,1548,0,0.00,0.00,0,0,0.00,0.00,0
2026-05-09 15:31:46,1,1,1,1616.1,56,0.5,15,1616,0,0.00,0.00,0,0,0.00,0.00,0
2026-05-09 15:31:46,1,1,1,1616.1,56,0.5,15,1616,0,0.00,0.00,0,0,0.00,0.00,0
2026-05-09 15:31:46,1,1,1,1676.0,72,0.0,0,1676,0,0.00,0.00,0,0,0.00,0.00,0
2026-05-09 15:31:46,1,1,1,1676.0,72,0.0,0,1676,0,0.00,0.00,0,0,0.00,0.00,0
2026-05-09 15:31:46,1,1,1,1736.0,64,-0.2,-7,1736,0,0.00,0.00,0,0,0.00,0.00,0
2026-05-09 15:31:46,1,1,1,1736.0,64,-0.2,-7,1736,0,0.00,0.00,0,0,0.00,0.00,0
2026-05-09 15:31:46,1,1,1,1796.0,56,-0.2,-7,1796,0,0.00,0.00,0,0,0.00,0.00,0
2026-05-09 15:31:46,1,1,1,1854.0,39,-0.4,-12,1854,0,0.00,0.00,0,0,0.00,0.00,0
2026-05-09 15:31:46,1,1,1,1854.0,39,-0.4,-12,1854,0,0.00,0.00,0,0,0.00,0.00,0
2026-05-09 15:31:46,1,1,1,1908.1,39,-0.5,-15,1908,0,0.00,0.00,0,0,0.00,0.00,0
2026-05-09 15:31:46,1,1,1,1908.1,39,-0.5,-15,1908,0,0.00,0.00,0,0,0.00,0.00,0
2026-05-09 15:31:46,1,1,1,1964.1,48,-0.6,-22,1964,0,0.00,0.00,0,0,0.00,0.00,0
2026-05-09 15:31:46,1,1,1,1964.1,48,-0.6,-22,1964,0,0.00,0.00,0,0,0.00,0.00,0
2026-05-09 15:31:46,1,1,1,2016.2,48,-0.7,-26,2016,0,0.00,0.00,0,0,0.00,0.00,0
2026-05-09 15:31:46,1,1,1,2069.4,56,-1.1,-40,2069,0,0.00,0.00,0,0,0.00,0.00,0
2026-05-09 15:31:46,1,1,1,2069.4,56,-1.1,-40,2069,0,0.00,0.00,0,0,0.00,0.00,0
2026-05-09 15:31:46,1,1,1,2125.5,64,-1.3,-48,2125,0,0.00,0.00,0,0,0.00,0.00,0
2026-05-09 15:31:46,1,1,1,2125.5,64,-1.3,-48,2125,0,0.00,0.00,0,0,0.00,0.00,0
2026-05-09 15:31:47,1,1,1,2189.2,39,-0.9,-33,2189,0,0.00,0.00,0,0,0.00,0.00,0
2026-05-09 15:31:47,1,1,1,2189.2,39,-0.9,-33,2189,0,0.00,0.00,0,0,0.00,0.00,0
2026-05-09 15:31:47,1,1,1,2249.1,24,-0.6,-24,2249,0,0.00,0.00,0,0,0.00,0.00,0
2026-05-09 15:31:47,1,1,1,2249.1,24,-0.6,-24,2249,0,0.00,0.00,0,0,0.00,0.00,0
2026-05-09 15:31:47,1,1,1,2294.3,24,-0.8,-34,2294,0,0.00,0.00,0,0,0.00,0.00,0
2026-05-09 15:31:47,1,1,1,2326.2,24,-0.7,-27,2326,0,0.00,0.00,0,0,0.00,0.00,0
2026-05-09 15:31:47,1,1,1,2326.2,24,-0.7,-27,2326,0,0.00,0.00,0,0,0.00,0.00,0
2026-05-09 15:31:47,1,1,1,2337.2,-24,-0.7,-27,2337,0,0.00,0.00,0,0,0.00,0.00,0
2026-05-09 15:31:47,1,1,1,2337.2,-24,-0.7,-27,2337,0,0.00,0.00,0,0,0.00,0.00,0
2026-05-09 15:31:47,1,1,1,2343.2,-24,-0.8,-31,2343,0,0.00,0.00,0,0,0.00,0.00,0
2026-05-09 15:31:47,1,1,1,2343.2,-24,-0.8,-31,2343,0,0.00,0.00,0,0,0.00,0.00,0
2026-05-09 15:31:47,1,1,1,2345.2,-32,-0.8,-33,2345,0,0.00,0.00,0,0,0.00,0.00,0
2026-05-09 15:31:47,1,1,1,2349.3,0,-1.0,-40,2349,0,0.00,0.00,0,0,0.00,0.00,0
2026-05-09 15:31:47,1,1,1,2349.3,0,-1.0,-40,2349,0,0.00,0.00,0,0,0.00,0.00,0
2026-05-09 15:31:47,1,1,1,2340.5,-48,-1.2,-47,2340,0,0.00,0.00,0,0,0.00,0.00,0
2026-05-09 15:31:47,1,1,1,2340.5,-48,-1.2,-47,2340,0,0.00,0.00,0,0,0.00,0.00,0
2026-05-09 15:31:47,1,1,1,2338.5,0,-1.2,-50,2338,0,0.00,0.00,0,0,0.00,0.00,0
2026-05-09 15:31:47,1,1,1,2338.5,0,-1.2,-50,2338,0,0.00,0.00,0,0,0.00,0.00,0
2026-05-09 15:31:47,1,1,1,2331.6,-72,-1.3,-52,2331,0,0.00,0.00,0,0,0.00,0.00,0
2026-05-09 15:31:47,1,1,1,2331.6,-72,-1.3,-52,2331,0,0.00,0.00,0,0,0.00,0.00,0
2026-05-09 15:31:48,1,1,1,2323.6,-79,-1.3,-52,2323,0,0.00,0.00,0,0,0.00,0.00,0
2026-05-09 15:31:48,1,1,1,2312.5,-96,-1.2,-49,2312,0,0.00,0.00,0,0,0.00,0.00,0
2026-05-09 15:31:48,1,1,1,2312.5,-96,-1.2,-49,2312,0,0.00,0.00,0,0,0.00,0.00,0
2026-05-09 15:31:48,1,1,1,2297.5,-88,-1.2,-48,2297,0,0.00,0.00,0,0,0.00,0.00,0
2026-05-09 15:31:48,1,1,1,2297.5,-88,-1.2,-48,2297,0,0.00,0.00,0,0,0.00,0.00,0
2026-05-09 15:31:48,1,1,1,2281.5,-79,-1.2,-49,2281,0,0.00,0.00,0,0,0.00,0.00,0
2026-05-09 15:31:48,1,1,1,2281.5,-79,-1.2,-49,2281,0,0.00,0.00,0,0,0.00,0.00,0
2026-05-09 15:31:48,1,1,1,2263.6,-79,-1.3,-50,2263,0,0.00,0.00,0,0,0.00,0.00,0
2026-05-09 15:31:48,1,1,1,2242.6,-79,-1.3,-52,2242,0,0.00,0.00,0,0,0.00,0.00,0
2026-05-09 15:31:48,1,1,1,2242.6,-79,-1.3,-52,2242,0,0.00,0.00,0,0,0.00,0.00,0
2026-05-09 15:31:48,1,1,1,2179.9,-96,-1.6,-62,2179,0,0.00,0.00,0,0,0.00,0.00,0
2026-05-09 15:31:48,1,1,1,2179.9,-96,-1.6,-62,2179,0,0.00,0.00,0,0,0.00,0.00,0
2026-05-09 15:31:48,1,1,1,2117.1,-96,-1.9,-69,2116,0,0.00,0.00,0,1,1.61,-1.15,41645
2026-05-09 15:31:48,1,1,1,2117.1,-96,-1.9,-69,2116,0,0.00,0.00,0,1,1.61,-1.15,41645
2026-05-09 15:31:48,1,1,1,2054.0,-112,-1.8,-63,2053,1,1.50,-1.15,41645,1,1.50,-1.15,41645
2026-05-09 15:31:48,1,1,1,2054.0,-112,-1.8,-63,2053,1,1.50,-1.15,41645,1,1.50,-1.15,41645
2026-05-09 15:31:48,1,1,1,1927.6,-88,-1.5,-49,1927,1,1.50,-1.15,41645,1,1.50,-1.15,41645
2026-05-09 15:31:48,1,1,1,1811.3,-79,-1.0,-33,1811,1,1.50,-1.15,41645,1,1.50,-1.15,41645
2026-05-09 15:31:48,1,1,1,1811.3,-79,-1.0,-33,1811,1,1.50,-1.15,41645,1,1.50,-1.15,41645
2026-05-09 15:31:48,1,1,1,1704.1,-79,-0.7,-20,1704,1,1.50,-1.15,41645,1,1.50,-1.15,41645
2026-05-09 15:31:49,1,1,1,1704.1,-79,-0.7,-20,1704,1,1.50,-1.15,41645,1,1.50,-1.15,41645
2026-05-09 15:31:49,1,1,1,1601.0,-79,-0.3,-9,1601,1,1.50,-1.15,41645,1,1.50,-1.15,41645
2026-05-09 15:31:49,1,1,1,1601.0,-79,-0.3,-9,1601,1,1.50,-1.15,41645,1,1.50,-1.15,41645
2026-05-09 15:31:49,1,1,1,1498.0,-88,-0.4,-10,1498,1,1.50,-1.15,41645,1,1.50,-1.15,41645
2026-05-09 15:31:49,1,1,1,1404.1,-96,-0.6,-14,1404,1,1.04,-0.93,11520,1,1.04,-0.93,11520
2026-05-09 15:31:49,1,1,1,1404.1,-96,-0.6,-14,1404,1,1.04,-0.93,11520,1,1.04,-0.93,11520
2026-05-09 15:31:49,1,1,1,1319.0,-88,-0.1,-2,1319,1,0.95,-0.93,11520,1,0.95,-0.93,11520
2026-05-09 15:31:49,1,1,1,1319.0,-88,-0.1,-2,1319,1,0.95,-0.93,11520,1,0.95,-0.93,11520
2026-05-09 15:31:49,1,1,1,1236.0,-79,0.0,0,1236,1,0.94,-0.82,39016,1,0.94,-0.82,39016
2026-05-09 15:31:49,1,1,1,1236.0,-79,0.0,0,1236,1,0.94,-0.82,39016,1,0.94,-0.82,39016
2026-05-09 15:31:49,1,1,1,1154.0,-72,0.0,0,1154,1,0.85,-0.82,39016,1,0.85,-0.82,39016
2026-05-09 15:31:49,1,1,1,1154.0,-72,0.0,0,1154,1,0.85,-0.82,39016,1,0.85,-0.82,39016
2026-05-09 15:31:49,1,1,1,1082.1,-32,1.0,18,1082,1,0.77,-0.78,28969,1,0.77,-0.78,28969
2026-05-09 15:31:49,1,1,1,1012.2,-72,1.2,21,1012,1,0.77,-0.78,28969,1,0.77,-0.78,28969
2026-05-09 15:31:49,1,1,1,1012.2,-72,1.2,21,1012,1,0.71,-0.74,61160,1,0.71,-0.74,61160
2026-05-09 15:31:49,1,1,1,936.1,-56,0.8,13,936,1,0.71,-0.74,61160,1,0.71,-0.74,61160
2026-05-09 15:31:49,1,1,1,936.1,-56,0.8,13,936,1,0.64,-0.74,61160,1,0.64,-0.74,61160
2026-05-09 15:31:49,1,1,1,860.2,-72,1.1,17,860,1,0.64,-0.74,61160,1,0.64,-0.74,61160
2026-05-09 15:31:49,1,1,1,860.2,-72,1.1,17,860,1,0.57,-0.68,49029,1,0.57,-0.68,49029
2026-05-09 15:31:49,1,1,1,784.7,-56,2.5,34,784,1,0.57,-0.68,49029,1,0.57,-0.68,49029
2026-05-09 15:31:50,1,1,1,784.7,-56,2.5,34,784,1,0.50,-0.68,49029,1,0.50,-0.68,49029
2026-05-09 15:31:50,1,1,1,717.7,-39,4.0,50,716,1,0.50,-0.68,49029,1,0.50,-0.68,49029
2026-05-09 15:31:50,1,1,1,649.3,-88,7.3,83,644,1,0.50,-0.68,49029,1,0.50,-0.68,49029
2026-05-09 15:31:50,1,1,1,649.3,-88,7.3,83,644,1,0.50,-0.68,49029,1,0.50,-0.68,49029
2026-05-09 15:31:50,1,1,1,595.5,-16,9.7,100,587,1,0.50,-0.68,49029,1,0.50,-0.68,49029
2026-05-09 15:31:50,1,1,1,595.5,-16,9.7,100,587,1,0.50,-0.68,49029,1,0.50,-0.68,49029
2026-05-09 15:31:50,1,1,1,543.2,-48,12.7,119,530,1,0.50,-0.68,49029,1,0.50,-0.68,49029
2026-05-09 15:31:50,1,1,1,543.2,-48,12.7,119,530,1,0.50,-0.68,49029,1,0.50,-0.68,49029
2026-05-09 15:31:50,1,1,1,515.4,32,13.6,121,501,1,0.50,-0.68,49029,1,0.50,-0.68,49029
2026-05-09 15:31:50,1,1,1,483.9,39,13.7,115,470,1,0.50,-0.68,49029,1,0.50,-0.68,49029
2026-05-09 15:31:50,1,1,1,483.9,39,13.7,115,470,1,0.50,-0.68,49029,1,0.50,-0.68,49029
2026-05-09 15:31:50,1,1,1,462.7,72,12.4,99,452,1,0.50,-0.68,49029,1,0.50,-0.68,49029
2026-05-09 15:31:50,1,1,1,462.7,72,12.4,99,452,1,0.55,0.71,32634,1,0.55,0.71,32634
2026-05-09 15:31:50,1,1,1,468.7,64,11.1,90,460,1,0.55,0.71,32634,1,0.55,0.71,32634
2026-05-09 15:31:50,1,1,1,468.7,64,11.1,90,460,1,0.68,0.72,53585,1,0.68,0.72,53585
2026-05-09 15:31:50,1,1,1,498.3,56,9.8,85,491,1,0.68,0.72,53585,1,0.68,0.72,53585
2026-05-09 15:31:50,1,1,1,498.3,56,9.8,85,491,1,0.75,0.67,57778,1,0.75,0.67,57778
2026-05-09 15:31:50,1,1,1,513.7,72,8.5,76,508,1,0.75,0.67,57778,1,0.75,0.67,57778
2026-05-09 15:31:50,1,1,1,536.5,64,7.4,69,532,1,0.82,0.67,57778,1,0.82,0.67,57778
2026-05-09 15:31:50,1,1,1,536.5,64,7.4,69,532,1,0.82,0.67,57778,1,0.82,0.67,57778
2026-05-09 15:31:51,1,1,1,546.0,79,6.9,66,542,1,0.92,0.70,40101,1,0.92,0.70,40101
2026-05-09 15:31:51,1,1,1,546.0,79,6.9,66,542,1,0.92,0.70,40101,1,0.92,0.70,40101
2026-05-09 15:31:51,1,1,1,558.9,72,6.8,66,555,1,0.99,0.70,40101,1,0.99,0.70,40101
2026-05-09 15:31:51,1,1,1,558.9,72,6.8,66,555,1,0.99,0.70,40101,1,0.99,0.70,40101
2026-05-09 15:31:51,1,1,1,573.6,112,6.4,64,570,1,0.99,0.70,40101,1,0.99,0.70,40101
2026-05-09 15:31:51,1,1,1,622.9,96,4.4,48,621,1,0.99,0.70,40101,1,0.99,0.70,40101
2026-05-09 15:31:51,1,1,1,622.9,96,4.4,48,621,1,0.99,0.70,40101,1,0.99,0.70,40101
2026-05-09 15:31:51,1,1,1,676.7,79,2.5,30,676,1,0.99,0.70,40101,1,0.99,0.70,40101
2026-05-09 15:31:51,1,1,1,676.7,79,2.5,30,676,1,0.99,0.70,40101,1,0.99,0.70,40101
2026-05-09 15:31:51,1,1,1,782.0,79,0.0,0,782,1,0.99,0.70,40101,1,0.99,0.70,40101
2026-05-09 15:31:51,1,1,1,782.0,79,0.0,0,782,1,1.28,0.72,53633,1,1.28,0.72,53633
2026-05-09 15:31:51,1,1,1,881.5,79,-2.0,-30,881,1,1.28,0.72,53633,1,1.28,0.72,53633
2026-05-09 15:31:51,1,1,1,881.5,79,-2.0,-30,881,1,1.42,0.75,35981,1,1.42,0.75,35981
2026-05-09 15:31:51,1,1,1,969.1,64,-4.6,-78,966,1,1.42,0.75,35981,1,1.42,0.75,35981
2026-05-09 15:31:51,1,1,1,1056.7,96,-6.0,-110,1051,1,1.50,0.75,35981,1,1.50,0.75,35981
2026-05-09 15:31:51,1,1,1,1056.7,96,-6.0,-110,1051,1,1.50,0.75,35981,1,1.50,0.75,35981
2026-05-09 15:31:51,1,1,1,1146.4,104,-6.1,-121,1140,1,1.50,0.75,35981,1,1.50,0.75,35981
2026-05-09 15:31:51,1,1,1,1146.4,104,-6.1,-121,1140,1,1.50,0.75,35981,1,1.50,0.75,35981
2026-05-09 15:31:51,1,1,1,1236.0,88,-5.7,-122,1230,1,1.50,0.75,35981,1,1.50,0.75,35981
2026-05-09 15:31:51,1,1,1,1236.0,88,-5.7,-122,1230,1,1.50,0.75,35981,1,1.50,0.75,35981
2026-05-09 15:31:52,1,1,1,1326.3,79,-5.6,-129,1320,1,1.50,0.75,35981,1,1.50,0.75,35981
2026-05-09 15:31:52,1,1,1,1413.6,88,-5.5,-136,1407,1,1.50,0.75,35981,1,1.50,0.75,35981
2026-05-09 15:31:52,1,1,1,1413.6,88,-5.5,-136,1407,1,1.50,0.75,35981,1,1.50,0.75,35981
2026-05-09 15:31:52,1,1,1,1497.8,88,-4.6,-120,1493,1,1.50,0.75,35981,1,1.50,0.75,35981
2026-05-09 15:31:52,1,1,1,1497.8,88,-4.6,-120,1493,1,1.50,0.75,35981,1,1.50,0.75,35981
2026-05-09 15:31:52,1,1,1,1578.6,96,-3.3,-90,1576,1,1.50,0.75,35981,1,1.50,0.75,35981
2026-05-09 15:31:52,1,1,1,1578.6,96,-3.3,-90,1576,1,1.50,0.75,35981,1,1.50,0.75,35981
2026-05-09 15:31:52,1,1,1,1657.8,88,-2.7,-78,1656,1,0.00,0.00,0,0,0.00,0.00,0
2026-05-09 15:31:52,1,1,1,1657.8,88,-2.7,-78,1656,1,0.00,0.00,0,0,0.00,0.00,0
2026-05-09 15:31:52,1,1,1,1748.8,0,-2.6,-79,1747,1,0.00,0.00,0,0,0.00,0.00,0
2026-05-09 15:31:52,1,1,1,1833.1,79,-2.8,-88,1831,1,2.26,0.77,43565,1,2.26,0.77,43565
2026-05-09 15:31:52,1,1,1,1833.1,79,-2.8,-88,1831,1,2.26,0.77,43565,1,2.26,0.77,43565
2026-05-09 15:31:52,1,1,1,1914.6,88,-2.4,-79,1913,1,2.33,0.77,43565,1,2.33,0.77,43565
2026-05-09 15:31:52,1,1,1,1914.6,88,-2.4,-79,1913,1,2.33,0.77,43565,1,2.33,0.77,43565
2026-05-09 15:31:52,1,1,1,1995.5,96,-1.3,-44,1995,1,2.33,0.77,43565,1,2.33,0.77,43565
2026-05-09 15:31:52,1,1,1,1995.5,96,-1.3,-44,1995,1,2.33,0.77,43565,1,2.33,0.77,43565
2026-05-09 15:31:52,1,1,1,2068.1,48,-0.7,-24,2068,1,2.33,0.77,43565,1,2.33,0.77,43565
2026-05-09 15:31:52,1,1,1,2147.1,0,-0.6,-21,2147,1,2.33,0.77,43565,1,2.33,0.77,43565
2026-05-09 15:31:52,1,1,1,2147.1,0,-0.6,-21,2147,1,2.33,0.77,43565,1,2.33,0.77,43565
2026-05-09 15:31:52,1,1,1,2244.2,8,-1.8,-72,2243,1,2.33,0.77,43565,1,2.33,0.77,43565
2026-05-09 15:31:53,1,1,1,2244.2,8,-1.8,-72,2243,1,2.33,0.77,43565,1,2.33,0.77,43565
2026-05-09 15:31:53,1,1,1,2382.2,0,-3.0,-124,2379,1,2.33,0.77,43565,1,2.33,0.77,43565
2026-05-09 15:31:53,1,1,1,2382.2,0,-3.0,-124,2379,1,2.33,0.77,43565,1,2.33,0.77,43565
2026-05-09 15:31:53,1,1,1,2516.6,0,-3.8,-168,2511,1,2.33,0.77,43565,1,2.33,0.77,43565
2026-05-09 15:31:53,1,1,1,2516.6,0,-3.8,-168,2511,1,2.33,0.77,43565,1,2.33,0.77,43565
2026-05-09 15:31:53,1,1,1,2638.8,0,-4.9,-227,2629,1,0.00,0.00,0,0,0.00,0.00,0
2026-05-09 15:31:53,1,1,1,2744.1,0,-5.8,-278,2730,1,0.00,0.00,0,0,0.00,0.00,0
2026-05-09 15:31:53,1,1,1,2744.1,0,-5.8,-278,2730,1,0.00,0.00,0,0,0.00,0.00,0
2026-05-09 15:31:53,1,1,1,2729.1,-16,-5.4,-257,2717,1,0.00,0.00,0,0,0.00,0.00,0
2026-05-09 15:31:53,1,1,1,2729.1,-16,-5.4,-257,2717,1,0.00,0.00,0,0,0.00,0.00,0
2026-05-09 15:31:53,1,1,1,2706.4,0,-4.8,-225,2697,0,0.00,0.00,0,0,0.00,0.00,0
2026-05-09 15:31:53,1,1,1,2706.4,0,-4.8,-225,2697,0,0.00,0.00,0,0,0.00,0.00,0
2026-05-09 15:31:53,1,1,1,2675.1,-39,-4.2,-195,2668,0,0.00,0.00,0,0,0.00,0.00,0
2026-05-09 15:31:53,1,1,1,2641.0,0,-3.5,-162,2636,0,0.00,0.00,0,0,0.00,0.00,0
2026-05-09 15:31:53,1,1,1,2641.0,0,-3.5,-162,2636,0,0.00,0.00,0,0,0.00,0.00,0
2026-05-09 15:31:53,1,1,1,2632.7,0,-3.4,-157,2628,0,0.00,0.00,0,0,0.00,0.00,0
2026-05-09 15:31:53,1,1,1,2632.7,0,-3.4,-157,2628,0,0.00,0.00,0,0,0.00,0.00,0
2026-05-09 15:31:53,1,1,1,2612.9,-24,-3.1,-142,2609,0,0.00,0.00,0,0,0.00,0.00,0
2026-05-09 15:31:53,1,1,1,2612.9,-24,-3.1,-142,2609,0,0.00,0.00,0,0,0.00,0.00,0
2026-05-09 15:31:53,1,1,1,2572.9,-48,-2.7,-122,2570,0,0.00,0.00,0,0,0.00,0.00,0
2026-05-09 15:31:54,1,1,1,2572.9,-48,-2.7,-122,2570,0,0.00,0.00,0,0,0.00,0.00,0
2026-05-09 15:31:54,1,1,1,2524.5,-72,-2.6,-113,2522,0,0.00,0.00,0,0,0.00,0.00,0
2026-05-09 15:31:54,1,1,1,2430.4,-72,-1.9,-81,2429,0,0.00,0.00,0,0,0.00,0.00,0
2026-05-09 15:31:54,1,1,1,2430.4,-72,-1.9,-81,2429,0,0.00,0.00,0,0,0.00,0.00,0
2026-05-09 15:31:54,1,1,1,2345.9,-96,-1.6,-66,2345,0,0.00,0.00,0,0,0.00,0.00,0
2026-05-09 15:31:54,1,1,1,2345.9,-96,-1.6,-66,2345,0,0.00,0.00,0,0,0.00,0.00,0
2026-05-09 15:31:54,1,1,1,2261.9,-79,-1.6,-65,2261,0,0.00,0.00,0,0,0.00,0.00,0
2026-05-09 15:31:54,1,1,1,2261.9,-79,-1.6,-65,2261,0,0.00,0.00,0,0,0.00,0.00,0
2026-05-09 15:31:54,1,1,1,2184.1,-72,-1.8,-70,2183,0,0.00,0.00,0,0,0.00,0.00,0
2026-05-09 15:31:54,1,1,1,2184.1,-72,-1.8,-70,2183,0,0.00,0.00,0,0,0.00,0.00,0
2026-05-09 15:31:54,1,1,1,2109.8,-112,-1.5,-57,2109,0,0.00,0.00,0,1,1.99,-0.94,21817
2026-05-09 15:31:54,1,1,1,2040.7,-88,-1.5,-55,2040,0,0.00,0.00,0,1,1.99,-0.94,21817
2026-05-09 15:31:54,1,1,1,2040.7,-88,-1.5,-55,2040,1,1.90,-0.94,21817,1,1.90,-0.94,21817
2026-05-09 15:31:54,1,1,1,1963.7,-88,-1.6,-54,1963,1,1.90,-0.94,21817,1,1.90,-0.94,21817
2026-05-09 15:31:54,1,1,1,1963.7,-88,-1.6,-54,1963,1,1.79,-0.83,57762,1,1.79,-0.83,57762
2026-05-09 15:31:54,1,1,1,1890.5,-104,-1.3,-44,1890,1,1.79,-0.83,57762,1,1.79,-0.83,57762
2026-05-09 15:31:54,1,1,1,1890.5,-104,-1.3,-44,1890,1,1.70,-0.83,57762,1,1.70,-0.83,57762
2026-05-09 15:31:54,1,1,1,1815.3,-104,-1.0,-31,1815,1,1.70,-0.83,57762,1,1.70,-0.83,57762
2026-05-09 15:31:54,1,1,1,1739.2,-88,-0.9,-27,1739,1,1.70,-0.83,57762,1,1.70,-0.83,57762
2026-05-09 15:31:54,1,1,1,1739.2,-88,-0.9,-27,1739,1,1.70,-0.83,57762,1,1.70,-0.83,57762
2026-05-09 15:31:55,1,1,1,1671.0,-136,-0.1,-4,1671,1,1.70,-0.83,57762,1,1.70,-0.83,57762
2026-05-09 15:31:55,1,1,1,1671.0,-136,-0.1,-4,1671,1,1.70,-0.83,57762,1,1.70,-0.83,57762
2026-05-09 15:31:55,1,1,1,1604.2,-88,1.0,27,1604,1,1.70,-0.83,57762,1,1.70,-0.83,57762
2026-05-09 15:31:55,1,1,1,1604.2,-88,1.0,27,1604,1,1.70,-0.83,57762,1,1.70,-0.83,57762
2026-05-09 15:31:55,1,1,1,1533.4,-79,1.4,37,1533,1,1.70,-0.83,57762,1,1.70,-0.83,57762
2026-05-09 15:31:55,1,1,1,1533.4,-79,1.4,37,1533,1,1.70,-0.83,57762,1,1.70,-0.83,57762
2026-05-09 15:31:55,1,1,1,1461.0,-96,2.2,55,1460,1,1.70,-0.83,57762,1,1.70,-0.83,57762
2026-05-09 15:31:55,1,1,1,1382.8,-104,3.6,88,1380,1,1.70,-0.83,57762,1,1.70,-0.83,57762
2026-05-09 15:31:55,1,1,1,1382.8,-104,3.6,88,1380,1,1.70,-0.83,57762,1,1.70,-0.83,57762
2026-05-09 15:31:55,1,1,1,1297.0,-96,4.5,102,1293,1,0.00,0.00,0,0,0.00,0.00,0
2026-05-09 15:31:55,1,1,1,1297.0,-96,4.5,102,1293,1,1.00,-0.72,57514,1,1.00,-0.72,57514
2026-05-09 15:31:55,1,1,1,1208.6,-88,5.0,105,1204,1,1.00,-0.72,57514,1,1.00,-0.72,57514
2026-05-09 15:31:55,1,1,1,1208.6,-88,5.0,105,1204,1,0.93,-0.72,57514,1,0.93,-0.72,57514
2026-05-09 15:31:55,1,1,1,1129.1,-72,5.4,107,1124,1,0.93,-0.72,57514,1,0.93,-0.72,57514
2026-05-09 15:31:55,1,1,1,1059.2,-64,5.7,105,1054,1,0.93,-0.72,57514,1,0.93,-0.72,57514
2026-05-09 15:31:55,1,1,1,1059.2,-64,5.7,105,1054,1,0.93,-0.72,57514,1,0.93,-0.72,57514
2026-05-09 15:31:55,1,1,1,988.9,-56,5.7,98,984,1,0.93,-0.72,57514,1,0.93,-0.72,57514
2026-05-09 15:31:55,1,1,1,988.9,-56,5.7,98,984,1,0.93,-0.72,57514,1,0.93,-0.72,57514
2026-05-09 15:31:55,1,1,1,918.2,-64,6.1,98,913,1,0.93,-0.72,57514,1,0.93,-0.72,57514
2026-05-09 15:31:55,1,1,1,918.2,-64,6.1,98,913,1,0.93,-0.72,57514,1,0.93,-0.72,57514
2026-05-09 15:31:56,1,1,1,853.1,-72,6.9,102,847,1,0.74,-0.47,8724,1,0.74,-0.47,8724
2026-05-09 15:31:56,1,1,1,853.1,-72,6.9,102,847,1,0.74,-0.47,8724,1,0.74,-0.47,8724
2026-05-09 15:31:56,1,1,1,784.5,-104,9.4,128,774,1,0.69,-0.47,8724,1,0.69,-0.47,8724
2026-05-09 15:31:56,1,1,1,723.9,-39,11.2,141,710,1,0.69,-0.47,8724,1,0.69,-0.47,8724
2026-05-09 15:31:56,1,1,1,723.9,-39,11.2,141,710,1,0.69,-0.47,8724,1,0.69,-0.47,8724
2026-05-09 15:31:56,1,1,1,684.5,-39,13.0,154,667,1,0.69,-0.47,8724,1,0.69,-0.47,8724
2026-05-09 15:31:56,1,1,1,684.5,-39,13.0,154,667,1,0.69,-0.47,8724,1,0.69,-0.47,8724
2026-05-09 15:31:56,1,1,1,629.9,-48,14.8,161,609,1,0.69,-0.47,8724,1,0.69,-0.47,8724
2026-05-09 15:31:56,1,1,1,629.9,-48,14.8,161,609,1,0.69,-0.47,8724,1,0.69,-0.47,8724
2026-05-09 15:31:56,1,1,1,572.4,8,15.7,155,551,1,0.69,-0.47,8724,1,0.69,-0.47,8724
2026-05-09 15:31:56,1,1,1,530.1,48,15.4,141,511,1,0.69,-0.47,8724,1,0.69,-0.47,8724
2026-05-09 15:31:56,1,1,1,530.1,48,15.4,141,511,1,0.69,-0.47,8724,1,0.69,-0.47,8724
2026-05-09 15:31:56,1,1,1,516.6,48,14.6,130,500,1,0.69,-0.47,8724,1,0.69,-0.47,8724
2026-05-09 15:31:56,1,1,1,516.6,48,14.6,130,500,1,0.69,-0.47,8724,1,0.69,-0.47,8724
2026-05-09 15:31:56,1,1,1,523.7,72,13.1,119,510,1,0.69,-0.47,8724,1,0.69,-0.47,8724
2026-05-09 15:31:56,1,1,1,523.7,72,13.1,119,510,1,0.00,0.00,0,0,0.00,0.00,0
2026-05-09 15:31:56,1,1,1,534.6,96,9.7,90,527,1,0.00,0.00,0,0,0.00,0.00,0
2026-05-09 15:31:56,1,1,1,534.6,96,9.7,90,527,1,0.00,0.00,0,0,0.00,0.00,0
2026-05-09 15:31:56,1,1,1,540.6,79,7.4,70,536,1,0.76,0.72,26025,1,0.76,0.72,26025
2026-05-09 15:31:56,1,1,1,555.8,64,5.8,56,553,1,0.76,0.72,26025,1,0.76,0.72,26025
2026-05-09 15:31:57,1,1,1,555.8,64,5.8,56,553,1,0.83,0.72,26025,1,0.83,0.72,26025
2026-05-09 15:31:57,1,1,1,582.0,64,4.7,48,580,1,0.83,0.72,26025,1,0.83,0.72,26025
2026-05-09 15:31:57,1,1,1,582.0,64,4.7,48,580,1,0.95,0.72,25762,1,0.95,0.72,25762
2026-05-09 15:31:57,1,1,1,615.4,79,3.8,41,614,1,0.95,0.72,25762,1,0.95,0.72,25762
2026-05-09 15:31:57,1,1,1,615.4,79,3.8,41,614,1,1.02,0.80,43757,1,1.02,0.80,43757
2026-05-09 15:31:57,1,1,1,653.6,72,3.9,45,652,1,1.02,0.80,43757,1,1.02,0.80,43757
2026-05-09 15:31:57,1,1,1,695.2,104,3.3,40,694,1,1.10,0.80,43757,1,1.10,0.80,43757
2026-05-09 15:31:57,1,1,1,695.2,104,3.3,40,694,1,1.10,0.80,43757,1,1.10,0.80,43757
2026-05-09 15:31:57,1,1,1,741.6,104,2.3,30,741,1,1.22,0.92,26644,1,1.22,0.92,26644
2026-05-09 15:31:57,1,1,1,741.6,104,2.3,30,741,1,1.22,0.92,26644,1,1.22,0.92,26644
2026-05-09 15:31:57,1,1,1,840.0,104,0.1,2,840,1,1.32,0.92,26644,1,1.32,0.92,26644
2026-05-09 15:31:57,1,1,1,840.0,104,0.1,2,840,1,1.32,0.92,26644,1,1.32,0.92,26644
2026-05-09 15:31:57,1,1,1,935.2,79,-1.2,-19,935,1,1.42,0.89,18216,1,1.42,0.89,18216
2026-05-09 15:31:57,1,1,1,935.2,79,-1.2,-19,935,1,1.42,0.89,18216,1,1.42,0.89,18216
2026-05-09 15:31:57,1,1,1,1024.8,79,-2.3,-41,1024,1,1.50,0.86,19241,1,1.50,0.86,19241
2026-05-09 15:31:57,1,1,1,1114.3,79,-3.7,-71,1112,1,1.50,0.86,19241,1,1.50,0.86,19241
2026-05-09 15:31:57,1,1,1,1114.3,79,-3.7,-71,1112,1,1.58,0.87,41096,1,1.58,0.87,41096
2026-05-09 15:31:57,1,1,1,1196.8,96,-3.9,-82,1194,1,1.58,0.87,41096,1,1.58,0.87,41096
2026-05-09 15:31:57,1,1,1,1196.8,96,-3.9,-82,1194,1,1.67,0.87,41096,1,1.67,0.87,41096
2026-05-09 15:31:57,1,1,1,1280.2,104,-4.1,-91,1277,1,1.67,0.87,41096,1,1.67,0.87,41096
2026-05-09 15:31:58,1,1,1,1280.2,104,-4.1,-91,1277,1,1.67,0.87,41096,1,1.67,0.87,41096
2026-05-09 15:31:58,1,1,1,1367.3,96,-4.0,-95,1364,1,1.67,0.87,41096,1,1.67,0.87,41096
2026-05-09 15:31:58,1,1,1,1452.5,88,-4.0,-101,1449,1,1.67,0.87,41096,1,1.67,0.87,41096
2026-05-09 15:31:58,1,1,1,1452.5,88,-4.0,-101,1449,1,1.67,0.87,41096,1,1.67,0.87,41096
2026-05-09 15:31:58,1,1,1,1534.1,79,-3.7,-98,1531,1,1.67,0.87,41096,1,1.67,0.87,41096
2026-05-09 15:31:58,1,1,1,1534.1,79,-3.7,-98,1531,1,1.67,0.87,41096,1,1.67,0.87,41096
2026-05-09 15:31:58,1,1,1,1614.6,112,-2.5,-71,1613,1,1.67,0.87,41096,1,1.67,0.87,41096
2026-05-09 15:31:58,1,1,1,1614.6,112,-2.5,-71,1613,1,1.67,0.87,41096,1,1.67,0.87,41096
2026-05-09 15:31:58,1,1,1,1694.3,79,-2.2,-66,1693,1,1.67,0.87,41096,1,1.67,0.87,41096
2026-05-09 15:31:58,1,1,1,1694.3,79,-2.2,-66,1693,1,1.67,0.87,41096,1,1.67,0.87,41096
2026-05-09 15:31:58,1,1,1,1766.7,79,-2.5,-77,1765,1,1.67,0.87,41096,1,1.67,0.87,41096
2026-05-09 15:31:58,1,1,1,1839.0,104,-2.7,-86,1837,1,0.00,0.00,0,0,0.00,0.00,0
2026-05-09 15:31:58,1,1,1,1839.0,104,-2.7,-86,1837,1,0.00,0.00,0,0,0.00,0.00,0
2026-05-09 15:31:58,1,1,1,1906.8,88,-3.1,-104,1904,1,0.00,0.00,0,0,0.00,0.00,0
2026-05-09 15:31:58,1,1,1,1906.8,88,-3.1,-104,1904,1,0.00,0.00,0,0,0.00,0.00,0
2026-05-09 15:31:58,1,1,1,1974.9,72,-3.6,-124,1971,1,0.00,0.00,0,0,0.00,0.00,0
2026-05-09 15:31:58,1,1,1,1974.9,72,-3.6,-124,1971,0,0.00,0.00,0,0,0.00,0.00,0
2026-05-09 15:31:58,1,1,1,2039.6,56,-4.2,-151,2034,0,0.00,0.00,0,0,0.00,0.00,0
2026-05-09 15:31:58,1,1,1,2039.6,56,-4.2,-151,2034,0,0.00,0.00,0,0,0.00,0.00,0
2026-05-09 15:31:58,1,1,1,2101.0,48,-4.7,-171,2094,0,0.00,0.00,0,0,0.00,0.00,0
2026-05-09 15:31:59,1,1,1,2157.7,39,-5.2,-194,2149,0,0.00,0.00,0,0,0.00,0.00,0
2026-05-09 15:31:59,1,1,1,2157.7,39,-5.2,-194,2149,0,0.00,0.00,0,0,0.00,0.00,0
2026-05-09 15:31:59,1,1,1,2216.0,56,-5.2,-199,2207,0,0.00,0.00,0,0,0.00,0.00,0
2026-05-09 15:31:59,1,1,1,2216.0,56,-5.2,-199,2207,0,0.00,0.00,0,0,0.00,0.00,0
2026-05-09 15:31:59,1,1,1,2282.5,64,-5.0,-197,2274,0,0.00,0.00,0,0,0.00,0.00,0
2026-05-09 15:31:59,1,1,1,2282.5,64,-5.0,-197,2274,0,0.00,0.00,0,0,0.00,0.00,0
2026-05-09 15:31:59,1,1,1,2327.4,24,-4.9,-198,2319,0,0.00,0.00,0,0,0.00,0.00,0
2026-05-09 15:31:59,1,1,1,2385.6,0,-4.6,-190,2378,0,0.00,0.00,0,0,0.00,0.00,0
2026-05-09 15:31:59,1,1,1,2385.6,0,-4.6,-190,2378,0,0.00,0.00,0,0,0.00,0.00,0
2026-05-09 15:31:59,1,1,1,2469.1,0,-3.7,-159,2464,0,0.00,0.00,0,0,0.00,0.00,0
2026-05-09 15:31:59,1,1,1,2469.1,0,-3.7,-159,2464,0,0.00,0.00,0,0,0.00,0.00,0
2026-05-09 15:31:59,1,1,1,2554.9,0,-3.2,-142,2551,0,0.00,0.00,0,0,0.00,0.00,0
2026-05-09 15:31:59,1,1,1,2554.9,0,-3.2,-142,2551,0,0.00,0.00,0,0,0.00,0.00,0
2026-05-09 15:31:59,1,1,1,2631.1,0,-3.9,-179,2625,0,0.00,0.00,0,0,0.00,0.00,0
2026-05-09 15:31:59,1,1,1,2631.1,0,-3.9,-179,2625,0,0.00,0.00,0,0,0.00,0.00,0
2026-05-09 15:31:59,1,1,1,2700.9,0,-4.7,-219,2692,0,0.00,0.00,0,0,0.00,0.00,0
2026-05-09 15:31:59,1,1,1,2750.9,-64,-5.3,-256,2739,0,0.00,0.00,0,0,0.00,0.00,0
2026-05-09 15:31:59,1,1,1,2750.9,-64,-5.3,-256,2739,0,0.00,0.00,0,0,0.00,0.00,0
2026-05-09 15:31:59,1,1,1,2713.4,-56,-5.2,-248,2702,0,0.00,0.00,0,0,0.00,0.00,0
2026-05-09 15:31:59,1,1,1,2713.4,-56,-5.2,-248,2702,0,0.00,0.00,0,0,0.00,0.00,0
2026-05-09 15:32:00,1,1,1,2681.4,0,-5.0,-236,2671,0,0.00,0.00,0,0,0.00,0.00,0
2026-05-09 15:32:00,1,1,1,2681.4,0,-5.0,-236,2671,0,0.00,0.00,0,0,0.00,0.00,0
2026-05-09 15:32:00,1,1,1,2666.6,-96,-4.9,-226,2657,0,0.00,0.00,0,0,0.00,0.00,0
2026-05-09 15:32:00,1,1,1,2648.9,-112,-4.7,-217,2640,0,0.00,0.00,0,0,0.00,0.00,0
2026-05-09 15:32:00,1,1,1,2648.9,-112,-4.7,-217,2640,0,0.00,0.00,0,0,0.00,0.00,0
2026-05-09 15:32:00,1,1,1,2631.3,-56,-4.6,-209,2623,0,0.00,0.00,0,0,0.00,0.00,0
2026-05-09 15:32:00,1,1,1,2631.3,-56,-4.6,-209,2623,0,0.00,0.00,0,0,0.00,0.00,0
2026-05-09 15:32:00,1,1,1,2613.1,-79,-4.5,-206,2605,0,0.00,0.00,0,0,0.00,0.00,0
2026-05-09 15:32:00,1,1,1,2613.1,-79,-4.5,-206,2605,0,0.00,0.00,0,0,0.00,0.00,0
2026-05-09 15:32:00,1,1,1,2594.4,-96,-4.6,-208,2586,0,0.00,0.00,0,0,0.00,0.00,0
2026-05-09 15:32:00,1,1,1,2594.4,-96,-4.6,-208,2586,0,0.00,0.00,0,0,0.00,0.00,0
2026-05-09 15:32:00,1,1,1,2573.6,-79,-4.7,-210,2565,0,0.00,0.00,0,0,0.00,0.00,0
2026-05-09 15:32:00,1,1,1,2509.3,-72,-4.9,-216,2500,0,0.00,0.00,0,0,0.00,0.00,0
2026-05-09 15:32:00,1,1,1,2509.3,-72,-4.9,-216,2500,0,0.00,0.00,0,0,0.00,0.00,0
2026-05-09 15:32:00,1,1,1,2445.2,-72,-5.2,-223,2435,0,0.00,0.00,0,0,0.00,0.00,0
2026-05-09 15:32:00,1,1,1,2445.2,-72,-5.2,-223,2435,0,0.00,0.00,0,0,0.00,0.00,0
2026-05-09 15:32:00,1,1,1,2382.3,-79,-5.6,-232,2371,0,0.00,0.00,0,0,0.00,0.00,0
2026-05-09 15:32:00,1,1,1,2382.3,-79,-5.6,-232,2371,0,0.00,0.00,0,0,0.00,0.00,0
2026-05-09 15:32:00,1,1,1,2274.7,-56,-5.8,-230,2263,0,0.00,0.00,0,0,0.00,0.00,0
2026-05-09 15:32:00,1,1,1,2164.6,-96,-6.2,-233,2152,0,0.00,0.00,0,0,0.00,0.00,0
2026-05-09 15:32:01,1,1,1,2164.6,-96,-6.2,-233,2152,0,0.00,0.00,0,0,0.00,0.00,0
2026-05-09 15:32:01,1,1,1,2054.9,-104,-6.4,-230,2042,0,0.00,0.00,0,0,0.00,0.00,0
2026-05-09 15:32:01,1,1,1,2054.9,-104,-6.4,-230,2042,0,0.00,0.00,0,0,0.00,0.00,0
2026-05-09 15:32:01,1,1,1,1948.3,-88,-6.5,-219,1936,0,0.00,0.00,0,0,0.00,0.00,0
2026-05-09 15:32:01,1,1,1,1948.3,-88,-6.5,-219,1936,0,0.00,0.00,0,0,0.00,0.00,0
2026-05-09 15:32:01,1,1,1,1844.9,-96,-6.2,-200,1834,0,0.00,0.00,0,0,0.00,0.00,0
2026-05-09 15:32:01,1,1,1,1844.9,-96,-6.2,-200,1834,0,0.00,0.00,0,0,0.00,0.00,0
2026-05-09 15:32:01,1,1,1,1752.6,-112,-5.3,-163,1745,0,0.00,0.00,0,0,0.00,0.00,0
2026-05-09 15:32:01,1,1,1,1662.0,-88,-4.9,-141,1656,0,0.00,0.00,0,0,0.00,0.00,0
2026-05-09 15:32:01,1,1,1,1662.0,-88,-4.9,-141,1656,0,0.00,0.00,0,0,0.00,0.00,0
2026-05-09 15:32:01,1,1,1,1572.5,-96,-5.6,-153,1565,0,0.00,0.00,0,0,0.00,0.00,0
2026-05-09 15:32:01,1,1,1,1572.5,-96,-5.6,-153,1565,0,0.00,0.00,0,0,0.00,0.00,0
2026-05-09 15:32:01,1,1,1,1484.8,-88,-5.9,-152,1477,0,0.00,0.00,0,0,0.00,0.00,0
2026-05-09 15:32:01,1,1,1,1484.8,-88,-5.9,-152,1477,0,0.00,0.00,0,0,0.00,0.00,0
2026-05-09 15:32:01,1,1,1,1389.1,-104,-5.8,-140,1382,0,0.00,0.00,0,0,0.00,0.00,0
2026-05-09 15:32:01,1,1,1,1305.4,-79,-5.7,-129,1299,0,0.00,0.00,0,0,0.00,0.00,0
2026-05-09 15:32:01,1,1,1,1305.4,-79,-5.7,-129,1299,0,0.00,0.00,0,0,0.00,0.00,0
2026-05-09 15:32:01,1,1,1,1222.8,-72,-5.6,-119,1217,0,0.00,0.00,0,0,0.00,0.00,0
2026-05-09 15:32:01,1,1,1,1222.8,-72,-5.6,-119,1217,0,0.00,0.00,0,0,0.00,0.00,0
2026-05-09 15:32:01,1,1,1,1146.5,-79,-5.1,-102,1142,0,0.00,0.00,0,0,0.00,0.00,0
2026-05-09 15:32:02,1,1,1,1146.5,-79,-5.1,-102,1142,0,0.00,0.00,0,0,0.00,0.00,0
2026-05-09 15:32:02,1,1,1,1067.6,-72,-4.7,-88,1064,0,0.00,0.00,0,0,0.00,0.00,0
2026-05-09 15:32:02,1,1,1,1067.6,-72,-4.7,-88,1064,0,0.00,0.00,0,1,0.78,-0.71,3714
2026-05-09 15:32:02,1,1,1,992.8,-79,-4.3,-74,990,0,0.00,0.00,0,1,0.78,-0.71,3714
2026-05-09 15:32:02,1,1,1,918.0,-72,-2.6,-42,917,1,0.73,-0.59,22665,1,0.73,-0.59,22665
2026-05-09 15:32:02,1,1,1,918.0,-72,-2.6,-42,917,1,0.73,-0.59,22665,1,0.73,-0.59,22665
2026-05-09 15:32:02,1,1,1,854.1,-56,-1.1,-16,854,1,0.67,-0.59,22665,1,0.67,-0.59,22665
2026-05-09 15:32:02,1,1,1,854.1,-56,-1.1,-16,854,1,0.67,-0.59,22665,1,0.67,-0.59,22665
2026-05-09 15:32:02,1,1,1,793.0,-32,0.2,3,793,1,0.67,-0.59,22665,1,0.67,-0.59,22665
2026-05-09 15:32:02,1,1,1,793.0,-32,0.2,3,793,1,0.67,-0.59,22665,1,0.67,-0.59,22665
2026-05-09 15:32:02,1,1,1,725.2,-79,3.3,42,724,1,0.67,-0.59,22665,1,0.67,-0.59,22665
2026-05-09 15:32:02,1,1,1,725.2,-79,3.3,42,724,1,0.67,-0.59,22665,1,0.67,-0.59,22665
2026-05-09 15:32:02,1,1,1,666.2,-8,5.6,65,663,1,0.67,-0.59,22665,1,0.67,-0.59,22665
2026-05-09 15:32:02,1,1,1,609.8,-39,8.6,91,603,1,0.67,-0.59,22665,1,0.67,-0.59,22665
2026-05-09 15:32:02,1,1,1,609.8,-39,8.6,91,603,1,0.67,-0.59,22665,1,0.67,-0.59,22665
2026-05-09 15:32:02,1,1,1,569.0,16,10.7,106,559,1,0.67,-0.59,22665,1,0.67,-0.59,22665
2026-05-09 15:32:02,1,1,1,569.0,16,10.7,106,559,1,0.67,-0.59,22665,1,0.67,-0.59,22665
2026-05-09 15:32:02,1,1,1,547.4,64,11.2,106,537,1,0.67,-0.59,22665,1,0.67,-0.59,22665
2026-05-09 15:32:02,1,1,1,547.4,64,11.2,106,537,1,0.52,0.74,24849,1,0.52,0.74,24849
2026-05-09 15:32:02,1,1,1,538.4,72,10.2,95,530,1,0.52,0.74,24849,1,0.52,0.74,24849
2026-05-09 15:32:03,1,1,1,543.1,72,7.8,74,538,1,0.59,0.74,24849,1,0.59,0.74,24849
2026-05-09 15:32:03,1,1,1,543.1,72,7.8,74,538,1,0.59,0.74,24849,1,0.59,0.74,24849
2026-05-09 15:32:03,1,1,1,552.4,56,6.3,61,549,1,0.70,0.62,31277,1,0.70,0.62,31277
2026-05-09 15:32:03,1,1,1,552.4,56,6.3,61,549,1,0.70,0.62,31277,1,0.70,0.62,31277
2026-05-09 15:32:03,1,1,1,570.0,64,4.8,48,568,1,0.76,0.62,31277,1,0.76,0.62,31277
2026-05-09 15:32:03,1,1,1,570.0,64,4.8,48,568,1,0.76,0.62,31277,1,0.76,0.62,31277
2026-05-09 15:32:03,1,1,1,595.0,72,3.4,35,594,1,0.76,0.62,31277,1,0.76,0.62,31277
2026-05-09 15:32:03,1,1,1,595.0,72,3.4,35,594,1,0.76,0.62,31277,1,0.76,0.62,31277
2026-05-09 15:32:03,1,1,1,628.3,88,1.8,20,628,1,0.76,0.62,31277,1,0.76,0.62,31277
2026-05-09 15:32:03,1,1,1,670.1,88,0.9,11,670,1,0.76,0.62,31277,1,0.76,0.62,31277
2026-05-09 15:32:03,1,1,1,670.1,88,0.9,11,670,1,0.76,0.62,31277,1,0.76,0.62,31277
2026-05-09 15:32:03,1,1,1,754.1,104,-1.0,-13,754,1,0.76,0.62,31277,1,0.76,0.62,31277
2026-05-09 15:32:03,1,1,1,754.1,104,-1.0,-13,754,1,1.24,0.96,65480,1,1.24,0.96,65480
2026-05-09 15:32:03,1,1,1,835.7,72,-2.4,-35,835,1,1.24,0.96,65480,1,1.24,0.96,65480
2026-05-09 15:32:03,1,1,1,835.7,72,-2.4,-35,835,1,1.29,0.85,40116,1,1.29,0.85,40116
2026-05-09 15:32:03,1,1,1,916.0,79,-3.8,-61,914,1,1.29,0.85,40116,1,1.29,0.85,40116
2026-05-09 15:32:03,1,1,1,997.3,79,-4.7,-81,994,1,1.42,0.82,44321,1,1.42,0.82,44321
2026-05-09 15:32:03,1,1,1,997.3,79,-4.7,-81,994,1,1.42,0.82,44321,1,1.42,0.82,44321
2026-05-09 15:32:03,1,1,1,1076.3,88,-5.1,-96,1072,1,1.50,0.86,4874,1,1.50,0.86,4874
2026-05-09 15:32:03,1,1,1,1076.3,88,-5.1,-96,1072,1,1.50,0.86,4874,1,1.50,0.86,4874
2026-05-09 15:32:04,1,1,1,1150.5,96,-5.1,-102,1146,1,1.58,0.88,3961,1,1.58,0.88,3961
2026-05-09 15:32:04,1,1,1,1150.5,96,-5.1,-102,1146,1,1.58,0.88,3961,1,1.58,0.88,3961
2026-05-09 15:32:04,1,1,1,1231.2,112,-5.3,-113,1226,1,1.67,0.88,3961,1,1.67,0.88,3961
2026-05-09 15:32:04,1,1,1,1231.2,112,-5.3,-113,1226,1,1.67,0.88,3961,1,1.67,0.88,3961
2026-05-09 15:32:04,1,1,1,1311.7,96,-5.3,-122,1306,1,1.76,0.90,61789,1,1.76,0.90,61789
2026-05-09 15:32:04,1,1,1,1393.1,88,-5.4,-130,1387,1,1.76,0.90,61789,1,1.76,0.90,61789
2026-05-09 15:32:04,1,1,1,1393.1,88,-5.4,-130,1387,1,1.85,0.90,61789,1,1.85,0.90,61789
2026-05-09 15:32:04,1,1,1,1471.5,79,-6.2,-158,1463,1,1.85,0.90,61789,1,1.85,0.90,61789
2026-05-09 15:32:04,1,1,1,1471.5,79,-6.2,-158,1463,1,1.85,0.90,61789,1,1.85,0.90,61789
2026-05-09 15:32:04,1,1,1,1547.7,88,-6.8,-182,1537,1,1.85,0.90,61789,1,1.85,0.90,61789
2026-05-09 15:32:04,1,1,1,1547.7,88,-6.8,-182,1537,1,1.85,0.90,61789,1,1.85,0.90,61789
2026-05-09 15:32:04,1,1,1,1625.4,96,-6.5,-184,1615,1,1.85,0.90,61789,1,1.85,0.90,61789
2026-05-09 15:32:04,1,1,1,1708.8,104,-6.1,-183,1699,1,1.85,0.90,61789,1,1.85,0.90,61789
2026-05-09 15:32:04,1,1,1,1708.8,104,-6.1,-183,1699,1,1.85,0.90,61789,1,1.85,0.90,61789
2026-05-09 15:32:04,1,1,1,1791.5,96,-5.9,-184,1782,1,1.85,0.90,61789,1,1.85,0.90,61789
2026-05-09 15:32:04,1,1,1,1791.5,96,-5.9,-184,1782,1,1.85,0.90,61789,1,1.85,0.90,61789
2026-05-09 15:32:04,1,1,1,1871.7,79,-5.5,-180,1863,1,1.85,0.90,61789,1,1.85,0.90,61789
2026-05-09 15:32:04,1,1,1,1871.7,79,-5.5,-180,1863,1,1.85,0.90,61789,1,1.85,0.90,61789
2026-05-09 15:32:04,1,1,1,1945.4,72,-5.3,-181,1937,1,1.85,0.90,61789,1,1.85,0.90,61789
2026-05-09 15:32:04,1,1,1,1945.4,72,-5.3,-181,1937,1,0.00,0.00,0,0,0.00,0.00,0
2026-05-09 15:32:05,1,1,1,2012.3,56,-5.5,-193,2003,1,0.00,0.00,0,0,0.00,0.00,0
2026-05-09 15:32:05,1,1,1,2088.6,0,-5.8,-210,2078,1,0.00,0.00,0,0,0.00,0.00,0
2026-05-09 15:32:05,1,1,1,2088.6,0,-5.8,-210,2078,1,0.00,0.00,0,0,0.00,0.00,0
2026-05-09 15:32:05,1,1,1,2142.7,56,-5.7,-214,2132,1,0.00,0.00,0,0,0.00,0.00,0
2026-05-09 15:32:05,1,1,1,2142.7,56,-5.7,-214,2132,0,0.00,0.00,0,0,0.00,0.00,0
2026-05-09 15:32:05,1,1,1,2195.5,48,-5.6,-214,2185,0,0.00,0.00,0,0,0.00,0.00,0
2026-05-09 15:32:05,1,1,1,2195.5,48,-5.6,-214,2185,0,0.00,0.00,0,0,0.00,0.00,0
2026-05-09 15:32:05,1,1,1,2249.9,24,-5.4,-211,2240,0,0.00,0.00,0,0,0.00,0.00,0
2026-05-09 15:32:05,1,1,1,2317.9,0,-5.3,-214,2308,0,0.00,0.00,0,0,0.00,0.00,0
2026-05-09 15:32:05,1,1,1,2317.9,0,-5.3,-214,2308,0,0.00,0.00,0,0,0.00,0.00,0
2026-05-09 15:32:05,1,1,1,2442.0,0,-5.7,-242,2430,0,0.00,0.00,0,0,0.00,0.00,0
2026-05-09 15:32:05,1,1,1,2442.0,0,-5.7,-242,2430,0,0.00,0.00,0,0,0.00,0.00,0
2026-05-09 15:32:05,1,1,1,2560.4,0,-6.1,-271,2546,0,0.00,0.00,0,0,0.00,0.00,0
2026-05-09 15:32:05,1,1,1,2560.4,0,-6.1,-271,2546,0,0.00,0.00,0,0,0.00,0.00,0
2026-05-09 15:32:05,1,1,1,2616.1,-16,-5.9,-271,2602,0,0.00,0.00,0,0,0.00,0.00,0
2026-05-09 15:32:05,1,1,1,2616.1,-16,-5.9,-271,2602,0,0.00,0.00,0,0,0.00,0.00,0
2026-05-09 15:32:05,1,1,1,2601.8,-16,-5.0,-226,2592,0,0.00,0.00,0,0,0.00,0.00,0
2026-05-09 15:32:05,1,1,1,2571.2,-24,-3.7,-164,2566,0,0.00,0.00,0,0,0.00,0.00,0
2026-05-09 15:32:05,1,1,1,2571.2,-24,-3.7,-164,2566,0,0.00,0.00,0,0,0.00,0.00,0
2026-05-09 15:32:05,1,1,1,2540.1,0,-2.3,-103,2538,0,0.00,0.00,0,0,0.00,0.00,0
2026-05-09 15:32:06,1,1,1,2540.1,0,-2.3,-103,2538,0,0.00,0.00,0,0,0.00,0.00,0
2026-05-09 15:32:06,1,1,1,2501.7,-48,-1.4,-61,2501,0,0.00,0.00,0,0,0.00,0.00,0
2026-05-09 15:32:06,1,1,1,2501.7,-48,-1.4,-61,2501,0,0.00,0.00,0,0,0.00,0.00,0
2026-05-09 15:32:06,1,1,1,2465.2,-48,-0.8,-35,2465,0,0.00,0.00,0,0,0.00,0.00,0
2026-05-09 15:32:06,1,1,1,2426.0,-56,-0.1,-4,2426,0,0.00,0.00,0,0,0.00,0.00,0
2026-05-09 15:32:06,1,1,1,2426.0,-56,-0.1,-4,2426,0,0.00,0.00,0,0,0.00,0.00,0
2026-05-09 15:32:06,1,1,1,2397.1,0,0.5,21,2397,0,0.00,0.00,0,0,0.00,0.00,0
2026-05-09 15:32:06,1,1,1,2397.1,0,0.5,21,2397,0,0.00,0.00,0,0,0.00,0.00,0
2026-05-09 15:32:06,1,1,1,2350.2,-79,0.7,27,2350,0,0.00,0.00,0,0,0.00,0.00,0
2026-05-09 15:32:06,1,1,1,2350.2,-79,0.7,27,2350,0,0.00,0.00,0,0,0.00,0.00,0
2026-05-09 15:32:06,1,1,1,2296.0,-88,0.1,4,2296,0,0.00,0.00,0,0,0.00,0.00,0
2026-05-09 15:32:06,1,1,1,2296.0,-88,0.1,4,2296,0,0.00,0.00,0,0,0.00,0.00,0
2026-05-09 15:32:06,1,1,1,2236.2,-88,-0.7,-27,2236,0,0.00,0.00,0,0,0.00,0.00,0
2026-05-09 15:32:06,1,1,1,2171.0,-88,-1.7,-65,2170,0,0.00,0.00,0,0,0.00,0.00,0
2026-05-09 15:32:06,1,1,1,2171.0,-88,-1.7,-65,2170,0,0.00,0.00,0,0,0.00,0.00,0
2026-05-09 15:32:06,1,1,1,2100.0,-79,-2.5,-91,2098,0,0.00,0.00,0,0,0.00,0.00,0
2026-05-09 15:32:06,1,1,1,2100.0,-79,-2.5,-91,2098,0,0.00,0.00,0,0,0.00,0.00,0
2026-05-09 15:32:06,1,1,1,2027.9,-88,-3.1,-109,2025,0,0.00,0.00,0,0,0.00,0.00,0
2026-05-09 15:32:06,1,1,1,2027.9,-88,-3.1,-109,2025,0,0.00,0.00,0,0,0.00,0.00,0
2026-05-09 15:32:06,1,1,1,1967.6,-79,-3.0,-102,1965,0,0.00,0.00,0,0,0.00,0.00,0
2026-05-09 15:32:07,1,1,1,1967.6,-79,-3.0,-102,1965,0,0.00,0.00,0,0,0.00,0.00,0
2026-05-09 15:32:07,1,1,1,1894.6,-96,-3.0,-100,1892,0,0.00,0.00,0,0,0.00,0.00,0
2026-05-09 15:32:07,1,1,1,1819.3,-104,-2.9,-91,1817,0,0.00,0.00,0,0,0.00,0.00,0
2026-05-09 15:32:07,1,1,1,1819.3,-104,-2.9,-91,1817,0,0.00,0.00,0,0,0.00,0.00,0
2026-05-09 15:32:07,1,1,1,1742.8,-96,-2.6,-80,1741,0,0.00,0.00,0,0,0.00,0.00,0
2026-05-09 15:32:07,1,1,1,1742.8,-96,-2.6,-80,1741,0,0.00,0.00,0,0,0.00,0.00,0
2026-05-09 15:32:07,1,1,1,1665.2,-88,-2.2,-63,1664,0,0.00,0.00,0,0,0.00,0.00,0
2026-05-09 15:32:07,1,1,1,1665.2,-88,-2.2,-63,1664,0,0.00,0.00,0,0,0.00,0.00,0
2026-05-09 15:32:07,1,1,1,1592.5,-88,-1.4,-40,1592,0,0.00,0.00,0,0,0.00,0.00,0
2026-05-09 15:32:07,1,1,1,1514.0,-88,-0.4,-10,1514,0,0.00,0.00,0,0,0.00,0.00,0
2026-05-09 15:32:07,1,1,1,1514.0,-88,-0.4,-10,1514,0,0.00,0.00,0,0,0.00,0.00,0
2026-05-09 15:32:07,1,1,1,1434.0,-104,0.2,6,1434,0,0.00,0.00,0,0,0.00,0.00,0
2026-05-09 15:32:07,1,1,1,1434.0,-104,0.2,6,1434,0,0.00,0.00,0,0,0.00,0.00,0
2026-05-09 15:32:07,1,1,1,1356.0,-104,0.5,11,1356,0,0.00,0.00,0,0,0.00,0.00,0
2026-05-09 15:32:07,1,1,1,1356.0,-104,0.5,11,1356,0,0.00,0.00,0,1,1.00,-0.91,50089
2026-05-09 15:32:07,1,1,1,1277.0,-96,0.4,8,1277,0,0.00,0.00,0,1,1.00,-0.91,50089
2026-05-09 15:32:07,1,1,1,1277.0,-96,0.4,8,1277,1,0.95,-0.88,59705,1,0.95,-0.88,59705
2026-05-09 15:32:07,1,1,1,1195.0,-72,0.0,1,1195,1,0.95,-0.88,59705,1,0.95,-0.88,59705
2026-05-09 15:32:07,1,1,1,1113.0,-64,-0.1,-1,1113,1,0.87,-0.88,59705,1,0.87,-0.88,59705
2026-05-09 15:32:07,1,1,1,1113.0,-64,-0.1,-1,1113,1,0.87,-0.88,59705,1,0.87,-0.88,59705
2026-05-09 15:32:08,1,1,1,1038.0,-64,0.2,3,1038,1,0.87,-0.88,59705,1,0.87,-0.88,59705
2026-05-09 15:32:08,1,1,1,1038.0,-64,0.2,3,1038,1,0.87,-0.88,59705,1,0.87,-0.88,59705
2026-05-09 15:32:08,1,1,1,968.2,-72,1.1,19,968,1,0.87,-0.88,59705,1,0.87,-0.88,59705
2026-05-09 15:32:08,1,1,1,968.2,-72,1.1,19,968,1,0.87,-0.88,59705,1,0.87,-0.88,59705
2026-05-09 15:32:08,1,1,1,903.6,-56,2.2,34,903,1,0.87,-0.88,59705,1,0.87,-0.88,59705
2026-05-09 15:32:08,1,1,1,839.3,-48,3.2,47,838,1,0.87,-0.88,59705,1,0.87,-0.88,59705
2026-05-09 15:32:08,1,1,1,839.3,-48,3.2,47,838,1,0.87,-0.88,59705,1,0.87,-0.88,59705
2026-05-09 15:32:08,1,1,1,764.7,-88,5.6,75,761,1,0.87,-0.88,59705,1,0.87,-0.88,59705
2026-05-09 15:32:08,1,1,1,764.7,-88,5.6,75,761,1,0.87,-0.88,59705,1,0.87,-0.88,59705
2026-05-09 15:32:08,1,1,1,693.4,-56,8.4,101,686,1,0.87,-0.88,59705,1,0.87,-0.88,59705
2026-05-09 15:32:08,1,1,1,693.4,-56,8.4,101,686,1,0.87,-0.88,59705,1,0.87,-0.88,59705
2026-05-09 15:32:08,1,1,1,634.5,-16,10.4,115,624,1,0.00,0.00,0,0,0.00,0.00,0
2026-05-09 15:32:08,1,1,1,634.5,-16,10.4,115,624,1,0.00,0.00,0,0,0.00,0.00,0
2026-05-09 15:32:08,1,1,1,587.8,16,11.5,117,576,1,0.00,0.00,0,0,0.00,0.00,0
2026-05-09 15:32:08,1,1,1,553.6,56,11.2,108,543,1,0.00,0.00,0,0,0.00,0.00,0
2026-05-09 15:32:08,1,1,1,553.6,56,11.2,108,543,1,0.00,0.00,0,0,0.00,0.00,0
2026-05-09 15:32:08,1,1,1,539.1,88,9.3,87,532,1,0.53,0.93,56514,1,0.53,0.93,56514
2026-05-09 15:32:08,1,1,1,539.1,88,9.3,87,532,1,0.53,0.93,56514,1,0.53,0.93,56514
2026-05-09 15:32:08,1,1,1,545.6,88,6.6,63,542,1,0.60,0.94,39450,1,0.60,0.94,39450
2026-05-09 15:32:08,1,1,1,545.6,88,6.6,63,542,1,0.60,0.94,39450,1,0.60,0.94,39450
2026-05-09 15:32:09,1,1,1,557.4,88,5.4,52,555,1,0.69,0.94,39450,1,0.69,0.94,39450
2026-05-09 15:32:09,1,1,1,577.8,79,4.5,45,576,1,0.69,0.94,39450,1,0.69,0.94,39450
2026-05-09 15:32:09,1,1,1,577.8,79,4.5,45,576,1,0.79,0.88,58388,1,0.79,0.88,58388
2026-05-09 15:32:09,1,1,1,601.5,88,4.0,42,600,1,0.79,0.88,58388,1,0.79,0.88,58388
2026-05-09 15:32:09,1,1,1,601.5,88,4.0,42,600,1,0.88,0.88,58388,1,0.88,0.88,58388
2026-05-09 15:32:09,1,1,1,632.3,96,3.6,40,631,1,0.88,0.88,58388,1,0.88,0.88,58388
2026-05-09 15:32:09,1,1,1,632.3,96,3.6,40,631,1,0.88,0.88,58388,1,0.88,0.88,58388
2026-05-09 15:32:09,1,1,1,670.0,104,3.2,37,669,1,0.88,0.88,58388,1,0.88,0.88,58388
2026-05-09 15:32:09,1,1,1,670.0,104,3.2,37,669,1,0.88,0.88,58388,1,0.88,0.88,58388
2026-05-09 15:32:09,1,1,1,710.6,119,2.3,29,710,1,0.88,0.88,58388,1,0.88,0.88,58388
2026-05-09 15:32:09,1,1,1,804.5,39,2.0,28,804,1,0.88,0.88,58388,1,0.88,0.88,58388
2026-05-09 15:32:09,1,1,1,804.5,39,2.0,28,804,1,0.88,0.88,58388,1,0.88,0.88,58388
2026-05-09 15:32:09,1,1,1,907.3,88,1.5,24,907,1,0.88,0.88,58388,1,0.88,0.88,58388
2026-05-09 15:32:09,1,1,1,907.3,88,1.5,24,907,1,0.88,0.88,58388,1,0.88,0.88,58388
2026-05-09 15:32:09,1,1,1,1010.1,88,0.9,16,1010,1,0.88,0.88,58388,1,0.88,0.88,58388
2026-05-09 15:32:09,1,1,1,1010.1,88,0.9,16,1010,1,0.88,0.88,58388,1,0.88,0.88,58388
2026-05-09 15:32:09,1,1,1,1106.3,88,1.4,27,1106,1,0.88,0.88,58388,1,0.88,0.88,58388
2026-05-09 15:32:09,1,1,1,1195.2,96,1.2,24,1195,1,0.00,0.00,0,0,0.00,0.00,0
2026-05-09 15:32:09,1,1,1,1195.2,96,1.2,24,1195,1,0.00,0.00,0,0,0.00,0.00,0
2026-05-09 15:32:09,1,1,1,1284.1,104,0.8,18,1284,1,0.00,0.00,0,0,0.00,0.00,0
2026-05-09 15:32:10,1,1,1,1284.1,104,0.8,18,1284,1,0.00,0.00,0,0,0.00,0.00,0
2026-05-09 15:32:10,1,1,1,1372.4,104,1.3,32,1372,1,0.00,0.00,0,0,0.00,0.00,0
2026-05-09 15:32:10,1,1,1,1372.4,104,1.3,32,1372,0,0.00,0.00,0,0,0.00,0.00,0
2026-05-09 15:32:10,1,1,1,1461.5,96,1.5,38,1461,0,0.00,0.00,0,0,0.00,0.00,0
2026-05-09 15:32:10,1,1,1,1461.5,96,1.5,38,1461,0,0.00,0.00,0,0,0.00,0.00,0
2026-05-09 15:32:10,1,1,1,1544.2,88,0.9,24,1544,0,0.00,0.00,0,0,0.00,0.00,0
2026-05-09 15:32:10,1,1,1,1629.1,88,0.5,13,1629,0,0.00,0.00,0,0,0.00,0.00,0
2026-05-09 15:32:10,1,1,1,1629.1,88,0.5,13,1629,0,0.00,0.00,0,0,0.00,0.00,0
2026-05-09 15:32:10,1,1,1,1715.2,96,0.9,26,1715,0,0.00,0.00,0,1,2.24,0.96,45721
2026-05-09 15:32:10,1,1,1,1715.2,96,0.9,26,1715,0,0.00,0.00,0,1,2.24,0.96,45721
2026-05-09 15:32:10,1,1,1,1798.1,96,0.6,18,1798,1,2.34,0.96,45721,1,2.34,0.96,45721
2026-05-09 15:32:10,1,1,1,1798.1,96,0.6,18,1798,1,2.34,0.96,45721,1,2.34,0.96,45721
2026-05-09 15:32:10,1,1,1,1879.0,88,0.1,4,1879,1,2.35,0.85,24005,1,2.35,0.85,24005
2026-05-09 15:32:10,1,1,1,1958.1,72,-0.6,-20,1958,1,2.35,0.85,24005,1,2.35,0.85,24005
2026-05-09 15:32:10,1,1,1,1958.1,72,-0.6,-20,1958,1,2.44,0.85,24005,1,2.44,0.85,24005
2026-05-09 15:32:10,1,1,1,2026.6,56,-1.4,-50,2026,1,2.44,0.85,24005,1,2.44,0.85,24005
2026-05-09 15:32:10,1,1,1,2026.6,56,-1.4,-50,2026,1,2.44,0.85,24005,1,2.44,0.85,24005
2026-05-09 15:32:10,1,1,1,2094.5,48,-2.1,-78,2093,1,2.44,0.85,24005,1,2.44,0.85,24005
2026-05-09 15:32:10,1,1,1,2094.5,48,-2.1,-78,2093,1,2.44,0.85,24005,1,2.44,0.85,24005
2026-05-09 15:32:10,1,1,1,2156.8,48,-2.3,-88,2155,1,2.44,0.85,24005,1,2.44,0.85,24005
2026-05-09 15:32:11,1,1,1,2156.8,48,-2.3,-88,2155,1,2.44,0.85,24005,1,2.44,0.85,24005
2026-05-09 15:32:11,1,1,1,2228.2,0,-2.6,-100,2226,1,2.44,0.85,24005,1,2.44,0.85,24005
2026-05-09 15:32:11,1,1,1,2369.3,0,-4.2,-172,2363,1,2.44,0.85,24005,1,2.44,0.85,24005
2026-05-09 15:32:11,1,1,1,2369.3,0,-4.2,-172,2363,1,2.44,0.85,24005,1,2.44,0.85,24005
2026-05-09 15:32:11,1,1,1,2501.8,16,-5.6,-243,2490,1,2.44,0.85,24005,1,2.44,0.85,24005
2026-05-09 15:32:11,1,1,1,2501.8,16,-5.6,-243,2490,1,2.44,0.85,24005,1,2.44,0.85,24005
2026-05-09 15:32:11,1,1,1,2551.6,-8,-5.5,-243,2540,1,2.44,0.85,24005,1,2.44,0.85,24005
2026-05-09 15:32:11,1,1,1,2551.6,-8,-5.5,-243,2540,1,0.00,0.00,0,0,0.00,0.00,0
2026-05-09 15:32:11,1,1,1,2605.7,0,-5.4,-247,2594,1,0.00,0.00,0,0,0.00,0.00,0
2026-05-09 15:32:11,1,1,1,2605.7,0,-5.4,-247,2594,1,0.00,0.00,0,0,0.00,0.00,0
2026-05-09 15:32:11,1,1,1,2695.4,0,-6.1,-288,2680,1,0.00,0.00,0,0,0.00,0.00,0
2026-05-09 15:32:11,1,1,1,2791.0,0,-7.0,-342,2770,1,0.00,0.00,0,0,0.00,0.00,0
2026-05-09 15:32:11,1,1,1,2791.0,0,-7.0,-342,2770,0,0.00,0.00,0,0,0.00,0.00,0
2026-05-09 15:32:11,1,1,1,2858.4,0,-7.9,-395,2831,0,0.00,0.00,0,0,0.00,0.00,0
2026-05-09 15:32:11,1,1,1,2858.4,0,-7.9,-395,2831,0,0.00,0.00,0,0,0.00,0.00,0
2026-05-09 15:32:11,1,1,1,2913.6,-39,-8.7,-441,2880,0,0.00,0.00,0,0,0.00,0.00,0
2026-05-09 15:32:11,1,1,1,2913.6,-39,-8.7,-441,2880,0,0.00,0.00,0,0,0.00,0.00,0
2026-05-09 15:32:11,1,1,1,2850.3,-48,-7.6,-379,2825,0,0.00,0.00,0,0,0.00,0.00,0
2026-05-09 15:32:11,1,1,1,2800.5,-48,-6.9,-338,2780,0,0.00,0.00,0,0,0.00,0.00,0
2026-05-09 15:32:11,1,1,1,2800.5,-48,-6.9,-338,2780,0,0.00,0.00,0,0,0.00,0.00,0
2026-05-09 15:32:12,1,1,1,2745.4,-56,-6.1,-290,2730,0,0.00,0.00,0,0,0.00,0.00,0
2026-05-09 15:32:12,1,1,1,2745.4,-56,-6.1,-290,2730,0,0.00,0.00,0,0,0.00,0.00,0
2026-05-09 15:32:12,1,1,1,2639.3,-72,-4.5,-209,2631,0,0.00,0.00,0,0,0.00,0.00,0
2026-05-09 15:32:12,1,1,1,2639.3,-72,-4.5,-209,2631,0,0.00,0.00,0,0,0.00,0.00,0
2026-05-09 15:32:12,1,1,1,2542.1,-79,-3.2,-144,2538,0,0.00,0.00,0,0,0.00,0.00,0
2026-05-09 15:32:12,1,1,1,2542.1,-79,-3.2,-144,2538,0,0.00,0.00,0,0,0.00,0.00,0
2026-05-09 15:32:12,1,1,1,2458.4,-104,-2.5,-108,2456,0,0.00,0.00,0,0,0.00,0.00,0
2026-05-09 15:32:12,1,1,1,2380.0,-88,-2.4,-98,2378,0,0.00,0.00,0,0,0.00,0.00,0
2026-05-09 15:32:12,1,1,1,2380.0,-88,-2.4,-98,2378,0,0.00,0.00,0,0,0.00,0.00,0
2026-05-09 15:32:12,1,1,1,2302.0,-79,-2.4,-95,2300,0,0.00,0.00,0,0,0.00,0.00,0
2026-05-09 15:32:12,1,1,1,2302.0,-79,-2.4,-95,2300,0,0.00,0.00,0,0,0.00,0.00,0
2026-05-09 15:32:12,1,1,1,2224.0,-72,-2.4,-94,2222,0,0.00,0.00,0,0,0.00,0.00,0
2026-05-09 15:32:12,1,1,1,2224.0,-72,-2.4,-94,2222,0,0.00,0.00,0,0,0.00,0.00,0
2026-05-09 15:32:12,1,1,1,2147.0,-79,-2.5,-93,2145,0,0.00,0.00,0,0,0.00,0.00,0
2026-05-09 15:32:12,1,1,1,2068.0,-88,-2.5,-91,2066,0,0.00,0.00,0,0,0.00,0.00,0
2026-05-09 15:32:12,1,1,1,2068.0,-88,-2.5,-91,2066,0,0.00,0.00,0,0,0.00,0.00,0
2026-05-09 15:32:12,1,1,1,1990.7,-96,-2.4,-82,1989,0,0.00,0.00,0,0,0.00,0.00,0
2026-05-09 15:32:12,1,1,1,1990.7,-96,-2.4,-82,1989,0,0.00,0.00,0,0,0.00,0.00,0
2026-05-09 15:32:12,1,1,1,1909.5,-96,-2.3,-75,1908,0,0.00,0.00,0,0,0.00,0.00,0
2026-05-09 15:32:12,1,1,1,1909.5,-96,-2.3,-75,1908,0,0.00,0.00,0,0,0.00,0.00,0
2026-05-09 15:32:13,1,1,1,1828.9,-88,-1.8,-57,1828,0,0.00,0.00,0,0,0.00,0.00,0
2026-05-09 15:32:13,1,1,1,1828.9,-88,-1.8,-57,1828,0,0.00,0.00,0,0,0.00,0.00,0
2026-05-09 15:32:13,1,1,1,1746.2,-72,-0.8,-25,1746,0,0.00,0.00,0,0,0.00,0.00,0
2026-05-09 15:32:13,1,1,1,1667.0,-72,-0.2,-7,1667,0,0.00,0.00,0,0,0.00,0.00,0
2026-05-09 15:32:13,1,1,1,1667.0,-72,-0.2,-7,1667,0,0.00,0.00,0,0,0.00,0.00,0
2026-05-09 15:32:13,1,1,1,1587.0,-79,0.2,6,1587,0,0.00,0.00,0,0,0.00,0.00,0
2026-05-09 15:32:13,1,1,1,1587.0,-79,0.2,6,1587,0,0.00,0.00,0,0,0.00,0.00,0
2026-05-09 15:32:13,1,1,1,1514.1,-96,0.5,13,1514,0,0.00,0.00,0,0,0.00,0.00,0
2026-05-09 15:32:13,1,1,1,1514.1,-96,0.5,13,1514,0,0.00,0.00,0,0,0.00,0.00,0
2026-05-09 15:32:13,1,1,1,1438.3,-79,1.2,31,1438,0,0.00,0.00,0,0,0.00,0.00,0
2026-05-09 15:32:13,1,1,1,1364.6,-88,1.7,41,1364,0,0.00,0.00,0,0,0.00,0.00,0
2026-05-09 15:32:13,1,1,1,1364.6,-88,1.7,41,1364,0,0.00,0.00,0,0,0.00,0.00,0
2026-05-09 15:32:13,1,1,1,1270.0,-88,2.3,50,1269,0,0.00,0.00,0,0,0.00,0.00,0
2026-05-09 15:32:13,1,1,1,1270.0,-88,2.3,50,1269,0,0.00,0.00,0,0,0.00,0.00,0
2026-05-09 15:32:13,1,1,1,1170.9,-88,2.3,46,1170,0,0.00,0.00,0,0,0.00,0.00,0
2026-05-09 15:32:13,1,1,1,1170.9,-88,2.3,46,1170,0,0.00,0.00,0,0,0.00,0.00,0
2026-05-09 15:32:13,1,1,1,1095.7,-64,2.1,40,1095,0,0.00,0.00,0,0,0.00,0.00,0
2026-05-09 15:32:13,1,1,1,1095.7,-64,2.1,40,1095,0,0.00,0.00,0,0,0.00,0.00,0
2026-05-09 15:32:13,1,1,1,1024.5,-56,1.8,32,1024,0,0.00,0.00,0,0,0.00,0.00,0
2026-05-09 15:32:13,1,1,1,963.5,-56,1.8,31,963,0,0.00,0.00,0,0,0.00,0.00,0
2026-05-09 15:32:14,1,1,1,963.5,-56,1.8,31,963,0,0.00,0.00,0,1,0.75,-0.48,50133
2026-05-09 15:32:14,1,1,1,910.9,-48,2.6,41,910,0,0.00,0.00,0,1,0.75,-0.48,50133
2026-05-09 15:32:14,1,1,1,910.9,-48,2.6,41,910,1,0.71,-0.48,50133,1,0.71,-0.48,50133
2026-05-09 15:32:14,1,1,1,865.8,-32,3.7,56,864,1,0.71,-0.48,50133,1,0.71,-0.48,50133
2026-05-09 15:32:14,1,1,1,865.8,-32,3.7,56,864,1,0.56,-0.83,44432,1,0.56,-0.83,44432
2026-05-09 15:32:14,1,1,1,803.0,-112,5.7,80,799,1,0.56,-0.83,44432,1,0.56,-0.83,44432
2026-05-09 15:32:14,1,1,1,732.5,-72,7.6,97,726,1,0.47,-0.83,44432,1,0.47,-0.83,44432
2026-05-09 15:32:14,1,1,1,732.5,-72,7.6,97,726,1,0.47,-0.83,44432,1,0.47,-0.83,44432
2026-05-09 15:32:14,1,1,1,669.0,-16,8.9,103,661,1,0.47,-0.83,44432,1,0.47,-0.83,44432
2026-05-09 15:32:14,1,1,1,669.0,-16,8.9,103,661,1,0.47,-0.83,44432,1,0.47,-0.83,44432
2026-05-09 15:32:14,1,1,1,615.1,48,8.7,93,608,1,0.47,-0.83,44432,1,0.47,-0.83,44432
2026-05-09 15:32:14,1,1,1,615.1,48,8.7,93,608,1,0.47,-0.83,44432,1,0.47,-0.83,44432
2026-05-09 15:32:14,1,1,1,589.7,48,8.0,82,584,1,0.47,-0.83,44432,1,0.47,-0.83,44432
2026-05-09 15:32:14,1,1,1,589.7,48,8.0,82,584,1,0.47,-0.83,44432,1,0.47,-0.83,44432
2026-05-09 15:32:14,1,1,1,593.4,128,5.1,53,591,1,0.47,-0.83,44432,1,0.47,-0.83,44432
2026-05-09 15:32:14,1,1,1,616.4,119,2.0,22,616,1,0.47,-0.83,44432,1,0.47,-0.83,44432
2026-05-09 15:32:14,1,1,1,616.4,119,2.0,22,616,1,0.47,-0.83,44432,1,0.47,-0.83,44432
2026-05-09 15:32:14,1,1,1,640.2,72,1.3,15,640,1,0.47,-0.83,44432,1,0.47,-0.83,44432
2026-05-09 15:32:14,1,1,1,640.2,72,1.3,15,640,1,0.47,-0.83,44432,1,0.47,-0.83,44432
2026-05-09 15:32:14,1,1,1,671.1,64,1.1,13,671,1,0.00,0.00,0,0,0.00,0.00,0
2026-05-09 15:32:15,1,1,1,671.1,64,1.1,13,671,1,0.00,0.00,0,0,0.00,0.00,0
2026-05-09 15:32:15,1,1,1,706.1,72,0.7,9,706,1,0.00,0.00,0,0,0.00,0.00,0
2026-05-09 15:32:15,1,1,1,779.0,79,0.3,4,779,1,1.06,0.74,35336,1,1.06,0.74,35336
2026-05-09 15:32:15,1,1,1,779.0,79,0.3,4,779,1,1.06,0.74,35336,1,1.06,0.74,35336
2026-05-09 15:32:15,1,1,1,849.1,88,0.7,11,849,1,1.19,0.85,4265,1,1.19,0.85,4265
2026-05-09 15:32:15,1,1,1,849.1,88,0.7,11,849,1,1.19,0.85,4265,1,1.19,0.85,4265
2026-05-09 15:32:15,1,1,1,922.7,96,2.2,36,922,1,1.29,0.97,19178,1,1.29,0.97,19178
2026-05-09 15:32:15,1,1,1,922.7,96,2.2,36,922,1,1.29,0.97,19178,1,1.29,0.97,19178
2026-05-09 15:32:15,1,1,1,1000.0,104,2.6,45,999,1,1.41,0.97,15325,1,1.41,0.97,15325
2026-05-09 15:32:15,1,1,1,1000.0,104,2.6,45,999,1,1.41,0.97,15325,1,1.41,0.97,15325
2026-05-09 15:32:25,1,1,1,2589.6,0,-2.6,-116,2587,0,0.00,0.00,0,1,1.26,0.00,245
2026-05-09 15:32:25,1,1,1,2500.6,-88,-1.3,-57,2500,0,0.00,0.00,0,1,1.26,0.00,245
2026-05-09 15:32:25,1,1,1,2500.6,-88,-1.3,-57,2500,0,0.00,0.00,0,1,1.26,0.00,245
2026-05-09 15:32:25,1,1,1,2409.1,-96,-0.6,-25,2409,0,0.00,0.00,0,1,1.26,0.00,245
2026-05-09 15:32:25,1,1,1,2315.0,-88,-0.1,-6,2315,0,0.00,0.00,0,1,1.26,0.00,245
2026-05-09 15:32:25,1,1,1,2315.0,-88,-0.1,-6,2315,0,0.00,0.00,0,1,1.26,0.00,245
2026-05-09 15:32:25,1,1,1,2230.0,-104,-0.1,-4,2230,0,0.00,0.00,0,1,1.26,0.00,245
2026-05-09 15:32:25,1,1,1,2230.0,-104,-0.1,-4,2230,0,0.00,0.00,0,1,1.26,0.00,245
2026-05-09 15:32:25,1,1,1,2150.0,-112,0.2,6,2150,0,0.00,0.00,0,1,1.26,0.00,245
2026-05-09 15:32:25,1,1,1,2150.0,-112,0.2,6,2150,0,0.00,0.00,0,1,1.26,0.00,245
2026-05-09 15:32:26,1,1,1,2070.0,-72,0.1,3,2070,0,0.00,0.00,0,1,1.78,-0.72,5170
2026-05-09 15:32:26,1,1,1,1987.0,-72,0.3,11,1987,0,0.00,0.00,0,1,1.78,-0.72,5170
2026-05-09 15:32:26,1,1,1,1987.0,-72,0.3,11,1987,1,1.70,-0.72,5170,1,1.70,-0.72,5170
2026-05-09 15:32:26,1,1,1,1912.0,-79,0.4,12,1912,1,1.70,-0.72,5170,1,1.70,-0.72,5170
2026-05-09 15:32:26,1,1,1,1912.0,-79,0.4,12,1912,1,1.70,-0.72,5170,1,1.70,-0.72,5170
2026-05-09 15:32:26,1,1,1,1841.0,-104,0.0,0,1841,1,1.70,-0.72,5170,1,1.70,-0.72,5170
2026-05-09 15:32:26,1,1,1,1841.0,-104,0.0,0,1841,1,1.70,-0.72,5170,1,1.70,-0.72,5170
2026-05-09 15:32:26,1,1,1,1767.1,-88,-0.5,-15,1767,1,1.70,-0.72,5170,1,1.70,-0.72,5170
2026-05-09 15:32:26,1,1,1,1767.1,-88,-0.5,-15,1767,1,1.70,-0.72,5170,1,1.70,-0.72,5170
2026-05-09 15:32:26,1,1,1,1695.3,-64,-1.0,-30,1695,1,1.70,-0.72,5170,1,1.70,-0.72,5170
2026-05-09 15:32:26,1,1,1,1624.5,-64,-1.4,-39,1624,1,1.70,-0.72,5170,1,1.70,-0.72,5170
2026-05-09 15:32:26,1,1,1,1624.5,-64,-1.4,-39,1624,1,1.70,-0.72,5170,1,1.70,-0.72,5170
2026-05-09 15:32:26,1,1,1,1554.7,-64,-1.7,-47,1554,1,1.70,-0.72,5170,1,1.70,-0.72,5170
2026-05-09 15:32:26,1,1,1,1554.7,-64,-1.7,-47,1554,1,1.70,-0.72,5170,1,1.70,-0.72,5170
2026-05-09 15:32:26,1,1,1,1482.1,-64,-2.2,-57,1481,1,1.70,-0.72,5170,1,1.70,-0.72,5170
2026-05-09 15:32:26,1,1,1,1482.1,-64,-2.2,-57,1481,1,0.00,0.00,0,0,0.00,0.00,0
2026-05-09 15:32:26,1,1,1,1418.4,-72,-2.5,-62,1417,1,0.00,0.00,0,0,0.00,0.00,0
2026-05-09 15:32:26,1,1,1,1357.5,-79,-2.7,-63,1356,1,0.00,0.00,0,0,0.00,0.00,0
2026-05-09 15:32:26,1,1,1,1357.5,-79,-2.7,-63,1356,1,1.24,-0.93,40685,1,1.24,-0.93,40685
2026-05-09 15:32:26,1,1,1,1293.2,-88,-2.5,-56,1292,1,1.24,-0.93,40685,1,1.24,-0.93,40685
2026-05-09 15:32:27,1,1,1,1293.2,-88,-2.5,-56,1292,1,1.14,-0.93,40685,1,1.14,-0.93,40685
2026-05-09 15:32:27,1,1,1,1228.6,-79,-1.8,-39,1228,1,1.14,-0.93,40685,1,1.14,-0.93,40685
2026-05-09 15:32:27,1,1,1,1228.6,-79,-1.8,-39,1228,1,1.14,-0.93,40685,1,1.14,-0.93,40685
2026-05-09 15:32:27,1,1,1,1168.3,-64,-1.4,-28,1168,1,1.14,-0.93,40685,1,1.14,-0.93,40685
2026-05-09 15:32:27,1,1,1,1168.3,-64,-1.4,-28,1168,1,1.14,-0.93,40685,1,1.14,-0.93,40685
2026-05-09 15:32:27,1,1,1,1109.0,-56,-0.5,-10,1109,1,1.14,-0.93,40685,1,1.14,-0.93,40685
2026-05-09 15:32:27,1,1,1,1055.0,-64,-0.5,-9,1055,1,1.14,-0.93,40685,1,1.14,-0.93,40685
2026-05-09 15:32:27,1,1,1,1055.0,-64,-0.5,-9,1055,1,1.14,-0.93,40685,1,1.14,-0.93,40685
2026-05-09 15:32:27,1,1,1,997.0,-56,-0.5,-8,997,1,1.14,-0.93,40685,1,1.14,-0.93,40685
2026-05-09 15:32:27,1,1,1,997.0,-56,-0.5,-8,997,1,1.14,-0.93,40685,1,1.14,-0.93,40685
2026-05-09 15:32:27,1,1,1,937.1,-64,-0.6,-10,937,1,1.14,-0.93,40685,1,1.14,-0.93,40685
2026-05-09 15:32:27,1,1,1,937.1,-64,-0.6,-10,937,1,1.14,-0.93,40685,1,1.14,-0.93,40685
2026-05-09 15:32:27,1,1,1,877.0,-64,-0.4,-6,877,1,1.14,-0.93,40685,1,1.14,-0.93,40685
2026-05-09 15:32:27,1,1,1,818.0,-64,-0.6,-9,818,1,0.00,0.00,0,0,0.00,0.00,0
2026-05-09 15:32:27,1,1,1,818.0,-64,-0.6,-9,818,1,0.00,0.00,0,0,0.00,0.00,0
2026-05-09 15:32:27,1,1,1,756.7,-72,-2.4,-32,756,1,0.00,0.00,0,0,0.00,0.00,0
2026-05-09 15:32:27,1,1,1,756.7,-72,-2.4,-32,756,1,0.00,0.00,0,0,0.00,0.00,0
2026-05-09 15:32:27,1,1,1,700.4,-32,-3.6,-44,699,1,0.00,0.00,0,0,0.00,0.00,0
2026-05-09 15:32:27,1,1,1,700.4,-32,-3.6,-44,699,0,0.00,0.00,0,0,0.00,0.00,0
2026-05-09 15:32:27,1,1,1,638.9,-56,-5.5,-61,636,0,0.00,0.00,0,0,0.00,0.00,0
2026-05-09 15:32:28,1,1,1,638.9,-56,-5.5,-61,636,0,0.00,0.00,0,0,0.00,0.00,0
2026-05-09 15:32:28,1,1,1,591.6,-8,-6.3,-65,588,0,0.00,0.00,0,0,0.00,0.00,0
2026-05-09 15:32:28,1,1,1,554.3,16,-6.2,-60,551,0,0.00,0.00,0,0,0.00,0.00,0
2026-05-09 15:32:28,1,1,1,554.3,16,-6.2,-60,551,0,0.00,0.00,0,0,0.00,0.00,0
2026-05-09 15:32:28,1,1,1,520.8,32,-6.0,-54,518,0,0.00,0.00,0,1,0.50,0.28,63016
2026-05-09 15:32:28,1,1,1,520.8,32,-6.0,-54,518,0,0.00,0.00,0,1,0.50,0.28,63016
2026-05-09 15:32:28,1,1,1,495.5,56,-4.5,-39,494,1,0.52,0.38,43016,1,0.52,0.38,43016
2026-05-09 15:32:28,1,1,1,495.5,56,-4.5,-39,494,1,0.52,0.38,43016,1,0.52,0.38,43016
2026-05-09 15:32:28,1,1,1,484.3,64,-2.0,-17,484,1,0.55,0.49,30864,1,0.55,0.49,30864
2026-05-09 15:32:28,1,1,1,488.1,72,1.1,9,488,1,0.55,0.49,30864,1,0.55,0.49,30864
2026-05-09 15:32:28,1,1,1,488.1,72,1.1,9,488,1,0.60,0.50,10077,1,0.60,0.50,10077
2026-05-09 15:32:28,1,1,1,501.4,39,2.4,21,501,1,0.60,0.50,10077,1,0.60,0.50,10077
2026-05-09 15:32:28,1,1,1,501.4,39,2.4,21,501,1,0.67,0.51,50020,1,0.67,0.51,50020
2026-05-09 15:32:28,1,1,1,522.8,56,3.2,29,522,1,0.67,0.51,50020,1,0.67,0.51,50020
2026-05-09 15:32:28,1,1,1,522.8,56,3.2,29,522,1,0.72,0.51,50020,1,0.72,0.51,50020
2026-05-09 15:32:28,1,1,1,548.0,64,3.5,33,547,1,0.72,0.51,50020,1,0.72,0.51,50020
2026-05-09 15:32:28,1,1,1,548.0,64,3.5,33,547,1,0.72,0.51,50020,1,0.72,0.51,50020
2026-05-09 15:32:28,1,1,1,577.5,88,4.2,42,576,1,0.72,0.51,50020,1,0.72,0.51,50020
2026-05-09 15:32:28,1,1,1,613.9,96,4.5,48,612,1,0.72,0.51,50020,1,0.72,0.51,50020
2026-05-09 15:32:28,1,1,1,613.9,96,4.5,48,612,1,0.72,0.51,50020,1,0.72,0.51,50020
2026-05-09 15:32:29,1,1,1,691.6,79,5.0,60,689,1,0.72,0.51,50020,1,0.72,0.51,50020
2026-05-09 15:32:29,1,1,1,691.6,79,5.0,60,689,1,0.72,0.51,50020,1,0.72,0.51,50020
2026-05-09 15:32:29,1,1,1,765.8,64,4.9,66,763,1,0.72,0.51,50020,1,0.72,0.51,50020
2026-05-09 15:32:29,1,1,1,765.8,64,4.9,66,763,1,0.72,0.51,50020,1,0.72,0.51,50020
2026-05-09 15:32:29,1,1,1,834.7,64,5.4,78,831,1,0.72,0.51,50020,1,0.72,0.51,50020
2026-05-09 15:32:29,1,1,1,834.7,64,5.4,78,831,1,0.72,0.51,50020,1,0.72,0.51,50020
2026-05-09 15:32:29,1,1,1,898.4,64,5.7,89,894,1,0.72,0.51,50020,1,0.72,0.51,50020
2026-05-09 15:32:29,1,1,1,962.9,72,6.3,106,957,1,0.00,0.00,0,0,0.00,0.00,0
2026-05-09 15:32:29,1,1,1,962.9,72,6.3,106,957,1,0.00,0.00,0,0,0.00,0.00,0
2026-05-09 15:32:29,1,1,1,1030.6,88,7.0,125,1023,1,0.00,0.00,0,0,0.00,0.00,0
2026-05-09 15:32:29,1,1,1,1030.6,88,7.0,125,1023,1,1.49,0.95,40429,1,1.49,0.95,40429
2026-05-09 15:32:29,1,1,1,1100.1,88,6.9,133,1092,1,1.49,0.95,40429,1,1.49,0.95,40429
2026-05-09 15:32:29,1,1,1,1100.1,88,6.9,133,1092,1,1.55,0.95,29652,1,1.55,0.95,29652
2026-05-09 15:32:29,1,1,1,1171.2,88,6.8,138,1163,1,1.55,0.95,29652,1,1.55,0.95,29652
2026-05-09 15:32:29,1,1,1,1240.8,79,6.4,139,1233,1,1.65,0.95,29652,1,1.65,0.95,29652
2026-05-09 15:32:29,1,1,1,1240.8,79,6.4,139,1233,1,1.65,0.95,29652,1,1.65,0.95,29652
2026-05-09 15:32:29,1,1,1,1306.9,72,5.4,124,1301,1,1.73,0.87,14525,1,1.73,0.87,14525
2026-05-09 15:32:29,1,1,1,1306.9,72,5.4,124,1301,1,1.73,0.87,14525,1,1.73,0.87,14525
2026-05-09 15:32:29,1,1,1,1371.1,72,4.4,106,1367,1,1.79,0.83,33857,1,1.79,0.83,33857
2026-05-09 15:32:29,1,1,1,1371.1,72,4.4,106,1367,1,1.79,0.83,33857,1,1.79,0.83,33857
2026-05-09 15:32:30,1,1,1,1438.0,79,3.0,76,1436,1,1.88,0.83,33857,1,1.88,0.83,33857
2026-05-09 15:32:30,1,1,1,1438.0,79,3.0,76,1436,1,1.88,0.83,33857,1,1.88,0.83,33857
2026-05-09 15:32:30,1,1,1,1506.9,88,2.0,52,1506,1,1.95,0.85,8490,1,1.95,0.85,8490
2026-05-09 15:32:30,1,1,1,1580.5,96,1.5,40,1580,1,1.95,0.85,8490,1,1.95,0.85,8490
2026-05-09 15:32:30,1,1,1,1580.5,96,1.5,40,1580,1,2.03,0.85,8490,1,2.03,0.85,8490
2026-05-09 15:32:30,1,1,1,1655.6,96,1.6,45,1655,1,2.03,0.85,8490,1,2.03,0.85,8490
2026-05-09 15:32:30,1,1,1,1655.6,96,1.6,45,1655,1,2.03,0.85,8490,1,2.03,0.85,8490
2026-05-09 15:32:30,1,1,1,1731.4,88,2.3,69,1730,1,2.03,0.85,8490,1,2.03,0.85,8490
2026-05-09 15:32:30,1,1,1,1731.4,88,2.3,69,1730,1,2.03,0.85,8490,1,2.03,0.85,8490
2026-05-09 15:32:30,1,1,1,1803.7,56,3.1,98,1801,1,2.03,0.85,8490,1,2.03,0.85,8490
2026-05-09 15:32:30,1,1,1,1876.9,64,3.2,104,1874,1,2.03,0.85,8490,1,2.03,0.85,8490
2026-05-09 15:32:30,1,1,1,1876.9,64,3.2,104,1874,1,2.03,0.85,8490,1,2.03,0.85,8490
2026-05-09 15:32:30,1,1,1,1945.5,56,3.4,117,1942,1,2.03,0.85,8490,1,2.03,0.85,8490
2026-05-09 15:32:30,1,1,1,1945.5,56,3.4,117,1942,1,2.03,0.85,8490,1,2.03,0.85,8490
2026-05-09 15:32:30,1,1,1,2002.3,56,3.8,131,1998,1,2.03,0.85,8490,1,2.03,0.85,8490
2026-05-09 15:32:30,1,1,1,2002.3,56,3.8,131,1998,1,2.03,0.85,8490,1,2.03,0.85,8490
2026-05-09 15:32:30,1,1,1,2064.6,0,3.8,138,2060,1,2.03,0.85,8490,1,2.03,0.85,8490
2026-05-09 15:32:30,1,1,1,2064.6,0,3.8,138,2060,1,0.00,0.00,0,0,0.00,0.00,0
2026-05-09 15:32:30,1,1,1,2220.8,0,1.5,60,2220,1,0.00,0.00,0,0,0.00,0.00,0
2026-05-09 15:32:30,1,1,1,2378.1,0,-0.5,-22,2378,1,0.00,0.00,0,0,0.00,0.00,0
2026-05-09 15:32:31,1,1,1,2378.1,0,-0.5,-22,2378,1,2.50,0.29,30906,1,2.50,0.29,30906
2026-05-09 15:32:31,1,1,1,2529.8,0,-2.7,-119,2527,1,2.50,0.29,30906,1,2.50,0.29,30906
2026-05-09 15:32:31,1,1,1,2529.8,0,-2.7,-119,2527,1,2.49,-0.20,7954,1,2.49,-0.20,7954
2026-05-09 15:32:31,1,1,1,2673.7,-64,-4.6,-216,2665,1,2.49,-0.20,7954,1,2.49,-0.20,7954
2026-05-09 15:32:31,1,1,1,2673.7,-64,-4.6,-216,2665,1,2.47,-0.20,7954,1,2.47,-0.20,7954
2026-05-09 15:32:31,1,1,1,2692.4,-16,-4.0,-186,2686,1,2.47,-0.20,7954,1,2.47,-0.20,7954
2026-05-09 15:32:31,1,1,1,2657.4,-39,-2.5,-114,2655,1,2.47,-0.20,7954,1,2.47,-0.20,7954
2026-05-09 15:32:31,1,1,1,2657.4,-39,-2.5,-114,2655,1,2.47,-0.20,7954,1,2.47,-0.20,7954
2026-05-09 15:32:31,1,1,1,2633.3,0,-1.8,-82,2632,1,2.47,-0.20,7954,1,2.47,-0.20,7954
2026-05-09 15:32:31,1,1,1,2633.3,0,-1.8,-82,2632,1,2.47,-0.20,7954,1,2.47,-0.20,7954
2026-05-09 15:32:31,1,1,1,2604.4,0,-1.0,-46,2604,1,2.47,-0.20,7954,1,2.47,-0.20,7954
2026-05-09 15:32:31,1,1,1,2604.4,0,-1.0,-46,2604,1,2.47,-0.20,7954,1,2.47,-0.20,7954
2026-05-09 15:32:31,1,1,1,2617.5,0,-1.1,-50,2617,1,2.47,-0.20,7954,1,2.47,-0.20,7954
2026-05-09 15:32:31,1,1,1,2617.5,0,-1.1,-50,2617,1,2.47,-0.20,7954,1,2.47,-0.20,7954
2026-05-09 15:32:31,1,1,1,2624.7,-48,-1.3,-61,2624,1,2.47,-0.20,7954,1,2.47,-0.20,7954
2026-05-09 15:32:31,1,1,1,2612.8,-48,-1.4,-66,2612,1,2.47,-0.20,7954,1,2.47,-0.20,7954
2026-05-09 15:32:31,1,1,1,2612.8,-48,-1.4,-66,2612,1,2.47,-0.20,7954,1,2.47,-0.20,7954
2026-05-09 15:32:31,1,1,1,2597.0,-48,-1.6,-71,2596,1,0.00,0.00,0,0,0.00,0.00,0
2026-05-09 15:32:31,1,1,1,2597.0,-48,-1.6,-71,2596,1,0.00,0.00,0,0,0.00,0.00,0
2026-05-09 15:32:31,1,1,1,2579.0,-56,-1.6,-73,2578,1,0.00,0.00,0,0,0.00,0.00,0
2026-05-09 15:32:32,1,1,1,2579.0,-56,-1.6,-73,2578,1,0.00,0.00,0,0,0.00,0.00,0
2026-05-09 15:32:32,1,1,1,2561.1,-56,-1.7,-74,2560,1,0.00,0.00,0,0,0.00,0.00,0
2026-05-09 15:32:32,1,1,1,2541.1,-64,-1.7,-74,2540,0,0.00,0.00,0,0,0.00,0.00,0
2026-05-09 15:32:32,1,1,1,2541.1,-64,-1.7,-74,2540,0,0.00,0.00,0,0,0.00,0.00,0
2026-05-09 15:32:32,1,1,1,2519.0,-88,-1.6,-71,2518,0,0.00,0.00,0,0,0.00,0.00,0
2026-05-09 15:32:32,1,1,1,2519.0,-88,-1.6,-71,2518,0,0.00,0.00,0,0,0.00,0.00,0
2026-05-09 15:32:32,1,1,1,2496.9,-88,-1.5,-67,2496,0,0.00,0.00,0,0,0.00,0.00,0
2026-05-09 15:32:32,1,1,1,2496.9,-88,-1.5,-67,2496,0,0.00,0.00,0,0,0.00,0.00,0
2026-05-09 15:32:32,1,1,1,2471.8,-72,-1.4,-61,2471,0,0.00,0.00,0,0,0.00,0.00,0
2026-05-09 15:32:32,1,1,1,2471.8,-72,-1.4,-61,2471,0,0.00,0.00,0,0,0.00,0.00,0
2026-05-09 15:32:32,1,1,1,2400.3,-104,-0.8,-35,2400,0,0.00,0.00,0,0,0.00,0.00,0
2026-05-09 15:32:32,1,1,1,2329.0,-72,-0.3,-11,2329,0,0.00,0.00,0,0,0.00,0.00,0
2026-05-09 15:32:32,1,1,1,2329.0,-72,-0.3,-11,2329,0,0.00,0.00,0,0,0.00,0.00,0
2026-05-09 15:32:32,1,1,1,2258.0,-72,0.3,12,2258,0,0.00,0.00,0,0,0.00,0.00,0
2026-05-09 15:32:32,1,1,1,2258.0,-72,0.3,12,2258,0,0.00,0.00,0,0,0.00,0.00,0
2026-05-09 15:32:32,1,1,1,2118.0,-79,1.8,65,2117,0,0.00,0.00,0,0,0.00,0.00,0
2026-05-09 15:32:32,1,1,1,2118.0,-79,1.8,65,2117,0,0.00,0.00,0,0,0.00,0.00,0
2026-05-09 15:32:32,1,1,1,1995.3,-88,2.7,95,1993,0,0.00,0.00,0,0,0.00,0.00,0
2026-05-09 15:32:32,1,1,1,1879.7,-96,3.1,101,1877,0,0.00,0.00,0,0,0.00,0.00,0
2026-05-09 15:32:32,1,1,1,1879.7,-96,3.1,101,1877,0,0.00,0.00,0,0,0.00,0.00,0
2026-05-09 15:32:33,1,1,1,1772.1,-79,2.8,87,1770,0,0.00,0.00,0,0,0.00,0.00,0
2026-05-09 15:32:33,1,1,1,1772.1,-79,2.8,87,1770,0,0.00,0.00,0,0,0.00,0.00,0
2026-05-09 15:32:33,1,1,1,1677.4,-96,3.0,89,1675,0,0.00,0.00,0,0,0.00,0.00,0
2026-05-09 15:32:33,1,1,1,1677.4,-96,3.0,89,1675,0,0.00,0.00,0,0,0.00,0.00,0
2026-05-09 15:32:33,1,1,1,1583.6,-64,2.6,72,1582,0,0.00,0.00,0,0,0.00,0.00,0
2026-05-09 15:32:33,1,1,1,1583.6,-64,2.6,72,1582,0,0.00,0.00,0,0,0.00,0.00,0
2026-05-09 15:32:33,1,1,1,1493.7,-64,1.8,46,1493,0,0.00,0.00,0,0,0.00,0.00,0
2026-05-09 15:32:33,1,1,1,1413.2,-72,1.0,24,1413,0,0.00,0.00,0,0,0.00,0.00,0
2026-05-09 15:32:33,1,1,1,1413.2,-72,1.0,24,1413,0,0.00,0.00,0,0,0.00,0.00,0
2026-05-09 15:32:33,1,1,1,1341.0,-72,0.4,10,1341,0,0.00,0.00,0,0,0.00,0.00,0
2026-05-09 15:32:33,1,1,1,1341.0,-72,0.4,10,1341,0,0.00,0.00,0,0,0.00,0.00,0
2026-05-09 15:32:33,1,1,1,1269.0,-88,0.1,2,1269,0,0.00,0.00,0,0,0.00,0.00,0
2026-05-09 15:32:33,1,1,1,1269.0,-88,0.1,2,1269,0,0.00,0.00,0,1,1.00,-0.86,43105
2026-05-09 15:32:33,1,1,1,1192.0,-88,0.0,0,1192,0,0.00,0.00,0,1,1.00,-0.86,43105
2026-05-09 15:32:33,1,1,1,1192.0,-88,0.0,0,1192,1,0.91,-0.86,43105,1,0.91,-0.86,43105
2026-05-09 15:32:33,1,1,1,1105.0,-64,0.2,3,1105,1,0.91,-0.86,43105,1,0.91,-0.86,43105
2026-05-09 15:32:33,1,1,1,1031.0,-56,0.3,6,1031,1,0.81,-0.67,17369,1,0.81,-0.67,17369
2026-05-09 15:32:33,1,1,1,1031.0,-56,0.3,6,1031,1,0.81,-0.67,17369,1,0.81,-0.67,17369
2026-05-09 15:32:33,1,1,1,968.0,-48,-0.2,-3,968,1,0.74,-0.67,17369,1,0.74,-0.67,17369
2026-05-09 15:32:33,1,1,1,968.0,-48,-0.2,-3,968,1,0.74,-0.67,17369,1,0.74,-0.67,17369
2026-05-09 15:32:34,1,1,1,910.1,-56,-0.9,-14,910,1,0.71,-0.58,46474,1,0.71,-0.58,46474
2026-05-09 15:32:34,1,1,1,910.1,-56,-0.9,-14,910,1,0.71,-0.58,46474,1,0.71,-0.58,46474
2026-05-09 15:32:34,1,1,1,856.3,-56,-1.6,-24,856,1,0.68,-0.55,28389,1,0.68,-0.55,28389
2026-05-09 15:32:34,1,1,1,801.6,-64,-2.2,-31,801,1,0.68,-0.55,28389,1,0.68,-0.55,28389
2026-05-09 15:32:34,1,1,1,801.6,-64,-2.2,-31,801,1,0.63,-0.55,28389,1,0.63,-0.55,28389
2026-05-09 15:32:34,1,1,1,739.1,-79,-4.3,-56,737,1,0.63,-0.55,28389,1,0.63,-0.55,28389
2026-05-09 15:32:34,1,1,1,739.1,-79,-4.3,-56,737,1,0.63,-0.55,28389,1,0.63,-0.55,28389
2026-05-09 15:32:34,1,1,1,674.4,-72,-7.2,-85,669,1,0.63,-0.55,28389,1,0.63,-0.55,28389
2026-05-09 15:32:34,1,1,1,674.4,-72,-7.2,-85,669,1,0.63,-0.55,28389,1,0.63,-0.55,28389
2026-05-09 15:32:34,1,1,1,614.1,-72,-10.4,-111,604,1,0.63,-0.55,28389,1,0.63,-0.55,28389
2026-05-09 15:32:34,1,1,1,614.1,-72,-10.4,-111,604,1,0.49,-0.25,19092,1,0.49,-0.25,19092
2026-05-09 15:32:34,1,1,1,563.4,-48,-13.4,-131,548,1,0.49,-0.25,19092,1,0.49,-0.25,19092
2026-05-09 15:32:34,1,1,1,520.9,-24,-15.5,-139,502,1,0.47,-0.25,19092,1,0.47,-0.25,19092
2026-05-09 15:32:34,1,1,1,520.9,-24,-15.5,-139,502,1,0.47,-0.25,19092,1,0.47,-0.25,19092
2026-05-09 15:32:34,1,1,1,494.0,16,-15.5,-132,476,1,0.49,0.00,53185,1,0.49,0.00,53185
2026-05-09 15:32:34,1,1,1,494.0,16,-15.5,-132,476,1,0.49,0.00,53185,1,0.49,0.00,53185
2026-05-09 15:32:34,1,1,1,464.5,32,-14.8,-119,449,1,0.49,0.00,53185,1,0.49,0.00,53185
2026-05-09 15:32:34,1,1,1,464.5,32,-14.8,-119,449,1,0.49,0.00,53185,1,0.49,0.00,53185
2026-05-09 15:32:34,1,1,1,443.9,48,-13.3,-102,432,1,0.49,0.00,53185,1,0.49,0.00,53185
2026-05-09 15:32:34,1,1,1,428.3,48,-10.6,-79,421,1,0.49,0.00,53185,1,0.49,0.00,53185
2026-05-09 15:32:35,1,1,1,428.3,48,-10.6,-79,421,1,0.49,0.00,53185,1,0.49,0.00,53185
2026-05-09 15:32:35,1,1,1,423.0,56,-6.8,-50,420,1,0.49,0.00,53185,1,0.49,0.00,53185
2026-05-09 15:32:35,1,1,1,423.0,56,-6.8,-50,420,1,0.49,0.00,53185,1,0.49,0.00,53185
2026-05-09 15:32:35,1,1,1,443.2,39,-4.1,-32,442,1,0.49,0.00,53185,1,0.49,0.00,53185
2026-05-09 15:32:35,1,1,1,443.2,39,-4.1,-32,442,1,0.49,0.00,53185,1,0.49,0.00,53185
2026-05-09 15:32:35,1,1,1,480.6,48,-2.7,-23,480,1,0.49,0.00,53185,1,0.49,0.00,53185
2026-05-09 15:32:35,1,1,1,480.6,48,-2.7,-23,480,1,0.49,0.00,53185,1,0.49,0.00,53185
2026-05-09 15:32:35,1,1,1,501.2,56,-1.7,-15,501,1,0.49,0.00,53185,1,0.49,0.00,53185
2026-05-09 15:32:35,1,1,1,523.0,72,-0.2,-2,523,1,0.75,0.71,805,1,0.75,0.71,805
2026-05-09 15:32:35,1,1,1,523.0,72,-0.2,-2,523,1,0.75,0.71,805,1,0.75,0.71,805
2026-05-09 15:32:35,1,1,1,548.2,79,1.4,13,548,1,0.80,0.74,9850,1,0.80,0.74,9850
2026-05-09 15:32:35,1,1,1,548.2,79,1.4,13,548,1,0.80,0.74,9850,1,0.80,0.74,9850
2026-05-09 15:32:35,1,1,1,578.8,79,3.0,30,578,1,0.88,0.74,9850,1,0.88,0.74,9850
2026-05-09 15:32:35,1,1,1,578.8,79,3.0,30,578,1,0.88,0.74,9850,1,0.88,0.74,9850
2026-05-09 15:32:35,1,1,1,615.7,64,4.3,46,614,1,0.96,0.73,41082,1,0.96,0.73,41082
2026-05-09 15:32:35,1,1,1,690.0,16,4.4,53,688,1,0.96,0.73,41082,1,0.96,0.73,41082
2026-05-09 15:32:35,1,1,1,690.0,16,4.4,53,688,1,1.02,0.67,25426,1,1.02,0.67,25426
2026-05-09 15:32:35,1,1,1,759.1,56,5.1,68,756,1,1.02,0.67,25426,1,1.02,0.67,25426
2026-05-09 15:32:35,1,1,1,759.1,56,5.1,68,756,1,1.12,0.65,63557,1,1.12,0.65,63557
2026-05-09 15:32:35,1,1,1,822.4,56,5.9,85,818,1,1.12,0.65,63557,1,1.12,0.65,63557
2026-05-09 15:32:36,1,1,1,822.4,56,5.9,85,818,1,1.20,0.67,38693,1,1.20,0.67,38693
2026-05-09 15:32:36,1,1,1,881.6,64,7.0,108,875,1,1.20,0.67,38693,1,1.20,0.67,38693
2026-05-09 15:32:36,1,1,1,881.6,64,7.0,108,875,1,1.27,0.68,2020,1,1.27,0.68,2020
2026-05-09 15:32:36,1,1,1,945.1,79,8.0,131,936,1,1.27,0.68,2020,1,1.27,0.68,2020
2026-05-09 15:32:36,1,1,1,1013.6,96,8.7,153,1002,1,1.34,0.73,12626,1,1.34,0.73,12626
2026-05-09 15:32:36,1,1,1,1013.6,96,8.7,153,1002,1,1.34,0.73,12626,1,1.34,0.73,12626
2026-05-09 15:32:36,1,1,1,1082.3,88,8.3,156,1071,1,1.41,0.73,12626,1,1.41,0.73,12626
2026-05-09 15:32:36,1,1,1,1082.3,88,8.3,156,1071,1,1.41,0.73,12626,1,1.41,0.73,12626
2026-05-09 15:32:36,1,1,1,1148.4,72,7.7,154,1138,1,1.49,0.73,53981,1,1.49,0.73,53981
2026-05-09 15:32:36,1,1,1,1148.4,72,7.7,154,1138,1,1.49,0.73,53981,1,1.49,0.73,53981
2026-05-09 15:32:36,1,1,1,1214.5,64,7.5,159,1204,1,1.56,0.73,53981,1,1.56,0.73,53981
2026-05-09 15:32:36,1,1,1,1276.4,72,7.0,155,1267,1,1.56,0.73,53981,1,1.56,0.73,53981
2026-05-09 15:32:36,1,1,1,1276.4,72,7.0,155,1267,1,1.56,0.73,53981,1,1.56,0.73,53981
2026-05-09 15:32:36,1,1,1,1340.2,79,6.0,139,1333,1,1.56,0.73,53981,1,1.56,0.73,53981
2026-05-09 15:32:36,1,1,1,1340.2,79,6.0,139,1333,1,1.56,0.73,53981,1,1.56,0.73,53981
2026-05-09 15:32:36,1,1,1,1406.9,88,5.7,139,1400,1,1.56,0.73,53981,1,1.56,0.73,53981
2026-05-09 15:32:36,1,1,1,1406.9,88,5.7,139,1400,1,1.56,0.73,53981,1,1.56,0.73,53981
2026-05-09 15:32:36,1,1,1,1474.7,96,5.1,130,1469,1,1.56,0.73,53981,1,1.56,0.73,53981
2026-05-09 15:32:36,1,1,1,1474.7,96,5.1,130,1469,1,1.56,0.73,53981,1,1.56,0.73,53981
2026-05-09 15:32:36,1,1,1,1545.1,96,4.6,125,1540,1,1.56,0.73,53981,1,1.56,0.73,53981
2026-05-09 15:32:37,1,1,1,1620.9,96,4.9,138,1615,1,1.56,0.73,53981,1,1.56,0.73,53981
2026-05-09 15:32:37,1,1,1,1620.9,96,4.9,138,1615,1,1.56,0.73,53981,1,1.56,0.73,53981
2026-05-09 15:32:37,1,1,1,1689.6,64,4.7,138,1684,1,1.56,0.73,53981,1,1.56,0.73,53981
2026-05-09 15:32:37,1,1,1,1689.6,64,4.7,138,1684,1,0.00,0.00,0,0,0.00,0.00,0
2026-05-09 15:32:37,1,1,1,1757.1,56,4.4,134,1752,1,0.00,0.00,0,0,0.00,0.00,0
2026-05-09 15:32:37,1,1,1,1757.1,56,4.4,134,1752,1,0.00,0.00,0,0,0.00,0.00,0
2026-05-09 15:32:37,1,1,1,1820.7,56,4.1,131,1816,1,0.00,0.00,0,0,0.00,0.00,0
2026-05-09 15:32:37,1,1,1,1820.7,56,4.1,131,1816,1,0.00,0.00,0,0,0.00,0.00,0
2026-05-09 15:32:37,1,1,1,1884.0,64,3.7,123,1880,0,0.00,0.00,0,0,0.00,0.00,0
2026-05-09 15:32:37,1,1,1,1945.9,72,3.2,107,1943,0,0.00,0.00,0,0,0.00,0.00,0
2026-05-09 15:32:37,1,1,1,1945.9,72,3.2,107,1943,0,0.00,0.00,0,0,0.00,0.00,0
2026-05-09 15:32:37,1,1,1,2005.9,48,3.1,108,2003,0,0.00,0.00,0,0,0.00,0.00,0
2026-05-09 15:32:37,1,1,1,2005.9,48,3.1,108,2003,0,0.00,0.00,0,0,0.00,0.00,0
2026-05-09 15:32:37,1,1,1,2062.4,64,3.3,119,2059,0,0.00,0.00,0,0,0.00,0.00,0
2026-05-09 15:32:37,1,1,1,2062.4,64,3.3,119,2059,0,0.00,0.00,0,0,0.00,0.00,0
2026-05-09 15:32:37,1,1,1,2116.2,64,3.1,116,2113,0,0.00,0.00,0,0,0.00,0.00,0
2026-05-09 15:32:37,1,1,1,2164.4,24,2.7,101,2162,0,0.00,0.00,0,0,0.00,0.00,0
2026-05-09 15:32:37,1,1,1,2164.4,24,2.7,101,2162,0,0.00,0.00,0,0,0.00,0.00,0
2026-05-09 15:32:37,1,1,1,2215.3,24,2.0,76,2214,0,0.00,0.00,0,0,0.00,0.00,0
2026-05-09 15:32:37,1,1,1,2215.3,24,2.0,76,2214,0,0.00,0.00,0,0,0.00,0.00,0
2026-05-09 15:32:38,1,1,1,2251.7,0,1.5,58,2251,0,0.00,0.00,0,0,0.00,0.00,0
2026-05-09 15:32:38,1,1,1,2251.7,0,1.5,58,2251,0,0.00,0.00,0,0,0.00,0.00,0
2026-05-09 15:32:38,1,1,1,2301.1,0,0.6,24,2301,0,0.00,0.00,0,0,0.00,0.00,0
2026-05-09 15:32:38,1,1,1,2301.1,0,0.6,24,2301,0,0.00,0.00,0,0,0.00,0.00,0
2026-05-09 15:32:38,1,1,1,2320.1,8,0.4,16,2320,0,0.00,0.00,0,0,0.00,0.00,0
2026-05-09 15:32:38,1,1,1,2283.1,0,0.5,18,2283,0,0.00,0.00,0,0,0.00,0.00,0
2026-05-09 15:32:38,1,1,1,2283.1,0,0.5,18,2283,0,0.00,0.00,0,0,0.00,0.00,0
2026-05-09 15:32:38,1,1,1,2266.1,0,0.4,16,2266,0,0.00,0.00,0,0,0.00,0.00,0
2026-05-09 15:32:38,1,1,1,2266.1,0,0.4,16,2266,0,0.00,0.00,0,0,0.00,0.00,0
2026-05-09 15:32:38,1,1,1,2259.0,-8,0.1,2,2259,0,0.00,0.00,0,0,0.00,0.00,0
2026-05-09 15:32:38,1,1,1,2259.0,-8,0.1,2,2259,0,0.00,0.00,0,0,0.00,0.00,0
2026-05-09 15:32:38,1,1,1,2262.0,-24,-0.4,-15,2262,0,0.00,0.00,0,0,0.00,0.00,0
2026-05-09 15:32:38,1,1,1,2260.3,-8,-1.0,-38,2260,0,0.00,0.00,0,0,0.00,0.00,0
2026-05-09 15:32:38,1,1,1,2260.3,-8,-1.0,-38,2260,0,0.00,0.00,0,0,0.00,0.00,0
2026-05-09 15:32:38,1,1,1,2257.6,-39,-1.3,-53,2257,0,0.00,0.00,0,0,0.00,0.00,0
2026-05-09 15:32:38,1,1,1,2257.6,-39,-1.3,-53,2257,0,0.00,0.00,0,0,0.00,0.00,0
2026-05-09 15:32:38,1,1,1,2256.6,-79,-1.3,-51,2256,0,0.00,0.00,0,0,0.00,0.00,0
2026-05-09 15:32:38,1,1,1,2256.6,-79,-1.3,-51,2256,0,0.00,0.00,0,0,0.00,0.00,0
2026-05-09 15:32:38,1,1,1,2253.5,-64,-1.2,-47,2253,0,0.00,0.00,0,0,0.00,0.00,0
2026-05-09 15:32:38,1,1,1,2253.5,-64,-1.2,-47,2253,0,0.00,0.00,0,0,0.00,0.00,0
2026-05-09 15:32:39,1,1,1,2249.5,-72,-1.2,-47,2249,0,0.00,0.00,0,0,0.00,0.00,0
2026-05-09 15:32:39,1,1,1,2243.5,-64,-1.2,-47,2243,0,0.00,0.00,0,0,0.00,0.00,0
2026-05-09 15:32:39,1,1,1,2243.5,-64,-1.2,-47,2243,0,0.00,0.00,0,0,0.00,0.00,0
2026-05-09 15:32:39,1,1,1,2234.4,-56,-1.1,-44,2234,0,0.00,0.00,0,0,0.00,0.00,0
2026-05-09 15:32:39,1,1,1,2234.4,-56,-1.1,-44,2234,0,0.00,0.00,0,0,0.00,0.00,0
2026-05-09 15:32:39,1,1,1,2224.4,-56,-1.1,-42,2224,0,0.00,0.00,0,0,0.00,0.00,0
2026-05-09 15:32:39,1,1,1,2224.4,-56,-1.1,-42,2224,0,0.00,0.00,0,0,0.00,0.00,0
2026-05-09 15:32:39,1,1,1,2211.4,-64,-1.1,-41,2211,0,0.00,0.00,0,0,0.00,0.00,0
2026-05-09 15:32:39,1,1,1,2198.4,-72,-1.0,-40,2198,0,0.00,0.00,0,0,0.00,0.00,0
2026-05-09 15:32:39,1,1,1,2198.4,-72,-1.0,-40,2198,0,0.00,0.00,0,0,0.00,0.00,0
2026-05-09 15:32:39,1,1,1,2184.3,-72,-1.0,-37,2184,0,0.00,0.00,0,0,0.00,0.00,0
2026-05-09 15:32:39,1,1,1,2184.3,-72,-1.0,-37,2184,0,0.00,0.00,0,0,0.00,0.00,0
2026-05-09 15:32:39,1,1,1,2167.3,-88,-0.9,-34,2167,0,0.00,0.00,0,0,0.00,0.00,0
2026-05-09 15:32:39,1,1,1,2167.3,-88,-0.9,-34,2167,0,0.00,0.00,0,0,0.00,0.00,0
2026-05-09 15:32:39,1,1,1,2116.1,-88,-0.6,-21,2116,0,0.00,0.00,0,0,0.00,0.00,0
2026-05-09 15:32:39,1,1,1,2116.1,-88,-0.6,-21,2116,0,0.00,0.00,0,0,0.00,0.00,0
2026-05-09 15:32:39,1,1,1,2062.1,-72,-0.5,-17,2062,0,0.00,0.00,0,0,0.00,0.00,0
2026-05-09 15:32:39,1,1,1,2011.1,-96,-0.6,-22,2011,0,0.00,0.00,0,0,0.00,0.00,0
2026-05-09 15:32:39,1,1,1,2011.1,-96,-0.6,-22,2011,0,0.00,0.00,0,0,0.00,0.00,0
2026-05-09 15:32:39,1,1,1,1956.2,-64,-0.7,-25,1956,0,0.00,0.00,0,0,0.00,0.00,0
2026-05-09 15:32:40,1,1,1,1956.2,-64,-0.7,-25,1956,0,0.00,0.00,0,0,0.00,0.00,0
2026-05-09 15:32:40,1,1,1,1902.4,-79,-1.2,-41,1902,0,0.00,0.00,0,0,0.00,0.00,0
2026-05-09 15:32:40,1,1,1,1902.4,-79,-1.2,-41,1902,0,0.00,0.00,0,0,0.00,0.00,0
2026-05-09 15:32:40,1,1,1,1787.1,-79,-2.0,-62,1786,0,0.00,0.00,0,0,0.00,0.00,0
2026-05-09 15:32:40,1,1,1,1673.4,-88,-2.4,-69,1672,0,0.00,0.00,0,0,0.00,0.00,0
2026-05-09 15:32:40,1,1,1,1673.4,-88,-2.4,-69,1672,0,0.00,0.00,0,0,0.00,0.00,0
2026-05-09 15:32:40,1,1,1,1566.4,-96,-2.4,-66,1565,0,0.00,0.00,0,0,0.00,0.00,0
2026-05-09 15:32:40,1,1,1,1566.4,-96,-2.4,-66,1565,0,0.00,0.00,0,0,0.00,0.00,0
2026-05-09 15:32:40,1,1,1,1479.1,-48,-3.1,-79,1477,0,0.00,0.00,0,0,0.00,0.00,0
2026-05-09 15:32:40,1,1,1,1479.1,-48,-3.1,-79,1477,0,0.00,0.00,0,0,0.00,0.00,0
2026-05-09 15:32:40,1,1,1,1392.9,-64,-3.0,-72,1391,0,0.00,0.00,0,0,0.00,0.00,0
2026-05-09 15:32:40,1,1,1,1392.9,-64,-3.0,-72,1391,0,0.00,0.00,0,0,0.00,0.00,0
2026-05-09 15:32:40,1,1,1,1309.1,-64,-2.4,-54,1308,0,0.00,0.00,0,1,0.99,-0.71,35521
2026-05-09 15:32:40,1,1,1,1229.5,-64,-1.7,-36,1229,0,0.00,0.00,0,1,0.99,-0.71,35521
2026-05-09 15:32:40,1,1,1,1229.5,-64,-1.7,-36,1229,1,0.96,-0.70,35106,1,0.96,-0.70,35106
2026-05-09 15:32:40,1,1,1,1152.1,-72,-0.9,-18,1152,1,0.96,-0.70,35106,1,0.96,-0.70,35106
2026-05-09 15:32:40,1,1,1,1152.1,-72,-0.9,-18,1152,1,0.86,-0.70,46937,1,0.86,-0.70,46937
2026-05-09 15:32:40,1,1,1,1077.0,-72,-0.2,-4,1077,1,0.86,-0.70,46937,1,0.86,-0.70,46937
2026-05-09 15:32:40,1,1,1,1077.0,-72,-0.2,-4,1077,1,0.79,-0.70,46937,1,0.79,-0.70,46937
2026-05-09 15:32:40,1,1,1,1007.0,-79,0.1,1,1007,1,0.79,-0.70,46937,1,0.79,-0.70,46937
2026-05-09 15:32:41,1,1,1,944.4,-16,1.6,26,944,1,0.74,-0.63,1653,1,0.74,-0.63,1653
2026-05-09 15:32:41,1,1,1,944.4,-16,1.6,26,944,1,0.74,-0.63,1653,1,0.74,-0.63,1653
2026-05-09 15:32:41,1,1,1,882.7,-56,2.2,34,882,1,0.70,-0.58,46333,1,0.70,-0.58,46333
2026-05-09 15:32:41,1,1,1,882.7,-56,2.2,34,882,1,0.70,-0.58,46333,1,0.70,-0.58,46333
2026-05-09 15:32:41,1,1,1,830.1,-39,3.0,43,829,1,0.64,-0.54,1988,1,0.64,-0.54,1988
2026-05-09 15:32:41,1,1,1,830.1,-39,3.0,43,829,1,0.64,-0.54,1988,1,0.64,-0.54,1988
2026-05-09 15:32:41,1,1,1,778.8,-32,2.6,35,778,1,0.59,-0.54,1988,1,0.59,-0.54,1988
2026-05-09 15:32:41,1,1,1,778.8,-32,2.6,35,778,1,0.59,-0.54,1988,1,0.59,-0.54,1988
2026-05-09 15:32:41,1,1,1,728.5,-48,2.2,28,728,1,0.54,-0.51,31489,1,0.54,-0.51,31489
2026-05-09 15:32:41,1,1,1,678.3,-48,1.6,19,678,1,0.54,-0.51,31489,1,0.54,-0.51,31489
2026-05-09 15:32:41,1,1,1,678.3,-48,1.6,19,678,1,0.49,-0.51,31489,1,0.49,-0.51,31489
2026-05-09 15:32:41,1,1,1,630.1,-32,1.0,11,630,1,0.49,-0.51,31489,1,0.49,-0.51,31489
2026-05-09 15:32:41,1,1,1,630.1,-32,1.0,11,630,1,0.49,-0.51,31489,1,0.49,-0.51,31489
2026-05-09 15:32:41,1,1,1,572.5,-88,2.3,23,572,1,0.49,-0.51,31489,1,0.49,-0.51,31489
2026-05-09 15:32:41,1,1,1,572.5,-88,2.3,23,572,1,0.49,-0.51,31489,1,0.49,-0.51,31489
2026-05-09 15:32:41,1,1,1,516.6,-64,4.4,40,515,1,0.49,-0.51,31489,1,0.49,-0.51,31489
2026-05-09 15:32:41,1,1,1,516.6,-64,4.4,40,515,1,0.49,-0.51,31489,1,0.49,-0.51,31489
2026-05-09 15:32:41,1,1,1,469.5,-32,5.9,48,467,1,0.49,-0.51,31489,1,0.49,-0.51,31489
2026-05-09 15:32:41,1,1,1,431.4,8,6.0,45,429,1,0.49,-0.51,31489,1,0.49,-0.51,31489
2026-05-09 15:32:41,1,1,1,431.4,8,6.0,45,429,1,0.49,-0.51,31489,1,0.49,-0.51,31489
2026-05-09 15:32:42,1,1,1,405.6,39,5.1,36,404,1,0.49,-0.51,31489,1,0.49,-0.51,31489
2026-05-09 15:32:42,1,1,1,405.6,39,5.1,36,404,1,0.49,-0.51,31489,1,0.49,-0.51,31489
2026-05-09 15:32:42,1,1,1,389.7,64,3.4,23,389,1,0.49,-0.51,31489,1,0.49,-0.51,31489
2026-05-09 15:32:42,1,1,1,389.7,64,3.4,23,389,1,0.00,0.00,0,0,0.00,0.00,0
2026-05-09 15:32:42,1,1,1,384.1,79,1.2,8,384,1,0.00,0.00,0,0,0.00,0.00,0
2026-05-09 15:32:42,1,1,1,390.0,96,-0.9,-6,390,1,0.00,0.00,0,0,0.00,0.00,0
2026-05-09 15:32:42,1,1,1,390.0,96,-0.9,-6,390,1,0.00,0.00,0,0,0.00,0.00,0
2026-05-09 15:32:42,1,1,1,416.2,79,-1.7,-12,416,1,0.00,0.00,0,0,0.00,0.00,0
2026-05-09 15:32:42,1,1,1,416.2,79,-1.7,-12,416,1,0.75,0.72,50005,1,0.75,0.72,50005
2026-05-09 15:32:42,1,1,1,458.1,64,-1.3,-10,458,1,0.75,0.72,50005,1,0.75,0.72,50005
2026-05-09 15:32:42,1,1,1,458.1,64,-1.3,-10,458,1,0.78,0.71,29893,1,0.78,0.71,29893
2026-05-09 15:32:42,1,1,1,504.2,72,-1.6,-14,504,1,0.78,0.71,29893,1,0.78,0.71,29893
2026-05-09 15:32:42,1,1,1,504.2,72,-1.6,-14,504,1,0.84,0.71,35738,1,0.84,0.71,35738
2026-05-09 15:32:42,1,1,1,556.4,72,-2.1,-20,556,1,0.84,0.71,35738,1,0.84,0.71,35738
2026-05-09 15:32:42,1,1,1,589.4,72,-2.1,-22,589,1,0.93,0.72,10625,1,0.93,0.72,10625
2026-05-09 15:32:42,1,1,1,589.4,72,-2.1,-22,589,1,0.93,0.72,10625,1,0.93,0.72,10625
2026-05-09 15:32:42,1,1,1,603.4,88,-2.2,-23,603,1,1.01,0.74,2036,1,1.01,0.74,2036
2026-05-09 15:32:42,1,1,1,603.4,88,-2.2,-23,603,1,1.01,0.74,2036,1,1.01,0.74,2036
2026-05-09 15:32:42,1,1,1,618.5,96,-2.2,-24,618,1,1.09,0.79,25601,1,1.09,0.79,25601
2026-05-09 15:32:42,1,1,1,618.5,96,-2.2,-24,618,1,1.09,0.79,25601,1,1.09,0.79,25601
2026-05-09 15:32:43,1,1,1,636.5,104,-2.3,-25,636,1,1.17,0.79,25601,1,1.17,0.79,25601
2026-05-09 15:32:43,1,1,1,656.6,96,-2.4,-27,656,1,1.17,0.79,25601,1,1.17,0.79,25601
2026-05-09 15:32:43,1,1,1,656.6,96,-2.4,-27,656,1,1.26,0.83,19330,1,1.26,0.83,19330
2026-05-09 15:32:43,1,1,1,679.7,79,-2.6,-31,679,1,1.26,0.83,19330,1,1.26,0.83,19330
2026-05-09 15:32:43,1,1,1,679.7,79,-2.6,-31,679,1,1.34,0.83,19330,1,1.34,0.83,19330
2026-05-09 15:32:43,1,1,1,704.8,79,-2.7,-33,704,1,1.34,0.83,19330,1,1.34,0.83,19330
2026-05-09 15:32:43,1,1,1,704.8,79,-2.7,-33,704,1,1.43,0.81,59162,1,1.43,0.81,59162
2026-05-09 15:32:43,1,1,1,729.8,72,-2.7,-35,729,1,1.43,0.81,59162,1,1.43,0.81,59162
2026-05-09 15:32:43,1,1,1,729.8,72,-2.7,-35,729,1,1.51,0.81,59162,1,1.51,0.81,59162
2026-05-09 15:32:43,1,1,1,804.3,79,-3.3,-46,803,1,1.51,0.81,59162,1,1.51,0.81,59162
2026-05-09 15:32:43,1,1,1,878.2,88,-3.0,-46,877,1,1.51,0.81,59162,1,1.51,0.81,59162
2026-05-09 15:32:43,1,1,1,878.2,88,-3.0,-46,877,1,1.51,0.81,59162,1,1.51,0.81,59162
2026-05-09 15:32:43,1,1,1,952.2,96,-2.9,-48,951,1,1.51,0.81,59162,1,1.51,0.81,59162
2026-05-09 15:32:43,1,1,1,952.2,96,-2.9,-48,951,1,1.51,0.81,59162,1,1.51,0.81,59162
2026-05-09 15:32:43,1,1,1,1028.1,79,-2.7,-48,1027,1,1.51,0.81,59162,1,1.51,0.81,59162
2026-05-09 15:32:43,1,1,1,1028.1,79,-2.7,-48,1027,1,1.51,0.81,59162,1,1.51,0.81,59162
2026-05-09 15:32:43,1,1,1,1169.2,72,-2.6,-53,1168,1,1.99,0.72,46080,1,1.99,0.72,46080
2026-05-09 15:32:43,1,1,1,1295.1,64,-2.4,-54,1294,1,1.99,0.72,46080,1,1.99,0.72,46080
2026-05-09 15:32:43,1,1,1,1295.1,64,-2.4,-54,1294,1,2.03,0.71,5522,1,2.03,0.71,5522
2026-05-09 15:32:43,1,1,1,1407.1,64,-2.3,-56,1406,1,2.03,0.71,5522,1,2.03,0.71,5522
2026-05-09 15:32:44,1,1,1,1407.1,64,-2.3,-56,1406,1,2.10,0.71,5522,1,2.10,0.71,5522
2026-05-09 15:32:44,1,1,1,1508.1,72,-2.2,-58,1507,1,2.10,0.71,5522,1,2.10,0.71,5522
2026-05-09 15:32:44,1,1,1,1508.1,72,-2.2,-58,1507,1,2.10,0.71,5522,1,2.10,0.71,5522
2026-05-09 15:32:44,1,1,1,1606.2,79,-2.2,-61,1605,1,2.10,0.71,5522,1,2.10,0.71,5522
2026-05-09 15:32:44,1,1,1,1606.2,79,-2.2,-61,1605,1,2.10,0.71,5522,1,2.10,0.71,5522
2026-05-09 15:32:44,1,1,1,1703.1,88,-2.1,-61,1702,1,2.10,0.71,5522,1,2.10,0.71,5522
2026-05-09 15:32:44,1,1,1,1792.9,88,-1.9,-58,1792,1,2.25,0.99,43625,1,2.25,0.99,43625
2026-05-09 15:32:44,1,1,1,1792.9,88,-1.9,-58,1792,1,2.25,0.99,43625,1,2.25,0.99,43625
2026-05-09 15:32:44,1,1,1,1872.5,72,-1.4,-45,1872,1,2.35,0.99,43625,1,2.35,0.99,43625
2026-05-09 15:32:44,1,1,1,1872.5,72,-1.4,-45,1872,1,2.35,0.99,43625,1,2.35,0.99,43625
2026-05-09 15:32:44,1,1,1,1958.6,64,-1.4,-49,1958,1,2.35,0.99,43625,1,2.35,0.99,43625
2026-05-09 15:32:44,1,1,1,1958.6,64,-1.4,-49,1958,1,2.35,0.99,43625,1,2.35,0.99,43625
2026-05-09 15:32:44,1,1,1,2043.3,72,-1.0,-34,2043,1,2.35,0.99,43625,1,2.35,0.99,43625
2026-05-09 15:32:44,1,1,1,2115.5,48,-1.2,-45,2115,1,2.35,0.99,43625,1,2.35,0.99,43625
2026-05-09 15:32:44,1,1,1,2115.5,48,-1.2,-45,2115,1,2.35,0.99,43625,1,2.35,0.99,43625
2026-05-09 15:32:44,1,1,1,2159.7,56,-1.4,-53,2159,1,2.35,0.99,43625,1,2.35,0.99,43625
2026-05-09 15:32:44,1,1,1,2159.7,56,-1.4,-53,2159,1,2.35,0.99,43625,1,2.35,0.99,43625
2026-05-09 15:32:44,1,1,1,2215.6,119,-1.4,-53,2215,1,2.35,0.99,43625,1,2.35,0.99,43625
2026-05-09 15:32:44,1,1,1,2215.6,119,-1.4,-53,2215,1,2.35,0.99,43625,1,2.35,0.99,43625
2026-05-09 15:32:44,1,1,1,2273.9,32,-1.6,-63,2273,1,2.35,0.99,43625,1,2.35,0.99,43625
2026-05-09 15:32:45,1,1,1,2273.9,32,-1.6,-63,2273,1,2.35,0.99,43625,1,2.35,0.99,43625
2026-05-09 15:32:45,1,1,1,2319.7,24,-2.2,-88,2318,1,0.00,0.00,0,0,0.00,0.00,0
2026-05-09 15:32:45,1,1,1,2381.4,0,-3.1,-128,2378,1,0.00,0.00,0,0,0.00,0.00,0
2026-05-09 15:32:45,1,1,1,2381.4,0,-3.1,-128,2378,1,0.00,0.00,0,0,0.00,0.00,0
2026-05-09 15:32:45,1,1,1,2478.3,0,-4.1,-176,2472,1,0.00,0.00,0,0,0.00,0.00,0
2026-05-09 15:32:45,1,1,1,2478.3,0,-4.1,-176,2472,1,0.00,0.00,0,0,0.00,0.00,0
2026-05-09 15:32:45,1,1,1,2561.2,-8,-4.9,-217,2552,0,0.00,0.00,0,0,0.00,0.00,0
2026-05-09 15:32:45,1,1,1,2561.2,-8,-4.9,-217,2552,0,0.00,0.00,0,0,0.00,0.00,0
2026-05-09 15:32:45,1,1,1,2578.2,-8,-4.6,-205,2570,0,0.00,0.00,0,0,0.00,0.00,0
2026-05-09 15:32:45,1,1,1,2569.4,-39,-4.0,-181,2563,0,0.00,0.00,0,0,0.00,0.00,0
2026-05-09 15:32:45,1,1,1,2569.4,-39,-4.0,-181,2563,0,0.00,0.00,0,0,0.00,0.00,0
2026-05-09 15:32:45,1,1,1,2556.0,-48,-3.6,-160,2551,0,0.00,0.00,0,0,0.00,0.00,0
2026-05-09 15:32:45,1,1,1,2556.0,-48,-3.6,-160,2551,0,0.00,0.00,0,0,0.00,0.00,0
2026-05-09 15:32:45,1,1,1,2544.3,-56,-3.3,-148,2540,0,0.00,0.00,0,0,0.00,0.00,0
2026-05-09 15:32:45,1,1,1,2544.3,-56,-3.3,-148,2540,0,0.00,0.00,0,0,0.00,0.00,0
2026-05-09 15:32:45,1,1,1,2524.5,-56,-3.0,-133,2521,0,0.00,0.00,0,0,0.00,0.00,0
2026-05-09 15:32:45,1,1,1,2524.5,-56,-3.0,-133,2521,0,0.00,0.00,0,0,0.00,0.00,0
2026-05-09 15:32:45,1,1,1,2505.8,0,-2.7,-118,2503,0,0.00,0.00,0,0,0.00,0.00,0
2026-05-09 15:32:45,1,1,1,2487.9,-32,-2.2,-96,2486,0,0.00,0.00,0,0,0.00,0.00,0
2026-05-09 15:32:45,1,1,1,2487.9,-32,-2.2,-96,2486,0,0.00,0.00,0,0,0.00,0.00,0
2026-05-09 15:32:46,1,1,1,2463.3,-64,-1.8,-79,2462,0,0.00,0.00,0,0,0.00,0.00,0
2026-05-09 15:32:46,1,1,1,2463.3,-64,-1.8,-79,2462,0,0.00,0.00,0,0,0.00,0.00,0
2026-05-09 15:32:46,1,1,1,2435.6,0,-1.2,-53,2435,0,0.00,0.00,0,0,0.00,0.00,0
2026-05-09 15:32:46,1,1,1,2435.6,0,-1.2,-53,2435,0,0.00,0.00,0,0,0.00,0.00,0
2026-05-09 15:32:46,1,1,1,2375.1,-96,-0.4,-18,2375,0,0.00,0.00,0,0,0.00,0.00,0
2026-05-09 15:32:46,1,1,1,2375.1,-96,-0.4,-18,2375,0,0.00,0.00,0,0,0.00,0.00,0
2026-05-09 15:32:46,1,1,1,2333.0,0,0.0,1,2333,0,0.00,0.00,0,0,0.00,0.00,0
2026-05-09 15:32:46,1,1,1,2266.0,-72,-0.2,-9,2266,0,0.00,0.00,0,0,0.00,0.00,0
2026-05-09 15:32:46,1,1,1,2266.0,-72,-0.2,-9,2266,0,0.00,0.00,0,0,0.00,0.00,0
2026-05-09 15:32:46,1,1,1,2202.2,-64,-0.7,-28,2202,0,0.00,0.00,0,0,0.00,0.00,0
2026-05-09 15:32:46,1,1,1,2202.2,-64,-0.7,-28,2202,0,0.00,0.00,0,0,0.00,0.00,0
2026-05-09 15:32:46,1,1,1,2135.5,-64,-1.2,-46,2135,0,0.00,0.00,0,0,0.00,0.00,0
2026-05-09 15:32:46,1,1,1,2135.5,-64,-1.2,-46,2135,0,0.00,0.00,0,0,0.00,0.00,0
2026-05-09 15:32:46,1,1,1,2068.9,-72,-1.7,-61,2068,0,0.00,0.00,0,0,0.00,0.00,0
2026-05-09 15:32:46,1,1,1,2003.3,-88,-2.0,-71,2002,0,0.00,0.00,0,0,0.00,0.00,0
2026-05-09 15:32:46,1,1,1,2003.3,-88,-2.0,-71,2002,0,0.00,0.00,0,0,0.00,0.00,0
2026-05-09 15:32:46,1,1,1,1940.8,-96,-1.6,-55,1940,0,0.00,0.00,0,0,0.00,0.00,0
2026-05-09 15:32:46,1,1,1,1940.8,-96,-1.6,-55,1940,0,0.00,0.00,0,0,0.00,0.00,0
2026-05-09 15:32:46,1,1,1,1868.1,-96,-0.7,-23,1868,0,0.00,0.00,0,0,0.00,0.00,0
2026-05-09 15:32:46,1,1,1,1868.1,-96,-0.7,-23,1868,0,0.00,0.00,0,0,0.00,0.00,0
2026-05-09 15:32:47,1,1,1,1796.0,-79,-0.3,-9,1796,0,0.00,0.00,0,0,0.00,0.00,0
2026-05-09 15:32:47,1,1,1,1796.0,-79,-0.3,-9,1796,0,0.00,0.00,0,0,0.00,0.00,0
2026-05-09 15:32:47,1,1,1,1720.0,-72,-0.1,-3,1720,0,0.00,0.00,0,0,0.00,0.00,0
2026-05-09 15:32:47,1,1,1,1649.0,-72,0.3,8,1649,0,0.00,0.00,0,0,0.00,0.00,0
2026-05-09 15:32:47,1,1,1,1649.0,-72,0.3,8,1649,0,0.00,0.00,0,0,0.00,0.00,0
2026-05-09 15:32:47,1,1,1,1582.2,-79,0.8,22,1582,0,0.00,0.00,0,0,0.00,0.00,0
2026-05-09 15:32:47,1,1,1,1582.2,-79,0.8,22,1582,0,0.00,0.00,0,0,0.00,0.00,0
2026-05-09 15:32:47,1,1,1,1511.8,-79,1.9,50,1511,0,0.00,0.00,0,0,0.00,0.00,0
2026-05-09 15:32:47,1,1,1,1511.8,-79,1.9,50,1511,0,0.00,0.00,0,1,1.24,-0.94,29589
2026-05-09 15:32:47,1,1,1,1438.7,-88,2.7,69,1437,0,0.00,0.00,0,1,1.24,-0.94,29589
2026-05-09 15:32:47,1,1,1,1365.7,-96,2.9,68,1364,1,1.15,-0.94,29589,1,1.15,-0.94,29589
2026-05-09 15:32:47,1,1,1,1365.7,-96,2.9,68,1364,1,1.15,-0.94,29589,1,1.15,-0.94,29589
2026-05-09 15:32:47,1,1,1,1291.4,-72,2.7,60,1290,1,1.17,-0.70,2789,1,1.17,-0.70,2789
2026-05-09 15:32:47,1,1,1,1291.4,-72,2.7,60,1290,1,1.17,-0.70,2789,1,1.17,-0.70,2789
2026-05-09 15:32:47,1,1,1,1231.2,-24,3.4,73,1229,1,1.10,-0.70,2789,1,1.10,-0.70,2789
2026-05-09 15:32:47,1,1,1,1231.2,-24,3.4,73,1229,1,1.10,-0.70,2789,1,1.10,-0.70,2789
2026-05-09 15:32:47,1,1,1,1172.2,-64,4.3,87,1169,1,1.10,-0.70,2789,1,1.10,-0.70,2789
2026-05-09 15:32:47,1,1,1,1172.2,-64,4.3,87,1169,0,0.00,0.00,0,1,1.10,-0.70,2789
2026-05-09 15:32:47,1,1,1,1109.8,-56,4.1,79,1107,0,0.00,0.00,0,1,1.10,-0.70,2789
2026-05-09 15:32:47,1,1,1,1056.3,-64,3.8,70,1054,0,0.00,0.00,0,1,1.10,-0.70,2789
2026-05-09 15:32:48,1,1,1,1056.3,-64,3.8,70,1054,0,0.00,0.00,0,1,0.82,-0.71,63209
2026-05-09 15:32:48,1,1,1,1011.8,-72,4.3,75,1009,0,0.00,0.00,0,1,0.82,-0.71,63209
2026-05-09 15:32:48,1,1,1,1011.8,-72,4.3,75,1009,1,0.74,-0.71,32416,1,0.74,-0.71,32416
2026-05-09 15:32:48,1,1,1,955.6,-79,4.3,71,953,1,0.74,-0.71,32416,1,0.74,-0.71,32416
2026-05-09 15:32:48,1,1,1,955.6,-79,4.3,71,953,1,0.70,-0.71,65028,1,0.70,-0.71,65028
2026-05-09 15:32:48,1,1,1,898.4,-104,5.7,89,894,1,0.70,-0.71,65028,1,0.70,-0.71,65028
2026-05-09 15:32:48,1,1,1,836.5,-48,6.0,87,832,1,0.61,-0.69,37338,1,0.61,-0.69,37338
2026-05-09 15:32:48,1,1,1,836.5,-48,6.0,87,832,1,0.61,-0.69,37338,1,0.61,-0.69,37338
2026-05-09 15:32:48,1,1,1,768.5,-48,6.9,92,763,1,0.55,-0.61,51826,1,0.55,-0.61,51826
2026-05-09 15:32:48,1,1,1,768.5,-48,6.9,92,763,1,0.55,-0.61,51826,1,0.55,-0.61,51826
2026-05-09 15:32:48,1,1,1,705.8,-32,8.0,98,699,1,0.49,-0.61,51826,1,0.49,-0.61,51826
2026-05-09 15:32:48,1,1,1,705.8,-32,8.0,98,699,1,0.49,-0.61,51826,1,0.49,-0.61,51826
2026-05-09 15:32:48,1,1,1,637.8,-72,10.6,117,627,1,0.49,-0.61,51826,1,0.49,-0.61,51826
2026-05-09 15:32:48,1,1,1,637.8,-72,10.6,117,627,1,0.49,-0.61,51826,1,0.49,-0.61,51826
2026-05-09 15:32:48,1,1,1,581.4,-48,13.6,137,565,1,0.49,-0.61,51826,1,0.49,-0.61,51826
2026-05-09 15:32:48,1,1,1,537.8,-16,16.0,148,517,1,0.49,-0.61,51826,1,0.49,-0.61,51826
2026-05-09 15:32:48,1,1,1,537.8,-16,16.0,148,517,1,0.49,-0.61,51826,1,0.49,-0.61,51826
2026-05-09 15:32:48,1,1,1,507.6,32,16.4,143,487,1,0.49,-0.61,51826,1,0.49,-0.61,51826
2026-05-09 15:32:48,1,1,1,507.6,32,16.4,143,487,1,0.49,-0.61,51826,1,0.49,-0.61,51826
2026-05-09 15:32:48,1,1,1,482.2,39,14.9,124,466,1,0.49,-0.61,51826,1,0.49,-0.61,51826
2026-05-09 15:32:49,1,1,1,482.2,39,14.9,124,466,1,0.50,0.49,54048,1,0.50,0.49,54048
2026-05-09 15:32:49,1,1,1,460.3,39,12.2,97,450,1,0.50,0.49,54048,1,0.50,0.49,54048
2026-05-09 15:32:49,1,1,1,447.9,48,8.5,66,443,1,0.55,0.49,54048,1,0.55,0.49,54048
2026-05-09 15:32:49,1,1,1,447.9,48,8.5,66,443,1,0.55,0.49,54048,1,0.55,0.49,54048
2026-05-09 15:32:49,1,1,1,462.8,48,5.1,41,461,1,0.67,0.51,20681,1,0.67,0.51,20681
2026-05-09 15:32:49,1,1,1,462.8,48,5.1,41,461,1,0.67,0.51,20681,1,0.67,0.51,20681
2026-05-09 15:32:49,1,1,1,491.3,56,2.0,17,491,1,0.72,0.51,20681,1,0.72,0.51,20681
2026-05-09 15:32:49,1,1,1,491.3,56,2.0,17,491,1,0.72,0.51,20681,1,0.72,0.51,20681
2026-05-09 15:32:49,1,1,1,532.1,79,-1.0,-9,532,1,0.72,0.51,20681,1,0.72,0.51,20681
2026-05-09 15:32:49,1,1,1,532.1,79,-1.0,-9,532,1,0.72,0.51,20681,1,0.72,0.51,20681
2026-05-09 15:32:49,1,1,1,557.5,96,-2.5,-24,557,1,0.72,0.51,20681,1,0.72,0.51,20681
2026-05-09 15:32:49,1,1,1,619.9,79,-4.4,-48,618,1,0.72,0.51,20681,1,0.72,0.51,20681
2026-05-09 15:32:49,1,1,1,619.9,79,-4.4,-48,618,1,0.72,0.51,20681,1,0.72,0.51,20681
2026-05-09 15:32:49,1,1,1,684.5,79,-5.8,-69,681,1,0.72,0.51,20681,1,0.72,0.51,20681
2026-05-09 15:32:49,1,1,1,684.5,79,-5.8,-69,681,1,0.72,0.51,20681,1,0.72,0.51,20681
2026-05-09 15:32:49,1,1,1,750.2,64,-6.7,-88,745,1,0.72,0.51,20681,1,0.72,0.51,20681
2026-05-09 15:32:49,1,1,1,750.2,64,-6.7,-88,745,1,0.72,0.51,20681,1,0.72,0.51,20681
2026-05-09 15:32:49,1,1,1,813.9,72,-8.0,-113,806,1,0.72,0.51,20681,1,0.72,0.51,20681
2026-05-09 15:32:49,1,1,1,876.2,72,-8.7,-133,866,1,0.72,0.51,20681,1,0.72,0.51,20681
2026-05-09 15:32:49,1,1,1,876.2,72,-8.7,-133,866,1,0.00,0.00,0,0,0.00,0.00,0
2026-05-09 15:32:50,1,1,1,937.4,72,-9.0,-146,926,1,1.26,0.74,36416,1,1.26,0.74,36416
2026-05-09 15:32:50,1,1,1,937.4,72,-9.0,-146,926,1,1.26,0.74,36416,1,1.26,0.74,36416
2026-05-09 15:32:50,1,1,1,1001.2,88,-9.0,-156,989,1,1.33,0.74,36416,1,1.33,0.74,36416
2026-05-09 15:32:50,1,1,1,1001.2,88,-9.0,-156,989,1,1.33,0.74,36416,1,1.33,0.74,36416
2026-05-09 15:32:50,1,1,1,1066.6,96,-8.5,-157,1055,1,1.33,0.74,36416,1,1.33,0.74,36416
2026-05-09 15:32:50,1,1,1,1066.6,96,-8.5,-157,1055,1,1.33,0.74,36416,1,1.33,0.74,36416
2026-05-09 15:32:50,1,1,1,1135.1,79,-8.0,-158,1124,1,1.33,0.74,36416,1,1.33,0.74,36416
2026-05-09 15:32:50,1,1,1,1202.2,72,-7.5,-156,1192,1,1.33,0.74,36416,1,1.33,0.74,36416
2026-05-09 15:32:50,1,1,1,1202.2,72,-7.5,-156,1192,1,1.57,0.72,36274,1,1.57,0.72,36274
2026-05-09 15:32:50,1,1,1,1267.7,72,-6.7,-148,1259,1,1.57,0.72,36274,1,1.57,0.72,36274
2026-05-09 15:32:50,1,1,1,1267.7,72,-6.7,-148,1259,1,1.64,0.72,36274,1,1.64,0.72,36274
2026-05-09 15:32:50,1,1,1,1334.7,72,-5.8,-134,1328,1,1.64,0.72,36274,1,1.64,0.72,36274
2026-05-09 15:32:50,1,1,1,1334.7,72,-5.8,-134,1328,1,1.64,0.72,36274,1,1.64,0.72,36274
2026-05-09 15:32:50,1,1,1,1398.5,79,-5.1,-124,1393,1,1.64,0.72,36274,1,1.64,0.72,36274
2026-05-09 15:32:50,1,1,1,1398.5,79,-5.1,-124,1393,1,1.64,0.72,36274,1,1.64,0.72,36274
2026-05-09 15:32:50,1,1,1,1472.0,88,-4.7,-121,1467,1,1.64,0.72,36274,1,1.64,0.72,36274
2026-05-09 15:32:50,1,1,1,1543.1,104,-3.6,-98,1540,1,1.99,1.18,1461,1,1.99,1.18,1461
2026-05-09 15:32:50,1,1,1,1543.1,104,-3.6,-98,1540,1,1.99,1.18,1461,1,1.99,1.18,1461
2026-05-09 15:32:50,1,1,1,1613.9,88,-3.4,-96,1611,1,2.11,1.18,1461,1,2.11,1.18,1461
2026-05-09 15:32:50,1,1,1,1613.9,88,-3.4,-96,1611,1,2.11,1.18,1461,1,2.11,1.18,1461
2026-05-09 15:32:51,1,1,1,1684.5,79,-3.1,-92,1682,1,2.10,0.94,40464,1,2.10,0.94,40464
2026-05-09 15:32:51,1,1,1,1684.5,79,-3.1,-92,1682,1,2.10,0.94,40464,1,2.10,0.94,40464
2026-05-09 15:32:51,1,1,1,1753.0,72,-3.3,-102,1750,1,2.20,0.94,40464,1,2.20,0.94,40464
2026-05-09 15:32:51,1,1,1,1822.0,72,-3.8,-120,1818,1,2.20,0.94,40464,1,2.20,0.94,40464
2026-05-09 15:32:51,1,1,1,1822.0,72,-3.8,-120,1818,1,2.20,0.94,40464,1,2.20,0.94,40464
2026-05-09 15:32:51,1,1,1,1885.7,79,-4.0,-133,1881,1,2.20,0.94,40464,1,2.20,0.94,40464
2026-05-09 15:32:51,1,1,1,1885.7,79,-4.0,-133,1881,1,2.20,0.94,40464,1,2.20,0.94,40464
2026-05-09 15:32:51,1,1,1,1948.3,79,-3.8,-130,1944,1,2.20,0.94,40464,1,2.20,0.94,40464
2026-05-09 15:32:51,1,1,1,1948.3,79,-3.8,-130,1944,1,2.49,0.95,50660,1,2.49,0.95,50660
2026-05-09 15:32:51,1,1,1,2016.7,72,-3.5,-122,2013,1,2.49,0.95,50660,1,2.49,0.95,50660
2026-05-09 15:32:51,1,1,1,2016.7,72,-3.5,-122,2013,1,2.54,0.83,33829,1,2.54,0.83,33829
2026-05-09 15:32:51,1,1,1,2085.7,72,-2.9,-107,2083,1,2.54,0.83,33829,1,2.54,0.83,33829
2026-05-09 15:32:51,1,1,1,2155.9,64,-3.0,-112,2153,1,2.62,0.83,33829,1,2.62,0.83,33829
2026-05-09 15:32:51,1,1,1,2155.9,64,-3.0,-112,2153,1,2.62,0.83,33829,1,2.62,0.83,33829
2026-05-09 15:32:51,1,1,1,2239.3,64,-3.1,-121,2236,1,2.62,0.83,33829,1,2.62,0.83,33829
2026-05-09 15:32:51,1,1,1,2239.3,64,-3.1,-121,2236,1,2.62,0.83,33829,1,2.62,0.83,33829
2026-05-09 15:32:51,1,1,1,2306.5,0,-2.7,-108,2304,1,2.62,0.83,33829,1,2.62,0.83,33829
2026-05-09 15:32:51,1,1,1,2306.5,0,-2.7,-108,2304,1,2.62,0.83,33829,1,2.62,0.83,33829
2026-05-09 15:32:51,1,1,1,2364.7,39,-2.2,-89,2363,1,2.62,0.83,33829,1,2.62,0.83,33829
2026-05-09 15:32:51,1,1,1,2407.1,48,-1.7,-73,2406,1,2.62,0.83,33829,1,2.62,0.83,33829
2026-05-09 15:32:52,1,1,1,2407.1,48,-1.7,-73,2406,1,2.62,0.83,33829,1,2.62,0.83,33829
2026-05-09 15:32:52,1,1,1,2453.9,0,-1.6,-68,2453,1,2.62,0.83,33829,1,2.62,0.83,33829
2026-05-09 15:32:52,1,1,1,2453.9,0,-1.6,-68,2453,1,2.62,0.83,33829,1,2.62,0.83,33829
2026-05-09 15:32:52,1,1,1,2541.1,0,-2.3,-103,2539,1,2.62,0.83,33829,1,2.62,0.83,33829
2026-05-09 15:32:52,1,1,1,2541.1,0,-2.3,-103,2539,1,2.62,0.83,33829,1,2.62,0.83,33829
2026-05-09 15:32:52,1,1,1,2609.5,8,-3.0,-136,2606,1,0.00,0.00,0,0,0.00,0.00,0
2026-05-09 15:32:52,1,1,1,2609.5,8,-3.0,-136,2606,1,0.00,0.00,0,0,0.00,0.00,0
2026-05-09 15:32:52,1,1,1,2618.8,-8,-3.1,-141,2615,1,0.00,0.00,0,0,0.00,0.00,0
2026-05-09 15:32:52,1,1,1,2636.7,0,-3.0,-140,2633,1,0.00,0.00,0,0,0.00,0.00,0
2026-05-09 15:32:52,1,1,1,2636.7,0,-3.0,-140,2633,1,0.00,0.00,0,0,0.00,0.00,0
2026-05-09 15:32:52,1,1,1,2683.8,0,-3.4,-161,2679,0,0.00,0.00,0,0,0.00,0.00,0
2026-05-09 15:32:52,1,1,1,2683.8,0,-3.4,-161,2679,0,0.00,0.00,0,0,0.00,0.00,0
2026-05-09 15:32:52,1,1,1,2748.9,0,-4.0,-194,2742,0,0.00,0.00,0,0,0.00,0.00,0
2026-05-09 15:32:52,1,1,1,2748.9,0,-4.0,-194,2742,0,0.00,0.00,0,0,0.00,0.00,0
2026-05-09 15:32:52,1,1,1,2827.2,0,-5.1,-251,2816,0,0.00,0.00,0,0,0.00,0.00,0
2026-05-09 15:32:52,1,1,1,2895.5,-79,-6.1,-309,2879,0,0.00,0.00,0,0,0.00,0.00,0
2026-05-09 15:32:52,1,1,1,2895.5,-79,-6.1,-309,2879,0,0.00,0.00,0,0,0.00,0.00,0
2026-05-09 15:32:52,1,1,1,2825.2,-64,-6.1,-302,2809,0,0.00,0.00,0,0,0.00,0.00,0
2026-05-09 15:32:52,1,1,1,2825.2,-64,-6.1,-302,2809,0,0.00,0.00,0,0,0.00,0.00,0
2026-05-09 15:32:52,1,1,1,2733.4,-56,-5.9,-280,2719,0,0.00,0.00,0,0,0.00,0.00,0
2026-05-09 15:32:53,1,1,1,2733.4,-56,-5.9,-280,2719,0,0.00,0.00,0,0,0.00,0.00,0
2026-05-09 15:32:53,1,1,1,2690.0,-48,-5.6,-264,2677,0,0.00,0.00,0,0,0.00,0.00,0
2026-05-09 15:32:53,1,1,1,2690.0,-48,-5.6,-264,2677,0,0.00,0.00,0,0,0.00,0.00,0
2026-05-09 15:32:53,1,1,1,2644.1,-64,-5.5,-253,2632,0,0.00,0.00,0,0,0.00,0.00,0
2026-05-09 15:32:53,1,1,1,2562.1,-79,-4.8,-216,2553,0,0.00,0.00,0,0,0.00,0.00,0
2026-05-09 15:32:53,1,1,1,2562.1,-79,-4.8,-216,2553,0,0.00,0.00,0,0,0.00,0.00,0
2026-05-09 15:32:53,1,1,1,2489.4,-104,-3.8,-164,2484,0,0.00,0.00,0,0,0.00,0.00,0
2026-05-09 15:32:53,1,1,1,2489.4,-104,-3.8,-164,2484,0,0.00,0.00,0,0,0.00,0.00,0
2026-05-09 15:32:53,1,1,1,2418.9,-128,-2.3,-95,2417,0,0.00,0.00,0,0,0.00,0.00,0
2026-05-09 15:32:53,1,1,1,2418.9,-128,-2.3,-95,2417,0,0.00,0.00,0,0,0.00,0.00,0
2026-05-09 15:32:53,1,1,1,2347.3,-79,-1.0,-40,2347,0,0.00,0.00,0,0,0.00,0.00,0
2026-05-09 15:32:53,1,1,1,2257.4,-72,-1.1,-45,2257,0,0.00,0.00,0,0,0.00,0.00,0
2026-05-09 15:32:53,1,1,1,2257.4,-72,-1.1,-45,2257,0,0.00,0.00,0,0,0.00,0.00,0
2026-05-09 15:32:53,1,1,1,2169.5,-72,-1.3,-48,2169,0,0.00,0.00,0,0,0.00,0.00,0
2026-05-09 15:32:53,1,1,1,2169.5,-72,-1.3,-48,2169,0,0.00,0.00,0,0,0.00,0.00,0
2026-05-09 15:32:53,1,1,1,2086.6,-79,-1.4,-52,2086,0,0.00,0.00,0,0,0.00,0.00,0
2026-05-09 15:32:53,1,1,1,2086.6,-79,-1.4,-52,2086,0,0.00,0.00,0,0,0.00,0.00,0
2026-05-09 15:32:53,1,1,1,2015.5,-79,-2.2,-79,2014,0,0.00,0.00,0,0,0.00,0.00,0
2026-05-09 15:32:53,1,1,1,2015.5,-79,-2.2,-79,2014,0,0.00,0.00,0,0,0.00,0.00,0
2026-05-09 15:32:53,1,1,1,1943.2,-88,-2.7,-92,1941,0,0.00,0.00,0,0,0.00,0.00,0
2026-05-09 15:32:54,1,1,1,1868.9,-79,-2.6,-85,1867,0,0.00,0.00,0,0,0.00,0.00,0
2026-05-09 15:32:54,1,1,1,1868.9,-79,-2.6,-85,1867,0,0.00,0.00,0,0,0.00,0.00,0
2026-05-09 15:32:54,1,1,1,1794.8,-56,-1.8,-55,1794,0,0.00,0.00,0,0,0.00,0.00,0
2026-05-09 15:32:54,1,1,1,1794.8,-56,-1.8,-55,1794,0,0.00,0.00,0,0,0.00,0.00,0
2026-05-09 15:32:54,1,1,1,1718.4,-64,-1.3,-38,1718,0,0.00,0.00,0,0,0.00,0.00,0
2026-05-09 15:32:54,1,1,1,1718.4,-64,-1.3,-38,1718,0,0.00,0.00,0,0,0.00,0.00,0
2026-05-09 15:32:54,1,1,1,1644.5,-72,-1.4,-39,1644,0,0.00,0.00,0,0,0.00,0.00,0
2026-05-09 15:32:54,1,1,1,1567.7,-72,-1.8,-48,1567,0,0.00,0.00,0,0,0.00,0.00,0
2026-05-09 15:32:54,1,1,1,1567.7,-72,-1.8,-48,1567,0,0.00,0.00,0,0,0.00,0.00,0
2026-05-09 15:32:54,1,1,1,1496.5,-72,-1.5,-38,1496,0,0.00,0.00,0,0,0.00,0.00,0
2026-05-09 15:32:54,1,1,1,1496.5,-72,-1.5,-38,1496,0,0.00,0.00,0,0,0.00,0.00,0
2026-05-09 15:32:54,1,1,1,1450.1,-79,0.6,14,1450,0,0.00,0.00,0,0,0.00,0.00,0
2026-05-09 15:32:54,1,1,1,1450.1,-79,0.6,14,1450,0,0.00,0.00,0,0,0.00,0.00,0
2026-05-09 15:32:54,1,1,1,1392.5,-79,2.7,65,1391,0,0.00,0.00,0,0,0.00,0.00,0
2026-05-09 15:32:54,1,1,1,1392.5,-79,2.7,65,1391,0,0.00,0.00,0,0,0.00,0.00,0
2026-05-09 15:32:54,1,1,1,1332.6,-72,3.6,83,1330,0,0.00,0.00,0,0,0.00,0.00,0
2026-05-09 15:32:54,1,1,1,1270.4,-72,3.5,78,1268,0,0.00,0.00,0,0,0.00,0.00,0
2026-05-09 15:32:54,1,1,1,1270.4,-72,3.5,78,1268,0,0.00,0.00,0,0,0.00,0.00,0
2026-05-09 15:32:54,1,1,1,1200.1,-72,2.4,51,1199,0,0.00,0.00,0,1,1.00,-0.46,60353
2026-05-09 15:32:54,1,1,1,1200.1,-72,2.4,51,1199,0,0.00,0.00,0,1,1.00,-0.46,60353
2026-05-09 15:32:55,1,1,1,1127.1,-79,0.8,16,1127,1,0.96,-0.46,60353,1,0.96,-0.46,60353
2026-05-09 15:32:55,1,1,1,1127.1,-79,0.8,16,1127,1,0.96,-0.46,60353,1,0.96,-0.46,60353
2026-05-09 15:32:55,1,1,1,1054.1,-88,-0.8,-14,1054,1,0.96,-0.46,60353,1,0.96,-0.46,60353
2026-05-09 15:32:55,1,1,1,1054.1,-88,-0.8,-14,1054,1,0.96,-0.46,60353,1,0.96,-0.46,60353
2026-05-09 15:32:55,1,1,1,981.9,-96,-2.4,-41,981,1,0.96,-0.46,60353,1,0.96,-0.46,60353
2026-05-09 15:32:55,1,1,1,909.3,-96,-4.0,-64,907,1,0.96,-0.46,60353,1,0.96,-0.46,60353
2026-05-09 15:32:55,1,1,1,909.3,-96,-4.0,-64,907,1,0.96,-0.46,60353,1,0.96,-0.46,60353
2026-05-09 15:32:55,1,1,1,832.8,-72,-5.4,-79,829,1,0.96,-0.46,60353,1,0.96,-0.46,60353
2026-05-09 15:32:55,1,1,1,832.8,-72,-5.4,-79,829,1,0.96,-0.46,60353,1,0.96,-0.46,60353
2026-05-09 15:32:55,1,1,1,764.1,-48,-6.6,-88,759,1,0.96,-0.46,60353,1,0.96,-0.46,60353
2026-05-09 15:33:05,1,1,1,1879.1,72,-4.2,-139,1874,0,0.00,0.00,0,0,0.00,0.00,0
2026-05-09 15:33:05,1,1,1,1879.1,72,-4.2,-139,1874,0,0.00,0.00,0,0,0.00,0.00,0
2026-05-09 15:33:05,1,1,1,1936.0,96,-4.5,-152,1930,0,0.00,0.00,0,0,0.00,0.00,0
2026-05-09 15:33:05,1,1,1,1936.0,96,-4.5,-152,1930,0,0.00,0.00,0,0,0.00,0.00,0
2026-05-09 15:33:05,1,1,1,1976.0,0,-4.5,-154,1970,0,0.00,0.00,0,0,0.00,0.00,0
2026-05-09 15:33:05,1,1,1,2021.7,48,-4.3,-152,2016,0,0.00,0.00,0,0,0.00,0.00,0
2026-05-09 15:33:05,1,1,1,2021.7,48,-4.3,-152,2016,0,0.00,0.00,0,0,0.00,0.00,0
2026-05-09 15:33:05,1,1,1,2070.1,39,-4.0,-145,2065,0,0.00,0.00,0,0,0.00,0.00,0
2026-05-09 15:33:05,1,1,1,2070.1,39,-4.0,-145,2065,0,0.00,0.00,0,0,0.00,0.00,0
2026-05-09 15:33:05,1,1,1,2118.6,24,-3.8,-139,2114,0,0.00,0.00,0,0,0.00,0.00,0
2026-05-09 15:33:06,1,1,1,2118.6,24,-3.8,-139,2114,0,0.00,0.00,0,0,0.00,0.00,0
2026-05-09 15:33:06,1,1,1,2164.2,16,-3.5,-134,2160,0,0.00,0.00,0,0,0.00,0.00,0
2026-05-09 15:33:06,1,1,1,2223.9,16,-3.4,-131,2220,0,0.00,0.00,0,0,0.00,0.00,0
2026-05-09 15:33:06,1,1,1,2223.9,16,-3.4,-131,2220,0,0.00,0.00,0,0,0.00,0.00,0
2026-05-09 15:33:06,1,1,1,2265.1,16,-3.0,-118,2262,0,0.00,0.00,0,0,0.00,0.00,0
2026-05-09 15:33:06,1,1,1,2265.1,16,-3.0,-118,2262,0,0.00,0.00,0,0,0.00,0.00,0
2026-05-09 15:33:06,1,1,1,2309.0,0,-2.9,-118,2306,0,0.00,0.00,0,0,0.00,0.00,0
2026-05-09 15:33:06,1,1,1,2309.0,0,-2.9,-118,2306,0,0.00,0.00,0,0,0.00,0.00,0
2026-05-09 15:33:06,1,1,1,2342.6,16,-2.1,-86,2341,0,0.00,0.00,0,0,0.00,0.00,0
2026-05-09 15:33:06,1,1,1,2342.6,16,-2.1,-86,2341,0,0.00,0.00,0,0,0.00,0.00,0
2026-05-09 15:33:06,1,1,1,2352.1,0,-0.4,-16,2352,0,0.00,0.00,0,0,0.00,0.00,0
2026-05-09 15:33:06,1,1,1,2372.4,8,1.0,41,2372,0,0.00,0.00,0,0,0.00,0.00,0
2026-05-09 15:33:06,1,1,1,2372.4,8,1.0,41,2372,0,0.00,0.00,0,0,0.00,0.00,0
2026-05-09 15:33:06,1,1,1,2396.5,-8,1.2,50,2396,0,0.00,0.00,0,0,0.00,0.00,0
2026-05-09 15:33:06,1,1,1,2396.5,-8,1.2,50,2396,0,0.00,0.00,0,0,0.00,0.00,0
2026-05-09 15:33:06,1,1,1,2415.3,0,0.9,40,2415,0,0.00,0.00,0,0,0.00,0.00,0
2026-05-09 15:33:06,1,1,1,2415.3,0,0.9,40,2415,0,0.00,0.00,0,0,0.00,0.00,0
2026-05-09 15:33:06,1,1,1,2423.2,-8,0.8,32,2423,0,0.00,0.00,0,0,0.00,0.00,0
2026-05-09 15:33:06,1,1,1,2440.1,0,0.4,16,2440,0,0.00,0.00,0,0,0.00,0.00,0
2026-05-09 15:33:06,1,1,1,2440.1,0,0.4,16,2440,0,0.00,0.00,0,0,0.00,0.00,0
2026-05-09 15:33:07,1,1,1,2451.0,-32,0.2,8,2451,0,0.00,0.00,0,0,0.00,0.00,0
2026-05-09 15:33:07,1,1,1,2451.0,-32,0.2,8,2451,0,0.00,0.00,0,0,0.00,0.00,0
2026-05-09 15:33:07,1,1,1,2452.1,-39,0.4,16,2452,0,0.00,0.00,0,1,2.51,-0.39,15625
2026-05-09 15:33:07,1,1,1,2452.1,-39,0.4,16,2452,0,0.00,0.00,0,1,2.51,-0.39,15625
2026-05-09 15:33:07,1,1,1,2442.1,-48,0.4,19,2442,1,2.47,-0.39,15625,1,2.47,-0.39,15625
2026-05-09 15:33:07,1,1,1,2442.1,-48,0.4,19,2442,1,2.47,-0.39,15625,1,2.47,-0.39,15625
2026-05-09 15:33:07,1,1,1,2437.1,-64,0.5,23,2437,1,2.47,-0.39,15625,1,2.47,-0.39,15625
2026-05-09 15:33:07,1,1,1,2430.1,-79,0.6,26,2430,1,2.47,-0.39,15625,1,2.47,-0.39,15625
2026-05-09 15:33:07,1,1,1,2430.1,-79,0.6,26,2430,1,2.47,-0.39,15625,1,2.47,-0.39,15625
2026-05-09 15:33:07,1,1,1,2419.1,-72,0.6,26,2419,1,2.47,-0.39,15625,1,2.47,-0.39,15625
2026-05-09 15:33:07,1,1,1,2419.1,-72,0.6,26,2419,1,2.47,-0.39,15625,1,2.47,-0.39,15625
2026-05-09 15:33:07,1,1,1,2407.1,-56,0.6,26,2407,1,2.47,-0.39,15625,1,2.47,-0.39,15625
2026-05-09 15:33:07,1,1,1,2407.1,-56,0.6,26,2407,1,2.47,-0.39,15625,1,2.47,-0.39,15625
2026-05-09 15:33:07,1,1,1,2392.1,-56,0.6,24,2392,1,2.47,-0.39,15625,1,2.47,-0.39,15625
2026-05-09 15:33:07,1,1,1,2392.1,-56,0.6,24,2392,1,2.47,-0.39,15625,1,2.47,-0.39,15625
2026-05-09 15:33:07,1,1,1,2376.1,-64,0.5,19,2376,1,2.47,-0.39,15625,1,2.47,-0.39,15625
2026-05-09 15:33:07,1,1,1,2358.1,-64,0.4,18,2358,1,2.47,-0.39,15625,1,2.47,-0.39,15625
2026-05-09 15:33:07,1,1,1,2358.1,-64,0.4,18,2358,1,0.00,0.00,0,0,0.00,0.00,0
2026-05-09 15:33:07,1,1,1,2340.1,-72,0.4,18,2340,1,0.00,0.00,0,0,0.00,0.00,0
2026-05-09 15:33:07,1,1,1,2340.1,-72,0.4,18,2340,1,0.00,0.00,0,0,0.00,0.00,0
2026-05-09 15:33:08,1,1,1,2320.1,-88,0.5,19,2320,1,0.00,0.00,0,0,0.00,0.00,0
2026-05-09 15:33:08,1,1,1,2320.1,-88,0.5,19,2320,1,0.00,0.00,0,0,0.00,0.00,0
2026-05-09 15:33:08,1,1,1,2296.1,-104,0.5,22,2296,1,1.99,-0.92,26413,1,1.99,-0.92,26413
2026-05-09 15:33:08,1,1,1,2230.4,-96,1.1,42,2230,1,1.99,-0.92,26413,1,1.99,-0.92,26413
2026-05-09 15:33:08,1,1,1,2230.4,-96,1.1,42,2230,1,1.83,-0.82,46329,1,1.83,-0.82,46329
2026-05-09 15:33:08,1,1,1,2163.7,-72,1.4,54,2163,1,1.83,-0.82,46329,1,1.83,-0.82,46329
2026-05-09 15:33:08,1,1,1,2163.7,-72,1.4,54,2163,1,1.74,-0.82,46329,1,1.74,-0.82,46329
2026-05-09 15:33:08,1,1,1,2096.8,-72,1.6,59,2096,1,1.74,-0.82,46329,1,1.74,-0.82,46329
2026-05-09 15:33:08,1,1,1,2096.8,-72,1.6,59,2096,1,1.61,-0.79,62554,1,1.61,-0.79,62554
2026-05-09 15:33:08,1,1,1,1967.7,-72,1.6,54,1967,1,1.61,-0.79,62554,1,1.61,-0.79,62554
2026-05-09 15:33:08,1,1,1,1967.7,-72,1.6,54,1967,1,1.53,-0.77,41601,1,1.53,-0.77,41601
2026-05-09 15:33:08,1,1,1,1851.7,-79,1.6,51,1851,1,1.53,-0.77,41601,1,1.53,-0.77,41601
2026-05-09 15:33:08,1,1,1,1742.1,-72,2.1,63,1741,1,1.45,-0.77,41601,1,1.45,-0.77,41601
2026-05-09 15:33:08,1,1,1,1742.1,-72,2.1,63,1741,1,1.45,-0.77,41601,1,1.45,-0.77,41601
2026-05-09 15:33:08,1,1,1,1634.0,-104,2.0,58,1633,1,1.45,-0.77,41601,1,1.45,-0.77,41601
2026-05-09 15:33:08,1,1,1,1634.0,-104,2.0,58,1633,1,1.45,-0.77,41601,1,1.45,-0.77,41601
2026-05-09 15:33:08,1,1,1,1534.4,-88,1.3,36,1534,1,1.45,-0.77,41601,1,1.45,-0.77,41601
2026-05-09 15:33:08,1,1,1,1534.4,-88,1.3,36,1534,1,1.45,-0.77,41601,1,1.45,-0.77,41601
2026-05-09 15:33:08,1,1,1,1445.2,-64,0.9,23,1445,1,1.45,-0.77,41601,1,1.45,-0.77,41601
2026-05-09 15:33:08,1,1,1,1361.2,-64,1.1,26,1361,1,1.45,-0.77,41601,1,1.45,-0.77,41601
2026-05-09 15:33:09,1,1,1,1361.2,-64,1.1,26,1361,1,1.09,-0.66,1381,1,1.09,-0.66,1381
2026-05-09 15:33:09,1,1,1,1282.2,-64,1.0,22,1282,1,1.09,-0.66,1381,1,1.09,-0.66,1381
2026-05-09 15:33:09,1,1,1,1282.2,-64,1.0,22,1282,1,1.14,-0.56,39205,1,1.14,-0.56,39205
2026-05-09 15:33:09,1,1,1,1215.0,-64,0.3,6,1215,1,1.14,-0.56,39205,1,1.14,-0.56,39205
2026-05-09 15:33:09,1,1,1,1215.0,-64,0.3,6,1215,1,1.08,-0.56,39205,1,1.08,-0.56,39205
2026-05-09 15:33:09,1,1,1,1152.0,-64,-0.0,-1,1152,1,1.08,-0.56,39205,1,1.08,-0.56,39205
2026-05-09 15:33:09,1,1,1,1152.0,-64,-0.0,-1,1152,1,1.08,-0.56,39205,1,1.08,-0.56,39205
2026-05-09 15:33:09,1,1,1,1088.0,-64,-0.3,-5,1088,1,1.08,-0.56,39205,1,1.08,-0.56,39205
2026-05-09 15:33:09,1,1,1,1026.1,-56,-0.7,-13,1026,1,1.08,-0.56,39205,1,1.08,-0.56,39205
2026-05-09 15:33:09,1,1,1,1026.1,-56,-0.7,-13,1026,1,1.08,-0.56,39205,1,1.08,-0.56,39205
2026-05-09 15:33:09,1,1,1,960.0,-48,-0.2,-4,960,1,1.08,-0.56,39205,1,1.08,-0.56,39205
2026-05-09 15:33:09,1,1,1,960.0,-48,-0.2,-4,960,1,1.08,-0.56,39205,1,1.08,-0.56,39205
2026-05-09 15:33:09,1,1,1,897.0,-32,0.4,7,897,1,1.08,-0.56,39205,1,1.08,-0.56,39205
2026-05-09 15:33:09,1,1,1,897.0,-32,0.4,7,897,1,1.08,-0.56,39205,1,1.08,-0.56,39205
2026-05-09 15:33:09,1,1,1,843.2,-16,1.2,17,843,1,1.08,-0.56,39205,1,1.08,-0.56,39205
2026-05-09 15:33:09,1,1,1,797.8,-16,2.6,36,797,1,1.08,-0.56,39205,1,1.08,-0.56,39205
2026-05-09 15:33:09,1,1,1,797.8,-16,2.6,36,797,1,1.08,-0.56,39205,1,1.08,-0.56,39205
2026-05-09 15:33:09,1,1,1,744.9,-64,5.9,76,741,1,0.00,0.00,0,0,0.00,0.00,0
2026-05-09 15:33:09,1,1,1,744.9,-64,5.9,76,741,1,0.00,0.00,0,0,0.00,0.00,0
2026-05-09 15:33:09,1,1,1,702.2,0,8.8,107,694,1,0.00,0.00,0,0,0.00,0.00,0
2026-05-09 15:33:10,1,1,1,702.2,0,8.8,107,694,1,0.00,0.00,0,0,0.00,0.00,0
2026-05-09 15:33:10,1,1,1,679.2,16,10.9,128,667,1,0.00,0.00,0,0,0.00,0.00,0
2026-05-09 15:33:10,1,1,1,679.2,16,10.9,128,667,0,0.00,0.00,0,0,0.00,0.00,0
2026-05-09 15:33:10,1,1,1,662.5,24,12.8,147,646,0,0.00,0.00,0,0,0.00,0.00,0
2026-05-09 15:33:10,1,1,1,665.4,39,13.1,151,648,0,0.00,0.00,0,0,0.00,0.00,0
2026-05-09 15:33:10,1,1,1,665.4,39,13.1,151,648,0,0.00,0.00,0,0,0.00,0.00,0
2026-05-09 15:33:10,1,1,1,665.4,64,13.1,151,648,0,0.00,0.00,0,1,0.61,0.71,6560
2026-05-09 15:33:10,1,1,1,665.4,64,13.1,151,648,0,0.00,0.00,0,1,0.61,0.71,6560
2026-05-09 15:33:10,1,1,1,669.0,56,13.0,150,652,1,0.68,0.71,6560,1,0.68,0.71,6560
2026-05-09 15:33:10,1,1,1,669.0,56,13.0,150,652,1,0.68,0.71,6560,1,0.68,0.71,6560
2026-05-09 15:33:10,1,1,1,671.0,48,12.9,150,654,1,0.74,0.59,16442,1,0.74,0.59,16442
2026-05-09 15:33:10,1,1,1,675.4,39,12.7,148,659,1,0.74,0.59,16442,1,0.74,0.59,16442
2026-05-09 15:33:10,1,1,1,675.4,39,12.7,148,659,1,0.80,0.59,16442,1,0.80,0.59,16442
2026-05-09 15:33:10,1,1,1,679.4,39,12.2,144,664,1,0.80,0.59,16442,1,0.80,0.59,16442
2026-05-09 15:33:10,1,1,1,679.4,39,12.2,144,664,1,0.89,0.49,60265,1,0.89,0.49,60265
2026-05-09 15:33:10,1,1,1,685.0,32,11.6,138,671,1,0.89,0.49,60265,1,0.89,0.49,60265
2026-05-09 15:33:10,1,1,1,685.0,32,11.6,138,671,1,0.93,0.49,60265,1,0.93,0.49,60265
2026-05-09 15:33:10,1,1,1,691.7,39,11.0,132,679,1,0.93,0.49,60265,1,0.93,0.49,60265
2026-05-09 15:33:10,1,1,1,691.7,39,11.0,132,679,1,0.93,0.49,60265,1,0.93,0.49,60265
2026-05-09 15:33:10,1,1,1,698.6,32,10.5,127,687,1,0.93,0.49,60265,1,0.93,0.49,60265
2026-05-09 15:33:11,1,1,1,704.5,39,9.9,121,694,1,0.93,0.49,60265,1,0.93,0.49,60265
2026-05-09 15:33:11,1,1,1,704.5,39,9.9,121,694,1,0.93,0.49,60265,1,0.93,0.49,60265
2026-05-09 15:33:11,1,1,1,711.9,72,9.1,112,703,1,0.93,0.49,60265,1,0.93,0.49,60265
2026-05-09 15:33:11,1,1,1,711.9,72,9.1,112,703,1,0.93,0.49,60265,1,0.93,0.49,60265
2026-05-09 15:33:11,1,1,1,723.2,48,8.1,102,716,1,0.93,0.49,60265,1,0.93,0.49,60265
2026-05-09 15:33:11,1,1,1,723.2,48,8.1,102,716,1,0.93,0.49,60265,1,0.93,0.49,60265
2026-05-09 15:33:11,1,1,1,737.6,48,7.1,91,732,1,0.93,0.49,60265,1,0.93,0.49,60265
2026-05-09 15:33:11,1,1,1,753.9,79,5.9,77,750,1,0.93,0.49,60265,1,0.93,0.49,60265
2026-05-09 15:33:11,1,1,1,753.9,79,5.9,77,750,1,0.93,0.49,60265,1,0.93,0.49,60265
2026-05-09 15:33:11,1,1,1,806.2,56,3.1,44,805,1,0.00,0.00,0,0,0.00,0.00,0
2026-05-09 15:33:11,1,1,1,806.2,56,3.1,44,805,1,0.00,0.00,0,0,0.00,0.00,0
2026-05-09 15:33:11,1,1,1,863.2,64,1.3,19,863,1,0.00,0.00,0,0,0.00,0.00,0
2026-05-09 15:33:11,1,1,1,863.2,64,1.3,19,863,1,0.00,0.00,0,0,0.00,0.00,0
2026-05-09 15:33:11,1,1,1,920.0,104,-0.2,-3,920,1,0.00,0.00,0,0,0.00,0.00,0
2026-05-09 15:33:11,1,1,1,920.0,104,-0.2,-3,920,0,0.00,0.00,0,0,0.00,0.00,0
2026-05-09 15:33:11,1,1,1,1029.9,88,-2.3,-42,1029,0,0.00,0.00,0,0,0.00,0.00,0
2026-05-09 15:33:11,1,1,1,1133.8,64,-3.2,-63,1132,0,0.00,0.00,0,0,0.00,0.00,0
2026-05-09 15:33:11,1,1,1,1133.8,64,-3.2,-63,1132,0,0.00,0.00,0,0,0.00,0.00,0
2026-05-09 15:33:11,1,1,1,1229.0,64,-3.3,-70,1227,0,0.00,0.00,0,0,0.00,0.00,0
2026-05-09 15:33:11,1,1,1,1229.0,64,-3.3,-70,1227,0,0.00,0.00,0,0,0.00,0.00,0
2026-05-09 15:33:12,1,1,1,1318.1,64,-3.2,-74,1316,0,0.00,0.00,0,0,0.00,0.00,0
2026-05-09 15:33:12,1,1,1,1318.1,64,-3.2,-74,1316,0,0.00,0.00,0,0,0.00,0.00,0
2026-05-09 15:33:12,1,1,1,1401.5,64,-2.6,-64,1400,0,0.00,0.00,0,1,3.19,0.05,2522
2026-05-09 15:33:12,1,1,1,1401.5,64,-2.6,-64,1400,0,0.00,0.00,0,1,3.19,0.05,2522
2026-05-09 15:33:12,1,1,1,1478.0,72,-2.1,-54,1477,0,0.00,0.00,0,1,3.19,0.05,2522
2026-05-09 15:33:12,1,1,1,1550.3,79,-1.1,-29,1550,0,0.00,0.00,0,1,3.19,0.05,2522
2026-05-09 15:33:12,1,1,1,1550.3,79,-1.1,-29,1550,0,0.00,0.00,0,1,3.19,0.05,2522
2026-05-09 15:33:12,1,1,1,1624.0,96,-0.0,-1,1624,0,0.00,0.00,0,1,3.19,0.05,2522
2026-05-09 15:33:12,1,1,1,1624.0,96,-0.0,-1,1624,0,0.00,0.00,0,1,3.19,0.05,2522
2026-05-09 15:33:12,1,1,1,1697.0,79,0.1,2,1697,0,0.00,0.00,0,1,3.19,0.05,2522
2026-05-09 15:33:12,1,1,1,1697.0,79,0.1,2,1697,0,0.00,0.00,0,1,2.24,0.72,15877
2026-05-09 15:33:12,1,1,1,1772.1,72,0.6,20,1772,0,0.00,0.00,0,1,2.24,0.72,15877
2026-05-09 15:33:12,1,1,1,1844.1,48,0.5,16,1844,1,2.31,0.72,15877,1,2.31,0.72,15877
2026-05-09 15:33:12,1,1,1,1844.1,48,0.5,16,1844,1,2.31,0.72,15877,1,2.31,0.72,15877
2026-05-09 15:33:12,1,1,1,1911.0,39,-0.1,-5,1911,1,2.31,0.72,15877,1,2.31,0.72,15877
2026-05-09 15:33:12,1,1,1,1911.0,39,-0.1,-5,1911,1,2.31,0.72,15877,1,2.31,0.72,15877
2026-05-09 15:33:12,1,1,1,1975.0,72,-0.3,-9,1975,1,2.31,0.72,15877,1,2.31,0.72,15877
2026-05-09 15:33:12,1,1,1,1975.0,72,-0.3,-9,1975,1,2.31,0.72,15877,1,2.31,0.72,15877
2026-05-09 15:33:12,1,1,1,2039.2,64,-0.9,-31,2039,1,2.31,0.72,15877,1,2.31,0.72,15877
2026-05-09 15:33:12,1,1,1,2039.2,64,-0.9,-31,2039,1,2.31,0.72,15877,1,2.31,0.72,15877
2026-05-09 15:33:13,1,1,1,2117.9,0,-1.6,-60,2117,1,2.31,0.72,15877,1,2.31,0.72,15877
2026-05-09 15:33:13,1,1,1,2271.8,0,-2.3,-91,2270,1,2.31,0.72,15877,1,2.31,0.72,15877
2026-05-09 15:33:13,1,1,1,2271.8,0,-2.3,-91,2270,1,2.31,0.72,15877,1,2.31,0.72,15877
2026-05-09 15:33:13,1,1,1,2409.9,24,-2.8,-118,2407,1,2.31,0.72,15877,1,2.31,0.72,15877
2026-05-09 15:33:13,1,1,1,2409.9,24,-2.8,-118,2407,1,2.31,0.72,15877,1,2.31,0.72,15877
2026-05-09 15:33:13,1,1,1,2537.7,0,-3.8,-170,2532,1,0.00,0.00,0,0,0.00,0.00,0
2026-05-09 15:33:13,1,1,1,2537.7,0,-3.8,-170,2532,1,0.00,0.00,0,0,0.00,0.00,0
2026-05-09 15:33:13,1,1,1,2662.4,0,-4.8,-223,2653,1,0.00,0.00,0,0,0.00,0.00,0
2026-05-09 15:33:13,1,1,1,2770.6,-8,-5.7,-274,2757,1,0.00,0.00,0,0,0.00,0.00,0
2026-05-09 15:33:13,1,1,1,2770.6,-8,-5.7,-274,2757,1,0.00,0.00,0,0,0.00,0.00,0
2026-05-09 15:33:13,1,1,1,2744.8,-24,-5.3,-254,2733,1,2.49,-0.17,6362,1,2.49,-0.17,6362
2026-05-09 15:33:13,1,1,1,2744.8,-24,-5.3,-254,2733,1,2.49,-0.17,6362,1,2.49,-0.17,6362
2026-05-09 15:33:13,1,1,1,2686.7,-39,-4.6,-216,2678,1,2.48,-0.17,6362,1,2.48,-0.17,6362
2026-05-09 15:33:13,1,1,1,2686.7,-39,-4.6,-216,2678,1,2.48,-0.17,6362,1,2.48,-0.17,6362
2026-05-09 15:33:13,1,1,1,2673.8,-39,-4.4,-204,2666,1,2.48,-0.17,6362,1,2.48,-0.17,6362
2026-05-09 15:33:13,1,1,1,2673.8,-39,-4.4,-204,2666,1,2.48,-0.17,6362,1,2.48,-0.17,6362
2026-05-09 15:33:13,1,1,1,2657.8,-56,-4.1,-190,2651,1,2.48,-0.17,6362,1,2.48,-0.17,6362
2026-05-09 15:33:13,1,1,1,2615.1,-48,-3.6,-163,2610,1,2.48,-0.17,6362,1,2.48,-0.17,6362
2026-05-09 15:33:13,1,1,1,2615.1,-48,-3.6,-163,2610,1,2.48,-0.17,6362,1,2.48,-0.17,6362
2026-05-09 15:33:13,1,1,1,2571.8,-48,-3.1,-139,2568,1,2.48,-0.17,6362,1,2.48,-0.17,6362
2026-05-09 15:33:14,1,1,1,2571.8,-48,-3.1,-139,2568,1,2.25,-0.47,43732,1,2.25,-0.47,43732
2026-05-09 15:33:14,1,1,1,2531.6,-39,-2.6,-115,2529,1,2.25,-0.47,43732,1,2.25,-0.47,43732
2026-05-09 15:33:14,1,1,1,2531.6,-39,-2.6,-115,2529,1,2.21,-0.47,43732,1,2.21,-0.47,43732
2026-05-09 15:33:14,1,1,1,2492.0,-48,-2.3,-100,2490,1,2.21,-0.47,43732,1,2.21,-0.47,43732
2026-05-09 15:33:14,1,1,1,2455.2,-48,-1.8,-78,2454,1,2.21,-0.47,43732,1,2.21,-0.47,43732
2026-05-09 15:33:14,1,1,1,2455.2,-48,-1.8,-78,2454,1,2.21,-0.47,43732,1,2.21,-0.47,43732
2026-05-09 15:33:14,1,1,1,2422.0,-72,-1.6,-68,2421,1,2.21,-0.47,43732,1,2.21,-0.47,43732
2026-05-09 15:33:14,1,1,1,2422.0,-72,-1.6,-68,2421,1,2.21,-0.47,43732,1,2.21,-0.47,43732
2026-05-09 15:33:14,1,1,1,2384.0,-88,-1.6,-68,2383,1,2.21,-0.47,43732,1,2.21,-0.47,43732
2026-05-09 15:33:14,1,1,1,2384.0,-88,-1.6,-68,2383,1,2.21,-0.47,43732,1,2.21,-0.47,43732
2026-05-09 15:33:14,1,1,1,2341.0,-64,-1.7,-69,2340,1,2.21,-0.47,43732,1,2.21,-0.47,43732
2026-05-09 15:33:14,1,1,1,2341.0,-64,-1.7,-69,2340,1,2.21,-0.47,43732,1,2.21,-0.47,43732
2026-05-09 15:33:14,1,1,1,2294.2,-56,-1.8,-73,2293,1,2.21,-0.47,43732,1,2.21,-0.47,43732
2026-05-09 15:33:14,1,1,1,2205.1,-56,-1.8,-71,2204,1,2.21,-0.47,43732,1,2.21,-0.47,43732
2026-05-09 15:33:14,1,1,1,2205.1,-56,-1.8,-71,2204,1,2.21,-0.47,43732,1,2.21,-0.47,43732
2026-05-09 15:33:14,1,1,1,2121.2,-64,-1.9,-72,2120,1,0.00,0.00,0,0,0.00,0.00,0
2026-05-09 15:33:14,1,1,1,2121.2,-64,-1.9,-72,2120,1,0.00,0.00,0,0,0.00,0.00,0
2026-05-09 15:33:14,1,1,1,2041.7,-72,-2.3,-83,2040,1,0.00,0.00,0,0,0.00,0.00,0
2026-05-09 15:33:14,1,1,1,2041.7,-72,-2.3,-83,2040,1,0.00,0.00,0,0,0.00,0.00,0
2026-05-09 15:33:14,1,1,1,1950.3,-79,-3.4,-114,1947,1,0.00,0.00,0,0,0.00,0.00,0
2026-05-09 15:33:15,1,1,1,1870.9,-72,-4.5,-148,1865,0,0.00,0.00,0,0,0.00,0.00,0
2026-05-09 15:33:15,1,1,1,1870.9,-72,-4.5,-148,1865,0,0.00,0.00,0,0,0.00,0.00,0
2026-05-09 15:33:15,1,1,1,1793.8,-88,-5.0,-156,1787,0,0.00,0.00,0,0,0.00,0.00,0
2026-05-09 15:33:15,1,1,1,1793.8,-88,-5.0,-156,1787,0,0.00,0.00,0,0,0.00,0.00,0
2026-05-09 15:33:15,1,1,1,1721.5,-72,-5.0,-149,1715,0,0.00,0.00,0,0,0.00,0.00,0
2026-05-09 15:33:15,1,1,1,1721.5,-72,-5.0,-149,1715,0,0.00,0.00,0,0,0.00,0.00,0
2026-05-09 15:33:15,1,1,1,1651.8,-64,-4.4,-126,1647,0,0.00,0.00,0,0,0.00,0.00,0
2026-05-09 15:33:15,1,1,1,1651.8,-64,-4.4,-126,1647,0,0.00,0.00,0,0,0.00,0.00,0
2026-05-09 15:33:15,1,1,1,1582.8,-104,-2.7,-75,1581,0,0.00,0.00,0,0,0.00,0.00,0
2026-05-09 15:33:15,1,1,1,1523.5,-64,-1.5,-40,1523,0,0.00,0.00,0,0,0.00,0.00,0
2026-05-09 15:33:15,1,1,1,1523.5,-64,-1.5,-40,1523,0,0.00,0.00,0,0,0.00,0.00,0
2026-05-09 15:33:15,1,1,1,1461.4,-72,-1.4,-35,1461,0,0.00,0.00,0,0,0.00,0.00,0
2026-05-09 15:33:15,1,1,1,1461.4,-72,-1.4,-35,1461,0,0.00,0.00,0,0,0.00,0.00,0
2026-05-09 15:33:15,1,1,1,1398.3,-79,-1.2,-29,1398,0,0.00,0.00,0,0,0.00,0.00,0
2026-05-09 15:33:15,1,1,1,1398.3,-79,-1.2,-29,1398,0,0.00,0.00,0,0,0.00,0.00,0
2026-05-09 15:33:15,1,1,1,1334.3,-88,-1.2,-28,1334,0,0.00,0.00,0,0,0.00,0.00,0
2026-05-09 15:33:15,1,1,1,1280.0,-56,-0.3,-6,1280,0,0.00,0.00,0,0,0.00,0.00,0
2026-05-09 15:33:15,1,1,1,1280.0,-56,-0.3,-6,1280,0,0.00,0.00,0,0,0.00,0.00,0
2026-05-09 15:33:15,1,1,1,1216.0,-56,0.1,3,1216,0,0.00,0.00,0,0,0.00,0.00,0
2026-05-09 15:33:15,1,1,1,1216.0,-56,0.1,3,1216,0,0.00,0.00,0,0,0.00,0.00,0
2026-05-09 15:33:16,1,1,1,1154.0,-56,0.2,5,1154,0,0.00,0.00,0,0,0.00,0.00,0
2026-05-09 15:33:16,1,1,1,1154.0,-56,0.2,5,1154,0,0.00,0.00,0,0,0.00,0.00,0
2026-05-09 15:33:16,1,1,1,1100.3,-48,1.3,25,1100,0,0.00,0.00,0,1,0.99,-0.48,41237
2026-05-09 15:33:16,1,1,1,1100.3,-48,1.3,25,1100,0,0.00,0.00,0,1,0.99,-0.48,41237
2026-05-09 15:33:16,1,1,1,1045.5,-64,1.7,31,1045,1,0.94,-0.48,41237,1,0.94,-0.48,41237
2026-05-09 15:33:16,1,1,1,986.2,-56,1.3,22,986,1,0.94,-0.48,41237,1,0.94,-0.48,41237
2026-05-09 15:33:16,1,1,1,986.2,-56,1.3,22,986,1,0.82,-0.49,12257,1,0.82,-0.49,12257
2026-05-09 15:33:16,1,1,1,931.0,-48,-0.4,-7,931,1,0.82,-0.49,12257,1,0.82,-0.49,12257
2026-05-09 15:33:16,1,1,1,931.0,-48,-0.4,-7,931,1,0.77,-0.49,12257,1,0.77,-0.49,12257
2026-05-09 15:33:16,1,1,1,873.3,-64,-1.4,-22,873,1,0.77,-0.49,12257,1,0.77,-0.49,12257
2026-05-09 15:33:16,1,1,1,873.3,-64,-1.4,-22,873,1,0.72,-0.54,55229,1,0.72,-0.54,55229
2026-05-09 15:33:16,1,1,1,814.4,-48,-1.7,-24,814,1,0.72,-0.54,55229,1,0.72,-0.54,55229
2026-05-09 15:33:16,1,1,1,814.4,-48,-1.7,-24,814,1,0.64,-0.53,20394,1,0.64,-0.53,20394
2026-05-09 15:33:16,1,1,1,760.2,-39,-1.2,-16,760,1,0.64,-0.53,20394,1,0.64,-0.53,20394
2026-05-09 15:33:16,1,1,1,706.0,-32,0.2,3,706,1,0.59,-0.53,20394,1,0.59,-0.53,20394
2026-05-09 15:33:16,1,1,1,706.0,-32,0.2,3,706,1,0.59,-0.53,20394,1,0.59,-0.53,20394
2026-05-09 15:33:16,1,1,1,657.5,-16,2.2,25,657,1,0.59,-0.53,20394,1,0.59,-0.53,20394
2026-05-09 15:33:16,1,1,1,657.5,-16,2.2,25,657,1,0.59,-0.53,20394,1,0.59,-0.53,20394
2026-05-09 15:33:16,1,1,1,602.1,-48,5.8,61,599,1,0.59,-0.53,20394,1,0.59,-0.53,20394
2026-05-09 15:33:16,1,1,1,602.1,-48,5.8,61,599,1,0.59,-0.53,20394,1,0.59,-0.53,20394
2026-05-09 15:33:17,1,1,1,565.0,8,8.3,82,559,1,0.59,-0.53,20394,1,0.59,-0.53,20394
2026-05-09 15:33:17,1,1,1,540.4,24,9.5,89,533,1,0.59,-0.53,20394,1,0.59,-0.53,20394
2026-05-09 15:33:17,1,1,1,540.4,24,9.5,89,533,1,0.59,-0.53,20394,1,0.59,-0.53,20394
2026-05-09 15:33:17,1,1,1,511.5,16,11.0,98,502,1,0.59,-0.53,20394,1,0.59,-0.53,20394
2026-05-09 15:33:17,1,1,1,511.5,16,11.0,98,502,1,0.50,0.47,17232,1,0.50,0.47,17232
2026-05-09 15:33:17,1,1,1,499.9,39,10.8,94,491,1,0.50,0.47,17232,1,0.50,0.47,17232
2026-05-09 15:33:17,1,1,1,499.9,39,10.8,94,491,1,0.55,0.47,17232,1,0.55,0.47,17232
2026-05-09 15:33:17,1,1,1,507.8,39,9.4,83,501,1,0.55,0.47,17232,1,0.55,0.47,17232
2026-05-09 15:33:17,1,1,1,507.8,39,9.4,83,501,1,0.55,0.47,17232,1,0.55,0.47,17232
2026-05-09 15:33:17,1,1,1,520.6,39,8.4,76,515,1,0.55,0.47,17232,1,0.55,0.47,17232
2026-05-09 15:33:17,1,1,1,525.1,39,8.0,73,520,1,0.55,0.47,17232,1,0.55,0.47,17232
2026-05-09 15:33:17,1,1,1,525.1,39,8.0,73,520,1,0.55,0.47,17232,1,0.55,0.47,17232
2026-05-09 15:33:17,1,1,1,528.9,39,7.8,72,524,1,0.55,0.47,15642,1,0.55,0.47,15642
2026-05-09 15:33:17,1,1,1,528.9,39,7.8,72,524,1,0.55,0.47,15642,1,0.55,0.47,15642
2026-05-09 15:33:17,1,1,1,532.5,39,7.4,69,528,1,0.67,0.48,37032,1,0.67,0.48,37032
2026-05-09 15:33:17,1,1,1,532.5,39,7.4,69,528,1,0.67,0.48,37032,1,0.67,0.48,37032
2026-05-09 15:33:17,1,1,1,537.1,39,7.1,66,533,1,0.73,0.50,14653,1,0.73,0.50,14653
2026-05-09 15:33:17,1,1,1,542.4,64,6.5,61,539,1,0.73,0.50,14653,1,0.73,0.50,14653
2026-05-09 15:33:17,1,1,1,542.4,64,6.5,61,539,1,0.84,0.57,42242,1,0.84,0.57,42242
2026-05-09 15:33:17,1,1,1,548.6,88,5.5,53,546,1,0.84,0.57,42242,1,0.84,0.57,42242
2026-05-09 15:33:18,1,1,1,548.6,88,5.5,53,546,1,0.93,0.61,26978,1,0.93,0.61,26978
2026-05-09 15:33:18,1,1,1,559.7,56,4.5,44,558,1,0.93,0.61,26978,1,0.93,0.61,26978
2026-05-09 15:33:18,1,1,1,559.7,56,4.5,44,558,1,0.99,0.61,26978,1,0.99,0.61,26978
2026-05-09 15:33:18,1,1,1,595.1,104,0.9,9,595,1,0.99,0.61,26978,1,0.99,0.61,26978
2026-05-09 15:33:18,1,1,1,595.1,104,0.9,9,595,1,0.99,0.61,26978,1,0.99,0.61,26978
2026-05-09 15:33:18,1,1,1,633.8,96,-2.9,-32,633,1,0.99,0.61,26978,1,0.99,0.61,26978
2026-05-09 15:33:18,1,1,1,718.8,64,-7.3,-91,713,1,0.99,0.61,26978,1,0.99,0.61,26978
2026-05-09 15:33:18,1,1,1,718.8,64,-7.3,-91,713,1,0.99,0.61,26978,1,0.99,0.61,26978
2026-05-09 15:33:18,1,1,1,799.2,72,-8.7,-121,790,1,0.99,0.61,26978,1,0.99,0.61,26978
2026-05-09 15:33:18,1,1,1,799.2,72,-8.7,-121,790,1,0.99,0.61,26978,1,0.99,0.61,26978
2026-05-09 15:33:18,1,1,1,879.8,79,-8.6,-131,870,1,0.99,0.61,26978,1,0.99,0.61,26978
2026-05-09 15:33:18,1,1,1,879.8,79,-8.6,-131,870,1,0.99,0.61,26978,1,0.99,0.61,26978
2026-05-09 15:33:18,1,1,1,963.1,88,-7.9,-132,954,1,1.49,0.72,33769,1,1.49,0.72,33769
2026-05-09 15:33:18,1,1,1,1047.7,72,-7.4,-135,1039,1,1.49,0.72,33769,1,1.49,0.72,33769
2026-05-09 15:33:18,1,1,1,1047.7,72,-7.4,-135,1039,1,1.56,0.72,33769,1,1.56,0.72,33769
2026-05-09 15:33:18,1,1,1,1124.9,64,-7.2,-141,1116,1,1.56,0.72,33769,1,1.56,0.72,33769
2026-05-09 15:33:18,1,1,1,1124.9,64,-7.2,-141,1116,1,1.58,0.65,12744,1,1.58,0.65,12744
2026-05-09 15:33:18,1,1,1,1200.8,56,-6.6,-137,1193,1,1.58,0.65,12744,1,1.58,0.65,12744
2026-05-09 15:33:18,1,1,1,1200.8,56,-6.6,-137,1193,1,1.65,0.65,12744,1,1.65,0.65,12744
2026-05-09 15:33:18,1,1,1,1268.9,64,-6.0,-132,1262,1,1.65,0.65,12744,1,1.65,0.65,12744
2026-05-09 15:33:19,1,1,1,1268.9,64,-6.0,-132,1262,1,1.73,0.67,1012,1,1.73,0.67,1012
2026-05-09 15:33:19,1,1,1,1330.1,72,-5.0,-116,1325,1,1.73,0.67,1012,1,1.73,0.67,1012
2026-05-09 15:33:19,1,1,1,1392.1,88,-4.4,-107,1388,1,1.79,0.67,1012,1,1.79,0.67,1012
2026-05-09 15:33:19,1,1,1,1392.1,88,-4.4,-107,1388,1,1.79,0.67,1012,1,1.79,0.67,1012
2026-05-09 15:33:19,1,1,1,1463.4,112,-4.5,-114,1459,1,1.79,0.67,1012,1,1.79,0.67,1012
2026-05-09 15:33:19,1,1,1,1463.4,112,-4.5,-114,1459,0,0.00,0.00,0,1,1.79,0.67,1012
2026-05-09 15:33:19,1,1,1,1540.9,128,-4.6,-123,1536,0,0.00,0.00,0,1,1.79,0.67,1012
2026-05-09 15:33:19,1,1,1,1540.9,128,-4.6,-123,1536,0,0.00,0.00,0,1,1.79,0.67,1012
2026-05-09 15:33:19,1,1,1,1612.9,72,-4.0,-112,1609,0,0.00,0.00,0,1,1.79,0.67,1012
2026-05-09 15:33:19,1,1,1,1682.0,88,-2.8,-83,1680,0,0.00,0.00,0,1,1.79,0.67,1012
2026-05-09 15:33:19,1,1,1,1682.0,88,-2.8,-83,1680,0,0.00,0.00,0,1,1.79,0.67,1012
2026-05-09 15:33:19,1,1,1,1753.3,72,-2.2,-68,1752,0,0.00,0.00,0,1,1.79,0.67,1012
2026-05-09 15:33:19,1,1,1,1753.3,72,-2.2,-68,1752,0,0.00,0.00,0,1,1.79,0.67,1012
2026-05-09 15:33:19,1,1,1,1823.6,56,-2.4,-76,1822,0,0.00,0.00,0,1,1.79,0.67,1012
2026-05-09 15:33:19,1,1,1,1823.6,56,-2.4,-76,1822,0,0.00,0.00,0,1,1.79,0.67,1012
2026-05-09 15:33:19,1,1,1,1890.3,56,-2.8,-93,1888,0,0.00,0.00,0,0,0.00,0.00,0
2026-05-09 15:33:19,1,1,1,1890.3,56,-2.8,-93,1888,0,0.00,0.00,0,0,0.00,0.00,0
2026-05-09 15:33:19,1,1,1,1953.2,56,-3.3,-112,1950,0,0.00,0.00,0,0,0.00,0.00,0
2026-05-09 15:33:19,1,1,1,2012.6,48,-3.9,-136,2008,0,0.00,0.00,0,0,0.00,0.00,0
2026-05-09 15:33:19,1,1,1,2012.6,48,-3.9,-136,2008,0,0.00,0.00,0,0,0.00,0.00,0
2026-05-09 15:33:20,1,1,1,2070.6,64,-3.8,-138,2066,0,0.00,0.00,0,1,2.45,0.70,12713
2026-05-09 15:33:20,1,1,1,2070.6,64,-3.8,-138,2066,0,0.00,0.00,0,1,2.45,0.70,12713
2026-05-09 15:33:20,1,1,1,2138.7,0,-3.8,-142,2134,1,2.52,0.70,12713,1,2.52,0.70,12713
2026-05-09 15:33:20,1,1,1,2138.7,0,-3.8,-142,2134,1,2.52,0.70,12713,1,2.52,0.70,12713
2026-05-09 15:33:20,1,1,1,2291.9,0,-4.1,-164,2286,1,2.56,0.47,12322,1,2.56,0.47,12322
2026-05-09 15:33:20,1,1,1,2437.1,0,-4.4,-186,2430,1,2.56,0.47,12322,1,2.56,0.47,12322
2026-05-09 15:33:20,1,1,1,2437.1,0,-4.4,-186,2430,1,2.60,0.47,12322,1,2.60,0.47,12322
2026-05-09 15:33:20,1,1,1,2556.2,0,-4.9,-217,2547,1,2.60,0.47,12322,1,2.60,0.47,12322
2026-05-09 15:33:20,1,1,1,2556.2,0,-4.9,-217,2547,1,2.14,0.21,153,1,2.14,0.21,153
2026-05-09 15:33:20,1,1,1,2651.0,-8,-5.2,-241,2640,1,2.14,0.21,153,1,2.14,0.21,153
2026-05-09 15:33:20,1,1,1,2651.0,-8,-5.2,-241,2640,1,2.16,0.21,153,1,2.16,0.21,153
2026-05-09 15:33:20,1,1,1,2629.5,-8,-4.3,-198,2622,1,2.16,0.21,153,1,2.16,0.21,153
2026-05-09 15:33:20,1,1,1,2629.5,-8,-4.3,-198,2622,1,2.23,0.11,48698,1,2.23,0.11,48698
2026-05-09 15:33:20,1,1,1,2580.9,-24,-3.1,-141,2577,1,2.23,0.11,48698,1,2.23,0.11,48698
2026-05-09 15:33:20,1,1,1,2552.6,-48,-2.6,-116,2550,1,2.25,0.11,48698,1,2.25,0.11,48698
2026-05-09 15:33:20,1,1,1,2552.6,-48,-2.6,-116,2550,1,2.25,0.11,48698,1,2.25,0.11,48698
2026-05-09 15:33:20,1,1,1,2493.9,-48,-1.5,-67,2493,1,2.25,0.11,48698,1,2.25,0.11,48698
2026-05-09 15:33:20,1,1,1,2493.9,-48,-1.5,-67,2493,1,2.25,0.11,48698,1,2.25,0.11,48698
2026-05-09 15:33:20,1,1,1,2446.3,-39,-0.9,-38,2446,1,2.25,0.11,48698,1,2.25,0.11,48698
2026-05-09 15:33:20,1,1,1,2446.3,-39,-0.9,-38,2446,1,2.25,0.11,48698,1,2.25,0.11,48698
2026-05-09 15:33:21,1,1,1,2405.1,-56,-0.5,-20,2405,1,2.25,0.11,48698,1,2.25,0.11,48698
2026-05-09 15:33:21,1,1,1,2405.1,-56,-0.5,-20,2405,1,2.25,0.11,48698,1,2.25,0.11,48698
2026-05-09 15:33:21,1,1,1,2375.0,0,-0.3,-12,2375,1,2.25,0.11,48698,1,2.25,0.11,48698
2026-05-09 15:33:21,1,1,1,2470.9,0,-1.5,-66,2470,1,2.25,0.11,48698,1,2.25,0.11,48698
2026-05-09 15:33:21,1,1,1,2470.9,0,-1.5,-66,2470,1,2.26,-0.47,14593,1,2.26,-0.47,14593
2026-05-09 15:33:21,1,1,1,2567.3,-64,-2.9,-131,2564,1,2.26,-0.47,14593,1,2.26,-0.47,14593
2026-05-09 15:33:21,1,1,1,2567.3,-64,-2.9,-131,2564,1,2.21,-0.47,14593,1,2.21,-0.47,14593
2026-05-09 15:33:21,1,1,1,2652.1,0,-4.8,-220,2643,1,2.21,-0.47,14593,1,2.21,-0.47,14593
2026-05-09 15:33:21,1,1,1,2652.1,0,-4.8,-220,2643,1,2.21,-0.47,14593,1,2.21,-0.47,14593
2026-05-09 15:33:21,1,1,1,2744.2,0,-6.2,-298,2728,1,2.21,-0.47,14593,1,2.21,-0.47,14593
2026-05-09 15:33:21,1,1,1,2831.2,-72,-7.7,-377,2806,1,2.21,-0.47,14593,1,2.21,-0.47,14593
2026-05-09 15:33:21,1,1,1,2831.2,-72,-7.7,-377,2806,1,2.21,-0.47,14593,1,2.21,-0.47,14593
2026-05-09 15:33:21,1,1,1,2703.5,-64,-7.6,-356,2680,1,2.21,-0.47,14593,1,2.21,-0.47,14593
2026-05-09 15:33:21,1,1,1,2703.5,-64,-7.6,-356,2680,1,2.21,-0.47,14593,1,2.21,-0.47,14593
2026-05-09 15:33:21,1,1,1,2548.3,-64,-6.5,-288,2532,1,2.21,-0.47,14593,1,2.21,-0.47,14593
2026-05-09 15:33:21,1,1,1,2548.3,-64,-6.5,-288,2532,1,2.21,-0.47,14593,1,2.21,-0.47,14593
2026-05-09 15:33:21,1,1,1,2395.6,-72,-5.4,-225,2385,1,2.21,-0.47,14593,1,2.21,-0.47,14593
2026-05-09 15:33:21,1,1,1,2395.6,-72,-5.4,-225,2385,1,2.21,-0.47,14593,1,2.21,-0.47,14593
2026-05-09 15:33:21,1,1,1,2252.7,-79,-4.4,-173,2246,1,2.21,-0.47,14593,1,2.21,-0.47,14593
2026-05-09 15:33:21,1,1,1,2118.4,-112,-3.2,-120,2115,1,0.00,0.00,0,0,0.00,0.00,0
2026-05-09 15:33:22,1,1,1,2118.4,-112,-3.2,-120,2115,1,0.00,0.00,0,0,0.00,0.00,0
2026-05-09 15:33:22,1,1,1,1994.9,-96,-2.5,-87,1993,1,0.00,0.00,0,0,0.00,0.00,0
2026-05-09 15:33:22,1,1,1,1994.9,-96,-2.5,-87,1993,1,0.00,0.00,0,0,0.00,0.00,0
2026-05-09 15:33:22,1,1,1,1891.6,-104,-1.5,-49,1891,1,0.00,0.00,0,0,0.00,0.00,0
2026-05-09 15:33:22,1,1,1,1891.6,-104,-1.5,-49,1891,0,0.00,0.00,0,0,0.00,0.00,0
2026-05-09 15:33:22,1,1,1,1799.2,-88,-0.9,-28,1799,0,0.00,0.00,0,0,0.00,0.00,0
2026-05-09 15:33:22,1,1,1,1710.1,-72,-0.5,-14,1710,0,0.00,0.00,0,0,0.00,0.00,0
2026-05-09 15:33:22,1,1,1,1710.1,-72,-0.5,-14,1710,0,0.00,0.00,0,0,0.00,0.00,0
2026-05-09 15:33:22,1,1,1,1615.0,-79,-0.2,-7,1615,0,0.00,0.00,0,0,0.00,0.00,0
2026-05-09 15:33:22,1,1,1,1615.0,-79,-0.2,-7,1615,0,0.00,0.00,0,0,0.00,0.00,0
2026-05-09 15:33:22,1,1,1,1520.0,-79,0.2,4,1520,0,0.00,0.00,0,0,0.00,0.00,0
2026-05-09 15:33:22,1,1,1,1520.0,-79,0.2,4,1520,0,0.00,0.00,0,0,0.00,0.00,0
2026-05-09 15:33:22,1,1,1,1438.2,-79,1.0,26,1438,0,0.00,0.00,0,1,1.24,-0.90,12146
2026-05-09 15:33:22,1,1,1,1438.2,-79,1.0,26,1438,0,0.00,0.00,0,1,1.24,-0.90,12146
2026-05-09 15:33:22,1,1,1,1357.4,-96,1.3,31,1357,1,1.11,-0.81,51117,1,1.11,-0.81,51117
2026-05-09 15:33:22,1,1,1,1286.0,-119,0.1,3,1286,1,1.11,-0.81,51117,1,1.11,-0.81,51117
2026-05-09 15:33:22,1,1,1,1286.0,-119,0.1,3,1286,1,1.03,-0.81,51117,1,1.03,-0.81,51117
2026-05-09 15:33:22,1,1,1,1214.0,-64,-0.5,-11,1214,1,1.03,-0.81,51117,1,1.03,-0.81,51117
2026-05-09 15:33:22,1,1,1,1214.0,-64,-0.5,-11,1214,1,1.03,-0.81,51117,1,1.03,-0.81,51117
2026-05-09 15:33:22,1,1,1,1141.0,-56,-0.2,-4,1141,1,1.03,-0.81,51117,1,1.03,-0.81,51117
2026-05-09 15:33:23,1,1,1,1141.0,-56,-0.2,-4,1141,1,1.03,-0.81,51117,1,1.03,-0.81,51117
2026-05-09 15:33:23,1,1,1,1074.0,-64,0.0,0,1074,1,1.03,-0.81,51117,1,1.03,-0.81,51117
2026-05-09 15:33:23,1,1,1,1006.0,-72,-0.3,-5,1006,1,0.74,-0.68,42157,1,0.74,-0.68,42157
2026-05-09 15:33:23,1,1,1,1006.0,-72,-0.3,-5,1006,1,0.74,-0.68,42157,1,0.74,-0.68,42157
2026-05-09 15:33:23,1,1,1,940.0,-72,0.2,4,940,1,0.67,-0.68,42157,1,0.67,-0.68,42157
2026-05-09 15:33:23,1,1,1,940.0,-72,0.2,4,940,1,0.67,-0.68,42157,1,0.67,-0.68,42157
2026-05-09 15:33:23,1,1,1,874.1,-72,1.0,15,874,1,0.67,-0.68,42157,1,0.67,-0.68,42157
2026-05-09 15:33:23,1,1,1,874.1,-72,1.0,15,874,1,0.67,-0.68,42157,1,0.67,-0.68,42157
2026-05-09 15:33:23,1,1,1,806.6,-64,2.2,31,806,1,0.67,-0.68,42157,1,0.67,-0.68,42157
2026-05-09 15:33:23,1,1,1,806.6,-64,2.2,31,806,1,0.67,-0.68,42157,1,0.67,-0.68,42157
2026-05-09 15:33:23,1,1,1,739.8,-48,4.0,51,738,1,0.52,-0.42,28580,1,0.52,-0.42,28580
2026-05-09 15:33:23,1,1,1,678.7,-32,5.2,61,676,1,0.52,-0.42,28580,1,0.52,-0.42,28580
2026-05-09 15:33:23,1,1,1,678.7,-32,5.2,61,676,1,0.47,-0.42,28580,1,0.47,-0.42,28580
2026-05-09 15:33:23,1,1,1,625.7,-32,6.2,68,622,1,0.47,-0.42,28580,1,0.47,-0.42,28580
2026-05-09 15:33:23,1,1,1,625.7,-32,6.2,68,622,1,0.47,-0.42,28580,1,0.47,-0.42,28580
2026-05-09 15:33:23,1,1,1,579.5,-16,7.1,72,575,1,0.47,-0.42,28580,1,0.47,-0.42,28580
2026-05-09 15:33:23,1,1,1,579.5,-16,7.1,72,575,1,0.47,-0.42,28580,1,0.47,-0.42,28580
2026-05-09 15:33:23,1,1,1,543.2,-8,8.7,82,537,1,0.47,-0.42,28580,1,0.47,-0.42,28580
2026-05-09 15:33:23,1,1,1,515.2,8,9.6,86,508,1,0.49,0.00,4849,1,0.49,0.00,4849
2026-05-09 15:33:23,1,1,1,515.2,8,9.6,86,508,1,0.49,0.00,4849,1,0.49,0.00,4849
2026-05-09 15:33:24,1,1,1,493.5,24,9.3,80,487,1,0.50,0.11,26001,1,0.50,0.11,26001
2026-05-09 15:33:24,1,1,1,493.5,24,9.3,80,487,1,0.50,0.11,26001,1,0.50,0.11,26001
2026-05-09 15:33:24,1,1,1,480.6,39,7.9,66,476,1,0.52,0.11,26001,1,0.52,0.11,26001
2026-05-09 15:33:24,1,1,1,480.6,39,7.9,66,476,1,0.52,0.11,26001,1,0.52,0.11,26001
2026-05-09 15:33:24,1,1,1,478.4,48,6.8,57,475,1,0.52,0.11,26001,1,0.52,0.11,26001
2026-05-09 15:33:24,1,1,1,478.4,48,6.8,57,475,1,0.52,0.11,26001,1,0.52,0.11,26001
2026-05-09 15:33:24,1,1,1,481.3,39,5.6,47,479,1,0.52,0.11,26001,1,0.52,0.11,26001
2026-05-09 15:33:24,1,1,1,488.2,39,4.0,34,487,1,0.52,0.11,26001,1,0.52,0.11,26001
2026-05-09 15:33:24,1,1,1,488.2,39,4.0,34,487,1,0.52,0.11,26001,1,0.52,0.11,26001
2026-05-09 15:33:24,1,1,1,499.5,32,2.6,23,499,1,0.52,0.11,26001,1,0.52,0.11,26001
2026-05-09 15:33:24,1,1,1,499.5,32,2.6,23,499,1,0.55,0.30,1377,1,0.55,0.30,1377
2026-05-09 15:33:24,1,1,1,510.2,32,1.5,13,510,1,0.55,0.30,1377,1,0.55,0.30,1377
2026-05-09 15:33:24,1,1,1,510.2,32,1.5,13,510,1,0.67,0.39,8170,1,0.67,0.39,8170
2026-05-09 15:33:24,1,1,1,525.0,48,0.5,5,525,1,0.67,0.39,8170,1,0.67,0.39,8170
2026-05-09 15:33:24,1,1,1,543.0,64,0.0,0,543,1,0.71,0.39,8170,1,0.71,0.39,8170
2026-05-09 15:33:24,1,1,1,543.0,64,0.0,0,543,1,0.71,0.39,8170,1,0.71,0.39,8170
2026-05-09 15:33:24,1,1,1,565.0,79,-0.3,-3,565,1,0.76,0.51,9348,1,0.76,0.51,9348
2026-05-09 15:33:24,1,1,1,565.0,79,-0.3,-3,565,1,0.76,0.51,9348,1,0.76,0.51,9348
2026-05-09 15:33:24,1,1,1,588.0,64,-0.1,-1,588,1,0.82,0.51,9348,1,0.82,0.51,9348
2026-05-09 15:33:24,1,1,1,588.0,64,-0.1,-1,588,1,0.82,0.51,9348,1,0.82,0.51,9348
2026-05-09 15:33:25,1,1,1,616.0,48,0.1,1,616,1,0.90,0.52,10081,1,0.90,0.52,10081
2026-05-09 15:33:25,1,1,1,616.0,48,0.1,1,616,1,0.90,0.52,10081,1,0.90,0.52,10081
2026-05-09 15:33:25,1,1,1,646.0,48,0.4,5,646,1,0.95,0.52,10081,1,0.95,0.52,10081
2026-05-09 15:33:25,1,1,1,670.3,72,1.8,21,670,1,0.95,0.52,10081,1,0.95,0.52,10081
2026-05-09 15:33:25,1,1,1,670.3,72,1.8,21,670,1,0.95,0.52,10081,1,0.95,0.52,10081
2026-05-09 15:33:25,1,1,1,706.1,64,3.2,39,705,1,0.95,0.52,10081,1,0.95,0.52,10081
2026-05-09 15:33:25,1,1,1,706.1,64,3.2,39,705,1,0.95,0.52,10081,1,0.95,0.52,10081
2026-05-09 15:33:25,1,1,1,772.8,56,5.7,77,769,1,0.95,0.52,10081,1,0.95,0.52,10081
2026-05-09 15:33:25,1,1,1,772.8,56,5.7,77,769,1,1.24,0.95,38228,1,1.24,0.95,38228
2026-05-09 15:33:25,1,1,1,846.3,88,6.4,95,841,1,1.24,0.95,38228,1,1.24,0.95,38228
2026-05-09 15:33:25,1,1,1,846.3,88,6.4,95,841,1,1.33,0.95,38228,1,1.33,0.95,38228
2026-05-09 15:33:25,1,1,1,914.2,72,6.1,97,909,1,1.33,0.95,38228,1,1.33,0.95,38228
2026-05-09 15:33:25,1,1,1,963.2,72,6.0,100,958,1,1.34,0.82,34128,1,1.34,0.82,34128
2026-05-09 15:33:25,1,1,1,963.2,72,6.0,100,958,1,1.34,0.82,34128,1,1.34,0.82,34128
2026-05-09 15:33:25,1,1,1,1025.0,56,5.0,90,1021,1,1.42,0.82,34128,1,1.42,0.82,34128
2026-05-09 15:33:25,1,1,1,1025.0,56,5.0,90,1021,1,1.42,0.82,34128,1,1.42,0.82,34128
2026-05-09 15:33:25,1,1,1,1092.1,72,5.0,95,1088,1,1.42,0.82,34128,1,1.42,0.82,34128
2026-05-09 15:33:25,1,1,1,1092.1,72,5.0,95,1088,1,1.42,0.82,34128,1,1.42,0.82,34128
2026-05-09 15:33:25,1,1,1,1155.4,64,5.6,112,1150,1,1.42,0.82,34128,1,1.42,0.82,34128
2026-05-09 15:33:25,1,1,1,1219.9,64,5.6,120,1214,1,1.42,0.82,34128,1,1.42,0.82,34128
2026-05-09 15:33:26,1,1,1,1219.9,64,5.6,120,1214,1,1.42,0.82,34128,1,1.42,0.82,34128
2026-05-09 15:33:26,1,1,1,1282.2,79,5.1,115,1277,1,1.42,0.82,34128,1,1.42,0.82,34128
2026-05-09 15:33:26,1,1,1,1282.2,79,5.1,115,1277,1,1.42,0.82,34128,1,1.42,0.82,34128
2026-05-09 15:33:26,1,1,1,1350.3,79,4.0,95,1347,1,1.42,0.82,34128,1,1.42,0.82,34128
2026-05-09 15:33:26,1,1,1,1350.3,79,4.0,95,1347,1,1.42,0.82,34128,1,1.42,0.82,34128
2026-05-09 15:33:26,1,1,1,1417.5,72,2.7,66,1416,1,1.42,0.82,34128,1,1.42,0.82,34128
2026-05-09 15:33:26,1,1,1,1417.5,72,2.7,66,1416,1,1.42,0.82,34128,1,1.42,0.82,34128
2026-05-09 15:33:26,1,1,1,1484.9,64,2.0,53,1484,1,0.00,0.00,0,0,0.00,0.00,0
2026-05-09 15:33:26,1,1,1,1548.4,56,1.3,36,1548,1,0.00,0.00,0,0,0.00,0.00,0
2026-05-09 15:33:26,1,1,1,1548.4,56,1.3,36,1548,1,0.00,0.00,0,0,0.00,0.00,0
2026-05-09 15:33:26,1,1,1,1610.3,48,1.1,30,1610,1,0.00,0.00,0,0,0.00,0.00,0
2026-05-09 15:33:26,1,1,1,1610.3,48,1.1,30,1610,1,0.00,0.00,0,0,0.00,0.00,0
2026-05-09 15:33:26,1,1,1,1672.1,64,0.7,19,1672,0,0.00,0.00,0,0,0.00,0.00,0
2026-05-09 15:33:26,1,1,1,1672.1,64,0.7,19,1672,0,0.00,0.00,0,0,0.00,0.00,0
2026-05-09 15:33:26,1,1,1,1741.1,72,0.6,19,1741,0,0.00,0.00,0,0,0.00,0.00,0
2026-05-09 15:33:26,1,1,1,1809.0,88,0.3,9,1809,0,0.00,0.00,0,0,0.00,0.00,0
2026-05-09 15:33:26,1,1,1,1809.0,88,0.3,9,1809,0,0.00,0.00,0,0,0.00,0.00,0
2026-05-09 15:33:26,1,1,1,1873.0,0,-0.1,-4,1873,0,0.00,0.00,0,0,0.00,0.00,0
2026-05-09 15:33:26,1,1,1,1873.0,0,-0.1,-4,1873,0,0.00,0.00,0,0,0.00,0.00,0
2026-05-09 15:33:26,1,1,1,1930.1,56,-0.7,-23,1930,0,0.00,0.00,0,0,0.00,0.00,0
2026-05-09 15:33:27,1,1,1,1930.1,56,-0.7,-23,1930,0,0.00,0.00,0,0,0.00,0.00,0
2026-05-09 15:33:27,1,1,1,1982.5,48,-1.3,-46,1982,0,0.00,0.00,0,0,0.00,0.00,0
2026-05-09 15:33:27,1,1,1,1982.5,48,-1.3,-46,1982,0,0.00,0.00,0,0,0.00,0.00,0
2026-05-09 15:33:27,1,1,1,2034.1,39,-1.9,-68,2033,0,0.00,0.00,0,0,0.00,0.00,0
2026-05-09 15:33:27,1,1,1,2078.7,39,-2.3,-85,2077,0,0.00,0.00,0,0,0.00,0.00,0
2026-05-09 15:33:27,1,1,1,2078.7,39,-2.3,-85,2077,0,0.00,0.00,0,0,0.00,0.00,0
2026-05-09 15:33:27,1,1,1,2121.3,39,-2.7,-99,2119,0,0.00,0.00,0,0,0.00,0.00,0
2026-05-09 15:33:27,1,1,1,2121.3,39,-2.7,-99,2119,0,0.00,0.00,0,0,0.00,0.00,0
2026-05-09 15:33:27,1,1,1,2177.0,64,-3.0,-115,2174,0,0.00,0.00,0,0,0.00,0.00,0
2026-05-09 15:33:27,1,1,1,2177.0,64,-3.0,-115,2174,0,0.00,0.00,0,0,0.00,0.00,0
2026-05-09 15:33:27,1,1,1,2228.6,56,-3.2,-126,2225,0,0.00,0.00,0,0,0.00,0.00,0
2026-05-09 15:33:27,1,1,1,2286.6,8,-3.6,-145,2282,0,0.00,0.00,0,0,0.00,0.00,0
2026-05-09 15:33:27,1,1,1,2286.6,8,-3.6,-145,2282,0,0.00,0.00,0,0,0.00,0.00,0
2026-05-09 15:33:27,1,1,1,2329.6,16,-3.6,-146,2325,0,0.00,0.00,0,0,0.00,0.00,0
2026-05-09 15:33:27,1,1,1,2329.6,16,-3.6,-146,2325,0,0.00,0.00,0,0,0.00,0.00,0
2026-05-09 15:33:27,1,1,1,2372.9,0,-3.7,-153,2368,0,0.00,0.00,0,0,0.00,0.00,0
2026-05-09 15:33:27,1,1,1,2372.9,0,-3.7,-153,2368,0,0.00,0.00,0,0,0.00,0.00,0
2026-05-09 15:33:27,1,1,1,2467.9,0,-6.7,-288,2451,0,0.00,0.00,0,0,0.00,0.00,0
2026-05-09 15:33:27,1,1,1,2467.9,0,-6.7,-288,2451,0,0.00,0.00,0,0,0.00,0.00,0
2026-05-09 15:33:27,1,1,1,2564.4,0,-10.1,-448,2525,0,0.00,0.00,0,0,0.00,0.00,0
2026-05-09 15:33:28,1,1,1,2665.2,-48,-13.0,-599,2597,0,0.00,0.00,0,0,0.00,0.00,0
2026-05-09 15:33:28,1,1,1,2665.2,-48,-13.0,-599,2597,0,0.00,0.00,0,0,0.00,0.00,0
2026-05-09 15:33:28,1,1,1,2633.0,-56,-12.3,-559,2573,0,0.00,0.00,0,0,0.00,0.00,0
2026-05-09 15:33:28,1,1,1,2633.0,-56,-12.3,-559,2573,0,0.00,0.00,0,0,0.00,0.00,0
2026-05-09 15:33:28,1,1,1,2561.6,-79,-10.7,-476,2517,0,0.00,0.00,0,0,0.00,0.00,0
2026-05-09 15:33:28,1,1,1,2561.6,-79,-10.7,-476,2517,0,0.00,0.00,0,0,0.00,0.00,0
2026-05-09 15:33:28,1,1,1,2519.7,-79,-9.9,-434,2482,0,0.00,0.00,0,0,0.00,0.00,0
2026-05-09 15:33:28,1,1,1,2433.9,-64,-8.4,-354,2408,0,0.00,0.00,0,0,0.00,0.00,0
2026-05-09 15:33:28,1,1,1,2433.9,-64,-8.4,-354,2408,0,0.00,0.00,0,0,0.00,0.00,0
2026-05-09 15:33:28,1,1,1,2359.6,-56,-7.2,-296,2341,0,0.00,0.00,0,0,0.00,0.00,0
2026-05-09 15:33:28,1,1,1,2359.6,-56,-7.2,-296,2341,0,0.00,0.00,0,0,0.00,0.00,0
2026-05-09 15:33:28,1,1,1,2296.3,-79,-6.6,-265,2281,0,0.00,0.00,0,0,0.00,0.00,0
2026-05-09 15:33:28,1,1,1,2296.3,-79,-6.6,-265,2281,0,0.00,0.00,0,0,0.00,0.00,0
2026-05-09 15:33:28,1,1,1,2231.1,-72,-6.2,-241,2218,0,0.00,0.00,0,0,0.00,0.00,0
2026-05-09 15:33:28,1,1,1,2231.1,-72,-6.2,-241,2218,0,0.00,0.00,0,0,0.00,0.00,0
2026-05-09 15:33:28,1,1,1,2160.6,-88,-5.7,-214,2150,0,0.00,0.00,0,0,0.00,0.00,0
2026-05-09 15:33:28,1,1,1,2094.9,-56,-4.7,-170,2088,0,0.00,0.00,0,1,1.99,-0.94,31733
2026-05-09 15:33:28,1,1,1,2094.9,-56,-4.7,-170,2088,0,0.00,0.00,0,1,1.99,-0.94,31733
2026-05-09 15:33:28,1,1,1,2030.0,-88,-3.6,-128,2026,1,1.89,-0.94,31733,1,1.89,-0.94,31733
2026-05-09 15:33:28,1,1,1,2030.0,-88,-3.6,-128,2026,1,1.89,-0.94,31733,1,1.89,-0.94,31733
2026-05-09 15:33:29,1,1,1,1968.9,-56,-3.1,-106,1966,1,1.89,-0.94,31733,1,1.89,-0.94,31733
2026-05-09 15:33:29,1,1,1,1968.9,-56,-3.1,-106,1966,1,1.89,-0.94,31733,1,1.89,-0.94,31733
2026-05-09 15:33:29,1,1,1,1901.2,-64,-2.0,-67,1900,1,1.89,-0.94,31733,1,1.89,-0.94,31733
2026-05-09 15:33:29,1,1,1,1829.3,-64,-1.0,-33,1829,1,1.89,-0.94,31733,1,1.89,-0.94,31733
2026-05-09 15:33:29,1,1,1,1829.3,-64,-1.0,-33,1829,1,1.89,-0.94,31733,1,1.89,-0.94,31733
2026-05-09 15:33:29,1,1,1,1753.0,-72,0.1,4,1753,1,1.89,-0.94,31733,1,1.89,-0.94,31733
2026-05-09 15:33:29,1,1,1,1753.0,-72,0.1,4,1753,1,1.89,-0.94,31733,1,1.89,-0.94,31733
2026-05-09 15:33:29,1,1,1,1684.2,-72,0.9,27,1684,1,1.89,-0.94,31733,1,1.89,-0.94,31733
2026-05-09 15:33:29,1,1,1,1684.2,-72,0.9,27,1684,1,1.89,-0.94,31733,1,1.89,-0.94,31733
2026-05-09 15:33:29,1,1,1,1614.8,-88,1.8,50,1614,1,1.89,-0.94,31733,1,1.89,-0.94,31733
2026-05-09 15:33:29,1,1,1,1614.8,-88,1.8,50,1614,1,1.89,-0.94,31733,1,1.89,-0.94,31733
2026-05-09 15:33:29,1,1,1,1543.1,-88,2.2,58,1542,1,0.00,0.00,0,0,0.00,0.00,0
2026-05-09 15:33:29,1,1,1,1470.9,-72,2.9,74,1469,1,0.00,0.00,0,0,0.00,0.00,0
2026-05-09 15:33:29,1,1,1,1470.9,-72,2.9,74,1469,1,0.00,0.00,0,0,0.00,0.00,0
2026-05-09 15:33:29,1,1,1,1402.6,-72,3.5,86,1400,1,0.00,0.00,0,0,0.00,0.00,0
2026-05-09 15:33:29,1,1,1,1402.6,-72,3.5,86,1400,1,0.00,0.00,0,0,0.00,0.00,0
2026-05-09 15:33:29,1,1,1,1336.0,-72,3.8,89,1333,0,0.00,0.00,0,0,0.00,0.00,0
2026-05-09 15:33:29,1,1,1,1336.0,-72,3.8,89,1333,0,0.00,0.00,0,0,0.00,0.00,0
2026-05-09 15:33:29,1,1,1,1270.1,-72,4.0,89,1267,0,0.00,0.00,0,0,0.00,0.00,0
2026-05-09 15:33:29,1,1,1,1270.1,-72,4.0,89,1267,0,0.00,0.00,0,0,0.00,0.00,0
2026-05-09 15:33:30,1,1,1,1202.2,-72,4.2,88,1199,0,0.00,0.00,0,0,0.00,0.00,0
2026-05-09 15:33:30,1,1,1,1136.0,-79,4.1,82,1133,0,0.00,0.00,0,0,0.00,0.00,0
2026-05-09 15:33:30,1,1,1,1136.0,-79,4.1,82,1133,0,0.00,0.00,0,1,0.99,-0.71,7533
2026-05-09 15:33:30,1,1,1,1066.4,-72,3.8,71,1064,0,0.00,0.00,0,1,0.99,-0.71,7533
2026-05-09 15:33:30,1,1,1,1066.4,-72,3.8,71,1064,1,0.85,-0.69,49426,1,0.85,-0.69,49426
2026-05-09 15:33:30,1,1,1,993.1,-56,3.7,64,991,1,0.85,-0.69,49426,1,0.85,-0.69,49426
2026-05-09 15:33:30,1,1,1,993.1,-56,3.7,64,991,1,0.78,-0.69,49426,1,0.78,-0.69,49426
2026-05-09 15:33:30,1,1,1,931.1,-48,3.9,63,929,1,0.78,-0.69,49426,1,0.78,-0.69,49426
2026-05-09 15:33:30,1,1,1,875.7,-56,3.6,55,874,1,0.74,-0.61,57721,1,0.74,-0.61,57721
2026-05-09 15:33:30,1,1,1,875.7,-56,3.6,55,874,1,0.74,-0.61,57721,1,0.74,-0.61,57721
2026-05-09 15:33:30,1,1,1,823.6,-48,3.6,51,822,1,0.66,-0.57,46821,1,0.66,-0.57,46821
2026-05-09 15:33:30,1,1,1,823.6,-48,3.6,51,822,1,0.66,-0.57,46821,1,0.66,-0.57,46821
2026-05-09 15:33:30,1,1,1,774.4,-48,4.5,61,772,1,0.63,-0.54,61508,1,0.63,-0.54,61508
2026-05-09 15:33:30,1,1,1,774.4,-48,4.5,61,772,1,0.63,-0.54,61508,1,0.63,-0.54,61508
2026-05-09 15:33:30,1,1,1,725.7,-48,4.9,62,723,1,0.57,-0.53,10241,1,0.57,-0.53,10241
2026-05-09 15:33:30,1,1,1,725.7,-48,4.9,62,723,1,0.57,-0.53,10241,1,0.57,-0.53,10241
2026-05-09 15:33:30,1,1,1,677.9,-39,5.3,63,675,1,0.53,-0.47,47170,1,0.53,-0.47,47170
2026-05-09 15:33:30,1,1,1,634.5,-24,5.1,56,632,1,0.53,-0.47,47170,1,0.53,-0.47,47170
2026-05-09 15:33:30,1,1,1,634.5,-24,5.1,56,632,1,0.48,-0.47,47170,1,0.48,-0.47,47170
2026-05-09 15:33:30,1,1,1,592.9,0,4.6,48,591,1,0.48,-0.47,47170,1,0.48,-0.47,47170
2026-05-09 15:33:31,1,1,1,592.9,0,4.6,48,591,1,0.49,-0.31,2509,1,0.49,-0.31,2509
2026-05-09 15:33:31,1,1,1,559.4,8,4.1,40,558,1,0.49,-0.31,2509,1,0.49,-0.31,2509
2026-05-09 15:33:31,1,1,1,559.4,8,4.1,40,558,1,0.50,-0.19,2402,1,0.50,-0.19,2402
2026-05-09 15:33:31,1,1,1,539.8,39,3.1,29,539,1,0.50,-0.19,2402,1,0.50,-0.19,2402
2026-05-09 15:33:31,1,1,1,538.4,48,2.2,21,538,1,0.48,-0.19,2402,1,0.48,-0.19,2402
2026-05-09 15:33:31,1,1,1,538.4,48,2.2,21,538,0,0.00,0.00,0,1,0.48,-0.19,2402
2026-05-09 15:33:31,1,1,1,544.4,56,2.2,21,544,0,0.00,0.00,0,1,0.48,-0.19,2402
2026-05-09 15:33:31,1,1,1,544.4,56,2.2,21,544,0,0.00,0.00,0,1,0.48,-0.19,2402
2026-05-09 15:33:31,1,1,1,554.1,48,3.6,35,553,0,0.00,0.00,0,1,0.48,-0.19,2402
2026-05-09 15:33:31,1,1,1,554.1,48,3.6,35,553,0,0.00,0.00,0,1,0.48,-0.19,2402
2026-05-09 15:33:31,1,1,1,559.4,48,4.1,40,558,0,0.00,0.00,0,1,0.48,-0.19,2402
2026-05-09 15:33:31,1,1,1,559.4,48,4.1,40,558,0,0.00,0.00,0,1,0.48,-0.19,2402
2026-05-09 15:33:31,1,1,1,564.8,48,4.6,45,563,0,0.00,0.00,0,1,0.76,0.48,29341
2026-05-09 15:33:31,1,1,1,573.3,64,5.1,51,571,0,0.00,0.00,0,1,0.76,0.48,29341
2026-05-09 15:33:31,1,1,1,573.3,64,5.1,51,571,1,0.79,0.53,47570,1,0.79,0.53,47570
2026-05-09 15:33:31,1,1,1,582.6,56,5.4,55,580,1,0.79,0.53,47570,1,0.79,0.53,47570
2026-05-09 15:33:31,1,1,1,582.6,56,5.4,55,580,1,0.84,0.53,47570,1,0.84,0.53,47570
2026-05-09 15:33:31,1,1,1,592.8,72,5.6,58,590,1,0.84,0.53,47570,1,0.84,0.53,47570
2026-05-09 15:33:31,1,1,1,592.8,72,5.6,58,590,1,0.84,0.53,47570,1,0.84,0.53,47570
2026-05-09 15:33:31,1,1,1,602.6,96,5.3,56,600,1,0.84,0.53,47570,1,0.84,0.53,47570
2026-05-09 15:33:32,1,1,1,613.0,96,4.7,50,611,1,0.84,0.53,47570,1,0.84,0.53,47570
2026-05-09 15:33:32,1,1,1,613.0,96,4.7,50,611,1,0.84,0.53,47570,1,0.84,0.53,47570
2026-05-09 15:33:32,1,1,1,627.6,64,4.1,45,626,1,0.84,0.53,47570,1,0.84,0.53,47570
2026-05-09 15:33:32,1,1,1,627.6,64,4.1,45,626,1,0.84,0.53,47570,1,0.84,0.53,47570
2026-05-09 15:33:32,1,1,1,645.2,64,3.6,40,644,1,0.84,0.53,47570,1,0.84,0.53,47570
2026-05-09 15:33:32,1,1,1,645.2,64,3.6,40,644,1,0.84,0.53,47570,1,0.84,0.53,47570
2026-05-09 15:33:32,1,1,1,698.6,64,2.4,29,698,1,0.84,0.53,47570,1,0.84,0.53,47570
2026-05-09 15:33:32,1,1,1,698.6,64,2.4,29,698,1,0.84,0.53,47570,1,0.84,0.53,47570
2026-05-09 15:33:32,1,1,1,760.0,96,0.5,7,760,1,0.84,0.53,47570,1,0.84,0.53,47570
2026-05-09 15:33:32,1,1,1,874.3,72,-1.4,-21,874,1,0.00,0.00,0,0,0.00,0.00,0
2026-05-09 15:33:32,1,1,1,874.3,72,-1.4,-21,874,1,0.00,0.00,0,0,0.00,0.00,0
2026-05-09 15:33:32,1,1,1,975.7,88,-2.1,-36,975,1,0.00,0.00,0,0,0.00,0.00,0
2026-05-09 15:33:32,1,1,1,975.7,88,-2.1,-36,975,1,1.50,0.76,54625,1,1.50,0.76,54625
2026-05-09 15:33:32,1,1,1,1054.2,72,-1.2,-22,1054,1,1.50,0.76,54625,1,1.50,0.76,54625
2026-05-09 15:33:32,1,1,1,1054.2,72,-1.2,-22,1054,1,1.57,0.76,54625,1,1.57,0.76,54625
2026-05-09 15:33:32,1,1,1,1129.0,64,-0.3,-5,1129,1,1.57,0.76,54625,1,1.57,0.76,54625
2026-05-09 15:33:32,1,1,1,1196.1,56,0.7,15,1196,1,1.57,0.76,54625,1,1.57,0.76,54625
2026-05-09 15:33:32,1,1,1,1196.1,56,0.7,15,1196,1,1.57,0.76,54625,1,1.57,0.76,54625
2026-05-09 15:33:32,1,1,1,1265.2,56,1.0,23,1265,1,1.57,0.76,54625,1,1.57,0.76,54625
2026-05-09 15:33:32,1,1,1,1265.2,56,1.0,23,1265,1,1.57,0.76,54625,1,1.57,0.76,54625
2026-05-09 15:33:33,1,1,1,1344.1,39,0.8,18,1344,1,1.57,0.76,54625,1,1.57,0.76,54625
2026-05-09 15:33:33,1,1,1,1344.1,39,0.8,18,1344,1,1.57,0.76,54625,1,1.57,0.76,54625
2026-05-09 15:33:33,1,1,1,1414.1,56,0.7,18,1414,1,1.57,0.76,54625,1,1.57,0.76,54625
2026-05-09 15:33:33,1,1,1,1414.1,56,0.7,18,1414,1,1.57,0.76,54625,1,1.57,0.76,54625
2026-05-09 15:33:33,1,1,1,1482.0,72,0.0,0,1482,1,1.57,0.76,54625,1,1.57,0.76,54625
2026-05-09 15:33:33,1,1,1,1548.3,72,-1.1,-29,1548,1,1.57,0.76,54625,1,1.57,0.76,54625
2026-05-09 15:33:33,1,1,1,1548.3,72,-1.1,-29,1548,1,1.57,0.76,54625,1,1.57,0.76,54625
2026-05-09 15:33:33,1,1,1,1622.7,72,-2.6,-75,1621,1,0.00,0.00,0,0,0.00,0.00,0
2026-05-09 15:33:33,1,1,1,1622.7,72,-2.6,-75,1621,1,0.00,0.00,0,0,0.00,0.00,0
2026-05-09 15:33:33,1,1,1,1687.1,64,-3.5,-102,1684,1,0.00,0.00,0,0,0.00,0.00,0
2026-05-09 15:33:33,1,1,1,1687.1,64,-3.5,-102,1684,1,0.00,0.00,0,0,0.00,0.00,0
2026-05-09 15:33:33,1,1,1,1728.3,48,-3.5,-106,1725,1,0.00,0.00,0,0,0.00,0.00,0
2026-05-09 15:33:33,1,1,1,1786.3,64,-3.5,-109,1783,0,0.00,0.00,0,0,0.00,0.00,0
2026-05-09 15:33:33,1,1,1,1786.3,64,-3.5,-109,1783,0,0.00,0.00,0,0,0.00,0.00,0
2026-05-09 15:33:33,1,1,1,1836.6,32,-3.6,-115,1833,0,0.00,0.00,0,0,0.00,0.00,0
2026-05-09 15:33:33,1,1,1,1836.6,32,-3.6,-115,1833,0,0.00,0.00,0,0,0.00,0.00,0
2026-05-09 15:33:33,1,1,1,1882.1,32,-3.8,-124,1878,0,0.00,0.00,0,0,0.00,0.00,0
2026-05-09 15:33:33,1,1,1,1882.1,32,-3.8,-124,1878,0,0.00,0.00,0,0,0.00,0.00,0
2026-05-09 15:33:33,1,1,1,1929.9,39,-3.7,-123,1926,0,0.00,0.00,0,0,0.00,0.00,0
2026-05-09 15:33:33,1,1,1,1929.9,39,-3.7,-123,1926,0,0.00,0.00,0,0,0.00,0.00,0
2026-05-09 15:33:34,1,1,1,1970.9,39,-3.6,-124,1967,0,0.00,0.00,0,0,0.00,0.00,0
2026-05-09 15:33:34,1,1,1,2009.6,48,-3.4,-120,2006,0,0.00,0.00,0,0,0.00,0.00,0
2026-05-09 15:33:34,1,1,1,2009.6,48,-3.4,-120,2006,0,0.00,0.00,0,0,0.00,0.00,0
2026-05-09 15:33:34,1,1,1,2041.0,39,-3.1,-110,2038,0,0.00,0.00,0,0,0.00,0.00,0
2026-05-09 15:33:34,1,1,1,2041.0,39,-3.1,-110,2038,0,0.00,0.00,0,0,0.00,0.00,0
2026-05-09 15:33:34,1,1,1,2068.4,24,-2.8,-100,2066,0,0.00,0.00,0,0,0.00,0.00,0
2026-05-09 15:33:34,1,1,1,2068.4,24,-2.8,-100,2066,0,0.00,0.00,0,0,0.00,0.00,0
2026-05-09 15:33:34,1,1,1,2114.8,16,-2.4,-87,2113,0,0.00,0.00,0,0,0.00,0.00,0
2026-05-09 15:33:34,1,1,1,2114.8,16,-2.4,-87,2113,0,0.00,0.00,0,0,0.00,0.00,0
2026-05-09 15:33:34,1,1,1,2153.5,8,-2.1,-80,2152,0,0.00,0.00,0,0,0.00,0.00,0
2026-05-09 15:33:34,1,1,1,2192.0,-8,-2.5,-94,2190,0,0.00,0.00,0,0,0.00,0.00,0
2026-05-09 15:33:34,1,1,1,2192.0,-8,-2.5,-94,2190,0,0.00,0.00,0,0,0.00,0.00,0
2026-05-09 15:33:34,1,1,1,2214.5,-16,-2.7,-106,2212,0,0.00,0.00,0,0,0.00,0.00,0
2026-05-09 15:33:34,1,1,1,2214.5,-16,-2.7,-106,2212,0,0.00,0.00,0,0,0.00,0.00,0
2026-05-09 15:33:34,1,1,1,2221.0,-24,-3.0,-115,2218,0,0.00,0.00,0,0,0.00,0.00,0
2026-05-09 15:33:34,1,1,1,2221.0,-24,-3.0,-115,2218,0,0.00,0.00,0,0,0.00,0.00,0
2026-05-09 15:33:34,1,1,1,2217.0,-39,-3.0,-115,2214,0,0.00,0.00,0,0,0.00,0.00,0
2026-05-09 15:33:34,1,1,1,2216.3,-32,-3.1,-121,2213,0,0.00,0.00,0,0,0.00,0.00,0
2026-05-09 15:33:34,1,1,1,2216.3,-32,-3.1,-121,2213,0,0.00,0.00,0,0,0.00,0.00,0
2026-05-09 15:33:34,1,1,1,2214.1,-39,-3.5,-134,2210,0,0.00,0.00,0,0,0.00,0.00,0
2026-05-09 15:33:35,1,1,1,2214.1,-39,-3.5,-134,2210,0,0.00,0.00,0,0,0.00,0.00,0
2026-05-09 15:33:35,1,1,1,2213.6,-39,-3.7,-143,2209,0,0.00,0.00,0,0,0.00,0.00,0
2026-05-09 15:33:35,1,1,1,2213.6,-39,-3.7,-143,2209,0,0.00,0.00,0,0,0.00,0.00,0
2026-05-09 15:33:35,1,1,1,2202.8,-39,-3.8,-145,2198,0,0.00,0.00,0,0,0.00,0.00,0
2026-05-09 15:33:35,1,1,1,2202.8,-39,-3.8,-145,2198,0,0.00,0.00,0,0,0.00,0.00,0
2026-05-09 15:33:35,1,1,1,2197.7,-39,-3.7,-143,2193,0,0.00,0.00,0,0,0.00,0.00,0
2026-05-09 15:33:35,1,1,1,2189.7,-39,-3.7,-143,2185,0,0.00,0.00,0,0,0.00,0.00,0
2026-05-09 15:33:35,1,1,1,2189.7,-39,-3.7,-143,2185,0,0.00,0.00,0,0,0.00,0.00,0
2026-05-09 15:33:35,1,1,1,2179.7,-48,-3.8,-143,2175,0,0.00,0.00,0,0,0.00,0.00,0
2026-05-09 15:33:35,1,1,1,2179.7,-48,-3.8,-143,2175,0,0.00,0.00,0,0,0.00,0.00,0
2026-05-09 15:33:45,1,1,1,1364.7,79,-28.4,-650,1200,1,1.58,0.81,54745,1,1.58,0.81,54745
2026-05-09 15:33:45,1,1,1,1439.4,79,-28.4,-685,1266,1,1.58,0.81,54745,1,1.58,0.81,54745
2026-05-09 15:33:45,1,1,1,1439.4,79,-28.4,-685,1266,1,1.58,0.81,54745,1,1.58,0.81,54745
2026-05-09 15:33:45,1,1,1,1512.1,72,-28.0,-710,1335,1,1.58,0.81,54745,1,1.58,0.81,54745
2026-05-09 15:33:45,1,1,1,1512.1,72,-28.0,-710,1335,1,2.00,0.95,20969,1,2.00,0.95,20969
2026-05-09 15:33:45,1,1,1,1582.6,88,-27.8,-738,1400,1,2.00,0.95,20969,1,2.00,0.95,20969
2026-05-09 15:33:45,1,1,1,1655.8,96,-27.5,-764,1469,1,2.05,0.95,20090,1,2.05,0.95,20090
2026-05-09 15:33:45,1,1,1,1655.8,96,-27.5,-764,1469,1,2.05,0.95,20090,1,2.05,0.95,20090
2026-05-09 15:33:45,1,1,1,1731.8,104,-27.5,-800,1536,1,2.18,0.97,8221,1,2.18,0.97,8221
2026-05-09 15:33:45,1,1,1,1731.8,104,-27.5,-800,1536,1,2.18,0.97,8221,1,2.18,0.97,8221
2026-05-09 15:33:46,1,1,1,1802.3,64,-27.1,-820,1605,1,2.28,0.97,8221,1,2.28,0.97,8221
2026-05-09 15:33:46,1,1,1,1802.3,64,-27.1,-820,1605,1,2.28,0.97,8221,1,2.28,0.97,8221
2026-05-09 15:33:46,1,1,1,1868.5,56,-26.3,-828,1675,1,2.28,0.97,8221,1,2.28,0.97,8221
2026-05-09 15:33:46,1,1,1,1942.6,0,-25.5,-837,1753,1,2.28,0.97,8221,1,2.28,0.97,8221
2026-05-09 15:33:46,1,1,1,1942.6,0,-25.5,-837,1753,1,2.28,0.97,8221,1,2.28,0.97,8221
2026-05-09 15:33:46,1,1,1,1996.8,32,-24.2,-817,1822,1,2.28,0.97,8221,1,2.28,0.97,8221
2026-05-09 15:33:46,1,1,1,1996.8,32,-24.2,-817,1822,1,2.28,0.97,8221,1,2.28,0.97,8221
2026-05-09 15:33:46,1,1,1,2069.4,24,-23.1,-813,1903,1,2.28,0.97,8221,1,2.28,0.97,8221
2026-05-09 15:33:46,1,1,1,2069.4,24,-23.1,-813,1903,1,2.51,0.51,7066,1,2.51,0.51,7066
2026-05-09 15:33:46,1,1,1,2131.6,24,-22.0,-797,1977,1,2.51,0.51,7066,1,2.51,0.51,7066
2026-05-09 15:33:46,1,1,1,2131.6,24,-22.0,-797,1977,1,2.52,0.39,11597,1,2.52,0.39,11597
2026-05-09 15:33:46,1,1,1,2173.9,32,-20.7,-770,2033,1,2.52,0.39,11597,1,2.52,0.39,11597
2026-05-09 15:33:46,1,1,1,2197.8,24,-19.4,-730,2073,1,2.56,0.39,11597,1,2.56,0.39,11597
2026-05-09 15:33:46,1,1,1,2197.8,24,-19.4,-730,2073,1,2.56,0.39,11597,1,2.56,0.39,11597
2026-05-09 15:33:46,1,1,1,2222.5,16,-17.9,-683,2115,1,2.56,0.39,11597,1,2.56,0.39,11597
2026-05-09 15:33:46,1,1,1,2222.5,16,-17.9,-683,2115,1,2.56,0.39,11597,1,2.56,0.39,11597
2026-05-09 15:33:46,1,1,1,2268.7,0,-16.3,-635,2178,1,2.56,0.39,11597,1,2.56,0.39,11597
2026-05-09 15:33:46,1,1,1,2268.7,0,-16.3,-635,2178,1,2.56,0.39,11597,1,2.56,0.39,11597
2026-05-09 15:33:46,1,1,1,2322.3,8,-14.8,-594,2245,1,2.56,0.39,11597,1,2.56,0.39,11597
2026-05-09 15:33:46,1,1,1,2322.3,8,-14.8,-594,2245,1,2.56,0.39,11597,1,2.56,0.39,11597
2026-05-09 15:33:47,1,1,1,2401.0,0,-13.5,-559,2335,1,2.56,0.39,11597,1,2.56,0.39,11597
2026-05-09 15:33:47,1,1,1,2512.3,0,-12.2,-529,2456,1,2.56,0.39,11597,1,2.56,0.39,11597
2026-05-09 15:33:47,1,1,1,2512.3,0,-12.2,-529,2456,1,2.56,0.39,11597,1,2.56,0.39,11597
2026-05-09 15:33:47,1,1,1,2625.2,0,-11.6,-526,2572,1,2.56,0.39,11597,1,2.56,0.39,11597
2026-05-09 15:33:47,1,1,1,2625.2,0,-11.6,-526,2572,1,2.56,0.39,11597,1,2.56,0.39,11597
2026-05-09 15:33:47,1,1,1,2742.2,0,-10.9,-517,2693,1,0.00,0.00,0,0,0.00,0.00,0
2026-05-09 15:33:47,1,1,1,2742.2,0,-10.9,-517,2693,1,0.00,0.00,0,0,0.00,0.00,0
2026-05-09 15:33:47,1,1,1,2830.2,0,-10.1,-498,2786,1,0.00,0.00,0,0,0.00,0.00,0
2026-05-09 15:33:47,1,1,1,2904.4,0,-9.3,-471,2866,1,0.00,0.00,0,0,0.00,0.00,0
2026-05-09 15:33:47,1,1,1,2904.4,0,-9.3,-471,2866,1,0.00,0.00,0,0,0.00,0.00,0
2026-05-09 15:33:47,1,1,1,2954.3,8,-8.3,-429,2923,0,0.00,0.00,0,0,0.00,0.00,0
2026-05-09 15:33:47,1,1,1,2954.3,8,-8.3,-429,2923,0,0.00,0.00,0,0,0.00,0.00,0
2026-05-09 15:33:47,1,1,1,2956.8,0,-7.0,-358,2935,0,0.00,0.00,0,0,0.00,0.00,0
2026-05-09 15:33:47,1,1,1,2956.8,0,-7.0,-358,2935,0,0.00,0.00,0,0,0.00,0.00,0
2026-05-09 15:33:47,1,1,1,2865.1,-16,-4.6,-228,2856,0,0.00,0.00,0,0,0.00,0.00,0
2026-05-09 15:33:47,1,1,1,2865.1,-16,-4.6,-228,2856,0,0.00,0.00,0,0,0.00,0.00,0
2026-05-09 15:33:47,1,1,1,2773.0,0,-2.1,-104,2771,0,0.00,0.00,0,0,0.00,0.00,0
2026-05-09 15:33:47,1,1,1,2692.0,-16,0.3,12,2692,0,0.00,0.00,0,0,0.00,0.00,0
2026-05-09 15:33:47,1,1,1,2692.0,-16,0.3,12,2692,0,0.00,0.00,0,0,0.00,0.00,0
2026-05-09 15:33:47,1,1,1,2621.8,-24,2.7,122,2619,0,0.00,0.00,0,0,0.00,0.00,0
2026-05-09 15:33:48,1,1,1,2621.8,-24,2.7,122,2619,0,0.00,0.00,0,0,0.00,0.00,0
2026-05-09 15:33:48,1,1,1,2575.2,-8,4.9,218,2566,0,0.00,0.00,0,0,0.00,0.00,0
2026-05-09 15:33:48,1,1,1,2575.2,-8,4.9,218,2566,0,0.00,0.00,0,1,2.49,-0.23,7985
2026-05-09 15:33:48,1,1,1,2535.2,-16,6.9,303,2517,0,0.00,0.00,0,1,2.49,-0.23,7985
2026-05-09 15:33:48,1,1,1,2511.8,-24,8.8,386,2482,1,2.47,-0.23,7985,1,2.47,-0.23,7985
2026-05-09 15:33:48,1,1,1,2511.8,-24,8.8,386,2482,1,2.47,-0.23,7985,1,2.47,-0.23,7985
2026-05-09 15:33:48,1,1,1,2491.7,-24,11.1,480,2445,1,2.47,-0.23,3170,1,2.47,-0.23,3170
2026-05-09 15:33:48,1,1,1,2491.7,-24,11.1,480,2445,1,2.47,-0.23,3170,1,2.47,-0.23,3170
2026-05-09 15:33:48,1,1,1,2473.9,-24,13.6,580,2405,1,2.47,-0.23,6058,1,2.47,-0.23,6058
2026-05-09 15:33:48,1,1,1,2473.9,-24,13.6,580,2405,1,2.47,-0.23,6058,1,2.47,-0.23,6058
2026-05-09 15:33:48,1,1,1,2455.5,-24,16.0,678,2360,1,2.44,-0.23,6058,1,2.44,-0.23,6058
2026-05-09 15:33:48,1,1,1,2455.5,-24,16.0,678,2360,1,2.44,-0.23,6058,1,2.44,-0.23,6058
2026-05-09 15:33:48,1,1,1,2433.4,-32,18.4,768,2309,1,2.44,-0.23,6058,1,2.44,-0.23,6058
2026-05-09 15:33:48,1,1,1,2401.7,-39,20.7,848,2247,1,2.44,-0.23,6058,1,2.44,-0.23,6058
2026-05-09 15:33:48,1,1,1,2401.7,-39,20.7,848,2247,1,2.44,-0.23,6058,1,2.44,-0.23,6058
2026-05-09 15:33:48,1,1,1,2367.2,-48,22.7,913,2184,1,2.44,-0.23,6058,1,2.44,-0.23,6058
2026-05-09 15:33:48,1,1,1,2367.2,-48,22.7,913,2184,1,2.44,-0.23,6058,1,2.44,-0.23,6058
2026-05-09 15:33:48,1,1,1,2330.1,-64,24.5,967,2120,1,2.44,-0.23,6058,1,2.44,-0.23,6058
2026-05-09 15:33:48,1,1,1,2330.1,-64,24.5,967,2120,1,2.44,-0.23,6058,1,2.44,-0.23,6058
2026-05-09 15:33:48,1,1,1,2299.0,-56,25.6,992,2074,1,2.44,-0.23,6058,1,2.44,-0.23,6058
2026-05-09 15:33:49,1,1,1,2256.2,-104,26.5,1005,2020,1,2.44,-0.23,6058,1,2.44,-0.23,6058
2026-05-09 15:33:49,1,1,1,2256.2,-104,26.5,1005,2020,1,2.44,-0.23,6058,1,2.44,-0.23,6058
2026-05-09 15:33:49,1,1,1,2201.4,-96,27.3,1010,1956,1,2.44,-0.23,6058,1,2.44,-0.23,6058
2026-05-09 15:33:49,1,1,1,2201.4,-96,27.3,1010,1956,1,0.00,0.00,0,0,0.00,0.00,0
2026-05-09 15:33:49,1,1,1,2138.6,-79,27.8,997,1892,1,0.00,0.00,0,0,0.00,0.00,0
2026-05-09 15:33:49,1,1,1,2138.6,-79,27.8,997,1892,1,0.00,0.00,0,0,0.00,0.00,0
2026-05-09 15:33:49,1,1,1,2076.1,-79,27.9,973,1834,1,0.00,0.00,0,0,0.00,0.00,0
2026-05-09 15:33:49,1,1,1,2076.1,-79,27.9,973,1834,1,0.00,0.00,0,0,0.00,0.00,0
2026-05-09 15:33:49,1,1,1,2017.2,-79,28.1,951,1779,0,0.00,0.00,0,0,0.00,0.00,0
2026-05-09 15:33:49,1,1,1,1958.8,-88,28.3,928,1725,0,0.00,0.00,0,0,0.00,0.00,0
2026-05-09 15:33:49,1,1,1,1958.8,-88,28.3,928,1725,0,0.00,0.00,0,0,0.00,0.00,0
2026-05-09 15:33:49,1,1,1,1896.6,-104,28.3,899,1670,0,0.00,0.00,0,0,0.00,0.00,0
2026-05-09 15:33:49,1,1,1,1896.6,-104,28.3,899,1670,0,0.00,0.00,0,1,1.61,-1.16,889
2026-05-09 15:33:49,1,1,1,1826.6,-112,28.1,861,1611,0,0.00,0.00,0,1,1.61,-1.16,889
2026-05-09 15:33:49,1,1,1,1826.6,-112,28.1,861,1611,0,0.00,0.00,0,1,1.50,-1.06,5834
2026-05-09 15:33:49,1,1,1,1764.5,-136,28.1,832,1556,0,0.00,0.00,0,1,1.50,-1.06,5834
2026-05-09 15:33:49,1,1,1,1696.7,-79,27.8,791,1501,0,0.00,0.00,0,1,2.05,-0.63,1465
2026-05-09 15:33:49,1,1,1,1696.7,-79,27.8,791,1501,0,0.00,0.00,0,1,2.05,-0.63,1465
2026-05-09 15:33:49,1,1,1,1610.4,-88,27.8,752,1424,0,0.00,0.00,0,1,1.99,-0.63,1465
2026-05-09 15:33:49,1,1,1,1610.4,-88,27.8,752,1424,0,0.00,0.00,0,1,1.99,-0.63,1465
2026-05-09 15:33:50,1,1,1,1521.2,-88,27.6,705,1348,0,0.00,0.00,0,1,1.73,-0.74,38969
2026-05-09 15:33:50,1,1,1,1521.2,-88,27.6,705,1348,0,0.00,0.00,0,1,1.73,-0.74,38969
2026-05-09 15:33:50,1,1,1,1429.4,-96,27.4,658,1269,1,1.56,-0.81,5476,1,1.56,-0.81,5476
2026-05-09 15:33:50,1,1,1,1429.4,-96,27.4,658,1269,1,1.56,-0.81,5476,1,1.56,-0.81,5476
2026-05-09 15:33:50,1,1,1,1342.5,-96,26.8,606,1198,1,1.37,-0.90,11002,1,1.37,-0.90,11002
2026-05-09 15:33:50,1,1,1,1255.8,-112,26.1,552,1128,1,1.37,-0.90,11002,1,1.37,-0.90,11002
2026-05-09 15:33:50,1,1,1,1255.8,-112,26.1,552,1128,1,1.24,-0.93,63426,1,1.24,-0.93,63426
2026-05-09 15:33:50,1,1,1,1169.7,-96,25.4,501,1057,1,1.24,-0.93,63426,1,1.24,-0.93,63426
2026-05-09 15:33:50,1,1,1,1169.7,-96,25.4,501,1057,1,1.14,-0.93,63426,1,1.14,-0.93,63426
2026-05-09 15:33:50,1,1,1,1087.0,-79,24.5,451,989,1,1.14,-0.93,63426,1,1.14,-0.93,63426
2026-05-09 15:33:50,1,1,1,1087.0,-79,24.5,451,989,1,1.02,-0.90,29780,1,1.02,-0.90,29780
2026-05-09 15:33:50,1,1,1,1011.7,-72,23.5,403,928,1,1.02,-0.90,29780,1,1.02,-0.90,29780
2026-05-09 15:33:50,1,1,1,942.3,-72,22.6,362,870,1,0.93,-0.82,17709,1,0.93,-0.82,17709
2026-05-09 15:33:50,1,1,1,942.3,-72,22.6,362,870,1,0.93,-0.82,17709,1,0.93,-0.82,17709
2026-05-09 15:33:50,1,1,1,878.7,-72,22.1,331,814,1,0.84,-0.79,38416,1,0.84,-0.79,38416
2026-05-09 15:33:50,1,1,1,878.7,-72,22.1,331,814,1,0.84,-0.79,38416,1,0.84,-0.79,38416
2026-05-09 15:33:50,1,1,1,811.5,-72,21.7,300,754,1,0.74,-0.79,22497,1,0.74,-0.79,22497
2026-05-09 15:33:50,1,1,1,811.5,-72,21.7,300,754,1,0.74,-0.79,22497,1,0.74,-0.79,22497
2026-05-09 15:33:50,1,1,1,741.3,-72,21.4,271,690,1,0.66,-0.79,22497,1,0.66,-0.79,22497
2026-05-09 15:33:50,1,1,1,741.3,-72,21.4,271,690,1,0.66,-0.79,22497,1,0.66,-0.79,22497
2026-05-09 15:33:51,1,1,1,672.7,-56,21.0,241,628,1,0.60,-0.68,37460,1,0.60,-0.68,37460
2026-05-09 15:33:51,1,1,1,613.7,-39,19.9,209,577,1,0.60,-0.68,37460,1,0.60,-0.68,37460
2026-05-09 15:33:51,1,1,1,613.7,-39,19.9,209,577,1,0.53,-0.68,37460,1,0.53,-0.68,37460
2026-05-09 15:33:51,1,1,1,557.8,-24,18.8,180,528,1,0.53,-0.68,37460,1,0.53,-0.68,37460
2026-05-09 15:33:51,1,1,1,557.8,-24,18.8,180,528,1,0.53,-0.68,37460,1,0.53,-0.68,37460
2026-05-09 15:33:51,1,1,1,506.7,-56,19.4,168,478,1,0.53,-0.68,37460,1,0.53,-0.68,37460
2026-05-09 15:33:51,1,1,1,506.7,-56,19.4,168,478,1,0.53,-0.68,37460,1,0.53,-0.68,37460
2026-05-09 15:33:51,1,1,1,470.3,16,17.7,143,448,1,0.53,-0.68,37460,1,0.53,-0.68,37460
2026-05-09 15:33:51,1,1,1,470.3,16,17.7,143,448,1,0.53,-0.68,37460,1,0.53,-0.68,37460
2026-05-09 15:33:51,1,1,1,432.4,16,15.8,118,416,1,0.53,-0.68,37460,1,0.53,-0.68,37460
2026-05-09 15:33:51,1,1,1,403.8,64,12.0,84,395,1,0.53,-0.68,37460,1,0.53,-0.68,37460
2026-05-09 15:33:51,1,1,1,403.8,64,12.0,84,395,1,0.53,-0.68,37460,1,0.53,-0.68,37460
2026-05-09 15:33:51,1,1,1,382.6,96,5.2,35,381,1,0.52,0.79,2177,1,0.52,0.79,2177
2026-05-09 15:33:51,1,1,1,382.6,96,5.2,35,381,1,0.52,0.79,2177,1,0.52,0.79,2177
2026-05-09 15:33:51,1,1,1,386.9,79,-3.9,-26,386,1,0.60,0.79,2177,1,0.60,0.79,2177
2026-05-09 15:33:51,1,1,1,386.9,79,-3.9,-26,386,1,0.60,0.79,2177,1,0.60,0.79,2177
2026-05-09 15:33:51,1,1,1,407.7,72,-13.2,-93,397,1,0.71,0.77,10578,1,0.71,0.77,10578
2026-05-09 15:33:51,1,1,1,445.5,72,-21.3,-162,415,1,0.71,0.77,10578,1,0.71,0.77,10578
2026-05-09 15:33:51,1,1,1,445.5,72,-21.3,-162,415,1,0.78,0.75,49489,1,0.78,0.75,49489
2026-05-09 15:33:51,1,1,1,493.8,79,-27.5,-228,438,1,0.78,0.75,49489,1,0.78,0.75,49489
2026-05-09 15:33:52,1,1,1,493.8,79,-27.5,-228,438,1,0.84,0.76,56786,1,0.84,0.76,56786
2026-05-09 15:33:52,1,1,1,551.6,79,-31.4,-287,471,1,0.84,0.76,56786,1,0.84,0.76,56786
2026-05-09 15:33:52,1,1,1,551.6,79,-31.4,-287,471,1,0.94,0.81,54801,1,0.94,0.81,54801
2026-05-09 15:33:52,1,1,1,617.1,88,-33.4,-340,515,1,0.94,0.81,54801,1,0.94,0.81,54801
2026-05-09 15:33:52,1,1,1,617.1,88,-33.4,-340,515,1,1.02,0.81,54801,1,1.02,0.81,54801
2026-05-09 15:33:52,1,1,1,686.6,88,-34.9,-393,563,1,1.02,0.81,54801,1,1.02,0.81,54801
2026-05-09 15:33:52,1,1,1,756.0,72,-35.7,-441,614,1,1.09,0.79,28602,1,1.09,0.79,28602
2026-05-09 15:33:52,1,1,1,756.0,72,-35.7,-441,614,1,1.09,0.79,28602,1,1.09,0.79,28602
2026-05-09 15:33:52,1,1,1,826.7,64,-36.1,-487,668,1,1.17,0.74,18666,1,1.17,0.74,18666
2026-05-09 15:33:52,1,1,1,826.7,64,-36.1,-487,668,1,1.17,0.74,18666,1,1.17,0.74,18666
2026-05-09 15:33:52,1,1,1,891.4,56,-35.7,-520,724,1,1.24,0.74,31848,1,1.24,0.74,31848
2026-05-09 15:33:52,1,1,1,891.4,56,-35.7,-520,724,1,1.24,0.74,31848,1,1.24,0.74,31848
2026-05-09 15:33:52,1,1,1,957.5,64,-34.6,-544,788,1,1.31,0.73,24973,1,1.31,0.73,24973
2026-05-09 15:33:52,1,1,1,1018.4,72,-33.6,-564,848,1,1.31,0.73,24973,1,1.31,0.73,24973
2026-05-09 15:33:52,1,1,1,1018.4,72,-33.6,-564,848,1,1.38,0.73,40996,1,1.38,0.73,40996
2026-05-09 15:33:52,1,1,1,1082.7,79,-32.7,-585,911,1,1.38,0.73,40996,1,1.38,0.73,40996
2026-05-09 15:33:52,1,1,1,1082.7,79,-32.7,-585,911,1,1.46,0.73,31828,1,1.46,0.73,31828
2026-05-09 15:33:52,1,1,1,1145.0,72,-31.7,-602,974,1,1.46,0.73,31828,1,1.46,0.73,31828
2026-05-09 15:33:52,1,1,1,1145.0,72,-31.7,-602,974,1,1.53,0.73,31828,1,1.53,0.73,31828
2026-05-09 15:33:52,1,1,1,1206.2,56,-30.7,-616,1037,1,1.53,0.73,31828,1,1.53,0.73,31828
2026-05-09 15:33:53,1,1,1,1206.2,56,-30.7,-616,1037,1,1.53,0.73,31828,1,1.53,0.73,31828
2026-05-09 15:33:53,1,1,1,1264.9,56,-29.8,-628,1098,1,1.53,0.73,31828,1,1.53,0.73,31828
2026-05-09 15:33:53,1,1,1,1319.0,56,-28.9,-637,1155,1,1.53,0.73,31828,1,1.53,0.73,31828
2026-05-09 15:33:53,1,1,1,1319.0,56,-28.9,-637,1155,1,1.53,0.73,31828,1,1.53,0.73,31828
2026-05-09 15:33:53,1,1,1,1370.3,64,-28.1,-645,1209,1,3.18,0.02,4346,1,3.18,0.02,4346
2026-05-09 15:33:53,1,1,1,1370.3,64,-28.1,-645,1209,1,3.18,0.02,4346,1,3.18,0.02,4346
2026-05-09 15:33:53,1,1,1,1425.4,72,-27.2,-651,1268,1,2.50,0.34,34841,1,2.50,0.34,34841
2026-05-09 15:33:53,1,1,1,1425.4,72,-27.2,-651,1268,1,2.50,0.34,34841,1,2.50,0.34,34841
2026-05-09 15:33:53,1,1,1,1482.5,79,-26.4,-659,1328,1,2.53,0.34,34841,1,2.53,0.34,34841
2026-05-09 15:33:53,1,1,1,1538.0,64,-25.2,-654,1392,1,2.53,0.34,34841,1,2.53,0.34,34841
2026-05-09 15:33:53,1,1,1,1538.0,64,-25.2,-654,1392,1,2.79,0.26,1453,1,2.79,0.26,1453
2026-05-09 15:33:53,1,1,1,1601.7,0,-24.0,-652,1463,1,2.79,0.26,1453,1,2.79,0.26,1453
2026-05-09 15:33:53,1,1,1,1601.7,0,-24.0,-652,1463,1,2.93,0.21,6053,1,2.93,0.21,6053
2026-05-09 15:33:53,1,1,1,1649.6,39,-23.1,-648,1517,1,2.93,0.21,6053,1,2.93,0.21,6053
2026-05-09 15:33:53,1,1,1,1649.6,39,-23.1,-648,1517,1,2.95,0.21,6053,1,2.95,0.21,6053
2026-05-09 15:33:53,1,1,1,1688.9,-8,-21.5,-620,1571,1,2.95,0.21,6053,1,2.95,0.21,6053
2026-05-09 15:33:53,1,1,1,1688.9,-8,-21.5,-620,1571,1,2.95,0.21,6053,1,2.95,0.21,6053
2026-05-09 15:33:53,1,1,1,1726.5,39,-20.2,-597,1620,1,2.95,0.21,6053,1,2.95,0.21,6053
2026-05-09 15:33:53,1,1,1,1767.5,24,-18.9,-573,1672,1,2.95,0.21,6053,1,2.95,0.21,6053
2026-05-09 15:33:53,1,1,1,1767.5,24,-18.9,-573,1672,1,2.95,0.21,6053,1,2.95,0.21,6053
2026-05-09 15:33:54,1,1,1,1828.2,0,-17.9,-561,1740,1,2.95,0.21,6053,1,2.95,0.21,6053
2026-05-09 15:33:54,1,1,1,1828.2,0,-17.9,-561,1740,1,2.95,0.21,6053,1,2.95,0.21,6053
2026-05-09 15:33:54,1,1,1,1919.5,0,-17.0,-560,1836,1,2.95,0.21,6053,1,2.95,0.21,6053
2026-05-09 15:33:54,1,1,1,1919.5,0,-17.0,-560,1836,1,2.95,0.21,6053,1,2.95,0.21,6053
2026-05-09 15:33:54,1,1,1,2083.1,0,-15.2,-547,2010,1,2.00,0.00,14957,1,2.00,0.00,14957
2026-05-09 15:33:54,1,1,1,2266.0,0,-13.8,-539,2201,1,2.00,0.00,14957,1,2.00,0.00,14957
2026-05-09 15:33:54,1,1,1,2266.0,0,-13.8,-539,2201,1,2.00,0.11,3145,1,2.00,0.11,3145
2026-05-09 15:33:54,1,1,1,2426.8,0,-12.9,-540,2366,1,2.00,0.11,3145,1,2.00,0.11,3145
2026-05-09 15:33:54,1,1,1,2426.8,0,-12.9,-540,2366,1,2.01,0.16,25258,1,2.01,0.16,25258
2026-05-09 15:33:54,1,1,1,2558.4,32,-12.2,-539,2501,1,2.01,0.16,25258,1,2.01,0.16,25258
2026-05-09 15:33:54,1,1,1,2558.4,32,-12.2,-539,2501,1,2.03,0.16,25258,1,2.03,0.16,25258
2026-05-09 15:33:54,1,1,1,2484.2,24,-11.1,-477,2438,1,2.03,0.16,25258,1,2.03,0.16,25258
2026-05-09 15:33:54,1,1,1,2484.2,24,-11.1,-477,2438,1,2.03,0.16,25258,1,2.03,0.16,25258
2026-05-09 15:33:54,1,1,1,2399.1,24,-9.7,-403,2365,1,2.03,0.16,25258,1,2.03,0.16,25258
2026-05-09 15:33:54,1,1,1,2314.6,0,-8.2,-330,2291,1,2.03,0.16,25258,1,2.03,0.16,25258
2026-05-09 15:33:54,1,1,1,2314.6,0,-8.2,-330,2291,1,2.03,0.16,25258,1,2.03,0.16,25258
2026-05-09 15:33:54,1,1,1,2327.8,0,-7.3,-295,2309,1,2.03,0.16,25258,1,2.03,0.16,25258
2026-05-09 15:33:54,1,1,1,2327.8,0,-7.3,-295,2309,1,2.03,0.16,25258,1,2.03,0.16,25258
2026-05-09 15:33:54,1,1,1,2449.5,0,-6.8,-292,2432,1,2.03,0.16,25258,1,2.03,0.16,25258
2026-05-09 15:33:54,1,1,1,2449.5,0,-6.8,-292,2432,1,2.03,0.16,25258,1,2.03,0.16,25258
2026-05-09 15:33:55,1,1,1,2567.8,-16,-6.6,-293,2551,1,2.03,0.16,25258,1,2.03,0.16,25258
2026-05-09 15:33:55,1,1,1,2513.2,-32,-4.9,-215,2504,1,2.03,0.16,25258,1,2.03,0.16,25258
2026-05-09 15:33:55,1,1,1,2513.2,-32,-4.9,-215,2504,1,2.03,0.16,25258,1,2.03,0.16,25258
2026-05-09 15:33:55,1,1,1,2424.9,-56,-3.3,-138,2421,1,0.00,0.00,0,0,0.00,0.00,0
2026-05-09 15:33:55,1,1,1,2424.9,-56,-3.3,-138,2421,1,0.00,0.00,0,0,0.00,0.00,0
2026-05-09 15:33:55,1,1,1,2334.3,-96,-1.0,-40,2334,1,0.00,0.00,0,0,0.00,0.00,0
2026-05-09 15:33:55,1,1,1,2334.3,-96,-1.0,-40,2334,1,0.00,0.00,0,0,0.00,0.00,0
2026-05-09 15:33:55,1,1,1,2244.3,-79,0.9,37,2244,1,0.00,0.00,0,0,0.00,0.00,0
2026-05-09 15:33:55,1,1,1,2244.3,-79,0.9,37,2244,0,0.00,0.00,0,0,0.00,0.00,0
2026-05-09 15:33:55,1,1,1,2155.6,-72,2.8,105,2153,0,0.00,0.00,0,0,0.00,0.00,0
2026-05-09 15:33:55,1,1,1,2080.9,-48,3.9,142,2076,0,0.00,0.00,0,0,0.00,0.00,0
2026-05-09 15:33:55,1,1,1,2080.9,-48,3.9,142,2076,0,0.00,0.00,0,0,0.00,0.00,0
2026-05-09 15:33:55,1,1,1,2012.4,-64,4.6,160,2006,0,0.00,0.00,0,0,0.00,0.00,0
2026-05-09 15:33:55,1,1,1,2012.4,-64,4.6,160,2006,0,0.00,0.00,0,0,0.00,0.00,0
2026-05-09 15:33:55,1,1,1,1948.3,-64,4.9,168,1941,0,0.00,0.00,0,0,0.00,0.00,0
2026-05-09 15:33:55,1,1,1,1948.3,-64,4.9,168,1941,0,0.00,0.00,0,0,0.00,0.00,0
2026-05-09 15:33:55,1,1,1,1884.8,-79,5.2,171,1877,0,0.00,0.00,0,0,0.00,0.00,0
2026-05-09 15:33:55,1,1,1,1884.8,-79,5.2,171,1877,0,0.00,0.00,0,0,0.00,0.00,0
2026-05-09 15:33:55,1,1,1,1815.8,-88,5.7,179,1807,0,0.00,0.00,0,1,1.53,-0.94,15610
2026-05-09 15:33:55,1,1,1,1743.7,-96,6.4,193,1733,0,0.00,0.00,0,1,1.53,-0.94,15610
2026-05-09 15:33:56,1,1,1,1743.7,-96,6.4,193,1733,1,1.47,-0.93,50933,1,1.47,-0.93,50933
2026-05-09 15:33:56,1,1,1,1671.6,-79,7.3,213,1658,1,1.47,-0.93,50933,1,1.47,-0.93,50933
2026-05-09 15:33:56,1,1,1,1671.6,-79,7.3,213,1658,1,1.37,-0.93,50933,1,1.37,-0.93,50933
2026-05-09 15:33:56,1,1,1,1610.8,-56,7.8,218,1596,1,1.37,-0.93,50933,1,1.37,-0.93,50933
2026-05-09 15:33:56,1,1,1,1610.8,-56,7.8,218,1596,1,1.37,-0.93,50933,1,1.37,-0.93,50933
2026-05-09 15:33:56,1,1,1,1537.0,-72,8.0,214,1522,1,1.37,-0.93,50933,1,1.37,-0.93,50933
2026-05-09 15:33:56,1,1,1,1465.0,-72,8.5,216,1449,1,1.37,-0.93,50933,1,1.37,-0.93,50933
2026-05-09 15:33:56,1,1,1,1465.0,-72,8.5,216,1449,1,1.37,-0.93,50933,1,1.37,-0.93,50933
2026-05-09 15:33:56,1,1,1,1397.6,-79,9.1,221,1380,1,1.37,-0.93,50933,1,1.37,-0.93,50933
2026-05-09 15:33:56,1,1,1,1397.6,-79,9.1,221,1380,1,1.37,-0.93,50933,1,1.37,-0.93,50933
2026-05-09 15:33:56,1,1,1,1329.5,-96,9.8,227,1310,1,1.37,-0.93,50933,1,1.37,-0.93,50933
2026-05-09 15:33:56,1,1,1,1329.5,-96,9.8,227,1310,1,1.37,-0.93,50933,1,1.37,-0.93,50933
2026-05-09 15:33:56,1,1,1,1259.1,-96,10.2,224,1239,1,1.37,-0.93,50933,1,1.37,-0.93,50933
2026-05-09 15:33:56,1,1,1,1259.1,-96,10.2,224,1239,1,1.37,-0.93,50933,1,1.37,-0.93,50933
2026-05-09 15:33:56,1,1,1,1187.0,-88,10.5,217,1167,1,1.37,-0.93,50933,1,1.37,-0.93,50933
2026-05-09 15:33:56,1,1,1,1115.0,-88,10.0,194,1098,1,0.00,0.00,0,0,0.00,0.00,0
2026-05-09 15:33:56,1,1,1,1115.0,-88,10.0,194,1098,1,0.82,-0.72,14097,1,0.82,-0.72,14097
2026-05-09 15:33:56,1,1,1,1044.5,-72,9.9,179,1029,1,0.82,-0.72,14097,1,0.82,-0.72,14097
2026-05-09 15:33:56,1,1,1,1044.5,-72,9.9,179,1029,1,0.76,-0.69,64269,1,0.76,-0.69,64269
2026-05-09 15:33:56,1,1,1,980.7,-72,10.6,180,964,1,0.76,-0.69,64269,1,0.76,-0.69,64269
2026-05-09 15:33:57,1,1,1,980.7,-72,10.6,180,964,1,0.71,-0.69,2404,1,0.71,-0.69,2404
2026-05-09 15:33:57,1,1,1,917.0,-64,11.1,176,900,1,0.71,-0.69,2404,1,0.71,-0.69,2404
2026-05-09 15:33:57,1,1,1,855.1,-72,11.8,175,837,1,0.64,-0.69,2404,1,0.64,-0.69,2404
2026-05-09 15:33:57,1,1,1,855.1,-72,11.8,175,837,1,0.64,-0.69,2404,1,0.64,-0.69,2404
2026-05-09 15:33:57,1,1,1,792.9,-64,12.5,172,774,1,0.64,-0.69,2404,1,0.64,-0.69,2404
2026-05-09 15:33:57,1,1,1,792.9,-64,12.5,172,774,0,0.00,0.00,0,1,0.64,-0.69,2404
2026-05-09 15:33:57,1,1,1,728.4,-56,13.6,171,708,0,0.00,0.00,0,1,0.64,-0.69,2404
2026-05-09 15:33:57,1,1,1,728.4,-56,13.6,171,708,0,0.00,0.00,0,1,0.64,-0.69,2404
2026-05-09 15:33:57,1,1,1,666.8,-48,15.0,173,644,0,0.00,0.00,0,1,0.64,-0.69,2404
2026-05-09 15:33:57,1,1,1,666.8,-48,15.0,173,644,0,0.00,0.00,0,1,0.64,-0.69,2404
2026-05-09 15:33:57,1,1,1,605.0,-88,18.1,188,575,0,0.00,0.00,0,1,0.64,-0.69,2404
2026-05-09 15:33:57,1,1,1,565.2,-16,19.7,191,532,0,0.00,0.00,0,1,0.64,-0.69,2404
2026-05-09 15:33:57,1,1,1,565.2,-16,19.7,191,532,0,0.00,0.00,0,1,0.64,-0.69,2404
2026-05-09 15:33:57,1,1,1,518.3,-48,21.3,188,483,0,0.00,0.00,0,1,0.64,-0.69,2404
2026-05-09 15:33:57,1,1,1,518.3,-48,21.3,188,483,0,0.00,0.00,0,1,0.64,-0.69,2404
2026-05-09 15:33:57,1,1,1,483.4,24,21.1,174,451,0,0.00,0.00,0,0,0.00,0.00,0
2026-05-09 15:33:57,1,1,1,483.4,24,21.1,174,451,0,0.00,0.00,0,0,0.00,0.00,0
2026-05-09 15:33:57,1,1,1,453.8,56,18.6,145,430,0,0.00,0.00,0,0,0.00,0.00,0
2026-05-09 15:33:57,1,1,1,430.0,56,14.1,105,417,0,0.00,0.00,0,0,0.00,0.00,0
2026-05-09 15:33:57,1,1,1,430.0,56,14.1,105,417,0,0.00,0.00,0,0,0.00,0.00,0
2026-05-09 15:33:58,1,1,1,435.0,56,8.7,66,430,0,0.00,0.00,0,1,0.56,0.71,47529
2026-05-09 15:33:58,1,1,1,435.0,56,8.7,66,430,0,0.00,0.00,0,1,0.56,0.71,47529
2026-05-09 15:33:58,1,1,1,458.7,64,3.1,25,458,1,0.63,0.71,47529,1,0.63,0.71,47529
2026-05-09 15:33:58,1,1,1,458.7,64,3.1,25,458,1,0.63,0.71,47529,1,0.63,0.71,47529
2026-05-09 15:33:58,1,1,1,483.7,96,-3.1,-26,483,1,0.72,0.72,9737,1,0.72,0.72,9737
2026-05-09 15:33:58,1,1,1,483.7,96,-3.1,-26,483,1,0.72,0.72,9737,1,0.72,0.72,9737
2026-05-09 15:33:58,1,1,1,526.0,64,-7.1,-65,522,1,0.80,0.72,9737,1,0.80,0.72,9737
2026-05-09 15:33:58,1,1,1,579.1,88,-10.1,-102,570,1,0.80,0.72,9737,1,0.80,0.72,9737
2026-05-09 15:33:58,1,1,1,579.1,88,-10.1,-102,570,1,0.93,0.83,11429,1,0.93,0.83,11429
2026-05-09 15:33:58,1,1,1,641.2,104,-12.9,-143,625,1,0.93,0.83,11429,1,0.93,0.83,11429
2026-05-09 15:33:58,1,1,1,641.2,104,-12.9,-143,625,1,1.03,0.93,20770,1,1.03,0.93,20770
2026-05-09 15:33:58,1,1,1,710.5,104,-15.1,-185,686,1,1.03,0.93,20770,1,1.03,0.93,20770
2026-05-09 15:33:58,1,1,1,710.5,104,-15.1,-185,686,1,1.12,0.93,20770,1,1.12,0.93,20770
2026-05-09 15:33:58,1,1,1,783.4,88,-16.5,-223,751,1,1.12,0.93,20770,1,1.12,0.93,20770
2026-05-09 15:33:58,1,1,1,854.8,88,-17.8,-261,814,1,1.22,0.94,31905,1,1.22,0.94,31905
2026-05-09 15:33:58,1,1,1,854.8,88,-17.8,-261,814,1,1.22,0.94,31905,1,1.22,0.94,31905
2026-05-09 15:33:58,1,1,1,926.9,88,-18.9,-300,877,1,1.31,0.94,43370,1,1.31,0.94,43370
2026-05-09 15:33:58,1,1,1,926.9,88,-18.9,-300,877,1,1.31,0.94,43370,1,1.31,0.94,43370
2026-05-09 15:33:58,1,1,1,1003.2,96,-19.4,-334,946,1,1.40,0.94,5524,1,1.40,0.94,5524
2026-05-09 15:33:58,1,1,1,1003.2,96,-19.4,-334,946,1,1.40,0.94,5524,1,1.40,0.94,5524
2026-05-09 15:33:59,1,1,1,1079.0,112,-18.5,-343,1023,1,1.49,0.95,7153,1,1.49,0.95,7153
2026-05-09 15:33:59,1,1,1,1079.0,112,-18.5,-343,1023,1,1.49,0.95,7153,1,1.49,0.95,7153
2026-05-09 15:33:59,1,1,1,1160.6,119,-18.1,-361,1103,1,1.59,0.95,7153,1,1.59,0.95,7153
2026-05-09 15:33:59,1,1,1,1252.0,96,-18.1,-389,1190,1,1.59,0.95,7153,1,1.59,0.95,7153
2026-05-09 15:33:59,1,1,1,1252.0,96,-18.1,-389,1190,1,1.59,0.95,7153,1,1.59,0.95,7153
2026-05-09 15:33:59,1,1,1,1342.7,96,-18.0,-415,1277,1,1.59,0.95,7153,1,1.59,0.95,7153
2026-05-09 15:33:59,1,1,1,1342.7,96,-18.0,-415,1277,1,1.59,0.95,7153,1,1.59,0.95,7153
2026-05-09 15:33:59,1,1,1,1431.3,88,-17.9,-440,1362,1,1.59,0.95,7153,1,1.59,0.95,7153
2026-05-09 15:33:59,1,1,1,1431.3,88,-17.9,-440,1362,1,1.86,0.78,54592,1,1.86,0.78,54592
2026-05-09 15:33:59,1,1,1,1509.4,79,-17.9,-465,1436,1,1.86,0.78,54592,1,1.86,0.78,54592
2026-05-09 15:33:59,1,1,1,1581.9,79,-17.7,-481,1507,1,1.97,0.87,20049,1,1.97,0.87,20049
2026-05-09 15:33:59,1,1,1,1581.9,79,-17.7,-481,1507,1,1.97,0.87,20049,1,1.97,0.87,20049
2026-05-09 15:33:59,1,1,1,1653.9,88,-17.3,-492,1579,1,2.06,0.87,20049,1,2.06,0.87,20049
2026-05-09 15:33:59,1,1,1,1653.9,88,-17.3,-492,1579,1,2.06,0.87,20049,1,2.06,0.87,20049
2026-05-09 15:33:59,1,1,1,1731.8,104,-17.1,-510,1655,1,2.06,0.87,20049,1,2.06,0.87,20049
2026-05-09 15:33:59,1,1,1,1731.8,104,-17.1,-510,1655,1,2.06,0.87,20049,1,2.06,0.87,20049
2026-05-09 15:33:59,1,1,1,1806.7,79,-16.9,-524,1729,1,2.06,0.87,20049,1,2.06,0.87,20049
2026-05-09 15:33:59,1,1,1,1806.7,79,-16.9,-524,1729,1,2.06,0.87,20049,1,2.06,0.87,20049
2026-05-09 15:33:59,1,1,1,1890.4,79,-16.7,-542,1811,1,2.06,0.87,20049,1,2.06,0.87,20049
2026-05-09 15:33:59,1,1,1,1990.6,0,-16.5,-564,1909,1,2.06,0.87,20049,1,2.06,0.87,20049
2026-05-09 15:34:00,1,1,1,1990.6,0,-16.5,-564,1909,1,2.06,0.87,20049,1,2.06,0.87,20049
2026-05-09 15:34:00,1,1,1,2068.1,-8,-16.0,-570,1988,1,2.06,0.87,20049,1,2.06,0.87,20049
2026-05-09 15:34:00,1,1,1,2068.1,-8,-16.0,-570,1988,1,2.06,0.87,20049,1,2.06,0.87,20049
2026-05-09 15:34:00,1,1,1,2109.5,32,-15.2,-552,2036,1,2.06,0.87,20049,1,2.06,0.87,20049
2026-05-09 15:34:00,1,1,1,2109.5,32,-15.2,-552,2036,1,2.06,0.87,20049,1,2.06,0.87,20049
2026-05-09 15:34:00,1,1,1,2163.9,0,-14.2,-530,2098,1,0.00,0.00,0,0,0.00,0.00,0
2026-05-09 15:34:00,1,1,1,2163.9,0,-14.2,-530,2098,1,0.00,0.00,0,0,0.00,0.00,0
2026-05-09 15:34:00,1,1,1,2292.5,0,-13.2,-523,2232,1,0.00,0.00,0,0,0.00,0.00,0
2026-05-09 15:34:00,1,1,1,2432.4,0,-12.2,-516,2377,1,0.00,0.00,0,0,0.00,0.00,0
2026-05-09 15:34:00,1,1,1,2432.4,0,-12.2,-516,2377,1,0.00,0.00,0,0,0.00,0.00,0
2026-05-09 15:34:00,1,1,1,2550.9,0,-11.1,-492,2503,0,0.00,0.00,0,0,0.00,0.00,0
2026-05-09 15:34:00,1,1,1,2550.9,0,-11.1,-492,2503,0,0.00,0.00,0,0,0.00,0.00,0
2026-05-09 15:34:00,1,1,1,2681.7,0,-9.9,-460,2642,0,0.00,0.00,0,0,0.00,0.00,0
2026-05-09 15:34:00,1,1,1,2681.7,0,-9.9,-460,2642,0,0.00,0.00,0,0,0.00,0.00,0
2026-05-09 15:34:00,1,1,1,2793.1,0,-8.8,-429,2760,0,0.00,0.00,0,0,0.00,0.00,0
2026-05-09 15:34:00,1,1,1,2872.8,0,-8.1,-406,2844,0,0.00,0.00,0,0,0.00,0.00,0
2026-05-09 15:34:00,1,1,1,2872.8,0,-8.1,-406,2844,0,0.00,0.00,0,0,0.00,0.00,0
2026-05-09 15:34:00,1,1,1,2931.2,8,-7.4,-376,2907,0,0.00,0.00,0,0,0.00,0.00,0
2026-05-09 15:34:00,1,1,1,2931.2,8,-7.4,-376,2907,0,0.00,0.00,0,0,0.00,0.00,0
2026-05-09 15:34:00,1,1,1,2828.1,16,-5.3,-261,2816,0,0.00,0.00,0,0,0.00,0.00,0
2026-05-09 15:34:01,1,1,1,2828.1,16,-5.3,-261,2816,0,0.00,0.00,0,0,0.00,0.00,0
2026-05-09 15:34:01,1,1,1,2740.2,8,-3.2,-152,2736,0,0.00,0.00,0,0,0.00,0.00,0
2026-05-09 15:34:01,1,1,1,2740.2,8,-3.2,-152,2736,0,0.00,0.00,0,0,0.00,0.00,0
2026-05-09 15:34:01,1,1,1,2643.0,0,-0.3,-12,2643,0,0.00,0.00,0,0,0.00,0.00,0
2026-05-09 15:34:01,1,1,1,2550.8,-8,2.2,97,2549,0,0.00,0.00,0,0,0.00,0.00,0
2026-05-09 15:34:01,1,1,1,2550.8,-8,2.2,97,2549,0,0.00,0.00,0,0,0.00,0.00,0
2026-05-09 15:34:01,1,1,1,2486.2,-8,4.0,175,2480,0,0.00,0.00,0,0,0.00,0.00,0
2026-05-09 15:34:01,1,1,1,2486.2,-8,4.0,175,2480,0,0.00,0.00,0,0,0.00,0.00,0
2026-05-09 15:34:01,1,1,1,2437.6,-24,6.1,257,2424,0,0.00,0.00,0,0,0.00,0.00,0
2026-05-09 15:34:01,1,1,1,2437.6,-24,6.1,257,2424,0,0.00,0.00,0,0,0.00,0.00,0
2026-05-09 15:34:01,1,1,1,2399.3,-39,7.6,319,2378,0,0.00,0.00,0,0,0.00,0.00,0
2026-05-09 15:34:01,1,1,1,2368.2,-56,8.7,358,2341,0,0.00,0.00,0,0,0.00,0.00,0
2026-05-09 15:34:01,1,1,1,2368.2,-56,8.7,358,2341,0,0.00,0.00,0,1,2.27,-0.64,6370
2026-05-09 15:34:01,1,1,1,2337.9,-64,9.3,379,2307,0,0.00,0.00,0,1,2.27,-0.64,6370
2026-05-09 15:34:01,1,1,1,2337.9,-64,9.3,379,2307,1,2.22,-0.79,41858,1,2.22,-0.79,41858
2026-05-09 15:34:01,1,1,1,2298.7,-88,9.8,392,2265,1,2.22,-0.79,41858,1,2.22,-0.79,41858
2026-05-09 15:34:01,1,1,1,2298.7,-88,9.8,392,2265,1,2.14,-0.79,41858,1,2.14,-0.79,41858
2026-05-09 15:34:01,1,1,1,2251.6,-79,10.5,410,2214,1,2.14,-0.79,41858,1,2.14,-0.79,41858
2026-05-09 15:34:01,1,1,1,2251.6,-79,10.5,410,2214,1,2.14,-0.79,41858,1,2.14,-0.79,41858
2026-05-09 15:34:01,1,1,1,2194.4,-72,11.1,424,2153,1,2.14,-0.79,41858,1,2.14,-0.79,41858
2026-05-09 15:34:02,1,1,1,2132.8,-72,11.5,425,2090,1,2.14,-0.79,41858,1,2.14,-0.79,41858
2026-05-09 15:34:02,1,1,1,2132.8,-72,11.5,425,2090,1,2.14,-0.79,41858,1,2.14,-0.79,41858
2026-05-09 15:34:02,1,1,1,2067.8,-79,12.1,433,2022,1,2.14,-0.79,41858,1,2.14,-0.79,41858
2026-05-09 15:34:02,1,1,1,2067.8,-79,12.1,433,2022,1,2.14,-0.79,41858,1,2.14,-0.79,41858
2026-05-09 15:34:02,1,1,1,2000.1,-96,12.6,436,1952,1,2.14,-0.79,41858,1,2.14,-0.79,41858
2026-05-09 15:34:02,1,1,1,2000.1,-96,12.6,436,1952,1,2.14,-0.79,41858,1,2.14,-0.79,41858
2026-05-09 15:34:02,1,1,1,1925.3,-119,13.0,433,1876,1,3.19,-0.03,1274,1,3.19,-0.03,1274
2026-05-09 15:34:02,1,1,1,1850.6,-88,13.0,417,1803,1,3.19,-0.03,1274,1,3.19,-0.03,1274
2026-05-09 15:34:02,1,1,1,1850.6,-88,13.0,417,1803,1,2.35,-0.52,43098,1,2.35,-0.52,43098
2026-05-09 15:34:02,1,1,1,1772.6,-88,13.3,408,1725,1,2.35,-0.52,43098,1,2.35,-0.52,43098
2026-05-09 15:34:02,1,1,1,1772.6,-88,13.3,408,1725,1,2.29,-0.52,43098,1,2.29,-0.52,43098
2026-05-09 15:34:02,1,1,1,1692.7,-88,13.8,403,1644,1,2.29,-0.52,43098,1,2.29,-0.52,43098
2026-05-09 15:34:02,1,1,1,1692.7,-88,13.8,403,1644,1,2.29,-0.52,43098,1,2.29,-0.52,43098
2026-05-09 15:34:02,1,1,1,1619.0,-104,15.1,422,1563,1,2.29,-0.52,43098,1,2.29,-0.52,43098
2026-05-09 15:34:02,1,1,1,1619.0,-104,15.1,422,1563,1,2.29,-0.52,43098,1,2.29,-0.52,43098
2026-05-09 15:34:02,1,1,1,1539.5,-88,16.0,424,1480,1,2.29,-0.52,43098,1,2.29,-0.52,43098
2026-05-09 15:34:02,1,1,1,1462.1,-104,16.5,415,1402,1,2.29,-0.52,43098,1,2.29,-0.52,43098
2026-05-09 15:34:02,1,1,1,1462.1,-104,16.5,415,1402,1,2.29,-0.52,43098,1,2.29,-0.52,43098
2026-05-09 15:34:02,1,1,1,1383.2,-112,16.2,387,1328,1,2.29,-0.52,43098,1,2.29,-0.52,43098
2026-05-09 15:34:02,1,1,1,1383.2,-112,16.2,387,1328,1,2.29,-0.52,43098,1,2.29,-0.52,43098
2026-05-09 15:34:03,1,1,1,1308.2,-88,16.7,376,1253,1,3.17,-0.02,3281,1,3.17,-0.02,3281
2026-05-09 15:34:03,1,1,1,1308.2,-88,16.7,376,1253,1,3.17,-0.02,3281,1,3.17,-0.02,3281
2026-05-09 15:34:03,1,1,1,1225.6,-79,16.7,352,1174,1,3.17,-0.02,3281,1,3.17,-0.02,3281
2026-05-09 15:34:03,1,1,1,1137.3,-79,16.8,328,1089,1,3.17,-0.02,3281,1,3.17,-0.02,3281
2026-05-09 15:34:03,1,1,1,1137.3,-79,16.8,328,1089,1,3.17,-0.02,3281,1,3.17,-0.02,3281
2026-05-09 15:34:03,1,1,1,1050.7,-72,16.6,300,1007,1,3.17,-0.02,3281,1,3.17,-0.02,3281
2026-05-09 15:34:03,1,1,1,1050.7,-72,16.6,300,1007,1,3.17,-0.02,3281,1,3.17,-0.02,3281
2026-05-09 15:34:03,1,1,1,971.5,-79,16.8,281,930,1,3.17,-0.02,3281,1,3.17,-0.02,3281
2026-05-09 15:34:03,1,1,1,971.5,-79,16.8,281,930,1,0.74,-0.71,28653,1,0.74,-0.71,28653
2026-05-09 15:34:03,1,1,1,893.9,-88,17.0,261,855,1,0.74,-0.71,28653,1,0.74,-0.71,28653
2026-05-09 15:34:03,1,1,1,893.9,-88,17.0,261,855,1,0.67,-0.71,28653,1,0.67,-0.71,28653
2026-05-09 15:34:03,1,1,1,817.8,-79,16.8,236,783,1,0.67,-0.71,28653,1,0.67,-0.71,28653
2026-05-09 15:34:03,1,1,1,740.0,-72,16.6,212,709,1,0.55,-0.72,30120,1,0.55,-0.72,30120
2026-05-09 15:34:03,1,1,1,740.0,-72,16.6,212,709,1,0.55,-0.72,30120,1,0.55,-0.72,30120
2026-05-09 15:34:03,1,1,1,665.7,-56,16.6,190,638,1,0.48,-0.72,30120,1,0.48,-0.72,30120
2026-05-09 15:34:03,1,1,1,665.7,-56,16.6,190,638,1,0.48,-0.72,30120,1,0.48,-0.72,30120
2026-05-09 15:34:03,1,1,1,604.8,-32,16.1,168,581,1,0.48,-0.72,30120,1,0.48,-0.72,30120
2026-05-09 15:34:03,1,1,1,604.8,-32,16.1,168,581,1,0.48,-0.72,30120,1,0.48,-0.72,30120
2026-05-09 15:34:03,1,1,1,551.7,-24,15.3,146,532,1,0.48,-0.72,30120,1,0.48,-0.72,30120
2026-05-09 15:34:03,1,1,1,502.5,-39,15.6,135,484,1,0.48,-0.72,30120,1,0.48,-0.72,30120
2026-05-09 15:34:04,1,1,1,502.5,-39,15.6,135,484,1,0.48,-0.72,30120,1,0.48,-0.72,30120
2026-05-09 15:34:04,1,1,1,457.8,0,15.6,123,441,1,0.48,-0.72,30120,1,0.48,-0.72,30120
2026-05-09 15:34:04,1,1,1,457.8,0,15.6,123,441,1,0.48,-0.72,30120,1,0.48,-0.72,30120
2026-05-09 15:34:04,1,1,1,428.3,39,13.8,102,416,1,0.48,-0.72,30120,1,0.48,-0.72,30120
2026-05-09 15:34:04,1,1,1,428.3,39,13.8,102,416,1,0.48,-0.72,30120,1,0.48,-0.72,30120
2026-05-09 15:34:04,1,1,1,406.9,64,9.8,69,401,1,0.48,-0.72,30120,1,0.48,-0.72,30120
2026-05-09 15:34:04,1,1,1,406.9,64,9.8,69,401,1,0.53,0.75,10517,1,0.53,0.75,10517
2026-05-09 15:34:04,1,1,1,389.7,79,3.4,23,389,1,0.53,0.75,10517,1,0.53,0.75,10517
2026-05-09 15:34:04,1,1,1,397.7,79,-5.3,-37,396,1,0.60,0.75,10517,1,0.60,0.75,10517
2026-05-09 15:34:04,1,1,1,397.7,79,-5.3,-37,396,1,0.60,0.75,10517,1,0.60,0.75,10517
2026-05-09 15:34:04,1,1,1,428.3,79,-14.3,-106,415,1,0.60,0.75,10517,1,0.60,0.75,10517
2026-05-09 15:34:04,1,1,1,428.3,79,-14.3,-106,415,1,0.60,0.75,10517,1,0.60,0.75,10517
2026-05-09 15:34:04,1,1,1,476.4,79,-20.9,-170,445,1,0.60,0.75,10517,1,0.60,0.75,10517
2026-05-09 15:34:04,1,1,1,476.4,79,-20.9,-170,445,1,0.60,0.75,10517,1,0.60,0.75,10517
2026-05-09 15:34:04,1,1,1,536.7,96,-25.6,-232,484,1,0.99,1.18,15588,1,0.99,1.18,15588
2026-05-09 15:34:04,1,1,1,536.7,96,-25.6,-232,484,1,0.99,1.18,15588,1,0.99,1.18,15588
2026-05-09 15:34:04,1,1,1,608.0,112,-28.2,-287,536,1,1.11,1.18,15588,1,1.11,1.18,15588
2026-05-09 15:34:04,1,1,1,686.6,104,-28.9,-332,601,1,1.11,1.18,15588,1,1.11,1.18,15588
2026-05-09 15:34:04,1,1,1,686.6,104,-28.9,-332,601,1,1.13,1.06,21681,1,1.13,1.06,21681
2026-05-09 15:34:04,1,1,1,765.5,96,-29.8,-381,664,1,1.13,1.06,21681,1,1.13,1.06,21681
2026-05-09 15:34:05,1,1,1,765.5,96,-29.8,-381,664,1,1.24,1.03,33941,1,1.24,1.03,33941
2026-05-09 15:34:05,1,1,1,844.5,88,-30.5,-428,728,1,1.24,1.03,33941,1,1.24,1.03,33941
2026-05-09 15:34:05,1,1,1,844.5,88,-30.5,-428,728,1,1.34,1.03,33941,1,1.34,1.03,33941
2026-05-09 15:34:05,1,1,1,918.3,79,-30.3,-463,793,1,1.34,1.03,33941,1,1.34,1.03,33941
2026-05-09 15:34:05,1,1,1,990.7,88,-29.6,-490,861,1,1.40,1.00,25281,1,1.40,1.00,25281
2026-05-09 15:34:05,1,1,1,990.7,88,-29.6,-490,861,1,1.40,1.00,25281,1,1.40,1.00,25281
2026-05-09 15:34:05,1,1,1,1065.0,96,-29.2,-519,930,1,1.50,1.00,25281,1,1.50,1.00,25281
2026-05-09 15:34:05,1,1,1,1065.0,96,-29.2,-519,930,1,1.50,1.00,25281,1,1.50,1.00,25281
2026-05-09 15:34:05,1,1,1,1142.9,112,-28.5,-546,1004,1,1.59,1.01,54874,1,1.59,1.01,54874
2026-05-09 15:34:05,1,1,1,1142.9,112,-28.5,-546,1004,1,1.59,1.01,54874,1,1.59,1.01,54874
2026-05-09 15:34:05,1,1,1,1223.5,104,-27.9,-573,1081,1,1.41,0.73,6093,1,1.41,0.73,6093
2026-05-09 15:34:05,1,1,1,1223.5,104,-27.9,-573,1081,1,1.41,0.73,6093,1,1.41,0.73,6093
2026-05-09 15:34:05,1,1,1,1307.7,88,-27.2,-598,1163,1,1.28,0.53,3445,1,1.28,0.53,3445
2026-05-09 15:34:05,1,1,1,1390.9,79,-26.3,-616,1247,1,1.28,0.53,3445,1,1.28,0.53,3445
2026-05-09 15:34:05,1,1,1,1390.9,79,-26.3,-616,1247,1,1.33,0.53,3445,1,1.33,0.53,3445
2026-05-09 15:34:05,1,1,1,1470.4,79,-25.2,-627,1330,1,1.33,0.53,3445,1,1.33,0.53,3445
2026-05-09 15:34:05,1,1,1,1470.4,79,-25.2,-627,1330,1,1.33,0.53,3445,1,1.33,0.53,3445
2026-05-09 15:34:05,1,1,1,1543.9,88,-24.5,-640,1405,1,1.33,0.53,3445,1,1.33,0.53,3445
2026-05-09 15:34:05,1,1,1,1543.9,88,-24.5,-640,1405,1,1.33,0.53,3445,1,1.33,0.53,3445
2026-05-09 15:34:05,1,1,1,1615.4,88,-23.8,-652,1478,1,1.33,0.53,3445,1,1.33,0.53,3445
2026-05-09 15:34:06,1,1,1,1693.9,0,-23.4,-674,1554,1,1.33,0.53,3445,1,1.33,0.53,3445
2026-05-09 15:34:06,1,1,1,1693.9,0,-23.4,-674,1554,1,1.33,0.53,3445,1,1.33,0.53,3445
2026-05-09 15:34:06,1,1,1,1774.3,88,-22.6,-682,1638,1,1.33,0.53,3445,1,1.33,0.53,3445
2026-05-09 15:34:06,1,1,1,1774.3,88,-22.6,-682,1638,1,1.33,0.53,3445,1,1.33,0.53,3445
2026-05-09 15:34:06,1,1,1,1844.4,64,-21.5,-676,1716,1,0.57,0.03,40004,1,0.57,0.03,40004
2026-05-09 15:34:06,1,1,1,1844.4,64,-21.5,-676,1716,1,0.57,0.03,40004,1,0.57,0.03,40004
2026-05-09 15:34:06,1,1,1,1916.0,0,-20.2,-662,1798,1,0.58,0.03,40004,1,0.58,0.03,40004
2026-05-09 15:34:06,1,1,1,1916.0,0,-20.2,-662,1798,1,0.58,0.03,40004,1,0.58,0.03,40004
2026-05-09 15:34:06,1,1,1,2016.3,0,-18.6,-643,1911,1,0.58,0.03,40004,1,0.58,0.03,40004
2026-05-09 15:34:06,1,1,1,2090.2,24,-17.6,-633,1992,1,0.58,0.03,40004,1,0.58,0.03,40004
2026-05-09 15:34:06,1,1,1,2090.2,24,-17.6,-633,1992,1,0.58,0.03,40004,1,0.58,0.03,40004
2026-05-09 15:34:06,1,1,1,2184.1,0,-16.3,-614,2096,1,0.58,0.03,40004,1,0.58,0.03,40004
2026-05-09 15:34:06,1,1,1,2184.1,0,-16.3,-614,2096,1,0.58,0.03,40004,1,0.58,0.03,40004
2026-05-09 15:34:06,1,1,1,2315.0,8,-15.7,-625,2229,1,0.58,0.03,40004,1,0.58,0.03,40004
2026-05-09 15:34:06,1,1,1,2315.0,8,-15.7,-625,2229,1,0.58,0.03,40004,1,0.58,0.03,40004
2026-05-09 15:34:06,1,1,1,2411.4,32,-15.0,-625,2329,1,0.58,0.03,40004,1,0.58,0.03,40004
2026-05-09 15:34:06,1,1,1,2525.1,0,-13.7,-599,2453,1,0.58,0.03,40004,1,0.58,0.03,40004
2026-05-09 15:34:06,1,1,1,2525.1,0,-13.7,-599,2453,1,0.58,0.03,40004,1,0.58,0.03,40004
2026-05-09 15:34:06,1,1,1,2606.4,8,-12.6,-567,2544,1,0.58,0.03,40004,1,0.58,0.03,40004
2026-05-09 15:34:06,1,1,1,2606.4,8,-12.6,-567,2544,1,0.00,0.00,0,0,0.00,0.00,0
2026-05-09 15:34:07,1,1,1,2687.9,0,-10.8,-505,2640,1,0.00,0.00,0,0,0.00,0.00,0
2026-05-09 15:34:07,1,1,1,2687.9,0,-10.8,-505,2640,1,0.00,0.00,0,0,0.00,0.00,0
2026-05-09 15:34:07,1,1,1,2738.3,16,-9.1,-432,2704,1,0.51,0.00,2962,1,0.51,0.00,2962
2026-05-09 15:34:07,1,1,1,2738.3,16,-9.1,-432,2704,1,0.51,0.00,2962,1,0.51,0.00,2962
2026-05-09 15:34:07,1,1,1,2786.7,0,-7.9,-385,2760,0,0.00,0.00,0,1,0.51,0.00,2962
2026-05-09 15:34:07,1,1,1,2839.9,0,-8.0,-397,2812,0,0.00,0.00,0,1,0.51,0.00,2962
2026-05-09 15:34:07,1,1,1,2839.9,0,-8.0,-397,2812,0,0.00,0.00,0,1,1.87,0.13,7209
2026-05-09 15:34:07,1,1,1,2897.5,0,-9.0,-452,2862,0,0.00,0.00,0,1,1.87,0.13,7209
2026-05-09 15:34:07,1,1,1,2897.5,0,-9.0,-452,2862,1,1.88,0.13,7209,1,1.88,0.13,7209
2026-05-09 15:34:07,1,1,1,2938.0,0,-9.6,-489,2897,1,1.88,0.13,7209,1,1.88,0.13,7209
2026-05-09 15:34:07,1,1,1,2938.0,0,-9.6,-489,2897,1,1.41,0.00,3517,1,1.41,0.00,3517
2026-05-09 15:34:07,1,1,1,2950.2,-8,-9.8,-503,2907,1,1.41,0.00,3517,1,1.41,0.00,3517
2026-05-09 15:34:07,1,1,1,2881.7,0,-8.6,-433,2849,1,1.41,0.00,3517,1,1.41,0.00,3517
2026-05-09 15:34:07,1,1,1,2881.7,0,-8.6,-433,2849,1,1.41,0.00,3517,1,1.41,0.00,3517
2026-05-09 15:34:07,1,1,1,2786.0,-32,-6.7,-325,2767,1,1.41,0.00,3517,1,1.41,0.00,3517
2026-05-09 15:34:07,1,1,1,2786.0,-32,-6.7,-325,2767,1,1.41,0.00,3517,1,1.41,0.00,3517
2026-05-09 15:34:07,1,1,1,2693.9,-56,-4.4,-206,2686,1,1.41,0.00,3517,1,1.41,0.00,3517
2026-05-09 15:34:07,1,1,1,2693.9,-56,-4.4,-206,2686,1,1.41,0.00,3517,1,1.41,0.00,3517
2026-05-09 15:34:07,1,1,1,2607.0,-88,-2.3,-103,2605,1,2.49,-0.88,18545,1,2.49,-0.88,18545
2026-05-09 15:34:07,1,1,1,2607.0,-88,-2.3,-103,2605,1,2.49,-0.88,18545,1,2.49,-0.88,18545
2026-05-09 15:34:08,1,1,1,2532.0,-104,-0.2,-9,2532,1,2.40,-0.88,18545,1,2.40,-0.88,18545
2026-05-09 15:34:08,1,1,1,2459.3,-104,1.9,80,2458,1,2.40,-0.88,18545,1,2.40,-0.88,18545
2026-05-09 15:34:08,1,1,1,2459.3,-104,1.9,80,2458,1,2.29,-0.80,33124,1,2.29,-0.80,33124
2026-05-09 15:34:08,1,1,1,2379.4,-88,3.5,144,2375,1,2.29,-0.80,33124,1,2.29,-0.80,33124
2026-05-09 15:34:08,1,1,1,2379.4,-88,3.5,144,2375,1,2.22,-0.77,11194,1,2.22,-0.77,11194
2026-05-09 15:34:08,1,1,1,2307.2,-72,4.5,182,2300,1,2.22,-0.77,11194,1,2.22,-0.77,11194
2026-05-09 15:34:08,1,1,1,2307.2,-72,4.5,182,2300,1,2.15,-0.77,11194,1,2.15,-0.77,11194
2026-05-09 15:34:08,1,1,1,2231.4,-79,5.3,205,2222,1,2.15,-0.77,11194,1,2.15,-0.77,11194
2026-05-09 15:34:08,1,1,1,2156.9,-88,6.0,226,2145,1,2.15,-0.77,11194,1,2.15,-0.77,11194
2026-05-09 15:34:08,1,1,1,2156.9,-88,6.0,226,2145,1,2.15,-0.77,11194,1,2.15,-0.77,11194
2026-05-09 15:34:08,1,1,1,2084.7,-96,6.8,247,2070,1,2.15,-0.77,11194,1,2.15,-0.77,11194
2026-05-09 15:34:08,1,1,1,2084.7,-96,6.8,247,2070,1,2.15,-0.77,11194,1,2.15,-0.77,11194
2026-05-09 15:34:08,1,1,1,2018.2,-128,8.1,285,1998,1,2.15,-0.77,11194,1,2.15,-0.77,11194
2026-05-09 15:34:08,1,1,1,2018.2,-128,8.1,285,1998,1,2.15,-0.77,11194,1,2.15,-0.77,11194
2026-05-09 15:34:08,1,1,1,1943.0,-88,9.4,317,1917,1,2.15,-0.77,11194,1,2.15,-0.77,11194
2026-05-09 15:34:08,1,1,1,1943.0,-88,9.4,317,1917,1,2.15,-0.77,11194,1,2.15,-0.77,11194
2026-05-09 15:34:08,1,1,1,1863.0,-88,10.6,344,1831,1,2.15,-0.77,11194,1,2.15,-0.77,11194
2026-05-09 15:34:08,1,1,1,1783.4,-79,11.9,368,1745,1,2.15,-0.77,11194,1,2.15,-0.77,11194
2026-05-09 15:34:08,1,1,1,1783.4,-79,11.9,368,1745,1,2.15,-0.77,11194,1,2.15,-0.77,11194
2026-05-09 15:34:08,1,1,1,1703.9,-88,12.9,380,1661,1,0.00,0.00,0,0,0.00,0.00,0
2026-05-09 15:34:09,1,1,1,1703.9,-88,12.9,380,1661,1,0.00,0.00,0,0,0.00,0.00,0
2026-05-09 15:34:09,1,1,1,1622.4,-96,14.6,409,1570,1,0.00,0.00,0,0,0.00,0.00,0
2026-05-09 15:34:09,1,1,1,1622.4,-96,14.6,409,1570,1,0.00,0.00,0,0,0.00,0.00,0
2026-05-09 15:34:09,1,1,1,1548.5,-104,17.5,465,1477,1,0.00,0.00,0,0,0.00,0.00,0
2026-05-09 15:34:09,1,1,1,1548.5,-104,17.5,465,1477,0,0.00,0.00,0,0,0.00,0.00,0
2026-05-09 15:34:09,1,1,1,1477.1,-136,20.1,508,1387,0,0.00,0.00,0,0,0.00,0.00,0
2026-05-09 15:34:09,1,1,1,1392.1,-104,21.2,503,1298,0,0.00,0.00,0,0,0.00,0.00,0
2026-05-09 15:34:09,1,1,1,1392.1,-104,21.2,503,1298,0,0.00,0.00,0,0,0.00,0.00,0
2026-05-09 15:34:09,1,1,1,1301.9,-88,21.5,478,1211,0,0.00,0.00,0,0,0.00,0.00,0
2026-05-09 15:34:09,1,1,1,1301.9,-88,21.5,478,1211,0,0.00,0.00,0,0,0.00,0.00,0
2026-05-09 15:34:09,1,1,1,1212.8,-79,21.4,443,1129,0,0.00,0.00,0,0,0.00,0.00,0
2026-05-09 15:34:09,1,1,1,1212.8,-79,21.4,443,1129,0,0.00,0.00,0,0,0.00,0.00,0
2026-05-09 15:34:09,1,1,1,1131.7,-64,20.2,391,1062,0,0.00,0.00,0,1,0.78,-0.72,60570
2026-05-09 15:34:09,1,1,1,1051.3,-79,19.5,351,991,0,0.00,0.00,0,1,0.78,-0.72,60570
2026-05-09 15:34:09,1,1,1,1051.3,-79,19.5,351,991,1,0.71,-0.72,60570,1,0.71,-0.72,60570
2026-05-09 15:34:09,1,1,1,969.7,-96,20.2,335,910,1,0.71,-0.72,60570,1,0.71,-0.72,60570
2026-05-09 15:34:09,1,1,1,969.7,-96,20.2,335,910,1,0.69,-0.71,58682,1,0.69,-0.71,58682
2026-05-09 15:34:09,1,1,1,889.7,-72,21.3,323,829,1,0.69,-0.71,58682,1,0.69,-0.71,58682
2026-05-09 15:34:09,1,1,1,889.7,-72,21.3,323,829,1,0.62,-0.71,58682,1,0.62,-0.71,58682
2026-05-09 15:34:09,1,1,1,810.7,-64,22.9,315,747,1,0.62,-0.71,58682,1,0.62,-0.71,58682
2026-05-09 15:34:10,1,1,1,810.7,-64,22.9,315,747,1,0.62,-0.71,58682,1,0.62,-0.71,58682
2026-05-09 15:34:10,1,1,1,738.0,-56,24.4,305,672,1,0.62,-0.71,58682,1,0.62,-0.71,58682
2026-05-09 15:34:10,1,1,1,674.4,-79,26.8,304,602,1,0.62,-0.71,58682,1,0.62,-0.71,58682
2026-05-09 15:34:10,1,1,1,674.4,-79,26.8,304,602,1,0.62,-0.71,58682,1,0.62,-0.71,58682
2026-05-09 15:34:10,1,1,1,631.2,-32,27.9,295,558,1,0.62,-0.71,58682,1,0.62,-0.71,58682
2026-05-09 15:34:10,1,1,1,631.2,-32,27.9,295,558,1,0.62,-0.71,58682,1,0.62,-0.71,58682
2026-05-09 15:34:10,1,1,1,598.9,-8,27.8,279,530,1,0.62,-0.71,58682,1,0.62,-0.71,58682
2026-05-09 15:34:10,1,1,1,598.9,-8,27.8,279,530,1,0.62,-0.71,58682,1,0.62,-0.71,58682
2026-05-09 15:34:10,1,1,1,561.3,24,25.7,243,506,1,0.62,-0.71,58682,1,0.62,-0.71,58682
2026-05-09 15:34:10,1,1,1,516.2,16,23.0,202,475,1,0.62,-0.71,58682,1,0.62,-0.71,58682
2026-05-09 15:34:10,1,1,1,516.2,16,23.0,202,475,1,0.62,-0.71,58682,1,0.62,-0.71,58682
2026-05-09 15:34:10,1,1,1,474.7,39,18.9,154,449,1,0.00,0.00,0,0,0.00,0.00,0
2026-05-09 15:34:10,1,1,1,474.7,39,18.9,154,449,1,0.50,0.71,57556,1,0.50,0.71,57556
2026-05-09 15:34:10,1,1,1,441.0,64,12.8,98,430,1,0.50,0.71,57556,1,0.50,0.71,57556
2026-05-09 15:34:10,1,1,1,441.0,64,12.8,98,430,1,0.56,0.71,50701,1,0.56,0.71,50701
2026-05-09 15:34:10,1,1,1,437.5,64,4.7,36,436,1,0.56,0.71,50701,1,0.56,0.71,50701
2026-05-09 15:34:10,1,1,1,437.5,64,4.7,36,436,1,0.67,0.72,30885,1,0.67,0.72,30885
2026-05-09 15:34:10,1,1,1,457.9,72,-3.5,-28,457,1,0.67,0.72,30885,1,0.67,0.72,30885
2026-05-09 15:34:10,1,1,1,492.8,79,-11.5,-98,483,1,0.74,0.73,3556,1,0.74,0.73,3556
2026-05-09 15:34:10,1,1,1,492.8,79,-11.5,-98,483,1,0.74,0.73,3556,1,0.74,0.73,3556
2026-05-09 15:34:11,1,1,1,543.7,79,-16.2,-152,522,1,0.83,0.78,63737,1,0.83,0.78,63737
2026-05-09 15:34:11,1,1,1,543.7,79,-16.2,-152,522,1,0.83,0.78,63737,1,0.83,0.78,63737
2026-05-09 15:34:11,1,1,1,600.4,104,-20.9,-214,561,1,0.93,0.83,50056,1,0.93,0.83,50056
2026-05-09 15:34:11,1,1,1,600.4,104,-20.9,-214,561,1,0.93,0.83,50056,1,0.93,0.83,50056
2026-05-09 15:34:11,1,1,1,666.7,104,-24.6,-278,606,1,1.01,0.83,50056,1,1.01,0.83,50056
2026-05-09 15:34:11,1,1,1,738.0,24,-25.7,-320,665,1,1.01,0.83,50056,1,1.01,0.83,50056
2026-05-09 15:34:11,1,1,1,738.0,24,-25.7,-320,665,1,1.01,0.83,50056,1,1.01,0.83,50056
2026-05-09 15:34:11,1,1,1,806.8,64,-26.2,-356,724,1,1.01,0.83,50056,1,1.01,0.83,50056
2026-05-09 15:34:11,1,1,1,806.8,64,-26.2,-356,724,1,1.01,0.83,50056,1,1.01,0.83,50056
2026-05-09 15:34:11,1,1,1,875.2,72,-26.5,-391,783,1,1.01,0.83,50056,1,1.01,0.83,50056
2026-05-09 15:34:11,1,1,1,875.2,72,-26.5,-391,783,1,1.01,0.83,50056,1,1.01,0.83,50056
2026-05-09 15:34:11,1,1,1,940.1,79,-26.3,-416,843,1,1.01,0.83,50056,1,1.01,0.83,50056
2026-05-09 15:34:11,1,1,1,940.1,79,-26.3,-416,843,1,1.01,0.83,50056,1,1.01,0.83,50056
2026-05-09 15:34:11,1,1,1,1010.7,96,-27.1,-460,900,1,1.01,0.83,50056,1,1.01,0.83,50056
2026-05-09 15:34:11,1,1,1,1082.3,104,-28.3,-513,953,1,1.49,1.19,5949,1,1.49,1.19,5949
2026-05-09 15:34:11,1,1,1,1082.3,104,-28.3,-513,953,1,1.49,1.19,5949,1,1.49,1.19,5949
2026-05-09 15:34:11,1,1,1,1158.1,96,-29.1,-563,1012,1,1.56,1.07,6978,1,1.56,1.07,6978
2026-05-09 15:34:11,1,1,1,1158.1,96,-29.1,-563,1012,1,1.56,1.07,6978,1,1.56,1.07,6978
2026-05-09 15:34:11,1,1,1,1232.3,104,-28.5,-588,1083,1,1.68,0.96,52585,1,1.68,0.96,52585
2026-05-09 15:34:11,1,1,1,1232.3,104,-28.5,-588,1083,1,1.68,0.96,52585,1,1.68,0.96,52585
2026-05-09 15:34:12,1,1,1,1312.3,72,-28.3,-623,1155,1,2.12,0.76,1865,1,2.12,0.76,1865
2026-05-09 15:34:12,1,1,1,1385.6,72,-27.2,-634,1232,1,2.12,0.76,1865,1,2.12,0.76,1865
2026-05-09 15:34:12,1,1,1,1385.6,72,-27.2,-634,1232,1,2.19,0.76,1865,1,2.19,0.76,1865
2026-05-09 15:34:12,1,1,1,1457.5,88,-26.1,-641,1309,1,2.19,0.76,1865,1,2.19,0.76,1865
2026-05-09 15:34:12,1,1,1,1457.5,88,-26.1,-641,1309,1,2.19,0.76,1865,1,2.19,0.76,1865
2026-05-09 15:34:12,1,1,1,1530.3,88,-25.3,-653,1384,0,0.00,0.00,0,1,2.19,0.76,1865
2026-05-09 15:34:12,1,1,1,1530.3,88,-25.3,-653,1384,0,0.00,0.00,0,1,2.19,0.76,1865
2026-05-09 15:34:12,1,1,1,1604.6,104,-24.2,-659,1463,0,0.00,0.00,0,1,2.19,0.76,1865
2026-05-09 15:34:12,1,1,1,1604.6,104,-24.2,-659,1463,0,0.00,0.00,0,1,2.19,0.76,1865
2026-05-09 15:34:12,1,1,1,1687.3,0,-23.4,-669,1549,0,0.00,0.00,0,1,2.19,0.76,1865
2026-05-09 15:34:12,1,1,1,1758.5,48,-21.9,-655,1632,0,0.00,0.00,0,1,3.23,0.04,2074
2026-05-09 15:34:12,1,1,1,1758.5,48,-21.9,-655,1632,0,0.00,0.00,0,1,3.23,0.04,2074
2026-05-09 15:34:12,1,1,1,1842.2,0,-20.1,-633,1730,0,0.00,0.00,0,1,2.76,0.29,12997
2026-05-09 15:34:12,1,1,1,1842.2,0,-20.1,-633,1730,0,0.00,0.00,0,1,2.76,0.29,12997
2026-05-09 15:34:12,1,1,1,1906.9,56,-18.8,-615,1805,1,2.62,0.34,5108,1,2.62,0.34,5108
2026-05-09 15:34:12,1,1,1,1906.9,56,-18.8,-615,1805,1,2.62,0.34,5108,1,2.62,0.34,5108
2026-05-09 15:34:12,1,1,1,1980.8,0,-17.4,-593,1890,1,2.57,0.42,12170,1,2.57,0.42,12170
2026-05-09 15:34:12,1,1,1,1980.8,0,-17.4,-593,1890,1,2.57,0.42,12170,1,2.57,0.42,12170
2026-05-09 15:34:12,1,1,1,2048.4,56,-16.5,-582,1964,1,2.21,0.26,360,1,2.21,0.26,360
2026-05-09 15:34:12,1,1,1,2128.3,0,-15.8,-579,2048,1,2.21,0.26,360,1,2.21,0.26,360
2026-05-09 15:34:13,1,1,1,2128.3,0,-15.8,-579,2048,1,2.24,0.26,360,1,2.24,0.26,360
2026-05-09 15:34:13,1,1,1,2289.0,0,-15.4,-607,2207,1,2.24,0.26,360,1,2.24,0.26,360
2026-05-09 15:34:13,1,1,1,2289.0,0,-15.4,-607,2207,1,2.24,0.26,360,1,2.24,0.26,360
2026-05-09 15:34:13,1,1,1,2447.1,0,-15.3,-647,2360,0,0.00,0.00,0,1,2.24,0.26,360
2026-05-09 15:34:13,1,1,1,2447.1,0,-15.3,-647,2360,0,0.00,0.00,0,1,2.24,0.26,360
2026-05-09 15:34:13,1,1,1,2591.3,0,-14.9,-667,2504,0,0.00,0.00,0,1,2.24,0.26,360
2026-05-09 15:34:13,1,1,1,2714.0,0,-13.9,-650,2635,0,0.00,0.00,0,1,2.24,0.26,360
2026-05-09 15:34:13,1,1,1,2714.0,0,-13.9,-650,2635,0,0.00,0.00,0,1,2.24,0.26,360
2026-05-09 15:34:13,1,1,1,2786.3,39,-12.7,-613,2718,0,0.00,0.00,0,1,2.24,0.26,360
2026-05-09 15:34:13,1,1,1,2786.3,39,-12.7,-613,2718,0,0.00,0.00,0,1,2.24,0.26,360
2026-05-09 15:34:13,1,1,1,2810.2,64,-11.7,-569,2752,0,0.00,0.00,0,1,2.24,0.26,360
2026-05-09 15:34:13,1,1,1,2810.2,64,-11.7,-569,2752,0,0.00,0.00,0,1,2.24,0.26,360
2026-05-09 15:34:13,1,1,1,2834.9,0,-11.2,-550,2781,0,0.00,0.00,0,1,0.74,-0.21,701
2026-05-09 15:34:13,1,1,1,2834.9,0,-11.2,-550,2781,0,0.00,0.00,0,1,0.74,-0.21,701
2026-05-09 15:34:13,1,1,1,2867.8,0,-10.7,-532,2818,0,0.00,0.00,0,1,0.72,-0.21,701
2026-05-09 15:34:13,1,1,1,2894.9,0,-10.3,-519,2848,0,0.00,0.00,0,1,0.72,-0.21,701
2026-05-09 15:34:13,1,1,1,2894.9,0,-10.3,-519,2848,0,0.00,0.00,0,1,1.73,0.00,2245
2026-05-09 15:34:13,1,1,1,2914.8,0,-9.6,-486,2874,0,0.00,0.00,0,1,1.73,0.00,2245
2026-05-09 15:34:13,1,1,1,2914.8,0,-9.6,-486,2874,0,0.00,0.00,0,1,1.73,0.00,2245
2026-05-09 15:34:13,1,1,1,2897.6,-8,-8.3,-420,2867,0,0.00,0.00,0,1,1.73,0.00,2245
2026-05-09 15:34:14,1,1,1,2897.6,-8,-8.3,-420,2867,0,0.00,0.00,0,1,1.73,0.00,2245
2026-05-09 15:34:14,1,1,1,2821.0,16,-6.5,-318,2803,0,0.00,0.00,0,1,1.73,0.00,2245
2026-05-09 15:34:14,1,1,1,2740.7,-39,-4.3,-205,2733,0,0.00,0.00,0,1,1.73,0.00,2245
2026-05-09 15:34:14,1,1,1,2740.7,-39,-4.3,-205,2733,0,0.00,0.00,0,1,1.73,0.00,2245
2026-05-09 15:34:14,1,1,1,2665.5,-64,-1.9,-89,2664,0,0.00,0.00,0,1,1.73,0.00,2245
2026-05-09 15:34:14,1,1,1,2665.5,-64,-1.9,-89,2664,0,0.00,0.00,0,1,1.73,0.00,2245
2026-05-09 15:34:14,1,1,1,2601.1,-64,0.4,18,2601,0,0.00,0.00,0,1,0.59,-0.03,6554
2026-05-09 15:34:14,1,1,1,2601.1,-64,0.4,18,2601,0,0.00,0.00,0,1,0.59,-0.03,6554
2026-05-09 15:34:14,1,1,1,2541.3,-48,2.4,108,2539,1,0.55,-0.01,4477,1,0.55,-0.01,4477
2026-05-09 15:34:14,1,1,1,2541.3,-48,2.4,108,2539,1,0.55,-0.01,4477,1,0.55,-0.01,4477
2026-05-09 15:34:14,1,1,1,2487.0,-56,4.3,187,2480,1,0.55,-0.01,4477,1,0.55,-0.01,4477
2026-05-09 15:34:14,1,1,1,2435.3,-56,6.0,254,2422,1,0.55,-0.01,4477,1,0.55,-0.01,4477
2026-05-09 15:34:14,1,1,1,2435.3,-56,6.0,254,2422,1,0.55,-0.01,4477,1,0.55,-0.01,4477
2026-05-09 15:34:14,1,1,1,2382.1,-72,7.5,309,2362,1,0.55,-0.01,4477,1,0.55,-0.01,4477
2026-05-09 15:34:14,1,1,1,2382.1,-72,7.5,309,2362,1,0.55,-0.01,4477,1,0.55,-0.01,4477
2026-05-09 15:34:14,1,1,1,2331.3,-79,8.8,356,2304,1,0.55,-0.01,4477,1,0.55,-0.01,4477
2026-05-09 15:34:14,1,1,1,2331.3,-79,8.8,356,2304,1,2.24,-0.93,22804,1,2.24,-0.93,22804
2026-05-09 15:34:14,1,1,1,2276.7,-96,9.9,390,2243,1,2.24,-0.93,22804,1,2.24,-0.93,22804
2026-05-09 15:34:14,1,1,1,2228.7,-128,11.4,439,2185,1,2.09,-0.93,22861,1,2.09,-0.93,22861
2026-05-09 15:34:14,1,1,1,2228.7,-128,11.4,439,2185,1,2.09,-0.93,22861,1,2.09,-0.93,22861
2026-05-09 15:34:15,1,1,1,2166.9,-88,12.4,467,2116,1,2.00,-0.93,22861,1,2.00,-0.93,22861
2026-05-09 15:34:15,1,1,1,2166.9,-88,12.4,467,2116,1,2.00,-0.93,22861,1,2.00,-0.93,22861
2026-05-09 15:34:15,1,1,1,2105.1,-79,13.5,491,2047,1,2.00,-0.93,22861,1,2.00,-0.93,22861
2026-05-09 15:34:15,1,1,1,2105.1,-79,13.5,491,2047,1,2.00,-0.93,22861,1,2.00,-0.93,22861
2026-05-09 15:34:15,1,1,1,2037.4,-79,14.6,512,1972,1,2.00,-0.93,22861,1,2.00,-0.93,22861
2026-05-09 15:34:15,1,1,1,2037.4,-79,14.6,512,1972,1,2.00,-0.93,22861,1,2.00,-0.93,22861
2026-05-09 15:34:15,1,1,1,1950.3,-79,16.1,540,1874,1,1.69,-0.90,29242,1,1.69,-0.90,29242
2026-05-09 15:34:15,1,1,1,1874.7,-96,17.3,557,1790,1,1.69,-0.90,29242,1,1.69,-0.90,29242
2026-05-09 15:34:15,1,1,1,1874.7,-96,17.3,557,1790,1,1.60,-0.90,29242,1,1.60,-0.90,29242
2026-05-09 15:34:15,1,1,1,1801.6,-104,18.1,561,1712,1,1.60,-0.90,29242,1,1.60,-0.90,29242
2026-05-09 15:34:25,1,1,1,1055.1,88,-25.8,-459,950,1,1.74,0.86,32258,1,1.74,0.86,32258
2026-05-09 15:34:25,1,1,1,1055.1,88,-25.8,-459,950,1,1.74,0.86,32258,1,1.74,0.86,32258
2026-05-09 15:34:25,1,1,1,1131.3,88,-25.2,-481,1024,1,1.96,0.80,1885,1,1.96,0.80,1885
2026-05-09 15:34:25,1,1,1,1131.3,88,-25.2,-481,1024,1,1.96,0.80,1885,1,1.96,0.80,1885
2026-05-09 15:34:25,1,1,1,1203.4,79,-23.9,-488,1100,1,2.04,0.80,1885,1,2.04,0.80,1885
2026-05-09 15:34:25,1,1,1,1203.4,79,-23.9,-488,1100,1,2.04,0.80,1885,1,2.04,0.80,1885
2026-05-09 15:34:25,1,1,1,1277.3,72,-22.3,-484,1182,1,2.04,0.80,1885,1,2.04,0.80,1885
2026-05-09 15:34:25,1,1,1,1355.5,79,-21.1,-487,1265,0,0.00,0.00,0,1,2.04,0.80,1885
2026-05-09 15:34:25,1,1,1,1355.5,79,-21.1,-487,1265,0,0.00,0.00,0,1,2.04,0.80,1885
2026-05-09 15:34:25,1,1,1,1432.2,64,-20.1,-492,1345,0,0.00,0.00,0,1,2.04,0.80,1885
2026-05-09 15:34:26,1,1,1,1432.2,64,-20.1,-492,1345,0,0.00,0.00,0,1,1.79,0.71,52776
2026-05-09 15:34:26,1,1,1,1500.9,72,-19.8,-509,1412,0,0.00,0.00,0,1,1.79,0.71,52776
2026-05-09 15:34:26,1,1,1,1500.9,72,-19.8,-509,1412,1,1.92,0.62,20893,1,1.92,0.62,20893
2026-05-09 15:34:26,1,1,1,1563.5,79,-20.1,-538,1468,1,1.92,0.62,20893,1,1.92,0.62,20893
2026-05-09 15:34:26,1,1,1,1563.5,79,-20.1,-538,1468,1,1.98,0.62,20893,1,1.98,0.62,20893
2026-05-09 15:34:26,1,1,1,1627.1,88,-20.5,-570,1524,1,1.98,0.62,20893,1,1.98,0.62,20893
2026-05-09 15:34:26,1,1,1,1692.5,79,-20.7,-599,1583,1,1.98,0.62,20893,1,1.98,0.62,20893
2026-05-09 15:34:26,1,1,1,1692.5,79,-20.7,-599,1583,1,1.98,0.62,20893,1,1.98,0.62,20893
2026-05-09 15:34:26,1,1,1,1765.0,0,-21.2,-637,1646,1,1.98,0.62,20893,1,1.98,0.62,20893
2026-05-09 15:34:26,1,1,1,1765.0,0,-21.2,-637,1646,1,1.98,0.62,20893,1,1.98,0.62,20893
2026-05-09 15:34:26,1,1,1,1980.3,0,-24.1,-808,1808,1,2.25,0.48,17885,1,2.25,0.48,17885
2026-05-09 15:34:26,1,1,1,1980.3,0,-24.1,-808,1808,1,2.25,0.48,17885,1,2.25,0.48,17885
2026-05-09 15:34:26,1,1,1,2186.5,32,-26.2,-967,1961,1,2.26,0.35,11600,1,2.26,0.35,11600
2026-05-09 15:34:26,1,1,1,2222.3,32,-26.0,-973,1998,1,2.26,0.35,11600,1,2.26,0.35,11600
2026-05-09 15:34:26,1,1,1,2222.3,32,-26.0,-973,1998,1,2.28,0.31,13298,1,2.28,0.31,13298
2026-05-09 15:34:26,1,1,1,2236.1,0,-25.4,-959,2020,1,2.28,0.31,13298,1,2.28,0.31,13298
2026-05-09 15:34:26,1,1,1,2236.1,0,-25.4,-959,2020,1,2.29,0.30,4469,1,2.29,0.30,4469
2026-05-09 15:34:26,1,1,1,2221.8,39,-24.2,-912,2026,1,2.29,0.30,4469,1,2.29,0.30,4469
2026-05-09 15:34:26,1,1,1,2221.8,39,-24.2,-912,2026,1,2.32,0.30,4469,1,2.32,0.30,4469
2026-05-09 15:34:26,1,1,1,2198.8,24,-22.8,-852,2027,1,2.32,0.30,4469,1,2.32,0.30,4469
2026-05-09 15:34:27,1,1,1,2198.8,24,-22.8,-852,2027,1,2.32,0.30,4469,1,2.32,0.30,4469
2026-05-09 15:34:27,1,1,1,2178.1,8,-21.3,-792,2029,1,2.32,0.30,4469,1,2.32,0.30,4469
2026-05-09 15:34:27,1,1,1,2163.6,0,-19.8,-732,2036,1,2.32,0.30,4469,1,2.32,0.30,4469
2026-05-09 15:34:27,1,1,1,2163.6,0,-19.8,-732,2036,1,2.32,0.30,4469,1,2.32,0.30,4469
2026-05-09 15:34:27,1,1,1,2200.3,0,-18.1,-685,2091,1,2.32,0.30,4469,1,2.32,0.30,4469
2026-05-09 15:34:27,1,1,1,2200.3,0,-18.1,-685,2091,1,2.32,0.30,4469,1,2.32,0.30,4469
2026-05-09 15:34:27,1,1,1,2241.2,8,-17.3,-666,2140,1,2.32,0.30,4469,1,2.32,0.30,4469
2026-05-09 15:34:27,1,1,1,2241.2,8,-17.3,-666,2140,1,2.32,0.30,4469,1,2.32,0.30,4469
2026-05-09 15:34:27,1,1,1,2260.7,16,-16.3,-634,2170,1,2.32,0.30,4469,1,2.32,0.30,4469
2026-05-09 15:34:27,1,1,1,2299.5,0,-15.2,-603,2219,1,2.32,0.30,4469,1,2.32,0.30,4469
2026-05-09 15:34:27,1,1,1,2299.5,0,-15.2,-603,2219,1,2.32,0.30,4469,1,2.32,0.30,4469
2026-05-09 15:34:27,1,1,1,2308.0,16,-13.7,-548,2242,1,0.00,0.00,0,0,0.00,0.00,0
2026-05-09 15:34:27,1,1,1,2308.0,16,-13.7,-548,2242,1,0.00,0.00,0,0,0.00,0.00,0
2026-05-09 15:34:27,1,1,1,2339.7,8,-12.2,-494,2287,1,0.00,0.00,0,0,0.00,0.00,0
2026-05-09 15:34:27,1,1,1,2339.7,8,-12.2,-494,2287,1,0.00,0.00,0,0,0.00,0.00,0
2026-05-09 15:34:27,1,1,1,2450.6,0,-10.3,-439,2411,1,0.00,0.00,0,0,0.00,0.00,0
2026-05-09 15:34:27,1,1,1,2450.6,0,-10.3,-439,2411,0,0.00,0.00,0,0,0.00,0.00,0
2026-05-09 15:34:27,1,1,1,2552.0,0,-8.5,-377,2524,0,0.00,0.00,0,0,0.00,0.00,0
2026-05-09 15:34:27,1,1,1,2511.1,8,-5.9,-256,2498,0,0.00,0.00,0,0,0.00,0.00,0
2026-05-09 15:34:27,1,1,1,2511.1,8,-5.9,-256,2498,0,0.00,0.00,0,0,0.00,0.00,0
2026-05-09 15:34:28,1,1,1,2442.3,-8,-3.0,-127,2439,0,0.00,0.00,0,0,0.00,0.00,0
2026-05-09 15:34:28,1,1,1,2442.3,-8,-3.0,-127,2439,0,0.00,0.00,0,0,0.00,0.00,0
2026-05-09 15:34:28,1,1,1,2366.2,0,-0.7,-27,2366,0,0.00,0.00,0,0,0.00,0.00,0
2026-05-09 15:34:28,1,1,1,2366.2,0,-0.7,-27,2366,0,0.00,0.00,0,0,0.00,0.00,0
2026-05-09 15:34:28,1,1,1,2303.2,-8,1.9,75,2302,0,0.00,0.00,0,0,0.00,0.00,0
2026-05-09 15:34:28,1,1,1,2264.8,-16,4.4,175,2258,0,0.00,0.00,0,0,0.00,0.00,0
2026-05-09 15:34:28,1,1,1,2264.8,-16,4.4,175,2258,0,0.00,0.00,0,0,0.00,0.00,0
2026-05-09 15:34:28,1,1,1,2219.6,-24,7.2,279,2202,0,0.00,0.00,0,0,0.00,0.00,0
2026-05-09 15:34:28,1,1,1,2219.6,-24,7.2,279,2202,0,0.00,0.00,0,0,0.00,0.00,0
2026-05-09 15:34:28,1,1,1,2189.2,-16,10.3,391,2154,0,0.00,0.00,0,0,0.00,0.00,0
2026-05-09 15:34:28,1,1,1,2189.2,-16,10.3,391,2154,0,0.00,0.00,0,1,2.24,-0.23,4930
2026-05-09 15:34:28,1,1,1,2163.3,-24,13.4,503,2104,0,0.00,0.00,0,1,2.24,-0.23,4930
2026-05-09 15:34:28,1,1,1,2163.3,-24,13.4,503,2104,1,2.22,-0.23,4930,1,2.22,-0.23,4930
2026-05-09 15:34:28,1,1,1,2151.4,-8,16.4,607,2064,1,2.22,-0.23,4930,1,2.22,-0.23,4930
2026-05-09 15:34:28,1,1,1,2148.5,0,19.4,715,2026,1,2.22,-0.23,4930,1,2.22,-0.23,4930
2026-05-09 15:34:28,1,1,1,2148.5,0,19.4,715,2026,1,2.22,-0.23,4930,1,2.22,-0.23,4930
2026-05-09 15:34:28,1,1,1,2150.7,-16,22.0,806,1994,1,2.22,-0.23,4930,1,2.22,-0.23,4930
2026-05-09 15:34:28,1,1,1,2150.7,-16,22.0,806,1994,1,2.22,-0.23,4930,1,2.22,-0.23,4930
2026-05-09 15:34:28,1,1,1,2147.3,0,23.8,868,1964,1,2.22,-0.23,4930,1,2.22,-0.23,4930
2026-05-09 15:34:28,1,1,1,2147.3,0,23.8,868,1964,1,2.22,-0.23,4930,1,2.22,-0.23,4930
2026-05-09 15:34:29,1,1,1,2142.6,-32,25.4,920,1935,1,2.22,-0.23,4930,1,2.22,-0.23,4930
2026-05-09 15:34:29,1,1,1,2135.0,-39,26.5,954,1910,1,2.22,-0.23,4930,1,2.22,-0.23,4930
2026-05-09 15:34:29,1,1,1,2135.0,-39,26.5,954,1910,1,2.22,-0.23,4930,1,2.22,-0.23,4930
2026-05-09 15:34:29,1,1,1,2127.5,-16,27.1,969,1894,1,2.22,-0.23,4930,1,2.22,-0.23,4930
2026-05-09 15:34:29,1,1,1,2127.5,-16,27.1,969,1894,1,2.22,-0.23,4930,1,2.22,-0.23,4930
2026-05-09 15:34:29,1,1,1,2111.9,-72,27.3,970,1876,1,0.00,0.00,0,0,0.00,0.00,0
2026-05-09 15:34:29,1,1,1,2111.9,-72,27.3,970,1876,1,0.00,0.00,0,0,0.00,0.00,0
2026-05-09 15:34:29,1,1,1,2076.8,-96,27.7,965,1839,1,0.00,0.00,0,0,0.00,0.00,0
2026-05-09 15:34:29,1,1,1,2076.8,-96,27.7,965,1839,1,1.99,-0.95,24712,1,1.99,-0.95,24712
2026-05-09 15:34:29,1,1,1,2034.0,-104,28.3,964,1791,1,1.99,-0.95,24712,1,1.99,-0.95,24712
2026-05-09 15:34:29,1,1,1,1985.4,-79,28.8,958,1739,1,1.90,-0.95,24712,1,1.90,-0.95,24712
2026-05-09 15:34:29,1,1,1,1985.4,-79,28.8,958,1739,1,1.90,-0.95,24712,1,1.90,-0.95,24712
2026-05-09 15:34:29,1,1,1,1930.3,-79,29.4,947,1682,1,1.90,-0.95,24712,1,1.90,-0.95,24712
2026-05-09 15:34:29,1,1,1,1930.3,-79,29.4,947,1682,1,1.90,-0.95,24712,1,1.90,-0.95,24712
2026-05-09 15:34:29,1,1,1,1866.2,-79,29.9,930,1618,1,1.90,-0.95,24712,1,1.90,-0.95,24712
2026-05-09 15:34:29,1,1,1,1866.2,-79,29.9,930,1618,1,1.90,-0.95,24712,1,1.90,-0.95,24712
2026-05-09 15:34:29,1,1,1,1784.6,-88,30.1,895,1544,1,1.90,-0.95,24712,1,1.90,-0.95,24712
2026-05-09 15:34:29,1,1,1,1705.6,-79,29.5,839,1485,1,1.90,-0.95,24712,1,1.90,-0.95,24712
2026-05-09 15:34:29,1,1,1,1705.6,-79,29.5,839,1485,1,1.90,-0.95,24712,1,1.90,-0.95,24712
2026-05-09 15:34:29,1,1,1,1637.2,-112,28.9,790,1434,1,1.90,-0.95,24712,1,1.90,-0.95,24712
2026-05-09 15:34:30,1,1,1,1637.2,-112,28.9,790,1434,1,1.90,-0.95,24712,1,1.90,-0.95,24712
2026-05-09 15:34:30,1,1,1,1566.8,-128,28.7,753,1374,1,1.90,-0.95,24712,1,1.90,-0.95,24712
2026-05-09 15:34:30,1,1,1,1566.8,-128,28.7,753,1374,1,1.90,-0.95,24712,1,1.90,-0.95,24712
2026-05-09 15:34:30,1,1,1,1504.2,-144,28.8,725,1318,1,0.00,0.00,0,0,0.00,0.00,0
2026-05-09 15:34:30,1,1,1,1504.2,-144,28.8,725,1318,1,0.00,0.00,0,0,0.00,0.00,0
2026-05-09 15:34:30,1,1,1,1431.1,-96,28.6,684,1257,1,0.00,0.00,0,0,0.00,0.00,0
2026-05-09 15:34:30,1,1,1,1355.6,-88,27.4,623,1204,1,0.00,0.00,0,0,0.00,0.00,0
2026-05-09 15:34:30,1,1,1,1355.6,-88,27.4,623,1204,1,0.00,0.00,0,0,0.00,0.00,0
2026-05-09 15:34:30,1,1,1,1274.7,-79,25.8,554,1148,0,0.00,0.00,0,0,0.00,0.00,0
2026-05-09 15:34:30,1,1,1,1274.7,-79,25.8,554,1148,0,0.00,0.00,0,0,0.00,0.00,0
2026-05-09 15:34:30,1,1,1,1195.8,-72,23.9,485,1093,0,0.00,0.00,0,1,0.99,-0.71,10714
2026-05-09 15:34:30,1,1,1,1195.8,-72,23.9,485,1093,0,0.00,0.00,0,1,0.99,-0.71,10714
2026-05-09 15:34:30,1,1,1,1116.4,-79,22.2,421,1034,1,0.92,-0.71,10714,1,0.92,-0.71,10714
2026-05-09 15:34:30,1,1,1,1116.4,-79,22.2,421,1034,1,0.92,-0.71,10714,1,0.92,-0.71,10714
2026-05-09 15:34:30,1,1,1,1038.6,-64,20.0,355,976,1,0.82,-0.57,43610,1,0.82,-0.57,43610
2026-05-09 15:34:30,1,1,1,964.8,-39,16.9,281,923,1,0.82,-0.57,43610,1,0.82,-0.57,43610
2026-05-09 15:34:30,1,1,1,964.8,-39,16.9,281,923,1,0.77,-0.45,42325,1,0.77,-0.45,42325
2026-05-09 15:34:30,1,1,1,898.1,-32,13.6,211,873,1,0.77,-0.45,42325,1,0.77,-0.45,42325
2026-05-09 15:34:30,1,1,1,898.1,-32,13.6,211,873,1,0.74,-0.39,21889,1,0.74,-0.39,21889
2026-05-09 15:34:30,1,1,1,837.9,-24,9.3,135,827,1,0.74,-0.39,21889,1,0.74,-0.39,21889
2026-05-09 15:34:31,1,1,1,837.9,-24,9.3,135,827,1,0.68,-0.36,48141,1,0.68,-0.36,48141
2026-05-09 15:34:31,1,1,1,776.8,-39,5.7,77,773,1,0.68,-0.36,48141,1,0.68,-0.36,48141
2026-05-09 15:34:31,1,1,1,715.4,-16,1.8,23,715,1,0.64,-0.36,48141,1,0.64,-0.36,48141
2026-05-09 15:34:31,1,1,1,715.4,-16,1.8,23,715,1,0.64,-0.36,48141,1,0.64,-0.36,48141
2026-05-09 15:34:31,1,1,1,674.2,16,-3.5,-41,673,1,0.64,-0.36,48141,1,0.64,-0.36,48141
2026-05-09 15:34:31,1,1,1,674.2,16,-3.5,-41,673,1,0.64,-0.36,48141,1,0.64,-0.36,48141
2026-05-09 15:34:31,1,1,1,649.4,39,-10.3,-116,639,1,0.64,-0.36,48141,1,0.64,-0.36,48141
2026-05-09 15:34:31,1,1,1,649.4,39,-10.3,-116,639,1,0.64,-0.36,48141,1,0.64,-0.36,48141
2026-05-09 15:34:31,1,1,1,643.1,39,-17.0,-188,615,1,0.64,-0.36,48141,1,0.64,-0.36,48141
2026-05-09 15:34:31,1,1,1,643.1,39,-17.0,-188,615,1,0.64,-0.36,48141,1,0.64,-0.36,48141
2026-05-09 15:34:31,1,1,1,651.2,48,-22.9,-253,600,1,0.99,0.02,63652,1,0.99,0.02,63652
2026-05-09 15:34:31,1,1,1,679.3,8,-26.1,-299,610,1,0.99,0.02,63652,1,0.99,0.02,63652
2026-05-09 15:34:31,1,1,1,679.3,8,-26.1,-299,610,1,1.01,0.30,27304,1,1.01,0.30,27304
2026-05-09 15:34:31,1,1,1,711.6,64,-28.7,-342,624,1,1.01,0.30,27304,1,1.01,0.30,27304
2026-05-09 15:34:31,1,1,1,711.6,64,-28.7,-342,624,1,1.04,0.44,22564,1,1.04,0.44,22564
2026-05-09 15:34:31,1,1,1,752.0,64,-29.7,-373,653,1,1.04,0.44,22564,1,1.04,0.44,22564
2026-05-09 15:34:31,1,1,1,752.0,64,-29.7,-373,653,1,1.07,0.53,63613,1,1.07,0.53,63613
2026-05-09 15:34:31,1,1,1,799.4,88,-30.6,-407,688,1,1.07,0.53,63613,1,1.07,0.53,63613
2026-05-09 15:34:31,1,1,1,849.4,64,-29.9,-424,736,1,1.12,0.57,1349,1,1.12,0.57,1349
2026-05-09 15:34:31,1,1,1,849.4,64,-29.9,-424,736,1,1.12,0.57,1349,1,1.12,0.57,1349
2026-05-09 15:34:32,1,1,1,900.7,72,-29.8,-447,782,1,1.18,0.57,1349,1,1.18,0.57,1349
2026-05-09 15:34:32,1,1,1,900.7,72,-29.8,-447,782,1,1.18,0.57,1349,1,1.18,0.57,1349
2026-05-09 15:34:32,1,1,1,946.8,56,-29.1,-461,827,1,1.23,0.55,28385,1,1.23,0.55,28385
2026-05-09 15:34:32,1,1,1,946.8,56,-29.1,-461,827,1,1.23,0.55,28385,1,1.23,0.55,28385
2026-05-09 15:34:32,1,1,1,1008.8,79,-29.4,-495,879,1,1.33,0.59,31714,1,1.33,0.59,31714
2026-05-09 15:34:32,1,1,1,1008.8,79,-29.4,-495,879,1,1.33,0.59,31714,1,1.33,0.59,31714
2026-05-09 15:34:32,1,1,1,1084.4,72,-29.8,-539,941,1,1.38,0.61,25129,1,1.38,0.61,25129
2026-05-09 15:34:32,1,1,1,1166.5,72,-30.2,-587,1008,1,1.38,0.61,25129,1,1.38,0.61,25129
2026-05-09 15:34:32,1,1,1,1166.5,72,-30.2,-587,1008,1,1.44,0.59,13460,1,1.44,0.59,13460
2026-05-09 15:34:32,1,1,1,1248.2,72,-30.6,-636,1074,1,1.44,0.59,13460,1,1.44,0.59,13460
2026-05-09 15:34:32,1,1,1,1248.2,72,-30.6,-636,1074,1,1.50,0.59,13460,1,1.50,0.59,13460
2026-05-09 15:34:32,1,1,1,1303.1,72,-29.5,-642,1134,1,1.50,0.59,13460,1,1.50,0.59,13460
2026-05-09 15:34:32,1,1,1,1303.1,72,-29.5,-642,1134,1,1.75,0.59,3085,1,1.75,0.59,3085
2026-05-09 15:34:32,1,1,1,1332.7,64,-26.3,-590,1195,1,1.75,0.59,3085,1,1.75,0.59,3085
2026-05-09 15:34:32,1,1,1,1359.1,64,-22.7,-524,1254,1,1.95,0.58,5634,1,1.95,0.58,5634
2026-05-09 15:34:32,1,1,1,1359.1,64,-22.7,-524,1254,1,1.95,0.58,5634,1,1.95,0.58,5634
2026-05-09 15:34:32,1,1,1,1383.9,64,-19.1,-452,1308,1,1.95,0.54,37585,1,1.95,0.54,37585
2026-05-09 15:34:32,1,1,1,1383.9,64,-19.1,-452,1308,1,1.95,0.54,37585,1,1.95,0.54,37585
2026-05-09 15:34:32,1,1,1,1408.8,64,-15.7,-382,1356,1,2.00,0.54,37585,1,2.00,0.54,37585
2026-05-09 15:34:32,1,1,1,1408.8,64,-15.7,-382,1356,1,2.00,0.54,37585,1,2.00,0.54,37585
2026-05-09 15:34:33,1,1,1,1433.3,64,-12.7,-316,1398,1,2.00,0.54,37585,1,2.00,0.54,37585
2026-05-09 15:34:33,1,1,1,1433.3,64,-12.7,-316,1398,1,2.00,0.54,37585,1,2.00,0.54,37585
2026-05-09 15:34:33,1,1,1,1477.1,72,-9.7,-249,1456,1,2.00,0.54,37585,1,2.00,0.54,37585
2026-05-09 15:34:33,1,1,1,1532.7,0,-7.1,-189,1521,1,2.00,0.54,37585,1,2.00,0.54,37585
2026-05-09 15:34:33,1,1,1,1532.7,0,-7.1,-189,1521,1,2.00,0.54,37585,1,2.00,0.54,37585
2026-05-09 15:34:33,1,1,1,1776.3,0,-6.8,-209,1764,1,2.00,0.54,37585,1,2.00,0.54,37585
2026-05-09 15:34:33,1,1,1,1776.3,0,-6.8,-209,1764,1,2.00,0.54,37585,1,2.00,0.54,37585
2026-05-09 15:34:33,1,1,1,2008.8,0,-6.5,-226,1996,1,2.00,0.54,37585,1,2.00,0.54,37585
2026-05-09 15:34:33,1,1,1,2008.8,0,-6.5,-226,1996,1,2.00,0.54,37585,1,2.00,0.54,37585
2026-05-09 15:34:33,1,1,1,2201.4,8,-6.5,-251,2187,1,2.00,0.54,37585,1,2.00,0.54,37585
2026-05-09 15:34:33,1,1,1,2367.3,48,-6.7,-277,2351,1,2.00,0.54,37585,1,2.00,0.54,37585
2026-05-09 15:34:33,1,1,1,2367.3,48,-6.7,-277,2351,1,0.00,0.00,0,0,0.00,0.00,0
2026-05-09 15:34:33,1,1,1,2335.4,64,-3.9,-158,2330,1,0.00,0.00,0,0,0.00,0.00,0
2026-05-09 15:34:33,1,1,1,2335.4,64,-3.9,-158,2330,1,0.00,0.00,0,0,0.00,0.00,0
2026-05-09 15:34:33,1,1,1,2265.0,72,-0.4,-15,2265,1,3.21,0.25,2770,1,3.21,0.25,2770
2026-05-09 15:34:33,1,1,1,2265.0,72,-0.4,-15,2265,1,3.21,0.25,2770,1,3.21,0.25,2770
2026-05-09 15:34:33,1,1,1,2208.4,72,3.6,140,2204,1,2.75,0.27,10498,1,2.75,0.27,10498
2026-05-09 15:34:33,1,1,1,2208.4,72,3.6,140,2204,1,2.75,0.27,10498,1,2.75,0.27,10498
2026-05-09 15:34:33,1,1,1,2182.8,24,7.5,286,2164,1,2.78,0.27,10498,1,2.78,0.27,10498
2026-05-09 15:34:33,1,1,1,2144.5,8,11.4,425,2102,1,2.78,0.27,10498,1,2.78,0.27,10498
2026-05-09 15:34:34,1,1,1,2144.5,8,11.4,425,2102,1,2.61,0.22,8210,1,2.61,0.22,8210
2026-05-09 15:34:34,1,1,1,2122.6,8,14.7,539,2053,1,2.61,0.22,8210,1,2.61,0.22,8210
2026-05-09 15:34:34,1,1,1,2122.6,8,14.7,539,2053,1,2.64,0.22,8210,1,2.64,0.22,8210
2026-05-09 15:34:34,1,1,1,2119.1,8,17.3,631,2023,1,2.64,0.22,8210,1,2.64,0.22,8210
2026-05-09 15:34:34,1,1,1,2119.1,8,17.3,631,2023,1,2.64,0.22,8210,1,2.64,0.22,8210
2026-05-09 15:34:34,1,1,1,2122.4,-16,19.2,699,2004,1,2.64,0.22,8210,1,2.64,0.22,8210
2026-05-09 15:34:34,1,1,1,2121.8,-39,21.0,760,1981,1,2.64,0.22,8210,1,2.64,0.22,8210
2026-05-09 15:34:34,1,1,1,2121.8,-39,21.0,760,1981,1,2.64,0.22,8210,1,2.64,0.22,8210
2026-05-09 15:34:34,1,1,1,2112.1,-48,22.9,821,1946,1,2.64,0.22,8210,1,2.64,0.22,8210
2026-05-09 15:34:34,1,1,1,2112.1,-48,22.9,821,1946,1,2.64,0.22,8210,1,2.64,0.22,8210
2026-05-09 15:34:34,1,1,1,2095.4,-39,24.4,864,1909,1,2.64,0.22,8210,1,2.64,0.22,8210
2026-05-09 15:34:34,1,1,1,2095.4,-39,24.4,864,1909,1,2.64,0.22,8210,1,2.64,0.22,8210
2026-05-09 15:34:34,1,1,1,2074.8,-32,25.8,903,1868,1,2.64,0.22,8210,1,2.64,0.22,8210
2026-05-09 15:34:34,1,1,1,2074.8,-32,25.8,903,1868,1,2.64,0.22,8210,1,2.64,0.22,8210
2026-05-09 15:34:34,1,1,1,2049.3,-39,27.2,938,1822,1,2.64,0.22,8210,1,2.64,0.22,8210
2026-05-09 15:34:34,1,1,1,2017.6,-48,28.1,950,1780,1,0.00,0.00,0,0,0.00,0.00,0
2026-05-09 15:34:34,1,1,1,2017.6,-48,28.1,950,1780,1,0.00,0.00,0,0,0.00,0.00,0
2026-05-09 15:34:34,1,1,1,1987.9,-72,29.0,965,1738,1,0.00,0.00,0,0,0.00,0.00,0
2026-05-09 15:34:34,1,1,1,1987.9,-72,29.0,965,1738,1,0.00,0.00,0,0,0.00,0.00,0
2026-05-09 15:34:34,1,1,1,1959.6,-104,30.4,992,1690,1,0.00,0.00,0,0,0.00,0.00,0
2026-05-09 15:34:35,1,1,1,1959.6,-104,30.4,992,1690,0,0.00,0.00,0,0,0.00,0.00,0
2026-05-09 15:34:35,1,1,1,1926.5,-56,31.3,1001,1646,0,0.00,0.00,0,0,0.00,0.00,0
2026-05-09 15:34:35,1,1,1,1926.5,-56,31.3,1001,1646,0,0.00,0.00,0,0,0.00,0.00,0
2026-05-09 15:34:35,1,1,1,1892.6,-64,32.0,1003,1605,0,0.00,0.00,0,0,0.00,0.00,0
2026-05-09 15:34:35,1,1,1,1866.1,-24,31.9,985,1585,0,0.00,0.00,0,0,0.00,0.00,0
2026-05-09 15:34:35,1,1,1,1866.1,-24,31.9,985,1585,0,0.00,0.00,0,0,0.00,0.00,0
2026-05-09 15:34:35,1,1,1,1824.7,-96,32.0,966,1548,0,0.00,0.00,0,0,0.00,0.00,0
2026-05-09 15:34:35,1,1,1,1824.7,-96,32.0,966,1548,0,0.00,0.00,0,0,0.00,0.00,0
2026-05-09 15:34:35,1,1,1,1761.1,-72,32.3,942,1488,0,0.00,0.00,0,0,0.00,0.00,0
2026-05-09 15:34:35,1,1,1,1761.1,-72,32.3,942,1488,0,0.00,0.00,0,0,0.00,0.00,0
2026-05-09 15:34:35,1,1,1,1695.2,-48,32.5,912,1429,0,0.00,0.00,0,0,0.00,0.00,0
2026-05-09 15:34:35,1,1,1,1636.8,-8,32.4,877,1382,0,0.00,0.00,0,0,0.00,0.00,0
2026-05-09 15:34:35,1,1,1,1636.8,-8,32.4,877,1382,0,0.00,0.00,0,0,0.00,0.00,0
2026-05-09 15:34:35,1,1,1,1590.1,16,32.1,845,1347,0,0.00,0.00,0,0,0.00,0.00,0
2026-05-09 15:34:35,1,1,1,1590.1,16,32.1,845,1347,0,0.00,0.00,0,1,1.57,0.24,25700
2026-05-09 15:34:35,1,1,1,1559.1,24,31.2,807,1334,0,0.00,0.00,0,1,1.57,0.24,25700
2026-05-09 15:34:35,1,1,1,1559.1,24,31.2,807,1334,1,1.59,0.24,25700,1,1.59,0.24,25700
2026-05-09 15:34:35,1,1,1,1552.9,8,29.8,771,1348,1,1.59,0.24,25700,1,1.59,0.24,25700
2026-05-09 15:34:35,1,1,1,1552.9,8,29.8,771,1348,1,1.59,0.24,25700,1,1.59,0.24,25700
2026-05-09 15:34:35,1,1,1,1569.1,16,28.3,745,1381,1,1.59,0.24,25700,1,1.59,0.24,25700
2026-05-09 15:34:36,1,1,1,1580.0,39,26.3,701,1416,1,1.59,0.24,25700,1,1.59,0.24,25700
2026-05-09 15:34:36,1,1,1,1580.0,39,26.3,701,1416,1,1.59,0.24,25700,1,1.59,0.24,25700
2026-05-09 15:34:36,1,1,1,1580.3,48,24.0,642,1444,1,1.59,0.24,25700,1,1.59,0.24,25700
2026-05-09 15:34:36,1,1,1,1580.3,48,24.0,642,1444,1,1.59,0.24,25700,1,1.59,0.24,25700
2026-05-09 15:34:36,1,1,1,1597.0,64,21.0,572,1491,1,1.59,0.24,25700,1,1.59,0.24,25700
2026-05-09 15:34:36,1,1,1,1597.0,64,21.0,572,1491,1,1.59,0.24,25700,1,1.59,0.24,25700
2026-05-09 15:34:36,1,1,1,1607.5,72,17.9,493,1530,1,1.59,0.24,25700,1,1.59,0.24,25700
2026-05-09 15:34:36,1,1,1,1622.6,79,14.3,402,1572,1,1.59,0.24,25700,1,1.59,0.24,25700
2026-05-09 15:34:36,1,1,1,1622.6,79,14.3,402,1572,1,1.59,0.24,25700,1,1.59,0.24,25700
2026-05-09 15:34:36,1,1,1,1651.8,0,10.5,302,1624,1,0.00,0.00,0,0,0.00,0.00,0
2026-05-09 15:34:36,1,1,1,1651.8,0,10.5,302,1624,1,0.00,0.00,0,0,0.00,0.00,0
2026-05-09 15:34:36,1,1,1,1854.6,0,5.2,168,1847,1,0.00,0.00,0,0,0.00,0.00,0
2026-05-09 15:34:36,1,1,1,1854.6,0,5.2,168,1847,1,0.00,0.00,0,0,0.00,0.00,0
2026-05-09 15:34:36,1,1,1,2045.3,72,1.0,35,2045,1,0.00,0.00,0,0,0.00,0.00,0
2026-05-09 15:34:36,1,1,1,2045.3,72,1.0,35,2045,0,0.00,0.00,0,0,0.00,0.00,0
2026-05-09 15:34:36,1,1,1,2087.4,72,-1.1,-40,2087,0,0.00,0.00,0,0,0.00,0.00,0
2026-05-09 15:34:36,1,1,1,2092.3,72,-2.7,-99,2090,0,0.00,0.00,0,0,0.00,0.00,0
2026-05-09 15:34:36,1,1,1,2092.3,72,-2.7,-99,2090,0,0.00,0.00,0,0,0.00,0.00,0
2026-05-09 15:34:36,1,1,1,2094.6,96,-4.2,-153,2089,0,0.00,0.00,0,1,2.28,0.94,30964
2026-05-09 15:34:36,1,1,1,2094.6,96,-4.2,-153,2089,0,0.00,0.00,0,1,2.28,0.94,30964
2026-05-09 15:34:37,1,1,1,2094.8,0,-5.5,-202,2085,1,2.37,0.94,30964,1,2.37,0.94,30964
2026-05-09 15:34:37,1,1,1,2094.8,0,-5.5,-202,2085,1,2.37,0.94,30964,1,2.37,0.94,30964
2026-05-09 15:34:37,1,1,1,2228.3,0,-6.9,-269,2212,1,2.37,0.94,30964,1,2.37,0.94,30964
2026-05-09 15:34:37,1,1,1,2375.3,0,-8.4,-346,2350,1,2.37,0.94,30964,1,2.37,0.94,30964
2026-05-09 15:34:37,1,1,1,2375.3,0,-8.4,-346,2350,1,2.37,0.94,30964,1,2.37,0.94,30964
2026-05-09 15:34:37,1,1,1,2522.1,0,-9.7,-425,2486,1,2.37,0.94,30964,1,2.37,0.94,30964
2026-05-09 15:34:37,1,1,1,2522.1,0,-9.7,-425,2486,1,2.37,0.94,30964,1,2.37,0.94,30964
2026-05-09 15:34:37,1,1,1,2655.9,56,-10.9,-502,2608,1,2.37,0.94,30964,1,2.37,0.94,30964
2026-05-09 15:34:37,1,1,1,2655.9,56,-10.9,-502,2608,1,2.37,0.94,30964,1,2.37,0.94,30964
2026-05-09 15:34:37,1,1,1,2653.8,16,-12.0,-551,2596,1,2.37,0.94,30964,1,2.37,0.94,30964
2026-05-09 15:34:37,1,1,1,2653.8,16,-12.0,-551,2596,1,2.37,0.94,30964,1,2.37,0.94,30964
2026-05-09 15:34:37,1,1,1,2625.5,0,-13.1,-596,2557,1,2.37,0.94,30964,1,2.37,0.94,30964
2026-05-09 15:34:37,1,1,1,2575.1,-8,-14.4,-641,2494,1,2.37,0.94,30964,1,2.37,0.94,30964
2026-05-09 15:34:37,1,1,1,2575.1,-8,-14.4,-641,2494,1,0.00,0.00,0,0,0.00,0.00,0
2026-05-09 15:34:37,1,1,1,2520.9,8,-15.8,-685,2426,1,0.00,0.00,0,0,0.00,0.00,0
2026-05-09 15:34:37,1,1,1,2520.9,8,-15.8,-685,2426,1,0.00,0.00,0,0,0.00,0.00,0
2026-05-09 15:34:37,1,1,1,2461.4,0,-16.7,-706,2358,1,0.00,0.00,0,0,0.00,0.00,0
2026-05-09 15:34:37,1,1,1,2461.4,0,-16.7,-706,2358,1,0.00,0.00,0,0,0.00,0.00,0
2026-05-09 15:34:37,1,1,1,2407.9,-64,-17.9,-741,2291,0,0.00,0.00,0,0,0.00,0.00,0
2026-05-09 15:34:37,1,1,1,2365.4,0,-19.4,-786,2231,0,0.00,0.00,0,0,0.00,0.00,0
2026-05-09 15:34:38,1,1,1,2365.4,0,-19.4,-786,2231,0,0.00,0.00,0,0,0.00,0.00,0
2026-05-09 15:34:38,1,1,1,2479.9,0,-22.3,-942,2294,0,0.00,0.00,0,0,0.00,0.00,0
2026-05-09 15:34:38,1,1,1,2479.9,0,-22.3,-942,2294,0,0.00,0.00,0,0,0.00,0.00,0
2026-05-09 15:34:38,1,1,1,2611.1,0,-25.2,-1113,2362,0,0.00,0.00,0,0,0.00,0.00,0
2026-05-09 15:34:38,1,1,1,2611.1,0,-25.2,-1113,2362,0,0.00,0.00,0,0,0.00,0.00,0
2026-05-09 15:34:38,1,1,1,2743.2,-96,-27.6,-1271,2431,0,0.00,0.00,0,0,0.00,0.00,0
2026-05-09 15:34:38,1,1,1,2743.2,-96,-27.6,-1271,2431,0,0.00,0.00,0,0,0.00,0.00,0
2026-05-09 15:34:38,1,1,1,2647.8,-88,-28.3,-1256,2331,0,0.00,0.00,0,0,0.00,0.00,0
2026-05-09 15:34:38,1,1,1,2519.2,-88,-28.5,-1202,2214,0,0.00,0.00,0,0,0.00,0.00,0
2026-05-09 15:34:38,1,1,1,2519.2,-88,-28.5,-1202,2214,0,0.00,0.00,0,0,0.00,0.00,0
2026-05-09 15:34:38,1,1,1,2380.9,-104,-28.5,-1135,2093,0,0.00,0.00,0,0,0.00,0.00,0
2026-05-09 15:34:38,1,1,1,2380.9,-104,-28.5,-1135,2093,0,0.00,0.00,0,0,0.00,0.00,0
2026-05-09 15:34:38,1,1,1,2247.1,-112,-28.8,-1081,1970,0,0.00,0.00,0,1,1.76,-1.17,45189
2026-05-09 15:34:38,1,1,1,2247.1,-112,-28.8,-1081,1970,0,0.00,0.00,0,1,1.76,-1.17,45189
2026-05-09 15:34:38,1,1,1,2118.0,-128,-28.9,-1024,1854,1,1.69,-1.26,30458,1,1.69,-1.26,30458
2026-05-09 15:34:38,1,1,1,2004.5,-144,-28.4,-952,1764,1,1.69,-1.26,30458,1,1.69,-1.26,30458
2026-05-09 15:34:38,1,1,1,2004.5,-144,-28.4,-952,1764,1,1.57,-1.26,30458,1,1.57,-1.26,30458
2026-05-09 15:34:38,1,1,1,1890.9,-112,-28.0,-887,1670,1,1.57,-1.26,30458,1,1.57,-1.26,30458
2026-05-09 15:34:38,1,1,1,1890.9,-112,-28.0,-887,1670,1,1.57,-1.26,30458,1,1.57,-1.26,30458
2026-05-09 15:34:38,1,1,1,1779.9,-96,-27.8,-831,1574,1,1.57,-1.26,30458,1,1.57,-1.26,30458
2026-05-09 15:34:39,1,1,1,1779.9,-96,-27.8,-831,1574,1,1.57,-1.26,30458,1,1.57,-1.26,30458
2026-05-09 15:34:39,1,1,1,1684.7,-104,-27.1,-767,1500,1,1.57,-1.26,30458,1,1.57,-1.26,30458
2026-05-09 15:34:39,1,1,1,1684.7,-104,-27.1,-767,1500,1,1.57,-1.26,30458,1,1.57,-1.26,30458
2026-05-09 15:34:39,1,1,1,1582.7,-104,-26.8,-713,1413,1,1.57,-1.26,30458,1,1.57,-1.26,30458
2026-05-09 15:34:39,1,1,1,1484.8,-104,-26.1,-654,1333,1,1.57,-1.26,30458,1,1.57,-1.26,30458
2026-05-09 15:34:39,1,1,1,1484.8,-104,-26.1,-654,1333,1,1.57,-1.26,30458,1,1.57,-1.26,30458
2026-05-09 15:34:39,1,1,1,1396.8,-104,-24.4,-577,1272,1,1.00,-1.19,50434,1,1.00,-1.19,50434
2026-05-09 15:34:39,1,1,1,1396.8,-104,-24.4,-577,1272,1,1.00,-1.19,50434,1,1.00,-1.19,50434
2026-05-09 15:34:39,1,1,1,1302.0,-104,-23.1,-510,1198,1,0.88,-1.19,50434,1,0.88,-1.19,50434
2026-05-09 15:34:39,1,1,1,1302.0,-104,-23.1,-510,1198,1,0.88,-1.19,50434,1,0.88,-1.19,50434
2026-05-09 15:34:39,1,1,1,1206.4,-112,-23.2,-475,1109,1,0.80,-0.95,38545,1,0.80,-0.95,38545
2026-05-09 15:34:39,1,1,1,1206.4,-112,-23.2,-475,1109,1,0.80,-0.95,38545,1,0.80,-0.95,38545
2026-05-09 15:34:39,1,1,1,1111.8,-72,-23.3,-440,1021,1,0.70,-0.95,38545,1,0.70,-0.95,38545
2026-05-09 15:34:39,1,1,1,1018.7,-72,-22.8,-395,939,1,0.70,-0.95,38545,1,0.70,-0.95,38545
2026-05-09 15:34:39,1,1,1,1018.7,-72,-22.8,-395,939,1,1.57,-0.43,2740,1,1.57,-0.43,2740
2026-05-09 15:34:39,1,1,1,927.7,-64,-21.7,-343,862,1,1.57,-0.43,2740,1,1.57,-0.43,2740
2026-05-09 15:34:39,1,1,1,927.7,-64,-21.7,-343,862,1,1.27,-0.49,10884,1,1.27,-0.49,10884
2026-05-09 15:34:39,1,1,1,844.1,-64,-20.2,-292,792,1,1.27,-0.49,10884,1,1.27,-0.49,10884
2026-05-09 15:34:39,1,1,1,844.1,-64,-20.2,-292,792,1,1.22,-0.49,10884,1,1.22,-0.49,10884
2026-05-09 15:34:39,1,1,1,768.4,-48,-18.2,-240,730,1,1.22,-0.49,10884,1,1.22,-0.49,10884
2026-05-09 15:34:40,1,1,1,697.5,-32,-16.1,-194,670,1,1.03,-0.50,6720,1,1.03,-0.50,6720
2026-05-09 15:34:40,1,1,1,697.5,-32,-16.1,-194,670,1,1.03,-0.50,6720,1,1.03,-0.50,6720
2026-05-09 15:34:40,1,1,1,637.4,-16,-13.4,-148,620,1,0.91,-0.47,20714,1,0.91,-0.47,20714
2026-05-09 15:34:40,1,1,1,637.4,-16,-13.4,-148,620,1,0.91,-0.47,20714,1,0.91,-0.47,20714
2026-05-09 15:34:40,1,1,1,585.1,-16,-9.5,-97,577,1,0.81,-0.43,9332,1,0.81,-0.43,9332
2026-05-09 15:34:40,1,1,1,585.1,-16,-9.5,-97,577,1,0.81,-0.43,9332,1,0.81,-0.43,9332
2026-05-09 15:34:40,1,1,1,533.5,-16,-6.6,-61,530,1,0.77,-0.43,9332,1,0.77,-0.43,9332
2026-05-09 15:34:40,1,1,1,533.5,-16,-6.6,-61,530,1,0.77,-0.43,9332,1,0.77,-0.43,9332
2026-05-09 15:34:40,1,1,1,495.0,-8,-3.6,-31,494,1,0.77,-0.43,9332,1,0.77,-0.43,9332
2026-05-09 15:34:40,1,1,1,459.1,-16,-1.0,-8,459,1,0.77,-0.43,9332,1,0.77,-0.43,9332
2026-05-09 15:34:40,1,1,1,459.1,-16,-1.0,-8,459,1,0.77,-0.43,9332,1,0.77,-0.43,9332
2026-05-09 15:34:40,1,1,1,433.2,8,1.9,14,433,1,0.77,-0.43,9332,1,0.77,-0.43,9332
2026-05-09 15:34:40,1,1,1,433.2,8,1.9,14,433,1,0.77,-0.43,9332,1,0.77,-0.43,9332
2026-05-09 15:34:40,1,1,1,411.3,39,6.0,43,409,1,0.77,-0.43,9332,1,0.77,-0.43,9332
2026-05-09 15:34:40,1,1,1,411.3,39,6.0,43,409,1,0.77,-0.43,9332,1,0.77,-0.43,9332
2026-05-09 15:34:40,1,1,1,382.7,32,12.2,81,374,1,0.77,-0.43,9332,1,0.77,-0.43,9332
2026-05-09 15:34:40,1,1,1,392.0,64,15.4,104,378,1,0.77,-0.43,9332,1,0.77,-0.43,9332
2026-05-09 15:34:40,1,1,1,392.0,64,15.4,104,378,1,0.77,-0.43,9332,1,0.77,-0.43,9332
2026-05-09 15:34:40,1,1,1,413.8,88,14.8,106,400,1,0.74,0.76,65066,1,0.74,0.76,65066
2026-05-09 15:34:40,1,1,1,413.8,88,14.8,106,400,1,0.74,0.76,65066,1,0.74,0.76,65066
2026-05-09 15:34:41,1,1,1,437.8,104,13.9,105,425,1,0.81,0.76,65066,1,0.81,0.76,65066
2026-05-09 15:34:41,1,1,1,437.8,104,13.9,105,425,1,0.81,0.76,65066,1,0.81,0.76,65066
2026-05-09 15:34:41,1,1,1,470.3,96,13.1,107,458,1,0.82,0.74,42797,1,0.82,0.74,42797
2026-05-09 15:34:41,1,1,1,470.3,96,13.1,107,458,1,0.82,0.74,42797,1,0.82,0.74,42797
2026-05-09 15:34:41,1,1,1,491.9,64,13.2,112,479,1,0.84,0.68,6292,1,0.84,0.68,6292
2026-05-09 15:34:41,1,1,1,511.1,56,12.0,106,500,1,0.84,0.68,6292,1,0.84,0.68,6292
2026-05-09 15:34:41,1,1,1,511.1,56,12.0,106,500,1,0.91,0.68,6292,1,0.91,0.68,6292
2026-05-09 15:34:41,1,1,1,520.7,96,11.1,100,511,1,0.91,0.68,6292,1,0.91,0.68,6292
2026-05-09 15:34:41,1,1,1,520.7,96,11.1,100,511,1,0.91,0.68,6292,1,0.91,0.68,6292
2026-05-09 15:34:41,1,1,1,535.5,104,10.2,95,527,1,0.91,0.68,6292,1,0.91,0.68,6292
2026-05-09 15:34:41,1,1,1,535.5,104,10.2,95,527,1,0.91,0.68,6292,1,0.91,0.68,6292
2026-05-09 15:34:41,1,1,1,553.7,112,9.6,92,546,1,0.91,0.68,6292,1,0.91,0.68,6292
2026-05-09 15:34:41,1,1,1,573.8,88,8.8,88,567,1,0.91,0.68,6292,1,0.91,0.68,6292
2026-05-09 15:34:41,1,1,1,573.8,88,8.8,88,567,1,0.91,0.68,6292,1,0.91,0.68,6292
2026-05-09 15:34:41,1,1,1,596.7,24,8.6,89,590,1,0.91,0.68,6292,1,0.91,0.68,6292
2026-05-09 15:34:41,1,1,1,596.7,24,8.6,89,590,1,0.91,0.68,6292,1,0.91,0.68,6292
2026-05-09 15:34:41,1,1,1,621.3,64,8.1,88,615,1,0.91,0.68,6292,1,0.91,0.68,6292
2026-05-09 15:34:41,1,1,1,621.3,64,8.1,88,615,1,0.91,0.68,6292,1,0.91,0.68,6292
2026-05-09 15:34:41,1,1,1,691.9,72,6.8,82,687,1,0.91,0.68,6292,1,0.91,0.68,6292
2026-05-09 15:34:41,1,1,1,691.9,72,6.8,82,687,1,0.00,0.00,0,0,0.00,0.00,0
2026-05-09 15:34:42,1,1,1,762.1,88,5.9,79,758,1,1.49,0.96,51698,1,1.49,0.96,51698
2026-05-09 15:34:42,1,1,1,832.7,64,5.4,78,829,1,1.49,0.96,51698,1,1.49,0.96,51698
2026-05-09 15:34:42,1,1,1,832.7,64,5.4,78,829,1,1.66,0.85,8258,1,1.66,0.85,8258
2026-05-09 15:34:42,1,1,1,961.9,72,5.1,86,958,1,1.66,0.85,8258,1,1.66,0.85,8258
2026-05-09 15:34:42,1,1,1,961.9,72,5.1,86,958,1,1.75,0.85,8258,1,1.75,0.85,8258
2026-05-09 15:34:42,1,1,1,1081.8,72,4.8,91,1078,1,1.75,0.85,8258,1,1.75,0.85,8258
2026-05-09 15:34:42,1,1,1,1081.8,72,4.8,91,1078,1,1.80,0.80,59133,1,1.80,0.80,59133
2026-05-09 15:34:42,1,1,1,1198.3,88,4.8,101,1194,1,1.80,0.80,59133,1,1.80,0.80,59133
2026-05-09 15:34:42,1,1,1,1307.0,159,5.9,135,1300,1,1.88,0.80,59133,1,1.88,0.80,59133
2026-05-09 15:34:42,1,1,1,1307.0,159,5.9,135,1300,1,1.88,0.80,59133,1,1.88,0.80,59133
2026-05-09 15:34:42,1,1,1,1406.3,96,6.2,153,1398,1,1.88,0.80,59133,1,1.88,0.80,59133
2026-05-09 15:34:42,1,1,1,1406.3,96,6.2,153,1398,1,1.88,0.80,59133,1,1.88,0.80,59133
2026-05-09 15:34:42,1,1,1,1495.9,104,6.6,172,1486,1,1.88,0.80,59133,1,1.88,0.80,59133
2026-05-09 15:34:42,1,1,1,1495.9,104,6.6,172,1486,1,1.88,0.80,59133,1,1.88,0.80,59133
2026-05-09 15:34:42,1,1,1,1576.0,72,6.8,186,1565,1,1.88,0.80,59133,1,1.88,0.80,59133
2026-05-09 15:34:42,1,1,1,1576.0,72,6.8,186,1565,1,1.88,0.80,59133,1,1.88,0.80,59133
2026-05-09 15:34:42,1,1,1,1652.7,48,6.8,196,1641,1,1.88,0.80,59133,1,1.88,0.80,59133
2026-05-09 15:34:42,1,1,1,1726.3,39,6.9,206,1714,1,1.88,0.80,59133,1,1.88,0.80,59133
2026-05-09 15:34:42,1,1,1,1726.3,39,6.9,206,1714,1,1.88,0.80,59133,1,1.88,0.80,59133
2026-05-09 15:34:42,1,1,1,1790.5,32,6.8,211,1778,1,1.88,0.80,59133,1,1.88,0.80,59133
2026-05-09 15:34:43,1,1,1,1790.5,32,6.8,211,1778,1,1.88,0.80,59133,1,1.88,0.80,59133
2026-05-09 15:34:43,1,1,1,1841.1,24,6.6,211,1829,1,0.00,0.00,0,0,0.00,0.00,0
2026-05-09 15:34:43,1,1,1,1841.1,24,6.6,211,1829,1,0.00,0.00,0,0,0.00,0.00,0
2026-05-09 15:34:43,1,1,1,1893.9,0,6.2,203,1883,1,0.00,0.00,0,0,0.00,0.00,0
2026-05-09 15:34:43,1,1,1,1893.9,0,6.2,203,1883,1,0.00,0.00,0,0,0.00,0.00,0
2026-05-09 15:34:43,1,1,1,1938.4,32,6.5,219,1926,1,0.00,0.00,0,0,0.00,0.00,0
2026-05-09 15:34:43,1,1,1,1973.9,32,7.3,250,1958,0,0.00,0.00,0,0,0.00,0.00,0
2026-05-09 15:34:43,1,1,1,1973.9,32,7.3,250,1958,0,0.00,0.00,0,0,0.00,0.00,0
2026-05-09 15:34:43,1,1,1,2013.0,39,8.3,290,1992,0,0.00,0.00,0,0,0.00,0.00,0
2026-05-09 15:34:43,1,1,1,2013.0,39,8.3,290,1992,0,0.00,0.00,0,0,0.00,0.00,0
2026-05-09 15:34:43,1,1,1,2049.1,32,9.3,332,2022,0,0.00,0.00,0,1,2.26,0.24,49041
2026-05-09 15:34:43,1,1,1,2049.1,32,9.3,332,2022,0,0.00,0.00,0,1,2.26,0.24,49041
2026-05-09 15:34:43,1,1,1,2078.4,16,10.6,382,2043,1,2.29,0.24,20308,1,2.29,0.24,20308
2026-05-09 15:34:43,1,1,1,2112.2,0,11.3,415,2071,1,2.29,0.24,20308,1,2.29,0.24,20308
2026-05-09 15:34:43,1,1,1,2112.2,0,11.3,415,2071,1,2.31,0.24,20308,1,2.31,0.24,20308
2026-05-09 15:34:43,1,1,1,2146.3,8,12.2,453,2098,1,2.31,0.24,20308,1,2.31,0.24,20308
2026-05-09 15:34:43,1,1,1,2146.3,8,12.2,453,2098,1,2.31,0.24,20308,1,2.31,0.24,20308
2026-05-09 15:34:43,1,1,1,2184.8,24,13.7,516,2123,1,2.31,0.24,20308,1,2.31,0.24,20308
2026-05-09 15:34:43,1,1,1,2184.8,24,13.7,516,2123,1,2.31,0.24,20308,1,2.31,0.24,20308
2026-05-09 15:34:43,1,1,1,2209.9,8,14.7,559,2138,1,2.31,0.24,20308,1,2.31,0.24,20308
2026-05-09 15:34:44,1,1,1,2209.9,8,14.7,559,2138,1,2.31,0.24,20308,1,2.31,0.24,20308
2026-05-09 15:34:44,1,1,1,2216.9,0,15.0,575,2141,1,2.31,0.24,20308,1,2.31,0.24,20308
2026-05-09 15:34:44,1,1,1,2233.5,-16,15.2,587,2155,1,2.31,0.24,20308,1,2.31,0.24,20308
2026-05-09 15:34:44,1,1,1,2233.5,-16,15.2,587,2155,1,2.31,0.24,20308,1,2.31,0.24,20308
2026-05-09 15:34:44,1,1,1,2232.2,-16,15.4,593,2152,1,2.31,0.24,20308,1,2.31,0.24,20308
2026-05-09 15:34:44,1,1,1,2232.2,-16,15.4,593,2152,1,2.31,0.24,20308,1,2.31,0.24,20308
2026-05-09 15:34:44,1,1,1,2230.1,-32,15.5,596,2149,1,1.06,-0.24,265,1,1.06,-0.24,265
2026-05-09 15:34:44,1,1,1,2230.1,-32,15.5,596,2149,1,1.06,-0.24,265,1,1.06,-0.24,265
2026-05-09 15:34:44,1,1,1,2223.9,-48,15.6,598,2142,1,1.04,-0.24,265,1,1.04,-0.24,265
2026-05-09 15:34:44,1,1,1,2211.2,-72,15.8,601,2128,1,1.04,-0.24,265,1,1.04,-0.24,265
2026-05-09 15:34:44,1,1,1,2211.2,-72,15.8,601,2128,1,1.60,-0.42,62600,1,1.60,-0.42,62600
2026-05-09 15:34:44,1,1,1,2195.7,-79,15.8,597,2113,1,1.60,-0.42,62600,1,1.60,-0.42,62600
2026-05-09 15:34:44,1,1,1,2195.7,-79,15.8,597,2113,1,1.56,-0.42,62600,1,1.56,-0.42,62600
2026-05-09 15:34:44,1,1,1,2180.6,0,15.7,591,2099,1,1.56,-0.42,62600,1,1.56,-0.42,62600
2026-05-09 15:34:44,1,1,1,2180.6,0,15.7,591,2099,1,1.56,-0.42,62600,1,1.56,-0.42,62600
2026-05-09 15:34:44,1,1,1,2150.1,-88,15.8,585,2069,1,1.56,-0.42,62600,1,1.56,-0.42,62600
2026-05-09 15:34:44,1,1,1,2150.1,-88,15.8,585,2069,1,1.56,-0.42,62600,1,1.56,-0.42,62600
2026-05-09 15:34:44,1,1,1,2114.1,-79,15.7,573,2035,1,1.56,-0.42,62600,1,1.56,-0.42,62600
2026-05-09 15:34:44,1,1,1,2074.6,-79,15.7,562,1997,1,1.56,-0.42,62600,1,1.56,-0.42,62600
2026-05-09 15:34:44,1,1,1,2074.6,-79,15.7,562,1997,1,1.56,-0.42,62600,1,1.56,-0.42,62600
2026-05-09 15:34:45,1,1,1,1995.3,-79,15.6,536,1922,1,1.56,-0.42,62600,1,1.56,-0.42,62600
2026-05-09 15:34:45,1,1,1,1995.3,-79,15.6,536,1922,1,1.56,-0.42,62600,1,1.56,-0.42,62600
2026-05-09 15:34:45,1,1,1,1913.8,-88,15.5,512,1844,1,1.74,-0.92,50906,1,1.74,-0.92,50906
2026-05-09 15:34:45,1,1,1,1913.8,-88,15.5,512,1844,1,1.74,-0.92,50906,1,1.74,-0.92,50906
2026-05-09 15:34:45,1,1,1,1835.5,-96,15.4,486,1770,1,1.57,-1.06,53498,1,1.57,-1.06,53498
2026-05-09 15:34:45,1,1,1,1757.1,-112,15.3,463,1695,1,1.57,-1.06,53498,1,1.57,-1.06,53498
2026-05-09 15:34:45,1,1,1,1757.1,-112,15.3,463,1695,1,2.09,-0.63,4082,1,2.09,-0.63,4082
2026-05-09 15:34:45,1,1,1,1679.5,-112,15.3,443,1620,1,2.09,-0.63,4082,1,2.09,-0.63,4082
2026-05-09 15:34:45,1,1,1,1679.5,-112,15.3,443,1620,1,2.03,-0.63,4082,1,2.03,-0.63,4082
2026-05-09 15:34:45,1,1,1,1599.0,-79,14.9,412,1545,1,2.03,-0.63,4082,1,2.03,-0.63,4082
2026-05-09 15:34:45,1,1,1,1599.0,-79,14.9,412,1545,1,1.78,-0.69,5077,1,1.78,-0.69,5077
2026-05-09 15:34:45,1,1,1,1518.3,-72,14.3,376,1471,1,1.78,-0.69,5077,1,1.78,-0.69,5077
2026-05-09 15:34:45,1,1,1,1518.3,-72,14.3,376,1471,1,2.07,-0.46,6089,1,2.07,-0.46,6089
2026-05-09 15:34:45,1,1,1,1439.5,-104,14.4,359,1394,1,2.07,-0.46,6089,1,2.07,-0.46,6089
2026-05-09 15:34:45,1,1,1,1367.4,-64,14.1,334,1326,1,2.27,-0.31,1928,1,2.27,-0.31,1928
2026-05-09 15:34:45,1,1,1,1367.4,-64,14.1,334,1326,1,2.27,-0.31,1928,1,2.27,-0.31,1928
2026-05-09 15:34:45,1,1,1,1298.7,-56,12.7,285,1267,1,2.03,-0.39,52980,1,2.03,-0.39,52980
2026-05-09 15:34:45,1,1,1,1298.7,-56,12.7,285,1267,1,2.03,-0.39,52980,1,2.03,-0.39,52980
2026-05-09 15:34:45,1,1,1,1230.9,-39,10.6,226,1210,1,1.86,-0.41,29970,1,1.86,-0.41,29970
2026-05-09 15:34:45,1,1,1,1230.9,-39,10.6,226,1210,1,1.86,-0.41,29970,1,1.86,-0.41,29970
2026-05-09 15:34:46,1,1,1,1153.7,-24,8.5,171,1141,1,1.82,-0.41,29970,1,1.82,-0.41,29970
2026-05-09 15:34:46,1,1,1,1090.8,-16,5.9,112,1085,1,1.82,-0.41,29970,1,1.82,-0.41,29970
2026-05-09 15:34:46,1,1,1,1090.8,-16,5.9,112,1085,1,2.01,-0.26,7301,1,2.01,-0.26,7301
2026-05-09 15:34:46,1,1,1,1037.4,-8,3.0,54,1036,1,2.01,-0.26,7301,1,2.01,-0.26,7301
2026-05-09 15:34:46,1,1,1,1037.4,-8,3.0,54,1036,1,2.17,-0.14,5101,1,2.17,-0.14,5101
2026-05-09 15:34:46,1,1,1,990.0,-8,-0.3,-6,990,1,2.17,-0.14,5101,1,2.17,-0.14,5101
2026-05-09 15:34:46,1,1,1,990.0,-8,-0.3,-6,990,1,2.30,-0.06,3757,1,2.30,-0.06,3757
2026-05-09 15:34:46,1,1,1,947.5,39,-4.2,-69,945,1,2.30,-0.06,3757,1,2.30,-0.06,3757
2026-05-09 15:34:46,1,1,1,947.5,39,-4.2,-69,945,1,2.18,-0.02,18761,1,2.18,-0.02,18761
2026-05-09 15:34:46,1,1,1,933.5,48,-8.2,-133,924,1,2.18,-0.02,18761,1,2.18,-0.02,18761
2026-05-09 15:34:46,1,1,1,937.8,56,-12.4,-201,916,1,2.18,-0.02,18761,1,2.18,-0.02,18761
2026-05-09 15:34:46,1,1,1,937.8,56,-12.4,-201,916,1,2.18,-0.02,18761,1,2.18,-0.02,18761
2026-05-09 15:34:46,1,1,1,955.1,48,-16.2,-267,917,1,2.18,-0.02,18761,1,2.18,-0.02,18761
2026-05-09 15:34:46,1,1,1,955.1,48,-16.2,-267,917,1,2.18,-0.02,18761,1,2.18,-0.02,18761
2026-05-09 15:34:46,1,1,1,984.0,48,-19.6,-330,927,1,2.18,-0.02,18761,1,2.18,-0.02,18761
2026-05-09 15:34:46,1,1,1,984.0,48,-19.6,-330,927,1,2.18,-0.02,18761,1,2.18,-0.02,18761
2026-05-09 15:34:46,1,1,1,1018.8,72,-23.1,-400,937,1,2.18,-0.02,18761,1,2.18,-0.02,18761
2026-05-09 15:34:46,1,1,1,1059.9,79,-26.4,-472,949,1,2.18,-0.02,18761,1,2.18,-0.02,18761
2026-05-09 15:34:46,1,1,1,1059.9,79,-26.4,-472,949,1,1.37,0.71,36125,1,1.37,0.71,36125
2026-05-09 15:34:46,1,1,1,1115.0,96,-28.4,-530,981,1,1.37,0.71,36125,1,1.37,0.71,36125
2026-05-09 15:34:47,1,1,1,1115.0,96,-28.4,-530,981,1,1.47,0.84,15145,1,1.47,0.84,15145
2026-05-09 15:34:47,1,1,1,1175.9,112,-30.2,-592,1016,1,1.47,0.84,15145,1,1.47,0.84,15145
2026-05-09 15:34:47,1,1,1,1175.9,112,-30.2,-592,1016,1,1.56,0.84,15145,1,1.56,0.84,15145
2026-05-09 15:34:47,1,1,1,1239.9,96,-31.1,-640,1062,1,1.56,0.84,15145,1,1.56,0.84,15145
2026-05-09 15:34:47,1,1,1,1239.9,96,-31.1,-640,1062,1,1.68,0.89,54085,1,1.68,0.89,54085
2026-05-09 15:34:47,1,1,1,1306.7,88,-31.3,-678,1117,1,1.68,0.89,54085,1,1.68,0.89,54085
2026-05-09 15:34:47,1,1,1,1381.8,88,-30.6,-704,1189,1,1.77,0.89,54085,1,1.77,0.89,54085
2026-05-09 15:34:47,1,1,1,1381.8,88,-30.6,-704,1189,1,1.77,0.89,54085,1,1.77,0.89,54085
2026-05-09 15:34:47,1,1,1,1454.8,79,-30.1,-729,1259,1,1.77,0.89,54085,1,1.77,0.89,54085
2026-05-09 15:34:47,1,1,1,1454.8,79,-30.1,-729,1259,1,1.77,0.89,54085,1,1.77,0.89,54085
2026-05-09 15:34:47,1,1,1,1523.6,88,-29.3,-745,1329,1,1.77,0.89,54085,1,1.77,0.89,54085
2026-05-09 15:34:47,1,1,1,1523.6,88,-29.3,-745,1329,1,1.77,0.89,54085,1,1.77,0.89,54085
2026-05-09 15:34:47,1,1,1,1591.5,96,-28.8,-766,1395,1,2.00,0.98,19472,1,2.00,0.98,19472
2026-05-09 15:34:47,1,1,1,1591.5,96,-28.8,-766,1395,1,2.00,0.98,19472,1,2.00,0.98,19472
2026-05-09 15:34:47,1,1,1,1662.9,104,-28.2,-785,1466,1,2.10,0.98,19472,1,2.10,0.98,19472
2026-05-09 15:34:47,1,1,1,1741.6,104,-28.1,-819,1537,1,2.10,0.98,19472,1,2.10,0.98,19472
2026-05-09 15:34:47,1,1,1,1741.6,104,-28.1,-819,1537,1,2.21,0.86,21634,1,2.21,0.86,21634
2026-05-09 15:34:47,1,1,1,1815.6,72,-27.7,-843,1608,1,2.21,0.86,21634,1,2.21,0.86,21634
2026-05-09 15:34:47,1,1,1,1815.6,72,-27.7,-843,1608,1,2.30,0.86,21634,1,2.30,0.86,21634
2026-05-09 15:34:47,1,1,1,1888.6,48,-27.0,-857,1683,1,2.30,0.86,21634,1,2.30,0.86,21634
2026-05-09 15:34:48,1,1,1,1888.6,48,-27.0,-857,1683,1,2.31,0.66,31450,1,2.31,0.66,31450
2026-05-09 15:34:48,1,1,1,1951.7,32,-26.3,-864,1750,1,2.31,0.66,31450,1,2.31,0.66,31450
2026-05-09 15:34:48,1,1,1,2020.3,0,-25.7,-875,1821,1,2.33,0.55,4904,1,2.33,0.55,4904
2026-05-09 15:34:48,1,1,1,2020.3,0,-25.7,-875,1821,1,2.33,0.55,4904,1,2.33,0.55,4904
2026-05-09 15:34:48,1,1,1,2060.2,32,-24.9,-869,1868,1,2.38,0.55,4904,1,2.38,0.55,4904
2026-05-09 15:34:48,1,1,1,2060.2,32,-24.9,-869,1868,1,2.38,0.55,4904,1,2.38,0.55,4904
2026-05-09 15:34:48,1,1,1,2118.9,8,-24.2,-868,1933,1,2.38,0.55,4904,1,2.38,0.55,4904
2026-05-09 15:34:48,1,1,1,2118.9,8,-24.2,-868,1933,1,2.38,0.55,4904,1,2.38,0.55,4904
2026-05-09 15:34:48,1,1,1,2150.7,-8,-23.3,-849,1976,1,2.38,0.55,4904,1,2.38,0.55,4904
2026-05-09 15:34:48,1,1,1,2150.7,-8,-23.3,-849,1976,1,2.38,0.55,4904,1,2.38,0.55,4904
2026-05-09 15:34:48,1,1,1,2183.6,-8,-21.7,-807,2029,1,2.38,0.55,4904,1,2.38,0.55,4904
2026-05-09 15:34:48,1,1,1,2189.7,-24,-20.0,-748,2058,1,2.38,0.55,4904,1,2.38,0.55,4904
2026-05-09 15:34:48,1,1,1,2189.7,-24,-20.0,-748,2058,1,2.38,0.55,4904,1,2.38,0.55,4904
2026-05-09 15:34:48,1,1,1,2178.8,-24,-18.4,-689,2067,1,2.38,0.55,4904,1,2.38,0.55,4904
2026-05-09 15:34:48,1,1,1,2178.8,-24,-18.4,-689,2067,1,2.38,0.55,4904,1,2.38,0.55,4904
2026-05-09 15:34:48,1,1,1,2172.5,0,-16.7,-624,2081,1,2.38,0.55,4904,1,2.38,0.55,4904
2026-05-09 15:34:48,1,1,1,2172.5,0,-16.7,-624,2081,1,2.38,0.55,4904,1,2.38,0.55,4904
2026-05-09 15:34:48,1,1,1,2299.9,0,-14.7,-582,2225,1,0.00,0.00,0,0,0.00,0.00,0
2026-05-09 15:34:48,1,1,1,2446.8,0,-13.6,-576,2378,1,0.00,0.00,0,0,0.00,0.00,0
2026-05-09 15:34:48,1,1,1,2446.8,0,-13.6,-576,2378,1,0.00,0.00,0,0,0.00,0.00,0
2026-05-09 15:34:49,1,1,1,2585.0,-56,-12.9,-576,2520,1,1.25,0.23,6786,1,1.25,0.23,6786
2026-05-09 15:34:49,1,1,1,2585.0,-56,-12.9,-576,2520,1,1.25,0.23,6786,1,1.25,0.23,6786
2026-05-09 15:34:49,1,1,1,2706.9,0,-13.0,-611,2637,1,1.27,0.23,6786,1,1.27,0.23,6786
2026-05-09 15:34:49,1,1,1,2706.9,0,-13.0,-611,2637,1,1.27,0.23,6786,1,1.27,0.23,6786
2026-05-09 15:34:49,1,1,1,2804.2,-88,-13.3,-645,2729,1,1.27,0.23,6786,1,1.27,0.23,6786
2026-05-09 15:34:49,1,1,1,2804.2,-88,-13.3,-645,2729,1,1.27,0.23,6786,1,1.27,0.23,6786
2026-05-09 15:34:49,1,1,1,2653.2,-88,-12.2,-562,2593,1,1.27,0.23,6786,1,1.27,0.23,6786
2026-05-09 15:34:49,1,1,1,2568.7,-88,-11.5,-513,2517,1,1.27,0.23,6786,1,1.27,0.23,6786
2026-05-09 15:34:49,1,1,1,2568.7,-88,-11.5,-513,2517,1,1.27,0.23,6786,1,1.27,0.23,6786
2026-05-09 15:34:49,1,1,1,2479.6,-79,-10.8,-463,2436,1,1.27,0.23,6786,1,1.27,0.23,6786
2026-05-09 15:34:49,1,1,1,2479.6,-79,-10.8,-463,2436,1,1.27,0.23,6786,1,1.27,0.23,6786
2026-05-09 15:34:49,1,1,1,2311.1,-88,-9.3,-372,2281,1,1.27,0.23,6786,1,1.27,0.23,6786
2026-05-09 15:34:49,1,1,1,2311.1,-88,-9.3,-372,2281,1,1.27,0.23,6786,1,1.27,0.23,6786
2026-05-09 15:34:49,1,1,1,2157.1,-104,-7.8,-294,2137,1,1.27,0.23,6786,1,1.27,0.23,6786
2026-05-09 15:34:49,1,1,1,2017.1,-119,-6.8,-238,2003,1,1.27,0.23,6786,1,1.27,0.23,6786
2026-05-09 15:34:49,1,1,1,2017.1,-119,-6.8,-238,2003,1,0.00,0.00,0,0,0.00,0.00,0
2026-05-09 15:34:49,1,1,1,1886.2,-112,-5.7,-186,1877,1,1.49,-1.14,44121,1,1.49,-1.14,44121
2026-05-09 15:34:49,1,1,1,1886.2,-112,-5.7,-186,1877,1,1.49,-1.14,44121,1,1.49,-1.14,44121
2026-05-09 15:34:49,1,1,1,1771.5,-64,-5.3,-163,1764,1,1.38,-1.14,44121,1,1.38,-1.14,44121
2026-05-09 15:34:49,1,1,1,1771.5,-64,-5.3,-163,1764,1,1.38,-1.14,44121,1,1.38,-1.14,44121
2026-05-09 15:34:50,1,1,1,1659.2,-88,-4.9,-143,1653,1,1.38,-1.14,44121,1,1.38,-1.14,44121
2026-05-09 15:34:50,1,1,1,1659.2,-88,-4.9,-143,1653,1,1.38,-1.14,44121,1,1.38,-1.14,44121
2026-05-09 15:34:50,1,1,1,1552.2,-79,-4.7,-127,1547,1,1.38,-1.14,44121,1,1.38,-1.14,44121
2026-05-09 15:34:50,1,1,1,1450.3,-88,-4.4,-112,1446,1,1.38,-1.14,44121,1,1.38,-1.14,44121
2026-05-09 15:34:50,1,1,1,1450.3,-88,-4.4,-112,1446,1,1.38,-1.14,44121,1,1.38,-1.14,44121
2026-05-09 15:34:50,1,1,1,1357.3,-79,-4.0,-95,1354,1,1.38,-1.14,44121,1,1.38,-1.14,44121
2026-05-09 15:34:50,1,1,1,1357.3,-79,-4.0,-95,1354,1,1.38,-1.14,44121,1,1.38,-1.14,44121
2026-05-09 15:34:50,1,1,1,1266.1,-79,-3.3,-73,1264,1,1.38,-1.14,44121,1,1.38,-1.14,44121
2026-05-09 15:34:50,1,1,1,1266.1,-79,-3.3,-73,1264,1,1.38,-1.14,44121,1,1.38,-1.14,44121
2026-05-09 15:34:50,1,1,1,1179.8,-48,-3.2,-66,1178,1,1.38,-1.14,44121,1,1.38,-1.14,44121
2026-05-09 15:34:50,1,1,1,1102.9,-32,-2.3,-45,1102,1,1.38,-1.14,44121,1,1.38,-1.14,44121
2026-05-09 15:34:50,1,1,1,1102.9,-32,-2.3,-45,1102,1,0.00,0.00,0,0,0.00,0.00,0
2026-05-09 15:34:50,1,1,1,1040.1,-24,-0.8,-15,1040,1,0.00,0.00,0,0,0.00,0.00,0
2026-05-09 15:34:50,1,1,1,1040.1,-24,-0.8,-15,1040,1,0.00,0.00,0,0,0.00,0.00,0
2026-05-09 15:34:50,1,1,1,983.1,-24,0.9,16,983,1,3.15,0.02,7922,1,3.15,0.02,7922
2026-05-09 15:34:50,1,1,1,983.1,-24,0.9,16,983,1,3.15,0.02,7922,1,3.15,0.02,7922
2026-05-09 15:34:50,1,1,1,945.9,32,3.6,60,944,1,2.01,0.12,57853,1,2.01,0.12,57853
2026-05-09 15:34:50,1,1,1,945.9,32,3.6,60,944,1,2.01,0.12,57853,1,2.01,0.12,57853
2026-05-09 15:34:50,1,1,1,922.7,48,6.9,111,916,1,2.43,0.16,2320,1,2.43,0.16,2320
2026-05-09 15:34:50,1,1,1,922.7,79,10.2,164,908,1,2.43,0.16,2320,1,2.43,0.16,2320
2026-05-09 15:34:51,1,1,1,922.7,79,10.2,164,908,1,2.64,0.16,1746,1,2.64,0.16,1746
2026-05-09 15:34:51,1,1,1,937.9,79,13.8,223,911,1,2.64,0.16,1746,1,2.64,0.16,1746
2026-05-09 15:34:51,1,1,1,937.9,79,13.8,223,911,1,2.36,0.21,2221,1,2.36,0.21,2221
2026-05-09 15:34:51,1,1,1,964.7,72,17.1,284,922,0,0.00,0.00,0,1,2.36,0.21,2221
2026-05-09 15:34:51,1,1,1,964.7,72,17.1,284,922,0,0.00,0.00,0,1,2.20,0.26,61450
2026-05-09 15:34:51,1,1,1,1000.3,64,20.0,342,940,0,0.00,0.00,0,1,2.20,0.26,61450
2026-05-09 15:34:51,1,1,1,1044.6,64,22.2,395,967,1,2.10,0.30,36964,1,2.10,0.30,36964
2026-05-09 15:34:51,1,1,1,1044.6,64,22.2,395,967,1,2.10,0.30,36964,1,2.10,0.30,36964
2026-05-09 15:34:51,1,1,1,1100.6,88,23.3,435,1011,1,2.13,0.30,36964,1,2.13,0.30,36964
2026-05-09 15:34:51,1,1,1,1100.6,88,23.3,435,1011,1,2.13,0.30,36964,1,2.13,0.30,36964
2026-05-09 15:34:51,1,1,1,1156.5,79,24.9,487,1049,1,2.13,0.30,36964,1,2.13,0.30,36964
2026-05-09 15:34:51,1,1,1,1156.5,79,24.9,487,1049,1,2.13,0.30,36964,1,2.13,0.30,36964
2026-05-09 15:34:51,1,1,1,1208.8,88,26.6,541,1081,1,2.13,0.30,36964,1,2.13,0.30,36964
2026-05-09 15:34:51,1,1,1,1208.8,88,26.6,541,1081,1,2.13,0.30,36964,1,2.13,0.30,36964
2026-05-09 15:34:51,1,1,1,1270.5,112,28.1,598,1121,1,2.13,0.30,36964,1,2.13,0.30,36964
2026-05-09 15:34:51,1,1,1,1346.2,104,29.2,657,1175,1,2.13,0.30,36964,1,2.13,0.30,36964
2026-05-09 15:34:51,1,1,1,1346.2,104,29.2,657,1175,1,2.13,0.30,36964,1,2.13,0.30,36964
2026-05-09 15:34:51,1,1,1,1424.1,88,30.2,716,1231,1,2.13,0.30,36964,1,2.13,0.30,36964
2026-05-09 15:34:51,1,1,1,1424.1,88,30.2,716,1231,1,2.13,0.30,36964,1,2.13,0.30,36964
2026-05-09 15:34:51,1,1,1,1499.1,79,30.8,767,1288,1,2.13,0.30,36964,1,2.13,0.30,36964
2026-05-09 15:34:52,1,1,1,1499.1,79,30.8,767,1288,1,2.13,0.30,36964,1,2.13,0.30,36964
2026-05-09 15:34:52,1,1,1,1570.9,72,31.3,815,1343,1,0.00,0.00,0,0,0.00,0.00,0
2026-05-09 15:34:52,1,1,1,1570.9,72,31.3,815,1343,1,0.00,0.00,0,0,0.00,0.00,0
2026-05-09 15:34:52,1,1,1,1641.2,96,31.7,863,1396,1,0.00,0.00,0,0,0.00,0.00,0
2026-05-09 15:34:52,1,1,1,1711.5,72,32.0,906,1452,1,0.00,0.00,0,0,0.00,0.00,0
2026-05-09 15:34:52,1,1,1,1711.5,72,32.0,906,1452,1,0.00,0.00,0,0,0.00,0.00,0
2026-05-09 15:34:52,1,1,1,1783.3,72,32.0,944,1513,0,0.00,0.00,0,0,0.00,0.00,0
2026-05-09 15:34:52,1,1,1,1783.3,72,32.0,944,1513,0,0.00,0.00,0,0,0.00,0.00,0
2026-05-09 15:34:52,1,1,1,1857.5,88,31.8,980,1578,0,0.00,0.00,0,0,0.00,0.00,0
2026-05-09 15:34:52,1,1,1,1857.5,88,31.8,980,1578,0,0.00,0.00,0,0,0.00,0.00,0
2026-05-09 15:34:52,1,1,1,1924.7,56,31.6,1009,1639,0,0.00,0.00,0,0,0.00,0.00,0
2026-05-09 15:34:52,1,1,1,1984.5,48,31.3,1032,1695,0,0.00,0.00,0,0,0.00,0.00,0
2026-05-09 15:34:52,1,1,1,1984.5,48,31.3,1032,1695,0,0.00,0.00,0,0,0.00,0.00,0
2026-05-09 15:34:52,1,1,1,2042.5,48,30.9,1050,1752,0,0.00,0.00,0,0,0.00,0.00,0
2026-05-09 15:34:52,1,1,1,2042.5,48,30.9,1050,1752,0,0.00,0.00,0,0,0.00,0.00,0
2026-05-09 15:34:52,1,1,1,2100.3,39,30.4,1062,1812,0,0.00,0.00,0,0,0.00,0.00,0
2026-05-09 15:34:52,1,1,1,2100.3,39,30.4,1062,1812,0,0.00,0.00,0,0,0.00,0.00,0
2026-05-09 15:34:52,1,1,1,2151.7,39,29.5,1059,1873,0,0.00,0.00,0,0,0.00,0.00,0
2026-05-09 15:34:52,1,1,1,2151.7,39,29.5,1059,1873,0,0.00,0.00,0,0,0.00,0.00,0
2026-05-09 15:34:52,1,1,1,2182.6,24,28.4,1038,1920,0,0.00,0.00,0,0,0.00,0.00,0
2026-05-09 15:34:53,1,1,1,2207.9,8,27.0,1001,1968,0,0.00,0.00,0,1,2.49,0.03,2745
2026-05-09 15:34:53,1,1,1,2207.9,8,27.0,1001,1968,0,0.00,0.00,0,1,2.49,0.03,2745
2026-05-09 15:34:53,1,1,1,2235.9,-24,25.1,948,2025,0,0.00,0.00,0,1,2.49,-0.10,7165
2026-05-09 15:34:53,1,1,1,2235.9,-24,25.1,948,2025,0,0.00,0.00,0,1,2.49,-0.10,7165
2026-05-09 15:34:53,1,1,1,2256.1,-16,23.2,888,2074,1,2.42,-0.07,3625,1,2.42,-0.07,3625
2026-05-09 15:34:53,1,1,1,2256.1,-16,23.2,888,2074,1,2.42,-0.07,3625,1,2.42,-0.07,3625
2026-05-09 15:34:53,1,1,1,2264.4,-8,21.4,827,2108,1,2.42,-0.07,3625,1,2.42,-0.07,3625
2026-05-09 15:34:53,1,1,1,2289.9,-8,19.8,777,2154,1,2.42,-0.07,3625,1,2.42,-0.07,3625
2026-05-09 15:34:53,1,1,1,2289.9,-8,19.8,777,2154,1,2.44,-0.04,6725,1,2.44,-0.04,6725
2026-05-09 15:34:53,1,1,1,2305.4,-8,17.8,705,2195,1,2.44,-0.04,6725,1,2.44,-0.04,6725
2026-05-09 15:34:53,1,1,1,2305.4,-8,17.8,705,2195,1,2.43,-0.04,6725,1,2.43,-0.04,6725
2026-05-09 15:34:53,1,1,1,2319.0,24,15.1,604,2239,1,2.43,-0.04,6725,1,2.43,-0.04,6725
2026-05-09 15:34:53,1,1,1,2319.0,24,15.1,604,2239,1,2.43,-0.04,6725,1,2.43,-0.04,6725
2026-05-09 15:34:53,1,1,1,2351.8,-8,12.7,518,2294,1,2.43,-0.04,6725,1,2.43,-0.04,6725
2026-05-09 15:34:53,1,1,1,2351.8,-8,12.7,518,2294,1,2.43,-0.04,6725,1,2.43,-0.04,6725
2026-05-09 15:34:53,1,1,1,2406.7,0,9.9,413,2371,1,2.43,-0.04,6725,1,2.43,-0.04,6725
2026-05-09 15:34:53,1,1,1,2438.0,-16,7.2,304,2419,1,2.43,-0.04,6725,1,2.43,-0.04,6725
2026-05-09 15:34:53,1,1,1,2438.0,-16,7.2,304,2419,1,2.43,-0.04,6725,1,2.43,-0.04,6725
2026-05-09 15:34:53,1,1,1,2497.0,0,4.9,212,2488,1,2.43,-0.04,6725,1,2.43,-0.04,6725
2026-05-09 15:34:53,1,1,1,2497.0,0,4.9,212,2488,1,2.43,-0.04,6725,1,2.43,-0.04,6725
2026-05-09 15:34:54,1,1,1,2542.6,0,2.6,115,2540,1,2.43,-0.04,6725,1,2.43,-0.04,6725
2026-05-09 15:34:54,1,1,1,2542.6,0,2.6,115,2540,1,2.43,-0.04,6725,1,2.43,-0.04,6725
2026-05-09 15:34:54,1,1,1,2574.0,-8,-0.0,-1,2574,1,2.43,-0.04,6725,1,2.43,-0.04,6725
2026-05-09 15:34:54,1,1,1,2625.4,0,-2.4,-112,2623,1,0.00,0.00,0,0,0.00,0.00,0
2026-05-09 15:34:54,1,1,1,2625.4,0,-2.4,-112,2623,1,0.00,0.00,0,0,0.00,0.00,0
2026-05-09 15:34:54,1,1,1,2661.7,-16,-4.6,-215,2653,1,0.00,0.00,0,0,0.00,0.00,0
2026-05-09 15:34:54,1,1,1,2661.7,-16,-4.6,-215,2653,1,0.00,0.00,0,0,0.00,0.00,0
2026-05-09 15:34:54,1,1,1,2599.7,-16,-6.7,-303,2582,1,0.00,0.00,0,0,0.00,0.00,0
2026-05-09 15:34:54,1,1,1,2599.7,-16,-6.7,-303,2582,0,0.00,0.00,0,0,0.00,0.00,0
2026-05-09 15:34:54,1,1,1,2513.0,0,-9.4,-412,2479,0,0.00,0.00,0,0,0.00,0.00,0
2026-05-09 15:34:54,1,1,1,2513.0,0,-9.4,-412,2479,0,0.00,0.00,0,0,0.00,0.00,0
2026-05-09 15:34:54,1,1,1,2436.6,-16,-11.7,-494,2386,0,0.00,0.00,0,0,0.00,0.00,0
2026-05-09 15:34:54,1,1,1,2392.4,-16,-13.8,-572,2323,0,0.00,0.00,0,0,0.00,0.00,0
2026-05-09 15:34:54,1,1,1,2392.4,-16,-13.8,-572,2323,0,0.00,0.00,0,0,0.00,0.00,0
2026-05-09 15:34:54,1,1,1,2353.0,-24,-15.8,-641,2264,0,0.00,0.00,0,0,0.00,0.00,0
2026-05-09 15:34:54,1,1,1,2353.0,-24,-15.8,-641,2264,0,0.00,0.00,0,0,0.00,0.00,0
2026-05-09 15:34:54,1,1,1,2302.2,-8,-17.9,-707,2191,0,0.00,0.00,0,0,0.00,0.00,0
2026-05-09 15:34:54,1,1,1,2302.2,-8,-17.9,-707,2191,0,0.00,0.00,0,0,0.00,0.00,0
2026-05-09 15:34:54,1,1,1,2261.7,0,-20.1,-777,2124,0,0.00,0.00,0,0,0.00,0.00,0
2026-05-09 15:34:54,1,1,1,2230.0,-48,-21.6,-822,2073,0,0.00,0.00,0,0,0.00,0.00,0
2026-05-09 15:34:55,1,1,1,2230.0,-48,-21.6,-822,2073,0,0.00,0.00,0,0,0.00,0.00,0
2026-05-09 15:34:55,1,1,1,2211.7,-56,-22.7,-852,2041,0,0.00,0.00,0,0,0.00,0.00,0
2026-05-09 15:34:55,1,1,1,2211.7,-56,-22.7,-852,2041,0,0.00,0.00,0,0,0.00,0.00,0
2026-05-09 15:34:55,1,1,1,2176.8,-96,-23.6,-871,1995,0,0.00,0.00,0,0,0.00,0.00,0
2026-05-09 15:34:55,1,1,1,2176.8,-96,-23.6,-871,1995,0,0.00,0.00,0,0,0.00,0.00,0
2026-05-09 15:34:55,1,1,1,2127.7,-119,-24.6,-887,1934,0,0.00,0.00,0,0,0.00,0.00,0
2026-05-09 15:34:55,1,1,1,2127.7,-119,-24.6,-887,1934,0,0.00,0.00,0,0,0.00,0.00,0
2026-05-09 15:34:55,1,1,1,2069.4,-112,-25.9,-905,1861,0,0.00,0.00,0,0,0.00,0.00,0
2026-05-09 15:34:55,1,1,1,2003.1,-96,-26.9,-907,1786,0,0.00,0.00,0,0,0.00,0.00,0
2026-05-09 15:34:55,1,1,1,2003.1,-96,-26.9,-907,1786,0,0.00,0.00,0,0,0.00,0.00,0
2026-05-09 15:35:05,1,1,1,451.4,48,-16.9,-131,432,1,0.87,-0.67,55509,1,0.87,-0.67,55509
2026-05-09 15:35:05,1,1,1,415.1,32,-9.8,-71,409,1,0.87,-0.67,55509,1,0.87,-0.67,55509
2026-05-09 15:35:05,1,1,1,415.1,32,-9.8,-71,409,1,0.87,-0.67,55509,1,0.87,-0.67,55509
2026-05-09 15:35:05,1,1,1,390.3,56,-2.2,-15,390,1,0.87,-0.67,55509,1,0.87,-0.67,55509
2026-05-09 15:35:05,1,1,1,390.3,56,-2.2,-15,390,1,0.87,-0.67,55509,1,0.87,-0.67,55509
2026-05-09 15:35:05,1,1,1,382.6,72,5.2,35,381,1,0.87,-0.67,55509,1,0.87,-0.67,55509
2026-05-09 15:35:05,1,1,1,382.6,72,5.2,35,381,1,0.51,0.96,33537,1,0.51,0.96,33537
2026-05-09 15:35:05,1,1,1,387.9,96,13.0,87,378,1,0.51,0.96,33537,1,0.51,0.96,33537
2026-05-09 15:35:05,1,1,1,411.8,112,19.1,135,389,1,0.58,1.08,44112,1,0.58,1.08,44112
2026-05-09 15:35:05,1,1,1,411.8,112,19.1,135,389,1,0.58,1.08,44112,1,0.58,1.08,44112
2026-05-09 15:35:06,1,1,1,453.8,96,21.6,167,422,1,1.51,0.79,4010,1,1.51,0.79,4010
2026-05-09 15:35:06,1,1,1,453.8,96,21.6,167,422,1,1.51,0.79,4010,1,1.51,0.79,4010
2026-05-09 15:35:06,1,1,1,512.5,88,22.4,195,474,1,1.40,0.81,21786,1,1.40,0.81,21786
2026-05-09 15:35:06,1,1,1,512.5,88,22.4,195,474,1,1.40,0.81,21786,1,1.40,0.81,21786
2026-05-09 15:35:06,1,1,1,573.9,96,24.1,234,524,1,1.39,0.82,38117,1,1.39,0.82,38117
2026-05-09 15:35:06,1,1,1,573.9,96,24.1,234,524,1,1.39,0.82,38117,1,1.39,0.82,38117
2026-05-09 15:35:06,1,1,1,642.7,104,26.1,283,577,1,1.47,0.82,38117,1,1.47,0.82,38117
2026-05-09 15:35:06,1,1,1,719.6,104,26.7,323,643,1,1.47,0.82,38117,1,1.47,0.82,38117
2026-05-09 15:35:06,1,1,1,719.6,104,26.7,323,643,1,1.47,0.82,38117,1,1.47,0.82,38117
2026-05-09 15:35:06,1,1,1,802.1,104,25.2,341,726,1,1.47,0.82,38117,1,1.47,0.82,38117
2026-05-09 15:35:06,1,1,1,802.1,104,25.2,341,726,1,1.47,0.82,38117,1,1.47,0.82,38117
2026-05-09 15:35:06,1,1,1,883.2,112,24.8,370,802,1,1.47,0.82,38117,1,1.47,0.82,38117
2026-05-09 15:35:06,1,1,1,883.2,112,24.8,370,802,1,1.47,0.82,38117,1,1.47,0.82,38117
2026-05-09 15:35:06,1,1,1,964.1,96,23.7,387,883,1,1.47,0.82,38117,1,1.47,0.82,38117
2026-05-09 15:35:06,1,1,1,1047.3,96,23.7,421,959,1,1.47,0.82,38117,1,1.47,0.82,38117
2026-05-09 15:35:06,1,1,1,1047.3,96,23.7,421,959,1,1.47,0.82,38117,1,1.47,0.82,38117
2026-05-09 15:35:06,1,1,1,1132.1,96,24.6,472,1029,1,1.47,0.82,38117,1,1.47,0.82,38117
2026-05-09 15:35:06,1,1,1,1132.1,96,24.6,472,1029,1,1.47,0.82,38117,1,1.47,0.82,38117
2026-05-09 15:35:06,1,1,1,1221.8,112,26.1,538,1097,1,1.47,0.82,38117,1,1.47,0.82,38117
2026-05-09 15:35:06,1,1,1,1221.8,112,26.1,538,1097,1,0.00,0.00,0,0,0.00,0.00,0
2026-05-09 15:35:07,1,1,1,1314.0,119,27.4,604,1167,1,1.75,1.24,51241,1,1.75,1.24,51241
2026-05-09 15:35:07,1,1,1,1314.0,119,27.4,604,1167,1,1.75,1.24,51241,1,1.75,1.24,51241
2026-05-09 15:35:07,1,1,1,1404.3,112,29.1,683,1227,1,1.92,1.11,16490,1,1.92,1.11,16490
2026-05-09 15:35:07,1,1,1,1495.0,96,30.0,747,1295,1,1.92,1.11,16490,1,1.92,1.11,16490
2026-05-09 15:35:07,1,1,1,1495.0,96,30.0,747,1295,1,2.04,1.11,16490,1,2.04,1.11,16490
2026-05-09 15:35:07,1,1,1,1579.3,72,30.3,796,1364,1,2.04,1.11,16490,1,2.04,1.11,16490
2026-05-09 15:35:07,1,1,1,1579.3,72,30.3,796,1364,1,2.06,0.89,11050,1,2.06,0.89,11050
2026-05-09 15:35:07,1,1,1,1658.2,32,29.5,817,1443,1,2.06,0.89,11050,1,2.06,0.89,11050
2026-05-09 15:35:07,1,1,1,1658.2,32,29.5,817,1443,1,2.15,0.89,11050,1,2.15,0.89,11050
2026-05-09 15:35:07,1,1,1,1734.2,64,29.4,851,1511,1,2.15,0.89,11050,1,2.15,0.89,11050
2026-05-09 15:35:07,1,1,1,1809.4,72,29.1,880,1581,1,2.15,0.89,11050,1,2.15,0.89,11050
2026-05-09 15:35:07,1,1,1,1809.4,72,29.1,880,1581,1,2.15,0.89,11050,1,2.15,0.89,11050
2026-05-09 15:35:07,1,1,1,1880.1,72,28.3,892,1655,1,2.15,0.89,11050,1,2.15,0.89,11050
2026-05-09 15:35:07,1,1,1,1880.1,72,28.3,892,1655,1,2.15,0.89,11050,1,2.15,0.89,11050
2026-05-09 15:35:07,1,1,1,1948.7,56,28.0,916,1720,1,2.15,0.89,11050,1,2.15,0.89,11050
2026-05-09 15:35:07,1,1,1,1948.7,56,28.0,916,1720,1,2.15,0.89,11050,1,2.15,0.89,11050
2026-05-09 15:35:07,1,1,1,2005.9,39,28.0,942,1771,1,2.15,0.89,11050,1,2.15,0.89,11050
2026-05-09 15:35:07,1,1,1,2005.9,39,28.0,942,1771,1,2.15,0.89,11050,1,2.15,0.89,11050
2026-05-09 15:35:07,1,1,1,2053.4,0,27.5,947,1822,1,2.15,0.89,11050,1,2.15,0.89,11050
2026-05-09 15:35:07,1,1,1,2083.0,8,27.5,963,1847,1,2.15,0.89,11050,1,2.15,0.89,11050
2026-05-09 15:35:08,1,1,1,2083.0,8,27.5,963,1847,1,2.35,-0.15,9650,1,2.35,-0.15,9650
2026-05-09 15:35:08,1,1,1,2118.8,-8,27.6,981,1878,1,2.35,-0.15,9650,1,2.35,-0.15,9650
2026-05-09 15:35:08,1,1,1,2118.8,-8,27.6,981,1878,1,2.34,-0.15,9650,1,2.34,-0.15,9650
2026-05-09 15:35:08,1,1,1,2143.0,-48,27.7,997,1897,1,2.34,-0.15,9650,1,2.34,-0.15,9650
2026-05-09 15:35:08,1,1,1,2143.0,-48,27.7,997,1897,1,2.34,-0.15,9650,1,2.34,-0.15,9650
2026-05-09 15:35:08,1,1,1,2153.4,-56,27.9,1006,1904,1,2.34,-0.15,9650,1,2.34,-0.15,9650
2026-05-09 15:35:08,1,1,1,2151.8,-48,28.0,1010,1900,1,2.34,-0.15,9650,1,2.34,-0.15,9650
2026-05-09 15:35:08,1,1,1,2151.8,-48,28.0,1010,1900,1,2.34,-0.15,9650,1,2.34,-0.15,9650
2026-05-09 15:35:08,1,1,1,2144.7,-48,28.1,1010,1892,1,2.34,-0.15,9650,1,2.34,-0.15,9650
2026-05-09 15:35:08,1,1,1,2144.7,-48,28.1,1010,1892,1,2.34,-0.15,9650,1,2.34,-0.15,9650
2026-05-09 15:35:08,1,1,1,2141.7,-32,28.2,1011,1888,1,2.34,-0.15,9650,1,2.34,-0.15,9650
2026-05-09 15:35:08,1,1,1,2141.7,-32,28.2,1011,1888,1,2.34,-0.15,9650,1,2.34,-0.15,9650
2026-05-09 15:35:08,1,1,1,2134.0,-79,28.1,1006,1882,1,2.34,-0.15,9650,1,2.34,-0.15,9650
2026-05-09 15:35:08,1,1,1,2134.0,-79,28.1,1006,1882,1,2.34,-0.15,9650,1,2.34,-0.15,9650
2026-05-09 15:35:08,1,1,1,2124.0,-96,28.0,996,1876,1,2.34,-0.15,9650,1,2.34,-0.15,9650
2026-05-09 15:35:08,1,1,1,2113.1,-112,27.8,984,1870,1,0.00,0.00,0,0,0.00,0.00,0
2026-05-09 15:35:08,1,1,1,2113.1,-112,27.8,984,1870,1,0.00,0.00,0,0,0.00,0.00,0
2026-05-09 15:35:08,1,1,1,2098.6,-96,27.5,968,1862,1,0.00,0.00,0,0,0.00,0.00,0
2026-05-09 15:35:08,1,1,1,2098.6,-96,27.5,968,1862,1,0.00,0.00,0,0,0.00,0.00,0
2026-05-09 15:35:08,1,1,1,2081.0,-88,27.2,951,1851,1,0.00,0.00,0,0,0.00,0.00,0
2026-05-09 15:35:09,1,1,1,2081.0,-88,27.2,951,1851,0,0.00,0.00,0,0,0.00,0.00,0
2026-05-09 15:35:09,1,1,1,2063.0,-72,26.9,933,1840,0,0.00,0.00,0,0,0.00,0.00,0
2026-05-09 15:35:09,1,1,1,2042.0,-96,26.7,918,1824,0,0.00,0.00,0,0,0.00,0.00,0
2026-05-09 15:35:09,1,1,1,2042.0,-96,26.7,918,1824,0,0.00,0.00,0,0,0.00,0.00,0
2026-05-09 15:35:09,1,1,1,1978.5,-96,26.3,876,1774,0,0.00,0.00,0,1,3.18,-0.03,5050
2026-05-09 15:35:09,1,1,1,1978.5,-96,26.3,876,1774,0,0.00,0.00,0,1,3.18,-0.03,5050
2026-05-09 15:35:09,1,1,1,1912.4,-104,25.9,836,1720,1,2.22,-0.64,14233,1,2.22,-0.64,14233
2026-05-09 15:35:09,1,1,1,1912.4,-104,25.9,836,1720,1,2.22,-0.64,14233,1,2.22,-0.64,14233
2026-05-09 15:35:09,1,1,1,1841.6,-112,25.4,789,1664,1,2.16,-0.64,14233,1,2.16,-0.64,14233
2026-05-09 15:35:09,1,1,1,1841.6,-112,25.4,789,1664,1,2.16,-0.64,14233,1,2.16,-0.64,14233
2026-05-09 15:35:09,1,1,1,1700.6,-96,24.5,704,1548,1,2.16,-0.64,14233,1,2.16,-0.64,14233
2026-05-09 15:35:09,1,1,1,1574.6,-79,23.2,621,1447,1,2.16,-0.64,14233,1,2.16,-0.64,14233
2026-05-09 15:35:09,1,1,1,1574.6,-79,23.2,621,1447,1,2.16,-0.64,14233,1,2.16,-0.64,14233
2026-05-09 15:35:09,1,1,1,1458.5,-79,22.5,557,1348,1,2.16,-0.64,14233,1,2.16,-0.64,14233
2026-05-09 15:35:09,1,1,1,1458.5,-79,22.5,557,1348,1,3.16,-0.01,11401,1,3.16,-0.01,11401
2026-05-09 15:35:09,1,1,1,1350.6,-96,22.9,526,1244,1,3.16,-0.01,11401,1,3.16,-0.01,11401
2026-05-09 15:35:09,1,1,1,1350.6,-96,22.9,526,1244,1,2.08,-0.41,21288,1,2.08,-0.41,21288
2026-05-09 15:35:09,1,1,1,1251.0,-72,23.1,490,1151,1,2.08,-0.41,21288,1,2.08,-0.41,21288
2026-05-09 15:35:09,1,1,1,1251.0,-72,23.1,490,1151,1,2.45,-0.23,9081,1,2.45,-0.23,9081
2026-05-09 15:35:09,1,1,1,1161.4,-72,22.4,442,1074,1,2.45,-0.23,9081,1,2.45,-0.23,9081
2026-05-09 15:35:10,1,1,1,1078.7,-39,20.9,384,1008,1,2.00,-0.35,51592,1,2.00,-0.35,51592
2026-05-09 15:35:10,1,1,1,1078.7,-39,20.9,384,1008,1,2.00,-0.35,51592,1,2.00,-0.35,51592
2026-05-09 15:35:10,1,1,1,1004.0,-24,18.5,319,952,1,1.96,-0.35,51592,1,1.96,-0.35,51592
2026-05-09 15:35:10,1,1,1,1004.0,-24,18.5,319,952,1,1.96,-0.35,51592,1,1.96,-0.35,51592
2026-05-09 15:35:10,1,1,1,939.2,-16,15.5,251,905,1,1.96,-0.35,51592,1,1.96,-0.35,51592
2026-05-09 15:35:10,1,1,1,939.2,-16,15.5,251,905,1,1.96,-0.35,51592,1,1.96,-0.35,51592
2026-05-09 15:35:10,1,1,1,867.8,0,12.6,189,847,1,1.96,-0.35,51592,1,1.96,-0.35,51592
2026-05-09 15:35:10,1,1,1,814.3,16,9.1,129,804,1,1.96,-0.35,51592,1,1.96,-0.35,51592
2026-05-09 15:35:10,1,1,1,814.3,16,9.1,129,804,1,1.96,-0.35,51592,1,1.96,-0.35,51592
2026-05-09 15:35:10,1,1,1,775.6,48,4.7,64,773,1,1.96,-0.35,51592,1,1.96,-0.35,51592
2026-05-09 15:35:10,1,1,1,775.6,48,4.7,64,773,1,1.96,-0.35,51592,1,1.96,-0.35,51592
2026-05-09 15:35:10,1,1,1,749.0,48,-0.2,-2,749,1,1.96,-0.35,51592,1,1.96,-0.35,51592
2026-05-09 15:35:10,1,1,1,749.0,48,-0.2,-2,749,1,1.16,0.73,47545,1,1.16,0.73,47545
2026-05-09 15:35:10,1,1,1,752.5,72,-5.5,-72,749,1,1.16,0.73,47545,1,1.16,0.73,47545
2026-05-09 15:35:10,1,1,1,752.5,72,-5.5,-72,749,1,1.23,0.73,47545,1,1.23,0.73,47545
2026-05-09 15:35:10,1,1,1,777.5,64,-10.7,-144,764,1,1.23,0.73,47545,1,1.23,0.73,47545
2026-05-09 15:35:10,1,1,1,813.4,79,-16.0,-224,782,1,1.23,0.73,47545,1,1.23,0.73,47545
2026-05-09 15:35:10,1,1,1,813.4,79,-16.0,-224,782,1,1.23,0.73,47545,1,1.23,0.73,47545
2026-05-09 15:35:10,1,1,1,869.1,48,-19.4,-288,820,1,1.23,0.73,47545,1,1.23,0.73,47545
2026-05-09 15:35:10,1,1,1,869.1,48,-19.4,-288,820,1,1.23,0.73,47545,1,1.23,0.73,47545
2026-05-09 15:35:11,1,1,1,922.8,88,-22.8,-357,851,1,1.25,0.95,60501,1,1.25,0.95,60501
2026-05-09 15:35:11,1,1,1,922.8,88,-22.8,-357,851,1,1.25,0.95,60501,1,1.25,0.95,60501
2026-05-09 15:35:11,1,1,1,979.9,104,-25.8,-427,882,1,1.34,0.95,60501,1,1.34,0.95,60501
2026-05-09 15:35:11,1,1,1,1043.9,119,-28.4,-497,918,1,1.34,0.95,60501,1,1.34,0.95,60501
2026-05-09 15:35:11,1,1,1,1043.9,119,-28.4,-497,918,1,1.48,1.08,34532,1,1.48,1.08,34532
2026-05-09 15:35:11,1,1,1,1116.1,104,-30.1,-559,966,1,1.48,1.08,34532,1,1.48,1.08,34532
2026-05-09 15:35:11,1,1,1,1116.1,104,-30.1,-559,966,1,1.57,1.04,50640,1,1.57,1.04,50640
2026-05-09 15:35:11,1,1,1,1189.0,96,-30.9,-611,1020,1,1.57,1.04,50640,1,1.57,1.04,50640
2026-05-09 15:35:11,1,1,1,1189.0,96,-30.9,-611,1020,1,1.69,1.02,26801,1,1.69,1.02,26801
2026-05-09 15:35:11,1,1,1,1267.1,88,-31.4,-661,1081,1,1.69,1.02,26801,1,1.69,1.02,26801
2026-05-09 15:35:11,1,1,1,1267.1,88,-31.4,-661,1081,1,1.77,0.97,12938,1,1.77,0.97,12938
2026-05-09 15:35:11,1,1,1,1344.2,88,-32.2,-717,1137,1,1.77,0.97,12938,1,1.77,0.97,12938
2026-05-09 15:35:11,1,1,1,1420.8,88,-32.8,-770,1194,1,1.87,0.97,12938,1,1.87,0.97,12938
2026-05-09 15:35:11,1,1,1,1420.8,88,-32.8,-770,1194,1,1.87,0.97,12938,1,1.87,0.97,12938
2026-05-09 15:35:11,1,1,1,1496.4,96,-33.1,-818,1253,1,1.87,0.97,12938,1,1.87,0.97,12938
2026-05-09 15:35:11,1,1,1,1496.4,96,-33.1,-818,1253,1,1.87,0.97,12938,1,1.87,0.97,12938
2026-05-09 15:35:11,1,1,1,1575.6,104,-33.4,-868,1315,1,1.87,0.97,12938,1,1.87,0.97,12938
2026-05-09 15:35:11,1,1,1,1575.6,104,-33.4,-868,1315,1,1.87,0.97,12938,1,1.87,0.97,12938
2026-05-09 15:35:11,1,1,1,1656.1,88,-33.7,-920,1377,1,1.87,0.97,12938,1,1.87,0.97,12938
2026-05-09 15:35:11,1,1,1,1747.0,112,-34.6,-992,1438,1,1.87,0.97,12938,1,1.87,0.97,12938
2026-05-09 15:35:12,1,1,1,1747.0,112,-34.6,-992,1438,1,1.87,0.97,12938,1,1.87,0.97,12938
2026-05-09 15:35:12,1,1,1,1838.0,96,-35.7,-1072,1493,1,1.87,0.97,12938,1,1.87,0.97,12938
2026-05-09 15:35:12,1,1,1,1838.0,96,-35.7,-1072,1493,1,1.87,0.97,12938,1,1.87,0.97,12938
2026-05-09 15:35:12,1,1,1,1919.7,39,-36.2,-1134,1549,1,1.87,0.97,12938,1,1.87,0.97,12938
2026-05-09 15:35:12,1,1,1,1919.7,39,-36.2,-1134,1549,1,1.87,0.97,12938,1,1.87,0.97,12938
2026-05-09 15:35:12,1,1,1,1963.5,39,-35.5,-1141,1598,1,0.00,0.00,0,0,0.00,0.00,0
2026-05-09 15:35:12,1,1,1,1963.5,39,-35.5,-1141,1598,1,0.00,0.00,0,0,0.00,0.00,0
2026-05-09 15:35:12,1,1,1,2012.0,16,-34.2,-1131,1664,1,0.00,0.00,0,0,0.00,0.00,0
2026-05-09 15:35:12,1,1,1,2062.3,8,-32.9,-1121,1731,1,0.00,0.00,0,0,0.00,0.00,0
2026-05-09 15:35:12,1,1,1,2062.3,8,-32.9,-1121,1731,1,0.00,0.00,0,0,0.00,0.00,0
2026-05-09 15:35:12,1,1,1,2124.5,0,-31.6,-1114,1809,0,0.00,0.00,0,0,0.00,0.00,0
2026-05-09 15:35:12,1,1,1,2124.5,0,-31.6,-1114,1809,0,0.00,0.00,0,0,0.00,0.00,0
2026-05-09 15:35:12,1,1,1,2156.9,8,-30.0,-1080,1867,0,0.00,0.00,0,0,0.00,0.00,0
2026-05-09 15:35:12,1,1,1,2156.9,8,-30.0,-1080,1867,0,0.00,0.00,0,0,0.00,0.00,0
2026-05-09 15:35:12,1,1,1,2219.8,0,-28.8,-1068,1946,0,0.00,0.00,0,0,0.00,0.00,0
2026-05-09 15:35:12,1,1,1,2252.7,0,-27.2,-1029,2004,0,0.00,0.00,0,0,0.00,0.00,0
2026-05-09 15:35:12,1,1,1,2252.7,0,-27.2,-1029,2004,0,0.00,0.00,0,0,0.00,0.00,0
2026-05-09 15:35:12,1,1,1,2219.6,0,-25.3,-950,2006,0,0.00,0.00,0,0,0.00,0.00,0
2026-05-09 15:35:12,1,1,1,2219.6,0,-25.3,-950,2006,0,0.00,0.00,0,0,0.00,0.00,0
2026-05-09 15:35:12,1,1,1,2191.1,0,-23.4,-870,2011,0,0.00,0.00,0,0,0.00,0.00,0
2026-05-09 15:35:13,1,1,1,2191.1,0,-23.4,-870,2011,0,0.00,0.00,0,0,0.00,0.00,0
2026-05-09 15:35:13,1,1,1,2321.6,0,-22.6,-893,2143,0,0.00,0.00,0,0,0.00,0.00,0
2026-05-09 15:35:13,1,1,1,2321.6,0,-22.6,-893,2143,0,0.00,0.00,0,0,0.00,0.00,0
2026-05-09 15:35:13,1,1,1,2453.0,0,-21.8,-910,2278,0,0.00,0.00,0,0,0.00,0.00,0
2026-05-09 15:35:13,1,1,1,2595.0,0,-20.5,-908,2431,0,0.00,0.00,0,0,0.00,0.00,0
2026-05-09 15:35:13,1,1,1,2595.0,0,-20.5,-908,2431,0,0.00,0.00,0,0,0.00,0.00,0
2026-05-09 15:35:13,1,1,1,2710.5,0,-19.0,-882,2563,0,0.00,0.00,0,0,0.00,0.00,0
2026-05-09 15:35:13,1,1,1,2710.5,0,-19.0,-882,2563,0,0.00,0.00,0,0,0.00,0.00,0
2026-05-09 15:35:13,1,1,1,2785.9,0,-17.0,-815,2664,0,0.00,0.00,0,0,0.00,0.00,0
2026-05-09 15:35:13,1,1,1,2785.9,0,-17.0,-815,2664,0,0.00,0.00,0,0,0.00,0.00,0
2026-05-09 15:35:13,1,1,1,2825.5,0,-15.1,-736,2728,0,0.00,0.00,0,1,2.24,-0.70,35125
2026-05-09 15:35:13,1,1,1,2825.5,0,-15.1,-736,2728,0,0.00,0.00,0,1,2.24,-0.70,35125
2026-05-09 15:35:13,1,1,1,2840.9,-88,-13.2,-648,2766,1,2.17,-0.70,35125,1,2.17,-0.70,35125
2026-05-09 15:35:13,1,1,1,2702.3,-112,-12.3,-577,2640,1,2.17,-0.70,35125,1,2.17,-0.70,35125
2026-05-09 15:35:13,1,1,1,2702.3,-112,-12.3,-577,2640,1,2.04,-0.82,36429,1,2.04,-0.82,36429
2026-05-09 15:35:13,1,1,1,2547.8,-88,-11.7,-516,2495,1,2.04,-0.82,36429,1,2.04,-0.82,36429
2026-05-09 15:35:13,1,1,1,2547.8,-88,-11.7,-516,2495,1,1.95,-0.82,36429,1,1.95,-0.82,36429
2026-05-09 15:35:13,1,1,1,2396.9,-79,-11.2,-467,2351,1,1.95,-0.82,36429,1,1.95,-0.82,36429
2026-05-09 15:35:13,1,1,1,2396.9,-79,-11.2,-467,2351,1,1.95,-0.82,36429,1,1.95,-0.82,36429
2026-05-09 15:35:13,1,1,1,2263.0,-72,-10.9,-429,2222,1,1.95,-0.82,36429,1,1.95,-0.82,36429
2026-05-09 15:35:14,1,1,1,2132.3,-96,-10.6,-392,2096,1,1.95,-0.82,36429,1,1.95,-0.82,36429
2026-05-09 15:35:14,1,1,1,2132.3,-96,-10.6,-392,2096,1,1.95,-0.82,36429,1,1.95,-0.82,36429
2026-05-09 15:35:14,1,1,1,2011.5,-112,-10.3,-360,1979,1,1.95,-0.82,36429,1,1.95,-0.82,36429
2026-05-09 15:35:14,1,1,1,2011.5,-112,-10.3,-360,1979,1,1.95,-0.82,36429,1,1.95,-0.82,36429
2026-05-09 15:35:14,1,1,1,1898.1,-128,-10.0,-331,1869,1,1.95,-0.82,36429,1,1.95,-0.82,36429
2026-05-09 15:35:14,1,1,1,1898.1,-128,-10.0,-331,1869,1,1.95,-0.82,36429,1,1.95,-0.82,36429
2026-05-09 15:35:14,1,1,1,1789.8,-112,-9.7,-303,1764,1,1.95,-0.82,36429,1,1.95,-0.82,36429
2026-05-09 15:35:14,1,1,1,1789.8,-112,-9.7,-303,1764,1,1.95,-0.82,36429,1,1.95,-0.82,36429
2026-05-09 15:35:14,1,1,1,1678.2,-104,-9.7,-284,1654,1,1.27,-0.96,51937,1,1.27,-0.96,51937
2026-05-09 15:35:14,1,1,1,1572.0,-96,-9.6,-262,1550,1,1.27,-0.96,51937,1,1.27,-0.96,51937
2026-05-09 15:35:14,1,1,1,1572.0,-96,-9.6,-262,1550,1,1.17,-0.96,51937,1,1.17,-0.96,51937
2026-05-09 15:35:14,1,1,1,1471.4,-96,-9.5,-244,1451,1,1.17,-0.96,51937,1,1.17,-0.96,51937
2026-05-09 15:35:14,1,1,1,1471.4,-96,-9.5,-244,1451,1,1.17,-0.96,51937,1,1.17,-0.96,51937
2026-05-09 15:35:14,1,1,1,1371.7,-104,-9.5,-226,1353,1,1.17,-0.96,51937,1,1.17,-0.96,51937
2026-05-09 15:35:14,1,1,1,1371.7,-104,-9.5,-226,1353,1,1.17,-0.96,51937,1,1.17,-0.96,51937
2026-05-09 15:35:14,1,1,1,1272.6,-104,-9.3,-205,1256,1,1.17,-0.96,51937,1,1.17,-0.96,51937
2026-05-09 15:35:14,1,1,1,1179.6,-104,-9.3,-191,1164,1,1.17,-0.96,51937,1,1.17,-0.96,51937
2026-05-09 15:35:14,1,1,1,1179.6,-104,-9.3,-191,1164,1,1.17,-0.96,51937,1,1.17,-0.96,51937
2026-05-09 15:35:14,1,1,1,1083.1,-88,-9.6,-180,1068,1,0.76,-0.94,43201,1,0.76,-0.94,43201
2026-05-09 15:35:14,1,1,1,1083.1,-88,-9.6,-180,1068,1,0.76,-0.94,43201,1,0.76,-0.94,43201
2026-05-09 15:35:15,1,1,1,996.1,-72,-9.7,-167,982,1,0.62,-0.83,27972,1,0.62,-0.83,27972
2026-05-09 15:35:15,1,1,1,996.1,-72,-9.7,-167,982,1,0.62,-0.83,27972,1,0.62,-0.83,27972
2026-05-09 15:35:15,1,1,1,919.8,-72,-11.0,-175,903,1,0.56,-0.78,40468,1,0.56,-0.78,40468
2026-05-09 15:35:15,1,1,1,919.8,-72,-11.0,-175,903,1,0.56,-0.78,40468,1,0.56,-0.78,40468
2026-05-09 15:35:15,1,1,1,840.6,-72,-12.1,-176,822,1,0.49,-0.78,40468,1,0.49,-0.78,40468
2026-05-09 15:35:15,1,1,1,767.1,-64,-12.8,-170,748,1,0.49,-0.78,40468,1,0.49,-0.78,40468
2026-05-09 15:35:15,1,1,1,767.1,-64,-12.8,-170,748,1,0.49,-0.78,40468,1,0.49,-0.78,40468
2026-05-09 15:35:15,1,1,1,682.2,-24,-12.1,-143,667,1,0.49,-0.78,40468,1,0.49,-0.78,40468
2026-05-09 15:35:15,1,1,1,682.2,-24,-12.1,-143,667,1,0.49,-0.78,40468,1,0.49,-0.78,40468
2026-05-09 15:35:15,1,1,1,617.4,-39,-11.0,-118,606,1,0.49,-0.78,40468,1,0.49,-0.78,40468
2026-05-09 15:35:15,1,1,1,617.4,-39,-11.0,-118,606,1,0.49,-0.78,40468,1,0.49,-0.78,40468
2026-05-09 15:35:15,1,1,1,557.8,-79,-11.8,-114,546,1,0.49,-0.78,40468,1,0.49,-0.78,40468
2026-05-09 15:35:15,1,1,1,512.5,-32,-11.6,-103,502,1,0.49,-0.78,40468,1,0.49,-0.78,40468
2026-05-09 15:35:15,1,1,1,512.5,-32,-11.6,-103,502,1,0.49,-0.78,40468,1,0.49,-0.78,40468
2026-05-09 15:35:15,1,1,1,461.9,-48,-11.2,-90,453,1,0.49,-0.78,40468,1,0.49,-0.78,40468
2026-05-09 15:35:15,1,1,1,461.9,-48,-11.2,-90,453,1,0.49,-0.78,40468,1,0.49,-0.78,40468
2026-05-09 15:35:15,1,1,1,417.4,16,-9.2,-67,412,1,0.49,-0.78,40468,1,0.49,-0.78,40468
2026-05-09 15:35:15,1,1,1,417.4,16,-9.2,-67,412,1,0.00,0.00,0,0,0.00,0.00,0
2026-05-09 15:35:15,1,1,1,376.8,64,-3.8,-25,376,1,0.00,0.00,0,0,0.00,0.00,0
2026-05-09 15:35:15,1,1,1,376.8,64,-3.8,-25,376,1,0.00,0.00,0,0,0.00,0.00,0
2026-05-09 15:35:16,1,1,1,360.4,24,2.9,18,360,1,0.00,0.00,0,0,0.00,0.00,0
2026-05-09 15:35:16,1,1,1,348.7,32,9.4,57,344,1,0.00,0.00,0,0,0.00,0.00,0
2026-05-09 15:35:16,1,1,1,348.7,32,9.4,57,344,0,0.00,0.00,0,0,0.00,0.00,0
2026-05-09 15:35:16,1,1,1,351.3,24,15.2,92,339,0,0.00,0.00,0,0,0.00,0.00,0
2026-05-09 15:35:16,1,1,1,351.3,24,15.2,92,339,0,0.00,0.00,0,0,0.00,0.00,0
2026-05-09 15:35:16,1,1,1,358.4,48,19.9,122,337,0,0.00,0.00,0,0,0.00,0.00,0
2026-05-09 15:35:16,1,1,1,358.4,48,19.9,122,337,0,0.00,0.00,0,1,0.50,0.56,51253
2026-05-09 15:35:16,1,1,1,372.4,64,24.1,152,340,0,0.00,0.00,0,1,0.50,0.56,51253
2026-05-09 15:35:16,1,1,1,396.2,79,26.7,178,354,1,0.55,0.67,3540,1,0.55,0.67,3540
2026-05-09 15:35:16,1,1,1,396.2,79,26.7,178,354,1,0.55,0.67,3540,1,0.55,0.67,3540
2026-05-09 15:35:16,1,1,1,425.0,88,28.1,200,375,1,0.66,0.71,14282,1,0.66,0.71,14282
2026-05-09 15:35:16,1,1,1,425.0,88,28.1,200,375,1,0.66,0.71,14282,1,0.66,0.71,14282
2026-05-09 15:35:16,1,1,1,465.5,72,30.0,233,403,1,0.74,0.74,49576,1,0.74,0.74,49576
2026-05-09 15:35:16,1,1,1,465.5,72,30.0,233,403,1,0.74,0.74,49576,1,0.74,0.74,49576
2026-05-09 15:35:16,1,1,1,517.1,72,30.8,265,444,1,0.81,0.76,40485,1,0.81,0.76,40485
2026-05-09 15:35:16,1,1,1,517.1,72,30.8,265,444,1,0.81,0.76,40485,1,0.81,0.76,40485
2026-05-09 15:35:16,1,1,1,576.1,72,29.0,279,504,1,1.27,0.70,4804,1,1.27,0.70,4804
2026-05-09 15:35:16,1,1,1,641.4,96,27.5,296,569,1,1.27,0.70,4804,1,1.27,0.70,4804
2026-05-09 15:35:16,1,1,1,641.4,96,27.5,296,569,1,1.30,0.73,28717,1,1.30,0.73,28717
2026-05-09 15:35:16,1,1,1,678.5,104,27.1,309,604,1,1.30,0.73,28717,1,1.30,0.73,28717
2026-05-09 15:35:17,1,1,1,678.5,104,27.1,309,604,1,1.60,0.68,3076,1,1.60,0.68,3076
2026-05-09 15:35:17,1,1,1,720.9,119,26.5,322,645,1,1.60,0.68,3076,1,1.60,0.68,3076
2026-05-09 15:35:17,1,1,1,720.9,119,26.5,322,645,1,1.63,0.73,38533,1,1.63,0.73,38533
2026-05-09 15:35:17,1,1,1,771.0,112,26.3,342,691,1,1.63,0.73,38533,1,1.63,0.73,38533
2026-05-09 15:35:17,1,1,1,870.3,96,26.5,388,779,1,1.71,0.73,38533,1,1.71,0.73,38533
2026-05-09 15:35:17,1,1,1,870.3,96,26.5,388,779,1,1.71,0.73,38533,1,1.71,0.73,38533
2026-05-09 15:35:17,1,1,1,963.3,96,26.6,432,861,1,1.74,0.74,39496,1,1.74,0.74,39496
2026-05-09 15:35:17,1,1,1,963.3,96,26.6,432,861,1,1.74,0.74,39496,1,1.74,0.74,39496
2026-05-09 15:35:17,1,1,1,1051.8,96,28.1,495,928,1,1.78,0.76,2080,1,1.78,0.76,2080
2026-05-09 15:35:17,1,1,1,1051.8,96,28.1,495,928,1,1.78,0.76,2080,1,1.78,0.76,2080
2026-05-09 15:35:17,1,1,1,1138.0,104,28.6,545,999,1,1.86,0.76,2080,1,1.86,0.76,2080
2026-05-09 15:35:17,1,1,1,1138.0,104,28.6,545,999,1,1.86,0.76,2080,1,1.86,0.76,2080
2026-05-09 15:35:17,1,1,1,1223.3,112,28.4,582,1076,1,1.94,0.82,54405,1,1.94,0.82,54405
2026-05-09 15:35:17,1,1,1,1315.4,112,28.2,622,1159,1,1.94,0.82,54405,1,1.94,0.82,54405
2026-05-09 15:35:17,1,1,1,1315.4,112,28.2,622,1159,1,2.12,0.77,1145,1,2.12,0.77,1145
2026-05-09 15:35:17,1,1,1,1407.6,104,27.5,651,1248,1,2.12,0.77,1145,1,2.12,0.77,1145
2026-05-09 15:35:17,1,1,1,1407.6,104,27.5,651,1248,1,2.19,0.78,31618,1,2.19,0.78,31618
2026-05-09 15:35:17,1,1,1,1497.7,88,26.9,677,1336,1,2.19,0.78,31618,1,2.19,0.78,31618
2026-05-09 15:35:17,1,1,1,1497.7,88,26.9,677,1336,1,2.26,0.78,31618,1,2.26,0.78,31618
2026-05-09 15:35:17,1,1,1,1584.9,88,26.4,704,1420,1,2.26,0.78,31618,1,2.26,0.78,31618
2026-05-09 15:35:18,1,1,1,1669.7,79,25.6,721,1506,1,2.26,0.78,31618,1,2.26,0.78,31618
2026-05-09 15:35:18,1,1,1,1669.7,79,25.6,721,1506,1,2.26,0.78,31618,1,2.26,0.78,31618
2026-05-09 15:35:18,1,1,1,1752.5,79,24.9,737,1590,1,2.26,0.78,31618,1,2.26,0.78,31618
2026-05-09 15:35:18,1,1,1,1752.5,79,24.9,737,1590,1,2.26,0.78,31618,1,2.26,0.78,31618
2026-05-09 15:35:18,1,1,1,1833.5,96,24.1,748,1674,1,2.26,0.78,31618,1,2.26,0.78,31618
2026-05-09 15:35:18,1,1,1,1833.5,96,24.1,748,1674,1,2.26,0.78,31618,1,2.26,0.78,31618
2026-05-09 15:35:18,1,1,1,1919.4,128,23.8,775,1756,1,2.26,0.78,31618,1,2.26,0.78,31618
2026-05-09 15:35:18,1,1,1,1919.4,128,23.8,775,1756,1,2.26,0.78,31618,1,2.26,0.78,31618
2026-05-09 15:35:18,1,1,1,1991.6,48,23.5,795,1826,1,2.26,0.78,31618,1,2.26,0.78,31618
2026-05-09 15:35:18,1,1,1,2062.7,48,23.3,817,1894,1,2.26,0.78,31618,1,2.26,0.78,31618
2026-05-09 15:35:18,1,1,1,2062.7,48,23.3,817,1894,1,2.26,0.78,31618,1,2.26,0.78,31618
2026-05-09 15:35:18,1,1,1,2120.0,48,22.8,820,1955,1,0.00,0.00,0,0,0.00,0.00,0
2026-05-09 15:35:18,1,1,1,2120.0,48,22.8,820,1955,1,0.00,0.00,0,0,0.00,0.00,0
2026-05-09 15:35:18,1,1,1,2187.6,24,22.4,835,2022,1,0.00,0.00,0,0,0.00,0.00,0
2026-05-09 15:35:18,1,1,1,2187.6,24,22.4,835,2022,1,0.00,0.00,0,0,0.00,0.00,0
2026-05-09 15:35:18,1,1,1,2230.6,24,21.6,821,2074,1,0.00,0.00,0,0,0.00,0.00,0
2026-05-09 15:35:18,1,1,1,2230.6,24,21.6,821,2074,0,0.00,0.00,0,0,0.00,0.00,0
2026-05-09 15:35:18,1,1,1,2266.4,8,20.1,780,2128,0,0.00,0.00,0,0,0.00,0.00,0
2026-05-09 15:35:18,1,1,1,2301.3,-8,19.1,752,2175,0,0.00,0.00,0,0,0.00,0.00,0
2026-05-09 15:35:18,1,1,1,2301.3,-8,19.1,752,2175,0,0.00,0.00,0,0,0.00,0.00,0
2026-05-09 15:35:19,1,1,1,2356.9,24,18.1,733,2240,0,0.00,0.00,0,0,0.00,0.00,0
2026-05-09 15:35:19,1,1,1,2356.9,24,18.1,733,2240,0,0.00,0.00,0,0,0.00,0.00,0
2026-05-09 15:35:19,1,1,1,2395.9,0,17.3,711,2288,0,0.00,0.00,0,0,0.00,0.00,0
2026-05-09 15:35:19,1,1,1,2395.9,0,17.3,711,2288,0,0.00,0.00,0,0,0.00,0.00,0
2026-05-09 15:35:19,1,1,1,2412.1,0,16.9,701,2308,0,0.00,0.00,0,1,2.51,0.01,2106
2026-05-09 15:35:19,1,1,1,2437.6,0,16.1,676,2342,0,0.00,0.00,0,1,2.51,0.01,2106
2026-05-09 15:35:19,1,1,1,2437.6,0,16.1,676,2342,0,0.00,0.00,0,1,2.51,0.01,2106
2026-05-09 15:35:19,1,1,1,2453.0,8,14.3,606,2377,0,0.00,0.00,0,1,2.51,0.01,2106
2026-05-09 15:35:19,1,1,1,2453.0,8,14.3,606,2377,0,0.00,0.00,0,1,2.52,-0.08,8584
2026-05-09 15:35:19,1,1,1,2464.3,-8,12.5,533,2406,0,0.00,0.00,0,1,2.52,-0.08,8584
2026-05-09 15:35:19,1,1,1,2464.3,-8,12.5,533,2406,1,2.52,-0.08,8584,1,2.52,-0.08,8584
2026-05-09 15:35:19,1,1,1,2468.7,-16,10.7,457,2426,1,2.52,-0.08,8584,1,2.52,-0.08,8584
2026-05-09 15:35:19,1,1,1,2468.7,-16,10.7,457,2426,1,2.52,-0.08,8584,1,2.52,-0.08,8584
2026-05-09 15:35:19,1,1,1,2494.0,-8,8.6,373,2466,1,2.52,-0.08,8584,1,2.52,-0.08,8584
2026-05-09 15:35:19,1,1,1,2541.2,0,6.1,268,2527,1,2.52,-0.08,8584,1,2.52,-0.08,8584
2026-05-09 15:35:19,1,1,1,2541.2,0,6.1,268,2527,1,2.52,-0.08,8584,1,2.52,-0.08,8584
2026-05-09 15:35:19,1,1,1,2630.8,0,3.1,142,2627,1,2.52,-0.08,8584,1,2.52,-0.08,8584
2026-05-09 15:35:19,1,1,1,2630.8,0,3.1,142,2627,1,2.52,-0.08,8584,1,2.52,-0.08,8584
2026-05-09 15:35:19,1,1,1,2715.1,0,0.5,24,2715,1,2.51,-0.35,20905,1,2.51,-0.35,20905
2026-05-09 15:35:19,1,1,1,2715.1,0,0.5,24,2715,1,2.51,-0.35,20905,1,2.51,-0.35,20905
2026-05-09 15:35:20,1,1,1,2790.4,-48,-1.8,-88,2789,1,2.48,-0.39,22376,1,2.48,-0.39,22376
2026-05-09 15:35:20,1,1,1,2739.0,-48,-3.5,-166,2734,1,2.48,-0.39,22376,1,2.48,-0.39,22376
2026-05-09 15:35:20,1,1,1,2739.0,-48,-3.5,-166,2734,1,2.44,-0.39,22376,1,2.44,-0.39,22376
2026-05-09 15:35:20,1,1,1,2683.8,0,-4.9,-229,2674,1,2.44,-0.39,22376,1,2.44,-0.39,22376
2026-05-09 15:35:20,1,1,1,2683.8,0,-4.9,-229,2674,1,2.44,-0.39,22376,1,2.44,-0.39,22376
2026-05-09 15:35:20,1,1,1,2602.7,-24,-6.1,-276,2588,1,2.44,-0.39,22376,1,2.44,-0.39,22376
2026-05-09 15:35:20,1,1,1,2602.7,-24,-6.1,-276,2588,1,2.44,-0.39,22376,1,2.44,-0.39,22376
2026-05-09 15:35:20,1,1,1,2519.1,-8,-7.1,-310,2500,1,2.44,-0.39,22376,1,2.44,-0.39,22376
2026-05-09 15:35:20,1,1,1,2519.1,-8,-7.1,-310,2500,1,2.44,-0.39,22376,1,2.44,-0.39,22376
2026-05-09 15:35:20,1,1,1,2455.1,-8,-8.0,-343,2431,1,2.44,-0.39,22376,1,2.44,-0.39,22376
2026-05-09 15:35:20,1,1,1,2396.3,-32,-9.4,-392,2364,1,2.44,-0.39,22376,1,2.44,-0.39,22376
2026-05-09 15:35:20,1,1,1,2396.3,-32,-9.4,-392,2364,1,2.44,-0.39,22376,1,2.44,-0.39,22376
2026-05-09 15:35:20,1,1,1,2351.2,-8,-10.7,-438,2310,1,2.44,-0.39,22376,1,2.44,-0.39,22376
2026-05-09 15:35:20,1,1,1,2351.2,-8,-10.7,-438,2310,1,2.44,-0.39,22376,1,2.44,-0.39,22376
2026-05-09 15:35:20,1,1,1,2311.2,-24,-12.1,-484,2260,1,2.44,-0.39,22376,1,2.44,-0.39,22376
2026-05-09 15:35:20,1,1,1,2311.2,-24,-12.1,-484,2260,1,0.00,0.00,0,0,0.00,0.00,0
2026-05-09 15:35:20,1,1,1,2274.1,-39,-13.6,-536,2210,1,0.00,0.00,0,0,0.00,0.00,0
2026-05-09 15:35:20,1,1,1,2236.1,-48,-15.4,-593,2156,1,0.00,0.00,0,0,0.00,0.00,0
2026-05-09 15:35:20,1,1,1,2236.1,-48,-15.4,-593,2156,1,2.24,-0.47,13928,1,2.24,-0.47,13928
2026-05-09 15:35:20,1,1,1,2197.4,-64,-17.1,-647,2100,1,2.24,-0.47,13928,1,2.24,-0.47,13928
2026-05-09 15:35:21,1,1,1,2197.4,-64,-17.1,-647,2100,1,2.20,-0.47,13928,1,2.20,-0.47,13928
2026-05-09 15:35:21,1,1,1,2155.5,-88,-18.8,-696,2040,1,2.20,-0.47,13928,1,2.20,-0.47,13928
2026-05-09 15:35:21,1,1,1,2155.5,-88,-18.8,-696,2040,1,2.20,-0.47,13928,1,2.20,-0.47,13928
2026-05-09 15:35:21,1,1,1,2100.8,-104,-20.2,-727,1971,1,2.20,-0.47,13928,1,2.20,-0.47,13928
2026-05-09 15:35:21,1,1,1,2100.8,-104,-20.2,-727,1971,1,2.20,-0.47,13928,1,2.20,-0.47,13928
2026-05-09 15:35:21,1,1,1,2044.7,-119,-21.1,-735,1908,1,2.20,-0.47,13928,1,2.20,-0.47,13928
2026-05-09 15:35:21,1,1,1,1984.0,-104,-21.7,-732,1844,1,1.80,-0.96,22457,1,1.80,-0.96,22457
2026-05-09 15:35:21,1,1,1,1984.0,-104,-21.7,-732,1844,1,1.80,-0.96,22457,1,1.80,-0.96,22457
2026-05-09 15:35:21,1,1,1,1920.2,-88,-22.3,-730,1776,1,1.75,-0.93,28018,1,1.75,-0.93,28018
2026-05-09 15:35:21,1,1,1,1920.2,-88,-22.3,-730,1776,1,1.75,-0.93,28018,1,1.75,-0.93,28018
2026-05-09 15:35:21,1,1,1,1853.5,-88,-22.7,-715,1710,1,1.66,-0.93,28018,1,1.66,-0.93,28018
2026-05-09 15:35:21,1,1,1,1853.5,-88,-22.7,-715,1710,1,1.66,-0.93,28018,1,1.66,-0.93,28018
2026-05-09 15:35:21,1,1,1,1781.4,-104,-23.1,-698,1639,1,1.54,-1.00,25101,1,1.54,-1.00,25101
2026-05-09 15:35:21,1,1,1,1705.2,-112,-23.4,-677,1565,1,1.54,-1.00,25101,1,1.54,-1.00,25101
2026-05-09 15:35:21,1,1,1,1705.2,-112,-23.4,-677,1565,1,1.44,-1.05,44714,1,1.44,-1.05,44714
2026-05-09 15:35:21,1,1,1,1618.1,-119,-23.5,-645,1484,1,1.44,-1.05,44714,1,1.44,-1.05,44714
2026-05-09 15:35:21,1,1,1,1618.1,-119,-23.5,-645,1484,1,1.78,-0.71,1649,1,1.78,-0.71,1649
2026-05-09 15:35:21,1,1,1,1528.0,-119,-23.5,-610,1401,1,1.78,-0.71,1649,1,1.78,-0.71,1649
2026-05-09 15:35:21,1,1,1,1528.0,-119,-23.5,-610,1401,1,1.71,-0.71,1649,1,1.71,-0.71,1649
2026-05-09 15:35:21,1,1,1,1439.4,-96,-23.5,-574,1320,1,1.71,-0.71,1649,1,1.71,-0.71,1649
2026-05-09 15:35:22,1,1,1,1439.4,-96,-23.5,-574,1320,1,1.52,-0.79,17794,1,1.52,-0.79,17794
2026-05-09 15:35:22,1,1,1,1353.1,-96,-23.4,-537,1242,1,1.52,-0.79,17794,1,1.52,-0.79,17794
2026-05-09 15:35:22,1,1,1,1260.9,-96,-23.3,-499,1158,1,1.78,-0.54,2980,1,1.78,-0.54,2980
2026-05-09 15:35:22,1,1,1,1260.9,-96,-23.3,-499,1158,1,1.78,-0.54,2980,1,1.78,-0.54,2980
2026-05-09 15:35:22,1,1,1,1159.2,-88,-23.0,-453,1067,1,1.73,-0.54,2980,1,1.73,-0.54,2980
2026-05-09 15:35:22,1,1,1,1159.2,-88,-23.0,-453,1067,1,1.73,-0.54,2980,1,1.73,-0.54,2980
2026-05-09 15:35:22,1,1,1,1068.6,-104,-23.1,-419,983,1,1.96,-0.33,6500,1,1.96,-0.33,6500
2026-05-09 15:35:22,1,1,1,1068.6,-104,-23.1,-419,983,1,1.96,-0.33,6500,1,1.96,-0.33,6500
2026-05-09 15:35:22,1,1,1,985.6,-104,-22.7,-381,909,1,2.13,-0.19,3077,1,2.13,-0.19,3077
2026-05-09 15:35:22,1,1,1,985.6,-104,-22.7,-381,909,1,2.13,-0.19,3077,1,2.13,-0.19,3077
2026-05-09 15:35:22,1,1,1,905.9,-79,-22.7,-349,836,1,1.89,-0.36,48013,1,1.89,-0.36,48013
2026-05-09 15:35:22,1,1,1,825.2,-64,-21.5,-302,768,1,1.89,-0.36,48013,1,1.89,-0.36,48013
2026-05-09 15:35:22,1,1,1,825.2,-64,-21.5,-302,768,1,1.66,-0.48,31133,1,1.66,-0.48,31133
2026-05-09 15:35:22,1,1,1,752.3,-64,-20.0,-257,707,1,1.66,-0.48,31133,1,1.66,-0.48,31133
2026-05-09 15:35:22,1,1,1,752.3,-64,-20.0,-257,707,1,1.62,-0.48,31133,1,1.62,-0.48,31133
2026-05-09 15:35:22,1,1,1,685.6,-64,-18.5,-218,650,1,1.62,-0.48,31133,1,1.62,-0.48,31133
2026-05-09 15:35:22,1,1,1,685.6,-64,-18.5,-218,650,1,1.43,-0.54,25748,1,1.43,-0.54,25748
2026-05-09 15:35:22,1,1,1,618.1,-64,-17.0,-181,591,1,1.43,-0.54,25748,1,1.43,-0.54,25748
2026-05-09 15:35:22,1,1,1,548.8,-96,-16.2,-153,527,1,1.38,-0.54,25748,1,1.38,-0.54,25748
2026-05-09 15:35:22,1,1,1,548.8,-96,-16.2,-153,527,1,1.38,-0.54,25748,1,1.38,-0.54,25748
2026-05-09 15:35:23,1,1,1,487.7,-16,-14.1,-119,473,1,1.38,-0.54,25748,1,1.38,-0.54,25748
2026-05-09 15:35:23,1,1,1,487.7,-16,-14.1,-119,473,1,1.38,-0.54,25748,1,1.38,-0.54,25748
2026-05-09 15:35:23,1,1,1,439.7,0,-10.7,-82,432,1,1.38,-0.54,25748,1,1.38,-0.54,25748
2026-05-09 15:35:23,1,1,1,439.7,0,-10.7,-82,432,1,1.38,-0.54,25748,1,1.38,-0.54,25748
2026-05-09 15:35:23,1,1,1,402.5,16,-6.4,-45,400,1,1.38,-0.54,25748,1,1.38,-0.54,25748
2026-05-09 15:35:23,1,1,1,402.5,16,-6.4,-45,400,1,1.38,-0.54,25748,1,1.38,-0.54,25748
2026-05-09 15:35:23,1,1,1,377.1,32,-1.5,-10,377,1,1.38,-0.54,25748,1,1.38,-0.54,25748
2026-05-09 15:35:23,1,1,1,364.4,39,2.7,17,364,1,1.38,-0.54,25748,1,1.38,-0.54,25748
2026-05-09 15:35:23,1,1,1,364.4,39,2.7,17,364,1,1.38,-0.54,25748,1,1.38,-0.54,25748
2026-05-09 15:35:23,1,1,1,368.0,56,4.2,27,367,1,1.38,-0.54,25748,1,1.38,-0.54,25748
2026-05-09 15:35:23,1,1,1,368.0,56,4.2,27,367,1,0.50,0.71,32964,1,0.50,0.71,32964
2026-05-09 15:35:23,1,1,1,375.5,79,5.2,34,374,1,0.50,0.71,32964,1,0.50,0.71,32964
2026-05-09 15:35:23,1,1,1,375.5,79,5.2,34,374,1,0.57,0.71,32964,1,0.57,0.71,32964
2026-05-09 15:35:23,1,1,1,387.5,88,6.5,44,385,1,0.57,0.71,32964,1,0.57,0.71,32964
2026-05-09 15:35:23,1,1,1,415.7,88,5.1,37,414,1,0.58,0.72,9218,1,0.58,0.72,9218
2026-05-09 15:35:23,1,1,1,415.7,88,5.1,37,414,1,0.58,0.72,9218,1,0.58,0.72,9218
2026-05-09 15:35:23,1,1,1,461.8,79,3.4,27,461,1,0.69,0.73,10209,1,0.69,0.73,10209
2026-05-09 15:35:23,1,1,1,461.8,79,3.4,27,461,1,0.69,0.73,10209,1,0.69,0.73,10209
2026-05-09 15:35:23,1,1,1,511.6,88,4.6,41,510,1,0.76,0.73,10209,1,0.76,0.73,10209
2026-05-09 15:35:23,1,1,1,511.6,88,4.6,41,510,1,0.76,0.73,10209,1,0.76,0.73,10209
2026-05-09 15:35:24,1,1,1,565.9,104,6.7,66,562,1,0.76,0.73,10209,1,0.76,0.73,10209
2026-05-09 15:35:24,1,1,1,565.9,104,6.7,66,562,1,0.76,0.73,10209,1,0.76,0.73,10209
2026-05-09 15:35:24,1,1,1,600.0,112,7.4,77,595,1,0.76,0.73,10209,1,0.76,0.73,10209
2026-05-09 15:35:24,1,1,1,640.6,104,6.9,77,636,1,0.76,0.73,10209,1,0.76,0.73,10209
2026-05-09 15:35:24,1,1,1,640.6,104,6.9,77,636,1,0.76,0.73,10209,1,0.76,0.73,10209
2026-05-09 15:35:24,1,1,1,686.3,96,6.4,77,682,1,0.76,0.73,10209,1,0.76,0.73,10209
2026-05-09 15:35:24,1,1,1,686.3,96,6.4,77,682,1,0.76,0.73,10209,1,0.76,0.73,10209
2026-05-09 15:35:24,1,1,1,736.2,96,5.4,69,733,1,0.76,0.73,10209,1,0.76,0.73,10209
2026-05-09 15:35:24,1,1,1,736.2,96,5.4,69,733,1,0.76,0.73,10209,1,0.76,0.73,10209
2026-05-09 15:35:24,1,1,1,790.0,104,5.0,69,787,1,0.76,0.73,10209,1,0.76,0.73,10209
2026-05-09 15:35:24,1,1,1,902.5,104,5.0,79,899,1,0.76,0.73,10209,1,0.76,0.73,10209
2026-05-09 15:35:24,1,1,1,902.5,104,5.0,79,899,1,0.00,0.00,0,0,0.00,0.00,0
2026-05-09 15:35:24,1,1,1,1011.6,112,5.4,96,1007,1,0.00,0.00,0,0,0.00,0.00,0
2026-05-09 15:35:24,1,1,1,1011.6,112,5.4,96,1007,1,0.00,0.00,0,0,0.00,0.00,0
2026-05-09 15:35:24,1,1,1,1116.0,112,4.8,94,1112,1,0.00,0.00,0,0,0.00,0.00,0
2026-05-09 15:35:24,1,1,1,1116.0,112,4.8,94,1112,1,0.00,0.00,0,0,0.00,0.00,0
2026-05-09 15:35:24,1,1,1,1226.7,112,4.4,95,1223,0,0.00,0.00,0,0,0.00,0.00,0
2026-05-09 15:35:24,1,1,1,1226.7,112,4.4,95,1223,0,0.00,0.00,0,0,0.00,0.00,0
2026-05-09 15:35:24,1,1,1,1332.1,104,3.9,91,1329,0,0.00,0.00,0,0,0.00,0.00,0
2026-05-09 15:35:24,1,1,1,1428.4,104,3.3,83,1426,0,0.00,0.00,0,0,0.00,0.00,0
2026-05-09 15:35:25,1,1,1,1428.4,104,3.3,83,1426,0,0.00,0.00,0,0,0.00,0.00,0
2026-05-09 15:35:25,1,1,1,1522.3,96,2.4,63,1521,0,0.00,0.00,0,0,0.00,0.00,0
2026-05-09 15:35:25,1,1,1,1522.3,96,2.4,63,1521,0,0.00,0.00,0,1,2.05,1.01,8289
2026-05-09 15:35:25,1,1,1,1615.1,112,2.1,60,1614,0,0.00,0.00,0,1,2.05,1.01,8289
2026-05-09 15:35:25,1,1,1,1615.1,112,2.1,60,1614,1,2.15,1.01,8289,1,2.15,1.01,8289
2026-05-09 15:35:25,1,1,1,1710.4,112,2.3,68,1709,1,2.15,1.01,8289,1,2.15,1.01,8289
2026-05-09 15:35:25,1,1,1,1816.7,0,2.5,78,1815,1,2.27,1.00,3741,1,2.27,1.00,3741
2026-05-09 15:35:25,1,1,1,1816.7,0,2.5,78,1815,1,2.27,1.00,3741,1,2.27,1.00,3741
2026-05-09 15:35:25,1,1,1,1995.2,0,0.8,27,1995,1,2.37,1.00,3741,1,2.37,1.00,3741
2026-05-09 15:35:25,1,1,1,1995.2,0,0.8,27,1995,1,2.37,1.00,3741,1,2.37,1.00,3741
2026-05-09 15:35:25,1,1,1,2151.1,72,-0.4,-15,2151,1,2.37,1.00,3741,1,2.37,1.00,3741
2026-05-09 15:35:25,1,1,1,2151.1,72,-0.4,-15,2151,1,2.37,1.00,3741,1,2.37,1.00,3741
2026-05-09 15:35:25,1,1,1,2217.1,56,0.6,24,2217,1,2.37,1.00,3741,1,2.37,1.00,3741
2026-05-09 15:35:25,1,1,1,2217.1,56,0.6,24,2217,1,2.37,1.00,3741,1,2.37,1.00,3741
2026-05-09 15:35:25,1,1,1,2265.0,48,1.7,68,2264,1,2.37,1.00,3741,1,2.37,1.00,3741
2026-05-09 15:35:25,1,1,1,2303.6,64,2.7,110,2301,1,2.37,1.00,3741,1,2.37,1.00,3741
2026-05-09 15:35:25,1,1,1,2303.6,64,2.7,110,2301,1,2.37,1.00,3741,1,2.37,1.00,3741
2026-05-09 15:35:25,1,1,1,2341.6,0,3.6,146,2337,1,2.37,1.00,3741,1,2.37,1.00,3741
2026-05-09 15:35:25,1,1,1,2341.6,0,3.6,146,2337,1,2.37,1.00,3741,1,2.37,1.00,3741
2026-05-09 15:35:25,1,1,1,2385.5,32,4.2,176,2379,1,2.37,1.00,3741,1,2.37,1.00,3741
2026-05-09 15:35:26,1,1,1,2385.5,32,4.2,176,2379,1,2.37,1.00,3741,1,2.37,1.00,3741
2026-05-09 15:35:26,1,1,1,2424.8,24,4.9,206,2416,1,0.00,0.00,0,0,0.00,0.00,0
2026-05-09 15:35:26,1,1,1,2481.3,8,5.7,247,2469,1,0.00,0.00,0,0,0.00,0.00,0
2026-05-09 15:35:26,1,1,1,2481.3,8,5.7,247,2469,1,0.00,0.00,0,0,0.00,0.00,0
2026-05-09 15:35:26,1,1,1,2523.3,16,6.3,277,2508,1,0.00,0.00,0,0,0.00,0.00,0
2026-05-09 15:35:26,1,1,1,2523.3,16,6.3,277,2508,1,0.00,0.00,0,0,0.00,0.00,0
2026-05-09 15:35:26,1,1,1,2541.9,-8,6.6,293,2525,0,0.00,0.00,0,0,0.00,0.00,0
2026-05-09 15:35:26,1,1,1,2541.9,-8,6.6,293,2525,0,0.00,0.00,0,0,0.00,0.00,0
2026-05-09 15:35:26,1,1,1,2545.8,-24,7.0,309,2527,0,0.00,0.00,0,0,0.00,0.00,0
2026-05-09 15:35:26,1,1,1,2545.8,-24,7.0,309,2527,0,0.00,0.00,0,0,0.00,0.00,0
2026-05-09 15:35:26,1,1,1,2541.4,-39,7.3,321,2521,0,0.00,0.00,0,0,0.00,0.00,0
2026-05-09 15:35:26,1,1,1,2544.0,-24,7.5,334,2522,0,0.00,0.00,0,0,0.00,0.00,0
2026-05-09 15:35:26,1,1,1,2544.0,-24,7.5,334,2522,0,0.00,0.00,0,1,2.73,-0.23,7930
2026-05-09 15:35:26,1,1,1,2557.4,8,7.8,345,2534,0,0.00,0.00,0,1,2.73,-0.23,7930
2026-05-09 15:35:26,1,1,1,2557.4,8,7.8,345,2534,1,2.63,-0.24,5069,1,2.63,-0.24,5069
2026-05-09 15:35:26,1,1,1,2563.1,-24,8.2,365,2537,1,2.63,-0.24,5069,1,2.63,-0.24,5069
2026-05-09 15:35:26,1,1,1,2563.1,-24,8.2,365,2537,1,2.58,-0.24,6500,1,2.58,-0.24,6500
2026-05-09 15:35:26,1,1,1,2553.7,-24,8.9,395,2523,1,2.58,-0.24,6500,1,2.58,-0.24,6500
2026-05-09 15:35:26,1,1,1,2553.7,-24,8.9,395,2523,1,2.55,-0.24,6500,1,2.55,-0.24,6500
2026-05-09 15:35:26,1,1,1,2539.3,-32,9.7,428,2503,1,2.55,-0.24,6500,1,2.55,-0.24,6500
2026-05-09 15:35:27,1,1,1,2510.2,-16,10.9,474,2465,1,2.55,-0.24,6500,1,2.55,-0.24,6500
2026-05-09 15:35:27,1,1,1,2510.2,-16,10.9,474,2465,1,2.55,-0.24,6500,1,2.55,-0.24,6500
2026-05-09 15:35:27,1,1,1,2483.7,-32,12.5,537,2425,1,2.55,-0.24,6500,1,2.55,-0.24,6500
2026-05-09 15:35:27,1,1,1,2483.7,-32,12.5,537,2425,1,2.55,-0.24,6500,1,2.55,-0.24,6500
2026-05-09 15:35:27,1,1,1,2450.8,-48,14.8,624,2370,1,2.55,-0.24,6500,1,2.55,-0.24,6500
2026-05-09 15:35:27,1,1,1,2450.8,-48,14.8,624,2370,1,2.55,-0.24,6500,1,2.55,-0.24,6500
2026-05-09 15:35:27,1,1,1,2415.1,-39,17.4,721,2305,1,2.55,-0.24,6500,1,2.55,-0.24,6500
2026-05-09 15:35:27,1,1,1,2382.3,-64,19.9,811,2240,1,2.55,-0.24,6500,1,2.55,-0.24,6500
2026-05-09 15:35:27,1,1,1,2382.3,-64,19.9,811,2240,1,2.55,-0.24,6500,1,2.55,-0.24,6500
2026-05-09 15:35:27,1,1,1,2348.1,-56,21.9,875,2179,1,2.55,-0.24,6500,1,2.55,-0.24,6500
2026-05-09 15:35:27,1,1,1,2348.1,-56,21.9,875,2179,1,2.55,-0.24,6500,1,2.55,-0.24,6500
2026-05-09 15:35:27,1,1,1,2308.9,-72,23.2,910,2122,1,0.00,0.00,0,0,0.00,0.00,0
2026-05-09 15:35:27,1,1,1,2308.9,-72,23.2,910,2122,1,0.00,0.00,0,0,0.00,0.00,0
2026-05-09 15:35:27,1,1,1,2266.4,-88,24.3,934,2065,1,0.00,0.00,0,0,0.00,0.00,0
2026-05-09 15:35:27,1,1,1,2266.4,-88,24.3,934,2065,1,0.00,0.00,0,0,0.00,0.00,0
2026-05-09 15:35:27,1,1,1,2226.6,-119,25.5,958,2010,1,0.00,0.00,0,0,0.00,0.00,0
2026-05-09 15:35:27,1,1,1,2180.3,-88,26.0,955,1960,0,0.00,0.00,0,0,0.00,0.00,0
2026-05-09 15:35:27,1,1,1,2180.3,-88,26.0,955,1960,0,0.00,0.00,0,0,0.00,0.00,0
2026-05-09 15:35:27,1,1,1,2119.0,-72,25.2,903,1917,0,0.00,0.00,0,0,0.00,0.00,0
2026-05-09 15:35:27,1,1,1,2119.0,-72,25.2,903,1917,0,0.00,0.00,0,0,0.00,0.00,0
2026-05-09 15:35:28,1,1,1,2054.2,-79,24.1,839,1875,0,0.00,0.00,0,0,0.00,0.00,0
2026-05-09 15:35:28,1,1,1,2054.2,-79,24.1,839,1875,0,0.00,0.00,0,0,0.00,0.00,0
2026-05-09 15:35:28,1,1,1,1990.0,-79,23.0,777,1832,0,0.00,0.00,0,0,0.00,0.00,0
2026-05-09 15:35:28,1,1,1,1927.3,-96,22.0,722,1787,0,0.00,0.00,0,0,0.00,0.00,0
2026-05-09 15:35:28,1,1,1,1927.3,-96,22.0,722,1787,0,0.00,0.00,0,0,0.00,0.00,0
2026-05-09 15:35:28,1,1,1,1860.3,-104,21.7,689,1728,0,0.00,0.00,0,0,0.00,0.00,0
2026-05-09 15:35:28,1,1,1,1860.3,-104,21.7,689,1728,0,0.00,0.00,0,0,0.00,0.00,0
2026-05-09 15:35:28,1,1,1,1784.9,-104,21.4,651,1662,0,0.00,0.00,0,0,0.00,0.00,0
2026-05-09 15:35:28,1,1,1,1784.9,-104,21.4,651,1662,0,0.00,0.00,0,1,1.49,-0.96,48541
2026-05-09 15:35:28,1,1,1,1703.9,-104,20.7,602,1594,0,0.00,0.00,0,1,1.49,-0.96,48541
2026-05-09 15:35:28,1,1,1,1703.9,-104,20.7,602,1594,1,2.33,-0.43,3730,1,2.33,-0.43,3730
2026-05-09 15:35:28,1,1,1,1629.4,-79,19.8,552,1533,1,2.33,-0.43,3730,1,2.33,-0.43,3730
2026-05-09 15:35:28,1,1,1,1552.4,-96,18.8,499,1470,1,1.92,-0.64,12661,1,1.92,-0.64,12661
2026-05-09 15:35:28,1,1,1,1552.4,-96,18.8,499,1470,1,1.92,-0.64,12661,1,1.92,-0.64,12661
2026-05-09 15:35:28,1,1,1,1469.3,-96,17.8,449,1399,1,1.86,-0.64,12661,1,1.86,-0.64,12661
2026-05-09 15:35:28,1,1,1,1469.3,-96,17.8,449,1399,1,1.86,-0.64,12661,1,1.86,-0.64,12661
2026-05-09 15:35:28,1,1,1,1396.6,-88,17.8,426,1330,1,2.21,-0.38,6381,1,2.21,-0.38,6381
2026-05-09 15:35:28,1,1,1,1396.6,-88,17.8,426,1330,1,2.21,-0.38,6381,1,2.21,-0.38,6381
2026-05-09 15:35:28,1,1,1,1314.8,-119,17.3,392,1255,1,1.88,-0.62,50948,1,1.88,-0.62,50948
2026-05-09 15:35:28,1,1,1,1231.2,-112,17.5,371,1174,1,1.88,-0.62,50948,1,1.88,-0.62,50948
2026-05-09 15:35:29,1,1,1,1231.2,-112,17.5,371,1174,1,1.63,-0.73,4634,1,1.63,-0.73,4634
2026-05-09 15:35:29,1,1,1,1141.6,-88,17.1,336,1091,1,1.63,-0.73,4634,1,1.63,-0.73,4634
2026-05-09 15:35:29,1,1,1,1141.6,-88,17.1,336,1091,1,1.56,-0.73,4634,1,1.56,-0.73,4634
2026-05-09 15:35:29,1,1,1,1048.9,-79,16.1,290,1008,1,1.56,-0.73,4634,1,1.56,-0.73,4634
2026-05-09 15:35:29,1,1,1,1048.9,-79,16.1,290,1008,1,1.56,-0.73,4634,1,1.56,-0.73,4634
2026-05-09 15:35:29,1,1,1,959.9,-79,15.0,249,927,1,1.56,-0.73,4634,1,1.56,-0.73,4634
2026-05-09 15:35:29,1,1,1,959.9,-79,15.0,249,927,1,1.56,-0.73,4634,1,1.56,-0.73,4634
2026-05-09 15:35:29,1,1,1,875.8,-72,13.7,207,851,1,1.56,-0.73,4634,1,1.56,-0.73,4634
2026-05-09 15:35:29,1,1,1,797.8,-79,13.1,181,777,1,0.51,-0.71,49665,1,0.51,-0.71,49665
2026-05-09 15:35:29,1,1,1,797.8,-79,13.1,181,777,1,0.51,-0.71,49665,1,0.51,-0.71,49665
2026-05-09 15:35:29,1,1,1,721.0,-88,12.8,160,703,1,0.44,-0.71,49665,1,0.44,-0.71,49665
2026-05-09 15:35:29,1,1,1,721.0,-88,12.8,160,703,1,0.44,-0.71,49665,1,0.44,-0.71,49665
2026-05-09 15:35:29,1,1,1,644.0,-56,12.4,138,629,1,0.44,-0.71,49665,1,0.44,-0.71,49665
2026-05-09 15:35:29,1,1,1,644.0,-56,12.4,138,629,1,0.44,-0.71,49665,1,0.44,-0.71,49665
2026-05-09 15:35:29,1,1,1,576.1,8,9.6,96,568,1,0.44,-0.71,49665,1,0.44,-0.71,49665
2026-05-09 15:35:29,1,1,1,515.1,-32,8.0,72,510,1,0.44,-0.71,49665,1,0.44,-0.71,49665
2026-05-09 15:35:29,1,1,1,515.1,-32,8.0,72,510,1,0.44,-0.71,49665,1,0.44,-0.71,49665
2026-05-09 15:35:29,1,1,1,469.1,-8,6.6,54,466,1,0.44,-0.71,49665,1,0.44,-0.71,49665
2026-05-09 15:35:29,1,1,1,469.1,-8,6.6,54,466,1,0.44,-0.71,49665,1,0.44,-0.71,49665
2026-05-09 15:35:29,1,1,1,434.8,8,5.1,39,433,1,0.44,-0.71,49665,1,0.44,-0.71,49665
2026-05-09 15:35:30,1,1,1,434.8,8,5.1,39,433,1,0.44,-0.71,49665,1,0.44,-0.71,49665
2026-05-09 15:35:30,1,1,1,396.8,-24,5.5,38,395,1,0.44,-0.71,49665,1,0.44,-0.71,49665
2026-05-09 15:35:30,1,1,1,396.8,-24,5.5,38,395,1,0.44,-0.71,49665,1,0.44,-0.71,49665
2026-05-09 15:35:30,1,1,1,370.4,39,5.0,32,369,1,0.00,0.00,0,0,0.00,0.00,0
2026-05-09 15:35:30,1,1,1,355.2,88,1.8,11,355,1,0.00,0.00,0,0,0.00,0.00,0
2026-05-09 15:35:30,1,1,1,355.2,88,1.8,11,355,1,0.00,0.00,0,0,0.00,0.00,0
2026-05-09 15:35:30,1,1,1,357.7,72,-3.7,-23,357,1,0.52,0.76,62034,1,0.52,0.76,62034
2026-05-09 15:35:30,1,1,1,357.7,72,-3.7,-23,357,1,0.52,0.76,62034,1,0.52,0.76,62034
2026-05-09 15:35:30,1,1,1,370.9,72,-10.2,-66,365,1,0.60,0.76,62034,1,0.60,0.76,62034
2026-05-09 15:35:30,1,1,1,370.9,72,-10.2,-66,365,1,0.60,0.76,62034,1,0.60,0.76,62034
2026-05-09 15:35:30,1,1,1,398.3,79,-16.9,-116,381,1,0.60,0.76,62034,1,0.60,0.76,62034
2026-05-09 15:35:30,1,1,1,434.0,72,-21.8,-161,403,1,0.60,0.76,62034,1,0.60,0.76,62034
2026-05-09 15:35:30,1,1,1,434.0,72,-21.8,-161,403,1,0.60,0.76,62034,1,0.60,0.76,62034
2026-05-09 15:35:30,1,1,1,481.1,72,-23.3,-190,442,1,0.60,0.76,62034,1,0.60,0.76,62034
2026-05-09 15:35:30,1,1,1,481.1,72,-23.3,-190,442,1,0.60,0.76,62034,1,0.60,0.76,62034
2026-05-09 15:35:30,1,1,1,533.7,96,-25.2,-227,483,1,0.60,0.76,62034,1,0.60,0.76,62034
2026-05-09 15:35:30,1,1,1,533.7,96,-25.2,-227,483,1,0.99,1.18,47085,1,0.99,1.18,47085
2026-05-09 15:35:30,1,1,1,595.3,112,-25.8,-259,536,1,0.99,1.18,47085,1,0.99,1.18,47085
2026-05-09 15:35:30,1,1,1,595.3,112,-25.8,-259,536,1,1.05,1.18,63897,1,1.05,1.18,63897
2026-05-09 15:35:30,1,1,1,665.9,112,-25.9,-291,599,1,1.05,1.18,63897,1,1.05,1.18,63897
2026-05-09 15:35:31,1,1,1,741.7,88,-25.0,-314,672,1,1.20,1.19,56772,1,1.20,1.19,56772
2026-05-09 15:35:31,1,1,1,741.7,88,-25.0,-314,672,1,1.20,1.19,56772,1,1.20,1.19,56772
2026-05-09 15:35:31,1,1,1,818.1,96,-24.4,-338,745,1,1.29,1.12,61889,1,1.29,1.12,61889
2026-05-09 15:35:31,1,1,1,818.1,96,-24.4,-338,745,1,1.29,1.12,61889,1,1.29,1.12,61889
2026-05-09 15:35:31,1,1,1,899.9,88,-23.9,-364,823,1,1.37,1.08,36269,1,1.37,1.08,36269
2026-05-09 15:35:31,1,1,1,899.9,88,-23.9,-364,823,1,1.37,1.08,36269,1,1.37,1.08,36269
2026-05-09 15:35:31,1,1,1,984.4,96,-24.7,-412,894,1,1.48,1.08,36269,1,1.48,1.08,36269
2026-05-09 15:35:31,1,1,1,984.4,96,-24.7,-412,894,1,1.48,1.08,36269,1,1.48,1.08,36269
2026-05-09 15:35:31,1,1,1,1067.7,112,-25.3,-457,965,1,1.58,1.11,8674,1,1.58,1.11,8674
2026-05-09 15:35:31,1,1,1,1149.9,112,-25.8,-501,1035,1,1.58,1.11,8674,1,1.58,1.11,8674
2026-05-09 15:35:31,1,1,1,1149.9,112,-25.8,-501,1035,1,1.69,1.11,8674,1,1.69,1.11,8674
2026-05-09 15:35:31,1,1,1,1239.2,88,-26.7,-557,1107,1,1.69,1.11,8674,1,1.69,1.11,8674
2026-05-09 15:35:31,1,1,1,1239.2,88,-26.7,-557,1107,1,1.78,1.07,2704,1,1.78,1.07,2704
2026-05-09 15:35:31,1,1,1,1326.9,96,-26.6,-595,1186,1,1.78,1.07,2704,1,1.78,1.07,2704
2026-05-09 15:35:31,1,1,1,1326.9,96,-26.6,-595,1186,1,1.87,1.05,43321,1,1.87,1.05,43321
2026-05-09 15:35:31,1,1,1,1411.4,88,-26.4,-628,1264,1,1.87,1.05,43321,1,1.87,1.05,43321
2026-05-09 15:35:31,1,1,1,1503.1,0,-26.2,-663,1349,1,1.97,1.03,23290,1,1.97,1.03,23290
2026-05-09 15:35:31,1,1,1,1503.1,0,-26.2,-663,1349,1,1.97,1.03,23290,1,1.97,1.03,23290
2026-05-09 15:35:31,1,1,1,1770.5,0,-26.5,-789,1585,1,2.07,1.03,23290,1,2.07,1.03,23290
2026-05-09 15:35:31,1,1,1,1770.5,0,-26.5,-789,1585,1,2.07,1.03,23290,1,2.07,1.03,23290
2026-05-09 15:35:32,1,1,1,2016.5,104,-26.9,-913,1798,1,2.00,0.84,586,1,2.00,0.84,586
2026-05-09 15:35:32,1,1,1,2016.5,104,-26.9,-913,1798,1,2.00,0.84,586,1,2.00,0.84,586
2026-05-09 15:35:32,1,1,1,2080.1,96,-26.0,-911,1870,1,1.93,0.68,490,1,1.93,0.68,490
2026-05-09 15:35:32,1,1,1,2080.1,96,-26.0,-911,1870,1,1.93,0.68,490,1,1.93,0.68,490
2026-05-09 15:35:32,1,1,1,2097.0,72,-24.9,-883,1902,1,1.88,0.57,421,1,1.88,0.57,421
2026-05-09 15:35:32,1,1,1,2099.8,56,-23.8,-848,1921,0,0.00,0.00,0,1,1.88,0.57,421
2026-05-09 15:35:32,1,1,1,2099.8,56,-23.8,-848,1921,0,0.00,0.00,0,1,1.94,0.57,421
2026-05-09 15:35:32,1,1,1,2105.4,88,-23.5,-839,1931,0,0.00,0.00,0,1,1.94,0.57,421
2026-05-09 15:35:32,1,1,1,2105.4,88,-23.5,-839,1931,0,0.00,0.00,0,1,1.94,0.57,421
2026-05-09 15:35:32,1,1,1,2131.8,72,-23.3,-843,1958,0,0.00,0.00,0,1,1.94,0.57,421
2026-05-09 15:35:32,1,1,1,2131.8,72,-23.3,-843,1958,0,0.00,0.00,0,1,1.94,0.57,421
2026-05-09 15:35:32,1,1,1,2164.0,16,-22.9,-843,1993,0,0.00,0.00,0,1,1.94,0.57,421
2026-05-09 15:35:32,1,1,1,2251.4,0,-22.1,-847,2086,0,0.00,0.00,0,1,1.94,0.57,421
2026-05-09 15:35:32,1,1,1,2251.4,0,-22.1,-847,2086,0,0.00,0.00,0,1,1.94,0.57,421
2026-05-09 15:35:32,1,1,1,2365.2,0,-20.6,-832,2214,0,0.00,0.00,0,1,1.94,0.57,421
2026-05-09 15:35:32,1,1,1,2365.2,0,-20.6,-832,2214,0,0.00,0.00,0,1,1.94,0.57,421
2026-05-09 15:35:32,1,1,1,2475.4,0,-18.6,-790,2346,0,0.00,0.00,0,1,1.94,0.57,421
2026-05-09 15:35:32,1,1,1,2475.4,0,-18.6,-790,2346,0,0.00,0.00,0,1,1.94,0.57,421
2026-05-09 15:35:32,1,1,1,2563.4,0,-16.6,-731,2457,0,0.00,0.00,0,1,1.94,0.57,421
2026-05-09 15:35:32,1,1,1,2563.4,0,-16.6,-731,2457,0,0.00,0.00,0,0,0.00,0.00,0
2026-05-09 15:35:33,1,1,1,2643.0,0,-14.6,-665,2558,0,0.00,0.00,0,0,0.00,0.00,0
2026-05-09 15:35:33,1,1,1,2723.7,0,-12.7,-599,2657,0,0.00,0.00,0,0,0.00,0.00,0
2026-05-09 15:35:33,1,1,1,2723.7,0,-12.7,-599,2657,0,0.00,0.00,0,0,0.00,0.00,0
2026-05-09 15:35:33,1,1,1,2801.7,0,-11.4,-556,2746,0,0.00,0.00,0,0,0.00,0.00,0
2026-05-09 15:35:33,1,1,1,2801.7,0,-11.4,-556,2746,0,0.00,0.00,0,0,0.00,0.00,0
2026-05-09 15:35:33,1,1,1,2861.5,16,-10.3,-514,2815,0,0.00,0.00,0,0,0.00,0.00,0
2026-05-09 15:35:33,1,1,1,2861.5,16,-10.3,-514,2815,0,0.00,0.00,0,0,0.00,0.00,0
2026-05-09 15:35:33,1,1,1,2817.5,8,-9.5,-464,2779,0,0.00,0.00,0,0,0.00,0.00,0
2026-05-09 15:35:33,1,1,1,2775.0,0,-8.7,-420,2743,0,0.00,0.00,0,0,0.00,0.00,0
2026-05-09 15:35:33,1,1,1,2775.0,0,-8.7,-420,2743,0,0.00,0.00,0,0,0.00,0.00,0
2026-05-09 15:35:33,1,1,1,2715.6,-16,-7.7,-365,2691,0,0.00,0.00,0,0,0.00,0.00,0
2026-05-09 15:35:33,1,1,1,2715.6,-16,-7.7,-365,2691,0,0.00,0.00,0,0,0.00,0.00,0
2026-05-09 15:35:33,1,1,1,2638.0,-24,-6.7,-308,2620,0,0.00,0.00,0,0,0.00,0.00,0
2026-05-09 15:35:33,1,1,1,2638.0,-24,-6.7,-308,2620,0,0.00,0.00,0,0,0.00,0.00,0
2026-05-09 15:35:33,1,1,1,2571.6,0,-5.7,-254,2559,0,0.00,0.00,0,0,0.00,0.00,0
2026-05-09 15:35:33,1,1,1,2571.6,0,-5.7,-254,2559,0,0.00,0.00,0,0,0.00,0.00,0
2026-05-09 15:35:33,1,1,1,2517.6,-79,-4.7,-208,2509,0,0.00,0.00,0,1,2.33,-0.88,18664
2026-05-09 15:35:33,1,1,1,2460.1,-96,-4.0,-173,2454,0,0.00,0.00,0,1,2.33,-0.88,18664
2026-05-09 15:35:33,1,1,1,2460.1,-96,-4.0,-173,2454,1,2.25,-0.88,18664,1,2.25,-0.88,18664
2026-05-09 15:35:33,1,1,1,2406.7,-96,-3.2,-134,2403,1,2.25,-0.88,18664,1,2.25,-0.88,18664
2026-05-09 15:35:34,1,1,1,2406.7,-96,-3.2,-134,2403,1,2.25,-0.88,18664,1,2.25,-0.88,18664
2026-05-09 15:35:34,1,1,1,2348.9,-79,-2.3,-95,2347,1,2.25,-0.88,18664,1,2.25,-0.88,18664
2026-05-09 15:35:34,1,1,1,2348.9,-79,-2.3,-95,2347,1,2.25,-0.88,18664,1,2.25,-0.88,18664
2026-05-09 15:35:34,1,1,1,2290.0,-72,-1.7,-66,2289,1,2.25,-0.88,18664,1,2.25,-0.88,18664
2026-05-09 15:35:34,1,1,1,2219.8,-88,-1.5,-60,2219,1,2.25,-0.88,18664,1,2.25,-0.88,18664
2026-05-09 15:35:34,1,1,1,2219.8,-88,-1.5,-60,2219,1,2.25,-0.88,18664,1,2.25,-0.88,18664
2026-05-09 15:35:34,1,1,1,2141.5,-96,-1.2,-45,2141,1,2.25,-0.88,18664,1,2.25,-0.88,18664
2026-05-09 15:35:34,1,1,1,2141.5,-96,-1.2,-45,2141,1,2.25,-0.88,18664,1,2.25,-0.88,18664
2026-05-09 15:35:34,1,1,1,2059.1,-104,-0.6,-20,2059,1,2.25,-0.88,18664,1,2.25,-0.88,18664
2026-05-09 15:35:34,1,1,1,2059.1,-104,-0.6,-20,2059,1,2.25,-0.88,18664,1,2.25,-0.88,18664
2026-05-09 15:35:34,1,1,1,1983.1,-96,-0.4,-15,1983,1,2.25,-0.88,18664,1,2.25,-0.88,18664
2026-05-09 15:35:34,1,1,1,1983.1,-96,-0.4,-15,1983,1,0.00,0.00,0,0,0.00,0.00,0
2026-05-09 15:35:34,1,1,1,1900.0,-112,0.1,3,1900,1,0.00,0.00,0,0,0.00,0.00,0
2026-05-09 15:35:34,1,1,1,1815.2,-112,0.9,28,1815,1,0.00,0.00,0,0,0.00,0.00,0
2026-05-09 15:35:34,1,1,1,1815.2,-112,0.9,28,1815,1,0.00,0.00,0,0,0.00,0.00,0
2026-05-09 15:35:34,1,1,1,1730.1,-96,2.1,62,1729,1,0.00,0.00,0,0,0.00,0.00,0
2026-05-09 15:35:34,1,1,1,1730.1,-96,2.1,62,1729,0,0.00,0.00,0,0,0.00,0.00,0
2026-05-09 15:35:34,1,1,1,1645.3,-96,3.0,87,1643,0,0.00,0.00,0,0,0.00,0.00,0
2026-05-09 15:35:34,1,1,1,1645.3,-96,3.0,87,1643,0,0.00,0.00,0,0,0.00,0.00,0
2026-05-09 15:35:34,1,1,1,1556.6,-104,4.4,120,1552,0,0.00,0.00,0,0,0.00,0.00,0
2026-05-09 15:35:35,1,1,1,1465.9,-128,5.1,131,1460,0,0.00,0.00,0,0,0.00,0.00,0
2026-05-09 15:35:35,1,1,1,1465.9,-128,5.1,131,1460,0,0.00,0.00,0,0,0.00,0.00,0
2026-05-09 15:35:35,1,1,1,1373.3,-119,5.9,141,1366,0,0.00,0.00,0,0,0.00,0.00,0
2026-05-09 15:35:35,1,1,1,1373.3,-119,5.9,141,1366,0,0.00,0.00,0,0,0.00,0.00,0
2026-05-09 15:35:35,1,1,1,1287.4,-112,6.6,147,1279,0,0.00,0.00,0,0,0.00,0.00,0
2026-05-09 15:35:35,1,1,1,1287.4,-112,6.6,147,1279,0,0.00,0.00,0,0,0.00,0.00,0
2026-05-09 15:35:35,1,1,1,1196.1,-96,6.7,139,1188,0,0.00,0.00,0,1,0.80,-0.95,31573
2026-05-09 15:35:35,1,1,1,1196.1,-96,6.7,139,1188,0,0.00,0.00,0,1,0.80,-0.95,31573
2026-05-09 15:35:35,1,1,1,1106.8,-88,6.8,131,1099,1,0.73,-0.92,41114,1,0.73,-0.92,41114
2026-05-09 15:35:35,1,1,1,1021.2,-79,6.8,121,1014,1,0.73,-0.92,41114,1,0.73,-0.92,41114
2026-05-09 15:35:45,1,1,1,1968.7,88,-20.1,-676,1849,1,2.55,0.64,13192,1,2.55,0.64,13192
2026-05-09 15:35:45,1,1,1,2045.5,79,-19.2,-672,1932,1,2.55,0.64,13192,1,2.55,0.64,13192
2026-05-09 15:35:45,1,1,1,2123.2,48,-18.2,-663,2017,1,2.55,0.64,13192,1,2.55,0.64,13192
2026-05-09 15:35:45,1,1,1,2123.2,48,-18.2,-663,2017,1,2.55,0.64,13192,1,2.55,0.64,13192
2026-05-09 15:35:45,1,1,1,2198.8,32,-17.8,-674,2093,1,2.55,0.64,13192,1,2.55,0.64,13192
2026-05-09 15:35:45,1,1,1,2198.8,32,-17.8,-674,2093,1,2.55,0.64,13192,1,2.55,0.64,13192
2026-05-09 15:35:45,1,1,1,2280.0,8,-17.5,-687,2174,1,2.55,0.64,13192,1,2.55,0.64,13192
2026-05-09 15:35:45,1,1,1,2280.0,8,-17.5,-687,2174,1,0.00,0.00,0,0,0.00,0.00,0
2026-05-09 15:35:45,1,1,1,2383.7,0,-17.1,-702,2278,1,0.00,0.00,0,0,0.00,0.00,0
2026-05-09 15:35:45,1,1,1,2497.9,0,-16.2,-696,2399,1,0.00,0.00,0,0,0.00,0.00,0
2026-05-09 15:35:46,1,1,1,2497.9,0,-16.2,-696,2399,1,0.00,0.00,0,0,0.00,0.00,0
2026-05-09 15:35:46,1,1,1,2586.2,0,-15.2,-677,2496,1,0.00,0.00,0,0,0.00,0.00,0
2026-05-09 15:35:46,1,1,1,2586.2,0,-15.2,-677,2496,0,0.00,0.00,0,0,0.00,0.00,0
2026-05-09 15:35:46,1,1,1,2675.5,0,-14.4,-667,2591,0,0.00,0.00,0,0,0.00,0.00,0
2026-05-09 15:35:46,1,1,1,2675.5,0,-14.4,-667,2591,0,0.00,0.00,0,0,0.00,0.00,0
2026-05-09 15:35:46,1,1,1,2746.9,0,-13.4,-637,2672,0,0.00,0.00,0,0,0.00,0.00,0
2026-05-09 15:35:46,1,1,1,2746.9,0,-13.4,-637,2672,0,0.00,0.00,0,0,0.00,0.00,0
2026-05-09 15:35:46,1,1,1,2810.5,0,-11.9,-580,2750,0,0.00,0.00,0,0,0.00,0.00,0
2026-05-09 15:35:46,1,1,1,2869.4,0,-10.3,-514,2823,0,0.00,0.00,0,0,0.00,0.00,0
2026-05-09 15:35:46,1,1,1,2869.4,0,-10.3,-514,2823,0,0.00,0.00,0,0,0.00,0.00,0
2026-05-09 15:35:46,1,1,1,2927.2,0,-9.1,-465,2890,0,0.00,0.00,0,0,0.00,0.00,0
2026-05-09 15:35:46,1,1,1,2927.2,0,-9.1,-465,2890,0,0.00,0.00,0,0,0.00,0.00,0
2026-05-09 15:35:46,1,1,1,2963.5,0,-8.1,-417,2934,0,0.00,0.00,0,0,0.00,0.00,0
2026-05-09 15:35:46,1,1,1,2963.5,0,-8.1,-417,2934,0,0.00,0.00,0,0,0.00,0.00,0
2026-05-09 15:35:46,1,1,1,2970.8,0,-7.7,-398,2944,0,0.00,0.00,0,0,0.00,0.00,0
2026-05-09 15:35:46,1,1,1,2970.8,0,-7.1,-367,2948,0,0.00,0.00,0,0,0.00,0.00,0
2026-05-09 15:35:46,1,1,1,2970.8,0,-7.1,-367,2948,0,0.00,0.00,0,0,0.00,0.00,0
2026-05-09 15:35:46,1,1,1,2945.4,16,-6.4,-329,2927,0,0.00,0.00,0,0,0.00,0.00,0
2026-05-09 15:35:46,1,1,1,2945.4,16,-6.4,-329,2927,0,0.00,0.00,0,0,0.00,0.00,0
2026-05-09 15:35:46,1,1,1,2924.8,0,-6.1,-313,2908,0,0.00,0.00,0,0,0.00,0.00,0
2026-05-09 15:35:47,1,1,1,2924.8,0,-6.1,-313,2908,0,0.00,0.00,0,0,0.00,0.00,0
2026-05-09 15:35:47,1,1,1,2877.8,-39,-5.4,-271,2865,0,0.00,0.00,0,0,0.00,0.00,0
2026-05-09 15:35:47,1,1,1,2877.8,-39,-5.4,-271,2865,0,0.00,0.00,0,0,0.00,0.00,0
2026-05-09 15:35:47,1,1,1,2799.3,-16,-3.5,-172,2794,0,0.00,0.00,0,0,0.00,0.00,0
2026-05-09 15:35:47,1,1,1,2720.1,-39,-1.6,-77,2719,0,0.00,0.00,0,1,2.50,0.22,5933
2026-05-09 15:35:47,1,1,1,2720.1,-39,-1.6,-77,2719,0,0.00,0.00,0,1,2.50,0.22,5933
2026-05-09 15:35:47,1,1,1,2651.0,-48,0.2,10,2651,1,2.52,0.22,5933,1,2.52,0.22,5933
2026-05-09 15:35:47,1,1,1,2651.0,-48,0.2,10,2651,1,2.52,0.22,5933,1,2.52,0.22,5933
2026-05-09 15:35:47,1,1,1,2577.1,-79,1.6,74,2576,1,2.52,0.22,5933,1,2.52,0.22,5933
2026-05-09 15:35:47,1,1,1,2577.1,-79,1.6,74,2576,1,2.52,0.22,5933,1,2.52,0.22,5933
2026-05-09 15:35:47,1,1,1,2512.7,-72,2.7,117,2510,1,2.52,0.22,5933,1,2.52,0.22,5933
2026-05-09 15:35:47,1,1,1,2448.7,-72,3.5,151,2444,1,2.52,0.22,5933,1,2.52,0.22,5933
2026-05-09 15:35:47,1,1,1,2448.7,-72,3.5,151,2444,1,2.21,-0.65,58825,1,2.21,-0.65,58825
2026-05-09 15:35:47,1,1,1,2385.6,-79,3.9,163,2380,1,2.21,-0.65,58825,1,2.21,-0.65,58825
2026-05-09 15:35:47,1,1,1,2385.6,-79,3.9,163,2380,1,2.19,-0.68,65101,1,2.19,-0.68,65101
2026-05-09 15:35:47,1,1,1,2322.7,-64,4.3,176,2316,1,2.19,-0.68,65101,1,2.19,-0.68,65101
2026-05-09 15:35:47,1,1,1,2322.7,-64,4.3,176,2316,1,2.13,-0.68,65101,1,2.13,-0.68,65101
2026-05-09 15:35:47,1,1,1,2260.3,-79,4.9,194,2252,1,2.13,-0.68,65101,1,2.13,-0.68,65101
2026-05-09 15:35:47,1,1,1,2260.3,-79,4.9,194,2252,1,2.13,-0.68,65101,1,2.13,-0.68,65101
2026-05-09 15:35:47,1,1,1,2197.6,-79,5.4,205,2188,1,2.13,-0.68,65101,1,2.13,-0.68,65101
2026-05-09 15:35:48,1,1,1,2125.3,-96,5.9,219,2114,1,2.13,-0.68,65101,1,2.13,-0.68,65101
2026-05-09 15:35:48,1,1,1,2125.3,-96,5.9,219,2114,1,2.13,-0.68,65101,1,2.13,-0.68,65101
2026-05-09 15:35:48,1,1,1,2055.6,-96,6.3,227,2043,1,2.13,-0.68,65101,1,2.13,-0.68,65101
2026-05-09 15:35:48,1,1,1,2055.6,-96,6.3,227,2043,1,2.13,-0.68,65101,1,2.13,-0.68,65101
2026-05-09 15:35:48,1,1,1,1975.8,-96,7.0,241,1961,1,2.13,-0.68,65101,1,2.13,-0.68,65101
2026-05-09 15:35:48,1,1,1,1975.8,-96,7.0,241,1961,1,2.13,-0.68,65101,1,2.13,-0.68,65101
2026-05-09 15:35:48,1,1,1,1895.2,-88,7.9,262,1877,1,2.13,-0.68,65101,1,2.13,-0.68,65101
2026-05-09 15:35:48,1,1,1,1817.8,-88,8.7,274,1797,1,2.13,-0.68,65101,1,2.13,-0.68,65101
2026-05-09 15:35:48,1,1,1,1817.8,-88,8.7,274,1797,1,2.13,-0.68,65101,1,2.13,-0.68,65101
2026-05-09 15:35:48,1,1,1,1743.0,-88,8.7,263,1723,1,0.00,0.00,0,0,0.00,0.00,0
2026-05-09 15:35:48,1,1,1,1743.0,-88,8.7,263,1723,1,0.00,0.00,0,0,0.00,0.00,0
2026-05-09 15:35:48,1,1,1,1675.4,-72,9.2,267,1654,1,0.00,0.00,0,0,0.00,0.00,0
2026-05-09 15:35:48,1,1,1,1675.4,-72,9.2,267,1654,1,0.00,0.00,0,0,0.00,0.00,0
2026-05-09 15:35:48,1,1,1,1601.9,-104,9.3,258,1581,1,0.00,0.00,0,0,0.00,0.00,0
2026-05-09 15:35:48,1,1,1,1601.9,-104,9.3,258,1581,1,1.33,-0.92,55824,1,1.33,-0.92,55824
2026-05-09 15:35:48,1,1,1,1522.8,-104,9.3,245,1503,1,1.33,-0.92,55824,1,1.33,-0.92,55824
2026-05-09 15:35:48,1,1,1,1442.9,-88,8.2,207,1428,1,1.24,-0.92,55824,1,1.24,-0.92,55824
2026-05-09 15:35:48,1,1,1,1442.9,-88,8.2,207,1428,1,1.24,-0.92,55824,1,1.24,-0.92,55824
2026-05-09 15:35:48,1,1,1,1366.8,-88,7.5,179,1355,1,1.24,-0.92,55824,1,1.24,-0.92,55824
2026-05-09 15:35:48,1,1,1,1366.8,-88,7.5,179,1355,1,1.24,-0.92,55824,1,1.24,-0.92,55824
2026-05-09 15:35:49,1,1,1,1285.3,-79,6.5,146,1277,1,1.24,-0.92,55824,1,1.24,-0.92,55824
2026-05-09 15:35:49,1,1,1,1285.3,-79,6.5,146,1277,1,1.24,-0.92,55824,1,1.24,-0.92,55824
2026-05-09 15:35:49,1,1,1,1194.5,-88,4.4,91,1191,1,1.24,-0.92,55824,1,1.24,-0.92,55824
2026-05-09 15:35:49,1,1,1,1194.5,-88,4.4,91,1191,1,1.24,-0.92,55824,1,1.24,-0.92,55824
2026-05-09 15:35:49,1,1,1,1109.2,-88,2.7,52,1108,1,1.24,-0.92,55824,1,1.24,-0.92,55824
2026-05-09 15:35:49,1,1,1,1034.4,-104,2.9,53,1033,1,1.24,-0.92,55824,1,1.24,-0.92,55824
2026-05-09 15:35:49,1,1,1,1034.4,-104,2.9,53,1033,1,1.24,-0.92,55824,1,1.24,-0.92,55824
2026-05-09 15:35:49,1,1,1,963.9,-79,2.5,42,963,1,1.24,-0.92,55824,1,1.24,-0.92,55824
2026-05-09 15:35:49,1,1,1,963.9,-79,2.5,42,963,1,1.24,-0.92,55824,1,1.24,-0.92,55824
2026-05-09 15:35:49,1,1,1,897.8,-72,2.4,38,897,1,0.00,0.00,0,0,0.00,0.00,0
2026-05-09 15:35:49,1,1,1,897.8,-72,2.4,38,897,1,0.56,-0.48,38408,1,0.56,-0.48,38408
2026-05-09 15:35:49,1,1,1,821.5,-64,2.0,29,821,1,0.56,-0.48,38408,1,0.56,-0.48,38408
2026-05-09 15:35:49,1,1,1,750.5,-56,2.1,28,750,1,0.51,-0.48,38408,1,0.51,-0.48,38408
2026-05-09 15:35:49,1,1,1,750.5,-56,2.1,28,750,1,0.51,-0.48,38408,1,0.51,-0.48,38408
2026-05-09 15:35:49,1,1,1,689.4,-72,1.8,22,689,1,0.47,-0.59,23938,1,0.47,-0.59,23938
2026-05-09 15:35:49,1,1,1,689.4,-72,1.8,22,689,1,0.47,-0.59,23938,1,0.47,-0.59,23938
2026-05-09 15:35:49,1,1,1,631.1,-64,1.0,11,631,1,0.41,-0.59,23938,1,0.41,-0.59,23938
2026-05-09 15:35:49,1,1,1,631.1,-64,1.0,11,631,1,0.41,-0.59,23938,1,0.41,-0.59,23938
2026-05-09 15:35:49,1,1,1,572.0,-56,0.0,0,572,1,0.41,-0.54,56169,1,0.41,-0.54,56169
2026-05-09 15:35:49,1,1,1,572.0,-56,0.0,0,572,1,0.41,-0.54,56169,1,0.41,-0.54,56169
2026-05-09 15:35:50,1,1,1,516.0,-24,-0.1,-1,516,1,1.06,-0.31,1525,1,1.06,-0.31,1525
2026-05-09 15:35:50,1,1,1,470.4,-32,-2.4,-20,470,1,1.06,-0.31,1525,1,1.06,-0.31,1525
2026-05-09 15:35:50,1,1,1,470.4,-32,-2.4,-20,470,1,1.03,-0.31,1525,1,1.03,-0.31,1525
2026-05-09 15:35:50,1,1,1,420.9,-24,-6.7,-49,418,1,1.03,-0.31,1525,1,1.03,-0.31,1525
2026-05-09 15:35:50,1,1,1,420.9,-24,-6.7,-49,418,1,1.03,-0.31,1525,1,1.03,-0.31,1525
2026-05-09 15:35:50,1,1,1,394.9,0,-9.0,-62,390,0,0.00,0.00,0,1,1.03,-0.31,1525
2026-05-09 15:35:50,1,1,1,394.9,0,-9.0,-62,390,0,0.00,0.00,0,1,1.03,-0.31,1525
2026-05-09 15:35:50,1,1,1,365.6,-16,-12.5,-79,357,0,0.00,0.00,0,1,1.03,-0.31,1525
2026-05-09 15:35:50,1,1,1,343.8,-16,-15.7,-93,331,0,0.00,0.00,0,1,1.03,-0.31,1525
2026-05-09 15:35:50,1,1,1,343.8,-16,-15.7,-93,331,0,0.00,0.00,0,1,1.03,-0.31,1525
2026-05-09 15:35:50,1,1,1,328.3,8,-17.6,-99,313,0,0.00,0.00,0,1,1.03,-0.31,1525
2026-05-09 15:35:50,1,1,1,328.3,8,-17.6,-99,313,0,0.00,0.00,0,1,1.03,-0.31,1525
2026-05-09 15:35:50,1,1,1,321.1,48,-17.0,-94,307,0,0.00,0.00,0,1,1.03,-0.31,1525
2026-05-09 15:35:50,1,1,1,321.1,48,-17.0,-94,307,0,0.00,0.00,0,1,1.03,-0.31,1525
2026-05-09 15:35:50,1,1,1,317.7,56,-14.2,-78,308,0,0.00,0.00,0,1,0.50,0.51,45346
2026-05-09 15:35:50,1,1,1,317.7,56,-14.2,-78,308,0,0.00,0.00,0,1,0.50,0.51,45346
2026-05-09 15:35:50,1,1,1,316.1,56,-9.3,-51,312,1,0.52,0.50,44426,1,0.52,0.50,44426
2026-05-09 15:35:50,1,1,1,319.5,56,-3.2,-18,319,1,0.52,0.50,44426,1,0.52,0.50,44426
2026-05-09 15:35:50,1,1,1,319.5,56,-3.2,-18,319,1,0.55,0.49,60953,1,0.55,0.49,60953
2026-05-09 15:35:50,1,1,1,331.7,64,3.6,21,331,1,0.55,0.49,60953,1,0.55,0.49,60953
2026-05-09 15:35:51,1,1,1,331.7,64,3.6,21,331,1,0.59,0.55,43090,1,0.59,0.55,43090
2026-05-09 15:35:51,1,1,1,357.6,32,9.2,57,353,1,0.59,0.55,43090,1,0.59,0.55,43090
2026-05-09 15:35:51,1,1,1,357.6,32,9.2,57,353,1,1.16,0.52,4234,1,1.16,0.52,4234
2026-05-09 15:35:51,1,1,1,402.8,88,15.6,108,388,1,1.16,0.52,4234,1,1.16,0.52,4234
2026-05-09 15:35:51,1,1,1,459.6,88,21.0,165,429,1,1.55,0.49,7585,1,1.55,0.49,7585
2026-05-09 15:35:51,1,1,1,459.6,88,21.0,165,429,1,1.55,0.49,7585,1,1.55,0.49,7585
2026-05-09 15:35:51,1,1,1,525.1,79,25.5,226,474,1,1.60,0.49,7585,1,1.60,0.49,7585
2026-05-09 15:35:51,1,1,1,525.1,79,25.5,226,474,1,1.60,0.49,7585,1,1.60,0.49,7585
2026-05-09 15:35:51,1,1,1,593.8,72,28.5,283,522,1,1.56,0.50,62642,1,1.56,0.50,62642
2026-05-09 15:35:51,1,1,1,593.8,72,28.5,283,522,1,1.56,0.50,62642,1,1.56,0.50,62642
2026-05-09 15:35:51,1,1,1,669.0,72,29.6,330,582,1,1.53,0.51,30561,1,1.53,0.51,30561
2026-05-09 15:35:51,1,1,1,669.0,72,29.6,330,582,1,1.53,0.51,30561,1,1.53,0.51,30561
2026-05-09 15:35:51,1,1,1,745.3,79,29.8,370,647,1,1.58,0.51,30561,1,1.58,0.51,30561
2026-05-09 15:35:51,1,1,1,815.4,88,30.0,408,706,1,1.58,0.51,30561,1,1.58,0.51,30561
2026-05-09 15:35:51,1,1,1,815.4,88,30.0,408,706,1,1.58,0.51,30561,1,1.58,0.51,30561
2026-05-09 15:35:51,1,1,1,886.8,104,29.7,440,770,1,1.58,0.51,30561,1,1.58,0.51,30561
2026-05-09 15:35:51,1,1,1,886.8,104,29.7,440,770,1,1.58,0.51,30561,1,1.58,0.51,30561
2026-05-09 15:35:51,1,1,1,961.8,104,30.7,491,827,1,1.58,0.51,30561,1,1.58,0.51,30561
2026-05-09 15:35:51,1,1,1,961.8,104,30.7,491,827,1,1.49,0.96,65332,1,1.49,0.96,65332
2026-05-09 15:35:51,1,1,1,1042.0,88,31.3,542,890,1,1.49,0.96,65332,1,1.49,0.96,65332
2026-05-09 15:35:52,1,1,1,1122.6,88,31.2,582,960,1,1.59,0.96,65332,1,1.59,0.96,65332
2026-05-09 15:35:52,1,1,1,1122.6,88,31.2,582,960,1,1.59,0.96,65332,1,1.59,0.96,65332
2026-05-09 15:35:52,1,1,1,1202.2,79,30.1,603,1040,1,1.59,0.96,65332,1,1.59,0.96,65332
2026-05-09 15:35:52,1,1,1,1202.2,79,30.1,603,1040,1,1.59,0.96,65332,1,1.59,0.96,65332
2026-05-09 15:35:52,1,1,1,1281.9,88,29.7,636,1113,1,1.59,0.96,65332,1,1.59,0.96,65332
2026-05-09 15:35:52,1,1,1,1281.9,88,29.7,636,1113,1,1.59,0.96,65332,1,1.59,0.96,65332
2026-05-09 15:35:52,1,1,1,1365.9,88,29.6,674,1188,1,1.59,0.96,65332,1,1.59,0.96,65332
2026-05-09 15:35:52,1,1,1,1365.9,88,29.6,674,1188,1,1.59,0.96,65332,1,1.59,0.96,65332
2026-05-09 15:35:52,1,1,1,1448.9,96,29.3,710,1263,1,1.99,1.19,15353,1,1.99,1.19,15353
2026-05-09 15:35:52,1,1,1,1528.0,88,29.6,754,1329,1,1.99,1.19,15353,1,1.99,1.19,15353
2026-05-09 15:35:52,1,1,1,1528.0,88,29.6,754,1329,1,2.04,0.97,25805,1,2.04,0.97,25805
2026-05-09 15:35:52,1,1,1,1604.4,56,29.5,789,1397,1,2.04,0.97,25805,1,2.04,0.97,25805
2026-05-09 15:35:52,1,1,1,1604.4,56,29.5,789,1397,1,2.09,0.88,62917,1,2.09,0.88,62917
2026-05-09 15:35:52,1,1,1,1673.3,48,29.1,814,1462,1,2.09,0.88,62917,1,2.09,0.88,62917
2026-05-09 15:35:52,1,1,1,1673.3,48,29.1,814,1462,1,2.18,0.88,62917,1,2.18,0.88,62917
2026-05-09 15:35:52,1,1,1,1737.9,56,29.5,855,1513,1,2.18,0.88,62917,1,2.18,0.88,62917
2026-05-09 15:35:52,1,1,1,1737.9,56,29.5,855,1513,1,2.18,0.88,62917,1,2.18,0.88,62917
2026-05-09 15:35:52,1,1,1,1805.5,56,29.5,888,1572,1,2.18,0.88,62917,1,2.18,0.88,62917
2026-05-09 15:35:52,1,1,1,1876.4,72,29.3,919,1636,1,2.18,0.88,62917,1,2.18,0.88,62917
2026-05-09 15:35:52,1,1,1,1876.4,72,29.3,919,1636,1,2.18,0.88,62917,1,2.18,0.88,62917
2026-05-09 15:35:53,1,1,1,1937.3,56,29.0,940,1694,1,2.18,0.88,62917,1,2.18,0.88,62917
2026-05-09 15:35:53,1,1,1,1937.3,56,29.0,940,1694,1,2.18,0.88,62917,1,2.18,0.88,62917
2026-05-09 15:35:53,1,1,1,1990.5,56,28.3,943,1753,1,2.18,0.88,62917,1,2.18,0.88,62917
2026-05-09 15:35:53,1,1,1,1990.5,56,28.3,943,1753,1,2.18,0.88,62917,1,2.18,0.88,62917
2026-05-09 15:35:53,1,1,1,2041.6,48,26.9,925,1820,1,2.18,0.88,62917,1,2.18,0.88,62917
2026-05-09 15:35:53,1,1,1,2092.1,32,25.3,895,1891,1,2.18,0.88,62917,1,2.18,0.88,62917
2026-05-09 15:35:53,1,1,1,2092.1,32,25.3,895,1891,1,2.18,0.88,62917,1,2.18,0.88,62917
2026-05-09 15:35:53,1,1,1,2141.3,32,23.9,869,1957,1,0.00,0.00,0,0,0.00,0.00,0
2026-05-09 15:35:53,1,1,1,2141.3,32,23.9,869,1957,1,0.00,0.00,0,0,0.00,0.00,0
2026-05-09 15:35:53,1,1,1,2195.8,39,23.1,861,2020,1,0.00,0.00,0,0,0.00,0.00,0
2026-05-09 15:35:53,1,1,1,2195.8,39,23.1,861,2020,1,0.00,0.00,0,0,0.00,0.00,0
2026-05-09 15:35:53,1,1,1,2249.6,24,22.3,852,2082,1,0.00,0.00,0,0,0.00,0.00,0
2026-05-09 15:35:53,1,1,1,2249.6,24,22.3,852,2082,0,0.00,0.00,0,0,0.00,0.00,0
2026-05-09 15:35:53,1,1,1,2311.9,56,21.6,850,2150,0,0.00,0.00,0,0,0.00,0.00,0
2026-05-09 15:35:53,1,1,1,2368.4,16,20.5,828,2219,0,0.00,0.00,0,0,0.00,0.00,0
2026-05-09 15:35:53,1,1,1,2368.4,16,20.5,828,2219,0,0.00,0.00,0,0,0.00,0.00,0
2026-05-09 15:35:53,1,1,1,2403.9,16,19.3,794,2269,0,0.00,0.00,0,0,0.00,0.00,0
2026-05-09 15:35:53,1,1,1,2403.9,16,19.3,794,2269,0,0.00,0.00,0,0,0.00,0.00,0
2026-05-09 15:35:53,1,1,1,2429.5,8,17.7,737,2315,0,0.00,0.00,0,0,0.00,0.00,0
2026-05-09 15:35:53,1,1,1,2429.5,8,17.7,737,2315,0,0.00,0.00,0,0,0.00,0.00,0
2026-05-09 15:35:54,1,1,1,2456.6,-8,16.3,689,2358,0,0.00,0.00,0,0,0.00,0.00,0
2026-05-09 15:35:54,1,1,1,2458.7,-16,15.3,647,2372,0,0.00,0.00,0,0,0.00,0.00,0
2026-05-09 15:35:54,1,1,1,2458.7,-16,15.3,647,2372,0,0.00,0.00,0,0,0.00,0.00,0
2026-05-09 15:35:54,1,1,1,2452.5,-72,13.8,584,2382,0,0.00,0.00,0,0,0.00,0.00,0
2026-05-09 15:35:54,1,1,1,2452.5,-72,13.8,584,2382,0,0.00,0.00,0,0,0.00,0.00,0
2026-05-09 15:35:54,1,1,1,2444.2,-39,12.1,512,2390,0,0.00,0.00,0,0,0.00,0.00,0
2026-05-09 15:35:54,1,1,1,2444.2,-39,12.1,512,2390,0,0.00,0.00,0,0,0.00,0.00,0
2026-05-09 15:35:54,1,1,1,2439.5,0,10.1,426,2402,0,0.00,0.00,0,0,0.00,0.00,0
2026-05-09 15:35:54,1,1,1,2439.5,0,10.1,426,2402,0,0.00,0.00,0,0,0.00,0.00,0
2026-05-09 15:35:54,1,1,1,2473.8,0,7.9,342,2450,0,0.00,0.00,0,0,0.00,0.00,0
2026-05-09 15:35:54,1,1,1,2477.3,-32,5.9,256,2464,0,0.00,0.00,0,0,0.00,0.00,0
2026-05-09 15:35:54,1,1,1,2477.3,-32,5.9,256,2464,0,0.00,0.00,0,0,0.00,0.00,0
2026-05-09 15:35:54,1,1,1,2517.2,0,3.7,161,2512,0,0.00,0.00,0,0,0.00,0.00,0
2026-05-09 15:35:54,1,1,1,2517.2,0,3.7,161,2512,0,0.00,0.00,0,0,0.00,0.00,0
2026-05-09 15:35:54,1,1,1,2612.9,0,1.5,67,2612,0,0.00,0.00,0,0,0.00,0.00,0
2026-05-09 15:35:54,1,1,1,2612.9,0,1.5,67,2612,0,0.00,0.00,0,0,0.00,0.00,0
2026-05-09 15:35:54,1,1,1,2700.1,-32,-0.6,-27,2700,0,0.00,0.00,0,0,0.00,0.00,0
2026-05-09 15:35:54,1,1,1,2788.5,0,-1.8,-90,2787,0,0.00,0.00,0,0,0.00,0.00,0
2026-05-09 15:35:54,1,1,1,2788.5,0,-1.8,-90,2787,0,0.00,0.00,0,0,0.00,0.00,0
2026-05-09 15:35:54,1,1,1,2859.8,-24,-3.0,-148,2856,0,0.00,0.00,0,0,0.00,0.00,0
2026-05-09 15:35:55,1,1,1,2859.8,-24,-3.0,-148,2856,0,0.00,0.00,0,0,0.00,0.00,0
2026-05-09 15:35:55,1,1,1,2765.1,-24,-4.1,-198,2758,0,0.00,0.00,0,0,0.00,0.00,0
2026-05-09 15:35:55,1,1,1,2765.1,-24,-4.1,-198,2758,0,0.00,0.00,0,0,0.00,0.00,0
2026-05-09 15:35:55,1,1,1,2654.2,-32,-5.3,-244,2643,0,0.00,0.00,0,0,0.00,0.00,0
2026-05-09 15:35:55,1,1,1,2654.2,-32,-5.3,-244,2643,0,0.00,0.00,0,1,2.25,-0.24,23825
2026-05-09 15:35:55,1,1,1,2545.1,-39,-6.5,-286,2529,0,0.00,0.00,0,1,2.25,-0.24,23825
2026-05-09 15:35:55,1,1,1,2450.7,-32,-7.3,-310,2431,1,2.22,-0.42,10880,1,2.22,-0.42,10880
2026-05-09 15:35:55,1,1,1,2450.7,-32,-7.3,-310,2431,1,2.22,-0.42,10880,1,2.22,-0.42,10880
2026-05-09 15:35:55,1,1,1,2368.4,-72,-8.2,-339,2344,1,2.19,-0.52,5778,1,2.19,-0.52,5778
2026-05-09 15:35:55,1,1,1,2368.4,-72,-8.2,-339,2344,1,2.19,-0.52,5778,1,2.19,-0.52,5778
2026-05-09 15:35:55,1,1,1,2287.1,-96,-9.3,-370,2257,1,2.14,-0.52,5778,1,2.14,-0.52,5778
2026-05-09 15:35:55,1,1,1,2287.1,-96,-9.3,-370,2257,1,2.14,-0.52,5778,1,2.14,-0.52,5778
2026-05-09 15:35:55,1,1,1,2208.3,-88,-10.3,-393,2173,1,2.14,-0.52,5778,1,2.14,-0.52,5778
2026-05-09 15:35:55,1,1,1,2134.2,-79,-11.0,-407,2095,1,2.14,-0.52,5778,1,2.14,-0.52,5778
2026-05-09 15:35:55,1,1,1,2134.2,-79,-11.0,-407,2095,1,2.14,-0.52,5778,1,2.14,-0.52,5778
2026-05-09 15:35:55,1,1,1,2059.5,-79,-11.8,-421,2016,1,2.14,-0.52,5778,1,2.14,-0.52,5778
2026-05-09 15:35:55,1,1,1,2059.5,-79,-11.8,-421,2016,1,2.14,-0.52,5778,1,2.14,-0.52,5778
2026-05-09 15:35:55,1,1,1,1983.4,-79,-12.6,-431,1936,1,2.14,-0.52,5778,1,2.14,-0.52,5778
2026-05-09 15:35:55,1,1,1,1983.4,-79,-12.6,-431,1936,1,2.14,-0.52,5778,1,2.14,-0.52,5778
2026-05-09 15:35:55,1,1,1,1907.0,-88,-13.3,-438,1856,1,2.14,-0.52,5778,1,2.14,-0.52,5778
2026-05-09 15:35:56,1,1,1,1907.0,-88,-13.3,-438,1856,1,2.14,-0.52,5778,1,2.14,-0.52,5778
2026-05-09 15:35:56,1,1,1,1828.0,-96,-13.7,-433,1776,1,2.14,-0.52,5778,1,2.14,-0.52,5778
2026-05-09 15:35:56,1,1,1,1750.4,-104,-14.3,-433,1696,1,2.14,-0.52,5778,1,2.14,-0.52,5778
2026-05-09 15:35:56,1,1,1,1750.4,-104,-14.3,-433,1696,1,0.00,0.00,0,0,0.00,0.00,0
2026-05-09 15:35:56,1,1,1,1677.9,-104,-14.1,-410,1627,1,1.49,-0.96,13381,1,1.49,-0.96,13381
2026-05-09 15:35:56,1,1,1,1677.9,-104,-14.1,-410,1627,1,1.49,-0.96,13381,1,1.49,-0.96,13381
2026-05-09 15:35:56,1,1,1,1606.3,-72,-14.4,-399,1556,1,1.39,-0.96,13381,1,1.39,-0.96,13381
2026-05-09 15:35:56,1,1,1,1606.3,-72,-14.4,-399,1556,1,1.39,-0.96,13381,1,1.39,-0.96,13381
2026-05-09 15:35:56,1,1,1,1531.1,-72,-15.0,-396,1479,1,1.28,-0.94,8970,1,1.28,-0.94,8970
2026-05-09 15:35:56,1,1,1,1458.5,-79,-15.7,-395,1404,1,1.28,-0.94,8970,1,1.28,-0.94,8970
2026-05-09 15:35:56,1,1,1,1458.5,-79,-15.7,-395,1404,1,1.22,-0.86,48020,1,1.22,-0.86,48020
2026-05-09 15:35:56,1,1,1,1392.4,-88,-16.7,-399,1334,1,1.22,-0.86,48020,1,1.22,-0.86,48020
2026-05-09 15:35:56,1,1,1,1392.4,-88,-16.7,-399,1334,1,1.10,-0.89,5490,1,1.10,-0.89,5490
2026-05-09 15:35:56,1,1,1,1323.6,-88,-17.4,-396,1263,1,1.10,-0.89,5490,1,1.10,-0.89,5490
2026-05-09 15:35:56,1,1,1,1323.6,-88,-17.4,-396,1263,1,1.01,-0.89,5490,1,1.01,-0.89,5490
2026-05-09 15:35:56,1,1,1,1233.3,-79,-18.3,-387,1171,1,1.01,-0.89,5490,1,1.01,-0.89,5490
2026-05-09 15:35:56,1,1,1,1233.3,-79,-18.3,-387,1171,1,0.89,-0.89,17197,1,0.89,-0.89,17197
2026-05-09 15:35:56,1,1,1,1143.8,-88,-18.8,-368,1083,1,0.89,-0.89,17197,1,0.89,-0.89,17197
2026-05-09 15:35:56,1,1,1,1068.2,-72,-18.8,-345,1011,1,0.80,-0.85,57621,1,0.80,-0.85,57621
2026-05-09 15:35:56,1,1,1,1068.2,-72,-18.8,-345,1011,1,0.80,-0.85,57621,1,0.80,-0.85,57621
2026-05-09 15:35:57,1,1,1,999.6,-72,-18.9,-323,946,1,0.72,-0.86,58276,1,0.72,-0.86,58276
2026-05-09 15:35:57,1,1,1,999.6,-72,-18.9,-323,946,1,0.72,-0.86,58276,1,0.72,-0.86,58276
2026-05-09 15:35:57,1,1,1,919.3,-64,-18.3,-288,873,1,0.64,-0.86,58276,1,0.64,-0.86,58276
2026-05-09 15:35:57,1,1,1,919.3,-64,-18.3,-288,873,1,0.64,-0.86,58276,1,0.64,-0.86,58276
2026-05-09 15:35:57,1,1,1,831.2,-64,-17.2,-246,794,1,0.64,-0.86,58276,1,0.64,-0.86,58276
2026-05-09 15:35:57,1,1,1,831.2,-64,-17.2,-246,794,1,0.64,-0.86,58276,1,0.64,-0.86,58276
2026-05-09 15:35:57,1,1,1,751.8,-79,-16.5,-213,721,1,0.64,-0.86,58276,1,0.64,-0.86,58276
2026-05-09 15:35:57,1,1,1,675.0,-119,-17.1,-199,645,1,0.64,-0.86,58276,1,0.64,-0.86,58276
2026-05-09 15:35:57,1,1,1,675.0,-119,-17.1,-199,645,1,0.64,-0.86,58276,1,0.64,-0.86,58276
2026-05-09 15:35:57,1,1,1,606.2,-88,-18.2,-189,576,1,0.64,-0.86,58276,1,0.64,-0.86,58276
2026-05-09 15:35:57,1,1,1,606.2,-88,-18.2,-189,576,1,0.64,-0.86,58276,1,0.64,-0.86,58276
2026-05-09 15:35:57,1,1,1,544.9,-56,-18.7,-175,516,1,0.64,-0.86,58276,1,0.64,-0.86,58276
2026-05-09 15:35:57,1,1,1,544.9,-56,-18.7,-175,516,1,0.64,-0.86,58276,1,0.64,-0.86,58276
2026-05-09 15:35:57,1,1,1,491.5,-16,-17.8,-150,468,1,0.64,-0.86,58276,1,0.64,-0.86,58276
2026-05-09 15:35:57,1,1,1,442.7,16,-14.8,-113,428,1,0.64,-0.86,58276,1,0.64,-0.86,58276
2026-05-09 15:35:57,1,1,1,442.7,16,-14.8,-113,428,1,0.00,0.00,0,0,0.00,0.00,0
2026-05-09 15:35:57,1,1,1,402.4,48,-9.4,-66,397,1,0.00,0.00,0,0,0.00,0.00,0
2026-05-09 15:35:57,1,1,1,402.4,48,-9.4,-66,397,1,0.00,0.00,0,0,0.00,0.00,0
2026-05-09 15:35:57,1,1,1,378.5,64,-3.0,-20,378,1,0.00,0.00,0,0,0.00,0.00,0
2026-05-09 15:35:57,1,1,1,378.5,64,-3.0,-20,378,1,0.00,0.00,0,0,0.00,0.00,0
2026-05-09 15:35:58,1,1,1,373.6,79,3.2,21,373,0,0.00,0.00,0,0,0.00,0.00,0
2026-05-09 15:35:58,1,1,1,373.6,79,3.2,21,373,0,0.00,0.00,0,0,0.00,0.00,0
2026-05-09 15:35:58,1,1,1,380.3,79,8.6,57,376,0,0.00,0.00,0,0,0.00,0.00,0
2026-05-09 15:35:58,1,1,1,396.6,72,11.9,82,388,0,0.00,0.00,0,0,0.00,0.00,0
2026-05-09 15:35:58,1,1,1,396.6,72,11.9,82,388,0,0.00,0.00,0,1,0.74,0.55,54984
2026-05-09 15:35:58,1,1,1,431.4,64,12.6,94,421,0,0.00,0.00,0,1,0.74,0.55,54984
2026-05-09 15:35:58,1,1,1,431.4,64,12.6,94,421,1,0.77,0.63,60962,1,0.77,0.63,60962
2026-05-09 15:35:58,1,1,1,473.4,64,13.7,112,460,1,0.77,0.63,60962,1,0.77,0.63,60962
2026-05-09 15:35:58,1,1,1,473.4,64,13.7,112,460,1,0.84,0.63,60962,1,0.84,0.63,60962
2026-05-09 15:35:58,1,1,1,525.8,56,12.2,111,514,1,0.84,0.63,60962,1,0.84,0.63,60962
2026-05-09 15:35:58,1,1,1,580.2,96,13.2,132,565,1,0.84,0.63,60962,1,0.84,0.63,60962
2026-05-09 15:35:58,1,1,1,580.2,96,13.2,132,565,1,0.84,0.63,60962,1,0.84,0.63,60962
2026-05-09 15:35:58,1,1,1,613.6,96,13.8,146,596,1,0.84,0.63,60962,1,0.84,0.63,60962
2026-05-09 15:35:58,1,1,1,613.6,96,13.8,146,596,1,0.84,0.63,60962,1,0.84,0.63,60962
2026-05-09 15:35:58,1,1,1,655.4,88,14.7,166,634,1,1.02,0.96,7281,1,1.02,0.96,7281
2026-05-09 15:35:58,1,1,1,655.4,88,14.7,166,634,1,1.02,0.96,7281,1,1.02,0.96,7281
2026-05-09 15:35:58,1,1,1,699.4,88,16.1,194,672,1,1.18,0.96,60181,1,1.18,0.96,60181
2026-05-09 15:35:58,1,1,1,699.4,88,16.1,194,672,1,1.18,0.96,60181,1,1.18,0.96,60181
2026-05-09 15:35:58,1,1,1,743.2,79,17.7,226,708,1,1.26,0.91,60498,1,1.26,0.91,60498
2026-05-09 15:35:58,1,1,1,831.2,79,20.4,290,779,1,1.26,0.91,60498,1,1.26,0.91,60498
2026-05-09 15:35:59,1,1,1,831.2,79,20.4,290,779,1,1.33,0.92,10448,1,1.33,0.92,10448
2026-05-09 15:35:59,1,1,1,914.7,88,22.0,343,848,1,1.33,0.92,10448,1,1.33,0.92,10448
2026-05-09 15:35:59,1,1,1,914.7,88,22.0,343,848,1,1.42,0.92,10448,1,1.42,0.92,10448
2026-05-09 15:35:59,1,1,1,1002.8,96,23.4,399,920,1,1.42,0.92,10448,1,1.42,0.92,10448
2026-05-09 15:35:59,1,1,1,1002.8,96,23.4,399,920,1,1.42,0.92,10448,1,1.42,0.92,10448
2026-05-09 15:35:59,1,1,1,1091.5,112,25.2,464,988,1,1.42,0.92,10448,1,1.42,0.92,10448
2026-05-09 15:35:59,1,1,1,1180.7,96,27.0,536,1052,1,1.42,0.92,10448,1,1.42,0.92,10448
2026-05-09 15:35:59,1,1,1,1180.7,96,27.0,536,1052,1,1.42,0.92,10448,1,1.42,0.92,10448
2026-05-09 15:35:59,1,1,1,1266.7,88,28.4,603,1114,1,1.42,0.92,10448,1,1.42,0.92,10448
2026-05-09 15:35:59,1,1,1,1266.7,88,28.4,603,1114,1,1.42,0.92,10448,1,1.42,0.92,10448
2026-05-09 15:35:59,1,1,1,1351.1,96,29.6,667,1175,1,1.42,0.92,10448,1,1.42,0.92,10448
2026-05-09 15:35:59,1,1,1,1351.1,96,29.6,667,1175,1,1.42,0.92,10448,1,1.42,0.92,10448
2026-05-09 15:35:59,1,1,1,1435.6,88,30.1,720,1242,1,1.42,0.92,10448,1,1.42,0.92,10448
2026-05-09 15:35:59,1,1,1,1435.6,88,30.1,720,1242,1,1.42,0.92,10448,1,1.42,0.92,10448
2026-05-09 15:35:59,1,1,1,1519.3,104,30.6,773,1308,1,1.42,0.92,10448,1,1.42,0.92,10448
2026-05-09 15:35:59,1,1,1,1604.2,104,31.1,828,1374,1,0.00,0.00,0,0,0.00,0.00,0
2026-05-09 15:35:59,1,1,1,1604.2,104,31.1,828,1374,1,2.04,0.95,9577,1,2.04,0.95,9577
2026-05-09 15:35:59,1,1,1,1690.1,96,31.2,875,1446,1,2.04,0.95,9577,1,2.04,0.95,9577
2026-05-09 15:35:59,1,1,1,1690.1,96,31.2,875,1446,1,2.18,0.84,9250,1,2.18,0.84,9250
2026-05-09 15:35:59,1,1,1,1774.0,79,31.4,923,1515,1,2.18,0.84,9250,1,2.18,0.84,9250
2026-05-09 15:36:00,1,1,1,1774.0,79,31.4,923,1515,1,2.26,0.80,12818,1,2.26,0.80,12818
2026-05-09 15:36:00,1,1,1,1848.9,56,31.0,952,1585,1,2.26,0.80,12818,1,2.26,0.80,12818
2026-05-09 15:36:00,1,1,1,1910.8,48,30.4,967,1648,1,2.34,0.80,12818,1,2.34,0.80,12818
2026-05-09 15:36:00,1,1,1,1910.8,48,30.4,967,1648,1,2.34,0.80,12818,1,2.34,0.80,12818
2026-05-09 15:36:00,1,1,1,1972.7,56,30.0,987,1708,1,2.34,0.80,12818,1,2.34,0.80,12818
2026-05-09 15:36:00,1,1,1,1972.7,56,30.0,987,1708,1,2.34,0.80,12818,1,2.34,0.80,12818
2026-05-09 15:36:00,1,1,1,2030.7,48,29.7,1006,1764,1,2.34,0.80,12818,1,2.34,0.80,12818
2026-05-09 15:36:00,1,1,1,2030.7,48,29.7,1006,1764,1,2.34,0.80,12818,1,2.34,0.80,12818
2026-05-09 15:36:00,1,1,1,2100.5,72,29.2,1024,1834,1,2.34,0.80,12818,1,2.34,0.80,12818
2026-05-09 15:36:00,1,1,1,2100.5,72,29.2,1024,1834,1,2.34,0.80,12818,1,2.34,0.80,12818
2026-05-09 15:36:00,1,1,1,2155.1,39,28.2,1017,1900,1,2.34,0.80,12818,1,2.34,0.80,12818
2026-05-09 15:36:00,1,1,1,2205.3,24,27.1,1003,1964,1,2.34,0.80,12818,1,2.34,0.80,12818
2026-05-09 15:36:00,1,1,1,2205.3,24,27.1,1003,1964,1,2.34,0.80,12818,1,2.34,0.80,12818
2026-05-09 15:36:00,1,1,1,2253.6,32,26.0,989,2025,1,2.34,0.80,12818,1,2.34,0.80,12818
2026-05-09 15:36:00,1,1,1,2253.6,32,26.0,989,2025,1,2.34,0.80,12818,1,2.34,0.80,12818
2026-05-09 15:36:00,1,1,1,2294.6,24,24.6,956,2086,1,0.00,0.00,0,0,0.00,0.00,0
2026-05-09 15:36:00,1,1,1,2294.6,24,24.6,956,2086,1,0.00,0.00,0,0,0.00,0.00,0
2026-05-09 15:36:00,1,1,1,2333.6,16,23.4,926,2142,1,0.00,0.00,0,0,0.00,0.00,0
2026-05-09 15:36:00,1,1,1,2369.6,16,22.3,900,2192,1,0.00,0.00,0,0,0.00,0.00,0
2026-05-09 15:36:00,1,1,1,2369.6,16,22.3,900,2192,1,0.00,0.00,0,0,0.00,0.00,0
2026-05-09 15:36:01,1,1,1,2396.4,16,21.1,862,2236,0,0.00,0.00,0,0,0.00,0.00,0
2026-05-09 15:36:01,1,1,1,2396.4,16,21.1,862,2236,0,0.00,0.00,0,0,0.00,0.00,0
2026-05-09 15:36:01,1,1,1,2434.3,8,20.2,842,2284,0,0.00,0.00,0,0,0.00,0.00,0
2026-05-09 15:36:01,1,1,1,2434.3,8,20.2,842,2284,0,0.00,0.00,0,0,0.00,0.00,0
2026-05-09 15:36:01,1,1,1,2453.8,-8,19.2,808,2317,0,0.00,0.00,0,1,2.74,-0.19,7141
2026-05-09 15:36:01,1,1,1,2453.8,-8,19.2,808,2317,0,0.00,0.00,0,1,2.74,-0.19,7141
2026-05-09 15:36:01,1,1,1,2466.6,-32,18.3,774,2342,1,2.72,-0.19,7141,1,2.72,-0.19,7141
2026-05-09 15:36:01,1,1,1,2477.1,-32,17.4,740,2364,1,2.72,-0.19,7141,1,2.72,-0.19,7141
2026-05-09 15:36:01,1,1,1,2477.1,-32,17.4,740,2364,1,2.59,-0.34,13738,1,2.59,-0.34,13738
2026-05-09 15:36:01,1,1,1,2464.1,-64,16.6,702,2362,1,2.59,-0.34,13738,1,2.59,-0.34,13738
2026-05-09 15:36:01,1,1,1,2464.1,-64,16.6,702,2362,1,2.55,-0.34,13738,1,2.55,-0.34,13738
2026-05-09 15:36:01,1,1,1,2446.8,-48,15.3,646,2360,1,2.55,-0.34,13738,1,2.55,-0.34,13738
2026-05-09 15:36:01,1,1,1,2446.8,-48,15.3,646,2360,1,2.51,-0.36,10064,1,2.51,-0.36,10064
2026-05-09 15:36:01,1,1,1,2422.5,-39,13.9,580,2352,1,2.51,-0.36,10064,1,2.51,-0.36,10064
2026-05-09 15:36:01,1,1,1,2422.5,-39,13.9,580,2352,1,2.47,-0.36,10064,1,2.47,-0.36,10064
2026-05-09 15:36:01,1,1,1,2393.4,-32,12.4,512,2338,1,2.47,-0.36,10064,1,2.47,-0.36,10064
2026-05-09 15:36:01,1,1,1,2369.5,0,10.6,436,2329,1,2.47,-0.36,10064,1,2.47,-0.36,10064
2026-05-09 15:36:01,1,1,1,2369.5,0,10.6,436,2329,1,2.47,-0.36,10064,1,2.47,-0.36,10064
2026-05-09 15:36:01,1,1,1,2442.8,0,6.5,277,2427,1,2.47,-0.36,10064,1,2.47,-0.36,10064
2026-05-09 15:36:01,1,1,1,2442.8,0,6.5,277,2427,1,2.47,-0.36,10064,1,2.47,-0.36,10064
2026-05-09 15:36:02,1,1,1,2551.0,0,3.2,142,2547,1,2.47,-0.36,10064,1,2.47,-0.36,10064
2026-05-09 15:36:02,1,1,1,2551.0,0,3.2,142,2547,1,2.47,-0.36,10064,1,2.47,-0.36,10064
2026-05-09 15:36:02,1,1,1,2638.2,0,0.7,33,2638,1,2.47,-0.36,10064,1,2.47,-0.36,10064
2026-05-09 15:36:02,1,1,1,2709.2,0,-0.7,-33,2709,1,2.47,-0.36,10064,1,2.47,-0.36,10064
2026-05-09 15:36:02,1,1,1,2709.2,0,-0.7,-33,2709,1,2.47,-0.36,10064,1,2.47,-0.36,10064
2026-05-09 15:36:02,1,1,1,2758.0,-8,-2.2,-106,2756,1,2.47,-0.36,10064,1,2.47,-0.36,10064
2026-05-09 15:36:02,1,1,1,2758.0,-8,-2.2,-106,2756,1,2.47,-0.36,10064,1,2.47,-0.36,10064
2026-05-09 15:36:02,1,1,1,2788.1,0,-3.8,-184,2782,1,0.00,0.00,0,0,0.00,0.00,0
2026-05-09 15:36:02,1,1,1,2788.1,0,-3.8,-184,2782,1,3.21,0.00,2340,1,3.21,0.00,2340
2026-05-09 15:36:02,1,1,1,2828.5,0,-4.9,-244,2818,1,3.21,0.00,2340,1,3.21,0.00,2340
2026-05-09 15:36:02,1,1,1,2828.5,0,-4.9,-244,2818,1,3.21,0.00,2340,1,3.21,0.00,2340
2026-05-09 15:36:02,1,1,1,2881.7,0,-5.8,-291,2867,1,3.21,0.00,2340,1,3.21,0.00,2340
2026-05-09 15:36:02,1,1,1,2923.8,-72,-6.5,-331,2905,1,2.69,-0.41,34484,1,2.69,-0.41,34484
2026-05-09 15:36:02,1,1,1,2923.8,-72,-6.5,-331,2905,1,2.69,-0.41,34484,1,2.69,-0.41,34484
2026-05-09 15:36:02,1,1,1,2802.2,-88,-7.4,-360,2779,1,2.49,-0.60,3977,1,2.49,-0.60,3977
2026-05-09 15:36:02,1,1,1,2802.2,-88,-7.4,-360,2779,1,2.49,-0.60,3977,1,2.49,-0.60,3977
2026-05-09 15:36:02,1,1,1,2653.2,-88,-8.2,-379,2626,1,2.43,-0.60,3977,1,2.43,-0.60,3977
2026-05-09 15:36:02,1,1,1,2653.2,-88,-8.2,-379,2626,1,2.43,-0.60,3977,1,2.43,-0.60,3977
2026-05-09 15:36:02,1,1,1,2505.0,-64,-9.0,-393,2474,1,2.43,-0.60,3977,1,2.43,-0.60,3977
2026-05-09 15:36:02,1,1,1,2365.4,-72,-10.2,-419,2328,1,2.43,-0.60,3977,1,2.43,-0.60,3977
2026-05-09 15:36:03,1,1,1,2365.4,-72,-10.2,-419,2328,1,2.43,-0.60,3977,1,2.43,-0.60,3977
2026-05-09 15:36:03,1,1,1,2241.7,-56,-10.9,-425,2201,1,2.43,-0.60,3977,1,2.43,-0.60,3977
2026-05-09 15:36:03,1,1,1,2241.7,-56,-10.9,-425,2201,1,2.43,-0.60,3977,1,2.43,-0.60,3977
2026-05-09 15:36:03,1,1,1,2141.3,-56,-11.9,-443,2095,1,2.43,-0.60,3977,1,2.43,-0.60,3977
2026-05-09 15:36:03,1,1,1,2141.3,-56,-11.9,-443,2095,1,2.43,-0.60,3977,1,2.43,-0.60,3977
2026-05-09 15:36:03,1,1,1,2038.1,-96,-13.0,-458,1986,1,2.43,-0.60,3977,1,2.43,-0.60,3977
2026-05-09 15:36:03,1,1,1,2038.1,-96,-13.0,-458,1986,1,2.43,-0.60,3977,1,2.43,-0.60,3977
2026-05-09 15:36:03,1,1,1,1935.9,-112,-14.2,-474,1877,1,2.43,-0.60,3977,1,2.43,-0.60,3977
2026-05-09 15:36:03,1,1,1,1840.6,-88,-14.9,-472,1779,1,2.43,-0.60,3977,1,2.43,-0.60,3977
2026-05-09 15:36:03,1,1,1,1840.6,-88,-14.9,-472,1779,1,0.00,0.00,0,0,0.00,0.00,0
2026-05-09 15:36:03,1,1,1,1747.8,-72,-15.8,-475,1682,1,1.49,-0.72,38317,1,1.49,-0.72,38317
2026-05-09 15:36:03,1,1,1,1747.8,-72,-15.8,-475,1682,1,1.49,-0.72,38317,1,1.49,-0.72,38317
2026-05-09 15:36:03,1,1,1,1657.9,-79,-16.9,-483,1586,1,1.33,-0.83,20432,1,1.33,-0.83,20432
2026-05-09 15:36:03,1,1,1,1657.9,-79,-16.9,-483,1586,1,1.33,-0.83,20432,1,1.33,-0.83,20432
2026-05-09 15:36:03,1,1,1,1566.6,-88,-18.1,-487,1489,1,1.24,-0.86,1273,1,1.24,-0.86,1273
2026-05-09 15:36:03,1,1,1,1480.7,-88,-19.1,-485,1399,1,1.24,-0.86,1273,1,1.24,-0.86,1273
2026-05-09 15:36:03,1,1,1,1480.7,-88,-19.1,-485,1399,1,1.18,-0.88,11944,1,1.18,-0.88,11944
2026-05-09 15:36:03,1,1,1,1397.9,-112,-19.2,-460,1320,1,1.18,-0.88,11944,1,1.18,-0.88,11944
2026-05-09 15:36:03,1,1,1,1397.9,-112,-19.2,-460,1320,1,1.08,-0.94,22184,1,1.08,-0.94,22184
2026-05-09 15:36:03,1,1,1,1317.2,-104,-19.1,-430,1245,1,1.08,-0.94,22184,1,1.08,-0.94,22184
2026-05-09 15:36:04,1,1,1,1317.2,-104,-19.1,-430,1245,1,0.98,-0.94,33762,1,0.98,-0.94,33762
2026-05-09 15:36:04,1,1,1,1237.5,-79,-19.2,-406,1169,1,0.98,-0.94,33762,1,0.98,-0.94,33762
2026-05-09 15:36:04,1,1,1,1237.5,-79,-19.2,-406,1169,1,1.29,-0.65,3536,1,1.29,-0.65,3536
2026-05-09 15:36:04,1,1,1,1156.2,-72,-19.2,-380,1092,1,1.29,-0.65,3536,1,1.29,-0.65,3536
2026-05-09 15:36:04,1,1,1,1076.1,-79,-19.7,-363,1013,1,1.16,-0.68,12741,1,1.16,-0.68,12741
2026-05-09 15:36:04,1,1,1,1076.1,-79,-19.7,-363,1013,1,1.16,-0.68,12741,1,1.16,-0.68,12741
2026-05-09 15:36:04,1,1,1,997.0,-72,-19.8,-338,938,1,1.05,-0.70,22036,1,1.05,-0.70,22036
2026-05-09 15:36:04,1,1,1,997.0,-72,-19.8,-338,938,1,1.05,-0.70,22036,1,1.05,-0.70,22036
2026-05-09 15:36:04,1,1,1,916.7,-88,-19.9,-312,862,1,0.98,-0.70,22036,1,0.98,-0.70,22036
2026-05-09 15:36:04,1,1,1,916.7,-88,-19.9,-312,862,1,0.98,-0.70,22036,1,0.98,-0.70,22036
2026-05-09 15:36:04,1,1,1,851.4,-88,-20.2,-294,799,1,0.98,-0.70,22036,1,0.98,-0.70,22036
2026-05-09 15:36:04,1,1,1,779.4,-64,-19.9,-265,733,1,0.98,-0.70,22036,1,0.98,-0.70,22036
2026-05-09 15:36:04,1,1,1,779.4,-64,-19.9,-265,733,1,0.98,-0.70,22036,1,0.98,-0.70,22036
2026-05-09 15:36:04,1,1,1,699.1,-96,-20.7,-247,654,1,0.98,-0.70,22036,1,0.98,-0.70,22036
2026-05-09 15:36:04,1,1,1,699.1,-96,-20.7,-247,654,1,0.98,-0.70,22036,1,0.98,-0.70,22036
2026-05-09 15:36:04,1,1,1,625.2,-72,-21.7,-231,581,1,0.98,-0.70,22036,1,0.98,-0.70,22036
2026-05-09 15:36:04,1,1,1,625.2,-72,-21.7,-231,581,1,0.98,-0.70,22036,1,0.98,-0.70,22036
2026-05-09 15:36:04,1,1,1,560.6,-48,-22.2,-212,519,1,0.98,-0.70,22036,1,0.98,-0.70,22036
2026-05-09 15:36:04,1,1,1,560.6,-48,-22.2,-212,519,1,0.98,-0.70,22036,1,0.98,-0.70,22036
2026-05-09 15:36:04,1,1,1,504.9,-24,-21.7,-187,469,1,0.98,-0.70,22036,1,0.98,-0.70,22036
2026-05-09 15:36:05,1,1,1,454.1,24,-19.2,-149,429,1,0.98,-0.70,22036,1,0.98,-0.70,22036
2026-05-09 15:36:05,1,1,1,454.1,24,-19.2,-149,429,1,0.00,0.00,0,0,0.00,0.00,0
2026-05-09 15:36:05,1,1,1,411.1,64,-13.9,-99,399,1,0.00,0.00,0,0,0.00,0.00,0
2026-05-09 15:36:05,1,1,1,411.1,64,-13.9,-99,399,1,0.00,0.00,0,0,0.00,0.00,0
2026-05-09 15:36:05,1,1,1,382.7,72,-6.8,-45,380,1,0.00,0.00,0,0,0.00,0.00,0
2026-05-09 15:36:05,1,1,1,382.7,72,-6.8,-45,380,1,0.00,0.00,0,0,0.00,0.00,0
2026-05-09 15:36:05,1,1,1,373.1,72,1.2,8,373,0,0.00,0.00,0,0,0.00,0.00,0
2026-05-09 15:36:05,1,1,1,380.4,72,9.7,64,375,0,0.00,0.00,0,0,0.00,0.00,0
2026-05-09 15:36:05,1,1,1,380.4,72,9.7,64,375,0,0.00,0.00,0,0,0.00,0.00,0
2026-05-09 15:36:05,1,1,1,403.9,72,17.1,119,386,0,0.00,0.00,0,0,0.00,0.00,0
2026-05-09 15:36:05,1,1,1,403.9,72,17.1,119,386,0,0.00,0.00,0,1,0.60,0.72,42116
2026-05-09 15:36:05,1,1,1,437.9,79,22.7,169,404,0,0.00,0.00,0,1,0.60,0.72,42116
2026-05-09 15:36:05,1,1,1,437.9,79,22.7,169,404,1,0.71,0.73,55210,1,0.71,0.73,55210
2026-05-09 15:36:05,1,1,1,486.6,79,24.1,199,444,1,0.71,0.73,55210,1,0.71,0.73,55210
2026-05-09 15:36:05,1,1,1,486.6,79,24.1,199,444,1,0.78,0.73,55210,1,0.78,0.73,55210
2026-05-09 15:36:05,1,1,1,548.8,72,22.5,210,507,1,0.78,0.73,55210,1,0.78,0.73,55210
2026-05-09 15:36:05,1,1,1,622.6,88,20.0,213,585,1,0.92,0.82,43065,1,0.92,0.82,43065
2026-05-09 15:36:05,1,1,1,622.6,88,20.0,213,585,1,0.92,0.82,43065,1,0.92,0.82,43065
2026-05-09 15:36:05,1,1,1,663.0,96,19.7,224,624,1,1.01,0.86,52253,1,1.01,0.86,52253
2026-05-09 15:36:05,1,1,1,663.0,96,19.7,224,624,1,1.01,0.86,52253,1,1.01,0.86,52253
2026-05-09 15:36:06,1,1,1,703.5,88,21.2,254,656,1,1.09,0.86,52253,1,1.09,0.86,52253
2026-05-09 15:36:06,1,1,1,703.5,88,21.2,254,656,1,1.09,0.86,52253,1,1.09,0.86,52253
2026-05-09 15:36:06,1,1,1,745.8,88,22.7,288,688,1,1.20,0.89,52800,1,1.20,0.89,52800
2026-05-09 15:36:06,1,1,1,745.8,88,22.7,288,688,1,1.20,0.89,52800,1,1.20,0.89,52800
2026-05-09 15:36:06,1,1,1,832.0,88,25.5,358,751,1,1.28,0.90,50665,1,1.28,0.90,50665
2026-05-09 15:36:06,1,1,1,921.0,96,27.8,429,815,1,1.28,0.90,50665,1,1.28,0.90,50665
2026-05-09 15:36:06,1,1,1,921.0,96,27.8,429,815,1,1.37,0.90,50665,1,1.37,0.90,50665
2026-05-09 15:36:06,1,1,1,1009.8,104,29.0,490,883,1,1.37,0.90,50665,1,1.37,0.90,50665
2026-05-09 15:36:06,1,1,1,1009.8,104,29.0,490,883,1,1.37,0.90,50665,1,1.37,0.90,50665
2026-05-09 15:36:06,1,1,1,1100.3,112,29.6,543,957,1,1.37,0.90,50665,1,1.37,0.90,50665
2026-05-09 15:36:06,1,1,1,1100.3,112,29.6,543,957,1,1.37,0.90,50665,1,1.37,0.90,50665
2026-05-09 15:36:06,1,1,1,1184.9,96,29.9,591,1027,1,1.37,0.90,50665,1,1.37,0.90,50665
2026-05-09 15:36:06,1,1,1,1267.9,88,30.0,634,1098,1,1.74,0.96,237,1,1.74,0.96,237
2026-05-09 15:36:06,1,1,1,1267.9,88,30.0,634,1098,1,1.74,0.96,237,1,1.74,0.96,237
2026-05-09 15:36:06,1,1,1,1352.1,88,30.0,676,1171,1,1.84,0.96,237,1,1.84,0.96,237
2026-05-09 15:36:06,1,1,1,1352.1,88,30.0,676,1171,1,1.84,0.96,237,1,1.84,0.96,237
2026-05-09 15:36:06,1,1,1,1428.8,79,30.0,715,1237,1,1.84,0.96,237,1,1.84,0.96,237
2026-05-09 15:36:06,1,1,1,1428.8,79,30.0,715,1237,0,0.00,0.00,0,1,1.84,0.96,237
2026-05-09 15:36:06,1,1,1,1513.9,96,30.5,769,1304,0,0.00,0.00,0,1,1.84,0.96,237
2026-05-09 15:36:06,1,1,1,1513.9,96,30.5,769,1304,0,0.00,0.00,0,1,1.84,0.96,237
2026-05-09 15:36:07,1,1,1,1604.9,104,30.6,816,1382,0,0.00,0.00,0,1,1.84,0.96,237
2026-05-09 15:36:07,1,1,1,1690.2,79,29.9,843,1465,0,0.00,0.00,0,1,1.84,0.96,237
2026-05-09 15:36:07,1,1,1,1690.2,79,29.9,843,1465,0,0.00,0.00,0,1,1.84,0.96,237
2026-05-09 15:36:07,1,1,1,1771.9,64,29.4,871,1543,0,0.00,0.00,0,1,1.84,0.96,237
2026-05-09 15:36:07,1,1,1,1771.9,64,29.4,871,1543,0,0.00,0.00,0,1,2.24,0.73,30825
2026-05-09 15:36:07,1,1,1,1849.0,48,29.3,904,1613,0,0.00,0.00,0,1,2.24,0.73,30825
2026-05-09 15:36:07,1,1,1,1849.0,48,29.3,904,1613,1,2.31,0.73,30825,1,2.31,0.73,30825
2026-05-09 15:36:07,1,1,1,1919.2,56,29.5,944,1671,1,2.31,0.73,30825,1,2.31,0.73,30825
2026-05-09 15:36:07,1,1,1,1981.5,56,29.7,982,1721,1,2.31,0.73,30825,1,2.31,0.73,30825
2026-05-09 15:36:07,1,1,1,1981.5,56,29.7,982,1721,1,2.31,0.73,30825,1,2.31,0.73,30825
2026-05-09 15:36:07,1,1,1,2047.7,56,29.9,1021,1775,1,2.31,0.73,30825,1,2.31,0.73,30825
2026-05-09 15:36:07,1,1,1,2047.7,56,29.9,1021,1775,1,2.31,0.73,30825,1,2.31,0.73,30825
2026-05-09 15:36:07,1,1,1,2101.2,39,29.5,1036,1828,1,2.31,0.73,30825,1,2.31,0.73,30825
2026-05-09 15:36:07,1,1,1,2101.2,39,29.5,1036,1828,1,2.31,0.73,30825,1,2.31,0.73,30825
2026-05-09 15:36:07,1,1,1,2151.5,39,28.2,1017,1896,1,2.31,0.73,30825,1,2.31,0.73,30825
2026-05-09 15:36:07,1,1,1,2151.5,39,28.2,1017,1896,1,2.31,0.73,30825,1,2.31,0.73,30825
2026-05-09 15:36:07,1,1,1,2203.4,32,26.6,987,1970,1,2.31,0.73,30825,1,2.31,0.73,30825
2026-05-09 15:36:07,1,1,1,2253.1,32,24.9,948,2044,1,2.31,0.73,30825,1,2.31,0.73,30825
2026-05-09 15:36:07,1,1,1,2253.1,32,24.9,948,2044,1,2.31,0.73,30825,1,2.31,0.73,30825
2026-05-09 15:36:07,1,1,1,2284.6,24,23.3,902,2099,1,0.00,0.00,0,0,0.00,0.00,0
2026-05-09 15:36:08,1,1,1,2284.6,24,23.3,902,2099,1,0.00,0.00,0,0,0.00,0.00,0
2026-05-09 15:36:08,1,1,1,2310.6,24,21.6,849,2149,1,0.00,0.00,0,0,0.00,0.00,0
2026-05-09 15:36:08,1,1,1,2310.6,24,21.6,849,2149,1,2.68,0.46,3845,1,2.68,0.46,3845
2026-05-09 15:36:08,1,1,1,2343.9,24,19.8,795,2205,1,2.68,0.46,3845,1,2.68,0.46,3845
2026-05-09 15:36:08,1,1,1,2395.6,16,17.7,729,2282,1,2.73,0.46,3845,1,2.73,0.46,3845
2026-05-09 15:36:08,1,1,1,2395.6,16,17.7,729,2282,1,2.73,0.46,3845,1,2.73,0.46,3845
2026-05-09 15:36:08,1,1,1,2453.6,16,15.5,657,2364,1,2.73,0.46,3845,1,2.73,0.46,3845
2026-05-09 15:36:08,1,1,1,2453.6,16,15.5,657,2364,1,2.73,0.46,3845,1,2.73,0.46,3845
2026-05-09 15:36:08,1,1,1,2512.7,0,13.1,571,2447,1,2.73,0.46,3845,1,2.73,0.46,3845
2026-05-09 15:36:08,1,1,1,2512.7,0,13.1,571,2447,1,2.73,0.46,3845,1,2.73,0.46,3845
2026-05-09 15:36:08,1,1,1,2555.4,16,11.6,515,2503,1,2.73,0.46,3845,1,2.73,0.46,3845
2026-05-09 15:36:08,1,1,1,2555.4,16,11.6,515,2503,1,2.73,0.46,3845,1,2.73,0.46,3845
2026-05-09 15:36:08,1,1,1,2555.9,0,11.8,522,2502,1,2.73,0.46,3845,1,2.73,0.46,3845
2026-05-09 15:36:08,1,1,1,2561.4,-24,11.9,530,2506,1,2.73,0.46,3845,1,2.73,0.46,3845
2026-05-09 15:36:08,1,1,1,2561.4,-24,11.9,530,2506,1,2.73,0.46,3845,1,2.73,0.46,3845
2026-05-09 15:36:08,1,1,1,2562.3,-24,11.6,515,2510,1,2.73,0.46,3845,1,2.73,0.46,3845
2026-05-09 15:36:08,1,1,1,2562.3,-24,11.6,515,2510,1,2.73,0.46,3845,1,2.73,0.46,3845
2026-05-09 15:36:08,1,1,1,2554.3,-48,10.8,479,2509,1,0.00,0.00,0,0,0.00,0.00,0
2026-05-09 15:36:08,1,1,1,2554.3,-48,10.8,479,2509,1,0.00,0.00,0,0,0.00,0.00,0
2026-05-09 15:36:08,1,1,1,2543.0,-79,10.2,449,2503,1,0.00,0.00,0,0,0.00,0.00,0
2026-05-09 15:36:09,1,1,1,2515.5,-79,9.8,427,2479,1,3.25,0.00,3946,1,3.25,0.00,3946
2026-05-09 15:36:09,1,1,1,2515.5,-79,9.8,427,2479,1,3.25,0.00,3946,1,3.25,0.00,3946
2026-05-09 15:36:09,1,1,1,2479.9,-72,8.9,384,2450,1,3.25,0.00,3946,1,3.25,0.00,3946
2026-05-09 15:36:09,1,1,1,2479.9,-72,8.9,384,2450,1,3.25,0.00,3946,1,3.25,0.00,3946
2026-05-09 15:36:09,1,1,1,2438.6,-48,8.5,359,2412,1,3.25,0.00,3946,1,3.25,0.00,3946
2026-05-09 15:36:09,1,1,1,2438.6,-48,8.5,359,2412,1,3.25,0.00,3946,1,3.25,0.00,3946
2026-05-09 15:36:09,1,1,1,2397.8,-72,7.5,315,2377,1,3.25,0.00,3946,1,3.25,0.00,3946
2026-05-09 15:36:09,1,1,1,2397.8,-72,7.5,315,2377,1,3.25,0.00,3946,1,3.25,0.00,3946
2026-05-09 15:36:09,1,1,1,2353.7,-79,6.4,263,2339,1,3.25,0.00,3946,1,3.25,0.00,3946
2026-05-09 15:36:09,1,1,1,2318.8,0,5.0,202,2310,1,3.25,0.00,3946,1,3.25,0.00,3946
2026-05-09 15:36:09,1,1,1,2318.8,0,5.0,202,2310,1,3.25,0.00,3946,1,3.25,0.00,3946
2026-05-09 15:36:09,1,1,1,2413.0,0,2.4,99,2411,1,3.25,0.00,3946,1,3.25,0.00,3946
2026-05-09 15:36:09,1,1,1,2413.0,0,2.4,99,2411,1,3.25,0.00,3946,1,3.25,0.00,3946
2026-05-09 15:36:09,1,1,1,2512.0,-104,-0.2,-9,2512,1,3.25,0.00,3946,1,3.25,0.00,3946
2026-05-09 15:36:09,1,1,1,2512.0,-104,-0.2,-9,2512,1,3.25,0.00,3946,1,3.25,0.00,3946
2026-05-09 15:36:09,1,1,1,2431.3,-88,-0.8,-36,2431,1,0.00,0.00,0,0,0.00,0.00,0
2026-05-09 15:36:09,1,1,1,2314.4,-88,-1.1,-44,2314,1,0.00,0.00,0,0,0.00,0.00,0
2026-05-09 15:36:09,1,1,1,2314.4,-88,-1.1,-44,2314,1,0.00,0.00,0,0,0.00,0.00,0
2026-05-09 15:36:09,1,1,1,2197.3,-88,-1.0,-38,2197,1,0.00,0.00,0,0,0.00,0.00,0
2026-05-09 15:36:09,1,1,1,2197.3,-88,-1.0,-38,2197,1,0.00,0.00,0,0,0.00,0.00,0
2026-05-09 15:36:10,1,1,1,2081.5,-104,-1.3,-46,2081,0,0.00,0.00,0,0,0.00,0.00,0
2026-05-09 15:36:10,1,1,1,2081.5,-104,-1.3,-46,2081,0,0.00,0.00,0,0,0.00,0.00,0
2026-05-09 15:36:10,1,1,1,1967.9,-112,-1.7,-58,1967,0,0.00,0.00,0,0,0.00,0.00,0
2026-05-09 15:36:10,1,1,1,1967.9,-112,-1.7,-58,1967,0,0.00,0.00,0,0,0.00,0.00,0
2026-05-09 15:36:10,1,1,1,1856.1,-119,-2.0,-64,1855,0,0.00,0.00,0,0,0.00,0.00,0
2026-05-09 15:36:10,1,1,1,1750.2,-104,-2.2,-66,1749,0,0.00,0.00,0,0,0.00,0.00,0
2026-05-09 15:36:10,1,1,1,1750.2,-104,-2.2,-66,1749,0,0.00,0.00,0,0,0.00,0.00,0
2026-05-09 15:36:10,1,1,1,1646.1,-96,-2.1,-61,1645,0,0.00,0.00,0,0,0.00,0.00,0
2026-05-09 15:36:10,1,1,1,1646.1,-96,-2.1,-61,1645,0,0.00,0.00,0,0,0.00,0.00,0
2026-05-09 15:36:10,1,1,1,1549.2,-88,-2.2,-60,1548,0,0.00,0.00,0,0,0.00,0.00,0
2026-05-09 15:36:10,1,1,1,1549.2,-88,-2.2,-60,1548,0,0.00,0.00,0,0,0.00,0.00,0
2026-05-09 15:36:10,1,1,1,1452.9,-96,-2.0,-50,1452,0,0.00,0.00,0,0,0.00,0.00,0
2026-05-09 15:36:10,1,1,1,1452.9,-96,-2.0,-50,1452,0,0.00,0.00,0,1,1.01,-0.95,26152
2026-05-09 15:36:10,1,1,1,1367.1,-104,-2.3,-54,1366,0,0.00,0.00,0,1,1.01,-0.95,26152
2026-05-09 15:36:10,1,1,1,1276.3,-112,-2.6,-57,1275,1,0.95,-1.07,4786,1,0.95,-1.07,4786
2026-05-09 15:36:10,1,1,1,1276.3,-112,-2.6,-57,1275,1,0.95,-1.07,4786,1,0.95,-1.07,4786
2026-05-09 15:36:10,1,1,1,1185.1,-96,-2.5,-51,1184,1,0.90,-1.03,38321,1,0.90,-1.03,38321
2026-05-09 15:36:10,1,1,1,1185.1,-96,-2.5,-51,1184,1,0.90,-1.03,38321,1,0.90,-1.03,38321
2026-05-09 15:36:10,1,1,1,1095.8,-79,-2.2,-43,1095,1,0.80,-0.94,9940,1,0.80,-0.94,9940
2026-05-09 15:36:10,1,1,1,1095.8,-79,-2.2,-43,1095,1,0.80,-0.94,9940,1,0.80,-0.94,9940
2026-05-09 15:36:11,1,1,1,1010.0,-64,-2.6,-46,1009,1,0.72,-0.88,1594,1,0.72,-0.88,1594
2026-05-09 15:36:11,1,1,1,933.2,-64,-2.9,-48,932,1,0.72,-0.88,1594,1,0.72,-0.88,1594
2026-05-09 15:36:11,1,1,1,933.2,-64,-2.9,-48,932,1,0.63,-0.88,1594,1,0.63,-0.88,1594
2026-05-09 15:36:11,1,1,1,857.4,-64,-3.3,-49,856,1,0.63,-0.88,1594,1,0.63,-0.88,1594
2026-05-09 15:36:11,1,1,1,857.4,-64,-3.3,-49,856,1,0.54,-0.87,1034,1,0.54,-0.87,1034
2026-05-09 15:36:11,1,1,1,780.2,-72,-3.2,-44,779,0,0.00,0.00,0,1,0.54,-0.87,1034
2026-05-09 15:36:11,1,1,1,780.2,-72,-3.2,-44,779,0,0.00,0.00,0,1,0.46,-0.87,64373
2026-05-09 15:36:11,1,1,1,703.9,-79,-2.9,-36,703,0,0.00,0.00,0,1,0.46,-0.87,64373
2026-05-09 15:36:11,1,1,1,703.9,-79,-2.9,-36,703,0,0.00,0.00,0,1,0.37,-0.87,64373
2026-05-09 15:36:11,1,1,1,631.4,-56,-2.1,-23,631,0,0.00,0.00,0,1,0.37,-0.87,64373
2026-05-09 15:36:11,1,1,1,558.0,-48,0.6,6,558,0,0.00,0.00,0,1,0.37,-0.87,64373
2026-05-09 15:36:11,1,1,1,558.0,-48,0.6,6,558,0,0.00,0.00,0,1,0.37,-0.87,64373
2026-05-09 15:36:11,1,1,1,496.3,-48,4.2,36,495,0,0.00,0.00,0,1,0.37,-0.87,64373
2026-05-09 15:36:11,1,1,1,496.3,-48,4.2,36,495,0,0.00,0.00,0,1,0.37,-0.87,64373
2026-05-09 15:36:11,1,1,1,448.2,-32,7.8,61,444,0,0.00,0.00,0,1,0.37,-0.87,64373
2026-05-09 15:36:11,1,1,1,448.2,-32,7.8,61,444,0,0.00,0.00,0,1,0.37,-0.87,64373
2026-05-09 15:36:11,1,1,1,409.3,-24,10.8,77,402,0,0.00,0.00,0,1,0.37,-0.87,64373
2026-05-09 15:36:11,1,1,1,382.7,16,12.2,81,374,0,0.00,0.00,0,1,0.37,-0.87,64373
2026-05-09 15:36:11,1,1,1,382.7,16,12.2,81,374,0,0.00,0.00,0,1,0.37,-0.87,64373
2026-05-09 15:36:11,1,1,1,366.1,64,11.3,72,359,0,0.00,0.00,0,1,0.37,-0.87,64373
2026-05-09 15:36:12,1,1,1,366.1,64,11.3,72,359,0,0.00,0.00,0,1,0.37,-0.87,64373
2026-05-09 15:36:12,1,1,1,358.6,88,8.2,51,355,0,0.00,0.00,0,0,0.00,0.00,0
2026-05-09 15:36:12,1,1,1,358.6,88,8.2,51,355,0,0.00,0.00,0,0,0.00,0.00,0
2026-05-09 15:36:12,1,1,1,359.8,88,3.8,24,359,0,0.00,0.00,0,0,0.00,0.00,0
2026-05-09 15:36:12,1,1,1,359.8,88,3.8,24,359,0,0.00,0.00,0,1,0.74,0.55,29225
2026-05-09 15:36:12,1,1,1,380.0,72,0.6,4,380,0,0.00,0.00,0,1,0.74,0.55,29225
2026-05-09 15:36:12,1,1,1,413.1,72,-1.0,-7,413,0,0.00,0.00,0,1,0.77,0.63,820
2026-05-09 15:36:12,1,1,1,413.1,72,-1.0,-7,413,0,0.00,0.00,0,1,0.77,0.63,820
2026-05-09 15:36:12,1,1,1,456.4,64,-2.5,-20,456,0,0.00,0.00,0,1,0.84,0.63,820
2026-05-09 15:36:12,1,1,1,456.4,64,-2.5,-20,456,0,0.00,0.00,0,1,0.84,0.63,820
2026-05-09 15:36:12,1,1,1,503.9,88,-5.0,-44,502,0,0.00,0.00,0,1,0.88,0.74,62645
2026-05-09 15:36:12,1,1,1,503.9,88,-5.0,-44,502,0,0.00,0.00,0,1,0.88,0.74,62645
2026-05-09 15:36:12,1,1,1,552.3,112,-8.6,-83,546,1,0.98,0.87,19153,1,0.98,0.87,19153
2026-05-09 15:36:12,1,1,1,612.7,104,-12.2,-129,599,1,0.98,0.87,19153,1,0.98,0.87,19153
2026-05-09 15:36:12,1,1,1,612.7,104,-12.2,-129,599,1,1.07,0.87,19153,1,1.07,0.87,19153
2026-05-09 15:36:12,1,1,1,677.9,104,-16.2,-189,651,1,1.07,0.87,19153,1,1.07,0.87,19153
2026-05-09 15:36:12,1,1,1,677.9,104,-16.2,-189,651,1,1.18,0.90,15632,1,1.18,0.90,15632
2026-05-09 15:36:12,1,1,1,752.6,88,-18.7,-241,713,1,1.18,0.90,15632,1,1.18,0.90,15632
2026-05-09 15:36:12,1,1,1,752.6,88,-18.7,-241,713,1,1.27,0.91,30633,1,1.27,0.91,30633
2026-05-09 15:36:12,1,1,1,831.4,88,-20.0,-285,781,1,1.27,0.91,30633,1,1.27,0.91,30633
2026-05-09 15:36:13,1,1,1,831.4,88,-20.0,-285,781,1,1.35,0.92,35442,1,1.35,0.92,35442
2026-05-09 15:36:13,1,1,1,913.2,88,-20.9,-326,853,1,1.35,0.92,35442,1,1.35,0.92,35442
2026-05-09 15:36:13,1,1,1,992.1,96,-22.6,-381,916,1,1.45,0.93,41474,1,1.45,0.93,41474
2026-05-09 15:36:13,1,1,1,992.1,96,-22.6,-381,916,1,1.45,0.93,41474,1,1.45,0.93,41474
2026-05-09 15:36:13,1,1,1,1075.1,112,-23.2,-424,988,1,1.54,0.93,41474,1,1.54,0.93,41474
2026-05-09 15:36:13,1,1,1,1075.1,112,-23.2,-424,988,1,1.54,0.93,41474,1,1.54,0.93,41474
2026-05-09 15:36:13,1,1,1,1169.1,119,-22.6,-450,1079,1,1.67,0.99,27673,1,1.67,0.99,27673
2026-05-09 15:36:13,1,1,1,1169.1,119,-22.6,-450,1079,1,1.67,0.99,27673,1,1.67,0.99,27673
2026-05-09 15:36:13,1,1,1,1258.9,104,-22.3,-477,1165,1,1.77,0.98,26533,1,1.77,0.98,26533
2026-05-09 15:36:13,1,1,1,1352.4,96,-21.9,-504,1255,1,1.77,0.98,26533,1,1.77,0.98,26533
2026-05-09 15:36:13,1,1,1,1352.4,96,-21.9,-504,1255,1,1.85,0.97,17725,1,1.85,0.97,17725
2026-05-09 15:36:13,1,1,1,1437.4,96,-22.5,-550,1328,1,1.85,0.97,17725,1,1.85,0.97,17725
2026-05-09 15:36:13,1,1,1,1437.4,96,-22.5,-550,1328,1,1.95,0.97,17725,1,1.95,0.97,17725
2026-05-09 15:36:13,1,1,1,1514.1,88,-23.6,-605,1388,1,1.95,0.97,17725,1,1.95,0.97,17725
2026-05-09 15:36:13,1,1,1,1514.1,88,-23.6,-605,1388,1,2.02,0.93,50354,1,2.02,0.93,50354
2026-05-09 15:36:13,1,1,1,1586.1,112,-25.5,-682,1432,1,2.02,0.93,50354,1,2.02,0.93,50354
2026-05-09 15:36:13,1,1,1,1586.1,112,-25.5,-682,1432,1,1.93,0.73,296,1,1.93,0.73,296
2026-05-09 15:36:13,1,1,1,1662.7,88,-26.7,-748,1485,1,1.93,0.73,296,1,1.93,0.73,296
2026-05-09 15:36:13,1,1,1,1739.3,88,-27.1,-793,1548,1,2.00,0.73,296,1,2.00,0.73,296
2026-05-09 15:36:13,1,1,1,1739.3,88,-27.1,-793,1548,1,2.00,0.73,296,1,2.00,0.73,296
2026-05-09 15:36:14,1,1,1,1811.4,56,-27.4,-834,1608,1,2.00,0.73,296,1,2.00,0.73,296
2026-05-09 15:36:14,1,1,1,1811.4,56,-27.4,-834,1608,0,0.00,0.00,0,1,2.00,0.73,296
2026-05-09 15:36:14,1,1,1,1882.8,56,-27.8,-879,1665,0,0.00,0.00,0,1,2.00,0.73,296
2026-05-09 15:36:14,1,1,1,1882.8,56,-27.8,-879,1665,0,0.00,0.00,0,1,2.00,0.73,296
2026-05-09 15:36:14,1,1,1,1941.0,24,-27.9,-909,1715,0,0.00,0.00,0,1,2.00,0.73,296
2026-05-09 15:36:14,1,1,1,2008.6,0,-28.0,-944,1773,0,0.00,0.00,0,1,2.00,0.73,296
2026-05-09 15:36:14,1,1,1,2008.6,0,-28.0,-944,1773,0,0.00,0.00,0,1,2.00,0.73,296
2026-05-09 15:36:14,1,1,1,2182.8,0,-28.6,-1044,1917,0,0.00,0.00,0,1,2.00,0.73,296
2026-05-09 15:36:14,1,1,1,2182.8,0,-28.6,-1044,1917,0,0.00,0.00,0,1,2.00,0.73,296
2026-05-09 15:36:14,1,1,1,2362.2,0,-29.7,-1172,2051,0,0.00,0.00,0,1,2.00,0.73,296
2026-05-09 15:36:14,1,1,1,2362.2,0,-29.7,-1172,2051,0,0.00,0.00,0,1,2.00,0.73,296
2026-05-09 15:36:14,1,1,1,2543.7,0,-30.8,-1304,2184,0,0.00,0.00,0,0,0.00,0.00,0
2026-05-09 15:36:14,1,1,1,2543.7,0,-30.8,-1304,2184,0,0.00,0.00,0,0,0.00,0.00,0
2026-05-09 15:36:14,1,1,1,2700.8,-8,-31.7,-1419,2298,0,0.00,0.00,0,0,0.00,0.00,0
2026-05-09 15:36:14,1,1,1,2778.4,24,-31.6,-1455,2367,0,0.00,0.00,0,0,0.00,0.00,0
2026-05-09 15:36:14,1,1,1,2778.4,24,-31.6,-1455,2367,0,0.00,0.00,0,0,0.00,0.00,0
2026-05-09 15:36:14,1,1,1,2821.1,-8,-30.4,-1428,2433,0,0.00,0.00,0,0,0.00,0.00,0
2026-05-09 15:36:14,1,1,1,2821.1,-8,-30.4,-1428,2433,0,0.00,0.00,0,0,0.00,0.00,0
2026-05-09 15:36:14,1,1,1,2789.3,0,-26.8,-1257,2490,0,0.00,0.00,0,0,0.00,0.00,0
2026-05-09 15:36:14,1,1,1,2789.3,0,-26.8,-1257,2490,0,0.00,0.00,0,0,0.00,0.00,0
2026-05-09 15:36:15,1,1,1,2782.6,0,-22.7,-1074,2567,0,0.00,0.00,0,0,0.00,0.00,0
2026-05-09 15:36:15,1,1,1,2782.6,0,-22.7,-1074,2567,0,0.00,0.00,0,0,0.00,0.00,0
2026-05-09 15:36:15,1,1,1,2793.7,0,-19.5,-931,2634,0,0.00,0.00,0,0,0.00,0.00,0
2026-05-09 15:36:15,1,1,1,2839.6,0,-16.6,-812,2721,0,0.00,0.00,0,0,0.00,0.00,0
2026-05-09 15:36:15,1,1,1,2839.6,0,-16.6,-812,2721,0,0.00,0.00,0,0,0.00,0.00,0
2026-05-09 15:36:15,1,1,1,2886.0,0,-14.3,-715,2796,0,0.00,0.00,0,0,0.00,0.00,0
2026-05-09 15:36:15,1,1,1,2886.0,0,-14.3,-715,2796,0,0.00,0.00,0,0,0.00,0.00,0
2026-05-09 15:36:15,1,1,1,2935.2,0,-13.0,-660,2860,0,0.00,0.00,0,0,0.00,0.00,0
2026-05-09 15:36:15,1,1,1,2935.2,0,-13.0,-660,2860,0,0.00,0.00,0,0,0.00,0.00,0
2026-05-09 15:36:15,1,1,1,2971.2,16,-12.0,-619,2906,0,0.00,0.00,0,0,0.00,0.00,0
2026-05-09 15:36:25,1,1,1,656.0,-56,15.6,176,632,1,0.49,-0.48,21081,1,0.49,-0.48,21081
2026-05-09 15:36:25,1,1,1,656.0,-56,15.6,176,632,1,0.49,-0.48,21081,1,0.49,-0.48,21081
2026-05-09 15:36:25,1,1,1,594.5,-48,15.8,162,572,1,0.44,-0.48,21081,1,0.44,-0.48,21081
2026-05-09 15:36:25,1,1,1,542.8,-32,15.9,149,522,1,0.44,-0.48,21081,1,0.44,-0.48,21081
2026-05-09 15:36:25,1,1,1,542.8,-32,15.9,149,522,1,0.44,-0.48,21081,1,0.44,-0.48,21081
2026-05-09 15:36:25,1,1,1,502.1,0,15.0,130,485,1,0.44,-0.48,21081,1,0.44,-0.48,21081
2026-05-09 15:36:25,1,1,1,502.1,0,15.0,130,485,1,0.44,-0.48,21081,1,0.44,-0.48,21081
2026-05-09 15:36:25,1,1,1,466.5,32,12.8,103,455,1,0.44,-0.48,21081,1,0.44,-0.48,21081
2026-05-09 15:36:25,1,1,1,466.5,32,12.8,103,455,1,0.44,-0.48,21081,1,0.44,-0.48,21081
2026-05-09 15:36:25,1,1,1,440.9,56,9.4,72,435,1,0.44,-0.48,21081,1,0.44,-0.48,21081
2026-05-09 15:36:26,1,1,1,425.7,72,5.1,38,424,1,0.44,-0.48,21081,1,0.44,-0.48,21081
2026-05-09 15:36:26,1,1,1,425.7,72,5.1,38,424,1,0.44,-0.48,21081,1,0.44,-0.48,21081
2026-05-09 15:36:26,1,1,1,425.0,88,0.1,1,425,1,0.55,0.82,11850,1,0.55,0.82,11850
2026-05-09 15:36:26,1,1,1,425.0,88,0.1,1,425,1,0.55,0.82,11850,1,0.55,0.82,11850
2026-05-09 15:36:26,1,1,1,440.5,79,-4.7,-36,439,1,0.69,0.77,46037,1,0.69,0.77,46037
2026-05-09 15:36:26,1,1,1,440.5,79,-4.7,-36,439,1,0.69,0.77,46037,1,0.69,0.77,46037
2026-05-09 15:36:26,1,1,1,467.4,72,-10.2,-83,460,1,0.76,0.75,44889,1,0.76,0.75,44889
2026-05-09 15:36:26,1,1,1,467.4,72,-10.2,-83,460,1,0.76,0.75,44889,1,0.76,0.75,44889
2026-05-09 15:36:26,1,1,1,504.5,72,-14.7,-128,488,1,0.82,0.74,25946,1,0.82,0.74,25946
2026-05-09 15:36:26,1,1,1,556.9,79,-18.5,-177,528,1,0.82,0.74,25946,1,0.82,0.74,25946
2026-05-09 15:36:26,1,1,1,556.9,79,-18.5,-177,528,1,0.89,0.74,25946,1,0.89,0.74,25946
2026-05-09 15:36:26,1,1,1,615.8,79,-19.6,-207,580,1,0.89,0.74,25946,1,0.89,0.74,25946
2026-05-09 15:36:26,1,1,1,615.8,79,-19.6,-207,580,1,0.89,0.74,25946,1,0.89,0.74,25946
2026-05-09 15:36:26,1,1,1,681.2,88,-19.0,-222,644,1,0.89,0.74,25946,1,0.89,0.74,25946
2026-05-09 15:36:26,1,1,1,681.2,88,-19.0,-222,644,1,0.89,0.74,25946,1,0.89,0.74,25946
2026-05-09 15:36:26,1,1,1,747.3,104,-17.9,-230,711,1,0.89,0.74,25946,1,0.89,0.74,25946
2026-05-09 15:36:26,1,1,1,816.3,104,-17.6,-247,778,1,0.89,0.74,25946,1,0.89,0.74,25946
2026-05-09 15:36:26,1,1,1,816.3,104,-17.6,-247,778,1,0.89,0.74,25946,1,0.89,0.74,25946
2026-05-09 15:36:26,1,1,1,886.1,79,-16.9,-257,848,1,0.89,0.74,25946,1,0.89,0.74,25946
2026-05-09 15:36:26,1,1,1,886.1,79,-16.9,-257,848,1,0.89,0.74,25946,1,0.89,0.74,25946
2026-05-09 15:36:27,1,1,1,962.4,96,-16.7,-276,922,1,0.89,0.74,25946,1,0.89,0.74,25946
2026-05-09 15:36:27,1,1,1,962.4,96,-16.7,-276,922,1,0.89,0.74,25946,1,0.89,0.74,25946
2026-05-09 15:36:27,1,1,1,1032.8,88,-16.0,-284,993,1,0.89,0.74,25946,1,0.89,0.74,25946
2026-05-09 15:36:27,1,1,1,1032.8,88,-16.0,-284,993,1,0.00,0.00,0,0,0.00,0.00,0
2026-05-09 15:36:27,1,1,1,1105.4,88,-14.9,-285,1068,1,0.00,0.00,0,0,0.00,0.00,0
2026-05-09 15:36:27,1,1,1,1175.8,96,-14.0,-284,1141,1,0.00,0.00,0,0,0.00,0.00,0
2026-05-09 15:36:27,1,1,1,1175.8,96,-14.0,-284,1141,1,0.00,0.00,0,0,0.00,0.00,0
2026-05-09 15:36:27,1,1,1,1249.8,104,-12.9,-280,1218,1,0.00,0.00,0,0,0.00,0.00,0
2026-05-09 15:36:27,1,1,1,1249.8,104,-12.9,-280,1218,0,0.00,0.00,0,0,0.00,0.00,0
2026-05-09 15:36:27,1,1,1,1331.5,88,-11.9,-274,1303,0,0.00,0.00,0,0,0.00,0.00,0
2026-05-09 15:36:27,1,1,1,1331.5,88,-11.9,-274,1303,0,0.00,0.00,0,0,0.00,0.00,0
2026-05-09 15:36:27,1,1,1,1405.8,79,-10.3,-252,1383,0,0.00,0.00,0,0,0.00,0.00,0
2026-05-09 15:36:27,1,1,1,1405.8,79,-10.3,-252,1383,0,0.00,0.00,0,0,0.00,0.00,0
2026-05-09 15:36:27,1,1,1,1484.7,88,-9.3,-241,1465,0,0.00,0.00,0,0,0.00,0.00,0
2026-05-09 15:36:27,1,1,1,1562.8,104,-7.6,-207,1549,0,0.00,0.00,0,0,0.00,0.00,0
2026-05-09 15:36:27,1,1,1,1562.8,104,-7.6,-207,1549,0,0.00,0.00,0,0,0.00,0.00,0
2026-05-09 15:36:27,1,1,1,1641.8,104,-6.6,-188,1631,0,0.00,0.00,0,0,0.00,0.00,0
2026-05-09 15:36:27,1,1,1,1641.8,104,-6.6,-188,1631,0,0.00,0.00,0,0,0.00,0.00,0
2026-05-09 15:36:27,1,1,1,1724.1,112,-5.9,-177,1715,0,0.00,0.00,0,0,0.00,0.00,0
2026-05-09 15:36:27,1,1,1,1724.1,112,-5.9,-177,1715,0,0.00,0.00,0,0,0.00,0.00,0
2026-05-09 15:36:28,1,1,1,1807.6,104,-5.6,-176,1799,0,0.00,0.00,0,1,2.27,0.96,8226
2026-05-09 15:36:28,1,1,1,1888.7,88,-5.2,-170,1881,0,0.00,0.00,0,1,2.27,0.96,8226
2026-05-09 15:36:28,1,1,1,1888.7,88,-5.2,-170,1881,1,2.33,0.84,34970,1,2.33,0.84,34970
2026-05-09 15:36:28,1,1,1,1971.3,64,-5.3,-181,1963,1,2.33,0.84,34970,1,2.33,0.84,34970
2026-05-09 15:36:28,1,1,1,1971.3,64,-5.3,-181,1963,1,2.42,0.84,34970,1,2.42,0.84,34970
2026-05-09 15:36:28,1,1,1,2045.7,48,-5.9,-209,2035,1,2.42,0.84,34970,1,2.42,0.84,34970
2026-05-09 15:36:28,1,1,1,2045.7,48,-5.9,-209,2035,1,2.42,0.84,34970,1,2.42,0.84,34970
2026-05-09 15:36:28,1,1,1,2114.5,56,-6.2,-230,2102,1,2.42,0.84,34970,1,2.42,0.84,34970
2026-05-09 15:36:28,1,1,1,2114.5,56,-6.2,-230,2102,1,2.42,0.84,34970,1,2.42,0.84,34970
2026-05-09 15:36:28,1,1,1,2184.1,56,-6.3,-239,2171,1,2.42,0.84,34970,1,2.42,0.84,34970
2026-05-09 15:36:28,1,1,1,2252.8,48,-6.6,-258,2238,1,2.42,0.84,34970,1,2.42,0.84,34970
2026-05-09 15:36:28,1,1,1,2252.8,48,-6.6,-258,2238,1,2.42,0.84,34970,1,2.42,0.84,34970
2026-05-09 15:36:28,1,1,1,2308.8,32,-6.5,-261,2294,1,2.42,0.84,34970,1,2.42,0.84,34970
2026-05-09 15:36:28,1,1,1,2308.8,32,-6.5,-261,2294,1,2.42,0.84,34970,1,2.42,0.84,34970
2026-05-09 15:36:28,1,1,1,2371.0,8,-6.9,-283,2354,1,2.42,0.84,34970,1,2.42,0.84,34970
2026-05-09 15:36:28,1,1,1,2371.0,8,-6.9,-283,2354,1,2.42,0.84,34970,1,2.42,0.84,34970
2026-05-09 15:36:28,1,1,1,2426.4,8,-7.1,-298,2408,1,2.42,0.84,34970,1,2.42,0.84,34970
2026-05-09 15:36:28,1,1,1,2485.4,-8,-7.7,-333,2463,1,0.00,0.00,0,0,0.00,0.00,0
2026-05-09 15:36:28,1,1,1,2485.4,-8,-7.7,-333,2463,1,0.00,0.00,0,0,0.00,0.00,0
2026-05-09 15:36:28,1,1,1,2520.7,-24,-8.2,-359,2495,1,0.00,0.00,0,0,0.00,0.00,0
2026-05-09 15:36:29,1,1,1,2520.7,-24,-8.2,-359,2495,1,0.00,0.00,0,0,0.00,0.00,0
2026-05-09 15:36:29,1,1,1,2562.0,0,-8.3,-371,2535,1,0.00,0.00,0,0,0.00,0.00,0
2026-05-09 15:36:29,1,1,1,2562.0,0,-8.3,-371,2535,0,0.00,0.00,0,0,0.00,0.00,0
2026-05-09 15:36:29,1,1,1,2635.0,0,-8.5,-390,2606,0,0.00,0.00,0,0,0.00,0.00,0
2026-05-09 15:36:29,1,1,1,2635.0,0,-8.5,-390,2606,0,0.00,0.00,0,1,1.29,-0.01,333
2026-05-09 15:36:29,1,1,1,2727.6,0,-8.7,-414,2696,0,0.00,0.00,0,1,1.29,-0.01,333
2026-05-09 15:36:29,1,1,1,2812.7,0,-9.4,-459,2775,0,0.00,0.00,0,1,1.29,-0.01,333
2026-05-09 15:36:29,1,1,1,2812.7,0,-9.4,-459,2775,0,0.00,0.00,0,1,1.29,-0.01,333
2026-05-09 15:36:29,1,1,1,2872.7,-32,-10.1,-505,2828,0,0.00,0.00,0,1,1.26,-0.10,533
2026-05-09 15:36:29,1,1,1,2872.7,-32,-10.1,-505,2828,0,0.00,0.00,0,1,1.26,-0.10,533
2026-05-09 15:36:29,1,1,1,2906.4,0,-10.5,-528,2858,0,0.00,0.00,0,1,1.18,-0.14,929
2026-05-09 15:36:29,1,1,1,2906.4,0,-10.5,-528,2858,0,0.00,0.00,0,1,1.18,-0.14,929
2026-05-09 15:36:29,1,1,1,2914.7,-32,-10.9,-552,2862,0,0.00,0.00,0,1,1.17,-0.14,929
2026-05-09 15:36:29,1,1,1,2816.4,-48,-12.0,-585,2755,0,0.00,0.00,0,1,1.17,-0.14,929
2026-05-09 15:36:29,1,1,1,2816.4,-48,-12.0,-585,2755,0,0.00,0.00,0,1,1.17,-0.14,929
2026-05-09 15:36:29,1,1,1,2705.7,-48,-13.3,-623,2633,0,0.00,0.00,0,1,1.17,-0.14,929
2026-05-09 15:36:29,1,1,1,2705.7,-48,-13.3,-623,2633,0,0.00,0.00,0,1,1.17,-0.14,929
2026-05-09 15:36:29,1,1,1,2603.4,0,-14.9,-669,2516,0,0.00,0.00,0,1,1.17,-0.14,929
2026-05-09 15:36:29,1,1,1,2603.4,0,-14.9,-669,2516,0,0.00,0.00,0,1,1.17,-0.14,929
2026-05-09 15:36:29,1,1,1,2512.0,-64,-16.5,-712,2409,0,0.00,0.00,0,1,1.17,-0.14,929
2026-05-09 15:36:30,1,1,1,2512.0,-64,-16.5,-712,2409,0,0.00,0.00,0,1,1.15,0.20,325
2026-05-09 15:36:30,1,1,1,2429.7,-72,-17.9,-747,2312,0,0.00,0.00,0,1,1.15,0.20,325
2026-05-09 15:36:30,1,1,1,2360.7,0,-19.4,-786,2226,0,0.00,0.00,0,1,1.17,0.20,325
2026-05-09 15:36:30,1,1,1,2360.7,0,-19.4,-786,2226,0,0.00,0.00,0,1,1.17,0.20,325
2026-05-09 15:36:30,1,1,1,2285.1,-104,-20.4,-796,2142,0,0.00,0.00,0,1,1.17,0.20,325
2026-05-09 15:36:30,1,1,1,2285.1,-104,-20.4,-796,2142,0,0.00,0.00,0,1,1.17,0.20,325
2026-05-09 15:36:30,1,1,1,2200.2,-112,-20.9,-786,2055,0,0.00,0.00,0,1,1.17,0.20,325
2026-05-09 15:36:30,1,1,1,2200.2,-112,-20.9,-786,2055,0,0.00,0.00,0,1,1.17,0.20,325
2026-05-09 15:36:30,1,1,1,2116.5,-96,-21.2,-766,1973,0,0.00,0.00,0,1,1.17,0.20,325
2026-05-09 15:36:30,1,1,1,2046.0,-72,-20.9,-731,1911,0,0.00,0.00,0,1,1.17,0.20,325
2026-05-09 15:36:30,1,1,1,2046.0,-72,-20.9,-731,1911,0,0.00,0.00,0,1,1.17,0.20,325
2026-05-09 15:36:30,1,1,1,1971.0,-79,-20.7,-696,1844,0,0.00,0.00,0,1,1.17,0.20,325
2026-05-09 15:36:30,1,1,1,1971.0,-79,-20.7,-696,1844,0,0.00,0.00,0,1,1.17,0.20,325
2026-05-09 15:36:30,1,1,1,1903.6,-112,-19.8,-645,1791,0,0.00,0.00,0,1,1.17,0.20,325
2026-05-09 15:36:30,1,1,1,1903.6,-112,-19.8,-645,1791,0,0.00,0.00,0,1,3.19,-0.03,925
2026-05-09 15:36:30,1,1,1,1826.1,-104,-19.2,-602,1724,0,0.00,0.00,0,1,3.19,-0.03,925
2026-05-09 15:36:30,1,1,1,1826.1,-104,-19.2,-602,1724,0,0.00,0.00,0,1,2.33,-0.65,8045
2026-05-09 15:36:30,1,1,1,1740.0,-119,-19.0,-567,1645,0,0.00,0.00,0,1,2.33,-0.65,8045
2026-05-09 15:36:30,1,1,1,1660.2,-104,-18.3,-522,1576,1,1.93,-0.86,30548,1,1.93,-0.86,30548
2026-05-09 15:36:30,1,1,1,1660.2,-104,-18.3,-522,1576,1,1.93,-0.86,30548,1,1.93,-0.86,30548
2026-05-09 15:36:31,1,1,1,1572.7,-96,-18.0,-485,1496,1,1.69,-0.89,46186,1,1.69,-0.89,46186
2026-05-09 15:36:31,1,1,1,1572.7,-96,-18.0,-485,1496,1,1.69,-0.89,46186,1,1.69,-0.89,46186
2026-05-09 15:36:31,1,1,1,1487.6,-79,-18.0,-459,1415,1,1.98,-0.63,1690,1,1.98,-0.63,1690
2026-05-09 15:36:31,1,1,1,1487.6,-79,-18.0,-459,1415,1,1.98,-0.63,1690,1,1.98,-0.63,1690
2026-05-09 15:36:31,1,1,1,1398.8,-96,-17.8,-427,1332,1,1.91,-0.63,1690,1,1.91,-0.63,1690
2026-05-09 15:36:31,1,1,1,1306.1,-96,-17.7,-398,1244,1,1.91,-0.63,1690,1,1.91,-0.63,1690
2026-05-09 15:36:31,1,1,1,1306.1,-96,-17.7,-398,1244,1,1.68,-0.74,12657,1,1.68,-0.74,12657
2026-05-09 15:36:31,1,1,1,1215.1,-104,-17.5,-365,1159,1,1.68,-0.74,12657,1,1.68,-0.74,12657
2026-05-09 15:36:31,1,1,1,1215.1,-104,-17.5,-365,1159,1,1.60,-0.74,12657,1,1.60,-0.74,12657
2026-05-09 15:36:31,1,1,1,1127.2,-104,-17.3,-336,1076,1,1.60,-0.74,12657,1,1.60,-0.74,12657
2026-05-09 15:36:31,1,1,1,1127.2,-104,-17.3,-336,1076,1,1.38,-0.83,1041,1,1.38,-0.83,1041
2026-05-09 15:36:31,1,1,1,1047.2,-79,-16.7,-301,1003,1,1.38,-0.83,1041,1,1.38,-0.83,1041
2026-05-09 15:36:31,1,1,1,1047.2,-79,-16.7,-301,1003,1,1.30,-0.83,1041,1,1.30,-0.83,1041
2026-05-09 15:36:31,1,1,1,977.7,-104,-14.6,-247,946,1,1.30,-0.83,1041,1,1.30,-0.83,1041
2026-05-09 15:36:31,1,1,1,902.4,-72,-12.8,-200,880,1,1.30,-0.83,1041,1,1.30,-0.83,1041
2026-05-09 15:36:31,1,1,1,902.4,-72,-12.8,-200,880,0,0.00,0.00,0,1,1.30,-0.83,1041
2026-05-09 15:36:31,1,1,1,823.5,-72,-11.5,-164,807,0,0.00,0.00,0,1,1.30,-0.83,1041
2026-05-09 15:36:31,1,1,1,823.5,-72,-11.5,-164,807,0,0.00,0.00,0,1,1.30,-0.83,1041
2026-05-09 15:36:31,1,1,1,742.0,-79,-10.3,-133,730,0,0.00,0.00,0,1,1.30,-0.83,1041
2026-05-09 15:36:31,1,1,1,742.0,-79,-10.3,-133,730,0,0.00,0.00,0,1,1.30,-0.83,1041
2026-05-09 15:36:32,1,1,1,664.7,-64,-9.3,-107,656,0,0.00,0.00,0,1,1.30,-0.83,1041
2026-05-09 15:36:32,1,1,1,664.7,-64,-9.3,-107,656,0,0.00,0.00,0,1,1.30,-0.83,1041
2026-05-09 15:36:32,1,1,1,587.8,-64,-8.7,-89,581,0,0.00,0.00,0,1,1.30,-0.83,1041
2026-05-09 15:36:32,1,1,1,522.3,-16,-7.4,-67,518,0,0.00,0.00,0,1,1.30,-0.83,1041
2026-05-09 15:36:32,1,1,1,522.3,-16,-7.4,-67,518,0,0.00,0.00,0,1,1.30,-0.83,1041
2026-05-09 15:36:32,1,1,1,465.4,16,-4.4,-36,464,0,0.00,0.00,0,0,0.00,0.00,0
2026-05-09 15:36:32,1,1,1,465.4,16,-4.4,-36,464,0,0.00,0.00,0,0,0.00,0.00,0
2026-05-09 15:36:32,1,1,1,432.0,24,-0.1,-1,432,0,0.00,0.00,0,0,0.00,0.00,0
2026-05-09 15:36:32,1,1,1,432.0,24,-0.1,-1,432,0,0.00,0.00,0,0,0.00,0.00,0
2026-05-09 15:36:32,1,1,1,407.4,48,4.8,34,406,0,0.00,0.00,0,0,0.00,0.00,0
2026-05-09 15:36:32,1,1,1,399.2,72,10.1,70,393,0,0.00,0.00,0,0,0.00,0.00,0
2026-05-09 15:36:32,1,1,1,399.2,72,10.1,70,393,0,0.00,0.00,0,0,0.00,0.00,0
2026-05-09 15:36:32,1,1,1,411.0,88,12.6,90,401,0,0.00,0.00,0,0,0.00,0.00,0
2026-05-09 15:36:32,1,1,1,411.0,88,12.6,90,401,0,0.00,0.00,0,0,0.00,0.00,0
2026-05-09 15:36:32,1,1,1,430.8,96,14.5,108,417,0,0.00,0.00,0,0,0.00,0.00,0
2026-05-09 15:36:32,1,1,1,430.8,96,14.5,108,417,0,0.00,0.00,0,0,0.00,0.00,0
2026-05-09 15:36:32,1,1,1,458.9,88,17.8,140,437,0,0.00,0.00,0,1,0.74,0.78,56168
2026-05-09 15:36:32,1,1,1,458.9,88,17.8,140,437,0,0.00,0.00,0,1,0.74,0.78,56168
2026-05-09 15:36:32,1,1,1,495.3,72,21.4,181,461,1,0.78,0.74,17481,1,0.78,0.74,17481
2026-05-09 15:36:32,1,1,1,540.2,72,24.4,223,492,1,0.78,0.74,17481,1,0.78,0.74,17481
2026-05-09 15:36:33,1,1,1,540.2,72,24.4,223,492,1,0.83,0.76,12589,1,0.83,0.76,12589
2026-05-09 15:36:33,1,1,1,592.6,88,26.6,265,530,1,0.83,0.76,12589,1,0.83,0.76,12589
2026-05-09 15:36:33,1,1,1,592.6,88,26.6,265,530,1,0.94,0.82,21757,1,0.94,0.82,21757
2026-05-09 15:36:33,1,1,1,655.4,112,27.9,307,579,1,0.94,0.82,21757,1,0.94,0.82,21757
2026-05-09 15:36:33,1,1,1,655.4,112,27.9,307,579,1,1.04,0.91,39569,1,1.04,0.91,39569
2026-05-09 15:36:33,1,1,1,727.3,128,28.9,351,637,1,1.04,0.91,39569,1,1.04,0.91,39569
2026-05-09 15:36:33,1,1,1,803.4,112,29.5,396,699,1,1.16,0.98,52357,1,1.16,0.98,52357
2026-05-09 15:36:33,1,1,1,803.4,112,29.5,396,699,1,1.16,0.98,52357,1,1.16,0.98,52357
2026-05-09 15:36:33,1,1,1,882.0,96,29.3,432,769,1,1.26,0.98,52357,1,1.26,0.98,52357
2026-05-09 15:36:33,1,1,1,882.0,96,29.3,432,769,1,1.26,0.98,52357,1,1.26,0.98,52357
2026-05-09 15:36:33,1,1,1,961.6,96,29.7,477,835,1,1.35,0.98,30564,1,1.35,0.98,30564
2026-05-09 15:36:33,1,1,1,961.6,96,29.7,477,835,1,1.35,0.98,30564,1,1.35,0.98,30564
2026-05-09 15:36:33,1,1,1,1042.1,96,30.4,527,899,1,1.45,0.98,30564,1,1.45,0.98,30564
2026-05-09 15:36:33,1,1,1,1042.1,96,30.4,527,899,1,1.45,0.98,30564,1,1.45,0.98,30564
2026-05-09 15:36:33,1,1,1,1125.2,112,30.9,577,966,1,1.45,0.98,30564,1,1.45,0.98,30564
2026-05-09 15:36:33,1,1,1,1211.5,119,31.2,628,1036,1,1.45,0.98,30564,1,1.45,0.98,30564
2026-05-09 15:36:33,1,1,1,1211.5,119,31.2,628,1036,1,1.45,0.98,30564,1,1.45,0.98,30564
2026-05-09 15:36:33,1,1,1,1300.5,119,31.1,671,1114,1,1.45,0.98,30564,1,1.45,0.98,30564
2026-05-09 15:36:33,1,1,1,1300.5,119,31.1,671,1114,1,1.45,0.98,30564,1,1.45,0.98,30564
2026-05-09 15:36:33,1,1,1,1391.0,104,31.3,722,1189,1,1.45,0.98,30564,1,1.45,0.98,30564
2026-05-09 15:36:34,1,1,1,1391.0,104,31.3,722,1189,1,1.99,0.97,11241,1,1.99,0.97,11241
2026-05-09 15:36:34,1,1,1,1477.0,96,31.4,769,1261,1,1.99,0.97,11241,1,1.99,0.97,11241
2026-05-09 15:36:34,1,1,1,1555.7,72,30.8,797,1336,1,2.09,0.97,11241,1,2.09,0.97,11241
2026-05-09 15:36:34,1,1,1,1555.7,72,30.8,797,1336,1,2.09,0.97,11241,1,2.09,0.97,11241
2026-05-09 15:36:34,1,1,1,1631.8,72,30.1,818,1412,1,2.09,0.97,11241,1,2.09,0.97,11241
2026-05-09 15:36:34,1,1,1,1631.8,72,30.1,818,1412,1,2.09,0.97,11241,1,2.09,0.97,11241
2026-05-09 15:36:34,1,1,1,1709.0,79,29.6,844,1486,1,2.09,0.97,11241,1,2.09,0.97,11241
2026-05-09 15:36:34,1,1,1,1709.0,79,29.6,844,1486,1,2.09,0.97,11241,1,2.09,0.97,11241
2026-05-09 15:36:34,1,1,1,1794.1,96,29.0,870,1569,1,2.09,0.97,11241,1,2.09,0.97,11241
2026-05-09 15:36:34,1,1,1,1794.1,96,29.0,870,1569,1,2.09,0.97,11241,1,2.09,0.97,11241
2026-05-09 15:36:34,1,1,1,1870.4,96,28.9,903,1638,1,2.09,0.97,11241,1,2.09,0.97,11241
2026-05-09 15:36:34,1,1,1,1943.3,56,29.1,945,1698,1,2.09,0.97,11241,1,2.09,0.97,11241
2026-05-09 15:36:34,1,1,1,1943.3,56,29.1,945,1698,1,2.09,0.97,11241,1,2.09,0.97,11241
2026-05-09 15:36:34,1,1,1,2000.6,39,29.4,982,1743,1,2.09,0.97,11241,1,2.09,0.97,11241
2026-05-09 15:36:34,1,1,1,2000.6,39,29.4,982,1743,1,2.09,0.97,11241,1,2.09,0.97,11241
2026-05-09 15:36:34,1,1,1,2069.0,16,29.3,1013,1804,1,0.00,0.00,0,0,0.00,0.00,0
2026-05-09 15:36:34,1,1,1,2069.0,16,29.3,1013,1804,1,0.00,0.00,0,0,0.00,0.00,0
2026-05-09 15:36:34,1,1,1,2136.9,0,29.9,1066,1852,1,0.00,0.00,0,0,0.00,0.00,0
2026-05-09 15:36:34,1,1,1,2200.4,-16,30.1,1103,1904,1,0.00,0.00,0,0,0.00,0.00,0
2026-05-09 15:36:34,1,1,1,2200.4,-16,30.1,1103,1904,1,0.00,0.00,0,0,0.00,0.00,0
2026-05-09 15:36:35,1,1,1,2258.7,-24,28.4,1074,1987,0,0.00,0.00,0,0,0.00,0.00,0
2026-05-09 15:36:35,1,1,1,2258.7,-24,28.4,1074,1987,0,0.00,0.00,0,0,0.00,0.00,0
2026-05-09 15:36:35,1,1,1,2288.8,-8,26.5,1022,2048,0,0.00,0.00,0,0,0.00,0.00,0
2026-05-09 15:36:35,1,1,1,2288.8,-8,26.5,1022,2048,0,0.00,0.00,0,0,0.00,0.00,0
2026-05-09 15:36:35,1,1,1,2281.6,-16,24.6,951,2074,0,0.00,0.00,0,0,0.00,0.00,0
2026-05-09 15:36:35,1,1,1,2281.6,-16,24.6,951,2074,0,0.00,0.00,0,0,0.00,0.00,0
2026-05-09 15:36:35,1,1,1,2279.4,0,23.0,891,2098,0,0.00,0.00,0,0,0.00,0.00,0
2026-05-09 15:36:35,1,1,1,2270.3,-8,21.2,820,2117,0,0.00,0.00,0,0,0.00,0.00,0
2026-05-09 15:36:35,1,1,1,2270.3,-8,21.2,820,2117,0,0.00,0.00,0,0,0.00,0.00,0
2026-05-09 15:36:35,1,1,1,2262.9,0,18.7,724,2144,0,0.00,0.00,0,0,0.00,0.00,0
2026-05-09 15:36:35,1,1,1,2262.9,0,18.7,724,2144,0,0.00,0.00,0,0,0.00,0.00,0
2026-05-09 15:36:35,1,1,1,2277.8,8,16.5,647,2184,0,0.00,0.00,0,0,0.00,0.00,0
2026-05-09 15:36:35,1,1,1,2277.8,8,16.5,647,2184,0,0.00,0.00,0,0,0.00,0.00,0
2026-05-09 15:36:35,1,1,1,2300.8,24,14.4,574,2228,0,0.00,0.00,0,0,0.00,0.00,0
2026-05-09 15:36:35,1,1,1,2345.6,-8,12.2,494,2293,0,0.00,0.00,0,0,0.00,0.00,0
2026-05-09 15:36:35,1,1,1,2345.6,-8,12.2,494,2293,0,0.00,0.00,0,0,0.00,0.00,0
2026-05-09 15:36:35,1,1,1,2442.2,0,9.0,383,2412,0,0.00,0.00,0,0,0.00,0.00,0
2026-05-09 15:36:35,1,1,1,2442.2,0,9.0,383,2412,0,0.00,0.00,0,0,0.00,0.00,0
2026-05-09 15:36:35,1,1,1,2563.5,0,5.7,253,2551,0,0.00,0.00,0,0,0.00,0.00,0
2026-05-09 15:36:35,1,1,1,2563.5,0,5.7,253,2551,0,0.00,0.00,0,0,0.00,0.00,0
2026-05-09 15:36:36,1,1,1,2673.4,0,2.9,134,2670,0,0.00,0.00,0,0,0.00,0.00,0
2026-05-09 15:36:36,1,1,1,2673.4,0,2.9,134,2670,0,0.00,0.00,0,0,0.00,0.00,0
2026-05-09 15:36:36,1,1,1,2761.1,0,0.5,24,2761,0,0.00,0.00,0,0,0.00,0.00,0
2026-05-09 15:36:36,1,1,1,2822.6,0,-1.2,-59,2822,0,0.00,0.00,0,0,0.00,0.00,0
2026-05-09 15:36:36,1,1,1,2822.6,0,-1.2,-59,2822,0,0.00,0.00,0,0,0.00,0.00,0
2026-05-09 15:36:36,1,1,1,2856.9,-79,-2.6,-129,2854,0,0.00,0.00,0,0,0.00,0.00,0
2026-05-09 15:36:36,1,1,1,2856.9,-79,-2.6,-129,2854,0,0.00,0.00,0,0,0.00,0.00,0
2026-05-09 15:36:36,1,1,1,2764.2,-104,-3.2,-153,2760,0,0.00,0.00,0,0,0.00,0.00,0
2026-05-09 15:36:36,1,1,1,2764.2,-104,-3.2,-153,2760,0,0.00,0.00,0,0,0.00,0.00,0
2026-05-09 15:36:36,1,1,1,2655.2,-96,-3.2,-149,2651,0,0.00,0.00,0,0,0.00,0.00,0
2026-05-09 15:36:36,1,1,1,2655.2,-96,-3.2,-149,2651,0,0.00,0.00,0,0,0.00,0.00,0
2026-05-09 15:36:36,1,1,1,2543.4,-79,-3.4,-150,2539,0,0.00,0.00,0,0,0.00,0.00,0
2026-05-09 15:36:36,1,1,1,2442.1,-64,-3.3,-142,2438,0,0.00,0.00,0,0,0.00,0.00,0
2026-05-09 15:36:36,1,1,1,2442.1,-64,-3.3,-142,2438,0,0.00,0.00,0,0,0.00,0.00,0
2026-05-09 15:36:36,1,1,1,2341.7,-88,-3.6,-148,2337,0,0.00,0.00,0,0,0.00,0.00,0
2026-05-09 15:36:36,1,1,1,2341.7,-88,-3.6,-148,2337,0,0.00,0.00,0,0,0.00,0.00,0
2026-05-09 15:36:36,1,1,1,2245.5,-112,-4.0,-157,2240,0,0.00,0.00,0,0,0.00,0.00,0
2026-05-09 15:36:36,1,1,1,2245.5,-112,-4.0,-157,2240,0,0.00,0.00,0,0,0.00,0.00,0
2026-05-09 15:36:36,1,1,1,2150.7,-119,-4.5,-170,2144,0,0.00,0.00,0,0,0.00,0.00,0
2026-05-09 15:36:36,1,1,1,2052.1,-119,-5.1,-182,2044,0,0.00,0.00,0,0,0.00,0.00,0
2026-05-09 15:36:37,1,1,1,2052.1,-119,-5.1,-182,2044,0,0.00,0.00,0,0,0.00,0.00,0
2026-05-09 15:36:37,1,1,1,1957.1,-79,-5.5,-188,1948,0,0.00,0.00,0,0,0.00,0.00,0
2026-05-09 15:36:37,1,1,1,1957.1,-79,-5.5,-188,1948,0,0.00,0.00,0,0,0.00,0.00,0
2026-05-09 15:36:37,1,1,1,1862.7,-104,-5.9,-190,1853,0,0.00,0.00,0,0,0.00,0.00,0
2026-05-09 15:36:37,1,1,1,1862.7,-104,-5.9,-190,1853,0,0.00,0.00,0,0,0.00,0.00,0
2026-05-09 15:36:37,1,1,1,1768.9,-104,-6.1,-187,1759,0,0.00,0.00,0,0,0.00,0.00,0
2026-05-09 15:36:37,1,1,1,1768.9,-104,-6.1,-187,1759,0,0.00,0.00,0,0,0.00,0.00,0
2026-05-09 15:36:37,1,1,1,1679.4,-112,-6.7,-195,1668,0,0.00,0.00,0,0,0.00,0.00,0
2026-05-09 15:36:37,1,1,1,1587.0,-112,-7.1,-195,1575,0,0.00,0.00,0,0,0.00,0.00,0
2026-05-09 15:36:37,1,1,1,1587.0,-112,-7.1,-195,1575,0,0.00,0.00,0,0,0.00,0.00,0
2026-05-09 15:36:37,1,1,1,1495.2,-119,-7.0,-183,1484,0,0.00,0.00,0,0,0.00,0.00,0
2026-05-09 15:36:37,1,1,1,1495.2,-119,-7.0,-183,1484,0,0.00,0.00,0,0,0.00,0.00,0
2026-05-09 15:36:37,1,1,1,1404.7,-96,-6.7,-165,1395,0,0.00,0.00,0,0,0.00,0.00,0
2026-05-09 15:36:37,1,1,1,1404.7,-96,-6.7,-165,1395,0,0.00,0.00,0,0,0.00,0.00,0
2026-05-09 15:36:37,1,1,1,1315.9,-79,-6.3,-144,1308,0,0.00,0.00,0,0,0.00,0.00,0
2026-05-09 15:36:37,1,1,1,1229.0,-88,-5.2,-111,1224,0,0.00,0.00,0,0,0.00,0.00,0
2026-05-09 15:36:37,1,1,1,1229.0,-88,-5.2,-111,1224,0,0.00,0.00,0,1,0.99,-0.72,7813
2026-05-09 15:36:37,1,1,1,1142.6,-79,-4.6,-91,1139,0,0.00,0.00,0,1,0.99,-0.72,7813
2026-05-09 15:36:37,1,1,1,1142.6,-79,-4.6,-91,1139,0,0.00,0.00,0,1,0.85,-0.80,136
2026-05-09 15:36:37,1,1,1,1055.9,-96,-3.5,-64,1054,0,0.00,0.00,0,1,0.85,-0.80,136
2026-05-09 15:36:38,1,1,1,1055.9,-96,-3.5,-64,1054,0,0.00,0.00,0,1,0.77,-0.80,136
2026-05-09 15:36:38,1,1,1,965.7,-96,-2.3,-38,965,0,0.00,0.00,0,1,0.77,-0.80,136
2026-05-09 15:36:38,1,1,1,965.7,-96,-2.3,-38,965,0,0.00,0.00,0,1,0.70,-0.85,14570
2026-05-09 15:36:38,1,1,1,889.0,-88,0.3,4,889,0,0.00,0.00,0,1,0.70,-0.85,14570
2026-05-09 15:36:38,1,1,1,818.3,-79,3.2,46,817,1,0.62,-0.82,56009,1,0.62,-0.82,56009
2026-05-09 15:36:38,1,1,1,818.3,-79,3.2,46,817,1,0.62,-0.82,56009,1,0.62,-0.82,56009
2026-05-09 15:36:38,1,1,1,751.0,-79,5.9,77,747,1,0.53,-0.82,56009,1,0.53,-0.82,56009
2026-05-09 15:36:38,1,1,1,751.0,-79,5.9,77,747,1,0.53,-0.82,56009,1,0.53,-0.82,56009
2026-05-09 15:36:38,1,1,1,685.4,-64,7.2,86,680,1,0.53,-0.82,56009,1,0.53,-0.82,56009
2026-05-09 15:36:38,1,1,1,685.4,-64,7.2,86,680,1,0.53,-0.82,56009,1,0.53,-0.82,56009
2026-05-09 15:36:38,1,1,1,619.7,-32,7.0,76,615,1,0.53,-0.82,56009,1,0.53,-0.82,56009
2026-05-09 15:36:38,1,1,1,550.0,-64,7.7,74,545,1,0.53,-0.82,56009,1,0.53,-0.82,56009
2026-05-09 15:36:38,1,1,1,550.0,-64,7.7,74,545,1,0.53,-0.82,56009,1,0.53,-0.82,56009
2026-05-09 15:36:38,1,1,1,496.8,-48,9.5,82,490,1,0.53,-0.82,56009,1,0.53,-0.82,56009
2026-05-09 15:36:38,1,1,1,496.8,-48,9.5,82,490,1,0.53,-0.82,56009,1,0.53,-0.82,56009
2026-05-09 15:36:38,1,1,1,448.5,-39,11.2,87,440,1,0.53,-0.82,56009,1,0.53,-0.82,56009
2026-05-09 15:36:38,1,1,1,448.5,-39,11.2,87,440,1,0.53,-0.82,56009,1,0.53,-0.82,56009
2026-05-09 15:36:38,1,1,1,412.6,16,11.0,79,405,1,0.53,-0.82,56009,1,0.53,-0.82,56009
2026-05-09 15:36:38,1,1,1,412.6,16,11.0,79,405,1,0.53,-0.82,56009,1,0.53,-0.82,56009
2026-05-09 15:36:38,1,1,1,387.8,88,8.0,54,384,1,0.00,0.00,0,0,0.00,0.00,0
2026-05-09 15:36:39,1,1,1,383.5,96,3.0,20,383,1,0.00,0.00,0,0,0.00,0.00,0
2026-05-09 15:36:39,1,1,1,383.5,96,3.0,20,383,1,0.00,0.00,0,0,0.00,0.00,0
2026-05-09 15:36:39,1,1,1,392.6,112,-3.2,-22,392,1,0.00,0.00,0,0,0.00,0.00,0
2026-05-09 15:36:39,1,1,1,392.6,112,-3.2,-22,392,1,0.00,0.00,0,0,0.00,0.00,0
2026-05-09 15:36:39,1,1,1,416.9,88,-8.8,-64,412,0,0.00,0.00,0,0,0.00,0.00,0
2026-05-09 15:36:39,1,1,1,416.9,88,-8.8,-64,412,0,0.00,0.00,0,0,0.00,0.00,0
2026-05-09 15:36:39,1,1,1,455.6,79,-12.9,-102,444,0,0.00,0.00,0,1,0.74,0.80,61472
2026-05-09 15:36:39,1,1,1,503.6,79,-16.0,-139,484,0,0.00,0.00,0,1,0.74,0.80,61472
2026-05-09 15:36:39,1,1,1,503.6,79,-16.0,-139,484,1,0.83,0.76,38873,1,0.83,0.76,38873
2026-05-09 15:36:39,1,1,1,559.1,79,-18.2,-175,531,1,0.83,0.76,38873,1,0.83,0.76,38873
2026-05-09 15:36:39,1,1,1,559.1,79,-18.2,-175,531,1,0.94,0.83,45317,1,0.94,0.83,45317
2026-05-09 15:36:39,1,1,1,624.0,96,-19.6,-209,588,1,0.94,0.83,45317,1,0.94,0.83,45317
2026-05-09 15:36:39,1,1,1,624.0,96,-19.6,-209,588,1,1.03,0.87,32417,1,1.03,0.87,32417
2026-05-09 15:36:39,1,1,1,694.8,104,-20.9,-248,649,1,1.03,0.87,32417,1,1.03,0.87,32417
2026-05-09 15:36:39,1,1,1,694.8,104,-20.9,-248,649,1,1.15,0.96,15904,1,1.15,0.96,15904
2026-05-09 15:36:39,1,1,1,770.5,119,-22.3,-292,713,1,1.15,0.96,15904,1,1.15,0.96,15904
2026-05-09 15:36:39,1,1,1,850.5,104,-23.5,-339,780,1,1.25,0.96,63944,1,1.25,0.96,63944
2026-05-09 15:36:39,1,1,1,850.5,104,-23.5,-339,780,1,1.25,0.96,63944,1,1.25,0.96,63944
2026-05-09 15:36:39,1,1,1,935.0,96,-24.2,-383,853,1,1.34,0.96,969,1,1.34,0.96,969
2026-05-09 15:36:39,1,1,1,935.0,96,-24.2,-383,853,1,1.34,0.96,969,1,1.34,0.96,969
2026-05-09 15:36:40,1,1,1,1022.8,112,-25.9,-447,920,1,1.45,0.97,63025,1,1.45,0.97,63025
2026-05-09 15:36:40,1,1,1,1022.8,112,-25.9,-447,920,1,1.45,0.97,63025,1,1.45,0.97,63025
2026-05-09 15:36:40,1,1,1,1110.0,79,-26.3,-492,995,1,1.55,0.97,55752,1,1.55,0.97,55752
2026-05-09 15:36:40,1,1,1,1192.3,104,-26.5,-532,1067,1,1.55,0.97,55752,1,1.55,0.97,55752
2026-05-09 15:36:40,1,1,1,1192.3,104,-26.5,-532,1067,1,1.66,0.98,44005,1,1.66,0.98,44005
2026-05-09 15:36:40,1,1,1,1286.6,104,-26.5,-575,1151,1,1.66,0.98,44005,1,1.66,0.98,44005
2026-05-09 15:36:40,1,1,1,1286.6,104,-26.5,-575,1151,1,1.76,0.99,54996,1,1.76,0.99,54996
2026-05-09 15:36:40,1,1,1,1377.0,104,-26.9,-623,1228,1,1.76,0.99,54996,1,1.76,0.99,54996
2026-05-09 15:36:40,1,1,1,1377.0,104,-26.9,-623,1228,1,1.86,0.99,13162,1,1.86,0.99,13162
2026-05-09 15:36:40,1,1,1,1464.2,96,-26.9,-662,1306,1,1.86,0.99,13162,1,1.86,0.99,13162
2026-05-09 15:36:40,1,1,1,1464.2,96,-26.9,-662,1306,1,1.96,0.99,13162,1,1.96,0.99,13162
2026-05-09 15:36:40,1,1,1,1548.7,79,-26.4,-689,1387,1,1.96,0.99,13162,1,1.96,0.99,13162
2026-05-09 15:36:40,1,1,1,1632.5,72,-25.9,-712,1469,1,2.04,0.95,9512,1,2.04,0.95,9512
2026-05-09 15:36:40,1,1,1,1632.5,72,-25.9,-712,1469,1,2.04,0.95,9512,1,2.04,0.95,9512
2026-05-09 15:36:40,1,1,1,1708.7,72,-25.4,-732,1544,1,2.13,0.95,9512,1,2.13,0.95,9512
2026-05-09 15:36:40,1,1,1,1708.7,72,-25.4,-732,1544,1,2.13,0.95,9512,1,2.13,0.95,9512
2026-05-09 15:36:40,1,1,1,1778.8,64,-24.5,-739,1618,1,2.13,0.95,9512,1,2.13,0.95,9512
2026-05-09 15:36:40,1,1,1,1778.8,64,-24.5,-739,1618,1,2.13,0.95,9512,1,2.13,0.95,9512
2026-05-09 15:36:40,1,1,1,1842.3,88,-23.9,-745,1685,1,2.13,0.95,9512,1,2.13,0.95,9512
2026-05-09 15:36:40,1,1,1,1842.3,88,-23.9,-745,1685,1,2.13,0.95,9512,1,2.13,0.95,9512
2026-05-09 15:36:41,1,1,1,1909.6,0,-23.3,-755,1754,1,2.30,0.72,22049,1,2.30,0.72,22049
2026-05-09 15:36:41,1,1,1,2090.9,0,-25.1,-888,1893,1,2.30,0.72,22049,1,2.30,0.72,22049
2026-05-09 15:36:41,1,1,1,2090.9,0,-25.1,-888,1893,1,2.37,0.72,22049,1,2.37,0.72,22049
2026-05-09 15:36:41,1,1,1,2265.6,48,-26.5,-1012,2027,1,2.37,0.72,22049,1,2.37,0.72,22049
2026-05-09 15:36:41,1,1,1,2265.6,48,-26.5,-1012,2027,1,2.37,0.72,22049,1,2.37,0.72,22049
2026-05-09 15:36:41,1,1,1,2294.9,32,-25.7,-997,2067,1,2.37,0.72,22049,1,2.37,0.72,22049
2026-05-09 15:36:41,1,1,1,2294.9,32,-25.7,-997,2067,1,2.37,0.72,22049,1,2.37,0.72,22049
2026-05-09 15:36:41,1,1,1,2317.5,0,-24.6,-965,2107,1,2.37,0.72,22049,1,2.37,0.72,22049
2026-05-09 15:36:41,1,1,1,2356.3,0,-23.9,-953,2155,1,2.37,0.72,22049,1,2.37,0.72,22049
2026-05-09 15:36:41,1,1,1,2356.3,0,-23.9,-953,2155,1,2.37,0.72,22049,1,2.37,0.72,22049
2026-05-09 15:36:41,1,1,1,2361.7,0,-23.1,-925,2173,1,2.37,0.72,22049,1,2.37,0.72,22049
2026-05-09 15:36:41,1,1,1,2361.7,0,-23.1,-925,2173,1,2.37,0.72,22049,1,2.37,0.72,22049
2026-05-09 15:36:41,1,1,1,2344.0,-32,-21.9,-874,2175,1,2.37,0.72,22049,1,2.37,0.72,22049
2026-05-09 15:36:41,1,1,1,2344.0,-32,-21.9,-874,2175,1,2.37,0.72,22049,1,2.37,0.72,22049
2026-05-09 15:36:41,1,1,1,2315.6,-32,-20.2,-800,2173,1,2.37,0.72,22049,1,2.37,0.72,22049
2026-05-09 15:36:41,1,1,1,2315.6,-32,-20.2,-800,2173,1,0.00,0.00,0,0,0.00,0.00,0
2026-05-09 15:36:41,1,1,1,2294.2,0,-18.2,-718,2179,1,0.00,0.00,0,0,0.00,0.00,0
2026-05-09 15:36:41,1,1,1,2397.6,0,-15.5,-642,2310,1,0.00,0.00,0,0,0.00,0.00,0
2026-05-09 15:36:41,1,1,1,2397.6,0,-15.5,-642,2310,1,0.00,0.00,0,0,0.00,0.00,0
2026-05-09 15:36:41,1,1,1,2492.9,-8,-13.0,-561,2429,1,0.00,0.00,0,0,0.00,0.00,0
2026-05-09 15:36:42,1,1,1,2492.9,-8,-13.0,-561,2429,0,0.00,0.00,0,0,0.00,0.00,0
2026-05-09 15:36:42,1,1,1,2539.5,0,-11.0,-484,2493,0,0.00,0.00,0,0,0.00,0.00,0
2026-05-09 15:36:42,1,1,1,2539.5,0,-11.0,-484,2493,0,0.00,0.00,0,0,0.00,0.00,0
2026-05-09 15:36:42,1,1,1,2530.0,8,-9.3,-407,2497,0,0.00,0.00,0,0,0.00,0.00,0
2026-05-09 15:36:42,1,1,1,2520.6,0,-7.7,-337,2498,0,0.00,0.00,0,0,0.00,0.00,0
2026-05-09 15:36:42,1,1,1,2520.6,0,-7.7,-337,2498,0,0.00,0.00,0,0,0.00,0.00,0
2026-05-09 15:36:42,1,1,1,2467.9,24,-6.1,-262,2454,0,0.00,0.00,0,0,0.00,0.00,0
2026-05-09 15:36:42,1,1,1,2467.9,24,-6.1,-262,2454,0,0.00,0.00,0,0,0.00,0.00,0
2026-05-09 15:36:42,1,1,1,2431.4,-8,-4.5,-189,2424,0,0.00,0.00,0,0,0.00,0.00,0
2026-05-09 15:36:42,1,1,1,2431.4,-8,-4.5,-189,2424,0,0.00,0.00,0,0,0.00,0.00,0
2026-05-09 15:36:42,1,1,1,2389.2,16,-3.4,-142,2385,0,0.00,0.00,0,0,0.00,0.00,0
2026-05-09 15:36:42,1,1,1,2389.2,16,-3.4,-142,2385,0,0.00,0.00,0,0,0.00,0.00,0
2026-05-09 15:36:42,1,1,1,2348.6,-24,-2.1,-87,2347,0,0.00,0.00,0,0,0.00,0.00,0
2026-05-09 15:36:42,1,1,1,2310.1,-56,-0.6,-24,2310,0,0.00,0.00,0,0,0.00,0.00,0
2026-05-09 15:36:42,1,1,1,2310.1,-56,-0.6,-24,2310,0,0.00,0.00,0,0,0.00,0.00,0
2026-05-09 15:36:42,1,1,1,2270.5,-72,1.2,46,2270,0,0.00,0.00,0,0,0.00,0.00,0
2026-05-09 15:36:42,1,1,1,2270.5,-72,1.2,46,2270,0,0.00,0.00,0,1,2.24,-0.90,22688
2026-05-09 15:36:42,1,1,1,2233.2,-104,2.6,100,2231,0,0.00,0.00,0,1,2.24,-0.90,22688
2026-05-09 15:36:42,1,1,1,2233.2,-104,2.6,100,2231,1,2.15,-0.90,22688,1,2.15,-0.90,22688
2026-05-09 15:36:42,1,1,1,2186.2,-104,3.6,136,2182,1,2.15,-0.90,22688,1,2.15,-0.90,22688
2026-05-09 15:36:43,1,1,1,2130.8,-72,4.2,157,2125,1,2.15,-0.90,22688,1,2.15,-0.90,22688
2026-05-09 15:36:43,1,1,1,2130.8,-72,4.2,157,2125,1,2.15,-0.90,22688,1,2.15,-0.90,22688
2026-05-09 15:36:43,1,1,1,2066.4,-79,5.2,186,2058,1,2.15,-0.90,22688,1,2.15,-0.90,22688
2026-05-09 15:36:43,1,1,1,2066.4,-79,5.2,186,2058,1,2.15,-0.90,22688,1,2.15,-0.90,22688
2026-05-09 15:36:43,1,1,1,2002.9,-79,5.7,199,1993,1,2.15,-0.90,22688,1,2.15,-0.90,22688
2026-05-09 15:36:43,1,1,1,2002.9,-79,5.7,199,1993,1,2.15,-0.90,22688,1,2.15,-0.90,22688
2026-05-09 15:36:43,1,1,1,1938.1,-88,6.7,225,1925,1,2.15,-0.90,22688,1,2.15,-0.90,22688
2026-05-09 15:36:43,1,1,1,1938.1,-88,6.7,225,1925,1,2.15,-0.90,22688,1,2.15,-0.90,22688
2026-05-09 15:36:43,1,1,1,1857.8,-96,7.7,249,1841,1,1.58,-0.95,42633,1,1.58,-0.95,42633
2026-05-09 15:36:43,1,1,1,1781.0,-119,8.6,266,1761,1,1.58,-0.95,42633,1,1.58,-0.95,42633
2026-05-09 15:36:43,1,1,1,1781.0,-119,8.6,266,1761,1,1.49,-0.95,42633,1,1.49,-0.95,42633
2026-05-09 15:36:43,1,1,1,1705.3,-112,9.3,275,1683,1,1.49,-0.95,42633,1,1.49,-0.95,42633
2026-05-09 15:36:43,1,1,1,1705.3,-112,9.3,275,1683,1,1.44,-0.95,50777,1,1.44,-0.95,50777
2026-05-09 15:36:43,1,1,1,1626.8,-96,9.8,277,1603,1,1.44,-0.95,50777,1,1.44,-0.95,50777
2026-05-09 15:36:43,1,1,1,1626.8,-96,9.8,277,1603,1,1.35,-0.95,50777,1,1.35,-0.95,50777
2026-05-09 15:36:43,1,1,1,1550.0,-88,10.3,277,1525,1,1.35,-0.95,50777,1,1.35,-0.95,50777
2026-05-09 15:36:43,1,1,1,1466.9,-96,10.6,269,1442,1,1.25,-0.95,22432,1,1.25,-0.95,22432
2026-05-09 15:36:43,1,1,1,1466.9,-96,10.6,269,1442,1,1.25,-0.95,22432,1,1.25,-0.95,22432
2026-05-09 15:36:43,1,1,1,1388.3,-96,11.0,264,1363,1,1.15,-0.95,22432,1,1.15,-0.95,22432
2026-05-09 15:36:43,1,1,1,1388.3,-96,11.0,264,1363,1,1.15,-0.95,22432,1,1.15,-0.95,22432
2026-05-09 15:36:44,1,1,1,1313.0,-104,11.2,255,1288,1,1.72,-0.51,4250,1,1.72,-0.51,4250
2026-05-09 15:36:44,1,1,1,1313.0,-104,11.2,255,1288,1,1.72,-0.51,4250,1,1.72,-0.51,4250
2026-05-09 15:36:44,1,1,1,1232.8,-112,11.3,241,1209,1,1.67,-0.51,4250,1,1.67,-0.51,4250
2026-05-09 15:36:44,1,1,1,1232.8,-112,11.3,241,1209,1,1.67,-0.51,4250,1,1.67,-0.51,4250
2026-05-09 15:36:44,1,1,1,1159.0,-88,11.2,225,1137,1,1.67,-0.51,4250,1,1.67,-0.51,4250
2026-05-09 15:36:44,1,1,1,1081.8,-72,11.0,206,1062,1,1.67,-0.51,4250,1,1.67,-0.51,4250
2026-05-09 15:36:44,1,1,1,1081.8,-72,11.0,206,1062,1,1.67,-0.51,4250,1,1.67,-0.51,4250
2026-05-09 15:36:44,1,1,1,1008.4,-64,11.0,192,990,1,1.67,-0.51,4250,1,1.67,-0.51,4250
2026-05-09 15:36:44,1,1,1,1008.4,-64,11.0,192,990,1,0.74,-0.68,52793,1,0.74,-0.68,52793
2026-05-09 15:36:44,1,1,1,938.3,-64,10.7,174,922,1,0.74,-0.68,52793,1,0.74,-0.68,52793
2026-05-09 15:36:44,1,1,1,938.3,-64,10.7,174,922,1,0.68,-0.68,52793,1,0.68,-0.68,52793
2026-05-09 15:36:44,1,1,1,865.9,-64,11.0,165,850,1,0.68,-0.68,52793,1,0.68,-0.68,52793
2026-05-09 15:36:44,1,1,1,776.2,-56,11.7,158,760,1,0.56,-0.70,56744,1,0.56,-0.70,56744
2026-05-09 15:36:44,1,1,1,776.2,-56,11.7,158,760,1,0.56,-0.70,56744,1,0.56,-0.70,56744
2026-05-09 15:36:44,1,1,1,698.4,-48,12.1,146,683,1,0.49,-0.70,56744,1,0.49,-0.70,56744
2026-05-09 15:36:44,1,1,1,698.4,-48,12.1,146,683,1,0.49,-0.70,56744,1,0.49,-0.70,56744
2026-05-09 15:36:44,1,1,1,634.8,-72,10.1,111,625,1,0.49,-0.70,56744,1,0.49,-0.70,56744
2026-05-09 15:36:44,1,1,1,634.8,-72,10.1,111,625,1,0.49,-0.70,56744,1,0.49,-0.70,56744
2026-05-09 15:36:44,1,1,1,582.8,-32,8.8,89,576,1,0.49,-0.70,56744,1,0.49,-0.70,56744
2026-05-09 15:36:44,1,1,1,582.8,-32,8.8,89,576,1,0.49,-0.70,56744,1,0.49,-0.70,56744
2026-05-09 15:36:45,1,1,1,529.5,-88,5.5,51,527,1,0.49,-0.70,56744,1,0.49,-0.70,56744
2026-05-09 15:36:45,1,1,1,480.2,-88,1.8,15,480,1,0.49,-0.70,56744,1,0.49,-0.70,56744
2026-05-09 15:36:45,1,1,1,480.2,-88,1.8,15,480,1,0.49,-0.70,56744,1,0.49,-0.70,56744
2026-05-09 15:36:45,1,1,1,434.1,-79,-1.2,-9,434,1,0.49,-0.70,56744,1,0.49,-0.70,56744
2026-05-09 15:36:45,1,1,1,434.1,-79,-1.2,-9,434,1,0.49,-0.70,56744,1,0.49,-0.70,56744
2026-05-09 15:36:45,1,1,1,401.3,-8,-2.3,-16,401,1,0.49,-0.70,56744,1,0.49,-0.70,56744
2026-05-09 15:36:45,1,1,1,401.3,-8,-2.3,-16,401,1,0.49,-0.70,56744,1,0.49,-0.70,56744
2026-05-09 15:36:45,1,1,1,372.0,48,0.0,0,372,1,0.00,0.00,0,0,0.00,0.00,0
2026-05-09 15:36:45,1,1,1,372.0,48,0.0,0,372,1,0.00,0.00,0,0,0.00,0.00,0
2026-05-09 15:36:45,1,1,1,352.2,64,4.7,29,351,1,0.00,0.00,0,0,0.00,0.00,0
2026-05-09 15:36:45,1,1,1,343.0,64,10.8,64,337,1,0.00,0.00,0,0,0.00,0.00,0
2026-05-09 15:36:45,1,1,1,343.0,64,10.8,64,337,1,0.00,0.00,0,0,0.00,0.00,0
2026-05-09 15:36:45,1,1,1,348.3,56,13.3,80,339,1,0.50,0.71,20370,1,0.50,0.71,20370
2026-05-09 15:36:45,1,1,1,348.3,56,13.3,80,339,1,0.50,0.71,20370,1,0.50,0.71,20370
2026-05-09 15:36:45,1,1,1,359.4,56,9.9,62,354,1,0.54,0.83,56850,1,0.54,0.83,56850
2026-05-09 15:36:45,1,1,1,359.4,56,9.9,62,354,1,0.54,0.83,56850,1,0.54,0.83,56850
2026-05-09 15:36:45,1,1,1,374.1,96,8.5,55,370,1,0.62,0.83,56850,1,0.62,0.83,56850
2026-05-09 15:36:45,1,1,1,396.7,72,12.7,87,387,1,0.62,0.83,56850,1,0.62,0.83,56850
2026-05-09 15:36:45,1,1,1,396.7,72,12.7,87,387,1,0.72,0.81,61861,1,0.72,0.81,61861
2026-05-09 15:36:45,1,1,1,417.7,79,14.7,106,404,1,0.72,0.81,61861,1,0.72,0.81,61861
2026-05-09 15:36:46,1,1,1,417.7,79,14.7,106,404,1,0.80,0.81,61861,1,0.80,0.81,61861
2026-05-09 15:36:46,1,1,1,461.5,79,11.6,93,452,1,0.80,0.81,61861,1,0.80,0.81,61861
2026-05-09 15:36:46,1,1,1,461.5,79,11.6,93,452,1,0.85,0.80,28960,1,0.85,0.80,28960
2026-05-09 15:36:46,1,1,1,523.2,88,7.2,66,519,1,0.85,0.80,28960,1,0.85,0.80,28960
2026-05-09 15:36:46,1,1,1,523.2,88,7.2,66,519,1,0.96,0.85,57117,1,0.96,0.85,57117
2026-05-09 15:36:46,1,1,1,599.1,104,3.5,37,598,1,0.96,0.85,57117,1,0.96,0.85,57117
2026-05-09 15:36:46,1,1,1,643.5,119,2.2,25,643,1,1.04,0.85,57117,1,1.04,0.85,57117
2026-05-09 15:36:46,1,1,1,643.5,119,2.2,25,643,1,1.04,0.85,57117,1,1.04,0.85,57117
2026-05-09 15:36:46,1,1,1,691.1,104,0.9,11,691,1,1.04,0.85,57117,1,1.04,0.85,57117
2026-05-09 15:36:46,1,1,1,691.1,104,0.9,11,691,1,1.04,0.85,57117,1,1.04,0.85,57117
2026-05-09 15:36:46,1,1,1,744.1,79,-1.0,-13,744,1,1.04,0.85,57117,1,1.04,0.85,57117
2026-05-09 15:36:46,1,1,1,744.1,79,-1.0,-13,744,1,1.04,0.85,57117,1,1.04,0.85,57117
2026-05-09 15:36:46,1,1,1,851.2,96,-3.0,-45,850,1,1.04,0.85,57117,1,1.04,0.85,57117
2026-05-09 15:36:46,1,1,1,951.9,96,-3.6,-60,950,1,1.04,0.85,57117,1,1.04,0.85,57117
2026-05-09 15:36:46,1,1,1,951.9,96,-3.6,-60,950,1,1.04,0.85,57117,1,1.04,0.85,57117
2026-05-09 15:36:46,1,1,1,1048.8,96,-4.2,-76,1046,1,1.04,0.85,57117,1,1.04,0.85,57117
2026-05-09 15:36:46,1,1,1,1048.8,96,-4.2,-76,1046,1,1.04,0.85,57117,1,1.04,0.85,57117
2026-05-09 15:36:46,1,1,1,1142.0,119,-4.8,-95,1138,1,1.04,0.85,57117,1,1.04,0.85,57117
2026-05-09 15:36:46,1,1,1,1142.0,119,-4.8,-95,1138,1,1.04,0.85,57117,1,1.04,0.85,57117
2026-05-09 15:36:46,1,1,1,1239.1,119,-4.7,-101,1235,1,0.00,0.00,0,0,0.00,0.00,0
2026-05-09 15:36:47,1,1,1,1239.1,119,-4.7,-101,1235,1,0.00,0.00,0,0,0.00,0.00,0
2026-05-09 15:36:47,1,1,1,1338.5,104,-4.7,-110,1334,1,0.00,0.00,0,0,0.00,0.00,0
2026-05-09 15:36:47,1,1,1,1438.9,104,-5.2,-130,1433,1,0.00,0.00,0,0,0.00,0.00,0
2026-05-09 15:36:47,1,1,1,1438.9,104,-5.2,-130,1433,1,0.00,0.00,0,0,0.00,0.00,0
2026-05-09 15:36:47,1,1,1,1534.8,104,-5.4,-144,1528,1,2.02,0.96,37393,1,2.02,0.96,37393
2026-05-09 15:36:47,1,1,1,1534.8,104,-5.4,-144,1528,1,2.02,0.96,37393,1,2.02,0.96,37393
2026-05-09 15:36:47,1,1,1,1631.1,104,-5.3,-152,1624,1,2.18,0.98,48850,1,2.18,0.98,48850
2026-05-09 15:36:47,1,1,1,1631.1,104,-5.3,-152,1624,1,2.18,0.98,48850,1,2.18,0.98,48850
2026-05-09 15:36:47,1,1,1,1723.4,96,-5.3,-160,1716,1,2.28,0.98,48850,1,2.28,0.98,48850
2026-05-09 15:36:47,1,1,1,1816.8,104,-5.7,-179,1808,1,2.28,0.98,48850,1,2.28,0.98,48850
2026-05-09 15:36:47,1,1,1,1816.8,104,-5.7,-179,1808,1,2.28,0.98,48850,1,2.28,0.98,48850
2026-05-09 15:36:47,1,1,1,1907.9,104,-5.5,-184,1899,1,2.28,0.98,48850,1,2.28,0.98,48850
2026-05-09 15:36:47,1,1,1,1907.9,104,-5.5,-184,1899,1,2.28,0.98,48850,1,2.28,0.98,48850
2026-05-09 15:36:47,1,1,1,1987.2,56,-4.9,-169,1980,1,2.28,0.98,48850,1,2.28,0.98,48850
2026-05-09 15:36:47,1,1,1,1987.2,56,-4.9,-169,1980,1,1.29,0.03,538,1,1.29,0.03,538
2026-05-09 15:36:47,1,1,1,2063.1,56,-4.0,-145,2058,1,1.29,0.03,538,1,1.29,0.03,538
2026-05-09 15:36:47,1,1,1,2063.1,56,-4.0,-145,2058,1,1.30,0.03,538,1,1.30,0.03,538
2026-05-09 15:36:47,1,1,1,2135.3,48,-3.2,-119,2132,1,1.30,0.03,538,1,1.30,0.03,538
2026-05-09 15:36:47,1,1,1,2214.2,0,-2.6,-99,2212,1,1.27,0.01,333,1,1.27,0.01,333
2026-05-09 15:36:47,1,1,1,2214.2,0,-2.6,-99,2212,0,0.00,0.00,0,1,1.27,0.01,333
2026-05-09 15:36:48,1,1,1,2361.4,0,-3.1,-127,2358,0,0.00,0.00,0,1,1.27,0.01,333
2026-05-09 15:36:48,1,1,1,2361.4,0,-3.1,-127,2358,0,0.00,0.00,0,1,1.27,0.01,333
2026-05-09 15:36:48,1,1,1,2506.1,0,-4.0,-175,2500,0,0.00,0.00,0,1,1.27,0.01,333
2026-05-09 15:36:48,1,1,1,2506.1,0,-4.0,-175,2500,0,0.00,0.00,0,1,1.27,0.01,333
2026-05-09 15:36:48,1,1,1,2633.2,0,-4.8,-220,2624,0,0.00,0.00,0,1,1.27,0.01,333
2026-05-09 15:36:48,1,1,1,2735.8,0,-5.1,-243,2725,0,0.00,0.00,0,1,1.27,0.01,333
2026-05-09 15:36:48,1,1,1,2735.8,0,-5.1,-243,2725,0,0.00,0.00,0,1,1.27,0.01,333
2026-05-09 15:36:48,1,1,1,2793.6,-48,-4.8,-232,2784,0,0.00,0.00,0,1,1.27,0.01,333
2026-05-09 15:36:48,1,1,1,2793.6,-48,-4.8,-232,2784,0,0.00,0.00,0,1,1.27,0.01,333
2026-05-09 15:36:48,1,1,1,2750.8,0,-3.4,-163,2746,0,0.00,0.00,0,1,1.27,0.01,333
2026-05-09 15:36:48,1,1,1,2750.8,0,-3.4,-163,2746,0,0.00,0.00,0,1,1.27,0.01,333
2026-05-09 15:36:48,1,1,1,2691.5,-48,-1.9,-89,2690,0,0.00,0.00,0,1,1.27,0.01,333
2026-05-09 15:36:48,1,1,1,2691.5,-48,-1.9,-89,2690,0,0.00,0.00,0,1,1.27,0.01,333
2026-05-09 15:36:48,1,1,1,2626.0,-72,-0.3,-13,2626,0,0.00,0.00,0,0,0.00,0.00,0
2026-05-09 15:36:48,1,1,1,2561.4,-79,1.0,44,2561,0,0.00,0.00,0,0,0.00,0.00,0
2026-05-09 15:36:48,1,1,1,2561.4,-79,1.0,44,2561,0,0.00,0.00,0,0,0.00,0.00,0
2026-05-09 15:36:48,1,1,1,2499.5,-64,2.0,86,2498,0,0.00,0.00,0,0,0.00,0.00,0
2026-05-09 15:36:48,1,1,1,2499.5,-64,2.0,86,2498,0,0.00,0.00,0,0,0.00,0.00,0
2026-05-09 15:36:48,1,1,1,2439.6,-56,3.1,133,2436,0,0.00,0.00,0,0,0.00,0.00,0
2026-05-09 15:36:48,1,1,1,2439.6,-56,3.1,133,2436,0,0.00,0.00,0,0,0.00,0.00,0
2026-05-09 15:36:49,1,1,1,2375.5,-72,3.9,162,2370,0,0.00,0.00,0,0,0.00,0.00,0
2026-05-09 15:36:49,1,1,1,2324.2,-56,4.5,183,2317,0,0.00,0.00,0,0,0.00,0.00,0
2026-05-09 15:36:49,1,1,1,2324.2,-56,4.5,183,2317,0,0.00,0.00,0,0,0.00,0.00,0
2026-05-09 15:36:49,1,1,1,2275.0,-64,5.6,223,2264,0,0.00,0.00,0,0,0.00,0.00,0
2026-05-09 15:36:49,1,1,1,2275.0,-64,5.6,223,2264,0,0.00,0.00,0,0,0.00,0.00,0
2026-05-09 15:36:49,1,1,1,2216.8,-39,6.6,256,2202,0,0.00,0.00,0,0,0.00,0.00,0
2026-05-09 15:36:49,1,1,1,2216.8,-39,6.6,256,2202,0,0.00,0.00,0,0,0.00,0.00,0
2026-05-09 15:36:49,1,1,1,2159.7,-79,7.9,298,2139,0,0.00,0.00,0,0,0.00,0.00,0
2026-05-09 15:36:49,1,1,1,2159.7,-79,7.9,298,2139,0,0.00,0.00,0,1,2.05,-0.59,54500
2026-05-09 15:36:49,1,1,1,2101.5,-72,9.4,345,2073,0,0.00,0.00,0,1,2.05,-0.59,54500
2026-05-09 15:36:49,1,1,1,2041.0,-64,11.1,392,2003,1,1.99,-0.61,64929,1,1.99,-0.61,64929
2026-05-09 15:36:49,1,1,1,2041.0,-64,11.1,392,2003,1,1.99,-0.61,64929,1,1.99,-0.61,64929
2026-05-09 15:36:49,1,1,1,1985.9,-64,12.7,438,1937,1,1.89,-0.65,1906,1,1.89,-0.65,1906
2026-05-09 15:36:49,1,1,1,1985.9,-64,12.7,438,1937,1,1.89,-0.65,1906,1,1.89,-0.65,1906
2026-05-09 15:36:49,1,1,1,1933.3,-79,14.5,483,1872,1,1.83,-0.65,1906,1,1.83,-0.65,1906
2026-05-09 15:36:49,1,1,1,1933.3,-79,14.5,483,1872,1,1.83,-0.65,1906,1,1.83,-0.65,1906
2026-05-09 15:36:49,1,1,1,1872.5,-88,16.0,516,1800,1,1.83,-0.65,1906,1,1.83,-0.65,1906
2026-05-09 15:36:49,1,1,1,1872.5,-88,16.0,516,1800,0,0.00,0.00,0,1,1.83,-0.65,1906
2026-05-09 15:36:49,1,1,1,1812.5,-104,17.1,534,1732,0,0.00,0.00,0,1,1.83,-0.65,1906
2026-05-09 15:36:49,1,1,1,1753.9,-96,17.2,520,1675,0,0.00,0.00,0,1,1.83,-0.65,1906
2026-05-09 15:36:50,1,1,1,1753.9,-96,17.2,520,1675,0,0.00,0.00,0,1,1.83,-0.65,1906
2026-05-09 15:36:50,1,1,1,1683.7,-79,17.7,512,1604,0,0.00,0.00,0,1,1.83,-0.65,1906
2026-05-09 15:36:50,1,1,1,1683.7,-79,17.7,512,1604,0,0.00,0.00,0,1,1.83,-0.65,1906
2026-05-09 15:36:50,1,1,1,1616.3,-72,18.0,500,1537,0,0.00,0.00,0,1,1.83,-0.65,1906
2026-05-09 15:36:50,1,1,1,1616.3,-72,18.0,500,1537,0,0.00,0.00,0,1,1.83,-0.65,1906
2026-05-09 15:36:50,1,1,1,1547.0,-79,18.3,485,1469,0,0.00,0.00,0,1,1.83,-0.65,1906
2026-05-09 15:36:50,1,1,1,1477.5,-88,19.1,484,1396,0,0.00,0.00,0,1,1.83,-0.65,1906
2026-05-09 15:36:50,1,1,1,1477.5,-88,19.1,484,1396,0,0.00,0.00,0,0,0.00,0.00,0
2026-05-09 15:36:50,1,1,1,1410.4,-96,19.7,475,1328,0,0.00,0.00,0,0,0.00,0.00,0
2026-05-09 15:36:50,1,1,1,1410.4,-96,19.7,475,1328,0,0.00,0.00,0,0,0.00,0.00,0
2026-05-09 15:36:50,1,1,1,1333.8,-112,20.5,468,1249,0,0.00,0.00,0,0,0.00,0.00,0
2026-05-09 15:36:50,1,1,1,1333.8,-112,20.5,468,1249,0,0.00,0.00,0,0,0.00,0.00,0
2026-05-09 15:36:50,1,1,1,1249.0,-104,21.3,453,1164,0,0.00,0.00,0,1,1.00,-0.72,24249
2026-05-09 15:36:50,1,1,1,1249.0,-104,21.3,453,1164,0,0.00,0.00,0,1,1.00,-0.72,24249
2026-05-09 15:36:50,1,1,1,1169.4,-88,21.1,421,1091,1,0.93,-0.72,24249,1,0.93,-0.72,24249
2026-05-09 15:36:50,1,1,1,1096.3,-72,20.8,389,1025,1,0.93,-0.72,24249,1,0.93,-0.72,24249
2026-05-09 15:36:50,1,1,1,1096.3,-72,20.8,389,1025,1,0.93,-0.72,24249,1,0.93,-0.72,24249
2026-05-09 15:36:50,1,1,1,1021.5,-72,20.6,360,956,1,0.93,-0.72,24249,1,0.93,-0.72,24249
2026-05-09 15:36:50,1,1,1,1021.5,-72,20.6,360,956,1,0.93,-0.72,24249,1,0.93,-0.72,24249
2026-05-09 15:36:50,1,1,1,952.9,-56,20.1,327,895,1,0.93,-0.72,24249,1,0.93,-0.72,24249
2026-05-09 15:36:51,1,1,1,952.9,-56,20.1,327,895,1,0.93,-0.72,24249,1,0.93,-0.72,24249
2026-05-09 15:36:51,1,1,1,884.0,-56,19.6,296,833,1,0.93,-0.72,24249,1,0.93,-0.72,24249
2026-05-09 15:36:51,1,1,1,816.8,-48,18.2,255,776,1,0.93,-0.72,24249,1,0.93,-0.72,24249
2026-05-09 15:36:51,1,1,1,816.8,-48,18.2,255,776,1,0.93,-0.72,24249,1,0.93,-0.72,24249
2026-05-09 15:36:51,1,1,1,758.8,-48,17.4,227,724,1,0.93,-0.72,24249,1,0.93,-0.72,24249
2026-05-09 15:36:51,1,1,1,758.8,-48,17.4,227,724,1,0.93,-0.72,24249,1,0.93,-0.72,24249
2026-05-09 15:36:51,1,1,1,704.7,-8,15.2,185,680,1,0.93,-0.72,24249,1,0.93,-0.72,24249
2026-05-09 15:36:51,1,1,1,704.7,-8,15.2,185,680,1,0.00,0.00,0,0,0.00,0.00,0
2026-05-09 15:36:51,1,1,1,656.2,0,12.0,136,642,1,0.00,0.00,0,0,0.00,0.00,0
2026-05-09 15:36:51,1,1,1,656.2,0,12.0,136,642,1,0.00,0.00,0,0,0.00,0.00,0
2026-05-09 15:36:51,1,1,1,605.5,-39,9.0,95,598,1,0.53,0.22,28724,1,0.53,0.22,28724
2026-05-09 15:36:51,1,1,1,556.6,0,5.6,54,554,1,0.53,0.22,28724,1,0.53,0.22,28724
2026-05-09 15:36:51,1,1,1,556.6,0,5.6,54,554,1,0.55,0.22,28724,1,0.55,0.22,28724
2026-05-09 15:36:51,1,1,1,510.0,39,0.3,3,510,1,0.55,0.22,28724,1,0.55,0.22,28724
2026-05-09 15:36:51,1,1,1,510.0,39,0.3,3,510,1,0.55,0.22,28724,1,0.55,0.22,28724
2026-05-09 15:36:51,1,1,1,499.8,39,-6.1,-53,497,1,0.55,0.22,28724,1,0.55,0.22,28724
2026-05-09 15:36:51,1,1,1,499.8,39,-6.1,-53,497,1,0.55,0.22,28724,1,0.55,0.22,28724
2026-05-09 15:36:51,1,1,1,510.7,39,-12.8,-113,498,1,0.55,0.22,28724,1,0.55,0.22,28724
2026-05-09 15:36:51,1,1,1,533.2,48,-19.0,-174,504,1,3.15,0.02,2600,1,3.15,0.02,2600
2026-05-09 15:36:51,1,1,1,533.2,48,-19.0,-174,504,1,3.15,0.02,2600,1,3.15,0.02,2600
2026-05-09 15:36:52,1,1,1,564.3,64,-24.6,-235,513,1,1.99,0.21,63113,1,1.99,0.21,63113
2026-05-09 15:36:52,1,1,1,564.3,64,-24.6,-235,513,1,1.99,0.21,63113,1,1.99,0.21,63113
2026-05-09 15:36:52,1,1,1,602.0,64,-28.9,-291,527,1,2.01,0.21,63113,1,2.01,0.21,63113
2026-05-09 15:36:52,1,1,1,602.0,64,-28.9,-291,527,1,2.01,0.21,63113,1,2.01,0.21,63113
2026-05-09 15:36:52,1,1,1,645.7,72,-31.3,-335,552,1,2.01,0.21,63113,1,2.01,0.21,63113
2026-05-09 15:36:52,1,1,1,645.7,72,-31.3,-335,552,1,2.01,0.21,63113,1,2.01,0.21,63113
2026-05-09 15:36:52,1,1,1,700.6,88,-34.1,-393,580,1,2.01,0.21,63113,1,2.01,0.21,63113
2026-05-09 15:36:52,1,1,1,759.3,88,-34.9,-434,623,1,2.01,0.21,63113,1,2.01,0.21,63113
2026-05-09 15:36:52,1,1,1,759.3,88,-34.9,-434,623,1,1.03,0.76,4186,1,1.03,0.76,4186
2026-05-09 15:36:52,1,1,1,815.4,72,-33.2,-447,682,1,1.03,0.76,4186,1,1.03,0.76,4186
2026-05-09 15:36:52,1,1,1,815.4,72,-33.2,-447,682,1,1.08,0.74,44610,1,1.08,0.74,44610
2026-05-09 15:36:52,1,1,1,871.9,72,-30.5,-443,751,1,1.08,0.74,44610,1,1.08,0.74,44610
2026-05-09 15:36:52,1,1,1,871.9,72,-30.5,-443,751,1,1.18,0.73,44289,1,1.18,0.73,44289
2026-05-09 15:36:52,1,1,1,927.7,79,-29.3,-454,809,1,1.18,0.73,44289,1,1.18,0.73,44289
2026-05-09 15:36:52,1,1,1,984.0,79,-27.3,-452,874,1,1.26,0.74,23266,1,1.26,0.74,23266
2026-05-09 15:36:52,1,1,1,984.0,79,-27.3,-452,874,1,1.26,0.74,23266,1,1.26,0.74,23266
2026-05-09 15:36:52,1,1,1,1048.3,96,-25.9,-458,943,1,1.35,0.65,15133,1,1.35,0.65,15133
2026-05-09 15:36:52,1,1,1,1048.3,96,-25.9,-458,943,1,1.35,0.65,15133,1,1.35,0.65,15133
2026-05-09 15:36:52,1,1,1,1117.1,104,-24.3,-460,1018,1,1.45,0.77,24317,1,1.45,0.77,24317
2026-05-09 15:36:52,1,1,1,1117.1,104,-24.3,-460,1018,1,1.45,0.77,24317,1,1.45,0.77,24317
2026-05-09 15:36:53,1,1,1,1189.2,112,-22.7,-459,1097,1,1.53,0.77,24317,1,1.53,0.77,24317
2026-05-09 15:36:53,1,1,1,1189.2,112,-22.7,-459,1097,1,1.53,0.77,24317,1,1.53,0.77,24317
2026-05-09 15:36:53,1,1,1,1266.2,96,-21.0,-454,1182,1,1.64,0.82,9426,1,1.64,0.82,9426
2026-05-09 15:36:53,1,1,1,1347.2,96,-19.7,-455,1268,1,1.64,0.82,9426,1,1.64,0.82,9426
2026-05-09 15:36:53,1,1,1,1347.2,96,-19.7,-455,1268,1,1.74,0.84,17394,1,1.74,0.84,17394
2026-05-09 15:36:53,1,1,1,1428.3,88,-19.4,-475,1347,1,1.74,0.84,17394,1,1.74,0.84,17394
2026-05-09 15:36:53,1,1,1,1428.3,88,-19.4,-475,1347,1,1.85,0.87,61704,1,1.85,0.87,61704
2026-05-09 15:36:53,1,1,1,1511.4,88,-19.9,-515,1421,1,1.85,0.87,61704,1,1.85,0.87,61704
2026-05-09 15:36:53,1,1,1,1511.4,88,-19.9,-515,1421,1,1.94,0.87,61704,1,1.94,0.87,61704
2026-05-09 15:36:53,1,1,1,1591.8,96,-19.9,-541,1497,1,1.94,0.87,61704,1,1.94,0.87,61704
2026-05-09 15:36:53,1,1,1,1675.3,104,-19.4,-557,1580,1,1.94,0.87,61704,1,1.94,0.87,61704
2026-05-09 15:36:53,1,1,1,1675.3,104,-19.4,-557,1580,1,1.94,0.87,61704,1,1.94,0.87,61704
2026-05-09 15:36:53,1,1,1,1757.8,88,-19.3,-581,1659,1,1.94,0.87,61704,1,1.94,0.87,61704
2026-05-09 15:36:53,1,1,1,1757.8,88,-19.3,-581,1659,1,1.94,0.87,61704,1,1.94,0.87,61704
2026-05-09 15:36:53,1,1,1,1833.5,64,-18.9,-593,1735,1,2.22,0.69,45065,1,2.22,0.69,45065
2026-05-09 15:36:53,1,1,1,1833.5,64,-18.9,-593,1735,1,2.22,0.69,45065,1,2.22,0.69,45065
2026-05-09 15:36:53,1,1,1,1903.4,64,-18.3,-598,1807,1,2.29,0.69,45065,1,2.29,0.69,45065
2026-05-09 15:36:53,1,1,1,1903.4,64,-18.3,-598,1807,1,2.29,0.69,45065,1,2.29,0.69,45065
2026-05-09 15:36:53,1,1,1,1977.7,72,-18.0,-611,1881,1,1.77,0.29,290,1,1.77,0.29,290
2026-05-09 15:36:53,1,1,1,2056.7,112,-18.4,-648,1952,1,1.77,0.29,290,1,1.77,0.29,290
2026-05-09 15:36:54,1,1,1,2056.7,112,-18.4,-648,1952,1,1.80,0.29,290,1,1.80,0.29,290
2026-05-09 15:36:54,1,1,1,2127.3,64,-18.3,-667,2020,1,1.80,0.29,290,1,1.80,0.29,290
2026-05-09 15:36:54,1,1,1,2127.3,64,-18.3,-667,2020,1,1.80,0.29,290,1,1.80,0.29,290
2026-05-09 15:36:54,1,1,1,2193.4,48,-18.0,-678,2086,0,0.00,0.00,0,1,1.80,0.29,290
2026-05-09 15:36:54,1,1,1,2193.4,48,-18.0,-678,2086,0,0.00,0.00,0,1,1.80,0.29,290
2026-05-09 15:36:54,1,1,1,2251.4,32,-17.3,-668,2150,0,0.00,0.00,0,1,1.80,0.29,290
2026-05-09 15:36:54,1,1,1,2251.4,32,-17.3,-668,2150,0,0.00,0.00,0,1,1.30,0.01,445
2026-05-09 15:36:54,1,1,1,2328.3,0,-16.6,-666,2231,0,0.00,0.00,0,1,1.30,0.01,445
2026-05-09 15:36:54,1,1,1,2387.1,-64,-15.9,-653,2296,0,0.00,0.00,0,1,1.30,0.01,445
2026-05-09 15:36:54,1,1,1,2387.1,-64,-15.9,-653,2296,0,0.00,0.00,0,1,1.30,0.01,445
2026-05-09 15:36:54,1,1,1,2471.4,0,-14.7,-629,2390,0,0.00,0.00,0,1,1.30,0.01,445
2026-05-09 15:36:54,1,1,1,2471.4,0,-14.7,-629,2390,0,0.00,0.00,0,1,1.30,0.01,445
2026-05-09 15:36:54,1,1,1,2527.3,-16,-13.7,-600,2455,0,0.00,0.00,0,1,1.30,0.01,445
2026-05-09 15:36:54,1,1,1,2527.3,-16,-13.7,-600,2455,0,0.00,0.00,0,1,1.30,0.01,445
2026-05-09 15:36:54,1,1,1,2606.5,0,-12.2,-549,2548,0,0.00,0.00,0,1,1.30,0.01,445
2026-05-09 15:36:54,1,1,1,2661.3,-16,-10.7,-494,2615,0,0.00,0.00,0,1,1.30,0.01,445
2026-05-09 15:36:54,1,1,1,2661.3,-16,-10.7,-494,2615,0,0.00,0.00,0,1,1.30,0.01,445
2026-05-09 15:36:54,1,1,1,2720.0,0,-9.8,-465,2680,0,0.00,0.00,0,1,1.30,0.01,445
2026-05-09 15:36:54,1,1,1,2720.0,0,-9.8,-465,2680,0,0.00,0.00,0,1,1.30,0.01,445
2026-05-09 15:36:54,1,1,1,2762.3,-8,-9.0,-434,2728,0,0.00,0.00,0,1,1.30,0.01,445
2026-05-09 15:36:55,1,1,1,2762.3,-8,-9.0,-434,2728,0,0.00,0.00,0,1,1.30,0.01,445
2026-05-09 15:36:55,1,1,1,2712.0,-8,-8.2,-389,2684,0,0.00,0.00,0,0,0.00,0.00,0
2026-05-09 15:36:55,1,1,1,2712.0,-8,-8.2,-389,2684,0,0.00,0.00,0,0,0.00,0.00,0
2026-05-09 15:36:55,1,1,1,2622.8,-16,-7.6,-345,2600,0,0.00,0.00,0,0,0.00,0.00,0
2026-05-09 15:36:55,1,1,1,2536.2,0,-6.9,-303,2518,0,0.00,0.00,0,0,0.00,0.00,0
2026-05-09 15:36:55,1,1,1,2536.2,0,-6.9,-303,2518,0,0.00,0.00,0,0,0.00,0.00,0
2026-05-09 15:36:55,1,1,1,2541.7,0,-6.4,-282,2526,0,0.00,0.00,0,0,0.00,0.00,0
2026-05-09 15:36:55,1,1,1,2541.7,0,-6.4,-282,2526,0,0.00,0.00,0,0,0.00,0.00,0
2026-05-09 15:36:55,1,1,1,2538.3,-24,-5.7,-250,2526,0,0.00,0.00,0,0,0.00,0.00,0
2026-05-09 15:36:55,1,1,1,2538.3,-24,-5.7,-250,2526,0,0.00,0.00,0,0,0.00,0.00,0
2026-05-09 15:37:05,1,1,1,425.4,64,-16.0,-117,409,1,0.57,0.49,15293,1,0.57,0.49,15293
2026-05-09 15:37:05,1,1,1,438.1,64,-12.9,-98,427,1,0.57,0.49,15293,1,0.57,0.49,15293
2026-05-09 15:37:05,1,1,1,438.1,64,-12.9,-98,427,1,0.62,0.49,15293,1,0.62,0.49,15293
2026-05-09 15:37:05,1,1,1,459.7,64,-9.8,-78,453,1,0.62,0.49,15293,1,0.62,0.49,15293
2026-05-09 15:37:05,1,1,1,493.8,79,-7.1,-61,490,1,0.62,0.49,15293,1,0.62,0.49,15293
2026-05-09 15:37:05,1,1,1,493.8,79,-7.1,-61,490,1,0.62,0.49,15293,1,0.62,0.49,15293
2026-05-09 15:37:05,1,1,1,515.8,88,-6.0,-54,513,1,0.62,0.49,15293,1,0.62,0.49,15293
2026-05-09 15:37:05,1,1,1,515.8,88,-6.0,-54,513,1,0.62,0.49,15293,1,0.62,0.49,15293
2026-05-09 15:37:05,1,1,1,543.0,96,-4.9,-46,541,1,0.79,0.98,31092,1,0.79,0.98,31092
2026-05-09 15:37:05,1,1,1,543.0,96,-4.9,-46,541,1,0.79,0.98,31092,1,0.79,0.98,31092
2026-05-09 15:37:06,1,1,1,578.9,119,-3.2,-32,578,1,0.89,0.98,31092,1,0.89,0.98,31092
2026-05-09 15:37:06,1,1,1,621.1,159,-0.9,-10,621,1,0.89,0.98,31092,1,0.89,0.98,31092
2026-05-09 15:37:06,1,1,1,621.1,159,-0.9,-10,621,1,0.89,0.98,31092,1,0.89,0.98,31092
2026-05-09 15:37:06,1,1,1,718.3,128,3.4,43,717,1,0.89,0.98,31092,1,0.89,0.98,31092
2026-05-09 15:37:06,1,1,1,718.3,128,3.4,43,717,1,0.89,0.98,31092,1,0.89,0.98,31092
2026-05-09 15:37:06,1,1,1,819.1,32,5.7,82,815,1,0.89,0.98,31092,1,0.89,0.98,31092
2026-05-09 15:37:06,1,1,1,819.1,32,5.7,82,815,1,0.89,0.98,31092,1,0.89,0.98,31092
2026-05-09 15:37:06,1,1,1,913.6,88,6.9,110,907,1,0.89,0.98,31092,1,0.89,0.98,31092
2026-05-09 15:37:06,1,1,1,913.6,88,6.9,110,907,1,0.89,0.98,31092,1,0.89,0.98,31092
2026-05-09 15:37:06,1,1,1,1006.1,79,6.3,111,1000,1,0.89,0.98,31092,1,0.89,0.98,31092
2026-05-09 15:37:06,1,1,1,1092.0,104,6.0,114,1086,1,1.51,0.97,61489,1,1.51,0.97,61489
2026-05-09 15:37:06,1,1,1,1092.0,104,6.0,114,1086,1,1.51,0.97,61489,1,1.51,0.97,61489
2026-05-09 15:37:06,1,1,1,1179.1,112,5.8,120,1173,1,1.68,1.09,5098,1,1.68,1.09,5098
2026-05-09 15:37:06,1,1,1,1179.1,112,5.8,120,1173,1,1.68,1.09,5098,1,1.68,1.09,5098
2026-05-09 15:37:06,1,1,1,1270.0,96,5.6,123,1264,1,1.77,1.04,52433,1,1.77,1.04,52433
2026-05-09 15:37:06,1,1,1,1270.0,96,5.6,123,1264,1,1.77,1.04,52433,1,1.77,1.04,52433
2026-05-09 15:37:06,1,1,1,1355.9,88,5.3,126,1350,1,1.87,1.04,52433,1,1.87,1.04,52433
2026-05-09 15:37:06,1,1,1,1355.9,88,5.3,126,1350,1,1.87,1.04,52433,1,1.87,1.04,52433
2026-05-09 15:37:06,1,1,1,1438.1,96,4.3,109,1434,1,1.87,1.04,52433,1,1.87,1.04,52433
2026-05-09 15:37:06,1,1,1,1522.9,88,4.1,109,1519,1,1.87,1.04,52433,1,1.87,1.04,52433
2026-05-09 15:37:07,1,1,1,1522.9,88,4.1,109,1519,1,1.87,1.04,52433,1,1.87,1.04,52433
2026-05-09 15:37:07,1,1,1,1603.8,96,3.9,110,1600,1,1.87,1.04,52433,1,1.87,1.04,52433
2026-05-09 15:37:07,1,1,1,1603.8,96,3.9,110,1600,1,1.87,1.04,52433,1,1.87,1.04,52433
2026-05-09 15:37:07,1,1,1,1686.1,104,4.0,118,1682,1,1.87,1.04,52433,1,1.87,1.04,52433
2026-05-09 15:37:07,1,1,1,1686.1,104,4.0,118,1682,1,1.87,1.04,52433,1,1.87,1.04,52433
2026-05-09 15:37:07,1,1,1,1772.8,0,4.2,131,1768,1,1.87,1.04,52433,1,1.87,1.04,52433
2026-05-09 15:37:07,1,1,1,1855.8,79,4.5,147,1850,1,1.87,1.04,52433,1,1.87,1.04,52433
2026-05-09 15:37:07,1,1,1,1855.8,79,4.5,147,1850,1,1.87,1.04,52433,1,1.87,1.04,52433
2026-05-09 15:37:07,1,1,1,1934.7,72,4.8,161,1928,1,2.36,0.74,28333,1,2.36,0.74,28333
2026-05-09 15:37:07,1,1,1,1934.7,72,4.8,161,1928,1,2.36,0.74,28333,1,2.36,0.74,28333
2026-05-09 15:37:07,1,1,1,2010.8,64,5.4,188,2002,1,2.43,0.74,28333,1,2.43,0.74,28333
2026-05-09 15:37:07,1,1,1,2010.8,64,5.4,188,2002,1,2.43,0.74,28333,1,2.43,0.74,28333
2026-05-09 15:37:07,1,1,1,2080.3,56,6.0,217,2069,1,2.50,0.73,17602,1,2.50,0.73,17602
2026-05-09 15:37:07,1,1,1,2080.3,56,6.0,217,2069,1,2.50,0.73,17602,1,2.50,0.73,17602
2026-05-09 15:37:07,1,1,1,2155.4,72,6.4,240,2142,1,2.58,0.73,17602,1,2.58,0.73,17602
2026-05-09 15:37:07,1,1,1,2223.2,64,6.9,268,2207,1,2.58,0.73,17602,1,2.58,0.73,17602
2026-05-09 15:37:07,1,1,1,2223.2,64,6.9,268,2207,1,2.60,0.63,20624,1,2.60,0.63,20624
2026-05-09 15:37:07,1,1,1,2282.6,39,7.1,283,2265,1,2.60,0.63,20624,1,2.60,0.63,20624
2026-05-09 15:37:07,1,1,1,2282.6,39,7.1,283,2265,1,2.67,0.63,20624,1,2.67,0.63,20624
2026-05-09 15:37:07,1,1,1,2333.7,24,7.6,310,2313,1,2.67,0.63,20624,1,2.67,0.63,20624
2026-05-09 15:37:08,1,1,1,2333.7,24,7.6,310,2313,1,2.67,0.63,20624,1,2.67,0.63,20624
2026-05-09 15:37:08,1,1,1,2386.1,24,8.1,338,2362,1,2.67,0.63,20624,1,2.67,0.63,20624
2026-05-09 15:37:08,1,1,1,2430.8,16,8.5,360,2404,1,2.67,0.63,20624,1,2.67,0.63,20624
2026-05-09 15:37:08,1,1,1,2430.8,16,8.5,360,2404,1,2.67,0.63,20624,1,2.67,0.63,20624
2026-05-09 15:37:08,1,1,1,2462.1,-8,8.7,371,2434,1,2.74,-0.22,11560,1,2.74,-0.22,11560
2026-05-09 15:37:08,1,1,1,2462.1,-8,8.7,371,2434,1,2.74,-0.22,11560,1,2.74,-0.22,11560
2026-05-09 15:37:08,1,1,1,2487.6,-8,8.2,356,2462,1,2.71,-0.22,11560,1,2.71,-0.22,11560
2026-05-09 15:37:08,1,1,1,2487.6,-8,8.2,356,2462,1,2.71,-0.22,11560,1,2.71,-0.22,11560
2026-05-09 15:37:08,1,1,1,2491.6,24,8.1,349,2467,1,2.71,-0.22,11560,1,2.71,-0.22,11560
2026-05-09 15:37:08,1,1,1,2491.6,24,8.1,349,2467,1,2.71,-0.22,11560,1,2.71,-0.22,11560
2026-05-09 15:37:08,1,1,1,2487.2,-56,8.5,367,2460,1,2.71,-0.22,11560,1,2.71,-0.22,11560
2026-05-09 15:37:08,1,1,1,2480.0,-64,9.2,397,2448,1,2.71,-0.22,11560,1,2.71,-0.22,11560
2026-05-09 15:37:08,1,1,1,2480.0,-64,9.2,397,2448,1,2.71,-0.22,11560,1,2.71,-0.22,11560
2026-05-09 15:37:08,1,1,1,2467.4,-39,9.8,422,2431,1,2.71,-0.22,11560,1,2.71,-0.22,11560
2026-05-09 15:37:08,1,1,1,2467.4,-39,9.8,422,2431,1,2.71,-0.22,11560,1,2.71,-0.22,11560
2026-05-09 15:37:08,1,1,1,2448.6,-32,10.4,444,2408,1,2.71,-0.22,11560,1,2.71,-0.22,11560
2026-05-09 15:37:08,1,1,1,2448.6,-32,10.4,444,2408,1,2.71,-0.22,11560,1,2.71,-0.22,11560
2026-05-09 15:37:08,1,1,1,2429.1,-48,11.1,466,2384,1,2.71,-0.22,11560,1,2.71,-0.22,11560
2026-05-09 15:37:08,1,1,1,2406.2,-56,11.7,489,2356,1,2.71,-0.22,11560,1,2.71,-0.22,11560
2026-05-09 15:37:08,1,1,1,2406.2,-56,11.7,489,2356,1,0.00,0.00,0,0,0.00,0.00,0
2026-05-09 15:37:09,1,1,1,2382.3,-104,12.7,524,2324,1,0.00,0.00,0,0,0.00,0.00,0
2026-05-09 15:37:09,1,1,1,2382.3,-104,12.7,524,2324,1,0.00,0.00,0,0,0.00,0.00,0
2026-05-09 15:37:09,1,1,1,2330.6,-64,14.9,600,2252,1,0.00,0.00,0,0,0.00,0.00,0
2026-05-09 15:37:09,1,1,1,2330.6,-64,14.9,600,2252,1,0.00,0.00,0,0,0.00,0.00,0
2026-05-09 15:37:09,1,1,1,2281.3,-64,17.1,669,2181,0,0.00,0.00,0,0,0.00,0.00,0
2026-05-09 15:37:09,1,1,1,2281.3,-64,17.1,669,2181,0,0.00,0.00,0,0,0.00,0.00,0
2026-05-09 15:37:09,1,1,1,2226.1,-64,19.1,727,2104,0,0.00,0.00,0,0,0.00,0.00,0
2026-05-09 15:37:09,1,1,1,2165.9,-72,20.9,771,2024,0,0.00,0.00,0,0,0.00,0.00,0
2026-05-09 15:37:09,1,1,1,2165.9,-72,20.9,771,2024,0,0.00,0.00,0,0,0.00,0.00,0
2026-05-09 15:37:09,1,1,1,2102.7,-88,22.7,811,1940,0,0.00,0.00,0,0,0.00,0.00,0
2026-05-09 15:37:09,1,1,1,2102.7,-88,22.7,811,1940,0,0.00,0.00,0,0,0.00,0.00,0
2026-05-09 15:37:09,1,1,1,2037.7,-96,24.3,839,1857,0,0.00,0.00,0,0,0.00,0.00,0
2026-05-09 15:37:09,1,1,1,2037.7,-96,24.3,839,1857,0,0.00,0.00,0,0,0.00,0.00,0
2026-05-09 15:37:09,1,1,1,1973.5,-119,25.4,848,1782,0,0.00,0.00,0,0,0.00,0.00,0
2026-05-09 15:37:09,1,1,1,1906.1,-104,25.9,834,1714,0,0.00,0.00,0,0,0.00,0.00,0
2026-05-09 15:37:09,1,1,1,1906.1,-104,25.9,834,1714,0,0.00,0.00,0,0,0.00,0.00,0
2026-05-09 15:37:09,1,1,1,1833.6,-96,26.4,814,1643,0,0.00,0.00,0,0,0.00,0.00,0
2026-05-09 15:37:09,1,1,1,1833.6,-96,26.4,814,1643,0,0.00,0.00,0,0,0.00,0.00,0
2026-05-09 15:37:09,1,1,1,1761.7,-104,26.0,771,1584,0,0.00,0.00,0,0,0.00,0.00,0
2026-05-09 15:37:09,1,1,1,1761.7,-104,26.0,771,1584,0,0.00,0.00,0,0,0.00,0.00,0
2026-05-09 15:37:10,1,1,1,1690.2,-88,25.7,733,1523,0,0.00,0.00,0,0,0.00,0.00,0
2026-05-09 15:37:10,1,1,1,1690.2,-88,25.7,733,1523,0,0.00,0.00,0,0,0.00,0.00,0
2026-05-09 15:37:10,1,1,1,1609.1,-96,26.0,706,1446,0,0.00,0.00,0,1,1.28,-0.95,7041
2026-05-09 15:37:10,1,1,1,1532.6,-104,26.2,677,1375,0,0.00,0.00,0,1,1.28,-0.95,7041
2026-05-09 15:37:10,1,1,1,1532.6,-104,26.2,677,1375,1,1.21,-1.07,29514,1,1.21,-1.07,29514
2026-05-09 15:37:10,1,1,1,1451.7,-128,26.5,648,1299,1,1.21,-1.07,29514,1,1.21,-1.07,29514
2026-05-09 15:37:10,1,1,1,1451.7,-128,26.5,648,1299,1,1.09,-1.11,33576,1,1.09,-1.11,33576
2026-05-09 15:37:10,1,1,1,1371.2,-112,26.8,618,1224,1,1.09,-1.11,33576,1,1.09,-1.11,33576
2026-05-09 15:37:10,1,1,1,1371.2,-112,26.8,618,1224,1,1.00,-1.04,44501,1,1.00,-1.04,44501
2026-05-09 15:37:10,1,1,1,1290.7,-88,26.8,582,1152,1,1.00,-1.04,44501,1,1.00,-1.04,44501
2026-05-09 15:37:10,1,1,1,1210.2,-79,26.4,538,1084,1,0.89,-1.04,44501,1,0.89,-1.04,44501
2026-05-09 15:37:10,1,1,1,1210.2,-79,26.4,538,1084,1,0.89,-1.04,44501,1,0.89,-1.04,44501
2026-05-09 15:37:10,1,1,1,1132.8,-79,26.0,497,1018,1,0.89,-1.04,44501,1,0.89,-1.04,44501
2026-05-09 15:37:10,1,1,1,1132.8,-79,26.0,497,1018,1,0.89,-1.04,44501,1,0.89,-1.04,44501
2026-05-09 15:37:10,1,1,1,1055.5,-79,26.0,462,949,1,0.89,-1.04,44501,1,0.89,-1.04,44501
2026-05-09 15:37:10,1,1,1,1055.5,-79,26.0,462,949,1,0.89,-1.04,44501,1,0.89,-1.04,44501
2026-05-09 15:37:10,1,1,1,981.3,-79,25.7,426,884,1,3.15,-0.01,14461,1,3.15,-0.01,14461
2026-05-09 15:37:10,1,1,1,981.3,-79,25.7,426,884,1,3.15,-0.01,14461,1,3.15,-0.01,14461
2026-05-09 15:37:10,1,1,1,909.5,-64,25.0,385,824,1,3.21,0.00,7090,1,3.21,0.00,7090
2026-05-09 15:37:10,1,1,1,842.4,-39,24.1,344,769,1,3.21,0.00,7090,1,3.21,0.00,7090
2026-05-09 15:37:11,1,1,1,842.4,-39,24.1,344,769,1,3.21,0.00,7090,1,3.21,0.00,7090
2026-05-09 15:37:11,1,1,1,784.2,-24,22.4,299,725,1,3.21,0.00,7090,1,3.21,0.00,7090
2026-05-09 15:37:11,1,1,1,784.2,-24,22.4,299,725,1,2.30,-0.23,56785,1,2.30,-0.23,56785
2026-05-09 15:37:11,1,1,1,719.0,-56,21.3,261,670,1,2.30,-0.23,56785,1,2.30,-0.23,56785
2026-05-09 15:37:11,1,1,1,719.0,-56,21.3,261,670,1,2.28,-0.23,56785,1,2.28,-0.23,56785
2026-05-09 15:37:11,1,1,1,653.0,-39,20.2,225,613,1,2.28,-0.23,56785,1,2.28,-0.23,56785
2026-05-09 15:37:11,1,1,1,653.0,-39,20.2,225,613,1,2.28,-0.23,56785,1,2.28,-0.23,56785
2026-05-09 15:37:11,1,1,1,600.7,16,17.1,177,574,1,2.28,-0.23,56785,1,2.28,-0.23,56785
2026-05-09 15:37:11,1,1,1,567.6,32,11.6,114,556,1,2.28,-0.23,56785,1,2.28,-0.23,56785
2026-05-09 15:37:11,1,1,1,567.6,32,11.6,114,556,1,2.28,-0.23,56785,1,2.28,-0.23,56785
2026-05-09 15:37:11,1,1,1,534.5,96,4.3,40,533,1,2.28,-0.23,56785,1,2.28,-0.23,56785
2026-05-09 15:37:11,1,1,1,534.5,96,4.3,40,533,1,2.28,-0.23,56785,1,2.28,-0.23,56785
2026-05-09 15:37:11,1,1,1,535.2,72,-3.9,-36,534,1,2.28,-0.23,56785,1,2.28,-0.23,56785
2026-05-09 15:37:11,1,1,1,535.2,72,-3.9,-36,534,1,2.28,-0.23,56785,1,2.28,-0.23,56785
2026-05-09 15:37:11,1,1,1,556.7,79,-12.2,-118,544,1,2.28,-0.23,56785,1,2.28,-0.23,56785
2026-05-09 15:37:11,1,1,1,603.4,56,-18.0,-186,574,1,2.28,-0.23,56785,1,2.28,-0.23,56785
2026-05-09 15:37:11,1,1,1,603.4,56,-18.0,-186,574,1,2.28,-0.23,56785,1,2.28,-0.23,56785
2026-05-09 15:37:11,1,1,1,660.8,72,-22.6,-254,610,1,0.00,0.00,0,0,0.00,0.00,0
2026-05-09 15:37:11,1,1,1,660.8,72,-22.6,-254,610,1,0.00,0.00,0,0,0.00,0.00,0
2026-05-09 15:37:11,1,1,1,721.8,79,-26.0,-316,649,1,0.00,0.00,0,0,0.00,0.00,0
2026-05-09 15:37:12,1,1,1,721.8,79,-26.0,-316,649,1,0.00,0.00,0,0,0.00,0.00,0
2026-05-09 15:37:12,1,1,1,787.2,104,-28.6,-377,691,1,0.00,0.00,0,0,0.00,0.00,0
2026-05-09 15:37:12,1,1,1,787.2,104,-28.6,-377,691,1,1.24,1.19,23972,1,1.24,1.19,23972
2026-05-09 15:37:12,1,1,1,856.6,119,-30.0,-428,742,1,1.24,1.19,23972,1,1.24,1.19,23972
2026-05-09 15:37:12,1,1,1,929.4,104,-30.2,-468,803,1,1.31,1.07,41570,1,1.31,1.07,41570
2026-05-09 15:37:12,1,1,1,929.4,104,-30.2,-468,803,1,1.31,1.07,41570,1,1.31,1.07,41570
2026-05-09 15:37:12,1,1,1,1006.4,88,-30.2,-506,870,1,1.42,1.07,41570,1,1.42,1.07,41570
2026-05-09 15:37:12,1,1,1,1006.4,88,-30.2,-506,870,1,1.42,1.07,41570,1,1.42,1.07,41570
2026-05-09 15:37:12,1,1,1,1080.4,79,-29.3,-529,942,1,1.50,0.97,1570,1,1.50,0.97,1570
2026-05-09 15:37:12,1,1,1,1080.4,79,-29.3,-529,942,1,1.50,0.97,1570,1,1.50,0.97,1570
2026-05-09 15:37:12,1,1,1,1152.0,88,-28.9,-556,1009,1,1.58,0.96,22189,1,1.58,0.96,22189
2026-05-09 15:37:12,1,1,1,1221.4,88,-28.2,-578,1076,1,1.58,0.96,22189,1,1.58,0.96,22189
2026-05-09 15:37:12,1,1,1,1221.4,88,-28.2,-578,1076,1,1.69,0.96,2850,1,1.69,0.96,2850
2026-05-09 15:37:12,1,1,1,1296.5,104,-28.2,-612,1143,1,1.69,0.96,2850,1,1.69,0.96,2850
2026-05-09 15:37:12,1,1,1,1296.5,104,-28.2,-612,1143,1,1.79,0.97,62785,1,1.79,0.97,62785
2026-05-09 15:37:12,1,1,1,1374.6,112,-28.5,-656,1208,1,1.79,0.97,62785,1,1.79,0.97,62785
2026-05-09 15:37:12,1,1,1,1374.6,112,-28.5,-656,1208,1,1.87,0.96,24946,1,1.87,0.96,24946
2026-05-09 15:37:12,1,1,1,1454.8,96,-28.6,-697,1277,1,1.87,0.96,24946,1,1.87,0.96,24946
2026-05-09 15:37:12,1,1,1,1454.8,96,-28.6,-697,1277,1,1.96,0.94,12050,1,1.96,0.94,12050
2026-05-09 15:37:12,1,1,1,1533.2,79,-28.2,-725,1351,1,1.96,0.94,12050,1,1.96,0.94,12050
2026-05-09 15:37:13,1,1,1,1608.5,72,-27.8,-750,1423,1,2.05,0.94,12050,1,2.05,0.94,12050
2026-05-09 15:37:13,1,1,1,1608.5,72,-27.8,-750,1423,1,2.05,0.94,12050,1,2.05,0.94,12050
2026-05-09 15:37:13,1,1,1,1680.9,72,-27.6,-778,1490,1,2.12,0.89,31365,1,2.12,0.89,31365
2026-05-09 15:37:13,1,1,1,1680.9,72,-27.6,-778,1490,1,2.12,0.89,31365,1,2.12,0.89,31365
2026-05-09 15:37:13,1,1,1,1760.9,0,-27.4,-811,1563,1,2.21,0.89,31365,1,2.21,0.89,31365
2026-05-09 15:37:13,1,1,1,1760.9,0,-27.4,-811,1563,1,2.21,0.89,31365,1,2.21,0.89,31365
2026-05-09 15:37:13,1,1,1,1828.7,72,-26.4,-813,1638,1,2.28,0.86,42500,1,2.28,0.86,42500
2026-05-09 15:37:13,1,1,1,1910.8,0,-25.5,-822,1725,1,2.28,0.86,42500,1,2.28,0.86,42500
2026-05-09 15:37:13,1,1,1,1910.8,0,-25.5,-822,1725,1,2.37,0.86,42500,1,2.37,0.86,42500
2026-05-09 15:37:13,1,1,1,1967.7,56,-24.1,-804,1796,1,2.37,0.86,42500,1,2.37,0.86,42500
2026-05-09 15:37:13,1,1,1,1967.7,56,-24.1,-804,1796,1,2.40,0.79,22045,1,2.40,0.79,22045
2026-05-09 15:37:13,1,1,1,2014.5,39,-22.8,-781,1857,1,2.40,0.79,22045,1,2.40,0.79,22045
2026-05-09 15:37:13,1,1,1,2014.5,39,-22.8,-781,1857,1,2.48,0.79,22045,1,2.48,0.79,22045
2026-05-09 15:37:13,1,1,1,2064.9,39,-21.6,-760,1920,1,2.48,0.79,22045,1,2.48,0.79,22045
2026-05-09 15:37:13,1,1,1,2064.9,39,-21.6,-760,1920,1,2.48,0.79,22045,1,2.48,0.79,22045
2026-05-09 15:37:13,1,1,1,2123.7,0,-20.6,-747,1988,1,2.48,0.79,22045,1,2.48,0.79,22045
2026-05-09 15:37:13,1,1,1,2213.1,0,-19.6,-742,2085,1,2.48,0.79,22045,1,2.48,0.79,22045
2026-05-09 15:37:13,1,1,1,2213.1,0,-19.6,-742,2085,1,2.48,0.79,22045,1,2.48,0.79,22045
2026-05-09 15:37:13,1,1,1,2271.8,56,-18.5,-719,2155,1,2.48,0.79,22045,1,2.48,0.79,22045
2026-05-09 15:37:13,1,1,1,2271.8,56,-18.5,-719,2155,1,2.48,0.79,22045,1,2.48,0.79,22045
2026-05-09 15:37:14,1,1,1,2320.8,48,-17.5,-696,2214,1,2.48,0.79,22045,1,2.48,0.79,22045
2026-05-09 15:37:14,1,1,1,2320.8,48,-17.5,-696,2214,1,2.48,0.79,22045,1,2.48,0.79,22045
2026-05-09 15:37:14,1,1,1,2354.9,32,-16.1,-655,2262,1,2.48,0.79,22045,1,2.48,0.79,22045
2026-05-09 15:37:14,1,1,1,2400.5,0,-14.6,-605,2323,1,2.48,0.79,22045,1,2.48,0.79,22045
2026-05-09 15:37:14,1,1,1,2400.5,0,-14.6,-605,2323,1,2.48,0.79,22045,1,2.48,0.79,22045
2026-05-09 15:37:14,1,1,1,2462.5,0,-13.1,-560,2398,1,0.00,0.00,0,0,0.00,0.00,0
2026-05-09 15:37:14,1,1,1,2462.5,0,-13.1,-560,2398,1,0.00,0.00,0,0,0.00,0.00,0
2026-05-09 15:37:14,1,1,1,2547.9,0,-12.0,-531,2492,1,0.00,0.00,0,0,0.00,0.00,0
2026-05-09 15:37:14,1,1,1,2547.9,0,-12.0,-531,2492,1,0.00,0.00,0,0,0.00,0.00,0
2026-05-09 15:37:14,1,1,1,2634.8,0,-11.9,-544,2578,1,0.00,0.00,0,0,0.00,0.00,0
2026-05-09 15:37:14,1,1,1,2634.8,0,-11.9,-544,2578,0,0.00,0.00,0,0,0.00,0.00,0
2026-05-09 15:37:14,1,1,1,2707.5,-32,-11.9,-560,2649,0,0.00,0.00,0,0,0.00,0.00,0
2026-05-09 15:37:14,1,1,1,2672.9,-56,-11.1,-514,2623,0,0.00,0.00,0,0,0.00,0.00,0
2026-05-09 15:37:14,1,1,1,2672.9,-56,-11.1,-514,2623,0,0.00,0.00,0,0,0.00,0.00,0
2026-05-09 15:37:14,1,1,1,2608.8,-79,-10.3,-465,2567,0,0.00,0.00,0,0,0.00,0.00,0
2026-05-09 15:37:14,1,1,1,2608.8,-79,-10.3,-465,2567,0,0.00,0.00,0,0,0.00,0.00,0
2026-05-09 15:37:14,1,1,1,2531.9,-72,-9.5,-419,2497,0,0.00,0.00,0,0,0.00,0.00,0
2026-05-09 15:37:14,1,1,1,2531.9,-72,-9.5,-419,2497,0,0.00,0.00,0,0,0.00,0.00,0
2026-05-09 15:37:14,1,1,1,2457.9,-64,-8.8,-376,2429,0,0.00,0.00,0,0,0.00,0.00,0
2026-05-09 15:37:14,1,1,1,2390.2,-64,-8.2,-339,2366,0,0.00,0.00,0,0,0.00,0.00,0
2026-05-09 15:37:15,1,1,1,2390.2,-64,-8.2,-339,2366,0,0.00,0.00,0,0,0.00,0.00,0
2026-05-09 15:37:15,1,1,1,2328.7,-64,-7.5,-302,2309,0,0.00,0.00,0,0,0.00,0.00,0
2026-05-09 15:37:15,1,1,1,2328.7,-64,-7.5,-302,2309,0,0.00,0.00,0,0,0.00,0.00,0
2026-05-09 15:37:15,1,1,1,2277.2,-72,-6.6,-263,2262,0,0.00,0.00,0,0,0.00,0.00,0
2026-05-09 15:37:15,1,1,1,2277.2,-72,-6.6,-263,2262,0,0.00,0.00,0,0,0.00,0.00,0
2026-05-09 15:37:15,1,1,1,2214.7,-72,-5.9,-227,2203,0,0.00,0.00,0,0,0.00,0.00,0
2026-05-09 15:37:15,1,1,1,2214.7,-72,-5.9,-227,2203,0,0.00,0.00,0,0,0.00,0.00,0
2026-05-09 15:37:15,1,1,1,2145.5,-79,-5.1,-191,2137,0,0.00,0.00,0,0,0.00,0.00,0
2026-05-09 15:37:15,1,1,1,2074.9,-79,-4.3,-156,2069,0,0.00,0.00,0,1,1.99,-0.72,6106
2026-05-09 15:37:15,1,1,1,2074.9,-79,-4.3,-156,2069,0,0.00,0.00,0,1,1.99,-0.72,6106
2026-05-09 15:37:15,1,1,1,2003.3,-96,-2.8,-97,2001,1,1.92,-0.72,6106,1,1.92,-0.72,6106
2026-05-09 15:37:15,1,1,1,2003.3,-96,-2.8,-97,2001,1,1.92,-0.72,6106,1,1.92,-0.72,6106
2026-05-09 15:37:15,1,1,1,1934.1,-88,-0.6,-20,1934,1,1.92,-0.72,6106,1,1.92,-0.72,6106
2026-05-09 15:37:15,1,1,1,1934.1,-88,-0.6,-20,1934,1,1.92,-0.72,6106,1,1.92,-0.72,6106
2026-05-09 15:37:15,1,1,1,1864.3,-88,1.1,36,1864,1,1.92,-0.72,6106,1,1.92,-0.72,6106
2026-05-09 15:37:15,1,1,1,1864.3,-88,1.1,36,1864,1,1.92,-0.72,6106,1,1.92,-0.72,6106
2026-05-09 15:37:15,1,1,1,1800.6,-96,2.4,75,1799,1,1.92,-0.72,6106,1,1.92,-0.72,6106
2026-05-09 15:37:15,1,1,1,1732.5,-104,3.6,110,1729,1,1.92,-0.72,6106,1,1.92,-0.72,6106
2026-05-09 15:37:15,1,1,1,1732.5,-104,3.6,110,1729,1,1.92,-0.72,6106,1,1.92,-0.72,6106
2026-05-09 15:37:15,1,1,1,1660.0,-112,4.5,129,1655,1,1.92,-0.72,6106,1,1.92,-0.72,6106
2026-05-09 15:37:16,1,1,1,1660.0,-112,4.5,129,1655,1,1.92,-0.72,6106,1,1.92,-0.72,6106
2026-05-09 15:37:16,1,1,1,1575.5,-96,4.8,132,1570,1,1.92,-0.72,6106,1,1.92,-0.72,6106
2026-05-09 15:37:16,1,1,1,1575.5,-96,4.8,132,1570,1,1.92,-0.72,6106,1,1.92,-0.72,6106
2026-05-09 15:37:16,1,1,1,1495.7,-79,5.0,130,1490,1,0.00,0.00,0,0,0.00,0.00,0
2026-05-09 15:37:16,1,1,1,1415.5,-119,4.0,99,1412,1,0.00,0.00,0,0,0.00,0.00,0
2026-05-09 15:37:16,1,1,1,1415.5,-119,4.0,99,1412,1,0.00,0.00,0,0,0.00,0.00,0
2026-05-09 15:37:16,1,1,1,1337.7,-79,3.6,85,1335,1,0.00,0.00,0,0,0.00,0.00,0
2026-05-09 15:37:16,1,1,1,1337.7,-79,3.6,85,1335,1,0.00,0.00,0,0,0.00,0.00,0
2026-05-09 15:37:16,1,1,1,1266.2,-88,3.4,75,1264,0,0.00,0.00,0,0,0.00,0.00,0
2026-05-09 15:37:16,1,1,1,1266.2,-88,3.4,75,1264,0,0.00,0.00,0,0,0.00,0.00,0
2026-05-09 15:37:16,1,1,1,1197.2,-88,3.5,73,1195,0,0.00,0.00,0,0,0.00,0.00,0
2026-05-09 15:37:16,1,1,1,1197.2,-88,3.5,73,1195,0,0.00,0.00,0,0,0.00,0.00,0
2026-05-09 15:37:16,1,1,1,1122.5,-96,3.8,75,1120,0,0.00,0.00,0,0,0.00,0.00,0
2026-05-09 15:37:16,1,1,1,1048.1,-88,3.7,67,1046,0,0.00,0.00,0,0,0.00,0.00,0
2026-05-09 15:37:16,1,1,1,1048.1,-88,3.7,67,1046,0,0.00,0.00,0,0,0.00,0.00,0
2026-05-09 15:37:16,1,1,1,975.5,-72,4.1,70,973,0,0.00,0.00,0,0,0.00,0.00,0
2026-05-09 15:37:16,1,1,1,975.5,-72,4.1,70,973,0,0.00,0.00,0,0,0.00,0.00,0
2026-05-09 15:37:16,1,1,1,902.0,-64,4.7,74,899,0,0.00,0.00,0,0,0.00,0.00,0
2026-05-09 15:37:16,1,1,1,902.0,-64,4.7,74,899,0,0.00,0.00,0,0,0.00,0.00,0
2026-05-09 15:37:16,1,1,1,827.3,-96,4.2,61,825,0,0.00,0.00,0,0,0.00,0.00,0
2026-05-09 15:37:17,1,1,1,752.9,-79,4.1,54,751,0,0.00,0.00,0,0,0.00,0.00,0
2026-05-09 15:37:17,1,1,1,752.9,-79,4.1,54,751,0,0.00,0.00,0,0,0.00,0.00,0
2026-05-09 15:37:17,1,1,1,667.0,-112,3.1,36,666,0,0.00,0.00,0,1,0.49,-0.93,9818
2026-05-09 15:37:17,1,1,1,667.0,-112,3.1,36,666,0,0.00,0.00,0,1,0.49,-0.93,9818
2026-05-09 15:37:17,1,1,1,593.3,-72,1.8,19,593,1,0.40,-0.93,9818,1,0.40,-0.93,9818
2026-05-09 15:37:17,1,1,1,593.3,-72,1.8,19,593,1,0.40,-0.93,9818,1,0.40,-0.93,9818
2026-05-09 15:37:17,1,1,1,529.1,-48,0.9,8,529,1,0.40,-0.93,9818,1,0.40,-0.93,9818
2026-05-09 15:37:17,1,1,1,529.1,-48,0.9,8,529,1,0.40,-0.93,9818,1,0.40,-0.93,9818
2026-05-09 15:37:17,1,1,1,490.0,-48,-0.1,-1,490,1,0.40,-0.93,9818,1,0.40,-0.93,9818
2026-05-09 15:37:17,1,1,1,438.3,39,2.0,15,438,1,0.40,-0.93,9818,1,0.40,-0.93,9818
2026-05-09 15:37:17,1,1,1,438.3,39,2.0,15,438,1,0.40,-0.93,9818,1,0.40,-0.93,9818
2026-05-09 15:37:17,1,1,1,406.5,48,6.4,45,404,1,0.40,-0.93,9818,1,0.40,-0.93,9818
2026-05-09 15:37:17,1,1,1,406.5,48,6.4,45,404,1,0.40,-0.93,9818,1,0.40,-0.93,9818
2026-05-09 15:37:17,1,1,1,393.4,32,9.5,65,388,1,0.40,-0.93,9818,1,0.40,-0.93,9818
2026-05-09 15:37:17,1,1,1,393.4,32,9.5,65,388,1,0.40,-0.93,9818,1,0.40,-0.93,9818
2026-05-09 15:37:17,1,1,1,386.3,48,11.2,75,379,1,0.40,-0.93,9818,1,0.40,-0.93,9818
2026-05-09 15:37:17,1,1,1,385.1,72,12.4,83,376,1,0.50,0.71,8520,1,0.50,0.71,8520
2026-05-09 15:37:17,1,1,1,385.1,72,12.4,83,376,1,0.50,0.71,8520,1,0.50,0.71,8520
2026-05-09 15:37:17,1,1,1,392.8,72,12.8,87,383,1,0.54,0.72,31504,1,0.54,0.72,31504
2026-05-09 15:37:17,1,1,1,392.8,72,12.8,87,383,1,0.54,0.72,31504,1,0.54,0.72,31504
2026-05-09 15:37:18,1,1,1,405.6,56,13.1,92,395,1,0.58,0.63,38245,1,0.58,0.63,38245
2026-05-09 15:37:18,1,1,1,405.6,56,13.1,92,395,1,0.58,0.63,38245,1,0.58,0.63,38245
2026-05-09 15:37:18,1,1,1,427.2,72,10.5,78,420,1,0.67,0.66,37153,1,0.67,0.66,37153
2026-05-09 15:37:18,1,1,1,427.2,72,10.5,78,420,1,0.67,0.66,37153,1,0.67,0.66,37153
2026-05-09 15:37:18,1,1,1,466.0,56,5.3,43,464,1,0.74,0.66,37153,1,0.74,0.66,37153
2026-05-09 15:37:18,1,1,1,513.4,88,2.2,20,513,1,0.74,0.66,37153,1,0.74,0.66,37153
2026-05-09 15:37:18,1,1,1,513.4,88,2.2,20,513,1,0.81,0.74,29897,1,0.81,0.74,29897
2026-05-09 15:37:18,1,1,1,573.1,96,-1.3,-13,573,1,0.81,0.74,29897,1,0.81,0.74,29897
2026-05-09 15:37:18,1,1,1,573.1,96,-1.3,-13,573,1,0.89,0.74,29897,1,0.89,0.74,29897
2026-05-09 15:37:18,1,1,1,643.7,104,-2.8,-31,643,1,0.89,0.74,29897,1,0.89,0.74,29897
2026-05-09 15:37:18,1,1,1,643.7,104,-2.8,-31,643,1,0.89,0.74,29897,1,0.89,0.74,29897
2026-05-09 15:37:18,1,1,1,684.1,104,-3.2,-38,683,1,0.89,0.74,29897,1,0.89,0.74,29897
2026-05-09 15:37:18,1,1,1,764.9,79,-4.0,-54,763,1,0.89,0.74,29897,1,0.89,0.74,29897
2026-05-09 15:37:18,1,1,1,764.9,79,-4.0,-54,763,1,0.89,0.74,29897,1,0.89,0.74,29897
2026-05-09 15:37:18,1,1,1,844.2,79,-5.0,-74,841,1,0.89,0.74,29897,1,0.89,0.74,29897
2026-05-09 15:37:18,1,1,1,844.2,79,-5.0,-74,841,1,0.89,0.74,29897,1,0.89,0.74,29897
2026-05-09 15:37:18,1,1,1,921.7,88,-5.8,-93,917,1,0.89,0.74,29897,1,0.89,0.74,29897
2026-05-09 15:37:18,1,1,1,921.7,88,-5.8,-93,917,1,0.89,0.74,29897,1,0.89,0.74,29897
2026-05-09 15:37:18,1,1,1,991.0,88,-7.7,-133,982,1,0.89,0.74,29897,1,0.89,0.74,29897
2026-05-09 15:37:18,1,1,1,991.0,88,-7.7,-133,982,1,0.89,0.74,29897,1,0.89,0.74,29897
2026-05-09 15:37:19,1,1,1,1061.2,96,-9.4,-173,1047,1,0.89,0.74,29897,1,0.89,0.74,29897
2026-05-09 15:37:19,1,1,1,1134.7,96,-11.0,-216,1114,1,0.00,0.00,0,0,0.00,0.00,0
2026-05-09 15:37:19,1,1,1,1134.7,96,-11.0,-216,1114,1,1.57,0.96,45992,1,1.57,0.96,45992
2026-05-09 15:37:19,1,1,1,1214.3,88,-12.6,-265,1185,1,1.57,0.96,45992,1,1.57,0.96,45992
2026-05-09 15:37:19,1,1,1,1214.3,88,-12.6,-265,1185,1,2.42,0.53,6161,1,2.42,0.53,6161
2026-05-09 15:37:19,1,1,1,1295.1,88,-14.1,-316,1256,1,2.42,0.53,6161,1,2.42,0.53,6161
2026-05-09 15:37:19,1,1,1,1295.1,88,-14.1,-316,1256,1,2.25,0.61,45097,1,2.25,0.61,45097
2026-05-09 15:37:19,1,1,1,1373.4,88,-15.4,-365,1324,1,2.25,0.61,45097,1,2.25,0.61,45097
2026-05-09 15:37:19,1,1,1,1445.8,88,-17.2,-428,1381,1,2.31,0.61,45097,1,2.31,0.61,45097
2026-05-09 15:37:19,1,1,1,1445.8,88,-17.2,-428,1381,1,2.31,0.61,45097,1,2.31,0.61,45097
2026-05-09 15:37:19,1,1,1,1516.7,96,-18.8,-488,1436,1,2.31,0.61,45097,1,2.31,0.61,45097
2026-05-09 15:37:19,1,1,1,1516.7,96,-18.8,-488,1436,1,2.31,0.61,45097,1,2.31,0.61,45097
2026-05-09 15:37:19,1,1,1,1594.5,96,-19.7,-538,1501,1,2.31,0.61,45097,1,2.31,0.61,45097
2026-05-09 15:37:19,1,1,1,1594.5,96,-19.7,-538,1501,1,2.31,0.61,45097,1,2.31,0.61,45097
2026-05-09 15:37:19,1,1,1,1677.2,72,-20.3,-582,1573,1,2.31,0.61,45097,1,2.31,0.61,45097
2026-05-09 15:37:19,1,1,1,1677.2,72,-20.3,-582,1573,1,2.31,0.61,45097,1,2.31,0.61,45097
2026-05-09 15:37:19,1,1,1,1758.5,72,-20.6,-619,1646,1,2.31,0.61,45097,1,2.31,0.61,45097
2026-05-09 15:37:19,1,1,1,1835.8,64,-20.6,-647,1718,1,2.31,0.61,45097,1,2.31,0.61,45097
2026-05-09 15:37:19,1,1,1,1835.8,64,-20.6,-647,1718,1,2.31,0.61,45097,1,2.31,0.61,45097
2026-05-09 15:37:19,1,1,1,1909.2,79,-20.9,-680,1784,1,2.31,0.61,45097,1,2.31,0.61,45097
2026-05-09 15:37:20,1,1,1,1909.2,79,-20.9,-680,1784,1,2.31,0.61,45097,1,2.31,0.61,45097
2026-05-09 15:37:20,1,1,1,1981.0,72,-21.0,-711,1849,1,0.00,0.00,0,0,0.00,0.00,0
2026-05-09 15:37:20,1,1,1,1981.0,72,-21.0,-711,1849,1,0.00,0.00,0,0,0.00,0.00,0
2026-05-09 15:37:20,1,1,1,2051.9,72,-21.0,-737,1915,1,0.00,0.00,0,0,0.00,0.00,0
2026-05-09 15:37:20,1,1,1,2051.9,72,-21.0,-737,1915,1,0.00,0.00,0,0,0.00,0.00,0
2026-05-09 15:37:20,1,1,1,2121.3,48,-20.9,-756,1982,1,0.00,0.00,0,0,0.00,0.00,0
2026-05-09 15:37:20,1,1,1,2197.1,0,-20.8,-780,2054,0,0.00,0.00,0,0,0.00,0.00,0
2026-05-09 15:37:20,1,1,1,2197.1,0,-20.8,-780,2054,0,0.00,0.00,0,0,0.00,0.00,0
2026-05-09 15:37:20,1,1,1,2251.2,24,-20.8,-798,2105,0,0.00,0.00,0,0,0.00,0.00,0
2026-05-09 15:37:20,1,1,1,2251.2,24,-20.8,-798,2105,0,0.00,0.00,0,0,0.00,0.00,0
2026-05-09 15:37:20,1,1,1,2326.3,0,-20.9,-828,2174,0,0.00,0.00,0,0,0.00,0.00,0
2026-05-09 15:37:20,1,1,1,2326.3,0,-20.9,-828,2174,0,0.00,0.00,0,0,0.00,0.00,0
2026-05-09 15:37:20,1,1,1,2380.6,16,-20.8,-844,2226,0,0.00,0.00,0,1,3.22,0.01,882
2026-05-09 15:37:20,1,1,1,2393.4,-8,-20.2,-827,2246,0,0.00,0.00,0,1,3.22,0.01,882
2026-05-09 15:37:20,1,1,1,2393.4,-8,-20.2,-827,2246,0,0.00,0.00,0,1,3.22,0.01,882
2026-05-09 15:37:20,1,1,1,2399.4,8,-19.1,-786,2267,0,0.00,0.00,0,1,3.22,0.01,882
2026-05-09 15:37:20,1,1,1,2399.4,8,-19.1,-786,2267,0,0.00,0.00,0,1,3.22,0.01,882
2026-05-09 15:37:20,1,1,1,2397.4,-16,-18.0,-741,2280,0,0.00,0.00,0,1,3.22,0.01,882
2026-05-09 15:37:20,1,1,1,2397.4,-16,-18.0,-741,2280,0,0.00,0.00,0,1,3.22,0.01,882
2026-05-09 15:37:20,1,1,1,2391.9,-16,-16.9,-694,2289,0,0.00,0.00,0,1,3.22,0.01,882
2026-05-09 15:37:21,1,1,1,2391.9,-16,-16.9,-694,2289,0,0.00,0.00,0,1,3.22,0.01,882
2026-05-09 15:37:21,1,1,1,2399.2,0,-15.5,-641,2312,0,0.00,0.00,0,1,3.22,0.01,882
2026-05-09 15:37:21,1,1,1,2383.2,-16,-14.2,-586,2310,0,0.00,0.00,0,1,3.22,0.01,882
2026-05-09 15:37:21,1,1,1,2383.2,-16,-14.2,-586,2310,0,0.00,0.00,0,1,3.22,0.01,882
2026-05-09 15:37:21,1,1,1,2378.0,0,-12.9,-531,2318,0,0.00,0.00,0,1,3.22,0.01,882
2026-05-09 15:37:21,1,1,1,2378.0,0,-12.9,-531,2318,0,0.00,0.00,0,1,3.22,0.01,882
2026-05-09 15:37:21,1,1,1,2487.7,0,-12.0,-519,2433,0,0.00,0.00,0,1,3.22,0.01,882
2026-05-09 15:37:21,1,1,1,2487.7,0,-12.0,-519,2433,0,0.00,0.00,0,0,0.00,0.00,0
2026-05-09 15:37:21,1,1,1,2606.4,0,-11.6,-525,2553,0,0.00,0.00,0,0,0.00,0.00,0
2026-05-09 15:37:21,1,1,1,2715.9,0,-11.6,-548,2660,0,0.00,0.00,0,0,0.00,0.00,0
2026-05-09 15:37:21,1,1,1,2715.9,0,-11.6,-548,2660,0,0.00,0.00,0,0,0.00,0.00,0
2026-05-09 15:37:21,1,1,1,2803.1,0,-11.6,-563,2746,0,0.00,0.00,0,0,0.00,0.00,0
2026-05-09 15:37:21,1,1,1,2803.1,0,-11.6,-563,2746,0,0.00,0.00,0,0,0.00,0.00,0
2026-05-09 15:37:21,1,1,1,2872.7,-24,-11.5,-573,2815,0,0.00,0.00,0,0,0.00,0.00,0
2026-05-09 15:37:21,1,1,1,2872.7,-24,-11.5,-573,2815,0,0.00,0.00,0,0,0.00,0.00,0
2026-05-09 15:37:21,1,1,1,2785.6,-32,-9.4,-456,2748,0,0.00,0.00,0,0,0.00,0.00,0
2026-05-09 15:37:21,1,1,1,2785.6,-32,-9.4,-456,2748,0,0.00,0.00,0,0,0.00,0.00,0
2026-05-09 15:37:21,1,1,1,2674.1,-16,-7.2,-335,2653,0,0.00,0.00,0,0,0.00,0.00,0
2026-05-09 15:37:21,1,1,1,2565.6,-64,-5.0,-222,2556,0,0.00,0.00,0,0,0.00,0.00,0
2026-05-09 15:37:21,1,1,1,2565.6,-64,-5.0,-222,2556,0,0.00,0.00,0,0,0.00,0.00,0
2026-05-09 15:37:22,1,1,1,2463.2,-79,-2.4,-103,2461,0,0.00,0.00,0,0,0.00,0.00,0
2026-05-09 15:37:22,1,1,1,2463.2,-79,-2.4,-103,2461,0,0.00,0.00,0,0,0.00,0.00,0
2026-05-09 15:37:22,1,1,1,2369.0,-96,-0.1,-3,2369,0,0.00,0.00,0,0,0.00,0.00,0
2026-05-09 15:37:22,1,1,1,2369.0,-96,-0.1,-3,2369,0,0.00,0.00,0,0,0.00,0.00,0
2026-05-09 15:37:22,1,1,1,2278.9,-88,1.6,65,2278,0,0.00,0.00,0,0,0.00,0.00,0
2026-05-09 15:37:22,1,1,1,2198.9,-64,2.9,112,2196,0,0.00,0.00,0,0,0.00,0.00,0
2026-05-09 15:37:22,1,1,1,2198.9,-64,2.9,112,2196,0,0.00,0.00,0,0,0.00,0.00,0
2026-05-09 15:37:22,1,1,1,2125.9,-56,3.9,144,2121,0,0.00,0.00,0,0,0.00,0.00,0
2026-05-09 15:37:22,1,1,1,2125.9,-56,3.9,144,2121,0,0.00,0.00,0,0,0.00,0.00,0
2026-05-09 15:37:22,1,1,1,2057.0,-72,4.7,170,2050,0,0.00,0.00,0,0,0.00,0.00,0
2026-05-09 15:37:22,1,1,1,2057.0,-72,4.7,170,2050,0,0.00,0.00,0,0,0.00,0.00,0
2026-05-09 15:37:22,1,1,1,1992.1,-56,5.8,200,1982,0,0.00,0.00,0,0,0.00,0.00,0
2026-05-09 15:37:22,1,1,1,1992.1,-56,5.8,200,1982,0,0.00,0.00,0,0,0.00,0.00,0
2026-05-09 15:37:22,1,1,1,1924.3,-96,6.5,217,1912,0,0.00,0.00,0,0,0.00,0.00,0
2026-05-09 15:37:22,1,1,1,1850.4,-119,7.6,246,1834,0,0.00,0.00,0,0,0.00,0.00,0
2026-05-09 15:37:22,1,1,1,1850.4,-119,7.6,246,1834,0,0.00,0.00,0,0,0.00,0.00,0
2026-05-09 15:37:22,1,1,1,1770.4,-88,8.7,268,1750,0,0.00,0.00,0,0,0.00,0.00,0
2026-05-09 15:37:22,1,1,1,1770.4,-88,8.7,268,1750,0,0.00,0.00,0,0,0.00,0.00,0
2026-05-09 15:37:22,1,1,1,1692.7,-88,9.6,282,1669,0,0.00,0.00,0,0,0.00,0.00,0
2026-05-09 15:37:22,1,1,1,1692.7,-88,9.6,282,1669,0,0.00,0.00,0,0,0.00,0.00,0
2026-05-09 15:37:23,1,1,1,1621.4,-79,10.6,297,1594,0,0.00,0.00,0,0,0.00,0.00,0
2026-05-09 15:37:23,1,1,1,1544.2,-88,11.5,309,1513,0,0.00,0.00,0,0,0.00,0.00,0
2026-05-09 15:37:23,1,1,1,1544.2,-88,11.5,309,1513,0,0.00,0.00,0,0,0.00,0.00,0
2026-05-09 15:37:23,1,1,1,1462.9,-96,12.4,313,1429,0,0.00,0.00,0,0,0.00,0.00,0
2026-05-09 15:37:23,1,1,1,1462.9,-96,12.4,313,1429,0,0.00,0.00,0,0,0.00,0.00,0
2026-05-09 15:37:23,1,1,1,1383.0,-104,12.7,305,1349,0,0.00,0.00,0,0,0.00,0.00,0
2026-05-09 15:37:23,1,1,1,1383.0,-104,12.7,305,1349,0,0.00,0.00,0,1,3.17,-0.02,4573
2026-05-09 15:37:23,1,1,1,1300.4,-104,13.0,293,1267,0,0.00,0.00,0,1,3.17,-0.02,4573
2026-05-09 15:37:23,1,1,1,1300.4,-104,13.0,293,1267,1,2.08,-0.42,50242,1,2.08,-0.42,50242
2026-05-09 15:37:23,1,1,1,1208.5,-88,12.9,270,1178,1,2.08,-0.42,50242,1,2.08,-0.42,50242
2026-05-09 15:37:23,1,1,1,1127.7,-72,12.5,244,1101,1,1.63,-0.55,61629,1,1.63,-0.55,61629
2026-05-09 15:37:23,1,1,1,1127.7,-72,12.5,244,1101,1,1.63,-0.55,61629,1,1.63,-0.55,61629
2026-05-09 15:37:23,1,1,1,1059.8,-79,11.6,214,1038,1,1.37,-0.59,1354,1,1.37,-0.59,1354
2026-05-09 15:37:23,1,1,1,1059.8,-79,11.6,214,1038,1,1.37,-0.59,1354,1,1.37,-0.59,1354
2026-05-09 15:37:23,1,1,1,991.1,-64,10.3,178,975,1,1.20,-0.59,19690,1,1.20,-0.59,19690
2026-05-09 15:37:23,1,1,1,991.1,-64,10.3,178,975,1,1.20,-0.59,19690,1,1.20,-0.59,19690
2026-05-09 15:37:23,1,1,1,925.3,-72,9.0,144,914,1,1.05,-0.58,10644,1,1.05,-0.58,10644
2026-05-09 15:37:23,1,1,1,859.6,-72,7.6,114,852,1,1.05,-0.58,10644,1,1.05,-0.58,10644
2026-05-09 15:37:23,1,1,1,859.6,-72,7.6,114,852,1,0.99,-0.58,10644,1,0.99,-0.58,10644
2026-05-09 15:37:23,1,1,1,797.3,-56,6.0,83,793,1,0.99,-0.58,10644,1,0.99,-0.58,10644
2026-05-09 15:37:24,1,1,1,797.3,-56,6.0,83,793,1,0.88,-0.56,37525,1,0.88,-0.56,37525
2026-05-09 15:37:24,1,1,1,750.5,-39,3.6,47,749,1,0.88,-0.56,37525,1,0.88,-0.56,37525
2026-05-09 15:37:24,1,1,1,750.5,-39,3.6,47,749,1,0.79,-0.54,56505,1,0.79,-0.54,56505
2026-05-09 15:37:24,1,1,1,702.6,-39,2.3,28,702,1,0.79,-0.54,56505,1,0.79,-0.54,56505
2026-05-09 15:37:24,1,1,1,702.6,-39,2.3,28,702,1,1.10,-0.30,5554,1,1.10,-0.30,5554
2026-05-09 15:37:24,1,1,1,657.2,-24,1.5,17,657,1,1.10,-0.30,5554,1,1.10,-0.30,5554
2026-05-09 15:37:24,1,1,1,612.0,-16,-0.7,-7,612,1,1.07,-0.30,5554,1,1.07,-0.30,5554
2026-05-09 15:37:24,1,1,1,612.0,-16,-0.7,-7,612,1,1.07,-0.30,5554,1,1.07,-0.30,5554
2026-05-09 15:37:24,1,1,1,571.3,0,-3.9,-39,570,1,1.07,-0.30,5554,1,1.07,-0.30,5554
2026-05-09 15:37:24,1,1,1,571.3,0,-3.9,-39,570,1,1.07,-0.30,5554,1,1.07,-0.30,5554
2026-05-09 15:37:24,1,1,1,534.3,0,-8.1,-75,529,1,1.07,-0.30,5554,1,1.07,-0.30,5554
2026-05-09 15:37:24,1,1,1,534.3,0,-8.1,-75,529,1,1.07,-0.30,5554,1,1.07,-0.30,5554
2026-05-09 15:37:24,1,1,1,505.6,16,-12.8,-112,493,1,3.14,0.02,6253,1,3.14,0.02,6253
2026-05-09 15:37:24,1,1,1,505.6,16,-12.8,-112,493,1,3.14,0.02,6253,1,3.14,0.02,6253
2026-05-09 15:37:24,1,1,1,489.7,24,-17.1,-144,468,1,1.84,-0.02,34706,1,1.84,-0.02,34706
2026-05-09 15:37:24,1,1,1,477.2,8,-21.5,-175,444,1,1.84,-0.02,34706,1,1.84,-0.02,34706
2026-05-09 15:37:24,1,1,1,477.2,8,-21.5,-175,444,1,1.40,0.01,61833,1,1.40,0.01,61833
2026-05-09 15:37:24,1,1,1,471.5,16,-25.4,-202,426,1,1.40,0.01,61833,1,1.40,0.01,61833
2026-05-09 15:37:24,1,1,1,471.5,16,-25.4,-202,426,1,1.87,0.08,3562,1,1.87,0.08,3562
2026-05-09 15:37:24,1,1,1,470.4,16,-28.9,-227,412,1,1.87,0.08,3562,1,1.87,0.08,3562
2026-05-09 15:37:25,1,1,1,470.4,16,-28.9,-227,412,1,1.68,0.23,51529,1,1.68,0.23,51529
2026-05-09 15:37:25,1,1,1,469.6,0,-31.6,-246,400,1,1.68,0.23,51529,1,1.68,0.23,51529
2026-05-09 15:37:25,1,1,1,483.0,48,-32.1,-257,409,1,1.70,0.23,51529,1,1.70,0.23,51529
2026-05-09 15:37:25,1,1,1,483.0,48,-32.1,-257,409,1,1.70,0.23,51529,1,1.70,0.23,51529
2026-05-09 15:37:25,1,1,1,492.7,56,-31.3,-256,421,1,1.99,0.27,9497,1,1.99,0.27,9497
2026-05-09 15:37:25,1,1,1,492.7,56,-31.3,-256,421,1,1.99,0.27,9497,1,1.99,0.27,9497
2026-05-09 15:37:25,1,1,1,498.6,39,-30.0,-249,432,1,2.20,0.28,8045,1,2.20,0.28,8045
2026-05-09 15:37:25,1,1,1,498.6,39,-30.0,-249,432,1,2.20,0.28,8045,1,2.20,0.28,8045
2026-05-09 15:37:25,1,1,1,498.8,64,-29.3,-244,435,1,2.02,0.27,23569,1,2.02,0.27,23569
2026-05-09 15:37:25,1,1,1,498.8,64,-29.3,-244,435,1,2.02,0.27,23569,1,2.02,0.27,23569
2026-05-09 15:37:25,1,1,1,501.1,72,-28.4,-238,441,1,1.89,0.28,55402,1,1.89,0.28,55402
2026-05-09 15:37:25,1,1,1,505.4,72,-27.1,-230,450,1,1.89,0.28,55402,1,1.89,0.28,55402
2026-05-09 15:37:25,1,1,1,505.4,72,-27.1,-230,450,1,1.92,0.28,55402,1,1.92,0.28,55402
2026-05-09 15:37:25,1,1,1,511.7,79,-25.5,-220,462,1,1.92,0.28,55402,1,1.92,0.28,55402
2026-05-09 15:37:25,1,1,1,511.7,79,-25.5,-220,462,1,1.92,0.28,55402,1,1.92,0.28,55402
2026-05-09 15:37:25,1,1,1,521.3,79,-23.5,-208,478,1,1.92,0.28,55402,1,1.92,0.28,55402
2026-05-09 15:37:25,1,1,1,521.3,79,-23.5,-208,478,1,1.92,0.28,55402,1,1.92,0.28,55402
2026-05-09 15:37:25,1,1,1,550.8,112,-16.9,-160,527,1,1.92,0.28,55402,1,1.92,0.28,55402
2026-05-09 15:37:25,1,1,1,591.7,39,-11.4,-117,580,1,1.92,0.28,55402,1,1.92,0.28,55402
2026-05-09 15:37:25,1,1,1,591.7,39,-11.4,-117,580,1,1.92,0.28,55402,1,1.92,0.28,55402
2026-05-09 15:37:26,1,1,1,675.7,79,-2.6,-31,675,1,1.92,0.28,55402,1,1.92,0.28,55402
2026-05-09 15:37:26,1,1,1,675.7,79,-2.6,-31,675,1,1.92,0.28,55402,1,1.92,0.28,55402
2026-05-09 15:37:26,1,1,1,764.1,88,3.1,41,763,1,1.92,0.28,55402,1,1.92,0.28,55402
2026-05-09 15:37:26,1,1,1,764.1,88,3.1,41,763,1,1.92,0.28,55402,1,1.92,0.28,55402
2026-05-09 15:37:26,1,1,1,860.9,96,7.3,109,854,1,1.31,1.19,22074,1,1.31,1.19,22074
2026-05-09 15:37:26,1,1,1,860.9,96,7.3,109,854,1,1.31,1.19,22074,1,1.31,1.19,22074
2026-05-09 15:37:26,1,1,1,957.6,112,11.3,188,939,1,1.46,1.19,34401,1,1.46,1.19,34401
2026-05-09 15:37:26,1,1,1,1052.4,96,14.2,259,1020,1,1.46,1.19,34401,1,1.46,1.19,34401
2026-05-09 15:37:26,1,1,1,1052.4,96,14.2,259,1020,1,1.55,1.11,61448,1,1.55,1.11,61448
2026-05-09 15:37:26,1,1,1,1145.1,96,16.5,325,1098,1,1.55,1.11,61448,1,1.55,1.11,61448
2026-05-09 15:37:26,1,1,1,1145.1,96,16.5,325,1098,1,1.68,1.07,12189,1,1.68,1.07,12189
2026-05-09 15:37:26,1,1,1,1240.5,88,17.2,367,1185,1,1.68,1.07,12189,1,1.68,1.07,12189
2026-05-09 15:37:26,1,1,1,1240.5,88,17.2,367,1185,1,1.77,1.04,57485,1,1.77,1.04,57485
2026-05-09 15:37:26,1,1,1,1330.7,88,18.5,422,1262,1,1.77,1.04,57485,1,1.77,1.04,57485
2026-05-09 15:37:26,1,1,1,1419.5,104,19.6,477,1337,1,1.88,1.04,57485,1,1.88,1.04,57485
2026-05-09 15:37:26,1,1,1,1419.5,104,19.6,477,1337,1,1.88,1.04,57485,1,1.88,1.04,57485
2026-05-09 15:37:26,1,1,1,1500.3,96,19.9,510,1411,1,1.88,1.04,57485,1,1.88,1.04,57485
2026-05-09 15:37:26,1,1,1,1500.3,96,19.9,510,1411,1,1.88,1.04,57485,1,1.88,1.04,57485
2026-05-09 15:37:26,1,1,1,1583.8,96,20.6,556,1483,1,1.88,1.04,57485,1,1.88,1.04,57485
2026-05-09 15:37:26,1,1,1,1583.8,96,20.6,556,1483,1,1.88,1.04,57485,1,1.88,1.04,57485
2026-05-09 15:37:27,1,1,1,1664.5,79,21.3,604,1551,1,1.88,1.04,57485,1,1.88,1.04,57485
2026-05-09 15:37:27,1,1,1,1664.5,79,21.3,604,1551,1,1.88,1.04,57485,1,1.88,1.04,57485
2026-05-09 15:37:27,1,1,1,1737.6,64,21.6,641,1615,1,1.88,1.04,57485,1,1.88,1.04,57485
2026-05-09 15:37:27,1,1,1,1807.4,56,21.6,664,1681,1,1.88,1.04,57485,1,1.88,1.04,57485
2026-05-09 15:37:27,1,1,1,1807.4,56,21.6,664,1681,1,2.25,0.53,15341,1,2.25,0.53,15341
2026-05-09 15:37:27,1,1,1,1870.4,64,21.2,676,1744,1,2.25,0.53,15341,1,2.25,0.53,15341
2026-05-09 15:37:27,1,1,1,1870.4,64,21.2,676,1744,1,2.30,0.53,15341,1,2.30,0.53,15341
2026-05-09 15:37:27,1,1,1,1931.8,64,20.7,683,1807,1,2.30,0.53,15341,1,2.30,0.53,15341
2026-05-09 15:37:27,1,1,1,1931.8,64,20.7,683,1807,1,2.30,0.53,15341,1,2.30,0.53,15341
2026-05-09 15:37:27,1,1,1,1991.2,72,20.4,695,1866,1,2.30,0.53,15341,1,2.30,0.53,15341
2026-05-09 15:37:27,1,1,1,2053.4,32,19.6,690,1934,1,2.30,0.53,15341,1,2.30,0.53,15341
2026-05-09 15:37:27,1,1,1,2053.4,32,19.6,690,1934,1,2.30,0.53,15341,1,2.30,0.53,15341
2026-05-09 15:37:27,1,1,1,2121.9,32,18.7,680,2010,1,2.30,0.53,15341,1,2.30,0.53,15341
2026-05-09 15:37:27,1,1,1,2121.9,32,18.7,680,2010,1,2.30,0.53,15341,1,2.30,0.53,15341
2026-05-09 15:37:27,1,1,1,2185.7,32,17.6,662,2083,1,2.30,0.53,15341,1,2.30,0.53,15341
2026-05-09 15:37:27,1,1,1,2185.7,32,17.6,662,2083,1,2.30,0.53,15341,1,2.30,0.53,15341
2026-05-09 15:37:27,1,1,1,2241.0,32,16.8,649,2145,1,2.30,0.53,15341,1,2.30,0.53,15341
2026-05-09 15:37:27,1,1,1,2241.0,32,16.8,649,2145,1,2.30,0.53,15341,1,2.30,0.53,15341
2026-05-09 15:37:27,1,1,1,2281.6,16,15.9,626,2194,1,2.30,0.53,15341,1,2.30,0.53,15341
2026-05-09 15:37:27,1,1,1,2315.0,16,15.2,607,2234,1,0.00,0.00,0,0,0.00,0.00,0
2026-05-09 15:37:28,1,1,1,2315.0,16,15.2,607,2234,1,0.00,0.00,0,0,0.00,0.00,0
2026-05-09 15:37:28,1,1,1,2345.3,8,14.3,578,2273,1,0.00,0.00,0,0,0.00,0.00,0
2026-05-09 15:37:28,1,1,1,2345.3,8,14.3,578,2273,1,0.00,0.00,0,0,0.00,0.00,0
2026-05-09 15:37:28,1,1,1,2359.2,-8,13.5,551,2294,1,0.00,0.00,0,0,0.00,0.00,0
2026-05-09 15:37:28,1,1,1,2359.2,-8,13.5,551,2294,0,0.00,0.00,0,0,0.00,0.00,0
2026-05-09 15:37:28,1,1,1,2369.5,-16,12.4,510,2314,0,0.00,0.00,0,0,0.00,0.00,0
2026-05-09 15:37:28,1,1,1,2371.9,-24,11.8,484,2322,0,0.00,0.00,0,0,0.00,0.00,0
2026-05-09 15:37:28,1,1,1,2371.9,-24,11.8,484,2322,0,0.00,0.00,0,0,0.00,0.00,0
2026-05-09 15:37:28,1,1,1,2379.5,-8,11.0,453,2336,0,0.00,0.00,0,0,0.00,0.00,0
2026-05-09 15:37:28,1,1,1,2379.5,-8,11.0,453,2336,0,0.00,0.00,0,0,0.00,0.00,0
2026-05-09 15:37:28,1,1,1,2476.9,-8,8.8,377,2448,0,0.00,0.00,0,0,0.00,0.00,0
2026-05-09 15:37:28,1,1,1,2476.9,-8,8.8,377,2448,0,0.00,0.00,0,0,0.00,0.00,0
2026-05-09 15:37:28,1,1,1,2574.1,-96,6.6,296,2557,0,0.00,0.00,0,0,0.00,0.00,0
2026-05-09 15:37:28,1,1,1,2574.1,-96,6.6,296,2557,0,0.00,0.00,0,0,0.00,0.00,0
2026-05-09 15:37:28,1,1,1,2542.3,-56,5.9,260,2529,0,0.00,0.00,0,0,0.00,0.00,0
2026-05-09 15:37:28,1,1,1,2502.0,0,5.1,224,2492,0,0.00,0.00,0,0,0.00,0.00,0
2026-05-09 15:37:28,1,1,1,2502.0,0,5.1,224,2492,0,0.00,0.00,0,0,0.00,0.00,0
2026-05-09 15:37:28,1,1,1,2572.7,0,3.1,138,2569,0,0.00,0.00,0,0,0.00,0.00,0
2026-05-09 15:37:28,1,1,1,2572.7,0,3.1,138,2569,0,0.00,0.00,0,0,0.00,0.00,0
2026-05-09 15:37:28,1,1,1,2666.6,0,1.2,58,2666,0,0.00,0.00,0,0,0.00,0.00,0
2026-05-09 15:37:29,1,1,1,2666.6,0,1.2,58,2666,0,0.00,0.00,0,0,0.00,0.00,0
2026-05-09 15:37:29,1,1,1,2763.1,-96,-0.4,-21,2763,0,0.00,0.00,0,0,0.00,0.00,0
2026-05-09 15:37:29,1,1,1,2763.1,-96,-0.4,-21,2763,0,0.00,0.00,0,0,0.00,0.00,0
2026-05-09 15:37:29,1,1,1,2650.3,-72,-0.9,-43,2650,0,0.00,0.00,0,0,0.00,0.00,0
2026-05-09 15:37:29,1,1,1,2499.9,-79,-1.6,-68,2499,0,0.00,0.00,0,0,0.00,0.00,0
2026-05-09 15:37:29,1,1,1,2499.9,-79,-1.6,-68,2499,0,0.00,0.00,0,0,0.00,0.00,0
2026-05-09 15:37:29,1,1,1,2350.0,-119,-2.4,-98,2348,0,0.00,0.00,0,0,0.00,0.00,0
2026-05-09 15:37:29,1,1,1,2350.0,-119,-2.4,-98,2348,0,0.00,0.00,0,0,0.00,0.00,0
2026-05-09 15:37:29,1,1,1,2204.5,-88,-3.3,-125,2201,0,0.00,0.00,0,0,0.00,0.00,0
2026-05-09 15:37:29,1,1,1,2204.5,-88,-3.3,-125,2201,0,0.00,0.00,0,0,0.00,0.00,0
2026-05-09 15:37:29,1,1,1,2066.0,-88,-4.0,-144,2061,0,0.00,0.00,0,0,0.00,0.00,0
2026-05-09 15:37:29,1,1,1,1941.3,-104,-4.6,-156,1935,0,0.00,0.00,0,0,0.00,0.00,0
2026-05-09 15:37:29,1,1,1,1941.3,-104,-4.6,-156,1935,0,0.00,0.00,0,0,0.00,0.00,0
2026-05-09 15:37:29,1,1,1,1824.6,-104,-4.9,-155,1818,0,0.00,0.00,0,0,0.00,0.00,0
2026-05-09 15:37:29,1,1,1,1824.6,-104,-4.9,-155,1818,0,0.00,0.00,0,0,0.00,0.00,0
2026-05-09 15:37:29,1,1,1,1713.9,-104,-4.8,-142,1708,0,0.00,0.00,0,0,0.00,0.00,0
2026-05-09 15:37:29,1,1,1,1713.9,-104,-4.8,-142,1708,0,0.00,0.00,0,0,0.00,0.00,0
2026-05-09 15:37:29,1,1,1,1609.1,-88,-5.0,-140,1603,0,0.00,0.00,0,0,0.00,0.00,0
2026-05-09 15:37:29,1,1,1,1609.1,-88,-5.0,-140,1603,0,0.00,0.00,0,1,1.24,-0.87,62401
2026-05-09 15:37:29,1,1,1,1510.0,-88,-5.1,-135,1504,0,0.00,0.00,0,1,1.24,-0.87,62401
2026-05-09 15:37:30,1,1,1,1410.5,-96,-5.5,-135,1404,1,1.08,-0.89,17209,1,1.08,-0.89,17209
2026-05-09 15:37:30,1,1,1,1410.5,-96,-5.5,-135,1404,1,1.08,-0.89,17209,1,1.08,-0.89,17209
2026-05-09 15:37:30,1,1,1,1316.3,-96,-5.6,-129,1310,1,0.99,-0.89,17209,1,0.99,-0.89,17209
2026-05-09 15:37:30,1,1,1,1316.3,-96,-5.6,-129,1310,1,0.99,-0.89,17209,1,0.99,-0.89,17209
2026-05-09 15:37:30,1,1,1,1222.6,-104,-6.0,-127,1216,1,0.99,-0.89,17209,1,0.99,-0.89,17209
2026-05-09 15:37:30,1,1,1,1222.6,-104,-6.0,-127,1216,1,0.99,-0.89,17209,1,0.99,-0.89,17209
2026-05-09 15:37:30,1,1,1,1128.2,-88,-6.0,-118,1122,1,0.99,-0.89,17209,1,0.99,-0.89,17209
2026-05-09 15:37:30,1,1,1,1039.7,-72,-5.5,-99,1035,1,0.99,-0.89,17209,1,0.99,-0.89,17209
2026-05-09 15:37:30,1,1,1,1039.7,-72,-5.5,-99,1035,1,0.99,-0.89,17209,1,0.99,-0.89,17209
2026-05-09 15:37:30,1,1,1,942.6,-72,-3.3,-55,941,1,0.99,-0.89,17209,1,0.99,-0.89,17209
2026-05-09 15:37:30,1,1,1,942.6,-72,-3.3,-55,941,1,0.99,-0.89,17209,1,0.99,-0.89,17209
2026-05-09 15:37:30,1,1,1,860.3,-64,-1.6,-24,860,1,0.99,-0.89,17209,1,0.99,-0.89,17209
2026-05-09 15:37:30,1,1,1,860.3,-64,-1.6,-24,860,1,0.99,-0.89,17209,1,0.99,-0.89,17209
2026-05-09 15:37:30,1,1,1,787.1,-56,-1.1,-15,787,1,0.99,-0.89,17209,1,0.99,-0.89,17209
2026-05-09 15:37:30,1,1,1,787.1,-56,-1.1,-15,787,1,0.51,-0.67,62481,1,0.51,-0.67,62481
2026-05-09 15:37:30,1,1,1,720.1,-56,-1.1,-14,720,1,0.51,-0.67,62481,1,0.51,-0.67,62481
2026-05-09 15:37:30,1,1,1,659.0,-64,-0.2,-2,659,1,0.44,-0.67,62481,1,0.44,-0.67,62481
2026-05-09 15:37:30,1,1,1,659.0,-64,-0.2,-2,659,1,0.44,-0.67,62481,1,0.44,-0.67,62481
2026-05-09 15:37:30,1,1,1,603.1,-39,1.2,13,603,1,0.44,-0.67,62481,1,0.44,-0.67,62481
2026-05-09 15:37:30,1,1,1,603.1,-39,1.2,13,603,1,0.44,-0.67,62481,1,0.44,-0.67,62481
2026-05-09 15:37:31,1,1,1,550.7,-32,2.8,27,550,1,0.44,-0.67,62481,1,0.44,-0.67,62481
2026-05-09 15:37:31,1,1,1,550.7,-32,2.8,27,550,1,0.44,-0.67,62481,1,0.44,-0.67,62481
2026-05-09 15:37:31,1,1,1,501.7,-8,3.0,26,501,1,0.44,-0.67,62481,1,0.44,-0.67,62481
2026-05-09 15:37:31,1,1,1,462.4,0,2.5,20,462,1,0.44,-0.67,62481,1,0.44,-0.67,62481
2026-05-09 15:37:31,1,1,1,462.4,0,2.5,20,462,1,0.44,-0.67,62481,1,0.44,-0.67,62481
2026-05-09 15:37:31,1,1,1,438.3,16,2.0,15,438,1,0.44,-0.67,62481,1,0.44,-0.67,62481
2026-05-09 15:37:31,1,1,1,438.3,16,2.0,15,438,1,0.44,-0.67,62481,1,0.44,-0.67,62481
2026-05-09 15:37:31,1,1,1,407.3,16,2.3,16,407,1,0.44,-0.67,62481,1,0.44,-0.67,62481
2026-05-09 15:37:31,1,1,1,407.3,16,2.3,16,407,1,0.44,-0.67,62481,1,0.44,-0.67,62481
2026-05-09 15:37:31,1,1,1,388.2,64,1.8,12,388,1,0.00,0.00,0,0,0.00,0.00,0
2026-05-09 15:37:31,1,1,1,388.2,64,1.8,12,388,1,0.00,0.00,0,0,0.00,0.00,0
2026-05-09 15:37:31,1,1,1,377.1,88,-1.1,-7,377,1,0.00,0.00,0,0,0.00,0.00,0
2026-05-09 15:37:31,1,1,1,376.7,88,-6.9,-45,374,1,0.52,0.95,29225,1,0.52,0.95,29225
2026-05-09 15:37:31,1,1,1,376.7,88,-6.9,-45,374,1,0.52,0.95,29225,1,0.52,0.95,29225
2026-05-09 15:37:31,1,1,1,402.7,64,-12.6,-88,393,1,0.68,0.85,7729,1,0.68,0.85,7729
2026-05-09 15:37:31,1,1,1,402.7,64,-12.6,-88,393,1,0.68,0.85,7729,1,0.68,0.85,7729
2026-05-09 15:37:31,1,1,1,443.4,72,-18.3,-139,421,1,0.75,0.82,7113,1,0.75,0.82,7113
2026-05-09 15:37:31,1,1,1,443.4,72,-18.3,-139,421,1,0.75,0.82,7113,1,0.75,0.82,7113
2026-05-09 15:37:31,1,1,1,493.5,79,-22.8,-191,455,1,0.82,0.82,51362,1,0.82,0.82,51362
2026-05-09 15:37:31,1,1,1,553.9,79,-25.0,-234,502,1,0.82,0.82,51362,1,0.82,0.82,51362
2026-05-09 15:37:32,1,1,1,553.9,79,-25.0,-234,502,1,0.93,0.86,32129,1,0.93,0.86,32129
2026-05-09 15:37:32,1,1,1,623.0,104,-26.6,-279,557,1,0.93,0.86,32129,1,0.93,0.86,32129
2026-05-09 15:37:32,1,1,1,623.0,104,-26.6,-279,557,1,1.03,0.93,25744,1,1.03,0.93,25744
2026-05-09 15:37:32,1,1,1,698.1,104,-27.0,-317,622,1,1.03,0.93,25744,1,1.03,0.93,25744
2026-05-09 15:37:32,1,1,1,698.1,104,-27.0,-317,622,1,1.14,0.95,54345,1,1.14,0.95,54345
2026-05-09 15:37:32,1,1,1,772.4,96,-27.2,-353,687,1,1.14,0.95,54345,1,1.14,0.95,54345
2026-05-09 15:37:32,1,1,1,772.4,96,-27.2,-353,687,1,1.24,0.95,43197,1,1.24,0.95,43197
2026-05-09 15:37:32,1,1,1,844.9,79,-27.6,-391,749,1,1.24,0.95,43197,1,1.24,0.95,43197
2026-05-09 15:37:32,1,1,1,919.6,88,-28.7,-441,807,1,1.33,0.95,43197,1,1.33,0.95,43197
2026-05-09 15:37:32,1,1,1,919.6,88,-28.7,-441,807,1,1.33,0.95,43197,1,1.33,0.95,43197
2026-05-09 15:37:32,1,1,1,995.8,88,-28.8,-479,873,1,1.44,0.96,35152,1,1.44,0.96,35152
2026-05-09 15:37:32,1,1,1,995.8,88,-28.8,-479,873,1,1.44,0.96,35152,1,1.44,0.96,35152
2026-05-09 15:37:32,1,1,1,1073.9,88,-29.0,-521,939,1,1.54,0.96,35152,1,1.54,0.96,35152
2026-05-09 15:37:32,1,1,1,1073.9,88,-29.0,-521,939,1,1.54,0.96,35152,1,1.54,0.96,35152
2026-05-09 15:37:32,1,1,1,1151.3,112,-28.5,-549,1012,1,1.54,0.96,35152,1,1.54,0.96,35152
2026-05-09 15:37:32,1,1,1,1151.3,112,-28.5,-549,1012,1,1.54,0.96,35152,1,1.54,0.96,35152
2026-05-09 15:37:32,1,1,1,1235.1,112,-27.9,-577,1092,1,1.54,0.96,35152,1,1.54,0.96,35152
2026-05-09 15:37:32,1,1,1,1316.4,88,-27.8,-613,1165,1,1.54,0.96,35152,1,1.54,0.96,35152
2026-05-09 15:37:32,1,1,1,1316.4,88,-27.8,-613,1165,1,1.54,0.96,35152,1,1.54,0.96,35152
2026-05-09 15:37:32,1,1,1,1395.7,79,-27.9,-654,1233,1,1.54,0.96,35152,1,1.54,0.96,35152
2026-05-09 15:37:33,1,1,1,1395.7,79,-27.9,-654,1233,1,1.54,0.96,35152,1,1.54,0.96,35152
2026-05-09 15:37:33,1,1,1,1474.7,72,-27.6,-683,1307,1,1.54,0.96,35152,1,1.54,0.96,35152
2026-05-09 15:37:33,1,1,1,1474.7,72,-27.6,-683,1307,1,1.54,0.96,35152,1,1.54,0.96,35152
2026-05-09 15:37:33,1,1,1,1550.7,79,-27.5,-717,1375,1,1.54,0.96,35152,1,1.54,0.96,35152
2026-05-09 15:37:33,1,1,1,1620.7,88,-27.8,-757,1433,1,1.54,0.96,35152,1,1.54,0.96,35152
2026-05-09 15:37:33,1,1,1,1620.7,88,-27.8,-757,1433,1,0.00,0.00,0,0,0.00,0.00,0
2026-05-09 15:37:33,1,1,1,1698.4,0,-28.3,-804,1496,1,0.00,0.00,0,0,0.00,0.00,0
2026-05-09 15:37:33,1,1,1,1698.4,0,-28.3,-804,1496,1,0.00,0.00,0,0,0.00,0.00,0
2026-05-09 15:37:33,1,1,1,1937.4,0,-29.9,-965,1680,1,0.00,0.00,0,0,0.00,0.00,0
2026-05-09 15:37:33,1,1,1,1937.4,0,-29.9,-965,1680,1,0.00,0.00,0,0,0.00,0.00,0
2026-05-09 15:37:33,1,1,1,2173.6,0,-31.8,-1146,1847,0,0.00,0.00,0,0,0.00,0.00,0
2026-05-09 15:37:33,1,1,1,2173.6,0,-31.8,-1146,1847,0,0.00,0.00,0,0,0.00,0.00,0
2026-05-09 15:37:33,1,1,1,2394.4,56,-33.2,-1312,2003,0,0.00,0.00,0,0,0.00,0.00,0
2026-05-09 15:37:33,1,1,1,2574.1,0,-33.4,-1417,2149,0,0.00,0.00,0,0,0.00,0.00,0
2026-05-09 15:37:33,1,1,1,2574.1,0,-33.4,-1417,2149,0,0.00,0.00,0,0,0.00,0.00,0
2026-05-09 15:37:33,1,1,1,2643.5,32,-32.0,-1399,2243,0,0.00,0.00,0,0,0.00,0.00,0
2026-05-09 15:37:33,1,1,1,2643.5,32,-32.0,-1399,2243,0,0.00,0.00,0,0,0.00,0.00,0
2026-05-09 15:37:33,1,1,1,2697.6,0,-29.3,-1321,2352,0,0.00,0.00,0,0,0.00,0.00,0
2026-05-09 15:37:33,1,1,1,2697.6,0,-29.3,-1321,2352,0,0.00,0.00,0,0,0.00,0.00,0
2026-05-09 15:37:33,1,1,1,2703.0,48,-26.6,-1210,2417,0,0.00,0.00,0,0,0.00,0.00,0
2026-05-09 15:37:34,1,1,1,2622.0,32,-24.0,-1065,2396,0,0.00,0.00,0,1,2.50,0.25,14365
2026-05-09 15:37:34,1,1,1,2622.0,32,-24.0,-1065,2396,0,0.00,0.00,0,1,2.50,0.25,14365
2026-05-09 15:37:34,1,1,1,2551.6,0,-21.3,-925,2378,1,2.51,0.26,21610,1,2.51,0.26,21610
2026-05-09 15:37:34,1,1,1,2551.6,0,-21.3,-925,2378,1,2.51,0.26,21610,1,2.51,0.26,21610
2026-05-09 15:37:34,1,1,1,2604.5,0,-18.8,-838,2466,1,2.54,0.26,21610,1,2.54,0.26,21610
2026-05-09 15:37:34,1,1,1,2604.5,0,-18.8,-838,2466,1,2.54,0.26,21610,1,2.54,0.26,21610
2026-05-09 15:37:34,1,1,1,2656.2,16,-16.6,-757,2546,1,2.54,0.26,21610,1,2.54,0.26,21610
2026-05-09 15:37:34,1,1,1,2656.2,16,-16.6,-757,2546,1,2.54,0.26,21610,1,2.54,0.26,21610
2026-05-09 15:37:34,1,1,1,2744.5,0,-14.8,-699,2654,1,2.54,0.26,21610,1,2.54,0.26,21610
2026-05-09 15:37:34,1,1,1,2828.5,32,-13.2,-645,2754,1,2.54,0.26,21610,1,2.54,0.26,21610
2026-05-09 15:37:34,1,1,1,2828.5,32,-13.2,-645,2754,1,2.54,0.26,21610,1,2.54,0.26,21610
2026-05-09 15:37:34,1,1,1,2791.2,32,-11.7,-567,2733,1,2.54,0.26,21610,1,2.54,0.26,21610
2026-05-09 15:37:34,1,1,1,2791.2,32,-11.7,-567,2733,1,2.54,0.26,21610,1,2.54,0.26,21610
2026-05-09 15:37:34,1,1,1,2756.2,0,-10.4,-497,2711,1,2.54,0.26,21610,1,2.54,0.26,21610
2026-05-09 15:37:34,1,1,1,2756.2,0,-10.4,-497,2711,1,2.54,0.26,21610,1,2.54,0.26,21610
2026-05-09 15:37:34,1,1,1,2753.5,0,-8.9,-428,2720,1,2.54,0.26,21610,1,2.54,0.26,21610
2026-05-09 15:37:34,1,1,1,2754.7,0,-7.4,-353,2732,1,2.54,0.26,21610,1,2.54,0.26,21610
2026-05-09 15:37:34,1,1,1,2754.7,0,-7.4,-353,2732,1,0.00,0.00,0,0,0.00,0.00,0
2026-05-09 15:37:34,1,1,1,2736.5,-8,-5.5,-261,2724,1,0.00,0.00,0,0,0.00,0.00,0
2026-05-09 15:37:34,1,1,1,2736.5,-8,-5.5,-261,2724,1,0.00,0.00,0,0,0.00,0.00,0
2026-05-09 15:37:35,1,1,1,2728.9,0,-3.8,-180,2723,1,0.00,0.00,0,0,0.00,0.00,0
2026-05-09 15:37:35,1,1,1,2728.9,0,-3.8,-180,2723,1,0.00,0.00,0,0,0.00,0.00,0
2026-05-09 15:37:35,1,1,1,2757.8,0,-3.4,-163,2753,0,0.00,0.00,0,0,0.00,0.00,0
2026-05-09 15:37:35,1,1,1,2757.8,0,-3.4,-163,2753,0,0.00,0.00,0,0,0.00,0.00,0
2026-05-09 15:37:35,1,1,1,2774.0,-56,-3.1,-148,2770,0,0.00,0.00,0,0,0.00,0.00,0
2026-05-09 15:37:35,1,1,1,2725.1,-79,-1.7,-79,2724,0,0.00,0.00,0,0,0.00,0.00,0
2026-05-09 15:37:35,1,1,1,2725.1,-79,-1.7,-79,2724,0,0.00,0.00,0,0,0.00,0.00,0
2026-05-09 15:37:35,1,1,1,2655.0,-79,-0.3,-14,2655,0,0.00,0.00,0,0,0.00,0.00,0
2026-05-09 15:37:35,1,1,1,2655.0,-79,-0.3,-14,2655,0,0.00,0.00,0,0,0.00,0.00,0
2026-05-09 15:37:35,1,1,1,2579.1,-72,0.6,27,2579,0,0.00,0.00,0,0,0.00,0.00,0
2026-05-09 15:37:45,1,1,1,485.7,-32,20.5,170,455,1,0.45,-0.47,12417,1,0.45,-0.47,12417
2026-05-09 15:37:45,1,1,1,485.7,-32,20.5,170,455,1,0.45,-0.47,12417,1,0.45,-0.47,12417
2026-05-09 15:37:45,1,1,1,447.9,-16,19.6,150,422,1,0.45,-0.47,12417,1,0.45,-0.47,12417
2026-05-09 15:37:45,1,1,1,447.9,-16,19.6,150,422,1,0.45,-0.47,12417,1,0.45,-0.47,12417
2026-05-09 15:37:45,1,1,1,416.3,-39,20.1,143,391,1,0.45,-0.47,12417,1,0.45,-0.47,12417
2026-05-09 15:37:45,1,1,1,389.2,-24,21.6,143,362,1,0.45,-0.47,12417,1,0.45,-0.47,12417
2026-05-09 15:37:45,1,1,1,389.2,-24,21.6,143,362,1,0.45,-0.47,12417,1,0.45,-0.47,12417
2026-05-09 15:37:45,1,1,1,367.3,0,21.4,134,342,1,0.45,-0.47,12417,1,0.45,-0.47,12417
2026-05-09 15:37:45,1,1,1,367.3,0,21.4,134,342,1,0.45,-0.47,12417,1,0.45,-0.47,12417
2026-05-09 15:37:45,1,1,1,351.7,32,19.8,119,331,1,0.45,-0.47,12417,1,0.45,-0.47,12417
2026-05-09 15:37:46,1,1,1,351.7,32,19.8,119,331,1,0.45,-0.47,12417,1,0.45,-0.47,12417
2026-05-09 15:37:46,1,1,1,342.6,79,15.6,92,330,1,0.45,-0.47,12417,1,0.45,-0.47,12417
2026-05-09 15:37:46,1,1,1,342.6,79,15.6,92,330,1,0.53,0.95,3506,1,0.53,0.95,3506
2026-05-09 15:37:46,1,1,1,341.8,104,9.6,57,337,1,0.53,0.95,3506,1,0.53,0.95,3506
2026-05-09 15:37:46,1,1,1,353.4,112,2.6,16,353,1,0.62,0.95,3506,1,0.62,0.95,3506
2026-05-09 15:37:46,1,1,1,353.4,112,2.6,16,353,1,0.62,0.95,3506,1,0.62,0.95,3506
2026-05-09 15:37:46,1,1,1,386.4,79,-2.7,-18,386,1,2.08,0.97,4896,1,2.08,0.97,4896
2026-05-09 15:37:46,1,1,1,386.4,79,-2.7,-18,386,1,2.08,0.97,4896,1,2.08,0.97,4896
2026-05-09 15:37:46,1,1,1,439.5,79,-6.1,-47,437,1,2.52,0.85,2089,1,2.52,0.85,2089
2026-05-09 15:37:46,1,1,1,439.5,79,-6.1,-47,437,1,2.52,0.85,2089,1,2.52,0.85,2089
2026-05-09 15:37:46,1,1,1,505.3,72,-7.5,-66,501,1,2.60,0.85,2089,1,2.60,0.85,2089
2026-05-09 15:37:46,1,1,1,577.0,88,-8.3,-83,571,1,2.60,0.85,2089,1,2.60,0.85,2089
2026-05-09 15:37:46,1,1,1,577.0,88,-8.3,-83,571,1,2.60,0.85,2089,1,2.60,0.85,2089
2026-05-09 15:37:46,1,1,1,616.8,104,-8.5,-91,610,0,0.00,0.00,0,1,2.60,0.85,2089
2026-05-09 15:37:46,1,1,1,616.8,104,-8.5,-91,610,0,0.00,0.00,0,1,2.60,0.85,2089
2026-05-09 15:37:46,1,1,1,662.7,119,-8.8,-101,655,0,0.00,0.00,0,1,2.60,0.85,2089
2026-05-09 15:37:46,1,1,1,662.7,119,-8.8,-101,655,0,0.00,0.00,0,1,2.60,0.85,2089
2026-05-09 15:37:46,1,1,1,713.7,104,-8.9,-111,705,0,0.00,0.00,0,1,2.60,0.85,2089
2026-05-09 15:37:46,1,1,1,713.7,104,-8.9,-111,705,0,0.00,0.00,0,1,1.26,0.95,40474
2026-05-09 15:37:46,1,1,1,819.7,96,-8.8,-126,810,0,0.00,0.00,0,1,1.26,0.95,40474
2026-05-09 15:37:47,1,1,1,922.8,96,-9.2,-147,911,1,1.36,0.95,40474,1,1.36,0.95,40474
2026-05-09 15:37:47,1,1,1,922.8,96,-9.2,-147,911,1,1.36,0.95,40474,1,1.36,0.95,40474
2026-05-09 15:37:47,1,1,1,1024.3,88,-8.9,-158,1012,1,1.48,0.96,11178,1,1.48,0.96,11178
2026-05-09 15:37:47,1,1,1,1024.3,88,-8.9,-158,1012,1,1.48,0.96,11178,1,1.48,0.96,11178
2026-05-09 15:37:47,1,1,1,1115.5,96,-8.2,-160,1104,1,1.57,0.96,11178,1,1.57,0.96,11178
2026-05-09 15:37:47,1,1,1,1115.5,96,-8.2,-160,1104,1,1.57,0.96,11178,1,1.57,0.96,11178
2026-05-09 15:37:47,1,1,1,1210.4,104,-7.9,-166,1199,1,1.57,0.96,11178,1,1.57,0.96,11178
2026-05-09 15:37:47,1,1,1,1303.3,104,-7.5,-171,1292,1,1.57,0.96,11178,1,1.57,0.96,11178
2026-05-09 15:37:47,1,1,1,1303.3,104,-7.5,-171,1292,1,1.57,0.96,11178,1,1.57,0.96,11178
2026-05-09 15:37:47,1,1,1,1391.8,88,-7.1,-173,1381,1,1.57,0.96,11178,1,1.57,0.96,11178
2026-05-09 15:37:47,1,1,1,1391.8,88,-7.1,-173,1381,1,1.57,0.96,11178,1,1.57,0.96,11178
2026-05-09 15:37:47,1,1,1,1479.4,79,-7.4,-191,1467,1,1.57,0.96,11178,1,1.57,0.96,11178
2026-05-09 15:37:47,1,1,1,1479.4,79,-7.4,-191,1467,1,1.57,0.96,11178,1,1.57,0.96,11178
2026-05-09 15:37:47,1,1,1,1561.0,79,-7.4,-201,1548,1,1.57,0.96,11178,1,1.57,0.96,11178
2026-05-09 15:37:47,1,1,1,1561.0,79,-7.4,-201,1548,1,1.57,0.96,11178,1,1.57,0.96,11178
2026-05-09 15:37:47,1,1,1,1639.6,79,-7.1,-203,1627,1,1.57,0.96,11178,1,1.57,0.96,11178
2026-05-09 15:37:47,1,1,1,1719.4,88,-6.6,-198,1708,1,1.57,0.96,11178,1,1.57,0.96,11178
2026-05-09 15:37:47,1,1,1,1719.4,88,-6.6,-198,1708,1,0.00,0.00,0,0,0.00,0.00,0
2026-05-09 15:37:47,1,1,1,1797.5,88,-6.5,-203,1786,1,0.00,0.00,0,0,0.00,0.00,0
2026-05-09 15:37:47,1,1,1,1797.5,88,-6.5,-203,1786,1,0.00,0.00,0,0,0.00,0.00,0
2026-05-09 15:37:48,1,1,1,1876.0,0,-5.9,-193,1866,1,0.00,0.00,0,0,0.00,0.00,0
2026-05-09 15:37:48,1,1,1,1876.0,0,-5.9,-193,1866,1,0.00,0.00,0,0,0.00,0.00,0
2026-05-09 15:37:48,1,1,1,1950.9,72,-5.5,-186,1942,0,0.00,0.00,0,0,0.00,0.00,0
2026-05-09 15:37:48,1,1,1,2024.7,79,-4.7,-165,2018,0,0.00,0.00,0,0,0.00,0.00,0
2026-05-09 15:37:48,1,1,1,2024.7,79,-4.7,-165,2018,0,0.00,0.00,0,0,0.00,0.00,0
2026-05-09 15:37:48,1,1,1,2092.9,48,-4.3,-157,2087,0,0.00,0.00,0,0,0.00,0.00,0
2026-05-09 15:37:48,1,1,1,2092.9,48,-4.3,-157,2087,0,0.00,0.00,0,0,0.00,0.00,0
2026-05-09 15:37:48,1,1,1,2157.4,56,-4.1,-153,2152,0,0.00,0.00,0,0,0.00,0.00,0
2026-05-09 15:37:48,1,1,1,2157.4,56,-4.1,-153,2152,0,0.00,0.00,0,0,0.00,0.00,0
2026-05-09 15:37:48,1,1,1,2220.5,56,-3.7,-142,2216,0,0.00,0.00,0,0,0.00,0.00,0
2026-05-09 15:37:48,1,1,1,2220.5,56,-3.7,-142,2216,0,0.00,0.00,0,0,0.00,0.00,0
2026-05-09 15:37:48,1,1,1,2297.1,0,-3.4,-138,2293,0,0.00,0.00,0,0,0.00,0.00,0
2026-05-09 15:37:48,1,1,1,2431.2,0,-3.7,-159,2426,0,0.00,0.00,0,0,0.00,0.00,0
2026-05-09 15:37:48,1,1,1,2431.2,0,-3.7,-159,2426,0,0.00,0.00,0,0,0.00,0.00,0
2026-05-09 15:37:48,1,1,1,2550.3,0,-3.7,-164,2545,0,0.00,0.00,0,0,0.00,0.00,0
2026-05-09 15:37:48,1,1,1,2550.3,0,-3.7,-164,2545,0,0.00,0.00,0,0,0.00,0.00,0
2026-05-09 15:37:48,1,1,1,2655.2,0,-3.2,-149,2651,0,0.00,0.00,0,0,0.00,0.00,0
2026-05-09 15:37:48,1,1,1,2655.2,0,-3.2,-149,2651,0,0.00,0.00,0,0,0.00,0.00,0
2026-05-09 15:37:48,1,1,1,2733.9,-16,-2.6,-125,2731,0,0.00,0.00,0,0,0.00,0.00,0
2026-05-09 15:37:48,1,1,1,2712.2,-32,-1.7,-81,2711,0,0.00,0.00,0,0,0.00,0.00,0
2026-05-09 15:37:49,1,1,1,2712.2,-32,-1.7,-81,2711,0,0.00,0.00,0,0,0.00,0.00,0
2026-05-09 15:37:49,1,1,1,2650.1,-48,-0.6,-26,2650,0,0.00,0.00,0,0,0.00,0.00,0
2026-05-09 15:37:49,1,1,1,2650.1,-48,-0.6,-26,2650,0,0.00,0.00,0,0,0.00,0.00,0
2026-05-09 15:37:49,1,1,1,2592.0,-56,0.2,8,2592,0,0.00,0.00,0,0,0.00,0.00,0
2026-05-09 15:37:49,1,1,1,2592.0,-56,0.2,8,2592,0,0.00,0.00,0,0,0.00,0.00,0
2026-05-09 15:37:49,1,1,1,2528.6,-39,1.2,55,2528,0,0.00,0.00,0,0,0.00,0.00,0
2026-05-09 15:37:49,1,1,1,2528.6,-39,1.2,55,2528,0,0.00,0.00,0,0,0.00,0.00,0
2026-05-09 15:37:49,1,1,1,2479.6,-39,2.1,90,2478,0,0.00,0.00,0,0,0.00,0.00,0
2026-05-09 15:37:49,1,1,1,2434.1,-79,2.4,101,2432,0,0.00,0.00,0,0,0.00,0.00,0
2026-05-09 15:37:49,1,1,1,2434.1,-79,2.4,101,2432,0,0.00,0.00,0,0,0.00,0.00,0
2026-05-09 15:37:49,1,1,1,2381.1,-79,1.7,72,2380,0,0.00,0.00,0,0,0.00,0.00,0
2026-05-09 15:37:49,1,1,1,2381.1,-79,1.7,72,2380,0,0.00,0.00,0,0,0.00,0.00,0
2026-05-09 15:37:49,1,1,1,2324.2,-96,0.8,32,2324,0,0.00,0.00,0,0,0.00,0.00,0
2026-05-09 15:37:49,1,1,1,2324.2,-96,0.8,32,2324,0,0.00,0.00,0,0,0.00,0.00,0
2026-05-09 15:37:49,1,1,1,2264.0,-96,-0.1,-2,2264,0,0.00,0.00,0,0,0.00,0.00,0
2026-05-09 15:37:49,1,1,1,2204.1,-88,-0.4,-17,2204,0,0.00,0.00,0,0,0.00,0.00,0
2026-05-09 15:37:49,1,1,1,2204.1,-88,-0.4,-17,2204,0,0.00,0.00,0,0,0.00,0.00,0
2026-05-09 15:37:49,1,1,1,2142.2,-79,-0.7,-26,2142,0,0.00,0.00,0,0,0.00,0.00,0
2026-05-09 15:37:49,1,1,1,2142.2,-79,-0.7,-26,2142,0,0.00,0.00,0,0,0.00,0.00,0
2026-05-09 15:37:49,1,1,1,2077.2,-88,-0.7,-25,2077,0,0.00,0.00,0,0,0.00,0.00,0
2026-05-09 15:37:50,1,1,1,2077.2,-88,-0.7,-25,2077,0,0.00,0.00,0,0,0.00,0.00,0
2026-05-09 15:37:50,1,1,1,2008.1,-88,-0.4,-15,2008,0,0.00,0.00,0,0,0.00,0.00,0
2026-05-09 15:37:50,1,1,1,2008.1,-88,-0.4,-15,2008,0,0.00,0.00,0,0,0.00,0.00,0
2026-05-09 15:37:50,1,1,1,1932.0,-96,-0.1,-4,1932,0,0.00,0.00,0,0,0.00,0.00,0
2026-05-09 15:37:50,1,1,1,1849.1,-104,0.4,14,1849,0,0.00,0.00,0,0,0.00,0.00,0
2026-05-09 15:37:50,1,1,1,1849.1,-104,0.4,14,1849,0,0.00,0.00,0,0,0.00,0.00,0
2026-05-09 15:37:50,1,1,1,1777.6,-79,1.5,48,1777,0,0.00,0.00,0,0,0.00,0.00,0
2026-05-09 15:37:50,1,1,1,1777.6,-79,1.5,48,1777,0,0.00,0.00,0,0,0.00,0.00,0
2026-05-09 15:37:50,1,1,1,1707.2,-79,2.9,87,1705,0,0.00,0.00,0,1,1.49,-0.72,42597
2026-05-09 15:37:50,1,1,1,1707.2,-79,2.9,87,1705,0,0.00,0.00,0,1,1.49,-0.72,42597
2026-05-09 15:37:50,1,1,1,1636.9,-72,4.4,126,1632,1,1.42,-0.72,42597,1,1.42,-0.72,42597
2026-05-09 15:37:50,1,1,1,1636.9,-72,4.4,126,1632,1,1.42,-0.72,42597,1,1.42,-0.72,42597
2026-05-09 15:37:50,1,1,1,1564.3,-79,5.9,161,1556,1,2.33,-0.26,1602,1,2.33,-0.26,1602
2026-05-09 15:37:50,1,1,1,1491.2,-88,7.3,190,1479,1,2.33,-0.26,1602,1,2.33,-0.26,1602
2026-05-09 15:37:50,1,1,1,1491.2,-88,7.3,190,1479,1,2.30,-0.26,1602,1,2.30,-0.26,1602
2026-05-09 15:37:50,1,1,1,1416.5,-104,8.5,209,1401,1,2.30,-0.26,1602,1,2.30,-0.26,1602
2026-05-09 15:37:50,1,1,1,1416.5,-104,8.5,209,1401,1,2.30,-0.26,1602,1,2.30,-0.26,1602
2026-05-09 15:37:50,1,1,1,1343.0,-104,9.1,213,1326,0,0.00,0.00,0,1,2.30,-0.26,1602
2026-05-09 15:37:50,1,1,1,1343.0,-104,9.1,213,1326,0,0.00,0.00,0,1,2.30,-0.26,1602
2026-05-09 15:37:50,1,1,1,1276.4,-104,9.2,204,1260,0,0.00,0.00,0,1,2.30,-0.26,1602
2026-05-09 15:37:51,1,1,1,1203.1,-79,10.0,208,1185,0,0.00,0.00,0,1,2.30,-0.26,1602
2026-05-09 15:37:51,1,1,1,1203.1,-79,10.0,208,1185,0,0.00,0.00,0,1,2.30,-0.26,1602
2026-05-09 15:37:51,1,1,1,1121.6,-79,11.0,214,1101,0,0.00,0.00,0,1,2.30,-0.26,1602
2026-05-09 15:37:51,1,1,1,1121.6,-79,11.0,214,1101,0,0.00,0.00,0,1,2.30,-0.26,1602
2026-05-09 15:37:51,1,1,1,1047.2,-79,13.1,237,1020,0,0.00,0.00,0,1,0.76,-0.71,13498
2026-05-09 15:37:51,1,1,1,1047.2,-79,13.1,237,1020,0,0.00,0.00,0,1,0.76,-0.71,13498
2026-05-09 15:37:51,1,1,1,976.3,-79,14.8,249,944,1,0.69,-0.71,13498,1,0.69,-0.71,13498
2026-05-09 15:37:51,1,1,1,976.3,-79,14.8,249,944,1,0.69,-0.71,13498,1,0.69,-0.71,13498
2026-05-09 15:37:51,1,1,1,904.2,-88,16.0,250,869,1,0.69,-0.71,13498,1,0.69,-0.71,13498
2026-05-09 15:37:51,1,1,1,833.0,-79,16.7,239,798,1,0.69,-0.71,13498,1,0.69,-0.71,13498
2026-05-09 15:37:51,1,1,1,833.0,-79,16.7,239,798,1,0.69,-0.71,13498,1,0.69,-0.71,13498
2026-05-09 15:37:51,1,1,1,758.8,-56,17.4,227,724,1,0.69,-0.71,13498,1,0.69,-0.71,13498
2026-05-09 15:37:51,1,1,1,758.8,-56,17.4,227,724,1,0.69,-0.71,13498,1,0.69,-0.71,13498
2026-05-09 15:37:51,1,1,1,680.2,-48,18.5,216,645,1,0.69,-0.71,13498,1,0.69,-0.71,13498
2026-05-09 15:37:51,1,1,1,680.2,-48,18.5,216,645,1,0.69,-0.71,13498,1,0.69,-0.71,13498
2026-05-09 15:37:51,1,1,1,610.6,-24,18.8,197,578,1,0.69,-0.71,13498,1,0.69,-0.71,13498
2026-05-09 15:37:51,1,1,1,554.7,-16,18.5,176,526,1,0.49,-0.01,59581,1,0.49,-0.01,59581
2026-05-09 15:37:51,1,1,1,554.7,-16,18.5,176,526,1,0.49,-0.01,59581,1,0.49,-0.01,59581
2026-05-09 15:37:51,1,1,1,511.0,8,18.4,161,485,1,0.50,0.11,30596,1,0.50,0.11,30596
2026-05-09 15:37:51,1,1,1,511.0,8,18.4,161,485,1,0.50,0.11,30596,1,0.50,0.11,30596
2026-05-09 15:37:52,1,1,1,486.9,39,16.8,141,466,1,0.52,0.27,13780,1,0.52,0.27,13780
2026-05-09 15:37:52,1,1,1,486.9,39,16.8,141,466,1,0.52,0.27,13780,1,0.52,0.27,13780
2026-05-09 15:37:52,1,1,1,470.1,72,13.5,110,457,1,0.57,0.39,47898,1,0.57,0.39,47898
2026-05-09 15:37:52,1,1,1,470.1,72,13.5,110,457,1,0.57,0.39,47898,1,0.57,0.39,47898
2026-05-09 15:37:52,1,1,1,455.4,64,8.0,63,451,1,0.60,0.47,2821,1,0.60,0.47,2821
2026-05-09 15:37:52,1,1,1,462.0,79,0.0,0,462,1,0.60,0.47,2821,1,0.60,0.47,2821
2026-05-09 15:37:52,1,1,1,462.0,79,0.0,0,462,1,0.69,0.58,14754,1,0.69,0.58,14754
2026-05-09 15:37:52,1,1,1,494.0,88,-7.3,-63,490,1,0.69,0.58,14754,1,0.69,0.58,14754
2026-05-09 15:37:52,1,1,1,494.0,88,-7.3,-63,490,1,1.11,0.56,1962,1,1.11,0.56,1962
2026-05-09 15:37:52,1,1,1,541.3,96,-11.7,-110,530,1,1.11,0.56,1962,1,1.11,0.56,1962
2026-05-09 15:37:52,1,1,1,541.3,96,-11.7,-110,530,1,1.14,0.67,6297,1,1.14,0.67,6297
2026-05-09 15:37:52,1,1,1,595.9,104,-15.6,-160,574,1,1.14,0.67,6297,1,1.14,0.67,6297
2026-05-09 15:37:52,1,1,1,661.4,104,-17.1,-195,632,1,1.19,0.71,2809,1,1.19,0.71,2809
2026-05-09 15:37:52,1,1,1,661.4,104,-17.1,-195,632,1,1.19,0.71,2809,1,1.19,0.71,2809
2026-05-09 15:37:52,1,1,1,733.1,79,-17.8,-224,698,1,1.26,0.71,2809,1,1.26,0.71,2809
2026-05-09 15:37:52,1,1,1,733.1,79,-17.8,-224,698,1,1.26,0.71,2809,1,1.26,0.71,2809
2026-05-09 15:37:52,1,1,1,808.0,72,-18.3,-254,767,1,1.26,0.71,2809,1,1.26,0.71,2809
2026-05-09 15:37:52,1,1,1,808.0,72,-18.3,-254,767,0,0.00,0.00,0,1,1.26,0.71,2809
2026-05-09 15:37:52,1,1,1,882.9,64,-18.6,-281,837,0,0.00,0.00,0,1,1.26,0.71,2809
2026-05-09 15:37:52,1,1,1,882.9,64,-18.6,-281,837,0,0.00,0.00,0,1,1.26,0.71,2809
2026-05-09 15:37:53,1,1,1,959.1,64,-18.6,-306,909,0,0.00,0.00,0,1,1.30,0.77,61450
2026-05-09 15:37:53,1,1,1,1024.8,96,-17.4,-306,978,0,0.00,0.00,0,1,1.30,0.77,61450
2026-05-09 15:37:53,1,1,1,1024.8,96,-17.4,-306,978,1,1.37,0.77,61450,1,1.37,0.77,61450
2026-05-09 15:37:53,1,1,1,1089.8,88,-15.9,-299,1048,1,1.37,0.77,61450,1,1.37,0.77,61450
2026-05-09 15:37:53,1,1,1,1089.8,88,-15.9,-299,1048,1,1.47,0.76,45652,1,1.47,0.76,45652
2026-05-09 15:37:53,1,1,1,1151.3,72,-14.0,-279,1117,1,1.47,0.76,45652,1,1.47,0.76,45652
2026-05-09 15:37:53,1,1,1,1151.3,72,-14.0,-279,1117,1,1.55,0.76,45652,1,1.55,0.76,45652
2026-05-09 15:37:53,1,1,1,1208.1,64,-11.7,-245,1183,1,1.55,0.76,45652,1,1.55,0.76,45652
2026-05-09 15:37:53,1,1,1,1260.8,72,-9.4,-205,1244,1,1.55,0.76,45652,1,1.55,0.76,45652
2026-05-09 15:37:53,1,1,1,1260.8,72,-9.4,-205,1244,1,1.55,0.76,45652,1,1.55,0.76,45652
2026-05-09 15:37:53,1,1,1,1324.5,79,-6.9,-158,1315,1,1.55,0.76,45652,1,1.55,0.76,45652
2026-05-09 15:37:53,1,1,1,1324.5,79,-6.9,-158,1315,1,1.55,0.76,45652,1,1.55,0.76,45652
2026-05-09 15:37:53,1,1,1,1385.6,79,-3.5,-85,1383,1,1.83,0.68,35456,1,1.83,0.68,35456
2026-05-09 15:37:53,1,1,1,1385.6,79,-3.5,-85,1383,1,1.83,0.68,35456,1,1.83,0.68,35456
2026-05-09 15:37:53,1,1,1,1442.0,88,0.2,5,1442,1,1.89,0.68,35456,1,1.89,0.68,35456
2026-05-09 15:37:53,1,1,1,1442.0,88,0.2,5,1442,1,1.89,0.68,35456,1,1.89,0.68,35456
2026-05-09 15:37:53,1,1,1,1502.9,79,3.6,94,1500,1,1.89,0.68,35456,1,1.89,0.68,35456
2026-05-09 15:37:53,1,1,1,1566.3,88,6.2,170,1557,1,1.89,0.68,35456,1,1.89,0.68,35456
2026-05-09 15:37:53,1,1,1,1566.3,88,6.2,170,1557,1,1.89,0.68,35456,1,1.89,0.68,35456
2026-05-09 15:37:53,1,1,1,1626.0,79,8.5,241,1608,1,1.89,0.68,35456,1,1.89,0.68,35456
2026-05-09 15:37:54,1,1,1,1626.0,79,8.5,241,1608,1,2.09,0.72,33562,1,2.09,0.72,33562
2026-05-09 15:37:54,1,1,1,1692.7,72,10.0,294,1667,1,2.09,0.72,33562,1,2.09,0.72,33562
2026-05-09 15:37:54,1,1,1,1692.7,72,10.0,294,1667,1,2.16,0.72,33562,1,2.16,0.72,33562
2026-05-09 15:37:54,1,1,1,1763.7,64,11.2,343,1730,1,2.16,0.72,33562,1,2.16,0.72,33562
2026-05-09 15:37:54,1,1,1,1835.9,136,12.8,408,1790,1,2.16,0.72,33562,1,2.16,0.72,33562
2026-05-09 15:37:54,1,1,1,1835.9,136,12.8,408,1790,1,2.16,0.72,33562,1,2.16,0.72,33562
2026-05-09 15:37:54,1,1,1,1903.0,56,13.7,450,1849,1,2.16,0.72,33562,1,2.16,0.72,33562
2026-05-09 15:37:54,1,1,1,1903.0,56,13.7,450,1849,1,2.16,0.72,33562,1,2.16,0.72,33562
2026-05-09 15:37:54,1,1,1,1979.1,72,13.9,476,1921,1,2.16,0.72,33562,1,2.16,0.72,33562
2026-05-09 15:37:54,1,1,1,1979.1,72,13.9,476,1921,1,2.16,0.72,33562,1,2.16,0.72,33562
2026-05-09 15:37:54,1,1,1,2038.8,48,14.1,498,1977,1,2.16,0.72,33562,1,2.16,0.72,33562
2026-05-09 15:37:54,1,1,1,2038.8,48,14.1,498,1977,1,2.16,0.72,33562,1,2.16,0.72,33562
2026-05-09 15:37:54,1,1,1,2085.6,48,14.4,519,2020,1,2.16,0.72,33562,1,2.16,0.72,33562
2026-05-09 15:37:54,1,1,1,2131.4,32,14.0,516,2068,1,2.16,0.72,33562,1,2.16,0.72,33562
2026-05-09 15:37:54,1,1,1,2131.4,32,14.0,516,2068,1,2.16,0.72,33562,1,2.16,0.72,33562
2026-05-09 15:37:54,1,1,1,2175.6,24,13.9,522,2112,1,0.00,0.00,0,0,0.00,0.00,0
2026-05-09 15:37:54,1,1,1,2175.6,24,13.9,522,2112,1,0.00,0.00,0,0,0.00,0.00,0
2026-05-09 15:37:54,1,1,1,2218.6,8,13.4,515,2158,1,0.00,0.00,0,0,0.00,0.00,0
2026-05-09 15:37:54,1,1,1,2218.6,8,13.4,515,2158,1,0.00,0.00,0,0,0.00,0.00,0
2026-05-09 15:37:54,1,1,1,2250.3,16,13.2,513,2191,1,0.00,0.00,0,0,0.00,0.00,0
2026-05-09 15:37:55,1,1,1,2250.3,16,13.2,513,2191,0,0.00,0.00,0,0,0.00,0.00,0
2026-05-09 15:37:55,1,1,1,2287.3,8,12.6,500,2232,0,0.00,0.00,0,0,0.00,0.00,0
2026-05-09 15:37:55,1,1,1,2312.6,8,11.5,462,2266,0,0.00,0.00,0,0,0.00,0.00,0
2026-05-09 15:37:55,1,1,1,2312.6,8,11.5,462,2266,0,0.00,0.00,0,0,0.00,0.00,0
2026-05-09 15:37:55,1,1,1,2342.2,-8,9.5,387,2310,0,0.00,0.00,0,0,0.00,0.00,0
2026-05-09 15:37:55,1,1,1,2342.2,-8,9.5,387,2310,0,0.00,0.00,0,0,0.00,0.00,0
2026-05-09 15:37:55,1,1,1,2385.2,0,6.9,286,2368,0,0.00,0.00,0,0,0.00,0.00,0
2026-05-09 15:37:55,1,1,1,2385.2,0,6.9,286,2368,0,0.00,0.00,0,0,0.00,0.00,0
2026-05-09 15:37:55,1,1,1,2406.9,-39,4.6,195,2399,0,0.00,0.00,0,0,0.00,0.00,0
2026-05-09 15:37:55,1,1,1,2467.7,0,2.1,91,2466,0,0.00,0.00,0,0,0.00,0.00,0
2026-05-09 15:37:55,1,1,1,2467.7,0,2.1,91,2466,0,0.00,0.00,0,0,0.00,0.00,0
2026-05-09 15:37:55,1,1,1,2584.0,0,-0.1,-3,2584,0,0.00,0.00,0,0,0.00,0.00,0
2026-05-09 15:37:55,1,1,1,2584.0,0,-0.1,-3,2584,0,0.00,0.00,0,0,0.00,0.00,0
2026-05-09 15:37:55,1,1,1,2696.8,-56,-2.1,-98,2695,0,0.00,0.00,0,0,0.00,0.00,0
2026-05-09 15:37:55,1,1,1,2696.8,-56,-2.1,-98,2695,0,0.00,0.00,0,0,0.00,0.00,0
2026-05-09 15:37:55,1,1,1,2635.6,-48,-3.0,-137,2632,0,0.00,0.00,0,0,0.00,0.00,0
2026-05-09 15:37:55,1,1,1,2635.6,-48,-3.0,-137,2632,0,0.00,0.00,0,1,2.24,-0.70,24740
2026-05-09 15:37:55,1,1,1,2548.7,-79,-4.1,-184,2542,0,0.00,0.00,0,1,2.24,-0.70,24740
2026-05-09 15:37:55,1,1,1,2449.7,-72,-5.1,-218,2440,1,2.17,-0.70,24740,1,2.17,-0.70,24740
2026-05-09 15:37:55,1,1,1,2449.7,-72,-5.1,-218,2440,1,2.17,-0.70,24740,1,2.17,-0.70,24740
2026-05-09 15:37:56,1,1,1,2347.3,-79,-6.3,-259,2333,1,2.17,-0.70,24740,1,2.17,-0.70,24740
2026-05-09 15:37:56,1,1,1,2347.3,-79,-6.3,-259,2333,1,2.17,-0.70,24740,1,2.17,-0.70,24740
2026-05-09 15:37:56,1,1,1,2250.4,-79,-7.7,-302,2230,1,2.17,-0.70,24740,1,2.17,-0.70,24740
2026-05-09 15:37:56,1,1,1,2250.4,-79,-7.7,-302,2230,1,2.17,-0.70,24740,1,2.17,-0.70,24740
2026-05-09 15:37:56,1,1,1,2155.8,-88,-9.0,-339,2129,1,2.17,-0.70,24740,1,2.17,-0.70,24740
2026-05-09 15:37:56,1,1,1,2067.8,-96,-10.2,-367,2035,1,2.17,-0.70,24740,1,2.17,-0.70,24740
2026-05-09 15:37:56,1,1,1,2067.8,-96,-10.2,-367,2035,1,2.17,-0.70,24740,1,2.17,-0.70,24740
2026-05-09 15:37:56,1,1,1,1985.7,-104,-11.0,-380,1949,1,2.17,-0.70,24740,1,2.17,-0.70,24740
2026-05-09 15:37:56,1,1,1,1985.7,-104,-11.0,-380,1949,1,2.17,-0.70,24740,1,2.17,-0.70,24740
2026-05-09 15:37:56,1,1,1,1917.6,-56,-11.1,-368,1882,1,2.17,-0.70,24740,1,2.17,-0.70,24740
2026-05-09 15:37:56,1,1,1,1917.6,-56,-11.1,-368,1882,1,2.17,-0.70,24740,1,2.17,-0.70,24740
2026-05-09 15:37:56,1,1,1,1843.3,-88,-10.9,-349,1810,1,0.00,0.00,0,0,0.00,0.00,0
2026-05-09 15:37:56,1,1,1,1843.3,-88,-10.9,-349,1810,1,1.57,-0.84,38120,1,1.57,-0.84,38120
2026-05-09 15:37:56,1,1,1,1766.9,-79,-10.2,-313,1739,1,1.57,-0.84,38120,1,1.57,-0.84,38120
2026-05-09 15:37:56,1,1,1,1686.3,-88,-9.7,-285,1662,1,1.41,-0.75,30509,1,1.41,-0.75,30509
2026-05-09 15:37:56,1,1,1,1686.3,-88,-9.7,-285,1662,1,1.41,-0.75,30509,1,1.41,-0.75,30509
2026-05-09 15:37:56,1,1,1,1602.4,-88,-9.2,-255,1582,1,1.33,-0.75,30509,1,1.33,-0.75,30509
2026-05-09 15:37:56,1,1,1,1602.4,-88,-9.2,-255,1582,1,1.33,-0.75,30509,1,1.33,-0.75,30509
2026-05-09 15:37:56,1,1,1,1525.7,-64,-7.7,-204,1512,1,1.33,-0.75,30509,1,1.33,-0.75,30509
2026-05-09 15:37:56,1,1,1,1525.7,-64,-7.7,-204,1512,1,1.33,-0.75,30509,1,1.33,-0.75,30509
2026-05-09 15:37:57,1,1,1,1449.3,-48,-5.7,-145,1442,1,1.33,-0.75,30509,1,1.33,-0.75,30509
2026-05-09 15:37:57,1,1,1,1374.2,-48,-3.3,-78,1372,1,1.33,-0.75,30509,1,1.33,-0.75,30509
2026-05-09 15:37:57,1,1,1,1374.2,-48,-3.3,-78,1372,1,3.17,0.00,4349,1,3.17,0.00,4349
2026-05-09 15:37:57,1,1,1,1304.1,-48,-0.8,-19,1304,1,3.17,0.00,4349,1,3.17,0.00,4349
2026-05-09 15:37:57,1,1,1,1304.1,-48,-0.8,-19,1304,1,2.13,-0.25,14869,1,2.13,-0.25,14869
2026-05-09 15:37:57,1,1,1,1244.3,-24,1.3,29,1244,1,2.13,-0.25,14869,1,2.13,-0.25,14869
2026-05-09 15:37:57,1,1,1,1244.3,-24,1.3,29,1244,1,1.75,-0.28,27821,1,1.75,-0.28,27821
2026-05-09 15:37:57,1,1,1,1191.2,-39,4.2,87,1188,1,1.75,-0.28,27821,1,1.75,-0.28,27821
2026-05-09 15:37:57,1,1,1,1191.2,-39,4.2,87,1188,1,1.72,-0.28,27821,1,1.72,-0.28,27821
2026-05-09 15:37:57,1,1,1,1134.7,-48,7.5,148,1125,1,1.72,-0.28,27821,1,1.72,-0.28,27821
2026-05-09 15:37:57,1,1,1,1075.3,-64,11.2,208,1055,1,1.50,-0.37,50004,1,1.50,-0.37,50004
2026-05-09 15:37:57,1,1,1,1075.3,-64,11.2,208,1055,1,1.50,-0.37,50004,1,1.50,-0.37,50004
2026-05-09 15:37:57,1,1,1,1017.9,-72,14.4,253,986,1,1.30,-0.49,18605,1,1.30,-0.49,18605
2026-05-09 15:37:57,1,1,1,1017.9,-72,14.4,253,986,1,1.30,-0.49,18605,1,1.30,-0.49,18605
2026-05-09 15:37:57,1,1,1,963.0,-79,16.8,278,922,1,1.64,-0.29,8009,1,1.64,-0.29,8009
2026-05-09 15:37:57,1,1,1,963.0,-79,16.8,278,922,1,1.64,-0.29,8009,1,1.64,-0.29,8009
2026-05-09 15:37:57,1,1,1,913.0,-72,18.3,286,867,1,1.45,-0.40,1505,1,1.45,-0.40,1505
2026-05-09 15:37:57,1,1,1,859.0,-64,19.4,286,810,1,1.45,-0.40,1505,1,1.45,-0.40,1505
2026-05-09 15:37:57,1,1,1,859.0,-64,19.4,286,810,1,1.69,-0.24,3653,1,1.69,-0.24,3653
2026-05-09 15:37:57,1,1,1,806.7,-56,20.0,276,758,1,1.69,-0.24,3653,1,1.69,-0.24,3653
2026-05-09 15:37:58,1,1,1,806.7,-56,20.0,276,758,1,1.67,-0.24,3653,1,1.67,-0.24,3653
2026-05-09 15:37:58,1,1,1,745.6,-79,21.2,270,695,1,1.67,-0.24,3653,1,1.67,-0.24,3653
2026-05-09 15:37:58,1,1,1,745.6,-79,21.2,270,695,1,1.67,-0.24,3653,1,1.67,-0.24,3653
2026-05-09 15:37:58,1,1,1,679.9,-88,22.8,263,627,1,1.67,-0.24,3653,1,1.67,-0.24,3653
2026-05-09 15:37:58,1,1,1,679.9,-88,22.8,263,627,1,1.67,-0.24,3653,1,1.67,-0.24,3653
2026-05-09 15:37:58,1,1,1,620.6,-72,23.1,243,571,1,1.67,-0.24,3653,1,1.67,-0.24,3653
2026-05-09 15:37:58,1,1,1,562.5,-39,22.1,212,521,1,1.67,-0.24,3653,1,1.67,-0.24,3653
2026-05-09 15:37:58,1,1,1,562.5,-39,22.1,212,521,1,1.67,-0.24,3653,1,1.67,-0.24,3653
2026-05-09 15:37:58,1,1,1,511.0,48,18.4,161,485,1,1.67,-0.24,3653,1,1.67,-0.24,3653
2026-05-09 15:37:58,1,1,1,511.0,48,18.4,161,485,1,1.67,-0.24,3653,1,1.67,-0.24,3653
2026-05-09 15:37:58,1,1,1,466.4,96,11.5,93,457,1,1.67,-0.24,3653,1,1.67,-0.24,3653
2026-05-09 15:37:58,1,1,1,466.4,96,11.5,93,457,1,1.67,-0.24,3653,1,1.67,-0.24,3653
2026-05-09 15:37:58,1,1,1,456.7,72,3.3,26,456,1,1.67,-0.24,3653,1,1.67,-0.24,3653
2026-05-09 15:37:58,1,1,1,476.4,96,-4.3,-36,475,1,0.00,0.00,0,0,0.00,0.00,0
2026-05-09 15:37:58,1,1,1,476.4,96,-4.3,-36,475,1,0.00,0.00,0,0,0.00,0.00,0
2026-05-09 15:37:58,1,1,1,514.4,104,-11.0,-98,505,1,0.00,0.00,0,0,0.00,0.00,0
2026-05-09 15:37:58,1,1,1,514.4,104,-11.0,-98,505,1,0.99,0.72,10970,1,0.99,0.72,10970
2026-05-09 15:37:58,1,1,1,570.7,64,-13.9,-137,554,1,0.99,0.72,10970,1,0.99,0.72,10970
2026-05-09 15:37:58,1,1,1,570.7,64,-13.9,-137,554,1,1.02,0.65,26280,1,1.02,0.65,26280
2026-05-09 15:37:58,1,1,1,632.3,72,-15.6,-170,609,1,1.02,0.65,26280,1,1.02,0.65,26280
2026-05-09 15:37:59,1,1,1,632.3,72,-15.6,-170,609,1,1.09,0.65,26280,1,1.09,0.65,26280
2026-05-09 15:37:59,1,1,1,698.1,72,-16.3,-196,670,1,1.09,0.65,26280,1,1.09,0.65,26280
2026-05-09 15:37:59,1,1,1,763.3,79,-17.0,-223,730,1,1.12,0.68,37712,1,1.12,0.68,37712
2026-05-09 15:37:59,1,1,1,763.3,79,-17.0,-223,730,1,1.12,0.68,37712,1,1.12,0.68,37712
2026-05-09 15:37:59,1,1,1,825.1,56,-16.8,-238,790,1,1.15,0.62,14570,1,1.15,0.62,14570
2026-05-09 15:37:59,1,1,1,825.1,56,-16.8,-238,790,1,1.15,0.62,14570,1,1.15,0.62,14570
2026-05-09 15:37:59,1,1,1,882.3,64,-16.3,-247,847,1,1.21,0.60,24045,1,1.21,0.60,24045
2026-05-09 15:37:59,1,1,1,882.3,64,-16.3,-247,847,1,1.21,0.60,24045,1,1.21,0.60,24045
2026-05-09 15:37:59,1,1,1,935.2,56,-15.3,-247,902,1,1.27,0.57,42581,1,1.27,0.57,42581
2026-05-09 15:37:59,1,1,1,935.2,56,-15.3,-247,902,1,1.27,0.57,42581,1,1.27,0.57,42581
2026-05-09 15:37:59,1,1,1,984.9,56,-13.9,-237,956,1,1.32,0.56,43957,1,1.32,0.56,43957
2026-05-09 15:37:59,1,1,1,1050.4,48,-12.9,-234,1024,1,1.32,0.56,43957,1,1.32,0.56,43957
2026-05-09 15:37:59,1,1,1,1050.4,48,-12.9,-234,1024,1,1.36,0.55,39201,1,1.36,0.55,39201
2026-05-09 15:37:59,1,1,1,1105.7,72,-11.1,-213,1085,1,1.36,0.55,39201,1,1.36,0.55,39201
2026-05-09 15:37:59,1,1,1,1105.7,72,-11.1,-213,1085,1,1.41,0.55,39201,1,1.41,0.55,39201
2026-05-09 15:37:59,1,1,1,1159.7,72,-8.8,-178,1146,1,1.41,0.55,39201,1,1.41,0.55,39201
2026-05-09 15:37:59,1,1,1,1159.7,72,-8.8,-178,1146,1,1.41,0.55,39201,1,1.41,0.55,39201
2026-05-09 15:37:59,1,1,1,1210.4,88,-5.4,-114,1205,1,1.41,0.55,39201,1,1.41,0.55,39201
2026-05-09 15:37:59,1,1,1,1270.5,88,-1.7,-37,1270,1,1.41,0.55,39201,1,1.41,0.55,39201
2026-05-09 15:37:59,1,1,1,1270.5,88,-1.7,-37,1270,1,1.41,0.55,39201,1,1.41,0.55,39201
2026-05-09 15:38:00,1,1,1,1339.5,96,1.6,38,1339,1,1.81,0.91,52433,1,1.81,0.91,52433
2026-05-09 15:38:00,1,1,1,1339.5,96,1.6,38,1339,1,1.81,0.91,52433,1,1.81,0.91,52433
2026-05-09 15:38:00,1,1,1,1411.9,119,4.8,117,1407,1,1.90,0.91,52433,1,1.90,0.91,52433
2026-05-09 15:38:00,1,1,1,1411.9,119,4.8,117,1407,1,1.90,0.91,52433,1,1.90,0.91,52433
2026-05-09 15:38:00,1,1,1,1488.5,119,7.7,200,1475,1,1.90,0.91,52433,1,1.90,0.91,52433
2026-05-09 15:38:00,1,1,1,1488.5,119,7.7,200,1475,1,1.90,0.91,52433,1,1.90,0.91,52433
2026-05-09 15:38:00,1,1,1,1570.5,112,10.3,282,1545,1,1.90,0.91,52433,1,1.90,0.91,52433
2026-05-09 15:38:00,1,1,1,1655.6,112,12.1,346,1619,1,1.90,0.91,52433,1,1.90,0.91,52433
2026-05-09 15:38:00,1,1,1,1655.6,112,12.1,346,1619,1,1.90,0.91,52433,1,1.90,0.91,52433
2026-05-09 15:38:00,1,1,1,1743.7,112,13.3,401,1697,1,1.90,0.91,52433,1,1.90,0.91,52433
2026-05-09 15:38:00,1,1,1,1743.7,112,13.3,401,1697,1,1.90,0.91,52433,1,1.90,0.91,52433
2026-05-09 15:38:00,1,1,1,1826.6,104,13.8,435,1774,1,1.90,0.91,52433,1,1.90,0.91,52433
2026-05-09 15:38:00,1,1,1,1826.6,104,13.8,435,1774,1,1.90,0.91,52433,1,1.90,0.91,52433
2026-05-09 15:38:00,1,1,1,1925.8,136,14.4,480,1865,1,1.90,0.91,52433,1,1.90,0.91,52433
2026-05-09 15:38:00,1,1,1,2011.4,72,14.4,501,1948,1,1.90,0.91,52433,1,1.90,0.91,52433
2026-05-09 15:38:00,1,1,1,2011.4,72,14.4,501,1948,1,0.00,0.00,0,0,0.00,0.00,0
2026-05-09 15:38:00,1,1,1,2093.9,64,14.6,529,2026,1,0.00,0.00,0,0,0.00,0.00,0
2026-05-09 15:38:00,1,1,1,2093.9,64,14.6,529,2026,1,0.00,0.00,0,0,0.00,0.00,0
2026-05-09 15:38:00,1,1,1,2175.7,64,14.8,554,2104,1,0.00,0.00,0,0,0.00,0.00,0
2026-05-09 15:38:00,1,1,1,2175.7,64,14.8,554,2104,1,0.00,0.00,0,0,0.00,0.00,0
2026-05-09 15:38:01,1,1,1,2234.0,48,14.4,555,2164,0,0.00,0.00,0,0,0.00,0.00,0
2026-05-09 15:38:01,1,1,1,2234.0,48,14.4,555,2164,0,0.00,0.00,0,0,0.00,0.00,0
2026-05-09 15:38:01,1,1,1,2287.3,39,13.3,526,2226,0,0.00,0.00,0,0,0.00,0.00,0
2026-05-09 15:38:01,1,1,1,2334.6,16,12.1,488,2283,0,0.00,0.00,0,0,0.00,0.00,0
2026-05-09 15:38:01,1,1,1,2334.6,16,12.1,488,2283,0,0.00,0.00,0,0,0.00,0.00,0
2026-05-09 15:38:01,1,1,1,2365.9,8,10.4,427,2327,0,0.00,0.00,0,0,0.00,0.00,0
2026-05-09 15:38:01,1,1,1,2365.9,8,10.4,427,2327,0,0.00,0.00,0,0,0.00,0.00,0
2026-05-09 15:38:01,1,1,1,2395.1,0,8.3,346,2370,0,0.00,0.00,0,0,0.00,0.00,0
2026-05-09 15:38:01,1,1,1,2395.1,0,8.3,346,2370,0,0.00,0.00,0,0,0.00,0.00,0
2026-05-09 15:38:01,1,1,1,2431.9,0,6.6,278,2416,0,0.00,0.00,0,0,0.00,0.00,0
2026-05-09 15:38:01,1,1,1,2449.3,-8,6.0,255,2436,0,0.00,0.00,0,0,0.00,0.00,0
2026-05-09 15:38:01,1,1,1,2449.3,-8,6.0,255,2436,0,0.00,0.00,0,0,0.00,0.00,0
2026-05-09 15:38:01,1,1,1,2481.6,-8,4.8,206,2473,0,0.00,0.00,0,0,0.00,0.00,0
2026-05-09 15:38:01,1,1,1,2481.6,-8,4.8,206,2473,0,0.00,0.00,0,0,0.00,0.00,0
2026-05-09 15:38:01,1,1,1,2531.0,0,3.2,142,2527,0,0.00,0.00,0,0,0.00,0.00,0
2026-05-09 15:38:01,1,1,1,2531.0,0,3.2,142,2527,0,0.00,0.00,0,0,0.00,0.00,0
2026-05-09 15:38:01,1,1,1,2625.2,0,0.7,33,2625,0,0.00,0.00,0,0,0.00,0.00,0
2026-05-09 15:38:01,1,1,1,2625.2,0,0.7,33,2625,0,0.00,0.00,0,0,0.00,0.00,0
2026-05-09 15:38:01,1,1,1,2725.1,0,-1.6,-78,2724,0,0.00,0.00,0,0,0.00,0.00,0
2026-05-09 15:38:01,1,1,1,2811.7,0,-3.7,-179,2806,0,0.00,0.00,0,0,0.00,0.00,0
2026-05-09 15:38:02,1,1,1,2811.7,0,-3.7,-179,2806,0,0.00,0.00,0,0,0.00,0.00,0
2026-05-09 15:38:02,1,1,1,2887.1,-104,-5.5,-275,2874,0,0.00,0.00,0,0,0.00,0.00,0
2026-05-09 15:38:02,1,1,1,2887.1,-104,-5.5,-275,2874,0,0.00,0.00,0,0,0.00,0.00,0
2026-05-09 15:38:02,1,1,1,2788.5,-96,-6.1,-294,2773,0,0.00,0.00,0,0,0.00,0.00,0
2026-05-09 15:38:02,1,1,1,2788.5,-96,-6.1,-294,2773,0,0.00,0.00,0,0,0.00,0.00,0
2026-05-09 15:38:02,1,1,1,2657.4,-96,-6.4,-295,2641,0,0.00,0.00,0,0,0.00,0.00,0
2026-05-09 15:38:02,1,1,1,2526.2,-72,-6.3,-277,2511,0,0.00,0.00,0,0,0.00,0.00,0
2026-05-09 15:38:02,1,1,1,2526.2,-72,-6.3,-277,2511,0,0.00,0.00,0,0,0.00,0.00,0
2026-05-09 15:38:02,1,1,1,2398.9,-88,-6.2,-258,2385,0,0.00,0.00,0,0,0.00,0.00,0
2026-05-09 15:38:02,1,1,1,2398.9,-88,-6.2,-258,2385,0,0.00,0.00,0,0,0.00,0.00,0
2026-05-09 15:38:02,1,1,1,2284.1,-112,-6.4,-253,2270,0,0.00,0.00,0,0,0.00,0.00,0
2026-05-09 15:38:02,1,1,1,2284.1,-112,-6.4,-253,2270,0,0.00,0.00,0,0,0.00,0.00,0
2026-05-09 15:38:02,1,1,1,2173.6,-112,-6.4,-243,2160,0,0.00,0.00,0,1,1.75,-1.15,58141
2026-05-09 15:38:02,1,1,1,2173.6,-112,-6.4,-243,2160,0,0.00,0.00,0,1,1.75,-1.15,58141
2026-05-09 15:38:02,1,1,1,2064.0,-96,-6.2,-222,2052,1,1.63,-1.15,58141,1,1.63,-1.15,58141
2026-05-09 15:38:02,1,1,1,1958.8,-112,-6.0,-205,1948,1,1.63,-1.15,58141,1,1.63,-1.15,58141
2026-05-09 15:38:02,1,1,1,1958.8,-112,-6.0,-205,1948,1,1.63,-1.15,58141,1,1.63,-1.15,58141
2026-05-09 15:38:02,1,1,1,1861.0,-88,-5.6,-183,1852,1,1.63,-1.15,58141,1,1.63,-1.15,58141
2026-05-09 15:38:02,1,1,1,1861.0,-88,-5.6,-183,1852,1,1.63,-1.15,58141,1,1.63,-1.15,58141
2026-05-09 15:38:02,1,1,1,1772.7,-72,-4.6,-142,1767,1,1.63,-1.15,58141,1,1.63,-1.15,58141
2026-05-09 15:38:03,1,1,1,1772.7,-72,-4.6,-142,1767,1,1.63,-1.15,58141,1,1.63,-1.15,58141
2026-05-09 15:38:03,1,1,1,1686.2,-72,-3.0,-87,1684,1,1.63,-1.15,58141,1,1.63,-1.15,58141
2026-05-09 15:38:03,1,1,1,1686.2,-72,-3.0,-87,1684,1,1.63,-1.15,58141,1,1.63,-1.15,58141
2026-05-09 15:38:03,1,1,1,1604.3,-72,-1.1,-32,1604,1,1.63,-1.15,58141,1,1.63,-1.15,58141
2026-05-09 15:38:03,1,1,1,1525.1,-64,0.8,21,1525,1,1.63,-1.15,58141,1,1.63,-1.15,58141
2026-05-09 15:38:03,1,1,1,1525.1,-64,0.8,21,1525,1,1.63,-1.15,58141,1,1.63,-1.15,58141
2026-05-09 15:38:03,1,1,1,1444.8,-72,2.9,73,1443,1,1.63,-1.15,58141,1,1.63,-1.15,58141
2026-05-09 15:38:03,1,1,1,1444.8,-72,2.9,73,1443,1,0.00,0.00,0,0,0.00,0.00,0
2026-05-09 15:38:03,1,1,1,1368.6,-72,5.2,124,1363,1,0.00,0.00,0,0,0.00,0.00,0
2026-05-09 15:38:03,1,1,1,1368.6,-72,5.2,124,1363,1,0.00,0.00,0,0,0.00,0.00,0
2026-05-09 15:38:03,1,1,1,1290.4,-79,7.6,171,1279,1,0.00,0.00,0,0,0.00,0.00,0
2026-05-09 15:38:03,1,1,1,1215.9,-96,9.8,208,1198,1,0.00,0.00,0,0,0.00,0.00,0
2026-05-09 15:38:03,1,1,1,1215.9,-96,9.8,208,1198,0,0.00,0.00,0,0,0.00,0.00,0
2026-05-09 15:38:03,1,1,1,1145.5,-88,11.6,231,1122,0,0.00,0.00,0,0,0.00,0.00,0
2026-05-09 15:38:03,1,1,1,1145.5,-88,11.6,231,1122,0,0.00,0.00,0,1,0.99,-0.72,28264
2026-05-09 15:38:03,1,1,1,1081.3,-64,12.7,237,1055,0,0.00,0.00,0,1,0.99,-0.72,28264
2026-05-09 15:38:03,1,1,1,1081.3,-64,12.7,237,1055,1,0.87,-0.60,58517,1,0.87,-0.60,58517
2026-05-09 15:38:03,1,1,1,1009.2,-72,14.1,245,979,1,0.87,-0.60,58517,1,0.87,-0.60,58517
2026-05-09 15:38:03,1,1,1,1009.2,-72,14.1,245,979,1,1.64,-0.31,4573,1,1.64,-0.31,4573
2026-05-09 15:38:03,1,1,1,946.9,-79,15.4,251,913,1,1.64,-0.31,4573,1,1.64,-0.31,4573
2026-05-09 15:38:04,1,1,1,883.5,-72,16.3,248,848,1,1.61,-0.31,4573,1,1.61,-0.31,4573
2026-05-09 15:38:04,1,1,1,883.5,-72,16.3,248,848,1,1.61,-0.31,4573,1,1.61,-0.31,4573
2026-05-09 15:38:04,1,1,1,810.2,-72,16.7,233,776,1,1.61,-0.31,4573,1,1.61,-0.31,4573
2026-05-09 15:38:04,1,1,1,810.2,-72,16.7,233,776,1,1.61,-0.31,4573,1,1.61,-0.31,4573
2026-05-09 15:38:04,1,1,1,727.1,-88,17.6,220,693,1,1.61,-0.31,4573,1,1.61,-0.31,4573
2026-05-09 15:38:04,1,1,1,727.1,-88,17.6,220,693,1,1.61,-0.31,4573,1,1.61,-0.31,4573
2026-05-09 15:38:04,1,1,1,668.1,-16,17.0,195,639,1,1.61,-0.31,4573,1,1.61,-0.31,4573
2026-05-09 15:38:04,1,1,1,599.0,-16,16.3,168,575,1,1.61,-0.31,4573,1,1.61,-0.31,4573
2026-05-09 15:38:04,1,1,1,599.0,-16,16.3,168,575,1,1.61,-0.31,4573,1,1.61,-0.31,4573
2026-05-09 15:38:04,1,1,1,545.5,72,13.2,125,531,1,1.61,-0.31,4573,1,1.61,-0.31,4573
2026-05-09 15:38:04,1,1,1,545.5,72,13.2,125,531,1,1.61,-0.31,4573,1,1.61,-0.31,4573
2026-05-09 15:38:04,1,1,1,522.9,72,8.6,78,517,1,1.61,-0.31,4573,1,1.61,-0.31,4573
2026-05-09 15:38:04,1,1,1,522.9,72,8.6,78,517,1,1.61,-0.31,4573,1,1.61,-0.31,4573
2026-05-09 15:38:04,1,1,1,530.0,88,3.5,32,529,1,0.00,0.00,0,0,0.00,0.00,0
2026-05-09 15:38:04,1,1,1,530.0,88,3.5,32,529,1,0.74,0.83,6858,1,0.74,0.83,6858
2026-05-09 15:38:04,1,1,1,557.1,79,-0.9,-9,557,1,0.74,0.83,6858,1,0.74,0.83,6858
2026-05-09 15:38:04,1,1,1,596.9,79,-4.6,-48,595,1,0.81,0.78,64977,1,0.81,0.78,64977
2026-05-09 15:38:04,1,1,1,596.9,79,-4.6,-48,595,1,0.81,0.78,64977,1,0.81,0.78,64977
2026-05-09 15:38:04,1,1,1,648.2,79,-7.3,-82,643,1,0.92,0.76,23620,1,0.92,0.76,23620
2026-05-09 15:38:04,1,1,1,648.2,79,-7.3,-82,643,1,0.92,0.76,23620,1,0.92,0.76,23620
2026-05-09 15:38:05,1,1,1,706.0,72,-8.6,-106,698,1,1.00,0.76,23620,1,1.00,0.76,23620
2026-05-09 15:38:05,1,1,1,706.0,72,-8.6,-106,698,1,1.00,0.76,23620,1,1.00,0.76,23620
2026-05-09 15:38:05,1,1,1,767.4,79,-9.0,-120,758,1,1.00,0.76,23620,1,1.00,0.76,23620
2026-05-09 15:38:05,1,1,1,830.7,104,-9.2,-133,820,1,1.00,0.76,23620,1,1.00,0.76,23620
2026-05-09 15:38:05,1,1,1,830.7,104,-9.2,-133,820,1,1.00,0.76,23620,1,1.00,0.76,23620
2026-05-09 15:38:05,1,1,1,891.8,79,-8.5,-132,882,1,1.00,0.76,23620,1,1.00,0.76,23620
2026-05-09 15:38:05,1,1,1,891.8,79,-8.5,-132,882,1,1.00,0.76,23620,1,1.00,0.76,23620
2026-05-09 15:38:05,1,1,1,957.7,79,-7.7,-129,949,1,1.00,0.76,23620,1,1.00,0.76,23620
2026-05-09 15:38:05,1,1,1,957.7,79,-7.7,-129,949,1,1.00,0.76,23620,1,1.00,0.76,23620
2026-05-09 15:38:05,1,1,1,1021.6,72,-6.5,-116,1015,1,1.00,0.76,23620,1,1.00,0.76,23620
2026-05-09 15:38:05,1,1,1,1021.6,72,-6.5,-116,1015,1,1.00,0.76,23620,1,1.00,0.76,23620
2026-05-09 15:38:05,1,1,1,1071.8,56,-4.2,-78,1069,1,1.00,0.76,23620,1,1.00,0.76,23620
2026-05-09 15:38:05,1,1,1,1130.5,96,-1.8,-35,1130,1,1.00,0.76,23620,1,1.00,0.76,23620
2026-05-09 15:38:05,1,1,1,1130.5,96,-1.8,-35,1130,1,0.00,0.00,0,0,0.00,0.00,0
2026-05-09 15:38:05,1,1,1,1195.1,104,0.6,12,1195,1,0.00,0.00,0,0,0.00,0.00,0
2026-05-09 15:38:05,1,1,1,1195.1,104,0.6,12,1195,1,0.00,0.00,0,0,0.00,0.00,0
2026-05-09 15:38:05,1,1,1,1262.9,88,3.2,70,1261,1,3.19,0.06,3978,1,3.19,0.06,3978
2026-05-09 15:38:05,1,1,1,1262.9,88,3.2,70,1261,1,3.19,0.06,3978,1,3.19,0.06,3978
2026-05-09 15:38:05,1,1,1,1337.1,88,5.5,128,1331,1,3.19,0.06,3978,1,3.19,0.06,3978
2026-05-09 15:38:05,1,1,1,1412.4,96,7.6,187,1400,1,3.19,0.06,3978,1,3.19,0.06,3978
2026-05-09 15:38:06,1,1,1,1412.4,96,7.6,187,1400,1,2.55,0.46,38373,1,2.55,0.46,38373
2026-05-09 15:38:06,1,1,1,1489.0,104,9.4,243,1469,1,2.55,0.46,38373,1,2.55,0.46,38373
2026-05-09 15:38:06,1,1,1,1489.0,104,9.4,243,1469,1,2.43,0.68,3193,1,2.43,0.68,3193
2026-05-09 15:38:06,1,1,1,1569.2,104,10.7,291,1542,1,2.43,0.68,3193,1,2.43,0.68,3193
2026-05-09 15:38:06,1,1,1,1569.2,104,10.7,291,1542,1,2.50,0.68,3193,1,2.50,0.68,3193
2026-05-09 15:38:06,1,1,1,1654.1,96,10.9,314,1624,1,2.50,0.68,3193,1,2.50,0.68,3193
2026-05-09 15:38:06,1,1,1,1654.1,96,10.9,314,1624,1,2.50,0.75,34690,1,2.50,0.75,34690
2026-05-09 15:38:06,1,1,1,1740.1,96,10.7,322,1710,1,2.50,0.75,34690,1,2.50,0.75,34690
2026-05-09 15:38:06,1,1,1,1823.6,72,10.3,327,1794,1,2.58,0.75,34690,1,2.58,0.75,34690
2026-05-09 15:38:06,1,1,1,1823.6,72,10.3,327,1794,1,2.58,0.75,34690,1,2.58,0.75,34690
2026-05-09 15:38:06,1,1,1,1906.6,72,9.9,329,1878,1,2.58,0.75,34690,1,2.58,0.75,34690
2026-05-09 15:38:06,1,1,1,1906.6,72,9.9,329,1878,1,2.58,0.75,34690,1,2.58,0.75,34690
2026-05-09 15:38:06,1,1,1,1999.4,0,9.3,324,1973,1,2.58,0.75,34690,1,2.58,0.75,34690
2026-05-09 15:38:06,1,1,1,1999.4,0,9.3,324,1973,1,2.58,0.75,34690,1,2.58,0.75,34690
2026-05-09 15:38:06,1,1,1,2092.0,79,8.1,296,2071,1,2.58,0.75,34690,1,2.58,0.75,34690
2026-05-09 15:38:06,1,1,1,2196.3,0,6.5,250,2182,1,2.58,0.75,34690,1,2.58,0.75,34690
2026-05-09 15:38:06,1,1,1,2196.3,0,6.5,250,2182,1,2.58,0.75,34690,1,2.58,0.75,34690
2026-05-09 15:38:06,1,1,1,2276.5,39,4.9,196,2268,1,2.58,0.75,34690,1,2.58,0.75,34690
2026-05-09 15:38:06,1,1,1,2276.5,39,4.9,196,2268,1,2.58,0.75,34690,1,2.58,0.75,34690
2026-05-09 15:38:06,1,1,1,2379.4,0,3.1,128,2376,1,2.58,0.75,34690,1,2.58,0.75,34690
2026-05-09 15:38:07,1,1,1,2379.4,0,3.1,128,2376,1,2.58,0.75,34690,1,2.58,0.75,34690
2026-05-09 15:38:07,1,1,1,2485.6,0,1.3,55,2485,1,0.00,0.00,0,0,0.00,0.00,0
2026-05-09 15:38:07,1,1,1,2485.6,0,1.3,55,2485,1,0.00,0.00,0,0,0.00,0.00,0
2026-05-09 15:38:07,1,1,1,2567.0,0,0.1,4,2567,1,0.00,0.00,0,0,0.00,0.00,0
2026-05-09 15:38:07,1,1,1,2651.5,0,-1.1,-51,2651,1,0.00,0.00,0,0,0.00,0.00,0
2026-05-09 15:38:07,1,1,1,2651.5,0,-1.1,-51,2651,1,0.00,0.00,0,0,0.00,0.00,0
2026-05-09 15:38:07,1,1,1,2731.9,0,-2.6,-126,2729,0,0.00,0.00,0,0,0.00,0.00,0
2026-05-09 15:38:07,1,1,1,2731.9,0,-2.6,-126,2729,0,0.00,0.00,0,0,0.00,0.00,0
2026-05-09 15:38:07,1,1,1,2792.7,0,-4.0,-193,2786,0,0.00,0.00,0,0,0.00,0.00,0
2026-05-09 15:38:07,1,1,1,2792.7,0,-4.0,-193,2786,0,0.00,0.00,0,0,0.00,0.00,0
2026-05-09 15:38:07,1,1,1,2848.2,0,-5.3,-263,2836,0,0.00,0.00,0,0,0.00,0.00,0
2026-05-09 15:38:07,1,1,1,2848.2,0,-5.3,-263,2836,0,0.00,0.00,0,0,0.00,0.00,0
2026-05-09 15:38:07,1,1,1,2885.6,-32,-6.5,-327,2867,0,0.00,0.00,0,0,0.00,0.00,0
2026-05-09 15:38:07,1,1,1,2808.8,-48,-6.8,-333,2789,0,0.00,0.00,0,0,0.00,0.00,0
2026-05-09 15:38:07,1,1,1,2808.8,-48,-6.8,-333,2789,0,0.00,0.00,0,0,0.00,0.00,0
2026-05-09 15:38:07,1,1,1,2708.5,-72,-7.1,-333,2688,0,0.00,0.00,0,0,0.00,0.00,0
2026-05-09 15:38:07,1,1,1,2708.5,-72,-7.1,-333,2688,0,0.00,0.00,0,0,0.00,0.00,0
2026-05-09 15:38:07,1,1,1,2607.4,-72,-7.5,-341,2585,0,0.00,0.00,0,0,0.00,0.00,0
2026-05-09 15:38:07,1,1,1,2607.4,-72,-7.5,-341,2585,0,0.00,0.00,0,0,0.00,0.00,0
2026-05-09 15:38:07,1,1,1,2514.8,0,-8.0,-352,2490,0,0.00,0.00,0,0,0.00,0.00,0
2026-05-09 15:38:08,1,1,1,2427.3,-72,-8.6,-363,2400,0,0.00,0.00,0,0,0.00,0.00,0
2026-05-09 15:38:08,1,1,1,2427.3,-72,-8.6,-363,2400,0,0.00,0.00,0,0,0.00,0.00,0
2026-05-09 15:38:08,1,1,1,2342.1,-112,-9.8,-398,2308,0,0.00,0.00,0,0,0.00,0.00,0
2026-05-09 15:38:08,1,1,1,2342.1,-112,-9.8,-398,2308,0,0.00,0.00,0,0,0.00,0.00,0
2026-05-09 15:38:08,1,1,1,2259.1,-96,-10.5,-413,2221,0,0.00,0.00,0,0,0.00,0.00,0
2026-05-09 15:38:08,1,1,1,2259.1,-96,-10.5,-413,2221,0,0.00,0.00,0,0,0.00,0.00,0
2026-05-09 15:38:08,1,1,1,2179.7,-79,-11.1,-419,2139,0,0.00,0.00,0,0,0.00,0.00,0
2026-05-09 15:38:08,1,1,1,2179.7,-79,-11.1,-419,2139,0,0.00,0.00,0,0,0.00,0.00,0
2026-05-09 15:38:08,1,1,1,2102.0,-88,-11.2,-408,2062,0,0.00,0.00,0,0,0.00,0.00,0
2026-05-09 15:38:08,1,1,1,2025.1,-79,-11.0,-386,1988,0,0.00,0.00,0,0,0.00,0.00,0
2026-05-09 15:38:08,1,1,1,2025.1,-79,-11.0,-386,1988,0,0.00,0.00,0,0,0.00,0.00,0
2026-05-09 15:38:08,1,1,1,1943.6,-88,-10.7,-360,1910,0,0.00,0.00,0,0,0.00,0.00,0
2026-05-09 15:38:08,1,1,1,1943.6,-88,-10.7,-360,1910,0,0.00,0.00,0,0,0.00,0.00,0
2026-05-09 15:38:08,1,1,1,1867.8,-88,-10.4,-338,1837,0,0.00,0.00,0,0,0.00,0.00,0
2026-05-09 15:38:08,1,1,1,1867.8,-88,-10.4,-338,1837,0,0.00,0.00,0,0,0.00,0.00,0
2026-05-09 15:38:08,1,1,1,1788.4,-96,-10.0,-312,1761,0,0.00,0.00,0,0,0.00,0.00,0
2026-05-09 15:38:08,1,1,1,1707.1,-104,-9.4,-280,1684,0,0.00,0.00,0,0,0.00,0.00,0
2026-05-09 15:38:08,1,1,1,1707.1,-104,-9.4,-280,1684,0,0.00,0.00,0,0,0.00,0.00,0
2026-05-09 15:38:08,1,1,1,1625.7,-79,-8.7,-246,1607,0,0.00,0.00,0,0,0.00,0.00,0
2026-05-09 15:38:08,1,1,1,1625.7,-79,-8.7,-246,1607,0,0.00,0.00,0,0,0.00,0.00,0
2026-05-09 15:38:09,1,1,1,1544.8,-72,-7.7,-206,1531,0,0.00,0.00,0,0,0.00,0.00,0
2026-05-09 15:38:09,1,1,1,1544.8,-72,-7.7,-206,1531,0,0.00,0.00,0,0,0.00,0.00,0
2026-05-09 15:38:09,1,1,1,1463.4,-79,-6.2,-157,1455,0,0.00,0.00,0,1,1.48,-0.67,60889
2026-05-09 15:38:09,1,1,1,1463.4,-79,-6.2,-157,1455,0,0.00,0.00,0,1,1.48,-0.67,60889
2026-05-09 15:38:09,1,1,1,1384.8,-72,-4.2,-102,1381,1,1.42,-0.67,60889,1,1.42,-0.67,60889
2026-05-09 15:38:09,1,1,1,1309.8,-79,-2.1,-47,1309,1,1.42,-0.67,60889,1,1.42,-0.67,60889
2026-05-09 15:38:09,1,1,1,1309.8,-79,-2.1,-47,1309,1,1.42,-0.67,60889,1,1.42,-0.67,60889
2026-05-09 15:38:09,1,1,1,1243.0,-64,0.0,0,1243,1,1.42,-0.67,60889,1,1.42,-0.67,60889
2026-05-09 15:38:09,1,1,1,1243.0,-64,0.0,0,1243,1,1.42,-0.67,60889,1,1.42,-0.67,60889
2026-05-09 15:38:09,1,1,1,1180.6,-64,1.9,39,1180,1,1.42,-0.67,60889,1,1.42,-0.67,60889
2026-05-09 15:38:09,1,1,1,1180.6,-64,1.9,39,1180,1,1.42,-0.67,60889,1,1.42,-0.67,60889
2026-05-09 15:38:09,1,1,1,1115.5,-56,3.9,75,1113,1,1.42,-0.67,60889,1,1.42,-0.67,60889
2026-05-09 15:38:09,1,1,1,1051.5,-64,5.8,107,1046,1,0.99,-0.70,62821,1,0.99,-0.70,62821
2026-05-09 15:38:09,1,1,1,1051.5,-64,5.8,107,1046,1,0.99,-0.70,62821,1,0.99,-0.70,62821
2026-05-09 15:38:09,1,1,1,988.1,-72,7.8,134,979,1,0.84,-0.71,50496,1,0.84,-0.71,50496
2026-05-09 15:38:09,1,1,1,988.1,-72,7.8,134,979,1,0.84,-0.71,50496,1,0.84,-0.71,50496
2026-05-09 15:38:09,1,1,1,926.4,-79,9.8,157,913,1,0.76,-0.71,4961,1,0.76,-0.71,4961
2026-05-09 15:38:09,1,1,1,926.4,-79,9.8,157,913,1,0.76,-0.71,4961,1,0.76,-0.71,4961
2026-05-09 15:38:09,1,1,1,864.5,-64,11.5,173,847,1,0.69,-0.71,4961,1,0.69,-0.71,4961
2026-05-09 15:38:09,1,1,1,864.5,-64,11.5,173,847,1,0.69,-0.71,4961,1,0.69,-0.71,4961
2026-05-09 15:38:10,1,1,1,808.7,-56,12.4,173,790,1,0.66,-0.64,23514,1,0.66,-0.64,23514
2026-05-09 15:38:10,1,1,1,753.5,-39,12.7,166,735,1,0.66,-0.64,23514,1,0.66,-0.64,23514
2026-05-09 15:38:10,1,1,1,753.5,-39,12.7,166,735,1,0.60,-0.59,2169,1,0.60,-0.59,2169
2026-05-09 15:38:10,1,1,1,699.8,-48,13.0,157,682,1,0.60,-0.59,2169,1,0.60,-0.59,2169
2026-05-09 15:38:10,1,1,1,699.8,-48,13.0,157,682,1,0.54,-0.56,40658,1,0.54,-0.56,40658
2026-05-09 15:38:10,1,1,1,646.4,-56,13.7,153,628,1,0.54,-0.56,40658,1,0.54,-0.56,40658
2026-05-09 15:38:10,1,1,1,646.4,-56,13.7,153,628,1,0.48,-0.56,40658,1,0.48,-0.56,40658
2026-05-09 15:38:10,1,1,1,593.8,-48,14.8,152,574,1,0.48,-0.56,40658,1,0.48,-0.56,40658
2026-05-09 15:38:10,1,1,1,546.2,-39,16.4,154,524,1,0.45,-0.52,27018,1,0.45,-0.52,27018
2026-05-09 15:38:10,1,1,1,546.2,-39,16.4,154,524,1,0.45,-0.52,27018,1,0.45,-0.52,27018
2026-05-09 15:38:10,1,1,1,507.6,-24,17.9,156,483,1,0.39,-0.52,27018,1,0.39,-0.52,27018
2026-05-09 15:38:10,1,1,1,507.6,-24,17.9,156,483,1,0.39,-0.52,27018,1,0.39,-0.52,27018
2026-05-09 15:38:10,1,1,1,471.6,-8,19.7,159,444,1,0.40,-0.39,56434,1,0.40,-0.39,56434
2026-05-09 15:38:10,1,1,1,471.6,-8,19.7,159,444,1,0.40,-0.39,56434,1,0.40,-0.39,56434
2026-05-09 15:38:10,1,1,1,454.1,8,20.6,160,425,1,0.36,-0.39,56434,1,0.36,-0.39,56434
2026-05-09 15:38:10,1,1,1,454.1,8,20.6,160,425,1,0.36,-0.39,56434,1,0.36,-0.39,56434
2026-05-09 15:38:10,1,1,1,437.5,39,20.1,150,411,1,0.42,-0.17,39461,1,0.42,-0.17,39461
2026-05-09 15:38:10,1,1,1,428.8,64,18.8,138,406,1,0.42,-0.17,39461,1,0.42,-0.17,39461
2026-05-09 15:38:10,1,1,1,428.8,64,18.8,138,406,1,0.48,0.02,22698,1,0.48,0.02,22698
2026-05-09 15:38:10,1,1,1,433.2,72,18.0,134,412,1,0.48,0.02,22698,1,0.48,0.02,22698
2026-05-09 15:38:11,1,1,1,433.2,72,18.0,134,412,1,0.48,0.02,22698,1,0.48,0.02,22698
2026-05-09 15:38:11,1,1,1,450.9,96,14.8,115,436,1,0.48,0.02,22698,1,0.48,0.02,22698
2026-05-09 15:38:11,1,1,1,450.9,96,14.8,115,436,1,0.48,0.02,22698,1,0.48,0.02,22698
2026-05-09 15:38:11,1,1,1,481.9,64,13.8,115,468,1,0.48,0.02,22698,1,0.48,0.02,22698
2026-05-09 15:38:11,1,1,1,502.1,56,13.6,118,488,1,0.48,0.02,22698,1,0.48,0.02,22698
2026-05-09 15:38:11,1,1,1,502.1,56,13.6,118,488,1,0.48,0.02,22698,1,0.48,0.02,22698
2026-05-09 15:38:11,1,1,1,510.1,48,13.5,119,496,1,0.48,0.02,22698,1,0.48,0.02,22698
2026-05-09 15:38:11,1,1,1,510.1,48,13.5,119,496,1,0.48,0.02,22698,1,0.48,0.02,22698
2026-05-09 15:38:11,1,1,1,518.8,56,13.3,119,505,1,0.48,0.02,22698,1,0.48,0.02,22698
2026-05-09 15:38:11,1,1,1,518.8,56,13.3,119,505,1,0.48,0.02,22698,1,0.48,0.02,22698
2026-05-09 15:38:11,1,1,1,531.8,104,12.6,116,519,1,0.48,0.02,22698,1,0.48,0.02,22698
2026-05-09 15:38:11,1,1,1,531.8,104,12.6,116,519,1,0.48,0.02,22698,1,0.48,0.02,22698
2026-05-09 15:38:11,1,1,1,548.0,112,11.5,109,537,1,0.48,0.02,22698,1,0.48,0.02,22698
2026-05-09 15:38:11,1,1,1,568.1,96,10.2,101,559,1,0.00,0.00,0,0,0.00,0.00,0
2026-05-09 15:38:11,1,1,1,568.1,96,10.2,101,559,1,0.00,0.00,0,0,0.00,0.00,0
2026-05-09 15:38:11,1,1,1,622.6,152,6.2,67,619,1,0.00,0.00,0,0,0.00,0.00,0
2026-05-09 15:38:11,1,1,1,622.6,152,6.2,67,619,1,0.00,0.00,0,0,0.00,0.00,0
2026-05-09 15:38:11,1,1,1,686.1,79,3.3,39,685,1,0.00,0.00,0,0,0.00,0.00,0
2026-05-09 15:38:11,1,1,1,686.1,79,3.3,39,685,1,1.49,0.96,55485,1,1.49,0.96,55485
2026-05-09 15:38:11,1,1,1,816.0,104,-0.3,-4,816,1,1.49,0.96,55485,1,1.49,0.96,55485
2026-05-09 15:38:12,1,1,1,816.0,104,-0.3,-4,816,1,1.56,1.08,13300,1,1.56,1.08,13300
2026-05-09 15:38:12,1,1,1,942.5,112,-1.9,-31,942,1,1.56,1.08,13300,1,1.56,1.08,13300
2026-05-09 15:38:12,1,1,1,1062.1,112,-2.6,-48,1061,1,1.67,1.08,13300,1,1.67,1.08,13300
2026-05-09 15:38:12,1,1,1,1062.1,112,-2.6,-48,1061,1,1.67,1.08,13300,1,1.67,1.08,13300
2026-05-09 15:38:12,1,1,1,1177.1,96,-2.5,-51,1176,1,1.76,1.03,2069,1,1.76,1.03,2069
2026-05-09 15:38:12,1,1,1,1177.1,96,-2.5,-51,1176,1,1.76,1.03,2069,1,1.76,1.03,2069
2026-05-09 15:38:12,1,1,1,1285.1,88,-2.4,-53,1284,1,1.87,1.03,2069,1,1.87,1.03,2069
2026-05-09 15:38:12,1,1,1,1285.1,88,-2.4,-53,1284,1,1.87,1.03,2069,1,1.87,1.03,2069
2026-05-09 15:38:12,1,1,1,1384.3,88,-2.4,-59,1383,1,1.97,1.01,11458,1,1.97,1.01,11458
2026-05-09 15:38:12,1,1,1,1480.1,88,-2.2,-56,1479,1,1.97,1.01,11458,1,1.97,1.01,11458
2026-05-09 15:38:12,1,1,1,1480.1,88,-2.2,-56,1479,1,2.06,1.00,27114,1,2.06,1.00,27114
2026-05-09 15:38:12,1,1,1,1572.9,104,-2.0,-54,1572,1,2.06,1.00,27114,1,2.06,1.00,27114
2026-05-09 15:38:12,1,1,1,1572.9,104,-2.0,-54,1572,1,2.16,1.00,27114,1,2.16,1.00,27114
2026-05-09 15:38:12,1,1,1,1663.2,96,-0.9,-26,1663,1,2.16,1.00,27114,1,2.16,1.00,27114
2026-05-09 15:38:12,1,1,1,1663.2,96,-0.9,-26,1663,1,2.16,1.00,27114,1,2.16,1.00,27114
2026-05-09 15:38:12,1,1,1,1749.0,88,0.3,10,1749,1,2.16,1.00,27114,1,2.16,1.00,27114
2026-05-09 15:38:12,1,1,1,1749.0,88,0.3,10,1749,1,2.16,1.00,27114,1,2.16,1.00,27114
2026-05-09 15:38:12,1,1,1,1838.2,88,0.8,26,1838,1,2.16,1.00,27114,1,2.16,1.00,27114
2026-05-09 15:38:12,1,1,1,1919.8,72,1.7,57,1919,1,2.16,1.00,27114,1,2.16,1.00,27114
2026-05-09 15:38:12,1,1,1,1919.8,72,1.7,57,1919,1,2.16,1.00,27114,1,2.16,1.00,27114
2026-05-09 15:38:13,1,1,1,1997.4,64,2.2,76,1996,1,2.16,1.00,27114,1,2.16,1.00,27114
2026-05-09 15:38:13,1,1,1,1997.4,64,2.2,76,1996,1,2.16,1.00,27114,1,2.16,1.00,27114
2026-05-09 15:38:13,1,1,1,2084.8,0,2.4,87,2083,1,2.16,1.00,27114,1,2.16,1.00,27114
2026-05-09 15:38:13,1,1,1,2084.8,0,2.4,87,2083,1,2.16,1.00,27114,1,2.16,1.00,27114
2026-05-09 15:38:13,1,1,1,2239.6,0,1.4,53,2239,1,2.16,1.00,27114,1,2.16,1.00,27114
2026-05-09 15:38:13,1,1,1,2378.1,39,0.4,17,2378,1,0.00,0.00,0,0,0.00,0.00,0
2026-05-09 15:38:13,1,1,1,2378.1,39,0.4,17,2378,1,0.00,0.00,0,0,0.00,0.00,0
2026-05-09 15:38:13,1,1,1,2422.3,32,0.8,35,2422,1,0.00,0.00,0,0,0.00,0.00,0
2026-05-09 15:38:13,1,1,1,2422.3,32,0.8,35,2422,1,0.00,0.00,0,0,0.00,0.00,0
2026-05-09 15:38:13,1,1,1,2458.3,8,0.9,38,2458,1,0.00,0.00,0,0,0.00,0.00,0
2026-05-09 15:38:13,1,1,1,2458.3,8,0.9,38,2458,0,0.00,0.00,0,0,0.00,0.00,0
2026-05-09 15:38:13,1,1,1,2484.3,8,0.9,38,2484,0,0.00,0.00,0,0,0.00,0.00,0
2026-05-09 15:38:13,1,1,1,2484.3,8,0.9,38,2484,0,0.00,0.00,0,0,0.00,0.00,0
2026-05-09 15:38:13,1,1,1,2512.1,0,0.5,22,2512,0,0.00,0.00,0,0,0.00,0.00,0
2026-05-09 15:38:13,1,1,1,2601.1,0,-0.5,-24,2601,0,0.00,0.00,0,0,0.00,0.00,0
2026-05-09 15:38:13,1,1,1,2601.1,0,-0.5,-24,2601,0,0.00,0.00,0,0,0.00,0.00,0
2026-05-09 15:38:13,1,1,1,2672.9,0,-1.5,-70,2672,0,0.00,0.00,0,0,0.00,0.00,0
2026-05-09 15:38:13,1,1,1,2672.9,0,-1.5,-70,2672,0,0.00,0.00,0,0,0.00,0.00,0
2026-05-09 15:38:13,1,1,1,2746.9,0,-2.1,-101,2745,0,0.00,0.00,0,0,0.00,0.00,0
2026-05-09 15:38:13,1,1,1,2746.9,0,-2.1,-101,2745,0,0.00,0.00,0,0,0.00,0.00,0
2026-05-09 15:38:14,1,1,1,2799.4,0,-2.8,-138,2796,0,0.00,0.00,0,0,0.00,0.00,0
2026-05-09 15:38:14,1,1,1,2851.3,0,-3.8,-189,2845,0,0.00,0.00,0,0,0.00,0.00,0
2026-05-09 15:38:14,1,1,1,2851.3,0,-3.8,-189,2845,0,0.00,0.00,0,0,0.00,0.00,0
2026-05-09 15:38:14,1,1,1,2888.7,-16,-4.7,-237,2879,0,0.00,0.00,0,0,0.00,0.00,0
2026-05-09 15:38:14,1,1,1,2888.7,-16,-4.7,-237,2879,0,0.00,0.00,0,0,0.00,0.00,0
2026-05-09 15:38:14,1,1,1,2823.3,-16,-4.9,-241,2813,0,0.00,0.00,0,0,0.00,0.00,0
2026-05-09 15:38:14,1,1,1,2823.3,-16,-4.9,-241,2813,0,0.00,0.00,0,0,0.00,0.00,0
2026-05-09 15:38:14,1,1,1,2740.1,-32,-5.4,-257,2728,0,0.00,0.00,0,0,0.00,0.00,0
2026-05-09 15:38:14,1,1,1,2740.1,-32,-5.4,-257,2728,0,0.00,0.00,0,0,0.00,0.00,0
2026-05-09 15:38:14,1,1,1,2655.4,-39,-5.7,-266,2642,0,0.00,0.00,0,0,0.00,0.00,0
2026-05-09 15:38:14,1,1,1,2579.2,-48,-6.2,-280,2564,0,0.00,0.00,0,0,0.00,0.00,0
2026-05-09 15:38:14,1,1,1,2579.2,-48,-6.2,-280,2564,0,0.00,0.00,0,0,0.00,0.00,0
2026-05-09 15:38:14,1,1,1,2515.0,0,-6.9,-300,2497,0,0.00,0.00,0,0,0.00,0.00,0
2026-05-09 15:38:14,1,1,1,2515.0,0,-6.9,-300,2497,0,0.00,0.00,0,0,0.00,0.00,0
2026-05-09 15:38:14,1,1,1,2575.0,0,-8.5,-379,2547,0,0.00,0.00,0,0,0.00,0.00,0
2026-05-09 15:38:14,1,1,1,2575.0,0,-8.5,-379,2547,0,0.00,0.00,0,0,0.00,0.00,0
2026-05-09 15:38:14,1,1,1,2646.2,-79,-10.1,-465,2605,0,0.00,0.00,0,0,0.00,0.00,0
2026-05-09 15:38:14,1,1,1,2582.3,-88,-10.3,-460,2541,0,0.00,0.00,0,0,0.00,0.00,0
2026-05-09 15:38:14,1,1,1,2582.3,-88,-10.3,-460,2541,0,0.00,0.00,0,0,0.00,0.00,0
2026-05-09 15:38:14,1,1,1,2478.3,-88,-10.3,-445,2438,0,0.00,0.00,0,0,0.00,0.00,0
2026-05-09 15:38:15,1,1,1,2478.3,-88,-10.3,-445,2438,0,0.00,0.00,0,0,0.00,0.00,0
2026-05-09 15:38:15,1,1,1,2369.8,-72,-10.1,-416,2333,0,0.00,0.00,0,0,0.00,0.00,0
2026-05-09 15:38:15,1,1,1,2369.8,-72,-10.1,-416,2333,0,0.00,0.00,0,0,0.00,0.00,0
2026-05-09 15:38:15,1,1,1,2252.6,-88,-10.2,-399,2217,0,0.00,0.00,0,0,0.00,0.00,0
2026-05-09 15:38:15,1,1,1,2252.6,-88,-10.2,-399,2217,0,0.00,0.00,0,0,0.00,0.00,0
2026-05-09 15:38:15,1,1,1,2148.1,-96,-10.4,-387,2113,0,0.00,0.00,0,0,0.00,0.00,0
2026-05-09 15:38:15,1,1,1,2049.9,-96,-10.4,-371,2016,0,0.00,0.00,0,1,1.80,-0.92,39033
2026-05-09 15:38:15,1,1,1,2049.9,-96,-10.4,-371,2016,0,0.00,0.00,0,1,1.80,-0.92,39033
2026-05-09 15:38:15,1,1,1,1955.8,-112,-10.3,-351,1924,1,1.64,-1.02,27541,1,1.64,-1.02,27541
2026-05-09 15:38:15,1,1,1,1955.8,-112,-10.3,-351,1924,1,1.64,-1.02,27541,1,1.64,-1.02,27541
2026-05-09 15:38:25,1,1,1,1014.3,48,-22.1,-381,940,1,1.38,0.61,56674,1,1.38,0.61,56674
2026-05-09 15:38:25,1,1,1,1065.2,64,-20.6,-375,997,1,1.38,0.61,56674,1,1.38,0.61,56674
2026-05-09 15:38:25,1,1,1,1065.2,64,-20.6,-375,997,1,1.45,0.61,56674,1,1.45,0.61,56674
2026-05-09 15:38:25,1,1,1,1117.3,56,-18.9,-362,1057,1,1.45,0.61,56674,1,1.45,0.61,56674
2026-05-09 15:38:25,1,1,1,1117.3,56,-18.9,-362,1057,1,1.80,0.58,6053,1,1.80,0.58,6053
2026-05-09 15:38:25,1,1,1,1171.2,48,-17.3,-349,1118,1,1.80,0.58,6053,1,1.80,0.58,6053
2026-05-09 15:38:25,1,1,1,1224.2,56,-15.8,-333,1178,1,1.80,0.55,38809,1,1.80,0.55,38809
2026-05-09 15:38:25,1,1,1,1224.2,56,-15.8,-333,1178,1,1.80,0.55,38809,1,1.80,0.55,38809
2026-05-09 15:38:25,1,1,1,1290.4,64,-14.7,-328,1248,1,2.03,0.53,1825,1,2.03,0.53,1825
2026-05-09 15:38:25,1,1,1,1290.4,64,-14.7,-328,1248,1,2.03,0.53,1825,1,2.03,0.53,1825
2026-05-09 15:38:26,1,1,1,1357.2,72,-13.8,-324,1318,1,2.05,0.54,1104,1,2.05,0.54,1104
2026-05-09 15:38:26,1,1,1,1357.2,72,-13.8,-324,1318,1,2.05,0.54,1104,1,2.05,0.54,1104
2026-05-09 15:38:26,1,1,1,1422.0,88,-12.6,-309,1388,1,2.10,0.54,1104,1,2.10,0.54,1104
2026-05-09 15:38:26,1,1,1,1422.0,88,-12.6,-309,1388,0,0.00,0.00,0,1,2.10,0.54,1104
2026-05-09 15:38:26,1,1,1,1475.7,72,-10.5,-269,1451,0,0.00,0.00,0,1,2.10,0.54,1104
2026-05-09 15:38:26,1,1,1,1524.1,79,-7.8,-207,1510,0,0.00,0.00,0,1,2.10,0.54,1104
2026-05-09 15:38:26,1,1,1,1524.1,79,-7.8,-207,1510,0,0.00,0.00,0,1,2.10,0.54,1104
2026-05-09 15:38:26,1,1,1,1573.8,79,-4.9,-135,1568,0,0.00,0.00,0,1,2.10,0.54,1104
2026-05-09 15:38:26,1,1,1,1573.8,79,-4.9,-135,1568,0,0.00,0.00,0,1,2.10,0.54,1104
2026-05-09 15:38:26,1,1,1,1633.1,0,-2.1,-60,1632,0,0.00,0.00,0,1,2.10,0.54,1104
2026-05-09 15:38:26,1,1,1,1633.1,0,-2.1,-60,1632,0,0.00,0.00,0,1,2.10,0.54,1104
2026-05-09 15:38:26,1,1,1,1851.4,88,-2.3,-73,1850,0,0.00,0.00,0,1,2.10,0.54,1104
2026-05-09 15:38:26,1,1,1,2070.0,0,-2.5,-91,2068,0,0.00,0.00,0,1,2.10,0.54,1104
2026-05-09 15:38:26,1,1,1,2070.0,0,-2.5,-91,2068,0,0.00,0.00,0,1,2.10,0.54,1104
2026-05-09 15:38:26,1,1,1,2267.8,72,-2.8,-112,2265,0,0.00,0.00,0,1,2.10,0.54,1104
2026-05-09 15:38:26,1,1,1,2267.8,72,-2.8,-112,2265,0,0.00,0.00,0,0,0.00,0.00,0
2026-05-09 15:38:26,1,1,1,2289.4,64,-1.1,-43,2289,0,0.00,0.00,0,0,0.00,0.00,0
2026-05-09 15:38:26,1,1,1,2289.4,64,-1.1,-43,2289,0,0.00,0.00,0,0,0.00,0.00,0
2026-05-09 15:38:26,1,1,1,2273.4,56,1.0,40,2273,0,0.00,0.00,0,1,2.27,0.51,48068
2026-05-09 15:38:26,1,1,1,2273.4,56,1.0,40,2273,0,0.00,0.00,0,1,2.27,0.51,48068
2026-05-09 15:38:27,1,1,1,2258.7,64,3.3,129,2255,1,2.33,0.51,48068,1,2.33,0.51,48068
2026-05-09 15:38:27,1,1,1,2252.3,72,5.2,205,2243,1,2.33,0.51,48068,1,2.33,0.51,48068
2026-05-09 15:38:27,1,1,1,2252.3,72,5.2,205,2243,1,2.33,0.51,48068,1,2.33,0.51,48068
2026-05-09 15:38:27,1,1,1,2255.0,39,6.4,251,2241,1,2.33,0.51,48068,1,2.33,0.51,48068
2026-05-09 15:38:27,1,1,1,2255.0,39,6.4,251,2241,1,2.33,0.51,48068,1,2.33,0.51,48068
2026-05-09 15:38:27,1,1,1,2283.9,79,7.2,285,2266,1,2.33,0.51,48068,1,2.33,0.51,48068
2026-05-09 15:38:27,1,1,1,2283.9,79,7.2,285,2266,1,2.33,0.51,48068,1,2.33,0.51,48068
2026-05-09 15:38:27,1,1,1,2319.9,0,7.5,303,2300,1,2.33,0.51,48068,1,2.33,0.51,48068
2026-05-09 15:38:27,1,1,1,2362.4,24,7.1,294,2344,1,2.33,0.51,48068,1,2.33,0.51,48068
2026-05-09 15:38:27,1,1,1,2362.4,24,7.1,294,2344,1,2.33,0.51,48068,1,2.33,0.51,48068
2026-05-09 15:38:27,1,1,1,2396.4,16,6.5,271,2381,1,2.33,0.51,48068,1,2.33,0.51,48068
2026-05-09 15:38:27,1,1,1,2396.4,16,6.5,271,2381,1,2.33,0.51,48068,1,2.33,0.51,48068
2026-05-09 15:38:27,1,1,1,2448.3,0,5.2,224,2438,1,2.33,0.51,48068,1,2.33,0.51,48068
2026-05-09 15:38:27,1,1,1,2448.3,0,5.2,224,2438,1,0.00,0.00,0,0,0.00,0.00,0
2026-05-09 15:38:27,1,1,1,2489.5,32,3.8,165,2484,1,0.00,0.00,0,0,0.00,0.00,0
2026-05-09 15:38:27,1,1,1,2489.5,32,3.8,165,2484,1,0.00,0.00,0,0,0.00,0.00,0
2026-05-09 15:38:27,1,1,1,2554.1,0,2.3,103,2552,1,0.00,0.00,0,0,0.00,0.00,0
2026-05-09 15:38:27,1,1,1,2653.3,0,0.9,43,2653,1,0.00,0.00,0,0,0.00,0.00,0
2026-05-09 15:38:27,1,1,1,2653.3,0,0.9,43,2653,0,0.00,0.00,0,0,0.00,0.00,0
2026-05-09 15:38:27,1,1,1,2741.0,0,-0.3,-12,2741,0,0.00,0.00,0,0,0.00,0.00,0
2026-05-09 15:38:28,1,1,1,2741.0,0,-0.3,-12,2741,0,0.00,0.00,0,0,0.00,0.00,0
2026-05-09 15:38:28,1,1,1,2805.7,8,-1.3,-63,2805,0,0.00,0.00,0,0,0.00,0.00,0
2026-05-09 15:38:28,1,1,1,2805.7,8,-1.3,-63,2805,0,0.00,0.00,0,0,0.00,0.00,0
2026-05-09 15:38:28,1,1,1,2798.0,0,-1.5,-73,2797,0,0.00,0.00,0,0,0.00,0.00,0
2026-05-09 15:38:28,1,1,1,2787.3,0,-1.7,-84,2786,0,0.00,0.00,0,0,0.00,0.00,0
2026-05-09 15:38:28,1,1,1,2787.3,0,-1.7,-84,2786,0,0.00,0.00,0,0,0.00,0.00,0
2026-05-09 15:38:28,1,1,1,2817.0,0,-3.1,-151,2813,0,0.00,0.00,0,0,0.00,0.00,0
2026-05-09 15:38:28,1,1,1,2817.0,0,-3.1,-151,2813,0,0.00,0.00,0,0,0.00,0.00,0
2026-05-09 15:38:28,1,1,1,2827.0,-56,-4.3,-213,2819,0,0.00,0.00,0,0,0.00,0.00,0
2026-05-09 15:38:28,1,1,1,2827.0,-56,-4.3,-213,2819,0,0.00,0.00,0,0,0.00,0.00,0
2026-05-09 15:38:28,1,1,1,2850.1,0,-5.3,-262,2838,0,0.00,0.00,0,0,0.00,0.00,0
2026-05-09 15:38:28,1,1,1,2850.1,0,-5.3,-262,2838,0,0.00,0.00,0,0,0.00,0.00,0
2026-05-09 15:38:28,1,1,1,2853.5,-48,-6.2,-306,2837,0,0.00,0.00,0,0,0.00,0.00,0
2026-05-09 15:38:28,1,1,1,2786.3,-48,-6.7,-327,2767,0,0.00,0.00,0,0,0.00,0.00,0
2026-05-09 15:38:28,1,1,1,2786.3,-48,-6.7,-327,2767,0,0.00,0.00,0,0,0.00,0.00,0
2026-05-09 15:38:28,1,1,1,2710.0,-39,-7.1,-337,2689,0,0.00,0.00,0,0,0.00,0.00,0
2026-05-09 15:38:28,1,1,1,2710.0,-39,-7.1,-337,2689,0,0.00,0.00,0,0,0.00,0.00,0
2026-05-09 15:38:28,1,1,1,2637.9,0,-7.6,-347,2615,0,0.00,0.00,0,0,0.00,0.00,0
2026-05-09 15:38:28,1,1,1,2637.9,0,-7.6,-347,2615,0,0.00,0.00,0,0,0.00,0.00,0
2026-05-09 15:38:28,1,1,1,2682.6,0,-8.7,-404,2652,0,0.00,0.00,0,0,0.00,0.00,0
2026-05-09 15:38:29,1,1,1,2733.2,-96,-9.8,-467,2693,0,0.00,0.00,0,0,0.00,0.00,0
2026-05-09 15:38:29,1,1,1,2733.2,-96,-9.8,-467,2693,0,0.00,0.00,0,0,0.00,0.00,0
2026-05-09 15:38:29,1,1,1,2657.4,-79,-10.6,-489,2612,0,0.00,0.00,0,0,0.00,0.00,0
2026-05-09 15:38:29,1,1,1,2657.4,-79,-10.6,-489,2612,0,0.00,0.00,0,0,0.00,0.00,0
2026-05-09 15:38:29,1,1,1,2546.8,-72,-11.5,-506,2496,0,0.00,0.00,0,0,0.00,0.00,0
2026-05-09 15:38:29,1,1,1,2546.8,-72,-11.5,-506,2496,0,0.00,0.00,0,0,0.00,0.00,0
2026-05-09 15:38:29,1,1,1,2434.4,-64,-12.0,-507,2381,0,0.00,0.00,0,1,2.05,-0.72,8861
2026-05-09 15:38:29,1,1,1,2434.4,-64,-12.0,-507,2381,0,0.00,0.00,0,1,2.05,-0.72,8861
2026-05-09 15:38:29,1,1,1,2329.1,-79,-12.6,-508,2273,1,1.98,-0.72,8861,1,1.98,-0.72,8861
2026-05-09 15:38:29,1,1,1,2232.7,-96,-13.4,-517,2172,1,1.98,-0.72,8861,1,1.98,-0.72,8861
2026-05-09 15:38:29,1,1,1,2232.7,-96,-13.4,-517,2172,1,1.98,-0.72,8861,1,1.98,-0.72,8861
2026-05-09 15:38:29,1,1,1,2139.4,-104,-14.2,-525,2074,1,1.98,-0.72,8861,1,1.98,-0.72,8861
2026-05-09 15:38:29,1,1,1,2139.4,-104,-14.2,-525,2074,1,1.98,-0.72,8861,1,1.98,-0.72,8861
2026-05-09 15:38:29,1,1,1,2040.9,-112,-14.9,-526,1972,1,1.98,-0.72,8861,1,1.98,-0.72,8861
2026-05-09 15:38:29,1,1,1,2040.9,-112,-14.9,-526,1972,1,1.98,-0.72,8861,1,1.98,-0.72,8861
2026-05-09 15:38:29,1,1,1,1941.5,-104,-15.3,-511,1873,1,1.98,-0.72,8861,1,1.98,-0.72,8861
2026-05-09 15:38:29,1,1,1,1941.5,-104,-15.3,-511,1873,1,1.98,-0.72,8861,1,1.98,-0.72,8861
2026-05-09 15:38:29,1,1,1,1849.0,-88,-15.6,-497,1781,1,1.98,-0.72,8861,1,1.98,-0.72,8861
2026-05-09 15:38:29,1,1,1,1765.4,-88,-15.9,-483,1698,1,1.98,-0.72,8861,1,1.98,-0.72,8861
2026-05-09 15:38:29,1,1,1,1765.4,-88,-15.9,-483,1698,1,1.98,-0.72,8861,1,1.98,-0.72,8861
2026-05-09 15:38:30,1,1,1,1685.6,-96,-15.9,-462,1621,1,1.98,-0.72,8861,1,1.98,-0.72,8861
2026-05-09 15:38:30,1,1,1,1685.6,-96,-15.9,-462,1621,1,0.00,0.00,0,0,0.00,0.00,0
2026-05-09 15:38:30,1,1,1,1602.5,-104,-15.8,-436,1542,1,1.26,-1.11,61994,1,1.26,-1.11,61994
2026-05-09 15:38:30,1,1,1,1602.5,-104,-15.8,-436,1542,1,1.26,-1.11,61994,1,1.26,-1.11,61994
2026-05-09 15:38:30,1,1,1,1513.2,-104,-15.5,-405,1458,1,1.19,-1.12,37789,1,1.19,-1.12,37789
2026-05-09 15:38:30,1,1,1,1424.1,-96,-15.4,-378,1373,1,1.19,-1.12,37789,1,1.19,-1.12,37789
2026-05-09 15:38:30,1,1,1,1424.1,-96,-15.4,-378,1373,1,1.07,-1.05,26114,1,1.07,-1.05,26114
2026-05-09 15:38:30,1,1,1,1338.9,-79,-15.4,-355,1291,1,1.07,-1.05,26114,1,1.07,-1.05,26114
2026-05-09 15:38:30,1,1,1,1338.9,-79,-15.4,-355,1291,1,0.97,-1.05,26114,1,0.97,-1.05,26114
2026-05-09 15:38:30,1,1,1,1259.0,-72,-15.2,-330,1215,1,0.97,-1.05,26114,1,0.97,-1.05,26114
2026-05-09 15:38:30,1,1,1,1259.0,-72,-15.2,-330,1215,1,0.88,-0.95,4840,1,0.88,-0.95,4840
2026-05-09 15:38:30,1,1,1,1189.0,-79,-14.5,-298,1151,1,0.88,-0.95,4840,1,0.88,-0.95,4840
2026-05-09 15:38:30,1,1,1,1189.0,-79,-14.5,-298,1151,1,0.78,-0.95,4840,1,0.78,-0.95,4840
2026-05-09 15:38:30,1,1,1,1111.6,-88,-14.3,-275,1077,1,0.78,-0.95,4840,1,0.78,-0.95,4840
2026-05-09 15:38:30,1,1,1,1030.3,-79,-13.7,-244,1001,1,0.70,-0.92,50336,1,0.70,-0.92,50336
2026-05-09 15:38:30,1,1,1,1030.3,-79,-13.7,-244,1001,1,0.70,-0.92,50336,1,0.70,-0.92,50336
2026-05-09 15:38:30,1,1,1,949.0,-64,-12.9,-212,925,1,0.61,-0.92,50336,1,0.61,-0.92,50336
2026-05-09 15:38:30,1,1,1,949.0,-64,-12.9,-212,925,1,0.61,-0.92,50336,1,0.61,-0.92,50336
2026-05-09 15:38:30,1,1,1,871.0,-56,-12.0,-181,852,1,0.61,-0.92,50336,1,0.61,-0.92,50336
2026-05-09 15:38:30,1,1,1,871.0,-56,-12.0,-181,852,1,0.61,-0.92,50336,1,0.61,-0.92,50336
2026-05-09 15:38:31,1,1,1,797.2,-48,-10.8,-150,783,1,0.61,-0.92,50336,1,0.61,-0.92,50336
2026-05-09 15:38:31,1,1,1,728.6,-39,-9.3,-118,719,1,0.61,-0.92,50336,1,0.61,-0.92,50336
2026-05-09 15:38:31,1,1,1,728.6,-39,-9.3,-118,719,1,0.61,-0.92,50336,1,0.61,-0.92,50336
2026-05-09 15:38:31,1,1,1,657.1,-56,-7.8,-89,651,1,0.61,-0.92,50336,1,0.61,-0.92,50336
2026-05-09 15:38:31,1,1,1,657.1,-56,-7.8,-89,651,1,0.61,-0.92,50336,1,0.61,-0.92,50336
2026-05-09 15:38:31,1,1,1,588.1,-32,-5.9,-60,585,1,0.61,-0.92,50336,1,0.61,-0.92,50336
2026-05-09 15:38:31,1,1,1,588.1,-32,-5.9,-60,585,1,0.61,-0.92,50336,1,0.61,-0.92,50336
2026-05-09 15:38:31,1,1,1,528.5,16,-2.4,-22,528,1,0.61,-0.92,50336,1,0.61,-0.92,50336
2026-05-09 15:38:31,1,1,1,528.5,16,-2.4,-22,528,1,0.61,-0.92,50336,1,0.61,-0.92,50336
2026-05-09 15:38:31,1,1,1,474.8,56,3.4,28,474,1,0.00,0.00,0,0,0.00,0.00,0
2026-05-09 15:38:31,1,1,1,449.8,16,10.0,78,443,1,0.00,0.00,0,0,0.00,0.00,0
2026-05-09 15:38:31,1,1,1,449.8,16,10.0,78,443,1,0.00,0.00,0,0,0.00,0.00,0
2026-05-09 15:38:31,1,1,1,437.0,32,16.5,124,419,1,0.00,0.00,0,0,0.00,0.00,0
2026-05-09 15:38:31,1,1,1,437.0,32,16.5,124,419,1,0.00,0.00,0,0,0.00,0.00,0
2026-05-09 15:38:31,1,1,1,432.1,39,21.9,161,401,0,0.00,0.00,0,0,0.00,0.00,0
2026-05-09 15:38:31,1,1,1,432.1,39,21.9,161,401,0,0.00,0.00,0,0,0.00,0.00,0
2026-05-09 15:38:31,1,1,1,439.6,48,26.3,195,394,0,0.00,0.00,0,1,0.50,0.71,54554
2026-05-09 15:38:31,1,1,1,455.9,64,28.4,217,401,0,0.00,0.00,0,1,0.50,0.71,54554
2026-05-09 15:38:31,1,1,1,455.9,64,28.4,217,401,1,0.57,0.74,29146,1,0.57,0.74,29146
2026-05-09 15:38:31,1,1,1,475.2,79,30.6,242,409,1,0.57,0.74,29146,1,0.57,0.74,29146
2026-05-09 15:38:32,1,1,1,475.2,79,30.6,242,409,1,0.68,0.73,41146,1,0.68,0.73,41146
2026-05-09 15:38:32,1,1,1,504.2,64,31.7,265,429,1,0.68,0.73,41146,1,0.68,0.73,41146
2026-05-09 15:38:32,1,1,1,504.2,64,31.7,265,429,1,0.75,0.73,41146,1,0.75,0.73,41146
2026-05-09 15:38:32,1,1,1,539.4,48,30.0,270,467,1,0.75,0.73,41146,1,0.75,0.73,41146
2026-05-09 15:38:32,1,1,1,539.4,48,30.0,270,467,1,0.79,0.65,357,1,0.79,0.65,357
2026-05-09 15:38:32,1,1,1,576.9,39,27.2,264,513,1,0.79,0.65,357,1,0.79,0.65,357
2026-05-09 15:38:32,1,1,1,619.8,56,26.4,276,555,1,0.86,0.65,357,1,0.86,0.65,357
2026-05-09 15:38:32,1,1,1,619.8,56,26.4,276,555,1,0.86,0.65,357,1,0.86,0.65,357
2026-05-09 15:38:32,1,1,1,644.0,56,26.0,282,579,1,0.93,0.63,7921,1,0.93,0.63,7921
2026-05-09 15:38:32,1,1,1,644.0,56,26.0,282,579,1,0.93,0.63,7921,1,0.93,0.63,7921
2026-05-09 15:38:32,1,1,1,670.6,64,25.2,285,607,1,1.00,0.65,28932,1,1.00,0.65,28932
2026-05-09 15:38:32,1,1,1,670.6,64,25.2,285,607,1,1.00,0.65,28932,1,1.00,0.65,28932
2026-05-09 15:38:32,1,1,1,681.0,72,24.8,286,618,1,1.06,0.67,12424,1,1.06,0.67,12424
2026-05-09 15:38:32,1,1,1,694.5,88,24.5,288,632,1,1.06,0.67,12424,1,1.06,0.67,12424
2026-05-09 15:38:32,1,1,1,694.5,88,24.5,288,632,1,1.13,0.67,12424,1,1.13,0.67,12424
2026-05-09 15:38:32,1,1,1,709.5,79,24.0,289,648,1,1.13,0.67,12424,1,1.13,0.67,12424
2026-05-09 15:38:32,1,1,1,709.5,79,24.0,289,648,1,1.13,0.67,12424,1,1.13,0.67,12424
2026-05-09 15:38:32,1,1,1,726.0,64,23.5,289,666,1,1.13,0.67,12424,1,1.13,0.67,12424
2026-05-09 15:38:32,1,1,1,726.0,64,23.5,289,666,1,1.13,0.67,12424,1,1.13,0.67,12424
2026-05-09 15:38:32,1,1,1,774.9,56,21.9,289,719,1,1.13,0.67,12424,1,1.13,0.67,12424
2026-05-09 15:38:33,1,1,1,774.9,56,21.9,289,719,1,1.28,0.58,43481,1,1.28,0.58,43481
2026-05-09 15:38:33,1,1,1,824.7,56,20.6,290,772,1,1.28,0.58,43481,1,1.28,0.58,43481
2026-05-09 15:38:33,1,1,1,874.8,64,19.2,288,826,1,1.42,0.65,11722,1,1.42,0.65,11722
2026-05-09 15:38:33,1,1,1,874.8,64,19.2,288,826,1,1.42,0.65,11722,1,1.42,0.65,11722
2026-05-09 15:38:33,1,1,1,929.1,64,18.3,292,882,1,1.48,0.65,11722,1,1.48,0.65,11722
2026-05-09 15:38:33,1,1,1,929.1,64,18.3,292,882,1,1.48,0.65,11722,1,1.48,0.65,11722
2026-05-09 15:38:33,1,1,1,1023.4,72,16.3,288,982,1,1.48,0.65,11722,1,1.48,0.65,11722
2026-05-09 15:38:33,1,1,1,1023.4,72,16.3,288,982,1,1.48,0.65,11722,1,1.48,0.65,11722
2026-05-09 15:38:33,1,1,1,1116.6,79,15.1,291,1078,1,1.48,0.65,11722,1,1.48,0.65,11722
2026-05-09 15:38:33,1,1,1,1203.5,72,13.9,290,1168,1,1.48,0.65,11722,1,1.48,0.65,11722
2026-05-09 15:38:33,1,1,1,1203.5,72,13.9,290,1168,1,1.48,0.65,11722,1,1.48,0.65,11722
2026-05-09 15:38:33,1,1,1,1286.3,64,12.3,273,1257,1,1.48,0.65,11722,1,1.48,0.65,11722
2026-05-09 15:38:33,1,1,1,1286.3,64,12.3,273,1257,1,1.48,0.65,11722,1,1.48,0.65,11722
2026-05-09 15:38:33,1,1,1,1365.3,64,10.6,251,1342,1,1.48,0.65,11722,1,1.48,0.65,11722
2026-05-09 15:38:33,1,1,1,1365.3,64,10.6,251,1342,1,1.48,0.65,11722,1,1.48,0.65,11722
2026-05-09 15:38:33,1,1,1,1439.8,56,9.8,244,1419,1,1.48,0.65,11722,1,1.48,0.65,11722
2026-05-09 15:38:33,1,1,1,1439.8,56,9.8,244,1419,1,1.48,0.65,11722,1,1.48,0.65,11722
2026-05-09 15:38:33,1,1,1,1506.2,64,9.2,240,1487,1,0.00,0.00,0,0,0.00,0.00,0
2026-05-09 15:38:33,1,1,1,1574.9,0,8.7,237,1557,1,0.00,0.00,0,0,0.00,0.00,0
2026-05-09 15:38:33,1,1,1,1574.9,0,8.7,237,1557,1,0.00,0.00,0,0,0.00,0.00,0
2026-05-09 15:38:34,1,1,1,1810.9,0,6.9,216,1798,1,0.00,0.00,0,0,0.00,0.00,0
2026-05-09 15:38:34,1,1,1,1810.9,0,6.9,216,1798,1,0.00,0.00,0,0,0.00,0.00,0
2026-05-09 15:38:34,1,1,1,2020.1,72,5.4,191,2011,0,0.00,0.00,0,0,0.00,0.00,0
2026-05-09 15:38:34,1,1,1,2020.1,72,5.4,191,2011,0,0.00,0.00,0,0,0.00,0.00,0
2026-05-09 15:38:34,1,1,1,2079.6,64,4.9,178,2072,0,0.00,0.00,0,0,0.00,0.00,0
2026-05-09 15:38:34,1,1,1,2090.6,48,4.6,166,2084,0,0.00,0.00,0,0,0.00,0.00,0
2026-05-09 15:38:34,1,1,1,2090.6,48,4.6,166,2084,0,0.00,0.00,0,0,0.00,0.00,0
2026-05-09 15:38:34,1,1,1,2090.5,39,3.8,137,2086,0,0.00,0.00,0,0,0.00,0.00,0
2026-05-09 15:38:34,1,1,1,2090.5,39,3.8,137,2086,0,0.00,0.00,0,0,0.00,0.00,0
2026-05-09 15:38:34,1,1,1,2086.3,0,3.2,118,2083,0,0.00,0.00,0,0,0.00,0.00,0
2026-05-09 15:38:34,1,1,1,2086.3,0,3.2,118,2083,0,0.00,0.00,0,0,0.00,0.00,0
2026-05-09 15:38:34,1,1,1,2088.7,32,2.9,107,2086,0,0.00,0.00,0,0,0.00,0.00,0
2026-05-09 15:38:34,1,1,1,2088.7,32,2.9,107,2086,0,0.00,0.00,0,0,0.00,0.00,0
2026-05-09 15:38:34,1,1,1,2101.2,24,2.6,97,2099,0,0.00,0.00,0,0,0.00,0.00,0
2026-05-09 15:38:34,1,1,1,2120.2,32,2.6,96,2118,0,0.00,0.00,0,0,0.00,0.00,0
2026-05-09 15:38:34,1,1,1,2120.2,32,2.6,96,2118,0,0.00,0.00,0,0,0.00,0.00,0
2026-05-09 15:38:34,1,1,1,2146.1,0,2.5,95,2144,0,0.00,0.00,0,0,0.00,0.00,0
2026-05-09 15:38:34,1,1,1,2146.1,0,2.5,95,2144,0,0.00,0.00,0,0,0.00,0.00,0
2026-05-09 15:38:34,1,1,1,2222.4,0,1.1,44,2222,0,0.00,0.00,0,0,0.00,0.00,0
2026-05-09 15:38:34,1,1,1,2222.4,0,1.1,44,2222,0,0.00,0.00,0,0,0.00,0.00,0
2026-05-09 15:38:35,1,1,1,2387.3,0,-1.9,-80,2386,0,0.00,0.00,0,0,0.00,0.00,0
2026-05-09 15:38:35,1,1,1,2387.3,0,-1.9,-80,2386,0,0.00,0.00,0,0,0.00,0.00,0
2026-05-09 15:38:35,1,1,1,2538.7,0,-4.5,-197,2531,0,0.00,0.00,0,0,0.00,0.00,0
2026-05-09 15:38:35,1,1,1,2560.8,0,-5.3,-235,2550,0,0.00,0.00,0,0,0.00,0.00,0
2026-05-09 15:38:35,1,1,1,2560.8,0,-5.3,-235,2550,0,0.00,0.00,0,0,0.00,0.00,0
2026-05-09 15:38:35,1,1,1,2525.6,-8,-5.7,-252,2513,0,0.00,0.00,0,0,0.00,0.00,0
2026-05-09 15:38:35,1,1,1,2525.6,-8,-5.7,-252,2513,0,0.00,0.00,0,1,1.14,0.07,1000
2026-05-09 15:38:35,1,1,1,2492.4,0,-6.4,-277,2477,0,0.00,0.00,0,1,1.14,0.07,1000
2026-05-09 15:38:35,1,1,1,2492.4,0,-6.4,-277,2477,0,0.00,0.00,0,1,1.15,0.07,1000
2026-05-09 15:38:35,1,1,1,2481.9,0,-7.1,-306,2463,0,0.00,0.00,0,1,1.15,0.07,1000
2026-05-09 15:38:35,1,1,1,2579.4,0,-8.4,-375,2552,0,0.00,0.00,0,1,1.13,0.07,740
2026-05-09 15:38:35,1,1,1,2579.4,0,-8.4,-375,2552,0,0.00,0.00,0,1,1.13,0.07,740
2026-05-09 15:38:35,1,1,1,2667.7,0,-9.3,-429,2633,0,0.00,0.00,0,1,1.59,0.05,2906
2026-05-09 15:38:35,1,1,1,2667.7,0,-9.3,-429,2633,0,0.00,0.00,0,1,1.59,0.05,2906
2026-05-09 15:38:35,1,1,1,2746.8,0,-9.8,-466,2707,0,0.00,0.00,0,1,1.81,0.01,13753
2026-05-09 15:38:35,1,1,1,2746.8,0,-9.8,-466,2707,0,0.00,0.00,0,1,1.81,0.01,13753
2026-05-09 15:38:35,1,1,1,2812.2,8,-10.1,-491,2769,0,0.00,0.00,0,1,1.70,0.00,1289
2026-05-09 15:38:35,1,1,1,2812.2,8,-10.1,-491,2769,0,0.00,0.00,0,1,1.70,0.00,1289
2026-05-09 15:38:35,1,1,1,2773.4,0,-10.4,-500,2728,0,0.00,0.00,0,1,1.62,0.00,1789
2026-05-09 15:38:35,1,1,1,2722.9,-32,-10.6,-503,2676,0,0.00,0.00,0,1,1.62,0.00,1789
2026-05-09 15:38:36,1,1,1,2722.9,-32,-10.6,-503,2676,0,0.00,0.00,0,1,1.56,-0.01,289
2026-05-09 15:38:36,1,1,1,2670.1,-16,-11.1,-515,2620,0,0.00,0.00,0,1,1.56,-0.01,289
2026-05-09 15:38:36,1,1,1,2670.1,-16,-11.1,-515,2620,0,0.00,0.00,0,1,1.56,-0.01,289
2026-05-09 15:38:36,1,1,1,2567.3,-24,-12.2,-544,2509,0,0.00,0.00,0,1,1.56,-0.01,289
2026-05-09 15:38:36,1,1,1,2567.3,-24,-12.2,-544,2509,0,0.00,0.00,0,1,1.51,-0.03,605
2026-05-09 15:38:36,1,1,1,2481.5,-32,-13.5,-579,2413,0,0.00,0.00,0,1,1.51,-0.03,605
2026-05-09 15:38:36,1,1,1,2409.2,-16,-14.6,-609,2331,0,0.00,0.00,0,1,1.51,-0.03,605
2026-05-09 15:38:36,1,1,1,2409.2,-16,-14.6,-609,2331,0,0.00,0.00,0,1,1.51,-0.03,605
2026-05-09 15:38:36,1,1,1,2347.6,-48,-15.5,-628,2262,0,0.00,0.00,0,1,1.57,-0.10,10970
2026-05-09 15:38:36,1,1,1,2347.6,-48,-15.5,-628,2262,0,0.00,0.00,0,1,1.57,-0.10,10970
2026-05-09 15:38:36,1,1,1,2289.3,-64,-16.1,-633,2200,1,1.56,-0.10,10970,1,1.56,-0.10,10970
2026-05-09 15:38:36,1,1,1,2289.3,-64,-16.1,-633,2200,1,1.56,-0.10,10970,1,1.56,-0.10,10970
2026-05-09 15:38:36,1,1,1,2243.6,-56,-16.3,-631,2153,1,1.56,-0.10,10970,1,1.56,-0.10,10970
2026-05-09 15:38:36,1,1,1,2243.6,-56,-16.3,-631,2153,1,1.56,-0.10,10970,1,1.56,-0.10,10970
2026-05-09 15:38:36,1,1,1,2192.5,-56,-17.0,-640,2097,1,1.56,-0.10,10970,1,1.56,-0.10,10970
2026-05-09 15:38:36,1,1,1,2136.1,-39,-17.5,-643,2037,1,1.56,-0.10,10970,1,1.56,-0.10,10970
2026-05-09 15:38:36,1,1,1,2136.1,-39,-17.5,-643,2037,1,1.56,-0.10,10970,1,1.56,-0.10,10970
2026-05-09 15:38:36,1,1,1,2084.7,-32,-17.9,-640,1984,1,1.56,-0.10,10970,1,1.56,-0.10,10970
2026-05-09 15:38:36,1,1,1,2084.7,-32,-17.9,-640,1984,1,1.56,-0.10,10970,1,1.56,-0.10,10970
2026-05-09 15:38:36,1,1,1,2030.5,-48,-18.6,-646,1925,1,1.56,-0.10,10970,1,1.56,-0.10,10970
2026-05-09 15:38:37,1,1,1,2030.5,-48,-18.6,-646,1925,1,1.56,-0.10,10970,1,1.56,-0.10,10970
2026-05-09 15:38:37,1,1,1,1977.9,-48,-19.2,-650,1868,1,1.56,-0.10,10970,1,1.56,-0.10,10970
2026-05-09 15:38:37,1,1,1,1928.6,-64,-19.8,-652,1815,1,1.56,-0.10,10970,1,1.56,-0.10,10970
2026-05-09 15:38:37,1,1,1,1928.6,-64,-19.8,-652,1815,1,0.00,0.00,0,0,0.00,0.00,0
2026-05-09 15:38:37,1,1,1,1886.9,-48,-19.9,-643,1774,1,0.00,0.00,0,0,0.00,0.00,0
2026-05-09 15:38:37,1,1,1,1886.9,-48,-19.9,-643,1774,1,0.00,0.00,0,0,0.00,0.00,0
2026-05-09 15:38:37,1,1,1,1842.6,-79,-20.2,-637,1729,1,3.19,0.00,1898,1,3.19,0.00,1898
2026-05-09 15:38:37,1,1,1,1842.6,-79,-20.2,-637,1729,1,3.19,0.00,1898,1,3.19,0.00,1898
2026-05-09 15:38:37,1,1,1,1788.0,-88,-20.4,-623,1676,0,0.00,0.00,0,1,3.22,0.00,1773
2026-05-09 15:38:37,1,1,1,1788.0,-88,-20.4,-623,1676,0,0.00,0.00,0,1,3.22,0.00,1773
2026-05-09 15:38:37,1,1,1,1745.8,-39,-19.9,-593,1642,0,0.00,0.00,0,1,3.22,0.00,1773
2026-05-09 15:38:37,1,1,1,1689.7,-72,-19.7,-569,1591,0,0.00,0.00,0,1,3.22,0.00,1773
2026-05-09 15:38:37,1,1,1,1689.7,-72,-19.7,-569,1591,0,0.00,0.00,0,1,3.22,0.00,1773
2026-05-09 15:38:37,1,1,1,1634.5,-56,-19.5,-545,1541,0,0.00,0.00,0,1,3.22,0.00,1773
2026-05-09 15:38:37,1,1,1,1634.5,-56,-19.5,-545,1541,0,0.00,0.00,0,1,3.22,0.00,1773
2026-05-09 15:38:37,1,1,1,1606.9,-64,-19.3,-530,1517,0,0.00,0.00,0,1,3.22,0.00,1773
2026-05-09 15:38:37,1,1,1,1606.9,-64,-19.3,-530,1517,0,0.00,0.00,0,1,3.22,0.00,1773
2026-05-09 15:38:37,1,1,1,1562.3,-56,-19.1,-512,1476,0,0.00,0.00,0,1,3.22,0.00,1773
2026-05-09 15:38:37,1,1,1,1491.1,-56,-18.9,-482,1411,0,0.00,0.00,0,1,1.28,-0.48,63202
2026-05-09 15:38:37,1,1,1,1491.1,-56,-18.9,-482,1411,0,0.00,0.00,0,1,1.28,-0.48,63202
2026-05-09 15:38:38,1,1,1,1418.9,-56,-18.7,-455,1344,1,2.23,-0.19,4325,1,2.23,-0.19,4325
2026-05-09 15:38:38,1,1,1,1418.9,-56,-18.7,-455,1344,1,2.23,-0.19,4325,1,2.23,-0.19,4325
2026-05-09 15:38:38,1,1,1,1339.9,-48,-18.2,-418,1273,1,2.56,-0.09,5725,1,2.56,-0.09,5725
2026-05-09 15:38:38,1,1,1,1339.9,-48,-18.2,-418,1273,1,2.56,-0.09,5725,1,2.56,-0.09,5725
2026-05-09 15:38:38,1,1,1,1267.4,-72,-17.2,-374,1211,1,2.16,-0.30,42292,1,2.16,-0.30,42292
2026-05-09 15:38:38,1,1,1,1267.4,-72,-17.2,-374,1211,1,2.16,-0.30,42292,1,2.16,-0.30,42292
2026-05-09 15:38:38,1,1,1,1188.9,-56,-15.6,-320,1145,1,2.13,-0.30,42292,1,2.13,-0.30,42292
2026-05-09 15:38:38,1,1,1,1124.9,-48,-14.1,-274,1091,1,2.13,-0.30,42292,1,2.13,-0.30,42292
2026-05-09 15:38:38,1,1,1,1124.9,-48,-14.1,-274,1091,1,1.85,-0.40,26457,1,1.85,-0.40,26457
2026-05-09 15:38:38,1,1,1,1060.6,-56,-12.4,-227,1036,1,1.85,-0.40,26457,1,1.85,-0.40,26457
2026-05-09 15:38:38,1,1,1,1060.6,-56,-12.4,-227,1036,1,1.81,-0.40,26457,1,1.81,-0.40,26457
2026-05-09 15:38:38,1,1,1,1014.3,-39,-10.9,-192,996,1,1.81,-0.40,26457,1,1.81,-0.40,26457
2026-05-09 15:38:38,1,1,1,1014.3,-39,-10.9,-192,996,1,1.81,-0.40,26457,1,1.81,-0.40,26457
2026-05-09 15:38:38,1,1,1,973.9,-48,-9.3,-158,961,1,1.81,-0.40,26457,1,1.81,-0.40,26457
2026-05-09 15:38:38,1,1,1,973.9,-48,-9.3,-158,961,1,1.81,-0.40,26457,1,1.81,-0.40,26457
2026-05-09 15:38:38,1,1,1,939.0,-56,-8.4,-137,929,1,1.81,-0.40,26457,1,1.81,-0.40,26457
2026-05-09 15:38:38,1,1,1,884.9,-56,-7.7,-118,877,1,0.76,-0.70,42917,1,0.76,-0.70,42917
2026-05-09 15:38:38,1,1,1,884.9,-56,-7.7,-118,877,1,0.76,-0.70,42917,1,0.76,-0.70,42917
2026-05-09 15:38:38,1,1,1,832.0,-79,-6.9,-100,826,1,0.69,-0.70,42917,1,0.69,-0.70,42917
2026-05-09 15:38:38,1,1,1,832.0,-79,-6.9,-100,826,1,0.69,-0.70,42917,1,0.69,-0.70,42917
2026-05-09 15:38:39,1,1,1,785.5,8,-4.6,-63,783,1,0.69,-0.70,42917,1,0.69,-0.70,42917
2026-05-09 15:38:39,1,1,1,785.5,8,-4.6,-63,783,1,0.69,-0.70,42917,1,0.69,-0.70,42917
2026-05-09 15:38:39,1,1,1,732.8,-96,-4.1,-52,731,1,0.69,-0.70,42917,1,0.69,-0.70,42917
2026-05-09 15:38:39,1,1,1,666.0,-56,-3.1,-36,665,1,0.69,-0.70,42917,1,0.69,-0.70,42917
2026-05-09 15:38:39,1,1,1,666.0,-56,-3.1,-36,665,1,0.69,-0.70,42917,1,0.69,-0.70,42917
2026-05-09 15:38:39,1,1,1,599.7,-56,-2.8,-29,599,1,0.69,-0.70,42917,1,0.69,-0.70,42917
2026-05-09 15:38:39,1,1,1,599.7,-56,-2.8,-29,599,1,0.49,-0.25,57984,1,0.49,-0.25,57984
2026-05-09 15:38:39,1,1,1,549.6,-24,-2.7,-26,549,1,0.49,-0.25,57984,1,0.49,-0.25,57984
2026-05-09 15:38:39,1,1,1,549.6,-24,-2.7,-26,549,1,0.47,-0.25,57984,1,0.47,-0.25,57984
2026-05-09 15:38:39,1,1,1,500.6,-16,-2.9,-25,500,1,0.47,-0.25,57984,1,0.47,-0.25,57984
2026-05-09 15:38:39,1,1,1,500.6,-16,-2.9,-25,500,1,0.47,-0.25,57984,1,0.47,-0.25,57984
2026-05-09 15:38:39,1,1,1,461.4,8,-2.2,-18,461,1,0.47,-0.25,57984,1,0.47,-0.25,57984
2026-05-09 15:38:39,1,1,1,430.0,24,-0.4,-3,430,1,0.47,-0.25,57984,1,0.47,-0.25,57984
2026-05-09 15:38:39,1,1,1,430.0,24,-0.4,-3,430,1,0.47,-0.25,57984,1,0.47,-0.25,57984
2026-05-09 15:38:39,1,1,1,407.6,39,3.2,23,407,1,0.47,-0.25,57984,1,0.47,-0.25,57984
2026-05-09 15:38:39,1,1,1,407.6,39,3.2,23,407,1,0.47,-0.25,57984,1,0.47,-0.25,57984
2026-05-09 15:38:39,1,1,1,404.5,48,7.5,53,401,1,0.51,0.47,34306,1,0.51,0.47,34306
2026-05-09 15:38:39,1,1,1,404.5,48,7.5,53,401,1,0.51,0.47,34306,1,0.51,0.47,34306
2026-05-09 15:38:39,1,1,1,414.3,32,10.0,72,408,1,0.54,0.59,17921,1,0.54,0.59,17921
2026-05-09 15:38:39,1,1,1,421.8,64,14.1,103,409,1,0.54,0.59,17921,1,0.54,0.59,17921
2026-05-09 15:38:40,1,1,1,421.8,64,14.1,103,409,1,0.64,0.56,11392,1,0.64,0.56,11392
2026-05-09 15:38:40,1,1,1,434.5,72,18.5,138,412,1,0.64,0.56,11392,1,0.64,0.56,11392
2026-05-09 15:38:40,1,1,1,434.5,72,18.5,138,412,1,0.71,0.54,14506,1,0.71,0.54,14506
2026-05-09 15:38:40,1,1,1,469.8,39,21.2,170,438,1,0.71,0.54,14506,1,0.71,0.54,14506
2026-05-09 15:38:40,1,1,1,469.8,39,21.2,170,438,1,0.76,0.54,14506,1,0.76,0.54,14506
2026-05-09 15:38:40,1,1,1,513.8,39,22.4,196,475,1,0.76,0.54,14506,1,0.76,0.54,14506
2026-05-09 15:38:40,1,1,1,513.8,39,22.4,196,475,1,0.80,0.52,6450,1,0.80,0.52,6450
2026-05-09 15:38:40,1,1,1,556.3,48,23.3,220,511,1,0.80,0.52,6450,1,0.80,0.52,6450
2026-05-09 15:38:40,1,1,1,601.1,56,23.3,238,552,1,0.85,0.56,27060,1,0.85,0.56,27060
2026-05-09 15:38:40,1,1,1,601.1,56,23.3,238,552,1,0.85,0.56,27060,1,0.85,0.56,27060
2026-05-09 15:38:40,1,1,1,626.1,72,23.5,250,574,1,0.90,0.56,27060,1,0.90,0.56,27060
2026-05-09 15:38:40,1,1,1,626.1,72,23.5,250,574,1,0.90,0.56,27060,1,0.90,0.56,27060
2026-05-09 15:38:40,1,1,1,656.0,79,23.6,263,601,1,0.99,0.65,65194,1,0.99,0.65,65194
2026-05-09 15:38:40,1,1,1,656.0,79,23.6,263,601,1,0.99,0.65,65194,1,0.99,0.65,65194
2026-05-09 15:38:40,1,1,1,691.4,79,23.7,278,633,1,1.06,0.65,65194,1,1.06,0.65,65194
2026-05-09 15:38:40,1,1,1,766.1,64,23.8,309,701,1,1.06,0.65,65194,1,1.06,0.65,65194
2026-05-09 15:38:40,1,1,1,766.1,64,23.8,309,701,1,1.15,0.68,43105,1,1.15,0.68,43105
2026-05-09 15:38:40,1,1,1,835.8,64,23.9,339,764,1,1.15,0.68,43105,1,1.15,0.68,43105
2026-05-09 15:38:40,1,1,1,835.8,64,23.9,339,764,1,1.22,0.68,43105,1,1.22,0.68,43105
2026-05-09 15:38:40,1,1,1,899.3,56,24.1,367,821,1,1.22,0.68,43105,1,1.22,0.68,43105
2026-05-09 15:38:41,1,1,1,899.3,56,24.1,367,821,1,1.27,0.64,31282,1,1.27,0.64,31282
2026-05-09 15:38:41,1,1,1,961.5,56,24.1,392,878,1,1.27,0.64,31282,1,1.27,0.64,31282
2026-05-09 15:38:41,1,1,1,961.5,56,24.1,392,878,1,1.33,0.64,31282,1,1.33,0.64,31282
2026-05-09 15:38:41,1,1,1,1018.9,56,24.0,414,931,1,1.33,0.64,31282,1,1.33,0.64,31282
2026-05-09 15:38:41,1,1,1,1080.1,64,24.1,441,986,1,1.33,0.64,31282,1,1.33,0.64,31282
2026-05-09 15:38:41,1,1,1,1080.1,64,24.1,441,986,1,1.33,0.64,31282,1,1.33,0.64,31282
2026-05-09 15:38:41,1,1,1,1140.3,79,23.5,454,1046,1,1.33,0.64,31282,1,1.33,0.64,31282
2026-05-09 15:38:41,1,1,1,1140.3,79,23.5,454,1046,1,1.33,0.64,31282,1,1.33,0.64,31282
2026-05-09 15:38:41,1,1,1,1200.5,79,23.3,474,1103,1,1.50,0.95,51333,1,1.50,0.95,51333
2026-05-09 15:38:41,1,1,1,1200.5,79,23.3,474,1103,1,1.50,0.95,51333,1,1.50,0.95,51333
2026-05-09 15:38:41,1,1,1,1262.1,79,23.1,495,1161,1,1.60,0.95,51333,1,1.60,0.95,51333
2026-05-09 15:38:41,1,1,1,1326.8,64,22.7,512,1224,1,1.60,0.95,51333,1,1.60,0.95,51333
2026-05-09 15:38:41,1,1,1,1326.8,64,22.7,512,1224,1,1.71,0.83,62325,1,1.71,0.83,62325
2026-05-09 15:38:41,1,1,1,1391.3,56,22.2,526,1288,1,1.71,0.83,62325,1,1.71,0.83,62325
2026-05-09 15:38:41,1,1,1,1391.3,56,22.2,526,1288,1,1.76,0.74,56609,1,1.76,0.74,56609
2026-05-09 15:38:41,1,1,1,1452.5,56,20.9,518,1357,1,1.76,0.74,56609,1,1.76,0.74,56609
2026-05-09 15:38:41,1,1,1,1452.5,56,20.9,518,1357,1,1.84,0.74,56609,1,1.84,0.74,56609
2026-05-09 15:38:41,1,1,1,1511.4,56,19.4,501,1426,1,1.84,0.74,56609,1,1.84,0.74,56609
2026-05-09 15:38:41,1,1,1,1511.4,56,19.4,501,1426,1,1.88,0.73,4425,1,1.88,0.73,4425
2026-05-09 15:38:41,1,1,1,1571.7,56,18.8,506,1488,1,1.88,0.73,4425,1,1.88,0.73,4425
2026-05-09 15:38:42,1,1,1,1627.3,64,18.5,517,1543,1,1.96,0.73,4425,1,1.96,0.73,4425
2026-05-09 15:38:42,1,1,1,1627.3,64,18.5,517,1543,1,1.96,0.73,4425,1,1.96,0.73,4425
2026-05-09 15:38:42,1,1,1,1681.9,79,19.2,554,1588,1,1.96,0.73,4425,1,1.96,0.73,4425
2026-05-09 15:38:42,1,1,1,1681.9,79,19.2,554,1588,1,1.96,0.73,4425,1,1.96,0.73,4425
2026-05-09 15:38:42,1,1,1,1740.4,79,19.4,577,1642,1,1.96,0.73,4425,1,1.96,0.73,4425
2026-05-09 15:38:42,1,1,1,1740.4,79,19.4,577,1642,1,1.96,0.73,4425,1,1.96,0.73,4425
2026-05-09 15:38:42,1,1,1,1800.6,72,18.5,570,1708,1,1.96,0.73,4425,1,1.96,0.73,4425
2026-05-09 15:38:42,1,1,1,1861.2,56,17.6,563,1774,1,1.96,0.73,4425,1,1.96,0.73,4425
2026-05-09 15:38:42,1,1,1,1861.2,56,17.6,563,1774,1,1.96,0.73,4425,1,1.96,0.73,4425
2026-05-09 15:38:42,1,1,1,1916.7,48,16.9,557,1834,1,1.96,0.73,4425,1,1.96,0.73,4425
2026-05-09 15:38:42,1,1,1,1916.7,48,16.9,557,1834,1,1.96,0.73,4425,1,1.96,0.73,4425
2026-05-09 15:38:42,1,1,1,1961.1,16,16.0,541,1885,1,1.96,0.73,4425,1,1.96,0.73,4425
2026-05-09 15:38:42,1,1,1,1961.1,16,16.0,541,1885,1,1.96,0.73,4425,1,1.96,0.73,4425
2026-05-09 15:38:42,1,1,1,1998.6,48,15.2,523,1929,1,0.00,0.00,0,0,0.00,0.00,0
2026-05-09 15:38:42,1,1,1,1998.6,48,15.2,523,1929,1,0.00,0.00,0,0,0.00,0.00,0
2026-05-09 15:38:42,1,1,1,2027.6,64,14.3,500,1965,1,0.00,0.00,0,0,0.00,0.00,0
2026-05-09 15:38:42,1,1,1,2072.3,64,13.7,492,2013,1,0.00,0.00,0,0,0.00,0.00,0
2026-05-09 15:38:42,1,1,1,2072.3,64,13.7,492,2013,1,0.00,0.00,0,0,0.00,0.00,0
2026-05-09 15:38:42,1,1,1,2128.8,72,13.1,484,2073,0,0.00,0.00,0,0,0.00,0.00,0
2026-05-09 15:38:42,1,1,1,2128.8,72,13.1,484,2073,0,0.00,0.00,0,0,0.00,0.00,0
2026-05-09 15:38:43,1,1,1,2190.7,48,12.7,482,2137,0,0.00,0.00,0,0,0.00,0.00,0
2026-05-09 15:38:43,1,1,1,2190.7,48,12.7,482,2137,0,0.00,0.00,0,0,0.00,0.00,0
2026-05-09 15:38:43,1,1,1,2244.9,39,12.3,480,2193,0,0.00,0.00,0,0,0.00,0.00,0
2026-05-09 15:38:43,1,1,1,2244.9,39,12.3,480,2193,0,0.00,0.00,0,0,0.00,0.00,0
2026-05-09 15:38:43,1,1,1,2295.0,32,12.1,481,2244,0,0.00,0.00,0,1,2.55,0.28,17293
2026-05-09 15:38:43,1,1,1,2335.0,24,11.4,461,2289,0,0.00,0.00,0,1,2.55,0.28,17293
2026-05-09 15:38:43,1,1,1,2335.0,24,11.4,461,2289,1,2.58,0.28,17293,1,2.58,0.28,17293
2026-05-09 15:38:43,1,1,1,2379.2,16,10.4,430,2340,1,2.58,0.28,17293,1,2.58,0.28,17293
2026-05-09 15:38:43,1,1,1,2379.2,16,10.4,430,2340,1,1.91,-0.01,565,1,1.91,-0.01,565
2026-05-09 15:38:43,1,1,1,2435.8,0,9.1,386,2405,1,1.91,-0.01,565,1,1.91,-0.01,565
2026-05-09 15:38:43,1,1,1,2435.8,0,9.1,386,2405,1,1.68,-0.08,900,1,1.68,-0.08,900
2026-05-09 15:38:43,1,1,1,2506.5,0,6.8,296,2489,1,1.68,-0.08,900,1,1.68,-0.08,900
2026-05-09 15:38:43,1,1,1,2605.5,0,3.7,169,2600,1,1.67,-0.08,900,1,1.67,-0.08,900
2026-05-09 15:38:43,1,1,1,2605.5,0,3.7,169,2600,0,0.00,0.00,0,1,1.67,-0.08,900
2026-05-09 15:38:43,1,1,1,2708.5,24,1.1,51,2708,0,0.00,0.00,0,1,1.67,-0.08,900
2026-05-09 15:38:43,1,1,1,2708.5,24,1.1,51,2708,0,0.00,0.00,0,1,1.67,-0.08,900
2026-05-09 15:38:43,1,1,1,2792.4,0,-0.9,-46,2792,0,0.00,0.00,0,1,1.67,-0.08,900
2026-05-09 15:38:43,1,1,1,2792.4,0,-0.9,-46,2792,0,0.00,0.00,0,1,1.67,-0.08,900
2026-05-09 15:38:43,1,1,1,2846.6,0,-1.9,-94,2845,0,0.00,0.00,0,1,1.67,-0.08,900
2026-05-09 15:38:43,1,1,1,2846.6,0,-1.9,-94,2845,0,0.00,0.00,0,1,1.67,-0.08,900
2026-05-09 15:38:44,1,1,1,2874.3,-8,-2.3,-116,2872,0,0.00,0.00,0,1,1.67,-0.08,900
2026-05-09 15:38:44,1,1,1,2886.8,0,-2.9,-148,2883,0,0.00,0.00,0,1,1.67,-0.08,900
2026-05-09 15:38:44,1,1,1,2886.8,0,-2.9,-148,2883,0,0.00,0.00,0,1,1.67,-0.08,900
2026-05-09 15:38:44,1,1,1,2872.5,-16,-3.2,-160,2868,0,0.00,0.00,0,1,1.67,-0.08,900
2026-05-09 15:38:44,1,1,1,2872.5,-16,-3.2,-160,2868,0,0.00,0.00,0,1,1.67,-0.08,900
2026-05-09 15:38:44,1,1,1,2870.9,0,-3.3,-167,2866,0,0.00,0.00,0,0,0.00,0.00,0
2026-05-09 15:38:44,1,1,1,2870.9,0,-3.3,-167,2866,0,0.00,0.00,0,1,1.25,0.00,205
2026-05-09 15:38:44,1,1,1,2881.7,0,-3.6,-181,2876,0,0.00,0.00,0,1,1.25,0.00,205
2026-05-09 15:38:44,1,1,1,2894.7,0,-4.2,-211,2887,0,0.00,0.00,0,1,1.25,0.00,205
2026-05-09 15:38:44,1,1,1,2894.7,0,-4.2,-211,2887,0,0.00,0.00,0,1,1.25,0.00,205
2026-05-09 15:38:44,1,1,1,2927.0,0,-5.4,-276,2914,0,0.00,0.00,0,1,1.25,0.00,205
2026-05-09 15:38:44,1,1,1,2927.0,0,-5.4,-276,2914,0,0.00,0.00,0,1,1.25,0.00,205
2026-05-09 15:38:44,1,1,1,2960.5,0,-6.6,-339,2941,0,0.00,0.00,0,1,1.25,0.00,205
2026-05-09 15:38:44,1,1,1,2960.5,0,-6.6,-339,2941,0,0.00,0.00,0,1,1.25,0.00,205
2026-05-09 15:38:44,1,1,1,2984.0,-56,-7.6,-393,2958,0,0.00,0.00,0,1,1.25,0.00,205
2026-05-09 15:38:44,1,1,1,2984.0,-56,-7.6,-393,2958,0,0.00,0.00,0,1,1.25,0.00,205
2026-05-09 15:38:44,1,1,1,2891.7,-48,-7.8,-392,2865,0,0.00,0.00,0,1,1.25,0.00,205
2026-05-09 15:38:44,1,1,1,2778.3,-48,-7.6,-367,2754,0,0.00,0.00,0,1,1.25,0.00,205
2026-05-09 15:38:44,1,1,1,2778.3,-48,-7.6,-367,2754,0,0.00,0.00,0,1,1.24,0.23,685
2026-05-09 15:38:44,1,1,1,2668.1,0,-7.2,-335,2647,0,0.00,0.00,0,1,1.24,0.23,685
2026-05-09 15:38:45,1,1,1,2668.1,0,-7.2,-335,2647,0,0.00,0.00,0,1,1.16,0.00,425
2026-05-09 15:38:45,1,1,1,2569.5,-56,-6.9,-308,2551,0,0.00,0.00,0,1,1.16,0.00,425
2026-05-09 15:38:45,1,1,1,2569.5,-56,-6.9,-308,2551,0,0.00,0.00,0,1,1.50,-0.18,16970
2026-05-09 15:38:45,1,1,1,2480.6,-72,-6.8,-295,2463,0,0.00,0.00,0,1,1.50,-0.18,16970
2026-05-09 15:38:45,1,1,1,2403.5,-79,-7.1,-298,2385,1,1.48,-0.18,16970,1,1.48,-0.18,16970
2026-05-09 15:38:45,1,1,1,2403.5,-79,-7.1,-298,2385,1,1.48,-0.18,16970,1,1.48,-0.18,16970
2026-05-09 15:38:45,1,1,1,2332.8,-64,-7.7,-311,2312,1,1.48,-0.18,16970,1,1.48,-0.18,16970
2026-05-09 15:38:45,1,1,1,2332.8,-64,-7.7,-311,2312,1,1.48,-0.18,16970,1,1.48,-0.18,16970
2026-05-09 15:38:45,1,1,1,2266.4,-56,-8.4,-332,2242,1,1.48,-0.18,16970,1,1.48,-0.18,16970
2026-05-09 15:38:45,1,1,1,2266.4,-56,-8.4,-332,2242,1,1.48,-0.18,16970,1,1.48,-0.18,16970
2026-05-09 15:38:45,1,1,1,2203.5,-48,-9.1,-347,2176,1,1.10,-0.02,244,1,1.10,-0.02,244
2026-05-09 15:38:45,1,1,1,2203.5,-48,-9.1,-347,2176,1,1.10,-0.02,244,1,1.10,-0.02,244
2026-05-09 15:38:45,1,1,1,2144.9,-48,-9.6,-357,2115,1,1.10,-0.02,244,1,1.10,-0.02,244
2026-05-09 15:38:45,1,1,1,2086.6,-56,-10.3,-373,2053,1,1.10,-0.02,244,1,1.10,-0.02,244
2026-05-09 15:38:45,1,1,1,2086.6,-56,-10.3,-373,2053,1,1.10,-0.02,244,1,1.10,-0.02,244
2026-05-09 15:38:45,1,1,1,2029.8,-64,-10.9,-385,1993,0,0.00,0.00,0,1,1.10,-0.02,244
2026-05-09 15:38:45,1,1,1,2029.8,-64,-10.9,-385,1993,0,0.00,0.00,0,1,1.10,-0.02,244
2026-05-09 15:38:45,1,1,1,1963.8,-72,-11.7,-398,1923,0,0.00,0.00,0,1,1.10,-0.02,244
2026-05-09 15:38:45,1,1,1,1963.8,-72,-11.7,-398,1923,0,0.00,0.00,0,1,1.74,-0.92,31204
2026-05-09 15:38:45,1,1,1,1899.5,-96,-12.3,-404,1856,0,0.00,0.00,0,1,1.74,-0.92,31204
2026-05-09 15:38:46,1,1,1,1841.0,-79,-12.8,-409,1795,1,1.70,-0.92,32148,1,1.70,-0.92,32148
2026-05-09 15:38:46,1,1,1,1841.0,-79,-12.8,-409,1795,1,1.70,-0.92,32148,1,1.70,-0.92,32148
2026-05-09 15:38:46,1,1,1,1785.2,-64,-13.3,-412,1737,1,1.61,-0.84,61165,1,1.61,-0.84,61165
2026-05-09 15:38:46,1,1,1,1785.2,-64,-13.3,-412,1737,1,1.61,-0.84,61165,1,1.61,-0.84,61165
2026-05-09 15:38:46,1,1,1,1726.9,-56,-13.7,-408,1678,1,1.53,-0.74,47409,1,1.53,-0.74,47409
2026-05-09 15:38:46,1,1,1,1726.9,-56,-13.7,-408,1678,1,1.53,-0.74,47409,1,1.53,-0.74,47409
2026-05-09 15:38:46,1,1,1,1666.5,-48,-13.6,-391,1620,1,1.48,-0.68,55801,1,1.48,-0.68,55801
2026-05-09 15:38:46,1,1,1,1666.5,-48,-13.6,-391,1620,1,1.48,-0.68,55801,1,1.48,-0.68,55801
2026-05-09 15:38:46,1,1,1,1604.9,-56,-13.0,-360,1564,1,1.41,-0.68,55801,1,1.41,-0.68,55801
2026-05-09 15:38:46,1,1,1,1540.9,-64,-12.9,-344,1502,1,1.41,-0.68,55801,1,1.41,-0.68,55801
2026-05-09 15:38:46,1,1,1,1540.9,-64,-12.9,-344,1502,1,1.41,-0.68,55801,1,1.41,-0.68,55801
2026-05-09 15:38:46,1,1,1,1485.5,-72,-13.7,-353,1443,1,1.41,-0.68,55801,1,1.41,-0.68,55801
2026-05-09 15:38:46,1,1,1,1485.5,-72,-13.7,-353,1443,1,1.41,-0.68,55801,1,1.41,-0.68,55801
2026-05-09 15:38:46,1,1,1,1426.8,-64,-14.2,-351,1383,1,1.41,-0.68,55801,1,1.41,-0.68,55801
2026-05-09 15:38:46,1,1,1,1426.8,-64,-14.2,-351,1383,1,1.41,-0.68,55801,1,1.41,-0.68,55801
2026-05-09 15:38:46,1,1,1,1361.2,-88,-14.8,-348,1316,1,1.41,-0.68,55801,1,1.41,-0.68,55801
2026-05-09 15:38:46,1,1,1,1297.1,-72,-16.0,-357,1247,1,1.08,-0.67,27498,1,1.08,-0.67,27498
2026-05-09 15:38:46,1,1,1,1297.1,-72,-16.0,-357,1247,1,1.08,-0.67,27498,1,1.08,-0.67,27498
2026-05-09 15:38:46,1,1,1,1232.9,-56,-17.3,-367,1177,1,1.02,-0.67,27498,1,1.02,-0.67,27498
2026-05-09 15:38:46,1,1,1,1232.9,-56,-17.3,-367,1177,1,1.02,-0.67,27498,1,1.02,-0.67,27498
2026-05-09 15:38:47,1,1,1,1175.2,-48,-17.8,-359,1119,1,1.02,-0.67,27498,1,1.02,-0.67,27498
2026-05-09 15:38:47,1,1,1,1175.2,-48,-17.8,-359,1119,1,1.02,-0.67,27498,1,1.02,-0.67,27498
2026-05-09 15:38:47,1,1,1,1114.7,-56,-18.2,-348,1059,1,1.02,-0.67,27498,1,1.02,-0.67,27498
2026-05-09 15:38:47,1,1,1,1114.7,-56,-18.2,-348,1059,1,1.02,-0.67,27498,1,1.02,-0.67,27498
2026-05-09 15:38:47,1,1,1,1069.5,-48,-17.9,-328,1018,1,0.99,-0.47,17041,1,0.99,-0.47,17041
2026-05-09 15:38:47,1,1,1,1023.0,-56,-18.0,-316,973,1,0.99,-0.47,17041,1,0.99,-0.47,17041
2026-05-09 15:38:47,1,1,1,1023.0,-56,-18.0,-316,973,1,0.95,-0.47,17041,1,0.95,-0.47,17041
2026-05-09 15:38:47,1,1,1,988.7,-39,-17.5,-297,943,1,0.95,-0.47,17041,1,0.95,-0.47,17041
2026-05-09 15:38:47,1,1,1,988.7,-39,-17.5,-297,943,1,0.95,-0.47,17041,1,0.95,-0.47,17041
2026-05-09 15:38:47,1,1,1,937.0,-24,-16.8,-271,897,1,0.95,-0.47,17041,1,0.95,-0.47,17041
2026-05-09 15:38:47,1,1,1,937.0,-24,-16.8,-271,897,1,0.95,-0.47,17041,1,0.95,-0.47,17041
2026-05-09 15:38:47,1,1,1,858.7,-32,-15.6,-231,827,1,0.95,-0.47,17041,1,0.95,-0.47,17041
2026-05-09 15:38:47,1,1,1,858.7,-32,-15.6,-231,827,1,0.95,-0.47,17041,1,0.95,-0.47,17041
2026-05-09 15:38:47,1,1,1,801.4,-39,-14.5,-200,776,1,0.95,-0.47,17041,1,0.95,-0.47,17041
2026-05-09 15:38:47,1,1,1,754.2,-72,-15.1,-197,728,1,0.95,-0.47,17041,1,0.95,-0.47,17041
2026-05-09 15:38:47,1,1,1,754.2,-72,-15.1,-197,728,1,0.95,-0.47,17041,1,0.95,-0.47,17041
2026-05-09 15:38:47,1,1,1,708.8,-32,-14.9,-182,685,1,0.95,-0.47,17041,1,0.95,-0.47,17041
2026-05-09 15:38:47,1,1,1,708.8,-32,-14.9,-182,685,1,0.95,-0.47,17041,1,0.95,-0.47,17041
2026-05-09 15:38:47,1,1,1,664.8,-32,-14.0,-161,645,1,0.95,-0.47,17041,1,0.95,-0.47,17041
2026-05-09 15:38:47,1,1,1,664.8,-32,-14.0,-161,645,1,0.00,0.00,0,0,0.00,0.00,0
2026-05-09 15:38:48,1,1,1,623.8,-32,-12.5,-135,609,1,0.00,0.00,0,0,0.00,0.00,0
2026-05-09 15:38:48,1,1,1,575.8,-48,-11.1,-111,565,1,0.00,0.00,0,0,0.00,0.00,0
2026-05-09 15:38:48,1,1,1,575.8,-48,-11.1,-111,565,1,0.00,0.00,0,0,0.00,0.00,0
2026-05-09 15:38:48,1,1,1,523.0,-39,-9.4,-85,516,1,0.00,0.00,0,0,0.00,0.00,0
2026-05-09 15:38:48,1,1,1,523.0,-39,-9.4,-85,516,0,0.00,0.00,0,0,0.00,0.00,0
2026-05-09 15:38:48,1,1,1,477.3,0,-5.7,-47,475,0,0.00,0.00,0,0,0.00,0.00,0
2026-05-09 15:38:48,1,1,1,477.3,0,-5.7,-47,475,0,0.00,0.00,0,0,0.00,0.00,0
2026-05-09 15:38:48,1,1,1,435.0,48,0.4,3,435,0,0.00,0.00,0,0,0.00,0.00,0
2026-05-09 15:38:48,1,1,1,435.0,48,0.4,3,435,0,0.00,0.00,0,0,0.00,0.00,0
2026-05-09 15:38:48,1,1,1,417.1,16,8.0,58,413,0,0.00,0.00,0,0,0.00,0.00,0
2026-05-09 15:38:48,1,1,1,411.4,24,14.6,104,398,0,0.00,0.00,0,0,0.00,0.00,0
2026-05-09 15:38:48,1,1,1,411.4,24,14.6,104,398,0,0.00,0.00,0,0,0.00,0.00,0
2026-05-09 15:38:48,1,1,1,415.6,16,19.8,141,391,0,0.00,0.00,0,1,0.50,0.26,62600
2026-05-09 15:38:48,1,1,1,415.6,16,19.8,141,391,0,0.00,0.00,0,1,0.50,0.26,62600
2026-05-09 15:38:48,1,1,1,427.2,39,23.7,172,391,1,0.52,0.37,47105,1,0.52,0.37,47105
2026-05-09 15:38:48,1,1,1,427.2,39,23.7,172,391,1,0.52,0.37,47105,1,0.52,0.37,47105
2026-05-09 15:38:48,1,1,1,442.8,64,27.1,202,394,1,1.44,0.34,4264,1,1.44,0.34,4264
2026-05-09 15:38:48,1,1,1,470.3,64,28.6,225,413,1,1.44,0.34,4264,1,1.44,0.34,4264
2026-05-09 15:38:48,1,1,1,470.3,64,28.6,225,413,1,1.48,0.34,4264,1,1.48,0.34,4264
2026-05-09 15:38:48,1,1,1,508.6,72,29.2,248,444,1,1.48,0.34,4264,1,1.48,0.34,4264
2026-05-09 15:38:49,1,1,1,508.6,72,29.2,248,444,1,1.48,0.34,4264,1,1.48,0.34,4264
2026-05-09 15:38:49,1,1,1,553.7,56,29.9,276,480,1,1.48,0.34,4264,1,1.48,0.34,4264
2026-05-09 15:38:49,1,1,1,553.7,56,29.9,276,480,1,1.48,0.34,4264,1,1.48,0.34,4264
2026-05-09 15:38:49,1,1,1,598.7,56,30.3,302,517,1,1.48,0.34,4264,1,1.48,0.34,4264
2026-05-09 15:38:49,1,1,1,598.7,56,30.3,302,517,1,1.48,0.34,4264,1,1.48,0.34,4264
2026-05-09 15:38:49,1,1,1,640.5,48,31.0,330,549,1,1.48,0.34,4264,1,1.48,0.34,4264
2026-05-09 15:38:49,1,1,1,693.7,48,31.3,360,593,1,0.99,0.71,63789,1,0.99,0.71,63789
2026-05-09 15:38:49,1,1,1,693.7,48,31.3,360,593,1,0.99,0.71,63789,1,0.99,0.71,63789
2026-05-09 15:38:49,1,1,1,744.5,56,30.9,382,639,1,1.03,0.64,46893,1,1.03,0.64,46893
2026-05-09 15:38:49,1,1,1,744.5,56,30.9,382,639,1,1.03,0.64,46893,1,1.03,0.64,46893
2026-05-09 15:38:49,1,1,1,792.5,64,29.9,395,687,1,1.06,0.66,6600,1,1.06,0.66,6600
2026-05-09 15:38:49,1,1,1,792.5,64,29.9,395,687,1,1.06,0.66,6600,1,1.06,0.66,6600
2026-05-09 15:38:49,1,1,1,846.7,88,28.7,406,743,1,1.13,0.66,6600,1,1.13,0.66,6600
2026-05-09 15:38:49,1,1,1,902.9,88,28.3,428,795,1,1.13,0.66,6600,1,1.13,0.66,6600
2026-05-09 15:38:49,1,1,1,902.9,88,28.3,428,795,1,1.13,0.66,6600,1,1.13,0.66,6600
2026-05-09 15:38:49,1,1,1,961.1,79,28.3,456,846,1,1.13,0.66,6600,1,1.13,0.66,6600
2026-05-09 15:38:49,1,1,1,961.1,79,28.3,456,846,1,1.13,0.66,6600,1,1.13,0.66,6600
2026-05-09 15:38:49,1,1,1,1016.1,64,28.3,481,895,1,1.13,0.66,6600,1,1.13,0.66,6600
2026-05-09 15:38:49,1,1,1,1016.1,64,28.3,481,895,1,1.13,0.66,6600,1,1.13,0.66,6600
2026-05-09 15:38:49,1,1,1,1070.7,64,29.5,527,932,1,1.13,0.66,6600,1,1.13,0.66,6600
2026-05-09 15:38:50,1,1,1,1070.7,64,29.5,527,932,1,1.13,0.66,6600,1,1.13,0.66,6600
2026-05-09 15:38:50,1,1,1,1123.2,72,30.7,573,966,1,1.13,0.66,6600,1,1.13,0.66,6600
2026-05-09 15:38:50,1,1,1,1170.9,72,30.5,594,1009,1,1.13,0.66,6600,1,1.13,0.66,6600
2026-05-09 15:38:50,1,1,1,1170.9,72,30.5,594,1009,1,1.13,0.66,6600,1,1.13,0.66,6600
2026-05-09 15:38:50,1,1,1,1229.5,79,30.4,623,1060,1,1.54,0.75,3218,1,1.54,0.75,3218
2026-05-09 15:38:50,1,1,1,1229.5,79,30.4,623,1060,1,1.54,0.75,3218,1,1.54,0.75,3218
2026-05-09 15:38:50,1,1,1,1290.4,96,29.3,632,1125,1,1.59,0.86,21845,1,1.59,0.86,21845
2026-05-09 15:38:50,1,1,1,1290.4,96,29.3,632,1125,1,1.59,0.86,21845,1,1.59,0.86,21845
2026-05-09 15:38:50,1,1,1,1363.9,104,28.6,652,1198,1,1.70,0.89,47657,1,1.70,0.89,47657
2026-05-09 15:38:50,1,1,1,1438.0,79,28.8,693,1260,1,1.70,0.89,47657,1,1.70,0.89,47657
2026-05-09 15:38:50,1,1,1,1438.0,79,28.8,693,1260,1,1.79,0.85,32720,1,1.79,0.85,32720
2026-05-09 15:38:50,1,1,1,1505.2,64,29.3,736,1313,1,1.79,0.85,32720,1,1.79,0.85,32720
2026-05-09 15:38:50,1,1,1,1505.2,64,29.3,736,1313,1,1.87,0.85,32720,1,1.87,0.85,32720
2026-05-09 15:38:50,1,1,1,1570.2,64,30.2,790,1357,1,1.87,0.85,32720,1,1.87,0.85,32720
2026-05-09 15:38:50,1,1,1,1570.2,64,30.2,790,1357,1,1.87,0.85,32720,1,1.87,0.85,32720
2026-05-09 15:38:50,1,1,1,1628.6,72,30.9,837,1397,1,1.87,0.85,32720,1,1.87,0.85,32720
2026-05-09 15:38:50,1,1,1,1628.6,72,30.9,837,1397,1,1.87,0.85,32720,1,1.87,0.85,32720
2026-05-09 15:38:50,1,1,1,1687.5,64,31.6,883,1438,1,1.87,0.85,32720,1,1.87,0.85,32720
2026-05-09 15:38:50,1,1,1,1738.5,56,32.1,925,1472,1,1.87,0.85,32720,1,1.87,0.85,32720
2026-05-09 15:38:50,1,1,1,1738.5,56,32.1,925,1472,1,1.87,0.85,32720,1,1.87,0.85,32720
2026-05-09 15:38:51,1,1,1,1806.5,104,32.5,970,1524,1,1.87,0.85,32720,1,1.87,0.85,32720
2026-05-09 15:38:51,1,1,1,1806.5,104,32.5,970,1524,1,1.87,0.85,32720,1,1.87,0.85,32720
2026-05-09 15:38:51,1,1,1,1871.7,32,32.1,994,1586,1,1.87,0.85,32720,1,1.87,0.85,32720
2026-05-09 15:38:51,1,1,1,1871.7,32,32.1,994,1586,1,1.87,0.85,32720,1,1.87,0.85,32720
2026-05-09 15:38:51,1,1,1,1937.0,56,32.0,1026,1643,1,1.87,0.85,32720,1,1.87,0.85,32720
2026-05-09 15:38:51,1,1,1,1986.0,0,31.4,1035,1695,1,0.00,0.00,0,0,0.00,0.00,0
2026-05-09 15:38:51,1,1,1,1986.0,0,31.4,1035,1695,1,0.00,0.00,0,0,0.00,0.00,0
2026-05-09 15:38:51,1,1,1,2042.0,79,30.2,1027,1765,1,0.00,0.00,0,0,0.00,0.00,0
2026-05-09 15:38:51,1,1,1,2042.0,79,30.2,1027,1765,1,0.00,0.00,0,0,0.00,0.00,0
2026-05-09 15:38:51,1,1,1,2072.3,39,28.9,1000,1815,1,0.00,0.00,0,0,0.00,0.00,0
2026-05-09 15:38:51,1,1,1,2072.3,39,28.9,1000,1815,0,0.00,0.00,0,1,3.45,0.01,1465
2026-05-09 15:38:51,1,1,1,2106.6,0,27.4,970,1870,0,0.00,0.00,0,1,3.45,0.01,1465
2026-05-09 15:38:51,1,1,1,2106.6,0,27.4,970,1870,0,0.00,0.00,0,1,2.86,0.13,3944
2026-05-09 15:38:51,1,1,1,2121.1,32,26.5,947,1898,0,0.00,0.00,0,1,2.86,0.13,3944
2026-05-09 15:38:51,1,1,1,2153.8,-8,25.4,925,1945,1,2.85,0.17,5085,1,2.85,0.17,5085
2026-05-09 15:38:51,1,1,1,2153.8,-8,25.4,925,1945,1,2.85,0.17,5085,1,2.85,0.17,5085
2026-05-09 15:38:51,1,1,1,2174.5,8,24.4,899,1980,1,2.87,0.17,5085,1,2.87,0.17,5085
2026-05-09 15:38:51,1,1,1,2174.5,8,24.4,899,1980,1,2.87,0.17,5085,1,2.87,0.17,5085
2026-05-09 15:38:51,1,1,1,2209.4,-8,23.4,879,2027,1,2.87,0.17,5085,1,2.87,0.17,5085
2026-05-09 15:38:51,1,1,1,2209.4,-8,23.4,879,2027,1,2.87,0.17,5085,1,2.87,0.17,5085
2026-05-09 15:38:52,1,1,1,2229.5,8,22.1,838,2066,1,2.87,0.17,5085,1,2.87,0.17,5085
2026-05-09 15:38:52,1,1,1,2229.5,8,22.1,838,2066,1,2.87,0.17,5085,1,2.87,0.17,5085
2026-05-09 15:38:52,1,1,1,2235.5,24,20.6,788,2092,1,2.87,0.17,5085,1,2.87,0.17,5085
2026-05-09 15:38:52,1,1,1,2241.7,8,19.4,743,2115,1,2.87,0.17,5085,1,2.87,0.17,5085
2026-05-09 15:38:52,1,1,1,2241.7,8,19.4,743,2115,1,2.87,0.17,5085,1,2.87,0.17,5085
2026-05-09 15:38:52,1,1,1,2251.9,0,18.3,707,2138,1,2.87,0.17,5085,1,2.87,0.17,5085
2026-05-09 15:38:52,1,1,1,2251.9,0,18.3,707,2138,1,2.87,0.17,5085,1,2.87,0.17,5085
2026-05-09 15:38:52,1,1,1,2271.8,8,16.8,656,2175,1,2.87,0.17,5085,1,2.87,0.17,5085
2026-05-09 15:38:52,1,1,1,2271.8,8,16.8,656,2175,1,2.87,0.17,5085,1,2.87,0.17,5085
2026-05-09 15:38:52,1,1,1,2289.3,16,15.5,612,2206,1,0.00,0.00,0,0,0.00,0.00,0
2026-05-09 15:38:52,1,1,1,2311.9,8,13.8,552,2245,1,0.00,0.00,0,0,0.00,0.00,0
2026-05-09 15:38:52,1,1,1,2311.9,8,13.8,552,2245,1,0.00,0.00,0,0,0.00,0.00,0
2026-05-09 15:38:52,1,1,1,2330.3,16,11.8,477,2281,1,0.00,0.00,0,0,0.00,0.00,0
2026-05-09 15:38:52,1,1,1,2330.3,16,11.8,477,2281,1,0.00,0.00,0,0,0.00,0.00,0
2026-05-09 15:38:52,1,1,1,2369.3,0,9.3,384,2338,0,0.00,0.00,0,0,0.00,0.00,0
2026-05-09 15:38:52,1,1,1,2369.3,0,9.3,384,2338,0,0.00,0.00,0,0,0.00,0.00,0
2026-05-09 15:38:52,1,1,1,2439.4,0,6.2,265,2425,0,0.00,0.00,0,0,0.00,0.00,0
2026-05-09 15:38:52,1,1,1,2439.4,0,6.2,265,2425,0,0.00,0.00,0,0,0.00,0.00,0
2026-05-09 15:38:52,1,1,1,2523.1,0,4.0,175,2517,0,0.00,0.00,0,0,0.00,0.00,0
2026-05-09 15:38:52,1,1,1,2619.9,0,1.5,69,2619,0,0.00,0.00,0,0,0.00,0.00,0
2026-05-09 15:38:53,1,1,1,2619.9,0,1.5,69,2619,0,0.00,0.00,0,1,2.50,0.23,27472
2026-05-09 15:38:53,1,1,1,2713.3,0,-0.8,-37,2713,0,0.00,0.00,0,1,2.50,0.23,27472
2026-05-09 15:38:53,1,1,1,2713.3,0,-0.8,-37,2713,1,2.52,0.23,27472,1,2.52,0.23,27472
2026-05-09 15:38:53,1,1,1,2795.5,-16,-2.9,-140,2792,1,2.52,0.23,27472,1,2.52,0.23,27472
2026-05-09 15:38:53,1,1,1,2795.5,-16,-2.9,-140,2792,1,2.52,0.23,27472,1,2.52,0.23,27472
2026-05-09 15:38:53,1,1,1,2768.8,-16,-4.3,-208,2761,1,2.52,0.23,27472,1,2.52,0.23,27472
2026-05-09 15:38:53,1,1,1,2739.7,0,-5.5,-263,2727,1,2.52,0.23,27472,1,2.52,0.23,27472
2026-05-09 15:38:53,1,1,1,2739.7,0,-5.5,-263,2727,1,2.52,0.23,27472,1,2.52,0.23,27472
2026-05-09 15:38:53,1,1,1,2765.9,0,-6.3,-305,2749,1,2.52,0.23,27472,1,2.52,0.23,27472
2026-05-09 15:38:53,1,1,1,2765.9,0,-6.3,-305,2749,1,2.52,0.23,27472,1,2.52,0.23,27472
2026-05-09 15:38:53,1,1,1,2784.4,8,-7.4,-360,2761,1,2.52,0.23,27472,1,2.52,0.23,27472
2026-05-09 15:38:53,1,1,1,2784.4,8,-7.4,-360,2761,1,2.52,0.23,27472,1,2.52,0.23,27472
2026-05-09 15:38:53,1,1,1,2779.6,0,-8.6,-418,2748,1,2.52,0.23,27472,1,2.52,0.23,27472
2026-05-09 15:38:53,1,1,1,2779.6,0,-8.6,-418,2748,1,2.52,0.23,27472,1,2.52,0.23,27472
2026-05-09 15:38:53,1,1,1,2756.9,8,-10.2,-490,2713,1,2.52,0.23,27472,1,2.52,0.23,27472
2026-05-09 15:38:53,1,1,1,2704.8,8,-12.3,-575,2643,1,0.00,0.00,0,0,0.00,0.00,0
2026-05-09 15:38:53,1,1,1,2704.8,8,-12.3,-575,2643,1,0.00,0.00,0,0,0.00,0.00,0
2026-05-09 15:38:53,1,1,1,2654.1,16,-14.3,-655,2572,1,0.00,0.00,0,0,0.00,0.00,0
2026-05-09 15:38:53,1,1,1,2654.1,16,-14.3,-655,2572,1,2.53,0.24,11025,1,2.53,0.24,11025
2026-05-09 15:38:53,1,1,1,2611.2,24,-16.2,-727,2508,1,2.53,0.24,11025,1,2.53,0.24,11025
2026-05-09 15:38:54,1,1,1,2611.2,24,-16.2,-727,2508,1,2.55,0.24,11025,1,2.55,0.24,11025
2026-05-09 15:38:54,1,1,1,2576.9,8,-17.6,-780,2456,1,2.55,0.24,11025,1,2.55,0.24,11025
2026-05-09 15:38:54,1,1,1,2555.0,0,-19.1,-837,2414,1,2.55,0.24,11025,1,2.55,0.24,11025
2026-05-09 15:38:54,1,1,1,2555.0,0,-19.1,-837,2414,1,2.55,0.24,11025,1,2.55,0.24,11025
2026-05-09 15:38:54,1,1,1,2566.7,8,-20.8,-910,2400,1,2.55,0.24,11025,1,2.55,0.24,11025
2026-05-09 15:38:54,1,1,1,2566.7,8,-20.8,-910,2400,1,2.55,0.24,11025,1,2.55,0.24,11025
2026-05-09 15:38:54,1,1,1,2565.0,-8,-22.0,-959,2379,1,2.55,0.24,11025,1,2.55,0.24,11025
2026-05-09 15:38:54,1,1,1,2565.0,-8,-22.0,-959,2379,1,2.55,0.24,11025,1,2.55,0.24,11025
2026-05-09 15:38:54,1,1,1,2584.1,0,-23.3,-1023,2373,1,2.55,0.24,11025,1,2.55,0.24,11025
2026-05-09 15:38:54,1,1,1,2584.1,0,-23.3,-1023,2373,1,2.55,0.24,11025,1,2.55,0.24,11025
2026-05-09 15:38:54,1,1,1,2585.0,16,-24.1,-1057,2359,1,2.55,0.24,11025,1,2.55,0.24,11025
2026-05-09 15:38:54,1,1,1,2569.6,-16,-24.8,-1077,2333,1,2.55,0.24,11025,1,2.55,0.24,11025
2026-05-09 15:38:54,1,1,1,2569.6,-16,-24.8,-1077,2333,1,2.55,0.24,11025,1,2.55,0.24,11025
2026-05-09 15:38:54,1,1,1,2542.1,-24,-25.3,-1087,2298,1,0.00,0.00,0,0,0.00,0.00,0
2026-05-09 15:38:54,1,1,1,2542.1,-24,-25.3,-1087,2298,1,0.00,0.00,0,0,0.00,0.00,0
2026-05-09 15:38:54,1,1,1,2505.4,-64,-25.9,-1096,2253,1,0.00,0.00,0,0,0.00,0.00,0
2026-05-09 15:38:54,1,1,1,2505.4,-64,-25.9,-1096,2253,1,2.49,-0.68,6725,1,2.49,-0.68,6725
2026-05-09 15:38:54,1,1,1,2464.2,-64,-26.8,-1110,2200,1,2.49,-0.68,6725,1,2.49,-0.68,6725
2026-05-09 15:38:54,1,1,1,2420.6,-64,-27.4,-1114,2149,1,2.42,-0.68,6725,1,2.42,-0.68,6725
2026-05-09 15:38:54,1,1,1,2420.6,-64,-27.4,-1114,2149,1,2.42,-0.68,6725,1,2.42,-0.68,6725
2026-05-09 15:38:55,1,1,1,2379.1,-39,-27.6,-1103,2108,1,2.42,-0.68,6725,1,2.42,-0.68,6725
2026-05-09 15:38:55,1,1,1,2379.1,-39,-27.6,-1103,2108,1,2.42,-0.68,6725,1,2.42,-0.68,6725
2026-05-09 15:38:55,1,1,1,2334.1,-56,-28.3,-1105,2056,1,2.42,-0.68,6725,1,2.42,-0.68,6725
2026-05-09 15:38:55,1,1,1,2334.1,-56,-28.3,-1105,2056,1,2.42,-0.68,6725,1,2.42,-0.68,6725
2026-05-09 15:38:55,1,1,1,2297.7,-39,-28.5,-1095,2020,1,2.42,-0.68,6725,1,2.42,-0.68,6725
2026-05-09 15:38:55,1,1,1,2297.7,-39,-28.5,-1095,2020,1,2.42,-0.68,6725,1,2.42,-0.68,6725
2026-05-09 15:38:55,1,1,1,2259.5,-56,-28.7,-1085,1982,1,2.42,-0.68,6725,1,2.42,-0.68,6725
2026-05-09 15:38:55,1,1,1,2219.2,-56,-28.6,-1063,1948,1,2.42,-0.68,6725,1,2.42,-0.68,6725
2026-05-09 15:38:55,1,1,1,2219.2,-56,-28.6,-1063,1948,1,2.01,-0.92,7300,1,2.01,-0.92,7300
2026-05-09 15:38:55,1,1,1,2173.0,-104,-28.9,-1049,1903,1,2.01,-0.92,7300,1,2.01,-0.92,7300
2026-05-09 15:39:05,1,1,1,1385.2,48,-31.3,-719,1184,1,1.66,0.59,25160,1,1.66,0.59,25160
2026-05-09 15:39:05,1,1,1,1385.2,48,-31.3,-719,1184,1,1.66,0.59,25160,1,1.66,0.59,25160
2026-05-09 15:39:05,1,1,1,1426.4,39,-31.2,-739,1220,1,1.77,0.48,30106,1,1.77,0.48,30106
2026-05-09 15:39:05,1,1,1,1426.4,39,-31.2,-739,1220,1,1.77,0.48,30106,1,1.77,0.48,30106
2026-05-09 15:39:05,1,1,1,1474.4,48,-31.2,-764,1261,1,1.80,0.47,39080,1,1.80,0.47,39080
2026-05-09 15:39:05,1,1,1,1474.4,48,-31.2,-764,1261,1,1.80,0.47,39080,1,1.80,0.47,39080
2026-05-09 15:39:05,1,1,1,1533.4,48,-30.7,-782,1319,1,1.83,0.47,21146,1,1.83,0.47,21146
2026-05-09 15:39:05,1,1,1,1584.5,32,-30.7,-808,1363,1,1.83,0.47,21146,1,1.83,0.47,21146
2026-05-09 15:39:05,1,1,1,1584.5,32,-30.7,-808,1363,1,1.86,0.47,15581,1,1.86,0.47,15581
2026-05-09 15:39:05,1,1,1,1629.9,32,-30.9,-838,1398,1,1.86,0.47,15581,1,1.86,0.47,15581
2026-05-09 15:39:06,1,1,1,1629.9,32,-30.9,-838,1398,1,1.91,0.47,15581,1,1.91,0.47,15581
2026-05-09 15:39:06,1,1,1,1678.1,48,-30.6,-855,1444,1,1.91,0.47,15581,1,1.91,0.47,15581
2026-05-09 15:39:06,1,1,1,1678.1,48,-30.6,-855,1444,1,1.91,0.47,15581,1,1.91,0.47,15581
2026-05-09 15:39:06,1,1,1,1713.1,39,-30.8,-878,1471,1,1.91,0.47,15581,1,1.91,0.47,15581
2026-05-09 15:39:06,1,1,1,1713.1,39,-30.8,-878,1471,1,1.91,0.47,15581,1,1.91,0.47,15581
2026-05-09 15:39:06,1,1,1,1756.4,24,-31.7,-922,1495,1,1.91,0.47,15581,1,1.91,0.47,15581
2026-05-09 15:39:06,1,1,1,1786.7,16,-32.3,-955,1510,1,1.91,0.47,15581,1,1.91,0.47,15581
2026-05-09 15:39:06,1,1,1,1786.7,16,-32.3,-955,1510,1,1.91,0.47,15581,1,1.91,0.47,15581
2026-05-09 15:39:06,1,1,1,1813.3,0,-32.3,-970,1532,1,1.91,0.47,15581,1,1.91,0.47,15581
2026-05-09 15:39:06,1,1,1,1813.3,0,-32.3,-970,1532,1,1.91,0.47,15581,1,1.91,0.47,15581
2026-05-09 15:39:06,1,1,1,1828.2,8,-32.1,-971,1549,1,1.91,0.47,15581,1,1.91,0.47,15581
2026-05-09 15:39:06,1,1,1,1828.2,8,-32.1,-971,1549,1,1.91,0.47,15581,1,1.91,0.47,15581
2026-05-09 15:39:06,1,1,1,1836.6,-24,-32.0,-974,1557,1,1.91,0.47,15581,1,1.91,0.47,15581
2026-05-09 15:39:06,1,1,1,1843.2,-24,-32.0,-977,1563,1,0.00,0.00,0,0,0.00,0.00,0
2026-05-09 15:39:06,1,1,1,1843.2,-24,-32.0,-977,1563,1,0.00,0.00,0,0,0.00,0.00,0
2026-05-09 15:39:06,1,1,1,1853.0,-24,-31.7,-973,1577,1,0.00,0.00,0,0,0.00,0.00,0
2026-05-09 15:39:06,1,1,1,1853.0,-24,-31.7,-973,1577,1,1.99,-0.23,14209,1,1.99,-0.23,14209
2026-05-09 15:39:06,1,1,1,1856.7,-32,-31.4,-967,1585,1,1.99,-0.23,14209,1,1.99,-0.23,14209
2026-05-09 15:39:06,1,1,1,1856.7,-32,-31.4,-967,1585,1,1.97,-0.23,14209,1,1.97,-0.23,14209
2026-05-09 15:39:06,1,1,1,1851.1,-32,-31.5,-966,1579,1,1.97,-0.23,14209,1,1.97,-0.23,14209
2026-05-09 15:39:07,1,1,1,1851.1,-32,-31.5,-966,1579,1,1.97,-0.23,14209,1,1.97,-0.23,14209
2026-05-09 15:39:07,1,1,1,1847.5,-39,-31.5,-964,1576,1,1.97,-0.23,14209,1,1.97,-0.23,14209
2026-05-09 15:39:07,1,1,1,1842.0,-48,-31.4,-960,1572,1,1.97,-0.23,14209,1,1.97,-0.23,14209
2026-05-09 15:39:07,1,1,1,1842.0,-48,-31.4,-960,1572,1,1.97,-0.23,14209,1,1.97,-0.23,14209
2026-05-09 15:39:07,1,1,1,1836.3,-64,-31.3,-954,1569,1,1.97,-0.23,14209,1,1.97,-0.23,14209
2026-05-09 15:39:07,1,1,1,1836.3,-64,-31.3,-954,1569,1,1.97,-0.23,14209,1,1.97,-0.23,14209
2026-05-09 15:39:07,1,1,1,1828.2,-72,-31.1,-945,1565,1,1.74,-0.92,11402,1,1.74,-0.92,11402
2026-05-09 15:39:07,1,1,1,1828.2,-72,-31.1,-945,1565,1,1.74,-0.92,11402,1,1.74,-0.92,11402
2026-05-09 15:39:07,1,1,1,1818.2,-72,-30.9,-934,1560,1,1.65,-0.92,11402,1,1.65,-0.92,11402
2026-05-09 15:39:07,1,1,1,1805.7,-72,-30.7,-923,1552,1,1.65,-0.92,11402,1,1.65,-0.92,11402
2026-05-09 15:39:07,1,1,1,1805.7,-72,-30.7,-923,1552,1,1.65,-0.92,11402,1,1.65,-0.92,11402
2026-05-09 15:39:07,1,1,1,1791.2,-72,-30.6,-913,1541,1,1.65,-0.92,11402,1,1.65,-0.92,11402
2026-05-09 15:39:07,1,1,1,1791.2,-72,-30.6,-913,1541,1,1.65,-0.92,11402,1,1.65,-0.92,11402
2026-05-09 15:39:07,1,1,1,1773.5,-64,-30.6,-902,1527,1,1.65,-0.92,11402,1,1.65,-0.92,11402
2026-05-09 15:39:07,1,1,1,1773.5,-64,-30.6,-902,1527,1,1.65,-0.92,11402,1,1.65,-0.92,11402
2026-05-09 15:39:07,1,1,1,1754.6,-72,-30.6,-892,1511,1,1.65,-0.92,11402,1,1.65,-0.92,11402
2026-05-09 15:39:07,1,1,1,1754.6,-72,-30.6,-892,1511,1,1.65,-0.92,11402,1,1.65,-0.92,11402
2026-05-09 15:39:07,1,1,1,1733.9,-79,-30.5,-880,1494,1,1.65,-0.92,11402,1,1.65,-0.92,11402
2026-05-09 15:39:07,1,1,1,1675.6,-79,-30.0,-838,1451,1,1.65,-0.92,11402,1,1.65,-0.92,11402
2026-05-09 15:39:07,1,1,1,1675.6,-79,-30.0,-838,1451,1,1.65,-0.92,11402,1,1.65,-0.92,11402
2026-05-09 15:39:08,1,1,1,1613.8,-96,-29.5,-794,1405,1,1.65,-0.92,11402,1,1.65,-0.92,11402
2026-05-09 15:39:08,1,1,1,1613.8,-96,-29.5,-794,1405,1,0.00,0.00,0,0,0.00,0.00,0
2026-05-09 15:39:08,1,1,1,1549.3,-79,-29.1,-753,1354,1,1.24,-0.72,56648,1,1.24,-0.72,56648
2026-05-09 15:39:08,1,1,1,1549.3,-79,-29.1,-753,1354,1,1.24,-0.72,56648,1,1.24,-0.72,56648
2026-05-09 15:39:08,1,1,1,1432.7,-96,-27.7,-667,1268,1,1.17,-0.72,56648,1,1.17,-0.72,56648
2026-05-09 15:39:08,1,1,1,1325.6,-56,-26.3,-588,1188,1,1.17,-0.72,56648,1,1.17,-0.72,56648
2026-05-09 15:39:08,1,1,1,1325.6,-56,-26.3,-588,1188,1,1.17,-0.72,56648,1,1.17,-0.72,56648
2026-05-09 15:39:08,1,1,1,1233.8,-56,-23.9,-500,1128,1,1.17,-0.72,56648,1,1.17,-0.72,56648
2026-05-09 15:39:08,1,1,1,1233.8,-56,-23.9,-500,1128,1,1.17,-0.72,56648,1,1.17,-0.72,56648
2026-05-09 15:39:08,1,1,1,1136.8,-64,-21.7,-421,1056,1,1.17,-0.72,56648,1,1.17,-0.72,56648
2026-05-09 15:39:08,1,1,1,1136.8,-64,-21.7,-421,1056,1,1.17,-0.72,56648,1,1.17,-0.72,56648
2026-05-09 15:39:08,1,1,1,1028.6,-64,-20.2,-356,965,1,1.17,-0.72,56648,1,1.17,-0.72,56648
2026-05-09 15:39:08,1,1,1,1028.6,-64,-20.2,-356,965,1,0.74,-0.63,33370,1,0.74,-0.63,33370
2026-05-09 15:39:08,1,1,1,931.3,-56,-18.5,-296,883,1,0.74,-0.63,33370,1,0.74,-0.63,33370
2026-05-09 15:39:08,1,1,1,854.0,-56,-17.2,-252,816,1,0.72,-0.55,7328,1,0.72,-0.55,7328
2026-05-09 15:39:08,1,1,1,854.0,-56,-17.2,-252,816,1,0.72,-0.55,7328,1,0.72,-0.55,7328
2026-05-09 15:39:08,1,1,1,786.7,-39,-16.3,-221,755,1,0.61,-0.51,52154,1,0.61,-0.51,52154
2026-05-09 15:39:08,1,1,1,786.7,-39,-16.3,-221,755,1,0.61,-0.51,52154,1,0.61,-0.51,52154
2026-05-09 15:39:08,1,1,1,723.1,-24,-14.8,-185,699,1,0.56,-0.44,32008,1,0.56,-0.44,32008
2026-05-09 15:39:08,1,1,1,723.1,-24,-14.8,-185,699,1,0.56,-0.44,32008,1,0.56,-0.44,32008
2026-05-09 15:39:09,1,1,1,656.6,-16,-11.2,-128,644,1,0.52,-0.38,19525,1,0.52,-0.38,19525
2026-05-09 15:39:09,1,1,1,656.6,-16,-11.2,-128,644,1,0.52,-0.38,19525,1,0.52,-0.38,19525
2026-05-09 15:39:09,1,1,1,606.6,-8,-8.4,-89,600,1,0.51,-0.27,5738,1,0.51,-0.27,5738
2026-05-09 15:39:09,1,1,1,579.7,16,-8.0,-81,574,1,0.51,-0.27,5738,1,0.51,-0.27,5738
2026-05-09 15:39:09,1,1,1,579.7,16,-8.0,-81,574,1,0.51,-0.16,29781,1,0.51,-0.16,29781
2026-05-09 15:39:09,1,1,1,552.2,16,-6.1,-59,549,1,0.51,-0.16,29781,1,0.51,-0.16,29781
2026-05-09 15:39:09,1,1,1,552.2,16,-6.1,-59,549,1,0.49,-0.16,29781,1,0.49,-0.16,29781
2026-05-09 15:39:09,1,1,1,538.5,32,-2.6,-24,538,1,0.49,-0.16,29781,1,0.49,-0.16,29781
2026-05-09 15:39:09,1,1,1,538.5,32,-2.6,-24,538,1,0.49,-0.16,29781,1,0.49,-0.16,29781
2026-05-09 15:39:09,1,1,1,541.4,39,2.2,21,541,1,0.49,-0.16,29781,1,0.49,-0.16,29781
2026-05-09 15:39:09,1,1,1,531.0,39,7.0,65,527,1,0.49,-0.16,29781,1,0.49,-0.16,29781
2026-05-09 15:39:09,1,1,1,531.0,39,7.0,65,527,1,0.49,-0.16,29781,1,0.49,-0.16,29781
2026-05-09 15:39:09,1,1,1,535.8,39,11.5,107,525,1,0.74,0.47,49477,1,0.74,0.47,49477
2026-05-09 15:39:09,1,1,1,535.8,39,11.5,107,525,1,0.74,0.47,49477,1,0.74,0.47,49477
2026-05-09 15:39:09,1,1,1,559.3,48,14.7,142,541,1,0.77,0.47,43624,1,0.77,0.47,43624
2026-05-09 15:39:09,1,1,1,559.3,48,14.7,142,541,1,0.77,0.47,43624,1,0.77,0.47,43624
2026-05-09 15:39:09,1,1,1,594.9,56,17.6,180,567,1,0.80,0.55,9449,1,0.80,0.55,9449
2026-05-09 15:39:09,1,1,1,594.9,56,17.6,180,567,1,0.80,0.55,9449,1,0.80,0.55,9449
2026-05-09 15:39:09,1,1,1,631.6,64,19.6,212,595,1,0.85,0.66,51744,1,0.85,0.66,51744
2026-05-09 15:39:09,1,1,1,669.3,72,21.2,242,624,1,0.85,0.66,51744,1,0.85,0.66,51744
2026-05-09 15:39:10,1,1,1,669.3,72,21.2,242,624,1,0.93,0.68,16036,1,0.93,0.68,16036
2026-05-09 15:39:10,1,1,1,703.5,64,22.9,274,648,1,0.93,0.68,16036,1,0.93,0.68,16036
2026-05-09 15:39:10,1,1,1,703.5,64,22.9,274,648,1,0.99,0.64,40250,1,0.99,0.64,40250
2026-05-09 15:39:10,1,1,1,745.1,56,23.7,300,682,1,0.99,0.64,40250,1,0.99,0.64,40250
2026-05-09 15:39:10,1,1,1,745.1,56,23.7,300,682,1,1.04,0.61,42938,1,1.04,0.61,42938
2026-05-09 15:39:10,1,1,1,793.7,64,23.3,314,729,1,1.04,0.61,42938,1,1.04,0.61,42938
2026-05-09 15:39:10,1,1,1,846.3,56,23.2,333,778,1,1.09,0.58,17778,1,1.09,0.58,17778
2026-05-09 15:39:10,1,1,1,846.3,56,23.2,333,778,1,1.09,0.58,17778,1,1.09,0.58,17778
2026-05-09 15:39:10,1,1,1,897.7,56,23.9,363,821,1,1.15,0.60,23226,1,1.15,0.60,23226
2026-05-09 15:39:10,1,1,1,897.7,56,23.9,363,821,1,1.15,0.60,23226,1,1.15,0.60,23226
2026-05-09 15:39:10,1,1,1,943.8,64,25.5,406,852,1,1.21,0.60,23226,1,1.21,0.60,23226
2026-05-09 15:39:10,1,1,1,943.8,64,25.5,406,852,1,1.21,0.60,23226,1,1.21,0.60,23226
2026-05-09 15:39:10,1,1,1,996.4,79,26.5,444,892,1,1.28,0.64,9378,1,1.28,0.64,9378
2026-05-09 15:39:10,1,1,1,996.4,79,26.5,444,892,1,1.28,0.64,9378,1,1.28,0.64,9378
2026-05-09 15:39:10,1,1,1,1035.6,64,27.9,485,915,1,1.34,0.65,43114,1,1.34,0.65,43114
2026-05-09 15:39:10,1,1,1,1083.5,64,28.7,521,950,1,1.34,0.65,43114,1,1.34,0.65,43114
2026-05-09 15:39:10,1,1,1,1083.5,64,28.7,521,950,1,1.41,0.65,43114,1,1.41,0.65,43114
2026-05-09 15:39:10,1,1,1,1136.2,64,28.6,543,998,1,1.41,0.65,43114,1,1.41,0.65,43114
2026-05-09 15:39:10,1,1,1,1136.2,64,28.6,543,998,1,1.41,0.65,43114,1,1.41,0.65,43114
2026-05-09 15:39:10,1,1,1,1193.8,64,28.4,568,1050,1,1.41,0.65,43114,1,1.41,0.65,43114
2026-05-09 15:39:11,1,1,1,1193.8,64,28.4,568,1050,1,1.41,0.65,43114,1,1.41,0.65,43114
2026-05-09 15:39:11,1,1,1,1251.1,79,28.4,596,1100,1,1.41,0.65,43114,1,1.41,0.65,43114
2026-05-09 15:39:11,1,1,1,1301.6,88,27.5,602,1154,1,1.41,0.65,43114,1,1.41,0.65,43114
2026-05-09 15:39:11,1,1,1,1301.6,88,27.5,602,1154,1,1.41,0.65,43114,1,1.41,0.65,43114
2026-05-09 15:39:11,1,1,1,1364.1,64,27.3,626,1212,1,1.41,0.65,43114,1,1.41,0.65,43114
2026-05-09 15:39:11,1,1,1,1364.1,64,27.3,626,1212,1,1.41,0.65,43114,1,1.41,0.65,43114
2026-05-09 15:39:11,1,1,1,1432.1,64,27.4,658,1272,1,1.41,0.65,43114,1,1.41,0.65,43114
2026-05-09 15:39:11,1,1,1,1432.1,64,27.4,658,1272,1,1.41,0.65,43114,1,1.41,0.65,43114
2026-05-09 15:39:11,1,1,1,1488.8,48,26.9,673,1328,1,1.75,0.53,17885,1,1.75,0.53,17885
2026-05-09 15:39:11,1,1,1,1488.8,48,26.9,673,1328,1,1.75,0.53,17885,1,1.75,0.53,17885
2026-05-09 15:39:11,1,1,1,1546.1,72,27.0,701,1378,1,1.80,0.50,47540,1,1.80,0.50,47540
2026-05-09 15:39:11,1,1,1,1598.6,48,27.5,738,1418,1,1.80,0.50,47540,1,1.80,0.50,47540
2026-05-09 15:39:11,1,1,1,1598.6,48,27.5,738,1418,1,1.85,0.50,47540,1,1.85,0.50,47540
2026-05-09 15:39:11,1,1,1,1648.3,48,27.7,767,1459,1,1.85,0.50,47540,1,1.85,0.50,47540
2026-05-09 15:39:11,1,1,1,1648.3,48,27.7,767,1459,1,1.93,0.51,33409,1,1.93,0.51,33409
2026-05-09 15:39:11,1,1,1,1693.6,48,27.0,769,1509,1,1.93,0.51,33409,1,1.93,0.51,33409
2026-05-09 15:39:11,1,1,1,1693.6,48,27.0,769,1509,1,1.99,0.53,18005,1,1.99,0.53,18005
2026-05-09 15:39:11,1,1,1,1732.5,64,26.7,778,1548,1,1.99,0.53,18005,1,1.99,0.53,18005
2026-05-09 15:39:11,1,1,1,1777.7,39,26.2,785,1595,1,2.04,0.53,18005,1,2.04,0.53,18005
2026-05-09 15:39:11,1,1,1,1777.7,39,26.2,785,1595,1,2.04,0.53,18005,1,2.04,0.53,18005
2026-05-09 15:39:12,1,1,1,1814.8,32,26.4,806,1626,1,2.04,0.53,18005,1,2.04,0.53,18005
2026-05-09 15:39:12,1,1,1,1814.8,32,26.4,806,1626,1,2.04,0.53,18005,1,2.04,0.53,18005
2026-05-09 15:39:12,1,1,1,1860.0,8,26.3,825,1667,1,2.04,0.53,18005,1,2.04,0.53,18005
2026-05-09 15:39:12,1,1,1,1860.0,8,26.3,825,1667,1,2.04,0.53,18005,1,2.04,0.53,18005
2026-05-09 15:39:12,1,1,1,1890.8,8,26.2,836,1696,1,2.04,0.53,18005,1,2.04,0.53,18005
2026-05-09 15:39:12,1,1,1,1890.8,8,26.2,836,1696,1,2.04,0.53,18005,1,2.04,0.53,18005
2026-05-09 15:39:12,1,1,1,1918.5,-8,26.6,858,1716,1,2.30,0.03,2210,1,2.30,0.03,2210
2026-05-09 15:39:12,1,1,1,1933.3,-16,26.4,859,1732,1,2.30,0.03,2210,1,2.30,0.03,2210
2026-05-09 15:39:12,1,1,1,1933.3,-16,26.4,859,1732,1,2.30,0.03,2210,1,2.30,0.03,2210
2026-05-09 15:39:12,1,1,1,1941.1,-8,25.8,846,1747,1,2.30,0.03,2210,1,2.30,0.03,2210
2026-05-09 15:39:12,1,1,1,1941.1,-8,25.8,846,1747,1,2.30,0.03,2210,1,2.30,0.03,2210
2026-05-09 15:39:12,1,1,1,1948.5,-24,25.3,834,1761,0,0.00,0.00,0,1,2.30,0.03,2210
2026-05-09 15:39:12,1,1,1,1948.5,-24,25.3,834,1761,0,0.00,0.00,0,1,2.30,0.03,2210
2026-05-09 15:39:12,1,1,1,1952.6,-32,24.8,818,1773,0,0.00,0.00,0,1,2.30,0.03,2210
2026-05-09 15:39:12,1,1,1,1950.9,-32,24.3,803,1778,0,0.00,0.00,0,1,2.30,0.03,2210
2026-05-09 15:39:12,1,1,1,1950.9,-32,24.3,803,1778,0,0.00,0.00,0,1,2.30,0.03,2210
2026-05-09 15:39:12,1,1,1,1945.6,-48,24.0,790,1778,0,0.00,0.00,0,1,2.30,0.03,2210
2026-05-09 15:39:12,1,1,1,1945.6,-48,24.0,790,1778,0,0.00,0.00,0,1,2.30,0.03,2210
2026-05-09 15:39:12,1,1,1,1936.9,-64,23.8,782,1772,0,0.00,0.00,0,1,2.30,0.03,2210
2026-05-09 15:39:12,1,1,1,1936.9,-64,23.8,782,1772,0,0.00,0.00,0,1,2.30,0.03,2210
2026-05-09 15:39:13,1,1,1,1932.6,-79,23.7,776,1770,0,0.00,0.00,0,1,1.81,-0.88,26513
2026-05-09 15:39:13,1,1,1,1932.6,-79,23.7,776,1770,0,0.00,0.00,0,1,1.81,-0.88,26513
2026-05-09 15:39:13,1,1,1,1929.1,-79,23.7,774,1767,1,1.72,-0.88,26513,1,1.72,-0.88,26513
2026-05-09 15:39:13,1,1,1,1921.1,-88,23.6,770,1760,1,1.72,-0.88,26513,1,1.72,-0.88,26513
2026-05-09 15:39:13,1,1,1,1921.1,-88,23.6,770,1760,1,1.72,-0.88,26513,1,1.72,-0.88,26513
2026-05-09 15:39:13,1,1,1,1908.6,-112,23.6,764,1749,1,1.72,-0.88,26513,1,1.72,-0.88,26513
2026-05-09 15:39:13,1,1,1,1908.6,-112,23.6,764,1749,1,1.72,-0.88,26513,1,1.72,-0.88,26513
2026-05-09 15:39:13,1,1,1,1894.3,-64,23.6,758,1736,1,1.72,-0.88,26513,1,1.72,-0.88,26513
2026-05-09 15:39:13,1,1,1,1894.3,-64,23.6,758,1736,1,1.72,-0.88,26513,1,1.72,-0.88,26513
2026-05-09 15:39:13,1,1,1,1874.8,-72,23.4,746,1720,1,1.72,-0.88,26513,1,1.72,-0.88,26513
2026-05-09 15:39:13,1,1,1,1874.8,-72,23.4,746,1720,1,1.72,-0.88,26513,1,1.72,-0.88,26513
2026-05-09 15:39:13,1,1,1,1821.4,-79,23.3,720,1673,1,1.72,-0.88,26513,1,1.72,-0.88,26513
2026-05-09 15:39:13,1,1,1,1769.1,-79,23.2,697,1626,1,1.33,-0.89,7165,1,1.33,-0.89,7165
2026-05-09 15:39:13,1,1,1,1769.1,-79,23.2,697,1626,1,1.33,-0.89,7165,1,1.33,-0.89,7165
2026-05-09 15:39:13,1,1,1,1710.7,-104,23.1,670,1574,1,2.24,-0.46,3016,1,2.24,-0.46,3016
2026-05-09 15:39:13,1,1,1,1710.7,-104,23.1,670,1574,1,2.24,-0.46,3016,1,2.24,-0.46,3016
2026-05-09 15:39:13,1,1,1,1600.2,-88,22.4,611,1479,1,2.20,-0.46,3016,1,2.20,-0.46,3016
2026-05-09 15:39:13,1,1,1,1600.2,-88,22.4,611,1479,1,2.20,-0.46,3016,1,2.20,-0.46,3016
2026-05-09 15:39:13,1,1,1,1507.2,-48,22.5,578,1392,1,2.20,-0.46,3016,1,2.20,-0.46,3016
2026-05-09 15:39:13,1,1,1,1414.3,-64,21.9,528,1312,1,2.20,-0.46,3016,1,2.20,-0.46,3016
2026-05-09 15:39:14,1,1,1,1414.3,-64,21.9,528,1312,1,2.20,-0.46,3016,1,2.20,-0.46,3016
2026-05-09 15:39:14,1,1,1,1323.7,-64,21.4,484,1232,1,2.20,-0.46,3016,1,2.20,-0.46,3016
2026-05-09 15:39:14,1,1,1,1323.7,-64,21.4,484,1232,1,2.20,-0.46,3016,1,2.20,-0.46,3016
2026-05-09 15:39:14,1,1,1,1227.5,-72,21.3,445,1144,1,2.20,-0.46,3016,1,2.20,-0.46,3016
2026-05-09 15:39:14,1,1,1,1227.5,-72,21.3,445,1144,1,2.20,-0.46,3016,1,2.20,-0.46,3016
2026-05-09 15:39:14,1,1,1,1130.8,-64,21.1,407,1055,1,2.20,-0.46,3016,1,2.20,-0.46,3016
2026-05-09 15:39:14,1,1,1,1130.8,-64,21.1,407,1055,1,2.20,-0.46,3016,1,2.20,-0.46,3016
2026-05-09 15:39:14,1,1,1,1048.1,-79,21.4,382,976,1,2.20,-0.46,3016,1,2.20,-0.46,3016
2026-05-09 15:39:14,1,1,1,977.3,-79,21.9,364,907,1,2.20,-0.46,3016,1,2.20,-0.46,3016
2026-05-09 15:39:14,1,1,1,977.3,-79,21.9,364,907,1,0.00,0.00,0,0,0.00,0.00,0
2026-05-09 15:39:14,1,1,1,911.9,-64,22.9,355,840,1,0.00,0.00,0,0,0.00,0.00,0
2026-05-09 15:39:14,1,1,1,911.9,-64,22.9,355,840,1,0.00,0.00,0,0,0.00,0.00,0
2026-05-09 15:39:14,1,1,1,850.9,-48,23.6,340,780,1,0.53,-0.47,44704,1,0.53,-0.47,44704
2026-05-09 15:39:14,1,1,1,850.9,-48,23.6,340,780,1,0.53,-0.47,44704,1,0.53,-0.47,44704
2026-05-09 15:39:14,1,1,1,800.7,-48,23.6,320,734,1,0.50,-0.41,39785,1,0.50,-0.41,39785
2026-05-09 15:39:14,1,1,1,742.2,-39,22.8,288,684,1,0.50,-0.41,39785,1,0.50,-0.41,39785
2026-05-09 15:39:14,1,1,1,742.2,-39,22.8,288,684,1,0.46,-0.41,39785,1,0.46,-0.41,39785
2026-05-09 15:39:14,1,1,1,667.6,-24,22.5,255,617,1,0.46,-0.41,39785,1,0.46,-0.41,39785
2026-05-09 15:39:14,1,1,1,667.6,-24,22.5,255,617,1,0.46,-0.41,39785,1,0.46,-0.41,39785
2026-05-09 15:39:14,1,1,1,607.2,-16,22.3,230,562,1,0.46,-0.41,39785,1,0.46,-0.41,39785
2026-05-09 15:39:15,1,1,1,607.2,-16,22.3,230,562,1,0.46,-0.41,39785,1,0.46,-0.41,39785
2026-05-09 15:39:15,1,1,1,555.2,0,21.7,205,516,1,0.46,-0.41,39785,1,0.46,-0.41,39785
2026-05-09 15:39:15,1,1,1,555.2,0,21.7,205,516,1,0.46,-0.41,39785,1,0.46,-0.41,39785
2026-05-09 15:39:15,1,1,1,527.8,24,18.7,169,500,1,0.46,-0.41,39785,1,0.46,-0.41,39785
2026-05-09 15:39:15,1,1,1,491.6,24,14.5,123,476,1,0.46,-0.41,39785,1,0.46,-0.41,39785
2026-05-09 15:39:15,1,1,1,491.6,24,14.5,123,476,1,0.46,-0.41,39785,1,0.46,-0.41,39785
2026-05-09 15:39:15,1,1,1,462.5,24,10.3,83,455,1,0.74,0.49,59705,1,0.74,0.49,59705
2026-05-09 15:39:15,1,1,1,462.5,24,10.3,83,455,1,0.74,0.49,59705,1,0.74,0.49,59705
2026-05-09 15:39:15,1,1,1,448.1,39,5.5,43,446,1,0.77,0.49,11289,1,0.77,0.49,11289
2026-05-09 15:39:15,1,1,1,448.1,39,5.5,43,446,1,0.77,0.49,11289,1,0.77,0.49,11289
2026-05-09 15:39:15,1,1,1,443.0,56,0.0,0,443,1,0.80,0.50,12705,1,0.80,0.50,12705
2026-05-09 15:39:15,1,1,1,462.9,64,-5.2,-42,461,1,0.80,0.50,12705,1,0.80,0.50,12705
2026-05-09 15:39:15,1,1,1,462.9,64,-5.2,-42,461,1,0.85,0.50,12705,1,0.85,0.50,12705
2026-05-09 15:39:15,1,1,1,506.8,64,-9.4,-83,500,1,0.85,0.50,12705,1,0.85,0.50,12705
2026-05-09 15:39:15,1,1,1,506.8,64,-9.4,-83,500,1,0.88,0.57,59945,1,0.88,0.57,59945
2026-05-09 15:39:15,1,1,1,565.2,72,-12.9,-126,551,1,0.88,0.57,59945,1,0.88,0.57,59945
2026-05-09 15:39:15,1,1,1,565.2,72,-12.9,-126,551,1,0.96,0.61,54621,1,0.96,0.61,54621
2026-05-09 15:39:15,1,1,1,615.0,72,-16.0,-170,591,1,0.96,0.61,54621,1,0.96,0.61,54621
2026-05-09 15:39:15,1,1,1,615.0,72,-16.0,-170,591,1,1.02,0.61,54621,1,1.02,0.61,54621
2026-05-09 15:39:15,1,1,1,673.6,56,-17.9,-207,641,1,1.02,0.61,54621,1,1.02,0.61,54621
2026-05-09 15:39:16,1,1,1,744.9,64,-19.5,-249,702,1,1.10,0.64,20468,1,1.10,0.64,20468
2026-05-09 15:39:16,1,1,1,744.9,64,-19.5,-249,702,1,1.10,0.64,20468,1,1.10,0.64,20468
2026-05-09 15:39:16,1,1,1,808.3,72,-22.1,-304,749,1,1.16,0.64,20468,1,1.16,0.64,20468
2026-05-09 15:39:16,1,1,1,808.3,72,-22.1,-304,749,1,1.16,0.64,20468,1,1.16,0.64,20468
2026-05-09 15:39:16,1,1,1,868.2,72,-24.4,-358,791,1,1.22,0.60,35794,1,1.22,0.60,35794
2026-05-09 15:39:16,1,1,1,868.2,72,-24.4,-358,791,1,1.22,0.60,35794,1,1.22,0.60,35794
2026-05-09 15:39:16,1,1,1,926.3,88,-25.5,-399,836,1,1.27,0.57,48145,1,1.27,0.57,48145
2026-05-09 15:39:16,1,1,1,983.5,72,-26.1,-433,883,1,1.27,0.57,48145,1,1.27,0.57,48145
2026-05-09 15:39:16,1,1,1,983.5,72,-26.1,-433,883,1,1.36,0.61,22580,1,1.36,0.61,22580
2026-05-09 15:39:16,1,1,1,1047.6,72,-27.6,-486,928,1,1.36,0.61,22580,1,1.36,0.61,22580
2026-05-09 15:39:16,1,1,1,1047.6,72,-27.6,-486,928,1,1.43,0.60,57188,1,1.43,0.60,57188
2026-05-09 15:39:16,1,1,1,1114.6,64,-28.5,-531,980,1,1.43,0.60,57188,1,1.43,0.60,57188
2026-05-09 15:39:16,1,1,1,1114.6,64,-28.5,-531,980,1,1.49,0.60,57188,1,1.49,0.60,57188
2026-05-09 15:39:16,1,1,1,1175.2,56,-28.7,-564,1031,1,1.49,0.60,57188,1,1.49,0.60,57188
2026-05-09 15:39:16,1,1,1,1175.2,56,-28.7,-564,1031,1,1.54,0.58,62981,1,1.54,0.58,62981
2026-05-09 15:39:16,1,1,1,1229.9,56,-28.8,-592,1078,1,1.54,0.58,62981,1,1.54,0.58,62981
2026-05-09 15:39:16,1,1,1,1278.1,56,-28.0,-601,1128,1,1.60,0.58,62981,1,1.60,0.58,62981
2026-05-09 15:39:16,1,1,1,1278.1,56,-28.0,-601,1128,1,1.60,0.58,62981,1,1.60,0.58,62981
2026-05-09 15:39:16,1,1,1,1326.4,39,-26.7,-596,1185,1,1.66,0.57,39976,1,1.66,0.57,39976
2026-05-09 15:39:16,1,1,1,1326.4,39,-26.7,-596,1185,1,1.66,0.57,39976,1,1.66,0.57,39976
2026-05-09 15:39:17,1,1,1,1376.7,64,-25.7,-596,1241,1,1.72,0.57,39976,1,1.72,0.57,39976
2026-05-09 15:39:17,1,1,1,1376.7,64,-25.7,-596,1241,1,1.72,0.57,39976,1,1.72,0.57,39976
2026-05-09 15:39:17,1,1,1,1428.6,39,-24.3,-588,1302,1,1.72,0.57,39976,1,1.72,0.57,39976
2026-05-09 15:39:17,1,1,1,1479.7,48,-23.2,-583,1360,1,1.72,0.57,39976,1,1.72,0.57,39976
2026-05-09 15:39:17,1,1,1,1479.7,48,-23.2,-583,1360,1,1.72,0.57,39976,1,1.72,0.57,39976
2026-05-09 15:39:17,1,1,1,1530.4,48,-22.2,-578,1417,1,1.72,0.57,39976,1,1.72,0.57,39976
2026-05-09 15:39:17,1,1,1,1530.4,48,-22.2,-578,1417,1,1.80,0.47,20313,1,1.80,0.47,20313
2026-05-09 15:39:17,1,1,1,1574.3,48,-21.6,-579,1464,1,1.80,0.47,20313,1,1.80,0.47,20313
2026-05-09 15:39:17,1,1,1,1574.3,48,-21.6,-579,1464,1,1.84,0.41,21429,1,1.84,0.41,21429
2026-05-09 15:39:17,1,1,1,1614.6,32,-20.9,-577,1508,1,1.84,0.41,21429,1,1.84,0.41,21429
2026-05-09 15:39:17,1,1,1,1614.6,32,-20.9,-577,1508,1,1.88,0.41,21429,1,1.88,0.41,21429
2026-05-09 15:39:17,1,1,1,1653.2,48,-20.4,-575,1550,1,1.88,0.41,21429,1,1.88,0.41,21429
2026-05-09 15:39:17,1,1,1,1691.1,56,-19.9,-576,1590,1,1.95,0.43,41725,1,1.95,0.43,41725
2026-05-09 15:39:17,1,1,1,1691.1,56,-19.9,-576,1590,1,1.95,0.43,41725,1,1.95,0.43,41725
2026-05-09 15:39:17,1,1,1,1725.1,39,-19.0,-562,1631,1,2.00,0.43,41725,1,2.00,0.43,41725
2026-05-09 15:39:17,1,1,1,1725.1,39,-19.0,-562,1631,1,2.00,0.43,41725,1,2.00,0.43,41725
2026-05-09 15:39:17,1,1,1,1768.4,0,-18.0,-546,1682,1,2.00,0.43,41725,1,2.00,0.43,41725
2026-05-09 15:39:17,1,1,1,1768.4,0,-18.0,-546,1682,1,2.00,0.43,41725,1,2.00,0.43,41725
2026-05-09 15:39:17,1,1,1,1782.4,0,-16.7,-513,1707,1,2.00,0.43,41725,1,2.00,0.43,41725
2026-05-09 15:39:17,1,1,1,1782.4,0,-16.7,-513,1707,1,2.00,0.43,41725,1,2.00,0.43,41725
2026-05-09 15:39:18,1,1,1,1794.6,8,-15.2,-470,1732,1,2.00,0.43,41725,1,2.00,0.43,41725
2026-05-09 15:39:18,1,1,1,1814.2,0,-13.5,-424,1764,1,2.00,0.43,41725,1,2.00,0.43,41725
2026-05-09 15:39:18,1,1,1,1814.2,0,-13.5,-424,1764,1,2.00,0.43,41725,1,2.00,0.43,41725
2026-05-09 15:39:18,1,1,1,1828.1,24,-12.0,-381,1788,1,2.00,0.43,41725,1,2.00,0.43,41725
2026-05-09 15:39:18,1,1,1,1828.1,24,-12.0,-381,1788,1,2.00,0.43,41725,1,2.00,0.43,41725
2026-05-09 15:39:18,1,1,1,1839.2,-24,-10.9,-348,1806,1,2.00,0.43,41725,1,2.00,0.43,41725
2026-05-09 15:39:18,1,1,1,1839.2,-24,-10.9,-348,1806,1,2.00,0.43,41725,1,2.00,0.43,41725
2026-05-09 15:39:18,1,1,1,1846.6,-16,-9.9,-318,1819,1,0.00,0.00,0,0,0.00,0.00,0
2026-05-09 15:39:18,1,1,1,1870.6,-39,-9.1,-296,1847,1,0.00,0.00,0,0,0.00,0.00,0
2026-05-09 15:39:18,1,1,1,1870.6,-39,-9.1,-296,1847,1,0.00,0.00,0,0,0.00,0.00,0
2026-05-09 15:39:18,1,1,1,1880.1,-24,-8.2,-267,1861,1,0.00,0.00,0,0,0.00,0.00,0
2026-05-09 15:39:18,1,1,1,1880.1,-24,-8.2,-267,1861,1,0.00,0.00,0,0,0.00,0.00,0
2026-05-09 15:39:18,1,1,1,1884.0,-32,-7.0,-229,1870,0,0.00,0.00,0,0,0.00,0.00,0
2026-05-09 15:39:18,1,1,1,1884.0,-32,-7.0,-229,1870,0,0.00,0.00,0,0,0.00,0.00,0
2026-05-09 15:39:18,1,1,1,1877.6,-39,-5.5,-180,1869,0,0.00,0.00,0,0,0.00,0.00,0
2026-05-09 15:39:18,1,1,1,1877.6,-39,-5.5,-180,1869,0,0.00,0.00,0,0,0.00,0.00,0
2026-05-09 15:39:18,1,1,1,1864.5,-39,-3.5,-114,1861,0,0.00,0.00,0,0,0.00,0.00,0
2026-05-09 15:39:18,1,1,1,1841.2,-79,-2.1,-67,1840,0,0.00,0.00,0,0,0.00,0.00,0
2026-05-09 15:39:18,1,1,1,1841.2,-79,-2.1,-67,1840,0,0.00,0.00,0,0,0.00,0.00,0
2026-05-09 15:39:18,1,1,1,1798.3,-72,-1.0,-32,1798,0,0.00,0.00,0,0,0.00,0.00,0
2026-05-09 15:39:19,1,1,1,1798.3,-72,-1.0,-32,1798,0,0.00,0.00,0,0,0.00,0.00,0
2026-05-09 15:39:19,1,1,1,1753.0,-64,-0.3,-9,1753,0,0.00,0.00,0,0,0.00,0.00,0
2026-05-09 15:39:19,1,1,1,1753.0,-64,-0.3,-9,1753,0,0.00,0.00,0,0,0.00,0.00,0
2026-05-09 15:39:19,1,1,1,1706.0,-64,-0.1,-2,1706,0,0.00,0.00,0,0,0.00,0.00,0
2026-05-09 15:39:19,1,1,1,1665.1,-64,0.7,20,1665,0,0.00,0.00,0,0,0.00,0.00,0
2026-05-09 15:39:19,1,1,1,1665.1,-64,0.7,20,1665,0,0.00,0.00,0,0,0.00,0.00,0
2026-05-09 15:39:19,1,1,1,1611.2,-64,0.9,25,1611,0,0.00,0.00,0,0,0.00,0.00,0
2026-05-09 15:39:19,1,1,1,1611.2,-64,0.9,25,1611,0,0.00,0.00,0,0,0.00,0.00,0
2026-05-09 15:39:19,1,1,1,1561.0,-72,0.4,12,1561,0,0.00,0.00,0,0,0.00,0.00,0
2026-05-09 15:39:19,1,1,1,1561.0,-72,0.4,12,1561,0,0.00,0.00,0,0,0.00,0.00,0
2026-05-09 15:39:19,1,1,1,1496.0,-64,0.4,11,1496,0,0.00,0.00,0,0,0.00,0.00,0
2026-05-09 15:39:19,1,1,1,1496.0,-64,0.4,11,1496,0,0.00,0.00,0,0,0.00,0.00,0
2026-05-09 15:39:19,1,1,1,1423.2,-72,1.0,25,1423,0,0.00,0.00,0,1,1.27,-0.72,52017
2026-05-09 15:39:19,1,1,1,1363.6,-72,1.8,42,1363,0,0.00,0.00,0,1,1.27,-0.72,52017
2026-05-09 15:39:19,1,1,1,1363.6,-72,1.8,42,1363,1,1.22,-0.71,28706,1,1.22,-0.71,28706
2026-05-09 15:39:19,1,1,1,1308.2,-64,2.5,56,1307,1,1.22,-0.71,28706,1,1.22,-0.71,28706
2026-05-09 15:39:19,1,1,1,1308.2,-64,2.5,56,1307,1,1.15,-0.71,28706,1,1.15,-0.71,28706
2026-05-09 15:39:19,1,1,1,1250.0,-72,3.2,70,1248,1,1.15,-0.71,28706,1,1.15,-0.71,28706
2026-05-09 15:39:19,1,1,1,1250.0,-72,3.2,70,1248,1,1.15,-0.71,28706,1,1.15,-0.71,28706
2026-05-09 15:39:19,1,1,1,1177.9,-79,4.0,82,1175,1,1.15,-0.71,28706,1,1.15,-0.71,28706
2026-05-09 15:39:20,1,1,1,1111.4,-79,4.5,87,1108,1,1.15,-0.71,28706,1,1.15,-0.71,28706
2026-05-09 15:39:20,1,1,1,1111.4,-79,4.5,87,1108,1,1.15,-0.71,28706,1,1.15,-0.71,28706
2026-05-09 15:39:20,1,1,1,1053.8,-64,6.0,110,1048,1,0.85,-0.71,25517,1,0.85,-0.71,25517
2026-05-09 15:39:20,1,1,1,1053.8,-64,6.0,110,1048,1,0.85,-0.71,25517,1,0.85,-0.71,25517
2026-05-09 15:39:20,1,1,1,992.6,-72,6.6,114,986,1,0.77,-0.69,63881,1,0.77,-0.69,63881
2026-05-09 15:39:20,1,1,1,992.6,-72,6.6,114,986,1,0.77,-0.69,63881,1,0.77,-0.69,63881
2026-05-09 15:39:20,1,1,1,940.0,-64,6.5,106,934,1,0.70,-0.69,63881,1,0.70,-0.69,63881
2026-05-09 15:39:20,1,1,1,940.0,-64,6.5,106,934,1,0.70,-0.69,63881,1,0.70,-0.69,63881
2026-05-09 15:39:20,1,1,1,884.9,-48,4.6,71,882,1,0.70,-0.69,63881,1,0.70,-0.69,63881
2026-05-09 15:39:20,1,1,1,821.3,-64,3.2,46,820,1,0.70,-0.69,63881,1,0.70,-0.69,63881
2026-05-09 15:39:20,1,1,1,821.3,-64,3.2,46,820,1,0.70,-0.69,63881,1,0.70,-0.69,63881
2026-05-09 15:39:20,1,1,1,754.7,-39,2.5,33,754,1,0.70,-0.69,63881,1,0.70,-0.69,63881
2026-05-09 15:39:20,1,1,1,754.7,-39,2.5,33,754,1,0.70,-0.69,63881,1,0.70,-0.69,63881
2026-05-09 15:39:20,1,1,1,698.7,-48,2.6,32,698,1,0.70,-0.69,63881,1,0.70,-0.69,63881
2026-05-09 15:39:20,1,1,1,698.7,-48,2.6,32,698,1,0.70,-0.69,63881,1,0.70,-0.69,63881
2026-05-09 15:39:20,1,1,1,646.4,-48,3.7,42,645,1,0.70,-0.69,63881,1,0.70,-0.69,63881
2026-05-09 15:39:20,1,1,1,591.2,-72,6.8,70,587,1,0.70,-0.69,63881,1,0.70,-0.69,63881
2026-05-09 15:39:20,1,1,1,591.2,-72,6.8,70,587,1,0.70,-0.69,63881,1,0.70,-0.69,63881
2026-05-09 15:39:20,1,1,1,551.1,-8,9.2,88,544,1,0.70,-0.69,63881,1,0.70,-0.69,63881
2026-05-09 15:39:20,1,1,1,551.1,-8,9.2,88,544,1,0.00,0.00,0,0,0.00,0.00,0
2026-05-09 15:39:21,1,1,1,499.5,-39,12.8,111,487,1,0.00,0.00,0,0,0.00,0.00,0
2026-05-09 15:39:21,1,1,1,499.5,-39,12.8,111,487,1,0.00,0.00,0,0,0.00,0.00,0
2026-05-09 15:39:21,1,1,1,463.1,-16,16.9,135,443,1,0.00,0.00,0,0,0.00,0.00,0
2026-05-09 15:39:21,1,1,1,463.1,-16,16.9,135,443,1,0.00,0.00,0,0,0.00,0.00,0
2026-05-09 15:39:21,1,1,1,438.2,8,20.3,152,411,0,0.00,0.00,0,0,0.00,0.00,0
2026-05-09 15:39:21,1,1,1,418.7,32,23.5,167,384,0,0.00,0.00,0,0,0.00,0.00,0
2026-05-09 15:39:21,1,1,1,418.7,32,23.5,167,384,0,0.00,0.00,0,0,0.00,0.00,0
2026-05-09 15:39:21,1,1,1,411.1,48,25.2,175,372,0,0.00,0.00,0,0,0.00,0.00,0
2026-05-09 15:39:21,1,1,1,411.1,48,25.2,175,372,0,0.00,0.00,0,1,0.50,0.71,49178
2026-05-09 15:39:21,1,1,1,409.7,64,25.4,176,370,0,0.00,0.00,0,1,0.50,0.71,49178
2026-05-09 15:39:21,1,1,1,409.7,64,25.4,176,370,1,0.54,0.71,8413,1,0.54,0.71,8413
2026-05-09 15:39:21,1,1,1,416.5,72,25.1,177,377,1,0.54,0.71,8413,1,0.54,0.71,8413
2026-05-09 15:39:21,1,1,1,425.3,56,23.9,172,389,1,0.62,0.71,8413,1,0.62,0.71,8413
2026-05-09 15:39:21,1,1,1,425.3,56,23.9,172,389,1,0.62,0.71,8413,1,0.62,0.71,8413
2026-05-09 15:39:21,1,1,1,449.4,39,21.5,165,418,1,0.62,0.63,39754,1,0.62,0.63,39754
2026-05-09 15:39:21,1,1,1,449.4,39,21.5,165,418,1,0.62,0.63,39754,1,0.62,0.63,39754
2026-05-09 15:39:21,1,1,1,477.5,56,18.8,154,452,1,0.68,0.63,39754,1,0.68,0.63,39754
2026-05-09 15:39:21,1,1,1,477.5,56,18.8,154,452,1,0.68,0.63,39754,1,0.68,0.63,39754
2026-05-09 15:39:21,1,1,1,514.7,56,15.9,141,495,1,0.75,0.66,3112,1,0.75,0.66,3112
2026-05-09 15:39:21,1,1,1,514.7,56,15.9,141,495,1,0.75,0.66,3112,1,0.75,0.66,3112
2026-05-09 15:39:22,1,1,1,557.7,72,12.7,123,544,1,0.87,0.74,19765,1,0.87,0.74,19765
2026-05-09 15:39:22,1,1,1,583.1,104,10.7,108,573,1,0.87,0.74,19765,1,0.87,0.74,19765
2026-05-09 15:39:22,1,1,1,583.1,104,10.7,108,573,1,0.95,0.74,19765,1,0.95,0.74,19765
2026-05-09 15:39:22,1,1,1,620.1,79,9.3,100,612,1,0.95,0.74,19765,1,0.95,0.74,19765
2026-05-09 15:39:22,1,1,1,620.1,79,9.3,100,612,1,0.95,0.74,19765,1,0.95,0.74,19765
2026-05-09 15:39:22,1,1,1,669.3,39,9.0,105,661,1,0.95,0.74,19765,1,0.95,0.74,19765
2026-05-09 15:39:22,1,1,1,669.3,39,9.0,105,661,1,0.95,0.74,19765,1,0.95,0.74,19765
2026-05-09 15:39:22,1,1,1,719.1,72,8.1,101,712,1,0.95,0.74,19765,1,0.95,0.74,19765
2026-05-09 15:39:22,1,1,1,719.1,72,8.1,101,712,1,0.95,0.74,19765,1,0.95,0.74,19765
2026-05-09 15:39:22,1,1,1,766.1,64,6.6,88,761,1,0.95,0.74,19765,1,0.95,0.74,19765
2026-05-09 15:39:22,1,1,1,863.1,72,4.0,60,861,1,1.27,0.71,55893,1,1.27,0.71,55893
2026-05-09 15:39:22,1,1,1,863.1,72,4.0,60,861,1,1.27,0.71,55893,1,1.27,0.71,55893
2026-05-09 15:39:22,1,1,1,956.8,72,2.4,40,956,1,1.42,0.75,12314,1,1.42,0.75,12314
2026-05-09 15:39:22,1,1,1,956.8,72,2.4,40,956,1,1.42,0.75,12314,1,1.42,0.75,12314
2026-05-09 15:39:22,1,1,1,1044.5,79,1.8,33,1044,1,1.49,0.75,12314,1,1.49,0.75,12314
2026-05-09 15:39:22,1,1,1,1044.5,79,1.8,33,1044,1,1.49,0.75,12314,1,1.49,0.75,12314
2026-05-09 15:39:22,1,1,1,1130.2,96,1.1,22,1130,1,1.56,0.82,51208,1,1.56,0.82,51208
2026-05-09 15:39:22,1,1,1,1214.2,79,1.1,23,1214,1,1.56,0.82,51208,1,1.56,0.82,51208
2026-05-09 15:39:22,1,1,1,1214.2,79,1.1,23,1214,1,1.67,0.80,41210,1,1.67,0.80,41210
2026-05-09 15:39:22,1,1,1,1290.5,64,1.6,36,1290,1,1.67,0.80,41210,1,1.67,0.80,41210
2026-05-09 15:39:23,1,1,1,1290.5,64,1.6,36,1290,1,1.75,0.80,41210,1,1.75,0.80,41210
2026-05-09 15:39:23,1,1,1,1362.4,56,2.6,61,1361,1,1.75,0.80,41210,1,1.75,0.80,41210
2026-05-09 15:39:23,1,1,1,1362.4,56,2.6,61,1361,1,1.75,0.80,41210,1,1.75,0.80,41210
2026-05-09 15:39:23,1,1,1,1433.3,64,3.9,97,1430,1,1.75,0.80,41210,1,1.75,0.80,41210
2026-05-09 15:39:23,1,1,1,1433.3,64,3.9,97,1430,1,1.75,0.80,41210,1,1.75,0.80,41210
2026-05-09 15:39:23,1,1,1,1501.4,64,5.3,139,1495,1,1.75,0.80,41210,1,1.75,0.80,41210
2026-05-09 15:39:23,1,1,1,1569.9,79,6.8,185,1559,1,1.75,0.80,41210,1,1.75,0.80,41210
2026-05-09 15:39:23,1,1,1,1569.9,79,6.8,185,1559,1,1.75,0.80,41210,1,1.75,0.80,41210
2026-05-09 15:39:23,1,1,1,1641.9,0,8.0,228,1626,1,1.75,0.80,41210,1,1.75,0.80,41210
2026-05-09 15:39:23,1,1,1,1641.9,0,8.0,228,1626,1,1.75,0.80,41210,1,1.75,0.80,41210
2026-05-09 15:39:23,1,1,1,1720.8,88,8.5,254,1702,1,1.75,0.80,41210,1,1.75,0.80,41210
2026-05-09 15:39:23,1,1,1,1720.8,88,8.5,254,1702,1,1.75,0.80,41210,1,1.75,0.80,41210
2026-05-09 15:39:23,1,1,1,1798.2,72,8.8,275,1777,1,1.75,0.80,41210,1,1.75,0.80,41210
2026-05-09 15:39:23,1,1,1,1867.6,72,9.3,302,1843,1,0.00,0.00,0,0,0.00,0.00,0
2026-05-09 15:39:23,1,1,1,1867.6,72,9.3,302,1843,1,0.00,0.00,0,0,0.00,0.00,0
2026-05-09 15:39:23,1,1,1,1931.9,64,9.4,315,1906,1,0.00,0.00,0,0,0.00,0.00,0
2026-05-09 15:39:23,1,1,1,1931.9,64,9.4,315,1906,1,0.00,0.00,0,0,0.00,0.00,0
2026-05-09 15:39:23,1,1,1,1991.5,64,9.5,330,1964,1,0.00,0.00,0,0,0.00,0.00,0
2026-05-09 15:39:23,1,1,1,1991.5,64,9.5,330,1964,0,0.00,0.00,0,0,0.00,0.00,0
2026-05-09 15:39:23,1,1,1,2055.5,0,9.4,335,2028,0,0.00,0.00,0,0,0.00,0.00,0
2026-05-09 15:39:24,1,1,1,2055.5,0,9.4,335,2028,0,0.00,0.00,0,0,0.00,0.00,0
2026-05-09 15:39:24,1,1,1,2122.2,79,9.7,357,2092,0,0.00,0.00,0,0,0.00,0.00,0
2026-05-09 15:39:24,1,1,1,2181.6,56,9.8,370,2150,0,0.00,0.00,0,0,0.00,0.00,0
2026-05-09 15:39:24,1,1,1,2181.6,56,9.8,370,2150,0,0.00,0.00,0,0,0.00,0.00,0
2026-05-09 15:39:24,1,1,1,2231.1,32,9.9,383,2198,0,0.00,0.00,0,0,0.00,0.00,0
2026-05-09 15:39:24,1,1,1,2231.1,32,9.9,383,2198,0,0.00,0.00,0,0,0.00,0.00,0
2026-05-09 15:39:24,1,1,1,2277.2,32,9.9,393,2243,0,0.00,0.00,0,0,0.00,0.00,0
2026-05-09 15:39:24,1,1,1,2277.2,32,9.9,393,2243,0,0.00,0.00,0,0,0.00,0.00,0
2026-05-09 15:39:24,1,1,1,2338.5,0,9.8,400,2304,0,0.00,0.00,0,0,0.00,0.00,0
2026-05-09 15:39:24,1,1,1,2380.7,24,9.9,411,2345,0,0.00,0.00,0,0,0.00,0.00,0
2026-05-09 15:39:24,1,1,1,2380.7,24,9.9,411,2345,0,0.00,0.00,0,0,0.00,0.00,0
2026-05-09 15:39:24,1,1,1,2420.6,16,10.1,425,2383,0,0.00,0.00,0,0,0.00,0.00,0
2026-05-09 15:39:24,1,1,1,2420.6,16,10.1,425,2383,0,0.00,0.00,0,0,0.00,0.00,0
2026-05-09 15:39:24,1,1,1,2450.1,32,10.3,436,2411,0,0.00,0.00,0,0,0.00,0.00,0
2026-05-09 15:39:24,1,1,1,2450.1,32,10.3,436,2411,0,0.00,0.00,0,0,0.00,0.00,0
2026-05-09 15:39:24,1,1,1,2472.0,0,9.9,426,2435,0,0.00,0.00,0,0,0.00,0.00,0
2026-05-09 15:39:24,1,1,1,2472.0,0,9.9,426,2435,0,0.00,0.00,0,0,0.00,0.00,0
2026-05-09 15:39:24,1,1,1,2471.4,-16,9.6,411,2437,0,0.00,0.00,0,0,0.00,0.00,0
2026-05-09 15:39:24,1,1,1,2470.8,-16,9.2,395,2439,0,0.00,0.00,0,0,0.00,0.00,0
2026-05-09 15:39:24,1,1,1,2470.8,-16,9.2,395,2439,0,0.00,0.00,0,0,0.00,0.00,0
2026-05-09 15:39:25,1,1,1,2476.6,0,8.6,369,2449,0,0.00,0.00,0,0,0.00,0.00,0
2026-05-09 15:39:25,1,1,1,2476.6,0,8.6,369,2449,0,0.00,0.00,0,0,0.00,0.00,0
2026-05-09 15:39:25,1,1,1,2530.1,0,6.7,294,2513,0,0.00,0.00,0,0,0.00,0.00,0
2026-05-09 15:39:25,1,1,1,2530.1,0,6.7,294,2513,0,0.00,0.00,0,0,0.00,0.00,0
2026-05-09 15:39:25,1,1,1,2600.7,0,4.7,212,2592,0,0.00,0.00,0,0,0.00,0.00,0
2026-05-09 15:39:25,1,1,1,2653.0,0,3.1,145,2649,0,0.00,0.00,0,0,0.00,0.00,0
2026-05-09 15:39:25,1,1,1,2653.0,0,3.1,145,2649,0,0.00,0.00,0,0,0.00,0.00,0
2026-05-09 15:39:25,1,1,1,2723.1,0,1.6,77,2722,0,0.00,0.00,0,0,0.00,0.00,0
2026-05-09 15:39:25,1,1,1,2723.1,0,1.6,77,2722,0,0.00,0.00,0,0,0.00,0.00,0
2026-05-09 15:39:25,1,1,1,2782.0,-16,0.3,14,2782,0,0.00,0.00,0,0,0.00,0.00,0
2026-05-09 15:39:25,1,1,1,2782.0,-16,0.3,14,2782,0,0.00,0.00,0,0,0.00,0.00,0
2026-05-09 15:39:25,1,1,1,2763.1,-16,-0.5,-26,2763,0,0.00,0.00,0,0,0.00,0.00,0
2026-05-09 15:39:25,1,1,1,2763.1,-16,-0.5,-26,2763,0,0.00,0.00,0,0,0.00,0.00,0
2026-05-09 15:39:25,1,1,1,2719.7,-16,-1.3,-61,2719,0,0.00,0.00,0,0,0.00,0.00,0
2026-05-09 15:39:25,1,1,1,2674.6,-24,-2.0,-93,2673,0,0.00,0.00,0,0,0.00,0.00,0
2026-05-09 15:39:25,1,1,1,2674.6,-24,-2.0,-93,2673,0,0.00,0.00,0,0,0.00,0.00,0
2026-05-09 15:39:25,1,1,1,2633.0,-39,-2.7,-126,2630,0,0.00,0.00,0,0,0.00,0.00,0
2026-05-09 15:39:25,1,1,1,2633.0,-39,-2.7,-126,2630,0,0.00,0.00,0,0,0.00,0.00,0
2026-05-09 15:39:25,1,1,1,2589.6,-56,-3.4,-154,2585,0,0.00,0.00,0,0,0.00,0.00,0
2026-05-09 15:39:25,1,1,1,2589.6,-56,-3.4,-154,2585,0,0.00,0.00,0,0,0.00,0.00,0
2026-05-09 15:39:26,1,1,1,2547.2,-72,-3.6,-162,2542,0,0.00,0.00,0,0,0.00,0.00,0
2026-05-09 15:39:26,1,1,1,2487.7,-79,-3.9,-168,2482,0,0.00,0.00,0,0,0.00,0.00,0
2026-05-09 15:39:26,1,1,1,2487.7,-79,-3.9,-168,2482,0,0.00,0.00,0,0,0.00,0.00,0
2026-05-09 15:39:26,1,1,1,2432.4,-72,-4.2,-177,2426,0,0.00,0.00,0,0,0.00,0.00,0
2026-05-09 15:39:26,1,1,1,2432.4,-72,-4.2,-177,2426,0,0.00,0.00,0,0,0.00,0.00,0
2026-05-09 15:39:26,1,1,1,2381.7,-48,-4.3,-179,2375,0,0.00,0.00,0,0,0.00,0.00,0
2026-05-09 15:39:26,1,1,1,2381.7,-48,-4.3,-179,2375,0,0.00,0.00,0,0,0.00,0.00,0
2026-05-09 15:39:26,1,1,1,2333.7,-119,-4.3,-177,2327,0,0.00,0.00,0,0,0.00,0.00,0
2026-05-09 15:39:26,1,1,1,2333.7,-119,-4.3,-177,2327,0,0.00,0.00,0,0,0.00,0.00,0
2026-05-09 15:39:26,1,1,1,2289.8,-64,-4.4,-176,2283,0,0.00,0.00,0,0,0.00,0.00,0
2026-05-09 15:39:26,1,1,1,2245.5,-79,-4.4,-171,2239,0,0.00,0.00,0,0,0.00,0.00,0
2026-05-09 15:39:26,1,1,1,2245.5,-79,-4.4,-171,2239,0,0.00,0.00,0,0,0.00,0.00,0
2026-05-09 15:39:26,1,1,1,2192.3,-104,-4.7,-179,2185,0,0.00,0.00,0,0,0.00,0.00,0
2026-05-09 15:39:26,1,1,1,2192.3,-104,-4.7,-179,2185,0,0.00,0.00,0,0,0.00,0.00,0
2026-05-09 15:39:26,1,1,1,2131.5,-96,-5.1,-190,2123,0,0.00,0.00,0,0,0.00,0.00,0
2026-05-09 15:39:26,1,1,1,2131.5,-96,-5.1,-190,2123,0,0.00,0.00,0,0,0.00,0.00,0
2026-05-09 15:39:26,1,1,1,2068.3,-88,-5.7,-206,2058,0,0.00,0.00,0,0,0.00,0.00,0
2026-05-09 15:39:26,1,1,1,2068.3,-88,-5.7,-206,2058,0,0.00,0.00,0,0,0.00,0.00,0
2026-05-09 15:39:26,1,1,1,2005.7,-64,-6.2,-216,1994,0,0.00,0.00,0,0,0.00,0.00,0
2026-05-09 15:39:26,1,1,1,1941.8,-72,-6.3,-214,1930,0,0.00,0.00,0,0,0.00,0.00,0
2026-05-09 15:39:27,1,1,1,1941.8,-72,-6.3,-214,1930,0,0.00,0.00,0,0,0.00,0.00,0
2026-05-09 15:39:27,1,1,1,1885.1,-72,-6.5,-213,1873,0,0.00,0.00,0,0,0.00,0.00,0
2026-05-09 15:39:27,1,1,1,1885.1,-72,-6.5,-213,1873,0,0.00,0.00,0,0,0.00,0.00,0
2026-05-09 15:39:27,1,1,1,1832.9,-79,-6.8,-217,1820,0,0.00,0.00,0,0,0.00,0.00,0
2026-05-09 15:39:27,1,1,1,1832.9,-79,-6.8,-217,1820,0,0.00,0.00,0,0,0.00,0.00,0
2026-05-09 15:39:27,1,1,1,1768.3,-88,-6.8,-208,1756,0,0.00,0.00,0,0,0.00,0.00,0
2026-05-09 15:39:27,1,1,1,1694.8,-96,-6.8,-200,1683,0,0.00,0.00,0,0,0.00,0.00,0
2026-05-09 15:39:27,1,1,1,1694.8,-96,-6.8,-200,1683,0,0.00,0.00,0,0,0.00,0.00,0
2026-05-09 15:39:27,1,1,1,1621.5,-79,-6.8,-193,1610,0,0.00,0.00,0,0,0.00,0.00,0
2026-05-09 15:39:27,1,1,1,1621.5,-79,-6.8,-193,1610,0,0.00,0.00,0,0,0.00,0.00,0
2026-05-09 15:39:27,1,1,1,1551.6,-128,-6.0,-163,1543,0,0.00,0.00,0,0,0.00,0.00,0
2026-05-09 15:39:27,1,1,1,1551.6,-128,-6.0,-163,1543,0,0.00,0.00,0,0,0.00,0.00,0
2026-05-09 15:39:27,1,1,1,1481.5,-64,-5.4,-139,1475,0,0.00,0.00,0,0,0.00,0.00,0
2026-05-09 15:39:27,1,1,1,1481.5,-64,-5.4,-139,1475,0,0.00,0.00,0,0,0.00,0.00,0
2026-05-09 15:39:27,1,1,1,1410.5,-64,-5.0,-124,1405,0,0.00,0.00,0,0,0.00,0.00,0
2026-05-09 15:39:27,1,1,1,1339.9,-72,-4.9,-115,1335,0,0.00,0.00,0,0,0.00,0.00,0
2026-05-09 15:39:27,1,1,1,1339.9,-72,-4.9,-115,1335,0,0.00,0.00,0,1,1.09,-0.69,1681
2026-05-09 15:39:27,1,1,1,1274.0,-56,-4.0,-88,1271,0,0.00,0.00,0,1,1.09,-0.69,1681
2026-05-09 15:39:27,1,1,1,1274.0,-56,-4.0,-88,1271,0,0.00,0.00,0,1,1.04,-0.70,58788
2026-05-09 15:39:27,1,1,1,1205.8,-88,-3.9,-82,1203,0,0.00,0.00,0,1,1.04,-0.70,58788
2026-05-09 15:39:28,1,1,1,1205.8,-88,-3.9,-82,1203,1,0.97,-0.70,58788,1,0.97,-0.70,58788
2026-05-09 15:39:28,1,1,1,1122.9,-88,-3.3,-65,1121,1,0.97,-0.70,58788,1,0.97,-0.70,58788
2026-05-09 15:39:28,1,1,1,1052.7,-79,-3.3,-60,1051,1,0.97,-0.70,58788,1,0.97,-0.70,58788
2026-05-09 15:39:28,1,1,1,1052.7,-79,-3.3,-60,1051,1,0.97,-0.70,58788,1,0.97,-0.70,58788
2026-05-09 15:39:28,1,1,1,985.6,-64,-4.2,-72,983,1,0.97,-0.70,58788,1,0.97,-0.70,58788
2026-05-09 15:39:28,1,1,1,985.6,-64,-4.2,-72,983,1,0.97,-0.70,58788,1,0.97,-0.70,58788
2026-05-09 15:39:28,1,1,1,922.2,-56,-4.8,-77,919,1,0.97,-0.70,58788,1,0.97,-0.70,58788
2026-05-09 15:39:28,1,1,1,922.2,-56,-4.8,-77,919,1,0.97,-0.70,58788,1,0.97,-0.70,58788
2026-05-09 15:39:28,1,1,1,844.5,-48,-4.4,-65,842,1,0.61,-0.48,40104,1,0.61,-0.48,40104
2026-05-09 15:39:28,1,1,1,844.5,-48,-4.4,-65,842,1,0.61,-0.48,40104,1,0.61,-0.48,40104
2026-05-09 15:39:28,1,1,1,757.1,-48,-3.1,-41,756,1,0.54,-0.48,22369,1,0.54,-0.48,22369
2026-05-09 15:39:28,1,1,1,694.1,-56,-0.8,-10,694,1,0.54,-0.48,22369,1,0.54,-0.48,22369
2026-05-09 15:39:28,1,1,1,694.1,-56,-0.8,-10,694,1,0.50,-0.48,22369,1,0.50,-0.48,22369
2026-05-09 15:39:28,1,1,1,640.2,-56,1.5,17,640,1,0.50,-0.48,22369,1,0.50,-0.48,22369
2026-05-09 15:39:28,1,1,1,640.2,-56,1.5,17,640,1,0.50,-0.48,22369,1,0.50,-0.48,22369
2026-05-09 15:39:28,1,1,1,592.4,-48,3.9,40,591,1,0.50,-0.48,22369,1,0.50,-0.48,22369
2026-05-09 15:39:28,1,1,1,592.4,-48,3.9,40,591,1,0.50,-0.48,22369,1,0.50,-0.48,22369
2026-05-09 15:39:28,1,1,1,548.1,-32,6.1,58,545,1,0.50,-0.48,22369,1,0.50,-0.48,22369
2026-05-09 15:39:28,1,1,1,510.0,-32,8.0,71,505,1,0.50,-0.48,22369,1,0.50,-0.48,22369
2026-05-09 15:39:28,1,1,1,510.0,-32,8.0,71,505,1,0.50,-0.48,22369,1,0.50,-0.48,22369
2026-05-09 15:39:29,1,1,1,461.7,-56,11.1,89,453,1,0.50,-0.48,22369,1,0.50,-0.48,22369
2026-05-09 15:39:29,1,1,1,461.7,-56,11.1,89,453,1,0.50,-0.48,22369,1,0.50,-0.48,22369
2026-05-09 15:39:29,1,1,1,437.0,8,12.3,93,427,1,0.50,-0.48,22369,1,0.50,-0.48,22369
2026-05-09 15:39:29,1,1,1,437.0,8,12.3,93,427,1,0.50,-0.48,22369,1,0.50,-0.48,22369
2026-05-09 15:39:29,1,1,1,408.8,24,12.6,89,399,1,0.50,-0.48,22369,1,0.50,-0.48,22369
2026-05-09 15:39:29,1,1,1,408.8,24,12.6,89,399,1,0.00,0.00,0,0,0.00,0.00,0
2026-05-09 15:39:29,1,1,1,389.1,56,11.0,74,382,1,0.00,0.00,0,0,0.00,0.00,0
2026-05-09 15:39:29,1,1,1,376.2,64,7.5,49,373,1,0.00,0.00,0,0,0.00,0.00,0
2026-05-09 15:39:29,1,1,1,376.2,64,7.5,49,373,1,0.52,0.50,55108,1,0.52,0.50,55108
2026-05-09 15:39:29,1,1,1,379.7,48,3.5,23,379,1,0.52,0.50,55108,1,0.52,0.50,55108
2026-05-09 15:39:29,1,1,1,379.7,48,3.5,23,379,1,0.54,0.48,34626,1,0.54,0.48,34626
2026-05-09 15:39:29,1,1,1,392.0,48,-0.1,-1,392,1,0.54,0.48,34626,1,0.54,0.48,34626
2026-05-09 15:39:29,1,1,1,392.0,48,-0.1,-1,392,1,0.59,0.48,34626,1,0.59,0.48,34626
2026-05-09 15:39:29,1,1,1,415.9,56,-3.9,-28,415,1,0.59,0.48,34626,1,0.59,0.48,34626
2026-05-09 15:39:29,1,1,1,447.5,64,-7.2,-56,444,1,0.68,0.57,36128,1,0.68,0.57,36128
2026-05-09 15:39:29,1,1,1,447.5,64,-7.2,-56,444,1,0.68,0.57,36128,1,0.68,0.57,36128
2026-05-09 15:39:29,1,1,1,487.0,72,-10.4,-88,479,1,0.75,0.61,54250,1,0.75,0.61,54250
2026-05-09 15:39:29,1,1,1,487.0,72,-10.4,-88,479,1,0.75,0.61,54250,1,0.75,0.61,54250
2026-05-09 15:39:29,1,1,1,536.8,72,-11.5,-107,526,1,0.82,0.70,63125,1,0.82,0.70,63125
2026-05-09 15:39:29,1,1,1,536.8,72,-11.5,-107,526,1,0.82,0.70,63125,1,0.82,0.70,63125
2026-05-09 15:39:30,1,1,1,566.8,79,-11.7,-115,555,1,0.91,0.70,6450,1,0.91,0.70,6450
2026-05-09 15:39:30,1,1,1,566.8,79,-11.7,-115,555,1,0.91,0.70,6450,1,0.91,0.70,6450
2026-05-09 15:39:30,1,1,1,602.2,72,-12.5,-130,588,1,0.98,0.70,6450,1,0.98,0.70,6450
2026-05-09 15:39:30,1,1,1,678.2,56,-13.3,-156,660,1,0.98,0.70,6450,1,0.98,0.70,6450
2026-05-09 15:39:30,1,1,1,678.2,56,-13.3,-156,660,1,1.05,0.70,12514,1,1.05,0.70,12514
2026-05-09 15:39:30,1,1,1,749.4,56,-13.7,-178,728,1,1.05,0.70,12514,1,1.05,0.70,12514
2026-05-09 15:39:30,1,1,1,749.4,56,-13.7,-178,728,1,1.12,0.70,12514,1,1.12,0.70,12514
2026-05-09 15:39:30,1,1,1,817.1,64,-14.0,-197,793,1,1.12,0.70,12514,1,1.12,0.70,12514
2026-05-09 15:39:30,1,1,1,817.1,64,-14.0,-197,793,1,1.12,0.70,12514,1,1.12,0.70,12514
2026-05-09 15:39:30,1,1,1,878.7,56,-13.9,-211,853,1,1.12,0.70,12514,1,1.12,0.70,12514
2026-05-09 15:39:30,1,1,1,878.7,56,-13.9,-211,853,1,1.12,0.70,12514,1,1.12,0.70,12514
2026-05-09 15:39:30,1,1,1,942.3,79,-13.6,-221,916,1,1.12,0.70,12514,1,1.12,0.70,12514
2026-05-09 15:39:30,1,1,1,1001.7,79,-12.7,-221,977,1,1.12,0.70,12514,1,1.12,0.70,12514
2026-05-09 15:39:30,1,1,1,1001.7,79,-12.7,-221,977,1,1.12,0.70,12514,1,1.12,0.70,12514
2026-05-09 15:39:30,1,1,1,1065.8,79,-12.1,-224,1042,1,1.12,0.70,12514,1,1.12,0.70,12514
2026-05-09 15:39:30,1,1,1,1065.8,79,-12.1,-224,1042,1,1.12,0.70,12514,1,1.12,0.70,12514
2026-05-09 15:39:30,1,1,1,1128.9,64,-11.8,-231,1105,1,1.12,0.70,12514,1,1.12,0.70,12514
2026-05-09 15:39:30,1,1,1,1128.9,64,-11.8,-231,1105,1,1.12,0.70,12514,1,1.12,0.70,12514
2026-05-09 15:39:30,1,1,1,1188.7,56,-11.2,-231,1166,1,1.12,0.70,12514,1,1.12,0.70,12514
2026-05-09 15:39:30,1,1,1,1249.8,64,-10.0,-216,1231,1,0.00,0.00,0,0,0.00,0.00,0
2026-05-09 15:39:31,1,1,1,1249.8,64,-10.0,-216,1231,1,0.00,0.00,0,0,0.00,0.00,0
2026-05-09 15:39:31,1,1,1,1301.7,64,-7.7,-174,1290,1,0.00,0.00,0,0,0.00,0.00,0
2026-05-09 15:39:31,1,1,1,1301.7,64,-7.7,-174,1290,1,3.18,0.05,1405,1,3.18,0.05,1405
2026-05-09 15:39:31,1,1,1,1347.4,72,-6.0,-141,1340,1,3.18,0.05,1405,1,3.18,0.05,1405
2026-05-09 15:39:31,1,1,1,1347.4,72,-6.0,-141,1340,1,2.50,0.35,44244,1,2.50,0.35,44244
2026-05-09 15:39:31,1,1,1,1404.3,79,-4.5,-110,1400,1,2.50,0.35,44244,1,2.50,0.35,44244
2026-05-09 15:39:31,1,1,1,1404.3,79,-4.5,-110,1400,1,2.54,0.35,44244,1,2.54,0.35,44244
2026-05-09 15:39:31,1,1,1,1471.6,79,-3.4,-88,1469,1,2.54,0.35,44244,1,2.54,0.35,44244
2026-05-09 15:39:31,1,1,1,1538.4,64,-2.5,-66,1537,1,2.40,0.44,49517,1,2.40,0.44,49517
2026-05-09 15:39:31,1,1,1,1538.4,64,-2.5,-66,1537,1,2.40,0.44,49517,1,2.40,0.44,49517
2026-05-09 15:39:31,1,1,1,1599.2,56,-0.9,-24,1599,1,2.44,0.44,49517,1,2.44,0.44,49517
2026-05-09 15:39:31,1,1,1,1599.2,56,-0.9,-24,1599,1,2.44,0.44,49517,1,2.44,0.44,49517
2026-05-09 15:39:31,1,1,1,1659.1,64,0.6,16,1659,1,2.44,0.44,49517,1,2.44,0.44,49517
2026-05-09 15:39:31,1,1,1,1659.1,64,0.6,16,1659,1,2.44,0.44,49517,1,2.44,0.44,49517
2026-05-09 15:39:31,1,1,1,1726.9,0,1.8,55,1726,1,2.44,0.44,49517,1,2.44,0.44,49517
2026-05-09 15:39:31,1,1,1,1933.0,0,-0.3,-9,1933,1,2.44,0.44,49517,1,2.44,0.44,49517
2026-05-09 15:39:31,1,1,1,1933.0,0,-0.3,-9,1933,1,2.44,0.44,49517,1,2.44,0.44,49517
2026-05-09 15:39:31,1,1,1,2125.3,0,-2.6,-98,2123,1,2.44,0.44,49517,1,2.44,0.44,49517
2026-05-09 15:39:31,1,1,1,2125.3,0,-2.6,-98,2123,1,2.26,0.52,19573,1,2.26,0.52,19573
2026-05-09 15:39:31,1,1,1,2300.9,0,-5.8,-234,2289,1,2.26,0.52,19573,1,2.26,0.52,19573
2026-05-09 15:39:32,1,1,1,2300.9,0,-5.8,-234,2289,1,2.31,0.52,19573,1,2.31,0.52,19573
2026-05-09 15:39:32,1,1,1,2461.9,0,-8.0,-342,2438,1,2.31,0.52,19573,1,2.31,0.52,19573
2026-05-09 15:39:32,1,1,1,2461.9,0,-8.0,-342,2438,1,2.31,0.52,19573,1,2.31,0.52,19573
2026-05-09 15:39:32,1,1,1,2616.1,0,-9.8,-445,2578,1,2.31,0.52,19573,1,2.31,0.52,19573
2026-05-09 15:39:32,1,1,1,2744.3,48,-11.0,-523,2694,1,2.31,0.52,19573,1,2.31,0.52,19573
2026-05-09 15:39:32,1,1,1,2744.3,48,-11.0,-523,2694,1,2.31,0.52,19573,1,2.31,0.52,19573
2026-05-09 15:39:32,1,1,1,2676.1,56,-8.0,-373,2650,1,2.31,0.52,19573,1,2.31,0.52,19573
2026-05-09 15:39:32,1,1,1,2676.1,56,-8.0,-373,2650,1,2.31,0.52,19573,1,2.31,0.52,19573
2026-05-09 15:39:32,1,1,1,2597.8,56,-4.7,-214,2589,1,2.31,0.52,19573,1,2.31,0.52,19573
2026-05-09 15:39:32,1,1,1,2597.8,56,-4.7,-214,2589,1,2.31,0.52,19573,1,2.31,0.52,19573
2026-05-09 15:39:32,1,1,1,2537.9,64,-1.5,-68,2537,1,2.31,0.52,19573,1,2.31,0.52,19573
2026-05-09 15:39:32,1,1,1,2500.6,39,1.3,57,2500,1,2.31,0.52,19573,1,2.31,0.52,19573
2026-05-09 15:39:32,1,1,1,2500.6,39,1.3,57,2500,1,2.31,0.52,19573,1,2.31,0.52,19573
2026-05-09 15:39:32,1,1,1,2485.1,39,3.3,142,2481,1,0.00,0.00,0,0,0.00,0.00,0
2026-05-09 15:39:32,1,1,1,2485.1,39,3.3,142,2481,1,0.00,0.00,0,0,0.00,0.00,0
2026-05-09 15:39:32,1,1,1,2474.1,8,4.6,200,2466,1,0.00,0.00,0,0,0.00,0.00,0
2026-05-09 15:39:32,1,1,1,2474.1,8,4.6,200,2466,1,0.00,0.00,0,0,0.00,0.00,0
2026-05-09 15:39:32,1,1,1,2482.6,24,5.5,240,2471,1,0.00,0.00,0,0,0.00,0.00,0
2026-05-09 15:39:32,1,1,1,2482.6,24,5.5,240,2471,0,0.00,0.00,0,0,0.00,0.00,0
2026-05-09 15:39:32,1,1,1,2497.7,16,5.8,252,2485,0,0.00,0.00,0,0,0.00,0.00,0
2026-05-09 15:39:33,1,1,1,2509.7,24,6.0,262,2496,0,0.00,0.00,0,0,0.00,0.00,0
2026-05-09 15:39:33,1,1,1,2509.7,24,6.0,262,2496,0,0.00,0.00,0,0,0.00,0.00,0
2026-05-09 15:39:33,1,1,1,2519.6,24,6.2,271,2505,0,0.00,0.00,0,0,0.00,0.00,0
2026-05-09 15:39:33,1,1,1,2519.6,24,6.2,271,2505,0,0.00,0.00,0,0,0.00,0.00,0
2026-05-09 15:39:33,1,1,1,2527.7,16,6.4,281,2512,0,0.00,0.00,0,0,0.00,0.00,0
2026-05-09 15:39:33,1,1,1,2527.7,16,6.4,281,2512,0,0.00,0.00,0,0,0.00,0.00,0
2026-05-09 15:39:33,1,1,1,2534.2,-16,6.5,286,2518,0,0.00,0.00,0,1,2.60,-0.20,3461
2026-05-09 15:39:33,1,1,1,2541.9,0,6.4,284,2526,0,0.00,0.00,0,1,2.60,-0.20,3461
2026-05-09 15:39:33,1,1,1,2541.9,0,6.4,284,2526,1,2.58,-0.20,3461,1,2.58,-0.20,3461
2026-05-09 15:39:33,1,1,1,2557.2,0,6.6,296,2540,1,2.58,-0.20,3461,1,2.58,-0.20,3461
2026-05-09 15:39:33,1,1,1,2557.2,0,6.6,296,2540,1,2.58,-0.20,3461,1,2.58,-0.20,3461
2026-05-09 15:39:33,1,1,1,2581.3,0,6.6,298,2564,1,2.58,-0.20,3461,1,2.58,-0.20,3461
2026-05-09 15:39:33,1,1,1,2581.3,0,6.6,298,2564,1,2.58,-0.20,3461,1,2.58,-0.20,3461
2026-05-09 15:39:33,1,1,1,2590.4,-32,6.7,300,2573,1,2.58,-0.20,3461,1,2.58,-0.20,3461
2026-05-09 15:39:33,1,1,1,2590.4,-32,6.7,300,2573,1,2.58,-0.20,3461,1,2.58,-0.20,3461
2026-05-09 15:39:33,1,1,1,2603.7,0,6.5,294,2587,1,2.58,-0.20,3461,1,2.58,-0.20,3461
2026-05-09 15:39:33,1,1,1,2604.8,-48,6.5,295,2588,1,2.58,-0.20,3461,1,2.58,-0.20,3461
2026-05-09 15:39:33,1,1,1,2604.8,-48,6.5,295,2588,1,2.58,-0.20,3461,1,2.58,-0.20,3461
2026-05-09 15:39:33,1,1,1,2599.5,-48,6.3,283,2584,1,2.58,-0.20,3461,1,2.58,-0.20,3461
2026-05-09 15:39:33,1,1,1,2599.5,-48,6.3,283,2584,1,2.58,-0.20,3461,1,2.58,-0.20,3461
2026-05-09 15:39:34,1,1,1,2594.9,-32,6.2,278,2580,1,2.58,-0.20,3461,1,2.58,-0.20,3461
2026-05-09 15:39:34,1,1,1,2594.9,-32,6.2,278,2580,1,0.00,0.00,0,0,0.00,0.00,0
2026-05-09 15:39:34,1,1,1,2591.0,-48,6.0,269,2577,1,0.00,0.00,0,0,0.00,0.00,0
2026-05-09 15:39:34,1,1,1,2580.5,0,5.2,233,2570,1,0.00,0.00,0,0,0.00,0.00,0
2026-05-09 15:39:34,1,1,1,2580.5,0,5.2,233,2570,1,0.00,0.00,0,0,0.00,0.00,0
2026-05-09 15:39:34,1,1,1,2611.2,0,3.6,164,2606,1,0.00,0.00,0,0,0.00,0.00,0
2026-05-09 15:39:34,1,1,1,2611.2,0,3.6,164,2606,0,0.00,0.00,0,0,0.00,0.00,0
2026-05-09 15:39:34,1,1,1,2696.1,0,0.4,18,2696,0,0.00,0.00,0,0,0.00,0.00,0
2026-05-09 15:39:34,1,1,1,2696.1,0,0.4,18,2696,0,0.00,0.00,0,0,0.00,0.00,0
2026-05-09 15:39:34,1,1,1,2787.7,-79,-2.5,-123,2785,0,0.00,0.00,0,0,0.00,0.00,0
2026-05-09 15:39:34,1,1,1,2787.7,-79,-2.5,-123,2785,0,0.00,0.00,0,0,0.00,0.00,0
2026-05-09 15:39:34,1,1,1,2721.8,-79,-3.4,-162,2717,0,0.00,0.00,0,0,0.00,0.00,0
2026-05-09 15:39:34,1,1,1,2621.8,-72,-3.8,-174,2616,0,0.00,0.00,0,0,0.00,0.00,0
2026-05-09 15:39:34,1,1,1,2621.8,-72,-3.8,-174,2616,0,0.00,0.00,0,0,0.00,0.00,0
2026-05-09 15:39:34,1,1,1,2517.8,-64,-4.2,-185,2511,0,0.00,0.00,0,0,0.00,0.00,0
2026-05-09 15:39:34,1,1,1,2517.8,-64,-4.2,-185,2511,0,0.00,0.00,0,0,0.00,0.00,0
2026-05-09 15:39:34,1,1,1,2418.8,-48,-4.0,-168,2413,0,0.00,0.00,0,0,0.00,0.00,0
2026-05-09 15:39:34,1,1,1,2418.8,-48,-4.0,-168,2413,0,0.00,0.00,0,0,0.00,0.00,0
2026-05-09 15:39:34,1,1,1,2341.1,-64,-3.0,-121,2338,0,0.00,0.00,0,0,0.00,0.00,0
2026-05-09 15:39:34,1,1,1,2266.5,-72,-2.1,-82,2265,0,0.00,0.00,0,0,0.00,0.00,0
2026-05-09 15:39:35,1,1,1,2266.5,-72,-2.1,-82,2265,0,0.00,0.00,0,0,0.00,0.00,0
2026-05-09 15:39:35,1,1,1,2186.1,-96,-1.8,-69,2185,0,0.00,0.00,0,0,0.00,0.00,0
2026-05-09 15:39:35,1,1,1,2186.1,-96,-1.8,-69,2185,0,0.00,0.00,0,1,1.82,-0.87,19914
2026-05-09 15:39:35,1,1,1,2096.6,-79,-2.2,-81,2095,0,0.00,0.00,0,1,1.82,-0.87,19914
2026-05-09 15:39:35,1,1,1,2096.6,-79,-2.2,-81,2095,1,1.74,-0.87,19914,1,1.74,-0.87,19914
2026-05-09 15:39:35,1,1,1,2009.2,-72,-2.7,-95,2007,1,1.74,-0.87,19914,1,1.74,-0.87,19914
2026-05-09 15:39:35,1,1,1,2009.2,-72,-2.7,-95,2007,1,1.74,-0.87,19914,1,1.74,-0.87,19914
2026-05-09 15:39:35,1,1,1,1914.1,-72,-3.3,-109,1911,1,1.74,-0.87,19914,1,1.74,-0.87,19914
2026-05-09 15:39:35,1,1,1,1835.6,-79,-3.6,-115,1832,1,1.74,-0.87,19914,1,1.74,-0.87,19914
2026-05-09 15:39:35,1,1,1,1835.6,-79,-3.6,-115,1832,1,1.74,-0.87,19914,1,1.74,-0.87,19914
2026-05-09 15:39:45,1,1,1,557.5,-88,21.7,206,518,1,0.48,-0.44,60625,1,0.48,-0.44,60625
2026-05-09 15:39:45,1,1,1,525.1,-24,23.9,213,480,1,0.48,-0.44,60625,1,0.48,-0.44,60625
2026-05-09 15:39:45,1,1,1,525.1,-24,23.9,213,480,1,0.48,-0.44,60625,1,0.48,-0.44,60625
2026-05-09 15:39:45,1,1,1,498.5,39,22.7,192,460,1,0.48,-0.44,60625,1,0.48,-0.44,60625
2026-05-09 15:39:45,1,1,1,498.5,39,22.7,192,460,1,0.48,-0.44,60625,1,0.48,-0.44,60625
2026-05-09 15:39:45,1,1,1,469.4,16,21.8,174,436,1,0.48,-0.44,60625,1,0.48,-0.44,60625
2026-05-09 15:39:45,1,1,1,469.4,16,21.8,174,436,1,0.48,-0.44,60625,1,0.48,-0.44,60625
2026-05-09 15:39:45,1,1,1,440.1,32,20.2,152,413,1,0.48,-0.44,60625,1,0.48,-0.44,60625
2026-05-09 15:39:45,1,1,1,415.9,56,17.3,124,397,1,0.48,-0.44,60625,1,0.48,-0.44,60625
2026-05-09 15:39:45,1,1,1,415.9,56,17.3,124,397,1,0.00,0.00,0,0,0.00,0.00,0
2026-05-09 15:39:46,1,1,1,400.7,64,13.3,92,390,1,0.00,0.00,0,0,0.00,0.00,0
2026-05-09 15:39:46,1,1,1,400.7,64,13.3,92,390,1,0.00,0.00,0,0,0.00,0.00,0
2026-05-09 15:39:46,1,1,1,392.0,72,8.2,56,388,1,0.54,0.71,30397,1,0.54,0.71,30397
2026-05-09 15:39:46,1,1,1,392.0,72,8.2,56,388,1,0.54,0.71,30397,1,0.54,0.71,30397
2026-05-09 15:39:46,1,1,1,411.4,56,2.5,18,411,1,0.61,0.71,30397,1,0.61,0.71,30397
2026-05-09 15:39:46,1,1,1,411.4,56,2.5,18,411,1,0.61,0.71,30397,1,0.61,0.71,30397
2026-05-09 15:39:46,1,1,1,449.5,64,-2.8,-22,449,1,0.71,0.72,29913,1,0.71,0.72,29913
2026-05-09 15:39:46,1,1,1,495.9,64,-6.3,-54,493,1,0.71,0.72,29913,1,0.71,0.72,29913
2026-05-09 15:39:46,1,1,1,495.9,64,-6.3,-54,493,1,0.79,0.72,29913,1,0.79,0.72,29913
2026-05-09 15:39:46,1,1,1,549.5,72,-8.8,-84,543,1,0.79,0.72,29913,1,0.79,0.72,29913
2026-05-09 15:39:46,1,1,1,549.5,72,-8.8,-84,543,1,0.91,0.75,37149,1,0.91,0.75,37149
2026-05-09 15:39:46,1,1,1,600.7,96,-12.7,-132,586,1,0.91,0.75,37149,1,0.91,0.75,37149
2026-05-09 15:39:46,1,1,1,600.7,96,-12.7,-132,586,1,0.99,0.75,37149,1,0.99,0.75,37149
2026-05-09 15:39:46,1,1,1,659.7,104,-16.6,-189,632,1,0.99,0.75,37149,1,0.99,0.75,37149
2026-05-09 15:39:46,1,1,1,732.1,79,-18.6,-233,694,1,1.06,0.81,39412,1,1.06,0.81,39412
2026-05-09 15:39:46,1,1,1,732.1,79,-18.6,-233,694,1,1.06,0.81,39412,1,1.06,0.81,39412
2026-05-09 15:39:46,1,1,1,803.4,88,-21.0,-288,750,1,1.17,0.81,51570,1,1.17,0.81,51570
2026-05-09 15:39:46,1,1,1,803.4,88,-21.0,-288,750,1,1.17,0.81,51570,1,1.17,0.81,51570
2026-05-09 15:39:46,1,1,1,879.8,79,-21.6,-324,818,1,1.24,0.79,17810,1,1.24,0.79,17810
2026-05-09 15:39:46,1,1,1,879.8,79,-21.6,-324,818,1,1.24,0.79,17810,1,1.24,0.79,17810
2026-05-09 15:39:47,1,1,1,955.2,88,-21.9,-357,886,1,1.33,0.83,29585,1,1.33,0.83,29585
2026-05-09 15:39:47,1,1,1,955.2,88,-21.9,-357,886,1,1.33,0.83,29585,1,1.33,0.83,29585
2026-05-09 15:39:47,1,1,1,1033.2,96,-21.4,-377,962,1,1.41,0.76,32405,1,1.41,0.76,32405
2026-05-09 15:39:47,1,1,1,1109.0,104,-21.5,-406,1032,1,1.41,0.76,32405,1,1.41,0.76,32405
2026-05-09 15:39:47,1,1,1,1109.0,104,-21.5,-406,1032,1,1.51,0.84,49730,1,1.51,0.84,49730
2026-05-09 15:39:47,1,1,1,1193.9,119,-21.2,-432,1113,1,1.51,0.84,49730,1,1.51,0.84,49730
2026-05-09 15:39:47,1,1,1,1193.9,119,-21.2,-432,1113,1,1.59,0.86,43812,1,1.59,0.86,43812
2026-05-09 15:39:47,1,1,1,1272.4,88,-21.7,-471,1182,1,1.59,0.86,43812,1,1.59,0.86,43812
2026-05-09 15:39:47,1,1,1,1272.4,88,-21.7,-471,1182,1,1.68,0.84,38993,1,1.68,0.84,38993
2026-05-09 15:39:47,1,1,1,1338.5,79,-24.0,-544,1223,1,1.68,0.84,38993,1,1.68,0.84,38993
2026-05-09 15:39:47,1,1,1,1406.1,72,-26.1,-618,1263,1,1.77,0.84,38993,1,1.77,0.84,38993
2026-05-09 15:39:47,1,1,1,1406.1,72,-26.1,-618,1263,1,1.77,0.84,38993,1,1.77,0.84,38993
2026-05-09 15:39:47,1,1,1,1474.0,72,-28.0,-691,1302,1,1.77,0.84,38993,1,1.77,0.84,38993
2026-05-09 15:39:47,1,1,1,1474.0,72,-28.0,-691,1302,1,1.77,0.84,38993,1,1.77,0.84,38993
2026-05-09 15:39:47,1,1,1,1534.8,79,-29.9,-766,1330,1,1.77,0.84,38993,1,1.77,0.84,38993
2026-05-09 15:39:47,1,1,1,1534.8,79,-29.9,-766,1330,1,1.77,0.84,38993,1,1.77,0.84,38993
2026-05-09 15:39:47,1,1,1,1591.2,88,-32.6,-858,1340,1,1.77,0.84,38993,1,1.77,0.84,38993
2026-05-09 15:39:47,1,1,1,1591.2,88,-32.6,-858,1340,1,1.77,0.84,38993,1,1.77,0.84,38993
2026-05-09 15:39:47,1,1,1,1653.4,96,-34.9,-946,1356,1,2.11,0.74,10001,1,2.11,0.74,10001
2026-05-09 15:39:47,1,1,1,1729.0,64,-36.0,-1016,1399,1,2.11,0.74,10001,1,2.11,0.74,10001
2026-05-09 15:39:48,1,1,1,1729.0,64,-36.0,-1016,1399,1,2.18,0.74,10001,1,2.18,0.74,10001
2026-05-09 15:39:48,1,1,1,1819.2,0,-36.7,-1088,1458,1,2.18,0.74,10001,1,2.18,0.74,10001
2026-05-09 15:39:48,1,1,1,1819.2,0,-36.7,-1088,1458,1,2.25,0.72,6185,1,2.25,0.72,6185
2026-05-09 15:39:48,1,1,1,2054.2,0,-36.7,-1229,1646,1,2.25,0.72,6185,1,2.25,0.72,6185
2026-05-09 15:39:48,1,1,1,2054.2,0,-36.7,-1229,1646,1,2.30,0.72,7618,1,2.30,0.72,7618
2026-05-09 15:39:48,1,1,1,2288.4,0,-36.2,-1351,1847,1,2.30,0.72,7618,1,2.30,0.72,7618
2026-05-09 15:39:48,1,1,1,2288.4,0,-36.2,-1351,1847,1,2.40,0.73,3088,1,2.40,0.73,3088
2026-05-09 15:39:48,1,1,1,2491.5,0,-35.5,-1446,2029,1,2.40,0.73,3088,1,2.40,0.73,3088
2026-05-09 15:39:48,1,1,1,2665.0,88,-35.0,-1530,2182,1,2.48,0.73,3088,1,2.48,0.73,3088
2026-05-09 15:39:48,1,1,1,2665.0,88,-35.0,-1530,2182,1,2.48,0.73,3088,1,2.48,0.73,3088
2026-05-09 15:39:48,1,1,1,2625.6,88,-36.6,-1564,2109,1,2.48,0.73,3088,1,2.48,0.73,3088
2026-05-09 15:39:48,1,1,1,2625.6,88,-36.6,-1564,2109,1,2.48,0.73,3088,1,2.48,0.73,3088
2026-05-09 15:39:48,1,1,1,2593.0,88,-38.3,-1607,2035,1,2.48,0.73,3088,1,2.48,0.73,3088
2026-05-09 15:39:48,1,1,1,2593.0,88,-38.3,-1607,2035,1,2.48,0.73,3088,1,2.48,0.73,3088
2026-05-09 15:39:48,1,1,1,2574.7,16,-39.6,-1641,1984,1,2.48,0.73,3088,1,2.48,0.73,3088
2026-05-09 15:39:48,1,1,1,2568.5,64,-41.1,-1688,1936,1,2.48,0.73,3088,1,2.48,0.73,3088
2026-05-09 15:39:48,1,1,1,2568.5,64,-41.1,-1688,1936,1,1.25,0.24,346,1,1.25,0.24,346
2026-05-09 15:39:48,1,1,1,2579.4,56,-42.4,-1739,1905,1,1.25,0.24,346,1,1.25,0.24,346
2026-05-09 15:39:48,1,1,1,2579.4,56,-42.4,-1739,1905,1,1.27,0.24,346,1,1.27,0.24,346
2026-05-09 15:39:48,1,1,1,2592.1,64,-43.2,-1774,1890,1,1.27,0.24,346,1,1.27,0.24,346
2026-05-09 15:39:49,1,1,1,2592.1,64,-43.2,-1774,1890,1,1.27,0.24,346,1,1.27,0.24,346
2026-05-09 15:39:49,1,1,1,2632.3,79,-43.9,-1826,1896,0,0.00,0.00,0,1,1.27,0.24,346
2026-05-09 15:39:49,1,1,1,2632.3,79,-43.9,-1826,1896,0,0.00,0.00,0,1,1.27,0.24,346
2026-05-09 15:39:49,1,1,1,2670.0,64,-45.1,-1891,1885,0,0.00,0.00,0,1,1.27,0.24,346
2026-05-09 15:39:49,1,1,1,2726.9,48,-46.6,-1981,1874,0,0.00,0.00,0,1,1.25,0.02,530
2026-05-09 15:39:49,1,1,1,2726.9,48,-46.6,-1981,1874,0,0.00,0.00,0,1,1.25,0.02,530
2026-05-09 15:39:49,1,1,1,2763.1,39,-48.1,-2056,1846,0,0.00,0.00,0,1,1.25,0.02,530
2026-05-09 15:39:49,1,1,1,2763.1,39,-48.1,-2056,1846,0,0.00,0.00,0,1,1.25,0.02,530
2026-05-09 15:39:49,1,1,1,2797.0,32,-49.2,-2117,1828,0,0.00,0.00,0,1,1.25,0.02,530
2026-05-09 15:39:49,1,1,1,2797.0,32,-49.2,-2117,1828,0,0.00,0.00,0,1,1.25,0.02,530
2026-05-09 15:39:49,1,1,1,2832.2,32,-50.2,-2175,1814,0,0.00,0.00,0,1,1.25,0.02,530
2026-05-09 15:39:49,1,1,1,2850.0,39,-51.2,-2221,1786,0,0.00,0.00,0,1,1.25,0.02,530
2026-05-09 15:39:49,1,1,1,2850.0,39,-51.2,-2221,1786,0,0.00,0.00,0,1,1.25,0.02,530
2026-05-09 15:39:49,1,1,1,2863.0,39,-52.2,-2262,1755,0,0.00,0.00,0,1,1.25,0.02,530
2026-05-09 15:39:49,1,1,1,2863.0,39,-52.2,-2262,1755,0,0.00,0.00,0,1,1.24,-0.18,250
2026-05-09 15:39:49,1,1,1,2900.0,32,-52.9,-2314,1748,0,0.00,0.00,0,1,1.24,-0.18,250
2026-05-09 15:39:49,1,1,1,2900.0,32,-52.9,-2314,1748,0,0.00,0.00,0,1,1.23,-0.18,250
2026-05-09 15:39:49,1,1,1,2940.5,32,-53.6,-2366,1746,0,0.00,0.00,0,1,1.23,-0.18,250
2026-05-09 15:39:49,1,1,1,2940.5,32,-53.6,-2366,1746,0,0.00,0.00,0,1,1.23,-0.09,106
2026-05-09 15:39:49,1,1,1,2980.4,32,-54.1,-2414,1748,0,0.00,0.00,0,1,1.23,-0.09,106
2026-05-09 15:39:50,1,1,1,3033.8,0,-54.5,-2469,1763,0,0.00,0.00,0,1,1.23,-0.09,106
2026-05-09 15:39:50,1,1,1,3033.8,0,-54.5,-2469,1763,0,0.00,0.00,0,1,1.23,-0.09,106
2026-05-09 15:39:50,1,1,1,3069.8,32,-54.2,-2491,1794,0,0.00,0.00,0,1,1.23,-0.09,106
2026-05-09 15:39:50,1,1,1,3069.8,32,-54.2,-2491,1794,0,0.00,0.00,0,1,1.23,-0.09,106
2026-05-09 15:39:50,1,1,1,3103.9,32,-53.9,-2507,1830,0,0.00,0.00,0,1,1.23,-0.09,106
2026-05-09 15:39:50,1,1,1,3103.9,32,-53.9,-2507,1830,0,0.00,0.00,0,1,1.23,-0.09,106
2026-05-09 15:39:50,1,1,1,3150.5,0,-53.5,-2531,1876,0,0.00,0.00,0,1,1.23,-0.09,106
2026-05-09 15:39:50,1,1,1,3166.4,-16,-53.4,-2542,1888,0,0.00,0.00,0,1,1.23,-0.09,106
2026-05-09 15:39:50,1,1,1,3166.4,-16,-53.4,-2542,1888,0,0.00,0.00,0,1,1.23,-0.09,106
2026-05-09 15:39:50,1,1,1,3178.0,-16,-53.3,-2549,1898,0,0.00,0.00,0,1,1.23,-0.09,106
2026-05-09 15:39:50,1,1,1,3178.0,-16,-53.3,-2549,1898,0,0.00,0.00,0,1,1.23,-0.09,106
2026-05-09 15:39:50,1,1,1,3166.5,-24,-53.5,-2545,1884,0,0.00,0.00,0,1,1.23,-0.09,106
2026-05-09 15:39:50,1,1,1,3166.5,-24,-53.5,-2545,1884,0,0.00,0.00,0,1,1.23,-0.09,106
2026-05-09 15:39:50,1,1,1,3147.9,-88,-53.5,-2530,1873,0,0.00,0.00,0,0,0.00,0.00,0
2026-05-09 15:39:50,1,1,1,3147.9,-88,-53.5,-2530,1873,0,0.00,0.00,0,0,0.00,0.00,0
2026-05-09 15:39:50,1,1,1,3138.5,-88,-53.5,-2522,1868,0,0.00,0.00,0,0,0.00,0.00,0
2026-05-09 15:39:50,1,1,1,3136.6,-48,-53.4,-2519,1869,0,0.00,0.00,0,0,0.00,0.00,0
2026-05-09 15:39:50,1,1,1,3136.6,-48,-53.4,-2519,1869,0,0.00,0.00,0,0,0.00,0.00,0
2026-05-09 15:39:50,1,1,1,3133.2,-39,-53.4,-2514,1870,0,0.00,0.00,0,0,0.00,0.00,0
2026-05-09 15:39:50,1,1,1,3133.2,-39,-53.4,-2514,1870,0,0.00,0.00,0,0,0.00,0.00,0
2026-05-09 15:39:51,1,1,1,3125.6,-88,-53.2,-2503,1872,0,0.00,0.00,0,0,0.00,0.00,0
2026-05-09 15:39:51,1,1,1,3125.6,-88,-53.2,-2503,1872,0,0.00,0.00,0,0,0.00,0.00,0
2026-05-09 15:39:51,1,1,1,3115.4,-79,-53.1,-2491,1871,0,0.00,0.00,0,1,3.05,-0.70,2650
2026-05-09 15:39:51,1,1,1,3101.6,-79,-53.1,-2479,1864,0,0.00,0.00,0,1,3.05,-0.70,2650
2026-05-09 15:39:51,1,1,1,3101.6,-79,-53.1,-2479,1864,0,0.00,0.00,0,1,2.99,-0.67,4905
2026-05-09 15:39:51,1,1,1,3087.4,-56,-53.0,-2465,1859,0,0.00,0.00,0,1,2.99,-0.67,4905
2026-05-09 15:39:51,1,1,1,3087.4,-56,-53.0,-2465,1859,1,2.92,-0.67,4905,1,2.92,-0.67,4905
2026-05-09 15:39:51,1,1,1,3069.2,-64,-52.8,-2446,1854,1,2.92,-0.67,4905,1,2.92,-0.67,4905
2026-05-09 15:39:51,1,1,1,3069.2,-64,-52.8,-2446,1854,1,2.82,-0.67,5476,1,2.82,-0.67,5476
2026-05-09 15:39:51,1,1,1,3050.7,-64,-52.6,-2425,1851,1,2.82,-0.67,5476,1,2.82,-0.67,5476
2026-05-09 15:39:51,1,1,1,3050.7,-64,-52.6,-2425,1851,1,2.75,-0.68,8905,1,2.75,-0.68,8905
2026-05-09 15:39:51,1,1,1,3030.3,-64,-52.4,-2400,1850,1,2.75,-0.68,8905,1,2.75,-0.68,8905
2026-05-09 15:39:51,1,1,1,2966.7,-64,-51.7,-2328,1839,1,2.64,-0.74,1649,1,2.64,-0.74,1649
2026-05-09 15:39:51,1,1,1,2966.7,-64,-51.7,-2328,1839,1,2.64,-0.74,1649,1,2.64,-0.74,1649
2026-05-09 15:39:51,1,1,1,2898.6,-56,-51.1,-2256,1820,1,2.56,-0.74,1649,1,2.56,-0.74,1649
2026-05-09 15:39:51,1,1,1,2898.6,-56,-51.1,-2256,1820,1,2.56,-0.74,1649,1,2.56,-0.74,1649
2026-05-09 15:39:51,1,1,1,2831.2,-64,-50.6,-2187,1798,1,2.50,-0.69,7972,1,2.50,-0.69,7972
2026-05-09 15:39:51,1,1,1,2831.2,-64,-50.6,-2187,1798,1,2.50,-0.69,7972,1,2.50,-0.69,7972
2026-05-09 15:39:51,1,1,1,2710.0,-56,-49.4,-2059,1762,1,2.42,-0.66,2621,1,2.42,-0.66,2621
2026-05-09 15:39:51,1,1,1,2611.1,-79,-47.9,-1937,1751,1,2.42,-0.66,2621,1,2.42,-0.66,2621
2026-05-09 15:39:52,1,1,1,2611.1,-79,-47.9,-1937,1751,1,2.34,-0.67,6442,1,2.34,-0.67,6442
2026-05-09 15:39:52,1,1,1,2519.6,-64,-46.5,-1828,1734,1,2.34,-0.67,6442,1,2.34,-0.67,6442
2026-05-09 15:39:52,1,1,1,2519.6,-64,-46.5,-1828,1734,1,2.45,-0.52,1088,1,2.45,-0.52,1088
2026-05-09 15:39:52,1,1,1,2445.9,0,-45.0,-1731,1728,1,2.45,-0.52,1088,1,2.45,-0.52,1088
2026-05-09 15:39:52,1,1,1,2445.9,0,-45.0,-1731,1728,1,2.54,-0.40,1105,1,2.54,-0.40,1105
2026-05-09 15:39:52,1,1,1,2358.6,-88,-43.9,-1635,1700,1,2.54,-0.40,1105,1,2.54,-0.40,1105
2026-05-09 15:39:52,1,1,1,2358.6,-88,-43.9,-1635,1700,1,2.43,-0.46,9010,1,2.43,-0.46,9010
2026-05-09 15:39:52,1,1,1,2271.2,-79,-43.0,-1548,1662,1,2.43,-0.46,9010,1,2.43,-0.46,9010
2026-05-09 15:39:52,1,1,1,2182.4,-79,-42.7,-1481,1603,1,2.33,-0.50,10312,1,2.33,-0.50,10312
2026-05-09 15:39:52,1,1,1,2182.4,-79,-42.7,-1481,1603,1,2.33,-0.50,10312,1,2.33,-0.50,10312
2026-05-09 15:39:52,1,1,1,2095.7,-72,-42.1,-1406,1554,1,2.28,-0.50,10312,1,2.28,-0.50,10312
2026-05-09 15:39:52,1,1,1,2095.7,-72,-42.1,-1406,1554,1,2.28,-0.50,10312,1,2.28,-0.50,10312
2026-05-09 15:39:52,1,1,1,2014.2,-79,-40.6,-1310,1530,1,2.16,-0.56,12341,1,2.16,-0.56,12341
2026-05-09 15:39:52,1,1,1,2014.2,-79,-40.6,-1310,1530,1,2.16,-0.56,12341,1,2.16,-0.56,12341
2026-05-09 15:39:52,1,1,1,1939.7,-72,-38.8,-1215,1512,1,2.11,-0.56,12341,1,2.11,-0.56,12341
2026-05-09 15:39:52,1,1,1,1939.7,-72,-38.8,-1215,1512,1,2.11,-0.56,12341,1,2.11,-0.56,12341
2026-05-09 15:39:52,1,1,1,1874.4,-72,-37.2,-1132,1494,1,2.00,-0.60,33577,1,2.00,-0.60,33577
2026-05-09 15:39:52,1,1,1,1811.7,-88,-34.8,-1035,1487,1,2.00,-0.60,33577,1,2.00,-0.60,33577
2026-05-09 15:39:52,1,1,1,1811.7,-88,-34.8,-1035,1487,1,2.13,-0.44,1193,1,2.13,-0.44,1193
2026-05-09 15:39:52,1,1,1,1743.1,-64,-32.8,-943,1466,1,2.13,-0.44,1193,1,2.13,-0.44,1193
2026-05-09 15:39:53,1,1,1,1743.1,-64,-32.8,-943,1466,1,2.01,-0.49,6442,1,2.01,-0.49,6442
2026-05-09 15:39:53,1,1,1,1676.6,-56,-30.9,-862,1438,1,2.01,-0.49,6442,1,2.01,-0.49,6442
2026-05-09 15:39:53,1,1,1,1676.6,-56,-30.9,-862,1438,1,1.96,-0.49,6442,1,1.96,-0.49,6442
2026-05-09 15:39:53,1,1,1,1623.9,-56,-29.3,-795,1416,1,1.96,-0.49,6442,1,1.96,-0.49,6442
2026-05-09 15:39:53,1,1,1,1576.9,-79,-26.9,-714,1406,1,1.85,-0.55,31617,1,1.85,-0.55,31617
2026-05-09 15:39:53,1,1,1,1576.9,-79,-26.9,-714,1406,1,1.85,-0.55,31617,1,1.85,-0.55,31617
2026-05-09 15:39:53,1,1,1,1534.5,-88,-24.1,-626,1401,1,1.99,-0.38,4580,1,1.99,-0.38,4580
2026-05-09 15:39:53,1,1,1,1534.5,-88,-24.1,-626,1401,1,1.99,-0.38,4580,1,1.99,-0.38,4580
2026-05-09 15:39:53,1,1,1,1488.4,-79,-21.5,-545,1385,1,1.95,-0.38,4580,1,1.95,-0.38,4580
2026-05-09 15:39:53,1,1,1,1488.4,-79,-21.5,-545,1385,1,1.95,-0.38,4580,1,1.95,-0.38,4580
2026-05-09 15:39:53,1,1,1,1421.8,-96,-19.6,-478,1339,1,1.80,-0.51,56978,1,1.80,-0.51,56978
2026-05-09 15:39:53,1,1,1,1421.8,-96,-19.6,-478,1339,1,1.80,-0.51,56978,1,1.80,-0.51,56978
2026-05-09 15:39:53,1,1,1,1345.9,-88,-18.5,-428,1276,1,1.75,-0.51,56978,1,1.75,-0.51,56978
2026-05-09 15:39:53,1,1,1,1270.0,-64,-18.0,-392,1208,1,1.75,-0.51,56978,1,1.75,-0.51,56978
2026-05-09 15:39:53,1,1,1,1270.0,-64,-18.0,-392,1208,1,1.75,-0.51,56978,1,1.75,-0.51,56978
2026-05-09 15:39:53,1,1,1,1187.0,-79,-17.4,-354,1133,1,1.75,-0.51,56978,1,1.75,-0.51,56978
2026-05-09 15:39:53,1,1,1,1187.0,-79,-17.4,-354,1133,1,1.75,-0.51,56978,1,1.75,-0.51,56978
2026-05-09 15:39:53,1,1,1,1099.9,-72,-16.4,-311,1055,1,1.75,-0.51,56978,1,1.75,-0.51,56978
2026-05-09 15:39:53,1,1,1,1099.9,-72,-16.4,-311,1055,1,1.75,-0.51,56978,1,1.75,-0.51,56978
2026-05-09 15:39:53,1,1,1,1024.5,-72,-15.3,-271,988,1,1.75,-0.51,56978,1,1.75,-0.51,56978
2026-05-09 15:39:54,1,1,1,952.7,-72,-13.6,-224,926,1,1.75,-0.51,56978,1,1.75,-0.51,56978
2026-05-09 15:39:54,1,1,1,952.7,-72,-13.6,-224,926,1,1.75,-0.51,56978,1,1.75,-0.51,56978
2026-05-09 15:39:54,1,1,1,873.0,-72,-12.3,-186,853,1,1.75,-0.51,56978,1,1.75,-0.51,56978
2026-05-09 15:39:54,1,1,1,873.0,-72,-12.3,-186,853,1,1.75,-0.51,56978,1,1.75,-0.51,56978
2026-05-09 15:39:54,1,1,1,792.1,-64,-11.2,-154,777,1,0.51,-0.68,4017,1,0.51,-0.68,4017
2026-05-09 15:39:54,1,1,1,792.1,-64,-11.2,-154,777,1,0.51,-0.68,4017,1,0.51,-0.68,4017
2026-05-09 15:39:54,1,1,1,727.3,-56,-9.7,-122,717,1,0.45,-0.68,4017,1,0.45,-0.68,4017
2026-05-09 15:39:54,1,1,1,727.3,-56,-9.7,-122,717,1,0.45,-0.68,4017,1,0.45,-0.68,4017
2026-05-09 15:39:54,1,1,1,676.8,-72,-9.8,-115,667,1,0.45,-0.68,4017,1,0.45,-0.68,4017
2026-05-09 15:39:54,1,1,1,625.7,-48,-9.0,-98,618,1,0.45,-0.68,4017,1,0.45,-0.68,4017
2026-05-09 15:39:54,1,1,1,625.7,-48,-9.0,-98,618,1,0.45,-0.68,4017,1,0.45,-0.68,4017
2026-05-09 15:39:54,1,1,1,578.4,-56,-7.8,-79,573,1,0.45,-0.68,4017,1,0.45,-0.68,4017
2026-05-09 15:39:54,1,1,1,578.4,-56,-7.8,-79,573,1,0.49,-0.69,14708,1,0.49,-0.69,14708
2026-05-09 15:39:54,1,1,1,531.0,-48,-6.1,-56,528,1,0.49,-0.69,14708,1,0.49,-0.69,14708
2026-05-09 15:39:54,1,1,1,531.0,-48,-6.1,-56,528,1,0.42,-0.69,14708,1,0.42,-0.69,14708
2026-05-09 15:39:54,1,1,1,478.1,-72,-5.4,-45,476,1,0.42,-0.69,14708,1,0.42,-0.69,14708
2026-05-09 15:39:54,1,1,1,432.0,-16,-4.0,-30,431,1,0.42,-0.69,14708,1,0.42,-0.69,14708
2026-05-09 15:39:54,1,1,1,432.0,-16,-4.0,-30,431,1,0.42,-0.69,14708,1,0.42,-0.69,14708
2026-05-09 15:39:54,1,1,1,392.1,24,-1.0,-7,392,1,0.42,-0.69,14708,1,0.42,-0.69,14708
2026-05-09 15:39:54,1,1,1,392.1,24,-1.0,-7,392,1,0.42,-0.69,14708,1,0.42,-0.69,14708
2026-05-09 15:39:55,1,1,1,360.8,48,3.8,24,360,1,0.42,-0.69,14708,1,0.42,-0.69,14708
2026-05-09 15:39:55,1,1,1,360.8,48,3.8,24,360,1,0.42,-0.69,14708,1,0.42,-0.69,14708
2026-05-09 15:39:55,1,1,1,350.7,48,9.4,57,346,1,0.61,0.50,35181,1,0.61,0.50,35181
2026-05-09 15:39:55,1,1,1,350.7,48,9.4,57,346,1,0.61,0.50,35181,1,0.61,0.50,35181
2026-05-09 15:39:55,1,1,1,363.3,24,12.2,77,355,1,0.59,0.63,54026,1,0.59,0.63,54026
2026-05-09 15:39:55,1,1,1,372.6,88,17.2,110,356,1,0.59,0.63,54026,1,0.59,0.63,54026
2026-05-09 15:39:55,1,1,1,372.6,88,17.2,110,356,1,0.61,0.75,58682,1,0.61,0.75,58682
2026-05-09 15:39:55,1,1,1,394.6,96,21.6,145,367,1,0.61,0.75,58682,1,0.61,0.75,58682
2026-05-09 15:39:55,1,1,1,394.6,96,21.6,145,367,1,0.69,0.75,58682,1,0.69,0.75,58682
2026-05-09 15:39:55,1,1,1,427.8,79,24.6,178,389,1,0.69,0.75,58682,1,0.69,0.75,58682
2026-05-09 15:39:55,1,1,1,427.8,79,24.6,178,389,1,0.69,0.75,58682,1,0.69,0.75,58682
2026-05-09 15:39:55,1,1,1,467.4,72,27.4,215,415,1,0.69,0.75,58682,1,0.69,0.75,58682
2026-05-09 15:39:55,1,1,1,512.5,72,28.8,247,449,1,0.69,0.75,58682,1,0.69,0.75,58682
2026-05-09 15:39:55,1,1,1,512.5,72,28.8,247,449,1,0.69,0.75,58682,1,0.69,0.75,58682
2026-05-09 15:39:55,1,1,1,564.4,72,29.7,280,490,1,0.85,0.72,34689,1,0.85,0.72,34689
2026-05-09 15:39:55,1,1,1,564.4,72,29.7,280,490,1,0.85,0.72,34689,1,0.85,0.72,34689
2026-05-09 15:39:55,1,1,1,620.6,79,29.3,304,541,1,0.96,0.78,13728,1,0.96,0.78,13728
2026-05-09 15:39:55,1,1,1,620.6,79,29.3,304,541,1,0.96,0.78,13728,1,0.96,0.78,13728
2026-05-09 15:39:55,1,1,1,684.6,96,29.3,335,597,1,1.05,0.92,22042,1,1.05,0.92,22042
2026-05-09 15:39:55,1,1,1,684.6,96,29.3,335,597,1,1.05,0.92,22042,1,1.05,0.92,22042
2026-05-09 15:39:56,1,1,1,755.5,96,29.6,373,657,1,1.14,0.92,22042,1,1.14,0.92,22042
2026-05-09 15:39:56,1,1,1,829.1,88,30.3,418,716,1,1.14,0.92,22042,1,1.14,0.92,22042
2026-05-09 15:39:56,1,1,1,829.1,88,30.3,418,716,1,1.14,0.92,22042,1,1.14,0.92,22042
2026-05-09 15:39:56,1,1,1,901.4,88,30.8,462,774,1,1.14,0.92,22042,1,1.14,0.92,22042
2026-05-09 15:39:56,1,1,1,901.4,88,30.8,462,774,1,1.14,0.92,22042,1,1.14,0.92,22042
2026-05-09 15:39:56,1,1,1,976.4,88,31.6,511,832,1,1.14,0.92,22042,1,1.14,0.92,22042
2026-05-09 15:39:56,1,1,1,976.4,88,31.6,511,832,1,1.14,0.92,22042,1,1.14,0.92,22042
2026-05-09 15:39:56,1,1,1,1053.2,96,31.6,552,897,1,1.14,0.92,22042,1,1.14,0.92,22042
2026-05-09 15:39:56,1,1,1,1134.1,96,31.9,599,963,1,1.52,0.95,33490,1,1.52,0.95,33490
2026-05-09 15:39:56,1,1,1,1134.1,96,31.9,599,963,1,1.52,0.95,33490,1,1.52,0.95,33490
2026-05-09 15:39:56,1,1,1,1213.5,104,31.8,640,1031,1,1.61,0.95,33490,1,1.61,0.95,33490
2026-05-09 15:39:56,1,1,1,1213.5,104,31.8,640,1031,1,1.61,0.95,33490,1,1.61,0.95,33490
2026-05-09 15:39:56,1,1,1,1294.2,112,32.0,685,1098,1,1.74,1.09,20117,1,1.74,1.09,20117
2026-05-09 15:39:56,1,1,1,1294.2,112,32.0,685,1098,1,1.74,1.09,20117,1,1.74,1.09,20117
2026-05-09 15:39:56,1,1,1,1386.7,136,32.2,738,1174,1,1.85,1.09,20117,1,1.85,1.09,20117
2026-05-09 15:39:56,1,1,1,1386.7,136,32.2,738,1174,1,1.85,1.09,20117,1,1.85,1.09,20117
2026-05-09 15:39:56,1,1,1,1470.3,88,32.0,779,1247,1,1.85,1.09,20117,1,1.85,1.09,20117
2026-05-09 15:39:56,1,1,1,1543.2,79,32.5,830,1301,1,1.85,1.09,20117,1,1.85,1.09,20117
2026-05-09 15:39:56,1,1,1,1543.2,79,32.5,830,1301,1,1.85,1.09,20117,1,1.85,1.09,20117
2026-05-09 15:39:56,1,1,1,1611.4,79,33.6,892,1342,1,1.85,1.09,20117,1,1.85,1.09,20117
2026-05-09 15:39:57,1,1,1,1611.4,79,33.6,892,1342,1,1.85,1.09,20117,1,1.85,1.09,20117
2026-05-09 15:39:57,1,1,1,1672.2,88,35.6,973,1360,1,1.85,1.09,20117,1,1.85,1.09,20117
2026-05-09 15:39:57,1,1,1,1672.2,88,35.6,973,1360,1,1.85,1.09,20117,1,1.85,1.09,20117
2026-05-09 15:39:57,1,1,1,1742.4,96,37.3,1056,1386,1,1.85,1.09,20117,1,1.85,1.09,20117
2026-05-09 15:39:57,1,1,1,1742.4,96,37.3,1056,1386,1,1.85,1.09,20117,1,1.85,1.09,20117
2026-05-09 15:39:57,1,1,1,1818.0,96,38.8,1139,1417,1,1.85,1.09,20117,1,1.85,1.09,20117
2026-05-09 15:39:57,1,1,1,1891.9,88,40.4,1227,1440,1,1.85,1.09,20117,1,1.85,1.09,20117
2026-05-09 15:39:57,1,1,1,1891.9,88,40.4,1227,1440,1,0.00,0.00,0,0,0.00,0.00,0
2026-05-09 15:39:57,1,1,1,1968.4,88,42.0,1318,1462,1,0.00,0.00,0,0,0.00,0.00,0
2026-05-09 15:39:57,1,1,1,1968.4,88,42.0,1318,1462,1,0.00,0.00,0,0,0.00,0.00,0
2026-05-09 15:39:57,1,1,1,2052.9,79,42.8,1394,1507,1,2.49,0.72,2570,1,2.49,0.72,2570
2026-05-09 15:39:57,1,1,1,2052.9,79,42.8,1394,1507,1,2.49,0.72,2570,1,2.49,0.72,2570
2026-05-09 15:39:57,1,1,1,2128.8,79,43.9,1475,1535,1,2.56,0.75,5378,1,2.56,0.75,5378
2026-05-09 15:39:57,1,1,1,2207.0,88,44.5,1548,1573,1,2.56,0.75,5378,1,2.56,0.75,5378
2026-05-09 15:39:57,1,1,1,2207.0,88,44.5,1548,1573,1,2.63,0.75,5378,1,2.63,0.75,5378
2026-05-09 15:39:57,1,1,1,2293.2,104,44.9,1618,1625,1,2.63,0.75,5378,1,2.63,0.75,5378
2026-05-09 15:39:57,1,1,1,2293.2,104,44.9,1618,1625,1,2.63,0.75,5378,1,2.63,0.75,5378
2026-05-09 15:39:57,1,1,1,2374.6,96,45.6,1696,1662,1,2.63,0.75,5378,1,2.63,0.75,5378
2026-05-09 15:39:57,1,1,1,2374.6,96,45.6,1696,1662,1,2.63,0.75,5378,1,2.63,0.75,5378
2026-05-09 15:39:57,1,1,1,2456.7,104,45.8,1760,1714,1,2.63,0.75,5378,1,2.63,0.75,5378
2026-05-09 15:39:58,1,1,1,2456.7,104,45.8,1760,1714,1,2.63,0.75,5378,1,2.63,0.75,5378
2026-05-09 15:39:58,1,1,1,2533.6,72,46.3,1833,1749,1,2.63,0.75,5378,1,2.63,0.75,5378
2026-05-09 15:39:58,1,1,1,2630.8,72,47.1,1928,1790,1,3.02,0.72,3136,1,3.02,0.72,3136
2026-05-09 15:39:58,1,1,1,2630.8,72,47.1,1928,1790,1,3.02,0.72,3136,1,3.02,0.72,3136
2026-05-09 15:39:58,1,1,1,2706.9,79,47.9,2010,1813,1,3.09,0.72,3136,1,3.09,0.72,3136
2026-05-09 15:39:58,1,1,1,2706.9,79,47.9,2010,1813,1,3.09,0.72,3136,1,3.09,0.72,3136
2026-05-09 15:39:58,1,1,1,2770.8,88,48.6,2077,1834,1,3.09,0.72,3136,1,3.09,0.72,3136
2026-05-09 15:39:58,1,1,1,2770.8,88,48.6,2077,1834,1,3.09,0.72,3136,1,3.09,0.72,3136
2026-05-09 15:39:58,1,1,1,2837.1,96,49.1,2144,1858,1,3.09,0.72,3136,1,3.09,0.72,3136
2026-05-09 15:39:58,1,1,1,2906.2,88,49.4,2206,1892,1,3.09,0.72,3136,1,3.09,0.72,3136
2026-05-09 15:39:58,1,1,1,2906.2,88,49.4,2206,1892,1,3.09,0.72,3136,1,3.09,0.72,3136
2026-05-09 15:39:58,1,1,1,2972.9,72,49.6,2263,1928,1,3.09,0.72,3136,1,3.09,0.72,3136
2026-05-09 15:39:58,1,1,1,2972.9,72,49.6,2263,1928,1,3.09,0.72,3136,1,3.09,0.72,3136
2026-05-09 15:39:58,1,1,1,3040.8,64,49.5,2313,1974,1,3.09,0.72,3136,1,3.09,0.72,3136
2026-05-09 15:39:58,1,1,1,3040.8,64,49.5,2313,1974,1,3.09,0.72,3136,1,3.09,0.72,3136
2026-05-09 15:39:58,1,1,1,3103.5,39,49.6,2363,2012,1,3.09,0.72,3136,1,3.09,0.72,3136
2026-05-09 15:39:58,1,1,1,3103.5,39,49.6,2363,2012,1,3.09,0.72,3136,1,3.09,0.72,3136
2026-05-09 15:39:58,1,1,1,3158.3,48,49.9,2417,2033,1,0.00,0.00,0,0,0.00,0.00,0
2026-05-09 15:39:58,1,1,1,3224.5,112,50.0,2469,2074,1,0.00,0.00,0,0,0.00,0.00,0
2026-05-09 15:39:58,1,1,1,3224.5,112,50.0,2469,2074,1,0.00,0.00,0,0,0.00,0.00,0
2026-05-09 15:39:59,1,1,1,3274.1,56,49.6,2495,2120,1,0.00,0.00,0,0,0.00,0.00,0
2026-05-09 15:39:59,1,1,1,3274.1,56,49.6,2495,2120,1,0.00,0.00,0,0,0.00,0.00,0
2026-05-09 15:39:59,1,1,1,3322.7,32,49.3,2518,2168,0,0.00,0.00,0,0,0.00,0.00,0
2026-05-09 15:39:59,1,1,1,3322.7,32,49.3,2518,2168,0,0.00,0.00,0,0,0.00,0.00,0
2026-05-09 15:39:59,1,1,1,3362.7,16,49.0,2538,2206,0,0.00,0.00,0,0,0.00,0.00,0
2026-05-09 15:39:59,1,1,1,3399.2,16,48.7,2555,2242,0,0.00,0.00,0,0,0.00,0.00,0
2026-05-09 15:39:59,1,1,1,3399.2,16,48.7,2555,2242,0,0.00,0.00,0,0,0.00,0.00,0
2026-05-09 15:39:59,1,1,1,3436.0,8,48.1,2558,2294,0,0.00,0.00,0,0,0.00,0.00,0
2026-05-09 15:39:59,1,1,1,3436.0,8,48.1,2558,2294,0,0.00,0.00,0,0,0.00,0.00,0
2026-05-09 15:39:59,1,1,1,3497.8,8,47.7,2588,2353,0,0.00,0.00,0,0,0.00,0.00,0
2026-05-09 15:39:59,1,1,1,3497.8,8,47.7,2588,2353,0,0.00,0.00,0,0,0.00,0.00,0
2026-05-09 15:39:59,1,1,1,3563.2,8,47.3,2620,2415,0,0.00,0.00,0,0,0.00,0.00,0
2026-05-09 15:39:59,1,1,1,3563.2,8,47.3,2620,2415,0,0.00,0.00,0,0,0.00,0.00,0
2026-05-09 15:39:59,1,1,1,3619.5,8,47.2,2655,2460,0,0.00,0.00,0,0,0.00,0.00,0
2026-05-09 15:39:59,1,1,1,3638.7,-16,47.5,2682,2459,0,0.00,0.00,0,0,0.00,0.00,0
2026-05-09 15:39:59,1,1,1,3638.7,-16,47.5,2682,2459,0,0.00,0.00,0,0,0.00,0.00,0
2026-05-09 15:39:59,1,1,1,3651.8,-16,47.9,2708,2450,0,0.00,0.00,0,1,3.66,0.02,410
2026-05-09 15:39:59,1,1,1,3651.8,-16,47.9,2708,2450,0,0.00,0.00,0,1,3.66,0.02,410
2026-05-09 15:39:59,1,1,1,3644.2,-32,47.9,2704,2443,0,0.00,0.00,0,1,3.66,0.02,410
2026-05-09 15:39:59,1,1,1,3644.2,-32,47.9,2704,2443,0,0.00,0.00,0,1,3.66,0.02,410
2026-05-09 15:40:00,1,1,1,3639.6,-24,47.8,2697,2444,0,0.00,0.00,0,1,3.66,0.02,410
2026-05-09 15:40:00,1,1,1,3631.6,-39,47.7,2688,2442,0,0.00,0.00,0,1,3.66,0.02,410
2026-05-09 15:40:00,1,1,1,3631.6,-39,47.7,2688,2442,0,0.00,0.00,0,1,3.66,0.02,410
2026-05-09 15:40:00,1,1,1,3628.7,-39,47.7,2684,2442,0,0.00,0.00,0,1,3.66,0.02,410
2026-05-09 15:40:00,1,1,1,3628.7,-39,47.7,2684,2442,0,0.00,0.00,0,1,1.55,0.29,725
2026-05-09 15:40:00,1,1,1,3625.8,-39,47.7,2681,2441,0,0.00,0.00,0,1,1.55,0.29,725
2026-05-09 15:40:00,1,1,1,3625.8,-39,47.7,2681,2441,0,0.00,0.00,0,1,2.51,-0.14,1088
2026-05-09 15:40:00,1,1,1,3617.2,-64,47.7,2674,2436,0,0.00,0.00,0,1,2.51,-0.14,1088
2026-05-09 15:40:00,1,1,1,3617.2,-64,47.7,2674,2436,0,0.00,0.00,0,1,2.49,-0.14,1088
2026-05-09 15:40:00,1,1,1,3607.2,-72,47.6,2665,2431,0,0.00,0.00,0,1,2.49,-0.14,1088
2026-05-09 15:40:00,1,1,1,3593.6,-104,47.6,2653,2424,0,0.00,0.00,0,1,2.25,-0.05,953
2026-05-09 15:40:00,1,1,1,3593.6,-104,47.6,2653,2424,0,0.00,0.00,0,1,2.25,-0.05,953
2026-05-09 15:40:00,1,1,1,3577.2,-104,47.5,2638,2416,0,0.00,0.00,0,1,2.25,-0.05,953
2026-05-09 15:40:00,1,1,1,3577.2,-104,47.5,2638,2416,0,0.00,0.00,0,1,2.25,-0.05,953
2026-05-09 15:40:00,1,1,1,3557.1,-96,47.4,2620,2406,0,0.00,0.00,0,1,2.25,-0.05,953
2026-05-09 15:40:00,1,1,1,3557.1,-96,47.4,2620,2406,0,0.00,0.00,0,1,2.25,-0.05,953
2026-05-09 15:40:00,1,1,1,3535.6,-88,47.3,2600,2396,0,0.00,0.00,0,1,2.25,-0.05,953
2026-05-09 15:40:00,1,1,1,3514.1,-39,47.2,2578,2388,0,0.00,0.00,0,1,2.25,-0.05,953
2026-05-09 15:40:00,1,1,1,3514.1,-39,47.2,2578,2388,0,0.00,0.00,0,1,2.25,-0.05,953
2026-05-09 15:40:00,1,1,1,3503.8,-39,46.2,2531,2423,0,0.00,0.00,0,1,2.25,-0.05,953
2026-05-09 15:40:01,1,1,1,3503.8,-39,46.2,2531,2423,0,0.00,0.00,0,1,2.25,-0.05,953
2026-05-09 15:40:01,1,1,1,3500.2,-88,45.3,2487,2463,0,0.00,0.00,0,1,2.25,-0.05,953
2026-05-09 15:40:01,1,1,1,3500.2,-88,45.3,2487,2463,0,0.00,0.00,0,1,2.25,-0.05,953
2026-05-09 15:40:01,1,1,1,3394.9,-88,43.8,2348,2452,0,0.00,0.00,0,1,2.25,-0.05,953
2026-05-09 15:40:01,1,1,1,3394.9,-88,43.8,2348,2452,0,0.00,0.00,0,1,2.74,-0.94,4240
2026-05-09 15:40:01,1,1,1,3250.6,-88,42.9,2214,2380,0,0.00,0.00,0,1,2.74,-0.94,4240
2026-05-09 15:40:01,1,1,1,3109.0,-104,42.1,2083,2308,1,2.65,-0.94,4240,1,2.65,-0.94,4240
2026-05-09 15:40:01,1,1,1,3109.0,-104,42.1,2083,2308,1,2.65,-0.94,4240,1,2.65,-0.94,4240
2026-05-09 15:40:01,1,1,1,2984.5,-72,40.9,1955,2255,1,2.54,-0.83,5993,1,2.54,-0.83,5993
2026-05-09 15:40:01,1,1,1,2984.5,-72,40.9,1955,2255,1,2.54,-0.83,5993,1,2.54,-0.83,5993
2026-05-09 15:40:01,1,1,1,2867.0,-79,39.8,1836,2202,1,2.45,-0.83,5993,1,2.45,-0.83,5993
2026-05-09 15:40:01,1,1,1,2867.0,-79,39.8,1836,2202,1,2.45,-0.83,5993,1,2.45,-0.83,5993
2026-05-09 15:40:01,1,1,1,2749.3,-64,38.6,1716,2148,1,2.45,-0.83,5993,1,2.45,-0.83,5993
2026-05-09 15:40:01,1,1,1,2749.3,-64,38.6,1716,2148,1,2.45,-0.83,5993,1,2.45,-0.83,5993
2026-05-09 15:40:01,1,1,1,2639.7,-88,37.7,1615,2088,1,2.45,-0.83,5993,1,2.45,-0.83,5993
2026-05-09 15:40:01,1,1,1,2545.1,-96,37.3,1543,2024,1,2.45,-0.83,5993,1,2.45,-0.83,5993
2026-05-09 15:40:01,1,1,1,2545.1,-96,37.3,1543,2024,1,2.45,-0.83,5993,1,2.45,-0.83,5993
2026-05-09 15:40:01,1,1,1,2452.6,-96,36.9,1473,1961,1,2.45,-0.83,5993,1,2.45,-0.83,5993
2026-05-09 15:40:01,1,1,1,2452.6,-96,36.9,1473,1961,1,2.45,-0.83,5993,1,2.45,-0.83,5993
2026-05-09 15:40:01,1,1,1,2357.1,-79,36.3,1395,1900,1,2.45,-0.83,5993,1,2.45,-0.83,5993
2026-05-09 15:40:02,1,1,1,2357.1,-79,36.3,1395,1900,1,2.45,-0.83,5993,1,2.45,-0.83,5993
2026-05-09 15:40:02,1,1,1,2269.0,-79,35.9,1329,1839,1,2.45,-0.83,5993,1,2.45,-0.83,5993
2026-05-09 15:40:02,1,1,1,2182.5,-72,35.0,1253,1787,1,2.45,-0.83,5993,1,2.45,-0.83,5993
2026-05-09 15:40:02,1,1,1,2182.5,-72,35.0,1253,1787,1,0.00,0.00,0,0,0.00,0.00,0
2026-05-09 15:40:02,1,1,1,2098.2,-48,33.7,1165,1745,1,0.00,0.00,0,0,0.00,0.00,0
2026-05-09 15:40:02,1,1,1,2098.2,-48,33.7,1165,1745,1,0.00,0.00,0,0,0.00,0.00,0
2026-05-09 15:40:02,1,1,1,2019.7,-88,32.6,1089,1701,1,0.00,0.00,0,0,0.00,0.00,0
2026-05-09 15:40:02,1,1,1,2019.7,-88,32.6,1089,1701,1,0.00,0.00,0,0,0.00,0.00,0
2026-05-09 15:40:02,1,1,1,1944.1,-104,31.6,1020,1655,0,0.00,0.00,0,0,0.00,0.00,0
2026-05-09 15:40:02,1,1,1,1944.1,-104,31.6,1020,1655,0,0.00,0.00,0,0,0.00,0.00,0
2026-05-09 15:40:02,1,1,1,1865.6,-88,31.4,971,1593,0,0.00,0.00,0,1,1.53,-0.72,43380
2026-05-09 15:40:02,1,1,1,1787.2,-79,31.2,927,1528,0,0.00,0.00,0,1,1.53,-0.72,43380
2026-05-09 15:40:02,1,1,1,1787.2,-79,31.2,927,1528,1,1.45,-0.72,43380,1,1.45,-0.72,43380
2026-05-09 15:40:02,1,1,1,1710.8,-79,30.4,865,1476,1,1.45,-0.72,43380,1,1.45,-0.72,43380
2026-05-09 15:40:02,1,1,1,1710.8,-79,30.4,865,1476,1,1.44,-0.71,54658,1,1.44,-0.71,54658
2026-05-09 15:40:02,1,1,1,1633.4,-79,29.0,793,1428,1,1.44,-0.71,54658,1,1.44,-0.71,54658
2026-05-09 15:40:02,1,1,1,1633.4,-79,29.0,793,1428,1,1.37,-0.71,54658,1,1.37,-0.71,54658
2026-05-09 15:40:02,1,1,1,1555.3,-79,27.7,723,1377,1,1.37,-0.71,54658,1,1.37,-0.71,54658
2026-05-09 15:40:02,1,1,1,1492.8,-79,27.0,678,1330,1,1.27,-0.78,12633,1,1.27,-0.78,12633
2026-05-09 15:40:02,1,1,1,1492.8,-79,27.0,678,1330,1,1.27,-0.78,12633,1,1.27,-0.78,12633
2026-05-09 15:40:03,1,1,1,1417.3,-96,25.9,619,1275,1,1.77,-0.45,3701,1,1.77,-0.45,3701
2026-05-09 15:40:03,1,1,1,1417.3,-96,25.9,619,1275,1,1.77,-0.45,3701,1,1.77,-0.45,3701
2026-05-09 15:40:03,1,1,1,1341.8,-88,24.9,565,1217,1,1.56,-0.54,37498,1,1.56,-0.54,37498
2026-05-09 15:40:03,1,1,1,1341.8,-88,24.9,565,1217,1,1.56,-0.54,37498,1,1.56,-0.54,37498
2026-05-09 15:40:03,1,1,1,1264.4,-72,23.8,510,1157,1,1.51,-0.54,37498,1,1.51,-0.54,37498
2026-05-09 15:40:03,1,1,1,1264.4,-72,23.8,510,1157,1,1.51,-0.54,37498,1,1.51,-0.54,37498
2026-05-09 15:40:03,1,1,1,1190.9,-64,22.8,461,1098,1,1.73,-0.20,4505,1,1.73,-0.20,4505
2026-05-09 15:40:03,1,1,1,1136.8,-72,22.7,438,1049,1,1.73,-0.20,4505,1,1.73,-0.20,4505
2026-05-09 15:40:03,1,1,1,1136.8,-72,22.7,438,1049,1,1.71,-0.20,4505,1,1.71,-0.20,4505
2026-05-09 15:40:03,1,1,1,1077.5,-72,22.4,411,996,1,1.71,-0.20,4505,1,1.71,-0.20,4505
2026-05-09 15:40:03,1,1,1,1077.5,-72,22.4,411,996,1,1.71,-0.20,4505,1,1.71,-0.20,4505
2026-05-09 15:40:03,1,1,1,1023.4,-72,22.3,388,947,1,1.71,-0.20,4505,1,1.71,-0.20,4505
2026-05-09 15:40:03,1,1,1,1023.4,-72,22.3,388,947,1,1.71,-0.20,4505,1,1.71,-0.20,4505
2026-05-09 15:40:03,1,1,1,950.2,-79,21.7,351,883,1,1.71,-0.20,4505,1,1.71,-0.20,4505
2026-05-09 15:40:03,1,1,1,882.6,-64,20.6,311,826,1,0.74,-0.48,55090,1,0.74,-0.48,55090
2026-05-09 15:40:03,1,1,1,882.6,-64,20.6,311,826,1,0.74,-0.48,55090,1,0.74,-0.48,55090
2026-05-09 15:40:03,1,1,1,814.4,-48,19.4,271,768,1,0.61,-0.48,18617,1,0.61,-0.48,18617
2026-05-09 15:40:03,1,1,1,814.4,-48,19.4,271,768,1,0.61,-0.48,18617,1,0.61,-0.48,18617
2026-05-09 15:40:03,1,1,1,742.9,-48,17.9,228,707,1,0.55,-0.46,1209,1,0.55,-0.46,1209
2026-05-09 15:40:03,1,1,1,742.9,-48,17.9,228,707,1,0.55,-0.46,1209,1,0.55,-0.46,1209
2026-05-09 15:40:04,1,1,1,674.7,-39,16.2,188,648,1,0.50,-0.46,14129,1,0.50,-0.46,14129
2026-05-09 15:40:04,1,1,1,674.7,-39,16.2,188,648,1,0.50,-0.46,14129,1,0.50,-0.46,14129
2026-05-09 15:40:04,1,1,1,614.6,-48,14.5,154,595,1,0.46,-0.45,43764,1,0.46,-0.45,43764
2026-05-09 15:40:04,1,1,1,547.3,-32,12.7,120,534,1,0.46,-0.45,43764,1,0.46,-0.45,43764
2026-05-09 15:40:04,1,1,1,547.3,-32,12.7,120,534,1,0.43,-0.45,30545,1,0.43,-0.45,30545
2026-05-09 15:40:04,1,1,1,492.7,-24,10.8,92,484,1,0.43,-0.45,30545,1,0.43,-0.45,30545
2026-05-09 15:40:04,1,1,1,492.7,-24,10.8,92,484,1,0.39,-0.45,30545,1,0.39,-0.45,30545
2026-05-09 15:40:04,1,1,1,447.8,-16,9.3,72,442,1,0.39,-0.45,30545,1,0.39,-0.45,30545
2026-05-09 15:40:04,1,1,1,447.8,-16,9.3,72,442,1,0.39,-0.45,30545,1,0.39,-0.45,30545
2026-05-09 15:40:04,1,1,1,415.1,-16,8.0,58,411,1,0.39,-0.45,30545,1,0.39,-0.45,30545
2026-05-09 15:40:04,1,1,1,384.9,0,7.0,47,382,1,0.39,-0.45,30545,1,0.39,-0.45,30545
2026-05-09 15:40:04,1,1,1,384.9,0,7.0,47,382,0,0.00,0.00,0,1,0.39,-0.45,30545
2026-05-09 15:40:04,1,1,1,360.2,8,6.4,40,358,0,0.00,0.00,0,1,0.39,-0.45,30545
2026-05-09 15:40:04,1,1,1,360.2,8,6.4,40,358,0,0.00,0.00,0,1,0.39,-0.45,30545
2026-05-09 15:40:04,1,1,1,337.9,16,6.1,36,336,0,0.00,0.00,0,1,0.39,-0.45,30545
2026-05-09 15:40:04,1,1,1,337.9,16,6.1,36,336,0,0.00,0.00,0,1,0.39,-0.45,30545
2026-05-09 15:40:04,1,1,1,327.3,24,5.1,29,326,0,0.00,0.00,0,1,0.39,-0.45,30545
2026-05-09 15:40:04,1,1,1,327.3,24,5.1,29,326,0,0.00,0.00,0,1,0.39,-0.45,30545
2026-05-09 15:40:04,1,1,1,319.5,24,3.2,18,319,0,0.00,0.00,0,1,0.39,-0.45,30545
2026-05-09 15:40:04,1,1,1,308.1,32,1.5,8,308,0,0.00,0.00,0,0,0.00,0.00,0
2026-05-09 15:40:05,1,1,1,308.1,32,1.5,8,308,0,0.00,0.00,0,0,0.00,0.00,0
2026-05-09 15:40:05,1,1,1,310.2,39,-2.2,-12,310,0,0.00,0.00,0,0,0.00,0.00,0
2026-05-09 15:40:05,1,1,1,310.2,39,-2.2,-12,310,0,0.00,0.00,0,0,0.00,0.00,0
2026-05-09 15:40:05,1,1,1,314.2,32,-10.5,-57,309,0,0.00,0.00,0,0,0.00,0.00,0
2026-05-09 15:40:05,1,1,1,314.2,32,-10.5,-57,309,0,0.00,0.00,0,1,0.50,0.70,1569
2026-05-09 15:40:05,1,1,1,324.8,16,-19.6,-109,306,0,0.00,0.00,0,1,0.50,0.70,1569
2026-05-09 15:40:05,1,1,1,324.8,16,-19.6,-109,306,0,0.00,0.00,0,1,0.53,0.62,29476
2026-05-09 15:40:05,1,1,1,350.2,39,-25.5,-151,316,0,0.00,0.00,0,1,0.53,0.62,29476
2026-05-09 15:40:05,1,1,1,372.4,32,-30.1,-187,322,1,0.57,0.57,42633,1,0.57,0.57,42633
2026-05-09 15:40:05,1,1,1,372.4,32,-30.1,-187,322,1,0.57,0.57,42633,1,0.57,0.57,42633
2026-05-09 15:40:05,1,1,1,398.7,48,-32.3,-213,337,1,1.27,0.50,3061,1,1.27,0.50,3061
2026-05-09 15:40:05,1,1,1,398.7,48,-32.3,-213,337,1,1.27,0.50,3061,1,1.27,0.50,3061
2026-05-09 15:40:05,1,1,1,424.5,56,-32.0,-225,360,1,1.20,0.49,51553,1,1.20,0.49,51553
2026-05-09 15:40:05,1,1,1,424.5,56,-32.0,-225,360,1,1.20,0.49,51553,1,1.20,0.49,51553
2026-05-09 15:40:05,1,1,1,452.4,56,-29.7,-224,393,1,1.16,0.47,48513,1,1.16,0.47,48513
2026-05-09 15:40:05,1,1,1,485.7,56,-25.9,-212,437,1,1.16,0.47,48513,1,1.16,0.47,48513
2026-05-09 15:40:05,1,1,1,485.7,56,-25.9,-212,437,1,1.15,0.47,53252,1,1.15,0.47,53252
2026-05-09 15:40:05,1,1,1,528.5,64,-21.4,-193,492,1,1.15,0.47,53252,1,1.15,0.47,53252
2026-05-09 15:40:05,1,1,1,528.5,64,-21.4,-193,492,1,1.15,0.50,39508,1,1.15,0.50,39508
2026-05-09 15:40:05,1,1,1,572.0,79,-16.7,-164,548,1,1.15,0.50,39508,1,1.15,0.50,39508
2026-05-09 15:40:06,1,1,1,572.0,79,-16.7,-164,548,1,1.20,0.50,39508,1,1.20,0.50,39508
2026-05-09 15:40:06,1,1,1,599.8,79,-14.4,-149,581,1,1.20,0.50,39508,1,1.20,0.50,39508
2026-05-09 15:40:06,1,1,1,599.8,79,-14.4,-149,581,1,1.23,0.53,1956,1,1.23,0.53,1956
2026-05-09 15:40:06,1,1,1,634.5,88,-11.8,-130,621,1,1.23,0.53,1956,1,1.23,0.53,1956
2026-05-09 15:40:06,1,1,1,677.7,48,-10.2,-120,667,1,1.28,0.53,1956,1,1.28,0.53,1956
2026-05-09 15:40:06,1,1,1,677.7,48,-10.2,-120,667,1,1.28,0.53,1956,1,1.28,0.53,1956
2026-05-09 15:40:06,1,1,1,722.0,72,-8.5,-107,714,1,1.42,0.74,25281,1,1.42,0.74,25281
2026-05-09 15:40:06,1,1,1,722.0,72,-8.5,-107,714,1,1.42,0.74,25281,1,1.42,0.74,25281
2026-05-09 15:40:06,1,1,1,812.5,72,-6.0,-85,808,1,1.46,0.72,53300,1,1.46,0.72,53300
2026-05-09 15:40:06,1,1,1,812.5,72,-6.0,-85,808,1,1.46,0.72,53300,1,1.46,0.72,53300
2026-05-09 15:40:06,1,1,1,895.0,79,-3.8,-60,893,1,1.51,0.72,34212,1,1.51,0.72,34212
2026-05-09 15:40:06,1,1,1,980.7,79,-3.4,-58,979,1,1.51,0.72,34212,1,1.51,0.72,34212
2026-05-09 15:40:06,1,1,1,980.7,79,-3.4,-58,979,1,1.59,0.75,33621,1,1.59,0.75,33621
2026-05-09 15:40:06,1,1,1,1062.3,96,-5.1,-95,1058,1,1.59,0.75,33621,1,1.59,0.75,33621
2026-05-09 15:40:06,1,1,1,1062.3,96,-5.1,-95,1058,1,1.66,0.77,28009,1,1.66,0.77,28009
2026-05-09 15:40:06,1,1,1,1141.0,96,-5.9,-117,1135,1,1.66,0.77,28009,1,1.66,0.77,28009
2026-05-09 15:40:06,1,1,1,1141.0,96,-5.9,-117,1135,1,1.73,0.77,28009,1,1.73,0.77,28009
2026-05-09 15:40:06,1,1,1,1215.6,79,-4.4,-94,1212,1,1.73,0.77,28009,1,1.73,0.77,28009
2026-05-09 15:40:06,1,1,1,1215.6,79,-4.4,-94,1212,1,1.73,0.77,28009,1,1.73,0.77,28009
2026-05-09 15:40:06,1,1,1,1293.8,72,-3.0,-68,1292,1,1.73,0.77,28009,1,1.73,0.77,28009
2026-05-09 15:40:07,1,1,1,1371.5,79,-1.5,-37,1371,1,1.73,0.77,28009,1,1.73,0.77,28009
2026-05-09 15:40:07,1,1,1,1371.5,79,-1.5,-37,1371,1,1.73,0.77,28009,1,1.73,0.77,28009
2026-05-09 15:40:07,1,1,1,1447.3,64,-1.1,-28,1447,1,1.73,0.77,28009,1,1.73,0.77,28009
2026-05-09 15:40:07,1,1,1,1447.3,64,-1.1,-28,1447,1,1.73,0.77,28009,1,1.73,0.77,28009
2026-05-09 15:40:07,1,1,1,1518.3,72,-1.2,-32,1518,1,1.73,0.77,28009,1,1.73,0.77,28009
2026-05-09 15:40:07,1,1,1,1518.3,72,-1.2,-32,1518,1,1.73,0.77,28009,1,1.73,0.77,28009
2026-05-09 15:40:07,1,1,1,1591.2,112,-0.9,-25,1591,1,1.73,0.77,28009,1,1.73,0.77,28009
2026-05-09 15:40:07,1,1,1,1658.4,64,-1.3,-38,1658,1,1.73,0.77,28009,1,1.73,0.77,28009
2026-05-09 15:40:07,1,1,1,1658.4,64,-1.3,-38,1658,1,1.73,0.77,28009,1,1.73,0.77,28009
2026-05-09 15:40:07,1,1,1,1733.9,0,-1.9,-57,1733,1,0.00,0.00,0,0,0.00,0.00,0
2026-05-09 15:40:07,1,1,1,1733.9,0,-1.9,-57,1733,1,0.00,0.00,0,0,0.00,0.00,0
2026-05-09 15:40:07,1,1,1,1921.0,0,-3.2,-108,1918,1,0.00,0.00,0,0,0.00,0.00,0
2026-05-09 15:40:07,1,1,1,1921.0,0,-3.2,-108,1918,1,0.00,0.00,0,0,0.00,0.00,0
2026-05-09 15:40:07,1,1,1,2087.4,39,-4.5,-163,2081,1,0.00,0.00,0,0,0.00,0.00,0
2026-05-09 15:40:07,1,1,1,2087.4,39,-4.5,-163,2081,0,0.00,0.00,0,0,0.00,0.00,0
2026-05-09 15:40:07,1,1,1,2129.5,24,-5.1,-190,2121,0,0.00,0.00,0,0,0.00,0.00,0
2026-05-09 15:40:07,1,1,1,2143.0,32,-5.5,-207,2133,0,0.00,0.00,0,0,0.00,0.00,0
2026-05-09 15:40:07,1,1,1,2143.0,32,-5.5,-207,2133,0,0.00,0.00,0,0,0.00,0.00,0
2026-05-09 15:40:07,1,1,1,2145.7,0,-6.0,-224,2134,0,0.00,0.00,0,0,0.00,0.00,0
2026-05-09 15:40:07,1,1,1,2145.7,0,-6.0,-224,2134,0,0.00,0.00,0,0,0.00,0.00,0
2026-05-09 15:40:08,1,1,1,2258.5,0,-6.7,-264,2243,0,0.00,0.00,0,0,0.00,0.00,0
2026-05-09 15:40:08,1,1,1,2258.5,0,-6.7,-264,2243,0,0.00,0.00,0,0,0.00,0.00,0
2026-05-09 15:40:08,1,1,1,2419.1,0,-7.2,-303,2400,0,0.00,0.00,0,0,0.00,0.00,0
2026-05-09 15:40:08,1,1,1,2567.3,32,-7.7,-345,2544,0,0.00,0.00,0,0,0.00,0.00,0
2026-05-09 15:40:08,1,1,1,2567.3,32,-7.7,-345,2544,0,0.00,0.00,0,0,0.00,0.00,0
2026-05-09 15:40:08,1,1,1,2523.7,32,-9.5,-417,2489,0,0.00,0.00,0,0,0.00,0.00,0
2026-05-09 15:40:08,1,1,1,2523.7,32,-9.5,-417,2489,0,0.00,0.00,0,0,0.00,0.00,0
2026-05-09 15:40:08,1,1,1,2481.3,0,-11.6,-497,2431,0,0.00,0.00,0,0,0.00,0.00,0
2026-05-09 15:40:08,1,1,1,2481.3,0,-11.6,-497,2431,0,0.00,0.00,0,0,0.00,0.00,0
2026-05-09 15:40:08,1,1,1,2422.8,32,-13.6,-569,2355,0,0.00,0.00,0,0,0.00,0.00,0
2026-05-09 15:40:08,1,1,1,2422.8,32,-13.6,-569,2355,0,0.00,0.00,0,1,2.28,0.47,5114
2026-05-09 15:40:08,1,1,1,2372.9,39,-15.6,-640,2285,0,0.00,0.00,0,1,2.28,0.47,5114
2026-05-09 15:40:08,1,1,1,2347.5,48,-17.9,-721,2234,1,2.41,0.48,9773,1,2.41,0.48,9773
2026-05-09 15:40:08,1,1,1,2347.5,48,-17.9,-721,2234,1,2.41,0.48,9773,1,2.41,0.48,9773
2026-05-09 15:40:08,1,1,1,2340.1,0,-20.4,-814,2194,1,2.46,0.42,1714,1,2.46,0.42,1714
2026-05-09 15:40:08,1,1,1,2340.1,0,-20.4,-814,2194,1,2.46,0.42,1714,1,2.46,0.42,1714
2026-05-09 15:40:08,1,1,1,2462.5,0,-24.3,-1014,2244,1,2.50,0.42,1714,1,2.50,0.42,1714
2026-05-09 15:40:08,1,1,1,2462.5,0,-24.3,-1014,2244,1,2.50,0.42,1714,1,2.50,0.42,1714
2026-05-09 15:40:08,1,1,1,2602.8,0,-27.0,-1180,2320,1,2.53,0.38,4500,1,2.53,0.38,4500
2026-05-09 15:40:08,1,1,1,2727.4,32,-28.8,-1314,2390,1,2.53,0.38,4500,1,2.53,0.38,4500
2026-05-09 15:40:09,1,1,1,2727.4,32,-28.8,-1314,2390,1,2.57,0.38,4500,1,2.57,0.38,4500
2026-05-09 15:40:09,1,1,1,2829.7,0,-30.1,-1421,2447,1,2.57,0.38,4500,1,2.57,0.38,4500
2026-05-09 15:40:09,1,1,1,2829.7,0,-30.1,-1421,2447,1,2.58,0.36,2074,1,2.58,0.36,2074
2026-05-09 15:40:09,1,1,1,2904.0,0,-30.8,-1486,2495,1,2.58,0.36,2074,1,2.58,0.36,2074
2026-05-09 15:40:09,1,1,1,2904.0,0,-30.8,-1486,2495,1,2.62,0.36,2074,1,2.62,0.36,2074
2026-05-09 15:40:09,1,1,1,2959.6,0,-31.3,-1539,2528,1,2.62,0.36,2074,1,2.62,0.36,2074
2026-05-09 15:40:09,1,1,1,2959.6,0,-31.3,-1539,2528,1,2.62,0.36,2074,1,2.62,0.36,2074
2026-05-09 15:40:09,1,1,1,2992.5,48,-31.8,-1579,2542,0,0.00,0.00,0,1,2.62,0.36,2074
2026-05-09 15:40:09,1,1,1,2923.1,32,-33.2,-1602,2445,0,0.00,0.00,0,1,2.62,0.36,2074
2026-05-09 15:40:09,1,1,1,2923.1,32,-33.2,-1602,2445,0,0.00,0.00,0,1,2.62,0.36,2074
2026-05-09 15:40:09,1,1,1,2860.9,32,-34.8,-1633,2349,0,0.00,0.00,0,1,2.62,0.36,2074
2026-05-09 15:40:09,1,1,1,2860.9,32,-34.8,-1633,2349,0,0.00,0.00,0,1,2.62,0.36,2074
2026-05-09 15:40:09,1,1,1,2811.2,0,-36.2,-1661,2268,0,0.00,0.00,0,1,2.62,0.36,2074
2026-05-09 15:40:09,1,1,1,2811.2,0,-36.2,-1661,2268,0,0.00,0.00,0,1,2.62,0.36,2074
2026-05-09 15:40:09,1,1,1,2775.3,56,-37.9,-1706,2189,0,0.00,0.00,0,1,2.62,0.36,2074
2026-05-09 15:40:09,1,1,1,2771.9,64,-39.7,-1769,2134,0,0.00,0.00,0,1,2.62,0.36,2074
2026-05-09 15:40:09,1,1,1,2771.9,64,-39.7,-1769,2134,0,0.00,0.00,0,1,2.62,0.36,2074
2026-05-09 15:40:09,1,1,1,2760.9,24,-41.4,-1827,2070,0,0.00,0.00,0,0,0.00,0.00,0
2026-05-09 15:40:09,1,1,1,2760.9,24,-41.4,-1827,2070,0,0.00,0.00,0,0,0.00,0.00,0
2026-05-09 15:40:09,1,1,1,2763.8,32,-42.9,-1881,2025,0,0.00,0.00,0,0,0.00,0.00,0
2026-05-09 15:40:10,1,1,1,2763.8,32,-42.9,-1881,2025,0,0.00,0.00,0,0,0.00,0.00,0
2026-05-09 15:40:10,1,1,1,2775.1,0,-44.0,-1928,1996,0,0.00,0.00,0,0,0.00,0.00,0
2026-05-09 15:40:10,1,1,1,2775.1,0,-44.0,-1928,1996,0,0.00,0.00,0,0,0.00,0.00,0
2026-05-09 15:40:10,1,1,1,2827.3,0,-42.0,-1893,2100,0,0.00,0.00,0,0,0.00,0.00,0
2026-05-09 15:40:10,1,1,1,2890.7,0,-39.8,-1849,2222,0,0.00,0.00,0,0,0.00,0.00,0
2026-05-09 15:40:10,1,1,1,2890.7,0,-39.8,-1849,2222,0,0.00,0.00,0,0,0.00,0.00,0
2026-05-09 15:40:10,1,1,1,2950.9,0,-38.1,-1821,2322,0,0.00,0.00,0,0,0.00,0.00,0
2026-05-09 15:40:10,1,1,1,2950.9,0,-38.1,-1821,2322,0,0.00,0.00,0,0,0.00,0.00,0
2026-05-09 15:40:10,1,1,1,3009.1,0,-36.5,-1791,2418,0,0.00,0.00,0,0,0.00,0.00,0
2026-05-09 15:40:10,1,1,1,3009.1,0,-36.5,-1791,2418,0,0.00,0.00,0,0,0.00,0.00,0
2026-05-09 15:40:10,1,1,1,3077.7,0,-35.4,-1781,2510,0,0.00,0.00,0,0,0.00,0.00,0
2026-05-09 15:40:10,1,1,1,3077.7,0,-35.4,-1781,2510,0,0.00,0.00,0,0,0.00,0.00,0
2026-05-09 15:40:10,1,1,1,3141.8,0,-33.6,-1740,2616,0,0.00,0.00,0,0,0.00,0.00,0
2026-05-09 15:40:10,1,1,1,3206.0,0,-32.0,-1697,2720,0,0.00,0.00,0,0,0.00,0.00,0
2026-05-09 15:40:10,1,1,1,3206.0,0,-32.0,-1697,2720,0,0.00,0.00,0,0,0.00,0.00,0
2026-05-09 15:40:10,1,1,1,3268.0,0,-30.4,-1655,2818,0,0.00,0.00,0,0,0.00,0.00,0
2026-05-09 15:40:10,1,1,1,3268.0,0,-30.4,-1655,2818,0,0.00,0.00,0,0,0.00,0.00,0
2026-05-09 15:40:10,1,1,1,3311.6,0,-29.5,-1633,2881,0,0.00,0.00,0,0,0.00,0.00,0
2026-05-09 15:40:10,1,1,1,3311.6,0,-29.5,-1633,2881,0,0.00,0.00,0,0,0.00,0.00,0
2026-05-09 15:40:10,1,1,1,3311.5,0,-30.3,-1671,2859,0,0.00,0.00,0,0,0.00,0.00,0
2026-05-09 15:40:11,1,1,1,3303.9,24,-31.0,-1700,2833,0,0.00,0.00,0,0,0.00,0.00,0
2026-05-09 15:40:11,1,1,1,3303.9,24,-31.0,-1700,2833,0,0.00,0.00,0,0,0.00,0.00,0
2026-05-09 15:40:11,1,1,1,3297.0,0,-31.9,-1744,2798,0,0.00,0.00,0,0,0.00,0.00,0
2026-05-09 15:40:11,1,1,1,3297.0,0,-31.9,-1744,2798,0,0.00,0.00,0,0,0.00,0.00,0
2026-05-09 15:40:11,1,1,1,3280.2,0,-33.7,-1820,2729,0,0.00,0.00,0,0,0.00,0.00,0
2026-05-09 15:40:11,1,1,1,3280.2,0,-33.7,-1820,2729,0,0.00,0.00,0,0,0.00,0.00,0
2026-05-09 15:40:11,1,1,1,3259.1,0,-35.4,-1886,2658,0,0.00,0.00,0,0,0.00,0.00,0
2026-05-09 15:40:11,1,1,1,3259.1,0,-35.4,-1886,2658,0,0.00,0.00,0,0,0.00,0.00,0
2026-05-09 15:40:11,1,1,1,3237.0,0,-36.8,-1939,2592,0,0.00,0.00,0,0,0.00,0.00,0
2026-05-09 15:40:11,1,1,1,3190.9,0,-37.9,-1960,2518,0,0.00,0.00,0,0,0.00,0.00,0
2026-05-09 15:40:11,1,1,1,3190.9,0,-37.9,-1960,2518,0,0.00,0.00,0,0,0.00,0.00,0
2026-05-09 15:40:11,1,1,1,3135.9,-32,-39.2,-1981,2431,0,0.00,0.00,0,0,0.00,0.00,0
2026-05-09 15:40:11,1,1,1,3135.9,-32,-39.2,-1981,2431,0,0.00,0.00,0,0,0.00,0.00,0
2026-05-09 15:40:11,1,1,1,3058.8,-32,-42.9,-2084,2239,0,0.00,0.00,0,0,0.00,0.00,0
2026-05-09 15:40:11,1,1,1,3058.8,-32,-42.9,-2084,2239,0,0.00,0.00,0,0,0.00,0.00,0
2026-05-09 15:40:11,1,1,1,3006.8,-32,-46.9,-2195,2055,0,0.00,0.00,0,0,0.00,0.00,0
2026-05-09 15:40:11,1,1,1,2971.7,-24,-50.3,-2285,1900,0,0.00,0.00,0,0,0.00,0.00,0
2026-05-09 15:40:11,1,1,1,2971.7,-24,-50.3,-2285,1900,0,0.00,0.00,0,0,0.00,0.00,0
2026-05-09 15:40:11,1,1,1,2948.5,-24,-52.6,-2343,1790,0,0.00,0.00,0,0,0.00,0.00,0
2026-05-09 15:40:11,1,1,1,2948.5,-24,-52.6,-2343,1790,0,0.00,0.00,0,0,0.00,0.00,0
2026-05-09 15:40:12,1,1,1,2933.5,0,-54.4,-2385,1708,0,0.00,0.00,0,0,0.00,0.00,0
2026-05-09 15:40:12,1,1,1,2933.5,0,-54.4,-2385,1708,0,0.00,0.00,0,0,0.00,0.00,0
2026-05-09 15:40:12,1,1,1,2922.7,-16,-56.5,-2436,1615,0,0.00,0.00,0,0,0.00,0.00,0
2026-05-09 15:40:12,1,1,1,2922.7,-16,-56.5,-2436,1615,0,0.00,0.00,0,0,0.00,0.00,0
2026-05-09 15:40:12,1,1,1,2916.2,-16,-58.3,-2482,1531,0,0.00,0.00,0,0,0.00,0.00,0
2026-05-09 15:40:12,1,1,1,2914.0,-16,-60.0,-2523,1458,0,0.00,0.00,0,0,0.00,0.00,0
2026-05-09 15:40:12,1,1,1,2914.0,-16,-60.0,-2523,1458,0,0.00,0.00,0,0,0.00,0.00,0
2026-05-09 15:40:12,1,1,1,2908.1,-16,-60.8,-2539,1418,0,0.00,0.00,0,0,0.00,0.00,0
2026-05-09 15:40:12,1,1,1,2908.1,-16,-60.8,-2539,1418,0,0.00,0.00,0,0,0.00,0.00,0
2026-05-09 15:40:12,1,1,1,2903.5,-16,-60.9,-2537,1412,0,0.00,0.00,0,0,0.00,0.00,0
2026-05-09 15:40:12,1,1,1,2903.5,-16,-60.9,-2537,1412,0,0.00,0.00,0,0,0.00,0.00,0
2026-05-09 15:40:12,1,1,1,2901.5,-16,-60.8,-2532,1417,0,0.00,0.00,0,0,0.00,0.00,0
2026-05-09 15:40:12,1,1,1,2897.3,0,-60.3,-2517,1435,0,0.00,0.00,0,0,0.00,0.00,0
2026-05-09 15:40:12,1,1,1,2897.3,0,-60.3,-2517,1435,0,0.00,0.00,0,0,0.00,0.00,0
2026-05-09 15:40:12,1,1,1,2900.2,0,-59.7,-2503,1465,0,0.00,0.00,0,0,0.00,0.00,0
2026-05-09 15:40:12,1,1,1,2900.2,0,-59.7,-2503,1465,0,0.00,0.00,0,0,0.00,0.00,0
2026-05-09 15:40:12,1,1,1,2902.4,-8,-59.0,-2489,1493,0,0.00,0.00,0,0,0.00,0.00,0
2026-05-09 15:40:12,1,1,1,2902.4,-8,-59.0,-2489,1493,0,0.00,0.00,0,0,0.00,0.00,0
2026-05-09 15:40:12,1,1,1,2901.1,-8,-58.8,-2482,1502,0,0.00,0.00,0,0,0.00,0.00,0
2026-05-09 15:40:12,1,1,1,2901.1,-8,-58.8,-2482,1502,0,0.00,0.00,0,0,0.00,0.00,0
2026-05-09 15:40:13,1,1,1,2899.6,0,-58.5,-2473,1514,0,0.00,0.00,0,0,0.00,0.00,0
2026-05-09 15:40:13,1,1,1,2896.0,0,-57.9,-2452,1541,0,0.00,0.00,0,0,0.00,0.00,0
2026-05-09 15:40:13,1,1,1,2896.0,0,-57.9,-2452,1541,0,0.00,0.00,0,0,0.00,0.00,0
2026-05-09 15:40:13,1,1,1,2894.0,0,-57.3,-2435,1564,0,0.00,0.00,0,0,0.00,0.00,0
2026-05-09 15:40:13,1,1,1,2894.0,0,-57.3,-2435,1564,0,0.00,0.00,0,0,0.00,0.00,0
2026-05-09 15:40:13,1,1,1,2889.1,0,-55.6,-2384,1632,0,0.00,0.00,0,0,0.00,0.00,0
2026-05-09 15:40:13,1,1,1,2889.1,0,-55.6,-2384,1632,0,0.00,0.00,0,0,0.00,0.00,0
2026-05-09 15:40:13,1,1,1,2870.8,0,-54.1,-2325,1684,0,0.00,0.00,0,0,0.00,0.00,0
2026-05-09 15:40:13,1,1,1,2855.2,0,-52.9,-2276,1724,0,0.00,0.00,0,0,0.00,0.00,0
2026-05-09 15:40:13,1,1,1,2855.2,0,-52.9,-2276,1724,0,0.00,0.00,0,0,0.00,0.00,0
2026-05-09 15:40:13,1,1,1,2855.4,0,-51.6,-2239,1772,0,0.00,0.00,0,0,0.00,0.00,0
2026-05-09 15:40:13,1,1,1,2855.4,0,-51.6,-2239,1772,0,0.00,0.00,0,0,0.00,0.00,0
2026-05-09 15:40:13,1,1,1,2859.4,0,-51.1,-2225,1796,0,0.00,0.00,0,0,0.00,0.00,0
2026-05-09 15:40:13,1,1,1,2859.4,0,-51.1,-2225,1796,0,0.00,0.00,0,0,0.00,0.00,0
2026-05-09 15:40:13,1,1,1,2868.4,0,-50.3,-2208,1831,0,0.00,0.00,0,0,0.00,0.00,0
2026-05-09 15:40:13,1,1,1,2868.4,0,-50.3,-2208,1831,0,0.00,0.00,0,0,0.00,0.00,0
2026-05-09 15:40:13,1,1,1,2902.3,-8,-48.2,-2164,1934,0,0.00,0.00,0,0,0.00,0.00,0
2026-05-09 15:40:13,1,1,1,2934.0,0,-46.4,-2126,2022,0,0.00,0.00,0,0,0.00,0.00,0
2026-05-09 15:40:13,1,1,1,2934.0,0,-46.4,-2126,2022,0,0.00,0.00,0,0,0.00,0.00,0
2026-05-09 15:40:13,1,1,1,2964.9,0,-44.8,-2091,2102,0,0.00,0.00,0,0,0.00,0.00,0
2026-05-09 15:40:14,1,1,1,2964.9,0,-44.8,-2091,2102,0,0.00,0.00,0,0,0.00,0.00,0
2026-05-09 15:40:14,1,1,1,2996.2,0,-43.6,-2066,2170,0,0.00,0.00,0,0,0.00,0.00,0
2026-05-09 15:40:14,1,1,1,2996.2,0,-43.6,-2066,2170,0,0.00,0.00,0,0,0.00,0.00,0
2026-05-09 15:40:14,1,1,1,3011.6,0,-43.2,-2063,2194,0,0.00,0.00,0,0,0.00,0.00,0
2026-05-09 15:40:14,1,1,1,3011.6,0,-43.2,-2063,2194,0,0.00,0.00,0,0,0.00,0.00,0
2026-05-09 15:40:14,1,1,1,3015.1,0,-43.2,-2065,2197,0,0.00,0.00,0,0,0.00,0.00,0
2026-05-09 15:40:14,1,1,1,3015.7,-8,-43.3,-2068,2195,0,0.00,0.00,0,1,3.04,0.00,325
2026-05-09 15:40:14,1,1,1,3015.7,-8,-43.3,-2068,2195,0,0.00,0.00,0,1,3.04,0.00,325
2026-05-09 15:40:14,1,1,1,3017.2,0,-43.3,-2068,2197,0,0.00,0.00,0,1,3.04,0.00,325
2026-05-09 15:40:14,1,1,1,3017.2,0,-43.3,-2068,2197,0,0.00,0.00,0,1,3.04,0.00,325
2026-05-09 15:40:14,1,1,1,3018.7,0,-43.2,-2067,2200,0,0.00,0.00,0,1,3.04,0.00,325
2026-05-09 15:40:14,1,1,1,3018.7,0,-43.2,-2067,2200,0,0.00,0.00,0,1,3.04,0.00,325
2026-05-09 15:40:14,1,1,1,3017.1,-24,-43.3,-2069,2196,0,0.00,0.00,0,1,3.04,0.00,325
2026-05-09 15:40:14,1,1,1,3002.6,-24,-43.6,-2071,2174,0,0.00,0.00,0,1,3.04,0.00,325
2026-05-09 15:40:14,1,1,1,3002.6,-24,-43.6,-2071,2174,0,0.00,0.00,0,1,3.04,0.00,325
2026-05-09 15:40:14,1,1,1,2985.8,-24,-44.0,-2075,2147,0,0.00,0.00,0,1,3.04,0.00,325
2026-05-09 15:40:14,1,1,1,2985.8,-24,-44.0,-2075,2147,0,0.00,0.00,0,1,3.04,0.00,325
2026-05-09 15:40:14,1,1,1,2971.4,-16,-44.5,-2083,2119,0,0.00,0.00,0,1,3.04,0.00,325
2026-05-09 15:40:14,1,1,1,2971.4,-16,-44.5,-2083,2119,0,0.00,0.00,0,1,3.04,0.00,325
2026-05-09 15:40:14,1,1,1,2959.2,-8,-44.9,-2090,2095,0,0.00,0.00,0,1,3.04,0.00,325
2026-05-09 15:40:15,1,1,1,2959.2,-8,-44.9,-2090,2095,0,0.00,0.00,0,1,3.04,0.00,325
2026-05-09 15:40:15,1,1,1,2948.7,-8,-45.3,-2097,2073,0,0.00,0.00,0,0,0.00,0.00,0
2026-05-09 15:40:15,1,1,1,2939.0,-8,-45.7,-2104,2052,0,0.00,0.00,0,0,0.00,0.00,0
2026-05-09 15:40:15,1,1,1,2939.0,-8,-45.7,-2104,2052,0,0.00,0.00,0,0,0.00,0.00,0
2026-05-09 15:40:15,1,1,1,2929.4,-8,-46.1,-2111,2031,0,0.00,0.00,0,0,0.00,0.00,0
2026-05-09 15:40:15,1,1,1,2929.4,-8,-46.1,-2111,2031,0,0.00,0.00,0,0,0.00,0.00,0
2026-05-09 15:40:15,1,1,1,2921.3,-8,-46.5,-2118,2012,0,0.00,0.00,0,0,0.00,0.00,0
2026-05-09 15:40:15,1,1,1,2921.3,-8,-46.5,-2118,2012,0,0.00,0.00,0,0,0.00,0.00,0
2026-05-09 15:40:15,1,1,1,2911.9,-8,-46.8,-2124,1992,0,0.00,0.00,0,1,3.00,0.02,656
2026-05-09 15:40:15,1,1,1,2906.6,0,-47.0,-2127,1981,0,0.00,0.00,0,1,3.00,0.02,656
2026-05-09 15:40:25,1,1,1,2153.7,-24,31.4,1121,1839,1,2.22,-0.21,23400,1,2.22,-0.21,23400
2026-05-09 15:40:25,1,1,1,2151.0,-32,31.3,1119,1837,1,2.22,-0.21,23400,1,2.22,-0.21,23400
2026-05-09 15:40:25,1,1,1,2150.7,-24,31.5,1125,1833,1,2.22,-0.21,23400,1,2.22,-0.21,23400
2026-05-09 15:40:25,1,1,1,2150.7,-24,31.5,1125,1833,1,2.22,-0.21,23400,1,2.22,-0.21,23400
2026-05-09 15:40:25,1,1,1,2147.7,-39,31.7,1129,1827,1,2.22,-0.21,23400,1,2.22,-0.21,23400
2026-05-09 15:40:25,1,1,1,2147.7,-39,31.7,1129,1827,1,2.22,-0.21,23400,1,2.22,-0.21,23400
2026-05-09 15:40:25,1,1,1,2142.3,-48,31.8,1130,1820,1,2.22,-0.21,23400,1,2.22,-0.21,23400
2026-05-09 15:40:25,1,1,1,2142.3,-48,31.8,1130,1820,1,2.22,-0.21,23400,1,2.22,-0.21,23400
2026-05-09 15:40:25,1,1,1,2137.5,-56,31.9,1129,1815,1,2.22,-0.21,23400,1,2.22,-0.21,23400
2026-05-09 15:40:25,1,1,1,2130.1,-96,31.8,1123,1810,1,2.22,-0.21,23400,1,2.22,-0.21,23400
2026-05-09 15:40:26,1,1,1,2130.1,-96,31.8,1123,1810,1,2.01,-0.70,4338,1,2.01,-0.70,4338
2026-05-09 15:40:26,1,1,1,2122.3,-72,31.8,1118,1804,1,2.01,-0.70,4338,1,2.01,-0.70,4338
2026-05-09 15:40:26,1,1,1,2122.3,-72,31.8,1118,1804,1,1.97,-0.68,10706,1,1.97,-0.68,10706
2026-05-09 15:40:26,1,1,1,2110.7,-64,31.8,1112,1794,1,1.97,-0.68,10706,1,1.97,-0.68,10706
2026-05-09 15:40:26,1,1,1,2110.7,-64,31.8,1112,1794,1,1.90,-0.68,10706,1,1.90,-0.68,10706
2026-05-09 15:40:26,1,1,1,2099.2,-48,31.9,1108,1783,1,1.90,-0.68,10706,1,1.90,-0.68,10706
2026-05-09 15:40:26,1,1,1,2099.2,-48,31.9,1108,1783,1,1.90,-0.68,10706,1,1.90,-0.68,10706
2026-05-09 15:40:26,1,1,1,2085.7,-79,31.8,1100,1772,1,1.90,-0.68,10706,1,1.90,-0.68,10706
2026-05-09 15:40:26,1,1,1,2072.5,-64,31.7,1088,1764,1,1.90,-0.68,10706,1,1.90,-0.68,10706
2026-05-09 15:40:26,1,1,1,2072.5,-64,31.7,1088,1764,1,1.90,-0.68,10706,1,1.90,-0.68,10706
2026-05-09 15:40:26,1,1,1,2056.9,-72,31.5,1076,1753,1,1.90,-0.68,10706,1,1.90,-0.68,10706
2026-05-09 15:40:26,1,1,1,2056.9,-72,31.5,1076,1753,1,1.90,-0.68,10706,1,1.90,-0.68,10706
2026-05-09 15:40:26,1,1,1,2039.5,-79,31.4,1064,1740,1,1.90,-0.68,10706,1,1.90,-0.68,10706
2026-05-09 15:40:26,1,1,1,2039.5,-79,31.4,1064,1740,1,1.90,-0.68,10706,1,1.90,-0.68,10706
2026-05-09 15:40:26,1,1,1,2019.1,-79,31.4,1051,1724,1,1.90,-0.68,10706,1,1.90,-0.68,10706
2026-05-09 15:40:26,1,1,1,1954.9,-72,31.2,1013,1672,1,1.90,-0.68,10706,1,1.90,-0.68,10706
2026-05-09 15:40:26,1,1,1,1954.9,-72,31.2,1013,1672,1,1.49,-0.87,8529,1,1.49,-0.87,8529
2026-05-09 15:40:26,1,1,1,1894.7,-64,31.0,976,1624,1,1.49,-0.87,8529,1,1.49,-0.87,8529
2026-05-09 15:40:26,1,1,1,1894.7,-64,31.0,976,1624,1,1.40,-0.87,8529,1,1.40,-0.87,8529
2026-05-09 15:40:26,1,1,1,1831.3,-56,30.9,941,1571,1,1.40,-0.87,8529,1,1.40,-0.87,8529
2026-05-09 15:40:27,1,1,1,1831.3,-56,30.9,941,1571,1,1.40,-0.87,8529,1,1.40,-0.87,8529
2026-05-09 15:40:27,1,1,1,1708.8,-72,30.7,873,1469,1,1.40,-0.87,8529,1,1.40,-0.87,8529
2026-05-09 15:40:27,1,1,1,1708.8,-72,30.7,873,1469,1,1.40,-0.87,8529,1,1.40,-0.87,8529
2026-05-09 15:40:27,1,1,1,1597.5,-72,30.7,815,1374,1,1.40,-0.87,8529,1,1.40,-0.87,8529
2026-05-09 15:40:27,1,1,1,1497.1,-79,30.2,753,1294,1,1.40,-0.87,8529,1,1.40,-0.87,8529
2026-05-09 15:40:27,1,1,1,1497.1,-79,30.2,753,1294,1,1.40,-0.87,8529,1,1.40,-0.87,8529
2026-05-09 15:40:27,1,1,1,1401.1,-88,29.5,689,1220,1,0.99,-0.71,4442,1,0.99,-0.71,4442
2026-05-09 15:40:27,1,1,1,1401.1,-88,29.5,689,1220,1,0.99,-0.71,4442,1,0.99,-0.71,4442
2026-05-09 15:40:27,1,1,1,1311.3,-64,28.7,630,1150,1,0.96,-0.69,21793,1,0.96,-0.69,21793
2026-05-09 15:40:27,1,1,1,1311.3,-64,28.7,630,1150,1,0.96,-0.69,21793,1,0.96,-0.69,21793
2026-05-09 15:40:27,1,1,1,1223.4,-56,27.7,569,1083,1,0.87,-0.61,27565,1,0.87,-0.61,27565
2026-05-09 15:40:27,1,1,1,1223.4,-56,27.7,569,1083,1,0.87,-0.61,27565,1,0.87,-0.61,27565
2026-05-09 15:40:27,1,1,1,1141.3,-56,26.5,510,1021,1,0.81,-0.58,42128,1,0.81,-0.58,42128
2026-05-09 15:40:27,1,1,1,1063.2,-64,25.5,457,960,1,0.81,-0.58,42128,1,0.81,-0.58,42128
2026-05-09 15:40:27,1,1,1,1063.2,-64,25.5,457,960,1,0.75,-0.60,12513,1,0.75,-0.60,12513
2026-05-09 15:40:27,1,1,1,986.8,-64,24.5,409,898,1,0.75,-0.60,12513,1,0.75,-0.60,12513
2026-05-09 15:40:27,1,1,1,986.8,-64,24.5,409,898,1,0.69,-0.62,37173,1,0.69,-0.62,37173
2026-05-09 15:40:27,1,1,1,917.6,-79,23.6,367,841,1,0.69,-0.62,37173,1,0.69,-0.62,37173
2026-05-09 15:40:27,1,1,1,917.6,-79,23.6,367,841,1,0.65,-0.63,36514,1,0.65,-0.63,36514
2026-05-09 15:40:27,1,1,1,859.1,-72,23.3,340,789,1,0.65,-0.63,36514,1,0.65,-0.63,36514
2026-05-09 15:40:28,1,1,1,802.2,-56,22.9,312,739,1,0.58,-0.60,12298,1,0.58,-0.60,12298
2026-05-09 15:40:28,1,1,1,802.2,-56,22.9,312,739,1,0.58,-0.60,12298,1,0.58,-0.60,12298
2026-05-09 15:40:28,1,1,1,730.2,-48,22.6,281,674,1,0.53,-0.57,28825,1,0.53,-0.57,28825
2026-05-09 15:40:28,1,1,1,730.2,-48,22.6,281,674,1,0.53,-0.57,28825,1,0.53,-0.57,28825
2026-05-09 15:40:28,1,1,1,651.1,-48,22.4,248,602,1,0.86,-0.33,1613,1,0.86,-0.33,1613
2026-05-09 15:40:28,1,1,1,651.1,-48,22.4,248,602,1,0.86,-0.33,1613,1,0.86,-0.33,1613
2026-05-09 15:40:28,1,1,1,582.6,-32,21.2,211,543,1,0.80,-0.31,22665,1,0.80,-0.31,22665
2026-05-09 15:40:28,1,1,1,582.6,-32,21.2,211,543,1,0.80,-0.31,22665,1,0.80,-0.31,22665
2026-05-09 15:40:28,1,1,1,522.3,-24,19.9,178,491,1,0.75,-0.26,10576,1,0.75,-0.26,10576
2026-05-09 15:40:28,1,1,1,486.7,0,19.1,159,460,1,0.75,-0.26,10576,1,0.75,-0.26,10576
2026-05-09 15:40:28,1,1,1,486.7,0,19.1,159,460,1,0.72,-0.26,10576,1,0.72,-0.26,10576
2026-05-09 15:40:28,1,1,1,447.9,8,17.1,132,428,1,0.72,-0.26,10576,1,0.72,-0.26,10576
2026-05-09 15:40:28,1,1,1,447.9,8,17.1,132,428,1,0.72,-0.26,10576,1,0.72,-0.26,10576
2026-05-09 15:40:28,1,1,1,418.9,16,14.2,103,406,1,0.72,-0.26,10576,1,0.72,-0.26,10576
2026-05-09 15:40:28,1,1,1,418.9,16,14.2,103,406,1,0.72,-0.26,10576,1,0.72,-0.26,10576
2026-05-09 15:40:28,1,1,1,396.1,24,10.0,69,390,1,0.72,-0.26,10576,1,0.72,-0.26,10576
2026-05-09 15:40:28,1,1,1,382.2,24,1.9,13,382,1,0.72,-0.26,10576,1,0.72,-0.26,10576
2026-05-09 15:40:28,1,1,1,382.2,24,1.9,13,382,1,0.72,-0.26,10576,1,0.72,-0.26,10576
2026-05-09 15:40:28,1,1,1,375.4,24,-4.9,-32,374,1,0.72,-0.26,10576,1,0.72,-0.26,10576
2026-05-09 15:40:28,1,1,1,375.4,24,-4.9,-32,374,1,0.72,-0.26,10576,1,0.72,-0.26,10576
2026-05-09 15:40:29,1,1,1,372.4,24,-9.7,-63,367,1,0.72,-0.26,10576,1,0.72,-0.26,10576
2026-05-09 15:40:29,1,1,1,372.4,24,-9.7,-63,367,1,0.72,-0.26,10576,1,0.72,-0.26,10576
2026-05-09 15:40:29,1,1,1,367.1,39,-11.3,-72,360,1,0.51,0.47,42033,1,0.51,0.47,42033
2026-05-09 15:40:29,1,1,1,367.1,39,-11.3,-72,360,1,0.51,0.47,42033,1,0.51,0.47,42033
2026-05-09 15:40:29,1,1,1,371.1,56,-12.0,-77,363,1,0.56,0.47,42033,1,0.56,0.47,42033
2026-05-09 15:40:29,1,1,1,385.9,56,-14.3,-95,374,1,0.56,0.47,42033,1,0.56,0.47,42033
2026-05-09 15:40:29,1,1,1,385.9,56,-14.3,-95,374,1,0.68,0.50,4985,1,0.68,0.50,4985
2026-05-09 15:40:29,1,1,1,424.2,56,-15.9,-116,408,1,0.68,0.50,4985,1,0.68,0.50,4985
2026-05-09 15:40:29,1,1,1,424.2,56,-15.9,-116,408,1,0.74,0.50,22897,1,0.74,0.50,22897
2026-05-09 15:40:29,1,1,1,447.2,56,-17.3,-133,427,1,0.74,0.50,22897,1,0.74,0.50,22897
2026-05-09 15:40:29,1,1,1,447.2,56,-17.3,-133,427,1,0.79,0.50,22897,1,0.79,0.50,22897
2026-05-09 15:40:29,1,1,1,489.2,48,-19.2,-161,462,1,0.79,0.50,22897,1,0.79,0.50,22897
2026-05-09 15:40:29,1,1,1,552.7,39,-20.1,-190,519,1,0.79,0.50,22897,1,0.79,0.50,22897
2026-05-09 15:40:29,1,1,1,552.7,39,-20.1,-190,519,1,0.79,0.50,22897,1,0.79,0.50,22897
2026-05-09 15:40:29,1,1,1,620.3,48,-19.7,-209,584,1,0.79,0.50,22897,1,0.79,0.50,22897
2026-05-09 15:40:29,1,1,1,620.3,48,-19.7,-209,584,1,0.79,0.50,22897,1,0.79,0.50,22897
2026-05-09 15:40:29,1,1,1,654.0,39,-19.1,-214,618,1,0.79,0.50,22897,1,0.79,0.50,22897
2026-05-09 15:40:29,1,1,1,654.0,39,-19.1,-214,618,1,0.79,0.50,22897,1,0.79,0.50,22897
2026-05-09 15:40:29,1,1,1,693.0,72,-17.5,-208,661,1,3.16,0.04,3625,1,3.16,0.04,3625
2026-05-09 15:40:29,1,1,1,693.0,72,-17.5,-208,661,1,3.16,0.04,3625,1,3.16,0.04,3625
2026-05-09 15:40:30,1,1,1,736.6,64,-16.6,-210,706,1,2.23,0.22,14970,1,2.23,0.22,14970
2026-05-09 15:40:30,1,1,1,810.4,72,-15.8,-220,780,1,2.23,0.22,14970,1,2.23,0.22,14970
2026-05-09 15:40:30,1,1,1,810.4,72,-15.8,-220,780,1,2.26,0.22,14970,1,2.26,0.22,14970
2026-05-09 15:40:30,1,1,1,875.0,72,-16.3,-245,840,1,2.26,0.22,14970,1,2.26,0.22,14970
2026-05-09 15:40:30,1,1,1,875.0,72,-16.3,-245,840,1,1.94,0.26,4594,1,1.94,0.26,4594
2026-05-09 15:40:30,1,1,1,939.2,48,-16.8,-272,899,1,1.94,0.26,4594,1,1.94,0.26,4594
2026-05-09 15:40:30,1,1,1,939.2,48,-16.8,-272,899,1,1.86,0.29,23176,1,1.86,0.29,23176
2026-05-09 15:40:30,1,1,1,998.5,39,-17.4,-298,953,1,1.86,0.29,23176,1,1.86,0.29,23176
2026-05-09 15:40:30,1,1,1,1051.5,32,-18.0,-325,1000,1,1.77,0.31,40690,1,1.77,0.31,40690
2026-05-09 15:40:30,1,1,1,1051.5,32,-18.0,-325,1000,1,1.77,0.31,40690,1,1.77,0.31,40690
2026-05-09 15:40:30,1,1,1,1102.5,16,-17.4,-330,1052,1,2.05,0.31,3357,1,2.05,0.31,3357
2026-05-09 15:40:30,1,1,1,1102.5,16,-17.4,-330,1052,1,2.05,0.31,3357,1,2.05,0.31,3357
2026-05-09 15:40:30,1,1,1,1150.3,32,-17.5,-346,1097,1,2.08,0.31,3357,1,2.08,0.31,3357
2026-05-09 15:40:30,1,1,1,1150.3,32,-17.5,-346,1097,1,2.08,0.31,3357,1,2.08,0.31,3357
2026-05-09 15:40:30,1,1,1,1195.8,32,-17.6,-361,1140,1,2.08,0.31,3357,1,2.08,0.31,3357
2026-05-09 15:40:30,1,1,1,1195.8,32,-17.6,-361,1140,1,2.08,0.31,3357,1,2.08,0.31,3357
2026-05-09 15:40:30,1,1,1,1217.1,32,-17.3,-362,1162,1,2.08,0.31,3357,1,2.08,0.31,3357
2026-05-09 15:40:30,1,1,1,1234.7,56,-16.8,-357,1182,1,2.08,0.31,3357,1,2.08,0.31,3357
2026-05-09 15:40:30,1,1,1,1234.7,56,-16.8,-357,1182,1,2.08,0.31,3357,1,2.08,0.31,3357
2026-05-09 15:40:30,1,1,1,1257.5,39,-16.0,-346,1209,1,2.08,0.31,3357,1,2.08,0.31,3357
2026-05-09 15:40:31,1,1,1,1257.5,39,-16.0,-346,1209,1,2.08,0.31,3357,1,2.08,0.31,3357
2026-05-09 15:40:31,1,1,1,1302.5,16,-14.7,-330,1260,1,2.08,0.31,3357,1,2.08,0.31,3357
2026-05-09 15:40:31,1,1,1,1302.5,16,-14.7,-330,1260,1,2.08,0.31,3357,1,2.08,0.31,3357
2026-05-09 15:40:31,1,1,1,1340.3,56,-12.8,-297,1307,1,2.08,0.31,3357,1,2.08,0.31,3357
2026-05-09 15:40:31,1,1,1,1381.4,32,-10.6,-253,1358,1,2.08,0.31,3357,1,2.08,0.31,3357
2026-05-09 15:40:31,1,1,1,1381.4,32,-10.6,-253,1358,1,0.00,0.00,0,0,0.00,0.00,0
2026-05-09 15:40:31,1,1,1,1426.4,32,-8.1,-202,1412,1,0.00,0.00,0,0,0.00,0.00,0
2026-05-09 15:40:31,1,1,1,1426.4,32,-8.1,-202,1412,1,0.00,0.00,0,0,0.00,0.00,0
2026-05-09 15:40:31,1,1,1,1474.2,32,-5.7,-146,1467,1,0.00,0.00,0,0,0.00,0.00,0
2026-05-09 15:40:31,1,1,1,1474.2,32,-5.7,-146,1467,1,0.00,0.00,0,0,0.00,0.00,0
2026-05-09 15:40:31,1,1,1,1534.9,0,-3.5,-94,1532,1,3.19,0.10,11554,1,3.19,0.10,11554
2026-05-09 15:40:31,1,1,1,1534.9,0,-3.5,-94,1532,1,3.19,0.10,11554,1,3.19,0.10,11554
2026-05-09 15:40:31,1,1,1,1569.1,32,-0.7,-20,1569,1,3.20,0.10,11554,1,3.20,0.10,11554
2026-05-09 15:40:31,1,1,1,1588.0,48,2.1,57,1587,1,3.20,0.10,11554,1,3.20,0.10,11554
2026-05-09 15:40:31,1,1,1,1588.0,48,2.1,57,1587,1,3.20,0.10,11554,1,3.20,0.10,11554
2026-05-09 15:40:31,1,1,1,1609.6,32,4.3,122,1605,1,3.20,0.10,11554,1,3.20,0.10,11554
2026-05-09 15:40:31,1,1,1,1609.6,32,4.3,122,1605,1,3.20,0.10,11554,1,3.20,0.10,11554
2026-05-09 15:40:31,1,1,1,1634.6,56,6.8,194,1623,1,3.20,0.10,11554,1,3.20,0.10,11554
2026-05-09 15:40:31,1,1,1,1634.6,56,6.8,194,1623,1,1.79,0.48,21352,1,1.79,0.48,21352
2026-05-09 15:40:31,1,1,1,1663.6,48,8.6,248,1645,1,1.79,0.48,21352,1,1.79,0.48,21352
2026-05-09 15:40:32,1,1,1,1663.6,48,8.6,248,1645,1,1.84,0.48,21352,1,1.84,0.48,21352
2026-05-09 15:40:32,1,1,1,1691.2,56,10.3,302,1664,1,1.84,0.48,21352,1,1.84,0.48,21352
2026-05-09 15:40:32,1,1,1,1730.0,72,11.9,356,1693,1,1.84,0.48,21352,1,1.84,0.48,21352
2026-05-09 15:40:32,1,1,1,1730.0,72,11.9,356,1693,1,1.84,0.48,21352,1,1.84,0.48,21352
2026-05-09 15:40:32,1,1,1,1766.2,48,13.6,414,1717,1,1.84,0.48,21352,1,1.84,0.48,21352
2026-05-09 15:40:32,1,1,1,1766.2,48,13.6,414,1717,1,1.84,0.48,21352,1,1.84,0.48,21352
2026-05-09 15:40:32,1,1,1,1809.8,39,15.0,469,1748,1,1.84,0.48,21352,1,1.84,0.48,21352
2026-05-09 15:40:32,1,1,1,1809.8,39,15.0,469,1748,1,1.84,0.48,21352,1,1.84,0.48,21352
2026-05-09 15:40:32,1,1,1,1851.1,39,16.4,522,1776,1,1.84,0.48,21352,1,1.84,0.48,21352
2026-05-09 15:40:32,1,1,1,1890.2,39,17.8,577,1800,1,1.84,0.48,21352,1,1.84,0.48,21352
2026-05-09 15:40:32,1,1,1,1890.2,39,17.8,577,1800,1,1.84,0.48,21352,1,1.84,0.48,21352
2026-05-09 15:40:32,1,1,1,1929.2,48,19.2,634,1822,1,1.84,0.48,21352,1,1.84,0.48,21352
2026-05-09 15:40:32,1,1,1,1929.2,48,19.2,634,1822,1,1.84,0.48,21352,1,1.84,0.48,21352
2026-05-09 15:40:32,1,1,1,1987.5,16,21.0,711,1856,1,0.00,0.00,0,0,0.00,0.00,0
2026-05-09 15:40:32,1,1,1,1987.5,16,21.0,711,1856,1,0.00,0.00,0,0,0.00,0.00,0
2026-05-09 15:40:32,1,1,1,2045.5,8,23.0,799,1883,1,0.00,0.00,0,0,0.00,0.00,0
2026-05-09 15:40:32,1,1,1,2045.5,8,23.0,799,1883,1,0.00,0.00,0,0,0.00,0.00,0
2026-05-09 15:40:32,1,1,1,2115.0,16,24.4,874,1926,1,0.00,0.00,0,0,0.00,0.00,0
2026-05-09 15:40:32,1,1,1,2160.1,32,25.3,923,1953,0,0.00,0.00,0,0,0.00,0.00,0
2026-05-09 15:40:32,1,1,1,2160.1,32,25.3,923,1953,0,0.00,0.00,0,0,0.00,0.00,0
2026-05-09 15:40:33,1,1,1,2176.2,32,26.2,962,1952,0,0.00,0.00,0,1,2.53,0.27,2650
2026-05-09 15:40:33,1,1,1,2176.2,32,26.2,962,1952,0,0.00,0.00,0,1,2.53,0.27,2650
2026-05-09 15:40:33,1,1,1,2176.6,24,26.7,977,1945,0,0.00,0.00,0,1,2.42,0.25,8900
2026-05-09 15:40:33,1,1,1,2176.6,24,26.7,977,1945,0,0.00,0.00,0,1,2.42,0.25,8900
2026-05-09 15:40:33,1,1,1,2180.0,32,27.4,1004,1935,0,0.00,0.00,0,1,2.46,0.25,2210
2026-05-09 15:40:33,1,1,1,2179.6,32,28.1,1028,1922,0,0.00,0.00,0,1,2.46,0.25,2210
2026-05-09 15:40:33,1,1,1,2179.6,32,28.1,1028,1922,0,0.00,0.00,0,1,2.49,0.25,2210
2026-05-09 15:40:33,1,1,1,2202.3,24,29.0,1068,1926,0,0.00,0.00,0,1,2.49,0.25,2210
2026-05-09 15:40:33,1,1,1,2202.3,24,29.0,1068,1926,0,0.00,0.00,0,1,2.51,0.24,14522
2026-05-09 15:40:33,1,1,1,2233.8,24,29.6,1102,1943,0,0.00,0.00,0,1,2.51,0.24,14522
2026-05-09 15:40:33,1,1,1,2233.8,24,29.6,1102,1943,1,2.53,0.24,14522,1,2.53,0.24,14522
2026-05-09 15:40:33,1,1,1,2260.9,16,30.1,1134,1956,1,2.53,0.24,14522,1,2.53,0.24,14522
2026-05-09 15:40:33,1,1,1,2260.9,16,30.1,1134,1956,1,2.53,0.24,14522,1,2.53,0.24,14522
2026-05-09 15:40:33,1,1,1,2295.9,8,30.5,1164,1979,1,2.53,0.24,14522,1,2.53,0.24,14522
2026-05-09 15:40:33,1,1,1,2325.4,16,30.4,1178,2005,1,2.53,0.24,14522,1,2.53,0.24,14522
2026-05-09 15:40:33,1,1,1,2325.4,16,30.4,1178,2005,1,2.53,0.24,14522,1,2.53,0.24,14522
2026-05-09 15:40:33,1,1,1,2345.3,0,30.8,1200,2015,1,2.53,0.24,14522,1,2.53,0.24,14522
2026-05-09 15:40:33,1,1,1,2345.3,0,30.8,1200,2015,1,2.53,0.24,14522,1,2.53,0.24,14522
2026-05-09 15:40:33,1,1,1,2360.6,8,30.5,1198,2034,1,2.53,0.24,14522,1,2.53,0.24,14522
2026-05-09 15:40:33,1,1,1,2360.6,8,30.5,1198,2034,1,2.53,0.24,14522,1,2.53,0.24,14522
2026-05-09 15:40:34,1,1,1,2370.6,-24,30.2,1194,2048,1,2.53,0.24,14522,1,2.53,0.24,14522
2026-05-09 15:40:34,1,1,1,2375.3,-32,30.1,1193,2054,1,2.53,0.24,14522,1,2.53,0.24,14522
2026-05-09 15:40:34,1,1,1,2375.3,-32,30.1,1193,2054,1,2.53,0.24,14522,1,2.53,0.24,14522
2026-05-09 15:40:34,1,1,1,2371.1,-24,29.9,1181,2056,1,0.00,0.00,0,0,0.00,0.00,0
2026-05-09 15:40:34,1,1,1,2371.1,-24,29.9,1181,2056,1,0.00,0.00,0,0,0.00,0.00,0
2026-05-09 15:40:34,1,1,1,2365.1,-24,29.2,1153,2065,1,0.00,0.00,0,0,0.00,0.00,0
2026-05-09 15:40:34,1,1,1,2365.1,-24,29.2,1153,2065,1,0.00,0.00,0,0,0.00,0.00,0
2026-05-09 15:40:34,1,1,1,2357.2,-32,28.5,1124,2072,1,0.00,0.00,0,0,0.00,0.00,0
2026-05-09 15:40:34,1,1,1,2357.2,-32,28.5,1124,2072,0,0.00,0.00,0,0,0.00,0.00,0
2026-05-09 15:40:34,1,1,1,2343.9,-39,27.7,1090,2075,0,0.00,0.00,0,0,0.00,0.00,0
2026-05-09 15:40:34,1,1,1,2329.6,-48,26.9,1055,2077,0,0.00,0.00,0,0,0.00,0.00,0
2026-05-09 15:40:34,1,1,1,2329.6,-48,26.9,1055,2077,0,0.00,0.00,0,0,0.00,0.00,0
2026-05-09 15:40:34,1,1,1,2301.0,-79,26.0,1007,2069,0,0.00,0.00,0,0,0.00,0.00,0
2026-05-09 15:40:34,1,1,1,2301.0,-79,26.0,1007,2069,0,0.00,0.00,0,0,0.00,0.00,0
2026-05-09 15:40:34,1,1,1,2279.8,-79,25.5,983,2057,0,0.00,0.00,0,0,0.00,0.00,0
2026-05-09 15:40:34,1,1,1,2279.8,-79,25.5,983,2057,0,0.00,0.00,0,0,0.00,0.00,0
2026-05-09 15:40:34,1,1,1,2255.0,-56,24.9,948,2046,0,0.00,0.00,0,0,0.00,0.00,0
2026-05-09 15:40:34,1,1,1,2201.1,-56,23.3,872,2021,0,0.00,0.00,0,0,0.00,0.00,0
2026-05-09 15:40:34,1,1,1,2201.1,-56,23.3,872,2021,0,0.00,0.00,0,0,0.00,0.00,0
2026-05-09 15:40:34,1,1,1,2155.3,-79,21.2,778,2010,0,0.00,0.00,0,0,0.00,0.00,0
2026-05-09 15:40:35,1,1,1,2155.3,-79,21.2,778,2010,0,0.00,0.00,0,0,0.00,0.00,0
2026-05-09 15:40:35,1,1,1,2094.2,-56,19.1,685,1979,0,0.00,0.00,0,0,0.00,0.00,0
2026-05-09 15:40:35,1,1,1,2094.2,-56,19.1,685,1979,0,0.00,0.00,0,1,2.01,-0.48,35410
2026-05-09 15:40:35,1,1,1,2038.0,-48,17.1,599,1948,0,0.00,0.00,0,1,2.01,-0.48,35410
2026-05-09 15:40:35,1,1,1,2038.0,-48,17.1,599,1948,0,0.00,0.00,0,1,2.60,-0.21,2025
2026-05-09 15:40:35,1,1,1,1990.8,-56,15.4,530,1919,0,0.00,0.00,0,1,2.60,-0.21,2025
2026-05-09 15:40:35,1,1,1,1942.7,-79,14.0,470,1885,0,0.00,0.00,0,1,2.58,-0.21,2025
2026-05-09 15:40:35,1,1,1,1942.7,-79,14.0,470,1885,0,0.00,0.00,0,1,2.58,-0.21,2025
2026-05-09 15:40:35,1,1,1,1887.6,-56,13.2,430,1838,0,0.00,0.00,0,1,2.58,-0.21,2025
2026-05-09 15:40:35,1,1,1,1887.6,-56,13.2,430,1838,0,0.00,0.00,0,1,2.58,-0.21,2025
2026-05-09 15:40:35,1,1,1,1830.6,-56,12.5,397,1787,0,0.00,0.00,0,1,2.58,-0.21,2025
2026-05-09 15:40:35,1,1,1,1830.6,-56,12.5,397,1787,0,0.00,0.00,0,1,2.58,-0.21,2025
2026-05-09 15:40:35,1,1,1,1775.2,-56,12.1,371,1736,0,0.00,0.00,0,1,2.58,-0.21,2025
2026-05-09 15:40:35,1,1,1,1723.9,-56,11.7,350,1688,0,0.00,0.00,0,1,2.58,-0.21,2025
2026-05-09 15:40:35,1,1,1,1723.9,-56,11.7,350,1688,0,0.00,0.00,0,1,2.58,-0.21,2025
2026-05-09 15:40:35,1,1,1,1670.0,-79,10.3,299,1643,0,0.00,0.00,0,1,2.58,-0.21,2025
2026-05-09 15:40:35,1,1,1,1670.0,-79,10.3,299,1643,0,0.00,0.00,0,1,2.58,-0.21,2025
2026-05-09 15:40:35,1,1,1,1611.9,-96,8.3,233,1595,0,0.00,0.00,0,1,2.58,-0.21,2025
2026-05-09 15:40:35,1,1,1,1611.9,-96,8.3,233,1595,0,0.00,0.00,0,1,2.58,-0.21,2025
2026-05-09 15:40:35,1,1,1,1550.9,-79,6.5,175,1541,0,0.00,0.00,0,0,0.00,0.00,0
2026-05-09 15:40:36,1,1,1,1550.9,-79,6.5,175,1541,0,0.00,0.00,0,0,0.00,0.00,0
2026-05-09 15:40:36,1,1,1,1483.5,-72,5.4,139,1477,0,0.00,0.00,0,0,0.00,0.00,0
2026-05-09 15:40:36,1,1,1,1417.7,-64,4.2,103,1414,0,0.00,0.00,0,0,0.00,0.00,0
2026-05-09 15:40:36,1,1,1,1417.7,-64,4.2,103,1414,0,0.00,0.00,0,0,0.00,0.00,0
2026-05-09 15:40:36,1,1,1,1354.5,-72,2.7,64,1353,0,0.00,0.00,0,0,0.00,0.00,0
2026-05-09 15:40:36,1,1,1,1354.5,-72,2.7,64,1353,0,0.00,0.00,0,0,0.00,0.00,0
2026-05-09 15:40:36,1,1,1,1279.7,-39,1.9,43,1279,0,0.00,0.00,0,0,0.00,0.00,0
2026-05-09 15:40:36,1,1,1,1279.7,-39,1.9,43,1279,0,0.00,0.00,0,0,0.00,0.00,0
2026-05-09 15:40:36,1,1,1,1218.1,-79,0.9,19,1218,0,0.00,0.00,0,0,0.00,0.00,0
2026-05-09 15:40:36,1,1,1,1218.1,-79,0.9,19,1218,0,0.00,0.00,0,0,0.00,0.00,0
2026-05-09 15:40:36,1,1,1,1157.0,-88,-0.5,-10,1157,0,0.00,0.00,0,0,0.00,0.00,0
2026-05-09 15:40:36,1,1,1,1101.5,-72,-1.8,-34,1101,0,0.00,0.00,0,0,0.00,0.00,0
2026-05-09 15:40:36,1,1,1,1101.5,-72,-1.8,-34,1101,0,0.00,0.00,0,0,0.00,0.00,0
2026-05-09 15:40:36,1,1,1,1042.4,-56,-3.0,-54,1041,0,0.00,0.00,0,0,0.00,0.00,0
2026-05-09 15:40:36,1,1,1,1042.4,-56,-3.0,-54,1041,0,0.00,0.00,0,0,0.00,0.00,0
2026-05-09 15:40:36,1,1,1,991.2,-56,-3.8,-66,989,0,0.00,0.00,0,0,0.00,0.00,0
2026-05-09 15:40:36,1,1,1,991.2,-56,-3.8,-66,989,0,0.00,0.00,0,0,0.00,0.00,0
2026-05-09 15:40:36,1,1,1,940.2,-56,-4.8,-78,937,0,0.00,0.00,0,0,0.00,0.00,0
2026-05-09 15:40:36,1,1,1,885.6,-56,-5.2,-80,882,0,0.00,0.00,0,0,0.00,0.00,0
2026-05-09 15:40:36,1,1,1,885.6,-56,-5.2,-80,882,0,0.00,0.00,0,0,0.00,0.00,0
2026-05-09 15:40:37,1,1,1,838.6,-56,-6.0,-88,834,0,0.00,0.00,0,0,0.00,0.00,0
2026-05-09 15:40:37,1,1,1,838.6,-56,-6.0,-88,834,0,0.00,0.00,0,0,0.00,0.00,0
2026-05-09 15:40:37,1,1,1,772.5,-39,-6.2,-83,768,0,0.00,0.00,0,0,0.00,0.00,0
2026-05-09 15:40:37,1,1,1,772.5,-39,-6.2,-83,768,0,0.00,0.00,0,0,0.00,0.00,0
2026-05-09 15:40:37,1,1,1,717.5,-48,-6.4,-80,713,0,0.00,0.00,0,0,0.00,0.00,0
2026-05-09 15:40:37,1,1,1,717.5,-48,-6.4,-80,713,0,0.00,0.00,0,0,0.00,0.00,0
2026-05-09 15:40:37,1,1,1,660.3,-39,-6.5,-75,656,0,0.00,0.00,0,0,0.00,0.00,0
2026-05-09 15:40:37,1,1,1,609.7,-48,-6.3,-67,606,0,0.00,0.00,0,0,0.00,0.00,0
2026-05-09 15:40:37,1,1,1,609.7,-48,-6.3,-67,606,0,0.00,0.00,0,0,0.00,0.00,0
2026-05-09 15:40:37,1,1,1,551.8,-8,-4.6,-44,550,0,0.00,0.00,0,0,0.00,0.00,0
2026-05-09 15:40:37,1,1,1,551.8,-8,-4.6,-44,550,0,0.00,0.00,0,0,0.00,0.00,0
2026-05-09 15:40:37,1,1,1,506.8,-48,-3.2,-28,506,0,0.00,0.00,0,0,0.00,0.00,0
2026-05-09 15:40:37,1,1,1,506.8,-48,-3.2,-28,506,0,0.00,0.00,0,0,0.00,0.00,0
2026-05-09 15:40:37,1,1,1,458.9,-72,-3.5,-28,458,0,0.00,0.00,0,0,0.00,0.00,0
2026-05-09 15:40:37,1,1,1,418.1,-39,-4.1,-30,417,0,0.00,0.00,0,0,0.00,0.00,0
2026-05-09 15:40:37,1,1,1,418.1,-39,-4.1,-30,417,0,0.00,0.00,0,0,0.00,0.00,0
2026-05-09 15:40:37,1,1,1,385.5,0,-3.0,-20,385,0,0.00,0.00,0,0,0.00,0.00,0
2026-05-09 15:40:37,1,1,1,385.5,0,-3.0,-20,385,0,0.00,0.00,0,0,0.00,0.00,0
2026-05-09 15:40:37,1,1,1,356.0,32,0.2,1,356,0,0.00,0.00,0,0,0.00,0.00,0
2026-05-09 15:40:37,1,1,1,356.0,32,0.2,1,356,0,0.00,0.00,0,0,0.00,0.00,0
2026-05-09 15:40:38,1,1,1,333.6,48,5.7,33,332,0,0.00,0.00,0,0,0.00,0.00,0
2026-05-09 15:40:38,1,1,1,333.6,48,5.7,33,332,0,0.00,0.00,0,0,0.00,0.00,0
2026-05-09 15:40:38,1,1,1,327.1,48,12.0,68,320,0,0.00,0.00,0,0,0.00,0.00,0
2026-05-09 15:40:38,1,1,1,333.2,48,16.2,93,320,0,0.00,0.00,0,0,0.00,0.00,0
2026-05-09 15:40:38,1,1,1,333.2,48,16.2,93,320,0,0.00,0.00,0,0,0.00,0.00,0
2026-05-09 15:40:38,1,1,1,342.2,48,19.3,113,323,0,0.00,0.00,0,0,0.00,0.00,0
2026-05-09 15:40:38,1,1,1,342.2,48,19.3,113,323,0,0.00,0.00,0,1,0.50,0.47,57444
2026-05-09 15:40:38,1,1,1,353.2,39,21.8,131,328,0,0.00,0.00,0,1,0.50,0.47,57444
2026-05-09 15:40:38,1,1,1,353.2,39,21.8,131,328,1,0.52,0.47,12073,1,0.52,0.47,12073
2026-05-09 15:40:38,1,1,1,368.8,32,22.0,138,342,1,0.52,0.47,12073,1,0.52,0.47,12073
2026-05-09 15:40:38,1,1,1,386.7,56,24.1,158,353,1,0.57,0.47,12073,1,0.57,0.47,12073
2026-05-09 15:40:38,1,1,1,386.7,56,24.1,158,353,1,0.57,0.47,12073,1,0.57,0.47,12073
2026-05-09 15:40:38,1,1,1,413.8,64,25.3,177,374,1,0.60,0.56,60786,1,0.60,0.56,60786
2026-05-09 15:40:38,1,1,1,413.8,64,25.3,177,374,1,0.60,0.56,60786,1,0.60,0.56,60786
2026-05-09 15:40:38,1,1,1,451.7,79,27.1,206,402,1,0.69,0.61,11789,1,0.69,0.61,11789
2026-05-09 15:40:38,1,1,1,451.7,79,27.1,206,402,1,0.69,0.61,11789,1,0.69,0.61,11789
2026-05-09 15:40:38,1,1,1,496.0,79,26.2,219,445,1,0.75,0.61,11789,1,0.75,0.61,11789
2026-05-09 15:40:38,1,1,1,496.0,79,26.2,219,445,1,0.75,0.61,11789,1,0.75,0.61,11789
2026-05-09 15:40:38,1,1,1,547.9,79,25.6,237,494,1,0.81,0.64,22201,1,0.81,0.64,22201
2026-05-09 15:40:38,1,1,1,602.3,64,24.7,252,547,1,0.81,0.64,22201,1,0.81,0.64,22201
2026-05-09 15:40:39,1,1,1,602.3,64,24.7,252,547,1,0.87,0.64,22201,1,0.87,0.64,22201
2026-05-09 15:40:39,1,1,1,631.1,64,24.1,258,576,1,0.87,0.64,22201,1,0.87,0.64,22201
2026-05-09 15:40:39,1,1,1,631.1,64,24.1,258,576,1,0.96,0.66,44373,1,0.96,0.66,44373
2026-05-09 15:40:39,1,1,1,659.4,72,23.2,260,606,1,0.96,0.66,44373,1,0.96,0.66,44373
2026-05-09 15:40:39,1,1,1,659.4,72,23.2,260,606,1,1.02,0.67,35796,1,1.02,0.67,35796
2026-05-09 15:40:39,1,1,1,695.8,72,23.1,273,640,1,1.02,0.67,35796,1,1.02,0.67,35796
2026-05-09 15:40:39,1,1,1,736.6,79,23.0,288,678,1,1.09,0.67,35796,1,1.09,0.67,35796
2026-05-09 15:40:39,1,1,1,736.6,79,23.0,288,678,1,1.09,0.67,35796,1,1.09,0.67,35796
2026-05-09 15:40:39,1,1,1,780.4,72,23.8,315,714,1,1.19,0.74,58213,1,1.19,0.74,58213
2026-05-09 15:40:39,1,1,1,780.4,72,23.8,315,714,1,1.19,0.74,58213,1,1.19,0.74,58213
2026-05-09 15:40:39,1,1,1,867.8,79,24.3,357,791,1,1.27,0.74,58213,1,1.27,0.74,58213
2026-05-09 15:40:39,1,1,1,867.8,79,24.3,357,791,1,1.27,0.74,58213,1,1.27,0.74,58213
2026-05-09 15:40:39,1,1,1,951.1,72,22.0,356,882,1,1.37,0.75,39412,1,1.37,0.75,39412
2026-05-09 15:40:39,1,1,1,951.1,72,22.0,356,882,1,1.37,0.75,39412,1,1.37,0.75,39412
2026-05-09 15:40:39,1,1,1,1032.6,56,21.0,370,964,1,1.44,0.75,39412,1,1.44,0.75,39412
2026-05-09 15:40:39,1,1,1,1109.5,72,21.0,397,1036,1,1.44,0.75,39412,1,1.44,0.75,39412
2026-05-09 15:40:39,1,1,1,1109.5,72,21.0,397,1036,1,1.44,0.75,39412,1,1.44,0.75,39412
2026-05-09 15:40:39,1,1,1,1181.3,79,20.6,415,1106,1,1.44,0.75,39412,1,1.44,0.75,39412
2026-05-09 15:40:39,1,1,1,1181.3,79,20.6,415,1106,1,1.44,0.75,39412,1,1.44,0.75,39412
2026-05-09 15:40:39,1,1,1,1253.1,88,19.5,419,1181,1,1.44,0.75,39412,1,1.44,0.75,39412
2026-05-09 15:40:40,1,1,1,1253.1,88,19.5,419,1181,1,1.44,0.75,39412,1,1.44,0.75,39412
2026-05-09 15:40:40,1,1,1,1330.5,104,17.8,406,1267,1,1.44,0.75,39412,1,1.44,0.75,39412
2026-05-09 15:40:40,1,1,1,1330.5,104,17.8,406,1267,1,3.25,0.01,3677,1,3.25,0.01,3677
2026-05-09 15:40:40,1,1,1,1407.1,96,16.1,390,1352,1,3.25,0.01,3677,1,3.25,0.01,3677
2026-05-09 15:40:40,1,1,1,1480.9,72,14.3,366,1435,1,3.25,0.01,3677,1,3.25,0.01,3677
2026-05-09 15:40:40,1,1,1,1480.9,72,14.3,366,1435,1,3.25,0.01,3677,1,3.25,0.01,3677
2026-05-09 15:40:40,1,1,1,1557.2,72,13.2,356,1516,1,3.25,0.01,3677,1,3.25,0.01,3677
2026-05-09 15:40:40,1,1,1,1557.2,72,13.2,356,1516,1,3.25,0.01,3677,1,3.25,0.01,3677
2026-05-09 15:40:40,1,1,1,1626.1,72,12.4,350,1588,1,3.25,0.01,3677,1,3.25,0.01,3677
2026-05-09 15:40:40,1,1,1,1626.1,72,12.4,350,1588,1,3.25,0.01,3677,1,3.25,0.01,3677
2026-05-09 15:40:40,1,1,1,1693.1,72,11.9,348,1657,1,3.25,0.01,3677,1,3.25,0.01,3677
2026-05-09 15:40:40,1,1,1,1773.6,72,12.0,368,1735,1,3.25,0.01,3677,1,3.25,0.01,3677
2026-05-09 15:40:40,1,1,1,1773.6,72,12.0,368,1735,1,2.24,0.81,51125,1,2.24,0.81,51125
2026-05-09 15:40:40,1,1,1,1851.3,88,11.5,370,1814,1,2.24,0.81,51125,1,2.24,0.81,51125
2026-05-09 15:40:40,1,1,1,1851.3,88,11.5,370,1814,1,2.33,0.81,51125,1,2.33,0.81,51125
2026-05-09 15:40:40,1,1,1,1919.8,79,10.4,348,1888,1,2.33,0.81,51125,1,2.33,0.81,51125
2026-05-09 15:40:40,1,1,1,1919.8,79,10.4,348,1888,1,2.33,0.81,51125,1,2.33,0.81,51125
2026-05-09 15:40:40,1,1,1,1979.4,56,9.2,316,1954,1,2.33,0.81,51125,1,2.33,0.81,51125
2026-05-09 15:40:40,1,1,1,1979.4,56,9.2,316,1954,1,2.33,0.81,51125,1,2.33,0.81,51125
2026-05-09 15:40:40,1,1,1,2052.2,0,7.8,280,2033,1,2.33,0.81,51125,1,2.33,0.81,51125
2026-05-09 15:40:41,1,1,1,2099.4,56,6.2,228,2087,1,2.33,0.81,51125,1,2.33,0.81,51125
2026-05-09 15:40:41,1,1,1,2099.4,56,6.2,228,2087,1,2.33,0.81,51125,1,2.33,0.81,51125
2026-05-09 15:40:41,1,1,1,2135.5,56,5.4,201,2126,1,2.33,0.81,51125,1,2.33,0.81,51125
2026-05-09 15:40:41,1,1,1,2135.5,56,5.4,201,2126,1,2.33,0.81,51125,1,2.33,0.81,51125
2026-05-09 15:40:41,1,1,1,2178.7,56,4.8,183,2171,1,2.50,0.71,21389,1,2.50,0.71,21389
2026-05-09 15:40:41,1,1,1,2178.7,56,4.8,183,2171,1,2.50,0.71,21389,1,2.50,0.71,21389
2026-05-09 15:40:41,1,1,1,2229.0,48,4.2,164,2223,1,2.57,0.71,21389,1,2.57,0.71,21389
2026-05-09 15:40:41,1,1,1,2278.4,32,3.5,141,2274,1,2.57,0.71,21389,1,2.57,0.71,21389
2026-05-09 15:40:41,1,1,1,2278.4,32,3.5,141,2274,1,2.57,0.71,21389,1,2.57,0.71,21389
2026-05-09 15:40:41,1,1,1,2329.7,24,2.8,113,2327,1,2.57,0.71,21389,1,2.57,0.71,21389
2026-05-09 15:40:41,1,1,1,2329.7,24,2.8,113,2327,1,2.57,0.71,21389,1,2.57,0.71,21389
2026-05-09 15:40:41,1,1,1,2395.1,0,1.7,71,2394,1,2.57,0.71,21389,1,2.57,0.71,21389
2026-05-09 15:40:41,1,1,1,2395.1,0,1.7,71,2394,1,2.57,0.71,21389,1,2.57,0.71,21389
2026-05-09 15:40:41,1,1,1,2441.4,16,1.1,45,2441,1,2.57,0.71,21389,1,2.57,0.71,21389
2026-05-09 15:40:41,1,1,1,2441.4,16,1.1,45,2441,1,2.57,0.71,21389,1,2.57,0.71,21389
2026-05-09 15:40:41,1,1,1,2499.0,0,0.0,0,2499,1,2.57,0.71,21389,1,2.57,0.71,21389
2026-05-09 15:40:41,1,1,1,2575.5,0,-1.1,-51,2575,1,2.57,0.71,21389,1,2.57,0.71,21389
2026-05-09 15:40:41,1,1,1,2575.5,0,-1.1,-51,2575,1,2.57,0.71,21389,1,2.57,0.71,21389
2026-05-09 15:40:41,1,1,1,2633.6,-24,-2.0,-93,2632,1,2.57,0.71,21389,1,2.57,0.71,21389
2026-05-09 15:40:41,1,1,1,2633.6,-24,-2.0,-93,2632,1,0.00,0.00,0,0,0.00,0.00,0
2026-05-09 15:40:42,1,1,1,2628.6,-39,-2.6,-117,2626,1,0.00,0.00,0,0,0.00,0.00,0
2026-05-09 15:40:42,1,1,1,2628.6,-39,-2.6,-117,2626,1,0.00,0.00,0,0,0.00,0.00,0
2026-05-09 15:40:42,1,1,1,2627.0,0,-3.2,-145,2623,1,0.00,0.00,0,0,0.00,0.00,0
2026-05-09 15:40:42,1,1,1,2689.8,0,-4.4,-205,2682,1,0.00,0.00,0,0,0.00,0.00,0
2026-05-09 15:40:42,1,1,1,2689.8,0,-4.4,-205,2682,0,0.00,0.00,0,0,0.00,0.00,0
2026-05-09 15:40:42,1,1,1,2745.8,-32,-5.5,-265,2733,0,0.00,0.00,0,0,0.00,0.00,0
2026-05-09 15:40:42,1,1,1,2745.8,-32,-5.5,-265,2733,0,0.00,0.00,0,0,0.00,0.00,0
2026-05-09 15:40:42,1,1,1,2703.6,-32,-5.8,-271,2690,0,0.00,0.00,0,0,0.00,0.00,0
2026-05-09 15:40:42,1,1,1,2703.6,-32,-5.8,-271,2690,0,0.00,0.00,0,0,0.00,0.00,0
2026-05-09 15:40:42,1,1,1,2636.3,-39,-6.0,-274,2622,0,0.00,0.00,0,0,0.00,0.00,0
2026-05-09 15:40:42,1,1,1,2636.3,-39,-6.0,-274,2622,0,0.00,0.00,0,1,2.49,-0.47,26210
2026-05-09 15:40:42,1,1,1,2562.3,-39,-6.3,-280,2547,0,0.00,0.00,0,1,2.49,-0.47,26210
2026-05-09 15:40:42,1,1,1,2496.5,-48,-6.8,-295,2479,1,2.47,-0.46,52722,1,2.47,-0.46,52722
2026-05-09 15:40:42,1,1,1,2496.5,-48,-6.8,-295,2479,1,2.47,-0.46,52722,1,2.47,-0.46,52722
2026-05-09 15:40:42,1,1,1,2435.8,-64,-7.5,-318,2415,1,2.42,-0.46,52722,1,2.42,-0.46,52722
2026-05-09 15:40:42,1,1,1,2435.8,-64,-7.5,-318,2415,1,2.42,-0.46,52722,1,2.42,-0.46,52722
2026-05-09 15:40:42,1,1,1,2388.2,0,-8.3,-346,2363,1,2.33,-0.46,21908,1,2.33,-0.46,21908
2026-05-09 15:40:42,1,1,1,2388.2,0,-8.3,-346,2363,1,2.33,-0.46,21908,1,2.33,-0.46,21908
2026-05-09 15:40:42,1,1,1,2344.8,-48,-9.3,-379,2314,1,2.29,-0.46,21908,1,2.29,-0.46,21908
2026-05-09 15:40:42,1,1,1,2302.5,-48,-10.4,-414,2265,1,2.29,-0.46,21908,1,2.29,-0.46,21908
2026-05-09 15:40:43,1,1,1,2302.5,-48,-10.4,-414,2265,1,2.29,-0.46,21908,1,2.29,-0.46,21908
2026-05-09 15:40:43,1,1,1,2254.2,-72,-11.7,-459,2207,1,2.29,-0.46,21908,1,2.29,-0.46,21908
2026-05-09 15:40:43,1,1,1,2254.2,-72,-11.7,-459,2207,1,2.29,-0.46,21908,1,2.29,-0.46,21908
2026-05-09 15:40:43,1,1,1,2205.0,-72,-13.1,-498,2148,1,2.29,-0.46,21908,1,2.29,-0.46,21908
2026-05-09 15:40:43,1,1,1,2205.0,-72,-13.1,-498,2148,1,2.29,-0.46,21908,1,2.29,-0.46,21908
2026-05-09 15:40:43,1,1,1,2151.8,-96,-13.9,-516,2089,1,2.29,-0.46,21908,1,2.29,-0.46,21908
2026-05-09 15:40:43,1,1,1,2151.8,-96,-13.9,-516,2089,1,2.29,-0.46,21908,1,2.29,-0.46,21908
2026-05-09 15:40:43,1,1,1,2093.0,-88,-14.8,-533,2024,1,2.29,-0.46,21908,1,2.29,-0.46,21908
2026-05-09 15:40:43,1,1,1,2033.0,-72,-15.4,-540,1960,1,1.81,-0.72,7376,1,1.81,-0.72,7376
2026-05-09 15:40:43,1,1,1,2033.0,-72,-15.4,-540,1960,1,1.81,-0.72,7376,1,1.81,-0.72,7376
2026-05-09 15:40:43,1,1,1,1980.3,-56,-15.9,-541,1905,1,1.73,-0.72,7376,1,1.73,-0.72,7376
2026-05-09 15:40:43,1,1,1,1980.3,-56,-15.9,-541,1905,1,1.73,-0.72,7376,1,1.73,-0.72,7376
2026-05-09 15:40:43,1,1,1,1921.2,-72,-16.5,-546,1842,1,1.71,-0.70,16501,1,1.71,-0.70,16501
2026-05-09 15:40:43,1,1,1,1921.2,-72,-16.5,-546,1842,1,1.71,-0.70,16501,1,1.71,-0.70,16501
2026-05-09 15:40:43,1,1,1,1863.4,-72,-17.1,-548,1781,1,1.63,-0.70,16501,1,1.63,-0.70,16501
2026-05-09 15:40:43,1,1,1,1801.6,-79,-17.8,-552,1715,1,1.63,-0.70,16501,1,1.63,-0.70,16501
2026-05-09 15:40:43,1,1,1,1801.6,-79,-17.8,-552,1715,1,1.57,-0.71,36530,1,1.57,-0.71,36530
2026-05-09 15:40:43,1,1,1,1735.8,-79,-18.7,-557,1644,1,1.57,-0.71,36530,1,1.57,-0.71,36530
2026-05-09 15:40:43,1,1,1,1735.8,-79,-18.7,-557,1644,1,1.50,-0.71,36530,1,1.50,-0.71,36530
2026-05-09 15:40:43,1,1,1,1666.8,-96,-19.5,-557,1571,1,1.50,-0.71,36530,1,1.50,-0.71,36530
2026-05-09 15:40:44,1,1,1,1666.8,-96,-19.5,-557,1571,1,1.45,-0.70,25090,1,1.45,-0.70,25090
2026-05-09 15:40:44,1,1,1,1607.4,-64,-20.5,-562,1506,1,1.45,-0.70,25090,1,1.45,-0.70,25090
2026-05-09 15:40:44,1,1,1,1607.4,-64,-20.5,-562,1506,1,1.38,-0.70,25090,1,1.38,-0.70,25090
2026-05-09 15:40:44,1,1,1,1553.4,-64,-21.3,-565,1447,1,1.38,-0.70,25090,1,1.38,-0.70,25090
2026-05-09 15:40:44,1,1,1,1494.0,-64,-22.2,-565,1383,1,1.30,-0.71,7069,1,1.30,-0.71,7069
2026-05-09 15:40:44,1,1,1,1494.0,-64,-22.2,-565,1383,1,1.30,-0.71,7069,1,1.30,-0.71,7069
2026-05-09 15:40:44,1,1,1,1441.4,-72,-23.1,-565,1326,1,1.23,-0.71,7069,1,1.23,-0.71,7069
2026-05-09 15:40:44,1,1,1,1441.4,-72,-23.1,-565,1326,1,1.23,-0.71,7069,1,1.23,-0.71,7069
2026-05-09 15:40:44,1,1,1,1380.0,-79,-23.8,-556,1263,1,1.17,-0.70,63361,1,1.17,-0.70,63361
2026-05-09 15:40:44,1,1,1,1380.0,-79,-23.8,-556,1263,1,1.17,-0.70,63361,1,1.17,-0.70,63361
2026-05-09 15:40:44,1,1,1,1316.9,-79,-24.1,-538,1202,1,1.09,-0.71,49289,1,1.09,-0.71,49289
2026-05-09 15:40:44,1,1,1,1316.9,-79,-24.1,-538,1202,1,1.09,-0.71,49289,1,1.09,-0.71,49289
2026-05-09 15:40:44,1,1,1,1254.3,-72,-23.6,-503,1149,1,1.02,-0.71,4586,1,1.02,-0.71,4586
2026-05-09 15:40:44,1,1,1,1188.2,-72,-23.5,-473,1090,1,1.02,-0.71,4586,1,1.02,-0.71,4586
2026-05-09 15:40:44,1,1,1,1188.2,-72,-23.5,-473,1090,1,0.97,-0.66,16109,1,0.97,-0.66,16109
2026-05-09 15:40:44,1,1,1,1118.8,-56,-23.9,-453,1023,1,0.97,-0.66,16109,1,0.97,-0.66,16109
2026-05-09 15:40:44,1,1,1,1118.8,-56,-23.9,-453,1023,1,0.92,-0.65,7994,1,0.92,-0.65,7994
2026-05-09 15:40:44,1,1,1,1056.7,-56,-24.3,-435,963,1,0.92,-0.65,7994,1,0.92,-0.65,7994
2026-05-09 15:40:44,1,1,1,1056.7,-56,-24.3,-435,963,1,0.86,-0.62,40740,1,0.86,-0.62,40740
2026-05-09 15:40:44,1,1,1,974.0,-48,-25.0,-411,883,1,0.86,-0.62,40740,1,0.86,-0.62,40740
2026-05-09 15:40:45,1,1,1,903.4,-56,-24.7,-377,821,1,0.80,-0.59,48681,1,0.80,-0.59,48681
2026-05-09 15:40:45,1,1,1,903.4,-56,-24.7,-377,821,1,0.80,-0.59,48681,1,0.80,-0.59,48681
2026-05-09 15:40:45,1,1,1,848.0,-64,-24.4,-351,772,1,0.74,-0.57,35620,1,0.74,-0.57,35620
2026-05-09 15:40:45,1,1,1,848.0,-64,-24.4,-351,772,1,0.74,-0.57,35620,1,0.74,-0.57,35620
2026-05-09 15:40:45,1,1,1,802.9,-72,-24.4,-332,731,1,0.68,-0.56,44385,1,0.68,-0.56,44385
2026-05-09 15:40:45,1,1,1,802.9,-72,-24.4,-332,731,1,0.68,-0.56,44385,1,0.68,-0.56,44385
2026-05-09 15:40:45,1,1,1,741.0,-56,-23.8,-299,678,1,0.62,-0.55,10621,1,0.62,-0.55,10621
2026-05-09 15:40:45,1,1,1,741.0,-56,-23.8,-299,678,1,0.62,-0.55,10621,1,0.62,-0.55,10621
2026-05-09 15:40:45,1,1,1,673.2,-39,-22.3,-255,623,1,0.56,-0.53,62596,1,0.56,-0.53,62596
2026-05-09 15:40:45,1,1,1,600.1,-32,-20.0,-205,564,1,0.56,-0.53,62596,1,0.56,-0.53,62596
2026-05-09 15:40:45,1,1,1,600.1,-32,-20.0,-205,564,1,0.52,-0.48,37704,1,0.52,-0.48,37704
2026-05-09 15:40:45,1,1,1,533.1,-24,-16.6,-152,511,1,0.52,-0.48,37704,1,0.52,-0.48,37704
2026-05-09 15:40:45,1,1,1,533.1,-24,-16.6,-152,511,1,0.47,-0.48,37704,1,0.47,-0.48,37704
2026-05-09 15:40:45,1,1,1,487.3,-24,-13.9,-117,473,1,0.47,-0.48,37704,1,0.47,-0.48,37704
2026-05-09 15:40:45,1,1,1,487.3,-24,-13.9,-117,473,1,0.47,-0.48,37704,1,0.47,-0.48,37704
2026-05-09 15:40:45,1,1,1,444.4,-24,-11.2,-86,436,1,0.47,-0.48,37704,1,0.47,-0.48,37704
2026-05-09 15:40:45,1,1,1,413.8,-16,-8.8,-63,409,1,0.47,-0.48,37704,1,0.47,-0.48,37704
2026-05-09 15:40:45,1,1,1,413.8,-16,-8.8,-63,409,1,0.47,-0.48,37704,1,0.47,-0.48,37704
2026-05-09 15:40:45,1,1,1,384.8,-8,-6.9,-46,382,1,0.47,-0.48,37704,1,0.47,-0.48,37704
2026-05-09 15:40:45,1,1,1,384.8,-8,-6.9,-46,382,1,0.47,-0.48,37704,1,0.47,-0.48,37704
2026-05-09 15:40:46,1,1,1,372.2,8,-1.7,-11,372,1,0.47,-0.48,37704,1,0.47,-0.48,37704
2026-05-09 15:40:46,1,1,1,372.2,8,-1.7,-11,372,1,0.47,-0.48,37704,1,0.47,-0.48,37704
2026-05-09 15:40:46,1,1,1,366.3,16,2.3,15,366,1,0.47,-0.48,37704,1,0.47,-0.48,37704
2026-05-09 15:40:46,1,1,1,366.3,16,2.3,15,366,1,0.47,-0.48,37704,1,0.47,-0.48,37704
2026-05-09 15:40:46,1,1,1,369.6,24,5.3,34,368,1,0.47,-0.48,37704,1,0.47,-0.48,37704
2026-05-09 15:40:46,1,1,1,364.8,16,10.3,65,359,1,0.00,0.00,0,0,0.00,0.00,0
2026-05-09 15:40:46,1,1,1,364.8,16,10.3,65,359,1,0.50,0.47,43600,1,0.50,0.47,43600
2026-05-09 15:40:46,1,1,1,368.5,32,14.9,95,356,1,0.50,0.47,43600,1,0.50,0.47,43600
2026-05-09 15:40:46,1,1,1,368.5,32,14.9,95,356,1,0.53,0.47,1634,1,0.53,0.47,1634
2026-05-09 15:40:46,1,1,1,379.2,39,18.3,119,360,1,0.53,0.47,1634,1,0.53,0.47,1634
2026-05-09 15:40:46,1,1,1,379.2,39,18.3,119,360,1,0.57,0.55,786,1,0.57,0.55,786
2026-05-09 15:40:46,1,1,1,394.0,56,20.5,138,369,1,0.57,0.55,786,1,0.57,0.55,786
2026-05-09 15:40:46,1,1,1,419.9,64,21.4,153,391,1,0.62,0.55,786,1,0.62,0.55,786
2026-05-09 15:40:46,1,1,1,419.9,64,21.4,153,391,0,0.00,0.00,0,1,0.62,0.55,786
2026-05-09 15:40:46,1,1,1,452.2,64,20.7,160,423,0,0.00,0.00,0,1,0.71,0.60,42490
2026-05-09 15:40:46,1,1,1,452.2,64,20.7,160,423,0,0.00,0.00,0,1,0.71,0.60,42490
2026-05-09 15:40:46,1,1,1,490.2,56,19.5,164,462,1,0.77,0.60,42490,1,0.77,0.60,42490
2026-05-09 15:40:46,1,1,1,490.2,56,19.5,164,462,1,0.77,0.60,42490,1,0.77,0.60,42490
2026-05-09 15:40:46,1,1,1,531.9,32,17.6,161,507,1,0.77,0.60,42490,1,0.77,0.60,42490
2026-05-09 15:40:46,1,1,1,531.9,32,17.6,161,507,1,0.77,0.60,42490,1,0.77,0.60,42490
2026-05-09 15:40:47,1,1,1,551.9,32,16.2,154,530,1,0.77,0.60,42490,1,0.77,0.60,42490
2026-05-09 15:40:47,1,1,1,559.5,32,15.6,150,539,1,0.77,0.60,42490,1,0.77,0.60,42490
2026-05-09 15:40:47,1,1,1,559.5,32,15.6,150,539,1,0.77,0.60,42490,1,0.77,0.60,42490
2026-05-09 15:40:47,1,1,1,566.6,39,14.7,144,548,1,0.77,0.60,42490,1,0.77,0.60,42490
2026-05-09 15:40:47,1,1,1,566.6,39,14.7,144,548,1,0.77,0.60,42490,1,0.77,0.60,42490
2026-05-09 15:40:47,1,1,1,575.6,72,13.4,133,560,1,0.77,0.60,42490,1,0.77,0.60,42490
2026-05-09 15:40:47,1,1,1,575.6,72,13.4,133,560,1,0.77,0.60,42490,1,0.77,0.60,42490
2026-05-09 15:40:47,1,1,1,586.6,64,11.9,121,574,1,0.77,0.60,42490,1,0.77,0.60,42490
2026-05-09 15:40:47,1,1,1,601.1,39,10.5,110,591,1,0.77,0.60,42490,1,0.77,0.60,42490
2026-05-09 15:40:47,1,1,1,601.1,39,10.5,110,591,1,0.00,0.00,0,0,0.00,0.00,0
2026-05-09 15:40:47,1,1,1,613.6,64,9.0,96,606,1,0.00,0.00,0,0,0.00,0.00,0
2026-05-09 15:40:47,1,1,1,613.6,64,9.0,96,606,1,0.00,0.00,0,0,0.00,0.00,0
2026-05-09 15:40:47,1,1,1,652.1,64,4.6,52,650,1,0.00,0.00,0,0,0.00,0.00,0
2026-05-09 15:40:47,1,1,1,652.1,64,4.6,52,650,1,0.00,0.00,0,0,0.00,0.00,0
2026-05-09 15:40:47,1,1,1,691.0,72,0.7,8,691,0,0.00,0.00,0,0,0.00,0.00,0
2026-05-09 15:40:47,1,1,1,691.0,72,0.7,8,691,0,0.00,0.00,0,0,0.00,0.00,0
2026-05-09 15:40:47,1,1,1,739.4,56,-1.9,-25,739,0,0.00,0.00,0,1,1.30,0.78,37521
2026-05-09 15:40:47,1,1,1,789.4,88,-4.5,-62,787,0,0.00,0.00,0,1,1.30,0.78,37521
2026-05-09 15:40:47,1,1,1,789.4,88,-4.5,-62,787,1,1.44,0.87,56402,1,1.44,0.87,56402
2026-05-09 15:40:47,1,1,1,899.7,72,-7.0,-110,893,1,1.44,0.87,56402,1,1.44,0.87,56402
2026-05-09 15:40:48,1,1,1,899.7,72,-7.0,-110,893,1,1.53,0.87,56402,1,1.53,0.87,56402
2026-05-09 15:40:48,1,1,1,1001.5,79,-9.4,-164,988,1,1.53,0.87,56402,1,1.53,0.87,56402
2026-05-09 15:40:48,1,1,1,1001.5,79,-9.4,-164,988,1,1.59,0.82,37866,1,1.59,0.82,37866
2026-05-09 15:40:48,1,1,1,1099.8,79,-11.2,-213,1079,1,1.59,0.82,37866,1,1.59,0.82,37866
2026-05-09 15:40:48,1,1,1,1189.9,72,-12.4,-256,1162,1,1.67,0.82,37866,1,1.67,0.82,37866
2026-05-09 15:40:48,1,1,1,1189.9,72,-12.4,-256,1162,1,1.67,0.82,37866,1,1.67,0.82,37866
2026-05-09 15:40:48,1,1,1,1269.7,79,-13.8,-303,1233,1,1.75,0.82,32722,1,1.75,0.82,32722
2026-05-09 15:40:48,1,1,1,1269.7,79,-13.8,-303,1233,1,1.75,0.82,32722,1,1.75,0.82,32722
2026-05-09 15:40:48,1,1,1,1344.8,88,-15.0,-348,1299,1,1.83,0.82,32722,1,1.83,0.82,32722
2026-05-09 15:40:48,1,1,1,1344.8,88,-15.0,-348,1299,1,1.83,0.82,32722,1,1.83,0.82,32722
2026-05-09 15:40:48,1,1,1,1421.1,88,-15.7,-385,1368,1,1.94,0.85,16994,1,1.94,0.85,16994
2026-05-09 15:40:48,1,1,1,1421.1,88,-15.7,-385,1368,1,1.94,0.85,16994,1,1.94,0.85,16994
2026-05-09 15:40:48,1,1,1,1497.4,88,-16.1,-414,1439,1,2.03,0.85,16994,1,2.03,0.85,16994
2026-05-09 15:40:48,1,1,1,1571.3,56,-15.9,-431,1511,1,2.03,0.85,16994,1,2.03,0.85,16994
2026-05-09 15:40:48,1,1,1,1571.3,56,-15.9,-431,1511,1,2.07,0.78,7488,1,2.07,0.78,7488
2026-05-09 15:40:48,1,1,1,1640.0,56,-15.7,-443,1579,1,2.07,0.78,7488,1,2.07,0.78,7488
2026-05-09 15:40:48,1,1,1,1640.0,56,-15.7,-443,1579,1,2.15,0.78,7488,1,2.15,0.78,7488
2026-05-09 15:40:48,1,1,1,1708.5,56,-15.5,-458,1646,1,2.15,0.78,7488,1,2.15,0.78,7488
2026-05-09 15:40:48,1,1,1,1708.5,56,-15.5,-458,1646,1,2.15,0.78,7488,1,2.15,0.78,7488
2026-05-09 15:40:48,1,1,1,1769.5,48,-15.3,-466,1707,1,2.15,0.78,7488,1,2.15,0.78,7488
2026-05-09 15:40:49,1,1,1,1769.5,48,-15.3,-466,1707,1,2.15,0.78,7488,1,2.15,0.78,7488
2026-05-09 15:40:49,1,1,1,1833.1,64,-15.1,-477,1770,1,2.15,0.78,7488,1,2.15,0.78,7488
2026-05-09 15:40:49,1,1,1,1902.1,64,-15.1,-497,1836,1,2.15,0.78,7488,1,2.15,0.78,7488
2026-05-09 15:40:49,1,1,1,1902.1,64,-15.1,-497,1836,1,2.15,0.78,7488,1,2.15,0.78,7488
2026-05-09 15:40:49,1,1,1,1969.6,64,-15.3,-519,1900,1,2.15,0.78,7488,1,2.15,0.78,7488
2026-05-09 15:40:49,1,1,1,1969.6,64,-15.3,-519,1900,1,2.15,0.78,7488,1,2.15,0.78,7488
2026-05-09 15:40:49,1,1,1,2049.6,0,-15.2,-537,1978,1,2.15,0.78,7488,1,2.15,0.78,7488
2026-05-09 15:40:49,1,1,1,2049.6,0,-15.2,-537,1978,1,2.15,0.78,7488,1,2.15,0.78,7488
2026-05-09 15:40:49,1,1,1,2105.6,32,-14.7,-533,2037,1,2.15,0.78,7488,1,2.15,0.78,7488
2026-05-09 15:40:49,1,1,1,2141.2,32,-13.5,-500,2082,1,0.00,0.00,0,0,0.00,0.00,0
2026-05-09 15:40:49,1,1,1,2141.2,32,-13.5,-500,2082,1,0.00,0.00,0,0,0.00,0.00,0
2026-05-09 15:40:49,1,1,1,2184.1,0,-12.3,-465,2134,1,0.00,0.00,0,0,0.00,0.00,0
2026-05-09 15:40:49,1,1,1,2184.1,0,-12.3,-465,2134,1,0.00,0.00,0,0,0.00,0.00,0
2026-05-09 15:40:49,1,1,1,2346.7,0,-12.1,-490,2295,1,0.00,0.00,0,0,0.00,0.00,0
2026-05-09 15:40:49,1,1,1,2346.7,0,-12.1,-490,2295,0,0.00,0.00,0,0,0.00,0.00,0
2026-05-09 15:40:49,1,1,1,2510.0,0,-12.7,-550,2449,0,0.00,0.00,0,0,0.00,0.00,0
2026-05-09 15:40:49,1,1,1,2510.0,0,-12.7,-550,2449,0,0.00,0.00,0,1,2.74,0.47,5626
2026-05-09 15:40:49,1,1,1,2666.6,0,-13.0,-601,2598,0,0.00,0.00,0,1,2.74,0.47,5626
2026-05-09 15:40:49,1,1,1,2785.6,64,-13.1,-632,2713,1,2.78,0.47,5626,1,2.78,0.47,5626
2026-05-09 15:40:49,1,1,1,2785.6,64,-13.1,-632,2713,1,2.78,0.47,5626,1,2.78,0.47,5626
2026-05-09 15:40:50,1,1,1,2754.9,32,-11.8,-562,2697,1,2.78,0.47,5626,1,2.78,0.47,5626
2026-05-09 15:40:50,1,1,1,2754.9,32,-11.8,-562,2697,1,2.78,0.47,5626,1,2.78,0.47,5626
2026-05-09 15:40:50,1,1,1,2713.1,0,-10.3,-487,2669,1,2.78,0.47,5626,1,2.78,0.47,5626
2026-05-09 15:40:50,1,1,1,2713.1,0,-10.3,-487,2669,1,2.78,0.47,5626,1,2.78,0.47,5626
2026-05-09 15:40:50,1,1,1,2768.1,0,-10.0,-481,2726,1,2.78,0.47,5626,1,2.78,0.47,5626
2026-05-09 15:40:50,1,1,1,2829.8,0,-9.5,-467,2791,1,2.78,0.47,5626,1,2.78,0.47,5626
2026-05-09 15:40:50,1,1,1,2829.8,0,-9.5,-467,2791,1,2.78,0.47,5626,1,2.78,0.47,5626
2026-05-09 15:40:50,1,1,1,2871.5,0,-8.6,-431,2839,1,2.78,0.47,5626,1,2.78,0.47,5626
2026-05-09 15:40:50,1,1,1,2871.5,0,-8.6,-431,2839,1,2.78,0.47,5626,1,2.78,0.47,5626
2026-05-09 15:40:50,1,1,1,2875.0,0,-7.4,-371,2851,1,2.78,0.47,5626,1,2.78,0.47,5626
2026-05-09 15:40:50,1,1,1,2875.0,0,-7.4,-371,2851,1,2.78,0.47,5626,1,2.78,0.47,5626
2026-05-09 15:40:50,1,1,1,2889.6,0,-6.0,-300,2874,1,0.00,0.00,0,0,0.00,0.00,0
2026-05-09 15:40:50,1,1,1,2889.6,0,-6.0,-300,2874,1,0.00,0.00,0,0,0.00,0.00,0
2026-05-09 15:40:50,1,1,1,2883.9,-24,-4.2,-213,2876,1,0.00,0.00,0,0,0.00,0.00,0
2026-05-09 15:40:50,1,1,1,2817.3,-24,-2.3,-113,2815,1,0.00,0.00,0,0,0.00,0.00,0
2026-05-09 15:40:50,1,1,1,2817.3,-24,-2.3,-113,2815,1,0.00,0.00,0,0,0.00,0.00,0
2026-05-09 15:40:50,1,1,1,2736.1,-16,-0.5,-23,2736,0,0.00,0.00,0,0,0.00,0.00,0
2026-05-09 15:40:50,1,1,1,2736.1,-16,-0.5,-23,2736,0,0.00,0.00,0,0,0.00,0.00,0
2026-05-09 15:40:50,1,1,1,2665.9,-32,1.5,68,2665,0,0.00,0.00,0,1,2.55,-0.22,1985
2026-05-09 15:40:50,1,1,1,2665.9,-32,1.5,68,2665,0,0.00,0.00,0,1,2.55,-0.22,1985
2026-05-09 15:40:51,1,1,1,2606.9,-24,3.5,159,2602,0,0.00,0.00,0,1,2.52,-0.23,17396
2026-05-09 15:40:51,1,1,1,2556.7,-16,5.3,234,2546,0,0.00,0.00,0,1,2.52,-0.23,17396
2026-05-09 15:40:51,1,1,1,2556.7,-16,5.3,234,2546,1,2.50,-0.23,17396,1,2.50,-0.23,17396
2026-05-09 15:40:51,1,1,1,2517.8,-32,6.8,299,2500,1,2.50,-0.23,17396,1,2.50,-0.23,17396
2026-05-09 15:40:51,1,1,1,2517.8,-32,6.8,299,2500,1,2.50,-0.23,17396,1,2.50,-0.23,17396
2026-05-09 15:40:51,1,1,1,2482.9,-24,8.1,351,2458,1,2.50,-0.23,17396,1,2.50,-0.23,17396
2026-05-09 15:40:51,1,1,1,2482.9,-24,8.1,351,2458,1,2.50,-0.23,17396,1,2.50,-0.23,17396
2026-05-09 15:40:51,1,1,1,2464.3,-64,9.6,410,2430,1,2.50,-0.23,17396,1,2.50,-0.23,17396
2026-05-09 15:40:51,1,1,1,2464.3,-64,9.6,410,2430,1,2.50,-0.23,17396,1,2.50,-0.23,17396
2026-05-09 15:40:51,1,1,1,2441.5,-32,10.8,459,2398,1,2.50,-0.23,17396,1,2.50,-0.23,17396
2026-05-09 15:40:51,1,1,1,2414.1,-48,11.9,499,2362,1,2.50,-0.23,17396,1,2.50,-0.23,17396
2026-05-09 15:40:51,1,1,1,2414.1,-48,11.9,499,2362,1,2.50,-0.23,17396,1,2.50,-0.23,17396
2026-05-09 15:40:51,1,1,1,2388.1,-48,12.8,528,2329,1,2.50,-0.23,17396,1,2.50,-0.23,17396
2026-05-09 15:40:51,1,1,1,2388.1,-48,12.8,528,2329,1,2.50,-0.23,17396,1,2.50,-0.23,17396
2026-05-09 15:40:51,1,1,1,2355.4,-72,13.4,547,2291,1,2.50,-0.23,17396,1,2.50,-0.23,17396
2026-05-09 15:40:51,1,1,1,2355.4,-72,13.4,547,2291,1,0.00,0.00,0,0,0.00,0.00,0
2026-05-09 15:40:51,1,1,1,2314.1,-72,14.5,581,2240,1,0.00,0.00,0,0,0.00,0.00,0
2026-05-09 15:40:51,1,1,1,2271.8,-64,15.1,593,2193,1,0.00,0.00,0,0,0.00,0.00,0
2026-05-09 15:40:51,1,1,1,2271.8,-64,15.1,593,2193,1,0.00,0.00,0,0,0.00,0.00,0
2026-05-09 15:40:51,1,1,1,2224.5,-56,15.2,582,2147,1,0.00,0.00,0,0,0.00,0.00,0
2026-05-09 15:40:52,1,1,1,2224.5,-56,15.2,582,2147,0,0.00,0.00,0,0,0.00,0.00,0
2026-05-09 15:40:52,1,1,1,2168.6,-96,15.4,575,2091,0,0.00,0.00,0,0,0.00,0.00,0
2026-05-09 15:40:52,1,1,1,2168.6,-96,15.4,575,2091,0,0.00,0.00,0,0,0.00,0.00,0
2026-05-09 15:40:52,1,1,1,2112.7,-72,15.3,557,2038,0,0.00,0.00,0,0,0.00,0.00,0
2026-05-09 15:40:52,1,1,1,2112.7,-72,15.3,557,2038,0,0.00,0.00,0,0,0.00,0.00,0
2026-05-09 15:40:52,1,1,1,2059.3,-72,15.2,541,1987,0,0.00,0.00,0,0,0.00,0.00,0
2026-05-09 15:40:52,1,1,1,2002.3,-79,15.2,526,1932,0,0.00,0.00,0,0,0.00,0.00,0
2026-05-09 15:40:52,1,1,1,2002.3,-79,15.2,526,1932,0,0.00,0.00,0,0,0.00,0.00,0
2026-05-09 15:40:52,1,1,1,1943.6,-96,15.3,512,1875,0,0.00,0.00,0,0,0.00,0.00,0
2026-05-09 15:40:52,1,1,1,1943.6,-96,15.3,512,1875,0,0.00,0.00,0,0,0.00,0.00,0
2026-05-09 15:40:52,1,1,1,1886.8,-79,15.2,494,1821,0,0.00,0.00,0,0,0.00,0.00,0
2026-05-09 15:40:52,1,1,1,1886.8,-79,15.2,494,1821,0,0.00,0.00,0,0,0.00,0.00,0
2026-05-09 15:40:52,1,1,1,1821.9,-64,14.9,467,1761,0,0.00,0.00,0,0,0.00,0.00,0
2026-05-09 15:40:52,1,1,1,1760.2,-96,14.6,445,1703,0,0.00,0.00,0,0,0.00,0.00,0
2026-05-09 15:40:52,1,1,1,1760.2,-96,14.6,445,1703,0,0.00,0.00,0,1,1.52,-0.71,51626
2026-05-09 15:40:52,1,1,1,1697.0,-64,14.2,417,1645,0,0.00,0.00,0,1,1.52,-0.71,51626
2026-05-09 15:40:52,1,1,1,1697.0,-64,14.2,417,1645,1,1.45,-0.71,51626,1,1.45,-0.71,51626
2026-05-09 15:40:52,1,1,1,1634.9,-72,14.1,397,1586,1,1.45,-0.71,51626,1,1.45,-0.71,51626
2026-05-09 15:40:52,1,1,1,1634.9,-72,14.1,397,1586,1,1.44,-0.69,37321,1,1.44,-0.69,37321
2026-05-09 15:40:52,1,1,1,1573.6,-79,13.8,376,1528,1,1.44,-0.69,37321,1,1.44,-0.69,37321
2026-05-09 15:40:53,1,1,1,1573.6,-79,13.8,376,1528,1,2.03,-0.36,4409,1,2.03,-0.36,4409
2026-05-09 15:40:53,1,1,1,1507.9,-88,13.4,349,1467,1,2.03,-0.36,4409,1,2.03,-0.36,4409
2026-05-09 15:40:53,1,1,1,1460.1,-79,12.9,327,1423,1,1.79,-0.49,37762,1,1.79,-0.49,37762
2026-05-09 15:40:53,1,1,1,1460.1,-79,12.9,327,1423,1,1.79,-0.49,37762,1,1.79,-0.49,37762
2026-05-09 15:40:53,1,1,1,1400.5,-64,12.4,300,1368,1,1.63,-0.54,14138,1,1.63,-0.54,14138
2026-05-09 15:40:53,1,1,1,1400.5,-64,12.4,300,1368,1,1.63,-0.54,14138,1,1.63,-0.54,14138
2026-05-09 15:40:53,1,1,1,1335.6,-56,11.9,275,1307,1,1.47,-0.58,40738,1,1.47,-0.58,40738
2026-05-09 15:40:53,1,1,1,1335.6,-56,11.9,275,1307,1,1.47,-0.58,40738,1,1.47,-0.58,40738
2026-05-09 15:40:53,1,1,1,1267.3,-64,11.2,247,1243,1,1.41,-0.58,40738,1,1.41,-0.58,40738
2026-05-09 15:40:53,1,1,1,1267.3,-64,11.2,247,1243,1,1.41,-0.58,40738,1,1.41,-0.58,40738
2026-05-09 15:40:53,1,1,1,1181.1,-56,9.7,200,1164,1,1.41,-0.58,40738,1,1.41,-0.58,40738
2026-05-09 15:40:53,1,1,1,1106.1,-72,8.8,170,1093,1,1.41,-0.58,40738,1,1.41,-0.58,40738
2026-05-09 15:40:53,1,1,1,1106.1,-72,8.8,170,1093,1,1.41,-0.58,40738,1,1.41,-0.58,40738
2026-05-09 15:40:53,1,1,1,1045.9,-79,9.0,164,1033,1,1.41,-0.58,40738,1,1.41,-0.58,40738
2026-05-09 15:40:53,1,1,1,1045.9,-79,9.0,164,1033,1,1.41,-0.58,40738,1,1.41,-0.58,40738
2026-05-09 15:40:53,1,1,1,984.8,-72,8.9,152,973,1,1.41,-0.58,40738,1,1.41,-0.58,40738
2026-05-09 15:40:53,1,1,1,984.8,-72,8.9,152,973,1,0.75,-0.65,52573,1,0.75,-0.65,52573
2026-05-09 15:40:53,1,1,1,927.4,-56,10.1,163,913,1,0.75,-0.65,52573,1,0.75,-0.65,52573
2026-05-09 15:40:53,1,1,1,879.3,-39,12.3,188,859,1,0.69,-0.65,52573,1,0.69,-0.65,52573
2026-05-09 15:40:53,1,1,1,879.3,-39,12.3,188,859,1,0.69,-0.65,52573,1,0.69,-0.65,52573
2026-05-09 15:40:54,1,1,1,838.6,-32,15.3,221,809,1,0.69,-0.65,52573,1,0.69,-0.65,52573
2026-05-09 15:40:54,1,1,1,838.6,-32,15.3,221,809,1,0.69,-0.65,52573,1,0.69,-0.65,52573
2026-05-09 15:40:54,1,1,1,798.4,-39,16.9,232,764,1,0.69,-0.65,52573,1,0.69,-0.65,52573
2026-05-09 15:40:54,1,1,1,798.4,-39,16.9,232,764,1,0.69,-0.65,52573,1,0.69,-0.65,52573
2026-05-09 15:40:54,1,1,1,733.2,-39,17.3,218,700,1,0.69,-0.65,52573,1,0.69,-0.65,52573
2026-05-09 15:40:54,1,1,1,733.2,-39,17.3,218,700,1,0.69,-0.65,52573,1,0.69,-0.65,52573
2026-05-09 15:40:54,1,1,1,659.5,-24,17.2,195,630,1,0.69,-0.65,52573,1,0.69,-0.65,52573
2026-05-09 15:40:54,1,1,1,607.2,-39,15.2,159,586,1,0.69,-0.65,52573,1,0.69,-0.65,52573
2026-05-09 15:40:54,1,1,1,607.2,-39,15.2,159,586,1,0.69,-0.65,52573,1,0.69,-0.65,52573
2026-05-09 15:40:54,1,1,1,551.3,-79,11.1,106,541,1,0.69,-0.65,52573,1,0.69,-0.65,52573
2026-05-09 15:40:54,1,1,1,551.3,-79,11.1,106,541,1,0.69,-0.65,52573,1,0.69,-0.65,52573
2026-05-09 15:40:54,1,1,1,495.3,-72,5.6,48,493,1,0.00,0.00,0,0,0.00,0.00,0
2026-05-09 15:40:54,1,1,1,495.3,-72,5.6,48,493,1,0.00,0.00,0,0,0.00,0.00,0
2026-05-09 15:40:54,1,1,1,466.1,-16,1.4,11,466,1,0.00,0.00,0,0,0.00,0.00,0
2026-05-09 15:40:54,1,1,1,444.1,-8,-1.0,-8,444,1,0.00,0.00,0,0,0.00,0.00,0
2026-05-09 15:40:54,1,1,1,444.1,-8,-1.0,-8,444,1,0.00,0.00,0,0,0.00,0.00,0
2026-05-09 15:40:54,1,1,1,418.5,32,-2.9,-21,418,0,0.00,0.00,0,0,0.00,0.00,0
2026-05-09 15:40:54,1,1,1,418.5,32,-2.9,-21,418,0,0.00,0.00,0,0,0.00,0.00,0
2026-05-09 15:40:54,1,1,1,398.6,32,-5.2,-36,397,0,0.00,0.00,0,0,0.00,0.00,0
2026-05-09 15:40:54,1,1,1,398.6,32,-5.2,-36,397,0,0.00,0.00,0,0,0.00,0.00,0
2026-05-09 15:40:55,1,1,1,387.2,39,-7.4,-50,384,0,0.00,0.00,0,0,0.00,0.00,0
2026-05-09 15:40:55,1,1,1,387.2,39,-7.4,-50,384,0,0.00,0.00,0,0,0.00,0.00,0
2026-05-09 15:40:55,1,1,1,379.8,32,-9.1,-60,375,0,0.00,0.00,0,0,0.00,0.00,0
2026-05-09 15:40:55,1,1,1,377.6,32,-9.9,-65,372,0,0.00,0.00,0,0,0.00,0.00,0
2026-05-09 15:40:55,1,1,1,377.6,32,-9.9,-65,372,0,0.00,0.00,0,0,0.00,0.00,0
2026-05-09 15:40:55,1,1,1,380.9,48,-10.1,-67,375,0,0.00,0.00,0,0,0.00,0.00,0
2026-05-09 15:40:55,1,1,1,380.9,48,-10.1,-67,375,0,0.00,0.00,0,0,0.00,0.00,0
2026-05-09 15:40:55,1,1,1,392.3,64,-9.4,-64,387,0,0.00,0.00,0,0,0.00,0.00,0
2026-05-09 15:40:55,1,1,1,392.3,64,-9.4,-64,387,0,0.00,0.00,0,0,0.00,0.00,0
2026-05-09 15:40:55,1,1,1,412.4,56,-8.4,-60,408,0,0.00,0.00,0,0,0.00,0.00,0
