datetime,wifi,time_sync,rd_present,rd_distance_mm,rd_velocity_cm_s,rd_angle_deg,rd_x_mm,rd_y_mm,c4001_present,c4001_distance_m,c4001_velocity_m_s,c4001_energy,c4001_raw_targets,c4001_raw_distance_m,c4001_raw_velocity_m_s,c4001_raw_energy
2026-05-09 18:00:00,1,1,0,0.0,0,0.0,0,0,0,0.0,0.0,0,0,0.0,0.0,0
2026-05-09 18:00:00,1,1,0,0.0,0,0.0,0,0,0,0.0,0.0,0,0,0.0,0.0,0
2026-05-09 18:00:00,1,1,0,0.0,0,0.0,0,0,0,0.0,0.0,0,0,0.0,0.0,0
2026-05-09 18:00:00,1,1,0,0.0,0,0.0,0,0,0,0.0,0.0,0,0,0.0,0.0,0
2026-05-09 18:00:00,1,1,0,0.0,0,0.0,0,0,0,0.0,0.0,0,0,0.0,0.0,0
2026-05-09 18:00:00,1,1,0,0.0,0,0.0,0,0,0,0.0,0.0,0,0,0.0,0.0,0
2026-05-09 18:00:00,1,1,0,0.0,0,0.0,0,0,0,0.0,0.0,0,0,0.0,0.0,0
2026-05-09 18:00:00,1,1,0,0.0,0,0.0,0,0,0,0.0,0.0,0,0,0.0,0.0,0
2026-05-09 18:00:00,1,1,0,0.0,0,0.0,0,0,0,0.0,0.0,0,0,0.0,0.0,0
2026-05-09 18:00:00,1,1,0,0.0,0,0.0,0,0,0,0.0,0.0,0,0,0.0,0.0,0
2026-05-09 18:00:00,1,1,0,0.0,0,0.0,0,0,0,0.0,0.0,0,0,0.0,0.0,0
2026-05-09 18:00:00,1,1,0,0.0,0,0.0,0,0,0,0.0,0.0,0,0,0.0,0.0,0
2026-05-09 18:00:00,1,1,0,0.0,0,0.0,0,0,0,0.0,0.0,0,0,0.0,0.0,0
2026-05-09 18:00:00,1,1,0,0.0,0,0.0,0,0,0,0.0,0.0,0,0,0.0,0.0,0
2026-05-09 18:00:00,1,1,0,0.0,0,0.0,0,0,0,0.0,0.0,0,0,0.0,0.0,0
2026-05-09 18:00:00,1,1,0,0.0,0,0.0,0,0,0,0.0,0.0,0,0,0.0,0.0,0
2026-05-09 18:00:00,1,1,0,0.0,0,0.0,0,0,0,0.0,0.0,0,0,0.0,0.0,0
2026-05-09 18:00:00,1,1,0,0.0,0,0.0,0,0,0,0.0,0.0,0,0,0.0,0.0,0
2026-05-09 18:00:00,1,1,0,0.0,0,0.0,0,0,0,0.0,0.0,0,0,0.0,0.0,0
2026-05-09 18:00:00,1,1,0,0.0,0,0.0,0,0,0,0.0,0.0,0,0,0.0,0.0,0
2026-05-09 18:00:01,1,1,0,0.0,0,0.0,0,0,0,0.0,0.0,0,0,0.0,0.0,0
2026-05-09 18:00:01,1,1,0,0.0,0,0.0,0,0,0,0.0,0.0,0,0,0.0,0.0,0
2026-05-09 18:00:01,1,1,0,0.0,0,0.0,0,0,0,0.0,0.0,0,0,0.0,0.0,0
2026-05-09 18:00:01,1,1,0,0.0,0,0.0,0,0,0,0.0,0.0,0,0,0.0,0.0,0
2026-05-09 18:00:01,1,1,0,0.0,0,0.0,0,0,0,0.0,0.0,0,0,0.0,0.0,0
2026-05-09 18:00:01,1,1,0,0.0,0,0.0,0,0,0,0.0,0.0,0,0,0.0,0.0,0
2026-05-09 18:00:01,1,1,0,0.0,0,0.0,0,0,0,0.0,0.0,0,0,0.0,0.0,0
2026-05-09 18:00:01,1,1,0,0.0,0,0.0,0,0,0,0.0,0.0,0,0,0.0,0.0,0
2026-05-09 18:00:01,1,1,0,0.0,0,0.0,0,0,0,0.0,0.0,0,0,0.0,0.0,0
2026-05-09 18:00:01,1,1,0,0.0,0,0.0,0,0,0,0.0,0.0,0,0,0.0,0.0,0
2026-05-09 18:00:01,1,1,0,0.0,0,0.0,0,0,0,0.0,0.0,0,0,0.0,0.0,0
2026-05-09 18:00:01,1,1,0,0.0,0,0.0,0,0,0,0.0,0.0,0,0,0.0,0.0,0
2026-05-09 18:00:01,1,1,0,0.0,0,0.0,0,0,0,0.0,0.0,0,0,0.0,0.0,0
2026-05-09 18:00:01,1,1,0,0.0,0,0.0,0,0,0,0.0,0.0,0,0,0.0,0.0,0
2026-05-09 18:00:01,1,1,0,0.0,0,0.0,0,0,0,0.0,0.0,0,0,0.0,0.0,0
2026-05-09 18:00:01,1,1,0,0.0,0,0.0,0,0,0,0.0,0.0,0,0,0.0,0.0,0
2026-05-09 18:00:01,1,1,0,0.0,0,0.0,0,0,0,0.0,0.0,0,0,0.0,0.0,0
2026-05-09 18:00:01,1,1,0,0.0,0,0.0,0,0,0,0.0,0.0,0,0,0.0,0.0,0
2026-05-09 18:00:01,1,1,0,0.0,0,0.0,0,0,0,0.0,0.0,0,0,0.0,0.0,0
2026-05-09 18:00:01,1,1,0,0.0,0,0.0,0,0,0,0.0,0.0,0,0,0.0,0.0,0
2026-05-09 18:00:02,1,1,0,0.0,0,0.0,0,0,0,0.0,0.0,0,0,0.0,0.0,0
2026-05-09 18:00:02,1,1,0,0.0,0,0.0,0,0,0,0.0,0.0,0,0,0.0,0.0,0
2026-05-09 18:00:02,1,1,0,0.0,0,0.0,0,0,0,0.0,0.0,0,0,0.0,0.0,0
2026-05-09 18:00:02,1,1,0,0.0,0,0.0,0,0,0,0.0,0.0,0,0,0.0,0.0,0
2026-05-09 18:00:02,1,1,0,0.0,0,0.0,0,0,0,0.0,0.0,0,0,0.0,0.0,0
2026-05-09 18:00:02,1,1,0,0.0,0,0.0,0,0,0,0.0,0.0,0,0,0.0,0.0,0
2026-05-09 18:00:02,1,1,0,0.0,0,0.0,0,0,0,0.0,0.0,0,0,0.0,0.0,0
2026-05-09 18:00:02,1,1,0,0.0,0,0.0,0,0,0,0.0,0.0,0,0,0.0,0.0,0
2026-05-09 18:00:02,1,1,0,0.0,0,0.0,0,0,0,0.0,0.0,0,0,0.0,0.0,0
2026-05-09 18:00:02,1,1,0,0.0,0,0.0,0,0,0,0.0,0.0,0,0,0.0,0.0,0
2026-05-09 18:00:02,1,1,0,0.0,0,0.0,0,0,0,0.0,0.0,0,0,0.0,0.0,0
2026-05-09 18:00:02,1,1,0,0.0,0,0.0,0,0,0,0.0,0.0,0,0,0.0,0.0,0
2026-05-09 18:00:02,1,1,0,0.0,0,0.0,0,0,0,0.0,0.0,0,0,0.0,0.0,0
2026-05-09 18:00:02,1,1,0,0.0,0,0.0,0,0,0,0.0,0.0,0,0,0.0,0.0,0
2026-05-09 18:00:02,1,1,0,0.0,0,0.0,0,0,0,0.0,0.0,0,0,0.0,0.0,0
2026-05-09 18:00:02,1,1,0,0.0,0,0.0,0,0,0,0.0,0.0,0,0,0.0,0.0,0
2026-05-09 18:00:02,1,1,0,0.0,0,0.0,0,0,0,0.0,0.0,0,0,0.0,0.0,0
2026-05-09 18:00:02,1,1,0,0.0,0,0.0,0,0,0,0.0,0.0,0,0,0.0,0.0,0
2026-05-09 18:00:02,1,1,0,0.0,0,0.0,0,0,0,0.0,0.0,0,0,0.0,0.0,0
2026-05-09 18:00:02,1,1,0,0.0,0,0.0,0,0,0,0.0,0.0,0,0,0.0,0.0,0
2026-05-09 18:00:03,1,1,0,0.0,0,0.0,0,0,0,0.0,0.0,0,0,0.0,0.0,0
2026-05-09 18:00:03,1,1,0,0.0,0,0.0,0,0,0,0.0,0.0,0,0,0.0,0.0,0
2026-05-09 18:00:03,1,1,0,0.0,0,0.0,0,0,0,0.0,0.0,0,0,0.0,0.0,0
2026-05-09 18:00:03,1,1,0,0.0,0,0.0,0,0,0,0.0,0.0,0,0,0.0,0.0,0
2026-05-09 18:00:03,1,1,0,0.0,0,0.0,0,0,0,0.0,0.0,0,0,0.0,0.0,0
2026-05-09 18:00:03,1,1,0,0.0,0,0.0,0,0,0,0.0,0.0,0,0,0.0,0.0,0
2026-05-09 18:00:03,1,1,0,0.0,0,0.0,0,0,0,0.0,0.0,0,0,0.0,0.0,0
2026-05-09 18:00:03,1,1,0,0.0,0,0.0,0,0,0,0.0,0.0,0,0,0.0,0.0,0
2026-05-09 18:00:03,1,1,0,0.0,0,0.0,0,0,0,0.0,0.0,0,0,0.0,0.0,0
2026-05-09 18:00:03,1,1,0,0.0,0,0.0,0,0,0,0.0,0.0,0,0,0.0,0.0,0
2026-05-09 18:00:03,1,1,0,0.0,0,0.0,0,0,0,0.0,0.0,0,0,0.0,0.0,0
2026-05-09 18:00:03,1,1,0,0.0,0,0.0,0,0,0,0.0,0.0,0,0,0.0,0.0,0
2026-05-09 18:00:03,1,1,0,0.0,0,0.0,0,0,0,0.0,0.0,0,0,0.0,0.0,0
2026-05-09 18:00:03,1,1,0,0.0,0,0.0,0,0,0,0.0,0.0,0,0,0.0,0.0,0
2026-05-09 18:00:03,1,1,0,0.0,0,0.0,0,0,0,0.0,0.0,0,0,0.0,0.0,0
2026-05-09 18:00:03,1,1,0,0.0,0,0.0,0,0,0,0.0,0.0,0,0,0.0,0.0,0
2026-05-09 18:00:03,1,1,0,0.0,0,0.0,0,0,0,0.0,0.0,0,0,0.0,0.0,0
2026-05-09 18:00:03,1,1,0,0.0,0,0.0,0,0,0,0.0,0.0,0,0,0.0,0.0,0
2026-05-09 18:00:03,1,1,0,0.0,0,0.0,0,0,0,0.0,0.0,0,0,0.0,0.0,0
2026-05-09 18:00:03,1,1,0,0.0,0,0.0,0,0,0,0.0,0.0,0,0,0.0,0.0,0
2026-05-09 18:00:04,1,1,0,0.0,0,0.0,0,0,0,0.0,0.0,0,0,0.0,0.0,0
2026-05-09 18:00:04,1,1,0,0.0,0,0.0,0,0,0,0.0,0.0,0,0,0.0,0.0,0
2026-05-09 18:00:04,1,1,0,0.0,0,0.0,0,0,0,0.0,0.0,0,0,0.0,0.0,0
2026-05-09 18:00:04,1,1,0,0.0,0,0.0,0,0,0,0.0,0.0,0,0,0.0,0.0,0
2026-05-09 18:00:04,1,1,0,0.0,0,0.0,0,0,0,0.0,0.0,0,0,0.0,0.0,0
2026-05-09 18:00:04,1,1,0,0.0,0,0.0,0,0,0,0.0,0.0,0,0,0.0,0.0,0
2026-05-09 18:00:04,1,1,0,0.0,0,0.0,0,0,0,0.0,0.0,0,0,0.0,0.0,0
2026-05-09 18:00:04,1,1,0,0.0,0,0.0,0,0,0,0.0,0.0,0,0,0.0,0.0,0
2026-05-09 18:00:04,1,1,0,0.0,0,0.0,0,0,0,0.0,0.0,0,0,0.0,0.0,0
2026-05-09 18:00:04,1,1,0,0.0,0,0.0,0,0,0,0.0,0.0,0,0,0.0,0.0,0
2026-05-09 18:00:04,1,1,0,0.0,0,0.0,0,0,0,0.0,0.0,0,0,0.0,0.0,0
2026-05-09 18:00:04,1,1,0,0.0,0,0.0,0,0,0,0.0,0.0,0,0,0.0,0.0,0
2026-05-09 18:00:04,1,1,0,0.0,0,0.0,0,0,0,0.0,0.0,0,0,0.0,0.0,0
2026-05-09 18:00:04,1,1,0,0.0,0,0.0,0,0,0,0.0,0.0,0,0,0.0,0.0,0
2026-05-09 18:00:04,1,1,0,0.0,0,0.0,0,0,0,0.0,0.0,0,0,0.0,0.0,0
2026-05-09 18:00:04,1,1,0,0.0,0,0.0,0,0,0,0.0,0.0,0,0,0.0,0.0,0
2026-05-09 18:00:04,1,1,0,0.0,0,0.0,0,0,0,0.0,0.0,0,0,0.0,0.0,0
2026-05-09 18:00:04,1,1,0,0.0,0,0.0,0,0,0,0.0,0.0,0,0,0.0,0.0,0
2026-05-09 18:00:04,1,1,0,0.0,0,0.0,0,0,0,0.0,0.0,0,0,0.0,0.0,0
2026-05-09 18:00:04,1,1,0,0.0,0,0.0,0,0,0,0.0,0.0,0,0,0.0,0.0,0
2026-05-09 18:00:05,1,1,0,0.0,0,0.0,0,0,0,0.0,0.0,0,0,0.0,0.0,0
2026-05-09 18:00:05,1,1,0,0.0,0,0.0,0,0,0,0.0,0.0,0,0,0.0,0.0,0
2026-05-09 18:00:05,1,1,0,0.0,0,0.0,0,0,0,0.0,0.0,0,0,0.0,0.0,0
2026-05-09 18:00:05,1,1,0,0.0,0,0.0,0,0,0,0.0,0.0,0,0,0.0,0.0,0
2026-05-09 18:00:05,1,1,0,0.0,0,0.0,0,0,0,0.0,0.0,0,0,0.0,0.0,0
2026-05-09 18:00:05,1,1,0,0.0,0,0.0,0,0,0,0.0,0.0,0,0,0.0,0.0,0
2026-05-09 18:00:05,1,1,0,0.0,0,0.0,0,0,0,0.0,0.0,0,0,0.0,0.0,0
2026-05-09 18:00:05,1,1,0,0.0,0,0.0,0,0,0,0.0,0.0,0,0,0.0,0.0,0
2026-05-09 18:00:05,1,1,0,0.0,0,0.0,0,0,0,0.0,0.0,0,0,0.0,0.0,0
2026-05-09 18:00:05,1,1,0,0.0,0,0.0,0,0,0,0.0,0.0,0,0,0.0,0.0,0
2026-05-09 18:00:05,1,1,0,0.0,0,0.0,0,0,0,0.0,0.0,0,0,0.0,0.0,0
2026-05-09 18:00:05,1,1,0,0.0,0,0.0,0,0,0,0.0,0.0,0,0,0.0,0.0,0
2026-05-09 18:00:05,1,1,0,0.0,0,0.0,0,0,0,0.0,0.0,0,0,0.0,0.0,0
2026-05-09 18:00:05,1,1,0,0.0,0,0.0,0,0,0,0.0,0.0,0,0,0.0,0.0,0
2026-05-09 18:00:05,1,1,0,0.0,0,0.0,0,0,0,0.0,0.0,0,0,0.0,0.0,0
2026-05-09 18:00:05,1,1,0,0.0,0,0.0,0,0,0,0.0,0.0,0,0,0.0,0.0,0
2026-05-09 18:00:05,1,1,0,0.0,0,0.0,0,0,0,0.0,0.0,0,0,0.0,0.0,0
2026-05-09 18:00:05,1,1,0,0.0,0,0.0,0,0,0,0.0,0.0,0,0,0.0,0.0,0
2026-05-09 18:00:05,1,1,0,0.0,0,0.0,0,0,0,0.0,0.0,0,0,0.0,0.0,0
2026-05-09 18:00:05,1,1,0,0.0,0,0.0,0,0,0,0.0,0.0,0,0,0.0,0.0,0
2026-05-09 18:00:06,1,1,0,0.0,0,0.0,0,0,0,0.0,0.0,0,0,0.0,0.0,0
2026-05-09 18:00:06,1,1,0,0.0,0,0.0,0,0,0,0.0,0.0,0,0,0.0,0.0,0
2026-05-09 18:00:06,1,1,0,0.0,0,0.0,0,0,0,0.0,0.0,0,0,0.0,0.0,0
2026-05-09 18:00:06,1,1,0,0.0,0,0.0,0,0,0,0.0,0.0,0,0,0.0,0.0,0
2026-05-09 18:00:06,1,1,0,0.0,0,0.0,0,0,0,0.0,0.0,0,0,0.0,0.0,0
2026-05-09 18:00:06,1,1,0,0.0,0,0.0,0,0,0,0.0,0.0,0,0,0.0,0.0,0
2026-05-09 18:00:06,1,1,0,0.0,0,0.0,0,0,0,0.0,0.0,0,0,0.0,0.0,0
2026-05-09 18:00:06,1,1,0,0.0,0,0.0,0,0,0,0.0,0.0,0,0,0.0,0.0,0
2026-05-09 18:00:06,1,1,0,0.0,0,0.0,0,0,0,0.0,0.0,0,0,0.0,0.0,0
2026-05-09 18:00:06,1,1,0,0.0,0,0.0,0,0,0,0.0,0.0,0,0,0.0,0.0,0
2026-05-09 18:00:06,1,1,0,0.0,0,0.0,0,0,0,0.0,0.0,0,0,0.0,0.0,0
2026-05-09 18:00:06,1,1,0,0.0,0,0.0,0,0,0,0.0,0.0,0,0,0.0,0.0,0
2026-05-09 18:00:06,1,1,0,0.0,0,0.0,0,0,0,0.0,0.0,0,0,0.0,0.0,0
2026-05-09 18:00:06,1,1,0,0.0,0,0.0,0,0,0,0.0,0.0,0,0,0.0,0.0,0
2026-05-09 18:00:06,1,1,0,0.0,0,0.0,0,0,0,0.0,0.0,0,0,0.0,0.0,0
2026-05-09 18:00:06,1,1,0,0.0,0,0.0,0,0,0,0.0,0.0,0,0,0.0,0.0,0
2026-05-09 18:00:06,1,1,0,0.0,0,0.0,0,0,0,0.0,0.0,0,0,0.0,0.0,0
2026-05-09 18:00:06,1,1,0,0.0,0,0.0,0,0,0,0.0,0.0,0,0,0.0,0.0,0
2026-05-09 18:00:06,1,1,0,0.0,0,0.0,0,0,0,0.0,0.0,0,0,0.0,0.0,0
2026-05-09 18:00:06,1,1,0,0.0,0,0.0,0,0,0,0.0,0.0,0,0,0.0,0.0,0
2026-05-09 18:00:07,1,1,0,0.0,0,0.0,0,0,0,0.0,0.0,0,0,0.0,0.0,0
2026-05-09 18:00:07,1,1,0,0.0,0,0.0,0,0,0,0.0,0.0,0,0,0.0,0.0,0
2026-05-09 18:00:07,1,1,0,0.0,0,0.0,0,0,0,0.0,0.0,0,0,0.0,0.0,0
2026-05-09 18:00:07,1,1,0,0.0,0,0.0,0,0,0,0.0,0.0,0,0,0.0,0.0,0
2026-05-09 18:00:07,1,1,0,0.0,0,0.0,0,0,0,0.0,0.0,0,0,0.0,0.0,0
2026-05-09 18:00:07,1,1,0,0.0,0,0.0,0,0,0,0.0,0.0,0,0,0.0,0.0,0
2026-05-09 18:00:07,1,1,0,0.0,0,0.0,0,0,0,0.0,0.0,0,0,0.0,0.0,0
2026-05-09 18:00:07,1,1,0,0.0,0,0.0,0,0,0,0.0,0.0,0,0,0.0,0.0,0
2026-05-09 18:00:07,1,1,0,0.0,0,0.0,0,0,0,0.0,0.0,0,0,0.0,0.0,0
2026-05-09 18:00:07,1,1,0,0.0,0,0.0,0,0,0,0.0,0.0,0,0,0.0,0.0,0
2026-05-09 18:00:07,1,1,0,0.0,0,0.0,0,0,0,0.0,0.0,0,0,0.0,0.0,0
2026-05-09 18:00:07,1,1,0,0.0,0,0.0,0,0,0,0.0,0.0,0,0,0.0,0.0,0
2026-05-09 18:00:07,1,1,0,0.0,0,0.0,0,0,0,0.0,0.0,0,0,0.0,0.0,0
2026-05-09 18:00:07,1,1,0,0.0,0,0.0,0,0,0,0.0,0.0,0,0,0.0,0.0,0
2026-05-09 18:00:07,1,1,0,0.0,0,0.0,0,0,0,0.0,0.0,0,0,0.0,0.0,0
2026-05-09 18:00:07,1,1,0,0.0,0,0.0,0,0,0,0.0,0.0,0,0,0.0,0.0,0
2026-05-09 18:00:07,1,1,0,0.0,0,0.0,0,0,0,0.0,0.0,0,0,0.0,0.0,0
2026-05-09 18:00:07,1,1,0,0.0,0,0.0,0,0,0,0.0,0.0,0,0,0.0,0.0,0
2026-05-09 18:00:07,1,1,0,0.0,0,0.0,0,0,0,0.0,0.0,0,0,0.0,0.0,0
2026-05-09 18:00:07,1,1,0,0.0,0,0.0,0,0,0,0.0,0.0,0,0,0.0,0.0,0
2026-05-09 18:00:08,1,1,0,0.0,0,0.0,0,0,0,0.0,0.0,0,0,0.0,0.0,0
2026-05-09 18:00:08,1,1,0,0.0,0,0.0,0,0,0,0.0,0.0,0,0,0.0,0.0,0
2026-05-09 18:00:08,1,1,0,0.0,0,0.0,0,0,0,0.0,0.0,0,0,0.0,0.0,0
2026-05-09 18:00:08,1,1,0,0.0,0,0.0,0,0,0,0.0,0.0,0,0,0.0,0.0,0
2026-05-09 18:00:08,1,1,0,0.0,0,0.0,0,0,0,0.0,0.0,0,0,0.0,0.0,0
2026-05-09 18:00:08,1,1,0,0.0,0,0.0,0,0,0,0.0,0.0,0,0,0.0,0.0,0
2026-05-09 18:00:08,1,1,0,0.0,0,0.0,0,0,0,0.0,0.0,0,0,0.0,0.0,0
2026-05-09 18:00:08,1,1,0,0.0,0,0.0,0,0,0,0.0,0.0,0,0,0.0,0.0,0
2026-05-09 18:00:08,1,1,0,0.0,0,0.0,0,0,0,0.0,0.0,0,0,0.0,0.0,0
2026-05-09 18:00:08,1,1,0,0.0,0,0.0,0,0,0,0.0,0.0,0,0,0.0,0.0,0
2026-05-09 18:00:08,1,1,0,0.0,0,0.0,0,0,0,0.0,0.0,0,0,0.0,0.0,0
2026-05-09 18:00:08,1,1,0,0.0,0,0.0,0,0,0,0.0,0.0,0,0,0.0,0.0,0
2026-05-09 18:00:08,1,1,0,0.0,0,0.0,0,0,0,0.0,0.0,0,0,0.0,0.0,0
2026-05-09 18:00:08,1,1,0,0.0,0,0.0,0,0,0,0.0,0.0,0,0,0.0,0.0,0
2026-05-09 18:00:08,1,1,0,0.0,0,0.0,0,0,0,0.0,0.0,0,0,0.0,0.0,0
2026-05-09 18:00:08,1,1,0,0.0,0,0.0,0,0,0,0.0,0.0,0,0,0.0,0.0,0
2026-05-09 18:00:08,1,1,0,0.0,0,0.0,0,0,0,0.0,0.0,0,0,0.0,0.0,0
2026-05-09 18:00:08,1,1,0,0.0,0,0.0,0,0,0,0.0,0.0,0,0,0.0,0.0,0
2026-05-09 18:00:08,1,1,0,0.0,0,0.0,0,0,0,0.0,0.0,0,0,0.0,0.0,0
2026-05-09 18:00:08,1,1,0,0.0,0,0.0,0,0,0,0.0,0.0,0,0,0.0,0.0,0
2026-05-09 18:00:09,1,1,0,0.0,0,0.0,0,0,0,0.0,0.0,0,0,0.0,0.0,0
2026-05-09 18:00:09,1,1,0,0.0,0,0.0,0,0,0,0.0,0.0,0,0,0.0,0.0,0
2026-05-09 18:00:09,1,1,0,0.0,0,0.0,0,0,0,0.0,0.0,0,0,0.0,0.0,0
2026-05-09 18:00:09,1,1,0,0.0,0,0.0,0,0,0,0.0,0.0,0,0,0.0,0.0,0
2026-05-09 18:00:09,1,1,0,0.0,0,0.0,0,0,0,0.0,0.0,0,0,0.0,0.0,0
2026-05-09 18:00:09,1,1,0,0.0,0,0.0,0,0,0,0.0,0.0,0,0,0.0,0.0,0
2026-05-09 18:00:09,1,1,0,0.0,0,0.0,0,0,0,0.0,0.0,0,0,0.0,0.0,0
2026-05-09 18:00:09,1,1,0,0.0,0,0.0,0,0,0,0.0,0.0,0,0,0.0,0.0,0
2026-05-09 18:00:09,1,1,0,0.0,0,0.0,0,0,0,0.0,0.0,0,0,0.0,0.0,0
2026-05-09 18:00:09,1,1,0,0.0,0,0.0,0,0,0,0.0,0.0,0,0,0.0,0.0,0
2026-05-09 18:00:09,1,1,0,0.0,0,0.0,0,0,0,0.0,0.0,0,0,0.0,0.0,0
2026-05-09 18:00:09,1,1,0,0.0,0,0.0,0,0,0,0.0,0.0,0,0,0.0,0.0,0
2026-05-09 18:00:09,1,1,0,0.0,0,0.0,0,0,0,0.0,0.0,0,0,0.0,0.0,0
2026-05-09 18:00:09,1,1,0,0.0,0,0.0,0,0,0,0.0,0.0,0,0,0.0,0.0,0
2026-05-09 18:00:09,1,1,0,0.0,0,0.0,0,0,0,0.0,0.0,0,0,0.0,0.0,0
2026-05-09 18:00:09,1,1,0,0.0,0,0.0,0,0,0,0.0,0.0,0,0,0.0,0.0,0
2026-05-09 18:00:09,1,1,0,0.0,0,0.0,0,0,0,0.0,0.0,0,0,0.0,0.0,0
2026-05-09 18:00:09,1,1,0,0.0,0,0.0,0,0,0,0.0,0.0,0,0,0.0,0.0,0
2026-05-09 18:00:09,1,1,0,0.0,0,0.0,0,0,0,0.0,0.0,0,0,0.0,0.0,0
2026-05-09 18:00:09,1,1,0,0.0,0,0.0,0,0,0,0.0,0.0,0,0,0.0,0.0,0
2026-05-09 18:00:10,1,1,0,0.0,0,0.0,0,0,0,0.0,0.0,0,0,0.0,0.0,0
2026-05-09 18:00:10,1,1,0,0.0,0,0.0,0,0,0,0.0,0.0,0,0,0.0,0.0,0
2026-05-09 18:00:10,1,1,0,0.0,0,0.0,0,0,0,0.0,0.0,0,0,0.0,0.0,0
2026-05-09 18:00:10,1,1,0,0.0,0,0.0,0,0,0,0.0,0.0,0,0,0.0,0.0,0
2026-05-09 18:00:10,1,1,0,0.0,0,0.0,0,0,0,0.0,0.0,0,0,0.0,0.0,0
2026-05-09 18:00:10,1,1,0,0.0,0,0.0,0,0,0,0.0,0.0,0,0,0.0,0.0,0
2026-05-09 18:00:10,1,1,0,0.0,0,0.0,0,0,0,0.0,0.0,0,0,0.0,0.0,0
2026-05-09 18:00:10,1,1,0,0.0,0,0.0,0,0,0,0.0,0.0,0,0,0.0,0.0,0
2026-05-09 18:00:10,1,1,0,0.0,0,0.0,0,0,0,0.0,0.0,0,0,0.0,0.0,0
2026-05-09 18:00:10,1,1,0,0.0,0,0.0,0,0,0,0.0,0.0,0,0,0.0,0.0,0
2026-05-09 18:00:10,1,1,0,0.0,0,0.0,0,0,0,0.0,0.0,0,0,0.0,0.0,0
2026-05-09 18:00:10,1,1,0,0.0,0,0.0,0,0,0,0.0,0.0,0,0,0.0,0.0,0
2026-05-09 18:00:10,1,1,0,0.0,0,0.0,0,0,0,0.0,0.0,0,0,0.0,0.0,0
2026-05-09 18:00:10,1,1,0,0.0,0,0.0,0,0,0,0.0,0.0,0,0,0.0,0.0,0
2026-05-09 18:00:10,1,1,0,0.0,0,0.0,0,0,0,0.0,0.0,0,0,0.0,0.0,0
2026-05-09 18:00:10,1,1,0,0.0,0,0.0,0,0,0,0.0,0.0,0,0,0.0,0.0,0
2026-05-09 18:00:10,1,1,0,0.0,0,0.0,0,0,0,0.0,0.0,0,0,0.0,0.0,0
2026-05-09 18:00:10,1,1,0,0.0,0,0.0,0,0,0,0.0,0.0,0,0,0.0,0.0,0
2026-05-09 18:00:10,1,1,0,0.0,0,0.0,0,0,0,0.0,0.0,0,0,0.0,0.0,0
2026-05-09 18:00:10,1,1,0,0.0,0,0.0,0,0,0,0.0,0.0,0,0,0.0,0.0,0
2026-05-09 18:00:11,1,1,0,0.0,0,0.0,0,0,0,0.0,0.0,0,0,0.0,0.0,0
2026-05-09 18:00:11,1,1,0,0.0,0,0.0,0,0,0,0.0,0.0,0,0,0.0,0.0,0
2026-05-09 18:00:11,1,1,0,0.0,0,0.0,0,0,0,0.0,0.0,0,0,0.0,0.0,0
2026-05-09 18:00:11,1,1,0,0.0,0,0.0,0,0,0,0.0,0.0,0,0,0.0,0.0,0
2026-05-09 18:00:11,1,1,0,0.0,0,0.0,0,0,0,0.0,0.0,0,0,0.0,0.0,0
2026-05-09 18:00:11,1,1,0,0.0,0,0.0,0,0,0,0.0,0.0,0,0,0.0,0.0,0
2026-05-09 18:00:11,1,1,0,0.0,0,0.0,0,0,0,0.0,0.0,0,0,0.0,0.0,0
2026-05-09 18:00:11,1,1,0,0.0,0,0.0,0,0,0,0.0,0.0,0,0,0.0,0.0,0
2026-05-09 18:00:11,1,1,0,0.0,0,0.0,0,0,0,0.0,0.0,0,0,0.0,0.0,0
2026-05-09 18:00:11,1,1,0,0.0,0,0.0,0,0,0,0.0,0.0,0,0,0.0,0.0,0
2026-05-09 18:00:11,1,1,0,0.0,0,0.0,0,0,0,0.0,0.0,0,0,0.0,0.0,0
2026-05-09 18:00:11,1,1,0,0.0,0,0.0,0,0,0,0.0,0.0,0,0,0.0,0.0,0
2026-05-09 18:00:11,1,1,0,0.0,0,0.0,0,0,0,0.0,0.0,0,0,0.0,0.0,0
2026-05-09 18:00:11,1,1,0,0.0,0,0.0,0,0,0,0.0,0.0,0,0,0.0,0.0,0
2026-05-09 18:00:11,1,1,0,0.0,0,0.0,0,0,0,0.0,0.0,0,0,0.0,0.0,0
2026-05-09 18:00:11,1,1,0,0.0,0,0.0,0,0,0,0.0,0.0,0,0,0.0,0.0,0
2026-05-09 18:00:11,1,1,0,0.0,0,0.0,0,0,0,0.0,0.0,0,0,0.0,0.0,0
2026-05-09 18:00:11,1,1,0,0.0,0,0.0,0,0,0,0.0,0.0,0,0,0.0,0.0,0
2026-05-09 18:00:11,1,1,0,0.0,0,0.0,0,0,0,0.0,0.0,0,0,0.0,0.0,0
2026-05-09 18:00:11,1,1,0,0.0,0,0.0,0,0,0,0.0,0.0,0,0,0.0,0.0,0
2026-05-09 18:00:12,1,1,0,0.0,0,0.0,0,0,0,0.0,0.0,0,0,0.0,0.0,0
2026-05-09 18:00:12,1,1,0,0.0,0,0.0,0,0,0,0.0,0.0,0,0,0.0,0.0,0
2026-05-09 18:00:12,1,1,0,0.0,0,0.0,0,0,0,0.0,0.0,0,0,0.0,0.0,0
2026-05-09 18:00:12,1,1,0,0.0,0,0.0,0,0,0,0.0,0.0,0,0,0.0,0.0,0
2026-05-09 18:00:12,1,1,0,0.0,0,0.0,0,0,0,0.0,0.0,0,0,0.0,0.0,0
2026-05-09 18:00:12,1,1,0,0.0,0,0.0,0,0,0,0.0,0.0,0,0,0.0,0.0,0
2026-05-09 18:00:12,1,1,0,0.0,0,0.0,0,0,0,0.0,0.0,0,0,0.0,0.0,0
2026-05-09 18:00:12,1,1,0,0.0,0,0.0,0,0,0,0.0,0.0,0,0,0.0,0.0,0
2026-05-09 18:00:12,1,1,0,0.0,0,0.0,0,0,0,0.0,0.0,0,0,0.0,0.0,0
2026-05-09 18:00:12,1,1,0,0.0,0,0.0,0,0,0,0.0,0.0,0,0,0.0,0.0,0
2026-05-09 18:00:12,1,1,0,0.0,0,0.0,0,0,0,0.0,0.0,0,0,0.0,0.0,0
2026-05-09 18:00:12,1,1,0,0.0,0,0.0,0,0,0,0.0,0.0,0,0,0.0,0.0,0
2026-05-09 18:00:12,1,1,0,0.0,0,0.0,0,0,0,0.0,0.0,0,0,0.0,0.0,0
2026-05-09 18:00:12,1,1,0,0.0,0,0.0,0,0,0,0.0,0.0,0,0,0.0,0.0,0
2026-05-09 18:00:12,1,1,0,0.0,0,0.0,0,0,0,0.0,0.0,0,0,0.0,0.0,0
2026-05-09 18:00:12,1,1,0,0.0,0,0.0,0,0,0,0.0,0.0,0,0,0.0,0.0,0
2026-05-09 18:00:12,1,1,0,0.0,0,0.0,0,0,0,0.0,0.0,0,0,0.0,0.0,0
2026-05-09 18:00:12,1,1,0,0.0,0,0.0,0,0,0,0.0,0.0,0,0,0.0,0.0,0
2026-05-09 18:00:12,1,1,0,0.0,0,0.0,0,0,0,0.0,0.0,0,0,0.0,0.0,0
2026-05-09 18:00:12,1,1,0,0.0,0,0.0,0,0,0,0.0,0.0,0,0,0.0,0.0,0
2026-05-09 18:00:13,1,1,0,0.0,0,0.0,0,0,0,0.0,0.0,0,0,0.0,0.0,0
2026-05-09 18:00:13,1,1,0,0.0,0,0.0,0,0,0,0.0,0.0,0,0,0.0,0.0,0
2026-05-09 18:00:13,1,1,0,0.0,0,0.0,0,0,0,0.0,0.0,0,0,0.0,0.0,0
2026-05-09 18:00:13,1,1,0,0.0,0,0.0,0,0,0,0.0,0.0,0,0,0.0,0.0,0
2026-05-09 18:00:13,1,1,0,0.0,0,0.0,0,0,0,0.0,0.0,0,0,0.0,0.0,0
2026-05-09 18:00:13,1,1,0,0.0,0,0.0,0,0,0,0.0,0.0,0,0,0.0,0.0,0
2026-05-09 18:00:13,1,1,0,0.0,0,0.0,0,0,0,0.0,0.0,0,0,0.0,0.0,0
2026-05-09 18:00:13,1,1,0,0.0,0,0.0,0,0,0,0.0,0.0,0,0,0.0,0.0,0
2026-05-09 18:00:13,1,1,0,0.0,0,0.0,0,0,0,0.0,0.0,0,0,0.0,0.0,0
2026-05-09 18:00:13,1,1,0,0.0,0,0.0,0,0,0,0.0,0.0,0,0,0.0,0.0,0
2026-05-09 18:00:13,1,1,0,0.0,0,0.0,0,0,0,0.0,0.0,0,0,0.0,0.0,0
2026-05-09 18:00:13,1,1,0,0.0,0,0.0,0,0,0,0.0,0.0,0,0,0.0,0.0,0
2026-05-09 18:00:13,1,1,0,0.0,0,0.0,0,0,0,0.0,0.0,0,0,0.0,0.0,0
2026-05-09 18:00:13,1,1,0,0.0,0,0.0,0,0,0,0.0,0.0,0,0,0.0,0.0,0
2026-05-09 18:00:13,1,1,0,0.0,0,0.0,0,0,0,0.0,0.0,0,0,0.0,0.0,0
2026-05-09 18:00:13,1,1,0,0.0,0,0.0,0,0,0,0.0,0.0,0,0,0.0,0.0,0
2026-05-09 18:00:13,1,1,0,0.0,0,0.0,0,0,0,0.0,0.0,0,0,0.0,0.0,0
2026-05-09 18:00:13,1,1,0,0.0,0,0.0,0,0,0,0.0,0.0,0,0,0.0,0.0,0
2026-05-09 18:00:13,1,1,0,0.0,0,0.0,0,0,0,0.0,0.0,0,0,0.0,0.0,0
2026-05-09 18:00:13,1,1,0,0.0,0,0.0,0,0,0,0.0,0.0,0,0,0.0,0.0,0
2026-05-09 18:00:14,1,1,0,0.0,0,0.0,0,0,0,0.0,0.0,0,0,0.0,0.0,0
2026-05-09 18:00:14,1,1,0,0.0,0,0.0,0,0,0,0.0,0.0,0,0,0.0,0.0,0
2026-05-09 18:00:14,1,1,0,0.0,0,0.0,0,0,0,0.0,0.0,0,0,0.0,0.0,0
2026-05-09 18:00:14,1,1,0,0.0,0,0.0,0,0,0,0.0,0.0,0,0,0.0,0.0,0
2026-05-09 18:00:14,1,1,0,0.0,0,0.0,0,0,0,0.0,0.0,0,0,0.0,0.0,0
2026-05-09 18:00:14,1,1,0,0.0,0,0.0,0,0,0,0.0,0.0,0,0,0.0,0.0,0
2026-05-09 18:00:14,1,1,0,0.0,0,0.0,0,0,0,0.0,0.0,0,0,0.0,0.0,0
2026-05-09 18:00:14,1,1,0,0.0,0,0.0,0,0,0,0.0,0.0,0,0,0.0,0.0,0
2026-05-09 18:00:14,1,1,0,0.0,0,0.0,0,0,0,0.0,0.0,0,0,0.0,0.0,0
2026-05-09 18:00:14,1,1,0,0.0,0,0.0,0,0,0,0.0,0.0,0,0,0.0,0.0,0
2026-05-09 18:00:14,1,1,0,0.0,0,0.0,0,0,0,0.0,0.0,0,0,0.0,0.0,0
2026-05-09 18:00:14,1,1,0,0.0,0,0.0,0,0,0,0.0,0.0,0,0,0.0,0.0,0
2026-05-09 18:00:14,1,1,0,0.0,0,0.0,0,0,0,0.0,0.0,0,0,0.0,0.0,0
2026-05-09 18:00:14,1,1,0,0.0,0,0.0,0,0,0,0.0,0.0,0,0,0.0,0.0,0
2026-05-09 18:00:14,1,1,0,0.0,0,0.0,0,0,0,0.0,0.0,0,0,0.0,0.0,0
2026-05-09 18:00:14,1,1,0,0.0,0,0.0,0,0,0,0.0,0.0,0,0,0.0,0.0,0
2026-05-09 18:00:14,1,1,0,0.0,0,0.0,0,0,0,0.0,0.0,0,0,0.0,0.0,0
2026-05-09 18:00:14,1,1,0,0.0,0,0.0,0,0,0,0.0,0.0,0,0,0.0,0.0,0
2026-05-09 18:00:14,1,1,0,0.0,0,0.0,0,0,0,0.0,0.0,0,0,0.0,0.0,0
2026-05-09 18:00:14,1,1,0,0.0,0,0.0,0,0,0,0.0,0.0,0,0,0.0,0.0,0
2026-05-09 18:00:15,1,1,0,0.0,0,0.0,0,0,0,0.0,0.0,0,0,0.0,0.0,0
2026-05-09 18:00:15,1,1,0,0.0,0,0.0,0,0,0,0.0,0.0,0,0,0.0,0.0,0
2026-05-09 18:00:15,1,1,0,0.0,0,0.0,0,0,0,0.0,0.0,0,0,0.0,0.0,0
2026-05-09 18:00:15,1,1,0,0.0,0,0.0,0,0,0,0.0,0.0,0,0,0.0,0.0,0
2026-05-09 18:00:15,1,1,0,0.0,0,0.0,0,0,0,0.0,0.0,0,0,0.0,0.0,0
2026-05-09 18:00:15,1,1,0,0.0,0,0.0,0,0,0,0.0,0.0,0,0,0.0,0.0,0
2026-05-09 18:00:15,1,1,0,0.0,0,0.0,0,0,0,0.0,0.0,0,0,0.0,0.0,0
2026-05-09 18:00:15,1,1,0,0.0,0,0.0,0,0,0,0.0,0.0,0,0,0.0,0.0,0
2026-05-09 18:00:15,1,1,0,0.0,0,0.0,0,0,0,0.0,0.0,0,0,0.0,0.0,0
2026-05-09 18:00:15,1,1,0,0.0,0,0.0,0,0,0,0.0,0.0,0,0,0.0,0.0,0
2026-05-09 18:00:15,1,1,0,0.0,0,0.0,0,0,0,0.0,0.0,0,0,0.0,0.0,0
2026-05-09 18:00:15,1,1,0,0.0,0,0.0,0,0,0,0.0,0.0,0,0,0.0,0.0,0
2026-05-09 18:00:15,1,1,0,0.0,0,0.0,0,0,0,0.0,0.0,0,0,0.0,0.0,0
2026-05-09 18:00:15,1,1,0,0.0,0,0.0,0,0,0,0.0,0.0,0,0,0.0,0.0,0
2026-05-09 18:00:15,1,1,0,0.0,0,0.0,0,0,0,0.0,0.0,0,0,0.0,0.0,0
2026-05-09 18:00:15,1,1,0,0.0,0,0.0,0,0,0,0.0,0.0,0,0,0.0,0.0,0
2026-05-09 18:00:15,1,1,0,0.0,0,0.0,0,0,0,0.0,0.0,0,0,0.0,0.0,0
2026-05-09 18:00:15,1,1,0,0.0,0,0.0,0,0,0,0.0,0.0,0,0,0.0,0.0,0
2026-05-09 18:00:15,1,1,0,0.0,0,0.0,0,0,0,0.0,0.0,0,0,0.0,0.0,0
2026-05-09 18:00:15,1,1,0,0.0,0,0.0,0,0,0,0.0,0.0,0,0,0.0,0.0,0
2026-05-09 18:00:16,1,1,0,0.0,0,0.0,0,0,0,0.0,0.0,0,0,0.0,0.0,0
2026-05-09 18:00:16,1,1,0,0.0,0,0.0,0,0,0,0.0,0.0,0,0,0.0,0.0,0
2026-05-09 18:00:16,1,1,0,0.0,0,0.0,0,0,0,0.0,0.0,0,0,0.0,0.0,0
2026-05-09 18:00:16,1,1,0,0.0,0,0.0,0,0,0,0.0,0.0,0,0,0.0,0.0,0
2026-05-09 18:00:16,1,1,0,0.0,0,0.0,0,0,0,0.0,0.0,0,0,0.0,0.0,0
2026-05-09 18:00:16,1,1,0,0.0,0,0.0,0,0,0,0.0,0.0,0,0,0.0,0.0,0
2026-05-09 18:00:16,1,1,0,0.0,0,0.0,0,0,0,0.0,0.0,0,0,0.0,0.0,0
2026-05-09 18:00:16,1,1,0,0.0,0,0.0,0,0,0,0.0,0.0,0,0,0.0,0.0,0
2026-05-09 18:00:16,1,1,0,0.0,0,0.0,0,0,0,0.0,0.0,0,0,0.0,0.0,0
2026-05-09 18:00:16,1,1,0,0.0,0,0.0,0,0,0,0.0,0.0,0,0,0.0,0.0,0
2026-05-09 18:00:16,1,1,0,0.0,0,0.0,0,0,0,0.0,0.0,0,0,0.0,0.0,0
2026-05-09 18:00:16,1,1,0,0.0,0,0.0,0,0,0,0.0,0.0,0,0,0.0,0.0,0
2026-05-09 18:00:16,1,1,0,0.0,0,0.0,0,0,0,0.0,0.0,0,0,0.0,0.0,0
2026-05-09 18:00:16,1,1,0,0.0,0,0.0,0,0,0,0.0,0.0,0,0,0.0,0.0,0
2026-05-09 18:00:16,1,1,0,0.0,0,0.0,0,0,0,0.0,0.0,0,0,0.0,0.0,0
2026-05-09 18:00:16,1,1,0,0.0,0,0.0,0,0,0,0.0,0.0,0,0,0.0,0.0,0
2026-05-09 18:00:16,1,1,0,0.0,0,0.0,0,0,0,0.0,0.0,0,0,0.0,0.0,0
2026-05-09 18:00:16,1,1,0,0.0,0,0.0,0,0,0,0.0,0.0,0,0,0.0,0.0,0
2026-05-09 18:00:16,1,1,0,0.0,0,0.0,0,0,0,0.0,0.0,0,0,0.0,0.0,0
2026-05-09 18:00:16,1,1,0,0.0,0,0.0,0,0,0,0.0,0.0,0,0,0.0,0.0,0
2026-05-09 18:00:17,1,1,0,0.0,0,0.0,0,0,0,0.0,0.0,0,0,0.0,0.0,0
2026-05-09 18:00:17,1,1,0,0.0,0,0.0,0,0,0,0.0,0.0,0,0,0.0,0.0,0
2026-05-09 18:00:17,1,1,0,0.0,0,0.0,0,0,0,0.0,0.0,0,0,0.0,0.0,0
2026-05-09 18:00:17,1,1,0,0.0,0,0.0,0,0,0,0.0,0.0,0,0,0.0,0.0,0
2026-05-09 18:00:17,1,1,0,0.0,0,0.0,0,0,0,0.0,0.0,0,0,0.0,0.0,0
2026-05-09 18:00:17,1,1,0,0.0,0,0.0,0,0,0,0.0,0.0,0,0,0.0,0.0,0
2026-05-09 18:00:17,1,1,0,0.0,0,0.0,0,0,0,0.0,0.0,0,0,0.0,0.0,0
2026-05-09 18:00:17,1,1,0,0.0,0,0.0,0,0,0,0.0,0.0,0,0,0.0,0.0,0
2026-05-09 18:00:17,1,1,0,0.0,0,0.0,0,0,0,0.0,0.0,0,0,0.0,0.0,0
2026-05-09 18:00:17,1,1,0,0.0,0,0.0,0,0,0,0.0,0.0,0,0,0.0,0.0,0
2026-05-09 18:00:17,1,1,0,0.0,0,0.0,0,0,0,0.0,0.0,0,0,0.0,0.0,0
2026-05-09 18:00:17,1,1,0,0.0,0,0.0,0,0,0,0.0,0.0,0,0,0.0,0.0,0
2026-05-09 18:00:17,1,1,0,0.0,0,0.0,0,0,0,0.0,0.0,0,0,0.0,0.0,0
2026-05-09 18:00:17,1,1,0,0.0,0,0.0,0,0,0,0.0,0.0,0,0,0.0,0.0,0
2026-05-09 18:00:17,1,1,0,0.0,0,0.0,0,0,0,0.0,0.0,0,0,0.0,0.0,0
2026-05-09 18:00:17,1,1,0,0.0,0,0.0,0,0,0,0.0,0.0,0,0,0.0,0.0,0
2026-05-09 18:00:17,1,1,0,0.0,0,0.0,0,0,0,0.0,0.0,0,0,0.0,0.0,0
2026-05-09 18:00:17,1,1,0,0.0,0,0.0,0,0,0,0.0,0.0,0,0,0.0,0.0,0
2026-05-09 18:00:17,1,1,0,0.0,0,0.0,0,0,0,0.0,0.0,0,0,0.0,0.0,0
2026-05-09 18:00:17,1,1,0,0.0,0,0.0,0,0,0,0.0,0.0,0,0,0.0,0.0,0
2026-05-09 18:00:18,1,1,0,0.0,0,0.0,0,0,0,0.0,0.0,0,0,0.0,0.0,0
2026-05-09 18:00:18,1,1,0,0.0,0,0.0,0,0,0,0.0,0.0,0,0,0.0,0.0,0
2026-05-09 18:00:18,1,1,0,0.0,0,0.0,0,0,0,0.0,0.0,0,0,0.0,0.0,0
2026-05-09 18:00:18,1,1,0,0.0,0,0.0,0,0,0,0.0,0.0,0,0,0.0,0.0,0
2026-05-09 18:00:18,1,1,0,0.0,0,0.0,0,0,0,0.0,0.0,0,0,0.0,0.0,0
2026-05-09 18:00:18,1,1,0,0.0,0,0.0,0,0,0,0.0,0.0,0,0,0.0,0.0,0
2026-05-09 18:00:18,1,1,0,0.0,0,0.0,0,0,0,0.0,0.0,0,0,0.0,0.0,0
2026-05-09 18:00:18,1,1,0,0.0,0,0.0,0,0,0,0.0,0.0,0,0,0.0,0.0,0
2026-05-09 18:00:18,1,1,0,0.0,0,0.0,0,0,0,0.0,0.0,0,0,0.0,0.0,0
2026-05-09 18:00:18,1,1,0,0.0,0,0.0,0,0,0,0.0,0.0,0,0,0.0,0.0,0
2026-05-09 18:00:18,1,1,0,0.0,0,0.0,0,0,0,0.0,0.0,0,0,0.0,0.0,0
2026-05-09 18:00:18,1,1,0,0.0,0,0.0,0,0,0,0.0,0.0,0,0,0.0,0.0,0
2026-05-09 18:00:18,1,1,0,0.0,0,0.0,0,0,0,0.0,0.0,0,0,0.0,0.0,0
2026-05-09 18:00:18,1,1,0,0.0,0,0.0,0,0,0,0.0,0.0,0,0,0.0,0.0,0
2026-05-09 18:00:18,1,1,0,0.0,0,0.0,0,0,0,0.0,0.0,0,0,0.0,0.0,0
2026-05-09 18:00:18,1,1,0,0.0,0,0.0,0,0,0,0.0,0.0,0,0,0.0,0.0,0
2026-05-09 18:00:18,1,1,0,0.0,0,0.0,0,0,0,0.0,0.0,0,0,0.0,0.0,0
2026-05-09 18:00:18,1,1,0,0.0,0,0.0,0,0,0,0.0,0.0,0,0,0.0,0.0,0
2026-05-09 18:00:18,1,1,0,0.0,0,0.0,0,0,0,0.0,0.0,0,0,0.0,0.0,0
2026-05-09 18:00:18,1,1,0,0.0,0,0.0,0,0,0,0.0,0.0,0,0,0.0,0.0,0
2026-05-09 18:00:19,1,1,0,0.0,0,0.0,0,0,0,0.0,0.0,0,0,0.0,0.0,0
2026-05-09 18:00:19,1,1,0,0.0,0,0.0,0,0,0,0.0,0.0,0,0,0.0,0.0,0
2026-05-09 18:00:19,1,1,0,0.0,0,0.0,0,0,0,0.0,0.0,0,0,0.0,0.0,0
2026-05-09 18:00:19,1,1,0,0.0,0,0.0,0,0,0,0.0,0.0,0,0,0.0,0.0,0
2026-05-09 18:00:19,1,1,0,0.0,0,0.0,0,0,0,0.0,0.0,0,0,0.0,0.0,0
2026-05-09 18:00:19,1,1,0,0.0,0,0.0,0,0,0,0.0,0.0,0,0,0.0,0.0,0
2026-05-09 18:00:19,1,1,0,0.0,0,0.0,0,0,0,0.0,0.0,0,0,0.0,0.0,0
2026-05-09 18:00:19,1,1,0,0.0,0,0.0,0,0,0,0.0,0.0,0,0,0.0,0.0,0
2026-05-09 18:00:19,1,1,0,0.0,0,0.0,0,0,0,0.0,0.0,0,0,0.0,0.0,0
2026-05-09 18:00:19,1,1,0,0.0,0,0.0,0,0,0,0.0,0.0,0,0,0.0,0.0,0
2026-05-09 18:00:19,1,1,0,0.0,0,0.0,0,0,0,0.0,0.0,0,0,0.0,0.0,0
2026-05-09 18:00:19,1,1,0,0.0,0,0.0,0,0,0,0.0,0.0,0,0,0.0,0.0,0
2026-05-09 18:00:19,1,1,0,0.0,0,0.0,0,0,0,0.0,0.0,0,0,0.0,0.0,0
2026-05-09 18:00:19,1,1,0,0.0,0,0.0,0,0,0,0.0,0.0,0,0,0.0,0.0,0
2026-05-09 18:00:19,1,1,0,0.0,0,0.0,0,0,0,0.0,0.0,0,0,0.0,0.0,0
2026-05-09 18:00:19,1,1,0,0.0,0,0.0,0,0,0,0.0,0.0,0,0,0.0,0.0,0
2026-05-09 18:00:19,1,1,0,0.0,0,0.0,0,0,0,0.0,0.0,0,0,0.0,0.0,0
2026-05-09 18:00:19,1,1,0,0.0,0,0.0,0,0,0,0.0,0.0,0,0,0.0,0.0,0
2026-05-09 18:00:19,1,1,0,0.0,0,0.0,0,0,0,0.0,0.0,0,0,0.0,0.0,0
2026-05-09 18:00:19,1,1,0,0.0,0,0.0,0,0,0,0.0,0.0,0,0,0.0,0.0,0
2026-05-09 18:00:20,1,1,0,0.0,0,0.0,0,0,0,0.0,0.0,0,0,0.0,0.0,0
2026-05-09 18:00:20,1,1,0,0.0,0,0.0,0,0,0,0.0,0.0,0,0,0.0,0.0,0
2026-05-09 18:00:20,1,1,0,0.0,0,0.0,0,0,0,0.0,0.0,0,0,0.0,0.0,0
2026-05-09 18:00:20,1,1,0,0.0,0,0.0,0,0,0,0.0,0.0,0,0,0.0,0.0,0
2026-05-09 18:00:20,1,1,0,0.0,0,0.0,0,0,0,0.0,0.0,0,0,0.0,0.0,0
2026-05-09 18:00:20,1,1,0,0.0,0,0.0,0,0,0,0.0,0.0,0,0,0.0,0.0,0
2026-05-09 18:00:20,1,1,0,0.0,0,0.0,0,0,0,0.0,0.0,0,0,0.0,0.0,0
2026-05-09 18:00:20,1,1,0,0.0,0,0.0,0,0,0,0.0,0.0,0,0,0.0,0.0,0
2026-05-09 18:00:20,1,1,0,0.0,0,0.0,0,0,0,0.0,0.0,0,0,0.0,0.0,0
2026-05-09 18:00:20,1,1,0,0.0,0,0.0,0,0,0,0.0,0.0,0,0,0.0,0.0,0
2026-05-09 18:00:20,1,1,0,0.0,0,0.0,0,0,0,0.0,0.0,0,0,0.0,0.0,0
2026-05-09 18:00:20,1,1,0,0.0,0,0.0,0,0,0,0.0,0.0,0,0,0.0,0.0,0
2026-05-09 18:00:20,1,1,0,0.0,0,0.0,0,0,0,0.0,0.0,0,0,0.0,0.0,0
2026-05-09 18:00:20,1,1,0,0.0,0,0.0,0,0,0,0.0,0.0,0,0,0.0,0.0,0
2026-05-09 18:00:20,1,1,0,0.0,0,0.0,0,0,0,0.0,0.0,0,0,0.0,0.0,0
2026-05-09 18:00:20,1,1,0,0.0,0,0.0,0,0,0,0.0,0.0,0,0,0.0,0.0,0
2026-05-09 18:00:20,1,1,0,0.0,0,0.0,0,0,0,0.0,0.0,0,0,0.0,0.0,0
2026-05-09 18:00:20,1,1,0,0.0,0,0.0,0,0,0,0.0,0.0,0,0,0.0,0.0,0
2026-05-09 18:00:20,1,1,0,0.0,0,0.0,0,0,0,0.0,0.0,0,0,0.0,0.0,0
2026-05-09 18:00:20,1,1,0,0.0,0,0.0,0,0,0,0.0,0.0,0,0,0.0,0.0,0
2026-05-09 18:00:21,1,1,0,0.0,0,0.0,0,0,0,0.0,0.0,0,0,0.0,0.0,0
2026-05-09 18:00:21,1,1,0,0.0,0,0.0,0,0,0,0.0,0.0,0,0,0.0,0.0,0
2026-05-09 18:00:21,1,1,0,0.0,0,0.0,0,0,0,0.0,0.0,0,0,0.0,0.0,0
2026-05-09 18:00:21,1,1,0,0.0,0,0.0,0,0,0,0.0,0.0,0,0,0.0,0.0,0
2026-05-09 18:00:21,1,1,0,0.0,0,0.0,0,0,0,0.0,0.0,0,0,0.0,0.0,0
2026-05-09 18:00:21,1,1,0,0.0,0,0.0,0,0,0,0.0,0.0,0,0,0.0,0.0,0
2026-05-09 18:00:21,1,1,0,0.0,0,0.0,0,0,0,0.0,0.0,0,0,0.0,0.0,0
2026-05-09 18:00:21,1,1,0,0.0,0,0.0,0,0,0,0.0,0.0,0,0,0.0,0.0,0
2026-05-09 18:00:21,1,1,0,0.0,0,0.0,0,0,0,0.0,0.0,0,0,0.0,0.0,0
2026-05-09 18:00:21,1,1,0,0.0,0,0.0,0,0,0,0.0,0.0,0,0,0.0,0.0,0
2026-05-09 18:00:21,1,1,0,0.0,0,0.0,0,0,0,0.0,0.0,0,0,0.0,0.0,0
2026-05-09 18:00:21,1,1,0,0.0,0,0.0,0,0,0,0.0,0.0,0,0,0.0,0.0,0
2026-05-09 18:00:21,1,1,0,0.0,0,0.0,0,0,0,0.0,0.0,0,0,0.0,0.0,0
2026-05-09 18:00:21,1,1,0,0.0,0,0.0,0,0,0,0.0,0.0,0,0,0.0,0.0,0
2026-05-09 18:00:21,1,1,0,0.0,0,0.0,0,0,0,0.0,0.0,0,0,0.0,0.0,0
2026-05-09 18:00:21,1,1,0,0.0,0,0.0,0,0,0,0.0,0.0,0,0,0.0,0.0,0
2026-05-09 18:00:21,1,1,0,0.0,0,0.0,0,0,0,0.0,0.0,0,0,0.0,0.0,0
2026-05-09 18:00:21,1,1,0,0.0,0,0.0,0,0,0,0.0,0.0,0,0,0.0,0.0,0
2026-05-09 18:00:21,1,1,0,0.0,0,0.0,0,0,0,0.0,0.0,0,0,0.0,0.0,0
2026-05-09 18:00:21,1,1,0,0.0,0,0.0,0,0,0,0.0,0.0,0,0,0.0,0.0,0
2026-05-09 18:00:22,1,1,0,0.0,0,0.0,0,0,0,0.0,0.0,0,0,0.0,0.0,0
2026-05-09 18:00:22,1,1,0,0.0,0,0.0,0,0,0,0.0,0.0,0,0,0.0,0.0,0
2026-05-09 18:00:22,1,1,0,0.0,0,0.0,0,0,0,0.0,0.0,0,0,0.0,0.0,0
2026-05-09 18:00:22,1,1,0,0.0,0,0.0,0,0,0,0.0,0.0,0,0,0.0,0.0,0
2026-05-09 18:00:22,1,1,0,0.0,0,0.0,0,0,0,0.0,0.0,0,0,0.0,0.0,0
2026-05-09 18:00:22,1,1,0,0.0,0,0.0,0,0,0,0.0,0.0,0,0,0.0,0.0,0
2026-05-09 18:00:22,1,1,0,0.0,0,0.0,0,0,0,0.0,0.0,0,0,0.0,0.0,0
2026-05-09 18:00:22,1,1,0,0.0,0,0.0,0,0,0,0.0,0.0,0,0,0.0,0.0,0
2026-05-09 18:00:22,1,1,0,0.0,0,0.0,0,0,0,0.0,0.0,0,0,0.0,0.0,0
2026-05-09 18:00:22,1,1,0,0.0,0,0.0,0,0,0,0.0,0.0,0,0,0.0,0.0,0
2026-05-09 18:00:22,1,1,0,0.0,0,0.0,0,0,0,0.0,0.0,0,0,0.0,0.0,0
2026-05-09 18:00:22,1,1,0,0.0,0,0.0,0,0,0,0.0,0.0,0,0,0.0,0.0,0
2026-05-09 18:00:22,1,1,0,0.0,0,0.0,0,0,0,0.0,0.0,0,0,0.0,0.0,0
2026-05-09 18:00:22,1,1,0,0.0,0,0.0,0,0,0,0.0,0.0,0,0,0.0,0.0,0
2026-05-09 18:00:22,1,1,0,0.0,0,0.0,0,0,0,0.0,0.0,0,0,0.0,0.0,0
2026-05-09 18:00:22,1,1,0,0.0,0,0.0,0,0,0,0.0,0.0,0,0,0.0,0.0,0
2026-05-09 18:00:22,1,1,0,0.0,0,0.0,0,0,0,0.0,0.0,0,0,0.0,0.0,0
2026-05-09 18:00:22,1,1,0,0.0,0,0.0,0,0,0,0.0,0.0,0,0,0.0,0.0,0
2026-05-09 18:00:22,1,1,0,0.0,0,0.0,0,0,0,0.0,0.0,0,0,0.0,0.0,0
2026-05-09 18:00:22,1,1,0,0.0,0,0.0,0,0,0,0.0,0.0,0,0,0.0,0.0,0
2026-05-09 18:00:23,1,1,0,0.0,0,0.0,0,0,0,0.0,0.0,0,0,0.0,0.0,0
2026-05-09 18:00:23,1,1,0,0.0,0,0.0,0,0,0,0.0,0.0,0,0,0.0,0.0,0
2026-05-09 18:00:23,1,1,0,0.0,0,0.0,0,0,0,0.0,0.0,0,0,0.0,0.0,0
2026-05-09 18:00:23,1,1,0,0.0,0,0.0,0,0,0,0.0,0.0,0,0,0.0,0.0,0
2026-05-09 18:00:23,1,1,0,0.0,0,0.0,0,0,0,0.0,0.0,0,0,0.0,0.0,0
2026-05-09 18:00:23,1,1,0,0.0,0,0.0,0,0,0,0.0,0.0,0,0,0.0,0.0,0
2026-05-09 18:00:23,1,1,0,0.0,0,0.0,0,0,0,0.0,0.0,0,0,0.0,0.0,0
2026-05-09 18:00:23,1,1,0,0.0,0,0.0,0,0,0,0.0,0.0,0,0,0.0,0.0,0
2026-05-09 18:00:23,1,1,0,0.0,0,0.0,0,0,0,0.0,0.0,0,0,0.0,0.0,0
2026-05-09 18:00:23,1,1,0,0.0,0,0.0,0,0,0,0.0,0.0,0,0,0.0,0.0,0
2026-05-09 18:00:23,1,1,0,0.0,0,0.0,0,0,0,0.0,0.0,0,0,0.0,0.0,0
2026-05-09 18:00:23,1,1,0,0.0,0,0.0,0,0,0,0.0,0.0,0,0,0.0,0.0,0
2026-05-09 18:00:23,1,1,0,0.0,0,0.0,0,0,0,0.0,0.0,0,0,0.0,0.0,0
2026-05-09 18:00:23,1,1,0,0.0,0,0.0,0,0,0,0.0,0.0,0,0,0.0,0.0,0
2026-05-09 18:00:23,1,1,0,0.0,0,0.0,0,0,0,0.0,0.0,0,0,0.0,0.0,0
2026-05-09 18:00:23,1,1,0,0.0,0,0.0,0,0,0,0.0,0.0,0,0,0.0,0.0,0
2026-05-09 18:00:23,1,1,0,0.0,0,0.0,0,0,0,0.0,0.0,0,0,0.0,0.0,0
2026-05-09 18:00:23,1,1,0,0.0,0,0.0,0,0,0,0.0,0.0,0,0,0.0,0.0,0
2026-05-09 18:00:23,1,1,0,0.0,0,0.0,0,0,0,0.0,0.0,0,0,0.0,0.0,0
2026-05-09 18:00:23,1,1,0,0.0,0,0.0,0,0,0,0.0,0.0,0,0,0.0,0.0,0
2026-05-09 18:00:24,1,1,0,0.0,0,0.0,0,0,0,0.0,0.0,0,0,0.0,0.0,0
2026-05-09 18:00:24,1,1,0,0.0,0,0.0,0,0,0,0.0,0.0,0,0,0.0,0.0,0
2026-05-09 18:00:24,1,1,0,0.0,0,0.0,0,0,0,0.0,0.0,0,0,0.0,0.0,0
2026-05-09 18:00:24,1,1,0,0.0,0,0.0,0,0,0,0.0,0.0,0,0,0.0,0.0,0
2026-05-09 18:00:24,1,1,0,0.0,0,0.0,0,0,0,0.0,0.0,0,0,0.0,0.0,0
2026-05-09 18:00:24,1,1,0,0.0,0,0.0,0,0,0,0.0,0.0,0,0,0.0,0.0,0
2026-05-09 18:00:24,1,1,0,0.0,0,0.0,0,0,0,0.0,0.0,0,0,0.0,0.0,0
2026-05-09 18:00:24,1,1,0,0.0,0,0.0,0,0,0,0.0,0.0,0,0,0.0,0.0,0
2026-05-09 18:00:24,1,1,0,0.0,0,0.0,0,0,0,0.0,0.0,0,0,0.0,0.0,0
2026-05-09 18:00:24,1,1,0,0.0,0,0.0,0,0,0,0.0,0.0,0,0,0.0,0.0,0
2026-05-09 18:00:24,1,1,0,0.0,0,0.0,0,0,0,0.0,0.0,0,0,0.0,0.0,0
2026-05-09 18:00:24,1,1,0,0.0,0,0.0,0,0,0,0.0,0.0,0,0,0.0,0.0,0
2026-05-09 18:00:24,1,1,0,0.0,0,0.0,0,0,0,0.0,0.0,0,0,0.0,0.0,0
2026-05-09 18:00:24,1,1,0,0.0,0,0.0,0,0,0,0.0,0.0,0,0,0.0,0.0,0
2026-05-09 18:00:24,1,1,0,0.0,0,0.0,0,0,0,0.0,0.0,0,0,0.0,0.0,0
2026-05-09 18:00:24,1,1,0,0.0,0,0.0,0,0,0,0.0,0.0,0,0,0.0,0.0,0
2026-05-09 18:00:24,1,1,0,0.0,0,0.0,0,0,0,0.0,0.0,0,0,0.0,0.0,0
2026-05-09 18:00:24,1,1,0,0.0,0,0.0,0,0,0,0.0,0.0,0,0,0.0,0.0,0
2026-05-09 18:00:24,1,1,0,0.0,0,0.0,0,0,0,0.0,0.0,0,0,0.0,0.0,0
2026-05-09 18:00:24,1,1,0,0.0,0,0.0,0,0,0,0.0,0.0,0,0,0.0,0.0,0
2026-05-09 18:00:25,1,1,0,0.0,0,0.0,0,0,0,0.0,0.0,0,0,0.0,0.0,0
2026-05-09 18:00:25,1,1,0,0.0,0,0.0,0,0,0,0.0,0.0,0,0,0.0,0.0,0
2026-05-09 18:00:25,1,1,0,0.0,0,0.0,0,0,0,0.0,0.0,0,0,0.0,0.0,0
2026-05-09 18:00:25,1,1,0,0.0,0,0.0,0,0,0,0.0,0.0,0,0,0.0,0.0,0
2026-05-09 18:00:25,1,1,0,0.0,0,0.0,0,0,0,0.0,0.0,0,0,0.0,0.0,0
2026-05-09 18:00:25,1,1,0,0.0,0,0.0,0,0,0,0.0,0.0,0,0,0.0,0.0,0
2026-05-09 18:00:25,1,1,0,0.0,0,0.0,0,0,0,0.0,0.0,0,0,0.0,0.0,0
2026-05-09 18:00:25,1,1,0,0.0,0,0.0,0,0,0,0.0,0.0,0,0,0.0,0.0,0
2026-05-09 18:00:25,1,1,0,0.0,0,0.0,0,0,0,0.0,0.0,0,0,0.0,0.0,0
2026-05-09 18:00:25,1,1,0,0.0,0,0.0,0,0,0,0.0,0.0,0,0,0.0,0.0,0
2026-05-09 18:00:25,1,1,0,0.0,0,0.0,0,0,0,0.0,0.0,0,0,0.0,0.0,0
2026-05-09 18:00:25,1,1,0,0.0,0,0.0,0,0,0,0.0,0.0,0,0,0.0,0.0,0
2026-05-09 18:00:25,1,1,0,0.0,0,0.0,0,0,0,0.0,0.0,0,0,0.0,0.0,0
2026-05-09 18:00:25,1,1,0,0.0,0,0.0,0,0,0,0.0,0.0,0,0,0.0,0.0,0
2026-05-09 18:00:25,1,1,0,0.0,0,0.0,0,0,0,0.0,0.0,0,0,0.0,0.0,0
2026-05-09 18:00:25,1,1,0,0.0,0,0.0,0,0,0,0.0,0.0,0,0,0.0,0.0,0
2026-05-09 18:00:25,1,1,0,0.0,0,0.0,0,0,0,0.0,0.0,0,0,0.0,0.0,0
2026-05-09 18:00:25,1,1,0,0.0,0,0.0,0,0,0,0.0,0.0,0,0,0.0,0.0,0
2026-05-09 18:00:25,1,1,0,0.0,0,0.0,0,0,0,0.0,0.0,0,0,0.0,0.0,0
2026-05-09 18:00:25,1,1,0,0.0,0,0.0,0,0,0,0.0,0.0,0,0,0.0,0.0,0
2026-05-09 18:00:26,1,1,0,0.0,0,0.0,0,0,0,0.0,0.0,0,0,0.0,0.0,0
2026-05-09 18:00:26,1,1,0,0.0,0,0.0,0,0,0,0.0,0.0,0,0,0.0,0.0,0
2026-05-09 18:00:26,1,1,0,0.0,0,0.0,0,0,0,0.0,0.0,0,0,0.0,0.0,0
2026-05-09 18:00:26,1,1,0,0.0,0,0.0,0,0,0,0.0,0.0,0,0,0.0,0.0,0
2026-05-09 18:00:26,1,1,0,0.0,0,0.0,0,0,0,0.0,0.0,0,0,0.0,0.0,0
2026-05-09 18:00:26,1,1,0,0.0,0,0.0,0,0,0,0.0,0.0,0,0,0.0,0.0,0
2026-05-09 18:00:26,1,1,0,0.0,0,0.0,0,0,0,0.0,0.0,0,0,0.0,0.0,0
2026-05-09 18:00:26,1,1,0,0.0,0,0.0,0,0,0,0.0,0.0,0,0,0.0,0.0,0
2026-05-09 18:00:26,1,1,0,0.0,0,0.0,0,0,0,0.0,0.0,0,0,0.0,0.0,0
2026-05-09 18:00:26,1,1,0,0.0,0,0.0,0,0,0,0.0,0.0,0,0,0.0,0.0,0
2026-05-09 18:00:26,1,1,0,0.0,0,0.0,0,0,0,0.0,0.0,0,0,0.0,0.0,0
2026-05-09 18:00:26,1,1,0,0.0,0,0.0,0,0,0,0.0,0.0,0,0,0.0,0.0,0
2026-05-09 18:00:26,1,1,0,0.0,0,0.0,0,0,0,0.0,0.0,0,0,0.0,0.0,0
2026-05-09 18:00:26,1,1,0,0.0,0,0.0,0,0,0,0.0,0.0,0,0,0.0,0.0,0
2026-05-09 18:00:26,1,1,0,0.0,0,0.0,0,0,0,0.0,0.0,0,0,0.0,0.0,0
2026-05-09 18:00:26,1,1,0,0.0,0,0.0,0,0,0,0.0,0.0,0,0,0.0,0.0,0
2026-05-09 18:00:26,1,1,0,0.0,0,0.0,0,0,0,0.0,0.0,0,0,0.0,0.0,0
2026-05-09 18:00:26,1,1,0,0.0,0,0.0,0,0,0,0.0,0.0,0,0,0.0,0.0,0
2026-05-09 18:00:26,1,1,0,0.0,0,0.0,0,0,0,0.0,0.0,0,0,0.0,0.0,0
2026-05-09 18:00:26,1,1,0,0.0,0,0.0,0,0,0,0.0,0.0,0,0,0.0,0.0,0
2026-05-09 18:00:27,1,1,0,0.0,0,0.0,0,0,0,0.0,0.0,0,0,0.0,0.0,0
2026-05-09 18:00:27,1,1,0,0.0,0,0.0,0,0,0,0.0,0.0,0,0,0.0,0.0,0
2026-05-09 18:00:27,1,1,0,0.0,0,0.0,0,0,0,0.0,0.0,0,0,0.0,0.0,0
2026-05-09 18:00:27,1,1,0,0.0,0,0.0,0,0,0,0.0,0.0,0,0,0.0,0.0,0
2026-05-09 18:00:27,1,1,0,0.0,0,0.0,0,0,0,0.0,0.0,0,0,0.0,0.0,0
2026-05-09 18:00:27,1,1,0,0.0,0,0.0,0,0,0,0.0,0.0,0,0,0.0,0.0,0
2026-05-09 18:00:27,1,1,0,0.0,0,0.0,0,0,0,0.0,0.0,0,0,0.0,0.0,0
2026-05-09 18:00:27,1,1,0,0.0,0,0.0,0,0,0,0.0,0.0,0,0,0.0,0.0,0
2026-05-09 18:00:27,1,1,0,0.0,0,0.0,0,0,0,0.0,0.0,0,0,0.0,0.0,0
2026-05-09 18:00:27,1,1,0,0.0,0,0.0,0,0,0,0.0,0.0,0,0,0.0,0.0,0
2026-05-09 18:00:27,1,1,0,0.0,0,0.0,0,0,0,0.0,0.0,0,0,0.0,0.0,0
2026-05-09 18:00:27,1,1,0,0.0,0,0.0,0,0,0,0.0,0.0,0,0,0.0,0.0,0
2026-05-09 18:00:27,1,1,0,0.0,0,0.0,0,0,0,0.0,0.0,0,0,0.0,0.0,0
2026-05-09 18:00:27,1,1,0,0.0,0,0.0,0,0,0,0.0,0.0,0,0,0.0,0.0,0
2026-05-09 18:00:27,1,1,0,0.0,0,0.0,0,0,0,0.0,0.0,0,0,0.0,0.0,0
2026-05-09 18:00:27,1,1,0,0.0,0,0.0,0,0,0,0.0,0.0,0,0,0.0,0.0,0
2026-05-09 18:00:27,1,1,0,0.0,0,0.0,0,0,0,0.0,0.0,0,0,0.0,0.0,0
2026-05-09 18:00:27,1,1,0,0.0,0,0.0,0,0,0,0.0,0.0,0,0,0.0,0.0,0
2026-05-09 18:00:27,1,1,0,0.0,0,0.0,0,0,0,0.0,0.0,0,0,0.0,0.0,0
2026-05-09 18:00:27,1,1,0,0.0,0,0.0,0,0,0,0.0,0.0,0,0,0.0,0.0,0
2026-05-09 18:00:28,1,1,0,0.0,0,0.0,0,0,0,0.0,0.0,0,0,0.0,0.0,0
2026-05-09 18:00:28,1,1,0,0.0,0,0.0,0,0,0,0.0,0.0,0,0,0.0,0.0,0
2026-05-09 18:00:28,1,1,0,0.0,0,0.0,0,0,0,0.0,0.0,0,0,0.0,0.0,0
2026-05-09 18:00:28,1,1,0,0.0,0,0.0,0,0,0,0.0,0.0,0,0,0.0,0.0,0
2026-05-09 18:00:28,1,1,0,0.0,0,0.0,0,0,0,0.0,0.0,0,0,0.0,0.0,0
2026-05-09 18:00:28,1,1,0,0.0,0,0.0,0,0,0,0.0,0.0,0,0,0.0,0.0,0
2026-05-09 18:00:28,1,1,0,0.0,0,0.0,0,0,0,0.0,0.0,0,0,0.0,0.0,0
2026-05-09 18:00:28,1,1,0,0.0,0,0.0,0,0,0,0.0,0.0,0,0,0.0,0.0,0
2026-05-09 18:00:28,1,1,0,0.0,0,0.0,0,0,0,0.0,0.0,0,0,0.0,0.0,0
2026-05-09 18:00:28,1,1,0,0.0,0,0.0,0,0,0,0.0,0.0,0,0,0.0,0.0,0
2026-05-09 18:00:28,1,1,0,0.0,0,0.0,0,0,0,0.0,0.0,0,0,0.0,0.0,0
2026-05-09 18:00:28,1,1,0,0.0,0,0.0,0,0,0,0.0,0.0,0,0,0.0,0.0,0
2026-05-09 18:00:28,1,1,0,0.0,0,0.0,0,0,0,0.0,0.0,0,0,0.0,0.0,0
2026-05-09 18:00:28,1,1,0,0.0,0,0.0,0,0,0,0.0,0.0,0,0,0.0,0.0,0
2026-05-09 18:00:28,1,1,0,0.0,0,0.0,0,0,0,0.0,0.0,0,0,0.0,0.0,0
2026-05-09 18:00:28,1,1,0,0.0,0,0.0,0,0,0,0.0,0.0,0,0,0.0,0.0,0
2026-05-09 18:00:28,1,1,0,0.0,0,0.0,0,0,0,0.0,0.0,0,0,0.0,0.0,0
2026-05-09 18:00:28,1,1,0,0.0,0,0.0,0,0,0,0.0,0.0,0,0,0.0,0.0,0
2026-05-09 18:00:28,1,1,0,0.0,0,0.0,0,0,0,0.0,0.0,0,0,0.0,0.0,0
2026-05-09 18:00:28,1,1,0,0.0,0,0.0,0,0,0,0.0,0.0,0,0,0.0,0.0,0
2026-05-09 18:00:29,1,1,0,0.0,0,0.0,0,0,0,0.0,0.0,0,0,0.0,0.0,0
2026-05-09 18:00:29,1,1,0,0.0,0,0.0,0,0,0,0.0,0.0,0,0,0.0,0.0,0
2026-05-09 18:00:29,1,1,0,0.0,0,0.0,0,0,0,0.0,0.0,0,0,0.0,0.0,0
2026-05-09 18:00:29,1,1,0,0.0,0,0.0,0,0,0,0.0,0.0,0,0,0.0,0.0,0
2026-05-09 18:00:29,1,1,0,0.0,0,0.0,0,0,0,0.0,0.0,0,0,0.0,0.0,0
2026-05-09 18:00:29,1,1,0,0.0,0,0.0,0,0,0,0.0,0.0,0,0,0.0,0.0,0
2026-05-09 18:00:29,1,1,0,0.0,0,0.0,0,0,0,0.0,0.0,0,0,0.0,0.0,0
2026-05-09 18:00:29,1,1,0,0.0,0,0.0,0,0,0,0.0,0.0,0,0,0.0,0.0,0
2026-05-09 18:00:29,1,1,0,0.0,0,0.0,0,0,0,0.0,0.0,0,0,0.0,0.0,0
2026-05-09 18:00:29,1,1,0,0.0,0,0.0,0,0,0,0.0,0.0,0,0,0.0,0.0,0
2026-05-09 18:00:29,1,1,0,0.0,0,0.0,0,0,0,0.0,0.0,0,0,0.0,0.0,0
2026-05-09 18:00:29,1,1,0,0.0,0,0.0,0,0,0,0.0,0.0,0,0,0.0,0.0,0
2026-05-09 18:00:29,1,1,0,0.0,0,0.0,0,0,0,0.0,0.0,0,0,0.0,0.0,0
2026-05-09 18:00:29,1,1,0,0.0,0,0.0,0,0,0,0.0,0.0,0,0,0.0,0.0,0
2026-05-09 18:00:29,1,1,0,0.0,0,0.0,0,0,0,0.0,0.0,0,0,0.0,0.0,0
2026-05-09 18:00:29,1,1,0,0.0,0,0.0,0,0,0,0.0,0.0,0,0,0.0,0.0,0
2026-05-09 18:00:29,1,1,0,0.0,0,0.0,0,0,0,0.0,0.0,0,0,0.0,0.0,0
2026-05-09 18:00:29,1,1,0,0.0,0,0.0,0,0,0,0.0,0.0,0,0,0.0,0.0,0
2026-05-09 18:00:29,1,1,0,0.0,0,0.0,0,0,0,0.0,0.0,0,0,0.0,0.0,0
2026-05-09 18:00:29,1,1,0,0.0,0,0.0,0,0,0,0.0,0.0,0,0,0.0,0.0,0
2026-05-09 18:00:30,1,1,0,0.0,0,0.0,0,0,0,0.0,0.0,0,0,0.0,0.0,0
2026-05-09 18:00:30,1,1,0,0.0,0,0.0,0,0,0,0.0,0.0,0,0,0.0,0.0,0
2026-05-09 18:00:30,1,1,0,0.0,0,0.0,0,0,0,0.0,0.0,0,0,0.0,0.0,0
2026-05-09 18:00:30,1,1,0,0.0,0,0.0,0,0,0,0.0,0.0,0,0,0.0,0.0,0
2026-05-09 18:00:30,1,1,0,0.0,0,0.0,0,0,0,0.0,0.0,0,0,0.0,0.0,0
2026-05-09 18:00:30,1,1,0,0.0,0,0.0,0,0,0,0.0,0.0,0,0,0.0,0.0,0
2026-05-09 18:00:30,1,1,0,0.0,0,0.0,0,0,0,0.0,0.0,0,0,0.0,0.0,0
2026-05-09 18:00:30,1,1,0,0.0,0,0.0,0,0,0,0.0,0.0,0,0,0.0,0.0,0
2026-05-09 18:00:30,1,1,0,0.0,0,0.0,0,0,0,0.0,0.0,0,0,0.0,0.0,0
2026-05-09 18:00:30,1,1,0,0.0,0,0.0,0,0,0,0.0,0.0,0,0,0.0,0.0,0
2026-05-09 18:00:30,1,1,0,0.0,0,0.0,0,0,0,0.0,0.0,0,0,0.0,0.0,0
2026-05-09 18:00:30,1,1,0,0.0,0,0.0,0,0,0,0.0,0.0,0,0,0.0,0.0,0
2026-05-09 18:00:30,1,1,0,0.0,0,0.0,0,0,0,0.0,0.0,0,0,0.0,0.0,0
2026-05-09 18:00:30,1,1,0,0.0,0,0.0,0,0,0,0.0,0.0,0,0,0.0,0.0,0
2026-05-09 18:00:30,1,1,0,0.0,0,0.0,0,0,0,0.0,0.0,0,0,0.0,0.0,0
2026-05-09 18:00:30,1,1,0,0.0,0,0.0,0,0,0,0.0,0.0,0,0,0.0,0.0,0
2026-05-09 18:00:30,1,1,0,0.0,0,0.0,0,0,0,0.0,0.0,0,0,0.0,0.0,0
2026-05-09 18:00:30,1,1,0,0.0,0,0.0,0,0,0,0.0,0.0,0,0,0.0,0.0,0
2026-05-09 18:00:30,1,1,0,0.0,0,0.0,0,0,0,0.0,0.0,0,0,0.0,0.0,0
2026-05-09 18:00:30,1,1,0,0.0,0,0.0,0,0,0,0.0,0.0,0,0,0.0,0.0,0
2026-05-09 18:00:31,1,1,0,0.0,0,0.0,0,0,0,0.0,0.0,0,0,0.0,0.0,0
2026-05-09 18:00:31,1,1,0,0.0,0,0.0,0,0,0,0.0,0.0,0,0,0.0,0.0,0
2026-05-09 18:00:31,1,1,0,0.0,0,0.0,0,0,0,0.0,0.0,0,0,0.0,0.0,0
2026-05-09 18:00:31,1,1,0,0.0,0,0.0,0,0,0,0.0,0.0,0,0,0.0,0.0,0
2026-05-09 18:00:31,1,1,0,0.0,0,0.0,0,0,0,0.0,0.0,0,0,0.0,0.0,0
2026-05-09 18:00:31,1,1,0,0.0,0,0.0,0,0,0,0.0,0.0,0,0,0.0,0.0,0
2026-05-09 18:00:31,1,1,0,0.0,0,0.0,0,0,0,0.0,0.0,0,0,0.0,0.0,0
2026-05-09 18:00:31,1,1,0,0.0,0,0.0,0,0,0,0.0,0.0,0,0,0.0,0.0,0
2026-05-09 18:00:31,1,1,0,0.0,0,0.0,0,0,0,0.0,0.0,0,0,0.0,0.0,0
2026-05-09 18:00:31,1,1,0,0.0,0,0.0,0,0,0,0.0,0.0,0,0,0.0,0.0,0
2026-05-09 18:00:31,1,1,0,0.0,0,0.0,0,0,0,0.0,0.0,0,0,0.0,0.0,0
2026-05-09 18:00:31,1,1,0,0.0,0,0.0,0,0,0,0.0,0.0,0,0,0.0,0.0,0
2026-05-09 18:00:31,1,1,0,0.0,0,0.0,0,0,0,0.0,0.0,0,0,0.0,0.0,0
2026-05-09 18:00:31,1,1,0,0.0,0,0.0,0,0,0,0.0,0.0,0,0,0.0,0.0,0
2026-05-09 18:00:31,1,1,0,0.0,0,0.0,0,0,0,0.0,0.0,0,0,0.0,0.0,0
2026-05-09 18:00:31,1,1,0,0.0,0,0.0,0,0,0,0.0,0.0,0,0,0.0,0.0,0
2026-05-09 18:00:31,1,1,0,0.0,0,0.0,0,0,0,0.0,0.0,0,0,0.0,0.0,0
2026-05-09 18:00:31,1,1,0,0.0,0,0.0,0,0,0,0.0,0.0,0,0,0.0,0.0,0
2026-05-09 18:00:31,1,1,0,0.0,0,0.0,0,0,0,0.0,0.0,0,0,0.0,0.0,0
2026-05-09 18:00:31,1,1,0,0.0,0,0.0,0,0,0,0.0,0.0,0,0,0.0,0.0,0
2026-05-09 18:00:32,1,1,0,0.0,0,0.0,0,0,0,0.0,0.0,0,0,0.0,0.0,0
2026-05-09 18:00:32,1,1,0,0.0,0,0.0,0,0,0,0.0,0.0,0,0,0.0,0.0,0
2026-05-09 18:00:32,1,1,0,0.0,0,0.0,0,0,0,0.0,0.0,0,0,0.0,0.0,0
2026-05-09 18:00:32,1,1,0,0.0,0,0.0,0,0,0,0.0,0.0,0,0,0.0,0.0,0
2026-05-09 18:00:32,1,1,0,0.0,0,0.0,0,0,0,0.0,0.0,0,0,0.0,0.0,0
2026-05-09 18:00:32,1,1,0,0.0,0,0.0,0,0,0,0.0,0.0,0,0,0.0,0.0,0
2026-05-09 18:00:32,1,1,0,0.0,0,0.0,0,0,0,0.0,0.0,0,0,0.0,0.0,0
2026-05-09 18:00:32,1,1,0,0.0,0,0.0,0,0,0,0.0,0.0,0,0,0.0,0.0,0
2026-05-09 18:00:32,1,1,0,0.0,0,0.0,0,0,0,0.0,0.0,0,0,0.0,0.0,0
2026-05-09 18:00:32,1,1,0,0.0,0,0.0,0,0,0,0.0,0.0,0,0,0.0,0.0,0
2026-05-09 18:00:32,1,1,0,0.0,0,0.0,0,0,0,0.0,0.0,0,0,0.0,0.0,0
2026-05-09 18:00:32,1,1,0,0.0,0,0.0,0,0,0,0.0,0.0,0,0,0.0,0.0,0
2026-05-09 18:00:32,1,1,0,0.0,0,0.0,0,0,0,0.0,0.0,0,0,0.0,0.0,0
2026-05-09 18:00:32,1,1,0,0.0,0,0.0,0,0,0,0.0,0.0,0,0,0.0,0.0,0
2026-05-09 18:00:32,1,1,0,0.0,0,0.0,0,0,0,0.0,0.0,0,0,0.0,0.0,0
2026-05-09 18:00:32,1,1,0,0.0,0,0.0,0,0,0,0.0,0.0,0,0,0.0,0.0,0
2026-05-09 18:00:32,1,1,0,0.0,0,0.0,0,0,0,0.0,0.0,0,0,0.0,0.0,0
2026-05-09 18:00:32,1,1,0,0.0,0,0.0,0,0,0,0.0,0.0,0,0,0.0,0.0,0
2026-05-09 18:00:32,1,1,0,0.0,0,0.0,0,0,0,0.0,0.0,0,0,0.0,0.0,0
2026-05-09 18:00:32,1,1,0,0.0,0,0.0,0,0,0,0.0,0.0,0,0,0.0,0.0,0
2026-05-09 18:00:33,1,1,0,0.0,0,0.0,0,0,0,0.0,0.0,0,0,0.0,0.0,0
2026-05-09 18:00:33,1,1,0,0.0,0,0.0,0,0,0,0.0,0.0,0,0,0.0,0.0,0
2026-05-09 18:00:33,1,1,0,0.0,0,0.0,0,0,0,0.0,0.0,0,0,0.0,0.0,0
2026-05-09 18:00:33,1,1,0,0.0,0,0.0,0,0,0,0.0,0.0,0,0,0.0,0.0,0
2026-05-09 18:00:33,1,1,0,0.0,0,0.0,0,0,0,0.0,0.0,0,0,0.0,0.0,0
2026-05-09 18:00:33,1,1,0,0.0,0,0.0,0,0,0,0.0,0.0,0,0,0.0,0.0,0
2026-05-09 18:00:33,1,1,0,0.0,0,0.0,0,0,0,0.0,0.0,0,0,0.0,0.0,0
2026-05-09 18:00:33,1,1,0,0.0,0,0.0,0,0,0,0.0,0.0,0,0,0.0,0.0,0
2026-05-09 18:00:33,1,1,0,0.0,0,0.0,0,0,0,0.0,0.0,0,0,0.0,0.0,0
2026-05-09 18:00:33,1,1,0,0.0,0,0.0,0,0,0,0.0,0.0,0,0,0.0,0.0,0
2026-05-09 18:00:33,1,1,0,0.0,0,0.0,0,0,0,0.0,0.0,0,0,0.0,0.0,0
2026-05-09 18:00:33,1,1,0,0.0,0,0.0,0,0,0,0.0,0.0,0,0,0.0,0.0,0
2026-05-09 18:00:33,1,1,0,0.0,0,0.0,0,0,0,0.0,0.0,0,0,0.0,0.0,0
2026-05-09 18:00:33,1,1,0,0.0,0,0.0,0,0,0,0.0,0.0,0,0,0.0,0.0,0
2026-05-09 18:00:33,1,1,0,0.0,0,0.0,0,0,0,0.0,0.0,0,0,0.0,0.0,0
2026-05-09 18:00:33,1,1,0,0.0,0,0.0,0,0,0,0.0,0.0,0,0,0.0,0.0,0
2026-05-09 18:00:33,1,1,0,0.0,0,0.0,0,0,0,0.0,0.0,0,0,0.0,0.0,0
2026-05-09 18:00:33,1,1,0,0.0,0,0.0,0,0,0,0.0,0.0,0,0,0.0,0.0,0
2026-05-09 18:00:33,1,1,0,0.0,0,0.0,0,0,0,0.0,0.0,0,0,0.0,0.0,0
2026-05-09 18:00:33,1,1,0,0.0,0,0.0,0,0,0,0.0,0.0,0,0,0.0,0.0,0
2026-05-09 18:00:34,1,1,0,0.0,0,0.0,0,0,0,0.0,0.0,0,0,0.0,0.0,0
2026-05-09 18:00:34,1,1,0,0.0,0,0.0,0,0,0,0.0,0.0,0,0,0.0,0.0,0
2026-05-09 18:00:34,1,1,0,0.0,0,0.0,0,0,0,0.0,0.0,0,0,0.0,0.0,0
2026-05-09 18:00:34,1,1,0,0.0,0,0.0,0,0,0,0.0,0.0,0,0,0.0,0.0,0
2026-05-09 18:00:34,1,1,0,0.0,0,0.0,0,0,0,0.0,0.0,0,0,0.0,0.0,0
2026-05-09 18:00:34,1,1,0,0.0,0,0.0,0,0,0,0.0,0.0,0,0,0.0,0.0,0
2026-05-09 18:00:34,1,1,0,0.0,0,0.0,0,0,0,0.0,0.0,0,0,0.0,0.0,0
2026-05-09 18:00:34,1,1,0,0.0,0,0.0,0,0,0,0.0,0.0,0,0,0.0,0.0,0
2026-05-09 18:00:34,1,1,0,0.0,0,0.0,0,0,0,0.0,0.0,0,0,0.0,0.0,0
2026-05-09 18:00:34,1,1,0,0.0,0,0.0,0,0,0,0.0,0.0,0,0,0.0,0.0,0
2026-05-09 18:00:34,1,1,0,0.0,0,0.0,0,0,0,0.0,0.0,0,0,0.0,0.0,0
2026-05-09 18:00:34,1,1,0,0.0,0,0.0,0,0,0,0.0,0.0,0,0,0.0,0.0,0
2026-05-09 18:00:34,1,1,0,0.0,0,0.0,0,0,0,0.0,0.0,0,0,0.0,0.0,0
2026-05-09 18:00:34,1,1,0,0.0,0,0.0,0,0,0,0.0,0.0,0,0,0.0,0.0,0
2026-05-09 18:00:34,1,1,0,0.0,0,0.0,0,0,0,0.0,0.0,0,0,0.0,0.0,0
2026-05-09 18:00:34,1,1,0,0.0,0,0.0,0,0,0,0.0,0.0,0,0,0.0,0.0,0
2026-05-09 18:00:34,1,1,0,0.0,0,0.0,0,0,0,0.0,0.0,0,0,0.0,0.0,0
2026-05-09 18:00:34,1,1,0,0.0,0,0.0,0,0,0,0.0,0.0,0,0,0.0,0.0,0
2026-05-09 18:00:34,1,1,0,0.0,0,0.0,0,0,0,0.0,0.0,0,0,0.0,0.0,0
2026-05-09 18:00:34,1,1,0,0.0,0,0.0,0,0,0,0.0,0.0,0,0,0.0,0.0,0
2026-05-09 18:00:35,1,1,0,0.0,0,0.0,0,0,0,0.0,0.0,0,0,0.0,0.0,0
2026-05-09 18:00:35,1,1,0,0.0,0,0.0,0,0,0,0.0,0.0,0,0,0.0,0.0,0
2026-05-09 18:00:35,1,1,0,0.0,0,0.0,0,0,0,0.0,0.0,0,0,0.0,0.0,0
2026-05-09 18:00:35,1,1,0,0.0,0,0.0,0,0,0,0.0,0.0,0,0,0.0,0.0,0
2026-05-09 18:00:35,1,1,0,0.0,0,0.0,0,0,0,0.0,0.0,0,0,0.0,0.0,0
2026-05-09 18:00:35,1,1,0,0.0,0,0.0,0,0,0,0.0,0.0,0,0,0.0,0.0,0
2026-05-09 18:00:35,1,1,0,0.0,0,0.0,0,0,0,0.0,0.0,0,0,0.0,0.0,0
2026-05-09 18:00:35,1,1,0,0.0,0,0.0,0,0,0,0.0,0.0,0,0,0.0,0.0,0
2026-05-09 18:00:35,1,1,0,0.0,0,0.0,0,0,0,0.0,0.0,0,0,0.0,0.0,0
2026-05-09 18:00:35,1,1,0,0.0,0,0.0,0,0,0,0.0,0.0,0,0,0.0,0.0,0
2026-05-09 18:00:35,1,1,0,0.0,0,0.0,0,0,0,0.0,0.0,0,0,0.0,0.0,0
2026-05-09 18:00:35,1,1,0,0.0,0,0.0,0,0,0,0.0,0.0,0,0,0.0,0.0,0
2026-05-09 18:00:35,1,1,0,0.0,0,0.0,0,0,0,0.0,0.0,0,0,0.0,0.0,0
2026-05-09 18:00:35,1,1,0,0.0,0,0.0,0,0,0,0.0,0.0,0,0,0.0,0.0,0
2026-05-09 18:00:35,1,1,0,0.0,0,0.0,0,0,0,0.0,0.0,0,0,0.0,0.0,0
2026-05-09 18:00:35,1,1,0,0.0,0,0.0,0,0,0,0.0,0.0,0,0,0.0,0.0,0
2026-05-09 18:00:35,1,1,0,0.0,0,0.0,0,0,0,0.0,0.0,0,0,0.0,0.0,0
2026-05-09 18:00:35,1,1,0,0.0,0,0.0,0,0,0,0.0,0.0,0,0,0.0,0.0,0
2026-05-09 18:00:35,1,1,0,0.0,0,0.0,0,0,0,0.0,0.0,0,0,0.0,0.0,0
2026-05-09 18:00:35,1,1,0,0.0,0,0.0,0,0,0,0.0,0.0,0,0,0.0,0.0,0
2026-05-09 18:00:36,1,1,0,0.0,0,0.0,0,0,0,0.0,0.0,0,0,0.0,0.0,0
2026-05-09 18:00:36,1,1,0,0.0,0,0.0,0,0,0,0.0,0.0,0,0,0.0,0.0,0
2026-05-09 18:00:36,1,1,0,0.0,0,0.0,0,0,0,0.0,0.0,0,0,0.0,0.0,0
2026-05-09 18:00:36,1,1,0,0.0,0,0.0,0,0,0,0.0,0.0,0,0,0.0,0.0,0
2026-05-09 18:00:36,1,1,0,0.0,0,0.0,0,0,0,0.0,0.0,0,0,0.0,0.0,0
2026-05-09 18:00:36,1,1,0,0.0,0,0.0,0,0,0,0.0,0.0,0,0,0.0,0.0,0
2026-05-09 18:00:36,1,1,0,0.0,0,0.0,0,0,0,0.0,0.0,0,0,0.0,0.0,0
2026-05-09 18:00:36,1,1,0,0.0,0,0.0,0,0,0,0.0,0.0,0,0,0.0,0.0,0
2026-05-09 18:00:36,1,1,0,0.0,0,0.0,0,0,0,0.0,0.0,0,0,0.0,0.0,0
2026-05-09 18:00:36,1,1,0,0.0,0,0.0,0,0,0,0.0,0.0,0,0,0.0,0.0,0
2026-05-09 18:00:36,1,1,0,0.0,0,0.0,0,0,0,0.0,0.0,0,0,0.0,0.0,0
2026-05-09 18:00:36,1,1,0,0.0,0,0.0,0,0,0,0.0,0.0,0,0,0.0,0.0,0
2026-05-09 18:00:36,1,1,0,0.0,0,0.0,0,0,0,0.0,0.0,0,0,0.0,0.0,0
2026-05-09 18:00:36,1,1,0,0.0,0,0.0,0,0,0,0.0,0.0,0,0,0.0,0.0,0
2026-05-09 18:00:36,1,1,0,0.0,0,0.0,0,0,0,0.0,0.0,0,0,0.0,0.0,0
2026-05-09 18:00:36,1,1,0,0.0,0,0.0,0,0,0,0.0,0.0,0,0,0.0,0.0,0
2026-05-09 18:00:36,1,1,0,0.0,0,0.0,0,0,0,0.0,0.0,0,0,0.0,0.0,0
2026-05-09 18:00:36,1,1,0,0.0,0,0.0,0,0,0,0.0,0.0,0,0,0.0,0.0,0
2026-05-09 18:00:36,1,1,0,0.0,0,0.0,0,0,0,0.0,0.0,0,0,0.0,0.0,0
2026-05-09 18:00:36,1,1,0,0.0,0,0.0,0,0,0,0.0,0.0,0,0,0.0,0.0,0
2026-05-09 18:00:37,1,1,0,0.0,0,0.0,0,0,0,0.0,0.0,0,0,0.0,0.0,0
2026-05-09 18:00:37,1,1,0,0.0,0,0.0,0,0,0,0.0,0.0,0,0,0.0,0.0,0
2026-05-09 18:00:37,1,1,0,0.0,0,0.0,0,0,0,0.0,0.0,0,0,0.0,0.0,0
2026-05-09 18:00:37,1,1,0,0.0,0,0.0,0,0,0,0.0,0.0,0,0,0.0,0.0,0
2026-05-09 18:00:37,1,1,0,0.0,0,0.0,0,0,0,0.0,0.0,0,0,0.0,0.0,0
2026-05-09 18:00:37,1,1,0,0.0,0,0.0,0,0,0,0.0,0.0,0,0,0.0,0.0,0
2026-05-09 18:00:37,1,1,0,0.0,0,0.0,0,0,0,0.0,0.0,0,0,0.0,0.0,0
2026-05-09 18:00:37,1,1,0,0.0,0,0.0,0,0,0,0.0,0.0,0,0,0.0,0.0,0
2026-05-09 18:00:37,1,1,0,0.0,0,0.0,0,0,0,0.0,0.0,0,0,0.0,0.0,0
2026-05-09 18:00:37,1,1,0,0.0,0,0.0,0,0,0,0.0,0.0,0,0,0.0,0.0,0
2026-05-09 18:00:37,1,1,0,0.0,0,0.0,0,0,0,0.0,0.0,0,0,0.0,0.0,0
2026-05-09 18:00:37,1,1,0,0.0,0,0.0,0,0,0,0.0,0.0,0,0,0.0,0.0,0
2026-05-09 18:00:37,1,1,0,0.0,0,0.0,0,0,0,0.0,0.0,0,0,0.0,0.0,0
2026-05-09 18:00:37,1,1,0,0.0,0,0.0,0,0,0,0.0,0.0,0,0,0.0,0.0,0
2026-05-09 18:00:37,1,1,0,0.0,0,0.0,0,0,0,0.0,0.0,0,0,0.0,0.0,0
2026-05-09 18:00:37,1,1,0,0.0,0,0.0,0,0,0,0.0,0.0,0,0,0.0,0.0,0
2026-05-09 18:00:37,1,1,0,0.0,0,0.0,0,0,0,0.0,0.0,0,0,0.0,0.0,0
2026-05-09 18:00:37,1,1,0,0.0,0,0.0,0,0,0,0.0,0.0,0,0,0.0,0.0,0
2026-05-09 18:00:37,1,1,0,0.0,0,0.0,0,0,0,0.0,0.0,0,0,0.0,0.0,0
2026-05-09 18:00:37,1,1,0,0.0,0,0.0,0,0,0,0.0,0.0,0,0,0.0,0.0,0
2026-05-09 18:00:38,1,1,0,0.0,0,0.0,0,0,0,0.0,0.0,0,0,0.0,0.0,0
2026-05-09 18:00:38,1,1,0,0.0,0,0.0,0,0,0,0.0,0.0,0,0,0.0,0.0,0
2026-05-09 18:00:38,1,1,0,0.0,0,0.0,0,0,0,0.0,0.0,0,0,0.0,0.0,0
2026-05-09 18:00:38,1,1,0,0.0,0,0.0,0,0,0,0.0,0.0,0,0,0.0,0.0,0
2026-05-09 18:00:38,1,1,0,0.0,0,0.0,0,0,0,0.0,0.0,0,0,0.0,0.0,0
2026-05-09 18:00:38,1,1,0,0.0,0,0.0,0,0,0,0.0,0.0,0,0,0.0,0.0,0
2026-05-09 18:00:38,1,1,0,0.0,0,0.0,0,0,0,0.0,0.0,0,0,0.0,0.0,0
2026-05-09 18:00:38,1,1,0,0.0,0,0.0,0,0,0,0.0,0.0,0,0,0.0,0.0,0
2026-05-09 18:00:38,1,1,0,0.0,0,0.0,0,0,0,0.0,0.0,0,0,0.0,0.0,0
2026-05-09 18:00:38,1,1,0,0.0,0,0.0,0,0,0,0.0,0.0,0,0,0.0,0.0,0
2026-05-09 18:00:38,1,1,0,0.0,0,0.0,0,0,0,0.0,0.0,0,0,0.0,0.0,0
2026-05-09 18:00:38,1,1,0,0.0,0,0.0,0,0,0,0.0,0.0,0,0,0.0,0.0,0
2026-05-09 18:00:38,1,1,0,0.0,0,0.0,0,0,0,0.0,0.0,0,0,0.0,0.0,0
2026-05-09 18:00:38,1,1,0,0.0,0,0.0,0,0,0,0.0,0.0,0,0,0.0,0.0,0
2026-05-09 18:00:38,1,1,0,0.0,0,0.0,0,0,0,0.0,0.0,0,0,0.0,0.0,0
2026-05-09 18:00:38,1,1,0,0.0,0,0.0,0,0,0,0.0,0.0,0,0,0.0,0.0,0
2026-05-09 18:00:38,1,1,0,0.0,0,0.0,0,0,0,0.0,0.0,0,0,0.0,0.0,0
2026-05-09 18:00:38,1,1,0,0.0,0,0.0,0,0,0,0.0,0.0,0,0,0.0,0.0,0
2026-05-09 18:00:38,1,1,0,0.0,0,0.0,0,0,0,0.0,0.0,0,0,0.0,0.0,0
2026-05-09 18:00:38,1,1,0,0.0,0,0.0,0,0,0,0.0,0.0,0,0,0.0,0.0,0
2026-05-09 18:00:39,1,1,0,0.0,0,0.0,0,0,0,0.0,0.0,0,0,0.0,0.0,0
2026-05-09 18:00:39,1,1,0,0.0,0,0.0,0,0,0,0.0,0.0,0,0,0.0,0.0,0
2026-05-09 18:00:39,1,1,0,0.0,0,0.0,0,0,0,0.0,0.0,0,0,0.0,0.0,0
2026-05-09 18:00:39,1,1,0,0.0,0,0.0,0,0,0,0.0,0.0,0,0,0.0,0.0,0
2026-05-09 18:00:39,1,1,0,0.0,0,0.0,0,0,0,0.0,0.0,0,0,0.0,0.0,0
2026-05-09 18:00:39,1,1,0,0.0,0,0.0,0,0,0,0.0,0.0,0,0,0.0,0.0,0
2026-05-09 18:00:39,1,1,0,0.0,0,0.0,0,0,0,0.0,0.0,0,0,0.0,0.0,0
2026-05-09 18:00:39,1,1,0,0.0,0,0.0,0,0,0,0.0,0.0,0,0,0.0,0.0,0
2026-05-09 18:00:39,1,1,0,0.0,0,0.0,0,0,0,0.0,0.0,0,0,0.0,0.0,0
2026-05-09 18:00:39,1,1,0,0.0,0,0.0,0,0,0,0.0,0.0,0,0,0.0,0.0,0
2026-05-09 18:00:39,1,1,0,0.0,0,0.0,0,0,0,0.0,0.0,0,0,0.0,0.0,0
2026-05-09 18:00:39,1,1,0,0.0,0,0.0,0,0,0,0.0,0.0,0,0,0.0,0.0,0
2026-05-09 18:00:39,1,1,0,0.0,0,0.0,0,0,0,0.0,0.0,0,0,0.0,0.0,0
2026-05-09 18:00:39,1,1,0,0.0,0,0.0,0,0,0,0.0,0.0,0,0,0.0,0.0,0
2026-05-09 18:00:39,1,1,0,0.0,0,0.0,0,0,0,0.0,0.0,0,0,0.0,0.0,0
2026-05-09 18:00:39,1,1,0,0.0,0,0.0,0,0,0,0.0,0.0,0,0,0.0,0.0,0
2026-05-09 18:00:39,1,1,0,0.0,0,0.0,0,0,0,0.0,0.0,0,0,0.0,0.0,0
2026-05-09 18:00:39,1,1,0,0.0,0,0.0,0,0,0,0.0,0.0,0,0,0.0,0.0,0
2026-05-09 18:00:39,1,1,0,0.0,0,0.0,0,0,0,0.0,0.0,0,0,0.0,0.0,0
2026-05-09 18:00:39,1,1,0,0.0,0,0.0,0,0,0,0.0,0.0,0,0,0.0,0.0,0
2026-05-09 18:00:40,1,1,0,0.0,0,0.0,0,0,0,0.0,0.0,0,0,0.0,0.0,0
2026-05-09 18:00:40,1,1,0,0.0,0,0.0,0,0,0,0.0,0.0,0,0,0.0,0.0,0
2026-05-09 18:00:40,1,1,0,0.0,0,0.0,0,0,0,0.0,0.0,0,0,0.0,0.0,0
2026-05-09 18:00:40,1,1,0,0.0,0,0.0,0,0,0,0.0,0.0,0,0,0.0,0.0,0
2026-05-09 18:00:40,1,1,0,0.0,0,0.0,0,0,0,0.0,0.0,0,0,0.0,0.0,0
2026-05-09 18:00:40,1,1,0,0.0,0,0.0,0,0,0,0.0,0.0,0,0,0.0,0.0,0
2026-05-09 18:00:40,1,1,0,0.0,0,0.0,0,0,0,0.0,0.0,0,0,0.0,0.0,0
2026-05-09 18:00:40,1,1,0,0.0,0,0.0,0,0,0,0.0,0.0,0,0,0.0,0.0,0
2026-05-09 18:00:40,1,1,0,0.0,0,0.0,0,0,0,0.0,0.0,0,0,0.0,0.0,0
2026-05-09 18:00:40,1,1,0,0.0,0,0.0,0,0,0,0.0,0.0,0,0,0.0,0.0,0
2026-05-09 18:00:40,1,1,0,0.0,0,0.0,0,0,0,0.0,0.0,0,0,0.0,0.0,0
2026-05-09 18:00:40,1,1,0,0.0,0,0.0,0,0,0,0.0,0.0,0,0,0.0,0.0,0
2026-05-09 18:00:40,1,1,0,0.0,0,0.0,0,0,0,0.0,0.0,0,0,0.0,0.0,0
2026-05-09 18:00:40,1,1,0,0.0,0,0.0,0,0,0,0.0,0.0,0,0,0.0,0.0,0
2026-05-09 18:00:40,1,1,0,0.0,0,0.0,0,0,0,0.0,0.0,0,0,0.0,0.0,0
2026-05-09 18:00:40,1,1,0,0.0,0,0.0,0,0,0,0.0,0.0,0,0,0.0,0.0,0
2026-05-09 18:00:40,1,1,0,0.0,0,0.0,0,0,0,0.0,0.0,0,0,0.0,0.0,0
2026-05-09 18:00:40,1,1,0,0.0,0,0.0,0,0,0,0.0,0.0,0,0,0.0,0.0,0
2026-05-09 18:00:40,1,1,0,0.0,0,0.0,0,0,0,0.0,0.0,0,0,0.0,0.0,0
2026-05-09 18:00:40,1,1,0,0.0,0,0.0,0,0,0,0.0,0.0,0,0,0.0,0.0,0
2026-05-09 18:00:41,1,1,0,0.0,0,0.0,0,0,0,0.0,0.0,0,0,0.0,0.0,0
2026-05-09 18:00:41,1,1,0,0.0,0,0.0,0,0,0,0.0,0.0,0,0,0.0,0.0,0
2026-05-09 18:00:41,1,1,0,0.0,0,0.0,0,0,0,0.0,0.0,0,0,0.0,0.0,0
2026-05-09 18:00:41,1,1,0,0.0,0,0.0,0,0,0,0.0,0.0,0,0,0.0,0.0,0
2026-05-09 18:00:41,1,1,0,0.0,0,0.0,0,0,0,0.0,0.0,0,0,0.0,0.0,0
2026-05-09 18:00:41,1,1,0,0.0,0,0.0,0,0,0,0.0,0.0,0,0,0.0,0.0,0
2026-05-09 18:00:41,1,1,0,0.0,0,0.0,0,0,0,0.0,0.0,0,0,0.0,0.0,0
2026-05-09 18:00:41,1,1,0,0.0,0,0.0,0,0,0,0.0,0.0,0,0,0.0,0.0,0
2026-05-09 18:00:41,1,1,0,0.0,0,0.0,0,0,0,0.0,0.0,0,0,0.0,0.0,0
2026-05-09 18:00:41,1,1,0,0.0,0,0.0,0,0,0,0.0,0.0,0,0,0.0,0.0,0
2026-05-09 18:00:41,1,1,0,0.0,0,0.0,0,0,0,0.0,0.0,0,0,0.0,0.0,0
2026-05-09 18:00:41,1,1,0,0.0,0,0.0,0,0,0,0.0,0.0,0,0,0.0,0.0,0
2026-05-09 18:00:41,1,1,0,0.0,0,0.0,0,0,0,0.0,0.0,0,0,0.0,0.0,0
2026-05-09 18:00:41,1,1,0,0.0,0,0.0,0,0,0,0.0,0.0,0,0,0.0,0.0,0
2026-05-09 18:00:41,1,1,0,0.0,0,0.0,0,0,0,0.0,0.0,0,0,0.0,0.0,0
2026-05-09 18:00:41,1,1,0,0.0,0,0.0,0,0,0,0.0,0.0,0,0,0.0,0.0,0
2026-05-09 18:00:41,1,1,0,0.0,0,0.0,0,0,0,0.0,0.0,0,0,0.0,0.0,0
2026-05-09 18:00:41,1,1,0,0.0,0,0.0,0,0,0,0.0,0.0,0,0,0.0,0.0,0
2026-05-09 18:00:41,1,1,0,0.0,0,0.0,0,0,0,0.0,0.0,0,0,0.0,0.0,0
2026-05-09 18:00:41,1,1,0,0.0,0,0.0,0,0,0,0.0,0.0,0,0,0.0,0.0,0
2026-05-09 18:00:42,1,1,0,0.0,0,0.0,0,0,0,0.0,0.0,0,0,0.0,0.0,0
2026-05-09 18:00:42,1,1,0,0.0,0,0.0,0,0,0,0.0,0.0,0,0,0.0,0.0,0
2026-05-09 18:00:42,1,1,0,0.0,0,0.0,0,0,0,0.0,0.0,0,0,0.0,0.0,0
2026-05-09 18:00:42,1,1,0,0.0,0,0.0,0,0,0,0.0,0.0,0,0,0.0,0.0,0
2026-05-09 18:00:42,1,1,0,0.0,0,0.0,0,0,0,0.0,0.0,0,0,0.0,0.0,0
2026-05-09 18:00:42,1,1,0,0.0,0,0.0,0,0,0,0.0,0.0,0,0,0.0,0.0,0
2026-05-09 18:00:42,1,1,0,0.0,0,0.0,0,0,0,0.0,0.0,0,0,0.0,0.0,0
2026-05-09 18:00:42,1,1,0,0.0,0,0.0,0,0,0,0.0,0.0,0,0,0.0,0.0,0
2026-05-09 18:00:42,1,1,0,0.0,0,0.0,0,0,0,0.0,0.0,0,0,0.0,0.0,0
2026-05-09 18:00:42,1,1,0,0.0,0,0.0,0,0,0,0.0,0.0,0,0,0.0,0.0,0
2026-05-09 18:00:42,1,1,0,0.0,0,0.0,0,0,0,0.0,0.0,0,0,0.0,0.0,0
2026-05-09 18:00:42,1,1,0,0.0,0,0.0,0,0,0,0.0,0.0,0,0,0.0,0.0,0
2026-05-09 18:00:42,1,1,0,0.0,0,0.0,0,0,0,0.0,0.0,0,0,0.0,0.0,0
2026-05-09 18:00:42,1,1,0,0.0,0,0.0,0,0,0,0.0,0.0,0,0,0.0,0.0,0
2026-05-09 18:00:42,1,1,0,0.0,0,0.0,0,0,0,0.0,0.0,0,0,0.0,0.0,0
2026-05-09 18:00:42,1,1,0,0.0,0,0.0,0,0,0,0.0,0.0,0,0,0.0,0.0,0
2026-05-09 18:00:42,1,1,0,0.0,0,0.0,0,0,0,0.0,0.0,0,0,0.0,0.0,0
2026-05-09 18:00:42,1,1,0,0.0,0,0.0,0,0,0,0.0,0.0,0,0,0.0,0.0,0
2026-05-09 18:00:42,1,1,0,0.0,0,0.0,0,0,0,0.0,0.0,0,0,0.0,0.0,0
2026-05-09 18:00:42,1,1,0,0.0,0,0.0,0,0,0,0.0,0.0,0,0,0.0,0.0,0
2026-05-09 18:00:43,1,1,0,0.0,0,0.0,0,0,0,0.0,0.0,0,0,0.0,0.0,0
2026-05-09 18:00:43,1,1,0,0.0,0,0.0,0,0,0,0.0,0.0,0,0,0.0,0.0,0
2026-05-09 18:00:43,1,1,0,0.0,0,0.0,0,0,0,0.0,0.0,0,0,0.0,0.0,0
2026-05-09 18:00:43,1,1,0,0.0,0,0.0,0,0,0,0.0,0.0,0,0,0.0,0.0,0
2026-05-09 18:00:43,1,1,0,0.0,0,0.0,0,0,0,0.0,0.0,0,0,0.0,0.0,0
2026-05-09 18:00:43,1,1,0,0.0,0,0.0,0,0,0,0.0,0.0,0,0,0.0,0.0,0
2026-05-09 18:00:43,1,1,0,0.0,0,0.0,0,0,0,0.0,0.0,0,0,0.0,0.0,0
2026-05-09 18:00:43,1,1,0,0.0,0,0.0,0,0,0,0.0,0.0,0,0,0.0,0.0,0
2026-05-09 18:00:43,1,1,0,0.0,0,0.0,0,0,0,0.0,0.0,0,0,0.0,0.0,0
2026-05-09 18:00:43,1,1,0,0.0,0,0.0,0,0,0,0.0,0.0,0,0,0.0,0.0,0
2026-05-09 18:00:43,1,1,0,0.0,0,0.0,0,0,0,0.0,0.0,0,0,0.0,0.0,0
2026-05-09 18:00:43,1,1,0,0.0,0,0.0,0,0,0,0.0,0.0,0,0,0.0,0.0,0
2026-05-09 18:00:43,1,1,0,0.0,0,0.0,0,0,0,0.0,0.0,0,0,0.0,0.0,0
2026-05-09 18:00:43,1,1,0,0.0,0,0.0,0,0,0,0.0,0.0,0,0,0.0,0.0,0
2026-05-09 18:00:43,1,1,0,0.0,0,0.0,0,0,0,0.0,0.0,0,0,0.0,0.0,0
2026-05-09 18:00:43,1,1,0,0.0,0,0.0,0,0,0,0.0,0.0,0,0,0.0,0.0,0
2026-05-09 18:00:43,1,1,0,0.0,0,0.0,0,0,0,0.0,0.0,0,0,0.0,0.0,0
2026-05-09 18:00:43,1,1,0,0.0,0,0.0,0,0,0,0.0,0.0,0,0,0.0,0.0,0
2026-05-09 18:00:43,1,1,0,0.0,0,0.0,0,0,0,0.0,0.0,0,0,0.0,0.0,0
2026-05-09 18:00:43,1,1,0,0.0,0,0.0,0,0,0,0.0,0.0,0,0,0.0,0.0,0
2026-05-09 18:00:44,1,1,0,0.0,0,0.0,0,0,0,0.0,0.0,0,0,0.0,0.0,0
2026-05-09 18:00:44,1,1,0,0.0,0,0.0,0,0,0,0.0,0.0,0,0,0.0,0.0,0
2026-05-09 18:00:44,1,1,0,0.0,0,0.0,0,0,0,0.0,0.0,0,0,0.0,0.0,0
2026-05-09 18:00:44,1,1,0,0.0,0,0.0,0,0,0,0.0,0.0,0,0,0.0,0.0,0
2026-05-09 18:00:44,1,1,0,0.0,0,0.0,0,0,0,0.0,0.0,0,0,0.0,0.0,0
2026-05-09 18:00:44,1,1,0,0.0,0,0.0,0,0,0,0.0,0.0,0,0,0.0,0.0,0
2026-05-09 18:00:44,1,1,0,0.0,0,0.0,0,0,0,0.0,0.0,0,0,0.0,0.0,0
2026-05-09 18:00:44,1,1,0,0.0,0,0.0,0,0,0,0.0,0.0,0,0,0.0,0.0,0
2026-05-09 18:00:44,1,1,0,0.0,0,0.0,0,0,0,0.0,0.0,0,0,0.0,0.0,0
2026-05-09 18:00:44,1,1,0,0.0,0,0.0,0,0,0,0.0,0.0,0,0,0.0,0.0,0
2026-05-09 18:00:44,1,1,0,0.0,0,0.0,0,0,0,0.0,0.0,0,0,0.0,0.0,0
2026-05-09 18:00:44,1,1,0,0.0,0,0.0,0,0,0,0.0,0.0,0,0,0.0,0.0,0
2026-05-09 18:00:44,1,1,0,0.0,0,0.0,0,0,0,0.0,0.0,0,0,0.0,0.0,0
2026-05-09 18:00:44,1,1,0,0.0,0,0.0,0,0,0,0.0,0.0,0,0,0.0,0.0,0
2026-05-09 18:00:44,1,1,0,0.0,0,0.0,0,0,0,0.0,0.0,0,0,0.0,0.0,0
2026-05-09 18:00:44,1,1,0,0.0,0,0.0,0,0,0,0.0,0.0,0,0,0.0,0.0,0
2026-05-09 18:00:44,1,1,0,0.0,0,0.0,0,0,0,0.0,0.0,0,0,0.0,0.0,0
2026-05-09 18:00:44,1,1,0,0.0,0,0.0,0,0,0,0.0,0.0,0,0,0.0,0.0,0
2026-05-09 18:00:44,1,1,0,0.0,0,0.0,0,0,0,0.0,0.0,0,0,0.0,0.0,0
2026-05-09 18:00:44,1,1,0,0.0,0,0.0,0,0,0,0.0,0.0,0,0,0.0,0.0,0
2026-05-09 18:00:45,1,1,0,0.0,0,0.0,0,0,0,0.0,0.0,0,0,0.0,0.0,0
2026-05-09 18:00:45,1,1,0,0.0,0,0.0,0,0,0,0.0,0.0,0,0,0.0,0.0,0
2026-05-09 18:00:45,1,1,0,0.0,0,0.0,0,0,0,0.0,0.0,0,0,0.0,0.0,0
2026-05-09 18:00:45,1,1,0,0.0,0,0.0,0,0,0,0.0,0.0,0,0,0.0,0.0,0
2026-05-09 18:00:45,1,1,0,0.0,0,0.0,0,0,0,0.0,0.0,0,0,0.0,0.0,0
2026-05-09 18:00:45,1,1,0,0.0,0,0.0,0,0,0,0.0,0.0,0,0,0.0,0.0,0
2026-05-09 18:00:45,1,1,0,0.0,0,0.0,0,0,0,0.0,0.0,0,0,0.0,0.0,0
2026-05-09 18:00:45,1,1,0,0.0,0,0.0,0,0,0,0.0,0.0,0,0,0.0,0.0,0
2026-05-09 18:00:45,1,1,0,0.0,0,0.0,0,0,0,0.0,0.0,0,0,0.0,0.0,0
2026-05-09 18:00:45,1,1,0,0.0,0,0.0,0,0,0,0.0,0.0,0,0,0.0,0.0,0
2026-05-09 18:00:45,1,1,0,0.0,0,0.0,0,0,0,0.0,0.0,0,0,0.0,0.0,0
2026-05-09 18:00:45,1,1,0,0.0,0,0.0,0,0,0,0.0,0.0,0,0,0.0,0.0,0
2026-05-09 18:00:45,1,1,0,0.0,0,0.0,0,0,0,0.0,0.0,0,0,0.0,0.0,0
2026-05-09 18:00:45,1,1,0,0.0,0,0.0,0,0,0,0.0,0.0,0,0,0.0,0.0,0
2026-05-09 18:00:45,1,1,0,0.0,0,0.0,0,0,0,0.0,0.0,0,0,0.0,0.0,0
2026-05-09 18:00:45,1,1,0,0.0,0,0.0,0,0,0,0.0,0.0,0,0,0.0,0.0,0
2026-05-09 18:00:45,1,1,0,0.0,0,0.0,0,0,0,0.0,0.0,0,0,0.0,0.0,0
2026-05-09 18:00:45,1,1,0,0.0,0,0.0,0,0,0,0.0,0.0,0,0,0.0,0.0,0
2026-05-09 18:00:45,1,1,0,0.0,0,0.0,0,0,0,0.0,0.0,0,0,0.0,0.0,0
2026-05-09 18:00:45,1,1,0,0.0,0,0.0,0,0,0,0.0,0.0,0,0,0.0,0.0,0
2026-05-09 18:00:46,1,1,0,0.0,0,0.0,0,0,0,0.0,0.0,0,0,0.0,0.0,0
2026-05-09 18:00:46,1,1,0,0.0,0,0.0,0,0,0,0.0,0.0,0,0,0.0,0.0,0
2026-05-09 18:00:46,1,1,0,0.0,0,0.0,0,0,0,0.0,0.0,0,0,0.0,0.0,0
2026-05-09 18:00:46,1,1,0,0.0,0,0.0,0,0,0,0.0,0.0,0,0,0.0,0.0,0
2026-05-09 18:00:46,1,1,0,0.0,0,0.0,0,0,0,0.0,0.0,0,0,0.0,0.0,0
2026-05-09 18:00:46,1,1,0,0.0,0,0.0,0,0,0,0.0,0.0,0,0,0.0,0.0,0
2026-05-09 18:00:46,1,1,0,0.0,0,0.0,0,0,0,0.0,0.0,0,0,0.0,0.0,0
2026-05-09 18:00:46,1,1,0,0.0,0,0.0,0,0,0,0.0,0.0,0,0,0.0,0.0,0
2026-05-09 18:00:46,1,1,0,0.0,0,0.0,0,0,0,0.0,0.0,0,0,0.0,0.0,0
2026-05-09 18:00:46,1,1,0,0.0,0,0.0,0,0,0,0.0,0.0,0,0,0.0,0.0,0
2026-05-09 18:00:46,1,1,0,0.0,0,0.0,0,0,0,0.0,0.0,0,0,0.0,0.0,0
2026-05-09 18:00:46,1,1,0,0.0,0,0.0,0,0,0,0.0,0.0,0,0,0.0,0.0,0
2026-05-09 18:00:46,1,1,0,0.0,0,0.0,0,0,0,0.0,0.0,0,0,0.0,0.0,0
2026-05-09 18:00:46,1,1,0,0.0,0,0.0,0,0,0,0.0,0.0,0,0,0.0,0.0,0
2026-05-09 18:00:46,1,1,0,0.0,0,0.0,0,0,0,0.0,0.0,0,0,0.0,0.0,0
2026-05-09 18:00:46,1,1,0,0.0,0,0.0,0,0,0,0.0,0.0,0,0,0.0,0.0,0
2026-05-09 18:00:46,1,1,0,0.0,0,0.0,0,0,0,0.0,0.0,0,0,0.0,0.0,0
2026-05-09 18:00:46,1,1,0,0.0,0,0.0,0,0,0,0.0,0.0,0,0,0.0,0.0,0
2026-05-09 18:00:46,1,1,0,0.0,0,0.0,0,0,0,0.0,0.0,0,0,0.0,0.0,0
2026-05-09 18:00:46,1,1,0,0.0,0,0.0,0,0,0,0.0,0.0,0,0,0.0,0.0,0
2026-05-09 18:00:47,1,1,0,0.0,0,0.0,0,0,0,0.0,0.0,0,0,0.0,0.0,0
2026-05-09 18:00:47,1,1,0,0.0,0,0.0,0,0,0,0.0,0.0,0,0,0.0,0.0,0
2026-05-09 18:00:47,1,1,0,0.0,0,0.0,0,0,0,0.0,0.0,0,0,0.0,0.0,0
2026-05-09 18:00:47,1,1,0,0.0,0,0.0,0,0,0,0.0,0.0,0,0,0.0,0.0,0
2026-05-09 18:00:47,1,1,0,0.0,0,0.0,0,0,0,0.0,0.0,0,0,0.0,0.0,0
2026-05-09 18:00:47,1,1,0,0.0,0,0.0,0,0,0,0.0,0.0,0,0,0.0,0.0,0
2026-05-09 18:00:47,1,1,0,0.0,0,0.0,0,0,0,0.0,0.0,0,0,0.0,0.0,0
2026-05-09 18:00:47,1,1,0,0.0,0,0.0,0,0,0,0.0,0.0,0,0,0.0,0.0,0
2026-05-09 18:00:47,1,1,0,0.0,0,0.0,0,0,0,0.0,0.0,0,0,0.0,0.0,0
2026-05-09 18:00:47,1,1,0,0.0,0,0.0,0,0,0,0.0,0.0,0,0,0.0,0.0,0
2026-05-09 18:00:47,1,1,0,0.0,0,0.0,0,0,0,0.0,0.0,0,0,0.0,0.0,0
2026-05-09 18:00:47,1,1,0,0.0,0,0.0,0,0,0,0.0,0.0,0,0,0.0,0.0,0
2026-05-09 18:00:47,1,1,0,0.0,0,0.0,0,0,0,0.0,0.0,0,0,0.0,0.0,0
2026-05-09 18:00:47,1,1,0,0.0,0,0.0,0,0,0,0.0,0.0,0,0,0.0,0.0,0
2026-05-09 18:00:47,1,1,0,0.0,0,0.0,0,0,0,0.0,0.0,0,0,0.0,0.0,0
2026-05-09 18:00:47,1,1,0,0.0,0,0.0,0,0,0,0.0,0.0,0,0,0.0,0.0,0
2026-05-09 18:00:47,1,1,0,0.0,0,0.0,0,0,0,0.0,0.0,0,0,0.0,0.0,0
2026-05-09 18:00:47,1,1,0,0.0,0,0.0,0,0,0,0.0,0.0,0,0,0.0,0.0,0
2026-05-09 18:00:47,1,1,0,0.0,0,0.0,0,0,0,0.0,0.0,0,0,0.0,0.0,0
2026-05-09 18:00:47,1,1,0,0.0,0,0.0,0,0,0,0.0,0.0,0,0,0.0,0.0,0
2026-05-09 18:00:48,1,1,0,0.0,0,0.0,0,0,0,0.0,0.0,0,0,0.0,0.0,0
2026-05-09 18:00:48,1,1,0,0.0,0,0.0,0,0,0,0.0,0.0,0,0,0.0,0.0,0
2026-05-09 18:00:48,1,1,0,0.0,0,0.0,0,0,0,0.0,0.0,0,0,0.0,0.0,0
2026-05-09 18:00:48,1,1,0,0.0,0,0.0,0,0,0,0.0,0.0,0,0,0.0,0.0,0
2026-05-09 18:00:48,1,1,0,0.0,0,0.0,0,0,0,0.0,0.0,0,0,0.0,0.0,0
2026-05-09 18:00:48,1,1,0,0.0,0,0.0,0,0,0,0.0,0.0,0,0,0.0,0.0,0
2026-05-09 18:00:48,1,1,0,0.0,0,0.0,0,0,0,0.0,0.0,0,0,0.0,0.0,0
2026-05-09 18:00:48,1,1,0,0.0,0,0.0,0,0,0,0.0,0.0,0,0,0.0,0.0,0
2026-05-09 18:00:48,1,1,0,0.0,0,0.0,0,0,0,0.0,0.0,0,0,0.0,0.0,0
2026-05-09 18:00:48,1,1,0,0.0,0,0.0,0,0,0,0.0,0.0,0,0,0.0,0.0,0
2026-05-09 18:00:48,1,1,0,0.0,0,0.0,0,0,0,0.0,0.0,0,0,0.0,0.0,0
2026-05-09 18:00:48,1,1,0,0.0,0,0.0,0,0,0,0.0,0.0,0,0,0.0,0.0,0
2026-05-09 18:00:48,1,1,0,0.0,0,0.0,0,0,0,0.0,0.0,0,0,0.0,0.0,0
2026-05-09 18:00:48,1,1,0,0.0,0,0.0,0,0,0,0.0,0.0,0,0,0.0,0.0,0
2026-05-09 18:00:48,1,1,0,0.0,0,0.0,0,0,0,0.0,0.0,0,0,0.0,0.0,0
2026-05-09 18:00:48,1,1,0,0.0,0,0.0,0,0,0,0.0,0.0,0,0,0.0,0.0,0
2026-05-09 18:00:48,1,1,0,0.0,0,0.0,0,0,0,0.0,0.0,0,0,0.0,0.0,0
2026-05-09 18:00:48,1,1,0,0.0,0,0.0,0,0,0,0.0,0.0,0,0,0.0,0.0,0
2026-05-09 18:00:48,1,1,0,0.0,0,0.0,0,0,0,0.0,0.0,0,0,0.0,0.0,0
2026-05-09 18:00:48,1,1,0,0.0,0,0.0,0,0,0,0.0,0.0,0,0,0.0,0.0,0
2026-05-09 18:00:49,1,1,0,0.0,0,0.0,0,0,0,0.0,0.0,0,0,0.0,0.0,0
2026-05-09 18:00:49,1,1,0,0.0,0,0.0,0,0,0,0.0,0.0,0,0,0.0,0.0,0
2026-05-09 18:00:49,1,1,0,0.0,0,0.0,0,0,0,0.0,0.0,0,0,0.0,0.0,0
2026-05-09 18:00:49,1,1,0,0.0,0,0.0,0,0,0,0.0,0.0,0,0,0.0,0.0,0
2026-05-09 18:00:49,1,1,0,0.0,0,0.0,0,0,0,0.0,0.0,0,0,0.0,0.0,0
2026-05-09 18:00:49,1,1,0,0.0,0,0.0,0,0,0,0.0,0.0,0,0,0.0,0.0,0
2026-05-09 18:00:49,1,1,0,0.0,0,0.0,0,0,0,0.0,0.0,0,0,0.0,0.0,0
2026-05-09 18:00:49,1,1,0,0.0,0,0.0,0,0,0,0.0,0.0,0,0,0.0,0.0,0
2026-05-09 18:00:49,1,1,0,0.0,0,0.0,0,0,0,0.0,0.0,0,0,0.0,0.0,0
2026-05-09 18:00:49,1,1,0,0.0,0,0.0,0,0,0,0.0,0.0,0,0,0.0,0.0,0
2026-05-09 18:00:49,1,1,0,0.0,0,0.0,0,0,0,0.0,0.0,0,0,0.0,0.0,0
2026-05-09 18:00:49,1,1,0,0.0,0,0.0,0,0,0,0.0,0.0,0,0,0.0,0.0,0
2026-05-09 18:00:49,1,1,0,0.0,0,0.0,0,0,0,0.0,0.0,0,0,0.0,0.0,0
2026-05-09 18:00:49,1,1,0,0.0,0,0.0,0,0,0,0.0,0.0,0,0,0.0,0.0,0
2026-05-09 18:00:49,1,1,0,0.0,0,0.0,0,0,0,0.0,0.0,0,0,0.0,0.0,0
2026-05-09 18:00:49,1,1,0,0.0,0,0.0,0,0,0,0.0,0.0,0,0,0.0,0.0,0
2026-05-09 18:00:49,1,1,0,0.0,0,0.0,0,0,0,0.0,0.0,0,0,0.0,0.0,0
2026-05-09 18:00:49,1,1,0,0.0,0,0.0,0,0,0,0.0,0.0,0,0,0.0,0.0,0
2026-05-09 18:00:49,1,1,0,0.0,0,0.0,0,0,0,0.0,0.0,0,0,0.0,0.0,0
2026-05-09 18:00:49,1,1,0,0.0,0,0.0,0,0,0,0.0,0.0,0,0,0.0,0.0,0
2026-05-09 18:00:50,1,1,0,0.0,0,0.0,0,0,0,0.0,0.0,0,0,0.0,0.0,0
2026-05-09 18:00:50,1,1,0,0.0,0,0.0,0,0,0,0.0,0.0,0,0,0.0,0.0,0
2026-05-09 18:00:50,1,1,0,0.0,0,0.0,0,0,0,0.0,0.0,0,0,0.0,0.0,0
2026-05-09 18:00:50,1,1,0,0.0,0,0.0,0,0,0,0.0,0.0,0,0,0.0,0.0,0
2026-05-09 18:00:50,1,1,0,0.0,0,0.0,0,0,0,0.0,0.0,0,0,0.0,0.0,0
2026-05-09 18:00:50,1,1,0,0.0,0,0.0,0,0,0,0.0,0.0,0,0,0.0,0.0,0
2026-05-09 18:00:50,1,1,0,0.0,0,0.0,0,0,0,0.0,0.0,0,0,0.0,0.0,0
2026-05-09 18:00:50,1,1,0,0.0,0,0.0,0,0,0,0.0,0.0,0,0,0.0,0.0,0
2026-05-09 18:00:50,1,1,0,0.0,0,0.0,0,0,0,0.0,0.0,0,0,0.0,0.0,0
2026-05-09 18:00:50,1,1,0,0.0,0,0.0,0,0,0,0.0,0.0,0,0,0.0,0.0,0
2026-05-09 18:00:50,1,1,0,0.0,0,0.0,0,0,0,0.0,0.0,0,0,0.0,0.0,0
2026-05-09 18:00:50,1,1,0,0.0,0,0.0,0,0,0,0.0,0.0,0,0,0.0,0.0,0
2026-05-09 18:00:50,1,1,0,0.0,0,0.0,0,0,0,0.0,0.0,0,0,0.0,0.0,0
2026-05-09 18:00:50,1,1,0,0.0,0,0.0,0,0,0,0.0,0.0,0,0,0.0,0.0,0
2026-05-09 18:00:50,1,1,0,0.0,0,0.0,0,0,0,0.0,0.0,0,0,0.0,0.0,0
2026-05-09 18:00:50,1,1,0,0.0,0,0.0,0,0,0,0.0,0.0,0,0,0.0,0.0,0
2026-05-09 18:00:50,1,1,0,0.0,0,0.0,0,0,0,0.0,0.0,0,0,0.0,0.0,0
2026-05-09 18:00:50,1,1,0,0.0,0,0.0,0,0,0,0.0,0.0,0,0,0.0,0.0,0
2026-05-09 18:00:50,1,1,0,0.0,0,0.0,0,0,0,0.0,0.0,0,0,0.0,0.0,0
2026-05-09 18:00:50,1,1,0,0.0,0,0.0,0,0,0,0.0,0.0,0,0,0.0,0.0,0
2026-05-09 18:00:51,1,1,0,0.0,0,0.0,0,0,0,0.0,0.0,0,0,0.0,0.0,0
2026-05-09 18:00:51,1,1,0,0.0,0,0.0,0,0,0,0.0,0.0,0,0,0.0,0.0,0
2026-05-09 18:00:51,1,1,0,0.0,0,0.0,0,0,0,0.0,0.0,0,0,0.0,0.0,0
2026-05-09 18:00:51,1,1,0,0.0,0,0.0,0,0,0,0.0,0.0,0,0,0.0,0.0,0
2026-05-09 18:00:51,1,1,0,0.0,0,0.0,0,0,0,0.0,0.0,0,0,0.0,0.0,0
2026-05-09 18:00:51,1,1,0,0.0,0,0.0,0,0,0,0.0,0.0,0,0,0.0,0.0,0
2026-05-09 18:00:51,1,1,0,0.0,0,0.0,0,0,0,0.0,0.0,0,0,0.0,0.0,0
2026-05-09 18:00:51,1,1,0,0.0,0,0.0,0,0,0,0.0,0.0,0,0,0.0,0.0,0
2026-05-09 18:00:51,1,1,0,0.0,0,0.0,0,0,0,0.0,0.0,0,0,0.0,0.0,0
2026-05-09 18:00:51,1,1,0,0.0,0,0.0,0,0,0,0.0,0.0,0,0,0.0,0.0,0
2026-05-09 18:00:51,1,1,0,0.0,0,0.0,0,0,0,0.0,0.0,0,0,0.0,0.0,0
2026-05-09 18:00:51,1,1,0,0.0,0,0.0,0,0,0,0.0,0.0,0,0,0.0,0.0,0
2026-05-09 18:00:51,1,1,0,0.0,0,0.0,0,0,0,0.0,0.0,0,0,0.0,0.0,0
2026-05-09 18:00:51,1,1,0,0.0,0,0.0,0,0,0,0.0,0.0,0,0,0.0,0.0,0
2026-05-09 18:00:51,1,1,0,0.0,0,0.0,0,0,0,0.0,0.0,0,0,0.0,0.0,0
2026-05-09 18:00:51,1,1,0,0.0,0,0.0,0,0,0,0.0,0.0,0,0,0.0,0.0,0
2026-05-09 18:00:51,1,1,0,0.0,0,0.0,0,0,0,0.0,0.0,0,0,0.0,0.0,0
2026-05-09 18:00:51,1,1,0,0.0,0,0.0,0,0,0,0.0,0.0,0,0,0.0,0.0,0
2026-05-09 18:00:51,1,1,0,0.0,0,0.0,0,0,0,0.0,0.0,0,0,0.0,0.0,0
2026-05-09 18:00:51,1,1,0,0.0,0,0.0,0,0,0,0.0,0.0,0,0,0.0,0.0,0
2026-05-09 18:00:52,1,1,0,0.0,0,0.0,0,0,0,0.0,0.0,0,0,0.0,0.0,0
2026-05-09 18:00:52,1,1,0,0.0,0,0.0,0,0,0,0.0,0.0,0,0,0.0,0.0,0
2026-05-09 18:00:52,1,1,0,0.0,0,0.0,0,0,0,0.0,0.0,0,0,0.0,0.0,0
2026-05-09 18:00:52,1,1,0,0.0,0,0.0,0,0,0,0.0,0.0,0,0,0.0,0.0,0
2026-05-09 18:00:52,1,1,0,0.0,0,0.0,0,0,0,0.0,0.0,0,0,0.0,0.0,0
2026-05-09 18:00:52,1,1,0,0.0,0,0.0,0,0,0,0.0,0.0,0,0,0.0,0.0,0
2026-05-09 18:00:52,1,1,0,0.0,0,0.0,0,0,0,0.0,0.0,0,0,0.0,0.0,0
2026-05-09 18:00:52,1,1,0,0.0,0,0.0,0,0,0,0.0,0.0,0,0,0.0,0.0,0
2026-05-09 18:00:52,1,1,0,0.0,0,0.0,0,0,0,0.0,0.0,0,0,0.0,0.0,0
2026-05-09 18:00:52,1,1,0,0.0,0,0.0,0,0,0,0.0,0.0,0,0,0.0,0.0,0
2026-05-09 18:00:52,1,1,0,0.0,0,0.0,0,0,0,0.0,0.0,0,0,0.0,0.0,0
2026-05-09 18:00:52,1,1,0,0.0,0,0.0,0,0,0,0.0,0.0,0,0,0.0,0.0,0
2026-05-09 18:00:52,1,1,0,0.0,0,0.0,0,0,0,0.0,0.0,0,0,0.0,0.0,0
2026-05-09 18:00:52,1,1,0,0.0,0,0.0,0,0,0,0.0,0.0,0,0,0.0,0.0,0
2026-05-09 18:00:52,1,1,0,0.0,0,0.0,0,0,0,0.0,0.0,0,0,0.0,0.0,0
2026-05-09 18:00:52,1,1,0,0.0,0,0.0,0,0,0,0.0,0.0,0,0,0.0,0.0,0
2026-05-09 18:00:52,1,1,0,0.0,0,0.0,0,0,0,0.0,0.0,0,0,0.0,0.0,0
2026-05-09 18:00:52,1,1,0,0.0,0,0.0,0,0,0,0.0,0.0,0,0,0.0,0.0,0
2026-05-09 18:00:52,1,1,0,0.0,0,0.0,0,0,0,0.0,0.0,0,0,0.0,0.0,0
2026-05-09 18:00:52,1,1,0,0.0,0,0.0,0,0,0,0.0,0.0,0,0,0.0,0.0,0
2026-05-09 18:00:53,1,1,0,0.0,0,0.0,0,0,0,0.0,0.0,0,0,0.0,0.0,0
2026-05-09 18:00:53,1,1,0,0.0,0,0.0,0,0,0,0.0,0.0,0,0,0.0,0.0,0
2026-05-09 18:00:53,1,1,0,0.0,0,0.0,0,0,0,0.0,0.0,0,0,0.0,0.0,0
2026-05-09 18:00:53,1,1,0,0.0,0,0.0,0,0,0,0.0,0.0,0,0,0.0,0.0,0
2026-05-09 18:00:53,1,1,0,0.0,0,0.0,0,0,0,0.0,0.0,0,0,0.0,0.0,0
2026-05-09 18:00:53,1,1,0,0.0,0,0.0,0,0,0,0.0,0.0,0,0,0.0,0.0,0
2026-05-09 18:00:53,1,1,0,0.0,0,0.0,0,0,0,0.0,0.0,0,0,0.0,0.0,0
2026-05-09 18:00:53,1,1,0,0.0,0,0.0,0,0,0,0.0,0.0,0,0,0.0,0.0,0
2026-05-09 18:00:53,1,1,0,0.0,0,0.0,0,0,0,0.0,0.0,0,0,0.0,0.0,0
2026-05-09 18:00:53,1,1,0,0.0,0,0.0,0,0,0,0.0,0.0,0,0,0.0,0.0,0
2026-05-09 18:00:53,1,1,0,0.0,0,0.0,0,0,0,0.0,0.0,0,0,0.0,0.0,0
2026-05-09 18:00:53,1,1,0,0.0,0,0.0,0,0,0,0.0,0.0,0,0,0.0,0.0,0
2026-05-09 18:00:53,1,1,0,0.0,0,0.0,0,0,0,0.0,0.0,0,0,0.0,0.0,0
2026-05-09 18:00:53,1,1,0,0.0,0,0.0,0,0,0,0.0,0.0,0,0,0.0,0.0,0
2026-05-09 18:00:53,1,1,0,0.0,0,0.0,0,0,0,0.0,0.0,0,0,0.0,0.0,0
2026-05-09 18:00:53,1,1,0,0.0,0,0.0,0,0,0,0.0,0.0,0,0,0.0,0.0,0
2026-05-09 18:00:53,1,1,0,0.0,0,0.0,0,0,0,0.0,0.0,0,0,0.0,0.0,0
2026-05-09 18:00:53,1,1,0,0.0,0,0.0,0,0,0,0.0,0.0,0,0,0.0,0.0,0
2026-05-09 18:00:53,1,1,0,0.0,0,0.0,0,0,0,0.0,0.0,0,0,0.0,0.0,0
2026-05-09 18:00:53,1,1,0,0.0,0,0.0,0,0,0,0.0,0.0,0,0,0.0,0.0,0
2026-05-09 18:00:54,1,1,0,0.0,0,0.0,0,0,0,0.0,0.0,0,0,0.0,0.0,0
2026-05-09 18:00:54,1,1,0,0.0,0,0.0,0,0,0,0.0,0.0,0,0,0.0,0.0,0
2026-05-09 18:00:54,1,1,0,0.0,0,0.0,0,0,0,0.0,0.0,0,0,0.0,0.0,0
2026-05-09 18:00:54,1,1,0,0.0,0,0.0,0,0,0,0.0,0.0,0,0,0.0,0.0,0
2026-05-09 18:00:54,1,1,0,0.0,0,0.0,0,0,0,0.0,0.0,0,0,0.0,0.0,0
2026-05-09 18:00:54,1,1,0,0.0,0,0.0,0,0,0,0.0,0.0,0,0,0.0,0.0,0
2026-05-09 18:00:54,1,1,0,0.0,0,0.0,0,0,0,0.0,0.0,0,0,0.0,0.0,0
2026-05-09 18:00:54,1,1,0,0.0,0,0.0,0,0,0,0.0,0.0,0,0,0.0,0.0,0
2026-05-09 18:00:54,1,1,0,0.0,0,0.0,0,0,0,0.0,0.0,0,0,0.0,0.0,0
2026-05-09 18:00:54,1,1,0,0.0,0,0.0,0,0,0,0.0,0.0,0,0,0.0,0.0,0
2026-05-09 18:00:54,1,1,0,0.0,0,0.0,0,0,0,0.0,0.0,0,0,0.0,0.0,0
2026-05-09 18:00:54,1,1,0,0.0,0,0.0,0,0,0,0.0,0.0,0,0,0.0,0.0,0
2026-05-09 18:00:54,1,1,0,0.0,0,0.0,0,0,0,0.0,0.0,0,0,0.0,0.0,0
2026-05-09 18:00:54,1,1,0,0.0,0,0.0,0,0,0,0.0,0.0,0,0,0.0,0.0,0
2026-05-09 18:00:54,1,1,0,0.0,0,0.0,0,0,0,0.0,0.0,0,0,0.0,0.0,0
2026-05-09 18:00:54,1,1,0,0.0,0,0.0,0,0,0,0.0,0.0,0,0,0.0,0.0,0
2026-05-09 18:00:54,1,1,0,0.0,0,0.0,0,0,0,0.0,0.0,0,0,0.0,0.0,0
2026-05-09 18:00:54,1,1,0,0.0,0,0.0,0,0,0,0.0,0.0,0,0,0.0,0.0,0
2026-05-09 18:00:54,1,1,0,0.0,0,0.0,0,0,0,0.0,0.0,0,0,0.0,0.0,0
2026-05-09 18:00:54,1,1,0,0.0,0,0.0,0,0,0,0.0,0.0,0,0,0.0,0.0,0
2026-05-09 18:00:55,1,1,0,0.0,0,0.0,0,0,0,0.0,0.0,0,0,0.0,0.0,0
2026-05-09 18:00:55,1,1,0,0.0,0,0.0,0,0,0,0.0,0.0,0,0,0.0,0.0,0
2026-05-09 18:00:55,1,1,0,0.0,0,0.0,0,0,0,0.0,0.0,0,0,0.0,0.0,0
2026-05-09 18:00:55,1,1,0,0.0,0,0.0,0,0,0,0.0,0.0,0,0,0.0,0.0,0
2026-05-09 18:00:55,1,1,0,0.0,0,0.0,0,0,0,0.0,0.0,0,0,0.0,0.0,0
2026-05-09 18:00:55,1,1,0,0.0,0,0.0,0,0,0,0.0,0.0,0,0,0.0,0.0,0
2026-05-09 18:00:55,1,1,0,0.0,0,0.0,0,0,0,0.0,0.0,0,0,0.0,0.0,0
2026-05-09 18:00:55,1,1,0,0.0,0,0.0,0,0,0,0.0,0.0,0,0,0.0,0.0,0
2026-05-09 18:00:55,1,1,0,0.0,0,0.0,0,0,0,0.0,0.0,0,0,0.0,0.0,0
2026-05-09 18:00:55,1,1,0,0.0,0,0.0,0,0,0,0.0,0.0,0,0,0.0,0.0,0
2026-05-09 18:00:55,1,1,0,0.0,0,0.0,0,0,0,0.0,0.0,0,0,0.0,0.0,0
2026-05-09 18:00:55,1,1,0,0.0,0,0.0,0,0,0,0.0,0.0,0,0,0.0,0.0,0
2026-05-09 18:00:55,1,1,0,0.0,0,0.0,0,0,0,0.0,0.0,0,0,0.0,0.0,0
2026-05-09 18:00:55,1,1,0,0.0,0,0.0,0,0,0,0.0,0.0,0,0,0.0,0.0,0
2026-05-09 18:00:55,1,1,0,0.0,0,0.0,0,0,0,0.0,0.0,0,0,0.0,0.0,0
2026-05-09 18:00:55,1,1,0,0.0,0,0.0,0,0,0,0.0,0.0,0,0,0.0,0.0,0
2026-05-09 18:00:55,1,1,0,0.0,0,0.0,0,0,0,0.0,0.0,0,0,0.0,0.0,0
2026-05-09 18:00:55,1,1,0,0.0,0,0.0,0,0,0,0.0,0.0,0,0,0.0,0.0,0
2026-05-09 18:00:55,1,1,0,0.0,0,0.0,0,0,0,0.0,0.0,0,0,0.0,0.0,0
2026-05-09 18:00:55,1,1,0,0.0,0,0.0,0,0,0,0.0,0.0,0,0,0.0,0.0,0
2026-05-09 18:00:56,1,1,0,0.0,0,0.0,0,0,0,0.0,0.0,0,0,0.0,0.0,0
2026-05-09 18:00:56,1,1,0,0.0,0,0.0,0,0,0,0.0,0.0,0,0,0.0,0.0,0
2026-05-09 18:00:56,1,1,0,0.0,0,0.0,0,0,0,0.0,0.0,0,0,0.0,0.0,0
2026-05-09 18:00:56,1,1,0,0.0,0,0.0,0,0,0,0.0,0.0,0,0,0.0,0.0,0
2026-05-09 18:00:56,1,1,0,0.0,0,0.0,0,0,0,0.0,0.0,0,0,0.0,0.0,0
2026-05-09 18:00:56,1,1,0,0.0,0,0.0,0,0,0,0.0,0.0,0,0,0.0,0.0,0
2026-05-09 18:00:56,1,1,0,0.0,0,0.0,0,0,0,0.0,0.0,0,0,0.0,0.0,0
2026-05-09 18:00:56,1,1,0,0.0,0,0.0,0,0,0,0.0,0.0,0,0,0.0,0.0,0
2026-05-09 18:00:56,1,1,0,0.0,0,0.0,0,0,0,0.0,0.0,0,0,0.0,0.0,0
2026-05-09 18:00:56,1,1,0,0.0,0,0.0,0,0,0,0.0,0.0,0,0,0.0,0.0,0
2026-05-09 18:00:56,1,1,0,0.0,0,0.0,0,0,0,0.0,0.0,0,0,0.0,0.0,0
2026-05-09 18:00:56,1,1,0,0.0,0,0.0,0,0,0,0.0,0.0,0,0,0.0,0.0,0
2026-05-09 18:00:56,1,1,0,0.0,0,0.0,0,0,0,0.0,0.0,0,0,0.0,0.0,0
2026-05-09 18:00:56,1,1,0,0.0,0,0.0,0,0,0,0.0,0.0,0,0,0.0,0.0,0
2026-05-09 18:00:56,1,1,0,0.0,0,0.0,0,0,0,0.0,0.0,0,0,0.0,0.0,0
2026-05-09 18:00:56,1,1,0,0.0,0,0.0,0,0,0,0.0,0.0,0,0,0.0,0.0,0
2026-05-09 18:00:56,1,1,0,0.0,0,0.0,0,0,0,0.0,0.0,0,0,0.0,0.0,0
2026-05-09 18:00:56,1,1,0,0.0,0,0.0,0,0,0,0.0,0.0,0,0,0.0,0.0,0
2026-05-09 18:00:56,1,1,0,0.0,0,0.0,0,0,0,0.0,0.0,0,0,0.0,0.0,0
2026-05-09 18:00:56,1,1,0,0.0,0,0.0,0,0,0,0.0,0.0,0,0,0.0,0.0,0
2026-05-09 18:00:57,1,1,0,0.0,0,0.0,0,0,0,0.0,0.0,0,0,0.0,0.0,0
2026-05-09 18:00:57,1,1,0,0.0,0,0.0,0,0,0,0.0,0.0,0,0,0.0,0.0,0
2026-05-09 18:00:57,1,1,0,0.0,0,0.0,0,0,0,0.0,0.0,0,0,0.0,0.0,0
2026-05-09 18:00:57,1,1,0,0.0,0,0.0,0,0,0,0.0,0.0,0,0,0.0,0.0,0
2026-05-09 18:00:57,1,1,0,0.0,0,0.0,0,0,0,0.0,0.0,0,0,0.0,0.0,0
2026-05-09 18:00:57,1,1,0,0.0,0,0.0,0,0,0,0.0,0.0,0,0,0.0,0.0,0
2026-05-09 18:00:57,1,1,0,0.0,0,0.0,0,0,0,0.0,0.0,0,0,0.0,0.0,0
2026-05-09 18:00:57,1,1,0,0.0,0,0.0,0,0,0,0.0,0.0,0,0,0.0,0.0,0
2026-05-09 18:00:57,1,1,0,0.0,0,0.0,0,0,0,0.0,0.0,0,0,0.0,0.0,0
2026-05-09 18:00:57,1,1,0,0.0,0,0.0,0,0,0,0.0,0.0,0,0,0.0,0.0,0
2026-05-09 18:00:57,1,1,0,0.0,0,0.0,0,0,0,0.0,0.0,0,0,0.0,0.0,0
2026-05-09 18:00:57,1,1,0,0.0,0,0.0,0,0,0,0.0,0.0,0,0,0.0,0.0,0
2026-05-09 18:00:57,1,1,0,0.0,0,0.0,0,0,0,0.0,0.0,0,0,0.0,0.0,0
2026-05-09 18:00:57,1,1,0,0.0,0,0.0,0,0,0,0.0,0.0,0,0,0.0,0.0,0
2026-05-09 18:00:57,1,1,0,0.0,0,0.0,0,0,0,0.0,0.0,0,0,0.0,0.0,0
2026-05-09 18:00:57,1,1,0,0.0,0,0.0,0,0,0,0.0,0.0,0,0,0.0,0.0,0
2026-05-09 18:00:57,1,1,0,0.0,0,0.0,0,0,0,0.0,0.0,0,0,0.0,0.0,0
2026-05-09 18:00:57,1,1,0,0.0,0,0.0,0,0,0,0.0,0.0,0,0,0.0,0.0,0
2026-05-09 18:00:57,1,1,0,0.0,0,0.0,0,0,0,0.0,0.0,0,0,0.0,0.0,0
2026-05-09 18:00:57,1,1,0,0.0,0,0.0,0,0,0,0.0,0.0,0,0,0.0,0.0,0
2026-05-09 18:00:58,1,1,0,0.0,0,0.0,0,0,0,0.0,0.0,0,0,0.0,0.0,0
2026-05-09 18:00:58,1,1,0,0.0,0,0.0,0,0,0,0.0,0.0,0,0,0.0,0.0,0
2026-05-09 18:00:58,1,1,0,0.0,0,0.0,0,0,0,0.0,0.0,0,0,0.0,0.0,0
2026-05-09 18:00:58,1,1,0,0.0,0,0.0,0,0,0,0.0,0.0,0,0,0.0,0.0,0
2026-05-09 18:00:58,1,1,0,0.0,0,0.0,0,0,0,0.0,0.0,0,0,0.0,0.0,0
2026-05-09 18:00:58,1,1,0,0.0,0,0.0,0,0,0,0.0,0.0,0,0,0.0,0.0,0
2026-05-09 18:00:58,1,1,0,0.0,0,0.0,0,0,0,0.0,0.0,0,0,0.0,0.0,0
2026-05-09 18:00:58,1,1,0,0.0,0,0.0,0,0,0,0.0,0.0,0,0,0.0,0.0,0
2026-05-09 18:00:58,1,1,0,0.0,0,0.0,0,0,0,0.0,0.0,0,0,0.0,0.0,0
2026-05-09 18:00:58,1,1,0,0.0,0,0.0,0,0,0,0.0,0.0,0,0,0.0,0.0,0
2026-05-09 18:00:58,1,1,0,0.0,0,0.0,0,0,0,0.0,0.0,0,0,0.0,0.0,0
2026-05-09 18:00:58,1,1,0,0.0,0,0.0,0,0,0,0.0,0.0,0,0,0.0,0.0,0
2026-05-09 18:00:58,1,1,0,0.0,0,0.0,0,0,0,0.0,0.0,0,0,0.0,0.0,0
2026-05-09 18:00:58,1,1,0,0.0,0,0.0,0,0,0,0.0,0.0,0,0,0.0,0.0,0
2026-05-09 18:00:58,1,1,0,0.0,0,0.0,0,0,0,0.0,0.0,0,0,0.0,0.0,0
2026-05-09 18:00:58,1,1,0,0.0,0,0.0,0,0,0,0.0,0.0,0,0,0.0,0.0,0
2026-05-09 18:00:58,1,1,0,0.0,0,0.0,0,0,0,0.0,0.0,0,0,0.0,0.0,0
2026-05-09 18:00:58,1,1,0,0.0,0,0.0,0,0,0,0.0,0.0,0,0,0.0,0.0,0
2026-05-09 18:00:58,1,1,0,0.0,0,0.0,0,0,0,0.0,0.0,0,0,0.0,0.0,0
2026-05-09 18:00:58,1,1,0,0.0,0,0.0,0,0,0,0.0,0.0,0,0,0.0,0.0,0
2026-05-09 18:00:59,1,1,0,0.0,0,0.0,0,0,0,0.0,0.0,0,0,0.0,0.0,0
2026-05-09 18:00:59,1,1,0,0.0,0,0.0,0,0,0,0.0,0.0,0,0,0.0,0.0,0
2026-05-09 18:00:59,1,1,0,0.0,0,0.0,0,0,0,0.0,0.0,0,0,0.0,0.0,0
2026-05-09 18:00:59,1,1,0,0.0,0,0.0,0,0,0,0.0,0.0,0,0,0.0,0.0,0
2026-05-09 18:00:59,1,1,0,0.0,0,0.0,0,0,0,0.0,0.0,0,0,0.0,0.0,0
2026-05-09 18:00:59,1,1,0,0.0,0,0.0,0,0,0,0.0,0.0,0,0,0.0,0.0,0
2026-05-09 18:00:59,1,1,0,0.0,0,0.0,0,0,0,0.0,0.0,0,0,0.0,0.0,0
2026-05-09 18:00:59,1,1,0,0.0,0,0.0,0,0,0,0.0,0.0,0,0,0.0,0.0,0
2026-05-09 18:00:59,1,1,0,0.0,0,0.0,0,0,0,0.0,0.0,0,0,0.0,0.0,0
2026-05-09 18:00:59,1,1,0,0.0,0,0.0,0,0,0,0.0,0.0,0,0,0.0,0.0,0
2026-05-09 18:00:59,1,1,0,0.0,0,0.0,0,0,0,0.0,0.0,0,0,0.0,0.0,0
2026-05-09 18:00:59,1,1,0,0.0,0,0.0,0,0,0,0.0,0.0,0,0,0.0,0.0,0
2026-05-09 18:00:59,1,1,0,0.0,0,0.0,0,0,0,0.0,0.0,0,0,0.0,0.0,0
2026-05-09 18:00:59,1,1,0,0.0,0,0.0,0,0,0,0.0,0.0,0,0,0.0,0.0,0
2026-05-09 18:00:59,1,1,0,0.0,0,0.0,0,0,0,0.0,0.0,0,0,0.0,0.0,0
2026-05-09 18:00:59,1,1,0,0.0,0,0.0,0,0,0,0.0,0.0,0,0,0.0,0.0,0
2026-05-09 18:00:59,1,1,0,0.0,0,0.0,0,0,0,0.0,0.0,0,0,0.0,0.0,0
2026-05-09 18:00:59,1,1,0,0.0,0,0.0,0,0,0,0.0,0.0,0,0,0.0,0.0,0
2026-05-09 18:00:59,1,1,0,0.0,0,0.0,0,0,0,0.0,0.0,0,0,0.0,0.0,0
2026-05-09 18:00:59,1,1,0,0.0,0,0.0,0,0,0,0.0,0.0,0,0,0.0,0.0,0
2026-05-09 18:01:00,1,1,0,0.0,0,0.0,0,0,0,0.0,0.0,0,0,0.0,0.0,0
2026-05-09 18:01:00,1,1,0,0.0,0,0.0,0,0,0,0.0,0.0,0,0,0.0,0.0,0
2026-05-09 18:01:00,1,1,0,0.0,0,0.0,0,0,0,0.0,0.0,0,0,0.0,0.0,0
2026-05-09 18:01:00,1,1,0,0.0,0,0.0,0,0,0,0.0,0.0,0,0,0.0,0.0,0
2026-05-09 18:01:00,1,1,0,0.0,0,0.0,0,0,0,0.0,0.0,0,0,0.0,0.0,0
2026-05-09 18:01:00,1,1,0,0.0,0,0.0,0,0,0,0.0,0.0,0,0,0.0,0.0,0
2026-05-09 18:01:00,1,1,0,0.0,0,0.0,0,0,0,0.0,0.0,0,0,0.0,0.0,0
2026-05-09 18:01:00,1,1,0,0.0,0,0.0,0,0,0,0.0,0.0,0,0,0.0,0.0,0
2026-05-09 18:01:00,1,1,0,0.0,0,0.0,0,0,0,0.0,0.0,0,0,0.0,0.0,0
2026-05-09 18:01:00,1,1,0,0.0,0,0.0,0,0,0,0.0,0.0,0,0,0.0,0.0,0
2026-05-09 18:01:00,1,1,0,0.0,0,0.0,0,0,0,0.0,0.0,0,0,0.0,0.0,0
2026-05-09 18:01:00,1,1,0,0.0,0,0.0,0,0,0,0.0,0.0,0,0,0.0,0.0,0
2026-05-09 18:01:00,1,1,0,0.0,0,0.0,0,0,0,0.0,0.0,0,0,0.0,0.0,0
2026-05-09 18:01:00,1,1,0,0.0,0,0.0,0,0,0,0.0,0.0,0,0,0.0,0.0,0
2026-05-09 18:01:00,1,1,0,0.0,0,0.0,0,0,0,0.0,0.0,0,0,0.0,0.0,0
2026-05-09 18:01:00,1,1,0,0.0,0,0.0,0,0,0,0.0,0.0,0,0,0.0,0.0,0
2026-05-09 18:01:00,1,1,0,0.0,0,0.0,0,0,0,0.0,0.0,0,0,0.0,0.0,0
2026-05-09 18:01:00,1,1,0,0.0,0,0.0,0,0,0,0.0,0.0,0,0,0.0,0.0,0
2026-05-09 18:01:00,1,1,0,0.0,0,0.0,0,0,0,0.0,0.0,0,0,0.0,0.0,0
2026-05-09 18:01:00,1,1,0,0.0,0,0.0,0,0,0,0.0,0.0,0,0,0.0,0.0,0
2026-05-09 18:01:01,1,1,0,0.0,0,0.0,0,0,0,0.0,0.0,0,0,0.0,0.0,0
2026-05-09 18:01:01,1,1,0,0.0,0,0.0,0,0,0,0.0,0.0,0,0,0.0,0.0,0
2026-05-09 18:01:01,1,1,0,0.0,0,0.0,0,0,0,0.0,0.0,0,0,0.0,0.0,0
2026-05-09 18:01:01,1,1,0,0.0,0,0.0,0,0,0,0.0,0.0,0,0,0.0,0.0,0
2026-05-09 18:01:01,1,1,0,0.0,0,0.0,0,0,0,0.0,0.0,0,0,0.0,0.0,0
2026-05-09 18:01:01,1,1,0,0.0,0,0.0,0,0,0,0.0,0.0,0,0,0.0,0.0,0
2026-05-09 18:01:01,1,1,0,0.0,0,0.0,0,0,0,0.0,0.0,0,0,0.0,0.0,0
2026-05-09 18:01:01,1,1,0,0.0,0,0.0,0,0,0,0.0,0.0,0,0,0.0,0.0,0
2026-05-09 18:01:01,1,1,0,0.0,0,0.0,0,0,0,0.0,0.0,0,0,0.0,0.0,0
2026-05-09 18:01:01,1,1,0,0.0,0,0.0,0,0,0,0.0,0.0,0,0,0.0,0.0,0
2026-05-09 18:01:01,1,1,0,0.0,0,0.0,0,0,0,0.0,0.0,0,0,0.0,0.0,0
2026-05-09 18:01:01,1,1,0,0.0,0,0.0,0,0,0,0.0,0.0,0,0,0.0,0.0,0
2026-05-09 18:01:01,1,1,0,0.0,0,0.0,0,0,0,0.0,0.0,0,0,0.0,0.0,0
2026-05-09 18:01:01,1,1,0,0.0,0,0.0,0,0,0,0.0,0.0,0,0,0.0,0.0,0
2026-05-09 18:01:01,1,1,0,0.0,0,0.0,0,0,0,0.0,0.0,0,0,0.0,0.0,0
2026-05-09 18:01:01,1,1,0,0.0,0,0.0,0,0,0,0.0,0.0,0,0,0.0,0.0,0
2026-05-09 18:01:01,1,1,0,0.0,0,0.0,0,0,0,0.0,0.0,0,0,0.0,0.0,0
2026-05-09 18:01:01,1,1,0,0.0,0,0.0,0,0,0,0.0,0.0,0,0,0.0,0.0,0
2026-05-09 18:01:01,1,1,0,0.0,0,0.0,0,0,0,0.0,0.0,0,0,0.0,0.0,0
2026-05-09 18:01:01,1,1,0,0.0,0,0.0,0,0,0,0.0,0.0,0,0,0.0,0.0,0
2026-05-09 18:01:02,1,1,0,0.0,0,0.0,0,0,0,0.0,0.0,0,0,0.0,0.0,0
2026-05-09 18:01:02,1,1,0,0.0,0,0.0,0,0,0,0.0,0.0,0,0,0.0,0.0,0
2026-05-09 18:01:02,1,1,0,0.0,0,0.0,0,0,0,0.0,0.0,0,0,0.0,0.0,0
2026-05-09 18:01:02,1,1,0,0.0,0,0.0,0,0,0,0.0,0.0,0,0,0.0,0.0,0
2026-05-09 18:01:02,1,1,0,0.0,0,0.0,0,0,0,0.0,0.0,0,0,0.0,0.0,0
2026-05-09 18:01:02,1,1,0,0.0,0,0.0,0,0,0,0.0,0.0,0,0,0.0,0.0,0
2026-05-09 18:01:02,1,1,0,0.0,0,0.0,0,0,0,0.0,0.0,0,0,0.0,0.0,0
2026-05-09 18:01:02,1,1,0,0.0,0,0.0,0,0,0,0.0,0.0,0,0,0.0,0.0,0
2026-05-09 18:01:02,1,1,0,0.0,0,0.0,0,0,0,0.0,0.0,0,0,0.0,0.0,0
2026-05-09 18:01:02,1,1,0,0.0,0,0.0,0,0,0,0.0,0.0,0,0,0.0,0.0,0
2026-05-09 18:01:02,1,1,0,0.0,0,0.0,0,0,0,0.0,0.0,0,0,0.0,0.0,0
2026-05-09 18:01:02,1,1,0,0.0,0,0.0,0,0,0,0.0,0.0,0,0,0.0,0.0,0
2026-05-09 18:01:02,1,1,0,0.0,0,0.0,0,0,0,0.0,0.0,0,0,0.0,0.0,0
2026-05-09 18:01:02,1,1,0,0.0,0,0.0,0,0,0,0.0,0.0,0,0,0.0,0.0,0
2026-05-09 18:01:02,1,1,0,0.0,0,0.0,0,0,0,0.0,0.0,0,0,0.0,0.0,0
2026-05-09 18:01:02,1,1,0,0.0,0,0.0,0,0,0,0.0,0.0,0,0,0.0,0.0,0
2026-05-09 18:01:02,1,1,0,0.0,0,0.0,0,0,0,0.0,0.0,0,0,0.0,0.0,0
2026-05-09 18:01:02,1,1,0,0.0,0,0.0,0,0,0,0.0,0.0,0,0,0.0,0.0,0
2026-05-09 18:01:02,1,1,0,0.0,0,0.0,0,0,0,0.0,0.0,0,0,0.0,0.0,0
2026-05-09 18:01:02,1,1,0,0.0,0,0.0,0,0,0,0.0,0.0,0,0,0.0,0.0,0
2026-05-09 18:01:03,1,1,0,0.0,0,0.0,0,0,0,0.0,0.0,0,0,0.0,0.0,0
2026-05-09 18:01:03,1,1,0,0.0,0,0.0,0,0,0,0.0,0.0,0,0,0.0,0.0,0
2026-05-09 18:01:03,1,1,0,0.0,0,0.0,0,0,0,0.0,0.0,0,0,0.0,0.0,0
2026-05-09 18:01:03,1,1,0,0.0,0,0.0,0,0,0,0.0,0.0,0,0,0.0,0.0,0
2026-05-09 18:01:03,1,1,0,0.0,0,0.0,0,0,0,0.0,0.0,0,0,0.0,0.0,0
2026-05-09 18:01:03,1,1,0,0.0,0,0.0,0,0,0,0.0,0.0,0,0,0.0,0.0,0
2026-05-09 18:01:03,1,1,0,0.0,0,0.0,0,0,0,0.0,0.0,0,0,0.0,0.0,0
2026-05-09 18:01:03,1,1,0,0.0,0,0.0,0,0,0,0.0,0.0,0,0,0.0,0.0,0
2026-05-09 18:01:03,1,1,0,0.0,0,0.0,0,0,0,0.0,0.0,0,0,0.0,0.0,0
2026-05-09 18:01:03,1,1,0,0.0,0,0.0,0,0,0,0.0,0.0,0,0,0.0,0.0,0
2026-05-09 18:01:03,1,1,0,0.0,0,0.0,0,0,0,0.0,0.0,0,0,0.0,0.0,0
2026-05-09 18:01:03,1,1,0,0.0,0,0.0,0,0,0,0.0,0.0,0,0,0.0,0.0,0
2026-05-09 18:01:03,1,1,0,0.0,0,0.0,0,0,0,0.0,0.0,0,0,0.0,0.0,0
2026-05-09 18:01:03,1,1,0,0.0,0,0.0,0,0,0,0.0,0.0,0,0,0.0,0.0,0
2026-05-09 18:01:03,1,1,0,0.0,0,0.0,0,0,0,0.0,0.0,0,0,0.0,0.0,0
2026-05-09 18:01:03,1,1,0,0.0,0,0.0,0,0,0,0.0,0.0,0,0,0.0,0.0,0
2026-05-09 18:01:03,1,1,0,0.0,0,0.0,0,0,0,0.0,0.0,0,0,0.0,0.0,0
2026-05-09 18:01:03,1,1,0,0.0,0,0.0,0,0,0,0.0,0.0,0,0,0.0,0.0,0
2026-05-09 18:01:03,1,1,0,0.0,0,0.0,0,0,0,0.0,0.0,0,0,0.0,0.0,0
2026-05-09 18:01:03,1,1,0,0.0,0,0.0,0,0,0,0.0,0.0,0,0,0.0,0.0,0
2026-05-09 18:01:04,1,1,0,0.0,0,0.0,0,0,0,0.0,0.0,0,0,0.0,0.0,0
2026-05-09 18:01:04,1,1,0,0.0,0,0.0,0,0,0,0.0,0.0,0,0,0.0,0.0,0
2026-05-09 18:01:04,1,1,0,0.0,0,0.0,0,0,0,0.0,0.0,0,0,0.0,0.0,0
2026-05-09 18:01:04,1,1,0,0.0,0,0.0,0,0,0,0.0,0.0,0,0,0.0,0.0,0
2026-05-09 18:01:04,1,1,0,0.0,0,0.0,0,0,0,0.0,0.0,0,0,0.0,0.0,0
2026-05-09 18:01:04,1,1,0,0.0,0,0.0,0,0,0,0.0,0.0,0,0,0.0,0.0,0
2026-05-09 18:01:04,1,1,0,0.0,0,0.0,0,0,0,0.0,0.0,0,0,0.0,0.0,0
2026-05-09 18:01:04,1,1,0,0.0,0,0.0,0,0,0,0.0,0.0,0,0,0.0,0.0,0
2026-05-09 18:01:04,1,1,0,0.0,0,0.0,0,0,0,0.0,0.0,0,0,0.0,0.0,0
2026-05-09 18:01:04,1,1,0,0.0,0,0.0,0,0,0,0.0,0.0,0,0,0.0,0.0,0
2026-05-09 18:01:04,1,1,0,0.0,0,0.0,0,0,0,0.0,0.0,0,0,0.0,0.0,0
2026-05-09 18:01:04,1,1,0,0.0,0,0.0,0,0,0,0.0,0.0,0,0,0.0,0.0,0
2026-05-09 18:01:04,1,1,0,0.0,0,0.0,0,0,0,0.0,0.0,0,0,0.0,0.0,0
2026-05-09 18:01:04,1,1,0,0.0,0,0.0,0,0,0,0.0,0.0,0,0,0.0,0.0,0
2026-05-09 18:01:04,1,1,0,0.0,0,0.0,0,0,0,0.0,0.0,0,0,0.0,0.0,0
2026-05-09 18:01:04,1,1,0,0.0,0,0.0,0,0,0,0.0,0.0,0,0,0.0,0.0,0
2026-05-09 18:01:04,1,1,0,0.0,0,0.0,0,0,0,0.0,0.0,0,0,0.0,0.0,0
2026-05-09 18:01:04,1,1,0,0.0,0,0.0,0,0,0,0.0,0.0,0,0,0.0,0.0,0
2026-05-09 18:01:04,1,1,0,0.0,0,0.0,0,0,0,0.0,0.0,0,0,0.0,0.0,0
2026-05-09 18:01:04,1,1,0,0.0,0,0.0,0,0,0,0.0,0.0,0,0,0.0,0.0,0
2026-05-09 18:01:05,1,1,0,0.0,0,0.0,0,0,0,0.0,0.0,0,0,0.0,0.0,0
2026-05-09 18:01:05,1,1,0,0.0,0,0.0,0,0,0,0.0,0.0,0,0,0.0,0.0,0
2026-05-09 18:01:05,1,1,0,0.0,0,0.0,0,0,0,0.0,0.0,0,0,0.0,0.0,0
2026-05-09 18:01:05,1,1,0,0.0,0,0.0,0,0,0,0.0,0.0,0,0,0.0,0.0,0
2026-05-09 18:01:05,1,1,0,0.0,0,0.0,0,0,0,0.0,0.0,0,0,0.0,0.0,0
2026-05-09 18:01:05,1,1,0,0.0,0,0.0,0,0,0,0.0,0.0,0,0,0.0,0.0,0
2026-05-09 18:01:05,1,1,0,0.0,0,0.0,0,0,0,0.0,0.0,0,0,0.0,0.0,0
2026-05-09 18:01:05,1,1,0,0.0,0,0.0,0,0,0,0.0,0.0,0,0,0.0,0.0,0
2026-05-09 18:01:05,1,1,0,0.0,0,0.0,0,0,0,0.0,0.0,0,0,0.0,0.0,0
2026-05-09 18:01:05,1,1,0,0.0,0,0.0,0,0,0,0.0,0.0,0,0,0.0,0.0,0
2026-05-09 18:01:05,1,1,0,0.0,0,0.0,0,0,0,0.0,0.0,0,0,0.0,0.0,0
2026-05-09 18:01:05,1,1,0,0.0,0,0.0,0,0,0,0.0,0.0,0,0,0.0,0.0,0
2026-05-09 18:01:05,1,1,0,0.0,0,0.0,0,0,0,0.0,0.0,0,0,0.0,0.0,0
2026-05-09 18:01:05,1,1,0,0.0,0,0.0,0,0,0,0.0,0.0,0,0,0.0,0.0,0
2026-05-09 18:01:05,1,1,0,0.0,0,0.0,0,0,0,0.0,0.0,0,0,0.0,0.0,0
2026-05-09 18:01:05,1,1,0,0.0,0,0.0,0,0,0,0.0,0.0,0,0,0.0,0.0,0
2026-05-09 18:01:05,1,1,0,0.0,0,0.0,0,0,0,0.0,0.0,0,0,0.0,0.0,0
2026-05-09 18:01:05,1,1,0,0.0,0,0.0,0,0,0,0.0,0.0,0,0,0.0,0.0,0
2026-05-09 18:01:05,1,1,0,0.0,0,0.0,0,0,0,0.0,0.0,0,0,0.0,0.0,0
2026-05-09 18:01:05,1,1,0,0.0,0,0.0,0,0,0,0.0,0.0,0,0,0.0,0.0,0
2026-05-09 18:01:06,1,1,0,0.0,0,0.0,0,0,0,0.0,0.0,0,0,0.0,0.0,0
2026-05-09 18:01:06,1,1,0,0.0,0,0.0,0,0,0,0.0,0.0,0,0,0.0,0.0,0
2026-05-09 18:01:06,1,1,0,0.0,0,0.0,0,0,0,0.0,0.0,0,0,0.0,0.0,0
2026-05-09 18:01:06,1,1,0,0.0,0,0.0,0,0,0,0.0,0.0,0,0,0.0,0.0,0
2026-05-09 18:01:06,1,1,0,0.0,0,0.0,0,0,0,0.0,0.0,0,0,0.0,0.0,0
2026-05-09 18:01:06,1,1,0,0.0,0,0.0,0,0,0,0.0,0.0,0,0,0.0,0.0,0
2026-05-09 18:01:06,1,1,0,0.0,0,0.0,0,0,0,0.0,0.0,0,0,0.0,0.0,0
2026-05-09 18:01:06,1,1,0,0.0,0,0.0,0,0,0,0.0,0.0,0,0,0.0,0.0,0
2026-05-09 18:01:06,1,1,0,0.0,0,0.0,0,0,0,0.0,0.0,0,0,0.0,0.0,0
2026-05-09 18:01:06,1,1,0,0.0,0,0.0,0,0,0,0.0,0.0,0,0,0.0,0.0,0
2026-05-09 18:01:06,1,1,0,0.0,0,0.0,0,0,0,0.0,0.0,0,0,0.0,0.0,0
2026-05-09 18:01:06,1,1,0,0.0,0,0.0,0,0,0,0.0,0.0,0,0,0.0,0.0,0
2026-05-09 18:01:06,1,1,0,0.0,0,0.0,0,0,0,0.0,0.0,0,0,0.0,0.0,0
2026-05-09 18:01:06,1,1,0,0.0,0,0.0,0,0,0,0.0,0.0,0,0,0.0,0.0,0
2026-05-09 18:01:06,1,1,0,0.0,0,0.0,0,0,0,0.0,0.0,0,0,0.0,0.0,0
2026-05-09 18:01:06,1,1,0,0.0,0,0.0,0,0,0,0.0,0.0,0,0,0.0,0.0,0
2026-05-09 18:01:06,1,1,0,0.0,0,0.0,0,0,0,0.0,0.0,0,0,0.0,0.0,0
2026-05-09 18:01:06,1,1,0,0.0,0,0.0,0,0,0,0.0,0.0,0,0,0.0,0.0,0
2026-05-09 18:01:06,1,1,0,0.0,0,0.0,0,0,0,0.0,0.0,0,0,0.0,0.0,0
2026-05-09 18:01:06,1,1,0,0.0,0,0.0,0,0,0,0.0,0.0,0,0,0.0,0.0,0
2026-05-09 18:01:07,1,1,0,0.0,0,0.0,0,0,0,0.0,0.0,0,0,0.0,0.0,0
2026-05-09 18:01:07,1,1,0,0.0,0,0.0,0,0,0,0.0,0.0,0,0,0.0,0.0,0
2026-05-09 18:01:07,1,1,0,0.0,0,0.0,0,0,0,0.0,0.0,0,0,0.0,0.0,0
2026-05-09 18:01:07,1,1,0,0.0,0,0.0,0,0,0,0.0,0.0,0,0,0.0,0.0,0
2026-05-09 18:01:07,1,1,0,0.0,0,0.0,0,0,0,0.0,0.0,0,0,0.0,0.0,0
2026-05-09 18:01:07,1,1,0,0.0,0,0.0,0,0,0,0.0,0.0,0,0,0.0,0.0,0
2026-05-09 18:01:07,1,1,0,0.0,0,0.0,0,0,0,0.0,0.0,0,0,0.0,0.0,0
2026-05-09 18:01:07,1,1,0,0.0,0,0.0,0,0,0,0.0,0.0,0,0,0.0,0.0,0
2026-05-09 18:01:07,1,1,0,0.0,0,0.0,0,0,0,0.0,0.0,0,0,0.0,0.0,0
2026-05-09 18:01:07,1,1,0,0.0,0,0.0,0,0,0,0.0,0.0,0,0,0.0,0.0,0
2026-05-09 18:01:07,1,1,0,0.0,0,0.0,0,0,0,0.0,0.0,0,0,0.0,0.0,0
2026-05-09 18:01:07,1,1,0,0.0,0,0.0,0,0,0,0.0,0.0,0,0,0.0,0.0,0
2026-05-09 18:01:07,1,1,0,0.0,0,0.0,0,0,0,0.0,0.0,0,0,0.0,0.0,0
2026-05-09 18:01:07,1,1,0,0.0,0,0.0,0,0,0,0.0,0.0,0,0,0.0,0.0,0
2026-05-09 18:01:07,1,1,0,0.0,0,0.0,0,0,0,0.0,0.0,0,0,0.0,0.0,0
2026-05-09 18:01:07,1,1,0,0.0,0,0.0,0,0,0,0.0,0.0,0,0,0.0,0.0,0
2026-05-09 18:01:07,1,1,0,0.0,0,0.0,0,0,0,0.0,0.0,0,0,0.0,0.0,0
2026-05-09 18:01:07,1,1,0,0.0,0,0.0,0,0,0,0.0,0.0,0,0,0.0,0.0,0
2026-05-09 18:01:07,1,1,0,0.0,0,0.0,0,0,0,0.0,0.0,0,0,0.0,0.0,0
2026-05-09 18:01:07,1,1,0,0.0,0,0.0,0,0,0,0.0,0.0,0,0,0.0,0.0,0
2026-05-09 18:01:08,1,1,0,0.0,0,0.0,0,0,0,0.0,0.0,0,0,0.0,0.0,0
2026-05-09 18:01:08,1,1,0,0.0,0,0.0,0,0,0,0.0,0.0,0,0,0.0,0.0,0
2026-05-09 18:01:08,1,1,0,0.0,0,0.0,0,0,0,0.0,0.0,0,0,0.0,0.0,0
2026-05-09 18:01:08,1,1,0,0.0,0,0.0,0,0,0,0.0,0.0,0,0,0.0,0.0,0
2026-05-09 18:01:08,1,1,0,0.0,0,0.0,0,0,0,0.0,0.0,0,0,0.0,0.0,0
2026-05-09 18:01:08,1,1,0,0.0,0,0.0,0,0,0,0.0,0.0,0,0,0.0,0.0,0
2026-05-09 18:01:08,1,1,0,0.0,0,0.0,0,0,0,0.0,0.0,0,0,0.0,0.0,0
2026-05-09 18:01:08,1,1,0,0.0,0,0.0,0,0,0,0.0,0.0,0,0,0.0,0.0,0
2026-05-09 18:01:08,1,1,0,0.0,0,0.0,0,0,0,0.0,0.0,0,0,0.0,0.0,0
2026-05-09 18:01:08,1,1,0,0.0,0,0.0,0,0,0,0.0,0.0,0,0,0.0,0.0,0
2026-05-09 18:01:08,1,1,0,0.0,0,0.0,0,0,0,0.0,0.0,0,0,0.0,0.0,0
2026-05-09 18:01:08,1,1,0,0.0,0,0.0,0,0,0,0.0,0.0,0,0,0.0,0.0,0
2026-05-09 18:01:08,1,1,0,0.0,0,0.0,0,0,0,0.0,0.0,0,0,0.0,0.0,0
2026-05-09 18:01:08,1,1,0,0.0,0,0.0,0,0,0,0.0,0.0,0,0,0.0,0.0,0
2026-05-09 18:01:08,1,1,0,0.0,0,0.0,0,0,0,0.0,0.0,0,0,0.0,0.0,0
2026-05-09 18:01:08,1,1,0,0.0,0,0.0,0,0,0,0.0,0.0,0,0,0.0,0.0,0
2026-05-09 18:01:08,1,1,0,0.0,0,0.0,0,0,0,0.0,0.0,0,0,0.0,0.0,0
2026-05-09 18:01:08,1,1,0,0.0,0,0.0,0,0,0,0.0,0.0,0,0,0.0,0.0,0
2026-05-09 18:01:08,1,1,0,0.0,0,0.0,0,0,0,0.0,0.0,0,0,0.0,0.0,0
2026-05-09 18:01:08,1,1,0,0.0,0,0.0,0,0,0,0.0,0.0,0,0,0.0,0.0,0
2026-05-09 18:01:09,1,1,0,0.0,0,0.0,0,0,0,0.0,0.0,0,0,0.0,0.0,0
2026-05-09 18:01:09,1,1,0,0.0,0,0.0,0,0,0,0.0,0.0,0,0,0.0,0.0,0
2026-05-09 18:01:09,1,1,0,0.0,0,0.0,0,0,0,0.0,0.0,0,0,0.0,0.0,0
2026-05-09 18:01:09,1,1,0,0.0,0,0.0,0,0,0,0.0,0.0,0,0,0.0,0.0,0
2026-05-09 18:01:09,1,1,0,0.0,0,0.0,0,0,0,0.0,0.0,0,0,0.0,0.0,0
2026-05-09 18:01:09,1,1,0,0.0,0,0.0,0,0,0,0.0,0.0,0,0,0.0,0.0,0
2026-05-09 18:01:09,1,1,0,0.0,0,0.0,0,0,0,0.0,0.0,0,0,0.0,0.0,0
2026-05-09 18:01:09,1,1,0,0.0,0,0.0,0,0,0,0.0,0.0,0,0,0.0,0.0,0
2026-05-09 18:01:09,1,1,0,0.0,0,0.0,0,0,0,0.0,0.0,0,0,0.0,0.0,0
2026-05-09 18:01:09,1,1,0,0.0,0,0.0,0,0,0,0.0,0.0,0,0,0.0,0.0,0
2026-05-09 18:01:09,1,1,0,0.0,0,0.0,0,0,0,0.0,0.0,0,0,0.0,0.0,0
2026-05-09 18:01:09,1,1,0,0.0,0,0.0,0,0,0,0.0,0.0,0,0,0.0,0.0,0
2026-05-09 18:01:09,1,1,0,0.0,0,0.0,0,0,0,0.0,0.0,0,0,0.0,0.0,0
2026-05-09 18:01:09,1,1,0,0.0,0,0.0,0,0,0,0.0,0.0,0,0,0.0,0.0,0
2026-05-09 18:01:09,1,1,0,0.0,0,0.0,0,0,0,0.0,0.0,0,0,0.0,0.0,0
2026-05-09 18:01:09,1,1,0,0.0,0,0.0,0,0,0,0.0,0.0,0,0,0.0,0.0,0
2026-05-09 18:01:09,1,1,0,0.0,0,0.0,0,0,0,0.0,0.0,0,0,0.0,0.0,0
2026-05-09 18:01:09,1,1,0,0.0,0,0.0,0,0,0,0.0,0.0,0,0,0.0,0.0,0
2026-05-09 18:01:09,1,1,0,0.0,0,0.0,0,0,0,0.0,0.0,0,0,0.0,0.0,0
2026-05-09 18:01:09,1,1,0,0.0,0,0.0,0,0,0,0.0,0.0,0,0,0.0,0.0,0
2026-05-09 18:01:10,1,1,0,0.0,0,0.0,0,0,0,0.0,0.0,0,0,0.0,0.0,0
2026-05-09 18:01:10,1,1,0,0.0,0,0.0,0,0,0,0.0,0.0,0,0,0.0,0.0,0
2026-05-09 18:01:10,1,1,0,0.0,0,0.0,0,0,0,0.0,0.0,0,0,0.0,0.0,0
2026-05-09 18:01:10,1,1,0,0.0,0,0.0,0,0,0,0.0,0.0,0,0,0.0,0.0,0
2026-05-09 18:01:10,1,1,0,0.0,0,0.0,0,0,0,0.0,0.0,0,0,0.0,0.0,0
2026-05-09 18:01:10,1,1,0,0.0,0,0.0,0,0,0,0.0,0.0,0,0,0.0,0.0,0
2026-05-09 18:01:10,1,1,0,0.0,0,0.0,0,0,0,0.0,0.0,0,0,0.0,0.0,0
2026-05-09 18:01:10,1,1,0,0.0,0,0.0,0,0,0,0.0,0.0,0,0,0.0,0.0,0
2026-05-09 18:01:10,1,1,0,0.0,0,0.0,0,0,0,0.0,0.0,0,0,0.0,0.0,0
2026-05-09 18:01:10,1,1,0,0.0,0,0.0,0,0,0,0.0,0.0,0,0,0.0,0.0,0
2026-05-09 18:01:10,1,1,0,0.0,0,0.0,0,0,0,0.0,0.0,0,0,0.0,0.0,0
2026-05-09 18:01:10,1,1,0,0.0,0,0.0,0,0,0,0.0,0.0,0,0,0.0,0.0,0
2026-05-09 18:01:10,1,1,0,0.0,0,0.0,0,0,0,0.0,0.0,0,0,0.0,0.0,0
2026-05-09 18:01:10,1,1,0,0.0,0,0.0,0,0,0,0.0,0.0,0,0,0.0,0.0,0
2026-05-09 18:01:10,1,1,0,0.0,0,0.0,0,0,0,0.0,0.0,0,0,0.0,0.0,0
2026-05-09 18:01:10,1,1,0,0.0,0,0.0,0,0,0,0.0,0.0,0,0,0.0,0.0,0
2026-05-09 18:01:10,1,1,0,0.0,0,0.0,0,0,0,0.0,0.0,0,0,0.0,0.0,0
2026-05-09 18:01:10,1,1,0,0.0,0,0.0,0,0,0,0.0,0.0,0,0,0.0,0.0,0
2026-05-09 18:01:10,1,1,0,0.0,0,0.0,0,0,0,0.0,0.0,0,0,0.0,0.0,0
2026-05-09 18:01:10,1,1,0,0.0,0,0.0,0,0,0,0.0,0.0,0,0,0.0,0.0,0
2026-05-09 18:01:11,1,1,0,0.0,0,0.0,0,0,0,0.0,0.0,0,0,0.0,0.0,0
2026-05-09 18:01:11,1,1,0,0.0,0,0.0,0,0,0,0.0,0.0,0,0,0.0,0.0,0
2026-05-09 18:01:11,1,1,0,0.0,0,0.0,0,0,0,0.0,0.0,0,0,0.0,0.0,0
2026-05-09 18:01:11,1,1,0,0.0,0,0.0,0,0,0,0.0,0.0,0,0,0.0,0.0,0
2026-05-09 18:01:11,1,1,0,0.0,0,0.0,0,0,0,0.0,0.0,0,0,0.0,0.0,0
2026-05-09 18:01:11,1,1,0,0.0,0,0.0,0,0,0,0.0,0.0,0,0,0.0,0.0,0
2026-05-09 18:01:11,1,1,0,0.0,0,0.0,0,0,0,0.0,0.0,0,0,0.0,0.0,0
2026-05-09 18:01:11,1,1,0,0.0,0,0.0,0,0,0,0.0,0.0,0,0,0.0,0.0,0
2026-05-09 18:01:11,1,1,0,0.0,0,0.0,0,0,0,0.0,0.0,0,0,0.0,0.0,0
2026-05-09 18:01:11,1,1,0,0.0,0,0.0,0,0,0,0.0,0.0,0,0,0.0,0.0,0
2026-05-09 18:01:11,1,1,0,0.0,0,0.0,0,0,0,0.0,0.0,0,0,0.0,0.0,0
2026-05-09 18:01:11,1,1,0,0.0,0,0.0,0,0,0,0.0,0.0,0,0,0.0,0.0,0
2026-05-09 18:01:11,1,1,0,0.0,0,0.0,0,0,0,0.0,0.0,0,0,0.0,0.0,0
2026-05-09 18:01:11,1,1,0,0.0,0,0.0,0,0,0,0.0,0.0,0,0,0.0,0.0,0
2026-05-09 18:01:11,1,1,0,0.0,0,0.0,0,0,0,0.0,0.0,0,0,0.0,0.0,0
2026-05-09 18:01:11,1,1,0,0.0,0,0.0,0,0,0,0.0,0.0,0,0,0.0,0.0,0
2026-05-09 18:01:11,1,1,0,0.0,0,0.0,0,0,0,0.0,0.0,0,0,0.0,0.0,0
2026-05-09 18:01:11,1,1,0,0.0,0,0.0,0,0,0,0.0,0.0,0,0,0.0,0.0,0
2026-05-09 18:01:11,1,1,0,0.0,0,0.0,0,0,0,0.0,0.0,0,0,0.0,0.0,0
2026-05-09 18:01:11,1,1,0,0.0,0,0.0,0,0,0,0.0,0.0,0,0,0.0,0.0,0
2026-05-09 18:01:12,1,1,0,0.0,0,0.0,0,0,0,0.0,0.0,0,0,0.0,0.0,0
2026-05-09 18:01:12,1,1,0,0.0,0,0.0,0,0,0,0.0,0.0,0,0,0.0,0.0,0
2026-05-09 18:01:12,1,1,0,0.0,0,0.0,0,0,0,0.0,0.0,0,0,0.0,0.0,0
2026-05-09 18:01:12,1,1,0,0.0,0,0.0,0,0,0,0.0,0.0,0,0,0.0,0.0,0
2026-05-09 18:01:12,1,1,0,0.0,0,0.0,0,0,0,0.0,0.0,0,0,0.0,0.0,0
2026-05-09 18:01:12,1,1,0,0.0,0,0.0,0,0,0,0.0,0.0,0,0,0.0,0.0,0
2026-05-09 18:01:12,1,1,0,0.0,0,0.0,0,0,0,0.0,0.0,0,0,0.0,0.0,0
2026-05-09 18:01:12,1,1,0,0.0,0,0.0,0,0,0,0.0,0.0,0,0,0.0,0.0,0
2026-05-09 18:01:12,1,1,0,0.0,0,0.0,0,0,0,0.0,0.0,0,0,0.0,0.0,0
2026-05-09 18:01:12,1,1,0,0.0,0,0.0,0,0,0,0.0,0.0,0,0,0.0,0.0,0
2026-05-09 18:01:12,1,1,0,0.0,0,0.0,0,0,0,0.0,0.0,0,0,0.0,0.0,0
2026-05-09 18:01:12,1,1,0,0.0,0,0.0,0,0,0,0.0,0.0,0,0,0.0,0.0,0
2026-05-09 18:01:12,1,1,0,0.0,0,0.0,0,0,0,0.0,0.0,0,0,0.0,0.0,0
2026-05-09 18:01:12,1,1,0,0.0,0,0.0,0,0,0,0.0,0.0,0,0,0.0,0.0,0
2026-05-09 18:01:12,1,1,0,0.0,0,0.0,0,0,0,0.0,0.0,0,0,0.0,0.0,0
2026-05-09 18:01:12,1,1,0,0.0,0,0.0,0,0,0,0.0,0.0,0,0,0.0,0.0,0
2026-05-09 18:01:12,1,1,0,0.0,0,0.0,0,0,0,0.0,0.0,0,0,0.0,0.0,0
2026-05-09 18:01:12,1,1,0,0.0,0,0.0,0,0,0,0.0,0.0,0,0,0.0,0.0,0
2026-05-09 18:01:12,1,1,0,0.0,0,0.0,0,0,0,0.0,0.0,0,0,0.0,0.0,0
2026-05-09 18:01:12,1,1,0,0.0,0,0.0,0,0,0,0.0,0.0,0,0,0.0,0.0,0
2026-05-09 18:01:13,1,1,0,0.0,0,0.0,0,0,0,0.0,0.0,0,0,0.0,0.0,0
2026-05-09 18:01:13,1,1,0,0.0,0,0.0,0,0,0,0.0,0.0,0,0,0.0,0.0,0
2026-05-09 18:01:13,1,1,0,0.0,0,0.0,0,0,0,0.0,0.0,0,0,0.0,0.0,0
2026-05-09 18:01:13,1,1,0,0.0,0,0.0,0,0,0,0.0,0.0,0,0,0.0,0.0,0
2026-05-09 18:01:13,1,1,0,0.0,0,0.0,0,0,0,0.0,0.0,0,0,0.0,0.0,0
2026-05-09 18:01:13,1,1,0,0.0,0,0.0,0,0,0,0.0,0.0,0,0,0.0,0.0,0
2026-05-09 18:01:13,1,1,0,0.0,0,0.0,0,0,0,0.0,0.0,0,0,0.0,0.0,0
2026-05-09 18:01:13,1,1,0,0.0,0,0.0,0,0,0,0.0,0.0,0,0,0.0,0.0,0
2026-05-09 18:01:13,1,1,0,0.0,0,0.0,0,0,0,0.0,0.0,0,0,0.0,0.0,0
2026-05-09 18:01:13,1,1,0,0.0,0,0.0,0,0,0,0.0,0.0,0,0,0.0,0.0,0
2026-05-09 18:01:13,1,1,0,0.0,0,0.0,0,0,0,0.0,0.0,0,0,0.0,0.0,0
2026-05-09 18:01:13,1,1,0,0.0,0,0.0,0,0,0,0.0,0.0,0,0,0.0,0.0,0
2026-05-09 18:01:13,1,1,0,0.0,0,0.0,0,0,0,0.0,0.0,0,0,0.0,0.0,0
2026-05-09 18:01:13,1,1,0,0.0,0,0.0,0,0,0,0.0,0.0,0,0,0.0,0.0,0
2026-05-09 18:01:13,1,1,0,0.0,0,0.0,0,0,0,0.0,0.0,0,0,0.0,0.0,0
2026-05-09 18:01:13,1,1,0,0.0,0,0.0,0,0,0,0.0,0.0,0,0,0.0,0.0,0
2026-05-09 18:01:13,1,1,0,0.0,0,0.0,0,0,0,0.0,0.0,0,0,0.0,0.0,0
2026-05-09 18:01:13,1,1,0,0.0,0,0.0,0,0,0,0.0,0.0,0,0,0.0,0.0,0
2026-05-09 18:01:13,1,1,0,0.0,0,0.0,0,0,0,0.0,0.0,0,0,0.0,0.0,0
2026-05-09 18:01:13,1,1,0,0.0,0,0.0,0,0,0,0.0,0.0,0,0,0.0,0.0,0
2026-05-09 18:01:14,1,1,0,0.0,0,0.0,0,0,0,0.0,0.0,0,0,0.0,0.0,0
2026-05-09 18:01:14,1,1,0,0.0,0,0.0,0,0,0,0.0,0.0,0,0,0.0,0.0,0
2026-05-09 18:01:14,1,1,0,0.0,0,0.0,0,0,0,0.0,0.0,0,0,0.0,0.0,0
2026-05-09 18:01:14,1,1,0,0.0,0,0.0,0,0,0,0.0,0.0,0,0,0.0,0.0,0
2026-05-09 18:01:14,1,1,0,0.0,0,0.0,0,0,0,0.0,0.0,0,0,0.0,0.0,0
2026-05-09 18:01:14,1,1,0,0.0,0,0.0,0,0,0,0.0,0.0,0,0,0.0,0.0,0
2026-05-09 18:01:14,1,1,0,0.0,0,0.0,0,0,0,0.0,0.0,0,0,0.0,0.0,0
2026-05-09 18:01:14,1,1,0,0.0,0,0.0,0,0,0,0.0,0.0,0,0,0.0,0.0,0
2026-05-09 18:01:14,1,1,0,0.0,0,0.0,0,0,0,0.0,0.0,0,0,0.0,0.0,0
2026-05-09 18:01:14,1,1,0,0.0,0,0.0,0,0,0,0.0,0.0,0,0,0.0,0.0,0
2026-05-09 18:01:14,1,1,0,0.0,0,0.0,0,0,0,0.0,0.0,0,0,0.0,0.0,0
2026-05-09 18:01:14,1,1,0,0.0,0,0.0,0,0,0,0.0,0.0,0,0,0.0,0.0,0
2026-05-09 18:01:14,1,1,0,0.0,0,0.0,0,0,0,0.0,0.0,0,0,0.0,0.0,0
2026-05-09 18:01:14,1,1,0,0.0,0,0.0,0,0,0,0.0,0.0,0,0,0.0,0.0,0
2026-05-09 18:01:14,1,1,0,0.0,0,0.0,0,0,0,0.0,0.0,0,0,0.0,0.0,0
2026-05-09 18:01:14,1,1,0,0.0,0,0.0,0,0,0,0.0,0.0,0,0,0.0,0.0,0
2026-05-09 18:01:14,1,1,0,0.0,0,0.0,0,0,0,0.0,0.0,0,0,0.0,0.0,0
2026-05-09 18:01:14,1,1,0,0.0,0,0.0,0,0,0,0.0,0.0,0,0,0.0,0.0,0
2026-05-09 18:01:14,1,1,0,0.0,0,0.0,0,0,0,0.0,0.0,0,0,0.0,0.0,0
2026-05-09 18:01:14,1,1,0,0.0,0,0.0,0,0,0,0.0,0.0,0,0,0.0,0.0,0
2026-05-09 18:01:15,1,1,0,0.0,0,0.0,0,0,0,0.0,0.0,0,0,0.0,0.0,0
2026-05-09 18:01:15,1,1,0,0.0,0,0.0,0,0,0,0.0,0.0,0,0,0.0,0.0,0
2026-05-09 18:01:15,1,1,0,0.0,0,0.0,0,0,0,0.0,0.0,0,0,0.0,0.0,0
2026-05-09 18:01:15,1,1,0,0.0,0,0.0,0,0,0,0.0,0.0,0,0,0.0,0.0,0
2026-05-09 18:01:15,1,1,0,0.0,0,0.0,0,0,0,0.0,0.0,0,0,0.0,0.0,0
2026-05-09 18:01:15,1,1,0,0.0,0,0.0,0,0,0,0.0,0.0,0,0,0.0,0.0,0
2026-05-09 18:01:15,1,1,0,0.0,0,0.0,0,0,0,0.0,0.0,0,0,0.0,0.0,0
2026-05-09 18:01:15,1,1,0,0.0,0,0.0,0,0,0,0.0,0.0,0,0,0.0,0.0,0
2026-05-09 18:01:15,1,1,0,0.0,0,0.0,0,0,0,0.0,0.0,0,0,0.0,0.0,0
2026-05-09 18:01:15,1,1,0,0.0,0,0.0,0,0,0,0.0,0.0,0,0,0.0,0.0,0
2026-05-09 18:01:15,1,1,0,0.0,0,0.0,0,0,0,0.0,0.0,0,0,0.0,0.0,0
2026-05-09 18:01:15,1,1,0,0.0,0,0.0,0,0,0,0.0,0.0,0,0,0.0,0.0,0
2026-05-09 18:01:15,1,1,0,0.0,0,0.0,0,0,0,0.0,0.0,0,0,0.0,0.0,0
2026-05-09 18:01:15,1,1,0,0.0,0,0.0,0,0,0,0.0,0.0,0,0,0.0,0.0,0
2026-05-09 18:01:15,1,1,0,0.0,0,0.0,0,0,0,0.0,0.0,0,0,0.0,0.0,0
2026-05-09 18:01:15,1,1,0,0.0,0,0.0,0,0,0,0.0,0.0,0,0,0.0,0.0,0
2026-05-09 18:01:15,1,1,0,0.0,0,0.0,0,0,0,0.0,0.0,0,0,0.0,0.0,0
2026-05-09 18:01:15,1,1,0,0.0,0,0.0,0,0,0,0.0,0.0,0,0,0.0,0.0,0
2026-05-09 18:01:15,1,1,0,0.0,0,0.0,0,0,0,0.0,0.0,0,0,0.0,0.0,0
2026-05-09 18:01:15,1,1,0,0.0,0,0.0,0,0,0,0.0,0.0,0,0,0.0,0.0,0
2026-05-09 18:01:16,1,1,0,0.0,0,0.0,0,0,0,0.0,0.0,0,0,0.0,0.0,0
2026-05-09 18:01:16,1,1,0,0.0,0,0.0,0,0,0,0.0,0.0,0,0,0.0,0.0,0
2026-05-09 18:01:16,1,1,0,0.0,0,0.0,0,0,0,0.0,0.0,0,0,0.0,0.0,0
2026-05-09 18:01:16,1,1,0,0.0,0,0.0,0,0,0,0.0,0.0,0,0,0.0,0.0,0
2026-05-09 18:01:16,1,1,0,0.0,0,0.0,0,0,0,0.0,0.0,0,0,0.0,0.0,0
2026-05-09 18:01:16,1,1,0,0.0,0,0.0,0,0,0,0.0,0.0,0,0,0.0,0.0,0
2026-05-09 18:01:16,1,1,0,0.0,0,0.0,0,0,0,0.0,0.0,0,0,0.0,0.0,0
2026-05-09 18:01:16,1,1,0,0.0,0,0.0,0,0,0,0.0,0.0,0,0,0.0,0.0,0
2026-05-09 18:01:16,1,1,0,0.0,0,0.0,0,0,0,0.0,0.0,0,0,0.0,0.0,0
2026-05-09 18:01:16,1,1,0,0.0,0,0.0,0,0,0,0.0,0.0,0,0,0.0,0.0,0
2026-05-09 18:01:16,1,1,0,0.0,0,0.0,0,0,0,0.0,0.0,0,0,0.0,0.0,0
2026-05-09 18:01:16,1,1,0,0.0,0,0.0,0,0,0,0.0,0.0,0,0,0.0,0.0,0
2026-05-09 18:01:16,1,1,0,0.0,0,0.0,0,0,0,0.0,0.0,0,0,0.0,0.0,0
2026-05-09 18:01:16,1,1,0,0.0,0,0.0,0,0,0,0.0,0.0,0,0,0.0,0.0,0
2026-05-09 18:01:16,1,1,0,0.0,0,0.0,0,0,0,0.0,0.0,0,0,0.0,0.0,0
2026-05-09 18:01:16,1,1,0,0.0,0,0.0,0,0,0,0.0,0.0,0,0,0.0,0.0,0
2026-05-09 18:01:16,1,1,0,0.0,0,0.0,0,0,0,0.0,0.0,0,0,0.0,0.0,0
2026-05-09 18:01:16,1,1,0,0.0,0,0.0,0,0,0,0.0,0.0,0,0,0.0,0.0,0
2026-05-09 18:01:16,1,1,0,0.0,0,0.0,0,0,0,0.0,0.0,0,0,0.0,0.0,0
2026-05-09 18:01:16,1,1,0,0.0,0,0.0,0,0,0,0.0,0.0,0,0,0.0,0.0,0
2026-05-09 18:01:17,1,1,0,0.0,0,0.0,0,0,0,0.0,0.0,0,0,0.0,0.0,0
2026-05-09 18:01:17,1,1,0,0.0,0,0.0,0,0,0,0.0,0.0,0,0,0.0,0.0,0
2026-05-09 18:01:17,1,1,0,0.0,0,0.0,0,0,0,0.0,0.0,0,0,0.0,0.0,0
2026-05-09 18:01:17,1,1,0,0.0,0,0.0,0,0,0,0.0,0.0,0,0,0.0,0.0,0
2026-05-09 18:01:17,1,1,0,0.0,0,0.0,0,0,0,0.0,0.0,0,0,0.0,0.0,0
2026-05-09 18:01:17,1,1,0,0.0,0,0.0,0,0,0,0.0,0.0,0,0,0.0,0.0,0
2026-05-09 18:01:17,1,1,0,0.0,0,0.0,0,0,0,0.0,0.0,0,0,0.0,0.0,0
2026-05-09 18:01:17,1,1,0,0.0,0,0.0,0,0,0,0.0,0.0,0,0,0.0,0.0,0
2026-05-09 18:01:17,1,1,0,0.0,0,0.0,0,0,0,0.0,0.0,0,0,0.0,0.0,0
2026-05-09 18:01:17,1,1,0,0.0,0,0.0,0,0,0,0.0,0.0,0,0,0.0,0.0,0
2026-05-09 18:01:17,1,1,0,0.0,0,0.0,0,0,0,0.0,0.0,0,0,0.0,0.0,0
2026-05-09 18:01:17,1,1,0,0.0,0,0.0,0,0,0,0.0,0.0,0,0,0.0,0.0,0
2026-05-09 18:01:17,1,1,0,0.0,0,0.0,0,0,0,0.0,0.0,0,0,0.0,0.0,0
2026-05-09 18:01:17,1,1,0,0.0,0,0.0,0,0,0,0.0,0.0,0,0,0.0,0.0,0
2026-05-09 18:01:17,1,1,0,0.0,0,0.0,0,0,0,0.0,0.0,0,0,0.0,0.0,0
2026-05-09 18:01:17,1,1,0,0.0,0,0.0,0,0,0,0.0,0.0,0,0,0.0,0.0,0
2026-05-09 18:01:17,1,1,0,0.0,0,0.0,0,0,0,0.0,0.0,0,0,0.0,0.0,0
2026-05-09 18:01:17,1,1,0,0.0,0,0.0,0,0,0,0.0,0.0,0,0,0.0,0.0,0
2026-05-09 18:01:17,1,1,0,0.0,0,0.0,0,0,0,0.0,0.0,0,0,0.0,0.0,0
2026-05-09 18:01:17,1,1,0,0.0,0,0.0,0,0,0,0.0,0.0,0,0,0.0,0.0,0
2026-05-09 18:01:18,1,1,0,0.0,0,0.0,0,0,0,0.0,0.0,0,0,0.0,0.0,0
2026-05-09 18:01:18,1,1,0,0.0,0,0.0,0,0,0,0.0,0.0,0,0,0.0,0.0,0
2026-05-09 18:01:18,1,1,0,0.0,0,0.0,0,0,0,0.0,0.0,0,0,0.0,0.0,0
2026-05-09 18:01:18,1,1,0,0.0,0,0.0,0,0,0,0.0,0.0,0,0,0.0,0.0,0
2026-05-09 18:01:18,1,1,0,0.0,0,0.0,0,0,0,0.0,0.0,0,0,0.0,0.0,0
2026-05-09 18:01:18,1,1,0,0.0,0,0.0,0,0,0,0.0,0.0,0,0,0.0,0.0,0
2026-05-09 18:01:18,1,1,0,0.0,0,0.0,0,0,0,0.0,0.0,0,0,0.0,0.0,0
2026-05-09 18:01:18,1,1,0,0.0,0,0.0,0,0,0,0.0,0.0,0,0,0.0,0.0,0
2026-05-09 18:01:18,1,1,0,0.0,0,0.0,0,0,0,0.0,0.0,0,0,0.0,0.0,0
2026-05-09 18:01:18,1,1,0,0.0,0,0.0,0,0,0,0.0,0.0,0,0,0.0,0.0,0
2026-05-09 18:01:18,1,1,0,0.0,0,0.0,0,0,0,0.0,0.0,0,0,0.0,0.0,0
2026-05-09 18:01:18,1,1,0,0.0,0,0.0,0,0,0,0.0,0.0,0,0,0.0,0.0,0
2026-05-09 18:01:18,1,1,0,0.0,0,0.0,0,0,0,0.0,0.0,0,0,0.0,0.0,0
2026-05-09 18:01:18,1,1,0,0.0,0,0.0,0,0,0,0.0,0.0,0,0,0.0,0.0,0
2026-05-09 18:01:18,1,1,0,0.0,0,0.0,0,0,0,0.0,0.0,0,0,0.0,0.0,0
2026-05-09 18:01:18,1,1,0,0.0,0,0.0,0,0,0,0.0,0.0,0,0,0.0,0.0,0
2026-05-09 18:01:18,1,1,0,0.0,0,0.0,0,0,0,0.0,0.0,0,0,0.0,0.0,0
2026-05-09 18:01:18,1,1,0,0.0,0,0.0,0,0,0,0.0,0.0,0,0,0.0,0.0,0
2026-05-09 18:01:18,1,1,0,0.0,0,0.0,0,0,0,0.0,0.0,0,0,0.0,0.0,0
2026-05-09 18:01:18,1,1,0,0.0,0,0.0,0,0,0,0.0,0.0,0,0,0.0,0.0,0
2026-05-09 18:01:19,1,1,0,0.0,0,0.0,0,0,0,0.0,0.0,0,0,0.0,0.0,0
2026-05-09 18:01:19,1,1,0,0.0,0,0.0,0,0,0,0.0,0.0,0,0,0.0,0.0,0
2026-05-09 18:01:19,1,1,0,0.0,0,0.0,0,0,0,0.0,0.0,0,0,0.0,0.0,0
2026-05-09 18:01:19,1,1,0,0.0,0,0.0,0,0,0,0.0,0.0,0,0,0.0,0.0,0
2026-05-09 18:01:19,1,1,0,0.0,0,0.0,0,0,0,0.0,0.0,0,0,0.0,0.0,0
2026-05-09 18:01:19,1,1,0,0.0,0,0.0,0,0,0,0.0,0.0,0,0,0.0,0.0,0
2026-05-09 18:01:19,1,1,0,0.0,0,0.0,0,0,0,0.0,0.0,0,0,0.0,0.0,0
2026-05-09 18:01:19,1,1,0,0.0,0,0.0,0,0,0,0.0,0.0,0,0,0.0,0.0,0
2026-05-09 18:01:19,1,1,0,0.0,0,0.0,0,0,0,0.0,0.0,0,0,0.0,0.0,0
2026-05-09 18:01:19,1,1,0,0.0,0,0.0,0,0,0,0.0,0.0,0,0,0.0,0.0,0
2026-05-09 18:01:19,1,1,0,0.0,0,0.0,0,0,0,0.0,0.0,0,0,0.0,0.0,0
2026-05-09 18:01:19,1,1,0,0.0,0,0.0,0,0,0,0.0,0.0,0,0,0.0,0.0,0
2026-05-09 18:01:19,1,1,0,0.0,0,0.0,0,0,0,0.0,0.0,0,0,0.0,0.0,0
2026-05-09 18:01:19,1,1,0,0.0,0,0.0,0,0,0,0.0,0.0,0,0,0.0,0.0,0
2026-05-09 18:01:19,1,1,0,0.0,0,0.0,0,0,0,0.0,0.0,0,0,0.0,0.0,0
2026-05-09 18:01:19,1,1,0,0.0,0,0.0,0,0,0,0.0,0.0,0,0,0.0,0.0,0
2026-05-09 18:01:19,1,1,0,0.0,0,0.0,0,0,0,0.0,0.0,0,0,0.0,0.0,0
2026-05-09 18:01:19,1,1,0,0.0,0,0.0,0,0,0,0.0,0.0,0,0,0.0,0.0,0
2026-05-09 18:01:19,1,1,0,0.0,0,0.0,0,0,0,0.0,0.0,0,0,0.0,0.0,0
2026-05-09 18:01:19,1,1,0,0.0,0,0.0,0,0,0,0.0,0.0,0,0,0.0,0.0,0
2026-05-09 18:01:20,1,1,0,0.0,0,0.0,0,0,0,0.0,0.0,0,0,0.0,0.0,0
2026-05-09 18:01:20,1,1,0,0.0,0,0.0,0,0,0,0.0,0.0,0,0,0.0,0.0,0
2026-05-09 18:01:20,1,1,0,0.0,0,0.0,0,0,0,0.0,0.0,0,0,0.0,0.0,0
2026-05-09 18:01:20,1,1,0,0.0,0,0.0,0,0,0,0.0,0.0,0,0,0.0,0.0,0
2026-05-09 18:01:20,1,1,0,0.0,0,0.0,0,0,0,0.0,0.0,0,0,0.0,0.0,0
2026-05-09 18:01:20,1,1,0,0.0,0,0.0,0,0,0,0.0,0.0,0,0,0.0,0.0,0
2026-05-09 18:01:20,1,1,0,0.0,0,0.0,0,0,0,0.0,0.0,0,0,0.0,0.0,0
2026-05-09 18:01:20,1,1,0,0.0,0,0.0,0,0,0,0.0,0.0,0,0,0.0,0.0,0
2026-05-09 18:01:20,1,1,0,0.0,0,0.0,0,0,0,0.0,0.0,0,0,0.0,0.0,0
2026-05-09 18:01:20,1,1,0,0.0,0,0.0,0,0,0,0.0,0.0,0,0,0.0,0.0,0
2026-05-09 18:01:20,1,1,0,0.0,0,0.0,0,0,0,0.0,0.0,0,0,0.0,0.0,0
2026-05-09 18:01:20,1,1,0,0.0,0,0.0,0,0,0,0.0,0.0,0,0,0.0,0.0,0
2026-05-09 18:01:20,1,1,0,0.0,0,0.0,0,0,0,0.0,0.0,0,0,0.0,0.0,0
2026-05-09 18:01:20,1,1,0,0.0,0,0.0,0,0,0,0.0,0.0,0,0,0.0,0.0,0
2026-05-09 18:01:20,1,1,0,0.0,0,0.0,0,0,0,0.0,0.0,0,0,0.0,0.0,0
2026-05-09 18:01:20,1,1,0,0.0,0,0.0,0,0,0,0.0,0.0,0,0,0.0,0.0,0
2026-05-09 18:01:20,1,1,0,0.0,0,0.0,0,0,0,0.0,0.0,0,0,0.0,0.0,0
2026-05-09 18:01:20,1,1,0,0.0,0,0.0,0,0,0,0.0,0.0,0,0,0.0,0.0,0
2026-05-09 18:01:20,1,1,0,0.0,0,0.0,0,0,0,0.0,0.0,0,0,0.0,0.0,0
2026-05-09 18:01:20,1,1,0,0.0,0,0.0,0,0,0,0.0,0.0,0,0,0.0,0.0,0
2026-05-09 18:01:21,1,1,0,0.0,0,0.0,0,0,0,0.0,0.0,0,0,0.0,0.0,0
2026-05-09 18:01:21,1,1,0,0.0,0,0.0,0,0,0,0.0,0.0,0,0,0.0,0.0,0
2026-05-09 18:01:21,1,1,0,0.0,0,0.0,0,0,0,0.0,0.0,0,0,0.0,0.0,0
2026-05-09 18:01:21,1,1,0,0.0,0,0.0,0,0,0,0.0,0.0,0,0,0.0,0.0,0
2026-05-09 18:01:21,1,1,0,0.0,0,0.0,0,0,0,0.0,0.0,0,0,0.0,0.0,0
2026-05-09 18:01:21,1,1,0,0.0,0,0.0,0,0,0,0.0,0.0,0,0,0.0,0.0,0
2026-05-09 18:01:21,1,1,0,0.0,0,0.0,0,0,0,0.0,0.0,0,0,0.0,0.0,0
2026-05-09 18:01:21,1,1,0,0.0,0,0.0,0,0,0,0.0,0.0,0,0,0.0,0.0,0
2026-05-09 18:01:21,1,1,0,0.0,0,0.0,0,0,0,0.0,0.0,0,0,0.0,0.0,0
2026-05-09 18:01:21,1,1,0,0.0,0,0.0,0,0,0,0.0,0.0,0,0,0.0,0.0,0
2026-05-09 18:01:21,1,1,0,0.0,0,0.0,0,0,0,0.0,0.0,0,0,0.0,0.0,0
2026-05-09 18:01:21,1,1,0,0.0,0,0.0,0,0,0,0.0,0.0,0,0,0.0,0.0,0
2026-05-09 18:01:21,1,1,0,0.0,0,0.0,0,0,0,0.0,0.0,0,0,0.0,0.0,0
2026-05-09 18:01:21,1,1,0,0.0,0,0.0,0,0,0,0.0,0.0,0,0,0.0,0.0,0
2026-05-09 18:01:21,1,1,0,0.0,0,0.0,0,0,0,0.0,0.0,0,0,0.0,0.0,0
2026-05-09 18:01:21,1,1,0,0.0,0,0.0,0,0,0,0.0,0.0,0,0,0.0,0.0,0
2026-05-09 18:01:21,1,1,0,0.0,0,0.0,0,0,0,0.0,0.0,0,0,0.0,0.0,0
2026-05-09 18:01:21,1,1,0,0.0,0,0.0,0,0,0,0.0,0.0,0,0,0.0,0.0,0
2026-05-09 18:01:21,1,1,0,0.0,0,0.0,0,0,0,0.0,0.0,0,0,0.0,0.0,0
2026-05-09 18:01:21,1,1,0,0.0,0,0.0,0,0,0,0.0,0.0,0,0,0.0,0.0,0
2026-05-09 18:01:22,1,1,0,0.0,0,0.0,0,0,0,0.0,0.0,0,0,0.0,0.0,0
2026-05-09 18:01:22,1,1,0,0.0,0,0.0,0,0,0,0.0,0.0,0,0,0.0,0.0,0
2026-05-09 18:01:22,1,1,0,0.0,0,0.0,0,0,0,0.0,0.0,0,0,0.0,0.0,0
2026-05-09 18:01:22,1,1,0,0.0,0,0.0,0,0,0,0.0,0.0,0,0,0.0,0.0,0
2026-05-09 18:01:22,1,1,0,0.0,0,0.0,0,0,0,0.0,0.0,0,0,0.0,0.0,0
2026-05-09 18:01:22,1,1,0,0.0,0,0.0,0,0,0,0.0,0.0,0,0,0.0,0.0,0
2026-05-09 18:01:22,1,1,0,0.0,0,0.0,0,0,0,0.0,0.0,0,0,0.0,0.0,0
2026-05-09 18:01:22,1,1,0,0.0,0,0.0,0,0,0,0.0,0.0,0,0,0.0,0.0,0
2026-05-09 18:01:22,1,1,0,0.0,0,0.0,0,0,0,0.0,0.0,0,0,0.0,0.0,0
2026-05-09 18:01:22,1,1,0,0.0,0,0.0,0,0,0,0.0,0.0,0,0,0.0,0.0,0
2026-05-09 18:01:22,1,1,0,0.0,0,0.0,0,0,0,0.0,0.0,0,0,0.0,0.0,0
2026-05-09 18:01:22,1,1,0,0.0,0,0.0,0,0,0,0.0,0.0,0,0,0.0,0.0,0
2026-05-09 18:01:22,1,1,0,0.0,0,0.0,0,0,0,0.0,0.0,0,0,0.0,0.0,0
2026-05-09 18:01:22,1,1,0,0.0,0,0.0,0,0,0,0.0,0.0,0,0,0.0,0.0,0
2026-05-09 18:01:22,1,1,0,0.0,0,0.0,0,0,0,0.0,0.0,0,0,0.0,0.0,0
2026-05-09 18:01:22,1,1,0,0.0,0,0.0,0,0,0,0.0,0.0,0,0,0.0,0.0,0
2026-05-09 18:01:22,1,1,0,0.0,0,0.0,0,0,0,0.0,0.0,0,0,0.0,0.0,0
2026-05-09 18:01:22,1,1,0,0.0,0,0.0,0,0,0,0.0,0.0,0,0,0.0,0.0,0
2026-05-09 18:01:22,1,1,0,0.0,0,0.0,0,0,0,0.0,0.0,0,0,0.0,0.0,0
2026-05-09 18:01:22,1,1,0,0.0,0,0.0,0,0,0,0.0,0.0,0,0,0.0,0.0,0
2026-05-09 18:01:23,1,1,0,0.0,0,0.0,0,0,0,0.0,0.0,0,0,0.0,0.0,0
2026-05-09 18:01:23,1,1,0,0.0,0,0.0,0,0,0,0.0,0.0,0,0,0.0,0.0,0
2026-05-09 18:01:23,1,1,0,0.0,0,0.0,0,0,0,0.0,0.0,0,0,0.0,0.0,0
2026-05-09 18:01:23,1,1,0,0.0,0,0.0,0,0,0,0.0,0.0,0,0,0.0,0.0,0
2026-05-09 18:01:23,1,1,0,0.0,0,0.0,0,0,0,0.0,0.0,0,0,0.0,0.0,0
2026-05-09 18:01:23,1,1,0,0.0,0,0.0,0,0,0,0.0,0.0,0,0,0.0,0.0,0
2026-05-09 18:01:23,1,1,0,0.0,0,0.0,0,0,0,0.0,0.0,0,0,0.0,0.0,0
2026-05-09 18:01:23,1,1,0,0.0,0,0.0,0,0,0,0.0,0.0,0,0,0.0,0.0,0
2026-05-09 18:01:23,1,1,0,0.0,0,0.0,0,0,0,0.0,0.0,0,0,0.0,0.0,0
2026-05-09 18:01:23,1,1,0,0.0,0,0.0,0,0,0,0.0,0.0,0,0,0.0,0.0,0
2026-05-09 18:01:23,1,1,0,0.0,0,0.0,0,0,0,0.0,0.0,0,0,0.0,0.0,0
2026-05-09 18:01:23,1,1,0,0.0,0,0.0,0,0,0,0.0,0.0,0,0,0.0,0.0,0
2026-05-09 18:01:23,1,1,0,0.0,0,0.0,0,0,0,0.0,0.0,0,0,0.0,0.0,0
2026-05-09 18:01:23,1,1,0,0.0,0,0.0,0,0,0,0.0,0.0,0,0,0.0,0.0,0
2026-05-09 18:01:23,1,1,0,0.0,0,0.0,0,0,0,0.0,0.0,0,0,0.0,0.0,0
2026-05-09 18:01:23,1,1,0,0.0,0,0.0,0,0,0,0.0,0.0,0,0,0.0,0.0,0
2026-05-09 18:01:23,1,1,0,0.0,0,0.0,0,0,0,0.0,0.0,0,0,0.0,0.0,0
2026-05-09 18:01:23,1,1,0,0.0,0,0.0,0,0,0,0.0,0.0,0,0,0.0,0.0,0
2026-05-09 18:01:23,1,1,0,0.0,0,0.0,0,0,0,0.0,0.0,0,0,0.0,0.0,0
2026-05-09 18:01:23,1,1,0,0.0,0,0.0,0,0,0,0.0,0.0,0,0,0.0,0.0,0
2026-05-09 18:01:24,1,1,0,0.0,0,0.0,0,0,0,0.0,0.0,0,0,0.0,0.0,0
2026-05-09 18:01:24,1,1,0,0.0,0,0.0,0,0,0,0.0,0.0,0,0,0.0,0.0,0
2026-05-09 18:01:24,1,1,0,0.0,0,0.0,0,0,0,0.0,0.0,0,0,0.0,0.0,0
2026-05-09 18:01:24,1,1,0,0.0,0,0.0,0,0,0,0.0,0.0,0,0,0.0,0.0,0
2026-05-09 18:01:24,1,1,0,0.0,0,0.0,0,0,0,0.0,0.0,0,0,0.0,0.0,0
2026-05-09 18:01:24,1,1,0,0.0,0,0.0,0,0,0,0.0,0.0,0,0,0.0,0.0,0
2026-05-09 18:01:24,1,1,0,0.0,0,0.0,0,0,0,0.0,0.0,0,0,0.0,0.0,0
2026-05-09 18:01:24,1,1,0,0.0,0,0.0,0,0,0,0.0,0.0,0,0,0.0,0.0,0
2026-05-09 18:01:24,1,1,0,0.0,0,0.0,0,0,0,0.0,0.0,0,0,0.0,0.0,0
2026-05-09 18:01:24,1,1,0,0.0,0,0.0,0,0,0,0.0,0.0,0,0,0.0,0.0,0
2026-05-09 18:01:24,1,1,0,0.0,0,0.0,0,0,0,0.0,0.0,0,0,0.0,0.0,0
2026-05-09 18:01:24,1,1,0,0.0,0,0.0,0,0,0,0.0,0.0,0,0,0.0,0.0,0
2026-05-09 18:01:24,1,1,0,0.0,0,0.0,0,0,0,0.0,0.0,0,0,0.0,0.0,0
2026-05-09 18:01:24,1,1,0,0.0,0,0.0,0,0,0,0.0,0.0,0,0,0.0,0.0,0
2026-05-09 18:01:24,1,1,0,0.0,0,0.0,0,0,0,0.0,0.0,0,0,0.0,0.0,0
2026-05-09 18:01:24,1,1,0,0.0,0,0.0,0,0,0,0.0,0.0,0,0,0.0,0.0,0
2026-05-09 18:01:24,1,1,0,0.0,0,0.0,0,0,0,0.0,0.0,0,0,0.0,0.0,0
2026-05-09 18:01:24,1,1,0,0.0,0,0.0,0,0,0,0.0,0.0,0,0,0.0,0.0,0
2026-05-09 18:01:24,1,1,0,0.0,0,0.0,0,0,0,0.0,0.0,0,0,0.0,0.0,0
2026-05-09 18:01:24,1,1,0,0.0,0,0.0,0,0,0,0.0,0.0,0,0,0.0,0.0,0
2026-05-09 18:01:25,1,1,0,0.0,0,0.0,0,0,0,0.0,0.0,0,0,0.0,0.0,0
2026-05-09 18:01:25,1,1,0,0.0,0,0.0,0,0,0,0.0,0.0,0,0,0.0,0.0,0
2026-05-09 18:01:25,1,1,0,0.0,0,0.0,0,0,0,0.0,0.0,0,0,0.0,0.0,0
2026-05-09 18:01:25,1,1,0,0.0,0,0.0,0,0,0,0.0,0.0,0,0,0.0,0.0,0
2026-05-09 18:01:25,1,1,0,0.0,0,0.0,0,0,0,0.0,0.0,0,0,0.0,0.0,0
2026-05-09 18:01:25,1,1,0,0.0,0,0.0,0,0,0,0.0,0.0,0,0,0.0,0.0,0
2026-05-09 18:01:25,1,1,0,0.0,0,0.0,0,0,0,0.0,0.0,0,0,0.0,0.0,0
2026-05-09 18:01:25,1,1,0,0.0,0,0.0,0,0,0,0.0,0.0,0,0,0.0,0.0,0
2026-05-09 18:01:25,1,1,0,0.0,0,0.0,0,0,0,0.0,0.0,0,0,0.0,0.0,0
2026-05-09 18:01:25,1,1,0,0.0,0,0.0,0,0,0,0.0,0.0,0,0,0.0,0.0,0
2026-05-09 18:01:25,1,1,0,0.0,0,0.0,0,0,0,0.0,0.0,0,0,0.0,0.0,0
2026-05-09 18:01:25,1,1,0,0.0,0,0.0,0,0,0,0.0,0.0,0,0,0.0,0.0,0
2026-05-09 18:01:25,1,1,0,0.0,0,0.0,0,0,0,0.0,0.0,0,0,0.0,0.0,0
2026-05-09 18:01:25,1,1,0,0.0,0,0.0,0,0,0,0.0,0.0,0,0,0.0,0.0,0
2026-05-09 18:01:25,1,1,0,0.0,0,0.0,0,0,0,0.0,0.0,0,0,0.0,0.0,0
2026-05-09 18:01:25,1,1,0,0.0,0,0.0,0,0,0,0.0,0.0,0,0,0.0,0.0,0
2026-05-09 18:01:25,1,1,0,0.0,0,0.0,0,0,0,0.0,0.0,0,0,0.0,0.0,0
2026-05-09 18:01:25,1,1,0,0.0,0,0.0,0,0,0,0.0,0.0,0,0,0.0,0.0,0
2026-05-09 18:01:25,1,1,0,0.0,0,0.0,0,0,0,0.0,0.0,0,0,0.0,0.0,0
2026-05-09 18:01:25,1,1,0,0.0,0,0.0,0,0,0,0.0,0.0,0,0,0.0,0.0,0
2026-05-09 18:01:26,1,1,0,0.0,0,0.0,0,0,0,0.0,0.0,0,0,0.0,0.0,0
2026-05-09 18:01:26,1,1,0,0.0,0,0.0,0,0,0,0.0,0.0,0,0,0.0,0.0,0
2026-05-09 18:01:26,1,1,0,0.0,0,0.0,0,0,0,0.0,0.0,0,0,0.0,0.0,0
2026-05-09 18:01:26,1,1,0,0.0,0,0.0,0,0,0,0.0,0.0,0,0,0.0,0.0,0
2026-05-09 18:01:26,1,1,0,0.0,0,0.0,0,0,0,0.0,0.0,0,0,0.0,0.0,0
2026-05-09 18:01:26,1,1,0,0.0,0,0.0,0,0,0,0.0,0.0,0,0,0.0,0.0,0
2026-05-09 18:01:26,1,1,0,0.0,0,0.0,0,0,0,0.0,0.0,0,0,0.0,0.0,0
2026-05-09 18:01:26,1,1,0,0.0,0,0.0,0,0,0,0.0,0.0,0,0,0.0,0.0,0
2026-05-09 18:01:26,1,1,0,0.0,0,0.0,0,0,0,0.0,0.0,0,0,0.0,0.0,0
2026-05-09 18:01:26,1,1,0,0.0,0,0.0,0,0,0,0.0,0.0,0,0,0.0,0.0,0
2026-05-09 18:01:26,1,1,0,0.0,0,0.0,0,0,0,0.0,0.0,0,0,0.0,0.0,0
2026-05-09 18:01:26,1,1,0,0.0,0,0.0,0,0,0,0.0,0.0,0,0,0.0,0.0,0
2026-05-09 18:01:26,1,1,0,0.0,0,0.0,0,0,0,0.0,0.0,0,0,0.0,0.0,0
2026-05-09 18:01:26,1,1,0,0.0,0,0.0,0,0,0,0.0,0.0,0,0,0.0,0.0,0
2026-05-09 18:01:26,1,1,0,0.0,0,0.0,0,0,0,0.0,0.0,0,0,0.0,0.0,0
2026-05-09 18:01:26,1,1,0,0.0,0,0.0,0,0,0,0.0,0.0,0,0,0.0,0.0,0
2026-05-09 18:01:26,1,1,0,0.0,0,0.0,0,0,0,0.0,0.0,0,0,0.0,0.0,0
2026-05-09 18:01:26,1,1,0,0.0,0,0.0,0,0,0,0.0,0.0,0,0,0.0,0.0,0
2026-05-09 18:01:26,1,1,0,0.0,0,0.0,0,0,0,0.0,0.0,0,0,0.0,0.0,0
2026-05-09 18:01:26,1,1,0,0.0,0,0.0,0,0,0,0.0,0.0,0,0,0.0,0.0,0
2026-05-09 18:01:27,1,1,0,0.0,0,0.0,0,0,0,0.0,0.0,0,0,0.0,0.0,0
2026-05-09 18:01:27,1,1,0,0.0,0,0.0,0,0,0,0.0,0.0,0,0,0.0,0.0,0
2026-05-09 18:01:27,1,1,0,0.0,0,0.0,0,0,0,0.0,0.0,0,0,0.0,0.0,0
2026-05-09 18:01:27,1,1,0,0.0,0,0.0,0,0,0,0.0,0.0,0,0,0.0,0.0,0
2026-05-09 18:01:27,1,1,0,0.0,0,0.0,0,0,0,0.0,0.0,0,0,0.0,0.0,0
2026-05-09 18:01:27,1,1,0,0.0,0,0.0,0,0,0,0.0,0.0,0,0,0.0,0.0,0
2026-05-09 18:01:27,1,1,0,0.0,0,0.0,0,0,0,0.0,0.0,0,0,0.0,0.0,0
2026-05-09 18:01:27,1,1,0,0.0,0,0.0,0,0,0,0.0,0.0,0,0,0.0,0.0,0
2026-05-09 18:01:27,1,1,0,0.0,0,0.0,0,0,0,0.0,0.0,0,0,0.0,0.0,0
2026-05-09 18:01:27,1,1,0,0.0,0,0.0,0,0,0,0.0,0.0,0,0,0.0,0.0,0
2026-05-09 18:01:27,1,1,0,0.0,0,0.0,0,0,0,0.0,0.0,0,0,0.0,0.0,0
2026-05-09 18:01:27,1,1,0,0.0,0,0.0,0,0,0,0.0,0.0,0,0,0.0,0.0,0
2026-05-09 18:01:27,1,1,0,0.0,0,0.0,0,0,0,0.0,0.0,0,0,0.0,0.0,0
2026-05-09 18:01:27,1,1,0,0.0,0,0.0,0,0,0,0.0,0.0,0,0,0.0,0.0,0
2026-05-09 18:01:27,1,1,0,0.0,0,0.0,0,0,0,0.0,0.0,0,0,0.0,0.0,0
2026-05-09 18:01:27,1,1,0,0.0,0,0.0,0,0,0,0.0,0.0,0,0,0.0,0.0,0
2026-05-09 18:01:27,1,1,0,0.0,0,0.0,0,0,0,0.0,0.0,0,0,0.0,0.0,0
2026-05-09 18:01:27,1,1,0,0.0,0,0.0,0,0,0,0.0,0.0,0,0,0.0,0.0,0
2026-05-09 18:01:27,1,1,0,0.0,0,0.0,0,0,0,0.0,0.0,0,0,0.0,0.0,0
2026-05-09 18:01:27,1,1,0,0.0,0,0.0,0,0,0,0.0,0.0,0,0,0.0,0.0,0
2026-05-09 18:01:28,1,1,0,0.0,0,0.0,0,0,0,0.0,0.0,0,0,0.0,0.0,0
2026-05-09 18:01:28,1,1,0,0.0,0,0.0,0,0,0,0.0,0.0,0,0,0.0,0.0,0
2026-05-09 18:01:28,1,1,0,0.0,0,0.0,0,0,0,0.0,0.0,0,0,0.0,0.0,0
2026-05-09 18:01:28,1,1,0,0.0,0,0.0,0,0,0,0.0,0.0,0,0,0.0,0.0,0
2026-05-09 18:01:28,1,1,0,0.0,0,0.0,0,0,0,0.0,0.0,0,0,0.0,0.0,0
2026-05-09 18:01:28,1,1,0,0.0,0,0.0,0,0,0,0.0,0.0,0,0,0.0,0.0,0
2026-05-09 18:01:28,1,1,0,0.0,0,0.0,0,0,0,0.0,0.0,0,0,0.0,0.0,0
2026-05-09 18:01:28,1,1,0,0.0,0,0.0,0,0,0,0.0,0.0,0,0,0.0,0.0,0
2026-05-09 18:01:28,1,1,0,0.0,0,0.0,0,0,0,0.0,0.0,0,0,0.0,0.0,0
2026-05-09 18:01:28,1,1,0,0.0,0,0.0,0,0,0,0.0,0.0,0,0,0.0,0.0,0
2026-05-09 18:01:28,1,1,0,0.0,0,0.0,0,0,0,0.0,0.0,0,0,0.0,0.0,0
2026-05-09 18:01:28,1,1,0,0.0,0,0.0,0,0,0,0.0,0.0,0,0,0.0,0.0,0
2026-05-09 18:01:28,1,1,0,0.0,0,0.0,0,0,0,0.0,0.0,0,0,0.0,0.0,0
2026-05-09 18:01:28,1,1,0,0.0,0,0.0,0,0,0,0.0,0.0,0,0,0.0,0.0,0
2026-05-09 18:01:28,1,1,0,0.0,0,0.0,0,0,0,0.0,0.0,0,0,0.0,0.0,0
2026-05-09 18:01:28,1,1,0,0.0,0,0.0,0,0,0,0.0,0.0,0,0,0.0,0.0,0
2026-05-09 18:01:28,1,1,0,0.0,0,0.0,0,0,0,0.0,0.0,0,0,0.0,0.0,0
2026-05-09 18:01:28,1,1,0,0.0,0,0.0,0,0,0,0.0,0.0,0,0,0.0,0.0,0
2026-05-09 18:01:28,1,1,0,0.0,0,0.0,0,0,0,0.0,0.0,0,0,0.0,0.0,0
2026-05-09 18:01:28,1,1,0,0.0,0,0.0,0,0,0,0.0,0.0,0,0,0.0,0.0,0
2026-05-09 18:01:29,1,1,0,0.0,0,0.0,0,0,0,0.0,0.0,0,0,0.0,0.0,0
2026-05-09 18:01:29,1,1,0,0.0,0,0.0,0,0,0,0.0,0.0,0,0,0.0,0.0,0
2026-05-09 18:01:29,1,1,0,0.0,0,0.0,0,0,0,0.0,0.0,0,0,0.0,0.0,0
2026-05-09 18:01:29,1,1,0,0.0,0,0.0,0,0,0,0.0,0.0,0,0,0.0,0.0,0
2026-05-09 18:01:29,1,1,0,0.0,0,0.0,0,0,0,0.0,0.0,0,0,0.0,0.0,0
2026-05-09 18:01:29,1,1,0,0.0,0,0.0,0,0,0,0.0,0.0,0,0,0.0,0.0,0
2026-05-09 18:01:29,1,1,0,0.0,0,0.0,0,0,0,0.0,0.0,0,0,0.0,0.0,0
2026-05-09 18:01:29,1,1,0,0.0,0,0.0,0,0,0,0.0,0.0,0,0,0.0,0.0,0
2026-05-09 18:01:29,1,1,0,0.0,0,0.0,0,0,0,0.0,0.0,0,0,0.0,0.0,0
2026-05-09 18:01:29,1,1,0,0.0,0,0.0,0,0,0,0.0,0.0,0,0,0.0,0.0,0
2026-05-09 18:01:29,1,1,0,0.0,0,0.0,0,0,0,0.0,0.0,0,0,0.0,0.0,0
2026-05-09 18:01:29,1,1,0,0.0,0,0.0,0,0,0,0.0,0.0,0,0,0.0,0.0,0
2026-05-09 18:01:29,1,1,0,0.0,0,0.0,0,0,0,0.0,0.0,0,0,0.0,0.0,0
2026-05-09 18:01:29,1,1,0,0.0,0,0.0,0,0,0,0.0,0.0,0,0,0.0,0.0,0
2026-05-09 18:01:29,1,1,0,0.0,0,0.0,0,0,0,0.0,0.0,0,0,0.0,0.0,0
2026-05-09 18:01:29,1,1,0,0.0,0,0.0,0,0,0,0.0,0.0,0,0,0.0,0.0,0
2026-05-09 18:01:29,1,1,0,0.0,0,0.0,0,0,0,0.0,0.0,0,0,0.0,0.0,0
2026-05-09 18:01:29,1,1,0,0.0,0,0.0,0,0,0,0.0,0.0,0,0,0.0,0.0,0
2026-05-09 18:01:29,1,1,0,0.0,0,0.0,0,0,0,0.0,0.0,0,0,0.0,0.0,0
2026-05-09 18:01:29,1,1,0,0.0,0,0.0,0,0,0,0.0,0.0,0,0,0.0,0.0,0
2026-05-09 18:01:30,1,1,0,0.0,0,0.0,0,0,0,0.0,0.0,0,0,0.0,0.0,0
2026-05-09 18:01:30,1,1,0,0.0,0,0.0,0,0,0,0.0,0.0,0,0,0.0,0.0,0
2026-05-09 18:01:30,1,1,0,0.0,0,0.0,0,0,0,0.0,0.0,0,0,0.0,0.0,0
2026-05-09 18:01:30,1,1,0,0.0,0,0.0,0,0,0,0.0,0.0,0,0,0.0,0.0,0
2026-05-09 18:01:30,1,1,0,0.0,0,0.0,0,0,0,0.0,0.0,0,0,0.0,0.0,0
2026-05-09 18:01:30,1,1,0,0.0,0,0.0,0,0,0,0.0,0.0,0,0,0.0,0.0,0
2026-05-09 18:01:30,1,1,0,0.0,0,0.0,0,0,0,0.0,0.0,0,0,0.0,0.0,0
2026-05-09 18:01:30,1,1,0,0.0,0,0.0,0,0,0,0.0,0.0,0,0,0.0,0.0,0
2026-05-09 18:01:30,1,1,0,0.0,0,0.0,0,0,0,0.0,0.0,0,0,0.0,0.0,0
2026-05-09 18:01:30,1,1,0,0.0,0,0.0,0,0,0,0.0,0.0,0,0,0.0,0.0,0
2026-05-09 18:01:30,1,1,0,0.0,0,0.0,0,0,0,0.0,0.0,0,0,0.0,0.0,0
2026-05-09 18:01:30,1,1,0,0.0,0,0.0,0,0,0,0.0,0.0,0,0,0.0,0.0,0
2026-05-09 18:01:30,1,1,0,0.0,0,0.0,0,0,0,0.0,0.0,0,0,0.0,0.0,0
2026-05-09 18:01:30,1,1,0,0.0,0,0.0,0,0,0,0.0,0.0,0,0,0.0,0.0,0
2026-05-09 18:01:30,1,1,0,0.0,0,0.0,0,0,0,0.0,0.0,0,0,0.0,0.0,0
2026-05-09 18:01:30,1,1,0,0.0,0,0.0,0,0,0,0.0,0.0,0,0,0.0,0.0,0
2026-05-09 18:01:30,1,1,0,0.0,0,0.0,0,0,0,0.0,0.0,0,0,0.0,0.0,0
2026-05-09 18:01:30,1,1,0,0.0,0,0.0,0,0,0,0.0,0.0,0,0,0.0,0.0,0
2026-05-09 18:01:30,1,1,0,0.0,0,0.0,0,0,0,0.0,0.0,0,0,0.0,0.0,0
2026-05-09 18:01:30,1,1,0,0.0,0,0.0,0,0,0,0.0,0.0,0,0,0.0,0.0,0
2026-05-09 18:01:31,1,1,0,0.0,0,0.0,0,0,0,0.0,0.0,0,0,0.0,0.0,0
2026-05-09 18:01:31,1,1,0,0.0,0,0.0,0,0,0,0.0,0.0,0,0,0.0,0.0,0
2026-05-09 18:01:31,1,1,0,0.0,0,0.0,0,0,0,0.0,0.0,0,0,0.0,0.0,0
2026-05-09 18:01:31,1,1,0,0.0,0,0.0,0,0,0,0.0,0.0,0,0,0.0,0.0,0
2026-05-09 18:01:31,1,1,0,0.0,0,0.0,0,0,0,0.0,0.0,0,0,0.0,0.0,0
2026-05-09 18:01:31,1,1,0,0.0,0,0.0,0,0,0,0.0,0.0,0,0,0.0,0.0,0
2026-05-09 18:01:31,1,1,0,0.0,0,0.0,0,0,0,0.0,0.0,0,0,0.0,0.0,0
2026-05-09 18:01:31,1,1,0,0.0,0,0.0,0,0,0,0.0,0.0,0,0,0.0,0.0,0
2026-05-09 18:01:31,1,1,0,0.0,0,0.0,0,0,0,0.0,0.0,0,0,0.0,0.0,0
2026-05-09 18:01:31,1,1,0,0.0,0,0.0,0,0,0,0.0,0.0,0,0,0.0,0.0,0
2026-05-09 18:01:31,1,1,0,0.0,0,0.0,0,0,0,0.0,0.0,0,0,0.0,0.0,0
2026-05-09 18:01:31,1,1,0,0.0,0,0.0,0,0,0,0.0,0.0,0,0,0.0,0.0,0
2026-05-09 18:01:31,1,1,0,0.0,0,0.0,0,0,0,0.0,0.0,0,0,0.0,0.0,0
2026-05-09 18:01:31,1,1,0,0.0,0,0.0,0,0,0,0.0,0.0,0,0,0.0,0.0,0
2026-05-09 18:01:31,1,1,0,0.0,0,0.0,0,0,0,0.0,0.0,0,0,0.0,0.0,0
2026-05-09 18:01:31,1,1,0,0.0,0,0.0,0,0,0,0.0,0.0,0,0,0.0,0.0,0
2026-05-09 18:01:31,1,1,0,0.0,0,0.0,0,0,0,0.0,0.0,0,0,0.0,0.0,0
2026-05-09 18:01:31,1,1,0,0.0,0,0.0,0,0,0,0.0,0.0,0,0,0.0,0.0,0
2026-05-09 18:01:31,1,1,0,0.0,0,0.0,0,0,0,0.0,0.0,0,0,0.0,0.0,0
2026-05-09 18:01:31,1,1,0,0.0,0,0.0,0,0,0,0.0,0.0,0,0,0.0,0.0,0
2026-05-09 18:01:32,1,1,0,0.0,0,0.0,0,0,0,0.0,0.0,0,0,0.0,0.0,0
2026-05-09 18:01:32,1,1,0,0.0,0,0.0,0,0,0,0.0,0.0,0,0,0.0,0.0,0
2026-05-09 18:01:32,1,1,0,0.0,0,0.0,0,0,0,0.0,0.0,0,0,0.0,0.0,0
2026-05-09 18:01:32,1,1,0,0.0,0,0.0,0,0,0,0.0,0.0,0,0,0.0,0.0,0
2026-05-09 18:01:32,1,1,0,0.0,0,0.0,0,0,0,0.0,0.0,0,0,0.0,0.0,0
2026-05-09 18:01:32,1,1,0,0.0,0,0.0,0,0,0,0.0,0.0,0,0,0.0,0.0,0
2026-05-09 18:01:32,1,1,0,0.0,0,0.0,0,0,0,0.0,0.0,0,0,0.0,0.0,0
2026-05-09 18:01:32,1,1,0,0.0,0,0.0,0,0,0,0.0,0.0,0,0,0.0,0.0,0
2026-05-09 18:01:32,1,1,0,0.0,0,0.0,0,0,0,0.0,0.0,0,0,0.0,0.0,0
2026-05-09 18:01:32,1,1,0,0.0,0,0.0,0,0,0,0.0,0.0,0,0,0.0,0.0,0
2026-05-09 18:01:32,1,1,0,0.0,0,0.0,0,0,0,0.0,0.0,0,0,0.0,0.0,0
2026-05-09 18:01:32,1,1,0,0.0,0,0.0,0,0,0,0.0,0.0,0,0,0.0,0.0,0
2026-05-09 18:01:32,1,1,0,0.0,0,0.0,0,0,0,0.0,0.0,0,0,0.0,0.0,0
2026-05-09 18:01:32,1,1,0,0.0,0,0.0,0,0,0,0.0,0.0,0,0,0.0,0.0,0
2026-05-09 18:01:32,1,1,0,0.0,0,0.0,0,0,0,0.0,0.0,0,0,0.0,0.0,0
2026-05-09 18:01:32,1,1,0,0.0,0,0.0,0,0,0,0.0,0.0,0,0,0.0,0.0,0
2026-05-09 18:01:32,1,1,0,0.0,0,0.0,0,0,0,0.0,0.0,0,0,0.0,0.0,0
2026-05-09 18:01:32,1,1,0,0.0,0,0.0,0,0,0,0.0,0.0,0,0,0.0,0.0,0
2026-05-09 18:01:32,1,1,0,0.0,0,0.0,0,0,0,0.0,0.0,0,0,0.0,0.0,0
2026-05-09 18:01:32,1,1,0,0.0,0,0.0,0,0,0,0.0,0.0,0,0,0.0,0.0,0
2026-05-09 18:01:33,1,1,0,0.0,0,0.0,0,0,0,0.0,0.0,0,0,0.0,0.0,0
2026-05-09 18:01:33,1,1,0,0.0,0,0.0,0,0,0,0.0,0.0,0,0,0.0,0.0,0
2026-05-09 18:01:33,1,1,0,0.0,0,0.0,0,0,0,0.0,0.0,0,0,0.0,0.0,0
2026-05-09 18:01:33,1,1,0,0.0,0,0.0,0,0,0,0.0,0.0,0,0,0.0,0.0,0
2026-05-09 18:01:33,1,1,0,0.0,0,0.0,0,0,0,0.0,0.0,0,0,0.0,0.0,0
2026-05-09 18:01:33,1,1,0,0.0,0,0.0,0,0,0,0.0,0.0,0,0,0.0,0.0,0
2026-05-09 18:01:33,1,1,0,0.0,0,0.0,0,0,0,0.0,0.0,0,0,0.0,0.0,0
2026-05-09 18:01:33,1,1,0,0.0,0,0.0,0,0,0,0.0,0.0,0,0,0.0,0.0,0
2026-05-09 18:01:33,1,1,0,0.0,0,0.0,0,0,0,0.0,0.0,0,0,0.0,0.0,0
2026-05-09 18:01:33,1,1,0,0.0,0,0.0,0,0,0,0.0,0.0,0,0,0.0,0.0,0
2026-05-09 18:01:33,1,1,0,0.0,0,0.0,0,0,0,0.0,0.0,0,0,0.0,0.0,0
2026-05-09 18:01:33,1,1,0,0.0,0,0.0,0,0,0,0.0,0.0,0,0,0.0,0.0,0
2026-05-09 18:01:33,1,1,0,0.0,0,0.0,0,0,0,0.0,0.0,0,0,0.0,0.0,0
2026-05-09 18:01:33,1,1,0,0.0,0,0.0,0,0,0,0.0,0.0,0,0,0.0,0.0,0
2026-05-09 18:01:33,1,1,0,0.0,0,0.0,0,0,0,0.0,0.0,0,0,0.0,0.0,0
2026-05-09 18:01:33,1,1,0,0.0,0,0.0,0,0,0,0.0,0.0,0,0,0.0,0.0,0
2026-05-09 18:01:33,1,1,0,0.0,0,0.0,0,0,0,0.0,0.0,0,0,0.0,0.0,0
2026-05-09 18:01:33,1,1,0,0.0,0,0.0,0,0,0,0.0,0.0,0,0,0.0,0.0,0
2026-05-09 18:01:33,1,1,0,0.0,0,0.0,0,0,0,0.0,0.0,0,0,0.0,0.0,0
2026-05-09 18:01:33,1,1,0,0.0,0,0.0,0,0,0,0.0,0.0,0,0,0.0,0.0,0
2026-05-09 18:01:34,1,1,0,0.0,0,0.0,0,0,0,0.0,0.0,0,0,0.0,0.0,0
2026-05-09 18:01:34,1,1,0,0.0,0,0.0,0,0,0,0.0,0.0,0,0,0.0,0.0,0
2026-05-09 18:01:34,1,1,0,0.0,0,0.0,0,0,0,0.0,0.0,0,0,0.0,0.0,0
2026-05-09 18:01:34,1,1,0,0.0,0,0.0,0,0,0,0.0,0.0,0,0,0.0,0.0,0
2026-05-09 18:01:34,1,1,0,0.0,0,0.0,0,0,0,0.0,0.0,0,0,0.0,0.0,0
2026-05-09 18:01:34,1,1,0,0.0,0,0.0,0,0,0,0.0,0.0,0,0,0.0,0.0,0
2026-05-09 18:01:34,1,1,0,0.0,0,0.0,0,0,0,0.0,0.0,0,0,0.0,0.0,0
2026-05-09 18:01:34,1,1,0,0.0,0,0.0,0,0,0,0.0,0.0,0,0,0.0,0.0,0
2026-05-09 18:01:34,1,1,0,0.0,0,0.0,0,0,0,0.0,0.0,0,0,0.0,0.0,0
2026-05-09 18:01:34,1,1,0,0.0,0,0.0,0,0,0,0.0,0.0,0,0,0.0,0.0,0
2026-05-09 18:01:34,1,1,0,0.0,0,0.0,0,0,0,0.0,0.0,0,0,0.0,0.0,0
2026-05-09 18:01:34,1,1,0,0.0,0,0.0,0,0,0,0.0,0.0,0,0,0.0,0.0,0
2026-05-09 18:01:34,1,1,0,0.0,0,0.0,0,0,0,0.0,0.0,0,0,0.0,0.0,0
2026-05-09 18:01:34,1,1,0,0.0,0,0.0,0,0,0,0.0,0.0,0,0,0.0,0.0,0
2026-05-09 18:01:34,1,1,0,0.0,0,0.0,0,0,0,0.0,0.0,0,0,0.0,0.0,0
2026-05-09 18:01:34,1,1,0,0.0,0,0.0,0,0,0,0.0,0.0,0,0,0.0,0.0,0
2026-05-09 18:01:34,1,1,0,0.0,0,0.0,0,0,0,0.0,0.0,0,0,0.0,0.0,0
2026-05-09 18:01:34,1,1,0,0.0,0,0.0,0,0,0,0.0,0.0,0,0,0.0,0.0,0
2026-05-09 18:01:34,1,1,0,0.0,0,0.0,0,0,0,0.0,0.0,0,0,0.0,0.0,0
2026-05-09 18:01:34,1,1,0,0.0,0,0.0,0,0,0,0.0,0.0,0,0,0.0,0.0,0
2026-05-09 18:01:35,1,1,0,0.0,0,0.0,0,0,0,0.0,0.0,0,0,0.0,0.0,0
2026-05-09 18:01:35,1,1,0,0.0,0,0.0,0,0,0,0.0,0.0,0,0,0.0,0.0,0
2026-05-09 18:01:35,1,1,0,0.0,0,0.0,0,0,0,0.0,0.0,0,0,0.0,0.0,0
2026-05-09 18:01:35,1,1,0,0.0,0,0.0,0,0,0,0.0,0.0,0,0,0.0,0.0,0
2026-05-09 18:01:35,1,1,0,0.0,0,0.0,0,0,0,0.0,0.0,0,0,0.0,0.0,0
2026-05-09 18:01:35,1,1,0,0.0,0,0.0,0,0,0,0.0,0.0,0,0,0.0,0.0,0
2026-05-09 18:01:35,1,1,0,0.0,0,0.0,0,0,0,0.0,0.0,0,0,0.0,0.0,0
2026-05-09 18:01:35,1,1,0,0.0,0,0.0,0,0,0,0.0,0.0,0,0,0.0,0.0,0
2026-05-09 18:01:35,1,1,0,0.0,0,0.0,0,0,0,0.0,0.0,0,0,0.0,0.0,0
2026-05-09 18:01:35,1,1,0,0.0,0,0.0,0,0,0,0.0,0.0,0,0,0.0,0.0,0
2026-05-09 18:01:35,1,1,0,0.0,0,0.0,0,0,0,0.0,0.0,0,0,0.0,0.0,0
2026-05-09 18:01:35,1,1,0,0.0,0,0.0,0,0,0,0.0,0.0,0,0,0.0,0.0,0
2026-05-09 18:01:35,1,1,0,0.0,0,0.0,0,0,0,0.0,0.0,0,0,0.0,0.0,0
2026-05-09 18:01:35,1,1,0,0.0,0,0.0,0,0,0,0.0,0.0,0,0,0.0,0.0,0
2026-05-09 18:01:35,1,1,0,0.0,0,0.0,0,0,0,0.0,0.0,0,0,0.0,0.0,0
2026-05-09 18:01:35,1,1,0,0.0,0,0.0,0,0,0,0.0,0.0,0,0,0.0,0.0,0
2026-05-09 18:01:35,1,1,0,0.0,0,0.0,0,0,0,0.0,0.0,0,0,0.0,0.0,0
2026-05-09 18:01:35,1,1,0,0.0,0,0.0,0,0,0,0.0,0.0,0,0,0.0,0.0,0
2026-05-09 18:01:35,1,1,0,0.0,0,0.0,0,0,0,0.0,0.0,0,0,0.0,0.0,0
2026-05-09 18:01:35,1,1,0,0.0,0,0.0,0,0,0,0.0,0.0,0,0,0.0,0.0,0
2026-05-09 18:01:36,1,1,0,0.0,0,0.0,0,0,0,0.0,0.0,0,0,0.0,0.0,0
2026-05-09 18:01:36,1,1,0,0.0,0,0.0,0,0,0,0.0,0.0,0,0,0.0,0.0,0
2026-05-09 18:01:36,1,1,0,0.0,0,0.0,0,0,0,0.0,0.0,0,0,0.0,0.0,0
2026-05-09 18:01:36,1,1,0,0.0,0,0.0,0,0,0,0.0,0.0,0,0,0.0,0.0,0
2026-05-09 18:01:36,1,1,0,0.0,0,0.0,0,0,0,0.0,0.0,0,0,0.0,0.0,0
2026-05-09 18:01:36,1,1,0,0.0,0,0.0,0,0,0,0.0,0.0,0,0,0.0,0.0,0
2026-05-09 18:01:36,1,1,0,0.0,0,0.0,0,0,0,0.0,0.0,0,0,0.0,0.0,0
2026-05-09 18:01:36,1,1,0,0.0,0,0.0,0,0,0,0.0,0.0,0,0,0.0,0.0,0
2026-05-09 18:01:36,1,1,0,0.0,0,0.0,0,0,0,0.0,0.0,0,0,0.0,0.0,0
2026-05-09 18:01:36,1,1,0,0.0,0,0.0,0,0,0,0.0,0.0,0,0,0.0,0.0,0
2026-05-09 18:01:36,1,1,0,0.0,0,0.0,0,0,0,0.0,0.0,0,0,0.0,0.0,0
2026-05-09 18:01:36,1,1,0,0.0,0,0.0,0,0,0,0.0,0.0,0,0,0.0,0.0,0
2026-05-09 18:01:36,1,1,0,0.0,0,0.0,0,0,0,0.0,0.0,0,0,0.0,0.0,0
2026-05-09 18:01:36,1,1,0,0.0,0,0.0,0,0,0,0.0,0.0,0,0,0.0,0.0,0
2026-05-09 18:01:36,1,1,0,0.0,0,0.0,0,0,0,0.0,0.0,0,0,0.0,0.0,0
2026-05-09 18:01:36,1,1,0,0.0,0,0.0,0,0,0,0.0,0.0,0,0,0.0,0.0,0
2026-05-09 18:01:36,1,1,0,0.0,0,0.0,0,0,0,0.0,0.0,0,0,0.0,0.0,0
2026-05-09 18:01:36,1,1,0,0.0,0,0.0,0,0,0,0.0,0.0,0,0,0.0,0.0,0
2026-05-09 18:01:36,1,1,0,0.0,0,0.0,0,0,0,0.0,0.0,0,0,0.0,0.0,0
2026-05-09 18:01:36,1,1,0,0.0,0,0.0,0,0,0,0.0,0.0,0,0,0.0,0.0,0
2026-05-09 18:01:37,1,1,0,0.0,0,0.0,0,0,0,0.0,0.0,0,0,0.0,0.0,0
2026-05-09 18:01:37,1,1,0,0.0,0,0.0,0,0,0,0.0,0.0,0,0,0.0,0.0,0
2026-05-09 18:01:37,1,1,0,0.0,0,0.0,0,0,0,0.0,0.0,0,0,0.0,0.0,0
2026-05-09 18:01:37,1,1,0,0.0,0,0.0,0,0,0,0.0,0.0,0,0,0.0,0.0,0
2026-05-09 18:01:37,1,1,0,0.0,0,0.0,0,0,0,0.0,0.0,0,0,0.0,0.0,0
2026-05-09 18:01:37,1,1,0,0.0,0,0.0,0,0,0,0.0,0.0,0,0,0.0,0.0,0
2026-05-09 18:01:37,1,1,0,0.0,0,0.0,0,0,0,0.0,0.0,0,0,0.0,0.0,0
2026-05-09 18:01:37,1,1,0,0.0,0,0.0,0,0,0,0.0,0.0,0,0,0.0,0.0,0
2026-05-09 18:01:37,1,1,0,0.0,0,0.0,0,0,0,0.0,0.0,0,0,0.0,0.0,0
2026-05-09 18:01:37,1,1,0,0.0,0,0.0,0,0,0,0.0,0.0,0,0,0.0,0.0,0
2026-05-09 18:01:37,1,1,0,0.0,0,0.0,0,0,0,0.0,0.0,0,0,0.0,0.0,0
2026-05-09 18:01:37,1,1,0,0.0,0,0.0,0,0,0,0.0,0.0,0,0,0.0,0.0,0
2026-05-09 18:01:37,1,1,0,0.0,0,0.0,0,0,0,0.0,0.0,0,0,0.0,0.0,0
2026-05-09 18:01:37,1,1,0,0.0,0,0.0,0,0,0,0.0,0.0,0,0,0.0,0.0,0
2026-05-09 18:01:37,1,1,0,0.0,0,0.0,0,0,0,0.0,0.0,0,0,0.0,0.0,0
2026-05-09 18:01:37,1,1,0,0.0,0,0.0,0,0,0,0.0,0.0,0,0,0.0,0.0,0
2026-05-09 18:01:37,1,1,0,0.0,0,0.0,0,0,0,0.0,0.0,0,0,0.0,0.0,0
2026-05-09 18:01:37,1,1,0,0.0,0,0.0,0,0,0,0.0,0.0,0,0,0.0,0.0,0
2026-05-09 18:01:37,1,1,0,0.0,0,0.0,0,0,0,0.0,0.0,0,0,0.0,0.0,0
2026-05-09 18:01:37,1,1,0,0.0,0,0.0,0,0,0,0.0,0.0,0,0,0.0,0.0,0
2026-05-09 18:01:38,1,1,0,0.0,0,0.0,0,0,0,0.0,0.0,0,0,0.0,0.0,0
2026-05-09 18:01:38,1,1,0,0.0,0,0.0,0,0,0,0.0,0.0,0,0,0.0,0.0,0
2026-05-09 18:01:38,1,1,0,0.0,0,0.0,0,0,0,0.0,0.0,0,0,0.0,0.0,0
2026-05-09 18:01:38,1,1,0,0.0,0,0.0,0,0,0,0.0,0.0,0,0,0.0,0.0,0
2026-05-09 18:01:38,1,1,0,0.0,0,0.0,0,0,0,0.0,0.0,0,0,0.0,0.0,0
2026-05-09 18:01:38,1,1,0,0.0,0,0.0,0,0,0,0.0,0.0,0,0,0.0,0.0,0
2026-05-09 18:01:38,1,1,0,0.0,0,0.0,0,0,0,0.0,0.0,0,0,0.0,0.0,0
2026-05-09 18:01:38,1,1,0,0.0,0,0.0,0,0,0,0.0,0.0,0,0,0.0,0.0,0
2026-05-09 18:01:38,1,1,0,0.0,0,0.0,0,0,0,0.0,0.0,0,0,0.0,0.0,0
2026-05-09 18:01:38,1,1,0,0.0,0,0.0,0,0,0,0.0,0.0,0,0,0.0,0.0,0
2026-05-09 18:01:38,1,1,0,0.0,0,0.0,0,0,0,0.0,0.0,0,0,0.0,0.0,0
2026-05-09 18:01:38,1,1,0,0.0,0,0.0,0,0,0,0.0,0.0,0,0,0.0,0.0,0
2026-05-09 18:01:38,1,1,0,0.0,0,0.0,0,0,0,0.0,0.0,0,0,0.0,0.0,0
2026-05-09 18:01:38,1,1,0,0.0,0,0.0,0,0,0,0.0,0.0,0,0,0.0,0.0,0
2026-05-09 18:01:38,1,1,0,0.0,0,0.0,0,0,0,0.0,0.0,0,0,0.0,0.0,0
2026-05-09 18:01:38,1,1,0,0.0,0,0.0,0,0,0,0.0,0.0,0,0,0.0,0.0,0
2026-05-09 18:01:38,1,1,0,0.0,0,0.0,0,0,0,0.0,0.0,0,0,0.0,0.0,0
2026-05-09 18:01:38,1,1,0,0.0,0,0.0,0,0,0,0.0,0.0,0,0,0.0,0.0,0
2026-05-09 18:01:38,1,1,0,0.0,0,0.0,0,0,0,0.0,0.0,0,0,0.0,0.0,0
2026-05-09 18:01:38,1,1,0,0.0,0,0.0,0,0,0,0.0,0.0,0,0,0.0,0.0,0
2026-05-09 18:01:39,1,1,0,0.0,0,0.0,0,0,0,0.0,0.0,0,0,0.0,0.0,0
2026-05-09 18:01:39,1,1,0,0.0,0,0.0,0,0,0,0.0,0.0,0,0,0.0,0.0,0
2026-05-09 18:01:39,1,1,0,0.0,0,0.0,0,0,0,0.0,0.0,0,0,0.0,0.0,0
2026-05-09 18:01:39,1,1,0,0.0,0,0.0,0,0,0,0.0,0.0,0,0,0.0,0.0,0
2026-05-09 18:01:39,1,1,0,0.0,0,0.0,0,0,0,0.0,0.0,0,0,0.0,0.0,0
2026-05-09 18:01:39,1,1,0,0.0,0,0.0,0,0,0,0.0,0.0,0,0,0.0,0.0,0
2026-05-09 18:01:39,1,1,0,0.0,0,0.0,0,0,0,0.0,0.0,0,0,0.0,0.0,0
2026-05-09 18:01:39,1,1,0,0.0,0,0.0,0,0,0,0.0,0.0,0,0,0.0,0.0,0
2026-05-09 18:01:39,1,1,0,0.0,0,0.0,0,0,0,0.0,0.0,0,0,0.0,0.0,0
2026-05-09 18:01:39,1,1,0,0.0,0,0.0,0,0,0,0.0,0.0,0,0,0.0,0.0,0
2026-05-09 18:01:39,1,1,0,0.0,0,0.0,0,0,0,0.0,0.0,0,0,0.0,0.0,0
2026-05-09 18:01:39,1,1,0,0.0,0,0.0,0,0,0,0.0,0.0,0,0,0.0,0.0,0
2026-05-09 18:01:39,1,1,0,0.0,0,0.0,0,0,0,0.0,0.0,0,0,0.0,0.0,0
2026-05-09 18:01:39,1,1,0,0.0,0,0.0,0,0,0,0.0,0.0,0,0,0.0,0.0,0
2026-05-09 18:01:39,1,1,0,0.0,0,0.0,0,0,0,0.0,0.0,0,0,0.0,0.0,0
2026-05-09 18:01:39,1,1,0,0.0,0,0.0,0,0,0,0.0,0.0,0,0,0.0,0.0,0
2026-05-09 18:01:39,1,1,0,0.0,0,0.0,0,0,0,0.0,0.0,0,0,0.0,0.0,0
2026-05-09 18:01:39,1,1,0,0.0,0,0.0,0,0,0,0.0,0.0,0,0,0.0,0.0,0
2026-05-09 18:01:39,1,1,0,0.0,0,0.0,0,0,0,0.0,0.0,0,0,0.0,0.0,0
2026-05-09 18:01:39,1,1,0,0.0,0,0.0,0,0,0,0.0,0.0,0,0,0.0,0.0,0
2026-05-09 18:01:40,1,1,0,0.0,0,0.0,0,0,0,0.0,0.0,0,0,0.0,0.0,0
2026-05-09 18:01:40,1,1,0,0.0,0,0.0,0,0,0,0.0,0.0,0,0,0.0,0.0,0
2026-05-09 18:01:40,1,1,0,0.0,0,0.0,0,0,0,0.0,0.0,0,0,0.0,0.0,0
2026-05-09 18:01:40,1,1,0,0.0,0,0.0,0,0,0,0.0,0.0,0,0,0.0,0.0,0
2026-05-09 18:01:40,1,1,0,0.0,0,0.0,0,0,0,0.0,0.0,0,0,0.0,0.0,0
2026-05-09 18:01:40,1,1,0,0.0,0,0.0,0,0,0,0.0,0.0,0,0,0.0,0.0,0
2026-05-09 18:01:40,1,1,0,0.0,0,0.0,0,0,0,0.0,0.0,0,0,0.0,0.0,0
2026-05-09 18:01:40,1,1,0,0.0,0,0.0,0,0,0,0.0,0.0,0,0,0.0,0.0,0
2026-05-09 18:01:40,1,1,0,0.0,0,0.0,0,0,0,0.0,0.0,0,0,0.0,0.0,0
2026-05-09 18:01:40,1,1,0,0.0,0,0.0,0,0,0,0.0,0.0,0,0,0.0,0.0,0
2026-05-09 18:01:40,1,1,0,0.0,0,0.0,0,0,0,0.0,0.0,0,0,0.0,0.0,0
2026-05-09 18:01:40,1,1,0,0.0,0,0.0,0,0,0,0.0,0.0,0,0,0.0,0.0,0
2026-05-09 18:01:40,1,1,0,0.0,0,0.0,0,0,0,0.0,0.0,0,0,0.0,0.0,0
2026-05-09 18:01:40,1,1,0,0.0,0,0.0,0,0,0,0.0,0.0,0,0,0.0,0.0,0
2026-05-09 18:01:40,1,1,0,0.0,0,0.0,0,0,0,0.0,0.0,0,0,0.0,0.0,0
2026-05-09 18:01:40,1,1,0,0.0,0,0.0,0,0,0,0.0,0.0,0,0,0.0,0.0,0
2026-05-09 18:01:40,1,1,0,0.0,0,0.0,0,0,0,0.0,0.0,0,0,0.0,0.0,0
2026-05-09 18:01:40,1,1,0,0.0,0,0.0,0,0,0,0.0,0.0,0,0,0.0,0.0,0
2026-05-09 18:01:40,1,1,0,0.0,0,0.0,0,0,0,0.0,0.0,0,0,0.0,0.0,0
2026-05-09 18:01:40,1,1,0,0.0,0,0.0,0,0,0,0.0,0.0,0,0,0.0,0.0,0
2026-05-09 18:01:41,1,1,0,0.0,0,0.0,0,0,0,0.0,0.0,0,0,0.0,0.0,0
2026-05-09 18:01:41,1,1,0,0.0,0,0.0,0,0,0,0.0,0.0,0,0,0.0,0.0,0
2026-05-09 18:01:41,1,1,0,0.0,0,0.0,0,0,0,0.0,0.0,0,0,0.0,0.0,0
2026-05-09 18:01:41,1,1,0,0.0,0,0.0,0,0,0,0.0,0.0,0,0,0.0,0.0,0
2026-05-09 18:01:41,1,1,0,0.0,0,0.0,0,0,0,0.0,0.0,0,0,0.0,0.0,0
2026-05-09 18:01:41,1,1,0,0.0,0,0.0,0,0,0,0.0,0.0,0,0,0.0,0.0,0
2026-05-09 18:01:41,1,1,0,0.0,0,0.0,0,0,0,0.0,0.0,0,0,0.0,0.0,0
2026-05-09 18:01:41,1,1,0,0.0,0,0.0,0,0,0,0.0,0.0,0,0,0.0,0.0,0
2026-05-09 18:01:41,1,1,0,0.0,0,0.0,0,0,0,0.0,0.0,0,0,0.0,0.0,0
2026-05-09 18:01:41,1,1,0,0.0,0,0.0,0,0,0,0.0,0.0,0,0,0.0,0.0,0
2026-05-09 18:01:41,1,1,0,0.0,0,0.0,0,0,0,0.0,0.0,0,0,0.0,0.0,0
2026-05-09 18:01:41,1,1,0,0.0,0,0.0,0,0,0,0.0,0.0,0,0,0.0,0.0,0
2026-05-09 18:01:41,1,1,0,0.0,0,0.0,0,0,0,0.0,0.0,0,0,0.0,0.0,0
2026-05-09 18:01:41,1,1,0,0.0,0,0.0,0,0,0,0.0,0.0,0,0,0.0,0.0,0
2026-05-09 18:01:41,1,1,0,0.0,0,0.0,0,0,0,0.0,0.0,0,0,0.0,0.0,0
2026-05-09 18:01:41,1,1,0,0.0,0,0.0,0,0,0,0.0,0.0,0,0,0.0,0.0,0
2026-05-09 18:01:41,1,1,0,0.0,0,0.0,0,0,0,0.0,0.0,0,0,0.0,0.0,0
2026-05-09 18:01:41,1,1,0,0.0,0,0.0,0,0,0,0.0,0.0,0,0,0.0,0.0,0
2026-05-09 18:01:41,1,1,0,0.0,0,0.0,0,0,0,0.0,0.0,0,0,0.0,0.0,0
2026-05-09 18:01:41,1,1,0,0.0,0,0.0,0,0,0,0.0,0.0,0,0,0.0,0.0,0
2026-05-09 18:01:42,1,1,0,0.0,0,0.0,0,0,0,0.0,0.0,0,0,0.0,0.0,0
2026-05-09 18:01:42,1,1,0,0.0,0,0.0,0,0,0,0.0,0.0,0,0,0.0,0.0,0
2026-05-09 18:01:42,1,1,0,0.0,0,0.0,0,0,0,0.0,0.0,0,0,0.0,0.0,0
2026-05-09 18:01:42,1,1,0,0.0,0,0.0,0,0,0,0.0,0.0,0,0,0.0,0.0,0
2026-05-09 18:01:42,1,1,0,0.0,0,0.0,0,0,0,0.0,0.0,0,0,0.0,0.0,0
2026-05-09 18:01:42,1,1,0,0.0,0,0.0,0,0,0,0.0,0.0,0,0,0.0,0.0,0
2026-05-09 18:01:42,1,1,0,0.0,0,0.0,0,0,0,0.0,0.0,0,0,0.0,0.0,0
2026-05-09 18:01:42,1,1,0,0.0,0,0.0,0,0,0,0.0,0.0,0,0,0.0,0.0,0
2026-05-09 18:01:42,1,1,0,0.0,0,0.0,0,0,0,0.0,0.0,0,0,0.0,0.0,0
2026-05-09 18:01:42,1,1,0,0.0,0,0.0,0,0,0,0.0,0.0,0,0,0.0,0.0,0
2026-05-09 18:01:42,1,1,0,0.0,0,0.0,0,0,0,0.0,0.0,0,0,0.0,0.0,0
2026-05-09 18:01:42,1,1,0,0.0,0,0.0,0,0,0,0.0,0.0,0,0,0.0,0.0,0
2026-05-09 18:01:42,1,1,0,0.0,0,0.0,0,0,0,0.0,0.0,0,0,0.0,0.0,0
2026-05-09 18:01:42,1,1,0,0.0,0,0.0,0,0,0,0.0,0.0,0,0,0.0,0.0,0
2026-05-09 18:01:42,1,1,0,0.0,0,0.0,0,0,0,0.0,0.0,0,0,0.0,0.0,0
2026-05-09 18:01:42,1,1,0,0.0,0,0.0,0,0,0,0.0,0.0,0,0,0.0,0.0,0
2026-05-09 18:01:42,1,1,0,0.0,0,0.0,0,0,0,0.0,0.0,0,0,0.0,0.0,0
2026-05-09 18:01:42,1,1,0,0.0,0,0.0,0,0,0,0.0,0.0,0,0,0.0,0.0,0
2026-05-09 18:01:42,1,1,0,0.0,0,0.0,0,0,0,0.0,0.0,0,0,0.0,0.0,0
2026-05-09 18:01:42,1,1,0,0.0,0,0.0,0,0,0,0.0,0.0,0,0,0.0,0.0,0
2026-05-09 18:01:43,1,1,0,0.0,0,0.0,0,0,0,0.0,0.0,0,0,0.0,0.0,0
2026-05-09 18:01:43,1,1,0,0.0,0,0.0,0,0,0,0.0,0.0,0,0,0.0,0.0,0
2026-05-09 18:01:43,1,1,0,0.0,0,0.0,0,0,0,0.0,0.0,0,0,0.0,0.0,0
2026-05-09 18:01:43,1,1,0,0.0,0,0.0,0,0,0,0.0,0.0,0,0,0.0,0.0,0
2026-05-09 18:01:43,1,1,0,0.0,0,0.0,0,0,0,0.0,0.0,0,0,0.0,0.0,0
2026-05-09 18:01:43,1,1,0,0.0,0,0.0,0,0,0,0.0,0.0,0,0,0.0,0.0,0
2026-05-09 18:01:43,1,1,0,0.0,0,0.0,0,0,0,0.0,0.0,0,0,0.0,0.0,0
2026-05-09 18:01:43,1,1,0,0.0,0,0.0,0,0,0,0.0,0.0,0,0,0.0,0.0,0
2026-05-09 18:01:43,1,1,0,0.0,0,0.0,0,0,0,0.0,0.0,0,0,0.0,0.0,0
2026-05-09 18:01:43,1,1,0,0.0,0,0.0,0,0,0,0.0,0.0,0,0,0.0,0.0,0
2026-05-09 18:01:43,1,1,0,0.0,0,0.0,0,0,0,0.0,0.0,0,0,0.0,0.0,0
2026-05-09 18:01:43,1,1,0,0.0,0,0.0,0,0,0,0.0,0.0,0,0,0.0,0.0,0
2026-05-09 18:01:43,1,1,0,0.0,0,0.0,0,0,0,0.0,0.0,0,0,0.0,0.0,0
2026-05-09 18:01:43,1,1,0,0.0,0,0.0,0,0,0,0.0,0.0,0,0,0.0,0.0,0
2026-05-09 18:01:43,1,1,0,0.0,0,0.0,0,0,0,0.0,0.0,0,0,0.0,0.0,0
2026-05-09 18:01:43,1,1,0,0.0,0,0.0,0,0,0,0.0,0.0,0,0,0.0,0.0,0
2026-05-09 18:01:43,1,1,0,0.0,0,0.0,0,0,0,0.0,0.0,0,0,0.0,0.0,0
2026-05-09 18:01:43,1,1,0,0.0,0,0.0,0,0,0,0.0,0.0,0,0,0.0,0.0,0
2026-05-09 18:01:43,1,1,0,0.0,0,0.0,0,0,0,0.0,0.0,0,0,0.0,0.0,0
2026-05-09 18:01:43,1,1,0,0.0,0,0.0,0,0,0,0.0,0.0,0,0,0.0,0.0,0
2026-05-09 18:01:44,1,1,0,0.0,0,0.0,0,0,0,0.0,0.0,0,0,0.0,0.0,0
2026-05-09 18:01:44,1,1,0,0.0,0,0.0,0,0,0,0.0,0.0,0,0,0.0,0.0,0
2026-05-09 18:01:44,1,1,0,0.0,0,0.0,0,0,0,0.0,0.0,0,0,0.0,0.0,0
2026-05-09 18:01:44,1,1,0,0.0,0,0.0,0,0,0,0.0,0.0,0,0,0.0,0.0,0
2026-05-09 18:01:44,1,1,0,0.0,0,0.0,0,0,0,0.0,0.0,0,0,0.0,0.0,0
2026-05-09 18:01:44,1,1,0,0.0,0,0.0,0,0,0,0.0,0.0,0,0,0.0,0.0,0
2026-05-09 18:01:44,1,1,0,0.0,0,0.0,0,0,0,0.0,0.0,0,0,0.0,0.0,0
2026-05-09 18:01:44,1,1,0,0.0,0,0.0,0,0,0,0.0,0.0,0,0,0.0,0.0,0
2026-05-09 18:01:44,1,1,0,0.0,0,0.0,0,0,0,0.0,0.0,0,0,0.0,0.0,0
2026-05-09 18:01:44,1,1,0,0.0,0,0.0,0,0,0,0.0,0.0,0,0,0.0,0.0,0
2026-05-09 18:01:44,1,1,0,0.0,0,0.0,0,0,0,0.0,0.0,0,0,0.0,0.0,0
2026-05-09 18:01:44,1,1,0,0.0,0,0.0,0,0,0,0.0,0.0,0,0,0.0,0.0,0
2026-05-09 18:01:44,1,1,0,0.0,0,0.0,0,0,0,0.0,0.0,0,0,0.0,0.0,0
2026-05-09 18:01:44,1,1,0,0.0,0,0.0,0,0,0,0.0,0.0,0,0,0.0,0.0,0
2026-05-09 18:01:44,1,1,0,0.0,0,0.0,0,0,0,0.0,0.0,0,0,0.0,0.0,0
2026-05-09 18:01:44,1,1,0,0.0,0,0.0,0,0,0,0.0,0.0,0,0,0.0,0.0,0
2026-05-09 18:01:44,1,1,0,0.0,0,0.0,0,0,0,0.0,0.0,0,0,0.0,0.0,0
2026-05-09 18:01:44,1,1,0,0.0,0,0.0,0,0,0,0.0,0.0,0,0,0.0,0.0,0
2026-05-09 18:01:44,1,1,0,0.0,0,0.0,0,0,0,0.0,0.0,0,0,0.0,0.0,0
2026-05-09 18:01:44,1,1,0,0.0,0,0.0,0,0,0,0.0,0.0,0,0,0.0,0.0,0
2026-05-09 18:01:45,1,1,0,0.0,0,0.0,0,0,0,0.0,0.0,0,0,0.0,0.0,0
2026-05-09 18:01:45,1,1,0,0.0,0,0.0,0,0,0,0.0,0.0,0,0,0.0,0.0,0
2026-05-09 18:01:45,1,1,0,0.0,0,0.0,0,0,0,0.0,0.0,0,0,0.0,0.0,0
2026-05-09 18:01:45,1,1,0,0.0,0,0.0,0,0,0,0.0,0.0,0,0,0.0,0.0,0
2026-05-09 18:01:45,1,1,0,0.0,0,0.0,0,0,0,0.0,0.0,0,0,0.0,0.0,0
2026-05-09 18:01:45,1,1,0,0.0,0,0.0,0,0,0,0.0,0.0,0,0,0.0,0.0,0
2026-05-09 18:01:45,1,1,0,0.0,0,0.0,0,0,0,0.0,0.0,0,0,0.0,0.0,0
2026-05-09 18:01:45,1,1,0,0.0,0,0.0,0,0,0,0.0,0.0,0,0,0.0,0.0,0
2026-05-09 18:01:45,1,1,0,0.0,0,0.0,0,0,0,0.0,0.0,0,0,0.0,0.0,0
2026-05-09 18:01:45,1,1,0,0.0,0,0.0,0,0,0,0.0,0.0,0,0,0.0,0.0,0
2026-05-09 18:01:45,1,1,0,0.0,0,0.0,0,0,0,0.0,0.0,0,0,0.0,0.0,0
2026-05-09 18:01:45,1,1,0,0.0,0,0.0,0,0,0,0.0,0.0,0,0,0.0,0.0,0
2026-05-09 18:01:45,1,1,0,0.0,0,0.0,0,0,0,0.0,0.0,0,0,0.0,0.0,0
2026-05-09 18:01:45,1,1,0,0.0,0,0.0,0,0,0,0.0,0.0,0,0,0.0,0.0,0
2026-05-09 18:01:45,1,1,0,0.0,0,0.0,0,0,0,0.0,0.0,0,0,0.0,0.0,0
2026-05-09 18:01:45,1,1,0,0.0,0,0.0,0,0,0,0.0,0.0,0,0,0.0,0.0,0
2026-05-09 18:01:45,1,1,0,0.0,0,0.0,0,0,0,0.0,0.0,0,0,0.0,0.0,0
2026-05-09 18:01:45,1,1,0,0.0,0,0.0,0,0,0,0.0,0.0,0,0,0.0,0.0,0
2026-05-09 18:01:45,1,1,0,0.0,0,0.0,0,0,0,0.0,0.0,0,0,0.0,0.0,0
2026-05-09 18:01:45,1,1,0,0.0,0,0.0,0,0,0,0.0,0.0,0,0,0.0,0.0,0
2026-05-09 18:01:46,1,1,0,0.0,0,0.0,0,0,0,0.0,0.0,0,0,0.0,0.0,0
2026-05-09 18:01:46,1,1,0,0.0,0,0.0,0,0,0,0.0,0.0,0,0,0.0,0.0,0
2026-05-09 18:01:46,1,1,0,0.0,0,0.0,0,0,0,0.0,0.0,0,0,0.0,0.0,0
2026-05-09 18:01:46,1,1,0,0.0,0,0.0,0,0,0,0.0,0.0,0,0,0.0,0.0,0
2026-05-09 18:01:46,1,1,0,0.0,0,0.0,0,0,0,0.0,0.0,0,0,0.0,0.0,0
2026-05-09 18:01:46,1,1,0,0.0,0,0.0,0,0,0,0.0,0.0,0,0,0.0,0.0,0
2026-05-09 18:01:46,1,1,0,0.0,0,0.0,0,0,0,0.0,0.0,0,0,0.0,0.0,0
2026-05-09 18:01:46,1,1,0,0.0,0,0.0,0,0,0,0.0,0.0,0,0,0.0,0.0,0
2026-05-09 18:01:46,1,1,0,0.0,0,0.0,0,0,0,0.0,0.0,0,0,0.0,0.0,0
2026-05-09 18:01:46,1,1,0,0.0,0,0.0,0,0,0,0.0,0.0,0,0,0.0,0.0,0
2026-05-09 18:01:46,1,1,0,0.0,0,0.0,0,0,0,0.0,0.0,0,0,0.0,0.0,0
2026-05-09 18:01:46,1,1,0,0.0,0,0.0,0,0,0,0.0,0.0,0,0,0.0,0.0,0
2026-05-09 18:01:46,1,1,0,0.0,0,0.0,0,0,0,0.0,0.0,0,0,0.0,0.0,0
2026-05-09 18:01:46,1,1,0,0.0,0,0.0,0,0,0,0.0,0.0,0,0,0.0,0.0,0
2026-05-09 18:01:46,1,1,0,0.0,0,0.0,0,0,0,0.0,0.0,0,0,0.0,0.0,0
2026-05-09 18:01:46,1,1,0,0.0,0,0.0,0,0,0,0.0,0.0,0,0,0.0,0.0,0
2026-05-09 18:01:46,1,1,0,0.0,0,0.0,0,0,0,0.0,0.0,0,0,0.0,0.0,0
2026-05-09 18:01:46,1,1,0,0.0,0,0.0,0,0,0,0.0,0.0,0,0,0.0,0.0,0
2026-05-09 18:01:46,1,1,0,0.0,0,0.0,0,0,0,0.0,0.0,0,0,0.0,0.0,0
2026-05-09 18:01:46,1,1,0,0.0,0,0.0,0,0,0,0.0,0.0,0,0,0.0,0.0,0
2026-05-09 18:01:47,1,1,0,0.0,0,0.0,0,0,0,0.0,0.0,0,0,0.0,0.0,0
2026-05-09 18:01:47,1,1,0,0.0,0,0.0,0,0,0,0.0,0.0,0,0,0.0,0.0,0
2026-05-09 18:01:47,1,1,0,0.0,0,0.0,0,0,0,0.0,0.0,0,0,0.0,0.0,0
2026-05-09 18:01:47,1,1,0,0.0,0,0.0,0,0,0,0.0,0.0,0,0,0.0,0.0,0
2026-05-09 18:01:47,1,1,0,0.0,0,0.0,0,0,0,0.0,0.0,0,0,0.0,0.0,0
2026-05-09 18:01:47,1,1,0,0.0,0,0.0,0,0,0,0.0,0.0,0,0,0.0,0.0,0
2026-05-09 18:01:47,1,1,0,0.0,0,0.0,0,0,0,0.0,0.0,0,0,0.0,0.0,0
2026-05-09 18:01:47,1,1,0,0.0,0,0.0,0,0,0,0.0,0.0,0,0,0.0,0.0,0
2026-05-09 18:01:47,1,1,0,0.0,0,0.0,0,0,0,0.0,0.0,0,0,0.0,0.0,0
2026-05-09 18:01:47,1,1,0,0.0,0,0.0,0,0,0,0.0,0.0,0,0,0.0,0.0,0
2026-05-09 18:01:47,1,1,0,0.0,0,0.0,0,0,0,0.0,0.0,0,0,0.0,0.0,0
2026-05-09 18:01:47,1,1,0,0.0,0,0.0,0,0,0,0.0,0.0,0,0,0.0,0.0,0
2026-05-09 18:01:47,1,1,0,0.0,0,0.0,0,0,0,0.0,0.0,0,0,0.0,0.0,0
2026-05-09 18:01:47,1,1,0,0.0,0,0.0,0,0,0,0.0,0.0,0,0,0.0,0.0,0
2026-05-09 18:01:47,1,1,0,0.0,0,0.0,0,0,0,0.0,0.0,0,0,0.0,0.0,0
2026-05-09 18:01:47,1,1,0,0.0,0,0.0,0,0,0,0.0,0.0,0,0,0.0,0.0,0
2026-05-09 18:01:47,1,1,0,0.0,0,0.0,0,0,0,0.0,0.0,0,0,0.0,0.0,0
2026-05-09 18:01:47,1,1,0,0.0,0,0.0,0,0,0,0.0,0.0,0,0,0.0,0.0,0
2026-05-09 18:01:47,1,1,0,0.0,0,0.0,0,0,0,0.0,0.0,0,0,0.0,0.0,0
2026-05-09 18:01:47,1,1,0,0.0,0,0.0,0,0,0,0.0,0.0,0,0,0.0,0.0,0
2026-05-09 18:01:48,1,1,0,0.0,0,0.0,0,0,0,0.0,0.0,0,0,0.0,0.0,0
2026-05-09 18:01:48,1,1,0,0.0,0,0.0,0,0,0,0.0,0.0,0,0,0.0,0.0,0
2026-05-09 18:01:48,1,1,0,0.0,0,0.0,0,0,0,0.0,0.0,0,0,0.0,0.0,0
2026-05-09 18:01:48,1,1,0,0.0,0,0.0,0,0,0,0.0,0.0,0,0,0.0,0.0,0
2026-05-09 18:01:48,1,1,0,0.0,0,0.0,0,0,0,0.0,0.0,0,0,0.0,0.0,0
2026-05-09 18:01:48,1,1,0,0.0,0,0.0,0,0,0,0.0,0.0,0,0,0.0,0.0,0
2026-05-09 18:01:48,1,1,0,0.0,0,0.0,0,0,0,0.0,0.0,0,0,0.0,0.0,0
2026-05-09 18:01:48,1,1,0,0.0,0,0.0,0,0,0,0.0,0.0,0,0,0.0,0.0,0
2026-05-09 18:01:48,1,1,0,0.0,0,0.0,0,0,0,0.0,0.0,0,0,0.0,0.0,0
2026-05-09 18:01:48,1,1,0,0.0,0,0.0,0,0,0,0.0,0.0,0,0,0.0,0.0,0
2026-05-09 18:01:48,1,1,0,0.0,0,0.0,0,0,0,0.0,0.0,0,0,0.0,0.0,0
2026-05-09 18:01:48,1,1,0,0.0,0,0.0,0,0,0,0.0,0.0,0,0,0.0,0.0,0
2026-05-09 18:01:48,1,1,0,0.0,0,0.0,0,0,0,0.0,0.0,0,0,0.0,0.0,0
2026-05-09 18:01:48,1,1,0,0.0,0,0.0,0,0,0,0.0,0.0,0,0,0.0,0.0,0
2026-05-09 18:01:48,1,1,0,0.0,0,0.0,0,0,0,0.0,0.0,0,0,0.0,0.0,0
2026-05-09 18:01:48,1,1,0,0.0,0,0.0,0,0,0,0.0,0.0,0,0,0.0,0.0,0
2026-05-09 18:01:48,1,1,0,0.0,0,0.0,0,0,0,0.0,0.0,0,0,0.0,0.0,0
2026-05-09 18:01:48,1,1,0,0.0,0,0.0,0,0,0,0.0,0.0,0,0,0.0,0.0,0
2026-05-09 18:01:48,1,1,0,0.0,0,0.0,0,0,0,0.0,0.0,0,0,0.0,0.0,0
2026-05-09 18:01:48,1,1,0,0.0,0,0.0,0,0,0,0.0,0.0,0,0,0.0,0.0,0
2026-05-09 18:01:49,1,1,0,0.0,0,0.0,0,0,0,0.0,0.0,0,0,0.0,0.0,0
2026-05-09 18:01:49,1,1,0,0.0,0,0.0,0,0,0,0.0,0.0,0,0,0.0,0.0,0
2026-05-09 18:01:49,1,1,0,0.0,0,0.0,0,0,0,0.0,0.0,0,0,0.0,0.0,0
2026-05-09 18:01:49,1,1,0,0.0,0,0.0,0,0,0,0.0,0.0,0,0,0.0,0.0,0
2026-05-09 18:01:49,1,1,0,0.0,0,0.0,0,0,0,0.0,0.0,0,0,0.0,0.0,0
2026-05-09 18:01:49,1,1,0,0.0,0,0.0,0,0,0,0.0,0.0,0,0,0.0,0.0,0
2026-05-09 18:01:49,1,1,0,0.0,0,0.0,0,0,0,0.0,0.0,0,0,0.0,0.0,0
2026-05-09 18:01:49,1,1,0,0.0,0,0.0,0,0,0,0.0,0.0,0,0,0.0,0.0,0
2026-05-09 18:01:49,1,1,0,0.0,0,0.0,0,0,0,0.0,0.0,0,0,0.0,0.0,0
2026-05-09 18:01:49,1,1,0,0.0,0,0.0,0,0,0,0.0,0.0,0,0,0.0,0.0,0
2026-05-09 18:01:49,1,1,0,0.0,0,0.0,0,0,0,0.0,0.0,0,0,0.0,0.0,0
2026-05-09 18:01:49,1,1,0,0.0,0,0.0,0,0,0,0.0,0.0,0,0,0.0,0.0,0
2026-05-09 18:01:49,1,1,0,0.0,0,0.0,0,0,0,0.0,0.0,0,0,0.0,0.0,0
2026-05-09 18:01:49,1,1,0,0.0,0,0.0,0,0,0,0.0,0.0,0,0,0.0,0.0,0
2026-05-09 18:01:49,1,1,0,0.0,0,0.0,0,0,0,0.0,0.0,0,0,0.0,0.0,0
2026-05-09 18:01:49,1,1,0,0.0,0,0.0,0,0,0,0.0,0.0,0,0,0.0,0.0,0
2026-05-09 18:01:49,1,1,0,0.0,0,0.0,0,0,0,0.0,0.0,0,0,0.0,0.0,0
2026-05-09 18:01:49,1,1,0,0.0,0,0.0,0,0,0,0.0,0.0,0,0,0.0,0.0,0
2026-05-09 18:01:49,1,1,0,0.0,0,0.0,0,0,0,0.0,0.0,0,0,0.0,0.0,0
2026-05-09 18:01:49,1,1,0,0.0,0,0.0,0,0,0,0.0,0.0,0,0,0.0,0.0,0
2026-05-09 18:01:50,1,1,0,0.0,0,0.0,0,0,0,0.0,0.0,0,0,0.0,0.0,0
2026-05-09 18:01:50,1,1,0,0.0,0,0.0,0,0,0,0.0,0.0,0,0,0.0,0.0,0
2026-05-09 18:01:50,1,1,0,0.0,0,0.0,0,0,0,0.0,0.0,0,0,0.0,0.0,0
2026-05-09 18:01:50,1,1,0,0.0,0,0.0,0,0,0,0.0,0.0,0,0,0.0,0.0,0
2026-05-09 18:01:50,1,1,0,0.0,0,0.0,0,0,0,0.0,0.0,0,0,0.0,0.0,0
2026-05-09 18:01:50,1,1,0,0.0,0,0.0,0,0,0,0.0,0.0,0,0,0.0,0.0,0
2026-05-09 18:01:50,1,1,0,0.0,0,0.0,0,0,0,0.0,0.0,0,0,0.0,0.0,0
2026-05-09 18:01:50,1,1,0,0.0,0,0.0,0,0,0,0.0,0.0,0,0,0.0,0.0,0
2026-05-09 18:01:50,1,1,0,0.0,0,0.0,0,0,0,0.0,0.0,0,0,0.0,0.0,0
2026-05-09 18:01:50,1,1,0,0.0,0,0.0,0,0,0,0.0,0.0,0,0,0.0,0.0,0
2026-05-09 18:01:50,1,1,0,0.0,0,0.0,0,0,0,0.0,0.0,0,0,0.0,0.0,0
2026-05-09 18:01:50,1,1,0,0.0,0,0.0,0,0,0,0.0,0.0,0,0,0.0,0.0,0
2026-05-09 18:01:50,1,1,0,0.0,0,0.0,0,0,0,0.0,0.0,0,0,0.0,0.0,0
2026-05-09 18:01:50,1,1,0,0.0,0,0.0,0,0,0,0.0,0.0,0,0,0.0,0.0,0
2026-05-09 18:01:50,1,1,0,0.0,0,0.0,0,0,0,0.0,0.0,0,0,0.0,0.0,0
2026-05-09 18:01:50,1,1,0,0.0,0,0.0,0,0,0,0.0,0.0,0,0,0.0,0.0,0
2026-05-09 18:01:50,1,1,0,0.0,0,0.0,0,0,0,0.0,0.0,0,0,0.0,0.0,0
2026-05-09 18:01:50,1,1,0,0.0,0,0.0,0,0,0,0.0,0.0,0,0,0.0,0.0,0
2026-05-09 18:01:50,1,1,0,0.0,0,0.0,0,0,0,0.0,0.0,0,0,0.0,0.0,0
2026-05-09 18:01:50,1,1,0,0.0,0,0.0,0,0,0,0.0,0.0,0,0,0.0,0.0,0
2026-05-09 18:01:51,1,1,0,0.0,0,0.0,0,0,0,0.0,0.0,0,0,0.0,0.0,0
2026-05-09 18:01:51,1,1,0,0.0,0,0.0,0,0,0,0.0,0.0,0,0,0.0,0.0,0
2026-05-09 18:01:51,1,1,0,0.0,0,0.0,0,0,0,0.0,0.0,0,0,0.0,0.0,0
2026-05-09 18:01:51,1,1,0,0.0,0,0.0,0,0,0,0.0,0.0,0,0,0.0,0.0,0
2026-05-09 18:01:51,1,1,0,0.0,0,0.0,0,0,0,0.0,0.0,0,0,0.0,0.0,0
2026-05-09 18:01:51,1,1,0,0.0,0,0.0,0,0,0,0.0,0.0,0,0,0.0,0.0,0
2026-05-09 18:01:51,1,1,0,0.0,0,0.0,0,0,0,0.0,0.0,0,0,0.0,0.0,0
2026-05-09 18:01:51,1,1,0,0.0,0,0.0,0,0,0,0.0,0.0,0,0,0.0,0.0,0
2026-05-09 18:01:51,1,1,0,0.0,0,0.0,0,0,0,0.0,0.0,0,0,0.0,0.0,0
2026-05-09 18:01:51,1,1,0,0.0,0,0.0,0,0,0,0.0,0.0,0,0,0.0,0.0,0
2026-05-09 18:01:51,1,1,0,0.0,0,0.0,0,0,0,0.0,0.0,0,0,0.0,0.0,0
2026-05-09 18:01:51,1,1,0,0.0,0,0.0,0,0,0,0.0,0.0,0,0,0.0,0.0,0
2026-05-09 18:01:51,1,1,0,0.0,0,0.0,0,0,0,0.0,0.0,0,0,0.0,0.0,0
2026-05-09 18:01:51,1,1,0,0.0,0,0.0,0,0,0,0.0,0.0,0,0,0.0,0.0,0
2026-05-09 18:01:51,1,1,0,0.0,0,0.0,0,0,0,0.0,0.0,0,0,0.0,0.0,0
2026-05-09 18:01:51,1,1,0,0.0,0,0.0,0,0,0,0.0,0.0,0,0,0.0,0.0,0
2026-05-09 18:01:51,1,1,0,0.0,0,0.0,0,0,0,0.0,0.0,0,0,0.0,0.0,0
2026-05-09 18:01:51,1,1,0,0.0,0,0.0,0,0,0,0.0,0.0,0,0,0.0,0.0,0
2026-05-09 18:01:51,1,1,0,0.0,0,0.0,0,0,0,0.0,0.0,0,0,0.0,0.0,0
2026-05-09 18:01:51,1,1,0,0.0,0,0.0,0,0,0,0.0,0.0,0,0,0.0,0.0,0
2026-05-09 18:01:52,1,1,0,0.0,0,0.0,0,0,0,0.0,0.0,0,0,0.0,0.0,0
2026-05-09 18:01:52,1,1,0,0.0,0,0.0,0,0,0,0.0,0.0,0,0,0.0,0.0,0
2026-05-09 18:01:52,1,1,0,0.0,0,0.0,0,0,0,0.0,0.0,0,0,0.0,0.0,0
2026-05-09 18:01:52,1,1,0,0.0,0,0.0,0,0,0,0.0,0.0,0,0,0.0,0.0,0
2026-05-09 18:01:52,1,1,0,0.0,0,0.0,0,0,0,0.0,0.0,0,0,0.0,0.0,0
2026-05-09 18:01:52,1,1,0,0.0,0,0.0,0,0,0,0.0,0.0,0,0,0.0,0.0,0
2026-05-09 18:01:52,1,1,0,0.0,0,0.0,0,0,0,0.0,0.0,0,0,0.0,0.0,0
2026-05-09 18:01:52,1,1,0,0.0,0,0.0,0,0,0,0.0,0.0,0,0,0.0,0.0,0
2026-05-09 18:01:52,1,1,0,0.0,0,0.0,0,0,0,0.0,0.0,0,0,0.0,0.0,0
2026-05-09 18:01:52,1,1,0,0.0,0,0.0,0,0,0,0.0,0.0,0,0,0.0,0.0,0
2026-05-09 18:01:52,1,1,0,0.0,0,0.0,0,0,0,0.0,0.0,0,0,0.0,0.0,0
2026-05-09 18:01:52,1,1,0,0.0,0,0.0,0,0,0,0.0,0.0,0,0,0.0,0.0,0
2026-05-09 18:01:52,1,1,0,0.0,0,0.0,0,0,0,0.0,0.0,0,0,0.0,0.0,0
2026-05-09 18:01:52,1,1,0,0.0,0,0.0,0,0,0,0.0,0.0,0,0,0.0,0.0,0
2026-05-09 18:01:52,1,1,0,0.0,0,0.0,0,0,0,0.0,0.0,0,0,0.0,0.0,0
2026-05-09 18:01:52,1,1,0,0.0,0,0.0,0,0,0,0.0,0.0,0,0,0.0,0.0,0
2026-05-09 18:01:52,1,1,0,0.0,0,0.0,0,0,0,0.0,0.0,0,0,0.0,0.0,0
2026-05-09 18:01:52,1,1,0,0.0,0,0.0,0,0,0,0.0,0.0,0,0,0.0,0.0,0
2026-05-09 18:01:52,1,1,0,0.0,0,0.0,0,0,0,0.0,0.0,0,0,0.0,0.0,0
2026-05-09 18:01:52,1,1,0,0.0,0,0.0,0,0,0,0.0,0.0,0,0,0.0,0.0,0
2026-05-09 18:01:53,1,1,0,0.0,0,0.0,0,0,0,0.0,0.0,0,0,0.0,0.0,0
2026-05-09 18:01:53,1,1,0,0.0,0,0.0,0,0,0,0.0,0.0,0,0,0.0,0.0,0
2026-05-09 18:01:53,1,1,0,0.0,0,0.0,0,0,0,0.0,0.0,0,0,0.0,0.0,0
2026-05-09 18:01:53,1,1,0,0.0,0,0.0,0,0,0,0.0,0.0,0,0,0.0,0.0,0
2026-05-09 18:01:53,1,1,0,0.0,0,0.0,0,0,0,0.0,0.0,0,0,0.0,0.0,0
2026-05-09 18:01:53,1,1,0,0.0,0,0.0,0,0,0,0.0,0.0,0,0,0.0,0.0,0
2026-05-09 18:01:53,1,1,0,0.0,0,0.0,0,0,0,0.0,0.0,0,0,0.0,0.0,0
2026-05-09 18:01:53,1,1,0,0.0,0,0.0,0,0,0,0.0,0.0,0,0,0.0,0.0,0
2026-05-09 18:01:53,1,1,0,0.0,0,0.0,0,0,0,0.0,0.0,0,0,0.0,0.0,0
2026-05-09 18:01:53,1,1,0,0.0,0,0.0,0,0,0,0.0,0.0,0,0,0.0,0.0,0
2026-05-09 18:01:53,1,1,0,0.0,0,0.0,0,0,0,0.0,0.0,0,0,0.0,0.0,0
2026-05-09 18:01:53,1,1,0,0.0,0,0.0,0,0,0,0.0,0.0,0,0,0.0,0.0,0
2026-05-09 18:01:53,1,1,0,0.0,0,0.0,0,0,0,0.0,0.0,0,0,0.0,0.0,0
2026-05-09 18:01:53,1,1,0,0.0,0,0.0,0,0,0,0.0,0.0,0,0,0.0,0.0,0
2026-05-09 18:01:53,1,1,0,0.0,0,0.0,0,0,0,0.0,0.0,0,0,0.0,0.0,0
2026-05-09 18:01:53,1,1,0,0.0,0,0.0,0,0,0,0.0,0.0,0,0,0.0,0.0,0
2026-05-09 18:01:53,1,1,0,0.0,0,0.0,0,0,0,0.0,0.0,0,0,0.0,0.0,0
2026-05-09 18:01:53,1,1,0,0.0,0,0.0,0,0,0,0.0,0.0,0,0,0.0,0.0,0
2026-05-09 18:01:53,1,1,0,0.0,0,0.0,0,0,0,0.0,0.0,0,0,0.0,0.0,0
2026-05-09 18:01:53,1,1,0,0.0,0,0.0,0,0,0,0.0,0.0,0,0,0.0,0.0,0
2026-05-09 18:01:54,1,1,0,0.0,0,0.0,0,0,0,0.0,0.0,0,0,0.0,0.0,0
2026-05-09 18:01:54,1,1,0,0.0,0,0.0,0,0,0,0.0,0.0,0,0,0.0,0.0,0
2026-05-09 18:01:54,1,1,0,0.0,0,0.0,0,0,0,0.0,0.0,0,0,0.0,0.0,0
2026-05-09 18:01:54,1,1,0,0.0,0,0.0,0,0,0,0.0,0.0,0,0,0.0,0.0,0
2026-05-09 18:01:54,1,1,0,0.0,0,0.0,0,0,0,0.0,0.0,0,0,0.0,0.0,0
2026-05-09 18:01:54,1,1,0,0.0,0,0.0,0,0,0,0.0,0.0,0,0,0.0,0.0,0
2026-05-09 18:01:54,1,1,0,0.0,0,0.0,0,0,0,0.0,0.0,0,0,0.0,0.0,0
2026-05-09 18:01:54,1,1,0,0.0,0,0.0,0,0,0,0.0,0.0,0,0,0.0,0.0,0
2026-05-09 18:01:54,1,1,0,0.0,0,0.0,0,0,0,0.0,0.0,0,0,0.0,0.0,0
2026-05-09 18:01:54,1,1,0,0.0,0,0.0,0,0,0,0.0,0.0,0,0,0.0,0.0,0
2026-05-09 18:01:54,1,1,0,0.0,0,0.0,0,0,0,0.0,0.0,0,0,0.0,0.0,0
2026-05-09 18:01:54,1,1,0,0.0,0,0.0,0,0,0,0.0,0.0,0,0,0.0,0.0,0
2026-05-09 18:01:54,1,1,0,0.0,0,0.0,0,0,0,0.0,0.0,0,0,0.0,0.0,0
2026-05-09 18:01:54,1,1,0,0.0,0,0.0,0,0,0,0.0,0.0,0,0,0.0,0.0,0
2026-05-09 18:01:54,1,1,0,0.0,0,0.0,0,0,0,0.0,0.0,0,0,0.0,0.0,0
2026-05-09 18:01:54,1,1,0,0.0,0,0.0,0,0,0,0.0,0.0,0,0,0.0,0.0,0
2026-05-09 18:01:54,1,1,0,0.0,0,0.0,0,0,0,0.0,0.0,0,0,0.0,0.0,0
2026-05-09 18:01:54,1,1,0,0.0,0,0.0,0,0,0,0.0,0.0,0,0,0.0,0.0,0
2026-05-09 18:01:54,1,1,0,0.0,0,0.0,0,0,0,0.0,0.0,0,0,0.0,0.0,0
2026-05-09 18:01:54,1,1,0,0.0,0,0.0,0,0,0,0.0,0.0,0,0,0.0,0.0,0
2026-05-09 18:01:55,1,1,0,0.0,0,0.0,0,0,0,0.0,0.0,0,0,0.0,0.0,0
2026-05-09 18:01:55,1,1,0,0.0,0,0.0,0,0,0,0.0,0.0,0,0,0.0,0.0,0
2026-05-09 18:01:55,1,1,0,0.0,0,0.0,0,0,0,0.0,0.0,0,0,0.0,0.0,0
2026-05-09 18:01:55,1,1,0,0.0,0,0.0,0,0,0,0.0,0.0,0,0,0.0,0.0,0
2026-05-09 18:01:55,1,1,0,0.0,0,0.0,0,0,0,0.0,0.0,0,0,0.0,0.0,0
2026-05-09 18:01:55,1,1,0,0.0,0,0.0,0,0,0,0.0,0.0,0,0,0.0,0.0,0
2026-05-09 18:01:55,1,1,0,0.0,0,0.0,0,0,0,0.0,0.0,0,0,0.0,0.0,0
2026-05-09 18:01:55,1,1,0,0.0,0,0.0,0,0,0,0.0,0.0,0,0,0.0,0.0,0
2026-05-09 18:01:55,1,1,0,0.0,0,0.0,0,0,0,0.0,0.0,0,0,0.0,0.0,0
2026-05-09 18:01:55,1,1,0,0.0,0,0.0,0,0,0,0.0,0.0,0,0,0.0,0.0,0
2026-05-09 18:01:55,1,1,0,0.0,0,0.0,0,0,0,0.0,0.0,0,0,0.0,0.0,0
2026-05-09 18:01:55,1,1,0,0.0,0,0.0,0,0,0,0.0,0.0,0,0,0.0,0.0,0
2026-05-09 18:01:55,1,1,0,0.0,0,0.0,0,0,0,0.0,0.0,0,0,0.0,0.0,0
2026-05-09 18:01:55,1,1,0,0.0,0,0.0,0,0,0,0.0,0.0,0,0,0.0,0.0,0
2026-05-09 18:01:55,1,1,0,0.0,0,0.0,0,0,0,0.0,0.0,0,0,0.0,0.0,0
2026-05-09 18:01:55,1,1,0,0.0,0,0.0,0,0,0,0.0,0.0,0,0,0.0,0.0,0
2026-05-09 18:01:55,1,1,0,0.0,0,0.0,0,0,0,0.0,0.0,0,0,0.0,0.0,0
2026-05-09 18:01:55,1,1,0,0.0,0,0.0,0,0,0,0.0,0.0,0,0,0.0,0.0,0
2026-05-09 18:01:55,1,1,0,0.0,0,0.0,0,0,0,0.0,0.0,0,0,0.0,0.0,0
2026-05-09 18:01:55,1,1,0,0.0,0,0.0,0,0,0,0.0,0.0,0,0,0.0,0.0,0
2026-05-09 18:01:56,1,1,0,0.0,0,0.0,0,0,0,0.0,0.0,0,0,0.0,0.0,0
2026-05-09 18:01:56,1,1,0,0.0,0,0.0,0,0,0,0.0,0.0,0,0,0.0,0.0,0
2026-05-09 18:01:56,1,1,0,0.0,0,0.0,0,0,0,0.0,0.0,0,0,0.0,0.0,0
2026-05-09 18:01:56,1,1,0,0.0,0,0.0,0,0,0,0.0,0.0,0,0,0.0,0.0,0
2026-05-09 18:01:56,1,1,0,0.0,0,0.0,0,0,0,0.0,0.0,0,0,0.0,0.0,0
2026-05-09 18:01:56,1,1,0,0.0,0,0.0,0,0,0,0.0,0.0,0,0,0.0,0.0,0
2026-05-09 18:01:56,1,1,0,0.0,0,0.0,0,0,0,0.0,0.0,0,0,0.0,0.0,0
2026-05-09 18:01:56,1,1,0,0.0,0,0.0,0,0,0,0.0,0.0,0,0,0.0,0.0,0
2026-05-09 18:01:56,1,1,0,0.0,0,0.0,0,0,0,0.0,0.0,0,0,0.0,0.0,0
2026-05-09 18:01:56,1,1,0,0.0,0,0.0,0,0,0,0.0,0.0,0,0,0.0,0.0,0
2026-05-09 18:01:56,1,1,0,0.0,0,0.0,0,0,0,0.0,0.0,0,0,0.0,0.0,0
2026-05-09 18:01:56,1,1,0,0.0,0,0.0,0,0,0,0.0,0.0,0,0,0.0,0.0,0
2026-05-09 18:01:56,1,1,0,0.0,0,0.0,0,0,0,0.0,0.0,0,0,0.0,0.0,0
2026-05-09 18:01:56,1,1,0,0.0,0,0.0,0,0,0,0.0,0.0,0,0,0.0,0.0,0
2026-05-09 18:01:56,1,1,0,0.0,0,0.0,0,0,0,0.0,0.0,0,0,0.0,0.0,0
2026-05-09 18:01:56,1,1,0,0.0,0,0.0,0,0,0,0.0,0.0,0,0,0.0,0.0,0
2026-05-09 18:01:56,1,1,0,0.0,0,0.0,0,0,0,0.0,0.0,0,0,0.0,0.0,0
2026-05-09 18:01:56,1,1,0,0.0,0,0.0,0,0,0,0.0,0.0,0,0,0.0,0.0,0
2026-05-09 18:01:56,1,1,0,0.0,0,0.0,0,0,0,0.0,0.0,0,0,0.0,0.0,0
2026-05-09 18:01:56,1,1,0,0.0,0,0.0,0,0,0,0.0,0.0,0,0,0.0,0.0,0
2026-05-09 18:01:57,1,1,0,0.0,0,0.0,0,0,0,0.0,0.0,0,0,0.0,0.0,0
2026-05-09 18:01:57,1,1,0,0.0,0,0.0,0,0,0,0.0,0.0,0,0,0.0,0.0,0
2026-05-09 18:01:57,1,1,0,0.0,0,0.0,0,0,0,0.0,0.0,0,0,0.0,0.0,0
2026-05-09 18:01:57,1,1,0,0.0,0,0.0,0,0,0,0.0,0.0,0,0,0.0,0.0,0
2026-05-09 18:01:57,1,1,0,0.0,0,0.0,0,0,0,0.0,0.0,0,0,0.0,0.0,0
2026-05-09 18:01:57,1,1,0,0.0,0,0.0,0,0,0,0.0,0.0,0,0,0.0,0.0,0
2026-05-09 18:01:57,1,1,0,0.0,0,0.0,0,0,0,0.0,0.0,0,0,0.0,0.0,0
2026-05-09 18:01:57,1,1,0,0.0,0,0.0,0,0,0,0.0,0.0,0,0,0.0,0.0,0
2026-05-09 18:01:57,1,1,0,0.0,0,0.0,0,0,0,0.0,0.0,0,0,0.0,0.0,0
2026-05-09 18:01:57,1,1,0,0.0,0,0.0,0,0,0,0.0,0.0,0,0,0.0,0.0,0
2026-05-09 18:01:57,1,1,0,0.0,0,0.0,0,0,0,0.0,0.0,0,0,0.0,0.0,0
2026-05-09 18:01:57,1,1,0,0.0,0,0.0,0,0,0,0.0,0.0,0,0,0.0,0.0,0
2026-05-09 18:01:57,1,1,0,0.0,0,0.0,0,0,0,0.0,0.0,0,0,0.0,0.0,0
2026-05-09 18:01:57,1,1,0,0.0,0,0.0,0,0,0,0.0,0.0,0,0,0.0,0.0,0
2026-05-09 18:01:57,1,1,0,0.0,0,0.0,0,0,0,0.0,0.0,0,0,0.0,0.0,0
2026-05-09 18:01:57,1,1,0,0.0,0,0.0,0,0,0,0.0,0.0,0,0,0.0,0.0,0
2026-05-09 18:01:57,1,1,0,0.0,0,0.0,0,0,0,0.0,0.0,0,0,0.0,0.0,0
2026-05-09 18:01:57,1,1,0,0.0,0,0.0,0,0,0,0.0,0.0,0,0,0.0,0.0,0
2026-05-09 18:01:57,1,1,0,0.0,0,0.0,0,0,0,0.0,0.0,0,0,0.0,0.0,0
2026-05-09 18:01:57,1,1,0,0.0,0,0.0,0,0,0,0.0,0.0,0,0,0.0,0.0,0
2026-05-09 18:01:58,1,1,0,0.0,0,0.0,0,0,0,0.0,0.0,0,0,0.0,0.0,0
2026-05-09 18:01:58,1,1,0,0.0,0,0.0,0,0,0,0.0,0.0,0,0,0.0,0.0,0
2026-05-09 18:01:58,1,1,0,0.0,0,0.0,0,0,0,0.0,0.0,0,0,0.0,0.0,0
2026-05-09 18:01:58,1,1,0,0.0,0,0.0,0,0,0,0.0,0.0,0,0,0.0,0.0,0
2026-05-09 18:01:58,1,1,0,0.0,0,0.0,0,0,0,0.0,0.0,0,0,0.0,0.0,0
2026-05-09 18:01:58,1,1,0,0.0,0,0.0,0,0,0,0.0,0.0,0,0,0.0,0.0,0
2026-05-09 18:01:58,1,1,0,0.0,0,0.0,0,0,0,0.0,0.0,0,0,0.0,0.0,0
2026-05-09 18:01:58,1,1,0,0.0,0,0.0,0,0,0,0.0,0.0,0,0,0.0,0.0,0
2026-05-09 18:01:58,1,1,0,0.0,0,0.0,0,0,0,0.0,0.0,0,0,0.0,0.0,0
2026-05-09 18:01:58,1,1,0,0.0,0,0.0,0,0,0,0.0,0.0,0,0,0.0,0.0,0
2026-05-09 18:01:58,1,1,0,0.0,0,0.0,0,0,0,0.0,0.0,0,0,0.0,0.0,0
2026-05-09 18:01:58,1,1,0,0.0,0,0.0,0,0,0,0.0,0.0,0,0,0.0,0.0,0
2026-05-09 18:01:58,1,1,0,0.0,0,0.0,0,0,0,0.0,0.0,0,0,0.0,0.0,0
2026-05-09 18:01:58,1,1,0,0.0,0,0.0,0,0,0,0.0,0.0,0,0,0.0,0.0,0
2026-05-09 18:01:58,1,1,0,0.0,0,0.0,0,0,0,0.0,0.0,0,0,0.0,0.0,0
2026-05-09 18:01:58,1,1,0,0.0,0,0.0,0,0,0,0.0,0.0,0,0,0.0,0.0,0
2026-05-09 18:01:58,1,1,0,0.0,0,0.0,0,0,0,0.0,0.0,0,0,0.0,0.0,0
2026-05-09 18:01:58,1,1,0,0.0,0,0.0,0,0,0,0.0,0.0,0,0,0.0,0.0,0
2026-05-09 18:01:58,1,1,0,0.0,0,0.0,0,0,0,0.0,0.0,0,0,0.0,0.0,0
2026-05-09 18:01:58,1,1,0,0.0,0,0.0,0,0,0,0.0,0.0,0,0,0.0,0.0,0
2026-05-09 18:01:59,1,1,0,0.0,0,0.0,0,0,0,0.0,0.0,0,0,0.0,0.0,0
2026-05-09 18:01:59,1,1,0,0.0,0,0.0,0,0,0,0.0,0.0,0,0,0.0,0.0,0
2026-05-09 18:01:59,1,1,0,0.0,0,0.0,0,0,0,0.0,0.0,0,0,0.0,0.0,0
2026-05-09 18:01:59,1,1,0,0.0,0,0.0,0,0,0,0.0,0.0,0,0,0.0,0.0,0
2026-05-09 18:01:59,1,1,0,0.0,0,0.0,0,0,0,0.0,0.0,0,0,0.0,0.0,0
2026-05-09 18:01:59,1,1,0,0.0,0,0.0,0,0,0,0.0,0.0,0,0,0.0,0.0,0
2026-05-09 18:01:59,1,1,0,0.0,0,0.0,0,0,0,0.0,0.0,0,0,0.0,0.0,0
2026-05-09 18:01:59,1,1,0,0.0,0,0.0,0,0,0,0.0,0.0,0,0,0.0,0.0,0
2026-05-09 18:01:59,1,1,0,0.0,0,0.0,0,0,0,0.0,0.0,0,0,0.0,0.0,0
2026-05-09 18:01:59,1,1,0,0.0,0,0.0,0,0,0,0.0,0.0,0,0,0.0,0.0,0
2026-05-09 18:01:59,1,1,0,0.0,0,0.0,0,0,0,0.0,0.0,0,0,0.0,0.0,0
2026-05-09 18:01:59,1,1,0,0.0,0,0.0,0,0,0,0.0,0.0,0,0,0.0,0.0,0
2026-05-09 18:01:59,1,1,0,0.0,0,0.0,0,0,0,0.0,0.0,0,0,0.0,0.0,0
2026-05-09 18:01:59,1,1,0,0.0,0,0.0,0,0,0,0.0,0.0,0,0,0.0,0.0,0
2026-05-09 18:01:59,1,1,0,0.0,0,0.0,0,0,0,0.0,0.0,0,0,0.0,0.0,0
2026-05-09 18:01:59,1,1,0,0.0,0,0.0,0,0,0,0.0,0.0,0,0,0.0,0.0,0
2026-05-09 18:01:59,1,1,0,0.0,0,0.0,0,0,0,0.0,0.0,0,0,0.0,0.0,0
2026-05-09 18:01:59,1,1,0,0.0,0,0.0,0,0,0,0.0,0.0,0,0,0.0,0.0,0
2026-05-09 18:01:59,1,1,0,0.0,0,0.0,0,0,0,0.0,0.0,0,0,0.0,0.0,0
2026-05-09 18:01:59,1,1,0,0.0,0,0.0,0,0,0,0.0,0.0,0,0,0.0,0.0,0
2026-05-09 18:02:00,1,1,0,0.0,0,0.0,0,0,0,0.0,0.0,0,0,0.0,0.0,0
2026-05-09 18:02:00,1,1,0,0.0,0,0.0,0,0,0,0.0,0.0,0,0,0.0,0.0,0
2026-05-09 18:02:00,1,1,0,0.0,0,0.0,0,0,0,0.0,0.0,0,0,0.0,0.0,0
2026-05-09 18:02:00,1,1,0,0.0,0,0.0,0,0,0,0.0,0.0,0,0,0.0,0.0,0
2026-05-09 18:02:00,1,1,0,0.0,0,0.0,0,0,0,0.0,0.0,0,0,0.0,0.0,0
2026-05-09 18:02:00,1,1,0,0.0,0,0.0,0,0,0,0.0,0.0,0,0,0.0,0.0,0
2026-05-09 18:02:00,1,1,0,0.0,0,0.0,0,0,0,0.0,0.0,0,0,0.0,0.0,0
2026-05-09 18:02:00,1,1,0,0.0,0,0.0,0,0,0,0.0,0.0,0,0,0.0,0.0,0
2026-05-09 18:02:00,1,1,0,0.0,0,0.0,0,0,0,0.0,0.0,0,0,0.0,0.0,0
2026-05-09 18:02:00,1,1,0,0.0,0,0.0,0,0,0,0.0,0.0,0,0,0.0,0.0,0
2026-05-09 18:02:00,1,1,0,0.0,0,0.0,0,0,0,0.0,0.0,0,0,0.0,0.0,0
2026-05-09 18:02:00,1,1,0,0.0,0,0.0,0,0,0,0.0,0.0,0,0,0.0,0.0,0
2026-05-09 18:02:00,1,1,0,0.0,0,0.0,0,0,0,0.0,0.0,0,0,0.0,0.0,0
2026-05-09 18:02:00,1,1,0,0.0,0,0.0,0,0,0,0.0,0.0,0,0,0.0,0.0,0
2026-05-09 18:02:00,1,1,0,0.0,0,0.0,0,0,0,0.0,0.0,0,0,0.0,0.0,0
2026-05-09 18:02:00,1,1,0,0.0,0,0.0,0,0,0,0.0,0.0,0,0,0.0,0.0,0
2026-05-09 18:02:00,1,1,0,0.0,0,0.0,0,0,0,0.0,0.0,0,0,0.0,0.0,0
2026-05-09 18:02:00,1,1,0,0.0,0,0.0,0,0,0,0.0,0.0,0,0,0.0,0.0,0
2026-05-09 18:02:00,1,1,0,0.0,0,0.0,0,0,0,0.0,0.0,0,0,0.0,0.0,0
2026-05-09 18:02:00,1,1,0,0.0,0,0.0,0,0,0,0.0,0.0,0,0,0.0,0.0,0
2026-05-09 18:02:01,1,1,0,0.0,0,0.0,0,0,0,0.0,0.0,0,0,0.0,0.0,0
2026-05-09 18:02:01,1,1,0,0.0,0,0.0,0,0,0,0.0,0.0,0,0,0.0,0.0,0
2026-05-09 18:02:01,1,1,0,0.0,0,0.0,0,0,0,0.0,0.0,0,0,0.0,0.0,0
2026-05-09 18:02:01,1,1,0,0.0,0,0.0,0,0,0,0.0,0.0,0,0,0.0,0.0,0
2026-05-09 18:02:01,1,1,0,0.0,0,0.0,0,0,0,0.0,0.0,0,0,0.0,0.0,0
2026-05-09 18:02:01,1,1,0,0.0,0,0.0,0,0,0,0.0,0.0,0,0,0.0,0.0,0
2026-05-09 18:02:01,1,1,0,0.0,0,0.0,0,0,0,0.0,0.0,0,0,0.0,0.0,0
2026-05-09 18:02:01,1,1,0,0.0,0,0.0,0,0,0,0.0,0.0,0,0,0.0,0.0,0
2026-05-09 18:02:01,1,1,0,0.0,0,0.0,0,0,0,0.0,0.0,0,0,0.0,0.0,0
2026-05-09 18:02:01,1,1,0,0.0,0,0.0,0,0,0,0.0,0.0,0,0,0.0,0.0,0
2026-05-09 18:02:01,1,1,0,0.0,0,0.0,0,0,0,0.0,0.0,0,0,0.0,0.0,0
2026-05-09 18:02:01,1,1,0,0.0,0,0.0,0,0,0,0.0,0.0,0,0,0.0,0.0,0
2026-05-09 18:02:01,1,1,0,0.0,0,0.0,0,0,0,0.0,0.0,0,0,0.0,0.0,0
2026-05-09 18:02:01,1,1,0,0.0,0,0.0,0,0,0,0.0,0.0,0,0,0.0,0.0,0
2026-05-09 18:02:01,1,1,0,0.0,0,0.0,0,0,0,0.0,0.0,0,0,0.0,0.0,0
2026-05-09 18:02:01,1,1,0,0.0,0,0.0,0,0,0,0.0,0.0,0,0,0.0,0.0,0
2026-05-09 18:02:01,1,1,0,0.0,0,0.0,0,0,0,0.0,0.0,0,0,0.0,0.0,0
2026-05-09 18:02:01,1,1,0,0.0,0,0.0,0,0,0,0.0,0.0,0,0,0.0,0.0,0
2026-05-09 18:02:01,1,1,0,0.0,0,0.0,0,0,0,0.0,0.0,0,0,0.0,0.0,0
2026-05-09 18:02:01,1,1,0,0.0,0,0.0,0,0,0,0.0,0.0,0,0,0.0,0.0,0
2026-05-09 18:02:02,1,1,0,0.0,0,0.0,0,0,0,0.0,0.0,0,0,0.0,0.0,0
2026-05-09 18:02:02,1,1,0,0.0,0,0.0,0,0,0,0.0,0.0,0,0,0.0,0.0,0
2026-05-09 18:02:02,1,1,0,0.0,0,0.0,0,0,0,0.0,0.0,0,0,0.0,0.0,0
2026-05-09 18:02:02,1,1,0,0.0,0,0.0,0,0,0,0.0,0.0,0,0,0.0,0.0,0
2026-05-09 18:02:02,1,1,0,0.0,0,0.0,0,0,0,0.0,0.0,0,0,0.0,0.0,0
2026-05-09 18:02:02,1,1,0,0.0,0,0.0,0,0,0,0.0,0.0,0,0,0.0,0.0,0
2026-05-09 18:02:02,1,1,0,0.0,0,0.0,0,0,0,0.0,0.0,0,0,0.0,0.0,0
2026-05-09 18:02:02,1,1,0,0.0,0,0.0,0,0,0,0.0,0.0,0,0,0.0,0.0,0
2026-05-09 18:02:02,1,1,0,0.0,0,0.0,0,0,0,0.0,0.0,0,0,0.0,0.0,0
2026-05-09 18:02:02,1,1,0,0.0,0,0.0,0,0,0,0.0,0.0,0,0,0.0,0.0,0
2026-05-09 18:02:02,1,1,0,0.0,0,0.0,0,0,0,0.0,0.0,0,0,0.0,0.0,0
2026-05-09 18:02:02,1,1,0,0.0,0,0.0,0,0,0,0.0,0.0,0,0,0.0,0.0,0
2026-05-09 18:02:02,1,1,0,0.0,0,0.0,0,0,0,0.0,0.0,0,0,0.0,0.0,0
2026-05-09 18:02:02,1,1,0,0.0,0,0.0,0,0,0,0.0,0.0,0,0,0.0,0.0,0
2026-05-09 18:02:02,1,1,0,0.0,0,0.0,0,0,0,0.0,0.0,0,0,0.0,0.0,0
2026-05-09 18:02:02,1,1,0,0.0,0,0.0,0,0,0,0.0,0.0,0,0,0.0,0.0,0
2026-05-09 18:02:02,1,1,0,0.0,0,0.0,0,0,0,0.0,0.0,0,0,0.0,0.0,0
2026-05-09 18:02:02,1,1,0,0.0,0,0.0,0,0,0,0.0,0.0,0,0,0.0,0.0,0
2026-05-09 18:02:02,1,1,0,0.0,0,0.0,0,0,0,0.0,0.0,0,0,0.0,0.0,0
2026-05-09 18:02:02,1,1,0,0.0,0,0.0,0,0,0,0.0,0.0,0,0,0.0,0.0,0
2026-05-09 18:02:03,1,1,0,0.0,0,0.0,0,0,0,0.0,0.0,0,0,0.0,0.0,0
2026-05-09 18:02:03,1,1,0,0.0,0,0.0,0,0,0,0.0,0.0,0,0,0.0,0.0,0
2026-05-09 18:02:03,1,1,0,0.0,0,0.0,0,0,0,0.0,0.0,0,0,0.0,0.0,0
2026-05-09 18:02:03,1,1,0,0.0,0,0.0,0,0,0,0.0,0.0,0,0,0.0,0.0,0
2026-05-09 18:02:03,1,1,0,0.0,0,0.0,0,0,0,0.0,0.0,0,0,0.0,0.0,0
2026-05-09 18:02:03,1,1,0,0.0,0,0.0,0,0,0,0.0,0.0,0,0,0.0,0.0,0
2026-05-09 18:02:03,1,1,0,0.0,0,0.0,0,0,0,0.0,0.0,0,0,0.0,0.0,0
2026-05-09 18:02:03,1,1,0,0.0,0,0.0,0,0,0,0.0,0.0,0,0,0.0,0.0,0
2026-05-09 18:02:03,1,1,0,0.0,0,0.0,0,0,0,0.0,0.0,0,0,0.0,0.0,0
2026-05-09 18:02:03,1,1,0,0.0,0,0.0,0,0,0,0.0,0.0,0,0,0.0,0.0,0
2026-05-09 18:02:03,1,1,0,0.0,0,0.0,0,0,0,0.0,0.0,0,0,0.0,0.0,0
2026-05-09 18:02:03,1,1,0,0.0,0,0.0,0,0,0,0.0,0.0,0,0,0.0,0.0,0
2026-05-09 18:02:03,1,1,0,0.0,0,0.0,0,0,0,0.0,0.0,0,0,0.0,0.0,0
2026-05-09 18:02:03,1,1,0,0.0,0,0.0,0,0,0,0.0,0.0,0,0,0.0,0.0,0
2026-05-09 18:02:03,1,1,0,0.0,0,0.0,0,0,0,0.0,0.0,0,0,0.0,0.0,0
2026-05-09 18:02:03,1,1,0,0.0,0,0.0,0,0,0,0.0,0.0,0,0,0.0,0.0,0
2026-05-09 18:02:03,1,1,0,0.0,0,0.0,0,0,0,0.0,0.0,0,0,0.0,0.0,0
2026-05-09 18:02:03,1,1,0,0.0,0,0.0,0,0,0,0.0,0.0,0,0,0.0,0.0,0
2026-05-09 18:02:03,1,1,0,0.0,0,0.0,0,0,0,0.0,0.0,0,0,0.0,0.0,0
2026-05-09 18:02:03,1,1,0,0.0,0,0.0,0,0,0,0.0,0.0,0,0,0.0,0.0,0
2026-05-09 18:02:04,1,1,0,0.0,0,0.0,0,0,0,0.0,0.0,0,0,0.0,0.0,0
2026-05-09 18:02:04,1,1,0,0.0,0,0.0,0,0,0,0.0,0.0,0,0,0.0,0.0,0
2026-05-09 18:02:04,1,1,0,0.0,0,0.0,0,0,0,0.0,0.0,0,0,0.0,0.0,0
2026-05-09 18:02:04,1,1,0,0.0,0,0.0,0,0,0,0.0,0.0,0,0,0.0,0.0,0
2026-05-09 18:02:04,1,1,0,0.0,0,0.0,0,0,0,0.0,0.0,0,0,0.0,0.0,0
2026-05-09 18:02:04,1,1,0,0.0,0,0.0,0,0,0,0.0,0.0,0,0,0.0,0.0,0
2026-05-09 18:02:04,1,1,0,0.0,0,0.0,0,0,0,0.0,0.0,0,0,0.0,0.0,0
2026-05-09 18:02:04,1,1,0,0.0,0,0.0,0,0,0,0.0,0.0,0,0,0.0,0.0,0
2026-05-09 18:02:04,1,1,0,0.0,0,0.0,0,0,0,0.0,0.0,0,0,0.0,0.0,0
2026-05-09 18:02:04,1,1,0,0.0,0,0.0,0,0,0,0.0,0.0,0,0,0.0,0.0,0
2026-05-09 18:02:04,1,1,0,0.0,0,0.0,0,0,0,0.0,0.0,0,0,0.0,0.0,0
2026-05-09 18:02:04,1,1,0,0.0,0,0.0,0,0,0,0.0,0.0,0,0,0.0,0.0,0
2026-05-09 18:02:04,1,1,0,0.0,0,0.0,0,0,0,0.0,0.0,0,0,0.0,0.0,0
2026-05-09 18:02:04,1,1,0,0.0,0,0.0,0,0,0,0.0,0.0,0,0,0.0,0.0,0
2026-05-09 18:02:04,1,1,0,0.0,0,0.0,0,0,0,0.0,0.0,0,0,0.0,0.0,0
2026-05-09 18:02:04,1,1,0,0.0,0,0.0,0,0,0,0.0,0.0,0,0,0.0,0.0,0
2026-05-09 18:02:04,1,1,0,0.0,0,0.0,0,0,0,0.0,0.0,0,0,0.0,0.0,0
2026-05-09 18:02:04,1,1,0,0.0,0,0.0,0,0,0,0.0,0.0,0,0,0.0,0.0,0
2026-05-09 18:02:04,1,1,0,0.0,0,0.0,0,0,0,0.0,0.0,0,0,0.0,0.0,0
2026-05-09 18:02:04,1,1,0,0.0,0,0.0,0,0,0,0.0,0.0,0,0,0.0,0.0,0
2026-05-09 18:02:05,1,1,0,0.0,0,0.0,0,0,0,0.0,0.0,0,0,0.0,0.0,0
2026-05-09 18:02:05,1,1,0,0.0,0,0.0,0,0,0,0.0,0.0,0,0,0.0,0.0,0
2026-05-09 18:02:05,1,1,0,0.0,0,0.0,0,0,0,0.0,0.0,0,0,0.0,0.0,0
2026-05-09 18:02:05,1,1,0,0.0,0,0.0,0,0,0,0.0,0.0,0,0,0.0,0.0,0
2026-05-09 18:02:05,1,1,0,0.0,0,0.0,0,0,0,0.0,0.0,0,0,0.0,0.0,0
2026-05-09 18:02:05,1,1,0,0.0,0,0.0,0,0,0,0.0,0.0,0,0,0.0,0.0,0
2026-05-09 18:02:05,1,1,0,0.0,0,0.0,0,0,0,0.0,0.0,0,0,0.0,0.0,0
2026-05-09 18:02:05,1,1,0,0.0,0,0.0,0,0,0,0.0,0.0,0,0,0.0,0.0,0
2026-05-09 18:02:05,1,1,0,0.0,0,0.0,0,0,0,0.0,0.0,0,0,0.0,0.0,0
2026-05-09 18:02:05,1,1,0,0.0,0,0.0,0,0,0,0.0,0.0,0,0,0.0,0.0,0
2026-05-09 18:02:05,1,1,0,0.0,0,0.0,0,0,0,0.0,0.0,0,0,0.0,0.0,0
2026-05-09 18:02:05,1,1,0,0.0,0,0.0,0,0,0,0.0,0.0,0,0,0.0,0.0,0
2026-05-09 18:02:05,1,1,0,0.0,0,0.0,0,0,0,0.0,0.0,0,0,0.0,0.0,0
2026-05-09 18:02:05,1,1,0,0.0,0,0.0,0,0,0,0.0,0.0,0,0,0.0,0.0,0
2026-05-09 18:02:05,1,1,0,0.0,0,0.0,0,0,0,0.0,0.0,0,0,0.0,0.0,0
2026-05-09 18:02:05,1,1,0,0.0,0,0.0,0,0,0,0.0,0.0,0,0,0.0,0.0,0
2026-05-09 18:02:05,1,1,0,0.0,0,0.0,0,0,0,0.0,0.0,0,0,0.0,0.0,0
2026-05-09 18:02:05,1,1,0,0.0,0,0.0,0,0,0,0.0,0.0,0,0,0.0,0.0,0
2026-05-09 18:02:05,1,1,0,0.0,0,0.0,0,0,0,0.0,0.0,0,0,0.0,0.0,0
2026-05-09 18:02:05,1,1,0,0.0,0,0.0,0,0,0,0.0,0.0,0,0,0.0,0.0,0
2026-05-09 18:02:06,1,1,0,0.0,0,0.0,0,0,0,0.0,0.0,0,0,0.0,0.0,0
2026-05-09 18:02:06,1,1,0,0.0,0,0.0,0,0,0,0.0,0.0,0,0,0.0,0.0,0
2026-05-09 18:02:06,1,1,0,0.0,0,0.0,0,0,0,0.0,0.0,0,0,0.0,0.0,0
2026-05-09 18:02:06,1,1,0,0.0,0,0.0,0,0,0,0.0,0.0,0,0,0.0,0.0,0
2026-05-09 18:02:06,1,1,0,0.0,0,0.0,0,0,0,0.0,0.0,0,0,0.0,0.0,0
2026-05-09 18:02:06,1,1,0,0.0,0,0.0,0,0,0,0.0,0.0,0,0,0.0,0.0,0
2026-05-09 18:02:06,1,1,0,0.0,0,0.0,0,0,0,0.0,0.0,0,0,0.0,0.0,0
2026-05-09 18:02:06,1,1,0,0.0,0,0.0,0,0,0,0.0,0.0,0,0,0.0,0.0,0
2026-05-09 18:02:06,1,1,0,0.0,0,0.0,0,0,0,0.0,0.0,0,0,0.0,0.0,0
2026-05-09 18:02:06,1,1,0,0.0,0,0.0,0,0,0,0.0,0.0,0,0,0.0,0.0,0
2026-05-09 18:02:06,1,1,0,0.0,0,0.0,0,0,0,0.0,0.0,0,0,0.0,0.0,0
2026-05-09 18:02:06,1,1,0,0.0,0,0.0,0,0,0,0.0,0.0,0,0,0.0,0.0,0
2026-05-09 18:02:06,1,1,0,0.0,0,0.0,0,0,0,0.0,0.0,0,0,0.0,0.0,0
2026-05-09 18:02:06,1,1,0,0.0,0,0.0,0,0,0,0.0,0.0,0,0,0.0,0.0,0
2026-05-09 18:02:06,1,1,0,0.0,0,0.0,0,0,0,0.0,0.0,0,0,0.0,0.0,0
2026-05-09 18:02:06,1,1,0,0.0,0,0.0,0,0,0,0.0,0.0,0,0,0.0,0.0,0
2026-05-09 18:02:06,1,1,0,0.0,0,0.0,0,0,0,0.0,0.0,0,0,0.0,0.0,0
2026-05-09 18:02:06,1,1,0,0.0,0,0.0,0,0,0,0.0,0.0,0,0,0.0,0.0,0
2026-05-09 18:02:06,1,1,0,0.0,0,0.0,0,0,0,0.0,0.0,0,0,0.0,0.0,0
2026-05-09 18:02:06,1,1,0,0.0,0,0.0,0,0,0,0.0,0.0,0,0,0.0,0.0,0
2026-05-09 18:02:07,1,1,0,0.0,0,0.0,0,0,0,0.0,0.0,0,0,0.0,0.0,0
2026-05-09 18:02:07,1,1,0,0.0,0,0.0,0,0,0,0.0,0.0,0,0,0.0,0.0,0
2026-05-09 18:02:07,1,1,0,0.0,0,0.0,0,0,0,0.0,0.0,0,0,0.0,0.0,0
2026-05-09 18:02:07,1,1,0,0.0,0,0.0,0,0,0,0.0,0.0,0,0,0.0,0.0,0
2026-05-09 18:02:07,1,1,0,0.0,0,0.0,0,0,0,0.0,0.0,0,0,0.0,0.0,0
2026-05-09 18:02:07,1,1,0,0.0,0,0.0,0,0,0,0.0,0.0,0,0,0.0,0.0,0
2026-05-09 18:02:07,1,1,0,0.0,0,0.0,0,0,0,0.0,0.0,0,0,0.0,0.0,0
2026-05-09 18:02:07,1,1,0,0.0,0,0.0,0,0,0,0.0,0.0,0,0,0.0,0.0,0
2026-05-09 18:02:07,1,1,0,0.0,0,0.0,0,0,0,0.0,0.0,0,0,0.0,0.0,0
2026-05-09 18:02:07,1,1,0,0.0,0,0.0,0,0,0,0.0,0.0,0,0,0.0,0.0,0
2026-05-09 18:02:07,1,1,0,0.0,0,0.0,0,0,0,0.0,0.0,0,0,0.0,0.0,0
2026-05-09 18:02:07,1,1,0,0.0,0,0.0,0,0,0,0.0,0.0,0,0,0.0,0.0,0
2026-05-09 18:02:07,1,1,0,0.0,0,0.0,0,0,0,0.0,0.0,0,0,0.0,0.0,0
2026-05-09 18:02:07,1,1,0,0.0,0,0.0,0,0,0,0.0,0.0,0,0,0.0,0.0,0
2026-05-09 18:02:07,1,1,0,0.0,0,0.0,0,0,0,0.0,0.0,0,0,0.0,0.0,0
2026-05-09 18:02:07,1,1,0,0.0,0,0.0,0,0,0,0.0,0.0,0,0,0.0,0.0,0
2026-05-09 18:02:07,1,1,0,0.0,0,0.0,0,0,0,0.0,0.0,0,0,0.0,0.0,0
2026-05-09 18:02:07,1,1,0,0.0,0,0.0,0,0,0,0.0,0.0,0,0,0.0,0.0,0
2026-05-09 18:02:07,1,1,0,0.0,0,0.0,0,0,0,0.0,0.0,0,0,0.0,0.0,0
2026-05-09 18:02:07,1,1,0,0.0,0,0.0,0,0,0,0.0,0.0,0,0,0.0,0.0,0
2026-05-09 18:02:08,1,1,0,0.0,0,0.0,0,0,0,0.0,0.0,0,0,0.0,0.0,0
2026-05-09 18:02:08,1,1,0,0.0,0,0.0,0,0,0,0.0,0.0,0,0,0.0,0.0,0
2026-05-09 18:02:08,1,1,0,0.0,0,0.0,0,0,0,0.0,0.0,0,0,0.0,0.0,0
2026-05-09 18:02:08,1,1,0,0.0,0,0.0,0,0,0,0.0,0.0,0,0,0.0,0.0,0
2026-05-09 18:02:08,1,1,0,0.0,0,0.0,0,0,0,0.0,0.0,0,0,0.0,0.0,0
2026-05-09 18:02:08,1,1,0,0.0,0,0.0,0,0,0,0.0,0.0,0,0,0.0,0.0,0
2026-05-09 18:02:08,1,1,0,0.0,0,0.0,0,0,0,0.0,0.0,0,0,0.0,0.0,0
2026-05-09 18:02:08,1,1,0,0.0,0,0.0,0,0,0,0.0,0.0,0,0,0.0,0.0,0
2026-05-09 18:02:08,1,1,0,0.0,0,0.0,0,0,0,0.0,0.0,0,0,0.0,0.0,0
2026-05-09 18:02:08,1,1,0,0.0,0,0.0,0,0,0,0.0,0.0,0,0,0.0,0.0,0
2026-05-09 18:02:08,1,1,0,0.0,0,0.0,0,0,0,0.0,0.0,0,0,0.0,0.0,0
2026-05-09 18:02:08,1,1,0,0.0,0,0.0,0,0,0,0.0,0.0,0,0,0.0,0.0,0
2026-05-09 18:02:08,1,1,0,0.0,0,0.0,0,0,0,0.0,0.0,0,0,0.0,0.0,0
2026-05-09 18:02:08,1,1,0,0.0,0,0.0,0,0,0,0.0,0.0,0,0,0.0,0.0,0
2026-05-09 18:02:08,1,1,0,0.0,0,0.0,0,0,0,0.0,0.0,0,0,0.0,0.0,0
2026-05-09 18:02:08,1,1,0,0.0,0,0.0,0,0,0,0.0,0.0,0,0,0.0,0.0,0
2026-05-09 18:02:08,1,1,0,0.0,0,0.0,0,0,0,0.0,0.0,0,0,0.0,0.0,0
2026-05-09 18:02:08,1,1,0,0.0,0,0.0,0,0,0,0.0,0.0,0,0,0.0,0.0,0
2026-05-09 18:02:08,1,1,0,0.0,0,0.0,0,0,0,0.0,0.0,0,0,0.0,0.0,0
2026-05-09 18:02:08,1,1,0,0.0,0,0.0,0,0,0,0.0,0.0,0,0,0.0,0.0,0
2026-05-09 18:02:09,1,1,0,0.0,0,0.0,0,0,0,0.0,0.0,0,0,0.0,0.0,0
2026-05-09 18:02:09,1,1,0,0.0,0,0.0,0,0,0,0.0,0.0,0,0,0.0,0.0,0
2026-05-09 18:02:09,1,1,0,0.0,0,0.0,0,0,0,0.0,0.0,0,0,0.0,0.0,0
2026-05-09 18:02:09,1,1,0,0.0,0,0.0,0,0,0,0.0,0.0,0,0,0.0,0.0,0
2026-05-09 18:02:09,1,1,0,0.0,0,0.0,0,0,0,0.0,0.0,0,0,0.0,0.0,0
2026-05-09 18:02:09,1,1,0,0.0,0,0.0,0,0,0,0.0,0.0,0,0,0.0,0.0,0
2026-05-09 18:02:09,1,1,0,0.0,0,0.0,0,0,0,0.0,0.0,0,0,0.0,0.0,0
2026-05-09 18:02:09,1,1,0,0.0,0,0.0,0,0,0,0.0,0.0,0,0,0.0,0.0,0
2026-05-09 18:02:09,1,1,0,0.0,0,0.0,0,0,0,0.0,0.0,0,0,0.0,0.0,0
2026-05-09 18:02:09,1,1,0,0.0,0,0.0,0,0,0,0.0,0.0,0,0,0.0,0.0,0
2026-05-09 18:02:09,1,1,0,0.0,0,0.0,0,0,0,0.0,0.0,0,0,0.0,0.0,0
2026-05-09 18:02:09,1,1,0,0.0,0,0.0,0,0,0,0.0,0.0,0,0,0.0,0.0,0
2026-05-09 18:02:09,1,1,0,0.0,0,0.0,0,0,0,0.0,0.0,0,0,0.0,0.0,0
2026-05-09 18:02:09,1,1,0,0.0,0,0.0,0,0,0,0.0,0.0,0,0,0.0,0.0,0
2026-05-09 18:02:09,1,1,0,0.0,0,0.0,0,0,0,0.0,0.0,0,0,0.0,0.0,0
2026-05-09 18:02:09,1,1,0,0.0,0,0.0,0,0,0,0.0,0.0,0,0,0.0,0.0,0
2026-05-09 18:02:09,1,1,0,0.0,0,0.0,0,0,0,0.0,0.0,0,0,0.0,0.0,0
2026-05-09 18:02:09,1,1,0,0.0,0,0.0,0,0,0,0.0,0.0,0,0,0.0,0.0,0
2026-05-09 18:02:09,1,1,0,0.0,0,0.0,0,0,0,0.0,0.0,0,0,0.0,0.0,0
2026-05-09 18:02:09,1,1,0,0.0,0,0.0,0,0,0,0.0,0.0,0,0,0.0,0.0,0
2026-05-09 18:02:10,1,1,0,0.0,0,0.0,0,0,0,0.0,0.0,0,0,0.0,0.0,0
2026-05-09 18:02:10,1,1,0,0.0,0,0.0,0,0,0,0.0,0.0,0,0,0.0,0.0,0
2026-05-09 18:02:10,1,1,0,0.0,0,0.0,0,0,0,0.0,0.0,0,0,0.0,0.0,0
2026-05-09 18:02:10,1,1,0,0.0,0,0.0,0,0,0,0.0,0.0,0,0,0.0,0.0,0
2026-05-09 18:02:10,1,1,0,0.0,0,0.0,0,0,0,0.0,0.0,0,0,0.0,0.0,0
2026-05-09 18:02:10,1,1,0,0.0,0,0.0,0,0,0,0.0,0.0,0,0,0.0,0.0,0
2026-05-09 18:02:10,1,1,0,0.0,0,0.0,0,0,0,0.0,0.0,0,0,0.0,0.0,0
2026-05-09 18:02:10,1,1,0,0.0,0,0.0,0,0,0,0.0,0.0,0,0,0.0,0.0,0
2026-05-09 18:02:10,1,1,0,0.0,0,0.0,0,0,0,0.0,0.0,0,0,0.0,0.0,0
2026-05-09 18:02:10,1,1,0,0.0,0,0.0,0,0,0,0.0,0.0,0,0,0.0,0.0,0
2026-05-09 18:02:10,1,1,0,0.0,0,0.0,0,0,0,0.0,0.0,0,0,0.0,0.0,0
2026-05-09 18:02:10,1,1,0,0.0,0,0.0,0,0,0,0.0,0.0,0,0,0.0,0.0,0
2026-05-09 18:02:10,1,1,0,0.0,0,0.0,0,0,0,0.0,0.0,0,0,0.0,0.0,0
2026-05-09 18:02:10,1,1,0,0.0,0,0.0,0,0,0,0.0,0.0,0,0,0.0,0.0,0
2026-05-09 18:02:10,1,1,0,0.0,0,0.0,0,0,0,0.0,0.0,0,0,0.0,0.0,0
2026-05-09 18:02:10,1,1,0,0.0,0,0.0,0,0,0,0.0,0.0,0,0,0.0,0.0,0
2026-05-09 18:02:10,1,1,0,0.0,0,0.0,0,0,0,0.0,0.0,0,0,0.0,0.0,0
2026-05-09 18:02:10,1,1,0,0.0,0,0.0,0,0,0,0.0,0.0,0,0,0.0,0.0,0
2026-05-09 18:02:10,1,1,0,0.0,0,0.0,0,0,0,0.0,0.0,0,0,0.0,0.0,0
2026-05-09 18:02:10,1,1,0,0.0,0,0.0,0,0,0,0.0,0.0,0,0,0.0,0.0,0
2026-05-09 18:02:11,1,1,0,0.0,0,0.0,0,0,0,0.0,0.0,0,0,0.0,0.0,0
2026-05-09 18:02:11,1,1,0,0.0,0,0.0,0,0,0,0.0,0.0,0,0,0.0,0.0,0
2026-05-09 18:02:11,1,1,0,0.0,0,0.0,0,0,0,0.0,0.0,0,0,0.0,0.0,0
2026-05-09 18:02:11,1,1,0,0.0,0,0.0,0,0,0,0.0,0.0,0,0,0.0,0.0,0
2026-05-09 18:02:11,1,1,0,0.0,0,0.0,0,0,0,0.0,0.0,0,0,0.0,0.0,0
2026-05-09 18:02:11,1,1,0,0.0,0,0.0,0,0,0,0.0,0.0,0,0,0.0,0.0,0
2026-05-09 18:02:11,1,1,0,0.0,0,0.0,0,0,0,0.0,0.0,0,0,0.0,0.0,0
2026-05-09 18:02:11,1,1,0,0.0,0,0.0,0,0,0,0.0,0.0,0,0,0.0,0.0,0
2026-05-09 18:02:11,1,1,0,0.0,0,0.0,0,0,0,0.0,0.0,0,0,0.0,0.0,0
2026-05-09 18:02:11,1,1,0,0.0,0,0.0,0,0,0,0.0,0.0,0,0,0.0,0.0,0
2026-05-09 18:02:11,1,1,0,0.0,0,0.0,0,0,0,0.0,0.0,0,0,0.0,0.0,0
2026-05-09 18:02:11,1,1,0,0.0,0,0.0,0,0,0,0.0,0.0,0,0,0.0,0.0,0
2026-05-09 18:02:11,1,1,0,0.0,0,0.0,0,0,0,0.0,0.0,0,0,0.0,0.0,0
2026-05-09 18:02:11,1,1,0,0.0,0,0.0,0,0,0,0.0,0.0,0,0,0.0,0.0,0
2026-05-09 18:02:11,1,1,0,0.0,0,0.0,0,0,0,0.0,0.0,0,0,0.0,0.0,0
2026-05-09 18:02:11,1,1,0,0.0,0,0.0,0,0,0,0.0,0.0,0,0,0.0,0.0,0
2026-05-09 18:02:11,1,1,0,0.0,0,0.0,0,0,0,0.0,0.0,0,0,0.0,0.0,0
2026-05-09 18:02:11,1,1,0,0.0,0,0.0,0,0,0,0.0,0.0,0,0,0.0,0.0,0
2026-05-09 18:02:11,1,1,0,0.0,0,0.0,0,0,0,0.0,0.0,0,0,0.0,0.0,0
2026-05-09 18:02:11,1,1,0,0.0,0,0.0,0,0,0,0.0,0.0,0,0,0.0,0.0,0
2026-05-09 18:02:12,1,1,0,0.0,0,0.0,0,0,0,0.0,0.0,0,0,0.0,0.0,0
2026-05-09 18:02:12,1,1,0,0.0,0,0.0,0,0,0,0.0,0.0,0,0,0.0,0.0,0
2026-05-09 18:02:12,1,1,0,0.0,0,0.0,0,0,0,0.0,0.0,0,0,0.0,0.0,0
2026-05-09 18:02:12,1,1,0,0.0,0,0.0,0,0,0,0.0,0.0,0,0,0.0,0.0,0
2026-05-09 18:02:12,1,1,0,0.0,0,0.0,0,0,0,0.0,0.0,0,0,0.0,0.0,0
2026-05-09 18:02:12,1,1,0,0.0,0,0.0,0,0,0,0.0,0.0,0,0,0.0,0.0,0
2026-05-09 18:02:12,1,1,0,0.0,0,0.0,0,0,0,0.0,0.0,0,0,0.0,0.0,0
2026-05-09 18:02:12,1,1,0,0.0,0,0.0,0,0,0,0.0,0.0,0,0,0.0,0.0,0
2026-05-09 18:02:12,1,1,0,0.0,0,0.0,0,0,0,0.0,0.0,0,0,0.0,0.0,0
2026-05-09 18:02:12,1,1,0,0.0,0,0.0,0,0,0,0.0,0.0,0,0,0.0,0.0,0
2026-05-09 18:02:12,1,1,0,0.0,0,0.0,0,0,0,0.0,0.0,0,0,0.0,0.0,0
2026-05-09 18:02:12,1,1,0,0.0,0,0.0,0,0,0,0.0,0.0,0,0,0.0,0.0,0
2026-05-09 18:02:12,1,1,0,0.0,0,0.0,0,0,0,0.0,0.0,0,0,0.0,0.0,0
2026-05-09 18:02:12,1,1,0,0.0,0,0.0,0,0,0,0.0,0.0,0,0,0.0,0.0,0
2026-05-09 18:02:12,1,1,0,0.0,0,0.0,0,0,0,0.0,0.0,0,0,0.0,0.0,0
2026-05-09 18:02:12,1,1,0,0.0,0,0.0,0,0,0,0.0,0.0,0,0,0.0,0.0,0
2026-05-09 18:02:12,1,1,0,0.0,0,0.0,0,0,0,0.0,0.0,0,0,0.0,0.0,0
2026-05-09 18:02:12,1,1,0,0.0,0,0.0,0,0,0,0.0,0.0,0,0,0.0,0.0,0
2026-05-09 18:02:12,1,1,0,0.0,0,0.0,0,0,0,0.0,0.0,0,0,0.0,0.0,0
2026-05-09 18:02:12,1,1,0,0.0,0,0.0,0,0,0,0.0,0.0,0,0,0.0,0.0,0
2026-05-09 18:02:13,1,1,0,0.0,0,0.0,0,0,0,0.0,0.0,0,0,0.0,0.0,0
2026-05-09 18:02:13,1,1,0,0.0,0,0.0,0,0,0,0.0,0.0,0,0,0.0,0.0,0
2026-05-09 18:02:13,1,1,0,0.0,0,0.0,0,0,0,0.0,0.0,0,0,0.0,0.0,0
2026-05-09 18:02:13,1,1,0,0.0,0,0.0,0,0,0,0.0,0.0,0,0,0.0,0.0,0
2026-05-09 18:02:13,1,1,0,0.0,0,0.0,0,0,0,0.0,0.0,0,0,0.0,0.0,0
2026-05-09 18:02:13,1,1,0,0.0,0,0.0,0,0,0,0.0,0.0,0,0,0.0,0.0,0
2026-05-09 18:02:13,1,1,0,0.0,0,0.0,0,0,0,0.0,0.0,0,0,0.0,0.0,0
2026-05-09 18:02:13,1,1,0,0.0,0,0.0,0,0,0,0.0,0.0,0,0,0.0,0.0,0
2026-05-09 18:02:13,1,1,0,0.0,0,0.0,0,0,0,0.0,0.0,0,0,0.0,0.0,0
2026-05-09 18:02:13,1,1,0,0.0,0,0.0,0,0,0,0.0,0.0,0,0,0.0,0.0,0
2026-05-09 18:02:13,1,1,0,0.0,0,0.0,0,0,0,0.0,0.0,0,0,0.0,0.0,0
2026-05-09 18:02:13,1,1,0,0.0,0,0.0,0,0,0,0.0,0.0,0,0,0.0,0.0,0
2026-05-09 18:02:13,1,1,0,0.0,0,0.0,0,0,0,0.0,0.0,0,0,0.0,0.0,0
2026-05-09 18:02:13,1,1,0,0.0,0,0.0,0,0,0,0.0,0.0,0,0,0.0,0.0,0
2026-05-09 18:02:13,1,1,0,0.0,0,0.0,0,0,0,0.0,0.0,0,0,0.0,0.0,0
2026-05-09 18:02:13,1,1,0,0.0,0,0.0,0,0,0,0.0,0.0,0,0,0.0,0.0,0
2026-05-09 18:02:13,1,1,0,0.0,0,0.0,0,0,0,0.0,0.0,0,0,0.0,0.0,0
2026-05-09 18:02:13,1,1,0,0.0,0,0.0,0,0,0,0.0,0.0,0,0,0.0,0.0,0
2026-05-09 18:02:13,1,1,0,0.0,0,0.0,0,0,0,0.0,0.0,0,0,0.0,0.0,0
2026-05-09 18:02:13,1,1,0,0.0,0,0.0,0,0,0,0.0,0.0,0,0,0.0,0.0,0
2026-05-09 18:02:14,1,1,0,0.0,0,0.0,0,0,0,0.0,0.0,0,0,0.0,0.0,0
2026-05-09 18:02:14,1,1,0,0.0,0,0.0,0,0,0,0.0,0.0,0,0,0.0,0.0,0
2026-05-09 18:02:14,1,1,0,0.0,0,0.0,0,0,0,0.0,0.0,0,0,0.0,0.0,0
2026-05-09 18:02:14,1,1,0,0.0,0,0.0,0,0,0,0.0,0.0,0,0,0.0,0.0,0
2026-05-09 18:02:14,1,1,0,0.0,0,0.0,0,0,0,0.0,0.0,0,0,0.0,0.0,0
2026-05-09 18:02:14,1,1,0,0.0,0,0.0,0,0,0,0.0,0.0,0,0,0.0,0.0,0
2026-05-09 18:02:14,1,1,0,0.0,0,0.0,0,0,0,0.0,0.0,0,0,0.0,0.0,0
2026-05-09 18:02:14,1,1,0,0.0,0,0.0,0,0,0,0.0,0.0,0,0,0.0,0.0,0
2026-05-09 18:02:14,1,1,0,0.0,0,0.0,0,0,0,0.0,0.0,0,0,0.0,0.0,0
2026-05-09 18:02:14,1,1,0,0.0,0,0.0,0,0,0,0.0,0.0,0,0,0.0,0.0,0
2026-05-09 18:02:14,1,1,0,0.0,0,0.0,0,0,0,0.0,0.0,0,0,0.0,0.0,0
2026-05-09 18:02:14,1,1,0,0.0,0,0.0,0,0,0,0.0,0.0,0,0,0.0,0.0,0
2026-05-09 18:02:14,1,1,0,0.0,0,0.0,0,0,0,0.0,0.0,0,0,0.0,0.0,0
2026-05-09 18:02:14,1,1,0,0.0,0,0.0,0,0,0,0.0,0.0,0,0,0.0,0.0,0
2026-05-09 18:02:14,1,1,0,0.0,0,0.0,0,0,0,0.0,0.0,0,0,0.0,0.0,0
2026-05-09 18:02:14,1,1,0,0.0,0,0.0,0,0,0,0.0,0.0,0,0,0.0,0.0,0
2026-05-09 18:02:14,1,1,0,0.0,0,0.0,0,0,0,0.0,0.0,0,0,0.0,0.0,0
2026-05-09 18:02:14,1,1,0,0.0,0,0.0,0,0,0,0.0,0.0,0,0,0.0,0.0,0
2026-05-09 18:02:14,1,1,0,0.0,0,0.0,0,0,0,0.0,0.0,0,0,0.0,0.0,0
2026-05-09 18:02:14,1,1,0,0.0,0,0.0,0,0,0,0.0,0.0,0,0,0.0,0.0,0
2026-05-09 18:02:15,1,1,0,0.0,0,0.0,0,0,0,0.0,0.0,0,0,0.0,0.0,0
2026-05-09 18:02:15,1,1,0,0.0,0,0.0,0,0,0,0.0,0.0,0,0,0.0,0.0,0
2026-05-09 18:02:15,1,1,0,0.0,0,0.0,0,0,0,0.0,0.0,0,0,0.0,0.0,0
2026-05-09 18:02:15,1,1,0,0.0,0,0.0,0,0,0,0.0,0.0,0,0,0.0,0.0,0
2026-05-09 18:02:15,1,1,0,0.0,0,0.0,0,0,0,0.0,0.0,0,0,0.0,0.0,0
2026-05-09 18:02:15,1,1,0,0.0,0,0.0,0,0,0,0.0,0.0,0,0,0.0,0.0,0
2026-05-09 18:02:15,1,1,0,0.0,0,0.0,0,0,0,0.0,0.0,0,0,0.0,0.0,0
2026-05-09 18:02:15,1,1,0,0.0,0,0.0,0,0,0,0.0,0.0,0,0,0.0,0.0,0
2026-05-09 18:02:15,1,1,0,0.0,0,0.0,0,0,0,0.0,0.0,0,0,0.0,0.0,0
2026-05-09 18:02:15,1,1,0,0.0,0,0.0,0,0,0,0.0,0.0,0,0,0.0,0.0,0
2026-05-09 18:02:15,1,1,0,0.0,0,0.0,0,0,0,0.0,0.0,0,0,0.0,0.0,0
2026-05-09 18:02:15,1,1,0,0.0,0,0.0,0,0,0,0.0,0.0,0,0,0.0,0.0,0
2026-05-09 18:02:15,1,1,0,0.0,0,0.0,0,0,0,0.0,0.0,0,0,0.0,0.0,0
2026-05-09 18:02:15,1,1,0,0.0,0,0.0,0,0,0,0.0,0.0,0,0,0.0,0.0,0
2026-05-09 18:02:15,1,1,0,0.0,0,0.0,0,0,0,0.0,0.0,0,0,0.0,0.0,0
2026-05-09 18:02:15,1,1,0,0.0,0,0.0,0,0,0,0.0,0.0,0,0,0.0,0.0,0
2026-05-09 18:02:15,1,1,0,0.0,0,0.0,0,0,0,0.0,0.0,0,0,0.0,0.0,0
2026-05-09 18:02:15,1,1,0,0.0,0,0.0,0,0,0,0.0,0.0,0,0,0.0,0.0,0
2026-05-09 18:02:15,1,1,0,0.0,0,0.0,0,0,0,0.0,0.0,0,0,0.0,0.0,0
2026-05-09 18:02:15,1,1,0,0.0,0,0.0,0,0,0,0.0,0.0,0,0,0.0,0.0,0
2026-05-09 18:02:16,1,1,0,0.0,0,0.0,0,0,0,0.0,0.0,0,0,0.0,0.0,0
2026-05-09 18:02:16,1,1,0,0.0,0,0.0,0,0,0,0.0,0.0,0,0,0.0,0.0,0
2026-05-09 18:02:16,1,1,0,0.0,0,0.0,0,0,0,0.0,0.0,0,0,0.0,0.0,0
2026-05-09 18:02:16,1,1,0,0.0,0,0.0,0,0,0,0.0,0.0,0,0,0.0,0.0,0
2026-05-09 18:02:16,1,1,0,0.0,0,0.0,0,0,0,0.0,0.0,0,0,0.0,0.0,0
2026-05-09 18:02:16,1,1,0,0.0,0,0.0,0,0,0,0.0,0.0,0,0,0.0,0.0,0
2026-05-09 18:02:16,1,1,0,0.0,0,0.0,0,0,0,0.0,0.0,0,0,0.0,0.0,0
2026-05-09 18:02:16,1,1,0,0.0,0,0.0,0,0,0,0.0,0.0,0,0,0.0,0.0,0
2026-05-09 18:02:16,1,1,0,0.0,0,0.0,0,0,0,0.0,0.0,0,0,0.0,0.0,0
2026-05-09 18:02:16,1,1,0,0.0,0,0.0,0,0,0,0.0,0.0,0,0,0.0,0.0,0
2026-05-09 18:02:16,1,1,0,0.0,0,0.0,0,0,0,0.0,0.0,0,0,0.0,0.0,0
2026-05-09 18:02:16,1,1,0,0.0,0,0.0,0,0,0,0.0,0.0,0,0,0.0,0.0,0
2026-05-09 18:02:16,1,1,0,0.0,0,0.0,0,0,0,0.0,0.0,0,0,0.0,0.0,0
2026-05-09 18:02:16,1,1,0,0.0,0,0.0,0,0,0,0.0,0.0,0,0,0.0,0.0,0
2026-05-09 18:02:16,1,1,0,0.0,0,0.0,0,0,0,0.0,0.0,0,0,0.0,0.0,0
2026-05-09 18:02:16,1,1,0,0.0,0,0.0,0,0,0,0.0,0.0,0,0,0.0,0.0,0
2026-05-09 18:02:16,1,1,0,0.0,0,0.0,0,0,0,0.0,0.0,0,0,0.0,0.0,0
2026-05-09 18:02:16,1,1,0,0.0,0,0.0,0,0,0,0.0,0.0,0,0,0.0,0.0,0
2026-05-09 18:02:16,1,1,0,0.0,0,0.0,0,0,0,0.0,0.0,0,0,0.0,0.0,0
2026-05-09 18:02:16,1,1,0,0.0,0,0.0,0,0,0,0.0,0.0,0,0,0.0,0.0,0
2026-05-09 18:02:17,1,1,0,0.0,0,0.0,0,0,0,0.0,0.0,0,0,0.0,0.0,0
2026-05-09 18:02:17,1,1,0,0.0,0,0.0,0,0,0,0.0,0.0,0,0,0.0,0.0,0
2026-05-09 18:02:17,1,1,0,0.0,0,0.0,0,0,0,0.0,0.0,0,0,0.0,0.0,0
2026-05-09 18:02:17,1,1,0,0.0,0,0.0,0,0,0,0.0,0.0,0,0,0.0,0.0,0
2026-05-09 18:02:17,1,1,0,0.0,0,0.0,0,0,0,0.0,0.0,0,0,0.0,0.0,0
2026-05-09 18:02:17,1,1,0,0.0,0,0.0,0,0,0,0.0,0.0,0,0,0.0,0.0,0
2026-05-09 18:02:17,1,1,0,0.0,0,0.0,0,0,0,0.0,0.0,0,0,0.0,0.0,0
2026-05-09 18:02:17,1,1,0,0.0,0,0.0,0,0,0,0.0,0.0,0,0,0.0,0.0,0
2026-05-09 18:02:17,1,1,0,0.0,0,0.0,0,0,0,0.0,0.0,0,0,0.0,0.0,0
2026-05-09 18:02:17,1,1,0,0.0,0,0.0,0,0,0,0.0,0.0,0,0,0.0,0.0,0
2026-05-09 18:02:17,1,1,0,0.0,0,0.0,0,0,0,0.0,0.0,0,0,0.0,0.0,0
2026-05-09 18:02:17,1,1,0,0.0,0,0.0,0,0,0,0.0,0.0,0,0,0.0,0.0,0
2026-05-09 18:02:17,1,1,0,0.0,0,0.0,0,0,0,0.0,0.0,0,0,0.0,0.0,0
2026-05-09 18:02:17,1,1,0,0.0,0,0.0,0,0,0,0.0,0.0,0,0,0.0,0.0,0
2026-05-09 18:02:17,1,1,0,0.0,0,0.0,0,0,0,0.0,0.0,0,0,0.0,0.0,0
2026-05-09 18:02:17,1,1,0,0.0,0,0.0,0,0,0,0.0,0.0,0,0,0.0,0.0,0
2026-05-09 18:02:17,1,1,0,0.0,0,0.0,0,0,0,0.0,0.0,0,0,0.0,0.0,0
2026-05-09 18:02:17,1,1,0,0.0,0,0.0,0,0,0,0.0,0.0,0,0,0.0,0.0,0
2026-05-09 18:02:17,1,1,0,0.0,0,0.0,0,0,0,0.0,0.0,0,0,0.0,0.0,0
2026-05-09 18:02:17,1,1,0,0.0,0,0.0,0,0,0,0.0,0.0,0,0,0.0,0.0,0
2026-05-09 18:02:18,1,1,0,0.0,0,0.0,0,0,0,0.0,0.0,0,0,0.0,0.0,0
2026-05-09 18:02:18,1,1,0,0.0,0,0.0,0,0,0,0.0,0.0,0,0,0.0,0.0,0
2026-05-09 18:02:18,1,1,0,0.0,0,0.0,0,0,0,0.0,0.0,0,0,0.0,0.0,0
2026-05-09 18:02:18,1,1,0,0.0,0,0.0,0,0,0,0.0,0.0,0,0,0.0,0.0,0
2026-05-09 18:02:18,1,1,0,0.0,0,0.0,0,0,0,0.0,0.0,0,0,0.0,0.0,0
2026-05-09 18:02:18,1,1,0,0.0,0,0.0,0,0,0,0.0,0.0,0,0,0.0,0.0,0
2026-05-09 18:02:18,1,1,0,0.0,0,0.0,0,0,0,0.0,0.0,0,0,0.0,0.0,0
2026-05-09 18:02:18,1,1,0,0.0,0,0.0,0,0,0,0.0,0.0,0,0,0.0,0.0,0
2026-05-09 18:02:18,1,1,0,0.0,0,0.0,0,0,0,0.0,0.0,0,0,0.0,0.0,0
2026-05-09 18:02:18,1,1,0,0.0,0,0.0,0,0,0,0.0,0.0,0,0,0.0,0.0,0
2026-05-09 18:02:18,1,1,0,0.0,0,0.0,0,0,0,0.0,0.0,0,0,0.0,0.0,0
2026-05-09 18:02:18,1,1,0,0.0,0,0.0,0,0,0,0.0,0.0,0,0,0.0,0.0,0
2026-05-09 18:02:18,1,1,0,0.0,0,0.0,0,0,0,0.0,0.0,0,0,0.0,0.0,0
2026-05-09 18:02:18,1,1,0,0.0,0,0.0,0,0,0,0.0,0.0,0,0,0.0,0.0,0
2026-05-09 18:02:18,1,1,0,0.0,0,0.0,0,0,0,0.0,0.0,0,0,0.0,0.0,0
2026-05-09 18:02:18,1,1,0,0.0,0,0.0,0,0,0,0.0,0.0,0,0,0.0,0.0,0
2026-05-09 18:02:18,1,1,0,0.0,0,0.0,0,0,0,0.0,0.0,0,0,0.0,0.0,0
2026-05-09 18:02:18,1,1,0,0.0,0,0.0,0,0,0,0.0,0.0,0,0,0.0,0.0,0
2026-05-09 18:02:18,1,1,0,0.0,0,0.0,0,0,0,0.0,0.0,0,0,0.0,0.0,0
2026-05-09 18:02:18,1,1,0,0.0,0,0.0,0,0,0,0.0,0.0,0,0,0.0,0.0,0
2026-05-09 18:02:19,1,1,0,0.0,0,0.0,0,0,0,0.0,0.0,0,0,0.0,0.0,0
2026-05-09 18:02:19,1,1,0,0.0,0,0.0,0,0,0,0.0,0.0,0,0,0.0,0.0,0
2026-05-09 18:02:19,1,1,0,0.0,0,0.0,0,0,0,0.0,0.0,0,0,0.0,0.0,0
2026-05-09 18:02:19,1,1,0,0.0,0,0.0,0,0,0,0.0,0.0,0,0,0.0,0.0,0
2026-05-09 18:02:19,1,1,0,0.0,0,0.0,0,0,0,0.0,0.0,0,0,0.0,0.0,0
2026-05-09 18:02:19,1,1,0,0.0,0,0.0,0,0,0,0.0,0.0,0,0,0.0,0.0,0
2026-05-09 18:02:19,1,1,0,0.0,0,0.0,0,0,0,0.0,0.0,0,0,0.0,0.0,0
2026-05-09 18:02:19,1,1,0,0.0,0,0.0,0,0,0,0.0,0.0,0,0,0.0,0.0,0
2026-05-09 18:02:19,1,1,0,0.0,0,0.0,0,0,0,0.0,0.0,0,0,0.0,0.0,0
2026-05-09 18:02:19,1,1,0,0.0,0,0.0,0,0,0,0.0,0.0,0,0,0.0,0.0,0
2026-05-09 18:02:19,1,1,0,0.0,0,0.0,0,0,0,0.0,0.0,0,0,0.0,0.0,0
2026-05-09 18:02:19,1,1,0,0.0,0,0.0,0,0,0,0.0,0.0,0,0,0.0,0.0,0
2026-05-09 18:02:19,1,1,0,0.0,0,0.0,0,0,0,0.0,0.0,0,0,0.0,0.0,0
2026-05-09 18:02:19,1,1,0,0.0,0,0.0,0,0,0,0.0,0.0,0,0,0.0,0.0,0
2026-05-09 18:02:19,1,1,0,0.0,0,0.0,0,0,0,0.0,0.0,0,0,0.0,0.0,0
2026-05-09 18:02:19,1,1,0,0.0,0,0.0,0,0,0,0.0,0.0,0,0,0.0,0.0,0
2026-05-09 18:02:19,1,1,0,0.0,0,0.0,0,0,0,0.0,0.0,0,0,0.0,0.0,0
2026-05-09 18:02:19,1,1,0,0.0,0,0.0,0,0,0,0.0,0.0,0,0,0.0,0.0,0
2026-05-09 18:02:19,1,1,0,0.0,0,0.0,0,0,0,0.0,0.0,0,0,0.0,0.0,0
2026-05-09 18:02:19,1,1,0,0.0,0,0.0,0,0,0,0.0,0.0,0,0,0.0,0.0,0
2026-05-09 18:02:20,1,1,0,0.0,0,0.0,0,0,0,0.0,0.0,0,0,0.0,0.0,0
2026-05-09 18:02:20,1,1,0,0.0,0,0.0,0,0,0,0.0,0.0,0,0,0.0,0.0,0
2026-05-09 18:02:20,1,1,0,0.0,0,0.0,0,0,0,0.0,0.0,0,0,0.0,0.0,0
2026-05-09 18:02:20,1,1,0,0.0,0,0.0,0,0,0,0.0,0.0,0,0,0.0,0.0,0
2026-05-09 18:02:20,1,1,0,0.0,0,0.0,0,0,0,0.0,0.0,0,0,0.0,0.0,0
2026-05-09 18:02:20,1,1,0,0.0,0,0.0,0,0,0,0.0,0.0,0,0,0.0,0.0,0
2026-05-09 18:02:20,1,1,0,0.0,0,0.0,0,0,0,0.0,0.0,0,0,0.0,0.0,0
2026-05-09 18:02:20,1,1,0,0.0,0,0.0,0,0,0,0.0,0.0,0,0,0.0,0.0,0
2026-05-09 18:02:20,1,1,0,0.0,0,0.0,0,0,0,0.0,0.0,0,0,0.0,0.0,0
2026-05-09 18:02:20,1,1,0,0.0,0,0.0,0,0,0,0.0,0.0,0,0,0.0,0.0,0
2026-05-09 18:02:20,1,1,0,0.0,0,0.0,0,0,0,0.0,0.0,0,0,0.0,0.0,0
2026-05-09 18:02:20,1,1,0,0.0,0,0.0,0,0,0,0.0,0.0,0,0,0.0,0.0,0
2026-05-09 18:02:20,1,1,0,0.0,0,0.0,0,0,0,0.0,0.0,0,0,0.0,0.0,0
2026-05-09 18:02:20,1,1,0,0.0,0,0.0,0,0,0,0.0,0.0,0,0,0.0,0.0,0
2026-05-09 18:02:20,1,1,0,0.0,0,0.0,0,0,0,0.0,0.0,0,0,0.0,0.0,0
2026-05-09 18:02:20,1,1,0,0.0,0,0.0,0,0,0,0.0,0.0,0,0,0.0,0.0,0
2026-05-09 18:02:20,1,1,0,0.0,0,0.0,0,0,0,0.0,0.0,0,0,0.0,0.0,0
2026-05-09 18:02:20,1,1,0,0.0,0,0.0,0,0,0,0.0,0.0,0,0,0.0,0.0,0
2026-05-09 18:02:20,1,1,0,0.0,0,0.0,0,0,0,0.0,0.0,0,0,0.0,0.0,0
2026-05-09 18:02:20,1,1,0,0.0,0,0.0,0,0,0,0.0,0.0,0,0,0.0,0.0,0
2026-05-09 18:02:21,1,1,0,0.0,0,0.0,0,0,0,0.0,0.0,0,0,0.0,0.0,0
2026-05-09 18:02:21,1,1,0,0.0,0,0.0,0,0,0,0.0,0.0,0,0,0.0,0.0,0
2026-05-09 18:02:21,1,1,0,0.0,0,0.0,0,0,0,0.0,0.0,0,0,0.0,0.0,0
2026-05-09 18:02:21,1,1,0,0.0,0,0.0,0,0,0,0.0,0.0,0,0,0.0,0.0,0
2026-05-09 18:02:21,1,1,0,0.0,0,0.0,0,0,0,0.0,0.0,0,0,0.0,0.0,0
2026-05-09 18:02:21,1,1,0,0.0,0,0.0,0,0,0,0.0,0.0,0,0,0.0,0.0,0
2026-05-09 18:02:21,1,1,0,0.0,0,0.0,0,0,0,0.0,0.0,0,0,0.0,0.0,0
2026-05-09 18:02:21,1,1,0,0.0,0,0.0,0,0,0,0.0,0.0,0,0,0.0,0.0,0
2026-05-09 18:02:21,1,1,0,0.0,0,0.0,0,0,0,0.0,0.0,0,0,0.0,0.0,0
2026-05-09 18:02:21,1,1,0,0.0,0,0.0,0,0,0,0.0,0.0,0,0,0.0,0.0,0
2026-05-09 18:02:21,1,1,0,0.0,0,0.0,0,0,0,0.0,0.0,0,0,0.0,0.0,0
2026-05-09 18:02:21,1,1,0,0.0,0,0.0,0,0,0,0.0,0.0,0,0,0.0,0.0,0
2026-05-09 18:02:21,1,1,0,0.0,0,0.0,0,0,0,0.0,0.0,0,0,0.0,0.0,0
2026-05-09 18:02:21,1,1,0,0.0,0,0.0,0,0,0,0.0,0.0,0,0,0.0,0.0,0
2026-05-09 18:02:21,1,1,0,0.0,0,0.0,0,0,0,0.0,0.0,0,0,0.0,0.0,0
2026-05-09 18:02:21,1,1,0,0.0,0,0.0,0,0,0,0.0,0.0,0,0,0.0,0.0,0
2026-05-09 18:02:21,1,1,0,0.0,0,0.0,0,0,0,0.0,0.0,0,0,0.0,0.0,0
2026-05-09 18:02:21,1,1,0,0.0,0,0.0,0,0,0,0.0,0.0,0,0,0.0,0.0,0
2026-05-09 18:02:21,1,1,0,0.0,0,0.0,0,0,0,0.0,0.0,0,0,0.0,0.0,0
2026-05-09 18:02:21,1,1,0,0.0,0,0.0,0,0,0,0.0,0.0,0,0,0.0,0.0,0
2026-05-09 18:02:22,1,1,0,0.0,0,0.0,0,0,0,0.0,0.0,0,0,0.0,0.0,0
2026-05-09 18:02:22,1,1,0,0.0,0,0.0,0,0,0,0.0,0.0,0,0,0.0,0.0,0
2026-05-09 18:02:22,1,1,0,0.0,0,0.0,0,0,0,0.0,0.0,0,0,0.0,0.0,0
2026-05-09 18:02:22,1,1,0,0.0,0,0.0,0,0,0,0.0,0.0,0,0,0.0,0.0,0
2026-05-09 18:02:22,1,1,0,0.0,0,0.0,0,0,0,0.0,0.0,0,0,0.0,0.0,0
2026-05-09 18:02:22,1,1,0,0.0,0,0.0,0,0,0,0.0,0.0,0,0,0.0,0.0,0
2026-05-09 18:02:22,1,1,0,0.0,0,0.0,0,0,0,0.0,0.0,0,0,0.0,0.0,0
2026-05-09 18:02:22,1,1,0,0.0,0,0.0,0,0,0,0.0,0.0,0,0,0.0,0.0,0
2026-05-09 18:02:22,1,1,0,0.0,0,0.0,0,0,0,0.0,0.0,0,0,0.0,0.0,0
2026-05-09 18:02:22,1,1,0,0.0,0,0.0,0,0,0,0.0,0.0,0,0,0.0,0.0,0
2026-05-09 18:02:22,1,1,0,0.0,0,0.0,0,0,0,0.0,0.0,0,0,0.0,0.0,0
2026-05-09 18:02:22,1,1,0,0.0,0,0.0,0,0,0,0.0,0.0,0,0,0.0,0.0,0
2026-05-09 18:02:22,1,1,0,0.0,0,0.0,0,0,0,0.0,0.0,0,0,0.0,0.0,0
2026-05-09 18:02:22,1,1,0,0.0,0,0.0,0,0,0,0.0,0.0,0,0,0.0,0.0,0
2026-05-09 18:02:22,1,1,0,0.0,0,0.0,0,0,0,0.0,0.0,0,0,0.0,0.0,0
2026-05-09 18:02:22,1,1,0,0.0,0,0.0,0,0,0,0.0,0.0,0,0,0.0,0.0,0
2026-05-09 18:02:22,1,1,0,0.0,0,0.0,0,0,0,0.0,0.0,0,0,0.0,0.0,0
2026-05-09 18:02:22,1,1,0,0.0,0,0.0,0,0,0,0.0,0.0,0,0,0.0,0.0,0
2026-05-09 18:02:22,1,1,0,0.0,0,0.0,0,0,0,0.0,0.0,0,0,0.0,0.0,0
2026-05-09 18:02:22,1,1,0,0.0,0,0.0,0,0,0,0.0,0.0,0,0,0.0,0.0,0
2026-05-09 18:02:23,1,1,0,0.0,0,0.0,0,0,0,0.0,0.0,0,0,0.0,0.0,0
2026-05-09 18:02:23,1,1,0,0.0,0,0.0,0,0,0,0.0,0.0,0,0,0.0,0.0,0
2026-05-09 18:02:23,1,1,0,0.0,0,0.0,0,0,0,0.0,0.0,0,0,0.0,0.0,0
2026-05-09 18:02:23,1,1,0,0.0,0,0.0,0,0,0,0.0,0.0,0,0,0.0,0.0,0
2026-05-09 18:02:23,1,1,0,0.0,0,0.0,0,0,0,0.0,0.0,0,0,0.0,0.0,0
2026-05-09 18:02:23,1,1,0,0.0,0,0.0,0,0,0,0.0,0.0,0,0,0.0,0.0,0
2026-05-09 18:02:23,1,1,0,0.0,0,0.0,0,0,0,0.0,0.0,0,0,0.0,0.0,0
2026-05-09 18:02:23,1,1,0,0.0,0,0.0,0,0,0,0.0,0.0,0,0,0.0,0.0,0
2026-05-09 18:02:23,1,1,0,0.0,0,0.0,0,0,0,0.0,0.0,0,0,0.0,0.0,0
2026-05-09 18:02:23,1,1,0,0.0,0,0.0,0,0,0,0.0,0.0,0,0,0.0,0.0,0
2026-05-09 18:02:23,1,1,0,0.0,0,0.0,0,0,0,0.0,0.0,0,0,0.0,0.0,0
2026-05-09 18:02:23,1,1,0,0.0,0,0.0,0,0,0,0.0,0.0,0,0,0.0,0.0,0
2026-05-09 18:02:23,1,1,0,0.0,0,0.0,0,0,0,0.0,0.0,0,0,0.0,0.0,0
2026-05-09 18:02:23,1,1,0,0.0,0,0.0,0,0,0,0.0,0.0,0,0,0.0,0.0,0
2026-05-09 18:02:23,1,1,0,0.0,0,0.0,0,0,0,0.0,0.0,0,0,0.0,0.0,0
2026-05-09 18:02:23,1,1,0,0.0,0,0.0,0,0,0,0.0,0.0,0,0,0.0,0.0,0
2026-05-09 18:02:23,1,1,0,0.0,0,0.0,0,0,0,0.0,0.0,0,0,0.0,0.0,0
2026-05-09 18:02:23,1,1,0,0.0,0,0.0,0,0,0,0.0,0.0,0,0,0.0,0.0,0
2026-05-09 18:02:23,1,1,0,0.0,0,0.0,0,0,0,0.0,0.0,0,0,0.0,0.0,0
2026-05-09 18:02:23,1,1,0,0.0,0,0.0,0,0,0,0.0,0.0,0,0,0.0,0.0,0
2026-05-09 18:02:24,1,1,0,0.0,0,0.0,0,0,0,0.0,0.0,0,0,0.0,0.0,0
2026-05-09 18:02:24,1,1,0,0.0,0,0.0,0,0,0,0.0,0.0,0,0,0.0,0.0,0
2026-05-09 18:02:24,1,1,0,0.0,0,0.0,0,0,0,0.0,0.0,0,0,0.0,0.0,0
2026-05-09 18:02:24,1,1,0,0.0,0,0.0,0,0,0,0.0,0.0,0,0,0.0,0.0,0
2026-05-09 18:02:24,1,1,0,0.0,0,0.0,0,0,0,0.0,0.0,0,0,0.0,0.0,0
2026-05-09 18:02:24,1,1,0,0.0,0,0.0,0,0,0,0.0,0.0,0,0,0.0,0.0,0
2026-05-09 18:02:24,1,1,0,0.0,0,0.0,0,0,0,0.0,0.0,0,0,0.0,0.0,0
2026-05-09 18:02:24,1,1,0,0.0,0,0.0,0,0,0,0.0,0.0,0,0,0.0,0.0,0
2026-05-09 18:02:24,1,1,0,0.0,0,0.0,0,0,0,0.0,0.0,0,0,0.0,0.0,0
2026-05-09 18:02:24,1,1,0,0.0,0,0.0,0,0,0,0.0,0.0,0,0,0.0,0.0,0
2026-05-09 18:02:24,1,1,0,0.0,0,0.0,0,0,0,0.0,0.0,0,0,0.0,0.0,0
2026-05-09 18:02:24,1,1,0,0.0,0,0.0,0,0,0,0.0,0.0,0,0,0.0,0.0,0
2026-05-09 18:02:24,1,1,0,0.0,0,0.0,0,0,0,0.0,0.0,0,0,0.0,0.0,0
2026-05-09 18:02:24,1,1,0,0.0,0,0.0,0,0,0,0.0,0.0,0,0,0.0,0.0,0
2026-05-09 18:02:24,1,1,0,0.0,0,0.0,0,0,0,0.0,0.0,0,0,0.0,0.0,0
2026-05-09 18:02:24,1,1,0,0.0,0,0.0,0,0,0,0.0,0.0,0,0,0.0,0.0,0
2026-05-09 18:02:24,1,1,0,0.0,0,0.0,0,0,0,0.0,0.0,0,0,0.0,0.0,0
2026-05-09 18:02:24,1,1,0,0.0,0,0.0,0,0,0,0.0,0.0,0,0,0.0,0.0,0
2026-05-09 18:02:24,1,1,0,0.0,0,0.0,0,0,0,0.0,0.0,0,0,0.0,0.0,0
2026-05-09 18:02:24,1,1,0,0.0,0,0.0,0,0,0,0.0,0.0,0,0,0.0,0.0,0
2026-05-09 18:02:25,1,1,0,0.0,0,0.0,0,0,0,0.0,0.0,0,0,0.0,0.0,0
2026-05-09 18:02:25,1,1,0,0.0,0,0.0,0,0,0,0.0,0.0,0,0,0.0,0.0,0
2026-05-09 18:02:25,1,1,0,0.0,0,0.0,0,0,0,0.0,0.0,0,0,0.0,0.0,0
2026-05-09 18:02:25,1,1,0,0.0,0,0.0,0,0,0,0.0,0.0,0,0,0.0,0.0,0
2026-05-09 18:02:25,1,1,0,0.0,0,0.0,0,0,0,0.0,0.0,0,0,0.0,0.0,0
2026-05-09 18:02:25,1,1,0,0.0,0,0.0,0,0,0,0.0,0.0,0,0,0.0,0.0,0
2026-05-09 18:02:25,1,1,0,0.0,0,0.0,0,0,0,0.0,0.0,0,0,0.0,0.0,0
2026-05-09 18:02:25,1,1,0,0.0,0,0.0,0,0,0,0.0,0.0,0,0,0.0,0.0,0
2026-05-09 18:02:25,1,1,0,0.0,0,0.0,0,0,0,0.0,0.0,0,0,0.0,0.0,0
2026-05-09 18:02:25,1,1,0,0.0,0,0.0,0,0,0,0.0,0.0,0,0,0.0,0.0,0
2026-05-09 18:02:25,1,1,0,0.0,0,0.0,0,0,0,0.0,0.0,0,0,0.0,0.0,0
2026-05-09 18:02:25,1,1,0,0.0,0,0.0,0,0,0,0.0,0.0,0,0,0.0,0.0,0
2026-05-09 18:02:25,1,1,0,0.0,0,0.0,0,0,0,0.0,0.0,0,0,0.0,0.0,0
2026-05-09 18:02:25,1,1,0,0.0,0,0.0,0,0,0,0.0,0.0,0,0,0.0,0.0,0
2026-05-09 18:02:25,1,1,0,0.0,0,0.0,0,0,0,0.0,0.0,0,0,0.0,0.0,0
2026-05-09 18:02:25,1,1,0,0.0,0,0.0,0,0,0,0.0,0.0,0,0,0.0,0.0,0
2026-05-09 18:02:25,1,1,0,0.0,0,0.0,0,0,0,0.0,0.0,0,0,0.0,0.0,0
2026-05-09 18:02:25,1,1,0,0.0,0,0.0,0,0,0,0.0,0.0,0,0,0.0,0.0,0
2026-05-09 18:02:25,1,1,0,0.0,0,0.0,0,0,0,0.0,0.0,0,0,0.0,0.0,0
2026-05-09 18:02:25,1,1,0,0.0,0,0.0,0,0,0,0.0,0.0,0,0,0.0,0.0,0
2026-05-09 18:02:26,1,1,0,0.0,0,0.0,0,0,0,0.0,0.0,0,0,0.0,0.0,0
2026-05-09 18:02:26,1,1,0,0.0,0,0.0,0,0,0,0.0,0.0,0,0,0.0,0.0,0
2026-05-09 18:02:26,1,1,0,0.0,0,0.0,0,0,0,0.0,0.0,0,0,0.0,0.0,0
2026-05-09 18:02:26,1,1,0,0.0,0,0.0,0,0,0,0.0,0.0,0,0,0.0,0.0,0
2026-05-09 18:02:26,1,1,0,0.0,0,0.0,0,0,0,0.0,0.0,0,0,0.0,0.0,0
2026-05-09 18:02:26,1,1,0,0.0,0,0.0,0,0,0,0.0,0.0,0,0,0.0,0.0,0
2026-05-09 18:02:26,1,1,0,0.0,0,0.0,0,0,0,0.0,0.0,0,0,0.0,0.0,0
2026-05-09 18:02:26,1,1,0,0.0,0,0.0,0,0,0,0.0,0.0,0,0,0.0,0.0,0
2026-05-09 18:02:26,1,1,0,0.0,0,0.0,0,0,0,0.0,0.0,0,0,0.0,0.0,0
2026-05-09 18:02:26,1,1,0,0.0,0,0.0,0,0,0,0.0,0.0,0,0,0.0,0.0,0
2026-05-09 18:02:26,1,1,0,0.0,0,0.0,0,0,0,0.0,0.0,0,0,0.0,0.0,0
2026-05-09 18:02:26,1,1,0,0.0,0,0.0,0,0,0,0.0,0.0,0,0,0.0,0.0,0
2026-05-09 18:02:26,1,1,0,0.0,0,0.0,0,0,0,0.0,0.0,0,0,0.0,0.0,0
2026-05-09 18:02:26,1,1,0,0.0,0,0.0,0,0,0,0.0,0.0,0,0,0.0,0.0,0
2026-05-09 18:02:26,1,1,0,0.0,0,0.0,0,0,0,0.0,0.0,0,0,0.0,0.0,0
2026-05-09 18:02:26,1,1,0,0.0,0,0.0,0,0,0,0.0,0.0,0,0,0.0,0.0,0
2026-05-09 18:02:26,1,1,0,0.0,0,0.0,0,0,0,0.0,0.0,0,0,0.0,0.0,0
2026-05-09 18:02:26,1,1,0,0.0,0,0.0,0,0,0,0.0,0.0,0,0,0.0,0.0,0
2026-05-09 18:02:26,1,1,0,0.0,0,0.0,0,0,0,0.0,0.0,0,0,0.0,0.0,0
2026-05-09 18:02:26,1,1,0,0.0,0,0.0,0,0,0,0.0,0.0,0,0,0.0,0.0,0
2026-05-09 18:02:27,1,1,0,0.0,0,0.0,0,0,0,0.0,0.0,0,0,0.0,0.0,0
2026-05-09 18:02:27,1,1,0,0.0,0,0.0,0,0,0,0.0,0.0,0,0,0.0,0.0,0
2026-05-09 18:02:27,1,1,0,0.0,0,0.0,0,0,0,0.0,0.0,0,0,0.0,0.0,0
2026-05-09 18:02:27,1,1,0,0.0,0,0.0,0,0,0,0.0,0.0,0,0,0.0,0.0,0
2026-05-09 18:02:27,1,1,0,0.0,0,0.0,0,0,0,0.0,0.0,0,0,0.0,0.0,0
2026-05-09 18:02:27,1,1,0,0.0,0,0.0,0,0,0,0.0,0.0,0,0,0.0,0.0,0
2026-05-09 18:02:27,1,1,0,0.0,0,0.0,0,0,0,0.0,0.0,0,0,0.0,0.0,0
2026-05-09 18:02:27,1,1,0,0.0,0,0.0,0,0,0,0.0,0.0,0,0,0.0,0.0,0
2026-05-09 18:02:27,1,1,0,0.0,0,0.0,0,0,0,0.0,0.0,0,0,0.0,0.0,0
2026-05-09 18:02:27,1,1,0,0.0,0,0.0,0,0,0,0.0,0.0,0,0,0.0,0.0,0
2026-05-09 18:02:27,1,1,0,0.0,0,0.0,0,0,0,0.0,0.0,0,0,0.0,0.0,0
2026-05-09 18:02:27,1,1,0,0.0,0,0.0,0,0,0,0.0,0.0,0,0,0.0,0.0,0
2026-05-09 18:02:27,1,1,0,0.0,0,0.0,0,0,0,0.0,0.0,0,0,0.0,0.0,0
2026-05-09 18:02:27,1,1,0,0.0,0,0.0,0,0,0,0.0,0.0,0,0,0.0,0.0,0
2026-05-09 18:02:27,1,1,0,0.0,0,0.0,0,0,0,0.0,0.0,0,0,0.0,0.0,0
2026-05-09 18:02:27,1,1,0,0.0,0,0.0,0,0,0,0.0,0.0,0,0,0.0,0.0,0
2026-05-09 18:02:27,1,1,0,0.0,0,0.0,0,0,0,0.0,0.0,0,0,0.0,0.0,0
2026-05-09 18:02:27,1,1,0,0.0,0,0.0,0,0,0,0.0,0.0,0,0,0.0,0.0,0
2026-05-09 18:02:27,1,1,0,0.0,0,0.0,0,0,0,0.0,0.0,0,0,0.0,0.0,0
2026-05-09 18:02:27,1,1,0,0.0,0,0.0,0,0,0,0.0,0.0,0,0,0.0,0.0,0
2026-05-09 18:02:28,1,1,0,0.0,0,0.0,0,0,0,0.0,0.0,0,0,0.0,0.0,0
2026-05-09 18:02:28,1,1,0,0.0,0,0.0,0,0,0,0.0,0.0,0,0,0.0,0.0,0
2026-05-09 18:02:28,1,1,0,0.0,0,0.0,0,0,0,0.0,0.0,0,0,0.0,0.0,0
2026-05-09 18:02:28,1,1,0,0.0,0,0.0,0,0,0,0.0,0.0,0,0,0.0,0.0,0
2026-05-09 18:02:28,1,1,0,0.0,0,0.0,0,0,0,0.0,0.0,0,0,0.0,0.0,0
2026-05-09 18:02:28,1,1,0,0.0,0,0.0,0,0,0,0.0,0.0,0,0,0.0,0.0,0
2026-05-09 18:02:28,1,1,0,0.0,0,0.0,0,0,0,0.0,0.0,0,0,0.0,0.0,0
2026-05-09 18:02:28,1,1,0,0.0,0,0.0,0,0,0,0.0,0.0,0,0,0.0,0.0,0
2026-05-09 18:02:28,1,1,0,0.0,0,0.0,0,0,0,0.0,0.0,0,0,0.0,0.0,0
2026-05-09 18:02:28,1,1,0,0.0,0,0.0,0,0,0,0.0,0.0,0,0,0.0,0.0,0
2026-05-09 18:02:28,1,1,0,0.0,0,0.0,0,0,0,0.0,0.0,0,0,0.0,0.0,0
2026-05-09 18:02:28,1,1,0,0.0,0,0.0,0,0,0,0.0,0.0,0,0,0.0,0.0,0
2026-05-09 18:02:28,1,1,0,0.0,0,0.0,0,0,0,0.0,0.0,0,0,0.0,0.0,0
2026-05-09 18:02:28,1,1,0,0.0,0,0.0,0,0,0,0.0,0.0,0,0,0.0,0.0,0
2026-05-09 18:02:28,1,1,0,0.0,0,0.0,0,0,0,0.0,0.0,0,0,0.0,0.0,0
2026-05-09 18:02:28,1,1,0,0.0,0,0.0,0,0,0,0.0,0.0,0,0,0.0,0.0,0
2026-05-09 18:02:28,1,1,0,0.0,0,0.0,0,0,0,0.0,0.0,0,0,0.0,0.0,0
2026-05-09 18:02:28,1,1,0,0.0,0,0.0,0,0,0,0.0,0.0,0,0,0.0,0.0,0
2026-05-09 18:02:28,1,1,0,0.0,0,0.0,0,0,0,0.0,0.0,0,0,0.0,0.0,0
2026-05-09 18:02:28,1,1,0,0.0,0,0.0,0,0,0,0.0,0.0,0,0,0.0,0.0,0
2026-05-09 18:02:29,1,1,0,0.0,0,0.0,0,0,0,0.0,0.0,0,0,0.0,0.0,0
2026-05-09 18:02:29,1,1,0,0.0,0,0.0,0,0,0,0.0,0.0,0,0,0.0,0.0,0
2026-05-09 18:02:29,1,1,0,0.0,0,0.0,0,0,0,0.0,0.0,0,0,0.0,0.0,0
2026-05-09 18:02:29,1,1,0,0.0,0,0.0,0,0,0,0.0,0.0,0,0,0.0,0.0,0
2026-05-09 18:02:29,1,1,0,0.0,0,0.0,0,0,0,0.0,0.0,0,0,0.0,0.0,0
2026-05-09 18:02:29,1,1,0,0.0,0,0.0,0,0,0,0.0,0.0,0,0,0.0,0.0,0
2026-05-09 18:02:29,1,1,0,0.0,0,0.0,0,0,0,0.0,0.0,0,0,0.0,0.0,0
2026-05-09 18:02:29,1,1,0,0.0,0,0.0,0,0,0,0.0,0.0,0,0,0.0,0.0,0
2026-05-09 18:02:29,1,1,0,0.0,0,0.0,0,0,0,0.0,0.0,0,0,0.0,0.0,0
2026-05-09 18:02:29,1,1,0,0.0,0,0.0,0,0,0,0.0,0.0,0,0,0.0,0.0,0
2026-05-09 18:02:29,1,1,0,0.0,0,0.0,0,0,0,0.0,0.0,0,0,0.0,0.0,0
2026-05-09 18:02:29,1,1,0,0.0,0,0.0,0,0,0,0.0,0.0,0,0,0.0,0.0,0
2026-05-09 18:02:29,1,1,0,0.0,0,0.0,0,0,0,0.0,0.0,0,0,0.0,0.0,0
2026-05-09 18:02:29,1,1,0,0.0,0,0.0,0,0,0,0.0,0.0,0,0,0.0,0.0,0
2026-05-09 18:02:29,1,1,0,0.0,0,0.0,0,0,0,0.0,0.0,0,0,0.0,0.0,0
2026-05-09 18:02:29,1,1,0,0.0,0,0.0,0,0,0,0.0,0.0,0,0,0.0,0.0,0
2026-05-09 18:02:29,1,1,0,0.0,0,0.0,0,0,0,0.0,0.0,0,0,0.0,0.0,0
2026-05-09 18:02:29,1,1,0,0.0,0,0.0,0,0,0,0.0,0.0,0,0,0.0,0.0,0
2026-05-09 18:02:29,1,1,0,0.0,0,0.0,0,0,0,0.0,0.0,0,0,0.0,0.0,0
2026-05-09 18:02:29,1,1,0,0.0,0,0.0,0,0,0,0.0,0.0,0,0,0.0,0.0,0
2026-05-09 18:02:30,1,1,0,0.0,0,0.0,0,0,0,0.0,0.0,0,0,0.0,0.0,0
2026-05-09 18:02:30,1,1,0,0.0,0,0.0,0,0,0,0.0,0.0,0,0,0.0,0.0,0
2026-05-09 18:02:30,1,1,0,0.0,0,0.0,0,0,0,0.0,0.0,0,0,0.0,0.0,0
2026-05-09 18:02:30,1,1,0,0.0,0,0.0,0,0,0,0.0,0.0,0,0,0.0,0.0,0
2026-05-09 18:02:30,1,1,0,0.0,0,0.0,0,0,0,0.0,0.0,0,0,0.0,0.0,0
2026-05-09 18:02:30,1,1,0,0.0,0,0.0,0,0,0,0.0,0.0,0,0,0.0,0.0,0
2026-05-09 18:02:30,1,1,0,0.0,0,0.0,0,0,0,0.0,0.0,0,0,0.0,0.0,0
2026-05-09 18:02:30,1,1,0,0.0,0,0.0,0,0,0,0.0,0.0,0,0,0.0,0.0,0
2026-05-09 18:02:30,1,1,0,0.0,0,0.0,0,0,0,0.0,0.0,0,0,0.0,0.0,0
2026-05-09 18:02:30,1,1,0,0.0,0,0.0,0,0,0,0.0,0.0,0,0,0.0,0.0,0
2026-05-09 18:02:30,1,1,0,0.0,0,0.0,0,0,0,0.0,0.0,0,0,0.0,0.0,0
2026-05-09 18:02:30,1,1,0,0.0,0,0.0,0,0,0,0.0,0.0,0,0,0.0,0.0,0
2026-05-09 18:02:30,1,1,0,0.0,0,0.0,0,0,0,0.0,0.0,0,0,0.0,0.0,0
2026-05-09 18:02:30,1,1,0,0.0,0,0.0,0,0,0,0.0,0.0,0,0,0.0,0.0,0
2026-05-09 18:02:30,1,1,0,0.0,0,0.0,0,0,0,0.0,0.0,0,0,0.0,0.0,0
2026-05-09 18:02:30,1,1,0,0.0,0,0.0,0,0,0,0.0,0.0,0,0,0.0,0.0,0
2026-05-09 18:02:30,1,1,0,0.0,0,0.0,0,0,0,0.0,0.0,0,0,0.0,0.0,0
2026-05-09 18:02:30,1,1,0,0.0,0,0.0,0,0,0,0.0,0.0,0,0,0.0,0.0,0
2026-05-09 18:02:30,1,1,0,0.0,0,0.0,0,0,0,0.0,0.0,0,0,0.0,0.0,0
2026-05-09 18:02:30,1,1,0,0.0,0,0.0,0,0,0,0.0,0.0,0,0,0.0,0.0,0
2026-05-09 18:02:31,1,1,0,0.0,0,0.0,0,0,0,0.0,0.0,0,0,0.0,0.0,0
2026-05-09 18:02:31,1,1,0,0.0,0,0.0,0,0,0,0.0,0.0,0,0,0.0,0.0,0
2026-05-09 18:02:31,1,1,0,0.0,0,0.0,0,0,0,0.0,0.0,0,0,0.0,0.0,0
2026-05-09 18:02:31,1,1,0,0.0,0,0.0,0,0,0,0.0,0.0,0,0,0.0,0.0,0
2026-05-09 18:02:31,1,1,0,0.0,0,0.0,0,0,0,0.0,0.0,0,0,0.0,0.0,0
2026-05-09 18:02:31,1,1,0,0.0,0,0.0,0,0,0,0.0,0.0,0,0,0.0,0.0,0
2026-05-09 18:02:31,1,1,0,0.0,0,0.0,0,0,0,0.0,0.0,0,0,0.0,0.0,0
2026-05-09 18:02:31,1,1,0,0.0,0,0.0,0,0,0,0.0,0.0,0,0,0.0,0.0,0
2026-05-09 18:02:31,1,1,0,0.0,0,0.0,0,0,0,0.0,0.0,0,0,0.0,0.0,0
2026-05-09 18:02:31,1,1,0,0.0,0,0.0,0,0,0,0.0,0.0,0,0,0.0,0.0,0
2026-05-09 18:02:31,1,1,0,0.0,0,0.0,0,0,0,0.0,0.0,0,0,0.0,0.0,0
2026-05-09 18:02:31,1,1,0,0.0,0,0.0,0,0,0,0.0,0.0,0,0,0.0,0.0,0
2026-05-09 18:02:31,1,1,0,0.0,0,0.0,0,0,0,0.0,0.0,0,0,0.0,0.0,0
2026-05-09 18:02:31,1,1,0,0.0,0,0.0,0,0,0,0.0,0.0,0,0,0.0,0.0,0
2026-05-09 18:02:31,1,1,0,0.0,0,0.0,0,0,0,0.0,0.0,0,0,0.0,0.0,0
2026-05-09 18:02:31,1,1,0,0.0,0,0.0,0,0,0,0.0,0.0,0,0,0.0,0.0,0
2026-05-09 18:02:31,1,1,0,0.0,0,0.0,0,0,0,0.0,0.0,0,0,0.0,0.0,0
2026-05-09 18:02:31,1,1,0,0.0,0,0.0,0,0,0,0.0,0.0,0,0,0.0,0.0,0
2026-05-09 18:02:31,1,1,0,0.0,0,0.0,0,0,0,0.0,0.0,0,0,0.0,0.0,0
2026-05-09 18:02:31,1,1,0,0.0,0,0.0,0,0,0,0.0,0.0,0,0,0.0,0.0,0
2026-05-09 18:02:32,1,1,0,0.0,0,0.0,0,0,0,0.0,0.0,0,0,0.0,0.0,0
2026-05-09 18:02:32,1,1,0,0.0,0,0.0,0,0,0,0.0,0.0,0,0,0.0,0.0,0
2026-05-09 18:02:32,1,1,0,0.0,0,0.0,0,0,0,0.0,0.0,0,0,0.0,0.0,0
2026-05-09 18:02:32,1,1,0,0.0,0,0.0,0,0,0,0.0,0.0,0,0,0.0,0.0,0
2026-05-09 18:02:32,1,1,0,0.0,0,0.0,0,0,0,0.0,0.0,0,0,0.0,0.0,0
2026-05-09 18:02:32,1,1,0,0.0,0,0.0,0,0,0,0.0,0.0,0,0,0.0,0.0,0
2026-05-09 18:02:32,1,1,0,0.0,0,0.0,0,0,0,0.0,0.0,0,0,0.0,0.0,0
2026-05-09 18:02:32,1,1,0,0.0,0,0.0,0,0,0,0.0,0.0,0,0,0.0,0.0,0
2026-05-09 18:02:32,1,1,0,0.0,0,0.0,0,0,0,0.0,0.0,0,0,0.0,0.0,0
2026-05-09 18:02:32,1,1,0,0.0,0,0.0,0,0,0,0.0,0.0,0,0,0.0,0.0,0
2026-05-09 18:02:32,1,1,0,0.0,0,0.0,0,0,0,0.0,0.0,0,0,0.0,0.0,0
2026-05-09 18:02:32,1,1,0,0.0,0,0.0,0,0,0,0.0,0.0,0,0,0.0,0.0,0
2026-05-09 18:02:32,1,1,0,0.0,0,0.0,0,0,0,0.0,0.0,0,0,0.0,0.0,0
2026-05-09 18:02:32,1,1,0,0.0,0,0.0,0,0,0,0.0,0.0,0,0,0.0,0.0,0
2026-05-09 18:02:32,1,1,0,0.0,0,0.0,0,0,0,0.0,0.0,0,0,0.0,0.0,0
2026-05-09 18:02:32,1,1,0,0.0,0,0.0,0,0,0,0.0,0.0,0,0,0.0,0.0,0
2026-05-09 18:02:32,1,1,0,0.0,0,0.0,0,0,0,0.0,0.0,0,0,0.0,0.0,0
2026-05-09 18:02:32,1,1,0,0.0,0,0.0,0,0,0,0.0,0.0,0,0,0.0,0.0,0
2026-05-09 18:02:32,1,1,0,0.0,0,0.0,0,0,0,0.0,0.0,0,0,0.0,0.0,0
2026-05-09 18:02:32,1,1,0,0.0,0,0.0,0,0,0,0.0,0.0,0,0,0.0,0.0,0
2026-05-09 18:02:33,1,1,0,0.0,0,0.0,0,0,0,0.0,0.0,0,0,0.0,0.0,0
2026-05-09 18:02:33,1,1,0,0.0,0,0.0,0,0,0,0.0,0.0,0,0,0.0,0.0,0
2026-05-09 18:02:33,1,1,0,0.0,0,0.0,0,0,0,0.0,0.0,0,0,0.0,0.0,0
2026-05-09 18:02:33,1,1,0,0.0,0,0.0,0,0,0,0.0,0.0,0,0,0.0,0.0,0
2026-05-09 18:02:33,1,1,0,0.0,0,0.0,0,0,0,0.0,0.0,0,0,0.0,0.0,0
2026-05-09 18:02:33,1,1,0,0.0,0,0.0,0,0,0,0.0,0.0,0,0,0.0,0.0,0
2026-05-09 18:02:33,1,1,0,0.0,0,0.0,0,0,0,0.0,0.0,0,0,0.0,0.0,0
2026-05-09 18:02:33,1,1,0,0.0,0,0.0,0,0,0,0.0,0.0,0,0,0.0,0.0,0
2026-05-09 18:02:33,1,1,0,0.0,0,0.0,0,0,0,0.0,0.0,0,0,0.0,0.0,0
2026-05-09 18:02:33,1,1,0,0.0,0,0.0,0,0,0,0.0,0.0,0,0,0.0,0.0,0
2026-05-09 18:02:33,1,1,0,0.0,0,0.0,0,0,0,0.0,0.0,0,0,0.0,0.0,0
2026-05-09 18:02:33,1,1,0,0.0,0,0.0,0,0,0,0.0,0.0,0,0,0.0,0.0,0
2026-05-09 18:02:33,1,1,0,0.0,0,0.0,0,0,0,0.0,0.0,0,0,0.0,0.0,0
2026-05-09 18:02:33,1,1,0,0.0,0,0.0,0,0,0,0.0,0.0,0,0,0.0,0.0,0
2026-05-09 18:02:33,1,1,0,0.0,0,0.0,0,0,0,0.0,0.0,0,0,0.0,0.0,0
2026-05-09 18:02:33,1,1,0,0.0,0,0.0,0,0,0,0.0,0.0,0,0,0.0,0.0,0
2026-05-09 18:02:33,1,1,0,0.0,0,0.0,0,0,0,0.0,0.0,0,0,0.0,0.0,0
2026-05-09 18:02:33,1,1,0,0.0,0,0.0,0,0,0,0.0,0.0,0,0,0.0,0.0,0
2026-05-09 18:02:33,1,1,0,0.0,0,0.0,0,0,0,0.0,0.0,0,0,0.0,0.0,0
2026-05-09 18:02:33,1,1,0,0.0,0,0.0,0,0,0,0.0,0.0,0,0,0.0,0.0,0
2026-05-09 18:02:34,1,1,0,0.0,0,0.0,0,0,0,0.0,0.0,0,0,0.0,0.0,0
2026-05-09 18:02:34,1,1,0,0.0,0,0.0,0,0,0,0.0,0.0,0,0,0.0,0.0,0
2026-05-09 18:02:34,1,1,0,0.0,0,0.0,0,0,0,0.0,0.0,0,0,0.0,0.0,0
2026-05-09 18:02:34,1,1,0,0.0,0,0.0,0,0,0,0.0,0.0,0,0,0.0,0.0,0
2026-05-09 18:02:34,1,1,0,0.0,0,0.0,0,0,0,0.0,0.0,0,0,0.0,0.0,0
2026-05-09 18:02:34,1,1,0,0.0,0,0.0,0,0,0,0.0,0.0,0,0,0.0,0.0,0
2026-05-09 18:02:34,1,1,0,0.0,0,0.0,0,0,0,0.0,0.0,0,0,0.0,0.0,0
2026-05-09 18:02:34,1,1,0,0.0,0,0.0,0,0,0,0.0,0.0,0,0,0.0,0.0,0
2026-05-09 18:02:34,1,1,0,0.0,0,0.0,0,0,0,0.0,0.0,0,0,0.0,0.0,0
2026-05-09 18:02:34,1,1,0,0.0,0,0.0,0,0,0,0.0,0.0,0,0,0.0,0.0,0
2026-05-09 18:02:34,1,1,0,0.0,0,0.0,0,0,0,0.0,0.0,0,0,0.0,0.0,0
2026-05-09 18:02:34,1,1,0,0.0,0,0.0,0,0,0,0.0,0.0,0,0,0.0,0.0,0
2026-05-09 18:02:34,1,1,0,0.0,0,0.0,0,0,0,0.0,0.0,0,0,0.0,0.0,0
2026-05-09 18:02:34,1,1,0,0.0,0,0.0,0,0,0,0.0,0.0,0,0,0.0,0.0,0
2026-05-09 18:02:34,1,1,0,0.0,0,0.0,0,0,0,0.0,0.0,0,0,0.0,0.0,0
2026-05-09 18:02:34,1,1,0,0.0,0,0.0,0,0,0,0.0,0.0,0,0,0.0,0.0,0
2026-05-09 18:02:34,1,1,0,0.0,0,0.0,0,0,0,0.0,0.0,0,0,0.0,0.0,0
2026-05-09 18:02:34,1,1,0,0.0,0,0.0,0,0,0,0.0,0.0,0,0,0.0,0.0,0
2026-05-09 18:02:34,1,1,0,0.0,0,0.0,0,0,0,0.0,0.0,0,0,0.0,0.0,0
2026-05-09 18:02:34,1,1,0,0.0,0,0.0,0,0,0,0.0,0.0,0,0,0.0,0.0,0
2026-05-09 18:02:35,1,1,0,0.0,0,0.0,0,0,0,0.0,0.0,0,0,0.0,0.0,0
2026-05-09 18:02:35,1,1,0,0.0,0,0.0,0,0,0,0.0,0.0,0,0,0.0,0.0,0
2026-05-09 18:02:35,1,1,0,0.0,0,0.0,0,0,0,0.0,0.0,0,0,0.0,0.0,0
2026-05-09 18:02:35,1,1,0,0.0,0,0.0,0,0,0,0.0,0.0,0,0,0.0,0.0,0
2026-05-09 18:02:35,1,1,0,0.0,0,0.0,0,0,0,0.0,0.0,0,0,0.0,0.0,0
2026-05-09 18:02:35,1,1,0,0.0,0,0.0,0,0,0,0.0,0.0,0,0,0.0,0.0,0
2026-05-09 18:02:35,1,1,0,0.0,0,0.0,0,0,0,0.0,0.0,0,0,0.0,0.0,0
2026-05-09 18:02:35,1,1,0,0.0,0,0.0,0,0,0,0.0,0.0,0,0,0.0,0.0,0
2026-05-09 18:02:35,1,1,0,0.0,0,0.0,0,0,0,0.0,0.0,0,0,0.0,0.0,0
2026-05-09 18:02:35,1,1,0,0.0,0,0.0,0,0,0,0.0,0.0,0,0,0.0,0.0,0
2026-05-09 18:02:35,1,1,0,0.0,0,0.0,0,0,0,0.0,0.0,0,0,0.0,0.0,0
2026-05-09 18:02:35,1,1,0,0.0,0,0.0,0,0,0,0.0,0.0,0,0,0.0,0.0,0
2026-05-09 18:02:35,1,1,0,0.0,0,0.0,0,0,0,0.0,0.0,0,0,0.0,0.0,0
2026-05-09 18:02:35,1,1,0,0.0,0,0.0,0,0,0,0.0,0.0,0,0,0.0,0.0,0
2026-05-09 18:02:35,1,1,0,0.0,0,0.0,0,0,0,0.0,0.0,0,0,0.0,0.0,0
2026-05-09 18:02:35,1,1,0,0.0,0,0.0,0,0,0,0.0,0.0,0,0,0.0,0.0,0
2026-05-09 18:02:35,1,1,0,0.0,0,0.0,0,0,0,0.0,0.0,0,0,0.0,0.0,0
2026-05-09 18:02:35,1,1,0,0.0,0,0.0,0,0,0,0.0,0.0,0,0,0.0,0.0,0
2026-05-09 18:02:35,1,1,0,0.0,0,0.0,0,0,0,0.0,0.0,0,0,0.0,0.0,0
2026-05-09 18:02:35,1,1,0,0.0,0,0.0,0,0,0,0.0,0.0,0,0,0.0,0.0,0
2026-05-09 18:02:36,1,1,0,0.0,0,0.0,0,0,0,0.0,0.0,0,0,0.0,0.0,0
2026-05-09 18:02:36,1,1,0,0.0,0,0.0,0,0,0,0.0,0.0,0,0,0.0,0.0,0
2026-05-09 18:02:36,1,1,0,0.0,0,0.0,0,0,0,0.0,0.0,0,0,0.0,0.0,0
2026-05-09 18:02:36,1,1,0,0.0,0,0.0,0,0,0,0.0,0.0,0,0,0.0,0.0,0
2026-05-09 18:02:36,1,1,0,0.0,0,0.0,0,0,0,0.0,0.0,0,0,0.0,0.0,0
2026-05-09 18:02:36,1,1,0,0.0,0,0.0,0,0,0,0.0,0.0,0,0,0.0,0.0,0
2026-05-09 18:02:36,1,1,0,0.0,0,0.0,0,0,0,0.0,0.0,0,0,0.0,0.0,0
2026-05-09 18:02:36,1,1,0,0.0,0,0.0,0,0,0,0.0,0.0,0,0,0.0,0.0,0
2026-05-09 18:02:36,1,1,0,0.0,0,0.0,0,0,0,0.0,0.0,0,0,0.0,0.0,0
2026-05-09 18:02:36,1,1,0,0.0,0,0.0,0,0,0,0.0,0.0,0,0,0.0,0.0,0
2026-05-09 18:02:36,1,1,0,0.0,0,0.0,0,0,0,0.0,0.0,0,0,0.0,0.0,0
2026-05-09 18:02:36,1,1,0,0.0,0,0.0,0,0,0,0.0,0.0,0,0,0.0,0.0,0
2026-05-09 18:02:36,1,1,0,0.0,0,0.0,0,0,0,0.0,0.0,0,0,0.0,0.0,0
2026-05-09 18:02:36,1,1,0,0.0,0,0.0,0,0,0,0.0,0.0,0,0,0.0,0.0,0
2026-05-09 18:02:36,1,1,0,0.0,0,0.0,0,0,0,0.0,0.0,0,0,0.0,0.0,0
2026-05-09 18:02:36,1,1,0,0.0,0,0.0,0,0,0,0.0,0.0,0,0,0.0,0.0,0
2026-05-09 18:02:36,1,1,0,0.0,0,0.0,0,0,0,0.0,0.0,0,0,0.0,0.0,0
2026-05-09 18:02:36,1,1,0,0.0,0,0.0,0,0,0,0.0,0.0,0,0,0.0,0.0,0
2026-05-09 18:02:36,1,1,0,0.0,0,0.0,0,0,0,0.0,0.0,0,0,0.0,0.0,0
2026-05-09 18:02:36,1,1,0,0.0,0,0.0,0,0,0,0.0,0.0,0,0,0.0,0.0,0
2026-05-09 18:02:37,1,1,0,0.0,0,0.0,0,0,0,0.0,0.0,0,0,0.0,0.0,0
2026-05-09 18:02:37,1,1,0,0.0,0,0.0,0,0,0,0.0,0.0,0,0,0.0,0.0,0
2026-05-09 18:02:37,1,1,0,0.0,0,0.0,0,0,0,0.0,0.0,0,0,0.0,0.0,0
2026-05-09 18:02:37,1,1,0,0.0,0,0.0,0,0,0,0.0,0.0,0,0,0.0,0.0,0
2026-05-09 18:02:37,1,1,0,0.0,0,0.0,0,0,0,0.0,0.0,0,0,0.0,0.0,0
2026-05-09 18:02:37,1,1,0,0.0,0,0.0,0,0,0,0.0,0.0,0,0,0.0,0.0,0
2026-05-09 18:02:37,1,1,0,0.0,0,0.0,0,0,0,0.0,0.0,0,0,0.0,0.0,0
2026-05-09 18:02:37,1,1,0,0.0,0,0.0,0,0,0,0.0,0.0,0,0,0.0,0.0,0
2026-05-09 18:02:37,1,1,0,0.0,0,0.0,0,0,0,0.0,0.0,0,0,0.0,0.0,0
2026-05-09 18:02:37,1,1,0,0.0,0,0.0,0,0,0,0.0,0.0,0,0,0.0,0.0,0
2026-05-09 18:02:37,1,1,0,0.0,0,0.0,0,0,0,0.0,0.0,0,0,0.0,0.0,0
2026-05-09 18:02:37,1,1,0,0.0,0,0.0,0,0,0,0.0,0.0,0,0,0.0,0.0,0
2026-05-09 18:02:37,1,1,0,0.0,0,0.0,0,0,0,0.0,0.0,0,0,0.0,0.0,0
2026-05-09 18:02:37,1,1,0,0.0,0,0.0,0,0,0,0.0,0.0,0,0,0.0,0.0,0
2026-05-09 18:02:37,1,1,0,0.0,0,0.0,0,0,0,0.0,0.0,0,0,0.0,0.0,0
2026-05-09 18:02:37,1,1,0,0.0,0,0.0,0,0,0,0.0,0.0,0,0,0.0,0.0,0
2026-05-09 18:02:37,1,1,0,0.0,0,0.0,0,0,0,0.0,0.0,0,0,0.0,0.0,0
2026-05-09 18:02:37,1,1,0,0.0,0,0.0,0,0,0,0.0,0.0,0,0,0.0,0.0,0
2026-05-09 18:02:37,1,1,0,0.0,0,0.0,0,0,0,0.0,0.0,0,0,0.0,0.0,0
2026-05-09 18:02:37,1,1,0,0.0,0,0.0,0,0,0,0.0,0.0,0,0,0.0,0.0,0
2026-05-09 18:02:38,1,1,0,0.0,0,0.0,0,0,0,0.0,0.0,0,0,0.0,0.0,0
2026-05-09 18:02:38,1,1,0,0.0,0,0.0,0,0,0,0.0,0.0,0,0,0.0,0.0,0
2026-05-09 18:02:38,1,1,0,0.0,0,0.0,0,0,0,0.0,0.0,0,0,0.0,0.0,0
2026-05-09 18:02:38,1,1,0,0.0,0,0.0,0,0,0,0.0,0.0,0,0,0.0,0.0,0
2026-05-09 18:02:38,1,1,0,0.0,0,0.0,0,0,0,0.0,0.0,0,0,0.0,0.0,0
2026-05-09 18:02:38,1,1,0,0.0,0,0.0,0,0,0,0.0,0.0,0,0,0.0,0.0,0
2026-05-09 18:02:38,1,1,0,0.0,0,0.0,0,0,0,0.0,0.0,0,0,0.0,0.0,0
2026-05-09 18:02:38,1,1,0,0.0,0,0.0,0,0,0,0.0,0.0,0,0,0.0,0.0,0
2026-05-09 18:02:38,1,1,0,0.0,0,0.0,0,0,0,0.0,0.0,0,0,0.0,0.0,0
2026-05-09 18:02:38,1,1,0,0.0,0,0.0,0,0,0,0.0,0.0,0,0,0.0,0.0,0
2026-05-09 18:02:38,1,1,0,0.0,0,0.0,0,0,0,0.0,0.0,0,0,0.0,0.0,0
2026-05-09 18:02:38,1,1,0,0.0,0,0.0,0,0,0,0.0,0.0,0,0,0.0,0.0,0
2026-05-09 18:02:38,1,1,0,0.0,0,0.0,0,0,0,0.0,0.0,0,0,0.0,0.0,0
2026-05-09 18:02:38,1,1,0,0.0,0,0.0,0,0,0,0.0,0.0,0,0,0.0,0.0,0
2026-05-09 18:02:38,1,1,0,0.0,0,0.0,0,0,0,0.0,0.0,0,0,0.0,0.0,0
2026-05-09 18:02:38,1,1,0,0.0,0,0.0,0,0,0,0.0,0.0,0,0,0.0,0.0,0
2026-05-09 18:02:38,1,1,0,0.0,0,0.0,0,0,0,0.0,0.0,0,0,0.0,0.0,0
2026-05-09 18:02:38,1,1,0,0.0,0,0.0,0,0,0,0.0,0.0,0,0,0.0,0.0,0
2026-05-09 18:02:38,1,1,0,0.0,0,0.0,0,0,0,0.0,0.0,0,0,0.0,0.0,0
2026-05-09 18:02:38,1,1,0,0.0,0,0.0,0,0,0,0.0,0.0,0,0,0.0,0.0,0
2026-05-09 18:02:39,1,1,0,0.0,0,0.0,0,0,0,0.0,0.0,0,0,0.0,0.0,0
2026-05-09 18:02:39,1,1,0,0.0,0,0.0,0,0,0,0.0,0.0,0,0,0.0,0.0,0
2026-05-09 18:02:39,1,1,0,0.0,0,0.0,0,0,0,0.0,0.0,0,0,0.0,0.0,0
2026-05-09 18:02:39,1,1,0,0.0,0,0.0,0,0,0,0.0,0.0,0,0,0.0,0.0,0
2026-05-09 18:02:39,1,1,0,0.0,0,0.0,0,0,0,0.0,0.0,0,0,0.0,0.0,0
2026-05-09 18:02:39,1,1,0,0.0,0,0.0,0,0,0,0.0,0.0,0,0,0.0,0.0,0
2026-05-09 18:02:39,1,1,0,0.0,0,0.0,0,0,0,0.0,0.0,0,0,0.0,0.0,0
2026-05-09 18:02:39,1,1,0,0.0,0,0.0,0,0,0,0.0,0.0,0,0,0.0,0.0,0
2026-05-09 18:02:39,1,1,0,0.0,0,0.0,0,0,0,0.0,0.0,0,0,0.0,0.0,0
2026-05-09 18:02:39,1,1,0,0.0,0,0.0,0,0,0,0.0,0.0,0,0,0.0,0.0,0
2026-05-09 18:02:39,1,1,0,0.0,0,0.0,0,0,0,0.0,0.0,0,0,0.0,0.0,0
2026-05-09 18:02:39,1,1,0,0.0,0,0.0,0,0,0,0.0,0.0,0,0,0.0,0.0,0
2026-05-09 18:02:39,1,1,0,0.0,0,0.0,0,0,0,0.0,0.0,0,0,0.0,0.0,0
2026-05-09 18:02:39,1,1,0,0.0,0,0.0,0,0,0,0.0,0.0,0,0,0.0,0.0,0
2026-05-09 18:02:39,1,1,0,0.0,0,0.0,0,0,0,0.0,0.0,0,0,0.0,0.0,0
2026-05-09 18:02:39,1,1,0,0.0,0,0.0,0,0,0,0.0,0.0,0,0,0.0,0.0,0
2026-05-09 18:02:39,1,1,0,0.0,0,0.0,0,0,0,0.0,0.0,0,0,0.0,0.0,0
2026-05-09 18:02:39,1,1,0,0.0,0,0.0,0,0,0,0.0,0.0,0,0,0.0,0.0,0
2026-05-09 18:02:39,1,1,0,0.0,0,0.0,0,0,0,0.0,0.0,0,0,0.0,0.0,0
2026-05-09 18:02:39,1,1,0,0.0,0,0.0,0,0,0,0.0,0.0,0,0,0.0,0.0,0
2026-05-09 18:02:40,1,1,0,0.0,0,0.0,0,0,0,0.0,0.0,0,0,0.0,0.0,0
2026-05-09 18:02:40,1,1,0,0.0,0,0.0,0,0,0,0.0,0.0,0,0,0.0,0.0,0
2026-05-09 18:02:40,1,1,0,0.0,0,0.0,0,0,0,0.0,0.0,0,0,0.0,0.0,0
2026-05-09 18:02:40,1,1,0,0.0,0,0.0,0,0,0,0.0,0.0,0,0,0.0,0.0,0
2026-05-09 18:02:40,1,1,0,0.0,0,0.0,0,0,0,0.0,0.0,0,0,0.0,0.0,0
2026-05-09 18:02:40,1,1,0,0.0,0,0.0,0,0,0,0.0,0.0,0,0,0.0,0.0,0
2026-05-09 18:02:40,1,1,0,0.0,0,0.0,0,0,0,0.0,0.0,0,0,0.0,0.0,0
2026-05-09 18:02:40,1,1,0,0.0,0,0.0,0,0,0,0.0,0.0,0,0,0.0,0.0,0
2026-05-09 18:02:40,1,1,0,0.0,0,0.0,0,0,0,0.0,0.0,0,0,0.0,0.0,0
2026-05-09 18:02:40,1,1,0,0.0,0,0.0,0,0,0,0.0,0.0,0,0,0.0,0.0,0
2026-05-09 18:02:40,1,1,0,0.0,0,0.0,0,0,0,0.0,0.0,0,0,0.0,0.0,0
2026-05-09 18:02:40,1,1,0,0.0,0,0.0,0,0,0,0.0,0.0,0,0,0.0,0.0,0
2026-05-09 18:02:40,1,1,0,0.0,0,0.0,0,0,0,0.0,0.0,0,0,0.0,0.0,0
2026-05-09 18:02:40,1,1,0,0.0,0,0.0,0,0,0,0.0,0.0,0,0,0.0,0.0,0
2026-05-09 18:02:40,1,1,0,0.0,0,0.0,0,0,0,0.0,0.0,0,0,0.0,0.0,0
2026-05-09 18:02:40,1,1,0,0.0,0,0.0,0,0,0,0.0,0.0,0,0,0.0,0.0,0
2026-05-09 18:02:40,1,1,0,0.0,0,0.0,0,0,0,0.0,0.0,0,0,0.0,0.0,0
2026-05-09 18:02:40,1,1,0,0.0,0,0.0,0,0,0,0.0,0.0,0,0,0.0,0.0,0
2026-05-09 18:02:40,1,1,0,0.0,0,0.0,0,0,0,0.0,0.0,0,0,0.0,0.0,0
2026-05-09 18:02:40,1,1,0,0.0,0,0.0,0,0,0,0.0,0.0,0,0,0.0,0.0,0
2026-05-09 18:02:41,1,1,0,0.0,0,0.0,0,0,0,0.0,0.0,0,0,0.0,0.0,0
2026-05-09 18:02:41,1,1,0,0.0,0,0.0,0,0,0,0.0,0.0,0,0,0.0,0.0,0
2026-05-09 18:02:41,1,1,0,0.0,0,0.0,0,0,0,0.0,0.0,0,0,0.0,0.0,0
2026-05-09 18:02:41,1,1,0,0.0,0,0.0,0,0,0,0.0,0.0,0,0,0.0,0.0,0
2026-05-09 18:02:41,1,1,0,0.0,0,0.0,0,0,0,0.0,0.0,0,0,0.0,0.0,0
2026-05-09 18:02:41,1,1,0,0.0,0,0.0,0,0,0,0.0,0.0,0,0,0.0,0.0,0
2026-05-09 18:02:41,1,1,0,0.0,0,0.0,0,0,0,0.0,0.0,0,0,0.0,0.0,0
2026-05-09 18:02:41,1,1,0,0.0,0,0.0,0,0,0,0.0,0.0,0,0,0.0,0.0,0
2026-05-09 18:02:41,1,1,0,0.0,0,0.0,0,0,0,0.0,0.0,0,0,0.0,0.0,0
2026-05-09 18:02:41,1,1,0,0.0,0,0.0,0,0,0,0.0,0.0,0,0,0.0,0.0,0
2026-05-09 18:02:41,1,1,0,0.0,0,0.0,0,0,0,0.0,0.0,0,0,0.0,0.0,0
2026-05-09 18:02:41,1,1,0,0.0,0,0.0,0,0,0,0.0,0.0,0,0,0.0,0.0,0
2026-05-09 18:02:41,1,1,0,0.0,0,0.0,0,0,0,0.0,0.0,0,0,0.0,0.0,0
2026-05-09 18:02:41,1,1,0,0.0,0,0.0,0,0,0,0.0,0.0,0,0,0.0,0.0,0
2026-05-09 18:02:41,1,1,0,0.0,0,0.0,0,0,0,0.0,0.0,0,0,0.0,0.0,0
2026-05-09 18:02:41,1,1,0,0.0,0,0.0,0,0,0,0.0,0.0,0,0,0.0,0.0,0
2026-05-09 18:02:41,1,1,0,0.0,0,0.0,0,0,0,0.0,0.0,0,0,0.0,0.0,0
2026-05-09 18:02:41,1,1,0,0.0,0,0.0,0,0,0,0.0,0.0,0,0,0.0,0.0,0
2026-05-09 18:02:41,1,1,0,0.0,0,0.0,0,0,0,0.0,0.0,0,0,0.0,0.0,0
2026-05-09 18:02:41,1,1,0,0.0,0,0.0,0,0,0,0.0,0.0,0,0,0.0,0.0,0
2026-05-09 18:02:42,1,1,0,0.0,0,0.0,0,0,0,0.0,0.0,0,0,0.0,0.0,0
2026-05-09 18:02:42,1,1,0,0.0,0,0.0,0,0,0,0.0,0.0,0,0,0.0,0.0,0
2026-05-09 18:02:42,1,1,0,0.0,0,0.0,0,0,0,0.0,0.0,0,0,0.0,0.0,0
2026-05-09 18:02:42,1,1,0,0.0,0,0.0,0,0,0,0.0,0.0,0,0,0.0,0.0,0
2026-05-09 18:02:42,1,1,0,0.0,0,0.0,0,0,0,0.0,0.0,0,0,0.0,0.0,0
2026-05-09 18:02:42,1,1,0,0.0,0,0.0,0,0,0,0.0,0.0,0,0,0.0,0.0,0
2026-05-09 18:02:42,1,1,0,0.0,0,0.0,0,0,0,0.0,0.0,0,0,0.0,0.0,0
2026-05-09 18:02:42,1,1,0,0.0,0,0.0,0,0,0,0.0,0.0,0,0,0.0,0.0,0
2026-05-09 18:02:42,1,1,0,0.0,0,0.0,0,0,0,0.0,0.0,0,0,0.0,0.0,0
2026-05-09 18:02:42,1,1,0,0.0,0,0.0,0,0,0,0.0,0.0,0,0,0.0,0.0,0
2026-05-09 18:02:42,1,1,0,0.0,0,0.0,0,0,0,0.0,0.0,0,0,0.0,0.0,0
2026-05-09 18:02:42,1,1,0,0.0,0,0.0,0,0,0,0.0,0.0,0,0,0.0,0.0,0
2026-05-09 18:02:42,1,1,0,0.0,0,0.0,0,0,0,0.0,0.0,0,0,0.0,0.0,0
2026-05-09 18:02:42,1,1,0,0.0,0,0.0,0,0,0,0.0,0.0,0,0,0.0,0.0,0
2026-05-09 18:02:42,1,1,0,0.0,0,0.0,0,0,0,0.0,0.0,0,0,0.0,0.0,0
2026-05-09 18:02:42,1,1,0,0.0,0,0.0,0,0,0,0.0,0.0,0,0,0.0,0.0,0
2026-05-09 18:02:42,1,1,0,0.0,0,0.0,0,0,0,0.0,0.0,0,0,0.0,0.0,0
2026-05-09 18:02:42,1,1,0,0.0,0,0.0,0,0,0,0.0,0.0,0,0,0.0,0.0,0
2026-05-09 18:02:42,1,1,0,0.0,0,0.0,0,0,0,0.0,0.0,0,0,0.0,0.0,0
2026-05-09 18:02:42,1,1,0,0.0,0,0.0,0,0,0,0.0,0.0,0,0,0.0,0.0,0
2026-05-09 18:02:43,1,1,0,0.0,0,0.0,0,0,0,0.0,0.0,0,0,0.0,0.0,0
2026-05-09 18:02:43,1,1,0,0.0,0,0.0,0,0,0,0.0,0.0,0,0,0.0,0.0,0
2026-05-09 18:02:43,1,1,0,0.0,0,0.0,0,0,0,0.0,0.0,0,0,0.0,0.0,0
2026-05-09 18:02:43,1,1,0,0.0,0,0.0,0,0,0,0.0,0.0,0,0,0.0,0.0,0
2026-05-09 18:02:43,1,1,0,0.0,0,0.0,0,0,0,0.0,0.0,0,0,0.0,0.0,0
2026-05-09 18:02:43,1,1,0,0.0,0,0.0,0,0,0,0.0,0.0,0,0,0.0,0.0,0
2026-05-09 18:02:43,1,1,0,0.0,0,0.0,0,0,0,0.0,0.0,0,0,0.0,0.0,0
2026-05-09 18:02:43,1,1,0,0.0,0,0.0,0,0,0,0.0,0.0,0,0,0.0,0.0,0
2026-05-09 18:02:43,1,1,0,0.0,0,0.0,0,0,0,0.0,0.0,0,0,0.0,0.0,0
2026-05-09 18:02:43,1,1,0,0.0,0,0.0,0,0,0,0.0,0.0,0,0,0.0,0.0,0
2026-05-09 18:02:43,1,1,0,0.0,0,0.0,0,0,0,0.0,0.0,0,0,0.0,0.0,0
2026-05-09 18:02:43,1,1,0,0.0,0,0.0,0,0,0,0.0,0.0,0,0,0.0,0.0,0
2026-05-09 18:02:43,1,1,0,0.0,0,0.0,0,0,0,0.0,0.0,0,0,0.0,0.0,0
2026-05-09 18:02:43,1,1,0,0.0,0,0.0,0,0,0,0.0,0.0,0,0,0.0,0.0,0
2026-05-09 18:02:43,1,1,0,0.0,0,0.0,0,0,0,0.0,0.0,0,0,0.0,0.0,0
2026-05-09 18:02:43,1,1,0,0.0,0,0.0,0,0,0,0.0,0.0,0,0,0.0,0.0,0
2026-05-09 18:02:43,1,1,0,0.0,0,0.0,0,0,0,0.0,0.0,0,0,0.0,0.0,0
2026-05-09 18:02:43,1,1,0,0.0,0,0.0,0,0,0,0.0,0.0,0,0,0.0,0.0,0
2026-05-09 18:02:43,1,1,0,0.0,0,0.0,0,0,0,0.0,0.0,0,0,0.0,0.0,0
2026-05-09 18:02:43,1,1,0,0.0,0,0.0,0,0,0,0.0,0.0,0,0,0.0,0.0,0
2026-05-09 18:02:44,1,1,0,0.0,0,0.0,0,0,0,0.0,0.0,0,0,0.0,0.0,0
2026-05-09 18:02:44,1,1,0,0.0,0,0.0,0,0,0,0.0,0.0,0,0,0.0,0.0,0
2026-05-09 18:02:44,1,1,0,0.0,0,0.0,0,0,0,0.0,0.0,0,0,0.0,0.0,0
2026-05-09 18:02:44,1,1,0,0.0,0,0.0,0,0,0,0.0,0.0,0,0,0.0,0.0,0
2026-05-09 18:02:44,1,1,0,0.0,0,0.0,0,0,0,0.0,0.0,0,0,0.0,0.0,0
2026-05-09 18:02:44,1,1,0,0.0,0,0.0,0,0,0,0.0,0.0,0,0,0.0,0.0,0
2026-05-09 18:02:44,1,1,0,0.0,0,0.0,0,0,0,0.0,0.0,0,0,0.0,0.0,0
2026-05-09 18:02:44,1,1,0,0.0,0,0.0,0,0,0,0.0,0.0,0,0,0.0,0.0,0
2026-05-09 18:02:44,1,1,0,0.0,0,0.0,0,0,0,0.0,0.0,0,0,0.0,0.0,0
2026-05-09 18:02:44,1,1,0,0.0,0,0.0,0,0,0,0.0,0.0,0,0,0.0,0.0,0
2026-05-09 18:02:44,1,1,0,0.0,0,0.0,0,0,0,0.0,0.0,0,0,0.0,0.0,0
2026-05-09 18:02:44,1,1,0,0.0,0,0.0,0,0,0,0.0,0.0,0,0,0.0,0.0,0
2026-05-09 18:02:44,1,1,0,0.0,0,0.0,0,0,0,0.0,0.0,0,0,0.0,0.0,0
2026-05-09 18:02:44,1,1,0,0.0,0,0.0,0,0,0,0.0,0.0,0,0,0.0,0.0,0
2026-05-09 18:02:44,1,1,0,0.0,0,0.0,0,0,0,0.0,0.0,0,0,0.0,0.0,0
2026-05-09 18:02:44,1,1,0,0.0,0,0.0,0,0,0,0.0,0.0,0,0,0.0,0.0,0
2026-05-09 18:02:44,1,1,0,0.0,0,0.0,0,0,0,0.0,0.0,0,0,0.0,0.0,0
2026-05-09 18:02:44,1,1,0,0.0,0,0.0,0,0,0,0.0,0.0,0,0,0.0,0.0,0
2026-05-09 18:02:44,1,1,0,0.0,0,0.0,0,0,0,0.0,0.0,0,0,0.0,0.0,0
2026-05-09 18:02:44,1,1,0,0.0,0,0.0,0,0,0,0.0,0.0,0,0,0.0,0.0,0
2026-05-09 18:02:45,1,1,0,0.0,0,0.0,0,0,0,0.0,0.0,0,0,0.0,0.0,0
2026-05-09 18:02:45,1,1,0,0.0,0,0.0,0,0,0,0.0,0.0,0,0,0.0,0.0,0
2026-05-09 18:02:45,1,1,0,0.0,0,0.0,0,0,0,0.0,0.0,0,0,0.0,0.0,0
2026-05-09 18:02:45,1,1,0,0.0,0,0.0,0,0,0,0.0,0.0,0,0,0.0,0.0,0
2026-05-09 18:02:45,1,1,0,0.0,0,0.0,0,0,0,0.0,0.0,0,0,0.0,0.0,0
2026-05-09 18:02:45,1,1,0,0.0,0,0.0,0,0,0,0.0,0.0,0,0,0.0,0.0,0
2026-05-09 18:02:45,1,1,0,0.0,0,0.0,0,0,0,0.0,0.0,0,0,0.0,0.0,0
2026-05-09 18:02:45,1,1,0,0.0,0,0.0,0,0,0,0.0,0.0,0,0,0.0,0.0,0
2026-05-09 18:02:45,1,1,0,0.0,0,0.0,0,0,0,0.0,0.0,0,0,0.0,0.0,0
2026-05-09 18:02:45,1,1,0,0.0,0,0.0,0,0,0,0.0,0.0,0,0,0.0,0.0,0
2026-05-09 18:02:45,1,1,0,0.0,0,0.0,0,0,0,0.0,0.0,0,0,0.0,0.0,0
2026-05-09 18:02:45,1,1,0,0.0,0,0.0,0,0,0,0.0,0.0,0,0,0.0,0.0,0
2026-05-09 18:02:45,1,1,0,0.0,0,0.0,0,0,0,0.0,0.0,0,0,0.0,0.0,0
2026-05-09 18:02:45,1,1,0,0.0,0,0.0,0,0,0,0.0,0.0,0,0,0.0,0.0,0
2026-05-09 18:02:45,1,1,0,0.0,0,0.0,0,0,0,0.0,0.0,0,0,0.0,0.0,0
2026-05-09 18:02:45,1,1,0,0.0,0,0.0,0,0,0,0.0,0.0,0,0,0.0,0.0,0
2026-05-09 18:02:45,1,1,0,0.0,0,0.0,0,0,0,0.0,0.0,0,0,0.0,0.0,0
2026-05-09 18:02:45,1,1,0,0.0,0,0.0,0,0,0,0.0,0.0,0,0,0.0,0.0,0
2026-05-09 18:02:45,1,1,0,0.0,0,0.0,0,0,0,0.0,0.0,0,0,0.0,0.0,0
2026-05-09 18:02:45,1,1,0,0.0,0,0.0,0,0,0,0.0,0.0,0,0,0.0,0.0,0
2026-05-09 18:02:46,1,1,0,0.0,0,0.0,0,0,0,0.0,0.0,0,0,0.0,0.0,0
2026-05-09 18:02:46,1,1,0,0.0,0,0.0,0,0,0,0.0,0.0,0,0,0.0,0.0,0
2026-05-09 18:02:46,1,1,0,0.0,0,0.0,0,0,0,0.0,0.0,0,0,0.0,0.0,0
2026-05-09 18:02:46,1,1,0,0.0,0,0.0,0,0,0,0.0,0.0,0,0,0.0,0.0,0
2026-05-09 18:02:46,1,1,0,0.0,0,0.0,0,0,0,0.0,0.0,0,0,0.0,0.0,0
2026-05-09 18:02:46,1,1,0,0.0,0,0.0,0,0,0,0.0,0.0,0,0,0.0,0.0,0
2026-05-09 18:02:46,1,1,0,0.0,0,0.0,0,0,0,0.0,0.0,0,0,0.0,0.0,0
2026-05-09 18:02:46,1,1,0,0.0,0,0.0,0,0,0,0.0,0.0,0,0,0.0,0.0,0
2026-05-09 18:02:46,1,1,0,0.0,0,0.0,0,0,0,0.0,0.0,0,0,0.0,0.0,0
2026-05-09 18:02:46,1,1,0,0.0,0,0.0,0,0,0,0.0,0.0,0,0,0.0,0.0,0
2026-05-09 18:02:46,1,1,0,0.0,0,0.0,0,0,0,0.0,0.0,0,0,0.0,0.0,0
2026-05-09 18:02:46,1,1,0,0.0,0,0.0,0,0,0,0.0,0.0,0,0,0.0,0.0,0
2026-05-09 18:02:46,1,1,0,0.0,0,0.0,0,0,0,0.0,0.0,0,0,0.0,0.0,0
2026-05-09 18:02:46,1,1,0,0.0,0,0.0,0,0,0,0.0,0.0,0,0,0.0,0.0,0
2026-05-09 18:02:46,1,1,0,0.0,0,0.0,0,0,0,0.0,0.0,0,0,0.0,0.0,0
2026-05-09 18:02:46,1,1,0,0.0,0,0.0,0,0,0,0.0,0.0,0,0,0.0,0.0,0
2026-05-09 18:02:46,1,1,0,0.0,0,0.0,0,0,0,0.0,0.0,0,0,0.0,0.0,0
2026-05-09 18:02:46,1,1,0,0.0,0,0.0,0,0,0,0.0,0.0,0,0,0.0,0.0,0
2026-05-09 18:02:46,1,1,0,0.0,0,0.0,0,0,0,0.0,0.0,0,0,0.0,0.0,0
2026-05-09 18:02:46,1,1,0,0.0,0,0.0,0,0,0,0.0,0.0,0,0,0.0,0.0,0
2026-05-09 18:02:47,1,1,0,0.0,0,0.0,0,0,0,0.0,0.0,0,0,0.0,0.0,0
2026-05-09 18:02:47,1,1,0,0.0,0,0.0,0,0,0,0.0,0.0,0,0,0.0,0.0,0
2026-05-09 18:02:47,1,1,0,0.0,0,0.0,0,0,0,0.0,0.0,0,0,0.0,0.0,0
2026-05-09 18:02:47,1,1,0,0.0,0,0.0,0,0,0,0.0,0.0,0,0,0.0,0.0,0
2026-05-09 18:02:47,1,1,0,0.0,0,0.0,0,0,0,0.0,0.0,0,0,0.0,0.0,0
2026-05-09 18:02:47,1,1,0,0.0,0,0.0,0,0,0,0.0,0.0,0,0,0.0,0.0,0
2026-05-09 18:02:47,1,1,0,0.0,0,0.0,0,0,0,0.0,0.0,0,0,0.0,0.0,0
2026-05-09 18:02:47,1,1,0,0.0,0,0.0,0,0,0,0.0,0.0,0,0,0.0,0.0,0
2026-05-09 18:02:47,1,1,0,0.0,0,0.0,0,0,0,0.0,0.0,0,0,0.0,0.0,0
2026-05-09 18:02:47,1,1,0,0.0,0,0.0,0,0,0,0.0,0.0,0,0,0.0,0.0,0
2026-05-09 18:02:47,1,1,0,0.0,0,0.0,0,0,0,0.0,0.0,0,0,0.0,0.0,0
2026-05-09 18:02:47,1,1,0,0.0,0,0.0,0,0,0,0.0,0.0,0,0,0.0,0.0,0
2026-05-09 18:02:47,1,1,0,0.0,0,0.0,0,0,0,0.0,0.0,0,0,0.0,0.0,0
2026-05-09 18:02:47,1,1,0,0.0,0,0.0,0,0,0,0.0,0.0,0,0,0.0,0.0,0
2026-05-09 18:02:47,1,1,0,0.0,0,0.0,0,0,0,0.0,0.0,0,0,0.0,0.0,0
2026-05-09 18:02:47,1,1,0,0.0,0,0.0,0,0,0,0.0,0.0,0,0,0.0,0.0,0
2026-05-09 18:02:47,1,1,0,0.0,0,0.0,0,0,0,0.0,0.0,0,0,0.0,0.0,0
2026-05-09 18:02:47,1,1,0,0.0,0,0.0,0,0,0,0.0,0.0,0,0,0.0,0.0,0
2026-05-09 18:02:47,1,1,0,0.0,0,0.0,0,0,0,0.0,0.0,0,0,0.0,0.0,0
2026-05-09 18:02:47,1,1,0,0.0,0,0.0,0,0,0,0.0,0.0,0,0,0.0,0.0,0
2026-05-09 18:02:48,1,1,0,0.0,0,0.0,0,0,0,0.0,0.0,0,0,0.0,0.0,0
2026-05-09 18:02:48,1,1,0,0.0,0,0.0,0,0,0,0.0,0.0,0,0,0.0,0.0,0
2026-05-09 18:02:48,1,1,0,0.0,0,0.0,0,0,0,0.0,0.0,0,0,0.0,0.0,0
2026-05-09 18:02:48,1,1,0,0.0,0,0.0,0,0,0,0.0,0.0,0,0,0.0,0.0,0
2026-05-09 18:02:48,1,1,0,0.0,0,0.0,0,0,0,0.0,0.0,0,0,0.0,0.0,0
2026-05-09 18:02:48,1,1,0,0.0,0,0.0,0,0,0,0.0,0.0,0,0,0.0,0.0,0
2026-05-09 18:02:48,1,1,0,0.0,0,0.0,0,0,0,0.0,0.0,0,0,0.0,0.0,0
2026-05-09 18:02:48,1,1,0,0.0,0,0.0,0,0,0,0.0,0.0,0,0,0.0,0.0,0
2026-05-09 18:02:48,1,1,0,0.0,0,0.0,0,0,0,0.0,0.0,0,0,0.0,0.0,0
2026-05-09 18:02:48,1,1,0,0.0,0,0.0,0,0,0,0.0,0.0,0,0,0.0,0.0,0
2026-05-09 18:02:48,1,1,0,0.0,0,0.0,0,0,0,0.0,0.0,0,0,0.0,0.0,0
2026-05-09 18:02:48,1,1,0,0.0,0,0.0,0,0,0,0.0,0.0,0,0,0.0,0.0,0
2026-05-09 18:02:48,1,1,0,0.0,0,0.0,0,0,0,0.0,0.0,0,0,0.0,0.0,0
2026-05-09 18:02:48,1,1,0,0.0,0,0.0,0,0,0,0.0,0.0,0,0,0.0,0.0,0
2026-05-09 18:02:48,1,1,0,0.0,0,0.0,0,0,0,0.0,0.0,0,0,0.0,0.0,0
2026-05-09 18:02:48,1,1,0,0.0,0,0.0,0,0,0,0.0,0.0,0,0,0.0,0.0,0
2026-05-09 18:02:48,1,1,0,0.0,0,0.0,0,0,0,0.0,0.0,0,0,0.0,0.0,0
2026-05-09 18:02:48,1,1,0,0.0,0,0.0,0,0,0,0.0,0.0,0,0,0.0,0.0,0
2026-05-09 18:02:48,1,1,0,0.0,0,0.0,0,0,0,0.0,0.0,0,0,0.0,0.0,0
2026-05-09 18:02:48,1,1,0,0.0,0,0.0,0,0,0,0.0,0.0,0,0,0.0,0.0,0
2026-05-09 18:02:49,1,1,0,0.0,0,0.0,0,0,0,0.0,0.0,0,0,0.0,0.0,0
2026-05-09 18:02:49,1,1,0,0.0,0,0.0,0,0,0,0.0,0.0,0,0,0.0,0.0,0
2026-05-09 18:02:49,1,1,0,0.0,0,0.0,0,0,0,0.0,0.0,0,0,0.0,0.0,0
2026-05-09 18:02:49,1,1,0,0.0,0,0.0,0,0,0,0.0,0.0,0,0,0.0,0.0,0
2026-05-09 18:02:49,1,1,0,0.0,0,0.0,0,0,0,0.0,0.0,0,0,0.0,0.0,0
2026-05-09 18:02:49,1,1,0,0.0,0,0.0,0,0,0,0.0,0.0,0,0,0.0,0.0,0
2026-05-09 18:02:49,1,1,0,0.0,0,0.0,0,0,0,0.0,0.0,0,0,0.0,0.0,0
2026-05-09 18:02:49,1,1,0,0.0,0,0.0,0,0,0,0.0,0.0,0,0,0.0,0.0,0
2026-05-09 18:02:49,1,1,0,0.0,0,0.0,0,0,0,0.0,0.0,0,0,0.0,0.0,0
2026-05-09 18:02:49,1,1,0,0.0,0,0.0,0,0,0,0.0,0.0,0,0,0.0,0.0,0
2026-05-09 18:02:49,1,1,0,0.0,0,0.0,0,0,0,0.0,0.0,0,0,0.0,0.0,0
2026-05-09 18:02:49,1,1,0,0.0,0,0.0,0,0,0,0.0,0.0,0,0,0.0,0.0,0
2026-05-09 18:02:49,1,1,0,0.0,0,0.0,0,0,0,0.0,0.0,0,0,0.0,0.0,0
2026-05-09 18:02:49,1,1,0,0.0,0,0.0,0,0,0,0.0,0.0,0,0,0.0,0.0,0
2026-05-09 18:02:49,1,1,0,0.0,0,0.0,0,0,0,0.0,0.0,0,0,0.0,0.0,0
2026-05-09 18:02:49,1,1,0,0.0,0,0.0,0,0,0,0.0,0.0,0,0,0.0,0.0,0
2026-05-09 18:02:49,1,1,0,0.0,0,0.0,0,0,0,0.0,0.0,0,0,0.0,0.0,0
2026-05-09 18:02:49,1,1,0,0.0,0,0.0,0,0,0,0.0,0.0,0,0,0.0,0.0,0
2026-05-09 18:02:49,1,1,0,0.0,0,0.0,0,0,0,0.0,0.0,0,0,0.0,0.0,0
2026-05-09 18:02:49,1,1,0,0.0,0,0.0,0,0,0,0.0,0.0,0,0,0.0,0.0,0
2026-05-09 18:02:50,1,1,0,0.0,0,0.0,0,0,0,0.0,0.0,0,0,0.0,0.0,0
2026-05-09 18:02:50,1,1,0,0.0,0,0.0,0,0,0,0.0,0.0,0,0,0.0,0.0,0
2026-05-09 18:02:50,1,1,0,0.0,0,0.0,0,0,0,0.0,0.0,0,0,0.0,0.0,0
2026-05-09 18:02:50,1,1,0,0.0,0,0.0,0,0,0,0.0,0.0,0,0,0.0,0.0,0
2026-05-09 18:02:50,1,1,0,0.0,0,0.0,0,0,0,0.0,0.0,0,0,0.0,0.0,0
2026-05-09 18:02:50,1,1,0,0.0,0,0.0,0,0,0,0.0,0.0,0,0,0.0,0.0,0
2026-05-09 18:02:50,1,1,0,0.0,0,0.0,0,0,0,0.0,0.0,0,0,0.0,0.0,0
2026-05-09 18:02:50,1,1,0,0.0,0,0.0,0,0,0,0.0,0.0,0,0,0.0,0.0,0
2026-05-09 18:02:50,1,1,0,0.0,0,0.0,0,0,0,0.0,0.0,0,0,0.0,0.0,0
2026-05-09 18:02:50,1,1,0,0.0,0,0.0,0,0,0,0.0,0.0,0,0,0.0,0.0,0
2026-05-09 18:02:50,1,1,0,0.0,0,0.0,0,0,0,0.0,0.0,0,0,0.0,0.0,0
2026-05-09 18:02:50,1,1,0,0.0,0,0.0,0,0,0,0.0,0.0,0,0,0.0,0.0,0
2026-05-09 18:02:50,1,1,0,0.0,0,0.0,0,0,0,0.0,0.0,0,0,0.0,0.0,0
2026-05-09 18:02:50,1,1,0,0.0,0,0.0,0,0,0,0.0,0.0,0,0,0.0,0.0,0
2026-05-09 18:02:50,1,1,0,0.0,0,0.0,0,0,0,0.0,0.0,0,0,0.0,0.0,0
2026-05-09 18:02:50,1,1,0,0.0,0,0.0,0,0,0,0.0,0.0,0,0,0.0,0.0,0
2026-05-09 18:02:50,1,1,0,0.0,0,0.0,0,0,0,0.0,0.0,0,0,0.0,0.0,0
2026-05-09 18:02:50,1,1,0,0.0,0,0.0,0,0,0,0.0,0.0,0,0,0.0,0.0,0
2026-05-09 18:02:50,1,1,0,0.0,0,0.0,0,0,0,0.0,0.0,0,0,0.0,0.0,0
2026-05-09 18:02:50,1,1,0,0.0,0,0.0,0,0,0,0.0,0.0,0,0,0.0,0.0,0
2026-05-09 18:02:51,1,1,0,0.0,0,0.0,0,0,0,0.0,0.0,0,0,0.0,0.0,0
2026-05-09 18:02:51,1,1,0,0.0,0,0.0,0,0,0,0.0,0.0,0,0,0.0,0.0,0
2026-05-09 18:02:51,1,1,0,0.0,0,0.0,0,0,0,0.0,0.0,0,0,0.0,0.0,0
2026-05-09 18:02:51,1,1,0,0.0,0,0.0,0,0,0,0.0,0.0,0,0,0.0,0.0,0
2026-05-09 18:02:51,1,1,0,0.0,0,0.0,0,0,0,0.0,0.0,0,0,0.0,0.0,0
2026-05-09 18:02:51,1,1,0,0.0,0,0.0,0,0,0,0.0,0.0,0,0,0.0,0.0,0
2026-05-09 18:02:51,1,1,0,0.0,0,0.0,0,0,0,0.0,0.0,0,0,0.0,0.0,0
2026-05-09 18:02:51,1,1,0,0.0,0,0.0,0,0,0,0.0,0.0,0,0,0.0,0.0,0
2026-05-09 18:02:51,1,1,0,0.0,0,0.0,0,0,0,0.0,0.0,0,0,0.0,0.0,0
2026-05-09 18:02:51,1,1,0,0.0,0,0.0,0,0,0,0.0,0.0,0,0,0.0,0.0,0
2026-05-09 18:02:51,1,1,0,0.0,0,0.0,0,0,0,0.0,0.0,0,0,0.0,0.0,0
2026-05-09 18:02:51,1,1,0,0.0,0,0.0,0,0,0,0.0,0.0,0,0,0.0,0.0,0
2026-05-09 18:02:51,1,1,0,0.0,0,0.0,0,0,0,0.0,0.0,0,0,0.0,0.0,0
2026-05-09 18:02:51,1,1,0,0.0,0,0.0,0,0,0,0.0,0.0,0,0,0.0,0.0,0
2026-05-09 18:02:51,1,1,0,0.0,0,0.0,0,0,0,0.0,0.0,0,0,0.0,0.0,0
2026-05-09 18:02:51,1,1,0,0.0,0,0.0,0,0,0,0.0,0.0,0,0,0.0,0.0,0
2026-05-09 18:02:51,1,1,0,0.0,0,0.0,0,0,0,0.0,0.0,0,0,0.0,0.0,0
2026-05-09 18:02:51,1,1,0,0.0,0,0.0,0,0,0,0.0,0.0,0,0,0.0,0.0,0
2026-05-09 18:02:51,1,1,0,0.0,0,0.0,0,0,0,0.0,0.0,0,0,0.0,0.0,0
2026-05-09 18:02:51,1,1,0,0.0,0,0.0,0,0,0,0.0,0.0,0,0,0.0,0.0,0
2026-05-09 18:02:52,1,1,0,0.0,0,0.0,0,0,0,0.0,0.0,0,0,0.0,0.0,0
2026-05-09 18:02:52,1,1,0,0.0,0,0.0,0,0,0,0.0,0.0,0,0,0.0,0.0,0
2026-05-09 18:02:52,1,1,0,0.0,0,0.0,0,0,0,0.0,0.0,0,0,0.0,0.0,0
2026-05-09 18:02:52,1,1,0,0.0,0,0.0,0,0,0,0.0,0.0,0,0,0.0,0.0,0
2026-05-09 18:02:52,1,1,0,0.0,0,0.0,0,0,0,0.0,0.0,0,0,0.0,0.0,0
2026-05-09 18:02:52,1,1,0,0.0,0,0.0,0,0,0,0.0,0.0,0,0,0.0,0.0,0
2026-05-09 18:02:52,1,1,0,0.0,0,0.0,0,0,0,0.0,0.0,0,0,0.0,0.0,0
2026-05-09 18:02:52,1,1,0,0.0,0,0.0,0,0,0,0.0,0.0,0,0,0.0,0.0,0
2026-05-09 18:02:52,1,1,0,0.0,0,0.0,0,0,0,0.0,0.0,0,0,0.0,0.0,0
2026-05-09 18:02:52,1,1,0,0.0,0,0.0,0,0,0,0.0,0.0,0,0,0.0,0.0,0
2026-05-09 18:02:52,1,1,0,0.0,0,0.0,0,0,0,0.0,0.0,0,0,0.0,0.0,0
2026-05-09 18:02:52,1,1,0,0.0,0,0.0,0,0,0,0.0,0.0,0,0,0.0,0.0,0
2026-05-09 18:02:52,1,1,0,0.0,0,0.0,0,0,0,0.0,0.0,0,0,0.0,0.0,0
2026-05-09 18:02:52,1,1,0,0.0,0,0.0,0,0,0,0.0,0.0,0,0,0.0,0.0,0
2026-05-09 18:02:52,1,1,0,0.0,0,0.0,0,0,0,0.0,0.0,0,0,0.0,0.0,0
2026-05-09 18:02:52,1,1,0,0.0,0,0.0,0,0,0,0.0,0.0,0,0,0.0,0.0,0
2026-05-09 18:02:52,1,1,0,0.0,0,0.0,0,0,0,0.0,0.0,0,0,0.0,0.0,0
2026-05-09 18:02:52,1,1,0,0.0,0,0.0,0,0,0,0.0,0.0,0,0,0.0,0.0,0
2026-05-09 18:02:52,1,1,0,0.0,0,0.0,0,0,0,0.0,0.0,0,0,0.0,0.0,0
2026-05-09 18:02:52,1,1,0,0.0,0,0.0,0,0,0,0.0,0.0,0,0,0.0,0.0,0
2026-05-09 18:02:53,1,1,0,0.0,0,0.0,0,0,0,0.0,0.0,0,0,0.0,0.0,0
2026-05-09 18:02:53,1,1,0,0.0,0,0.0,0,0,0,0.0,0.0,0,0,0.0,0.0,0
2026-05-09 18:02:53,1,1,0,0.0,0,0.0,0,0,0,0.0,0.0,0,0,0.0,0.0,0
2026-05-09 18:02:53,1,1,0,0.0,0,0.0,0,0,0,0.0,0.0,0,0,0.0,0.0,0
2026-05-09 18:02:53,1,1,0,0.0,0,0.0,0,0,0,0.0,0.0,0,0,0.0,0.0,0
2026-05-09 18:02:53,1,1,0,0.0,0,0.0,0,0,0,0.0,0.0,0,0,0.0,0.0,0
2026-05-09 18:02:53,1,1,0,0.0,0,0.0,0,0,0,0.0,0.0,0,0,0.0,0.0,0
2026-05-09 18:02:53,1,1,0,0.0,0,0.0,0,0,0,0.0,0.0,0,0,0.0,0.0,0
2026-05-09 18:02:53,1,1,0,0.0,0,0.0,0,0,0,0.0,0.0,0,0,0.0,0.0,0
2026-05-09 18:02:53,1,1,0,0.0,0,0.0,0,0,0,0.0,0.0,0,0,0.0,0.0,0
2026-05-09 18:02:53,1,1,0,0.0,0,0.0,0,0,0,0.0,0.0,0,0,0.0,0.0,0
2026-05-09 18:02:53,1,1,0,0.0,0,0.0,0,0,0,0.0,0.0,0,0,0.0,0.0,0
2026-05-09 18:02:53,1,1,0,0.0,0,0.0,0,0,0,0.0,0.0,0,0,0.0,0.0,0
2026-05-09 18:02:53,1,1,0,0.0,0,0.0,0,0,0,0.0,0.0,0,0,0.0,0.0,0
2026-05-09 18:02:53,1,1,0,0.0,0,0.0,0,0,0,0.0,0.0,0,0,0.0,0.0,0
2026-05-09 18:02:53,1,1,0,0.0,0,0.0,0,0,0,0.0,0.0,0,0,0.0,0.0,0
2026-05-09 18:02:53,1,1,0,0.0,0,0.0,0,0,0,0.0,0.0,0,0,0.0,0.0,0
2026-05-09 18:02:53,1,1,0,0.0,0,0.0,0,0,0,0.0,0.0,0,0,0.0,0.0,0
2026-05-09 18:02:53,1,1,0,0.0,0,0.0,0,0,0,0.0,0.0,0,0,0.0,0.0,0
2026-05-09 18:02:53,1,1,0,0.0,0,0.0,0,0,0,0.0,0.0,0,0,0.0,0.0,0
2026-05-09 18:02:54,1,1,0,0.0,0,0.0,0,0,0,0.0,0.0,0,0,0.0,0.0,0
2026-05-09 18:02:54,1,1,0,0.0,0,0.0,0,0,0,0.0,0.0,0,0,0.0,0.0,0
2026-05-09 18:02:54,1,1,0,0.0,0,0.0,0,0,0,0.0,0.0,0,0,0.0,0.0,0
2026-05-09 18:02:54,1,1,0,0.0,0,0.0,0,0,0,0.0,0.0,0,0,0.0,0.0,0
2026-05-09 18:02:54,1,1,0,0.0,0,0.0,0,0,0,0.0,0.0,0,0,0.0,0.0,0
2026-05-09 18:02:54,1,1,0,0.0,0,0.0,0,0,0,0.0,0.0,0,0,0.0,0.0,0
2026-05-09 18:02:54,1,1,0,0.0,0,0.0,0,0,0,0.0,0.0,0,0,0.0,0.0,0
2026-05-09 18:02:54,1,1,0,0.0,0,0.0,0,0,0,0.0,0.0,0,0,0.0,0.0,0
2026-05-09 18:02:54,1,1,0,0.0,0,0.0,0,0,0,0.0,0.0,0,0,0.0,0.0,0
2026-05-09 18:02:54,1,1,0,0.0,0,0.0,0,0,0,0.0,0.0,0,0,0.0,0.0,0
2026-05-09 18:02:54,1,1,0,0.0,0,0.0,0,0,0,0.0,0.0,0,0,0.0,0.0,0
2026-05-09 18:02:54,1,1,0,0.0,0,0.0,0,0,0,0.0,0.0,0,0,0.0,0.0,0
2026-05-09 18:02:54,1,1,0,0.0,0,0.0,0,0,0,0.0,0.0,0,0,0.0,0.0,0
2026-05-09 18:02:54,1,1,0,0.0,0,0.0,0,0,0,0.0,0.0,0,0,0.0,0.0,0
2026-05-09 18:02:54,1,1,0,0.0,0,0.0,0,0,0,0.0,0.0,0,0,0.0,0.0,0
2026-05-09 18:02:54,1,1,0,0.0,0,0.0,0,0,0,0.0,0.0,0,0,0.0,0.0,0
2026-05-09 18:02:54,1,1,0,0.0,0,0.0,0,0,0,0.0,0.0,0,0,0.0,0.0,0
2026-05-09 18:02:54,1,1,0,0.0,0,0.0,0,0,0,0.0,0.0,0,0,0.0,0.0,0
2026-05-09 18:02:54,1,1,0,0.0,0,0.0,0,0,0,0.0,0.0,0,0,0.0,0.0,0
2026-05-09 18:02:54,1,1,0,0.0,0,0.0,0,0,0,0.0,0.0,0,0,0.0,0.0,0
2026-05-09 18:02:55,1,1,0,0.0,0,0.0,0,0,0,0.0,0.0,0,0,0.0,0.0,0
2026-05-09 18:02:55,1,1,0,0.0,0,0.0,0,0,0,0.0,0.0,0,0,0.0,0.0,0
2026-05-09 18:02:55,1,1,0,0.0,0,0.0,0,0,0,0.0,0.0,0,0,0.0,0.0,0
2026-05-09 18:02:55,1,1,0,0.0,0,0.0,0,0,0,0.0,0.0,0,0,0.0,0.0,0
2026-05-09 18:02:55,1,1,0,0.0,0,0.0,0,0,0,0.0,0.0,0,0,0.0,0.0,0
2026-05-09 18:02:55,1,1,0,0.0,0,0.0,0,0,0,0.0,0.0,0,0,0.0,0.0,0
2026-05-09 18:02:55,1,1,0,0.0,0,0.0,0,0,0,0.0,0.0,0,0,0.0,0.0,0
2026-05-09 18:02:55,1,1,0,0.0,0,0.0,0,0,0,0.0,0.0,0,0,0.0,0.0,0
2026-05-09 18:02:55,1,1,0,0.0,0,0.0,0,0,0,0.0,0.0,0,0,0.0,0.0,0
2026-05-09 18:02:55,1,1,0,0.0,0,0.0,0,0,0,0.0,0.0,0,0,0.0,0.0,0
2026-05-09 18:02:55,1,1,0,0.0,0,0.0,0,0,0,0.0,0.0,0,0,0.0,0.0,0
2026-05-09 18:02:55,1,1,0,0.0,0,0.0,0,0,0,0.0,0.0,0,0,0.0,0.0,0
2026-05-09 18:02:55,1,1,0,0.0,0,0.0,0,0,0,0.0,0.0,0,0,0.0,0.0,0
2026-05-09 18:02:55,1,1,0,0.0,0,0.0,0,0,0,0.0,0.0,0,0,0.0,0.0,0
2026-05-09 18:02:55,1,1,0,0.0,0,0.0,0,0,0,0.0,0.0,0,0,0.0,0.0,0
2026-05-09 18:02:55,1,1,0,0.0,0,0.0,0,0,0,0.0,0.0,0,0,0.0,0.0,0
2026-05-09 18:02:55,1,1,0,0.0,0,0.0,0,0,0,0.0,0.0,0,0,0.0,0.0,0
2026-05-09 18:02:55,1,1,0,0.0,0,0.0,0,0,0,0.0,0.0,0,0,0.0,0.0,0
2026-05-09 18:02:55,1,1,0,0.0,0,0.0,0,0,0,0.0,0.0,0,0,0.0,0.0,0
2026-05-09 18:02:55,1,1,0,0.0,0,0.0,0,0,0,0.0,0.0,0,0,0.0,0.0,0
2026-05-09 18:02:56,1,1,0,0.0,0,0.0,0,0,0,0.0,0.0,0,0,0.0,0.0,0
2026-05-09 18:02:56,1,1,0,0.0,0,0.0,0,0,0,0.0,0.0,0,0,0.0,0.0,0
2026-05-09 18:02:56,1,1,0,0.0,0,0.0,0,0,0,0.0,0.0,0,0,0.0,0.0,0
2026-05-09 18:02:56,1,1,0,0.0,0,0.0,0,0,0,0.0,0.0,0,0,0.0,0.0,0
2026-05-09 18:02:56,1,1,0,0.0,0,0.0,0,0,0,0.0,0.0,0,0,0.0,0.0,0
2026-05-09 18:02:56,1,1,0,0.0,0,0.0,0,0,0,0.0,0.0,0,0,0.0,0.0,0
2026-05-09 18:02:56,1,1,0,0.0,0,0.0,0,0,0,0.0,0.0,0,0,0.0,0.0,0
2026-05-09 18:02:56,1,1,0,0.0,0,0.0,0,0,0,0.0,0.0,0,0,0.0,0.0,0
2026-05-09 18:02:56,1,1,0,0.0,0,0.0,0,0,0,0.0,0.0,0,0,0.0,0.0,0
2026-05-09 18:02:56,1,1,0,0.0,0,0.0,0,0,0,0.0,0.0,0,0,0.0,0.0,0
2026-05-09 18:02:56,1,1,0,0.0,0,0.0,0,0,0,0.0,0.0,0,0,0.0,0.0,0
2026-05-09 18:02:56,1,1,0,0.0,0,0.0,0,0,0,0.0,0.0,0,0,0.0,0.0,0
2026-05-09 18:02:56,1,1,0,0.0,0,0.0,0,0,0,0.0,0.0,0,0,0.0,0.0,0
2026-05-09 18:02:56,1,1,0,0.0,0,0.0,0,0,0,0.0,0.0,0,0,0.0,0.0,0
2026-05-09 18:02:56,1,1,0,0.0,0,0.0,0,0,0,0.0,0.0,0,0,0.0,0.0,0
2026-05-09 18:02:56,1,1,0,0.0,0,0.0,0,0,0,0.0,0.0,0,0,0.0,0.0,0
2026-05-09 18:02:56,1,1,0,0.0,0,0.0,0,0,0,0.0,0.0,0,0,0.0,0.0,0
2026-05-09 18:02:56,1,1,0,0.0,0,0.0,0,0,0,0.0,0.0,0,0,0.0,0.0,0
2026-05-09 18:02:56,1,1,0,0.0,0,0.0,0,0,0,0.0,0.0,0,0,0.0,0.0,0
2026-05-09 18:02:56,1,1,0,0.0,0,0.0,0,0,0,0.0,0.0,0,0,0.0,0.0,0
2026-05-09 18:02:57,1,1,0,0.0,0,0.0,0,0,0,0.0,0.0,0,0,0.0,0.0,0
2026-05-09 18:02:57,1,1,0,0.0,0,0.0,0,0,0,0.0,0.0,0,0,0.0,0.0,0
2026-05-09 18:02:57,1,1,0,0.0,0,0.0,0,0,0,0.0,0.0,0,0,0.0,0.0,0
2026-05-09 18:02:57,1,1,0,0.0,0,0.0,0,0,0,0.0,0.0,0,0,0.0,0.0,0
2026-05-09 18:02:57,1,1,0,0.0,0,0.0,0,0,0,0.0,0.0,0,0,0.0,0.0,0
2026-05-09 18:02:57,1,1,0,0.0,0,0.0,0,0,0,0.0,0.0,0,0,0.0,0.0,0
2026-05-09 18:02:57,1,1,0,0.0,0,0.0,0,0,0,0.0,0.0,0,0,0.0,0.0,0
2026-05-09 18:02:57,1,1,0,0.0,0,0.0,0,0,0,0.0,0.0,0,0,0.0,0.0,0
2026-05-09 18:02:57,1,1,0,0.0,0,0.0,0,0,0,0.0,0.0,0,0,0.0,0.0,0
2026-05-09 18:02:57,1,1,0,0.0,0,0.0,0,0,0,0.0,0.0,0,0,0.0,0.0,0
2026-05-09 18:02:57,1,1,0,0.0,0,0.0,0,0,0,0.0,0.0,0,0,0.0,0.0,0
2026-05-09 18:02:57,1,1,0,0.0,0,0.0,0,0,0,0.0,0.0,0,0,0.0,0.0,0
2026-05-09 18:02:57,1,1,0,0.0,0,0.0,0,0,0,0.0,0.0,0,0,0.0,0.0,0
2026-05-09 18:02:57,1,1,0,0.0,0,0.0,0,0,0,0.0,0.0,0,0,0.0,0.0,0
2026-05-09 18:02:57,1,1,0,0.0,0,0.0,0,0,0,0.0,0.0,0,0,0.0,0.0,0
2026-05-09 18:02:57,1,1,0,0.0,0,0.0,0,0,0,0.0,0.0,0,0,0.0,0.0,0
2026-05-09 18:02:57,1,1,0,0.0,0,0.0,0,0,0,0.0,0.0,0,0,0.0,0.0,0
2026-05-09 18:02:57,1,1,0,0.0,0,0.0,0,0,0,0.0,0.0,0,0,0.0,0.0,0
2026-05-09 18:02:57,1,1,0,0.0,0,0.0,0,0,0,0.0,0.0,0,0,0.0,0.0,0
2026-05-09 18:02:57,1,1,0,0.0,0,0.0,0,0,0,0.0,0.0,0,0,0.0,0.0,0
2026-05-09 18:02:58,1,1,0,0.0,0,0.0,0,0,0,0.0,0.0,0,0,0.0,0.0,0
2026-05-09 18:02:58,1,1,0,0.0,0,0.0,0,0,0,0.0,0.0,0,0,0.0,0.0,0
2026-05-09 18:02:58,1,1,0,0.0,0,0.0,0,0,0,0.0,0.0,0,0,0.0,0.0,0
2026-05-09 18:02:58,1,1,0,0.0,0,0.0,0,0,0,0.0,0.0,0,0,0.0,0.0,0
2026-05-09 18:02:58,1,1,0,0.0,0,0.0,0,0,0,0.0,0.0,0,0,0.0,0.0,0
2026-05-09 18:02:58,1,1,0,0.0,0,0.0,0,0,0,0.0,0.0,0,0,0.0,0.0,0
2026-05-09 18:02:58,1,1,0,0.0,0,0.0,0,0,0,0.0,0.0,0,0,0.0,0.0,0
2026-05-09 18:02:58,1,1,0,0.0,0,0.0,0,0,0,0.0,0.0,0,0,0.0,0.0,0
2026-05-09 18:02:58,1,1,0,0.0,0,0.0,0,0,0,0.0,0.0,0,0,0.0,0.0,0
2026-05-09 18:02:58,1,1,0,0.0,0,0.0,0,0,0,0.0,0.0,0,0,0.0,0.0,0
2026-05-09 18:02:58,1,1,0,0.0,0,0.0,0,0,0,0.0,0.0,0,0,0.0,0.0,0
2026-05-09 18:02:58,1,1,0,0.0,0,0.0,0,0,0,0.0,0.0,0,0,0.0,0.0,0
2026-05-09 18:02:58,1,1,0,0.0,0,0.0,0,0,0,0.0,0.0,0,0,0.0,0.0,0
2026-05-09 18:02:58,1,1,0,0.0,0,0.0,0,0,0,0.0,0.0,0,0,0.0,0.0,0
2026-05-09 18:02:58,1,1,0,0.0,0,0.0,0,0,0,0.0,0.0,0,0,0.0,0.0,0
2026-05-09 18:02:58,1,1,0,0.0,0,0.0,0,0,0,0.0,0.0,0,0,0.0,0.0,0
2026-05-09 18:02:58,1,1,0,0.0,0,0.0,0,0,0,0.0,0.0,0,0,0.0,0.0,0
2026-05-09 18:02:58,1,1,0,0.0,0,0.0,0,0,0,0.0,0.0,0,0,0.0,0.0,0
2026-05-09 18:02:58,1,1,0,0.0,0,0.0,0,0,0,0.0,0.0,0,0,0.0,0.0,0
2026-05-09 18:02:58,1,1,0,0.0,0,0.0,0,0,0,0.0,0.0,0,0,0.0,0.0,0
2026-05-09 18:02:59,1,1,0,0.0,0,0.0,0,0,0,0.0,0.0,0,0,0.0,0.0,0
2026-05-09 18:02:59,1,1,0,0.0,0,0.0,0,0,0,0.0,0.0,0,0,0.0,0.0,0
2026-05-09 18:02:59,1,1,0,0.0,0,0.0,0,0,0,0.0,0.0,0,0,0.0,0.0,0
2026-05-09 18:02:59,1,1,0,0.0,0,0.0,0,0,0,0.0,0.0,0,0,0.0,0.0,0
2026-05-09 18:02:59,1,1,0,0.0,0,0.0,0,0,0,0.0,0.0,0,0,0.0,0.0,0
2026-05-09 18:02:59,1,1,0,0.0,0,0.0,0,0,0,0.0,0.0,0,0,0.0,0.0,0
2026-05-09 18:02:59,1,1,0,0.0,0,0.0,0,0,0,0.0,0.0,0,0,0.0,0.0,0
2026-05-09 18:02:59,1,1,0,0.0,0,0.0,0,0,0,0.0,0.0,0,0,0.0,0.0,0
2026-05-09 18:02:59,1,1,0,0.0,0,0.0,0,0,0,0.0,0.0,0,0,0.0,0.0,0
2026-05-09 18:02:59,1,1,0,0.0,0,0.0,0,0,0,0.0,0.0,0,0,0.0,0.0,0
2026-05-09 18:02:59,1,1,0,0.0,0,0.0,0,0,0,0.0,0.0,0,0,0.0,0.0,0
2026-05-09 18:02:59,1,1,0,0.0,0,0.0,0,0,0,0.0,0.0,0,0,0.0,0.0,0
2026-05-09 18:02:59,1,1,0,0.0,0,0.0,0,0,0,0.0,0.0,0,0,0.0,0.0,0
2026-05-09 18:02:59,1,1,0,0.0,0,0.0,0,0,0,0.0,0.0,0,0,0.0,0.0,0
2026-05-09 18:02:59,1,1,0,0.0,0,0.0,0,0,0,0.0,0.0,0,0,0.0,0.0,0
2026-05-09 18:02:59,1,1,0,0.0,0,0.0,0,0,0,0.0,0.0,0,0,0.0,0.0,0
2026-05-09 18:02:59,1,1,0,0.0,0,0.0,0,0,0,0.0,0.0,0,0,0.0,0.0,0
2026-05-09 18:02:59,1,1,0,0.0,0,0.0,0,0,0,0.0,0.0,0,0,0.0,0.0,0
2026-05-09 18:02:59,1,1,0,0.0,0,0.0,0,0,0,0.0,0.0,0,0,0.0,0.0,0
2026-05-09 18:02:59,1,1,0,0.0,0,0.0,0,0,0,0.0,0.0,0,0,0.0,0.0,0
2026-05-09 18:03:00,1,1,0,0.0,0,0.0,0,0,0,0.0,0.0,0,0,0.0,0.0,0
2026-05-09 18:03:00,1,1,0,0.0,0,0.0,0,0,0,0.0,0.0,0,0,0.0,0.0,0
2026-05-09 18:03:00,1,1,0,0.0,0,0.0,0,0,0,0.0,0.0,0,0,0.0,0.0,0
2026-05-09 18:03:00,1,1,0,0.0,0,0.0,0,0,0,0.0,0.0,0,0,0.0,0.0,0
2026-05-09 18:03:00,1,1,0,0.0,0,0.0,0,0,0,0.0,0.0,0,0,0.0,0.0,0
2026-05-09 18:03:00,1,1,0,0.0,0,0.0,0,0,0,0.0,0.0,0,0,0.0,0.0,0
2026-05-09 18:03:00,1,1,0,0.0,0,0.0,0,0,0,0.0,0.0,0,0,0.0,0.0,0
2026-05-09 18:03:00,1,1,0,0.0,0,0.0,0,0,0,0.0,0.0,0,0,0.0,0.0,0
2026-05-09 18:03:00,1,1,0,0.0,0,0.0,0,0,0,0.0,0.0,0,0,0.0,0.0,0
2026-05-09 18:03:00,1,1,0,0.0,0,0.0,0,0,0,0.0,0.0,0,0,0.0,0.0,0
2026-05-09 18:03:00,1,1,0,0.0,0,0.0,0,0,0,0.0,0.0,0,0,0.0,0.0,0
2026-05-09 18:03:00,1,1,0,0.0,0,0.0,0,0,0,0.0,0.0,0,0,0.0,0.0,0
2026-05-09 18:03:00,1,1,0,0.0,0,0.0,0,0,0,0.0,0.0,0,0,0.0,0.0,0
2026-05-09 18:03:00,1,1,0,0.0,0,0.0,0,0,0,0.0,0.0,0,0,0.0,0.0,0
2026-05-09 18:03:00,1,1,0,0.0,0,0.0,0,0,0,0.0,0.0,0,0,0.0,0.0,0
2026-05-09 18:03:00,1,1,0,0.0,0,0.0,0,0,0,0.0,0.0,0,0,0.0,0.0,0
2026-05-09 18:03:00,1,1,0,0.0,0,0.0,0,0,0,0.0,0.0,0,0,0.0,0.0,0
2026-05-09 18:03:00,1,1,0,0.0,0,0.0,0,0,0,0.0,0.0,0,0,0.0,0.0,0
2026-05-09 18:03:00,1,1,0,0.0,0,0.0,0,0,0,0.0,0.0,0,0,0.0,0.0,0
2026-05-09 18:03:00,1,1,0,0.0,0,0.0,0,0,0,0.0,0.0,0,0,0.0,0.0,0
2026-05-09 18:03:01,1,1,0,0.0,0,0.0,0,0,0,0.0,0.0,0,0,0.0,0.0,0
2026-05-09 18:03:01,1,1,0,0.0,0,0.0,0,0,0,0.0,0.0,0,0,0.0,0.0,0
2026-05-09 18:03:01,1,1,0,0.0,0,0.0,0,0,0,0.0,0.0,0,0,0.0,0.0,0
2026-05-09 18:03:01,1,1,0,0.0,0,0.0,0,0,0,0.0,0.0,0,0,0.0,0.0,0
2026-05-09 18:03:01,1,1,0,0.0,0,0.0,0,0,0,0.0,0.0,0,0,0.0,0.0,0
2026-05-09 18:03:01,1,1,0,0.0,0,0.0,0,0,0,0.0,0.0,0,0,0.0,0.0,0
2026-05-09 18:03:01,1,1,0,0.0,0,0.0,0,0,0,0.0,0.0,0,0,0.0,0.0,0
2026-05-09 18:03:01,1,1,0,0.0,0,0.0,0,0,0,0.0,0.0,0,0,0.0,0.0,0
2026-05-09 18:03:01,1,1,0,0.0,0,0.0,0,0,0,0.0,0.0,0,0,0.0,0.0,0
2026-05-09 18:03:01,1,1,0,0.0,0,0.0,0,0,0,0.0,0.0,0,0,0.0,0.0,0
2026-05-09 18:03:01,1,1,0,0.0,0,0.0,0,0,0,0.0,0.0,0,0,0.0,0.0,0
2026-05-09 18:03:01,1,1,0,0.0,0,0.0,0,0,0,0.0,0.0,0,0,0.0,0.0,0
2026-05-09 18:03:01,1,1,0,0.0,0,0.0,0,0,0,0.0,0.0,0,0,0.0,0.0,0
2026-05-09 18:03:01,1,1,0,0.0,0,0.0,0,0,0,0.0,0.0,0,0,0.0,0.0,0
2026-05-09 18:03:01,1,1,0,0.0,0,0.0,0,0,0,0.0,0.0,0,0,0.0,0.0,0
2026-05-09 18:03:01,1,1,0,0.0,0,0.0,0,0,0,0.0,0.0,0,0,0.0,0.0,0
2026-05-09 18:03:01,1,1,0,0.0,0,0.0,0,0,0,0.0,0.0,0,0,0.0,0.0,0
2026-05-09 18:03:01,1,1,0,0.0,0,0.0,0,0,0,0.0,0.0,0,0,0.0,0.0,0
2026-05-09 18:03:01,1,1,0,0.0,0,0.0,0,0,0,0.0,0.0,0,0,0.0,0.0,0
2026-05-09 18:03:01,1,1,0,0.0,0,0.0,0,0,0,0.0,0.0,0,0,0.0,0.0,0
2026-05-09 18:03:02,1,1,0,0.0,0,0.0,0,0,0,0.0,0.0,0,0,0.0,0.0,0
2026-05-09 18:03:02,1,1,0,0.0,0,0.0,0,0,0,0.0,0.0,0,0,0.0,0.0,0
2026-05-09 18:03:02,1,1,0,0.0,0,0.0,0,0,0,0.0,0.0,0,0,0.0,0.0,0
2026-05-09 18:03:02,1,1,0,0.0,0,0.0,0,0,0,0.0,0.0,0,0,0.0,0.0,0
2026-05-09 18:03:02,1,1,0,0.0,0,0.0,0,0,0,0.0,0.0,0,0,0.0,0.0,0
2026-05-09 18:03:02,1,1,0,0.0,0,0.0,0,0,0,0.0,0.0,0,0,0.0,0.0,0
2026-05-09 18:03:02,1,1,0,0.0,0,0.0,0,0,0,0.0,0.0,0,0,0.0,0.0,0
2026-05-09 18:03:02,1,1,0,0.0,0,0.0,0,0,0,0.0,0.0,0,0,0.0,0.0,0
2026-05-09 18:03:02,1,1,0,0.0,0,0.0,0,0,0,0.0,0.0,0,0,0.0,0.0,0
2026-05-09 18:03:02,1,1,0,0.0,0,0.0,0,0,0,0.0,0.0,0,0,0.0,0.0,0
2026-05-09 18:03:02,1,1,0,0.0,0,0.0,0,0,0,0.0,0.0,0,0,0.0,0.0,0
2026-05-09 18:03:02,1,1,0,0.0,0,0.0,0,0,0,0.0,0.0,0,0,0.0,0.0,0
2026-05-09 18:03:02,1,1,0,0.0,0,0.0,0,0,0,0.0,0.0,0,0,0.0,0.0,0
2026-05-09 18:03:02,1,1,0,0.0,0,0.0,0,0,0,0.0,0.0,0,0,0.0,0.0,0
2026-05-09 18:03:02,1,1,0,0.0,0,0.0,0,0,0,0.0,0.0,0,0,0.0,0.0,0
2026-05-09 18:03:02,1,1,0,0.0,0,0.0,0,0,0,0.0,0.0,0,0,0.0,0.0,0
2026-05-09 18:03:02,1,1,0,0.0,0,0.0,0,0,0,0.0,0.0,0,0,0.0,0.0,0
2026-05-09 18:03:02,1,1,0,0.0,0,0.0,0,0,0,0.0,0.0,0,0,0.0,0.0,0
2026-05-09 18:03:02,1,1,0,0.0,0,0.0,0,0,0,0.0,0.0,0,0,0.0,0.0,0
2026-05-09 18:03:02,1,1,0,0.0,0,0.0,0,0,0,0.0,0.0,0,0,0.0,0.0,0
2026-05-09 18:03:03,1,1,0,0.0,0,0.0,0,0,0,0.0,0.0,0,0,0.0,0.0,0
2026-05-09 18:03:03,1,1,0,0.0,0,0.0,0,0,0,0.0,0.0,0,0,0.0,0.0,0
2026-05-09 18:03:03,1,1,0,0.0,0,0.0,0,0,0,0.0,0.0,0,0,0.0,0.0,0
2026-05-09 18:03:03,1,1,0,0.0,0,0.0,0,0,0,0.0,0.0,0,0,0.0,0.0,0
2026-05-09 18:03:03,1,1,0,0.0,0,0.0,0,0,0,0.0,0.0,0,0,0.0,0.0,0
2026-05-09 18:03:03,1,1,0,0.0,0,0.0,0,0,0,0.0,0.0,0,0,0.0,0.0,0
2026-05-09 18:03:03,1,1,0,0.0,0,0.0,0,0,0,0.0,0.0,0,0,0.0,0.0,0
2026-05-09 18:03:03,1,1,0,0.0,0,0.0,0,0,0,0.0,0.0,0,0,0.0,0.0,0
2026-05-09 18:03:03,1,1,0,0.0,0,0.0,0,0,0,0.0,0.0,0,0,0.0,0.0,0
2026-05-09 18:03:03,1,1,0,0.0,0,0.0,0,0,0,0.0,0.0,0,0,0.0,0.0,0
2026-05-09 18:03:03,1,1,0,0.0,0,0.0,0,0,0,0.0,0.0,0,0,0.0,0.0,0
2026-05-09 18:03:03,1,1,0,0.0,0,0.0,0,0,0,0.0,0.0,0,0,0.0,0.0,0
2026-05-09 18:03:03,1,1,0,0.0,0,0.0,0,0,0,0.0,0.0,0,0,0.0,0.0,0
2026-05-09 18:03:03,1,1,0,0.0,0,0.0,0,0,0,0.0,0.0,0,0,0.0,0.0,0
2026-05-09 18:03:03,1,1,0,0.0,0,0.0,0,0,0,0.0,0.0,0,0,0.0,0.0,0
2026-05-09 18:03:03,1,1,0,0.0,0,0.0,0,0,0,0.0,0.0,0,0,0.0,0.0,0
2026-05-09 18:03:03,1,1,0,0.0,0,0.0,0,0,0,0.0,0.0,0,0,0.0,0.0,0
2026-05-09 18:03:03,1,1,0,0.0,0,0.0,0,0,0,0.0,0.0,0,0,0.0,0.0,0
2026-05-09 18:03:03,1,1,0,0.0,0,0.0,0,0,0,0.0,0.0,0,0,0.0,0.0,0
2026-05-09 18:03:03,1,1,0,0.0,0,0.0,0,0,0,0.0,0.0,0,0,0.0,0.0,0
2026-05-09 18:03:04,1,1,0,0.0,0,0.0,0,0,0,0.0,0.0,0,0,0.0,0.0,0
2026-05-09 18:03:04,1,1,0,0.0,0,0.0,0,0,0,0.0,0.0,0,0,0.0,0.0,0
2026-05-09 18:03:04,1,1,0,0.0,0,0.0,0,0,0,0.0,0.0,0,0,0.0,0.0,0
2026-05-09 18:03:04,1,1,0,0.0,0,0.0,0,0,0,0.0,0.0,0,0,0.0,0.0,0
2026-05-09 18:03:04,1,1,0,0.0,0,0.0,0,0,0,0.0,0.0,0,0,0.0,0.0,0
2026-05-09 18:03:04,1,1,0,0.0,0,0.0,0,0,0,0.0,0.0,0,0,0.0,0.0,0
2026-05-09 18:03:04,1,1,0,0.0,0,0.0,0,0,0,0.0,0.0,0,0,0.0,0.0,0
2026-05-09 18:03:04,1,1,0,0.0,0,0.0,0,0,0,0.0,0.0,0,0,0.0,0.0,0
2026-05-09 18:03:04,1,1,0,0.0,0,0.0,0,0,0,0.0,0.0,0,0,0.0,0.0,0
2026-05-09 18:03:04,1,1,0,0.0,0,0.0,0,0,0,0.0,0.0,0,0,0.0,0.0,0
2026-05-09 18:03:04,1,1,0,0.0,0,0.0,0,0,0,0.0,0.0,0,0,0.0,0.0,0
2026-05-09 18:03:04,1,1,0,0.0,0,0.0,0,0,0,0.0,0.0,0,0,0.0,0.0,0
2026-05-09 18:03:04,1,1,0,0.0,0,0.0,0,0,0,0.0,0.0,0,0,0.0,0.0,0
2026-05-09 18:03:04,1,1,0,0.0,0,0.0,0,0,0,0.0,0.0,0,0,0.0,0.0,0
2026-05-09 18:03:04,1,1,0,0.0,0,0.0,0,0,0,0.0,0.0,0,0,0.0,0.0,0
2026-05-09 18:03:04,1,1,0,0.0,0,0.0,0,0,0,0.0,0.0,0,0,0.0,0.0,0
2026-05-09 18:03:04,1,1,0,0.0,0,0.0,0,0,0,0.0,0.0,0,0,0.0,0.0,0
2026-05-09 18:03:04,1,1,0,0.0,0,0.0,0,0,0,0.0,0.0,0,0,0.0,0.0,0
2026-05-09 18:03:04,1,1,0,0.0,0,0.0,0,0,0,0.0,0.0,0,0,0.0,0.0,0
2026-05-09 18:03:04,1,1,0,0.0,0,0.0,0,0,0,0.0,0.0,0,0,0.0,0.0,0
2026-05-09 18:03:05,1,1,0,0.0,0,0.0,0,0,0,0.0,0.0,0,0,0.0,0.0,0
2026-05-09 18:03:05,1,1,0,0.0,0,0.0,0,0,0,0.0,0.0,0,0,0.0,0.0,0
2026-05-09 18:03:05,1,1,0,0.0,0,0.0,0,0,0,0.0,0.0,0,0,0.0,0.0,0
2026-05-09 18:03:05,1,1,0,0.0,0,0.0,0,0,0,0.0,0.0,0,0,0.0,0.0,0
2026-05-09 18:03:05,1,1,0,0.0,0,0.0,0,0,0,0.0,0.0,0,0,0.0,0.0,0
2026-05-09 18:03:05,1,1,0,0.0,0,0.0,0,0,0,0.0,0.0,0,0,0.0,0.0,0
2026-05-09 18:03:05,1,1,0,0.0,0,0.0,0,0,0,0.0,0.0,0,0,0.0,0.0,0
2026-05-09 18:03:05,1,1,0,0.0,0,0.0,0,0,0,0.0,0.0,0,0,0.0,0.0,0
2026-05-09 18:03:05,1,1,0,0.0,0,0.0,0,0,0,0.0,0.0,0,0,0.0,0.0,0
2026-05-09 18:03:05,1,1,0,0.0,0,0.0,0,0,0,0.0,0.0,0,0,0.0,0.0,0
2026-05-09 18:03:05,1,1,0,0.0,0,0.0,0,0,0,0.0,0.0,0,0,0.0,0.0,0
2026-05-09 18:03:05,1,1,0,0.0,0,0.0,0,0,0,0.0,0.0,0,0,0.0,0.0,0
2026-05-09 18:03:05,1,1,0,0.0,0,0.0,0,0,0,0.0,0.0,0,0,0.0,0.0,0
2026-05-09 18:03:05,1,1,0,0.0,0,0.0,0,0,0,0.0,0.0,0,0,0.0,0.0,0
2026-05-09 18:03:05,1,1,0,0.0,0,0.0,0,0,0,0.0,0.0,0,0,0.0,0.0,0
2026-05-09 18:03:05,1,1,0,0.0,0,0.0,0,0,0,0.0,0.0,0,0,0.0,0.0,0
2026-05-09 18:03:05,1,1,0,0.0,0,0.0,0,0,0,0.0,0.0,0,0,0.0,0.0,0
2026-05-09 18:03:05,1,1,0,0.0,0,0.0,0,0,0,0.0,0.0,0,0,0.0,0.0,0
2026-05-09 18:03:05,1,1,0,0.0,0,0.0,0,0,0,0.0,0.0,0,0,0.0,0.0,0
2026-05-09 18:03:05,1,1,0,0.0,0,0.0,0,0,0,0.0,0.0,0,0,0.0,0.0,0
2026-05-09 18:03:06,1,1,0,0.0,0,0.0,0,0,0,0.0,0.0,0,0,0.0,0.0,0
2026-05-09 18:03:06,1,1,0,0.0,0,0.0,0,0,0,0.0,0.0,0,0,0.0,0.0,0
2026-05-09 18:03:06,1,1,0,0.0,0,0.0,0,0,0,0.0,0.0,0,0,0.0,0.0,0
2026-05-09 18:03:06,1,1,0,0.0,0,0.0,0,0,0,0.0,0.0,0,0,0.0,0.0,0
2026-05-09 18:03:06,1,1,0,0.0,0,0.0,0,0,0,0.0,0.0,0,0,0.0,0.0,0
2026-05-09 18:03:06,1,1,0,0.0,0,0.0,0,0,0,0.0,0.0,0,0,0.0,0.0,0
2026-05-09 18:03:06,1,1,0,0.0,0,0.0,0,0,0,0.0,0.0,0,0,0.0,0.0,0
2026-05-09 18:03:06,1,1,0,0.0,0,0.0,0,0,0,0.0,0.0,0,0,0.0,0.0,0
2026-05-09 18:03:06,1,1,0,0.0,0,0.0,0,0,0,0.0,0.0,0,0,0.0,0.0,0
2026-05-09 18:03:06,1,1,0,0.0,0,0.0,0,0,0,0.0,0.0,0,0,0.0,0.0,0
2026-05-09 18:03:06,1,1,0,0.0,0,0.0,0,0,0,0.0,0.0,0,0,0.0,0.0,0
2026-05-09 18:03:06,1,1,0,0.0,0,0.0,0,0,0,0.0,0.0,0,0,0.0,0.0,0
2026-05-09 18:03:06,1,1,0,0.0,0,0.0,0,0,0,0.0,0.0,0,0,0.0,0.0,0
2026-05-09 18:03:06,1,1,0,0.0,0,0.0,0,0,0,0.0,0.0,0,0,0.0,0.0,0
2026-05-09 18:03:06,1,1,0,0.0,0,0.0,0,0,0,0.0,0.0,0,0,0.0,0.0,0
2026-05-09 18:03:06,1,1,0,0.0,0,0.0,0,0,0,0.0,0.0,0,0,0.0,0.0,0
2026-05-09 18:03:06,1,1,0,0.0,0,0.0,0,0,0,0.0,0.0,0,0,0.0,0.0,0
2026-05-09 18:03:06,1,1,0,0.0,0,0.0,0,0,0,0.0,0.0,0,0,0.0,0.0,0
2026-05-09 18:03:06,1,1,0,0.0,0,0.0,0,0,0,0.0,0.0,0,0,0.0,0.0,0
2026-05-09 18:03:06,1,1,0,0.0,0,0.0,0,0,0,0.0,0.0,0,0,0.0,0.0,0
2026-05-09 18:03:07,1,1,0,0.0,0,0.0,0,0,0,0.0,0.0,0,0,0.0,0.0,0
2026-05-09 18:03:07,1,1,0,0.0,0,0.0,0,0,0,0.0,0.0,0,0,0.0,0.0,0
2026-05-09 18:03:07,1,1,0,0.0,0,0.0,0,0,0,0.0,0.0,0,0,0.0,0.0,0
2026-05-09 18:03:07,1,1,0,0.0,0,0.0,0,0,0,0.0,0.0,0,0,0.0,0.0,0
2026-05-09 18:03:07,1,1,0,0.0,0,0.0,0,0,0,0.0,0.0,0,0,0.0,0.0,0
2026-05-09 18:03:07,1,1,0,0.0,0,0.0,0,0,0,0.0,0.0,0,0,0.0,0.0,0
2026-05-09 18:03:07,1,1,0,0.0,0,0.0,0,0,0,0.0,0.0,0,0,0.0,0.0,0
2026-05-09 18:03:07,1,1,0,0.0,0,0.0,0,0,0,0.0,0.0,0,0,0.0,0.0,0
2026-05-09 18:03:07,1,1,0,0.0,0,0.0,0,0,0,0.0,0.0,0,0,0.0,0.0,0
2026-05-09 18:03:07,1,1,0,0.0,0,0.0,0,0,0,0.0,0.0,0,0,0.0,0.0,0
2026-05-09 18:03:07,1,1,0,0.0,0,0.0,0,0,0,0.0,0.0,0,0,0.0,0.0,0
2026-05-09 18:03:07,1,1,0,0.0,0,0.0,0,0,0,0.0,0.0,0,0,0.0,0.0,0
2026-05-09 18:03:07,1,1,0,0.0,0,0.0,0,0,0,0.0,0.0,0,0,0.0,0.0,0
2026-05-09 18:03:07,1,1,0,0.0,0,0.0,0,0,0,0.0,0.0,0,0,0.0,0.0,0
2026-05-09 18:03:07,1,1,0,0.0,0,0.0,0,0,0,0.0,0.0,0,0,0.0,0.0,0
2026-05-09 18:03:07,1,1,0,0.0,0,0.0,0,0,0,0.0,0.0,0,0,0.0,0.0,0
2026-05-09 18:03:07,1,1,0,0.0,0,0.0,0,0,0,0.0,0.0,0,0,0.0,0.0,0
2026-05-09 18:03:07,1,1,0,0.0,0,0.0,0,0,0,0.0,0.0,0,0,0.0,0.0,0
2026-05-09 18:03:07,1,1,0,0.0,0,0.0,0,0,0,0.0,0.0,0,0,0.0,0.0,0
2026-05-09 18:03:07,1,1,0,0.0,0,0.0,0,0,0,0.0,0.0,0,0,0.0,0.0,0
2026-05-09 18:03:08,1,1,0,0.0,0,0.0,0,0,0,0.0,0.0,0,0,0.0,0.0,0
2026-05-09 18:03:08,1,1,0,0.0,0,0.0,0,0,0,0.0,0.0,0,0,0.0,0.0,0
2026-05-09 18:03:08,1,1,0,0.0,0,0.0,0,0,0,0.0,0.0,0,0,0.0,0.0,0
2026-05-09 18:03:08,1,1,0,0.0,0,0.0,0,0,0,0.0,0.0,0,0,0.0,0.0,0
2026-05-09 18:03:08,1,1,0,0.0,0,0.0,0,0,0,0.0,0.0,0,0,0.0,0.0,0
2026-05-09 18:03:08,1,1,0,0.0,0,0.0,0,0,0,0.0,0.0,0,0,0.0,0.0,0
2026-05-09 18:03:08,1,1,0,0.0,0,0.0,0,0,0,0.0,0.0,0,0,0.0,0.0,0
2026-05-09 18:03:08,1,1,0,0.0,0,0.0,0,0,0,0.0,0.0,0,0,0.0,0.0,0
2026-05-09 18:03:08,1,1,0,0.0,0,0.0,0,0,0,0.0,0.0,0,0,0.0,0.0,0
2026-05-09 18:03:08,1,1,0,0.0,0,0.0,0,0,0,0.0,0.0,0,0,0.0,0.0,0
2026-05-09 18:03:08,1,1,0,0.0,0,0.0,0,0,0,0.0,0.0,0,0,0.0,0.0,0
2026-05-09 18:03:08,1,1,0,0.0,0,0.0,0,0,0,0.0,0.0,0,0,0.0,0.0,0
2026-05-09 18:03:08,1,1,0,0.0,0,0.0,0,0,0,0.0,0.0,0,0,0.0,0.0,0
2026-05-09 18:03:08,1,1,0,0.0,0,0.0,0,0,0,0.0,0.0,0,0,0.0,0.0,0
2026-05-09 18:03:08,1,1,0,0.0,0,0.0,0,0,0,0.0,0.0,0,0,0.0,0.0,0
2026-05-09 18:03:08,1,1,0,0.0,0,0.0,0,0,0,0.0,0.0,0,0,0.0,0.0,0
2026-05-09 18:03:08,1,1,0,0.0,0,0.0,0,0,0,0.0,0.0,0,0,0.0,0.0,0
2026-05-09 18:03:08,1,1,0,0.0,0,0.0,0,0,0,0.0,0.0,0,0,0.0,0.0,0
2026-05-09 18:03:08,1,1,0,0.0,0,0.0,0,0,0,0.0,0.0,0,0,0.0,0.0,0
2026-05-09 18:03:08,1,1,0,0.0,0,0.0,0,0,0,0.0,0.0,0,0,0.0,0.0,0
2026-05-09 18:03:09,1,1,0,0.0,0,0.0,0,0,0,0.0,0.0,0,0,0.0,0.0,0
2026-05-09 18:03:09,1,1,0,0.0,0,0.0,0,0,0,0.0,0.0,0,0,0.0,0.0,0
2026-05-09 18:03:09,1,1,0,0.0,0,0.0,0,0,0,0.0,0.0,0,0,0.0,0.0,0
2026-05-09 18:03:09,1,1,0,0.0,0,0.0,0,0,0,0.0,0.0,0,0,0.0,0.0,0
2026-05-09 18:03:09,1,1,0,0.0,0,0.0,0,0,0,0.0,0.0,0,0,0.0,0.0,0
2026-05-09 18:03:09,1,1,0,0.0,0,0.0,0,0,0,0.0,0.0,0,0,0.0,0.0,0
2026-05-09 18:03:09,1,1,0,0.0,0,0.0,0,0,0,0.0,0.0,0,0,0.0,0.0,0
2026-05-09 18:03:09,1,1,0,0.0,0,0.0,0,0,0,0.0,0.0,0,0,0.0,0.0,0
2026-05-09 18:03:09,1,1,0,0.0,0,0.0,0,0,0,0.0,0.0,0,0,0.0,0.0,0
2026-05-09 18:03:09,1,1,0,0.0,0,0.0,0,0,0,0.0,0.0,0,0,0.0,0.0,0
2026-05-09 18:03:09,1,1,0,0.0,0,0.0,0,0,0,0.0,0.0,0,0,0.0,0.0,0
2026-05-09 18:03:09,1,1,0,0.0,0,0.0,0,0,0,0.0,0.0,0,0,0.0,0.0,0
2026-05-09 18:03:09,1,1,0,0.0,0,0.0,0,0,0,0.0,0.0,0,0,0.0,0.0,0
2026-05-09 18:03:09,1,1,0,0.0,0,0.0,0,0,0,0.0,0.0,0,0,0.0,0.0,0
2026-05-09 18:03:09,1,1,0,0.0,0,0.0,0,0,0,0.0,0.0,0,0,0.0,0.0,0
2026-05-09 18:03:09,1,1,0,0.0,0,0.0,0,0,0,0.0,0.0,0,0,0.0,0.0,0
2026-05-09 18:03:09,1,1,0,0.0,0,0.0,0,0,0,0.0,0.0,0,0,0.0,0.0,0
2026-05-09 18:03:09,1,1,0,0.0,0,0.0,0,0,0,0.0,0.0,0,0,0.0,0.0,0
2026-05-09 18:03:09,1,1,0,0.0,0,0.0,0,0,0,0.0,0.0,0,0,0.0,0.0,0
2026-05-09 18:03:09,1,1,0,0.0,0,0.0,0,0,0,0.0,0.0,0,0,0.0,0.0,0
2026-05-09 18:03:10,1,1,0,0.0,0,0.0,0,0,0,0.0,0.0,0,0,0.0,0.0,0
2026-05-09 18:03:10,1,1,0,0.0,0,0.0,0,0,0,0.0,0.0,0,0,0.0,0.0,0
2026-05-09 18:03:10,1,1,0,0.0,0,0.0,0,0,0,0.0,0.0,0,0,0.0,0.0,0
2026-05-09 18:03:10,1,1,0,0.0,0,0.0,0,0,0,0.0,0.0,0,0,0.0,0.0,0
2026-05-09 18:03:10,1,1,0,0.0,0,0.0,0,0,0,0.0,0.0,0,0,0.0,0.0,0
2026-05-09 18:03:10,1,1,0,0.0,0,0.0,0,0,0,0.0,0.0,0,0,0.0,0.0,0
2026-05-09 18:03:10,1,1,0,0.0,0,0.0,0,0,0,0.0,0.0,0,0,0.0,0.0,0
2026-05-09 18:03:10,1,1,0,0.0,0,0.0,0,0,0,0.0,0.0,0,0,0.0,0.0,0
2026-05-09 18:03:10,1,1,0,0.0,0,0.0,0,0,0,0.0,0.0,0,0,0.0,0.0,0
2026-05-09 18:03:10,1,1,0,0.0,0,0.0,0,0,0,0.0,0.0,0,0,0.0,0.0,0
2026-05-09 18:03:10,1,1,0,0.0,0,0.0,0,0,0,0.0,0.0,0,0,0.0,0.0,0
2026-05-09 18:03:10,1,1,0,0.0,0,0.0,0,0,0,0.0,0.0,0,0,0.0,0.0,0
2026-05-09 18:03:10,1,1,0,0.0,0,0.0,0,0,0,0.0,0.0,0,0,0.0,0.0,0
2026-05-09 18:03:10,1,1,0,0.0,0,0.0,0,0,0,0.0,0.0,0,0,0.0,0.0,0
2026-05-09 18:03:10,1,1,0,0.0,0,0.0,0,0,0,0.0,0.0,0,0,0.0,0.0,0
2026-05-09 18:03:10,1,1,0,0.0,0,0.0,0,0,0,0.0,0.0,0,0,0.0,0.0,0
2026-05-09 18:03:10,1,1,0,0.0,0,0.0,0,0,0,0.0,0.0,0,0,0.0,0.0,0
2026-05-09 18:03:10,1,1,0,0.0,0,0.0,0,0,0,0.0,0.0,0,0,0.0,0.0,0
2026-05-09 18:03:10,1,1,0,0.0,0,0.0,0,0,0,0.0,0.0,0,0,0.0,0.0,0
2026-05-09 18:03:10,1,1,0,0.0,0,0.0,0,0,0,0.0,0.0,0,0,0.0,0.0,0
2026-05-09 18:03:11,1,1,0,0.0,0,0.0,0,0,0,0.0,0.0,0,0,0.0,0.0,0
2026-05-09 18:03:11,1,1,0,0.0,0,0.0,0,0,0,0.0,0.0,0,0,0.0,0.0,0
2026-05-09 18:03:11,1,1,0,0.0,0,0.0,0,0,0,0.0,0.0,0,0,0.0,0.0,0
2026-05-09 18:03:11,1,1,0,0.0,0,0.0,0,0,0,0.0,0.0,0,0,0.0,0.0,0
2026-05-09 18:03:11,1,1,0,0.0,0,0.0,0,0,0,0.0,0.0,0,0,0.0,0.0,0
2026-05-09 18:03:11,1,1,0,0.0,0,0.0,0,0,0,0.0,0.0,0,0,0.0,0.0,0
2026-05-09 18:03:11,1,1,0,0.0,0,0.0,0,0,0,0.0,0.0,0,0,0.0,0.0,0
2026-05-09 18:03:11,1,1,0,0.0,0,0.0,0,0,0,0.0,0.0,0,0,0.0,0.0,0
2026-05-09 18:03:11,1,1,0,0.0,0,0.0,0,0,0,0.0,0.0,0,0,0.0,0.0,0
2026-05-09 18:03:11,1,1,0,0.0,0,0.0,0,0,0,0.0,0.0,0,0,0.0,0.0,0
2026-05-09 18:03:11,1,1,0,0.0,0,0.0,0,0,0,0.0,0.0,0,0,0.0,0.0,0
2026-05-09 18:03:11,1,1,0,0.0,0,0.0,0,0,0,0.0,0.0,0,0,0.0,0.0,0
2026-05-09 18:03:11,1,1,0,0.0,0,0.0,0,0,0,0.0,0.0,0,0,0.0,0.0,0
2026-05-09 18:03:11,1,1,0,0.0,0,0.0,0,0,0,0.0,0.0,0,0,0.0,0.0,0
2026-05-09 18:03:11,1,1,0,0.0,0,0.0,0,0,0,0.0,0.0,0,0,0.0,0.0,0
2026-05-09 18:03:11,1,1,0,0.0,0,0.0,0,0,0,0.0,0.0,0,0,0.0,0.0,0
2026-05-09 18:03:11,1,1,0,0.0,0,0.0,0,0,0,0.0,0.0,0,0,0.0,0.0,0
2026-05-09 18:03:11,1,1,0,0.0,0,0.0,0,0,0,0.0,0.0,0,0,0.0,0.0,0
2026-05-09 18:03:11,1,1,0,0.0,0,0.0,0,0,0,0.0,0.0,0,0,0.0,0.0,0
2026-05-09 18:03:11,1,1,0,0.0,0,0.0,0,0,0,0.0,0.0,0,0,0.0,0.0,0
2026-05-09 18:03:12,1,1,0,0.0,0,0.0,0,0,0,0.0,0.0,0,0,0.0,0.0,0
2026-05-09 18:03:12,1,1,0,0.0,0,0.0,0,0,0,0.0,0.0,0,0,0.0,0.0,0
2026-05-09 18:03:12,1,1,0,0.0,0,0.0,0,0,0,0.0,0.0,0,0,0.0,0.0,0
2026-05-09 18:03:12,1,1,0,0.0,0,0.0,0,0,0,0.0,0.0,0,0,0.0,0.0,0
2026-05-09 18:03:12,1,1,0,0.0,0,0.0,0,0,0,0.0,0.0,0,0,0.0,0.0,0
2026-05-09 18:03:12,1,1,0,0.0,0,0.0,0,0,0,0.0,0.0,0,0,0.0,0.0,0
2026-05-09 18:03:12,1,1,0,0.0,0,0.0,0,0,0,0.0,0.0,0,0,0.0,0.0,0
2026-05-09 18:03:12,1,1,0,0.0,0,0.0,0,0,0,0.0,0.0,0,0,0.0,0.0,0
2026-05-09 18:03:12,1,1,0,0.0,0,0.0,0,0,0,0.0,0.0,0,0,0.0,0.0,0
2026-05-09 18:03:12,1,1,0,0.0,0,0.0,0,0,0,0.0,0.0,0,0,0.0,0.0,0
2026-05-09 18:03:12,1,1,0,0.0,0,0.0,0,0,0,0.0,0.0,0,0,0.0,0.0,0
2026-05-09 18:03:12,1,1,0,0.0,0,0.0,0,0,0,0.0,0.0,0,0,0.0,0.0,0
2026-05-09 18:03:12,1,1,0,0.0,0,0.0,0,0,0,0.0,0.0,0,0,0.0,0.0,0
2026-05-09 18:03:12,1,1,0,0.0,0,0.0,0,0,0,0.0,0.0,0,0,0.0,0.0,0
2026-05-09 18:03:12,1,1,0,0.0,0,0.0,0,0,0,0.0,0.0,0,0,0.0,0.0,0
2026-05-09 18:03:12,1,1,0,0.0,0,0.0,0,0,0,0.0,0.0,0,0,0.0,0.0,0
2026-05-09 18:03:12,1,1,0,0.0,0,0.0,0,0,0,0.0,0.0,0,0,0.0,0.0,0
2026-05-09 18:03:12,1,1,0,0.0,0,0.0,0,0,0,0.0,0.0,0,0,0.0,0.0,0
2026-05-09 18:03:12,1,1,0,0.0,0,0.0,0,0,0,0.0,0.0,0,0,0.0,0.0,0
2026-05-09 18:03:12,1,1,0,0.0,0,0.0,0,0,0,0.0,0.0,0,0,0.0,0.0,0
2026-05-09 18:03:13,1,1,0,0.0,0,0.0,0,0,0,0.0,0.0,0,0,0.0,0.0,0
2026-05-09 18:03:13,1,1,0,0.0,0,0.0,0,0,0,0.0,0.0,0,0,0.0,0.0,0
2026-05-09 18:03:13,1,1,0,0.0,0,0.0,0,0,0,0.0,0.0,0,0,0.0,0.0,0
2026-05-09 18:03:13,1,1,0,0.0,0,0.0,0,0,0,0.0,0.0,0,0,0.0,0.0,0
2026-05-09 18:03:13,1,1,0,0.0,0,0.0,0,0,0,0.0,0.0,0,0,0.0,0.0,0
2026-05-09 18:03:13,1,1,0,0.0,0,0.0,0,0,0,0.0,0.0,0,0,0.0,0.0,0
2026-05-09 18:03:13,1,1,0,0.0,0,0.0,0,0,0,0.0,0.0,0,0,0.0,0.0,0
2026-05-09 18:03:13,1,1,0,0.0,0,0.0,0,0,0,0.0,0.0,0,0,0.0,0.0,0
2026-05-09 18:03:13,1,1,0,0.0,0,0.0,0,0,0,0.0,0.0,0,0,0.0,0.0,0
2026-05-09 18:03:13,1,1,0,0.0,0,0.0,0,0,0,0.0,0.0,0,0,0.0,0.0,0
2026-05-09 18:03:13,1,1,0,0.0,0,0.0,0,0,0,0.0,0.0,0,0,0.0,0.0,0
2026-05-09 18:03:13,1,1,0,0.0,0,0.0,0,0,0,0.0,0.0,0,0,0.0,0.0,0
2026-05-09 18:03:13,1,1,0,0.0,0,0.0,0,0,0,0.0,0.0,0,0,0.0,0.0,0
2026-05-09 18:03:13,1,1,0,0.0,0,0.0,0,0,0,0.0,0.0,0,0,0.0,0.0,0
2026-05-09 18:03:13,1,1,0,0.0,0,0.0,0,0,0,0.0,0.0,0,0,0.0,0.0,0
2026-05-09 18:03:13,1,1,0,0.0,0,0.0,0,0,0,0.0,0.0,0,0,0.0,0.0,0
2026-05-09 18:03:13,1,1,0,0.0,0,0.0,0,0,0,0.0,0.0,0,0,0.0,0.0,0
2026-05-09 18:03:13,1,1,0,0.0,0,0.0,0,0,0,0.0,0.0,0,0,0.0,0.0,0
2026-05-09 18:03:13,1,1,0,0.0,0,0.0,0,0,0,0.0,0.0,0,0,0.0,0.0,0
2026-05-09 18:03:13,1,1,0,0.0,0,0.0,0,0,0,0.0,0.0,0,0,0.0,0.0,0
2026-05-09 18:03:14,1,1,0,0.0,0,0.0,0,0,0,0.0,0.0,0,0,0.0,0.0,0
2026-05-09 18:03:14,1,1,0,0.0,0,0.0,0,0,0,0.0,0.0,0,0,0.0,0.0,0
2026-05-09 18:03:14,1,1,0,0.0,0,0.0,0,0,0,0.0,0.0,0,0,0.0,0.0,0
2026-05-09 18:03:14,1,1,0,0.0,0,0.0,0,0,0,0.0,0.0,0,0,0.0,0.0,0
2026-05-09 18:03:14,1,1,0,0.0,0,0.0,0,0,0,0.0,0.0,0,0,0.0,0.0,0
2026-05-09 18:03:14,1,1,0,0.0,0,0.0,0,0,0,0.0,0.0,0,0,0.0,0.0,0
2026-05-09 18:03:14,1,1,0,0.0,0,0.0,0,0,0,0.0,0.0,0,0,0.0,0.0,0
2026-05-09 18:03:14,1,1,0,0.0,0,0.0,0,0,0,0.0,0.0,0,0,0.0,0.0,0
2026-05-09 18:03:14,1,1,0,0.0,0,0.0,0,0,0,0.0,0.0,0,0,0.0,0.0,0
2026-05-09 18:03:14,1,1,0,0.0,0,0.0,0,0,0,0.0,0.0,0,0,0.0,0.0,0
2026-05-09 18:03:14,1,1,0,0.0,0,0.0,0,0,0,0.0,0.0,0,0,0.0,0.0,0
2026-05-09 18:03:14,1,1,0,0.0,0,0.0,0,0,0,0.0,0.0,0,0,0.0,0.0,0
2026-05-09 18:03:14,1,1,0,0.0,0,0.0,0,0,0,0.0,0.0,0,0,0.0,0.0,0
2026-05-09 18:03:14,1,1,0,0.0,0,0.0,0,0,0,0.0,0.0,0,0,0.0,0.0,0
2026-05-09 18:03:14,1,1,0,0.0,0,0.0,0,0,0,0.0,0.0,0,0,0.0,0.0,0
2026-05-09 18:03:14,1,1,0,0.0,0,0.0,0,0,0,0.0,0.0,0,0,0.0,0.0,0
2026-05-09 18:03:14,1,1,0,0.0,0,0.0,0,0,0,0.0,0.0,0,0,0.0,0.0,0
2026-05-09 18:03:14,1,1,0,0.0,0,0.0,0,0,0,0.0,0.0,0,0,0.0,0.0,0
2026-05-09 18:03:14,1,1,0,0.0,0,0.0,0,0,0,0.0,0.0,0,0,0.0,0.0,0
2026-05-09 18:03:14,1,1,0,0.0,0,0.0,0,0,0,0.0,0.0,0,0,0.0,0.0,0
2026-05-09 18:03:15,1,1,0,0.0,0,0.0,0,0,0,0.0,0.0,0,0,0.0,0.0,0
2026-05-09 18:03:15,1,1,0,0.0,0,0.0,0,0,0,0.0,0.0,0,0,0.0,0.0,0
2026-05-09 18:03:15,1,1,0,0.0,0,0.0,0,0,0,0.0,0.0,0,0,0.0,0.0,0
2026-05-09 18:03:15,1,1,0,0.0,0,0.0,0,0,0,0.0,0.0,0,0,0.0,0.0,0
2026-05-09 18:03:15,1,1,0,0.0,0,0.0,0,0,0,0.0,0.0,0,0,0.0,0.0,0
2026-05-09 18:03:15,1,1,0,0.0,0,0.0,0,0,0,0.0,0.0,0,0,0.0,0.0,0
2026-05-09 18:03:15,1,1,0,0.0,0,0.0,0,0,0,0.0,0.0,0,0,0.0,0.0,0
2026-05-09 18:03:15,1,1,0,0.0,0,0.0,0,0,0,0.0,0.0,0,0,0.0,0.0,0
2026-05-09 18:03:15,1,1,0,0.0,0,0.0,0,0,0,0.0,0.0,0,0,0.0,0.0,0
2026-05-09 18:03:15,1,1,0,0.0,0,0.0,0,0,0,0.0,0.0,0,0,0.0,0.0,0
2026-05-09 18:03:15,1,1,0,0.0,0,0.0,0,0,0,0.0,0.0,0,0,0.0,0.0,0
2026-05-09 18:03:15,1,1,0,0.0,0,0.0,0,0,0,0.0,0.0,0,0,0.0,0.0,0
2026-05-09 18:03:15,1,1,0,0.0,0,0.0,0,0,0,0.0,0.0,0,0,0.0,0.0,0
2026-05-09 18:03:15,1,1,0,0.0,0,0.0,0,0,0,0.0,0.0,0,0,0.0,0.0,0
2026-05-09 18:03:15,1,1,0,0.0,0,0.0,0,0,0,0.0,0.0,0,0,0.0,0.0,0
2026-05-09 18:03:15,1,1,0,0.0,0,0.0,0,0,0,0.0,0.0,0,0,0.0,0.0,0
2026-05-09 18:03:15,1,1,0,0.0,0,0.0,0,0,0,0.0,0.0,0,0,0.0,0.0,0
2026-05-09 18:03:15,1,1,0,0.0,0,0.0,0,0,0,0.0,0.0,0,0,0.0,0.0,0
2026-05-09 18:03:15,1,1,0,0.0,0,0.0,0,0,0,0.0,0.0,0,0,0.0,0.0,0
2026-05-09 18:03:15,1,1,0,0.0,0,0.0,0,0,0,0.0,0.0,0,0,0.0,0.0,0
2026-05-09 18:03:16,1,1,0,0.0,0,0.0,0,0,0,0.0,0.0,0,0,0.0,0.0,0
2026-05-09 18:03:16,1,1,0,0.0,0,0.0,0,0,0,0.0,0.0,0,0,0.0,0.0,0
2026-05-09 18:03:16,1,1,0,0.0,0,0.0,0,0,0,0.0,0.0,0,0,0.0,0.0,0
2026-05-09 18:03:16,1,1,0,0.0,0,0.0,0,0,0,0.0,0.0,0,0,0.0,0.0,0
2026-05-09 18:03:16,1,1,0,0.0,0,0.0,0,0,0,0.0,0.0,0,0,0.0,0.0,0
2026-05-09 18:03:16,1,1,0,0.0,0,0.0,0,0,0,0.0,0.0,0,0,0.0,0.0,0
2026-05-09 18:03:16,1,1,0,0.0,0,0.0,0,0,0,0.0,0.0,0,0,0.0,0.0,0
2026-05-09 18:03:16,1,1,0,0.0,0,0.0,0,0,0,0.0,0.0,0,0,0.0,0.0,0
2026-05-09 18:03:16,1,1,0,0.0,0,0.0,0,0,0,0.0,0.0,0,0,0.0,0.0,0
2026-05-09 18:03:16,1,1,0,0.0,0,0.0,0,0,0,0.0,0.0,0,0,0.0,0.0,0
2026-05-09 18:03:16,1,1,0,0.0,0,0.0,0,0,0,0.0,0.0,0,0,0.0,0.0,0
2026-05-09 18:03:16,1,1,0,0.0,0,0.0,0,0,0,0.0,0.0,0,0,0.0,0.0,0
2026-05-09 18:03:16,1,1,0,0.0,0,0.0,0,0,0,0.0,0.0,0,0,0.0,0.0,0
2026-05-09 18:03:16,1,1,0,0.0,0,0.0,0,0,0,0.0,0.0,0,0,0.0,0.0,0
2026-05-09 18:03:16,1,1,0,0.0,0,0.0,0,0,0,0.0,0.0,0,0,0.0,0.0,0
2026-05-09 18:03:16,1,1,0,0.0,0,0.0,0,0,0,0.0,0.0,0,0,0.0,0.0,0
2026-05-09 18:03:16,1,1,0,0.0,0,0.0,0,0,0,0.0,0.0,0,0,0.0,0.0,0
2026-05-09 18:03:16,1,1,0,0.0,0,0.0,0,0,0,0.0,0.0,0,0,0.0,0.0,0
2026-05-09 18:03:16,1,1,0,0.0,0,0.0,0,0,0,0.0,0.0,0,0,0.0,0.0,0
2026-05-09 18:03:16,1,1,0,0.0,0,0.0,0,0,0,0.0,0.0,0,0,0.0,0.0,0
2026-05-09 18:03:17,1,1,0,0.0,0,0.0,0,0,0,0.0,0.0,0,0,0.0,0.0,0
2026-05-09 18:03:17,1,1,0,0.0,0,0.0,0,0,0,0.0,0.0,0,0,0.0,0.0,0
2026-05-09 18:03:17,1,1,0,0.0,0,0.0,0,0,0,0.0,0.0,0,0,0.0,0.0,0
2026-05-09 18:03:17,1,1,0,0.0,0,0.0,0,0,0,0.0,0.0,0,0,0.0,0.0,0
2026-05-09 18:03:17,1,1,0,0.0,0,0.0,0,0,0,0.0,0.0,0,0,0.0,0.0,0
2026-05-09 18:03:17,1,1,0,0.0,0,0.0,0,0,0,0.0,0.0,0,0,0.0,0.0,0
2026-05-09 18:03:17,1,1,0,0.0,0,0.0,0,0,0,0.0,0.0,0,0,0.0,0.0,0
2026-05-09 18:03:17,1,1,0,0.0,0,0.0,0,0,0,0.0,0.0,0,0,0.0,0.0,0
2026-05-09 18:03:17,1,1,0,0.0,0,0.0,0,0,0,0.0,0.0,0,0,0.0,0.0,0
2026-05-09 18:03:17,1,1,0,0.0,0,0.0,0,0,0,0.0,0.0,0,0,0.0,0.0,0
2026-05-09 18:03:17,1,1,0,0.0,0,0.0,0,0,0,0.0,0.0,0,0,0.0,0.0,0
2026-05-09 18:03:17,1,1,0,0.0,0,0.0,0,0,0,0.0,0.0,0,0,0.0,0.0,0
2026-05-09 18:03:17,1,1,0,0.0,0,0.0,0,0,0,0.0,0.0,0,0,0.0,0.0,0
2026-05-09 18:03:17,1,1,0,0.0,0,0.0,0,0,0,0.0,0.0,0,0,0.0,0.0,0
2026-05-09 18:03:17,1,1,0,0.0,0,0.0,0,0,0,0.0,0.0,0,0,0.0,0.0,0
2026-05-09 18:03:17,1,1,0,0.0,0,0.0,0,0,0,0.0,0.0,0,0,0.0,0.0,0
2026-05-09 18:03:17,1,1,0,0.0,0,0.0,0,0,0,0.0,0.0,0,0,0.0,0.0,0
2026-05-09 18:03:17,1,1,0,0.0,0,0.0,0,0,0,0.0,0.0,0,0,0.0,0.0,0
2026-05-09 18:03:17,1,1,0,0.0,0,0.0,0,0,0,0.0,0.0,0,0,0.0,0.0,0
2026-05-09 18:03:17,1,1,0,0.0,0,0.0,0,0,0,0.0,0.0,0,0,0.0,0.0,0
2026-05-09 18:03:18,1,1,0,0.0,0,0.0,0,0,0,0.0,0.0,0,0,0.0,0.0,0
2026-05-09 18:03:18,1,1,0,0.0,0,0.0,0,0,0,0.0,0.0,0,0,0.0,0.0,0
2026-05-09 18:03:18,1,1,0,0.0,0,0.0,0,0,0,0.0,0.0,0,0,0.0,0.0,0
2026-05-09 18:03:18,1,1,0,0.0,0,0.0,0,0,0,0.0,0.0,0,0,0.0,0.0,0
2026-05-09 18:03:18,1,1,0,0.0,0,0.0,0,0,0,0.0,0.0,0,0,0.0,0.0,0
2026-05-09 18:03:18,1,1,0,0.0,0,0.0,0,0,0,0.0,0.0,0,0,0.0,0.0,0
2026-05-09 18:03:18,1,1,0,0.0,0,0.0,0,0,0,0.0,0.0,0,0,0.0,0.0,0
2026-05-09 18:03:18,1,1,0,0.0,0,0.0,0,0,0,0.0,0.0,0,0,0.0,0.0,0
2026-05-09 18:03:18,1,1,0,0.0,0,0.0,0,0,0,0.0,0.0,0,0,0.0,0.0,0
2026-05-09 18:03:18,1,1,0,0.0,0,0.0,0,0,0,0.0,0.0,0,0,0.0,0.0,0
2026-05-09 18:03:18,1,1,0,0.0,0,0.0,0,0,0,0.0,0.0,0,0,0.0,0.0,0
2026-05-09 18:03:18,1,1,0,0.0,0,0.0,0,0,0,0.0,0.0,0,0,0.0,0.0,0
2026-05-09 18:03:18,1,1,0,0.0,0,0.0,0,0,0,0.0,0.0,0,0,0.0,0.0,0
2026-05-09 18:03:18,1,1,0,0.0,0,0.0,0,0,0,0.0,0.0,0,0,0.0,0.0,0
2026-05-09 18:03:18,1,1,0,0.0,0,0.0,0,0,0,0.0,0.0,0,0,0.0,0.0,0
2026-05-09 18:03:18,1,1,0,0.0,0,0.0,0,0,0,0.0,0.0,0,0,0.0,0.0,0
2026-05-09 18:03:18,1,1,0,0.0,0,0.0,0,0,0,0.0,0.0,0,0,0.0,0.0,0
2026-05-09 18:03:18,1,1,0,0.0,0,0.0,0,0,0,0.0,0.0,0,0,0.0,0.0,0
2026-05-09 18:03:18,1,1,0,0.0,0,0.0,0,0,0,0.0,0.0,0,0,0.0,0.0,0
2026-05-09 18:03:18,1,1,0,0.0,0,0.0,0,0,0,0.0,0.0,0,0,0.0,0.0,0
2026-05-09 18:03:19,1,1,0,0.0,0,0.0,0,0,0,0.0,0.0,0,0,0.0,0.0,0
2026-05-09 18:03:19,1,1,0,0.0,0,0.0,0,0,0,0.0,0.0,0,0,0.0,0.0,0
2026-05-09 18:03:19,1,1,0,0.0,0,0.0,0,0,0,0.0,0.0,0,0,0.0,0.0,0
2026-05-09 18:03:19,1,1,0,0.0,0,0.0,0,0,0,0.0,0.0,0,0,0.0,0.0,0
2026-05-09 18:03:19,1,1,0,0.0,0,0.0,0,0,0,0.0,0.0,0,0,0.0,0.0,0
2026-05-09 18:03:19,1,1,0,0.0,0,0.0,0,0,0,0.0,0.0,0,0,0.0,0.0,0
2026-05-09 18:03:19,1,1,0,0.0,0,0.0,0,0,0,0.0,0.0,0,0,0.0,0.0,0
2026-05-09 18:03:19,1,1,0,0.0,0,0.0,0,0,0,0.0,0.0,0,0,0.0,0.0,0
2026-05-09 18:03:19,1,1,0,0.0,0,0.0,0,0,0,0.0,0.0,0,0,0.0,0.0,0
2026-05-09 18:03:19,1,1,0,0.0,0,0.0,0,0,0,0.0,0.0,0,0,0.0,0.0,0
2026-05-09 18:03:19,1,1,0,0.0,0,0.0,0,0,0,0.0,0.0,0,0,0.0,0.0,0
2026-05-09 18:03:19,1,1,0,0.0,0,0.0,0,0,0,0.0,0.0,0,0,0.0,0.0,0
2026-05-09 18:03:19,1,1,0,0.0,0,0.0,0,0,0,0.0,0.0,0,0,0.0,0.0,0
2026-05-09 18:03:19,1,1,0,0.0,0,0.0,0,0,0,0.0,0.0,0,0,0.0,0.0,0
2026-05-09 18:03:19,1,1,0,0.0,0,0.0,0,0,0,0.0,0.0,0,0,0.0,0.0,0
2026-05-09 18:03:19,1,1,0,0.0,0,0.0,0,0,0,0.0,0.0,0,0,0.0,0.0,0
2026-05-09 18:03:19,1,1,0,0.0,0,0.0,0,0,0,0.0,0.0,0,0,0.0,0.0,0
2026-05-09 18:03:19,1,1,0,0.0,0,0.0,0,0,0,0.0,0.0,0,0,0.0,0.0,0
2026-05-09 18:03:19,1,1,0,0.0,0,0.0,0,0,0,0.0,0.0,0,0,0.0,0.0,0
2026-05-09 18:03:19,1,1,0,0.0,0,0.0,0,0,0,0.0,0.0,0,0,0.0,0.0,0
2026-05-09 18:03:20,1,1,0,0.0,0,0.0,0,0,0,0.0,0.0,0,0,0.0,0.0,0
2026-05-09 18:03:20,1,1,0,0.0,0,0.0,0,0,0,0.0,0.0,0,0,0.0,0.0,0
2026-05-09 18:03:20,1,1,0,0.0,0,0.0,0,0,0,0.0,0.0,0,0,0.0,0.0,0
2026-05-09 18:03:20,1,1,0,0.0,0,0.0,0,0,0,0.0,0.0,0,0,0.0,0.0,0
2026-05-09 18:03:20,1,1,0,0.0,0,0.0,0,0,0,0.0,0.0,0,0,0.0,0.0,0
2026-05-09 18:03:20,1,1,0,0.0,0,0.0,0,0,0,0.0,0.0,0,0,0.0,0.0,0
2026-05-09 18:03:20,1,1,0,0.0,0,0.0,0,0,0,0.0,0.0,0,0,0.0,0.0,0
2026-05-09 18:03:20,1,1,0,0.0,0,0.0,0,0,0,0.0,0.0,0,0,0.0,0.0,0
2026-05-09 18:03:20,1,1,0,0.0,0,0.0,0,0,0,0.0,0.0,0,0,0.0,0.0,0
2026-05-09 18:03:20,1,1,0,0.0,0,0.0,0,0,0,0.0,0.0,0,0,0.0,0.0,0
2026-05-09 18:03:20,1,1,0,0.0,0,0.0,0,0,0,0.0,0.0,0,0,0.0,0.0,0
2026-05-09 18:03:20,1,1,0,0.0,0,0.0,0,0,0,0.0,0.0,0,0,0.0,0.0,0
2026-05-09 18:03:20,1,1,0,0.0,0,0.0,0,0,0,0.0,0.0,0,0,0.0,0.0,0
2026-05-09 18:03:20,1,1,0,0.0,0,0.0,0,0,0,0.0,0.0,0,0,0.0,0.0,0
2026-05-09 18:03:20,1,1,0,0.0,0,0.0,0,0,0,0.0,0.0,0,0,0.0,0.0,0
2026-05-09 18:03:20,1,1,0,0.0,0,0.0,0,0,0,0.0,0.0,0,0,0.0,0.0,0
2026-05-09 18:03:20,1,1,0,0.0,0,0.0,0,0,0,0.0,0.0,0,0,0.0,0.0,0
2026-05-09 18:03:20,1,1,0,0.0,0,0.0,0,0,0,0.0,0.0,0,0,0.0,0.0,0
2026-05-09 18:03:20,1,1,0,0.0,0,0.0,0,0,0,0.0,0.0,0,0,0.0,0.0,0
2026-05-09 18:03:20,1,1,0,0.0,0,0.0,0,0,0,0.0,0.0,0,0,0.0,0.0,0
2026-05-09 18:03:21,1,1,0,0.0,0,0.0,0,0,0,0.0,0.0,0,0,0.0,0.0,0
2026-05-09 18:03:21,1,1,0,0.0,0,0.0,0,0,0,0.0,0.0,0,0,0.0,0.0,0
2026-05-09 18:03:21,1,1,0,0.0,0,0.0,0,0,0,0.0,0.0,0,0,0.0,0.0,0
2026-05-09 18:03:21,1,1,0,0.0,0,0.0,0,0,0,0.0,0.0,0,0,0.0,0.0,0
2026-05-09 18:03:21,1,1,0,0.0,0,0.0,0,0,0,0.0,0.0,0,0,0.0,0.0,0
2026-05-09 18:03:21,1,1,0,0.0,0,0.0,0,0,0,0.0,0.0,0,0,0.0,0.0,0
2026-05-09 18:03:21,1,1,0,0.0,0,0.0,0,0,0,0.0,0.0,0,0,0.0,0.0,0
2026-05-09 18:03:21,1,1,0,0.0,0,0.0,0,0,0,0.0,0.0,0,0,0.0,0.0,0
2026-05-09 18:03:21,1,1,0,0.0,0,0.0,0,0,0,0.0,0.0,0,0,0.0,0.0,0
2026-05-09 18:03:21,1,1,0,0.0,0,0.0,0,0,0,0.0,0.0,0,0,0.0,0.0,0
2026-05-09 18:03:21,1,1,0,0.0,0,0.0,0,0,0,0.0,0.0,0,0,0.0,0.0,0
2026-05-09 18:03:21,1,1,0,0.0,0,0.0,0,0,0,0.0,0.0,0,0,0.0,0.0,0
2026-05-09 18:03:21,1,1,0,0.0,0,0.0,0,0,0,0.0,0.0,0,0,0.0,0.0,0
2026-05-09 18:03:21,1,1,0,0.0,0,0.0,0,0,0,0.0,0.0,0,0,0.0,0.0,0
2026-05-09 18:03:21,1,1,0,0.0,0,0.0,0,0,0,0.0,0.0,0,0,0.0,0.0,0
2026-05-09 18:03:21,1,1,0,0.0,0,0.0,0,0,0,0.0,0.0,0,0,0.0,0.0,0
2026-05-09 18:03:21,1,1,0,0.0,0,0.0,0,0,0,0.0,0.0,0,0,0.0,0.0,0
2026-05-09 18:03:21,1,1,0,0.0,0,0.0,0,0,0,0.0,0.0,0,0,0.0,0.0,0
2026-05-09 18:03:21,1,1,0,0.0,0,0.0,0,0,0,0.0,0.0,0,0,0.0,0.0,0
2026-05-09 18:03:21,1,1,0,0.0,0,0.0,0,0,0,0.0,0.0,0,0,0.0,0.0,0
2026-05-09 18:03:22,1,1,0,0.0,0,0.0,0,0,0,0.0,0.0,0,0,0.0,0.0,0
2026-05-09 18:03:22,1,1,0,0.0,0,0.0,0,0,0,0.0,0.0,0,0,0.0,0.0,0
2026-05-09 18:03:22,1,1,0,0.0,0,0.0,0,0,0,0.0,0.0,0,0,0.0,0.0,0
2026-05-09 18:03:22,1,1,0,0.0,0,0.0,0,0,0,0.0,0.0,0,0,0.0,0.0,0
2026-05-09 18:03:22,1,1,0,0.0,0,0.0,0,0,0,0.0,0.0,0,0,0.0,0.0,0
2026-05-09 18:03:22,1,1,0,0.0,0,0.0,0,0,0,0.0,0.0,0,0,0.0,0.0,0
2026-05-09 18:03:22,1,1,0,0.0,0,0.0,0,0,0,0.0,0.0,0,0,0.0,0.0,0
2026-05-09 18:03:22,1,1,0,0.0,0,0.0,0,0,0,0.0,0.0,0,0,0.0,0.0,0
2026-05-09 18:03:22,1,1,0,0.0,0,0.0,0,0,0,0.0,0.0,0,0,0.0,0.0,0
2026-05-09 18:03:22,1,1,0,0.0,0,0.0,0,0,0,0.0,0.0,0,0,0.0,0.0,0
2026-05-09 18:03:22,1,1,0,0.0,0,0.0,0,0,0,0.0,0.0,0,0,0.0,0.0,0
2026-05-09 18:03:22,1,1,0,0.0,0,0.0,0,0,0,0.0,0.0,0,0,0.0,0.0,0
2026-05-09 18:03:22,1,1,0,0.0,0,0.0,0,0,0,0.0,0.0,0,0,0.0,0.0,0
2026-05-09 18:03:22,1,1,0,0.0,0,0.0,0,0,0,0.0,0.0,0,0,0.0,0.0,0
2026-05-09 18:03:22,1,1,0,0.0,0,0.0,0,0,0,0.0,0.0,0,0,0.0,0.0,0
2026-05-09 18:03:22,1,1,0,0.0,0,0.0,0,0,0,0.0,0.0,0,0,0.0,0.0,0
2026-05-09 18:03:22,1,1,0,0.0,0,0.0,0,0,0,0.0,0.0,0,0,0.0,0.0,0
2026-05-09 18:03:22,1,1,0,0.0,0,0.0,0,0,0,0.0,0.0,0,0,0.0,0.0,0
2026-05-09 18:03:22,1,1,0,0.0,0,0.0,0,0,0,0.0,0.0,0,0,0.0,0.0,0
2026-05-09 18:03:22,1,1,0,0.0,0,0.0,0,0,0,0.0,0.0,0,0,0.0,0.0,0
2026-05-09 18:03:23,1,1,0,0.0,0,0.0,0,0,0,0.0,0.0,0,0,0.0,0.0,0
2026-05-09 18:03:23,1,1,0,0.0,0,0.0,0,0,0,0.0,0.0,0,0,0.0,0.0,0
2026-05-09 18:03:23,1,1,0,0.0,0,0.0,0,0,0,0.0,0.0,0,0,0.0,0.0,0
2026-05-09 18:03:23,1,1,0,0.0,0,0.0,0,0,0,0.0,0.0,0,0,0.0,0.0,0
2026-05-09 18:03:23,1,1,0,0.0,0,0.0,0,0,0,0.0,0.0,0,0,0.0,0.0,0
2026-05-09 18:03:23,1,1,0,0.0,0,0.0,0,0,0,0.0,0.0,0,0,0.0,0.0,0
2026-05-09 18:03:23,1,1,0,0.0,0,0.0,0,0,0,0.0,0.0,0,0,0.0,0.0,0
2026-05-09 18:03:23,1,1,0,0.0,0,0.0,0,0,0,0.0,0.0,0,0,0.0,0.0,0
2026-05-09 18:03:23,1,1,0,0.0,0,0.0,0,0,0,0.0,0.0,0,0,0.0,0.0,0
2026-05-09 18:03:23,1,1,0,0.0,0,0.0,0,0,0,0.0,0.0,0,0,0.0,0.0,0
2026-05-09 18:03:23,1,1,0,0.0,0,0.0,0,0,0,0.0,0.0,0,0,0.0,0.0,0
2026-05-09 18:03:23,1,1,0,0.0,0,0.0,0,0,0,0.0,0.0,0,0,0.0,0.0,0
2026-05-09 18:03:23,1,1,0,0.0,0,0.0,0,0,0,0.0,0.0,0,0,0.0,0.0,0
2026-05-09 18:03:23,1,1,0,0.0,0,0.0,0,0,0,0.0,0.0,0,0,0.0,0.0,0
2026-05-09 18:03:23,1,1,0,0.0,0,0.0,0,0,0,0.0,0.0,0,0,0.0,0.0,0
2026-05-09 18:03:23,1,1,0,0.0,0,0.0,0,0,0,0.0,0.0,0,0,0.0,0.0,0
2026-05-09 18:03:23,1,1,0,0.0,0,0.0,0,0,0,0.0,0.0,0,0,0.0,0.0,0
2026-05-09 18:03:23,1,1,0,0.0,0,0.0,0,0,0,0.0,0.0,0,0,0.0,0.0,0
2026-05-09 18:03:23,1,1,0,0.0,0,0.0,0,0,0,0.0,0.0,0,0,0.0,0.0,0
2026-05-09 18:03:23,1,1,0,0.0,0,0.0,0,0,0,0.0,0.0,0,0,0.0,0.0,0
2026-05-09 18:03:24,1,1,0,0.0,0,0.0,0,0,0,0.0,0.0,0,0,0.0,0.0,0
2026-05-09 18:03:24,1,1,0,0.0,0,0.0,0,0,0,0.0,0.0,0,0,0.0,0.0,0
2026-05-09 18:03:24,1,1,0,0.0,0,0.0,0,0,0,0.0,0.0,0,0,0.0,0.0,0
2026-05-09 18:03:24,1,1,0,0.0,0,0.0,0,0,0,0.0,0.0,0,0,0.0,0.0,0
2026-05-09 18:03:24,1,1,0,0.0,0,0.0,0,0,0,0.0,0.0,0,0,0.0,0.0,0
2026-05-09 18:03:24,1,1,0,0.0,0,0.0,0,0,0,0.0,0.0,0,0,0.0,0.0,0
2026-05-09 18:03:24,1,1,0,0.0,0,0.0,0,0,0,0.0,0.0,0,0,0.0,0.0,0
2026-05-09 18:03:24,1,1,0,0.0,0,0.0,0,0,0,0.0,0.0,0,0,0.0,0.0,0
2026-05-09 18:03:24,1,1,0,0.0,0,0.0,0,0,0,0.0,0.0,0,0,0.0,0.0,0
2026-05-09 18:03:24,1,1,0,0.0,0,0.0,0,0,0,0.0,0.0,0,0,0.0,0.0,0
2026-05-09 18:03:24,1,1,0,0.0,0,0.0,0,0,0,0.0,0.0,0,0,0.0,0.0,0
2026-05-09 18:03:24,1,1,0,0.0,0,0.0,0,0,0,0.0,0.0,0,0,0.0,0.0,0
2026-05-09 18:03:24,1,1,0,0.0,0,0.0,0,0,0,0.0,0.0,0,0,0.0,0.0,0
2026-05-09 18:03:24,1,1,0,0.0,0,0.0,0,0,0,0.0,0.0,0,0,0.0,0.0,0
2026-05-09 18:03:24,1,1,0,0.0,0,0.0,0,0,0,0.0,0.0,0,0,0.0,0.0,0
2026-05-09 18:03:24,1,1,0,0.0,0,0.0,0,0,0,0.0,0.0,0,0,0.0,0.0,0
2026-05-09 18:03:24,1,1,0,0.0,0,0.0,0,0,0,0.0,0.0,0,0,0.0,0.0,0
2026-05-09 18:03:24,1,1,0,0.0,0,0.0,0,0,0,0.0,0.0,0,0,0.0,0.0,0
2026-05-09 18:03:24,1,1,0,0.0,0,0.0,0,0,0,0.0,0.0,0,0,0.0,0.0,0
2026-05-09 18:03:24,1,1,0,0.0,0,0.0,0,0,0,0.0,0.0,0,0,0.0,0.0,0
2026-05-09 18:03:25,1,1,0,0.0,0,0.0,0,0,0,0.0,0.0,0,0,0.0,0.0,0
2026-05-09 18:03:25,1,1,0,0.0,0,0.0,0,0,0,0.0,0.0,0,0,0.0,0.0,0
2026-05-09 18:03:25,1,1,0,0.0,0,0.0,0,0,0,0.0,0.0,0,0,0.0,0.0,0
2026-05-09 18:03:25,1,1,0,0.0,0,0.0,0,0,0,0.0,0.0,0,0,0.0,0.0,0
2026-05-09 18:03:25,1,1,0,0.0,0,0.0,0,0,0,0.0,0.0,0,0,0.0,0.0,0
2026-05-09 18:03:25,1,1,0,0.0,0,0.0,0,0,0,0.0,0.0,0,0,0.0,0.0,0
2026-05-09 18:03:25,1,1,0,0.0,0,0.0,0,0,0,0.0,0.0,0,0,0.0,0.0,0
2026-05-09 18:03:25,1,1,0,0.0,0,0.0,0,0,0,0.0,0.0,0,0,0.0,0.0,0
2026-05-09 18:03:25,1,1,0,0.0,0,0.0,0,0,0,0.0,0.0,0,0,0.0,0.0,0
2026-05-09 18:03:25,1,1,0,0.0,0,0.0,0,0,0,0.0,0.0,0,0,0.0,0.0,0
2026-05-09 18:03:25,1,1,0,0.0,0,0.0,0,0,0,0.0,0.0,0,0,0.0,0.0,0
2026-05-09 18:03:25,1,1,0,0.0,0,0.0,0,0,0,0.0,0.0,0,0,0.0,0.0,0
2026-05-09 18:03:25,1,1,0,0.0,0,0.0,0,0,0,0.0,0.0,0,0,0.0,0.0,0
2026-05-09 18:03:25,1,1,0,0.0,0,0.0,0,0,0,0.0,0.0,0,0,0.0,0.0,0
2026-05-09 18:03:25,1,1,0,0.0,0,0.0,0,0,0,0.0,0.0,0,0,0.0,0.0,0
2026-05-09 18:03:25,1,1,0,0.0,0,0.0,0,0,0,0.0,0.0,0,0,0.0,0.0,0
2026-05-09 18:03:25,1,1,0,0.0,0,0.0,0,0,0,0.0,0.0,0,0,0.0,0.0,0
2026-05-09 18:03:25,1,1,0,0.0,0,0.0,0,0,0,0.0,0.0,0,0,0.0,0.0,0
2026-05-09 18:03:25,1,1,0,0.0,0,0.0,0,0,0,0.0,0.0,0,0,0.0,0.0,0
2026-05-09 18:03:25,1,1,0,0.0,0,0.0,0,0,0,0.0,0.0,0,0,0.0,0.0,0
2026-05-09 18:03:26,1,1,0,0.0,0,0.0,0,0,0,0.0,0.0,0,0,0.0,0.0,0
2026-05-09 18:03:26,1,1,0,0.0,0,0.0,0,0,0,0.0,0.0,0,0,0.0,0.0,0
2026-05-09 18:03:26,1,1,0,0.0,0,0.0,0,0,0,0.0,0.0,0,0,0.0,0.0,0
2026-05-09 18:03:26,1,1,0,0.0,0,0.0,0,0,0,0.0,0.0,0,0,0.0,0.0,0
2026-05-09 18:03:26,1,1,0,0.0,0,0.0,0,0,0,0.0,0.0,0,0,0.0,0.0,0
2026-05-09 18:03:26,1,1,0,0.0,0,0.0,0,0,0,0.0,0.0,0,0,0.0,0.0,0
2026-05-09 18:03:26,1,1,0,0.0,0,0.0,0,0,0,0.0,0.0,0,0,0.0,0.0,0
2026-05-09 18:03:26,1,1,0,0.0,0,0.0,0,0,0,0.0,0.0,0,0,0.0,0.0,0
2026-05-09 18:03:26,1,1,0,0.0,0,0.0,0,0,0,0.0,0.0,0,0,0.0,0.0,0
2026-05-09 18:03:26,1,1,0,0.0,0,0.0,0,0,0,0.0,0.0,0,0,0.0,0.0,0
2026-05-09 18:03:26,1,1,0,0.0,0,0.0,0,0,0,0.0,0.0,0,0,0.0,0.0,0
2026-05-09 18:03:26,1,1,0,0.0,0,0.0,0,0,0,0.0,0.0,0,0,0.0,0.0,0
2026-05-09 18:03:26,1,1,0,0.0,0,0.0,0,0,0,0.0,0.0,0,0,0.0,0.0,0
2026-05-09 18:03:26,1,1,0,0.0,0,0.0,0,0,0,0.0,0.0,0,0,0.0,0.0,0
2026-05-09 18:03:26,1,1,0,0.0,0,0.0,0,0,0,0.0,0.0,0,0,0.0,0.0,0
2026-05-09 18:03:26,1,1,0,0.0,0,0.0,0,0,0,0.0,0.0,0,0,0.0,0.0,0
2026-05-09 18:03:26,1,1,0,0.0,0,0.0,0,0,0,0.0,0.0,0,0,0.0,0.0,0
2026-05-09 18:03:26,1,1,0,0.0,0,0.0,0,0,0,0.0,0.0,0,0,0.0,0.0,0
2026-05-09 18:03:26,1,1,0,0.0,0,0.0,0,0,0,0.0,0.0,0,0,0.0,0.0,0
2026-05-09 18:03:26,1,1,0,0.0,0,0.0,0,0,0,0.0,0.0,0,0,0.0,0.0,0
2026-05-09 18:03:27,1,1,0,0.0,0,0.0,0,0,0,0.0,0.0,0,0,0.0,0.0,0
2026-05-09 18:03:27,1,1,0,0.0,0,0.0,0,0,0,0.0,0.0,0,0,0.0,0.0,0
2026-05-09 18:03:27,1,1,0,0.0,0,0.0,0,0,0,0.0,0.0,0,0,0.0,0.0,0
2026-05-09 18:03:27,1,1,0,0.0,0,0.0,0,0,0,0.0,0.0,0,0,0.0,0.0,0
2026-05-09 18:03:27,1,1,0,0.0,0,0.0,0,0,0,0.0,0.0,0,0,0.0,0.0,0
2026-05-09 18:03:27,1,1,0,0.0,0,0.0,0,0,0,0.0,0.0,0,0,0.0,0.0,0
2026-05-09 18:03:27,1,1,0,0.0,0,0.0,0,0,0,0.0,0.0,0,0,0.0,0.0,0
2026-05-09 18:03:27,1,1,0,0.0,0,0.0,0,0,0,0.0,0.0,0,0,0.0,0.0,0
2026-05-09 18:03:27,1,1,0,0.0,0,0.0,0,0,0,0.0,0.0,0,0,0.0,0.0,0
2026-05-09 18:03:27,1,1,0,0.0,0,0.0,0,0,0,0.0,0.0,0,0,0.0,0.0,0
2026-05-09 18:03:27,1,1,0,0.0,0,0.0,0,0,0,0.0,0.0,0,0,0.0,0.0,0
2026-05-09 18:03:27,1,1,0,0.0,0,0.0,0,0,0,0.0,0.0,0,0,0.0,0.0,0
2026-05-09 18:03:27,1,1,0,0.0,0,0.0,0,0,0,0.0,0.0,0,0,0.0,0.0,0
2026-05-09 18:03:27,1,1,0,0.0,0,0.0,0,0,0,0.0,0.0,0,0,0.0,0.0,0
2026-05-09 18:03:27,1,1,0,0.0,0,0.0,0,0,0,0.0,0.0,0,0,0.0,0.0,0
2026-05-09 18:03:27,1,1,0,0.0,0,0.0,0,0,0,0.0,0.0,0,0,0.0,0.0,0
2026-05-09 18:03:27,1,1,0,0.0,0,0.0,0,0,0,0.0,0.0,0,0,0.0,0.0,0
2026-05-09 18:03:27,1,1,0,0.0,0,0.0,0,0,0,0.0,0.0,0,0,0.0,0.0,0
2026-05-09 18:03:27,1,1,0,0.0,0,0.0,0,0,0,0.0,0.0,0,0,0.0,0.0,0
2026-05-09 18:03:27,1,1,0,0.0,0,0.0,0,0,0,0.0,0.0,0,0,0.0,0.0,0
2026-05-09 18:03:28,1,1,0,0.0,0,0.0,0,0,0,0.0,0.0,0,0,0.0,0.0,0
2026-05-09 18:03:28,1,1,0,0.0,0,0.0,0,0,0,0.0,0.0,0,0,0.0,0.0,0
2026-05-09 18:03:28,1,1,0,0.0,0,0.0,0,0,0,0.0,0.0,0,0,0.0,0.0,0
2026-05-09 18:03:28,1,1,0,0.0,0,0.0,0,0,0,0.0,0.0,0,0,0.0,0.0,0
2026-05-09 18:03:28,1,1,0,0.0,0,0.0,0,0,0,0.0,0.0,0,0,0.0,0.0,0
2026-05-09 18:03:28,1,1,0,0.0,0,0.0,0,0,0,0.0,0.0,0,0,0.0,0.0,0
2026-05-09 18:03:28,1,1,0,0.0,0,0.0,0,0,0,0.0,0.0,0,0,0.0,0.0,0
2026-05-09 18:03:28,1,1,0,0.0,0,0.0,0,0,0,0.0,0.0,0,0,0.0,0.0,0
2026-05-09 18:03:28,1,1,0,0.0,0,0.0,0,0,0,0.0,0.0,0,0,0.0,0.0,0
2026-05-09 18:03:28,1,1,0,0.0,0,0.0,0,0,0,0.0,0.0,0,0,0.0,0.0,0
2026-05-09 18:03:28,1,1,0,0.0,0,0.0,0,0,0,0.0,0.0,0,0,0.0,0.0,0
2026-05-09 18:03:28,1,1,0,0.0,0,0.0,0,0,0,0.0,0.0,0,0,0.0,0.0,0
2026-05-09 18:03:28,1,1,0,0.0,0,0.0,0,0,0,0.0,0.0,0,0,0.0,0.0,0
2026-05-09 18:03:28,1,1,0,0.0,0,0.0,0,0,0,0.0,0.0,0,0,0.0,0.0,0
2026-05-09 18:03:28,1,1,0,0.0,0,0.0,0,0,0,0.0,0.0,0,0,0.0,0.0,0
2026-05-09 18:03:28,1,1,0,0.0,0,0.0,0,0,0,0.0,0.0,0,0,0.0,0.0,0
2026-05-09 18:03:28,1,1,0,0.0,0,0.0,0,0,0,0.0,0.0,0,0,0.0,0.0,0
2026-05-09 18:03:28,1,1,0,0.0,0,0.0,0,0,0,0.0,0.0,0,0,0.0,0.0,0
2026-05-09 18:03:28,1,1,0,0.0,0,0.0,0,0,0,0.0,0.0,0,0,0.0,0.0,0
2026-05-09 18:03:28,1,1,0,0.0,0,0.0,0,0,0,0.0,0.0,0,0,0.0,0.0,0
2026-05-09 18:03:29,1,1,0,0.0,0,0.0,0,0,0,0.0,0.0,0,0,0.0,0.0,0
2026-05-09 18:03:29,1,1,0,0.0,0,0.0,0,0,0,0.0,0.0,0,0,0.0,0.0,0
2026-05-09 18:03:29,1,1,0,0.0,0,0.0,0,0,0,0.0,0.0,0,0,0.0,0.0,0
2026-05-09 18:03:29,1,1,0,0.0,0,0.0,0,0,0,0.0,0.0,0,0,0.0,0.0,0
2026-05-09 18:03:29,1,1,0,0.0,0,0.0,0,0,0,0.0,0.0,0,0,0.0,0.0,0
2026-05-09 18:03:29,1,1,0,0.0,0,0.0,0,0,0,0.0,0.0,0,0,0.0,0.0,0
2026-05-09 18:03:29,1,1,0,0.0,0,0.0,0,0,0,0.0,0.0,0,0,0.0,0.0,0
2026-05-09 18:03:29,1,1,0,0.0,0,0.0,0,0,0,0.0,0.0,0,0,0.0,0.0,0
2026-05-09 18:03:29,1,1,0,0.0,0,0.0,0,0,0,0.0,0.0,0,0,0.0,0.0,0
2026-05-09 18:03:29,1,1,0,0.0,0,0.0,0,0,0,0.0,0.0,0,0,0.0,0.0,0
2026-05-09 18:03:29,1,1,0,0.0,0,0.0,0,0,0,0.0,0.0,0,0,0.0,0.0,0
2026-05-09 18:03:29,1,1,0,0.0,0,0.0,0,0,0,0.0,0.0,0,0,0.0,0.0,0
2026-05-09 18:03:29,1,1,0,0.0,0,0.0,0,0,0,0.0,0.0,0,0,0.0,0.0,0
2026-05-09 18:03:29,1,1,0,0.0,0,0.0,0,0,0,0.0,0.0,0,0,0.0,0.0,0
2026-05-09 18:03:29,1,1,0,0.0,0,0.0,0,0,0,0.0,0.0,0,0,0.0,0.0,0
2026-05-09 18:03:29,1,1,0,0.0,0,0.0,0,0,0,0.0,0.0,0,0,0.0,0.0,0
2026-05-09 18:03:29,1,1,0,0.0,0,0.0,0,0,0,0.0,0.0,0,0,0.0,0.0,0
2026-05-09 18:03:29,1,1,0,0.0,0,0.0,0,0,0,0.0,0.0,0,0,0.0,0.0,0
2026-05-09 18:03:29,1,1,0,0.0,0,0.0,0,0,0,0.0,0.0,0,0,0.0,0.0,0
2026-05-09 18:03:29,1,1,0,0.0,0,0.0,0,0,0,0.0,0.0,0,0,0.0,0.0,0
2026-05-09 18:03:30,1,1,0,0.0,0,0.0,0,0,0,0.0,0.0,0,0,0.0,0.0,0
2026-05-09 18:03:30,1,1,0,0.0,0,0.0,0,0,0,0.0,0.0,0,0,0.0,0.0,0
2026-05-09 18:03:30,1,1,0,0.0,0,0.0,0,0,0,0.0,0.0,0,0,0.0,0.0,0
2026-05-09 18:03:30,1,1,0,0.0,0,0.0,0,0,0,0.0,0.0,0,0,0.0,0.0,0
2026-05-09 18:03:30,1,1,0,0.0,0,0.0,0,0,0,0.0,0.0,0,0,0.0,0.0,0
2026-05-09 18:03:30,1,1,0,0.0,0,0.0,0,0,0,0.0,0.0,0,0,0.0,0.0,0
2026-05-09 18:03:30,1,1,0,0.0,0,0.0,0,0,0,0.0,0.0,0,0,0.0,0.0,0
2026-05-09 18:03:30,1,1,0,0.0,0,0.0,0,0,0,0.0,0.0,0,0,0.0,0.0,0
2026-05-09 18:03:30,1,1,0,0.0,0,0.0,0,0,0,0.0,0.0,0,0,0.0,0.0,0
2026-05-09 18:03:30,1,1,0,0.0,0,0.0,0,0,0,0.0,0.0,0,0,0.0,0.0,0
2026-05-09 18:03:30,1,1,0,0.0,0,0.0,0,0,0,0.0,0.0,0,0,0.0,0.0,0
2026-05-09 18:03:30,1,1,0,0.0,0,0.0,0,0,0,0.0,0.0,0,0,0.0,0.0,0
2026-05-09 18:03:30,1,1,0,0.0,0,0.0,0,0,0,0.0,0.0,0,0,0.0,0.0,0
2026-05-09 18:03:30,1,1,0,0.0,0,0.0,0,0,0,0.0,0.0,0,0,0.0,0.0,0
2026-05-09 18:03:30,1,1,0,0.0,0,0.0,0,0,0,0.0,0.0,0,0,0.0,0.0,0
2026-05-09 18:03:30,1,1,0,0.0,0,0.0,0,0,0,0.0,0.0,0,0,0.0,0.0,0
2026-05-09 18:03:30,1,1,0,0.0,0,0.0,0,0,0,0.0,0.0,0,0,0.0,0.0,0
2026-05-09 18:03:30,1,1,0,0.0,0,0.0,0,0,0,0.0,0.0,0,0,0.0,0.0,0
2026-05-09 18:03:30,1,1,0,0.0,0,0.0,0,0,0,0.0,0.0,0,0,0.0,0.0,0
2026-05-09 18:03:30,1,1,0,0.0,0,0.0,0,0,0,0.0,0.0,0,0,0.0,0.0,0
2026-05-09 18:03:31,1,1,0,0.0,0,0.0,0,0,0,0.0,0.0,0,0,0.0,0.0,0
2026-05-09 18:03:31,1,1,0,0.0,0,0.0,0,0,0,0.0,0.0,0,0,0.0,0.0,0
2026-05-09 18:03:31,1,1,0,0.0,0,0.0,0,0,0,0.0,0.0,0,0,0.0,0.0,0
2026-05-09 18:03:31,1,1,0,0.0,0,0.0,0,0,0,0.0,0.0,0,0,0.0,0.0,0
2026-05-09 18:03:31,1,1,0,0.0,0,0.0,0,0,0,0.0,0.0,0,0,0.0,0.0,0
2026-05-09 18:03:31,1,1,0,0.0,0,0.0,0,0,0,0.0,0.0,0,0,0.0,0.0,0
2026-05-09 18:03:31,1,1,0,0.0,0,0.0,0,0,0,0.0,0.0,0,0,0.0,0.0,0
2026-05-09 18:03:31,1,1,0,0.0,0,0.0,0,0,0,0.0,0.0,0,0,0.0,0.0,0
2026-05-09 18:03:31,1,1,0,0.0,0,0.0,0,0,0,0.0,0.0,0,0,0.0,0.0,0
2026-05-09 18:03:31,1,1,0,0.0,0,0.0,0,0,0,0.0,0.0,0,0,0.0,0.0,0
2026-05-09 18:03:31,1,1,0,0.0,0,0.0,0,0,0,0.0,0.0,0,0,0.0,0.0,0
2026-05-09 18:03:31,1,1,0,0.0,0,0.0,0,0,0,0.0,0.0,0,0,0.0,0.0,0
2026-05-09 18:03:31,1,1,0,0.0,0,0.0,0,0,0,0.0,0.0,0,0,0.0,0.0,0
2026-05-09 18:03:31,1,1,0,0.0,0,0.0,0,0,0,0.0,0.0,0,0,0.0,0.0,0
2026-05-09 18:03:31,1,1,0,0.0,0,0.0,0,0,0,0.0,0.0,0,0,0.0,0.0,0
2026-05-09 18:03:31,1,1,0,0.0,0,0.0,0,0,0,0.0,0.0,0,0,0.0,0.0,0
2026-05-09 18:03:31,1,1,0,0.0,0,0.0,0,0,0,0.0,0.0,0,0,0.0,0.0,0
2026-05-09 18:03:31,1,1,0,0.0,0,0.0,0,0,0,0.0,0.0,0,0,0.0,0.0,0
2026-05-09 18:03:31,1,1,0,0.0,0,0.0,0,0,0,0.0,0.0,0,0,0.0,0.0,0
2026-05-09 18:03:31,1,1,0,0.0,0,0.0,0,0,0,0.0,0.0,0,0,0.0,0.0,0
2026-05-09 18:03:32,1,1,0,0.0,0,0.0,0,0,0,0.0,0.0,0,0,0.0,0.0,0
2026-05-09 18:03:32,1,1,0,0.0,0,0.0,0,0,0,0.0,0.0,0,0,0.0,0.0,0
2026-05-09 18:03:32,1,1,0,0.0,0,0.0,0,0,0,0.0,0.0,0,0,0.0,0.0,0
2026-05-09 18:03:32,1,1,0,0.0,0,0.0,0,0,0,0.0,0.0,0,0,0.0,0.0,0
2026-05-09 18:03:32,1,1,0,0.0,0,0.0,0,0,0,0.0,0.0,0,0,0.0,0.0,0
2026-05-09 18:03:32,1,1,0,0.0,0,0.0,0,0,0,0.0,0.0,0,0,0.0,0.0,0
2026-05-09 18:03:32,1,1,0,0.0,0,0.0,0,0,0,0.0,0.0,0,0,0.0,0.0,0
2026-05-09 18:03:32,1,1,0,0.0,0,0.0,0,0,0,0.0,0.0,0,0,0.0,0.0,0
2026-05-09 18:03:32,1,1,0,0.0,0,0.0,0,0,0,0.0,0.0,0,0,0.0,0.0,0
2026-05-09 18:03:32,1,1,0,0.0,0,0.0,0,0,0,0.0,0.0,0,0,0.0,0.0,0
2026-05-09 18:03:32,1,1,0,0.0,0,0.0,0,0,0,0.0,0.0,0,0,0.0,0.0,0
2026-05-09 18:03:32,1,1,0,0.0,0,0.0,0,0,0,0.0,0.0,0,0,0.0,0.0,0
2026-05-09 18:03:32,1,1,0,0.0,0,0.0,0,0,0,0.0,0.0,0,0,0.0,0.0,0
2026-05-09 18:03:32,1,1,0,0.0,0,0.0,0,0,0,0.0,0.0,0,0,0.0,0.0,0
2026-05-09 18:03:32,1,1,0,0.0,0,0.0,0,0,0,0.0,0.0,0,0,0.0,0.0,0
2026-05-09 18:03:32,1,1,0,0.0,0,0.0,0,0,0,0.0,0.0,0,0,0.0,0.0,0
2026-05-09 18:03:32,1,1,0,0.0,0,0.0,0,0,0,0.0,0.0,0,0,0.0,0.0,0
2026-05-09 18:03:32,1,1,0,0.0,0,0.0,0,0,0,0.0,0.0,0,0,0.0,0.0,0
2026-05-09 18:03:32,1,1,0,0.0,0,0.0,0,0,0,0.0,0.0,0,0,0.0,0.0,0
2026-05-09 18:03:32,1,1,0,0.0,0,0.0,0,0,0,0.0,0.0,0,0,0.0,0.0,0
2026-05-09 18:03:33,1,1,0,0.0,0,0.0,0,0,0,0.0,0.0,0,0,0.0,0.0,0
2026-05-09 18:03:33,1,1,0,0.0,0,0.0,0,0,0,0.0,0.0,0,0,0.0,0.0,0
2026-05-09 18:03:33,1,1,0,0.0,0,0.0,0,0,0,0.0,0.0,0,0,0.0,0.0,0
2026-05-09 18:03:33,1,1,0,0.0,0,0.0,0,0,0,0.0,0.0,0,0,0.0,0.0,0
2026-05-09 18:03:33,1,1,0,0.0,0,0.0,0,0,0,0.0,0.0,0,0,0.0,0.0,0
2026-05-09 18:03:33,1,1,0,0.0,0,0.0,0,0,0,0.0,0.0,0,0,0.0,0.0,0
2026-05-09 18:03:33,1,1,0,0.0,0,0.0,0,0,0,0.0,0.0,0,0,0.0,0.0,0
2026-05-09 18:03:33,1,1,0,0.0,0,0.0,0,0,0,0.0,0.0,0,0,0.0,0.0,0
2026-05-09 18:03:33,1,1,0,0.0,0,0.0,0,0,0,0.0,0.0,0,0,0.0,0.0,0
2026-05-09 18:03:33,1,1,0,0.0,0,0.0,0,0,0,0.0,0.0,0,0,0.0,0.0,0
2026-05-09 18:03:33,1,1,0,0.0,0,0.0,0,0,0,0.0,0.0,0,0,0.0,0.0,0
2026-05-09 18:03:33,1,1,0,0.0,0,0.0,0,0,0,0.0,0.0,0,0,0.0,0.0,0
2026-05-09 18:03:33,1,1,0,0.0,0,0.0,0,0,0,0.0,0.0,0,0,0.0,0.0,0
2026-05-09 18:03:33,1,1,0,0.0,0,0.0,0,0,0,0.0,0.0,0,0,0.0,0.0,0
2026-05-09 18:03:33,1,1,0,0.0,0,0.0,0,0,0,0.0,0.0,0,0,0.0,0.0,0
2026-05-09 18:03:33,1,1,0,0.0,0,0.0,0,0,0,0.0,0.0,0,0,0.0,0.0,0
2026-05-09 18:03:33,1,1,0,0.0,0,0.0,0,0,0,0.0,0.0,0,0,0.0,0.0,0
2026-05-09 18:03:33,1,1,0,0.0,0,0.0,0,0,0,0.0,0.0,0,0,0.0,0.0,0
2026-05-09 18:03:33,1,1,0,0.0,0,0.0,0,0,0,0.0,0.0,0,0,0.0,0.0,0
2026-05-09 18:03:33,1,1,0,0.0,0,0.0,0,0,0,0.0,0.0,0,0,0.0,0.0,0
2026-05-09 18:03:34,1,1,0,0.0,0,0.0,0,0,0,0.0,0.0,0,0,0.0,0.0,0
2026-05-09 18:03:34,1,1,0,0.0,0,0.0,0,0,0,0.0,0.0,0,0,0.0,0.0,0
2026-05-09 18:03:34,1,1,0,0.0,0,0.0,0,0,0,0.0,0.0,0,0,0.0,0.0,0
2026-05-09 18:03:34,1,1,0,0.0,0,0.0,0,0,0,0.0,0.0,0,0,0.0,0.0,0
2026-05-09 18:03:34,1,1,0,0.0,0,0.0,0,0,0,0.0,0.0,0,0,0.0,0.0,0
2026-05-09 18:03:34,1,1,0,0.0,0,0.0,0,0,0,0.0,0.0,0,0,0.0,0.0,0
2026-05-09 18:03:34,1,1,0,0.0,0,0.0,0,0,0,0.0,0.0,0,0,0.0,0.0,0
2026-05-09 18:03:34,1,1,0,0.0,0,0.0,0,0,0,0.0,0.0,0,0,0.0,0.0,0
2026-05-09 18:03:34,1,1,0,0.0,0,0.0,0,0,0,0.0,0.0,0,0,0.0,0.0,0
2026-05-09 18:03:34,1,1,0,0.0,0,0.0,0,0,0,0.0,0.0,0,0,0.0,0.0,0
2026-05-09 18:03:34,1,1,0,0.0,0,0.0,0,0,0,0.0,0.0,0,0,0.0,0.0,0
2026-05-09 18:03:34,1,1,0,0.0,0,0.0,0,0,0,0.0,0.0,0,0,0.0,0.0,0
2026-05-09 18:03:34,1,1,0,0.0,0,0.0,0,0,0,0.0,0.0,0,0,0.0,0.0,0
2026-05-09 18:03:34,1,1,0,0.0,0,0.0,0,0,0,0.0,0.0,0,0,0.0,0.0,0
2026-05-09 18:03:34,1,1,0,0.0,0,0.0,0,0,0,0.0,0.0,0,0,0.0,0.0,0
2026-05-09 18:03:34,1,1,0,0.0,0,0.0,0,0,0,0.0,0.0,0,0,0.0,0.0,0
2026-05-09 18:03:34,1,1,0,0.0,0,0.0,0,0,0,0.0,0.0,0,0,0.0,0.0,0
2026-05-09 18:03:34,1,1,0,0.0,0,0.0,0,0,0,0.0,0.0,0,0,0.0,0.0,0
2026-05-09 18:03:34,1,1,0,0.0,0,0.0,0,0,0,0.0,0.0,0,0,0.0,0.0,0
2026-05-09 18:03:34,1,1,0,0.0,0,0.0,0,0,0,0.0,0.0,0,0,0.0,0.0,0
2026-05-09 18:03:35,1,1,0,0.0,0,0.0,0,0,0,0.0,0.0,0,0,0.0,0.0,0
2026-05-09 18:03:35,1,1,0,0.0,0,0.0,0,0,0,0.0,0.0,0,0,0.0,0.0,0
2026-05-09 18:03:35,1,1,0,0.0,0,0.0,0,0,0,0.0,0.0,0,0,0.0,0.0,0
2026-05-09 18:03:35,1,1,0,0.0,0,0.0,0,0,0,0.0,0.0,0,0,0.0,0.0,0
2026-05-09 18:03:35,1,1,0,0.0,0,0.0,0,0,0,0.0,0.0,0,0,0.0,0.0,0
2026-05-09 18:03:35,1,1,0,0.0,0,0.0,0,0,0,0.0,0.0,0,0,0.0,0.0,0
2026-05-09 18:03:35,1,1,0,0.0,0,0.0,0,0,0,0.0,0.0,0,0,0.0,0.0,0
2026-05-09 18:03:35,1,1,0,0.0,0,0.0,0,0,0,0.0,0.0,0,0,0.0,0.0,0
2026-05-09 18:03:35,1,1,0,0.0,0,0.0,0,0,0,0.0,0.0,0,0,0.0,0.0,0
2026-05-09 18:03:35,1,1,0,0.0,0,0.0,0,0,0,0.0,0.0,0,0,0.0,0.0,0
2026-05-09 18:03:35,1,1,0,0.0,0,0.0,0,0,0,0.0,0.0,0,0,0.0,0.0,0
2026-05-09 18:03:35,1,1,0,0.0,0,0.0,0,0,0,0.0,0.0,0,0,0.0,0.0,0
2026-05-09 18:03:35,1,1,0,0.0,0,0.0,0,0,0,0.0,0.0,0,0,0.0,0.0,0
2026-05-09 18:03:35,1,1,0,0.0,0,0.0,0,0,0,0.0,0.0,0,0,0.0,0.0,0
2026-05-09 18:03:35,1,1,0,0.0,0,0.0,0,0,0,0.0,0.0,0,0,0.0,0.0,0
2026-05-09 18:03:35,1,1,0,0.0,0,0.0,0,0,0,0.0,0.0,0,0,0.0,0.0,0
2026-05-09 18:03:35,1,1,0,0.0,0,0.0,0,0,0,0.0,0.0,0,0,0.0,0.0,0
2026-05-09 18:03:35,1,1,0,0.0,0,0.0,0,0,0,0.0,0.0,0,0,0.0,0.0,0
2026-05-09 18:03:35,1,1,0,0.0,0,0.0,0,0,0,0.0,0.0,0,0,0.0,0.0,0
2026-05-09 18:03:35,1,1,0,0.0,0,0.0,0,0,0,0.0,0.0,0,0,0.0,0.0,0
2026-05-09 18:03:36,1,1,0,0.0,0,0.0,0,0,0,0.0,0.0,0,0,0.0,0.0,0
2026-05-09 18:03:36,1,1,0,0.0,0,0.0,0,0,0,0.0,0.0,0,0,0.0,0.0,0
2026-05-09 18:03:36,1,1,0,0.0,0,0.0,0,0,0,0.0,0.0,0,0,0.0,0.0,0
2026-05-09 18:03:36,1,1,0,0.0,0,0.0,0,0,0,0.0,0.0,0,0,0.0,0.0,0
2026-05-09 18:03:36,1,1,0,0.0,0,0.0,0,0,0,0.0,0.0,0,0,0.0,0.0,0
2026-05-09 18:03:36,1,1,0,0.0,0,0.0,0,0,0,0.0,0.0,0,0,0.0,0.0,0
2026-05-09 18:03:36,1,1,0,0.0,0,0.0,0,0,0,0.0,0.0,0,0,0.0,0.0,0
2026-05-09 18:03:36,1,1,0,0.0,0,0.0,0,0,0,0.0,0.0,0,0,0.0,0.0,0
2026-05-09 18:03:36,1,1,0,0.0,0,0.0,0,0,0,0.0,0.0,0,0,0.0,0.0,0
2026-05-09 18:03:36,1,1,0,0.0,0,0.0,0,0,0,0.0,0.0,0,0,0.0,0.0,0
2026-05-09 18:03:36,1,1,0,0.0,0,0.0,0,0,0,0.0,0.0,0,0,0.0,0.0,0
2026-05-09 18:03:36,1,1,0,0.0,0,0.0,0,0,0,0.0,0.0,0,0,0.0,0.0,0
2026-05-09 18:03:36,1,1,0,0.0,0,0.0,0,0,0,0.0,0.0,0,0,0.0,0.0,0
2026-05-09 18:03:36,1,1,0,0.0,0,0.0,0,0,0,0.0,0.0,0,0,0.0,0.0,0
2026-05-09 18:03:36,1,1,0,0.0,0,0.0,0,0,0,0.0,0.0,0,0,0.0,0.0,0
2026-05-09 18:03:36,1,1,0,0.0,0,0.0,0,0,0,0.0,0.0,0,0,0.0,0.0,0
2026-05-09 18:03:36,1,1,0,0.0,0,0.0,0,0,0,0.0,0.0,0,0,0.0,0.0,0
2026-05-09 18:03:36,1,1,0,0.0,0,0.0,0,0,0,0.0,0.0,0,0,0.0,0.0,0
2026-05-09 18:03:36,1,1,0,0.0,0,0.0,0,0,0,0.0,0.0,0,0,0.0,0.0,0
2026-05-09 18:03:36,1,1,0,0.0,0,0.0,0,0,0,0.0,0.0,0,0,0.0,0.0,0
2026-05-09 18:03:37,1,1,0,0.0,0,0.0,0,0,0,0.0,0.0,0,0,0.0,0.0,0
2026-05-09 18:03:37,1,1,0,0.0,0,0.0,0,0,0,0.0,0.0,0,0,0.0,0.0,0
2026-05-09 18:03:37,1,1,0,0.0,0,0.0,0,0,0,0.0,0.0,0,0,0.0,0.0,0
2026-05-09 18:03:37,1,1,0,0.0,0,0.0,0,0,0,0.0,0.0,0,0,0.0,0.0,0
2026-05-09 18:03:37,1,1,0,0.0,0,0.0,0,0,0,0.0,0.0,0,0,0.0,0.0,0
2026-05-09 18:03:37,1,1,0,0.0,0,0.0,0,0,0,0.0,0.0,0,0,0.0,0.0,0
2026-05-09 18:03:37,1,1,0,0.0,0,0.0,0,0,0,0.0,0.0,0,0,0.0,0.0,0
2026-05-09 18:03:37,1,1,0,0.0,0,0.0,0,0,0,0.0,0.0,0,0,0.0,0.0,0
2026-05-09 18:03:37,1,1,0,0.0,0,0.0,0,0,0,0.0,0.0,0,0,0.0,0.0,0
2026-05-09 18:03:37,1,1,0,0.0,0,0.0,0,0,0,0.0,0.0,0,0,0.0,0.0,0
2026-05-09 18:03:37,1,1,0,0.0,0,0.0,0,0,0,0.0,0.0,0,0,0.0,0.0,0
2026-05-09 18:03:37,1,1,0,0.0,0,0.0,0,0,0,0.0,0.0,0,0,0.0,0.0,0
2026-05-09 18:03:37,1,1,0,0.0,0,0.0,0,0,0,0.0,0.0,0,0,0.0,0.0,0
2026-05-09 18:03:37,1,1,0,0.0,0,0.0,0,0,0,0.0,0.0,0,0,0.0,0.0,0
2026-05-09 18:03:37,1,1,0,0.0,0,0.0,0,0,0,0.0,0.0,0,0,0.0,0.0,0
2026-05-09 18:03:37,1,1,0,0.0,0,0.0,0,0,0,0.0,0.0,0,0,0.0,0.0,0
2026-05-09 18:03:37,1,1,0,0.0,0,0.0,0,0,0,0.0,0.0,0,0,0.0,0.0,0
2026-05-09 18:03:37,1,1,0,0.0,0,0.0,0,0,0,0.0,0.0,0,0,0.0,0.0,0
2026-05-09 18:03:37,1,1,0,0.0,0,0.0,0,0,0,0.0,0.0,0,0,0.0,0.0,0
2026-05-09 18:03:37,1,1,0,0.0,0,0.0,0,0,0,0.0,0.0,0,0,0.0,0.0,0
2026-05-09 18:03:38,1,1,0,0.0,0,0.0,0,0,0,0.0,0.0,0,0,0.0,0.0,0
2026-05-09 18:03:38,1,1,0,0.0,0,0.0,0,0,0,0.0,0.0,0,0,0.0,0.0,0
2026-05-09 18:03:38,1,1,0,0.0,0,0.0,0,0,0,0.0,0.0,0,0,0.0,0.0,0
2026-05-09 18:03:38,1,1,0,0.0,0,0.0,0,0,0,0.0,0.0,0,0,0.0,0.0,0
2026-05-09 18:03:38,1,1,0,0.0,0,0.0,0,0,0,0.0,0.0,0,0,0.0,0.0,0
2026-05-09 18:03:38,1,1,0,0.0,0,0.0,0,0,0,0.0,0.0,0,0,0.0,0.0,0
2026-05-09 18:03:38,1,1,0,0.0,0,0.0,0,0,0,0.0,0.0,0,0,0.0,0.0,0
2026-05-09 18:03:38,1,1,0,0.0,0,0.0,0,0,0,0.0,0.0,0,0,0.0,0.0,0
2026-05-09 18:03:38,1,1,0,0.0,0,0.0,0,0,0,0.0,0.0,0,0,0.0,0.0,0
2026-05-09 18:03:38,1,1,0,0.0,0,0.0,0,0,0,0.0,0.0,0,0,0.0,0.0,0
2026-05-09 18:03:38,1,1,0,0.0,0,0.0,0,0,0,0.0,0.0,0,0,0.0,0.0,0
2026-05-09 18:03:38,1,1,0,0.0,0,0.0,0,0,0,0.0,0.0,0,0,0.0,0.0,0
2026-05-09 18:03:38,1,1,0,0.0,0,0.0,0,0,0,0.0,0.0,0,0,0.0,0.0,0
2026-05-09 18:03:38,1,1,0,0.0,0,0.0,0,0,0,0.0,0.0,0,0,0.0,0.0,0
2026-05-09 18:03:38,1,1,0,0.0,0,0.0,0,0,0,0.0,0.0,0,0,0.0,0.0,0
2026-05-09 18:03:38,1,1,0,0.0,0,0.0,0,0,0,0.0,0.0,0,0,0.0,0.0,0
2026-05-09 18:03:38,1,1,0,0.0,0,0.0,0,0,0,0.0,0.0,0,0,0.0,0.0,0
2026-05-09 18:03:38,1,1,0,0.0,0,0.0,0,0,0,0.0,0.0,0,0,0.0,0.0,0
2026-05-09 18:03:38,1,1,0,0.0,0,0.0,0,0,0,0.0,0.0,0,0,0.0,0.0,0
2026-05-09 18:03:38,1,1,0,0.0,0,0.0,0,0,0,0.0,0.0,0,0,0.0,0.0,0
2026-05-09 18:03:39,1,1,0,0.0,0,0.0,0,0,0,0.0,0.0,0,0,0.0,0.0,0
2026-05-09 18:03:39,1,1,0,0.0,0,0.0,0,0,0,0.0,0.0,0,0,0.0,0.0,0
2026-05-09 18:03:39,1,1,0,0.0,0,0.0,0,0,0,0.0,0.0,0,0,0.0,0.0,0
2026-05-09 18:03:39,1,1,0,0.0,0,0.0,0,0,0,0.0,0.0,0,0,0.0,0.0,0
2026-05-09 18:03:39,1,1,0,0.0,0,0.0,0,0,0,0.0,0.0,0,0,0.0,0.0,0
2026-05-09 18:03:39,1,1,0,0.0,0,0.0,0,0,0,0.0,0.0,0,0,0.0,0.0,0
2026-05-09 18:03:39,1,1,0,0.0,0,0.0,0,0,0,0.0,0.0,0,0,0.0,0.0,0
2026-05-09 18:03:39,1,1,0,0.0,0,0.0,0,0,0,0.0,0.0,0,0,0.0,0.0,0
2026-05-09 18:03:39,1,1,0,0.0,0,0.0,0,0,0,0.0,0.0,0,0,0.0,0.0,0
2026-05-09 18:03:39,1,1,0,0.0,0,0.0,0,0,0,0.0,0.0,0,0,0.0,0.0,0
2026-05-09 18:03:39,1,1,0,0.0,0,0.0,0,0,0,0.0,0.0,0,0,0.0,0.0,0
2026-05-09 18:03:39,1,1,0,0.0,0,0.0,0,0,0,0.0,0.0,0,0,0.0,0.0,0
2026-05-09 18:03:39,1,1,0,0.0,0,0.0,0,0,0,0.0,0.0,0,0,0.0,0.0,0
2026-05-09 18:03:39,1,1,0,0.0,0,0.0,0,0,0,0.0,0.0,0,0,0.0,0.0,0
2026-05-09 18:03:39,1,1,0,0.0,0,0.0,0,0,0,0.0,0.0,0,0,0.0,0.0,0
2026-05-09 18:03:39,1,1,0,0.0,0,0.0,0,0,0,0.0,0.0,0,0,0.0,0.0,0
2026-05-09 18:03:39,1,1,0,0.0,0,0.0,0,0,0,0.0,0.0,0,0,0.0,0.0,0
2026-05-09 18:03:39,1,1,0,0.0,0,0.0,0,0,0,0.0,0.0,0,0,0.0,0.0,0
2026-05-09 18:03:39,1,1,0,0.0,0,0.0,0,0,0,0.0,0.0,0,0,0.0,0.0,0
2026-05-09 18:03:39,1,1,0,0.0,0,0.0,0,0,0,0.0,0.0,0,0,0.0,0.0,0
2026-05-09 18:03:40,1,1,0,0.0,0,0.0,0,0,0,0.0,0.0,0,0,0.0,0.0,0
2026-05-09 18:03:40,1,1,0,0.0,0,0.0,0,0,0,0.0,0.0,0,0,0.0,0.0,0
2026-05-09 18:03:40,1,1,0,0.0,0,0.0,0,0,0,0.0,0.0,0,0,0.0,0.0,0
2026-05-09 18:03:40,1,1,0,0.0,0,0.0,0,0,0,0.0,0.0,0,0,0.0,0.0,0
2026-05-09 18:03:40,1,1,0,0.0,0,0.0,0,0,0,0.0,0.0,0,0,0.0,0.0,0
2026-05-09 18:03:40,1,1,0,0.0,0,0.0,0,0,0,0.0,0.0,0,0,0.0,0.0,0
2026-05-09 18:03:40,1,1,0,0.0,0,0.0,0,0,0,0.0,0.0,0,0,0.0,0.0,0
2026-05-09 18:03:40,1,1,0,0.0,0,0.0,0,0,0,0.0,0.0,0,0,0.0,0.0,0
2026-05-09 18:03:40,1,1,0,0.0,0,0.0,0,0,0,0.0,0.0,0,0,0.0,0.0,0
2026-05-09 18:03:40,1,1,0,0.0,0,0.0,0,0,0,0.0,0.0,0,0,0.0,0.0,0
2026-05-09 18:03:40,1,1,0,0.0,0,0.0,0,0,0,0.0,0.0,0,0,0.0,0.0,0
2026-05-09 18:03:40,1,1,0,0.0,0,0.0,0,0,0,0.0,0.0,0,0,0.0,0.0,0
2026-05-09 18:03:40,1,1,0,0.0,0,0.0,0,0,0,0.0,0.0,0,0,0.0,0.0,0
2026-05-09 18:03:40,1,1,0,0.0,0,0.0,0,0,0,0.0,0.0,0,0,0.0,0.0,0
2026-05-09 18:03:40,1,1,0,0.0,0,0.0,0,0,0,0.0,0.0,0,0,0.0,0.0,0
2026-05-09 18:03:40,1,1,0,0.0,0,0.0,0,0,0,0.0,0.0,0,0,0.0,0.0,0
2026-05-09 18:03:40,1,1,0,0.0,0,0.0,0,0,0,0.0,0.0,0,0,0.0,0.0,0
2026-05-09 18:03:40,1,1,0,0.0,0,0.0,0,0,0,0.0,0.0,0,0,0.0,0.0,0
2026-05-09 18:03:40,1,1,0,0.0,0,0.0,0,0,0,0.0,0.0,0,0,0.0,0.0,0
2026-05-09 18:03:40,1,1,0,0.0,0,0.0,0,0,0,0.0,0.0,0,0,0.0,0.0,0
2026-05-09 18:03:41,1,1,0,0.0,0,0.0,0,0,0,0.0,0.0,0,0,0.0,0.0,0
2026-05-09 18:03:41,1,1,0,0.0,0,0.0,0,0,0,0.0,0.0,0,0,0.0,0.0,0
2026-05-09 18:03:41,1,1,0,0.0,0,0.0,0,0,0,0.0,0.0,0,0,0.0,0.0,0
2026-05-09 18:03:41,1,1,0,0.0,0,0.0,0,0,0,0.0,0.0,0,0,0.0,0.0,0
2026-05-09 18:03:41,1,1,0,0.0,0,0.0,0,0,0,0.0,0.0,0,0,0.0,0.0,0
2026-05-09 18:03:41,1,1,0,0.0,0,0.0,0,0,0,0.0,0.0,0,0,0.0,0.0,0
2026-05-09 18:03:41,1,1,0,0.0,0,0.0,0,0,0,0.0,0.0,0,0,0.0,0.0,0
2026-05-09 18:03:41,1,1,0,0.0,0,0.0,0,0,0,0.0,0.0,0,0,0.0,0.0,0
2026-05-09 18:03:41,1,1,0,0.0,0,0.0,0,0,0,0.0,0.0,0,0,0.0,0.0,0
2026-05-09 18:03:41,1,1,0,0.0,0,0.0,0,0,0,0.0,0.0,0,0,0.0,0.0,0
2026-05-09 18:03:41,1,1,0,0.0,0,0.0,0,0,0,0.0,0.0,0,0,0.0,0.0,0
2026-05-09 18:03:41,1,1,0,0.0,0,0.0,0,0,0,0.0,0.0,0,0,0.0,0.0,0
2026-05-09 18:03:41,1,1,0,0.0,0,0.0,0,0,0,0.0,0.0,0,0,0.0,0.0,0
2026-05-09 18:03:41,1,1,0,0.0,0,0.0,0,0,0,0.0,0.0,0,0,0.0,0.0,0
2026-05-09 18:03:41,1,1,0,0.0,0,0.0,0,0,0,0.0,0.0,0,0,0.0,0.0,0
2026-05-09 18:03:41,1,1,0,0.0,0,0.0,0,0,0,0.0,0.0,0,0,0.0,0.0,0
2026-05-09 18:03:41,1,1,0,0.0,0,0.0,0,0,0,0.0,0.0,0,0,0.0,0.0,0
2026-05-09 18:03:41,1,1,0,0.0,0,0.0,0,0,0,0.0,0.0,0,0,0.0,0.0,0
2026-05-09 18:03:41,1,1,0,0.0,0,0.0,0,0,0,0.0,0.0,0,0,0.0,0.0,0
2026-05-09 18:03:41,1,1,0,0.0,0,0.0,0,0,0,0.0,0.0,0,0,0.0,0.0,0
2026-05-09 18:03:42,1,1,0,0.0,0,0.0,0,0,0,0.0,0.0,0,0,0.0,0.0,0
2026-05-09 18:03:42,1,1,0,0.0,0,0.0,0,0,0,0.0,0.0,0,0,0.0,0.0,0
2026-05-09 18:03:42,1,1,0,0.0,0,0.0,0,0,0,0.0,0.0,0,0,0.0,0.0,0
2026-05-09 18:03:42,1,1,0,0.0,0,0.0,0,0,0,0.0,0.0,0,0,0.0,0.0,0
2026-05-09 18:03:42,1,1,0,0.0,0,0.0,0,0,0,0.0,0.0,0,0,0.0,0.0,0
2026-05-09 18:03:42,1,1,0,0.0,0,0.0,0,0,0,0.0,0.0,0,0,0.0,0.0,0
2026-05-09 18:03:42,1,1,0,0.0,0,0.0,0,0,0,0.0,0.0,0,0,0.0,0.0,0
2026-05-09 18:03:42,1,1,0,0.0,0,0.0,0,0,0,0.0,0.0,0,0,0.0,0.0,0
2026-05-09 18:03:42,1,1,0,0.0,0,0.0,0,0,0,0.0,0.0,0,0,0.0,0.0,0
2026-05-09 18:03:42,1,1,0,0.0,0,0.0,0,0,0,0.0,0.0,0,0,0.0,0.0,0
2026-05-09 18:03:42,1,1,0,0.0,0,0.0,0,0,0,0.0,0.0,0,0,0.0,0.0,0
2026-05-09 18:03:42,1,1,0,0.0,0,0.0,0,0,0,0.0,0.0,0,0,0.0,0.0,0
2026-05-09 18:03:42,1,1,0,0.0,0,0.0,0,0,0,0.0,0.0,0,0,0.0,0.0,0
2026-05-09 18:03:42,1,1,0,0.0,0,0.0,0,0,0,0.0,0.0,0,0,0.0,0.0,0
2026-05-09 18:03:42,1,1,0,0.0,0,0.0,0,0,0,0.0,0.0,0,0,0.0,0.0,0
2026-05-09 18:03:42,1,1,0,0.0,0,0.0,0,0,0,0.0,0.0,0,0,0.0,0.0,0
2026-05-09 18:03:42,1,1,0,0.0,0,0.0,0,0,0,0.0,0.0,0,0,0.0,0.0,0
2026-05-09 18:03:42,1,1,0,0.0,0,0.0,0,0,0,0.0,0.0,0,0,0.0,0.0,0
2026-05-09 18:03:42,1,1,0,0.0,0,0.0,0,0,0,0.0,0.0,0,0,0.0,0.0,0
2026-05-09 18:03:42,1,1,0,0.0,0,0.0,0,0,0,0.0,0.0,0,0,0.0,0.0,0
2026-05-09 18:03:43,1,1,0,0.0,0,0.0,0,0,0,0.0,0.0,0,0,0.0,0.0,0
2026-05-09 18:03:43,1,1,0,0.0,0,0.0,0,0,0,0.0,0.0,0,0,0.0,0.0,0
2026-05-09 18:03:43,1,1,0,0.0,0,0.0,0,0,0,0.0,0.0,0,0,0.0,0.0,0
2026-05-09 18:03:43,1,1,0,0.0,0,0.0,0,0,0,0.0,0.0,0,0,0.0,0.0,0
2026-05-09 18:03:43,1,1,0,0.0,0,0.0,0,0,0,0.0,0.0,0,0,0.0,0.0,0
2026-05-09 18:03:43,1,1,0,0.0,0,0.0,0,0,0,0.0,0.0,0,0,0.0,0.0,0
2026-05-09 18:03:43,1,1,0,0.0,0,0.0,0,0,0,0.0,0.0,0,0,0.0,0.0,0
2026-05-09 18:03:43,1,1,0,0.0,0,0.0,0,0,0,0.0,0.0,0,0,0.0,0.0,0
2026-05-09 18:03:43,1,1,0,0.0,0,0.0,0,0,0,0.0,0.0,0,0,0.0,0.0,0
2026-05-09 18:03:43,1,1,0,0.0,0,0.0,0,0,0,0.0,0.0,0,0,0.0,0.0,0
2026-05-09 18:03:43,1,1,0,0.0,0,0.0,0,0,0,0.0,0.0,0,0,0.0,0.0,0
2026-05-09 18:03:43,1,1,0,0.0,0,0.0,0,0,0,0.0,0.0,0,0,0.0,0.0,0
2026-05-09 18:03:43,1,1,0,0.0,0,0.0,0,0,0,0.0,0.0,0,0,0.0,0.0,0
2026-05-09 18:03:43,1,1,0,0.0,0,0.0,0,0,0,0.0,0.0,0,0,0.0,0.0,0
2026-05-09 18:03:43,1,1,0,0.0,0,0.0,0,0,0,0.0,0.0,0,0,0.0,0.0,0
2026-05-09 18:03:43,1,1,0,0.0,0,0.0,0,0,0,0.0,0.0,0,0,0.0,0.0,0
2026-05-09 18:03:43,1,1,0,0.0,0,0.0,0,0,0,0.0,0.0,0,0,0.0,0.0,0
2026-05-09 18:03:43,1,1,0,0.0,0,0.0,0,0,0,0.0,0.0,0,0,0.0,0.0,0
2026-05-09 18:03:43,1,1,0,0.0,0,0.0,0,0,0,0.0,0.0,0,0,0.0,0.0,0
2026-05-09 18:03:43,1,1,0,0.0,0,0.0,0,0,0,0.0,0.0,0,0,0.0,0.0,0
2026-05-09 18:03:44,1,1,0,0.0,0,0.0,0,0,0,0.0,0.0,0,0,0.0,0.0,0
2026-05-09 18:03:44,1,1,0,0.0,0,0.0,0,0,0,0.0,0.0,0,0,0.0,0.0,0
2026-05-09 18:03:44,1,1,0,0.0,0,0.0,0,0,0,0.0,0.0,0,0,0.0,0.0,0
2026-05-09 18:03:44,1,1,0,0.0,0,0.0,0,0,0,0.0,0.0,0,0,0.0,0.0,0
2026-05-09 18:03:44,1,1,0,0.0,0,0.0,0,0,0,0.0,0.0,0,0,0.0,0.0,0
2026-05-09 18:03:44,1,1,0,0.0,0,0.0,0,0,0,0.0,0.0,0,0,0.0,0.0,0
2026-05-09 18:03:44,1,1,0,0.0,0,0.0,0,0,0,0.0,0.0,0,0,0.0,0.0,0
2026-05-09 18:03:44,1,1,0,0.0,0,0.0,0,0,0,0.0,0.0,0,0,0.0,0.0,0
2026-05-09 18:03:44,1,1,0,0.0,0,0.0,0,0,0,0.0,0.0,0,0,0.0,0.0,0
2026-05-09 18:03:44,1,1,0,0.0,0,0.0,0,0,0,0.0,0.0,0,0,0.0,0.0,0
2026-05-09 18:03:44,1,1,0,0.0,0,0.0,0,0,0,0.0,0.0,0,0,0.0,0.0,0
2026-05-09 18:03:44,1,1,0,0.0,0,0.0,0,0,0,0.0,0.0,0,0,0.0,0.0,0
2026-05-09 18:03:44,1,1,0,0.0,0,0.0,0,0,0,0.0,0.0,0,0,0.0,0.0,0
2026-05-09 18:03:44,1,1,0,0.0,0,0.0,0,0,0,0.0,0.0,0,0,0.0,0.0,0
2026-05-09 18:03:44,1,1,0,0.0,0,0.0,0,0,0,0.0,0.0,0,0,0.0,0.0,0
2026-05-09 18:03:44,1,1,0,0.0,0,0.0,0,0,0,0.0,0.0,0,0,0.0,0.0,0
2026-05-09 18:03:44,1,1,0,0.0,0,0.0,0,0,0,0.0,0.0,0,0,0.0,0.0,0
2026-05-09 18:03:44,1,1,0,0.0,0,0.0,0,0,0,0.0,0.0,0,0,0.0,0.0,0
2026-05-09 18:03:44,1,1,0,0.0,0,0.0,0,0,0,0.0,0.0,0,0,0.0,0.0,0
2026-05-09 18:03:44,1,1,0,0.0,0,0.0,0,0,0,0.0,0.0,0,0,0.0,0.0,0
2026-05-09 18:03:45,1,1,0,0.0,0,0.0,0,0,0,0.0,0.0,0,0,0.0,0.0,0
2026-05-09 18:03:45,1,1,0,0.0,0,0.0,0,0,0,0.0,0.0,0,0,0.0,0.0,0
2026-05-09 18:03:45,1,1,0,0.0,0,0.0,0,0,0,0.0,0.0,0,0,0.0,0.0,0
2026-05-09 18:03:45,1,1,0,0.0,0,0.0,0,0,0,0.0,0.0,0,0,0.0,0.0,0
2026-05-09 18:03:45,1,1,0,0.0,0,0.0,0,0,0,0.0,0.0,0,0,0.0,0.0,0
2026-05-09 18:03:45,1,1,0,0.0,0,0.0,0,0,0,0.0,0.0,0,0,0.0,0.0,0
2026-05-09 18:03:45,1,1,0,0.0,0,0.0,0,0,0,0.0,0.0,0,0,0.0,0.0,0
2026-05-09 18:03:45,1,1,0,0.0,0,0.0,0,0,0,0.0,0.0,0,0,0.0,0.0,0
2026-05-09 18:03:45,1,1,0,0.0,0,0.0,0,0,0,0.0,0.0,0,0,0.0,0.0,0
2026-05-09 18:03:45,1,1,0,0.0,0,0.0,0,0,0,0.0,0.0,0,0,0.0,0.0,0
2026-05-09 18:03:45,1,1,0,0.0,0,0.0,0,0,0,0.0,0.0,0,0,0.0,0.0,0
2026-05-09 18:03:45,1,1,0,0.0,0,0.0,0,0,0,0.0,0.0,0,0,0.0,0.0,0
2026-05-09 18:03:45,1,1,0,0.0,0,0.0,0,0,0,0.0,0.0,0,0,0.0,0.0,0
2026-05-09 18:03:45,1,1,0,0.0,0,0.0,0,0,0,0.0,0.0,0,0,0.0,0.0,0
2026-05-09 18:03:45,1,1,0,0.0,0,0.0,0,0,0,0.0,0.0,0,0,0.0,0.0,0
2026-05-09 18:03:45,1,1,0,0.0,0,0.0,0,0,0,0.0,0.0,0,0,0.0,0.0,0
2026-05-09 18:03:45,1,1,0,0.0,0,0.0,0,0,0,0.0,0.0,0,0,0.0,0.0,0
2026-05-09 18:03:45,1,1,0,0.0,0,0.0,0,0,0,0.0,0.0,0,0,0.0,0.0,0
2026-05-09 18:03:45,1,1,0,0.0,0,0.0,0,0,0,0.0,0.0,0,0,0.0,0.0,0
2026-05-09 18:03:45,1,1,0,0.0,0,0.0,0,0,0,0.0,0.0,0,0,0.0,0.0,0
2026-05-09 18:03:46,1,1,0,0.0,0,0.0,0,0,0,0.0,0.0,0,0,0.0,0.0,0
2026-05-09 18:03:46,1,1,0,0.0,0,0.0,0,0,0,0.0,0.0,0,0,0.0,0.0,0
2026-05-09 18:03:46,1,1,0,0.0,0,0.0,0,0,0,0.0,0.0,0,0,0.0,0.0,0
2026-05-09 18:03:46,1,1,0,0.0,0,0.0,0,0,0,0.0,0.0,0,0,0.0,0.0,0
2026-05-09 18:03:46,1,1,0,0.0,0,0.0,0,0,0,0.0,0.0,0,0,0.0,0.0,0
2026-05-09 18:03:46,1,1,0,0.0,0,0.0,0,0,0,0.0,0.0,0,0,0.0,0.0,0
2026-05-09 18:03:46,1,1,0,0.0,0,0.0,0,0,0,0.0,0.0,0,0,0.0,0.0,0
2026-05-09 18:03:46,1,1,0,0.0,0,0.0,0,0,0,0.0,0.0,0,0,0.0,0.0,0
2026-05-09 18:03:46,1,1,0,0.0,0,0.0,0,0,0,0.0,0.0,0,0,0.0,0.0,0
2026-05-09 18:03:46,1,1,0,0.0,0,0.0,0,0,0,0.0,0.0,0,0,0.0,0.0,0
2026-05-09 18:03:46,1,1,0,0.0,0,0.0,0,0,0,0.0,0.0,0,0,0.0,0.0,0
2026-05-09 18:03:46,1,1,0,0.0,0,0.0,0,0,0,0.0,0.0,0,0,0.0,0.0,0
2026-05-09 18:03:46,1,1,0,0.0,0,0.0,0,0,0,0.0,0.0,0,0,0.0,0.0,0
2026-05-09 18:03:46,1,1,0,0.0,0,0.0,0,0,0,0.0,0.0,0,0,0.0,0.0,0
2026-05-09 18:03:46,1,1,0,0.0,0,0.0,0,0,0,0.0,0.0,0,0,0.0,0.0,0
2026-05-09 18:03:46,1,1,0,0.0,0,0.0,0,0,0,0.0,0.0,0,0,0.0,0.0,0
2026-05-09 18:03:46,1,1,0,0.0,0,0.0,0,0,0,0.0,0.0,0,0,0.0,0.0,0
2026-05-09 18:03:46,1,1,0,0.0,0,0.0,0,0,0,0.0,0.0,0,0,0.0,0.0,0
2026-05-09 18:03:46,1,1,0,0.0,0,0.0,0,0,0,0.0,0.0,0,0,0.0,0.0,0
2026-05-09 18:03:46,1,1,0,0.0,0,0.0,0,0,0,0.0,0.0,0,0,0.0,0.0,0
2026-05-09 18:03:47,1,1,0,0.0,0,0.0,0,0,0,0.0,0.0,0,0,0.0,0.0,0
2026-05-09 18:03:47,1,1,0,0.0,0,0.0,0,0,0,0.0,0.0,0,0,0.0,0.0,0
2026-05-09 18:03:47,1,1,0,0.0,0,0.0,0,0,0,0.0,0.0,0,0,0.0,0.0,0
2026-05-09 18:03:47,1,1,0,0.0,0,0.0,0,0,0,0.0,0.0,0,0,0.0,0.0,0
2026-05-09 18:03:47,1,1,0,0.0,0,0.0,0,0,0,0.0,0.0,0,0,0.0,0.0,0
2026-05-09 18:03:47,1,1,0,0.0,0,0.0,0,0,0,0.0,0.0,0,0,0.0,0.0,0
2026-05-09 18:03:47,1,1,0,0.0,0,0.0,0,0,0,0.0,0.0,0,0,0.0,0.0,0
2026-05-09 18:03:47,1,1,0,0.0,0,0.0,0,0,0,0.0,0.0,0,0,0.0,0.0,0
2026-05-09 18:03:47,1,1,0,0.0,0,0.0,0,0,0,0.0,0.0,0,0,0.0,0.0,0
2026-05-09 18:03:47,1,1,0,0.0,0,0.0,0,0,0,0.0,0.0,0,0,0.0,0.0,0
2026-05-09 18:03:47,1,1,0,0.0,0,0.0,0,0,0,0.0,0.0,0,0,0.0,0.0,0
2026-05-09 18:03:47,1,1,0,0.0,0,0.0,0,0,0,0.0,0.0,0,0,0.0,0.0,0
2026-05-09 18:03:47,1,1,0,0.0,0,0.0,0,0,0,0.0,0.0,0,0,0.0,0.0,0
2026-05-09 18:03:47,1,1,0,0.0,0,0.0,0,0,0,0.0,0.0,0,0,0.0,0.0,0
2026-05-09 18:03:47,1,1,0,0.0,0,0.0,0,0,0,0.0,0.0,0,0,0.0,0.0,0
2026-05-09 18:03:47,1,1,0,0.0,0,0.0,0,0,0,0.0,0.0,0,0,0.0,0.0,0
2026-05-09 18:03:47,1,1,0,0.0,0,0.0,0,0,0,0.0,0.0,0,0,0.0,0.0,0
2026-05-09 18:03:47,1,1,0,0.0,0,0.0,0,0,0,0.0,0.0,0,0,0.0,0.0,0
2026-05-09 18:03:47,1,1,0,0.0,0,0.0,0,0,0,0.0,0.0,0,0,0.0,0.0,0
2026-05-09 18:03:47,1,1,0,0.0,0,0.0,0,0,0,0.0,0.0,0,0,0.0,0.0,0
2026-05-09 18:03:48,1,1,0,0.0,0,0.0,0,0,0,0.0,0.0,0,0,0.0,0.0,0
2026-05-09 18:03:48,1,1,0,0.0,0,0.0,0,0,0,0.0,0.0,0,0,0.0,0.0,0
2026-05-09 18:03:48,1,1,0,0.0,0,0.0,0,0,0,0.0,0.0,0,0,0.0,0.0,0
2026-05-09 18:03:48,1,1,0,0.0,0,0.0,0,0,0,0.0,0.0,0,0,0.0,0.0,0
2026-05-09 18:03:48,1,1,0,0.0,0,0.0,0,0,0,0.0,0.0,0,0,0.0,0.0,0
2026-05-09 18:03:48,1,1,0,0.0,0,0.0,0,0,0,0.0,0.0,0,0,0.0,0.0,0
2026-05-09 18:03:48,1,1,0,0.0,0,0.0,0,0,0,0.0,0.0,0,0,0.0,0.0,0
2026-05-09 18:03:48,1,1,0,0.0,0,0.0,0,0,0,0.0,0.0,0,0,0.0,0.0,0
2026-05-09 18:03:48,1,1,0,0.0,0,0.0,0,0,0,0.0,0.0,0,0,0.0,0.0,0
2026-05-09 18:03:48,1,1,0,0.0,0,0.0,0,0,0,0.0,0.0,0,0,0.0,0.0,0
2026-05-09 18:03:48,1,1,0,0.0,0,0.0,0,0,0,0.0,0.0,0,0,0.0,0.0,0
2026-05-09 18:03:48,1,1,0,0.0,0,0.0,0,0,0,0.0,0.0,0,0,0.0,0.0,0
2026-05-09 18:03:48,1,1,0,0.0,0,0.0,0,0,0,0.0,0.0,0,0,0.0,0.0,0
2026-05-09 18:03:48,1,1,0,0.0,0,0.0,0,0,0,0.0,0.0,0,0,0.0,0.0,0
2026-05-09 18:03:48,1,1,0,0.0,0,0.0,0,0,0,0.0,0.0,0,0,0.0,0.0,0
2026-05-09 18:03:48,1,1,0,0.0,0,0.0,0,0,0,0.0,0.0,0,0,0.0,0.0,0
2026-05-09 18:03:48,1,1,0,0.0,0,0.0,0,0,0,0.0,0.0,0,0,0.0,0.0,0
2026-05-09 18:03:48,1,1,0,0.0,0,0.0,0,0,0,0.0,0.0,0,0,0.0,0.0,0
2026-05-09 18:03:48,1,1,0,0.0,0,0.0,0,0,0,0.0,0.0,0,0,0.0,0.0,0
2026-05-09 18:03:48,1,1,0,0.0,0,0.0,0,0,0,0.0,0.0,0,0,0.0,0.0,0
2026-05-09 18:03:49,1,1,0,0.0,0,0.0,0,0,0,0.0,0.0,0,0,0.0,0.0,0
2026-05-09 18:03:49,1,1,0,0.0,0,0.0,0,0,0,0.0,0.0,0,0,0.0,0.0,0
2026-05-09 18:03:49,1,1,0,0.0,0,0.0,0,0,0,0.0,0.0,0,0,0.0,0.0,0
2026-05-09 18:03:49,1,1,0,0.0,0,0.0,0,0,0,0.0,0.0,0,0,0.0,0.0,0
2026-05-09 18:03:49,1,1,0,0.0,0,0.0,0,0,0,0.0,0.0,0,0,0.0,0.0,0
2026-05-09 18:03:49,1,1,0,0.0,0,0.0,0,0,0,0.0,0.0,0,0,0.0,0.0,0
2026-05-09 18:03:49,1,1,0,0.0,0,0.0,0,0,0,0.0,0.0,0,0,0.0,0.0,0
2026-05-09 18:03:49,1,1,0,0.0,0,0.0,0,0,0,0.0,0.0,0,0,0.0,0.0,0
2026-05-09 18:03:49,1,1,0,0.0,0,0.0,0,0,0,0.0,0.0,0,0,0.0,0.0,0
2026-05-09 18:03:49,1,1,0,0.0,0,0.0,0,0,0,0.0,0.0,0,0,0.0,0.0,0
2026-05-09 18:03:49,1,1,0,0.0,0,0.0,0,0,0,0.0,0.0,0,0,0.0,0.0,0
2026-05-09 18:03:49,1,1,0,0.0,0,0.0,0,0,0,0.0,0.0,0,0,0.0,0.0,0
2026-05-09 18:03:49,1,1,0,0.0,0,0.0,0,0,0,0.0,0.0,0,0,0.0,0.0,0
2026-05-09 18:03:49,1,1,0,0.0,0,0.0,0,0,0,0.0,0.0,0,0,0.0,0.0,0
2026-05-09 18:03:49,1,1,0,0.0,0,0.0,0,0,0,0.0,0.0,0,0,0.0,0.0,0
2026-05-09 18:03:49,1,1,0,0.0,0,0.0,0,0,0,0.0,0.0,0,0,0.0,0.0,0
2026-05-09 18:03:49,1,1,0,0.0,0,0.0,0,0,0,0.0,0.0,0,0,0.0,0.0,0
2026-05-09 18:03:49,1,1,0,0.0,0,0.0,0,0,0,0.0,0.0,0,0,0.0,0.0,0
2026-05-09 18:03:49,1,1,0,0.0,0,0.0,0,0,0,0.0,0.0,0,0,0.0,0.0,0
2026-05-09 18:03:49,1,1,0,0.0,0,0.0,0,0,0,0.0,0.0,0,0,0.0,0.0,0
2026-05-09 18:03:50,1,1,0,0.0,0,0.0,0,0,0,0.0,0.0,0,0,0.0,0.0,0
2026-05-09 18:03:50,1,1,0,0.0,0,0.0,0,0,0,0.0,0.0,0,0,0.0,0.0,0
2026-05-09 18:03:50,1,1,0,0.0,0,0.0,0,0,0,0.0,0.0,0,0,0.0,0.0,0
2026-05-09 18:03:50,1,1,0,0.0,0,0.0,0,0,0,0.0,0.0,0,0,0.0,0.0,0
2026-05-09 18:03:50,1,1,0,0.0,0,0.0,0,0,0,0.0,0.0,0,0,0.0,0.0,0
2026-05-09 18:03:50,1,1,0,0.0,0,0.0,0,0,0,0.0,0.0,0,0,0.0,0.0,0
2026-05-09 18:03:50,1,1,0,0.0,0,0.0,0,0,0,0.0,0.0,0,0,0.0,0.0,0
2026-05-09 18:03:50,1,1,0,0.0,0,0.0,0,0,0,0.0,0.0,0,0,0.0,0.0,0
2026-05-09 18:03:50,1,1,0,0.0,0,0.0,0,0,0,0.0,0.0,0,0,0.0,0.0,0
2026-05-09 18:03:50,1,1,0,0.0,0,0.0,0,0,0,0.0,0.0,0,0,0.0,0.0,0
2026-05-09 18:03:50,1,1,0,0.0,0,0.0,0,0,0,0.0,0.0,0,0,0.0,0.0,0
2026-05-09 18:03:50,1,1,0,0.0,0,0.0,0,0,0,0.0,0.0,0,0,0.0,0.0,0
2026-05-09 18:03:50,1,1,0,0.0,0,0.0,0,0,0,0.0,0.0,0,0,0.0,0.0,0
2026-05-09 18:03:50,1,1,0,0.0,0,0.0,0,0,0,0.0,0.0,0,0,0.0,0.0,0
2026-05-09 18:03:50,1,1,0,0.0,0,0.0,0,0,0,0.0,0.0,0,0,0.0,0.0,0
2026-05-09 18:03:50,1,1,0,0.0,0,0.0,0,0,0,0.0,0.0,0,0,0.0,0.0,0
2026-05-09 18:03:50,1,1,0,0.0,0,0.0,0,0,0,0.0,0.0,0,0,0.0,0.0,0
2026-05-09 18:03:50,1,1,0,0.0,0,0.0,0,0,0,0.0,0.0,0,0,0.0,0.0,0
2026-05-09 18:03:50,1,1,0,0.0,0,0.0,0,0,0,0.0,0.0,0,0,0.0,0.0,0
2026-05-09 18:03:50,1,1,0,0.0,0,0.0,0,0,0,0.0,0.0,0,0,0.0,0.0,0
2026-05-09 18:03:51,1,1,0,0.0,0,0.0,0,0,0,0.0,0.0,0,0,0.0,0.0,0
2026-05-09 18:03:51,1,1,0,0.0,0,0.0,0,0,0,0.0,0.0,0,0,0.0,0.0,0
2026-05-09 18:03:51,1,1,0,0.0,0,0.0,0,0,0,0.0,0.0,0,0,0.0,0.0,0
2026-05-09 18:03:51,1,1,0,0.0,0,0.0,0,0,0,0.0,0.0,0,0,0.0,0.0,0
2026-05-09 18:03:51,1,1,0,0.0,0,0.0,0,0,0,0.0,0.0,0,0,0.0,0.0,0
2026-05-09 18:03:51,1,1,0,0.0,0,0.0,0,0,0,0.0,0.0,0,0,0.0,0.0,0
2026-05-09 18:03:51,1,1,0,0.0,0,0.0,0,0,0,0.0,0.0,0,0,0.0,0.0,0
2026-05-09 18:03:51,1,1,0,0.0,0,0.0,0,0,0,0.0,0.0,0,0,0.0,0.0,0
2026-05-09 18:03:51,1,1,0,0.0,0,0.0,0,0,0,0.0,0.0,0,0,0.0,0.0,0
2026-05-09 18:03:51,1,1,0,0.0,0,0.0,0,0,0,0.0,0.0,0,0,0.0,0.0,0
2026-05-09 18:03:51,1,1,0,0.0,0,0.0,0,0,0,0.0,0.0,0,0,0.0,0.0,0
2026-05-09 18:03:51,1,1,0,0.0,0,0.0,0,0,0,0.0,0.0,0,0,0.0,0.0,0
2026-05-09 18:03:51,1,1,0,0.0,0,0.0,0,0,0,0.0,0.0,0,0,0.0,0.0,0
2026-05-09 18:03:51,1,1,0,0.0,0,0.0,0,0,0,0.0,0.0,0,0,0.0,0.0,0
2026-05-09 18:03:51,1,1,0,0.0,0,0.0,0,0,0,0.0,0.0,0,0,0.0,0.0,0
2026-05-09 18:03:51,1,1,0,0.0,0,0.0,0,0,0,0.0,0.0,0,0,0.0,0.0,0
2026-05-09 18:03:51,1,1,0,0.0,0,0.0,0,0,0,0.0,0.0,0,0,0.0,0.0,0
2026-05-09 18:03:51,1,1,0,0.0,0,0.0,0,0,0,0.0,0.0,0,0,0.0,0.0,0
2026-05-09 18:03:51,1,1,0,0.0,0,0.0,0,0,0,0.0,0.0,0,0,0.0,0.0,0
2026-05-09 18:03:51,1,1,0,0.0,0,0.0,0,0,0,0.0,0.0,0,0,0.0,0.0,0
2026-05-09 18:03:52,1,1,0,0.0,0,0.0,0,0,0,0.0,0.0,0,0,0.0,0.0,0
2026-05-09 18:03:52,1,1,0,0.0,0,0.0,0,0,0,0.0,0.0,0,0,0.0,0.0,0
2026-05-09 18:03:52,1,1,0,0.0,0,0.0,0,0,0,0.0,0.0,0,0,0.0,0.0,0
2026-05-09 18:03:52,1,1,0,0.0,0,0.0,0,0,0,0.0,0.0,0,0,0.0,0.0,0
2026-05-09 18:03:52,1,1,0,0.0,0,0.0,0,0,0,0.0,0.0,0,0,0.0,0.0,0
2026-05-09 18:03:52,1,1,0,0.0,0,0.0,0,0,0,0.0,0.0,0,0,0.0,0.0,0
2026-05-09 18:03:52,1,1,0,0.0,0,0.0,0,0,0,0.0,0.0,0,0,0.0,0.0,0
2026-05-09 18:03:52,1,1,0,0.0,0,0.0,0,0,0,0.0,0.0,0,0,0.0,0.0,0
2026-05-09 18:03:52,1,1,0,0.0,0,0.0,0,0,0,0.0,0.0,0,0,0.0,0.0,0
2026-05-09 18:03:52,1,1,0,0.0,0,0.0,0,0,0,0.0,0.0,0,0,0.0,0.0,0
2026-05-09 18:03:52,1,1,0,0.0,0,0.0,0,0,0,0.0,0.0,0,0,0.0,0.0,0
2026-05-09 18:03:52,1,1,0,0.0,0,0.0,0,0,0,0.0,0.0,0,0,0.0,0.0,0
2026-05-09 18:03:52,1,1,0,0.0,0,0.0,0,0,0,0.0,0.0,0,0,0.0,0.0,0
2026-05-09 18:03:52,1,1,0,0.0,0,0.0,0,0,0,0.0,0.0,0,0,0.0,0.0,0
2026-05-09 18:03:52,1,1,0,0.0,0,0.0,0,0,0,0.0,0.0,0,0,0.0,0.0,0
2026-05-09 18:03:52,1,1,0,0.0,0,0.0,0,0,0,0.0,0.0,0,0,0.0,0.0,0
2026-05-09 18:03:52,1,1,0,0.0,0,0.0,0,0,0,0.0,0.0,0,0,0.0,0.0,0
2026-05-09 18:03:52,1,1,0,0.0,0,0.0,0,0,0,0.0,0.0,0,0,0.0,0.0,0
2026-05-09 18:03:52,1,1,0,0.0,0,0.0,0,0,0,0.0,0.0,0,0,0.0,0.0,0
2026-05-09 18:03:52,1,1,0,0.0,0,0.0,0,0,0,0.0,0.0,0,0,0.0,0.0,0
2026-05-09 18:03:53,1,1,0,0.0,0,0.0,0,0,0,0.0,0.0,0,0,0.0,0.0,0
2026-05-09 18:03:53,1,1,0,0.0,0,0.0,0,0,0,0.0,0.0,0,0,0.0,0.0,0
2026-05-09 18:03:53,1,1,0,0.0,0,0.0,0,0,0,0.0,0.0,0,0,0.0,0.0,0
2026-05-09 18:03:53,1,1,0,0.0,0,0.0,0,0,0,0.0,0.0,0,0,0.0,0.0,0
2026-05-09 18:03:53,1,1,0,0.0,0,0.0,0,0,0,0.0,0.0,0,0,0.0,0.0,0
2026-05-09 18:03:53,1,1,0,0.0,0,0.0,0,0,0,0.0,0.0,0,0,0.0,0.0,0
2026-05-09 18:03:53,1,1,0,0.0,0,0.0,0,0,0,0.0,0.0,0,0,0.0,0.0,0
2026-05-09 18:03:53,1,1,0,0.0,0,0.0,0,0,0,0.0,0.0,0,0,0.0,0.0,0
2026-05-09 18:03:53,1,1,0,0.0,0,0.0,0,0,0,0.0,0.0,0,0,0.0,0.0,0
2026-05-09 18:03:53,1,1,0,0.0,0,0.0,0,0,0,0.0,0.0,0,0,0.0,0.0,0
2026-05-09 18:03:53,1,1,0,0.0,0,0.0,0,0,0,0.0,0.0,0,0,0.0,0.0,0
2026-05-09 18:03:53,1,1,0,0.0,0,0.0,0,0,0,0.0,0.0,0,0,0.0,0.0,0
2026-05-09 18:03:53,1,1,0,0.0,0,0.0,0,0,0,0.0,0.0,0,0,0.0,0.0,0
2026-05-09 18:03:53,1,1,0,0.0,0,0.0,0,0,0,0.0,0.0,0,0,0.0,0.0,0
2026-05-09 18:03:53,1,1,0,0.0,0,0.0,0,0,0,0.0,0.0,0,0,0.0,0.0,0
2026-05-09 18:03:53,1,1,0,0.0,0,0.0,0,0,0,0.0,0.0,0,0,0.0,0.0,0
2026-05-09 18:03:53,1,1,0,0.0,0,0.0,0,0,0,0.0,0.0,0,0,0.0,0.0,0
2026-05-09 18:03:53,1,1,0,0.0,0,0.0,0,0,0,0.0,0.0,0,0,0.0,0.0,0
2026-05-09 18:03:53,1,1,0,0.0,0,0.0,0,0,0,0.0,0.0,0,0,0.0,0.0,0
2026-05-09 18:03:53,1,1,0,0.0,0,0.0,0,0,0,0.0,0.0,0,0,0.0,0.0,0
2026-05-09 18:03:54,1,1,0,0.0,0,0.0,0,0,0,0.0,0.0,0,0,0.0,0.0,0
2026-05-09 18:03:54,1,1,0,0.0,0,0.0,0,0,0,0.0,0.0,0,0,0.0,0.0,0
2026-05-09 18:03:54,1,1,0,0.0,0,0.0,0,0,0,0.0,0.0,0,0,0.0,0.0,0
2026-05-09 18:03:54,1,1,0,0.0,0,0.0,0,0,0,0.0,0.0,0,0,0.0,0.0,0
2026-05-09 18:03:54,1,1,0,0.0,0,0.0,0,0,0,0.0,0.0,0,0,0.0,0.0,0
2026-05-09 18:03:54,1,1,0,0.0,0,0.0,0,0,0,0.0,0.0,0,0,0.0,0.0,0
2026-05-09 18:03:54,1,1,0,0.0,0,0.0,0,0,0,0.0,0.0,0,0,0.0,0.0,0
2026-05-09 18:03:54,1,1,0,0.0,0,0.0,0,0,0,0.0,0.0,0,0,0.0,0.0,0
2026-05-09 18:03:54,1,1,0,0.0,0,0.0,0,0,0,0.0,0.0,0,0,0.0,0.0,0
2026-05-09 18:03:54,1,1,0,0.0,0,0.0,0,0,0,0.0,0.0,0,0,0.0,0.0,0
2026-05-09 18:03:54,1,1,0,0.0,0,0.0,0,0,0,0.0,0.0,0,0,0.0,0.0,0
2026-05-09 18:03:54,1,1,0,0.0,0,0.0,0,0,0,0.0,0.0,0,0,0.0,0.0,0
2026-05-09 18:03:54,1,1,0,0.0,0,0.0,0,0,0,0.0,0.0,0,0,0.0,0.0,0
2026-05-09 18:03:54,1,1,0,0.0,0,0.0,0,0,0,0.0,0.0,0,0,0.0,0.0,0
2026-05-09 18:03:54,1,1,0,0.0,0,0.0,0,0,0,0.0,0.0,0,0,0.0,0.0,0
2026-05-09 18:03:54,1,1,0,0.0,0,0.0,0,0,0,0.0,0.0,0,0,0.0,0.0,0
2026-05-09 18:03:54,1,1,0,0.0,0,0.0,0,0,0,0.0,0.0,0,0,0.0,0.0,0
2026-05-09 18:03:54,1,1,0,0.0,0,0.0,0,0,0,0.0,0.0,0,0,0.0,0.0,0
2026-05-09 18:03:54,1,1,0,0.0,0,0.0,0,0,0,0.0,0.0,0,0,0.0,0.0,0
2026-05-09 18:03:54,1,1,0,0.0,0,0.0,0,0,0,0.0,0.0,0,0,0.0,0.0,0
2026-05-09 18:03:55,1,1,0,0.0,0,0.0,0,0,0,0.0,0.0,0,0,0.0,0.0,0
2026-05-09 18:03:55,1,1,0,0.0,0,0.0,0,0,0,0.0,0.0,0,0,0.0,0.0,0
2026-05-09 18:03:55,1,1,0,0.0,0,0.0,0,0,0,0.0,0.0,0,0,0.0,0.0,0
2026-05-09 18:03:55,1,1,0,0.0,0,0.0,0,0,0,0.0,0.0,0,0,0.0,0.0,0
2026-05-09 18:03:55,1,1,0,0.0,0,0.0,0,0,0,0.0,0.0,0,0,0.0,0.0,0
2026-05-09 18:03:55,1,1,0,0.0,0,0.0,0,0,0,0.0,0.0,0,0,0.0,0.0,0
2026-05-09 18:03:55,1,1,0,0.0,0,0.0,0,0,0,0.0,0.0,0,0,0.0,0.0,0
2026-05-09 18:03:55,1,1,0,0.0,0,0.0,0,0,0,0.0,0.0,0,0,0.0,0.0,0
2026-05-09 18:03:55,1,1,0,0.0,0,0.0,0,0,0,0.0,0.0,0,0,0.0,0.0,0
2026-05-09 18:03:55,1,1,0,0.0,0,0.0,0,0,0,0.0,0.0,0,0,0.0,0.0,0
2026-05-09 18:03:55,1,1,0,0.0,0,0.0,0,0,0,0.0,0.0,0,0,0.0,0.0,0
2026-05-09 18:03:55,1,1,0,0.0,0,0.0,0,0,0,0.0,0.0,0,0,0.0,0.0,0
2026-05-09 18:03:55,1,1,0,0.0,0,0.0,0,0,0,0.0,0.0,0,0,0.0,0.0,0
2026-05-09 18:03:55,1,1,0,0.0,0,0.0,0,0,0,0.0,0.0,0,0,0.0,0.0,0
2026-05-09 18:03:55,1,1,0,0.0,0,0.0,0,0,0,0.0,0.0,0,0,0.0,0.0,0
2026-05-09 18:03:55,1,1,0,0.0,0,0.0,0,0,0,0.0,0.0,0,0,0.0,0.0,0
2026-05-09 18:03:55,1,1,0,0.0,0,0.0,0,0,0,0.0,0.0,0,0,0.0,0.0,0
2026-05-09 18:03:55,1,1,0,0.0,0,0.0,0,0,0,0.0,0.0,0,0,0.0,0.0,0
2026-05-09 18:03:55,1,1,0,0.0,0,0.0,0,0,0,0.0,0.0,0,0,0.0,0.0,0
2026-05-09 18:03:55,1,1,0,0.0,0,0.0,0,0,0,0.0,0.0,0,0,0.0,0.0,0
2026-05-09 18:03:56,1,1,0,0.0,0,0.0,0,0,0,0.0,0.0,0,0,0.0,0.0,0
2026-05-09 18:03:56,1,1,0,0.0,0,0.0,0,0,0,0.0,0.0,0,0,0.0,0.0,0
2026-05-09 18:03:56,1,1,0,0.0,0,0.0,0,0,0,0.0,0.0,0,0,0.0,0.0,0
2026-05-09 18:03:56,1,1,0,0.0,0,0.0,0,0,0,0.0,0.0,0,0,0.0,0.0,0
2026-05-09 18:03:56,1,1,0,0.0,0,0.0,0,0,0,0.0,0.0,0,0,0.0,0.0,0
2026-05-09 18:03:56,1,1,0,0.0,0,0.0,0,0,0,0.0,0.0,0,0,0.0,0.0,0
2026-05-09 18:03:56,1,1,0,0.0,0,0.0,0,0,0,0.0,0.0,0,0,0.0,0.0,0
2026-05-09 18:03:56,1,1,0,0.0,0,0.0,0,0,0,0.0,0.0,0,0,0.0,0.0,0
2026-05-09 18:03:56,1,1,0,0.0,0,0.0,0,0,0,0.0,0.0,0,0,0.0,0.0,0
2026-05-09 18:03:56,1,1,0,0.0,0,0.0,0,0,0,0.0,0.0,0,0,0.0,0.0,0
2026-05-09 18:03:56,1,1,0,0.0,0,0.0,0,0,0,0.0,0.0,0,0,0.0,0.0,0
2026-05-09 18:03:56,1,1,0,0.0,0,0.0,0,0,0,0.0,0.0,0,0,0.0,0.0,0
2026-05-09 18:03:56,1,1,0,0.0,0,0.0,0,0,0,0.0,0.0,0,0,0.0,0.0,0
2026-05-09 18:03:56,1,1,0,0.0,0,0.0,0,0,0,0.0,0.0,0,0,0.0,0.0,0
2026-05-09 18:03:56,1,1,0,0.0,0,0.0,0,0,0,0.0,0.0,0,0,0.0,0.0,0
2026-05-09 18:03:56,1,1,0,0.0,0,0.0,0,0,0,0.0,0.0,0,0,0.0,0.0,0
2026-05-09 18:03:56,1,1,0,0.0,0,0.0,0,0,0,0.0,0.0,0,0,0.0,0.0,0
2026-05-09 18:03:56,1,1,0,0.0,0,0.0,0,0,0,0.0,0.0,0,0,0.0,0.0,0
2026-05-09 18:03:56,1,1,0,0.0,0,0.0,0,0,0,0.0,0.0,0,0,0.0,0.0,0
2026-05-09 18:03:56,1,1,0,0.0,0,0.0,0,0,0,0.0,0.0,0,0,0.0,0.0,0
2026-05-09 18:03:57,1,1,0,0.0,0,0.0,0,0,0,0.0,0.0,0,0,0.0,0.0,0
2026-05-09 18:03:57,1,1,0,0.0,0,0.0,0,0,0,0.0,0.0,0,0,0.0,0.0,0
2026-05-09 18:03:57,1,1,0,0.0,0,0.0,0,0,0,0.0,0.0,0,0,0.0,0.0,0
2026-05-09 18:03:57,1,1,0,0.0,0,0.0,0,0,0,0.0,0.0,0,0,0.0,0.0,0
2026-05-09 18:03:57,1,1,0,0.0,0,0.0,0,0,0,0.0,0.0,0,0,0.0,0.0,0
2026-05-09 18:03:57,1,1,0,0.0,0,0.0,0,0,0,0.0,0.0,0,0,0.0,0.0,0
2026-05-09 18:03:57,1,1,0,0.0,0,0.0,0,0,0,0.0,0.0,0,0,0.0,0.0,0
2026-05-09 18:03:57,1,1,0,0.0,0,0.0,0,0,0,0.0,0.0,0,0,0.0,0.0,0
2026-05-09 18:03:57,1,1,0,0.0,0,0.0,0,0,0,0.0,0.0,0,0,0.0,0.0,0
2026-05-09 18:03:57,1,1,0,0.0,0,0.0,0,0,0,0.0,0.0,0,0,0.0,0.0,0
2026-05-09 18:03:57,1,1,0,0.0,0,0.0,0,0,0,0.0,0.0,0,0,0.0,0.0,0
2026-05-09 18:03:57,1,1,0,0.0,0,0.0,0,0,0,0.0,0.0,0,0,0.0,0.0,0
2026-05-09 18:03:57,1,1,0,0.0,0,0.0,0,0,0,0.0,0.0,0,0,0.0,0.0,0
2026-05-09 18:03:57,1,1,0,0.0,0,0.0,0,0,0,0.0,0.0,0,0,0.0,0.0,0
2026-05-09 18:03:57,1,1,0,0.0,0,0.0,0,0,0,0.0,0.0,0,0,0.0,0.0,0
2026-05-09 18:03:57,1,1,0,0.0,0,0.0,0,0,0,0.0,0.0,0,0,0.0,0.0,0
2026-05-09 18:03:57,1,1,0,0.0,0,0.0,0,0,0,0.0,0.0,0,0,0.0,0.0,0
2026-05-09 18:03:57,1,1,0,0.0,0,0.0,0,0,0,0.0,0.0,0,0,0.0,0.0,0
2026-05-09 18:03:57,1,1,0,0.0,0,0.0,0,0,0,0.0,0.0,0,0,0.0,0.0,0
2026-05-09 18:03:57,1,1,0,0.0,0,0.0,0,0,0,0.0,0.0,0,0,0.0,0.0,0
2026-05-09 18:03:58,1,1,0,0.0,0,0.0,0,0,0,0.0,0.0,0,0,0.0,0.0,0
2026-05-09 18:03:58,1,1,0,0.0,0,0.0,0,0,0,0.0,0.0,0,0,0.0,0.0,0
2026-05-09 18:03:58,1,1,0,0.0,0,0.0,0,0,0,0.0,0.0,0,0,0.0,0.0,0
2026-05-09 18:03:58,1,1,0,0.0,0,0.0,0,0,0,0.0,0.0,0,0,0.0,0.0,0
2026-05-09 18:03:58,1,1,0,0.0,0,0.0,0,0,0,0.0,0.0,0,0,0.0,0.0,0
2026-05-09 18:03:58,1,1,0,0.0,0,0.0,0,0,0,0.0,0.0,0,0,0.0,0.0,0
2026-05-09 18:03:58,1,1,0,0.0,0,0.0,0,0,0,0.0,0.0,0,0,0.0,0.0,0
2026-05-09 18:03:58,1,1,0,0.0,0,0.0,0,0,0,0.0,0.0,0,0,0.0,0.0,0
2026-05-09 18:03:58,1,1,0,0.0,0,0.0,0,0,0,0.0,0.0,0,0,0.0,0.0,0
2026-05-09 18:03:58,1,1,0,0.0,0,0.0,0,0,0,0.0,0.0,0,0,0.0,0.0,0
2026-05-09 18:03:58,1,1,0,0.0,0,0.0,0,0,0,0.0,0.0,0,0,0.0,0.0,0
2026-05-09 18:03:58,1,1,0,0.0,0,0.0,0,0,0,0.0,0.0,0,0,0.0,0.0,0
2026-05-09 18:03:58,1,1,0,0.0,0,0.0,0,0,0,0.0,0.0,0,0,0.0,0.0,0
2026-05-09 18:03:58,1,1,0,0.0,0,0.0,0,0,0,0.0,0.0,0,0,0.0,0.0,0
2026-05-09 18:03:58,1,1,0,0.0,0,0.0,0,0,0,0.0,0.0,0,0,0.0,0.0,0
2026-05-09 18:03:58,1,1,0,0.0,0,0.0,0,0,0,0.0,0.0,0,0,0.0,0.0,0
2026-05-09 18:03:58,1,1,0,0.0,0,0.0,0,0,0,0.0,0.0,0,0,0.0,0.0,0
2026-05-09 18:03:58,1,1,0,0.0,0,0.0,0,0,0,0.0,0.0,0,0,0.0,0.0,0
2026-05-09 18:03:58,1,1,0,0.0,0,0.0,0,0,0,0.0,0.0,0,0,0.0,0.0,0
2026-05-09 18:03:58,1,1,0,0.0,0,0.0,0,0,0,0.0,0.0,0,0,0.0,0.0,0
2026-05-09 18:03:59,1,1,0,0.0,0,0.0,0,0,0,0.0,0.0,0,0,0.0,0.0,0
2026-05-09 18:03:59,1,1,0,0.0,0,0.0,0,0,0,0.0,0.0,0,0,0.0,0.0,0
2026-05-09 18:03:59,1,1,0,0.0,0,0.0,0,0,0,0.0,0.0,0,0,0.0,0.0,0
2026-05-09 18:03:59,1,1,0,0.0,0,0.0,0,0,0,0.0,0.0,0,0,0.0,0.0,0
2026-05-09 18:03:59,1,1,0,0.0,0,0.0,0,0,0,0.0,0.0,0,0,0.0,0.0,0
2026-05-09 18:03:59,1,1,0,0.0,0,0.0,0,0,0,0.0,0.0,0,0,0.0,0.0,0
2026-05-09 18:03:59,1,1,0,0.0,0,0.0,0,0,0,0.0,0.0,0,0,0.0,0.0,0
2026-05-09 18:03:59,1,1,0,0.0,0,0.0,0,0,0,0.0,0.0,0,0,0.0,0.0,0
2026-05-09 18:03:59,1,1,0,0.0,0,0.0,0,0,0,0.0,0.0,0,0,0.0,0.0,0
2026-05-09 18:03:59,1,1,0,0.0,0,0.0,0,0,0,0.0,0.0,0,0,0.0,0.0,0
2026-05-09 18:03:59,1,1,0,0.0,0,0.0,0,0,0,0.0,0.0,0,0,0.0,0.0,0
2026-05-09 18:03:59,1,1,0,0.0,0,0.0,0,0,0,0.0,0.0,0,0,0.0,0.0,0
2026-05-09 18:03:59,1,1,0,0.0,0,0.0,0,0,0,0.0,0.0,0,0,0.0,0.0,0
2026-05-09 18:03:59,1,1,0,0.0,0,0.0,0,0,0,0.0,0.0,0,0,0.0,0.0,0
2026-05-09 18:03:59,1,1,0,0.0,0,0.0,0,0,0,0.0,0.0,0,0,0.0,0.0,0
2026-05-09 18:03:59,1,1,0,0.0,0,0.0,0,0,0,0.0,0.0,0,0,0.0,0.0,0
2026-05-09 18:03:59,1,1,0,0.0,0,0.0,0,0,0,0.0,0.0,0,0,0.0,0.0,0
2026-05-09 18:03:59,1,1,0,0.0,0,0.0,0,0,0,0.0,0.0,0,0,0.0,0.0,0
2026-05-09 18:03:59,1,1,0,0.0,0,0.0,0,0,0,0.0,0.0,0,0,0.0,0.0,0
2026-05-09 18:03:59,1,1,0,0.0,0,0.0,0,0,0,0.0,0.0,0,0,0.0,0.0,0
2026-05-09 18:04:00,1,1,0,0.0,0,0.0,0,0,0,0.0,0.0,0,0,0.0,0.0,0
2026-05-09 18:04:00,1,1,0,0.0,0,0.0,0,0,0,0.0,0.0,0,0,0.0,0.0,0
2026-05-09 18:04:00,1,1,0,0.0,0,0.0,0,0,0,0.0,0.0,0,0,0.0,0.0,0
2026-05-09 18:04:00,1,1,0,0.0,0,0.0,0,0,0,0.0,0.0,0,0,0.0,0.0,0
2026-05-09 18:04:00,1,1,0,0.0,0,0.0,0,0,0,0.0,0.0,0,0,0.0,0.0,0
2026-05-09 18:04:00,1,1,0,0.0,0,0.0,0,0,0,0.0,0.0,0,0,0.0,0.0,0
2026-05-09 18:04:00,1,1,0,0.0,0,0.0,0,0,0,0.0,0.0,0,0,0.0,0.0,0
2026-05-09 18:04:00,1,1,0,0.0,0,0.0,0,0,0,0.0,0.0,0,0,0.0,0.0,0
2026-05-09 18:04:00,1,1,0,0.0,0,0.0,0,0,0,0.0,0.0,0,0,0.0,0.0,0
2026-05-09 18:04:00,1,1,0,0.0,0,0.0,0,0,0,0.0,0.0,0,0,0.0,0.0,0
2026-05-09 18:04:00,1,1,0,0.0,0,0.0,0,0,0,0.0,0.0,0,0,0.0,0.0,0
2026-05-09 18:04:00,1,1,0,0.0,0,0.0,0,0,0,0.0,0.0,0,0,0.0,0.0,0
2026-05-09 18:04:00,1,1,0,0.0,0,0.0,0,0,0,0.0,0.0,0,0,0.0,0.0,0
2026-05-09 18:04:00,1,1,0,0.0,0,0.0,0,0,0,0.0,0.0,0,0,0.0,0.0,0
2026-05-09 18:04:00,1,1,0,0.0,0,0.0,0,0,0,0.0,0.0,0,0,0.0,0.0,0
2026-05-09 18:04:00,1,1,0,0.0,0,0.0,0,0,0,0.0,0.0,0,0,0.0,0.0,0
2026-05-09 18:04:00,1,1,0,0.0,0,0.0,0,0,0,0.0,0.0,0,0,0.0,0.0,0
2026-05-09 18:04:00,1,1,0,0.0,0,0.0,0,0,0,0.0,0.0,0,0,0.0,0.0,0
2026-05-09 18:04:00,1,1,0,0.0,0,0.0,0,0,0,0.0,0.0,0,0,0.0,0.0,0
2026-05-09 18:04:00,1,1,0,0.0,0,0.0,0,0,0,0.0,0.0,0,0,0.0,0.0,0
2026-05-09 18:04:01,1,1,0,0.0,0,0.0,0,0,0,0.0,0.0,0,0,0.0,0.0,0
2026-05-09 18:04:01,1,1,0,0.0,0,0.0,0,0,0,0.0,0.0,0,0,0.0,0.0,0
2026-05-09 18:04:01,1,1,0,0.0,0,0.0,0,0,0,0.0,0.0,0,0,0.0,0.0,0
2026-05-09 18:04:01,1,1,0,0.0,0,0.0,0,0,0,0.0,0.0,0,0,0.0,0.0,0
2026-05-09 18:04:01,1,1,0,0.0,0,0.0,0,0,0,0.0,0.0,0,0,0.0,0.0,0
2026-05-09 18:04:01,1,1,0,0.0,0,0.0,0,0,0,0.0,0.0,0,0,0.0,0.0,0
2026-05-09 18:04:01,1,1,0,0.0,0,0.0,0,0,0,0.0,0.0,0,0,0.0,0.0,0
2026-05-09 18:04:01,1,1,0,0.0,0,0.0,0,0,0,0.0,0.0,0,0,0.0,0.0,0
2026-05-09 18:04:01,1,1,0,0.0,0,0.0,0,0,0,0.0,0.0,0,0,0.0,0.0,0
2026-05-09 18:04:01,1,1,0,0.0,0,0.0,0,0,0,0.0,0.0,0,0,0.0,0.0,0
2026-05-09 18:04:01,1,1,0,0.0,0,0.0,0,0,0,0.0,0.0,0,0,0.0,0.0,0
2026-05-09 18:04:01,1,1,0,0.0,0,0.0,0,0,0,0.0,0.0,0,0,0.0,0.0,0
2026-05-09 18:04:01,1,1,0,0.0,0,0.0,0,0,0,0.0,0.0,0,0,0.0,0.0,0
2026-05-09 18:04:01,1,1,0,0.0,0,0.0,0,0,0,0.0,0.0,0,0,0.0,0.0,0
2026-05-09 18:04:01,1,1,0,0.0,0,0.0,0,0,0,0.0,0.0,0,0,0.0,0.0,0
2026-05-09 18:04:01,1,1,0,0.0,0,0.0,0,0,0,0.0,0.0,0,0,0.0,0.0,0
2026-05-09 18:04:01,1,1,0,0.0,0,0.0,0,0,0,0.0,0.0,0,0,0.0,0.0,0
2026-05-09 18:04:01,1,1,0,0.0,0,0.0,0,0,0,0.0,0.0,0,0,0.0,0.0,0
2026-05-09 18:04:01,1,1,0,0.0,0,0.0,0,0,0,0.0,0.0,0,0,0.0,0.0,0
2026-05-09 18:04:01,1,1,0,0.0,0,0.0,0,0,0,0.0,0.0,0,0,0.0,0.0,0
2026-05-09 18:04:02,1,1,0,0.0,0,0.0,0,0,0,0.0,0.0,0,0,0.0,0.0,0
2026-05-09 18:04:02,1,1,0,0.0,0,0.0,0,0,0,0.0,0.0,0,0,0.0,0.0,0
2026-05-09 18:04:02,1,1,0,0.0,0,0.0,0,0,0,0.0,0.0,0,0,0.0,0.0,0
2026-05-09 18:04:02,1,1,0,0.0,0,0.0,0,0,0,0.0,0.0,0,0,0.0,0.0,0
2026-05-09 18:04:02,1,1,0,0.0,0,0.0,0,0,0,0.0,0.0,0,0,0.0,0.0,0
2026-05-09 18:04:02,1,1,0,0.0,0,0.0,0,0,0,0.0,0.0,0,0,0.0,0.0,0
2026-05-09 18:04:02,1,1,0,0.0,0,0.0,0,0,0,0.0,0.0,0,0,0.0,0.0,0
2026-05-09 18:04:02,1,1,0,0.0,0,0.0,0,0,0,0.0,0.0,0,0,0.0,0.0,0
2026-05-09 18:04:02,1,1,0,0.0,0,0.0,0,0,0,0.0,0.0,0,0,0.0,0.0,0
2026-05-09 18:04:02,1,1,0,0.0,0,0.0,0,0,0,0.0,0.0,0,0,0.0,0.0,0
2026-05-09 18:04:02,1,1,0,0.0,0,0.0,0,0,0,0.0,0.0,0,0,0.0,0.0,0
2026-05-09 18:04:02,1,1,0,0.0,0,0.0,0,0,0,0.0,0.0,0,0,0.0,0.0,0
2026-05-09 18:04:02,1,1,0,0.0,0,0.0,0,0,0,0.0,0.0,0,0,0.0,0.0,0
2026-05-09 18:04:02,1,1,0,0.0,0,0.0,0,0,0,0.0,0.0,0,0,0.0,0.0,0
2026-05-09 18:04:02,1,1,0,0.0,0,0.0,0,0,0,0.0,0.0,0,0,0.0,0.0,0
2026-05-09 18:04:02,1,1,0,0.0,0,0.0,0,0,0,0.0,0.0,0,0,0.0,0.0,0
2026-05-09 18:04:02,1,1,0,0.0,0,0.0,0,0,0,0.0,0.0,0,0,0.0,0.0,0
2026-05-09 18:04:02,1,1,0,0.0,0,0.0,0,0,0,0.0,0.0,0,0,0.0,0.0,0
2026-05-09 18:04:02,1,1,0,0.0,0,0.0,0,0,0,0.0,0.0,0,0,0.0,0.0,0
2026-05-09 18:04:02,1,1,0,0.0,0,0.0,0,0,0,0.0,0.0,0,0,0.0,0.0,0
2026-05-09 18:04:03,1,1,0,0.0,0,0.0,0,0,0,0.0,0.0,0,0,0.0,0.0,0
2026-05-09 18:04:03,1,1,0,0.0,0,0.0,0,0,0,0.0,0.0,0,0,0.0,0.0,0
2026-05-09 18:04:03,1,1,0,0.0,0,0.0,0,0,0,0.0,0.0,0,0,0.0,0.0,0
2026-05-09 18:04:03,1,1,0,0.0,0,0.0,0,0,0,0.0,0.0,0,0,0.0,0.0,0
2026-05-09 18:04:03,1,1,0,0.0,0,0.0,0,0,0,0.0,0.0,0,0,0.0,0.0,0
2026-05-09 18:04:03,1,1,0,0.0,0,0.0,0,0,0,0.0,0.0,0,0,0.0,0.0,0
2026-05-09 18:04:03,1,1,0,0.0,0,0.0,0,0,0,0.0,0.0,0,0,0.0,0.0,0
2026-05-09 18:04:03,1,1,0,0.0,0,0.0,0,0,0,0.0,0.0,0,0,0.0,0.0,0
2026-05-09 18:04:03,1,1,0,0.0,0,0.0,0,0,0,0.0,0.0,0,0,0.0,0.0,0
2026-05-09 18:04:03,1,1,0,0.0,0,0.0,0,0,0,0.0,0.0,0,0,0.0,0.0,0
2026-05-09 18:04:03,1,1,0,0.0,0,0.0,0,0,0,0.0,0.0,0,0,0.0,0.0,0
2026-05-09 18:04:03,1,1,0,0.0,0,0.0,0,0,0,0.0,0.0,0,0,0.0,0.0,0
2026-05-09 18:04:03,1,1,0,0.0,0,0.0,0,0,0,0.0,0.0,0,0,0.0,0.0,0
2026-05-09 18:04:03,1,1,0,0.0,0,0.0,0,0,0,0.0,0.0,0,0,0.0,0.0,0
2026-05-09 18:04:03,1,1,0,0.0,0,0.0,0,0,0,0.0,0.0,0,0,0.0,0.0,0
2026-05-09 18:04:03,1,1,0,0.0,0,0.0,0,0,0,0.0,0.0,0,0,0.0,0.0,0
2026-05-09 18:04:03,1,1,0,0.0,0,0.0,0,0,0,0.0,0.0,0,0,0.0,0.0,0
2026-05-09 18:04:03,1,1,0,0.0,0,0.0,0,0,0,0.0,0.0,0,0,0.0,0.0,0
2026-05-09 18:04:03,1,1,0,0.0,0,0.0,0,0,0,0.0,0.0,0,0,0.0,0.0,0
2026-05-09 18:04:03,1,1,0,0.0,0,0.0,0,0,0,0.0,0.0,0,0,0.0,0.0,0
2026-05-09 18:04:04,1,1,0,0.0,0,0.0,0,0,0,0.0,0.0,0,0,0.0,0.0,0
2026-05-09 18:04:04,1,1,0,0.0,0,0.0,0,0,0,0.0,0.0,0,0,0.0,0.0,0
2026-05-09 18:04:04,1,1,0,0.0,0,0.0,0,0,0,0.0,0.0,0,0,0.0,0.0,0
2026-05-09 18:04:04,1,1,0,0.0,0,0.0,0,0,0,0.0,0.0,0,0,0.0,0.0,0
2026-05-09 18:04:04,1,1,0,0.0,0,0.0,0,0,0,0.0,0.0,0,0,0.0,0.0,0
2026-05-09 18:04:04,1,1,0,0.0,0,0.0,0,0,0,0.0,0.0,0,0,0.0,0.0,0
2026-05-09 18:04:04,1,1,0,0.0,0,0.0,0,0,0,0.0,0.0,0,0,0.0,0.0,0
2026-05-09 18:04:04,1,1,0,0.0,0,0.0,0,0,0,0.0,0.0,0,0,0.0,0.0,0
2026-05-09 18:04:04,1,1,0,0.0,0,0.0,0,0,0,0.0,0.0,0,0,0.0,0.0,0
2026-05-09 18:04:04,1,1,0,0.0,0,0.0,0,0,0,0.0,0.0,0,0,0.0,0.0,0
2026-05-09 18:04:04,1,1,0,0.0,0,0.0,0,0,0,0.0,0.0,0,0,0.0,0.0,0
2026-05-09 18:04:04,1,1,0,0.0,0,0.0,0,0,0,0.0,0.0,0,0,0.0,0.0,0
2026-05-09 18:04:04,1,1,0,0.0,0,0.0,0,0,0,0.0,0.0,0,0,0.0,0.0,0
2026-05-09 18:04:04,1,1,0,0.0,0,0.0,0,0,0,0.0,0.0,0,0,0.0,0.0,0
2026-05-09 18:04:04,1,1,0,0.0,0,0.0,0,0,0,0.0,0.0,0,0,0.0,0.0,0
2026-05-09 18:04:04,1,1,0,0.0,0,0.0,0,0,0,0.0,0.0,0,0,0.0,0.0,0
2026-05-09 18:04:04,1,1,0,0.0,0,0.0,0,0,0,0.0,0.0,0,0,0.0,0.0,0
2026-05-09 18:04:04,1,1,0,0.0,0,0.0,0,0,0,0.0,0.0,0,0,0.0,0.0,0
2026-05-09 18:04:04,1,1,0,0.0,0,0.0,0,0,0,0.0,0.0,0,0,0.0,0.0,0
2026-05-09 18:04:04,1,1,0,0.0,0,0.0,0,0,0,0.0,0.0,0,0,0.0,0.0,0
2026-05-09 18:04:05,1,1,0,0.0,0,0.0,0,0,0,0.0,0.0,0,0,0.0,0.0,0
2026-05-09 18:04:05,1,1,0,0.0,0,0.0,0,0,0,0.0,0.0,0,0,0.0,0.0,0
2026-05-09 18:04:05,1,1,0,0.0,0,0.0,0,0,0,0.0,0.0,0,0,0.0,0.0,0
2026-05-09 18:04:05,1,1,0,0.0,0,0.0,0,0,0,0.0,0.0,0,0,0.0,0.0,0
2026-05-09 18:04:05,1,1,0,0.0,0,0.0,0,0,0,0.0,0.0,0,0,0.0,0.0,0
2026-05-09 18:04:05,1,1,0,0.0,0,0.0,0,0,0,0.0,0.0,0,0,0.0,0.0,0
2026-05-09 18:04:05,1,1,0,0.0,0,0.0,0,0,0,0.0,0.0,0,0,0.0,0.0,0
2026-05-09 18:04:05,1,1,0,0.0,0,0.0,0,0,0,0.0,0.0,0,0,0.0,0.0,0
2026-05-09 18:04:05,1,1,0,0.0,0,0.0,0,0,0,0.0,0.0,0,0,0.0,0.0,0
2026-05-09 18:04:05,1,1,0,0.0,0,0.0,0,0,0,0.0,0.0,0,0,0.0,0.0,0
2026-05-09 18:04:05,1,1,0,0.0,0,0.0,0,0,0,0.0,0.0,0,0,0.0,0.0,0
2026-05-09 18:04:05,1,1,0,0.0,0,0.0,0,0,0,0.0,0.0,0,0,0.0,0.0,0
2026-05-09 18:04:05,1,1,0,0.0,0,0.0,0,0,0,0.0,0.0,0,0,0.0,0.0,0
2026-05-09 18:04:05,1,1,0,0.0,0,0.0,0,0,0,0.0,0.0,0,0,0.0,0.0,0
2026-05-09 18:04:05,1,1,0,0.0,0,0.0,0,0,0,0.0,0.0,0,0,0.0,0.0,0
2026-05-09 18:04:05,1,1,0,0.0,0,0.0,0,0,0,0.0,0.0,0,0,0.0,0.0,0
2026-05-09 18:04:05,1,1,0,0.0,0,0.0,0,0,0,0.0,0.0,0,0,0.0,0.0,0
2026-05-09 18:04:05,1,1,0,0.0,0,0.0,0,0,0,0.0,0.0,0,0,0.0,0.0,0
2026-05-09 18:04:05,1,1,0,0.0,0,0.0,0,0,0,0.0,0.0,0,0,0.0,0.0,0
2026-05-09 18:04:05,1,1,0,0.0,0,0.0,0,0,0,0.0,0.0,0,0,0.0,0.0,0
2026-05-09 18:04:06,1,1,0,0.0,0,0.0,0,0,0,0.0,0.0,0,0,0.0,0.0,0
2026-05-09 18:04:06,1,1,0,0.0,0,0.0,0,0,0,0.0,0.0,0,0,0.0,0.0,0
2026-05-09 18:04:06,1,1,0,0.0,0,0.0,0,0,0,0.0,0.0,0,0,0.0,0.0,0
2026-05-09 18:04:06,1,1,0,0.0,0,0.0,0,0,0,0.0,0.0,0,0,0.0,0.0,0
2026-05-09 18:04:06,1,1,0,0.0,0,0.0,0,0,0,0.0,0.0,0,0,0.0,0.0,0
2026-05-09 18:04:06,1,1,0,0.0,0,0.0,0,0,0,0.0,0.0,0,0,0.0,0.0,0
2026-05-09 18:04:06,1,1,0,0.0,0,0.0,0,0,0,0.0,0.0,0,0,0.0,0.0,0
2026-05-09 18:04:06,1,1,0,0.0,0,0.0,0,0,0,0.0,0.0,0,0,0.0,0.0,0
2026-05-09 18:04:06,1,1,0,0.0,0,0.0,0,0,0,0.0,0.0,0,0,0.0,0.0,0
2026-05-09 18:04:06,1,1,0,0.0,0,0.0,0,0,0,0.0,0.0,0,0,0.0,0.0,0
2026-05-09 18:04:06,1,1,0,0.0,0,0.0,0,0,0,0.0,0.0,0,0,0.0,0.0,0
2026-05-09 18:04:06,1,1,0,0.0,0,0.0,0,0,0,0.0,0.0,0,0,0.0,0.0,0
2026-05-09 18:04:06,1,1,0,0.0,0,0.0,0,0,0,0.0,0.0,0,0,0.0,0.0,0
2026-05-09 18:04:06,1,1,0,0.0,0,0.0,0,0,0,0.0,0.0,0,0,0.0,0.0,0
2026-05-09 18:04:06,1,1,0,0.0,0,0.0,0,0,0,0.0,0.0,0,0,0.0,0.0,0
2026-05-09 18:04:06,1,1,0,0.0,0,0.0,0,0,0,0.0,0.0,0,0,0.0,0.0,0
2026-05-09 18:04:06,1,1,0,0.0,0,0.0,0,0,0,0.0,0.0,0,0,0.0,0.0,0
2026-05-09 18:04:06,1,1,0,0.0,0,0.0,0,0,0,0.0,0.0,0,0,0.0,0.0,0
2026-05-09 18:04:06,1,1,0,0.0,0,0.0,0,0,0,0.0,0.0,0,0,0.0,0.0,0
2026-05-09 18:04:06,1,1,0,0.0,0,0.0,0,0,0,0.0,0.0,0,0,0.0,0.0,0
2026-05-09 18:04:07,1,1,0,0.0,0,0.0,0,0,0,0.0,0.0,0,0,0.0,0.0,0
2026-05-09 18:04:07,1,1,0,0.0,0,0.0,0,0,0,0.0,0.0,0,0,0.0,0.0,0
2026-05-09 18:04:07,1,1,0,0.0,0,0.0,0,0,0,0.0,0.0,0,0,0.0,0.0,0
2026-05-09 18:04:07,1,1,0,0.0,0,0.0,0,0,0,0.0,0.0,0,0,0.0,0.0,0
2026-05-09 18:04:07,1,1,0,0.0,0,0.0,0,0,0,0.0,0.0,0,0,0.0,0.0,0
2026-05-09 18:04:07,1,1,0,0.0,0,0.0,0,0,0,0.0,0.0,0,0,0.0,0.0,0
2026-05-09 18:04:07,1,1,0,0.0,0,0.0,0,0,0,0.0,0.0,0,0,0.0,0.0,0
2026-05-09 18:04:07,1,1,0,0.0,0,0.0,0,0,0,0.0,0.0,0,0,0.0,0.0,0
2026-05-09 18:04:07,1,1,0,0.0,0,0.0,0,0,0,0.0,0.0,0,0,0.0,0.0,0
2026-05-09 18:04:07,1,1,0,0.0,0,0.0,0,0,0,0.0,0.0,0,0,0.0,0.0,0
2026-05-09 18:04:07,1,1,0,0.0,0,0.0,0,0,0,0.0,0.0,0,0,0.0,0.0,0
2026-05-09 18:04:07,1,1,0,0.0,0,0.0,0,0,0,0.0,0.0,0,0,0.0,0.0,0
2026-05-09 18:04:07,1,1,0,0.0,0,0.0,0,0,0,0.0,0.0,0,0,0.0,0.0,0
2026-05-09 18:04:07,1,1,0,0.0,0,0.0,0,0,0,0.0,0.0,0,0,0.0,0.0,0
2026-05-09 18:04:07,1,1,0,0.0,0,0.0,0,0,0,0.0,0.0,0,0,0.0,0.0,0
2026-05-09 18:04:07,1,1,0,0.0,0,0.0,0,0,0,0.0,0.0,0,0,0.0,0.0,0
2026-05-09 18:04:07,1,1,0,0.0,0,0.0,0,0,0,0.0,0.0,0,0,0.0,0.0,0
2026-05-09 18:04:07,1,1,0,0.0,0,0.0,0,0,0,0.0,0.0,0,0,0.0,0.0,0
2026-05-09 18:04:07,1,1,0,0.0,0,0.0,0,0,0,0.0,0.0,0,0,0.0,0.0,0
2026-05-09 18:04:07,1,1,0,0.0,0,0.0,0,0,0,0.0,0.0,0,0,0.0,0.0,0
2026-05-09 18:04:08,1,1,0,0.0,0,0.0,0,0,0,0.0,0.0,0,0,0.0,0.0,0
2026-05-09 18:04:08,1,1,0,0.0,0,0.0,0,0,0,0.0,0.0,0,0,0.0,0.0,0
2026-05-09 18:04:08,1,1,0,0.0,0,0.0,0,0,0,0.0,0.0,0,0,0.0,0.0,0
2026-05-09 18:04:08,1,1,0,0.0,0,0.0,0,0,0,0.0,0.0,0,0,0.0,0.0,0
2026-05-09 18:04:08,1,1,0,0.0,0,0.0,0,0,0,0.0,0.0,0,0,0.0,0.0,0
2026-05-09 18:04:08,1,1,0,0.0,0,0.0,0,0,0,0.0,0.0,0,0,0.0,0.0,0
2026-05-09 18:04:08,1,1,0,0.0,0,0.0,0,0,0,0.0,0.0,0,0,0.0,0.0,0
2026-05-09 18:04:08,1,1,0,0.0,0,0.0,0,0,0,0.0,0.0,0,0,0.0,0.0,0
2026-05-09 18:04:08,1,1,0,0.0,0,0.0,0,0,0,0.0,0.0,0,0,0.0,0.0,0
2026-05-09 18:04:08,1,1,0,0.0,0,0.0,0,0,0,0.0,0.0,0,0,0.0,0.0,0
2026-05-09 18:04:08,1,1,0,0.0,0,0.0,0,0,0,0.0,0.0,0,0,0.0,0.0,0
2026-05-09 18:04:08,1,1,0,0.0,0,0.0,0,0,0,0.0,0.0,0,0,0.0,0.0,0
2026-05-09 18:04:08,1,1,0,0.0,0,0.0,0,0,0,0.0,0.0,0,0,0.0,0.0,0
2026-05-09 18:04:08,1,1,0,0.0,0,0.0,0,0,0,0.0,0.0,0,0,0.0,0.0,0
2026-05-09 18:04:08,1,1,0,0.0,0,0.0,0,0,0,0.0,0.0,0,0,0.0,0.0,0
2026-05-09 18:04:08,1,1,0,0.0,0,0.0,0,0,0,0.0,0.0,0,0,0.0,0.0,0
2026-05-09 18:04:08,1,1,0,0.0,0,0.0,0,0,0,0.0,0.0,0,0,0.0,0.0,0
2026-05-09 18:04:08,1,1,0,0.0,0,0.0,0,0,0,0.0,0.0,0,0,0.0,0.0,0
2026-05-09 18:04:08,1,1,0,0.0,0,0.0,0,0,0,0.0,0.0,0,0,0.0,0.0,0
2026-05-09 18:04:08,1,1,0,0.0,0,0.0,0,0,0,0.0,0.0,0,0,0.0,0.0,0
2026-05-09 18:04:09,1,1,0,0.0,0,0.0,0,0,0,0.0,0.0,0,0,0.0,0.0,0
2026-05-09 18:04:09,1,1,0,0.0,0,0.0,0,0,0,0.0,0.0,0,0,0.0,0.0,0
2026-05-09 18:04:09,1,1,0,0.0,0,0.0,0,0,0,0.0,0.0,0,0,0.0,0.0,0
2026-05-09 18:04:09,1,1,0,0.0,0,0.0,0,0,0,0.0,0.0,0,0,0.0,0.0,0
2026-05-09 18:04:09,1,1,0,0.0,0,0.0,0,0,0,0.0,0.0,0,0,0.0,0.0,0
2026-05-09 18:04:09,1,1,0,0.0,0,0.0,0,0,0,0.0,0.0,0,0,0.0,0.0,0
2026-05-09 18:04:09,1,1,0,0.0,0,0.0,0,0,0,0.0,0.0,0,0,0.0,0.0,0
2026-05-09 18:04:09,1,1,0,0.0,0,0.0,0,0,0,0.0,0.0,0,0,0.0,0.0,0
2026-05-09 18:04:09,1,1,0,0.0,0,0.0,0,0,0,0.0,0.0,0,0,0.0,0.0,0
2026-05-09 18:04:09,1,1,0,0.0,0,0.0,0,0,0,0.0,0.0,0,0,0.0,0.0,0
2026-05-09 18:04:09,1,1,0,0.0,0,0.0,0,0,0,0.0,0.0,0,0,0.0,0.0,0
2026-05-09 18:04:09,1,1,0,0.0,0,0.0,0,0,0,0.0,0.0,0,0,0.0,0.0,0
2026-05-09 18:04:09,1,1,0,0.0,0,0.0,0,0,0,0.0,0.0,0,0,0.0,0.0,0
2026-05-09 18:04:09,1,1,0,0.0,0,0.0,0,0,0,0.0,0.0,0,0,0.0,0.0,0
2026-05-09 18:04:09,1,1,0,0.0,0,0.0,0,0,0,0.0,0.0,0,0,0.0,0.0,0
2026-05-09 18:04:09,1,1,0,0.0,0,0.0,0,0,0,0.0,0.0,0,0,0.0,0.0,0
2026-05-09 18:04:09,1,1,0,0.0,0,0.0,0,0,0,0.0,0.0,0,0,0.0,0.0,0
2026-05-09 18:04:09,1,1,0,0.0,0,0.0,0,0,0,0.0,0.0,0,0,0.0,0.0,0
2026-05-09 18:04:09,1,1,0,0.0,0,0.0,0,0,0,0.0,0.0,0,0,0.0,0.0,0
2026-05-09 18:04:09,1,1,0,0.0,0,0.0,0,0,0,0.0,0.0,0,0,0.0,0.0,0
