datetime,wifi,time_sync,rd_present,rd_distance_mm,rd_velocity_cm_s,rd_angle_deg,rd_x_mm,rd_y_mm,c4001_present,c4001_distance_m,c4001_velocity_m_s,c4001_energy,c4001_raw_targets,c4001_raw_distance_m,c4001_raw_velocity_m_s,c4001_raw_energy
2026-05-09 15:59:02,1,1,1,1008.7,0,6.1,107,1003,1,1.03,0.00,4610,1,1.03,0.00,4610
2026-05-09 15:59:02,1,1,1,1008.7,0,6.1,107,1003,1,1.03,0.00,4610,1,1.03,0.00,4610
2026-05-09 15:59:02,1,1,1,1008.9,0,6.2,109,1003,1,1.03,0.00,4610,1,1.03,0.00,4610
2026-05-09 15:59:02,1,1,1,1010.3,0,6.4,113,1004,1,1.03,0.00,2425,1,1.03,0.00,2425
2026-05-09 15:59:02,1,1,1,1010.3,0,6.4,113,1004,1,1.03,0.00,2425,1,1.03,0.00,2425
2026-05-09 15:59:02,1,1,1,1010.7,0,6.6,116,1004,1,1.03,0.00,2425,1,1.03,0.00,2425
2026-05-09 15:59:02,1,1,1,1010.7,0,6.6,116,1004,1,1.03,0.00,2425,1,1.03,0.00,2425
2026-05-09 15:59:02,1,1,1,1011.7,0,6.6,116,1005,1,1.03,0.00,628,1,1.03,0.00,628
2026-05-09 15:59:02,1,1,1,1011.7,0,6.6,116,1005,0,0.00,0.00,0,1,1.03,0.00,628
2026-05-09 15:59:03,1,1,1,1011.7,0,6.6,116,1005,0,0.00,0.00,0,1,1.03,0.00,628
2026-05-09 15:59:03,1,1,1,1011.7,0,6.6,116,1005,0,0.00,0.00,0,1,1.03,0.00,628
2026-05-09 15:59:03,1,1,1,1012.7,0,6.6,116,1006,0,0.00,0.00,0,1,1.03,0.00,1312
2026-05-09 15:59:03,1,1,1,1009.3,0,6.4,113,1003,0,0.00,0.00,0,1,1.03,0.00,1312
2026-05-09 15:59:03,1,1,1,1009.3,0,6.4,113,1003,0,0.00,0.00,0,1,1.03,0.00,4034
2026-05-09 15:59:03,1,1,1,1005.8,0,6.2,108,1000,0,0.00,0.00,0,1,1.03,0.00,4034
2026-05-09 15:59:03,1,1,1,1005.8,0,6.2,108,1000,0,0.00,0.00,0,1,1.03,0.00,850
2026-05-09 15:59:03,1,1,1,1003.4,0,5.9,104,998,0,0.00,0.00,0,1,1.03,0.00,850
2026-05-09 15:59:03,1,1,1,1003.4,0,5.9,104,998,0,0.00,0.00,0,1,1.03,0.00,545
2026-05-09 15:59:03,1,1,1,1002.2,0,5.8,102,997,0,0.00,0.00,0,1,1.03,0.00,545
2026-05-09 15:59:03,1,1,1,1005.0,0,5.7,100,1000,0,0.00,0.00,0,1,1.03,0.00,1832
2026-05-09 15:59:03,1,1,1,1005.0,0,5.7,100,1000,0,0.00,0.00,0,1,1.03,0.00,1832
2026-05-09 15:59:03,1,1,1,1004.9,0,5.7,99,1000,0,0.00,0.00,0,1,1.04,0.00,1832
2026-05-09 15:59:03,1,1,1,1004.9,0,5.7,99,1000,0,0.00,0.00,0,1,1.04,0.00,1832
2026-05-09 15:59:03,1,1,1,1002.4,0,5.4,94,998,0,0.00,0.00,0,1,1.04,0.00,1669
2026-05-09 15:59:03,1,1,1,1002.4,0,5.4,94,998,0,0.00,0.00,0,1,1.04,0.00,1669
2026-05-09 15:59:03,1,1,1,999.1,0,5.2,90,995,0,0.00,0.00,0,1,1.04,0.00,3281
2026-05-09 15:59:03,1,1,1,999.1,0,5.2,90,995,0,0.00,0.00,0,1,1.04,0.00,3281
2026-05-09 15:59:03,1,1,1,998.7,0,4.9,86,995,0,0.00,0.00,0,1,1.04,0.00,585
2026-05-09 15:59:03,1,1,1,999.5,0,4.8,83,996,0,0.00,0.00,0,1,1.04,0.00,585
2026-05-09 15:59:04,1,1,1,999.5,0,4.8,83,996,0,0.00,0.00,0,1,1.04,0.00,585
2026-05-09 15:59:04,1,1,1,1002.3,0,4.6,81,999,0,0.00,0.00,0,1,1.04,0.00,585
2026-05-09 15:59:04,1,1,1,1002.3,0,4.6,81,999,0,0.00,0.00,0,1,1.04,0.00,585
2026-05-09 15:59:04,1,1,1,1004.0,0,4.5,78,1001,0,0.00,0.00,0,1,1.04,0.00,585
2026-05-09 15:59:04,1,1,1,1004.0,0,4.5,78,1001,0,0.00,0.00,0,1,1.04,0.00,585
2026-05-09 15:59:04,1,1,1,1004.7,0,4.2,74,1002,0,0.00,0.00,0,1,1.04,0.00,585
2026-05-09 15:59:04,1,1,1,1005.7,0,4.2,73,1003,0,0.00,0.00,0,1,1.04,0.00,585
2026-05-09 15:59:04,1,1,1,1005.7,0,4.2,73,1003,0,0.00,0.00,0,1,1.04,0.00,585
2026-05-09 15:59:04,1,1,1,1006.4,0,4.0,70,1004,0,0.00,0.00,0,1,1.01,0.00,650
2026-05-09 15:59:04,1,1,1,1006.4,0,4.0,70,1004,0,0.00,0.00,0,1,1.01,0.00,650
2026-05-09 15:59:04,1,1,1,1008.2,0,3.8,67,1006,0,0.00,0.00,0,1,1.02,0.00,650
2026-05-09 15:59:04,1,1,1,1008.2,0,3.8,67,1006,0,0.00,0.00,0,1,1.02,0.00,650
2026-05-09 15:59:04,1,1,1,1010.2,0,3.8,67,1008,0,0.00,0.00,0,1,1.02,0.00,650
2026-05-09 15:59:04,1,1,1,1010.2,0,3.8,67,1008,0,0.00,0.00,0,1,1.02,0.00,650
2026-05-09 15:59:04,1,1,1,1012.3,0,3.9,68,1010,0,0.00,0.00,0,1,1.02,0.00,650
2026-05-09 15:59:04,1,1,1,1014.3,0,3.9,69,1012,0,0.00,0.00,0,1,1.02,0.00,650
2026-05-09 15:59:04,1,1,1,1014.3,0,3.9,69,1012,0,0.00,0.00,0,1,1.02,0.00,650
2026-05-09 15:59:04,1,1,1,1016.4,0,3.9,70,1014,0,0.00,0.00,0,1,1.02,0.00,650
2026-05-09 15:59:04,1,1,1,1016.4,0,3.9,70,1014,0,0.00,0.00,0,1,1.02,0.00,650
2026-05-09 15:59:04,1,1,1,1018.3,0,3.8,68,1016,0,0.00,0.00,0,1,1.02,0.00,650
2026-05-09 15:59:05,1,1,1,1018.3,0,3.8,68,1016,0,0.00,0.00,0,1,1.06,0.00,761
2026-05-09 15:59:05,1,1,1,1020.1,0,3.7,66,1018,0,0.00,0.00,0,1,1.06,0.00,761
2026-05-09 15:59:05,1,1,1,1020.9,0,3.5,63,1019,0,0.00,0.00,0,1,1.05,0.00,3085
2026-05-09 15:59:05,1,1,1,1020.9,0,3.5,63,1019,0,0.00,0.00,0,1,1.05,0.00,3085
2026-05-09 15:59:05,1,1,1,1021.1,0,3.6,65,1019,1,1.04,0.00,6829,1,1.04,0.00,6829
2026-05-09 15:59:05,1,1,1,1021.1,0,3.6,65,1019,1,1.04,0.00,6829,1,1.04,0.00,6829
2026-05-09 15:59:05,1,1,1,1021.2,0,3.8,67,1019,1,1.04,0.00,2245,1,1.04,0.00,2245
2026-05-09 15:59:05,1,1,1,1021.2,0,3.8,67,1019,1,1.04,0.00,2245,1,1.04,0.00,2245
2026-05-09 15:59:05,1,1,1,1021.5,0,4.0,72,1019,1,1.04,0.00,1825,1,1.04,0.00,1825
2026-05-09 15:59:05,1,1,1,1021.5,0,4.0,72,1019,1,1.04,0.00,1825,1,1.04,0.00,1825
2026-05-09 15:59:05,1,1,1,1023.0,0,4.4,78,1020,1,1.03,0.00,3485,1,1.03,0.00,3485
2026-05-09 15:59:05,1,1,1,1024.1,0,4.4,79,1021,1,1.03,0.00,3485,1,1.03,0.00,3485
2026-05-09 15:59:05,1,1,1,1024.1,0,4.4,79,1021,1,1.03,0.00,1040,1,1.03,0.00,1040
2026-05-09 15:59:05,1,1,1,1024.8,0,4.3,76,1022,1,1.03,0.00,1040,1,1.03,0.00,1040
2026-05-09 15:59:05,1,1,1,1024.8,0,4.3,76,1022,1,1.03,0.00,1040,1,1.03,0.00,1040
2026-05-09 15:59:05,1,1,1,1026.5,0,4.0,72,1024,1,1.03,0.00,1040,1,1.03,0.00,1040
2026-05-09 15:59:05,1,1,1,1026.5,0,4.0,72,1024,1,1.03,0.00,1017,1,1.03,0.00,1017
2026-05-09 15:59:05,1,1,1,1027.1,0,3.7,66,1025,0,0.00,0.00,0,1,1.03,0.00,1017
2026-05-09 15:59:05,1,1,1,1028.8,0,3.4,61,1027,0,0.00,0.00,0,1,1.03,0.00,3908
2026-05-09 15:59:05,1,1,1,1028.8,0,3.4,61,1027,0,0.00,0.00,0,1,1.03,0.00,3908
2026-05-09 15:59:06,1,1,1,1029.9,0,3.5,62,1028,1,1.03,0.00,4141,1,1.03,0.00,4141
2026-05-09 15:59:06,1,1,1,1029.9,0,3.5,62,1028,1,1.03,0.00,4141,1,1.03,0.00,4141
2026-05-09 15:59:06,1,1,1,1031.0,0,3.6,64,1029,1,1.03,0.00,2561,1,1.03,0.00,2561
2026-05-09 15:59:06,1,1,1,1031.0,0,3.6,64,1029,1,1.03,0.00,2561,1,1.03,0.00,2561
2026-05-09 15:59:06,1,1,1,1032.2,0,3.7,67,1030,1,1.03,0.00,2421,1,1.03,0.00,2421
2026-05-09 15:59:06,1,1,1,1032.2,0,3.7,67,1030,1,1.03,0.00,2421,1,1.03,0.00,2421
2026-05-09 15:59:06,1,1,1,1032.3,0,3.8,69,1030,1,1.03,0.00,468,1,1.03,0.00,468
2026-05-09 15:59:06,1,1,1,1031.6,0,4.1,73,1029,0,0.00,0.00,0,1,1.03,0.00,468
2026-05-09 15:59:06,1,1,1,1031.6,0,4.1,73,1029,0,0.00,0.00,0,1,1.03,0.00,650
2026-05-09 15:59:06,1,1,1,1032.4,0,3.9,71,1030,0,0.00,0.00,0,1,1.03,0.00,650
2026-05-09 15:59:06,1,1,1,1032.4,0,3.9,71,1030,0,0.00,0.00,0,1,1.03,0.00,650
2026-05-09 15:59:06,1,1,1,1033.2,0,3.7,67,1031,0,0.00,0.00,0,1,1.03,0.00,650
2026-05-09 15:59:06,1,1,1,1033.2,0,3.7,67,1031,0,0.00,0.00,0,1,1.04,0.00,1258
2026-05-09 15:59:06,1,1,1,1034.3,0,3.8,69,1032,0,0.00,0.00,0,1,1.04,0.00,1258
2026-05-09 15:59:06,1,1,1,1034.3,0,3.8,69,1032,0,0.00,0.00,0,1,1.04,0.00,2880
2026-05-09 15:59:06,1,1,1,1035.4,0,3.9,71,1033,0,0.00,0.00,0,1,1.04,0.00,2880
2026-05-09 15:59:06,1,1,1,1036.5,0,4.0,72,1034,0,0.00,0.00,0,1,1.06,0.01,148
2026-05-09 15:59:06,1,1,1,1036.5,0,4.0,72,1034,0,0.00,0.00,0,1,1.06,0.01,148
2026-05-09 15:59:06,1,1,1,1037.6,0,4.1,74,1035,0,0.00,0.00,0,1,1.06,0.01,148
2026-05-09 15:59:06,1,1,1,1037.6,0,4.1,74,1035,0,0.00,0.00,0,1,1.06,0.01,148
2026-05-09 15:59:07,1,1,1,1037.6,0,4.0,73,1035,0,0.00,0.00,0,1,1.06,0.01,529
2026-05-09 15:59:07,1,1,1,1037.6,0,4.0,73,1035,0,0.00,0.00,0,1,1.06,0.01,529
2026-05-09 15:59:07,1,1,1,1038.5,0,4.0,72,1036,0,0.00,0.00,0,1,1.07,0.01,3924
2026-05-09 15:59:07,1,1,1,1038.3,0,3.8,69,1036,0,0.00,0.00,0,1,1.07,0.01,3924
2026-05-09 15:59:07,1,1,1,1038.3,0,3.8,69,1036,1,1.07,0.01,29896,1,1.07,0.01,29896
2026-05-09 15:59:07,1,1,1,1038.1,0,3.6,66,1036,1,1.07,0.01,29896,1,1.07,0.01,29896
2026-05-09 15:59:07,1,1,1,1038.1,0,3.6,66,1036,1,1.06,0.00,7137,1,1.06,0.00,7137
2026-05-09 15:59:07,1,1,1,1038.2,0,3.7,67,1036,1,1.06,0.00,7137,1,1.06,0.00,7137
2026-05-09 15:59:07,1,1,1,1038.2,0,3.7,67,1036,1,1.06,0.00,5273,1,1.06,0.00,5273
2026-05-09 15:59:07,1,1,1,1037.0,0,3.6,65,1035,1,1.06,0.00,5273,1,1.06,0.00,5273
2026-05-09 15:59:07,1,1,1,1037.0,0,3.6,65,1035,1,1.05,0.00,43181,1,1.05,0.00,43181
2026-05-09 15:59:07,1,1,1,1037.8,0,3.4,61,1036,1,1.05,0.00,43181,1,1.05,0.00,43181
2026-05-09 15:59:07,1,1,1,1039.7,0,3.3,60,1038,1,1.07,0.00,6418,1,1.07,0.00,6418
2026-05-09 15:59:07,1,1,1,1039.7,0,3.3,60,1038,1,1.07,0.00,6418,1,1.07,0.00,6418
2026-05-09 15:59:07,1,1,1,1040.8,0,3.4,61,1039,1,1.06,0.00,5785,1,1.06,0.00,5785
2026-05-09 15:59:07,1,1,1,1040.8,0,3.4,61,1039,1,1.06,0.00,5785,1,1.06,0.00,5785
2026-05-09 15:59:07,1,1,1,1041.8,0,3.4,61,1040,1,1.06,0.00,2770,1,1.06,0.00,2770
2026-05-09 15:59:07,1,1,1,1041.8,0,3.4,61,1040,1,1.06,0.00,2770,1,1.06,0.00,2770
2026-05-09 15:59:07,1,1,1,1041.7,0,3.3,60,1040,1,1.06,0.00,1989,1,1.06,0.00,1989
2026-05-09 15:59:07,1,1,1,1041.7,0,3.2,59,1040,1,1.06,0.00,1989,1,1.06,0.00,1989
2026-05-09 15:59:08,1,1,1,1041.7,0,3.2,59,1040,1,1.06,0.00,2285,1,1.06,0.00,2285
2026-05-09 15:59:08,1,1,1,1041.6,0,3.2,58,1040,0,0.00,0.00,0,1,1.06,0.00,2285
2026-05-09 15:59:08,1,1,1,1041.6,0,3.2,58,1040,0,0.00,0.00,0,1,1.06,0.00,1108
2026-05-09 15:59:08,1,1,1,1041.6,0,3.1,57,1040,0,0.00,0.00,0,1,1.06,0.00,1108
2026-05-09 15:59:08,1,1,1,1041.6,0,3.1,57,1040,0,0.00,0.00,0,1,1.06,0.00,1108
2026-05-09 15:59:08,1,1,1,1041.6,0,3.1,57,1040,0,0.00,0.00,0,1,1.06,0.00,1108
2026-05-09 15:59:08,1,1,1,1041.6,0,3.1,57,1040,0,0.00,0.00,0,1,1.05,0.00,5506
2026-05-09 15:59:08,1,1,1,1042.6,0,3.1,57,1041,0,0.00,0.00,0,1,1.05,0.00,5506
2026-05-09 15:59:08,1,1,1,1043.5,0,3.1,56,1042,0,0.00,0.00,0,1,1.05,0.00,2609
2026-05-09 15:59:08,1,1,1,1043.5,0,3.1,56,1042,0,0.00,0.00,0,1,1.05,0.00,2609
2026-05-09 15:59:08,1,1,1,1042.2,0,2.8,51,1041,0,0.00,0.00,0,1,1.05,0.00,10201
2026-05-09 15:59:08,1,1,1,1042.2,0,2.8,51,1041,0,0.00,0.00,0,1,1.05,0.00,10201
2026-05-09 15:59:08,1,1,1,1037.8,0,2.3,41,1037,1,1.05,0.00,13969,1,1.05,0.00,13969
2026-05-09 15:59:08,1,1,1,1037.8,0,2.3,41,1037,1,1.05,0.00,13969,1,1.05,0.00,13969
2026-05-09 15:59:08,1,1,1,1034.4,0,1.7,30,1034,1,1.04,0.00,3298,1,1.04,0.00,3298
2026-05-09 15:59:08,1,1,1,1039.3,0,1.4,25,1039,1,1.04,0.00,3298,1,1.04,0.00,3298
2026-05-09 15:59:08,1,1,1,1039.3,0,1.4,25,1039,1,1.04,0.00,324,1,1.04,0.00,324
2026-05-09 15:59:08,1,1,1,1044.3,0,1.5,27,1044,1,1.04,0.00,324,1,1.04,0.00,324
2026-05-09 15:59:08,1,1,1,1044.3,0,1.5,27,1044,1,1.03,0.00,4082,1,1.03,0.00,4082
2026-05-09 15:59:08,1,1,1,1046.5,0,1.8,32,1046,1,1.03,0.00,4082,1,1.03,0.00,4082
2026-05-09 15:59:09,1,1,1,1046.5,0,1.8,32,1046,1,1.04,0.00,3413,1,1.04,0.00,3413
2026-05-09 15:59:09,1,1,1,1047.6,0,2.0,36,1047,1,1.04,0.00,3413,1,1.04,0.00,3413
2026-05-09 15:59:09,1,1,1,1047.6,0,2.0,36,1047,1,1.04,0.00,2320,1,1.04,0.00,2320
2026-05-09 15:59:09,1,1,1,1047.8,0,2.2,40,1047,1,1.04,0.00,2320,1,1.04,0.00,2320
2026-05-09 15:59:09,1,1,1,1048.1,0,2.6,47,1047,1,1.06,0.01,1153,1,1.06,0.01,1153
2026-05-09 15:59:09,1,1,1,1048.1,0,2.6,47,1047,1,1.06,0.01,1153,1,1.06,0.01,1153
2026-05-09 15:59:09,1,1,1,1048.3,0,2.8,52,1047,1,1.06,0.01,4941,1,1.06,0.01,4941
2026-05-09 15:59:09,1,1,1,1048.3,0,2.8,52,1047,1,1.06,0.01,4941,1,1.06,0.01,4941
2026-05-09 15:59:09,1,1,1,1049.2,0,2.8,51,1048,1,1.07,0.01,1341,1,1.07,0.01,1341
2026-05-09 15:59:09,1,1,1,1049.2,0,2.8,51,1048,1,1.07,0.01,1341,1,1.07,0.01,1341
2026-05-09 15:59:09,1,1,1,1050.2,0,2.7,50,1049,1,1.07,0.01,562,1,1.07,0.01,562
2026-05-09 15:59:09,1,1,1,1050.3,0,2.9,53,1049,1,1.07,0.01,562,1,1.07,0.01,562
2026-05-09 15:59:09,1,1,1,1050.3,0,2.9,53,1049,1,1.07,0.01,562,1,1.07,0.01,562
2026-05-09 15:59:09,1,1,1,1050.5,0,3.1,57,1049,0,0.00,0.00,0,1,1.07,0.01,562
2026-05-09 15:59:09,1,1,1,1050.5,0,3.1,57,1049,0,0.00,0.00,0,1,1.09,0.01,1445
2026-05-09 15:59:09,1,1,1,1050.8,0,3.4,62,1049,0,0.00,0.00,0,1,1.09,0.01,1445
2026-05-09 15:59:09,1,1,1,1050.8,0,3.4,62,1049,0,0.00,0.00,0,1,1.10,0.02,5794
2026-05-09 15:59:09,1,1,1,1050.3,0,3.8,70,1048,0,0.00,0.00,0,1,1.10,0.02,5794
2026-05-09 15:59:09,1,1,1,1050.3,0,3.8,70,1048,1,1.09,0.01,8905,1,1.09,0.01,8905
2026-05-09 15:59:09,1,1,1,1049.5,0,4.0,73,1047,1,1.09,0.01,8905,1,1.09,0.01,8905
2026-05-09 15:59:10,1,1,1,1048.6,0,4.0,74,1046,1,1.09,0.00,14024,1,1.09,0.00,14024
2026-05-09 15:59:10,1,1,1,1048.6,0,4.0,74,1046,1,1.09,0.00,14024,1,1.09,0.00,14024
2026-05-09 15:59:10,1,1,1,1048.6,0,4.0,74,1046,1,1.08,0.01,585,1,1.08,0.01,585
2026-05-09 15:59:10,1,1,1,1048.6,0,4.0,74,1046,1,1.08,0.01,585,1,1.08,0.01,585
2026-05-09 15:59:10,1,1,1,1047.8,0,4.2,76,1045,1,1.08,0.01,4049,1,1.08,0.01,4049
2026-05-09 15:59:10,1,1,1,1047.8,0,4.2,76,1045,1,1.08,0.01,4049,1,1.08,0.01,4049
2026-05-09 15:59:10,1,1,1,1047.7,0,4.1,75,1045,1,1.08,0.00,650,1,1.08,0.00,650
2026-05-09 15:59:10,1,1,1,1047.7,0,4.1,75,1045,1,1.08,0.00,650,1,1.08,0.00,650
2026-05-09 15:59:10,1,1,1,1047.7,0,4.1,75,1045,1,1.08,0.00,2693,1,1.08,0.00,2693
2026-05-09 15:59:10,1,1,1,1046.8,0,4.2,77,1044,1,1.08,0.00,2693,1,1.08,0.00,2693
2026-05-09 15:59:10,1,1,1,1046.8,0,4.2,77,1044,1,1.05,0.00,808,1,1.05,0.00,808
2026-05-09 15:59:10,1,1,1,1047.8,0,4.2,77,1045,0,0.00,0.00,0,1,1.05,0.00,808
2026-05-09 15:59:10,1,1,1,1047.8,0,4.2,77,1045,0,0.00,0.00,0,1,1.05,-0.01,4328
2026-05-09 15:59:10,1,1,1,1049.7,0,4.1,75,1047,0,0.00,0.00,0,1,1.05,-0.01,4328
2026-05-09 15:59:10,1,1,1,1049.7,0,4.1,75,1047,1,1.05,-0.01,4328,1,1.05,-0.01,4328
2026-05-09 15:59:10,1,1,1,1052.6,0,4.0,74,1050,1,1.05,-0.01,4328,1,1.05,-0.01,4328
2026-05-09 15:59:10,1,1,1,1055.4,0,3.9,71,1053,1,1.04,0.00,1066,1,1.04,0.00,1066
2026-05-09 15:59:10,1,1,1,1055.4,0,3.9,71,1053,1,1.04,0.00,1066,1,1.04,0.00,1066
2026-05-09 15:59:10,1,1,1,1058.3,0,3.8,70,1056,1,1.05,0.00,3037,1,1.05,0.00,3037
2026-05-09 15:59:10,1,1,1,1058.3,0,3.8,70,1056,1,1.05,0.00,3037,1,1.05,0.00,3037
2026-05-09 15:59:11,1,1,1,1057.1,0,3.6,66,1055,1,1.05,0.00,5569,1,1.05,0.00,5569
2026-05-09 15:59:11,1,1,1,1057.1,0,3.6,66,1055,1,1.05,0.00,5569,1,1.05,0.00,5569
2026-05-09 15:59:11,1,1,1,1056.0,0,3.5,65,1054,1,1.04,0.00,6409,1,1.04,0.00,6409
2026-05-09 15:59:11,1,1,1,1056.0,0,3.5,65,1054,1,1.04,0.00,6409,1,1.04,0.00,6409
2026-05-09 15:59:11,1,1,1,1055.0,0,3.5,65,1053,1,1.04,0.00,6586,1,1.04,0.00,6586
2026-05-09 15:59:11,1,1,1,1054.0,0,3.5,65,1052,1,1.04,0.00,6586,1,1.04,0.00,6586
2026-05-09 15:59:11,1,1,1,1054.0,0,3.5,65,1052,1,1.03,0.00,2053,1,1.03,0.00,2053
2026-05-09 15:59:11,1,1,1,1052.0,0,3.5,65,1050,1,1.03,0.00,2053,1,1.03,0.00,2053
2026-05-09 15:59:11,1,1,1,1052.0,0,3.5,65,1050,1,1.03,0.00,3205,1,1.03,0.00,3205
2026-05-09 15:59:11,1,1,1,1051.1,0,3.7,67,1049,1,1.03,0.00,3205,1,1.03,0.00,3205
2026-05-09 15:59:11,1,1,1,1051.1,0,3.7,67,1049,1,1.04,0.00,1156,1,1.04,0.00,1156
2026-05-09 15:59:11,1,1,1,1050.1,0,3.7,67,1048,1,1.04,0.00,1156,1,1.04,0.00,1156
2026-05-09 15:59:11,1,1,1,1049.0,0,3.6,65,1047,1,1.03,0.00,2560,1,1.03,0.00,2560
2026-05-09 15:59:11,1,1,1,1049.0,0,3.6,65,1047,1,1.03,0.00,2560,1,1.03,0.00,2560
2026-05-09 15:59:11,1,1,1,1047.8,0,3.3,61,1046,1,1.03,0.00,5573,1,1.03,0.00,5573
2026-05-09 15:59:11,1,1,1,1047.8,0,3.3,61,1046,1,1.03,0.00,5573,1,1.03,0.00,5573
2026-05-09 15:59:11,1,1,1,1046.7,0,3.2,59,1045,1,1.03,0.00,4325,1,1.03,0.00,4325
2026-05-09 15:59:11,1,1,1,1046.7,0,3.2,59,1045,1,1.03,0.00,4325,1,1.03,0.00,4325
2026-05-09 15:59:11,1,1,1,1045.6,0,3.1,57,1044,1,1.04,0.00,29492,1,1.04,0.00,29492
2026-05-09 15:59:11,1,1,1,1045.6,0,3.1,57,1044,1,1.04,0.00,29492,1,1.04,0.00,29492
2026-05-09 15:59:12,1,1,1,1045.3,0,2.9,53,1044,1,1.04,0.00,27173,1,1.04,0.00,27173
2026-05-09 15:59:12,1,1,1,1045.1,0,2.6,48,1044,1,1.04,0.00,27173,1,1.04,0.00,27173
2026-05-09 15:59:12,1,1,1,1045.1,0,2.6,48,1044,1,1.06,0.01,1586,1,1.06,0.01,1586
2026-05-09 15:59:12,1,1,1,1043.9,0,2.4,43,1043,1,1.06,0.01,1586,1,1.06,0.01,1586
2026-05-09 15:59:12,1,1,1,1043.9,0,2.4,43,1043,1,1.06,0.01,1586,1,1.06,0.01,1586
2026-05-09 15:59:12,1,1,1,1044.7,0,2.1,38,1044,1,1.06,0.01,1586,1,1.06,0.01,1586
2026-05-09 15:59:12,1,1,1,1044.7,0,2.1,38,1044,1,1.08,0.02,845,1,1.08,0.02,845
2026-05-09 15:59:12,1,1,1,1044.6,0,1.9,34,1044,0,0.00,0.00,0,1,1.08,0.02,845
2026-05-09 15:59:12,1,1,1,1044.5,0,1.8,32,1044,0,0.00,0.00,0,1,1.08,0.02,845
2026-05-09 15:59:12,1,1,1,1044.5,0,1.8,32,1044,0,0.00,0.00,0,1,1.08,0.02,845
2026-05-09 15:59:12,1,1,1,1044.5,0,1.7,31,1044,0,0.00,0.00,0,1,1.07,0.01,3538
2026-05-09 15:59:12,1,1,1,1044.5,0,1.7,31,1044,0,0.00,0.00,0,1,1.07,0.01,3538
2026-05-09 15:59:12,1,1,1,1043.4,0,1.6,30,1043,1,1.07,0.00,5849,1,1.07,0.00,5849
2026-05-09 15:59:12,1,1,1,1043.4,0,1.6,30,1043,1,1.07,0.00,5849,1,1.07,0.00,5849
2026-05-09 15:59:12,1,1,1,1042.3,0,1.4,25,1042,1,1.09,0.01,2633,1,1.09,0.01,2633
2026-05-09 15:59:12,1,1,1,1042.3,0,1.4,25,1042,1,1.09,0.01,2633,1,1.09,0.01,2633
2026-05-09 15:59:12,1,1,1,1042.2,0,1.2,21,1042,1,1.08,0.01,3746,1,1.08,0.01,3746
2026-05-09 15:59:12,1,1,1,1042.2,0,1.0,19,1042,1,1.08,0.01,3746,1,1.08,0.01,3746
2026-05-09 15:59:12,1,1,1,1042.2,0,1.0,19,1042,1,1.08,0.00,1249,1,1.08,0.00,1249
2026-05-09 15:59:12,1,1,1,1043.1,0,0.8,14,1043,1,1.08,0.00,1249,1,1.08,0.00,1249
2026-05-09 15:59:13,1,1,1,1043.1,0,0.8,14,1043,1,1.08,0.00,1249,1,1.08,0.00,1249
2026-05-09 15:59:13,1,1,1,1043.1,0,0.8,14,1043,1,1.08,0.00,1249,1,1.08,0.00,1249
2026-05-09 15:59:13,1,1,1,1043.1,0,0.8,14,1043,1,1.08,0.00,1249,1,1.08,0.00,1249
2026-05-09 15:59:13,1,1,1,1041.2,0,1.2,22,1041,0,0.00,0.00,0,1,1.08,0.00,1249
2026-05-09 15:59:13,1,1,1,1040.4,0,1.6,29,1040,0,0.00,0.00,0,1,1.08,0.00,1249
2026-05-09 15:59:13,1,1,1,1040.4,0,1.6,29,1040,0,0.00,0.00,0,1,1.08,0.00,1249
2026-05-09 15:59:13,1,1,1,1040.4,0,1.7,30,1040,0,0.00,0.00,0,1,1.08,0.00,1249
2026-05-09 15:59:13,1,1,1,1040.4,0,1.7,30,1040,0,0.00,0.00,0,1,1.08,0.00,1249
2026-05-09 15:59:13,1,1,1,1040.4,0,1.7,30,1040,0,0.00,0.00,0,1,1.08,0.00,1249
2026-05-09 15:59:13,1,1,1,1040.4,0,1.7,30,1040,0,0.00,0.00,0,1,1.08,0.00,1249
2026-05-09 15:59:13,1,1,1,1041.4,0,1.5,28,1041,0,0.00,0.00,0,1,1.06,0.00,493
2026-05-09 15:59:13,1,1,1,1041.4,0,1.5,28,1041,0,0.00,0.00,0,1,1.06,0.00,493
2026-05-09 15:59:13,1,1,1,1042.3,0,1.5,27,1042,0,0.00,0.00,0,1,1.03,0.00,1060
2026-05-09 15:59:13,1,1,1,1043.4,0,1.5,28,1043,0,0.00,0.00,0,1,1.03,0.00,1060
2026-05-09 15:59:13,1,1,1,1043.4,0,1.5,28,1043,0,0.00,0.00,0,1,1.02,0.00,1937
2026-05-09 15:59:13,1,1,1,1043.4,0,1.5,28,1043,0,0.00,0.00,0,1,1.02,0.00,1937
2026-05-09 15:59:13,1,1,1,1043.4,0,1.5,28,1043,0,0.00,0.00,0,1,1.02,0.00,1937
2026-05-09 15:59:13,1,1,1,1045.4,0,1.6,29,1045,0,0.00,0.00,0,1,1.02,0.00,1937
2026-05-09 15:59:13,1,1,1,1045.4,0,1.6,29,1045,0,0.00,0.00,0,1,1.02,0.00,1937
2026-05-09 15:59:13,1,1,1,1047.4,0,1.6,29,1047,0,0.00,0.00,0,1,1.02,0.00,1937
2026-05-09 15:59:14,1,1,1,1049.4,0,1.6,30,1049,0,0.00,0.00,0,1,1.02,0.00,1937
2026-05-09 15:59:14,1,1,1,1049.4,0,1.6,30,1049,0,0.00,0.00,0,1,1.02,0.00,1937
2026-05-09 15:59:14,1,1,1,1049.5,0,1.8,33,1049,0,0.00,0.00,0,1,1.02,0.00,1937
2026-05-09 15:59:14,1,1,1,1049.5,0,1.8,33,1049,0,0.00,0.00,0,1,1.02,0.00,1937
2026-05-09 15:59:14,1,1,1,1048.6,0,1.9,34,1048,0,0.00,0.00,0,1,1.02,0.00,1937
2026-05-09 15:59:14,1,1,1,1048.6,0,1.9,34,1048,0,0.00,0.00,0,1,1.02,0.00,1937
2026-05-09 15:59:14,1,1,1,1049.5,0,1.8,33,1049,0,0.00,0.00,0,1,1.02,0.00,1937
2026-05-09 15:59:14,1,1,1,1049.5,0,1.8,33,1049,0,0.00,0.00,0,1,1.02,0.00,1937
2026-05-09 15:59:14,1,1,1,1049.5,0,1.7,31,1049,0,0.00,0.00,0,1,1.02,0.00,1937
2026-05-09 15:59:14,1,1,1,1048.4,0,1.6,30,1048,0,0.00,0.00,0,0,0.00,0.00,0
2026-05-09 15:59:14,1,1,1,1048.4,0,1.6,30,1048,0,0.00,0.00,0,0,0.00,0.00,0
2026-05-09 15:59:14,1,1,1,1047.4,0,1.6,30,1047,0,0.00,0.00,0,0,0.00,0.00,0
2026-05-09 15:59:14,1,1,1,1047.4,0,1.6,30,1047,0,0.00,0.00,0,0,0.00,0.00,0
2026-05-09 15:59:14,1,1,1,1046.3,0,1.4,26,1046,0,0.00,0.00,0,0,0.00,0.00,0
2026-05-09 15:59:14,1,1,1,1046.3,0,1.4,26,1046,0,0.00,0.00,0,1,1.00,0.00,18980
2026-05-09 15:59:14,1,1,1,1043.2,0,1.0,18,1043,0,0.00,0.00,0,1,1.00,0.00,18980
2026-05-09 15:59:14,1,1,1,1042.1,0,0.7,12,1042,1,1.00,0.00,55989,1,1.00,0.00,55989
2026-05-09 15:59:14,1,1,1,1042.1,0,0.7,12,1042,1,1.00,0.00,55989,1,1.00,0.00,55989
2026-05-09 15:59:14,1,1,1,1042.0,0,0.5,10,1042,1,1.02,0.00,30914,1,1.02,0.00,30914
2026-05-09 15:59:14,1,1,1,1042.0,0,0.5,10,1042,1,1.02,0.00,30914,1,1.02,0.00,30914
2026-05-09 15:59:15,1,1,1,1043.0,0,0.4,8,1043,1,0.98,0.00,19549,1,0.98,0.00,19549
2026-05-09 15:59:15,1,1,1,1043.0,0,0.4,8,1043,1,0.98,0.00,19549,1,0.98,0.00,19549
2026-05-09 15:59:15,1,1,1,1044.0,0,0.4,7,1044,1,0.98,0.00,5589,1,0.98,0.00,5589
2026-05-09 15:59:15,1,1,1,1044.0,0,0.4,7,1044,1,0.98,0.00,5589,1,0.98,0.00,5589
2026-05-09 15:59:15,1,1,1,1046.0,0,0.4,7,1046,1,0.99,0.00,25385,1,0.99,0.00,25385
2026-05-09 15:59:15,1,1,1,1048.0,0,0.4,8,1048,1,0.99,0.00,25385,1,0.99,0.00,25385
2026-05-09 15:59:15,1,1,1,1048.0,0,0.4,8,1048,1,0.99,0.00,25385,1,0.99,0.00,25385
2026-05-09 15:59:15,1,1,1,1050.0,0,0.3,6,1050,1,0.99,0.00,25385,1,0.99,0.00,25385
2026-05-09 15:59:15,1,1,1,1050.0,0,0.3,6,1050,1,0.99,0.00,25385,1,0.99,0.00,25385
2026-05-09 15:59:15,1,1,1,1050.0,0,0.1,2,1050,1,0.99,0.00,25385,1,0.99,0.00,25385
2026-05-09 15:59:15,1,1,1,1050.0,0,0.1,2,1050,1,0.99,0.00,25385,1,0.99,0.00,25385
2026-05-09 15:59:15,1,1,1,1049.0,0,-0.3,-6,1049,1,0.99,0.00,25385,1,0.99,0.00,25385
2026-05-09 15:59:15,1,1,1,1049.0,0,-0.3,-6,1049,1,0.99,0.00,25385,1,0.99,0.00,25385
2026-05-09 15:59:15,1,1,1,1048.1,0,-0.7,-13,1048,1,0.99,0.00,25385,1,0.99,0.00,25385
2026-05-09 15:59:15,1,1,1,1048.1,0,-0.8,-14,1048,1,0.99,0.00,25385,1,0.99,0.00,25385
2026-05-09 15:59:15,1,1,1,1048.1,0,-0.8,-14,1048,1,0.99,0.00,25385,1,0.99,0.00,25385
2026-05-09 15:59:15,1,1,1,1048.0,0,-0.5,-10,1048,1,1.00,0.00,22945,1,1.00,0.00,22945
2026-05-09 15:59:15,1,1,1,1048.0,0,-0.5,-10,1048,1,1.00,0.00,22945,1,1.00,0.00,22945
2026-05-09 15:59:15,1,1,1,1047.0,0,-0.4,-8,1047,1,1.02,0.00,28628,1,1.02,0.00,28628
2026-05-09 15:59:15,1,1,1,1047.0,0,-0.4,-8,1047,1,1.02,0.00,28628,1,1.02,0.00,28628
2026-05-09 15:59:16,1,1,1,1047.0,0,-0.5,-10,1047,1,1.10,0.01,4772,1,1.10,0.01,4772
2026-05-09 15:59:16,1,1,1,1047.0,0,-0.5,-9,1047,1,1.10,0.01,4772,1,1.10,0.01,4772
2026-05-09 15:59:16,1,1,1,1047.0,0,-0.5,-9,1047,1,1.10,0.01,4772,1,1.10,0.01,4772
2026-05-09 15:59:16,1,1,1,1047.0,0,-0.2,-4,1047,1,1.10,0.01,4772,1,1.10,0.01,4772
2026-05-09 15:59:16,1,1,1,1047.0,0,-0.2,-4,1047,1,1.09,0.00,9970,1,1.09,0.00,9970
2026-05-09 15:59:16,1,1,1,1047.0,0,0.1,1,1047,1,1.09,0.00,9970,1,1.09,0.00,9970
2026-05-09 15:59:16,1,1,1,1047.0,0,0.1,1,1047,1,1.09,0.01,4090,1,1.09,0.01,4090
2026-05-09 15:59:16,1,1,1,1049.0,0,0.3,6,1049,1,1.09,0.01,4090,1,1.09,0.01,4090
2026-05-09 15:59:16,1,1,1,1049.0,0,0.3,6,1049,1,1.07,0.00,61268,1,1.07,0.00,61268
2026-05-09 15:59:16,1,1,1,1051.0,0,0.3,6,1051,1,1.07,0.00,61268,1,1.07,0.00,61268
2026-05-09 15:59:16,1,1,1,1052.0,0,0.1,1,1052,1,1.07,0.00,61268,1,1.07,0.00,61268
2026-05-09 15:59:16,1,1,1,1052.0,0,0.1,1,1052,1,1.07,0.00,61268,1,1.07,0.00,61268
2026-05-09 15:59:16,1,1,1,1053.0,0,-0.1,-1,1053,1,1.06,0.00,37722,1,1.06,0.00,37722
2026-05-09 15:59:16,1,1,1,1053.0,0,-0.1,-1,1053,1,1.06,0.00,37722,1,1.06,0.00,37722
2026-05-09 15:59:16,1,1,1,1054.0,0,-0.1,-1,1054,1,1.09,0.01,20557,1,1.09,0.01,20557
2026-05-09 15:59:16,1,1,1,1054.0,0,-0.1,-1,1054,1,1.09,0.01,20557,1,1.09,0.01,20557
2026-05-09 15:59:16,1,1,1,1055.0,0,0.1,1,1055,1,1.08,0.00,13770,1,1.08,0.00,13770
2026-05-09 15:59:16,1,1,1,1056.0,0,0.4,7,1056,1,1.08,0.00,13770,1,1.08,0.00,13770
2026-05-09 15:59:16,1,1,1,1056.0,0,0.4,7,1056,1,1.08,0.00,19300,1,1.08,0.00,19300
2026-05-09 15:59:16,1,1,1,1056.1,0,0.7,13,1056,1,1.08,0.00,19300,1,1.08,0.00,19300
2026-05-09 15:59:17,1,1,1,1056.1,0,0.7,13,1056,1,1.08,0.00,8730,1,1.08,0.00,8730
2026-05-09 15:59:17,1,1,1,1055.1,0,0.9,17,1055,1,1.08,0.00,8730,1,1.08,0.00,8730
2026-05-09 15:59:17,1,1,1,1055.1,0,0.9,17,1055,1,1.07,0.00,30445,1,1.07,0.00,30445
2026-05-09 15:59:17,1,1,1,1055.1,0,0.9,17,1055,1,1.07,0.00,30445,1,1.07,0.00,30445
2026-05-09 15:59:17,1,1,1,1055.1,0,0.9,17,1055,1,1.06,0.00,14612,1,1.06,0.00,14612
2026-05-09 15:59:17,1,1,1,1055.1,0,0.8,14,1055,1,1.06,0.00,14612,1,1.06,0.00,14612
2026-05-09 15:59:17,1,1,1,1052.0,0,0.4,7,1052,1,1.08,0.01,7412,1,1.08,0.01,7412
2026-05-09 15:59:17,1,1,1,1052.0,0,0.4,7,1052,1,1.08,0.01,7412,1,1.08,0.01,7412
2026-05-09 15:59:17,1,1,1,1051.0,0,0.1,2,1051,1,1.08,0.00,40049,1,1.08,0.00,40049
2026-05-09 15:59:17,1,1,1,1051.0,0,0.1,2,1051,1,1.08,0.00,40049,1,1.08,0.00,40049
2026-05-09 15:59:17,1,1,1,1049.0,0,0.1,1,1049,1,1.09,0.01,33026,1,1.09,0.01,33026
2026-05-09 15:59:17,1,1,1,1049.0,0,0.1,1,1049,1,1.09,0.01,33026,1,1.09,0.01,33026
2026-05-09 15:59:17,1,1,1,1049.0,0,0.3,6,1049,1,1.09,0.01,16132,1,1.09,0.01,16132
2026-05-09 15:59:17,1,1,1,1050.1,0,0.6,11,1050,1,1.09,0.01,16132,1,1.09,0.01,16132
2026-05-09 15:59:17,1,1,1,1050.1,0,0.6,11,1050,1,1.09,0.00,7978,1,1.09,0.00,7978
2026-05-09 15:59:17,1,1,1,1052.1,0,0.7,13,1052,1,1.09,0.00,7978,1,1.09,0.00,7978
2026-05-09 15:59:17,1,1,1,1052.1,0,0.7,13,1052,1,1.08,0.00,1525,1,1.08,0.00,1525
2026-05-09 15:59:17,1,1,1,1053.1,0,0.7,13,1053,1,1.08,0.00,1525,1,1.08,0.00,1525
2026-05-09 15:59:17,1,1,1,1053.1,0,0.7,13,1053,1,1.07,0.00,12905,1,1.07,0.00,12905
2026-05-09 15:59:17,1,1,1,1054.1,0,0.7,13,1054,1,1.07,0.00,12905,1,1.07,0.00,12905
2026-05-09 15:59:18,1,1,1,1054.1,0,0.7,13,1054,1,1.07,0.00,12905,1,1.07,0.00,12905
2026-05-09 15:59:18,1,1,1,1055.1,0,0.7,13,1055,1,1.07,0.00,12905,1,1.07,0.00,12905
2026-05-09 15:59:18,1,1,1,1055.1,0,0.7,13,1055,1,1.07,0.00,6516,1,1.07,0.00,6516
2026-05-09 15:59:18,1,1,1,1055.1,0,0.7,13,1055,1,1.07,0.00,6516,1,1.07,0.00,6516
2026-05-09 15:59:18,1,1,1,1055.1,0,0.7,13,1055,1,1.06,0.00,916,1,1.06,0.00,916
2026-05-09 15:59:18,1,1,1,1055.1,0,0.7,13,1055,1,1.06,0.00,916,1,1.06,0.00,916
2026-05-09 15:59:18,1,1,1,1054.1,0,0.7,12,1054,1,1.06,0.00,8685,1,1.06,0.00,8685
2026-05-09 15:59:18,1,1,1,1054.1,0,0.7,12,1054,1,1.06,0.00,8685,1,1.06,0.00,8685
2026-05-09 15:59:18,1,1,1,1049.1,0,0.7,12,1049,1,1.05,-0.01,27792,1,1.05,-0.01,27792
2026-05-09 15:59:18,1,1,1,1044.2,0,1.0,18,1044,1,1.05,-0.01,27792,1,1.05,-0.01,27792
2026-05-09 15:59:18,1,1,1,1044.2,0,1.0,18,1044,1,1.05,0.00,30249,1,1.05,0.00,30249
2026-05-09 15:59:18,1,1,1,1042.3,0,1.5,27,1042,1,1.05,0.00,30249,1,1.05,0.00,30249
2026-05-09 15:59:18,1,1,1,1042.3,0,1.5,27,1042,1,1.05,0.00,5204,1,1.05,0.00,5204
2026-05-09 15:59:18,1,1,1,1040.5,0,1.8,32,1040,1,1.05,0.00,5204,1,1.05,0.00,5204
2026-05-09 15:59:18,1,1,1,1040.5,0,1.8,32,1040,1,1.05,0.00,5204,1,1.05,0.00,5204
2026-05-09 15:59:18,1,1,1,1040.7,0,2.0,37,1040,1,1.05,0.00,5204,1,1.05,0.00,5204
2026-05-09 15:59:18,1,1,1,1040.7,0,2.0,37,1040,1,1.05,0.00,5204,1,1.05,0.00,5204
2026-05-09 15:59:18,1,1,1,1040.0,0,2.5,45,1039,1,1.05,0.00,5204,1,1.05,0.00,5204
2026-05-09 15:59:18,1,1,1,1039.5,0,3.1,56,1038,1,1.05,0.00,5204,1,1.05,0.00,5204
2026-05-09 15:59:18,1,1,1,1039.5,0,3.1,56,1038,1,1.05,0.00,5204,1,1.05,0.00,5204
2026-05-09 15:59:19,1,1,1,1041.1,0,3.6,66,1039,1,1.00,0.03,404,1,1.00,0.03,404
2026-05-09 15:59:19,1,1,1,1041.1,0,3.6,66,1039,1,1.00,0.03,404,1,1.00,0.03,404
2026-05-09 15:59:19,1,1,1,1047.5,0,3.9,72,1045,1,1.01,0.02,601,1,1.01,0.02,601
2026-05-09 15:59:19,1,1,1,1047.5,0,3.9,72,1045,1,1.01,0.02,601,1,1.01,0.02,601
2026-05-09 15:59:19,1,1,1,1052.6,0,4.0,74,1050,1,1.02,0.01,3277,1,1.02,0.01,3277
2026-05-09 15:59:19,1,1,1,1051.1,0,3.6,66,1049,1,1.02,0.01,3277,1,1.02,0.01,3277
2026-05-09 15:59:19,1,1,1,1051.1,0,3.6,66,1049,1,1.03,0.01,3329,1,1.03,0.01,3329
2026-05-09 15:59:19,1,1,1,1044.4,0,3.0,55,1043,1,1.03,0.01,3329,1,1.03,0.01,3329
2026-05-09 15:59:19,1,1,1,1044.4,0,3.0,55,1043,1,1.03,0.01,3329,1,1.03,0.01,3329
2026-05-09 15:59:19,1,1,1,1035.9,0,2.3,42,1035,1,1.03,0.01,3329,1,1.03,0.01,3329
2026-05-09 15:59:19,1,1,1,1035.9,0,2.3,42,1035,1,1.08,0.02,3140,1,1.08,0.02,3140
2026-05-09 15:59:19,1,1,1,1032.6,0,2.0,36,1032,1,1.08,0.02,3140,1,1.08,0.02,3140
2026-05-09 15:59:19,1,1,1,1032.6,0,2.0,36,1032,1,1.11,0.02,2962,1,1.11,0.02,2962
2026-05-09 15:59:19,1,1,1,1031.6,0,1.9,34,1031,1,1.11,0.02,2962,1,1.11,0.02,2962
2026-05-09 15:59:19,1,1,1,1031.5,0,1.8,32,1031,1,1.11,0.02,548,1,1.11,0.02,548
2026-05-09 15:59:19,1,1,1,1031.5,0,1.8,32,1031,1,1.11,0.02,548,1,1.11,0.02,548
2026-05-09 15:59:19,1,1,1,1033.6,0,1.9,35,1033,1,1.13,0.02,3026,1,1.13,0.02,3026
2026-05-09 15:59:19,1,1,1,1033.6,0,1.9,35,1033,1,1.13,0.02,3026,1,1.13,0.02,3026
2026-05-09 15:59:19,1,1,1,1036.7,0,2.1,38,1036,1,1.10,0.00,1768,1,1.10,0.00,1768
2026-05-09 15:59:19,1,1,1,1036.7,0,2.1,38,1036,1,1.10,0.00,1768,1,1.10,0.00,1768
2026-05-09 15:59:20,1,1,1,1038.8,0,2.3,41,1038,1,1.11,0.01,1989,1,1.11,0.01,1989
2026-05-09 15:59:20,1,1,1,1038.8,0,2.3,41,1038,1,1.11,0.01,1989,1,1.11,0.01,1989
2026-05-09 15:59:20,1,1,1,1041.1,0,2.6,48,1040,1,1.10,0.00,17530,1,1.10,0.00,17530
2026-05-09 15:59:20,1,1,1,1043.2,0,2.8,51,1042,1,1.10,0.00,17530,1,1.10,0.00,17530
2026-05-09 15:59:20,1,1,1,1043.2,0,2.8,51,1042,1,1.09,0.00,3250,1,1.09,0.00,3250
2026-05-09 15:59:20,1,1,1,1044.2,0,2.8,51,1043,1,1.09,0.00,3250,1,1.09,0.00,3250
2026-05-09 15:59:20,1,1,1,1044.2,0,2.8,51,1043,1,1.08,0.00,610,1,1.08,0.00,610
2026-05-09 15:59:20,1,1,1,1043.2,0,2.8,51,1042,1,1.08,0.00,610,1,1.08,0.00,610
2026-05-09 15:59:20,1,1,1,1043.2,0,2.8,51,1042,1,1.07,0.00,6856,1,1.07,0.00,6856
2026-05-09 15:59:20,1,1,1,1042.5,0,3.1,56,1041,1,1.07,0.00,6856,1,1.07,0.00,6856
2026-05-09 15:59:20,1,1,1,1042.8,0,3.4,61,1041,1,1.07,0.00,7253,1,1.07,0.00,7253
2026-05-09 15:59:20,1,1,1,1042.8,0,3.4,61,1041,1,1.07,0.00,7253,1,1.07,0.00,7253
2026-05-09 15:59:20,1,1,1,1043.0,0,3.6,65,1041,1,1.07,0.00,1378,1,1.07,0.00,1378
2026-05-09 15:59:20,1,1,1,1043.0,0,3.6,65,1041,1,1.07,0.00,1378,1,1.07,0.00,1378
2026-05-09 15:59:20,1,1,1,1044.5,0,4.0,72,1042,1,1.07,0.00,493,1,1.07,0.00,493
2026-05-09 15:59:20,1,1,1,1044.5,0,4.0,72,1042,1,1.07,0.00,493,1,1.07,0.00,493
2026-05-09 15:59:20,1,1,1,1046.8,0,4.2,76,1044,1,1.07,0.00,900,1,1.07,0.00,900
2026-05-09 15:59:20,1,1,1,1046.8,0,4.2,76,1044,0,0.00,0.00,0,1,1.07,0.00,900
2026-05-09 15:59:20,1,1,1,1049.7,0,4.1,75,1047,0,0.00,0.00,0,1,1.07,0.00,2962
2026-05-09 15:59:20,1,1,1,1050.8,0,4.2,77,1048,0,0.00,0.00,0,1,1.07,0.00,2962
2026-05-09 15:59:21,1,1,1,1050.8,0,4.2,77,1048,0,0.00,0.00,0,1,1.06,0.00,15120
2026-05-09 15:59:21,1,1,1,1051.2,0,4.5,82,1048,0,0.00,0.00,0,1,1.06,0.00,15120
2026-05-09 15:59:21,1,1,1,1051.2,0,4.5,82,1048,1,1.06,0.00,28514,1,1.06,0.00,28514
2026-05-09 15:59:21,1,1,1,1051.9,0,4.9,90,1048,1,1.06,0.00,28514,1,1.06,0.00,28514
2026-05-09 15:59:21,1,1,1,1051.9,0,4.9,90,1048,1,1.06,0.00,28514,1,1.06,0.00,28514
2026-05-09 15:59:21,1,1,1,1052.2,0,5.1,94,1048,1,1.06,0.00,28514,1,1.06,0.00,28514
2026-05-09 15:59:21,1,1,1,1052.1,0,5.1,93,1048,1,1.05,0.00,4525,1,1.05,0.00,4525
2026-05-09 15:59:21,1,1,1,1052.1,0,5.1,93,1048,1,1.05,0.00,4525,1,1.05,0.00,4525
2026-05-09 15:59:21,1,1,1,1051.9,0,4.9,90,1048,1,1.05,0.00,9945,1,1.05,0.00,9945
2026-05-09 15:59:21,1,1,1,1051.9,0,4.9,90,1048,1,1.05,0.00,9945,1,1.05,0.00,9945
2026-05-09 15:59:21,1,1,1,1051.6,0,4.7,87,1048,1,1.05,0.00,9945,1,1.05,0.00,9945
2026-05-09 15:59:21,1,1,1,1051.6,0,4.7,87,1048,1,1.05,0.00,9945,1,1.05,0.00,9945
2026-05-09 15:59:21,1,1,1,1052.3,0,4.5,83,1049,1,1.07,0.00,6656,1,1.07,0.00,6656
2026-05-09 15:59:21,1,1,1,1052.3,0,4.5,83,1049,1,1.07,0.00,6656,1,1.07,0.00,6656
2026-05-09 15:59:21,1,1,1,1052.1,0,4.4,81,1049,1,1.07,0.00,11432,1,1.07,0.00,11432
2026-05-09 15:59:21,1,1,1,1053.1,0,4.4,81,1050,1,1.07,0.00,11432,1,1.07,0.00,11432
2026-05-09 15:59:21,1,1,1,1053.1,0,4.4,81,1050,1,1.09,0.01,677,1,1.09,0.01,677
2026-05-09 15:59:21,1,1,1,1053.0,0,4.4,80,1050,1,1.09,0.01,677,1,1.09,0.01,677
2026-05-09 15:59:21,1,1,1,1053.0,0,4.4,80,1050,1,1.08,0.01,6185,1,1.08,0.01,6185
2026-05-09 15:59:21,1,1,1,1052.9,0,4.2,78,1050,1,1.08,0.01,6185,1,1.08,0.01,6185
2026-05-09 15:59:22,1,1,1,1052.9,0,4.2,78,1050,1,1.07,0.00,1960,1,1.07,0.00,1960
2026-05-09 15:59:22,1,1,1,1052.7,0,4.1,76,1050,1,1.07,0.00,1960,1,1.07,0.00,1960
2026-05-09 15:59:22,1,1,1,1052.5,0,3.9,72,1050,1,1.07,0.00,1960,1,1.07,0.00,1960
2026-05-09 15:59:22,1,1,1,1052.5,0,3.9,72,1050,1,1.07,0.00,1960,1,1.07,0.00,1960
2026-05-09 15:59:22,1,1,1,1052.2,0,3.7,68,1050,1,1.07,0.00,1960,1,1.07,0.00,1960
2026-05-09 15:59:22,1,1,1,1052.2,0,3.7,68,1050,0,0.00,0.00,0,1,1.07,0.00,1960
2026-05-09 15:59:22,1,1,1,1052.0,0,3.5,65,1050,0,0.00,0.00,0,1,1.07,0.00,1960
2026-05-09 15:59:22,1,1,1,1052.0,0,3.5,65,1050,0,0.00,0.00,0,1,1.07,0.00,1960
2026-05-09 15:59:22,1,1,1,1050.9,0,3.4,63,1049,0,0.00,0.00,0,1,1.07,0.00,1960
2026-05-09 15:59:22,1,1,1,1050.9,0,3.4,63,1049,0,0.00,0.00,0,1,1.07,0.00,1960
2026-05-09 15:59:22,1,1,1,1049.7,0,3.2,59,1048,0,0.00,0.00,0,1,1.07,0.00,1960
2026-05-09 15:59:22,1,1,1,1049.4,0,3.0,55,1048,0,0.00,0.00,0,1,1.07,0.00,1960
2026-05-09 15:59:22,1,1,1,1049.4,0,3.0,55,1048,0,0.00,0.00,0,1,1.07,0.00,1960
2026-05-09 15:59:22,1,1,1,1048.2,0,2.8,51,1047,0,0.00,0.00,0,1,1.07,0.00,1960
2026-05-09 15:59:22,1,1,1,1048.2,0,2.8,51,1047,0,0.00,0.00,0,1,1.02,0.00,4145
2026-05-09 15:59:22,1,1,1,1047.1,0,2.6,48,1046,0,0.00,0.00,0,1,1.02,0.00,4145
2026-05-09 15:59:22,1,1,1,1047.1,0,2.6,48,1046,1,0.91,0.00,3041,1,0.91,0.00,3041
2026-05-09 15:59:22,1,1,1,1047.0,0,2.5,46,1046,1,0.91,0.00,3041,1,0.91,0.00,3041
2026-05-09 15:59:22,1,1,1,1046.0,0,2.5,45,1045,1,0.95,0.00,2452,1,0.95,0.00,2452
2026-05-09 15:59:22,1,1,1,1046.0,0,2.5,45,1045,1,0.95,0.00,2452,1,0.95,0.00,2452
2026-05-09 15:59:23,1,1,1,1046.0,0,2.5,45,1045,1,0.95,0.00,2452,1,0.95,0.00,2452
2026-05-09 15:59:23,1,1,1,1046.0,0,2.5,45,1045,1,0.95,0.00,2452,1,0.95,0.00,2452
2026-05-09 15:59:23,1,1,1,1046.0,0,2.5,45,1045,1,0.98,0.00,3601,1,0.98,0.00,3601
2026-05-09 15:59:23,1,1,1,1046.0,0,2.5,45,1045,1,0.98,0.00,3601,1,0.98,0.00,3601
2026-05-09 15:59:23,1,1,1,1047.0,0,2.5,46,1046,1,1.00,0.01,712,1,1.00,0.01,712
2026-05-09 15:59:23,1,1,1,1047.0,0,2.5,46,1046,1,1.00,0.01,712,1,1.00,0.01,712
2026-05-09 15:59:23,1,1,1,1048.2,0,2.7,50,1047,1,1.01,0.01,5525,1,1.01,0.01,5525
2026-05-09 15:59:23,1,1,1,1050.3,0,2.9,53,1049,1,1.01,0.01,5525,1,1.01,0.01,5525
2026-05-09 15:59:23,1,1,1,1050.3,0,2.9,53,1049,1,1.01,0.01,5525,1,1.01,0.01,5525
2026-05-09 15:59:23,1,1,1,1050.4,0,3.0,55,1049,1,1.01,0.01,5525,1,1.01,0.01,5525
2026-05-09 15:59:23,1,1,1,1050.4,0,3.0,55,1049,1,1.01,0.01,5525,1,1.01,0.01,5525
2026-05-09 15:59:23,1,1,1,1046.8,0,3.3,61,1045,1,1.01,0.01,5525,1,1.01,0.01,5525
2026-05-09 15:59:23,1,1,1,1046.8,0,3.3,61,1045,1,1.01,0.01,5525,1,1.01,0.01,5525
2026-05-09 15:59:23,1,1,1,1042.9,0,3.5,63,1041,1,1.01,0.01,5525,1,1.01,0.01,5525
2026-05-09 15:59:23,1,1,1,1039.8,0,3.4,62,1038,1,1.01,0.01,5525,1,1.01,0.01,5525
2026-05-09 15:59:23,1,1,1,1039.8,0,3.4,62,1038,1,1.01,0.01,5525,1,1.01,0.01,5525
2026-05-09 15:59:23,1,1,1,1039.8,0,3.4,62,1038,1,1.02,0.00,1746,1,1.02,0.00,1746
2026-05-09 15:59:23,1,1,1,1039.8,0,3.4,62,1038,1,1.02,0.00,1746,1,1.02,0.00,1746
2026-05-09 15:59:23,1,1,1,1041.8,0,3.4,61,1040,1,1.04,0.00,1258,1,1.04,0.00,1258
2026-05-09 15:59:23,1,1,1,1041.8,0,3.4,61,1040,1,1.04,0.00,1258,1,1.04,0.00,1258
2026-05-09 15:59:24,1,1,1,1044.7,0,3.2,59,1043,1,1.03,0.00,810,1,1.03,0.00,810
2026-05-09 15:59:24,1,1,1,1044.7,0,3.2,59,1043,0,0.00,0.00,0,1,1.03,0.00,810
2026-05-09 15:59:24,1,1,1,1044.4,0,3.0,55,1043,0,0.00,0.00,0,1,1.05,0.00,890
2026-05-09 15:59:24,1,1,1,1043.2,0,2.8,51,1042,0,0.00,0.00,0,1,1.05,0.00,890
2026-05-09 15:59:24,1,1,1,1043.2,0,2.8,51,1042,0,0.00,0.00,0,1,0.99,0.00,610
2026-05-09 15:59:24,1,1,1,1043.1,0,2.6,48,1042,0,0.00,0.00,0,1,0.99,0.00,610
2026-05-09 15:59:24,1,1,1,1043.1,0,2.6,48,1042,0,0.00,0.00,0,1,0.99,0.00,6932
2026-05-09 15:59:24,1,1,1,1042.2,0,2.7,49,1041,0,0.00,0.00,0,1,0.99,0.00,6932
2026-05-09 15:59:24,1,1,1,1042.2,0,2.7,49,1041,1,0.99,0.00,10642,1,0.99,0.00,10642
2026-05-09 15:59:24,1,1,1,1040.4,0,2.9,53,1039,1,0.99,0.00,10642,1,0.99,0.00,10642
2026-05-09 15:59:24,1,1,1,1040.4,0,2.9,53,1039,1,1.00,0.00,14708,1,1.00,0.00,14708
2026-05-09 15:59:24,1,1,1,1040.6,0,3.1,57,1039,1,1.00,0.00,14708,1,1.00,0.00,14708
2026-05-09 15:59:24,1,1,1,1039.6,0,3.1,57,1038,1,1.01,0.00,4273,1,1.01,0.00,4273
2026-05-09 15:59:24,1,1,1,1039.6,0,3.1,57,1038,1,1.01,0.00,4273,1,1.01,0.00,4273
2026-05-09 15:59:24,1,1,1,1039.3,0,2.8,51,1038,1,1.01,0.00,2989,1,1.01,0.00,2989
2026-05-09 15:59:24,1,1,1,1039.3,0,2.8,51,1038,1,1.01,0.00,2989,1,1.01,0.00,2989
2026-05-09 15:59:24,1,1,1,1039.1,0,2.6,48,1038,1,1.01,0.00,2989,1,1.01,0.00,2989
2026-05-09 15:59:24,1,1,1,1039.1,0,2.6,48,1038,1,1.01,0.00,2989,1,1.01,0.00,2989
2026-05-09 15:59:24,1,1,1,1038.3,0,2.8,51,1037,1,1.01,0.00,27424,1,1.01,0.00,27424
2026-05-09 15:59:24,1,1,1,1036.2,0,2.7,49,1035,1,1.01,0.00,27424,1,1.01,0.00,27424
2026-05-09 15:59:25,1,1,1,1036.2,0,2.7,49,1035,1,1.01,0.00,3449,1,1.01,0.00,3449
2026-05-09 15:59:25,1,1,1,1037.2,0,2.7,49,1036,1,1.01,0.00,3449,1,1.01,0.00,3449
2026-05-09 15:59:25,1,1,1,1037.2,0,2.7,49,1036,1,1.01,0.00,6642,1,1.01,0.00,6642
2026-05-09 15:59:25,1,1,1,1039.4,0,2.9,53,1038,1,1.01,0.00,6642,1,1.01,0.00,6642
2026-05-09 15:59:25,1,1,1,1039.4,0,2.9,53,1038,1,1.01,0.00,5305,1,1.01,0.00,5305
2026-05-09 15:59:25,1,1,1,1040.4,0,3.0,54,1039,1,1.01,0.00,5305,1,1.01,0.00,5305
2026-05-09 15:59:25,1,1,1,1040.4,0,3.0,54,1039,1,1.01,0.00,9250,1,1.01,0.00,9250
2026-05-09 15:59:25,1,1,1,1040.1,0,2.6,48,1039,1,1.01,0.00,9250,1,1.01,0.00,9250
2026-05-09 15:59:25,1,1,1,1036.8,0,2.2,40,1036,1,1.01,0.00,8660,1,1.01,0.00,8660
2026-05-09 15:59:25,1,1,1,1036.8,0,2.2,40,1036,1,1.01,0.00,8660,1,1.01,0.00,8660
2026-05-09 15:59:25,1,1,1,1031.4,0,1.6,29,1031,1,1.01,0.00,12469,1,1.01,0.00,12469
2026-05-09 15:59:25,1,1,1,1031.4,0,1.6,29,1031,1,1.01,0.00,12469,1,1.01,0.00,12469
2026-05-09 15:59:25,1,1,1,1025.2,0,1.1,19,1025,1,1.01,0.00,976,1,1.01,0.00,976
2026-05-09 15:59:25,1,1,1,1025.2,0,1.1,19,1025,1,1.01,0.00,976,1,1.01,0.00,976
2026-05-09 15:59:25,1,1,1,1023.2,0,1.2,22,1023,1,1.02,0.00,6010,1,1.02,0.00,6010
2026-05-09 15:59:25,1,1,1,1024.5,0,1.7,31,1024,1,1.02,0.00,6010,1,1.02,0.00,6010
2026-05-09 15:59:25,1,1,1,1024.5,0,1.7,31,1024,1,1.02,0.00,14020,1,1.02,0.00,14020
2026-05-09 15:59:25,1,1,1,1025.0,0,2.5,45,1024,1,1.02,0.00,14020,1,1.02,0.00,14020
2026-05-09 15:59:25,1,1,1,1025.0,0,2.5,45,1024,1,1.02,0.00,3425,1,1.02,0.00,3425
2026-05-09 15:59:25,1,1,1,1023.8,0,3.4,60,1022,1,1.02,0.00,3425,1,1.02,0.00,3425
2026-05-09 15:59:26,1,1,1,1023.8,0,3.4,60,1022,1,1.02,0.00,3425,1,1.02,0.00,3425
2026-05-09 15:59:26,1,1,1,1024.5,0,4.0,72,1022,1,1.02,0.00,3425,1,1.02,0.00,3425
2026-05-09 15:59:26,1,1,1,1024.5,0,4.0,72,1022,1,1.02,0.00,1985,1,1.02,0.00,1985
2026-05-09 15:59:26,1,1,1,1030.6,0,4.1,73,1028,1,1.02,0.00,1985,1,1.02,0.00,1985
2026-05-09 15:59:26,1,1,1,1032.7,0,4.2,75,1030,1,1.02,0.00,29609,1,1.02,0.00,29609
2026-05-09 15:59:26,1,1,1,1032.7,0,4.2,75,1030,1,1.02,0.00,29609,1,1.02,0.00,29609
2026-05-09 15:59:26,1,1,1,1033.5,0,4.7,85,1030,1,1.03,0.00,37593,1,1.03,0.00,37593
2026-05-09 15:59:26,1,1,1,1033.5,0,4.7,85,1030,1,1.03,0.00,37593,1,1.03,0.00,37593
2026-05-09 15:59:26,1,1,1,1032.0,0,5.6,101,1027,1,1.03,0.00,4033,1,1.03,0.00,4033
2026-05-09 15:59:26,1,1,1,1032.0,0,5.6,101,1027,1,1.03,0.00,4033,1,1.03,0.00,4033
2026-05-09 15:59:26,1,1,1,1030.8,0,6.6,118,1024,1,1.03,0.00,4033,1,1.03,0.00,4033
2026-05-09 15:59:26,1,1,1,1029.3,0,7.7,138,1020,1,1.03,0.00,4033,1,1.03,0.00,4033
2026-05-09 15:59:26,1,1,1,1029.3,0,7.7,138,1020,1,1.03,0.00,4033,1,1.03,0.00,4033
2026-05-09 15:59:26,1,1,1,1030.0,0,8.4,150,1019,1,1.03,0.00,4033,1,1.03,0.00,4033
2026-05-09 15:59:26,1,1,1,1030.0,0,8.4,150,1019,1,1.03,0.00,4033,1,1.03,0.00,4033
2026-05-09 15:59:26,1,1,1,1027.3,0,8.5,152,1016,1,1.03,0.00,4033,1,1.03,0.00,4033
2026-05-09 15:59:26,1,1,1,1027.3,0,8.5,152,1016,1,1.02,0.00,8296,1,1.02,0.00,8296
2026-05-09 15:59:26,1,1,1,1027.0,0,8.4,150,1016,1,1.02,0.00,8296,1,1.02,0.00,8296
2026-05-09 15:59:26,1,1,1,1027.0,0,8.4,150,1016,1,1.02,0.00,8506,1,1.02,0.00,8506
2026-05-09 15:59:26,1,1,1,1027.9,0,8.3,149,1017,1,1.02,0.00,8506,1,1.02,0.00,8506
2026-05-09 15:59:27,1,1,1,1030.0,0,8.4,150,1019,1,1.03,0.00,62305,1,1.03,0.00,62305
2026-05-09 15:59:27,1,1,1,1030.0,0,8.4,150,1019,1,1.03,0.00,62305,1,1.03,0.00,62305
2026-05-09 15:59:27,1,1,1,1031.0,0,8.4,150,1020,1,1.03,0.00,15277,1,1.03,0.00,15277
2026-05-09 15:59:27,1,1,1,1031.0,0,8.4,150,1020,1,1.03,0.00,15277,1,1.03,0.00,15277
2026-05-09 15:59:27,1,1,1,1032.0,0,8.4,150,1021,1,1.03,0.00,36562,1,1.03,0.00,36562
2026-05-09 15:59:27,1,1,1,1032.0,0,8.4,150,1021,1,1.03,0.00,36562,1,1.03,0.00,36562
2026-05-09 15:59:27,1,1,1,1033.7,0,8.2,148,1023,1,1.03,0.00,16573,1,1.03,0.00,16573
2026-05-09 15:59:27,1,1,1,1034.4,0,8.1,146,1024,1,1.03,0.00,16573,1,1.03,0.00,16573
2026-05-09 15:59:27,1,1,1,1034.4,0,8.1,146,1024,1,1.03,0.00,2560,1,1.03,0.00,2560
2026-05-09 15:59:27,1,1,1,1034.1,0,8.0,144,1024,1,1.03,0.00,2560,1,1.03,0.00,2560
2026-05-09 15:59:27,1,1,1,1034.1,0,8.0,144,1024,1,1.02,0.00,3146,1,1.02,0.00,3146
2026-05-09 15:59:27,1,1,1,1035.1,0,8.0,144,1025,1,1.02,0.00,3146,1,1.02,0.00,3146
2026-05-09 15:59:27,1,1,1,1035.1,0,8.0,144,1025,1,1.02,0.00,8181,1,1.02,0.00,8181
2026-05-09 15:59:27,1,1,1,1035.6,0,8.2,148,1025,1,1.02,0.00,8181,1,1.02,0.00,8181
2026-05-09 15:59:27,1,1,1,1035.6,0,8.2,148,1025,1,1.02,0.00,8181,1,1.02,0.00,8181
2026-05-09 15:59:27,1,1,1,1035.4,0,8.5,153,1024,1,1.02,0.00,8181,1,1.02,0.00,8181
2026-05-09 15:59:27,1,1,1,1035.0,0,8.7,157,1023,1,1.03,0.00,1690,1,1.03,0.00,1690
2026-05-09 15:59:27,1,1,1,1035.0,0,8.7,157,1023,1,1.03,0.00,1690,1,1.03,0.00,1690
2026-05-09 15:59:27,1,1,1,1033.2,0,8.8,158,1021,1,1.03,0.00,2993,1,1.03,0.00,2993
2026-05-09 15:59:27,1,1,1,1033.2,0,8.8,158,1021,1,1.03,0.00,2993,1,1.03,0.00,2993
2026-05-09 15:59:28,1,1,1,1033.5,0,8.6,154,1022,1,1.02,0.00,3530,1,1.02,0.00,3530
2026-05-09 15:59:28,1,1,1,1033.5,0,8.6,154,1022,1,1.02,0.00,3530,1,1.02,0.00,3530
2026-05-09 15:59:28,1,1,1,1032.7,0,8.2,148,1022,1,1.02,0.00,8356,1,1.02,0.00,8356
2026-05-09 15:59:28,1,1,1,1033.8,0,7.9,142,1024,1,1.02,0.00,8356,1,1.02,0.00,8356
2026-05-09 15:59:28,1,1,1,1033.8,0,7.9,142,1024,1,1.02,0.00,13192,1,1.02,0.00,13192
2026-05-09 15:59:28,1,1,1,1034.2,0,7.7,138,1025,1,1.02,0.00,13192,1,1.02,0.00,13192
2026-05-09 15:59:28,1,1,1,1034.2,0,7.7,138,1025,1,1.03,0.00,5968,1,1.03,0.00,5968
2026-05-09 15:59:28,1,1,1,1036.4,0,7.7,139,1027,1,1.03,0.00,5968,1,1.03,0.00,5968
2026-05-09 15:59:28,1,1,1,1036.4,0,7.7,139,1027,1,1.03,0.00,8269,1,1.03,0.00,8269
2026-05-09 15:59:28,1,1,1,1036.1,0,8.0,144,1026,1,1.03,0.00,8269,1,1.03,0.00,8269
2026-05-09 15:59:28,1,1,1,1036.1,0,8.0,144,1026,1,1.03,0.00,425,1,1.03,0.00,425
2026-05-09 15:59:28,1,1,1,1036.2,0,8.4,152,1025,1,1.03,0.00,425,1,1.03,0.00,425
2026-05-09 15:59:28,1,1,1,1034.5,0,8.6,154,1023,1,1.03,0.00,425,1,1.03,0.00,425
2026-05-09 15:59:28,1,1,1,1034.5,0,8.6,154,1023,1,1.03,0.00,425,1,1.03,0.00,425
2026-05-09 15:59:28,1,1,1,1034.2,0,8.5,152,1023,1,1.03,0.00,1360,1,1.03,0.00,1360
2026-05-09 15:59:28,1,1,1,1034.2,0,8.5,152,1023,0,0.00,0.00,0,1,1.03,0.00,1360
2026-05-09 15:59:28,1,1,1,1034.9,0,8.3,150,1024,0,0.00,0.00,0,1,1.04,0.00,3969
2026-05-09 15:59:28,1,1,1,1034.9,0,8.3,150,1024,0,0.00,0.00,0,1,1.04,0.00,3969
2026-05-09 15:59:28,1,1,1,1035.9,0,8.3,150,1025,1,1.04,0.00,4337,1,1.04,0.00,4337
2026-05-09 15:59:28,1,1,1,1035.9,0,8.3,150,1025,1,1.04,0.00,4337,1,1.04,0.00,4337
2026-05-09 15:59:29,1,1,1,1038.5,0,8.1,147,1028,1,1.03,0.00,1274,1,1.03,0.00,1274
2026-05-09 15:59:29,1,1,1,1046.4,0,7.2,132,1038,1,1.03,0.00,1274,1,1.03,0.00,1274
2026-05-09 15:59:29,1,1,1,1046.4,0,7.2,132,1038,1,1.03,0.00,1088,1,1.03,0.00,1088
2026-05-09 15:59:29,1,1,1,1049.7,0,6.9,127,1042,1,1.03,0.00,1088,1,1.03,0.00,1088
2026-05-09 15:59:29,1,1,1,1049.7,0,6.9,127,1042,1,1.03,0.00,1088,1,1.03,0.00,1088
2026-05-09 15:59:29,1,1,1,1052.1,0,6.7,122,1045,0,0.00,0.00,0,1,1.03,0.00,1088
2026-05-09 15:59:29,1,1,1,1052.1,0,6.7,122,1045,0,0.00,0.00,0,1,1.03,0.00,1088
2026-05-09 15:59:29,1,1,1,1053.1,0,6.7,122,1046,0,0.00,0.00,0,1,1.03,0.00,1088
2026-05-09 15:59:29,1,1,1,1051.6,0,6.9,126,1044,0,0.00,0.00,0,1,1.03,0.00,1088
2026-05-09 15:59:29,1,1,1,1051.6,0,6.9,126,1044,0,0.00,0.00,0,1,1.03,0.00,1088
2026-05-09 15:59:29,1,1,1,1045.1,0,7.1,130,1037,0,0.00,0.00,0,1,1.00,0.00,2441
2026-05-09 15:59:29,1,1,1,1045.1,0,7.1,130,1037,0,0.00,0.00,0,1,1.00,0.00,2441
2026-05-09 15:59:29,1,1,1,1039.5,0,7.4,133,1031,0,0.00,0.00,0,1,1.02,0.00,2650
2026-05-09 15:59:29,1,1,1,1039.5,0,7.4,133,1031,0,0.00,0.00,0,1,1.02,0.00,2650
2026-05-09 15:59:29,1,1,1,1036.6,0,7.4,133,1028,0,0.00,0.00,0,1,1.02,0.00,25810
2026-05-09 15:59:29,1,1,1,1036.6,0,7.4,133,1028,0,0.00,0.00,0,1,1.02,0.00,25810
2026-05-09 15:59:29,1,1,1,1035.6,0,7.4,133,1027,1,1.03,0.00,19585,1,1.03,0.00,19585
2026-05-09 15:59:29,1,1,1,1036.6,0,7.4,133,1028,1,1.03,0.00,19585,1,1.03,0.00,19585
2026-05-09 15:59:29,1,1,1,1036.6,0,7.4,133,1028,1,1.03,0.00,3005,1,1.03,0.00,3005
2026-05-09 15:59:29,1,1,1,1037.3,0,7.3,131,1029,1,1.03,0.00,3005,1,1.03,0.00,3005
2026-05-09 15:59:30,1,1,1,1037.3,0,7.3,131,1029,1,1.03,0.00,6282,1,1.03,0.00,6282
2026-05-09 15:59:30,1,1,1,1038.4,0,7.3,132,1030,1,1.03,0.00,6282,1,1.03,0.00,6282
2026-05-09 15:59:30,1,1,1,1038.4,0,7.3,132,1030,1,1.02,0.00,794,1,1.02,0.00,794
2026-05-09 15:59:30,1,1,1,1035.7,0,7.4,134,1027,1,1.02,0.00,794,1,1.02,0.00,794
2026-05-09 15:59:30,1,1,1,1030.2,0,7.6,137,1021,1,1.04,0.00,605,1,1.04,0.00,605
2026-05-09 15:59:30,1,1,1,1030.2,0,7.6,137,1021,1,1.04,0.00,605,1,1.04,0.00,605
2026-05-09 15:59:30,1,1,1,1022.0,0,7.6,135,1013,1,1.07,0.01,872,1,1.07,0.01,872
2026-05-09 15:59:30,1,1,1,1022.0,0,7.6,135,1013,0,0.00,0.00,0,1,1.07,0.01,872
2026-05-09 15:59:30,1,1,1,1016.0,0,7.6,135,1007,0,0.00,0.00,0,1,1.09,0.02,1544
2026-05-09 15:59:30,1,1,1,1016.0,0,7.6,135,1007,0,0.00,0.00,0,1,1.09,0.02,1544
2026-05-09 15:59:30,1,1,1,1015.7,0,7.5,133,1007,0,0.00,0.00,0,1,1.08,0.01,241
2026-05-09 15:59:30,1,1,1,1015.7,0,7.5,133,1007,0,0.00,0.00,0,1,1.08,0.01,241
2026-05-09 15:59:30,1,1,1,1017.6,0,7.5,132,1009,0,0.00,0.00,0,1,1.10,0.02,2465
2026-05-09 15:59:30,1,1,1,1019.7,0,7.5,133,1011,0,0.00,0.00,0,1,1.10,0.02,2465
2026-05-09 15:59:30,1,1,1,1019.7,0,7.5,133,1011,0,0.00,0.00,0,1,1.12,0.02,4321
2026-05-09 15:59:30,1,1,1,1020.7,0,7.5,133,1012,0,0.00,0.00,0,1,1.12,0.02,4321
2026-05-09 15:59:30,1,1,1,1020.7,0,7.5,133,1012,1,1.11,0.01,4160,1,1.11,0.01,4160
2026-05-09 15:59:30,1,1,1,1019.7,0,7.5,133,1011,1,1.11,0.01,4160,1,1.11,0.01,4160
2026-05-09 15:59:30,1,1,1,1019.7,0,7.5,133,1011,1,1.10,0.01,4153,1,1.10,0.01,4153
2026-05-09 15:59:30,1,1,1,1018.9,0,7.2,127,1011,1,1.10,0.01,4153,1,1.10,0.01,4153
2026-05-09 15:59:31,1,1,1,1016.1,0,6.8,120,1009,1,1.10,0.00,7085,1,1.10,0.00,7085
2026-05-09 15:59:31,1,1,1,1016.1,0,6.8,120,1009,1,1.10,0.00,7085,1,1.10,0.00,7085
2026-05-09 15:59:31,1,1,1,1015.9,0,6.7,118,1009,1,1.09,0.00,9396,1,1.09,0.00,9396
2026-05-09 15:59:31,1,1,1,1015.9,0,6.7,118,1009,1,1.09,0.00,9396,1,1.09,0.00,9396
2026-05-09 15:59:31,1,1,1,1016.1,0,6.8,120,1009,1,1.09,0.00,6929,1,1.09,0.00,6929
2026-05-09 15:59:31,1,1,1,1016.1,0,6.8,120,1009,1,1.09,0.00,6929,1,1.09,0.00,6929
2026-05-09 15:59:31,1,1,1,1016.3,0,6.9,122,1009,1,1.08,0.00,2897,1,1.08,0.00,2897
2026-05-09 15:59:31,1,1,1,1016.3,0,6.9,122,1009,1,1.08,0.00,2897,1,1.08,0.00,2897
2026-05-09 15:59:31,1,1,1,1016.6,0,7.0,124,1009,1,1.08,0.00,2897,1,1.08,0.00,2897
2026-05-09 15:59:31,1,1,1,1016.7,0,7.1,125,1009,1,1.08,0.00,2897,1,1.08,0.00,2897
2026-05-09 15:59:31,1,1,1,1016.7,0,7.1,125,1009,1,1.08,0.00,538,1,1.08,0.00,538
2026-05-09 15:59:31,1,1,1,1014.9,0,7.1,126,1007,0,0.00,0.00,0,1,1.08,0.00,538
2026-05-09 15:59:31,1,1,1,1014.9,0,7.1,126,1007,0,0.00,0.00,0,1,1.08,0.00,884
2026-05-09 15:59:31,1,1,1,1014.0,0,7.2,127,1006,0,0.00,0.00,0,1,1.08,0.00,884
2026-05-09 15:59:31,1,1,1,1014.0,0,7.2,127,1006,0,0.00,0.00,0,1,1.07,0.00,1021
2026-05-09 15:59:31,1,1,1,1014.7,0,7.1,125,1007,0,0.00,0.00,0,1,1.07,0.00,1021
2026-05-09 15:59:31,1,1,1,1017.6,0,7.0,124,1010,0,0.00,0.00,0,1,1.07,0.00,1021
2026-05-09 15:59:31,1,1,1,1017.6,0,7.0,124,1010,0,0.00,0.00,0,1,1.07,0.00,1021
2026-05-09 15:59:31,1,1,1,1017.2,0,6.8,121,1010,0,0.00,0.00,0,1,1.07,0.00,1021
2026-05-09 15:59:31,1,1,1,1017.2,0,6.8,121,1010,0,0.00,0.00,0,1,1.07,0.00,1021
2026-05-09 15:59:32,1,1,1,1016.8,0,6.6,117,1010,0,0.00,0.00,0,1,1.07,0.00,1021
2026-05-09 15:59:32,1,1,1,1016.8,0,6.6,117,1010,0,0.00,0.00,0,1,1.07,0.00,1021
2026-05-09 15:59:32,1,1,1,1016.9,0,6.7,118,1010,0,0.00,0.00,0,1,1.07,0.00,1021
2026-05-09 15:59:32,1,1,1,1016.9,0,6.7,118,1010,0,0.00,0.00,0,1,1.07,0.00,1021
2026-05-09 15:59:32,1,1,1,1016.6,0,6.6,116,1010,0,0.00,0.00,0,1,1.06,0.01,641
2026-05-09 15:59:32,1,1,1,1016.4,0,6.4,114,1010,0,0.00,0.00,0,1,1.06,0.01,641
2026-05-09 15:59:32,1,1,1,1016.4,0,6.4,114,1010,0,0.00,0.00,0,1,1.03,0.00,584
2026-05-09 15:59:32,1,1,1,1014.3,0,6.4,113,1008,0,0.00,0.00,0,1,1.03,0.00,584
2026-05-09 15:59:32,1,1,1,1014.3,0,6.4,113,1008,0,0.00,0.00,0,1,1.04,0.00,2621
2026-05-09 15:59:32,1,1,1,1012.3,0,6.4,113,1006,0,0.00,0.00,0,1,1.04,0.00,2621
2026-05-09 15:59:32,1,1,1,1012.3,0,6.4,113,1006,0,0.00,0.00,0,1,1.04,0.00,21960
2026-05-09 15:59:42,1,1,1,1240.3,0,14.1,302,1203,0,0.00,0.00,0,1,1.11,0.02,900
2026-05-09 15:59:42,1,1,1,1241.8,0,14.2,304,1204,0,0.00,0.00,0,1,1.11,0.02,900
2026-05-09 15:59:42,1,1,1,1241.8,0,14.2,304,1204,0,0.00,0.00,0,1,1.11,0.02,900
2026-05-09 15:59:42,1,1,1,1241.8,0,14.2,304,1204,0,0.00,0.00,0,1,1.11,0.02,900
2026-05-09 15:59:42,1,1,1,1242.8,0,14.2,304,1205,0,0.00,0.00,0,1,1.11,0.02,900
2026-05-09 15:59:42,1,1,1,1242.8,0,14.2,304,1205,0,0.00,0.00,0,1,1.11,0.02,900
2026-05-09 15:59:42,1,1,1,1243.0,0,14.2,305,1205,0,0.00,0.00,0,1,1.11,0.02,900
2026-05-09 15:59:42,1,1,1,1243.0,0,14.2,305,1205,0,0.00,0.00,0,1,1.11,0.02,900
2026-05-09 15:59:42,1,1,1,1244.0,0,14.2,305,1206,0,0.00,0.00,0,1,1.11,0.02,900
2026-05-09 15:59:43,1,1,1,1244.0,0,14.2,305,1206,0,0.00,0.00,0,1,1.11,0.02,900
2026-05-09 15:59:43,1,1,1,1243.2,0,14.2,306,1205,0,0.00,0.00,0,1,1.11,0.02,900
2026-05-09 15:59:43,1,1,1,1243.2,0,14.2,306,1205,0,0.00,0.00,0,1,1.11,0.02,900
2026-05-09 15:59:43,1,1,1,1243.7,0,14.3,308,1205,0,0.00,0.00,0,1,1.11,0.02,900
2026-05-09 15:59:43,1,1,1,1244.0,0,14.6,313,1204,0,0.00,0.00,0,1,1.11,0.02,900
2026-05-09 15:59:43,1,1,1,1244.0,0,14.6,313,1204,0,0.00,0.00,0,1,1.11,0.02,900
2026-05-09 15:59:43,1,1,1,1244.6,0,14.9,319,1203,0,0.00,0.00,0,1,1.11,0.02,900
2026-05-09 15:59:43,1,1,1,1244.6,0,14.9,319,1203,0,0.00,0.00,0,0,0.00,0.00,0
2026-05-09 15:59:43,1,1,1,1243.6,0,14.9,319,1202,0,0.00,0.00,0,0,0.00,0.00,0
2026-05-09 15:59:43,1,1,1,1243.6,0,14.9,319,1202,0,0.00,0.00,0,0,0.00,0.00,0
2026-05-09 15:59:43,1,1,1,1236.6,0,14.9,318,1195,0,0.00,0.00,0,0,0.00,0.00,0
2026-05-09 15:59:43,1,1,1,1234.7,0,14.9,318,1193,0,0.00,0.00,0,0,0.00,0.00,0
2026-05-09 15:59:43,1,1,1,1234.7,0,14.9,318,1193,0,0.00,0.00,0,0,0.00,0.00,0
2026-05-09 15:59:43,1,1,1,1235.2,0,15.0,320,1193,0,0.00,0.00,0,0,0.00,0.00,0
2026-05-09 15:59:43,1,1,1,1235.2,0,15.0,320,1193,0,0.00,0.00,0,0,0.00,0.00,0
2026-05-09 15:59:43,1,1,1,1235.4,0,15.1,321,1193,0,0.00,0.00,0,0,0.00,0.00,0
2026-05-09 15:59:43,1,1,1,1235.4,0,15.1,321,1193,0,0.00,0.00,0,0,0.00,0.00,0
2026-05-09 15:59:43,1,1,1,1237.6,0,15.1,322,1195,0,0.00,0.00,0,0,0.00,0.00,0
2026-05-09 15:59:43,1,1,1,1237.6,0,15.1,322,1195,0,0.00,0.00,0,0,0.00,0.00,0
2026-05-09 15:59:43,1,1,1,1241.0,0,15.1,324,1198,0,0.00,0.00,0,0,0.00,0.00,0
2026-05-09 15:59:44,1,1,1,1244.2,0,15.1,325,1201,0,0.00,0.00,0,0,0.00,0.00,0
2026-05-09 15:59:44,1,1,1,1244.2,0,15.1,325,1201,0,0.00,0.00,0,0,0.00,0.00,0
2026-05-09 15:59:44,1,1,1,1247.4,0,15.2,326,1204,0,0.00,0.00,0,0,0.00,0.00,0
2026-05-09 15:59:44,1,1,1,1247.4,0,15.2,326,1204,0,0.00,0.00,0,0,0.00,0.00,0
2026-05-09 15:59:44,1,1,1,1250.5,0,15.2,327,1207,0,0.00,0.00,0,0,0.00,0.00,0
2026-05-09 15:59:44,1,1,1,1250.5,0,15.2,327,1207,0,0.00,0.00,0,0,0.00,0.00,0
2026-05-09 15:59:44,1,1,1,1250.5,0,15.2,327,1207,0,0.00,0.00,0,0,0.00,0.00,0
2026-05-09 15:59:44,1,1,1,1249.3,0,15.1,326,1206,0,0.00,0.00,0,0,0.00,0.00,0
2026-05-09 15:59:44,1,1,1,1249.3,0,15.1,326,1206,0,0.00,0.00,0,0,0.00,0.00,0
2026-05-09 15:59:44,1,1,1,1248.3,0,15.1,326,1205,0,0.00,0.00,0,0,0.00,0.00,0
2026-05-09 15:59:44,1,1,1,1248.3,0,15.1,326,1205,0,0.00,0.00,0,1,1.06,0.00,5305
2026-05-09 15:59:44,1,1,1,1246.7,0,15.2,327,1203,0,0.00,0.00,0,1,1.06,0.00,5305
2026-05-09 15:59:44,1,1,1,1246.7,0,15.2,327,1203,0,0.00,0.00,0,1,1.16,0.00,1450
2026-05-09 15:59:44,1,1,1,1245.7,0,15.2,327,1202,0,0.00,0.00,0,1,1.16,0.00,1450
2026-05-09 15:59:44,1,1,1,1245.7,0,15.2,327,1202,0,0.00,0.00,0,1,1.19,0.00,530
2026-05-09 15:59:44,1,1,1,1244.5,0,15.2,326,1201,0,0.00,0.00,0,1,1.19,0.00,530
2026-05-09 15:59:44,1,1,1,1243.2,0,15.2,325,1200,0,0.00,0.00,0,1,1.21,0.00,361
2026-05-09 15:59:44,1,1,1,1243.2,0,15.2,325,1200,0,0.00,0.00,0,1,1.21,0.00,361
2026-05-09 15:59:44,1,1,1,1240.3,0,15.2,325,1197,0,0.00,0.00,0,1,1.21,0.00,361
2026-05-09 15:59:44,1,1,1,1240.3,0,15.2,325,1197,0,0.00,0.00,0,1,1.21,0.00,361
2026-05-09 15:59:45,1,1,1,1238.1,0,15.2,324,1195,0,0.00,0.00,0,1,1.21,0.00,361
2026-05-09 15:59:45,1,1,1,1238.1,0,15.2,324,1195,0,0.00,0.00,0,1,1.21,0.00,361
2026-05-09 15:59:45,1,1,1,1236.2,0,15.2,324,1193,0,0.00,0.00,0,1,1.21,0.00,361
2026-05-09 15:59:45,1,1,1,1234.0,0,15.2,323,1191,0,0.00,0.00,0,1,1.21,0.00,361
2026-05-09 15:59:45,1,1,1,1234.0,0,15.2,323,1191,0,0.00,0.00,0,1,1.26,0.00,2308
2026-05-09 15:59:45,1,1,1,1232.5,0,15.1,321,1190,0,0.00,0.00,0,1,1.26,0.00,2308
2026-05-09 15:59:45,1,1,1,1232.5,0,15.1,321,1190,0,0.00,0.00,0,1,1.26,0.00,1321
2026-05-09 15:59:45,1,1,1,1232.0,0,15.0,319,1190,0,0.00,0.00,0,1,1.26,0.00,1321
2026-05-09 15:59:45,1,1,1,1232.0,0,15.0,319,1190,0,0.00,0.00,0,1,1.26,0.00,680
2026-05-09 15:59:45,1,1,1,1231.8,0,15.0,318,1190,0,0.00,0.00,0,1,1.26,0.00,680
2026-05-09 15:59:45,1,1,1,1231.8,0,15.0,318,1190,0,0.00,0.00,0,1,1.26,0.00,680
2026-05-09 15:59:45,1,1,1,1232.5,0,14.9,317,1191,0,0.00,0.00,0,1,1.26,0.00,680
2026-05-09 15:59:45,1,1,1,1233.2,0,14.8,316,1192,0,0.00,0.00,0,1,1.25,0.00,157
2026-05-09 15:59:45,1,1,1,1233.2,0,14.8,316,1192,0,0.00,0.00,0,1,1.25,0.00,157
2026-05-09 15:59:45,1,1,1,1234.9,0,14.8,315,1194,0,0.00,0.00,0,1,1.25,0.00,157
2026-05-09 15:59:45,1,1,1,1234.9,0,14.8,315,1194,0,0.00,0.00,0,1,1.25,0.00,157
2026-05-09 15:59:45,1,1,1,1234.8,0,14.6,311,1195,0,0.00,0.00,0,1,1.25,0.00,157
2026-05-09 15:59:45,1,1,1,1234.8,0,14.6,311,1195,0,0.00,0.00,0,1,1.25,0.00,157
2026-05-09 15:59:45,1,1,1,1234.3,0,14.5,309,1195,0,0.00,0.00,0,1,1.25,0.00,157
2026-05-09 15:59:45,1,1,1,1234.3,0,14.5,309,1195,0,0.00,0.00,0,1,1.25,0.00,157
2026-05-09 15:59:46,1,1,1,1232.1,0,14.5,308,1193,0,0.00,0.00,0,1,1.25,0.00,157
2026-05-09 15:59:46,1,1,1,1228.0,0,14.5,307,1189,0,0.00,0.00,0,1,1.25,0.00,157
2026-05-09 15:59:46,1,1,1,1228.0,0,14.5,307,1189,0,0.00,0.00,0,1,1.25,0.00,157
2026-05-09 15:59:46,1,1,1,1223.9,0,14.5,306,1185,0,0.00,0.00,0,1,1.25,0.00,157
2026-05-09 15:59:46,1,1,1,1223.9,0,14.5,306,1185,0,0.00,0.00,0,1,1.25,0.00,157
2026-05-09 15:59:46,1,1,1,1226.3,0,14.4,304,1188,0,0.00,0.00,0,1,1.25,0.00,157
2026-05-09 15:59:46,1,1,1,1226.3,0,14.4,304,1188,0,0.00,0.00,0,0,0.00,0.00,0
2026-05-09 15:59:46,1,1,1,1229.7,0,14.2,302,1192,0,0.00,0.00,0,0,0.00,0.00,0
2026-05-09 15:59:46,1,1,1,1233.1,0,14.1,300,1196,0,0.00,0.00,0,0,0.00,0.00,0
2026-05-09 15:59:46,1,1,1,1233.1,0,14.1,300,1196,0,0.00,0.00,0,0,0.00,0.00,0
2026-05-09 15:59:46,1,1,1,1232.3,0,14.1,301,1195,0,0.00,0.00,0,0,0.00,0.00,0
2026-05-09 15:59:46,1,1,1,1232.3,0,14.1,301,1195,0,0.00,0.00,0,0,0.00,0.00,0
2026-05-09 15:59:46,1,1,1,1231.1,0,14.3,304,1193,0,0.00,0.00,0,0,0.00,0.00,0
2026-05-09 15:59:46,1,1,1,1231.1,0,14.3,304,1193,0,0.00,0.00,0,0,0.00,0.00,0
2026-05-09 15:59:46,1,1,1,1228.7,0,14.4,306,1190,0,0.00,0.00,0,0,0.00,0.00,0
2026-05-09 15:59:46,1,1,1,1228.7,0,14.4,306,1190,0,0.00,0.00,0,0,0.00,0.00,0
2026-05-09 15:59:46,1,1,1,1226.1,0,14.5,307,1187,0,0.00,0.00,0,0,0.00,0.00,0
2026-05-09 15:59:46,1,1,1,1223.7,0,14.6,309,1184,0,0.00,0.00,0,0,0.00,0.00,0
2026-05-09 15:59:46,1,1,1,1223.7,0,14.6,309,1184,0,0.00,0.00,0,0,0.00,0.00,0
2026-05-09 15:59:46,1,1,1,1216.9,0,14.7,309,1177,0,0.00,0.00,0,0,0.00,0.00,0
2026-05-09 15:59:47,1,1,1,1216.9,0,14.7,309,1177,0,0.00,0.00,0,1,1.03,0.00,4229
2026-05-09 15:59:47,1,1,1,1209.9,0,14.7,308,1170,0,0.00,0.00,0,1,1.03,0.00,4229
2026-05-09 15:59:47,1,1,1,1209.9,0,14.7,308,1170,1,1.03,0.00,4930,1,1.03,0.00,4930
2026-05-09 15:59:47,1,1,1,1202.8,0,14.8,307,1163,1,1.03,0.00,4930,1,1.03,0.00,4930
2026-05-09 15:59:47,1,1,1,1197.7,0,14.8,306,1158,1,1.03,0.00,4930,1,1.03,0.00,4930
2026-05-09 15:59:47,1,1,1,1197.7,0,14.8,306,1158,1,1.03,0.00,4930,1,1.03,0.00,4930
2026-05-09 15:59:47,1,1,1,1194.6,0,14.8,305,1155,1,1.03,0.00,4930,1,1.03,0.00,4930
2026-05-09 15:59:47,1,1,1,1194.6,0,14.8,305,1155,1,1.03,0.00,4930,1,1.03,0.00,4930
2026-05-09 15:59:47,1,1,1,1193.4,0,14.8,304,1154,1,1.03,0.00,4930,1,1.03,0.00,4930
2026-05-09 15:59:47,1,1,1,1193.4,0,14.8,304,1154,1,1.03,0.00,4930,1,1.03,0.00,4930
2026-05-09 15:59:47,1,1,1,1192.6,0,14.6,301,1154,1,1.03,0.00,4930,1,1.03,0.00,4930
2026-05-09 15:59:47,1,1,1,1192.6,0,14.6,301,1154,1,1.03,0.00,4930,1,1.03,0.00,4930
2026-05-09 15:59:47,1,1,1,1193.1,0,14.5,299,1155,1,1.03,0.00,4930,1,1.03,0.00,4930
2026-05-09 15:59:47,1,1,1,1192.1,0,14.3,295,1155,1,1.03,0.00,4930,1,1.03,0.00,4930
2026-05-09 15:59:47,1,1,1,1192.1,0,14.3,295,1155,1,1.03,0.00,4930,1,1.03,0.00,4930
2026-05-09 15:59:47,1,1,1,1191.1,0,14.1,291,1155,1,1.03,0.00,4930,1,1.03,0.00,4930
2026-05-09 15:59:47,1,1,1,1191.1,0,14.1,291,1155,1,1.03,0.00,4930,1,1.03,0.00,4930
2026-05-09 15:59:47,1,1,1,1191.1,0,13.9,287,1156,1,0.00,0.00,0,0,0.00,0.00,0
2026-05-09 15:59:47,1,1,1,1191.1,0,13.9,287,1156,1,0.00,0.00,0,0,0.00,0.00,0
2026-05-09 15:59:47,1,1,1,1190.9,0,13.9,286,1156,1,0.00,0.00,0,0,0.00,0.00,0
2026-05-09 15:59:48,1,1,1,1192.3,0,14.0,288,1157,1,1.06,0.00,265,1,1.06,0.00,265
2026-05-09 15:59:48,1,1,1,1192.3,0,14.0,288,1157,1,1.06,0.00,265,1,1.06,0.00,265
2026-05-09 15:59:48,1,1,1,1193.5,0,14.0,289,1158,0,0.00,0.00,0,1,1.06,0.00,265
2026-05-09 15:59:48,1,1,1,1193.5,0,14.0,289,1158,0,0.00,0.00,0,1,1.06,0.00,265
2026-05-09 15:59:48,1,1,1,1195.0,0,14.1,291,1159,0,0.00,0.00,0,1,1.06,0.00,265
2026-05-09 15:59:48,1,1,1,1195.0,0,14.1,291,1159,0,0.00,0.00,0,1,1.06,0.00,265
2026-05-09 15:59:48,1,1,1,1196.2,0,14.1,292,1160,0,0.00,0.00,0,1,1.06,0.00,265
2026-05-09 15:59:48,1,1,1,1196.2,0,14.1,292,1160,0,0.00,0.00,0,1,1.06,0.00,265
2026-05-09 15:59:48,1,1,1,1197.6,0,14.2,294,1161,0,0.00,0.00,0,1,1.06,0.00,265
2026-05-09 15:59:48,1,1,1,1200.1,0,14.3,296,1163,0,0.00,0.00,0,1,1.06,0.00,265
2026-05-09 15:59:48,1,1,1,1200.1,0,14.3,296,1163,0,0.00,0.00,0,1,1.25,0.02,442
2026-05-09 15:59:48,1,1,1,1201.3,0,14.3,297,1164,0,0.00,0.00,0,1,1.25,0.02,442
2026-05-09 15:59:48,1,1,1,1201.3,0,14.3,297,1164,0,0.00,0.00,0,1,1.25,0.01,194
2026-05-09 15:59:48,1,1,1,1197.6,0,14.2,294,1161,0,0.00,0.00,0,1,1.25,0.01,194
2026-05-09 15:59:48,1,1,1,1197.6,0,14.2,294,1161,0,0.00,0.00,0,1,1.17,0.00,3944
2026-05-09 15:59:48,1,1,1,1193.3,0,14.2,292,1157,0,0.00,0.00,0,1,1.17,0.00,3944
2026-05-09 15:59:48,1,1,1,1188.9,0,14.1,290,1153,0,0.00,0.00,0,1,1.19,0.00,585
2026-05-09 15:59:48,1,1,1,1188.9,0,14.1,290,1153,0,0.00,0.00,0,1,1.19,0.00,585
2026-05-09 15:59:48,1,1,1,1185.5,0,14.1,288,1150,0,0.00,0.00,0,1,1.15,0.00,1125
2026-05-09 15:59:48,1,1,1,1185.5,0,14.1,288,1150,0,0.00,0.00,0,1,1.15,0.00,1125
2026-05-09 15:59:49,1,1,1,1182.8,0,14.1,289,1147,0,0.00,0.00,0,1,1.13,0.00,1640
2026-05-09 15:59:49,1,1,1,1182.8,0,14.1,289,1147,0,0.00,0.00,0,1,1.13,0.00,1640
2026-05-09 15:59:49,1,1,1,1181.9,0,14.2,289,1146,0,0.00,0.00,0,1,1.13,0.00,1640
2026-05-09 15:59:49,1,1,1,1181.9,0,14.2,289,1146,0,0.00,0.00,0,1,1.13,0.00,1640
2026-05-09 15:59:49,1,1,1,1181.9,0,14.2,289,1146,0,0.00,0.00,0,1,1.15,0.00,362
2026-05-09 15:59:49,1,1,1,1186.5,0,14.2,292,1150,0,0.00,0.00,0,1,1.15,0.00,362
2026-05-09 15:59:49,1,1,1,1186.5,0,14.2,292,1150,0,0.00,0.00,0,1,1.13,0.00,13005
2026-05-09 15:59:49,1,1,1,1199.9,0,14.8,307,1160,0,0.00,0.00,0,1,1.13,0.00,13005
2026-05-09 15:59:49,1,1,1,1199.9,0,14.8,307,1160,0,0.00,0.00,0,1,1.12,0.00,2909
2026-05-09 15:59:49,1,1,1,1217.2,0,15.5,325,1173,0,0.00,0.00,0,1,1.12,0.00,2909
2026-05-09 15:59:49,1,1,1,1217.2,0,15.5,325,1173,0,0.00,0.00,0,1,1.11,0.00,485
2026-05-09 15:59:49,1,1,1,1275.5,0,17.6,385,1216,0,0.00,0.00,0,1,1.11,0.00,485
2026-05-09 15:59:49,1,1,1,1298.8,0,18.6,414,1231,0,0.00,0.00,0,1,1.11,0.00,485
2026-05-09 15:59:49,1,1,1,1298.8,0,18.6,414,1231,0,0.00,0.00,0,1,1.11,0.00,485
2026-05-09 15:59:49,1,1,1,1295.9,0,18.6,414,1228,0,0.00,0.00,0,1,1.11,0.00,485
2026-05-09 15:59:49,1,1,1,1295.9,0,18.6,414,1228,0,0.00,0.00,0,1,1.11,0.00,485
2026-05-09 15:59:49,1,1,1,1288.6,0,18.5,409,1222,0,0.00,0.00,0,1,1.11,0.00,485
2026-05-09 15:59:49,1,1,1,1288.6,0,18.5,409,1222,0,0.00,0.00,0,1,1.11,0.00,485
2026-05-09 15:59:49,1,1,1,1269.4,0,18.0,393,1207,0,0.00,0.00,0,1,1.11,0.00,485
2026-05-09 15:59:49,1,1,1,1269.4,0,18.0,393,1207,0,0.00,0.00,0,1,1.11,0.00,485
2026-05-09 15:59:50,1,1,1,1254.7,0,17.3,373,1198,0,0.00,0.00,0,1,1.11,0.00,485
2026-05-09 15:59:50,1,1,1,1242.8,0,15.3,327,1199,0,0.00,0.00,0,1,1.11,0.00,485
2026-05-09 15:59:50,1,1,1,1242.8,0,15.3,327,1199,0,0.00,0.00,0,1,1.11,0.00,485
2026-05-09 15:59:50,1,1,1,1249.3,0,14.0,303,1212,0,0.00,0.00,0,1,1.11,0.00,485
2026-05-09 15:59:50,1,1,1,1249.3,0,14.0,303,1212,0,0.00,0.00,0,1,1.11,0.00,485
2026-05-09 15:59:50,1,1,1,1249.9,0,14.7,317,1209,0,0.00,0.00,0,0,0.00,0.00,0
2026-05-09 15:59:50,1,1,1,1249.9,0,14.7,317,1209,0,0.00,0.00,0,0,0.00,0.00,0
2026-05-09 15:59:50,1,1,1,1248.0,0,14.9,321,1206,0,0.00,0.00,0,0,0.00,0.00,0
2026-05-09 15:59:50,1,1,1,1248.0,0,14.9,321,1206,0,0.00,0.00,0,0,0.00,0.00,0
2026-05-09 15:59:50,1,1,1,1245.2,0,15.1,325,1202,0,0.00,0.00,0,0,0.00,0.00,0
2026-05-09 15:59:50,1,1,1,1245.3,0,15.5,333,1200,0,0.00,0.00,0,1,1.04,0.00,13217
2026-05-09 15:59:50,1,1,1,1245.3,0,15.5,333,1200,0,0.00,0.00,0,1,1.04,0.00,13217
2026-05-09 15:59:50,1,1,1,1244.1,0,15.8,339,1197,1,1.03,0.01,6338,1,1.03,0.01,6338
2026-05-09 15:59:50,1,1,1,1244.1,0,15.8,339,1197,1,1.03,0.01,6338,1,1.03,0.01,6338
2026-05-09 15:59:50,1,1,1,1242.4,0,15.9,340,1195,1,1.04,0.01,9857,1,1.04,0.01,9857
2026-05-09 15:59:50,1,1,1,1242.4,0,15.9,340,1195,1,1.04,0.01,9857,1,1.04,0.01,9857
2026-05-09 15:59:50,1,1,1,1240.0,0,15.8,338,1193,1,1.05,0.01,8546,1,1.05,0.01,8546
2026-05-09 15:59:50,1,1,1,1238.2,0,15.7,335,1192,1,1.05,0.01,8546,1,1.05,0.01,8546
2026-05-09 15:59:50,1,1,1,1238.2,0,15.7,335,1192,1,1.06,0.01,4050,1,1.06,0.01,4050
2026-05-09 15:59:50,1,1,1,1236.7,0,15.6,333,1191,1,1.06,0.01,4050,1,1.06,0.01,4050
2026-05-09 15:59:51,1,1,1,1236.7,0,15.6,333,1191,1,1.09,0.01,697,1,1.09,0.01,697
2026-05-09 15:59:51,1,1,1,1235.2,0,15.5,331,1190,1,1.09,0.01,697,1,1.09,0.01,697
2026-05-09 15:59:51,1,1,1,1235.2,0,15.5,331,1190,1,1.09,0.01,697,1,1.09,0.01,697
2026-05-09 15:59:51,1,1,1,1233.8,0,15.3,326,1190,1,1.09,0.01,697,1,1.09,0.01,697
2026-05-09 15:59:51,1,1,1,1233.8,0,15.3,326,1190,1,1.08,0.01,1321,1,1.08,0.01,1321
2026-05-09 15:59:51,1,1,1,1231.0,0,15.0,319,1189,0,0.00,0.00,0,1,1.08,0.01,1321
2026-05-09 15:59:51,1,1,1,1228.5,0,14.8,313,1188,0,0.00,0.00,0,1,1.11,0.02,801
2026-05-09 15:59:51,1,1,1,1228.5,0,14.8,313,1188,0,0.00,0.00,0,1,1.11,0.02,801
2026-05-09 15:59:51,1,1,1,1228.0,0,14.7,311,1188,0,0.00,0.00,0,1,1.13,0.02,1096
2026-05-09 15:59:51,1,1,1,1228.0,0,14.7,311,1188,0,0.00,0.00,0,1,1.13,0.02,1096
2026-05-09 15:59:51,1,1,1,1227.1,0,14.7,311,1187,0,0.00,0.00,0,1,1.14,0.02,3530
2026-05-09 15:59:51,1,1,1,1227.1,0,14.7,311,1187,0,0.00,0.00,0,1,1.14,0.02,3530
2026-05-09 15:59:51,1,1,1,1225.9,0,14.8,314,1185,0,0.00,0.00,0,1,1.16,0.02,785
2026-05-09 15:59:51,1,1,1,1224.2,0,14.9,315,1183,0,0.00,0.00,0,1,1.16,0.02,785
2026-05-09 15:59:51,1,1,1,1224.2,0,14.9,315,1183,0,0.00,0.00,0,1,1.17,0.02,2810
2026-05-09 15:59:51,1,1,1,1221.6,0,15.0,316,1180,0,0.00,0.00,0,1,1.17,0.02,2810
2026-05-09 15:59:51,1,1,1,1221.6,0,15.0,316,1180,0,0.00,0.00,0,1,1.18,0.02,1250
2026-05-09 15:59:51,1,1,1,1218.9,0,15.1,317,1177,0,0.00,0.00,0,1,1.18,0.02,1250
2026-05-09 15:59:51,1,1,1,1218.9,0,15.1,317,1177,0,0.00,0.00,0,1,1.18,0.02,1250
2026-05-09 15:59:51,1,1,1,1216.0,0,15.1,317,1174,0,0.00,0.00,0,1,1.18,0.02,1250
2026-05-09 15:59:52,1,1,1,1216.0,0,15.1,317,1174,0,0.00,0.00,0,1,1.18,0.02,1250
2026-05-09 15:59:52,1,1,1,1213.9,0,15.1,316,1172,0,0.00,0.00,0,1,1.18,0.02,1250
2026-05-09 15:59:52,1,1,1,1212.6,0,15.1,315,1171,0,0.00,0.00,0,1,1.18,0.02,1250
2026-05-09 15:59:52,1,1,1,1212.6,0,15.1,315,1171,0,0.00,0.00,0,1,1.18,0.02,1250
2026-05-09 15:59:52,1,1,1,1211.1,0,15.0,313,1170,0,0.00,0.00,0,1,1.18,0.02,1250
2026-05-09 15:59:52,1,1,1,1211.1,0,15.0,313,1170,0,0.00,0.00,0,1,1.18,0.02,1250
2026-05-09 15:59:52,1,1,1,1209.9,0,14.9,312,1169,0,0.00,0.00,0,1,1.18,0.02,1250
2026-05-09 15:59:52,1,1,1,1209.9,0,14.9,312,1169,0,0.00,0.00,0,1,1.18,0.02,1250
2026-05-09 15:59:52,1,1,1,1208.7,0,14.9,311,1168,0,0.00,0.00,0,1,1.18,0.02,1250
2026-05-09 15:59:52,1,1,1,1207.2,0,14.8,309,1167,0,0.00,0.00,0,1,1.18,0.02,1250
2026-05-09 15:59:52,1,1,1,1207.2,0,14.8,309,1167,0,0.00,0.00,0,1,1.18,0.02,1250
2026-05-09 15:59:52,1,1,1,1207.3,0,15.0,313,1166,0,0.00,0.00,0,0,0.00,0.00,0
2026-05-09 15:59:52,1,1,1,1207.3,0,15.0,313,1166,0,0.00,0.00,0,0,0.00,0.00,0
2026-05-09 15:59:52,1,1,1,1206.4,0,15.2,317,1164,0,0.00,0.00,0,0,0.00,0.00,0
2026-05-09 15:59:52,1,1,1,1206.4,0,15.2,317,1164,0,0.00,0.00,0,0,0.00,0.00,0
2026-05-09 15:59:52,1,1,1,1212.4,0,15.5,325,1168,0,0.00,0.00,0,0,0.00,0.00,0
2026-05-09 15:59:52,1,1,1,1212.4,0,15.5,325,1168,0,0.00,0.00,0,0,0.00,0.00,0
2026-05-09 15:59:52,1,1,1,1220.3,0,15.8,333,1174,0,0.00,0.00,0,0,0.00,0.00,0
2026-05-09 15:59:52,1,1,1,1227.0,0,16.1,340,1179,0,0.00,0.00,0,0,0.00,0.00,0
2026-05-09 15:59:52,1,1,1,1227.0,0,16.1,340,1179,0,0.00,0.00,0,0,0.00,0.00,0
2026-05-09 15:59:53,1,1,1,1233.4,0,16.1,342,1185,0,0.00,0.00,0,0,0.00,0.00,0
2026-05-09 15:59:53,1,1,1,1233.4,0,16.1,342,1185,0,0.00,0.00,0,0,0.00,0.00,0
2026-05-09 15:59:53,1,1,1,1235.2,0,16.2,345,1186,0,0.00,0.00,0,0,0.00,0.00,0
2026-05-09 15:59:53,1,1,1,1235.2,0,16.2,345,1186,0,0.00,0.00,0,0,0.00,0.00,0
2026-05-09 15:59:53,1,1,1,1236.4,0,16.3,346,1187,0,0.00,0.00,0,0,0.00,0.00,0
2026-05-09 15:59:53,1,1,1,1237.0,0,16.3,348,1187,0,0.00,0.00,0,0,0.00,0.00,0
2026-05-09 15:59:53,1,1,1,1237.0,0,16.3,348,1187,0,0.00,0.00,0,0,0.00,0.00,0
2026-05-09 15:59:53,1,1,1,1234.4,0,16.4,349,1184,0,0.00,0.00,0,0,0.00,0.00,0
2026-05-09 15:59:53,1,1,1,1234.4,0,16.4,349,1184,0,0.00,0.00,0,1,1.02,0.00,18650
2026-05-09 15:59:53,1,1,1,1227.1,0,16.4,347,1177,0,0.00,0.00,0,1,1.02,0.00,18650
2026-05-09 15:59:53,1,1,1,1227.1,0,16.4,347,1177,1,1.05,0.01,38461,1,1.05,0.01,38461
2026-05-09 15:59:53,1,1,1,1222.7,0,16.4,345,1173,1,1.05,0.01,38461,1,1.05,0.01,38461
2026-05-09 15:59:53,1,1,1,1222.7,0,16.4,345,1173,1,1.04,0.01,8845,1,1.04,0.01,8845
2026-05-09 15:59:53,1,1,1,1219.9,0,16.3,342,1171,1,1.04,0.01,8845,1,1.04,0.01,8845
2026-05-09 15:59:53,1,1,1,1217.7,0,16.3,341,1169,1,1.05,0.01,4514,1,1.05,0.01,4514
2026-05-09 15:59:53,1,1,1,1217.7,0,16.3,341,1169,1,1.05,0.01,4514,1,1.05,0.01,4514
2026-05-09 15:59:53,1,1,1,1213.4,-8,16.6,346,1163,1,1.04,0.00,13481,1,1.04,0.00,13481
2026-05-09 15:59:53,1,1,1,1213.4,-8,16.6,346,1163,1,1.04,0.00,13481,1,1.04,0.00,13481
2026-05-09 15:59:53,1,1,1,1208.2,0,16.7,348,1157,1,1.05,0.01,39848,1,1.05,0.01,39848
2026-05-09 15:59:53,1,1,1,1208.2,0,16.7,348,1157,1,1.05,0.01,39848,1,1.05,0.01,39848
2026-05-09 15:59:54,1,1,1,1204.8,0,16.7,346,1154,1,1.05,0.01,16746,1,1.05,0.01,16746
2026-05-09 15:59:54,1,1,1,1201.2,0,16.8,347,1150,1,1.05,0.01,16746,1,1.05,0.01,16746
2026-05-09 15:59:54,1,1,1,1201.2,0,16.8,347,1150,1,1.05,0.00,5713,1,1.05,0.00,5713
2026-05-09 15:59:54,1,1,1,1197.8,0,16.7,345,1147,1,1.05,0.00,5713,1,1.05,0.00,5713
2026-05-09 15:59:54,1,1,1,1197.8,0,16.7,345,1147,1,1.07,0.01,7913,1,1.07,0.01,7913
2026-05-09 15:59:54,1,1,1,1194.6,0,16.7,344,1144,1,1.07,0.01,7913,1,1.07,0.01,7913
2026-05-09 15:59:54,1,1,1,1194.6,0,16.7,344,1144,1,1.08,0.01,7913,1,1.08,0.01,7913
2026-05-09 15:59:54,1,1,1,1193.9,0,16.8,345,1143,1,1.08,0.01,7913,1,1.08,0.01,7913
2026-05-09 15:59:54,1,1,1,1193.9,0,16.8,345,1143,1,1.10,0.02,4141,1,1.10,0.02,4141
2026-05-09 15:59:54,1,1,1,1193.0,0,16.8,345,1142,1,1.10,0.02,4141,1,1.10,0.02,4141
2026-05-09 15:59:54,1,1,1,1192.7,0,16.8,344,1142,1,1.09,0.01,8177,1,1.09,0.01,8177
2026-05-09 15:59:54,1,1,1,1192.7,0,16.8,344,1142,1,1.09,0.01,8177,1,1.09,0.01,8177
2026-05-09 15:59:54,1,1,1,1193.8,0,16.4,338,1145,1,1.08,0.00,14274,1,1.08,0.00,14274
2026-05-09 15:59:54,1,1,1,1193.8,0,16.4,338,1145,1,1.08,0.00,14274,1,1.08,0.00,14274
2026-05-09 15:59:54,1,1,1,1190.8,0,15.9,327,1145,1,1.08,0.00,7922,1,1.08,0.00,7922
2026-05-09 15:59:54,1,1,1,1190.8,0,15.9,327,1145,1,1.08,0.00,7922,1,1.08,0.00,7922
2026-05-09 15:59:54,1,1,1,1185.7,0,15.6,319,1142,1,1.08,0.00,7010,1,1.08,0.00,7010
2026-05-09 15:59:54,1,1,1,1185.7,0,15.6,319,1142,1,1.08,0.00,7010,1,1.08,0.00,7010
2026-05-09 15:59:54,1,1,1,1181.8,0,15.5,315,1139,1,1.08,0.00,8005,1,1.08,0.00,8005
2026-05-09 15:59:54,1,1,1,1179.3,0,15.4,313,1137,1,1.08,0.00,8005,1,1.08,0.00,8005
2026-05-09 15:59:55,1,1,1,1179.3,0,15.4,313,1137,1,1.07,0.00,3677,1,1.07,0.00,3677
2026-05-09 15:59:55,1,1,1,1176.8,0,15.3,311,1135,1,1.07,0.00,3677,1,1.07,0.00,3677
2026-05-09 15:59:55,1,1,1,1176.8,0,15.3,311,1135,1,1.10,0.01,5125,1,1.10,0.01,5125
2026-05-09 15:59:55,1,1,1,1177.1,0,15.4,312,1135,1,1.10,0.01,5125,1,1.10,0.01,5125
2026-05-09 15:59:55,1,1,1,1177.1,0,15.4,312,1135,1,1.09,0.00,5722,1,1.09,0.00,5722
2026-05-09 15:59:55,1,1,1,1180.1,0,15.5,316,1137,1,1.09,0.00,5722,1,1.09,0.00,5722
2026-05-09 15:59:55,1,1,1,1180.9,0,15.7,319,1137,1,1.09,0.00,9457,1,1.09,0.00,9457
2026-05-09 15:59:55,1,1,1,1180.9,0,15.7,319,1137,1,1.09,0.00,9457,1,1.09,0.00,9457
2026-05-09 15:59:55,1,1,1,1181.4,0,15.8,321,1137,1,1.09,0.00,6500,1,1.09,0.00,6500
2026-05-09 15:59:55,1,1,1,1181.4,0,15.8,321,1137,1,1.09,0.00,6500,1,1.09,0.00,6500
2026-05-09 15:59:55,1,1,1,1184.1,0,15.7,320,1140,1,1.08,0.00,6201,1,1.08,0.00,6201
2026-05-09 15:59:55,1,1,1,1184.1,0,15.7,320,1140,1,1.08,0.00,6201,1,1.08,0.00,6201
2026-05-09 15:59:55,1,1,1,1184.6,0,15.8,322,1140,1,1.08,0.00,1249,1,1.08,0.00,1249
2026-05-09 15:59:55,1,1,1,1184.6,0,15.8,322,1140,1,1.08,0.00,1249,1,1.08,0.00,1249
2026-05-09 15:59:55,1,1,1,1184.9,0,15.8,323,1140,1,1.09,0.00,3364,1,1.09,0.00,3364
2026-05-09 15:59:55,1,1,1,1187.6,0,15.9,326,1142,1,1.09,0.00,3364,1,1.09,0.00,3364
2026-05-09 15:59:55,1,1,1,1187.6,0,15.9,326,1142,1,1.11,0.01,1370,1,1.11,0.01,1370
2026-05-09 15:59:55,1,1,1,1193.1,0,16.2,332,1146,1,1.11,0.01,1370,1,1.11,0.01,1370
2026-05-09 15:59:55,1,1,1,1193.1,0,16.2,332,1146,1,1.12,0.02,4113,1,1.12,0.02,4113
2026-05-09 15:59:55,1,1,1,1197.3,0,16.5,340,1148,1,1.12,0.02,4113,1,1.12,0.02,4113
2026-05-09 15:59:56,1,1,1,1197.3,0,16.5,340,1148,1,1.13,0.02,4113,1,1.13,0.02,4113
2026-05-09 15:59:56,1,1,1,1199.0,0,16.8,346,1148,1,1.13,0.02,4113,1,1.13,0.02,4113
2026-05-09 15:59:56,1,1,1,1199.9,0,16.9,349,1148,1,1.14,0.02,6100,1,1.14,0.02,6100
2026-05-09 15:59:56,1,1,1,1199.9,0,16.9,349,1148,1,1.14,0.02,6100,1,1.14,0.02,6100
2026-05-09 15:59:56,1,1,1,1200.2,0,17.0,350,1148,1,1.15,0.02,3986,1,1.15,0.02,3986
2026-05-09 15:59:56,1,1,1,1200.2,0,17.0,350,1148,1,1.15,0.02,3986,1,1.15,0.02,3986
2026-05-09 15:59:56,1,1,1,1200.2,0,17.0,350,1148,1,1.15,0.02,3986,1,1.15,0.02,3986
2026-05-09 15:59:56,1,1,1,1200.2,0,17.0,350,1148,1,1.15,0.02,3986,1,1.15,0.02,3986
2026-05-09 15:59:56,1,1,1,1199.9,0,16.9,349,1148,1,1.15,0.02,3986,1,1.15,0.02,3986
2026-05-09 15:59:56,1,1,1,1199.9,0,16.9,349,1148,1,1.15,0.02,3986,1,1.15,0.02,3986
2026-05-09 15:59:56,1,1,1,1196.1,0,17.0,349,1144,1,1.15,0.02,3986,1,1.15,0.02,3986
2026-05-09 15:59:56,1,1,1,1193.6,0,16.9,347,1142,1,1.15,0.02,3986,1,1.15,0.02,3986
2026-05-09 15:59:56,1,1,1,1193.6,0,16.9,347,1142,1,1.06,0.00,4850,1,1.06,0.00,4850
2026-05-09 15:59:56,1,1,1,1195.8,0,16.9,348,1144,1,1.06,0.00,4850,1,1.06,0.00,4850
2026-05-09 15:59:56,1,1,1,1195.8,0,16.9,348,1144,1,1.06,0.00,4850,1,1.06,0.00,4850
2026-05-09 15:59:56,1,1,1,1198.3,0,17.0,350,1146,1,1.06,0.00,4850,1,1.06,0.00,4850
2026-05-09 15:59:56,1,1,1,1198.3,0,17.0,350,1146,1,1.03,0.01,1105,1,1.03,0.01,1105
2026-05-09 15:59:56,1,1,1,1203.9,0,17.1,353,1151,1,1.03,0.01,1105,1,1.03,0.01,1105
2026-05-09 15:59:56,1,1,1,1207.1,0,17.1,354,1154,1,1.04,0.03,6452,1,1.04,0.03,6452
2026-05-09 15:59:56,1,1,1,1207.1,0,17.1,354,1154,1,1.04,0.03,6452,1,1.04,0.03,6452
2026-05-09 15:59:57,1,1,1,1210.6,0,17.0,353,1158,1,1.04,0.03,6452,1,1.04,0.03,6452
2026-05-09 15:59:57,1,1,1,1210.6,0,17.0,353,1158,1,1.04,0.03,6452,1,1.04,0.03,6452
2026-05-09 15:59:57,1,1,1,1213.2,0,16.9,352,1161,1,1.04,0.03,6452,1,1.04,0.03,6452
2026-05-09 15:59:57,1,1,1,1213.2,0,16.9,352,1161,1,1.04,0.03,6452,1,1.04,0.03,6452
2026-05-09 15:59:57,1,1,1,1214.5,0,16.7,350,1163,1,1.04,0.03,6452,1,1.04,0.03,6452
2026-05-09 15:59:57,1,1,1,1214.5,0,16.7,350,1163,1,1.04,0.03,6452,1,1.04,0.03,6452
2026-05-09 15:59:57,1,1,1,1213.7,0,16.6,347,1163,1,1.24,0.00,904,1,1.24,0.00,904
2026-05-09 15:59:57,1,1,1,1209.3,0,16.6,345,1159,1,1.24,0.00,904,1,1.24,0.00,904
2026-05-09 15:59:57,1,1,1,1209.3,0,16.6,345,1159,1,1.24,0.00,904,1,1.24,0.00,904
2026-05-09 15:59:57,1,1,1,1206.0,0,16.2,337,1158,1,1.24,0.00,904,1,1.24,0.00,904
2026-05-09 15:59:57,1,1,1,1206.0,0,16.2,337,1158,1,1.24,0.00,904,1,1.24,0.00,904
2026-05-09 15:59:57,1,1,1,1205.9,0,15.7,326,1161,0,0.00,0.00,0,1,1.24,0.00,904
2026-05-09 15:59:57,1,1,1,1205.9,0,15.7,326,1161,0,0.00,0.00,0,1,1.24,0.00,904
2026-05-09 15:59:57,1,1,1,1206.7,0,15.3,318,1164,0,0.00,0.00,0,1,1.24,0.00,904
2026-05-09 15:59:57,1,1,1,1210.0,0,15.1,316,1168,0,0.00,0.00,0,1,1.24,0.00,904
2026-05-09 15:59:57,1,1,1,1210.0,0,15.1,316,1168,0,0.00,0.00,0,1,1.24,0.00,904
2026-05-09 15:59:57,1,1,1,1213.8,0,14.9,312,1173,0,0.00,0.00,0,1,1.10,0.00,7274
2026-05-09 15:59:57,1,1,1,1213.8,0,14.9,312,1173,0,0.00,0.00,0,1,1.10,0.00,7274
2026-05-09 15:59:57,1,1,1,1217.1,0,14.8,310,1177,1,1.09,0.00,9745,1,1.09,0.00,9745
2026-05-09 15:59:57,1,1,1,1217.1,0,14.8,310,1177,1,1.09,0.00,9745,1,1.09,0.00,9745
2026-05-09 15:59:58,1,1,1,1217.1,0,14.8,310,1177,1,1.08,0.00,17044,1,1.08,0.00,17044
2026-05-09 15:59:58,1,1,1,1217.1,0,14.8,310,1177,1,1.08,0.00,17044,1,1.08,0.00,17044
2026-05-09 15:59:58,1,1,1,1214.7,0,14.7,308,1175,1,1.12,0.00,685,1,1.12,0.00,685
2026-05-09 15:59:58,1,1,1,1211.8,0,14.5,304,1173,1,1.12,0.00,685,1,1.12,0.00,685
2026-05-09 15:59:58,1,1,1,1211.8,0,14.5,304,1173,1,1.15,0.01,11240,1,1.15,0.01,11240
2026-05-09 15:59:58,1,1,1,1208.3,0,14.5,302,1170,1,1.15,0.01,11240,1,1.15,0.01,11240
2026-05-09 15:59:58,1,1,1,1208.3,0,14.5,302,1170,1,1.13,0.00,33937,1,1.13,0.00,33937
2026-05-09 15:59:58,1,1,1,1204.5,0,14.7,306,1165,1,1.13,0.00,33937,1,1.13,0.00,33937
2026-05-09 15:59:58,1,1,1,1204.5,0,14.7,306,1165,1,1.11,0.00,13945,1,1.11,0.00,13945
2026-05-09 15:59:58,1,1,1,1205.1,0,15.0,312,1164,1,1.11,0.00,13945,1,1.11,0.00,13945
2026-05-09 15:59:58,1,1,1,1207.5,0,15.4,321,1164,1,1.10,0.00,2260,1,1.10,0.00,2260
2026-05-09 15:59:58,1,1,1,1207.5,0,15.4,321,1164,1,1.10,0.00,2260,1,1.10,0.00,2260
2026-05-09 15:59:58,1,1,1,1209.6,0,15.8,329,1164,1,1.10,0.00,6409,1,1.10,0.00,6409
2026-05-09 15:59:58,1,1,1,1209.6,0,15.8,329,1164,1,1.10,0.00,6409,1,1.10,0.00,6409
2026-05-09 15:59:58,1,1,1,1211.1,0,15.9,331,1165,1,1.09,0.00,6698,1,1.09,0.00,6698
2026-05-09 15:59:58,1,1,1,1211.1,0,15.9,331,1165,1,1.09,0.00,6698,1,1.09,0.00,6698
2026-05-09 15:59:58,1,1,1,1210.8,0,15.8,330,1165,1,1.09,0.00,3653,1,1.09,0.00,3653
2026-05-09 15:59:58,1,1,1,1210.8,0,15.8,330,1165,1,1.09,0.00,3653,1,1.09,0.00,3653
2026-05-09 15:59:58,1,1,1,1210.3,0,15.7,328,1165,1,1.08,0.00,20250,1,1.08,0.00,20250
2026-05-09 15:59:58,1,1,1,1209.2,0,15.5,324,1165,1,1.08,0.00,20250,1,1.08,0.00,20250
2026-05-09 15:59:59,1,1,1,1209.2,0,15.5,324,1165,1,1.07,0.00,21556,1,1.07,0.00,21556
2026-05-09 15:59:59,1,1,1,1208.4,0,15.4,321,1165,1,1.07,0.00,21556,1,1.07,0.00,21556
2026-05-09 15:59:59,1,1,1,1208.4,0,15.4,321,1165,1,1.07,0.00,16052,1,1.07,0.00,16052
2026-05-09 15:59:59,1,1,1,1208.7,0,15.5,322,1165,1,1.07,0.00,16052,1,1.07,0.00,16052
2026-05-09 15:59:59,1,1,1,1208.7,0,15.5,322,1165,1,1.07,0.00,16052,1,1.07,0.00,16052
2026-05-09 15:59:59,1,1,1,1209.9,0,15.5,323,1166,1,1.07,0.00,16052,1,1.07,0.00,16052
2026-05-09 15:59:59,1,1,1,1209.9,0,15.5,323,1166,1,1.07,0.00,4612,1,1.07,0.00,4612
2026-05-09 15:59:59,1,1,1,1210.3,0,15.4,321,1167,1,1.07,0.00,4612,1,1.07,0.00,4612
2026-05-09 15:59:59,1,1,1,1210.5,0,15.2,318,1168,1,1.09,0.00,980,1,1.09,0.00,980
2026-05-09 15:59:59,1,1,1,1210.5,0,15.2,318,1168,1,1.09,0.00,980,1,1.09,0.00,980
2026-05-09 15:59:59,1,1,1,1210.7,0,15.1,315,1169,1,1.10,0.01,1028,1,1.10,0.01,1028
2026-05-09 15:59:59,1,1,1,1210.7,0,15.1,315,1169,1,1.10,0.01,1028,1,1.10,0.01,1028
2026-05-09 15:59:59,1,1,1,1213.9,0,15.1,316,1172,1,1.12,0.02,1360,1,1.12,0.02,1360
2026-05-09 15:59:59,1,1,1,1213.9,0,15.1,316,1172,0,0.00,0.00,0,1,1.12,0.02,1360
2026-05-09 15:59:59,1,1,1,1214.9,0,15.3,320,1172,0,0.00,0.00,0,1,1.13,0.02,1781
2026-05-09 15:59:59,1,1,1,1209.6,0,15.4,322,1166,0,0.00,0.00,0,1,1.13,0.02,1781
2026-05-09 15:59:59,1,1,1,1209.6,0,15.4,322,1166,0,0.00,0.00,0,1,1.12,0.01,1972
2026-05-09 15:59:59,1,1,1,1202.7,0,15.7,325,1158,0,0.00,0.00,0,1,1.12,0.01,1972
2026-05-09 15:59:59,1,1,1,1202.7,0,15.7,325,1158,0,0.00,0.00,0,1,1.13,0.01,965
2026-05-09 15:59:59,1,1,1,1198.6,0,15.7,324,1154,0,0.00,0.00,0,1,1.13,0.01,965
2026-05-09 16:00:00,1,1,1,1198.6,0,15.7,324,1154,0,0.00,0.00,0,1,1.12,0.00,853
2026-05-09 16:00:00,1,1,1,1198.8,0,15.5,321,1155,0,0.00,0.00,0,1,1.12,0.00,853
2026-05-09 16:00:00,1,1,1,1198.8,0,15.5,321,1155,0,0.00,0.00,0,1,1.12,0.00,853
2026-05-09 16:00:00,1,1,1,1200.4,0,15.5,320,1157,0,0.00,0.00,0,1,1.12,0.00,853
2026-05-09 16:00:00,1,1,1,1201.1,0,15.4,319,1158,0,0.00,0.00,0,1,1.12,0.00,11812
2026-05-09 16:00:00,1,1,1,1201.1,0,15.4,319,1158,0,0.00,0.00,0,1,1.12,0.00,11812
2026-05-09 16:00:00,1,1,1,1201.6,0,15.3,317,1159,1,1.12,0.00,11812,1,1.12,0.00,11812
2026-05-09 16:00:00,1,1,1,1201.6,0,15.3,317,1159,1,1.12,0.00,11812,1,1.12,0.00,11812
2026-05-09 16:00:00,1,1,1,1200.9,0,15.4,318,1158,1,1.12,0.00,11812,1,1.12,0.00,11812
2026-05-09 16:00:00,1,1,1,1200.9,0,15.4,318,1158,1,1.12,0.00,11812,1,1.12,0.00,11812
2026-05-09 16:00:00,1,1,1,1200.2,0,15.4,319,1157,1,1.12,0.00,11812,1,1.12,0.00,11812
2026-05-09 16:00:00,1,1,1,1198.5,0,15.5,320,1155,1,1.12,0.00,11812,1,1.12,0.00,11812
2026-05-09 16:00:00,1,1,1,1198.5,0,15.5,320,1155,1,1.05,0.00,16393,1,1.05,0.00,16393
2026-05-09 16:00:00,1,1,1,1195.4,0,15.5,319,1152,1,1.05,0.00,16393,1,1.05,0.00,16393
2026-05-09 16:00:00,1,1,1,1195.4,0,15.5,319,1152,1,1.05,0.00,10625,1,1.05,0.00,10625
2026-05-09 16:00:00,1,1,1,1187.3,0,15.3,314,1145,1,1.05,0.00,10625,1,1.05,0.00,10625
2026-05-09 16:00:00,1,1,1,1187.3,0,15.3,314,1145,1,1.04,0.00,11570,1,1.04,0.00,11570
2026-05-09 16:00:00,1,1,1,1180.7,0,15.3,311,1139,1,1.04,0.00,11570,1,1.04,0.00,11570
2026-05-09 16:00:00,1,1,1,1180.7,0,15.3,311,1139,1,1.09,0.00,2980,1,1.09,0.00,2980
2026-05-09 16:00:00,1,1,1,1178.2,0,15.2,309,1137,1,1.09,0.00,2980,1,1.09,0.00,2980
2026-05-09 16:00:01,1,1,1,1176.8,0,15.1,307,1136,1,1.09,0.00,2980,1,1.09,0.00,2980
2026-05-09 16:00:01,1,1,1,1176.8,0,15.1,307,1136,1,1.09,0.00,2980,1,1.09,0.00,2980
2026-05-09 16:00:01,1,1,1,1178.0,0,15.2,308,1137,1,1.08,0.00,6464,1,1.08,0.00,6464
2026-05-09 16:00:01,1,1,1,1178.0,0,15.2,308,1137,1,1.08,0.00,6464,1,1.08,0.00,6464
2026-05-09 16:00:01,1,1,1,1181.0,0,15.3,312,1139,1,1.08,0.00,6464,1,1.08,0.00,6464
2026-05-09 16:00:01,1,1,1,1181.0,0,15.3,312,1139,1,1.08,0.00,6464,1,1.08,0.00,6464
2026-05-09 16:00:01,1,1,1,1182.6,0,15.2,311,1141,1,1.11,0.01,3460,1,1.11,0.01,3460
2026-05-09 16:00:01,1,1,1,1182.9,0,15.3,312,1141,1,1.11,0.01,3460,1,1.11,0.01,3460
2026-05-09 16:00:01,1,1,1,1182.9,0,15.3,312,1141,1,1.13,0.01,1285,1,1.13,0.01,1285
2026-05-09 16:00:01,1,1,1,1183.3,0,15.5,317,1140,1,1.13,0.01,1285,1,1.13,0.01,1285
2026-05-09 16:00:01,1,1,1,1183.3,0,15.5,317,1140,1,1.15,0.01,676,1,1.15,0.01,676
2026-05-09 16:00:01,1,1,1,1182.8,0,15.6,319,1139,1,1.15,0.01,676,1,1.15,0.01,676
2026-05-09 16:00:01,1,1,1,1182.8,0,15.6,319,1139,1,1.15,0.01,676,1,1.15,0.01,676
2026-05-09 16:00:01,1,1,1,1181.9,0,15.7,319,1138,0,0.00,0.00,0,1,1.15,0.01,676
2026-05-09 16:00:01,1,1,1,1181.9,0,15.7,319,1138,0,0.00,0.00,0,1,1.15,0.01,676
2026-05-09 16:00:01,1,1,1,1182.3,0,15.6,317,1139,0,0.00,0.00,0,1,1.15,0.01,676
2026-05-09 16:00:01,1,1,1,1181.9,0,15.3,312,1140,0,0.00,0.00,0,1,1.15,0.01,676
2026-05-09 16:00:01,1,1,1,1181.9,0,15.3,312,1140,0,0.00,0.00,0,1,1.15,0.01,676
2026-05-09 16:00:01,1,1,1,1181.4,0,15.2,310,1140,0,0.00,0.00,0,1,1.15,0.01,676
2026-05-09 16:00:01,1,1,1,1181.4,0,15.2,310,1140,0,0.00,0.00,0,1,1.15,0.01,676
2026-05-09 16:00:02,1,1,1,1183.5,0,15.0,307,1143,0,0.00,0.00,0,1,1.15,0.01,676
2026-05-09 16:00:02,1,1,1,1183.5,0,15.0,307,1143,0,0.00,0.00,0,1,1.15,0.01,676
2026-05-09 16:00:02,1,1,1,1182.7,0,14.7,300,1144,0,0.00,0.00,0,1,1.15,0.01,676
2026-05-09 16:00:02,1,1,1,1181.4,0,14.5,295,1144,0,0.00,0.00,0,1,1.15,0.01,676
2026-05-09 16:00:02,1,1,1,1181.4,0,14.5,295,1144,0,0.00,0.00,0,1,1.06,0.00,3037
2026-05-09 16:00:02,1,1,1,1181.9,0,14.4,293,1145,0,0.00,0.00,0,1,1.06,0.00,3037
2026-05-09 16:00:02,1,1,1,1181.9,0,14.4,293,1145,1,1.04,0.00,7930,1,1.04,0.00,7930
2026-05-09 16:00:02,1,1,1,1182.8,0,14.1,289,1147,1,1.04,0.00,7930,1,1.04,0.00,7930
2026-05-09 16:00:02,1,1,1,1182.8,0,14.1,289,1147,1,1.11,0.01,377,1,1.11,0.01,377
2026-05-09 16:00:02,1,1,1,1183.8,0,14.1,289,1148,1,1.11,0.01,377,1,1.11,0.01,377
2026-05-09 16:00:02,1,1,1,1183.8,0,14.1,289,1148,1,1.14,0.01,1224,1,1.14,0.01,1224
2026-05-09 16:00:02,1,1,1,1184.1,0,14.2,290,1148,1,1.14,0.01,1224,1,1.14,0.01,1224
2026-05-09 16:00:02,1,1,1,1184.6,0,14.3,292,1148,1,1.16,0.01,970,1,1.16,0.01,970
2026-05-09 16:00:02,1,1,1,1184.6,0,14.3,292,1148,0,0.00,0.00,0,1,1.16,0.01,970
2026-05-09 16:00:02,1,1,1,1186.5,0,14.2,292,1150,0,0.00,0.00,0,1,1.14,0.00,5794
2026-05-09 16:00:02,1,1,1,1186.5,0,14.2,292,1150,0,0.00,0.00,0,1,1.14,0.00,5794
2026-05-09 16:00:02,1,1,1,1187.0,0,14.1,290,1151,1,1.12,0.00,15866,1,1.12,0.00,15866
2026-05-09 16:00:02,1,1,1,1187.0,0,14.1,290,1151,1,1.12,0.00,15866,1,1.12,0.00,15866
2026-05-09 16:00:02,1,1,1,1185.8,0,14.1,289,1150,1,1.12,0.00,13210,1,1.12,0.00,13210
2026-05-09 16:00:02,1,1,1,1185.8,0,14.1,289,1150,1,1.12,0.00,13210,1,1.12,0.00,13210
2026-05-09 16:00:03,1,1,1,1183.6,0,14.3,292,1147,1,1.11,0.00,45097,1,1.11,0.00,45097
2026-05-09 16:00:03,1,1,1,1183.6,0,14.7,300,1145,1,1.11,0.00,45097,1,1.11,0.00,45097
2026-05-09 16:00:03,1,1,1,1183.6,0,14.7,300,1145,1,1.09,0.00,4330,1,1.09,0.00,4330
2026-05-09 16:00:03,1,1,1,1184.5,0,15.0,307,1144,1,1.09,0.00,4330,1,1.09,0.00,4330
2026-05-09 16:00:03,1,1,1,1184.5,0,15.0,307,1144,1,1.09,0.00,1489,1,1.09,0.00,1489
2026-05-09 16:00:03,1,1,1,1188.4,0,15.2,311,1147,1,1.09,0.00,1489,1,1.09,0.00,1489
2026-05-09 16:00:03,1,1,1,1188.4,0,15.2,311,1147,1,1.11,0.00,576,1,1.11,0.00,576
2026-05-09 16:00:03,1,1,1,1192.5,0,15.2,312,1151,1,1.11,0.00,576,1,1.11,0.00,576
2026-05-09 16:00:03,1,1,1,1197.4,0,15.1,312,1156,1,1.11,0.00,576,1,1.11,0.00,576
2026-05-09 16:00:03,1,1,1,1197.4,0,15.1,312,1156,0,0.00,0.00,0,1,1.11,0.00,576
2026-05-09 16:00:03,1,1,1,1201.7,0,14.9,310,1161,0,0.00,0.00,0,1,1.11,0.00,576
2026-05-09 16:00:03,1,1,1,1201.7,0,14.9,310,1161,0,0.00,0.00,0,1,1.11,0.00,576
2026-05-09 16:00:03,1,1,1,1203.3,0,14.7,305,1164,0,0.00,0.00,0,1,1.11,0.00,576
2026-05-09 16:00:03,1,1,1,1203.3,0,14.7,305,1164,0,0.00,0.00,0,1,1.11,0.00,576
2026-05-09 16:00:03,1,1,1,1203.7,0,14.4,299,1166,0,0.00,0.00,0,1,1.11,0.00,576
2026-05-09 16:00:03,1,1,1,1203.7,0,14.4,299,1166,0,0.00,0.00,0,1,1.11,0.00,576
2026-05-09 16:00:03,1,1,1,1202.7,0,14.2,295,1166,0,0.00,0.00,0,1,1.24,0.00,1373
2026-05-09 16:00:03,1,1,1,1201.5,0,14.2,294,1165,0,0.00,0.00,0,1,1.24,0.00,1373
2026-05-09 16:00:03,1,1,1,1201.5,0,14.2,294,1165,0,0.00,0.00,0,1,1.28,0.00,985
2026-05-09 16:00:03,1,1,1,1198.4,0,14.0,289,1163,0,0.00,0.00,0,1,1.28,0.00,985
2026-05-09 16:00:04,1,1,1,1198.4,0,14.0,289,1163,0,0.00,0.00,0,1,1.27,0.00,3725
2026-05-09 16:00:04,1,1,1,1193.9,0,13.3,274,1162,0,0.00,0.00,0,1,1.27,0.00,3725
2026-05-09 16:00:04,1,1,1,1193.9,0,13.3,274,1162,0,0.00,0.00,0,1,1.26,0.00,2117
2026-05-09 16:00:04,1,1,1,1187.3,0,12.7,262,1158,0,0.00,0.00,0,1,1.26,0.00,2117
2026-05-09 16:00:04,1,1,1,1180.3,0,12.1,248,1154,0,0.00,0.00,0,1,1.21,0.00,274
2026-05-09 16:00:04,1,1,1,1180.3,0,12.1,248,1154,0,0.00,0.00,0,1,1.21,0.00,274
2026-05-09 16:00:04,1,1,1,1177.3,0,11.9,243,1152,0,0.00,0.00,0,1,1.21,0.00,274
2026-05-09 16:00:04,1,1,1,1177.3,0,11.9,243,1152,0,0.00,0.00,0,1,1.21,0.00,274
2026-05-09 16:00:04,1,1,1,1179.0,0,12.0,246,1153,0,0.00,0.00,0,1,1.21,0.00,274
2026-05-09 16:00:04,1,1,1,1179.0,0,12.0,246,1153,0,0.00,0.00,0,1,1.21,0.00,274
2026-05-09 16:00:04,1,1,1,1182.5,0,12.2,249,1156,0,0.00,0.00,0,1,1.21,0.00,274
2026-05-09 16:00:04,1,1,1,1182.5,0,12.2,249,1156,0,0.00,0.00,0,1,1.21,0.00,274
2026-05-09 16:00:04,1,1,1,1187.5,0,12.4,254,1160,0,0.00,0.00,0,1,1.21,0.00,274
2026-05-09 16:00:04,1,1,1,1191.3,0,12.5,258,1163,0,0.00,0.00,0,1,1.21,0.00,274
2026-05-09 16:00:04,1,1,1,1191.3,0,12.5,258,1163,0,0.00,0.00,0,1,1.05,0.00,1445
2026-05-09 16:00:04,1,1,1,1192.9,0,12.6,261,1164,0,0.00,0.00,0,1,1.05,0.00,1445
2026-05-09 16:00:04,1,1,1,1192.9,0,12.6,261,1164,0,0.00,0.00,0,1,1.15,0.01,1538
2026-05-09 16:00:04,1,1,1,1191.1,0,12.9,266,1161,0,0.00,0.00,0,1,1.15,0.01,1538
2026-05-09 16:00:04,1,1,1,1191.1,0,12.9,266,1161,0,0.00,0.00,0,1,1.18,0.01,900
2026-05-09 16:00:04,1,1,1,1189.8,0,13.1,269,1159,0,0.00,0.00,0,1,1.18,0.01,900
2026-05-09 16:00:05,1,1,1,1189.1,0,12.9,266,1159,0,0.00,0.00,0,1,1.14,0.00,7250
2026-05-09 16:00:05,1,1,1,1189.1,0,12.9,266,1159,0,0.00,0.00,0,1,1.14,0.00,7250
2026-05-09 16:00:05,1,1,1,1189.1,0,12.9,266,1159,0,0.00,0.00,0,1,1.16,0.00,2738
2026-05-09 16:00:05,1,1,1,1189.1,0,12.9,266,1159,0,0.00,0.00,0,1,1.16,0.00,2738
2026-05-09 16:00:05,1,1,1,1189.9,0,12.9,265,1160,0,0.00,0.00,0,1,1.16,0.00,2738
2026-05-09 16:00:05,1,1,1,1189.9,0,12.9,265,1160,0,0.00,0.00,0,1,1.16,0.00,2738
2026-05-09 16:00:05,1,1,1,1189.6,0,13.0,268,1159,0,0.00,0.00,0,1,1.16,0.00,2738
2026-05-09 16:00:05,1,1,1,1189.6,0,13.0,268,1159,0,0.00,0.00,0,1,1.16,0.00,2738
2026-05-09 16:00:05,1,1,1,1188.5,0,13.2,272,1157,0,0.00,0.00,0,1,1.16,0.00,2738
2026-05-09 16:00:05,1,1,1,1190.6,0,13.7,281,1157,0,0.00,0.00,0,1,1.16,0.00,2738
2026-05-09 16:00:05,1,1,1,1190.6,0,13.7,281,1157,0,0.00,0.00,0,1,1.03,0.23,4250
2026-05-09 16:00:05,1,1,1,1194.2,0,14.0,288,1159,0,0.00,0.00,0,1,1.03,0.23,4250
2026-05-09 16:00:05,1,1,1,1194.2,0,14.0,288,1159,1,1.05,0.23,4250,1,1.05,0.23,4250
2026-05-09 16:00:05,1,1,1,1197.2,0,14.1,292,1161,1,1.05,0.23,4250,1,1.05,0.23,4250
2026-05-09 16:00:05,1,1,1,1197.2,0,14.1,292,1161,1,1.15,0.12,857,1,1.15,0.12,857
2026-05-09 16:00:05,1,1,1,1198.1,0,14.1,292,1162,1,1.15,0.12,857,1,1.15,0.12,857
2026-05-09 16:00:05,1,1,1,1197.2,0,14.1,292,1161,1,1.16,0.12,857,1,1.16,0.12,857
2026-05-09 16:00:05,1,1,1,1197.2,0,14.1,292,1161,1,1.16,0.12,857,1,1.16,0.12,857
2026-05-09 16:00:05,1,1,1,1194.0,0,14.1,291,1158,1,1.16,0.12,857,1,1.16,0.12,857
2026-05-09 16:00:05,1,1,1,1194.0,0,14.1,291,1158,0,0.00,0.00,0,1,1.16,0.12,857
2026-05-09 16:00:06,1,1,1,1191.8,0,14.1,290,1156,0,0.00,0.00,0,1,1.16,0.12,857
2026-05-09 16:00:06,1,1,1,1191.8,0,14.1,290,1156,0,0.00,0.00,0,1,1.16,0.12,857
2026-05-09 16:00:06,1,1,1,1191.8,0,14.1,290,1156,0,0.00,0.00,0,1,1.16,0.12,857
2026-05-09 16:00:06,1,1,1,1191.8,0,14.1,290,1156,0,0.00,0.00,0,1,1.16,0.12,857
2026-05-09 16:00:06,1,1,1,1194.0,0,14.1,291,1158,0,0.00,0.00,0,1,1.16,0.12,857
2026-05-09 16:00:06,1,1,1,1193.3,0,14.0,288,1158,0,0.00,0.00,0,1,1.16,0.12,857
2026-05-09 16:00:06,1,1,1,1193.3,0,14.0,288,1158,0,0.00,0.00,0,1,1.04,0.01,6397
2026-05-09 16:00:06,1,1,1,1195.2,0,13.9,288,1160,0,0.00,0.00,0,1,1.04,0.01,6397
2026-05-09 16:00:06,1,1,1,1195.2,0,13.9,288,1160,1,1.14,0.01,3005,1,1.14,0.01,3005
2026-05-09 16:00:06,1,1,1,1197.6,0,14.0,290,1162,1,1.14,0.01,3005,1,1.14,0.01,3005
2026-05-09 16:00:06,1,1,1,1197.6,0,14.0,290,1162,1,1.10,0.00,5066,1,1.10,0.00,5066
2026-05-09 16:00:06,1,1,1,1199.8,0,14.0,291,1164,1,1.10,0.00,5066,1,1.10,0.00,5066
2026-05-09 16:00:06,1,1,1,1203.7,0,14.0,291,1168,1,1.13,0.00,1741,1,1.13,0.00,1741
2026-05-09 16:00:06,1,1,1,1203.7,0,14.0,291,1168,1,1.13,0.00,1741,1,1.13,0.00,1741
2026-05-09 16:00:06,1,1,1,1206.6,0,14.0,291,1171,1,1.17,0.01,3280,1,1.17,0.01,3280
2026-05-09 16:00:06,1,1,1,1206.6,0,14.0,291,1171,1,1.17,0.01,3280,1,1.17,0.01,3280
2026-05-09 16:00:06,1,1,1,1207.8,0,14.0,292,1172,1,1.15,0.00,8117,1,1.15,0.00,8117
2026-05-09 16:00:06,1,1,1,1207.8,0,14.0,292,1172,1,1.15,0.00,8117,1,1.15,0.00,8117
2026-05-09 16:00:06,1,1,1,1206.6,0,14.0,291,1171,1,1.13,0.00,1906,1,1.13,0.00,1906
2026-05-09 16:00:06,1,1,1,1206.6,0,14.0,291,1171,1,1.13,0.00,1906,1,1.13,0.00,1906
2026-05-09 16:00:07,1,1,1,1204.9,0,14.0,292,1169,1,1.13,0.00,1906,1,1.13,0.00,1906
2026-05-09 16:00:07,1,1,1,1201.8,0,14.0,291,1166,1,1.13,0.00,1906,1,1.13,0.00,1906
2026-05-09 16:00:07,1,1,1,1201.8,0,14.0,291,1166,1,1.13,0.00,1906,1,1.13,0.00,1906
2026-05-09 16:00:07,1,1,1,1201.0,0,14.1,292,1165,0,0.00,0.00,0,1,1.13,0.00,1906
2026-05-09 16:00:07,1,1,1,1201.0,0,14.1,292,1165,0,0.00,0.00,0,1,1.13,0.00,1906
2026-05-09 16:00:07,1,1,1,1202.0,0,14.3,296,1165,0,0.00,0.00,0,1,1.13,0.00,1906
2026-05-09 16:00:07,1,1,1,1202.0,0,14.3,296,1165,0,0.00,0.00,0,1,1.01,0.02,7808
2026-05-09 16:00:07,1,1,1,1203.7,0,14.4,299,1166,0,0.00,0.00,0,1,1.01,0.02,7808
2026-05-09 16:00:07,1,1,1,1203.7,0,14.4,299,1166,1,1.04,0.01,20281,1,1.04,0.01,20281
2026-05-09 16:00:07,1,1,1,1207.4,0,14.5,302,1169,1,1.04,0.01,20281,1,1.04,0.01,20281
2026-05-09 16:00:07,1,1,1,1211.0,0,14.6,305,1172,1,1.11,0.01,3940,1,1.11,0.01,3940
2026-05-09 16:00:07,1,1,1,1211.0,0,14.6,305,1172,1,1.11,0.01,3940,1,1.11,0.01,3940
2026-05-09 16:00:07,1,1,1,1212.0,0,14.8,309,1172,1,1.11,0.01,3940,1,1.11,0.01,3940
2026-05-09 16:00:07,1,1,1,1212.0,0,14.8,309,1172,1,1.11,0.01,3940,1,1.11,0.01,3940
2026-05-09 16:00:07,1,1,1,1212.0,0,14.8,309,1172,1,1.15,0.02,10705,1,1.15,0.02,10705
2026-05-09 16:00:07,1,1,1,1212.0,0,14.8,309,1172,1,1.15,0.02,10705,1,1.15,0.02,10705
2026-05-09 16:00:07,1,1,1,1212.3,0,14.8,310,1172,1,1.17,0.02,5906,1,1.17,0.02,5906
2026-05-09 16:00:07,1,1,1,1212.0,0,14.8,309,1172,1,1.17,0.02,5906,1,1.17,0.02,5906
2026-05-09 16:00:07,1,1,1,1212.0,0,14.8,309,1172,1,1.17,0.02,5906,1,1.17,0.02,5906
2026-05-09 16:00:07,1,1,1,1212.0,0,14.8,309,1172,1,1.17,0.02,5906,1,1.17,0.02,5906
2026-05-09 16:00:08,1,1,1,1212.0,0,14.8,309,1172,1,1.17,0.02,5906,1,1.17,0.02,5906
2026-05-09 16:00:08,1,1,1,1212.5,0,14.7,307,1173,1,1.17,0.02,5906,1,1.17,0.02,5906
2026-05-09 16:00:08,1,1,1,1212.5,0,14.7,307,1173,1,1.17,0.02,5906,1,1.17,0.02,5906
2026-05-09 16:00:08,1,1,1,1212.7,0,14.5,304,1174,1,1.17,0.02,5906,1,1.17,0.02,5906
2026-05-09 16:00:08,1,1,1,1212.7,0,14.5,304,1174,1,1.07,0.00,6713,1,1.07,0.00,6713
2026-05-09 16:00:08,1,1,1,1214.4,0,14.3,299,1177,1,1.07,0.00,6713,1,1.07,0.00,6713
2026-05-09 16:00:08,1,1,1,1216.8,0,14.1,297,1180,1,1.03,0.00,1781,1,1.03,0.00,1781
2026-05-09 16:00:08,1,1,1,1216.8,0,14.1,297,1180,1,1.03,0.00,1781,1,1.03,0.00,1781
2026-05-09 16:00:08,1,1,1,1217.3,0,14.0,295,1181,1,1.03,0.00,1781,1,1.03,0.00,1781
2026-05-09 16:00:08,1,1,1,1217.3,0,14.0,295,1181,1,1.03,0.00,1781,1,1.03,0.00,1781
2026-05-09 16:00:08,1,1,1,1214.1,0,13.8,290,1179,1,1.12,0.01,2900,1,1.12,0.01,2900
2026-05-09 16:00:08,1,1,1,1214.1,0,13.8,290,1179,0,0.00,0.00,0,1,1.12,0.01,2900
2026-05-09 16:00:08,1,1,1,1213.2,0,13.6,286,1179,0,0.00,0.00,0,1,1.12,0.01,2900
2026-05-09 16:00:08,1,1,1,1215.4,0,13.7,287,1181,0,0.00,0.00,0,1,1.12,0.01,2900
2026-05-09 16:00:08,1,1,1,1215.4,0,13.7,287,1181,0,0.00,0.00,0,1,1.12,0.01,2900
2026-05-09 16:00:08,1,1,1,1221.9,0,13.7,290,1187,0,0.00,0.00,0,1,1.12,0.01,2900
2026-05-09 16:00:08,1,1,1,1221.9,0,13.7,290,1187,0,0.00,0.00,0,1,1.12,0.01,2900
2026-05-09 16:00:08,1,1,1,1228.7,0,13.8,294,1193,0,0.00,0.00,0,1,1.12,0.01,2900
2026-05-09 16:00:08,1,1,1,1228.7,0,13.8,294,1193,0,0.00,0.00,0,1,1.12,0.01,2900
2026-05-09 16:00:08,1,1,1,1229.7,0,13.8,294,1194,0,0.00,0.00,0,1,1.12,0.01,2900
2026-05-09 16:00:09,1,1,1,1229.7,0,13.8,294,1194,0,0.00,0.00,0,1,1.24,0.00,1108
2026-05-09 16:00:09,1,1,1,1228.9,0,13.9,295,1193,0,0.00,0.00,0,1,1.24,0.00,1108
2026-05-09 16:00:09,1,1,1,1230.1,0,14.1,300,1193,0,0.00,0.00,0,1,1.12,0.00,2385
2026-05-09 16:00:09,1,1,1,1230.1,0,14.1,300,1193,0,0.00,0.00,0,1,1.12,0.00,2385
2026-05-09 16:00:09,1,1,1,1229.4,0,14.4,305,1191,0,0.00,0.00,0,1,1.12,0.00,2385
2026-05-09 16:00:09,1,1,1,1229.4,0,14.4,305,1191,0,0.00,0.00,0,1,1.12,0.00,2385
2026-05-09 16:00:09,1,1,1,1229.7,0,14.4,306,1191,0,0.00,0.00,0,1,1.25,0.01,5597
2026-05-09 16:00:09,1,1,1,1229.7,0,14.4,306,1191,0,0.00,0.00,0,1,1.25,0.01,5597
2026-05-09 16:00:09,1,1,1,1230.2,0,14.3,304,1192,1,1.27,0.01,4986,1,1.27,0.01,4986
2026-05-09 16:00:09,1,1,1,1229.4,0,14.2,301,1192,1,1.27,0.01,4986,1,1.27,0.01,4986
2026-05-09 16:00:09,1,1,1,1229.4,0,14.2,301,1192,1,1.28,0.01,1354,1,1.28,0.01,1354
2026-05-09 16:00:09,1,1,1,1230.6,0,14.0,298,1194,1,1.28,0.01,1354,1,1.28,0.01,1354
2026-05-09 16:00:09,1,1,1,1230.6,0,14.0,298,1194,1,1.28,0.01,1354,1,1.28,0.01,1354
2026-05-09 16:00:09,1,1,1,1230.9,0,13.9,295,1195,1,1.28,0.01,1354,1,1.28,0.01,1354
2026-05-09 16:00:09,1,1,1,1230.9,0,13.9,295,1195,1,1.32,0.02,650,1,1.32,0.02,650
2026-05-09 16:00:09,1,1,1,1231.4,0,13.8,293,1196,0,0.00,0.00,0,1,1.32,0.02,650
2026-05-09 16:00:09,1,1,1,1231.4,0,13.8,293,1196,0,0.00,0.00,0,1,1.31,0.01,925
2026-05-09 16:00:09,1,1,1,1231.9,0,13.7,291,1197,0,0.00,0.00,0,1,1.31,0.01,925
2026-05-09 16:00:09,1,1,1,1233.3,0,13.6,289,1199,0,0.00,0.00,0,1,1.30,0.01,656
2026-05-09 16:00:09,1,1,1,1233.3,0,13.6,289,1199,0,0.00,0.00,0,1,1.30,0.01,656
2026-05-09 16:00:10,1,1,1,1235.5,0,13.6,290,1201,0,0.00,0.00,0,1,1.30,0.00,314
2026-05-09 16:00:10,1,1,1,1235.5,0,13.6,290,1201,0,0.00,0.00,0,1,1.30,0.00,314
2026-05-09 16:00:10,1,1,1,1238.9,0,13.6,292,1204,0,0.00,0.00,0,1,1.30,0.00,314
2026-05-09 16:00:10,1,1,1,1238.9,0,13.6,292,1204,0,0.00,0.00,0,1,1.30,0.00,314
2026-05-09 16:00:10,1,1,1,1241.6,0,13.7,295,1206,0,0.00,0.00,0,1,1.30,0.00,314
2026-05-09 16:00:10,1,1,1,1242.5,0,13.9,299,1206,0,0.00,0.00,0,1,1.30,0.00,314
2026-05-09 16:00:10,1,1,1,1242.5,0,13.9,299,1206,0,0.00,0.00,0,1,1.30,0.00,314
2026-05-09 16:00:10,1,1,1,1241.3,0,14.1,302,1204,0,0.00,0.00,0,1,1.30,0.00,314
2026-05-09 16:00:10,1,1,1,1241.3,0,14.1,302,1204,0,0.00,0.00,0,1,1.25,0.00,1874
2026-05-09 16:00:10,1,1,1,1240.3,0,14.1,302,1203,0,0.00,0.00,0,1,1.25,0.00,1874
2026-05-09 16:00:10,1,1,1,1240.3,0,14.1,302,1203,0,0.00,0.00,0,1,1.25,0.00,1985
2026-05-09 16:00:10,1,1,1,1238.9,0,14.0,300,1202,0,0.00,0.00,0,1,1.25,0.00,1985
2026-05-09 16:00:10,1,1,1,1238.9,0,14.0,300,1202,0,0.00,0.00,0,1,1.25,0.00,898
2026-05-09 16:00:10,1,1,1,1236.7,0,14.0,299,1200,0,0.00,0.00,0,1,1.25,0.00,898
2026-05-09 16:00:10,1,1,1,1234.3,0,13.9,297,1198,0,0.00,0.00,0,1,1.26,0.00,466
2026-05-09 16:00:10,1,1,1,1234.3,0,13.9,297,1198,0,0.00,0.00,0,1,1.26,0.00,466
2026-05-09 16:00:10,1,1,1,1230.9,0,13.9,295,1195,0,0.00,0.00,0,1,1.25,0.00,3805
2026-05-09 16:00:10,1,1,1,1230.9,0,13.9,295,1195,0,0.00,0.00,0,1,1.25,0.00,3805
2026-05-09 16:00:10,1,1,1,1229.2,0,13.9,296,1193,0,0.00,0.00,0,1,1.23,0.00,629
2026-05-09 16:00:10,1,1,1,1229.2,0,13.9,296,1193,0,0.00,0.00,0,1,1.23,0.00,629
2026-05-09 16:00:11,1,1,1,1226.7,0,14.1,298,1190,0,0.00,0.00,0,1,1.20,0.00,401
2026-05-09 16:00:11,1,1,1,1226.5,0,14.2,301,1189,0,0.00,0.00,0,1,1.20,0.00,401
2026-05-09 16:00:11,1,1,1,1226.5,0,14.2,301,1189,0,0.00,0.00,0,1,1.20,0.00,401
2026-05-09 16:00:11,1,1,1,1226.5,0,14.4,305,1188,0,0.00,0.00,0,1,1.20,0.00,401
2026-05-09 16:00:11,1,1,1,1226.5,0,14.4,305,1188,0,0.00,0.00,0,1,1.20,0.00,401
2026-05-09 16:00:11,1,1,1,1224.9,0,14.7,310,1185,0,0.00,0.00,0,1,1.20,0.00,401
2026-05-09 16:00:11,1,1,1,1224.9,0,14.7,310,1185,0,0.00,0.00,0,1,1.20,0.00,401
2026-05-09 16:00:11,1,1,1,1221.3,0,14.8,311,1181,0,0.00,0.00,0,1,1.20,0.00,401
2026-05-09 16:00:11,1,1,1,1221.3,0,14.8,311,1181,0,0.00,0.00,0,1,1.20,0.00,401
2026-05-09 16:00:11,1,1,1,1217.7,0,14.8,312,1177,0,0.00,0.00,0,1,1.20,0.00,401
2026-05-09 16:00:11,1,1,1,1211.9,0,14.9,312,1171,0,0.00,0.00,0,1,1.20,0.00,401
2026-05-09 16:00:11,1,1,1,1211.9,0,14.9,312,1171,0,0.00,0.00,0,1,1.20,0.00,401
2026-05-09 16:00:11,1,1,1,1207.0,0,15.0,312,1166,0,0.00,0.00,0,1,1.20,0.00,401
2026-05-09 16:00:11,1,1,1,1207.0,0,15.0,312,1166,0,0.00,0.00,0,1,1.20,0.00,401
2026-05-09 16:00:11,1,1,1,1205.8,0,14.9,311,1165,0,0.00,0.00,0,1,1.20,0.00,401
2026-05-09 16:00:11,1,1,1,1205.8,0,14.9,311,1165,0,0.00,0.00,0,0,0.00,0.00,0
2026-05-09 16:00:11,1,1,1,1207.5,0,14.9,310,1167,0,0.00,0.00,0,1,1.08,0.00,1025
2026-05-09 16:00:11,1,1,1,1207.5,0,14.9,310,1167,0,0.00,0.00,0,1,1.08,0.00,1025
2026-05-09 16:00:11,1,1,1,1209.4,0,14.9,310,1169,0,0.00,0.00,0,1,1.16,0.00,2920
2026-05-09 16:00:11,1,1,1,1211.3,0,14.8,310,1171,0,0.00,0.00,0,1,1.16,0.00,2920
2026-05-09 16:00:12,1,1,1,1211.3,0,14.8,310,1171,0,0.00,0.00,0,1,1.19,0.00,2725
2026-05-09 16:00:12,1,1,1,1213.0,0,14.8,309,1173,0,0.00,0.00,0,1,1.19,0.00,2725
2026-05-09 16:00:12,1,1,1,1213.0,0,14.8,309,1173,0,0.00,0.00,0,1,1.17,0.01,17477
2026-05-09 16:00:12,1,1,1,1216.1,0,14.6,306,1177,0,0.00,0.00,0,1,1.17,0.01,17477
2026-05-09 16:00:12,1,1,1,1216.1,0,14.6,306,1177,0,0.00,0.00,0,1,1.13,0.00,2561
2026-05-09 16:00:12,1,1,1,1220.0,0,14.3,302,1182,0,0.00,0.00,0,1,1.13,0.00,2561
2026-05-09 16:00:12,1,1,1,1221.4,0,14.2,300,1184,0,0.00,0.00,0,1,1.12,0.00,10225
2026-05-09 16:00:12,1,1,1,1221.4,0,14.2,300,1184,0,0.00,0.00,0,1,1.12,0.00,10225
2026-05-09 16:00:12,1,1,1,1220.4,0,14.0,296,1184,1,1.11,0.00,33109,1,1.11,0.00,33109
2026-05-09 16:00:12,1,1,1,1220.4,0,14.0,296,1184,1,1.11,0.00,33109,1,1.11,0.00,33109
2026-05-09 16:00:12,1,1,1,1214.6,0,13.7,288,1180,1,1.10,0.00,5832,1,1.10,0.00,5832
2026-05-09 16:00:22,1,1,1,1371.0,0,-0.4,-10,1371,1,1.43,0.01,656,1,1.43,0.01,656
2026-05-09 16:00:22,1,1,1,1371.0,0,-0.4,-10,1371,1,1.43,0.01,656,1,1.43,0.01,656
2026-05-09 16:00:22,1,1,1,1369.1,0,-0.6,-14,1369,1,1.43,0.01,656,1,1.43,0.01,656
2026-05-09 16:00:22,1,1,1,1369.1,0,-0.6,-14,1369,1,1.41,0.00,4160,1,1.41,0.00,4160
2026-05-09 16:00:22,1,1,1,1368.1,0,-0.8,-18,1368,1,1.39,0.00,21865,1,1.39,0.00,21865
2026-05-09 16:00:22,1,1,1,1364.2,0,-0.9,-22,1364,1,1.39,0.00,21865,1,1.39,0.00,21865
2026-05-09 16:00:22,1,1,1,1364.2,0,-0.9,-22,1364,1,1.38,-0.01,12645,1,1.38,-0.01,12645
2026-05-09 16:00:22,1,1,1,1362.2,0,-1.0,-24,1362,1,1.38,-0.01,12645,1,1.38,-0.01,12645
2026-05-09 16:00:22,1,1,1,1361.2,0,-1.1,-25,1361,1,1.37,-0.01,5717,1,1.37,-0.01,5717
2026-05-09 16:00:23,1,1,1,1361.2,0,-1.1,-25,1361,1,1.37,-0.01,5717,1,1.37,-0.01,5717
2026-05-09 16:00:23,1,1,1,1361.2,0,-1.0,-24,1361,1,1.35,-0.02,4292,1,1.35,-0.02,4292
2026-05-09 16:00:23,1,1,1,1361.2,0,-1.0,-24,1361,1,1.35,-0.02,4292,1,1.35,-0.02,4292
2026-05-09 16:00:23,1,1,1,1361.2,0,-1.1,-26,1361,1,1.34,-0.02,9549,1,1.34,-0.02,9549
2026-05-09 16:00:23,1,1,1,1361.2,0,-1.1,-26,1361,1,1.34,-0.02,9549,1,1.34,-0.02,9549
2026-05-09 16:00:23,1,1,1,1360.3,0,-1.2,-28,1360,1,1.34,-0.01,1109,1,1.34,-0.01,1109
2026-05-09 16:00:23,1,1,1,1360.3,0,-1.2,-28,1360,1,1.34,-0.01,1109,1,1.34,-0.01,1109
2026-05-09 16:00:23,1,1,1,1361.3,0,-1.3,-30,1361,1,1.34,-0.01,3341,1,1.34,-0.01,3341
2026-05-09 16:00:23,1,1,1,1362.4,0,-1.3,-31,1362,1,1.34,-0.01,3341,1,1.34,-0.01,3341
2026-05-09 16:00:23,1,1,1,1362.4,0,-1.3,-31,1362,1,1.34,0.00,1060,1,1.34,0.00,1060
2026-05-09 16:00:23,1,1,1,1364.3,0,-1.3,-30,1364,1,1.34,0.00,1060,1,1.34,0.00,1060
2026-05-09 16:00:23,1,1,1,1364.3,0,-1.3,-30,1364,1,1.35,0.00,941,1,1.35,0.00,941
2026-05-09 16:00:23,1,1,1,1366.3,0,-1.3,-30,1366,1,1.35,0.00,941,1,1.35,0.00,941
2026-05-09 16:00:23,1,1,1,1367.3,0,-1.2,-29,1367,1,1.35,0.00,1525,1,1.35,0.00,1525
2026-05-09 16:00:23,1,1,1,1367.3,0,-1.2,-29,1367,0,0.00,0.00,0,1,1.35,0.00,1525
2026-05-09 16:00:23,1,1,1,1367.3,0,-1.2,-29,1367,0,0.00,0.00,0,1,1.36,0.00,290
2026-05-09 16:00:23,1,1,1,1367.3,0,-1.2,-29,1367,0,0.00,0.00,0,1,1.36,0.00,290
2026-05-09 16:00:23,1,1,1,1368.3,0,-1.2,-29,1368,0,0.00,0.00,0,1,1.36,0.00,290
2026-05-09 16:00:23,1,1,1,1368.3,0,-1.2,-29,1368,0,0.00,0.00,0,1,1.36,0.00,290
2026-05-09 16:00:24,1,1,1,1369.3,0,-1.3,-30,1369,0,0.00,0.00,0,1,1.36,0.00,290
2026-05-09 16:00:24,1,1,1,1369.4,0,-1.3,-32,1369,0,0.00,0.00,0,1,1.36,0.00,290
2026-05-09 16:00:24,1,1,1,1369.4,0,-1.3,-32,1369,0,0.00,0.00,0,1,1.36,0.00,290
2026-05-09 16:00:24,1,1,1,1371.5,8,-1.6,-38,1371,0,0.00,0.00,0,1,1.36,0.00,290
2026-05-09 16:00:24,1,1,1,1371.5,8,-1.6,-38,1371,0,0.00,0.00,0,1,1.36,0.00,290
2026-05-09 16:00:24,1,1,1,1373.6,0,-1.8,-42,1373,0,0.00,0.00,0,1,1.36,0.00,290
2026-05-09 16:00:24,1,1,1,1373.6,0,-1.8,-42,1373,0,0.00,0.00,0,1,1.50,0.00,1636
2026-05-09 16:00:24,1,1,1,1374.7,0,-1.8,-44,1374,0,0.00,0.00,0,1,1.50,0.00,1636
2026-05-09 16:00:24,1,1,1,1374.7,0,-1.8,-44,1374,0,0.00,0.00,0,1,1.50,0.00,2725
2026-05-09 16:00:24,1,1,1,1375.7,0,-1.8,-44,1375,0,0.00,0.00,0,1,1.50,0.00,2725
2026-05-09 16:00:24,1,1,1,1376.6,0,-1.7,-42,1376,0,0.00,0.00,0,1,1.50,0.00,2600
2026-05-09 16:00:24,1,1,1,1376.6,0,-1.7,-42,1376,0,0.00,0.00,0,1,1.50,0.00,2600
2026-05-09 16:00:24,1,1,1,1377.6,0,-1.7,-41,1377,0,0.00,0.00,0,1,1.50,0.00,2180
2026-05-09 16:00:24,1,1,1,1377.6,0,-1.7,-41,1377,0,0.00,0.00,0,1,1.50,0.00,2180
2026-05-09 16:00:24,1,1,1,1378.6,0,-1.6,-39,1378,0,0.00,0.00,0,1,1.50,0.00,1609
2026-05-09 16:00:24,1,1,1,1378.6,0,-1.6,-39,1378,0,0.00,0.00,0,1,1.50,0.00,1609
2026-05-09 16:00:24,1,1,1,1379.5,0,-1.5,-36,1379,0,0.00,0.00,0,1,1.50,0.00,180
2026-05-09 16:00:24,1,1,1,1380.4,0,-1.4,-34,1380,0,0.00,0.00,0,1,1.50,0.00,180
2026-05-09 16:00:24,1,1,1,1380.4,0,-1.4,-34,1380,0,0.00,0.00,0,1,1.46,0.00,160
2026-05-09 16:00:24,1,1,1,1380.3,0,-1.2,-28,1380,0,0.00,0.00,0,1,1.46,0.00,160
2026-05-09 16:00:25,1,1,1,1380.3,0,-1.2,-28,1380,0,0.00,0.00,0,1,1.47,0.00,298
2026-05-09 16:00:25,1,1,1,1380.2,0,-1.0,-25,1380,0,0.00,0.00,0,1,1.47,0.00,298
2026-05-09 16:00:25,1,1,1,1380.2,0,-1.0,-25,1380,0,0.00,0.00,0,1,1.47,0.00,298
2026-05-09 16:00:25,1,1,1,1377.3,0,-1.1,-27,1377,0,0.00,0.00,0,1,1.47,0.00,298
2026-05-09 16:00:25,1,1,1,1377.3,0,-1.1,-27,1377,0,0.00,0.00,0,1,1.47,0.00,298
2026-05-09 16:00:25,1,1,1,1375.3,0,-1.1,-27,1375,0,0.00,0.00,0,1,1.47,0.00,298
2026-05-09 16:00:25,1,1,1,1376.2,0,-0.9,-21,1376,0,0.00,0.00,0,1,1.47,0.00,298
2026-05-09 16:00:25,1,1,1,1376.2,0,-0.9,-21,1376,0,0.00,0.00,0,1,1.47,0.00,298
2026-05-09 16:00:25,1,1,1,1376.1,0,-0.8,-19,1376,0,0.00,0.00,0,1,1.47,0.00,298
2026-05-09 16:00:25,1,1,1,1376.1,0,-0.8,-19,1376,0,0.00,0.00,0,1,1.47,0.00,298
2026-05-09 16:00:25,1,1,1,1373.1,0,-0.8,-19,1373,0,0.00,0.00,0,1,1.47,0.00,298
2026-05-09 16:00:25,1,1,1,1373.1,0,-0.8,-19,1373,0,0.00,0.00,0,1,1.47,0.00,298
2026-05-09 16:00:25,1,1,1,1371.1,0,-0.7,-16,1371,0,0.00,0.00,0,1,1.47,0.00,298
2026-05-09 16:00:25,1,1,1,1371.1,0,-0.8,-18,1371,0,0.00,0.00,0,1,1.47,0.00,298
2026-05-09 16:00:25,1,1,1,1371.1,0,-0.8,-18,1371,0,0.00,0.00,0,1,1.47,0.00,298
2026-05-09 16:00:25,1,1,1,1371.1,0,-0.8,-20,1371,0,0.00,0.00,0,0,0.00,0.00,0
2026-05-09 16:00:25,1,1,1,1371.1,0,-0.8,-20,1371,0,0.00,0.00,0,1,1.50,0.00,160
2026-05-09 16:00:25,1,1,1,1372.1,0,-0.8,-18,1372,0,0.00,0.00,0,1,1.50,0.00,160
2026-05-09 16:00:25,1,1,1,1372.1,0,-0.8,-18,1372,0,0.00,0.00,0,1,1.38,0.00,113
2026-05-09 16:00:25,1,1,1,1373.1,0,-0.8,-18,1373,0,0.00,0.00,0,1,1.38,0.00,113
2026-05-09 16:00:26,1,1,1,1373.1,0,-0.8,-18,1373,0,0.00,0.00,0,1,1.36,0.00,202
2026-05-09 16:00:26,1,1,1,1374.1,0,-0.7,-17,1374,0,0.00,0.00,0,1,1.36,0.00,202
2026-05-09 16:00:26,1,1,1,1376.1,0,-0.6,-14,1376,0,0.00,0.00,0,1,1.40,0.00,692
2026-05-09 16:00:26,1,1,1,1376.1,0,-0.6,-14,1376,0,0.00,0.00,0,1,1.40,0.00,692
2026-05-09 16:00:26,1,1,1,1377.1,0,-0.5,-12,1377,0,0.00,0.00,0,1,1.42,0.00,1576
2026-05-09 16:00:26,1,1,1,1377.1,0,-0.5,-12,1377,0,0.00,0.00,0,1,1.42,0.00,1576
2026-05-09 16:00:26,1,1,1,1379.0,0,-0.4,-10,1379,0,0.00,0.00,0,1,1.43,0.01,980
2026-05-09 16:00:26,1,1,1,1379.0,0,-0.4,-10,1379,0,0.00,0.00,0,1,1.43,0.01,980
2026-05-09 16:00:26,1,1,1,1380.0,0,-0.4,-9,1380,0,0.00,0.00,0,1,1.42,0.00,689
2026-05-09 16:00:26,1,1,1,1381.0,0,-0.4,-9,1381,0,0.00,0.00,0,1,1.42,0.00,689
2026-05-09 16:00:26,1,1,1,1381.0,0,-0.4,-9,1381,0,0.00,0.00,0,1,1.43,0.00,1170
2026-05-09 16:00:26,1,1,1,1382.0,0,-0.4,-10,1382,0,0.00,0.00,0,1,1.43,0.00,1170
2026-05-09 16:00:26,1,1,1,1382.0,0,-0.4,-10,1382,0,0.00,0.00,0,1,1.43,0.00,1170
2026-05-09 16:00:26,1,1,1,1382.0,0,-0.4,-10,1382,0,0.00,0.00,0,1,1.43,0.00,1170
2026-05-09 16:00:26,1,1,1,1382.0,0,-0.4,-10,1382,0,0.00,0.00,0,1,1.43,0.00,1170
2026-05-09 16:00:26,1,1,1,1382.0,0,-0.5,-11,1382,0,0.00,0.00,0,1,1.43,0.00,1170
2026-05-09 16:00:26,1,1,1,1382.0,0,-0.5,-11,1382,0,0.00,0.00,0,1,1.43,0.00,1170
2026-05-09 16:00:26,1,1,1,1382.1,0,-0.5,-13,1382,0,0.00,0.00,0,1,1.43,0.00,1170
2026-05-09 16:00:26,1,1,1,1382.1,0,-0.7,-17,1382,0,0.00,0.00,0,1,1.43,0.00,1170
2026-05-09 16:00:26,1,1,1,1382.1,0,-0.7,-17,1382,0,0.00,0.00,0,1,1.43,0.00,1170
2026-05-09 16:00:27,1,1,1,1382.1,0,-0.7,-17,1382,0,0.00,0.00,0,1,1.43,0.00,1170
2026-05-09 16:00:27,1,1,1,1382.1,0,-0.7,-17,1382,0,0.00,0.00,0,1,1.43,0.00,1170
2026-05-09 16:00:27,1,1,1,1383.1,0,-0.7,-18,1383,0,0.00,0.00,0,1,1.43,0.00,1170
2026-05-09 16:00:27,1,1,1,1383.1,0,-0.7,-18,1383,0,0.00,0.00,0,1,1.43,0.00,1170
2026-05-09 16:00:27,1,1,1,1383.1,0,-0.8,-19,1383,0,0.00,0.00,0,1,1.49,0.00,612
2026-05-09 16:00:27,1,1,1,1383.1,0,-0.8,-19,1383,0,0.00,0.00,0,1,1.49,0.00,612
2026-05-09 16:00:27,1,1,1,1384.1,0,-0.8,-20,1384,0,0.00,0.00,0,1,1.49,0.00,2738
2026-05-09 16:00:27,1,1,1,1384.1,0,-0.8,-20,1384,0,0.00,0.00,0,1,1.49,0.00,2738
2026-05-09 16:00:27,1,1,1,1384.1,0,-0.8,-20,1384,0,0.00,0.00,0,1,1.49,0.00,4100
2026-05-09 16:00:27,1,1,1,1384.1,0,-0.8,-20,1384,0,0.00,0.00,0,1,1.49,0.00,4100
2026-05-09 16:00:27,1,1,1,1384.1,0,-0.8,-20,1384,1,1.49,0.00,6098,1,1.49,0.00,6098
2026-05-09 16:00:27,1,1,1,1384.1,0,-0.8,-20,1384,1,1.49,0.00,6098,1,1.49,0.00,6098
2026-05-09 16:00:27,1,1,1,1384.1,0,-0.8,-20,1384,1,1.50,0.00,2285,1,1.50,0.00,2285
2026-05-09 16:00:27,1,1,1,1384.1,0,-0.8,-19,1384,1,1.50,0.00,2285,1,1.50,0.00,2285
2026-05-09 16:00:27,1,1,1,1384.1,0,-0.7,-17,1384,1,1.55,0.06,2313,1,1.55,0.06,2313
2026-05-09 16:00:27,1,1,1,1384.1,0,-0.7,-17,1384,1,1.55,0.06,2313,1,1.55,0.06,2313
2026-05-09 16:00:27,1,1,1,1385.1,0,-0.6,-14,1385,1,1.56,0.06,2313,1,1.56,0.06,2313
2026-05-09 16:00:27,1,1,1,1385.1,0,-0.6,-14,1385,0,0.00,0.00,0,1,1.56,0.06,2313
2026-05-09 16:00:27,1,1,1,1383.0,0,-0.5,-11,1383,0,0.00,0.00,0,1,1.51,0.03,18496
2026-05-09 16:00:27,1,1,1,1383.0,0,-0.5,-11,1383,0,0.00,0.00,0,1,1.51,0.03,18496
2026-05-09 16:00:28,1,1,1,1384.0,0,-0.2,-6,1384,1,1.47,0.01,22201,1,1.47,0.01,22201
2026-05-09 16:00:28,1,1,1,1384.0,0,-0.2,-6,1384,1,1.47,0.01,22201,1,1.47,0.01,22201
2026-05-09 16:00:28,1,1,1,1385.0,0,0.0,0,1385,1,1.47,0.01,22201,1,1.47,0.01,22201
2026-05-09 16:00:28,1,1,1,1385.0,0,0.1,3,1385,1,1.47,0.01,22201,1,1.47,0.01,22201
2026-05-09 16:00:28,1,1,1,1385.0,0,0.1,3,1385,1,1.48,0.01,4640,1,1.48,0.01,4640
2026-05-09 16:00:28,1,1,1,1384.0,0,0.2,4,1384,1,1.48,0.01,4640,1,1.48,0.01,4640
2026-05-09 16:00:28,1,1,1,1384.0,0,0.2,4,1384,1,1.45,0.00,7261,1,1.45,0.00,7261
2026-05-09 16:00:28,1,1,1,1384.0,0,0.1,2,1384,1,1.45,0.00,7261,1,1.45,0.00,7261
2026-05-09 16:00:28,1,1,1,1384.0,0,0.1,2,1384,1,1.42,-0.01,1489,1,1.42,-0.01,1489
2026-05-09 16:00:28,1,1,1,1384.0,0,0.0,0,1384,1,1.42,-0.01,1489,1,1.42,-0.01,1489
2026-05-09 16:00:28,1,1,1,1382.0,0,0.0,0,1382,1,1.40,-0.01,6201,1,1.40,-0.01,6201
2026-05-09 16:00:28,1,1,1,1382.0,0,0.0,0,1382,1,1.40,-0.01,6201,1,1.40,-0.01,6201
2026-05-09 16:00:28,1,1,1,1380.0,0,0.0,1,1380,1,1.40,-0.01,1354,1,1.40,-0.01,1354
2026-05-09 16:00:28,1,1,1,1380.0,0,0.0,1,1380,1,1.40,-0.01,1354,1,1.40,-0.01,1354
2026-05-09 16:00:28,1,1,1,1379.0,0,0.1,2,1379,1,1.39,-0.01,1354,1,1.39,-0.01,1354
2026-05-09 16:00:28,1,1,1,1379.0,0,0.1,2,1379,1,1.39,-0.01,1354,1,1.39,-0.01,1354
2026-05-09 16:00:28,1,1,1,1376.0,-8,0.3,7,1376,1,1.38,-0.02,1937,1,1.38,-0.02,1937
2026-05-09 16:00:28,1,1,1,1376.0,-8,0.3,7,1376,0,0.00,0.00,0,1,1.38,-0.02,1937
2026-05-09 16:00:28,1,1,1,1374.0,0,0.4,9,1374,0,0.00,0.00,0,1,1.37,-0.02,1937
2026-05-09 16:00:28,1,1,1,1372.0,0,0.4,9,1372,0,0.00,0.00,0,1,1.37,-0.02,1937
2026-05-09 16:00:29,1,1,1,1372.0,0,0.4,9,1372,0,0.00,0.00,0,1,1.36,-0.02,1844
2026-05-09 16:00:29,1,1,1,1370.1,0,0.5,13,1370,0,0.00,0.00,0,1,1.36,-0.02,1844
2026-05-09 16:00:29,1,1,1,1370.1,0,0.5,13,1370,0,0.00,0.00,0,1,1.35,-0.02,1744
2026-05-09 16:00:29,1,1,1,1369.1,0,0.7,16,1369,0,0.00,0.00,0,1,1.35,-0.02,1744
2026-05-09 16:00:29,1,1,1,1369.1,0,0.7,16,1369,0,0.00,0.00,0,1,1.34,-0.02,13885
2026-05-09 16:00:29,1,1,1,1369.1,0,0.8,20,1369,0,0.00,0.00,0,1,1.34,-0.02,13885
2026-05-09 16:00:29,1,1,1,1371.2,0,0.9,22,1371,1,1.33,-0.02,17210,1,1.33,-0.02,17210
2026-05-09 16:00:29,1,1,1,1371.2,0,0.9,22,1371,1,1.33,-0.02,17210,1,1.33,-0.02,17210
2026-05-09 16:00:29,1,1,1,1372.2,0,1.0,24,1372,1,1.32,-0.02,3485,1,1.32,-0.02,3485
2026-05-09 16:00:29,1,1,1,1372.2,0,1.0,24,1372,1,1.32,-0.02,3485,1,1.32,-0.02,3485
2026-05-09 16:00:29,1,1,1,1373.2,0,1.0,24,1373,1,1.33,-0.01,1000,1,1.33,-0.01,1000
2026-05-09 16:00:29,1,1,1,1373.2,0,1.0,24,1373,1,1.33,-0.01,1000,1,1.33,-0.01,1000
2026-05-09 16:00:29,1,1,1,1373.2,0,1.0,23,1373,1,1.33,-0.01,1000,1,1.33,-0.01,1000
2026-05-09 16:00:29,1,1,1,1373.2,0,1.0,23,1373,1,1.33,-0.01,1000,1,1.33,-0.01,1000
2026-05-09 16:00:29,1,1,1,1373.2,0,0.9,21,1373,1,1.33,-0.01,1000,1,1.33,-0.01,1000
2026-05-09 16:00:29,1,1,1,1372.1,0,0.8,19,1372,0,0.00,0.00,0,1,1.33,-0.01,1000
2026-05-09 16:00:29,1,1,1,1372.1,0,0.8,19,1372,0,0.00,0.00,0,1,1.33,-0.01,1000
2026-05-09 16:00:29,1,1,1,1370.1,0,0.7,17,1370,0,0.00,0.00,0,1,1.33,-0.01,1000
2026-05-09 16:00:29,1,1,1,1370.1,0,0.7,17,1370,0,0.00,0.00,0,1,1.33,-0.01,1000
2026-05-09 16:00:29,1,1,1,1367.1,0,0.5,12,1367,0,0.00,0.00,0,1,1.33,-0.01,1000
2026-05-09 16:00:30,1,1,1,1367.1,0,0.5,12,1367,0,0.00,0.00,0,1,1.33,-0.01,1000
2026-05-09 16:00:30,1,1,1,1366.0,0,0.5,11,1366,0,0.00,0.00,0,1,1.33,-0.01,1000
2026-05-09 16:00:30,1,1,1,1366.0,0,0.5,11,1366,0,0.00,0.00,0,1,1.33,-0.01,1000
2026-05-09 16:00:30,1,1,1,1366.0,0,0.5,11,1366,0,0.00,0.00,0,1,1.33,-0.01,1000
2026-05-09 16:00:30,1,1,1,1367.1,0,0.5,13,1367,0,0.00,0.00,0,1,1.50,0.00,3200
2026-05-09 16:00:30,1,1,1,1367.1,0,0.5,13,1367,0,0.00,0.00,0,1,1.50,0.00,3200
2026-05-09 16:00:30,1,1,1,1368.1,0,0.6,14,1368,1,1.50,0.00,3305,1,1.50,0.00,3305
2026-05-09 16:00:30,1,1,1,1368.1,0,0.6,14,1368,1,1.50,0.00,3305,1,1.50,0.00,3305
2026-05-09 16:00:30,1,1,1,1369.1,0,0.6,14,1369,1,1.50,0.00,1445,1,1.50,0.00,1445
2026-05-09 16:00:30,1,1,1,1369.1,0,0.6,14,1369,1,1.50,0.00,1445,1,1.50,0.00,1445
2026-05-09 16:00:30,1,1,1,1370.1,0,0.6,15,1370,1,1.50,0.00,793,1,1.50,0.00,793
2026-05-09 16:00:30,1,1,1,1371.1,0,0.7,17,1371,1,1.50,0.00,793,1,1.50,0.00,793
2026-05-09 16:00:30,1,1,1,1371.1,0,0.7,17,1371,1,1.50,0.00,793,1,1.50,0.00,793
2026-05-09 16:00:30,1,1,1,1371.2,0,0.9,22,1371,0,0.00,0.00,0,1,1.50,0.00,793
2026-05-09 16:00:30,1,1,1,1371.2,0,0.9,22,1371,0,0.00,0.00,0,1,1.50,0.00,404
2026-05-09 16:00:30,1,1,1,1371.2,0,1.0,23,1371,0,0.00,0.00,0,1,1.50,0.00,404
2026-05-09 16:00:30,1,1,1,1371.2,0,1.0,23,1371,0,0.00,0.00,0,1,1.50,0.00,404
2026-05-09 16:00:30,1,1,1,1372.2,0,0.9,21,1372,0,0.00,0.00,0,1,1.50,0.00,404
2026-05-09 16:00:30,1,1,1,1373.2,0,1.0,23,1373,0,0.00,0.00,0,1,1.50,0.00,340
2026-05-09 16:00:30,1,1,1,1373.2,0,1.0,23,1373,0,0.00,0.00,0,1,1.50,0.00,340
2026-05-09 16:00:31,1,1,1,1375.2,0,1.0,24,1375,0,0.00,0.00,0,1,1.50,0.00,340
2026-05-09 16:00:31,1,1,1,1375.2,0,1.0,24,1375,0,0.00,0.00,0,1,1.50,0.00,340
2026-05-09 16:00:31,1,1,1,1374.2,0,1.0,25,1374,0,0.00,0.00,0,1,1.50,0.00,340
2026-05-09 16:00:31,1,1,1,1374.2,0,1.0,25,1374,0,0.00,0.00,0,1,1.50,0.00,340
2026-05-09 16:00:31,1,1,1,1374.2,0,1.1,26,1374,0,0.00,0.00,0,1,1.50,0.00,340
2026-05-09 16:00:31,1,1,1,1374.2,0,1.1,26,1374,0,0.00,0.00,0,1,1.50,0.00,340
2026-05-09 16:00:31,1,1,1,1374.3,0,1.3,31,1374,0,0.00,0.00,0,1,1.50,0.00,340
2026-05-09 16:00:31,1,1,1,1373.4,0,1.4,33,1373,0,0.00,0.00,0,1,1.50,0.00,340
2026-05-09 16:00:31,1,1,1,1373.4,0,1.4,33,1373,0,0.00,0.00,0,1,1.50,0.00,340
2026-05-09 16:00:31,1,1,1,1372.4,0,1.3,32,1372,0,0.00,0.00,0,1,1.50,0.00,340
2026-05-09 16:00:31,1,1,1,1372.4,0,1.3,32,1372,0,0.00,0.00,0,1,1.50,0.00,340
2026-05-09 16:00:31,1,1,1,1372.4,0,1.3,31,1372,0,0.00,0.00,0,1,1.50,0.00,340
2026-05-09 16:00:31,1,1,1,1372.4,0,1.3,31,1372,0,0.00,0.00,0,1,1.50,0.00,340
2026-05-09 16:00:31,1,1,1,1372.3,0,1.3,30,1372,0,0.00,0.00,0,0,0.00,0.00,0
2026-05-09 16:00:31,1,1,1,1372.3,0,1.3,30,1372,0,0.00,0.00,0,0,0.00,0.00,0
2026-05-09 16:00:31,1,1,1,1372.4,0,1.3,31,1372,0,0.00,0.00,0,0,0.00,0.00,0
2026-05-09 16:00:31,1,1,1,1372.4,0,1.3,31,1372,0,0.00,0.00,0,0,0.00,0.00,0
2026-05-09 16:00:31,1,1,1,1372.4,0,1.3,31,1372,0,0.00,0.00,0,0,0.00,0.00,0
2026-05-09 16:00:31,1,1,1,1373.3,0,1.3,30,1373,0,0.00,0.00,0,1,1.50,0.00,788
2026-05-09 16:00:31,1,1,1,1373.3,0,1.3,30,1373,0,0.00,0.00,0,1,1.50,0.00,788
2026-05-09 16:00:32,1,1,1,1374.4,0,1.3,32,1374,0,0.00,0.00,0,1,1.50,0.00,697
2026-05-09 16:00:32,1,1,1,1374.4,0,1.3,32,1374,0,0.00,0.00,0,1,1.50,0.00,697
2026-05-09 16:00:32,1,1,1,1375.4,0,1.4,34,1375,0,0.00,0.00,0,1,1.50,0.00,425
2026-05-09 16:00:32,1,1,1,1374.5,0,1.5,37,1374,0,0.00,0.00,0,1,1.50,0.00,425
2026-05-09 16:00:32,1,1,1,1374.5,0,1.5,37,1374,0,0.00,0.00,0,1,1.50,0.00,257
2026-05-09 16:00:32,1,1,1,1374.6,0,1.7,41,1374,0,0.00,0.00,0,1,1.50,0.00,257
2026-05-09 16:00:32,1,1,1,1374.6,0,1.7,41,1374,0,0.00,0.00,0,1,1.50,0.00,257
2026-05-09 16:00:32,1,1,1,1373.7,0,1.9,45,1373,0,0.00,0.00,0,1,1.50,0.00,257
2026-05-09 16:00:32,1,1,1,1373.7,0,1.9,45,1373,0,0.00,0.00,0,1,1.50,0.00,257
2026-05-09 16:00:32,1,1,1,1373.8,0,1.9,46,1373,0,0.00,0.00,0,1,1.50,0.00,257
2026-05-09 16:00:32,1,1,1,1373.8,0,1.9,46,1373,0,0.00,0.00,0,1,1.50,0.00,257
2026-05-09 16:00:32,1,1,1,1372.8,0,2.0,47,1372,0,0.00,0.00,0,1,1.50,0.00,257
2026-05-09 16:00:32,1,1,1,1372.8,0,2.0,48,1372,0,0.00,0.00,0,1,1.50,0.00,257
2026-05-09 16:00:32,1,1,1,1372.8,0,2.0,48,1372,0,0.00,0.00,0,1,1.50,0.00,257
2026-05-09 16:00:32,1,1,1,1371.8,0,2.0,47,1371,0,0.00,0.00,0,1,1.50,0.00,257
2026-05-09 16:00:32,1,1,1,1371.8,0,2.0,47,1371,0,0.00,0.00,0,1,1.50,0.00,257
2026-05-09 16:00:32,1,1,1,1369.9,0,2.0,49,1369,0,0.00,0.00,0,1,1.50,0.00,257
2026-05-09 16:00:32,1,1,1,1369.9,0,2.0,49,1369,0,0.00,0.00,0,1,1.50,0.00,257
2026-05-09 16:00:32,1,1,1,1368.0,0,2.2,53,1367,0,0.00,0.00,0,1,1.50,0.00,257
2026-05-09 16:00:32,1,1,1,1366.2,0,2.4,57,1365,0,0.00,0.00,0,0,0.00,0.00,0
2026-05-09 16:00:33,1,1,1,1366.2,0,2.4,57,1365,0,0.00,0.00,0,0,0.00,0.00,0
2026-05-09 16:00:33,1,1,1,1365.2,0,2.4,58,1364,0,0.00,0.00,0,0,0.00,0.00,0
2026-05-09 16:00:33,1,1,1,1365.2,0,2.4,58,1364,0,0.00,0.00,0,0,0.00,0.00,0
2026-05-09 16:00:33,1,1,1,1365.2,0,2.4,58,1364,0,0.00,0.00,0,0,0.00,0.00,0
2026-05-09 16:00:33,1,1,1,1365.2,0,2.4,58,1364,0,0.00,0.00,0,1,1.50,0.00,4717
2026-05-09 16:00:33,1,1,1,1365.2,0,2.4,57,1364,0,0.00,0.00,0,1,1.50,0.00,4717
2026-05-09 16:00:33,1,1,1,1365.2,0,2.4,57,1364,0,0.00,0.00,0,1,1.50,0.00,1093
2026-05-09 16:00:33,1,1,1,1365.2,0,2.4,57,1364,0,0.00,0.00,0,1,1.50,0.00,1093
2026-05-09 16:00:33,1,1,1,1366.2,0,2.4,57,1365,0,0.00,0.00,0,1,1.50,0.00,1093
2026-05-09 16:00:33,1,1,1,1366.2,0,2.4,57,1365,0,0.00,0.00,0,1,1.50,0.00,1093
2026-05-09 16:00:33,1,1,1,1368.2,0,2.4,58,1367,0,0.00,0.00,0,1,1.50,0.00,1093
2026-05-09 16:00:33,1,1,1,1368.2,0,2.4,58,1367,0,0.00,0.00,0,1,1.50,0.00,1093
2026-05-09 16:00:33,1,1,1,1371.1,0,2.3,54,1370,0,0.00,0.00,0,1,1.50,0.00,1093
2026-05-09 16:00:33,1,1,1,1371.1,0,2.3,54,1370,0,0.00,0.00,0,1,1.50,0.00,1093
2026-05-09 16:00:33,1,1,1,1370.9,0,2.0,49,1370,0,0.00,0.00,0,1,1.50,0.00,1093
2026-05-09 16:00:33,1,1,1,1370.8,0,2.0,48,1370,0,0.00,0.00,0,1,1.50,0.00,1093
2026-05-09 16:00:33,1,1,1,1370.8,0,2.0,48,1370,0,0.00,0.00,0,1,1.50,0.00,1093
2026-05-09 16:00:33,1,1,1,1371.9,0,2.1,50,1371,0,0.00,0.00,0,1,1.50,0.00,1093
2026-05-09 16:00:33,1,1,1,1371.9,0,2.1,50,1371,0,0.00,0.00,0,1,1.50,0.00,1093
2026-05-09 16:00:33,1,1,1,1372.8,0,2.0,48,1372,0,0.00,0.00,0,1,1.50,0.00,1093
2026-05-09 16:00:34,1,1,1,1372.8,0,2.0,48,1372,0,0.00,0.00,0,1,1.50,0.00,1093
2026-05-09 16:00:34,1,1,1,1373.7,0,1.8,43,1373,0,0.00,0.00,0,0,0.00,0.00,0
2026-05-09 16:00:34,1,1,1,1373.7,0,1.8,43,1373,0,0.00,0.00,0,0,0.00,0.00,0
2026-05-09 16:00:34,1,1,1,1373.5,0,1.6,38,1373,0,0.00,0.00,0,0,0.00,0.00,0
2026-05-09 16:00:34,1,1,1,1372.4,0,1.3,32,1372,0,0.00,0.00,0,0,0.00,0.00,0
2026-05-09 16:00:34,1,1,1,1372.4,0,1.3,32,1372,0,0.00,0.00,0,0,0.00,0.00,0
2026-05-09 16:00:34,1,1,1,1371.2,0,1.1,26,1371,0,0.00,0.00,0,0,0.00,0.00,0
2026-05-09 16:00:34,1,1,1,1371.2,0,1.1,26,1371,0,0.00,0.00,0,0,0.00,0.00,0
2026-05-09 16:00:34,1,1,1,1372.3,0,1.1,27,1372,0,0.00,0.00,0,0,0.00,0.00,0
2026-05-09 16:00:34,1,1,1,1372.3,0,1.1,27,1372,0,0.00,0.00,0,0,0.00,0.00,0
2026-05-09 16:00:34,1,1,1,1371.3,0,1.2,28,1371,0,0.00,0.00,0,0,0.00,0.00,0
2026-05-09 16:00:34,1,1,1,1371.4,0,1.4,34,1371,0,0.00,0.00,0,0,0.00,0.00,0
2026-05-09 16:00:34,1,1,1,1371.4,0,1.4,34,1371,0,0.00,0.00,0,0,0.00,0.00,0
2026-05-09 16:00:34,1,1,1,1372.5,0,1.6,38,1372,0,0.00,0.00,0,0,0.00,0.00,0
2026-05-09 16:00:34,1,1,1,1372.5,0,1.6,38,1372,0,0.00,0.00,0,1,1.50,0.00,1421
2026-05-09 16:00:34,1,1,1,1373.6,0,1.7,40,1373,0,0.00,0.00,0,1,1.50,0.00,1421
2026-05-09 16:00:34,1,1,1,1373.6,0,1.7,40,1373,0,0.00,0.00,0,1,1.50,0.00,818
2026-05-09 16:00:34,1,1,1,1374.7,0,1.8,43,1374,0,0.00,0.00,0,1,1.50,0.00,818
2026-05-09 16:00:34,1,1,1,1374.7,0,1.8,43,1374,0,0.00,0.00,0,1,1.50,0.00,818
2026-05-09 16:00:34,1,1,1,1374.7,0,1.8,44,1374,0,0.00,0.00,0,1,1.50,0.00,818
2026-05-09 16:00:35,1,1,1,1373.8,0,2.0,47,1373,0,0.00,0.00,0,1,1.50,0.00,404
2026-05-09 16:00:35,1,1,1,1373.8,0,2.0,47,1373,0,0.00,0.00,0,1,1.50,0.00,404
2026-05-09 16:00:35,1,1,1,1373.9,0,2.1,51,1373,0,0.00,0.00,0,1,1.50,0.00,404
2026-05-09 16:00:35,1,1,1,1373.9,0,2.1,51,1373,0,0.00,0.00,0,1,1.50,0.00,404
2026-05-09 16:00:35,1,1,1,1373.1,0,2.3,55,1372,0,0.00,0.00,0,1,1.50,0.00,404
2026-05-09 16:00:35,1,1,1,1373.1,0,2.3,55,1372,0,0.00,0.00,0,1,1.50,0.00,404
2026-05-09 16:00:35,1,1,1,1373.2,0,2.4,58,1372,0,0.00,0.00,0,1,1.50,0.00,404
2026-05-09 16:00:35,1,1,1,1372.4,0,2.5,61,1371,0,0.00,0.00,0,1,1.50,0.00,404
2026-05-09 16:00:35,1,1,1,1372.4,0,2.5,61,1371,0,0.00,0.00,0,1,1.50,0.00,404
2026-05-09 16:00:35,1,1,1,1372.5,0,2.7,65,1371,0,0.00,0.00,0,1,1.50,0.00,404
2026-05-09 16:00:35,1,1,1,1372.5,0,2.7,65,1371,0,0.00,0.00,0,1,1.50,0.00,404
2026-05-09 16:00:35,1,1,1,1373.7,0,2.8,68,1372,0,0.00,0.00,0,1,1.50,0.00,404
2026-05-09 16:00:35,1,1,1,1373.7,0,2.8,68,1372,0,0.00,0.00,0,1,1.50,0.00,404
2026-05-09 16:00:35,1,1,1,1370.7,0,2.8,68,1369,0,0.00,0.00,0,1,1.50,0.00,404
2026-05-09 16:00:35,1,1,1,1370.7,0,2.8,68,1369,0,0.00,0.00,0,1,1.50,0.00,404
2026-05-09 16:00:35,1,1,1,1367.6,0,2.8,66,1366,0,0.00,0.00,0,0,0.00,0.00,0
2026-05-09 16:00:35,1,1,1,1365.5,0,2.7,65,1364,0,0.00,0.00,0,0,0.00,0.00,0
2026-05-09 16:00:35,1,1,1,1365.5,0,2.7,65,1364,0,0.00,0.00,0,0,0.00,0.00,0
2026-05-09 16:00:35,1,1,1,1364.5,0,2.7,65,1363,0,0.00,0.00,0,1,1.49,0.00,2034
2026-05-09 16:00:35,1,1,1,1364.5,0,2.7,65,1363,0,0.00,0.00,0,1,1.49,0.00,2034
2026-05-09 16:00:36,1,1,1,1364.5,0,2.7,65,1363,0,0.00,0.00,0,1,1.49,0.00,2120
2026-05-09 16:00:36,1,1,1,1364.5,0,2.7,65,1363,0,0.00,0.00,0,1,1.49,0.00,2120
2026-05-09 16:00:36,1,1,1,1364.6,0,2.8,66,1363,0,0.00,0.00,0,1,1.49,0.00,1940
2026-05-09 16:00:36,1,1,1,1364.6,0,2.8,66,1363,0,0.00,0.00,0,1,1.49,0.00,1940
2026-05-09 16:00:36,1,1,1,1365.6,0,2.8,66,1364,0,0.00,0.00,0,1,1.49,0.00,365
2026-05-09 16:00:36,1,1,1,1366.5,0,2.7,65,1365,0,0.00,0.00,0,1,1.49,0.00,365
2026-05-09 16:00:36,1,1,1,1366.5,0,2.7,65,1365,0,0.00,0.00,0,1,1.49,0.00,365
2026-05-09 16:00:36,1,1,1,1367.4,0,2.6,62,1366,0,0.00,0.00,0,1,1.49,0.00,365
2026-05-09 16:00:36,1,1,1,1367.4,0,2.6,62,1366,0,0.00,0.00,0,1,1.49,0.00,365
2026-05-09 16:00:36,1,1,1,1367.2,0,2.4,57,1366,0,0.00,0.00,0,1,1.49,0.00,365
2026-05-09 16:00:36,1,1,1,1367.2,0,2.4,57,1366,0,0.00,0.00,0,1,1.49,0.00,365
2026-05-09 16:00:36,1,1,1,1367.0,0,2.1,51,1366,0,0.00,0.00,0,1,1.49,0.00,365
2026-05-09 16:00:36,1,1,1,1367.8,0,2.0,47,1367,0,0.00,0.00,0,1,1.49,0.00,365
2026-05-09 16:00:36,1,1,1,1367.8,0,2.0,47,1367,0,0.00,0.00,0,1,1.49,0.00,365
2026-05-09 16:00:36,1,1,1,1368.8,0,2.0,47,1368,0,0.00,0.00,0,1,1.49,0.00,365
2026-05-09 16:00:36,1,1,1,1368.8,0,2.0,47,1368,0,0.00,0.00,0,1,1.49,0.00,365
2026-05-09 16:00:36,1,1,1,1368.7,0,1.9,45,1368,0,0.00,0.00,0,1,1.49,0.00,365
2026-05-09 16:00:36,1,1,1,1368.7,0,1.9,45,1368,0,0.00,0.00,0,1,1.49,0.00,365
2026-05-09 16:00:36,1,1,1,1369.6,0,1.7,41,1369,0,0.00,0.00,0,1,1.49,0.00,365
2026-05-09 16:00:36,1,1,1,1369.6,0,1.7,41,1369,0,0.00,0.00,0,0,0.00,0.00,0
2026-05-09 16:00:37,1,1,1,1369.4,0,1.5,35,1369,0,0.00,0.00,0,0,0.00,0.00,0
2026-05-09 16:00:37,1,1,1,1369.3,0,1.2,28,1369,0,0.00,0.00,0,0,0.00,0.00,0
2026-05-09 16:00:37,1,1,1,1369.3,0,1.2,28,1369,0,0.00,0.00,0,0,0.00,0.00,0
2026-05-09 16:00:37,1,1,1,1369.2,0,1.1,26,1369,0,0.00,0.00,0,0,0.00,0.00,0
2026-05-09 16:00:37,1,1,1,1369.2,0,1.1,26,1369,0,0.00,0.00,0,0,0.00,0.00,0
2026-05-09 16:00:37,1,1,1,1369.2,0,1.0,25,1369,0,0.00,0.00,0,0,0.00,0.00,0
2026-05-09 16:00:37,1,1,1,1369.2,0,1.0,25,1369,0,0.00,0.00,0,0,0.00,0.00,0
2026-05-09 16:00:37,1,1,1,1368.2,8,0.9,22,1368,0,0.00,0.00,0,0,0.00,0.00,0
2026-05-09 16:00:37,1,1,1,1368.2,0,0.9,22,1368,0,0.00,0.00,0,1,1.50,0.00,1765
2026-05-09 16:00:37,1,1,1,1368.2,0,0.9,22,1368,0,0.00,0.00,0,1,1.50,0.00,1765
2026-05-09 16:00:37,1,1,1,1368.2,0,1.0,23,1368,0,0.00,0.00,0,1,1.50,0.00,2180
2026-05-09 16:00:37,1,1,1,1368.2,0,1.0,23,1368,0,0.00,0.00,0,1,1.50,0.00,2180
2026-05-09 16:00:37,1,1,1,1368.2,0,1.0,25,1368,0,0.00,0.00,0,1,1.50,0.00,2180
2026-05-09 16:00:37,1,1,1,1368.2,0,1.0,25,1368,0,0.00,0.00,0,1,1.50,0.00,2180
2026-05-09 16:00:37,1,1,1,1368.2,0,1.1,26,1368,0,0.00,0.00,0,1,1.50,0.00,2180
2026-05-09 16:00:37,1,1,1,1368.2,0,1.1,26,1368,0,0.00,0.00,0,1,1.50,0.00,2180
2026-05-09 16:00:37,1,1,1,1368.3,0,1.2,29,1368,0,0.00,0.00,0,1,1.50,0.00,2180
2026-05-09 16:00:37,1,1,1,1367.4,0,1.4,33,1367,0,0.00,0.00,0,1,1.50,0.00,2180
2026-05-09 16:00:37,1,1,1,1367.4,0,1.4,33,1367,0,0.00,0.00,0,1,1.28,0.01,808
2026-05-09 16:00:37,1,1,1,1368.6,0,1.7,40,1368,0,0.00,0.00,0,1,1.28,0.01,808
2026-05-09 16:00:38,1,1,1,1368.6,0,1.7,40,1368,0,0.00,0.00,0,1,1.27,0.01,436
2026-05-09 16:00:38,1,1,1,1368.8,0,2.0,48,1368,0,0.00,0.00,0,1,1.27,0.01,436
2026-05-09 16:00:38,1,1,1,1368.8,0,2.0,48,1368,0,0.00,0.00,0,1,1.27,0.01,436
2026-05-09 16:00:38,1,1,1,1370.1,0,2.3,54,1369,0,0.00,0.00,0,1,1.27,0.01,436
2026-05-09 16:00:38,1,1,1,1372.2,0,2.4,58,1371,0,0.00,0.00,0,1,1.27,0.01,436
2026-05-09 16:00:38,1,1,1,1372.2,0,2.4,58,1371,0,0.00,0.00,0,1,1.27,0.01,436
2026-05-09 16:00:38,1,1,1,1372.4,0,2.6,62,1371,0,0.00,0.00,0,1,1.27,0.01,436
2026-05-09 16:00:38,1,1,1,1372.4,0,2.6,62,1371,0,0.00,0.00,0,1,1.27,0.01,436
2026-05-09 16:00:38,1,1,1,1374.4,0,2.6,62,1373,0,0.00,0.00,0,1,1.27,0.01,436
2026-05-09 16:00:38,1,1,1,1374.4,0,2.6,62,1373,0,0.00,0.00,0,1,1.27,0.01,436
2026-05-09 16:00:38,1,1,1,1375.4,0,2.6,62,1374,0,0.00,0.00,0,1,1.27,0.01,436
2026-05-09 16:00:38,1,1,1,1375.4,0,2.6,62,1374,0,0.00,0.00,0,1,1.27,0.01,436
2026-05-09 16:00:38,1,1,1,1375.4,0,2.5,61,1374,0,0.00,0.00,0,1,1.27,0.01,436
2026-05-09 16:00:38,1,1,1,1375.4,0,2.5,61,1374,0,0.00,0.00,0,1,1.27,0.01,436
2026-05-09 16:00:38,1,1,1,1375.4,0,2.5,61,1374,0,0.00,0.00,0,1,1.50,0.00,3314
2026-05-09 16:00:38,1,1,1,1376.3,0,2.5,60,1375,0,0.00,0.00,0,1,1.50,0.00,3314
2026-05-09 16:00:38,1,1,1,1376.3,0,2.5,60,1375,0,0.00,0.00,0,1,1.50,0.00,1669
2026-05-09 16:00:38,1,1,1,1377.3,0,2.5,59,1376,0,0.00,0.00,0,1,1.50,0.00,1669
2026-05-09 16:00:38,1,1,1,1377.3,0,2.5,59,1376,0,0.00,0.00,0,1,1.50,0.00,733
2026-05-09 16:00:38,1,1,1,1378.2,0,2.4,58,1377,0,0.00,0.00,0,1,1.50,0.00,733
2026-05-09 16:00:39,1,1,1,1379.2,0,2.4,57,1378,0,0.00,0.00,0,1,1.50,0.00,733
2026-05-09 16:00:39,1,1,1,1379.2,0,2.4,57,1378,0,0.00,0.00,0,1,1.50,0.00,733
2026-05-09 16:00:39,1,1,1,1379.2,0,2.4,57,1378,0,0.00,0.00,0,1,1.50,0.00,733
2026-05-09 16:00:39,1,1,1,1379.2,0,2.4,57,1378,0,0.00,0.00,0,1,1.50,0.00,733
2026-05-09 16:00:39,1,1,1,1379.2,0,2.4,57,1378,0,0.00,0.00,0,1,1.50,0.00,733
2026-05-09 16:00:39,1,1,1,1379.2,0,2.4,57,1378,0,0.00,0.00,0,1,1.50,0.00,733
2026-05-09 16:00:39,1,1,1,1378.1,0,2.3,56,1377,0,0.00,0.00,0,1,1.50,0.00,733
2026-05-09 16:00:39,1,1,1,1378.1,0,2.3,56,1377,0,0.00,0.00,0,1,1.50,0.00,733
2026-05-09 16:00:39,1,1,1,1378.1,0,2.3,56,1377,0,0.00,0.00,0,1,1.50,0.00,733
2026-05-09 16:00:39,1,1,1,1380.1,0,2.3,56,1379,0,0.00,0.00,0,1,1.50,0.00,733
2026-05-09 16:00:39,1,1,1,1380.1,0,2.3,56,1379,0,0.00,0.00,0,1,1.50,0.00,733
2026-05-09 16:00:39,1,1,1,1380.1,0,2.3,56,1379,0,0.00,0.00,0,1,1.50,0.00,733
2026-05-09 16:00:39,1,1,1,1380.1,0,2.3,56,1379,0,0.00,0.00,0,1,1.50,0.00,733
2026-05-09 16:00:39,1,1,1,1381.1,0,2.2,54,1380,0,0.00,0.00,0,0,0.00,0.00,0
2026-05-09 16:00:39,1,1,1,1381.1,0,2.2,54,1380,0,0.00,0.00,0,0,0.00,0.00,0
2026-05-09 16:00:39,1,1,1,1381.0,0,2.2,53,1380,0,0.00,0.00,0,0,0.00,0.00,0
2026-05-09 16:00:39,1,1,1,1381.0,0,2.2,53,1380,0,0.00,0.00,0,0,0.00,0.00,0
2026-05-09 16:00:39,1,1,1,1382.0,0,2.2,52,1381,0,0.00,0.00,0,0,0.00,0.00,0
2026-05-09 16:00:39,1,1,1,1381.0,0,2.2,53,1380,0,0.00,0.00,0,0,0.00,0.00,0
2026-05-09 16:00:39,1,1,1,1381.0,0,2.2,53,1380,0,0.00,0.00,0,0,0.00,0.00,0
2026-05-09 16:00:40,1,1,1,1379.1,0,2.3,55,1378,0,0.00,0.00,0,0,0.00,0.00,0
2026-05-09 16:00:40,1,1,1,1379.1,0,2.3,55,1378,0,0.00,0.00,0,0,0.00,0.00,0
2026-05-09 16:00:40,1,1,1,1380.1,0,2.3,55,1379,0,0.00,0.00,0,0,0.00,0.00,0
2026-05-09 16:00:40,1,1,1,1380.1,0,2.3,55,1379,0,0.00,0.00,0,0,0.00,0.00,0
2026-05-09 16:00:40,1,1,1,1380.2,0,2.4,57,1379,0,0.00,0.00,0,1,1.50,0.00,1465
2026-05-09 16:00:40,1,1,1,1381.2,0,2.4,58,1380,0,0.00,0.00,0,1,1.50,0.00,1465
2026-05-09 16:00:40,1,1,1,1381.2,0,2.4,58,1380,0,0.00,0.00,0,1,1.50,0.00,1636
2026-05-09 16:00:40,1,1,1,1381.2,0,2.4,57,1380,0,0.00,0.00,0,1,1.50,0.00,1636
2026-05-09 16:00:40,1,1,1,1381.2,0,2.4,57,1380,0,0.00,0.00,0,1,1.50,0.00,1636
2026-05-09 16:00:40,1,1,1,1382.1,0,2.3,56,1381,0,0.00,0.00,0,1,1.50,0.00,1636
2026-05-09 16:00:40,1,1,1,1382.1,0,2.3,56,1381,0,0.00,0.00,0,1,1.50,0.00,1636
2026-05-09 16:00:40,1,1,1,1383.2,0,2.4,57,1382,0,0.00,0.00,0,1,1.50,0.00,1636
2026-05-09 16:00:40,1,1,1,1383.2,0,2.4,57,1382,0,0.00,0.00,0,1,1.50,0.00,1636
2026-05-09 16:00:40,1,1,1,1382.2,0,2.4,58,1381,0,0.00,0.00,0,1,1.50,0.00,1636
2026-05-09 16:00:40,1,1,1,1382.3,0,2.5,61,1381,0,0.00,0.00,0,1,1.50,0.00,1636
2026-05-09 16:00:40,1,1,1,1382.3,0,2.5,61,1381,0,0.00,0.00,0,1,1.50,0.00,1636
2026-05-09 16:00:40,1,1,1,1382.5,0,2.7,64,1381,0,0.00,0.00,0,1,1.50,0.00,1636
2026-05-09 16:00:40,1,1,1,1382.5,0,2.7,64,1381,0,0.00,0.00,0,1,1.50,0.00,1636
2026-05-09 16:00:40,1,1,1,1382.6,0,2.7,66,1381,0,0.00,0.00,0,1,1.50,0.00,1636
2026-05-09 16:00:40,1,1,1,1382.6,0,2.7,66,1381,0,0.00,0.00,0,1,1.50,0.00,1636
2026-05-09 16:00:41,1,1,1,1382.7,0,2.9,69,1381,0,0.00,0.00,0,1,1.26,0.00,1009
2026-05-09 16:00:41,1,1,1,1383.7,0,2.9,69,1382,0,0.00,0.00,0,1,1.26,0.00,1009
2026-05-09 16:00:41,1,1,1,1383.7,0,2.9,69,1382,0,0.00,0.00,0,1,1.26,0.00,1009
2026-05-09 16:00:41,1,1,1,1383.8,0,2.9,71,1382,0,0.00,0.00,0,1,1.26,0.00,1009
2026-05-09 16:00:41,1,1,1,1383.8,0,2.9,71,1382,0,0.00,0.00,0,1,1.38,0.01,922
2026-05-09 16:00:41,1,1,1,1383.9,0,3.0,72,1382,0,0.00,0.00,0,1,1.38,0.01,922
2026-05-09 16:00:41,1,1,1,1383.9,0,3.0,72,1382,0,0.00,0.00,0,1,1.35,0.00,832
2026-05-09 16:00:41,1,1,1,1383.9,0,3.0,73,1382,0,0.00,0.00,0,1,1.35,0.00,832
2026-05-09 16:00:41,1,1,1,1383.9,0,3.0,73,1382,0,0.00,0.00,0,1,1.39,0.01,1642
2026-05-09 16:00:41,1,1,1,1384.9,0,3.0,73,1383,0,0.00,0.00,0,1,1.39,0.01,1642
2026-05-09 16:00:41,1,1,1,1384.9,0,3.0,73,1383,0,0.00,0.00,0,1,1.41,0.01,1053
2026-05-09 16:00:41,1,1,1,1384.9,0,3.0,73,1383,0,0.00,0.00,0,1,1.41,0.01,1053
2026-05-09 16:00:41,1,1,1,1385.0,0,3.1,74,1383,0,0.00,0.00,0,1,1.43,0.01,481
2026-05-09 16:00:41,1,1,1,1385.0,0,3.1,74,1383,0,0.00,0.00,0,1,1.43,0.01,481
2026-05-09 16:00:41,1,1,1,1385.0,0,3.1,75,1383,0,0.00,0.00,0,1,1.44,0.02,905
2026-05-09 16:00:41,1,1,1,1385.0,0,3.1,75,1383,0,0.00,0.00,0,1,1.44,0.02,905
2026-05-09 16:00:41,1,1,1,1386.1,0,3.1,76,1384,0,0.00,0.00,0,1,1.45,0.01,290
2026-05-09 16:00:41,1,1,1,1386.1,0,3.1,76,1384,0,0.00,0.00,0,1,1.45,0.01,290
2026-05-09 16:00:41,1,1,1,1386.1,0,3.1,76,1384,0,0.00,0.00,0,1,1.45,0.01,290
2026-05-09 16:00:41,1,1,1,1387.0,0,3.1,75,1385,0,0.00,0.00,0,1,1.45,0.01,290
2026-05-09 16:00:42,1,1,1,1387.0,0,3.1,75,1385,0,0.00,0.00,0,1,1.45,0.01,290
2026-05-09 16:00:42,1,1,1,1386.8,0,2.9,70,1385,0,0.00,0.00,0,1,1.45,0.01,290
2026-05-09 16:00:42,1,1,1,1386.8,0,2.9,70,1385,0,0.00,0.00,0,1,1.45,0.01,290
2026-05-09 16:00:42,1,1,1,1384.4,0,2.6,63,1383,0,0.00,0.00,0,1,1.45,0.01,290
2026-05-09 16:00:42,1,1,1,1384.4,0,2.6,63,1383,0,0.00,0.00,0,1,1.45,0.01,290
2026-05-09 16:00:42,1,1,1,1384.2,0,2.4,57,1383,0,0.00,0.00,0,1,1.45,0.01,290
2026-05-09 16:00:42,1,1,1,1383.1,0,2.3,55,1382,0,0.00,0.00,0,1,1.45,0.01,290
2026-05-09 16:00:42,1,1,1,1383.1,0,2.3,55,1382,0,0.00,0.00,0,1,1.45,0.01,290
2026-05-09 16:00:42,1,1,1,1383.1,0,2.3,56,1382,0,0.00,0.00,0,1,1.50,0.00,245
2026-05-09 16:00:42,1,1,1,1383.1,0,2.3,56,1382,0,0.00,0.00,0,1,1.50,0.00,245
2026-05-09 16:00:42,1,1,1,1383.0,0,2.2,53,1382,0,0.00,0.00,0,1,1.50,0.00,245
2026-05-09 16:00:42,1,1,1,1383.0,0,2.2,53,1382,0,0.00,0.00,0,1,1.50,0.00,245
2026-05-09 16:00:42,1,1,1,1383.0,0,2.2,53,1382,0,0.00,0.00,0,1,1.50,0.00,904
2026-05-09 16:00:42,1,1,1,1383.1,0,2.2,54,1382,0,0.00,0.00,0,1,1.50,0.00,904
2026-05-09 16:00:42,1,1,1,1383.1,0,2.2,54,1382,0,0.00,0.00,0,1,1.50,0.00,1040
2026-05-09 16:00:42,1,1,1,1383.1,0,2.3,55,1382,0,0.00,0.00,0,1,1.50,0.00,1040
2026-05-09 16:00:42,1,1,1,1383.1,0,2.3,55,1382,0,0.00,0.00,0,1,1.50,0.00,853
2026-05-09 16:00:42,1,1,1,1384.1,0,2.3,56,1383,0,0.00,0.00,0,1,1.50,0.00,853
2026-05-09 16:00:42,1,1,1,1384.1,0,2.3,56,1383,0,0.00,0.00,0,1,1.50,0.00,853
2026-05-09 16:00:42,1,1,1,1384.2,0,2.4,57,1383,0,0.00,0.00,0,1,1.50,0.00,853
2026-05-09 16:00:43,1,1,1,1384.2,0,2.4,57,1383,0,0.00,0.00,0,1,1.46,0.00,612
2026-05-09 16:00:43,1,1,1,1384.2,0,2.4,58,1383,0,0.00,0.00,0,1,1.46,0.00,612
2026-05-09 16:00:43,1,1,1,1384.3,0,2.5,60,1383,0,0.00,0.00,0,1,1.47,0.00,328
2026-05-09 16:00:43,1,1,1,1384.3,0,2.5,60,1383,0,0.00,0.00,0,1,1.47,0.00,328
2026-05-09 16:00:43,1,1,1,1384.3,0,2.5,61,1383,0,0.00,0.00,0,1,1.47,0.00,298
2026-05-09 16:00:43,1,1,1,1384.3,0,2.5,61,1383,0,0.00,0.00,0,1,1.47,0.00,298
2026-05-09 16:00:43,1,1,1,1385.3,0,2.5,61,1384,0,0.00,0.00,0,1,1.47,0.00,298
2026-05-09 16:00:43,1,1,1,1385.3,0,2.5,61,1384,0,0.00,0.00,0,1,1.47,0.00,298
2026-05-09 16:00:43,1,1,1,1386.3,0,2.5,61,1385,0,0.00,0.00,0,1,1.47,0.00,298
2026-05-09 16:00:43,1,1,1,1386.2,0,2.4,57,1385,0,0.00,0.00,0,1,1.47,0.00,298
2026-05-09 16:00:43,1,1,1,1386.2,0,2.4,57,1385,0,0.00,0.00,0,1,1.47,0.00,298
2026-05-09 16:00:43,1,1,1,1384.1,0,2.3,56,1383,0,0.00,0.00,0,1,1.47,0.00,298
2026-05-09 16:00:43,1,1,1,1384.1,0,2.3,56,1383,0,0.00,0.00,0,1,1.47,0.00,298
2026-05-09 16:00:43,1,1,1,1383.2,0,2.4,58,1382,0,0.00,0.00,0,1,1.47,0.00,298
2026-05-09 16:00:43,1,1,1,1383.2,0,2.4,58,1382,0,0.00,0.00,0,1,1.47,0.00,298
2026-05-09 16:00:43,1,1,1,1382.2,0,2.4,57,1381,0,0.00,0.00,0,1,1.47,0.00,298
2026-05-09 16:00:43,1,1,1,1382.2,0,2.4,57,1381,0,0.00,0.00,0,1,1.47,0.00,298
2026-05-09 16:00:43,1,1,1,1380.0,0,2.2,53,1379,0,0.00,0.00,0,1,1.47,0.00,298
2026-05-09 16:00:43,1,1,1,1379.9,0,2.1,50,1379,0,0.00,0.00,0,1,1.47,0.00,298
2026-05-09 16:00:43,1,1,1,1379.9,0,2.1,50,1379,0,0.00,0.00,0,0,0.00,0.00,0
2026-05-09 16:00:44,1,1,1,1379.9,0,2.0,49,1379,0,0.00,0.00,0,1,1.50,0.00,3145
2026-05-09 16:00:44,1,1,1,1379.9,0,2.0,49,1379,0,0.00,0.00,0,1,1.50,0.00,3145
2026-05-09 16:00:44,1,1,1,1380.9,0,2.1,51,1380,0,0.00,0.00,0,1,1.50,0.00,2873
2026-05-09 16:00:44,1,1,1,1380.9,0,2.1,51,1380,0,0.00,0.00,0,1,1.50,0.00,2873
2026-05-09 16:00:44,1,1,1,1382.0,0,2.2,52,1381,0,0.00,0.00,0,1,1.50,0.00,2941
2026-05-09 16:00:44,1,1,1,1382.0,0,2.2,52,1381,0,0.00,0.00,0,1,1.50,0.00,2941
2026-05-09 16:00:44,1,1,1,1383.0,0,2.2,53,1382,0,0.00,0.00,0,1,1.50,0.00,788
2026-05-09 16:00:44,1,1,1,1385.1,0,2.2,54,1384,0,0.00,0.00,0,1,1.50,0.00,788
2026-05-09 16:00:44,1,1,1,1385.1,0,2.2,54,1384,0,0.00,0.00,0,1,1.50,0.00,477
2026-05-09 16:00:44,1,1,1,1386.1,0,2.3,55,1385,0,0.00,0.00,0,1,1.50,0.00,477
2026-05-09 16:00:44,1,1,1,1386.1,0,2.3,55,1385,0,0.00,0.00,0,1,1.46,0.00,337
2026-05-09 16:00:44,1,1,1,1386.2,0,2.4,58,1385,0,0.00,0.00,0,1,1.46,0.00,337
2026-05-09 16:00:44,1,1,1,1386.2,0,2.4,58,1385,0,0.00,0.00,0,1,1.47,0.00,1361
2026-05-09 16:00:44,1,1,1,1387.3,0,2.5,61,1386,0,0.00,0.00,0,1,1.47,0.00,1361
2026-05-09 16:00:44,1,1,1,1386.5,0,2.6,64,1385,0,0.00,0.00,0,1,1.47,0.00,1280
2026-05-09 16:00:44,1,1,1,1386.5,0,2.6,64,1385,0,0.00,0.00,0,1,1.47,0.00,1280
2026-05-09 16:00:44,1,1,1,1386.6,0,2.7,66,1385,0,0.00,0.00,0,1,1.47,0.00,1280
2026-05-09 16:00:44,1,1,1,1386.6,0,2.7,66,1385,0,0.00,0.00,0,1,1.47,0.00,1280
2026-05-09 16:00:44,1,1,1,1385.7,0,2.8,68,1384,0,0.00,0.00,0,1,1.47,0.00,1280
2026-05-09 16:00:44,1,1,1,1385.7,0,2.8,68,1384,0,0.00,0.00,0,1,1.47,0.00,1280
2026-05-09 16:00:45,1,1,1,1384.8,0,2.9,70,1383,0,0.00,0.00,0,1,1.47,0.00,1280
2026-05-09 16:00:45,1,1,1,1384.8,0,2.9,70,1383,0,0.00,0.00,0,1,1.47,0.00,1280
2026-05-09 16:00:45,1,1,1,1383.8,0,2.9,70,1382,0,0.00,0.00,0,1,1.47,0.00,1280
2026-05-09 16:00:45,1,1,1,1380.6,0,2.7,66,1379,0,0.00,0.00,0,1,1.47,0.00,1280
2026-05-09 16:00:45,1,1,1,1380.6,0,2.7,66,1379,0,0.00,0.00,0,1,1.50,0.00,274
2026-05-09 16:00:45,1,1,1,1379.5,0,2.7,64,1378,0,0.00,0.00,0,1,1.50,0.00,274
2026-05-09 16:00:45,1,1,1,1379.5,0,2.7,64,1378,0,0.00,0.00,0,1,1.50,0.00,493
2026-05-09 16:00:45,1,1,1,1378.6,0,2.7,66,1377,0,0.00,0.00,0,1,1.50,0.00,493
2026-05-09 16:00:45,1,1,1,1378.6,0,2.7,66,1377,0,0.00,0.00,0,1,1.50,0.00,493
2026-05-09 16:00:45,1,1,1,1377.5,0,2.7,65,1376,0,0.00,0.00,0,1,1.50,0.00,493
2026-05-09 16:00:45,1,1,1,1377.5,0,2.7,64,1376,0,0.00,0.00,0,1,1.50,0.00,257
2026-05-09 16:00:45,1,1,1,1377.5,0,2.7,64,1376,0,0.00,0.00,0,1,1.50,0.00,257
2026-05-09 16:00:45,1,1,1,1378.6,0,2.7,66,1377,0,0.00,0.00,0,1,1.50,0.00,445
2026-05-09 16:00:45,1,1,1,1378.6,0,2.7,66,1377,0,0.00,0.00,0,1,1.50,0.00,445
2026-05-09 16:00:45,1,1,1,1380.8,0,2.9,71,1379,0,0.00,0.00,0,1,1.50,0.00,676
2026-05-09 16:00:45,1,1,1,1380.8,0,2.9,71,1379,0,0.00,0.00,0,1,1.50,0.00,676
2026-05-09 16:00:45,1,1,1,1383.1,0,3.2,77,1381,0,0.00,0.00,0,1,1.50,0.00,676
2026-05-09 16:00:45,1,1,1,1383.1,0,3.2,77,1381,0,0.00,0.00,0,1,1.50,0.00,676
2026-05-09 16:00:45,1,1,1,1384.6,0,3.5,84,1382,0,0.00,0.00,0,1,1.50,0.00,1690
2026-05-09 16:00:45,1,1,1,1384.9,0,3.7,90,1382,0,0.00,0.00,0,1,1.50,0.00,1690
2026-05-09 16:00:46,1,1,1,1384.9,0,3.7,90,1382,0,0.00,0.00,0,1,1.50,0.00,1844
2026-05-09 16:00:46,1,1,1,1384.3,0,3.9,95,1381,0,0.00,0.00,0,1,1.50,0.00,1844
2026-05-09 16:00:46,1,1,1,1384.3,0,3.9,95,1381,0,0.00,0.00,0,1,1.50,0.00,1945
2026-05-09 16:00:46,1,1,1,1384.5,0,4.1,98,1381,0,0.00,0.00,0,1,1.50,0.00,1945
2026-05-09 16:00:46,1,1,1,1384.5,0,4.1,98,1381,0,0.00,0.00,0,1,1.50,0.00,365
2026-05-09 16:00:46,1,1,1,1384.8,0,4.2,102,1381,0,0.00,0.00,0,1,1.50,0.00,365
2026-05-09 16:00:46,1,1,1,1385.0,0,4.3,105,1381,0,0.00,0.00,0,1,1.47,0.00,365
2026-05-09 16:00:46,1,1,1,1385.0,0,4.3,105,1381,0,0.00,0.00,0,1,1.47,0.00,365
2026-05-09 16:00:46,1,1,1,1385.1,0,4.4,107,1381,0,0.00,0.00,0,1,1.47,0.00,365
2026-05-09 16:00:46,1,1,1,1385.1,0,4.4,107,1381,0,0.00,0.00,0,1,1.47,0.00,365
2026-05-09 16:00:46,1,1,1,1383.3,0,4.5,109,1379,0,0.00,0.00,0,1,1.44,-0.01,245
2026-05-09 16:00:46,1,1,1,1383.3,0,4.5,109,1379,0,0.00,0.00,0,1,1.44,-0.01,245
2026-05-09 16:00:46,1,1,1,1382.4,0,4.6,110,1378,0,0.00,0.00,0,1,1.44,-0.01,245
2026-05-09 16:00:46,1,1,1,1382.4,0,4.6,110,1378,0,0.00,0.00,0,1,1.44,-0.01,245
2026-05-09 16:00:46,1,1,1,1381.5,0,4.6,112,1377,0,0.00,0.00,0,1,1.44,0.00,117
2026-05-09 16:00:46,1,1,1,1382.7,0,4.7,114,1378,0,0.00,0.00,0,1,1.44,0.00,117
2026-05-09 16:00:46,1,1,1,1382.7,0,4.7,114,1378,0,0.00,0.00,0,1,1.42,-0.02,370
2026-05-09 16:00:46,1,1,1,1382.0,0,4.9,117,1377,0,0.00,0.00,0,1,1.42,-0.02,370
2026-05-09 16:00:46,1,1,1,1382.0,0,4.9,117,1377,0,0.00,0.00,0,1,1.43,0.00,1825
2026-05-09 16:00:46,1,1,1,1382.2,0,5.0,120,1377,0,0.00,0.00,0,1,1.43,0.00,1825
2026-05-09 16:00:47,1,1,1,1382.2,0,5.0,120,1377,0,0.00,0.00,0,1,1.44,0.00,3620
2026-05-09 16:00:47,1,1,1,1382.6,0,5.1,124,1377,0,0.00,0.00,0,1,1.44,0.00,3620
2026-05-09 16:00:47,1,1,1,1382.9,0,5.3,128,1377,0,0.00,0.00,0,1,1.44,0.00,2276
2026-05-09 16:00:47,1,1,1,1382.9,0,5.3,128,1377,0,0.00,0.00,0,1,1.44,0.00,2276
2026-05-09 16:00:47,1,1,1,1384.2,0,5.4,131,1378,0,0.00,0.00,0,1,1.45,0.00,1256
2026-05-09 16:00:47,1,1,1,1384.2,0,5.4,131,1378,0,0.00,0.00,0,1,1.45,0.00,1256
2026-05-09 16:00:47,1,1,1,1384.5,0,5.6,134,1378,0,0.00,0.00,0,1,1.45,0.00,1256
2026-05-09 16:00:47,1,1,1,1384.5,0,5.6,134,1378,0,0.00,0.00,0,1,1.45,0.00,1256
2026-05-09 16:00:47,1,1,1,1384.7,0,5.6,136,1378,0,0.00,0.00,0,1,1.45,0.00,1256
2026-05-09 16:00:47,1,1,1,1384.7,0,5.6,136,1378,0,0.00,0.00,0,1,1.45,0.00,1256
2026-05-09 16:00:47,1,1,1,1385.0,0,5.8,139,1378,0,0.00,0.00,0,1,1.45,0.00,1256
2026-05-09 16:00:47,1,1,1,1387.6,0,6.0,145,1380,0,0.00,0.00,0,1,1.45,0.00,1256
2026-05-09 16:00:47,1,1,1,1387.6,0,6.0,145,1380,0,0.00,0.00,0,1,1.28,0.00,610
2026-05-09 16:00:47,1,1,1,1387.8,0,6.1,147,1380,0,0.00,0.00,0,1,1.28,0.00,610
2026-05-09 16:00:47,1,1,1,1387.8,0,6.1,147,1380,0,0.00,0.00,0,1,1.28,0.00,610
2026-05-09 16:00:47,1,1,1,1387.8,0,6.1,147,1380,0,0.00,0.00,0,1,1.28,0.00,610
2026-05-09 16:00:47,1,1,1,1387.8,0,6.1,147,1380,0,0.00,0.00,0,1,1.39,0.01,1360
2026-05-09 16:00:47,1,1,1,1388.6,0,6.0,145,1381,0,0.00,0.00,0,1,1.39,0.01,1360
2026-05-09 16:00:47,1,1,1,1389.2,0,5.8,141,1382,0,0.00,0.00,0,1,1.39,0.01,1360
2026-05-09 16:00:47,1,1,1,1389.2,0,5.8,141,1382,0,0.00,0.00,0,1,1.39,0.01,1360
2026-05-09 16:00:48,1,1,1,1386.8,0,5.7,137,1380,0,0.00,0.00,0,1,1.35,0.00,1985
2026-05-09 16:00:48,1,1,1,1386.8,0,5.7,137,1380,0,0.00,0.00,0,1,1.35,0.00,1985
2026-05-09 16:00:48,1,1,1,1382.2,0,5.4,131,1376,0,0.00,0.00,0,1,1.39,0.00,1066
2026-05-09 16:00:48,1,1,1,1382.2,0,5.4,131,1376,0,0.00,0.00,0,1,1.39,0.00,1066
2026-05-09 16:00:48,1,1,1,1378.6,0,5.2,124,1373,0,0.00,0.00,0,1,1.39,0.00,1066
2026-05-09 16:00:48,1,1,1,1378.6,0,5.2,124,1373,0,0.00,0.00,0,1,1.39,0.00,1066
2026-05-09 16:00:48,1,1,1,1376.0,0,4.9,117,1371,0,0.00,0.00,0,1,1.39,0.00,1066
2026-05-09 16:00:48,1,1,1,1375.6,0,4.7,112,1371,0,0.00,0.00,0,1,1.39,0.00,1066
2026-05-09 16:00:48,1,1,1,1375.6,0,4.7,112,1371,0,0.00,0.00,0,1,1.39,0.00,1066
2026-05-09 16:00:48,1,1,1,1376.4,0,4.6,110,1372,0,0.00,0.00,0,1,1.39,0.00,1066
2026-05-09 16:00:48,1,1,1,1376.4,0,4.6,110,1372,0,0.00,0.00,0,1,1.50,0.01,1813
2026-05-09 16:00:48,1,1,1,1377.2,0,4.5,108,1373,0,0.00,0.00,0,1,1.50,0.01,1813
2026-05-09 16:00:48,1,1,1,1377.2,0,4.5,108,1373,0,0.00,0.00,0,1,1.50,0.00,1908
2026-05-09 16:00:48,1,1,1,1377.1,0,4.4,106,1373,0,0.00,0.00,0,1,1.50,0.00,1908
2026-05-09 16:00:48,1,1,1,1377.1,0,4.4,106,1373,0,0.00,0.00,0,1,1.50,0.01,6178
2026-05-09 16:00:48,1,1,1,1377.1,0,4.4,106,1373,0,0.00,0.00,0,1,1.50,0.01,6178
2026-05-09 16:00:48,1,1,1,1376.1,0,4.4,106,1372,1,1.50,0.01,7065,1,1.50,0.01,7065
2026-05-09 16:00:48,1,1,1,1376.1,0,4.4,106,1372,1,1.50,0.01,7065,1,1.50,0.01,7065
2026-05-09 16:00:48,1,1,1,1373.8,0,4.3,102,1370,1,1.50,0.01,7065,1,1.50,0.01,7065
2026-05-09 16:00:48,1,1,1,1373.8,0,4.3,102,1370,1,1.50,0.01,7065,1,1.50,0.01,7065
2026-05-09 16:00:49,1,1,1,1371.7,0,4.2,100,1368,1,1.50,0.00,7124,1,1.50,0.00,7124
2026-05-09 16:00:49,1,1,1,1371.7,0,4.2,100,1368,1,1.50,0.00,7124,1,1.50,0.00,7124
2026-05-09 16:00:49,1,1,1,1369.3,0,4.0,95,1366,1,1.50,0.00,8489,1,1.50,0.00,8489
2026-05-09 16:00:49,1,1,1,1369.0,0,3.8,91,1366,1,1.50,0.00,8489,1,1.50,0.00,8489
2026-05-09 16:00:49,1,1,1,1369.0,0,3.8,91,1366,1,1.50,0.00,16066,1,1.50,0.00,16066
2026-05-09 16:00:49,1,1,1,1369.0,0,3.8,90,1366,1,1.50,0.00,16066,1,1.50,0.00,16066
2026-05-09 16:00:49,1,1,1,1369.0,0,3.8,90,1366,1,1.50,0.00,1573,1,1.50,0.00,1573
2026-05-09 16:00:49,1,1,1,1369.0,0,3.8,90,1366,1,1.50,0.00,1573,1,1.50,0.00,1573
2026-05-09 16:00:49,1,1,1,1369.0,0,3.8,90,1366,1,1.48,0.00,1913,1,1.48,0.00,1913
2026-05-09 16:00:49,1,1,1,1368.9,0,3.7,89,1366,1,1.48,0.00,1913,1,1.48,0.00,1913
2026-05-09 16:00:49,1,1,1,1368.9,0,3.7,89,1366,1,1.46,0.00,14906,1,1.46,0.00,14906
2026-05-09 16:00:49,1,1,1,1367.9,0,3.7,89,1365,1,1.46,0.00,14906,1,1.46,0.00,14906
2026-05-09 16:00:49,1,1,1,1365.6,0,3.6,85,1363,1,1.44,-0.01,22093,1,1.44,-0.01,22093
2026-05-09 16:00:49,1,1,1,1365.6,0,3.6,85,1363,1,1.44,-0.01,22093,1,1.44,-0.01,22093
2026-05-09 16:00:49,1,1,1,1362.2,0,3.3,78,1360,1,1.44,-0.01,22093,1,1.44,-0.01,22093
2026-05-09 16:00:49,1,1,1,1362.2,0,3.3,78,1360,1,1.44,-0.01,22093,1,1.44,-0.01,22093
2026-05-09 16:00:49,1,1,1,1360.0,0,3.1,74,1358,1,1.42,-0.01,6082,1,1.42,-0.01,6082
2026-05-09 16:00:49,1,1,1,1360.0,0,3.1,74,1358,1,1.42,-0.01,6082,1,1.42,-0.01,6082
2026-05-09 16:00:49,1,1,1,1358.0,0,3.1,73,1356,1,1.40,-0.01,12717,1,1.40,-0.01,12717
2026-05-09 16:00:49,1,1,1,1358.1,0,3.2,75,1356,1,1.40,-0.01,12717,1,1.40,-0.01,12717
2026-05-09 16:00:50,1,1,1,1358.1,0,3.2,75,1356,1,1.40,-0.01,12717,1,1.40,-0.01,12717
2026-05-09 16:00:50,1,1,1,1362.1,8,3.2,76,1360,1,1.40,-0.01,12717,1,1.40,-0.01,12717
2026-05-09 16:00:50,1,1,1,1362.1,8,3.2,76,1360,1,1.39,-0.01,7565,1,1.39,-0.01,7565
2026-05-09 16:00:50,1,1,1,1366.0,0,3.1,74,1364,1,1.39,-0.01,7565,1,1.39,-0.01,7565
2026-05-09 16:00:50,1,1,1,1366.0,0,3.1,74,1364,1,1.38,-0.01,7565,1,1.38,-0.01,7565
2026-05-09 16:00:50,1,1,1,1367.1,0,3.2,76,1365,1,1.38,-0.01,7565,1,1.38,-0.01,7565
2026-05-09 16:00:50,1,1,1,1367.1,0,3.2,76,1365,1,1.41,0.00,461,1,1.41,0.00,461
2026-05-09 16:00:50,1,1,1,1368.5,0,3.5,83,1366,1,1.41,0.00,461,1,1.41,0.00,461
2026-05-09 16:00:50,1,1,1,1370.8,0,3.6,87,1368,1,1.41,0.00,461,1,1.41,0.00,461
2026-05-09 16:00:50,1,1,1,1370.8,0,3.6,87,1368,1,1.41,0.00,461,1,1.41,0.00,461
2026-05-09 16:00:50,1,1,1,1371.1,0,3.8,92,1368,1,1.42,0.00,914,1,1.42,0.00,914
2026-05-09 16:00:50,1,1,1,1371.1,0,3.8,92,1368,0,0.00,0.00,0,1,1.42,0.00,914
2026-05-09 16:00:50,1,1,1,1371.6,0,4.1,99,1368,0,0.00,0.00,0,1,1.43,0.01,1417
2026-05-09 16:00:50,1,1,1,1371.6,0,4.1,99,1368,0,0.00,0.00,0,1,1.43,0.01,1417
2026-05-09 16:00:50,1,1,1,1371.3,0,4.6,109,1367,0,0.00,0.00,0,1,1.44,0.01,5450
2026-05-09 16:00:50,1,1,1,1371.9,0,4.9,116,1367,0,0.00,0.00,0,1,1.44,0.01,5450
2026-05-09 16:00:50,1,1,1,1371.9,0,4.9,116,1367,1,1.44,0.01,3140,1,1.44,0.01,3140
2026-05-09 16:00:50,1,1,1,1372.3,0,5.0,120,1367,1,1.44,0.01,3140,1,1.44,0.01,3140
2026-05-09 16:00:50,1,1,1,1372.3,0,5.0,120,1367,1,1.45,0.01,2385,1,1.45,0.01,2385
2026-05-09 16:00:50,1,1,1,1371.7,0,5.2,125,1366,1,1.45,0.01,2385,1,1.45,0.01,2385
2026-05-09 16:00:51,1,1,1,1371.7,0,5.2,125,1366,1,1.46,0.01,769,1,1.46,0.01,769
2026-05-09 16:00:51,1,1,1,1372.1,0,5.4,129,1366,1,1.46,0.01,769,1,1.46,0.01,769
2026-05-09 16:00:51,1,1,1,1372.1,0,5.4,129,1366,1,1.44,0.00,1450,1,1.44,0.00,1450
2026-05-09 16:00:51,1,1,1,1372.4,0,5.5,132,1366,0,0.00,0.00,0,1,1.44,0.00,1450
2026-05-09 16:00:51,1,1,1,1371.9,0,5.7,137,1365,0,0.00,0.00,0,1,1.42,0.00,549
2026-05-09 16:00:51,1,1,1,1371.9,0,5.7,137,1365,0,0.00,0.00,0,1,1.42,0.00,549
2026-05-09 16:00:51,1,1,1,1372.1,0,5.8,139,1365,0,0.00,0.00,0,1,1.42,0.00,549
2026-05-09 16:00:51,1,1,1,1372.1,0,5.8,139,1365,0,0.00,0.00,0,1,1.42,0.00,549
2026-05-09 16:00:51,1,1,1,1371.0,0,5.8,138,1364,0,0.00,0.00,0,1,1.42,0.00,549
2026-05-09 16:00:51,1,1,1,1371.0,0,5.8,138,1364,0,0.00,0.00,0,1,1.42,0.00,549
2026-05-09 16:00:51,1,1,1,1370.9,0,5.7,137,1364,0,0.00,0.00,0,1,1.42,0.00,549
2026-05-09 16:00:51,1,1,1,1369.5,0,5.6,133,1363,0,0.00,0.00,0,1,1.42,0.00,549
2026-05-09 16:00:51,1,1,1,1369.5,0,5.6,133,1363,0,0.00,0.00,0,1,1.42,0.00,549
2026-05-09 16:00:51,1,1,1,1369.2,0,5.4,130,1363,0,0.00,0.00,0,1,1.42,0.00,549
2026-05-09 16:00:51,1,1,1,1369.2,0,5.4,130,1363,0,0.00,0.00,0,1,1.42,0.00,549
2026-05-09 16:00:51,1,1,1,1369.9,0,5.3,127,1364,0,0.00,0.00,0,1,1.42,0.00,549
2026-05-09 16:00:51,1,1,1,1369.9,0,5.3,127,1364,0,0.00,0.00,0,1,1.50,0.00,2545
2026-05-09 16:00:51,1,1,1,1369.6,0,5.2,124,1364,0,0.00,0.00,0,1,1.50,0.00,2545
2026-05-09 16:00:51,1,1,1,1369.6,0,5.2,124,1364,0,0.00,0.00,0,1,1.50,0.00,3285
2026-05-09 16:00:51,1,1,1,1370.4,0,5.1,122,1365,0,0.00,0.00,0,1,1.50,0.00,3285
2026-05-09 16:00:52,1,1,1,1370.2,0,5.0,119,1365,1,1.50,0.00,4058,1,1.50,0.00,4058
2026-05-09 16:00:52,1,1,1,1370.2,0,5.0,119,1365,1,1.50,0.00,4058,1,1.50,0.00,4058
2026-05-09 16:00:52,1,1,1,1370.1,0,4.9,118,1365,1,1.50,0.00,5185,1,1.50,0.00,5185
2026-05-09 16:00:52,1,1,1,1370.1,0,4.9,118,1365,1,1.50,0.00,5185,1,1.50,0.00,5185
2026-05-09 16:00:52,1,1,1,1371.0,0,4.9,117,1366,1,1.50,0.00,3130,1,1.50,0.00,3130
2026-05-09 16:00:52,1,1,1,1371.0,0,4.9,117,1366,1,1.50,0.00,3130,1,1.50,0.00,3130
2026-05-09 16:00:52,1,1,1,1370.8,0,4.8,115,1366,1,1.50,0.00,765,1,1.50,0.00,765
2026-05-09 16:00:52,1,1,1,1370.5,0,4.6,111,1366,1,1.50,0.00,765,1,1.50,0.00,765
2026-05-09 16:00:52,1,1,1,1370.5,0,4.6,111,1366,1,1.50,0.00,765,1,1.50,0.00,765
2026-05-09 16:00:52,1,1,1,1370.1,0,4.4,106,1366,1,1.50,0.00,765,1,1.50,0.00,765
2026-05-09 16:00:52,1,1,1,1370.1,0,4.4,106,1366,1,1.50,0.00,100,1,1.50,0.00,100
2026-05-09 16:00:52,1,1,1,1370.5,0,4.1,98,1367,0,0.00,0.00,0,1,1.50,0.00,100
2026-05-09 16:01:02,1,1,1,1719.0,0,-16.9,-499,1645,0,0.00,0.00,0,0,0.00,0.00,0
2026-05-09 16:01:02,1,1,1,1719.0,0,-16.9,-499,1645,0,0.00,0.00,0,0,0.00,0.00,0
2026-05-09 16:01:02,1,1,1,1722.2,0,-16.9,-500,1648,0,0.00,0.00,0,0,0.00,0.00,0
2026-05-09 16:01:02,1,1,1,1722.2,0,-16.9,-500,1648,0,0.00,0.00,0,0,0.00,0.00,0
2026-05-09 16:01:02,1,1,1,1721.0,0,-16.8,-496,1648,0,0.00,0.00,0,1,1.75,0.00,14794
2026-05-09 16:01:02,1,1,1,1721.0,0,-16.8,-496,1648,0,0.00,0.00,0,1,1.75,0.00,14794
2026-05-09 16:01:02,1,1,1,1720.8,0,-16.6,-492,1649,1,1.78,0.00,5045,1,1.78,0.00,5045
2026-05-09 16:01:02,1,1,1,1722.9,0,-16.5,-489,1652,1,1.78,0.00,5045,1,1.78,0.00,5045
2026-05-09 16:01:03,1,1,1,1722.9,0,-16.5,-489,1652,1,1.80,0.00,8424,1,1.80,0.00,8424
2026-05-09 16:01:03,1,1,1,1724.1,-8,-16.5,-490,1653,1,1.80,0.00,8424,1,1.80,0.00,8424
2026-05-09 16:01:03,1,1,1,1724.1,-8,-16.5,-490,1653,1,1.80,0.00,11261,1,1.80,0.00,11261
2026-05-09 16:01:03,1,1,1,1727.3,0,-16.5,-491,1656,1,1.80,0.00,11261,1,1.80,0.00,11261
2026-05-09 16:01:03,1,1,1,1727.3,0,-16.5,-491,1656,1,1.80,0.00,11261,1,1.80,0.00,11261
2026-05-09 16:01:03,1,1,1,1733.8,0,-16.7,-497,1661,1,1.80,0.00,11261,1,1.80,0.00,11261
2026-05-09 16:01:03,1,1,1,1737.1,0,-16.8,-502,1663,1,1.79,0.00,784,1,1.79,0.00,784
2026-05-09 16:01:03,1,1,1,1737.1,0,-16.8,-502,1663,1,1.79,0.00,784,1,1.79,0.00,784
2026-05-09 16:01:03,1,1,1,1738.9,0,-17.0,-508,1663,1,1.79,0.00,784,1,1.79,0.00,784
2026-05-09 16:01:03,1,1,1,1738.9,0,-17.0,-508,1663,1,1.79,0.00,784,1,1.79,0.00,784
2026-05-09 16:01:03,1,1,1,1741.9,0,-17.1,-512,1665,1,1.78,0.00,338,1,1.78,0.00,338
2026-05-09 16:01:03,1,1,1,1741.9,0,-17.1,-512,1665,0,0.00,0.00,0,1,1.78,0.00,338
2026-05-09 16:01:03,1,1,1,1743.4,0,-17.3,-517,1665,0,0.00,0.00,0,1,1.78,0.00,338
2026-05-09 16:01:03,1,1,1,1743.4,0,-17.3,-517,1665,0,0.00,0.00,0,1,1.78,0.00,338
2026-05-09 16:01:03,1,1,1,1746.2,0,-17.3,-520,1667,0,0.00,0.00,0,1,1.78,0.00,338
2026-05-09 16:01:03,1,1,1,1749.1,0,-17.3,-520,1670,0,0.00,0.00,0,1,1.78,0.00,338
2026-05-09 16:01:03,1,1,1,1749.1,0,-17.3,-520,1670,0,0.00,0.00,0,1,1.78,0.00,338
2026-05-09 16:01:03,1,1,1,1750.7,0,-17.2,-519,1672,0,0.00,0.00,0,1,1.78,0.00,338
2026-05-09 16:01:03,1,1,1,1750.7,0,-17.2,-519,1672,0,0.00,0.00,0,1,1.78,0.00,338
2026-05-09 16:01:03,1,1,1,1751.1,0,-17.1,-514,1674,0,0.00,0.00,0,1,1.78,0.00,338
2026-05-09 16:01:04,1,1,1,1751.1,0,-17.1,-514,1674,0,0.00,0.00,0,1,1.78,0.00,338
2026-05-09 16:01:04,1,1,1,1750.9,0,-16.9,-510,1675,0,0.00,0.00,0,1,1.78,0.00,338
2026-05-09 16:01:04,1,1,1,1748.8,0,-16.8,-506,1674,0,0.00,0.00,0,1,1.78,0.00,338
2026-05-09 16:01:04,1,1,1,1748.8,0,-16.8,-506,1674,0,0.00,0.00,0,1,1.78,0.00,338
2026-05-09 16:01:04,1,1,1,1748.8,0,-16.8,-506,1674,0,0.00,0.00,0,1,1.78,0.00,338
2026-05-09 16:01:04,1,1,1,1748.8,0,-16.8,-506,1674,0,0.00,0.00,0,0,0.00,0.00,0
2026-05-09 16:01:04,1,1,1,1749.1,0,-16.8,-507,1674,0,0.00,0.00,0,0,0.00,0.00,0
2026-05-09 16:01:04,1,1,1,1749.1,0,-16.8,-507,1674,0,0.00,0.00,0,0,0.00,0.00,0
2026-05-09 16:01:04,1,1,1,1750.3,0,-17.0,-511,1674,0,0.00,0.00,0,0,0.00,0.00,0
2026-05-09 16:01:04,1,1,1,1750.3,0,-17.0,-511,1674,0,0.00,0.00,0,0,0.00,0.00,0
2026-05-09 16:01:04,1,1,1,1750.5,0,-17.0,-512,1674,0,0.00,0.00,0,0,0.00,0.00,0
2026-05-09 16:01:04,1,1,1,1750.2,0,-17.1,-514,1673,0,0.00,0.00,0,0,0.00,0.00,0
2026-05-09 16:01:04,1,1,1,1750.2,0,-17.1,-514,1673,0,0.00,0.00,0,0,0.00,0.00,0
2026-05-09 16:01:04,1,1,1,1749.5,0,-17.1,-515,1672,0,0.00,0.00,0,0,0.00,0.00,0
2026-05-09 16:01:04,1,1,1,1749.5,0,-17.1,-515,1672,0,0.00,0.00,0,0,0.00,0.00,0
2026-05-09 16:01:04,1,1,1,1753.2,0,-17.3,-521,1674,0,0.00,0.00,0,0,0.00,0.00,0
2026-05-09 16:01:04,1,1,1,1753.2,0,-17.3,-521,1674,0,0.00,0.00,0,0,0.00,0.00,0
2026-05-09 16:01:04,1,1,1,1756.2,0,-17.5,-528,1675,0,0.00,0.00,0,0,0.00,0.00,0
2026-05-09 16:01:04,1,1,1,1760.3,0,-17.7,-535,1677,0,0.00,0.00,0,0,0.00,0.00,0
2026-05-09 16:01:04,1,1,1,1760.3,0,-17.7,-535,1677,0,0.00,0.00,0,0,0.00,0.00,0
2026-05-09 16:01:05,1,1,1,1764.3,0,-17.9,-542,1679,0,0.00,0.00,0,0,0.00,0.00,0
2026-05-09 16:01:05,1,1,1,1764.3,0,-17.9,-542,1679,0,0.00,0.00,0,0,0.00,0.00,0
2026-05-09 16:01:05,1,1,1,1766.8,0,-17.9,-544,1681,0,0.00,0.00,0,0,0.00,0.00,0
2026-05-09 16:01:05,1,1,1,1766.8,0,-17.9,-544,1681,0,0.00,0.00,0,0,0.00,0.00,0
2026-05-09 16:01:05,1,1,1,1766.5,0,-18.0,-546,1680,0,0.00,0.00,0,0,0.00,0.00,0
2026-05-09 16:01:05,1,1,1,1766.5,0,-18.0,-546,1680,0,0.00,0.00,0,0,0.00,0.00,0
2026-05-09 16:01:05,1,1,1,1766.8,0,-18.0,-547,1680,0,0.00,0.00,0,0,0.00,0.00,0
2026-05-09 16:01:05,1,1,1,1766.2,0,-18.1,-548,1679,0,0.00,0.00,0,0,0.00,0.00,0
2026-05-09 16:01:05,1,1,1,1766.2,0,-18.1,-548,1679,0,0.00,0.00,0,0,0.00,0.00,0
2026-05-09 16:01:05,1,1,1,1765.2,0,-18.1,-548,1678,0,0.00,0.00,0,0,0.00,0.00,0
2026-05-09 16:01:05,1,1,1,1765.2,0,-18.1,-548,1678,0,0.00,0.00,0,0,0.00,0.00,0
2026-05-09 16:01:05,1,1,1,1767.4,0,-18.1,-549,1680,0,0.00,0.00,0,0,0.00,0.00,0
2026-05-09 16:01:05,1,1,1,1767.4,0,-18.1,-549,1680,0,0.00,0.00,0,0,0.00,0.00,0
2026-05-09 16:01:05,1,1,1,1770.9,0,-18.1,-551,1683,0,0.00,0.00,0,0,0.00,0.00,0
2026-05-09 16:01:05,1,1,1,1775.6,0,-18.2,-554,1687,0,0.00,0.00,0,0,0.00,0.00,0
2026-05-09 16:01:05,1,1,1,1775.6,0,-18.2,-554,1687,0,0.00,0.00,0,0,0.00,0.00,0
2026-05-09 16:01:05,1,1,1,1776.3,0,-18.3,-559,1686,0,0.00,0.00,0,0,0.00,0.00,0
2026-05-09 16:01:05,1,1,1,1776.3,0,-18.3,-559,1686,0,0.00,0.00,0,0,0.00,0.00,0
2026-05-09 16:01:05,1,1,1,1776.6,0,-18.5,-563,1685,0,0.00,0.00,0,0,0.00,0.00,0
2026-05-09 16:01:05,1,1,1,1776.6,0,-18.5,-563,1685,0,0.00,0.00,0,0,0.00,0.00,0
2026-05-09 16:01:06,1,1,1,1776.6,0,-18.6,-566,1684,0,0.00,0.00,0,0,0.00,0.00,0
2026-05-09 16:01:06,1,1,1,1776.6,0,-18.6,-566,1684,0,0.00,0.00,0,0,0.00,0.00,0
2026-05-09 16:01:06,1,1,1,1776.9,0,-18.6,-567,1684,0,0.00,0.00,0,0,0.00,0.00,0
2026-05-09 16:01:06,1,1,1,1778.5,0,-18.6,-566,1686,0,0.00,0.00,0,0,0.00,0.00,0
2026-05-09 16:01:06,1,1,1,1778.5,0,-18.6,-566,1686,0,0.00,0.00,0,0,0.00,0.00,0
2026-05-09 16:01:06,1,1,1,1777.8,0,-18.3,-558,1688,0,0.00,0.00,0,0,0.00,0.00,0
2026-05-09 16:01:06,1,1,1,1777.8,0,-18.3,-558,1688,0,0.00,0.00,0,0,0.00,0.00,0
2026-05-09 16:01:06,1,1,1,1776.6,0,-18.1,-551,1689,0,0.00,0.00,0,0,0.00,0.00,0
2026-05-09 16:01:06,1,1,1,1776.6,0,-18.1,-551,1689,0,0.00,0.00,0,0,0.00,0.00,0
2026-05-09 16:01:06,1,1,1,1774.4,0,-18.0,-547,1688,0,0.00,0.00,0,0,0.00,0.00,0
2026-05-09 16:01:06,1,1,1,1774.4,0,-18.0,-547,1688,0,0.00,0.00,0,1,1.79,0.24,3589
2026-05-09 16:01:06,1,1,1,1771.9,0,-18.1,-551,1684,0,0.00,0.00,0,1,1.79,0.24,3589
2026-05-09 16:01:06,1,1,1,1769.6,16,-18.2,-553,1681,1,1.79,0.23,5818,1,1.79,0.23,5818
2026-05-09 16:01:06,1,1,1,1769.6,16,-18.2,-553,1681,1,1.79,0.23,5818,1,1.79,0.23,5818
2026-05-09 16:01:06,1,1,1,1767.4,-8,-18.2,-552,1679,1,1.79,0.09,2522,1,1.79,0.09,2522
2026-05-09 16:01:06,1,1,1,1767.4,-8,-18.2,-552,1679,1,1.79,0.09,2522,1,1.79,0.09,2522
2026-05-09 16:01:06,1,1,1,1765.5,-8,-18.0,-546,1679,1,1.80,0.09,2522,1,1.80,0.09,2522
2026-05-09 16:01:06,1,1,1,1765.5,-8,-18.0,-546,1679,1,1.80,0.09,2522,1,1.80,0.09,2522
2026-05-09 16:01:06,1,1,1,1766.5,0,-17.9,-543,1681,1,1.80,0.07,949,1,1.80,0.07,949
2026-05-09 16:01:06,1,1,1,1766.6,8,-17.7,-537,1683,0,0.00,0.00,0,1,1.80,0.07,949
2026-05-09 16:01:07,1,1,1,1766.6,8,-17.7,-537,1683,0,0.00,0.00,0,1,1.80,0.07,949
2026-05-09 16:01:07,1,1,1,1765.4,0,-17.5,-530,1684,0,0.00,0.00,0,1,1.80,0.07,949
2026-05-09 16:01:07,1,1,1,1765.4,0,-17.5,-530,1684,0,0.00,0.00,0,1,1.80,0.07,949
2026-05-09 16:01:07,1,1,1,1764.3,0,-17.2,-523,1685,0,0.00,0.00,0,1,1.80,0.07,949
2026-05-09 16:01:07,1,1,1,1764.3,0,-17.2,-523,1685,0,0.00,0.00,0,1,1.80,0.07,949
2026-05-09 16:01:07,1,1,1,1761.7,0,-17.0,-514,1685,0,0.00,0.00,0,1,1.80,0.07,949
2026-05-09 16:01:07,1,1,1,1761.7,0,-17.0,-514,1685,0,0.00,0.00,0,1,1.80,0.07,949
2026-05-09 16:01:07,1,1,1,1760.3,0,-16.7,-506,1686,0,0.00,0.00,0,1,1.80,0.07,949
2026-05-09 16:01:07,1,1,1,1759.1,0,-16.6,-502,1686,0,0.00,0.00,0,1,1.80,0.07,949
2026-05-09 16:01:07,1,1,1,1759.1,0,-16.6,-502,1686,0,0.00,0.00,0,1,1.80,0.07,949
2026-05-09 16:01:07,1,1,1,1758.4,0,-16.4,-496,1687,0,0.00,0.00,0,1,1.80,0.07,949
2026-05-09 16:01:07,1,1,1,1758.4,0,-16.4,-496,1687,0,0.00,0.00,0,1,1.80,0.07,949
2026-05-09 16:01:07,1,1,1,1757.7,0,-16.2,-490,1688,0,0.00,0.00,0,1,1.80,0.07,949
2026-05-09 16:01:07,1,1,1,1757.7,0,-16.2,-490,1688,0,0.00,0.00,0,0,0.00,0.00,0
2026-05-09 16:01:07,1,1,1,1758.5,0,-16.0,-486,1690,0,0.00,0.00,0,0,0.00,0.00,0
2026-05-09 16:01:07,1,1,1,1759.6,0,-15.9,-483,1692,0,0.00,0.00,0,0,0.00,0.00,0
2026-05-09 16:01:07,1,1,1,1759.6,0,-15.9,-483,1692,0,0.00,0.00,0,0,0.00,0.00,0
2026-05-09 16:01:07,1,1,1,1761.7,0,-15.8,-480,1695,0,0.00,0.00,0,0,0.00,0.00,0
2026-05-09 16:01:07,1,1,1,1761.7,0,-15.8,-480,1695,0,0.00,0.00,0,0,0.00,0.00,0
2026-05-09 16:01:07,1,1,1,1762.8,0,-15.7,-477,1697,0,0.00,0.00,0,0,0.00,0.00,0
2026-05-09 16:01:08,1,1,1,1762.8,0,-15.7,-477,1697,0,0.00,0.00,0,0,0.00,0.00,0
2026-05-09 16:01:08,1,1,1,1763.3,0,-15.8,-479,1697,0,0.00,0.00,0,0,0.00,0.00,0
2026-05-09 16:01:08,1,1,1,1763.3,0,-15.8,-479,1697,0,0.00,0.00,0,0,0.00,0.00,0
2026-05-09 16:01:08,1,1,1,1763.4,0,-15.9,-483,1696,0,0.00,0.00,0,0,0.00,0.00,0
2026-05-09 16:01:08,1,1,1,1763.0,0,-16.2,-492,1693,0,0.00,0.00,0,0,0.00,0.00,0
2026-05-09 16:01:08,1,1,1,1763.0,0,-16.2,-492,1693,0,0.00,0.00,0,0,0.00,0.00,0
2026-05-09 16:01:08,1,1,1,1761.5,0,-16.5,-500,1689,0,0.00,0.00,0,0,0.00,0.00,0
2026-05-09 16:01:08,1,1,1,1761.5,0,-16.5,-500,1689,0,0.00,0.00,0,0,0.00,0.00,0
2026-05-09 16:01:08,1,1,1,1761.9,0,-16.7,-505,1688,0,0.00,0.00,0,0,0.00,0.00,0
2026-05-09 16:01:08,1,1,1,1761.9,0,-16.7,-505,1688,0,0.00,0.00,0,0,0.00,0.00,0
2026-05-09 16:01:08,1,1,1,1762.3,0,-16.9,-513,1686,0,0.00,0.00,0,0,0.00,0.00,0
2026-05-09 16:01:08,1,1,1,1763.3,0,-17.4,-526,1683,0,0.00,0.00,0,0,0.00,0.00,0
2026-05-09 16:01:08,1,1,1,1763.3,0,-17.4,-526,1683,0,0.00,0.00,0,0,0.00,0.00,0
2026-05-09 16:01:08,1,1,1,1765.6,0,-17.8,-540,1681,0,0.00,0.00,0,0,0.00,0.00,0
2026-05-09 16:01:08,1,1,1,1765.6,0,-17.8,-540,1681,0,0.00,0.00,0,0,0.00,0.00,0
2026-05-09 16:01:08,1,1,1,1766.8,0,-18.1,-550,1679,0,0.00,0.00,0,0,0.00,0.00,0
2026-05-09 16:01:08,1,1,1,1766.8,0,-18.1,-550,1679,0,0.00,0.00,0,0,0.00,0.00,0
2026-05-09 16:01:08,1,1,1,1767.4,0,-18.4,-558,1677,0,0.00,0.00,0,0,0.00,0.00,0
2026-05-09 16:01:08,1,1,1,1767.4,0,-18.4,-558,1677,0,0.00,0.00,0,0,0.00,0.00,0
2026-05-09 16:01:08,1,1,1,1766.8,0,-18.5,-562,1675,0,0.00,0.00,0,0,0.00,0.00,0
2026-05-09 16:01:09,1,1,1,1762.7,0,-18.6,-561,1671,0,0.00,0.00,0,0,0.00,0.00,0
2026-05-09 16:01:09,1,1,1,1762.7,0,-18.6,-561,1671,0,0.00,0.00,0,0,0.00,0.00,0
2026-05-09 16:01:09,1,1,1,1759.8,0,-18.6,-561,1668,0,0.00,0.00,0,0,0.00,0.00,0
2026-05-09 16:01:09,1,1,1,1759.8,0,-18.6,-561,1668,0,0.00,0.00,0,0,0.00,0.00,0
2026-05-09 16:01:09,1,1,1,1757.9,0,-18.7,-564,1665,0,0.00,0.00,0,0,0.00,0.00,0
2026-05-09 16:01:09,1,1,1,1757.9,0,-18.7,-564,1665,0,0.00,0.00,0,0,0.00,0.00,0
2026-05-09 16:01:09,1,1,1,1756.1,0,-18.8,-567,1662,0,0.00,0.00,0,0,0.00,0.00,0
2026-05-09 16:01:09,1,1,1,1757.1,0,-19.1,-576,1660,0,0.00,0.00,0,0,0.00,0.00,0
2026-05-09 16:01:09,1,1,1,1757.1,0,-19.1,-576,1660,0,0.00,0.00,0,0,0.00,0.00,0
2026-05-09 16:01:09,1,1,1,1759.1,0,-19.4,-585,1659,0,0.00,0.00,0,0,0.00,0.00,0
2026-05-09 16:01:09,1,1,1,1759.1,0,-19.4,-585,1659,0,0.00,0.00,0,0,0.00,0.00,0
2026-05-09 16:01:09,1,1,1,1760.9,0,-19.7,-593,1658,0,0.00,0.00,0,0,0.00,0.00,0
2026-05-09 16:01:09,1,1,1,1760.9,0,-19.7,-593,1658,0,0.00,0.00,0,0,0.00,0.00,0
2026-05-09 16:01:09,1,1,1,1761.3,0,-19.8,-597,1657,0,0.00,0.00,0,0,0.00,0.00,0
2026-05-09 16:01:09,1,1,1,1761.3,0,-19.8,-597,1657,0,0.00,0.00,0,0,0.00,0.00,0
2026-05-09 16:01:09,1,1,1,1760.4,0,-19.9,-600,1655,0,0.00,0.00,0,0,0.00,0.00,0
2026-05-09 16:01:09,1,1,1,1760.1,0,-19.9,-599,1655,0,0.00,0.00,0,0,0.00,0.00,0
2026-05-09 16:01:09,1,1,1,1760.1,0,-19.9,-599,1655,0,0.00,0.00,0,0,0.00,0.00,0
2026-05-09 16:01:09,1,1,1,1759.4,0,-19.8,-597,1655,0,0.00,0.00,0,0,0.00,0.00,0
2026-05-09 16:01:09,1,1,1,1759.4,0,-19.8,-597,1655,0,0.00,0.00,0,0,0.00,0.00,0
2026-05-09 16:01:10,1,1,1,1759.6,0,-19.8,-595,1656,0,0.00,0.00,0,0,0.00,0.00,0
2026-05-09 16:01:10,1,1,1,1759.6,0,-19.8,-595,1656,0,0.00,0.00,0,0,0.00,0.00,0
2026-05-09 16:01:10,1,1,1,1759.6,0,-19.8,-595,1656,0,0.00,0.00,0,0,0.00,0.00,0
2026-05-09 16:01:10,1,1,1,1759.6,0,-19.8,-595,1656,0,0.00,0.00,0,0,0.00,0.00,0
2026-05-09 16:01:10,1,1,1,1760.0,0,-19.8,-596,1656,0,0.00,0.00,0,0,0.00,0.00,0
2026-05-09 16:01:10,1,1,1,1759.0,0,-19.8,-596,1655,0,0.00,0.00,0,0,0.00,0.00,0
2026-05-09 16:01:10,1,1,1,1759.0,0,-19.8,-596,1655,0,0.00,0.00,0,0,0.00,0.00,0
2026-05-09 16:01:10,1,1,1,1759.6,0,-19.7,-592,1657,0,0.00,0.00,0,0,0.00,0.00,0
2026-05-09 16:01:10,1,1,1,1759.6,0,-19.7,-592,1657,0,0.00,0.00,0,0,0.00,0.00,0
2026-05-09 16:01:10,1,1,1,1763.6,0,-19.4,-587,1663,0,0.00,0.00,0,0,0.00,0.00,0
2026-05-09 16:01:10,1,1,1,1763.6,0,-19.4,-587,1663,0,0.00,0.00,0,0,0.00,0.00,0
2026-05-09 16:01:10,1,1,1,1767.3,0,-19.3,-584,1668,0,0.00,0.00,0,0,0.00,0.00,0
2026-05-09 16:01:10,1,1,1,1769.2,0,-19.3,-584,1670,0,0.00,0.00,0,0,0.00,0.00,0
2026-05-09 16:01:10,1,1,1,1769.2,0,-19.3,-584,1670,0,0.00,0.00,0,0,0.00,0.00,0
2026-05-09 16:01:10,1,1,1,1771.1,0,-19.3,-584,1672,0,0.00,0.00,0,0,0.00,0.00,0
2026-05-09 16:01:10,1,1,1,1771.1,0,-19.3,-584,1672,0,0.00,0.00,0,0,0.00,0.00,0
2026-05-09 16:01:10,1,1,1,1772.0,-8,-19.3,-587,1672,0,0.00,0.00,0,0,0.00,0.00,0
2026-05-09 16:01:10,1,1,1,1772.0,-8,-19.3,-587,1672,0,0.00,0.00,0,0,0.00,0.00,0
2026-05-09 16:01:10,1,1,1,1773.3,8,-19.4,-588,1673,0,0.00,0.00,0,0,0.00,0.00,0
2026-05-09 16:01:10,1,1,1,1773.3,8,-19.4,-588,1673,0,0.00,0.00,0,0,0.00,0.00,0
2026-05-09 16:01:11,1,1,1,1778.0,0,-19.3,-588,1678,0,0.00,0.00,0,0,0.00,0.00,0
2026-05-09 16:01:11,1,1,1,1781.8,0,-19.3,-588,1682,0,0.00,0.00,0,0,0.00,0.00,0
2026-05-09 16:01:11,1,1,1,1781.8,0,-19.3,-588,1682,0,0.00,0.00,0,0,0.00,0.00,0
2026-05-09 16:01:11,1,1,1,1786.5,-8,-19.1,-585,1688,0,0.00,0.00,0,0,0.00,0.00,0
2026-05-09 16:01:11,1,1,1,1786.5,-8,-19.1,-585,1688,0,0.00,0.00,0,0,0.00,0.00,0
2026-05-09 16:01:11,1,1,1,1793.4,0,-18.9,-580,1697,0,0.00,0.00,0,0,0.00,0.00,0
2026-05-09 16:01:11,1,1,1,1793.4,0,-18.9,-580,1697,0,0.00,0.00,0,1,2.00,0.00,1224
2026-05-09 16:01:11,1,1,1,1799.4,0,-18.7,-578,1704,0,0.00,0.00,0,1,2.00,0.00,1224
2026-05-09 16:01:11,1,1,1,1800.0,8,-18.7,-577,1705,0,0.00,0.00,0,1,2.00,0.00,1224
2026-05-09 16:01:11,1,1,1,1800.0,8,-18.7,-577,1705,0,0.00,0.00,0,1,2.00,0.00,1224
2026-05-09 16:01:11,1,1,1,1799.7,8,-18.7,-576,1705,0,0.00,0.00,0,1,2.00,0.00,3904
2026-05-09 16:01:11,1,1,1,1799.7,8,-18.7,-576,1705,0,0.00,0.00,0,1,2.00,0.00,3904
2026-05-09 16:01:11,1,1,1,1799.0,8,-18.6,-574,1705,1,2.00,0.00,5545,1,2.00,0.00,5545
2026-05-09 16:01:11,1,1,1,1799.0,8,-18.6,-574,1705,1,2.00,0.00,5545,1,2.00,0.00,5545
2026-05-09 16:01:11,1,1,1,1796.5,0,-18.7,-575,1702,1,2.01,0.00,5545,1,2.01,0.00,5545
2026-05-09 16:01:11,1,1,1,1796.5,0,-18.7,-575,1702,1,2.01,0.00,5545,1,2.01,0.00,5545
2026-05-09 16:01:11,1,1,1,1795.6,8,-18.7,-575,1701,1,2.00,0.01,8114,1,2.00,0.01,8114
2026-05-09 16:01:11,1,1,1,1796.8,0,-18.6,-573,1703,1,2.00,0.01,8114,1,2.00,0.01,8114
2026-05-09 16:01:11,1,1,1,1796.8,0,-18.6,-573,1703,1,2.00,0.01,6010,1,2.00,0.01,6010
2026-05-09 16:01:11,1,1,1,1800.0,0,-18.4,-568,1708,1,2.00,0.01,6010,1,2.00,0.01,6010
2026-05-09 16:01:12,1,1,1,1800.0,0,-18.4,-568,1708,1,2.00,0.01,2938,1,2.00,0.01,2938
2026-05-09 16:01:12,1,1,1,1807.3,0,-18.0,-558,1719,1,2.00,0.01,2938,1,2.00,0.01,2938
2026-05-09 16:01:12,1,1,1,1807.3,0,-18.0,-558,1719,1,2.00,0.00,2425,1,2.00,0.00,2425
2026-05-09 16:01:12,1,1,1,1830.8,0,-17.1,-538,1750,1,2.00,0.00,2425,1,2.00,0.00,2425
2026-05-09 16:01:12,1,1,1,1842.7,0,-16.6,-526,1766,1,2.00,0.00,7570,1,2.00,0.00,7570
2026-05-09 16:01:12,1,1,1,1842.7,0,-16.6,-526,1766,1,2.00,0.00,7570,1,2.00,0.00,7570
2026-05-09 16:01:12,1,1,1,1847.4,0,-16.3,-519,1773,1,2.00,0.00,4225,1,2.00,0.00,4225
2026-05-09 16:01:12,1,1,1,1847.4,0,-16.3,-519,1773,1,2.00,0.00,4225,1,2.00,0.00,4225
2026-05-09 16:01:12,1,1,1,1847.7,0,-16.3,-520,1773,1,2.00,0.00,4225,1,2.00,0.00,4225
2026-05-09 16:01:12,1,1,1,1847.7,0,-16.3,-520,1773,1,2.00,0.00,4225,1,2.00,0.00,4225
2026-05-09 16:01:12,1,1,1,1844.8,0,-16.4,-520,1770,1,2.00,0.00,1024,1,2.00,0.00,1024
2026-05-09 16:01:12,1,1,1,1844.8,0,-16.4,-520,1770,1,2.00,0.00,1024,1,2.00,0.00,1024
2026-05-09 16:01:12,1,1,1,1843.2,0,-16.4,-521,1768,1,2.00,0.00,1024,1,2.00,0.00,1024
2026-05-09 16:01:12,1,1,1,1841.8,0,-16.5,-523,1766,1,2.00,0.00,1024,1,2.00,0.00,1024
2026-05-09 16:01:12,1,1,1,1841.8,0,-16.5,-523,1766,1,2.00,0.00,1024,1,2.00,0.00,1024
2026-05-09 16:01:12,1,1,1,1836.6,0,-16.6,-525,1760,0,0.00,0.00,0,1,2.00,0.00,1024
2026-05-09 16:01:12,1,1,1,1836.6,0,-16.6,-525,1760,0,0.00,0.00,0,1,2.00,0.00,1024
2026-05-09 16:01:12,1,1,1,1832.9,0,-16.9,-532,1754,0,0.00,0.00,0,1,2.00,0.00,1024
2026-05-09 16:01:12,1,1,1,1832.9,0,-16.9,-532,1754,0,0.00,0.00,0,1,2.00,0.00,1024
2026-05-09 16:01:12,1,1,1,1829.6,0,-17.1,-537,1749,0,0.00,0.00,0,1,2.00,0.00,1024
2026-05-09 16:01:13,1,1,1,1828.3,0,-17.0,-536,1748,0,0.00,0.00,0,1,2.00,0.00,1024
2026-05-09 16:01:13,1,1,1,1828.3,0,-17.0,-536,1748,0,0.00,0.00,0,1,2.00,0.00,1024
2026-05-09 16:01:13,1,1,1,1829.0,0,-17.0,-535,1749,0,0.00,0.00,0,1,2.00,0.00,1024
2026-05-09 16:01:13,1,1,1,1829.0,0,-17.0,-535,1749,0,0.00,0.00,0,1,2.00,0.00,1024
2026-05-09 16:01:13,1,1,1,1828.7,0,-17.0,-534,1749,0,0.00,0.00,0,1,2.00,0.00,1024
2026-05-09 16:01:13,1,1,1,1828.7,0,-17.0,-534,1749,0,0.00,0.00,0,0,0.00,0.00,0
2026-05-09 16:01:13,1,1,1,1828.0,0,-17.1,-538,1747,0,0.00,0.00,0,0,0.00,0.00,0
2026-05-09 16:01:13,1,1,1,1828.0,0,-17.1,-538,1747,0,0.00,0.00,0,0,0.00,0.00,0
2026-05-09 16:01:13,1,1,1,1828.2,0,-17.2,-542,1746,0,0.00,0.00,0,0,0.00,0.00,0
2026-05-09 16:01:13,1,1,1,1828.7,0,-17.4,-547,1745,0,0.00,0.00,0,0,0.00,0.00,0
2026-05-09 16:01:13,1,1,1,1828.7,0,-17.4,-547,1745,0,0.00,0.00,0,0,0.00,0.00,0
2026-05-09 16:01:13,1,1,1,1830.0,0,-17.4,-548,1746,0,0.00,0.00,0,0,0.00,0.00,0
2026-05-09 16:01:13,1,1,1,1830.0,0,-17.4,-548,1746,0,0.00,0.00,0,0,0.00,0.00,0
2026-05-09 16:01:13,1,1,1,1830.6,0,-17.4,-547,1747,0,0.00,0.00,0,0,0.00,0.00,0
2026-05-09 16:01:13,1,1,1,1830.6,0,-17.4,-547,1747,0,0.00,0.00,0,0,0.00,0.00,0
2026-05-09 16:01:13,1,1,1,1831.4,0,-17.2,-543,1749,0,0.00,0.00,0,0,0.00,0.00,0
2026-05-09 16:01:13,1,1,1,1831.4,0,-17.2,-543,1749,0,0.00,0.00,0,0,0.00,0.00,0
2026-05-09 16:01:13,1,1,1,1831.4,0,-17.2,-543,1749,0,0.00,0.00,0,0,0.00,0.00,0
2026-05-09 16:01:13,1,1,1,1832.0,0,-17.2,-542,1750,0,0.00,0.00,0,0,0.00,0.00,0
2026-05-09 16:01:13,1,1,1,1832.0,0,-17.2,-542,1750,0,0.00,0.00,0,0,0.00,0.00,0
2026-05-09 16:01:14,1,1,1,1836.7,0,-17.4,-548,1753,0,0.00,0.00,0,0,0.00,0.00,0
2026-05-09 16:01:14,1,1,1,1836.7,0,-17.4,-548,1753,0,0.00,0.00,0,0,0.00,0.00,0
2026-05-09 16:01:14,1,1,1,1841.4,0,-17.4,-551,1757,0,0.00,0.00,0,0,0.00,0.00,0
2026-05-09 16:01:14,1,1,1,1841.4,0,-17.4,-551,1757,0,0.00,0.00,0,0,0.00,0.00,0
2026-05-09 16:01:14,1,1,1,1843.9,0,-17.5,-553,1759,0,0.00,0.00,0,1,2.00,0.00,845
2026-05-09 16:01:14,1,1,1,1845.7,0,-17.5,-556,1760,0,0.00,0.00,0,1,2.00,0.00,845
2026-05-09 16:01:14,1,1,1,1845.7,0,-17.5,-556,1760,0,0.00,0.00,0,1,1.93,0.00,450
2026-05-09 16:01:14,1,1,1,1847.3,0,-17.6,-558,1761,0,0.00,0.00,0,1,1.93,0.00,450
2026-05-09 16:01:14,1,1,1,1847.3,0,-17.6,-558,1761,0,0.00,0.00,0,1,1.93,0.00,450
2026-05-09 16:01:14,1,1,1,1848.5,0,-17.6,-559,1762,0,0.00,0.00,0,1,1.93,0.00,450
2026-05-09 16:01:14,1,1,1,1848.5,0,-17.6,-559,1762,0,0.00,0.00,0,1,1.93,0.00,450
2026-05-09 16:01:14,1,1,1,1849.5,0,-17.6,-559,1763,0,0.00,0.00,0,1,1.93,0.00,450
2026-05-09 16:01:14,1,1,1,1853.0,0,-17.6,-561,1766,0,0.00,0.00,0,1,1.93,0.00,450
2026-05-09 16:01:14,1,1,1,1853.0,0,-17.6,-561,1766,0,0.00,0.00,0,1,1.93,0.00,450
2026-05-09 16:01:14,1,1,1,1853.3,0,-17.7,-562,1766,0,0.00,0.00,0,1,1.93,0.00,450
2026-05-09 16:01:14,1,1,1,1853.3,0,-17.7,-562,1766,0,0.00,0.00,0,1,1.93,0.00,450
2026-05-09 16:01:14,1,1,1,1854.2,0,-17.6,-562,1767,0,0.00,0.00,0,1,1.93,0.00,450
2026-05-09 16:01:14,1,1,1,1854.2,0,-17.6,-562,1767,0,0.00,0.00,0,1,1.93,0.00,450
2026-05-09 16:01:14,1,1,1,1854.9,0,-17.6,-561,1768,0,0.00,0.00,0,1,1.93,0.00,450
2026-05-09 16:01:14,1,1,1,1854.9,0,-17.6,-561,1768,0,0.00,0.00,0,1,1.93,0.00,450
2026-05-09 16:01:15,1,1,1,1855.2,0,-17.5,-559,1769,0,0.00,0.00,0,1,1.93,0.00,450
2026-05-09 16:01:15,1,1,1,1857.4,0,-17.6,-563,1770,0,0.00,0.00,0,0,0.00,0.00,0
2026-05-09 16:01:15,1,1,1,1857.4,0,-17.6,-563,1770,0,0.00,0.00,0,0,0.00,0.00,0
2026-05-09 16:01:15,1,1,1,1857.0,0,-17.8,-568,1768,0,0.00,0.00,0,0,0.00,0.00,0
2026-05-09 16:01:15,1,1,1,1857.0,0,-17.8,-568,1768,0,0.00,0.00,0,0,0.00,0.00,0
2026-05-09 16:01:15,1,1,1,1855.7,0,-18.0,-573,1765,0,0.00,0.00,0,0,0.00,0.00,0
2026-05-09 16:01:15,1,1,1,1855.7,0,-18.0,-573,1765,0,0.00,0.00,0,0,0.00,0.00,0
2026-05-09 16:01:15,1,1,1,1854.1,0,-18.0,-574,1763,0,0.00,0.00,0,0,0.00,0.00,0
2026-05-09 16:01:15,1,1,1,1857.6,0,-18.0,-573,1767,0,0.00,0.00,0,0,0.00,0.00,0
2026-05-09 16:01:15,1,1,1,1857.6,0,-18.0,-573,1767,0,0.00,0.00,0,0,0.00,0.00,0
2026-05-09 16:01:15,1,1,1,1857.6,0,-17.9,-570,1768,0,0.00,0.00,0,0,0.00,0.00,0
2026-05-09 16:01:15,1,1,1,1857.6,0,-17.9,-570,1768,0,0.00,0.00,0,0,0.00,0.00,0
2026-05-09 16:01:15,1,1,1,1854.5,0,-17.9,-569,1765,0,0.00,0.00,0,0,0.00,0.00,0
2026-05-09 16:01:15,1,1,1,1854.5,0,-17.9,-569,1765,0,0.00,0.00,0,0,0.00,0.00,0
2026-05-09 16:01:15,1,1,1,1850.6,0,-17.9,-569,1761,0,0.00,0.00,0,0,0.00,0.00,0
2026-05-09 16:01:15,1,1,1,1850.6,0,-17.9,-569,1761,0,0.00,0.00,0,0,0.00,0.00,0
2026-05-09 16:01:15,1,1,1,1847.1,0,-18.0,-570,1757,0,0.00,0.00,0,0,0.00,0.00,0
2026-05-09 16:01:15,1,1,1,1840.9,0,-17.9,-565,1752,0,0.00,0.00,0,0,0.00,0.00,0
2026-05-09 16:01:15,1,1,1,1840.9,0,-17.9,-565,1752,0,0.00,0.00,0,0,0.00,0.00,0
2026-05-09 16:01:15,1,1,1,1837.7,0,-17.9,-564,1749,0,0.00,0.00,0,0,0.00,0.00,0
2026-05-09 16:01:16,1,1,1,1837.7,0,-17.9,-564,1749,0,0.00,0.00,0,0,0.00,0.00,0
2026-05-09 16:01:16,1,1,1,1839.6,0,-17.9,-564,1751,0,0.00,0.00,0,0,0.00,0.00,0
2026-05-09 16:01:16,1,1,1,1839.6,0,-17.9,-564,1751,0,0.00,0.00,0,0,0.00,0.00,0
2026-05-09 16:01:16,1,1,1,1847.6,0,-17.7,-562,1760,0,0.00,0.00,0,0,0.00,0.00,0
2026-05-09 16:01:16,1,1,1,1847.6,0,-17.7,-562,1760,0,0.00,0.00,0,0,0.00,0.00,0
2026-05-09 16:01:16,1,1,1,1855.8,0,-17.6,-561,1769,0,0.00,0.00,0,0,0.00,0.00,0
2026-05-09 16:01:16,1,1,1,1856.8,0,-17.6,-561,1770,0,0.00,0.00,0,0,0.00,0.00,0
2026-05-09 16:01:16,1,1,1,1856.8,0,-17.6,-561,1770,0,0.00,0.00,0,0,0.00,0.00,0
2026-05-09 16:01:16,1,1,1,1856.1,0,-17.6,-562,1769,0,0.00,0.00,0,0,0.00,0.00,0
2026-05-09 16:01:16,1,1,1,1856.1,0,-17.6,-562,1769,0,0.00,0.00,0,0,0.00,0.00,0
2026-05-09 16:01:16,1,1,1,1855.8,0,-17.7,-564,1768,0,0.00,0.00,0,0,0.00,0.00,0
2026-05-09 16:01:16,1,1,1,1855.8,0,-17.7,-564,1768,0,0.00,0.00,0,0,0.00,0.00,0
2026-05-09 16:01:16,1,1,1,1855.7,0,-17.8,-567,1767,0,0.00,0.00,0,0,0.00,0.00,0
2026-05-09 16:01:16,1,1,1,1852.9,0,-17.9,-570,1763,0,0.00,0.00,0,0,0.00,0.00,0
2026-05-09 16:01:16,1,1,1,1852.9,0,-17.9,-570,1763,0,0.00,0.00,0,0,0.00,0.00,0
2026-05-09 16:01:16,1,1,1,1851.9,0,-18.1,-576,1760,0,0.00,0.00,0,0,0.00,0.00,0
2026-05-09 16:01:16,1,1,1,1851.9,0,-18.1,-576,1760,0,0.00,0.00,0,0,0.00,0.00,0
2026-05-09 16:01:16,1,1,1,1850.6,0,-18.4,-584,1756,0,0.00,0.00,0,0,0.00,0.00,0
2026-05-09 16:01:16,1,1,1,1850.6,0,-18.4,-584,1756,0,0.00,0.00,0,0,0.00,0.00,0
2026-05-09 16:01:16,1,1,1,1853.1,0,-18.5,-589,1757,0,0.00,0.00,0,0,0.00,0.00,0
2026-05-09 16:01:17,1,1,1,1853.1,0,-18.5,-589,1757,0,0.00,0.00,0,0,0.00,0.00,0
2026-05-09 16:01:17,1,1,1,1856.3,0,-18.4,-587,1761,0,0.00,0.00,0,0,0.00,0.00,0
2026-05-09 16:01:17,1,1,1,1857.5,0,-18.4,-585,1763,0,0.00,0.00,0,0,0.00,0.00,0
2026-05-09 16:01:17,1,1,1,1857.5,0,-18.4,-585,1763,0,0.00,0.00,0,0,0.00,0.00,0
2026-05-09 16:01:17,1,1,1,1855.9,0,-18.3,-583,1762,0,0.00,0.00,0,0,0.00,0.00,0
2026-05-09 16:01:17,1,1,1,1855.9,0,-18.3,-583,1762,0,0.00,0.00,0,0,0.00,0.00,0
2026-05-09 16:01:17,1,1,1,1852.8,0,-18.2,-579,1760,0,0.00,0.00,0,0,0.00,0.00,0
2026-05-09 16:01:17,1,1,1,1852.8,0,-18.2,-579,1760,0,0.00,0.00,0,0,0.00,0.00,0
2026-05-09 16:01:17,1,1,1,1850.0,0,-18.1,-576,1758,0,0.00,0.00,0,0,0.00,0.00,0
2026-05-09 16:01:17,1,1,1,1847.1,0,-18.2,-576,1755,0,0.00,0.00,0,0,0.00,0.00,0
2026-05-09 16:01:17,1,1,1,1847.1,0,-18.2,-576,1755,0,0.00,0.00,0,0,0.00,0.00,0
2026-05-09 16:01:17,1,1,1,1839.8,0,-18.3,-577,1747,0,0.00,0.00,0,0,0.00,0.00,0
2026-05-09 16:01:17,1,1,1,1839.8,0,-18.3,-577,1747,0,0.00,0.00,0,0,0.00,0.00,0
2026-05-09 16:01:17,1,1,1,1833.2,0,-18.4,-580,1739,0,0.00,0.00,0,0,0.00,0.00,0
2026-05-09 16:01:17,1,1,1,1833.2,0,-18.4,-580,1739,0,0.00,0.00,0,0,0.00,0.00,0
2026-05-09 16:01:17,1,1,1,1828.4,0,-18.5,-580,1734,0,0.00,0.00,0,0,0.00,0.00,0
2026-05-09 16:01:17,1,1,1,1828.4,0,-18.5,-580,1734,0,0.00,0.00,0,0,0.00,0.00,0
2026-05-09 16:01:17,1,1,1,1827.8,0,-18.3,-575,1735,0,0.00,0.00,0,0,0.00,0.00,0
2026-05-09 16:01:17,1,1,1,1828.5,0,-18.1,-568,1738,0,0.00,0.00,0,0,0.00,0.00,0
2026-05-09 16:01:17,1,1,1,1828.5,0,-18.1,-568,1738,0,0.00,0.00,0,0,0.00,0.00,0
2026-05-09 16:01:18,1,1,1,1829.2,0,-17.9,-561,1741,0,0.00,0.00,0,0,0.00,0.00,0
2026-05-09 16:01:18,1,1,1,1829.2,0,-17.9,-561,1741,0,0.00,0.00,0,0,0.00,0.00,0
2026-05-09 16:01:18,1,1,1,1829.2,0,-17.7,-555,1743,0,0.00,0.00,0,0,0.00,0.00,0
2026-05-09 16:01:18,1,1,1,1829.2,0,-17.7,-555,1743,0,0.00,0.00,0,0,0.00,0.00,0
2026-05-09 16:01:18,1,1,1,1830.3,0,-17.5,-549,1746,0,0.00,0.00,0,0,0.00,0.00,0
2026-05-09 16:01:18,1,1,1,1830.6,0,-17.4,-547,1747,0,0.00,0.00,0,0,0.00,0.00,0
2026-05-09 16:01:18,1,1,1,1830.6,0,-17.4,-547,1747,0,0.00,0.00,0,0,0.00,0.00,0
2026-05-09 16:01:18,1,1,1,1830.3,0,-17.5,-549,1746,0,0.00,0.00,0,0,0.00,0.00,0
2026-05-09 16:01:18,1,1,1,1830.3,0,-17.5,-549,1746,0,0.00,0.00,0,0,0.00,0.00,0
2026-05-09 16:01:18,1,1,1,1829.3,0,-17.6,-552,1744,0,0.00,0.00,0,0,0.00,0.00,0
2026-05-09 16:01:18,1,1,1,1829.3,0,-17.6,-552,1744,0,0.00,0.00,0,0,0.00,0.00,0
2026-05-09 16:01:18,1,1,1,1826.4,0,-17.7,-555,1740,0,0.00,0.00,0,0,0.00,0.00,0
2026-05-09 16:01:18,1,1,1,1826.4,0,-17.7,-555,1740,0,0.00,0.00,0,0,0.00,0.00,0
2026-05-09 16:01:18,1,1,1,1821.5,0,-17.9,-561,1733,0,0.00,0.00,0,0,0.00,0.00,0
2026-05-09 16:01:18,1,1,1,1814.5,0,-18.3,-569,1723,0,0.00,0.00,0,0,0.00,0.00,0
2026-05-09 16:01:18,1,1,1,1814.5,0,-18.3,-569,1723,0,0.00,0.00,0,0,0.00,0.00,0
2026-05-09 16:01:18,1,1,1,1811.4,0,-18.5,-574,1718,0,0.00,0.00,0,0,0.00,0.00,0
2026-05-09 16:01:18,1,1,1,1811.4,0,-18.5,-574,1718,0,0.00,0.00,0,0,0.00,0.00,0
2026-05-09 16:01:18,1,1,1,1812.6,0,-18.5,-575,1719,0,0.00,0.00,0,0,0.00,0.00,0
2026-05-09 16:01:18,1,1,1,1812.6,0,-18.5,-575,1719,0,0.00,0.00,0,0,0.00,0.00,0
2026-05-09 16:01:19,1,1,1,1810.1,0,-18.6,-576,1716,0,0.00,0.00,0,0,0.00,0.00,0
2026-05-09 16:01:19,1,1,1,1809.1,0,-18.6,-576,1715,0,0.00,0.00,0,0,0.00,0.00,0
2026-05-09 16:01:19,1,1,1,1809.1,0,-18.6,-576,1715,0,0.00,0.00,0,0,0.00,0.00,0
2026-05-09 16:01:19,1,1,1,1809.5,0,-18.6,-577,1715,0,0.00,0.00,0,0,0.00,0.00,0
2026-05-09 16:01:19,1,1,1,1809.5,0,-18.6,-577,1715,0,0.00,0.00,0,0,0.00,0.00,0
2026-05-09 16:01:19,1,1,1,1812.9,0,-18.6,-579,1718,0,0.00,0.00,0,0,0.00,0.00,0
2026-05-09 16:01:19,1,1,1,1812.9,0,-18.6,-579,1718,0,0.00,0.00,0,0,0.00,0.00,0
2026-05-09 16:01:19,1,1,1,1816.7,0,-18.5,-576,1723,0,0.00,0.00,0,0,0.00,0.00,0
2026-05-09 16:01:19,1,1,1,1816.7,0,-18.5,-576,1723,0,0.00,0.00,0,0,0.00,0.00,0
2026-05-09 16:01:19,1,1,1,1820.8,0,-18.3,-571,1729,0,0.00,0.00,0,0,0.00,0.00,0
2026-05-09 16:01:19,1,1,1,1822.4,0,-18.1,-567,1732,0,0.00,0.00,0,0,0.00,0.00,0
2026-05-09 16:01:19,1,1,1,1822.4,0,-18.1,-567,1732,0,0.00,0.00,0,0,0.00,0.00,0
2026-05-09 16:01:19,1,1,1,1823.8,0,-17.9,-562,1735,0,0.00,0.00,0,0,0.00,0.00,0
2026-05-09 16:01:19,1,1,1,1823.8,0,-17.9,-562,1735,0,0.00,0.00,0,0,0.00,0.00,0
2026-05-09 16:01:19,1,1,1,1825.8,0,-17.6,-553,1740,0,0.00,0.00,0,0,0.00,0.00,0
2026-05-09 16:01:19,1,1,1,1825.8,0,-17.6,-553,1740,0,0.00,0.00,0,0,0.00,0.00,0
2026-05-09 16:01:19,1,1,1,1828.5,0,-16.8,-530,1750,0,0.00,0.00,0,0,0.00,0.00,0
2026-05-09 16:01:19,1,1,1,1822.7,0,-16.6,-520,1747,0,0.00,0.00,0,0,0.00,0.00,0
2026-05-09 16:01:19,1,1,1,1822.7,0,-16.6,-520,1747,0,0.00,0.00,0,0,0.00,0.00,0
2026-05-09 16:01:19,1,1,1,1821.8,0,-16.6,-520,1746,0,0.00,0.00,0,0,0.00,0.00,0
2026-05-09 16:01:20,1,1,1,1821.8,0,-16.6,-520,1746,0,0.00,0.00,0,0,0.00,0.00,0
2026-05-09 16:01:20,1,1,1,1818.9,0,-16.6,-520,1743,0,0.00,0.00,0,0,0.00,0.00,0
2026-05-09 16:01:20,1,1,1,1818.9,0,-16.6,-520,1743,0,0.00,0.00,0,0,0.00,0.00,0
2026-05-09 16:01:20,1,1,1,1816.8,0,-16.5,-516,1742,0,0.00,0.00,0,0,0.00,0.00,0
2026-05-09 16:01:20,1,1,1,1816.8,0,-16.5,-516,1742,0,0.00,0.00,0,0,0.00,0.00,0
2026-05-09 16:01:20,1,1,1,1817.0,0,-16.3,-510,1744,0,0.00,0.00,0,0,0.00,0.00,0
2026-05-09 16:01:20,1,1,1,1818.7,0,-16.0,-502,1748,0,0.00,0.00,0,0,0.00,0.00,0
2026-05-09 16:01:20,1,1,1,1818.7,0,-16.0,-502,1748,0,0.00,0.00,0,0,0.00,0.00,0
2026-05-09 16:01:20,1,1,1,1819.6,0,-15.8,-495,1751,0,0.00,0.00,0,0,0.00,0.00,0
2026-05-09 16:01:20,1,1,1,1819.6,0,-15.8,-495,1751,0,0.00,0.00,0,0,0.00,0.00,0
2026-05-09 16:01:20,1,1,1,1821.6,0,-15.5,-488,1755,0,0.00,0.00,0,0,0.00,0.00,0
2026-05-09 16:01:20,1,1,1,1821.6,0,-15.5,-488,1755,0,0.00,0.00,0,0,0.00,0.00,0
2026-05-09 16:01:20,1,1,1,1822.6,0,-15.3,-481,1758,0,0.00,0.00,0,0,0.00,0.00,0
2026-05-09 16:01:20,1,1,1,1822.6,0,-15.3,-481,1758,0,0.00,0.00,0,0,0.00,0.00,0
2026-05-09 16:01:20,1,1,1,1823.7,0,-15.1,-474,1761,0,0.00,0.00,0,0,0.00,0.00,0
2026-05-09 16:01:20,1,1,1,1825.0,0,-14.9,-468,1764,0,0.00,0.00,0,0,0.00,0.00,0
2026-05-09 16:01:20,1,1,1,1825.0,0,-14.9,-468,1764,0,0.00,0.00,0,0,0.00,0.00,0
2026-05-09 16:01:20,1,1,1,1826.4,0,-14.7,-462,1767,0,0.00,0.00,0,0,0.00,0.00,0
2026-05-09 16:01:20,1,1,1,1826.4,0,-14.7,-462,1767,0,0.00,0.00,0,0,0.00,0.00,0
2026-05-09 16:01:20,1,1,1,1827.8,0,-14.4,-456,1770,0,0.00,0.00,0,0,0.00,0.00,0
2026-05-09 16:01:21,1,1,1,1827.8,0,-14.4,-456,1770,0,0.00,0.00,0,0,0.00,0.00,0
2026-05-09 16:01:21,1,1,1,1828.2,0,-14.2,-450,1772,0,0.00,0.00,0,0,0.00,0.00,0
2026-05-09 16:01:21,1,1,1,1831.4,0,-14.0,-443,1777,0,0.00,0.00,0,0,0.00,0.00,0
2026-05-09 16:01:21,1,1,1,1831.4,0,-14.0,-443,1777,0,0.00,0.00,0,0,0.00,0.00,0
2026-05-09 16:01:21,1,1,1,1833.8,0,-13.8,-437,1781,0,0.00,0.00,0,0,0.00,0.00,0
2026-05-09 16:01:21,1,1,1,1833.8,0,-13.8,-437,1781,0,0.00,0.00,0,0,0.00,0.00,0
2026-05-09 16:01:21,1,1,1,1837.3,0,-13.6,-431,1786,0,0.00,0.00,0,0,0.00,0.00,0
2026-05-09 16:01:21,1,1,1,1837.3,0,-13.6,-431,1786,0,0.00,0.00,0,0,0.00,0.00,0
2026-05-09 16:01:21,1,1,1,1840.7,0,-13.3,-425,1791,0,0.00,0.00,0,0,0.00,0.00,0
2026-05-09 16:01:21,1,1,1,1840.7,0,-13.3,-425,1791,0,0.00,0.00,0,0,0.00,0.00,0
2026-05-09 16:01:21,1,1,1,1843.3,0,-13.1,-419,1795,0,0.00,0.00,0,0,0.00,0.00,0
2026-05-09 16:01:21,1,1,1,1845.8,0,-12.9,-413,1799,0,0.00,0.00,0,0,0.00,0.00,0
2026-05-09 16:01:21,1,1,1,1845.8,0,-12.9,-413,1799,0,0.00,0.00,0,0,0.00,0.00,0
2026-05-09 16:01:21,1,1,1,1848.6,0,-12.8,-408,1803,0,0.00,0.00,0,0,0.00,0.00,0
2026-05-09 16:01:21,1,1,1,1848.6,0,-12.8,-408,1803,0,0.00,0.00,0,0,0.00,0.00,0
2026-05-09 16:01:21,1,1,1,1851.2,0,-12.5,-402,1807,0,0.00,0.00,0,0,0.00,0.00,0
2026-05-09 16:01:21,1,1,1,1851.2,0,-12.5,-402,1807,0,0.00,0.00,0,0,0.00,0.00,0
2026-05-09 16:01:21,1,1,1,1853.3,0,-12.6,-403,1809,0,0.00,0.00,0,0,0.00,0.00,0
2026-05-09 16:01:21,1,1,1,1852.0,0,-12.7,-406,1807,0,0.00,0.00,0,0,0.00,0.00,0
2026-05-09 16:01:21,1,1,1,1852.0,0,-12.7,-406,1807,0,0.00,0.00,0,0,0.00,0.00,0
2026-05-09 16:01:22,1,1,1,1851.0,0,-12.8,-410,1805,0,0.00,0.00,0,0,0.00,0.00,0
2026-05-09 16:01:22,1,1,1,1851.0,0,-12.8,-410,1805,0,0.00,0.00,0,0,0.00,0.00,0
2026-05-09 16:01:22,1,1,1,1847.7,0,-13.0,-417,1800,0,0.00,0.00,0,0,0.00,0.00,0
2026-05-09 16:01:22,1,1,1,1847.7,0,-13.0,-417,1800,0,0.00,0.00,0,0,0.00,0.00,0
2026-05-09 16:01:22,1,1,1,1843.1,0,-13.4,-427,1793,0,0.00,0.00,0,0,0.00,0.00,0
2026-05-09 16:01:22,1,1,1,1843.1,0,-13.4,-427,1793,0,0.00,0.00,0,0,0.00,0.00,0
2026-05-09 16:01:22,1,1,1,1838.4,0,-13.7,-436,1786,0,0.00,0.00,0,0,0.00,0.00,0
2026-05-09 16:01:22,1,1,1,1833.3,0,-13.9,-439,1780,0,0.00,0.00,0,0,0.00,0.00,0
2026-05-09 16:01:22,1,1,1,1833.3,0,-13.9,-439,1780,0,0.00,0.00,0,0,0.00,0.00,0
2026-05-09 16:01:22,1,1,1,1828.0,0,-14.0,-441,1774,0,0.00,0.00,0,0,0.00,0.00,0
2026-05-09 16:01:22,1,1,1,1828.0,0,-14.0,-441,1774,0,0.00,0.00,0,0,0.00,0.00,0
2026-05-09 16:01:22,1,1,1,1822.7,0,-14.1,-443,1768,0,0.00,0.00,0,0,0.00,0.00,0
2026-05-09 16:01:22,1,1,1,1822.7,0,-14.1,-443,1768,0,0.00,0.00,0,0,0.00,0.00,0
2026-05-09 16:01:22,1,1,1,1824.4,0,-14.0,-442,1770,0,0.00,0.00,0,0,0.00,0.00,0
2026-05-09 16:01:22,1,1,1,1826.8,0,-14.1,-444,1772,0,0.00,0.00,0,1,2.00,0.01,452
2026-05-09 16:01:22,1,1,1,1826.8,0,-14.1,-444,1772,0,0.00,0.00,0,1,2.00,0.01,452
2026-05-09 16:01:22,1,1,1,1828.5,0,-14.0,-443,1774,0,0.00,0.00,0,1,2.01,0.01,452
2026-05-09 16:01:22,1,1,1,1828.5,0,-14.0,-443,1774,0,0.00,0.00,0,1,2.01,0.01,452
2026-05-09 16:01:22,1,1,1,1828.7,8,-14.1,-444,1774,0,0.00,0.00,0,1,2.01,0.01,452
2026-05-09 16:01:22,1,1,1,1828.7,8,-14.1,-444,1774,0,0.00,0.00,0,1,2.01,0.01,452
2026-05-09 16:01:23,1,1,1,1830.9,0,-14.1,-445,1776,0,0.00,0.00,0,1,2.01,0.01,452
2026-05-09 16:01:23,1,1,1,1830.9,0,-14.1,-445,1776,0,0.00,0.00,0,1,2.01,0.01,452
2026-05-09 16:01:23,1,1,1,1832.4,0,-14.1,-447,1777,0,0.00,0.00,0,1,2.01,0.01,6409
2026-05-09 16:01:23,1,1,1,1830.4,0,-14.3,-451,1774,0,0.00,0.00,0,1,2.01,0.01,6409
2026-05-09 16:01:23,1,1,1,1830.4,0,-14.3,-451,1774,0,0.00,0.00,0,1,2.01,0.01,1921
2026-05-09 16:01:23,1,1,1,1828.3,0,-14.4,-454,1771,0,0.00,0.00,0,1,2.01,0.01,1921
2026-05-09 16:01:23,1,1,1,1828.3,0,-14.4,-454,1771,0,0.00,0.00,0,1,2.01,0.01,1921
2026-05-09 16:01:23,1,1,1,1827.3,0,-14.5,-458,1769,0,0.00,0.00,0,1,2.01,0.01,1921
2026-05-09 16:01:23,1,1,1,1827.3,0,-14.5,-458,1769,0,0.00,0.00,0,1,2.01,0.01,1921
2026-05-09 16:01:23,1,1,1,1826.7,0,-14.7,-463,1767,0,0.00,0.00,0,1,2.01,0.01,1921
2026-05-09 16:01:23,1,1,1,1826.2,0,-14.9,-469,1765,0,0.00,0.00,0,1,2.01,0.01,1921
2026-05-09 16:01:23,1,1,1,1826.2,0,-14.9,-469,1765,0,0.00,0.00,0,1,2.01,0.01,1921
2026-05-09 16:01:23,1,1,1,1826.6,0,-15.0,-474,1764,0,0.00,0.00,0,1,1.99,0.00,733
2026-05-09 16:01:23,1,1,1,1826.6,0,-15.0,-474,1764,0,0.00,0.00,0,1,1.99,0.00,733
2026-05-09 16:01:23,1,1,1,1826.9,0,-15.2,-479,1763,0,0.00,0.00,0,1,1.99,0.00,733
2026-05-09 16:01:23,1,1,1,1826.9,0,-15.2,-479,1763,0,0.00,0.00,0,1,1.99,0.00,733
2026-05-09 16:01:23,1,1,1,1827.9,0,-15.2,-479,1764,0,0.00,0.00,0,1,1.99,0.00,961
2026-05-09 16:01:23,1,1,1,1827.9,0,-15.2,-479,1764,0,0.00,0.00,0,1,1.99,0.00,961
2026-05-09 16:01:23,1,1,1,1827.6,0,-15.2,-478,1764,0,0.00,0.00,0,1,1.99,0.00,961
2026-05-09 16:01:23,1,1,1,1826.5,0,-15.6,-492,1759,0,0.00,0.00,0,1,1.99,0.00,961
2026-05-09 16:01:24,1,1,1,1826.5,0,-15.6,-492,1759,0,0.00,0.00,0,1,1.91,-0.01,725
2026-05-09 16:01:24,1,1,1,1825.7,0,-16.0,-503,1755,0,0.00,0.00,0,1,1.91,-0.01,725
2026-05-09 16:01:24,1,1,1,1825.7,0,-16.0,-503,1755,0,0.00,0.00,0,1,1.88,-0.01,424
2026-05-09 16:01:24,1,1,1,1825.1,0,-16.2,-508,1753,0,0.00,0.00,0,1,1.88,-0.01,424
2026-05-09 16:01:24,1,1,1,1825.1,0,-16.2,-508,1753,0,0.00,0.00,0,1,1.88,-0.01,424
2026-05-09 16:01:24,1,1,1,1827.0,0,-16.1,-508,1755,0,0.00,0.00,0,1,1.88,-0.01,424
2026-05-09 16:01:24,1,1,1,1828.7,0,-16.1,-507,1757,0,0.00,0.00,0,1,1.90,0.00,416
2026-05-09 16:01:24,1,1,1,1828.7,0,-16.1,-507,1757,0,0.00,0.00,0,1,1.90,0.00,416
2026-05-09 16:01:24,1,1,1,1830.2,0,-16.1,-509,1758,0,0.00,0.00,0,1,1.88,-0.01,450
2026-05-09 16:01:24,1,1,1,1830.2,0,-16.1,-509,1758,0,0.00,0.00,0,1,1.88,-0.01,450
2026-05-09 16:01:24,1,1,1,1830.4,0,-16.3,-513,1757,0,0.00,0.00,0,1,1.88,-0.01,450
2026-05-09 16:01:24,1,1,1,1830.4,0,-16.3,-513,1757,0,0.00,0.00,0,1,1.88,-0.01,450
2026-05-09 16:01:24,1,1,1,1832.4,0,-16.4,-517,1758,0,0.00,0.00,0,1,1.88,-0.01,450
2026-05-09 16:01:24,1,1,1,1832.4,0,-16.4,-517,1758,0,0.00,0.00,0,1,1.88,-0.01,450
2026-05-09 16:01:24,1,1,1,1836.2,0,-16.5,-520,1761,0,0.00,0.00,0,1,1.88,-0.01,450
2026-05-09 16:01:24,1,1,1,1838.9,0,-16.5,-523,1763,0,0.00,0.00,0,1,1.88,-0.01,450
2026-05-09 16:01:24,1,1,1,1838.9,0,-16.5,-523,1763,0,0.00,0.00,0,1,1.88,-0.01,450
2026-05-09 16:01:24,1,1,1,1842.0,0,-16.6,-527,1765,0,0.00,0.00,0,1,1.88,-0.01,450
2026-05-09 16:01:24,1,1,1,1842.0,0,-16.6,-527,1765,0,0.00,0.00,0,1,1.88,-0.01,450
2026-05-09 16:01:24,1,1,1,1845.3,0,-16.8,-532,1767,0,0.00,0.00,0,1,1.88,-0.01,450
2026-05-09 16:01:25,1,1,1,1845.3,0,-16.8,-532,1767,0,0.00,0.00,0,1,1.88,-0.01,450
2026-05-09 16:01:25,1,1,1,1847.8,0,-16.8,-534,1769,0,0.00,0.00,0,1,1.88,-0.01,450
2026-05-09 16:01:25,1,1,1,1847.8,0,-16.8,-534,1769,0,0.00,0.00,0,1,1.88,-0.01,450
2026-05-09 16:01:25,1,1,1,1850.3,0,-16.8,-536,1771,0,0.00,0.00,0,0,0.00,0.00,0
2026-05-09 16:01:25,1,1,1,1852.8,0,-16.9,-538,1773,0,0.00,0.00,0,0,0.00,0.00,0
2026-05-09 16:01:25,1,1,1,1852.8,0,-16.9,-538,1773,0,0.00,0.00,0,0,0.00,0.00,0
2026-05-09 16:01:25,1,1,1,1853.0,0,-17.0,-542,1772,0,0.00,0.00,0,0,0.00,0.00,0
2026-05-09 16:01:25,1,1,1,1853.0,0,-17.0,-542,1772,0,0.00,0.00,0,0,0.00,0.00,0
2026-05-09 16:01:25,1,1,1,1853.9,0,-17.1,-545,1772,0,0.00,0.00,0,0,0.00,0.00,0
2026-05-09 16:01:25,1,1,1,1853.9,0,-17.1,-545,1772,0,0.00,0.00,0,0,0.00,0.00,0
2026-05-09 16:01:25,1,1,1,1852.9,0,-17.2,-548,1770,0,0.00,0.00,0,0,0.00,0.00,0
2026-05-09 16:01:25,1,1,1,1850.0,0,-17.3,-551,1766,0,0.00,0.00,0,0,0.00,0.00,0
2026-05-09 16:01:25,1,1,1,1850.0,0,-17.3,-551,1766,0,0.00,0.00,0,0,0.00,0.00,0
2026-05-09 16:01:25,1,1,1,1847.0,0,-17.5,-554,1762,0,0.00,0.00,0,0,0.00,0.00,0
2026-05-09 16:01:25,1,1,1,1847.0,0,-17.5,-554,1762,0,0.00,0.00,0,0,0.00,0.00,0
2026-05-09 16:01:25,1,1,1,1844.8,0,-17.5,-556,1759,0,0.00,0.00,0,0,0.00,0.00,0
2026-05-09 16:01:25,1,1,1,1844.8,0,-17.5,-556,1759,0,0.00,0.00,0,0,0.00,0.00,0
2026-05-09 16:01:25,1,1,1,1841.6,0,-17.5,-555,1756,0,0.00,0.00,0,0,0.00,0.00,0
2026-05-09 16:01:25,1,1,1,1841.6,0,-17.5,-555,1756,0,0.00,0.00,0,0,0.00,0.00,0
2026-05-09 16:01:25,1,1,1,1839.4,0,-17.5,-554,1754,0,0.00,0.00,0,0,0.00,0.00,0
2026-05-09 16:01:26,1,1,1,1839.7,0,-17.7,-558,1753,0,0.00,0.00,0,0,0.00,0.00,0
2026-05-09 16:01:26,1,1,1,1839.7,0,-17.7,-558,1753,0,0.00,0.00,0,0,0.00,0.00,0
2026-05-09 16:01:26,1,1,1,1841.9,0,-17.7,-559,1755,0,0.00,0.00,0,0,0.00,0.00,0
2026-05-09 16:01:26,1,1,1,1841.9,0,-17.7,-559,1755,0,0.00,0.00,0,0,0.00,0.00,0
2026-05-09 16:01:26,1,1,1,1843.2,0,-17.6,-557,1757,0,0.00,0.00,0,1,2.02,0.00,2034
2026-05-09 16:01:26,1,1,1,1843.2,0,-17.6,-557,1757,0,0.00,0.00,0,1,2.02,0.00,2034
2026-05-09 16:01:26,1,1,1,1843.8,0,-17.6,-556,1758,0,0.00,0.00,0,1,2.01,0.01,656
2026-05-09 16:01:26,1,1,1,1845.2,0,-17.4,-551,1761,0,0.00,0.00,0,1,2.01,0.01,656
2026-05-09 16:01:26,1,1,1,1845.2,0,-17.4,-551,1761,0,0.00,0.00,0,1,2.01,0.00,640
2026-05-09 16:01:26,1,1,1,1845.5,0,-17.3,-549,1762,0,0.00,0.00,0,1,2.01,0.00,640
2026-05-09 16:01:26,1,1,1,1845.5,0,-17.3,-549,1762,0,0.00,0.00,0,1,2.01,0.00,628
2026-05-09 16:01:26,1,1,1,1844.3,0,-17.3,-548,1761,0,0.00,0.00,0,1,2.01,0.00,628
2026-05-09 16:01:26,1,1,1,1844.3,0,-17.3,-548,1761,0,0.00,0.00,0,1,2.00,-0.04,1945
2026-05-09 16:01:26,1,1,1,1845.6,-8,-17.2,-546,1763,0,0.00,0.00,0,1,2.00,-0.04,1945
2026-05-09 16:01:26,1,1,1,1845.6,-8,-17.2,-546,1763,0,0.00,0.00,0,1,1.95,-0.04,452
2026-05-09 16:01:26,1,1,1,1848.0,0,-17.0,-541,1767,0,0.00,0.00,0,1,1.95,-0.04,452
2026-05-09 16:01:26,1,1,1,1848.7,0,-16.9,-537,1769,0,0.00,0.00,0,1,1.95,-0.03,626
2026-05-09 16:01:26,1,1,1,1848.7,0,-16.9,-537,1769,0,0.00,0.00,0,1,1.95,-0.03,626
2026-05-09 16:01:26,1,1,1,1849.6,0,-17.0,-540,1769,0,0.00,0.00,0,1,1.95,-0.03,626
2026-05-09 16:01:26,1,1,1,1849.6,0,-17.0,-540,1769,0,0.00,0.00,0,1,1.95,-0.03,626
2026-05-09 16:01:27,1,1,1,1850.2,0,-17.0,-542,1769,0,0.00,0.00,0,1,1.96,-0.02,1658
2026-05-09 16:01:27,1,1,1,1850.2,0,-17.0,-542,1769,0,0.00,0.00,0,1,1.96,-0.02,1658
2026-05-09 16:01:27,1,1,1,1848.5,0,-17.2,-546,1766,0,0.00,0.00,0,1,1.96,-0.02,1658
2026-05-09 16:01:27,1,1,1,1844.3,0,-17.3,-548,1761,0,0.00,0.00,0,1,1.96,-0.02,1658
2026-05-09 16:01:27,1,1,1,1844.3,0,-17.3,-548,1761,0,0.00,0.00,0,1,1.96,-0.02,1658
2026-05-09 16:01:27,1,1,1,1842.0,0,-17.4,-550,1758,0,0.00,0.00,0,1,1.96,-0.02,1658
2026-05-09 16:01:27,1,1,1,1842.0,0,-17.4,-550,1758,0,0.00,0.00,0,1,1.96,-0.02,1658
2026-05-09 16:01:27,1,1,1,1840.8,0,-17.4,-549,1757,0,0.00,0.00,0,1,1.96,-0.02,1658
2026-05-09 16:01:27,1,1,1,1840.8,0,-17.4,-549,1757,0,0.00,0.00,0,1,1.96,-0.02,1658
2026-05-09 16:01:27,1,1,1,1840.8,0,-17.3,-546,1758,0,0.00,0.00,0,1,1.96,-0.02,1658
2026-05-09 16:01:27,1,1,1,1840.8,0,-17.3,-546,1758,0,0.00,0.00,0,1,1.79,0.00,2122
2026-05-09 16:01:27,1,1,1,1842.1,0,-17.3,-547,1759,0,0.00,0.00,0,1,1.79,0.00,2122
2026-05-09 16:01:27,1,1,1,1840.5,0,-17.2,-545,1758,0,0.00,0.00,0,1,1.89,0.00,1594
2026-05-09 16:01:27,1,1,1,1840.5,0,-17.2,-545,1758,0,0.00,0.00,0,1,1.89,0.00,1594
2026-05-09 16:01:27,1,1,1,1838.3,0,-17.3,-547,1755,0,0.00,0.00,0,1,1.89,0.00,1594
2026-05-09 16:01:27,1,1,1,1838.3,0,-17.3,-547,1755,0,0.00,0.00,0,1,1.89,0.00,1594
2026-05-09 16:01:27,1,1,1,1834.7,0,-17.5,-551,1750,0,0.00,0.00,0,1,1.89,0.00,1594
2026-05-09 16:01:27,1,1,1,1834.7,0,-17.5,-551,1750,0,0.00,0.00,0,1,1.89,0.00,1594
2026-05-09 16:01:27,1,1,1,1832.1,0,-17.6,-555,1746,0,0.00,0.00,0,1,1.89,0.00,1594
2026-05-09 16:01:27,1,1,1,1825.7,8,-17.7,-556,1739,0,0.00,0.00,0,1,1.89,0.00,1594
2026-05-09 16:01:28,1,1,1,1825.7,8,-17.7,-556,1739,0,0.00,0.00,0,1,1.89,0.00,1594
2026-05-09 16:01:28,1,1,1,1818.4,0,-17.9,-560,1730,0,0.00,0.00,0,1,1.89,0.00,1594
2026-05-09 16:01:28,1,1,1,1818.4,0,-17.9,-560,1730,0,0.00,0.00,0,1,1.89,0.00,1594
2026-05-09 16:01:28,1,1,1,1817.4,0,-18.2,-569,1726,0,0.00,0.00,0,1,1.89,0.00,1594
2026-05-09 16:01:28,1,1,1,1817.4,0,-18.2,-569,1726,0,0.00,0.00,0,1,1.89,0.00,1594
2026-05-09 16:01:28,1,1,1,1813.6,0,-18.7,-581,1718,0,0.00,0.00,0,1,1.89,0.00,1594
2026-05-09 16:01:28,1,1,1,1813.6,0,-18.7,-581,1718,0,0.00,0.00,0,1,1.89,0.00,1594
2026-05-09 16:01:28,1,1,1,1791.8,0,-19.6,-601,1688,0,0.00,0.00,0,0,0.00,0.00,0
2026-05-09 16:01:28,1,1,1,1781.9,0,-20.2,-616,1672,0,0.00,0.00,0,0,0.00,0.00,0
2026-05-09 16:01:28,1,1,1,1781.9,0,-20.2,-616,1672,0,0.00,0.00,0,0,0.00,0.00,0
2026-05-09 16:01:28,1,1,1,1778.7,0,-21.1,-639,1660,0,0.00,0.00,0,0,0.00,0.00,0
2026-05-09 16:01:28,1,1,1,1778.7,0,-21.1,-639,1660,0,0.00,0.00,0,0,0.00,0.00,0
2026-05-09 16:01:28,1,1,1,1778.2,0,-21.7,-658,1652,0,0.00,0.00,0,0,0.00,0.00,0
2026-05-09 16:01:28,1,1,1,1778.2,0,-21.7,-658,1652,0,0.00,0.00,0,0,0.00,0.00,0
2026-05-09 16:01:28,1,1,1,1778.2,0,-21.9,-663,1650,0,0.00,0.00,0,0,0.00,0.00,0
2026-05-09 16:01:28,1,1,1,1781.4,0,-21.7,-659,1655,0,0.00,0.00,0,0,0.00,0.00,0
2026-05-09 16:01:28,1,1,1,1781.4,0,-21.7,-659,1655,0,0.00,0.00,0,0,0.00,0.00,0
2026-05-09 16:01:28,1,1,1,1781.4,0,-21.4,-649,1659,0,0.00,0.00,0,0,0.00,0.00,0
2026-05-09 16:01:28,1,1,1,1781.4,0,-21.4,-649,1659,0,0.00,0.00,0,0,0.00,0.00,0
2026-05-09 16:01:28,1,1,1,1781.8,0,-20.9,-637,1664,0,0.00,0.00,0,0,0.00,0.00,0
2026-05-09 16:01:29,1,1,1,1781.8,0,-20.9,-637,1664,0,0.00,0.00,0,0,0.00,0.00,0
2026-05-09 16:01:29,1,1,1,1779.8,0,-20.7,-629,1665,0,0.00,0.00,0,0,0.00,0.00,0
2026-05-09 16:01:29,1,1,1,1779.8,0,-20.7,-629,1665,0,0.00,0.00,0,0,0.00,0.00,0
2026-05-09 16:01:29,1,1,1,1780.2,0,-20.7,-630,1665,0,0.00,0.00,0,0,0.00,0.00,0
2026-05-09 16:01:29,1,1,1,1781.5,0,-20.7,-631,1666,0,0.00,0.00,0,0,0.00,0.00,0
2026-05-09 16:01:29,1,1,1,1781.5,0,-20.7,-631,1666,0,0.00,0.00,0,0,0.00,0.00,0
2026-05-09 16:01:29,1,1,1,1781.7,0,-20.7,-629,1667,0,0.00,0.00,0,0,0.00,0.00,0
2026-05-09 16:01:29,1,1,1,1781.7,0,-20.7,-629,1667,0,0.00,0.00,0,0,0.00,0.00,0
2026-05-09 16:01:29,1,1,1,1781.7,0,-20.7,-629,1667,0,0.00,0.00,0,0,0.00,0.00,0
2026-05-09 16:01:29,1,1,1,1781.7,0,-20.7,-629,1667,0,0.00,0.00,0,0,0.00,0.00,0
2026-05-09 16:01:29,1,1,1,1782.3,0,-20.6,-628,1668,0,0.00,0.00,0,0,0.00,0.00,0
2026-05-09 16:01:29,1,1,1,1782.3,0,-20.6,-628,1668,0,0.00,0.00,0,0,0.00,0.00,0
2026-05-09 16:01:29,1,1,1,1782.9,0,-20.6,-627,1669,0,0.00,0.00,0,0,0.00,0.00,0
2026-05-09 16:01:29,1,1,1,1783.5,0,-20.5,-626,1670,0,0.00,0.00,0,0,0.00,0.00,0
2026-05-09 16:01:29,1,1,1,1783.5,0,-20.5,-626,1670,0,0.00,0.00,0,0,0.00,0.00,0
2026-05-09 16:01:29,1,1,1,1784.1,0,-20.5,-625,1671,0,0.00,0.00,0,0,0.00,0.00,0
2026-05-09 16:01:29,1,1,1,1784.1,0,-20.5,-625,1671,0,0.00,0.00,0,0,0.00,0.00,0
2026-05-09 16:01:29,1,1,1,1784.6,0,-20.5,-624,1672,0,0.00,0.00,0,0,0.00,0.00,0
2026-05-09 16:01:29,1,1,1,1784.6,0,-20.5,-624,1672,0,0.00,0.00,0,0,0.00,0.00,0
2026-05-09 16:01:29,1,1,1,1785.1,0,-20.6,-628,1671,0,0.00,0.00,0,0,0.00,0.00,0
2026-05-09 16:01:30,1,1,1,1785.7,0,-20.8,-635,1669,0,0.00,0.00,0,0,0.00,0.00,0
2026-05-09 16:01:30,1,1,1,1785.7,0,-20.8,-635,1669,0,0.00,0.00,0,0,0.00,0.00,0
2026-05-09 16:01:30,1,1,1,1786.0,0,-21.0,-641,1667,0,0.00,0.00,0,0,0.00,0.00,0
2026-05-09 16:01:30,1,1,1,1786.0,0,-21.0,-641,1667,0,0.00,0.00,0,0,0.00,0.00,0
2026-05-09 16:01:30,1,1,1,1787.6,0,-21.3,-648,1666,0,0.00,0.00,0,0,0.00,0.00,0
2026-05-09 16:01:30,1,1,1,1787.6,0,-21.3,-648,1666,0,0.00,0.00,0,0,0.00,0.00,0
2026-05-09 16:01:30,1,1,1,1787.9,0,-21.5,-654,1664,0,0.00,0.00,0,0,0.00,0.00,0
2026-05-09 16:01:30,1,1,1,1787.9,0,-21.5,-654,1664,0,0.00,0.00,0,0,0.00,0.00,0
2026-05-09 16:01:30,1,1,1,1787.9,0,-21.6,-659,1662,0,0.00,0.00,0,0,0.00,0.00,0
2026-05-09 16:01:30,1,1,1,1789.2,0,-21.8,-665,1661,0,0.00,0.00,0,0,0.00,0.00,0
2026-05-09 16:01:30,1,1,1,1789.2,0,-21.8,-665,1661,0,0.00,0.00,0,0,0.00,0.00,0
2026-05-09 16:01:30,1,1,1,1789.2,0,-22.0,-670,1659,0,0.00,0.00,0,0,0.00,0.00,0
2026-05-09 16:01:30,1,1,1,1789.2,0,-22.0,-670,1659,0,0.00,0.00,0,0,0.00,0.00,0
2026-05-09 16:01:30,1,1,1,1792.7,0,-22.2,-677,1660,0,0.00,0.00,0,0,0.00,0.00,0
2026-05-09 16:01:30,1,1,1,1792.7,0,-22.2,-677,1660,0,0.00,0.00,0,0,0.00,0.00,0
2026-05-09 16:01:30,1,1,1,1804.5,0,-22.5,-691,1667,0,0.00,0.00,0,0,0.00,0.00,0
2026-05-09 16:01:30,1,1,1,1813.4,0,-22.8,-702,1672,0,0.00,0.00,0,0,0.00,0.00,0
2026-05-09 16:01:30,1,1,1,1813.4,0,-22.8,-702,1672,0,0.00,0.00,0,0,0.00,0.00,0
2026-05-09 16:01:30,1,1,1,1827.7,0,-23.0,-715,1682,0,0.00,0.00,0,0,0.00,0.00,0
2026-05-09 16:01:30,1,1,1,1827.7,0,-23.0,-715,1682,0,0.00,0.00,0,0,0.00,0.00,0
2026-05-09 16:01:31,1,1,1,1875.3,0,-23.4,-745,1721,0,0.00,0.00,0,0,0.00,0.00,0
2026-05-09 16:01:31,1,1,1,1875.3,0,-23.4,-745,1721,0,0.00,0.00,0,0,0.00,0.00,0
2026-05-09 16:01:31,1,1,1,2017.6,0,-24.6,-841,1834,0,0.00,0.00,0,0,0.00,0.00,0
2026-05-09 16:01:31,1,1,1,2017.6,0,-24.6,-841,1834,0,0.00,0.00,0,0,0.00,0.00,0
2026-05-09 16:01:31,1,1,1,2297.8,0,-26.7,-1034,2052,0,0.00,0.00,0,0,0.00,0.00,0
2026-05-09 16:01:31,1,1,1,2551.7,0,-28.3,-1211,2246,0,0.00,0.00,0,0,0.00,0.00,0
2026-05-09 16:01:31,1,1,1,2551.7,0,-28.3,-1211,2246,0,0.00,0.00,0,0,0.00,0.00,0
2026-05-09 16:01:31,1,1,1,2776.9,0,-29.5,-1369,2416,0,0.00,0.00,0,0,0.00,0.00,0
2026-05-09 16:01:31,1,1,1,2776.9,0,-29.5,-1369,2416,0,0.00,0.00,0,0,0.00,0.00,0
2026-05-09 16:01:31,1,1,1,2973.7,0,-30.5,-1508,2563,0,0.00,0.00,0,0,0.00,0.00,0
2026-05-09 16:01:31,1,1,1,2973.7,0,-30.5,-1508,2563,0,0.00,0.00,0,0,0.00,0.00,0
2026-05-09 16:01:31,1,1,1,3142.0,0,-31.2,-1627,2688,0,0.00,0.00,0,0,0.00,0.00,0
2026-05-09 16:01:31,1,1,1,3229.9,0,-31.4,-1681,2758,0,0.00,0.00,0,0,0.00,0.00,0
2026-05-09 16:01:31,1,1,1,3229.9,0,-31.4,-1681,2758,0,0.00,0.00,0,0,0.00,0.00,0
2026-05-09 16:01:31,1,1,1,3252.9,0,-31.4,-1694,2777,0,0.00,0.00,0,0,0.00,0.00,0
2026-05-09 16:01:31,1,1,1,3252.9,0,-31.4,-1694,2777,0,0.00,0.00,0,0,0.00,0.00,0
2026-05-09 16:01:31,1,1,1,3249.6,0,-31.4,-1691,2775,0,0.00,0.00,0,0,0.00,0.00,0
2026-05-09 16:01:31,1,1,1,3249.6,0,-31.4,-1691,2775,0,0.00,0.00,0,0,0.00,0.00,0
2026-05-09 16:01:31,1,1,1,3203.8,0,-31.2,-1662,2739,0,0.00,0.00,0,0,0.00,0.00,0
2026-05-09 16:01:31,1,1,1,3203.8,0,-31.2,-1662,2739,0,0.00,0.00,0,0,0.00,0.00,0
2026-05-09 16:01:32,1,1,1,3056.5,0,-30.7,-1559,2629,0,0.00,0.00,0,0,0.00,0.00,0
2026-05-09 16:01:32,1,1,1,2784.2,0,-29.6,-1375,2421,0,0.00,0.00,0,0,0.00,0.00,0
2026-05-09 16:01:32,1,1,1,2784.2,0,-29.6,-1375,2421,0,0.00,0.00,0,0,0.00,0.00,0
2026-05-09 16:01:32,1,1,1,2574.2,0,-28.5,-1227,2263,0,0.00,0.00,0,0,0.00,0.00,0
2026-05-09 16:01:32,1,1,1,2574.2,0,-28.5,-1227,2263,0,0.00,0.00,0,0,0.00,0.00,0
2026-05-09 16:01:32,1,1,1,2430.9,0,-27.5,-1123,2156,0,0.00,0.00,0,0,0.00,0.00,0
2026-05-09 16:01:32,1,1,1,2430.9,0,-27.5,-1123,2156,0,0.00,0.00,0,0,0.00,0.00,0
2026-05-09 16:01:32,1,1,1,2312.6,0,-26.1,-1019,2076,0,0.00,0.00,0,0,0.00,0.00,0
2026-05-09 16:01:32,1,1,1,2201.0,0,-25.1,-934,1993,0,0.00,0.00,0,0,0.00,0.00,0
2026-05-09 16:01:32,1,1,1,2201.0,0,-25.1,-934,1993,0,0.00,0.00,0,0,0.00,0.00,0
2026-05-09 16:01:32,1,1,1,2106.4,0,-24.2,-862,1922,0,0.00,0.00,0,0,0.00,0.00,0
2026-05-09 16:01:32,1,1,1,2106.4,0,-24.2,-862,1922,0,0.00,0.00,0,0,0.00,0.00,0
2026-05-09 16:01:42,1,1,1,932.5,0,-20.4,-325,874,0,0.00,0.00,0,1,1.02,0.00,1856
2026-05-09 16:01:42,1,1,1,933.5,0,-20.6,-328,874,0,0.00,0.00,0,1,1.02,0.00,1856
2026-05-09 16:01:42,1,1,1,933.5,0,-20.6,-328,874,0,0.00,0.00,0,1,1.02,0.00,3917
2026-05-09 16:01:42,1,1,1,936.1,0,-20.6,-330,876,0,0.00,0.00,0,1,1.02,0.00,3917
2026-05-09 16:01:42,1,1,1,936.1,0,-20.6,-330,876,0,0.00,0.00,0,1,1.02,0.00,2626
2026-05-09 16:01:42,1,1,1,939.6,0,-20.7,-332,879,0,0.00,0.00,0,1,1.02,0.00,2626
2026-05-09 16:01:42,1,1,1,939.6,0,-20.7,-332,879,0,0.00,0.00,0,1,1.02,0.00,720
2026-05-09 16:01:42,1,1,1,944.1,0,-20.7,-334,883,0,0.00,0.00,0,1,1.02,0.00,720
2026-05-09 16:01:43,1,1,1,948.2,0,-20.7,-335,887,0,0.00,0.00,0,1,1.02,0.00,720
2026-05-09 16:01:43,1,1,1,948.2,0,-20.7,-335,887,0,0.00,0.00,0,1,1.02,0.00,720
2026-05-09 16:01:43,1,1,1,951.4,0,-20.9,-339,889,0,0.00,0.00,0,1,1.02,0.00,720
2026-05-09 16:01:43,1,1,1,951.4,0,-20.9,-339,889,0,0.00,0.00,0,1,1.02,0.00,720
2026-05-09 16:01:43,1,1,1,955.5,0,-21.2,-345,891,0,0.00,0.00,0,1,1.02,0.00,720
2026-05-09 16:01:43,1,1,1,955.5,0,-21.2,-345,891,0,0.00,0.00,0,1,1.02,0.00,720
2026-05-09 16:01:43,1,1,1,959.3,0,-21.6,-353,892,0,0.00,0.00,0,1,1.02,0.00,720
2026-05-09 16:01:43,1,1,1,962.5,0,-21.9,-359,893,0,0.00,0.00,0,1,1.02,0.00,720
2026-05-09 16:01:43,1,1,1,962.5,0,-21.9,-359,893,0,0.00,0.00,0,1,1.02,0.01,433
2026-05-09 16:01:43,1,1,1,964.1,0,-22.0,-361,894,0,0.00,0.00,0,1,1.02,0.01,433
2026-05-09 16:01:43,1,1,1,964.1,0,-22.0,-361,894,0,0.00,0.00,0,1,1.03,0.00,929
2026-05-09 16:01:43,1,1,1,966.4,0,-22.0,-362,896,0,0.00,0.00,0,1,1.03,0.00,929
2026-05-09 16:01:43,1,1,1,966.4,0,-22.0,-362,896,0,0.00,0.00,0,1,1.03,0.00,929
2026-05-09 16:01:43,1,1,1,965.6,0,-21.9,-360,896,0,0.00,0.00,0,1,1.03,0.00,929
2026-05-09 16:01:43,1,1,1,965.6,0,-21.9,-360,896,0,0.00,0.00,0,1,1.03,0.00,7225
2026-05-09 16:01:43,1,1,1,964.7,0,-21.9,-360,895,0,0.00,0.00,0,1,1.03,0.00,7225
2026-05-09 16:01:43,1,1,1,962.5,0,-21.9,-359,893,1,1.03,0.00,4498,1,1.03,0.00,4498
2026-05-09 16:01:43,1,1,1,962.5,0,-21.9,-359,893,1,1.03,0.00,4498,1,1.03,0.00,4498
2026-05-09 16:01:43,1,1,1,963.2,0,-21.7,-356,895,1,1.02,0.00,941,1,1.02,0.00,941
2026-05-09 16:01:43,1,1,1,963.2,0,-21.7,-356,895,1,1.02,0.00,941,1,1.02,0.00,941
2026-05-09 16:01:44,1,1,1,964.7,0,-21.6,-355,897,1,1.02,0.00,1649,1,1.02,0.00,1649
2026-05-09 16:01:44,1,1,1,964.7,0,-21.6,-355,897,1,1.02,0.00,1649,1,1.02,0.00,1649
2026-05-09 16:01:44,1,1,1,966.7,0,-21.7,-358,898,1,1.03,0.00,12037,1,1.03,0.00,12037
2026-05-09 16:01:44,1,1,1,968.6,0,-21.7,-358,900,1,1.03,0.00,12037,1,1.03,0.00,12037
2026-05-09 16:01:44,1,1,1,968.6,0,-21.7,-358,900,1,1.03,0.00,2740,1,1.03,0.00,2740
2026-05-09 16:01:44,1,1,1,971.0,0,-21.6,-357,903,1,1.03,0.00,2740,1,1.03,0.00,2740
2026-05-09 16:01:44,1,1,1,971.0,0,-21.6,-357,903,1,1.03,0.00,2740,1,1.03,0.00,2740
2026-05-09 16:01:44,1,1,1,972.7,0,-21.3,-354,906,1,1.03,0.00,2740,1,1.03,0.00,2740
2026-05-09 16:01:44,1,1,1,972.7,0,-21.3,-354,906,1,1.02,0.00,32474,1,1.02,0.00,32474
2026-05-09 16:01:44,1,1,1,974.8,0,-21.2,-352,909,1,1.02,0.00,32474,1,1.02,0.00,32474
2026-05-09 16:01:44,1,1,1,974.8,0,-21.2,-352,909,1,1.01,-0.04,56473,1,1.01,-0.04,56473
2026-05-09 16:01:44,1,1,1,977.6,0,-21.1,-352,912,1,1.01,-0.04,56473,1,1.01,-0.04,56473
2026-05-09 16:01:44,1,1,1,980.0,0,-21.0,-351,915,1,1.01,-0.03,26578,1,1.01,-0.03,26578
2026-05-09 16:01:44,1,1,1,980.0,0,-21.0,-351,915,1,1.01,-0.03,26578,1,1.01,-0.03,26578
2026-05-09 16:01:44,1,1,1,982.0,8,-21.1,-354,916,1,1.01,-0.02,30089,1,1.01,-0.02,30089
2026-05-09 16:01:44,1,1,1,982.0,8,-21.1,-354,916,1,1.01,-0.02,30089,1,1.01,-0.02,30089
2026-05-09 16:01:44,1,1,1,984.3,0,-21.1,-355,918,1,1.01,-0.02,30089,1,1.01,-0.02,30089
2026-05-09 16:01:44,1,1,1,984.3,0,-21.1,-355,918,1,1.01,-0.02,30089,1,1.01,-0.02,30089
2026-05-09 16:01:44,1,1,1,987.0,8,-21.1,-355,921,1,1.01,-0.02,30089,1,1.01,-0.02,30089
2026-05-09 16:01:44,1,1,1,990.4,0,-21.3,-359,923,1,1.01,-0.02,30089,1,1.01,-0.02,30089
2026-05-09 16:01:45,1,1,1,990.4,0,-21.3,-359,923,1,1.01,-0.02,30089,1,1.01,-0.02,30089
2026-05-09 16:01:45,1,1,1,992.9,0,-21.3,-361,925,1,1.01,-0.02,30089,1,1.01,-0.02,30089
2026-05-09 16:01:45,1,1,1,992.9,0,-21.3,-361,925,1,1.01,-0.02,30089,1,1.01,-0.02,30089
2026-05-09 16:01:45,1,1,1,995.2,0,-21.3,-362,927,1,1.01,-0.02,30089,1,1.01,-0.02,30089
2026-05-09 16:01:45,1,1,1,995.2,0,-21.3,-362,927,1,1.01,-0.02,30089,1,1.01,-0.02,30089
2026-05-09 16:01:45,1,1,1,995.2,0,-21.3,-362,927,1,1.01,-0.02,30089,1,1.01,-0.02,30089
2026-05-09 16:01:45,1,1,1,995.2,0,-21.3,-362,927,1,1.01,-0.02,30089,1,1.01,-0.02,30089
2026-05-09 16:01:45,1,1,1,995.3,-8,-21.5,-365,926,1,1.01,-0.02,30089,1,1.01,-0.02,30089
2026-05-09 16:01:45,1,1,1,996.3,0,-21.5,-365,927,1,1.00,0.03,61741,1,1.00,0.03,61741
2026-05-09 16:01:45,1,1,1,996.3,0,-21.5,-365,927,1,1.00,0.03,61741,1,1.00,0.03,61741
2026-05-09 16:01:45,1,1,1,996.8,0,-21.4,-364,928,1,1.00,0.06,6048,1,1.00,0.06,6048
2026-05-09 16:01:45,1,1,1,996.8,0,-21.4,-364,928,1,1.00,0.06,6048,1,1.00,0.06,6048
2026-05-09 16:01:45,1,1,1,997.4,8,-21.3,-363,929,1,1.01,0.04,46930,1,1.01,0.04,46930
2026-05-09 16:01:45,1,1,1,997.4,8,-21.3,-363,929,1,1.01,0.04,46930,1,1.01,0.04,46930
2026-05-09 16:01:45,1,1,1,998.9,0,-21.2,-362,931,1,1.02,0.09,9988,1,1.02,0.09,9988
2026-05-09 16:01:45,1,1,1,1000.0,0,-21.1,-360,933,1,1.02,0.09,9988,1,1.02,0.09,9988
2026-05-09 16:01:45,1,1,1,1000.0,0,-21.1,-360,933,1,1.03,0.08,4658,1,1.03,0.08,4658
2026-05-09 16:01:45,1,1,1,1000.1,-8,-20.8,-355,935,1,1.03,0.08,4658,1,1.03,0.08,4658
2026-05-09 16:01:45,1,1,1,1000.1,-8,-20.8,-355,935,1,1.04,0.06,19765,1,1.04,0.06,19765
2026-05-09 16:01:45,1,1,1,1002.6,0,-20.7,-354,938,1,1.04,0.06,19765,1,1.04,0.06,19765
2026-05-09 16:01:46,1,1,1,1002.6,0,-20.7,-354,938,1,1.04,0.05,28853,1,1.04,0.05,28853
2026-05-09 16:01:46,1,1,1,1004.3,0,-20.5,-351,941,1,1.04,0.05,28853,1,1.04,0.05,28853
2026-05-09 16:01:46,1,1,1,1004.3,0,-20.5,-351,941,1,1.04,0.04,15229,1,1.04,0.04,15229
2026-05-09 16:01:46,1,1,1,1005.6,0,-20.5,-352,942,1,1.04,0.04,15229,1,1.04,0.04,15229
2026-05-09 16:01:46,1,1,1,1005.5,0,-20.3,-349,943,1,1.04,0.03,30589,1,1.04,0.03,30589
2026-05-09 16:01:46,1,1,1,1005.5,0,-20.3,-349,943,1,1.04,0.03,30589,1,1.04,0.03,30589
2026-05-09 16:01:46,1,1,1,1006.1,0,-20.2,-348,944,1,1.04,0.03,30589,1,1.04,0.03,30589
2026-05-09 16:01:46,1,1,1,1006.1,0,-20.2,-348,944,1,1.04,0.03,30589,1,1.04,0.03,30589
2026-05-09 16:01:46,1,1,1,1007.0,0,-20.2,-348,945,1,1.04,0.02,5834,1,1.04,0.02,5834
2026-05-09 16:01:46,1,1,1,1007.0,0,-20.2,-348,945,1,1.04,0.02,5834,1,1.04,0.02,5834
2026-05-09 16:01:46,1,1,1,1008.3,0,-20.3,-349,946,1,1.05,0.02,44585,1,1.05,0.02,44585
2026-05-09 16:01:46,1,1,1,1008.3,0,-20.3,-349,946,1,1.05,0.02,44585,1,1.05,0.02,44585
2026-05-09 16:01:46,1,1,1,1008.6,0,-20.1,-347,947,1,1.04,0.01,19796,1,1.04,0.01,19796
2026-05-09 16:01:46,1,1,1,1009.1,0,-19.9,-343,949,1,1.04,0.01,19796,1,1.04,0.01,19796
2026-05-09 16:01:46,1,1,1,1009.1,0,-19.9,-343,949,1,1.05,0.01,19796,1,1.05,0.01,19796
2026-05-09 16:01:46,1,1,1,1012.2,0,-19.7,-341,953,1,1.05,0.01,19796,1,1.05,0.01,19796
2026-05-09 16:01:46,1,1,1,1012.2,0,-19.7,-341,953,1,1.04,0.01,9873,1,1.04,0.01,9873
2026-05-09 16:01:46,1,1,1,1016.2,0,-19.3,-336,959,1,1.04,0.01,9873,1,1.04,0.01,9873
2026-05-09 16:01:46,1,1,1,1016.2,0,-19.3,-336,959,1,1.04,0.01,4100,1,1.04,0.01,4100
2026-05-09 16:01:46,1,1,1,1016.4,0,-19.2,-334,960,1,1.04,0.01,4100,1,1.04,0.01,4100
2026-05-09 16:01:47,1,1,1,1013.6,0,-19.2,-334,957,1,1.07,0.02,1405,1,1.07,0.02,1405
2026-05-09 16:01:47,1,1,1,1013.6,0,-19.2,-334,957,1,1.07,0.02,1405,1,1.07,0.02,1405
2026-05-09 16:01:47,1,1,1,1013.4,0,-19.5,-339,955,1,1.06,0.01,3226,1,1.06,0.01,3226
2026-05-09 16:01:47,1,1,1,1013.4,0,-19.5,-339,955,1,1.06,0.01,3226,1,1.06,0.01,3226
2026-05-09 16:01:47,1,1,1,1013.8,0,-19.8,-343,954,1,1.06,0.01,3600,1,1.06,0.01,3600
2026-05-09 16:01:47,1,1,1,1013.8,0,-19.8,-343,954,1,1.06,0.01,3600,1,1.06,0.01,3600
2026-05-09 16:01:47,1,1,1,1015.1,0,-20.0,-347,954,1,1.06,0.00,818,1,1.06,0.00,818
2026-05-09 16:01:47,1,1,1,1015.1,0,-20.0,-347,954,1,1.06,0.00,818,1,1.06,0.00,818
2026-05-09 16:01:47,1,1,1,1019.7,0,-20.2,-352,957,1,1.06,0.00,818,1,1.06,0.00,818
2026-05-09 16:01:47,1,1,1,1024.5,0,-20.3,-355,961,1,1.06,0.00,818,1,1.06,0.00,818
2026-05-09 16:01:47,1,1,1,1024.5,0,-20.3,-355,961,1,1.08,0.01,2165,1,1.08,0.01,2165
2026-05-09 16:01:47,1,1,1,1029.9,0,-20.3,-357,966,0,0.00,0.00,0,1,1.08,0.01,2165
2026-05-09 16:01:47,1,1,1,1029.9,0,-20.3,-357,966,0,0.00,0.00,0,1,1.08,0.01,2165
2026-05-09 16:01:47,1,1,1,1031.8,0,-20.4,-360,967,0,0.00,0.00,0,1,1.08,0.01,2165
2026-05-09 16:01:47,1,1,1,1031.8,0,-20.4,-360,967,0,0.00,0.00,0,1,1.07,0.01,2138
2026-05-09 16:01:47,1,1,1,1033.2,0,-20.6,-364,967,0,0.00,0.00,0,1,1.07,0.01,2138
2026-05-09 16:01:47,1,1,1,1034.7,0,-20.8,-368,967,0,0.00,0.00,0,1,1.09,0.02,416
2026-05-09 16:01:47,1,1,1,1034.7,0,-20.8,-368,967,0,0.00,0.00,0,1,1.09,0.02,416
2026-05-09 16:01:47,1,1,1,1036.7,0,-21.0,-371,968,0,0.00,0.00,0,1,1.09,0.01,10330
2026-05-09 16:01:47,1,1,1,1036.7,0,-21.0,-371,968,0,0.00,0.00,0,1,1.09,0.01,10330
2026-05-09 16:01:48,1,1,1,1039.2,0,-21.0,-373,970,1,1.08,0.00,3218,1,1.08,0.00,3218
2026-05-09 16:01:48,1,1,1,1039.2,0,-21.0,-373,970,1,1.08,0.00,3218,1,1.08,0.00,3218
2026-05-09 16:01:48,1,1,1,1041.5,0,-21.0,-374,972,1,1.10,0.01,565,1,1.10,0.01,565
2026-05-09 16:01:48,1,1,1,1041.5,0,-21.0,-374,972,1,1.10,0.01,565,1,1.10,0.01,565
2026-05-09 16:01:48,1,1,1,1044.3,0,-21.0,-374,975,1,1.12,0.02,370,1,1.12,0.02,370
2026-05-09 16:01:48,1,1,1,1045.6,0,-21.0,-375,976,1,1.12,0.02,370,1,1.12,0.02,370
2026-05-09 16:01:48,1,1,1,1045.6,0,-21.0,-375,976,1,1.11,0.01,2693,1,1.11,0.01,2693
2026-05-09 16:01:48,1,1,1,1045.0,0,-21.1,-376,975,0,0.00,0.00,0,1,1.11,0.01,2693
2026-05-09 16:01:48,1,1,1,1045.0,0,-21.1,-376,975,0,0.00,0.00,0,1,1.11,0.01,5458
2026-05-09 16:01:48,1,1,1,1048.5,0,-21.1,-378,978,0,0.00,0.00,0,1,1.11,0.01,5458
2026-05-09 16:01:48,1,1,1,1048.5,0,-21.1,-378,978,0,0.00,0.00,0,1,1.10,0.00,1481
2026-05-09 16:01:48,1,1,1,1050.2,0,-20.9,-375,981,0,0.00,0.00,0,1,1.10,0.00,1481
2026-05-09 16:01:48,1,1,1,1048.9,0,-20.9,-374,980,0,0.00,0.00,0,1,1.09,0.00,2917
2026-05-09 16:01:48,1,1,1,1048.9,0,-20.9,-374,980,0,0.00,0.00,0,1,1.09,0.00,2917
2026-05-09 16:01:48,1,1,1,1044.8,0,-20.9,-373,976,0,0.00,0.00,0,1,1.09,0.00,3757
2026-05-09 16:01:48,1,1,1,1044.8,0,-20.9,-373,976,0,0.00,0.00,0,1,1.09,0.00,3757
2026-05-09 16:01:48,1,1,1,1042.0,0,-21.0,-373,973,1,1.08,0.00,5570,1,1.08,0.00,5570
2026-05-09 16:01:48,1,1,1,1042.0,0,-21.0,-373,973,1,1.08,0.00,5570,1,1.08,0.00,5570
2026-05-09 16:01:48,1,1,1,1043.1,0,-21.1,-376,973,1,1.08,0.00,5570,1,1.08,0.00,5570
2026-05-09 16:01:48,1,1,1,1043.1,0,-21.1,-376,973,1,1.08,0.00,5570,1,1.08,0.00,5570
2026-05-09 16:01:49,1,1,1,1042.9,0,-21.3,-378,972,1,1.10,0.00,1325,1,1.10,0.00,1325
2026-05-09 16:01:49,1,1,1,1044.0,0,-21.4,-381,972,1,1.10,0.00,1325,1,1.10,0.00,1325
2026-05-09 16:01:49,1,1,1,1044.0,0,-21.4,-381,972,1,1.09,0.00,757,1,1.09,0.00,757
2026-05-09 16:01:49,1,1,1,1045.1,0,-21.6,-384,972,1,1.09,0.00,757,1,1.09,0.00,757
2026-05-09 16:01:49,1,1,1,1045.1,0,-21.6,-384,972,1,1.08,0.00,4520,1,1.08,0.00,4520
2026-05-09 16:01:49,1,1,1,1045.3,0,-21.7,-387,971,1,1.08,0.00,4520,1,1.08,0.00,4520
2026-05-09 16:01:49,1,1,1,1045.3,0,-21.7,-387,971,1,1.10,0.00,1940,1,1.10,0.00,1940
2026-05-09 16:01:49,1,1,1,1045.5,0,-21.9,-390,970,1,1.10,0.00,1940,1,1.10,0.00,1940
2026-05-09 16:01:49,1,1,1,1047.7,0,-22.2,-396,970,1,1.13,0.02,1082,1,1.13,0.02,1082
2026-05-09 16:01:49,1,1,1,1047.7,0,-22.2,-396,970,1,1.13,0.02,1082,1,1.13,0.02,1082
2026-05-09 16:01:49,1,1,1,1049.8,0,-22.3,-399,971,1,1.14,0.03,2594,1,1.14,0.03,2594
2026-05-09 16:01:49,1,1,1,1049.8,0,-22.3,-399,971,0,0.00,0.00,0,1,1.14,0.03,2594
2026-05-09 16:01:49,1,1,1,1051.1,0,-22.4,-400,972,0,0.00,0.00,0,1,1.13,0.02,1097
2026-05-09 16:01:49,1,1,1,1051.1,0,-22.4,-400,972,0,0.00,0.00,0,1,1.13,0.02,1097
2026-05-09 16:01:49,1,1,1,1051.3,0,-22.5,-403,971,0,0.00,0.00,0,1,1.13,0.01,3730
2026-05-09 16:01:49,1,1,1,1051.3,0,-22.5,-403,971,0,0.00,0.00,0,1,1.13,0.01,3730
2026-05-09 16:01:49,1,1,1,1051.3,0,-22.5,-403,971,0,0.00,0.00,0,1,1.12,0.00,1666
2026-05-09 16:01:49,1,1,1,1053.0,0,-22.6,-405,972,0,0.00,0.00,0,1,1.12,0.00,1666
2026-05-09 16:01:49,1,1,1,1053.0,0,-22.6,-405,972,0,0.00,0.00,0,1,1.12,0.00,1666
2026-05-09 16:01:49,1,1,1,1056.4,0,-22.8,-409,974,0,0.00,0.00,0,1,1.12,0.00,1666
2026-05-09 16:01:50,1,1,1,1056.4,0,-22.8,-409,974,0,0.00,0.00,0,1,1.12,0.00,1666
2026-05-09 16:01:50,1,1,1,1058.6,0,-22.8,-410,976,0,0.00,0.00,0,1,1.12,0.00,1666
2026-05-09 16:01:50,1,1,1,1058.6,0,-22.8,-410,976,0,0.00,0.00,0,1,1.12,0.00,1666
2026-05-09 16:01:50,1,1,1,1061.8,0,-22.8,-411,979,0,0.00,0.00,0,1,1.12,0.00,1666
2026-05-09 16:01:50,1,1,1,1060.2,0,-23.0,-414,976,0,0.00,0.00,0,1,1.04,0.00,200
2026-05-09 16:01:50,1,1,1,1060.2,0,-23.0,-414,976,0,0.00,0.00,0,1,1.04,0.00,200
2026-05-09 16:01:50,1,1,1,1061.6,-8,-23.3,-420,975,0,0.00,0.00,0,1,1.04,0.00,200
2026-05-09 16:01:50,1,1,1,1061.6,-8,-23.3,-420,975,0,0.00,0.00,0,1,1.04,0.00,200
2026-05-09 16:01:50,1,1,1,1060.6,0,-23.4,-422,973,0,0.00,0.00,0,1,1.04,0.00,200
2026-05-09 16:01:50,1,1,1,1060.6,0,-23.4,-422,973,0,0.00,0.00,0,1,1.04,0.00,200
2026-05-09 16:01:50,1,1,1,1064.8,0,-23.7,-428,975,0,0.00,0.00,0,1,1.04,0.00,200
2026-05-09 16:01:50,1,1,1,1064.8,0,-23.7,-428,975,0,0.00,0.00,0,1,1.04,0.00,200
2026-05-09 16:01:50,1,1,1,1066.5,0,-23.8,-430,976,0,0.00,0.00,0,1,1.24,0.00,3089
2026-05-09 16:01:50,1,1,1,1066.5,0,-23.8,-430,976,0,0.00,0.00,0,1,1.24,0.00,3089
2026-05-09 16:01:50,1,1,1,1066.5,0,-23.8,-430,976,1,1.24,0.00,3089,1,1.24,0.00,3089
2026-05-09 16:01:50,1,1,1,1066.8,0,-23.9,-433,975,1,1.24,0.00,3089,1,1.24,0.00,3089
2026-05-09 16:01:50,1,1,1,1066.8,0,-23.9,-433,975,1,1.24,0.00,1781,1,1.24,0.00,1781
2026-05-09 16:01:50,1,1,1,1066.0,0,-23.8,-431,975,1,1.24,0.00,1781,1,1.24,0.00,1781
2026-05-09 16:01:50,1,1,1,1066.0,0,-23.8,-431,975,1,1.17,0.00,1453,1,1.17,0.00,1453
2026-05-09 16:01:50,1,1,1,1066.9,0,-23.8,-431,976,1,1.17,0.00,1453,1,1.17,0.00,1453
2026-05-09 16:01:51,1,1,1,1066.9,0,-23.8,-431,976,1,1.15,0.00,2740,1,1.15,0.00,2740
2026-05-09 16:01:51,1,1,1,1067.3,0,-23.9,-432,976,0,0.00,0.00,0,1,1.15,0.00,2740
2026-05-09 16:01:51,1,1,1,1068.2,0,-23.9,-432,977,0,0.00,0.00,0,1,1.14,0.00,1508
2026-05-09 16:01:51,1,1,1,1068.2,0,-23.9,-432,977,0,0.00,0.00,0,1,1.14,0.00,1508
2026-05-09 16:01:51,1,1,1,1067.8,0,-23.8,-431,977,0,0.00,0.00,0,1,1.16,0.00,466
2026-05-09 16:01:51,1,1,1,1067.8,0,-23.8,-431,977,0,0.00,0.00,0,1,1.16,0.00,466
2026-05-09 16:01:51,1,1,1,1068.9,0,-23.7,-429,979,0,0.00,0.00,0,1,1.16,0.00,466
2026-05-09 16:01:51,1,1,1,1068.9,0,-23.7,-429,979,0,0.00,0.00,0,1,1.16,0.00,466
2026-05-09 16:01:51,1,1,1,1070.6,0,-23.7,-431,980,0,0.00,0.00,0,1,1.16,0.00,466
2026-05-09 16:01:51,1,1,1,1074.4,0,-23.9,-436,982,0,0.00,0.00,0,1,1.16,0.00,466
2026-05-09 16:01:51,1,1,1,1074.4,0,-23.9,-436,982,0,0.00,0.00,0,1,1.16,0.00,466
2026-05-09 16:01:51,1,1,1,1074.7,0,-24.1,-439,981,0,0.00,0.00,0,1,1.16,0.00,466
2026-05-09 16:01:51,1,1,1,1074.7,0,-24.1,-439,981,0,0.00,0.00,0,1,1.16,0.00,466
2026-05-09 16:01:51,1,1,1,1075.1,0,-24.3,-442,980,0,0.00,0.00,0,1,1.16,0.00,466
2026-05-09 16:01:51,1,1,1,1075.1,0,-24.3,-442,980,0,0.00,0.00,0,1,1.16,0.00,466
2026-05-09 16:01:51,1,1,1,1075.8,0,-24.5,-446,979,0,0.00,0.00,0,1,1.16,0.00,466
2026-05-09 16:01:51,1,1,1,1075.8,0,-24.5,-446,979,0,0.00,0.00,0,1,1.16,0.00,466
2026-05-09 16:01:51,1,1,1,1076.1,0,-24.7,-449,978,0,0.00,0.00,0,1,1.16,0.00,466
2026-05-09 16:01:51,1,1,1,1076.0,0,-24.9,-453,976,0,0.00,0.00,0,1,1.08,0.00,457
2026-05-09 16:01:51,1,1,1,1076.0,0,-24.9,-453,976,0,0.00,0.00,0,1,1.08,0.00,457
2026-05-09 16:01:52,1,1,1,1074.6,0,-25.1,-456,973,0,0.00,0.00,0,1,1.09,0.00,1522
2026-05-09 16:01:52,1,1,1,1074.6,0,-25.1,-456,973,0,0.00,0.00,0,1,1.09,0.00,1522
2026-05-09 16:01:52,1,1,1,1074.0,0,-25.3,-459,971,0,0.00,0.00,0,1,1.07,0.00,178
2026-05-09 16:01:52,1,1,1,1074.0,0,-25.3,-459,971,0,0.00,0.00,0,1,1.07,0.00,178
2026-05-09 16:01:52,1,1,1,1073.9,0,-25.5,-463,969,0,0.00,0.00,0,1,1.07,0.00,178
2026-05-09 16:01:52,1,1,1,1075.3,0,-25.6,-464,970,0,0.00,0.00,0,1,1.07,0.00,178
2026-05-09 16:01:52,1,1,1,1075.3,0,-25.6,-464,970,0,0.00,0.00,0,1,1.05,0.00,821
2026-05-09 16:01:52,1,1,1,1077.5,0,-25.7,-467,971,0,0.00,0.00,0,1,1.05,0.00,821
2026-05-09 16:01:52,1,1,1,1077.5,0,-25.7,-467,971,0,0.00,0.00,0,1,1.07,0.00,1553
2026-05-09 16:01:52,1,1,1,1079.2,0,-25.8,-469,972,0,0.00,0.00,0,1,1.07,0.00,1553
2026-05-09 16:01:52,1,1,1,1079.2,0,-25.8,-469,972,0,0.00,0.00,0,1,1.06,0.00,986
2026-05-09 16:01:52,1,1,1,1080.6,0,-25.8,-470,973,0,0.00,0.00,0,1,1.06,0.00,986
2026-05-09 16:01:52,1,1,1,1080.6,0,-25.8,-470,973,0,0.00,0.00,0,1,1.10,0.01,458
2026-05-09 16:01:52,1,1,1,1082.8,0,-25.8,-471,975,0,0.00,0.00,0,1,1.10,0.01,458
2026-05-09 16:01:52,1,1,1,1085.4,0,-26.1,-477,975,0,0.00,0.00,0,1,1.09,0.00,802
2026-05-09 16:01:52,1,1,1,1085.4,0,-26.1,-477,975,0,0.00,0.00,0,1,1.09,0.00,802
2026-05-09 16:01:52,1,1,1,1088.1,0,-26.2,-481,976,0,0.00,0.00,0,1,1.14,0.02,234
2026-05-09 16:01:52,1,1,1,1088.1,0,-26.2,-481,976,0,0.00,0.00,0,1,1.14,0.02,234
2026-05-09 16:01:52,1,1,1,1091.2,0,-26.4,-486,977,0,0.00,0.00,0,1,1.14,0.02,234
2026-05-09 16:01:52,1,1,1,1091.2,0,-26.4,-486,977,0,0.00,0.00,0,1,1.14,0.02,234
2026-05-09 16:01:53,1,1,1,1091.6,0,-26.6,-489,976,0,0.00,0.00,0,1,1.13,0.01,530
2026-05-09 16:01:53,1,1,1,1090.8,0,-26.6,-489,975,0,0.00,0.00,0,1,1.13,0.01,530
2026-05-09 16:01:53,1,1,1,1090.8,0,-26.6,-489,975,0,0.00,0.00,0,1,1.12,0.00,1186
2026-05-09 16:01:53,1,1,1,1091.7,0,-26.7,-491,975,0,0.00,0.00,0,1,1.12,0.00,1186
2026-05-09 16:01:53,1,1,1,1091.7,0,-26.7,-491,975,0,0.00,0.00,0,1,1.11,0.00,1732
2026-05-09 16:01:53,1,1,1,1091.7,0,-26.8,-493,974,0,0.00,0.00,0,1,1.11,0.00,1732
2026-05-09 16:01:53,1,1,1,1091.7,0,-26.8,-493,974,0,0.00,0.00,0,1,1.11,0.00,1170
2026-05-09 16:01:53,1,1,1,1090.8,0,-26.9,-493,973,0,0.00,0.00,0,1,1.11,0.00,1170
2026-05-09 16:01:53,1,1,1,1090.8,0,-26.9,-493,973,0,0.00,0.00,0,1,1.11,0.00,1170
2026-05-09 16:01:53,1,1,1,1091.2,0,-26.9,-494,973,0,0.00,0.00,0,1,1.11,0.00,1170
2026-05-09 16:01:53,1,1,1,1089.9,0,-26.9,-493,972,0,0.00,0.00,0,1,1.11,0.00,1170
2026-05-09 16:01:53,1,1,1,1089.9,0,-26.9,-493,972,0,0.00,0.00,0,1,1.11,0.00,1170
2026-05-09 16:01:53,1,1,1,1088.5,0,-26.9,-492,971,0,0.00,0.00,0,1,1.11,0.00,1170
2026-05-09 16:01:53,1,1,1,1088.5,0,-26.9,-492,971,0,0.00,0.00,0,1,1.11,0.00,1170
2026-05-09 16:01:53,1,1,1,1086.3,0,-26.9,-491,969,0,0.00,0.00,0,1,1.11,0.00,1170
2026-05-09 16:01:53,1,1,1,1086.3,0,-26.9,-491,969,0,0.00,0.00,0,1,1.11,0.00,1170
2026-05-09 16:01:53,1,1,1,1084.5,0,-26.9,-491,967,0,0.00,0.00,0,1,1.25,0.00,4010
2026-05-09 16:01:53,1,1,1,1083.6,0,-26.9,-491,966,0,0.00,0.00,0,1,1.25,0.00,4010
2026-05-09 16:01:53,1,1,1,1083.6,0,-26.9,-491,966,1,1.25,0.00,3365,1,1.25,0.00,3365
2026-05-09 16:01:53,1,1,1,1085.0,0,-27.0,-492,967,1,1.25,0.00,3365,1,1.25,0.00,3365
2026-05-09 16:01:54,1,1,1,1085.0,0,-27.0,-492,967,1,1.27,0.00,394,1,1.27,0.00,394
2026-05-09 16:01:54,1,1,1,1090.3,0,-26.9,-494,972,1,1.27,0.00,394,1,1.27,0.00,394
2026-05-09 16:01:54,1,1,1,1090.3,0,-26.9,-494,972,1,1.27,0.00,394,1,1.27,0.00,394
2026-05-09 16:01:54,1,1,1,1093.9,0,-26.8,-494,976,1,1.27,0.00,394,1,1.27,0.00,394
2026-05-09 16:01:54,1,1,1,1093.9,0,-26.8,-494,976,1,1.28,0.00,260,1,1.28,0.00,260
2026-05-09 16:01:54,1,1,1,1093.4,0,-26.8,-493,976,0,0.00,0.00,0,1,1.28,0.00,260
2026-05-09 16:01:54,1,1,1,1094.8,0,-26.8,-494,977,0,0.00,0.00,0,1,1.28,0.00,260
2026-05-09 16:01:54,1,1,1,1094.8,0,-26.8,-494,977,0,0.00,0.00,0,1,1.28,0.00,260
2026-05-09 16:01:54,1,1,1,1094.3,0,-26.9,-495,976,0,0.00,0.00,0,1,1.23,-0.01,1465
2026-05-09 16:01:54,1,1,1,1094.3,0,-26.9,-495,976,0,0.00,0.00,0,1,1.23,-0.01,1465
2026-05-09 16:01:54,1,1,1,1092.6,0,-26.9,-495,974,0,0.00,0.00,0,1,1.23,0.00,2125
2026-05-09 16:01:54,1,1,1,1092.6,0,-26.9,-495,974,0,0.00,0.00,0,1,1.23,0.00,2125
2026-05-09 16:01:54,1,1,1,1093.9,0,-27.1,-498,974,0,0.00,0.00,0,1,1.24,0.00,4033
2026-05-09 16:01:54,1,1,1,1094.4,0,-27.1,-499,974,0,0.00,0.00,0,1,1.24,0.00,4033
2026-05-09 16:01:54,1,1,1,1094.4,0,-27.1,-499,974,0,0.00,0.00,0,1,1.24,0.01,1930
2026-05-09 16:01:54,1,1,1,1094.4,0,-27.1,-499,974,0,0.00,0.00,0,1,1.24,0.01,1930
2026-05-09 16:01:54,1,1,1,1094.4,0,-27.1,-499,974,0,0.00,0.00,0,1,1.24,0.01,1930
2026-05-09 16:01:54,1,1,1,1093.0,0,-27.1,-498,973,0,0.00,0.00,0,1,1.24,0.01,1930
2026-05-09 16:01:54,1,1,1,1093.0,0,-27.1,-498,973,0,0.00,0.00,0,1,1.24,0.00,1697
2026-05-09 16:01:54,1,1,1,1090.8,0,-27.1,-497,971,0,0.00,0.00,0,1,1.24,0.00,1697
2026-05-09 16:01:55,1,1,1,1090.8,0,-27.1,-497,971,0,0.00,0.00,0,1,1.22,0.00,709
2026-05-09 16:01:55,1,1,1,1089.9,0,-27.1,-497,970,0,0.00,0.00,0,1,1.22,0.00,709
2026-05-09 16:01:55,1,1,1,1087.7,0,-27.1,-496,968,0,0.00,0.00,0,1,1.20,-0.01,2900
2026-05-09 16:01:55,1,1,1,1087.7,0,-27.1,-496,968,0,0.00,0.00,0,1,1.20,-0.01,2900
2026-05-09 16:01:55,1,1,1,1086.3,0,-27.1,-495,967,0,0.00,0.00,0,1,1.18,-0.01,5210
2026-05-09 16:01:55,1,1,1,1086.3,0,-27.1,-495,967,0,0.00,0.00,0,1,1.18,-0.01,5210
2026-05-09 16:01:55,1,1,1,1085.0,0,-27.1,-494,966,0,0.00,0.00,0,1,1.16,-0.01,2825
2026-05-09 16:01:55,1,1,1,1085.0,0,-27.1,-494,966,0,0.00,0.00,0,1,1.16,-0.01,2825
2026-05-09 16:01:55,1,1,1,1083.2,0,-27.0,-492,965,0,0.00,0.00,0,1,1.15,-0.01,2074
2026-05-09 16:01:55,1,1,1,1083.2,0,-27.0,-492,965,0,0.00,0.00,0,1,1.15,-0.01,2074
2026-05-09 16:01:55,1,1,1,1083.6,8,-26.9,-491,966,0,0.00,0.00,0,1,1.14,-0.01,1193
2026-05-09 16:01:55,1,1,1,1083.6,0,-26.8,-489,967,0,0.00,0.00,0,1,1.14,-0.01,1193
2026-05-09 16:01:55,1,1,1,1083.6,0,-26.8,-489,967,0,0.00,0.00,0,1,1.13,-0.02,656
2026-05-09 16:01:55,1,1,1,1085.4,8,-26.7,-487,970,0,0.00,0.00,0,1,1.13,-0.02,656
2026-05-09 16:01:55,1,1,1,1085.4,8,-26.7,-487,970,0,0.00,0.00,0,1,1.13,-0.02,656
2026-05-09 16:01:55,1,1,1,1087.6,0,-26.7,-488,972,0,0.00,0.00,0,1,1.13,-0.02,656
2026-05-09 16:01:55,1,1,1,1087.6,0,-26.7,-488,972,0,0.00,0.00,0,1,1.12,-0.02,810
2026-05-09 16:01:55,1,1,1,1088.5,0,-26.9,-492,971,0,0.00,0.00,0,1,1.12,-0.02,810
2026-05-09 16:01:55,1,1,1,1085.9,0,-27.2,-496,966,0,0.00,0.00,0,1,1.12,-0.02,810
2026-05-09 16:01:55,1,1,1,1085.9,0,-27.2,-496,966,0,0.00,0.00,0,1,1.12,-0.02,810
2026-05-09 16:01:56,1,1,1,1080.7,0,-27.7,-502,957,0,0.00,0.00,0,1,1.12,-0.02,810
2026-05-09 16:01:56,1,1,1,1080.7,0,-27.7,-502,957,0,0.00,0.00,0,1,1.12,-0.02,810
2026-05-09 16:01:56,1,1,1,1077.9,0,-28.4,-513,948,0,0.00,0.00,0,1,1.12,-0.02,810
2026-05-09 16:01:56,1,1,1,1077.9,0,-28.4,-513,948,0,0.00,0.00,0,1,1.12,-0.02,810
2026-05-09 16:01:56,1,1,1,1075.7,0,-29.1,-523,940,0,0.00,0.00,0,1,1.08,0.00,666
2026-05-09 16:01:56,1,1,1,1075.7,0,-29.1,-523,940,0,0.00,0.00,0,1,1.08,0.00,666
2026-05-09 16:01:56,1,1,1,1080.0,0,-29.4,-530,941,0,0.00,0.00,0,1,1.08,0.00,1172
2026-05-09 16:01:56,1,1,1,1084.5,0,-29.4,-532,945,0,0.00,0.00,0,1,1.08,0.00,1172
2026-05-09 16:01:56,1,1,1,1084.5,0,-29.4,-532,945,0,0.00,0.00,0,1,1.08,0.00,1172
2026-05-09 16:01:56,1,1,1,1086.5,0,-29.1,-529,949,0,0.00,0.00,0,1,1.08,0.00,1172
2026-05-09 16:01:56,1,1,1,1086.5,0,-29.1,-529,949,0,0.00,0.00,0,1,1.07,0.00,3925
2026-05-09 16:01:56,1,1,1,1085.5,0,-29.0,-527,949,0,0.00,0.00,0,1,1.07,0.00,3925
2026-05-09 16:01:56,1,1,1,1085.5,0,-29.0,-527,949,1,1.07,0.00,6154,1,1.07,0.00,6154
2026-05-09 16:01:56,1,1,1,1082.1,0,-28.7,-520,949,1,1.07,0.00,6154,1,1.07,0.00,6154
2026-05-09 16:01:56,1,1,1,1080.1,0,-28.4,-514,950,1,1.07,0.00,6154,1,1.07,0.00,6154
2026-05-09 16:01:56,1,1,1,1080.1,0,-28.4,-514,950,1,1.07,0.00,6154,1,1.07,0.00,6154
2026-05-09 16:01:56,1,1,1,1076.8,0,-28.1,-507,950,1,1.06,0.00,5701,1,1.06,0.00,5701
2026-05-09 16:01:56,1,1,1,1076.8,0,-28.1,-507,950,1,1.06,0.00,5701,1,1.06,0.00,5701
2026-05-09 16:01:56,1,1,1,1075.9,0,-28.0,-505,950,1,1.07,0.00,6253,1,1.07,0.00,6253
2026-05-09 16:01:56,1,1,1,1075.9,0,-28.0,-505,950,1,1.07,0.00,6253,1,1.07,0.00,6253
2026-05-09 16:01:57,1,1,1,1076.7,0,-27.7,-501,953,1,1.07,0.00,9809,1,1.07,0.00,9809
2026-05-09 16:01:57,1,1,1,1076.7,0,-27.7,-501,953,1,1.07,0.00,9809,1,1.07,0.00,9809
2026-05-09 16:01:57,1,1,1,1076.6,0,-27.4,-495,956,1,1.06,0.00,1090,1,1.06,0.00,1090
2026-05-09 16:01:57,1,1,1,1076.9,8,-26.9,-488,960,1,1.06,0.00,1090,1,1.06,0.00,1090
2026-05-09 16:01:57,1,1,1,1076.9,8,-26.9,-488,960,1,1.06,0.00,8065,1,1.06,0.00,8065
2026-05-09 16:01:57,1,1,1,1076.9,0,-26.7,-484,962,1,1.06,0.00,8065,1,1.06,0.00,8065
2026-05-09 16:01:57,1,1,1,1076.9,0,-26.7,-484,962,1,1.05,0.00,6724,1,1.05,0.00,6724
2026-05-09 16:01:57,1,1,1,1077.8,0,-26.6,-482,964,1,1.05,0.00,6724,1,1.05,0.00,6724
2026-05-09 16:01:57,1,1,1,1077.8,0,-26.6,-482,964,1,1.05,0.00,3265,1,1.05,0.00,3265
2026-05-09 16:01:57,1,1,1,1077.8,0,-26.7,-484,963,1,1.05,0.00,3265,1,1.05,0.00,3265
2026-05-09 16:01:57,1,1,1,1079.1,0,-26.8,-487,963,1,1.05,0.00,2066,1,1.05,0.00,2066
2026-05-09 16:01:57,1,1,1,1079.1,0,-26.8,-487,963,1,1.05,0.00,2066,1,1.05,0.00,2066
2026-05-09 16:01:57,1,1,1,1076.0,0,-26.9,-486,960,1,1.07,0.01,290,1,1.07,0.01,290
2026-05-09 16:01:57,1,1,1,1076.0,0,-26.9,-486,960,1,1.07,0.01,290,1,1.07,0.01,290
2026-05-09 16:01:57,1,1,1,1075.1,0,-27.0,-488,958,1,1.08,0.01,1832,1,1.08,0.01,1832
2026-05-09 16:01:57,1,1,1,1075.1,0,-27.0,-488,958,0,0.00,0.00,0,1,1.08,0.01,1832
2026-05-09 16:01:57,1,1,1,1072.9,0,-27.0,-487,956,0,0.00,0.00,0,1,1.08,0.01,1805
2026-05-09 16:01:57,1,1,1,1072.9,0,-27.0,-487,956,0,0.00,0.00,0,1,1.08,0.01,1805
2026-05-09 16:01:57,1,1,1,1068.8,0,-26.7,-480,955,0,0.00,0.00,0,1,1.08,0.01,1805
2026-05-09 16:01:57,1,1,1,1058.4,0,-25.3,-452,957,0,0.00,0.00,0,1,1.08,0.01,1805
2026-05-09 16:01:58,1,1,1,1058.4,0,-25.3,-452,957,0,0.00,0.00,0,1,1.08,0.01,325
2026-05-09 16:01:58,1,1,1,1049.5,0,-23.8,-424,960,0,0.00,0.00,0,1,1.08,0.01,325
2026-05-09 16:01:58,1,1,1,1049.5,0,-23.8,-424,960,0,0.00,0.00,0,1,1.08,0.00,7621
2026-05-09 16:01:58,1,1,1,1044.4,0,-22.3,-397,966,0,0.00,0.00,0,1,1.08,0.00,7621
2026-05-09 16:01:58,1,1,1,1044.4,0,-22.3,-397,966,0,0.00,0.00,0,1,1.07,0.00,1985
2026-05-09 16:01:58,1,1,1,1044.7,0,-22.1,-393,968,0,0.00,0.00,0,1,1.07,0.00,1985
2026-05-09 16:01:58,1,1,1,1045.1,0,-21.9,-389,970,0,0.00,0.00,0,1,1.07,0.00,1985
2026-05-09 16:01:58,1,1,1,1045.1,0,-21.9,-389,970,0,0.00,0.00,0,1,1.07,0.00,1985
2026-05-09 16:01:58,1,1,1,1039.8,0,-21.3,-377,969,0,0.00,0.00,0,1,1.07,0.00,1985
2026-05-09 16:01:58,1,1,1,1039.8,0,-21.3,-377,969,0,0.00,0.00,0,1,1.07,0.00,1985
2026-05-09 16:01:58,1,1,1,1030.8,0,-20.7,-365,964,0,0.00,0.00,0,1,1.07,0.00,1985
2026-05-09 16:01:58,1,1,1,1030.8,0,-20.7,-365,964,0,0.00,0.00,0,1,1.07,0.00,1985
2026-05-09 16:01:58,1,1,1,1022.9,0,-20.4,-356,959,0,0.00,0.00,0,1,1.00,0.00,21325
2026-05-09 16:01:58,1,1,1,1022.9,0,-20.4,-356,959,0,0.00,0.00,0,1,1.00,0.00,21325
2026-05-09 16:01:58,1,1,1,1019.1,0,-20.3,-353,956,0,0.00,0.00,0,1,1.00,0.00,1010
2026-05-09 16:01:58,1,1,1,1016.3,0,-20.3,-353,953,0,0.00,0.00,0,1,1.00,0.00,1010
2026-05-09 16:01:58,1,1,1,1016.3,0,-20.3,-353,953,0,0.00,0.00,0,1,1.00,0.00,4157
2026-05-09 16:01:58,1,1,1,1016.6,0,-20.4,-354,953,0,0.00,0.00,0,1,1.00,0.00,4157
2026-05-09 16:01:58,1,1,1,1016.6,0,-20.4,-354,953,0,0.00,0.00,0,1,1.00,0.00,2482
2026-05-09 16:01:58,1,1,1,1018.6,0,-20.5,-357,954,0,0.00,0.00,0,1,1.00,0.00,2482
2026-05-09 16:01:59,1,1,1,1018.6,0,-20.5,-357,954,0,0.00,0.00,0,1,1.00,0.00,1125
2026-05-09 16:01:59,1,1,1,1020.5,0,-20.5,-357,956,0,0.00,0.00,0,1,1.00,0.00,1125
2026-05-09 16:01:59,1,1,1,1019.0,0,-20.1,-350,957,0,0.00,0.00,0,1,1.00,0.00,821
2026-05-09 16:01:59,1,1,1,1019.0,0,-20.1,-350,957,0,0.00,0.00,0,1,1.00,0.00,821
2026-05-09 16:01:59,1,1,1,1018.2,0,-19.8,-345,958,0,0.00,0.00,0,1,1.00,0.00,3940
2026-05-09 16:01:59,1,1,1,1018.2,0,-19.8,-345,958,0,0.00,0.00,0,1,1.00,0.00,3940
2026-05-09 16:01:59,1,1,1,1019.5,0,-19.8,-346,959,1,1.00,0.00,9010,1,1.00,0.00,9010
2026-05-09 16:01:59,1,1,1,1019.5,0,-19.8,-346,959,1,1.00,0.00,9010,1,1.00,0.00,9010
2026-05-09 16:01:59,1,1,1,1016.6,0,-19.7,-343,957,1,1.01,0.00,389,1,1.01,0.00,389
2026-05-09 16:01:59,1,1,1,1016.6,0,-19.7,-343,957,1,1.01,0.00,389,1,1.01,0.00,389
2026-05-09 16:01:59,1,1,1,1014.1,0,-19.7,-341,955,1,1.01,0.00,1530,1,1.01,0.00,1530
2026-05-09 16:01:59,1,1,1,1012.8,0,-19.8,-343,953,1,1.01,0.00,1530,1,1.01,0.00,1530
2026-05-09 16:01:59,1,1,1,1012.8,0,-19.8,-343,953,1,1.01,0.00,1105,1,1.01,0.00,1105
2026-05-09 16:01:59,1,1,1,1013.7,0,-20.3,-351,951,0,0.00,0.00,0,1,1.01,0.00,1105
2026-05-09 16:01:59,1,1,1,1013.7,0,-20.3,-351,951,0,0.00,0.00,0,1,1.01,0.00,1105
2026-05-09 16:01:59,1,1,1,1014.8,0,-20.9,-362,948,0,0.00,0.00,0,1,1.01,0.00,1105
2026-05-09 16:01:59,1,1,1,1014.8,0,-20.9,-362,948,0,0.00,0.00,0,1,1.02,0.01,641
2026-05-09 16:01:59,1,1,1,1018.9,0,-21.7,-376,947,0,0.00,0.00,0,1,1.02,0.01,641
2026-05-09 16:01:59,1,1,1,1018.9,0,-21.7,-376,947,0,0.00,0.00,0,1,1.02,0.01,641
2026-05-09 16:01:59,1,1,1,1023.6,0,-22.2,-386,948,0,0.00,0.00,0,1,1.02,0.01,641
2026-05-09 16:02:00,1,1,1,1025.1,0,-22.4,-390,948,0,0.00,0.00,0,1,1.05,0.02,250
2026-05-09 16:02:00,1,1,1,1025.1,0,-22.4,-390,948,0,0.00,0.00,0,1,1.05,0.02,250
2026-05-09 16:02:00,1,1,1,1027.3,0,-22.4,-391,950,0,0.00,0.00,0,1,1.05,0.02,1773
2026-05-09 16:02:00,1,1,1,1027.3,0,-22.4,-391,950,0,0.00,0.00,0,1,1.05,0.02,1773
2026-05-09 16:02:00,1,1,1,1029.5,0,-22.4,-392,952,0,0.00,0.00,0,1,1.05,0.01,1421
2026-05-09 16:02:00,1,1,1,1029.5,0,-22.4,-392,952,0,0.00,0.00,0,1,1.05,0.01,1421
2026-05-09 16:02:00,1,1,1,1031.8,0,-22.4,-393,954,0,0.00,0.00,0,1,1.05,0.01,3209
2026-05-09 16:02:00,1,1,1,1028.2,0,-22.3,-391,951,0,0.00,0.00,0,1,1.05,0.01,3209
2026-05-09 16:02:00,1,1,1,1028.2,0,-22.3,-391,951,0,0.00,0.00,0,1,1.05,0.00,725
2026-05-09 16:02:00,1,1,1,1026.6,0,-22.6,-394,948,0,0.00,0.00,0,1,1.05,0.00,725
2026-05-09 16:02:00,1,1,1,1026.6,0,-22.6,-394,948,0,0.00,0.00,0,1,1.05,0.00,725
2026-05-09 16:02:00,1,1,1,1026.8,0,-22.7,-397,947,0,0.00,0.00,0,1,1.05,0.00,725
2026-05-09 16:02:00,1,1,1,1026.8,0,-22.7,-397,947,0,0.00,0.00,0,1,1.05,0.00,2281
2026-05-09 16:02:00,1,1,1,1027.5,0,-23.0,-401,946,0,0.00,0.00,0,1,1.05,0.00,2281
2026-05-09 16:02:00,1,1,1,1027.5,0,-23.0,-401,946,0,0.00,0.00,0,1,1.04,0.00,1096
2026-05-09 16:02:00,1,1,1,1027.3,0,-23.1,-403,945,0,0.00,0.00,0,1,1.04,0.00,1096
2026-05-09 16:02:00,1,1,1,1025.8,0,-23.3,-406,942,0,0.00,0.00,0,1,1.07,0.01,298
2026-05-09 16:02:00,1,1,1,1025.8,0,-23.3,-406,942,0,0.00,0.00,0,1,1.07,0.01,298
2026-05-09 16:02:00,1,1,1,1028.2,0,-23.6,-412,942,0,0.00,0.00,0,1,1.06,0.01,409
2026-05-09 16:02:00,1,1,1,1028.2,0,-23.6,-412,942,0,0.00,0.00,0,1,1.06,0.01,409
2026-05-09 16:02:01,1,1,1,1032.3,0,-24.0,-420,943,0,0.00,0.00,0,1,1.06,0.00,740
2026-05-09 16:02:01,1,1,1,1032.3,0,-24.0,-420,943,0,0.00,0.00,0,1,1.06,0.00,740
2026-05-09 16:02:01,1,1,1,1037.8,0,-24.4,-429,945,0,0.00,0.00,0,1,1.06,0.01,629
2026-05-09 16:02:01,1,1,1,1040.0,0,-24.5,-432,946,0,0.00,0.00,0,1,1.06,0.01,629
2026-05-09 16:02:01,1,1,1,1040.0,0,-24.5,-432,946,0,0.00,0.00,0,1,1.06,0.00,3316
2026-05-09 16:02:01,1,1,1,1040.8,0,-24.6,-434,946,0,0.00,0.00,0,1,1.06,0.00,3316
2026-05-09 16:02:01,1,1,1,1040.8,0,-24.6,-434,946,0,0.00,0.00,0,1,1.06,0.00,1073
2026-05-09 16:02:01,1,1,1,1041.6,0,-24.7,-436,946,0,0.00,0.00,0,1,1.06,0.00,1073
2026-05-09 16:02:01,1,1,1,1041.6,0,-24.7,-436,946,0,0.00,0.00,0,1,1.05,0.00,833
2026-05-09 16:02:01,1,1,1,1043.3,0,-24.9,-440,946,0,0.00,0.00,0,1,1.05,0.00,833
2026-05-09 16:02:01,1,1,1,1043.3,0,-24.9,-440,946,0,0.00,0.00,0,1,1.05,0.00,365
2026-05-09 16:02:01,1,1,1,1044.6,0,-25.0,-441,947,0,0.00,0.00,0,1,1.05,0.00,365
2026-05-09 16:02:01,1,1,1,1049.5,0,-25.0,-444,951,0,0.00,0.00,0,1,1.07,0.01,810
2026-05-09 16:02:01,1,1,1,1049.5,0,-25.0,-444,951,0,0.00,0.00,0,1,1.07,0.01,810
2026-05-09 16:02:01,1,1,1,1052.3,0,-25.0,-444,954,0,0.00,0.00,0,1,1.07,0.01,810
2026-05-09 16:02:01,1,1,1,1052.3,0,-25.0,-444,954,0,0.00,0.00,0,1,1.07,0.01,810
2026-05-09 16:02:01,1,1,1,1056.8,0,-24.8,-444,959,0,0.00,0.00,0,1,1.07,0.01,810
2026-05-09 16:02:01,1,1,1,1056.8,0,-24.8,-444,959,0,0.00,0.00,0,1,1.07,0.01,810
2026-05-09 16:02:01,1,1,1,1056.0,0,-24.6,-440,960,0,0.00,0.00,0,1,1.07,0.01,810
2026-05-09 16:02:01,1,1,1,1052.1,0,-24.4,-435,958,0,0.00,0.00,0,1,1.07,0.01,810
2026-05-09 16:02:02,1,1,1,1052.1,0,-24.4,-435,958,0,0.00,0.00,0,1,1.25,0.00,765
2026-05-09 16:02:02,1,1,1,1046.5,0,-24.1,-428,955,0,0.00,0.00,0,1,1.25,0.00,765
2026-05-09 16:02:02,1,1,1,1046.5,0,-24.1,-428,955,0,0.00,0.00,0,1,1.25,0.00,765
2026-05-09 16:02:02,1,1,1,1047.1,0,-23.9,-425,957,0,0.00,0.00,0,1,1.25,0.00,765
2026-05-09 16:02:02,1,1,1,1047.1,0,-23.9,-425,957,0,0.00,0.00,0,1,1.25,0.00,765
2026-05-09 16:02:02,1,1,1,1049.8,0,-24.0,-427,959,0,0.00,0.00,0,1,1.25,0.00,765
2026-05-09 16:02:02,1,1,1,1049.8,0,-24.0,-427,959,0,0.00,0.00,0,1,1.25,0.00,765
2026-05-09 16:02:02,1,1,1,1051.9,0,-24.1,-430,960,0,0.00,0.00,0,1,1.25,0.00,765
2026-05-09 16:02:02,1,1,1,1056.2,8,-24.4,-436,962,0,0.00,0.00,0,1,1.25,0.00,765
2026-05-09 16:02:02,1,1,1,1056.2,8,-24.4,-436,962,0,0.00,0.00,0,1,1.25,0.00,765
2026-05-09 16:02:02,1,1,1,1058.3,-8,-24.6,-441,962,0,0.00,0.00,0,1,1.25,0.00,765
2026-05-09 16:02:02,1,1,1,1058.3,-8,-24.6,-441,962,0,0.00,0.00,0,1,1.25,0.00,765
2026-05-09 16:02:02,1,1,1,1058.9,8,-25.1,-449,959,0,0.00,0.00,0,1,1.25,0.00,765
2026-05-09 16:02:02,1,1,1,1058.9,8,-25.1,-449,959,0,0.00,0.00,0,1,1.25,0.00,765
2026-05-09 16:02:02,1,1,1,1061.5,0,-25.4,-455,959,0,0.00,0.00,0,1,1.25,0.00,765
2026-05-09 16:02:02,1,1,1,1064.1,0,-25.6,-459,960,0,0.00,0.00,0,0,0.00,0.00,0
2026-05-09 16:02:02,1,1,1,1064.1,0,-25.6,-459,960,0,0.00,0.00,0,1,1.26,0.00,458
2026-05-09 16:02:02,1,1,1,1065.4,0,-25.8,-464,959,0,0.00,0.00,0,1,1.26,0.00,458
2026-05-09 16:02:02,1,1,1,1065.4,0,-25.8,-464,959,0,0.00,0.00,0,1,1.26,0.00,458
2026-05-09 16:02:02,1,1,1,1063.1,0,-25.9,-465,956,0,0.00,0.00,0,1,1.26,0.00,458
2026-05-09 16:02:03,1,1,1,1063.1,0,-25.9,-465,956,0,0.00,0.00,0,1,1.26,0.00,458
2026-05-09 16:02:03,1,1,1,1060.8,0,-26.1,-466,953,0,0.00,0.00,0,1,1.26,0.00,458
2026-05-09 16:02:03,1,1,1,1060.8,0,-26.1,-466,953,0,0.00,0.00,0,1,1.26,0.00,458
2026-05-09 16:02:03,1,1,1,1060.3,0,-26.4,-471,950,0,0.00,0.00,0,1,1.26,0.00,458
2026-05-09 16:02:03,1,1,1,1061.2,0,-26.5,-473,950,0,0.00,0.00,0,1,1.26,0.00,458
2026-05-09 16:02:03,1,1,1,1061.2,0,-26.5,-473,950,0,0.00,0.00,0,1,1.26,0.00,458
2026-05-09 16:02:03,1,1,1,1063.5,0,-26.6,-476,951,0,0.00,0.00,0,1,1.26,0.00,458
2026-05-09 16:02:03,1,1,1,1063.5,0,-26.6,-476,951,0,0.00,0.00,0,1,1.26,0.00,458
2026-05-09 16:02:03,1,1,1,1065.3,0,-26.5,-476,953,0,0.00,0.00,0,1,1.26,0.00,458
2026-05-09 16:02:03,1,1,1,1065.3,0,-26.5,-476,953,0,0.00,0.00,0,1,1.26,0.00,458
2026-05-09 16:02:03,1,1,1,1066.2,0,-26.4,-474,955,0,0.00,0.00,0,1,1.26,0.00,458
2026-05-09 16:02:03,1,1,1,1066.6,0,-26.2,-471,957,0,0.00,0.00,0,0,0.00,0.00,0
2026-05-09 16:02:03,1,1,1,1066.6,0,-26.2,-471,957,0,0.00,0.00,0,1,1.02,0.00,1153
2026-05-09 16:02:03,1,1,1,1063.9,0,-26.2,-469,955,0,0.00,0.00,0,1,1.02,0.00,1153
2026-05-09 16:02:03,1,1,1,1063.9,0,-26.2,-469,955,0,0.00,0.00,0,1,1.03,0.00,433
2026-05-09 16:02:03,1,1,1,1062.2,0,-26.1,-467,954,0,0.00,0.00,0,1,1.03,0.00,433
2026-05-09 16:02:03,1,1,1,1062.2,0,-26.1,-467,954,0,0.00,0.00,0,1,1.04,0.00,754
2026-05-09 16:02:03,1,1,1,1060.4,0,-26.1,-467,952,0,0.00,0.00,0,1,1.04,0.00,754
2026-05-09 16:02:03,1,1,1,1060.4,0,-26.1,-467,952,0,0.00,0.00,0,1,1.04,0.00,754
2026-05-09 16:02:03,1,1,1,1058.1,0,-26.3,-468,949,0,0.00,0.00,0,1,1.04,0.00,754
2026-05-09 16:02:04,1,1,1,1058.1,0,-26.4,-470,948,0,0.00,0.00,0,1,1.05,0.00,1237
2026-05-09 16:02:04,1,1,1,1058.1,0,-26.4,-470,948,0,0.00,0.00,0,1,1.05,0.00,1237
2026-05-09 16:02:04,1,1,1,1055.4,0,-26.3,-468,946,0,0.00,0.00,0,1,1.04,0.00,541
2026-05-09 16:02:04,1,1,1,1055.4,0,-26.3,-468,946,0,0.00,0.00,0,1,1.04,0.00,541
2026-05-09 16:02:04,1,1,1,1051.9,0,-26.2,-464,944,0,0.00,0.00,0,1,1.05,0.00,82
2026-05-09 16:02:04,1,1,1,1051.9,0,-26.2,-464,944,0,0.00,0.00,0,1,1.05,0.00,82
2026-05-09 16:02:04,1,1,1,1048.3,8,-26.1,-462,941,0,0.00,0.00,0,1,1.05,0.00,82
2026-05-09 16:02:04,1,1,1,1048.3,8,-26.1,-462,941,0,0.00,0.00,0,1,1.05,0.00,82
2026-05-09 16:02:04,1,1,1,1042.5,0,-26.1,-459,936,0,0.00,0.00,0,1,1.05,0.00,1906
2026-05-09 16:02:04,1,1,1,1040.7,0,-26.0,-457,935,0,0.00,0.00,0,1,1.05,0.00,1906
2026-05-09 16:02:04,1,1,1,1040.7,0,-26.0,-457,935,0,0.00,0.00,0,1,1.05,0.00,1325
2026-05-09 16:02:04,1,1,1,1039.8,0,-26.1,-457,934,0,0.00,0.00,0,1,1.05,0.00,1325
2026-05-09 16:02:04,1,1,1,1039.8,0,-26.1,-457,934,0,0.00,0.00,0,1,1.05,0.00,1476
2026-05-09 16:02:04,1,1,1,1041.1,0,-26.1,-458,935,0,0.00,0.00,0,1,1.05,0.00,1476
2026-05-09 16:02:04,1,1,1,1041.1,0,-26.1,-458,935,0,0.00,0.00,0,1,1.05,0.00,1476
2026-05-09 16:02:04,1,1,1,1043.4,0,-26.2,-461,936,0,0.00,0.00,0,1,1.05,0.00,1476
2026-05-09 16:02:04,1,1,1,1042.9,0,-26.4,-464,934,0,0.00,0.00,0,1,1.04,0.00,692
2026-05-09 16:02:04,1,1,1,1042.9,0,-26.4,-464,934,0,0.00,0.00,0,1,1.04,0.00,692
2026-05-09 16:02:04,1,1,1,1042.5,0,-26.6,-467,932,0,0.00,0.00,0,1,1.04,0.00,692
2026-05-09 16:02:04,1,1,1,1042.5,0,-26.6,-467,932,0,0.00,0.00,0,1,1.04,0.00,692
2026-05-09 16:02:05,1,1,1,1045.2,0,-26.9,-473,932,0,0.00,0.00,0,1,1.04,0.00,650
2026-05-09 16:02:05,1,1,1,1045.2,0,-26.9,-473,932,0,0.00,0.00,0,1,1.04,0.00,650
2026-05-09 16:02:05,1,1,1,1051.0,0,-26.9,-476,937,0,0.00,0.00,0,1,1.04,0.00,650
2026-05-09 16:02:05,1,1,1,1051.0,0,-26.9,-476,937,0,0.00,0.00,0,1,1.04,0.00,650
2026-05-09 16:02:05,1,1,1,1053.2,0,-26.9,-477,939,0,0.00,0.00,0,1,1.04,0.00,650
2026-05-09 16:02:05,1,1,1,1060.4,0,-27.1,-483,944,0,0.00,0.00,0,1,1.04,0.00,650
2026-05-09 16:02:05,1,1,1,1060.4,0,-27.1,-483,944,0,0.00,0.00,0,1,1.04,0.00,650
2026-05-09 16:02:05,1,1,1,1068.5,0,-27.2,-489,950,0,0.00,0.00,0,1,1.04,0.00,650
2026-05-09 16:02:05,1,1,1,1068.5,0,-27.2,-489,950,0,0.00,0.00,0,1,1.04,0.00,650
2026-05-09 16:02:05,1,1,1,1071.2,0,-27.3,-491,952,0,0.00,0.00,0,1,1.04,0.00,650
2026-05-09 16:02:05,1,1,1,1071.2,0,-27.3,-491,952,0,0.00,0.00,0,1,1.04,0.00,650
2026-05-09 16:02:05,1,1,1,1074.3,0,-27.3,-492,955,0,0.00,0.00,0,1,1.04,0.00,650
2026-05-09 16:02:05,1,1,1,1072.0,0,-27.3,-491,953,0,0.00,0.00,0,1,1.04,0.00,650
2026-05-09 16:02:05,1,1,1,1072.0,0,-27.3,-491,953,0,0.00,0.00,0,1,1.04,0.00,650
2026-05-09 16:02:05,1,1,1,1070.7,0,-27.2,-490,952,0,0.00,0.00,0,1,1.04,0.00,650
2026-05-09 16:02:05,1,1,1,1070.7,0,-27.2,-490,952,0,0.00,0.00,0,0,0.00,0.00,0
2026-05-09 16:02:05,1,1,1,1069.8,0,-27.3,-490,951,0,0.00,0.00,0,1,1.04,0.00,3145
2026-05-09 16:02:05,1,1,1,1069.8,0,-27.3,-490,951,0,0.00,0.00,0,1,1.04,0.00,3145
2026-05-09 16:02:05,1,1,1,1066.7,0,-27.4,-491,947,1,1.04,0.00,3026,1,1.04,0.00,3026
2026-05-09 16:02:05,1,1,1,1066.7,0,-27.4,-491,947,1,1.04,0.00,3026,1,1.04,0.00,3026
2026-05-09 16:02:06,1,1,1,1064.5,0,-27.4,-490,945,1,1.04,0.00,2341,1,1.04,0.00,2341
2026-05-09 16:02:06,1,1,1,1059.6,0,-27.4,-487,941,1,1.04,0.00,2341,1,1.04,0.00,2341
2026-05-09 16:02:06,1,1,1,1059.6,0,-27.4,-487,941,1,1.03,0.00,754,1,1.03,0.00,754
2026-05-09 16:02:06,1,1,1,1056.4,0,-27.4,-486,938,1,1.03,0.00,754,1,1.03,0.00,754
2026-05-09 16:02:06,1,1,1,1056.4,0,-27.4,-486,938,1,1.03,0.00,754,1,1.03,0.00,754
2026-05-09 16:02:06,1,1,1,1053.3,0,-27.5,-487,934,0,0.00,0.00,0,1,1.03,0.00,754
2026-05-09 16:02:06,1,1,1,1053.3,0,-27.5,-487,934,0,0.00,0.00,0,1,1.03,0.00,754
2026-05-09 16:02:06,1,1,1,1053.3,0,-27.5,-487,934,0,0.00,0.00,0,1,1.03,0.00,754
2026-05-09 16:02:06,1,1,1,1053.3,0,-27.5,-487,934,0,0.00,0.00,0,1,1.03,0.00,754
2026-05-09 16:02:06,1,1,1,1053.3,0,-27.5,-487,934,0,0.00,0.00,0,1,1.03,0.00,754
2026-05-09 16:02:06,1,1,1,1054.3,-8,-27.8,-491,933,0,0.00,0.00,0,1,1.03,0.00,754
2026-05-09 16:02:06,1,1,1,1054.3,-8,-27.8,-491,933,0,0.00,0.00,0,1,1.03,0.00,754
2026-05-09 16:02:06,1,1,1,1055.2,0,-27.9,-493,933,0,0.00,0.00,0,1,1.04,0.01,225
2026-05-09 16:02:06,1,1,1,1055.2,0,-27.9,-493,933,0,0.00,0.00,0,1,1.04,0.01,225
2026-05-09 16:02:06,1,1,1,1054.4,0,-28.0,-495,931,0,0.00,0.00,0,1,1.05,0.01,2250
2026-05-09 16:02:06,1,1,1,1054.4,0,-28.0,-495,931,0,0.00,0.00,0,1,1.05,0.01,2250
2026-05-09 16:02:06,1,1,1,1055.4,0,-28.1,-497,931,0,0.00,0.00,0,1,1.05,0.00,421
2026-05-09 16:02:06,1,1,1,1053.1,0,-28.1,-496,929,0,0.00,0.00,0,1,1.05,0.00,421
2026-05-09 16:02:06,1,1,1,1053.1,0,-28.1,-496,929,0,0.00,0.00,0,1,1.05,0.00,1856
2026-05-09 16:02:06,1,1,1,1054.4,0,-28.0,-495,931,0,0.00,0.00,0,1,1.05,0.00,1856
2026-05-09 16:02:07,1,1,1,1054.4,0,-28.0,-495,931,0,0.00,0.00,0,1,1.04,0.00,1268
2026-05-09 16:02:07,1,1,1,1058.9,0,-28.0,-497,935,0,0.00,0.00,0,1,1.04,0.00,1268
2026-05-09 16:02:07,1,1,1,1058.9,0,-28.0,-497,935,0,0.00,0.00,0,1,1.04,0.00,1268
2026-05-09 16:02:07,1,1,1,1062.9,0,-27.9,-498,939,0,0.00,0.00,0,1,1.04,0.00,1268
2026-05-09 16:02:07,1,1,1,1067.8,0,-27.9,-499,944,0,0.00,0.00,0,1,1.04,0.00,1268
2026-05-09 16:02:07,1,1,1,1067.8,0,-27.9,-499,944,0,0.00,0.00,0,1,1.04,0.00,1268
2026-05-09 16:02:07,1,1,1,1077.6,0,-27.9,-505,952,0,0.00,0.00,0,1,1.04,0.00,1268
2026-05-09 16:02:07,1,1,1,1077.6,0,-27.9,-505,952,0,0.00,0.00,0,1,1.04,0.00,1268
2026-05-09 16:02:07,1,1,1,1084.4,0,-27.9,-508,958,0,0.00,0.00,0,1,1.04,0.00,1268
2026-05-09 16:02:07,1,1,1,1084.4,0,-27.9,-508,958,0,0.00,0.00,0,1,1.04,0.00,1268
2026-05-09 16:02:07,1,1,1,1086.1,0,-27.8,-506,961,0,0.00,0.00,0,1,1.04,0.00,1268
2026-05-09 16:02:07,1,1,1,1086.1,0,-27.8,-506,961,0,0.00,0.00,0,1,1.04,0.00,1268
2026-05-09 16:02:07,1,1,1,1086.5,0,-27.6,-503,963,0,0.00,0.00,0,1,1.04,0.00,1268
2026-05-09 16:02:07,1,1,1,1086.0,0,-27.7,-504,962,0,0.00,0.00,0,1,1.04,0.00,1268
2026-05-09 16:02:07,1,1,1,1086.0,0,-27.7,-504,962,0,0.00,0.00,0,1,1.07,0.00,904
2026-05-09 16:02:07,1,1,1,1084.3,0,-27.7,-504,960,0,0.00,0.00,0,1,1.07,0.00,904
2026-05-09 16:02:07,1,1,1,1084.3,0,-27.7,-504,960,0,0.00,0.00,0,1,1.07,0.00,904
2026-05-09 16:02:07,1,1,1,1081.6,0,-27.8,-504,957,0,0.00,0.00,0,1,1.07,0.00,904
2026-05-09 16:02:07,1,1,1,1081.6,0,-27.8,-504,957,0,0.00,0.00,0,1,1.07,0.00,904
2026-05-09 16:02:07,1,1,1,1082.5,0,-27.7,-504,958,0,0.00,0.00,0,1,1.07,0.00,904
2026-05-09 16:02:08,1,1,1,1083.4,0,-27.7,-504,959,0,0.00,0.00,0,1,1.07,0.00,904
2026-05-09 16:02:08,1,1,1,1083.4,0,-27.7,-504,959,0,0.00,0.00,0,1,1.07,0.00,904
2026-05-09 16:02:08,1,1,1,1083.8,0,-27.8,-505,959,0,0.00,0.00,0,1,1.07,0.00,904
2026-05-09 16:02:08,1,1,1,1083.8,0,-27.8,-505,959,0,0.00,0.00,0,1,1.07,0.00,904
2026-05-09 16:02:08,1,1,1,1084.7,0,-27.7,-505,960,0,0.00,0.00,0,1,1.02,0.00,520
2026-05-09 16:02:08,1,1,1,1084.7,0,-27.7,-505,960,0,0.00,0.00,0,1,1.02,0.00,520
2026-05-09 16:02:08,1,1,1,1084.8,0,-27.9,-507,959,0,0.00,0.00,0,1,1.02,0.00,520
2026-05-09 16:02:08,1,1,1,1084.8,0,-27.9,-507,959,0,0.00,0.00,0,1,1.02,0.00,520
2026-05-09 16:02:08,1,1,1,1085.2,0,-27.9,-508,959,0,0.00,0.00,0,1,1.02,0.00,520
2026-05-09 16:02:08,1,1,1,1089.8,0,-28.0,-512,962,0,0.00,0.00,0,1,1.02,0.00,520
2026-05-09 16:02:08,1,1,1,1089.8,0,-28.0,-512,962,0,0.00,0.00,0,1,1.02,0.00,520
2026-05-09 16:02:08,1,1,1,1092.1,0,-28.1,-515,963,0,0.00,0.00,0,1,1.02,0.00,520
2026-05-09 16:02:08,1,1,1,1092.1,0,-28.1,-515,963,0,0.00,0.00,0,1,1.02,0.00,520
2026-05-09 16:02:08,1,1,1,1093.0,0,-28.2,-517,963,0,0.00,0.00,0,1,1.02,0.00,520
2026-05-09 16:02:08,1,1,1,1093.0,0,-28.2,-517,963,0,0.00,0.00,0,1,1.05,0.00,676
2026-05-09 16:02:08,1,1,1,1093.5,0,-28.3,-518,963,0,0.00,0.00,0,1,1.05,0.00,676
2026-05-09 16:02:08,1,1,1,1093.5,0,-28.3,-518,963,0,0.00,0.00,0,1,1.04,0.00,1373
2026-05-09 16:02:08,1,1,1,1089.9,0,-28.3,-516,960,0,0.00,0.00,0,1,1.04,0.00,1373
2026-05-09 16:02:08,1,1,1,1087.2,0,-28.2,-514,958,0,0.00,0.00,0,1,1.04,0.00,1885
2026-05-09 16:02:08,1,1,1,1087.2,0,-28.2,-514,958,0,0.00,0.00,0,1,1.04,0.00,1885
2026-05-09 16:02:09,1,1,1,1083.1,0,-28.0,-509,956,0,0.00,0.00,0,1,1.04,0.00,794
2026-05-09 16:02:09,1,1,1,1083.1,0,-28.0,-509,956,0,0.00,0.00,0,1,1.04,0.00,794
2026-05-09 16:02:09,1,1,1,1080.8,0,-27.9,-506,955,0,0.00,0.00,0,1,1.04,0.00,3106
2026-05-09 16:02:09,1,1,1,1080.8,0,-27.9,-506,955,0,0.00,0.00,0,1,1.04,0.00,3106
2026-05-09 16:02:09,1,1,1,1078.1,0,-27.9,-504,953,0,0.00,0.00,0,1,1.04,0.00,577
2026-05-09 16:02:09,1,1,1,1074.9,0,-27.7,-499,952,0,0.00,0.00,0,1,1.04,0.00,577
2026-05-09 16:02:09,1,1,1,1074.9,0,-27.7,-499,952,0,0.00,0.00,0,1,1.03,0.00,2281
2026-05-09 16:02:09,1,1,1,1072.2,0,-27.6,-497,950,0,0.00,0.00,0,1,1.03,0.00,2281
2026-05-09 16:02:09,1,1,1,1072.2,0,-27.6,-497,950,0,0.00,0.00,0,1,1.03,0.00,841
2026-05-09 16:02:09,1,1,1,1069.0,0,-27.5,-494,948,0,0.00,0.00,0,1,1.03,0.00,841
2026-05-09 16:02:09,1,1,1,1069.0,0,-27.5,-494,948,0,0.00,0.00,0,1,1.04,0.00,221
2026-05-09 16:02:09,1,1,1,1066.3,0,-27.5,-492,946,0,0.00,0.00,0,1,1.04,0.00,221
2026-05-09 16:02:09,1,1,1,1066.3,0,-27.5,-492,946,0,0.00,0.00,0,1,1.04,0.00,377
2026-05-09 16:02:09,1,1,1,1064.5,0,-27.4,-490,945,0,0.00,0.00,0,1,1.04,0.00,377
2026-05-09 16:02:09,1,1,1,1064.5,0,-27.5,-492,944,0,0.00,0.00,0,1,1.04,0.00,377
2026-05-09 16:02:09,1,1,1,1064.5,0,-27.5,-492,944,0,0.00,0.00,0,1,1.04,0.00,377
2026-05-09 16:02:09,1,1,1,1064.7,0,-27.9,-498,941,0,0.00,0.00,0,1,1.04,0.00,377
2026-05-09 16:02:09,1,1,1,1064.7,0,-27.9,-498,941,0,0.00,0.00,0,1,1.04,0.00,377
2026-05-09 16:02:09,1,1,1,1064.0,0,-28.4,-506,936,0,0.00,0.00,0,1,1.04,0.00,377
2026-05-09 16:02:09,1,1,1,1064.0,0,-28.4,-506,936,0,0.00,0.00,0,1,1.04,0.00,377
2026-05-09 16:02:10,1,1,1,1064.6,0,-28.7,-511,934,0,0.00,0.00,0,1,1.04,0.01,548
2026-05-09 16:02:10,1,1,1,1063.4,0,-28.8,-512,932,0,0.00,0.00,0,1,1.04,0.01,548
2026-05-09 16:02:10,1,1,1,1063.4,0,-28.8,-512,932,0,0.00,0.00,0,1,1.04,0.01,5794
2026-05-09 16:02:10,1,1,1,1061.1,0,-28.8,-511,930,0,0.00,0.00,0,1,1.04,0.01,5794
2026-05-09 16:02:10,1,1,1,1061.1,0,-28.8,-511,930,0,0.00,0.00,0,1,1.04,0.00,1810
2026-05-09 16:02:10,1,1,1,1059.2,0,-28.6,-507,930,0,0.00,0.00,0,1,1.04,0.00,1810
2026-05-09 16:02:10,1,1,1,1059.2,0,-28.6,-507,930,0,0.00,0.00,0,1,1.04,0.00,3809
2026-05-09 16:02:10,1,1,1,1057.3,0,-28.4,-503,930,0,0.00,0.00,0,1,1.04,0.00,3809
2026-05-09 16:02:10,1,1,1,1057.3,0,-28.4,-503,930,0,0.00,0.00,0,1,1.05,0.00,520
2026-05-09 16:02:10,1,1,1,1056.4,0,-28.3,-501,930,0,0.00,0.00,0,1,1.05,0.00,520
2026-05-09 16:02:10,1,1,1,1058.1,0,-28.3,-501,932,0,0.00,0.00,0,1,1.04,0.00,1325
2026-05-09 16:02:10,1,1,1,1058.1,0,-28.3,-501,932,0,0.00,0.00,0,1,1.04,0.00,1325
2026-05-09 16:02:10,1,1,1,1058.6,0,-28.3,-502,932,0,0.00,0.00,0,1,1.04,0.00,1325
2026-05-09 16:02:10,1,1,1,1058.6,0,-28.3,-502,932,0,0.00,0.00,0,1,1.04,0.00,1325
2026-05-09 16:02:10,1,1,1,1058.1,0,-28.1,-499,933,0,0.00,0.00,0,1,1.05,0.00,738
2026-05-09 16:02:10,1,1,1,1058.1,0,-28.1,-499,933,0,0.00,0.00,0,1,1.05,0.00,738
2026-05-09 16:02:10,1,1,1,1056.6,0,-27.9,-494,934,0,0.00,0.00,0,1,1.04,0.00,340
2026-05-09 16:02:10,1,1,1,1055.7,0,-27.8,-492,934,0,0.00,0.00,0,1,1.04,0.00,340
2026-05-09 16:02:10,1,1,1,1055.7,0,-27.8,-492,934,0,0.00,0.00,0,1,1.04,0.00,340
2026-05-09 16:02:10,1,1,1,1055.6,-8,-27.7,-490,935,0,0.00,0.00,0,1,1.04,0.00,340
2026-05-09 16:02:11,1,1,1,1055.6,-8,-27.7,-490,935,0,0.00,0.00,0,1,1.05,0.00,730
2026-05-09 16:02:11,1,1,1,1054.7,0,-27.6,-488,935,0,0.00,0.00,0,1,1.05,0.00,730
2026-05-09 16:02:11,1,1,1,1054.7,0,-27.6,-488,935,0,0.00,0.00,0,1,1.04,0.00,740
2026-05-09 16:02:11,1,1,1,1054.6,0,-27.3,-484,937,0,0.00,0.00,0,1,1.04,0.00,740
2026-05-09 16:02:11,1,1,1,1054.6,0,-27.3,-484,937,0,0.00,0.00,0,1,1.04,0.00,740
2026-05-09 16:02:11,1,1,1,1052.8,0,-27.1,-480,937,0,0.00,0.00,0,1,1.04,0.00,740
2026-05-09 16:02:11,1,1,1,1053.7,0,-27.1,-480,938,0,0.00,0.00,0,1,1.07,0.01,666
2026-05-09 16:02:11,1,1,1,1053.7,0,-27.1,-480,938,0,0.00,0.00,0,1,1.07,0.01,666
2026-05-09 16:02:11,1,1,1,1056.9,0,-27.3,-485,939,0,0.00,0.00,0,1,1.08,0.01,666
2026-05-09 16:02:11,1,1,1,1056.9,0,-27.3,-485,939,0,0.00,0.00,0,1,1.08,0.01,666
2026-05-09 16:02:11,1,1,1,1057.3,0,-27.5,-488,938,0,0.00,0.00,0,1,1.08,0.01,666
2026-05-09 16:02:11,1,1,1,1057.3,0,-27.5,-488,938,0,0.00,0.00,0,1,1.08,0.01,666
2026-05-09 16:02:11,1,1,1,1056.5,0,-27.5,-488,937,0,0.00,0.00,0,1,1.08,0.01,666
2026-05-09 16:02:11,1,1,1,1055.1,0,-27.4,-485,937,0,0.00,0.00,0,1,1.08,0.01,666
2026-05-09 16:02:11,1,1,1,1055.1,0,-27.4,-485,937,0,0.00,0.00,0,1,1.07,0.00,1418
2026-05-09 16:02:11,1,1,1,1053.7,0,-27.2,-482,937,0,0.00,0.00,0,1,1.07,0.00,1418
2026-05-09 16:02:11,1,1,1,1053.7,0,-27.2,-482,937,0,0.00,0.00,0,1,1.07,0.00,1418
2026-05-09 16:02:11,1,1,1,1053.2,0,-27.2,-481,937,0,0.00,0.00,0,1,1.07,0.00,1418
2026-05-09 16:02:11,1,1,1,1053.2,0,-27.2,-481,937,0,0.00,0.00,0,1,1.06,0.00,1514
2026-05-09 16:02:11,1,1,1,1054.2,0,-27.3,-483,937,0,0.00,0.00,0,1,1.06,0.00,1514
2026-05-09 16:02:12,1,1,1,1054.2,0,-27.3,-483,937,0,0.00,0.00,0,1,1.06,0.00,1514
2026-05-09 16:02:12,1,1,1,1053.7,0,-27.3,-484,936,0,0.00,0.00,0,1,1.06,0.00,1514
2026-05-09 16:02:12,1,1,1,1055.1,0,-27.4,-485,937,0,0.00,0.00,0,1,1.07,0.00,449
2026-05-09 16:02:12,1,1,1,1055.1,0,-27.4,-485,937,0,0.00,0.00,0,1,1.07,0.00,449
2026-05-09 16:02:12,1,1,1,1052.4,0,-27.2,-481,936,0,0.00,0.00,0,1,1.06,0.00,985
2026-05-09 16:02:12,1,1,1,1052.4,0,-27.2,-481,936,0,0.00,0.00,0,1,1.06,0.00,985
2026-05-09 16:02:12,1,1,1,1053.2,0,-27.1,-479,938,0,0.00,0.00,0,1,1.06,0.00,985
2026-05-09 16:02:12,1,1,1,1053.2,0,-27.1,-479,938,0,0.00,0.00,0,1,1.06,0.00,985
2026-05-09 16:02:12,1,1,1,1053.2,0,-26.9,-477,939,0,0.00,0.00,0,1,1.06,0.00,1565
2026-05-09 16:02:12,1,1,1,1053.2,0,-26.9,-477,939,0,0.00,0.00,0,1,1.06,0.00,1565
2026-05-09 16:02:12,1,1,1,1053.2,0,-26.8,-475,940,0,0.00,0.00,0,1,1.06,0.00,890
2026-05-09 16:02:12,1,1,1,1053.6,0,-26.7,-474,941,0,0.00,0.00,0,1,1.06,0.00,890
2026-05-09 16:02:22,1,1,1,1557.3,0,-4.7,-128,1552,0,0.00,0.00,0,0,0.00,0.00,0
2026-05-09 16:02:22,1,1,1,1557.3,0,-4.7,-128,1552,0,0.00,0.00,0,0,0.00,0.00,0
2026-05-09 16:02:22,1,1,1,1547.2,0,-3.1,-83,1545,0,0.00,0.00,0,0,0.00,0.00,0
2026-05-09 16:02:22,1,1,1,1547.2,0,-3.1,-83,1545,0,0.00,0.00,0,0,0.00,0.00,0
2026-05-09 16:02:22,1,1,1,1546.7,0,-2.7,-73,1545,0,0.00,0.00,0,0,0.00,0.00,0
2026-05-09 16:02:22,1,1,1,1546.7,0,-2.7,-73,1545,0,0.00,0.00,0,0,0.00,0.00,0
2026-05-09 16:02:22,1,1,1,1550.9,0,-2.8,-77,1549,0,0.00,0.00,0,0,0.00,0.00,0
2026-05-09 16:02:22,1,1,1,1550.9,0,-2.8,-77,1549,0,0.00,0.00,0,0,0.00,0.00,0
2026-05-09 16:02:23,1,1,1,1554.2,0,-3.1,-83,1552,0,0.00,0.00,0,0,0.00,0.00,0
2026-05-09 16:02:23,1,1,1,1556.7,0,-3.4,-91,1554,0,0.00,0.00,0,0,0.00,0.00,0
2026-05-09 16:02:23,1,1,1,1556.7,0,-3.4,-91,1554,0,0.00,0.00,0,0,0.00,0.00,0
2026-05-09 16:02:23,1,1,1,1559.0,0,-3.5,-96,1556,0,0.00,0.00,0,0,0.00,0.00,0
2026-05-09 16:02:23,1,1,1,1559.0,0,-3.5,-96,1556,0,0.00,0.00,0,0,0.00,0.00,0
2026-05-09 16:02:23,1,1,1,1564.5,0,-3.8,-105,1561,0,0.00,0.00,0,0,0.00,0.00,0
2026-05-09 16:02:23,1,1,1,1564.5,0,-3.8,-105,1561,0,0.00,0.00,0,0,0.00,0.00,0
2026-05-09 16:02:23,1,1,1,1568.9,-8,-4.1,-111,1565,0,0.00,0.00,0,0,0.00,0.00,0
2026-05-09 16:02:23,1,1,1,1570.0,-8,-4.1,-112,1566,0,0.00,0.00,0,0,0.00,0.00,0
2026-05-09 16:02:23,1,1,1,1570.0,-8,-4.1,-112,1566,0,0.00,0.00,0,0,0.00,0.00,0
2026-05-09 16:02:23,1,1,1,1570.1,0,-4.2,-114,1566,0,0.00,0.00,0,1,1.81,0.92,6185
2026-05-09 16:02:23,1,1,1,1570.1,0,-4.2,-114,1566,0,0.00,0.00,0,1,1.81,0.92,6185
2026-05-09 16:02:23,1,1,1,1567.9,8,-4.1,-111,1564,1,1.80,0.45,5716,1,1.80,0.45,5716
2026-05-09 16:02:23,1,1,1,1567.9,8,-4.1,-111,1564,1,1.80,0.45,5716,1,1.80,0.45,5716
2026-05-09 16:02:23,1,1,1,1565.8,0,-4.0,-109,1562,1,1.85,0.45,5716,1,1.85,0.45,5716
2026-05-09 16:02:23,1,1,1,1565.8,0,-4.0,-109,1562,1,1.85,0.45,5716,1,1.85,0.45,5716
2026-05-09 16:02:23,1,1,1,1563.9,0,-4.0,-110,1560,1,1.85,0.45,5716,1,1.85,0.45,5716
2026-05-09 16:02:23,1,1,1,1566.9,0,-4.1,-111,1563,1,1.85,0.45,5716,1,1.85,0.45,5716
2026-05-09 16:02:23,1,1,1,1566.9,0,-4.1,-111,1563,1,1.85,0.45,5716,1,1.85,0.45,5716
2026-05-09 16:02:23,1,1,1,1567.9,0,-4.0,-110,1564,1,1.85,0.45,5716,1,1.85,0.45,5716
2026-05-09 16:02:24,1,1,1,1567.9,0,-4.0,-110,1564,1,1.54,0.00,1537,1,1.54,0.00,1537
2026-05-09 16:02:24,1,1,1,1567.9,0,-4.1,-111,1564,1,1.54,0.00,1537,1,1.54,0.00,1537
2026-05-09 16:02:24,1,1,1,1567.9,0,-4.1,-111,1564,1,1.53,0.02,2602,1,1.53,0.02,2602
2026-05-09 16:02:24,1,1,1,1567.3,0,-4.2,-116,1563,1,1.53,0.02,2602,1,1.53,0.02,2602
2026-05-09 16:02:24,1,1,1,1566.5,0,-4.4,-119,1562,1,1.54,0.01,5392,1,1.54,0.01,5392
2026-05-09 16:02:24,1,1,1,1566.5,0,-4.4,-119,1562,1,1.54,0.01,5392,1,1.54,0.01,5392
2026-05-09 16:02:24,1,1,1,1564.3,0,-4.3,-116,1560,1,1.53,0.01,5741,1,1.53,0.01,5741
2026-05-09 16:02:24,1,1,1,1564.3,0,-4.3,-116,1560,1,1.53,0.01,5741,1,1.53,0.01,5741
2026-05-09 16:02:24,1,1,1,1563.7,0,-4.0,-108,1560,1,1.53,0.00,3242,1,1.53,0.00,3242
2026-05-09 16:02:24,1,1,1,1563.7,0,-4.0,-108,1560,1,1.53,0.00,3242,1,1.53,0.00,3242
2026-05-09 16:02:24,1,1,1,1561.3,0,-3.7,-102,1558,1,1.52,0.00,1370,1,1.52,0.00,1370
2026-05-09 16:02:24,1,1,1,1561.3,0,-3.7,-102,1558,1,1.52,0.00,1370,1,1.52,0.00,1370
2026-05-09 16:02:24,1,1,1,1559.2,0,-3.7,-100,1556,1,1.52,0.00,1370,1,1.52,0.00,1370
2026-05-09 16:02:24,1,1,1,1556.9,8,-3.5,-95,1554,1,1.52,0.00,1370,1,1.52,0.00,1370
2026-05-09 16:02:24,1,1,1,1556.9,8,-3.5,-95,1554,1,1.52,0.00,1765,1,1.52,0.00,1765
2026-05-09 16:02:24,1,1,1,1552.4,0,-3.2,-86,1550,0,0.00,0.00,0,1,1.52,0.00,1765
2026-05-09 16:02:24,1,1,1,1552.4,0,-3.2,-86,1550,0,0.00,0.00,0,1,1.52,0.00,1765
2026-05-09 16:02:24,1,1,1,1547.0,0,-2.9,-78,1545,0,0.00,0.00,0,1,1.52,0.00,1765
2026-05-09 16:02:24,1,1,1,1547.0,0,-2.9,-78,1545,0,0.00,0.00,0,1,1.79,0.11,656
2026-05-09 16:02:24,1,1,1,1540.4,0,-2.5,-66,1539,0,0.00,0.00,0,1,1.79,0.11,656
2026-05-09 16:02:25,1,1,1,1533.0,0,-2.1,-55,1532,0,0.00,0.00,0,1,1.80,0.11,656
2026-05-09 16:02:25,1,1,1,1533.0,0,-2.1,-55,1532,0,0.00,0.00,0,1,1.80,0.11,656
2026-05-09 16:02:25,1,1,1,1537.5,0,-2.6,-69,1536,0,0.00,0.00,0,1,1.80,0.09,1073
2026-05-09 16:02:25,1,1,1,1537.5,0,-2.6,-69,1536,0,0.00,0.00,0,1,1.80,0.09,1073
2026-05-09 16:02:25,1,1,1,1545.2,0,-3.0,-82,1543,0,0.00,0.00,0,1,1.77,0.06,325
2026-05-09 16:02:25,1,1,1,1545.2,0,-3.0,-82,1543,0,0.00,0.00,0,1,1.77,0.06,325
2026-05-09 16:02:25,1,1,1,1549.8,0,-3.4,-93,1547,0,0.00,0.00,0,1,1.74,0.03,977
2026-05-09 16:02:25,1,1,1,1549.8,0,-3.4,-93,1547,0,0.00,0.00,0,1,1.74,0.03,977
2026-05-09 16:02:25,1,1,1,1552.2,0,-3.7,-100,1549,0,0.00,0.00,0,1,1.71,0.02,1165
2026-05-09 16:02:25,1,1,1,1554.6,8,-3.9,-105,1551,0,0.00,0.00,0,1,1.71,0.02,1165
2026-05-09 16:02:25,1,1,1,1554.6,8,-3.9,-105,1551,0,0.00,0.00,0,1,1.72,0.02,1165
2026-05-09 16:02:25,1,1,1,1555.0,0,-4.1,-111,1551,0,0.00,0.00,0,1,1.72,0.02,1165
2026-05-09 16:02:25,1,1,1,1555.0,0,-4.1,-111,1551,0,0.00,0.00,0,1,1.72,0.02,169
2026-05-09 16:02:25,1,1,1,1555.8,0,-4.5,-122,1551,0,0.00,0.00,0,1,1.72,0.02,169
2026-05-09 16:02:25,1,1,1,1555.8,0,-4.5,-122,1551,0,0.00,0.00,0,1,1.72,0.02,169
2026-05-09 16:02:25,1,1,1,1556.6,0,-4.9,-132,1551,0,0.00,0.00,0,1,1.72,0.02,169
2026-05-09 16:02:25,1,1,1,1556.6,0,-4.9,-132,1551,0,0.00,0.00,0,1,1.72,0.02,169
2026-05-09 16:02:25,1,1,1,1556.3,0,-5.2,-140,1550,0,0.00,0.00,0,1,1.72,0.02,169
2026-05-09 16:02:25,1,1,1,1555.7,0,-5.3,-144,1549,0,0.00,0.00,0,1,1.72,0.02,169
2026-05-09 16:02:25,1,1,1,1555.7,0,-5.3,-144,1549,0,0.00,0.00,0,1,1.72,0.02,169
2026-05-09 16:02:26,1,1,1,1553.5,0,-5.2,-142,1547,0,0.00,0.00,0,1,1.72,0.02,169
2026-05-09 16:02:26,1,1,1,1553.5,0,-5.2,-142,1547,0,0.00,0.00,0,1,1.72,0.02,169
2026-05-09 16:02:26,1,1,1,1552.6,0,-5.3,-143,1546,0,0.00,0.00,0,1,1.72,0.02,169
2026-05-09 16:02:26,1,1,1,1552.6,0,-5.3,-143,1546,0,0.00,0.00,0,1,1.72,0.02,169
2026-05-09 16:02:26,1,1,1,1553.0,0,-5.4,-147,1546,0,0.00,0.00,0,1,1.72,0.02,169
2026-05-09 16:02:26,1,1,1,1556.6,0,-5.7,-154,1549,0,0.00,0.00,0,1,1.72,0.02,169
2026-05-09 16:02:26,1,1,1,1556.6,0,-5.7,-154,1549,0,0.00,0.00,0,1,1.72,0.02,169
2026-05-09 16:02:26,1,1,1,1562.3,0,-5.9,-161,1554,0,0.00,0.00,0,0,0.00,0.00,0
2026-05-09 16:02:26,1,1,1,1562.3,0,-5.9,-161,1554,0,0.00,0.00,0,0,0.00,0.00,0
2026-05-09 16:02:26,1,1,1,1566.1,0,-6.2,-169,1557,0,0.00,0.00,0,0,0.00,0.00,0
2026-05-09 16:02:26,1,1,1,1566.1,0,-6.2,-169,1557,0,0.00,0.00,0,0,0.00,0.00,0
2026-05-09 16:02:26,1,1,1,1565.2,0,-6.5,-178,1555,0,0.00,0.00,0,0,0.00,0.00,0
2026-05-09 16:02:26,1,1,1,1565.2,0,-6.5,-178,1555,0,0.00,0.00,0,0,0.00,0.00,0
2026-05-09 16:02:26,1,1,1,1565.2,0,-6.9,-187,1554,0,0.00,0.00,0,0,0.00,0.00,0
2026-05-09 16:02:26,1,1,1,1565.2,0,-7.2,-195,1553,0,0.00,0.00,0,0,0.00,0.00,0
2026-05-09 16:02:26,1,1,1,1565.2,0,-7.2,-195,1553,0,0.00,0.00,0,0,0.00,0.00,0
2026-05-09 16:02:26,1,1,1,1564.4,0,-7.5,-204,1551,0,0.00,0.00,0,0,0.00,0.00,0
2026-05-09 16:02:26,1,1,1,1564.4,0,-7.5,-204,1551,0,0.00,0.00,0,0,0.00,0.00,0
2026-05-09 16:02:26,1,1,1,1564.4,0,-7.8,-212,1550,0,0.00,0.00,0,0,0.00,0.00,0
2026-05-09 16:02:26,1,1,1,1564.4,0,-7.8,-212,1550,0,0.00,0.00,0,0,0.00,0.00,0
2026-05-09 16:02:27,1,1,1,1564.5,0,-8.1,-220,1549,0,0.00,0.00,0,0,0.00,0.00,0
2026-05-09 16:02:27,1,1,1,1563.6,0,-8.3,-227,1547,0,0.00,0.00,0,0,0.00,0.00,0
2026-05-09 16:02:27,1,1,1,1563.6,0,-8.3,-227,1547,0,0.00,0.00,0,0,0.00,0.00,0
2026-05-09 16:02:27,1,1,1,1570.1,0,-8.5,-231,1553,0,0.00,0.00,0,0,0.00,0.00,0
2026-05-09 16:02:27,1,1,1,1570.1,0,-8.5,-231,1553,0,0.00,0.00,0,0,0.00,0.00,0
2026-05-09 16:02:27,1,1,1,1576.5,0,-8.5,-234,1559,0,0.00,0.00,0,0,0.00,0.00,0
2026-05-09 16:02:27,1,1,1,1576.5,0,-8.5,-234,1559,0,0.00,0.00,0,0,0.00,0.00,0
2026-05-09 16:02:27,1,1,1,1578.9,0,-8.6,-237,1561,0,0.00,0.00,0,0,0.00,0.00,0
2026-05-09 16:02:27,1,1,1,1578.9,0,-8.6,-237,1561,0,0.00,0.00,0,0,0.00,0.00,0
2026-05-09 16:02:27,1,1,1,1583.0,0,-8.6,-238,1565,0,0.00,0.00,0,0,0.00,0.00,0
2026-05-09 16:02:27,1,1,1,1588.8,0,-8.6,-237,1571,0,0.00,0.00,0,0,0.00,0.00,0
2026-05-09 16:02:27,1,1,1,1588.8,0,-8.6,-237,1571,0,0.00,0.00,0,0,0.00,0.00,0
2026-05-09 16:02:27,1,1,1,1594.6,0,-8.5,-236,1577,0,0.00,0.00,0,0,0.00,0.00,0
2026-05-09 16:02:27,1,1,1,1594.6,0,-8.5,-236,1577,0,0.00,0.00,0,0,0.00,0.00,0
2026-05-09 16:02:27,1,1,1,1593.7,0,-8.6,-237,1576,0,0.00,0.00,0,0,0.00,0.00,0
2026-05-09 16:02:27,1,1,1,1593.7,0,-8.6,-237,1576,0,0.00,0.00,0,0,0.00,0.00,0
2026-05-09 16:02:27,1,1,1,1589.9,0,-8.6,-238,1572,0,0.00,0.00,0,0,0.00,0.00,0
2026-05-09 16:02:27,1,1,1,1585.1,0,-8.7,-239,1567,0,0.00,0.00,0,0,0.00,0.00,0
2026-05-09 16:02:27,1,1,1,1585.1,0,-8.7,-239,1567,0,0.00,0.00,0,0,0.00,0.00,0
2026-05-09 16:02:27,1,1,1,1582.8,0,-8.8,-243,1564,0,0.00,0.00,0,0,0.00,0.00,0
2026-05-09 16:02:28,1,1,1,1582.8,0,-8.8,-243,1564,0,0.00,0.00,0,0,0.00,0.00,0
2026-05-09 16:02:28,1,1,1,1583.4,0,-9.0,-247,1564,0,0.00,0.00,0,0,0.00,0.00,0
2026-05-09 16:02:28,1,1,1,1583.4,0,-9.0,-247,1564,0,0.00,0.00,0,0,0.00,0.00,0
2026-05-09 16:02:28,1,1,1,1584.5,0,-9.0,-248,1565,0,0.00,0.00,0,0,0.00,0.00,0
2026-05-09 16:02:28,1,1,1,1584.5,0,-9.0,-248,1565,0,0.00,0.00,0,0,0.00,0.00,0
2026-05-09 16:02:28,1,1,1,1583.0,0,-9.1,-251,1563,0,0.00,0.00,0,0,0.00,0.00,0
2026-05-09 16:02:28,1,1,1,1585.8,0,-9.3,-256,1565,0,0.00,0.00,0,0,0.00,0.00,0
2026-05-09 16:02:28,1,1,1,1585.8,0,-9.3,-256,1565,0,0.00,0.00,0,0,0.00,0.00,0
2026-05-09 16:02:28,1,1,1,1589.1,0,-9.3,-258,1568,0,0.00,0.00,0,0,0.00,0.00,0
2026-05-09 16:02:28,1,1,1,1589.1,0,-9.3,-258,1568,0,0.00,0.00,0,0,0.00,0.00,0
2026-05-09 16:02:28,1,1,1,1591.2,0,-9.4,-259,1570,0,0.00,0.00,0,0,0.00,0.00,0
2026-05-09 16:02:28,1,1,1,1591.2,0,-9.4,-259,1570,0,0.00,0.00,0,0,0.00,0.00,0
2026-05-09 16:02:28,1,1,1,1591.5,0,-9.4,-261,1570,0,0.00,0.00,0,1,1.75,0.00,416
2026-05-09 16:02:28,1,1,1,1590.9,0,-9.5,-263,1569,0,0.00,0.00,0,1,1.75,0.00,416
2026-05-09 16:02:28,1,1,1,1590.9,0,-9.5,-263,1569,0,0.00,0.00,0,1,1.75,0.00,416
2026-05-09 16:02:28,1,1,1,1590.7,0,-9.7,-268,1568,0,0.00,0.00,0,1,1.75,0.00,416
2026-05-09 16:02:28,1,1,1,1590.7,0,-9.7,-268,1568,0,0.00,0.00,0,1,1.75,0.00,416
2026-05-09 16:02:28,1,1,1,1589.6,0,-9.9,-273,1566,0,0.00,0.00,0,1,1.75,0.00,416
2026-05-09 16:02:28,1,1,1,1589.6,0,-9.9,-273,1566,0,0.00,0.00,0,1,1.75,0.00,416
2026-05-09 16:02:28,1,1,1,1588.2,0,-10.0,-276,1564,0,0.00,0.00,0,1,1.75,0.00,416
2026-05-09 16:02:29,1,1,1,1588.2,0,-10.0,-276,1564,0,0.00,0.00,0,1,1.75,0.00,416
2026-05-09 16:02:29,1,1,1,1589.0,0,-10.0,-275,1565,0,0.00,0.00,0,1,1.75,0.00,416
2026-05-09 16:02:29,1,1,1,1591.1,0,-10.0,-276,1567,0,0.00,0.00,0,1,1.75,0.00,416
2026-05-09 16:02:29,1,1,1,1591.1,0,-10.0,-276,1567,0,0.00,0.00,0,1,1.75,0.00,416
2026-05-09 16:02:29,1,1,1,1593.6,0,-9.9,-273,1570,0,0.00,0.00,0,1,1.75,0.00,416
2026-05-09 16:02:29,1,1,1,1593.6,0,-9.9,-273,1570,0,0.00,0.00,0,1,1.75,0.00,416
2026-05-09 16:02:29,1,1,1,1598.5,0,-9.8,-273,1575,0,0.00,0.00,0,1,1.75,0.00,416
2026-05-09 16:02:29,1,1,1,1598.5,0,-9.8,-273,1575,0,0.00,0.00,0,0,0.00,0.00,0
2026-05-09 16:02:29,1,1,1,1605.2,0,-9.8,-272,1582,0,0.00,0.00,0,0,0.00,0.00,0
2026-05-09 16:02:29,1,1,1,1607.5,0,-9.6,-268,1585,0,0.00,0.00,0,0,0.00,0.00,0
2026-05-09 16:02:29,1,1,1,1607.5,0,-9.6,-268,1585,0,0.00,0.00,0,0,0.00,0.00,0
2026-05-09 16:02:29,1,1,1,1607.5,0,-9.6,-268,1585,0,0.00,0.00,0,0,0.00,0.00,0
2026-05-09 16:02:29,1,1,1,1607.5,0,-9.6,-268,1585,0,0.00,0.00,0,0,0.00,0.00,0
2026-05-09 16:02:29,1,1,1,1604.6,0,-9.8,-274,1581,0,0.00,0.00,0,0,0.00,0.00,0
2026-05-09 16:02:29,1,1,1,1604.6,0,-9.8,-274,1581,0,0.00,0.00,0,0,0.00,0.00,0
2026-05-09 16:02:29,1,1,1,1602.8,0,-10.1,-281,1578,0,0.00,0.00,0,0,0.00,0.00,0
2026-05-09 16:02:29,1,1,1,1602.8,0,-10.1,-281,1578,0,0.00,0.00,0,0,0.00,0.00,0
2026-05-09 16:02:29,1,1,1,1600.3,0,-10.4,-289,1574,0,0.00,0.00,0,0,0.00,0.00,0
2026-05-09 16:02:29,1,1,1,1595.7,0,-10.7,-296,1568,0,0.00,0.00,0,0,0.00,0.00,0
2026-05-09 16:02:29,1,1,1,1595.7,0,-10.7,-296,1568,0,0.00,0.00,0,0,0.00,0.00,0
2026-05-09 16:02:30,1,1,1,1590.9,0,-10.9,-302,1562,0,0.00,0.00,0,0,0.00,0.00,0
2026-05-09 16:02:30,1,1,1,1590.9,0,-10.9,-302,1562,0,0.00,0.00,0,0,0.00,0.00,0
2026-05-09 16:02:30,1,1,1,1587.4,0,-11.2,-309,1557,0,0.00,0.00,0,0,0.00,0.00,0
2026-05-09 16:02:30,1,1,1,1587.4,0,-11.2,-309,1557,0,0.00,0.00,0,0,0.00,0.00,0
2026-05-09 16:02:30,1,1,1,1582.7,0,-11.5,-315,1551,0,0.00,0.00,0,0,0.00,0.00,0
2026-05-09 16:02:30,1,1,1,1582.7,0,-11.5,-315,1551,0,0.00,0.00,0,0,0.00,0.00,0
2026-05-09 16:02:30,1,1,1,1584.5,0,-11.8,-324,1551,0,0.00,0.00,0,0,0.00,0.00,0
2026-05-09 16:02:30,1,1,1,1588.5,0,-12.1,-334,1553,0,0.00,0.00,0,0,0.00,0.00,0
2026-05-09 16:02:30,1,1,1,1588.5,0,-12.1,-334,1553,0,0.00,0.00,0,0,0.00,0.00,0
2026-05-09 16:02:30,1,1,1,1592.6,0,-12.5,-344,1555,0,0.00,0.00,0,0,0.00,0.00,0
2026-05-09 16:02:30,1,1,1,1592.6,0,-12.5,-344,1555,0,0.00,0.00,0,0,0.00,0.00,0
2026-05-09 16:02:30,1,1,1,1597.4,0,-12.6,-348,1559,0,0.00,0.00,0,0,0.00,0.00,0
2026-05-09 16:02:30,1,1,1,1597.4,0,-12.6,-348,1559,0,0.00,0.00,0,0,0.00,0.00,0
2026-05-09 16:02:30,1,1,1,1603.7,0,-12.6,-350,1565,0,0.00,0.00,0,0,0.00,0.00,0
2026-05-09 16:02:30,1,1,1,1610.3,0,-12.8,-358,1570,0,0.00,0.00,0,0,0.00,0.00,0
2026-05-09 16:02:30,1,1,1,1610.3,0,-12.8,-358,1570,0,0.00,0.00,0,0,0.00,0.00,0
2026-05-09 16:02:30,1,1,1,1612.5,0,-12.9,-359,1572,0,0.00,0.00,0,0,0.00,0.00,0
2026-05-09 16:02:30,1,1,1,1612.5,0,-12.9,-359,1572,0,0.00,0.00,0,0,0.00,0.00,0
2026-05-09 16:02:30,1,1,1,1611.1,0,-12.8,-357,1571,0,0.00,0.00,0,0,0.00,0.00,0
2026-05-09 16:02:30,1,1,1,1611.1,0,-12.8,-357,1571,0,0.00,0.00,0,0,0.00,0.00,0
2026-05-09 16:02:31,1,1,1,1610.2,0,-12.7,-353,1571,0,0.00,0.00,0,0,0.00,0.00,0
2026-05-09 16:02:31,1,1,1,1610.2,0,-12.7,-353,1571,0,0.00,0.00,0,0,0.00,0.00,0
2026-05-09 16:02:31,1,1,1,1608.0,0,-12.6,-352,1569,0,0.00,0.00,0,0,0.00,0.00,0
2026-05-09 16:02:31,1,1,1,1607.8,0,-12.6,-351,1569,0,0.00,0.00,0,0,0.00,0.00,0
2026-05-09 16:02:31,1,1,1,1607.8,0,-12.6,-351,1569,0,0.00,0.00,0,0,0.00,0.00,0
2026-05-09 16:02:31,1,1,1,1608.3,0,-12.5,-349,1570,0,0.00,0.00,0,0,0.00,0.00,0
2026-05-09 16:02:31,1,1,1,1608.3,0,-12.5,-349,1570,0,0.00,0.00,0,0,0.00,0.00,0
2026-05-09 16:02:31,1,1,1,1607.9,0,-12.5,-347,1570,0,0.00,0.00,0,0,0.00,0.00,0
2026-05-09 16:02:31,1,1,1,1607.9,0,-12.5,-347,1570,0,0.00,0.00,0,0,0.00,0.00,0
2026-05-09 16:02:31,1,1,1,1607.7,0,-12.4,-346,1570,0,0.00,0.00,0,0,0.00,0.00,0
2026-05-09 16:02:31,1,1,1,1607.9,0,-12.5,-347,1570,0,0.00,0.00,0,0,0.00,0.00,0
2026-05-09 16:02:31,1,1,1,1607.9,0,-12.5,-347,1570,0,0.00,0.00,0,0,0.00,0.00,0
2026-05-09 16:02:31,1,1,1,1607.7,0,-12.4,-346,1570,0,0.00,0.00,0,0,0.00,0.00,0
2026-05-09 16:02:31,1,1,1,1607.7,0,-12.4,-346,1570,0,0.00,0.00,0,0,0.00,0.00,0
2026-05-09 16:02:31,1,1,1,1606.5,0,-12.4,-345,1569,0,0.00,0.00,0,0,0.00,0.00,0
2026-05-09 16:02:31,1,1,1,1606.5,0,-12.4,-345,1569,0,0.00,0.00,0,0,0.00,0.00,0
2026-05-09 16:02:31,1,1,1,1604.5,0,-12.4,-345,1567,0,0.00,0.00,0,0,0.00,0.00,0
2026-05-09 16:02:31,1,1,1,1604.5,0,-12.4,-345,1567,0,0.00,0.00,0,0,0.00,0.00,0
2026-05-09 16:02:31,1,1,1,1604.0,0,-12.5,-347,1566,0,0.00,0.00,0,0,0.00,0.00,0
2026-05-09 16:02:31,1,1,1,1603.7,0,-12.6,-350,1565,0,0.00,0.00,0,0,0.00,0.00,0
2026-05-09 16:02:32,1,1,1,1603.7,0,-12.6,-350,1565,0,0.00,0.00,0,0,0.00,0.00,0
2026-05-09 16:02:32,1,1,1,1606.5,0,-12.7,-354,1567,0,0.00,0.00,0,0,0.00,0.00,0
2026-05-09 16:02:32,1,1,1,1606.5,0,-12.7,-354,1567,0,0.00,0.00,0,0,0.00,0.00,0
2026-05-09 16:02:32,1,1,1,1610.3,0,-12.8,-358,1570,0,0.00,0.00,0,0,0.00,0.00,0
2026-05-09 16:02:32,1,1,1,1610.3,0,-12.8,-358,1570,0,0.00,0.00,0,0,0.00,0.00,0
2026-05-09 16:02:32,1,1,1,1613.8,0,-13.1,-365,1572,0,0.00,0.00,0,0,0.00,0.00,0
2026-05-09 16:02:32,1,1,1,1615.9,0,-13.2,-370,1573,0,0.00,0.00,0,0,0.00,0.00,0
2026-05-09 16:02:32,1,1,1,1615.9,0,-13.2,-370,1573,0,0.00,0.00,0,0,0.00,0.00,0
2026-05-09 16:02:32,1,1,1,1619.0,0,-13.4,-375,1575,0,0.00,0.00,0,0,0.00,0.00,0
2026-05-09 16:02:32,1,1,1,1619.0,0,-13.4,-375,1575,0,0.00,0.00,0,0,0.00,0.00,0
2026-05-09 16:02:32,1,1,1,1623.4,0,-13.4,-377,1579,0,0.00,0.00,0,0,0.00,0.00,0
2026-05-09 16:02:32,1,1,1,1623.4,0,-13.4,-377,1579,0,0.00,0.00,0,0,0.00,0.00,0
2026-05-09 16:02:32,1,1,1,1627.7,0,-13.5,-379,1583,0,0.00,0.00,0,0,0.00,0.00,0
2026-05-09 16:02:32,1,1,1,1627.7,0,-13.5,-379,1583,0,0.00,0.00,0,0,0.00,0.00,0
2026-05-09 16:02:32,1,1,1,1633.3,0,-13.5,-382,1588,0,0.00,0.00,0,0,0.00,0.00,0
2026-05-09 16:02:32,1,1,1,1640.1,0,-13.6,-386,1594,0,0.00,0.00,0,0,0.00,0.00,0
2026-05-09 16:02:32,1,1,1,1640.1,0,-13.6,-386,1594,0,0.00,0.00,0,0,0.00,0.00,0
2026-05-09 16:02:32,1,1,1,1642.8,0,-13.6,-385,1597,0,0.00,0.00,0,0,0.00,0.00,0
2026-05-09 16:02:32,1,1,1,1642.8,0,-13.6,-385,1597,0,0.00,0.00,0,0,0.00,0.00,0
2026-05-09 16:02:32,1,1,1,1643.8,0,-13.4,-381,1599,0,0.00,0.00,0,0,0.00,0.00,0
2026-05-09 16:02:33,1,1,1,1643.8,0,-13.4,-381,1599,0,0.00,0.00,0,0,0.00,0.00,0
2026-05-09 16:02:33,1,1,1,1641.6,0,-13.4,-380,1597,0,0.00,0.00,0,0,0.00,0.00,0
2026-05-09 16:02:33,1,1,1,1640.3,0,-13.5,-383,1595,0,0.00,0.00,0,0,0.00,0.00,0
2026-05-09 16:02:33,1,1,1,1640.3,0,-13.5,-383,1595,0,0.00,0.00,0,0,0.00,0.00,0
2026-05-09 16:02:33,1,1,1,1641.8,0,-13.6,-385,1596,0,0.00,0.00,0,0,0.00,0.00,0
2026-05-09 16:02:33,1,1,1,1641.8,0,-13.6,-385,1596,0,0.00,0.00,0,0,0.00,0.00,0
2026-05-09 16:02:33,1,1,1,1641.5,0,-13.7,-388,1595,0,0.00,0.00,0,0,0.00,0.00,0
2026-05-09 16:02:33,1,1,1,1641.5,0,-13.7,-388,1595,0,0.00,0.00,0,0,0.00,0.00,0
2026-05-09 16:02:33,1,1,1,1639.6,0,-13.8,-392,1592,0,0.00,0.00,0,0,0.00,0.00,0
2026-05-09 16:02:33,1,1,1,1639.6,0,-13.8,-392,1592,0,0.00,0.00,0,0,0.00,0.00,0
2026-05-09 16:02:33,1,1,1,1639.5,0,-14.0,-396,1591,0,0.00,0.00,0,0,0.00,0.00,0
2026-05-09 16:02:33,1,1,1,1640.0,0,-14.0,-398,1591,0,0.00,0.00,0,0,0.00,0.00,0
2026-05-09 16:02:33,1,1,1,1640.0,0,-14.0,-398,1591,0,0.00,0.00,0,0,0.00,0.00,0
2026-05-09 16:02:33,1,1,1,1639.8,0,-14.0,-397,1591,0,0.00,0.00,0,0,0.00,0.00,0
2026-05-09 16:02:33,1,1,1,1639.8,0,-14.0,-397,1591,0,0.00,0.00,0,0,0.00,0.00,0
2026-05-09 16:02:33,1,1,1,1639.5,0,-14.0,-396,1591,0,0.00,0.00,0,0,0.00,0.00,0
2026-05-09 16:02:33,1,1,1,1639.5,0,-14.0,-396,1591,0,0.00,0.00,0,0,0.00,0.00,0
2026-05-09 16:02:33,1,1,1,1640.0,0,-13.9,-394,1592,0,0.00,0.00,0,0,0.00,0.00,0
2026-05-09 16:02:33,1,1,1,1638.6,0,-13.8,-392,1591,0,0.00,0.00,0,0,0.00,0.00,0
2026-05-09 16:02:33,1,1,1,1638.6,0,-13.8,-392,1591,0,0.00,0.00,0,0,0.00,0.00,0
2026-05-09 16:02:34,1,1,1,1635.9,0,-13.8,-389,1589,0,0.00,0.00,0,0,0.00,0.00,0
2026-05-09 16:02:34,1,1,1,1635.9,0,-13.8,-389,1589,0,0.00,0.00,0,0,0.00,0.00,0
2026-05-09 16:02:34,1,1,1,1631.1,0,-13.7,-385,1585,0,0.00,0.00,0,0,0.00,0.00,0
2026-05-09 16:02:34,1,1,1,1631.1,0,-13.7,-385,1585,0,0.00,0.00,0,0,0.00,0.00,0
2026-05-09 16:02:34,1,1,1,1624.6,0,-13.6,-382,1579,0,0.00,0.00,0,0,0.00,0.00,0
2026-05-09 16:02:34,1,1,1,1624.6,0,-13.6,-382,1579,0,0.00,0.00,0,0,0.00,0.00,0
2026-05-09 16:02:34,1,1,1,1619.7,0,-13.5,-378,1575,0,0.00,0.00,0,0,0.00,0.00,0
2026-05-09 16:02:34,1,1,1,1620.5,0,-13.5,-377,1576,0,0.00,0.00,0,0,0.00,0.00,0
2026-05-09 16:02:34,1,1,1,1620.5,0,-13.5,-377,1576,0,0.00,0.00,0,0,0.00,0.00,0
2026-05-09 16:02:34,1,1,1,1624.4,0,-13.4,-377,1580,0,0.00,0.00,0,0,0.00,0.00,0
2026-05-09 16:02:34,1,1,1,1624.4,0,-13.4,-377,1580,0,0.00,0.00,0,0,0.00,0.00,0
2026-05-09 16:02:34,1,1,1,1626.1,0,-13.4,-376,1582,0,0.00,0.00,0,0,0.00,0.00,0
2026-05-09 16:02:34,1,1,1,1626.1,0,-13.4,-376,1582,0,0.00,0.00,0,0,0.00,0.00,0
2026-05-09 16:02:34,1,1,1,1628.5,0,-13.3,-374,1585,0,0.00,0.00,0,0,0.00,0.00,0
2026-05-09 16:02:34,1,1,1,1628.5,0,-13.3,-374,1585,0,0.00,0.00,0,0,0.00,0.00,0
2026-05-09 16:02:34,1,1,1,1628.3,0,-13.2,-373,1585,0,0.00,0.00,0,0,0.00,0.00,0
2026-05-09 16:02:34,1,1,1,1628.1,0,-13.2,-372,1585,0,0.00,0.00,0,0,0.00,0.00,0
2026-05-09 16:02:34,1,1,1,1628.1,0,-13.2,-372,1585,0,0.00,0.00,0,0,0.00,0.00,0
2026-05-09 16:02:34,1,1,1,1628.3,0,-13.2,-373,1585,0,0.00,0.00,0,0,0.00,0.00,0
2026-05-09 16:02:34,1,1,1,1628.3,0,-13.2,-373,1585,0,0.00,0.00,0,0,0.00,0.00,0
2026-05-09 16:02:35,1,1,1,1628.3,0,-13.2,-373,1585,0,0.00,0.00,0,0,0.00,0.00,0
2026-05-09 16:02:35,1,1,1,1628.3,0,-13.2,-373,1585,0,0.00,0.00,0,0,0.00,0.00,0
2026-05-09 16:02:35,1,1,1,1630.9,0,-13.3,-376,1587,0,0.00,0.00,0,0,0.00,0.00,0
2026-05-09 16:02:35,1,1,1,1633.8,0,-13.4,-380,1589,0,0.00,0.00,0,0,0.00,0.00,0
2026-05-09 16:02:35,1,1,1,1633.8,0,-13.4,-380,1589,0,0.00,0.00,0,0,0.00,0.00,0
2026-05-09 16:02:35,1,1,1,1636.5,0,-13.5,-383,1591,0,0.00,0.00,0,0,0.00,0.00,0
2026-05-09 16:02:35,1,1,1,1636.5,0,-13.5,-383,1591,0,0.00,0.00,0,0,0.00,0.00,0
2026-05-09 16:02:35,1,1,1,1640.5,0,-13.7,-388,1594,0,0.00,0.00,0,0,0.00,0.00,0
2026-05-09 16:02:35,1,1,1,1640.5,0,-13.7,-388,1594,0,0.00,0.00,0,0,0.00,0.00,0
2026-05-09 16:02:35,1,1,1,1640.1,0,-13.6,-386,1594,0,0.00,0.00,0,0,0.00,0.00,0
2026-05-09 16:02:35,1,1,1,1640.1,0,-13.6,-386,1594,0,0.00,0.00,0,0,0.00,0.00,0
2026-05-09 16:02:35,1,1,1,1639.3,0,-13.7,-387,1593,0,0.00,0.00,0,0,0.00,0.00,0
2026-05-09 16:02:35,1,1,1,1639.8,0,-13.7,-389,1593,0,0.00,0.00,0,0,0.00,0.00,0
2026-05-09 16:02:35,1,1,1,1639.8,0,-13.7,-389,1593,0,0.00,0.00,0,0,0.00,0.00,0
2026-05-09 16:02:35,1,1,1,1640.8,0,-13.7,-389,1594,0,0.00,0.00,0,0,0.00,0.00,0
2026-05-09 16:02:35,1,1,1,1640.8,0,-13.7,-389,1594,0,0.00,0.00,0,0,0.00,0.00,0
2026-05-09 16:02:35,1,1,1,1641.8,0,-13.6,-385,1596,0,0.00,0.00,0,0,0.00,0.00,0
2026-05-09 16:02:35,1,1,1,1641.8,0,-13.6,-385,1596,0,0.00,0.00,0,0,0.00,0.00,0
2026-05-09 16:02:35,1,1,1,1644.2,0,-13.5,-383,1599,0,0.00,0.00,0,0,0.00,0.00,0
2026-05-09 16:02:35,1,1,1,1647.7,0,-13.4,-381,1603,0,0.00,0.00,0,0,0.00,0.00,0
2026-05-09 16:02:36,1,1,1,1647.7,0,-13.4,-381,1603,0,0.00,0.00,0,0,0.00,0.00,0
2026-05-09 16:02:36,1,1,1,1650.3,0,-13.3,-380,1606,0,0.00,0.00,0,0,0.00,0.00,0
2026-05-09 16:02:36,1,1,1,1650.3,0,-13.3,-380,1606,0,0.00,0.00,0,0,0.00,0.00,0
2026-05-09 16:02:36,1,1,1,1650.6,0,-13.2,-377,1607,0,0.00,0.00,0,0,0.00,0.00,0
2026-05-09 16:02:36,1,1,1,1650.6,0,-13.2,-377,1607,0,0.00,0.00,0,0,0.00,0.00,0
2026-05-09 16:02:36,1,1,1,1649.9,0,-13.1,-374,1607,0,0.00,0.00,0,0,0.00,0.00,0
2026-05-09 16:02:36,1,1,1,1649.9,0,-13.1,-374,1607,0,0.00,0.00,0,0,0.00,0.00,0
2026-05-09 16:02:36,1,1,1,1646.3,0,-13.0,-371,1604,0,0.00,0.00,0,0,0.00,0.00,0
2026-05-09 16:02:36,1,1,1,1643.4,0,-13.0,-371,1601,0,0.00,0.00,0,0,0.00,0.00,0
2026-05-09 16:02:36,1,1,1,1643.4,0,-13.0,-371,1601,0,0.00,0.00,0,0,0.00,0.00,0
2026-05-09 16:02:36,1,1,1,1643.9,0,-13.1,-373,1601,0,0.00,0.00,0,0,0.00,0.00,0
2026-05-09 16:02:36,1,1,1,1643.9,0,-13.1,-373,1601,0,0.00,0.00,0,0,0.00,0.00,0
2026-05-09 16:02:36,1,1,1,1645.8,0,-13.1,-373,1603,0,0.00,0.00,0,0,0.00,0.00,0
2026-05-09 16:02:36,1,1,1,1645.8,0,-13.1,-373,1603,0,0.00,0.00,0,0,0.00,0.00,0
2026-05-09 16:02:36,1,1,1,1649.3,0,-13.0,-371,1607,0,0.00,0.00,0,0,0.00,0.00,0
2026-05-09 16:02:36,1,1,1,1649.8,0,-12.9,-369,1608,0,0.00,0.00,0,0,0.00,0.00,0
2026-05-09 16:02:36,1,1,1,1649.8,0,-12.9,-369,1608,0,0.00,0.00,0,0,0.00,0.00,0
2026-05-09 16:02:36,1,1,1,1651.4,0,-13.0,-372,1609,0,0.00,0.00,0,0,0.00,0.00,0
2026-05-09 16:02:36,1,1,1,1651.4,0,-13.0,-372,1609,0,0.00,0.00,0,0,0.00,0.00,0
2026-05-09 16:02:36,1,1,1,1651.9,0,-13.1,-374,1609,0,0.00,0.00,0,0,0.00,0.00,0
2026-05-09 16:02:37,1,1,1,1651.9,0,-13.1,-374,1609,0,0.00,0.00,0,0,0.00,0.00,0
2026-05-09 16:02:37,1,1,1,1651.9,0,-13.1,-374,1609,0,0.00,0.00,0,0,0.00,0.00,0
2026-05-09 16:02:37,1,1,1,1651.9,0,-13.1,-374,1609,0,0.00,0.00,0,0,0.00,0.00,0
2026-05-09 16:02:37,1,1,1,1651.9,0,-13.1,-374,1609,0,0.00,0.00,0,0,0.00,0.00,0
2026-05-09 16:02:37,1,1,1,1652.4,0,-13.0,-372,1610,0,0.00,0.00,0,0,0.00,0.00,0
2026-05-09 16:02:37,1,1,1,1652.4,0,-13.0,-372,1610,0,0.00,0.00,0,0,0.00,0.00,0
2026-05-09 16:02:37,1,1,1,1653.2,0,-13.0,-371,1611,0,0.00,0.00,0,0,0.00,0.00,0
2026-05-09 16:02:37,1,1,1,1653.2,0,-13.0,-371,1611,0,0.00,0.00,0,0,0.00,0.00,0
2026-05-09 16:02:37,1,1,1,1652.5,0,-12.9,-368,1611,0,0.00,0.00,0,0,0.00,0.00,0
2026-05-09 16:02:37,1,1,1,1652.5,0,-12.9,-368,1611,0,0.00,0.00,0,0,0.00,0.00,0
2026-05-09 16:02:37,1,1,1,1651.4,0,-12.7,-363,1611,0,0.00,0.00,0,0,0.00,0.00,0
2026-05-09 16:02:37,1,1,1,1651.1,0,-12.5,-357,1612,0,0.00,0.00,0,0,0.00,0.00,0
2026-05-09 16:02:37,1,1,1,1651.1,0,-12.5,-357,1612,0,0.00,0.00,0,0,0.00,0.00,0
2026-05-09 16:02:37,1,1,1,1649.7,0,-12.4,-355,1611,0,0.00,0.00,0,0,0.00,0.00,0
2026-05-09 16:02:37,1,1,1,1649.7,0,-12.4,-355,1611,0,0.00,0.00,0,0,0.00,0.00,0
2026-05-09 16:02:37,1,1,1,1648.5,0,-12.4,-354,1610,0,0.00,0.00,0,0,0.00,0.00,0
2026-05-09 16:02:37,1,1,1,1648.5,0,-12.4,-354,1610,0,0.00,0.00,0,0,0.00,0.00,0
2026-05-09 16:02:37,1,1,1,1647.3,0,-12.4,-353,1609,0,0.00,0.00,0,0,0.00,0.00,0
2026-05-09 16:02:37,1,1,1,1647.3,0,-12.4,-353,1609,0,0.00,0.00,0,0,0.00,0.00,0
2026-05-09 16:02:37,1,1,1,1645.7,0,-12.3,-350,1608,0,0.00,0.00,0,0,0.00,0.00,0
2026-05-09 16:02:38,1,1,1,1643.9,0,-12.3,-351,1606,0,0.00,0.00,0,0,0.00,0.00,0
2026-05-09 16:02:38,1,1,1,1643.9,0,-12.3,-351,1606,0,0.00,0.00,0,0,0.00,0.00,0
2026-05-09 16:02:38,1,1,1,1641.6,0,-12.5,-354,1603,0,0.00,0.00,0,0,0.00,0.00,0
2026-05-09 16:02:38,1,1,1,1641.6,0,-12.5,-354,1603,0,0.00,0.00,0,0,0.00,0.00,0
2026-05-09 16:02:38,1,1,1,1639.0,0,-12.4,-351,1601,0,0.00,0.00,0,0,0.00,0.00,0
2026-05-09 16:02:38,1,1,1,1639.0,0,-12.4,-351,1601,0,0.00,0.00,0,0,0.00,0.00,0
2026-05-09 16:02:38,1,1,1,1640.3,0,-12.2,-348,1603,0,0.00,0.00,0,0,0.00,0.00,0
2026-05-09 16:02:38,1,1,1,1644.6,0,-12.1,-345,1608,0,0.00,0.00,0,0,0.00,0.00,0
2026-05-09 16:02:38,1,1,1,1644.6,0,-12.1,-345,1608,0,0.00,0.00,0,0,0.00,0.00,0
2026-05-09 16:02:38,1,1,1,1648.7,0,-12.1,-346,1612,0,0.00,0.00,0,0,0.00,0.00,0
2026-05-09 16:02:38,1,1,1,1648.7,0,-12.1,-346,1612,0,0.00,0.00,0,0,0.00,0.00,0
2026-05-09 16:02:38,1,1,1,1653.5,0,-12.2,-350,1616,0,0.00,0.00,0,0,0.00,0.00,0
2026-05-09 16:02:38,1,1,1,1653.5,0,-12.2,-350,1616,0,0.00,0.00,0,0,0.00,0.00,0
2026-05-09 16:02:38,1,1,1,1658.8,0,-12.6,-361,1619,0,0.00,0.00,0,0,0.00,0.00,0
2026-05-09 16:02:38,1,1,1,1658.8,0,-12.6,-361,1619,0,0.00,0.00,0,0,0.00,0.00,0
2026-05-09 16:02:38,1,1,1,1664.1,0,-12.9,-372,1622,0,0.00,0.00,0,0,0.00,0.00,0
2026-05-09 16:02:38,1,1,1,1665.3,0,-12.9,-373,1623,0,0.00,0.00,0,0,0.00,0.00,0
2026-05-09 16:02:38,1,1,1,1665.3,0,-12.9,-373,1623,0,0.00,0.00,0,0,0.00,0.00,0
2026-05-09 16:02:38,1,1,1,1667.0,0,-12.9,-372,1625,0,0.00,0.00,0,0,0.00,0.00,0
2026-05-09 16:02:38,1,1,1,1667.0,0,-12.9,-372,1625,0,0.00,0.00,0,0,0.00,0.00,0
2026-05-09 16:02:39,1,1,1,1669.7,0,-12.8,-371,1628,0,0.00,0.00,0,0,0.00,0.00,0
2026-05-09 16:02:39,1,1,1,1669.7,0,-12.8,-371,1628,0,0.00,0.00,0,0,0.00,0.00,0
2026-05-09 16:02:39,1,1,1,1672.9,0,-12.8,-372,1631,0,0.00,0.00,0,0,0.00,0.00,0
2026-05-09 16:02:39,1,1,1,1672.9,0,-12.8,-372,1631,0,0.00,0.00,0,0,0.00,0.00,0
2026-05-09 16:02:39,1,1,1,1675.5,0,-12.9,-375,1633,0,0.00,0.00,0,0,0.00,0.00,0
2026-05-09 16:02:39,1,1,1,1676.9,0,-13.0,-377,1634,0,0.00,0.00,0,0,0.00,0.00,0
2026-05-09 16:02:39,1,1,1,1676.9,0,-13.0,-377,1634,0,0.00,0.00,0,0,0.00,0.00,0
2026-05-09 16:02:39,1,1,1,1679.6,0,-13.1,-380,1636,0,0.00,0.00,0,0,0.00,0.00,0
2026-05-09 16:02:39,1,1,1,1679.6,0,-13.1,-380,1636,0,0.00,0.00,0,0,0.00,0.00,0
2026-05-09 16:02:39,1,1,1,1681.5,0,-13.1,-380,1638,0,0.00,0.00,0,0,0.00,0.00,0
2026-05-09 16:02:39,1,1,1,1681.5,0,-13.1,-380,1638,0,0.00,0.00,0,0,0.00,0.00,0
2026-05-09 16:02:39,1,1,1,1682.8,0,-12.9,-377,1640,0,0.00,0.00,0,0,0.00,0.00,0
2026-05-09 16:02:39,1,1,1,1681.4,8,-12.9,-375,1639,0,0.00,0.00,0,0,0.00,0.00,0
2026-05-09 16:02:39,1,1,1,1681.4,8,-12.9,-375,1639,0,0.00,0.00,0,0,0.00,0.00,0
2026-05-09 16:02:39,1,1,1,1679.9,0,-12.8,-373,1638,0,0.00,0.00,0,0,0.00,0.00,0
2026-05-09 16:02:39,1,1,1,1679.9,0,-12.8,-373,1638,0,0.00,0.00,0,0,0.00,0.00,0
2026-05-09 16:02:39,1,1,1,1681.1,0,-12.9,-374,1639,0,0.00,0.00,0,0,0.00,0.00,0
2026-05-09 16:02:39,1,1,1,1681.1,0,-12.9,-374,1639,0,0.00,0.00,0,0,0.00,0.00,0
2026-05-09 16:02:39,1,1,1,1683.5,0,-12.9,-376,1641,0,0.00,0.00,0,0,0.00,0.00,0
2026-05-09 16:02:39,1,1,1,1683.5,0,-12.9,-376,1641,0,0.00,0.00,0,0,0.00,0.00,0
2026-05-09 16:02:40,1,1,1,1682.2,0,-13.0,-379,1639,0,0.00,0.00,0,0,0.00,0.00,0
2026-05-09 16:02:40,1,1,1,1679.3,0,-13.0,-379,1636,0,0.00,0.00,0,0,0.00,0.00,0
2026-05-09 16:02:40,1,1,1,1679.3,0,-13.0,-379,1636,0,0.00,0.00,0,0,0.00,0.00,0
2026-05-09 16:02:40,1,1,1,1676.4,0,-13.1,-379,1633,0,0.00,0.00,0,0,0.00,0.00,0
2026-05-09 16:02:40,1,1,1,1676.4,0,-13.1,-379,1633,0,0.00,0.00,0,0,0.00,0.00,0
2026-05-09 16:02:40,1,1,1,1674.0,0,-13.0,-377,1631,0,0.00,0.00,0,0,0.00,0.00,0
2026-05-09 16:02:40,1,1,1,1674.0,0,-13.0,-377,1631,0,0.00,0.00,0,0,0.00,0.00,0
2026-05-09 16:02:40,1,1,1,1670.6,-8,-13.0,-375,1628,0,0.00,0.00,0,0,0.00,0.00,0
2026-05-09 16:02:40,1,1,1,1666.7,0,-13.0,-375,1624,0,0.00,0.00,0,0,0.00,0.00,0
2026-05-09 16:02:40,1,1,1,1666.7,0,-13.0,-375,1624,0,0.00,0.00,0,0,0.00,0.00,0
2026-05-09 16:02:40,1,1,1,1663.7,0,-13.2,-379,1620,0,0.00,0.00,0,0,0.00,0.00,0
2026-05-09 16:02:40,1,1,1,1663.7,0,-13.2,-379,1620,0,0.00,0.00,0,0,0.00,0.00,0
2026-05-09 16:02:40,1,1,1,1659.3,0,-13.3,-381,1615,0,0.00,0.00,0,0,0.00,0.00,0
2026-05-09 16:02:40,1,1,1,1659.3,0,-13.3,-381,1615,0,0.00,0.00,0,0,0.00,0.00,0
2026-05-09 16:02:40,1,1,1,1658.6,0,-13.3,-382,1614,0,0.00,0.00,0,0,0.00,0.00,0
2026-05-09 16:02:40,1,1,1,1658.6,0,-13.3,-382,1614,0,0.00,0.00,0,0,0.00,0.00,0
2026-05-09 16:02:40,1,1,1,1657.7,0,-13.2,-378,1614,0,0.00,0.00,0,0,0.00,0.00,0
2026-05-09 16:02:40,1,1,1,1654.3,0,-13.1,-376,1611,0,0.00,0.00,0,0,0.00,0.00,0
2026-05-09 16:02:40,1,1,1,1654.3,0,-13.1,-376,1611,0,0.00,0.00,0,0,0.00,0.00,0
2026-05-09 16:02:40,1,1,1,1653.8,0,-13.1,-374,1611,0,0.00,0.00,0,0,0.00,0.00,0
2026-05-09 16:02:41,1,1,1,1653.8,0,-13.1,-374,1611,0,0.00,0.00,0,0,0.00,0.00,0
2026-05-09 16:02:41,1,1,1,1652.4,0,-13.0,-372,1610,0,0.00,0.00,0,0,0.00,0.00,0
2026-05-09 16:02:41,1,1,1,1652.4,0,-13.0,-372,1610,0,0.00,0.00,0,0,0.00,0.00,0
2026-05-09 16:02:41,1,1,1,1649.8,0,-12.9,-369,1608,0,0.00,0.00,0,0,0.00,0.00,0
2026-05-09 16:02:41,1,1,1,1645.7,0,-12.9,-368,1604,0,0.00,0.00,0,0,0.00,0.00,0
2026-05-09 16:02:41,1,1,1,1645.7,0,-12.9,-368,1604,0,0.00,0.00,0,0,0.00,0.00,0
2026-05-09 16:02:41,1,1,1,1641.8,0,-13.0,-368,1600,0,0.00,0.00,0,0,0.00,0.00,0
2026-05-09 16:02:41,1,1,1,1641.8,0,-13.0,-368,1600,0,0.00,0.00,0,0,0.00,0.00,0
2026-05-09 16:02:41,1,1,1,1642.3,0,-12.9,-366,1601,0,0.00,0.00,0,0,0.00,0.00,0
2026-05-09 16:02:41,1,1,1,1642.3,0,-12.9,-366,1601,0,0.00,0.00,0,0,0.00,0.00,0
2026-05-09 16:02:41,1,1,1,1644.0,0,-12.8,-365,1603,0,0.00,0.00,0,0,0.00,0.00,0
2026-05-09 16:02:41,1,1,1,1644.0,0,-12.8,-365,1603,0,0.00,0.00,0,0,0.00,0.00,0
2026-05-09 16:02:41,1,1,1,1646.7,0,-12.8,-364,1606,0,0.00,0.00,0,0,0.00,0.00,0
2026-05-09 16:02:41,1,1,1,1649.7,0,-12.7,-364,1609,0,0.00,0.00,0,0,0.00,0.00,0
2026-05-09 16:02:41,1,1,1,1649.7,0,-12.7,-364,1609,0,0.00,0.00,0,0,0.00,0.00,0
2026-05-09 16:02:41,1,1,1,1652.4,0,-12.7,-363,1612,0,0.00,0.00,0,0,0.00,0.00,0
2026-05-09 16:02:41,1,1,1,1652.4,0,-12.7,-363,1612,0,0.00,0.00,0,0,0.00,0.00,0
2026-05-09 16:02:41,1,1,1,1656.0,0,-12.6,-362,1616,0,0.00,0.00,0,0,0.00,0.00,0
2026-05-09 16:02:41,1,1,1,1656.0,0,-12.6,-362,1616,0,0.00,0.00,0,0,0.00,0.00,0
2026-05-09 16:02:41,1,1,1,1653.4,0,-12.5,-359,1614,0,0.00,0.00,0,0,0.00,0.00,0
2026-05-09 16:02:42,1,1,1,1650.6,0,-12.4,-355,1612,0,0.00,0.00,0,0,0.00,0.00,0
2026-05-09 16:02:42,1,1,1,1650.6,0,-12.4,-355,1612,0,0.00,0.00,0,0,0.00,0.00,0
2026-05-09 16:02:42,1,1,1,1645.1,0,-12.4,-352,1607,0,0.00,0.00,0,0,0.00,0.00,0
2026-05-09 16:02:42,1,1,1,1645.1,0,-12.4,-352,1607,0,0.00,0.00,0,0,0.00,0.00,0
2026-05-09 16:02:42,1,1,1,1641.2,0,-12.4,-352,1603,0,0.00,0.00,0,0,0.00,0.00,0
2026-05-09 16:02:42,1,1,1,1641.2,0,-12.4,-352,1603,0,0.00,0.00,0,0,0.00,0.00,0
2026-05-09 16:02:42,1,1,1,1636.6,0,-12.3,-349,1599,0,0.00,0.00,0,0,0.00,0.00,0
2026-05-09 16:02:42,1,1,1,1636.6,0,-12.3,-349,1599,0,0.00,0.00,0,0,0.00,0.00,0
2026-05-09 16:02:42,1,1,1,1634.7,0,-12.3,-349,1597,0,0.00,0.00,0,1,1.97,-0.68,20740
2026-05-09 16:02:42,1,1,1,1635.5,0,-12.3,-348,1598,0,0.00,0.00,0,1,1.97,-0.68,20740
2026-05-09 16:02:42,1,1,1,1635.5,0,-12.3,-348,1598,0,0.00,0.00,0,1,1.88,-0.80,2792
2026-05-09 16:02:42,1,1,1,1637.6,0,-12.3,-349,1600,0,0.00,0.00,0,1,1.88,-0.80,2792
2026-05-09 16:02:42,1,1,1,1637.6,0,-12.3,-349,1600,0,0.00,0.00,0,1,1.80,-0.69,7652
2026-05-09 16:02:42,1,1,1,1638.6,0,-12.3,-349,1601,0,0.00,0.00,0,1,1.80,-0.69,7652
2026-05-09 16:02:42,1,1,1,1638.6,0,-12.3,-349,1601,1,1.73,-0.69,7652,1,1.73,-0.69,7652
2026-05-09 16:02:42,1,1,1,1636.0,0,-12.2,-346,1599,1,1.73,-0.69,7652,1,1.73,-0.69,7652
2026-05-09 16:02:42,1,1,1,1632.8,0,-12.0,-340,1597,1,1.72,-0.49,2516,1,1.72,-0.49,2516
2026-05-09 16:02:42,1,1,1,1632.8,0,-12.0,-340,1597,1,1.72,-0.49,2516,1,1.72,-0.49,2516
2026-05-09 16:02:42,1,1,1,1628.6,0,-11.8,-334,1594,1,1.67,-0.49,2516,1,1.67,-0.49,2516
2026-05-09 16:02:42,1,1,1,1628.6,0,-11.8,-334,1594,1,1.67,-0.49,2516,1,1.67,-0.49,2516
2026-05-09 16:02:43,1,1,1,1619.9,0,-11.6,-325,1587,1,1.69,-0.37,5329,1,1.69,-0.37,5329
2026-05-09 16:02:43,1,1,1,1619.9,0,-11.6,-325,1587,1,1.69,-0.37,5329,1,1.69,-0.37,5329
2026-05-09 16:02:43,1,1,1,1611.1,0,-11.3,-315,1580,1,1.69,-0.29,1940,1,1.69,-0.29,1940
2026-05-09 16:02:43,1,1,1,1611.1,0,-11.3,-315,1580,1,1.69,-0.29,1940,1,1.69,-0.29,1940
2026-05-09 16:02:43,1,1,1,1606.0,0,-11.1,-309,1576,1,1.66,-0.29,1940,1,1.66,-0.29,1940
2026-05-09 16:02:43,1,1,1,1597.8,0,-10.9,-302,1569,1,1.66,-0.29,1940,1,1.66,-0.29,1940
2026-05-09 16:02:43,1,1,1,1597.8,0,-10.9,-302,1569,1,1.66,-0.29,1940,1,1.66,-0.29,1940
2026-05-09 16:02:43,1,1,1,1593.3,0,-10.8,-299,1565,0,0.00,0.00,0,1,1.66,-0.29,1940
2026-05-09 16:02:43,1,1,1,1593.3,0,-10.8,-299,1565,0,0.00,0.00,0,1,1.66,-0.29,1940
2026-05-09 16:02:43,1,1,1,1592.7,0,-10.9,-301,1564,0,0.00,0.00,0,1,1.66,-0.29,1940
2026-05-09 16:02:43,1,1,1,1592.7,0,-10.9,-301,1564,0,0.00,0.00,0,1,1.66,-0.29,1940
2026-05-09 16:02:43,1,1,1,1595.2,0,-11.0,-304,1566,0,0.00,0.00,0,1,1.66,-0.29,1940
2026-05-09 16:02:43,1,1,1,1595.2,0,-11.0,-304,1566,0,0.00,0.00,0,1,1.66,-0.29,1940
2026-05-09 16:02:43,1,1,1,1597.4,0,-11.0,-305,1568,0,0.00,0.00,0,1,1.66,-0.29,1940
2026-05-09 16:02:43,1,1,1,1597.2,0,-10.8,-299,1569,0,0.00,0.00,0,1,1.66,-0.29,1940
2026-05-09 16:02:43,1,1,1,1597.2,0,-10.8,-299,1569,0,0.00,0.00,0,1,1.66,-0.29,1940
2026-05-09 16:02:43,1,1,1,1596.5,0,-10.6,-295,1569,0,0.00,0.00,0,1,1.66,-0.29,1940
2026-05-09 16:02:43,1,1,1,1596.5,0,-10.6,-295,1569,0,0.00,0.00,0,0,0.00,0.00,0
2026-05-09 16:02:43,1,1,1,1595.6,0,-10.5,-290,1569,0,0.00,0.00,0,0,0.00,0.00,0
2026-05-09 16:02:43,1,1,1,1595.6,0,-10.5,-290,1569,0,0.00,0.00,0,0,0.00,0.00,0
2026-05-09 16:02:44,1,1,1,1593.7,0,-10.3,-285,1568,0,0.00,0.00,0,0,0.00,0.00,0
2026-05-09 16:02:44,1,1,1,1593.0,0,-10.2,-281,1568,0,0.00,0.00,0,0,0.00,0.00,0
2026-05-09 16:02:44,1,1,1,1593.0,0,-10.2,-281,1568,0,0.00,0.00,0,1,1.75,0.00,409
2026-05-09 16:02:44,1,1,1,1590.3,0,-10.0,-277,1566,0,0.00,0.00,0,1,1.75,0.00,409
2026-05-09 16:02:44,1,1,1,1590.3,0,-10.0,-277,1566,0,0.00,0.00,0,1,1.75,0.00,409
2026-05-09 16:02:44,1,1,1,1586.5,0,-9.9,-272,1563,0,0.00,0.00,0,1,1.75,0.00,409
2026-05-09 16:02:44,1,1,1,1586.5,0,-9.9,-272,1563,0,0.00,0.00,0,1,1.75,0.00,409
2026-05-09 16:02:44,1,1,1,1583.2,0,-9.8,-270,1560,0,0.00,0.00,0,1,1.75,0.00,409
2026-05-09 16:02:44,1,1,1,1583.2,0,-9.8,-270,1560,0,0.00,0.00,0,1,1.75,0.00,409
2026-05-09 16:02:44,1,1,1,1588.5,0,-10.1,-278,1564,0,0.00,0.00,0,1,1.75,0.00,409
2026-05-09 16:02:44,1,1,1,1595.4,0,-10.4,-289,1569,0,0.00,0.00,0,1,1.75,0.00,409
2026-05-09 16:02:44,1,1,1,1595.4,0,-10.4,-289,1569,0,0.00,0.00,0,1,1.75,0.00,409
2026-05-09 16:02:44,1,1,1,1602.9,0,-10.9,-303,1574,0,0.00,0.00,0,1,1.75,0.00,409
2026-05-09 16:02:44,1,1,1,1602.9,0,-10.9,-303,1574,0,0.00,0.00,0,1,1.75,0.00,409
2026-05-09 16:02:44,1,1,1,1608.0,0,-11.3,-314,1577,0,0.00,0.00,0,1,1.75,0.00,409
2026-05-09 16:02:44,1,1,1,1608.0,0,-11.3,-314,1577,0,0.00,0.00,0,1,1.75,0.00,409
2026-05-09 16:02:44,1,1,1,1606.0,-8,-11.3,-314,1575,0,0.00,0.00,0,1,1.75,0.00,409
2026-05-09 16:02:44,1,1,1,1587.8,0,-10.7,-296,1560,0,0.00,0.00,0,0,0.00,0.00,0
2026-05-09 16:02:44,1,1,1,1587.8,0,-10.7,-296,1560,0,0.00,0.00,0,0,0.00,0.00,0
2026-05-09 16:02:44,1,1,1,1538.6,0,-9.6,-257,1517,0,0.00,0.00,0,0,0.00,0.00,0
2026-05-09 16:02:45,1,1,1,1538.6,0,-9.6,-257,1517,0,0.00,0.00,0,0,0.00,0.00,0
2026-05-09 16:02:45,1,1,1,1548.8,0,-10.3,-276,1524,0,0.00,0.00,0,0,0.00,0.00,0
2026-05-09 16:02:45,1,1,1,1548.8,0,-10.3,-276,1524,0,0.00,0.00,0,0,0.00,0.00,0
2026-05-09 16:02:45,1,1,1,1557.1,0,-10.5,-284,1531,0,0.00,0.00,0,0,0.00,0.00,0
2026-05-09 16:02:45,1,1,1,1557.1,0,-10.5,-284,1531,0,0.00,0.00,0,0,0.00,0.00,0
2026-05-09 16:02:45,1,1,1,1565.7,0,-10.8,-293,1538,0,0.00,0.00,0,0,0.00,0.00,0
2026-05-09 16:02:45,1,1,1,1568.2,0,-10.9,-296,1540,0,0.00,0.00,0,0,0.00,0.00,0
2026-05-09 16:02:45,1,1,1,1568.2,0,-10.9,-296,1540,0,0.00,0.00,0,0,0.00,0.00,0
2026-05-09 16:02:45,1,1,1,1570.9,0,-11.0,-300,1542,0,0.00,0.00,0,0,0.00,0.00,0
2026-05-09 16:02:45,1,1,1,1570.9,0,-11.0,-300,1542,0,0.00,0.00,0,0,0.00,0.00,0
2026-05-09 16:02:45,1,1,1,1575.0,0,-11.0,-301,1546,0,0.00,0.00,0,0,0.00,0.00,0
2026-05-09 16:02:45,1,1,1,1575.0,0,-11.0,-301,1546,0,0.00,0.00,0,0,0.00,0.00,0
2026-05-09 16:02:45,1,1,1,1579.5,0,-11.1,-304,1550,0,0.00,0.00,0,0,0.00,0.00,0
2026-05-09 16:02:45,1,1,1,1583.6,0,-11.1,-305,1554,0,0.00,0.00,0,0,0.00,0.00,0
2026-05-09 16:02:45,1,1,1,1583.6,0,-11.1,-305,1554,0,0.00,0.00,0,0,0.00,0.00,0
2026-05-09 16:02:45,1,1,1,1587.4,0,-11.2,-309,1557,0,0.00,0.00,0,0,0.00,0.00,0
2026-05-09 16:02:45,1,1,1,1587.4,0,-11.2,-309,1557,0,0.00,0.00,0,0,0.00,0.00,0
2026-05-09 16:02:45,1,1,1,1591.5,0,-11.2,-310,1561,0,0.00,0.00,0,0,0.00,0.00,0
2026-05-09 16:02:45,1,1,1,1591.5,0,-11.2,-310,1561,0,0.00,0.00,0,0,0.00,0.00,0
2026-05-09 16:02:45,1,1,1,1593.2,0,-11.4,-314,1562,0,0.00,0.00,0,0,0.00,0.00,0
2026-05-09 16:02:46,1,1,1,1593.2,0,-11.4,-314,1562,0,0.00,0.00,0,0,0.00,0.00,0
2026-05-09 16:02:46,1,1,1,1592.5,0,-11.4,-315,1561,0,0.00,0.00,0,0,0.00,0.00,0
2026-05-09 16:02:46,1,1,1,1591.9,0,-11.3,-312,1561,0,0.00,0.00,0,0,0.00,0.00,0
2026-05-09 16:02:46,1,1,1,1591.9,0,-11.3,-312,1561,0,0.00,0.00,0,0,0.00,0.00,0
2026-05-09 16:02:46,1,1,1,1590.7,0,-11.3,-311,1560,0,0.00,0.00,0,0,0.00,0.00,0
2026-05-09 16:02:46,1,1,1,1590.7,0,-11.3,-311,1560,0,0.00,0.00,0,0,0.00,0.00,0
2026-05-09 16:02:46,1,1,1,1592.7,0,-11.4,-316,1561,0,0.00,0.00,0,0,0.00,0.00,0
2026-05-09 16:02:46,1,1,1,1592.7,0,-11.4,-316,1561,0,0.00,0.00,0,0,0.00,0.00,0
2026-05-09 16:02:46,1,1,1,1597.0,0,-11.7,-323,1564,0,0.00,0.00,0,0,0.00,0.00,0
2026-05-09 16:02:46,1,1,1,1601.3,0,-11.7,-325,1568,0,0.00,0.00,0,0,0.00,0.00,0
2026-05-09 16:02:46,1,1,1,1601.3,0,-11.7,-325,1568,0,0.00,0.00,0,0,0.00,0.00,0
2026-05-09 16:02:46,1,1,1,1602.7,0,-11.6,-322,1570,0,0.00,0.00,0,0,0.00,0.00,0
2026-05-09 16:02:46,1,1,1,1602.7,0,-11.6,-322,1570,0,0.00,0.00,0,1,1.75,0.00,698
2026-05-09 16:02:46,1,1,1,1600.1,0,-11.7,-324,1567,0,0.00,0.00,0,1,1.75,0.00,698
2026-05-09 16:02:46,1,1,1,1600.1,0,-11.7,-324,1567,0,0.00,0.00,0,1,1.75,0.00,317
2026-05-09 16:02:46,1,1,1,1599.6,0,-11.8,-326,1566,0,0.00,0.00,0,1,1.75,0.00,317
2026-05-09 16:02:46,1,1,1,1599.6,0,-11.8,-326,1566,0,0.00,0.00,0,1,1.75,0.00,317
2026-05-09 16:02:46,1,1,1,1599.3,0,-12.1,-334,1564,0,0.00,0.00,0,1,1.75,0.00,317
2026-05-09 16:02:46,1,1,1,1599.3,0,-12.1,-334,1564,0,0.00,0.00,0,1,1.75,0.00,317
2026-05-09 16:02:46,1,1,1,1599.3,0,-12.1,-334,1564,0,0.00,0.00,0,1,1.75,0.00,317
2026-05-09 16:02:47,1,1,1,1602.0,0,-12.0,-333,1567,0,0.00,0.00,0,1,1.75,0.00,317
2026-05-09 16:02:47,1,1,1,1602.0,0,-12.0,-333,1567,0,0.00,0.00,0,1,1.75,0.00,317
2026-05-09 16:02:47,1,1,1,1607.7,0,-11.9,-332,1573,0,0.00,0.00,0,1,1.75,0.00,317
2026-05-09 16:02:47,1,1,1,1607.7,0,-11.9,-332,1573,0,0.00,0.00,0,1,1.75,0.00,317
2026-05-09 16:02:47,1,1,1,1616.4,0,-11.7,-327,1583,0,0.00,0.00,0,1,1.75,0.00,317
2026-05-09 16:02:47,1,1,1,1616.4,0,-11.7,-327,1583,0,0.00,0.00,0,1,1.75,0.00,317
2026-05-09 16:02:47,1,1,1,1625.8,0,-11.4,-320,1594,0,0.00,0.00,0,1,1.75,0.00,317
2026-05-09 16:02:47,1,1,1,1632.7,0,-10.9,-310,1603,0,0.00,0.00,0,1,1.75,0.00,317
2026-05-09 16:02:47,1,1,1,1632.7,0,-10.9,-310,1603,0,0.00,0.00,0,1,1.50,0.00,457
2026-05-09 16:02:47,1,1,1,1630.8,0,-10.6,-300,1603,0,0.00,0.00,0,1,1.50,0.00,457
2026-05-09 16:02:47,1,1,1,1630.8,0,-10.6,-300,1603,0,0.00,0.00,0,1,1.66,0.01,757
2026-05-09 16:02:47,1,1,1,1619.7,0,-10.0,-282,1595,0,0.00,0.00,0,1,1.66,0.01,757
2026-05-09 16:02:47,1,1,1,1619.7,0,-10.0,-282,1595,0,0.00,0.00,0,1,1.61,0.00,585
2026-05-09 16:02:47,1,1,1,1583.8,0,-9.3,-256,1563,0,0.00,0.00,0,1,1.61,0.00,585
2026-05-09 16:02:47,1,1,1,1538.6,0,-8.7,-232,1521,0,0.00,0.00,0,1,1.59,0.00,810
2026-05-09 16:02:47,1,1,1,1538.6,0,-8.7,-232,1521,0,0.00,0.00,0,1,1.59,0.00,810
2026-05-09 16:02:47,1,1,1,1485.9,0,-8.4,-217,1470,0,0.00,0.00,0,1,1.58,0.00,754
2026-05-09 16:02:47,1,1,1,1485.9,0,-8.4,-217,1470,0,0.00,0.00,0,1,1.58,0.00,754
2026-05-09 16:02:47,1,1,1,1432.9,0,-8.3,-206,1418,0,0.00,0.00,0,1,1.58,0.00,754
2026-05-09 16:02:47,1,1,1,1432.9,0,-8.3,-206,1418,0,0.00,0.00,0,1,1.58,0.00,754
2026-05-09 16:02:48,1,1,1,1457.4,0,-7.8,-197,1444,0,0.00,0.00,0,1,1.56,0.00,584
2026-05-09 16:02:48,1,1,1,1457.4,0,-7.8,-197,1444,0,0.00,0.00,0,1,1.56,0.00,584
2026-05-09 16:02:48,1,1,1,1473.6,0,-7.8,-200,1460,0,0.00,0.00,0,1,1.56,0.00,584
2026-05-09 16:02:48,1,1,1,1477.7,0,-7.8,-201,1464,0,0.00,0.00,0,1,1.56,0.00,584
2026-05-09 16:02:48,1,1,1,1477.7,0,-7.8,-201,1464,0,0.00,0.00,0,1,1.56,0.00,584
2026-05-09 16:02:48,1,1,1,1483.0,0,-7.9,-203,1469,0,0.00,0.00,0,1,1.56,0.00,584
2026-05-09 16:02:48,1,1,1,1483.0,0,-7.9,-203,1469,0,0.00,0.00,0,1,1.56,0.00,584
2026-05-09 16:02:48,1,1,1,1488.2,0,-7.9,-205,1474,0,0.00,0.00,0,1,1.56,0.00,584
2026-05-09 16:02:48,1,1,1,1488.2,0,-7.9,-205,1474,0,0.00,0.00,0,1,1.56,0.00,584
2026-05-09 16:02:48,1,1,1,1491.3,0,-7.9,-206,1477,0,0.00,0.00,0,1,1.56,0.00,584
2026-05-09 16:02:48,1,1,1,1494.7,0,-8.0,-209,1480,0,0.00,0.00,0,1,1.56,0.00,584
2026-05-09 16:02:48,1,1,1,1494.7,0,-8.0,-209,1480,0,0.00,0.00,0,1,1.56,0.00,584
2026-05-09 16:02:48,1,1,1,1497.9,0,-8.1,-211,1483,0,0.00,0.00,0,1,1.56,0.00,584
2026-05-09 16:02:48,1,1,1,1497.9,0,-8.1,-211,1483,0,0.00,0.00,0,1,1.56,0.00,584
2026-05-09 16:02:48,1,1,1,1503.5,0,-8.2,-215,1488,0,0.00,0.00,0,1,1.56,0.00,584
2026-05-09 16:02:48,1,1,1,1503.5,0,-8.2,-215,1488,0,0.00,0.00,0,0,0.00,0.00,0
2026-05-09 16:02:48,1,1,1,1511.2,0,-8.4,-221,1495,0,0.00,0.00,0,0,0.00,0.00,0
2026-05-09 16:02:48,1,1,1,1511.2,0,-8.4,-221,1495,0,0.00,0.00,0,0,0.00,0.00,0
2026-05-09 16:02:48,1,1,1,1519.1,0,-8.6,-227,1502,0,0.00,0.00,0,0,0.00,0.00,0
2026-05-09 16:02:48,1,1,1,1525.7,0,-8.7,-232,1508,0,0.00,0.00,0,0,0.00,0.00,0
2026-05-09 16:02:49,1,1,1,1525.7,0,-8.7,-232,1508,0,0.00,0.00,0,0,0.00,0.00,0
2026-05-09 16:02:49,1,1,1,1531.4,0,-8.9,-237,1513,0,0.00,0.00,0,0,0.00,0.00,0
2026-05-09 16:02:49,1,1,1,1531.4,0,-8.9,-237,1513,0,0.00,0.00,0,0,0.00,0.00,0
2026-05-09 16:02:49,1,1,1,1540.7,0,-8.9,-239,1522,0,0.00,0.00,0,0,0.00,0.00,0
2026-05-09 16:02:49,1,1,1,1540.7,0,-8.9,-239,1522,0,0.00,0.00,0,0,0.00,0.00,0
2026-05-09 16:02:49,1,1,1,1547.0,0,-9.0,-242,1528,0,0.00,0.00,0,0,0.00,0.00,0
2026-05-09 16:02:49,1,1,1,1551.5,0,-9.1,-245,1532,0,0.00,0.00,0,0,0.00,0.00,0
2026-05-09 16:02:49,1,1,1,1551.5,0,-9.1,-245,1532,0,0.00,0.00,0,0,0.00,0.00,0
2026-05-09 16:02:49,1,1,1,1554.9,0,-9.2,-248,1535,0,0.00,0.00,0,0,0.00,0.00,0
2026-05-09 16:02:49,1,1,1,1554.9,0,-9.2,-248,1535,0,0.00,0.00,0,0,0.00,0.00,0
2026-05-09 16:02:49,1,1,1,1557.4,0,-9.3,-251,1537,0,0.00,0.00,0,0,0.00,0.00,0
2026-05-09 16:02:49,1,1,1,1557.4,0,-9.3,-251,1537,0,0.00,0.00,0,0,0.00,0.00,0
2026-05-09 16:02:49,1,1,1,1559.2,0,-9.5,-256,1538,0,0.00,0.00,0,0,0.00,0.00,0
2026-05-09 16:02:49,1,1,1,1559.2,0,-9.5,-256,1538,0,0.00,0.00,0,0,0.00,0.00,0
2026-05-09 16:02:49,1,1,1,1560.8,0,-9.6,-260,1539,0,0.00,0.00,0,0,0.00,0.00,0
2026-05-09 16:02:49,1,1,1,1563.1,0,-9.6,-262,1541,0,0.00,0.00,0,0,0.00,0.00,0
2026-05-09 16:02:49,1,1,1,1563.1,0,-9.6,-262,1541,0,0.00,0.00,0,0,0.00,0.00,0
2026-05-09 16:02:49,1,1,1,1565.3,0,-9.7,-263,1543,0,0.00,0.00,0,0,0.00,0.00,0
2026-05-09 16:02:49,1,1,1,1565.3,0,-9.7,-263,1543,0,0.00,0.00,0,0,0.00,0.00,0
2026-05-09 16:02:49,1,1,1,1570.2,0,-9.9,-269,1547,0,0.00,0.00,0,0,0.00,0.00,0
2026-05-09 16:02:50,1,1,1,1570.2,0,-9.9,-269,1547,0,0.00,0.00,0,0,0.00,0.00,0
2026-05-09 16:02:50,1,1,1,1577.5,0,-10.1,-277,1553,0,0.00,0.00,0,0,0.00,0.00,0
2026-05-09 16:02:50,1,1,1,1583.7,0,-10.3,-284,1558,0,0.00,0.00,0,0,0.00,0.00,0
2026-05-09 16:02:50,1,1,1,1583.7,0,-10.3,-284,1558,0,0.00,0.00,0,0,0.00,0.00,0
2026-05-09 16:02:50,1,1,1,1593.2,0,-10.6,-293,1566,0,0.00,0.00,0,0,0.00,0.00,0
2026-05-09 16:02:50,1,1,1,1593.2,0,-10.6,-293,1566,0,0.00,0.00,0,0,0.00,0.00,0
2026-05-09 16:02:50,1,1,1,1642.9,0,-11.3,-322,1611,0,0.00,0.00,0,0,0.00,0.00,0
2026-05-09 16:02:50,1,1,1,1642.9,0,-11.3,-322,1611,0,0.00,0.00,0,0,0.00,0.00,0
2026-05-09 16:02:50,1,1,1,1795.1,0,-13.4,-417,1746,0,0.00,0.00,0,0,0.00,0.00,0
2026-05-09 16:02:50,1,1,1,1795.1,0,-13.4,-417,1746,0,0.00,0.00,0,0,0.00,0.00,0
2026-05-09 16:02:50,1,1,1,1934.3,0,-15.0,-502,1868,0,0.00,0.00,0,0,0.00,0.00,0
2026-05-09 16:02:50,1,1,1,2061.7,0,-16.3,-578,1979,0,0.00,0.00,0,0,0.00,0.00,0
2026-05-09 16:02:50,1,1,1,2061.7,0,-16.3,-578,1979,0,0.00,0.00,0,0,0.00,0.00,0
2026-05-09 16:02:50,1,1,1,2176.7,0,-17.3,-648,2078,0,0.00,0.00,0,0,0.00,0.00,0
2026-05-09 16:02:50,1,1,1,2176.7,0,-17.3,-648,2078,0,0.00,0.00,0,0,0.00,0.00,0
2026-05-09 16:02:50,1,1,1,2281.3,0,-18.1,-710,2168,0,0.00,0.00,0,0,0.00,0.00,0
2026-05-09 16:02:50,1,1,1,2281.3,0,-18.1,-710,2168,0,0.00,0.00,0,0,0.00,0.00,0
2026-05-09 16:02:50,1,1,1,2315.1,0,-18.5,-736,2195,0,0.00,0.00,0,0,0.00,0.00,0
2026-05-09 16:02:50,1,1,1,2411.1,0,-19.2,-793,2277,0,0.00,0.00,0,0,0.00,0.00,0
2026-05-09 16:02:50,1,1,1,2411.1,0,-19.2,-793,2277,0,0.00,0.00,0,0,0.00,0.00,0
2026-05-09 16:02:51,1,1,1,2500.1,0,-19.8,-845,2353,0,0.00,0.00,0,0,0.00,0.00,0
2026-05-09 16:02:51,1,1,1,2500.1,0,-19.8,-845,2353,0,0.00,0.00,0,0,0.00,0.00,0
2026-05-09 16:02:51,1,1,1,2528.5,0,-19.9,-862,2377,0,0.00,0.00,0,0,0.00,0.00,0
2026-05-09 16:02:51,1,1,1,2528.5,0,-19.9,-862,2377,0,0.00,0.00,0,0,0.00,0.00,0
2026-05-09 16:02:51,1,1,1,2556.5,0,-20.1,-878,2401,0,0.00,0.00,0,0,0.00,0.00,0
2026-05-09 16:02:51,1,1,1,2556.5,0,-20.1,-878,2401,0,0.00,0.00,0,0,0.00,0.00,0
2026-05-09 16:02:51,1,1,1,2583.3,0,-20.2,-893,2424,0,0.00,0.00,0,0,0.00,0.00,0
2026-05-09 16:02:51,1,1,1,2609.1,0,-20.4,-908,2446,0,0.00,0.00,0,0,0.00,0.00,0
2026-05-09 16:02:51,1,1,1,2609.1,0,-20.4,-908,2446,0,0.00,0.00,0,0,0.00,0.00,0
2026-05-09 16:02:51,1,1,1,2634.0,0,-20.5,-923,2467,0,0.00,0.00,0,0,0.00,0.00,0
2026-05-09 16:02:51,1,1,1,2634.0,0,-20.5,-923,2467,0,0.00,0.00,0,0,0.00,0.00,0
2026-05-09 16:02:51,1,1,1,2657.7,0,-20.6,-937,2487,0,0.00,0.00,0,0,0.00,0.00,0
2026-05-09 16:02:51,1,1,1,2657.7,0,-20.6,-937,2487,0,0.00,0.00,0,0,0.00,0.00,0
2026-05-09 16:02:51,1,1,1,2681.0,0,-20.8,-950,2507,0,0.00,0.00,0,0,0.00,0.00,0
2026-05-09 16:02:51,1,1,1,2681.0,0,-20.8,-950,2507,0,0.00,0.00,0,0,0.00,0.00,0
2026-05-09 16:02:51,1,1,1,2703.3,0,-20.9,-963,2526,0,0.00,0.00,0,0,0.00,0.00,0
2026-05-09 16:02:51,1,1,1,2724.8,0,-21.0,-976,2544,0,0.00,0.00,0,0,0.00,0.00,0
2026-05-09 16:02:51,1,1,1,2724.8,0,-21.0,-976,2544,0,0.00,0.00,0,0,0.00,0.00,0
2026-05-09 16:02:51,1,1,1,2745.9,0,-21.1,-988,2562,0,0.00,0.00,0,0,0.00,0.00,0
2026-05-09 16:02:51,1,1,1,2745.9,0,-21.1,-988,2562,0,0.00,0.00,0,0,0.00,0.00,0
2026-05-09 16:02:52,1,1,1,2766.1,0,-21.2,-1000,2579,0,0.00,0.00,0,0,0.00,0.00,0
2026-05-09 16:02:52,1,1,1,2766.1,0,-21.2,-1000,2579,0,0.00,0.00,0,0,0.00,0.00,0
2026-05-09 16:02:52,1,1,1,2785.9,0,-21.3,-1011,2596,0,0.00,0.00,0,0,0.00,0.00,0
2026-05-09 16:02:52,1,1,1,2804.8,0,-21.4,-1022,2612,0,0.00,0.00,0,0,0.00,0.00,0
2026-05-09 16:02:52,1,1,1,2804.8,0,-21.4,-1022,2612,0,0.00,0.00,0,0,0.00,0.00,0
2026-05-09 16:02:52,1,1,1,2822.4,0,-21.4,-1032,2627,0,0.00,0.00,0,0,0.00,0.00,0
2026-05-09 16:02:52,1,1,1,2822.4,0,-21.4,-1032,2627,0,0.00,0.00,0,0,0.00,0.00,0
2026-05-09 16:02:52,1,1,1,2822.4,0,-21.4,-1032,2627,0,0.00,0.00,0,0,0.00,0.00,0
2026-05-09 16:02:52,1,1,1,2822.4,0,-21.4,-1032,2627,0,0.00,0.00,0,0,0.00,0.00,0
2026-05-09 16:02:52,1,1,1,2822.4,0,-21.4,-1032,2627,0,0.00,0.00,0,0,0.00,0.00,0
2026-05-09 16:02:52,1,1,1,2822.4,0,-21.4,-1032,2627,0,0.00,0.00,0,0,0.00,0.00,0
2026-05-09 16:02:52,1,1,1,2822.4,0,-21.4,-1032,2627,0,0.00,0.00,0,0,0.00,0.00,0
2026-05-09 16:03:02,1,1,1,1871.0,0,17.5,564,1784,0,0.00,0.00,0,1,1.91,0.01,5881
2026-05-09 16:03:02,1,1,1,1869.7,0,17.2,553,1786,0,0.00,0.00,0,1,1.91,0.01,5881
2026-05-09 16:03:02,1,1,1,1869.7,0,17.2,553,1786,1,1.91,0.01,5881,1,1.91,0.01,5881
2026-05-09 16:03:02,1,1,1,1868.9,8,16.9,544,1788,1,1.91,0.01,5881,1,1.91,0.01,5881
2026-05-09 16:03:02,1,1,1,1868.9,8,16.9,544,1788,1,1.91,0.01,5881,1,1.91,0.01,5881
2026-05-09 16:03:02,1,1,1,1869.6,0,16.9,543,1789,1,1.91,0.01,5881,1,1.91,0.01,5881
2026-05-09 16:03:02,1,1,1,1869.6,0,16.9,543,1789,1,1.91,0.01,5881,1,1.91,0.01,5881
2026-05-09 16:03:02,1,1,1,1871.0,-8,17.0,548,1789,1,1.91,0.01,5881,1,1.91,0.01,5881
2026-05-09 16:03:03,1,1,1,1871.0,-8,17.0,548,1789,1,1.91,0.01,5881,1,1.91,0.01,5881
2026-05-09 16:03:03,1,1,1,1871.3,0,17.1,549,1789,1,1.91,0.01,5881,1,1.91,0.01,5881
2026-05-09 16:03:03,1,1,1,1870.3,0,17.2,552,1787,1,1.91,0.01,5881,1,1.91,0.01,5881
2026-05-09 16:03:03,1,1,1,1870.3,0,17.2,552,1787,1,1.91,0.01,5881,1,1.91,0.01,5881
2026-05-09 16:03:03,1,1,1,1867.4,0,17.2,552,1784,1,1.91,0.01,5881,1,1.91,0.01,5881
2026-05-09 16:03:03,1,1,1,1867.4,0,17.2,552,1784,1,1.91,0.01,5881,1,1.91,0.01,5881
2026-05-09 16:03:03,1,1,1,1865.3,0,17.1,548,1783,1,3.43,0.00,637,1,3.43,0.00,637
2026-05-09 16:03:03,1,1,1,1865.3,0,17.1,548,1783,1,3.43,0.00,637,1,3.43,0.00,637
2026-05-09 16:03:03,1,1,1,1862.8,0,17.0,546,1781,1,2.61,-0.03,11597,1,2.61,-0.03,11597
2026-05-09 16:03:03,1,1,1,1861.9,8,17.1,546,1780,1,2.61,-0.03,11597,1,2.61,-0.03,11597
2026-05-09 16:03:03,1,1,1,1861.9,8,17.1,546,1780,1,2.60,-0.03,11597,1,2.60,-0.03,11597
2026-05-09 16:03:03,1,1,1,1860.6,0,17.0,545,1779,1,2.60,-0.03,11597,1,2.60,-0.03,11597
2026-05-09 16:03:03,1,1,1,1860.6,0,17.0,545,1779,1,2.60,-0.03,11597,1,2.60,-0.03,11597
2026-05-09 16:03:03,1,1,1,1857.2,0,16.9,540,1777,1,2.60,-0.03,11597,1,2.60,-0.03,11597
2026-05-09 16:03:03,1,1,1,1857.2,0,16.9,540,1777,1,2.60,-0.03,11597,1,2.60,-0.03,11597
2026-05-09 16:03:03,1,1,1,1853.4,0,16.9,540,1773,1,2.60,-0.03,11597,1,2.60,-0.03,11597
2026-05-09 16:03:03,1,1,1,1853.4,0,16.9,540,1773,1,2.60,-0.03,11597,1,2.60,-0.03,11597
2026-05-09 16:03:03,1,1,1,1850.3,0,16.8,536,1771,1,2.60,-0.03,11597,1,2.60,-0.03,11597
2026-05-09 16:03:03,1,1,1,1848.9,8,16.7,531,1771,1,2.60,-0.03,11597,1,2.60,-0.03,11597
2026-05-09 16:03:03,1,1,1,1848.9,8,16.7,531,1771,1,2.60,-0.03,11597,1,2.60,-0.03,11597
2026-05-09 16:03:04,1,1,1,1849.2,0,16.4,522,1774,1,1.99,0.04,12281,1,1.99,0.04,12281
2026-05-09 16:03:04,1,1,1,1849.2,0,16.4,522,1774,1,1.99,0.04,12281,1,1.99,0.04,12281
2026-05-09 16:03:04,1,1,1,1850.4,0,16.2,516,1777,1,1.99,0.02,10705,1,1.99,0.02,10705
2026-05-09 16:03:04,1,1,1,1850.4,0,16.2,516,1777,1,1.99,0.02,10705,1,1.99,0.02,10705
2026-05-09 16:03:04,1,1,1,1853.4,8,16.1,513,1781,1,1.99,0.02,10705,1,1.99,0.02,10705
2026-05-09 16:03:04,1,1,1,1856.8,8,15.9,508,1786,1,1.99,0.02,10705,1,1.99,0.02,10705
2026-05-09 16:03:04,1,1,1,1856.8,8,15.9,508,1786,1,1.99,0.02,10705,1,1.99,0.02,10705
2026-05-09 16:03:04,1,1,1,1861.4,0,15.8,507,1791,1,1.99,0.02,10705,1,1.99,0.02,10705
2026-05-09 16:03:04,1,1,1,1861.4,0,15.8,507,1791,1,1.99,0.02,10705,1,1.99,0.02,10705
2026-05-09 16:03:04,1,1,1,1861.5,0,15.7,504,1792,1,1.99,0.02,10705,1,1.99,0.02,10705
2026-05-09 16:03:04,1,1,1,1861.5,0,15.7,504,1792,1,1.99,0.02,10705,1,1.99,0.02,10705
2026-05-09 16:03:04,1,1,1,1857.7,0,15.7,504,1788,1,1.99,0.02,10705,1,1.99,0.02,10705
2026-05-09 16:03:04,1,1,1,1857.7,0,15.7,504,1788,1,1.78,0.00,2385,1,1.78,0.00,2385
2026-05-09 16:03:04,1,1,1,1850.1,0,15.7,501,1781,1,1.78,0.00,2385,1,1.78,0.00,2385
2026-05-09 16:03:04,1,1,1,1839.0,-8,15.7,499,1770,1,1.89,0.02,914,1,1.89,0.02,914
2026-05-09 16:03:04,1,1,1,1839.0,-8,15.7,499,1770,1,1.89,0.02,914,1,1.89,0.02,914
2026-05-09 16:03:04,1,1,1,1831.3,0,15.8,499,1762,1,1.89,0.02,914,1,1.89,0.02,914
2026-05-09 16:03:04,1,1,1,1831.3,0,15.8,499,1762,0,0.00,0.00,0,1,1.89,0.02,914
2026-05-09 16:03:04,1,1,1,1826.5,0,15.6,492,1759,0,0.00,0.00,0,1,1.89,0.02,914
2026-05-09 16:03:04,1,1,1,1826.5,0,15.6,492,1759,0,0.00,0.00,0,1,1.89,0.02,914
2026-05-09 16:03:05,1,1,1,1821.3,0,15.2,476,1758,0,0.00,0.00,0,1,1.89,0.02,914
2026-05-09 16:03:05,1,1,1,1821.3,0,15.2,476,1758,0,0.00,0.00,0,1,1.89,0.02,914
2026-05-09 16:03:05,1,1,1,1815.0,0,14.6,459,1756,0,0.00,0.00,0,1,1.89,0.02,914
2026-05-09 16:03:05,1,1,1,1811.5,0,15.0,468,1750,0,0.00,0.00,0,1,1.89,0.02,914
2026-05-09 16:03:05,1,1,1,1811.5,0,15.0,468,1750,0,0.00,0.00,0,1,2.01,0.00,1018
2026-05-09 16:03:05,1,1,1,1807.5,0,15.5,482,1742,0,0.00,0.00,0,1,2.01,0.00,1018
2026-05-09 16:03:05,1,1,1,1807.5,0,15.5,482,1742,0,0.00,0.00,0,1,2.01,0.00,1018
2026-05-09 16:03:05,1,1,1,1804.5,0,16.0,496,1735,0,0.00,0.00,0,1,2.01,0.00,1018
2026-05-09 16:03:05,1,1,1,1804.5,0,16.0,496,1735,0,0.00,0.00,0,1,2.01,0.00,1018
2026-05-09 16:03:05,1,1,1,1804.1,0,16.6,515,1729,0,0.00,0.00,0,1,2.01,0.00,1018
2026-05-09 16:03:05,1,1,1,1803.3,0,17.2,532,1723,0,0.00,0.00,0,1,2.01,0.00,1018
2026-05-09 16:03:05,1,1,1,1803.3,0,17.2,532,1723,0,0.00,0.00,0,1,2.01,0.00,1018
2026-05-09 16:03:05,1,1,1,1803.8,0,17.3,537,1722,0,0.00,0.00,0,1,2.01,0.00,1018
2026-05-09 16:03:05,1,1,1,1803.8,0,17.3,537,1722,0,0.00,0.00,0,1,2.01,0.00,1018
2026-05-09 16:03:05,1,1,1,1803.3,0,17.2,532,1723,0,0.00,0.00,0,1,2.01,0.00,1018
2026-05-09 16:03:05,1,1,1,1803.3,0,17.2,532,1723,0,0.00,0.00,0,1,2.01,0.00,1018
2026-05-09 16:03:05,1,1,1,1804.3,0,17.0,529,1725,0,0.00,0.00,0,1,2.01,0.00,1018
2026-05-09 16:03:05,1,1,1,1804.3,0,17.0,529,1725,0,0.00,0.00,0,1,2.01,0.00,1018
2026-05-09 16:03:05,1,1,1,1804.8,0,16.4,511,1731,0,0.00,0.00,0,1,2.01,0.00,1018
2026-05-09 16:03:05,1,1,1,1813.0,0,15.7,492,1745,0,0.00,0.00,0,0,0.00,0.00,0
2026-05-09 16:03:06,1,1,1,1813.0,0,15.7,492,1745,0,0.00,0.00,0,0,0.00,0.00,0
2026-05-09 16:03:06,1,1,1,1823.1,0,14.9,468,1762,0,0.00,0.00,0,0,0.00,0.00,0
2026-05-09 16:03:06,1,1,1,1823.1,0,14.9,468,1762,0,0.00,0.00,0,0,0.00,0.00,0
2026-05-09 16:03:06,1,1,1,1831.0,0,14.6,461,1772,0,0.00,0.00,0,0,0.00,0.00,0
2026-05-09 16:03:06,1,1,1,1831.0,0,14.6,461,1772,0,0.00,0.00,0,0,0.00,0.00,0
2026-05-09 16:03:06,1,1,1,1828.2,0,14.0,442,1774,0,0.00,0.00,0,0,0.00,0.00,0
2026-05-09 16:03:06,1,1,1,1825.9,0,13.6,428,1775,0,0.00,0.00,0,0,0.00,0.00,0
2026-05-09 16:03:06,1,1,1,1825.9,0,13.6,428,1775,0,0.00,0.00,0,0,0.00,0.00,0
2026-05-09 16:03:06,1,1,1,1825.7,0,13.4,423,1776,0,0.00,0.00,0,0,0.00,0.00,0
2026-05-09 16:03:06,1,1,1,1825.7,0,13.4,423,1776,0,0.00,0.00,0,0,0.00,0.00,0
2026-05-09 16:03:06,1,1,1,1826.2,0,13.3,421,1777,0,0.00,0.00,0,0,0.00,0.00,0
2026-05-09 16:03:06,1,1,1,1826.2,0,13.3,421,1777,0,0.00,0.00,0,0,0.00,0.00,0
2026-05-09 16:03:06,1,1,1,1828.1,0,13.3,421,1779,0,0.00,0.00,0,0,0.00,0.00,0
2026-05-09 16:03:06,1,1,1,1828.1,0,13.3,421,1779,0,0.00,0.00,0,0,0.00,0.00,0
2026-05-09 16:03:06,1,1,1,1830.6,0,13.2,419,1782,0,0.00,0.00,0,0,0.00,0.00,0
2026-05-09 16:03:06,1,1,1,1831.0,0,13.0,412,1784,0,0.00,0.00,0,0,0.00,0.00,0
2026-05-09 16:03:06,1,1,1,1831.0,0,13.0,412,1784,0,0.00,0.00,0,0,0.00,0.00,0
2026-05-09 16:03:06,1,1,1,1831.9,0,12.7,403,1787,0,0.00,0.00,0,0,0.00,0.00,0
2026-05-09 16:03:06,1,1,1,1831.9,0,12.7,403,1787,0,0.00,0.00,0,0,0.00,0.00,0
2026-05-09 16:03:06,1,1,1,1832.5,0,12.5,397,1789,0,0.00,0.00,0,0,0.00,0.00,0
2026-05-09 16:03:07,1,1,1,1832.5,0,12.5,397,1789,0,0.00,0.00,0,0,0.00,0.00,0
2026-05-09 16:03:07,1,1,1,1834.5,0,12.5,397,1791,0,0.00,0.00,0,0,0.00,0.00,0
2026-05-09 16:03:07,1,1,1,1834.1,0,12.6,400,1790,0,0.00,0.00,0,0,0.00,0.00,0
2026-05-09 16:03:07,1,1,1,1834.1,0,12.6,400,1790,0,0.00,0.00,0,0,0.00,0.00,0
2026-05-09 16:03:07,1,1,1,1835.6,0,12.7,402,1791,0,0.00,0.00,0,0,0.00,0.00,0
2026-05-09 16:03:07,1,1,1,1835.6,0,12.7,402,1791,0,0.00,0.00,0,0,0.00,0.00,0
2026-05-09 16:03:07,1,1,1,1834.3,0,12.5,396,1791,0,0.00,0.00,0,0,0.00,0.00,0
2026-05-09 16:03:07,1,1,1,1834.3,0,12.5,396,1791,0,0.00,0.00,0,0,0.00,0.00,0
2026-05-09 16:03:07,1,1,1,1832.0,-8,12.3,390,1790,0,0.00,0.00,0,0,0.00,0.00,0
2026-05-09 16:03:07,1,1,1,1832.0,-8,12.3,390,1790,0,0.00,0.00,0,0,0.00,0.00,0
2026-05-09 16:03:07,1,1,1,1829.3,0,12.3,391,1787,0,0.00,0.00,0,0,0.00,0.00,0
2026-05-09 16:03:07,1,1,1,1826.8,0,12.7,402,1782,0,0.00,0.00,0,0,0.00,0.00,0
2026-05-09 16:03:07,1,1,1,1826.8,0,12.7,402,1782,0,0.00,0.00,0,0,0.00,0.00,0
2026-05-09 16:03:07,1,1,1,1824.8,0,13.1,415,1777,0,0.00,0.00,0,0,0.00,0.00,0
2026-05-09 16:03:07,1,1,1,1824.8,0,13.1,415,1777,0,0.00,0.00,0,0,0.00,0.00,0
2026-05-09 16:03:07,1,1,1,1821.7,0,13.7,431,1770,0,0.00,0.00,0,0,0.00,0.00,0
2026-05-09 16:03:07,1,1,1,1821.7,0,13.7,431,1770,0,0.00,0.00,0,0,0.00,0.00,0
2026-05-09 16:03:07,1,1,1,1810.8,0,15.0,469,1749,0,0.00,0.00,0,0,0.00,0.00,0
2026-05-09 16:03:07,1,1,1,1803.3,0,15.5,481,1738,0,0.00,0.00,0,0,0.00,0.00,0
2026-05-09 16:03:07,1,1,1,1803.3,0,15.5,481,1738,0,0.00,0.00,0,0,0.00,0.00,0
2026-05-09 16:03:08,1,1,1,1801.7,0,15.5,482,1736,0,0.00,0.00,0,0,0.00,0.00,0
2026-05-09 16:03:08,1,1,1,1801.7,0,15.5,482,1736,0,0.00,0.00,0,0,0.00,0.00,0
2026-05-09 16:03:08,1,1,1,1799.9,0,15.4,479,1735,0,0.00,0.00,0,0,0.00,0.00,0
2026-05-09 16:03:08,1,1,1,1799.9,0,15.4,479,1735,0,0.00,0.00,0,0,0.00,0.00,0
2026-05-09 16:03:08,1,1,1,1802.4,0,15.2,474,1739,0,0.00,0.00,0,0,0.00,0.00,0
2026-05-09 16:03:08,1,1,1,1802.4,0,15.2,474,1739,0,0.00,0.00,0,0,0.00,0.00,0
2026-05-09 16:03:08,1,1,1,1804.8,0,15.2,472,1742,0,0.00,0.00,0,0,0.00,0.00,0
2026-05-09 16:03:08,1,1,1,1806.5,0,15.1,471,1744,0,0.00,0.00,0,0,0.00,0.00,0
2026-05-09 16:03:08,1,1,1,1806.5,0,15.1,471,1744,0,0.00,0.00,0,1,2.00,0.00,4797
2026-05-09 16:03:08,1,1,1,1808.7,0,15.1,472,1746,0,0.00,0.00,0,1,2.00,0.00,4797
2026-05-09 16:03:08,1,1,1,1808.7,0,15.1,472,1746,0,0.00,0.00,0,1,2.73,0.04,388
2026-05-09 16:03:08,1,1,1,1810.9,0,15.1,473,1748,0,0.00,0.00,0,1,2.73,0.04,388
2026-05-09 16:03:08,1,1,1,1810.9,0,15.1,473,1748,0,0.00,0.00,0,1,2.49,0.00,7225
2026-05-09 16:03:08,1,1,1,1814.5,0,15.1,472,1752,0,0.00,0.00,0,1,2.49,0.00,7225
2026-05-09 16:03:08,1,1,1,1816.9,0,15.1,474,1754,1,2.33,-0.01,4909,1,2.33,-0.01,4909
2026-05-09 16:03:08,1,1,1,1816.9,0,15.1,474,1754,1,2.33,-0.01,4909,1,2.33,-0.01,4909
2026-05-09 16:03:08,1,1,1,1819.8,0,15.1,474,1757,1,2.26,-0.02,1042,1,2.26,-0.02,1042
2026-05-09 16:03:08,1,1,1,1819.8,0,15.1,474,1757,1,2.26,-0.02,1042,1,2.26,-0.02,1042
2026-05-09 16:03:08,1,1,1,1821.9,0,15.0,471,1760,1,2.26,-0.02,1042,1,2.26,-0.02,1042
2026-05-09 16:03:08,1,1,1,1821.9,0,15.0,471,1760,1,2.26,-0.02,1042,1,2.26,-0.02,1042
2026-05-09 16:03:09,1,1,1,1824.6,0,14.9,470,1763,1,2.18,-0.04,4225,1,2.18,-0.04,4225
2026-05-09 16:03:09,1,1,1,1824.6,0,14.9,470,1763,1,2.18,-0.04,4225,1,2.18,-0.04,4225
2026-05-09 16:03:09,1,1,1,1826.8,0,14.9,471,1765,1,2.15,-0.04,2873,1,2.15,-0.04,2873
2026-05-09 16:03:09,1,1,1,1829.4,0,14.9,470,1768,1,2.15,-0.04,2873,1,2.15,-0.04,2873
2026-05-09 16:03:09,1,1,1,1829.4,0,14.9,470,1768,1,2.10,-0.04,2237,1,2.10,-0.04,2237
2026-05-09 16:03:09,1,1,1,1828.9,0,14.8,468,1768,1,2.10,-0.04,2237,1,2.10,-0.04,2237
2026-05-09 16:03:09,1,1,1,1828.9,0,14.8,468,1768,1,2.10,-0.04,2237,1,2.10,-0.04,2237
2026-05-09 16:03:09,1,1,1,1827.4,0,14.8,466,1767,0,0.00,0.00,0,1,2.10,-0.04,2237
2026-05-09 16:03:09,1,1,1,1827.4,0,14.8,466,1767,0,0.00,0.00,0,1,2.10,-0.04,2237
2026-05-09 16:03:09,1,1,1,1827.9,0,14.8,468,1767,0,0.00,0.00,0,1,2.10,-0.04,2237
2026-05-09 16:03:09,1,1,1,1827.9,0,14.8,468,1767,0,0.00,0.00,0,1,2.10,-0.04,2237
2026-05-09 16:03:09,1,1,1,1829.9,0,14.8,468,1769,0,0.00,0.00,0,1,2.10,-0.04,2237
2026-05-09 16:03:09,1,1,1,1830.1,0,14.8,469,1769,0,0.00,0.00,0,1,2.00,0.00,2448
2026-05-09 16:03:09,1,1,1,1830.1,0,14.8,469,1769,0,0.00,0.00,0,1,2.00,0.00,2448
2026-05-09 16:03:09,1,1,1,1831.4,0,15.0,474,1769,0,0.00,0.00,0,1,2.00,0.00,530
2026-05-09 16:03:09,1,1,1,1831.4,0,15.0,474,1769,0,0.00,0.00,0,1,2.00,0.00,530
2026-05-09 16:03:09,1,1,1,1831.1,0,15.3,484,1766,0,0.00,0.00,0,1,2.00,0.00,530
2026-05-09 16:03:09,1,1,1,1831.1,0,15.3,484,1766,0,0.00,0.00,0,1,2.00,0.00,530
2026-05-09 16:03:09,1,1,1,1830.4,0,15.6,492,1763,0,0.00,0.00,0,1,2.00,0.00,298
2026-05-09 16:03:09,1,1,1,1828.0,0,15.7,494,1760,0,0.00,0.00,0,1,2.00,0.00,298
2026-05-09 16:03:10,1,1,1,1828.0,0,15.7,494,1760,0,0.00,0.00,0,1,2.00,0.00,340
2026-05-09 16:03:10,1,1,1,1825.9,0,15.8,497,1757,0,0.00,0.00,0,1,2.00,0.00,340
2026-05-09 16:03:10,1,1,1,1825.9,0,15.8,497,1757,0,0.00,0.00,0,1,2.00,0.00,144
2026-05-09 16:03:10,1,1,1,1825.4,0,15.7,495,1757,0,0.00,0.00,0,1,2.00,0.00,144
2026-05-09 16:03:10,1,1,1,1825.4,0,15.7,495,1757,0,0.00,0.00,0,1,2.00,0.00,724
2026-05-09 16:03:10,1,1,1,1825.7,0,15.8,496,1757,0,0.00,0.00,0,1,2.00,0.00,724
2026-05-09 16:03:10,1,1,1,1825.7,0,15.8,496,1757,0,0.00,0.00,0,1,2.00,0.00,724
2026-05-09 16:03:10,1,1,1,1825.9,0,15.8,497,1757,0,0.00,0.00,0,1,2.00,0.00,724
2026-05-09 16:03:10,1,1,1,1826.5,0,15.9,499,1757,0,0.00,0.00,0,1,2.00,0.00,1258
2026-05-09 16:03:10,1,1,1,1826.5,0,15.9,499,1757,0,0.00,0.00,0,1,2.00,0.00,1258
2026-05-09 16:03:10,1,1,1,1826.9,0,16.0,504,1756,0,0.00,0.00,0,1,2.00,0.00,1258
2026-05-09 16:03:10,1,1,1,1826.9,0,16.0,504,1756,0,0.00,0.00,0,1,2.00,0.00,1258
2026-05-09 16:03:10,1,1,1,1826.6,0,16.2,510,1754,0,0.00,0.00,0,1,2.00,0.00,1258
2026-05-09 16:03:10,1,1,1,1826.6,0,16.2,510,1754,0,0.00,0.00,0,1,2.00,0.00,1258
2026-05-09 16:03:10,1,1,1,1827.1,0,16.4,515,1753,0,0.00,0.00,0,1,2.00,0.00,1258
2026-05-09 16:03:10,1,1,1,1827.5,0,16.5,520,1752,0,0.00,0.00,0,1,2.00,0.00,1258
2026-05-09 16:03:10,1,1,1,1827.5,0,16.5,520,1752,0,0.00,0.00,0,1,2.00,0.00,1258
2026-05-09 16:03:10,1,1,1,1829.3,0,16.7,526,1752,0,0.00,0.00,0,1,2.00,0.00,1258
2026-05-09 16:03:10,1,1,1,1829.3,0,16.7,526,1752,0,0.00,0.00,0,1,2.00,0.00,1258
2026-05-09 16:03:10,1,1,1,1828.4,0,16.9,533,1749,0,0.00,0.00,0,1,2.00,0.00,1258
2026-05-09 16:03:11,1,1,1,1828.4,0,16.9,533,1749,0,0.00,0.00,0,1,2.00,0.00,1258
2026-05-09 16:03:11,1,1,1,1822.8,0,17.2,540,1741,0,0.00,0.00,0,1,2.00,0.00,1258
2026-05-09 16:03:11,1,1,1,1822.8,0,17.2,540,1741,0,0.00,0.00,0,1,2.00,0.00,1258
2026-05-09 16:03:11,1,1,1,1817.6,0,17.4,545,1734,0,0.00,0.00,0,0,0.00,0.00,0
2026-05-09 16:03:11,1,1,1,1815.1,0,17.5,546,1731,0,0.00,0.00,0,0,0.00,0.00,0
2026-05-09 16:03:11,1,1,1,1815.1,0,17.5,546,1731,0,0.00,0.00,0,0,0.00,0.00,0
2026-05-09 16:03:11,1,1,1,1812.3,0,17.3,540,1730,0,0.00,0.00,0,1,2.04,0.46,349
2026-05-09 16:03:11,1,1,1,1812.3,0,17.3,540,1730,0,0.00,0.00,0,1,2.04,0.46,349
2026-05-09 16:03:11,1,1,1,1810.6,0,17.1,531,1731,0,0.00,0.00,0,1,2.08,0.46,349
2026-05-09 16:03:11,1,1,1,1810.6,0,17.1,531,1731,0,0.00,0.00,0,1,2.08,0.46,349
2026-05-09 16:03:11,1,1,1,1809.0,0,16.7,519,1733,0,0.00,0.00,0,1,2.04,0.22,481
2026-05-09 16:03:11,1,1,1,1808.7,0,16.4,511,1735,0,0.00,0.00,0,1,2.04,0.22,481
2026-05-09 16:03:11,1,1,1,1808.7,0,16.4,511,1735,0,0.00,0.00,0,1,2.06,0.22,481
2026-05-09 16:03:11,1,1,1,1809.3,0,16.5,513,1735,0,0.00,0.00,0,1,2.06,0.22,481
2026-05-09 16:03:11,1,1,1,1809.3,0,16.5,513,1735,0,0.00,0.00,0,1,2.04,0.14,128
2026-05-09 16:03:11,1,1,1,1810.5,0,16.5,514,1736,0,0.00,0.00,0,1,2.04,0.14,128
2026-05-09 16:03:11,1,1,1,1810.5,0,16.5,514,1736,0,0.00,0.00,0,1,2.05,0.14,128
2026-05-09 16:03:11,1,1,1,1812.1,0,16.4,513,1738,0,0.00,0.00,0,1,2.05,0.14,128
2026-05-09 16:03:11,1,1,1,1812.1,0,16.4,513,1738,0,0.00,0.00,0,1,2.04,0.09,493
2026-05-09 16:03:11,1,1,1,1815.6,0,16.5,515,1741,0,0.00,0.00,0,1,2.04,0.09,493
2026-05-09 16:03:12,1,1,1,1817.9,0,16.4,513,1744,0,0.00,0.00,0,1,2.05,0.09,493
2026-05-09 16:03:12,1,1,1,1817.9,0,16.4,513,1744,0,0.00,0.00,0,1,2.05,0.09,493
2026-05-09 16:03:12,1,1,1,1819.5,0,16.3,512,1746,0,0.00,0.00,0,1,2.05,0.09,493
2026-05-09 16:03:12,1,1,1,1819.5,0,16.3,512,1746,0,0.00,0.00,0,1,2.05,0.09,493
2026-05-09 16:03:12,1,1,1,1821.4,0,16.3,512,1748,0,0.00,0.00,0,1,2.05,0.09,493
2026-05-09 16:03:12,1,1,1,1821.4,0,16.3,512,1748,0,0.00,0.00,0,1,2.05,0.09,493
2026-05-09 16:03:12,1,1,1,1821.0,0,16.4,514,1747,0,0.00,0.00,0,1,2.05,0.09,493
2026-05-09 16:03:12,1,1,1,1820.5,0,16.6,519,1745,0,0.00,0.00,0,1,2.05,0.09,493
2026-05-09 16:03:12,1,1,1,1820.5,0,16.6,519,1745,0,0.00,0.00,0,1,2.05,0.09,493
2026-05-09 16:03:12,1,1,1,1818.5,0,17.1,535,1738,0,0.00,0.00,0,1,2.05,0.09,493
2026-05-09 16:03:12,1,1,1,1818.5,0,17.1,535,1738,0,0.00,0.00,0,1,2.05,0.09,493
2026-05-09 16:03:12,1,1,1,1816.5,0,17.8,554,1730,0,0.00,0.00,0,1,2.05,0.09,493
2026-05-09 16:03:12,1,1,1,1816.5,0,17.8,554,1730,0,0.00,0.00,0,1,2.05,0.09,493
2026-05-09 16:03:12,1,1,1,1797.8,0,18.6,573,1704,0,0.00,0.00,0,0,0.00,0.00,0
2026-05-09 16:03:12,1,1,1,1797.8,0,18.6,573,1704,0,0.00,0.00,0,0,0.00,0.00,0
2026-05-09 16:03:12,1,1,1,1774.9,0,19.3,587,1675,0,0.00,0.00,0,0,0.00,0.00,0
2026-05-09 16:03:12,1,1,1,1771.4,0,20.2,613,1662,0,0.00,0.00,0,0,0.00,0.00,0
2026-05-09 16:03:12,1,1,1,1771.4,0,20.2,613,1662,0,0.00,0.00,0,0,0.00,0.00,0
2026-05-09 16:03:12,1,1,1,1772.8,0,20.4,617,1662,0,0.00,0.00,0,0,0.00,0.00,0
2026-05-09 16:03:12,1,1,1,1772.8,0,20.4,617,1662,0,0.00,0.00,0,0,0.00,0.00,0
2026-05-09 16:03:13,1,1,1,1774.3,0,20.2,613,1665,0,0.00,0.00,0,0,0.00,0.00,0
2026-05-09 16:03:13,1,1,1,1774.3,0,20.2,613,1665,0,0.00,0.00,0,0,0.00,0.00,0
2026-05-09 16:03:13,1,1,1,1774.7,0,20.0,606,1668,0,0.00,0.00,0,0,0.00,0.00,0
2026-05-09 16:03:13,1,1,1,1772.2,0,19.7,596,1669,0,0.00,0.00,0,0,0.00,0.00,0
2026-05-09 16:03:13,1,1,1,1772.2,0,19.7,596,1669,0,0.00,0.00,0,0,0.00,0.00,0
2026-05-09 16:03:13,1,1,1,1770.5,0,19.4,588,1670,0,0.00,0.00,0,0,0.00,0.00,0
2026-05-09 16:03:13,1,1,1,1770.5,0,19.4,588,1670,0,0.00,0.00,0,1,2.00,0.00,325
2026-05-09 16:03:13,1,1,1,1770.7,0,19.2,583,1672,0,0.00,0.00,0,1,2.00,0.00,325
2026-05-09 16:03:13,1,1,1,1770.7,0,19.2,583,1672,0,0.00,0.00,0,1,2.00,0.00,325
2026-05-09 16:03:13,1,1,1,1771.6,0,19.1,580,1674,0,0.00,0.00,0,1,2.00,0.00,325
2026-05-09 16:03:13,1,1,1,1771.6,0,19.1,580,1674,0,0.00,0.00,0,1,2.00,0.00,325
2026-05-09 16:03:13,1,1,1,1772.8,0,18.8,572,1678,0,0.00,0.00,0,1,2.00,0.00,325
2026-05-09 16:03:13,1,1,1,1773.7,0,18.5,563,1682,0,0.00,0.00,0,1,2.00,0.00,325
2026-05-09 16:03:13,1,1,1,1773.7,0,18.5,563,1682,0,0.00,0.00,0,1,2.00,0.00,325
2026-05-09 16:03:13,1,1,1,1772.8,0,18.3,557,1683,0,0.00,0.00,0,1,2.00,0.00,325
2026-05-09 16:03:13,1,1,1,1772.8,0,18.3,557,1683,0,0.00,0.00,0,1,2.00,0.00,325
2026-05-09 16:03:13,1,1,1,1771.2,0,18.2,552,1683,0,0.00,0.00,0,1,2.00,0.00,325
2026-05-09 16:03:13,1,1,1,1771.2,0,18.2,552,1683,0,0.00,0.00,0,1,2.00,0.00,325
2026-05-09 16:03:13,1,1,1,1769.7,0,18.0,547,1683,0,0.00,0.00,0,1,2.00,0.00,325
2026-05-09 16:03:13,1,1,1,1769.7,0,18.0,547,1683,0,0.00,0.00,0,1,2.00,0.00,325
2026-05-09 16:03:14,1,1,1,1768.4,0,17.9,543,1683,0,0.00,0.00,0,1,2.00,0.00,325
2026-05-09 16:03:14,1,1,1,1754.1,0,18.3,552,1665,0,0.00,0.00,0,0,0.00,0.00,0
2026-05-09 16:03:14,1,1,1,1754.1,0,18.3,552,1665,0,0.00,0.00,0,0,0.00,0.00,0
2026-05-09 16:03:14,1,1,1,1738.4,0,19.0,565,1644,0,0.00,0.00,0,0,0.00,0.00,0
2026-05-09 16:03:14,1,1,1,1738.4,0,19.0,565,1644,0,0.00,0.00,0,0,0.00,0.00,0
2026-05-09 16:03:14,1,1,1,1719.8,0,19.7,580,1619,0,0.00,0.00,0,0,0.00,0.00,0
2026-05-09 16:03:14,1,1,1,1719.8,0,19.7,580,1619,0,0.00,0.00,0,0,0.00,0.00,0
2026-05-09 16:03:14,1,1,1,1714.0,0,19.7,577,1614,0,0.00,0.00,0,0,0.00,0.00,0
2026-05-09 16:03:14,1,1,1,1710.1,0,19.5,571,1612,0,0.00,0.00,0,0,0.00,0.00,0
2026-05-09 16:03:14,1,1,1,1710.1,0,19.5,571,1612,0,0.00,0.00,0,0,0.00,0.00,0
2026-05-09 16:03:14,1,1,1,1705.7,0,19.5,569,1608,0,0.00,0.00,0,0,0.00,0.00,0
2026-05-09 16:03:14,1,1,1,1705.7,0,19.5,569,1608,0,0.00,0.00,0,0,0.00,0.00,0
2026-05-09 16:03:14,1,1,1,1700.7,0,19.5,568,1603,0,0.00,0.00,0,0,0.00,0.00,0
2026-05-09 16:03:14,1,1,1,1700.7,0,19.5,568,1603,0,0.00,0.00,0,0,0.00,0.00,0
2026-05-09 16:03:14,1,1,1,1699.8,0,19.7,574,1600,0,0.00,0.00,0,0,0.00,0.00,0
2026-05-09 16:03:14,1,1,1,1699.8,0,19.7,574,1600,0,0.00,0.00,0,0,0.00,0.00,0
2026-05-09 16:03:14,1,1,1,1702.4,0,19.8,576,1602,0,0.00,0.00,0,0,0.00,0.00,0
2026-05-09 16:03:14,1,1,1,1705.9,0,19.8,578,1605,0,0.00,0.00,0,0,0.00,0.00,0
2026-05-09 16:03:14,1,1,1,1705.9,0,19.8,578,1605,0,0.00,0.00,0,0,0.00,0.00,0
2026-05-09 16:03:14,1,1,1,1707.9,0,19.4,567,1611,0,0.00,0.00,0,0,0.00,0.00,0
2026-05-09 16:03:15,1,1,1,1707.9,0,19.4,567,1611,0,0.00,0.00,0,0,0.00,0.00,0
2026-05-09 16:03:15,1,1,1,1710.9,0,19.0,556,1618,0,0.00,0.00,0,0,0.00,0.00,0
2026-05-09 16:03:15,1,1,1,1710.9,0,19.0,556,1618,0,0.00,0.00,0,0,0.00,0.00,0
2026-05-09 16:03:15,1,1,1,1715.6,0,18.7,550,1625,0,0.00,0.00,0,0,0.00,0.00,0
2026-05-09 16:03:15,1,1,1,1720.0,0,18.5,546,1631,0,0.00,0.00,0,0,0.00,0.00,0
2026-05-09 16:03:15,1,1,1,1720.0,0,18.5,546,1631,0,0.00,0.00,0,0,0.00,0.00,0
2026-05-09 16:03:15,1,1,1,1723.8,0,18.3,540,1637,0,0.00,0.00,0,0,0.00,0.00,0
2026-05-09 16:03:15,1,1,1,1723.8,0,18.3,540,1637,0,0.00,0.00,0,0,0.00,0.00,0
2026-05-09 16:03:15,1,1,1,1731.1,0,18.0,536,1646,0,0.00,0.00,0,0,0.00,0.00,0
2026-05-09 16:03:15,1,1,1,1731.1,0,18.0,536,1646,0,0.00,0.00,0,0,0.00,0.00,0
2026-05-09 16:03:15,1,1,1,1735.8,0,18.0,536,1651,0,0.00,0.00,0,0,0.00,0.00,0
2026-05-09 16:03:15,1,1,1,1735.8,0,18.0,536,1651,0,0.00,0.00,0,0,0.00,0.00,0
2026-05-09 16:03:15,1,1,1,1740.2,0,18.1,541,1654,0,0.00,0.00,0,0,0.00,0.00,0
2026-05-09 16:03:15,1,1,1,1744.3,0,18.2,545,1657,0,0.00,0.00,0,0,0.00,0.00,0
2026-05-09 16:03:15,1,1,1,1744.3,0,18.2,545,1657,0,0.00,0.00,0,0,0.00,0.00,0
2026-05-09 16:03:15,1,1,1,1746.2,0,18.3,548,1658,0,0.00,0.00,0,0,0.00,0.00,0
2026-05-09 16:03:15,1,1,1,1746.2,0,18.3,548,1658,0,0.00,0.00,0,1,2.00,0.00,272
2026-05-09 16:03:15,1,1,1,1744.3,0,18.1,542,1658,0,0.00,0.00,0,1,2.00,0.00,272
2026-05-09 16:03:15,1,1,1,1744.3,0,18.1,542,1658,0,0.00,0.00,0,1,2.00,0.00,272
2026-05-09 16:03:15,1,1,1,1740.2,0,18.0,538,1655,0,0.00,0.00,0,1,2.00,0.00,272
2026-05-09 16:03:16,1,1,1,1738.7,0,18.0,536,1654,0,0.00,0.00,0,1,2.00,0.00,452
2026-05-09 16:03:16,1,1,1,1738.7,0,18.0,536,1654,0,0.00,0.00,0,1,2.00,0.00,452
2026-05-09 16:03:16,1,1,1,1738.4,0,17.9,535,1654,0,0.00,0.00,0,1,2.00,0.00,452
2026-05-09 16:03:16,1,1,1,1738.4,0,17.9,535,1654,0,0.00,0.00,0,1,2.00,0.00,452
2026-05-09 16:03:16,1,1,1,1737.5,0,17.7,529,1655,0,0.00,0.00,0,1,2.00,0.00,452
2026-05-09 16:03:16,1,1,1,1737.5,0,17.7,529,1655,0,0.00,0.00,0,1,2.00,0.00,452
2026-05-09 16:03:16,1,1,1,1733.3,0,17.2,512,1656,0,0.00,0.00,0,1,2.00,0.00,452
2026-05-09 16:03:16,1,1,1,1733.3,0,17.2,512,1656,0,0.00,0.00,0,1,2.00,0.00,452
2026-05-09 16:03:16,1,1,1,1728.7,0,16.7,496,1656,0,0.00,0.00,0,1,2.00,0.00,452
2026-05-09 16:03:16,1,1,1,1723.2,0,15.9,473,1657,0,0.00,0.00,0,1,2.00,0.00,452
2026-05-09 16:03:16,1,1,1,1723.2,0,15.9,473,1657,0,0.00,0.00,0,1,2.00,0.00,452
2026-05-09 16:03:16,1,1,1,1707.7,0,13.6,401,1660,0,0.00,0.00,0,1,2.00,0.00,452
2026-05-09 16:03:16,1,1,1,1707.7,0,13.6,401,1660,0,0.00,0.00,0,1,2.00,0.00,452
2026-05-09 16:03:16,1,1,1,1707.2,0,11.0,325,1676,0,0.00,0.00,0,1,2.00,0.00,452
2026-05-09 16:03:16,1,1,1,1707.2,0,11.0,325,1676,0,0.00,0.00,0,1,2.00,0.00,452
2026-05-09 16:03:16,1,1,1,1711.6,0,8.7,258,1692,0,0.00,0.00,0,0,0.00,0.00,0
2026-05-09 16:03:16,1,1,1,1719.7,0,7.5,224,1705,0,0.00,0.00,0,0,0.00,0.00,0
2026-05-09 16:03:16,1,1,1,1719.7,0,7.5,224,1705,0,0.00,0.00,0,0,0.00,0.00,0
2026-05-09 16:03:16,1,1,1,1720.8,0,7.5,225,1706,0,0.00,0.00,0,0,0.00,0.00,0
2026-05-09 16:03:16,1,1,1,1720.8,0,7.5,225,1706,0,0.00,0.00,0,0,0.00,0.00,0
2026-05-09 16:03:17,1,1,1,1722.2,0,7.6,228,1707,0,0.00,0.00,0,0,0.00,0.00,0
2026-05-09 16:03:17,1,1,1,1722.2,0,7.6,228,1707,0,0.00,0.00,0,0,0.00,0.00,0
2026-05-09 16:03:17,1,1,1,1722.5,0,7.9,238,1706,0,0.00,0.00,0,0,0.00,0.00,0
2026-05-09 16:03:17,1,1,1,1722.5,0,7.9,238,1706,0,0.00,0.00,0,0,0.00,0.00,0
2026-05-09 16:03:17,1,1,1,1722.7,0,9.3,279,1700,0,0.00,0.00,0,0,0.00,0.00,0
2026-05-09 16:03:17,1,1,1,1723.1,0,9.6,287,1699,0,0.00,0.00,0,0,0.00,0.00,0
2026-05-09 16:03:17,1,1,1,1723.1,0,9.6,287,1699,0,0.00,0.00,0,0,0.00,0.00,0
2026-05-09 16:03:17,1,1,1,1726.5,0,9.7,290,1702,0,0.00,0.00,0,0,0.00,0.00,0
2026-05-09 16:03:17,1,1,1,1726.5,0,9.7,290,1702,0,0.00,0.00,0,0,0.00,0.00,0
2026-05-09 16:03:17,1,1,1,1731.5,0,9.8,296,1706,0,0.00,0.00,0,0,0.00,0.00,0
2026-05-09 16:03:17,1,1,1,1731.5,0,9.8,296,1706,0,0.00,0.00,0,0,0.00,0.00,0
2026-05-09 16:03:17,1,1,1,1735.4,0,9.8,296,1710,0,0.00,0.00,0,0,0.00,0.00,0
2026-05-09 16:03:17,1,1,1,1735.4,0,9.8,296,1710,0,0.00,0.00,0,0,0.00,0.00,0
2026-05-09 16:03:17,1,1,1,1735.2,0,9.4,283,1712,0,0.00,0.00,0,0,0.00,0.00,0
2026-05-09 16:03:17,1,1,1,1734.1,0,9.0,270,1713,0,0.00,0.00,0,0,0.00,0.00,0
2026-05-09 16:03:17,1,1,1,1734.1,0,9.0,270,1713,0,0.00,0.00,0,0,0.00,0.00,0
2026-05-09 16:03:17,1,1,1,1725.9,0,7.0,211,1713,0,0.00,0.00,0,0,0.00,0.00,0
2026-05-09 16:03:17,1,1,1,1725.9,0,7.0,211,1713,0,0.00,0.00,0,0,0.00,0.00,0
2026-05-09 16:03:17,1,1,1,1720.8,0,4.7,141,1715,0,0.00,0.00,0,0,0.00,0.00,0
2026-05-09 16:03:17,1,1,1,1720.8,0,4.7,141,1715,0,0.00,0.00,0,0,0.00,0.00,0
2026-05-09 16:03:18,1,1,1,1719.0,0,0.3,10,1719,0,0.00,0.00,0,0,0.00,0.00,0
2026-05-09 16:03:18,1,1,1,1724.0,0,0.3,8,1724,0,0.00,0.00,0,0,0.00,0.00,0
2026-05-09 16:03:18,1,1,1,1724.0,0,0.3,8,1724,0,0.00,0.00,0,0,0.00,0.00,0
2026-05-09 16:03:18,1,1,1,1733.3,0,1.0,31,1733,0,0.00,0.00,0,0,0.00,0.00,0
2026-05-09 16:03:18,1,1,1,1733.3,0,1.0,31,1733,0,0.00,0.00,0,0,0.00,0.00,0
2026-05-09 16:03:18,1,1,1,1735.6,0,1.5,45,1735,0,0.00,0.00,0,0,0.00,0.00,0
2026-05-09 16:03:18,1,1,1,1735.6,0,1.5,45,1735,0,0.00,0.00,0,0,0.00,0.00,0
2026-05-09 16:03:18,1,1,1,1741.3,0,2.2,68,1740,0,0.00,0.00,0,0,0.00,0.00,0
2026-05-09 16:03:18,1,1,1,1741.3,0,2.2,68,1740,0,0.00,0.00,0,0,0.00,0.00,0
2026-05-09 16:03:18,1,1,1,1765.1,0,4.8,147,1759,0,0.00,0.00,0,0,0.00,0.00,0
2026-05-09 16:03:18,1,1,1,1772.7,0,6.9,212,1760,0,0.00,0.00,0,0,0.00,0.00,0
2026-05-09 16:03:18,1,1,1,1772.7,0,6.9,212,1760,0,0.00,0.00,0,0,0.00,0.00,0
2026-05-09 16:03:18,1,1,1,1772.6,0,7.4,227,1758,0,0.00,0.00,0,0,0.00,0.00,0
2026-05-09 16:03:18,1,1,1,1772.6,0,7.4,227,1758,0,0.00,0.00,0,0,0.00,0.00,0
2026-05-09 16:03:18,1,1,1,1768.8,0,7.7,236,1753,0,0.00,0.00,0,0,0.00,0.00,0
2026-05-09 16:03:18,1,1,1,1768.8,0,7.7,236,1753,0,0.00,0.00,0,0,0.00,0.00,0
2026-05-09 16:03:18,1,1,1,1763.4,0,7.8,240,1747,0,0.00,0.00,0,0,0.00,0.00,0
2026-05-09 16:03:18,1,1,1,1764.2,0,8.0,246,1747,0,0.00,0.00,0,0,0.00,0.00,0
2026-05-09 16:03:18,1,1,1,1764.2,0,8.0,246,1747,0,0.00,0.00,0,0,0.00,0.00,0
2026-05-09 16:03:18,1,1,1,1767.6,0,8.3,256,1749,0,0.00,0.00,0,0,0.00,0.00,0
2026-05-09 16:03:19,1,1,1,1767.6,0,8.3,256,1749,0,0.00,0.00,0,0,0.00,0.00,0
2026-05-09 16:03:19,1,1,1,1772.5,0,8.7,269,1752,0,0.00,0.00,0,0,0.00,0.00,0
2026-05-09 16:03:19,1,1,1,1772.5,0,8.7,269,1752,0,0.00,0.00,0,1,2.00,0.00,221
2026-05-09 16:03:19,1,1,1,1776.9,8,9.0,278,1755,0,0.00,0.00,0,1,2.00,0.00,221
2026-05-09 16:03:19,1,1,1,1776.9,8,9.0,278,1755,0,0.00,0.00,0,1,2.00,0.00,221
2026-05-09 16:03:19,1,1,1,1780.6,0,9.3,289,1757,0,0.00,0.00,0,1,2.00,0.00,221
2026-05-09 16:03:19,1,1,1,1782.3,0,9.7,299,1757,0,0.00,0.00,0,1,2.00,0.00,650
2026-05-09 16:03:19,1,1,1,1782.3,0,9.7,299,1757,0,0.00,0.00,0,1,2.00,0.00,650
2026-05-09 16:03:19,1,1,1,1784.3,0,10.0,311,1757,0,0.00,0.00,0,1,2.00,0.00,3602
2026-05-09 16:03:19,1,1,1,1784.3,0,10.0,311,1757,0,0.00,0.00,0,1,2.00,0.00,3602
2026-05-09 16:03:19,1,1,1,1786.4,0,10.4,323,1757,0,0.00,0.00,0,1,2.00,0.00,1522
2026-05-09 16:03:19,1,1,1,1786.4,0,10.4,323,1757,0,0.00,0.00,0,1,2.00,0.00,1522
2026-05-09 16:03:19,1,1,1,1788.9,8,10.7,331,1758,0,0.00,0.00,0,1,2.00,0.00,1525
2026-05-09 16:03:19,1,1,1,1791.6,0,10.9,340,1759,0,0.00,0.00,0,1,2.00,0.00,1525
2026-05-09 16:03:19,1,1,1,1791.6,0,10.9,340,1759,0,0.00,0.00,0,1,2.00,0.00,845
2026-05-09 16:03:19,1,1,1,1793.9,0,11.3,352,1759,0,0.00,0.00,0,1,2.00,0.00,845
2026-05-09 16:03:19,1,1,1,1793.9,0,11.3,352,1759,0,0.00,0.00,0,1,2.00,0.00,1933
2026-05-09 16:03:19,1,1,1,1796.5,0,11.7,365,1759,0,0.00,0.00,0,1,2.00,0.00,1933
2026-05-09 16:03:19,1,1,1,1796.5,0,11.7,365,1759,0,0.00,0.00,0,1,2.00,0.00,2993
2026-05-09 16:03:19,1,1,1,1797.8,0,12.1,376,1758,0,0.00,0.00,0,1,2.00,0.00,2993
2026-05-09 16:03:20,1,1,1,1797.8,0,12.1,376,1758,0,0.00,0.00,0,1,1.98,0.00,509
2026-05-09 16:03:20,1,1,1,1799.4,0,12.3,384,1758,0,0.00,0.00,0,1,1.98,0.00,509
2026-05-09 16:03:20,1,1,1,1800.6,0,12.6,394,1757,0,0.00,0.00,0,1,1.98,0.00,1297
2026-05-09 16:03:20,1,1,1,1800.6,0,12.6,394,1757,0,0.00,0.00,0,1,1.98,0.00,1297
2026-05-09 16:03:20,1,1,1,1803.9,0,12.8,400,1759,0,0.00,0.00,0,1,1.98,0.00,1181
2026-05-09 16:03:20,1,1,1,1803.9,0,12.8,400,1759,0,0.00,0.00,0,1,1.98,0.00,1181
2026-05-09 16:03:20,1,1,1,1805.0,0,13.1,409,1758,0,0.00,0.00,0,1,1.98,0.00,769
2026-05-09 16:03:20,1,1,1,1805.0,0,13.1,409,1758,0,0.00,0.00,0,1,1.98,0.00,769
2026-05-09 16:03:20,1,1,1,1807.2,0,13.4,419,1758,0,0.00,0.00,0,1,1.98,0.00,1125
2026-05-09 16:03:20,1,1,1,1806.9,0,13.8,430,1755,0,0.00,0.00,0,1,1.98,0.00,1125
2026-05-09 16:03:20,1,1,1,1806.9,0,13.8,430,1755,0,0.00,0.00,0,1,1.99,0.00,257
2026-05-09 16:03:20,1,1,1,1809.1,8,14.2,443,1754,0,0.00,0.00,0,1,1.99,0.00,257
2026-05-09 16:03:20,1,1,1,1809.1,8,14.2,443,1754,0,0.00,0.00,0,1,1.99,0.00,866
2026-05-09 16:03:20,1,1,1,1809.9,0,14.7,458,1751,0,0.00,0.00,0,1,1.99,0.00,866
2026-05-09 16:03:20,1,1,1,1809.9,0,14.7,458,1751,0,0.00,0.00,0,1,1.99,0.00,324
2026-05-09 16:03:20,1,1,1,1811.1,0,15.2,474,1748,0,0.00,0.00,0,1,1.99,0.00,324
2026-05-09 16:03:20,1,1,1,1811.1,0,15.2,474,1748,0,0.00,0.00,0,1,1.99,0.00,324
2026-05-09 16:03:20,1,1,1,1812.2,0,15.7,489,1745,0,0.00,0.00,0,1,1.99,0.00,324
2026-05-09 16:03:20,1,1,1,1809.5,0,16.3,507,1737,0,0.00,0.00,0,1,1.99,0.00,324
2026-05-09 16:03:20,1,1,1,1809.5,0,16.3,507,1737,0,0.00,0.00,0,1,1.99,0.00,324
2026-05-09 16:03:21,1,1,1,1805.0,0,16.9,525,1727,0,0.00,0.00,0,1,1.99,0.00,324
2026-05-09 16:03:21,1,1,1,1805.0,0,16.9,525,1727,0,0.00,0.00,0,1,1.99,0.00,324
2026-05-09 16:03:21,1,1,1,1800.5,0,17.5,542,1717,0,0.00,0.00,0,1,1.99,0.00,324
2026-05-09 16:03:21,1,1,1,1800.5,0,17.5,542,1717,0,0.00,0.00,0,1,1.99,0.00,324
2026-05-09 16:03:21,1,1,1,1796.2,0,18.1,559,1707,0,0.00,0.00,0,1,1.99,0.00,324
2026-05-09 16:03:21,1,1,1,1794.0,0,18.5,570,1701,0,0.00,0.00,0,1,1.99,0.00,324
2026-05-09 16:03:21,1,1,1,1794.0,0,18.5,570,1701,0,0.00,0.00,0,1,1.99,0.00,324
2026-05-09 16:03:21,1,1,1,1796.2,0,18.4,568,1704,0,0.00,0.00,0,1,1.99,0.00,324
2026-05-09 16:03:21,1,1,1,1796.2,0,18.4,568,1704,0,0.00,0.00,0,1,1.99,0.00,324
2026-05-09 16:03:21,1,1,1,1801.9,0,18.3,565,1711,0,0.00,0.00,0,0,0.00,0.00,0
2026-05-09 16:03:21,1,1,1,1801.9,0,18.3,565,1711,0,0.00,0.00,0,1,2.00,0.00,250
2026-05-09 16:03:21,1,1,1,1803.8,0,18.2,562,1714,0,0.00,0.00,0,1,2.00,0.00,250
2026-05-09 16:03:21,1,1,1,1803.8,0,18.2,562,1714,0,0.00,0.00,0,1,2.00,0.00,250
2026-05-09 16:03:21,1,1,1,1805.7,0,17.9,556,1718,0,0.00,0.00,0,1,2.00,0.00,250
2026-05-09 16:03:21,1,1,1,1811.4,0,17.9,556,1724,0,0.00,0.00,0,1,2.00,0.00,250
2026-05-09 16:03:21,1,1,1,1811.4,0,17.9,556,1724,0,0.00,0.00,0,1,2.00,0.00,250
2026-05-09 16:03:21,1,1,1,1820.9,0,18.0,562,1732,0,0.00,0.00,0,1,2.00,0.00,250
2026-05-09 16:03:21,1,1,1,1820.9,0,18.0,562,1732,0,0.00,0.00,0,1,2.00,0.00,250
2026-05-09 16:03:21,1,1,1,1827.5,0,18.0,565,1738,0,0.00,0.00,0,1,2.00,0.00,250
2026-05-09 16:03:21,1,1,1,1827.5,0,18.0,565,1738,0,0.00,0.00,0,1,2.00,0.00,250
2026-05-09 16:03:22,1,1,1,1832.0,0,17.8,561,1744,0,0.00,0.00,0,1,2.00,0.00,250
2026-05-09 16:03:22,1,1,1,1832.0,0,17.8,561,1744,0,0.00,0.00,0,1,2.00,0.00,250
2026-05-09 16:03:22,1,1,1,1833.3,0,17.7,556,1747,0,0.00,0.00,0,1,2.02,0.00,1744
2026-05-09 16:03:22,1,1,1,1833.4,0,17.6,553,1748,0,0.00,0.00,0,1,2.02,0.00,1744
2026-05-09 16:03:22,1,1,1,1833.4,0,17.6,553,1748,0,0.00,0.00,0,1,2.01,0.00,8249
2026-05-09 16:03:22,1,1,1,1832.5,0,17.4,547,1749,0,0.00,0.00,0,1,2.01,0.00,8249
2026-05-09 16:03:22,1,1,1,1832.5,0,17.4,547,1749,1,2.01,0.00,8249,1,2.01,0.00,8249
2026-05-09 16:03:22,1,1,1,1833.6,0,17.2,541,1752,1,2.01,0.00,8249,1,2.01,0.00,8249
2026-05-09 16:03:22,1,1,1,1833.6,0,17.2,541,1752,1,2.01,0.00,8249,1,2.01,0.00,8249
2026-05-09 16:03:22,1,1,1,1836.0,0,17.0,536,1756,1,2.01,0.00,8249,1,2.01,0.00,8249
2026-05-09 16:03:22,1,1,1,1840.0,0,16.7,530,1762,1,2.01,0.00,8249,1,2.01,0.00,8249
2026-05-09 16:03:22,1,1,1,1840.0,0,16.7,530,1762,1,2.01,0.00,8249,1,2.01,0.00,8249
2026-05-09 16:03:22,1,1,1,1844.3,8,16.5,525,1768,1,2.00,0.00,680,1,2.00,0.00,680
2026-05-09 16:03:22,1,1,1,1844.3,8,16.5,525,1768,1,2.00,0.00,680,1,2.00,0.00,680
2026-05-09 16:03:22,1,1,1,1844.1,0,16.4,521,1769,1,2.00,0.00,680,1,2.00,0.00,680
2026-05-09 16:03:22,1,1,1,1844.1,0,16.4,521,1769,1,2.00,0.00,680,1,2.00,0.00,680
2026-05-09 16:03:22,1,1,1,1844.7,0,16.5,523,1769,1,2.00,0.00,680,1,2.00,0.00,680
2026-05-09 16:03:22,1,1,1,1844.7,0,16.5,523,1769,0,0.00,0.00,0,1,2.00,0.00,680
2026-05-09 16:03:22,1,1,1,1843.6,0,16.6,526,1767,0,0.00,0.00,0,1,2.00,0.00,680
2026-05-09 16:03:22,1,1,1,1842.9,0,16.7,530,1765,0,0.00,0.00,0,1,2.00,0.00,680
2026-05-09 16:03:23,1,1,1,1842.9,0,16.7,530,1765,0,0.00,0.00,0,1,2.00,0.00,1060
2026-05-09 16:03:23,1,1,1,1845.4,0,16.7,529,1768,0,0.00,0.00,0,1,2.00,0.00,1060
2026-05-09 16:03:23,1,1,1,1845.4,0,16.7,529,1768,0,0.00,0.00,0,1,2.00,0.00,1060
2026-05-09 16:03:23,1,1,1,1842.4,0,16.6,525,1766,0,0.00,0.00,0,1,2.00,0.00,1060
2026-05-09 16:03:23,1,1,1,1842.4,0,16.6,525,1766,0,0.00,0.00,0,1,2.00,0.00,1060
2026-05-09 16:03:23,1,1,1,1833.5,0,16.6,524,1757,0,0.00,0.00,0,1,2.00,0.00,1060
2026-05-09 16:03:23,1,1,1,1827.2,0,16.6,522,1751,0,0.00,0.00,0,1,2.00,0.00,1060
2026-05-09 16:03:23,1,1,1,1827.2,0,16.6,522,1751,0,0.00,0.00,0,1,2.00,0.00,1060
2026-05-09 16:03:23,1,1,1,1826.8,0,16.7,524,1750,0,0.00,0.00,0,1,2.00,0.00,1060
2026-05-09 16:03:23,1,1,1,1826.8,0,16.7,524,1750,0,0.00,0.00,0,1,2.00,0.00,1060
2026-05-09 16:03:23,1,1,1,1826.9,0,16.6,521,1751,0,0.00,0.00,0,1,2.00,0.00,1060
2026-05-09 16:03:23,1,1,1,1826.9,0,16.6,521,1751,0,0.00,0.00,0,1,2.00,0.00,1060
2026-05-09 16:03:23,1,1,1,1827.7,0,16.7,524,1751,0,0.00,0.00,0,1,2.00,0.00,1060
2026-05-09 16:03:23,1,1,1,1827.7,0,16.7,524,1751,0,0.00,0.00,0,1,2.00,0.00,1060
2026-05-09 16:03:23,1,1,1,1823.7,0,16.9,530,1745,0,0.00,0.00,0,1,2.00,0.00,1060
2026-05-09 16:03:23,1,1,1,1818.3,0,17.0,531,1739,0,0.00,0.00,0,0,0.00,0.00,0
2026-05-09 16:03:23,1,1,1,1818.3,0,17.0,531,1739,0,0.00,0.00,0,0,0.00,0.00,0
2026-05-09 16:03:23,1,1,1,1819.2,0,17.0,531,1740,0,0.00,0.00,0,0,0.00,0.00,0
2026-05-09 16:03:23,1,1,1,1819.2,0,17.0,531,1740,0,0.00,0.00,0,0,0.00,0.00,0
2026-05-09 16:03:23,1,1,1,1820.2,0,17.0,531,1741,0,0.00,0.00,0,0,0.00,0.00,0
2026-05-09 16:03:24,1,1,1,1820.2,0,17.0,531,1741,0,0.00,0.00,0,0,0.00,0.00,0
2026-05-09 16:03:24,1,1,1,1823.7,0,16.9,530,1745,0,0.00,0.00,0,0,0.00,0.00,0
2026-05-09 16:03:24,1,1,1,1828.9,0,16.8,528,1751,0,0.00,0.00,0,1,2.00,0.00,3425
2026-05-09 16:03:24,1,1,1,1828.9,0,16.8,528,1751,0,0.00,0.00,0,1,2.00,0.00,3425
2026-05-09 16:03:24,1,1,1,1832.3,0,16.8,530,1754,1,2.00,0.00,4514,1,2.00,0.00,4514
2026-05-09 16:03:24,1,1,1,1832.3,0,16.8,530,1754,1,2.00,0.00,4514,1,2.00,0.00,4514
2026-05-09 16:03:24,1,1,1,1832.8,0,17.0,535,1753,1,2.00,0.00,1901,1,2.00,0.00,1901
2026-05-09 16:03:24,1,1,1,1832.8,0,17.0,535,1753,1,2.00,0.00,1901,1,2.00,0.00,1901
2026-05-09 16:03:24,1,1,1,1832.4,0,17.0,537,1752,1,2.00,0.00,9601,1,2.00,0.00,9601
2026-05-09 16:03:24,1,1,1,1832.4,0,17.0,537,1752,1,2.00,0.00,9601,1,2.00,0.00,9601
2026-05-09 16:03:24,1,1,1,1833.4,0,17.0,537,1753,1,2.00,0.00,19165,1,2.00,0.00,19165
2026-05-09 16:03:24,1,1,1,1832.4,0,17.0,537,1752,1,2.00,0.00,19165,1,2.00,0.00,19165
2026-05-09 16:03:24,1,1,1,1832.4,0,17.0,537,1752,1,2.00,0.00,24106,1,2.00,0.00,24106
2026-05-09 16:03:24,1,1,1,1833.8,0,17.0,535,1754,1,2.00,0.00,24106,1,2.00,0.00,24106
2026-05-09 16:03:24,1,1,1,1833.8,0,17.0,535,1754,1,2.00,0.01,6725,1,2.00,0.01,6725
2026-05-09 16:03:24,1,1,1,1834.8,0,16.9,532,1756,1,2.00,0.01,6725,1,2.00,0.01,6725
2026-05-09 16:03:24,1,1,1,1834.8,0,16.9,532,1756,1,2.00,0.01,6725,1,2.00,0.01,6725
2026-05-09 16:03:24,1,1,1,1835.6,-8,16.7,528,1758,1,2.00,0.01,6725,1,2.00,0.01,6725
2026-05-09 16:03:24,1,1,1,1836.2,0,16.5,520,1761,1,2.00,0.00,19994,1,2.00,0.00,19994
2026-05-09 16:03:24,1,1,1,1836.2,0,16.5,520,1761,1,2.00,0.00,19994,1,2.00,0.00,19994
2026-05-09 16:03:25,1,1,1,1835.8,8,16.2,512,1763,1,2.00,0.00,9593,1,2.00,0.00,9593
2026-05-09 16:03:25,1,1,1,1835.8,8,16.2,512,1763,1,2.00,0.00,9593,1,2.00,0.00,9593
2026-05-09 16:03:25,1,1,1,1836.4,0,16.0,507,1765,1,2.00,0.00,8362,1,2.00,0.00,8362
2026-05-09 16:03:25,1,1,1,1836.4,0,16.0,507,1765,1,2.00,0.00,8362,1,2.00,0.00,8362
2026-05-09 16:03:25,1,1,1,1836.1,-8,15.8,499,1767,1,2.00,0.00,23329,1,2.00,0.00,23329
2026-05-09 16:03:25,1,1,1,1836.1,-8,15.8,499,1767,1,2.00,0.00,23329,1,2.00,0.00,23329
2026-05-09 16:03:25,1,1,1,1837.9,0,15.6,495,1770,1,2.00,0.00,5785,1,2.00,0.00,5785
2026-05-09 16:03:25,1,1,1,1840.9,0,15.4,488,1775,1,2.00,0.00,5785,1,2.00,0.00,5785
2026-05-09 16:03:25,1,1,1,1840.9,0,15.4,488,1775,1,2.00,0.00,5785,1,2.00,0.00,5785
2026-05-09 16:03:25,1,1,1,1844.5,0,15.3,487,1779,1,2.00,0.00,5785,1,2.00,0.00,5785
2026-05-09 16:03:25,1,1,1,1844.5,0,15.3,487,1779,1,2.00,0.00,2557,1,2.00,0.00,2557
2026-05-09 16:03:25,1,1,1,1845.8,0,15.1,481,1782,1,2.00,0.00,2557,1,2.00,0.00,2557
2026-05-09 16:03:25,1,1,1,1845.8,0,15.1,481,1782,1,2.00,0.00,2557,1,2.00,0.00,2557
2026-05-09 16:03:25,1,1,1,1845.0,0,15.0,478,1782,1,2.00,0.00,2557,1,2.00,0.00,2557
2026-05-09 16:03:25,1,1,1,1843.8,0,15.0,477,1781,1,2.00,0.00,2557,1,2.00,0.00,2557
2026-05-09 16:03:25,1,1,1,1843.8,0,15.0,477,1781,0,0.00,0.00,0,1,2.00,0.00,2557
2026-05-09 16:03:25,1,1,1,1843.8,0,15.0,477,1781,0,0.00,0.00,0,1,2.00,0.00,2557
2026-05-09 16:03:25,1,1,1,1843.8,0,15.0,477,1781,0,0.00,0.00,0,1,2.00,0.00,2557
2026-05-09 16:03:25,1,1,1,1843.5,0,15.0,476,1781,0,0.00,0.00,0,1,2.00,0.00,2557
2026-05-09 16:03:25,1,1,1,1843.5,0,15.0,476,1781,0,0.00,0.00,0,1,2.00,0.00,2557
2026-05-09 16:03:26,1,1,1,1844.5,0,15.0,476,1782,0,0.00,0.00,0,1,2.00,0.00,2557
2026-05-09 16:03:26,1,1,1,1844.5,0,15.0,476,1782,0,0.00,0.00,0,1,2.00,0.00,2557
2026-05-09 16:03:26,1,1,1,1847.4,0,15.1,480,1784,0,0.00,0.00,0,1,2.00,0.00,2557
2026-05-09 16:03:26,1,1,1,1847.0,0,15.1,482,1783,0,0.00,0.00,0,1,2.00,0.00,2557
2026-05-09 16:03:26,1,1,1,1847.0,0,15.1,482,1783,0,0.00,0.00,0,1,2.00,0.00,2557
2026-05-09 16:03:26,1,1,1,1845.2,0,15.3,486,1780,0,0.00,0.00,0,0,0.00,0.00,0
2026-05-09 16:03:26,1,1,1,1845.2,0,15.3,486,1780,0,0.00,0.00,0,0,0.00,0.00,0
2026-05-09 16:03:26,1,1,1,1842.3,0,15.7,497,1774,0,0.00,0.00,0,0,0.00,0.00,0
2026-05-09 16:03:26,1,1,1,1842.3,0,15.7,497,1774,0,0.00,0.00,0,0,0.00,0.00,0
2026-05-09 16:03:26,1,1,1,1837.9,0,16.1,509,1766,0,0.00,0.00,0,0,0.00,0.00,0
2026-05-09 16:03:26,1,1,1,1834.0,0,16.4,519,1759,0,0.00,0.00,0,0,0.00,0.00,0
2026-05-09 16:03:26,1,1,1,1834.0,0,16.4,519,1759,0,0.00,0.00,0,0,0.00,0.00,0
2026-05-09 16:03:26,1,1,1,1835.5,0,16.5,521,1760,0,0.00,0.00,0,0,0.00,0.00,0
2026-05-09 16:03:26,1,1,1,1835.5,0,16.5,521,1760,0,0.00,0.00,0,0,0.00,0.00,0
2026-05-09 16:03:26,1,1,1,1838.0,0,16.2,513,1765,0,0.00,0.00,0,0,0.00,0.00,0
2026-05-09 16:03:26,1,1,1,1838.0,0,16.2,513,1765,0,0.00,0.00,0,0,0.00,0.00,0
2026-05-09 16:03:26,1,1,1,1842.6,0,15.9,505,1772,0,0.00,0.00,0,0,0.00,0.00,0
2026-05-09 16:03:26,1,1,1,1842.6,0,15.9,505,1772,0,0.00,0.00,0,0,0.00,0.00,0
2026-05-09 16:03:26,1,1,1,1858.5,8,14.8,474,1797,0,0.00,0.00,0,0,0.00,0.00,0
2026-05-09 16:03:26,1,1,1,1874.1,0,13.8,447,1820,0,0.00,0.00,0,0,0.00,0.00,0
2026-05-09 16:03:27,1,1,1,1874.1,0,13.8,447,1820,0,0.00,0.00,0,0,0.00,0.00,0
2026-05-09 16:03:27,1,1,1,1880.4,0,13.9,453,1825,0,0.00,0.00,0,0,0.00,0.00,0
2026-05-09 16:03:27,1,1,1,1880.4,0,13.9,453,1825,0,0.00,0.00,0,1,2.00,0.00,197
2026-05-09 16:03:27,1,1,1,1881.4,0,14.2,461,1824,0,0.00,0.00,0,1,2.00,0.00,197
2026-05-09 16:03:27,1,1,1,1881.4,0,14.2,461,1824,0,0.00,0.00,0,1,2.00,0.00,197
2026-05-09 16:03:27,1,1,1,1880.4,0,14.4,469,1821,0,0.00,0.00,0,1,2.00,0.00,197
2026-05-09 16:03:27,1,1,1,1880.4,0,14.4,469,1821,0,0.00,0.00,0,1,2.00,0.00,197
2026-05-09 16:03:27,1,1,1,1880.5,0,14.6,473,1820,0,0.00,0.00,0,1,2.00,0.00,197
2026-05-09 16:03:27,1,1,1,1880.5,0,14.6,473,1820,0,0.00,0.00,0,1,2.00,0.00,197
2026-05-09 16:03:27,1,1,1,1880.5,0,14.6,473,1820,0,0.00,0.00,0,1,2.00,0.00,197
2026-05-09 16:03:27,1,1,1,1883.3,0,14.4,469,1824,0,0.00,0.00,0,1,2.00,0.00,197
2026-05-09 16:03:27,1,1,1,1883.3,0,14.4,469,1824,0,0.00,0.00,0,1,2.00,0.00,197
2026-05-09 16:03:27,1,1,1,1885.5,0,14.3,466,1827,0,0.00,0.00,0,1,2.00,0.00,197
2026-05-09 16:03:27,1,1,1,1885.5,0,14.3,466,1827,0,0.00,0.00,0,1,2.00,0.00,197
2026-05-09 16:03:27,1,1,1,1884.5,0,14.3,466,1826,0,0.00,0.00,0,1,2.00,0.00,197
2026-05-09 16:03:27,1,1,1,1886.0,0,14.4,468,1827,0,0.00,0.00,0,1,2.00,0.00,197
2026-05-09 16:03:27,1,1,1,1886.0,0,14.4,468,1827,0,0.00,0.00,0,1,2.00,0.00,197
2026-05-09 16:03:27,1,1,1,1885.5,0,14.4,470,1826,0,0.00,0.00,0,0,0.00,0.00,0
2026-05-09 16:03:27,1,1,1,1885.5,0,14.4,470,1826,0,0.00,0.00,0,0,0.00,0.00,0
2026-05-09 16:03:27,1,1,1,1884.8,0,14.6,475,1824,0,0.00,0.00,0,0,0.00,0.00,0
2026-05-09 16:03:28,1,1,1,1884.8,0,14.6,475,1824,0,0.00,0.00,0,0,0.00,0.00,0
2026-05-09 16:03:28,1,1,1,1883.7,0,14.8,482,1821,0,0.00,0.00,0,0,0.00,0.00,0
2026-05-09 16:03:28,1,1,1,1883.7,0,14.8,482,1821,0,0.00,0.00,0,0,0.00,0.00,0
2026-05-09 16:03:28,1,1,1,1883.7,0,14.8,482,1821,0,0.00,0.00,0,0,0.00,0.00,0
2026-05-09 16:03:28,1,1,1,1883.2,0,14.8,480,1821,0,0.00,0.00,0,0,0.00,0.00,0
2026-05-09 16:03:28,1,1,1,1883.2,0,14.8,480,1821,0,0.00,0.00,0,0,0.00,0.00,0
2026-05-09 16:03:28,1,1,1,1882.7,0,14.7,478,1821,0,0.00,0.00,0,0,0.00,0.00,0
2026-05-09 16:03:28,1,1,1,1882.7,0,14.7,478,1821,0,0.00,0.00,0,0,0.00,0.00,0
2026-05-09 16:03:28,1,1,1,1882.1,0,14.5,472,1822,0,0.00,0.00,0,0,0.00,0.00,0
2026-05-09 16:03:28,1,1,1,1882.1,0,14.5,472,1822,0,0.00,0.00,0,0,0.00,0.00,0
2026-05-09 16:03:28,1,1,1,1881.8,0,14.2,463,1824,0,0.00,0.00,0,1,2.00,0.00,356
2026-05-09 16:03:28,1,1,1,1881.1,0,14.0,456,1825,0,0.00,0.00,0,1,2.00,0.00,356
2026-05-09 16:03:28,1,1,1,1881.1,0,14.0,456,1825,0,0.00,0.00,0,1,2.00,0.00,356
2026-05-09 16:03:28,1,1,1,1880.6,0,14.0,454,1825,0,0.00,0.00,0,1,2.00,0.00,356
2026-05-09 16:03:28,1,1,1,1880.6,0,14.0,454,1825,0,0.00,0.00,0,1,2.00,0.00,481
2026-05-09 16:03:28,1,1,1,1880.1,0,13.9,452,1825,0,0.00,0.00,0,1,2.00,0.00,481
2026-05-09 16:03:28,1,1,1,1880.1,0,13.9,452,1825,0,0.00,0.00,0,1,2.00,0.00,445
2026-05-09 16:03:28,1,1,1,1879.2,0,13.9,452,1824,0,0.00,0.00,0,1,2.00,0.00,445
2026-05-09 16:03:28,1,1,1,1879.2,0,13.9,452,1824,0,0.00,0.00,0,1,2.00,0.00,445
2026-05-09 16:03:28,1,1,1,1877.5,0,14.0,453,1822,0,0.00,0.00,0,1,2.00,0.00,445
2026-05-09 16:03:29,1,1,1,1875.5,0,14.0,453,1820,0,0.00,0.00,0,1,2.00,0.00,445
2026-05-09 16:03:29,1,1,1,1875.5,0,14.0,453,1820,0,0.00,0.00,0,1,2.00,0.00,445
2026-05-09 16:03:29,1,1,1,1873.8,0,14.0,454,1818,0,0.00,0.00,0,1,2.00,0.00,445
2026-05-09 16:03:29,1,1,1,1873.8,0,14.0,454,1818,0,0.00,0.00,0,1,2.00,0.00,445
2026-05-09 16:03:29,1,1,1,1873.1,0,14.1,455,1817,0,0.00,0.00,0,1,2.00,0.00,445
2026-05-09 16:03:29,1,1,1,1873.1,0,14.1,455,1817,0,0.00,0.00,0,1,2.00,0.00,445
2026-05-09 16:03:29,1,1,1,1871.7,0,14.1,457,1815,0,0.00,0.00,0,1,2.00,0.00,445
2026-05-09 16:03:29,1,1,1,1873.8,0,14.3,462,1816,0,0.00,0.00,0,1,2.00,0.00,445
2026-05-09 16:03:29,1,1,1,1873.8,0,14.3,462,1816,0,0.00,0.00,0,1,2.00,0.00,445
2026-05-09 16:03:29,1,1,1,1874.1,0,14.4,467,1815,0,0.00,0.00,0,1,2.00,0.00,445
2026-05-09 16:03:29,1,1,1,1874.1,0,14.4,467,1815,0,0.00,0.00,0,1,2.00,0.00,445
2026-05-09 16:03:29,1,1,1,1872.0,0,14.5,470,1812,0,0.00,0.00,0,0,0.00,0.00,0
2026-05-09 16:03:29,1,1,1,1872.0,0,14.5,470,1812,0,0.00,0.00,0,0,0.00,0.00,0
2026-05-09 16:03:29,1,1,1,1869.3,0,14.6,471,1809,0,0.00,0.00,0,0,0.00,0.00,0
2026-05-09 16:03:29,1,1,1,1869.3,0,14.6,471,1809,0,0.00,0.00,0,0,0.00,0.00,0
2026-05-09 16:03:29,1,1,1,1865.7,0,14.5,468,1806,0,0.00,0.00,0,0,0.00,0.00,0
2026-05-09 16:03:29,1,1,1,1861.0,0,14.5,465,1802,0,0.00,0.00,0,0,0.00,0.00,0
2026-05-09 16:03:29,1,1,1,1861.0,0,14.5,465,1802,0,0.00,0.00,0,0,0.00,0.00,0
2026-05-09 16:03:29,1,1,1,1858.8,0,14.5,464,1800,0,0.00,0.00,0,0,0.00,0.00,0
2026-05-09 16:03:29,1,1,1,1858.8,0,14.5,464,1800,0,0.00,0.00,0,0,0.00,0.00,0
2026-05-09 16:03:30,1,1,1,1858.4,0,14.5,466,1799,0,0.00,0.00,0,0,0.00,0.00,0
2026-05-09 16:03:30,1,1,1,1858.4,0,14.5,466,1799,0,0.00,0.00,0,0,0.00,0.00,0
2026-05-09 16:03:30,1,1,1,1857.9,0,14.6,468,1798,0,0.00,0.00,0,0,0.00,0.00,0
2026-05-09 16:03:30,1,1,1,1859.1,0,14.6,469,1799,0,0.00,0.00,0,0,0.00,0.00,0
2026-05-09 16:03:30,1,1,1,1859.1,0,14.6,469,1799,0,0.00,0.00,0,1,2.00,0.00,290
2026-05-09 16:03:30,1,1,1,1860.6,0,14.5,467,1801,0,0.00,0.00,0,1,2.00,0.00,290
2026-05-09 16:03:30,1,1,1,1860.6,0,14.5,467,1801,0,0.00,0.00,0,1,2.00,0.00,290
2026-05-09 16:03:30,1,1,1,1861.7,0,14.4,464,1803,0,0.00,0.00,0,1,2.00,0.00,290
2026-05-09 16:03:30,1,1,1,1861.7,0,14.4,464,1803,0,0.00,0.00,0,1,2.00,0.00,290
2026-05-09 16:03:30,1,1,1,1864.4,0,14.4,463,1806,0,0.00,0.00,0,1,2.00,0.00,290
2026-05-09 16:03:30,1,1,1,1864.4,0,14.4,463,1806,0,0.00,0.00,0,1,2.00,0.00,290
2026-05-09 16:03:30,1,1,1,1865.9,0,14.4,465,1807,0,0.00,0.00,0,1,2.00,0.00,290
2026-05-09 16:03:30,1,1,1,1867.8,0,14.5,469,1808,0,0.00,0.00,0,1,2.00,0.00,290
2026-05-09 16:03:30,1,1,1,1867.8,0,14.5,469,1808,0,0.00,0.00,0,1,2.00,0.00,290
2026-05-09 16:03:30,1,1,1,1868.8,0,14.7,473,1808,0,0.00,0.00,0,1,2.00,0.00,290
2026-05-09 16:03:30,1,1,1,1868.8,0,14.7,473,1808,0,0.00,0.00,0,1,2.00,0.00,290
2026-05-09 16:03:30,1,1,1,1870.1,0,14.7,474,1809,0,0.00,0.00,0,1,2.00,0.00,290
2026-05-09 16:03:30,1,1,1,1870.1,0,14.7,474,1809,0,0.00,0.00,0,1,2.00,0.00,290
2026-05-09 16:03:30,1,1,1,1870.5,0,14.6,472,1810,0,0.00,0.00,0,1,2.00,0.00,290
2026-05-09 16:03:30,1,1,1,1870.5,0,14.6,472,1810,0,0.00,0.00,0,0,0.00,0.00,0
2026-05-09 16:03:31,1,1,1,1871.5,0,14.6,472,1811,0,0.00,0.00,0,1,2.00,0.00,6498
2026-05-09 16:03:31,1,1,1,1872.0,0,14.5,470,1812,0,0.00,0.00,0,1,2.00,0.00,6498
2026-05-09 16:03:31,1,1,1,1872.0,0,14.5,470,1812,1,2.00,0.00,8369,1,2.00,0.00,8369
2026-05-09 16:03:31,1,1,1,1870.5,0,14.5,468,1811,1,2.00,0.00,8369,1,2.00,0.00,8369
2026-05-09 16:03:31,1,1,1,1870.5,0,14.5,468,1811,1,2.00,0.00,8369,1,2.00,0.00,8369
2026-05-09 16:03:31,1,1,1,1869.8,0,14.5,469,1810,1,2.00,0.00,8369,1,2.00,0.00,8369
2026-05-09 16:03:31,1,1,1,1869.8,0,14.5,469,1810,1,2.00,0.00,2977,1,2.00,0.00,2977
2026-05-09 16:03:31,1,1,1,1869.1,0,14.7,474,1808,1,2.00,0.00,2977,1,2.00,0.00,2977
2026-05-09 16:03:31,1,1,1,1869.2,0,14.8,478,1807,1,1.99,-0.04,949,1,1.99,-0.04,949
2026-05-09 16:03:31,1,1,1,1869.2,0,14.8,478,1807,1,1.99,-0.04,949,1,1.99,-0.04,949
2026-05-09 16:03:31,1,1,1,1869.5,0,15.0,483,1806,1,1.99,-0.03,2833,1,1.99,-0.03,2833
2026-05-09 16:03:31,1,1,1,1869.5,0,15.0,483,1806,0,0.00,0.00,0,1,1.99,-0.03,2833
2026-05-09 16:03:31,1,1,1,1869.3,0,15.1,486,1805,0,0.00,0.00,0,1,1.99,-0.02,8593
2026-05-09 16:03:31,1,1,1,1869.3,0,15.1,486,1805,0,0.00,0.00,0,1,1.99,-0.02,8593
2026-05-09 16:03:31,1,1,1,1868.7,-8,15.2,491,1803,1,1.99,-0.02,8593,1,1.99,-0.02,8593
2026-05-09 16:03:31,1,1,1,1868.7,-8,15.2,491,1803,1,1.99,-0.02,8593,1,1.99,-0.02,8593
2026-05-09 16:03:31,1,1,1,1866.6,0,15.3,494,1800,1,1.99,-0.01,4040,1,1.99,-0.01,4040
2026-05-09 16:03:31,1,1,1,1860.2,0,15.6,499,1792,1,1.99,-0.01,4040,1,1.99,-0.01,4040
2026-05-09 16:03:31,1,1,1,1860.2,0,15.6,499,1792,1,1.99,-0.01,3812,1,1.99,-0.01,3812
2026-05-09 16:03:31,1,1,1,1854.2,0,15.7,502,1785,1,1.99,-0.01,3812,1,1.99,-0.01,3812
2026-05-09 16:03:32,1,1,1,1854.2,0,15.7,502,1785,1,2.00,0.00,5669,1,2.00,0.00,5669
2026-05-09 16:03:32,1,1,1,1852.8,0,15.4,493,1786,1,2.00,0.00,5669,1,2.00,0.00,5669
2026-05-09 16:03:32,1,1,1,1852.8,0,15.4,493,1786,1,2.00,0.00,5669,1,2.00,0.00,5669
2026-05-09 16:03:32,1,1,1,1853.3,0,15.1,484,1789,1,2.00,0.00,5669,1,2.00,0.00,5669
2026-05-09 16:03:32,1,1,1,1851.0,0,15.4,490,1785,1,2.00,0.00,5669,1,2.00,0.00,5669
2026-05-09 16:03:32,1,1,1,1851.0,0,15.4,490,1785,1,2.00,0.00,5669,1,2.00,0.00,5669
2026-05-09 16:03:32,1,1,1,1849.5,8,15.5,495,1782,1,2.00,0.00,5669,1,2.00,0.00,5669
2026-05-09 16:03:32,1,1,1,1849.5,8,15.5,495,1782,1,2.00,0.00,5669,1,2.00,0.00,5669
2026-05-09 16:03:32,1,1,1,1847.0,0,15.7,500,1778,1,2.00,0.00,5669,1,2.00,0.00,5669
2026-05-09 16:03:32,1,1,1,1847.0,0,15.7,500,1778,1,2.00,0.00,5669,1,2.00,0.00,5669
2026-05-09 16:03:32,1,1,1,1846.5,0,15.8,502,1777,1,2.00,0.01,9437,1,2.00,0.01,9437
2026-05-09 16:03:32,1,1,1,1846.5,0,15.8,502,1777,1,2.00,0.01,9437,1,2.00,0.01,9437
2026-05-09 16:03:42,1,1,1,2014.7,0,-5.0,-176,2007,1,2.03,0.01,5210,1,2.03,0.01,5210
2026-05-09 16:03:42,1,1,1,2019.0,0,-5.1,-180,2011,1,2.03,0.01,5210,1,2.03,0.01,5210
2026-05-09 16:03:42,1,1,1,2022.8,0,-5.0,-178,2015,1,2.03,0.01,5210,1,2.03,0.01,5210
2026-05-09 16:03:42,1,1,1,2022.8,0,-5.0,-178,2015,1,2.03,0.01,5210,1,2.03,0.01,5210
2026-05-09 16:03:42,1,1,1,2025.7,8,-5.0,-176,2018,1,2.00,0.00,5650,1,2.00,0.00,5650
2026-05-09 16:03:42,1,1,1,2025.7,8,-5.0,-176,2018,1,2.00,0.00,5650,1,2.00,0.00,5650
2026-05-09 16:03:42,1,1,1,2025.7,0,-5.0,-177,2018,1,2.12,0.01,1625,1,2.12,0.01,1625
2026-05-09 16:03:42,1,1,1,2025.7,0,-5.0,-177,2018,1,2.12,0.01,1625,1,2.12,0.01,1625
2026-05-09 16:03:43,1,1,1,2021.9,0,-5.1,-178,2014,1,2.16,0.01,340,1,2.16,0.01,340
2026-05-09 16:03:43,1,1,1,2021.9,0,-5.1,-178,2014,1,2.16,0.01,340,1,2.16,0.01,340
2026-05-09 16:03:43,1,1,1,2016.9,0,-5.1,-178,2009,1,2.13,0.00,2353,1,2.13,0.00,2353
2026-05-09 16:03:43,1,1,1,2017.0,0,-5.1,-180,2009,0,0.00,0.00,0,1,2.13,0.00,2353
2026-05-09 16:03:43,1,1,1,2017.0,0,-5.1,-180,2009,0,0.00,0.00,0,1,2.13,0.00,2353
2026-05-09 16:03:43,1,1,1,2020.4,0,-5.2,-184,2012,0,0.00,0.00,0,1,2.13,0.00,2353
2026-05-09 16:03:43,1,1,1,2020.4,0,-5.2,-184,2012,0,0.00,0.00,0,1,2.11,0.00,890
2026-05-09 16:03:43,1,1,1,2028.3,0,-5.5,-194,2019,0,0.00,0.00,0,1,2.11,0.00,890
2026-05-09 16:03:43,1,1,1,2028.3,0,-5.5,-194,2019,0,0.00,0.00,0,1,2.11,0.00,890
2026-05-09 16:03:43,1,1,1,2039.6,0,-5.9,-208,2029,0,0.00,0.00,0,1,2.11,0.00,890
2026-05-09 16:03:43,1,1,1,2048.8,0,-6.2,-220,2037,0,0.00,0.00,0,1,2.11,0.00,890
2026-05-09 16:03:43,1,1,1,2048.8,0,-6.2,-220,2037,0,0.00,0.00,0,1,2.11,0.00,890
2026-05-09 16:03:43,1,1,1,2054.6,0,-6.3,-227,2042,0,0.00,0.00,0,1,2.11,0.00,890
2026-05-09 16:03:43,1,1,1,2054.6,0,-6.3,-227,2042,0,0.00,0.00,0,1,2.11,0.00,890
2026-05-09 16:03:43,1,1,1,2057.1,0,-6.5,-232,2044,0,0.00,0.00,0,1,2.25,0.01,1282
2026-05-09 16:03:43,1,1,1,2057.1,0,-6.5,-232,2044,0,0.00,0.00,0,1,2.25,0.01,1282
2026-05-09 16:03:43,1,1,1,2056.1,0,-6.5,-232,2043,0,0.00,0.00,0,1,2.25,0.01,701
2026-05-09 16:03:43,1,1,1,2056.1,0,-6.5,-232,2043,0,0.00,0.00,0,1,2.25,0.01,701
2026-05-09 16:03:43,1,1,1,2055.7,0,-6.4,-228,2043,0,0.00,0.00,0,1,2.25,0.01,701
2026-05-09 16:03:43,1,1,1,2053.4,0,-6.3,-225,2041,0,0.00,0.00,0,1,2.25,0.01,701
2026-05-09 16:03:44,1,1,1,2053.4,0,-6.3,-225,2041,0,0.00,0.00,0,1,2.17,0.00,185
2026-05-09 16:03:44,1,1,1,2054.2,0,-6.3,-224,2042,0,0.00,0.00,0,1,2.17,0.00,185
2026-05-09 16:03:44,1,1,1,2054.2,0,-6.3,-224,2042,0,0.00,0.00,0,1,2.17,0.00,185
2026-05-09 16:03:44,1,1,1,2056.1,0,-6.2,-223,2044,0,0.00,0.00,0,1,2.17,0.00,185
2026-05-09 16:03:44,1,1,1,2056.1,0,-6.2,-223,2044,0,0.00,0.00,0,1,2.17,0.00,185
2026-05-09 16:03:44,1,1,1,2060.4,0,-6.3,-226,2048,0,0.00,0.00,0,1,2.17,0.00,185
2026-05-09 16:03:44,1,1,1,2060.4,0,-6.3,-226,2048,0,0.00,0.00,0,1,2.17,0.00,185
2026-05-09 16:03:44,1,1,1,2065.7,0,-6.4,-229,2053,0,0.00,0.00,0,1,2.17,0.00,185
2026-05-09 16:03:44,1,1,1,2068.2,0,-6.5,-233,2055,0,0.00,0.00,0,1,2.17,0.00,185
2026-05-09 16:03:44,1,1,1,2068.2,0,-6.5,-233,2055,0,0.00,0.00,0,1,2.17,0.00,185
2026-05-09 16:03:44,1,1,1,2070.0,0,-6.7,-240,2056,0,0.00,0.00,0,1,2.17,0.00,185
2026-05-09 16:03:44,1,1,1,2070.0,0,-6.7,-240,2056,0,0.00,0.00,0,1,2.17,0.00,185
2026-05-09 16:03:44,1,1,1,2073.8,0,-6.8,-247,2059,0,0.00,0.00,0,1,2.17,0.00,185
2026-05-09 16:03:44,1,1,1,2073.8,0,-6.8,-247,2059,0,0.00,0.00,0,1,2.17,0.00,185
2026-05-09 16:03:44,1,1,1,2078.7,0,-7.0,-255,2063,0,0.00,0.00,0,1,2.17,0.00,185
2026-05-09 16:03:44,1,1,1,2084.5,0,-7.2,-262,2068,0,0.00,0.00,0,0,0.00,0.00,0
2026-05-09 16:03:44,1,1,1,2084.5,0,-7.2,-262,2068,0,0.00,0.00,0,0,0.00,0.00,0
2026-05-09 16:03:44,1,1,1,2089.0,0,-7.3,-266,2072,0,0.00,0.00,0,0,0.00,0.00,0
2026-05-09 16:03:44,1,1,1,2089.0,0,-7.3,-266,2072,0,0.00,0.00,0,0,0.00,0.00,0
2026-05-09 16:03:44,1,1,1,2096.7,0,-7.5,-272,2079,0,0.00,0.00,0,0,0.00,0.00,0
2026-05-09 16:03:45,1,1,1,2096.7,0,-7.5,-272,2079,0,0.00,0.00,0,0,0.00,0.00,0
2026-05-09 16:03:45,1,1,1,2102.0,0,-7.7,-282,2083,0,0.00,0.00,0,0,0.00,0.00,0
2026-05-09 16:03:45,1,1,1,2102.0,0,-7.7,-282,2083,0,0.00,0.00,0,0,0.00,0.00,0
2026-05-09 16:03:45,1,1,1,2105.2,0,-7.9,-291,2085,0,0.00,0.00,0,0,0.00,0.00,0
2026-05-09 16:03:45,1,1,1,2106.8,0,-8.0,-295,2086,0,0.00,0.00,0,0,0.00,0.00,0
2026-05-09 16:03:45,1,1,1,2106.8,0,-8.0,-295,2086,0,0.00,0.00,0,0,0.00,0.00,0
2026-05-09 16:03:45,1,1,1,2112.1,0,-8.1,-298,2091,0,0.00,0.00,0,0,0.00,0.00,0
2026-05-09 16:03:45,1,1,1,2112.1,0,-8.1,-298,2091,0,0.00,0.00,0,0,0.00,0.00,0
2026-05-09 16:03:45,1,1,1,2123.4,0,-8.1,-301,2102,0,0.00,0.00,0,0,0.00,0.00,0
2026-05-09 16:03:45,1,1,1,2123.4,0,-8.1,-301,2102,0,0.00,0.00,0,0,0.00,0.00,0
2026-05-09 16:03:45,1,1,1,2132.9,0,-8.2,-305,2111,0,0.00,0.00,0,0,0.00,0.00,0
2026-05-09 16:03:45,1,1,1,2132.9,0,-8.2,-305,2111,0,0.00,0.00,0,0,0.00,0.00,0
2026-05-09 16:03:45,1,1,1,2132.9,0,-8.2,-305,2111,0,0.00,0.00,0,0,0.00,0.00,0
2026-05-09 16:03:45,1,1,1,2129.5,0,-8.2,-302,2108,0,0.00,0.00,0,0,0.00,0.00,0
2026-05-09 16:03:45,1,1,1,2129.5,0,-8.2,-302,2108,0,0.00,0.00,0,0,0.00,0.00,0
2026-05-09 16:03:45,1,1,1,2124.3,0,-8.1,-300,2103,0,0.00,0.00,0,0,0.00,0.00,0
2026-05-09 16:03:45,1,1,1,2124.3,0,-8.1,-300,2103,0,0.00,0.00,0,0,0.00,0.00,0
2026-05-09 16:03:45,1,1,1,2121.3,0,-8.1,-300,2100,0,0.00,0.00,0,0,0.00,0.00,0
2026-05-09 16:03:45,1,1,1,2121.3,0,-8.1,-300,2100,0,0.00,0.00,0,0,0.00,0.00,0
2026-05-09 16:03:45,1,1,1,2120.2,0,-8.1,-299,2099,0,0.00,0.00,0,0,0.00,0.00,0
2026-05-09 16:03:46,1,1,1,2120.0,0,-8.1,-298,2099,0,0.00,0.00,0,0,0.00,0.00,0
2026-05-09 16:03:46,1,1,1,2120.0,0,-8.1,-298,2099,0,0.00,0.00,0,0,0.00,0.00,0
2026-05-09 16:03:46,1,1,1,2117.9,0,-8.1,-297,2097,0,0.00,0.00,0,0,0.00,0.00,0
2026-05-09 16:03:46,1,1,1,2117.9,0,-8.1,-297,2097,0,0.00,0.00,0,0,0.00,0.00,0
2026-05-09 16:03:46,1,1,1,2117.2,0,-8.1,-299,2096,0,0.00,0.00,0,0,0.00,0.00,0
2026-05-09 16:03:46,1,1,1,2117.2,0,-8.1,-299,2096,0,0.00,0.00,0,0,0.00,0.00,0
2026-05-09 16:03:46,1,1,1,2116.9,0,-8.3,-304,2095,0,0.00,0.00,0,0,0.00,0.00,0
2026-05-09 16:03:46,1,1,1,2116.8,0,-8.4,-310,2094,0,0.00,0.00,0,0,0.00,0.00,0
2026-05-09 16:03:46,1,1,1,2116.8,0,-8.4,-310,2094,0,0.00,0.00,0,0,0.00,0.00,0
2026-05-09 16:03:46,1,1,1,2115.3,0,-8.5,-313,2092,0,0.00,0.00,0,0,0.00,0.00,0
2026-05-09 16:03:46,1,1,1,2115.3,0,-8.5,-313,2092,0,0.00,0.00,0,0,0.00,0.00,0
2026-05-09 16:03:46,1,1,1,2112.6,0,-8.4,-308,2090,0,0.00,0.00,0,0,0.00,0.00,0
2026-05-09 16:03:46,1,1,1,2112.6,0,-8.4,-308,2090,0,0.00,0.00,0,0,0.00,0.00,0
2026-05-09 16:03:46,1,1,1,2104.5,0,-8.2,-300,2083,0,0.00,0.00,0,0,0.00,0.00,0
2026-05-09 16:03:46,1,1,1,2104.5,0,-8.2,-300,2083,0,0.00,0.00,0,0,0.00,0.00,0
2026-05-09 16:03:46,1,1,1,2098.3,0,-8.0,-291,2078,0,0.00,0.00,0,0,0.00,0.00,0
2026-05-09 16:03:46,1,1,1,2099.3,0,-8.0,-291,2079,0,0.00,0.00,0,0,0.00,0.00,0
2026-05-09 16:03:46,1,1,1,2099.3,0,-8.0,-291,2079,0,0.00,0.00,0,0,0.00,0.00,0
2026-05-09 16:03:46,1,1,1,2100.7,0,-8.0,-294,2080,0,0.00,0.00,0,0,0.00,0.00,0
2026-05-09 16:03:46,1,1,1,2100.7,0,-8.0,-294,2080,0,0.00,0.00,0,0,0.00,0.00,0
2026-05-09 16:03:47,1,1,1,2102.4,0,-8.2,-299,2081,0,0.00,0.00,0,0,0.00,0.00,0
2026-05-09 16:03:47,1,1,1,2102.4,0,-8.2,-299,2081,0,0.00,0.00,0,0,0.00,0.00,0
2026-05-09 16:03:47,1,1,1,2102.9,0,-8.3,-303,2081,0,0.00,0.00,0,0,0.00,0.00,0
2026-05-09 16:03:47,1,1,1,2106.8,0,-8.4,-309,2084,0,0.00,0.00,0,0,0.00,0.00,0
2026-05-09 16:03:47,1,1,1,2106.8,0,-8.4,-309,2084,0,0.00,0.00,0,0,0.00,0.00,0
2026-05-09 16:03:47,1,1,1,2110.2,0,-8.5,-312,2087,0,0.00,0.00,0,0,0.00,0.00,0
2026-05-09 16:03:47,1,1,1,2110.2,0,-8.5,-312,2087,0,0.00,0.00,0,0,0.00,0.00,0
2026-05-09 16:03:47,1,1,1,2109.5,0,-8.6,-314,2086,0,0.00,0.00,0,0,0.00,0.00,0
2026-05-09 16:03:47,1,1,1,2109.5,0,-8.6,-314,2086,0,0.00,0.00,0,0,0.00,0.00,0
2026-05-09 16:03:47,1,1,1,2107.7,0,-8.6,-315,2084,0,0.00,0.00,0,0,0.00,0.00,0
2026-05-09 16:03:47,1,1,1,2107.7,0,-8.6,-315,2084,0,0.00,0.00,0,0,0.00,0.00,0
2026-05-09 16:03:47,1,1,1,2106.0,0,-8.7,-317,2082,0,0.00,0.00,0,0,0.00,0.00,0
2026-05-09 16:03:47,1,1,1,2103.3,0,-8.7,-319,2079,0,0.00,0.00,0,0,0.00,0.00,0
2026-05-09 16:03:47,1,1,1,2103.3,0,-8.7,-319,2079,0,0.00,0.00,0,0,0.00,0.00,0
2026-05-09 16:03:47,1,1,1,2101.8,0,-8.8,-322,2077,0,0.00,0.00,0,0,0.00,0.00,0
2026-05-09 16:03:47,1,1,1,2101.8,0,-8.8,-322,2077,0,0.00,0.00,0,0,0.00,0.00,0
2026-05-09 16:03:47,1,1,1,2100.1,0,-8.9,-324,2075,0,0.00,0.00,0,0,0.00,0.00,0
2026-05-09 16:03:47,1,1,1,2100.1,0,-8.9,-324,2075,0,0.00,0.00,0,0,0.00,0.00,0
2026-05-09 16:03:47,1,1,1,2098.5,0,-8.9,-326,2073,0,0.00,0.00,0,0,0.00,0.00,0
2026-05-09 16:03:47,1,1,1,2098.5,0,-8.9,-326,2073,0,0.00,0.00,0,0,0.00,0.00,0
2026-05-09 16:03:48,1,1,1,2096.8,0,-9.0,-328,2071,0,0.00,0.00,0,0,0.00,0.00,0
2026-05-09 16:03:48,1,1,1,2097.8,0,-9.0,-328,2072,0,0.00,0.00,0,0,0.00,0.00,0
2026-05-09 16:03:48,1,1,1,2097.8,0,-9.0,-328,2072,0,0.00,0.00,0,0,0.00,0.00,0
2026-05-09 16:03:48,1,1,1,2103.4,0,-8.9,-326,2078,0,0.00,0.00,0,0,0.00,0.00,0
2026-05-09 16:03:48,1,1,1,2103.4,0,-8.9,-326,2078,0,0.00,0.00,0,0,0.00,0.00,0
2026-05-09 16:03:48,1,1,1,2110.9,0,-8.8,-323,2086,0,0.00,0.00,0,0,0.00,0.00,0
2026-05-09 16:03:48,1,1,1,2110.9,0,-8.8,-323,2086,0,0.00,0.00,0,0,0.00,0.00,0
2026-05-09 16:03:48,1,1,1,2118.5,0,-8.7,-321,2094,0,0.00,0.00,0,0,0.00,0.00,0
2026-05-09 16:03:48,1,1,1,2120.3,0,-8.7,-320,2096,0,0.00,0.00,0,0,0.00,0.00,0
2026-05-09 16:03:48,1,1,1,2120.3,0,-8.7,-320,2096,0,0.00,0.00,0,0,0.00,0.00,0
2026-05-09 16:03:48,1,1,1,2118.6,0,-8.7,-322,2094,0,0.00,0.00,0,0,0.00,0.00,0
2026-05-09 16:03:48,1,1,1,2118.6,0,-8.7,-322,2094,0,0.00,0.00,0,0,0.00,0.00,0
2026-05-09 16:03:48,1,1,1,2117.0,0,-9.0,-331,2091,0,0.00,0.00,0,0,0.00,0.00,0
2026-05-09 16:03:48,1,1,1,2117.0,0,-9.0,-331,2091,0,0.00,0.00,0,0,0.00,0.00,0
2026-05-09 16:03:48,1,1,1,2114.2,0,-9.2,-338,2087,0,0.00,0.00,0,0,0.00,0.00,0
2026-05-09 16:03:48,1,1,1,2114.2,0,-9.2,-338,2087,0,0.00,0.00,0,0,0.00,0.00,0
2026-05-09 16:03:48,1,1,1,2110.1,0,-9.0,-331,2084,0,0.00,0.00,0,0,0.00,0.00,0
2026-05-09 16:03:48,1,1,1,2107.2,0,-8.9,-325,2082,0,0.00,0.00,0,0,0.00,0.00,0
2026-05-09 16:03:48,1,1,1,2107.2,0,-8.9,-325,2082,0,0.00,0.00,0,0,0.00,0.00,0
2026-05-09 16:03:48,1,1,1,2108.0,0,-8.8,-324,2083,0,0.00,0.00,0,0,0.00,0.00,0
2026-05-09 16:03:49,1,1,1,2108.0,0,-8.8,-324,2083,0,0.00,0.00,0,0,0.00,0.00,0
2026-05-09 16:03:49,1,1,1,2111.0,0,-8.8,-324,2086,0,0.00,0.00,0,0,0.00,0.00,0
2026-05-09 16:03:49,1,1,1,2111.0,0,-8.8,-324,2086,0,0.00,0.00,0,0,0.00,0.00,0
2026-05-09 16:03:49,1,1,1,2136.0,0,-9.6,-357,2106,0,0.00,0.00,0,0,0.00,0.00,0
2026-05-09 16:03:49,1,1,1,2221.2,0,-12.0,-460,2173,0,0.00,0.00,0,0,0.00,0.00,0
2026-05-09 16:03:49,1,1,1,2221.2,0,-12.0,-460,2173,0,0.00,0.00,0,0,0.00,0.00,0
2026-05-09 16:03:49,1,1,1,2292.4,0,-14.0,-556,2224,0,0.00,0.00,0,0,0.00,0.00,0
2026-05-09 16:03:49,1,1,1,2292.4,0,-14.0,-556,2224,0,0.00,0.00,0,0,0.00,0.00,0
2026-05-09 16:03:49,1,1,1,2328.2,0,-16.7,-669,2230,0,0.00,0.00,0,0,0.00,0.00,0
2026-05-09 16:03:49,1,1,1,2328.2,0,-16.7,-669,2230,0,0.00,0.00,0,0,0.00,0.00,0
2026-05-09 16:03:49,1,1,1,2364.2,0,-19.5,-788,2229,0,0.00,0.00,0,0,0.00,0.00,0
2026-05-09 16:03:49,1,1,1,2364.2,0,-19.5,-788,2229,0,0.00,0.00,0,0,0.00,0.00,0
2026-05-09 16:03:49,1,1,1,2424.6,0,-24.5,-1006,2206,0,0.00,0.00,0,0,0.00,0.00,0
2026-05-09 16:03:49,1,1,1,2392.1,0,-23.9,-969,2187,0,0.00,0.00,0,0,0.00,0.00,0
2026-05-09 16:03:49,1,1,1,2392.1,0,-23.9,-969,2187,0,0.00,0.00,0,0,0.00,0.00,0
2026-05-09 16:03:49,1,1,1,2327.0,0,-22.3,-883,2153,0,0.00,0.00,0,0,0.00,0.00,0
2026-05-09 16:03:49,1,1,1,2327.0,0,-22.3,-883,2153,0,0.00,0.00,0,0,0.00,0.00,0
2026-05-09 16:03:49,1,1,1,2272.2,0,-21.0,-815,2121,0,0.00,0.00,0,0,0.00,0.00,0
2026-05-09 16:03:49,1,1,1,2272.2,0,-21.0,-815,2121,0,0.00,0.00,0,0,0.00,0.00,0
2026-05-09 16:03:49,1,1,1,2226.6,0,-20.2,-768,2090,0,0.00,0.00,0,0,0.00,0.00,0
2026-05-09 16:03:50,1,1,1,2180.4,0,-19.4,-726,2056,0,0.00,0.00,0,0,0.00,0.00,0
2026-05-09 16:03:50,1,1,1,2180.4,0,-19.4,-726,2056,0,0.00,0.00,0,0,0.00,0.00,0
2026-05-09 16:03:50,1,1,1,2148.9,0,-19.1,-702,2031,0,0.00,0.00,0,0,0.00,0.00,0
2026-05-09 16:03:50,1,1,1,2148.9,0,-19.1,-702,2031,0,0.00,0.00,0,0,0.00,0.00,0
2026-05-09 16:03:50,1,1,1,2103.7,0,-17.8,-643,2003,0,0.00,0.00,0,0,0.00,0.00,0
2026-05-09 16:03:50,1,1,1,2103.7,0,-17.8,-643,2003,0,0.00,0.00,0,0,0.00,0.00,0
2026-05-09 16:03:50,1,1,1,2060.2,0,-16.4,-583,1976,0,0.00,0.00,0,0,0.00,0.00,0
2026-05-09 16:03:50,1,1,1,2060.2,0,-16.4,-583,1976,0,0.00,0.00,0,0,0.00,0.00,0
2026-05-09 16:03:50,1,1,1,2020.7,0,-15.1,-526,1951,0,0.00,0.00,0,0,0.00,0.00,0
2026-05-09 16:03:50,1,1,1,1986.6,0,-13.8,-475,1929,0,0.00,0.00,0,0,0.00,0.00,0
2026-05-09 16:03:50,1,1,1,1986.6,0,-13.8,-475,1929,0,0.00,0.00,0,0,0.00,0.00,0
2026-05-09 16:03:50,1,1,1,1956.4,0,-12.6,-428,1909,0,0.00,0.00,0,0,0.00,0.00,0
2026-05-09 16:03:50,1,1,1,1956.4,0,-12.6,-428,1909,0,0.00,0.00,0,0,0.00,0.00,0
2026-05-09 16:03:50,1,1,1,1931.4,0,-11.6,-388,1892,0,0.00,0.00,0,0,0.00,0.00,0
2026-05-09 16:03:50,1,1,1,1931.4,0,-11.6,-388,1892,0,0.00,0.00,0,0,0.00,0.00,0
2026-05-09 16:03:50,1,1,1,1910.9,0,-10.6,-353,1878,0,0.00,0.00,0,0,0.00,0.00,0
2026-05-09 16:03:50,1,1,1,1903.9,0,-10.2,-336,1874,0,0.00,0.00,0,0,0.00,0.00,0
2026-05-09 16:03:50,1,1,1,1903.9,0,-10.2,-336,1874,0,0.00,0.00,0,0,0.00,0.00,0
2026-05-09 16:03:50,1,1,1,2002.3,0,-12.1,-419,1958,0,0.00,0.00,0,0,0.00,0.00,0
2026-05-09 16:03:50,1,1,1,2002.3,0,-12.1,-419,1958,0,0.00,0.00,0,0,0.00,0.00,0
2026-05-09 16:03:51,1,1,1,2112.2,0,-13.9,-509,2050,0,0.00,0.00,0,0,0.00,0.00,0
2026-05-09 16:03:51,1,1,1,2112.2,0,-13.9,-509,2050,0,0.00,0.00,0,0,0.00,0.00,0
2026-05-09 16:03:51,1,1,1,2203.8,0,-15.4,-584,2125,0,0.00,0.00,0,0,0.00,0.00,0
2026-05-09 16:03:51,1,1,1,2203.8,0,-15.4,-584,2125,0,0.00,0.00,0,0,0.00,0.00,0
2026-05-09 16:03:51,1,1,1,2212.7,0,-15.8,-603,2129,0,0.00,0.00,0,0,0.00,0.00,0
2026-05-09 16:03:51,1,1,1,2202.0,0,-16.0,-606,2117,0,0.00,0.00,0,0,0.00,0.00,0
2026-05-09 16:03:51,1,1,1,2202.0,0,-16.0,-606,2117,0,0.00,0.00,0,0,0.00,0.00,0
2026-05-09 16:03:51,1,1,1,2200.0,0,-16.3,-616,2112,0,0.00,0.00,0,0,0.00,0.00,0
2026-05-09 16:03:51,1,1,1,2200.0,0,-16.3,-616,2112,0,0.00,0.00,0,0,0.00,0.00,0
2026-05-09 16:03:51,1,1,1,2226.7,0,-16.9,-649,2130,0,0.00,0.00,0,0,0.00,0.00,0
2026-05-09 16:03:51,1,1,1,2226.7,0,-16.9,-649,2130,0,0.00,0.00,0,0,0.00,0.00,0
2026-05-09 16:03:51,1,1,1,2260.3,0,-17.6,-685,2154,0,0.00,0.00,0,0,0.00,0.00,0
2026-05-09 16:03:51,1,1,1,2292.3,0,-18.3,-721,2176,0,0.00,0.00,0,0,0.00,0.00,0
2026-05-09 16:03:51,1,1,1,2292.3,0,-18.3,-721,2176,0,0.00,0.00,0,0,0.00,0.00,0
2026-05-09 16:03:51,1,1,1,2324.1,0,-19.0,-755,2198,0,0.00,0.00,0,0,0.00,0.00,0
2026-05-09 16:03:51,1,1,1,2324.1,0,-19.0,-755,2198,0,0.00,0.00,0,0,0.00,0.00,0
2026-05-09 16:03:51,1,1,1,2355.1,0,-19.6,-789,2219,0,0.00,0.00,0,0,0.00,0.00,0
2026-05-09 16:03:51,1,1,1,2355.1,0,-19.6,-789,2219,0,0.00,0.00,0,0,0.00,0.00,0
2026-05-09 16:03:51,1,1,1,2384.8,0,-20.1,-821,2239,0,0.00,0.00,0,0,0.00,0.00,0
2026-05-09 16:03:51,1,1,1,2384.8,0,-20.1,-821,2239,0,0.00,0.00,0,0,0.00,0.00,0
2026-05-09 16:03:52,1,1,1,2414.0,0,-20.6,-851,2259,0,0.00,0.00,0,0,0.00,0.00,0
2026-05-09 16:03:52,1,1,1,2438.3,0,-21.2,-880,2274,0,0.00,0.00,0,0,0.00,0.00,0
2026-05-09 16:03:52,1,1,1,2438.3,0,-21.2,-880,2274,0,0.00,0.00,0,0,0.00,0.00,0
2026-05-09 16:03:52,1,1,1,2453.8,0,-21.4,-897,2284,0,0.00,0.00,0,0,0.00,0.00,0
2026-05-09 16:03:52,1,1,1,2453.8,0,-21.4,-897,2284,0,0.00,0.00,0,0,0.00,0.00,0
2026-05-09 16:03:52,1,1,1,2438.9,0,-21.1,-879,2275,0,0.00,0.00,0,0,0.00,0.00,0
2026-05-09 16:03:52,1,1,1,2438.9,0,-21.1,-879,2275,0,0.00,0.00,0,0,0.00,0.00,0
2026-05-09 16:03:52,1,1,1,2389.8,0,-20.1,-822,2244,0,0.00,0.00,0,0,0.00,0.00,0
2026-05-09 16:03:52,1,1,1,2389.8,0,-20.1,-822,2244,0,0.00,0.00,0,0,0.00,0.00,0
2026-05-09 16:03:52,1,1,1,2365.1,0,-18.9,-765,2238,0,0.00,0.00,0,0,0.00,0.00,0
2026-05-09 16:03:52,1,1,1,2334.8,0,-17.4,-698,2228,0,0.00,0.00,0,0,0.00,0.00,0
2026-05-09 16:03:52,1,1,1,2334.8,0,-17.4,-698,2228,0,0.00,0.00,0,0,0.00,0.00,0
2026-05-09 16:03:52,1,1,1,2293.7,0,-16.3,-642,2202,0,0.00,0.00,0,0,0.00,0.00,0
2026-05-09 16:03:52,1,1,1,2293.7,0,-16.3,-642,2202,0,0.00,0.00,0,0,0.00,0.00,0
2026-05-09 16:03:52,1,1,1,2255.2,0,-14.6,-570,2182,0,0.00,0.00,0,0,0.00,0.00,0
2026-05-09 16:03:52,1,1,1,2255.2,0,-14.6,-570,2182,0,0.00,0.00,0,0,0.00,0.00,0
2026-05-09 16:03:52,1,1,1,2221.6,0,-12.1,-467,2172,0,0.00,0.00,0,0,0.00,0.00,0
2026-05-09 16:03:52,1,1,1,2191.9,0,-9.3,-355,2163,0,0.00,0.00,0,0,0.00,0.00,0
2026-05-09 16:03:52,1,1,1,2191.9,0,-9.3,-355,2163,0,0.00,0.00,0,1,2.48,0.00,2421
2026-05-09 16:03:52,1,1,1,2203.2,-8,-7.2,-275,2186,0,0.00,0.00,0,1,2.48,0.00,2421
2026-05-09 16:03:53,1,1,1,2203.2,-8,-7.2,-275,2186,0,0.00,0.00,0,1,2.50,0.00,1184
2026-05-09 16:03:53,1,1,1,2214.1,0,-6.0,-231,2202,0,0.00,0.00,0,1,2.50,0.00,1184
2026-05-09 16:03:53,1,1,1,2214.1,0,-6.0,-231,2202,0,0.00,0.00,0,1,2.50,0.00,1184
2026-05-09 16:03:53,1,1,1,2229.9,0,-5.1,-199,2221,0,0.00,0.00,0,1,2.50,0.00,1184
2026-05-09 16:03:53,1,1,1,2229.9,0,-5.1,-199,2221,0,0.00,0.00,0,1,2.50,0.00,1184
2026-05-09 16:03:53,1,1,1,2225.0,0,-3.8,-149,2220,0,0.00,0.00,0,1,2.50,0.00,1184
2026-05-09 16:03:53,1,1,1,2238.4,0,-3.2,-124,2235,0,0.00,0.00,0,1,2.50,0.00,1184
2026-05-09 16:03:53,1,1,1,2238.4,0,-3.2,-124,2235,0,0.00,0.00,0,1,2.50,0.00,1184
2026-05-09 16:03:53,1,1,1,2273.4,0,-4.3,-170,2267,0,0.00,0.00,0,1,2.50,0.00,1184
2026-05-09 16:03:53,1,1,1,2273.4,0,-4.3,-170,2267,0,0.00,0.00,0,1,2.50,0.00,1184
2026-05-09 16:03:53,1,1,1,2282.1,0,-4.8,-192,2274,0,0.00,0.00,0,1,2.52,0.00,865
2026-05-09 16:03:53,1,1,1,2282.1,0,-4.8,-192,2274,0,0.00,0.00,0,1,2.52,0.00,865
2026-05-09 16:03:53,1,1,1,2277.1,0,-5.7,-225,2266,0,0.00,0.00,0,1,2.52,0.00,865
2026-05-09 16:03:53,1,1,1,2277.9,0,-6.8,-269,2262,0,0.00,0.00,0,1,2.52,0.00,865
2026-05-09 16:03:53,1,1,1,2277.9,0,-6.8,-269,2262,0,0.00,0.00,0,1,2.52,0.00,865
2026-05-09 16:03:53,1,1,1,2259.2,0,-8.4,-330,2235,0,0.00,0.00,0,1,2.52,0.00,865
2026-05-09 16:03:53,1,1,1,2259.2,0,-8.4,-330,2235,0,0.00,0.00,0,1,2.52,0.00,865
2026-05-09 16:03:53,1,1,1,2240.8,0,-8.4,-326,2217,0,0.00,0.00,0,1,2.52,0.00,865
2026-05-09 16:03:53,1,1,1,2240.8,0,-8.4,-326,2217,0,0.00,0.00,0,1,2.52,0.00,865
2026-05-09 16:03:53,1,1,1,2229.9,0,-8.2,-319,2207,0,0.00,0.00,0,1,2.52,0.00,865
2026-05-09 16:03:54,1,1,1,2229.9,0,-8.2,-319,2207,0,0.00,0.00,0,1,2.52,0.00,865
2026-05-09 16:03:54,1,1,1,2220.2,0,-8.1,-313,2198,0,0.00,0.00,0,1,2.52,0.00,865
2026-05-09 16:03:54,1,1,1,2226.1,0,-8.3,-320,2203,0,0.00,0.00,0,1,2.52,0.00,865
2026-05-09 16:03:54,1,1,1,2226.1,0,-8.3,-320,2203,0,0.00,0.00,0,1,2.52,0.00,865
2026-05-09 16:03:54,1,1,1,2238.0,0,-8.4,-327,2214,0,0.00,0.00,0,1,2.52,0.00,865
2026-05-09 16:03:54,1,1,1,2238.0,0,-8.4,-327,2214,0,0.00,0.00,0,0,0.00,0.00,0
2026-05-09 16:03:54,1,1,1,2264.5,0,-8.4,-332,2240,0,0.00,0.00,0,0,0.00,0.00,0
2026-05-09 16:03:54,1,1,1,2264.5,0,-8.4,-332,2240,0,0.00,0.00,0,0,0.00,0.00,0
2026-05-09 16:03:54,1,1,1,2288.8,0,-8.3,-329,2265,0,0.00,0.00,0,0,0.00,0.00,0
2026-05-09 16:03:54,1,1,1,2316.9,0,-8.4,-339,2292,0,0.00,0.00,0,0,0.00,0.00,0
2026-05-09 16:03:54,1,1,1,2316.9,0,-8.4,-339,2292,0,0.00,0.00,0,0,0.00,0.00,0
2026-05-09 16:03:54,1,1,1,2333.8,0,-8.5,-346,2308,0,0.00,0.00,0,0,0.00,0.00,0
2026-05-09 16:03:54,1,1,1,2333.8,0,-8.5,-346,2308,0,0.00,0.00,0,0,0.00,0.00,0
2026-05-09 16:03:54,1,1,1,2348.8,0,-8.7,-354,2322,0,0.00,0.00,0,0,0.00,0.00,0
2026-05-09 16:03:54,1,1,1,2348.8,0,-8.7,-354,2322,0,0.00,0.00,0,0,0.00,0.00,0
2026-05-09 16:03:54,1,1,1,2360.8,0,-8.5,-348,2335,0,0.00,0.00,0,0,0.00,0.00,0
2026-05-09 16:03:54,1,1,1,2360.8,0,-8.5,-348,2335,0,0.00,0.00,0,0,0.00,0.00,0
2026-05-09 16:03:54,1,1,1,2377.0,0,-8.3,-344,2352,0,0.00,0.00,0,0,0.00,0.00,0
2026-05-09 16:03:54,1,1,1,2376.9,0,-8.3,-343,2352,0,0.00,0.00,0,0,0.00,0.00,0
2026-05-09 16:03:54,1,1,1,2376.9,0,-8.3,-343,2352,0,0.00,0.00,0,0,0.00,0.00,0
2026-05-09 16:03:55,1,1,1,2362.4,0,-8.6,-352,2336,0,0.00,0.00,0,0,0.00,0.00,0
2026-05-09 16:03:55,1,1,1,2362.4,0,-8.6,-352,2336,0,0.00,0.00,0,0,0.00,0.00,0
2026-05-09 16:03:55,1,1,1,2352.4,0,-8.8,-358,2325,0,0.00,0.00,0,0,0.00,0.00,0
2026-05-09 16:03:55,1,1,1,2352.4,0,-8.8,-358,2325,0,0.00,0.00,0,0,0.00,0.00,0
2026-05-09 16:03:55,1,1,1,2344.4,0,-8.9,-364,2316,0,0.00,0.00,0,1,2.50,0.01,1217
2026-05-09 16:03:55,1,1,1,2335.5,0,-9.1,-370,2306,0,0.00,0.00,0,1,2.50,0.01,1217
2026-05-09 16:03:55,1,1,1,2335.5,0,-9.1,-370,2306,0,0.00,0.00,0,1,2.50,0.01,565
2026-05-09 16:03:55,1,1,1,2331.1,0,-9.1,-367,2302,0,0.00,0.00,0,1,2.50,0.01,565
2026-05-09 16:03:55,1,1,1,2331.1,0,-9.1,-367,2302,0,0.00,0.00,0,1,2.50,0.01,565
2026-05-09 16:03:55,1,1,1,2331.6,0,-9.0,-364,2303,0,0.00,0.00,0,1,2.50,0.01,565
2026-05-09 16:03:55,1,1,1,2331.6,0,-9.0,-364,2303,0,0.00,0.00,0,1,2.50,0.01,565
2026-05-09 16:03:55,1,1,1,2337.7,0,-9.0,-365,2309,0,0.00,0.00,0,1,2.50,0.01,565
2026-05-09 16:03:55,1,1,1,2337.7,0,-9.0,-365,2309,0,0.00,0.00,0,1,2.50,0.01,565
2026-05-09 16:03:55,1,1,1,2342.6,0,-9.0,-365,2314,0,0.00,0.00,0,1,2.50,0.01,565
2026-05-09 16:03:55,1,1,1,2345.6,0,-9.0,-365,2317,0,0.00,0.00,0,1,2.50,0.01,565
2026-05-09 16:03:55,1,1,1,2345.6,0,-9.0,-365,2317,0,0.00,0.00,0,1,2.50,0.01,565
2026-05-09 16:03:55,1,1,1,2345.4,0,-8.9,-364,2317,0,0.00,0.00,0,1,2.50,0.01,565
2026-05-09 16:03:55,1,1,1,2345.4,0,-8.9,-364,2317,0,0.00,0.00,0,1,2.50,0.01,565
2026-05-09 16:03:55,1,1,1,2341.5,0,-8.9,-364,2313,0,0.00,0.00,0,1,2.50,0.01,565
2026-05-09 16:03:55,1,1,1,2341.5,0,-8.9,-364,2313,0,0.00,0.00,0,1,2.50,0.01,565
2026-05-09 16:03:56,1,1,1,2337.7,0,-9.0,-365,2309,0,0.00,0.00,0,1,2.50,0.01,565
2026-05-09 16:03:56,1,1,1,2333.6,0,-9.0,-364,2305,0,0.00,0.00,0,0,0.00,0.00,0
2026-05-09 16:03:56,1,1,1,2333.6,0,-9.0,-364,2305,0,0.00,0.00,0,0,0.00,0.00,0
2026-05-09 16:03:56,1,1,1,2327.5,0,-8.8,-357,2300,0,0.00,0.00,0,0,0.00,0.00,0
2026-05-09 16:03:56,1,1,1,2327.5,0,-8.8,-357,2300,0,0.00,0.00,0,0,0.00,0.00,0
2026-05-09 16:03:56,1,1,1,2321.2,0,-8.6,-348,2295,0,0.00,0.00,0,0,0.00,0.00,0
2026-05-09 16:03:56,1,1,1,2321.2,0,-8.6,-348,2295,0,0.00,0.00,0,0,0.00,0.00,0
2026-05-09 16:03:56,1,1,1,2310.3,0,-8.5,-341,2285,0,0.00,0.00,0,0,0.00,0.00,0
2026-05-09 16:03:56,1,1,1,2310.3,0,-8.5,-341,2285,0,0.00,0.00,0,0,0.00,0.00,0
2026-05-09 16:03:56,1,1,1,2303.1,0,-8.5,-339,2278,0,0.00,0.00,0,0,0.00,0.00,0
2026-05-09 16:03:56,1,1,1,2296.0,0,-8.5,-338,2271,0,0.00,0.00,0,0,0.00,0.00,0
2026-05-09 16:03:56,1,1,1,2296.0,0,-8.5,-338,2271,0,0.00,0.00,0,0,0.00,0.00,0
2026-05-09 16:03:56,1,1,1,2288.9,0,-8.5,-337,2264,0,0.00,0.00,0,0,0.00,0.00,0
2026-05-09 16:03:56,1,1,1,2288.9,0,-8.5,-337,2264,0,0.00,0.00,0,0,0.00,0.00,0
2026-05-09 16:03:56,1,1,1,2279.8,0,-8.6,-342,2254,0,0.00,0.00,0,0,0.00,0.00,0
2026-05-09 16:03:56,1,1,1,2279.8,0,-8.6,-342,2254,0,0.00,0.00,0,0,0.00,0.00,0
2026-05-09 16:03:56,1,1,1,2273.2,0,-8.7,-344,2247,0,0.00,0.00,0,0,0.00,0.00,0
2026-05-09 16:03:56,1,1,1,2273.2,0,-8.7,-344,2247,0,0.00,0.00,0,0,0.00,0.00,0
2026-05-09 16:03:56,1,1,1,2269.4,0,-8.7,-345,2243,0,0.00,0.00,0,0,0.00,0.00,0
2026-05-09 16:03:56,1,1,1,2270.5,0,-8.8,-346,2244,0,0.00,0.00,0,0,0.00,0.00,0
2026-05-09 16:03:57,1,1,1,2270.5,0,-8.8,-346,2244,0,0.00,0.00,0,0,0.00,0.00,0
2026-05-09 16:03:57,1,1,1,2280.3,0,-8.7,-345,2254,0,0.00,0.00,0,0,0.00,0.00,0
2026-05-09 16:03:57,1,1,1,2280.3,0,-8.7,-345,2254,0,0.00,0.00,0,0,0.00,0.00,0
2026-05-09 16:03:57,1,1,1,2291.8,0,-8.6,-343,2266,0,0.00,0.00,0,0,0.00,0.00,0
2026-05-09 16:03:57,1,1,1,2291.8,0,-8.6,-343,2266,0,0.00,0.00,0,0,0.00,0.00,0
2026-05-09 16:03:57,1,1,1,2294.1,0,-8.6,-345,2268,0,0.00,0.00,0,0,0.00,0.00,0
2026-05-09 16:03:57,1,1,1,2296.5,0,-8.7,-348,2270,0,0.00,0.00,0,0,0.00,0.00,0
2026-05-09 16:03:57,1,1,1,2296.5,0,-8.7,-348,2270,0,0.00,0.00,0,0,0.00,0.00,0
2026-05-09 16:03:57,1,1,1,2296.1,0,-8.8,-352,2269,0,0.00,0.00,0,0,0.00,0.00,0
2026-05-09 16:03:57,1,1,1,2296.1,0,-8.8,-352,2269,0,0.00,0.00,0,0,0.00,0.00,0
2026-05-09 16:03:57,1,1,1,2293.5,0,-8.9,-354,2266,0,0.00,0.00,0,0,0.00,0.00,0
2026-05-09 16:03:57,1,1,1,2293.5,0,-8.9,-354,2266,0,0.00,0.00,0,0,0.00,0.00,0
2026-05-09 16:03:57,1,1,1,2290.7,0,-8.9,-355,2263,0,0.00,0.00,0,0,0.00,0.00,0
2026-05-09 16:03:57,1,1,1,2290.7,0,-8.9,-355,2263,0,0.00,0.00,0,0,0.00,0.00,0
2026-05-09 16:03:57,1,1,1,2288.3,0,-9.0,-359,2260,0,0.00,0.00,0,0,0.00,0.00,0
2026-05-09 16:03:57,1,1,1,2284.3,0,-9.2,-365,2255,0,0.00,0.00,0,0,0.00,0.00,0
2026-05-09 16:03:57,1,1,1,2284.3,0,-9.2,-365,2255,0,0.00,0.00,0,0,0.00,0.00,0
2026-05-09 16:03:57,1,1,1,2281.4,0,-9.4,-371,2251,0,0.00,0.00,0,0,0.00,0.00,0
2026-05-09 16:03:57,1,1,1,2281.4,0,-9.4,-371,2251,0,0.00,0.00,0,0,0.00,0.00,0
2026-05-09 16:03:57,1,1,1,2277.4,0,-9.4,-371,2247,0,0.00,0.00,0,0,0.00,0.00,0
2026-05-09 16:03:58,1,1,1,2277.4,0,-9.4,-371,2247,0,0.00,0.00,0,0,0.00,0.00,0
2026-05-09 16:03:58,1,1,1,2267.4,0,-9.4,-370,2237,0,0.00,0.00,0,0,0.00,0.00,0
2026-05-09 16:03:58,1,1,1,2256.2,0,-9.4,-368,2226,0,0.00,0.00,0,0,0.00,0.00,0
2026-05-09 16:03:58,1,1,1,2256.2,0,-9.4,-368,2226,0,0.00,0.00,0,0,0.00,0.00,0
2026-05-09 16:03:58,1,1,1,2246.0,0,-9.4,-366,2216,0,0.00,0.00,0,0,0.00,0.00,0
2026-05-09 16:03:58,1,1,1,2246.0,0,-9.4,-366,2216,0,0.00,0.00,0,0,0.00,0.00,0
2026-05-09 16:03:58,1,1,1,2234.8,0,-9.4,-364,2205,0,0.00,0.00,0,0,0.00,0.00,0
2026-05-09 16:03:58,1,1,1,2234.8,0,-9.4,-364,2205,0,0.00,0.00,0,0,0.00,0.00,0
2026-05-09 16:03:58,1,1,1,2224.7,0,-9.4,-362,2195,0,0.00,0.00,0,0,0.00,0.00,0
2026-05-09 16:03:58,1,1,1,2224.7,0,-9.4,-362,2195,0,0.00,0.00,0,0,0.00,0.00,0
2026-05-09 16:03:58,1,1,1,2218.1,0,-9.3,-358,2189,0,0.00,0.00,0,0,0.00,0.00,0
2026-05-09 16:03:58,1,1,1,2210.4,0,-9.2,-353,2182,0,0.00,0.00,0,0,0.00,0.00,0
2026-05-09 16:03:58,1,1,1,2210.4,0,-9.2,-353,2182,0,0.00,0.00,0,0,0.00,0.00,0
2026-05-09 16:03:58,1,1,1,2207.3,0,-9.0,-346,2180,0,0.00,0.00,0,0,0.00,0.00,0
2026-05-09 16:03:58,1,1,1,2207.3,0,-9.0,-346,2180,0,0.00,0.00,0,0,0.00,0.00,0
2026-05-09 16:03:58,1,1,1,2208.5,0,-8.9,-341,2182,0,0.00,0.00,0,0,0.00,0.00,0
2026-05-09 16:03:58,1,1,1,2208.5,0,-8.9,-341,2182,0,0.00,0.00,0,0,0.00,0.00,0
2026-05-09 16:03:58,1,1,1,2211.8,0,-8.9,-343,2185,0,0.00,0.00,0,0,0.00,0.00,0
2026-05-09 16:03:58,1,1,1,2213.4,0,-8.9,-341,2187,0,0.00,0.00,0,0,0.00,0.00,0
2026-05-09 16:03:58,1,1,1,2213.4,0,-8.9,-341,2187,0,0.00,0.00,0,0,0.00,0.00,0
2026-05-09 16:03:59,1,1,1,2216.2,0,-8.8,-340,2190,0,0.00,0.00,0,0,0.00,0.00,0
2026-05-09 16:03:59,1,1,1,2216.2,0,-8.8,-340,2190,0,0.00,0.00,0,0,0.00,0.00,0
2026-05-09 16:03:59,1,1,1,2221.3,0,-8.8,-341,2195,0,0.00,0.00,0,0,0.00,0.00,0
2026-05-09 16:03:59,1,1,1,2221.3,0,-8.8,-341,2195,0,0.00,0.00,0,0,0.00,0.00,0
2026-05-09 16:03:59,1,1,1,2226.7,0,-8.9,-344,2200,0,0.00,0.00,0,0,0.00,0.00,0
2026-05-09 16:03:59,1,1,1,2226.7,0,-8.9,-344,2200,0,0.00,0.00,0,0,0.00,0.00,0
2026-05-09 16:03:59,1,1,1,2230.2,0,-9.0,-347,2203,0,0.00,0.00,0,0,0.00,0.00,0
2026-05-09 16:03:59,1,1,1,2253.3,0,-9.9,-386,2220,0,0.00,0.00,0,0,0.00,0.00,0
2026-05-09 16:03:59,1,1,1,2253.3,0,-9.9,-386,2220,0,0.00,0.00,0,0,0.00,0.00,0
2026-05-09 16:03:59,1,1,1,2337.2,0,-12.5,-505,2282,0,0.00,0.00,0,0,0.00,0.00,0
2026-05-09 16:03:59,1,1,1,2337.2,0,-12.5,-505,2282,0,0.00,0.00,0,0,0.00,0.00,0
2026-05-09 16:03:59,1,1,1,2416.8,0,-14.7,-612,2338,0,0.00,0.00,0,0,0.00,0.00,0
2026-05-09 16:03:59,1,1,1,2416.8,0,-14.7,-612,2338,0,0.00,0.00,0,0,0.00,0.00,0
2026-05-09 16:03:59,1,1,1,2491.0,0,-16.5,-709,2388,0,0.00,0.00,0,0,0.00,0.00,0
2026-05-09 16:03:59,1,1,1,2561.2,0,-18.1,-797,2434,0,0.00,0.00,0,0,0.00,0.00,0
2026-05-09 16:03:59,1,1,1,2561.2,0,-18.1,-797,2434,0,0.00,0.00,0,0,0.00,0.00,0
2026-05-09 16:03:59,1,1,1,2625.5,0,-19.5,-876,2475,0,0.00,0.00,0,0,0.00,0.00,0
2026-05-09 16:03:59,1,1,1,2625.5,0,-19.5,-876,2475,0,0.00,0.00,0,0,0.00,0.00,0
2026-05-09 16:03:59,1,1,1,2684.6,0,-20.7,-947,2512,0,0.00,0.00,0,0,0.00,0.00,0
2026-05-09 16:03:59,1,1,1,2684.6,0,-20.7,-947,2512,0,0.00,0.00,0,0,0.00,0.00,0
2026-05-09 16:04:00,1,1,1,2738.8,0,-21.7,-1012,2545,0,0.00,0.00,0,0,0.00,0.00,0
2026-05-09 16:04:00,1,1,1,2738.8,0,-21.7,-1012,2545,0,0.00,0.00,0,0,0.00,0.00,0
2026-05-09 16:04:00,1,1,1,2756.9,0,-22.0,-1033,2556,0,0.00,0.00,0,0,0.00,0.00,0
2026-05-09 16:04:00,1,1,1,2773.7,0,-22.3,-1053,2566,0,0.00,0.00,0,0,0.00,0.00,0
2026-05-09 16:04:00,1,1,1,2773.7,0,-22.3,-1053,2566,0,0.00,0.00,0,0,0.00,0.00,0
2026-05-09 16:04:00,1,1,1,2790.2,0,-22.6,-1072,2576,0,0.00,0.00,0,0,0.00,0.00,0
2026-05-09 16:04:00,1,1,1,2790.2,0,-22.6,-1072,2576,0,0.00,0.00,0,0,0.00,0.00,0
2026-05-09 16:04:00,1,1,1,2806.7,0,-22.9,-1091,2586,0,0.00,0.00,0,0,0.00,0.00,0
2026-05-09 16:04:00,1,1,1,2806.7,0,-22.9,-1091,2586,0,0.00,0.00,0,0,0.00,0.00,0
2026-05-09 16:04:00,1,1,1,2822.0,0,-23.1,-1109,2595,0,0.00,0.00,0,0,0.00,0.00,0
2026-05-09 16:04:00,1,1,1,2837.0,0,-23.4,-1126,2604,0,0.00,0.00,0,0,0.00,0.00,0
2026-05-09 16:04:00,1,1,1,2837.0,0,-23.4,-1126,2604,0,0.00,0.00,0,0,0.00,0.00,0
2026-05-09 16:04:00,1,1,1,2849.0,0,-23.6,-1140,2611,0,0.00,0.00,0,0,0.00,0.00,0
2026-05-09 16:04:00,1,1,1,2849.0,0,-23.6,-1140,2611,0,0.00,0.00,0,0,0.00,0.00,0
2026-05-09 16:04:00,1,1,1,2849.4,0,-23.6,-1141,2611,0,0.00,0.00,0,0,0.00,0.00,0
2026-05-09 16:04:00,1,1,1,2849.4,0,-23.6,-1141,2611,0,0.00,0.00,0,0,0.00,0.00,0
2026-05-09 16:04:00,1,1,1,2828.1,0,-23.2,-1115,2599,0,0.00,0.00,0,0,0.00,0.00,0
2026-05-09 16:04:00,1,1,1,2828.1,0,-23.2,-1115,2599,0,0.00,0.00,0,0,0.00,0.00,0
2026-05-09 16:04:00,1,1,1,2762.8,0,-21.5,-1014,2570,0,0.00,0.00,0,0,0.00,0.00,0
2026-05-09 16:04:00,1,1,1,2631.4,0,-18.0,-812,2503,0,0.00,0.00,0,0,0.00,0.00,0
2026-05-09 16:04:01,1,1,1,2631.4,0,-18.0,-812,2503,0,0.00,0.00,0,0,0.00,0.00,0
2026-05-09 16:04:01,1,1,1,2508.2,0,-15.1,-652,2422,0,0.00,0.00,0,0,0.00,0.00,0
2026-05-09 16:04:01,1,1,1,2508.2,0,-15.1,-652,2422,0,0.00,0.00,0,0,0.00,0.00,0
2026-05-09 16:04:01,1,1,1,2420.4,0,-13.4,-559,2355,0,0.00,0.00,0,0,0.00,0.00,0
2026-05-09 16:04:01,1,1,1,2420.4,0,-13.4,-559,2355,0,0.00,0.00,0,0,0.00,0.00,0
2026-05-09 16:04:01,1,1,1,2367.0,0,-12.1,-498,2314,0,0.00,0.00,0,0,0.00,0.00,0
2026-05-09 16:04:01,1,1,1,2367.0,0,-12.1,-498,2314,0,0.00,0.00,0,0,0.00,0.00,0
2026-05-09 16:04:01,1,1,1,2375.4,0,-11.1,-457,2331,0,0.00,0.00,0,0,0.00,0.00,0
2026-05-09 16:04:01,1,1,1,2388.8,0,-10.7,-445,2347,0,0.00,0.00,0,0,0.00,0.00,0
2026-05-09 16:04:01,1,1,1,2388.8,0,-10.7,-445,2347,0,0.00,0.00,0,0,0.00,0.00,0
2026-05-09 16:04:01,1,1,1,2401.5,0,-10.4,-434,2362,0,0.00,0.00,0,0,0.00,0.00,0
2026-05-09 16:04:01,1,1,1,2401.5,0,-10.4,-434,2362,0,0.00,0.00,0,0,0.00,0.00,0
2026-05-09 16:04:01,1,1,1,2401.9,0,-10.2,-425,2364,0,0.00,0.00,0,0,0.00,0.00,0
2026-05-09 16:04:01,1,1,1,2401.9,0,-10.2,-425,2364,0,0.00,0.00,0,0,0.00,0.00,0
2026-05-09 16:04:01,1,1,1,2379.0,0,-9.3,-383,2348,0,0.00,0.00,0,0,0.00,0.00,0
2026-05-09 16:04:01,1,1,1,2353.3,0,-8.6,-351,2327,0,0.00,0.00,0,0,0.00,0.00,0
2026-05-09 16:04:01,1,1,1,2353.3,0,-8.6,-351,2327,0,0.00,0.00,0,0,0.00,0.00,0
2026-05-09 16:04:01,1,1,1,2293.9,0,-7.2,-286,2276,0,0.00,0.00,0,0,0.00,0.00,0
2026-05-09 16:04:01,1,1,1,2293.9,0,-7.2,-286,2276,0,0.00,0.00,0,0,0.00,0.00,0
2026-05-09 16:04:01,1,1,1,2237.9,0,-7.8,-305,2217,0,0.00,0.00,0,0,0.00,0.00,0
2026-05-09 16:04:02,1,1,1,2237.9,0,-7.8,-305,2217,0,0.00,0.00,0,0,0.00,0.00,0
2026-05-09 16:04:02,1,1,1,2209.8,0,-8.9,-343,2183,0,0.00,0.00,0,0,0.00,0.00,0
2026-05-09 16:04:02,1,1,1,2209.8,0,-8.9,-343,2183,0,0.00,0.00,0,0,0.00,0.00,0
2026-05-09 16:04:02,1,1,1,2185.2,0,-9.9,-374,2153,0,0.00,0.00,0,0,0.00,0.00,0
2026-05-09 16:04:02,1,1,1,2164.4,0,-10.9,-411,2125,0,0.00,0.00,0,0,0.00,0.00,0
2026-05-09 16:04:02,1,1,1,2164.4,0,-10.9,-411,2125,0,0.00,0.00,0,0,0.00,0.00,0
2026-05-09 16:04:02,1,1,1,2148.7,0,-12.1,-450,2101,0,0.00,0.00,0,0,0.00,0.00,0
2026-05-09 16:04:02,1,1,1,2148.7,0,-12.1,-450,2101,0,0.00,0.00,0,0,0.00,0.00,0
2026-05-09 16:04:02,1,1,1,2157.5,0,-12.9,-482,2103,0,0.00,0.00,0,0,0.00,0.00,0
2026-05-09 16:04:02,1,1,1,2157.5,0,-12.9,-482,2103,0,0.00,0.00,0,0,0.00,0.00,0
2026-05-09 16:04:02,1,1,1,2160.4,0,-13.0,-486,2105,0,0.00,0.00,0,0,0.00,0.00,0
2026-05-09 16:04:02,1,1,1,2156.2,0,-12.8,-476,2103,0,0.00,0.00,0,0,0.00,0.00,0
2026-05-09 16:04:02,1,1,1,2156.2,0,-12.8,-476,2103,0,0.00,0.00,0,0,0.00,0.00,0
2026-05-09 16:04:02,1,1,1,2155.3,0,-12.6,-472,2103,0,0.00,0.00,0,0,0.00,0.00,0
2026-05-09 16:04:02,1,1,1,2155.3,0,-12.6,-472,2103,0,0.00,0.00,0,0,0.00,0.00,0
2026-05-09 16:04:02,1,1,1,2152.9,0,-12.4,-461,2103,0,0.00,0.00,0,0,0.00,0.00,0
2026-05-09 16:04:02,1,1,1,2152.9,0,-12.4,-461,2103,0,0.00,0.00,0,0,0.00,0.00,0
2026-05-09 16:04:02,1,1,1,2153.5,0,-12.1,-450,2106,0,0.00,0.00,0,0,0.00,0.00,0
2026-05-09 16:04:02,1,1,1,2153.5,0,-12.1,-450,2106,0,0.00,0.00,0,0,0.00,0.00,0
2026-05-09 16:04:02,1,1,1,2152.8,0,-11.7,-437,2108,0,0.00,0.00,0,0,0.00,0.00,0
2026-05-09 16:04:03,1,1,1,2152.8,0,-11.4,-427,2110,0,0.00,0.00,0,0,0.00,0.00,0
2026-05-09 16:04:03,1,1,1,2152.8,0,-11.4,-427,2110,0,0.00,0.00,0,0,0.00,0.00,0
2026-05-09 16:04:03,1,1,1,2151.6,0,-11.1,-416,2111,0,0.00,0.00,0,0,0.00,0.00,0
2026-05-09 16:04:03,1,1,1,2151.6,0,-11.1,-416,2111,0,0.00,0.00,0,0,0.00,0.00,0
2026-05-09 16:04:03,1,1,1,2155.4,-8,-10.8,-405,2117,0,0.00,0.00,0,0,0.00,0.00,0
2026-05-09 16:04:03,1,1,1,2155.4,-8,-10.8,-405,2117,0,0.00,0.00,0,0,0.00,0.00,0
2026-05-09 16:04:03,1,1,1,2162.7,0,-10.6,-397,2126,0,0.00,0.00,0,0,0.00,0.00,0
2026-05-09 16:04:03,1,1,1,2168.2,0,-10.3,-389,2133,0,0.00,0.00,0,0,0.00,0.00,0
2026-05-09 16:04:03,1,1,1,2168.2,0,-10.3,-389,2133,0,0.00,0.00,0,0,0.00,0.00,0
2026-05-09 16:04:03,1,1,1,2175.8,0,-10.1,-382,2142,0,0.00,0.00,0,0,0.00,0.00,0
2026-05-09 16:04:03,1,1,1,2175.8,0,-10.1,-382,2142,0,0.00,0.00,0,0,0.00,0.00,0
2026-05-09 16:04:03,1,1,1,2167.2,0,-9.9,-372,2135,0,0.00,0.00,0,0,0.00,0.00,0
2026-05-09 16:04:03,1,1,1,2167.2,0,-9.9,-372,2135,0,0.00,0.00,0,0,0.00,0.00,0
2026-05-09 16:04:03,1,1,1,2155.0,0,-9.7,-364,2124,0,0.00,0.00,0,0,0.00,0.00,0
2026-05-09 16:04:03,1,1,1,2155.0,0,-9.7,-364,2124,0,0.00,0.00,0,0,0.00,0.00,0
2026-05-09 16:04:03,1,1,1,2139.5,0,-9.7,-360,2109,0,0.00,0.00,0,0,0.00,0.00,0
2026-05-09 16:04:03,1,1,1,2124.6,0,-9.7,-359,2094,0,0.00,0.00,0,0,0.00,0.00,0
2026-05-09 16:04:03,1,1,1,2124.6,0,-9.7,-359,2094,0,0.00,0.00,0,0,0.00,0.00,0
2026-05-09 16:04:03,1,1,1,2142.0,0,-9.4,-351,2113,0,0.00,0.00,0,0,0.00,0.00,0
2026-05-09 16:04:03,1,1,1,2142.0,0,-9.4,-351,2113,0,0.00,0.00,0,0,0.00,0.00,0
2026-05-09 16:04:04,1,1,1,2149.5,8,-9.3,-349,2121,0,0.00,0.00,0,0,0.00,0.00,0
2026-05-09 16:04:04,1,1,1,2149.5,8,-9.3,-349,2121,0,0.00,0.00,0,0,0.00,0.00,0
2026-05-09 16:04:04,1,1,1,2159.2,0,-9.3,-348,2131,0,0.00,0.00,0,0,0.00,0.00,0
2026-05-09 16:04:04,1,1,1,2167.0,0,-9.2,-347,2139,0,0.00,0.00,0,0,0.00,0.00,0
2026-05-09 16:04:04,1,1,1,2167.0,0,-9.2,-347,2139,0,0.00,0.00,0,0,0.00,0.00,0
2026-05-09 16:04:04,1,1,1,2171.1,0,-9.1,-342,2144,0,0.00,0.00,0,0,0.00,0.00,0
2026-05-09 16:04:04,1,1,1,2171.1,0,-9.1,-342,2144,0,0.00,0.00,0,0,0.00,0.00,0
2026-05-09 16:04:04,1,1,1,2173.5,8,-8.8,-332,2148,0,0.00,0.00,0,0,0.00,0.00,0
2026-05-09 16:04:04,1,1,1,2173.5,8,-8.8,-332,2148,0,0.00,0.00,0,0,0.00,0.00,0
2026-05-09 16:04:04,1,1,1,2170.3,0,-8.4,-317,2147,0,0.00,0.00,0,0,0.00,0.00,0
2026-05-09 16:04:04,1,1,1,2170.3,0,-8.4,-317,2147,0,0.00,0.00,0,0,0.00,0.00,0
2026-05-09 16:04:04,1,1,1,2164.6,0,-8.1,-305,2143,0,0.00,0.00,0,0,0.00,0.00,0
2026-05-09 16:04:04,1,1,1,2160.8,0,-8.0,-299,2140,0,0.00,0.00,0,0,0.00,0.00,0
2026-05-09 16:04:04,1,1,1,2160.8,0,-8.0,-299,2140,0,0.00,0.00,0,0,0.00,0.00,0
2026-05-09 16:04:04,1,1,1,2163.6,0,-7.9,-298,2143,0,0.00,0.00,0,1,2.49,0.00,872
2026-05-09 16:04:04,1,1,1,2163.6,0,-7.9,-298,2143,0,0.00,0.00,0,1,2.49,0.00,872
2026-05-09 16:04:04,1,1,1,2165.2,0,-7.8,-295,2145,0,0.00,0.00,0,1,2.37,0.00,1882
2026-05-09 16:04:04,1,1,1,2165.2,0,-7.8,-295,2145,0,0.00,0.00,0,1,2.37,0.00,1882
2026-05-09 16:04:04,1,1,1,2164.9,0,-7.8,-293,2145,0,0.00,0.00,0,1,2.27,-0.01,1305
2026-05-09 16:04:04,1,1,1,2162.4,0,-7.7,-289,2143,0,0.00,0.00,0,1,2.27,-0.01,1305
2026-05-09 16:04:05,1,1,1,2162.4,0,-7.7,-289,2143,0,0.00,0.00,0,1,2.27,-0.01,1305
2026-05-09 16:04:05,1,1,1,2159.0,0,-7.6,-286,2140,0,0.00,0.00,0,1,2.27,-0.01,1305
2026-05-09 16:04:05,1,1,1,2159.0,0,-7.6,-286,2140,0,0.00,0.00,0,1,2.27,-0.01,1305
2026-05-09 16:04:05,1,1,1,2154.7,0,-7.5,-283,2136,0,0.00,0.00,0,1,2.27,-0.01,1305
2026-05-09 16:04:05,1,1,1,2154.7,0,-7.5,-283,2136,0,0.00,0.00,0,1,2.27,-0.01,1305
2026-05-09 16:04:05,1,1,1,2149.4,0,-7.5,-281,2131,0,0.00,0.00,0,1,2.27,-0.01,1305
2026-05-09 16:04:05,1,1,1,2149.4,0,-7.5,-281,2131,0,0.00,0.00,0,1,2.27,-0.01,1305
2026-05-09 16:04:05,1,1,1,2144.2,0,-7.5,-279,2126,0,0.00,0.00,0,1,2.27,-0.01,1305
2026-05-09 16:04:05,1,1,1,2142.6,0,-7.6,-282,2124,0,0.00,0.00,0,1,2.27,-0.01,1305
2026-05-09 16:04:05,1,1,1,2142.6,0,-7.6,-282,2124,0,0.00,0.00,0,1,2.27,-0.01,1305
2026-05-09 16:04:05,1,1,1,2145.5,8,-7.5,-281,2127,0,0.00,0.00,0,1,2.27,-0.01,1305
2026-05-09 16:04:05,1,1,1,2145.5,8,-7.5,-281,2127,0,0.00,0.00,0,1,2.27,-0.01,1305
2026-05-09 16:04:05,1,1,1,2147.6,0,-7.5,-282,2129,0,0.00,0.00,0,1,2.27,-0.01,1305
2026-05-09 16:04:05,1,1,1,2147.6,0,-7.5,-282,2129,0,0.00,0.00,0,0,0.00,0.00,0
2026-05-09 16:04:05,1,1,1,2155.9,8,-7.6,-285,2137,0,0.00,0.00,0,0,0.00,0.00,0
2026-05-09 16:04:05,1,1,1,2155.9,8,-7.6,-285,2137,0,0.00,0.00,0,0,0.00,0.00,0
2026-05-09 16:04:05,1,1,1,2164.8,0,-7.6,-285,2146,0,0.00,0.00,0,1,2.06,0.00,1746
2026-05-09 16:04:05,1,1,1,2168.7,0,-7.5,-284,2150,0,0.00,0.00,0,1,2.06,0.00,1746
2026-05-09 16:04:05,1,1,1,2168.7,0,-7.5,-284,2150,0,0.00,0.00,0,1,2.06,0.00,1746
2026-05-09 16:04:05,1,1,1,2169.4,0,-7.5,-282,2151,0,0.00,0.00,0,1,2.06,0.00,1746
2026-05-09 16:04:06,1,1,1,2169.4,0,-7.5,-282,2151,0,0.00,0.00,0,1,2.06,0.00,1746
2026-05-09 16:04:06,1,1,1,2170.7,0,-7.3,-277,2153,0,0.00,0.00,0,1,2.06,0.00,1746
2026-05-09 16:04:06,1,1,1,2170.7,0,-7.3,-277,2153,0,0.00,0.00,0,1,2.06,0.00,1746
2026-05-09 16:04:06,1,1,1,2168.6,0,-7.1,-268,2152,0,0.00,0.00,0,1,2.06,0.00,1746
2026-05-09 16:04:06,1,1,1,2169.5,0,-6.9,-259,2154,0,0.00,0.00,0,1,2.06,0.00,1746
2026-05-09 16:04:06,1,1,1,2169.5,0,-6.9,-259,2154,0,0.00,0.00,0,1,2.06,0.00,1746
2026-05-09 16:04:06,1,1,1,2170.2,0,-6.6,-248,2156,0,0.00,0.00,0,1,2.06,0.00,1746
2026-05-09 16:04:06,1,1,1,2170.2,0,-6.6,-248,2156,0,0.00,0.00,0,1,2.06,0.00,1746
2026-05-09 16:04:06,1,1,1,2166.7,0,-6.2,-234,2154,0,0.00,0.00,0,1,2.06,0.00,1746
2026-05-09 16:04:06,1,1,1,2166.7,0,-6.2,-234,2154,0,0.00,0.00,0,1,2.06,0.00,1746
2026-05-09 16:04:06,1,1,1,2162.6,0,-5.9,-224,2151,0,0.00,0.00,0,1,2.06,0.00,1746
2026-05-09 16:04:06,1,1,1,2162.6,0,-5.9,-224,2151,0,0.00,0.00,0,0,0.00,0.00,0
2026-05-09 16:04:06,1,1,1,2157.2,0,-5.9,-220,2146,0,0.00,0.00,0,0,0.00,0.00,0
2026-05-09 16:04:06,1,1,1,2152.4,0,-5.9,-221,2141,0,0.00,0.00,0,0,0.00,0.00,0
2026-05-09 16:04:06,1,1,1,2152.4,0,-5.9,-221,2141,0,0.00,0.00,0,0,0.00,0.00,0
2026-05-09 16:04:06,1,1,1,2148.6,0,-6.0,-223,2137,0,0.00,0.00,0,0,0.00,0.00,0
2026-05-09 16:04:06,1,1,1,2148.6,0,-6.0,-223,2137,0,0.00,0.00,0,0,0.00,0.00,0
2026-05-09 16:04:06,1,1,1,2143.4,0,-6.2,-230,2131,0,0.00,0.00,0,0,0.00,0.00,0
2026-05-09 16:04:06,1,1,1,2143.4,0,-6.2,-230,2131,0,0.00,0.00,0,0,0.00,0.00,0
2026-05-09 16:04:06,1,1,1,2140.3,0,-6.4,-238,2127,0,0.00,0.00,0,0,0.00,0.00,0
2026-05-09 16:04:07,1,1,1,2137.4,0,-6.7,-248,2123,0,0.00,0.00,0,0,0.00,0.00,0
2026-05-09 16:04:07,1,1,1,2137.4,0,-6.7,-248,2123,0,0.00,0.00,0,0,0.00,0.00,0
2026-05-09 16:04:07,1,1,1,2131.5,0,-6.7,-248,2117,0,0.00,0.00,0,0,0.00,0.00,0
2026-05-09 16:04:07,1,1,1,2131.5,0,-6.7,-248,2117,0,0.00,0.00,0,0,0.00,0.00,0
2026-05-09 16:04:07,1,1,1,2124.6,0,-6.7,-249,2110,0,0.00,0.00,0,0,0.00,0.00,0
2026-05-09 16:04:07,1,1,1,2124.6,0,-6.7,-249,2110,0,0.00,0.00,0,0,0.00,0.00,0
2026-05-09 16:04:07,1,1,1,2123.1,0,-6.8,-253,2108,0,0.00,0.00,0,0,0.00,0.00,0
2026-05-09 16:04:07,1,1,1,2123.1,0,-6.8,-253,2108,0,0.00,0.00,0,0,0.00,0.00,0
2026-05-09 16:04:07,1,1,1,2121.5,0,-6.9,-256,2106,0,0.00,0.00,0,0,0.00,0.00,0
2026-05-09 16:04:07,1,1,1,2122.7,0,-7.0,-258,2107,0,0.00,0.00,0,0,0.00,0.00,0
2026-05-09 16:04:07,1,1,1,2122.7,0,-7.0,-258,2107,0,0.00,0.00,0,0,0.00,0.00,0
2026-05-09 16:04:07,1,1,1,2124.6,0,-6.9,-257,2109,0,0.00,0.00,0,0,0.00,0.00,0
2026-05-09 16:04:07,1,1,1,2124.6,0,-6.9,-257,2109,0,0.00,0.00,0,0,0.00,0.00,0
2026-05-09 16:04:07,1,1,1,2124.2,0,-6.9,-254,2109,0,0.00,0.00,0,0,0.00,0.00,0
2026-05-09 16:04:07,1,1,1,2124.2,0,-6.9,-254,2109,0,0.00,0.00,0,0,0.00,0.00,0
2026-05-09 16:04:07,1,1,1,2119.4,0,-6.7,-247,2105,0,0.00,0.00,0,0,0.00,0.00,0
2026-05-09 16:04:07,1,1,1,2113.4,0,-6.5,-238,2100,0,0.00,0.00,0,0,0.00,0.00,0
2026-05-09 16:04:07,1,1,1,2113.4,0,-6.5,-238,2100,0,0.00,0.00,0,0,0.00,0.00,0
2026-05-09 16:04:07,1,1,1,2109.1,0,-6.4,-235,2096,0,0.00,0.00,0,0,0.00,0.00,0
2026-05-09 16:04:07,1,1,1,2109.1,0,-6.4,-235,2096,0,0.00,0.00,0,0,0.00,0.00,0
2026-05-09 16:04:08,1,1,1,2108.4,0,-6.5,-237,2095,0,0.00,0.00,0,0,0.00,0.00,0
2026-05-09 16:04:08,1,1,1,2108.4,0,-6.5,-237,2095,0,0.00,0.00,0,0,0.00,0.00,0
2026-05-09 16:04:08,1,1,1,2108.6,0,-6.5,-239,2095,0,0.00,0.00,0,0,0.00,0.00,0
2026-05-09 16:04:08,1,1,1,2108.6,0,-6.5,-239,2095,0,0.00,0.00,0,0,0.00,0.00,0
2026-05-09 16:04:08,1,1,1,2109.8,0,-6.6,-241,2096,0,0.00,0.00,0,0,0.00,0.00,0
2026-05-09 16:04:08,1,1,1,2114.5,0,-6.7,-247,2100,0,0.00,0.00,0,0,0.00,0.00,0
2026-05-09 16:04:08,1,1,1,2114.5,0,-6.7,-247,2100,0,0.00,0.00,0,0,0.00,0.00,0
2026-05-09 16:04:08,1,1,1,2118.4,0,-6.9,-255,2103,0,0.00,0.00,0,0,0.00,0.00,0
2026-05-09 16:04:08,1,1,1,2118.4,0,-6.9,-255,2103,0,0.00,0.00,0,0,0.00,0.00,0
2026-05-09 16:04:08,1,1,1,2118.3,0,-7.1,-262,2102,0,0.00,0.00,0,0,0.00,0.00,0
2026-05-09 16:04:08,1,1,1,2118.3,0,-7.1,-262,2102,0,0.00,0.00,0,0,0.00,0.00,0
2026-05-09 16:04:08,1,1,1,2115.9,0,-7.2,-267,2099,0,0.00,0.00,0,0,0.00,0.00,0
2026-05-09 16:04:08,1,1,1,2113.0,0,-7.5,-275,2095,0,0.00,0.00,0,0,0.00,0.00,0
2026-05-09 16:04:08,1,1,1,2113.0,0,-7.5,-275,2095,0,0.00,0.00,0,0,0.00,0.00,0
2026-05-09 16:04:08,1,1,1,2110.2,0,-7.7,-284,2091,0,0.00,0.00,0,0,0.00,0.00,0
2026-05-09 16:04:08,1,1,1,2110.2,0,-7.7,-284,2091,0,0.00,0.00,0,0,0.00,0.00,0
2026-05-09 16:04:08,1,1,1,2103.9,0,-7.9,-289,2084,0,0.00,0.00,0,0,0.00,0.00,0
2026-05-09 16:04:08,1,1,1,2103.9,0,-7.9,-289,2084,0,0.00,0.00,0,0,0.00,0.00,0
2026-05-09 16:04:08,1,1,1,2099.0,0,-7.9,-289,2079,0,0.00,0.00,0,0,0.00,0.00,0
2026-05-09 16:04:08,1,1,1,2099.0,0,-7.9,-289,2079,0,0.00,0.00,0,0,0.00,0.00,0
2026-05-09 16:04:09,1,1,1,2097.3,8,-7.8,-284,2078,0,0.00,0.00,0,0,0.00,0.00,0
2026-05-09 16:04:09,1,1,1,2096.8,0,-7.7,-280,2078,0,0.00,0.00,0,0,0.00,0.00,0
2026-05-09 16:04:09,1,1,1,2096.8,0,-7.7,-280,2078,0,0.00,0.00,0,0,0.00,0.00,0
2026-05-09 16:04:09,1,1,1,2099.4,0,-7.6,-277,2081,0,0.00,0.00,0,0,0.00,0.00,0
2026-05-09 16:04:09,1,1,1,2099.4,0,-7.6,-277,2081,0,0.00,0.00,0,0,0.00,0.00,0
2026-05-09 16:04:09,1,1,1,2106.5,0,-7.4,-271,2089,0,0.00,0.00,0,0,0.00,0.00,0
2026-05-09 16:04:09,1,1,1,2106.5,0,-7.4,-271,2089,0,0.00,0.00,0,0,0.00,0.00,0
2026-05-09 16:04:09,1,1,1,2111.6,0,-7.2,-264,2095,0,0.00,0.00,0,0,0.00,0.00,0
2026-05-09 16:04:09,1,1,1,2117.1,0,-7.1,-261,2101,0,0.00,0.00,0,0,0.00,0.00,0
2026-05-09 16:04:09,1,1,1,2117.1,0,-7.1,-261,2101,0,0.00,0.00,0,0,0.00,0.00,0
2026-05-09 16:04:09,1,1,1,2122.6,0,-7.0,-257,2107,0,0.00,0.00,0,0,0.00,0.00,0
2026-05-09 16:04:09,1,1,1,2122.6,0,-7.0,-257,2107,0,0.00,0.00,0,0,0.00,0.00,0
2026-05-09 16:04:09,1,1,1,2124.7,0,-7.0,-258,2109,0,0.00,0.00,0,1,1.28,0.00,122
2026-05-09 16:04:09,1,1,1,2124.7,0,-7.0,-258,2109,0,0.00,0.00,0,1,1.28,0.00,122
2026-05-09 16:04:09,1,1,1,2120.3,0,-7.1,-262,2104,0,0.00,0.00,0,1,1.29,0.00,122
2026-05-09 16:04:09,1,1,1,2120.3,0,-7.1,-262,2104,0,0.00,0.00,0,1,1.29,0.00,122
2026-05-09 16:04:09,1,1,1,2111.2,0,-7.3,-269,2094,0,0.00,0.00,0,1,1.29,0.00,122
2026-05-09 16:04:09,1,1,1,2105.2,0,-7.5,-276,2087,0,0.00,0.00,0,1,1.29,0.00,122
2026-05-09 16:04:09,1,1,1,2105.2,0,-7.5,-276,2087,0,0.00,0.00,0,1,1.29,0.00,122
2026-05-09 16:04:09,1,1,1,2103.0,0,-7.7,-282,2084,0,0.00,0.00,0,1,1.29,0.00,122
2026-05-09 16:04:10,1,1,1,2103.0,0,-7.7,-282,2084,0,0.00,0.00,0,1,1.29,0.00,122
2026-05-09 16:04:10,1,1,1,2102.5,0,-7.8,-286,2083,0,0.00,0.00,0,1,1.29,0.00,122
2026-05-09 16:04:10,1,1,1,2102.5,0,-7.8,-286,2083,0,0.00,0.00,0,1,1.29,0.00,122
2026-05-09 16:04:10,1,1,1,2100.0,0,-7.9,-289,2080,0,0.00,0.00,0,1,1.29,0.00,122
2026-05-09 16:04:10,1,1,1,2100.0,0,-7.9,-289,2080,0,0.00,0.00,0,1,1.29,0.00,122
2026-05-09 16:04:10,1,1,1,2100.7,0,-8.0,-294,2080,0,0.00,0.00,0,1,1.29,0.00,122
2026-05-09 16:04:10,1,1,1,2103.1,0,-8.1,-297,2082,0,0.00,0.00,0,1,1.29,0.00,122
2026-05-09 16:04:10,1,1,1,2103.1,0,-8.1,-297,2082,0,0.00,0.00,0,0,0.00,0.00,0
2026-05-09 16:04:10,1,1,1,2108.5,0,-8.2,-300,2087,0,0.00,0.00,0,0,0.00,0.00,0
2026-05-09 16:04:10,1,1,1,2108.5,0,-8.2,-300,2087,0,0.00,0.00,0,0,0.00,0.00,0
2026-05-09 16:04:10,1,1,1,2112.1,0,-8.1,-298,2091,0,0.00,0.00,0,0,0.00,0.00,0
2026-05-09 16:04:10,1,1,1,2112.1,0,-8.1,-298,2091,0,0.00,0.00,0,0,0.00,0.00,0
2026-05-09 16:04:10,1,1,1,2115.4,0,-8.0,-293,2095,0,0.00,0.00,0,0,0.00,0.00,0
2026-05-09 16:04:10,1,1,1,2116.4,0,-8.0,-293,2096,0,0.00,0.00,0,0,0.00,0.00,0
2026-05-09 16:04:10,1,1,1,2116.4,0,-8.0,-293,2096,0,0.00,0.00,0,0,0.00,0.00,0
2026-05-09 16:04:10,1,1,1,2116.8,0,-8.0,-296,2096,0,0.00,0.00,0,0,0.00,0.00,0
2026-05-09 16:04:10,1,1,1,2116.8,0,-8.0,-296,2096,0,0.00,0.00,0,0,0.00,0.00,0
2026-05-09 16:04:10,1,1,1,2118.5,0,-8.2,-301,2097,0,0.00,0.00,0,0,0.00,0.00,0
2026-05-09 16:04:10,1,1,1,2118.5,0,-8.2,-301,2097,0,0.00,0.00,0,0,0.00,0.00,0
2026-05-09 16:04:10,1,1,1,2120.1,0,-8.3,-305,2098,0,0.00,0.00,0,0,0.00,0.00,0
2026-05-09 16:04:11,1,1,1,2120.1,0,-8.3,-305,2098,0,0.00,0.00,0,1,2.25,0.00,386
2026-05-09 16:04:11,1,1,1,2121.5,0,-8.3,-308,2099,0,0.00,0.00,0,1,2.25,0.00,386
2026-05-09 16:04:11,1,1,1,2124.9,0,-8.4,-311,2102,0,0.00,0.00,0,1,2.25,0.00,386
2026-05-09 16:04:11,1,1,1,2124.9,0,-8.4,-311,2102,0,0.00,0.00,0,1,2.25,0.00,386
2026-05-09 16:04:11,1,1,1,2133.5,0,-8.5,-316,2110,0,0.00,0.00,0,1,2.25,0.00,386
2026-05-09 16:04:11,1,1,1,2133.5,0,-8.5,-316,2110,0,0.00,0.00,0,1,2.25,0.00,386
2026-05-09 16:04:11,1,1,1,2145.2,0,-8.6,-321,2121,0,0.00,0.00,0,1,2.25,0.00,386
2026-05-09 16:04:11,1,1,1,2145.2,0,-8.6,-321,2121,0,0.00,0.00,0,1,2.25,0.00,386
2026-05-09 16:04:11,1,1,1,2150.5,0,-8.7,-324,2126,0,0.00,0.00,0,1,2.25,0.00,386
2026-05-09 16:04:11,1,1,1,2153.7,0,-8.7,-325,2129,0,0.00,0.00,0,1,2.25,0.00,386
2026-05-09 16:04:11,1,1,1,2153.7,0,-8.7,-325,2129,0,0.00,0.00,0,1,2.25,0.00,386
2026-05-09 16:04:11,1,1,1,2156.9,0,-8.7,-327,2132,0,0.00,0.00,0,1,2.25,0.00,386
2026-05-09 16:04:11,1,1,1,2156.9,0,-8.7,-327,2132,0,0.00,0.00,0,1,2.25,0.00,386
2026-05-09 16:04:11,1,1,1,2159.2,0,-8.8,-329,2134,0,0.00,0.00,0,1,2.25,0.00,386
2026-05-09 16:04:11,1,1,1,2159.2,0,-8.8,-329,2134,0,0.00,0.00,0,1,2.25,0.00,386
2026-05-09 16:04:11,1,1,1,2162.3,0,-8.8,-330,2137,0,0.00,0.00,0,0,0.00,0.00,0
2026-05-09 16:04:11,1,1,1,2162.3,0,-8.8,-330,2137,0,0.00,0.00,0,0,0.00,0.00,0
2026-05-09 16:04:11,1,1,1,2166.9,0,-8.9,-334,2141,0,0.00,0.00,0,0,0.00,0.00,0
2026-05-09 16:04:11,1,1,1,2166.6,0,-8.8,-332,2141,0,0.00,0.00,0,0,0.00,0.00,0
2026-05-09 16:04:11,1,1,1,2166.6,0,-8.8,-332,2141,0,0.00,0.00,0,0,0.00,0.00,0
2026-05-09 16:04:12,1,1,1,2164.7,0,-8.7,-326,2140,0,0.00,0.00,0,0,0.00,0.00,0
2026-05-09 16:04:12,1,1,1,2164.7,0,-8.7,-326,2140,0,0.00,0.00,0,0,0.00,0.00,0
2026-05-09 16:04:12,1,1,1,2165.2,0,-8.6,-323,2141,0,0.00,0.00,0,0,0.00,0.00,0
2026-05-09 16:04:12,1,1,1,2165.2,0,-8.6,-323,2141,0,0.00,0.00,0,0,0.00,0.00,0
2026-05-09 16:04:12,1,1,1,2164.8,0,-8.5,-320,2141,0,0.00,0.00,0,0,0.00,0.00,0
2026-05-09 16:04:12,1,1,1,2165.8,0,-8.5,-320,2142,0,0.00,0.00,0,0,0.00,0.00,0
2026-05-09 16:04:12,1,1,1,2165.8,0,-8.5,-320,2142,0,0.00,0.00,0,0,0.00,0.00,0
2026-05-09 16:04:12,1,1,1,2165.8,0,-8.5,-320,2142,0,0.00,0.00,0,0,0.00,0.00,0
2026-05-09 16:04:12,1,1,1,2165.8,0,-8.5,-320,2142,0,0.00,0.00,0,0,0.00,0.00,0
2026-05-09 16:04:12,1,1,1,2163.6,0,-8.5,-319,2140,0,0.00,0.00,0,0,0.00,0.00,0
2026-05-09 16:04:12,1,1,1,2163.6,0,-8.5,-319,2140,0,0.00,0.00,0,0,0.00,0.00,0
2026-05-09 16:04:12,1,1,1,2160.7,0,-8.5,-319,2137,0,0.00,0.00,0,0,0.00,0.00,0
2026-05-09 16:04:22,1,1,1,2707.8,0,13.5,632,2633,0,0.00,0.00,0,0,0.00,0.00,0
2026-05-09 16:04:22,1,1,1,2707.8,0,13.5,632,2633,0,0.00,0.00,0,0,0.00,0.00,0
2026-05-09 16:04:22,1,1,1,2706.0,0,13.6,637,2630,0,0.00,0.00,0,0,0.00,0.00,0
2026-05-09 16:04:22,1,1,1,2706.0,0,13.6,637,2630,0,0.00,0.00,0,0,0.00,0.00,0
2026-05-09 16:04:22,1,1,1,2705.5,0,13.7,643,2628,0,0.00,0.00,0,0,0.00,0.00,0
2026-05-09 16:04:22,1,1,1,2705.0,0,14.0,653,2625,0,0.00,0.00,0,0,0.00,0.00,0
2026-05-09 16:04:22,1,1,1,2705.0,0,14.0,653,2625,0,0.00,0.00,0,0,0.00,0.00,0
2026-05-09 16:04:22,1,1,1,2705.8,0,14.4,672,2621,0,0.00,0.00,0,0,0.00,0.00,0
2026-05-09 16:04:23,1,1,1,2705.8,0,14.4,672,2621,0,0.00,0.00,0,0,0.00,0.00,0
2026-05-09 16:04:23,1,1,1,2707.2,0,14.8,693,2617,0,0.00,0.00,0,0,0.00,0.00,0
2026-05-09 16:04:23,1,1,1,2707.2,0,14.8,693,2617,0,0.00,0.00,0,0,0.00,0.00,0
2026-05-09 16:04:23,1,1,1,2708.8,0,15.3,714,2613,0,0.00,0.00,0,0,0.00,0.00,0
2026-05-09 16:04:23,1,1,1,2710.4,0,15.6,731,2610,0,0.00,0.00,0,0,0.00,0.00,0
2026-05-09 16:04:23,1,1,1,2710.4,0,15.6,731,2610,0,0.00,0.00,0,0,0.00,0.00,0
2026-05-09 16:04:23,1,1,1,2711.6,0,16.0,746,2607,0,0.00,0.00,0,0,0.00,0.00,0
2026-05-09 16:04:23,1,1,1,2711.6,0,16.0,746,2607,0,0.00,0.00,0,0,0.00,0.00,0
2026-05-09 16:04:23,1,1,1,2712.9,0,16.3,761,2604,0,0.00,0.00,0,0,0.00,0.00,0
2026-05-09 16:04:23,1,1,1,2712.9,0,16.3,761,2604,0,0.00,0.00,0,0,0.00,0.00,0
2026-05-09 16:04:23,1,1,1,2714.0,0,16.6,775,2601,0,0.00,0.00,0,0,0.00,0.00,0
2026-05-09 16:04:23,1,1,1,2714.0,0,16.6,775,2601,0,0.00,0.00,0,0,0.00,0.00,0
2026-05-09 16:04:23,1,1,1,2715.2,0,16.9,789,2598,0,0.00,0.00,0,0,0.00,0.00,0
2026-05-09 16:04:23,1,1,1,2717.1,0,17.2,802,2596,0,0.00,0.00,0,0,0.00,0.00,0
2026-05-09 16:04:23,1,1,1,2717.1,0,17.2,802,2596,0,0.00,0.00,0,0,0.00,0.00,0
2026-05-09 16:04:23,1,1,1,2718.1,0,17.4,815,2593,0,0.00,0.00,0,0,0.00,0.00,0
2026-05-09 16:04:23,1,1,1,2718.1,0,17.4,815,2593,0,0.00,0.00,0,0,0.00,0.00,0
2026-05-09 16:04:23,1,1,1,2719.8,0,17.7,827,2591,0,0.00,0.00,0,0,0.00,0.00,0
2026-05-09 16:04:23,1,1,1,2719.8,0,17.7,827,2591,0,0.00,0.00,0,0,0.00,0.00,0
2026-05-09 16:04:23,1,1,1,2720.6,0,18.0,839,2588,0,0.00,0.00,0,0,0.00,0.00,0
2026-05-09 16:04:24,1,1,1,2720.9,0,18.0,840,2588,0,0.00,0.00,0,0,0.00,0.00,0
2026-05-09 16:04:24,1,1,1,2720.9,0,18.0,840,2588,0,0.00,0.00,0,0,0.00,0.00,0
2026-05-09 16:04:24,1,1,1,2715.7,0,17.2,804,2594,0,0.00,0.00,0,0,0.00,0.00,0
2026-05-09 16:04:24,1,1,1,2715.7,0,17.2,804,2594,0,0.00,0.00,0,0,0.00,0.00,0
2026-05-09 16:04:24,1,1,1,2682.2,0,12.7,588,2617,0,0.00,0.00,0,0,0.00,0.00,0
2026-05-09 16:04:24,1,1,1,2682.2,0,12.7,588,2617,0,0.00,0.00,0,0,0.00,0.00,0
2026-05-09 16:04:24,1,1,1,2676.5,0,4.6,213,2668,0,0.00,0.00,0,0,0.00,0.00,0
2026-05-09 16:04:24,1,1,1,2676.5,0,4.6,213,2668,0,0.00,0.00,0,0,0.00,0.00,0
2026-05-09 16:04:24,1,1,1,2725.2,0,-2.3,-110,2723,0,0.00,0.00,0,0,0.00,0.00,0
2026-05-09 16:04:24,1,1,1,2803.7,0,-7.9,-386,2777,0,0.00,0.00,0,0,0.00,0.00,0
2026-05-09 16:04:24,1,1,1,2803.7,0,-7.9,-386,2777,0,0.00,0.00,0,0,0.00,0.00,0
2026-05-09 16:04:24,1,1,1,2879.2,0,-12.9,-645,2806,0,0.00,0.00,0,0,0.00,0.00,0
2026-05-09 16:04:24,1,1,1,2879.2,0,-12.9,-645,2806,0,0.00,0.00,0,0,0.00,0.00,0
2026-05-09 16:04:24,1,1,1,2960.8,0,-16.8,-854,2835,0,0.00,0.00,0,0,0.00,0.00,0
2026-05-09 16:04:24,1,1,1,2960.8,0,-16.8,-854,2835,0,0.00,0.00,0,0,0.00,0.00,0
2026-05-09 16:04:24,1,1,1,3034.0,0,-19.7,-1024,2856,0,0.00,0.00,0,0,0.00,0.00,0
2026-05-09 16:04:24,1,1,1,3102.1,0,-22.2,-1170,2873,0,0.00,0.00,0,0,0.00,0.00,0
2026-05-09 16:04:24,1,1,1,3102.1,0,-22.2,-1170,2873,0,0.00,0.00,0,0,0.00,0.00,0
2026-05-09 16:04:24,1,1,1,3162.4,0,-24.1,-1293,2886,0,0.00,0.00,0,0,0.00,0.00,0
2026-05-09 16:04:24,1,1,1,3162.4,0,-24.1,-1293,2886,0,0.00,0.00,0,0,0.00,0.00,0
2026-05-09 16:04:25,1,1,1,3212.6,0,-25.4,-1378,2902,0,0.00,0.00,0,0,0.00,0.00,0
2026-05-09 16:04:25,1,1,1,3212.6,0,-25.4,-1378,2902,0,0.00,0.00,0,0,0.00,0.00,0
2026-05-09 16:04:25,1,1,1,3254.8,0,-26.3,-1444,2917,0,0.00,0.00,0,0,0.00,0.00,0
2026-05-09 16:04:25,1,1,1,3254.8,0,-26.3,-1444,2917,0,0.00,0.00,0,0,0.00,0.00,0
2026-05-09 16:04:25,1,1,1,3290.3,0,-27.0,-1495,2931,0,0.00,0.00,0,0,0.00,0.00,0
2026-05-09 16:04:25,1,1,1,3295.2,0,-26.0,-1444,2962,0,0.00,0.00,0,0,0.00,0.00,0
2026-05-09 16:04:25,1,1,1,3295.2,0,-26.0,-1444,2962,0,0.00,0.00,0,0,0.00,0.00,0
2026-05-09 16:04:25,1,1,1,3306.4,0,-24.9,-1390,3000,0,0.00,0.00,0,0,0.00,0.00,0
2026-05-09 16:04:25,1,1,1,3306.4,0,-24.9,-1390,3000,0,0.00,0.00,0,0,0.00,0.00,0
2026-05-09 16:04:25,1,1,1,3310.8,0,-22.7,-1276,3055,0,0.00,0.00,0,0,0.00,0.00,0
2026-05-09 16:04:25,1,1,1,3310.8,0,-22.7,-1276,3055,0,0.00,0.00,0,0,0.00,0.00,0
2026-05-09 16:04:25,1,1,1,3298.4,0,-20.3,-1143,3094,0,0.00,0.00,0,0,0.00,0.00,0
2026-05-09 16:04:25,1,1,1,3283.2,0,-17.9,-1007,3125,0,0.00,0.00,0,0,0.00,0.00,0
2026-05-09 16:04:25,1,1,1,3283.2,0,-17.9,-1007,3125,0,0.00,0.00,0,0,0.00,0.00,0
2026-05-09 16:04:25,1,1,1,3269.5,0,-15.5,-876,3150,0,0.00,0.00,0,0,0.00,0.00,0
2026-05-09 16:04:25,1,1,1,3269.5,0,-15.5,-876,3150,0,0.00,0.00,0,0,0.00,0.00,0
2026-05-09 16:04:25,1,1,1,3228.4,0,-14.0,-783,3132,0,0.00,0.00,0,0,0.00,0.00,0
2026-05-09 16:04:25,1,1,1,3228.4,0,-14.0,-783,3132,0,0.00,0.00,0,0,0.00,0.00,0
2026-05-09 16:04:25,1,1,1,3170.6,0,-12.4,-679,3097,0,0.00,0.00,0,0,0.00,0.00,0
2026-05-09 16:04:25,1,1,1,3170.6,0,-12.4,-679,3097,0,0.00,0.00,0,0,0.00,0.00,0
2026-05-09 16:04:26,1,1,1,3103.1,0,-10.4,-561,3052,0,0.00,0.00,0,0,0.00,0.00,0
2026-05-09 16:04:26,1,1,1,3033.8,0,-6.9,-363,3012,0,0.00,0.00,0,0,0.00,0.00,0
2026-05-09 16:04:26,1,1,1,3033.8,0,-6.9,-363,3012,0,0.00,0.00,0,0,0.00,0.00,0
2026-05-09 16:04:26,1,1,1,2974.0,0,-3.3,-173,2969,0,0.00,0.00,0,0,0.00,0.00,0
2026-05-09 16:04:26,1,1,1,2974.0,0,-3.3,-173,2969,0,0.00,0.00,0,0,0.00,0.00,0
2026-05-09 16:04:26,1,1,1,2926.0,0,0.0,0,2926,0,0.00,0.00,0,0,0.00,0.00,0
2026-05-09 16:04:26,1,1,1,2926.0,0,0.0,0,2926,0,0.00,0.00,0,0,0.00,0.00,0
2026-05-09 16:04:26,1,1,1,2889.2,0,3.1,155,2885,0,0.00,0.00,0,0,0.00,0.00,0
2026-05-09 16:04:26,1,1,1,2862.9,0,5.9,292,2848,0,0.00,0.00,0,0,0.00,0.00,0
2026-05-09 16:04:26,1,1,1,2862.9,0,5.9,292,2848,0,0.00,0.00,0,0,0.00,0.00,0
2026-05-09 16:04:26,1,1,1,2844.6,0,8.3,409,2815,0,0.00,0.00,0,0,0.00,0.00,0
2026-05-09 16:04:26,1,1,1,2844.6,0,8.3,409,2815,0,0.00,0.00,0,0,0.00,0.00,0
2026-05-09 16:04:26,1,1,1,2833.7,0,10.0,490,2791,0,0.00,0.00,0,0,0.00,0.00,0
2026-05-09 16:04:26,1,1,1,2833.7,0,10.0,490,2791,0,0.00,0.00,0,0,0.00,0.00,0
2026-05-09 16:04:26,1,1,1,2826.2,0,10.4,509,2780,0,0.00,0.00,0,0,0.00,0.00,0
2026-05-09 16:04:26,1,1,1,2826.2,0,10.4,509,2780,0,0.00,0.00,0,0,0.00,0.00,0
2026-05-09 16:04:26,1,1,1,2810.8,0,10.1,494,2767,0,0.00,0.00,0,0,0.00,0.00,0
2026-05-09 16:04:26,1,1,1,2804.0,0,10.2,495,2760,0,0.00,0.00,0,0,0.00,0.00,0
2026-05-09 16:04:26,1,1,1,2804.0,0,10.2,495,2760,0,0.00,0.00,0,0,0.00,0.00,0
2026-05-09 16:04:26,1,1,1,2811.0,0,10.3,501,2766,0,0.00,0.00,0,0,0.00,0.00,0
2026-05-09 16:04:27,1,1,1,2811.0,0,10.3,501,2766,0,0.00,0.00,0,0,0.00,0.00,0
2026-05-09 16:04:27,1,1,1,2814.3,0,10.3,503,2769,0,0.00,0.00,0,0,0.00,0.00,0
2026-05-09 16:04:27,1,1,1,2814.3,0,10.3,503,2769,0,0.00,0.00,0,0,0.00,0.00,0
2026-05-09 16:04:27,1,1,1,2814.5,0,10.3,504,2769,0,0.00,0.00,0,0,0.00,0.00,0
2026-05-09 16:04:27,1,1,1,2814.5,0,10.3,504,2769,0,0.00,0.00,0,0,0.00,0.00,0
2026-05-09 16:04:27,1,1,1,2815.3,0,10.3,503,2770,0,0.00,0.00,0,0,0.00,0.00,0
2026-05-09 16:04:27,1,1,1,2814.2,0,10.2,497,2770,0,0.00,0.00,0,0,0.00,0.00,0
2026-05-09 16:04:27,1,1,1,2814.2,0,10.2,497,2770,0,0.00,0.00,0,0,0.00,0.00,0
2026-05-09 16:04:27,1,1,1,2813.8,0,10.0,489,2771,0,0.00,0.00,0,0,0.00,0.00,0
2026-05-09 16:04:27,1,1,1,2813.8,0,10.0,489,2771,0,0.00,0.00,0,0,0.00,0.00,0
2026-05-09 16:04:27,1,1,1,2812.3,0,9.8,480,2771,0,0.00,0.00,0,0,0.00,0.00,0
2026-05-09 16:04:27,1,1,1,2812.3,0,9.8,480,2771,0,0.00,0.00,0,0,0.00,0.00,0
2026-05-09 16:04:27,1,1,1,2810.6,0,9.5,464,2772,0,0.00,0.00,0,0,0.00,0.00,0
2026-05-09 16:04:27,1,1,1,2808.6,0,9.3,452,2772,0,0.00,0.00,0,0,0.00,0.00,0
2026-05-09 16:04:27,1,1,1,2808.6,0,9.3,452,2772,0,0.00,0.00,0,1,2.77,0.00,1538
2026-05-09 16:04:27,1,1,1,2809.1,0,9.3,455,2772,0,0.00,0.00,0,1,2.77,0.00,1538
2026-05-09 16:04:27,1,1,1,2809.1,0,9.3,455,2772,0,0.00,0.00,0,1,2.79,0.00,578
2026-05-09 16:04:27,1,1,1,2810.6,8,9.4,458,2773,0,0.00,0.00,0,1,2.79,0.00,578
2026-05-09 16:04:27,1,1,1,2810.6,8,9.4,458,2773,0,0.00,0.00,0,1,2.86,0.01,362
2026-05-09 16:04:27,1,1,1,2811.2,0,9.6,468,2772,0,0.00,0.00,0,1,2.86,0.01,362
2026-05-09 16:04:28,1,1,1,2811.2,0,9.6,468,2772,0,0.00,0.00,0,1,2.84,0.00,389
2026-05-09 16:04:28,1,1,1,2811.6,0,9.9,482,2770,0,0.00,0.00,0,1,2.84,0.00,389
2026-05-09 16:04:28,1,1,1,2811.9,0,10.1,495,2768,0,0.00,0.00,0,1,2.85,0.00,389
2026-05-09 16:04:28,1,1,1,2811.9,0,10.1,495,2768,0,0.00,0.00,0,1,2.85,0.00,389
2026-05-09 16:04:28,1,1,1,2813.2,0,10.3,502,2768,0,0.00,0.00,0,1,2.84,0.00,557
2026-05-09 16:04:28,1,1,1,2813.2,0,10.3,502,2768,0,0.00,0.00,0,1,2.84,0.00,557
2026-05-09 16:04:28,1,1,1,2809.8,0,10.1,494,2766,0,0.00,0.00,0,1,2.84,0.00,557
2026-05-09 16:04:28,1,1,1,2809.8,0,10.1,494,2766,0,0.00,0.00,0,1,2.84,0.00,557
2026-05-09 16:04:28,1,1,1,2809.6,0,9.8,476,2769,0,0.00,0.00,0,1,2.84,0.00,557
2026-05-09 16:04:28,1,1,1,2806.5,0,9.4,457,2769,0,0.00,0.00,0,1,2.84,0.00,557
2026-05-09 16:04:28,1,1,1,2806.5,0,9.4,457,2769,0,0.00,0.00,0,1,2.84,0.00,557
2026-05-09 16:04:28,1,1,1,2794.3,0,8.6,417,2763,0,0.00,0.00,0,1,2.84,0.00,557
2026-05-09 16:04:28,1,1,1,2794.3,0,8.6,417,2763,0,0.00,0.00,0,1,2.84,0.00,557
2026-05-09 16:04:28,1,1,1,2772.5,0,7.8,375,2747,0,0.00,0.00,0,1,2.84,0.00,557
2026-05-09 16:04:28,1,1,1,2772.5,0,7.8,375,2747,0,0.00,0.00,0,1,2.84,0.00,557
2026-05-09 16:04:28,1,1,1,2759.8,0,7.0,338,2739,0,0.00,0.00,0,1,2.84,0.00,557
2026-05-09 16:04:28,1,1,1,2759.8,0,7.0,338,2739,0,0.00,0.00,0,1,2.84,0.00,557
2026-05-09 16:04:28,1,1,1,2747.8,0,6.3,303,2731,0,0.00,0.00,0,1,2.84,0.00,557
2026-05-09 16:04:28,1,1,1,2747.2,0,5.4,259,2735,0,0.00,0.00,0,1,2.84,0.00,557
2026-05-09 16:04:28,1,1,1,2747.2,0,5.4,259,2735,0,0.00,0.00,0,0,0.00,0.00,0
2026-05-09 16:04:29,1,1,1,2752.4,0,4.7,227,2743,0,0.00,0.00,0,0,0.00,0.00,0
2026-05-09 16:04:29,1,1,1,2752.4,0,4.7,227,2743,0,0.00,0.00,0,0,0.00,0.00,0
2026-05-09 16:04:29,1,1,1,2757.0,0,4.6,222,2748,0,0.00,0.00,0,0,0.00,0.00,0
2026-05-09 16:04:29,1,1,1,2757.0,0,4.6,222,2748,0,0.00,0.00,0,0,0.00,0.00,0
2026-05-09 16:04:29,1,1,1,2757.0,0,4.6,223,2748,0,0.00,0.00,0,0,0.00,0.00,0
2026-05-09 16:04:29,1,1,1,2755.6,0,4.8,230,2746,0,0.00,0.00,0,0,0.00,0.00,0
2026-05-09 16:04:29,1,1,1,2755.6,0,4.8,230,2746,0,0.00,0.00,0,0,0.00,0.00,0
2026-05-09 16:04:29,1,1,1,2751.7,0,5.0,242,2741,0,0.00,0.00,0,0,0.00,0.00,0
2026-05-09 16:04:29,1,1,1,2751.7,0,5.0,242,2741,0,0.00,0.00,0,0,0.00,0.00,0
2026-05-09 16:04:29,1,1,1,2749.6,0,5.3,252,2738,0,0.00,0.00,0,0,0.00,0.00,0
2026-05-09 16:04:29,1,1,1,2749.6,0,5.3,252,2738,0,0.00,0.00,0,0,0.00,0.00,0
2026-05-09 16:04:29,1,1,1,2748.2,0,5.4,259,2736,0,0.00,0.00,0,0,0.00,0.00,0
2026-05-09 16:04:29,1,1,1,2748.2,0,5.4,259,2736,0,0.00,0.00,0,0,0.00,0.00,0
2026-05-09 16:04:29,1,1,1,2745.4,0,5.5,261,2733,0,0.00,0.00,0,0,0.00,0.00,0
2026-05-09 16:04:29,1,1,1,2742.7,0,5.5,264,2730,0,0.00,0.00,0,0,0.00,0.00,0
2026-05-09 16:04:29,1,1,1,2742.7,0,5.5,264,2730,0,0.00,0.00,0,0,0.00,0.00,0
2026-05-09 16:04:29,1,1,1,2745.2,0,5.6,269,2732,0,0.00,0.00,0,0,0.00,0.00,0
2026-05-09 16:04:29,1,1,1,2745.2,0,5.6,269,2732,0,0.00,0.00,0,0,0.00,0.00,0
2026-05-09 16:04:29,1,1,1,2748.8,0,5.7,275,2735,0,0.00,0.00,0,0,0.00,0.00,0
2026-05-09 16:04:29,1,1,1,2748.8,0,5.7,275,2735,0,0.00,0.00,0,0,0.00,0.00,0
2026-05-09 16:04:30,1,1,1,2748.0,0,6.2,296,2732,0,0.00,0.00,0,0,0.00,0.00,0
2026-05-09 16:04:30,1,1,1,2746.7,0,6.7,320,2728,0,0.00,0.00,0,0,0.00,0.00,0
2026-05-09 16:04:30,1,1,1,2746.7,0,6.7,320,2728,0,0.00,0.00,0,0,0.00,0.00,0
2026-05-09 16:04:30,1,1,1,2765.4,0,6.2,301,2749,0,0.00,0.00,0,0,0.00,0.00,0
2026-05-09 16:04:30,1,1,1,2765.4,0,6.2,301,2749,0,0.00,0.00,0,0,0.00,0.00,0
2026-05-09 16:04:30,1,1,1,2791.1,0,5.6,270,2778,0,0.00,0.00,0,0,0.00,0.00,0
2026-05-09 16:04:30,1,1,1,2791.1,0,5.6,270,2778,0,0.00,0.00,0,0,0.00,0.00,0
2026-05-09 16:04:30,1,1,1,2813.3,0,4.7,229,2804,0,0.00,0.00,0,0,0.00,0.00,0
2026-05-09 16:04:30,1,1,1,2813.3,0,4.7,229,2804,0,0.00,0.00,0,0,0.00,0.00,0
2026-05-09 16:04:30,1,1,1,2829.9,0,4.0,197,2823,0,0.00,0.00,0,0,0.00,0.00,0
2026-05-09 16:04:30,1,1,1,2836.3,0,3.5,174,2831,0,0.00,0.00,0,0,0.00,0.00,0
2026-05-09 16:04:30,1,1,1,2836.3,0,3.5,174,2831,0,0.00,0.00,0,0,0.00,0.00,0
2026-05-09 16:04:30,1,1,1,2832.6,0,3.3,162,2828,0,0.00,0.00,0,0,0.00,0.00,0
2026-05-09 16:04:30,1,1,1,2832.6,0,3.3,162,2828,0,0.00,0.00,0,0,0.00,0.00,0
2026-05-09 16:04:30,1,1,1,2828.0,0,3.4,168,2823,0,0.00,0.00,0,0,0.00,0.00,0
2026-05-09 16:04:30,1,1,1,2828.0,0,3.4,168,2823,0,0.00,0.00,0,0,0.00,0.00,0
2026-05-09 16:04:30,1,1,1,2821.5,0,3.6,176,2816,0,0.00,0.00,0,0,0.00,0.00,0
2026-05-09 16:04:30,1,1,1,2813.4,0,3.9,190,2807,0,0.00,0.00,0,0,0.00,0.00,0
2026-05-09 16:04:30,1,1,1,2813.4,0,3.9,190,2807,0,0.00,0.00,0,0,0.00,0.00,0
2026-05-09 16:04:30,1,1,1,2787.6,0,4.8,231,2778,0,0.00,0.00,0,0,0.00,0.00,0
2026-05-09 16:04:31,1,1,1,2787.6,0,4.8,231,2778,0,0.00,0.00,0,0,0.00,0.00,0
2026-05-09 16:04:31,1,1,1,2779.1,0,4.6,225,2770,0,0.00,0.00,0,0,0.00,0.00,0
2026-05-09 16:04:31,1,1,1,2779.1,0,4.6,225,2770,0,0.00,0.00,0,0,0.00,0.00,0
2026-05-09 16:04:31,1,1,1,2772.2,0,4.4,213,2764,0,0.00,0.00,0,0,0.00,0.00,0
2026-05-09 16:04:31,1,1,1,2772.2,0,4.4,213,2764,0,0.00,0.00,0,0,0.00,0.00,0
2026-05-09 16:04:31,1,1,1,2774.2,0,3.8,186,2768,0,0.00,0.00,0,0,0.00,0.00,0
2026-05-09 16:04:31,1,1,1,2777.0,8,3.8,183,2771,0,0.00,0.00,0,0,0.00,0.00,0
2026-05-09 16:04:31,1,1,1,2777.0,8,3.8,183,2771,0,0.00,0.00,0,0,0.00,0.00,0
2026-05-09 16:04:31,1,1,1,2786.7,0,3.7,178,2781,0,0.00,0.00,0,0,0.00,0.00,0
2026-05-09 16:04:31,1,1,1,2786.7,0,3.7,178,2781,0,0.00,0.00,0,0,0.00,0.00,0
2026-05-09 16:04:31,1,1,1,2795.1,8,3.5,169,2790,0,0.00,0.00,0,0,0.00,0.00,0
2026-05-09 16:04:31,1,1,1,2795.1,8,3.5,169,2790,0,0.00,0.00,0,0,0.00,0.00,0
2026-05-09 16:04:31,1,1,1,2798.8,0,3.3,163,2794,0,0.00,0.00,0,0,0.00,0.00,0
2026-05-09 16:04:31,1,1,1,2798.8,0,3.3,163,2794,0,0.00,0.00,0,0,0.00,0.00,0
2026-05-09 16:04:31,1,1,1,2797.1,0,3.5,169,2792,0,0.00,0.00,0,0,0.00,0.00,0
2026-05-09 16:04:31,1,1,1,2793.7,0,3.7,179,2788,0,0.00,0.00,0,0,0.00,0.00,0
2026-05-09 16:04:31,1,1,1,2793.7,0,3.7,179,2788,0,0.00,0.00,0,0,0.00,0.00,0
2026-05-09 16:04:31,1,1,1,2789.8,0,4.0,194,2783,0,0.00,0.00,0,0,0.00,0.00,0
2026-05-09 16:04:31,1,1,1,2789.8,0,4.0,194,2783,0,0.00,0.00,0,0,0.00,0.00,0
2026-05-09 16:04:31,1,1,1,2777.4,0,5.0,240,2767,0,0.00,0.00,0,0,0.00,0.00,0
2026-05-09 16:04:32,1,1,1,2777.4,0,5.0,240,2767,0,0.00,0.00,0,0,0.00,0.00,0
2026-05-09 16:04:32,1,1,1,2763.4,0,6.0,291,2748,0,0.00,0.00,0,0,0.00,0.00,0
2026-05-09 16:04:32,1,1,1,2751.8,0,7.1,338,2731,0,0.00,0.00,0,0,0.00,0.00,0
2026-05-09 16:04:32,1,1,1,2751.8,0,7.1,338,2731,0,0.00,0.00,0,0,0.00,0.00,0
2026-05-09 16:04:32,1,1,1,2745.1,0,7.6,363,2721,0,0.00,0.00,0,0,0.00,0.00,0
2026-05-09 16:04:32,1,1,1,2745.1,0,7.6,363,2721,0,0.00,0.00,0,0,0.00,0.00,0
2026-05-09 16:04:32,1,1,1,2747.1,8,8.4,399,2718,0,0.00,0.00,0,0,0.00,0.00,0
2026-05-09 16:04:32,1,1,1,2747.1,8,8.4,399,2718,0,0.00,0.00,0,0,0.00,0.00,0
2026-05-09 16:04:32,1,1,1,2747.1,0,8.6,412,2716,0,0.00,0.00,0,0,0.00,0.00,0
2026-05-09 16:04:32,1,1,1,2747.1,0,8.6,412,2716,0,0.00,0.00,0,0,0.00,0.00,0
2026-05-09 16:04:32,1,1,1,2747.4,0,8.8,421,2715,0,0.00,0.00,0,0,0.00,0.00,0
2026-05-09 16:04:32,1,1,1,2749.0,8,9.0,431,2715,0,0.00,0.00,0,0,0.00,0.00,0
2026-05-09 16:04:32,1,1,1,2749.0,8,9.0,431,2715,0,0.00,0.00,0,0,0.00,0.00,0
2026-05-09 16:04:32,1,1,1,2745.8,0,9.3,442,2710,0,0.00,0.00,0,0,0.00,0.00,0
2026-05-09 16:04:32,1,1,1,2745.8,0,9.3,442,2710,0,0.00,0.00,0,0,0.00,0.00,0
2026-05-09 16:04:32,1,1,1,2740.2,0,9.5,450,2703,0,0.00,0.00,0,0,0.00,0.00,0
2026-05-09 16:04:32,1,1,1,2740.2,0,9.5,450,2703,0,0.00,0.00,0,0,0.00,0.00,0
2026-05-09 16:04:32,1,1,1,2736.3,0,9.7,462,2697,0,0.00,0.00,0,0,0.00,0.00,0
2026-05-09 16:04:32,1,1,1,2733.9,0,9.9,471,2693,0,0.00,0.00,0,0,0.00,0.00,0
2026-05-09 16:04:32,1,1,1,2733.9,0,9.9,471,2693,0,0.00,0.00,0,0,0.00,0.00,0
2026-05-09 16:04:33,1,1,1,2731.4,0,9.9,468,2691,0,0.00,0.00,0,0,0.00,0.00,0
2026-05-09 16:04:33,1,1,1,2731.4,0,9.9,468,2691,0,0.00,0.00,0,0,0.00,0.00,0
2026-05-09 16:04:33,1,1,1,2729.8,0,9.9,470,2689,0,0.00,0.00,0,0,0.00,0.00,0
2026-05-09 16:04:33,1,1,1,2729.8,0,9.9,470,2689,0,0.00,0.00,0,0,0.00,0.00,0
2026-05-09 16:04:33,1,1,1,2733.4,0,10.0,474,2692,0,0.00,0.00,0,0,0.00,0.00,0
2026-05-09 16:04:33,1,1,1,2733.4,0,10.0,474,2692,0,0.00,0.00,0,0,0.00,0.00,0
2026-05-09 16:04:33,1,1,1,2741.5,0,10.1,481,2699,0,0.00,0.00,0,0,0.00,0.00,0
2026-05-09 16:04:33,1,1,1,2757.5,0,10.2,488,2714,0,0.00,0.00,0,0,0.00,0.00,0
2026-05-09 16:04:33,1,1,1,2757.5,0,10.2,488,2714,0,0.00,0.00,0,0,0.00,0.00,0
2026-05-09 16:04:33,1,1,1,2778.3,0,10.2,494,2734,0,0.00,0.00,0,0,0.00,0.00,0
2026-05-09 16:04:33,1,1,1,2778.3,0,10.2,494,2734,0,0.00,0.00,0,0,0.00,0.00,0
2026-05-09 16:04:33,1,1,1,2793.3,0,10.3,501,2748,0,0.00,0.00,0,0,0.00,0.00,0
2026-05-09 16:04:33,1,1,1,2793.3,0,10.3,501,2748,0,0.00,0.00,0,0,0.00,0.00,0
2026-05-09 16:04:33,1,1,1,2805.4,0,10.4,508,2759,0,0.00,0.00,0,0,0.00,0.00,0
2026-05-09 16:04:33,1,1,1,2811.0,0,10.6,517,2763,0,0.00,0.00,0,0,0.00,0.00,0
2026-05-09 16:04:33,1,1,1,2811.0,0,10.6,517,2763,0,0.00,0.00,0,0,0.00,0.00,0
2026-05-09 16:04:33,1,1,1,2814.8,0,10.8,527,2765,0,0.00,0.00,0,0,0.00,0.00,0
2026-05-09 16:04:33,1,1,1,2814.8,0,10.8,527,2765,0,0.00,0.00,0,0,0.00,0.00,0
2026-05-09 16:04:33,1,1,1,2819.2,0,11.0,540,2767,0,0.00,0.00,0,0,0.00,0.00,0
2026-05-09 16:04:33,1,1,1,2819.2,0,11.0,540,2767,0,0.00,0.00,0,0,0.00,0.00,0
2026-05-09 16:04:34,1,1,1,2827.2,0,11.3,556,2772,0,0.00,0.00,0,0,0.00,0.00,0
2026-05-09 16:04:34,1,1,1,2827.2,0,11.3,556,2772,0,0.00,0.00,0,0,0.00,0.00,0
2026-05-09 16:04:34,1,1,1,2837.7,0,11.7,574,2779,0,0.00,0.00,0,0,0.00,0.00,0
2026-05-09 16:04:34,1,1,1,2849.2,0,12.0,592,2787,0,0.00,0.00,0,0,0.00,0.00,0
2026-05-09 16:04:34,1,1,1,2849.2,0,12.0,592,2787,0,0.00,0.00,0,0,0.00,0.00,0
2026-05-09 16:04:34,1,1,1,2860.8,0,12.3,610,2795,0,0.00,0.00,0,0,0.00,0.00,0
2026-05-09 16:04:34,1,1,1,2860.8,0,12.3,610,2795,0,0.00,0.00,0,0,0.00,0.00,0
2026-05-09 16:04:34,1,1,1,2871.5,0,12.6,628,2802,0,0.00,0.00,0,0,0.00,0.00,0
2026-05-09 16:04:34,1,1,1,2871.5,0,12.6,628,2802,0,0.00,0.00,0,0,0.00,0.00,0
2026-05-09 16:04:34,1,1,1,2883.1,0,12.9,645,2810,0,0.00,0.00,0,0,0.00,0.00,0
2026-05-09 16:04:34,1,1,1,2893.5,0,13.2,661,2817,0,0.00,0.00,0,0,0.00,0.00,0
2026-05-09 16:04:34,1,1,1,2893.5,0,13.2,661,2817,0,0.00,0.00,0,0,0.00,0.00,0
2026-05-09 16:04:34,1,1,1,2903.8,0,13.5,676,2824,0,0.00,0.00,0,0,0.00,0.00,0
2026-05-09 16:04:34,1,1,1,2903.8,0,13.5,676,2824,0,0.00,0.00,0,0,0.00,0.00,0
2026-05-09 16:04:34,1,1,1,2913.1,0,13.7,691,2830,0,0.00,0.00,0,0,0.00,0.00,0
2026-05-09 16:04:34,1,1,1,2913.1,0,13.7,691,2830,0,0.00,0.00,0,0,0.00,0.00,0
2026-05-09 16:04:34,1,1,1,2923.5,0,14.0,706,2837,0,0.00,0.00,0,0,0.00,0.00,0
2026-05-09 16:04:34,1,1,1,2923.5,0,14.0,706,2837,0,0.00,0.00,0,0,0.00,0.00,0
2026-05-09 16:04:34,1,1,1,2932.8,0,14.2,720,2843,0,0.00,0.00,0,0,0.00,0.00,0
2026-05-09 16:04:34,1,1,1,2942.0,0,14.4,734,2849,0,0.00,0.00,0,0,0.00,0.00,0
2026-05-09 16:04:35,1,1,1,2942.0,0,14.4,734,2849,0,0.00,0.00,0,0,0.00,0.00,0
2026-05-09 16:04:35,1,1,1,2951.1,0,14.7,747,2855,0,0.00,0.00,0,0,0.00,0.00,0
2026-05-09 16:04:35,1,1,1,2951.1,0,14.7,747,2855,0,0.00,0.00,0,0,0.00,0.00,0
2026-05-09 16:04:35,1,1,1,2959.0,0,14.9,759,2860,0,0.00,0.00,0,0,0.00,0.00,0
2026-05-09 16:04:35,1,1,1,2959.0,0,14.9,759,2860,0,0.00,0.00,0,0,0.00,0.00,0
2026-05-09 16:04:35,1,1,1,2967.2,0,15.1,772,2865,0,0.00,0.00,0,0,0.00,0.00,0
2026-05-09 16:04:35,1,1,1,2975.9,0,15.3,783,2871,0,0.00,0.00,0,0,0.00,0.00,0
2026-05-09 16:04:35,1,1,1,2975.9,0,15.3,783,2871,0,0.00,0.00,0,0,0.00,0.00,0
2026-05-09 16:04:35,1,1,1,2983.9,0,15.5,795,2876,0,0.00,0.00,0,0,0.00,0.00,0
2026-05-09 16:04:35,1,1,1,2983.9,0,15.5,795,2876,0,0.00,0.00,0,0,0.00,0.00,0
2026-05-09 16:04:35,1,1,1,2983.9,0,15.5,795,2876,0,0.00,0.00,0,0,0.00,0.00,0
2026-05-09 16:04:35,1,1,1,2983.9,0,15.5,795,2876,0,0.00,0.00,0,0,0.00,0.00,0
2026-05-09 16:04:35,1,1,1,2983.9,0,15.5,795,2876,0,0.00,0.00,0,0,0.00,0.00,0
2026-05-09 16:04:35,1,1,1,2983.9,0,15.5,795,2876,0,0.00,0.00,0,0,0.00,0.00,0
2026-05-09 16:04:35,1,1,1,2983.9,0,15.5,795,2876,0,0.00,0.00,0,0,0.00,0.00,0
2026-05-09 16:04:35,1,1,1,2983.9,0,15.5,795,2876,0,0.00,0.00,0,0,0.00,0.00,0
2026-05-09 16:04:35,1,1,1,2983.9,0,15.5,795,2876,0,0.00,0.00,0,0,0.00,0.00,0
2026-05-09 16:04:35,1,1,1,2983.9,0,15.5,795,2876,0,0.00,0.00,0,0,0.00,0.00,0
2026-05-09 16:04:35,1,1,1,2983.9,0,15.5,795,2876,0,0.00,0.00,0,0,0.00,0.00,0
2026-05-09 16:04:35,1,1,1,2983.3,0,15.2,782,2879,0,0.00,0.00,0,0,0.00,0.00,0
2026-05-09 16:04:36,1,1,1,2983.3,0,15.2,782,2879,0,0.00,0.00,0,0,0.00,0.00,0
2026-05-09 16:04:36,1,1,1,2970.4,0,14.5,743,2876,0,0.00,0.00,0,0,0.00,0.00,0
2026-05-09 16:04:36,1,1,1,2970.4,0,14.5,743,2876,0,0.00,0.00,0,0,0.00,0.00,0
2026-05-09 16:04:36,1,1,1,2956.1,0,13.7,700,2872,0,0.00,0.00,0,0,0.00,0.00,0
2026-05-09 16:04:36,1,1,1,2946.9,0,12.9,656,2873,0,0.00,0.00,0,0,0.00,0.00,0
2026-05-09 16:04:36,1,1,1,2946.9,0,12.9,656,2873,0,0.00,0.00,0,0,0.00,0.00,0
2026-05-09 16:04:36,1,1,1,2946.9,0,12.0,615,2882,0,0.00,0.00,0,0,0.00,0.00,0
2026-05-09 16:04:36,1,1,1,2946.9,0,12.0,615,2882,0,0.00,0.00,0,0,0.00,0.00,0
2026-05-09 16:04:36,1,1,1,2950.6,0,11.2,575,2894,0,0.00,0.00,0,0,0.00,0.00,0
2026-05-09 16:04:36,1,1,1,2950.6,0,11.2,575,2894,0,0.00,0.00,0,0,0.00,0.00,0
2026-05-09 16:04:36,1,1,1,2952.1,0,10.4,531,2904,0,0.00,0.00,0,0,0.00,0.00,0
2026-05-09 16:04:36,1,1,1,2950.3,0,9.4,480,2911,0,0.00,0.00,0,0,0.00,0.00,0
2026-05-09 16:04:36,1,1,1,2950.3,0,9.4,480,2911,0,0.00,0.00,0,0,0.00,0.00,0
2026-05-09 16:04:36,1,1,1,2940.7,0,6.1,313,2924,0,0.00,0.00,0,0,0.00,0.00,0
2026-05-09 16:04:36,1,1,1,2940.7,0,6.1,313,2924,0,0.00,0.00,0,0,0.00,0.00,0
2026-05-09 16:04:36,1,1,1,2934.2,0,-0.7,-34,2934,0,0.00,0.00,0,0,0.00,0.00,0
2026-05-09 16:04:36,1,1,1,2934.2,0,-0.7,-34,2934,0,0.00,0.00,0,0,0.00,0.00,0
2026-05-09 16:04:36,1,1,1,2950.0,0,-6.0,-307,2934,0,0.00,0.00,0,0,0.00,0.00,0
2026-05-09 16:04:36,1,1,1,2950.0,0,-6.0,-307,2934,0,0.00,0.00,0,0,0.00,0.00,0
2026-05-09 16:04:36,1,1,1,2974.4,0,-10.6,-545,2924,0,0.00,0.00,0,0,0.00,0.00,0
2026-05-09 16:04:37,1,1,1,3004.1,0,-14.5,-750,2909,0,0.00,0.00,0,0,0.00,0.00,0
2026-05-09 16:04:37,1,1,1,3004.1,0,-14.5,-750,2909,0,0.00,0.00,0,0,0.00,0.00,0
2026-05-09 16:04:37,1,1,1,3002.8,0,-17.7,-915,2860,0,0.00,0.00,0,0,0.00,0.00,0
2026-05-09 16:04:37,1,1,1,3002.8,0,-17.7,-915,2860,0,0.00,0.00,0,0,0.00,0.00,0
2026-05-09 16:04:37,1,1,1,2995.6,0,-20.6,-1054,2804,0,0.00,0.00,0,0,0.00,0.00,0
2026-05-09 16:04:37,1,1,1,2995.6,0,-20.6,-1054,2804,0,0.00,0.00,0,0,0.00,0.00,0
2026-05-09 16:04:37,1,1,1,2991.8,0,-22.8,-1157,2759,0,0.00,0.00,0,0,0.00,0.00,0
2026-05-09 16:04:37,1,1,1,3004.8,0,-23.8,-1211,2750,0,0.00,0.00,0,0,0.00,0.00,0
2026-05-09 16:04:37,1,1,1,3004.8,0,-23.8,-1211,2750,0,0.00,0.00,0,0,0.00,0.00,0
2026-05-09 16:04:37,1,1,1,3061.3,0,-23.8,-1233,2802,0,0.00,0.00,0,0,0.00,0.00,0
2026-05-09 16:04:37,1,1,1,3061.3,0,-23.8,-1233,2802,0,0.00,0.00,0,0,0.00,0.00,0
2026-05-09 16:04:37,1,1,1,3072.7,0,-23.7,-1234,2814,0,0.00,0.00,0,0,0.00,0.00,0
2026-05-09 16:04:37,1,1,1,3072.7,0,-23.7,-1234,2814,0,0.00,0.00,0,0,0.00,0.00,0
2026-05-09 16:04:37,1,1,1,3085.6,0,-23.7,-1241,2825,0,0.00,0.00,0,0,0.00,0.00,0
2026-05-09 16:04:37,1,1,1,3085.6,0,-23.7,-1241,2825,0,0.00,0.00,0,0,0.00,0.00,0
2026-05-09 16:04:37,1,1,1,3098.3,0,-23.8,-1250,2835,0,0.00,0.00,0,0,0.00,0.00,0
2026-05-09 16:04:37,1,1,1,3110.5,0,-23.8,-1253,2847,0,0.00,0.00,0,0,0.00,0.00,0
2026-05-09 16:04:37,1,1,1,3110.5,0,-23.8,-1253,2847,0,0.00,0.00,0,0,0.00,0.00,0
2026-05-09 16:04:37,1,1,1,3121.8,0,-23.7,-1256,2858,0,0.00,0.00,0,0,0.00,0.00,0
2026-05-09 16:04:37,1,1,1,3121.8,0,-23.7,-1256,2858,0,0.00,0.00,0,0,0.00,0.00,0
2026-05-09 16:04:38,1,1,1,3130.9,0,-23.7,-1258,2867,0,0.00,0.00,0,0,0.00,0.00,0
2026-05-09 16:04:38,1,1,1,3130.9,0,-23.7,-1258,2867,0,0.00,0.00,0,0,0.00,0.00,0
2026-05-09 16:04:38,1,1,1,3138.8,0,-23.7,-1264,2873,0,0.00,0.00,0,0,0.00,0.00,0
2026-05-09 16:04:38,1,1,1,3143.4,0,-24.0,-1280,2871,0,0.00,0.00,0,0,0.00,0.00,0
2026-05-09 16:04:38,1,1,1,3143.4,0,-24.0,-1280,2871,0,0.00,0.00,0,0,0.00,0.00,0
2026-05-09 16:04:38,1,1,1,3148.0,0,-24.4,-1300,2867,0,0.00,0.00,0,0,0.00,0.00,0
2026-05-09 16:04:38,1,1,1,3148.0,0,-24.4,-1300,2867,0,0.00,0.00,0,0,0.00,0.00,0
2026-05-09 16:04:38,1,1,1,3151.3,0,-24.7,-1319,2862,0,0.00,0.00,0,0,0.00,0.00,0
2026-05-09 16:04:38,1,1,1,3151.3,0,-24.7,-1319,2862,0,0.00,0.00,0,0,0.00,0.00,0
2026-05-09 16:04:38,1,1,1,3152.4,0,-25.2,-1343,2852,0,0.00,0.00,0,0,0.00,0.00,0
2026-05-09 16:04:38,1,1,1,3152.4,0,-25.2,-1343,2852,0,0.00,0.00,0,0,0.00,0.00,0
2026-05-09 16:04:38,1,1,1,3154.6,0,-25.6,-1365,2844,0,0.00,0.00,0,0,0.00,0.00,0
2026-05-09 16:04:38,1,1,1,3155.5,0,-26.5,-1406,2825,0,0.00,0.00,0,0,0.00,0.00,0
2026-05-09 16:04:38,1,1,1,3155.5,0,-26.5,-1406,2825,0,0.00,0.00,0,0,0.00,0.00,0
2026-05-09 16:04:38,1,1,1,3156.9,0,-26.5,-1411,2824,0,0.00,0.00,0,0,0.00,0.00,0
2026-05-09 16:04:38,1,1,1,3156.9,0,-26.5,-1411,2824,0,0.00,0.00,0,0,0.00,0.00,0
2026-05-09 16:04:38,1,1,1,3157.8,0,-26.5,-1411,2825,0,0.00,0.00,0,0,0.00,0.00,0
2026-05-09 16:04:38,1,1,1,3157.8,0,-26.5,-1411,2825,0,0.00,0.00,0,0,0.00,0.00,0
2026-05-09 16:04:38,1,1,1,3158.2,0,-26.4,-1406,2828,0,0.00,0.00,0,0,0.00,0.00,0
2026-05-09 16:04:38,1,1,1,3158.7,0,-26.3,-1399,2832,0,0.00,0.00,0,0,0.00,0.00,0
2026-05-09 16:04:39,1,1,1,3158.7,0,-26.3,-1399,2832,0,0.00,0.00,0,0,0.00,0.00,0
2026-05-09 16:04:39,1,1,1,3158.3,0,-26.2,-1392,2835,0,0.00,0.00,0,0,0.00,0.00,0
2026-05-09 16:04:39,1,1,1,3158.3,0,-26.2,-1392,2835,0,0.00,0.00,0,0,0.00,0.00,0
2026-05-09 16:04:39,1,1,1,3158.8,0,-26.0,-1385,2839,0,0.00,0.00,0,0,0.00,0.00,0
2026-05-09 16:04:39,1,1,1,3158.8,0,-26.0,-1385,2839,0,0.00,0.00,0,0,0.00,0.00,0
2026-05-09 16:04:39,1,1,1,3158.9,0,-25.9,-1379,2842,0,0.00,0.00,0,0,0.00,0.00,0
2026-05-09 16:04:39,1,1,1,3158.9,0,-25.9,-1379,2842,0,0.00,0.00,0,0,0.00,0.00,0
2026-05-09 16:04:39,1,1,1,3149.9,0,-25.5,-1354,2844,0,0.00,0.00,0,0,0.00,0.00,0
2026-05-09 16:04:39,1,1,1,3139.3,0,-25.0,-1325,2846,0,0.00,0.00,0,0,0.00,0.00,0
2026-05-09 16:04:39,1,1,1,3139.3,0,-25.0,-1325,2846,0,0.00,0.00,0,0,0.00,0.00,0
2026-05-09 16:04:39,1,1,1,3129.8,0,-24.5,-1298,2848,0,0.00,0.00,0,0,0.00,0.00,0
2026-05-09 16:04:39,1,1,1,3129.8,0,-24.5,-1298,2848,0,0.00,0.00,0,0,0.00,0.00,0
2026-05-09 16:04:39,1,1,1,3120.6,0,-24.0,-1271,2850,0,0.00,0.00,0,0,0.00,0.00,0
2026-05-09 16:04:39,1,1,1,3120.6,0,-24.0,-1271,2850,0,0.00,0.00,0,0,0.00,0.00,0
2026-05-09 16:04:39,1,1,1,3111.9,0,-23.6,-1245,2852,0,0.00,0.00,0,0,0.00,0.00,0
2026-05-09 16:04:39,1,1,1,3103.8,0,-23.1,-1220,2854,0,0.00,0.00,0,0,0.00,0.00,0
2026-05-09 16:04:39,1,1,1,3103.8,0,-23.1,-1220,2854,0,0.00,0.00,0,0,0.00,0.00,0
2026-05-09 16:04:39,1,1,1,3095.5,0,-22.7,-1194,2856,0,0.00,0.00,0,0,0.00,0.00,0
2026-05-09 16:04:39,1,1,1,3095.5,0,-22.7,-1194,2856,0,0.00,0.00,0,0,0.00,0.00,0
2026-05-09 16:04:39,1,1,1,3089.5,0,-22.3,-1171,2859,0,0.00,0.00,0,0,0.00,0.00,0
2026-05-09 16:04:40,1,1,1,3089.5,0,-22.3,-1171,2859,0,0.00,0.00,0,0,0.00,0.00,0
2026-05-09 16:04:40,1,1,1,3092.5,0,-22.3,-1174,2861,0,0.00,0.00,0,0,0.00,0.00,0
2026-05-09 16:04:40,1,1,1,3092.5,0,-22.3,-1174,2861,0,0.00,0.00,0,0,0.00,0.00,0
2026-05-09 16:04:40,1,1,1,3094.6,0,-22.4,-1177,2862,0,0.00,0.00,0,0,0.00,0.00,0
2026-05-09 16:04:40,1,1,1,3098.2,0,-22.5,-1184,2863,0,0.00,0.00,0,0,0.00,0.00,0
2026-05-09 16:04:40,1,1,1,3098.2,0,-22.5,-1184,2863,0,0.00,0.00,0,0,0.00,0.00,0
2026-05-09 16:04:40,1,1,1,3097.9,0,-22.4,-1181,2864,0,0.00,0.00,0,0,0.00,0.00,0
2026-05-09 16:04:40,1,1,1,3097.9,0,-22.4,-1181,2864,0,0.00,0.00,0,0,0.00,0.00,0
2026-05-09 16:04:40,1,1,1,3100.5,0,-22.3,-1178,2868,0,0.00,0.00,0,0,0.00,0.00,0
2026-05-09 16:04:40,1,1,1,3100.5,0,-22.3,-1178,2868,0,0.00,0.00,0,0,0.00,0.00,0
2026-05-09 16:04:40,1,1,1,3102.5,0,-22.2,-1171,2873,0,0.00,0.00,0,0,0.00,0.00,0
2026-05-09 16:04:40,1,1,1,3102.5,0,-22.2,-1171,2873,0,0.00,0.00,0,0,0.00,0.00,0
2026-05-09 16:04:40,1,1,1,3101.9,0,-21.9,-1157,2878,0,0.00,0.00,0,0,0.00,0.00,0
2026-05-09 16:04:40,1,1,1,3094.3,-8,-21.4,-1129,2881,0,0.00,0.00,0,0,0.00,0.00,0
2026-05-09 16:04:40,1,1,1,3094.3,-8,-21.4,-1129,2881,0,0.00,0.00,0,0,0.00,0.00,0
2026-05-09 16:04:40,1,1,1,3070.4,-8,-19.7,-1037,2890,0,0.00,0.00,0,0,0.00,0.00,0
2026-05-09 16:04:40,1,1,1,3070.4,-8,-19.7,-1037,2890,0,0.00,0.00,0,0,0.00,0.00,0
2026-05-09 16:04:40,1,1,1,3054.4,0,-18.5,-968,2897,0,0.00,0.00,0,0,0.00,0.00,0
2026-05-09 16:04:40,1,1,1,3054.4,0,-18.5,-968,2897,0,0.00,0.00,0,0,0.00,0.00,0
2026-05-09 16:04:40,1,1,1,3044.1,0,-18.1,-944,2894,0,0.00,0.00,0,0,0.00,0.00,0
2026-05-09 16:04:41,1,1,1,3032.6,0,-17.6,-919,2890,0,0.00,0.00,0,0,0.00,0.00,0
2026-05-09 16:04:41,1,1,1,3032.6,0,-17.6,-919,2890,0,0.00,0.00,0,0,0.00,0.00,0
2026-05-09 16:04:41,1,1,1,3007.0,0,-17.0,-881,2875,0,0.00,0.00,0,0,0.00,0.00,0
2026-05-09 16:04:41,1,1,1,3007.0,0,-17.0,-881,2875,0,0.00,0.00,0,0,0.00,0.00,0
2026-05-09 16:04:41,1,1,1,2923.3,0,-15.1,-763,2822,0,0.00,0.00,0,0,0.00,0.00,0
2026-05-09 16:04:41,1,1,1,2923.3,0,-15.1,-763,2822,0,0.00,0.00,0,0,0.00,0.00,0
2026-05-09 16:04:41,1,1,1,2851.5,0,-13.3,-656,2775,0,0.00,0.00,0,0,0.00,0.00,0
2026-05-09 16:04:41,1,1,1,2851.5,0,-13.3,-656,2775,0,0.00,0.00,0,0,0.00,0.00,0
2026-05-09 16:04:41,1,1,1,2793.7,-8,-11.1,-540,2741,0,0.00,0.00,0,0,0.00,0.00,0
2026-05-09 16:04:41,1,1,1,2746.7,-8,-9.0,-429,2713,0,0.00,0.00,0,0,0.00,0.00,0
2026-05-09 16:04:41,1,1,1,2746.7,-8,-9.0,-429,2713,0,0.00,0.00,0,0,0.00,0.00,0
2026-05-09 16:04:41,1,1,1,2707.1,-8,-7.0,-329,2687,0,0.00,0.00,0,0,0.00,0.00,0
2026-05-09 16:04:41,1,1,1,2707.1,-8,-7.0,-329,2687,0,0.00,0.00,0,0,0.00,0.00,0
2026-05-09 16:04:41,1,1,1,2674.6,-8,-5.1,-238,2664,0,0.00,0.00,0,0,0.00,0.00,0
2026-05-09 16:04:41,1,1,1,2674.6,-8,-5.1,-238,2664,0,0.00,0.00,0,0,0.00,0.00,0
2026-05-09 16:04:41,1,1,1,2648.7,-8,-3.4,-157,2644,0,0.00,0.00,0,0,0.00,0.00,0
2026-05-09 16:04:41,1,1,1,2634.7,0,-2.1,-96,2633,0,0.00,0.00,0,0,0.00,0.00,0
2026-05-09 16:04:41,1,1,1,2634.7,0,-2.1,-96,2633,0,0.00,0.00,0,0,0.00,0.00,0
2026-05-09 16:04:41,1,1,1,2631.2,0,-1.7,-78,2630,0,0.00,0.00,0,0,0.00,0.00,0
2026-05-09 16:04:41,1,1,1,2631.2,0,-1.7,-78,2630,0,0.00,0.00,0,0,0.00,0.00,0
2026-05-09 16:04:42,1,1,1,2630.9,0,-1.5,-68,2630,0,0.00,0.00,0,0,0.00,0.00,0
2026-05-09 16:04:42,1,1,1,2630.9,0,-1.5,-68,2630,0,0.00,0.00,0,0,0.00,0.00,0
2026-05-09 16:04:42,1,1,1,2638.9,0,-1.5,-68,2638,0,0.00,0.00,0,0,0.00,0.00,0
2026-05-09 16:04:42,1,1,1,2638.9,0,-1.5,-68,2638,0,0.00,0.00,0,0,0.00,0.00,0
2026-05-09 16:04:42,1,1,1,2647.8,0,-1.4,-66,2647,0,0.00,0.00,0,0,0.00,0.00,0
2026-05-09 16:04:42,1,1,1,2657.8,0,-1.4,-65,2657,0,0.00,0.00,0,0,0.00,0.00,0
2026-05-09 16:04:42,1,1,1,2657.8,0,-1.4,-65,2657,0,0.00,0.00,0,0,0.00,0.00,0
2026-05-09 16:04:42,1,1,1,2665.7,0,-1.3,-61,2665,0,0.00,0.00,0,0,0.00,0.00,0
2026-05-09 16:04:42,1,1,1,2665.7,0,-1.3,-61,2665,0,0.00,0.00,0,0,0.00,0.00,0
2026-05-09 16:04:42,1,1,1,2673.7,0,-1.3,-62,2673,0,0.00,0.00,0,0,0.00,0.00,0
2026-05-09 16:04:42,1,1,1,2673.7,0,-1.3,-62,2673,0,0.00,0.00,0,0,0.00,0.00,0
2026-05-09 16:04:42,1,1,1,2697.9,0,-1.5,-71,2697,0,0.00,0.00,0,0,0.00,0.00,0
2026-05-09 16:04:42,1,1,1,2719.2,0,-1.7,-80,2718,0,0.00,0.00,0,0,0.00,0.00,0
2026-05-09 16:04:42,1,1,1,2719.2,0,-1.7,-80,2718,0,0.00,0.00,0,0,0.00,0.00,0
2026-05-09 16:04:42,1,1,1,2726.3,0,-1.7,-83,2725,0,0.00,0.00,0,0,0.00,0.00,0
2026-05-09 16:04:42,1,1,1,2726.3,0,-1.7,-83,2725,0,0.00,0.00,0,0,0.00,0.00,0
2026-05-09 16:04:42,1,1,1,2727.3,0,-1.8,-84,2726,0,0.00,0.00,0,0,0.00,0.00,0
2026-05-09 16:04:42,1,1,1,2727.3,0,-1.8,-84,2726,0,0.00,0.00,0,0,0.00,0.00,0
2026-05-09 16:04:42,1,1,1,2724.1,0,-1.6,-78,2723,0,0.00,0.00,0,0,0.00,0.00,0
2026-05-09 16:04:42,1,1,1,2724.1,0,-1.6,-78,2723,0,0.00,0.00,0,0,0.00,0.00,0
2026-05-09 16:04:43,1,1,1,2722.1,0,-1.6,-76,2721,0,0.00,0.00,0,0,0.00,0.00,0
2026-05-09 16:04:43,1,1,1,2721.9,0,-1.5,-71,2721,0,0.00,0.00,0,0,0.00,0.00,0
2026-05-09 16:04:43,1,1,1,2721.9,0,-1.5,-71,2721,0,0.00,0.00,0,0,0.00,0.00,0
2026-05-09 16:04:43,1,1,1,2719.7,0,-1.3,-62,2719,0,0.00,0.00,0,0,0.00,0.00,0
2026-05-09 16:04:43,1,1,1,2719.7,0,-1.3,-62,2719,0,0.00,0.00,0,0,0.00,0.00,0
2026-05-09 16:04:43,1,1,1,2712.3,0,-0.9,-41,2712,0,0.00,0.00,0,0,0.00,0.00,0
2026-05-09 16:04:43,1,1,1,2712.3,0,-0.9,-41,2712,0,0.00,0.00,0,0,0.00,0.00,0
2026-05-09 16:04:43,1,1,1,2706.0,0,-0.3,-15,2706,0,0.00,0.00,0,0,0.00,0.00,0
2026-05-09 16:04:43,1,1,1,2696.6,0,1.2,55,2696,0,0.00,0.00,0,0,0.00,0.00,0
2026-05-09 16:04:43,1,1,1,2696.6,0,1.2,55,2696,0,0.00,0.00,0,0,0.00,0.00,0
2026-05-09 16:04:43,1,1,1,2705.4,0,1.9,88,2704,0,0.00,0.00,0,0,0.00,0.00,0
2026-05-09 16:04:43,1,1,1,2705.4,0,1.9,88,2704,0,0.00,0.00,0,0,0.00,0.00,0
2026-05-09 16:04:43,1,1,1,2723.1,0,2.2,106,2721,0,0.00,0.00,0,0,0.00,0.00,0
2026-05-09 16:04:43,1,1,1,2723.1,0,2.2,106,2721,0,0.00,0.00,0,0,0.00,0.00,0
2026-05-09 16:04:43,1,1,1,2733.9,0,2.2,103,2732,0,0.00,0.00,0,0,0.00,0.00,0
2026-05-09 16:04:43,1,1,1,2733.9,0,2.2,103,2732,0,0.00,0.00,0,0,0.00,0.00,0
2026-05-09 16:04:43,1,1,1,2775.2,0,1.7,81,2774,0,0.00,0.00,0,0,0.00,0.00,0
2026-05-09 16:04:43,1,1,1,2812.6,0,1.2,60,2812,0,0.00,0.00,0,0,0.00,0.00,0
2026-05-09 16:04:43,1,1,1,2812.6,0,1.2,60,2812,0,0.00,0.00,0,0,0.00,0.00,0
2026-05-09 16:04:43,1,1,1,2845.2,0,0.7,33,2845,0,0.00,0.00,0,0,0.00,0.00,0
2026-05-09 16:04:44,1,1,1,2845.2,0,0.7,33,2845,0,0.00,0.00,0,0,0.00,0.00,0
2026-05-09 16:04:44,1,1,1,2856.1,0,0.5,23,2856,0,0.00,0.00,0,0,0.00,0.00,0
2026-05-09 16:04:44,1,1,1,2856.1,0,0.5,23,2856,0,0.00,0.00,0,0,0.00,0.00,0
2026-05-09 16:04:44,1,1,1,2866.0,0,0.3,13,2866,0,0.00,0.00,0,0,0.00,0.00,0
2026-05-09 16:04:44,1,1,1,2873.0,0,0.2,9,2873,0,0.00,0.00,0,0,0.00,0.00,0
2026-05-09 16:04:44,1,1,1,2873.0,0,0.2,9,2873,0,0.00,0.00,0,0,0.00,0.00,0
2026-05-09 16:04:44,1,1,1,2877.0,0,0.0,0,2877,0,0.00,0.00,0,0,0.00,0.00,0
2026-05-09 16:04:44,1,1,1,2877.0,0,0.0,0,2877,0,0.00,0.00,0,0,0.00,0.00,0
2026-05-09 16:04:44,1,1,1,2883.0,0,-0.3,-15,2883,0,0.00,0.00,0,0,0.00,0.00,0
2026-05-09 16:04:44,1,1,1,2883.0,0,-0.3,-15,2883,0,0.00,0.00,0,0,0.00,0.00,0
2026-05-09 16:04:44,1,1,1,2888.2,0,-0.6,-30,2888,0,0.00,0.00,0,0,0.00,0.00,0
2026-05-09 16:04:44,1,1,1,2888.2,0,-0.6,-30,2888,0,0.00,0.00,0,0,0.00,0.00,0
2026-05-09 16:04:44,1,1,1,2891.3,0,-0.8,-39,2891,0,0.00,0.00,0,0,0.00,0.00,0
2026-05-09 16:04:44,1,1,1,2887.0,0,-0.3,-16,2887,0,0.00,0.00,0,0,0.00,0.00,0
2026-05-09 16:04:44,1,1,1,2887.0,0,-0.3,-16,2887,0,0.00,0.00,0,0,0.00,0.00,0
2026-05-09 16:04:44,1,1,1,2881.0,0,0.2,10,2881,0,0.00,0.00,0,0,0.00,0.00,0
2026-05-09 16:04:44,1,1,1,2881.0,0,0.2,10,2881,0,0.00,0.00,0,0,0.00,0.00,0
2026-05-09 16:04:44,1,1,1,2875.2,0,0.7,37,2875,0,0.00,0.00,0,0,0.00,0.00,0
2026-05-09 16:04:44,1,1,1,2875.2,0,0.7,37,2875,0,0.00,0.00,0,0,0.00,0.00,0
2026-05-09 16:04:44,1,1,1,2869.7,0,1.3,63,2869,0,0.00,0.00,0,0,0.00,0.00,0
2026-05-09 16:04:45,1,1,1,2869.7,0,1.3,63,2869,0,0.00,0.00,0,0,0.00,0.00,0
2026-05-09 16:04:45,1,1,1,2864.3,0,1.7,87,2863,0,0.00,0.00,0,0,0.00,0.00,0
2026-05-09 16:04:45,1,1,1,2860.2,0,2.2,111,2858,0,0.00,0.00,0,0,0.00,0.00,0
2026-05-09 16:04:45,1,1,1,2860.2,0,2.2,111,2858,0,0.00,0.00,0,0,0.00,0.00,0
2026-05-09 16:04:45,1,1,1,2855.1,0,2.7,134,2852,0,0.00,0.00,0,0,0.00,0.00,0
2026-05-09 16:04:45,1,1,1,2855.1,0,2.7,134,2852,0,0.00,0.00,0,0,0.00,0.00,0
2026-05-09 16:04:45,1,1,1,2853.1,0,3.1,153,2849,0,0.00,0.00,0,0,0.00,0.00,0
2026-05-09 16:04:45,1,1,1,2853.1,0,3.1,153,2849,0,0.00,0.00,0,0,0.00,0.00,0
2026-05-09 16:04:45,1,1,1,2852.1,0,3.4,170,2847,0,0.00,0.00,0,0,0.00,0.00,0
2026-05-09 16:04:45,1,1,1,2850.1,0,3.8,187,2844,0,0.00,0.00,0,0,0.00,0.00,0
2026-05-09 16:04:45,1,1,1,2850.1,0,3.8,187,2844,0,0.00,0.00,0,0,0.00,0.00,0
2026-05-09 16:04:45,1,1,1,2848.9,0,4.0,198,2842,0,0.00,0.00,0,0,0.00,0.00,0
2026-05-09 16:04:45,1,1,1,2848.9,0,4.0,198,2842,0,0.00,0.00,0,0,0.00,0.00,0
2026-05-09 16:04:45,1,1,1,2848.0,0,4.0,200,2841,0,0.00,0.00,0,0,0.00,0.00,0
2026-05-09 16:04:45,1,1,1,2848.0,0,4.0,200,2841,0,0.00,0.00,0,0,0.00,0.00,0
2026-05-09 16:04:45,1,1,1,2847.0,0,4.0,199,2840,0,0.00,0.00,0,0,0.00,0.00,0
2026-05-09 16:04:45,1,1,1,2847.0,0,4.0,199,2840,0,0.00,0.00,0,0,0.00,0.00,0
2026-05-09 16:04:45,1,1,1,2846.5,0,3.9,192,2840,0,0.00,0.00,0,0,0.00,0.00,0
2026-05-09 16:04:45,1,1,1,2852.7,0,3.3,163,2848,0,0.00,0.00,0,0,0.00,0.00,0
2026-05-09 16:04:45,1,1,1,2852.7,0,3.3,163,2848,0,0.00,0.00,0,0,0.00,0.00,0
2026-05-09 16:04:46,1,1,1,2863.5,0,2.4,120,2861,0,0.00,0.00,0,0,0.00,0.00,0
2026-05-09 16:04:46,1,1,1,2863.5,0,2.4,120,2861,0,0.00,0.00,0,0,0.00,0.00,0
2026-05-09 16:04:46,1,1,1,2874.6,0,-1.2,-60,2874,0,0.00,0.00,0,0,0.00,0.00,0
2026-05-09 16:04:46,1,1,1,2874.6,0,-1.2,-60,2874,0,0.00,0.00,0,0,0.00,0.00,0
2026-05-09 16:04:46,1,1,1,2904.6,0,-5.6,-281,2891,0,0.00,0.00,0,0,0.00,0.00,0
2026-05-09 16:04:46,1,1,1,2949.8,0,-9.5,-489,2909,0,0.00,0.00,0,0,0.00,0.00,0
2026-05-09 16:04:46,1,1,1,2949.8,0,-9.5,-489,2909,0,0.00,0.00,0,0,0.00,0.00,0
2026-05-09 16:04:46,1,1,1,2998.9,0,-12.7,-657,2926,0,0.00,0.00,0,0,0.00,0.00,0
2026-05-09 16:04:46,1,1,1,2998.9,0,-12.7,-657,2926,0,0.00,0.00,0,0,0.00,0.00,0
2026-05-09 16:04:46,1,1,1,3045.3,0,-14.4,-756,2950,0,0.00,0.00,0,0,0.00,0.00,0
2026-05-09 16:04:46,1,1,1,3045.3,0,-14.4,-756,2950,0,0.00,0.00,0,0,0.00,0.00,0
2026-05-09 16:04:46,1,1,1,3089.7,0,-16.5,-879,2962,0,0.00,0.00,0,0,0.00,0.00,0
2026-05-09 16:04:46,1,1,1,3089.7,0,-16.5,-879,2962,0,0.00,0.00,0,0,0.00,0.00,0
2026-05-09 16:04:46,1,1,1,3114.8,0,-19.8,-1054,2931,0,0.00,0.00,0,0,0.00,0.00,0
2026-05-09 16:04:46,1,1,1,3143.5,0,-22.9,-1225,2895,0,0.00,0.00,0,0,0.00,0.00,0
2026-05-09 16:04:46,1,1,1,3143.5,0,-22.9,-1225,2895,0,0.00,0.00,0,0,0.00,0.00,0
2026-05-09 16:04:46,1,1,1,3176.4,0,-25.8,-1384,2859,0,0.00,0.00,0,0,0.00,0.00,0
2026-05-09 16:04:46,1,1,1,3176.4,0,-25.8,-1384,2859,0,0.00,0.00,0,0,0.00,0.00,0
2026-05-09 16:04:46,1,1,1,3224.8,0,-27.5,-1488,2861,0,0.00,0.00,0,0,0.00,0.00,0
2026-05-09 16:04:46,1,1,1,3224.8,0,-27.5,-1488,2861,0,0.00,0.00,0,0,0.00,0.00,0
2026-05-09 16:04:47,1,1,1,3264.7,0,-29.1,-1587,2853,0,0.00,0.00,0,0,0.00,0.00,0
2026-05-09 16:04:47,1,1,1,3290.7,0,-30.9,-1691,2823,0,0.00,0.00,0,0,0.00,0.00,0
2026-05-09 16:04:47,1,1,1,3290.7,0,-30.9,-1691,2823,0,0.00,0.00,0,0,0.00,0.00,0
2026-05-09 16:04:47,1,1,1,3313.5,0,-32.7,-1789,2789,0,0.00,0.00,0,0,0.00,0.00,0
2026-05-09 16:04:47,1,1,1,3313.5,0,-32.7,-1789,2789,0,0.00,0.00,0,0,0.00,0.00,0
2026-05-09 16:04:47,1,1,1,3335.0,0,-34.3,-1878,2756,0,0.00,0.00,0,0,0.00,0.00,0
2026-05-09 16:04:47,1,1,1,3335.0,0,-34.3,-1878,2756,0,0.00,0.00,0,0,0.00,0.00,0
2026-05-09 16:04:47,1,1,1,3353.5,0,-35.7,-1956,2724,0,0.00,0.00,0,0,0.00,0.00,0
2026-05-09 16:04:47,1,1,1,3353.5,0,-35.7,-1956,2724,0,0.00,0.00,0,0,0.00,0.00,0
2026-05-09 16:04:47,1,1,1,3370.4,0,-36.9,-2024,2695,0,0.00,0.00,0,0,0.00,0.00,0
2026-05-09 16:04:47,1,1,1,3380.2,0,-37.7,-2069,2673,0,0.00,0.00,0,0,0.00,0.00,0
2026-05-09 16:04:47,1,1,1,3380.2,0,-37.7,-2069,2673,0,0.00,0.00,0,0,0.00,0.00,0
2026-05-09 16:04:47,1,1,1,3335.5,0,-35.5,-1939,2714,0,0.00,0.00,0,0,0.00,0.00,0
2026-05-09 16:04:47,1,1,1,3335.5,0,-35.5,-1939,2714,0,0.00,0.00,0,0,0.00,0.00,0
2026-05-09 16:04:47,1,1,1,3308.9,0,-34.2,-1858,2738,0,0.00,0.00,0,0,0.00,0.00,0
2026-05-09 16:04:47,1,1,1,3308.9,0,-34.2,-1858,2738,0,0.00,0.00,0,0,0.00,0.00,0
2026-05-09 16:04:47,1,1,1,3189.3,0,-30.0,-1593,2763,0,0.00,0.00,0,0,0.00,0.00,0
2026-05-09 16:04:47,1,1,1,3098.1,0,-25.8,-1349,2789,0,0.00,0.00,0,0,0.00,0.00,0
2026-05-09 16:04:47,1,1,1,3098.1,0,-25.8,-1349,2789,0,0.00,0.00,0,0,0.00,0.00,0
2026-05-09 16:04:47,1,1,1,3039.9,0,-22.2,-1150,2814,0,0.00,0.00,0,0,0.00,0.00,0
2026-05-09 16:04:48,1,1,1,3039.9,0,-22.2,-1150,2814,0,0.00,0.00,0,0,0.00,0.00,0
2026-05-09 16:04:48,1,1,1,3000.8,0,-19.0,-975,2838,0,0.00,0.00,0,0,0.00,0.00,0
2026-05-09 16:04:48,1,1,1,3000.8,0,-19.0,-975,2838,0,0.00,0.00,0,0,0.00,0.00,0
2026-05-09 16:04:48,1,1,1,2976.1,0,-16.1,-823,2860,0,0.00,0.00,0,0,0.00,0.00,0
2026-05-09 16:04:48,1,1,1,2976.1,0,-16.1,-823,2860,0,0.00,0.00,0,0,0.00,0.00,0
2026-05-09 16:04:48,1,1,1,2956.0,0,-13.4,-683,2876,0,0.00,0.00,0,0,0.00,0.00,0
2026-05-09 16:04:48,1,1,1,2941.7,0,-10.8,-549,2890,0,0.00,0.00,0,0,0.00,0.00,0
2026-05-09 16:04:48,1,1,1,2941.7,0,-10.8,-549,2890,0,0.00,0.00,0,0,0.00,0.00,0
2026-05-09 16:04:48,1,1,1,2933.1,0,-8.4,-426,2902,0,0.00,0.00,0,0,0.00,0.00,0
2026-05-09 16:04:48,1,1,1,2933.1,0,-8.4,-426,2902,0,0.00,0.00,0,0,0.00,0.00,0
2026-05-09 16:04:48,1,1,1,2929.5,0,-6.9,-354,2908,0,0.00,0.00,0,0,0.00,0.00,0
2026-05-09 16:04:48,1,1,1,2929.5,0,-6.9,-354,2908,0,0.00,0.00,0,0,0.00,0.00,0
2026-05-09 16:04:48,1,1,1,2917.4,0,-6.9,-353,2896,0,0.00,0.00,0,0,0.00,0.00,0
2026-05-09 16:04:48,1,1,1,2918.9,0,-7.3,-373,2895,0,0.00,0.00,0,0,0.00,0.00,0
2026-05-09 16:04:48,1,1,1,2918.9,0,-7.3,-373,2895,0,0.00,0.00,0,0,0.00,0.00,0
2026-05-09 16:04:48,1,1,1,2919.8,0,-7.6,-387,2894,0,0.00,0.00,0,0,0.00,0.00,0
2026-05-09 16:04:48,1,1,1,2919.8,0,-7.6,-387,2894,0,0.00,0.00,0,0,0.00,0.00,0
2026-05-09 16:04:48,1,1,1,2920.4,0,-8.0,-406,2892,0,0.00,0.00,0,0,0.00,0.00,0
2026-05-09 16:04:48,1,1,1,2920.4,0,-8.0,-406,2892,0,0.00,0.00,0,0,0.00,0.00,0
2026-05-09 16:04:48,1,1,1,2926.6,0,-8.7,-442,2893,0,0.00,0.00,0,0,0.00,0.00,0
2026-05-09 16:04:49,1,1,1,2926.6,0,-8.7,-442,2893,0,0.00,0.00,0,0,0.00,0.00,0
2026-05-09 16:04:49,1,1,1,2950.9,0,-10.9,-556,2898,0,0.00,0.00,0,0,0.00,0.00,0
2026-05-09 16:04:49,1,1,1,2972.8,0,-13.0,-667,2897,0,0.00,0.00,0,0,0.00,0.00,0
2026-05-09 16:04:49,1,1,1,2972.8,0,-13.0,-667,2897,0,0.00,0.00,0,0,0.00,0.00,0
2026-05-09 16:04:49,1,1,1,2979.7,0,-15.2,-783,2875,0,0.00,0.00,0,0,0.00,0.00,0
2026-05-09 16:04:49,1,1,1,2979.7,0,-15.2,-783,2875,0,0.00,0.00,0,0,0.00,0.00,0
2026-05-09 16:04:49,1,1,1,2984.7,0,-17.5,-896,2847,0,0.00,0.00,0,0,0.00,0.00,0
2026-05-09 16:04:49,1,1,1,2984.7,0,-17.5,-896,2847,0,0.00,0.00,0,0,0.00,0.00,0
2026-05-09 16:04:49,1,1,1,2992.3,0,-19.5,-998,2821,0,0.00,0.00,0,0,0.00,0.00,0
2026-05-09 16:04:49,1,1,1,2992.3,0,-19.5,-998,2821,0,0.00,0.00,0,0,0.00,0.00,0
2026-05-09 16:04:49,1,1,1,3002.8,0,-21.3,-1090,2798,0,0.00,0.00,0,0,0.00,0.00,0
2026-05-09 16:04:49,1,1,1,3015.5,0,-22.9,-1173,2778,0,0.00,0.00,0,0,0.00,0.00,0
2026-05-09 16:04:49,1,1,1,3015.5,0,-22.9,-1173,2778,0,0.00,0.00,0,0,0.00,0.00,0
2026-05-09 16:04:49,1,1,1,3028.1,0,-24.3,-1248,2759,0,0.00,0.00,0,0,0.00,0.00,0
2026-05-09 16:04:49,1,1,1,3028.1,0,-24.3,-1248,2759,0,0.00,0.00,0,0,0.00,0.00,0
2026-05-09 16:04:49,1,1,1,3038.1,0,-25.4,-1304,2744,0,0.00,0.00,0,0,0.00,0.00,0
2026-05-09 16:04:49,1,1,1,3038.1,0,-25.4,-1304,2744,0,0.00,0.00,0,0,0.00,0.00,0
2026-05-09 16:04:49,1,1,1,3040.9,0,-25.7,-1321,2739,0,0.00,0.00,0,0,0.00,0.00,0
2026-05-09 16:04:49,1,1,1,3043.4,0,-26.1,-1337,2734,0,0.00,0.00,0,0,0.00,0.00,0
2026-05-09 16:04:49,1,1,1,3043.4,0,-26.1,-1337,2734,0,0.00,0.00,0,0,0.00,0.00,0
2026-05-09 16:04:50,1,1,1,3046.9,0,-26.4,-1353,2730,0,0.00,0.00,0,0,0.00,0.00,0
2026-05-09 16:04:50,1,1,1,3046.9,0,-26.4,-1353,2730,0,0.00,0.00,0,0,0.00,0.00,0
2026-05-09 16:04:50,1,1,1,3050.0,0,-26.7,-1372,2724,0,0.00,0.00,0,0,0.00,0.00,0
2026-05-09 16:04:50,1,1,1,3050.0,0,-26.7,-1372,2724,0,0.00,0.00,0,0,0.00,0.00,0
2026-05-09 16:04:50,1,1,1,3053.7,0,-27.1,-1392,2718,0,0.00,0.00,0,0,0.00,0.00,0
2026-05-09 16:04:50,1,1,1,3053.7,0,-27.1,-1392,2718,0,0.00,0.00,0,0,0.00,0.00,0
2026-05-09 16:04:50,1,1,1,3056.2,0,-27.5,-1411,2711,0,0.00,0.00,0,0,0.00,0.00,0
2026-05-09 16:04:50,1,1,1,3057.6,0,-28.3,-1448,2693,0,0.00,0.00,0,0,0.00,0.00,0
2026-05-09 16:04:50,1,1,1,3057.6,0,-28.3,-1448,2693,0,0.00,0.00,0,0,0.00,0.00,0
2026-05-09 16:04:50,1,1,1,3074.3,0,-30.8,-1572,2642,0,0.00,0.00,0,0,0.00,0.00,0
2026-05-09 16:04:50,1,1,1,3074.3,0,-30.8,-1572,2642,0,0.00,0.00,0,0,0.00,0.00,0
2026-05-09 16:04:50,1,1,1,3121.5,0,-35.5,-1813,2541,0,0.00,0.00,0,0,0.00,0.00,0
2026-05-09 16:04:50,1,1,1,3121.5,0,-35.5,-1813,2541,0,0.00,0.00,0,0,0.00,0.00,0
2026-05-09 16:04:50,1,1,1,3168.6,0,-38.9,-1991,2465,0,0.00,0.00,0,0,0.00,0.00,0
2026-05-09 16:04:50,1,1,1,3180.6,0,-40.6,-2071,2414,0,0.00,0.00,0,0,0.00,0.00,0
2026-05-09 16:04:50,1,1,1,3180.6,0,-40.6,-2071,2414,0,0.00,0.00,0,0,0.00,0.00,0
2026-05-09 16:04:50,1,1,1,3181.9,0,-41.2,-2096,2394,0,0.00,0.00,0,0,0.00,0.00,0
2026-05-09 16:04:50,1,1,1,3181.9,0,-41.2,-2096,2394,0,0.00,0.00,0,0,0.00,0.00,0
2026-05-09 16:04:50,1,1,1,3181.6,0,-41.7,-2117,2375,0,0.00,0.00,0,0,0.00,0.00,0
2026-05-09 16:04:50,1,1,1,3181.6,0,-41.7,-2117,2375,0,0.00,0.00,0,0,0.00,0.00,0
2026-05-09 16:04:51,1,1,1,3183.0,0,-42.2,-2137,2359,0,0.00,0.00,0,0,0.00,0.00,0
2026-05-09 16:04:51,1,1,1,3183.0,0,-42.2,-2137,2359,0,0.00,0.00,0,0,0.00,0.00,0
2026-05-09 16:04:51,1,1,1,3184.1,0,-42.6,-2155,2344,0,0.00,0.00,0,0,0.00,0.00,0
2026-05-09 16:04:51,1,1,1,3184.7,0,-43.0,-2171,2330,0,0.00,0.00,0,0,0.00,0.00,0
2026-05-09 16:04:51,1,1,1,3184.7,0,-43.0,-2171,2330,0,0.00,0.00,0,0,0.00,0.00,0
2026-05-09 16:04:51,1,1,1,3188.1,0,-43.0,-2176,2330,0,0.00,0.00,0,0,0.00,0.00,0
2026-05-09 16:04:51,1,1,1,3188.1,0,-43.0,-2176,2330,0,0.00,0.00,0,0,0.00,0.00,0
2026-05-09 16:04:51,1,1,1,3190.2,0,-43.0,-2177,2332,0,0.00,0.00,0,0,0.00,0.00,0
2026-05-09 16:04:51,1,1,1,3190.2,0,-43.0,-2177,2332,0,0.00,0.00,0,0,0.00,0.00,0
2026-05-09 16:04:51,1,1,1,3189.7,0,-42.9,-2173,2335,0,0.00,0.00,0,0,0.00,0.00,0
2026-05-09 16:04:51,1,1,1,3189.2,0,-42.8,-2168,2339,0,0.00,0.00,0,0,0.00,0.00,0
2026-05-09 16:04:51,1,1,1,3189.2,0,-42.8,-2168,2339,0,0.00,0.00,0,0,0.00,0.00,0
2026-05-09 16:04:51,1,1,1,3188.8,0,-42.7,-2163,2343,0,0.00,0.00,0,0,0.00,0.00,0
2026-05-09 16:04:51,1,1,1,3188.8,0,-42.7,-2163,2343,0,0.00,0.00,0,0,0.00,0.00,0
2026-05-09 16:04:51,1,1,1,3188.3,0,-42.6,-2158,2347,0,0.00,0.00,0,0,0.00,0.00,0
2026-05-09 16:04:51,1,1,1,3188.3,0,-42.6,-2158,2347,0,0.00,0.00,0,0,0.00,0.00,0
2026-05-09 16:04:51,1,1,1,3184.1,0,-42.1,-2133,2364,0,0.00,0.00,0,0,0.00,0.00,0
2026-05-09 16:04:51,1,1,1,3184.1,0,-42.1,-2133,2364,0,0.00,0.00,0,0,0.00,0.00,0
2026-05-09 16:04:51,1,1,1,3178.4,0,-41.4,-2101,2385,0,0.00,0.00,0,0,0.00,0.00,0
2026-05-09 16:04:51,1,1,1,3139.0,0,-38.9,-1971,2443,0,0.00,0.00,0,0,0.00,0.00,0
2026-05-09 16:04:52,1,1,1,3139.0,0,-38.9,-1971,2443,0,0.00,0.00,0,0,0.00,0.00,0
2026-05-09 16:04:52,1,1,1,2858.4,0,-30.6,-1454,2461,0,0.00,0.00,0,0,0.00,0.00,0
2026-05-09 16:04:52,1,1,1,2858.4,0,-30.6,-1454,2461,0,0.00,0.00,0,0,0.00,0.00,0
2026-05-09 16:04:52,1,1,1,2634.1,0,-21.5,-965,2451,0,0.00,0.00,0,0,0.00,0.00,0
2026-05-09 16:04:52,1,1,1,2634.1,0,-21.5,-965,2451,0,0.00,0.00,0,0,0.00,0.00,0
2026-05-09 16:04:52,1,1,1,2486.9,0,-12.5,-538,2428,0,0.00,0.00,0,0,0.00,0.00,0
2026-05-09 16:04:52,1,1,1,2404.0,0,-4.1,-170,2398,0,0.00,0.00,0,0,0.00,0.00,0
2026-05-09 16:04:52,1,1,1,2404.0,0,-4.1,-170,2398,0,0.00,0.00,0,0,0.00,0.00,0
2026-05-09 16:04:52,1,1,1,2370.3,0,3.4,142,2366,0,0.00,0.00,0,0,0.00,0.00,0
2026-05-09 16:04:52,1,1,1,2370.3,0,3.4,142,2366,0,0.00,0.00,0,0,0.00,0.00,0
2026-05-09 16:04:52,1,1,1,2371.0,0,9.9,406,2336,0,0.00,0.00,0,0,0.00,0.00,0
2026-05-09 16:04:52,1,1,1,2371.0,0,9.9,406,2336,0,0.00,0.00,0,0,0.00,0.00,0
2026-05-09 16:05:02,1,1,1,335.0,0,-16.7,-96,321,0,0.00,0.00,0,1,0.50,0.01,2005
2026-05-09 16:05:02,1,1,1,304.0,0,-10.4,-55,299,0,0.00,0.00,0,1,0.50,0.01,2005
2026-05-09 16:05:02,1,1,1,304.0,0,-10.4,-55,299,0,0.00,0.00,0,1,0.50,0.01,2005
2026-05-09 16:05:02,1,1,1,283.2,0,-2.2,-11,283,0,0.00,0.00,0,1,0.50,0.01,2005
2026-05-09 16:05:02,1,1,1,283.2,0,-2.2,-11,283,0,0.00,0.00,0,1,0.50,0.01,2005
2026-05-09 16:05:02,1,1,1,304.2,0,5.1,27,303,0,0.00,0.00,0,0,0.00,0.00,0
2026-05-09 16:05:02,1,1,1,295.6,0,7.6,39,293,0,0.00,0.00,0,0,0.00,0.00,0
2026-05-09 16:05:02,1,1,1,295.6,0,7.6,39,293,0,0.00,0.00,0,0,0.00,0.00,0
2026-05-09 16:05:03,1,1,1,293.0,0,8.2,42,290,0,0.00,0.00,0,0,0.00,0.00,0
2026-05-09 16:05:03,1,1,1,293.0,0,8.2,42,290,0,0.00,0.00,0,0,0.00,0.00,0
2026-05-09 16:05:03,1,1,1,296.1,0,8.3,43,293,0,0.00,0.00,0,0,0.00,0.00,0
2026-05-09 16:05:03,1,1,1,296.1,0,8.3,43,293,0,0.00,0.00,0,0,0.00,0.00,0
2026-05-09 16:05:03,1,1,1,293.6,0,7.6,39,291,0,0.00,0.00,0,0,0.00,0.00,0
2026-05-09 16:05:03,1,1,1,286.9,0,6.6,33,285,0,0.00,0.00,0,0,0.00,0.00,0
2026-05-09 16:05:03,1,1,1,286.9,0,6.6,33,285,0,0.00,0.00,0,0,0.00,0.00,0
2026-05-09 16:05:03,1,1,1,279.6,0,6.2,30,278,0,0.00,0.00,0,0,0.00,0.00,0
2026-05-09 16:05:03,1,1,1,279.6,0,6.2,30,278,0,0.00,0.00,0,0,0.00,0.00,0
2026-05-09 16:05:03,1,1,1,286.2,0,5.2,26,285,0,0.00,0.00,0,0,0.00,0.00,0
2026-05-09 16:05:03,1,1,1,286.2,0,5.2,26,285,0,0.00,0.00,0,0,0.00,0.00,0
2026-05-09 16:05:03,1,1,1,275.8,0,10.7,51,271,0,0.00,0.00,0,0,0.00,0.00,0
2026-05-09 16:05:03,1,1,1,275.8,0,10.7,51,271,0,0.00,0.00,0,0,0.00,0.00,0
2026-05-09 16:05:03,1,1,1,282.2,0,11.0,54,277,0,0.00,0.00,0,0,0.00,0.00,0
2026-05-09 16:05:03,1,1,1,281.3,0,7.4,36,279,0,0.00,0.00,0,0,0.00,0.00,0
2026-05-09 16:05:03,1,1,1,281.3,0,7.4,36,279,0,0.00,0.00,0,0,0.00,0.00,0
2026-05-09 16:05:03,1,1,1,276.7,0,4.1,20,276,0,0.00,0.00,0,0,0.00,0.00,0
2026-05-09 16:05:03,1,1,1,276.7,0,4.1,20,276,0,0.00,0.00,0,0,0.00,0.00,0
2026-05-09 16:05:03,1,1,1,274.1,0,1.9,9,274,0,0.00,0.00,0,0,0.00,0.00,0
2026-05-09 16:05:03,1,1,1,274.1,0,1.9,9,274,0,0.00,0.00,0,0,0.00,0.00,0
2026-05-09 16:05:04,1,1,1,268.2,0,2.4,11,268,0,0.00,0.00,0,0,0.00,0.00,0
2026-05-09 16:05:04,1,1,1,289.2,0,2.0,10,289,0,0.00,0.00,0,0,0.00,0.00,0
2026-05-09 16:05:04,1,1,1,289.2,0,2.0,10,289,0,0.00,0.00,0,1,0.50,0.00,52625
2026-05-09 16:05:04,1,1,1,306.2,0,-2.1,-11,306,0,0.00,0.00,0,1,0.50,0.00,52625
2026-05-09 16:05:04,1,1,1,306.2,0,-2.1,-11,306,1,0.50,0.00,48581,1,0.50,0.00,48581
2026-05-09 16:05:04,1,1,1,314.1,0,-4.7,-26,313,1,0.50,0.00,48581,1,0.50,0.00,48581
2026-05-09 16:05:04,1,1,1,314.1,0,-4.7,-26,313,1,0.50,0.00,26516,1,0.50,0.00,26516
2026-05-09 16:05:04,1,1,1,317.8,0,-6.1,-34,316,1,0.50,0.00,26516,1,0.50,0.00,26516
2026-05-09 16:05:04,1,1,1,317.8,0,-6.1,-34,316,1,0.50,0.00,62809,1,0.50,0.00,62809
2026-05-09 16:05:04,1,1,1,322.9,0,-7.7,-43,320,1,0.50,0.00,62809,1,0.50,0.00,62809
2026-05-09 16:05:04,1,1,1,321.9,0,-10.0,-56,317,1,0.50,0.00,62809,1,0.50,0.00,62809
2026-05-09 16:05:04,1,1,1,321.9,0,-10.0,-56,317,1,0.50,0.00,62809,1,0.50,0.00,62809
2026-05-09 16:05:04,1,1,1,310.7,0,-13.6,-73,302,1,0.50,0.00,62809,1,0.50,0.00,62809
2026-05-09 16:05:04,1,1,1,310.7,0,-13.6,-73,302,1,0.50,0.00,62809,1,0.50,0.00,62809
2026-05-09 16:05:04,1,1,1,318.6,0,-16.8,-92,305,1,0.50,0.00,62809,1,0.50,0.00,62809
2026-05-09 16:05:04,1,1,1,318.6,0,-16.8,-92,305,1,0.50,0.00,62809,1,0.50,0.00,62809
2026-05-09 16:05:04,1,1,1,327.1,0,-15.6,-88,315,1,0.50,0.00,62809,1,0.50,0.00,62809
2026-05-09 16:05:04,1,1,1,351.2,0,-14.5,-88,340,1,0.50,0.00,62809,1,0.50,0.00,62809
2026-05-09 16:05:04,1,1,1,351.2,0,-14.5,-88,340,1,0.50,0.00,62809,1,0.50,0.00,62809
2026-05-09 16:05:04,1,1,1,376.0,0,-12.6,-82,367,1,0.50,0.00,62809,1,0.50,0.00,62809
2026-05-09 16:05:05,1,1,1,376.0,0,-12.6,-82,367,1,0.50,0.00,62809,1,0.50,0.00,62809
2026-05-09 16:05:05,1,1,1,382.9,0,-10.1,-67,377,1,0.50,0.00,62809,1,0.50,0.00,62809
2026-05-09 16:05:05,1,1,1,382.9,0,-10.1,-67,377,1,0.50,0.00,62809,1,0.50,0.00,62809
2026-05-09 16:05:05,1,1,1,372.8,0,-8.2,-53,369,1,0.00,0.00,0,0,0.00,0.00,0
2026-05-09 16:05:05,1,1,1,372.8,0,-8.2,-53,369,1,0.00,0.00,0,0,0.00,0.00,0
2026-05-09 16:05:05,1,1,1,366.6,0,-6.9,-44,364,1,0.00,0.00,0,0,0.00,0.00,0
2026-05-09 16:05:05,1,1,1,365.6,0,-8.0,-51,362,1,0.00,0.00,0,0,0.00,0.00,0
2026-05-09 16:05:05,1,1,1,365.6,0,-8.0,-51,362,1,0.00,0.00,0,0,0.00,0.00,0
2026-05-09 16:05:05,1,1,1,366.0,0,-9.4,-60,361,0,0.00,0.00,0,0,0.00,0.00,0
2026-05-09 16:05:05,1,1,1,366.0,0,-9.4,-60,361,0,0.00,0.00,0,0,0.00,0.00,0
2026-05-09 16:05:05,1,1,1,359.7,0,-9.3,-58,355,0,0.00,0.00,0,0,0.00,0.00,0
2026-05-09 16:05:05,1,1,1,359.7,0,-9.3,-58,355,0,0.00,0.00,0,0,0.00,0.00,0
2026-05-09 16:05:05,1,1,1,353.4,0,-8.0,-49,350,0,0.00,0.00,0,0,0.00,0.00,0
2026-05-09 16:05:05,1,1,1,356.0,0,-7.4,-46,353,0,0.00,0.00,0,0,0.00,0.00,0
2026-05-09 16:05:05,1,1,1,356.0,0,-7.4,-46,353,0,0.00,0.00,0,0,0.00,0.00,0
2026-05-09 16:05:05,1,1,1,354.7,0,-8.3,-51,351,0,0.00,0.00,0,0,0.00,0.00,0
2026-05-09 16:05:05,1,1,1,354.7,0,-8.3,-51,351,0,0.00,0.00,0,0,0.00,0.00,0
2026-05-09 16:05:05,1,1,1,349.1,0,-10.7,-65,343,0,0.00,0.00,0,0,0.00,0.00,0
2026-05-09 16:05:05,1,1,1,349.1,0,-10.7,-65,343,0,0.00,0.00,0,0,0.00,0.00,0
2026-05-09 16:05:05,1,1,1,345.6,0,-12.0,-72,338,0,0.00,0.00,0,0,0.00,0.00,0
2026-05-09 16:05:06,1,1,1,345.6,0,-12.0,-72,338,0,0.00,0.00,0,0,0.00,0.00,0
2026-05-09 16:05:06,1,1,1,319.9,0,-6.3,-35,318,0,0.00,0.00,0,0,0.00,0.00,0
2026-05-09 16:05:06,1,1,1,297.6,0,3.7,19,297,0,0.00,0.00,0,0,0.00,0.00,0
2026-05-09 16:05:06,1,1,1,297.6,0,3.7,19,297,0,0.00,0.00,0,0,0.00,0.00,0
2026-05-09 16:05:06,1,1,1,309.5,0,11.7,63,303,0,0.00,0.00,0,0,0.00,0.00,0
2026-05-09 16:05:06,1,1,1,309.5,0,11.7,63,303,0,0.00,0.00,0,0,0.00,0.00,0
2026-05-09 16:05:06,1,1,1,310.0,0,8.0,43,307,0,0.00,0.00,0,0,0.00,0.00,0
2026-05-09 16:05:06,1,1,1,310.0,0,8.0,43,307,0,0.00,0.00,0,0,0.00,0.00,0
2026-05-09 16:05:06,1,1,1,300.0,0,0.8,4,300,0,0.00,0.00,0,0,0.00,0.00,0
2026-05-09 16:05:06,1,1,1,300.0,0,0.8,4,300,0,0.00,0.00,0,0,0.00,0.00,0
2026-05-09 16:05:06,1,1,1,296.2,0,-5.2,-27,295,0,0.00,0.00,0,0,0.00,0.00,0
2026-05-09 16:05:06,1,1,1,296.9,0,-4.4,-23,296,0,0.00,0.00,0,0,0.00,0.00,0
2026-05-09 16:05:06,1,1,1,296.9,0,-4.4,-23,296,0,0.00,0.00,0,0,0.00,0.00,0
2026-05-09 16:05:06,1,1,1,300.0,0,0.4,2,300,0,0.00,0.00,0,0,0.00,0.00,0
2026-05-09 16:05:06,1,1,1,300.0,0,0.4,2,300,0,0.00,0.00,0,0,0.00,0.00,0
2026-05-09 16:05:06,1,1,1,293.5,0,7.4,38,291,0,0.00,0.00,0,0,0.00,0.00,0
2026-05-09 16:05:06,1,1,1,293.5,0,7.4,38,291,0,0.00,0.00,0,0,0.00,0.00,0
2026-05-09 16:05:06,1,1,1,300.5,0,10.9,57,295,0,0.00,0.00,0,0,0.00,0.00,0
2026-05-09 16:05:06,1,1,1,295.6,0,6.0,31,294,0,0.00,0.00,0,0,0.00,0.00,0
2026-05-09 16:05:06,1,1,1,295.6,0,6.0,31,294,0,0.00,0.00,0,0,0.00,0.00,0
2026-05-09 16:05:07,1,1,1,273.0,0,-1.0,-5,273,0,0.00,0.00,0,0,0.00,0.00,0
2026-05-09 16:05:07,1,1,1,273.0,0,-1.0,-5,273,0,0.00,0.00,0,0,0.00,0.00,0
2026-05-09 16:05:07,1,1,1,277.2,0,-5.4,-26,276,0,0.00,0.00,0,0,0.00,0.00,0
2026-05-09 16:05:07,1,1,1,277.2,0,-5.4,-26,276,0,0.00,0.00,0,0,0.00,0.00,0
2026-05-09 16:05:07,1,1,1,274.0,0,-0.6,-3,274,0,0.00,0.00,0,0,0.00,0.00,0
2026-05-09 16:05:07,1,1,1,274.0,0,-0.6,-3,274,0,0.00,0.00,0,0,0.00,0.00,0
2026-05-09 16:05:07,1,1,1,284.3,0,5.4,27,283,0,0.00,0.00,0,0,0.00,0.00,0
2026-05-09 16:05:07,1,1,1,292.5,0,5.9,30,291,0,0.00,0.00,0,0,0.00,0.00,0
2026-05-09 16:05:07,1,1,1,292.5,0,5.9,30,291,0,0.00,0.00,0,0,0.00,0.00,0
2026-05-09 16:05:07,1,1,1,274.0,0,0.8,4,274,0,0.00,0.00,0,0,0.00,0.00,0
2026-05-09 16:05:07,1,1,1,274.0,0,0.8,4,274,0,0.00,0.00,0,0,0.00,0.00,0
2026-05-09 16:05:07,1,1,1,298.3,0,-2.7,-14,298,0,0.00,0.00,0,0,0.00,0.00,0
2026-05-09 16:05:07,1,1,1,298.3,0,-2.7,-14,298,0,0.00,0.00,0,0,0.00,0.00,0
2026-05-09 16:05:07,1,1,1,327.3,0,-2.5,-14,327,0,0.00,0.00,0,0,0.00,0.00,0
2026-05-09 16:05:07,1,1,1,360.2,0,-1.8,-11,360,0,0.00,0.00,0,0,0.00,0.00,0
2026-05-09 16:05:07,1,1,1,360.2,0,-1.8,-11,360,0,0.00,0.00,0,0,0.00,0.00,0
2026-05-09 16:05:07,1,1,1,382.8,0,-3.6,-24,382,0,0.00,0.00,0,0,0.00,0.00,0
2026-05-09 16:05:07,1,1,1,382.8,0,-3.6,-24,382,0,0.00,0.00,0,0,0.00,0.00,0
2026-05-09 16:05:07,1,1,1,380.6,0,-6.6,-44,378,0,0.00,0.00,0,0,0.00,0.00,0
2026-05-09 16:05:07,1,1,1,380.6,0,-6.6,-44,378,0,0.00,0.00,0,0,0.00,0.00,0
2026-05-09 16:05:08,1,1,1,373.4,0,-10.6,-69,367,0,0.00,0.00,0,0,0.00,0.00,0
2026-05-09 16:05:08,1,1,1,373.4,0,-10.6,-69,367,0,0.00,0.00,0,0,0.00,0.00,0
2026-05-09 16:05:08,1,1,1,366.0,0,-12.0,-76,358,0,0.00,0.00,0,0,0.00,0.00,0
2026-05-09 16:05:08,1,1,1,349.9,0,-11.4,-69,343,0,0.00,0.00,0,0,0.00,0.00,0
2026-05-09 16:05:08,1,1,1,349.9,0,-11.4,-69,343,0,0.00,0.00,0,0,0.00,0.00,0
2026-05-09 16:05:08,1,1,1,337.7,0,-9.5,-56,333,0,0.00,0.00,0,0,0.00,0.00,0
2026-05-09 16:05:08,1,1,1,337.7,0,-9.5,-56,333,0,0.00,0.00,0,0,0.00,0.00,0
2026-05-09 16:05:08,1,1,1,330.6,0,-7.1,-41,328,0,0.00,0.00,0,0,0.00,0.00,0
2026-05-09 16:05:08,1,1,1,330.6,0,-7.1,-41,328,0,0.00,0.00,0,0,0.00,0.00,0
2026-05-09 16:05:08,1,1,1,327.1,0,-4.7,-27,326,0,0.00,0.00,0,0,0.00,0.00,0
2026-05-09 16:05:08,1,1,1,309.3,0,-2.4,-13,309,0,0.00,0.00,0,0,0.00,0.00,0
2026-05-09 16:05:08,1,1,1,309.3,0,-2.4,-13,309,0,0.00,0.00,0,0,0.00,0.00,0
2026-05-09 16:05:08,1,1,1,296.0,0,0.4,2,296,0,0.00,0.00,0,0,0.00,0.00,0
2026-05-09 16:05:08,1,1,1,296.0,0,0.4,2,296,0,0.00,0.00,0,0,0.00,0.00,0
2026-05-09 16:05:08,1,1,1,290.5,0,3.4,17,290,0,0.00,0.00,0,0,0.00,0.00,0
2026-05-09 16:05:08,1,1,1,290.5,0,3.4,17,290,0,0.00,0.00,0,0,0.00,0.00,0
2026-05-09 16:05:08,1,1,1,305.7,0,6.0,32,304,0,0.00,0.00,0,0,0.00,0.00,0
2026-05-09 16:05:08,1,1,1,305.7,0,6.0,32,304,0,0.00,0.00,0,0,0.00,0.00,0
2026-05-09 16:05:08,1,1,1,310.7,0,8.9,48,307,0,0.00,0.00,0,0,0.00,0.00,0
2026-05-09 16:05:08,1,1,1,317.4,0,5.4,30,316,0,0.00,0.00,0,0,0.00,0.00,0
2026-05-09 16:05:09,1,1,1,317.4,0,5.4,30,316,0,0.00,0.00,0,0,0.00,0.00,0
2026-05-09 16:05:09,1,1,1,324.0,0,-0.4,-2,324,0,0.00,0.00,0,0,0.00,0.00,0
2026-05-09 16:05:09,1,1,1,324.0,0,-0.4,-2,324,0,0.00,0.00,0,0,0.00,0.00,0
2026-05-09 16:05:09,1,1,1,319.6,0,-3.4,-19,319,0,0.00,0.00,0,0,0.00,0.00,0
2026-05-09 16:05:09,1,1,1,319.6,0,-3.4,-19,319,0,0.00,0.00,0,0,0.00,0.00,0
2026-05-09 16:05:09,1,1,1,313.9,0,-4.4,-24,313,0,0.00,0.00,0,0,0.00,0.00,0
2026-05-09 16:05:09,1,1,1,308.9,0,-4.5,-24,308,0,0.00,0.00,0,0,0.00,0.00,0
2026-05-09 16:05:09,1,1,1,308.9,0,-4.5,-24,308,0,0.00,0.00,0,0,0.00,0.00,0
2026-05-09 16:05:09,1,1,1,326.4,0,-5.3,-30,325,0,0.00,0.00,0,1,0.50,0.00,13101
2026-05-09 16:05:09,1,1,1,326.4,0,-5.3,-30,325,0,0.00,0.00,0,1,0.50,0.00,13101
2026-05-09 16:05:09,1,1,1,329.1,0,-6.5,-37,327,1,0.50,0.00,48642,1,0.50,0.00,48642
2026-05-09 16:05:09,1,1,1,329.1,0,-6.5,-37,327,1,0.50,0.00,48642,1,0.50,0.00,48642
2026-05-09 16:05:09,1,1,1,322.8,0,-6.0,-34,321,1,0.50,0.00,48642,1,0.50,0.00,48642
2026-05-09 16:05:09,1,1,1,322.8,0,-6.0,-34,321,1,0.50,0.00,48642,1,0.50,0.00,48642
2026-05-09 16:05:09,1,1,1,317.1,0,-4.7,-26,316,1,0.50,0.00,48642,1,0.50,0.00,48642
2026-05-09 16:05:09,1,1,1,320.7,0,-3.8,-21,320,1,0.50,0.00,48642,1,0.50,0.00,48642
2026-05-09 16:05:09,1,1,1,320.7,0,-3.8,-21,320,1,0.50,0.00,48642,1,0.50,0.00,48642
2026-05-09 16:05:09,1,1,1,321.7,0,-3.7,-21,321,1,0.50,0.00,48642,1,0.50,0.00,48642
2026-05-09 16:05:09,1,1,1,321.7,0,-3.7,-21,321,1,0.50,0.00,48642,1,0.50,0.00,48642
2026-05-09 16:05:09,1,1,1,311.6,0,-3.5,-19,311,1,0.50,0.00,48642,1,0.50,0.00,48642
2026-05-09 16:05:10,1,1,1,311.6,0,-3.5,-19,311,1,0.50,0.00,48642,1,0.50,0.00,48642
2026-05-09 16:05:10,1,1,1,306.5,0,-3.2,-17,306,1,0.50,0.00,48642,1,0.50,0.00,48642
2026-05-09 16:05:10,1,1,1,304.3,0,-2.4,-13,304,1,0.50,0.01,36596,1,0.50,0.01,36596
2026-05-09 16:05:10,1,1,1,304.3,0,-2.4,-13,304,1,0.50,0.01,36596,1,0.50,0.01,36596
2026-05-09 16:05:10,1,1,1,299.6,0,-3.6,-19,299,1,0.50,0.01,57753,1,0.50,0.01,57753
2026-05-09 16:05:10,1,1,1,299.6,0,-3.6,-19,299,1,0.50,0.01,57753,1,0.50,0.01,57753
2026-05-09 16:05:10,1,1,1,294.2,0,-2.3,-12,294,1,0.50,0.00,32884,1,0.50,0.00,32884
2026-05-09 16:05:10,1,1,1,294.2,0,-2.3,-12,294,1,0.50,0.00,32884,1,0.50,0.00,32884
2026-05-09 16:05:10,1,1,1,285.0,0,0.4,2,285,1,0.50,0.00,32884,1,0.50,0.00,32884
2026-05-09 16:05:10,1,1,1,285.0,0,0.4,2,285,1,0.50,0.00,32884,1,0.50,0.00,32884
2026-05-09 16:05:10,1,1,1,277.7,0,3.9,19,277,1,0.50,0.00,32884,1,0.50,0.00,32884
2026-05-09 16:05:10,1,1,1,276.5,0,7.7,37,274,1,0.50,0.00,32884,1,0.50,0.00,32884
2026-05-09 16:05:10,1,1,1,276.5,0,7.7,37,274,1,0.50,0.00,32884,1,0.50,0.00,32884
2026-05-09 16:05:10,1,1,1,274.2,0,10.1,48,270,1,0.50,0.00,32884,1,0.50,0.00,32884
2026-05-09 16:05:10,1,1,1,274.2,0,10.1,48,270,1,0.50,0.00,32884,1,0.50,0.00,32884
2026-05-09 16:05:10,1,1,1,275.0,0,12.0,57,269,1,0.50,0.00,32884,1,0.50,0.00,32884
2026-05-09 16:05:10,1,1,1,275.0,0,12.0,57,269,1,0.50,0.00,32884,1,0.50,0.00,32884
2026-05-09 16:05:10,1,1,1,277.2,0,14.0,67,269,1,0.50,0.00,32884,1,0.50,0.00,32884
2026-05-09 16:05:10,1,1,1,277.2,0,14.0,67,269,1,0.50,0.00,32884,1,0.50,0.00,32884
2026-05-09 16:05:10,1,1,1,288.7,0,12.4,62,282,1,0.50,0.00,32884,1,0.50,0.00,32884
2026-05-09 16:05:11,1,1,1,293.3,0,9.8,50,289,1,0.50,0.00,63514,1,0.50,0.00,63514
2026-05-09 16:05:11,1,1,1,293.3,0,9.8,50,289,1,0.50,0.00,63514,1,0.50,0.00,63514
2026-05-09 16:05:11,1,1,1,299.3,0,7.1,37,297,1,0.50,0.00,13705,1,0.50,0.00,13705
2026-05-09 16:05:11,1,1,1,299.3,0,7.1,37,297,1,0.50,0.00,13705,1,0.50,0.00,13705
2026-05-09 16:05:11,1,1,1,301.7,0,4.0,21,301,1,0.50,0.00,59818,1,0.50,0.00,59818
2026-05-09 16:05:11,1,1,1,301.7,0,4.0,21,301,1,0.50,0.00,59818,1,0.50,0.00,59818
2026-05-09 16:05:11,1,1,1,292.8,0,4.3,22,292,1,0.50,0.00,59818,1,0.50,0.00,59818
2026-05-09 16:05:11,1,1,1,288.3,0,5.4,27,287,1,0.50,0.00,59818,1,0.50,0.00,59818
2026-05-09 16:05:11,1,1,1,288.3,0,5.4,27,287,1,0.50,0.00,59818,1,0.50,0.00,59818
2026-05-09 16:05:11,1,1,1,284.6,0,6.1,30,283,1,0.50,0.00,59818,1,0.50,0.00,59818
2026-05-09 16:05:11,1,1,1,284.6,0,6.1,30,283,1,0.50,0.00,59818,1,0.50,0.00,59818
2026-05-09 16:05:11,1,1,1,282.8,0,8.1,40,280,1,0.50,0.00,59818,1,0.50,0.00,59818
2026-05-09 16:05:11,1,1,1,282.8,0,8.1,40,280,1,0.50,0.00,59818,1,0.50,0.00,59818
2026-05-09 16:05:11,1,1,1,275.8,0,14.5,69,267,1,0.50,0.00,59818,1,0.50,0.00,59818
2026-05-09 16:05:11,1,1,1,275.8,0,14.5,69,267,1,0.50,0.00,59818,1,0.50,0.00,59818
2026-05-09 16:05:11,1,1,1,309.1,0,16.7,89,296,1,0.50,0.00,59818,1,0.50,0.00,59818
2026-05-09 16:05:11,1,1,1,293.6,0,16.8,85,281,1,0.50,0.00,59818,1,0.50,0.00,59818
2026-05-09 16:05:11,1,1,1,293.6,0,16.8,85,281,1,0.50,0.00,59818,1,0.50,0.00,59818
2026-05-09 16:05:11,1,1,1,298.6,0,15.3,79,288,1,0.50,0.00,59818,1,0.50,0.00,59818
2026-05-09 16:05:11,1,1,1,298.6,0,15.3,79,288,1,0.00,0.00,0,0,0.00,0.00,0
2026-05-09 16:05:12,1,1,1,302.5,0,13.6,71,294,1,0.00,0.00,0,0,0.00,0.00,0
2026-05-09 16:05:12,1,1,1,302.5,0,13.6,71,294,1,0.00,0.00,0,0,0.00,0.00,0
2026-05-09 16:05:12,1,1,1,305.8,0,12.1,64,299,1,0.00,0.00,0,0,0.00,0.00,0
2026-05-09 16:05:12,1,1,1,288.4,0,13.0,65,281,1,0.00,0.00,0,0,0.00,0.00,0
2026-05-09 16:05:12,1,1,1,288.4,0,13.0,65,281,0,0.00,0.00,0,0,0.00,0.00,0
2026-05-09 16:05:12,1,1,1,281.3,0,14.0,68,273,0,0.00,0.00,0,0,0.00,0.00,0
2026-05-09 16:05:12,1,1,1,281.3,0,14.0,68,273,0,0.00,0.00,0,0,0.00,0.00,0
2026-05-09 16:05:12,1,1,1,277.2,0,14.8,71,268,0,0.00,0.00,0,0,0.00,0.00,0
2026-05-09 16:05:12,1,1,1,277.2,0,14.8,71,268,0,0.00,0.00,0,0,0.00,0.00,0
2026-05-09 16:05:12,1,1,1,275.1,0,14.7,70,266,0,0.00,0.00,0,0,0.00,0.00,0
2026-05-09 16:05:12,1,1,1,275.1,0,14.7,70,266,0,0.00,0.00,0,0,0.00,0.00,0
2026-05-09 16:05:12,1,1,1,271.9,0,13.0,61,265,0,0.00,0.00,0,0,0.00,0.00,0
2026-05-09 16:05:12,1,1,1,267.8,0,12.9,60,261,0,0.00,0.00,0,0,0.00,0.00,0
2026-05-09 16:05:12,1,1,1,267.8,0,12.9,60,261,0,0.00,0.00,0,0,0.00,0.00,0
2026-05-09 16:05:12,1,1,1,264.4,0,13.6,62,257,0,0.00,0.00,0,0,0.00,0.00,0
2026-05-09 16:05:12,1,1,1,264.4,0,13.6,62,257,0,0.00,0.00,0,0,0.00,0.00,0
2026-05-09 16:05:12,1,1,1,262.4,0,13.7,62,255,0,0.00,0.00,0,0,0.00,0.00,0
2026-05-09 16:05:12,1,1,1,262.4,0,13.7,62,255,0,0.00,0.00,0,0,0.00,0.00,0
2026-05-09 16:05:12,1,1,1,261.0,0,13.3,60,254,0,0.00,0.00,0,0,0.00,0.00,0
2026-05-09 16:05:12,1,1,1,260.1,0,12.4,56,254,0,0.00,0.00,0,0,0.00,0.00,0
2026-05-09 16:05:13,1,1,1,260.1,0,12.4,56,254,0,0.00,0.00,0,0,0.00,0.00,0
2026-05-09 16:05:13,1,1,1,256.5,0,11.9,53,251,0,0.00,0.00,0,0,0.00,0.00,0
2026-05-09 16:05:13,1,1,1,256.5,0,11.9,53,251,0,0.00,0.00,0,0,0.00,0.00,0
2026-05-09 16:05:13,1,1,1,262.7,0,9.6,44,259,0,0.00,0.00,0,0,0.00,0.00,0
2026-05-09 16:05:13,1,1,1,262.7,0,9.6,44,259,0,0.00,0.00,0,0,0.00,0.00,0
2026-05-09 16:05:13,1,1,1,267.6,0,7.9,37,265,0,0.00,0.00,0,0,0.00,0.00,0
2026-05-09 16:05:13,1,1,1,267.6,0,7.9,37,265,0,0.00,0.00,0,0,0.00,0.00,0
2026-05-09 16:05:13,1,1,1,268.0,0,7.1,33,266,0,0.00,0.00,0,0,0.00,0.00,0
2026-05-09 16:05:13,1,1,1,268.7,0,6.4,30,267,0,0.00,0.00,0,0,0.00,0.00,0
2026-05-09 16:05:13,1,1,1,268.7,0,6.4,30,267,0,0.00,0.00,0,0,0.00,0.00,0
2026-05-09 16:05:13,1,1,1,268.5,0,6.0,28,267,0,0.00,0.00,0,0,0.00,0.00,0
2026-05-09 16:05:13,1,1,1,268.5,0,6.0,28,267,0,0.00,0.00,0,0,0.00,0.00,0
2026-05-09 16:05:13,1,1,1,263.2,0,5.5,25,262,0,0.00,0.00,0,0,0.00,0.00,0
2026-05-09 16:05:13,1,1,1,263.2,0,5.5,25,262,0,0.00,0.00,0,0,0.00,0.00,0
2026-05-09 16:05:13,1,1,1,259.1,0,5.3,24,258,0,0.00,0.00,0,0,0.00,0.00,0
2026-05-09 16:05:13,1,1,1,258.0,0,5.1,23,257,0,0.00,0.00,0,0,0.00,0.00,0
2026-05-09 16:05:13,1,1,1,258.0,0,5.1,23,257,0,0.00,0.00,0,0,0.00,0.00,0
2026-05-09 16:05:13,1,1,1,256.9,0,4.9,22,256,0,0.00,0.00,0,0,0.00,0.00,0
2026-05-09 16:05:13,1,1,1,256.9,0,4.9,22,256,0,0.00,0.00,0,0,0.00,0.00,0
2026-05-09 16:05:13,1,1,1,256.8,0,4.5,20,256,0,0.00,0.00,0,0,0.00,0.00,0
2026-05-09 16:05:14,1,1,1,256.8,0,4.5,20,256,0,0.00,0.00,0,0,0.00,0.00,0
2026-05-09 16:05:14,1,1,1,259.8,0,4.4,20,259,0,0.00,0.00,0,0,0.00,0.00,0
2026-05-09 16:05:14,1,1,1,259.8,0,4.4,20,259,0,0.00,0.00,0,0,0.00,0.00,0
2026-05-09 16:05:14,1,1,1,258.4,0,6.0,27,257,0,0.00,0.00,0,0,0.00,0.00,0
2026-05-09 16:05:14,1,1,1,263.5,-8,7.9,36,261,0,0.00,0.00,0,0,0.00,0.00,0
2026-05-09 16:05:14,1,1,1,263.5,-8,7.9,36,261,0,0.00,0.00,0,0,0.00,0.00,0
2026-05-09 16:05:14,1,1,1,268.8,0,8.3,39,266,0,0.00,0.00,0,0,0.00,0.00,0
2026-05-09 16:05:14,1,1,1,268.8,0,8.3,39,266,0,0.00,0.00,0,0,0.00,0.00,0
2026-05-09 16:05:14,1,1,1,276.6,0,7.9,38,274,0,0.00,0.00,0,0,0.00,0.00,0
2026-05-09 16:05:14,1,1,1,276.6,0,7.9,38,274,0,0.00,0.00,0,0,0.00,0.00,0
2026-05-09 16:05:14,1,1,1,284.2,0,7.1,35,282,0,0.00,0.00,0,0,0.00,0.00,0
2026-05-09 16:05:14,1,1,1,291.7,0,6.1,31,290,0,0.00,0.00,0,0,0.00,0.00,0
2026-05-09 16:05:14,1,1,1,291.7,0,6.1,31,290,0,0.00,0.00,0,0,0.00,0.00,0
2026-05-09 16:05:14,1,1,1,296.3,0,5.4,28,295,0,0.00,0.00,0,0,0.00,0.00,0
2026-05-09 16:05:14,1,1,1,296.3,0,5.4,28,295,0,0.00,0.00,0,1,3.63,-0.66,221
2026-05-09 16:05:14,1,1,1,300.0,0,4.8,25,299,0,0.00,0.00,0,1,3.63,-0.66,221
2026-05-09 16:05:14,1,1,1,300.0,0,4.8,25,299,0,0.00,0.00,0,1,3.56,-0.66,221
2026-05-09 16:05:14,1,1,1,298.9,0,4.4,23,298,0,0.00,0.00,0,1,3.56,-0.66,221
2026-05-09 16:05:14,1,1,1,298.9,0,4.4,23,298,0,0.00,0.00,0,1,3.56,-0.66,221
2026-05-09 16:05:14,1,1,1,294.8,0,4.3,22,294,0,0.00,0.00,0,1,3.56,-0.66,221
2026-05-09 16:05:15,1,1,1,288.8,0,4.4,22,288,0,0.00,0.00,0,1,3.56,-0.66,221
2026-05-09 16:05:15,1,1,1,288.8,0,4.4,22,288,0,0.00,0.00,0,1,3.56,-0.66,221
2026-05-09 16:05:15,1,1,1,283.9,0,4.4,22,283,0,0.00,0.00,0,1,3.56,-0.66,221
2026-05-09 16:05:15,1,1,1,283.9,0,4.4,22,283,0,0.00,0.00,0,1,3.56,-0.66,221
2026-05-09 16:05:15,1,1,1,279.0,0,4.9,24,278,0,0.00,0.00,0,1,3.56,-0.66,221
2026-05-09 16:05:15,1,1,1,279.0,0,4.9,24,278,0,0.00,0.00,0,1,3.56,-0.66,221
2026-05-09 16:05:15,1,1,1,276.1,0,5.2,25,275,0,0.00,0.00,0,1,3.56,-0.66,221
2026-05-09 16:05:15,1,1,1,276.1,0,5.2,25,275,0,0.00,0.00,0,1,3.56,-0.66,221
2026-05-09 16:05:15,1,1,1,276.0,0,5.0,24,275,0,0.00,0.00,0,1,3.56,-0.66,221
2026-05-09 16:05:15,1,1,1,279.6,0,3.7,18,279,0,0.00,0.00,0,0,0.00,0.00,0
2026-05-09 16:05:15,1,1,1,279.6,0,3.7,18,279,0,0.00,0.00,0,0,0.00,0.00,0
2026-05-09 16:05:15,1,1,1,292.2,0,2.4,12,292,0,0.00,0.00,0,0,0.00,0.00,0
2026-05-09 16:05:15,1,1,1,292.2,0,2.4,12,292,0,0.00,0.00,0,1,0.50,0.00,10129
2026-05-09 16:05:15,1,1,1,290.2,0,2.2,11,290,0,0.00,0.00,0,1,0.50,0.00,10129
2026-05-09 16:05:15,1,1,1,290.2,0,2.2,11,290,1,0.50,0.00,38130,1,0.50,0.00,38130
2026-05-09 16:05:15,1,1,1,287.2,0,2.2,11,287,1,0.50,0.00,38130,1,0.50,0.00,38130
2026-05-09 16:05:15,1,1,1,286.3,0,2.4,12,286,1,0.50,0.00,36897,1,0.50,0.00,36897
2026-05-09 16:05:15,1,1,1,286.3,0,2.4,12,286,1,0.50,0.00,36897,1,0.50,0.00,36897
2026-05-09 16:05:15,1,1,1,286.3,0,2.6,13,286,1,0.50,0.00,36897,1,0.50,0.00,36897
2026-05-09 16:05:15,1,1,1,286.3,0,2.6,13,286,1,0.50,0.00,36897,1,0.50,0.00,36897
2026-05-09 16:05:16,1,1,1,286.3,0,2.6,13,286,1,0.50,0.00,36897,1,0.50,0.00,36897
2026-05-09 16:05:16,1,1,1,286.3,0,2.6,13,286,1,0.50,0.00,36897,1,0.50,0.00,36897
2026-05-09 16:05:16,1,1,1,287.2,0,2.2,11,287,1,0.50,0.00,36897,1,0.50,0.00,36897
2026-05-09 16:05:16,1,1,1,287.2,0,2.2,11,287,1,0.50,0.00,36897,1,0.50,0.00,36897
2026-05-09 16:05:16,1,1,1,287.2,0,2.2,11,287,1,0.50,0.00,36897,1,0.50,0.00,36897
2026-05-09 16:05:16,1,1,1,289.2,0,2.0,10,289,1,0.50,0.00,36897,1,0.50,0.00,36897
2026-05-09 16:05:16,1,1,1,289.2,0,2.0,10,289,1,0.50,0.00,36897,1,0.50,0.00,36897
2026-05-09 16:05:16,1,1,1,293.1,0,1.6,8,293,1,0.50,0.00,36897,1,0.50,0.00,36897
2026-05-09 16:05:16,1,1,1,293.1,0,1.6,8,293,1,0.50,0.00,36897,1,0.50,0.00,36897
2026-05-09 16:05:16,1,1,1,297.1,0,1.4,7,297,1,0.50,0.00,36897,1,0.50,0.00,36897
2026-05-09 16:05:16,1,1,1,297.1,0,1.4,7,297,1,0.50,0.00,36897,1,0.50,0.00,36897
2026-05-09 16:05:16,1,1,1,301.0,0,1.0,5,301,1,0.00,0.00,0,0,0.00,0.00,0
2026-05-09 16:05:16,1,1,1,302.1,0,1.3,7,302,1,0.00,0.00,0,0,0.00,0.00,0
2026-05-09 16:05:16,1,1,1,302.1,0,1.3,7,302,1,0.00,0.00,0,0,0.00,0.00,0
2026-05-09 16:05:16,1,1,1,297.4,0,2.9,15,297,1,0.00,0.00,0,0,0.00,0.00,0
2026-05-09 16:05:16,1,1,1,297.4,0,2.9,15,297,1,0.00,0.00,0,0,0.00,0.00,0
2026-05-09 16:05:16,1,1,1,299.7,0,4.0,21,299,0,0.00,0.00,0,0,0.00,0.00,0
2026-05-09 16:05:16,1,1,1,299.7,0,4.0,21,299,0,0.00,0.00,0,0,0.00,0.00,0
2026-05-09 16:05:16,1,1,1,302.1,0,4.9,26,301,0,0.00,0.00,0,0,0.00,0.00,0
2026-05-09 16:05:16,1,1,1,302.1,0,4.9,26,301,0,0.00,0.00,0,0,0.00,0.00,0
2026-05-09 16:05:17,1,1,1,301.6,0,5.9,31,300,0,0.00,0.00,0,0,0.00,0.00,0
2026-05-09 16:05:17,1,1,1,300.4,0,3.1,16,300,0,0.00,0.00,0,0,0.00,0.00,0
2026-05-09 16:05:17,1,1,1,300.4,0,3.1,16,300,0,0.00,0.00,0,0,0.00,0.00,0
2026-05-09 16:05:17,1,1,1,307.0,0,0.7,4,307,0,0.00,0.00,0,0,0.00,0.00,0
2026-05-09 16:05:17,1,1,1,307.0,0,0.7,4,307,0,0.00,0.00,0,1,0.50,0.00,54637
2026-05-09 16:05:17,1,1,1,309.0,0,0.0,0,309,0,0.00,0.00,0,1,0.50,0.00,54637
2026-05-09 16:05:17,1,1,1,309.0,0,0.0,0,309,1,0.50,0.00,56528,1,0.50,0.00,56528
2026-05-09 16:05:17,1,1,1,307.0,0,-0.2,-1,307,1,0.50,0.00,56528,1,0.50,0.00,56528
2026-05-09 16:05:17,1,1,1,305.0,0,0.4,2,305,1,0.50,0.00,24736,1,0.50,0.00,24736
2026-05-09 16:05:17,1,1,1,305.0,0,0.4,2,305,1,0.50,0.00,24736,1,0.50,0.00,24736
2026-05-09 16:05:17,1,1,1,303.1,0,1.1,6,303,1,0.50,0.00,42397,1,0.50,0.00,42397
2026-05-09 16:05:17,1,1,1,303.1,0,1.1,6,303,1,0.50,0.00,42397,1,0.50,0.00,42397
2026-05-09 16:05:17,1,1,1,300.1,0,1.5,8,300,1,0.50,0.00,42397,1,0.50,0.00,42397
2026-05-09 16:05:17,1,1,1,300.1,0,1.5,8,300,1,0.50,0.00,42397,1,0.50,0.00,42397
2026-05-09 16:05:17,1,1,1,296.1,0,1.5,8,296,1,0.50,0.00,42397,1,0.50,0.00,42397
2026-05-09 16:05:17,1,1,1,296.1,0,1.5,8,296,1,0.50,0.00,42397,1,0.50,0.00,42397
2026-05-09 16:05:17,1,1,1,295.0,0,1.0,5,295,1,0.50,0.00,42397,1,0.50,0.00,42397
2026-05-09 16:05:17,1,1,1,303.0,0,-0.4,-2,303,1,0.50,0.00,42397,1,0.50,0.00,42397
2026-05-09 16:05:17,1,1,1,303.0,0,-0.4,-2,303,1,0.50,0.00,42397,1,0.50,0.00,42397
2026-05-09 16:05:17,1,1,1,315.5,0,-3.3,-18,315,1,0.50,0.00,42397,1,0.50,0.00,42397
2026-05-09 16:05:18,1,1,1,315.5,0,-3.3,-18,315,1,0.50,0.00,42397,1,0.50,0.00,42397
2026-05-09 16:05:18,1,1,1,311.4,0,-2.8,-15,311,1,0.50,0.00,42397,1,0.50,0.00,42397
2026-05-09 16:05:18,1,1,1,311.4,0,-2.8,-15,311,1,0.50,0.00,42397,1,0.50,0.00,42397
2026-05-09 16:05:18,1,1,1,310.0,0,-0.7,-4,310,1,0.50,0.00,42397,1,0.50,0.00,42397
2026-05-09 16:05:18,1,1,1,316.0,0,0.7,4,316,1,0.50,0.00,42397,1,0.50,0.00,42397
2026-05-09 16:05:18,1,1,1,316.0,0,0.7,4,316,1,0.00,0.00,0,0,0.00,0.00,0
2026-05-09 16:05:18,1,1,1,314.2,0,2.0,11,314,1,0.50,0.00,20218,1,0.50,0.00,20218
2026-05-09 16:05:18,1,1,1,314.2,0,2.0,11,314,1,0.50,0.00,20218,1,0.50,0.00,20218
2026-05-09 16:05:18,1,1,1,306.5,0,3.2,17,306,1,0.50,0.00,11066,1,0.50,0.00,11066
2026-05-09 16:05:18,1,1,1,306.5,0,3.2,17,306,1,0.50,0.00,11066,1,0.50,0.00,11066
2026-05-09 16:05:18,1,1,1,302.7,0,4.0,21,302,1,0.50,0.00,7450,1,0.50,0.00,7450
2026-05-09 16:05:18,1,1,1,302.7,0,4.0,21,302,1,0.50,0.00,7450,1,0.50,0.00,7450
2026-05-09 16:05:18,1,1,1,304.2,0,5.1,27,303,1,0.50,0.00,41706,1,0.50,0.00,41706
2026-05-09 16:05:18,1,1,1,306.7,0,6.0,32,305,1,0.50,0.00,41706,1,0.50,0.00,41706
2026-05-09 16:05:18,1,1,1,306.7,0,6.0,32,305,1,0.55,0.01,7306,1,0.55,0.01,7306
2026-05-09 16:05:18,1,1,1,309.3,0,7.1,38,307,1,0.55,0.01,7306,1,0.55,0.01,7306
2026-05-09 16:05:18,1,1,1,309.3,0,7.1,38,307,1,0.55,0.01,7306,1,0.55,0.01,7306
2026-05-09 16:05:18,1,1,1,311.8,0,7.7,42,309,1,0.55,0.01,7306,1,0.55,0.01,7306
2026-05-09 16:05:18,1,1,1,311.8,0,7.7,42,309,1,0.55,0.01,7306,1,0.55,0.01,7306
2026-05-09 16:05:18,1,1,1,309.7,0,7.6,41,307,1,0.55,0.01,7306,1,0.55,0.01,7306
2026-05-09 16:05:19,1,1,1,305.0,0,6.6,35,303,1,0.55,0.01,7306,1,0.55,0.01,7306
2026-05-09 16:05:19,1,1,1,305.0,0,6.6,35,303,1,0.55,0.01,7306,1,0.55,0.01,7306
2026-05-09 16:05:19,1,1,1,299.4,0,5.6,29,298,1,0.55,0.01,7306,1,0.55,0.01,7306
2026-05-09 16:05:19,1,1,1,299.4,0,5.6,29,298,1,0.55,0.01,7306,1,0.55,0.01,7306
2026-05-09 16:05:19,1,1,1,296.1,0,5.0,26,295,1,0.55,0.01,7306,1,0.55,0.01,7306
2026-05-09 16:05:19,1,1,1,296.1,0,5.0,26,295,1,0.55,0.01,7306,1,0.55,0.01,7306
2026-05-09 16:05:19,1,1,1,289.8,0,4.2,21,289,1,0.55,0.01,7306,1,0.55,0.01,7306
2026-05-09 16:05:19,1,1,1,289.8,0,4.2,21,289,1,0.55,0.01,7306,1,0.55,0.01,7306
2026-05-09 16:05:19,1,1,1,289.9,0,4.6,23,289,1,0.55,0.01,7306,1,0.55,0.01,7306
2026-05-09 16:05:19,1,1,1,296.9,0,4.4,23,296,1,0.00,0.00,0,0,0.00,0.00,0
2026-05-09 16:05:19,1,1,1,296.9,0,4.4,23,296,1,0.00,0.00,0,0,0.00,0.00,0
2026-05-09 16:05:19,1,1,1,301.0,0,4.8,25,300,1,0.00,0.00,0,0,0.00,0.00,0
2026-05-09 16:05:19,1,1,1,301.0,0,4.8,25,300,1,0.00,0.00,0,0,0.00,0.00,0
2026-05-09 16:05:19,1,1,1,302.2,0,5.1,27,301,1,0.00,0.00,0,0,0.00,0.00,0
2026-05-09 16:05:19,1,1,1,302.2,0,5.1,27,301,0,0.00,0.00,0,0,0.00,0.00,0
2026-05-09 16:05:19,1,1,1,295.3,0,5.4,28,294,0,0.00,0.00,0,0,0.00,0.00,0
2026-05-09 16:05:19,1,1,1,295.3,0,5.4,28,294,0,0.00,0.00,0,1,0.50,0.00,31349
2026-05-09 16:05:19,1,1,1,303.1,0,4.9,26,302,0,0.00,0.00,0,1,0.50,0.00,31349
2026-05-09 16:05:19,1,1,1,311.8,0,4.0,22,311,1,0.50,0.00,57669,1,0.50,0.00,57669
2026-05-09 16:05:19,1,1,1,311.8,0,4.0,22,311,1,0.50,0.00,57669,1,0.50,0.00,57669
2026-05-09 16:05:20,1,1,1,313.5,0,3.1,17,313,1,0.50,0.00,46561,1,0.50,0.00,46561
2026-05-09 16:05:20,1,1,1,313.5,0,3.1,17,313,1,0.50,0.00,46561,1,0.50,0.00,46561
2026-05-09 16:05:20,1,1,1,309.3,0,2.4,13,309,1,0.50,0.00,46561,1,0.50,0.00,46561
2026-05-09 16:05:20,1,1,1,309.3,0,2.4,13,309,1,0.50,0.00,46561,1,0.50,0.00,46561
2026-05-09 16:05:20,1,1,1,304.2,0,2.1,11,304,1,0.50,0.00,35677,1,0.50,0.00,35677
2026-05-09 16:05:20,1,1,1,300.2,0,2.1,11,300,1,0.50,0.00,35677,1,0.50,0.00,35677
2026-05-09 16:05:20,1,1,1,300.2,0,2.1,11,300,1,0.50,0.00,5209,1,0.50,0.00,5209
2026-05-09 16:05:20,1,1,1,297.2,0,2.1,11,297,1,0.50,0.00,5209,1,0.50,0.00,5209
2026-05-09 16:05:20,1,1,1,297.2,0,2.1,11,297,1,0.50,0.00,5209,1,0.50,0.00,5209
2026-05-09 16:05:20,1,1,1,293.2,0,2.0,10,293,1,0.50,0.00,5209,1,0.50,0.00,5209
2026-05-09 16:05:20,1,1,1,293.2,0,2.0,10,293,1,0.50,0.00,5209,1,0.50,0.00,5209
2026-05-09 16:05:20,1,1,1,297.1,0,1.2,6,297,1,0.50,0.00,5209,1,0.50,0.00,5209
2026-05-09 16:05:20,1,1,1,297.1,0,1.2,6,297,1,0.50,0.00,5209,1,0.50,0.00,5209
2026-05-09 16:05:20,1,1,1,294.0,0,0.4,2,294,1,0.50,0.00,5209,1,0.50,0.00,5209
2026-05-09 16:05:20,1,1,1,288.0,0,0.0,0,288,1,0.50,0.00,5209,1,0.50,0.00,5209
2026-05-09 16:05:20,1,1,1,288.0,0,0.0,0,288,1,0.50,0.00,5209,1,0.50,0.00,5209
2026-05-09 16:05:20,1,1,1,286.1,0,-1.4,-7,286,1,0.50,0.00,28770,1,0.50,0.00,28770
2026-05-09 16:05:20,1,1,1,286.1,0,-1.4,-7,286,1,0.50,0.00,28770,1,0.50,0.00,28770
2026-05-09 16:05:20,1,1,1,274.0,0,0.4,2,274,1,0.50,0.00,28770,1,0.50,0.00,28770
2026-05-09 16:05:20,1,1,1,274.0,0,0.4,2,274,1,0.50,0.00,28770,1,0.50,0.00,28770
2026-05-09 16:05:21,1,1,1,274.5,0,3.6,17,274,1,0.50,0.00,28770,1,0.50,0.00,28770
2026-05-09 16:05:21,1,1,1,277.2,0,5.4,26,276,1,0.50,0.00,28770,1,0.50,0.00,28770
2026-05-09 16:05:21,1,1,1,277.2,0,5.4,26,276,1,0.50,0.00,28770,1,0.50,0.00,28770
2026-05-09 16:05:21,1,1,1,277.5,0,6.0,29,276,1,0.50,0.00,28770,1,0.50,0.00,28770
2026-05-09 16:05:21,1,1,1,277.5,0,6.0,29,276,1,0.50,0.00,28770,1,0.50,0.00,28770
2026-05-09 16:05:21,1,1,1,277.3,0,5.6,27,276,1,0.50,0.00,28770,1,0.50,0.00,28770
2026-05-09 16:05:21,1,1,1,277.3,0,5.6,27,276,1,0.50,0.00,28770,1,0.50,0.00,28770
2026-05-09 16:05:21,1,1,1,271.3,0,7.4,35,269,1,0.50,0.00,28770,1,0.50,0.00,28770
2026-05-09 16:05:21,1,1,1,271.3,0,7.4,35,269,1,0.50,0.00,28770,1,0.50,0.00,28770
2026-05-09 16:05:21,1,1,1,268.0,0,8.6,40,265,1,0.50,0.00,28770,1,0.50,0.00,28770
2026-05-09 16:05:21,1,1,1,264.4,0,9.1,42,261,1,0.50,0.00,28770,1,0.50,0.00,28770
2026-05-09 16:05:21,1,1,1,264.4,0,9.1,42,261,1,0.00,0.00,0,0,0.00,0.00,0
2026-05-09 16:05:21,1,1,1,263.7,0,9.6,44,260,1,0.00,0.00,0,0,0.00,0.00,0
2026-05-09 16:05:21,1,1,1,263.7,0,9.6,44,260,1,0.00,0.00,0,0,0.00,0.00,0
2026-05-09 16:05:21,1,1,1,265.6,0,10.6,49,261,1,0.00,0.00,0,0,0.00,0.00,0
2026-05-09 16:05:21,1,1,1,265.6,0,10.6,49,261,1,0.00,0.00,0,0,0.00,0.00,0
2026-05-09 16:05:21,1,1,1,273.8,0,10.7,51,269,0,0.00,0.00,0,0,0.00,0.00,0
2026-05-09 16:05:21,1,1,1,272.2,0,12.3,58,266,0,0.00,0.00,0,0,0.00,0.00,0
2026-05-09 16:05:21,1,1,1,272.2,0,12.3,58,266,0,0.00,0.00,0,0,0.00,0.00,0
2026-05-09 16:05:21,1,1,1,271.9,0,13.0,61,265,0,0.00,0.00,0,0,0.00,0.00,0
2026-05-09 16:05:22,1,1,1,271.9,0,13.0,61,265,0,0.00,0.00,0,0,0.00,0.00,0
2026-05-09 16:05:22,1,1,1,282.3,0,13.1,64,275,0,0.00,0.00,0,0,0.00,0.00,0
2026-05-09 16:05:22,1,1,1,282.3,0,13.1,64,275,0,0.00,0.00,0,0,0.00,0.00,0
2026-05-09 16:05:22,1,1,1,303.9,0,13.1,69,296,0,0.00,0.00,0,0,0.00,0.00,0
2026-05-09 16:05:22,1,1,1,303.9,0,13.1,69,296,0,0.00,0.00,0,0,0.00,0.00,0
2026-05-09 16:05:22,1,1,1,309.2,0,14.0,75,300,0,0.00,0.00,0,0,0.00,0.00,0
2026-05-09 16:05:22,1,1,1,309.0,0,19.7,104,291,0,0.00,0.00,0,0,0.00,0.00,0
2026-05-09 16:05:22,1,1,1,309.0,0,19.7,104,291,0,0.00,0.00,0,0,0.00,0.00,0
2026-05-09 16:05:22,1,1,1,326.0,0,26.0,143,293,0,0.00,0.00,0,0,0.00,0.00,0
2026-05-09 16:05:22,1,1,1,326.0,0,26.0,143,293,0,0.00,0.00,0,0,0.00,0.00,0
2026-05-09 16:05:22,1,1,1,370.4,0,32.3,198,313,0,0.00,0.00,0,0,0.00,0.00,0
2026-05-09 16:05:22,1,1,1,370.4,0,32.3,198,313,0,0.00,0.00,0,0,0.00,0.00,0
2026-05-09 16:05:22,1,1,1,411.7,0,39.0,259,320,0,0.00,0.00,0,0,0.00,0.00,0
2026-05-09 16:05:22,1,1,1,452.5,0,45.0,320,320,0,0.00,0.00,0,0,0.00,0.00,0
2026-05-09 16:05:22,1,1,1,452.5,0,45.0,320,320,0,0.00,0.00,0,0,0.00,0.00,0
2026-05-09 16:05:22,1,1,1,495.3,0,49.8,378,320,0,0.00,0.00,0,0,0.00,0.00,0
2026-05-09 16:05:22,1,1,1,495.3,0,49.8,378,320,0,0.00,0.00,0,0,0.00,0.00,0
2026-05-09 16:05:22,1,1,1,509.7,0,52.3,403,312,0,0.00,0.00,0,0,0.00,0.00,0
2026-05-09 16:05:22,1,1,1,509.7,0,52.3,403,312,0,0.00,0.00,0,0,0.00,0.00,0
2026-05-09 16:05:22,1,1,1,462.1,0,51.0,359,291,0,0.00,0.00,0,0,0.00,0.00,0
2026-05-09 16:05:23,1,1,1,462.1,0,51.0,359,291,0,0.00,0.00,0,0,0.00,0.00,0
2026-05-09 16:05:23,1,1,1,419.3,0,48.3,313,279,0,0.00,0.00,0,0,0.00,0.00,0
2026-05-09 16:05:23,1,1,1,383.3,0,46.1,276,266,0,0.00,0.00,0,0,0.00,0.00,0
2026-05-09 16:05:23,1,1,1,383.3,0,46.1,276,266,0,0.00,0.00,0,0,0.00,0.00,0
2026-05-09 16:05:23,1,1,1,343.9,0,39.3,218,266,0,0.00,0.00,0,0,0.00,0.00,0
2026-05-09 16:05:23,1,1,1,343.9,0,39.3,218,266,0,0.00,0.00,0,0,0.00,0.00,0
2026-05-09 16:05:23,1,1,1,312.0,0,33.9,174,259,0,0.00,0.00,0,0,0.00,0.00,0
2026-05-09 16:05:23,1,1,1,312.0,0,33.9,174,259,0,0.00,0.00,0,0,0.00,0.00,0
2026-05-09 16:05:23,1,1,1,286.0,0,19.8,97,269,0,0.00,0.00,0,1,0.50,0.00,28321
2026-05-09 16:05:23,1,1,1,286.0,0,19.8,97,269,0,0.00,0.00,0,1,0.50,0.00,28321
2026-05-09 16:05:23,1,1,1,279.5,0,9.1,44,276,1,0.50,0.00,25698,1,0.50,0.00,25698
2026-05-09 16:05:23,1,1,1,298.2,0,2.3,12,298,1,0.50,0.00,25698,1,0.50,0.00,25698
2026-05-09 16:05:23,1,1,1,298.2,0,2.3,12,298,1,0.50,0.00,25698,1,0.50,0.00,25698
2026-05-09 16:05:23,1,1,1,302.3,0,-2.7,-14,302,1,0.50,0.00,25698,1,0.50,0.00,25698
2026-05-09 16:05:23,1,1,1,302.3,0,-2.7,-14,302,1,0.50,0.00,54417,1,0.50,0.00,54417
2026-05-09 16:05:23,1,1,1,289.2,0,-2.2,-11,289,1,0.50,0.00,54417,1,0.50,0.00,54417
2026-05-09 16:05:23,1,1,1,289.2,0,-2.2,-11,289,1,0.50,0.00,54417,1,0.50,0.00,54417
2026-05-09 16:05:23,1,1,1,271.5,0,3.6,17,271,1,0.50,0.00,54417,1,0.50,0.00,54417
2026-05-09 16:05:23,1,1,1,265.2,0,10.2,47,261,1,0.50,0.00,54417,1,0.50,0.00,54417
2026-05-09 16:05:23,1,1,1,265.2,0,10.2,47,261,1,0.50,0.00,54417,1,0.50,0.00,54417
2026-05-09 16:05:24,1,1,1,264.4,0,15.4,70,255,1,0.50,0.00,54417,1,0.50,0.00,54417
2026-05-09 16:05:24,1,1,1,264.4,0,15.4,70,255,1,0.50,0.00,54417,1,0.50,0.00,54417
2026-05-09 16:05:24,1,1,1,261.8,0,18.7,84,248,1,0.50,0.00,54417,1,0.50,0.00,54417
2026-05-09 16:05:24,1,1,1,261.8,0,18.7,84,248,1,0.50,0.00,54417,1,0.50,0.00,54417
2026-05-09 16:05:24,1,1,1,278.4,0,20.4,97,261,1,0.50,0.00,54417,1,0.50,0.00,54417
2026-05-09 16:05:24,1,1,1,278.4,0,20.4,97,261,1,0.50,0.00,54417,1,0.50,0.00,54417
2026-05-09 16:05:24,1,1,1,305.2,0,17.5,92,291,1,0.50,0.00,54417,1,0.50,0.00,54417
2026-05-09 16:05:24,1,1,1,307.3,0,13.4,71,299,1,0.50,0.00,54417,1,0.50,0.00,54417
2026-05-09 16:05:24,1,1,1,307.3,0,13.4,71,299,1,0.50,0.00,54417,1,0.50,0.00,54417
2026-05-09 16:05:24,1,1,1,301.4,0,11.9,62,295,1,0.00,0.00,0,0,0.00,0.00,0
2026-05-09 16:05:24,1,1,1,301.4,0,11.9,62,295,1,0.00,0.00,0,0,0.00,0.00,0
2026-05-09 16:05:24,1,1,1,301.8,0,11.3,59,296,1,0.00,0.00,0,0,0.00,0.00,0
2026-05-09 16:05:24,1,1,1,301.8,0,11.3,59,296,1,0.00,0.00,0,0,0.00,0.00,0
2026-05-09 16:05:24,1,1,1,308.0,0,8.0,43,305,1,0.00,0.00,0,0,0.00,0.00,0
2026-05-09 16:05:24,1,1,1,320.3,0,5.2,29,319,0,0.00,0.00,0,0,0.00,0.00,0
2026-05-09 16:05:24,1,1,1,320.3,0,5.2,29,319,0,0.00,0.00,0,0,0.00,0.00,0
2026-05-09 16:05:24,1,1,1,321.4,8,2.9,16,321,0,0.00,0.00,0,0,0.00,0.00,0
2026-05-09 16:05:24,1,1,1,321.4,8,2.9,16,321,0,0.00,0.00,0,0,0.00,0.00,0
2026-05-09 16:05:24,1,1,1,342.0,0,0.2,1,342,0,0.00,0.00,0,0,0.00,0.00,0
2026-05-09 16:05:24,1,1,1,342.0,0,0.2,1,342,0,0.00,0.00,0,0,0.00,0.00,0
2026-05-09 16:05:25,1,1,1,377.3,0,-2.3,-15,377,0,0.00,0.00,0,0,0.00,0.00,0
2026-05-09 16:05:25,1,1,1,377.3,0,-2.3,-15,377,0,0.00,0.00,0,0,0.00,0.00,0
2026-05-09 16:05:25,1,1,1,420.6,0,-6.4,-47,418,0,0.00,0.00,0,0,0.00,0.00,0
2026-05-09 16:05:25,1,1,1,469.0,0,-9.2,-75,463,0,0.00,0.00,0,0,0.00,0.00,0
2026-05-09 16:05:25,1,1,1,469.0,0,-9.2,-75,463,0,0.00,0.00,0,0,0.00,0.00,0
2026-05-09 16:05:25,1,1,1,508.0,0,-10.8,-95,499,0,0.00,0.00,0,0,0.00,0.00,0
2026-05-09 16:05:25,1,1,1,508.0,0,-10.8,-95,499,0,0.00,0.00,0,0,0.00,0.00,0
2026-05-09 16:05:25,1,1,1,481.0,0,-9.1,-76,475,0,0.00,0.00,0,0,0.00,0.00,0
2026-05-09 16:05:25,1,1,1,481.0,0,-9.1,-76,475,0,0.00,0.00,0,0,0.00,0.00,0
2026-05-09 16:05:25,1,1,1,450.9,0,-6.5,-51,448,0,0.00,0.00,0,0,0.00,0.00,0
2026-05-09 16:05:25,1,1,1,424.1,0,1.4,10,424,0,0.00,0.00,0,0,0.00,0.00,0
2026-05-09 16:05:25,1,1,1,424.1,0,1.4,10,424,0,0.00,0.00,0,0,0.00,0.00,0
2026-05-09 16:05:25,1,1,1,411.5,0,10.2,73,405,0,0.00,0.00,0,0,0.00,0.00,0
2026-05-09 16:05:25,1,1,1,411.5,0,10.2,73,405,0,0.00,0.00,0,0,0.00,0.00,0
2026-05-09 16:05:25,1,1,1,402.0,0,12.8,89,392,0,0.00,0.00,0,0,0.00,0.00,0
2026-05-09 16:05:25,1,1,1,402.0,0,12.8,89,392,0,0.00,0.00,0,0,0.00,0.00,0
2026-05-09 16:05:25,1,1,1,392.3,0,10.3,70,386,0,0.00,0.00,0,0,0.00,0.00,0
2026-05-09 16:05:25,1,1,1,392.3,0,10.3,70,386,0,0.00,0.00,0,0,0.00,0.00,0
2026-05-09 16:05:25,1,1,1,381.3,0,6.3,42,379,0,0.00,0.00,0,0,0.00,0.00,0
2026-05-09 16:05:25,1,1,1,372.3,0,2.2,14,372,0,0.00,0.00,0,0,0.00,0.00,0
2026-05-09 16:05:26,1,1,1,372.3,0,2.2,14,372,0,0.00,0.00,0,0,0.00,0.00,0
2026-05-09 16:05:26,1,1,1,353.1,0,1.3,8,353,0,0.00,0.00,0,0,0.00,0.00,0
2026-05-09 16:05:26,1,1,1,353.1,0,1.3,8,353,0,0.00,0.00,0,0,0.00,0.00,0
2026-05-09 16:05:26,1,1,1,338.4,0,2.9,17,338,0,0.00,0.00,0,0,0.00,0.00,0
2026-05-09 16:05:26,1,1,1,338.4,0,2.9,17,338,0,0.00,0.00,0,0,0.00,0.00,0
2026-05-09 16:05:26,1,1,1,339.5,0,3.2,19,339,0,0.00,0.00,0,0,0.00,0.00,0
2026-05-09 16:05:26,1,1,1,341.2,0,2.0,12,341,0,0.00,0.00,0,1,0.51,0.00,58970
2026-05-09 16:05:26,1,1,1,341.2,0,2.0,12,341,0,0.00,0.00,0,1,0.51,0.00,58970
2026-05-09 16:05:26,1,1,1,350.0,0,0.0,0,350,0,0.00,0.00,0,1,2.08,-0.27,452
2026-05-09 16:05:26,1,1,1,350.0,0,0.0,0,350,0,0.00,0.00,0,1,2.08,-0.27,452
2026-05-09 16:05:26,1,1,1,369.1,0,-1.1,-7,369,0,0.00,0.00,0,1,1.55,-0.23,42624
2026-05-09 16:05:26,1,1,1,369.1,0,-1.1,-7,369,0,0.00,0.00,0,1,1.55,-0.23,42624
2026-05-09 16:05:26,1,1,1,390.2,0,-1.8,-12,390,1,1.28,-0.20,56989,1,1.28,-0.20,56989
2026-05-09 16:05:26,1,1,1,390.2,0,-1.8,-12,390,1,1.28,-0.20,56989,1,1.28,-0.20,56989
2026-05-09 16:05:26,1,1,1,421.2,0,-1.8,-13,421,1,1.11,-0.18,21457,1,1.11,-0.18,21457
2026-05-09 16:05:26,1,1,1,429.1,0,-1.3,-10,429,1,1.11,-0.18,21457,1,1.11,-0.18,21457
2026-05-09 16:05:26,1,1,1,429.1,0,-1.3,-10,429,1,1.09,-0.18,21457,1,1.09,-0.18,21457
2026-05-09 16:05:26,1,1,1,421.0,0,-0.7,-5,421,1,1.09,-0.18,21457,1,1.09,-0.18,21457
2026-05-09 16:05:26,1,1,1,421.0,0,-0.7,-5,421,1,1.09,-0.18,21457,1,1.09,-0.18,21457
2026-05-09 16:05:26,1,1,1,411.2,0,2.0,14,411,1,1.09,-0.18,21457,1,1.09,-0.18,21457
2026-05-09 16:05:27,1,1,1,411.2,0,2.0,14,411,1,1.09,-0.18,21457,1,1.09,-0.18,21457
2026-05-09 16:05:27,1,1,1,410.4,0,2.7,19,410,1,1.09,-0.18,21457,1,1.09,-0.18,21457
2026-05-09 16:05:27,1,1,1,409.5,0,2.8,20,409,1,1.09,-0.18,21457,1,1.09,-0.18,21457
2026-05-09 16:05:27,1,1,1,409.5,0,2.8,20,409,1,1.09,-0.18,21457,1,1.09,-0.18,21457
2026-05-09 16:05:27,1,1,1,407.6,0,3.2,23,407,1,1.09,-0.18,21457,1,1.09,-0.18,21457
2026-05-09 16:05:27,1,1,1,407.6,0,3.2,23,407,1,1.09,-0.18,21457,1,1.09,-0.18,21457
2026-05-09 16:05:27,1,1,1,403.9,0,3.8,27,403,1,1.09,-0.18,21457,1,1.09,-0.18,21457
2026-05-09 16:05:27,1,1,1,403.9,0,3.8,27,403,1,1.09,-0.18,21457,1,1.09,-0.18,21457
2026-05-09 16:05:27,1,1,1,402.0,0,4.1,29,401,1,1.09,-0.18,21457,1,1.09,-0.18,21457
2026-05-09 16:05:27,1,1,1,402.0,0,4.1,29,401,1,0.00,0.00,0,0,0.00,0.00,0
2026-05-09 16:05:27,1,1,1,398.3,0,4.6,32,397,1,0.00,0.00,0,0,0.00,0.00,0
2026-05-09 16:05:27,1,1,1,389.0,0,5.8,39,387,1,0.00,0.00,0,0,0.00,0.00,0
2026-05-09 16:05:27,1,1,1,389.0,0,5.8,39,387,1,0.50,0.00,39092,1,0.50,0.00,39092
2026-05-09 16:05:27,1,1,1,386.5,0,6.5,44,384,1,0.50,0.00,39092,1,0.50,0.00,39092
2026-05-09 16:05:27,1,1,1,386.5,0,6.5,44,384,1,0.50,0.00,11204,1,0.50,0.00,11204
2026-05-09 16:05:27,1,1,1,382.7,0,6.8,45,380,1,0.50,0.00,11204,1,0.50,0.00,11204
2026-05-09 16:05:27,1,1,1,382.7,0,6.8,45,380,1,0.50,0.00,39637,1,0.50,0.00,39637
2026-05-09 16:05:27,1,1,1,376.6,0,6.7,44,374,1,0.50,0.00,39637,1,0.50,0.00,39637
2026-05-09 16:05:27,1,1,1,376.6,0,6.7,44,374,1,0.50,0.00,39637,1,0.50,0.00,39637
2026-05-09 16:05:27,1,1,1,380.9,0,7.1,47,378,1,0.50,0.00,39637,1,0.50,0.00,39637
2026-05-09 16:05:28,1,1,1,382.4,0,7.7,51,379,1,0.50,0.00,39637,1,0.50,0.00,39637
2026-05-09 16:05:28,1,1,1,382.4,0,7.7,51,379,1,0.50,0.00,39637,1,0.50,0.00,39637
2026-05-09 16:05:28,1,1,1,383.8,0,8.1,54,380,1,0.50,0.00,39637,1,0.50,0.00,39637
2026-05-09 16:05:28,1,1,1,383.8,0,8.1,54,380,1,0.50,0.00,39637,1,0.50,0.00,39637
2026-05-09 16:05:28,1,1,1,387.4,0,8.6,58,383,1,0.50,0.00,39637,1,0.50,0.00,39637
2026-05-09 16:05:28,1,1,1,387.4,0,8.6,58,383,1,0.50,0.00,39637,1,0.50,0.00,39637
2026-05-09 16:05:28,1,1,1,389.2,0,8.4,57,385,1,0.50,0.00,39637,1,0.50,0.00,39637
2026-05-09 16:05:28,1,1,1,388.4,0,7.5,51,385,1,0.50,0.00,39637,1,0.50,0.00,39637
2026-05-09 16:05:28,1,1,1,388.4,0,7.5,51,385,1,0.50,0.00,39637,1,0.50,0.00,39637
2026-05-09 16:05:28,1,1,1,387.5,0,6.5,44,385,1,0.50,0.00,39637,1,0.50,0.00,39637
2026-05-09 16:05:28,1,1,1,387.5,0,6.5,44,385,1,0.50,0.00,30082,1,0.50,0.00,30082
2026-05-09 16:05:28,1,1,1,386.7,0,5.3,36,385,1,0.50,0.00,30082,1,0.50,0.00,30082
2026-05-09 16:05:28,1,1,1,386.7,0,5.3,36,385,1,0.50,0.00,30082,1,0.50,0.00,30082
2026-05-09 16:05:28,1,1,1,386.2,0,4.6,31,385,1,0.50,0.00,30082,1,0.50,0.00,30082
2026-05-09 16:05:28,1,1,1,386.2,0,4.6,31,385,1,0.50,0.00,30082,1,0.50,0.00,30082
2026-05-09 16:05:28,1,1,1,385.9,0,4.0,27,385,1,0.50,0.00,30082,1,0.50,0.00,30082
2026-05-09 16:05:28,1,1,1,385.6,0,3.3,22,385,1,0.50,0.00,30082,1,0.50,0.00,30082
2026-05-09 16:05:28,1,1,1,385.6,0,3.3,22,385,1,0.50,0.00,30082,1,0.50,0.00,30082
2026-05-09 16:05:28,1,1,1,385.4,0,2.7,18,385,1,0.50,0.00,30082,1,0.50,0.00,30082
2026-05-09 16:05:28,1,1,1,385.4,0,2.7,18,385,1,0.50,0.00,30082,1,0.50,0.00,30082
2026-05-09 16:05:29,1,1,1,381.2,0,1.7,11,381,1,0.50,0.00,30082,1,0.50,0.00,30082
2026-05-09 16:05:29,1,1,1,381.2,0,1.7,11,381,1,0.50,0.00,30082,1,0.50,0.00,30082
2026-05-09 16:05:29,1,1,1,376.0,0,0.2,1,376,1,0.50,0.00,30082,1,0.50,0.00,30082
2026-05-09 16:05:29,1,1,1,367.5,0,-3.1,-20,367,1,0.50,0.00,30082,1,0.50,0.00,30082
2026-05-09 16:05:29,1,1,1,367.5,0,-3.1,-20,367,1,0.50,0.00,30082,1,0.50,0.00,30082
2026-05-09 16:05:29,1,1,1,347.2,0,-2.0,-12,347,1,0.00,0.00,0,0,0.00,0.00,0
2026-05-09 16:05:29,1,1,1,347.2,0,-2.0,-12,347,1,0.00,0.00,0,0,0.00,0.00,0
2026-05-09 16:05:29,1,1,1,318.6,0,3.4,19,318,1,0.00,0.00,0,0,0.00,0.00,0
2026-05-09 16:05:29,1,1,1,318.6,0,3.4,19,318,1,0.50,0.00,11386,1,0.50,0.00,11386
2026-05-09 16:05:29,1,1,1,332.2,0,8.0,46,329,1,0.50,0.00,11386,1,0.50,0.00,11386
2026-05-09 16:05:29,1,1,1,332.2,0,8.0,46,329,1,0.50,0.00,11386,1,0.50,0.00,11386
2026-05-09 16:05:29,1,1,1,332.6,0,10.6,61,327,1,0.50,0.00,11386,1,0.50,0.00,11386
2026-05-09 16:05:29,1,1,1,337.3,0,12.0,70,330,1,0.50,0.00,11386,1,0.50,0.00,11386
2026-05-09 16:05:29,1,1,1,337.3,0,12.0,70,330,1,0.50,0.00,11386,1,0.50,0.00,11386
2026-05-09 16:05:29,1,1,1,331.8,0,13.2,76,323,1,0.50,0.00,11386,1,0.50,0.00,11386
2026-05-09 16:05:29,1,1,1,331.8,0,13.2,76,323,1,0.50,0.00,11386,1,0.50,0.00,11386
2026-05-09 16:05:29,1,1,1,318.5,0,15.5,85,307,1,0.50,0.00,11386,1,0.50,0.00,11386
2026-05-09 16:05:29,1,1,1,318.5,0,15.5,85,307,1,0.50,0.00,11386,1,0.50,0.00,11386
2026-05-09 16:05:29,1,1,1,323.0,0,16.9,94,309,1,0.50,0.00,11386,1,0.50,0.00,11386
2026-05-09 16:05:29,1,1,1,327.0,0,18.0,101,311,1,0.50,0.00,11386,1,0.50,0.00,11386
2026-05-09 16:05:30,1,1,1,327.0,0,18.0,101,311,1,0.50,0.00,11386,1,0.50,0.00,11386
2026-05-09 16:05:30,1,1,1,321.1,0,21.4,117,299,1,0.50,0.00,11386,1,0.50,0.00,11386
2026-05-09 16:05:30,1,1,1,321.1,0,21.4,117,299,1,0.50,0.00,11386,1,0.50,0.00,11386
2026-05-09 16:05:30,1,1,1,309.1,0,25.1,131,280,1,0.00,0.00,0,0,0.00,0.00,0
2026-05-09 16:05:30,1,1,1,309.1,0,25.1,131,280,1,0.00,0.00,0,0,0.00,0.00,0
2026-05-09 16:05:30,1,1,1,321.5,0,26.8,145,287,1,0.00,0.00,0,0,0.00,0.00,0
2026-05-09 16:05:30,1,1,1,321.5,0,26.8,145,287,1,0.00,0.00,0,0,0.00,0.00,0
2026-05-09 16:05:30,1,1,1,332.9,0,28.3,158,293,1,0.00,0.00,0,0,0.00,0.00,0
2026-05-09 16:05:30,1,1,1,343.1,0,29.7,170,298,0,0.00,0.00,0,1,0.50,0.00,1297
2026-05-09 16:05:30,1,1,1,343.1,0,29.7,170,298,0,0.00,0.00,0,1,0.50,0.00,1297
2026-05-09 16:05:30,1,1,1,352.1,0,30.9,181,302,0,0.00,0.00,0,1,0.50,0.00,1297
2026-05-09 16:05:30,1,1,1,352.1,0,30.9,181,302,0,0.00,0.00,0,1,0.50,0.00,1297
2026-05-09 16:05:30,1,1,1,359.9,0,32.1,191,305,0,0.00,0.00,0,1,0.50,0.00,1297
2026-05-09 16:05:30,1,1,1,359.9,0,32.1,191,305,0,0.00,0.00,0,1,0.50,0.00,1297
2026-05-09 16:05:30,1,1,1,353.4,0,28.0,166,312,0,0.00,0.00,0,1,0.50,0.00,1297
2026-05-09 16:05:30,1,1,1,360.6,0,22.2,136,334,0,0.00,0.00,0,1,0.50,0.00,1297
2026-05-09 16:05:30,1,1,1,360.6,0,22.2,136,334,0,0.00,0.00,0,1,0.50,0.00,1297
2026-05-09 16:05:30,1,1,1,365.9,0,18.5,116,347,0,0.00,0.00,0,1,0.50,0.00,1297
2026-05-09 16:05:30,1,1,1,365.9,0,18.5,116,347,0,0.00,0.00,0,1,0.50,0.00,1297
2026-05-09 16:05:30,1,1,1,368.6,0,16.7,106,353,0,0.00,0.00,0,1,0.50,0.00,1297
2026-05-09 16:05:31,1,1,1,368.6,0,16.7,106,353,0,0.00,0.00,0,1,0.50,0.00,1297
2026-05-09 16:05:31,1,1,1,374.5,0,13.0,84,365,0,0.00,0.00,0,1,0.50,0.00,1297
2026-05-09 16:05:31,1,1,1,374.5,0,13.0,84,365,0,0.00,0.00,0,1,0.50,0.00,1297
2026-05-09 16:05:31,1,1,1,382.8,0,8.1,54,379,0,0.00,0.00,0,0,0.00,0.00,0
2026-05-09 16:05:31,1,1,1,387.5,0,5.0,34,386,0,0.00,0.00,0,0,0.00,0.00,0
2026-05-09 16:05:31,1,1,1,387.5,0,5.0,34,386,0,0.00,0.00,0,0,0.00,0.00,0
2026-05-09 16:05:31,1,1,1,389.0,0,4.1,28,388,0,0.00,0.00,0,0,0.00,0.00,0
2026-05-09 16:05:31,1,1,1,389.0,0,4.1,28,388,0,0.00,0.00,0,0,0.00,0.00,0
2026-05-09 16:05:31,1,1,1,387.9,0,4.0,27,387,0,0.00,0.00,0,0,0.00,0.00,0
2026-05-09 16:05:31,1,1,1,387.9,0,4.0,27,387,0,0.00,0.00,0,0,0.00,0.00,0
2026-05-09 16:05:31,1,1,1,386.2,0,4.6,31,385,0,0.00,0.00,0,0,0.00,0.00,0
2026-05-09 16:05:31,1,1,1,391.2,8,4.5,31,390,0,0.00,0.00,0,0,0.00,0.00,0
2026-05-09 16:05:31,1,1,1,391.2,8,4.5,31,390,0,0.00,0.00,0,0,0.00,0.00,0
2026-05-09 16:05:31,1,1,1,395.0,0,4.1,28,394,0,0.00,0.00,0,0,0.00,0.00,0
2026-05-09 16:05:31,1,1,1,395.0,0,4.1,28,394,0,0.00,0.00,0,0,0.00,0.00,0
2026-05-09 16:05:31,1,1,1,395.1,0,4.4,30,394,0,0.00,0.00,0,0,0.00,0.00,0
2026-05-09 16:05:31,1,1,1,395.1,0,4.4,30,394,0,0.00,0.00,0,0,0.00,0.00,0
2026-05-09 16:05:31,1,1,1,396.2,0,4.5,31,395,0,0.00,0.00,0,0,0.00,0.00,0
2026-05-09 16:05:31,1,1,1,396.2,0,4.5,31,395,0,0.00,0.00,0,0,0.00,0.00,0
2026-05-09 16:05:31,1,1,1,396.0,0,4.1,28,395,0,0.00,0.00,0,0,0.00,0.00,0
2026-05-09 16:05:32,1,1,1,394.7,0,3.3,23,394,0,0.00,0.00,0,1,0.53,0.00,20288
2026-05-09 16:05:32,1,1,1,394.7,0,3.3,23,394,0,0.00,0.00,0,1,0.53,0.00,20288
2026-05-09 16:05:32,1,1,1,392.1,0,1.0,7,392,1,0.52,0.00,30368,1,0.52,0.00,30368
2026-05-09 16:05:32,1,1,1,392.1,0,1.0,7,392,1,0.52,0.00,30368,1,0.52,0.00,30368
2026-05-09 16:05:32,1,1,1,390.0,0,-0.9,-6,390,1,0.52,0.00,30368,1,0.52,0.00,30368
2026-05-09 16:05:32,1,1,1,390.0,0,-0.9,-6,390,1,0.52,0.00,30368,1,0.52,0.00,30368
2026-05-09 16:05:32,1,1,1,388.6,0,-3.1,-21,388,1,0.51,0.00,7888,1,0.51,0.00,7888
2026-05-09 16:05:32,1,1,1,388.6,0,-3.1,-21,388,1,0.51,0.00,7888,1,0.51,0.00,7888
2026-05-09 16:05:32,1,1,1,396.1,0,-5.9,-41,394,1,0.51,0.00,7888,1,0.51,0.00,7888
2026-05-09 16:05:32,1,1,1,407.9,0,-8.9,-63,403,1,0.51,0.00,7888,1,0.51,0.00,7888
2026-05-09 16:05:32,1,1,1,407.9,0,-8.9,-63,403,1,0.51,0.00,43609,1,0.51,0.00,43609
2026-05-09 16:05:32,1,1,1,405.2,0,-12.3,-86,396,1,0.51,0.00,43609,1,0.51,0.00,43609
