datetime,wifi,time_sync,rd_present,rd_distance_mm,rd_velocity_cm_s,rd_angle_deg,rd_x_mm,rd_y_mm,c4001_present,c4001_distance_m,c4001_velocity_m_s,c4001_energy,c4001_raw_targets,c4001_raw_distance_m,c4001_raw_velocity_m_s,c4001_raw_energy
09-05-2026 15:01,1,1,1,996.1,0,-3.7,-64,994,0,0,0,0,1,1.09,-0.01,8425
09-05-2026 15:01,1,1,1,997.4,0,-4,-69,995,0,0,0,0,1,1.09,-0.01,8425
09-05-2026 15:01,1,1,1,997.4,0,-4,-69,995,1,1.09,-0.01,8425,1,1.09,-0.01,8425
09-05-2026 15:01,1,1,1,1000.8,0,-4.3,-75,998,1,1.09,-0.01,8425,1,1.09,-0.01,8425
09-05-2026 15:01,1,1,1,1000.8,0,-4.3,-75,998,1,1.09,-0.01,8425,1,1.09,-0.01,8425
09-05-2026 15:01,1,1,1,1006.3,0,-4.7,-82,1003,1,1.09,-0.01,8425,1,1.09,-0.01,8425
09-05-2026 15:01,1,1,1,1006.3,0,-4.7,-82,1003,1,1.09,-0.01,8425,1,1.09,-0.01,8425
09-05-2026 15:01,1,1,1,1010.8,0,-4.9,-87,1007,1,1.09,-0.01,8425,1,1.09,-0.01,8425
09-05-2026 15:01,1,1,1,1015.3,0,-5.3,-93,1011,1,1.25,0,356,1,1.25,0,356
09-05-2026 15:01,1,1,1,1015.3,0,-5.3,-93,1011,1,1.25,0,356,1,1.25,0,356
09-05-2026 15:01,1,1,1,1021.9,0,-5.6,-100,1017,1,1.12,0,5090,1,1.12,0,5090
09-05-2026 15:01,1,1,1,1021.9,0,-5.6,-100,1017,1,1.12,0,5090,1,1.12,0,5090
09-05-2026 15:01,1,1,1,1027,0,-6.2,-111,1021,1,1.09,0,10057,1,1.09,0,10057
09-05-2026 15:01,1,1,1,1027,0,-6.2,-111,1021,1,1.09,0,10057,1,1.09,0,10057
09-05-2026 15:01,1,1,1,1035.5,0,-6.9,-124,1028,1,1.07,0,305,1,1.07,0,305
09-05-2026 15:01,1,1,1,1044.7,0,-8.2,-149,1034,1,1.07,0,305,1,1.07,0,305
09-05-2026 15:01,1,1,1,1044.7,0,-8.2,-149,1034,1,1.05,0,1538,1,1.05,0,1538
09-05-2026 15:01,1,1,1,1047,0,-8.7,-158,1035,1,1.05,0,1538,1,1.05,0,1538
09-05-2026 15:01,1,1,1,1047,0,-8.7,-158,1035,1,1.04,0,2386,1,1.04,0,2386
09-05-2026 15:01,1,1,1,1050.2,0,-9.1,-166,1037,0,0,0,0,1,1.04,0,2386
09-05-2026 15:01,1,1,1,1050.2,0,-9.1,-166,1037,0,0,0,0,1,1.05,0,2753
09-05-2026 15:01,1,1,1,1052.5,0,-9.5,-174,1038,0,0,0,0,1,1.05,0,2753
09-05-2026 15:01,1,1,1,1052.5,0,-9.5,-174,1038,0,0,0,0,1,1.04,0,8852
09-05-2026 15:01,1,1,1,1055.6,0,-9.5,-175,1041,0,0,0,0,1,1.04,0,8852
09-05-2026 15:01,1,1,1,1054.5,0,-9.5,-174,1040,1,1.04,0,5476,1,1.04,0,5476
09-05-2026 15:01,1,1,1,1054.5,0,-9.5,-174,1040,1,1.04,0,5476,1,1.04,0,5476
09-05-2026 15:01,1,1,1,1052.8,0,-9.3,-170,1039,1,1.03,0,10690,1,1.03,0,10690
09-05-2026 15:01,1,1,1,1052.8,0,-9.3,-170,1039,1,1.03,0,10690,1,1.03,0,10690
09-05-2026 15:01,1,1,1,1051.5,0,-9.2,-168,1038,1,1.03,0,10690,1,1.03,0,10690
09-05-2026 15:01,1,1,1,1051.5,0,-9.2,-168,1038,1,1.03,0,10690,1,1.03,0,10690
09-05-2026 15:01,1,1,1,1054.3,0,-9.1,-167,1041,1,1.03,0,10690,1,1.03,0,10690
09-05-2026 15:01,1,1,1,1058.6,0,-9.2,-169,1045,1,1.03,0,10690,1,1.03,0,10690
09-05-2026 15:01,1,1,1,1058.6,0,-9.2,-169,1045,1,1.03,0,10690,1,1.03,0,10690
09-05-2026 15:01,1,1,1,1062,0,-9.3,-172,1048,1,1.03,0,10690,1,1.03,0,10690
09-05-2026 15:01,1,1,1,1062,0,-9.3,-172,1048,1,1,0,8840,1,1,0,8840
09-05-2026 15:01,1,1,1,1064.2,0,-9.4,-173,1050,1,1,0,8840,1,1,0,8840
09-05-2026 15:01,1,1,1,1064.2,0,-9.4,-173,1050,1,1,0,8840,1,1,0,8840
09-05-2026 15:01,1,1,1,1067.1,0,-9.3,-173,1053,1,1,0,8840,1,1,0,8840
09-05-2026 15:01,1,1,1,1067.1,0,-9.3,-173,1053,1,1,0,13241,1,1,0,13241
09-05-2026 15:01,1,1,1,1069.3,0,-9.4,-174,1055,1,1,0,13241,1,1,0,13241
09-05-2026 15:01,1,1,1,1071.6,0,-9.5,-176,1057,1,1,0,21346,1,1,0,21346
09-05-2026 15:01,1,1,1,1071.6,0,-9.5,-176,1057,1,1,0,21346,1,1,0,21346
09-05-2026 15:01,1,1,1,1071.9,0,-9.6,-178,1057,1,1,0,8080,1,1,0,8080
09-05-2026 15:01,1,1,1,1071.9,0,-9.6,-178,1057,1,1,0,8080,1,1,0,8080
09-05-2026 15:01,1,1,1,1071.9,0,-9.6,-178,1057,1,1,0,8080,1,1,0,8080
09-05-2026 15:01,1,1,1,1071.9,0,-9.6,-178,1057,1,1,0,8080,1,1,0,8080
09-05-2026 15:01,1,1,1,1075.5,0,-9.7,-182,1060,1,1,0,8080,1,1,0,8080
09-05-2026 15:01,1,1,1,1080.5,0,-10,-188,1064,1,1,0,8080,1,1,0,8080
09-05-2026 15:01,1,1,1,1080.5,0,-10,-188,1064,1,1,0,8080,1,1,0,8080
09-05-2026 15:01,1,1,1,1086.3,0,-10.2,-193,1069,1,1,0,8080,1,1,0,8080
09-05-2026 15:01,1,1,1,1086.3,0,-10.2,-193,1069,1,1,0,8080,1,1,0,8080
09-05-2026 15:01,1,1,1,1091.1,0,-10.5,-198,1073,1,1,0,8080,1,1,0,8080
09-05-2026 15:01,1,1,1,1091.1,0,-10.5,-198,1073,1,1.04,0,1226,1,1.04,0,1226
09-05-2026 15:01,1,1,1,1095,0,-10.7,-203,1076,1,1.04,0,1226,1,1.04,0,1226
09-05-2026 15:01,1,1,1,1095,0,-10.7,-203,1076,1,1.04,0,1226,1,1.04,0,1226
09-05-2026 15:01,1,1,1,1095.4,0,-10.8,-205,1076,1,1.04,0,1226,1,1.04,0,1226
09-05-2026 15:01,1,1,1,1094.6,0,-10.8,-206,1075,1,1.04,0,1226,1,1.04,0,1226
09-05-2026 15:01,1,1,1,1094.6,0,-10.8,-206,1075,0,0,0,0,1,1.04,0,1226
09-05-2026 15:01,1,1,1,1094,0,-11,-208,1074,0,0,0,0,1,1.04,0,1226
09-05-2026 15:01,1,1,1,1094,0,-11,-208,1074,0,0,0,0,1,1.04,0,1226
09-05-2026 15:01,1,1,1,1092.2,0,-11,-209,1072,0,0,0,0,1,1.04,0,1226
09-05-2026 15:01,1,1,1,1092.2,0,-11,-209,1072,0,0,0,0,1,1.04,0,1226
09-05-2026 15:01,1,1,1,1091.4,0,-11.1,-210,1071,0,0,0,0,1,1.01,0,5480
09-05-2026 15:01,1,1,1,1090,0,-11,-208,1070,0,0,0,0,1,1.01,0,5480
09-05-2026 15:01,1,1,1,1090,0,-11,-208,1070,0,0,0,0,1,1.01,0,2533
09-05-2026 15:01,1,1,1,1085.3,0,-10.8,-204,1066,0,0,0,0,1,1.01,0,2533
09-05-2026 15:01,1,1,1,1085.3,0,-10.8,-204,1066,0,0,0,0,1,1.01,0,1717
09-05-2026 15:01,1,1,1,1079.5,0,-10.6,-199,1061,0,0,0,0,1,1.01,0,1717
09-05-2026 15:01,1,1,1,1079.5,0,-10.6,-199,1061,0,0,0,0,1,1.01,0,9025
09-05-2026 15:01,1,1,1,1074.8,0,-10.5,-195,1057,0,0,0,0,1,1.01,0,9025
09-05-2026 15:01,1,1,1,1074.8,0,-10.5,-195,1057,1,1.01,0,9410,1,1.01,0,9410
09-05-2026 15:01,1,1,1,1069,0,-10.2,-190,1052,1,1.01,0,9410,1,1.01,0,9410
09-05-2026 15:01,1,1,1,1064.4,0,-10.1,-186,1048,1,1.02,0,2501,1,1.02,0,2501
09-05-2026 15:01,1,1,1,1064.4,0,-10.1,-186,1048,1,1.02,0,2501,1,1.02,0,2501
09-05-2026 15:01,1,1,1,1059.7,0,-9.9,-182,1044,1,1.02,0,5725,1,1.02,0,5725
09-05-2026 15:01,1,1,1,1059.7,0,-9.9,-182,1044,1,1.02,0,5725,1,1.02,0,5725
09-05-2026 15:01,1,1,1,1056.9,0,-9.6,-177,1042,1,1.01,0,20564,1,1.01,0,20564
09-05-2026 15:01,1,1,1,1056.9,0,-9.6,-177,1042,1,1.01,0,20564,1,1.01,0,20564
09-05-2026 15:01,1,1,1,1057.6,0,-9.5,-175,1043,1,1.01,0,34625,1,1.01,0,34625
09-05-2026 15:01,1,1,1,1057.6,0,-9.5,-175,1043,1,1.01,0,34625,1,1.01,0,34625
09-05-2026 15:01,1,1,1,1059.6,0,-9.5,-175,1045,1,1.01,0,35381,1,1.01,0,35381
09-05-2026 15:01,1,1,1,1060.5,0,-9.5,-175,1046,1,1.01,0,35381,1,1.01,0,35381
09-05-2026 15:01,1,1,1,1060.5,0,-9.5,-175,1046,1,1.01,0,26468,1,1.01,0,26468
09-05-2026 15:01,1,1,1,1060.5,0,-9.5,-175,1046,1,1.01,0,26468,1,1.01,0,26468
09-05-2026 15:01,1,1,1,1060.5,0,-9.5,-175,1046,1,1.01,0,2249,1,1.01,0,2249
09-05-2026 15:01,1,1,1,1060.4,0,-9.4,-174,1046,1,1.01,0,2249,1,1.01,0,2249
09-05-2026 15:01,1,1,1,1060.4,0,-9.4,-174,1046,1,1.01,0,2249,1,1.01,0,2249
09-05-2026 15:01,1,1,1,1061,0,-9.3,-172,1047,1,1.01,0,2249,1,1.01,0,2249
09-05-2026 15:01,1,1,1,1062.2,0,-9,-167,1049,1,1.01,0,4321,1,1.01,0,4321
09-05-2026 15:01,1,1,1,1062.2,0,-9,-167,1049,1,1.01,0,4321,1,1.01,0,4321
09-05-2026 15:01,1,1,1,1065.9,0,-8.6,-159,1054,1,1.01,0,2306,1,1.01,0,2306
09-05-2026 15:01,1,1,1,1065.9,0,-8.6,-159,1054,1,1.01,0,2306,1,1.01,0,2306
09-05-2026 15:01,1,1,1,1067.7,0,-8.1,-151,1057,1,1.01,0,293,1,1.01,0,293
09-05-2026 15:01,1,1,1,1067.7,0,-8.1,-151,1057,1,1.01,0,293,1,1.01,0,293
09-05-2026 15:01,1,1,1,1065.9,0,-7.8,-145,1056,1,1.04,0.01,1706,1,1.04,0.01,1706
09-05-2026 15:01,1,1,1,1065.9,0,-7.8,-145,1056,0,0,0,0,1,1.04,0.01,1706
09-05-2026 15:01,1,1,1,1065.4,0,-7.6,-141,1056,0,0,0,0,1,1.04,0.01,1706
09-05-2026 15:01,1,1,1,1066.1,0,-7.5,-139,1057,0,0,0,0,1,1.04,0.01,1706
09-05-2026 15:01,1,1,1,1066.1,0,-7.5,-139,1057,0,0,0,0,1,1.04,0.01,1706
09-05-2026 15:01,1,1,1,1067,0,-7.4,-138,1058,0,0,0,0,1,1.04,0.01,1706
09-05-2026 15:01,1,1,1,1067,0,-7.4,-138,1058,0,0,0,0,1,1.04,0.01,1706
09-05-2026 15:01,1,1,1,1068.9,0,-7.4,-138,1060,0,0,0,0,1,1.04,0.01,1706
09-05-2026 15:01,1,1,1,1068.9,0,-7.4,-138,1060,0,0,0,0,1,1.04,0.01,1706
09-05-2026 15:01,1,1,1,1070.9,0,-7.4,-138,1062,0,0,0,0,1,1.04,0.01,1706
09-05-2026 15:01,1,1,1,1073.9,0,-7.4,-138,1065,0,0,0,0,1,1.04,0.01,1706
09-05-2026 15:01,1,1,1,1073.9,0,-7.4,-138,1065,0,0,0,0,1,1.04,0.01,1706
09-05-2026 15:01,1,1,1,1078,0,-7.4,-139,1069,0,0,0,0,1,1.04,0.01,1706
09-05-2026 15:01,1,1,1,1078,0,-7.4,-139,1069,0,0,0,0,1,1.04,0.01,1706
09-05-2026 15:01,1,1,1,1084.2,0,-7.5,-141,1075,0,0,0,0,1,1.04,0.01,1706
09-05-2026 15:01,1,1,1,1084.2,0,-7.5,-141,1075,0,0,0,0,0,0,0,0
09-05-2026 15:01,1,1,1,1085.7,0,-7.7,-145,1076,0,0,0,0,1,1,0,10880
09-05-2026 15:01,1,1,1,1085.7,0,-7.7,-145,1076,0,0,0,0,1,1,0,10880
09-05-2026 15:01,1,1,1,1085.1,0,-7.8,-148,1075,1,1.01,0,10625,1,1.01,0,10625
09-05-2026 15:01,1,1,1,1083.6,0,-8,-151,1073,1,1.01,0,10625,1,1.01,0,10625
09-05-2026 15:01,1,1,1,1083.6,0,-8,-151,1073,1,1,0,1205,1,1,0,1205
09-05-2026 15:01,1,1,1,1080.9,0,-8.1,-153,1070,1,1,0,1205,1,1,0,1205
09-05-2026 15:01,1,1,1,1080.9,0,-8.1,-153,1070,1,1,0,1205,1,1,0,1205
09-05-2026 15:01,1,1,1,1077.6,0,-8.1,-151,1067,1,1,0,1205,1,1,0,1205
09-05-2026 15:01,1,1,1,1077.6,0,-8.1,-151,1067,1,1,0,5553,1,1,0,5553
09-05-2026 15:01,1,1,1,1074.2,0,-7.9,-148,1064,1,1,0,5553,1,1,0,5553
09-05-2026 15:01,1,1,1,1074.7,0,-7.7,-144,1065,1,1,0,2257,1,1,0,2257
09-05-2026 15:01,1,1,1,1074.7,0,-7.7,-144,1065,1,1,0,2257,1,1,0,2257
09-05-2026 15:01,1,1,1,1079.3,0,-7.5,-141,1070,1,1,0,5410,1,1,0,5410
09-05-2026 15:01,1,1,1,1079.3,0,-7.5,-141,1070,1,1,0,5410,1,1,0,5410
09-05-2026 15:01,1,1,1,1084.2,0,-7.5,-141,1075,1,1.01,0,4649,1,1.01,0,4649
09-05-2026 15:01,1,1,1,1084.2,0,-7.5,-141,1075,1,1.01,0,4649,1,1.01,0,4649
09-05-2026 15:01,1,1,1,1089.3,0,-7.5,-142,1080,1,1.01,0,4649,1,1.01,0,4649
09-05-2026 15:01,1,1,1,1089.3,0,-7.5,-142,1080,1,1.01,0,4649,1,1.01,0,4649
09-05-2026 15:01,1,1,1,1090.8,0,-7.7,-146,1081,1,1.01,0,1921,1,1.01,0,1921
09-05-2026 15:01,1,1,1,1088.1,0,-7.8,-148,1078,1,1.01,0,1921,1,1.01,0,1921
09-05-2026 15:01,1,1,1,1088.1,0,-7.8,-148,1078,1,1.01,0,1469,1,1.01,0,1469
09-05-2026 15:01,1,1,1,1084.9,0,-7.7,-146,1075,1,1.01,0,1469,1,1.01,0,1469
09-05-2026 15:01,1,1,1,1084.9,0,-7.7,-146,1075,1,1.01,0,2225,1,1.01,0,2225
09-05-2026 15:01,1,1,1,1083.9,0,-7.7,-146,1074,0,0,0,0,1,1.01,0,2225
09-05-2026 15:01,1,1,1,1083.9,0,-7.7,-146,1074,0,0,0,0,1,1.01,0,2225
09-05-2026 15:01,1,1,1,1083.2,0,-7.9,-148,1073,0,0,0,0,1,1.01,0,2225
09-05-2026 15:01,1,1,1,1080.3,0,-7.9,-149,1070,0,0,0,0,1,1.01,0,2529
09-05-2026 15:01,1,1,1,1080.3,0,-7.9,-149,1070,0,0,0,0,1,1.01,0,2529
09-05-2026 15:01,1,1,1,1077.8,0,-8.1,-152,1067,0,0,0,0,1,1.01,0,9089
09-05-2026 15:01,1,1,1,1077.8,0,-8.1,-152,1067,0,0,0,0,1,1.01,0,9089
09-05-2026 15:01,1,1,1,1074,0,-8.2,-153,1063,1,1,0,18185,1,1,0,18185
09-05-2026 15:01,1,1,1,1074,0,-8.2,-153,1063,1,1,0,18185,1,1,0,18185
09-05-2026 15:01,1,1,1,1069.1,0,-8.3,-154,1058,1,1,0,19186,1,1,0,19186
09-05-2026 15:01,1,1,1,1069.1,0,-8.3,-154,1058,1,1,0,19186,1,1,0,19186
09-05-2026 15:01,1,1,1,1063.4,0,-8.4,-155,1052,1,1,0,5317,1,1,0,5317
09-05-2026 15:01,1,1,1,1057.3,0,-8.8,-161,1045,1,1,0,5317,1,1,0,5317
09-05-2026 15:01,1,1,1,1057.3,0,-8.8,-161,1045,1,1,0,16433,1,1,0,16433
09-05-2026 15:01,1,1,1,1050.4,0,-9.1,-167,1037,1,1,0,16433,1,1,0,16433
09-05-2026 15:01,1,1,1,1050.4,0,-9.1,-167,1037,1,1,0,13130,1,1,0,13130
09-05-2026 15:01,1,1,1,1047.1,0,-9.4,-171,1033,1,1,0,13130,1,1,0,13130
09-05-2026 15:01,1,1,1,1047.1,0,-9.4,-171,1033,1,1,0,5652,1,1,0,5652
09-05-2026 15:01,1,1,1,1044.9,0,-9.4,-170,1031,1,1,0,5652,1,1,0,5652
09-05-2026 15:01,1,1,1,1043.6,0,-9.3,-168,1030,1,1,0,5050,1,1,0,5050
09-05-2026 15:01,1,1,1,1043.6,0,-9.3,-168,1030,1,1,0,5050,1,1,0,5050
09-05-2026 15:01,1,1,1,1043.1,0,-9.1,-165,1030,1,1,0,5050,1,1,0,5050
09-05-2026 15:01,1,1,1,1043.1,0,-9.1,-165,1030,1,1,0,5050,1,1,0,5050
09-05-2026 15:01,1,1,1,1042.5,0,-8.9,-161,1030,1,1,0,6709,1,1,0,6709
09-05-2026 15:01,1,1,1,1042.5,0,-8.9,-161,1030,1,1,0,6709,1,1,0,6709
09-05-2026 15:01,1,1,1,1040.4,0,-8.8,-160,1028,1,1,0,5161,1,1,0,5161
09-05-2026 15:01,1,1,1,1040.4,0,-8.8,-160,1028,1,1,0,5161,1,1,0,5161
09-05-2026 15:01,1,1,1,1037.1,0,-8.8,-158,1025,1,1,0,1945,1,1,0,1945
09-05-2026 15:01,1,1,1,1035.3,0,-8.8,-159,1023,1,1,0,1945,1,1,0,1945
09-05-2026 15:01,1,1,1,1035.3,0,-8.8,-159,1023,1,1,0,3860,1,1,0,3860
09-05-2026 15:01,1,1,1,1033.2,0,-8.8,-158,1021,1,1,0,3860,1,1,0,3860
09-05-2026 15:01,1,1,1,1033.2,0,-8.8,-158,1021,1,1.01,0,424,1,1.01,0,424
09-05-2026 15:01,1,1,1,1031,0,-8.8,-157,1019,1,1.01,0,424,1,1.01,0,424
09-05-2026 15:01,1,1,1,1031,0,-8.8,-157,1019,1,1.01,0,720,1,1.01,0,720
09-05-2026 15:01,1,1,1,1029.9,0,-8.7,-156,1018,1,1.01,0,720,1,1.01,0,720
09-05-2026 15:01,1,1,1,1029.9,0,-8.7,-156,1018,1,1.01,0,2401,1,1.01,0,2401
09-05-2026 15:01,1,1,1,1025.6,0,-8.6,-154,1014,0,0,0,0,1,1.01,0,2401
09-05-2026 15:01,1,1,1,1022.5,0,-8.6,-153,1011,0,0,0,0,1,1.01,0,2389
09-05-2026 15:01,1,1,1,1022.5,0,-8.6,-153,1011,0,0,0,0,1,1.01,0,2389
09-05-2026 15:01,1,1,1,1018.7,0,-8.7,-154,1007,0,0,0,0,1,1.01,0,2389
09-05-2026 15:01,1,1,1,1018.7,0,-8.7,-154,1007,0,0,0,0,1,1.01,0,2389
09-05-2026 15:01,1,1,1,1015.7,0,-8.7,-154,1004,0,0,0,0,1,1.01,0,1021
09-05-2026 15:01,1,1,1,1015.7,0,-8.7,-154,1004,0,0,0,0,1,1.01,0,1021
09-05-2026 15:01,1,1,1,1010.2,0,-8.5,-150,999,0,0,0,0,1,1.01,0,1021
09-05-2026 15:01,1,1,1,1007.3,0,-8.2,-144,997,0,0,0,0,1,1.01,0,1021
09-05-2026 15:01,1,1,1,1007.3,0,-8.2,-144,997,0,0,0,0,1,1.04,0.02,200
09-05-2026 15:01,1,1,1,1004.4,0,-7.8,-137,995,0,0,0,0,1,1.04,0.02,200
09-05-2026 15:01,1,1,1,1004.4,0,-7.8,-137,995,0,0,0,0,1,1.04,0.02,200
09-05-2026 15:01,1,1,1,999,0,-7.7,-134,990,0,0,0,0,1,1.04,0.02,200
09-05-2026 15:01,1,1,1,999,0,-7.7,-134,990,0,0,0,0,1,1.03,0.01,1160
09-05-2026 15:01,1,1,1,992.8,0,-7.6,-132,984,0,0,0,0,1,1.03,0.01,1160
09-05-2026 15:01,1,1,1,992.8,0,-7.6,-132,984,0,0,0,0,1,1.04,0.01,1160
09-05-2026 15:01,1,1,1,986.7,0,-7.6,-131,978,0,0,0,0,1,1.04,0.01,1160
09-05-2026 15:01,1,1,1,982,0,-7.3,-125,974,0,0,0,0,1,1.04,0.01,5557
09-05-2026 15:01,1,1,1,982,0,-7.3,-125,974,0,0,0,0,1,1.04,0.01,5557
09-05-2026 15:01,1,1,1,977.8,0,-7.2,-123,970,1,1.04,0.01,5557,1,1.04,0.01,5557
09-05-2026 15:01,1,1,1,977.8,0,-7.2,-123,970,1,1.04,0.01,5557,1,1.04,0.01,5557
09-05-2026 15:01,1,1,1,978.4,0,-7,-120,971,1,1.04,0.01,5557,1,1.04,0.01,5557
09-05-2026 15:01,1,1,1,978.4,0,-7,-120,971,1,1.04,0.01,5557,1,1.04,0.01,5557
09-05-2026 15:01,1,1,1,978.4,0,-7,-120,971,1,1.04,0.01,5557,1,1.04,0.01,5557
09-05-2026 15:01,1,1,1,978.6,0,-7.2,-122,971,1,1.04,0.01,5557,1,1.04,0.01,5557
09-05-2026 15:01,1,1,1,978.6,0,-7.2,-122,971,1,1.04,0.01,5557,1,1.04,0.01,5557
09-05-2026 15:01,1,1,1,981.1,0,-7.4,-126,973,1,1.04,0.01,5557,1,1.04,0.01,5557
09-05-2026 15:01,1,1,1,981.1,0,-7.4,-126,973,1,1.04,0.01,5557,1,1.04,0.01,5557
09-05-2026 15:01,1,1,1,982.6,0,-7.6,-130,974,1,1.04,0.01,5557,1,1.04,0.01,5557
09-05-2026 15:01,1,1,1,982.6,0,-7.6,-130,974,1,1.04,0.01,5557,1,1.04,0.01,5557
09-05-2026 15:01,1,1,1,984.9,0,-7.7,-132,976,1,1.04,0.01,5557,1,1.04,0.01,5557
09-05-2026 15:01,1,1,1,984.9,0,-7.7,-132,976,1,1.04,0.01,5557,1,1.04,0.01,5557
09-05-2026 15:01,1,1,1,985.5,0,-7.5,-129,977,1,0,0,0,0,0,0,0
09-05-2026 15:01,1,1,1,982.7,0,-7.2,-123,975,1,0,0,0,0,0,0,0
09-05-2026 15:01,1,1,1,982.7,0,-7.2,-123,975,1,0,0,0,0,0,0,0
09-05-2026 15:01,1,1,1,979.3,0,-7,-119,972,1,0,0,0,0,0,0,0
09-05-2026 15:01,1,1,1,979.3,0,-7,-119,972,1,0,0,0,0,0,0,0
09-05-2026 15:01,1,1,1,973.9,0,-6.8,-116,967,0,0,0,0,1,1.03,0,2690
09-05-2026 15:01,1,1,1,973.9,0,-6.8,-116,967,0,0,0,0,1,1.03,0,2690
09-05-2026 15:01,1,1,1,972.5,0,-6.6,-112,966,0,0,0,0,1,1.03,0,2293
09-05-2026 15:01,1,1,1,977.3,0,-6.5,-111,971,0,0,0,0,1,1.03,0,2293
09-05-2026 15:01,1,1,1,977.3,0,-6.5,-111,971,0,0,0,0,1,1.03,0,2440
09-05-2026 15:01,1,1,1,983.3,0,-6.5,-111,977,0,0,0,0,1,1.03,0,2440
09-05-2026 15:01,1,1,1,983.3,0,-6.5,-111,977,0,0,0,0,1,1.03,0,2440
09-05-2026 15:01,1,1,1,989.9,0,-6.3,-108,984,0,0,0,0,1,1.03,0,2440
09-05-2026 15:01,1,1,1,989.9,0,-6.3,-108,984,0,0,0,0,1,1.09,0.01,221
09-05-2026 15:01,1,1,1,995.9,0,-6.2,-108,990,0,0,0,0,1,1.09,0.01,221
09-05-2026 15:01,1,1,1,995.9,0,-6.2,-108,990,0,0,0,0,1,1.09,0.01,221
09-05-2026 15:01,1,1,1,999.4,0,-6,-104,994,0,0,0,0,1,1.09,0.01,221
09-05-2026 15:01,1,1,1,1002.3,0,-5.9,-103,997,0,0,0,0,1,1.07,0,5013
09-05-2026 15:01,1,1,1,1002.3,0,-5.9,-103,997,0,0,0,0,1,1.07,0,5013
09-05-2026 15:01,1,1,1,1004.5,0,-6,-105,999,0,0,0,0,1,1.06,0,445
09-05-2026 15:01,1,1,1,1004.5,0,-6,-105,999,0,0,0,0,1,1.06,0,445
09-05-2026 15:01,1,1,1,1007.7,0,-6.1,-107,1002,0,0,0,0,1,1.05,0,724
09-05-2026 15:01,1,1,1,1007.7,0,-6.1,-107,1002,0,0,0,0,1,1.05,0,724
09-05-2026 15:01,1,1,1,1008.8,0,-6.1,-108,1003,0,0,0,0,1,1.05,0,724
09-05-2026 15:01,1,1,1,1007.7,0,-6.1,-107,1002,0,0,0,0,1,1.05,0,724
09-05-2026 15:01,1,1,1,1007.7,0,-6.1,-107,1002,0,0,0,0,1,1.08,0.01,1125
09-05-2026 15:01,1,1,1,1006.4,0,-5.9,-104,1001,0,0,0,0,1,1.08,0.01,1125
09-05-2026 15:01,1,1,1,1006.4,0,-5.9,-104,1001,0,0,0,0,1,1.1,0.01,1690
09-05-2026 15:01,1,1,1,1002.6,0,-5.5,-96,998,0,0,0,0,1,1.1,0.01,1690
09-05-2026 15:01,1,1,1,1002.6,0,-5.5,-96,998,0,0,0,0,1,1.1,0.01,1690
09-05-2026 15:01,1,1,1,994.4,0,-4.7,-82,991,0,0,0,0,1,1.1,0.01,1690
09-05-2026 15:01,1,1,1,994.4,0,-4.7,-82,991,0,0,0,0,1,1.09,0,5989
09-05-2026 15:01,1,1,1,987.5,0,-4.1,-70,985,0,0,0,0,1,1.09,0,5989
09-05-2026 15:01,1,1,1,988.3,0,-3.9,-67,986,1,1.08,0,19981,1,1.08,0,19981
09-05-2026 15:01,1,1,1,988.3,0,-3.9,-67,986,1,1.08,0,19981,1,1.08,0,19981
09-05-2026 15:01,1,1,1,991.5,0,-4.1,-71,989,1,1.07,0,35545,1,1.07,0,35545
09-05-2026 15:01,1,1,1,991.5,0,-4.1,-71,989,1,1.07,0,35545,1,1.07,0,35545
09-05-2026 15:01,1,1,1,995,0,-4.4,-77,992,1,1.07,0,33800,1,1.07,0,33800
09-05-2026 15:01,1,1,1,995,0,-4.4,-77,992,1,1.07,0,33800,1,1.07,0,33800
09-05-2026 15:01,1,1,1,999.5,0,-4.8,-84,996,1,1.06,0,33280,1,1.06,0,33280
09-05-2026 15:01,1,1,1,1003,0,-5.1,-89,999,1,1.06,0,33280,1,1.06,0,33280
09-05-2026 15:01,1,1,1,1003,0,-5.1,-89,999,1,1.05,0,2474,1,1.05,0,2474
09-05-2026 15:01,1,1,1,1004.3,0,-5.3,-93,1000,1,1.05,0,2474,1,1.05,0,2474
09-05-2026 15:01,1,1,1,1004.3,0,-5.3,-93,1000,1,1.05,0,3649,1,1.05,0,3649
09-05-2026 15:01,1,1,1,1001.3,0,-5.3,-93,997,1,1.05,0,3649,1,1.05,0,3649
09-05-2026 15:01,1,1,1,1001.3,0,-5.3,-93,997,1,1.04,-0.01,18450,1,1.04,-0.01,18450
09-05-2026 15:01,1,1,1,999.4,0,-5.4,-94,995,1,1.04,-0.01,18450,1,1.04,-0.01,18450
09-05-2026 15:01,1,1,1,999.4,0,-5.4,-94,995,1,1.04,0,8389,1,1.04,0,8389
09-05-2026 15:01,1,1,1,998.3,0,-5.3,-93,994,1,1.04,0,8389,1,1.04,0,8389
09-05-2026 15:01,1,1,1,999.4,0,-5.4,-94,995,1,1.04,0,7681,1,1.04,0,7681
09-05-2026 15:01,1,1,1,999.4,0,-5.4,-94,995,1,1.04,0,7681,1,1.04,0,7681
09-05-2026 15:01,1,1,1,1000.4,0,-5.4,-94,996,1,1.03,0,8145,1,1.03,0,8145
09-05-2026 15:01,1,1,1,1000.4,0,-5.4,-94,996,1,1.03,0,8145,1,1.03,0,8145
09-05-2026 15:01,1,1,1,1001.5,0,-5.4,-95,997,1,1.03,0,9973,1,1.03,0,9973
09-05-2026 15:01,1,1,1,1001.5,0,-5.4,-95,997,1,1.03,0,9973,1,1.03,0,9973
09-05-2026 15:01,1,1,1,1002.7,0,-5.6,-97,998,1,1.03,0,2690,1,1.03,0,2690
09-05-2026 15:01,1,1,1,1002.7,0,-5.6,-97,998,1,1.03,0,2690,1,1.03,0,2690
09-05-2026 15:01,1,1,1,1005,0,-5.7,-100,1000,1,1.03,0,2405,1,1.03,0,2405
09-05-2026 15:01,1,1,1,1009.2,0,-5.8,-102,1004,1,1.03,0,2405,1,1.03,0,2405
09-05-2026 15:01,1,1,1,1009.2,0,-5.8,-102,1004,1,1.03,0,1096,1,1.03,0,1096
09-05-2026 15:01,1,1,1,1012.3,0,-5.8,-103,1007,0,0,0,0,1,1.03,0,1096
09-05-2026 15:01,1,1,1,1012.3,0,-5.8,-103,1007,0,0,0,0,1,1.03,0,2482
09-05-2026 15:01,1,1,1,1015.5,0,-6,-106,1010,0,0,0,0,1,1.03,0,2482
09-05-2026 15:01,1,1,1,1015.5,0,-6,-106,1010,0,0,0,0,1,1.03,0,2260
09-05-2026 15:01,1,1,1,1016.8,0,-6.1,-108,1011,0,0,0,0,1,1.03,0,2260
09-05-2026 15:01,1,1,1,1017.2,0,-6.3,-112,1011,0,0,0,0,1,1.03,0,1649
09-05-2026 15:01,1,1,1,1017.2,0,-6.3,-112,1011,0,0,0,0,1,1.03,0,1649
09-05-2026 15:01,1,1,1,1017.6,0,-6.5,-116,1011,0,0,0,0,1,1.03,0,1649
09-05-2026 15:01,1,1,1,1017.6,0,-6.5,-116,1011,0,0,0,0,1,1.03,0,1649
09-05-2026 15:01,1,1,1,1017.9,0,-6.7,-118,1011,0,0,0,0,1,1.03,0,1649
09-05-2026 15:01,1,1,1,1017.9,0,-6.7,-118,1011,0,0,0,0,1,1.03,0,1649
09-05-2026 15:01,1,1,1,1017,0,-6.7,-119,1010,0,0,0,0,1,1.03,0,1649
09-05-2026 15:01,1,1,1,1017,0,-6.7,-119,1010,0,0,0,0,1,1.03,0,1649
09-05-2026 15:01,1,1,1,1017,0,-6.7,-119,1010,0,0,0,0,1,1.02,0,5050
09-05-2026 15:01,1,1,1,1014.7,0,-6.6,-116,1008,0,0,0,0,1,1.02,0,5050
09-05-2026 15:01,1,1,1,1014.7,0,-6.6,-116,1008,1,1.02,0,9250,1,1.02,0,9250
09-05-2026 15:01,1,1,1,1013.4,0,-6.5,-114,1007,1,1.02,0,9250,1,1.02,0,9250
09-05-2026 15:01,1,1,1,1013.4,0,-6.5,-114,1007,1,1.02,0,9881,1,1.02,0,9881
09-05-2026 15:01,1,1,1,1013.2,0,-6.3,-112,1007,1,1.02,0,9881,1,1.02,0,9881
09-05-2026 15:01,1,1,1,1013.2,0,-6.3,-112,1007,1,1.02,0,8345,1,1.02,0,8345
09-05-2026 15:01,1,1,1,1017.3,0,-6.4,-113,1011,1,1.02,0,8345,1,1.02,0,8345
09-05-2026 15:01,1,1,1,1020.5,0,-6.5,-115,1014,1,1.02,0,11498,1,1.02,0,11498
09-05-2026 15:01,1,1,1,1020.5,0,-6.5,-115,1014,1,1.02,0,11498,1,1.02,0,11498
09-05-2026 15:01,1,1,1,1024.9,0,-6.7,-119,1018,1,1.01,0,10825,1,1.01,0,10825
09-05-2026 15:01,1,1,1,1024.9,0,-6.7,-119,1018,1,1.01,0,10825,1,1.01,0,10825
09-05-2026 15:01,1,1,1,1028.5,0,-6.9,-124,1021,1,1.02,0,4394,1,1.02,0,4394
09-05-2026 15:01,1,1,1,1028.5,0,-6.9,-124,1021,1,1.02,0,4394,1,1.02,0,4394
09-05-2026 15:01,1,1,1,1030,0,-7.1,-128,1022,1,1.01,0,5513,1,1.01,0,5513
09-05-2026 15:01,1,1,1,1030,0,-7.1,-128,1022,1,1.01,0,5513,1,1.01,0,5513
09-05-2026 15:01,1,1,1,1027.9,0,-7.1,-127,1020,1,1.01,0,12645,1,1.01,0,12645
09-05-2026 15:01,1,1,1,1023.5,0,-7,-124,1016,1,1.01,0,12645,1,1.01,0,12645
09-05-2026 15:01,1,1,1,1023.5,0,-7,-124,1016,1,1.01,0,7333,1,1.01,0,7333
09-05-2026 15:01,1,1,1,1020.3,0,-6.9,-122,1013,1,1.01,0,7333,1,1.01,0,7333
09-05-2026 15:01,1,1,1,1020.3,0,-6.9,-122,1013,1,1.01,0,4714,1,1.01,0,4714
09-05-2026 15:01,1,1,1,1018.2,0,-6.8,-121,1011,1,1.01,0,4714,1,1.01,0,4714
09-05-2026 15:01,1,1,1,1018.2,0,-6.8,-121,1011,1,1.02,0,4610,1,1.02,0,4610
09-05-2026 15:01,1,1,1,1017.2,0,-6.8,-121,1010,1,1.02,0,4610,1,1.02,0,4610
09-05-2026 15:01,1,1,1,1018.2,0,-6.8,-121,1011,1,1.02,0,461,1,1.02,0,461
09-05-2026 15:01,1,1,1,1018.2,0,-6.8,-121,1011,1,1.02,0,461,1,1.02,0,461
09-05-2026 15:01,1,1,1,1017.1,0,-6.8,-120,1010,1,1.02,0,461,1,1.02,0,461
09-05-2026 15:01,1,1,1,1017.1,0,-6.8,-120,1010,1,1.02,0,461,1,1.02,0,461
09-05-2026 15:01,1,1,1,1016,0,-6.7,-119,1009,1,1.02,0,808,1,1.02,0,808
09-05-2026 15:01,1,1,1,1016,0,-6.7,-119,1009,0,0,0,0,1,1.02,0,808
09-05-2026 15:01,1,1,1,1011.8,0,-6.6,-117,1005,0,0,0,0,1,1.04,0.01,386
09-05-2026 15:01,1,1,1,1011.8,0,-6.6,-117,1005,0,0,0,0,1,1.04,0.01,386
09-05-2026 15:01,1,1,1,1009.8,0,-6.7,-117,1003,0,0,0,0,1,1.04,0.01,4385
09-05-2026 15:01,1,1,1,1005.3,0,-6.4,-112,999,0,0,0,0,1,1.04,0.01,4385
09-05-2026 15:01,1,1,1,1005.3,0,-6.4,-112,999,0,0,0,0,1,1.04,0.01,689
09-05-2026 15:01,1,1,1,998.2,0,-5.9,-102,993,0,0,0,0,1,1.04,0.01,689
09-05-2026 15:01,1,1,1,998.2,0,-5.9,-102,993,0,0,0,0,1,1.04,0,949
09-05-2026 15:01,1,1,1,993.5,0,-5.4,-94,989,0,0,0,0,1,1.04,0,949
09-05-2026 15:01,1,1,1,993.5,0,-5.4,-94,989,0,0,0,0,1,1.04,0,9005
09-05-2026 15:01,1,1,1,992.2,0,-5.3,-91,988,0,0,0,0,1,1.04,0,9005
09-05-2026 15:01,1,1,1,992.1,0,-5.2,-90,988,1,1.03,0,9026,1,1.03,0,9026
09-05-2026 15:01,1,1,1,992.1,0,-5.2,-90,988,1,1.03,0,9026,1,1.03,0,9026
09-05-2026 15:01,1,1,1,992.1,0,-5.2,-90,988,1,1.03,0,5477,1,1.03,0,5477
09-05-2026 15:01,1,1,1,992.1,0,-5.2,-90,988,1,1.03,0,5477,1,1.03,0,5477
09-05-2026 15:01,1,1,1,991.9,0,-5.1,-88,988,1,1.03,0,1325,1,1.03,0,1325
09-05-2026 15:01,1,1,1,991.9,0,-5.1,-88,988,1,1.03,0,1325,1,1.03,0,1325
09-05-2026 15:01,1,1,1,992.8,0,-5,-87,989,1,1.03,0,4369,1,1.03,0,4369
09-05-2026 15:01,1,1,1,992.8,0,-5,-87,989,1,1.03,0,4369,1,1.03,0,4369
09-05-2026 15:01,1,1,1,993,0,-5.1,-89,989,1,1.03,0,5524,1,1.03,0,5524
09-05-2026 15:01,1,1,1,992.1,0,-5.2,-90,988,1,1.03,0,5524,1,1.03,0,5524
09-05-2026 15:01,1,1,1,992.1,0,-5.2,-90,988,1,1.03,0,986,1,1.03,0,986
09-05-2026 15:01,1,1,1,990.1,0,-5.2,-90,986,1,1.03,0,986,1,1.03,0,986
09-05-2026 15:01,1,1,1,990.1,0,-5.2,-90,986,1,1.03,0,850,1,1.03,0,850
09-05-2026 15:01,1,1,1,989.9,0,-5.1,-88,986,1,1.03,0,850,1,1.03,0,850
09-05-2026 15:01,1,1,1,989.9,0,-5.1,-88,986,1,1.03,0,9490,1,1.03,0,9490
09-05-2026 15:01,1,1,1,991.8,0,-5,-87,988,1,1.03,0,9490,1,1.03,0,9490
09-05-2026 15:01,1,1,1,989.4,0,-4.8,-82,986,1,1.03,0,3145,1,1.03,0,3145
09-05-2026 15:01,1,1,1,989.4,0,-4.8,-82,986,1,1.03,0,3145,1,1.03,0,3145
09-05-2026 15:01,1,1,1,990.2,0,-4.6,-79,987,1,1.03,0,6005,1,1.03,0,6005
09-05-2026 15:01,1,1,1,990.2,0,-4.6,-79,987,1,1.03,0,6005,1,1.03,0,6005
09-05-2026 15:01,1,1,1,1004.8,0,-5,-87,1001,1,1.03,0,7880,1,1.03,0,7880
09-05-2026 15:01,1,1,1,1004.8,0,-5,-87,1001,1,1.03,0,7880,1,1.03,0,7880
09-05-2026 15:01,1,1,1,1019.6,0,-5.5,-97,1015,1,1.03,0,11170,1,1.03,0,11170
09-05-2026 15:01,1,1,1,1019.6,0,-5.5,-97,1015,1,1.03,0,11170,1,1.03,0,11170
09-05-2026 15:01,1,1,1,1029.5,0,-5.9,-106,1024,1,1.03,0,17316,1,1.03,0,17316
09-05-2026 15:01,1,1,1,1031.8,0,-6.1,-109,1026,1,1.03,0,17316,1,1.03,0,17316
09-05-2026 15:01,1,1,1,1031.8,0,-6.1,-109,1026,1,1.03,0,20180,1,1.03,0,20180
09-05-2026 15:01,1,1,1,1031.8,0,-6.1,-109,1026,1,1.03,0,20180,1,1.03,0,20180
09-05-2026 15:01,1,1,1,1031.8,0,-6.1,-109,1026,1,1.02,0,2677,1,1.02,0,2677
09-05-2026 15:02,1,1,1,1030.6,0,-6,-107,1025,1,1.02,0,2677,1,1.02,0,2677
09-05-2026 15:02,1,1,1,1030.6,0,-6,-107,1025,1,1.02,0,2677,1,1.02,0,2677
09-05-2026 15:02,1,1,1,1027.4,0,-5.9,-105,1022,1,1.02,0,2677,1,1.02,0,2677
09-05-2026 15:02,1,1,1,1027.4,0,-5.9,-105,1022,1,1.02,0,2677,1,1.02,0,2677
09-05-2026 15:02,1,1,1,1027.2,0,-5.8,-103,1022,0,0,0,0,1,1.02,0,2677
09-05-2026 15:02,1,1,1,1027.3,0,-5.8,-104,1022,0,0,0,0,1,1.02,0,2677
09-05-2026 15:02,1,1,1,1027.3,0,-5.8,-104,1022,0,0,0,0,1,1.02,0,2677
09-05-2026 15:02,1,1,1,1024.4,0,-5.9,-105,1019,0,0,0,0,1,1.05,0,4498
09-05-2026 15:02,1,1,1,1024.4,0,-5.9,-105,1019,0,0,0,0,1,1.05,0,4498
09-05-2026 15:02,1,1,1,1019.3,0,-5.9,-104,1014,1,1.05,0,4498,1,1.05,0,4498
09-05-2026 15:02,1,1,1,1019.3,0,-5.9,-104,1014,1,1.05,0,4498,1,1.05,0,4498
09-05-2026 15:02,1,1,1,1013.1,0,-5.8,-102,1008,1,1.04,0,13829,1,1.04,0,13829
09-05-2026 15:02,1,1,1,1008.2,0,-5.8,-102,1003,1,1.04,0,13829,1,1.04,0,13829
09-05-2026 15:02,1,1,1,1008.2,0,-5.8,-102,1003,1,1.03,0,20561,1,1.03,0,20561
09-05-2026 15:02,1,1,1,1010.6,0,-6,-106,1005,1,1.03,0,20561,1,1.03,0,20561
09-05-2026 15:02,1,1,1,1010.6,0,-6,-106,1005,1,1.03,0,17602,1,1.03,0,17602
09-05-2026 15:02,1,1,1,1013.9,0,-6.2,-109,1008,1,1.03,0,17602,1,1.03,0,17602
09-05-2026 15:02,1,1,1,1013.9,0,-6.2,-109,1008,1,1.03,0,6341,1,1.03,0,6341
09-05-2026 15:02,1,1,1,1017.1,0,-6.3,-111,1011,1,1.03,0,6341,1,1.03,0,6341
09-05-2026 15:02,1,1,1,1017.1,0,-6.3,-111,1011,1,1.03,0,6341,1,1.03,0,6341
09-05-2026 15:02,1,1,1,1020.6,0,-6.5,-116,1014,1,1.03,0,6341,1,1.03,0,6341
09-05-2026 15:02,1,1,1,1021,0,-6.7,-119,1014,1,1.02,0,2146,1,1.02,0,2146
09-05-2026 15:02,1,1,1,1021,0,-6.7,-119,1014,1,1.02,0,2146,1,1.02,0,2146
09-05-2026 15:02,1,1,1,1017.1,0,-6.8,-120,1010,1,1.04,0,1076,1,1.04,0,1076
09-05-2026 15:02,1,1,1,1017.1,0,-6.8,-120,1010,1,1.04,0,1076,1,1.04,0,1076
09-05-2026 15:02,1,1,1,1016.3,0,-6.9,-122,1009,1,1.03,0,1040,1,1.03,0,1040
09-05-2026 15:02,1,1,1,1016.3,0,-6.9,-122,1009,0,0,0,0,1,1.03,0,1040
09-05-2026 15:02,1,1,1,1015.5,0,-7,-123,1008,0,0,0,0,1,1.03,0,4365
09-05-2026 15:02,1,1,1,1015.4,0,-6.9,-122,1008,0,0,0,0,1,1.03,0,4365
09-05-2026 15:02,1,1,1,1015.4,0,-6.9,-122,1008,0,0,0,0,1,1.03,0,1625
09-05-2026 15:02,1,1,1,1015.5,0,-7,-123,1008,0,0,0,0,1,1.03,0,1625
09-05-2026 15:02,1,1,1,1015.5,0,-7,-123,1008,0,0,0,0,1,1.03,0,1625
09-05-2026 15:02,1,1,1,1018.8,0,-7.1,-126,1011,0,0,0,0,1,1.03,0,1625
09-05-2026 15:02,1,1,1,1018.8,0,-7.1,-126,1011,0,0,0,0,1,1.03,0,1625
09-05-2026 15:02,1,1,1,1022.3,0,-7.3,-130,1014,0,0,0,0,1,1.03,0,1625
09-05-2026 15:02,1,1,1,1022.3,0,-7.3,-130,1014,0,0,0,0,1,1.03,0,1625
09-05-2026 15:02,1,1,1,1025.7,0,-7.5,-133,1017,0,0,0,0,1,1.03,0,1625
09-05-2026 15:02,1,1,1,1024.5,0,-7.4,-132,1016,0,0,0,0,1,1.01,0.01,538
09-05-2026 15:02,1,1,1,1024.5,0,-7.4,-132,1016,0,0,0,0,1,1.01,0.01,538
09-05-2026 15:02,1,1,1,1024.3,0,-7.3,-130,1016,0,0,0,0,1,1.01,0.01,538
09-05-2026 15:02,1,1,1,1024.3,0,-7.3,-130,1016,0,0,0,0,1,1.01,0.01,538
09-05-2026 15:02,1,1,1,1023,0,-7.2,-128,1015,0,0,0,0,1,1.02,0,1186
09-05-2026 15:02,1,1,1,1023,0,-7.2,-128,1015,0,0,0,0,1,1.02,0,1186
09-05-2026 15:02,1,1,1,1021.4,0,-6.9,-123,1014,0,0,0,0,1,1.01,0,1514
09-05-2026 15:02,1,1,1,1021,0,-6.7,-119,1014,0,0,0,0,1,1.01,0,1514
09-05-2026 15:02,1,1,1,1021,0,-6.7,-119,1014,0,0,0,0,1,1.01,0,369
09-05-2026 15:02,1,1,1,1017.4,0,-6.4,-114,1011,0,0,0,0,1,1.01,0,369
09-05-2026 15:02,1,1,1,1017.4,0,-6.4,-114,1011,0,0,0,0,1,1.01,0,1000
09-05-2026 15:02,1,1,1,1016.2,0,-6.3,-112,1010,0,0,0,0,1,1.01,0,1000
09-05-2026 15:02,1,1,1,1016.2,0,-6.3,-112,1010,0,0,0,0,1,1.01,0,436
09-05-2026 15:02,1,1,1,1015.4,0,-6.4,-114,1009,0,0,0,0,1,1.01,0,436
09-05-2026 15:02,1,1,1,1015.4,0,-6.4,-114,1009,0,0,0,0,1,1.01,0,436
09-05-2026 15:02,1,1,1,1015,0,-6.7,-119,1008,0,0,0,0,1,1.01,0,436
09-05-2026 15:02,1,1,1,1018.7,0,-7,-125,1011,0,0,0,0,1,1.01,0,2925
09-05-2026 15:02,1,1,1,1018.7,0,-7,-125,1011,0,0,0,0,1,1.01,0,2925
09-05-2026 15:02,1,1,1,1022,0,-7.2,-128,1014,0,0,0,0,1,1.01,0,1252
09-05-2026 15:02,1,1,1,1022,0,-7.2,-128,1014,0,0,0,0,1,1.01,0,1252
09-05-2026 15:02,1,1,1,1019.8,0,-7.1,-126,1012,0,0,0,0,1,1.01,0,373
09-05-2026 15:02,1,1,1,1019.8,0,-7.1,-126,1012,0,0,0,0,1,1.01,0,373
09-05-2026 15:02,1,1,1,1016.1,0,-6.8,-120,1009,0,0,0,0,1,1.02,0,580
09-05-2026 15:02,1,1,1,1007.8,0,-6.7,-117,1001,0,0,0,0,1,1.02,0,580
09-05-2026 15:02,1,1,1,1007.8,0,-6.7,-117,1001,0,0,0,0,1,1.02,0,865
09-05-2026 15:02,1,1,1,1001.7,0,-6.6,-116,995,0,0,0,0,1,1.02,0,865
09-05-2026 15:02,1,1,1,1001.7,0,-6.6,-116,995,0,0,0,0,1,1.05,0.01,725
09-05-2026 15:02,1,1,1,1002.1,0,-6.8,-119,995,0,0,0,0,1,1.05,0.01,725
09-05-2026 15:02,1,1,1,1002.1,0,-6.8,-119,995,0,0,0,0,1,1.05,0.01,1066
09-05-2026 15:02,1,1,1,999.6,0,-7.1,-123,992,0,0,0,0,1,1.05,0.01,1066
09-05-2026 15:02,1,1,1,999.6,0,-7.1,-123,992,0,0,0,0,1,1.04,0,509
09-05-2026 15:02,1,1,1,996.4,0,-7,-121,989,0,0,0,0,1,1.04,0,509
09-05-2026 15:02,1,1,1,993,0,-6.8,-118,986,0,0,0,0,1,1.06,0.01,520
09-05-2026 15:02,1,1,1,993,0,-6.8,-118,986,0,0,0,0,1,1.06,0.01,520
09-05-2026 15:02,1,1,1,991.7,0,-6.7,-115,985,0,0,0,0,1,1.06,0.01,9397
09-05-2026 15:02,1,1,1,991.7,0,-6.7,-115,985,0,0,0,0,1,1.06,0.01,9397
09-05-2026 15:02,1,1,1,991.3,0,-6.5,-112,985,0,0,0,0,1,1.05,0,1513
09-05-2026 15:02,1,1,1,991.3,0,-6.5,-112,985,0,0,0,0,1,1.05,0,1513
09-05-2026 15:02,1,1,1,990.1,0,-6.4,-110,984,0,0,0,0,1,1.05,0,1513
09-05-2026 15:02,1,1,1,989.8,0,-6.2,-107,984,0,0,0,0,1,1.05,0,1513
09-05-2026 15:02,1,1,1,989.8,0,-6.2,-107,984,0,0,0,0,1,1.05,0,3285
09-05-2026 15:02,1,1,1,986.4,0,-6,-103,981,0,0,0,0,1,1.05,0,3285
09-05-2026 15:02,1,1,1,986.4,0,-6,-103,981,1,1.05,0,3285,1,1.05,0,3285
09-05-2026 15:02,1,1,1,980.6,0,-5.6,-95,976,1,1.05,0,3285,1,1.05,0,3285
09-05-2026 15:02,1,1,1,980.6,0,-5.6,-95,976,1,1.05,0,3285,1,1.05,0,3285
09-05-2026 15:02,1,1,1,972.7,0,-5,-85,969,1,1.05,0,3285,1,1.05,0,3285
09-05-2026 15:02,1,1,1,972.7,0,-5,-85,969,1,1.05,0,3285,1,1.05,0,3285
09-05-2026 15:02,1,1,1,966,0,-4.5,-76,963,1,1.05,0,3285,1,1.05,0,3285
09-05-2026 15:02,1,1,1,962.7,0,-4.3,-72,960,1,1.07,0,1508,1,1.07,0,1508
09-05-2026 15:02,1,1,1,962.7,0,-4.3,-72,960,1,1.07,0,1508,1,1.07,0,1508
09-05-2026 15:02,1,1,1,963,0,-4.5,-76,960,1,1.07,0,1508,1,1.07,0,1508
09-05-2026 15:02,1,1,1,963,0,-4.5,-76,960,1,1.07,0,1508,1,1.07,0,1508
09-05-2026 15:02,1,1,1,964.3,0,-4.8,-80,961,1,1.04,0,1156,1,1.04,0,1156
09-05-2026 15:02,1,1,1,964.3,0,-4.8,-80,961,0,0,0,0,1,1.04,0,1156
09-05-2026 15:02,1,1,1,963.5,0,-4.9,-82,960,0,0,0,0,1,1.07,0,1445
09-05-2026 15:02,1,1,1,963.5,0,-4.9,-82,960,0,0,0,0,1,1.07,0,1445
09-05-2026 15:02,1,1,1,964.8,0,-5.1,-86,961,0,0,0,0,1,1.06,0,9028
09-05-2026 15:02,1,1,1,969.8,0,-5.1,-86,966,0,0,0,0,1,1.06,0,9028
09-05-2026 15:02,1,1,1,969.8,0,-5.1,-86,966,1,1.06,0,7045,1,1.06,0,7045
09-05-2026 15:02,1,1,1,972.7,0,-5,-85,969,1,1.06,0,7045,1,1.06,0,7045
09-05-2026 15:02,1,1,1,972.7,0,-5,-85,969,1,1.06,0,7045,1,1.06,0,7045
09-05-2026 15:02,1,1,1,974,0,-5.2,-88,970,1,1.06,0,7045,1,1.06,0,7045
09-05-2026 15:02,1,1,1,974,0,-5.2,-88,970,1,1.06,0,7045,1,1.06,0,7045
09-05-2026 15:02,1,1,1,973,0,-5.2,-88,969,1,1.06,0,7045,1,1.06,0,7045
09-05-2026 15:02,1,1,1,972.9,0,-5.1,-87,969,1,1.06,0,7045,1,1.06,0,7045
09-05-2026 15:02,1,1,1,972.9,0,-5.1,-87,969,1,1.06,0,7045,1,1.06,0,7045
09-05-2026 15:02,1,1,1,975.9,0,-5.1,-87,972,1,1.06,0,7045,1,1.06,0,7045
09-05-2026 15:02,1,1,1,975.9,0,-5.1,-87,972,1,1.06,0,7045,1,1.06,0,7045
09-05-2026 15:02,1,1,1,979,0,-5.2,-88,975,1,1.06,0,7045,1,1.06,0,7045
09-05-2026 15:02,1,1,1,979,0,-5.2,-88,975,1,1.06,0,7045,1,1.06,0,7045
09-05-2026 15:02,1,1,1,982,0,-5.2,-89,978,1,1.06,0,7045,1,1.06,0,7045
09-05-2026 15:02,1,1,1,982,0,-5.2,-89,978,1,1.06,0,7045,1,1.06,0,7045
09-05-2026 15:02,1,1,1,984.1,0,-5.2,-90,980,1,1.06,0,7045,1,1.06,0,7045
09-05-2026 15:02,1,1,1,984.1,0,-5.2,-90,980,1,0,0,0,0,0,0,0
09-05-2026 15:02,1,1,1,984.1,0,-5.2,-90,980,1,0,0,0,0,0,0,0
09-05-2026 15:02,1,1,1,984.1,0,-5.2,-90,980,1,0,0,0,0,0,0,0
09-05-2026 15:02,1,1,1,984.1,0,-5.2,-90,980,1,1.08,0,4162,1,1.08,0,4162
09-05-2026 15:02,1,1,1,982.1,0,-5.3,-90,978,1,1.08,0,4162,1,1.08,0,4162
09-05-2026 15:02,1,1,1,982.1,0,-5.3,-90,978,1,1.04,0,18029,1,1.04,0,18029
09-05-2026 15:02,1,1,1,979.2,0,-5.3,-91,975,1,1.04,0,18029,1,1.04,0,18029
09-05-2026 15:02,1,1,1,975.4,0,-5.5,-93,971,1,1.03,0,28009,1,1.03,0,28009
09-05-2026 15:02,1,1,1,975.4,0,-5.5,-93,971,1,1.03,0,28009,1,1.03,0,28009
09-05-2026 15:02,1,1,1,973.5,0,-5.5,-93,969,1,1.03,0,28009,1,1.03,0,28009
09-05-2026 15:02,1,1,1,973.5,0,-5.5,-93,969,1,1.03,0,28009,1,1.03,0,28009
09-05-2026 15:02,1,1,1,971.5,0,-5.5,-93,967,1,1.02,0,29057,1,1.02,0,29057
09-05-2026 15:02,1,1,1,971.5,0,-5.5,-93,967,1,1.02,0,29057,1,1.02,0,29057
09-05-2026 15:02,1,1,1,971.5,0,-5.5,-93,967,1,1.02,0,57125,1,1.02,0,57125
09-05-2026 15:02,1,1,1,971.5,0,-5.5,-93,967,1,1.02,0,57125,1,1.02,0,57125
09-05-2026 15:02,1,1,1,971.7,0,-5.6,-95,967,1,1.01,0,23545,1,1.01,0,23545
09-05-2026 15:02,1,1,1,973.8,0,-5.7,-97,969,1,1.01,0,23545,1,1.01,0,23545
09-05-2026 15:02,1,1,1,973.8,0,-5.7,-97,969,1,1.01,0,64458,1,1.01,0,64458
09-05-2026 15:02,1,1,1,975.1,0,-5.9,-100,970,1,1.01,0,64458,1,1.01,0,64458
09-05-2026 15:02,1,1,1,975.1,0,-5.9,-100,970,1,1.01,0,41929,1,1.01,0,41929
09-05-2026 15:02,1,1,1,976.3,0,-6,-102,971,1,1.01,0,41929,1,1.01,0,41929
09-05-2026 15:02,1,1,1,976.3,0,-6,-102,971,1,1.01,0,59665,1,1.01,0,59665
09-05-2026 15:02,1,1,1,976.6,0,-6.1,-104,971,1,1.01,0,59665,1,1.01,0,59665
09-05-2026 15:02,1,1,1,976.8,0,-6.2,-106,971,1,1.01,0,2073,1,1.01,0,2073
09-05-2026 15:02,1,1,1,976.8,0,-6.2,-106,971,1,1.01,0,2073,1,1.01,0,2073
09-05-2026 15:02,1,1,1,976,0,-6.4,-108,970,1,1.01,0,35554,1,1.01,0,35554
09-05-2026 15:02,1,1,1,976,0,-6.4,-108,970,1,1.01,0,35554,1,1.01,0,35554
09-05-2026 15:02,1,1,1,975.1,0,-6.4,-109,969,1,1.01,0,4068,1,1.01,0,4068
09-05-2026 15:02,1,1,1,975.1,0,-6.4,-109,969,1,1.01,0,4068,1,1.01,0,4068
09-05-2026 15:02,1,1,1,975.1,0,-6.4,-109,969,1,1.01,0,4068,1,1.01,0,4068
09-05-2026 15:02,1,1,1,975.1,0,-6.4,-109,969,1,1.01,0,4068,1,1.01,0,4068
09-05-2026 15:02,1,1,1,976.2,0,-6.5,-110,970,1,1.01,0,36017,1,1.01,0,36017
09-05-2026 15:02,1,1,1,976.2,0,-6.5,-110,970,1,1.01,0,36017,1,1.01,0,36017
09-05-2026 15:02,1,1,1,976.2,0,-6.5,-110,970,1,1.01,0,25970,1,1.01,0,25970
09-05-2026 15:02,1,1,1,976.3,0,-6.5,-111,970,1,1.01,0,25970,1,1.01,0,25970
09-05-2026 15:02,1,1,1,976.3,0,-6.5,-111,970,1,1.03,0.01,1844,1,1.03,0.01,1844
09-05-2026 15:02,1,1,1,973.3,0,-6.5,-111,967,1,1.03,0.01,1844,1,1.03,0.01,1844
09-05-2026 15:02,1,1,1,973.3,0,-6.5,-111,967,1,1.03,0.01,5840,1,1.03,0.01,5840
09-05-2026 15:02,1,1,1,968.8,0,-6.3,-106,963,1,1.03,0.01,5840,1,1.03,0.01,5840
09-05-2026 15:02,1,1,1,964.5,0,-6.1,-103,959,1,1.03,0,15300,1,1.03,0,15300
09-05-2026 15:02,1,1,1,964.5,0,-6.1,-103,959,1,1.03,0,15300,1,1.03,0,15300
09-05-2026 15:02,1,1,1,963.5,0,-6.1,-103,958,1,1.03,0,4148,1,1.03,0,4148
09-05-2026 15:02,1,1,1,963.5,0,-6.1,-103,958,1,1.03,0,4148,1,1.03,0,4148
09-05-2026 15:02,1,1,1,962,0,-5.8,-98,957,1,1.03,0,5440,1,1.03,0,5440
09-05-2026 15:02,1,1,1,962,0,-5.8,-98,957,1,1.03,0,5440,1,1.03,0,5440
09-05-2026 15:02,1,1,1,961.9,0,-5.2,-87,958,1,1.03,0,3826,1,1.03,0,3826
09-05-2026 15:02,1,1,1,961.9,0,-5.2,-87,958,1,1.03,0,3826,1,1.03,0,3826
09-05-2026 15:02,1,1,1,961,0,-4.5,-76,958,1,1.03,0,17497,1,1.03,0,17497
09-05-2026 15:02,1,1,1,960.9,0,-4.4,-74,958,1,1.03,0,17497,1,1.03,0,17497
09-05-2026 15:02,1,1,1,960.9,0,-4.4,-74,958,1,1.03,0,31610,1,1.03,0,31610
09-05-2026 15:02,1,1,1,960.9,0,-4.4,-74,958,1,1.03,0,31610,1,1.03,0,31610
09-05-2026 15:02,1,1,1,960.9,0,-4.4,-74,958,1,1.02,0,17741,1,1.02,0,17741
09-05-2026 15:02,1,1,1,961,0,-4.5,-76,958,1,1.02,0,17741,1,1.02,0,17741
09-05-2026 15:02,1,1,1,961,0,-4.5,-76,958,1,1.05,0.01,13369,1,1.05,0.01,13369
09-05-2026 15:02,1,1,1,958.9,0,-4.5,-75,956,1,1.05,0.01,13369,1,1.05,0.01,13369
09-05-2026 15:02,1,1,1,956.9,0,-4.5,-75,954,1,1.05,0.01,13369,1,1.05,0.01,13369
09-05-2026 15:02,1,1,1,956.9,0,-4.5,-75,954,1,1.05,0.01,13369,1,1.05,0.01,13369
09-05-2026 15:02,1,1,1,958.1,0,-4.6,-77,955,1,1.05,0.01,37498,1,1.05,0.01,37498
09-05-2026 15:02,1,1,1,958.1,0,-4.6,-77,955,1,1.05,0.01,37498,1,1.05,0.01,37498
09-05-2026 15:02,1,1,1,966.7,0,-5,-84,963,1,1.07,0.02,15440,1,1.07,0.02,15440
09-05-2026 15:02,1,1,1,966.7,0,-5,-84,963,1,1.07,0.02,15440,1,1.07,0.02,15440
09-05-2026 15:02,1,1,1,975.2,0,-5.3,-90,971,1,1.07,0.02,15440,1,1.07,0.02,15440
09-05-2026 15:02,1,1,1,975.2,0,-5.3,-90,971,1,1.07,0.02,15440,1,1.07,0.02,15440
09-05-2026 15:02,1,1,1,986.8,0,-5.6,-97,982,1,1.09,0.02,544,1,1.09,0.02,544
09-05-2026 15:02,1,1,1,1000.4,0,-6,-104,995,1,1.09,0.02,544,1,1.09,0.02,544
09-05-2026 15:02,1,1,1,1000.4,0,-6,-104,995,1,1.11,0.03,3965,1,1.11,0.03,3965
09-05-2026 15:02,1,1,1,1007.6,0,-6,-106,1002,1,1.11,0.03,3965,1,1.11,0.03,3965
09-05-2026 15:02,1,1,1,1007.6,0,-6,-106,1002,1,1.13,0.03,6176,1,1.13,0.03,6176
09-05-2026 15:02,1,1,1,1007.6,0,-6,-106,1002,1,1.13,0.03,6176,1,1.13,0.03,6176
09-05-2026 15:02,1,1,1,1007.6,0,-6,-106,1002,1,1.14,0.03,8125,1,1.14,0.03,8125
09-05-2026 15:02,1,1,1,1007.6,0,-6,-106,1002,1,1.14,0.03,8125,1,1.14,0.03,8125
09-05-2026 15:02,1,1,1,1007.6,0,-6,-106,1002,1,1.15,0.03,8125,1,1.15,0.03,8125
09-05-2026 15:02,1,1,1,1009.8,0,-6.1,-108,1004,1,1.15,0.03,8125,1,1.15,0.03,8125
09-05-2026 15:02,1,1,1,1012.2,0,-6.4,-112,1006,1,1.15,0.03,8125,1,1.15,0.03,8125
09-05-2026 15:02,1,1,1,1012.2,0,-6.4,-112,1006,1,1.15,0.03,8125,1,1.15,0.03,8125
09-05-2026 15:02,1,1,1,1015.8,0,-6.6,-117,1009,1,1.15,0.03,8125,1,1.15,0.03,8125
09-05-2026 15:02,1,1,1,1015.8,0,-6.6,-117,1009,1,1.15,0.03,8125,1,1.15,0.03,8125
09-05-2026 15:02,1,1,1,1017.5,0,-6.9,-123,1010,1,1.15,0.03,8125,1,1.15,0.03,8125
09-05-2026 15:02,1,1,1,1017.5,0,-6.9,-123,1010,1,1.15,0.03,8125,1,1.15,0.03,8125
09-05-2026 15:02,1,1,1,1018.8,0,-7.1,-126,1011,1,1.02,0,8245,1,1.02,0,8245
09-05-2026 15:02,1,1,1,1016.8,0,-7.1,-126,1009,1,1.02,0,8245,1,1.02,0,8245
09-05-2026 15:02,1,1,1,1016.8,0,-7.1,-126,1009,1,1.01,0,1802,1,1.01,0,1802
09-05-2026 15:02,1,1,1,1010.4,0,-6.9,-122,1003,1,1.01,0,1802,1,1.01,0,1802
09-05-2026 15:02,1,1,1,1010.4,0,-6.9,-122,1003,1,1.01,0,1885,1,1.01,0,1885
09-05-2026 15:02,1,1,1,997.9,0,-6.7,-117,991,1,1.01,0,1885,1,1.01,0,1885
09-05-2026 15:02,1,1,1,997.9,0,-6.7,-117,991,1,1.01,0,1885,1,1.01,0,1885
09-05-2026 15:02,1,1,1,953.6,0,-6.2,-103,948,0,0,0,0,1,1.01,0,1885
09-05-2026 15:02,1,1,1,953.6,0,-6.2,-103,948,0,0,0,0,1,1.01,0,1885
09-05-2026 15:02,1,1,1,939.2,0,-6.6,-108,933,0,0,0,0,1,1.01,0,1885
09-05-2026 15:02,1,1,1,940.5,0,-6.7,-110,934,0,0,0,0,1,1.01,0,1885
09-05-2026 15:02,1,1,1,940.5,0,-6.7,-110,934,0,0,0,0,1,1.01,0,1885
09-05-2026 15:02,1,1,1,947.4,0,-6.7,-110,941,0,0,0,0,1,1.01,0,1885
09-05-2026 15:02,1,1,1,947.4,0,-6.7,-110,941,0,0,0,0,1,1.01,0,1885
09-05-2026 15:02,1,1,1,953.7,0,-6.8,-113,947,0,0,0,0,1,1.02,0,51437
09-05-2026 15:02,1,1,1,953.7,0,-6.8,-113,947,0,0,0,0,1,1.02,0,51437
09-05-2026 15:02,1,1,1,954.8,0,-6.9,-114,948,1,1.02,0,14928,1,1.02,0,14928
09-05-2026 15:02,1,1,1,954.1,0,-7,-116,947,1,1.02,0,14928,1,1.02,0,14928
09-05-2026 15:02,1,1,1,954.1,0,-7,-116,947,1,1.01,0,48789,1,1.01,0,48789
09-05-2026 15:02,1,1,1,952.2,0,-7.1,-117,945,1,1.01,0,48789,1,1.01,0,48789
09-05-2026 15:02,1,1,1,952.2,0,-7.1,-117,945,1,1.01,0,55681,1,1.01,0,55681
09-05-2026 15:02,1,1,1,951.2,0,-7.1,-117,944,1,1.01,0,55681,1,1.01,0,55681
09-05-2026 15:02,1,1,1,951.2,0,-7.1,-117,944,1,1.01,0,7380,1,1.01,0,7380
09-05-2026 15:02,1,1,1,950.2,0,-7.1,-117,943,1,1.01,0,7380,1,1.01,0,7380
09-05-2026 15:02,1,1,1,950.2,0,-7.1,-117,943,1,1.01,0,7380,1,1.01,0,7380
09-05-2026 15:02,1,1,1,949.9,0,-6.9,-114,943,1,1.01,0,7380,1,1.01,0,7380
09-05-2026 15:02,1,1,1,951.7,0,-6.8,-113,945,1,1.01,0,7380,1,1.01,0,7380
09-05-2026 15:02,1,1,1,951.7,0,-6.8,-113,945,1,1.01,0,7380,1,1.01,0,7380
09-05-2026 15:02,1,1,1,951.7,0,-6.8,-113,945,1,1.01,0,7380,1,1.01,0,7380
09-05-2026 15:02,1,1,1,951.7,0,-6.8,-113,945,1,1.01,0,7380,1,1.01,0,7380
09-05-2026 15:02,1,1,1,951,0,-6.9,-115,944,1,1.05,0,41120,1,1.05,0,41120
09-05-2026 15:02,1,1,1,951,0,-6.9,-115,944,1,1.05,0,41120,1,1.05,0,41120
09-05-2026 15:02,1,1,1,951.3,0,-7.1,-118,944,1,1.05,0,41120,1,1.05,0,41120
09-05-2026 15:02,1,1,1,954,0,-7.4,-123,946,1,1.05,0,41120,1,1.05,0,41120
09-05-2026 15:02,1,1,1,954,0,-7.4,-123,946,1,1.07,0,7690,1,1.07,0,7690
09-05-2026 15:02,1,1,1,955.9,0,-7.8,-130,947,1,1.07,0,7690,1,1.07,0,7690
09-05-2026 15:02,1,1,1,955.9,0,-7.8,-130,947,1,1.07,0,7690,1,1.07,0,7690
09-05-2026 15:02,1,1,1,958.1,0,-8.3,-139,948,1,1.07,0,7690,1,1.07,0,7690
09-05-2026 15:02,1,1,1,958.1,0,-8.3,-139,948,1,1.13,0.01,3845,1,1.13,0.01,3845
09-05-2026 15:02,1,1,1,962.5,0,-8.5,-142,952,1,1.13,0.01,3845,1,1.13,0.01,3845
09-05-2026 15:02,1,1,1,962.5,0,-8.5,-142,952,1,1.11,0,12808,1,1.11,0,12808
09-05-2026 15:02,1,1,1,967.5,0,-8.4,-142,957,1,1.11,0,12808,1,1.11,0,12808
09-05-2026 15:02,1,1,1,972.3,0,-8.3,-141,962,1,1.11,0,10001,1,1.11,0,10001
09-05-2026 15:02,1,1,1,972.3,0,-8.3,-141,962,1,1.11,0,10001,1,1.11,0,10001
09-05-2026 15:02,1,1,1,976.2,0,-8.3,-141,966,1,1.1,0,6161,1,1.1,0,6161
09-05-2026 15:02,1,1,1,976.2,0,-8.3,-141,966,1,1.1,0,6161,1,1.1,0,6161
09-05-2026 15:02,1,1,1,978,0,-8.6,-146,967,1,1.1,0,6161,1,1.1,0,6161
09-05-2026 15:02,1,1,1,978,0,-8.6,-146,967,1,1.1,0,6161,1,1.1,0,6161
09-05-2026 15:02,1,1,1,979.9,0,-8.9,-152,968,1,1.1,0,6161,1,1.1,0,6161
09-05-2026 15:02,1,1,1,979.9,0,-8.9,-152,968,1,1.1,0,6161,1,1.1,0,6161
09-05-2026 15:02,1,1,1,979.9,0,-8.9,-152,968,1,1.1,0,6161,1,1.1,0,6161
09-05-2026 15:02,1,1,1,981.2,0,-8.3,-141,971,1,1.1,0,6161,1,1.1,0,6161
09-05-2026 15:02,1,1,1,981.2,0,-8.3,-141,971,1,1.1,0,6161,1,1.1,0,6161
09-05-2026 15:02,1,1,1,985.2,0,-7.4,-127,977,1,1.1,0,6161,1,1.1,0,6161
09-05-2026 15:02,1,1,1,985.2,0,-7.4,-127,977,1,1.1,0,6161,1,1.1,0,6161
09-05-2026 15:02,1,1,1,994.4,0,-5.4,-93,990,1,1.1,0,6161,1,1.1,0,6161
09-05-2026 15:02,1,1,1,994.4,0,-5.4,-93,990,1,1.1,0,6161,1,1.1,0,6161
09-05-2026 15:02,1,1,1,988.7,0,-5.6,-96,984,1,1.1,0,6161,1,1.1,0,6161
09-05-2026 15:02,1,1,1,976.4,0,-6.1,-103,971,1,1.03,0,4149,1,1.03,0,4149
09-05-2026 15:02,1,1,1,976.4,0,-6.1,-103,971,1,1.03,0,4149,1,1.03,0,4149
09-05-2026 15:02,1,1,1,970.9,0,-6.3,-107,965,1,1.03,0,4149,1,1.03,0,4149
09-05-2026 15:02,1,1,1,970.9,0,-6.3,-107,965,1,1.03,0,4149,1,1.03,0,4149
09-05-2026 15:02,1,1,1,966.9,0,-6.4,-107,961,1,1.14,0.01,610,1,1.14,0.01,610
09-05-2026 15:02,1,1,1,966.9,0,-6.4,-107,961,1,1.14,0.01,610,1,1.14,0.01,610
09-05-2026 15:02,1,1,1,958.3,0,-6,-101,953,1,1.17,0.01,578,1,1.17,0.01,578
09-05-2026 15:02,1,1,1,947.7,0,-3.4,-56,946,1,1.17,0.01,578,1,1.17,0.01,578
09-05-2026 15:02,1,1,1,947.7,0,-3.4,-56,946,1,1.17,0.01,578,1,1.17,0.01,578
09-05-2026 15:02,1,1,1,943,0,-0.1,-1,943,0,0,0,0,1,1.17,0.01,578
09-05-2026 15:02,1,1,1,882.6,0,-17,-258,844,1,1.01,0,3649,1,1.01,0,3649
09-05-2026 15:02,1,1,1,882.6,0,-17,-258,844,1,1.01,0,3649,1,1.01,0,3649
09-05-2026 15:02,1,1,1,884.9,0,-17.5,-266,844,1,1,0,3977,1,1,0,3977
09-05-2026 15:02,1,1,1,884.9,0,-17.5,-266,844,1,1,0,3977,1,1,0,3977
09-05-2026 15:02,1,1,1,886.1,0,-17.9,-273,843,1,1,0,3880,1,1,0,3880
09-05-2026 15:02,1,1,1,886.1,0,-17.9,-273,843,1,1,0,3880,1,1,0,3880
09-05-2026 15:02,1,1,1,889.5,0,-18.4,-281,844,1,1,0,442,1,1,0,442
09-05-2026 15:02,1,1,1,889.5,0,-18.4,-281,844,1,1,0,442,1,1,0,442
09-05-2026 15:02,1,1,1,893.7,0,-18.8,-288,846,1,1,0,337,1,1,0,337
09-05-2026 15:02,1,1,1,896.9,0,-19.2,-295,847,1,1,0,337,1,1,0,337
09-05-2026 15:02,1,1,1,896.9,0,-19.2,-295,847,1,1,0,370,1,1,0,370
09-05-2026 15:02,1,1,1,900.2,0,-19.6,-302,848,0,0,0,0,1,1,0,370
09-05-2026 15:02,1,1,1,900.2,0,-19.6,-302,848,0,0,0,0,1,1,0,1764
09-05-2026 15:02,1,1,1,903.1,0,-19.9,-308,849,0,0,0,0,1,1,0,1764
09-05-2026 15:02,1,1,1,903.1,0,-19.9,-308,849,0,0,0,0,1,1,0,857
09-05-2026 15:02,1,1,1,907.1,0,-20.3,-314,851,0,0,0,0,1,1,0,857
09-05-2026 15:02,1,1,1,910.9,0,-20.4,-317,854,0,0,0,0,1,1,0,857
09-05-2026 15:02,1,1,1,910.9,0,-20.4,-317,854,0,0,0,0,1,1,0,857
09-05-2026 15:02,1,1,1,915.7,0,-20.5,-320,858,0,0,0,0,1,1,0,697
09-05-2026 15:02,1,1,1,915.7,0,-20.5,-320,858,0,0,0,0,1,1,0,697
09-05-2026 15:02,1,1,1,919.6,0,-20.6,-323,861,0,0,0,0,1,1,0,676
09-05-2026 15:02,1,1,1,919.6,0,-20.6,-323,861,0,0,0,0,1,1,0,676
09-05-2026 15:02,1,1,1,919.8,0,-21,-329,859,0,0,0,0,1,1,0,1737
09-05-2026 15:02,1,1,1,919.8,0,-21,-329,859,0,0,0,0,1,1,0,1737
09-05-2026 15:02,1,1,1,919.2,0,-21.4,-335,856,0,0,0,0,1,1,0,8209
09-05-2026 15:02,1,1,1,918.6,0,-21.8,-341,853,0,0,0,0,1,1,0,8209
09-05-2026 15:02,1,1,1,918.6,0,-21.8,-341,853,1,1,0,14177,1,1,0,14177
09-05-2026 15:02,1,1,1,919,0,-22.2,-347,851,1,1,0,14177,1,1,0,14177
09-05-2026 15:02,1,1,1,919,0,-22.2,-347,851,1,1,0,28960,1,1,0,28960
09-05-2026 15:02,1,1,1,920,0,-22.5,-352,850,1,1,0,28960,1,1,0,28960
09-05-2026 15:02,1,1,1,920,0,-22.5,-352,850,1,1,0,29549,1,1,0,29549
09-05-2026 15:02,1,1,1,920.6,0,-22.7,-356,849,1,1,0,29549,1,1,0,29549
09-05-2026 15:02,1,1,1,920.7,0,-23.1,-361,847,1,1.01,0,6866,1,1.01,0,6866
09-05-2026 15:02,1,1,1,920.7,0,-23.1,-361,847,1,1.01,0,6866,1,1.01,0,6866
09-05-2026 15:02,1,1,1,920.5,0,-23.4,-365,845,1,1.02,0.01,1021,1,1.02,0.01,1021
09-05-2026 15:02,1,1,1,920.5,0,-23.4,-365,845,1,1.02,0.01,1021,1,1.02,0.01,1021
09-05-2026 15:02,1,1,1,919.3,0,-23.7,-369,842,1,1.03,0.01,1874,1,1.03,0.01,1874
09-05-2026 15:02,1,1,1,919.3,0,-23.7,-369,842,1,1.03,0.01,1874,1,1.03,0.01,1874
09-05-2026 15:02,1,1,1,920.1,0,-23.8,-371,842,1,1.02,0.01,2917,1,1.02,0.01,2917
09-05-2026 15:02,1,1,1,920.1,0,-23.8,-371,842,0,0,0,0,1,1.02,0.01,2917
09-05-2026 15:02,1,1,1,920.5,0,-23.8,-372,842,0,0,0,0,1,1.02,0,4000
09-05-2026 15:02,1,1,1,922.2,0,-23.9,-374,843,0,0,0,0,1,1.02,0,4000
09-05-2026 15:02,1,1,1,922.2,0,-23.9,-374,843,0,0,0,0,1,1.04,0.01,1565
09-05-2026 15:02,1,1,1,921.7,0,-24,-375,842,0,0,0,0,1,1.04,0.01,1565
09-05-2026 15:02,1,1,1,921.7,0,-24,-375,842,0,0,0,0,1,1.06,0.02,2248
09-05-2026 15:02,1,1,1,918.1,0,-24.1,-375,838,0,0,0,0,1,1.06,0.02,2248
09-05-2026 15:02,1,1,1,918.1,0,-24.1,-375,838,0,0,0,0,1,1.08,0.03,6241
09-05-2026 15:02,1,1,1,916.3,0,-24.2,-375,836,0,0,0,0,1,1.08,0.03,6241
09-05-2026 15:02,1,1,1,917.2,0,-24.1,-375,837,1,1.1,0.03,7649,1,1.1,0.03,7649
09-05-2026 15:02,1,1,1,917.2,0,-24.1,-375,837,1,1.1,0.03,7649,1,1.1,0.03,7649
09-05-2026 15:02,1,1,1,920.7,0,-24.2,-377,840,1,1.11,0.03,5661,1,1.11,0.03,5661
09-05-2026 15:02,1,1,1,920.7,0,-24.2,-377,840,1,1.11,0.03,5661,1,1.11,0.03,5661
09-05-2026 15:02,1,1,1,925.7,0,-24.1,-378,845,1,1.11,0.02,1088,1,1.11,0.02,1088
09-05-2026 15:02,1,1,1,925.7,0,-24.1,-378,845,1,1.11,0.02,1088,1,1.11,0.02,1088
09-05-2026 15:02,1,1,1,930.2,0,-24.1,-380,849,1,1.1,0.01,1024,1,1.1,0.01,1024
09-05-2026 15:02,1,1,1,930.2,0,-24.1,-380,849,1,1.1,0.01,1024,1,1.1,0.01,1024
09-05-2026 15:02,1,1,1,930.6,0,-24.2,-381,849,1,1.1,0.01,1024,1,1.1,0.01,1024
09-05-2026 15:02,1,1,1,930.5,0,-24.3,-383,848,0,0,0,0,1,1.1,0.01,1024
09-05-2026 15:02,1,1,1,930.5,0,-24.3,-383,848,0,0,0,0,1,1.1,0.01,1024
09-05-2026 15:02,1,1,1,930.8,0,-24.5,-386,847,0,0,0,0,1,1.1,0.01,1024
09-05-2026 15:02,1,1,1,930.8,0,-24.5,-386,847,0,0,0,0,1,1.1,0.01,1024
09-05-2026 15:02,1,1,1,932.5,0,-24.7,-390,847,0,0,0,0,1,1.1,0.01,1024
09-05-2026 15:02,1,1,1,932.5,0,-24.7,-390,847,0,0,0,0,1,1,0,1109
09-05-2026 15:02,1,1,1,932.8,0,-24.9,-393,846,0,0,0,0,1,1,0,1109
09-05-2026 15:02,1,1,1,932.8,0,-24.9,-393,846,0,0,0,0,1,1,0,2650
09-05-2026 15:02,1,1,1,934.2,0,-24.9,-394,847,0,0,0,0,1,1,0,2650
09-05-2026 15:02,1,1,1,934.6,0,-25,-395,847,0,0,0,0,1,1,0,4505
09-05-2026 15:02,1,1,1,934.6,0,-25,-395,847,0,0,0,0,1,1,0,4505
09-05-2026 15:02,1,1,1,935,0,-25.1,-396,847,1,1,0,3370,1,1,0,3370
09-05-2026 15:02,1,1,1,935,0,-25.1,-396,847,1,1,0,3370,1,1,0,3370
09-05-2026 15:02,1,1,1,936.3,0,-25.1,-397,848,1,1,0,1108,1,1,0,1108
09-05-2026 15:02,1,1,1,936.3,0,-25.1,-397,848,1,1,0,1108,1,1,0,1108
09-05-2026 15:02,1,1,1,937.2,0,-25.2,-399,848,1,1,0,1108,1,1,0,1108
09-05-2026 15:02,1,1,1,937.6,0,-25.3,-400,848,1,1,0,1108,1,1,0,1108
09-05-2026 15:02,1,1,1,937.6,0,-25.3,-400,848,1,1,0,356,1,1,0,356
09-05-2026 15:02,1,1,1,938.5,0,-25.4,-402,848,0,0,0,0,1,1,0,356
09-05-2026 15:02,1,1,1,938.5,0,-25.4,-402,848,0,0,0,0,1,1,0,356
09-05-2026 15:02,1,1,1,938,0,-25.4,-403,847,0,0,0,0,1,1,0,356
09-05-2026 15:02,1,1,1,938,0,-25.4,-403,847,0,0,0,0,1,1,0,356
09-05-2026 15:02,1,1,1,938.4,0,-25.5,-404,847,0,0,0,0,1,1,0,356
09-05-2026 15:02,1,1,1,938.4,0,-25.5,-404,847,0,0,0,0,1,1,0,356
09-05-2026 15:02,1,1,1,941.1,0,-25.6,-406,849,0,0,0,0,1,1,0,356
09-05-2026 15:02,1,1,1,944.7,0,-25.5,-406,853,0,0,0,0,1,1,0,356
09-05-2026 15:02,1,1,1,944.7,0,-25.5,-406,853,0,0,0,0,1,1,0,356
09-05-2026 15:02,1,1,1,946.9,0,-25.5,-407,855,0,0,0,0,1,1,0,356
09-05-2026 15:02,1,1,1,946.9,0,-25.5,-407,855,0,0,0,0,1,1,0,356
09-05-2026 15:02,1,1,1,948.3,0,-25.5,-408,856,0,0,0,0,1,1,0,356
09-05-2026 15:02,1,1,1,948.3,0,-25.5,-408,856,0,0,0,0,1,1,0,356
09-05-2026 15:02,1,1,1,949.2,0,-25.5,-408,857,0,0,0,0,1,1,0,356
09-05-2026 15:02,1,1,1,952.3,0,-25.3,-407,861,0,0,0,0,0,0,0,0
09-05-2026 15:02,1,1,1,952.3,0,-25.3,-407,861,0,0,0,0,0,0,0,0
09-05-2026 15:02,1,1,1,956.9,0,-25.2,-407,866,0,0,0,0,0,0,0,0
09-05-2026 15:02,1,1,1,956.9,0,-25.2,-407,866,0,0,0,0,0,0,0,0
09-05-2026 15:02,1,1,1,958.6,0,-25.3,-409,867,0,0,0,0,0,0,0,0
09-05-2026 15:02,1,1,1,958.6,0,-25.3,-409,867,0,0,0,0,0,0,0,0
09-05-2026 15:02,1,1,1,959.5,0,-25.4,-411,867,0,0,0,0,0,0,0,0
09-05-2026 15:02,1,1,1,959.5,0,-25.4,-411,867,0,0,0,0,0,0,0,0
09-05-2026 15:02,1,1,1,956.8,0,-25.3,-409,865,0,0,0,0,0,0,0,0
09-05-2026 15:02,1,1,1,955.5,0,-25.3,-408,864,0,0,0,0,0,0,0,0
09-05-2026 15:02,1,1,1,955.5,0,-25.3,-408,864,0,0,0,0,0,0,0,0
09-05-2026 15:02,1,1,1,954.6,0,-25.3,-408,863,0,0,0,0,0,0,0,0
09-05-2026 15:02,1,1,1,954.6,0,-25.3,-408,863,0,0,0,0,0,0,0,0
09-05-2026 15:02,1,1,1,954.6,0,-25.3,-408,863,0,0,0,0,0,0,0,0
09-05-2026 15:02,1,1,1,954.6,0,-25.3,-408,863,0,0,0,0,0,0,0,0
09-05-2026 15:02,1,1,1,948.7,0,-25.4,-407,857,0,0,0,0,0,0,0,0
09-05-2026 15:02,1,1,1,946,0,-25.5,-407,854,0,0,0,0,0,0,0,0
09-05-2026 15:02,1,1,1,946,0,-25.5,-407,854,0,0,0,0,0,0,0,0
09-05-2026 15:02,1,1,1,947.3,0,-25.6,-410,854,0,0,0,0,0,0,0,0
09-05-2026 15:02,1,1,1,947.3,0,-25.6,-410,854,0,0,0,0,0,0,0,0
09-05-2026 15:02,1,1,1,948.2,0,-25.8,-412,854,0,0,0,0,0,0,0,0
09-05-2026 15:02,1,1,1,948.2,0,-25.8,-412,854,0,0,0,0,0,0,0,0
09-05-2026 15:02,1,1,1,948.6,0,-25.8,-413,854,0,0,0,0,0,0,0,0
09-05-2026 15:02,1,1,1,948.6,0,-25.8,-413,854,0,0,0,0,1,1,0,296
09-05-2026 15:02,1,1,1,950,0,-25.8,-414,855,0,0,0,0,1,1,0,296
09-05-2026 15:02,1,1,1,950,0,-25.8,-414,855,0,0,0,0,1,1,0,296
09-05-2026 15:02,1,1,1,950,0,-25.8,-414,855,0,0,0,0,1,1,0,296
09-05-2026 15:02,1,1,1,946.9,0,-25.7,-411,853,0,0,0,0,1,1,0,296
09-05-2026 15:02,1,1,1,946.9,0,-25.7,-411,853,0,0,0,0,1,1,0,296
09-05-2026 15:02,1,1,1,944.6,0,-25.7,-410,851,0,0,0,0,1,1,0,296
09-05-2026 15:02,1,1,1,944.6,0,-25.7,-410,851,0,0,0,0,1,1,0,296
09-05-2026 15:02,1,1,1,944.6,0,-25.9,-412,850,0,0,0,0,1,1,0,296
09-05-2026 15:02,1,1,1,944.6,0,-26,-414,849,0,0,0,0,1,1,0,296
09-05-2026 15:02,1,1,1,944.6,0,-26,-414,849,0,0,0,0,1,1,0,296
09-05-2026 15:02,1,1,1,944.1,0,-26.1,-415,848,0,0,0,0,1,1,0,296
09-05-2026 15:02,1,1,1,944.1,0,-26.1,-415,848,0,0,0,0,1,1,0,296
09-05-2026 15:02,1,1,1,946.3,0,-26.1,-416,850,0,0,0,0,1,1,0,296
09-05-2026 15:02,1,1,1,946.3,0,-26.1,-416,850,0,0,0,0,1,1,0,296
09-05-2026 15:02,1,1,1,945.5,0,-26,-414,850,0,0,0,0,0,0,0,0
09-05-2026 15:02,1,1,1,945.5,0,-26,-414,850,0,0,0,0,0,0,0,0
09-05-2026 15:02,1,1,1,944.1,0,-25.9,-413,849,0,0,0,0,0,0,0,0
09-05-2026 15:02,1,1,1,943.7,0,-26,-414,848,0,0,0,0,0,0,0,0
09-05-2026 15:02,1,1,1,943.7,0,-26,-414,848,0,0,0,0,0,0,0,0
09-05-2026 15:02,1,1,1,943.2,0,-26.2,-417,846,0,0,0,0,0,0,0,0
09-05-2026 15:02,1,1,1,943.2,0,-26.2,-417,846,0,0,0,0,0,0,0,0
09-05-2026 15:02,1,1,1,943.6,0,-26.3,-418,846,0,0,0,0,0,0,0,0
09-05-2026 15:02,1,1,1,943.6,0,-26.3,-418,846,0,0,0,0,0,0,0,0
09-05-2026 15:02,1,1,1,947.7,0,-26.2,-419,850,0,0,0,0,1,1,0,260
09-05-2026 15:02,1,1,1,955.7,0,-26,-419,859,0,0,0,0,1,1,0,260
09-05-2026 15:02,1,1,1,955.7,0,-26,-419,859,0,0,0,0,1,1,0,260
09-05-2026 15:02,1,1,1,962,0,-25.8,-419,866,0,0,0,0,1,1,0,260
09-05-2026 15:02,1,1,1,962,0,-25.8,-419,866,0,0,0,0,1,1,0,260
09-05-2026 15:02,1,1,1,966.5,0,-25.7,-419,871,0,0,0,0,1,1,0,260
09-05-2026 15:02,1,1,1,966.5,0,-25.7,-419,871,0,0,0,0,1,1,0,260
09-05-2026 15:02,1,1,1,968.3,0,-25.6,-419,873,0,0,0,0,1,1,0,260
09-05-2026 15:02,1,1,1,968.3,0,-25.6,-419,873,0,0,0,0,1,1,0,260
09-05-2026 15:02,1,1,1,968.3,0,-25.6,-419,873,0,0,0,0,1,1,0,260
09-05-2026 15:02,1,1,1,967.4,0,-25.7,-419,872,0,0,0,0,1,1,0,260
09-05-2026 15:02,1,1,1,967.4,0,-25.7,-419,872,0,0,0,0,1,1,0,260
09-05-2026 15:02,1,1,1,966.9,0,-25.9,-422,870,0,0,0,0,1,1,0,260
09-05-2026 15:02,1,1,1,966.9,0,-25.9,-422,870,0,0,0,0,1,1,0,260
09-05-2026 15:02,1,1,1,966.9,0,-26,-424,869,0,0,0,0,1,1,0,260
09-05-2026 15:02,1,1,1,966.9,0,-26,-424,869,0,0,0,0,0,0,0,0
09-05-2026 15:02,1,1,1,965.6,0,-26.1,-425,867,0,0,0,0,0,0,0,0
09-05-2026 15:02,1,1,1,965.6,0,-26.1,-425,867,0,0,0,0,0,0,0,0
09-05-2026 15:02,1,1,1,966,0,-26.2,-426,867,0,0,0,0,0,0,0,0
09-05-2026 15:02,1,1,1,966.4,0,-26.2,-427,867,0,0,0,0,0,0,0,0
09-05-2026 15:02,1,1,1,966.4,0,-26.2,-427,867,0,0,0,0,0,0,0,0
09-05-2026 15:02,1,1,1,967.8,0,-26.2,-428,868,0,0,0,0,0,0,0,0
09-05-2026 15:02,1,1,1,967.8,0,-26.2,-428,868,0,0,0,0,0,0,0,0
09-05-2026 15:02,1,1,1,969.6,0,-26.3,-430,869,0,0,0,0,0,0,0,0
09-05-2026 15:02,1,1,1,969.6,0,-26.3,-430,869,0,0,0,0,0,0,0,0
09-05-2026 15:02,1,1,1,971.8,0,-26.3,-431,871,0,0,0,0,0,0,0,0
09-05-2026 15:02,1,1,1,975.4,0,-26.2,-431,875,0,0,0,0,0,0,0,0
09-05-2026 15:02,1,1,1,975.4,0,-26.2,-431,875,0,0,0,0,0,0,0,0
09-05-2026 15:02,1,1,1,976.7,0,-26.1,-430,877,0,0,0,0,0,0,0,0
09-05-2026 15:02,1,1,1,976.7,0,-26.1,-430,877,0,0,0,0,0,0,0,0
09-05-2026 15:02,1,1,1,979,0,-26,-429,880,0,0,0,0,0,0,0,0
09-05-2026 15:02,1,1,1,979,0,-26,-429,880,0,0,0,0,0,0,0,0
09-05-2026 15:02,1,1,1,978.6,0,-25.9,-428,880,0,0,0,0,0,0,0,0
09-05-2026 15:02,1,1,1,978.6,0,-25.9,-428,880,0,0,0,0,0,0,0,0
09-05-2026 15:02,1,1,1,978.6,0,-25.9,-428,880,0,0,0,0,0,0,0,0
09-05-2026 15:02,1,1,1,977.2,0,-26,-429,878,0,0,0,0,0,0,0,0
09-05-2026 15:02,1,1,1,977.2,0,-26,-429,878,0,0,0,0,0,0,0,0
09-05-2026 15:02,1,1,1,975.4,0,-26.1,-429,876,0,0,0,0,0,0,0,0
09-05-2026 15:02,1,1,1,975.4,0,-26.1,-429,876,0,0,0,0,0,0,0,0
09-05-2026 15:02,1,1,1,976.3,0,-26.2,-431,876,0,0,0,0,0,0,0,0
09-05-2026 15:02,1,1,1,976.3,0,-26.2,-431,876,0,0,0,0,0,0,0,0
09-05-2026 15:02,1,1,1,977.6,0,-26.4,-434,876,0,0,0,0,0,0,0,0
09-05-2026 15:02,1,1,1,977.6,0,-26.5,-436,875,0,0,0,0,0,0,0,0
09-05-2026 15:02,1,1,1,977.6,0,-26.5,-436,875,0,0,0,0,0,0,0,0
09-05-2026 15:02,1,1,1,977.2,0,-26.7,-439,873,0,0,0,0,0,0,0,0
09-05-2026 15:02,1,1,1,977.2,0,-26.7,-439,873,0,0,0,0,0,0,0,0
09-05-2026 15:02,1,1,1,976.7,0,-26.8,-440,872,0,0,0,0,0,0,0,0
09-05-2026 15:02,1,1,1,976.7,0,-26.8,-440,872,0,0,0,0,0,0,0,0
09-05-2026 15:02,1,1,1,976.3,0,-26.9,-441,871,0,0,0,0,0,0,0,0
09-05-2026 15:02,1,1,1,976.3,0,-26.9,-441,871,0,0,0,0,0,0,0,0
09-05-2026 15:02,1,1,1,975.4,0,-26.9,-441,870,0,0,0,0,0,0,0,0
09-05-2026 15:02,1,1,1,974.5,0,-26.9,-441,869,0,0,0,0,0,0,0,0
09-05-2026 15:02,1,1,1,974.5,0,-26.9,-441,869,0,0,0,0,0,0,0,0
09-05-2026 15:02,1,1,1,974,0,-26.9,-440,869,0,0,0,0,0,0,0,0
09-05-2026 15:02,1,1,1,974,0,-26.9,-440,869,0,0,0,0,0,0,0,0
09-05-2026 15:02,1,1,1,971.8,0,-26.9,-439,867,0,0,0,0,0,0,0,0
09-05-2026 15:02,1,1,1,971.8,0,-26.9,-439,867,0,0,0,0,0,0,0,0
09-05-2026 15:02,1,1,1,967.8,0,-26.8,-436,864,0,0,0,0,0,0,0,0
09-05-2026 15:02,1,1,1,966.4,0,-26.8,-435,863,0,0,0,0,0,0,0,0
09-05-2026 15:02,1,1,1,966.4,0,-26.8,-435,863,0,0,0,0,0,0,0,0
09-05-2026 15:02,1,1,1,964.7,0,-26.9,-437,860,0,0,0,0,0,0,0,0
09-05-2026 15:02,1,1,1,964.7,0,-26.9,-437,860,0,0,0,0,0,0,0,0
09-05-2026 15:02,1,1,1,964.2,0,-27,-438,859,0,0,0,0,0,0,0,0
09-05-2026 15:02,1,1,1,964.2,0,-27,-438,859,0,0,0,0,0,0,0,0
09-05-2026 15:02,1,1,1,964.7,0,-27.1,-439,859,0,0,0,0,1,1,0.01,205
09-05-2026 15:02,1,1,1,964.7,0,-27.1,-439,859,0,0,0,0,1,1,0.01,205
09-05-2026 15:02,1,1,1,964.7,0,-27.1,-439,859,0,0,0,0,1,1,0,436
09-05-2026 15:02,1,1,1,964.7,0,-27.1,-439,859,0,0,0,0,1,1,0,436
09-05-2026 15:02,1,1,1,964.7,0,-27.1,-439,859,0,0,0,0,1,1,0,185
09-05-2026 15:02,1,1,1,964.7,0,-27.1,-439,859,0,0,0,0,1,1,0,185
09-05-2026 15:02,1,1,1,964.7,0,-27.1,-439,859,0,0,0,0,1,1,0,185
09-05-2026 15:02,1,1,1,964.7,0,-27.2,-441,858,0,0,0,0,1,1,0,185
09-05-2026 15:02,1,1,1,964.7,0,-27.2,-441,858,0,0,0,0,1,1,0,185
09-05-2026 15:02,1,1,1,964.3,0,-27.3,-442,857,0,0,0,0,1,1,0,185
09-05-2026 15:02,1,1,1,963.4,0,-27.4,-444,855,0,0,0,0,1,1,0,185
09-05-2026 15:02,1,1,1,963.4,0,-27.4,-444,855,0,0,0,0,1,1,0,185
09-05-2026 15:02,1,1,1,962.1,0,-27.6,-445,853,0,0,0,0,1,1,0,482
09-05-2026 15:02,1,1,1,962.1,0,-27.6,-445,853,0,0,0,0,1,1,0,482
09-05-2026 15:02,1,1,1,961.7,0,-27.6,-446,852,0,0,0,0,1,1,0,377
09-05-2026 15:02,1,1,1,961.7,0,-27.6,-446,852,0,0,0,0,1,1,0,377
09-05-2026 15:02,1,1,1,960.8,0,-27.7,-446,851,0,0,0,0,1,1,0,377
09-05-2026 15:02,1,1,1,960.8,0,-27.7,-446,851,0,0,0,0,1,1,0,377
09-05-2026 15:02,1,1,1,958.6,0,-27.7,-445,849,0,0,0,0,1,1,0,377
09-05-2026 15:02,1,1,1,957.7,0,-27.7,-445,848,0,0,0,0,1,1,0,377
09-05-2026 15:02,1,1,1,957.7,0,-27.7,-445,848,0,0,0,0,1,1,0,377
09-05-2026 15:02,1,1,1,961.3,0,-27.7,-447,851,0,0,0,0,1,1,0,377
09-05-2026 15:02,1,1,1,961.3,0,-27.7,-447,851,0,0,0,0,1,1,0,377
09-05-2026 15:02,1,1,1,966.6,0,-27.5,-447,857,0,0,0,0,1,1,0,377
09-05-2026 15:02,1,1,1,966.6,0,-27.5,-447,857,0,0,0,0,1,1,0,377
09-05-2026 15:02,1,1,1,971,0,-27.4,-447,862,0,0,0,0,1,1,0,377
09-05-2026 15:02,1,1,1,972.4,0,-27.4,-448,863,0,0,0,0,1,1,0,377
09-05-2026 15:02,1,1,1,972.4,0,-27.4,-448,863,0,0,0,0,1,1,0,377
09-05-2026 15:02,1,1,1,972.4,0,-27.4,-448,863,0,0,0,0,1,1,0,709
09-05-2026 15:02,1,1,1,972.4,0,-27.4,-448,863,0,0,0,0,1,1,0,709
09-05-2026 15:02,1,1,1,971.5,0,-27.5,-448,862,0,0,0,0,1,1,0,640
09-05-2026 15:02,1,1,1,971.5,0,-27.5,-448,862,0,0,0,0,1,1,0,640
09-05-2026 15:02,1,1,1,970.6,0,-27.5,-448,861,0,0,0,0,1,1,0,1168
09-05-2026 15:02,1,1,1,970.6,0,-27.5,-448,861,0,0,0,0,1,1,0,1168
09-05-2026 15:02,1,1,1,969.7,0,-27.5,-448,860,0,0,0,0,1,1,0,845
09-05-2026 15:02,1,1,1,968.8,0,-27.5,-448,859,0,0,0,0,1,1,0,845
09-05-2026 15:02,1,1,1,968.8,0,-27.5,-448,859,0,0,0,0,1,1,0,692
09-05-2026 15:02,1,1,1,968.4,0,-27.6,-449,858,0,0,0,0,1,1,0,692
09-05-2026 15:02,1,1,1,968.4,0,-27.6,-449,858,0,0,0,0,1,1,0,692
09-05-2026 15:02,1,1,1,970.2,0,-27.7,-451,859,0,0,0,0,1,1,0,692
09-05-2026 15:02,1,1,1,970.2,0,-27.7,-451,859,0,0,0,0,1,1,0,373
09-05-2026 15:02,1,1,1,971.1,0,-27.7,-451,860,0,0,0,0,1,1,0,373
09-05-2026 15:02,1,1,1,971.1,0,-27.7,-451,860,0,0,0,0,1,1,0,793
09-05-2026 15:02,1,1,1,969.7,0,-27.6,-450,859,0,0,0,0,1,1,0,793
09-05-2026 15:02,1,1,1,969.3,0,-27.6,-449,859,0,0,0,0,1,1,0,793
09-05-2026 15:02,1,1,1,969.3,0,-27.6,-449,859,0,0,0,0,1,1,0,793
09-05-2026 15:02,1,1,1,970.2,0,-27.6,-449,860,0,0,0,0,1,1,0,793
09-05-2026 15:02,1,1,1,970.2,0,-27.6,-449,860,0,0,0,0,1,1,0,793
09-05-2026 15:02,1,1,1,971.5,0,-27.5,-448,862,0,0,0,0,1,1,0,793
09-05-2026 15:02,1,1,1,971.5,0,-27.5,-448,862,0,0,0,0,1,1,0,793
09-05-2026 15:02,1,1,1,973.2,0,-27.4,-448,864,0,0,0,0,1,1,0,793
09-05-2026 15:02,1,1,1,974.6,0,-27.3,-447,866,0,0,0,0,1,1,0,793
09-05-2026 15:02,1,1,1,974.6,0,-27.3,-447,866,0,0,0,0,1,1,0,793
09-05-2026 15:02,1,1,1,975.4,0,-27.3,-447,867,0,0,0,0,1,1,0,793
09-05-2026 15:02,1,1,1,975.4,0,-27.3,-447,867,0,0,0,0,1,1,0,793
09-05-2026 15:02,1,1,1,975.5,0,-27.4,-449,866,0,0,0,0,1,1,0,793
09-05-2026 15:02,1,1,1,975.5,0,-27.4,-449,866,0,0,0,0,1,1,0,1226
09-05-2026 15:02,1,1,1,975.1,0,-27.5,-450,865,0,0,0,0,1,1,0,1226
09-05-2026 15:02,1,1,1,975.1,0,-27.5,-450,865,0,0,0,0,1,1,0,169
09-05-2026 15:02,1,1,1,972.9,0,-27.6,-451,862,0,0,0,0,1,1,0,169
09-05-2026 15:02,1,1,1,970.2,0,-27.7,-451,859,0,0,0,0,1,1,0,169
09-05-2026 15:02,1,1,1,970.2,0,-27.7,-451,859,0,0,0,0,1,1,0,169
09-05-2026 15:02,1,1,1,965.7,0,-27.7,-449,855,0,0,0,0,1,1,0,169
09-05-2026 15:02,1,1,1,965.7,0,-27.7,-449,855,0,0,0,0,1,1,0,169
09-05-2026 15:02,1,1,1,963,0,-27.7,-447,853,0,0,0,0,1,1,0,169
09-05-2026 15:02,1,1,1,963,0,-27.7,-447,853,0,0,0,0,1,1,0,169
09-05-2026 15:02,1,1,1,962.6,0,-27.6,-446,853,0,0,0,0,1,1,0,169
09-05-2026 15:02,1,1,1,962.6,0,-27.6,-446,853,0,0,0,0,1,1,0,169
09-05-2026 15:02,1,1,1,962.6,0,-27.6,-446,853,0,0,0,0,1,1,0,169
09-05-2026 15:02,1,1,1,963.4,0,-27.6,-446,854,0,0,0,0,1,1,0,169
09-05-2026 15:02,1,1,1,963.4,0,-27.6,-446,854,0,0,0,0,1,1,0,169
09-05-2026 15:02,1,1,1,963.4,0,-27.6,-446,854,0,0,0,0,1,1,0,169
09-05-2026 15:02,1,1,1,963.4,0,-27.6,-446,854,0,0,0,0,1,1,0,169
09-05-2026 15:02,1,1,1,962.1,0,-27.7,-447,852,0,0,0,0,0,0,0,0
09-05-2026 15:02,1,1,1,962.1,0,-27.7,-447,852,0,0,0,0,1,1,0,592
09-05-2026 15:02,1,1,1,961.7,0,-27.8,-448,851,0,0,0,0,1,1,0,592
09-05-2026 15:02,1,1,1,961.8,0,-27.9,-450,850,0,0,0,0,1,1,0,592
09-05-2026 15:02,1,1,1,961.8,0,-27.9,-450,850,0,0,0,0,1,1,0,592
09-05-2026 15:02,1,1,1,960.9,0,-28.1,-452,848,0,0,0,0,1,1,0,592
09-05-2026 15:02,1,1,1,960.9,0,-28.1,-452,848,0,0,0,0,1,1,0,592
09-05-2026 15:02,1,1,1,960.5,0,-28.1,-453,847,0,0,0,0,1,1,0,592
09-05-2026 15:02,1,1,1,960.5,0,-28.1,-453,847,0,0,0,0,1,1,0,592
09-05-2026 15:02,1,1,1,960.1,0,-28.2,-454,846,0,0,0,0,1,1,0,592
09-05-2026 15:02,1,1,1,960.1,0,-28.2,-454,846,0,0,0,0,1,1,0,592
09-05-2026 15:02,1,1,1,960.1,0,-28.2,-454,846,0,0,0,0,1,1,0,592
09-05-2026 15:02,1,1,1,960.6,0,-28.3,-455,846,0,0,0,0,1,1,0,592
09-05-2026 15:02,1,1,1,960.6,0,-28.3,-455,846,0,0,0,0,1,1,0,592
09-05-2026 15:02,1,1,1,961.5,0,-28.2,-455,847,0,0,0,0,1,1,0,592
09-05-2026 15:02,1,1,1,961.5,0,-28.2,-455,847,0,0,0,0,1,1,0,592
09-05-2026 15:02,1,1,1,961.4,0,-28.1,-453,848,0,0,0,0,0,0,0,0
09-05-2026 15:02,1,1,1,961.4,0,-28.1,-453,848,0,0,0,0,0,0,0,0
09-05-2026 15:02,1,1,1,961.4,0,-28,-451,849,0,0,0,0,0,0,0,0
09-05-2026 15:02,1,1,1,961.3,0,-27.8,-449,850,0,0,0,0,0,0,0,0
09-05-2026 15:02,1,1,1,961.3,0,-27.8,-449,850,0,0,0,0,0,0,0,0
09-05-2026 15:02,1,1,1,966.1,0,-27.6,-448,856,0,0,0,0,1,1.25,0,3041
09-05-2026 15:02,1,1,1,966.1,0,-27.6,-448,856,0,0,0,0,1,1.25,0,3041
09-05-2026 15:02,1,1,1,970.2,0,-27.6,-449,860,1,1.25,0,3041,1,1.25,0,3041
09-05-2026 15:02,1,1,1,970.2,0,-27.6,-449,860,1,1.25,0,3041,1,1.25,0,3041
09-05-2026 15:02,1,1,1,971.9,0,-27.5,-449,862,1,1.25,0,3041,1,1.25,0,3041
09-05-2026 15:02,1,1,1,971.9,0,-27.5,-449,862,1,1.25,0,3041,1,1.25,0,3041
09-05-2026 15:02,1,1,1,971.9,0,-27.5,-449,862,1,1.25,0,3041,1,1.25,0,3041
09-05-2026 15:02,1,1,1,971.9,0,-27.5,-449,862,1,1.25,0,3041,1,1.25,0,3041
09-05-2026 15:02,1,1,1,971.9,0,-27.5,-449,862,1,1.25,0,3041,1,1.25,0,3041
09-05-2026 15:02,1,1,1,971.5,0,-27.5,-448,862,1,1.25,0,3041,1,1.25,0,3041
09-05-2026 15:02,1,1,1,971.5,0,-27.5,-448,862,1,1.25,0,2194,1,1.25,0,2194
09-05-2026 15:02,1,1,1,972.4,0,-27.4,-448,863,1,1.25,0,2194,1,1.25,0,2194
09-05-2026 15:02,1,1,1,972.4,0,-27.4,-448,863,1,1.25,0,733,1,1.25,0,733
09-05-2026 15:02,1,1,1,973.7,0,-27.5,-449,864,1,1.25,0,733,1,1.25,0,733
09-05-2026 15:02,1,1,1,973.3,0,-27.5,-450,863,1,1.25,0,1570,1,1.25,0,1570
09-05-2026 15:02,1,1,1,973.3,0,-27.5,-450,863,0,0,0,0,1,1.25,0,1570
09-05-2026 15:02,1,1,1,968.4,0,-27.6,-449,858,0,0,0,0,1,1.25,0,1570
09-05-2026 15:02,1,1,1,968.4,0,-27.6,-449,858,0,0,0,0,1,1.25,0,1570
09-05-2026 15:02,1,1,1,964,0,-27.8,-449,853,0,0,0,0,1,1.18,-0.01,256
09-05-2026 15:02,1,1,1,964,0,-27.8,-449,853,0,0,0,0,1,1.18,-0.01,256
09-05-2026 15:02,1,1,1,961.7,0,-27.8,-448,851,0,0,0,0,1,1.2,0,673
09-05-2026 15:02,1,1,1,960.4,0,-27.7,-447,850,0,0,0,0,1,1.2,0,673
09-05-2026 15:02,1,1,1,960.4,0,-27.7,-447,850,0,0,0,0,1,1.21,0,1229
09-05-2026 15:02,1,1,1,963,0,-27.7,-447,853,0,0,0,0,1,1.21,0,1229
09-05-2026 15:02,1,1,1,963,0,-27.7,-447,853,0,0,0,0,1,1.22,0,1000
09-05-2026 15:02,1,1,1,966.1,8,-27.5,-446,857,0,0,0,0,1,1.22,0,1000
09-05-2026 15:02,1,1,1,966.1,8,-27.5,-446,857,0,0,0,0,1,1.22,0,1000
09-05-2026 15:02,1,1,1,967,0,-27.5,-446,858,0,0,0,0,1,1.22,0,1000
09-05-2026 15:02,1,1,1,967,0,-27.5,-446,858,0,0,0,0,1,1.22,0,1000
09-05-2026 15:02,1,1,1,967.5,0,-27.5,-447,858,0,0,0,0,1,1.22,0,1000
09-05-2026 15:02,1,1,1,966.6,0,-27.5,-447,857,0,0,0,0,1,1.22,0,1000
09-05-2026 15:02,1,1,1,966.6,0,-27.5,-447,857,0,0,0,0,1,1.22,0,1000
09-05-2026 15:02,1,1,1,967.5,0,-27.5,-447,858,0,0,0,0,1,1.26,0,569
09-05-2026 15:02,1,1,1,967.5,0,-27.5,-447,858,0,0,0,0,1,1.26,0,569
09-05-2026 15:02,1,1,1,967.5,0,-27.5,-447,858,0,0,0,0,1,1.26,0,1629
09-05-2026 15:02,1,1,1,967.5,0,-27.5,-447,858,0,0,0,0,1,1.26,0,1629
09-05-2026 15:02,1,1,1,969.2,0,-27.5,-447,860,0,0,0,0,1,1.26,0,13108
09-05-2026 15:02,1,1,1,969.2,0,-27.5,-447,860,0,0,0,0,1,1.26,0,13108
09-05-2026 15:02,1,1,1,970.5,0,-27.4,-446,862,1,1.26,0,14633,1,1.26,0,14633
09-05-2026 15:02,1,1,1,968.7,0,-27.3,-444,861,1,1.26,0,14633,1,1.26,0,14633
09-05-2026 15:02,1,1,1,968.7,0,-27.3,-444,861,1,1.26,0,6781,1,1.26,0,6781
09-05-2026 15:02,1,1,1,968.3,0,-27.2,-443,861,1,1.26,0,6781,1,1.26,0,6781
09-05-2026 15:02,1,1,1,968.3,0,-27.2,-443,861,1,1.26,0,577,1,1.26,0,577
09-05-2026 15:02,1,1,1,969.2,0,-27.2,-443,862,1,1.26,0,577,1,1.26,0,577
09-05-2026 15:02,1,1,1,969.2,0,-27.2,-443,862,1,1.26,0,577,1,1.26,0,577
09-05-2026 15:02,1,1,1,969.6,0,-27.1,-442,863,1,1.26,0,577,1,1.26,0,577
09-05-2026 15:02,1,1,1,965.6,0,-27.2,-441,859,1,1.21,-0.01,544,1,1.21,-0.01,544
09-05-2026 15:02,1,1,1,965.6,0,-27.2,-441,859,0,0,0,0,1,1.21,-0.01,544
09-05-2026 15:02,1,1,1,961.1,0,-27.2,-439,855,0,0,0,0,1,1.19,-0.02,457
09-05-2026 15:02,1,1,1,961.1,0,-27.2,-439,855,0,0,0,0,1,1.19,-0.02,457
09-05-2026 15:02,1,1,1,958,0,-27.2,-438,852,0,0,0,0,1,1.16,-0.02,772
09-05-2026 15:02,1,1,1,958,0,-27.2,-438,852,0,0,0,0,1,1.16,-0.02,772
09-05-2026 15:02,1,1,1,957.1,0,-27.2,-438,851,0,0,0,0,1,1.14,-0.03,841
09-05-2026 15:02,1,1,1,957.1,0,-27.2,-438,851,0,0,0,0,1,1.14,-0.03,841
09-05-2026 15:02,1,1,1,954.9,0,-27.2,-437,849,0,0,0,0,1,1.14,-0.03,841
09-05-2026 15:02,1,1,1,954,0,-27.3,-437,848,0,0,0,0,1,1.14,-0.03,841
09-05-2026 15:02,1,1,1,954,0,-27.3,-437,848,0,0,0,0,1,1.14,-0.03,841
09-05-2026 15:02,1,1,1,952.6,0,-27.2,-436,847,0,0,0,0,1,1.14,-0.03,841
09-05-2026 15:02,1,1,1,952.6,0,-27.2,-436,847,0,0,0,0,1,1.14,-0.03,841
09-05-2026 15:02,1,1,1,954.4,0,-27.2,-436,849,0,0,0,0,1,1.14,-0.03,841
09-05-2026 15:02,1,1,1,954.4,0,-27.2,-436,849,0,0,0,0,1,1.14,-0.03,841
09-05-2026 15:02,1,1,1,954.8,0,-27.1,-435,850,0,0,0,0,1,1.14,-0.03,841
09-05-2026 15:02,1,1,1,954,0,-27.1,-435,849,0,0,0,0,1,1.14,-0.03,841
09-05-2026 15:02,1,1,1,954,0,-27.1,-435,849,0,0,0,0,1,1.14,-0.03,841
09-05-2026 15:02,1,1,1,953.1,0,-27.2,-435,848,0,0,0,0,1,1.14,-0.03,841
09-05-2026 15:02,1,1,1,953.1,0,-27.2,-435,848,0,0,0,0,1,1.14,-0.03,841
09-05-2026 15:02,1,1,1,952.2,0,-27.2,-435,847,0,0,0,0,1,1.14,-0.03,841
09-05-2026 15:02,1,1,1,952.2,0,-27.2,-435,847,0,0,0,0,0,0,0,0
09-05-2026 15:02,1,1,1,952.2,0,-27.2,-435,847,0,0,0,0,0,0,0,0
09-05-2026 15:02,1,1,1,952.2,0,-27.2,-435,847,0,0,0,0,0,0,0,0
09-05-2026 15:02,1,1,1,954,0,-27.1,-435,849,0,0,0,0,0,0,0,0
09-05-2026 15:02,1,1,1,955.7,0,-27.1,-435,851,0,0,0,0,0,0,0,0
09-05-2026 15:02,1,1,1,955.7,0,-27.1,-435,851,0,0,0,0,0,0,0,0
09-05-2026 15:02,1,1,1,957.5,0,-27.2,-437,852,0,0,0,0,0,0,0,0
09-05-2026 15:02,1,1,1,957.5,0,-27.2,-437,852,0,0,0,0,1,1,0,576
09-05-2026 15:02,1,1,1,958,0,-27.2,-438,852,0,0,0,0,1,1,0,576
09-05-2026 15:02,1,1,1,958,0,-27.2,-438,852,0,0,0,0,1,1,0,337
09-05-2026 15:02,1,1,1,958.9,0,-27.3,-440,852,0,0,0,0,1,1,0,337
09-05-2026 15:02,1,1,1,959.8,0,-27.3,-440,853,0,0,0,0,1,1,0,337
09-05-2026 15:02,1,1,1,959.8,0,-27.3,-440,853,0,0,0,0,1,1,0,337
09-05-2026 15:02,1,1,1,962.5,0,-27.2,-440,856,0,0,0,0,1,1,0,337
09-05-2026 15:02,1,1,1,962.5,0,-27.2,-440,856,0,0,0,0,1,1,0,337
09-05-2026 15:02,1,1,1,963.3,0,-27,-438,858,0,0,0,0,1,1,0,337
09-05-2026 15:02,1,1,1,963.3,0,-27,-438,858,0,0,0,0,1,1,0,337
09-05-2026 15:02,1,1,1,963.3,0,-26.9,-436,859,0,0,0,0,1,1,0,337
09-05-2026 15:02,1,1,1,963.3,0,-26.9,-436,859,0,0,0,0,1,1,0,337
09-05-2026 15:02,1,1,1,963.8,0,-26.8,-435,860,0,0,0,0,1,1,0,337
09-05-2026 15:02,1,1,1,962.4,0,-26.8,-434,859,0,0,0,0,1,1,0,337
09-05-2026 15:02,1,1,1,962.4,0,-26.8,-434,859,0,0,0,0,1,1,0,337
09-05-2026 15:02,1,1,1,962,0,-26.8,-433,859,0,0,0,0,1,1,0,337
09-05-2026 15:02,1,1,1,962,0,-26.8,-433,859,0,0,0,0,1,1,0,337
09-05-2026 15:02,1,1,1,959.3,0,-26.7,-431,857,0,0,0,0,0,0,0,0
09-05-2026 15:02,1,1,1,959.3,0,-26.7,-431,857,0,0,0,0,0,0,0,0
09-05-2026 15:02,1,1,1,957.5,0,-26.8,-431,855,0,0,0,0,0,0,0,0
09-05-2026 15:02,1,1,1,954.4,0,-26.8,-430,852,0,0,0,0,0,0,0,0
09-05-2026 15:02,1,1,1,954.4,0,-26.8,-430,852,0,0,0,0,0,0,0,0
09-05-2026 15:02,1,1,1,954.4,0,-26.8,-430,852,0,0,0,0,0,0,0,0
09-05-2026 15:02,1,1,1,954.4,0,-26.8,-430,852,0,0,0,0,0,0,0,0
09-05-2026 15:02,1,1,1,956.6,0,-26.8,-431,854,0,0,0,0,1,1.02,0,1385
09-05-2026 15:02,1,1,1,956.6,0,-26.8,-431,854,0,0,0,0,1,1.02,0,1385
09-05-2026 15:02,1,1,1,959.3,0,-26.8,-433,856,0,0,0,0,1,1.02,0,2081
09-05-2026 15:02,1,1,1,959.3,0,-26.8,-433,856,0,0,0,0,1,1.02,0,2081
09-05-2026 15:02,1,1,1,963.8,0,-26.8,-435,860,0,0,0,0,1,1.02,0,2081
09-05-2026 15:02,1,1,1,969.6,0,-26.7,-436,866,0,0,0,0,1,1.02,0,2081
09-05-2026 15:02,1,1,1,969.6,0,-26.7,-436,866,0,0,0,0,1,1.02,0,2081
09-05-2026 15:02,1,1,1,972.7,0,-26.6,-435,870,0,0,0,0,1,1.02,0,2081
09-05-2026 15:02,1,1,1,972.7,0,-26.6,-435,870,0,0,0,0,1,1.02,0,2081
09-05-2026 15:02,1,1,1,971.8,0,-26.5,-433,870,0,0,0,0,1,1.02,0,2081
09-05-2026 15:02,1,1,1,971.8,0,-26.5,-433,870,0,0,0,0,1,1.01,0,1777
09-05-2026 15:02,1,1,1,970.5,0,-26.4,-432,869,0,0,0,0,1,1.01,0,1777
09-05-2026 15:02,1,1,1,967.8,0,-26.4,-430,867,0,0,0,0,1,1.01,0,1777
09-05-2026 15:02,1,1,1,967.8,0,-26.4,-430,867,0,0,0,0,1,1.01,0,1777
09-05-2026 15:02,1,1,1,967.3,0,-26.3,-429,867,0,0,0,0,1,1.01,0,1777
09-05-2026 15:02,1,1,1,967.3,0,-26.3,-429,867,0,0,0,0,1,1.01,0,1777
09-05-2026 15:02,1,1,1,966,0,-26.3,-428,866,0,0,0,0,1,1.01,0,1777
09-05-2026 15:02,1,1,1,966,0,-26.3,-428,866,0,0,0,0,1,1.01,0,1777
09-05-2026 15:02,1,1,1,964.2,0,-26.4,-428,864,0,0,0,0,1,1.01,0,1777
09-05-2026 15:02,1,1,1,964.2,0,-26.4,-428,864,0,0,0,0,1,1.01,0,1777
09-05-2026 15:02,1,1,1,963.3,0,-26.4,-428,863,0,0,0,0,1,1.01,0,1777
09-05-2026 15:02,1,1,1,962.9,0,-26.5,-429,862,0,0,0,0,1,1.01,0,1777
09-05-2026 15:02,1,1,1,962.9,0,-26.5,-429,862,0,0,0,0,1,1.01,0,1777
09-05-2026 15:02,1,1,1,962.4,0,-26.5,-430,861,0,0,0,0,1,1.01,0,1777
09-05-2026 15:02,1,1,1,962.4,0,-26.5,-430,861,0,0,0,0,1,1,0,2034
09-05-2026 15:02,1,1,1,962.9,0,-26.6,-431,861,0,0,0,0,1,1,0,2034
09-05-2026 15:02,1,1,1,962.9,0,-26.6,-431,861,0,0,0,0,1,1,0,2626
09-05-2026 15:02,1,1,1,963.3,0,-26.6,-432,861,0,0,0,0,1,1,0,2626
09-05-2026 15:02,1,1,1,963.3,0,-26.6,-432,861,0,0,0,0,1,1,0,656
09-05-2026 15:02,1,1,1,963.3,0,-26.6,-432,861,0,0,0,0,1,1,0,656
09-05-2026 15:02,1,1,1,962.4,0,-26.7,-432,860,0,0,0,0,1,1.01,0,185
09-05-2026 15:02,1,1,1,962.4,0,-26.7,-432,860,0,0,0,0,1,1.01,0,185
09-05-2026 15:02,1,1,1,964.2,0,-26.6,-432,862,0,0,0,0,1,1.01,0,185
09-05-2026 15:02,1,1,1,964.2,0,-26.6,-432,862,0,0,0,0,1,1.01,0,185
09-05-2026 15:02,1,1,1,964.6,0,-26.7,-433,862,0,0,0,0,1,1.01,0,185
09-05-2026 15:02,1,1,1,964.6,0,-26.7,-433,862,0,0,0,0,1,1.01,0,185
09-05-2026 15:02,1,1,1,965.5,0,-26.8,-435,862,0,0,0,0,1,1.01,0,185
09-05-2026 15:02,1,1,1,965.1,-8,-26.9,-436,861,0,0,0,0,1,1.01,0,185
09-05-2026 15:02,1,1,1,965.1,-8,-26.9,-436,861,0,0,0,0,1,1.01,0,185
09-05-2026 15:02,1,1,1,964.2,0,-26.9,-436,860,0,0,0,0,1,1.01,0,185
09-05-2026 15:02,1,1,1,964.2,0,-26.9,-436,860,0,0,0,0,1,1,0,452
09-05-2026 15:02,1,1,1,963.8,0,-26.8,-435,860,0,0,0,0,1,1,0,452
09-05-2026 15:02,1,1,1,963.8,0,-26.8,-435,860,0,0,0,0,1,1,0,522
09-05-2026 15:02,1,1,1,962.9,0,-26.9,-435,859,0,0,0,0,1,1,0,522
09-05-2026 15:02,1,1,1,962.9,0,-26.9,-435,859,0,0,0,0,1,1,0,404
09-05-2026 15:02,1,1,1,962.9,0,-26.9,-435,859,0,0,0,0,1,1,0,404
09-05-2026 15:02,1,1,1,961.5,0,-26.8,-434,858,0,0,0,0,1,1,0,404
09-05-2026 15:02,1,1,1,961.5,0,-26.8,-434,858,0,0,0,0,1,1,0,404
09-05-2026 15:02,1,1,1,961.5,0,-26.8,-434,858,0,0,0,0,1,1,0,404
09-05-2026 15:02,1,1,1,961.5,0,-26.8,-434,858,0,0,0,0,1,1,0,404
09-05-2026 15:02,1,1,1,959.7,0,-26.9,-434,856,0,0,0,0,1,1,0,404
09-05-2026 15:02,1,1,1,959.7,0,-26.9,-434,856,0,0,0,0,1,1,0,404
09-05-2026 15:02,1,1,1,956.2,0,-27,-434,852,0,0,0,0,1,1.24,0,333
09-05-2026 15:02,1,1,1,949,0,-27.1,-432,845,0,0,0,0,1,1.24,0,333
09-05-2026 15:02,1,1,1,949,0,-27.1,-432,845,0,0,0,0,1,1.24,0,333
09-05-2026 15:02,1,1,1,942.3,0,-27.1,-429,839,0,0,0,0,1,1.24,0,333
09-05-2026 15:02,1,1,1,942.3,0,-27.1,-429,839,0,0,0,0,1,1.24,0,333
09-05-2026 15:02,1,1,1,934.7,0,-27,-424,833,0,0,0,0,1,1.24,0,333
09-05-2026 15:02,1,1,1,934.7,0,-27,-424,833,0,0,0,0,1,1.24,0,333
09-05-2026 15:02,1,1,1,930.7,0,-26.9,-421,830,0,0,0,0,1,1.24,0,333
09-05-2026 15:02,1,1,1,930.7,0,-26.9,-421,830,0,0,0,0,1,1.24,0,333
09-05-2026 15:02,1,1,1,929.3,0,-26.9,-420,829,0,0,0,0,1,1.24,0,333
09-05-2026 15:02,1,1,1,931.6,0,-26.9,-421,831,0,0,0,0,1,1.24,0,333
09-05-2026 15:02,1,1,1,931.6,0,-26.9,-421,831,0,0,0,0,1,1.24,0,333
09-05-2026 15:02,1,1,1,930.2,0,-26.7,-418,831,0,0,0,0,1,1.24,0,333
09-05-2026 15:02,1,1,1,930.2,0,-26.7,-418,831,0,0,0,0,1,1.24,0,333
09-05-2026 15:02,1,1,1,932.9,0,-26.6,-418,834,0,0,0,0,1,1.24,0,333
09-05-2026 15:02,1,1,1,932.9,0,-26.6,-418,834,0,0,0,0,0,0,0,0
09-05-2026 15:02,1,1,1,934.2,0,-26.6,-419,835,0,0,0,0,0,0,0,0
09-05-2026 15:02,1,1,1,936.9,0,-26.7,-421,837,0,0,0,0,0,0,0,0
09-05-2026 15:02,1,1,1,936.9,0,-26.7,-421,837,0,0,0,0,1,1.25,0,169
09-05-2026 15:02,1,1,1,937.8,0,-26.8,-423,837,0,0,0,0,1,1.25,0,169
09-05-2026 15:02,1,1,1,937.8,0,-26.8,-423,837,0,0,0,0,1,1.25,0,169
09-05-2026 15:02,1,1,1,936.1,0,-27.1,-427,833,0,0,0,0,1,1.25,0,169
09-05-2026 15:02,1,1,1,936.1,0,-27.1,-427,833,0,0,0,0,1,1.14,0,234
09-05-2026 15:02,1,1,1,931.7,0,-27.6,-431,826,0,0,0,0,1,1.14,0,234
09-05-2026 15:02,1,1,1,931.7,0,-27.6,-431,826,0,0,0,0,1,1.11,0,232
09-05-2026 15:02,1,1,1,928.2,0,-27.8,-433,821,0,0,0,0,1,1.11,0,232
09-05-2026 15:02,1,1,1,924.7,0,-28.1,-435,816,0,0,0,0,1,1.11,0,232
09-05-2026 15:02,1,1,1,924.7,0,-28.1,-435,816,0,0,0,0,1,1.11,0,232
09-05-2026 15:02,1,1,1,922.5,0,-28.2,-436,813,0,0,0,0,1,1.11,0,232
09-05-2026 15:02,1,1,1,922.5,0,-28.2,-436,813,0,0,0,0,1,1.11,0,232
09-05-2026 15:02,1,1,1,921.2,0,-28.3,-437,811,0,0,0,0,1,1.11,0,232
09-05-2026 15:02,1,1,1,921.2,0,-28.3,-437,811,0,0,0,0,1,1.11,0,232
09-05-2026 15:02,1,1,1,922.1,0,-28.3,-437,812,0,0,0,0,1,1.01,0,725
09-05-2026 15:02,1,1,1,923.9,0,-28.2,-437,814,0,0,0,0,1,1.01,0,725
09-05-2026 15:02,1,1,1,923.9,0,-28.2,-437,814,0,0,0,0,1,1.01,0,932
09-05-2026 15:02,1,1,1,925.2,0,-28.1,-436,816,0,0,0,0,1,1.01,0,932
09-05-2026 15:02,1,1,1,925.2,0,-28.1,-436,816,0,0,0,0,1,1.01,0,932
09-05-2026 15:02,1,1,1,926.1,0,-28.1,-436,817,0,0,0,0,1,1.01,0,932
09-05-2026 15:02,1,1,1,926.1,0,-28.1,-436,817,0,0,0,0,1,1.01,0,932
09-05-2026 15:02,1,1,1,926.9,0,-28.1,-436,818,0,0,0,0,1,1.01,0,932
09-05-2026 15:02,1,1,1,926.9,0,-28.1,-436,818,0,0,0,0,1,1.01,0,932
09-05-2026 15:02,1,1,1,928.3,0,-28.1,-437,819,0,0,0,0,1,1.01,0,932
09-05-2026 15:02,1,1,1,926.9,0,-28.1,-436,818,0,0,0,0,1,1.01,0,932
09-05-2026 15:02,1,1,1,926.9,0,-28.1,-436,818,0,0,0,0,1,1.01,0,932
09-05-2026 15:02,1,1,1,926.5,0,-28,-435,818,0,0,0,0,1,1.01,0,932
09-05-2026 15:02,1,1,1,926.5,0,-28,-435,818,0,0,0,0,1,1.01,0,932
09-05-2026 15:02,1,1,1,926.5,0,-28,-435,818,0,0,0,0,1,1.01,0,932
09-05-2026 15:02,1,1,1,926.5,0,-28,-435,818,0,0,0,0,1,1.01,0,932
09-05-2026 15:02,1,1,1,925.1,0,-28,-434,817,0,0,0,0,1,1.01,0,932
09-05-2026 15:02,1,1,1,925.1,0,-28,-434,817,0,0,0,0,0,0,0,0
09-05-2026 15:02,1,1,1,926,0,-27.9,-434,818,0,0,0,0,0,0,0,0
09-05-2026 15:02,1,1,1,928.2,0,-27.9,-435,820,0,0,0,0,0,0,0,0
09-05-2026 15:02,1,1,1,928.2,0,-27.9,-435,820,0,0,0,0,0,0,0,0
09-05-2026 15:02,1,1,1,929.1,0,-27.9,-435,821,0,0,0,0,0,0,0,0
09-05-2026 15:02,1,1,1,929.1,0,-27.9,-435,821,0,0,0,0,0,0,0,0
09-05-2026 15:02,1,1,1,929.2,0,-28.1,-437,820,0,0,0,0,0,0,0,0
09-05-2026 15:02,1,1,1,929.2,0,-28.1,-437,820,0,0,0,0,0,0,0,0
09-05-2026 15:02,1,1,1,928.8,0,-28.3,-440,818,0,0,0,0,0,0,0,0
09-05-2026 15:02,1,1,1,928.4,0,-28.4,-441,817,0,0,0,0,0,0,0,0
09-05-2026 15:02,1,1,1,928.4,0,-28.4,-441,817,0,0,0,0,0,0,0,0
09-05-2026 15:02,1,1,1,927.1,0,-28.3,-440,816,0,0,0,0,0,0,0,0
09-05-2026 15:02,1,1,1,927.1,0,-28.3,-440,816,0,0,0,0,0,0,0,0
09-05-2026 15:02,1,1,1,927.9,0,-28.3,-440,817,0,0,0,0,0,0,0,0
09-05-2026 15:02,1,1,1,927.9,0,-28.3,-440,817,0,0,0,0,0,0,0,0
09-05-2026 15:02,1,1,1,929.2,0,-28.2,-439,819,0,0,0,0,1,1.01,0,916
09-05-2026 15:02,1,1,1,929.2,0,-28.2,-439,819,0,0,0,0,1,1.01,0,916
09-05-2026 15:02,1,1,1,930.1,0,-28.2,-439,820,0,0,0,0,1,1.01,0,916
09-05-2026 15:02,1,1,1,931.9,0,-28.1,-439,822,0,0,0,0,1,1.01,0,916
09-05-2026 15:02,1,1,1,931.9,0,-28.1,-439,822,0,0,0,0,1,1.01,0,916
09-05-2026 15:02,1,1,1,933.6,0,-28,-439,824,0,0,0,0,1,1.01,0,916
09-05-2026 15:02,1,1,1,933.6,0,-28,-439,824,0,0,0,0,1,1.01,0,916
09-05-2026 15:02,1,1,1,935,0,-28.1,-440,825,0,0,0,0,1,1.01,0,916
09-05-2026 15:02,1,1,1,935,0,-28.1,-440,825,0,0,0,0,1,1.01,0,916
09-05-2026 15:02,1,1,1,935.4,0,-28,-439,826,0,0,0,0,1,1.01,0,916
09-05-2026 15:02,1,1,1,935.4,0,-28,-439,826,0,0,0,0,1,1.01,0,916
09-05-2026 15:02,1,1,1,935.4,0,-28,-439,826,0,0,0,0,1,1.01,0,916
09-05-2026 15:02,1,1,1,934.9,0,-27.9,-438,826,0,0,0,0,1,1.01,0,916
09-05-2026 15:02,1,1,1,934.9,0,-27.9,-438,826,0,0,0,0,1,1.01,0,916
09-05-2026 15:02,1,1,1,933.6,0,-27.9,-437,825,0,0,0,0,1,1.05,0,485
09-05-2026 15:02,1,1,1,933.6,0,-27.9,-437,825,0,0,0,0,1,1.05,0,485
09-05-2026 15:02,1,1,1,931.8,0,-27.8,-435,824,0,0,0,0,1,1.05,0,485
09-05-2026 15:02,1,1,1,931.8,0,-27.8,-435,824,0,0,0,0,1,1.05,0,485
09-05-2026 15:02,1,1,1,932.7,0,-27.8,-435,825,0,0,0,0,1,1.05,0,485
09-05-2026 15:02,1,1,1,932.7,0,-27.8,-435,825,0,0,0,0,1,1.05,0,485
09-05-2026 15:02,1,1,1,932.7,0,-27.8,-435,825,0,0,0,0,1,1.05,0,485
09-05-2026 15:02,1,1,1,933.5,0,-27.8,-435,826,0,0,0,0,1,1.05,0,485
09-05-2026 15:02,1,1,1,933.5,0,-27.8,-435,826,0,0,0,0,1,1.05,0,485
09-05-2026 15:02,1,1,1,933.5,0,-27.8,-435,826,0,0,0,0,1,1.05,0,485
09-05-2026 15:02,1,1,1,933.5,0,-27.8,-435,826,0,0,0,0,1,1.05,0,485
09-05-2026 15:02,1,1,1,933.5,0,-27.8,-435,826,0,0,0,0,1,1.05,0,485
09-05-2026 15:02,1,1,1,935.4,0,-28,-439,826,0,0,0,0,1,1.05,0,485
09-05-2026 15:02,1,1,1,935.4,0,-28,-439,826,0,0,0,0,1,1.05,0,485
09-05-2026 15:02,1,1,1,937.4,0,-28.3,-445,825,0,0,0,0,1,1.05,0,485
09-05-2026 15:02,1,1,1,937.4,0,-28.3,-445,825,0,0,0,0,0,0,0,0
09-05-2026 15:02,1,1,1,941.9,0,-28.5,-449,828,0,0,0,0,0,0,0,0
09-05-2026 15:02,1,1,1,941.9,0,-28.5,-449,828,0,0,0,0,0,0,0,0
09-05-2026 15:02,1,1,1,940.1,0,-28.5,-449,826,0,0,0,0,0,0,0,0
09-05-2026 15:02,1,1,1,940.1,0,-28.5,-449,826,0,0,0,0,0,0,0,0
09-05-2026 15:02,1,1,1,940.1,0,-28.5,-449,826,0,0,0,0,0,0,0,0
09-05-2026 15:02,1,1,1,939.7,0,-28.5,-448,826,0,0,0,0,0,0,0,0
09-05-2026 15:02,1,1,1,939.7,0,-28.5,-448,826,0,0,0,0,0,0,0,0
09-05-2026 15:02,1,1,1,939.2,0,-28.4,-447,826,0,0,0,0,0,0,0,0
09-05-2026 15:02,1,1,1,939.2,0,-28.4,-447,826,0,0,0,0,0,0,0,0
09-05-2026 15:02,1,1,1,935.1,0,-28.3,-444,823,0,0,0,0,0,0,0,0
09-05-2026 15:02,1,1,1,935.1,0,-28.3,-444,823,0,0,0,0,0,0,0,0
09-05-2026 15:02,1,1,1,932.4,0,-28.3,-442,821,0,0,0,0,0,0,0,0
09-05-2026 15:02,1,1,1,931.5,0,-28.2,-440,821,0,0,0,0,0,0,0,0
09-05-2026 15:02,1,1,1,931.5,0,-28.2,-440,821,0,0,0,0,0,0,0,0
09-05-2026 15:02,1,1,1,933.7,0,-28.2,-441,823,0,0,0,0,0,0,0,0
09-05-2026 15:02,1,1,1,933.7,0,-28.2,-441,823,0,0,0,0,0,0,0,0
09-05-2026 15:02,1,1,1,938.2,-8,-28.3,-445,826,0,0,0,0,0,0,0,0
09-05-2026 15:02,1,1,1,938.2,-8,-28.3,-445,826,0,0,0,0,0,0,0,0
09-05-2026 15:02,1,1,1,942.3,0,-28.4,-448,829,0,0,0,0,0,0,0,0
09-05-2026 15:02,1,1,1,942.3,0,-28.4,-448,829,0,0,0,0,0,0,0,0
09-05-2026 15:02,1,1,1,944.5,0,-28.4,-449,831,0,0,0,0,1,1,0,205
09-05-2026 15:02,1,1,1,944.1,0,-28.3,-448,831,0,0,0,0,1,1,0,205
09-05-2026 15:02,1,1,1,944.1,0,-28.3,-448,831,0,0,0,0,1,1,0,205
09-05-2026 15:02,1,1,1,944.5,0,-28.2,-447,832,0,0,0,0,1,1,0,205
09-05-2026 15:02,1,1,1,944.5,0,-28.2,-447,832,0,0,0,0,1,1.12,0.01,2465
09-05-2026 15:02,1,1,1,945.3,0,-28.1,-445,834,0,0,0,0,1,1.12,0.01,2465
09-05-2026 15:02,1,1,1,945.3,0,-28.1,-445,834,0,0,0,0,1,1.16,0.01,1458
09-05-2026 15:02,1,1,1,946.2,0,-28.1,-445,835,0,0,0,0,1,1.16,0.01,1458
09-05-2026 15:02,1,1,1,947.1,0,-28,-445,836,0,0,0,0,1,1.13,0,1480
09-05-2026 15:02,1,1,1,947.1,0,-28,-445,836,0,0,0,0,1,1.13,0,1480
09-05-2026 15:02,1,1,1,947.5,0,-27.9,-444,837,0,0,0,0,1,1.1,0,1285
09-05-2026 15:02,1,1,1,947.5,0,-27.9,-444,837,0,0,0,0,1,1.1,0,1285
09-05-2026 15:02,1,1,1,948.4,0,-27.9,-444,838,0,0,0,0,1,1.08,0,1060
09-05-2026 15:02,1,1,1,948.4,0,-27.9,-444,838,0,0,0,0,1,1.08,0,1060
09-05-2026 15:02,1,1,1,947.9,0,-27.9,-443,838,0,0,0,0,1,1.07,0,505
09-05-2026 15:02,1,1,1,947.9,0,-27.9,-443,838,0,0,0,0,1,1.07,0,505
09-05-2026 15:02,1,1,1,948.8,0,-27.8,-443,839,0,0,0,0,1,1.1,0,250
09-05-2026 15:02,1,1,1,948.3,0,-27.8,-442,839,0,0,0,0,1,1.1,0,250
09-05-2026 15:02,1,1,1,948.3,0,-27.8,-442,839,0,0,0,0,1,1.1,0,250
09-05-2026 15:02,1,1,1,948.3,0,-27.8,-442,839,0,0,0,0,1,1.1,0,250
09-05-2026 15:02,1,1,1,948.3,0,-27.8,-442,839,0,0,0,0,1,1.08,0,509
09-05-2026 15:02,1,1,1,948.7,0,-27.7,-441,840,0,0,0,0,1,1.08,0,509
09-05-2026 15:02,1,1,1,948.7,0,-27.7,-441,840,0,0,0,0,1,1.07,0,657
09-05-2026 15:02,1,1,1,949.6,0,-27.7,-441,841,0,0,0,0,1,1.07,0,657
09-05-2026 15:02,1,1,1,950,0,-27.6,-440,842,0,0,0,0,1,1.07,0,657
09-05-2026 15:02,1,1,1,950,0,-27.6,-440,842,0,0,0,0,1,1.07,0,657
09-05-2026 15:02,1,1,1,951.4,0,-27.6,-441,843,0,0,0,0,1,1.07,0,657
09-05-2026 15:02,1,1,1,951.4,0,-27.6,-441,843,0,0,0,0,1,1.07,0,657
09-05-2026 15:02,1,1,1,948.7,0,-27.7,-441,840,0,0,0,0,1,1.07,0,657
09-05-2026 15:02,1,1,1,948.7,0,-27.7,-441,840,0,0,0,0,1,1.07,0,657
09-05-2026 15:02,1,1,1,947,0,-27.8,-441,838,0,0,0,0,1,1.07,0,657
09-05-2026 15:02,1,1,1,947,0,-27.8,-441,838,0,0,0,0,1,1.07,0,657
09-05-2026 15:02,1,1,1,945.6,0,-27.7,-440,837,0,0,0,0,1,1,0,292
09-05-2026 15:02,1,1,1,945.1,0,-27.7,-439,837,0,0,0,0,1,1,0,292
09-05-2026 15:02,1,1,1,945.1,0,-27.7,-439,837,0,0,0,0,1,1,0,170
09-05-2026 15:02,1,1,1,944.7,0,-27.6,-438,837,0,0,0,0,1,1,0,170
09-05-2026 15:02,1,1,1,944.7,0,-27.6,-438,837,0,0,0,0,1,1,0,170
09-05-2026 15:02,1,1,1,940.7,0,-27.7,-437,833,0,0,0,0,1,1,0,170
09-05-2026 15:02,1,1,1,940.7,0,-27.7,-437,833,0,0,0,0,1,1,0,170
09-05-2026 15:02,1,1,1,939.8,0,-27.7,-437,832,0,0,0,0,1,1,0,170
09-05-2026 15:02,1,1,1,939.8,0,-27.7,-437,832,0,0,0,0,1,1,0,170
09-05-2026 15:02,1,1,1,939.8,0,-27.7,-437,832,0,0,0,0,1,1,0,170
09-05-2026 15:03,1,1,1,1268.9,0,22.2,479,1175,0,0,0,0,1,1.49,0.01,1801
09-05-2026 15:03,1,1,1,1273.1,0,22.1,478,1180,0,0,0,0,1,1.49,0.01,1801
09-05-2026 15:03,1,1,1,1273.1,0,22.1,478,1180,0,0,0,0,1,1.49,0.01,1801
09-05-2026 15:03,1,1,1,1278,0,21.9,476,1186,0,0,0,0,1,1.49,0.01,1801
09-05-2026 15:03,1,1,1,1278,0,21.9,476,1186,0,0,0,0,1,1.27,0,160
09-05-2026 15:03,1,1,1,1282.4,0,21.6,473,1192,0,0,0,0,1,1.27,0,160
09-05-2026 15:03,1,1,1,1282.4,0,21.6,473,1192,0,0,0,0,1,1.27,0,160
09-05-2026 15:03,1,1,1,1285.4,0,21.3,466,1198,0,0,0,0,1,1.27,0,160
09-05-2026 15:03,1,1,1,1285.4,0,21.3,466,1198,0,0,0,0,1,1.38,0.01,250
09-05-2026 15:03,1,1,1,1286.9,0,20.8,457,1203,0,0,0,0,1,1.38,0.01,250
09-05-2026 15:03,1,1,1,1286,0,20.6,452,1204,0,0,0,0,1,1.35,0,585
09-05-2026 15:03,1,1,1,1286,0,20.6,452,1204,0,0,0,0,1,1.35,0,585
09-05-2026 15:03,1,1,1,1284.3,0,20.7,455,1201,0,0,0,0,1,1.32,0,170
09-05-2026 15:03,1,1,1,1284.3,0,20.7,455,1201,0,0,0,0,1,1.32,0,170
09-05-2026 15:03,1,1,1,1284.9,0,21.1,462,1199,0,0,0,0,1,1.32,0,170
09-05-2026 15:03,1,1,1,1284.9,0,21.1,462,1199,0,0,0,0,1,1.32,0,170
09-05-2026 15:03,1,1,1,1287.5,0,21.4,469,1199,0,0,0,0,1,1.32,0,170
09-05-2026 15:03,1,1,1,1288.6,0,21.5,472,1199,0,0,0,0,1,1.32,0,170
09-05-2026 15:03,1,1,1,1288.6,0,21.5,472,1199,0,0,0,0,1,1.32,0,170
09-05-2026 15:03,1,1,1,1291,0,21.4,471,1202,0,0,0,0,1,1.32,0,170
09-05-2026 15:03,1,1,1,1291,0,21.4,471,1202,0,0,0,0,1,1.32,0,170
09-05-2026 15:03,1,1,1,1292.8,0,21.4,471,1204,0,0,0,0,1,1.32,0,170
09-05-2026 15:03,1,1,1,1292.8,0,21.4,471,1204,0,0,0,0,1,1.32,0,170
09-05-2026 15:03,1,1,1,1290.4,0,21.5,472,1201,0,0,0,0,1,1.32,0,170
09-05-2026 15:03,1,1,1,1290.4,0,21.5,472,1201,0,0,0,0,1,1.32,0,170
09-05-2026 15:03,1,1,1,1287.4,0,21.6,474,1197,0,0,0,0,1,1.32,0,170
09-05-2026 15:03,1,1,1,1286.3,0,21.7,476,1195,0,0,0,0,1,1.32,0,170
09-05-2026 15:03,1,1,1,1286.3,0,21.7,476,1195,0,0,0,0,0,0,0,0
09-05-2026 15:03,1,1,1,1287.1,0,21.8,478,1195,0,0,0,0,0,0,0,0
09-05-2026 15:03,1,1,1,1287.1,0,21.8,478,1195,0,0,0,0,0,0,0,0
09-05-2026 15:03,1,1,1,1287.6,0,21.7,477,1196,0,0,0,0,0,0,0,0
09-05-2026 15:03,1,1,1,1287.6,0,21.7,477,1196,0,0,0,0,0,0,0,0
09-05-2026 15:03,1,1,1,1290,0,21.7,476,1199,0,0,0,0,0,0,0,0
09-05-2026 15:03,1,1,1,1291.7,0,21.5,473,1202,0,0,0,0,0,0,0,0
09-05-2026 15:03,1,1,1,1291.7,0,21.5,473,1202,0,0,0,0,0,0,0,0
09-05-2026 15:03,1,1,1,1293.4,0,21.3,470,1205,0,0,0,0,0,0,0,0
09-05-2026 15:03,1,1,1,1293.4,0,21.3,470,1205,0,0,0,0,1,1.53,0,745
09-05-2026 15:03,1,1,1,1295.1,0,21.1,467,1208,0,0,0,0,1,1.53,0,745
09-05-2026 15:03,1,1,1,1295.1,0,21.1,467,1208,0,0,0,0,1,1.53,0,745
09-05-2026 15:03,1,1,1,1295,0,21,464,1209,0,0,0,0,1,1.53,0,745
09-05-2026 15:03,1,1,1,1295,0,21,464,1209,0,0,0,0,1,1.42,-0.01,221
09-05-2026 15:03,1,1,1,1293,0,20.9,461,1208,0,0,0,0,1,1.42,-0.01,221
09-05-2026 15:03,1,1,1,1286.3,0,20.9,458,1202,0,0,0,0,1,1.36,-0.01,625
09-05-2026 15:03,1,1,1,1286.3,0,20.9,458,1202,0,0,0,0,1,1.36,-0.01,625
09-05-2026 15:03,1,1,1,1281.5,0,20.8,455,1198,0,0,0,0,1,1.39,0,290
09-05-2026 15:03,1,1,1,1281.5,0,20.8,455,1198,0,0,0,0,1,1.39,0,290
09-05-2026 15:03,1,1,1,1275.4,0,20.7,451,1193,0,0,0,0,1,1.37,0,1385
09-05-2026 15:03,1,1,1,1275.4,0,20.7,451,1193,0,0,0,0,1,1.37,0,1385
09-05-2026 15:03,1,1,1,1276,0,20.7,450,1194,0,0,0,0,1,1.35,0,580
09-05-2026 15:03,1,1,1,1276,0,20.7,450,1194,0,0,0,0,1,1.35,0,580
09-05-2026 15:03,1,1,1,1277.9,0,20.6,450,1196,0,0,0,0,1,1.36,0,386
09-05-2026 15:03,1,1,1,1280.1,0,20.6,451,1198,0,0,0,0,1,1.36,0,386
09-05-2026 15:03,1,1,1,1280.1,0,20.6,451,1198,0,0,0,0,1,1.37,0,221
09-05-2026 15:03,1,1,1,1280.8,0,20.7,453,1198,0,0,0,0,1,1.37,0,221
09-05-2026 15:03,1,1,1,1280.8,0,20.7,453,1198,0,0,0,0,1,1.39,0.01,577
09-05-2026 15:03,1,1,1,1282.9,0,21,459,1198,0,0,0,0,1,1.39,0.01,577
09-05-2026 15:03,1,1,1,1282.9,0,21,459,1198,0,0,0,0,1,1.4,0.01,452
09-05-2026 15:03,1,1,1,1284.9,0,21.3,467,1197,0,0,0,0,1,1.4,0.01,452
09-05-2026 15:03,1,1,1,1285.6,0,21.6,474,1195,0,0,0,0,1,1.41,0.01,452
09-05-2026 15:03,1,1,1,1285.6,0,21.6,474,1195,0,0,0,0,1,1.41,0.01,452
09-05-2026 15:03,1,1,1,1290.4,0,21.7,477,1199,0,0,0,0,1,1.42,0.01,313
09-05-2026 15:03,1,1,1,1290.4,0,21.7,477,1199,0,0,0,0,1,1.42,0.01,313
09-05-2026 15:03,1,1,1,1295.6,0,21.6,476,1205,0,0,0,0,1,1.43,0.02,394
09-05-2026 15:03,1,1,1,1295.6,0,21.6,476,1205,0,0,0,0,1,1.43,0.02,394
09-05-2026 15:03,1,1,1,1300.3,0,21.5,476,1210,0,0,0,0,1,1.44,0.02,425
09-05-2026 15:03,1,1,1,1300.3,0,21.5,476,1210,0,0,0,0,1,1.44,0.02,425
09-05-2026 15:03,1,1,1,1304,0,21.4,476,1214,0,0,0,0,1,1.42,0.01,244
09-05-2026 15:03,1,1,1,1308.8,0,21.5,479,1218,0,0,0,0,1,1.42,0.01,244
09-05-2026 15:03,1,1,1,1308.8,0,21.5,479,1218,0,0,0,0,1,1.43,0.01,244
09-05-2026 15:03,1,1,1,1312.7,0,21.5,482,1221,0,0,0,0,1,1.43,0.01,244
09-05-2026 15:03,1,1,1,1312.7,0,21.5,482,1221,0,0,0,0,1,1.43,0.01,289
09-05-2026 15:03,1,1,1,1314.5,0,21.7,487,1221,0,0,0,0,1,1.43,0.01,289
09-05-2026 15:03,1,1,1,1314.5,0,21.7,487,1221,0,0,0,0,1,1.44,0.01,520
09-05-2026 15:03,1,1,1,1315.7,0,21.9,490,1221,0,0,0,0,1,1.44,0.01,520
09-05-2026 15:03,1,1,1,1317.1,0,21.8,489,1223,0,0,0,0,1,1.44,0.01,520
09-05-2026 15:03,1,1,1,1317.1,0,21.8,489,1223,0,0,0,0,1,1.44,0.01,520
09-05-2026 15:03,1,1,1,1318.8,0,21.6,486,1226,0,0,0,0,1,1.44,0.01,520
09-05-2026 15:03,1,1,1,1318.8,0,21.6,486,1226,0,0,0,0,1,1.44,0.01,520
09-05-2026 15:03,1,1,1,1321.2,0,21.5,485,1229,0,0,0,0,1,1.44,0.01,520
09-05-2026 15:03,1,1,1,1321.2,0,21.5,485,1229,0,0,0,0,1,1.44,0.01,520
09-05-2026 15:03,1,1,1,1323.1,0,21.5,485,1231,0,0,0,0,1,1.27,0,1546
09-05-2026 15:03,1,1,1,1323.1,0,21.5,485,1231,0,0,0,0,1,1.27,0,1546
09-05-2026 15:03,1,1,1,1323.1,0,21.5,485,1231,0,0,0,0,1,1.27,0,1546
09-05-2026 15:03,1,1,1,1324,0,21.5,485,1232,0,0,0,0,1,1.27,0,1546
09-05-2026 15:03,1,1,1,1324,0,21.5,485,1232,0,0,0,0,1,1.27,0,2404
09-05-2026 15:03,1,1,1,1324.6,0,21.4,484,1233,0,0,0,0,1,1.27,0,2404
09-05-2026 15:03,1,1,1,1324.6,0,21.4,484,1233,0,0,0,0,1,1.27,0,2404
09-05-2026 15:03,1,1,1,1324.4,0,21.3,481,1234,0,0,0,0,1,1.27,0,2404
09-05-2026 15:03,1,1,1,1324.4,0,21.3,481,1234,0,0,0,0,1,1.28,0,2025
09-05-2026 15:03,1,1,1,1324.3,0,21.2,478,1235,0,0,0,0,1,1.28,0,2025
09-05-2026 15:03,1,1,1,1322.5,0,21,473,1235,0,0,0,0,1,1.29,0,738
09-05-2026 15:03,1,1,1,1322.5,0,21,473,1235,0,0,0,0,1,1.29,0,738
09-05-2026 15:03,1,1,1,1322.9,0,20.8,469,1237,0,0,0,0,1,1.29,0,738
09-05-2026 15:03,1,1,1,1322.9,0,20.8,469,1237,0,0,0,0,1,1.29,0,738
09-05-2026 15:03,1,1,1,1323.7,0,20.6,466,1239,0,0,0,0,1,1.29,0,738
09-05-2026 15:03,1,1,1,1323.7,0,20.6,466,1239,0,0,0,0,1,1.29,0,738
09-05-2026 15:03,1,1,1,1327.6,0,20.7,469,1242,0,0,0,0,1,1.29,0,738
09-05-2026 15:03,1,1,1,1327.6,0,20.7,469,1242,0,0,0,0,1,1.29,0,738
09-05-2026 15:03,1,1,1,1333.1,0,20.8,474,1246,0,0,0,0,1,1.29,0,738
09-05-2026 15:03,1,1,1,1339.6,0,21,479,1251,0,0,0,0,1,1.29,0,738
09-05-2026 15:03,1,1,1,1339.6,0,21,479,1251,0,0,0,0,1,1.29,0,738
09-05-2026 15:03,1,1,1,1339,0,21,480,1250,0,0,0,0,1,1.29,0,738
09-05-2026 15:03,1,1,1,1339,0,21,480,1250,0,0,0,0,1,1.25,0,306
09-05-2026 15:03,1,1,1,1338.1,0,21,480,1249,0,0,0,0,1,1.25,0,306
09-05-2026 15:03,1,1,1,1338.1,0,21,480,1249,0,0,0,0,1,1.27,0,985
09-05-2026 15:03,1,1,1,1335.5,0,21,478,1247,0,0,0,0,1,1.27,0,985
09-05-2026 15:03,1,1,1,1333,0,21.1,479,1244,0,0,0,0,1,1.27,0,400
09-05-2026 15:03,1,1,1,1333,0,21.1,479,1244,0,0,0,0,1,1.27,0,400
09-05-2026 15:03,1,1,1,1328.7,0,21.2,480,1239,0,0,0,0,1,1.27,0,1105
09-05-2026 15:03,1,1,1,1328.7,0,21.2,480,1239,0,0,0,0,1,1.27,0,1105
09-05-2026 15:03,1,1,1,1327.6,0,21.3,482,1237,0,0,0,0,1,1.27,0,1105
09-05-2026 15:03,1,1,1,1327.6,0,21.3,482,1237,0,0,0,0,1,1.27,0,1105
09-05-2026 15:03,1,1,1,1325.7,0,21.3,482,1235,0,0,0,0,1,1.27,0,1105
09-05-2026 15:03,1,1,1,1325.7,0,21.3,482,1235,0,0,0,0,1,1.27,0,1105
09-05-2026 15:03,1,1,1,1325.4,0,21.3,481,1235,0,0,0,0,1,1.27,0,1105
09-05-2026 15:03,1,1,1,1325.4,0,21.3,481,1235,0,0,0,0,1,1.27,0,1105
09-05-2026 15:03,1,1,1,1325.4,0,21.3,481,1235,0,0,0,0,1,1.27,0,1105
09-05-2026 15:03,1,1,1,1325,0,21.2,480,1235,0,0,0,0,1,1.27,0,1105
09-05-2026 15:03,1,1,1,1325,0,21.2,480,1235,0,0,0,0,1,1.27,0,1105
09-05-2026 15:03,1,1,1,1324.1,0,21.3,480,1234,0,0,0,0,1,1.27,0,1105
09-05-2026 15:03,1,1,1,1324.1,0,21.3,480,1234,0,0,0,0,1,1.27,0,1105
09-05-2026 15:03,1,1,1,1322.2,0,21.3,480,1232,0,0,0,0,1,1.27,0,1105
09-05-2026 15:03,1,1,1,1322,0,21.4,482,1231,0,0,0,0,1,1.27,0,1105
09-05-2026 15:03,1,1,1,1322,0,21.4,482,1231,0,0,0,0,0,0,0,0
09-05-2026 15:03,1,1,1,1321.6,0,21.3,481,1231,0,0,0,0,0,0,0,0
09-05-2026 15:03,1,1,1,1321.6,0,21.3,481,1231,0,0,0,0,0,0,0,0
09-05-2026 15:03,1,1,1,1323,0,21.1,477,1234,0,0,0,0,0,0,0,0
09-05-2026 15:03,1,1,1,1323,0,21.1,477,1234,0,0,0,0,0,0,0,0
09-05-2026 15:03,1,1,1,1324,0,20.9,472,1237,0,0,0,0,0,0,0,0
09-05-2026 15:03,1,1,1,1324,0,20.9,472,1237,0,0,0,0,0,0,0,0
09-05-2026 15:03,1,1,1,1324.8,0,20.7,469,1239,0,0,0,0,0,0,0,0
09-05-2026 15:03,1,1,1,1326.5,0,20.6,466,1242,0,0,0,0,0,0,0,0
09-05-2026 15:03,1,1,1,1326.5,0,20.6,466,1242,0,0,0,0,0,0,0,0
09-05-2026 15:03,1,1,1,1328.4,0,20.5,466,1244,0,0,0,0,0,0,0,0
09-05-2026 15:03,1,1,1,1328.4,0,20.5,466,1244,0,0,0,0,0,0,0,0
09-05-2026 15:03,1,1,1,1331,0,20.6,468,1246,0,0,0,0,0,0,0,0
09-05-2026 15:03,1,1,1,1331,0,20.6,468,1246,0,0,0,0,0,0,0,0
09-05-2026 15:03,1,1,1,1333.1,0,20.8,474,1246,0,0,0,0,0,0,0,0
09-05-2026 15:03,1,1,1,1333.1,0,20.8,474,1246,0,0,0,0,0,0,0,0
09-05-2026 15:03,1,1,1,1336.7,0,21.2,484,1246,0,0,0,0,0,0,0,0
09-05-2026 15:03,1,1,1,1337.8,0,21.3,487,1246,0,0,0,0,0,0,0,0
09-05-2026 15:03,1,1,1,1337.8,0,21.3,487,1246,0,0,0,0,0,0,0,0
09-05-2026 15:03,1,1,1,1335.9,0,21.4,487,1244,0,0,0,0,0,0,0,0
09-05-2026 15:03,1,1,1,1335.9,0,21.4,487,1244,0,0,0,0,0,0,0,0
09-05-2026 15:03,1,1,1,1334.1,0,21.4,487,1242,0,0,0,0,0,0,0,0
09-05-2026 15:03,1,1,1,1334.1,0,21.4,487,1242,0,0,0,0,0,0,0,0
09-05-2026 15:03,1,1,1,1332.6,0,21.5,488,1240,0,0,0,0,1,1.3,0,685
09-05-2026 15:03,1,1,1,1330.3,0,21.5,487,1238,0,0,0,0,1,1.3,0,685
09-05-2026 15:03,1,1,1,1330.3,0,21.5,487,1238,0,0,0,0,1,1.31,0,541
09-05-2026 15:03,1,1,1,1329.6,0,21.4,485,1238,0,0,0,0,1,1.31,0,541
09-05-2026 15:03,1,1,1,1329.6,0,21.4,485,1238,0,0,0,0,1,1.3,0,1746
09-05-2026 15:03,1,1,1,1329.7,0,21.2,480,1240,0,0,0,0,1,1.3,0,1746
09-05-2026 15:03,1,1,1,1329.7,0,21.2,480,1240,0,0,0,0,1,1.3,0,1746
09-05-2026 15:03,1,1,1,1329.4,0,20.9,474,1242,0,0,0,0,1,1.3,0,1746
09-05-2026 15:03,1,1,1,1329.4,0,20.9,474,1242,0,0,0,0,1,1.3,0,1746
09-05-2026 15:03,1,1,1,1324.7,0,20.6,466,1240,0,0,0,0,1,1.3,0,1746
09-05-2026 15:03,1,1,1,1321.9,0,20.6,466,1237,0,0,0,0,1,1.3,0,1746
09-05-2026 15:03,1,1,1,1321.9,0,20.6,466,1237,0,0,0,0,1,1.3,0,1746
09-05-2026 15:03,1,1,1,1319.1,0,20.7,466,1234,0,0,0,0,1,1.3,0,1746
09-05-2026 15:03,1,1,1,1319.1,0,20.7,466,1234,0,0,0,0,1,1.3,0,1746
09-05-2026 15:03,1,1,1,1313.4,0,20.8,466,1228,0,0,0,0,1,1.36,0,173
09-05-2026 15:03,1,1,1,1313.4,0,20.8,466,1228,0,0,0,0,1,1.36,0,173
09-05-2026 15:03,1,1,1,1307.6,0,21,468,1221,0,0,0,0,1,1.36,0,173
09-05-2026 15:03,1,1,1,1301.7,0,21,467,1215,0,0,0,0,1,1.36,0,173
09-05-2026 15:03,1,1,1,1301.7,0,21,467,1215,0,0,0,0,1,1.33,0,740
09-05-2026 15:03,1,1,1,1298.9,0,20.8,462,1214,0,0,0,0,1,1.33,0,740
09-05-2026 15:03,1,1,1,1298.9,0,20.8,462,1214,0,0,0,0,1,1.33,0,676
09-05-2026 15:03,1,1,1,1298.3,0,20.5,455,1216,0,0,0,0,1,1.33,0,676
09-05-2026 15:03,1,1,1,1298.3,0,20.5,455,1216,0,0,0,0,1,1.31,0,832
09-05-2026 15:03,1,1,1,1298.5,0,20.3,450,1218,0,0,0,0,1,1.31,0,832
09-05-2026 15:03,1,1,1,1298.5,0,20.3,450,1218,0,0,0,0,1,1.31,0,832
09-05-2026 15:03,1,1,1,1297.4,0,20.2,447,1218,0,0,0,0,1,1.31,0,832
09-05-2026 15:03,1,1,1,1296.1,0,20,443,1218,0,0,0,0,1,1.31,0,832
09-05-2026 15:03,1,1,1,1296.1,0,20,443,1218,0,0,0,0,1,1.31,0,832
09-05-2026 15:03,1,1,1,1295,0,19.9,440,1218,0,0,0,0,1,1.31,0,832
09-05-2026 15:03,1,1,1,1295,0,19.9,440,1218,0,0,0,0,1,1.31,0,832
09-05-2026 15:03,1,1,1,1294.8,0,20,442,1217,0,0,0,0,1,1.31,0,832
09-05-2026 15:03,1,1,1,1294.8,0,20,442,1217,0,0,0,0,1,1.31,0,832
09-05-2026 15:03,1,1,1,1295.3,0,20.3,449,1215,0,0,0,0,1,1.31,0,832
09-05-2026 15:03,1,1,1,1296.8,0,20.6,456,1214,0,0,0,0,1,1.31,0,832
09-05-2026 15:03,1,1,1,1296.8,0,20.6,456,1214,0,0,0,0,1,1.31,0,832
09-05-2026 15:03,1,1,1,1297.1,0,20.9,462,1212,0,0,0,0,1,1.31,0,832
09-05-2026 15:03,1,1,1,1297.1,0,20.9,462,1212,0,0,0,0,1,1.31,0,832
09-05-2026 15:03,1,1,1,1297.1,0,21.2,470,1209,0,0,0,0,0,0,0,0
09-05-2026 15:03,1,1,1,1297.1,0,21.2,470,1209,0,0,0,0,0,0,0,0
09-05-2026 15:03,1,1,1,1296.9,0,21.6,477,1206,0,0,0,0,0,0,0,0
09-05-2026 15:03,1,1,1,1296.9,0,21.6,477,1206,0,0,0,0,1,1.5,0,2025
09-05-2026 15:03,1,1,1,1298.8,0,21.8,482,1206,0,0,0,0,1,1.5,0,2025
09-05-2026 15:03,1,1,1,1303.4,0,21.7,482,1211,0,0,0,0,1,1.5,0,2025
09-05-2026 15:03,1,1,1,1303.4,0,21.7,482,1211,0,0,0,0,1,1.5,0,2025
09-05-2026 15:03,1,1,1,1307.9,0,21.7,484,1215,0,0,0,0,1,1.5,0,2025
09-05-2026 15:03,1,1,1,1307.9,0,21.7,484,1215,0,0,0,0,1,1.5,0,2025
09-05-2026 15:03,1,1,1,1306.9,0,22,489,1212,0,0,0,0,1,1.5,0,2025
09-05-2026 15:03,1,1,1,1306.9,0,22,489,1212,0,0,0,0,1,1.5,0,2025
09-05-2026 15:03,1,1,1,1303.8,0,22.2,493,1207,0,0,0,0,1,1.5,0,2025
09-05-2026 15:03,1,1,1,1298.5,0,22.5,496,1200,0,0,0,0,1,1.5,0,2025
09-05-2026 15:03,1,1,1,1298.5,0,22.5,496,1200,0,0,0,0,1,1.49,0,810
09-05-2026 15:03,1,1,1,1290.4,0,22.7,499,1190,0,0,0,0,1,1.49,0,810
09-05-2026 15:03,1,1,1,1290.4,0,22.7,499,1190,0,0,0,0,1,1.39,0,641
09-05-2026 15:03,1,1,1,1283.5,0,23.2,505,1180,0,0,0,0,1,1.39,0,641
09-05-2026 15:03,1,1,1,1283.5,0,23.2,505,1180,0,0,0,0,1,1.39,0,641
09-05-2026 15:03,1,1,1,1276.8,0,23.5,509,1171,0,0,0,0,1,1.39,0,641
09-05-2026 15:03,1,1,1,1276.8,0,23.5,509,1171,0,0,0,0,1,1.36,0,2113
09-05-2026 15:03,1,1,1,1273.9,0,23.7,513,1166,0,0,0,0,1,1.36,0,2113
09-05-2026 15:03,1,1,1,1273.1,0,24,518,1163,0,0,0,0,1,1.36,0,2113
09-05-2026 15:03,1,1,1,1273.1,0,24,518,1163,0,0,0,0,1,1.36,0,2113
09-05-2026 15:03,1,1,1,1273.4,0,24.3,523,1161,0,0,0,0,1,1.36,0,3025
09-05-2026 15:03,1,1,1,1273.4,0,24.3,523,1161,0,0,0,0,1,1.36,0,3025
09-05-2026 15:03,1,1,1,1272.7,0,24.5,528,1158,0,0,0,0,1,1.39,0,2041
09-05-2026 15:03,1,1,1,1272.7,0,24.5,528,1158,0,0,0,0,1,1.39,0,2041
09-05-2026 15:03,1,1,1,1271.2,0,24.7,531,1155,0,0,0,0,1,1.39,0,2041
09-05-2026 15:03,1,1,1,1269.7,0,24.9,534,1152,0,0,0,0,1,1.39,0,2041
09-05-2026 15:03,1,1,1,1269.7,0,24.9,534,1152,0,0,0,0,1,1.39,0,2041
09-05-2026 15:03,1,1,1,1269.2,0,25,537,1150,0,0,0,0,1,1.39,0,2041
09-05-2026 15:03,1,1,1,1269.2,0,25,537,1150,0,0,0,0,1,1.39,0,2041
09-05-2026 15:03,1,1,1,1269.1,0,25.1,539,1149,0,0,0,0,1,1.39,0,2041
09-05-2026 15:03,1,1,1,1269.1,0,25.1,539,1149,0,0,0,0,1,1.39,0,2041
09-05-2026 15:03,1,1,1,1269.5,0,25.3,542,1148,0,0,0,0,1,1.39,0,2041
09-05-2026 15:03,1,1,1,1269.5,0,25.3,542,1148,0,0,0,0,1,1.49,0,1300
09-05-2026 15:03,1,1,1,1269.9,0,25.5,547,1146,0,0,0,0,1,1.49,0,1300
09-05-2026 15:03,1,1,1,1268.8,0,25.9,555,1141,0,0,0,0,1,1.49,0,3700
09-05-2026 15:03,1,1,1,1268.8,0,25.9,555,1141,0,0,0,0,1,1.49,0,3700
09-05-2026 15:03,1,1,1,1268.3,0,26.3,562,1137,0,0,0,0,1,1.49,0,1781
09-05-2026 15:03,1,1,1,1268.3,0,26.3,562,1137,0,0,0,0,1,1.49,0,1781
09-05-2026 15:03,1,1,1,1268.3,0,26.5,566,1135,0,0,0,0,1,1.44,0,3425
09-05-2026 15:03,1,1,1,1268.3,0,26.5,566,1135,0,0,0,0,1,1.44,0,3425
09-05-2026 15:03,1,1,1,1267,0,26.7,569,1132,0,0,0,0,1,1.4,0,1042
09-05-2026 15:03,1,1,1,1267,0,26.7,569,1132,0,0,0,0,1,1.4,0,1042
09-05-2026 15:03,1,1,1,1266.5,0,26.8,572,1130,0,0,0,0,1,1.4,0,1042
09-05-2026 15:03,1,1,1,1266.1,0,27,575,1128,0,0,0,0,1,1.4,0,1042
09-05-2026 15:03,1,1,1,1266.1,0,27,575,1128,0,0,0,0,1,1.37,-0.01,281
09-05-2026 15:03,1,1,1,1262.6,0,27.4,581,1121,0,0,0,0,1,1.37,-0.01,281
09-05-2026 15:03,1,1,1,1262.6,0,27.4,581,1121,0,0,0,0,1,1.37,-0.01,409
09-05-2026 15:03,1,1,1,1257.8,0,27.8,586,1113,0,0,0,0,1,1.37,-0.01,409
09-05-2026 15:03,1,1,1,1257.8,0,27.8,586,1113,0,0,0,0,1,1.36,-0.01,2501
09-05-2026 15:03,1,1,1,1253.6,0,28.2,592,1105,0,0,0,0,1,1.36,-0.01,2501
09-05-2026 15:03,1,1,1,1249.4,0,28.6,598,1097,0,0,0,0,1,1.36,0,1157
09-05-2026 15:03,1,1,1,1249.4,0,28.6,598,1097,0,0,0,0,1,1.36,0,1157
09-05-2026 15:03,1,1,1,1243.6,0,29.2,606,1086,0,0,0,0,1,1.36,0,1157
09-05-2026 15:03,1,1,1,1243.6,0,29.2,606,1086,0,0,0,0,1,1.36,0,1157
09-05-2026 15:03,1,1,1,1237.7,0,29.9,617,1073,0,0,0,0,1,1.38,0,916
09-05-2026 15:03,1,1,1,1237.7,0,29.9,617,1073,0,0,0,0,1,1.38,0,916
09-05-2026 15:03,1,1,1,1233.1,0,30.7,630,1060,0,0,0,0,1,1.37,0,565
09-05-2026 15:03,1,1,1,1233.1,0,30.7,630,1060,0,0,0,0,1,1.37,0,565
09-05-2026 15:03,1,1,1,1230.3,0,31.2,638,1052,0,0,0,0,1,1.35,0,2756
09-05-2026 15:03,1,1,1,1232.6,0,31.5,644,1051,0,0,0,0,1,1.35,0,2756
09-05-2026 15:03,1,1,1,1232.6,0,31.5,644,1051,0,0,0,0,1,1.34,-0.01,530
09-05-2026 15:03,1,1,1,1236.5,0,31.4,645,1055,0,0,0,0,1,1.34,-0.01,530
09-05-2026 15:03,1,1,1,1236.5,0,31.4,645,1055,0,0,0,0,1,1.34,-0.01,2554
09-05-2026 15:03,1,1,1,1240.8,0,31.3,645,1060,0,0,0,0,1,1.34,-0.01,2554
09-05-2026 15:03,1,1,1,1240.8,0,31.3,645,1060,0,0,0,0,1,1.33,-0.01,1033
09-05-2026 15:03,1,1,1,1245.9,0,31.2,645,1066,0,0,0,0,1,1.33,-0.01,1033
09-05-2026 15:03,1,1,1,1251.9,0,31,645,1073,0,0,0,0,1,1.32,-0.01,1665
09-05-2026 15:03,1,1,1,1251.9,0,31,645,1073,0,0,0,0,1,1.32,-0.01,1665
09-05-2026 15:03,1,1,1,1256.9,0,30.8,643,1080,0,0,0,0,1,1.31,-0.01,640
09-05-2026 15:03,1,1,1,1256.9,0,30.8,643,1080,0,0,0,0,1,1.31,-0.01,640
09-05-2026 15:03,1,1,1,1258,0,30.6,640,1083,0,0,0,0,1,1.31,-0.01,640
09-05-2026 15:03,1,1,1,1258,0,30.6,640,1083,0,0,0,0,1,1.31,-0.01,640
09-05-2026 15:03,1,1,1,1257.3,0,30.4,637,1084,0,0,0,0,1,1.31,-0.01,170
09-05-2026 15:03,1,1,1,1257.3,0,30.4,637,1084,0,0,0,0,1,1.31,-0.01,170
09-05-2026 15:03,1,1,1,1255.3,0,30.3,633,1084,0,0,0,0,1,1.31,0,725
09-05-2026 15:03,1,1,1,1254.6,0,30.1,630,1085,0,0,0,0,1,1.31,0,725
09-05-2026 15:03,1,1,1,1254.6,0,30.1,630,1085,0,0,0,0,1,1.3,-0.01,292
09-05-2026 15:03,1,1,1,1255.7,0,30,627,1088,0,0,0,0,1,1.3,-0.01,292
09-05-2026 15:03,1,1,1,1255.7,0,30,627,1088,0,0,0,0,1,1.3,0,433
09-05-2026 15:03,1,1,1,1259.1,0,29.8,625,1093,0,0,0,0,1,1.3,0,433
09-05-2026 15:03,1,1,1,1259.1,0,29.8,625,1093,0,0,0,0,1,1.3,0,433
09-05-2026 15:03,1,1,1,1260.7,0,29.6,623,1096,0,0,0,0,1,1.3,0,433
09-05-2026 15:03,1,1,1,1260.7,0,29.6,623,1096,0,0,0,0,1,1.3,0,433
09-05-2026 15:03,1,1,1,1260.7,0,29.6,623,1096,0,0,0,0,1,1.3,0,433
09-05-2026 15:03,1,1,1,1256.6,0,29.6,620,1093,0,0,0,0,1,1.3,0,433
09-05-2026 15:03,1,1,1,1256.6,0,29.6,620,1093,0,0,0,0,1,1.3,0,433
09-05-2026 15:03,1,1,1,1252.6,0,29.6,619,1089,0,0,0,0,1,1.3,0,433
09-05-2026 15:03,1,1,1,1252.6,0,29.6,619,1089,0,0,0,0,1,1.3,0,433
09-05-2026 15:03,1,1,1,1249.2,0,29.7,619,1085,0,0,0,0,1,1.25,0,218
09-05-2026 15:03,1,1,1,1249.2,0,29.7,619,1085,0,0,0,0,1,1.25,0,218
09-05-2026 15:03,1,1,1,1242.3,0,29.6,614,1080,0,0,0,0,1,1.25,0,218
09-05-2026 15:03,1,1,1,1235.1,0,29.6,610,1074,0,0,0,0,1,1.25,0,218
09-05-2026 15:03,1,1,1,1235.1,0,29.6,610,1074,0,0,0,0,1,1.25,0,218
09-05-2026 15:03,1,1,1,1227.5,0,29.5,605,1068,0,0,0,0,1,1.25,0,218
09-05-2026 15:03,1,1,1,1227.5,0,29.5,605,1068,0,0,0,0,1,1.25,0,218
09-05-2026 15:03,1,1,1,1226.5,0,29.4,603,1068,0,0,0,0,1,1.25,0,218
09-05-2026 15:03,1,1,1,1226.5,0,29.4,603,1068,0,0,0,0,1,1.29,0.01,424
09-05-2026 15:03,1,1,1,1230.3,0,29.3,602,1073,0,0,0,0,1,1.29,0.01,424
09-05-2026 15:03,1,1,1,1233.1,0,29.3,604,1075,0,0,0,0,1,1.29,0.01,424
09-05-2026 15:03,1,1,1,1233.1,0,29.3,604,1075,0,0,0,0,1,1.29,0.01,424
09-05-2026 15:03,1,1,1,1235.4,0,29.4,607,1076,0,0,0,0,1,1.3,0,1274
09-05-2026 15:03,1,1,1,1235.4,0,29.4,607,1076,0,0,0,0,1,1.3,0,1274
09-05-2026 15:03,1,1,1,1234.6,0,29.6,609,1074,0,0,0,0,1,1.31,0,1274
09-05-2026 15:03,1,1,1,1234.6,0,29.6,609,1074,0,0,0,0,1,1.31,0,1274
09-05-2026 15:03,1,1,1,1233.4,0,29.6,610,1072,0,0,0,0,1,1.31,0,3969
09-05-2026 15:03,1,1,1,1233.4,0,29.6,610,1072,0,0,0,0,1,1.31,0,3969
09-05-2026 15:03,1,1,1,1234,0,29.8,613,1071,1,1.35,0.01,3538,1,1.35,0.01,3538
09-05-2026 15:03,1,1,1,1236.9,0,29.9,617,1072,1,1.35,0.01,3538,1,1.35,0.01,3538
09-05-2026 15:03,1,1,1,1236.9,0,29.9,617,1072,1,1.35,0,4625,1,1.35,0,4625
09-05-2026 15:03,1,1,1,1239.9,0,30.2,623,1072,1,1.35,0,4625,1,1.35,0,4625
09-05-2026 15:03,1,1,1,1239.9,0,30.2,623,1072,1,1.34,0,5849,1,1.34,0,5849
09-05-2026 15:03,1,1,1,1242.2,0,30.5,631,1070,1,1.34,0,5849,1,1.34,0,5849
09-05-2026 15:03,1,1,1,1242.2,0,30.5,631,1070,1,1.34,0,1354,1,1.34,0,1354
09-05-2026 15:03,1,1,1,1243.7,0,30.9,639,1067,1,1.34,0,1354,1,1.34,0,1354
09-05-2026 15:03,1,1,1,1243.2,0,31.1,643,1064,1,1.34,0,1354,1,1.34,0,1354
09-05-2026 15:03,1,1,1,1243.2,0,31.1,643,1064,1,1.34,0,1354,1,1.34,0,1354
09-05-2026 15:03,1,1,1,1241.3,0,31.4,646,1060,1,1.36,0.01,153,1,1.36,0.01,153
09-05-2026 15:03,1,1,1,1241.3,0,31.4,646,1060,0,0,0,0,1,1.36,0.01,153
09-05-2026 15:03,1,1,1,1236.7,0,31.5,647,1054,0,0,0,0,1,1.38,0.01,832
09-05-2026 15:03,1,1,1,1236.7,0,31.5,647,1054,0,0,0,0,1,1.38,0.01,832
09-05-2026 15:03,1,1,1,1227.5,0,31.6,644,1045,0,0,0,0,1,1.37,0.01,2005
09-05-2026 15:03,1,1,1,1227.5,0,31.6,644,1045,0,0,0,0,1,1.37,0.01,2005
09-05-2026 15:03,1,1,1,1218.1,0,31.6,639,1037,0,0,0,0,1,1.39,0.01,842
09-05-2026 15:03,1,1,1,1214.3,0,31.5,635,1035,0,0,0,0,1,1.39,0.01,842
09-05-2026 15:03,1,1,1,1214.3,0,31.5,635,1035,0,0,0,0,1,1.4,0.01,3625
09-05-2026 15:03,1,1,1,1218.4,0,31.6,638,1038,0,0,0,0,1,1.4,0.01,3625
09-05-2026 15:03,1,1,1,1218.4,0,31.6,638,1038,1,1.39,0.01,6109,1,1.39,0.01,6109
09-05-2026 15:03,1,1,1,1223.4,0,31.6,641,1042,1,1.39,0.01,6109,1,1.39,0.01,6109
09-05-2026 15:03,1,1,1,1223.4,0,31.6,641,1042,1,1.4,0.01,2045,1,1.4,0.01,2045
09-05-2026 15:03,1,1,1,1229.2,0,31.6,644,1047,1,1.4,0.01,2045,1,1.4,0.01,2045
09-05-2026 15:03,1,1,1,1229.2,0,31.6,644,1047,1,1.41,0.01,488,1,1.41,0.01,488
09-05-2026 15:03,1,1,1,1234.2,0,31.6,647,1051,1,1.41,0.01,488,1,1.41,0.01,488
09-05-2026 15:03,1,1,1,1238.3,0,31.7,650,1054,1,1.42,0.01,488,1,1.42,0.01,488
09-05-2026 15:03,1,1,1,1238.3,0,31.7,650,1054,0,0,0,0,1,1.42,0.01,488
09-05-2026 15:03,1,1,1,1240.7,0,31.8,653,1055,0,0,0,0,1,1.43,0.02,484
09-05-2026 15:03,1,1,1,1240.7,0,31.8,653,1055,0,0,0,0,1,1.43,0.02,484
09-05-2026 15:03,1,1,1,1244,0,31.8,656,1057,0,0,0,0,1,1.41,0.01,1952
09-05-2026 15:03,1,1,1,1244,0,31.8,656,1057,0,0,0,0,1,1.41,0.01,1952
09-05-2026 15:03,1,1,1,1247.1,0,31.8,657,1060,0,0,0,0,1,1.42,0.01,373
09-05-2026 15:03,1,1,1,1250,0,31.7,656,1064,0,0,0,0,1,1.42,0.01,373
09-05-2026 15:03,1,1,1,1250,0,31.7,656,1064,0,0,0,0,1,1.43,0.01,954
09-05-2026 15:03,1,1,1,1254,0,31.4,654,1070,0,0,0,0,1,1.43,0.01,954
09-05-2026 15:03,1,1,1,1254,0,31.4,654,1070,0,0,0,0,1,1.44,0.01,272
09-05-2026 15:03,1,1,1,1258.5,0,31.2,651,1077,0,0,0,0,1,1.44,0.01,272
09-05-2026 15:03,1,1,1,1258.5,0,31.2,651,1077,0,0,0,0,1,1.44,0.01,272
09-05-2026 15:03,1,1,1,1262.2,0,31,650,1082,0,0,0,0,1,1.44,0.01,272
09-05-2026 15:03,1,1,1,1262.2,0,31,650,1082,0,0,0,0,1,1.45,0.01,872
09-05-2026 15:03,1,1,1,1266,0,30.8,649,1087,0,0,0,0,1,1.45,0.01,872
09-05-2026 15:03,1,1,1,1268.8,0,30.6,646,1092,0,0,0,0,1,1.45,0.01,872
09-05-2026 15:03,1,1,1,1268.8,0,30.6,646,1092,0,0,0,0,1,1.45,0.01,872
09-05-2026 15:03,1,1,1,1270.3,0,30.5,644,1095,0,0,0,0,1,1.45,0.01,872
09-05-2026 15:03,1,1,1,1270.3,0,30.5,644,1095,0,0,0,0,1,1.45,0.01,872
09-05-2026 15:03,1,1,1,1274.5,0,30.2,642,1101,0,0,0,0,1,1.45,0.01,872
09-05-2026 15:03,1,1,1,1274.5,0,30.2,642,1101,0,0,0,0,1,1.45,0.01,872
09-05-2026 15:03,1,1,1,1277.2,0,29.9,637,1107,0,0,0,0,1,1.45,0.01,872
09-05-2026 15:03,1,1,1,1280.8,0,29.6,632,1114,0,0,0,0,1,1.45,0.01,872
09-05-2026 15:03,1,1,1,1280.8,0,29.6,632,1114,0,0,0,0,1,1.45,0.01,872
09-05-2026 15:03,1,1,1,1283.8,0,29.4,631,1118,0,0,0,0,1,1.45,0.01,872
09-05-2026 15:03,1,1,1,1283.8,0,29.4,631,1118,0,0,0,0,1,1.45,0.01,872
09-05-2026 15:03,1,1,1,1285.8,0,29.2,628,1122,0,0,0,0,1,1.45,0.01,872
09-05-2026 15:03,1,1,1,1285.8,0,29.2,628,1122,0,0,0,0,1,1.45,0.01,872
09-05-2026 15:03,1,1,1,1288.6,0,28.9,623,1128,0,0,0,0,0,0,0,0
09-05-2026 15:03,1,1,1,1288.6,0,28.9,623,1128,0,0,0,0,0,0,0,0
09-05-2026 15:03,1,1,1,1290.7,0,28.7,620,1132,0,0,0,0,0,0,0,0
09-05-2026 15:03,1,1,1,1291.9,0,28.6,619,1134,0,0,0,0,0,0,0,0
09-05-2026 15:03,1,1,1,1291.9,0,28.6,619,1134,0,0,0,0,0,0,0,0
09-05-2026 15:03,1,1,1,1291.9,0,28.6,619,1134,0,0,0,0,0,0,0,0
09-05-2026 15:03,1,1,1,1291.9,0,28.6,619,1134,0,0,0,0,0,0,0,0
09-05-2026 15:03,1,1,1,1292,0,28.7,621,1133,0,0,0,0,1,1.5,0,4589
09-05-2026 15:03,1,1,1,1292,0,28.7,621,1133,0,0,0,0,1,1.5,0,4589
09-05-2026 15:03,1,1,1,1292.6,0,28.9,624,1132,1,1.5,0,4913,1,1.5,0,4913
09-05-2026 15:03,1,1,1,1292.7,0,29,626,1131,1,1.5,0,4913,1,1.5,0,4913
09-05-2026 15:03,1,1,1,1292.7,0,29,626,1131,1,1.5,0,4913,1,1.5,0,4913
09-05-2026 15:03,1,1,1,1292.8,0,29.1,628,1130,1,1.5,0,4913,1,1.5,0,4913
09-05-2026 15:03,1,1,1,1292.8,0,29.1,628,1130,1,1.5,0,4913,1,1.5,0,4913
09-05-2026 15:03,1,1,1,1292.9,0,29.2,630,1129,1,1.5,0,4913,1,1.5,0,4913
09-05-2026 15:03,1,1,1,1292.9,0,29.2,630,1129,1,1.5,0,4913,1,1.5,0,4913
09-05-2026 15:03,1,1,1,1293,0,29.3,632,1128,1,1.5,0,4913,1,1.5,0,4913
09-05-2026 15:03,1,1,1,1293,0,29.3,632,1128,1,1.5,0,4913,1,1.5,0,4913
09-05-2026 15:03,1,1,1,1293.1,0,29.4,634,1127,1,1.5,0,4913,1,1.5,0,4913
09-05-2026 15:03,1,1,1,1293.1,0,29.4,634,1127,1,1.5,0,4913,1,1.5,0,4913
09-05-2026 15:03,1,1,1,1293.1,0,29.4,634,1127,1,1.5,0,4913,1,1.5,0,4913
09-05-2026 15:03,1,1,1,1293.4,0,29.2,631,1129,1,1.34,0,1717,1,1.34,0,1717
09-05-2026 15:03,1,1,1,1293.4,0,29.2,631,1129,1,1.34,0,1717,1,1.34,0,1717
09-05-2026 15:03,1,1,1,1294,0,28.9,625,1133,1,1.35,0,1525,1,1.35,0,1525
09-05-2026 15:03,1,1,1,1294,0,28.9,625,1133,1,1.35,0,1525,1,1.35,0,1525
09-05-2026 15:03,1,1,1,1294.8,0,28.9,625,1134,1,1.34,0,1864,1,1.34,0,1864
09-05-2026 15:03,1,1,1,1295.9,0,29,629,1133,0,0,0,0,1,1.34,0,1864
09-05-2026 15:03,1,1,1,1295.9,0,29,629,1133,0,0,0,0,1,1.34,0,976
09-05-2026 15:03,1,1,1,1293.9,0,29.2,632,1129,0,0,0,0,1,1.34,0,976
09-05-2026 15:03,1,1,1,1293.9,0,29.2,632,1129,0,0,0,0,1,1.34,0,976
09-05-2026 15:03,1,1,1,1292.7,0,29.4,635,1126,0,0,0,0,1,1.34,0,976
09-05-2026 15:03,1,1,1,1292.7,0,29.4,635,1126,0,0,0,0,1,1.34,0,976
09-05-2026 15:03,1,1,1,1289.8,0,29.6,638,1121,0,0,0,0,1,1.34,0,976
09-05-2026 15:03,1,1,1,1289.8,0,29.6,638,1121,0,0,0,0,1,1.34,0,976
09-05-2026 15:03,1,1,1,1286.5,0,29.8,640,1116,0,0,0,0,1,1.34,0,976
09-05-2026 15:03,1,1,1,1283.5,0,30,641,1112,0,0,0,0,1,1.34,0,976
09-05-2026 15:03,1,1,1,1283.5,0,30,641,1112,0,0,0,0,1,1.34,0,976
09-05-2026 15:03,1,1,1,1281.3,0,30,640,1110,0,0,0,0,1,1.34,0,976
09-05-2026 15:03,1,1,1,1281.3,0,30,640,1110,0,0,0,0,1,1.34,0,976
09-05-2026 15:03,1,1,1,1279.9,0,30,639,1109,0,0,0,0,1,1.34,0,976
09-05-2026 15:03,1,1,1,1279.9,0,30,639,1109,0,0,0,0,1,1.34,0,976
09-05-2026 15:03,1,1,1,1276.8,0,30,638,1106,0,0,0,0,1,1.34,0,976
09-05-2026 15:03,1,1,1,1276.8,0,30,638,1106,0,0,0,0,0,0,0,0
09-05-2026 15:03,1,1,1,1272.4,0,30,636,1102,0,0,0,0,1,1.29,0,557
09-05-2026 15:03,1,1,1,1270.1,0,30,635,1100,0,0,0,0,1,1.29,0,557
09-05-2026 15:03,1,1,1,1270.1,0,30,635,1100,0,0,0,0,1,1.29,0,2861
09-05-2026 15:03,1,1,1,1268.8,0,30,634,1099,0,0,0,0,1,1.29,0,2861
09-05-2026 15:03,1,1,1,1268.8,0,30,634,1099,0,0,0,0,1,1.3,0,6100
09-05-2026 15:03,1,1,1,1269.1,0,29.9,633,1100,0,0,0,0,1,1.3,0,6100
09-05-2026 15:03,1,1,1,1269.1,0,29.9,633,1100,1,1.3,0,11908,1,1.3,0,11908
09-05-2026 15:03,1,1,1,1269.1,0,29.9,633,1100,1,1.3,0,11908,1,1.3,0,11908
09-05-2026 15:03,1,1,1,1270.4,0,29.8,632,1102,1,1.3,0,11908,1,1.3,0,11908
09-05-2026 15:03,1,1,1,1270.4,0,29.8,632,1102,1,1.3,0,11908,1,1.3,0,11908
09-05-2026 15:03,1,1,1,1270.2,0,29.7,630,1103,1,1.35,0.01,11405,1,1.35,0.01,11405
09-05-2026 15:03,1,1,1,1270.2,0,29.7,630,1103,1,1.35,0.01,11405,1,1.35,0.01,11405
09-05-2026 15:03,1,1,1,1272.4,0,29.6,629,1106,1,1.37,0.01,4618,1,1.37,0.01,4618
09-05-2026 15:03,1,1,1,1272.4,0,29.6,629,1106,1,1.37,0.01,4618,1,1.37,0.01,4618
09-05-2026 15:03,1,1,1,1274.8,0,29.5,627,1110,1,1.39,0.01,1268,1,1.39,0.01,1268
09-05-2026 15:03,1,1,1,1274.8,0,29.5,627,1110,1,1.39,0.01,1268,1,1.39,0.01,1268
09-05-2026 15:03,1,1,1,1278.2,0,29.3,625,1115,1,1.4,0.01,1268,1,1.4,0.01,1268
09-05-2026 15:03,1,1,1,1280.3,0,29.1,622,1119,1,1.4,0.01,1268,1,1.4,0.01,1268
09-05-2026 15:03,1,1,1,1280.3,0,29.1,622,1119,1,1.37,0,725,1,1.37,0,725
09-05-2026 15:03,1,1,1,1278.8,0,29,619,1119,0,0,0,0,1,1.37,0,725
09-05-2026 15:03,1,1,1,1278.8,0,29,619,1119,0,0,0,0,1,1.36,0,929
09-05-2026 15:03,1,1,1,1276.1,0,28.9,617,1117,0,0,0,0,1,1.36,0,929
09-05-2026 15:03,1,1,1,1276.1,0,28.9,617,1117,0,0,0,0,1,1.35,0,1825
09-05-2026 15:03,1,1,1,1271.6,0,28.9,615,1113,0,0,0,0,1,1.35,0,1825
09-05-2026 15:03,1,1,1,1270.6,0,28.8,613,1113,0,0,0,0,1,1.35,0,8282
09-05-2026 15:03,1,1,1,1270.6,0,28.8,613,1113,0,0,0,0,1,1.35,0,8282
09-05-2026 15:03,1,1,1,1269.7,0,28.8,611,1113,1,1.34,0,14913,1,1.34,0,14913
09-05-2026 15:03,1,1,1,1269.7,0,28.8,611,1113,1,1.34,0,14913,1,1.34,0,14913
09-05-2026 15:03,1,1,1,1270.1,0,28.7,610,1114,1,1.34,0,24525,1,1.34,0,24525
09-05-2026 15:03,1,1,1,1270.1,0,28.7,610,1114,1,1.34,0,24525,1,1.34,0,24525
09-05-2026 15:03,1,1,1,1271,0,28.7,610,1115,1,1.34,0,24625,1,1.34,0,24625
09-05-2026 15:03,1,1,1,1271,0,28.7,610,1115,1,1.34,0,24625,1,1.34,0,24625
09-05-2026 15:03,1,1,1,1271.8,0,28.7,610,1116,1,1.34,0,11332,1,1.34,0,11332
09-05-2026 15:03,1,1,1,1271.8,0,28.7,610,1116,1,1.34,0,11332,1,1.34,0,11332
09-05-2026 15:03,1,1,1,1271.8,0,28.7,610,1116,1,1.33,0,333,1,1.33,0,333
09-05-2026 15:03,1,1,1,1272.7,0,28.6,610,1117,1,1.33,0,333,1,1.33,0,333
09-05-2026 15:03,1,1,1,1272.7,0,28.6,610,1117,1,1.34,0,1810,1,1.34,0,1810
09-05-2026 15:03,1,1,1,1272.2,0,28.6,609,1117,1,1.34,0,1810,1,1.34,0,1810
09-05-2026 15:03,1,1,1,1272.2,0,28.6,609,1117,1,1.34,0,7474,1,1.34,0,7474
09-05-2026 15:03,1,1,1,1272.2,0,28.6,609,1117,1,1.34,0,7474,1,1.34,0,7474
09-05-2026 15:03,1,1,1,1271.8,0,28.6,608,1117,1,1.33,0,10144,1,1.33,0,10144
09-05-2026 15:03,1,1,1,1271.8,0,28.6,608,1117,1,1.33,0,10144,1,1.33,0,10144
09-05-2026 15:03,1,1,1,1272.6,0,28.5,608,1118,1,1.33,0,5869,1,1.33,0,5869
09-05-2026 15:03,1,1,1,1272.6,0,28.5,608,1118,1,1.33,0,5869,1,1.33,0,5869
09-05-2026 15:03,1,1,1,1273.9,0,28.5,607,1120,1,1.33,0,1658,1,1.33,0,1658
09-05-2026 15:03,1,1,1,1273.9,0,28.5,607,1120,1,1.33,0,1658,1,1.33,0,1658
09-05-2026 15:03,1,1,1,1276.5,0,28.4,607,1123,1,1.32,0,1205,1,1.32,0,1205
09-05-2026 15:03,1,1,1,1276.5,0,28.4,607,1123,1,1.32,0,1205,1,1.32,0,1205
09-05-2026 15:03,1,1,1,1280.5,0,28.2,606,1128,1,1.32,0,4100,1,1.32,0,4100
09-05-2026 15:03,1,1,1,1283.1,0,28.2,606,1131,1,1.32,0,4100,1,1.32,0,4100
09-05-2026 15:03,1,1,1,1283.1,0,28.2,606,1131,1,1.32,0,6984,1,1.32,0,6984
09-05-2026 15:03,1,1,1,1284.8,0,28,604,1134,1,1.32,0,6984,1,1.32,0,6984
09-05-2026 15:03,1,1,1,1284.8,0,28,604,1134,1,1.32,0,4325,1,1.32,0,4325
09-05-2026 15:03,1,1,1,1285.2,0,28,603,1135,1,1.32,0,4325,1,1.32,0,4325
09-05-2026 15:03,1,1,1,1285.2,0,28,603,1135,1,1.32,0,2020,1,1.32,0,2020
09-05-2026 15:03,1,1,1,1285.2,0,27.9,601,1136,1,1.32,0,2020,1,1.32,0,2020
09-05-2026 15:03,1,1,1,1285.1,0,27.8,599,1137,1,1.32,0,793,1,1.32,0,793
09-05-2026 15:03,1,1,1,1285.1,0,27.8,599,1137,1,1.32,0,793,1,1.32,0,793
09-05-2026 15:03,1,1,1,1285.6,0,27.7,598,1138,1,1.32,0,793,1,1.32,0,793
09-05-2026 15:03,1,1,1,1285.6,0,27.7,598,1138,0,0,0,0,1,1.32,0,793
09-05-2026 15:03,1,1,1,1286,0,27.7,597,1139,0,0,0,0,1,1.32,0,793
09-05-2026 15:03,1,1,1,1286,0,27.7,597,1139,0,0,0,0,1,1.32,0,793
09-05-2026 15:03,1,1,1,1286.4,0,27.6,596,1140,0,0,0,0,1,1.32,0,793
09-05-2026 15:03,1,1,1,1286.4,0,27.6,596,1140,0,0,0,0,1,1.32,0,793
09-05-2026 15:03,1,1,1,1286.8,0,27.5,595,1141,0,0,0,0,1,1.32,0,793
09-05-2026 15:03,1,1,1,1286.8,0,27.5,595,1141,0,0,0,0,1,1.32,0,793
09-05-2026 15:03,1,1,1,1286.8,0,27.5,595,1141,0,0,0,0,1,1.32,0,793
09-05-2026 15:03,1,1,1,1287.2,0,27.5,594,1142,0,0,0,0,1,1.32,0,793
09-05-2026 15:03,1,1,1,1287.2,0,27.5,594,1142,0,0,0,0,1,1.32,0,793
09-05-2026 15:03,1,1,1,1287.7,0,27.4,593,1143,0,0,0,0,1,1.32,0,793
09-05-2026 15:03,1,1,1,1287.7,0,27.4,593,1143,0,0,0,0,1,1.32,0,793
09-05-2026 15:03,1,1,1,1285,0,27.4,591,1141,0,0,0,0,0,0,0,0
09-05-2026 15:03,1,1,1,1285,0,27.4,591,1141,0,0,0,0,0,0,0,0
09-05-2026 15:03,1,1,1,1285,0,27.4,591,1141,0,0,0,0,0,0,0,0
09-05-2026 15:03,1,1,1,1285.9,0,27.4,591,1142,0,0,0,0,0,0,0,0
09-05-2026 15:03,1,1,1,1285.9,0,27.4,591,1142,0,0,0,0,0,0,0,0
09-05-2026 15:03,1,1,1,1288.1,0,27.3,590,1145,0,0,0,0,0,0,0,0
09-05-2026 15:03,1,1,1,1288.1,0,27.3,590,1145,0,0,0,0,0,0,0,0
09-05-2026 15:03,1,1,1,1291.6,0,27.2,590,1149,0,0,0,0,0,0,0,0
09-05-2026 15:03,1,1,1,1291.6,0,27.2,590,1149,0,0,0,0,0,0,0,0
09-05-2026 15:03,1,1,1,1293,0,27.1,589,1151,0,0,0,0,0,0,0,0
09-05-2026 15:03,1,1,1,1293.8,0,27.1,589,1152,0,0,0,0,0,0,0,0
09-05-2026 15:03,1,1,1,1293.8,0,27.1,589,1152,0,0,0,0,1,1.31,0,421
09-05-2026 15:03,1,1,1,1290.3,0,27.2,589,1148,0,0,0,0,1,1.31,0,421
09-05-2026 15:03,1,1,1,1290.3,0,27.2,589,1148,0,0,0,0,1,1.31,0,421
09-05-2026 15:03,1,1,1,1284.5,0,27.2,588,1142,0,0,0,0,1,1.31,0,421
09-05-2026 15:03,1,1,1,1284.5,0,27.2,588,1142,0,0,0,0,1,1.28,0,610
09-05-2026 15:03,1,1,1,1278.7,0,27.4,589,1135,0,0,0,0,1,1.28,0,610
09-05-2026 15:03,1,1,1,1278.7,0,27.4,589,1135,0,0,0,0,1,1.28,0,610
09-05-2026 15:03,1,1,1,1273.4,0,27.6,589,1129,0,0,0,0,1,1.28,0,610
09-05-2026 15:03,1,1,1,1270.3,0,27.6,588,1126,0,0,0,0,1,1.29,0,3994
09-05-2026 15:03,1,1,1,1270.3,0,27.6,588,1126,0,0,0,0,1,1.29,0,3994
09-05-2026 15:03,1,1,1,1272,0,27.4,586,1129,1,1.3,0,6410,1,1.3,0,6410
09-05-2026 15:03,1,1,1,1272,0,27.4,586,1129,1,1.3,0,6410,1,1.3,0,6410
09-05-2026 15:03,1,1,1,1273.8,0,27.3,584,1132,1,1.3,0,4181,1,1.3,0,4181
09-05-2026 15:03,1,1,1,1273.8,0,27.3,584,1132,1,1.3,0,4181,1,1.3,0,4181
09-05-2026 15:03,1,1,1,1276.4,0,27.1,582,1136,1,1.3,0,1492,1,1.3,0,1492
09-05-2026 15:03,1,1,1,1279.1,0,27,580,1140,1,1.3,0,1492,1,1.3,0,1492
09-05-2026 15:03,1,1,1,1279.1,0,27,580,1140,1,1.3,0,289,1,1.3,0,289
09-05-2026 15:03,1,1,1,1281.7,0,26.8,578,1144,1,1.3,0,289,1,1.3,0,289
09-05-2026 15:03,1,1,1,1281.7,0,26.8,578,1144,1,1.3,0,324,1,1.3,0,324
09-05-2026 15:03,1,1,1,1281.7,0,26.8,578,1144,0,0,0,0,1,1.3,0,324
09-05-2026 15:03,1,1,1,1281.7,0,26.8,578,1144,0,0,0,0,1,1.3,0,3177
09-05-2026 15:03,1,1,1,1283.1,0,26.8,579,1145,0,0,0,0,1,1.3,0,3177
09-05-2026 15:03,1,1,1,1283.1,0,26.8,579,1145,0,0,0,0,1,1.3,0,2624
09-05-2026 15:03,1,1,1,1284.9,0,26.9,581,1146,0,0,0,0,1,1.3,0,2624
09-05-2026 15:03,1,1,1,1285.3,0,26.8,580,1147,0,0,0,0,1,1.3,0,1924
09-05-2026 15:03,1,1,1,1285.3,0,26.8,580,1147,0,0,0,0,1,1.3,0,1924
09-05-2026 15:03,1,1,1,1287.5,0,26.7,579,1150,0,0,0,0,1,1.3,0,1924
09-05-2026 15:03,1,1,1,1287.5,0,26.7,579,1150,0,0,0,0,1,1.3,0,1924
09-05-2026 15:03,1,1,1,1288,0,26.7,578,1151,0,0,0,0,1,1.3,0,11050
09-05-2026 15:03,1,1,1,1288,0,26.7,578,1151,0,0,0,0,1,1.3,0,11050
09-05-2026 15:03,1,1,1,1288.4,0,26.6,577,1152,1,1.3,0,11050,1,1.3,0,11050
09-05-2026 15:03,1,1,1,1288.4,0,26.6,577,1152,1,1.3,0,11050,1,1.3,0,11050
09-05-2026 15:03,1,1,1,1288.4,0,26.6,577,1152,1,1.31,0,6344,1,1.31,0,6344
09-05-2026 15:03,1,1,1,1287.5,0,26.6,577,1151,1,1.31,0,6344,1,1.31,0,6344
09-05-2026 15:03,1,1,1,1287.5,0,26.6,577,1151,1,1.31,0,1234,1,1.31,0,1234
09-05-2026 15:03,1,1,1,1287.5,0,26.6,577,1151,1,1.31,0,1234,1,1.31,0,1234
09-05-2026 15:03,1,1,1,1287.5,0,26.6,577,1151,1,1.31,0,1234,1,1.31,0,1234
09-05-2026 15:03,1,1,1,1288,0,26.6,576,1152,1,1.31,0,1234,1,1.31,0,1234
09-05-2026 15:03,1,1,1,1288,0,26.6,576,1152,1,1.31,0,1234,1,1.31,0,1234
09-05-2026 15:03,1,1,1,1289.8,0,26.5,576,1154,0,0,0,0,1,1.31,0,1234
09-05-2026 15:03,1,1,1,1290.2,0,26.5,575,1155,0,0,0,0,1,1.31,0,1234
09-05-2026 15:03,1,1,1,1290.2,0,26.5,575,1155,0,0,0,0,1,1.31,0,1234
09-05-2026 15:03,1,1,1,1289.8,0,26.4,574,1155,0,0,0,0,1,1.31,0,1234
09-05-2026 15:03,1,1,1,1289.8,0,26.4,574,1155,0,0,0,0,1,1.31,0,1234
09-05-2026 15:03,1,1,1,1288.9,0,26.4,574,1154,0,0,0,0,1,1.35,0,928
09-05-2026 15:03,1,1,1,1288.9,0,26.4,574,1154,0,0,0,0,1,1.35,0,928
09-05-2026 15:03,1,1,1,1287.1,0,26.5,574,1152,0,0,0,0,1,1.35,0,928
09-05-2026 15:03,1,1,1,1284.8,0,26.5,573,1150,0,0,0,0,1,1.35,0,928
09-05-2026 15:03,1,1,1,1284.8,0,26.5,573,1150,0,0,0,0,1,1.35,0,928
09-05-2026 15:03,1,1,1,1285.7,0,26.5,573,1151,0,0,0,0,1,1.35,0,928
09-05-2026 15:03,1,1,1,1285.7,0,26.5,573,1151,0,0,0,0,1,1.35,0,928
09-05-2026 15:03,1,1,1,1286.2,0,26.4,572,1152,0,0,0,0,1,1.35,0,928
09-05-2026 15:03,1,1,1,1286.2,0,26.4,572,1152,0,0,0,0,1,1.35,0,928
09-05-2026 15:03,1,1,1,1288,0,26.4,572,1154,0,0,0,0,1,1.35,0,928
09-05-2026 15:03,1,1,1,1288,0,26.4,572,1154,0,0,0,0,1,1.35,0,928
09-05-2026 15:03,1,1,1,1288,0,26.4,572,1154,0,0,0,0,1,1.35,0,928
09-05-2026 15:03,1,1,1,1288.4,0,26.4,573,1154,0,0,0,0,1,1.5,0,1165
09-05-2026 15:03,1,1,1,1288.4,0,26.4,573,1154,0,0,0,0,1,1.5,0,1165
09-05-2026 15:03,1,1,1,1287.5,0,26.4,573,1153,0,0,0,0,1,1.5,0,457
09-05-2026 15:03,1,1,1,1287.5,0,26.4,573,1153,0,0,0,0,1,1.5,0,457
09-05-2026 15:03,1,1,1,1287.1,0,26.5,574,1152,0,0,0,0,1,1.5,0,101
09-05-2026 15:03,1,1,1,1287.1,0,26.5,574,1152,0,0,0,0,1,1.5,0,101
09-05-2026 15:03,1,1,1,1285.3,0,26.5,574,1150,0,0,0,0,1,1.5,0,101
09-05-2026 15:03,1,1,1,1280.4,0,26.7,575,1144,0,0,0,0,1,1.5,0,101
09-05-2026 15:03,1,1,1,1280.4,0,26.7,575,1144,0,0,0,0,1,1.44,-0.01,916
09-05-2026 15:03,1,1,1,1274.2,0,27,579,1135,0,0,0,0,1,1.44,-0.01,916
09-05-2026 15:03,1,1,1,1274.2,0,27,579,1135,0,0,0,0,1,1.41,-0.01,1346
09-05-2026 15:03,1,1,1,1267.1,0,27.3,581,1126,0,0,0,0,1,1.41,-0.01,1346
09-05-2026 15:03,1,1,1,1267.1,0,27.3,581,1126,0,0,0,0,1,1.43,0,1448
09-05-2026 15:03,1,1,1,1266.6,0,27.2,578,1127,0,0,0,0,1,1.43,0,1448
09-05-2026 15:03,1,1,1,1266.6,0,27.2,578,1127,0,0,0,0,1,1.44,0,1296
09-05-2026 15:03,1,1,1,1266.1,0,27,575,1128,0,0,0,0,1,1.44,0,1296
09-05-2026 15:03,1,1,1,1264.7,0,26.9,572,1128,0,0,0,0,1,1.45,0,541
09-05-2026 15:03,1,1,1,1264.7,0,26.9,572,1128,0,0,0,0,1,1.45,0,541
09-05-2026 15:03,1,1,1,1264.3,0,26.8,571,1128,0,0,0,0,1,1.45,0,605
09-05-2026 15:03,1,1,1,1264.3,0,26.8,571,1128,0,0,0,0,1,1.45,0,605
09-05-2026 15:03,1,1,1,1265.2,0,26.8,571,1129,0,0,0,0,1,1.46,0,1241
09-05-2026 15:03,1,1,1,1265.2,0,26.8,571,1129,0,0,0,0,1,1.46,0,1241
09-05-2026 15:03,1,1,1,1266.1,0,26.8,571,1130,0,0,0,0,1,1.45,0,1874
09-05-2026 15:03,1,1,1,1269.7,0,26.8,573,1133,0,0,0,0,1,1.45,0,1874
09-05-2026 15:03,1,1,1,1269.7,0,26.8,573,1133,0,0,0,0,1,1.45,0,1874
09-05-2026 15:03,1,1,1,1271,0,26.9,576,1133,0,0,0,0,1,1.45,0,1874
09-05-2026 15:03,1,1,1,1271,0,26.9,576,1133,0,0,0,0,1,1.45,0,125
09-05-2026 15:03,1,1,1,1271,0,27,578,1132,0,0,0,0,1,1.45,0,125
09-05-2026 15:03,1,1,1,1271,0,27,578,1132,0,0,0,0,1,1.44,0,1305
09-05-2026 15:03,1,1,1,1268.8,0,27.2,579,1129,0,0,0,0,1,1.44,0,1305
09-05-2026 15:03,1,1,1,1268.8,0,27.2,579,1129,0,0,0,0,1,1.45,0,424
09-05-2026 15:03,1,1,1,1269.7,0,27.2,581,1129,0,0,0,0,1,1.45,0,424
09-05-2026 15:03,1,1,1,1270.2,0,27.3,582,1129,0,0,0,0,1,1.44,0,3977
09-05-2026 15:03,1,1,1,1270.2,0,27.3,582,1129,0,0,0,0,1,1.44,0,3977
09-05-2026 15:03,1,1,1,1271.5,0,27.3,583,1130,1,1.44,0,4868,1,1.44,0,4868
09-05-2026 15:03,1,1,1,1271.5,0,27.3,583,1130,1,1.44,0,4868,1,1.44,0,4868
09-05-2026 15:03,1,1,1,1272.9,0,27.3,584,1131,1,1.44,0,3394,1,1.44,0,3394
09-05-2026 15:03,1,1,1,1272.9,0,27.3,584,1131,1,1.44,0,3394,1,1.44,0,3394
09-05-2026 15:03,1,1,1,1273.8,0,27.3,584,1132,1,1.44,0,730,1,1.44,0,730
09-05-2026 15:03,1,1,1,1273.8,0,27.3,584,1132,1,1.44,0,730,1,1.44,0,730
09-05-2026 15:03,1,1,1,1274.7,0,27.3,584,1133,1,1.44,0,730,1,1.44,0,730
09-05-2026 15:03,1,1,1,1276,0,27.2,583,1135,1,1.44,0,730,1,1.44,0,730
09-05-2026 15:03,1,1,1,1276,0,27.2,583,1135,1,1.45,0,468,1,1.45,0,468
09-05-2026 15:03,1,1,1,1276,0,27.1,581,1136,0,0,0,0,1,1.45,0,468
09-05-2026 15:03,1,1,1,1276,0,27.1,581,1136,0,0,0,0,1,1.44,0,585
09-05-2026 15:03,1,1,1,1277.7,0,26.9,579,1139,0,0,0,0,1,1.44,0,585
09-05-2026 15:03,1,1,1,1277.7,0,26.9,579,1139,0,0,0,0,1,1.42,0,505
09-05-2026 15:03,1,1,1,1279.9,0,26.7,576,1143,0,0,0,0,1,1.42,0,505
09-05-2026 15:03,1,1,1,1280.4,0,26.7,575,1144,0,0,0,0,1,1.42,0,505
09-05-2026 15:03,1,1,1,1280.4,0,26.7,575,1144,0,0,0,0,1,1.42,0,505
09-05-2026 15:03,1,1,1,1279,0,26.8,576,1142,0,0,0,0,1,1.42,0,505
09-05-2026 15:03,1,1,1,1279,0,26.8,576,1142,0,0,0,0,1,1.42,0,505
09-05-2026 15:03,1,1,1,1278.6,0,26.8,577,1141,0,0,0,0,1,1.42,0,505
09-05-2026 15:03,1,1,1,1278.6,0,26.8,577,1141,0,0,0,0,1,1.42,0,505
09-05-2026 15:03,1,1,1,1277.3,0,26.9,578,1139,0,0,0,0,1,1.37,0,1640
09-05-2026 15:03,1,1,1,1277.3,0,26.9,578,1139,0,0,0,0,1,1.37,0,1640
09-05-2026 15:03,1,1,1,1276.8,0,27,579,1138,0,0,0,0,1,1.43,0,2897
09-05-2026 15:03,1,1,1,1275,0,27,579,1136,0,0,0,0,1,1.43,0,2897
09-05-2026 15:03,1,1,1,1275,0,27,579,1136,0,0,0,0,1,1.45,0,2501
09-05-2026 15:03,1,1,1,1275,0,27,579,1136,0,0,0,0,1,1.45,0,2501
09-05-2026 15:03,1,1,1,1275,0,27,579,1136,0,0,0,0,1,1.45,0,2501
09-05-2026 15:03,1,1,1,1274.6,0,27,578,1136,0,0,0,0,1,1.45,0,2501
09-05-2026 15:03,1,1,1,1274.6,0,27,578,1136,0,0,0,0,1,1.45,0,2501
09-05-2026 15:03,1,1,1,1274.1,0,26.9,577,1136,0,0,0,0,1,1.45,0,2501
09-05-2026 15:03,1,1,1,1273.2,0,26.9,577,1135,0,0,0,0,1,1.45,0,2501
09-05-2026 15:03,1,1,1,1273.2,0,26.9,577,1135,0,0,0,0,1,1.45,0,2501
09-05-2026 15:03,1,1,1,1271,0,27,578,1132,0,0,0,0,1,1.45,0,2501
09-05-2026 15:03,1,1,1,1271,0,27,578,1132,0,0,0,0,1,1.45,0,2501
09-05-2026 15:03,1,1,1,1269.2,0,27.1,578,1130,0,0,0,0,1,1.45,0,2501
09-05-2026 15:03,1,1,1,1269.2,0,27.1,578,1130,0,0,0,0,1,1.45,0,2501
09-05-2026 15:03,1,1,1,1267.5,0,27.1,578,1128,0,0,0,0,1,1.45,0,2501
09-05-2026 15:03,1,1,1,1267.5,0,27.1,578,1128,0,0,0,0,1,1.45,0,2501
09-05-2026 15:03,1,1,1,1835,0,14.2,450,1779,0,0,0,0,1,2,0,274
09-05-2026 15:03,1,1,1,1834.3,0,14.2,451,1778,0,0,0,0,1,2,0,274
09-05-2026 15:03,1,1,1,1834.8,0,14.3,453,1778,0,0,0,0,1,2,0,274
09-05-2026 15:03,1,1,1,1834.8,0,14.3,453,1778,0,0,0,0,1,2,0,274
09-05-2026 15:03,1,1,1,1838.5,0,14.5,460,1780,0,0,0,0,1,2,0,274
09-05-2026 15:03,1,1,1,1838.5,0,14.5,460,1780,0,0,0,0,1,2,0,274
09-05-2026 15:03,1,1,1,1844.1,0,14.7,467,1784,0,0,0,0,1,2,0,274
09-05-2026 15:03,1,1,1,1844.1,0,14.7,467,1784,0,0,0,0,1,2,0,274
09-05-2026 15:03,1,1,1,1845.4,0,14.9,476,1783,0,0,0,0,1,2,0,274
09-05-2026 15:03,1,1,1,1845.4,0,14.9,476,1783,0,0,0,0,1,2,0,274
09-05-2026 15:03,1,1,1,1845.9,0,15.2,485,1781,0,0,0,0,1,2,0,274
09-05-2026 15:03,1,1,1,1846.3,0,15.5,494,1779,0,0,0,0,1,2,0,274
09-05-2026 15:03,1,1,1,1846.3,0,15.5,494,1779,0,0,0,0,1,2,0,274
09-05-2026 15:03,1,1,1,1846.9,0,15.6,496,1779,0,0,0,0,1,2,0,274
09-05-2026 15:03,1,1,1,1846.9,0,15.6,496,1779,0,0,0,0,1,2,0,274
09-05-2026 15:03,1,1,1,1846.9,0,15.6,496,1779,0,0,0,0,0,0,0,0
09-05-2026 15:03,1,1,1,1846.9,0,15.6,496,1779,0,0,0,0,0,0,0,0
09-05-2026 15:03,1,1,1,1845.9,0,15.6,496,1778,0,0,0,0,0,0,0,0
09-05-2026 15:03,1,1,1,1845.6,0,15.6,495,1778,0,0,0,0,0,0,0,0
09-05-2026 15:03,1,1,1,1845.6,0,15.6,495,1778,0,0,0,0,0,0,0,0
09-05-2026 15:03,1,1,1,1845.6,0,15.6,495,1778,0,0,0,0,1,2,0,2041
09-05-2026 15:03,1,1,1,1845.6,0,15.6,495,1778,0,0,0,0,1,2,0,2041
09-05-2026 15:03,1,1,1,1846.6,0,15.5,495,1779,0,0,0,0,1,2,0,1517
09-05-2026 15:03,1,1,1,1846.6,0,15.5,495,1779,0,0,0,0,1,2,0,1517
09-05-2026 15:03,1,1,1,1847.3,0,15.5,494,1780,0,0,0,0,1,2,0,425
09-05-2026 15:03,1,1,1,1847.3,0,15.5,494,1780,0,0,0,0,1,2,0,425
09-05-2026 15:03,1,1,1,1848.2,0,15.5,494,1781,0,0,0,0,1,2,0,269
09-05-2026 15:03,1,1,1,1848.2,0,15.5,494,1781,0,0,0,0,1,2,0,269
09-05-2026 15:03,1,1,1,1848.2,0,15.5,494,1781,0,0,0,0,1,2,0,269
09-05-2026 15:03,1,1,1,1847.5,0,15.5,495,1780,0,0,0,0,1,2,0,269
09-05-2026 15:03,1,1,1,1847.5,0,15.5,495,1780,0,0,0,0,1,2,0,269
09-05-2026 15:03,1,1,1,1846.6,0,15.5,495,1779,0,0,0,0,1,2,0,269
09-05-2026 15:03,1,1,1,1846.6,0,15.5,495,1779,0,0,0,0,1,2,0,269
09-05-2026 15:03,1,1,1,1846,0,15.5,493,1779,0,0,0,0,1,2,0,269
09-05-2026 15:03,1,1,1,1846,0,15.5,493,1779,0,0,0,0,1,2,0,269
09-05-2026 15:03,1,1,1,1846,0,15.5,493,1779,0,0,0,0,1,2,0,269
09-05-2026 15:03,1,1,1,1845.4,0,15.5,494,1778,0,0,0,0,1,2,0,257
09-05-2026 15:03,1,1,1,1845.4,0,15.5,494,1778,0,0,0,0,1,2,0,257
09-05-2026 15:03,1,1,1,1845.6,0,15.6,495,1778,0,0,0,0,1,2,0,257
09-05-2026 15:03,1,1,1,1845.6,0,15.6,495,1778,0,0,0,0,1,2,0,257
09-05-2026 15:03,1,1,1,1844.2,0,15.6,497,1776,0,0,0,0,1,2,0,410
09-05-2026 15:03,1,1,1,1844.2,0,15.6,497,1776,0,0,0,0,1,2,0,410
09-05-2026 15:03,1,1,1,1844,0,15.6,496,1776,0,0,0,0,1,2,0,689
09-05-2026 15:03,1,1,1,1845.4,0,15.5,494,1778,0,0,0,0,1,2,0,689
09-05-2026 15:03,1,1,1,1845.4,0,15.5,494,1778,0,0,0,0,1,2,0,197
09-05-2026 15:03,1,1,1,1845.8,0,15.5,492,1779,0,0,0,0,1,2,0,197
09-05-2026 15:03,1,1,1,1845.8,0,15.5,492,1779,0,0,0,0,1,2,0,778
09-05-2026 15:03,1,1,1,1845.2,0,15.4,490,1779,0,0,0,0,1,2,0,778
09-05-2026 15:03,1,1,1,1845.2,0,15.4,490,1779,0,0,0,0,1,2,0,754
09-05-2026 15:03,1,1,1,1842.4,0,15.4,490,1776,0,0,0,0,1,2,0,754
09-05-2026 15:03,1,1,1,1842.4,0,15.4,490,1776,0,0,0,0,1,2,0,1322
09-05-2026 15:03,1,1,1,1840,0,15.5,492,1773,0,0,0,0,1,2,0,1322
09-05-2026 15:03,1,1,1,1839.6,0,15.6,494,1772,0,0,0,0,1,2,0,1105
09-05-2026 15:03,1,1,1,1839.6,0,15.6,494,1772,0,0,0,0,1,2,0,1105
09-05-2026 15:03,1,1,1,1839.4,0,15.7,497,1771,0,0,0,0,1,2,0,1105
09-05-2026 15:03,1,1,1,1839.4,0,15.7,497,1771,0,0,0,0,1,2,0,1105
09-05-2026 15:03,1,1,1,1839,0,15.7,499,1770,0,0,0,0,1,2,0,1105
09-05-2026 15:03,1,1,1,1839,0,15.7,499,1770,0,0,0,0,1,2,0,1105
09-05-2026 15:03,1,1,1,1839.5,0,15.8,501,1770,0,0,0,0,1,2,0,1105
09-05-2026 15:03,1,1,1,1840.9,0,15.7,499,1772,0,0,0,0,1,2,0,1105
09-05-2026 15:03,1,1,1,1840.9,0,15.7,499,1772,0,0,0,0,1,2,0,3050
09-05-2026 15:03,1,1,1,1842.3,0,15.7,497,1774,0,0,0,0,1,2,0,3050
09-05-2026 15:03,1,1,1,1842.3,0,15.7,497,1774,1,2,0,3880,1,2,0,3880
09-05-2026 15:03,1,1,1,1842.7,0,15.6,495,1775,1,2,0,3880,1,2,0,3880
09-05-2026 15:03,1,1,1,1842.7,0,15.6,495,1775,1,2,0,3562,1,2,0,3562
09-05-2026 15:03,1,1,1,1843.4,0,15.5,494,1776,1,2,0,3562,1,2,0,3562
09-05-2026 15:03,1,1,1,1843.4,0,15.5,494,1776,1,2,0,2041,1,2,0,2041
09-05-2026 15:03,1,1,1,1844.4,0,15.5,494,1777,1,2,0,2041,1,2,0,2041
09-05-2026 15:03,1,1,1,1844.4,0,15.5,494,1777,1,2,0,2041,1,2,0,2041
09-05-2026 15:03,1,1,1,1844.4,0,15.5,494,1777,1,2,0,2041,1,2,0,2041
09-05-2026 15:03,1,1,1,1843.4,0,15.5,494,1776,1,2,0,866,1,2,0,866
09-05-2026 15:03,1,1,1,1843.4,0,15.5,494,1776,0,0,0,0,1,2,0,866
09-05-2026 15:03,1,1,1,1844.1,0,15.5,493,1777,0,0,0,0,1,2,0,1924
09-05-2026 15:03,1,1,1,1844.1,0,15.5,493,1777,0,0,0,0,1,2,0,1924
09-05-2026 15:03,1,1,1,1845.5,0,15.4,491,1779,0,0,0,0,1,2,0,954
09-05-2026 15:03,1,1,1,1846.5,0,15.4,491,1780,0,0,0,0,1,2,0,954
09-05-2026 15:03,1,1,1,1846.5,0,15.4,491,1780,0,0,0,0,1,2,0,954
09-05-2026 15:03,1,1,1,1846.7,0,15.5,492,1780,0,0,0,0,1,2,0,954
09-05-2026 15:03,1,1,1,1846.7,0,15.5,492,1780,0,0,0,0,1,2,0,954
09-05-2026 15:03,1,1,1,1844.6,8,15.4,491,1778,0,0,0,0,1,2,0,954
09-05-2026 15:03,1,1,1,1844.6,8,15.4,491,1778,0,0,0,0,1,2,0,954
09-05-2026 15:03,1,1,1,1844.1,0,15.5,493,1777,0,0,0,0,1,2,0,954
09-05-2026 15:03,1,1,1,1844.1,0,15.5,493,1777,0,0,0,0,1,2,0,954
09-05-2026 15:03,1,1,1,1843.4,0,15.5,494,1776,0,0,0,0,1,2,0,954
09-05-2026 15:03,1,1,1,1842,0,15.6,496,1774,0,0,0,0,1,2,0,954
09-05-2026 15:03,1,1,1,1842,0,15.6,496,1774,0,0,0,0,1,2,0,954
09-05-2026 15:03,1,1,1,1842.8,0,15.7,499,1774,0,0,0,0,1,2,0,954
09-05-2026 15:03,1,1,1,1842.8,0,15.7,499,1774,0,0,0,0,1,2,0,954
09-05-2026 15:03,1,1,1,1842.4,0,15.8,501,1773,0,0,0,0,1,2,0,954
09-05-2026 15:03,1,1,1,1842.4,0,15.8,501,1773,0,0,0,0,0,0,0,0
09-05-2026 15:03,1,1,1,1844.2,0,15.9,504,1774,0,0,0,0,1,2,0.02,194
09-05-2026 15:03,1,1,1,1845.7,0,15.9,506,1775,0,0,0,0,1,2,0.02,194
09-05-2026 15:03,1,1,1,1845.7,0,15.9,506,1775,0,0,0,0,1,2,0.01,2029
09-05-2026 15:03,1,1,1,1846.7,0,15.9,506,1776,0,0,0,0,1,2,0.01,2029
09-05-2026 15:03,1,1,1,1846.7,0,15.9,506,1776,0,0,0,0,1,2,0,1090
09-05-2026 15:03,1,1,1,1846.7,0,15.9,506,1776,0,0,0,0,1,2,0,1090
09-05-2026 15:03,1,1,1,1846.7,0,15.9,506,1776,0,0,0,0,1,2,0,1090
09-05-2026 15:03,1,1,1,1846.4,0,15.9,505,1776,0,0,0,0,1,2,0,1090
09-05-2026 15:03,1,1,1,1846.4,0,15.9,505,1776,0,0,0,0,1,2,0,1090
09-05-2026 15:03,1,1,1,1846.1,0,15.8,504,1776,0,0,0,0,1,2,0,1090
09-05-2026 15:03,1,1,1,1844.2,0,15.9,504,1774,0,0,0,0,1,2,0,1090
09-05-2026 15:03,1,1,1,1844.2,0,15.9,504,1774,0,0,0,0,1,2,0,1090
09-05-2026 15:03,1,1,1,1843,0,15.8,503,1773,0,0,0,0,1,2,0,1090
09-05-2026 15:03,1,1,1,1843,0,15.8,503,1773,0,0,0,0,1,2,0,1090
09-05-2026 15:03,1,1,1,1843,0,15.8,503,1773,0,0,0,0,1,2,0,1090
09-05-2026 15:03,1,1,1,1843,0,15.8,503,1773,0,0,0,0,1,2,0,1090
09-05-2026 15:03,1,1,1,1843.5,0,15.9,505,1773,0,0,0,0,1,2,0,1090
09-05-2026 15:03,1,1,1,1841.9,0,15.9,506,1771,0,0,0,0,1,2,0,1090
09-05-2026 15:03,1,1,1,1841.9,0,15.9,506,1771,0,0,0,0,1,2,0,1090
09-05-2026 15:03,1,1,1,1841.2,0,16,507,1770,0,0,0,0,0,0,0,0
09-05-2026 15:03,1,1,1,1841.2,0,16,507,1770,0,0,0,0,1,1.99,0.01,697
09-05-2026 15:03,1,1,1,1839.1,0,15.9,503,1769,0,0,0,0,1,1.99,0.01,697
09-05-2026 15:03,1,1,1,1839.1,0,15.9,503,1769,0,0,0,0,1,1.99,0.01,697
09-05-2026 15:03,1,1,1,1838.3,0,15.8,500,1769,0,0,0,0,1,1.99,0.01,697
09-05-2026 15:03,1,1,1,1838.3,0,15.8,500,1769,0,0,0,0,1,1.99,0.01,697
09-05-2026 15:03,1,1,1,1838,0,15.8,499,1769,0,0,0,0,1,1.99,0.01,697
09-05-2026 15:03,1,1,1,1837.8,0,15.7,498,1769,0,0,0,0,1,1.99,0.01,697
09-05-2026 15:03,1,1,1,1837.8,0,15.7,498,1769,0,0,0,0,1,1.99,0.01,697
09-05-2026 15:03,1,1,1,1835.6,0,15.7,497,1767,0,0,0,0,1,1.99,0.01,697
09-05-2026 15:03,1,1,1,1835.6,0,15.7,497,1767,0,0,0,0,1,1.99,0.01,697
09-05-2026 15:03,1,1,1,1835,0,15.6,495,1767,0,0,0,0,1,1.99,0.01,697
09-05-2026 15:03,1,1,1,1835,0,15.6,495,1767,0,0,0,0,1,1.99,0.01,697
09-05-2026 15:03,1,1,1,1835,0,15.6,495,1767,0,0,0,0,1,1.99,0.01,697
09-05-2026 15:03,1,1,1,1835,0,15.6,495,1767,0,0,0,0,1,1.99,0.01,697
09-05-2026 15:03,1,1,1,1836.3,0,15.7,496,1768,0,0,0,0,1,1.99,0,810
09-05-2026 15:03,1,1,1,1836.5,0,15.7,497,1768,0,0,0,0,1,1.99,0,810
09-05-2026 15:03,1,1,1,1836.5,0,15.7,497,1768,0,0,0,0,1,1.99,0,810
09-05-2026 15:03,1,1,1,1837.8,0,15.7,498,1769,0,0,0,0,1,1.99,0,810
09-05-2026 15:03,1,1,1,1837.8,0,15.7,498,1769,0,0,0,0,1,2.13,0.01,490
09-05-2026 15:03,1,1,1,1838,0,15.8,499,1769,0,0,0,0,1,2.13,0.01,490
09-05-2026 15:03,1,1,1,1838,0,15.8,499,1769,0,0,0,0,1,2.08,0,3536
09-05-2026 15:03,1,1,1,1837.3,0,15.8,500,1768,0,0,0,0,1,2.08,0,3536
09-05-2026 15:03,1,1,1,1837.6,0,15.8,501,1768,0,0,0,0,1,2.06,0,1845
09-05-2026 15:03,1,1,1,1837.6,0,15.8,501,1768,0,0,0,0,1,2.06,0,1845
09-05-2026 15:03,1,1,1,1837.1,0,15.8,499,1768,0,0,0,0,1,2.05,0,985
09-05-2026 15:03,1,1,1,1837.1,0,15.8,499,1768,0,0,0,0,1,2.05,0,985
09-05-2026 15:03,1,1,1,1837.1,0,15.8,499,1768,0,0,0,0,1,2,-0.01,445
09-05-2026 15:03,1,1,1,1837.1,0,15.8,499,1768,0,0,0,0,1,2,-0.01,445
09-05-2026 15:03,1,1,1,1836.4,0,15.8,500,1767,0,0,0,0,1,2,-0.01,445
09-05-2026 15:03,1,1,1,1836.4,0,15.8,500,1767,0,0,0,0,1,2,-0.01,445
09-05-2026 15:03,1,1,1,1832.4,0,15.9,503,1762,0,0,0,0,1,2,-0.01,445
09-05-2026 15:03,1,1,1,1827.4,0,16.1,506,1756,0,0,0,0,1,2,-0.01,445
09-05-2026 15:03,1,1,1,1827.4,0,16.1,506,1756,0,0,0,0,1,2,-0.01,445
09-05-2026 15:03,1,1,1,1823.2,0,16.2,508,1751,0,0,0,0,1,2,-0.01,445
09-05-2026 15:03,1,1,1,1823.2,0,16.2,508,1751,0,0,0,0,1,2,-0.01,445
09-05-2026 15:03,1,1,1,1822.8,0,16.2,510,1750,0,0,0,0,1,2,-0.01,445
09-05-2026 15:03,1,1,1,1822.8,0,16.2,510,1750,0,0,0,0,1,2,-0.01,445
09-05-2026 15:03,1,1,1,1822.4,0,16.3,512,1749,0,0,0,0,1,2,-0.01,445
09-05-2026 15:03,1,1,1,1822.3,0,16.4,515,1748,0,0,0,0,1,2,-0.01,445
09-05-2026 15:03,1,1,1,1822.3,0,16.4,515,1748,0,0,0,0,1,2,-0.01,445
09-05-2026 15:03,1,1,1,1822,0,16.4,514,1748,0,0,0,0,1,2,-0.01,445
09-05-2026 15:03,1,1,1,1822,0,16.4,514,1748,0,0,0,0,0,0,0,0
09-05-2026 15:03,1,1,1,1822.7,0,16.3,513,1749,0,0,0,0,0,0,0,0
09-05-2026 15:03,1,1,1,1822.7,0,16.3,513,1749,0,0,0,0,0,0,0,0
09-05-2026 15:03,1,1,1,1824.2,0,16.4,515,1750,0,0,0,0,0,0,0,0
09-05-2026 15:03,1,1,1,1824.2,0,16.4,515,1750,0,0,0,0,0,0,0,0
09-05-2026 15:03,1,1,1,1826.5,0,16.3,513,1753,0,0,0,0,0,0,0,0
09-05-2026 15:03,1,1,1,1826.8,0,16.3,514,1753,0,0,0,0,0,0,0,0
09-05-2026 15:03,1,1,1,1826.8,0,16.3,514,1753,0,0,0,0,0,0,0,0
09-05-2026 15:03,1,1,1,1825.7,0,16.4,517,1751,0,0,0,0,0,0,0,0
09-05-2026 15:03,1,1,1,1825.7,0,16.4,517,1751,0,0,0,0,0,0,0,0
09-05-2026 15:03,1,1,1,1822.5,0,16.5,519,1747,0,0,0,0,0,0,0,0
09-05-2026 15:03,1,1,1,1822.5,0,16.5,519,1747,0,0,0,0,1,2,0,586
09-05-2026 15:03,1,1,1,1822.4,0,16.6,522,1746,0,0,0,0,1,2,0,586
09-05-2026 15:03,1,1,1,1822.6,0,16.8,526,1745,0,0,0,0,1,2,0,586
09-05-2026 15:03,1,1,1,1822.6,0,16.8,526,1745,0,0,0,0,1,2,0,586
09-05-2026 15:03,1,1,1,1825.3,0,16.9,532,1746,0,0,0,0,1,2,0,586
09-05-2026 15:03,1,1,1,1825.3,0,16.9,532,1746,0,0,0,0,1,2,0,586
09-05-2026 15:03,1,1,1,1827.1,0,17,535,1747,0,0,0,0,1,2,0,586
09-05-2026 15:03,1,1,1,1827.1,0,17,535,1747,0,0,0,0,1,2,0,586
09-05-2026 15:03,1,1,1,1827.8,0,16.9,531,1749,0,0,0,0,1,2,0,586
09-05-2026 15:03,1,1,1,1827.8,0,16.9,531,1749,0,0,0,0,1,2,0,586
09-05-2026 15:03,1,1,1,1827.9,0,16.8,528,1750,0,0,0,0,1,2,0.01,346
09-05-2026 15:03,1,1,1,1827.3,0,16.7,526,1750,0,0,0,0,1,2,0.01,346
09-05-2026 15:03,1,1,1,1827.3,0,16.7,526,1750,0,0,0,0,1,2,0.01,346
09-05-2026 15:03,1,1,1,1826.8,0,16.7,524,1750,0,0,0,0,1,2,0.01,346
09-05-2026 15:03,1,1,1,1826.8,0,16.7,524,1750,0,0,0,0,1,2,0.01,346
09-05-2026 15:03,1,1,1,1827.3,0,16.5,519,1752,0,0,0,0,1,2,0.01,346
09-05-2026 15:03,1,1,1,1827.3,0,16.5,519,1752,0,0,0,0,1,2,0.01,346
09-05-2026 15:03,1,1,1,1827.9,0,16.5,518,1753,0,0,0,0,1,2,0.01,346
09-05-2026 15:03,1,1,1,1826.9,0,16.6,521,1751,0,0,0,0,1,2,0.01,346
09-05-2026 15:03,1,1,1,1826.9,0,16.6,521,1751,0,0,0,0,1,2,0.01,346
09-05-2026 15:03,1,1,1,1824.9,0,16.7,524,1748,0,0,0,0,1,2,0.01,346
09-05-2026 15:03,1,1,1,1824.9,0,16.7,524,1748,0,0,0,0,1,2,0.01,346
09-05-2026 15:03,1,1,1,1823.2,0,16.7,525,1746,0,0,0,0,1,2,0,1066
09-05-2026 15:03,1,1,1,1823.2,0,16.7,525,1746,0,0,0,0,1,2,0,1066
09-05-2026 15:03,1,1,1,1823.2,0,16.7,525,1746,0,0,0,0,1,2,0,605
09-05-2026 15:03,1,1,1,1823.2,0,16.7,525,1746,0,0,0,0,1,2,0,605
09-05-2026 15:03,1,1,1,1822.9,0,16.7,524,1746,0,0,0,0,1,2,0,1033
09-05-2026 15:03,1,1,1,1821.8,0,16.6,520,1746,0,0,0,0,1,2,0,1033
09-05-2026 15:03,1,1,1,1821.8,0,16.6,520,1746,0,0,0,0,1,2,0,1033
09-05-2026 15:03,1,1,1,1821.6,0,16.5,516,1747,0,0,0,0,1,2,0,1033
09-05-2026 15:03,1,1,1,1821.6,0,16.5,516,1747,0,0,0,0,1,2,0,1033
09-05-2026 15:03,1,1,1,1821.4,0,16.3,512,1748,0,0,0,0,1,2,0,1033
09-05-2026 15:03,1,1,1,1821.4,0,16.3,512,1748,0,0,0,0,1,2,0,1033
09-05-2026 15:03,1,1,1,1821.8,0,16.3,510,1749,0,0,0,0,1,2,0,1033
09-05-2026 15:03,1,1,1,1820.9,0,16.3,510,1748,0,0,0,0,1,2,0,1033
09-05-2026 15:03,1,1,1,1820.9,0,16.3,510,1748,0,0,0,0,1,2,0,1033
09-05-2026 15:03,1,1,1,1820.2,0,16.3,511,1747,0,0,0,0,1,2,0,1033
09-05-2026 15:03,1,1,1,1820.2,0,16.3,511,1747,0,0,0,0,1,2,0,1033
09-05-2026 15:03,1,1,1,1820.8,0,16.4,513,1747,0,0,0,0,1,2,0,578
09-05-2026 15:03,1,1,1,1820.8,0,16.4,513,1747,0,0,0,0,1,2,0,578
09-05-2026 15:03,1,1,1,1823.1,0,16.3,511,1750,0,0,0,0,1,2,0,436
09-05-2026 15:03,1,1,1,1823.1,0,16.3,511,1750,0,0,0,0,1,2,0,436
09-05-2026 15:03,1,1,1,1824.8,0,16.1,507,1753,0,0,0,0,1,2,0,436
09-05-2026 15:03,1,1,1,1825.9,0,16,504,1755,0,0,0,0,1,2,0,436
09-05-2026 15:03,1,1,1,1825.9,0,16,504,1755,0,0,0,0,1,2,0,436
09-05-2026 15:03,1,1,1,1827.7,0,15.9,500,1758,0,0,0,0,1,2,0,436
09-05-2026 15:03,1,1,1,1827.7,0,15.9,500,1758,0,0,0,0,1,2,0,436
09-05-2026 15:03,1,1,1,1828.8,0,15.8,497,1760,0,0,0,0,1,2,0,436
09-05-2026 15:03,1,1,1,1828.8,0,15.8,497,1760,0,0,0,0,1,2,0,436
09-05-2026 15:03,1,1,1,1832.1,0,15.7,495,1764,0,0,0,0,1,2,0,436
09-05-2026 15:03,1,1,1,1832.1,0,15.7,495,1764,0,0,0,0,1,2,0,436
09-05-2026 15:03,1,1,1,1837.9,0,15.6,495,1770,0,0,0,0,1,2,0,436
09-05-2026 15:03,1,1,1,1841.5,0,15.6,494,1774,0,0,0,0,1,2,0,436
09-05-2026 15:03,1,1,1,1841.5,0,15.6,494,1774,0,0,0,0,1,2,0,436
09-05-2026 15:03,1,1,1,1844.1,0,15.5,493,1777,0,0,0,0,1,2,0,436
09-05-2026 15:03,1,1,1,1844.1,0,15.5,493,1777,0,0,0,0,0,0,0,0
09-05-2026 15:03,1,1,1,1845.4,0,15.5,494,1778,0,0,0,0,0,0,0,0
09-05-2026 15:03,1,1,1,1845.4,0,15.5,494,1778,0,0,0,0,0,0,0,0
09-05-2026 15:03,1,1,1,1845.2,0,15.6,497,1777,0,0,0,0,0,0,0,0
09-05-2026 15:03,1,1,1,1844.2,0,15.6,497,1776,0,0,0,0,0,0,0,0
09-05-2026 15:03,1,1,1,1844.2,0,15.6,497,1776,0,0,0,0,0,0,0,0
09-05-2026 15:03,1,1,1,1844,0,15.6,496,1776,0,0,0,0,0,0,0,0
09-05-2026 15:03,1,1,1,1845.1,0,15.5,493,1778,0,0,0,0,0,0,0,0
09-05-2026 15:03,1,1,1,1845.1,0,15.5,493,1778,0,0,0,0,1,2,0,1394
09-05-2026 15:03,1,1,1,1845.9,0,15.4,489,1780,0,0,0,0,1,2,0,1394
09-05-2026 15:03,1,1,1,1845.9,0,15.4,489,1780,0,0,0,0,1,2,0,1125
09-05-2026 15:03,1,1,1,1846.8,0,15.2,485,1782,0,0,0,0,1,2,0,1125
09-05-2026 15:03,1,1,1,1846.8,0,15.2,485,1782,0,0,0,0,1,2.01,0,637
09-05-2026 15:03,1,1,1,1848.2,0,15.1,483,1784,0,0,0,0,1,2.01,0,637
09-05-2026 15:03,1,1,1,1848.2,0,15.1,483,1784,0,0,0,0,1,2.01,0,605
09-05-2026 15:03,1,1,1,1848.7,0,15.1,481,1785,0,0,0,0,1,2.01,0,605
09-05-2026 15:03,1,1,1,1850.3,0,15,480,1787,0,0,0,0,1,2.01,0,365
09-05-2026 15:03,1,1,1,1850.3,0,15,480,1787,0,0,0,0,1,2.01,0,365
09-05-2026 15:03,1,1,1,1850.1,0,15,479,1787,0,0,0,0,1,2.01,0,365
09-05-2026 15:03,1,1,1,1850.1,0,15,479,1787,0,0,0,0,1,2.01,0,365
09-05-2026 15:03,1,1,1,1848.6,0,15,477,1786,0,0,0,0,1,2.01,0,365
09-05-2026 15:03,1,1,1,1848.6,0,15,477,1786,0,0,0,0,1,2.01,0,365
09-05-2026 15:03,1,1,1,1845.7,0,15,477,1783,0,0,0,0,1,2.01,0,365
09-05-2026 15:03,1,1,1,1843.3,0,15.1,479,1780,0,0,0,0,1,2.01,0,365
09-05-2026 15:03,1,1,1,1843.3,0,15.1,479,1780,0,0,0,0,1,2,0,793
09-05-2026 15:03,1,1,1,1842.4,0,15.2,483,1778,0,0,0,0,1,2,0,793
09-05-2026 15:03,1,1,1,1842.4,0,15.2,483,1778,0,0,0,0,1,2,0,793
09-05-2026 15:03,1,1,1,1843,0,15.3,485,1778,0,0,0,0,1,2,0,793
09-05-2026 15:03,1,1,1,1843,0,15.3,485,1778,0,0,0,0,1,2,0.01,356
09-05-2026 15:03,1,1,1,1843.2,0,15.3,486,1778,0,0,0,0,1,2,0.01,356
09-05-2026 15:03,1,1,1,1843.2,0,15.3,486,1778,0,0,0,0,1,2,0.01,356
09-05-2026 15:03,1,1,1,1844.1,0,15.2,482,1780,0,0,0,0,1,2,0.01,356
09-05-2026 15:03,1,1,1,1845.5,0,15.1,480,1782,0,0,0,0,1,2,0.01,356
09-05-2026 15:03,1,1,1,1845.5,0,15.1,480,1782,0,0,0,0,1,2,0.01,356
09-05-2026 15:03,1,1,1,1850,0,14.9,475,1788,0,0,0,0,1,2,0.01,356
09-05-2026 15:03,1,1,1,1850,0,14.9,475,1788,0,0,0,0,1,2,0.01,356
09-05-2026 15:03,1,1,1,1852.2,0,14.8,472,1791,0,0,0,0,1,2,0.01,356
09-05-2026 15:03,1,1,1,1852.2,0,14.8,472,1791,0,0,0,0,1,2,0.01,356
09-05-2026 15:03,1,1,1,1851.9,0,14.7,471,1791,0,0,0,0,1,2,0.01,356
09-05-2026 15:03,1,1,1,1849,0,14.8,471,1788,0,0,0,0,1,2,0.01,356
09-05-2026 15:03,1,1,1,1849,0,14.8,471,1788,0,0,0,0,1,2,0.01,356
09-05-2026 15:03,1,1,1,1844.9,0,14.9,474,1783,0,0,0,0,1,2,0.01,356
09-05-2026 15:03,1,1,1,1844.9,0,14.9,474,1783,0,0,0,0,1,2.24,0,1165
09-05-2026 15:03,1,1,1,1842.5,0,15,476,1780,0,0,0,0,1,2.24,0,1165
09-05-2026 15:03,1,1,1,1842.5,0,15,476,1780,0,0,0,0,1,2.12,0,866
09-05-2026 15:03,1,1,1,1841.1,0,15,478,1778,0,0,0,0,1,2.12,0,866
09-05-2026 15:03,1,1,1,1841.1,0,15,478,1778,0,0,0,0,1,2.12,0,866
09-05-2026 15:03,1,1,1,1840.7,0,15.1,480,1777,0,0,0,0,1,2.12,0,866
09-05-2026 15:03,1,1,1,1840.2,0,15.2,482,1776,0,0,0,0,1,2.12,0,866
09-05-2026 15:03,1,1,1,1840.2,0,15.2,482,1776,0,0,0,0,1,2.12,0,866
09-05-2026 15:03,1,1,1,1840.8,0,15.2,484,1776,0,0,0,0,1,2.12,0,866
09-05-2026 15:03,1,1,1,1840.8,0,15.2,484,1776,0,0,0,0,1,2.12,0,866
09-05-2026 15:03,1,1,1,1842.2,0,15.2,482,1778,0,0,0,0,1,2,0,965
09-05-2026 15:03,1,1,1,1842.2,0,15.2,482,1778,0,0,0,0,1,2,0,965
09-05-2026 15:03,1,1,1,1842.9,0,15.1,481,1779,0,0,0,0,1,2,0,965
09-05-2026 15:03,1,1,1,1844.5,0,15.1,480,1781,0,0,0,0,1,2,0,965
09-05-2026 15:03,1,1,1,1844.5,0,15.1,480,1781,0,0,0,0,1,2,0,965
09-05-2026 15:03,1,1,1,1846.5,0,15.1,480,1783,0,0,0,0,1,2,0,965
09-05-2026 15:03,1,1,1,1846.5,0,15.1,480,1783,0,0,0,0,1,2,0,965
09-05-2026 15:03,1,1,1,1846.7,0,15.1,481,1783,0,0,0,0,1,2,0,965
09-05-2026 15:03,1,1,1,1846.7,0,15.1,481,1783,0,0,0,0,1,2,0,965
09-05-2026 15:03,1,1,1,1846.4,0,15.3,487,1781,0,0,0,0,1,2,0,965
09-05-2026 15:03,1,1,1,1846.4,0,15.3,487,1781,0,0,0,0,1,2,0,965
09-05-2026 15:03,1,1,1,1845.4,0,15.5,494,1778,0,0,0,0,1,2,0,965
09-05-2026 15:03,1,1,1,1843.3,0,15.6,497,1775,0,0,0,0,1,2,0,965
09-05-2026 15:03,1,1,1,1843.3,0,15.6,497,1775,0,0,0,0,1,2,0,965
09-05-2026 15:03,1,1,1,1842.6,0,15.7,498,1774,0,0,0,0,1,2,0,965
09-05-2026 15:03,1,1,1,1842.6,0,15.7,498,1774,0,0,0,0,0,0,0,0
09-05-2026 15:03,1,1,1,1843,0,15.6,496,1775,0,0,0,0,0,0,0,0
09-05-2026 15:03,1,1,1,1843,0,15.6,496,1775,0,0,0,0,0,0,0,0
09-05-2026 15:03,1,1,1,1843.4,0,15.5,494,1776,0,0,0,0,0,0,0,0
09-05-2026 15:03,1,1,1,1845.8,0,15.5,492,1779,0,0,0,0,0,0,0,0
09-05-2026 15:03,1,1,1,1845.8,0,15.5,492,1779,0,0,0,0,0,0,0,0
09-05-2026 15:03,1,1,1,1847.2,0,15.4,490,1781,0,0,0,0,0,0,0,0
09-05-2026 15:03,1,1,1,1847.2,0,15.4,490,1781,0,0,0,0,0,0,0,0
09-05-2026 15:03,1,1,1,1847.9,0,15.3,489,1782,0,0,0,0,0,0,0,0
09-05-2026 15:03,1,1,1,1847.9,0,15.3,489,1782,0,0,0,0,0,0,0,0
09-05-2026 15:03,1,1,1,1849.8,0,15.3,489,1784,0,0,0,0,0,0,0,0
09-05-2026 15:03,1,1,1,1849.8,0,15.3,489,1784,0,0,0,0,0,0,0,0
09-05-2026 15:03,1,1,1,1849.8,0,15.3,489,1784,0,0,0,0,0,0,0,0
09-05-2026 15:03,1,1,1,1849.8,0,15.3,489,1784,0,0,0,0,0,0,0,0
09-05-2026 15:03,1,1,1,1849.8,0,15.3,489,1784,0,0,0,0,0,0,0,0
09-05-2026 15:03,1,1,1,1850.2,0,15.3,487,1785,0,0,0,0,0,0,0,0
09-05-2026 15:03,1,1,1,1850.2,0,15.3,487,1785,0,0,0,0,0,0,0,0
09-05-2026 15:03,1,1,1,1852.9,0,15.2,486,1788,0,0,0,0,0,0,0,0
09-05-2026 15:03,1,1,1,1852.9,0,15.2,486,1788,0,0,0,0,0,0,0,0
09-05-2026 15:03,1,1,1,1854,0,15.1,483,1790,0,0,0,0,0,0,0,0
09-05-2026 15:03,1,1,1,1854,0,15.1,483,1790,0,0,0,0,0,0,0,0
09-05-2026 15:03,1,1,1,1856.7,0,15,482,1793,0,0,0,0,0,0,0,0
09-05-2026 15:03,1,1,1,1859.7,0,14.9,479,1797,0,0,0,0,0,0,0,0
09-05-2026 15:03,1,1,1,1859.7,0,14.9,479,1797,0,0,0,0,0,0,0,0
09-05-2026 15:03,1,1,1,1861.9,0,14.8,476,1800,0,0,0,0,0,0,0,0
09-05-2026 15:03,1,1,1,1861.9,0,14.8,476,1800,0,0,0,0,0,0,0,0
09-05-2026 15:03,1,1,1,1861.6,0,14.8,475,1800,0,0,0,0,0,0,0,0
09-05-2026 15:03,1,1,1,1861.6,0,14.8,475,1800,0,0,0,0,0,0,0,0
09-05-2026 15:03,1,1,1,1863,0,14.7,473,1802,0,0,0,0,0,0,0,0
09-05-2026 15:03,1,1,1,1864.5,0,14.6,471,1804,0,0,0,0,0,0,0,0
09-05-2026 15:03,1,1,1,1864.5,0,14.6,471,1804,0,0,0,0,0,0,0,0
09-05-2026 15:03,1,1,1,1866.6,0,14.5,468,1807,0,0,0,0,0,0,0,0
09-05-2026 15:03,1,1,1,1866.6,0,14.5,468,1807,0,0,0,0,0,0,0,0
09-05-2026 15:03,1,1,1,1870,0,14.4,466,1811,0,0,0,0,0,0,0,0
09-05-2026 15:03,1,1,1,1870,0,14.4,466,1811,0,0,0,0,0,0,0,0
09-05-2026 15:03,1,1,1,1871,0,14.4,466,1812,0,0,0,0,0,0,0,0
09-05-2026 15:03,1,1,1,1871,0,14.4,466,1812,0,0,0,0,0,0,0,0
09-05-2026 15:03,1,1,1,1870.2,0,14.5,467,1811,0,0,0,0,0,0,0,0
09-05-2026 15:03,1,1,1,1870.2,0,14.5,467,1811,0,0,0,0,0,0,0,0
09-05-2026 15:03,1,1,1,1870.2,0,14.5,467,1811,0,0,0,0,0,0,0,0
09-05-2026 15:03,1,1,1,1869.1,0,14.6,470,1809,0,0,0,0,0,0,0,0
09-05-2026 15:03,1,1,1,1869.1,0,14.6,470,1809,0,0,0,0,0,0,0,0
09-05-2026 15:03,1,1,1,1867.6,0,14.6,472,1807,0,0,0,0,0,0,0,0
09-05-2026 15:03,1,1,1,1867.6,0,14.6,472,1807,0,0,0,0,0,0,0,0
09-05-2026 15:03,1,1,1,1865.9,0,14.7,473,1805,0,0,0,0,0,0,0,0
09-05-2026 15:03,1,1,1,1864.5,0,14.8,475,1803,0,0,0,0,0,0,0,0
09-05-2026 15:03,1,1,1,1864.5,0,14.8,475,1803,0,0,0,0,0,0,0,0
09-05-2026 15:03,1,1,1,1863.6,0,14.8,475,1802,0,0,0,0,0,0,0,0
09-05-2026 15:03,1,1,1,1863.6,0,14.8,475,1802,0,0,0,0,0,0,0,0
09-05-2026 15:03,1,1,1,1864,0,14.7,473,1803,0,0,0,0,0,0,0,0
09-05-2026 15:03,1,1,1,1864,0,14.7,473,1803,0,0,0,0,0,0,0,0
09-05-2026 15:03,1,1,1,1868.1,0,14.4,466,1809,0,0,0,0,0,0,0,0
09-05-2026 15:03,1,1,1,1868.1,0,14.4,466,1809,0,0,0,0,0,0,0,0
09-05-2026 15:03,1,1,1,1871.7,0,14.3,461,1814,0,0,0,0,0,0,0,0
09-05-2026 15:03,1,1,1,1872.9,0,14.2,458,1816,0,0,0,0,0,0,0,0
09-05-2026 15:03,1,1,1,1872.9,0,14.2,458,1816,0,0,0,0,0,0,0,0
09-05-2026 15:03,1,1,1,1875.8,0,14.1,458,1819,0,0,0,0,0,0,0,0
09-05-2026 15:03,1,1,1,1875.8,0,14.1,458,1819,0,0,0,0,0,0,0,0
09-05-2026 15:04,1,1,1,1876,0,14.2,459,1819,0,0,0,0,0,0,0,0
09-05-2026 15:04,1,1,1,1876,0,14.2,459,1819,0,0,0,0,0,0,0,0
09-05-2026 15:04,1,1,1,1876.5,0,14.2,461,1819,0,0,0,0,0,0,0,0
09-05-2026 15:04,1,1,1,1873.1,0,14.3,463,1815,0,0,0,0,0,0,0,0
09-05-2026 15:04,1,1,1,1873.1,0,14.3,463,1815,0,0,0,0,0,0,0,0
09-05-2026 15:04,1,1,1,1869,0,14.4,466,1810,0,0,0,0,0,0,0,0
09-05-2026 15:04,1,1,1,1869,0,14.4,466,1810,0,0,0,0,0,0,0,0
09-05-2026 15:04,1,1,1,1864,0,14.6,469,1804,0,0,0,0,0,0,0,0
09-05-2026 15:04,1,1,1,1864,0,14.6,469,1804,0,0,0,0,0,0,0,0
09-05-2026 15:04,1,1,1,1864.2,0,14.6,470,1804,0,0,0,0,0,0,0,0
09-05-2026 15:04,1,1,1,1864.2,0,14.6,470,1804,0,0,0,0,0,0,0,0
09-05-2026 15:04,1,1,1,1865.2,0,14.6,470,1805,0,0,0,0,0,0,0,0
09-05-2026 15:04,1,1,1,1864.9,0,14.6,469,1805,0,0,0,0,0,0,0,0
09-05-2026 15:04,1,1,1,1864.9,0,14.6,469,1805,0,0,0,0,0,0,0,0
09-05-2026 15:04,1,1,1,1863.5,0,14.5,467,1804,0,0,0,0,0,0,0,0
09-05-2026 15:04,1,1,1,1863.5,0,14.5,467,1804,0,0,0,0,0,0,0,0
09-05-2026 15:04,1,1,1,1863.4,0,14.4,463,1805,0,0,0,0,0,0,0,0
09-05-2026 15:04,1,1,1,1863.4,0,14.4,463,1805,0,0,0,0,0,0,0,0
09-05-2026 15:04,1,1,1,1863.4,0,14.3,459,1806,0,0,0,0,0,0,0,0
09-05-2026 15:04,1,1,1,1863.6,0,14,452,1808,0,0,0,0,0,0,0,0
09-05-2026 15:04,1,1,1,1863.6,0,14,452,1808,0,0,0,0,0,0,0,0
09-05-2026 15:04,1,1,1,1863.9,0,13.8,445,1810,0,0,0,0,0,0,0,0
09-05-2026 15:04,1,1,1,1863.9,0,13.8,445,1810,0,0,0,0,0,0,0,0
09-05-2026 15:04,1,1,1,1865.4,0,13.7,443,1812,0,0,0,0,0,0,0,0
09-05-2026 15:04,1,1,1,1865.4,0,13.7,443,1812,0,0,0,0,0,0,0,0
09-05-2026 15:04,1,1,1,1867.3,0,13.7,443,1814,0,0,0,0,0,0,0,0
09-05-2026 15:04,1,1,1,1867.3,0,13.7,443,1814,0,0,0,0,0,0,0,0
09-05-2026 15:04,1,1,1,1867.5,0,13.8,444,1814,0,0,0,0,0,0,0,0
09-05-2026 15:04,1,1,1,1868,0,13.8,446,1814,0,0,0,0,0,0,0,0
09-05-2026 15:04,1,1,1,1868,0,13.8,446,1814,0,0,0,0,0,0,0,0
09-05-2026 15:04,1,1,1,1868.5,0,13.9,448,1814,0,0,0,0,0,0,0,0
09-05-2026 15:04,1,1,1,1868.5,0,13.9,448,1814,0,0,0,0,0,0,0,0
09-05-2026 15:04,1,1,1,1868.7,0,13.9,449,1814,0,0,0,0,0,0,0,0
09-05-2026 15:04,1,1,1,1868.7,0,13.9,449,1814,0,0,0,0,0,0,0,0
09-05-2026 15:04,1,1,1,1869.2,0,14,451,1814,0,0,0,0,0,0,0,0
09-05-2026 15:04,1,1,1,1869.5,0,14,452,1814,0,0,0,0,0,0,0,0
09-05-2026 15:04,1,1,1,1869.5,0,14,452,1814,0,0,0,0,0,0,0,0
09-05-2026 15:04,1,1,1,1869,0,14.1,454,1813,0,0,0,0,0,0,0,0
09-05-2026 15:04,1,1,1,1869,0,14.1,454,1813,0,0,0,0,0,0,0,0
09-05-2026 15:04,1,1,1,1867.3,0,14.1,455,1811,0,0,0,0,0,0,0,0
09-05-2026 15:04,1,1,1,1867.3,0,14.1,455,1811,0,0,0,0,0,0,0,0
09-05-2026 15:04,1,1,1,1865.1,0,14.2,458,1808,0,0,0,0,0,0,0,0
09-05-2026 15:04,1,1,1,1865.1,0,14.2,458,1808,0,0,0,0,0,0,0,0
09-05-2026 15:04,1,1,1,1864.9,0,14.3,461,1807,0,0,0,0,0,0,0,0
09-05-2026 15:04,1,1,1,1864.9,0,14.4,465,1806,0,0,0,0,0,0,0,0
09-05-2026 15:04,1,1,1,1864.9,0,14.4,465,1806,0,0,0,0,0,0,0,0
09-05-2026 15:04,1,1,1,1865.2,0,14.5,466,1806,0,0,0,0,0,0,0,0
09-05-2026 15:04,1,1,1,1865.2,0,14.5,466,1806,0,0,0,0,0,0,0,0
09-05-2026 15:04,1,1,1,1864.2,0,14.5,466,1805,0,0,0,0,0,0,0,0
09-05-2026 15:04,1,1,1,1864.2,0,14.5,466,1805,0,0,0,0,0,0,0,0
09-05-2026 15:04,1,1,1,1863.7,0,14.5,468,1804,0,0,0,0,0,0,0,0
09-05-2026 15:04,1,1,1,1863.7,0,14.5,468,1804,0,0,0,0,0,0,0,0
09-05-2026 15:04,1,1,1,1862,0,14.6,469,1802,0,0,0,0,0,0,0,0
09-05-2026 15:04,1,1,1,1861.3,0,14.6,470,1801,0,0,0,0,0,0,0,0
09-05-2026 15:04,1,1,1,1861.3,0,14.6,470,1801,0,0,0,0,0,0,0,0
09-05-2026 15:04,1,1,1,1859.6,0,14.7,471,1799,0,0,0,0,0,0,0,0
09-05-2026 15:04,1,1,1,1859.6,0,14.7,471,1799,0,0,0,0,0,0,0,0
09-05-2026 15:04,1,1,1,1861.6,0,14.7,471,1801,0,0,0,0,0,0,0,0
09-05-2026 15:04,1,1,1,1861.6,0,14.7,471,1801,0,0,0,0,0,0,0,0
09-05-2026 15:04,1,1,1,1862.5,0,14.6,471,1802,0,0,0,0,0,0,0,0
09-05-2026 15:04,1,1,1,1862,0,14.6,469,1802,0,0,0,0,0,0,0,0
09-05-2026 15:04,1,1,1,1862,0,14.6,469,1802,0,0,0,0,0,0,0,0
09-05-2026 15:04,1,1,1,1859.6,0,14.5,467,1800,0,0,0,0,0,0,0,0
09-05-2026 15:04,1,1,1,1859.6,0,14.5,467,1800,0,0,0,0,0,0,0,0
09-05-2026 15:04,1,1,1,1856.4,0,14.5,466,1797,0,0,0,0,0,0,0,0
09-05-2026 15:04,1,1,1,1856.4,0,14.5,466,1797,0,0,0,0,0,0,0,0
09-05-2026 15:04,1,1,1,1853.5,0,14.6,466,1794,0,0,0,0,0,0,0,0
09-05-2026 15:04,1,1,1,1853.5,0,14.6,466,1794,0,0,0,0,0,0,0,0
09-05-2026 15:04,1,1,1,1852.3,0,14.5,465,1793,0,0,0,0,0,0,0,0
09-05-2026 15:04,1,1,1,1852.3,0,14.5,465,1793,0,0,0,0,0,0,0,0
09-05-2026 15:04,1,1,1,1852.3,0,14.5,465,1793,0,0,0,0,0,0,0,0
09-05-2026 15:04,1,1,1,1852.3,0,14.5,465,1793,0,0,0,0,0,0,0,0
09-05-2026 15:04,1,1,1,1852.3,0,14.5,465,1793,0,0,0,0,0,0,0,0
09-05-2026 15:04,1,1,1,1852.3,0,14.5,465,1793,0,0,0,0,0,0,0,0
09-05-2026 15:04,1,1,1,1852.3,0,14.5,465,1793,0,0,0,0,0,0,0,0
09-05-2026 15:04,1,1,1,1852.3,0,14.5,465,1793,0,0,0,0,0,0,0,0
09-05-2026 15:04,1,1,1,1851.6,0,14.6,466,1792,0,0,0,0,0,0,0,0
09-05-2026 15:04,1,1,1,1851.6,0,14.6,466,1792,0,0,0,0,0,0,0,0
09-05-2026 15:04,1,1,1,1852.3,0,14.5,465,1793,0,0,0,0,0,0,0,0
09-05-2026 15:04,1,1,1,1852.3,0,14.5,465,1793,0,0,0,0,0,0,0,0
09-05-2026 15:04,1,1,1,1853,0,14.5,464,1794,0,0,0,0,0,0,0,0
09-05-2026 15:04,1,1,1,1853,0,14.5,464,1794,0,0,0,0,0,0,0,0
09-05-2026 15:04,1,1,1,1853.8,0,14.5,463,1795,0,0,0,0,0,0,0,0
09-05-2026 15:04,1,1,1,1853.8,0,14.5,463,1795,0,0,0,0,0,0,0,0
09-05-2026 15:04,1,1,1,1854.7,0,14.5,463,1796,0,0,0,0,0,0,0,0
09-05-2026 15:04,1,1,1,1855.7,0,14.4,463,1797,0,0,0,0,1,2,0,1745
09-05-2026 15:04,1,1,1,1855.7,0,14.4,463,1797,0,0,0,0,1,2,0,1745
09-05-2026 15:04,1,1,1,1857.9,0,14.5,464,1799,0,0,0,0,1,2.01,0,1060
09-05-2026 15:04,1,1,1,1857.9,0,14.5,464,1799,0,0,0,0,1,2.01,0,1060
09-05-2026 15:04,1,1,1,1858.8,0,14.5,464,1800,0,0,0,0,1,2.01,0,1060
09-05-2026 15:04,1,1,1,1858.8,0,14.5,464,1800,0,0,0,0,1,2.01,0,1060
09-05-2026 15:04,1,1,1,1859.1,0,14.5,465,1800,0,0,0,0,1,2.01,0,1060
09-05-2026 15:04,1,1,1,1859.1,0,14.5,465,1800,0,0,0,0,1,2.01,0,1060
09-05-2026 15:04,1,1,1,1859.1,0,14.5,465,1800,0,0,0,0,1,2.01,0,1060
09-05-2026 15:04,1,1,1,1858.6,0,14.6,467,1799,0,0,0,0,1,2.01,0,1060
09-05-2026 15:04,1,1,1,1858.6,0,14.6,467,1799,0,0,0,0,1,2,0,457
09-05-2026 15:04,1,1,1,1856.9,0,14.6,468,1797,0,0,0,0,1,2,0,457
09-05-2026 15:04,1,1,1,1856.9,0,14.6,468,1797,0,0,0,0,1,2,0,457
09-05-2026 15:04,1,1,1,1857.4,0,14.5,466,1798,0,0,0,0,1,2,0,457
09-05-2026 15:04,1,1,1,1857.4,0,14.5,466,1798,0,0,0,0,1,2,0,130
09-05-2026 15:04,1,1,1,1861.7,0,14.3,460,1804,0,0,0,0,1,2,0,130
09-05-2026 15:04,1,1,1,1867,0,13.9,450,1812,0,0,0,0,1,2,0,130
09-05-2026 15:04,1,1,1,1867,0,13.9,450,1812,0,0,0,0,1,2,0,130
09-05-2026 15:04,1,1,1,1869.7,0,13.8,445,1816,0,0,0,0,1,2,0,130
09-05-2026 15:04,1,1,1,1869.7,0,13.8,445,1816,0,0,0,0,1,2,0,130
09-05-2026 15:04,1,1,1,1866.1,0,13.7,442,1813,0,0,0,0,1,2,0,130
09-05-2026 15:04,1,1,1,1866.1,0,13.7,442,1813,0,0,0,0,1,2,0,130
09-05-2026 15:04,1,1,1,1863.4,0,13.6,439,1811,0,0,0,0,1,2,0,130
09-05-2026 15:04,1,1,1,1863.2,0,13.6,438,1811,0,0,0,0,1,2,0,130
09-05-2026 15:04,1,1,1,1863.2,0,13.6,438,1811,0,0,0,0,1,2,0,130
09-05-2026 15:04,1,1,1,1865.4,0,13.5,435,1814,0,0,0,0,1,2,0,130
09-05-2026 15:04,1,1,1,1865.4,0,13.5,435,1814,0,0,0,0,1,2,0,130
09-05-2026 15:04,1,1,1,1866.6,0,13.5,436,1815,0,0,0,0,1,2,0,130
09-05-2026 15:04,1,1,1,1866.6,0,13.5,436,1815,0,0,0,0,1,2,0,130
09-05-2026 15:04,1,1,1,1866.4,0,13.6,439,1814,0,0,0,0,0,0,0,0
09-05-2026 15:04,1,1,1,1866.4,0,13.6,439,1814,0,0,0,0,0,0,0,0
09-05-2026 15:04,1,1,1,1865.6,0,13.6,440,1813,0,0,0,0,0,0,0,0
09-05-2026 15:04,1,1,1,1865.6,0,13.8,444,1812,0,0,0,0,0,0,0,0
09-05-2026 15:04,1,1,1,1865.6,0,13.8,444,1812,0,0,0,0,0,0,0,0
09-05-2026 15:04,1,1,1,1865.1,0,13.8,446,1811,0,0,0,0,0,0,0,0
09-05-2026 15:04,1,1,1,1865.1,0,13.8,446,1811,0,0,0,0,0,0,0,0
09-05-2026 15:04,1,1,1,1864.9,0,13.9,449,1810,0,0,0,0,0,0,0,0
09-05-2026 15:04,1,1,1,1864.9,0,13.9,449,1810,0,0,0,0,0,0,0,0
09-05-2026 15:04,1,1,1,1863.4,0,14,451,1808,0,0,0,0,0,0,0,0
09-05-2026 15:04,1,1,1,1861.5,0,14,451,1806,0,0,0,0,0,0,0,0
09-05-2026 15:04,1,1,1,1861.5,0,14,451,1806,0,0,0,0,0,0,0,0
09-05-2026 15:04,1,1,1,1858.8,0,14.1,452,1803,0,0,0,0,0,0,0,0
09-05-2026 15:04,1,1,1,1858.8,0,14.1,452,1803,0,0,0,0,0,0,0,0
09-05-2026 15:04,1,1,1,1855.4,0,14.2,454,1799,0,0,0,0,0,0,0,0
09-05-2026 15:04,1,1,1,1855.4,0,14.2,454,1799,0,0,0,0,0,0,0,0
09-05-2026 15:04,1,1,1,1851.5,0,14.3,458,1794,0,0,0,0,0,0,0,0
09-05-2026 15:04,1,1,1,1851.5,0,14.3,458,1794,0,0,0,0,0,0,0,0
09-05-2026 15:04,1,1,1,1848.2,0,14.4,460,1790,0,0,0,0,0,0,0,0
09-05-2026 15:04,1,1,1,1848.9,0,14.5,463,1790,0,0,0,0,0,0,0,0
09-05-2026 15:04,1,1,1,1848.9,0,14.5,463,1790,0,0,0,0,0,0,0,0
09-05-2026 15:04,1,1,1,1851.6,0,14.6,466,1792,0,0,0,0,0,0,0,0
09-05-2026 15:04,1,1,1,1851.6,0,14.6,466,1792,0,0,0,0,0,0,0,0
09-05-2026 15:04,1,1,1,1851.1,0,14.6,468,1791,0,0,0,0,0,0,0,0
09-05-2026 15:04,1,1,1,1851.1,0,14.6,468,1791,0,0,0,0,0,0,0,0
09-05-2026 15:04,1,1,1,1851.9,0,14.7,471,1791,0,0,0,0,0,0,0,0
09-05-2026 15:04,1,1,1,1851.9,0,14.7,471,1791,0,0,0,0,0,0,0,0
09-05-2026 15:04,1,1,1,1851.9,0,14.7,471,1791,0,0,0,0,0,0,0,0
09-05-2026 15:04,1,1,1,1852.9,0,14.7,471,1792,0,0,0,0,0,0,0,0
09-05-2026 15:04,1,1,1,1852.9,0,14.7,471,1792,0,0,0,0,0,0,0,0
09-05-2026 15:04,1,1,1,1854.5,0,14.7,470,1794,0,0,0,0,0,0,0,0
09-05-2026 15:04,1,1,1,1854.5,0,14.7,470,1794,0,0,0,0,1,2.25,0,464
09-05-2026 15:04,1,1,1,1856.2,0,14.6,469,1796,0,0,0,0,1,2.25,0,464
09-05-2026 15:04,1,1,1,1856.2,0,14.6,469,1796,0,0,0,0,1,2.25,0,464
09-05-2026 15:04,1,1,1,1857.7,0,14.7,471,1797,0,0,0,0,1,2.25,0,464
09-05-2026 15:04,1,1,1,1857.7,0,14.7,471,1797,0,0,0,0,1,2.12,0,450
09-05-2026 15:04,1,1,1,1857.7,0,14.7,471,1797,0,0,0,0,1,2.12,0,450
09-05-2026 15:04,1,1,1,1857.2,0,14.8,473,1796,0,0,0,0,1,2.12,0,450
09-05-2026 15:04,1,1,1,1857.2,0,14.8,473,1796,0,0,0,0,1,2.12,0,450
09-05-2026 15:04,1,1,1,1859,0,14.8,476,1797,0,0,0,0,1,2.12,0,450
09-05-2026 15:04,1,1,1,1859,0,14.8,476,1797,0,0,0,0,1,2.12,0,450
09-05-2026 15:04,1,1,1,1859.8,0,15.1,483,1796,0,0,0,0,1,2.12,0,450
09-05-2026 15:04,1,1,1,1859.8,0,15.1,483,1796,0,0,0,0,1,2.12,0,450
09-05-2026 15:04,1,1,1,1859.6,0,15.1,486,1795,0,0,0,0,1,2.12,0,450
09-05-2026 15:04,1,1,1,1858.5,0,15.3,489,1793,0,0,0,0,1,2.12,0,450
09-05-2026 15:04,1,1,1,1858.5,0,15.3,489,1793,0,0,0,0,1,2.12,0,450
09-05-2026 15:04,1,1,1,1858.3,0,15.4,492,1792,0,0,0,0,1,2.12,0,450
09-05-2026 15:04,1,1,1,1858.3,0,15.4,492,1792,0,0,0,0,1,2.12,0,450
09-05-2026 15:04,1,1,1,1858.3,0,15.4,492,1792,0,0,0,0,1,2.12,0,450
09-05-2026 15:04,1,1,1,1858.3,0,15.4,492,1792,0,0,0,0,1,2.12,0,450
09-05-2026 15:04,1,1,1,1859.8,0,15.4,494,1793,0,0,0,0,0,0,0,0
09-05-2026 15:04,1,1,1,1859.8,0,15.4,494,1793,0,0,0,0,0,0,0,0
09-05-2026 15:04,1,1,1,1859.8,0,15.4,494,1793,0,0,0,0,0,0,0,0
09-05-2026 15:04,1,1,1,1858.6,0,15.4,493,1792,0,0,0,0,0,0,0,0
09-05-2026 15:04,1,1,1,1858.6,0,15.4,493,1792,0,0,0,0,0,0,0,0
09-05-2026 15:04,1,1,1,1858.4,0,15.5,496,1791,0,0,0,0,0,0,0,0
09-05-2026 15:04,1,1,1,1858.4,0,15.5,496,1791,0,0,0,0,0,0,0,0
09-05-2026 15:04,1,1,1,1858.1,0,15.4,495,1791,0,0,0,0,0,0,0,0
09-05-2026 15:04,1,1,1,1858.1,0,15.4,495,1791,0,0,0,0,0,0,0,0
09-05-2026 15:04,1,1,1,1857,0,15.6,498,1789,0,0,0,0,0,0,0,0
09-05-2026 15:04,1,1,1,1856.6,0,15.6,500,1788,0,0,0,0,0,0,0,0
09-05-2026 15:04,1,1,1,1856.6,0,15.6,500,1788,0,0,0,0,0,0,0,0
09-05-2026 15:04,1,1,1,1856.6,0,15.6,500,1788,0,0,0,0,0,0,0,0
09-05-2026 15:04,1,1,1,1856.6,0,15.6,500,1788,0,0,0,0,0,0,0,0
09-05-2026 15:04,1,1,1,1856.9,0,15.7,501,1788,0,0,0,0,0,0,0,0
09-05-2026 15:04,1,1,1,1856.9,0,15.7,501,1788,0,0,0,0,0,0,0,0
09-05-2026 15:04,1,1,1,1858.8,0,15.6,501,1790,0,0,0,0,0,0,0,0
09-05-2026 15:04,1,1,1,1860.2,0,15.6,499,1792,0,0,0,0,0,0,0,0
09-05-2026 15:04,1,1,1,1860.2,0,15.6,499,1792,0,0,0,0,0,0,0,0
09-05-2026 15:04,1,1,1,1861.3,0,15.5,496,1794,0,0,0,0,0,0,0,0
09-05-2026 15:04,1,1,1,1861.3,0,15.5,496,1794,0,0,0,0,0,0,0,0
09-05-2026 15:04,1,1,1,1858.7,0,15.3,490,1793,0,0,0,0,0,0,0,0
09-05-2026 15:04,1,1,1,1858.7,0,15.3,490,1793,0,0,0,0,0,0,0,0
09-05-2026 15:04,1,1,1,1854.3,0,15.1,484,1790,0,0,0,0,0,0,0,0
09-05-2026 15:04,1,1,1,1854.3,0,15.1,484,1790,0,0,0,0,0,0,0,0
09-05-2026 15:04,1,1,1,1849.6,0,14.9,477,1787,0,0,0,0,0,0,0,0
09-05-2026 15:04,1,1,1,1843.9,0,14.8,470,1783,0,0,0,0,0,0,0,0
09-05-2026 15:04,1,1,1,1843.9,0,14.8,470,1783,0,0,0,0,0,0,0,0
09-05-2026 15:04,1,1,1,1839.5,0,14.6,464,1780,0,0,0,0,0,0,0,0
09-05-2026 15:04,1,1,1,1839.5,0,14.6,464,1780,0,0,0,0,0,0,0,0
09-05-2026 15:04,1,1,1,1835.1,0,14.5,458,1777,0,0,0,0,0,0,0,0
09-05-2026 15:04,1,1,1,1835.1,0,14.5,458,1777,0,0,0,0,0,0,0,0
09-05-2026 15:04,1,1,1,1832.2,0,14.5,458,1774,0,0,0,0,0,0,0,0
09-05-2026 15:04,1,1,1,1829,0,14.6,461,1770,0,0,0,0,0,0,0,0
09-05-2026 15:04,1,1,1,1829,0,14.6,461,1770,0,0,0,0,0,0,0,0
09-05-2026 15:04,1,1,1,1825.2,0,14.8,465,1765,0,0,0,0,0,0,0,0
09-05-2026 15:04,1,1,1,1825.2,0,14.8,465,1765,0,0,0,0,0,0,0,0
09-05-2026 15:04,1,1,1,1825.5,0,14.9,470,1764,0,0,0,0,0,0,0,0
09-05-2026 15:04,1,1,1,1825.5,0,14.9,470,1764,0,0,0,0,0,0,0,0
09-05-2026 15:04,1,1,1,1827.4,0,15.1,477,1764,0,0,0,0,0,0,0,0
09-05-2026 15:04,1,1,1,1827.4,0,15.1,477,1764,0,0,0,0,0,0,0,0
09-05-2026 15:04,1,1,1,1830.2,0,15.3,484,1765,0,0,0,0,0,0,0,0
09-05-2026 15:04,1,1,1,1832,0,15.5,491,1765,0,0,0,0,0,0,0,0
09-05-2026 15:04,1,1,1,1832,0,15.5,491,1765,0,0,0,0,0,0,0,0
09-05-2026 15:04,1,1,1,1833.3,0,15.6,492,1766,0,0,0,0,0,0,0,0
09-05-2026 15:04,1,1,1,1833.3,0,15.6,492,1766,0,0,0,0,0,0,0,0
09-05-2026 15:04,1,1,1,1835.2,0,15.6,492,1768,0,0,0,0,0,0,0,0
09-05-2026 15:04,1,1,1,1835.2,0,15.6,492,1768,0,0,0,0,0,0,0,0
09-05-2026 15:04,1,1,1,1837.4,0,15.6,493,1770,0,0,0,0,0,0,0,0
09-05-2026 15:04,1,1,1,1838.3,0,15.6,493,1771,0,0,0,0,0,0,0,0
09-05-2026 15:04,1,1,1,1838.3,0,15.6,493,1771,0,0,0,0,0,0,0,0
09-05-2026 15:04,1,1,1,1838.3,0,15.6,493,1771,0,0,0,0,0,0,0,0
09-05-2026 15:04,1,1,1,1838.3,0,15.6,493,1771,0,0,0,0,0,0,0,0
09-05-2026 15:04,1,1,1,1838.6,0,15.6,494,1771,0,0,0,0,0,0,0,0
09-05-2026 15:04,1,1,1,1838.6,0,15.6,494,1771,0,0,0,0,0,0,0,0
09-05-2026 15:04,1,1,1,1838.6,0,15.6,494,1771,0,0,0,0,0,0,0,0
09-05-2026 15:04,1,1,1,1838.6,0,15.6,494,1771,0,0,0,0,0,0,0,0
09-05-2026 15:04,1,1,1,1840.5,0,15.6,494,1773,0,0,0,0,0,0,0,0
09-05-2026 15:04,1,1,1,1841,0,15.5,492,1774,0,0,0,0,0,0,0,0
09-05-2026 15:04,1,1,1,1841,0,15.5,492,1774,0,0,0,0,1,2.04,0.01,386
09-05-2026 15:04,1,1,1,1841.7,0,15.5,491,1775,0,0,0,0,1,2.04,0.01,386
09-05-2026 15:04,1,1,1,1841.7,0,15.5,491,1775,0,0,0,0,1,2.04,0.01,386
09-05-2026 15:04,1,1,1,1842.1,0,15.4,489,1776,0,0,0,0,1,2.04,0.01,386
09-05-2026 15:04,1,1,1,1842.1,0,15.4,489,1776,0,0,0,0,1,2.04,0.01,386
09-05-2026 15:04,1,1,1,1843.5,0,15.3,487,1778,0,0,0,0,1,2.04,0.01,386
09-05-2026 15:04,1,1,1,1844.2,0,15.3,486,1779,0,0,0,0,1,2.04,0.01,386
09-05-2026 15:04,1,1,1,1844.2,0,15.3,486,1779,0,0,0,0,1,2.04,0.01,386
09-05-2026 15:04,1,1,1,1843.2,0,15.3,486,1778,0,0,0,0,1,2.02,0,586
09-05-2026 15:04,1,1,1,1843.2,0,15.3,486,1778,0,0,0,0,1,2.02,0,586
09-05-2026 15:04,1,1,1,1842.5,0,15.3,487,1777,0,0,0,0,1,2.01,0,360
09-05-2026 15:04,1,1,1,1842.5,0,15.3,487,1777,0,0,0,0,1,2.01,0,360
09-05-2026 15:04,1,1,1,1841.8,0,15.4,488,1776,0,0,0,0,1,2.02,0,450
09-05-2026 15:04,1,1,1,1841.8,0,15.4,488,1776,0,0,0,0,1,2.02,0,450
09-05-2026 15:04,1,1,1,1841.4,0,15.4,490,1775,0,0,0,0,1,2.02,0,450
09-05-2026 15:04,1,1,1,1839.7,0,15.5,491,1773,0,0,0,0,1,2.02,0,450
09-05-2026 15:04,1,1,1,1839.7,0,15.5,491,1773,0,0,0,0,1,2.02,0,450
09-05-2026 15:04,1,1,1,1840,0,15.5,492,1773,0,0,0,0,1,2.02,0,450
09-05-2026 15:04,1,1,1,1840,0,15.5,492,1773,0,0,0,0,1,2.02,0,450
09-05-2026 15:04,1,1,1,1840.5,0,15.6,494,1773,0,0,0,0,1,2.02,0,450
09-05-2026 15:04,1,1,1,1840.5,0,15.6,494,1773,0,0,0,0,1,2.02,0,450
09-05-2026 15:04,1,1,1,1841.8,0,15.6,495,1774,0,0,0,0,1,2.02,0,450
09-05-2026 15:04,1,1,1,1841.8,0,15.6,495,1774,0,0,0,0,1,2.02,0,450
09-05-2026 15:04,1,1,1,1843.3,0,15.6,497,1775,0,0,0,0,1,2.02,0,450
09-05-2026 15:04,1,1,1,1844.5,0,15.7,498,1776,0,0,0,0,1,2.02,0,450
09-05-2026 15:04,1,1,1,1844.5,0,15.7,498,1776,0,0,0,0,1,2.02,0,450
09-05-2026 15:04,1,1,1,1846.2,0,15.6,497,1778,0,0,0,0,1,2.02,0,450
09-05-2026 15:04,1,1,1,1846.2,0,15.6,497,1778,0,0,0,0,0,0,0,0
09-05-2026 15:04,1,1,1,1847.5,0,15.5,495,1780,0,0,0,0,0,0,0,0
09-05-2026 15:04,1,1,1,1847.5,0,15.5,495,1780,0,0,0,0,0,0,0,0
09-05-2026 15:04,1,1,1,1847.3,0,15.5,494,1780,0,0,0,0,0,0,0,0
09-05-2026 15:04,1,1,1,1845.8,0,15.5,492,1779,0,0,0,0,0,0,0,0
09-05-2026 15:04,1,1,1,1845.8,0,15.5,492,1779,0,0,0,0,0,0,0,0
09-05-2026 15:04,1,1,1,1844.6,0,15.4,491,1778,0,0,0,0,0,0,0,0
09-05-2026 15:04,1,1,1,1844.6,0,15.4,491,1778,0,0,0,0,0,0,0,0
09-05-2026 15:04,1,1,1,1679.2,0,3.5,103,1676,0,0,0,0,0,0,0,0
09-05-2026 15:04,1,1,1,1679.3,0,3.6,106,1676,0,0,0,0,0,0,0,0
09-05-2026 15:04,1,1,1,1679.3,0,3.6,106,1676,0,0,0,0,0,0,0,0
09-05-2026 15:04,1,1,1,1677.6,0,3.8,110,1674,0,0,0,0,0,0,0,0
09-05-2026 15:04,1,1,1,1677.6,0,3.8,110,1674,0,0,0,0,0,0,0,0
09-05-2026 15:04,1,1,1,1675.8,0,3.9,113,1672,0,0,0,0,0,0,0,0
09-05-2026 15:04,1,1,1,1673.9,0,3.9,114,1670,0,0,0,0,0,0,0,0
09-05-2026 15:04,1,1,1,1673.9,0,3.9,114,1670,0,0,0,0,0,0,0,0
09-05-2026 15:04,1,1,1,1672.8,0,3.9,113,1669,0,0,0,0,0,0,0,0
09-05-2026 15:04,1,1,1,1672.8,0,3.9,113,1669,0,0,0,0,0,0,0,0
09-05-2026 15:04,1,1,1,1671.7,0,3.8,111,1668,0,0,0,0,0,0,0,0
09-05-2026 15:04,1,1,1,1671.7,0,3.8,111,1668,0,0,0,0,0,0,0,0
09-05-2026 15:04,1,1,1,1668.6,0,3.8,110,1665,0,0,0,0,0,0,0,0
09-05-2026 15:04,1,1,1,1668.6,0,3.8,110,1665,0,0,0,0,0,0,0,0
09-05-2026 15:04,1,1,1,1664.4,0,3.7,107,1661,0,0,0,0,0,0,0,0
09-05-2026 15:04,1,1,1,1659.3,0,3.6,105,1656,0,0,0,0,0,0,0,0
09-05-2026 15:04,1,1,1,1659.3,0,3.6,105,1656,0,0,0,0,0,0,0,0
09-05-2026 15:04,1,1,1,1655.2,0,3.6,103,1652,0,0,0,0,0,0,0,0
09-05-2026 15:04,1,1,1,1655.2,0,3.6,103,1652,0,0,0,0,0,0,0,0
09-05-2026 15:04,1,1,1,1649.2,0,3.5,102,1646,0,0,0,0,1,1.75,0,500
09-05-2026 15:04,1,1,1,1649.2,0,3.5,102,1646,0,0,0,0,1,1.75,0,500
09-05-2026 15:04,1,1,1,1640.1,0,3.5,100,1637,0,0,0,0,1,1.75,0,500
09-05-2026 15:04,1,1,1,1632,0,3.5,99,1629,0,0,0,0,1,1.75,0,500
09-05-2026 15:04,1,1,1,1632,0,3.5,99,1629,0,0,0,0,1,1.75,0,500
09-05-2026 15:04,1,1,1,1628,0,3.5,98,1625,0,0,0,0,1,1.75,0,500
09-05-2026 15:04,1,1,1,1628,0,3.5,98,1625,0,0,0,0,1,1.75,0,500
09-05-2026 15:04,1,1,1,1629,0,3.4,98,1626,0,0,0,0,1,1.75,0,500
09-05-2026 15:04,1,1,1,1629,0,3.4,98,1626,0,0,0,0,1,1.75,0,500
09-05-2026 15:04,1,1,1,1633.7,0,3.3,94,1631,0,0,0,0,1,1.75,0,500
09-05-2026 15:04,1,1,1,1633.7,0,3.3,94,1631,0,0,0,0,1,1.75,0,500
09-05-2026 15:04,1,1,1,1641.5,0,3.1,90,1639,0,0,0,0,1,1.75,0,500
09-05-2026 15:04,1,1,1,1649.3,0,3,87,1647,0,0,0,0,1,1.75,0,500
09-05-2026 15:04,1,1,1,1649.3,0,3,87,1647,0,0,0,0,1,1.75,0,500
09-05-2026 15:04,1,1,1,1650,0,2.8,81,1648,0,0,0,0,1,1.75,0,500
09-05-2026 15:04,1,1,1,1650,0,2.8,81,1648,0,0,0,0,0,0,0,0
09-05-2026 15:04,1,1,1,1647.8,0,2.7,78,1646,0,0,0,0,0,0,0,0
09-05-2026 15:04,1,1,1,1647.8,0,2.7,78,1646,0,0,0,0,0,0,0,0
09-05-2026 15:04,1,1,1,1644.8,0,2.6,76,1643,0,0,0,0,0,0,0,0
09-05-2026 15:04,1,1,1,1644.8,0,2.6,76,1643,0,0,0,0,0,0,0,0
09-05-2026 15:04,1,1,1,1641.7,0,2.6,75,1640,0,0,0,0,0,0,0,0
09-05-2026 15:04,1,1,1,1637.6,0,2.6,73,1636,0,0,0,0,0,0,0,0
09-05-2026 15:04,1,1,1,1637.6,0,2.6,73,1636,0,0,0,0,0,0,0,0
09-05-2026 15:04,1,1,1,1638.8,0,2.7,77,1637,0,0,0,0,0,0,0,0
09-05-2026 15:04,1,1,1,1638.8,0,2.7,77,1637,0,0,0,0,0,0,0,0
09-05-2026 15:04,1,1,1,1639.8,0,2.7,77,1638,0,0,0,0,0,0,0,0
09-05-2026 15:04,1,1,1,1639.8,0,2.7,77,1638,0,0,0,0,0,0,0,0
09-05-2026 15:04,1,1,1,1641,0,2.8,80,1639,0,0,0,0,0,0,0,0
09-05-2026 15:04,1,1,1,1641.3,0,3,86,1639,0,0,0,0,0,0,0,0
09-05-2026 15:04,1,1,1,1641.3,0,3,86,1639,0,0,0,0,0,0,0,0
09-05-2026 15:04,1,1,1,1645.6,0,3.2,92,1643,0,0,0,0,0,0,0,0
09-05-2026 15:04,1,1,1,1645.6,0,3.2,92,1643,0,0,0,0,0,0,0,0
09-05-2026 15:04,1,1,1,1656.9,0,3.4,98,1654,0,0,0,0,0,0,0,0
09-05-2026 15:04,1,1,1,1656.9,0,3.4,98,1654,0,0,0,0,0,0,0,0
09-05-2026 15:04,1,1,1,1668.2,0,3.5,103,1665,0,0,0,0,0,0,0,0
09-05-2026 15:04,1,1,1,1668.2,0,3.5,103,1665,0,0,0,0,0,0,0,0
09-05-2026 15:04,1,1,1,1676.4,0,3.6,106,1673,0,0,0,0,0,0,0,0
09-05-2026 15:04,1,1,1,1682.3,0,3.6,106,1679,0,0,0,0,0,0,0,0
09-05-2026 15:04,1,1,1,1682.3,0,3.6,106,1679,0,0,0,0,0,0,0,0
09-05-2026 15:04,1,1,1,1688.2,0,3.5,104,1685,0,0,0,0,0,0,0,0
09-05-2026 15:04,1,1,1,1688.2,0,3.5,104,1685,0,0,0,0,0,0,0,0
09-05-2026 15:04,1,1,1,1694.1,0,3.5,103,1691,0,0,0,0,0,0,0,0
09-05-2026 15:04,1,1,1,1694.1,0,3.5,103,1691,0,0,0,0,0,0,0,0
09-05-2026 15:04,1,1,1,1700,0,3.4,101,1697,0,0,0,0,0,0,0,0
09-05-2026 15:04,1,1,1,1699.8,0,3.3,98,1697,0,0,0,0,0,0,0,0
09-05-2026 15:04,1,1,1,1699.8,0,3.3,98,1697,0,0,0,0,0,0,0,0
09-05-2026 15:04,1,1,1,1700.9,0,3.3,99,1698,0,0,0,0,0,0,0,0
09-05-2026 15:04,1,1,1,1700.9,0,3.3,99,1698,0,0,0,0,0,0,0,0
09-05-2026 15:04,1,1,1,1702.1,0,3.5,103,1699,0,0,0,0,0,0,0,0
09-05-2026 15:04,1,1,1,1702.1,0,3.5,103,1699,0,0,0,0,0,0,0,0
09-05-2026 15:04,1,1,1,1704.4,0,3.6,107,1701,0,0,0,0,0,0,0,0
09-05-2026 15:04,1,1,1,1704.4,0,3.6,107,1701,0,0,0,0,0,0,0,0
09-05-2026 15:04,1,1,1,1706.7,0,3.8,112,1703,0,0,0,0,0,0,0,0
09-05-2026 15:04,1,1,1,1709,0,3.9,117,1705,0,0,0,0,0,0,0,0
09-05-2026 15:04,1,1,1,1709,0,3.9,117,1705,0,0,0,0,0,0,0,0
09-05-2026 15:04,1,1,1,1714.1,0,4,119,1710,0,0,0,0,0,0,0,0
09-05-2026 15:04,1,1,1,1714.1,0,4,119,1710,0,0,0,0,0,0,0,0
09-05-2026 15:04,1,1,1,1719.3,0,4,121,1715,0,0,0,0,0,0,0,0
09-05-2026 15:04,1,1,1,1719.3,0,4,121,1715,0,0,0,0,0,0,0,0
09-05-2026 15:04,1,1,1,1720.7,0,4.2,127,1716,0,0,0,0,0,0,0,0
09-05-2026 15:04,1,1,1,1715.9,0,4.3,129,1711,0,0,0,0,0,0,0,0
09-05-2026 15:04,1,1,1,1715.9,0,4.3,129,1711,0,0,0,0,0,0,0,0
09-05-2026 15:04,1,1,1,1709,0,4.4,131,1704,0,0,0,0,1,1.75,0,976
09-05-2026 15:04,1,1,1,1709,0,4.4,131,1704,0,0,0,0,1,1.75,0,976
09-05-2026 15:04,1,1,1,1703.1,0,4.4,132,1698,0,0,0,0,1,1.75,0,976
09-05-2026 15:04,1,1,1,1703.1,0,4.4,132,1698,0,0,0,0,1,1.75,0,976
09-05-2026 15:04,1,1,1,1696.3,0,4.5,134,1691,0,0,0,0,1,1.75,0,976
09-05-2026 15:04,1,1,1,1696.3,0,4.5,134,1691,0,0,0,0,1,1.75,0,976
09-05-2026 15:04,1,1,1,1689.6,0,4.7,138,1684,0,0,0,0,1,1.75,0,976
09-05-2026 15:04,1,1,1,1683.8,0,4.8,140,1678,0,0,0,0,1,1.75,0,976
09-05-2026 15:04,1,1,1,1683.8,0,4.8,140,1678,0,0,0,0,1,1.75,0,976
09-05-2026 15:04,1,1,1,1678,0,4.9,142,1672,0,0,0,0,1,1.75,0,976
09-05-2026 15:04,1,1,1,1678,0,4.9,142,1672,0,0,0,0,1,1.75,0,349
09-05-2026 15:04,1,1,1,1673.1,0,4.9,143,1667,0,0,0,0,1,1.75,0,349
09-05-2026 15:04,1,1,1,1673.1,0,4.9,143,1667,0,0,0,0,1,1.75,0,349
09-05-2026 15:04,1,1,1,1668,0,4.8,141,1662,0,0,0,0,1,1.75,0,349
09-05-2026 15:04,1,1,1,1662.7,0,4.7,137,1657,0,0,0,0,1,1.75,0,349
09-05-2026 15:04,1,1,1,1662.7,0,4.7,137,1657,0,0,0,0,1,1.75,0,349
09-05-2026 15:04,1,1,1,1658.4,0,4.6,134,1653,0,0,0,0,1,1.75,0,349
09-05-2026 15:04,1,1,1,1658.4,0,4.6,134,1653,0,0,0,0,1,1.75,0,349
09-05-2026 15:04,1,1,1,1655.5,0,4.7,135,1650,0,0,0,0,1,1.78,0,388
09-05-2026 15:04,1,1,1,1655.5,0,4.7,135,1650,0,0,0,0,1,1.78,0,388
09-05-2026 15:04,1,1,1,1652,0,4.9,141,1646,0,0,0,0,1,1.78,0,388
09-05-2026 15:04,1,1,1,1652,0,4.9,141,1646,0,0,0,0,1,1.78,0,388
09-05-2026 15:04,1,1,1,1645.6,0,5.1,147,1639,0,0,0,0,1,1.78,0,388
09-05-2026 15:04,1,1,1,1638.3,0,5.4,155,1631,0,0,0,0,1,1.78,0,388
09-05-2026 15:04,1,1,1,1638.3,0,5.4,155,1631,0,0,0,0,1,1.78,0,388
09-05-2026 15:04,1,1,1,1637.1,0,5.7,163,1629,0,0,0,0,1,1.78,0,388
09-05-2026 15:04,1,1,1,1637.1,0,5.7,163,1629,0,0,0,0,1,1.78,0,388
09-05-2026 15:04,1,1,1,1639,0,6,172,1630,0,0,0,0,1,1.78,0,388
09-05-2026 15:04,1,1,1,1639,0,6,172,1630,0,0,0,0,1,1.78,0,388
09-05-2026 15:04,1,1,1,1643,0,6.3,181,1633,0,0,0,0,1,1.78,0,388
09-05-2026 15:04,1,1,1,1643.4,0,6.5,185,1633,0,0,0,0,1,1.78,0,388
09-05-2026 15:04,1,1,1,1643.4,0,6.5,185,1633,0,0,0,0,1,1.78,0,388
09-05-2026 15:04,1,1,1,1643.3,0,6.4,184,1633,0,0,0,0,1,1.78,0,388
09-05-2026 15:04,1,1,1,1643.3,0,6.4,184,1633,0,0,0,0,0,0,0,0
09-05-2026 15:04,1,1,1,1643.1,0,6.4,182,1633,0,0,0,0,0,0,0,0
09-05-2026 15:04,1,1,1,1643.1,0,6.4,182,1633,0,0,0,0,0,0,0,0
09-05-2026 15:04,1,1,1,1643.2,0,6.4,183,1633,0,0,0,0,0,0,0,0
09-05-2026 15:04,1,1,1,1643.2,0,6.4,183,1633,0,0,0,0,0,0,0,0
09-05-2026 15:04,1,1,1,1641.3,0,6.4,184,1631,0,0,0,0,0,0,0,0
09-05-2026 15:04,1,1,1,1639.5,0,6.5,185,1629,0,0,0,0,0,0,0,0
09-05-2026 15:04,1,1,1,1639.5,0,6.5,185,1629,0,0,0,0,0,0,0,0
09-05-2026 15:04,1,1,1,1638.5,0,6.5,185,1628,0,0,0,0,0,0,0,0
09-05-2026 15:04,1,1,1,1638.5,0,6.5,185,1628,0,0,0,0,0,0,0,0
09-05-2026 15:04,1,1,1,1636.6,0,6.5,186,1626,0,0,0,0,0,0,0,0
09-05-2026 15:04,1,1,1,1636.6,0,6.5,186,1626,0,0,0,0,0,0,0,0
09-05-2026 15:04,1,1,1,1634.1,0,6.7,190,1623,0,0,0,0,0,0,0,0
09-05-2026 15:04,1,1,1,1634.1,0,6.7,190,1623,0,0,0,0,0,0,0,0
09-05-2026 15:04,1,1,1,1631.3,0,6.8,192,1620,0,0,0,0,0,0,0,0
09-05-2026 15:04,1,1,1,1628.4,0,6.8,192,1617,0,0,0,0,0,0,0,0
09-05-2026 15:04,1,1,1,1628.4,0,6.8,192,1617,0,0,0,0,0,0,0,0
09-05-2026 15:04,1,1,1,1626.3,0,6.7,191,1615,0,0,0,0,0,0,0,0
09-05-2026 15:04,1,1,1,1626.3,0,6.7,191,1615,0,0,0,0,0,0,0,0
09-05-2026 15:04,1,1,1,1624.3,0,6.8,191,1613,0,0,0,0,0,0,0,0
09-05-2026 15:04,1,1,1,1624.3,0,6.8,191,1613,0,0,0,0,0,0,0,0
09-05-2026 15:04,1,1,1,1619.1,0,6.7,189,1608,0,0,0,0,0,0,0,0
09-05-2026 15:04,1,1,1,1611.1,0,6.7,189,1600,0,0,0,0,0,0,0,0
09-05-2026 15:04,1,1,1,1611.1,0,6.7,189,1600,0,0,0,0,0,0,0,0
09-05-2026 15:04,1,1,1,1602.7,0,6.6,185,1592,0,0,0,0,0,0,0,0
09-05-2026 15:04,1,1,1,1602.7,0,6.6,185,1592,0,0,0,0,0,0,0,0
09-05-2026 15:04,1,1,1,1596.4,0,6.5,182,1586,0,0,0,0,0,0,0,0
09-05-2026 15:04,1,1,1,1596.4,0,6.5,182,1586,0,0,0,0,0,0,0,0
09-05-2026 15:04,1,1,1,1591.8,0,6.3,176,1582,0,0,0,0,0,0,0,0
09-05-2026 15:04,1,1,1,1591.8,0,6.3,176,1582,0,0,0,0,0,0,0,0
09-05-2026 15:04,1,1,1,1588.1,0,6.1,170,1579,0,0,0,0,0,0,0,0
09-05-2026 15:04,1,1,1,1587.8,0,6,167,1579,0,0,0,0,0,0,0,0
09-05-2026 15:04,1,1,1,1587.8,0,6,167,1579,0,0,0,0,0,0,0,0
09-05-2026 15:04,1,1,1,1587.2,0,5.8,161,1579,0,0,0,0,0,0,0,0
09-05-2026 15:04,1,1,1,1587.2,0,5.8,161,1579,0,0,0,0,0,0,0,0
09-05-2026 15:04,1,1,1,1586.9,0,5.7,158,1579,0,0,0,0,0,0,0,0
09-05-2026 15:04,1,1,1,1586.9,0,5.7,158,1579,0,0,0,0,0,0,0,0
09-05-2026 15:04,1,1,1,1587.3,0,5.5,152,1580,0,0,0,0,0,0,0,0
09-05-2026 15:04,1,1,1,1589.6,0,5.2,145,1583,0,0,0,0,0,0,0,0
09-05-2026 15:04,1,1,1,1589.6,0,5.2,145,1583,0,0,0,0,0,0,0,0
09-05-2026 15:04,1,1,1,1593.3,0,5.1,142,1587,0,0,0,0,0,0,0,0
09-05-2026 15:04,1,1,1,1593.3,0,5.1,142,1587,0,0,0,0,0,0,0,0
09-05-2026 15:04,1,1,1,1598.3,8,5.1,142,1592,0,0,0,0,0,0,0,0
09-05-2026 15:04,1,1,1,1598.3,8,5.1,142,1592,0,0,0,0,0,0,0,0
09-05-2026 15:04,1,1,1,1604.1,0,5,140,1598,0,0,0,0,0,0,0,0
09-05-2026 15:04,1,1,1,1604.1,0,5,140,1598,0,0,0,0,1,1.75,0,578
09-05-2026 15:04,1,1,1,1608.8,0,4.9,137,1603,0,0,0,0,1,1.75,0,578
09-05-2026 15:04,1,1,1,1612.4,0,4.7,132,1607,0,0,0,0,1,1.75,0,578
09-05-2026 15:04,1,1,1,1612.4,0,4.7,132,1607,0,0,0,0,1,1.75,0,578
09-05-2026 15:04,1,1,1,1615,0,4.5,127,1610,0,0,0,0,1,1.75,0,578
09-05-2026 15:04,1,1,1,1615,0,4.5,127,1610,0,0,0,0,1,1.75,0,578
09-05-2026 15:04,1,1,1,1616,0,4.5,127,1611,0,0,0,0,1,1.75,0,578
09-05-2026 15:04,1,1,1,1616,0,4.5,127,1611,0,0,0,0,1,1.75,0,578
09-05-2026 15:04,1,1,1,1616,0,4.5,127,1611,0,0,0,0,1,1.75,0,578
09-05-2026 15:04,1,1,1,1618.4,0,4.7,132,1613,0,0,0,0,1,1.75,0,578
09-05-2026 15:04,1,1,1,1618.4,0,4.7,132,1613,0,0,0,0,1,1.75,0,578
09-05-2026 15:04,1,1,1,1619.8,0,4.9,137,1614,0,0,0,0,1,1.75,0,578
09-05-2026 15:04,1,1,1,1619.8,0,4.9,137,1614,0,0,0,0,1,1.75,0,578
09-05-2026 15:04,1,1,1,1624,0,4.9,139,1618,0,0,0,0,1,1.75,0,578
09-05-2026 15:04,1,1,1,1624,0,4.9,139,1618,0,0,0,0,1,1.75,0,578
09-05-2026 15:04,1,1,1,1623,0,4.9,140,1617,0,0,0,0,0,0,0,0
09-05-2026 15:04,1,1,1,1623,0,4.9,140,1617,0,0,0,0,0,0,0,0
09-05-2026 15:04,1,1,1,1621.2,0,5,142,1615,0,0,0,0,0,0,0,0
09-05-2026 15:04,1,1,1,1624.1,0,5,141,1618,0,0,0,0,0,0,0,0
09-05-2026 15:04,1,1,1,1624.1,0,5,141,1618,0,0,0,0,0,0,0,0
09-05-2026 15:04,1,1,1,1628.6,0,5.1,146,1622,0,0,0,0,0,0,0,0
09-05-2026 15:04,1,1,1,1628.6,0,5.1,146,1622,0,0,0,0,0,0,0,0
09-05-2026 15:04,1,1,1,1630.9,0,5.3,150,1624,0,0,0,0,0,0,0,0
09-05-2026 15:04,1,1,1,1630.9,0,5.3,150,1624,0,0,0,0,0,0,0,0
09-05-2026 15:04,1,1,1,1630.1,0,5.4,152,1623,0,0,0,0,0,0,0,0
09-05-2026 15:04,1,1,1,1625.3,0,5.4,154,1618,0,0,0,0,0,0,0,0
09-05-2026 15:04,1,1,1,1625.3,0,5.4,154,1618,0,0,0,0,1,1.77,0,772
09-05-2026 15:04,1,1,1,1621.4,0,5.5,155,1614,0,0,0,0,1,1.77,0,772
09-05-2026 15:04,1,1,1,1621.4,0,5.5,155,1614,0,0,0,0,1,1.76,0,593
09-05-2026 15:04,1,1,1,1615.7,0,5.6,158,1608,0,0,0,0,1,1.76,0,593
09-05-2026 15:04,1,1,1,1615.7,0,5.6,158,1608,0,0,0,0,1,1.76,0,593
09-05-2026 15:04,1,1,1,1606.4,0,5.9,164,1598,0,0,0,0,1,1.76,0,593
09-05-2026 15:04,1,1,1,1606.4,0,5.9,164,1598,0,0,0,0,1,1.76,0,593
09-05-2026 15:04,1,1,1,1591,0,6.1,169,1582,0,0,0,0,1,1.76,0,593
09-05-2026 15:04,1,1,1,1535.4,0,7,187,1524,0,0,0,0,1,1.76,0,593
09-05-2026 15:04,1,1,1,1535.4,0,7,187,1524,0,0,0,0,1,1.76,0,593
09-05-2026 15:04,1,1,1,1522.7,0,7.1,188,1511,0,0,0,0,1,1.76,0,593
09-05-2026 15:04,1,1,1,1522.7,0,7.1,188,1511,0,0,0,0,1,1.76,0,593
09-05-2026 15:04,1,1,1,1508.7,0,7.4,195,1496,0,0,0,0,1,1.76,0,593
09-05-2026 15:04,1,1,1,1508.7,0,7.4,195,1496,0,0,0,0,1,1.76,0,593
09-05-2026 15:04,1,1,1,1500.5,0,7.7,201,1487,0,0,0,0,1,1.76,0,593
09-05-2026 15:04,1,1,1,1500.5,0,7.7,201,1487,0,0,0,0,1,1.76,0,593
09-05-2026 15:04,1,1,1,1507,0,7.8,205,1493,0,0,0,0,1,1.76,0,593
09-05-2026 15:04,1,1,1,1517.8,0,7.7,204,1504,0,0,0,0,0,0,0,0
09-05-2026 15:04,1,1,1,1517.8,0,7.7,204,1504,0,0,0,0,0,0,0,0
09-05-2026 15:04,1,1,1,1526.8,0,7.4,197,1514,0,0,0,0,0,0,0,0
09-05-2026 15:04,1,1,1,1526.8,0,7.4,197,1514,0,0,0,0,0,0,0,0
09-05-2026 15:04,1,1,1,1535.6,0,7,188,1524,0,0,0,0,0,0,0,0
09-05-2026 15:04,1,1,1,1535.6,0,7,188,1524,0,0,0,0,0,0,0,0
09-05-2026 15:04,1,1,1,1559.4,0,6.3,171,1550,0,0,0,0,0,0,0,0
09-05-2026 15:04,1,1,1,1582.6,0,5.6,155,1575,0,0,0,0,0,0,0,0
09-05-2026 15:04,1,1,1,1582.6,0,5.6,155,1575,0,0,0,0,0,0,0,0
09-05-2026 15:04,1,1,1,1604.1,0,5,140,1598,0,0,0,0,0,0,0,0
09-05-2026 15:04,1,1,1,1604.1,0,5,140,1598,0,0,0,0,0,0,0,0
09-05-2026 15:04,1,1,1,1624,0,4.5,127,1619,0,0,0,0,0,0,0,0
09-05-2026 15:04,1,1,1,1624,0,4.5,127,1619,0,0,0,0,0,0,0,0
09-05-2026 15:04,1,1,1,1631.1,0,4.1,116,1627,0,0,0,0,0,0,0,0
09-05-2026 15:04,1,1,1,1631.1,0,4.1,116,1627,0,0,0,0,0,0,0,0
09-05-2026 15:04,1,1,1,1645.7,0,3.3,95,1643,0,0,0,0,0,0,0,0
09-05-2026 15:04,1,1,1,1649.4,0,3.1,89,1647,0,0,0,0,0,0,0,0
09-05-2026 15:04,1,1,1,1649.4,0,3.1,89,1647,0,0,0,0,0,0,0,0
09-05-2026 15:04,1,1,1,1649.2,0,3,85,1647,0,0,0,0,0,0,0,0
09-05-2026 15:04,1,1,1,1649.2,0,3,85,1647,0,0,0,0,0,0,0,0
09-05-2026 15:04,1,1,1,1645.2,0,3,86,1643,0,0,0,0,0,0,0,0
09-05-2026 15:04,1,1,1,1645.2,0,3,86,1643,0,0,0,0,0,0,0,0
09-05-2026 15:04,1,1,1,1640.5,0,3.2,91,1638,0,0,0,0,0,0,0,0
09-05-2026 15:04,1,1,1,1634.8,0,3.3,95,1632,0,0,0,0,1,0.5,0,8586
09-05-2026 15:04,1,1,1,1634.8,0,3.3,95,1632,0,0,0,0,1,0.5,0,8586
09-05-2026 15:04,1,1,1,1629.1,0,3.5,100,1626,1,0.5,0,8586,1,0.5,0,8586
09-05-2026 15:04,1,1,1,1629.1,0,3.5,100,1626,1,0.5,0,8586,1,0.5,0,8586
09-05-2026 15:04,1,1,1,1627.3,0,3.6,103,1624,1,0.5,0,8586,1,0.5,0,8586
09-05-2026 15:04,1,1,1,1627.3,0,3.6,103,1624,1,0.5,0,8586,1,0.5,0,8586
09-05-2026 15:04,1,1,1,1632.6,0,3.8,109,1629,1,0.5,0,8586,1,0.5,0,8586
09-05-2026 15:04,1,1,1,1632.6,0,3.8,109,1629,1,0.5,0,8586,1,0.5,0,8586
09-05-2026 15:04,1,1,1,1635.8,0,3.9,111,1632,1,0.52,0.02,7092,1,0.52,0.02,7092
09-05-2026 15:04,1,1,1,1638,0,4,115,1634,1,0.52,0.02,7092,1,0.52,0.02,7092
09-05-2026 15:04,1,1,1,1638,0,4,115,1634,1,0.55,0.01,7840,1,0.55,0.01,7840
09-05-2026 15:04,1,1,1,1636.3,0,4.1,118,1632,1,0.55,0.01,7840,1,0.55,0.01,7840
09-05-2026 15:04,1,1,1,1636.3,0,4.1,118,1632,1,0.95,0.04,452,1,0.95,0.04,452
09-05-2026 15:04,1,1,1,1629.5,0,4.3,121,1625,1,0.95,0.04,452,1,0.95,0.04,452
09-05-2026 15:04,1,1,1,1629.5,0,4.3,121,1625,1,0.95,0.04,452,1,0.95,0.04,452
09-05-2026 15:04,1,1,1,1618.7,0,4.4,123,1614,1,0.95,0.04,452,1,0.95,0.04,452
09-05-2026 15:04,1,1,1,1608.9,0,4.5,126,1604,1,0.95,0.04,452,1,0.95,0.04,452
09-05-2026 15:04,1,1,1,1608.9,0,4.5,126,1604,0,0,0,0,1,0.95,0.04,452
09-05-2026 15:04,1,1,1,1600.1,0,4.6,128,1595,0,0,0,0,1,0.95,0.04,452
09-05-2026 15:04,1,1,1,1600.1,0,4.6,128,1595,0,0,0,0,1,0.95,0.04,452
09-05-2026 15:04,1,1,1,1591.3,0,4.7,130,1586,0,0,0,0,1,0.95,0.04,452
09-05-2026 15:04,1,1,1,1591.3,0,4.7,130,1586,0,0,0,0,1,0.95,0.04,452
09-05-2026 15:04,1,1,1,1587.3,0,4.7,129,1582,0,0,0,0,1,0.95,0.04,452
09-05-2026 15:04,1,1,1,1587.3,0,4.7,129,1582,0,0,0,0,1,0.95,0.04,452
09-05-2026 15:04,1,1,1,1589.8,0,4.5,124,1585,0,0,0,0,1,0.95,0.04,452
09-05-2026 15:04,1,1,1,1593.4,0,4.2,118,1589,0,0,0,0,1,0.95,0.04,452
09-05-2026 15:04,1,1,1,1593.4,0,4.2,118,1589,0,0,0,0,1,0.95,0.04,452
09-05-2026 15:04,1,1,1,1599.7,0,3.9,109,1596,0,0,0,0,0,0,0,0
09-05-2026 15:04,1,1,1,1599.7,0,3.9,109,1596,0,0,0,0,0,0,0,0
09-05-2026 15:04,1,1,1,1605.2,0,3.6,101,1602,0,0,0,0,0,0,0,0
09-05-2026 15:04,1,1,1,1605.2,0,3.6,101,1602,0,0,0,0,0,0,0,0
09-05-2026 15:04,1,1,1,1610.7,0,3.3,93,1608,0,0,0,0,0,0,0,0
09-05-2026 15:04,1,1,1,1612.6,0,3.2,91,1610,0,0,0,0,0,0,0,0
09-05-2026 15:04,1,1,1,1612.6,0,3.2,91,1610,0,0,0,0,0,0,0,0
09-05-2026 15:04,1,1,1,1612.6,0,3.2,91,1610,0,0,0,0,0,0,0,0
09-05-2026 15:04,1,1,1,1612.6,0,3.2,91,1610,0,0,0,0,0,0,0,0
09-05-2026 15:04,1,1,1,1613.6,0,3.2,91,1611,0,0,0,0,0,0,0,0
09-05-2026 15:04,1,1,1,1613.6,0,3.2,91,1611,0,0,0,0,0,0,0,0
09-05-2026 15:04,1,1,1,1613.6,0,3.2,91,1611,0,0,0,0,0,0,0,0
09-05-2026 15:04,1,1,1,1613.6,0,3.2,91,1611,0,0,0,0,0,0,0,0
09-05-2026 15:04,1,1,1,1614.6,0,3.3,92,1612,0,0,0,0,0,0,0,0
09-05-2026 15:04,1,1,1,1614.6,0,3.3,92,1612,0,0,0,0,0,0,0,0
09-05-2026 15:04,1,1,1,1614.6,0,3.3,92,1612,0,0,0,0,0,0,0,0
09-05-2026 15:04,1,1,1,1614.6,0,3.3,92,1612,0,0,0,0,0,0,0,0
09-05-2026 15:04,1,1,1,1614.6,0,3.3,92,1612,0,0,0,0,0,0,0,0
09-05-2026 15:04,1,1,1,1615.6,0,3.3,92,1613,0,0,0,0,0,0,0,0
09-05-2026 15:04,1,1,1,1615.6,0,3.3,92,1613,0,0,0,0,0,0,0,0
09-05-2026 15:04,1,1,1,1615.6,0,3.3,92,1613,0,0,0,0,0,0,0,0
09-05-2026 15:04,1,1,1,1615.6,0,3.3,92,1613,0,0,0,0,0,0,0,0
09-05-2026 15:04,1,1,1,1615.6,0,3.3,92,1613,0,0,0,0,0,0,0,0
09-05-2026 15:04,1,1,1,1615.6,0,3.3,92,1613,0,0,0,0,0,0,0,0
09-05-2026 15:04,1,1,1,1615.6,0,3.3,92,1613,0,0,0,0,0,0,0,0
09-05-2026 15:04,1,1,1,1616.7,0,3.3,93,1614,0,0,0,0,0,0,0,0
09-05-2026 15:04,1,1,1,1616.7,0,3.3,93,1614,0,0,0,0,0,0,0,0
09-05-2026 15:04,1,1,1,1612.7,0,3.3,93,1610,0,0,0,0,0,0,0,0
09-05-2026 15:04,1,1,1,1612.7,0,3.3,93,1610,0,0,0,0,0,0,0,0
09-05-2026 15:04,1,1,1,1606.7,0,3.3,93,1604,0,0,0,0,0,0,0,0
09-05-2026 15:04,1,1,1,1601.7,0,3.3,93,1599,0,0,0,0,0,0,0,0
09-05-2026 15:04,1,1,1,1601.7,0,3.3,93,1599,0,0,0,0,0,0,0,0
09-05-2026 15:04,1,1,1,1596.7,0,3.3,93,1594,0,0,0,0,0,0,0,0
09-05-2026 15:04,1,1,1,1596.7,0,3.3,93,1594,0,0,0,0,0,0,0,0
09-05-2026 15:04,1,1,1,1591.7,0,3.3,93,1589,0,0,0,0,0,0,0,0
09-05-2026 15:04,1,1,1,1591.7,0,3.3,93,1589,0,0,0,0,0,0,0,0
09-05-2026 15:04,1,1,1,1579.9,0,3.5,96,1577,0,0,0,0,0,0,0,0
09-05-2026 15:04,1,1,1,1579.9,0,3.5,96,1577,0,0,0,0,0,0,0,0
09-05-2026 15:04,1,1,1,1566.3,0,3.7,101,1563,0,0,0,0,0,0,0,0
09-05-2026 15:04,1,1,1,1559.3,0,3.7,101,1556,0,0,0,0,0,0,0,0
09-05-2026 15:04,1,1,1,1559.3,0,3.7,101,1556,0,0,0,0,0,0,0,0
09-05-2026 15:04,1,1,1,1553.2,0,3.7,100,1550,0,0,0,0,0,0,0,0
09-05-2026 15:04,1,1,1,1553.2,0,3.7,100,1550,0,0,0,0,0,0,0,0
09-05-2026 15:04,1,1,1,1591.5,0,2.5,70,1590,0,0,0,0,1,0.5,0,4361
09-05-2026 15:04,1,1,1,1591.5,0,2.5,70,1590,0,0,0,0,1,0.5,0,4361
09-05-2026 15:04,1,1,1,1711.2,0,-1,-29,1711,1,0.5,0,4361,1,0.5,0,4361
09-05-2026 15:04,1,1,1,1969.8,-8,-5.7,-196,1960,1,0.5,0,4361,1,0.5,0,4361
09-05-2026 15:04,1,1,1,1969.8,-8,-5.7,-196,1960,1,0.5,0,4361,1,0.5,0,4361
09-05-2026 15:04,1,1,1,2205.6,8,-9.9,-378,2173,1,0.5,0,4361,1,0.5,0,4361
09-05-2026 15:04,1,1,1,2205.6,8,-9.9,-378,2173,1,0.5,0,4361,1,0.5,0,4361
09-05-2026 15:04,1,1,1,2425.5,0,-13.4,-564,2359,1,0.5,0,4361,1,0.5,0,4361
09-05-2026 15:04,1,1,1,2425.5,0,-13.4,-564,2359,1,0.5,0,4361,1,0.5,0,4361
09-05-2026 15:04,1,1,1,2574.8,0,-18.1,-801,2447,1,0.5,0,4361,1,0.5,0,4361
09-05-2026 15:04,1,1,1,2574.8,0,-18.1,-801,2447,1,0.5,0,4361,1,0.5,0,4361
09-05-2026 15:04,1,1,1,2689.1,8,-22.5,-1030,2484,1,0.5,0,4361,1,0.5,0,4361
09-05-2026 15:04,1,1,1,2787.9,8,-26.5,-1244,2495,1,0.5,0,4361,1,0.5,0,4361
09-05-2026 15:04,1,1,1,2787.9,8,-26.5,-1244,2495,1,0.5,0,4361,1,0.5,0,4361
09-05-2026 15:04,1,1,1,2875.4,8,-30,-1438,2490,1,0.5,0,4361,1,0.5,0,4361
09-05-2026 15:04,1,1,1,2875.4,8,-30,-1438,2490,1,0,0,0,0,0,0,0
09-05-2026 15:04,1,1,1,2953.4,8,-33,-1610,2476,1,0,0,0,0,0,0,0
09-05-2026 15:04,1,1,1,2953.4,8,-33,-1610,2476,1,0,0,0,0,0,0,0
09-05-2026 15:04,1,1,1,3023.1,8,-35.6,-1760,2458,1,0,0,0,0,0,0,0
09-05-2026 15:04,1,1,1,3085,8,-37.8,-1889,2439,1,0,0,0,0,0,0,0
09-05-2026 15:04,1,1,1,3085,8,-37.8,-1889,2439,0,0,0,0,0,0,0,0
09-05-2026 15:04,1,1,1,3138.2,8,-39.5,-1998,2420,0,0,0,0,0,0,0,0
09-05-2026 15:04,1,1,1,3138.2,8,-39.5,-1998,2420,0,0,0,0,0,0,0,0
09-05-2026 15:04,1,1,1,3170.5,0,-40.9,-2074,2398,0,0,0,0,0,0,0,0
09-05-2026 15:04,1,1,1,3170.5,0,-40.9,-2074,2398,0,0,0,0,0,0,0,0
09-05-2026 15:04,1,1,1,3187.4,0,-41.3,-2102,2396,0,0,0,0,0,0,0,0
09-05-2026 15:04,1,1,1,3187.4,0,-41.3,-2102,2396,0,0,0,0,0,0,0,0
09-05-2026 15:04,1,1,1,3195.4,0,-41.4,-2113,2397,0,0,0,0,0,0,0,0
09-05-2026 15:04,1,1,1,3202.2,0,-41.5,-2121,2399,0,0,0,0,0,0,0,0
09-05-2026 15:04,1,1,1,3202.2,0,-41.5,-2121,2399,0,0,0,0,0,0,0,0
09-05-2026 15:04,1,1,1,3207.7,0,-41.3,-2118,2409,0,0,0,0,0,0,0,0
09-05-2026 15:04,1,1,1,3207.7,0,-41.3,-2118,2409,0,0,0,0,0,0,0,0
09-05-2026 15:04,1,1,1,3209.5,0,-41.2,-2115,2414,0,0,0,0,0,0,0,0
09-05-2026 15:04,1,1,1,3209.5,0,-41.2,-2115,2414,0,0,0,0,0,0,0,0
09-05-2026 15:04,1,1,1,3211.9,0,-41.1,-2113,2419,0,0,0,0,0,0,0,0
09-05-2026 15:04,1,1,1,3213.7,0,-41,-2110,2424,0,0,0,0,0,0,0,0
09-05-2026 15:04,1,1,1,3213.7,0,-41,-2110,2424,0,0,0,0,0,0,0,0
09-05-2026 15:04,1,1,1,3215.4,0,-41,-2108,2428,0,0,0,0,0,0,0,0
09-05-2026 15:04,1,1,1,3215.4,0,-41,-2108,2428,0,0,0,0,0,0,0,0
09-05-2026 15:04,1,1,1,3217.9,0,-40.9,-2106,2433,0,0,0,0,0,0,0,0
09-05-2026 15:04,1,1,1,3217.9,0,-40.9,-2106,2433,0,0,0,0,1,1.75,0,580
09-05-2026 15:04,1,1,1,3218.9,0,-40.8,-2103,2437,0,0,0,0,1,1.75,0,580
09-05-2026 15:04,1,1,1,3218.9,0,-40.8,-2103,2437,0,0,0,0,1,1.75,0,580
09-05-2026 15:04,1,1,1,3220.7,0,-40.7,-2101,2441,0,0,0,0,1,1.75,0,580
09-05-2026 15:04,1,1,1,3222.4,0,-40.6,-2099,2445,0,0,0,0,1,1.75,0,580
09-05-2026 15:04,1,1,1,3222.4,0,-40.6,-2099,2445,0,0,0,0,1,1.75,0,580
09-05-2026 15:04,1,1,1,3222.5,0,-40.5,-2091,2452,0,0,0,0,1,1.75,0,580
09-05-2026 15:04,1,1,1,3222.5,0,-40.5,-2091,2452,0,0,0,0,1,1.75,0,580
09-05-2026 15:04,1,1,1,3222.1,0,-40.2,-2081,2460,0,0,0,0,1,1.75,0,580
09-05-2026 15:04,1,1,1,3222.1,0,-40.2,-2081,2460,0,0,0,0,1,1.75,0,580
09-05-2026 15:04,1,1,1,3221,0,-40,-2071,2467,0,0,0,0,1,1.75,0,580
09-05-2026 15:04,1,1,1,3221.4,0,-39.8,-2062,2475,0,0,0,0,1,1.75,0,580
09-05-2026 15:04,1,1,1,3221.4,0,-39.8,-2062,2475,0,0,0,0,1,1.75,0,580
09-05-2026 15:04,1,1,1,3221,0,-39.6,-2053,2482,0,0,0,0,1,1.75,0,580
09-05-2026 15:04,1,1,1,3221,0,-39.6,-2053,2482,0,0,0,0,1,1.75,0,580
09-05-2026 15:04,1,1,1,3220.7,0,-39.4,-2044,2489,0,0,0,0,0,0,0,0
09-05-2026 15:04,1,1,1,3220.7,0,-39.4,-2044,2489,0,0,0,0,0,0,0,0
09-05-2026 15:04,1,1,1,3221.1,0,-39.2,-2036,2496,0,0,0,0,0,0,0,0
09-05-2026 15:04,1,1,1,3221.1,0,-39.2,-2036,2496,0,0,0,0,0,0,0,0
09-05-2026 15:04,1,1,1,3220.7,0,-39,-2028,2502,0,0,0,0,0,0,0,0
09-05-2026 15:04,1,1,1,3221.1,0,-38.8,-2020,2509,0,0,0,0,1,1.75,0,650
09-05-2026 15:04,1,1,1,3221.1,0,-38.8,-2020,2509,0,0,0,0,1,1.75,0,650
09-05-2026 15:04,1,1,1,3220.8,0,-38.7,-2012,2515,0,0,0,0,1,1.75,0,292
09-05-2026 15:04,1,1,1,3220.8,0,-38.7,-2012,2515,0,0,0,0,1,1.75,0,292
09-05-2026 15:04,1,1,1,3221.1,0,-38.5,-2005,2521,0,0,0,0,1,1.75,0,292
09-05-2026 15:04,1,1,1,3221.1,0,-38.5,-2005,2521,0,0,0,0,1,1.75,0,292
09-05-2026 15:04,1,1,1,3220.7,0,-38.3,-1998,2526,0,0,0,0,1,1.75,0,292
09-05-2026 15:04,1,1,1,3221,0,-38.2,-1991,2532,0,0,0,0,1,1.75,0,292
09-05-2026 15:04,1,1,1,3221,0,-38.2,-1991,2532,0,0,0,0,1,1.75,0,292
09-05-2026 15:04,1,1,1,3221.3,0,-38,-1985,2537,0,0,0,0,1,1.75,0,292
09-05-2026 15:04,1,1,1,3221.3,0,-38,-1985,2537,0,0,0,0,1,1.75,0,292
09-05-2026 15:04,1,1,1,3221.5,0,-37.9,-1979,2542,0,0,0,0,1,1.75,0,292
09-05-2026 15:04,1,1,1,3221.5,0,-37.9,-1979,2542,0,0,0,0,1,1.76,0,1060
09-05-2026 15:04,1,1,1,3221.2,0,-37.7,-1972,2547,0,0,0,0,1,1.76,0,1060
09-05-2026 15:04,1,1,1,3221.2,0,-37.7,-1972,2547,0,0,0,0,1,1.76,0,1060
09-05-2026 15:04,1,1,1,3221.2,0,-37.7,-1972,2547,0,0,0,0,1,1.76,0,1060
09-05-2026 15:04,1,1,1,3221.2,0,-37.7,-1972,2547,0,0,0,0,1,1.76,0,1060
09-05-2026 15:04,1,1,1,3221.2,0,-37.7,-1972,2547,0,0,0,0,1,1.76,0,1060
09-05-2026 15:04,1,1,1,3221.2,0,-37.7,-1972,2547,0,0,0,0,1,1.76,0,1060
09-05-2026 15:04,1,1,1,3221.2,0,-37.7,-1972,2547,0,0,0,0,1,1.76,0,1060
09-05-2026 15:04,1,1,1,3221.2,0,-37.7,-1972,2547,0,0,0,0,1,1.76,0,1060
09-05-2026 15:04,1,1,1,3221.2,0,-37.7,-1972,2547,0,0,0,0,1,1.76,0,1060
09-05-2026 15:04,1,1,1,3221.2,0,-37.7,-1972,2547,0,0,0,0,1,1.76,0,1060
09-05-2026 15:04,1,1,1,3221.2,0,-37.7,-1972,2547,0,0,0,0,1,1.76,0,1060
09-05-2026 15:04,1,1,1,3221.2,0,-37.7,-1972,2547,0,0,0,0,1,1.76,0,1060
09-05-2026 15:04,1,1,1,3221.2,0,-37.7,-1972,2547,0,0,0,0,1,1.76,0,1060
09-05-2026 15:04,1,1,1,3221.2,0,-37.7,-1972,2547,0,0,0,0,1,1.76,0,1060
09-05-2026 15:04,1,1,1,3221.2,0,-37.7,-1972,2547,0,0,0,0,0,0,0,0
09-05-2026 15:04,1,1,1,3221.2,0,-37.7,-1972,2547,0,0,0,0,0,0,0,0
09-05-2026 15:04,1,1,1,3221.2,0,-37.7,-1972,2547,0,0,0,0,0,0,0,0
09-05-2026 15:04,1,1,1,3221.2,0,-37.7,-1972,2547,0,0,0,0,0,0,0,0
09-05-2026 15:04,1,1,1,3221.2,0,-37.7,-1972,2547,0,0,0,0,0,0,0,0
09-05-2026 15:04,1,1,1,3221.2,0,-37.7,-1972,2547,0,0,0,0,0,0,0,0
09-05-2026 15:04,1,1,1,3221.2,0,-37.7,-1972,2547,0,0,0,0,0,0,0,0
09-05-2026 15:04,1,1,1,3221.2,0,-37.7,-1972,2547,0,0,0,0,0,0,0,0
09-05-2026 15:04,1,1,1,3221.2,0,-37.7,-1972,2547,0,0,0,0,0,0,0,0
09-05-2026 15:04,1,1,1,3221.2,0,-37.7,-1972,2547,0,0,0,0,0,0,0,0
09-05-2026 15:04,1,1,1,3221.2,0,-37.7,-1972,2547,0,0,0,0,0,0,0,0
09-05-2026 15:04,1,1,1,3221.2,0,-37.7,-1972,2547,0,0,0,0,0,0,0,0
09-05-2026 15:04,1,1,1,3221.2,0,-37.7,-1972,2547,0,0,0,0,0,0,0,0
09-05-2026 15:04,1,1,1,3221.2,0,-37.7,-1972,2547,0,0,0,0,0,0,0,0
09-05-2026 15:04,1,1,1,3221.2,0,-37.7,-1972,2547,0,0,0,0,0,0,0,0
09-05-2026 15:04,1,1,1,3221.2,0,-37.7,-1972,2547,0,0,0,0,0,0,0,0
09-05-2026 15:04,1,1,1,3221.2,0,-37.7,-1972,2547,0,0,0,0,0,0,0,0
09-05-2026 15:04,1,1,1,3221.2,0,-37.7,-1972,2547,0,0,0,0,0,0,0,0
09-05-2026 15:04,1,1,1,3221.2,0,-37.7,-1972,2547,0,0,0,0,0,0,0,0
09-05-2026 15:04,1,1,1,3221.2,0,-37.7,-1972,2547,0,0,0,0,0,0,0,0
09-05-2026 15:04,1,1,1,3221.2,0,-37.7,-1972,2547,0,0,0,0,0,0,0,0
09-05-2026 15:04,1,1,1,3221.2,0,-37.7,-1972,2547,0,0,0,0,0,0,0,0
09-05-2026 15:04,1,1,1,3221.2,0,-37.7,-1972,2547,0,0,0,0,0,0,0,0
09-05-2026 15:04,1,1,1,3221.2,0,-37.7,-1972,2547,0,0,0,0,0,0,0,0
09-05-2026 15:04,1,1,1,3221.2,0,-37.7,-1972,2547,0,0,0,0,0,0,0,0
09-05-2026 15:04,1,1,1,3221.2,0,-37.7,-1972,2547,0,0,0,0,0,0,0,0
09-05-2026 15:04,1,1,1,3221.2,0,-37.7,-1972,2547,0,0,0,0,0,0,0,0
09-05-2026 15:04,1,1,1,3221.2,0,-37.7,-1972,2547,0,0,0,0,0,0,0,0
09-05-2026 15:04,1,1,1,3221.2,0,-37.7,-1972,2547,0,0,0,0,0,0,0,0
09-05-2026 15:04,1,1,1,3221.2,0,-37.7,-1972,2547,0,0,0,0,0,0,0,0
09-05-2026 15:04,1,1,1,3221.2,0,-37.7,-1972,2547,0,0,0,0,0,0,0,0
09-05-2026 15:04,1,1,1,3221.2,0,-37.7,-1972,2547,0,0,0,0,0,0,0,0
09-05-2026 15:04,1,1,1,3221.2,0,-37.7,-1972,2547,0,0,0,0,0,0,0,0
09-05-2026 15:04,1,1,1,3221.2,0,-37.7,-1972,2547,0,0,0,0,0,0,0,0
09-05-2026 15:04,1,1,1,3221.2,0,-37.7,-1972,2547,0,0,0,0,0,0,0,0
09-05-2026 15:04,1,1,1,3221.2,0,-37.7,-1972,2547,0,0,0,0,0,0,0,0
09-05-2026 15:04,1,1,1,3221.2,0,-37.7,-1972,2547,0,0,0,0,0,0,0,0
09-05-2026 15:04,1,1,1,3221.2,0,-37.7,-1972,2547,0,0,0,0,0,0,0,0
09-05-2026 15:04,1,1,1,3221.2,0,-37.7,-1972,2547,0,0,0,0,0,0,0,0
09-05-2026 15:04,1,1,1,3217.4,0,-37.1,-1941,2566,0,0,0,0,0,0,0,0
09-05-2026 15:04,1,1,1,3217.4,0,-37.1,-1941,2566,0,0,0,0,0,0,0,0
09-05-2026 15:04,1,1,1,3214.1,0,-36.5,-1910,2585,0,0,0,0,1,0.5,0.01,10861
09-05-2026 15:04,1,1,1,3214.1,0,-36.5,-1910,2585,0,0,0,0,1,0.5,0.01,10861
09-05-2026 15:04,1,1,1,3211.7,0,-35.8,-1880,2604,1,0.5,0.01,8450,1,0.5,0.01,8450
09-05-2026 15:04,1,1,1,3211.7,0,-35.8,-1880,2604,1,0.5,0.01,8450,1,0.5,0.01,8450
09-05-2026 15:04,1,1,1,3209.5,0,-35.2,-1851,2622,1,0.5,0.01,8450,1,0.5,0.01,8450
09-05-2026 15:04,1,1,1,3208.3,0,-34.6,-1823,2640,1,0.5,0.01,8450,1,0.5,0.01,8450
09-05-2026 15:04,1,1,1,3208.3,0,-34.6,-1823,2640,1,0.5,0.01,8450,1,0.5,0.01,8450
09-05-2026 15:04,1,1,1,3206.2,0,-34.1,-1796,2656,1,0.5,0.01,8450,1,0.5,0.01,8450
09-05-2026 15:04,1,1,1,3206.2,0,-34.1,-1796,2656,1,0.5,0.01,8450,1,0.5,0.01,8450
09-05-2026 15:04,1,1,1,3205.4,0,-33.5,-1769,2673,1,0.5,0.01,8450,1,0.5,0.01,8450
09-05-2026 15:04,1,1,1,3205.4,0,-33.5,-1769,2673,1,0.5,0.01,8450,1,0.5,0.01,8450
09-05-2026 15:04,1,1,1,3204.2,0,-33,-1744,2688,1,0.5,0.01,8450,1,0.5,0.01,8450
09-05-2026 15:04,1,1,1,3203.8,0,-32.5,-1720,2703,1,0.5,0.01,8450,1,0.5,0.01,8450
09-05-2026 15:04,1,1,1,3203.8,0,-32.5,-1720,2703,1,0.5,0.01,8450,1,0.5,0.01,8450
09-05-2026 15:04,1,1,1,3203.7,0,-32,-1696,2718,1,0.5,0.01,8450,1,0.5,0.01,8450
09-05-2026 15:04,1,1,1,3203.7,0,-32,-1696,2718,1,0.5,0.01,8450,1,0.5,0.01,8450
09-05-2026 15:04,1,1,1,3204.1,0,-31.5,-1674,2732,1,0.5,0.01,8450,1,0.5,0.01,8450
09-05-2026 15:04,1,1,1,3204.1,0,-31.5,-1674,2732,1,0,0,0,0,0,0,0
09-05-2026 15:04,1,1,1,3204.6,0,-31,-1652,2746,1,0,0,0,0,0,0,0
09-05-2026 15:04,1,1,1,3204.6,0,-31,-1652,2746,1,0,0,0,0,0,0,0
09-05-2026 15:04,1,1,1,3205,0,-30.6,-1631,2759,1,0,0,0,0,0,0,0
09-05-2026 15:04,1,1,1,3204.8,0,-30.2,-1610,2771,1,0,0,0,0,0,0,0
09-05-2026 15:04,1,1,1,3204.8,0,-30.2,-1610,2771,0,0,0,0,0,0,0,0
09-05-2026 15:04,1,1,1,3206.5,0,-29.7,-1591,2784,0,0,0,0,0,0,0,0
09-05-2026 15:04,1,1,1,3206.5,0,-29.7,-1591,2784,0,0,0,0,0,0,0,0
09-05-2026 15:04,1,1,1,3206.7,0,-29.4,-1572,2795,0,0,0,0,0,0,0,0
09-05-2026 15:04,1,1,1,3206.7,0,-29.4,-1572,2795,0,0,0,0,0,0,0,0
09-05-2026 15:04,1,1,1,3206.7,0,-29.4,-1572,2795,0,0,0,0,0,0,0,0
09-05-2026 15:04,1,1,1,3206.7,0,-29.4,-1572,2795,0,0,0,0,0,0,0,0
09-05-2026 15:04,1,1,1,3206.7,0,-29.4,-1572,2795,0,0,0,0,0,0,0,0
09-05-2026 15:04,1,1,1,3206.7,0,-29.4,-1572,2795,0,0,0,0,0,0,0,0
09-05-2026 15:04,1,1,1,3206.7,0,-29.4,-1572,2795,0,0,0,0,0,0,0,0
09-05-2026 15:04,1,1,1,3209.5,0,-29.2,-1567,2801,0,0,0,0,0,0,0,0
09-05-2026 15:04,1,1,1,3209.5,0,-29.2,-1567,2801,0,0,0,0,0,0,0,0
09-05-2026 15:04,1,1,1,3213,0,-29.2,-1567,2805,0,0,0,0,0,0,0,0
09-05-2026 15:04,1,1,1,3213,0,-29.2,-1567,2805,0,0,0,0,0,0,0,0
09-05-2026 15:04,1,1,1,3216,0,-29.1,-1566,2809,0,0,0,0,0,0,0,0
09-05-2026 15:04,1,1,1,3218.2,0,-29.1,-1565,2812,0,0,0,0,0,0,0,0
09-05-2026 15:04,1,1,1,3218.2,0,-29.1,-1565,2812,0,0,0,0,0,0,0,0
09-05-2026 15:04,1,1,1,3221.7,0,-29.1,-1565,2816,0,0,0,0,0,0,0,0
09-05-2026 15:04,1,1,1,3221.7,0,-29.1,-1565,2816,0,0,0,0,0,0,0,0
09-05-2026 15:04,1,1,1,3223.8,0,-29.2,-1573,2814,0,0,0,0,0,0,0,0
09-05-2026 15:04,1,1,1,3223.8,0,-29.2,-1573,2814,0,0,0,0,0,0,0,0
09-05-2026 15:04,1,1,1,3225.7,0,-29.4,-1584,2810,0,0,0,0,0,0,0,0
09-05-2026 15:04,1,1,1,3227.3,0,-29.5,-1589,2809,0,0,0,0,0,0,0,0
09-05-2026 15:04,1,1,1,3227.3,0,-29.5,-1589,2809,0,0,0,0,0,0,0,0
09-05-2026 15:04,1,1,1,3227.9,0,-29.6,-1592,2808,0,0,0,0,0,0,0,0
09-05-2026 15:04,1,1,1,3227.9,0,-29.6,-1592,2808,0,0,0,0,0,0,0,0
09-05-2026 15:04,1,1,1,3229.4,0,-29.6,-1595,2808,0,0,0,0,0,0,0,0
09-05-2026 15:04,1,1,1,3229.4,0,-29.6,-1595,2808,0,0,0,0,0,0,0,0
09-05-2026 15:04,1,1,1,3230.6,0,-29.7,-1601,2806,0,0,0,0,0,0,0,0
09-05-2026 15:04,1,1,1,3230.6,0,-29.7,-1601,2806,0,0,0,0,0,0,0,0
09-05-2026 15:04,1,1,1,3231.9,0,-29.8,-1607,2804,0,0,0,0,0,0,0,0
09-05-2026 15:04,1,1,1,3232.2,0,-29.9,-1613,2801,0,0,0,0,0,0,0,0
09-05-2026 15:04,1,1,1,3232.2,0,-29.9,-1613,2801,0,0,0,0,0,0,0,0
09-05-2026 15:04,1,1,1,3234,0,-30.1,-1620,2799,0,0,0,0,0,0,0,0
09-05-2026 15:04,1,1,1,3234,0,-30.1,-1620,2799,0,0,0,0,0,0,0,0
09-05-2026 15:04,1,1,1,3233.9,0,-30.2,-1625,2796,0,0,0,0,0,0,0,0
09-05-2026 15:04,1,1,1,3233.9,0,-30.2,-1625,2796,0,0,0,0,0,0,0,0
09-05-2026 15:04,1,1,1,3235.2,0,-30.3,-1631,2794,0,0,0,0,0,0,0,0
09-05-2026 15:04,1,1,1,3235.2,0,-30.3,-1631,2794,0,0,0,0,0,0,0,0
09-05-2026 15:04,1,1,1,3236.5,0,-30.4,-1637,2792,0,0,0,0,0,0,0,0
09-05-2026 15:04,1,1,1,3237.3,0,-30.5,-1642,2790,0,0,0,0,0,0,0,0
09-05-2026 15:04,1,1,1,3237.3,0,-30.5,-1642,2790,0,0,0,0,0,0,0,0
09-05-2026 15:04,1,1,1,3238.1,0,-30.6,-1647,2788,0,0,0,0,0,0,0,0
09-05-2026 15:04,1,1,1,3238.1,0,-30.6,-1647,2788,0,0,0,0,0,0,0,0
09-05-2026 15:04,1,1,1,3238.5,0,-30.5,-1646,2789,0,0,0,0,0,0,0,0
09-05-2026 15:04,1,1,1,3238.5,0,-30.5,-1646,2789,0,0,0,0,0,0,0,0
09-05-2026 15:04,1,1,1,3239.2,0,-30.5,-1644,2791,0,0,0,0,0,0,0,0
09-05-2026 15:04,1,1,1,3239,0,-30.5,-1642,2792,0,0,0,0,0,0,0,0
09-05-2026 15:04,1,1,1,3239,0,-30.5,-1642,2792,0,0,0,0,0,0,0,0
09-05-2026 15:04,1,1,1,3239.3,0,-30.4,-1639,2794,0,0,0,0,0,0,0,0
09-05-2026 15:04,1,1,1,3239.3,0,-30.4,-1639,2794,0,0,0,0,0,0,0,0
09-05-2026 15:04,1,1,1,3239.4,0,-30.4,-1641,2793,0,0,0,0,0,0,0,0
09-05-2026 15:04,1,1,1,3239.4,0,-30.4,-1641,2793,0,0,0,0,0,0,0,0
09-05-2026 15:04,1,1,1,3240.6,0,-30.5,-1645,2792,0,0,0,0,0,0,0,0
09-05-2026 15:04,1,1,1,3240.6,0,-30.5,-1645,2792,0,0,0,0,0,0,0,0
09-05-2026 15:04,1,1,1,3240.4,0,-30.6,-1648,2790,0,0,0,0,0,0,0,0
09-05-2026 15:04,1,1,1,3241,0,-30.6,-1651,2789,0,0,0,0,0,0,0,0
09-05-2026 15:04,1,1,1,3241,0,-30.6,-1651,2789,0,0,0,0,0,0,0,0
09-05-2026 15:04,1,1,1,3235.5,0,-31,-1667,2773,0,0,0,0,0,0,0,0
09-05-2026 15:04,1,1,1,3235.5,0,-31,-1667,2773,0,0,0,0,0,0,0,0
09-05-2026 15:04,1,1,1,3232.5,0,-31.4,-1686,2758,0,0,0,0,0,0,0,0
09-05-2026 15:04,1,1,1,3232.5,0,-31.4,-1686,2758,0,0,0,0,0,0,0,0
09-05-2026 15:04,1,1,1,3231.5,0,-32.5,-1737,2725,0,0,0,0,0,0,0,0
09-05-2026 15:04,1,1,1,3233.6,0,-33.8,-1799,2687,0,0,0,0,0,0,0,0
09-05-2026 15:04,1,1,1,3233.6,0,-33.8,-1799,2687,0,0,0,0,0,0,0,0
09-05-2026 15:04,1,1,1,3246.9,0,-36.4,-1926,2614,0,0,0,0,0,0,0,0
09-05-2026 15:04,1,1,1,3246.9,0,-36.4,-1926,2614,0,0,0,0,0,0,0,0
09-05-2026 15:04,1,1,1,3267.3,0,-38.7,-2044,2549,0,0,0,0,0,0,0,0
09-05-2026 15:04,1,1,1,3267.3,0,-38.7,-2044,2549,0,0,0,0,0,0,0,0
09-05-2026 15:04,1,1,1,3288.7,0,-40.4,-2132,2504,0,0,0,0,0,0,0,0
09-05-2026 15:04,1,1,1,3288.7,0,-40.4,-2132,2504,0,0,0,0,0,0,0,0
09-05-2026 15:04,1,1,1,3276.4,0,-38.9,-2056,2551,0,0,0,0,0,0,0,0
09-05-2026 15:04,1,1,1,3273.3,0,-37.8,-2008,2585,0,0,0,0,0,0,0,0
09-05-2026 15:04,1,1,1,3273.3,0,-37.8,-2008,2585,0,0,0,0,0,0,0,0
09-05-2026 15:04,1,1,1,3272.4,0,-36.9,-1966,2616,0,0,0,0,0,0,0,0
09-05-2026 15:04,1,1,1,3272.4,0,-36.9,-1966,2616,0,0,0,0,0,0,0,0
09-05-2026 15:04,1,1,1,3270.9,0,-36.1,-1927,2643,0,0,0,0,0,0,0,0
09-05-2026 15:04,1,1,1,3270.9,0,-36.1,-1927,2643,0,0,0,0,0,0,0,0
09-05-2026 15:04,1,1,1,3271.3,0,-35.4,-1893,2668,0,0,0,0,0,0,0,0
09-05-2026 15:04,1,1,1,3271.8,0,-34.7,-1861,2691,0,0,0,0,0,0,0,0
09-05-2026 15:04,1,1,1,3271.8,0,-34.7,-1861,2691,0,0,0,0,0,0,0,0
09-05-2026 15:04,1,1,1,3272.5,0,-34.1,-1833,2711,0,0,0,0,0,0,0,0
09-05-2026 15:04,1,1,1,3272.5,0,-34.1,-1833,2711,0,0,0,0,0,0,0,0
09-05-2026 15:04,1,1,1,3274.4,0,-33.5,-1808,2730,0,0,0,0,0,0,0,0
09-05-2026 15:04,1,1,1,3274.4,0,-33.5,-1808,2730,0,0,0,0,0,0,0,0
09-05-2026 15:04,1,1,1,3274.5,0,-33.3,-1799,2736,0,0,0,0,0,0,0,0
09-05-2026 15:04,1,1,1,3274.5,0,-33.3,-1799,2736,0,0,0,0,0,0,0,0
09-05-2026 15:04,1,1,1,3274.3,0,-33.2,-1791,2741,0,0,0,0,0,0,0,0
09-05-2026 15:04,1,1,1,3275.5,0,-33,-1784,2747,0,0,0,0,0,0,0,0
09-05-2026 15:04,1,1,1,3275.5,0,-33,-1784,2747,0,0,0,0,0,0,0,0
09-05-2026 15:04,1,1,1,3275.3,0,-32.8,-1776,2752,0,0,0,0,0,0,0,0
09-05-2026 15:04,1,1,1,3275.3,0,-32.8,-1776,2752,0,0,0,0,0,0,0,0
09-05-2026 15:04,1,1,1,3275.7,0,-32.7,-1769,2757,0,0,0,0,0,0,0,0
09-05-2026 15:04,1,1,1,3275.7,0,-32.7,-1769,2757,0,0,0,0,0,0,0,0
09-05-2026 15:04,1,1,1,3276.2,0,-32.5,-1762,2762,0,0,0,0,0,0,0,0
09-05-2026 15:04,1,1,1,3276.6,0,-32.4,-1755,2767,0,0,0,0,0,0,0,0
09-05-2026 15:04,1,1,1,3276.6,0,-32.4,-1755,2767,0,0,0,0,0,0,0,0
09-05-2026 15:04,1,1,1,3277.3,0,-32.3,-1753,2769,0,0,0,0,0,0,0,0
09-05-2026 15:04,1,1,1,3277.3,0,-32.3,-1753,2769,0,0,0,0,0,0,0,0
09-05-2026 15:04,1,1,1,3276.3,0,-32.6,-1767,2759,0,0,0,0,0,0,0,0
09-05-2026 15:04,1,1,1,3276.3,0,-32.6,-1767,2759,0,0,0,0,0,0,0,0
09-05-2026 15:04,1,1,1,3274.1,0,-32.9,-1780,2748,0,0,0,0,0,0,0,0
09-05-2026 15:04,1,1,1,3274.1,0,-32.9,-1780,2748,0,0,0,0,0,0,0,0
09-05-2026 15:04,1,1,1,3272,0,-33.3,-1796,2735,0,0,0,0,0,0,0,0
09-05-2026 15:04,1,1,1,3268.6,0,-33.7,-1814,2719,0,0,0,0,0,0,0,0
09-05-2026 15:04,1,1,1,3268.6,0,-33.7,-1814,2719,0,0,0,0,0,0,0,0
09-05-2026 15:04,1,1,1,3266.4,0,-34.1,-1831,2705,0,0,0,0,0,0,0,0
09-05-2026 15:04,1,1,1,3266.4,0,-34.1,-1831,2705,0,0,0,0,0,0,0,0
09-05-2026 15:04,1,1,1,3264.4,0,-34.5,-1848,2691,0,0,0,0,0,0,0,0
09-05-2026 15:04,1,1,1,3264.4,0,-34.5,-1848,2691,0,0,0,0,0,0,0,0
09-05-2026 15:04,1,1,1,3262,0,-34.8,-1864,2677,0,0,0,0,0,0,0,0
09-05-2026 15:04,1,1,1,3260.6,0,-35.2,-1880,2664,0,0,0,0,0,0,0,0
09-05-2026 15:04,1,1,1,3260.6,0,-35.2,-1880,2664,0,0,0,0,0,0,0,0
09-05-2026 15:04,1,1,1,3258.7,0,-35.6,-1895,2651,0,0,0,0,0,0,0,0
09-05-2026 15:04,1,1,1,3258.7,0,-35.6,-1895,2651,0,0,0,0,0,0,0,0
09-05-2026 15:04,1,1,1,3257.1,0,-35.9,-1909,2639,0,0,0,0,0,0,0,0
09-05-2026 15:04,1,1,1,3257.1,0,-35.9,-1909,2639,0,0,0,0,0,0,0,0
09-05-2026 15:04,1,1,1,3256.2,0,-36.2,-1924,2627,0,0,0,0,0,0,0,0
09-05-2026 15:04,1,1,1,3256.2,0,-36.2,-1924,2627,0,0,0,0,0,0,0,0
09-05-2026 15:04,1,1,1,3254.3,0,-36.5,-1937,2615,0,0,0,0,0,0,0,0
09-05-2026 15:04,1,1,1,3253.2,0,-36.8,-1950,2604,0,0,0,0,0,0,0,0
09-05-2026 15:04,1,1,1,3253.2,0,-36.8,-1950,2604,0,0,0,0,0,0,0,0
09-05-2026 15:04,1,1,1,3253.6,0,-37,-1956,2600,0,0,0,0,0,0,0,0
09-05-2026 15:04,1,1,1,3253.6,0,-37,-1956,2600,0,0,0,0,0,0,0,0
09-05-2026 15:04,1,1,1,3251.4,0,-37,-1959,2595,0,0,0,0,0,0,0,0
09-05-2026 15:04,1,1,1,3251.4,0,-37,-1959,2595,0,0,0,0,0,0,0,0
09-05-2026 15:04,1,1,1,3248.2,0,-37.1,-1959,2591,0,0,0,0,0,0,0,0
09-05-2026 15:04,1,1,1,3248.2,0,-37.1,-1959,2591,0,0,0,0,0,0,0,0
09-05-2026 15:04,1,1,1,3245,0,-37.1,-1959,2587,0,0,0,0,0,0,0,0
09-05-2026 15:04,1,1,1,3243.2,0,-37.2,-1960,2584,0,0,0,0,0,0,0,0
09-05-2026 15:04,1,1,1,3243.2,0,-37.2,-1960,2584,0,0,0,0,0,0,0,0
09-05-2026 15:04,1,1,1,3240.1,0,-37.2,-1960,2580,0,0,0,0,0,0,0,0
09-05-2026 15:04,1,1,1,3240.1,0,-37.2,-1960,2580,0,0,0,0,0,0,0,0
09-05-2026 15:04,1,1,1,3237.7,0,-37.3,-1960,2577,0,0,0,0,0,0,0,0
09-05-2026 15:04,1,1,1,3237.7,0,-37.3,-1960,2577,0,0,0,0,0,0,0,0
09-05-2026 15:04,1,1,1,3235.3,0,-37.3,-1960,2574,0,0,0,0,0,0,0,0
09-05-2026 15:04,1,1,1,3232.9,0,-37.3,-1960,2571,0,0,0,0,0,0,0,0
09-05-2026 15:04,1,1,1,3232.9,0,-37.3,-1960,2571,0,0,0,0,0,0,0,0
09-05-2026 15:04,1,1,1,3230.5,0,-37.4,-1960,2568,0,0,0,0,0,0,0,0
09-05-2026 15:04,1,1,1,3230.5,0,-37.4,-1960,2568,0,0,0,0,0,0,0,0
09-05-2026 15:04,1,1,1,3228.7,0,-37.4,-1961,2565,0,0,0,0,0,0,0,0
09-05-2026 15:04,1,1,1,3228.7,0,-37.4,-1961,2565,0,0,0,0,0,0,0,0
09-05-2026 15:04,1,1,1,3226.4,0,-37.4,-1961,2562,0,0,0,0,0,0,0,0
09-05-2026 15:04,1,1,1,3226.4,0,-37.4,-1961,2562,0,0,0,0,0,0,0,0
09-05-2026 15:04,1,1,1,3224.8,0,-37.5,-1961,2560,0,0,0,0,0,0,0,0
09-05-2026 15:04,1,1,1,3222.4,0,-37.5,-1961,2557,0,0,0,0,0,0,0,0
09-05-2026 15:04,1,1,1,3222.4,0,-37.5,-1961,2557,0,0,0,0,0,0,0,0
09-05-2026 15:04,1,1,1,3220.8,0,-37.5,-1961,2555,0,0,0,0,0,0,0,0
09-05-2026 15:04,1,1,1,3220.8,0,-37.5,-1961,2555,0,0,0,0,0,0,0,0
09-05-2026 15:04,1,1,1,3218.4,0,-37.5,-1961,2552,0,0,0,0,0,0,0,0
09-05-2026 15:04,1,1,1,3218.4,0,-37.5,-1961,2552,0,0,0,0,0,0,0,0
09-05-2026 15:04,1,1,1,3216.8,0,-37.6,-1961,2550,0,0,0,0,0,0,0,0
09-05-2026 15:04,1,1,1,3216.8,0,-37.6,-1961,2550,0,0,0,0,0,0,0,0
09-05-2026 15:04,1,1,1,3216.8,0,-37.6,-1961,2550,0,0,0,0,0,0,0,0
09-05-2026 15:05,1,1,1,3281.2,0,-39.4,-2082,2536,0,0,0,0,1,2.01,0,509
09-05-2026 15:05,1,1,1,3281.2,0,-39.4,-2082,2536,0,0,0,0,1,2.01,0,509
09-05-2026 15:05,1,1,1,3281.2,0,-39.4,-2082,2536,0,0,0,0,1,2.01,0,509
09-05-2026 15:05,1,1,1,3281.2,0,-39.4,-2082,2536,0,0,0,0,1,2.01,0,509
09-05-2026 15:05,1,1,1,3281.2,0,-39.4,-2082,2536,0,0,0,0,1,2.01,0,509
09-05-2026 15:05,1,1,1,3281.2,0,-39.4,-2082,2536,0,0,0,0,1,2.01,0,509
09-05-2026 15:05,1,1,1,3281.2,0,-39.4,-2082,2536,0,0,0,0,1,2.01,0,509
09-05-2026 15:05,1,1,1,3281.2,0,-39.4,-2082,2536,0,0,0,0,1,2.01,0,509
09-05-2026 15:05,1,1,1,3281.2,0,-39.4,-2082,2536,0,0,0,0,1,2,0,1989
09-05-2026 15:05,1,1,1,3281.2,0,-39.4,-2082,2536,0,0,0,0,1,2,0,1989
09-05-2026 15:05,1,1,1,3281.2,0,-39.4,-2082,2536,0,0,0,0,1,2,0,1721
09-05-2026 15:05,1,1,1,3281.2,0,-39.4,-2082,2536,0,0,0,0,1,2,0,1721
09-05-2026 15:05,1,1,1,3281.2,0,-39.4,-2082,2536,0,0,0,0,1,2.01,0.01,709
09-05-2026 15:05,1,1,1,3281.2,0,-39.4,-2082,2536,0,0,0,0,1,2.01,0.01,709
09-05-2026 15:05,1,1,1,3281.2,0,-39.4,-2082,2536,0,0,0,0,1,2.01,0.01,709
09-05-2026 15:05,1,1,1,3281.2,0,-39.4,-2082,2536,0,0,0,0,1,2.01,0.01,709
09-05-2026 15:05,1,1,1,3281.2,0,-39.4,-2082,2536,0,0,0,0,1,2.01,0.01,709
09-05-2026 15:05,1,1,1,3281.2,0,-39.4,-2082,2536,0,0,0,0,1,2.01,0.01,709
09-05-2026 15:05,1,1,1,3281.2,0,-39.4,-2082,2536,0,0,0,0,1,2.01,0.01,709
09-05-2026 15:05,1,1,1,3281.2,0,-39.4,-2082,2536,0,0,0,0,1,2.01,0.01,709
09-05-2026 15:05,1,1,1,3281.2,0,-39.4,-2082,2536,0,0,0,0,1,2.03,0,290
09-05-2026 15:05,1,1,1,3281.2,0,-39.4,-2082,2536,0,0,0,0,1,2.03,0,290
09-05-2026 15:05,1,1,1,3281.2,0,-39.4,-2082,2536,0,0,0,0,1,2.03,0,290
09-05-2026 15:05,1,1,1,3281.2,0,-39.4,-2082,2536,0,0,0,0,1,2.03,0,290
09-05-2026 15:05,1,1,1,3281.2,0,-39.4,-2082,2536,0,0,0,0,1,2.03,0,290
09-05-2026 15:05,1,1,1,3281.2,0,-39.4,-2082,2536,0,0,0,0,1,2.03,0,290
09-05-2026 15:05,1,1,1,3281.2,0,-39.4,-2082,2536,0,0,0,0,1,2.03,0,290
09-05-2026 15:05,1,1,1,3281.2,0,-39.4,-2082,2536,0,0,0,0,1,2.03,0,290
09-05-2026 15:05,1,1,1,3281.2,0,-39.4,-2082,2536,0,0,0,0,1,2.03,0,290
09-05-2026 15:05,1,1,1,3281.2,0,-39.4,-2082,2536,0,0,0,0,1,2.03,0,290
09-05-2026 15:05,1,1,1,3281.2,0,-39.4,-2082,2536,0,0,0,0,1,2.03,0,290
09-05-2026 15:05,1,1,1,3281.2,0,-39.4,-2082,2536,0,0,0,0,1,2.03,0,290
09-05-2026 15:05,1,1,1,3281.2,0,-39.4,-2082,2536,0,0,0,0,1,2.03,0,290
09-05-2026 15:05,1,1,1,3281.2,0,-39.4,-2082,2536,0,0,0,0,1,2.03,0,290
09-05-2026 15:05,1,1,1,3281.2,0,-39.4,-2082,2536,0,0,0,0,1,2.03,0,290
09-05-2026 15:05,1,1,1,3281.2,0,-39.4,-2082,2536,0,0,0,0,0,0,0,0
09-05-2026 15:05,1,1,1,3281.2,0,-39.4,-2082,2536,0,0,0,0,0,0,0,0
09-05-2026 15:05,1,1,1,3281.2,0,-39.4,-2082,2536,0,0,0,0,0,0,0,0
09-05-2026 15:05,1,1,1,3281.2,0,-39.4,-2082,2536,0,0,0,0,1,2.02,0,520
09-05-2026 15:05,1,1,1,3281.2,0,-39.4,-2082,2536,0,0,0,0,1,2.02,0,520
09-05-2026 15:05,1,1,1,3281.2,0,-39.4,-2082,2536,0,0,0,0,1,2.02,0,520
09-05-2026 15:05,1,1,1,3281.2,0,-39.4,-2082,2536,0,0,0,0,1,2.02,0,520
09-05-2026 15:05,1,1,1,3281.2,0,-39.4,-2082,2536,0,0,0,0,1,2.02,0,520
09-05-2026 15:05,1,1,1,3281.2,0,-39.4,-2082,2536,0,0,0,0,1,2.02,0,520
09-05-2026 15:05,1,1,1,3281.2,0,-39.4,-2082,2536,0,0,0,0,1,2.02,0,520
09-05-2026 15:05,1,1,1,3281.2,0,-39.4,-2082,2536,0,0,0,0,1,2.02,0,520
09-05-2026 15:05,1,1,1,3281.2,0,-39.4,-2082,2536,0,0,0,0,1,2,0,580
09-05-2026 15:05,1,1,1,3281.2,0,-39.4,-2082,2536,0,0,0,0,1,2,0,580
09-05-2026 15:05,1,1,1,3281.2,0,-39.4,-2082,2536,0,0,0,0,1,2,0,580
09-05-2026 15:05,1,1,1,3281.2,0,-39.4,-2082,2536,0,0,0,0,1,2,0,580
09-05-2026 15:05,1,1,1,3281.2,0,-39.4,-2082,2536,0,0,0,0,1,2,0,580
09-05-2026 15:05,1,1,1,3281.2,0,-39.4,-2082,2536,0,0,0,0,1,2,0,580
09-05-2026 15:05,1,1,1,3281.2,0,-39.4,-2082,2536,0,0,0,0,1,2,0,580
09-05-2026 15:05,1,1,1,3281.2,0,-39.4,-2082,2536,0,0,0,0,1,2,0,580
09-05-2026 15:05,1,1,1,3281.2,0,-39.4,-2082,2536,0,0,0,0,1,2.04,0,436
09-05-2026 15:05,1,1,1,3281.2,0,-39.4,-2082,2536,0,0,0,0,1,2.04,0,436
09-05-2026 15:05,1,1,1,3281.2,0,-39.4,-2082,2536,0,0,0,0,1,2.04,0,436
09-05-2026 15:05,1,1,1,3281.2,0,-39.4,-2082,2536,0,0,0,0,1,2.04,0,436
09-05-2026 15:05,1,1,1,3281.2,0,-39.4,-2082,2536,0,0,0,0,1,2.02,0,482
09-05-2026 15:05,1,1,1,3281.2,0,-39.4,-2082,2536,0,0,0,0,1,2.02,0,482
09-05-2026 15:05,1,1,1,3281.2,0,-39.4,-2082,2536,0,0,0,0,1,2.02,0,328
09-05-2026 15:05,1,1,1,3281.2,0,-39.4,-2082,2536,0,0,0,0,1,2.02,0,328
09-05-2026 15:05,1,1,1,3281.2,0,-39.4,-2082,2536,0,0,0,0,1,2.02,0,328
09-05-2026 15:05,1,1,1,3281.2,0,-39.4,-2082,2536,0,0,0,0,1,2.02,0,328
09-05-2026 15:05,1,1,1,3281.2,0,-39.4,-2082,2536,0,0,0,0,1,2.02,0,328
09-05-2026 15:05,1,1,1,3281.2,0,-39.4,-2082,2536,0,0,0,0,1,2.02,0,328
09-05-2026 15:05,1,1,1,3281.2,0,-39.4,-2082,2536,0,0,0,0,1,2.02,0,328
09-05-2026 15:05,1,1,1,3281.2,0,-39.4,-2082,2536,0,0,0,0,1,2.02,0,328
09-05-2026 15:05,1,1,1,3281.2,0,-39.4,-2082,2536,0,0,0,0,1,2.02,0,328
09-05-2026 15:05,1,1,1,3281.2,0,-39.4,-2082,2536,0,0,0,0,1,2.02,0,328
09-05-2026 15:05,1,1,1,3281.2,0,-39.4,-2082,2536,0,0,0,0,1,2.02,0,328
09-05-2026 15:05,1,1,1,3281.2,0,-39.4,-2082,2536,0,0,0,0,1,2.02,0,328
09-05-2026 15:05,1,1,1,3281.2,0,-39.4,-2082,2536,0,0,0,0,1,2.02,0,328
09-05-2026 15:05,1,1,1,3281.2,0,-39.4,-2082,2536,0,0,0,0,1,2.02,0,328
09-05-2026 15:05,1,1,1,3281.2,0,-39.4,-2082,2536,0,0,0,0,1,2.02,0,328
09-05-2026 15:05,1,1,1,3281.2,0,-39.4,-2082,2536,0,0,0,0,0,0,0,0
09-05-2026 15:05,1,1,1,3282.1,0,-39.3,-2081,2538,0,0,0,0,0,0,0,0
09-05-2026 15:05,1,1,1,3282.1,0,-39.3,-2081,2538,0,0,0,0,0,0,0,0
09-05-2026 15:05,1,1,1,3283,0,-39.3,-2080,2540,0,0,0,0,0,0,0,0
09-05-2026 15:05,1,1,1,3283,0,-39.3,-2080,2540,0,0,0,0,0,0,0,0
09-05-2026 15:05,1,1,1,3284.7,0,-39.3,-2079,2543,0,0,0,0,1,2.02,0,424
09-05-2026 15:05,1,1,1,3285.6,0,-39.2,-2078,2545,0,0,0,0,1,2.02,0,424
09-05-2026 15:05,1,1,1,3285.6,0,-39.2,-2078,2545,0,0,0,0,1,2.02,0,424
09-05-2026 15:05,1,1,1,3286.5,0,-39.2,-2077,2547,0,0,0,0,1,2.02,0,424
09-05-2026 15:05,1,1,1,3286.5,0,-39.2,-2077,2547,0,0,0,0,1,2.02,0,424
09-05-2026 15:05,1,1,1,3288.1,0,-39.2,-2077,2549,0,0,0,0,1,2.02,0,424
09-05-2026 15:05,1,1,1,3288.1,0,-39.2,-2077,2549,0,0,0,0,1,2.02,0,424
09-05-2026 15:05,1,1,1,3285.5,0,-39.1,-2073,2549,0,0,0,0,1,2.02,0,424
09-05-2026 15:05,1,1,1,3285.5,0,-39.1,-2073,2549,0,0,0,0,1,2.02,0,424
09-05-2026 15:05,1,1,1,3242.5,0,-38.8,-2033,2526,0,0,0,0,1,2.02,0,424
09-05-2026 15:05,1,1,1,3107.8,0,-38,-1912,2450,0,0,0,0,1,2.02,0,424
09-05-2026 15:05,1,1,1,3107.8,0,-38,-1912,2450,0,0,0,0,1,2.02,0,424
09-05-2026 15:05,1,1,1,2857.3,0,-36.5,-1698,2298,0,0,0,0,1,2.02,0,424
09-05-2026 15:05,1,1,1,2857.3,0,-36.5,-1698,2298,0,0,0,0,1,2.02,0,424
09-05-2026 15:05,1,1,1,2625.6,0,-35,-1507,2150,0,0,0,0,1,2.02,0,424
09-05-2026 15:05,1,1,1,2625.6,0,-35,-1507,2150,0,0,0,0,0,0,0,0
09-05-2026 15:05,1,1,1,2472.6,0,-33.6,-1369,2059,0,0,0,0,0,0,0,0
09-05-2026 15:05,1,1,1,2332.4,0,-32.6,-1258,1964,0,0,0,0,0,0,0,0
09-05-2026 15:05,1,1,1,2332.4,0,-32.6,-1258,1964,0,0,0,0,0,0,0,0
09-05-2026 15:05,1,1,1,2221,0,-31.3,-1155,1897,0,0,0,0,0,0,0,0
09-05-2026 15:05,1,1,1,2221,0,-31.3,-1155,1897,0,0,0,0,0,0,0,0
09-05-2026 15:05,1,1,1,2148,0,-29.7,-1064,1866,0,0,0,0,0,0,0,0
09-05-2026 15:05,1,1,1,2148,0,-29.7,-1064,1866,0,0,0,0,0,0,0,0
09-05-2026 15:05,1,1,1,2088.1,0,-28.3,-989,1839,0,0,0,0,0,0,0,0
09-05-2026 15:05,1,1,1,2088.1,0,-28.3,-989,1839,0,0,0,0,0,0,0,0
09-05-2026 15:05,1,1,1,2034.8,0,-27.7,-947,1801,0,0,0,0,0,0,0,0
09-05-2026 15:05,1,1,1,2014,0,-27.3,-925,1789,0,0,0,0,0,0,0,0
09-05-2026 15:05,1,1,1,2014,0,-27.3,-925,1789,0,0,0,0,0,0,0,0
09-05-2026 15:05,1,1,1,1998.2,0,-26.9,-904,1782,0,0,0,0,0,0,0,0
09-05-2026 15:05,1,1,1,1998.2,0,-26.9,-904,1782,0,0,0,0,0,0,0,0
09-05-2026 15:05,1,1,1,1984.3,0,-26.6,-889,1774,0,0,0,0,0,0,0,0
09-05-2026 15:05,1,1,1,1984.3,0,-26.6,-889,1774,0,0,0,0,0,0,0,0
09-05-2026 15:05,1,1,1,1967.7,0,-26.6,-880,1760,0,0,0,0,0,0,0,0
09-05-2026 15:05,1,1,1,1967.7,0,-26.6,-880,1760,0,0,0,0,0,0,0,0
09-05-2026 15:05,1,1,1,1947.2,0,-26.6,-872,1741,0,0,0,0,0,0,0,0
09-05-2026 15:05,1,1,1,1927.1,0,-26.3,-855,1727,0,0,0,0,0,0,0,0
09-05-2026 15:05,1,1,1,1927.1,0,-26.3,-855,1727,0,0,0,0,0,0,0,0
09-05-2026 15:05,1,1,1,1907,0,-26,-836,1714,0,0,0,0,0,0,0,0
09-05-2026 15:05,1,1,1,1907,0,-26,-836,1714,0,0,0,0,0,0,0,0
09-05-2026 15:05,1,1,1,1905.4,0,-25.6,-824,1718,0,0,0,0,0,0,0,0
09-05-2026 15:05,1,1,1,1905.4,0,-25.6,-824,1718,0,0,0,0,0,0,0,0
09-05-2026 15:05,1,1,1,1906.4,0,-25.5,-820,1721,0,0,0,0,0,0,0,0
09-05-2026 15:05,1,1,1,1906.9,0,-25.3,-815,1724,0,0,0,0,0,0,0,0
09-05-2026 15:05,1,1,1,1906.9,0,-25.3,-815,1724,0,0,0,0,0,0,0,0
09-05-2026 15:05,1,1,1,1907.9,0,-25.2,-811,1727,0,0,0,0,0,0,0,0
09-05-2026 15:05,1,1,1,1907.9,0,-25.2,-811,1727,0,0,0,0,0,0,0,0
09-05-2026 15:05,1,1,1,1908.1,0,-25,-807,1729,0,0,0,0,0,0,0,0
09-05-2026 15:05,1,1,1,1908.1,0,-25,-807,1729,0,0,0,0,0,0,0,0
09-05-2026 15:05,1,1,1,1905.5,0,-24.9,-803,1728,0,0,0,0,0,0,0,0
09-05-2026 15:05,1,1,1,1905.5,0,-24.9,-803,1728,0,0,0,0,0,0,0,0
09-05-2026 15:05,1,1,1,1905.1,0,-24.8,-800,1729,0,0,0,0,0,0,0,0
09-05-2026 15:05,1,1,1,1907.4,0,-24.8,-799,1732,0,0,0,0,0,0,0,0
09-05-2026 15:05,1,1,1,1907.4,0,-24.8,-799,1732,0,0,0,0,0,0,0,0
09-05-2026 15:05,1,1,1,1909.3,0,-24.7,-797,1735,0,0,0,0,0,0,0,0
09-05-2026 15:05,1,1,1,1909.3,0,-24.7,-797,1735,0,0,0,0,0,0,0,0
09-05-2026 15:05,1,1,1,1911.2,0,-24.6,-795,1738,0,0,0,0,0,0,0,0
09-05-2026 15:05,1,1,1,1911.2,0,-24.6,-795,1738,0,0,0,0,0,0,0,0
09-05-2026 15:05,1,1,1,1911.4,0,-24.4,-791,1740,0,0,0,0,0,0,0,0
09-05-2026 15:05,1,1,1,1908.8,0,-24.3,-787,1739,0,0,0,0,0,0,0,0
09-05-2026 15:05,1,1,1,1908.8,0,-24.3,-787,1739,0,0,0,0,0,0,0,0
09-05-2026 15:05,1,1,1,1906.2,0,-24.3,-783,1738,0,0,0,0,0,0,0,0
09-05-2026 15:05,1,1,1,1906.2,0,-24.3,-783,1738,0,0,0,0,0,0,0,0
09-05-2026 15:05,1,1,1,1902.8,0,-24.2,-779,1736,0,0,0,0,0,0,0,0
09-05-2026 15:05,1,1,1,1902.8,0,-24.2,-779,1736,0,0,0,0,0,0,0,0
09-05-2026 15:05,1,1,1,1900.5,8,-24.2,-778,1734,0,0,0,0,0,0,0,0
09-05-2026 15:05,1,1,1,1900.5,8,-24.2,-778,1734,0,0,0,0,0,0,0,0
09-05-2026 15:05,1,1,1,1901.1,0,-24.1,-775,1736,0,0,0,0,0,0,0,0
09-05-2026 15:05,1,1,1,1898.6,0,-24,-771,1735,0,0,0,0,0,0,0,0
09-05-2026 15:05,1,1,1,1898.6,0,-24,-771,1735,0,0,0,0,0,0,0,0
09-05-2026 15:05,1,1,1,1899.7,0,-23.8,-767,1738,0,0,0,0,0,0,0,0
09-05-2026 15:05,1,1,1,1899.7,0,-23.8,-767,1738,0,0,0,0,0,0,0,0
09-05-2026 15:05,1,1,1,1906.8,0,-23.6,-764,1747,0,0,0,0,0,0,0,0
09-05-2026 15:05,1,1,1,1906.8,0,-23.6,-764,1747,0,0,0,0,0,0,0,0
09-05-2026 15:05,1,1,1,1910.1,0,-23.5,-761,1752,0,0,0,0,0,0,0,0
09-05-2026 15:05,1,1,1,1909.5,0,-23.4,-757,1753,0,0,0,0,0,0,0,0
09-05-2026 15:05,1,1,1,1909.5,0,-23.4,-757,1753,0,0,0,0,0,0,0,0
09-05-2026 15:05,1,1,1,1905.8,0,-23.2,-750,1752,0,0,0,0,0,0,0,0
09-05-2026 15:05,1,1,1,1905.8,0,-23.2,-750,1752,0,0,0,0,0,0,0,0
09-05-2026 15:05,1,1,1,1903.4,0,-23,-744,1752,0,0,0,0,0,0,0,0
09-05-2026 15:05,1,1,1,1903.4,0,-23,-744,1752,0,0,0,0,0,0,0,0
09-05-2026 15:05,1,1,1,1899.8,0,-22.8,-737,1751,0,0,0,0,0,0,0,0
09-05-2026 15:05,1,1,1,1899.8,0,-22.8,-737,1751,0,0,0,0,0,0,0,0
09-05-2026 15:05,1,1,1,1897.1,0,-22.6,-730,1751,0,0,0,0,0,0,0,0
09-05-2026 15:05,1,1,1,1894.8,0,-22.5,-724,1751,0,0,0,0,0,0,0,0
09-05-2026 15:05,1,1,1,1894.8,0,-22.5,-724,1751,0,0,0,0,1,2.01,0.01,389
09-05-2026 15:05,1,1,1,1893.3,0,-22.4,-720,1751,0,0,0,0,1,2.01,0.01,389
09-05-2026 15:05,1,1,1,1893.3,0,-22.4,-720,1751,0,0,0,0,1,2,0.01,848
09-05-2026 15:05,1,1,1,1893.4,0,-22.3,-718,1752,0,0,0,0,1,2,0.01,848
09-05-2026 15:05,1,1,1,1893.4,0,-22.3,-718,1752,0,0,0,0,1,2,0.01,1060
09-05-2026 15:05,1,1,1,1893.6,0,-22.2,-716,1753,0,0,0,0,1,2,0.01,1060
09-05-2026 15:05,1,1,1,1893.8,0,-22.1,-714,1754,0,0,0,0,1,2,0,3061
09-05-2026 15:05,1,1,1,1893.8,0,-22.1,-714,1754,0,0,0,0,1,2,0,3061
09-05-2026 15:05,1,1,1,1892.1,0,-22.1,-712,1753,0,0,0,0,1,2,0,841
09-05-2026 15:05,1,1,1,1892.1,0,-22.1,-712,1753,0,0,0,0,1,2,0,841
09-05-2026 15:05,1,1,1,1892.1,0,-22.1,-712,1753,0,0,0,0,1,2,0,841
09-05-2026 15:05,1,1,1,1892.1,0,-22.1,-712,1753,0,0,0,0,1,2,0,841
09-05-2026 15:05,1,1,1,1891,0,-22.2,-714,1751,0,0,0,0,1,2,0,298
09-05-2026 15:05,1,1,1,1891,0,-22.2,-714,1751,0,0,0,0,1,2,0,298
09-05-2026 15:05,1,1,1,1891.4,0,-22.2,-715,1751,0,0,0,0,1,2,0,298
09-05-2026 15:05,1,1,1,1892.3,0,-22.2,-715,1752,0,0,0,0,1,2,0,298
09-05-2026 15:05,1,1,1,1892.3,0,-22.2,-715,1752,0,0,0,0,1,2,0,298
09-05-2026 15:05,1,1,1,1892.8,0,-22.2,-714,1753,0,0,0,0,1,2,0,298
09-05-2026 15:05,1,1,1,1892.8,0,-22.2,-714,1753,0,0,0,0,1,2,0,298
09-05-2026 15:05,1,1,1,1894.7,0,-22.1,-714,1755,0,0,0,0,1,2,0,298
09-05-2026 15:05,1,1,1,1894.7,0,-22.1,-714,1755,0,0,0,0,1,2,0,298
09-05-2026 15:05,1,1,1,1896.2,0,-22.1,-713,1757,0,0,0,0,1,2,0,298
09-05-2026 15:05,1,1,1,1896.7,0,-22,-712,1758,0,0,0,0,1,2,0,298
09-05-2026 15:05,1,1,1,1896.7,0,-22,-712,1758,0,0,0,0,1,2,0,298
09-05-2026 15:05,1,1,1,1897.3,0,-22,-711,1759,0,0,0,0,1,2,0,298
09-05-2026 15:05,1,1,1,1897.3,0,-22,-711,1759,0,0,0,0,1,2,0,298
09-05-2026 15:05,1,1,1,1896,0,-22,-710,1758,0,0,0,0,1,2,0,298
09-05-2026 15:05,1,1,1,1896,0,-22,-710,1758,0,0,0,0,0,0,0,0
09-05-2026 15:05,1,1,1,1894.1,0,-22,-710,1756,0,0,0,0,0,0,0,0
09-05-2026 15:05,1,1,1,1894.1,0,-22,-710,1756,0,0,0,0,0,0,0,0
09-05-2026 15:05,1,1,1,1892.3,0,-22,-710,1754,0,0,0,0,0,0,0,0
09-05-2026 15:05,1,1,1,1891.5,0,-22,-708,1754,0,0,0,0,0,0,0,0
09-05-2026 15:05,1,1,1,1891.5,0,-22,-708,1754,0,0,0,0,0,0,0,0
09-05-2026 15:05,1,1,1,1891.7,0,-21.9,-706,1755,0,0,0,0,0,0,0,0
09-05-2026 15:05,1,1,1,1891.7,0,-21.9,-706,1755,0,0,0,0,0,0,0,0
09-05-2026 15:05,1,1,1,1891.1,0,-21.8,-702,1756,0,0,0,0,0,0,0,0
09-05-2026 15:05,1,1,1,1891.1,0,-21.8,-702,1756,0,0,0,0,0,0,0,0
09-05-2026 15:05,1,1,1,1888.3,0,-21.8,-702,1753,0,0,0,0,0,0,0,0
09-05-2026 15:05,1,1,1,1888.3,0,-21.8,-702,1753,0,0,0,0,1,1.03,-0.2,221
09-05-2026 15:05,1,1,1,1888.2,0,-22.1,-709,1750,0,0,0,0,1,1.03,-0.2,221
09-05-2026 15:05,1,1,1,1887.7,0,-22.3,-715,1747,0,0,0,0,1,1.01,-0.2,221
09-05-2026 15:05,1,1,1,1887.7,0,-22.3,-715,1747,0,0,0,0,1,1.01,-0.2,221
09-05-2026 15:05,1,1,1,1885.8,0,-22.3,-715,1745,0,0,0,0,1,1.01,-0.2,221
09-05-2026 15:05,1,1,1,1885.8,0,-22.3,-715,1745,0,0,0,0,1,1.01,-0.2,221
09-05-2026 15:05,1,1,1,1883.2,0,-22.4,-718,1741,0,0,0,0,1,1.01,-0.2,221
09-05-2026 15:05,1,1,1,1883.2,0,-22.4,-718,1741,0,0,0,0,1,1.01,-0.2,221
09-05-2026 15:05,1,1,1,1883.6,0,-22.4,-719,1741,0,0,0,0,1,1.01,-0.2,221
09-05-2026 15:05,1,1,1,1883.4,0,-22.3,-716,1742,0,0,0,0,1,1.01,-0.2,221
09-05-2026 15:05,1,1,1,1883.4,0,-22.3,-716,1742,0,0,0,0,1,1.01,-0.2,221
09-05-2026 15:05,1,1,1,1883.2,0,-22.2,-713,1743,0,0,0,0,1,1.01,-0.2,221
09-05-2026 15:05,1,1,1,1883.2,0,-22.2,-713,1743,0,0,0,0,1,1.01,-0.2,221
09-05-2026 15:05,1,1,1,1882.6,0,-22.1,-709,1744,0,0,0,0,1,1.01,-0.2,221
09-05-2026 15:05,1,1,1,1882.6,0,-22.1,-709,1744,0,0,0,0,1,1.01,-0.2,221
09-05-2026 15:05,1,1,1,1879.3,0,-22,-705,1742,0,0,0,0,0,0,0,0
09-05-2026 15:05,1,1,1,1879.3,0,-22,-705,1742,0,0,0,0,0,0,0,0
09-05-2026 15:05,1,1,1,1874.8,0,-22,-703,1738,0,0,0,0,0,0,0,0
09-05-2026 15:05,1,1,1,1870.7,0,-22,-702,1734,0,0,0,0,0,0,0,0
09-05-2026 15:05,1,1,1,1870.7,0,-22,-702,1734,0,0,0,0,0,0,0,0
09-05-2026 15:05,1,1,1,1871.1,0,-22.1,-703,1734,0,0,0,0,0,0,0,0
09-05-2026 15:05,1,1,1,1871.1,0,-22.1,-703,1734,0,0,0,0,0,0,0,0
09-05-2026 15:05,1,1,1,1870.7,0,-22,-702,1734,0,0,0,0,0,0,0,0
09-05-2026 15:05,1,1,1,1870.7,0,-22,-702,1734,0,0,0,0,0,0,0,0
09-05-2026 15:05,1,1,1,1874.2,0,-21.9,-699,1739,0,0,0,0,0,0,0,0
09-05-2026 15:05,1,1,1,1874.8,0,-21.7,-693,1742,0,0,0,0,0,0,0,0
09-05-2026 15:05,1,1,1,1874.8,0,-21.7,-693,1742,0,0,0,0,1,0.99,-0.15,778
09-05-2026 15:05,1,1,1,1876.8,0,-21.6,-691,1745,0,0,0,0,1,0.99,-0.15,778
09-05-2026 15:05,1,1,1,1876.8,0,-21.6,-691,1745,0,0,0,0,1,0.97,-0.15,778
09-05-2026 15:05,1,1,1,1876.1,0,-21.5,-689,1745,0,0,0,0,1,0.97,-0.15,778
09-05-2026 15:05,1,1,1,1876.1,0,-21.5,-689,1745,0,0,0,0,1,0.97,-0.15,778
09-05-2026 15:05,1,1,1,1877.2,0,-21.5,-687,1747,0,0,0,0,1,0.97,-0.15,778
09-05-2026 15:05,1,1,1,1877.2,0,-21.5,-687,1747,0,0,0,0,1,0.97,-0.15,778
09-05-2026 15:05,1,1,1,1881.5,0,-21.4,-686,1752,0,0,0,0,1,0.97,-0.15,778
09-05-2026 15:05,1,1,1,1880.9,0,-21.4,-687,1751,0,0,0,0,1,0.97,-0.15,778
09-05-2026 15:05,1,1,1,1880.9,0,-21.4,-687,1751,0,0,0,0,1,0.97,-0.15,778
09-05-2026 15:05,1,1,1,1882.2,0,-21.4,-688,1752,0,0,0,0,1,0.97,-0.15,778
09-05-2026 15:05,1,1,1,1882.2,0,-21.4,-688,1752,0,0,0,0,1,0.97,-0.15,778
09-05-2026 15:05,1,1,1,1881.3,0,-21.5,-688,1751,0,0,0,0,1,0.97,-0.15,778
09-05-2026 15:05,1,1,1,1881.3,0,-21.5,-688,1751,0,0,0,0,1,0.97,-0.15,778
09-05-2026 15:05,1,1,1,1880,0,-21.6,-692,1748,0,0,0,0,1,0.97,-0.15,778
09-05-2026 15:05,1,1,1,1881.5,0,-21.7,-696,1748,0,0,0,0,0,0,0,0
09-05-2026 15:05,1,1,1,1881.5,0,-21.7,-696,1748,0,0,0,0,0,0,0,0
09-05-2026 15:05,1,1,1,1885,0,-21.7,-698,1751,0,0,0,0,0,0,0,0
09-05-2026 15:05,1,1,1,1885,0,-21.7,-698,1751,0,0,0,0,0,0,0,0
09-05-2026 15:05,1,1,1,1888.2,0,-21.7,-699,1754,0,0,0,0,0,0,0,0
09-05-2026 15:05,1,1,1,1888.2,0,-21.7,-699,1754,0,0,0,0,1,2.03,0,338
09-05-2026 15:05,1,1,1,1888.3,0,-21.7,-697,1755,0,0,0,0,1,2.03,0,338
09-05-2026 15:05,1,1,1,1888.3,0,-21.7,-697,1755,0,0,0,0,1,2.01,0,305
09-05-2026 15:05,1,1,1,1889.5,0,-21.6,-695,1757,0,0,0,0,1,2.01,0,305
09-05-2026 15:05,1,1,1,1887.2,0,-21.6,-694,1755,0,0,0,0,1,2.01,0,449
09-05-2026 15:05,1,1,1,1887.2,0,-21.6,-694,1755,0,0,0,0,1,2.01,0,449
09-05-2026 15:05,1,1,1,1884.8,0,-21.5,-690,1754,0,0,0,0,1,2.01,0,466
09-05-2026 15:05,1,1,1,1884.8,0,-21.5,-690,1754,0,0,0,0,1,2.01,0,466
09-05-2026 15:05,1,1,1,1881.9,0,-21.2,-682,1754,0,0,0,0,1,2.01,0,466
09-05-2026 15:05,1,1,1,1881.9,0,-21.2,-682,1754,0,0,0,0,1,2.01,0,466
09-05-2026 15:05,1,1,1,1878.5,0,-21.1,-675,1753,0,0,0,0,1,2.01,0,466
09-05-2026 15:05,1,1,1,1878.3,0,-21,-672,1754,0,0,0,0,1,2.01,0,466
09-05-2026 15:05,1,1,1,1878.3,0,-21,-672,1754,0,0,0,0,1,2.01,0,466
09-05-2026 15:05,1,1,1,1880.8,0,-20.9,-671,1757,0,0,0,0,1,2.01,0,466
09-05-2026 15:05,1,1,1,1880.8,0,-20.9,-671,1757,0,0,0,0,1,2.01,0,466
09-05-2026 15:05,1,1,1,1881.9,0,-20.8,-669,1759,0,0,0,0,1,2.01,0,466
09-05-2026 15:05,1,1,1,1881.9,0,-20.8,-669,1759,0,0,0,0,1,2.01,0,466
09-05-2026 15:05,1,1,1,1880.4,0,-20.9,-670,1757,0,0,0,0,1,2.01,0,466
09-05-2026 15:05,1,1,1,1880.4,0,-20.9,-670,1757,0,0,0,0,1,2.01,0,466
09-05-2026 15:05,1,1,1,1880.1,0,-20.8,-669,1757,0,0,0,0,1,2.01,0,466
09-05-2026 15:05,1,1,1,1877.5,0,-20.8,-667,1755,0,0,0,0,1,2.01,0,466
09-05-2026 15:05,1,1,1,1877.5,0,-20.8,-667,1755,0,0,0,0,0,0,0,0
09-05-2026 15:05,1,1,1,1875.8,0,-20.8,-665,1754,0,0,0,0,0,0,0,0
09-05-2026 15:05,1,1,1,1875.8,0,-20.8,-665,1754,0,0,0,0,0,0,0,0
09-05-2026 15:05,1,1,1,1875.3,0,-20.8,-666,1753,0,0,0,0,0,0,0,0
09-05-2026 15:05,1,1,1,1875.3,0,-20.8,-666,1753,0,0,0,0,0,0,0,0
09-05-2026 15:05,1,1,1,1878.8,0,-20.8,-668,1756,0,0,0,0,0,0,0,0
09-05-2026 15:05,1,1,1,1882.3,0,-20.9,-670,1759,0,0,0,0,0,0,0,0
09-05-2026 15:05,1,1,1,1882.3,0,-20.9,-670,1759,0,0,0,0,0,0,0,0
09-05-2026 15:05,1,1,1,1886,0,-20.8,-670,1763,0,0,0,0,0,0,0,0
09-05-2026 15:05,1,1,1,1886,0,-20.8,-670,1763,0,0,0,0,0,0,0,0
09-05-2026 15:05,1,1,1,1890.3,0,-20.7,-669,1768,0,0,0,0,0,0,0,0
09-05-2026 15:05,1,1,1,1890.3,0,-20.7,-669,1768,0,0,0,0,0,0,0,0
09-05-2026 15:05,1,1,1,1897.5,0,-20.6,-668,1776,0,0,0,0,0,0,0,0
09-05-2026 15:05,1,1,1,1897.5,0,-20.6,-668,1776,0,0,0,0,0,0,0,0
09-05-2026 15:05,1,1,1,1905.5,0,-20.5,-667,1785,0,0,0,0,0,0,0,0
09-05-2026 15:05,1,1,1,1912.6,0,-20.5,-671,1791,0,0,0,0,0,0,0,0
09-05-2026 15:05,1,1,1,1912.6,0,-20.5,-671,1791,0,0,0,0,0,0,0,0
09-05-2026 15:05,1,1,1,1914,0,-20.7,-675,1791,0,0,0,0,0,0,0,0
09-05-2026 15:05,1,1,1,1914,0,-20.7,-675,1791,0,0,0,0,0,0,0,0
09-05-2026 15:05,1,1,1,1912.8,0,-20.7,-677,1789,0,0,0,0,0,0,0,0
09-05-2026 15:05,1,1,1,1912.8,0,-20.7,-677,1789,0,0,0,0,0,0,0,0
09-05-2026 15:05,1,1,1,1912.6,0,-20.8,-679,1788,0,0,0,0,0,0,0,0
09-05-2026 15:05,1,1,1,1912.6,0,-20.8,-679,1788,0,0,0,0,0,0,0,0
09-05-2026 15:05,1,1,1,1916.1,0,-20.8,-681,1791,0,0,0,0,0,0,0,0
09-05-2026 15:05,1,1,1,1918.9,0,-20.8,-681,1794,0,0,0,0,0,0,0,0
09-05-2026 15:05,1,1,1,1918.9,0,-20.8,-681,1794,0,0,0,0,0,0,0,0
09-05-2026 15:05,1,1,1,1921.4,0,-20.7,-680,1797,0,0,0,0,0,0,0,0
09-05-2026 15:05,1,1,1,1921.4,0,-20.7,-680,1797,0,0,0,0,0,0,0,0
09-05-2026 15:05,1,1,1,1920.6,0,-20.7,-678,1797,0,0,0,0,0,0,0,0
09-05-2026 15:05,1,1,1,1920.6,0,-20.7,-678,1797,0,0,0,0,1,2.02,0,450
09-05-2026 15:05,1,1,1,1920.4,0,-20.5,-672,1799,0,0,0,0,1,2.02,0,450
09-05-2026 15:05,1,1,1,1918.6,0,-20.2,-664,1800,0,0,0,0,1,2.02,0,450
09-05-2026 15:05,1,1,1,1918.6,0,-20.2,-664,1800,0,0,0,0,1,2.02,0,450
09-05-2026 15:05,1,1,1,1915.4,0,-19.9,-652,1801,0,0,0,0,1,2.02,0,450
09-05-2026 15:05,1,1,1,1915.4,0,-19.9,-652,1801,0,0,0,0,1,2.02,0,450
09-05-2026 15:05,1,1,1,1911.6,0,-19.5,-638,1802,0,0,0,0,1,2.02,0,450
09-05-2026 15:05,1,1,1,1911.6,0,-19.5,-638,1802,0,0,0,0,1,2.02,0,450
09-05-2026 15:05,1,1,1,1909.5,0,-19.1,-626,1804,0,0,0,0,1,2.02,0,450
09-05-2026 15:05,1,1,1,1909.5,0,-19.1,-626,1804,0,0,0,0,1,2.02,0,450
09-05-2026 15:05,1,1,1,1905.7,0,-19,-620,1802,0,0,0,0,1,2.02,0,450
09-05-2026 15:05,1,1,1,1904.4,0,-19.1,-622,1800,0,0,0,0,1,2.02,0,450
09-05-2026 15:05,1,1,1,1904.4,0,-19.1,-622,1800,0,0,0,0,1,2.02,0,450
09-05-2026 15:05,1,1,1,1904.2,0,-19.2,-627,1798,0,0,0,0,1,2.02,0,450
09-05-2026 15:05,1,1,1,1904.2,0,-19.2,-627,1798,0,0,0,0,1,2.02,0,450
09-05-2026 15:05,1,1,1,1906.2,0,-19.5,-636,1797,0,0,0,0,0,0,0,0
09-05-2026 15:05,1,1,1,1906.2,0,-19.5,-636,1797,0,0,0,0,0,0,0,0
09-05-2026 15:05,1,1,1,1903.1,0,-19.6,-638,1793,0,0,0,0,0,0,0,0
09-05-2026 15:05,1,1,1,1901.2,0,-19.6,-638,1791,0,0,0,0,0,0,0,0
09-05-2026 15:05,1,1,1,1901.2,0,-19.6,-638,1791,0,0,0,0,0,0,0,0
09-05-2026 15:05,1,1,1,1899.7,0,-19.7,-639,1789,0,0,0,0,0,0,0,0
09-05-2026 15:05,1,1,1,1899.7,0,-19.7,-639,1789,0,0,0,0,0,0,0,0
09-05-2026 15:05,1,1,1,1899.4,0,-19.7,-641,1788,0,0,0,0,0,0,0,0
09-05-2026 15:05,1,1,1,1899.4,0,-19.7,-641,1788,0,0,0,0,0,0,0,0
09-05-2026 15:05,1,1,1,1901.7,0,-19.8,-645,1789,0,0,0,0,0,0,0,0
09-05-2026 15:05,1,1,1,1901.7,0,-19.8,-645,1789,0,0,0,0,0,0,0,0
09-05-2026 15:05,1,1,1,1904,0,-19.9,-649,1790,0,0,0,0,0,0,0,0
09-05-2026 15:05,1,1,1,1910.7,0,-20,-652,1796,0,0,0,0,0,0,0,0
09-05-2026 15:05,1,1,1,1910.7,0,-20,-652,1796,0,0,0,0,0,0,0,0
09-05-2026 15:05,1,1,1,1915.1,0,-20,-654,1800,0,0,0,0,0,0,0,0
09-05-2026 15:05,1,1,1,1915.1,0,-20,-654,1800,0,0,0,0,0,0,0,0
09-05-2026 15:05,1,1,1,1925,0,-20,-658,1809,0,0,0,0,0,0,0,0
09-05-2026 15:05,1,1,1,1925,0,-20,-658,1809,0,0,0,0,0,0,0,0
09-05-2026 15:05,1,1,1,1927.5,0,-20,-660,1811,0,0,0,0,0,0,0,0
09-05-2026 15:05,1,1,1,1925.4,0,-20.1,-662,1808,0,0,0,0,0,0,0,0
09-05-2026 15:05,1,1,1,1925.4,0,-20.1,-662,1808,0,0,0,0,0,0,0,0
09-05-2026 15:05,1,1,1,1923.9,0,-20.2,-663,1806,0,0,0,0,0,0,0,0
09-05-2026 15:05,1,1,1,1923.9,0,-20.2,-663,1806,0,0,0,0,0,0,0,0
09-05-2026 15:05,1,1,1,1926.1,0,-20.2,-664,1808,0,0,0,0,0,0,0,0
09-05-2026 15:05,1,1,1,1926.1,0,-20.2,-664,1808,0,0,0,0,0,0,0,0
09-05-2026 15:05,1,1,1,1931.6,0,-20.3,-669,1812,0,0,0,0,0,0,0,0
09-05-2026 15:05,1,1,1,1931.6,0,-20.3,-669,1812,0,0,0,0,0,0,0,0
09-05-2026 15:05,1,1,1,1941.2,0,-20.4,-678,1819,0,0,0,0,0,0,0,0
09-05-2026 15:05,1,1,1,1950,0,-20.6,-687,1825,0,0,0,0,0,0,0,0
09-05-2026 15:05,1,1,1,1950,0,-20.6,-687,1825,0,0,0,0,0,0,0,0
09-05-2026 15:05,1,1,1,1955.3,0,-20.8,-694,1828,0,0,0,0,0,0,0,0
09-05-2026 15:05,1,1,1,1955.3,0,-20.8,-694,1828,0,0,0,0,0,0,0,0
09-05-2026 15:05,1,1,1,1953.6,0,-20.9,-697,1825,0,0,0,0,0,0,0,0
09-05-2026 15:05,1,1,1,1953.6,0,-20.9,-697,1825,0,0,0,0,0,0,0,0
09-05-2026 15:05,1,1,1,1947.7,0,-21,-699,1818,0,0,0,0,0,0,0,0
09-05-2026 15:05,1,1,1,1944,0,-21.1,-699,1814,0,0,0,0,0,0,0,0
09-05-2026 15:05,1,1,1,1944,0,-21.1,-699,1814,0,0,0,0,0,0,0,0
09-05-2026 15:05,1,1,1,1940.1,0,-21,-696,1811,0,0,0,0,1,2,0,4616
09-05-2026 15:05,1,1,1,1940.1,0,-21,-696,1811,0,0,0,0,1,2,0,4616
09-05-2026 15:05,1,1,1,1938.5,0,-21,-694,1810,1,2,0,4616,1,2,0,4616
09-05-2026 15:05,1,1,1,1938.5,0,-21,-694,1810,1,2,0,4616,1,2,0,4616
09-05-2026 15:05,1,1,1,1936.8,0,-20.9,-692,1809,1,2,0,6500,1,2,0,6500
09-05-2026 15:05,1,1,1,1936.8,0,-20.9,-692,1809,1,2,0,6500,1,2,0,6500
09-05-2026 15:05,1,1,1,1936.1,0,-20.9,-690,1809,1,2,0,370,1,2,0,370
09-05-2026 15:05,1,1,1,1934.5,0,-20.8,-688,1808,1,2,0,370,1,2,0,370
09-05-2026 15:05,1,1,1,1934.5,0,-20.8,-688,1808,1,2,0,3986,1,2,0,3986
09-05-2026 15:05,1,1,1,1934.1,0,-20.8,-687,1808,1,2,0,3986,1,2,0,3986
09-05-2026 15:05,1,1,1,1934.1,0,-20.8,-687,1808,1,2,0,3986,1,2,0,3986
09-05-2026 15:05,1,1,1,1932.6,0,-20.9,-688,1806,1,2,0,3986,1,2,0,3986
09-05-2026 15:05,1,1,1,1932.6,0,-20.9,-688,1806,1,2,0,512,1,2,0,512
09-05-2026 15:05,1,1,1,1934.6,0,-20.9,-691,1807,1,2,0,512,1,2,0,512
09-05-2026 15:05,1,1,1,1932.7,0,-20.9,-691,1805,1,2,0,689,1,2,0,689
09-05-2026 15:05,1,1,1,1932.7,0,-20.9,-691,1805,1,2,0,689,1,2,0,689
09-05-2026 15:05,1,1,1,1930.9,0,-21,-691,1803,1,2.01,0,269,1,2.01,0,269
09-05-2026 15:05,1,1,1,1930.9,0,-21,-691,1803,0,0,0,0,1,2.01,0,269
09-05-2026 15:05,1,1,1,1927.6,0,-21.1,-695,1798,0,0,0,0,1,2.01,0,269
09-05-2026 15:05,1,1,1,1927.6,0,-21.1,-695,1798,0,0,0,0,1,2.01,0,269
09-05-2026 15:05,1,1,1,1925.9,0,-21.2,-698,1795,0,0,0,0,1,2.01,0,269
09-05-2026 15:05,1,1,1,1925.9,0,-21.2,-698,1795,0,0,0,0,1,2.01,0,269
09-05-2026 15:05,1,1,1,1923.1,0,-21.3,-698,1792,0,0,0,0,1,2.01,0,269
09-05-2026 15:05,1,1,1,1921.5,0,-21.2,-696,1791,0,0,0,0,1,2.01,0,269
09-05-2026 15:05,1,1,1,1921.5,0,-21.2,-696,1791,0,0,0,0,1,2.01,0,269
09-05-2026 15:05,1,1,1,1923.4,0,-21.1,-691,1795,0,0,0,0,1,2.01,0,269
09-05-2026 15:05,1,1,1,1923.4,0,-21.1,-691,1795,0,0,0,0,1,2.01,0,269
09-05-2026 15:05,1,1,1,1930.5,0,-20.7,-682,1806,0,0,0,0,1,2.01,0,269
09-05-2026 15:05,1,1,1,1930.5,0,-20.7,-682,1806,0,0,0,0,1,2.01,0,269
09-05-2026 15:05,1,1,1,1950.1,0,-19.8,-660,1835,0,0,0,0,1,2.01,0,269
09-05-2026 15:05,1,1,1,1950.1,0,-19.8,-660,1835,0,0,0,0,1,2.01,0,269
09-05-2026 15:05,1,1,1,1963.7,0,-19.2,-647,1854,0,0,0,0,0,0,0,0
09-05-2026 15:05,1,1,1,1955.9,0,-18.9,-632,1851,0,0,0,0,0,0,0,0
09-05-2026 15:05,1,1,1,1955.9,0,-18.9,-632,1851,0,0,0,0,0,0,0,0
09-05-2026 15:05,1,1,1,1951.2,0,-18.9,-632,1846,0,0,0,0,0,0,0,0
09-05-2026 15:05,1,1,1,1951.2,0,-18.9,-632,1846,0,0,0,0,0,0,0,0
09-05-2026 15:05,1,1,1,1944.3,0,-19,-634,1838,0,0,0,0,0,0,0,0
09-05-2026 15:05,1,1,1,1944.3,0,-19,-634,1838,0,0,0,0,0,0,0,0
09-05-2026 15:05,1,1,1,1938,0,-19.2,-638,1830,0,0,0,0,0,0,0,0
09-05-2026 15:05,1,1,1,1936.6,0,-19.5,-645,1826,0,0,0,0,0,0,0,0
09-05-2026 15:05,1,1,1,1936.6,0,-19.5,-645,1826,0,0,0,0,0,0,0,0
09-05-2026 15:05,1,1,1,1937,0,-19.6,-649,1825,0,0,0,0,0,0,0,0
09-05-2026 15:05,1,1,1,1937,0,-19.6,-649,1825,0,0,0,0,0,0,0,0
09-05-2026 15:05,1,1,1,1937.6,0,-19.5,-648,1826,0,0,0,0,0,0,0,0
09-05-2026 15:05,1,1,1,1937.6,0,-19.5,-648,1826,0,0,0,0,0,0,0,0
09-05-2026 15:05,1,1,1,1937.8,0,-19.5,-646,1827,0,0,0,0,0,0,0,0
09-05-2026 15:05,1,1,1,1937.8,0,-19.5,-646,1827,0,0,0,0,0,0,0,0
09-05-2026 15:05,1,1,1,1937.8,0,-19.4,-643,1828,0,0,0,0,0,0,0,0
09-05-2026 15:05,1,1,1,1936.8,0,-19.4,-643,1827,0,0,0,0,0,0,0,0
09-05-2026 15:05,1,1,1,1936.8,0,-19.4,-643,1827,0,0,0,0,0,0,0,0
09-05-2026 15:05,1,1,1,1940,0,-19.4,-644,1830,0,0,0,0,0,0,0,0
09-05-2026 15:05,1,1,1,1940,0,-19.4,-644,1830,0,0,0,0,0,0,0,0
09-05-2026 15:05,1,1,1,1944.4,0,-19.4,-646,1834,0,0,0,0,0,0,0,0
09-05-2026 15:05,1,1,1,1944.4,0,-19.4,-646,1834,0,0,0,0,0,0,0,0
09-05-2026 15:05,1,1,1,1948.7,0,-19.6,-653,1836,0,0,0,0,0,0,0,0
09-05-2026 15:05,1,1,1,1952.6,0,-19.8,-662,1837,0,0,0,0,0,0,0,0
09-05-2026 15:05,1,1,1,1952.6,0,-19.8,-662,1837,0,0,0,0,0,0,0,0
09-05-2026 15:05,1,1,1,1954.3,0,-19.9,-664,1838,0,0,0,0,0,0,0,0
09-05-2026 15:05,1,1,1,1954.3,0,-19.9,-664,1838,0,0,0,0,0,0,0,0
09-05-2026 15:05,1,1,1,1956.7,0,-19.8,-663,1841,0,0,0,0,0,0,0,0
09-05-2026 15:05,1,1,1,1956.7,0,-19.8,-663,1841,0,0,0,0,0,0,0,0
09-05-2026 15:05,1,1,1,1958.3,0,-19.8,-662,1843,0,0,0,0,0,0,0,0
09-05-2026 15:05,1,1,1,1958.3,0,-19.8,-662,1843,0,0,0,0,0,0,0,0
09-05-2026 15:05,1,1,1,1959.9,0,-19.8,-664,1844,0,0,0,0,0,0,0,0
09-05-2026 15:05,1,1,1,1960.5,0,-19.8,-663,1845,0,0,0,0,0,0,0,0
09-05-2026 15:05,1,1,1,1960.5,0,-19.8,-663,1845,0,0,0,0,0,0,0,0
09-05-2026 15:05,1,1,1,1955.1,0,-19.7,-658,1841,0,0,0,0,0,0,0,0
09-05-2026 15:05,1,1,1,1955.1,0,-19.7,-658,1841,0,0,0,0,0,0,0,0
09-05-2026 15:05,1,1,1,1946.8,0,-19.7,-656,1833,0,0,0,0,0,0,0,0
09-05-2026 15:05,1,1,1,1946.8,0,-19.7,-656,1833,0,0,0,0,0,0,0,0
09-05-2026 15:05,1,1,1,1942.8,0,-19.8,-658,1828,0,0,0,0,0,0,0,0
09-05-2026 15:05,1,1,1,1939.5,0,-20,-662,1823,0,0,0,0,0,0,0,0
09-05-2026 15:05,1,1,1,1939.5,0,-20,-662,1823,0,0,0,0,0,0,0,0
09-05-2026 15:05,1,1,1,1939.9,0,-20.1,-666,1822,0,0,0,0,0,0,0,0
09-05-2026 15:05,1,1,1,1939.9,0,-20.1,-666,1822,0,0,0,0,0,0,0,0
09-05-2026 15:05,1,1,1,1943.5,0,-20.2,-671,1824,0,0,0,0,0,0,0,0
09-05-2026 15:05,1,1,1,1943.5,0,-20.2,-671,1824,0,0,0,0,0,0,0,0
09-05-2026 15:05,1,1,1,1944,0,-20.3,-675,1823,0,0,0,0,0,0,0,0
09-05-2026 15:05,1,1,1,1944,0,-20.3,-675,1823,0,0,0,0,0,0,0,0
09-05-2026 15:05,1,1,1,1936.1,0,-20.4,-674,1815,0,0,0,0,0,0,0,0
09-05-2026 15:05,1,1,1,1925.7,0,-20.4,-671,1805,0,0,0,0,0,0,0,0
09-05-2026 15:05,1,1,1,1925.7,0,-20.4,-671,1805,0,0,0,0,0,0,0,0
09-05-2026 15:05,1,1,1,1918.4,0,-20.4,-669,1798,0,0,0,0,0,0,0,0
09-05-2026 15:05,1,1,1,1918.4,0,-20.4,-669,1798,0,0,0,0,0,0,0,0
09-05-2026 15:05,1,1,1,1914.8,0,-20.5,-672,1793,0,0,0,0,0,0,0,0
09-05-2026 15:05,1,1,1,1914.8,0,-20.5,-672,1793,0,0,0,0,0,0,0,0
09-05-2026 15:05,1,1,1,1914.9,0,-20.6,-675,1792,0,0,0,0,0,0,0,0
09-05-2026 15:05,1,1,1,1917.5,0,-20.7,-677,1794,0,0,0,0,0,0,0,0
09-05-2026 15:05,1,1,1,1917.5,0,-20.7,-677,1794,0,0,0,0,0,0,0,0
09-05-2026 15:05,1,1,1,1926.7,0,-20.7,-682,1802,0,0,0,0,0,0,0,0
09-05-2026 15:05,1,1,1,1926.7,0,-20.7,-682,1802,0,0,0,0,0,0,0,0
09-05-2026 15:05,1,1,1,1934,0,-20.7,-684,1809,0,0,0,0,0,0,0,0
09-05-2026 15:05,1,1,1,1934,0,-20.7,-684,1809,0,0,0,0,0,0,0,0
09-05-2026 15:05,1,1,1,1940.4,0,-20.5,-681,1817,0,0,0,0,0,0,0,0
09-05-2026 15:05,1,1,1,1940.4,0,-20.5,-681,1817,0,0,0,0,0,0,0,0
09-05-2026 15:05,1,1,1,1941,0,-20.5,-680,1818,0,0,0,0,0,0,0,0
09-05-2026 15:05,1,1,1,1938.4,0,-20.5,-678,1816,0,0,0,0,0,0,0,0
09-05-2026 15:05,1,1,1,1938.4,0,-20.5,-678,1816,0,0,0,0,0,0,0,0
09-05-2026 15:05,1,1,1,1935.3,0,-20.5,-677,1813,0,0,0,0,0,0,0,0
09-05-2026 15:05,1,1,1,1935.3,0,-20.5,-677,1813,0,0,0,0,0,0,0,0
09-05-2026 15:05,1,1,1,1931.5,0,-20.5,-677,1809,0,0,0,0,0,0,0,0
09-05-2026 15:05,1,1,1,1931.5,0,-20.5,-677,1809,0,0,0,0,0,0,0,0
09-05-2026 15:05,1,1,1,1929.1,0,-20.6,-678,1806,0,0,0,0,0,0,0,0
09-05-2026 15:05,1,1,1,1923.2,0,-20.7,-680,1799,0,0,0,0,0,0,0,0
09-05-2026 15:05,1,1,1,1923.2,0,-20.7,-680,1799,0,0,0,0,0,0,0,0
09-05-2026 15:05,1,1,1,1918.7,0,-20.9,-683,1793,0,0,0,0,0,0,0,0
09-05-2026 15:05,1,1,1,1918.7,0,-20.9,-683,1793,0,0,0,0,0,0,0,0
09-05-2026 15:05,1,1,1,1913.6,0,-21,-687,1786,0,0,0,0,0,0,0,0
09-05-2026 15:05,1,1,1,1913.6,0,-21,-687,1786,0,0,0,0,0,0,0,0
09-05-2026 15:05,1,1,1,1909.3,0,-21.1,-688,1781,0,0,0,0,0,0,0,0
09-05-2026 15:05,1,1,1,1909.3,0,-21.1,-688,1781,0,0,0,0,0,0,0,0
09-05-2026 15:05,1,1,1,1906.5,0,-21.2,-688,1778,0,0,0,0,0,0,0,0
09-05-2026 15:05,1,1,1,1905.1,0,-21.3,-692,1775,0,0,0,0,0,0,0,0
09-05-2026 15:05,1,1,1,1905.1,0,-21.3,-692,1775,0,0,0,0,0,0,0,0
09-05-2026 15:05,1,1,1,1907.1,0,-21.4,-695,1776,0,0,0,0,0,0,0,0
09-05-2026 15:05,1,1,1,1907.1,0,-21.4,-695,1776,0,0,0,0,0,0,0,0
09-05-2026 15:05,1,1,1,1909.2,0,-21.3,-693,1779,0,0,0,0,1,2.03,0,1165
09-05-2026 15:05,1,1,1,1909.2,0,-21.3,-693,1779,0,0,0,0,1,2.03,0,1165
09-05-2026 15:05,1,1,1,1911.3,0,-21.2,-691,1782,0,0,0,0,1,2.03,0,1165
09-05-2026 15:05,1,1,1,1911.3,0,-21.2,-691,1782,0,0,0,0,1,2.03,0,1165
09-05-2026 15:05,1,1,1,1913.4,0,-21.1,-689,1785,0,0,0,0,1,2.03,0,1165
09-05-2026 15:05,1,1,1,1916.9,0,-21.1,-691,1788,0,0,0,0,1,2.03,0,1165
09-05-2026 15:05,1,1,1,1916.9,0,-21.1,-691,1788,0,0,0,0,1,2.03,0,1165
09-05-2026 15:05,1,1,1,1917.5,0,-21.1,-690,1789,0,0,0,0,1,2.03,0,1165
09-05-2026 15:05,1,1,1,1917.5,0,-21.1,-690,1789,0,0,0,0,1,2.03,0,1165
09-05-2026 15:05,1,1,1,1916.2,0,-21.1,-689,1788,0,0,0,0,1,2.03,0,1165
09-05-2026 15:05,1,1,1,1916.2,0,-21.1,-689,1788,0,0,0,0,1,2.03,0,1165
09-05-2026 15:05,1,1,1,1912.8,0,-21.1,-690,1784,0,0,0,0,1,2.03,0,1165
09-05-2026 15:05,1,1,1,1906.6,0,-21.2,-691,1777,0,0,0,0,1,2.03,0,1165
09-05-2026 15:05,1,1,1,1906.6,0,-21.2,-691,1777,0,0,0,0,1,2.03,0,1165
09-05-2026 15:05,1,1,1,1902.3,8,-21.3,-692,1772,0,0,0,0,1,2.03,0,1165
09-05-2026 15:05,1,1,1,1902.3,8,-21.3,-692,1772,0,0,0,0,0,0,0,0
09-05-2026 15:05,1,1,1,1902.3,0,-21.3,-692,1772,0,0,0,0,1,2.02,0,2600
09-05-2026 15:05,1,1,1,1902.3,0,-21.3,-692,1772,0,0,0,0,1,2.02,0,2600
09-05-2026 15:05,1,1,1,1902.3,0,-21.3,-692,1772,0,0,0,0,1,2.02,0,2600
09-05-2026 15:05,1,1,1,1902.3,0,-21.3,-692,1772,0,0,0,0,1,2.02,0,2600
09-05-2026 15:05,1,1,1,1904.9,0,-21.4,-694,1774,0,0,0,0,1,2.01,0,3385
09-05-2026 15:05,1,1,1,1907.1,0,-21.4,-695,1776,0,0,0,0,1,2.01,0,3385
09-05-2026 15:05,1,1,1,1907.1,0,-21.4,-695,1776,1,2.01,0,3385,1,2.01,0,3385
09-05-2026 15:05,1,1,1,1909,0,-21.3,-695,1778,1,2.01,0,3385,1,2.01,0,3385
09-05-2026 15:05,1,1,1,1909,0,-21.3,-695,1778,1,2.01,0,3385,1,2.01,0,3385
09-05-2026 15:05,1,1,1,1910.5,0,-21.3,-694,1780,1,2.01,0,3385,1,2.01,0,3385
09-05-2026 15:05,1,1,1,1910.5,0,-21.3,-694,1780,1,2.01,0,3385,1,2.01,0,3385
09-05-2026 15:05,1,1,1,1910.9,0,-21.3,-695,1780,1,2.01,0,3385,1,2.01,0,3385
09-05-2026 15:05,1,1,1,1912,0,-21.3,-693,1782,1,2.01,0,3385,1,2.01,0,3385
09-05-2026 15:05,1,1,1,1912,0,-21.3,-693,1782,1,2.01,0,3385,1,2.01,0,3385
09-05-2026 15:05,1,1,1,1910.7,0,-21.2,-692,1781,1,2.01,0,3385,1,2.01,0,3385
09-05-2026 15:05,1,1,1,1910.7,0,-21.2,-692,1781,1,2.01,0,3385,1,2.01,0,3385
09-05-2026 15:05,1,1,1,1909.1,0,-21.2,-690,1780,1,2.01,0,3385,1,2.01,0,3385
09-05-2026 15:05,1,1,1,1909.1,0,-21.2,-690,1780,1,2.01,0,3385,1,2.01,0,3385
09-05-2026 15:05,1,1,1,1910.9,0,-21.2,-690,1782,1,2.02,0,482,1,2.02,0,482
09-05-2026 15:05,1,1,1,1910.9,0,-21.2,-690,1782,1,2.02,0,482,1,2.02,0,482
09-05-2026 15:05,1,1,1,1913.4,0,-21.1,-689,1785,1,2.02,0,482,1,2.02,0,482
09-05-2026 15:05,1,1,1,1913.7,0,-21.1,-690,1785,1,2.02,0,482,1,2.02,0,482
09-05-2026 15:05,1,1,1,1913.7,0,-21.1,-690,1785,1,2.02,0,482,1,2.02,0,482
09-05-2026 15:05,1,1,1,1911.5,8,-21.1,-689,1783,0,0,0,0,1,2.02,0,482
09-05-2026 15:05,1,1,1,1911.5,8,-21.1,-689,1783,0,0,0,0,1,2.02,0,482
09-05-2026 15:05,1,1,1,1908.9,0,-21.1,-687,1781,0,0,0,0,1,2.02,0,482
09-05-2026 15:05,1,1,1,1908.9,0,-21.1,-687,1781,0,0,0,0,1,2.02,0,482
09-05-2026 15:05,1,1,1,1906,0,-21,-684,1779,0,0,0,0,1,2.02,0,482
09-05-2026 15:05,1,1,1,1904,0,-21,-681,1778,0,0,0,0,1,2.02,0,482
09-05-2026 15:05,1,1,1,1904,0,-21,-681,1778,0,0,0,0,1,2.02,0,482
09-05-2026 15:05,1,1,1,1904.2,0,-20.9,-679,1779,0,0,0,0,1,2.01,0,617
09-05-2026 15:05,1,1,1,1904.2,0,-20.9,-679,1779,0,0,0,0,1,2.01,0,617
09-05-2026 15:05,1,1,1,1906.6,0,-20.8,-678,1782,0,0,0,0,1,2.01,0,617
09-05-2026 15:05,1,1,1,1906.6,0,-20.8,-678,1782,0,0,0,0,1,2.01,0,617
09-05-2026 15:05,1,1,1,1906.3,0,-20.8,-677,1782,0,0,0,0,1,2,0,261
09-05-2026 15:05,1,1,1,1906.3,0,-20.8,-677,1782,0,0,0,0,1,2,0,261
09-05-2026 15:05,1,1,1,1905.7,0,-20.8,-678,1781,0,0,0,0,1,2,0,261
09-05-2026 15:05,1,1,1,1905.1,0,-20.9,-679,1780,0,0,0,0,1,2,0,261
09-05-2026 15:05,1,1,1,1905.1,0,-20.9,-679,1780,0,0,0,0,1,2,0,261
09-05-2026 15:05,1,1,1,1907,0,-20.9,-679,1782,0,0,0,0,1,2,0,261
09-05-2026 15:05,1,1,1,1907,0,-20.9,-679,1782,0,0,0,0,1,2,0,261
09-05-2026 15:05,1,1,1,1910.5,0,-20.9,-681,1785,0,0,0,0,1,2,0,261
09-05-2026 15:05,1,1,1,1910.5,0,-20.9,-681,1785,0,0,0,0,1,2,0,261
09-05-2026 15:05,1,1,1,1913.3,0,-20.9,-681,1788,0,0,0,0,1,2,0,261
09-05-2026 15:05,1,1,1,1914.9,0,-20.9,-683,1789,0,0,0,0,1,2,0,261
09-05-2026 15:05,1,1,1,1914.9,0,-20.9,-683,1789,0,0,0,0,1,2,0,261
09-05-2026 15:05,1,1,1,1915.9,0,-21.1,-691,1787,0,0,0,0,1,2,0,261
09-05-2026 15:05,1,1,1,1915.9,0,-21.1,-691,1787,0,0,0,0,1,2,0,261
09-05-2026 15:05,1,1,1,1916.1,0,-21.4,-699,1784,0,0,0,0,1,2,0,261
09-05-2026 15:05,1,1,1,1916.1,0,-21.4,-699,1784,0,0,0,0,0,0,0,0
09-05-2026 15:05,1,1,1,1913.8,0,-21.6,-703,1780,0,0,0,0,0,0,0,0
09-05-2026 15:05,1,1,1,1913.8,0,-21.6,-703,1780,0,0,0,0,0,0,0,0
09-05-2026 15:05,1,1,1,1911.6,0,-21.5,-702,1778,0,0,0,0,0,0,0,0
09-05-2026 15:05,1,1,1,1909.5,0,-21.5,-699,1777,0,0,0,0,0,0,0,0
09-05-2026 15:05,1,1,1,1909.5,0,-21.5,-699,1777,0,0,0,0,0,0,0,0
09-05-2026 15:05,1,1,1,1908.4,0,-21.4,-696,1777,0,0,0,0,0,0,0,0
09-05-2026 15:05,1,1,1,1908.4,0,-21.4,-696,1777,0,0,0,0,0,0,0,0
09-05-2026 15:05,1,1,1,1908.6,0,-21.3,-694,1778,0,0,0,0,0,0,0,0
09-05-2026 15:05,1,1,1,1908.6,0,-21.3,-694,1778,0,0,0,0,0,0,0,0
09-05-2026 15:05,1,1,1,1910.5,0,-21.3,-694,1780,0,0,0,0,0,0,0,0
09-05-2026 15:05,1,1,1,1910.5,0,-21.3,-694,1780,0,0,0,0,0,0,0,0
09-05-2026 15:05,1,1,1,1911.8,0,-21.3,-695,1781,0,0,0,0,0,0,0,0
09-05-2026 15:05,1,1,1,1913.1,0,-21.3,-696,1782,0,0,0,0,0,0,0,0
09-05-2026 15:05,1,1,1,1913.1,0,-21.3,-696,1782,0,0,0,0,0,0,0,0
09-05-2026 15:05,1,1,1,1913.5,0,-21.2,-692,1784,0,0,0,0,0,0,0,0
09-05-2026 15:05,1,1,1,1913.5,0,-21.2,-692,1784,0,0,0,0,0,0,0,0
09-05-2026 15:05,1,1,1,1912.6,0,-21.1,-687,1785,0,0,0,0,0,0,0,0
09-05-2026 15:05,1,1,1,1912.6,0,-21.1,-687,1785,0,0,0,0,0,0,0,0
09-05-2026 15:05,1,1,1,1917.2,0,-20.9,-684,1791,0,0,0,0,0,0,0,0
09-05-2026 15:05,1,1,1,1920.1,0,-20.7,-679,1796,0,0,0,0,0,0,0,0
09-05-2026 15:05,1,1,1,1920.1,0,-20.7,-679,1796,0,0,0,0,0,0,0,0
09-05-2026 15:05,1,1,1,1919.9,0,-20.6,-676,1797,0,0,0,0,0,0,0,0
09-05-2026 15:05,1,1,1,1919.9,0,-20.6,-676,1797,0,0,0,0,0,0,0,0
09-05-2026 15:05,1,1,1,1923,0,-20.5,-674,1801,0,0,0,0,0,0,0,0
09-05-2026 15:05,1,1,1,1923,0,-20.5,-674,1801,0,0,0,0,0,0,0,0
09-05-2026 15:05,1,1,1,1924.9,0,-20.5,-674,1803,0,0,0,0,0,0,0,0
09-05-2026 15:05,1,1,1,1924.9,0,-20.5,-674,1803,0,0,0,0,0,0,0,0
09-05-2026 15:05,1,1,1,1929.3,0,-20.5,-676,1807,0,0,0,0,0,0,0,0
09-05-2026 15:05,1,1,1,1935.7,0,-20.6,-681,1812,0,0,0,0,0,0,0,0
09-05-2026 15:05,1,1,1,1935.7,0,-20.6,-681,1812,0,0,0,0,0,0,0,0
09-05-2026 15:05,1,1,1,1938.7,0,-20.7,-684,1814,0,0,0,0,0,0,0,0
09-05-2026 15:05,1,1,1,1938.7,0,-20.7,-684,1814,0,0,0,0,0,0,0,0
09-05-2026 15:05,1,1,1,1939.4,0,-20.7,-686,1814,0,0,0,0,0,0,0,0
09-05-2026 15:05,1,1,1,1939.4,0,-20.7,-686,1814,0,0,0,0,0,0,0,0
09-05-2026 15:05,1,1,1,1939.7,0,-20.7,-687,1814,0,0,0,0,0,0,0,0
09-05-2026 15:05,1,1,1,1940.8,0,-20.8,-690,1814,0,0,0,0,0,0,0,0
09-05-2026 15:05,1,1,1,1940.8,0,-20.8,-690,1814,0,0,0,0,0,0,0,0
09-05-2026 15:05,1,1,1,1943.5,0,-21,-695,1815,0,0,0,0,0,0,0,0
09-05-2026 15:05,1,1,1,1943.5,0,-21,-695,1815,0,0,0,0,0,0,0,0
09-05-2026 15:05,1,1,1,1943.4,0,-21.1,-700,1813,0,0,0,0,0,0,0,0
09-05-2026 15:05,1,1,1,1943.4,0,-21.1,-700,1813,0,0,0,0,0,0,0,0
09-05-2026 15:05,1,1,1,1943,0,-21.2,-704,1811,0,0,0,0,0,0,0,0
09-05-2026 15:05,1,1,1,1943,0,-21.2,-704,1811,0,0,0,0,0,0,0,0
09-05-2026 15:05,1,1,1,1941.7,0,-21.2,-703,1810,0,0,0,0,0,0,0,0
09-05-2026 15:05,1,1,1,1941.9,0,-21.2,-701,1811,0,0,0,0,0,0,0,0
09-05-2026 15:05,1,1,1,1941.9,0,-21.2,-701,1811,0,0,0,0,0,0,0,0
09-05-2026 15:05,1,1,1,1941.2,0,-21.1,-699,1811,0,0,0,0,0,0,0,0
09-05-2026 15:05,1,1,1,1941.2,0,-21.1,-699,1811,0,0,0,0,0,0,0,0
09-05-2026 15:05,1,1,1,1937.7,0,-21.1,-697,1808,0,0,0,0,0,0,0,0
09-05-2026 15:05,1,1,1,1937.7,0,-21.1,-697,1808,0,0,0,0,0,0,0,0
09-05-2026 15:05,1,1,1,1935.1,0,-21,-695,1806,0,0,0,0,0,0,0,0
09-05-2026 15:05,1,1,1,1933.2,0,-21.1,-695,1804,0,0,0,0,0,0,0,0
09-05-2026 15:05,1,1,1,1933.2,0,-21.1,-695,1804,0,0,0,0,0,0,0,0
09-05-2026 15:05,1,1,1,1932.3,0,-21.1,-695,1803,0,0,0,0,0,0,0,0
09-05-2026 15:05,1,1,1,1932.3,0,-21.1,-695,1803,0,0,0,0,0,0,0,0
09-05-2026 15:05,1,1,1,1931.4,0,-21.1,-695,1802,0,0,0,0,0,0,0,0
09-05-2026 15:05,1,1,1,1931.4,0,-21.1,-695,1802,0,0,0,0,0,0,0,0
09-05-2026 15:05,1,1,1,1928.6,0,-21.1,-695,1799,0,0,0,0,0,0,0,0
09-05-2026 15:05,1,1,1,1928.6,0,-21.1,-695,1799,0,0,0,0,0,0,0,0
09-05-2026 15:05,1,1,1,1929.5,0,-21.1,-695,1800,0,0,0,0,0,0,0,0
09-05-2026 15:05,1,1,1,1932.5,0,-21.2,-698,1802,0,0,0,0,0,0,0,0
09-05-2026 15:05,1,1,1,1932.5,0,-21.2,-698,1802,0,0,0,0,0,0,0,0
09-05-2026 15:05,1,1,1,1934.1,0,-21.2,-700,1803,0,0,0,0,0,0,0,0
09-05-2026 15:05,1,1,1,1934.1,0,-21.2,-700,1803,0,0,0,0,0,0,0,0
09-05-2026 15:05,1,1,1,1934.8,0,-21.3,-702,1803,0,0,0,0,0,0,0,0
09-05-2026 15:05,1,1,1,1934.8,0,-21.3,-702,1803,0,0,0,0,0,0,0,0
09-05-2026 15:05,1,1,1,1937,0,-21.4,-708,1803,0,0,0,0,0,0,0,0
09-05-2026 15:05,1,1,1,1937.6,0,-21.6,-712,1802,0,0,0,0,0,0,0,0
09-05-2026 15:05,1,1,1,1907.4,0,11.4,376,1870,0,0,0,0,0,0,0,0
09-05-2026 15:05,1,1,1,1907.4,0,11.4,376,1870,0,0,0,0,0,0,0,0
09-05-2026 15:05,1,1,1,1905.7,0,11.4,377,1868,0,0,0,0,0,0,0,0
09-05-2026 15:05,1,1,1,1905.7,0,11.4,377,1868,0,0,0,0,0,0,0,0
09-05-2026 15:05,1,1,1,1902.9,0,11.5,378,1865,0,0,0,0,0,0,0,0
09-05-2026 15:05,1,1,1,1902.9,0,11.5,378,1865,0,0,0,0,0,0,0,0
09-05-2026 15:05,1,1,1,1900,0,11.5,378,1862,0,0,0,0,0,0,0,0
09-05-2026 15:05,1,1,1,1900,0,11.5,378,1862,0,0,0,0,0,0,0,0
09-05-2026 15:05,1,1,1,1897.8,0,11.5,377,1860,0,0,0,0,0,0,0,0
09-05-2026 15:05,1,1,1,1897.8,0,11.5,377,1860,0,0,0,0,0,0,0,0
09-05-2026 15:05,1,1,1,1896.8,0,11.5,377,1859,0,0,0,0,0,0,0,0
09-05-2026 15:05,1,1,1,1896.1,0,11.3,373,1859,0,0,0,0,0,0,0,0
09-05-2026 15:05,1,1,1,1896.1,0,11.3,373,1859,0,0,0,0,0,0,0,0
09-05-2026 15:05,1,1,1,1896.8,0,11.3,372,1860,0,0,0,0,0,0,0,0
09-05-2026 15:05,1,1,1,1896.8,0,11.3,372,1860,0,0,0,0,0,0,0,0
09-05-2026 15:05,1,1,1,1896.6,0,11.4,376,1859,0,0,0,0,0,0,0,0
09-05-2026 15:05,1,1,1,1896.6,0,11.4,376,1859,0,0,0,0,0,0,0,0
09-05-2026 15:05,1,1,1,1897,0,11.5,378,1859,0,0,0,0,0,0,0,0
09-05-2026 15:05,1,1,1,1895.1,0,11.7,383,1856,0,0,0,0,0,0,0,0
09-05-2026 15:05,1,1,1,1895.1,0,11.7,383,1856,0,0,0,0,0,0,0,0
09-05-2026 15:05,1,1,1,1892.6,0,11.7,385,1853,0,0,0,0,0,0,0,0
09-05-2026 15:05,1,1,1,1892.6,0,11.7,385,1853,0,0,0,0,0,0,0,0
09-05-2026 15:05,1,1,1,1892.2,0,11.8,388,1852,0,0,0,0,0,0,0,0
09-05-2026 15:05,1,1,1,1892.2,0,11.8,388,1852,0,0,0,0,0,0,0,0
09-05-2026 15:05,1,1,1,1892.6,0,11.9,390,1852,0,0,0,0,0,0,0,0
09-05-2026 15:05,1,1,1,1892.6,0,11.9,390,1852,0,0,0,0,0,0,0,0
09-05-2026 15:05,1,1,1,1892.4,0,11.9,389,1852,0,0,0,0,0,0,0,0
09-05-2026 15:05,1,1,1,1893,0,11.8,387,1853,0,0,0,0,0,0,0,0
09-05-2026 15:05,1,1,1,1893,0,11.8,387,1853,0,0,0,0,0,0,0,0
09-05-2026 15:05,1,1,1,1897.3,0,11.8,389,1857,0,0,0,0,0,0,0,0
09-05-2026 15:05,1,1,1,1897.3,0,11.8,389,1857,0,0,0,0,0,0,0,0
09-05-2026 15:05,1,1,1,1902.6,0,11.9,391,1862,0,0,0,0,0,0,0,0
09-05-2026 15:05,1,1,1,1902.6,0,11.9,391,1862,0,0,0,0,0,0,0,0
09-05-2026 15:05,1,1,1,1904.8,0,12,397,1863,0,0,0,0,0,0,0,0
09-05-2026 15:05,1,1,1,1906.9,0,12.2,402,1864,0,0,0,0,0,0,0,0
09-05-2026 15:05,1,1,1,1906.9,0,12.2,402,1864,0,0,0,0,0,0,0,0
09-05-2026 15:05,1,1,1,1906.6,0,12,396,1865,0,0,0,0,0,0,0,0
09-05-2026 15:05,1,1,1,1906.6,0,12,396,1865,0,0,0,0,0,0,0,0
09-05-2026 15:05,1,1,1,1904.2,0,11.8,389,1864,0,0,0,0,0,0,0,0
09-05-2026 15:05,1,1,1,1904.2,0,11.8,389,1864,0,0,0,0,0,0,0,0
09-05-2026 15:05,1,1,1,1901.6,0,11.7,386,1862,0,0,0,0,0,0,0,0
09-05-2026 15:05,1,1,1,1901.6,0,11.7,386,1862,0,0,0,0,0,0,0,0
09-05-2026 15:05,1,1,1,1898.7,0,11.7,386,1859,0,0,0,0,0,0,0,0
09-05-2026 15:05,1,1,1,1898.1,0,11.8,388,1858,0,0,0,0,0,0,0,0
09-05-2026 15:05,1,1,1,1898.1,0,11.8,388,1858,0,0,0,0,0,0,0,0
09-05-2026 15:05,1,1,1,1897.5,0,11.9,390,1857,0,0,0,0,0,0,0,0
09-05-2026 15:05,1,1,1,1897.5,0,11.9,390,1857,0,0,0,0,0,0,0,0
09-05-2026 15:05,1,1,1,1899.5,0,11.8,390,1859,0,0,0,0,0,0,0,0
09-05-2026 15:05,1,1,1,1899.5,0,11.8,390,1859,0,0,0,0,0,0,0,0
09-05-2026 15:05,1,1,1,1901.6,0,11.9,391,1861,0,0,0,0,0,0,0,0
09-05-2026 15:05,1,1,1,1904,0,11.8,388,1864,0,0,0,0,0,0,0,0
09-05-2026 15:05,1,1,1,1904,0,11.8,388,1864,0,0,0,0,0,0,0,0
09-05-2026 15:05,1,1,1,1904.5,0,11.7,386,1865,0,0,0,0,0,0,0,0
09-05-2026 15:05,1,1,1,1904.5,0,11.7,386,1865,0,0,0,0,0,0,0,0
09-05-2026 15:05,1,1,1,1905.5,0,11.7,386,1866,0,0,0,0,0,0,0,0
09-05-2026 15:05,1,1,1,1905.5,0,11.7,386,1866,0,0,0,0,0,0,0,0
09-05-2026 15:05,1,1,1,1905.1,0,11.6,384,1866,0,0,0,0,0,0,0,0
09-05-2026 15:05,1,1,1,1905.1,0,11.6,384,1866,0,0,0,0,0,0,0,0
09-05-2026 15:05,1,1,1,1904.5,0,11.7,386,1865,0,0,0,0,0,0,0,0
09-05-2026 15:05,1,1,1,1902.6,0,11.7,386,1863,0,0,0,0,0,0,0,0
09-05-2026 15:05,1,1,1,1902.6,0,11.7,386,1863,0,0,0,0,0,0,0,0
09-05-2026 15:05,1,1,1,1900.6,0,11.7,386,1861,0,0,0,0,0,0,0,0
09-05-2026 15:05,1,1,1,1900.6,0,11.7,386,1861,0,0,0,0,0,0,0,0
09-05-2026 15:05,1,1,1,1901.4,0,11.7,385,1862,0,0,0,0,0,0,0,0
09-05-2026 15:05,1,1,1,1901.4,0,11.7,385,1862,0,0,0,0,0,0,0,0
09-05-2026 15:05,1,1,1,1900.2,0,11.7,384,1861,0,0,0,0,0,0,0,0
09-05-2026 15:05,1,1,1,1899.2,0,11.7,384,1860,0,0,0,0,0,0,0,0
09-05-2026 15:05,1,1,1,1899.2,0,11.7,384,1860,0,0,0,0,0,0,0,0
09-05-2026 15:05,1,1,1,1898.4,0,11.7,385,1859,0,0,0,0,0,0,0,0
09-05-2026 15:05,1,1,1,1898.4,0,11.7,385,1859,0,0,0,0,0,0,0,0
09-05-2026 15:05,1,1,1,1898,0,11.6,383,1859,0,0,0,0,0,0,0,0
09-05-2026 15:05,1,1,1,1898,0,11.6,383,1859,0,0,0,0,0,0,0,0
09-05-2026 15:05,1,1,1,1898.2,0,11.7,384,1859,0,0,0,0,0,0,0,0
09-05-2026 15:05,1,1,1,1898.2,0,11.7,384,1859,0,0,0,0,0,0,0,0
09-05-2026 15:05,1,1,1,1896.5,0,11.7,385,1857,0,0,0,0,0,0,0,0
09-05-2026 15:05,1,1,1,1893.8,0,11.8,386,1854,0,0,0,0,0,0,0,0
09-05-2026 15:05,1,1,1,1893.8,0,11.8,386,1854,0,0,0,0,0,0,0,0
09-05-2026 15:05,1,1,1,1891,0,11.8,387,1851,0,0,0,0,0,0,0,0
09-05-2026 15:05,1,1,1,1891,0,11.8,387,1851,0,0,0,0,0,0,0,0
09-05-2026 15:05,1,1,1,1886.5,0,11.7,384,1847,0,0,0,0,0,0,0,0
09-05-2026 15:05,1,1,1,1886.5,0,11.7,384,1847,0,0,0,0,0,0,0,0
09-05-2026 15:05,1,1,1,1880.6,0,11.6,379,1842,0,0,0,0,0,0,0,0
09-05-2026 15:05,1,1,1,1874.7,0,11.5,374,1837,0,0,0,0,0,0,0,0
09-05-2026 15:05,1,1,1,1874.7,0,11.5,374,1837,0,0,0,0,0,0,0,0
09-05-2026 15:05,1,1,1,1870,0,11.4,370,1833,0,0,0,0,0,0,0,0
09-05-2026 15:05,1,1,1,1870,0,11.4,370,1833,0,0,0,0,0,0,0,0
09-05-2026 15:05,1,1,1,1865.3,0,11.3,366,1829,0,0,0,0,0,0,0,0
09-05-2026 15:05,1,1,1,1865.3,0,11.3,366,1829,0,0,0,0,0,0,0,0
09-05-2026 15:05,1,1,1,1860.4,0,11.2,361,1825,0,0,0,0,0,0,0,0
09-05-2026 15:05,1,1,1,1860.4,0,11.2,361,1825,0,0,0,0,0,0,0,0
09-05-2026 15:05,1,1,1,1855.7,0,11.1,357,1821,0,0,0,0,0,0,0,0
09-05-2026 15:05,1,1,1,1853.9,0,11,353,1820,0,0,0,0,0,0,0,0
09-05-2026 15:05,1,1,1,1853.9,0,11,353,1820,0,0,0,0,0,0,0,0
09-05-2026 15:05,1,1,1,1854,0,10.8,348,1821,0,0,0,0,0,0,0,0
09-05-2026 15:05,1,1,1,1854,0,10.8,348,1821,0,0,0,0,0,0,0,0
09-05-2026 15:05,1,1,1,1853.2,0,10.7,344,1821,0,0,0,0,0,0,0,0
09-05-2026 15:05,1,1,1,1853.2,0,10.7,344,1821,0,0,0,0,0,0,0,0
09-05-2026 15:05,1,1,1,1854.8,0,10.6,342,1823,0,0,0,0,0,0,0,0
09-05-2026 15:05,1,1,1,1854.8,0,10.6,342,1823,0,0,0,0,0,0,0,0
09-05-2026 15:05,1,1,1,1856.2,0,10.7,344,1824,0,0,0,0,0,0,0,0
09-05-2026 15:05,1,1,1,1858.9,0,10.8,348,1826,0,0,0,0,0,0,0,0
09-05-2026 15:05,1,1,1,1858.9,0,10.8,348,1826,0,0,0,0,0,0,0,0
09-05-2026 15:05,1,1,1,1860,0,11,354,1826,0,0,0,0,0,0,0,0
09-05-2026 15:05,1,1,1,1860,0,11,354,1826,0,0,0,0,0,0,0,0
09-05-2026 15:05,1,1,1,1861.3,0,11.2,361,1826,0,0,0,0,0,0,0,0
09-05-2026 15:05,1,1,1,1861.3,0,11.2,361,1826,0,0,0,0,0,0,0,0
09-05-2026 15:05,1,1,1,1864.9,0,11.3,364,1829,0,0,0,0,0,0,0,0
09-05-2026 15:05,1,1,1,1869,0,11.3,365,1833,0,0,0,0,0,0,0,0
09-05-2026 15:05,1,1,1,1869,0,11.3,365,1833,0,0,0,0,0,0,0,0
09-05-2026 15:05,1,1,1,1872.1,0,11.3,366,1836,0,0,0,0,0,0,0,0
09-05-2026 15:05,1,1,1,1872.1,0,11.3,366,1836,0,0,0,0,0,0,0,0
09-05-2026 15:05,1,1,1,1876.2,0,11.3,367,1840,0,0,0,0,0,0,0,0
09-05-2026 15:05,1,1,1,1876.2,0,11.3,367,1840,0,0,0,0,0,0,0,0
09-05-2026 15:05,1,1,1,1875.1,0,11.4,371,1838,0,0,0,0,0,0,0,0
09-05-2026 15:05,1,1,1,1875.1,0,11.4,371,1838,0,0,0,0,0,0,0,0
09-05-2026 15:05,1,1,1,1872.1,0,11.6,376,1834,0,0,0,0,0,0,0,0
09-05-2026 15:05,1,1,1,1871.4,0,11.6,377,1833,0,0,0,0,0,0,0,0
09-05-2026 15:05,1,1,1,1871.4,0,11.6,377,1833,0,0,0,0,0,0,0,0
09-05-2026 15:05,1,1,1,1869.4,0,11.6,377,1831,0,0,0,0,0,0,0,0
09-05-2026 15:05,1,1,1,1869.4,0,11.6,377,1831,0,0,0,0,0,0,0,0
09-05-2026 15:05,1,1,1,1868.6,0,11.7,378,1830,0,0,0,0,0,0,0,0
09-05-2026 15:05,1,1,1,1868.6,0,11.7,378,1830,0,0,0,0,0,0,0,0
09-05-2026 15:05,1,1,1,1866.7,0,11.7,378,1828,0,0,0,0,0,0,0,0
09-05-2026 15:05,1,1,1,1865.7,0,11.7,378,1827,0,0,0,0,0,0,0,0
09-05-2026 15:05,1,1,1,1865.7,0,11.7,378,1827,0,0,0,0,0,0,0,0
09-05-2026 15:05,1,1,1,1866.5,0,11.7,377,1828,0,0,0,0,0,0,0,0
09-05-2026 15:05,1,1,1,1866.5,0,11.7,377,1828,0,0,0,0,0,0,0,0
09-05-2026 15:05,1,1,1,1868.2,0,11.6,376,1830,0,0,0,0,0,0,0,0
09-05-2026 15:05,1,1,1,1868.2,0,11.6,376,1830,0,0,0,0,0,0,0,0
09-05-2026 15:05,1,1,1,1869,0,11.6,375,1831,0,0,0,0,0,0,0,0
09-05-2026 15:05,1,1,1,1869,0,11.6,375,1831,0,0,0,0,0,0,0,0
09-05-2026 15:05,1,1,1,1870.8,0,11.5,374,1833,0,0,0,0,0,0,0,0
09-05-2026 15:05,1,1,1,1870.8,0,11.4,369,1834,0,0,0,0,0,0,0,0
09-05-2026 15:05,1,1,1,1870.8,0,11.4,369,1834,0,0,0,0,0,0,0,0
09-05-2026 15:05,1,1,1,1870.9,0,11.2,365,1835,0,0,0,0,0,0,0,0
09-05-2026 15:05,1,1,1,1870.9,0,11.2,365,1835,0,0,0,0,0,0,0,0
09-05-2026 15:05,1,1,1,1870.8,0,11.2,364,1835,0,0,0,0,0,0,0,0
09-05-2026 15:05,1,1,1,1870.8,0,11.2,364,1835,0,0,0,0,0,0,0,0
09-05-2026 15:05,1,1,1,1870.2,0,11.3,366,1834,0,0,0,0,0,0,0,0
09-05-2026 15:05,1,1,1,1868.8,0,11.4,369,1832,0,0,0,0,0,0,0,0
09-05-2026 15:05,1,1,1,1868.8,0,11.4,369,1832,0,0,0,0,0,0,0,0
09-05-2026 15:05,1,1,1,1867.6,0,11.5,373,1830,0,0,0,0,0,0,0,0
09-05-2026 15:05,1,1,1,1867.6,0,11.5,373,1830,0,0,0,0,0,0,0,0
09-05-2026 15:05,1,1,1,1866.7,0,11.7,378,1828,0,0,0,0,0,0,0,0
09-05-2026 15:05,1,1,1,1866.7,0,11.7,378,1828,0,0,0,0,0,0,0,0
09-05-2026 15:05,1,1,1,1864.6,0,11.8,382,1825,0,0,0,0,0,0,0,0
09-05-2026 15:05,1,1,1,1864.6,0,11.8,382,1825,0,0,0,0,0,0,0,0
09-05-2026 15:05,1,1,1,1867.1,0,11.9,385,1827,0,0,0,0,0,0,0,0
09-05-2026 15:05,1,1,1,1870.1,0,11.9,385,1830,0,0,0,0,0,0,0,0
09-05-2026 15:05,1,1,1,1870.1,0,11.9,385,1830,0,0,0,0,0,0,0,0
09-05-2026 15:05,1,1,1,1872.2,0,11.9,386,1832,0,0,0,0,0,0,0,0
09-05-2026 15:05,1,1,1,1872.2,0,11.9,386,1832,0,0,0,0,0,0,0,0
09-05-2026 15:05,1,1,1,1872.8,0,11.8,384,1833,0,0,0,0,0,0,0,0
09-05-2026 15:05,1,1,1,1872.8,0,11.8,384,1833,0,0,0,0,0,0,0,0
09-05-2026 15:05,1,1,1,1872.8,0,11.8,384,1833,0,0,0,0,0,0,0,0
09-05-2026 15:05,1,1,1,1871.9,0,12,389,1831,0,0,0,0,0,0,0,0
09-05-2026 15:05,1,1,1,1871.9,0,12,389,1831,0,0,0,0,0,0,0,0
09-05-2026 15:05,1,1,1,1870.5,0,12.1,392,1829,0,0,0,0,0,0,0,0
09-05-2026 15:05,1,1,1,1870.5,0,12.1,392,1829,0,0,0,0,0,0,0,0
09-05-2026 15:05,1,1,1,1867.6,0,12.1,392,1826,0,0,0,0,0,0,0,0
09-05-2026 15:05,1,1,1,1867.6,0,12.1,392,1826,0,0,0,0,0,0,0,0
09-05-2026 15:05,1,1,1,1862.6,0,12,387,1822,0,0,0,0,0,0,0,0
09-05-2026 15:05,1,1,1,1862.6,0,12,387,1822,0,0,0,0,0,0,0,0
09-05-2026 15:05,1,1,1,1856.9,0,11.9,383,1817,0,0,0,0,0,0,0,0
09-05-2026 15:05,1,1,1,1854.4,0,12,385,1814,0,0,0,0,0,0,0,0
09-05-2026 15:05,1,1,1,1854.4,0,12,385,1814,0,0,0,0,0,0,0,0
09-05-2026 15:05,1,1,1,1854.4,0,12,385,1814,0,0,0,0,0,0,0,0
09-05-2026 15:05,1,1,1,1854.4,0,12,385,1814,0,0,0,0,0,0,0,0
09-05-2026 15:05,1,1,1,1855.6,0,12,386,1815,0,0,0,0,0,0,0,0
09-05-2026 15:05,1,1,1,1855.6,0,12,386,1815,0,0,0,0,0,0,0,0
09-05-2026 15:05,1,1,1,1856.2,0,12.1,389,1815,0,0,0,0,0,0,0,0
09-05-2026 15:05,1,1,1,1856.2,0,12.1,389,1815,0,0,0,0,0,0,0,0
09-05-2026 15:05,1,1,1,1856.2,0,12.1,389,1815,0,0,0,0,0,0,0,0
09-05-2026 15:05,1,1,1,1858.2,0,12.1,389,1817,0,0,0,0,0,0,0,0
09-05-2026 15:05,1,1,1,1858.2,0,12.1,389,1817,0,0,0,0,0,0,0,0
09-05-2026 15:05,1,1,1,1859.9,0,12,388,1819,0,0,0,0,0,0,0,0
09-05-2026 15:05,1,1,1,1859.9,0,12,388,1819,0,0,0,0,0,0,0,0
09-05-2026 15:05,1,1,1,1860.9,0,12,388,1820,0,0,0,0,0,0,0,0
09-05-2026 15:05,1,1,1,1860.9,0,12,388,1820,0,0,0,0,0,0,0,0
09-05-2026 15:05,1,1,1,1863.1,0,12.1,389,1822,0,0,0,0,0,0,0,0
09-05-2026 15:05,1,1,1,1863.6,0,12,387,1823,0,0,0,0,0,0,0,0
09-05-2026 15:05,1,1,1,1863.6,0,12,387,1823,0,0,0,0,0,0,0,0
09-05-2026 15:05,1,1,1,1863.4,0,12,386,1823,0,0,0,0,0,0,0,0
09-05-2026 15:05,1,1,1,1863.4,0,12,386,1823,0,0,0,0,0,0,0,0
09-05-2026 15:05,1,1,1,1864,0,12,389,1823,0,0,0,0,0,0,0,0
09-05-2026 15:05,1,1,1,1864,0,12,389,1823,0,0,0,0,0,0,0,0
09-05-2026 15:05,1,1,1,1863.8,0,12,388,1823,0,0,0,0,0,0,0,0
09-05-2026 15:05,1,1,1,1863.8,0,12,388,1823,0,0,0,0,0,0,0,0
09-05-2026 15:05,1,1,1,1864.6,0,11.8,382,1825,0,0,0,0,0,0,0,0
09-05-2026 15:05,1,1,1,1865.9,0,11.7,379,1827,0,0,0,0,0,0,0,0
09-05-2026 15:05,1,1,1,1865.9,0,11.7,379,1827,0,0,0,0,0,0,0,0
09-05-2026 15:05,1,1,1,1863.5,0,11.7,377,1825,0,0,0,0,0,0,0,0
09-05-2026 15:05,1,1,1,1863.5,0,11.7,377,1825,0,0,0,0,0,0,0,0
09-05-2026 15:05,1,1,1,1862.5,0,11.5,372,1825,0,0,0,0,0,0,0,0
09-05-2026 15:05,1,1,1,1862.5,0,11.5,372,1825,0,0,0,0,0,0,0,0
09-05-2026 15:05,1,1,1,1863.7,0,11.2,363,1828,0,0,0,0,0,0,0,0
09-05-2026 15:05,1,1,1,1869,0,10.9,355,1835,0,0,0,0,0,0,0,0
09-05-2026 15:05,1,1,1,1869,0,10.9,355,1835,0,0,0,0,0,0,0,0
09-05-2026 15:05,1,1,1,1876.4,0,10.7,347,1844,0,0,0,0,0,0,0,0
09-05-2026 15:05,1,1,1,1876.4,0,10.7,347,1844,0,0,0,0,0,0,0,0
09-05-2026 15:05,1,1,1,1880.2,0,10.4,341,1849,0,0,0,0,0,0,0,0
09-05-2026 15:05,1,1,1,1880.2,0,10.4,341,1849,0,0,0,0,0,0,0,0
09-05-2026 15:05,1,1,1,1880.4,0,10.5,342,1849,0,0,0,0,0,0,0,0
09-05-2026 15:05,1,1,1,1880.4,0,10.5,342,1849,0,0,0,0,0,0,0,0
09-05-2026 15:05,1,1,1,1880.2,0,10.4,341,1849,0,0,0,0,0,0,0,0
09-05-2026 15:05,1,1,1,1880.4,0,10.5,342,1849,0,0,0,0,0,0,0,0
09-05-2026 15:05,1,1,1,1880.4,0,10.5,342,1849,0,0,0,0,0,0,0,0
09-05-2026 15:05,1,1,1,1879.4,0,10.5,342,1848,0,0,0,0,0,0,0,0
09-05-2026 15:05,1,1,1,1879.4,0,10.5,342,1848,0,0,0,0,0,0,0,0
09-05-2026 15:05,1,1,1,1877.4,0,10.5,342,1846,0,0,0,0,0,0,0,0
09-05-2026 15:05,1,1,1,1877.4,0,10.5,342,1846,0,0,0,0,0,0,0,0
09-05-2026 15:05,1,1,1,1875.6,0,10.5,343,1844,0,0,0,0,0,0,0,0
09-05-2026 15:05,1,1,1,1873.8,0,10.6,344,1842,0,0,0,0,0,0,0,0
09-05-2026 15:05,1,1,1,1873.8,0,10.6,344,1842,0,0,0,0,0,0,0,0
09-05-2026 15:05,1,1,1,1873.8,0,10.6,344,1842,0,0,0,0,0,0,0,0
09-05-2026 15:05,1,1,1,1873.8,0,10.6,344,1842,0,0,0,0,0,0,0,0
09-05-2026 15:05,1,1,1,1873.8,0,10.6,344,1842,0,0,0,0,0,0,0,0
09-05-2026 15:05,1,1,1,1873.8,0,10.6,344,1842,0,0,0,0,0,0,0,0
09-05-2026 15:05,1,1,1,1874,0,10.6,345,1842,0,0,0,0,0,0,0,0
09-05-2026 15:05,1,1,1,1874,0,10.6,345,1842,0,0,0,0,0,0,0,0
09-05-2026 15:05,1,1,1,1874.2,0,10.6,346,1842,0,0,0,0,1,2,0,445
09-05-2026 15:05,1,1,1,1874.4,0,10.7,347,1842,0,0,0,0,1,2,0,445
09-05-2026 15:05,1,1,1,1874.4,0,10.7,347,1842,0,0,0,0,1,2,0,445
09-05-2026 15:05,1,1,1,1875.6,0,10.7,348,1843,0,0,0,0,1,2,0,445
09-05-2026 15:05,1,1,1,1875.6,0,10.7,348,1843,0,0,0,0,1,2,0,445
09-05-2026 15:05,1,1,1,1877,0,10.6,345,1845,0,0,0,0,1,2,0,445
09-05-2026 15:05,1,1,1,1877,0,10.6,345,1845,0,0,0,0,1,2,0,445
09-05-2026 15:05,1,1,1,1879.1,0,10.6,346,1847,0,0,0,0,1,2,0,445
09-05-2026 15:05,1,1,1,1879.4,0,10.5,342,1848,0,0,0,0,1,2,0,445
09-05-2026 15:05,1,1,1,1879.4,0,10.5,342,1848,0,0,0,0,1,2,0,445
09-05-2026 15:05,1,1,1,1879.5,0,10.3,337,1849,0,0,0,0,1,2,0,445
09-05-2026 15:05,1,1,1,1879.5,0,10.3,337,1849,0,0,0,0,1,2,0,445
09-05-2026 15:05,1,1,1,1879.7,0,10.2,333,1850,0,0,0,0,1,2,0,445
09-05-2026 15:05,1,1,1,1879.7,0,10.2,333,1850,0,0,0,0,1,2,0,445
09-05-2026 15:05,1,1,1,1878.9,0,10.1,328,1850,0,0,0,0,1,2,0,445
09-05-2026 15:05,1,1,1,1878.9,0,10.1,328,1850,0,0,0,0,0,0,0,0
09-05-2026 15:05,1,1,1,1882.2,0,9.8,319,1855,0,0,0,0,0,0,0,0
09-05-2026 15:05,1,1,1,1884.3,0,9.4,308,1859,0,0,0,0,0,0,0,0
09-05-2026 15:05,1,1,1,1884.3,0,9.4,308,1859,0,0,0,0,0,0,0,0
09-05-2026 15:05,1,1,1,1886.2,0,9.2,301,1862,0,0,0,0,0,0,0,0
09-05-2026 15:05,1,1,1,1886.2,0,9.2,301,1862,0,0,0,0,0,0,0,0
09-05-2026 15:05,1,1,1,1884.9,0,9.1,299,1861,0,0,0,0,0,0,0,0
09-05-2026 15:05,1,1,1,1884.9,0,9.1,299,1861,0,0,0,0,0,0,0,0
09-05-2026 15:05,1,1,1,1879.3,0,9,295,1856,0,0,0,0,0,0,0,0
09-05-2026 15:05,1,1,1,1871.1,0,9,293,1848,0,0,0,0,0,0,0,0
09-05-2026 15:05,1,1,1,1871.1,0,9,293,1848,0,0,0,0,0,0,0,0
09-05-2026 15:05,1,1,1,1869.1,0,9,293,1846,0,0,0,0,0,0,0,0
09-05-2026 15:05,1,1,1,1869.1,0,9,293,1846,0,0,0,0,0,0,0,0
09-05-2026 15:05,1,1,1,1869.1,0,9.2,299,1845,0,0,0,0,0,0,0,0
09-05-2026 15:05,1,1,1,1869.1,0,9.2,299,1845,0,0,0,0,0,0,0,0
09-05-2026 15:05,1,1,1,1869.5,0,9.5,308,1844,0,0,0,0,0,0,0,0
09-05-2026 15:05,1,1,1,1869.5,0,9.5,308,1844,0,0,0,0,0,0,0,0
09-05-2026 15:05,1,1,1,1869.6,0,9.7,314,1843,0,0,0,0,0,0,0,0
09-05-2026 15:05,1,1,1,1868.3,0,9.8,318,1841,0,0,0,0,0,0,0,0
09-05-2026 15:05,1,1,1,1868.3,0,9.8,318,1841,0,0,0,0,0,0,0,0
09-05-2026 15:05,1,1,1,1866.8,0,9.9,321,1839,0,0,0,0,0,0,0,0
09-05-2026 15:05,1,1,1,1866.8,0,9.9,321,1839,0,0,0,0,0,0,0,0
09-05-2026 15:05,1,1,1,1865.2,0,10,323,1837,0,0,0,0,0,0,0,0
09-05-2026 15:05,1,1,1,1865.2,0,10,323,1837,0,0,0,0,0,0,0,0
09-05-2026 15:05,1,1,1,1863.6,0,10,325,1835,0,0,0,0,0,0,0,0
09-05-2026 15:05,1,1,1,1861.8,0,10.1,326,1833,0,0,0,0,0,0,0,0
09-05-2026 15:05,1,1,1,1861.8,0,10.1,326,1833,0,0,0,0,0,0,0,0
09-05-2026 15:05,1,1,1,1861.1,0,10.2,328,1832,0,0,0,0,0,0,0,0
09-05-2026 15:05,1,1,1,1861.1,0,10.2,328,1832,0,0,0,0,0,0,0,0
09-05-2026 15:05,1,1,1,1861.3,0,10.2,329,1832,0,0,0,0,0,0,0,0
09-05-2026 15:05,1,1,1,1861.3,0,10.2,329,1832,0,0,0,0,0,0,0,0
09-05-2026 15:05,1,1,1,1861.7,0,10.2,331,1832,0,0,0,0,0,0,0,0
09-05-2026 15:05,1,1,1,1861.7,0,10.2,331,1832,0,0,0,0,0,0,0,0
09-05-2026 15:05,1,1,1,1863.2,0,10.3,334,1833,0,0,0,0,0,0,0,0
09-05-2026 15:05,1,1,1,1864.3,0,10.4,335,1834,0,0,0,0,0,0,0,0
09-05-2026 15:05,1,1,1,1864.3,0,10.4,335,1834,0,0,0,0,0,0,0,0
09-05-2026 15:05,1,1,1,1864.5,0,10.4,336,1834,0,0,0,0,0,0,0,0
09-05-2026 15:05,1,1,1,1864.5,0,10.4,336,1834,0,0,0,0,0,0,0,0
09-05-2026 15:05,1,1,1,1864.9,0,10.4,338,1834,0,0,0,0,0,0,0,0
09-05-2026 15:05,1,1,1,1864.9,0,10.4,338,1834,0,0,0,0,0,0,0,0
09-05-2026 15:05,1,1,1,1863.6,0,10.6,342,1832,0,0,0,0,0,0,0,0
09-05-2026 15:05,1,1,1,1863.6,0,10.6,342,1832,0,0,0,0,1,2,0,362
09-05-2026 15:05,1,1,1,1863,0,10.8,349,1830,0,0,0,0,1,2,0,362
09-05-2026 15:05,1,1,1,1861.7,0,11.1,358,1827,0,0,0,0,1,2,0,362
09-05-2026 15:05,1,1,1,1861.7,0,11.1,358,1827,0,0,0,0,1,2,0,362
09-05-2026 15:05,1,1,1,1860.6,0,11.4,367,1824,0,0,0,0,1,2,0,362
09-05-2026 15:05,1,1,1,1860.6,0,11.4,367,1824,0,0,0,0,1,2,0,362
09-05-2026 15:05,1,1,1,1861.3,0,11.5,371,1824,0,0,0,0,1,2,0,362
09-05-2026 15:05,1,1,1,1861.3,0,11.5,371,1824,0,0,0,0,1,2,0,362
09-05-2026 15:05,1,1,1,1861.5,0,11.4,367,1825,0,0,0,0,1,2,0,362
09-05-2026 15:05,1,1,1,1865.5,0,11.2,362,1830,0,0,0,0,1,2,0,362
09-05-2026 15:05,1,1,1,1865.5,0,11.2,362,1830,0,0,0,0,1,2,0,362
09-05-2026 15:05,1,1,1,1867.8,0,11.1,359,1833,0,0,0,0,1,2,0,362
09-05-2026 15:05,1,1,1,1867.8,0,11.1,359,1833,0,0,0,0,1,2,0,362
09-05-2026 15:05,1,1,1,1870.8,0,10.9,354,1837,0,0,0,0,1,2,0,362
09-05-2026 15:05,1,1,1,1870.8,0,10.9,354,1837,0,0,0,0,1,2,0,362
09-05-2026 15:05,1,1,1,1872.8,0,10.7,349,1840,0,0,0,0,0,0,0,0
09-05-2026 15:05,1,1,1,1872.8,0,10.7,349,1840,0,0,0,0,0,0,0,0
09-05-2026 15:05,1,1,1,1875.6,0,10.5,343,1844,0,0,0,0,0,0,0,0
09-05-2026 15:05,1,1,1,1877.7,0,10.4,338,1847,0,0,0,0,0,0,0,0
09-05-2026 15:05,1,1,1,1877.7,0,10.4,338,1847,0,0,0,0,0,0,0,0
09-05-2026 15:05,1,1,1,1879.7,0,10.2,333,1850,0,0,0,0,0,0,0,0
09-05-2026 15:05,1,1,1,1879.7,0,10.2,333,1850,0,0,0,0,0,0,0,0
09-05-2026 15:05,1,1,1,1879.7,0,10.2,333,1850,0,0,0,0,0,0,0,0
09-05-2026 15:05,1,1,1,1879.7,0,10.2,333,1850,0,0,0,0,0,0,0,0
09-05-2026 15:05,1,1,1,1878.3,0,10.3,336,1848,0,0,0,0,0,0,0,0
09-05-2026 15:05,1,1,1,1876.9,0,10.4,339,1846,0,0,0,0,0,0,0,0
09-05-2026 15:05,1,1,1,1876.9,0,10.4,339,1846,0,0,0,0,0,0,0,0
09-05-2026 15:05,1,1,1,1876.4,0,10.5,342,1845,0,0,0,0,0,0,0,0
09-05-2026 15:05,1,1,1,1876.4,0,10.5,342,1845,0,0,0,0,0,0,0,0
09-05-2026 15:05,1,1,1,1874.8,0,10.6,344,1843,0,0,0,0,0,0,0,0
09-05-2026 15:05,1,1,1,1874.8,0,10.6,344,1843,0,0,0,0,0,0,0,0
09-05-2026 15:05,1,1,1,1874.4,0,10.7,347,1842,0,0,0,0,0,0,0,0
09-05-2026 15:05,1,1,1,1874.4,0,10.7,347,1842,0,0,0,0,0,0,0,0
09-05-2026 15:05,1,1,1,1869.9,0,10.8,349,1837,0,0,0,0,0,0,0,0
09-05-2026 15:05,1,1,1,1865.5,0,10.9,352,1832,0,0,0,0,0,0,0,0
09-05-2026 15:05,1,1,1,1865.5,0,10.9,352,1832,0,0,0,0,0,0,0,0
09-05-2026 15:05,1,1,1,1861.2,0,11,355,1827,0,0,0,0,0,0,0,0
09-05-2026 15:05,1,1,1,1861.2,0,11,355,1827,0,0,0,0,0,0,0,0
09-05-2026 15:05,1,1,1,1859.4,0,11,356,1825,0,0,0,0,0,0,0,0
09-05-2026 15:05,1,1,1,1859.4,0,11,356,1825,0,0,0,0,0,0,0,0
09-05-2026 15:05,1,1,1,1858.8,0,11.1,358,1824,0,0,0,0,0,0,0,0
09-05-2026 15:05,1,1,1,1857,0,11.1,359,1822,0,0,0,0,0,0,0,0
09-05-2026 15:05,1,1,1,1857,0,11.1,359,1822,0,0,0,0,0,0,0,0
09-05-2026 15:05,1,1,1,1856.1,0,11.2,359,1821,0,0,0,0,0,0,0,0
09-05-2026 15:05,1,1,1,1856.1,0,11.2,359,1821,0,0,0,0,0,0,0,0
09-05-2026 15:05,1,1,1,1856.4,0,11.2,361,1821,0,0,0,0,0,0,0,0
09-05-2026 15:05,1,1,1,1856.4,0,11.2,361,1821,0,0,0,0,0,0,0,0
09-05-2026 15:05,1,1,1,1858,0,11.3,364,1822,0,0,0,0,0,0,0,0
09-05-2026 15:05,1,1,1,1858,0,11.3,364,1822,0,0,0,0,0,0,0,0
09-05-2026 15:05,1,1,1,1857,0,11.5,369,1820,0,0,0,0,0,0,0,0
09-05-2026 15:05,1,1,1,1859.2,0,11.6,375,1821,0,0,0,0,0,0,0,0
09-05-2026 15:05,1,1,1,1859.2,0,11.6,375,1821,0,0,0,0,0,0,0,0
09-05-2026 15:05,1,1,1,1866.8,0,11.6,374,1829,0,0,0,0,0,0,0,0
09-05-2026 15:05,1,1,1,1866.8,0,11.6,374,1829,0,0,0,0,0,0,0,0
09-05-2026 15:05,1,1,1,1872.7,0,11.5,374,1835,0,0,0,0,0,0,0,0
09-05-2026 15:05,1,1,1,1872.7,0,11.5,374,1835,0,0,0,0,0,0,0,0
09-05-2026 15:05,1,1,1,1873.7,0,11.5,374,1836,0,0,0,0,0,0,0,0
09-05-2026 15:05,1,1,1,1873.1,0,11.6,376,1835,0,0,0,0,0,0,0,0
09-05-2026 15:05,1,1,1,1873.1,0,11.6,376,1835,0,0,0,0,1,2,0,416
09-05-2026 15:05,1,1,1,1871.4,0,11.8,382,1832,0,0,0,0,1,2,0,416
09-05-2026 15:05,1,1,1,1871.4,0,11.8,382,1832,0,0,0,0,1,2,0,416
09-05-2026 15:05,1,1,1,1867.7,0,12,388,1827,0,0,0,0,1,2,0,416
09-05-2026 15:05,1,1,1,1867.7,0,12,388,1827,0,0,0,0,1,2,0,416
09-05-2026 15:05,1,1,1,1865.7,0,11.8,383,1826,0,0,0,0,1,2,0,416
09-05-2026 15:05,1,1,1,1865.7,0,11.8,383,1826,0,0,0,0,1,2,0,416
09-05-2026 15:05,1,1,1,1863,0,11.7,379,1824,0,0,0,0,1,2,0,416
09-05-2026 15:05,1,1,1,1862.7,0,11.6,373,1825,0,0,0,0,1,2,0,416
09-05-2026 15:06,1,1,1,1862.7,0,11.6,373,1825,0,0,0,0,1,2,0,416
09-05-2026 15:06,1,1,1,1862.5,0,11.4,367,1826,0,0,0,0,1,2,0,416
09-05-2026 15:06,1,1,1,1862.5,0,11.4,367,1826,0,0,0,0,1,2,0,416
09-05-2026 15:06,1,1,1,1864.3,0,11.2,361,1829,0,0,0,0,1,2,0,416
09-05-2026 15:06,1,1,1,1864.3,0,11.2,361,1829,0,0,0,0,1,2,0,416
09-05-2026 15:06,1,1,1,1865.1,0,11.1,360,1830,0,0,0,0,1,2,0,416
09-05-2026 15:06,1,1,1,1864.9,0,11.1,359,1830,0,0,0,0,0,0,0,0
09-05-2026 15:06,1,1,1,1864.9,0,11.1,359,1830,0,0,0,0,0,0,0,0
09-05-2026 15:06,1,1,1,1867.3,0,11,356,1833,0,0,0,0,0,0,0,0
09-05-2026 15:06,1,1,1,1867.3,0,11,356,1833,0,0,0,0,0,0,0,0
09-05-2026 15:06,1,1,1,1867.7,0,10.9,353,1834,0,0,0,0,0,0,0,0
09-05-2026 15:06,1,1,1,1867.7,0,10.9,353,1834,0,0,0,0,0,0,0,0
09-05-2026 15:06,1,1,1,1866.7,0,10.7,348,1834,0,0,0,0,0,0,0,0
09-05-2026 15:06,1,1,1,1866.7,0,10.7,348,1834,0,0,0,0,0,0,0,0
09-05-2026 15:06,1,1,1,1867,0,10.5,339,1836,0,0,0,0,0,0,0,0
09-05-2026 15:06,1,1,1,1866.8,0,10.2,332,1837,0,0,0,0,1,2,0,178
09-05-2026 15:06,1,1,1,1866.8,0,10.2,332,1837,0,0,0,0,1,2,0,178
09-05-2026 15:06,1,1,1,1867.6,0,10.2,331,1838,0,0,0,0,1,2,0,260
09-05-2026 15:06,1,1,1,1867.6,0,10.2,331,1838,0,0,0,0,1,2,0,260
09-05-2026 15:06,1,1,1,1868.5,0,10.4,336,1838,0,0,0,0,1,2,0,260
09-05-2026 15:06,1,1,1,1868.5,0,10.4,336,1838,0,0,0,0,1,2,0,260
09-05-2026 15:06,1,1,1,1869.2,0,10.5,340,1838,0,0,0,0,1,2,0,260
09-05-2026 15:06,1,1,1,1869.2,0,10.5,340,1838,0,0,0,0,1,2,0,260
09-05-2026 15:06,1,1,1,1869.7,0,10.6,343,1838,0,0,0,0,1,2,0,260
09-05-2026 15:06,1,1,1,1869.1,0,10.6,345,1837,0,0,0,0,1,2,0,260
09-05-2026 15:06,1,1,1,1869.1,0,10.6,345,1837,0,0,0,0,1,2,0,260
09-05-2026 15:06,1,1,1,1867.3,0,10.7,346,1835,0,0,0,0,1,2,0,260
09-05-2026 15:06,1,1,1,1867.3,0,10.7,346,1835,0,0,0,0,1,2,0,260
09-05-2026 15:06,1,1,1,1865.4,0,10.7,346,1833,0,0,0,0,1,2,0,260
09-05-2026 15:06,1,1,1,1865.4,0,10.7,346,1833,0,0,0,0,1,2,0,260
09-05-2026 15:06,1,1,1,1864.4,0,10.7,346,1832,0,0,0,0,1,2,0,260
09-05-2026 15:06,1,1,1,1862.4,0,10.7,346,1830,0,0,0,0,1,2,0,260
09-05-2026 15:06,1,1,1,1862.4,0,10.7,346,1830,0,0,0,0,0,0,0,0
09-05-2026 15:06,1,1,1,1860.5,0,10.7,346,1828,0,0,0,0,0,0,0,0
09-05-2026 15:06,1,1,1,1860.5,0,10.7,346,1828,0,0,0,0,0,0,0,0
09-05-2026 15:06,1,1,1,1858.7,0,10.8,347,1826,0,0,0,0,0,0,0,0
09-05-2026 15:06,1,1,1,1858.7,0,10.8,347,1826,0,0,0,0,0,0,0,0
09-05-2026 15:06,1,1,1,1861.2,0,10.8,350,1828,0,0,0,0,0,0,0,0
09-05-2026 15:06,1,1,1,1861.2,0,10.8,350,1828,0,0,0,0,0,0,0,0
09-05-2026 15:06,1,1,1,1864.7,0,10.9,353,1831,0,0,0,0,0,0,0,0
09-05-2026 15:06,1,1,1,1865.5,0,11,357,1831,0,0,0,0,0,0,0,0
09-05-2026 15:06,1,1,1,1865.5,0,11,357,1831,0,0,0,0,0,0,0,0
09-05-2026 15:06,1,1,1,1865.5,0,11.2,362,1830,0,0,0,0,0,0,0,0
09-05-2026 15:06,1,1,1,1865.5,0,11.2,362,1830,0,0,0,0,0,0,0,0
09-05-2026 15:06,1,1,1,1865.1,0,11.4,370,1828,0,0,0,0,0,0,0,0
09-05-2026 15:06,1,1,1,1865.1,0,11.4,370,1828,0,0,0,0,0,0,0,0
09-05-2026 15:06,1,1,1,1864.7,0,11.5,373,1827,0,0,0,0,0,0,0,0
09-05-2026 15:06,1,1,1,1863.5,0,11.7,377,1825,0,0,0,0,0,0,0,0
09-05-2026 15:06,1,1,1,1863.5,0,11.7,377,1825,0,0,0,0,0,0,0,0
09-05-2026 15:06,1,1,1,1862.2,0,11.8,380,1823,0,0,0,0,1,2,0,250
09-05-2026 15:06,1,1,1,1862.2,0,11.8,380,1823,0,0,0,0,1,2,0,250
09-05-2026 15:06,1,1,1,1862.2,0,11.8,380,1823,0,0,0,0,1,2,0,250
09-05-2026 15:06,1,1,1,1862.2,0,11.8,380,1823,0,0,0,0,1,2,0,250
09-05-2026 15:06,1,1,1,1861.2,0,11.6,375,1823,0,0,0,0,1,2,0,250
09-05-2026 15:06,1,1,1,1861.2,0,11.6,375,1823,0,0,0,0,1,2,0,250
09-05-2026 15:06,1,1,1,1859.4,0,11.5,371,1822,0,0,0,0,1,2,0,250
09-05-2026 15:06,1,1,1,1858.6,0,11.4,367,1822,0,0,0,0,1,2,0,250
09-05-2026 15:06,1,1,1,1858.6,0,11.4,367,1822,0,0,0,0,1,2,0,250
09-05-2026 15:06,1,1,1,1857,0,11.3,364,1821,0,0,0,0,1,2,0,250
09-05-2026 15:06,1,1,1,1857,0,11.3,364,1821,0,0,0,0,1,2,0,250
09-05-2026 15:06,1,1,1,1855.7,0,11.2,362,1820,0,0,0,0,1,2,0,250
09-05-2026 15:06,1,1,1,1855.7,0,11.2,362,1820,0,0,0,0,1,2,0,250
09-05-2026 15:06,1,1,1,1854.1,0,11.2,359,1819,0,0,0,0,1,2,0,250
09-05-2026 15:06,1,1,1,1852.5,0,11.1,356,1818,0,0,0,0,1,2,0,250
09-05-2026 15:06,1,1,1,1852.5,0,11.1,356,1818,0,0,0,0,0,0,0,0
09-05-2026 15:06,1,1,1,1853.3,0,10.9,350,1820,0,0,0,0,0,0,0,0
09-05-2026 15:06,1,1,1,1853.3,0,10.9,350,1820,0,0,0,0,0,0,0,0
09-05-2026 15:06,1,1,1,1853.2,0,10.7,344,1821,0,0,0,0,0,0,0,0
09-05-2026 15:06,1,1,1,1853.2,0,10.7,344,1821,0,0,0,0,0,0,0,0
09-05-2026 15:06,1,1,1,1853.7,0,10.4,336,1823,0,0,0,0,0,0,0,0
09-05-2026 15:06,1,1,1,1853.7,0,10.4,336,1823,0,0,0,0,0,0,0,0
09-05-2026 15:06,1,1,1,1855.1,0,10.3,333,1825,0,0,0,0,0,0,0,0
09-05-2026 15:06,1,1,1,1856.3,0,10.4,334,1826,0,0,0,0,0,0,0,0
09-05-2026 15:06,1,1,1,1856.3,0,10.4,334,1826,0,0,0,0,0,0,0,0
09-05-2026 15:06,1,1,1,1856.8,0,10.5,337,1826,0,0,0,0,0,0,0,0
09-05-2026 15:06,1,1,1,1856.8,0,10.5,337,1826,0,0,0,0,0,0,0,0
09-05-2026 15:06,1,1,1,1858.2,0,10.5,339,1827,0,0,0,0,0,0,0,0
09-05-2026 15:06,1,1,1,1858.2,0,10.5,339,1827,0,0,0,0,0,0,0,0
09-05-2026 15:06,1,1,1,1855.5,0,10.4,335,1825,0,0,0,0,0,0,0,0
09-05-2026 15:06,1,1,1,1852.6,0,10.3,330,1823,0,0,0,0,0,0,0,0
09-05-2026 15:06,1,1,1,1852.6,0,10.3,330,1823,0,0,0,0,0,0,0,0
09-05-2026 15:06,1,1,1,1850.7,0,10.3,330,1821,0,0,0,0,0,0,0,0
09-05-2026 15:06,1,1,1,1850.7,0,10.3,330,1821,0,0,0,0,0,0,0,0
09-05-2026 15:06,1,1,1,1850,0,10.3,332,1820,0,0,0,0,0,0,0,0
09-05-2026 15:06,1,1,1,1850,0,10.3,332,1820,0,0,0,0,0,0,0,0
09-05-2026 15:06,1,1,1,1850.4,0,10.4,334,1820,0,0,0,0,0,0,0,0
09-05-2026 15:06,1,1,1,1850.4,0,10.4,334,1820,0,0,0,0,0,0,0,0
09-05-2026 15:06,1,1,1,1850.1,0,10.5,338,1819,0,0,0,0,0,0,0,0
09-05-2026 15:06,1,1,1,1849.3,0,10.7,344,1817,0,0,0,0,0,0,0,0
09-05-2026 15:06,1,1,1,1849.3,0,10.7,344,1817,0,0,0,0,0,0,0,0
09-05-2026 15:06,1,1,1,1846.7,-8,11,351,1813,0,0,0,0,0,0,0,0
09-05-2026 15:06,1,1,1,1846.7,-8,11,351,1813,0,0,0,0,0,0,0,0
09-05-2026 15:06,1,1,1,1811.3,-8,11.2,351,1777,0,0,0,0,0,0,0,0
09-05-2026 15:06,1,1,1,1811.3,-8,11.2,351,1777,0,0,0,0,0,0,0,0
09-05-2026 15:06,1,1,1,1700.6,-8,11.7,346,1665,0,0,0,0,0,0,0,0
09-05-2026 15:06,1,1,1,1600.7,-8,12.3,341,1564,0,0,0,0,0,0,0,0
09-05-2026 15:06,1,1,1,1600.7,-8,12.3,341,1564,0,0,0,0,0,0,0,0
09-05-2026 15:06,1,1,1,1521,0,12.8,338,1483,0,0,0,0,0,0,0,0
09-05-2026 15:06,1,1,1,1521,0,12.8,338,1483,0,0,0,0,0,0,0,0
09-05-2026 15:06,1,1,1,1527.1,0,12.8,339,1489,0,0,0,0,0,0,0,0
09-05-2026 15:06,1,1,1,1527.1,0,12.8,339,1489,0,0,0,0,0,0,0,0
09-05-2026 15:06,1,1,1,1539,0,12.8,340,1501,0,0,0,0,0,0,0,0
09-05-2026 15:06,1,1,1,1539,0,12.8,340,1501,0,0,0,0,0,0,0,0
09-05-2026 15:06,1,1,1,1575.1,0,12.5,340,1538,0,0,0,0,0,0,0,0
09-05-2026 15:06,1,1,1,1609.6,0,12.4,346,1572,0,0,0,0,0,0,0,0
09-05-2026 15:06,1,1,1,1609.6,0,12.4,346,1572,0,0,0,0,0,0,0,0
09-05-2026 15:06,1,1,1,1643.5,0,12.6,358,1604,0,0,0,0,0,0,0,0
09-05-2026 15:06,1,1,1,1643.5,0,12.6,358,1604,0,0,0,0,1,2,0,250
09-05-2026 15:06,1,1,1,1699.9,0,13.8,405,1651,0,0,0,0,1,2,0,250
09-05-2026 15:06,1,1,1,1699.9,0,13.8,405,1651,0,0,0,0,1,2,0,169
09-05-2026 15:06,1,1,1,1750.8,0,16.1,486,1682,0,0,0,0,1,2,0,169
09-05-2026 15:06,1,1,1,1750.8,0,16.1,486,1682,0,0,0,0,1,2,0,169
09-05-2026 15:06,1,1,1,1795.7,0,17.6,542,1712,0,0,0,0,1,2,0,169
09-05-2026 15:06,1,1,1,1807.8,0,16.1,501,1737,0,0,0,0,1,2,0,169
09-05-2026 15:06,1,1,1,1807.8,0,16.1,501,1737,0,0,0,0,1,2,0,169
09-05-2026 15:06,1,1,1,1815.6,0,14.8,465,1755,0,0,0,0,1,2,0,169
09-05-2026 15:06,1,1,1,1815.6,0,14.8,465,1755,0,0,0,0,1,2,0,169
09-05-2026 15:06,1,1,1,1817.1,0,14.1,444,1762,0,0,0,0,1,2,0,169
09-05-2026 15:06,1,1,1,1817.1,0,14.1,444,1762,0,0,0,0,1,2,0,169
09-05-2026 15:06,1,1,1,1820.5,0,13.7,430,1769,0,0,0,0,1,2,0,169
09-05-2026 15:06,1,1,1,1826.8,0,13.1,415,1779,0,0,0,0,1,2,0,169
09-05-2026 15:06,1,1,1,1826.8,0,13.1,415,1779,0,0,0,0,1,2,0,169
09-05-2026 15:06,1,1,1,1832.5,0,12.8,406,1787,0,0,0,0,1,2,0,169
09-05-2026 15:06,1,1,1,1832.5,0,12.8,406,1787,0,0,0,0,1,2,0,169
09-05-2026 15:06,1,1,1,1834.9,0,12.6,399,1791,0,0,0,0,0,0,0,0
09-05-2026 15:06,1,1,1,1834.9,0,12.6,399,1791,0,0,0,0,0,0,0,0
09-05-2026 15:06,1,1,1,1835.3,0,12.6,401,1791,0,0,0,0,0,0,0,0
09-05-2026 15:06,1,1,1,1835.3,0,12.6,401,1791,0,0,0,0,0,0,0,0
09-05-2026 15:06,1,1,1,1837.2,0,12.4,396,1794,0,0,0,0,0,0,0,0
09-05-2026 15:06,1,1,1,1843.2,0,12.6,401,1799,0,0,0,0,0,0,0,0
09-05-2026 15:06,1,1,1,1843.2,0,12.6,401,1799,0,0,0,0,0,0,0,0
09-05-2026 15:06,1,1,1,1851.8,0,13,418,1804,0,0,0,0,0,0,0,0
09-05-2026 15:06,1,1,1,1851.8,0,13,418,1804,0,0,0,0,0,0,0,0
09-05-2026 15:06,1,1,1,1852,0,13.7,440,1799,0,0,0,0,0,0,0,0
09-05-2026 15:06,1,1,1,1852,0,13.7,440,1799,0,0,0,0,0,0,0,0
09-05-2026 15:06,1,1,1,1853.3,0,14.7,469,1793,0,0,0,0,0,0,0,0
09-05-2026 15:06,1,1,1,1853.1,0,15.1,483,1789,0,0,0,0,0,0,0,0
09-05-2026 15:06,1,1,1,1853.1,0,15.1,483,1789,0,0,0,0,0,0,0,0
09-05-2026 15:06,1,1,1,1850.7,0,15.5,496,1783,0,0,0,0,0,0,0,0
09-05-2026 15:06,1,1,1,1850.7,0,15.5,496,1783,0,0,0,0,0,0,0,0
09-05-2026 15:06,1,1,1,1850.4,0,16,509,1779,0,0,0,0,0,0,0,0
09-05-2026 15:06,1,1,1,1850.4,0,16,509,1779,0,0,0,0,0,0,0,0
09-05-2026 15:06,1,1,1,1848.6,0,16.3,520,1774,0,0,0,0,0,0,0,0
09-05-2026 15:06,1,1,1,1848.6,0,16.3,520,1774,0,0,0,0,0,0,0,0
09-05-2026 15:06,1,1,1,1848.6,0,16.7,530,1771,0,0,0,0,0,0,0,0
09-05-2026 15:06,1,1,1,1848.2,0,16.4,522,1773,0,0,0,0,0,0,0,0
09-05-2026 15:06,1,1,1,1848.2,0,16.4,522,1773,0,0,0,0,0,0,0,0
09-05-2026 15:06,1,1,1,1851.1,0,16.2,515,1778,0,0,0,0,0,0,0,0
09-05-2026 15:06,1,1,1,1851.1,0,16.2,515,1778,0,0,0,0,0,0,0,0
09-05-2026 15:06,1,1,1,1851.8,0,15.9,507,1781,0,0,0,0,0,0,0,0
09-05-2026 15:06,1,1,1,1851.8,0,15.9,507,1781,0,0,0,0,0,0,0,0
09-05-2026 15:06,1,1,1,1852.2,0,15.6,498,1784,0,0,0,0,0,0,0,0
09-05-2026 15:06,1,1,1,1851.3,0,15.4,491,1785,0,0,0,0,0,0,0,0
09-05-2026 15:06,1,1,1,1851.3,0,15.4,491,1785,0,0,0,0,0,0,0,0
09-05-2026 15:06,1,1,1,1850.4,0,15.2,484,1786,0,0,0,0,0,0,0,0
09-05-2026 15:06,1,1,1,1850.4,0,15.2,484,1786,0,0,0,0,0,0,0,0
09-05-2026 15:06,1,1,1,1850.1,0,15,479,1787,0,0,0,0,0,0,0,0
09-05-2026 15:06,1,1,1,1850.1,0,15,479,1787,0,0,0,0,0,0,0,0
09-05-2026 15:06,1,1,1,1850.3,0,14.9,476,1788,0,0,0,0,0,0,0,0
09-05-2026 15:06,1,1,1,1850.3,0,14.9,476,1788,0,0,0,0,0,0,0,0
09-05-2026 15:06,1,1,1,1851,0,14.9,475,1789,0,0,0,0,0,0,0,0
09-05-2026 15:06,1,1,1,1852.7,0,14.8,474,1791,0,0,0,0,0,0,0,0
09-05-2026 15:06,1,1,1,1852.7,0,14.8,474,1791,0,0,0,0,0,0,0,0
09-05-2026 15:06,1,1,1,1852.2,0,14.9,476,1790,0,0,0,0,1,2,0,197
09-05-2026 15:06,1,1,1,1852.2,0,14.9,476,1790,0,0,0,0,1,2,0,197
09-05-2026 15:06,1,1,1,1851.3,0,15,480,1788,0,0,0,0,1,2,0,197
09-05-2026 15:06,1,1,1,1851.3,0,15,480,1788,0,0,0,0,1,2,0,197
09-05-2026 15:06,1,1,1,1850.8,0,15,478,1788,0,0,0,0,1,2,0,197
09-05-2026 15:06,1,1,1,1849.5,0,14.7,469,1789,0,0,0,0,1,2,0,197
09-05-2026 15:06,1,1,1,1849.5,0,14.7,469,1789,0,0,0,0,1,2,0,197
09-05-2026 15:06,1,1,1,1847.7,0,14.4,458,1790,0,0,0,0,1,2,0,197
09-05-2026 15:06,1,1,1,1847.7,0,14.4,458,1790,0,0,0,0,1,2,0,197
09-05-2026 15:06,1,1,1,1845.9,0,14,447,1791,0,0,0,0,1,2,0,197
09-05-2026 15:06,1,1,1,1845.9,0,14,447,1791,0,0,0,0,1,2,0,197
09-05-2026 15:06,1,1,1,1844.8,0,13.6,434,1793,0,0,0,0,1,2,0,197
09-05-2026 15:06,1,1,1,1844.8,0,13.6,434,1793,0,0,0,0,1,2,0,197
09-05-2026 15:06,1,1,1,1843.7,0,13.2,421,1795,0,0,0,0,1,2,0,197
09-05-2026 15:06,1,1,1,1843.4,0,12.9,411,1797,0,0,0,0,1,2,0,197
09-05-2026 15:06,1,1,1,1843.4,0,12.9,411,1797,0,0,0,0,0,0,0,0
09-05-2026 15:06,1,1,1,1844.8,0,12.7,404,1800,0,0,0,0,0,0,0,0
09-05-2026 15:06,1,1,1,1844.8,0,12.7,404,1800,0,0,0,0,0,0,0,0
09-05-2026 15:06,1,1,1,1850,0,12.5,401,1806,0,0,0,0,0,0,0,0
09-05-2026 15:06,1,1,1,1850,0,12.5,401,1806,0,0,0,0,0,0,0,0
09-05-2026 15:06,1,1,1,1853.9,0,12.5,401,1810,0,0,0,0,0,0,0,0
09-05-2026 15:06,1,1,1,1853.9,0,12.5,401,1810,0,0,0,0,0,0,0,0
09-05-2026 15:06,1,1,1,1855.4,0,12.4,399,1812,0,0,0,0,0,0,0,0
09-05-2026 15:06,1,1,1,1855.9,0,12.2,392,1814,0,0,0,0,0,0,0,0
09-05-2026 15:06,1,1,1,1855.9,0,12.2,392,1814,0,0,0,0,0,0,0,0
09-05-2026 15:06,1,1,1,1856.2,0,11.9,384,1816,0,0,0,0,0,0,0,0
09-05-2026 15:06,1,1,1,1856.2,0,11.9,384,1816,0,0,0,0,0,0,0,0
09-05-2026 15:06,1,1,1,1855.1,0,11.8,379,1816,0,0,0,0,0,0,0,0
09-05-2026 15:06,1,1,1,1855.1,0,11.8,379,1816,0,0,0,0,1,2,0,488
09-05-2026 15:06,1,1,1,1854.7,0,11.7,377,1816,0,0,0,0,1,2,0,488
09-05-2026 15:06,1,1,1,1854.9,0,11.8,378,1816,0,0,0,0,1,2,0,488
09-05-2026 15:06,1,1,1,1854.9,0,11.8,378,1816,0,0,0,0,1,2,0,488
09-05-2026 15:06,1,1,1,1856.3,0,11.8,380,1817,0,0,0,0,1,2,0,488
09-05-2026 15:06,1,1,1,1856.3,0,11.8,380,1817,0,0,0,0,1,2,0,488
09-05-2026 15:06,1,1,1,1856.3,0,11.8,380,1817,0,0,0,0,1,2,0,488
09-05-2026 15:06,1,1,1,1856.3,0,11.8,380,1817,0,0,0,0,1,2,0,488
09-05-2026 15:06,1,1,1,1856.3,0,11.8,380,1817,0,0,0,0,1,2,0,488
09-05-2026 15:06,1,1,1,1856.3,0,11.8,380,1817,0,0,0,0,1,2,0,488
09-05-2026 15:06,1,1,1,1858.3,0,11.8,380,1819,0,0,0,0,1,2,0,488
09-05-2026 15:06,1,1,1,1859.8,0,11.7,378,1821,0,0,0,0,1,2,0,488
09-05-2026 15:06,1,1,1,1859.8,0,11.7,378,1821,0,0,0,0,1,2,0,488
09-05-2026 15:06,1,1,1,1859,0,11.8,379,1820,0,0,0,0,1,2,0,488
09-05-2026 15:06,1,1,1,1859,0,11.8,379,1820,0,0,0,0,1,2,0,488
09-05-2026 15:06,1,1,1,1856.9,0,11.7,378,1818,0,0,0,0,0,0,0,0
09-05-2026 15:06,1,1,1,1856.9,0,11.7,378,1818,0,0,0,0,0,0,0,0
09-05-2026 15:06,1,1,1,1855.5,0,11.5,371,1818,0,0,0,0,0,0,0,0
09-05-2026 15:06,1,1,1,1852.7,0,11.3,362,1817,0,0,0,0,0,0,0,0
09-05-2026 15:06,1,1,1,1852.7,0,11.3,362,1817,0,0,0,0,0,0,0,0
09-05-2026 15:06,1,1,1,1851.2,0,11,354,1817,0,0,0,0,0,0,0,0
09-05-2026 15:06,1,1,1,1851.2,0,11,354,1817,0,0,0,0,0,0,0,0
09-05-2026 15:06,1,1,1,1848.7,0,10.8,346,1816,0,0,0,0,0,0,0,0
09-05-2026 15:06,1,1,1,1848.7,0,10.8,346,1816,0,0,0,0,0,0,0,0
09-05-2026 15:06,1,1,1,1852.5,0,10.4,335,1822,0,0,0,0,0,0,0,0
09-05-2026 15:06,1,1,1,1852.5,0,10.4,335,1822,0,0,0,0,0,0,0,0
09-05-2026 15:06,1,1,1,1858.3,0,10,323,1830,0,0,0,0,0,0,0,0
09-05-2026 15:06,1,1,1,1861.2,0,9.8,317,1834,0,0,0,0,0,0,0,0
09-05-2026 15:06,1,1,1,1861.2,0,9.8,317,1834,0,0,0,0,0,0,0,0
09-05-2026 15:06,1,1,1,1863.2,0,10,323,1835,0,0,0,0,0,0,0,0
09-05-2026 15:06,1,1,1,1863.2,0,10,323,1835,0,0,0,0,0,0,0,0
09-05-2026 15:06,1,1,1,1864,0,10.3,333,1834,0,0,0,0,0,0,0,0
09-05-2026 15:06,1,1,1,1864,0,10.3,333,1834,0,0,0,0,0,0,0,0
09-05-2026 15:06,1,1,1,1863.7,0,10.4,337,1833,0,0,0,0,0,0,0,0
09-05-2026 15:06,1,1,1,1864.2,0,10.3,334,1834,0,0,0,0,0,0,0,0
09-05-2026 15:06,1,1,1,1864.2,0,10.3,334,1834,0,0,0,0,0,0,0,0
09-05-2026 15:06,1,1,1,1865.2,0,10.2,329,1836,0,0,0,0,0,0,0,0
09-05-2026 15:06,1,1,1,1865.2,0,10.2,329,1836,0,0,0,0,0,0,0,0
09-05-2026 15:06,1,1,1,1865.4,0,10,324,1837,0,0,0,0,0,0,0,0
09-05-2026 15:06,1,1,1,1865.4,0,10,324,1837,0,0,0,0,0,0,0,0
09-05-2026 15:06,1,1,1,1865.6,0,9.9,320,1838,0,0,0,0,0,0,0,0
09-05-2026 15:06,1,1,1,1865.6,0,9.9,320,1838,0,0,0,0,0,0,0,0
09-05-2026 15:06,1,1,1,1866.1,0,9.8,317,1839,0,0,0,0,0,0,0,0
09-05-2026 15:06,1,1,1,1864.2,0,9.8,317,1837,0,0,0,0,0,0,0,0
09-05-2026 15:06,1,1,1,1864.2,0,9.8,317,1837,0,0,0,0,0,0,0,0
09-05-2026 15:06,1,1,1,1860.6,0,9.9,319,1833,0,0,0,0,0,0,0,0
09-05-2026 15:06,1,1,1,1860.6,0,9.9,319,1833,0,0,0,0,0,0,0,0
09-05-2026 15:06,1,1,1,1858.6,0,9.9,319,1831,0,0,0,0,0,0,0,0
09-05-2026 15:06,1,1,1,1858.6,0,9.9,319,1831,0,0,0,0,0,0,0,0
09-05-2026 15:06,1,1,1,1858.2,0,9.8,317,1831,0,0,0,0,0,0,0,0
09-05-2026 15:06,1,1,1,1857.9,0,9.8,315,1831,0,0,0,0,0,0,0,0
09-05-2026 15:06,1,1,1,1857.9,0,9.8,315,1831,0,0,0,0,0,0,0,0
09-05-2026 15:06,1,1,1,1857.9,0,9.8,315,1831,0,0,0,0,0,0,0,0
09-05-2026 15:06,1,1,1,1857.9,0,9.8,315,1831,0,0,0,0,0,0,0,0
09-05-2026 15:06,1,1,1,1858.5,0,9.7,313,1832,0,0,0,0,0,0,0,0
09-05-2026 15:06,1,1,1,1858.5,0,9.7,313,1832,0,0,0,0,0,0,0,0
09-05-2026 15:06,1,1,1,1861.8,0,9.6,309,1836,0,0,0,0,0,0,0,0
09-05-2026 15:06,1,1,1,1861.8,0,9.6,309,1836,0,0,0,0,0,0,0,0
09-05-2026 15:06,1,1,1,1863.3,0,9.5,306,1838,0,0,0,0,0,0,0,0
09-05-2026 15:06,1,1,1,1862.5,0,9.5,307,1837,0,0,0,0,0,0,0,0
09-05-2026 15:06,1,1,1,1862.5,0,9.5,307,1837,0,0,0,0,0,0,0,0
09-05-2026 15:06,1,1,1,1863.3,0,9.5,306,1838,0,0,0,0,0,0,0,0
09-05-2026 15:06,1,1,1,1863.3,0,9.5,306,1838,0,0,0,0,0,0,0,0
09-05-2026 15:06,1,1,1,1860.2,0,9.4,305,1835,0,0,0,0,0,0,0,0
09-05-2026 15:06,1,1,1,1860.2,0,9.4,305,1835,0,0,0,0,0,0,0,0
09-05-2026 15:06,1,1,1,1855.6,0,9.5,307,1830,0,0,0,0,0,0,0,0
09-05-2026 15:06,1,1,1,2463.5,0,6,258,2450,0,0,0,0,0,0,0,0
09-05-2026 15:06,1,1,1,2463.5,0,6,258,2450,0,0,0,0,0,0,0,0
09-05-2026 15:06,1,1,1,2465.7,0,5.6,240,2454,0,0,0,0,0,0,0,0
09-05-2026 15:06,1,1,1,2466.2,0,5.5,235,2455,0,0,0,0,0,0,0,0
09-05-2026 15:06,1,1,1,2466.2,0,5.5,235,2455,0,0,0,0,0,0,0,0
09-05-2026 15:06,1,1,1,2472.7,0,5.3,230,2462,0,0,0,0,0,0,0,0
09-05-2026 15:06,1,1,1,2472.7,0,5.3,230,2462,0,0,0,0,0,0,0,0
09-05-2026 15:06,1,1,1,2475.7,0,5.3,230,2465,0,0,0,0,0,0,0,0
09-05-2026 15:06,1,1,1,2475.7,0,5.3,230,2465,0,0,0,0,0,0,0,0
09-05-2026 15:06,1,1,1,2478.6,0,5.3,229,2468,0,0,0,0,0,0,0,0
09-05-2026 15:06,1,1,1,2478.6,0,5.3,229,2468,0,0,0,0,0,0,0,0
09-05-2026 15:06,1,1,1,2481.5,0,5.3,228,2471,0,0,0,0,0,0,0,0
09-05-2026 15:06,1,1,1,2484.4,0,5.2,227,2474,0,0,0,0,0,0,0,0
09-05-2026 15:06,1,1,1,2484.4,0,5.2,227,2474,0,0,0,0,0,0,0,0
09-05-2026 15:06,1,1,1,2486.4,0,5.2,227,2476,0,0,0,0,0,0,0,0
09-05-2026 15:06,1,1,1,2486.4,0,5.2,227,2476,0,0,0,0,0,0,0,0
09-05-2026 15:06,1,1,1,2489.4,0,5.2,227,2479,0,0,0,0,0,0,0,0
09-05-2026 15:06,1,1,1,2489.4,0,5.2,227,2479,0,0,0,0,0,0,0,0
09-05-2026 15:06,1,1,1,2491.4,0,5.2,227,2481,0,0,0,0,0,0,0,0
09-05-2026 15:06,1,1,1,2491.8,0,5.3,232,2481,0,0,0,0,0,0,0,0
09-05-2026 15:06,1,1,1,2491.8,0,5.3,232,2481,0,0,0,0,0,0,0,0
09-05-2026 15:06,1,1,1,2489.3,0,5.5,237,2478,0,0,0,0,0,0,0,0
09-05-2026 15:06,1,1,1,2489.3,0,5.5,237,2478,0,0,0,0,0,0,0,0
09-05-2026 15:06,1,1,1,2486,-8,5.6,244,2474,0,0,0,0,0,0,0,0
09-05-2026 15:06,1,1,1,2486,-8,5.6,244,2474,0,0,0,0,0,0,0,0
09-05-2026 15:06,1,1,1,2484.3,0,5.7,247,2472,0,0,0,0,0,0,0,0
09-05-2026 15:06,1,1,1,2484.3,0,5.7,247,2472,0,0,0,0,0,0,0,0
09-05-2026 15:06,1,1,1,2482.6,0,5.8,250,2470,0,0,0,0,0,0,0,0
09-05-2026 15:06,1,1,1,2479.5,0,6,258,2466,0,0,0,0,0,0,0,0
09-05-2026 15:06,1,1,1,2479.5,0,6,258,2466,0,0,0,0,0,0,0,0
09-05-2026 15:06,1,1,1,2476.4,0,6.2,267,2462,0,0,0,0,0,0,0,0
09-05-2026 15:06,1,1,1,2476.4,0,6.2,267,2462,0,0,0,0,0,0,0,0
09-05-2026 15:06,1,1,1,2475.1,0,6.3,273,2460,0,0,0,0,0,0,0,0
09-05-2026 15:06,1,1,1,2475.1,0,6.3,273,2460,0,0,0,0,0,0,0,0
09-05-2026 15:06,1,1,1,2481.3,0,5.7,247,2469,0,0,0,0,1,2.51,0,592
09-05-2026 15:06,1,1,1,2506.2,0,4,176,2500,0,0,0,0,1,2.51,0,592
09-05-2026 15:06,1,1,1,2506.2,0,4,176,2500,0,0,0,0,1,2.52,0,725
09-05-2026 15:06,1,1,1,2517.6,0,3.1,135,2514,0,0,0,0,1,2.52,0,725
09-05-2026 15:06,1,1,1,2517.6,0,3.1,135,2514,0,0,0,0,1,2.51,0,1130
09-05-2026 15:06,1,1,1,2513.7,0,3.1,136,2510,0,0,0,0,1,2.51,0,1130
09-05-2026 15:06,1,1,1,2513.7,0,3.1,136,2510,0,0,0,0,1,2.51,0,442
09-05-2026 15:06,1,1,1,2510.9,0,3.2,139,2507,0,0,0,0,1,2.51,0,442
09-05-2026 15:06,1,1,1,2510.9,0,3.2,139,2507,0,0,0,0,1,2.51,0,442
09-05-2026 15:06,1,1,1,2505.6,0,3.5,151,2501,0,0,0,0,1,2.51,0,442
09-05-2026 15:06,1,1,1,2493.8,0,4.2,184,2487,0,0,0,0,1,2.51,0,442
09-05-2026 15:06,1,1,1,2493.8,0,4.2,184,2487,0,0,0,0,1,2.51,0,442
09-05-2026 15:06,1,1,1,2485.4,0,4.7,204,2477,0,0,0,0,1,2.51,0,442
09-05-2026 15:06,1,1,1,2485.4,0,4.7,204,2477,0,0,0,0,1,2.51,0,442
09-05-2026 15:06,1,1,1,2478.1,0,5.2,223,2468,0,0,0,0,1,2.51,0,442
09-05-2026 15:06,1,1,1,2478.1,0,5.2,223,2468,0,0,0,0,1,2.51,0,442
09-05-2026 15:06,1,1,1,2470.7,0,5.3,230,2460,0,0,0,0,1,2.51,0,442
09-05-2026 15:06,1,1,1,2464.6,0,5.6,239,2453,0,0,0,0,1,2.51,0,442
09-05-2026 15:06,1,1,1,2464.6,0,5.6,239,2453,0,0,0,0,1,2.51,0,442
09-05-2026 15:06,1,1,1,2464.1,0,5.7,244,2452,0,0,0,0,1,2.51,0,442
09-05-2026 15:06,1,1,1,2464.1,0,5.7,244,2452,0,0,0,0,1,2.51,0,442
09-05-2026 15:06,1,1,1,2462,0,5.9,253,2449,0,0,0,0,0,0,0,0
09-05-2026 15:06,1,1,1,2462,0,5.9,253,2449,0,0,0,0,0,0,0,0
09-05-2026 15:06,1,1,1,2454.1,0,6.4,272,2439,0,0,0,0,0,0,0,0
09-05-2026 15:06,1,1,1,2454.1,0,6.4,272,2439,0,0,0,0,0,0,0,0
09-05-2026 15:06,1,1,1,2450.6,0,6.5,276,2435,0,0,0,0,0,0,0,0
09-05-2026 15:06,1,1,1,2452,0,6.3,271,2437,0,0,0,0,0,0,0,0
09-05-2026 15:06,1,1,1,2452,0,6.3,271,2437,0,0,0,0,0,0,0,0
09-05-2026 15:06,1,1,1,2453.1,0,6.2,263,2439,0,0,0,0,0,0,0,0
09-05-2026 15:06,1,1,1,2453.1,0,6.2,263,2439,0,0,0,0,0,0,0,0
09-05-2026 15:06,1,1,1,2457,0,5.9,252,2444,0,0,0,0,0,0,0,0
09-05-2026 15:06,1,1,1,2457,0,5.9,252,2444,0,0,0,0,0,0,0,0
09-05-2026 15:06,1,1,1,2459.1,0,5.7,244,2447,0,0,0,0,0,0,0,0
09-05-2026 15:06,1,1,1,2461.5,0,5.5,238,2450,0,0,0,0,0,0,0,0
09-05-2026 15:06,1,1,1,2461.5,0,5.5,238,2450,0,0,0,0,0,0,0,0
09-05-2026 15:06,1,1,1,2461.2,0,5.5,235,2450,0,0,0,0,0,0,0,0
09-05-2026 15:06,1,1,1,2461.2,0,5.5,235,2450,0,0,0,0,0,0,0,0
09-05-2026 15:06,1,1,1,2459.2,0,5.5,234,2448,0,0,0,0,0,0,0,0
09-05-2026 15:06,1,1,1,2459.2,0,5.5,234,2448,0,0,0,0,0,0,0,0
09-05-2026 15:06,1,1,1,2458.1,0,5.4,233,2447,0,0,0,0,0,0,0,0
09-05-2026 15:06,1,1,1,2458.1,0,5.4,233,2447,0,0,0,0,0,0,0,0
09-05-2026 15:06,1,1,1,2457,0,5.4,232,2446,0,0,0,0,0,0,0,0
09-05-2026 15:06,1,1,1,2457.3,0,5.3,225,2447,0,0,0,0,0,0,0,0
09-05-2026 15:06,1,1,1,2457.3,0,5.3,225,2447,0,0,0,0,0,0,0,0
09-05-2026 15:06,1,1,1,2456.1,0,5.2,222,2446,0,0,0,0,0,0,0,0
09-05-2026 15:06,1,1,1,2456.1,0,5.2,222,2446,0,0,0,0,0,0,0,0
09-05-2026 15:06,1,1,1,2452.6,0,5.3,228,2442,0,0,0,0,0,0,0,0
09-05-2026 15:06,1,1,1,2452.6,0,5.3,228,2442,0,0,0,0,0,0,0,0
09-05-2026 15:06,1,1,1,2447.5,0,5.6,237,2436,0,0,0,0,0,0,0,0
09-05-2026 15:06,1,1,1,2447.5,0,5.6,237,2436,0,0,0,0,0,0,0,0
09-05-2026 15:06,1,1,1,2443.3,0,5.8,245,2431,0,0,0,0,0,0,0,0
09-05-2026 15:06,1,1,1,2441.8,0,5.9,250,2429,0,0,0,0,0,0,0,0
09-05-2026 15:06,1,1,1,2441.8,0,5.9,250,2429,0,0,0,0,1,2.5,0.01,865
09-05-2026 15:06,1,1,1,2441.7,0,5.9,249,2429,0,0,0,0,1,2.5,0.01,865
09-05-2026 15:06,1,1,1,2441.7,0,5.9,249,2429,0,0,0,0,1,2.5,0,1153
09-05-2026 15:06,1,1,1,2442.8,0,5.9,250,2430,0,0,0,0,1,2.5,0,1153
09-05-2026 15:06,1,1,1,2442.8,0,5.9,250,2430,0,0,0,0,1,2.51,0,592
09-05-2026 15:06,1,1,1,2441.7,0,5.9,249,2429,0,0,0,0,1,2.51,0,592
09-05-2026 15:06,1,1,1,2440,0,5.9,252,2427,0,0,0,0,1,2.51,0,592
09-05-2026 15:06,1,1,1,2440,0,5.9,252,2427,0,0,0,0,1,2.51,0,592
09-05-2026 15:06,1,1,1,2436.2,0,6.2,263,2422,0,0,0,0,1,2.51,0,962
09-05-2026 15:06,1,1,1,2436.2,0,6.2,263,2422,0,0,0,0,1,2.51,0,962
09-05-2026 15:06,1,1,1,2432.5,0,6.5,274,2417,0,0,0,0,1,2.51,0,962
09-05-2026 15:06,1,1,1,2432.5,0,6.5,274,2417,0,0,0,0,1,2.51,0,962
09-05-2026 15:06,1,1,1,2429.4,0,6.7,282,2413,0,0,0,0,1,2.51,0,962
09-05-2026 15:06,1,1,1,2429.4,0,6.7,282,2413,0,0,0,0,1,2.51,0,962
09-05-2026 15:06,1,1,1,2427.3,0,6.8,289,2410,0,0,0,0,1,2.51,0,962
09-05-2026 15:06,1,1,1,2424,0,7,295,2406,0,0,0,0,1,2.51,0,962
09-05-2026 15:06,1,1,1,2424,0,7,295,2406,0,0,0,0,1,2.51,0,962
09-05-2026 15:06,1,1,1,2426.4,0,7.2,306,2407,0,0,0,0,1,2.51,0,962
09-05-2026 15:06,1,1,1,2426.4,0,7.2,306,2407,0,0,0,0,1,2.51,0,962
09-05-2026 15:06,1,1,1,2430.2,0,7.4,313,2410,0,0,0,0,1,2.51,0,962
09-05-2026 15:06,1,1,1,2430.2,0,7.4,313,2410,0,0,0,0,1,2.51,0,962
09-05-2026 15:06,1,1,1,2435.1,0,7.6,320,2414,0,0,0,0,1,2.51,0,962
09-05-2026 15:06,1,1,1,2435.2,0,7.7,328,2413,0,0,0,0,1,2.51,0,962
09-05-2026 15:06,1,1,1,2435.2,0,7.7,328,2413,0,0,0,0,0,0,0,0
09-05-2026 15:06,1,1,1,2433.3,0,7.9,336,2410,0,0,0,0,0,0,0,0
09-05-2026 15:06,1,1,1,2433.3,0,7.9,336,2410,0,0,0,0,0,0,0,0
09-05-2026 15:06,1,1,1,2431.5,0,8.1,344,2407,0,0,0,0,0,0,0,0
09-05-2026 15:06,1,1,1,2431.5,0,8.1,344,2407,0,0,0,0,0,0,0,0
09-05-2026 15:06,1,1,1,2426.1,0,8.4,355,2400,0,0,0,0,0,0,0,0
09-05-2026 15:06,1,1,1,2426.1,0,8.4,355,2400,0,0,0,0,0,0,0,0
09-05-2026 15:06,1,1,1,2421.7,0,8.7,365,2394,0,0,0,0,0,0,0,0
09-05-2026 15:06,1,1,1,2415,0,8.7,367,2387,0,0,0,0,0,0,0,0
09-05-2026 15:06,1,1,1,2415,0,8.7,367,2387,0,0,0,0,0,0,0,0
09-05-2026 15:06,1,1,1,2408.3,0,8.8,368,2380,0,0,0,0,0,0,0,0
09-05-2026 15:06,1,1,1,2408.3,0,8.8,368,2380,0,0,0,0,0,0,0,0
09-05-2026 15:06,1,1,1,2402.9,0,8.7,365,2375,0,0,0,0,0,0,0,0
09-05-2026 15:06,1,1,1,2402.9,0,8.7,365,2375,0,0,0,0,0,0,0,0
09-05-2026 15:06,1,1,1,2398.5,0,8.7,362,2371,0,0,0,0,0,0,0,0
09-05-2026 15:06,1,1,1,2403.6,0,7.9,329,2381,0,0,0,0,0,0,0,0
09-05-2026 15:06,1,1,1,2403.6,0,7.9,329,2381,0,0,0,0,0,0,0,0
09-05-2026 15:06,1,1,1,2413.1,0,7,295,2395,0,0,0,0,0,0,0,0
09-05-2026 15:06,1,1,1,2413.1,0,7,295,2395,0,0,0,0,0,0,0,0
09-05-2026 15:06,1,1,1,2437.5,0,5.6,237,2426,0,0,0,0,0,0,0,0
09-05-2026 15:06,1,1,1,2437.5,0,5.6,237,2426,0,0,0,0,0,0,0,0
09-05-2026 15:06,1,1,1,2445.2,0,6,254,2432,0,0,0,0,0,0,0,0
09-05-2026 15:06,1,1,1,2445.2,0,6,254,2432,0,0,0,0,0,0,0,0
09-05-2026 15:06,1,1,1,2448.6,0,6.7,285,2432,0,0,0,0,0,0,0,0
09-05-2026 15:06,1,1,1,2454.3,0,7,299,2436,0,0,0,0,0,0,0,0
09-05-2026 15:06,1,1,1,2454.3,0,7,299,2436,0,0,0,0,0,0,0,0
09-05-2026 15:06,1,1,1,2452.5,0,7.2,309,2433,0,0,0,0,0,0,0,0
09-05-2026 15:06,1,1,1,2452.5,0,7.2,309,2433,0,0,0,0,0,0,0,0
09-05-2026 15:06,1,1,1,2451.7,0,7.3,310,2432,0,0,0,0,0,0,0,0
09-05-2026 15:06,1,1,1,2451.7,0,7.3,310,2432,0,0,0,0,0,0,0,0
09-05-2026 15:06,1,1,1,2449.9,0,7.3,312,2430,0,0,0,0,0,0,0,0
09-05-2026 15:06,1,1,1,2447.6,0,7.4,317,2427,0,0,0,0,0,0,0,0
09-05-2026 15:06,1,1,1,2447.6,0,7.4,317,2427,0,0,0,0,0,0,0,0
09-05-2026 15:06,1,1,1,2440.9,0,7.7,326,2419,0,0,0,0,0,0,0,0
09-05-2026 15:06,1,1,1,2440.9,0,7.7,326,2419,0,0,0,0,0,0,0,0
09-05-2026 15:06,1,1,1,2435.6,0,8,338,2412,0,0,0,0,0,0,0,0
09-05-2026 15:06,1,1,1,2435.6,0,8,338,2412,0,0,0,0,0,0,0,0
09-05-2026 15:06,1,1,1,2419.7,0,8.7,365,2392,0,0,0,0,0,0,0,0
09-05-2026 15:06,1,1,1,2419.7,0,8.7,365,2392,0,0,0,0,0,0,0,0
09-05-2026 15:06,1,1,1,2403,0,9.5,397,2370,0,0,0,0,0,0,0,0
09-05-2026 15:06,1,1,1,2385.4,0,10.4,432,2346,0,0,0,0,0,0,0,0
09-05-2026 15:06,1,1,1,2385.4,0,10.4,432,2346,0,0,0,0,0,0,0,0
09-05-2026 15:06,1,1,1,2370.7,0,11.3,463,2325,0,0,0,0,0,0,0,0
09-05-2026 15:06,1,1,1,2370.7,0,11.3,463,2325,0,0,0,0,0,0,0,0
09-05-2026 15:06,1,1,1,2363.8,0,11.7,478,2315,0,0,0,0,0,0,0,0
09-05-2026 15:06,1,1,1,2363.8,0,11.7,478,2315,0,0,0,0,0,0,0,0
09-05-2026 15:06,1,1,1,2361.5,0,11.8,481,2312,0,0,0,0,0,0,0,0
09-05-2026 15:06,1,1,1,2360.2,0,11.8,484,2310,0,0,0,0,0,0,0,0
09-05-2026 15:06,1,1,1,2360.2,0,11.8,484,2310,0,0,0,0,0,0,0,0
09-05-2026 15:06,1,1,1,2358.8,0,11.9,487,2308,0,0,0,0,0,0,0,0
09-05-2026 15:06,1,1,1,2358.8,0,11.9,487,2308,0,0,0,0,0,0,0,0
09-05-2026 15:06,1,1,1,2357.5,0,12,490,2306,0,0,0,0,0,0,0,0
09-05-2026 15:06,1,1,1,2357.5,0,12,490,2306,0,0,0,0,0,0,0,0
09-05-2026 15:06,1,1,1,2356.2,0,12.1,493,2304,0,0,0,0,0,0,0,0
09-05-2026 15:06,1,1,1,2356.2,0,12.1,493,2304,0,0,0,0,0,0,0,0
09-05-2026 15:06,1,1,1,2357.1,0,11.9,488,2306,0,0,0,0,0,0,0,0
09-05-2026 15:06,1,1,1,2360.3,0,11.5,470,2313,0,0,0,0,0,0,0,0
09-05-2026 15:06,1,1,1,2360.3,0,11.5,470,2313,0,0,0,0,0,0,0,0
09-05-2026 15:06,1,1,1,2362.2,0,11.1,455,2318,0,0,0,0,0,0,0,0
09-05-2026 15:06,1,1,1,2362.2,0,11.1,455,2318,0,0,0,0,0,0,0,0
09-05-2026 15:06,1,1,1,2363.4,0,11.1,456,2319,0,0,0,0,0,0,0,0
09-05-2026 15:06,1,1,1,2363.4,0,11.1,456,2319,0,0,0,0,0,0,0,0
09-05-2026 15:06,1,1,1,2363.4,0,11.2,461,2318,0,0,0,0,0,0,0,0
09-05-2026 15:06,1,1,1,2363.4,0,11.2,461,2318,0,0,0,0,0,0,0,0
09-05-2026 15:06,1,1,1,2362.8,0,11.4,468,2316,0,0,0,0,0,0,0,0
09-05-2026 15:06,1,1,1,2359.1,0,11.5,469,2312,0,0,0,0,0,0,0,0
09-05-2026 15:06,1,1,1,2359.1,0,11.5,469,2312,0,0,0,0,0,0,0,0
09-05-2026 15:06,1,1,1,2357.5,0,11.4,466,2311,0,0,0,0,0,0,0,0
09-05-2026 15:06,1,1,1,2357.5,0,11.4,466,2311,0,0,0,0,0,0,0,0
09-05-2026 15:06,1,1,1,2358.5,0,11.1,456,2314,0,0,0,0,0,0,0,0
09-05-2026 15:06,1,1,1,2358.5,0,11.1,456,2314,0,0,0,0,0,0,0,0
09-05-2026 15:06,1,1,1,2362.9,0,10.1,416,2326,0,0,0,0,0,0,0,0
09-05-2026 15:06,1,1,1,2364.3,0,9.9,407,2329,0,0,0,0,0,0,0,0
09-05-2026 15:06,1,1,1,2364.3,0,9.9,407,2329,0,0,0,0,0,0,0,0
09-05-2026 15:06,1,1,1,2366.3,0,9.9,407,2331,0,0,0,0,0,0,0,0
09-05-2026 15:06,1,1,1,2366.3,0,9.9,407,2331,0,0,0,0,0,0,0,0
09-05-2026 15:06,1,1,1,2369.4,0,9.9,408,2334,0,0,0,0,0,0,0,0
09-05-2026 15:06,1,1,1,2369.4,0,9.9,408,2334,0,0,0,0,0,0,0,0
09-05-2026 15:06,1,1,1,2371.8,0,9.8,405,2337,0,0,0,0,0,0,0,0
09-05-2026 15:06,1,1,1,2371.8,0,9.8,405,2337,0,0,0,0,0,0,0,0
09-05-2026 15:06,1,1,1,2374.3,0,9.6,396,2341,0,0,0,0,0,0,0,0
09-05-2026 15:06,1,1,1,2377.2,0,9.3,384,2346,0,0,0,0,0,0,0,0
09-05-2026 15:06,1,1,1,2377.2,0,9.3,384,2346,0,0,0,0,0,0,0,0
09-05-2026 15:06,1,1,1,2381.4,0,9.2,379,2351,0,0,0,0,0,0,0,0
09-05-2026 15:06,1,1,1,2381.4,0,9.2,379,2351,0,0,0,0,0,0,0,0
09-05-2026 15:06,1,1,1,2386,0,8.9,371,2357,0,0,0,0,0,0,0,0
09-05-2026 15:06,1,1,1,2386,0,8.9,371,2357,0,0,0,0,0,0,0,0
09-05-2026 15:06,1,1,1,2388.5,8,8.9,368,2360,0,0,0,0,0,0,0,0
09-05-2026 15:06,1,1,1,2388.2,0,8.8,366,2360,0,0,0,0,0,0,0,0
09-05-2026 15:06,1,1,1,2388.2,0,8.8,366,2360,0,0,0,0,0,0,0,0
09-05-2026 15:06,1,1,1,2388.6,0,8.7,362,2361,0,0,0,0,0,0,0,0
09-05-2026 15:06,1,1,1,2388.6,0,8.7,362,2361,0,0,0,0,0,0,0,0
09-05-2026 15:06,1,1,1,2387.3,0,8.7,360,2360,0,0,0,0,0,0,0,0
09-05-2026 15:06,1,1,1,2387.3,0,8.7,360,2360,0,0,0,0,0,0,0,0
09-05-2026 15:06,1,1,1,2384.2,0,8.7,359,2357,0,0,0,0,0,0,0,0
09-05-2026 15:06,1,1,1,2384.2,0,8.7,359,2357,0,0,0,0,0,0,0,0
09-05-2026 15:06,1,1,1,2384.3,0,8.5,353,2358,0,0,0,0,0,0,0,0
09-05-2026 15:06,1,1,1,2389.3,0,8.2,340,2365,0,0,0,0,0,0,0,0
09-05-2026 15:06,1,1,1,2389.3,0,8.2,340,2365,0,0,0,0,0,0,0,0
09-05-2026 15:06,1,1,1,2396.1,0,7.8,325,2374,0,0,0,0,0,0,0,0
09-05-2026 15:06,1,1,1,2396.1,0,7.8,325,2374,0,0,0,0,0,0,0,0
09-05-2026 15:06,1,1,1,2402.9,0,7.6,316,2382,0,0,0,0,0,0,0,0
09-05-2026 15:06,1,1,1,2402.9,0,7.6,316,2382,0,0,0,0,0,0,0,0
09-05-2026 15:06,1,1,1,2406.6,0,7.7,322,2385,0,0,0,0,0,0,0,0
09-05-2026 15:06,1,1,1,2409,0,7.9,332,2386,0,0,0,0,0,0,0,0
09-05-2026 15:06,1,1,1,2409,0,7.9,332,2386,0,0,0,0,0,0,0,0
09-05-2026 15:06,1,1,1,2411.5,0,8.2,343,2387,0,0,0,0,0,0,0,0
09-05-2026 15:06,1,1,1,2411.5,0,8.2,343,2387,0,0,0,0,0,0,0,0
09-05-2026 15:06,1,1,1,2411,0,8.3,346,2386,0,0,0,0,0,0,0,0
09-05-2026 15:06,1,1,1,2411,0,8.3,346,2386,0,0,0,0,0,0,0,0
09-05-2026 15:06,1,1,1,2410.1,0,8.3,347,2385,0,0,0,0,0,0,0,0
09-05-2026 15:06,1,1,1,2410.1,0,8.3,347,2385,0,0,0,0,0,0,0,0
09-05-2026 15:06,1,1,1,2410.1,0,8.4,354,2384,0,0,0,0,0,0,0,0
09-05-2026 15:06,1,1,1,2409.9,0,8.6,359,2383,0,0,0,0,0,0,0,0
09-05-2026 15:06,1,1,1,2409.9,0,8.6,359,2383,0,0,0,0,0,0,0,0
09-05-2026 15:06,1,1,1,2411.5,0,8.7,363,2384,0,0,0,0,0,0,0,0
09-05-2026 15:06,1,1,1,2411.5,0,8.7,363,2384,0,0,0,0,0,0,0,0
09-05-2026 15:06,1,1,1,2412.1,0,8.8,367,2384,0,0,0,0,0,0,0,0
09-05-2026 15:06,1,1,1,2412.1,0,8.8,367,2384,0,0,0,0,0,0,0,0
09-05-2026 15:06,1,1,1,2414.2,0,8.8,368,2386,0,0,0,0,0,0,0,0
09-05-2026 15:06,1,1,1,2416,0,8.7,367,2388,0,0,0,0,0,0,0,0
09-05-2026 15:06,1,1,1,2416,0,8.7,367,2388,0,0,0,0,0,0,0,0
09-05-2026 15:06,1,1,1,2419.1,0,8.6,361,2392,0,0,0,0,0,0,0,0
09-05-2026 15:06,1,1,1,2419.1,0,8.6,361,2392,0,0,0,0,0,0,0,0
09-05-2026 15:06,1,1,1,2425.2,0,8.3,349,2400,0,0,0,0,0,0,0,0
09-05-2026 15:06,1,1,1,2425.2,0,8.3,349,2400,0,0,0,0,0,0,0,0
09-05-2026 15:06,1,1,1,2432.6,0,7.8,331,2410,0,0,0,0,0,0,0,0
09-05-2026 15:06,1,1,1,2432.6,0,7.8,331,2410,0,0,0,0,0,0,0,0
09-05-2026 15:06,1,1,1,2436,0,7.5,319,2415,0,0,0,0,0,0,0,0
09-05-2026 15:06,1,1,1,2438.2,0,7.4,313,2418,0,0,0,0,0,0,0,0
09-05-2026 15:06,1,1,1,2438.2,0,7.4,313,2418,0,0,0,0,0,0,0,0
09-05-2026 15:06,1,1,1,2436.7,0,7.5,317,2416,0,0,0,0,0,0,0,0
09-05-2026 15:06,1,1,1,2436.7,0,7.5,317,2416,0,0,0,0,0,0,0,0
09-05-2026 15:06,1,1,1,2434.5,0,7.6,323,2413,0,0,0,0,0,0,0,0
09-05-2026 15:06,1,1,1,2434.5,0,7.6,323,2413,0,0,0,0,0,0,0,0
09-05-2026 15:06,1,1,1,2430.9,0,7.9,333,2408,0,0,0,0,0,0,0,0
09-05-2026 15:06,1,1,1,2427.4,0,8.1,343,2403,0,0,0,0,0,0,0,0
09-05-2026 15:06,1,1,1,2427.4,0,8.1,343,2403,0,0,0,0,0,0,0,0
09-05-2026 15:06,1,1,1,2424.8,0,8.2,346,2400,0,0,0,0,0,0,0,0
09-05-2026 15:06,1,1,1,2424.8,0,8.2,346,2400,0,0,0,0,0,0,0,0
09-05-2026 15:06,1,1,1,2424,0,8.2,347,2399,0,0,0,0,0,0,0,0
09-05-2026 15:06,1,1,1,2424,0,8.2,347,2399,0,0,0,0,0,0,0,0
09-05-2026 15:06,1,1,1,2422,0,8.2,347,2397,0,0,0,0,0,0,0,0
09-05-2026 15:06,1,1,1,2422,0,8.2,347,2397,0,0,0,0,0,0,0,0
09-05-2026 15:06,1,1,1,2421.1,0,8.3,348,2396,0,0,0,0,0,0,0,0
09-05-2026 15:06,1,1,1,2420.3,0,8.3,349,2395,0,0,0,0,0,0,0,0
09-05-2026 15:06,1,1,1,2420.3,0,8.3,349,2395,0,0,0,0,0,0,0,0
09-05-2026 15:06,1,1,1,2419.7,0,8.2,345,2395,0,0,0,0,0,0,0,0
09-05-2026 15:06,1,1,1,2419.7,0,8.2,345,2395,0,0,0,0,0,0,0,0
09-05-2026 15:06,1,1,1,2420.1,0,8.1,341,2396,0,0,0,0,0,0,0,0
09-05-2026 15:06,1,1,1,2420.1,0,8.1,341,2396,0,0,0,0,0,0,0,0
09-05-2026 15:06,1,1,1,2421.4,0,8,336,2398,0,0,0,0,0,0,0,0
09-05-2026 15:06,1,1,1,2421.4,0,8,336,2398,0,0,0,0,0,0,0,0
09-05-2026 15:06,1,1,1,2421.7,0,7.9,331,2399,0,0,0,0,0,0,0,0
09-05-2026 15:06,1,1,1,2422,0,7.7,326,2400,0,0,0,0,0,0,0,0
09-05-2026 15:06,1,1,1,2422,0,7.7,326,2400,0,0,0,0,0,0,0,0
09-05-2026 15:06,1,1,1,2423.5,0,7.6,322,2402,0,0,0,0,0,0,0,0
09-05-2026 15:06,1,1,1,2423.5,0,7.6,322,2402,0,0,0,0,0,0,0,0
09-05-2026 15:06,1,1,1,2420.6,0,7.7,323,2399,0,0,0,0,0,0,0,0
09-05-2026 15:06,1,1,1,2420.6,0,7.7,323,2399,0,0,0,0,1,2.52,0,488
09-05-2026 15:06,1,1,1,2417.5,0,7.8,329,2395,0,0,0,0,1,2.52,0,488
09-05-2026 15:06,1,1,1,2414.1,0,7.9,333,2391,0,0,0,0,1,2.51,0,514
09-05-2026 15:06,1,1,1,2414.1,0,7.9,333,2391,0,0,0,0,1,2.51,0,514
09-05-2026 15:06,1,1,1,2413.9,0,7.9,332,2391,0,0,0,0,1,2.51,0,514
09-05-2026 15:06,1,1,1,2413.9,0,7.9,332,2391,0,0,0,0,1,2.51,0,514
09-05-2026 15:06,1,1,1,2414.7,0,7.9,330,2392,0,0,0,0,1,2.51,0,514
09-05-2026 15:06,1,1,1,2414.7,0,7.9,330,2392,0,0,0,0,1,2.51,0,514
09-05-2026 15:06,1,1,1,2415.2,0,7.6,319,2394,0,0,0,0,1,2.51,0,514
09-05-2026 15:06,1,1,1,2415.2,0,7.6,319,2394,0,0,0,0,1,2.51,0,514
09-05-2026 15:06,1,1,1,2414.9,0,7.4,309,2395,0,0,0,0,1,2.51,0,514
09-05-2026 15:06,1,1,1,2415.2,0,7.2,304,2396,0,0,0,0,1,2.51,0,514
09-05-2026 15:06,1,1,1,2415.2,0,7.2,304,2396,0,0,0,0,1,2.51,0,514
09-05-2026 15:06,1,1,1,2416.3,0,7.1,297,2398,0,0,0,0,1,2.51,0,514
09-05-2026 15:06,1,1,1,2416.3,0,7.1,297,2398,0,0,0,0,1,2.51,0,514
09-05-2026 15:06,1,1,1,2418.1,0,6.8,287,2401,0,0,0,0,1,2.51,0,514
09-05-2026 15:06,1,1,1,2418.1,0,6.8,287,2401,0,0,0,0,1,2.51,0,514
09-05-2026 15:06,1,1,1,2419,0,6.6,278,2403,0,0,0,0,0,0,0,0
09-05-2026 15:06,1,1,1,2420.2,0,6.4,271,2405,0,0,0,0,0,0,0,0
09-05-2026 15:06,1,1,1,2420.2,0,6.4,271,2405,0,0,0,0,0,0,0,0
09-05-2026 15:06,1,1,1,2422.1,0,6.4,270,2407,0,0,0,0,0,0,0,0
09-05-2026 15:06,1,1,1,2422.1,0,6.4,270,2407,0,0,0,0,0,0,0,0
09-05-2026 15:06,1,1,1,2424.8,0,6.5,276,2409,0,0,0,0,0,0,0,0
09-05-2026 15:06,1,1,1,2424.8,0,6.5,276,2409,0,0,0,0,0,0,0,0
09-05-2026 15:06,1,1,1,2425.2,0,6.8,288,2408,0,0,0,0,0,0,0,0
09-05-2026 15:06,1,1,1,2425.2,0,6.8,288,2408,0,0,0,0,0,0,0,0
09-05-2026 15:06,1,1,1,2422.3,0,7.9,335,2399,0,0,0,0,0,0,0,0
09-05-2026 15:06,1,1,1,2423,0,8.2,347,2398,0,0,0,0,0,0,0,0
09-05-2026 15:06,1,1,1,2423,0,8.2,347,2398,0,0,0,0,0,0,0,0
09-05-2026 15:06,1,1,1,2427.4,0,8,336,2404,0,0,0,0,0,0,0,0
09-05-2026 15:06,1,1,1,2427.4,0,8,336,2404,0,0,0,0,0,0,0,0
09-05-2026 15:06,1,1,1,2435.6,0,6.9,292,2418,0,0,0,0,0,0,0,0
09-05-2026 15:06,1,1,1,2435.6,0,6.9,292,2418,0,0,0,0,0,0,0,0
09-05-2026 15:06,1,1,1,2471.9,0,3.9,170,2466,0,0,0,0,0,0,0,0
09-05-2026 15:06,1,1,1,2529.4,0,1,44,2529,0,0,0,0,0,0,0,0
09-05-2026 15:06,1,1,1,2529.4,0,1,44,2529,0,0,0,0,0,0,0,0
09-05-2026 15:06,1,1,1,2512.2,0,1.8,79,2511,0,0,0,0,0,0,0,0
09-05-2026 15:06,1,1,1,2512.2,0,1.8,79,2511,0,0,0,0,0,0,0,0
09-05-2026 15:06,1,1,1,2488.1,0,2.9,125,2485,0,0,0,0,0,0,0,0
09-05-2026 15:06,1,1,1,2488.1,0,2.9,125,2485,0,0,0,0,0,0,0,0
09-05-2026 15:06,1,1,1,2471.9,0,3.6,156,2467,0,0,0,0,0,0,0,0
09-05-2026 15:06,1,1,1,2471.9,0,3.6,156,2467,0,0,0,0,0,0,0,0
09-05-2026 15:06,1,1,1,2477.3,0,3.4,146,2473,0,0,0,0,0,0,0,0
09-05-2026 15:06,1,1,1,2483.8,0,3.2,137,2480,0,0,0,0,0,0,0,0
09-05-2026 15:06,1,1,1,2483.8,0,3.2,137,2480,0,0,0,0,0,0,0,0
09-05-2026 15:06,1,1,1,2494.8,0,2.7,119,2492,0,0,0,0,0,0,0,0
09-05-2026 15:06,1,1,1,2494.8,0,2.7,119,2492,0,0,0,0,0,0,0,0
09-05-2026 15:06,1,1,1,2506.1,0,2.3,102,2504,0,0,0,0,0,0,0,0
09-05-2026 15:06,1,1,1,2506.1,0,2.3,102,2504,0,0,0,0,0,0,0,0
09-05-2026 15:06,1,1,1,2515.5,0,2,88,2514,0,0,0,0,0,0,0,0
09-05-2026 15:06,1,1,1,2524.1,0,1.7,75,2523,0,0,0,0,0,0,0,0
09-05-2026 15:06,1,1,1,2524.1,0,1.7,75,2523,0,0,0,0,0,0,0,0
09-05-2026 15:06,1,1,1,2519.6,0,2,89,2518,0,0,0,0,0,0,0,0
09-05-2026 15:06,1,1,1,2519.6,0,2,89,2518,0,0,0,0,0,0,0,0
09-05-2026 15:06,1,1,1,2518.1,0,2.3,102,2516,0,0,0,0,0,0,0,0
09-05-2026 15:06,1,1,1,2518.1,0,2.3,102,2516,0,0,0,0,0,0,0,0
09-05-2026 15:06,1,1,1,2518.6,0,2.6,114,2516,0,0,0,0,0,0,0,0
09-05-2026 15:06,1,1,1,2518.6,0,2.6,114,2516,0,0,0,0,0,0,0,0
09-05-2026 15:06,1,1,1,2508.4,0,3.4,149,2504,0,0,0,0,0,0,0,0
09-05-2026 15:06,1,1,1,2484.4,0,4.4,191,2477,0,0,0,0,0,0,0,0
09-05-2026 15:06,1,1,1,2484.4,0,4.4,191,2477,0,0,0,0,0,0,0,0
09-05-2026 15:06,1,1,1,2469.1,0,5.4,234,2458,0,0,0,0,0,0,0,0
09-05-2026 15:06,1,1,1,2469.1,0,5.4,234,2458,0,0,0,0,0,0,0,0
09-05-2026 15:06,1,1,1,2456.2,0,6.8,290,2439,0,0,0,0,0,0,0,0
09-05-2026 15:06,1,1,1,2456.2,0,6.8,290,2439,0,0,0,0,0,0,0,0
09-05-2026 15:06,1,1,1,2450.6,0,7.4,317,2430,0,0,0,0,0,0,0,0
09-05-2026 15:06,1,1,1,2450.6,0,7.4,317,2430,0,0,0,0,0,0,0,0
09-05-2026 15:06,1,1,1,2448,0,7.9,335,2425,0,0,0,0,0,0,0,0
09-05-2026 15:06,1,1,1,2438.2,0,8.6,363,2411,0,0,0,0,0,0,0,0
09-05-2026 15:06,1,1,1,2438.2,0,8.6,363,2411,0,0,0,0,0,0,0,0
09-05-2026 15:06,1,1,1,2428.5,0,9.2,390,2397,0,0,0,0,0,0,0,0
09-05-2026 15:06,1,1,1,2428.5,0,9.2,390,2397,0,0,0,0,0,0,0,0
09-05-2026 15:06,1,1,1,2419.9,0,9.9,415,2384,0,0,0,0,0,0,0,0
09-05-2026 15:06,1,1,1,2419.9,0,9.9,415,2384,0,0,0,0,0,0,0,0
09-05-2026 15:06,1,1,1,2418.1,0,10.3,433,2379,0,0,0,0,0,0,0,0
09-05-2026 15:06,1,1,1,2417.8,0,10.4,437,2378,0,0,0,0,0,0,0,0
09-05-2026 15:06,1,1,1,2417.8,0,10.4,437,2378,0,0,0,0,0,0,0,0
09-05-2026 15:06,1,1,1,2420,0,10.4,438,2380,0,0,0,0,0,0,0,0
09-05-2026 15:06,1,1,1,2420,0,10.4,438,2380,0,0,0,0,0,0,0,0
09-05-2026 15:06,1,1,1,2420.6,0,10.4,436,2381,0,0,0,0,0,0,0,0
09-05-2026 15:06,1,1,1,2420.6,0,10.4,436,2381,0,0,0,0,0,0,0,0
09-05-2026 15:06,1,1,1,2420.1,0,10.2,428,2382,0,0,0,0,0,0,0,0
09-05-2026 15:06,1,1,1,2420.1,0,10.2,428,2382,0,0,0,0,0,0,0,0
09-05-2026 15:06,1,1,1,2420.8,0,9.9,415,2385,0,0,0,0,0,0,0,0
09-05-2026 15:06,1,1,1,2422.4,0,9.4,395,2390,0,0,0,0,0,0,0,0
09-05-2026 15:06,1,1,1,2422.4,0,9.4,395,2390,0,0,0,0,0,0,0,0
09-05-2026 15:06,1,1,1,2425.8,0,8.7,366,2398,0,0,0,0,0,0,0,0
09-05-2026 15:06,1,1,1,2425.8,0,8.7,366,2398,0,0,0,0,0,0,0,0
09-05-2026 15:06,1,1,1,2435,0,6.8,287,2418,0,0,0,0,0,0,0,0
09-05-2026 15:06,1,1,1,2435,0,6.8,287,2418,0,0,0,0,0,0,0,0
09-05-2026 15:06,1,1,1,2414.5,0,7.3,306,2395,0,0,0,0,0,0,0,0
09-05-2026 15:06,1,1,1,2406.6,0,7.5,314,2386,0,0,0,0,0,0,0,0
09-05-2026 15:06,1,1,1,2406.6,0,7.5,314,2386,0,0,0,0,0,0,0,0
09-05-2026 15:06,1,1,1,2397.3,0,7.8,326,2375,0,0,0,0,0,0,0,0
09-05-2026 15:06,1,1,1,2397.3,0,7.8,326,2375,0,0,0,0,0,0,0,0
09-05-2026 15:06,1,1,1,2391.3,0,8,333,2368,0,0,0,0,0,0,0,0
09-05-2026 15:06,1,1,1,2391.3,0,8,333,2368,0,0,0,0,0,0,0,0
09-05-2026 15:06,1,1,1,2386.9,0,8.1,337,2363,0,0,0,0,0,0,0,0
09-05-2026 15:06,1,1,1,2386.9,0,8.1,337,2363,0,0,0,0,0,0,0,0
09-05-2026 15:06,1,1,1,2383.1,0,8.2,338,2359,0,0,0,0,0,0,0,0
09-05-2026 15:06,1,1,1,2380.4,0,8.2,340,2356,0,0,0,0,0,0,0,0
09-05-2026 15:06,1,1,1,2380.4,0,8.2,340,2356,0,0,0,0,0,0,0,0
09-05-2026 15:06,1,1,1,2377,0,8.2,337,2353,0,0,0,0,0,0,0,0
09-05-2026 15:06,1,1,1,2377,0,8.2,337,2353,0,0,0,0,0,0,0,0
09-05-2026 15:06,1,1,1,2373.1,0,8.2,337,2349,0,0,0,0,0,0,0,0
09-05-2026 15:06,1,1,1,2373.1,0,8.2,337,2349,0,0,0,0,0,0,0,0
09-05-2026 15:06,1,1,1,2366.8,0,8.3,342,2342,0,0,0,0,0,0,0,0
09-05-2026 15:06,1,1,1,2361.6,0,8.4,347,2336,0,0,0,0,0,0,0,0
09-05-2026 15:06,1,1,1,2361.6,0,8.4,347,2336,0,0,0,0,0,0,0,0
09-05-2026 15:06,1,1,1,2357,0,8.5,349,2331,0,0,0,0,0,0,0,0
09-05-2026 15:06,1,1,1,2357,0,8.5,349,2331,0,0,0,0,0,0,0,0
09-05-2026 15:06,1,1,1,2356.7,0,8.3,340,2332,0,0,0,0,0,0,0,0
09-05-2026 15:06,1,1,1,2356.7,0,8.3,340,2332,0,0,0,0,0,0,0,0
09-05-2026 15:06,1,1,1,2361,0,8,329,2338,0,0,0,0,0,0,0,0
09-05-2026 15:06,1,1,1,2361,0,8,329,2338,0,0,0,0,0,0,0,0
09-05-2026 15:06,1,1,1,2365.2,0,7.7,316,2344,0,0,0,0,0,0,0,0
09-05-2026 15:06,1,1,1,2383.6,0,6.3,263,2369,0,0,0,0,0,0,0,0
09-05-2026 15:06,1,1,1,2383.6,0,6.3,263,2369,0,0,0,0,0,0,0,0
09-05-2026 15:06,1,1,1,2411,0,4.4,183,2404,0,0,0,0,0,0,0,0
09-05-2026 15:06,1,1,1,2411,0,4.4,183,2404,0,0,0,0,0,0,0,0
09-05-2026 15:06,1,1,1,2472.4,0,1,43,2472,0,0,0,0,0,0,0,0
09-05-2026 15:06,1,1,1,2472.4,0,1,43,2472,0,0,0,0,0,0,0,0
09-05-2026 15:06,1,1,1,2468,0,2.3,99,2466,0,0,0,0,0,0,0,0
09-05-2026 15:06,1,1,1,2463.9,0,3.2,138,2460,0,0,0,0,0,0,0,0
09-05-2026 15:06,1,1,1,2463.9,0,3.2,138,2460,0,0,0,0,0,0,0,0
09-05-2026 15:06,1,1,1,2460.2,0,4.1,174,2454,0,0,0,0,0,0,0,0
09-05-2026 15:06,1,1,1,2460.2,0,4.1,174,2454,0,0,0,0,0,0,0,0
09-05-2026 15:06,1,1,1,2457.6,0,4.8,205,2449,0,0,0,0,0,0,0,0
09-05-2026 15:06,1,1,1,2457.6,0,4.8,205,2449,0,0,0,0,0,0,0,0
09-05-2026 15:06,1,1,1,2451.7,0,5.1,218,2442,0,0,0,0,0,0,0,0
09-05-2026 15:06,1,1,1,2451.7,0,5.1,218,2442,0,0,0,0,0,0,0,0
09-05-2026 15:06,1,1,1,2450.9,0,4.9,209,2442,0,0,0,0,0,0,0,0
09-05-2026 15:06,1,1,1,2454.3,0,4.4,189,2447,0,0,0,0,0,0,0,0
09-05-2026 15:06,1,1,1,2454.3,0,4.4,189,2447,0,0,0,0,0,0,0,0
09-05-2026 15:06,1,1,1,2460.7,0,3.5,152,2456,0,0,0,0,0,0,0,0
09-05-2026 15:06,1,1,1,2460.7,0,3.5,152,2456,0,0,0,0,0,0,0,0
09-05-2026 15:06,1,1,1,2454.4,0,3,129,2451,0,0,0,0,0,0,0,0
09-05-2026 15:06,1,1,1,2454.4,0,3,129,2451,0,0,0,0,0,0,0,0
09-05-2026 15:06,1,1,1,2439.7,0,3.1,134,2436,0,0,0,0,0,0,0,0
09-05-2026 15:06,1,1,1,2426.1,0,3.7,157,2421,0,0,0,0,0,0,0,0
09-05-2026 15:06,1,1,1,2426.1,0,3.7,157,2421,0,0,0,0,0,0,0,0
09-05-2026 15:06,1,1,1,2419.9,0,4,169,2414,0,0,0,0,0,0,0,0
09-05-2026 15:06,1,1,1,2419.9,0,4,169,2414,0,0,0,0,0,0,0,0
09-05-2026 15:06,1,1,1,2415.3,0,4.2,175,2409,0,0,0,0,0,0,0,0
09-05-2026 15:06,1,1,1,2415.3,0,4.2,175,2409,0,0,0,0,0,0,0,0
09-05-2026 15:06,1,1,1,2421,0,4,170,2415,0,0,0,0,0,0,0,0
09-05-2026 15:06,1,1,1,2421,0,4,170,2415,0,0,0,0,0,0,0,0
09-05-2026 15:06,1,1,1,2430.1,0,3.7,158,2425,0,0,0,0,0,0,0,0
09-05-2026 15:06,1,1,1,2465.5,0,2.6,112,2463,0,0,0,0,0,0,0,0
09-05-2026 15:06,1,1,1,2465.5,0,2.6,112,2463,0,0,0,0,0,0,0,0
09-05-2026 15:06,1,1,1,2499,0,1.6,69,2498,0,0,0,0,0,0,0,0
09-05-2026 15:06,1,1,1,2499,0,1.6,69,2498,0,0,0,0,0,0,0,0
09-05-2026 15:06,1,1,1,2531.1,0,0.4,16,2531,0,0,0,0,0,0,0,0
09-05-2026 15:06,1,1,1,2531.1,0,0.4,16,2531,0,0,0,0,0,0,0,0
09-05-2026 15:06,1,1,1,2567.8,0,-2.7,-119,2565,0,0,0,0,0,0,0,0
09-05-2026 15:06,1,1,1,2567.8,0,-2.7,-119,2565,0,0,0,0,0,0,0,0
09-05-2026 15:06,1,1,1,2650,0,-8.5,-391,2621,0,0,0,0,0,0,0,0
09-05-2026 15:06,1,1,1,2742.7,0,-13.5,-640,2667,0,0,0,0,0,0,0,0
09-05-2026 15:06,1,1,1,2742.7,0,-13.5,-640,2667,0,0,0,0,0,0,0,0
09-05-2026 15:06,1,1,1,2835.7,0,-17.1,-835,2710,0,0,0,0,0,0,0,0
09-05-2026 15:06,1,1,1,2835.7,0,-17.1,-835,2710,0,0,0,0,0,0,0,0
09-05-2026 15:06,1,1,1,2918.7,0,-20.1,-1003,2741,0,0,0,0,0,0,0,0
09-05-2026 15:06,1,1,1,2918.7,0,-20.1,-1003,2741,0,0,0,0,0,0,0,0
09-05-2026 15:06,1,1,1,2990.4,0,-23,-1170,2752,0,0,0,0,0,0,0,0
09-05-2026 15:06,1,1,1,3057.5,0,-25.7,-1324,2756,0,0,0,0,0,0,0,0
09-05-2026 15:06,1,1,1,3057.5,0,-25.7,-1324,2756,0,0,0,0,0,0,0,0
09-05-2026 15:06,1,1,1,3119.4,0,-28,-1463,2755,0,0,0,0,0,0,0,0
09-05-2026 15:06,1,1,1,3119.4,0,-28,-1463,2755,0,0,0,0,0,0,0,0
09-05-2026 15:06,1,1,1,3154.8,0,-29.8,-1569,2737,0,0,0,0,0,0,0,0
09-05-2026 15:06,1,1,1,3154.8,0,-29.8,-1569,2737,0,0,0,0,0,0,0,0
09-05-2026 15:06,1,1,1,3179.3,0,-31.2,-1646,2720,0,0,0,0,0,0,0,0
09-05-2026 15:06,1,1,1,3179.3,0,-31.2,-1646,2720,0,0,0,0,0,0,0,0
09-05-2026 15:06,1,1,1,3179.2,0,-31.9,-1680,2699,0,0,0,0,0,0,0,0
09-05-2026 15:06,1,1,1,3043.4,0,-29.7,-1509,2643,0,0,0,0,0,0,0,0
09-05-2026 15:06,1,1,1,3043.4,0,-29.7,-1509,2643,0,0,0,0,0,0,0,0
09-05-2026 15:06,1,1,1,2841.3,0,-24.5,-1177,2586,0,0,0,0,0,0,0,0
09-05-2026 15:06,1,1,1,2841.3,0,-24.5,-1177,2586,0,0,0,0,0,0,0,0
09-05-2026 15:06,1,1,1,2695.7,0,-19.6,-903,2540,0,0,0,0,0,0,0,0
09-05-2026 15:06,1,1,1,2695.7,0,-19.6,-903,2540,0,0,0,0,0,0,0,0
09-05-2026 15:06,1,1,1,2576.9,0,-14.7,-656,2492,0,0,0,0,0,0,0,0
09-05-2026 15:06,1,1,1,2501.2,0,-10.7,-463,2458,0,0,0,0,0,0,0,0
09-05-2026 15:06,1,1,1,2501.2,0,-10.7,-463,2458,0,0,0,0,0,0,0,0
09-05-2026 15:06,1,1,1,2468.8,0,-8.1,-349,2444,0,0,0,0,0,0,0,0
09-05-2026 15:06,1,1,1,2468.8,0,-8.1,-349,2444,0,0,0,0,0,0,0,0
09-05-2026 15:06,1,1,1,2449.8,0,-6.3,-269,2435,0,0,0,0,0,0,0,0
09-05-2026 15:06,1,1,1,2449.8,0,-6.3,-269,2435,0,0,0,0,0,0,0,0
09-05-2026 15:06,1,1,1,2426.2,0,-4.4,-187,2419,0,0,0,0,0,0,0,0
09-05-2026 15:06,1,1,1,2426.2,0,-4.4,-187,2419,0,0,0,0,0,0,0,0
09-05-2026 15:06,1,1,1,2389,0,-1.7,-69,2388,0,0,0,0,0,0,0,0
09-05-2026 15:06,1,1,1,2365.2,0,0.7,29,2365,0,0,0,0,0,0,0,0
09-05-2026 15:06,1,1,1,2365.2,0,0.7,29,2365,0,0,0,0,0,0,0,0
09-05-2026 15:06,1,1,1,2351,0,2.9,118,2348,0,0,0,0,0,0,0,0
09-05-2026 15:06,1,1,1,2351,0,2.9,118,2348,0,0,0,0,0,0,0,0
09-05-2026 15:06,1,1,1,2351.3,0,4.5,185,2344,0,0,0,0,0,0,0,0
09-05-2026 15:06,1,1,1,2351.3,0,4.5,185,2344,0,0,0,0,0,0,0,0
09-05-2026 15:06,1,1,1,2359.8,0,5.5,226,2349,0,0,0,0,0,0,0,0
09-05-2026 15:06,1,1,1,2372.5,0,6.1,253,2359,0,0,0,0,0,0,0,0
09-05-2026 15:06,1,1,1,2372.5,0,6.1,253,2359,0,0,0,0,0,0,0,0
09-05-2026 15:06,1,1,1,2380.6,0,6.3,263,2366,0,0,0,0,0,0,0,0
09-05-2026 15:06,1,1,1,2380.6,0,6.3,263,2366,0,0,0,0,0,0,0,0
09-05-2026 15:06,1,1,1,2387.7,0,6.6,273,2372,0,0,0,0,0,0,0,0
09-05-2026 15:06,1,1,1,2387.7,0,6.6,273,2372,0,0,0,0,0,0,0,0
09-05-2026 15:06,1,1,1,2393.6,0,6.7,281,2377,0,0,0,0,0,0,0,0
09-05-2026 15:06,1,1,1,2393.6,0,6.7,281,2377,0,0,0,0,0,0,0,0
09-05-2026 15:06,1,1,1,2400.9,0,6.4,267,2386,0,0,0,0,0,0,0,0
09-05-2026 15:06,1,1,1,2403.7,0,6.3,265,2389,0,0,0,0,0,0,0,0
09-05-2026 15:06,1,1,1,2403.7,0,6.3,265,2389,0,0,0,0,0,0,0,0
09-05-2026 15:06,1,1,1,2406.4,0,6.3,263,2392,0,0,0,0,0,0,0,0
09-05-2026 15:06,1,1,1,2406.4,0,6.3,263,2392,0,0,0,0,0,0,0,0
09-05-2026 15:06,1,1,1,2409.2,0,6.2,261,2395,0,0,0,0,0,0,0,0
09-05-2026 15:06,1,1,1,2409.2,0,6.2,261,2395,0,0,0,0,0,0,0,0
09-05-2026 15:06,1,1,1,2411.1,0,6.2,260,2397,0,0,0,0,0,0,0,0
09-05-2026 15:06,1,1,1,2412.4,0,6.3,263,2398,0,0,0,0,0,0,0,0
09-05-2026 15:06,1,1,1,2412.4,0,6.3,263,2398,0,0,0,0,0,0,0,0
09-05-2026 15:06,1,1,1,2413.9,0,6.4,268,2399,0,0,0,0,0,0,0,0
09-05-2026 15:06,1,1,1,2413.9,0,6.4,268,2399,0,0,0,0,0,0,0,0
09-05-2026 15:06,1,1,1,2416.8,0,6.3,267,2402,0,0,0,0,0,0,0,0
09-05-2026 15:06,1,1,1,2416.8,0,6.3,267,2402,0,0,0,0,0,0,0,0
09-05-2026 15:06,1,1,1,2423.3,0,6,254,2410,0,0,0,0,0,0,0,0
09-05-2026 15:06,1,1,1,2423.3,0,6,254,2410,0,0,0,0,0,0,0,0
09-05-2026 15:06,1,1,1,2432.2,0,5.5,233,2421,0,0,0,0,0,0,0,0
09-05-2026 15:06,1,1,1,2441.1,0,5,211,2432,0,0,0,0,0,0,0,0
09-05-2026 15:06,1,1,1,2441.1,0,5,211,2432,0,0,0,0,0,0,0,0
09-05-2026 15:06,1,1,1,2438.4,0,5,214,2429,0,0,0,0,0,0,0,0
09-05-2026 15:06,1,1,1,2438.4,0,5,214,2429,0,0,0,0,0,0,0,0
09-05-2026 15:06,1,1,1,2437.6,0,5.1,216,2428,0,0,0,0,0,0,0,0
09-05-2026 15:06,1,1,1,2437.6,0,5.1,216,2428,0,0,0,0,0,0,0,0
09-05-2026 15:06,1,1,1,2437.4,0,4.8,202,2429,0,0,0,0,0,0,0,0
09-05-2026 15:06,1,1,1,2435.3,0,3.8,160,2430,0,0,0,0,0,0,0,0
09-05-2026 15:06,1,1,1,2435.3,0,3.8,160,2430,0,0,0,0,0,0,0,0
09-05-2026 15:06,1,1,1,2432.6,0,2.7,113,2430,0,0,0,0,0,0,0,0
09-05-2026 15:06,1,1,1,2432.6,0,2.7,113,2430,0,0,0,0,0,0,0,0
09-05-2026 15:06,1,1,1,2431,0,1.6,68,2430,0,0,0,0,0,0,0,0
09-05-2026 15:06,1,1,1,2431,0,1.6,68,2430,0,0,0,0,0,0,0,0
09-05-2026 15:06,1,1,1,2430.1,0,0.6,24,2430,0,0,0,0,0,0,0,0
09-05-2026 15:06,1,1,1,2430.1,0,0.6,24,2430,0,0,0,0,0,0,0,0
09-05-2026 15:06,1,1,1,2436.1,0,-0.4,-16,2436,0,0,0,0,0,0,0,0
09-05-2026 15:06,1,1,1,2446.5,0,-1.1,-49,2446,0,0,0,0,0,0,0,0
09-05-2026 15:06,1,1,1,2446.5,0,-1.1,-49,2446,0,0,0,0,0,0,0,0
09-05-2026 15:06,1,1,1,2457,0,-1.6,-69,2456,0,0,0,0,0,0,0,0
09-05-2026 15:06,1,1,1,2457,0,-1.6,-69,2456,0,0,0,0,0,0,0,0
09-05-2026 15:06,1,1,1,2459.8,0,-1.5,-63,2459,0,0,0,0,0,0,0,0
09-05-2026 15:06,1,1,1,2459.8,0,-1.5,-63,2459,0,0,0,0,0,0,0,0
09-05-2026 15:06,1,1,1,2453,0,-0.3,-12,2453,0,0,0,0,0,0,0,0
09-05-2026 15:06,1,1,1,2453,0,-0.3,-12,2453,0,0,0,0,0,0,0,0
09-05-2026 15:06,1,1,1,2422.2,0,2.9,124,2419,0,0,0,0,0,0,0,0
09-05-2026 15:06,1,1,1,2398.2,0,5.8,242,2386,0,0,0,0,0,0,0,0
09-05-2026 15:06,1,1,1,2398.2,0,5.8,242,2386,0,0,0,0,0,0,0,0
09-05-2026 15:06,1,1,1,2373.3,0,7.5,310,2353,0,0,0,0,0,0,0,0
09-05-2026 15:06,1,1,1,2373.3,0,7.5,310,2353,0,0,0,0,0,0,0,0
09-05-2026 15:06,1,1,1,2361.2,0,8,330,2338,0,0,0,0,0,0,0,0
09-05-2026 15:06,1,1,1,2361.2,0,8,330,2338,0,0,0,0,0,0,0,0
09-05-2026 15:06,1,1,1,2360.2,0,7.9,323,2338,0,0,0,0,0,0,0,0
09-05-2026 15:06,1,1,1,2360.5,0,7.7,318,2339,0,0,0,0,0,0,0,0
09-05-2026 15:06,1,1,1,2360.5,0,7.7,318,2339,0,0,0,0,1,2.51,0.01,293
09-05-2026 15:06,1,1,1,2358.4,0,7.9,324,2336,0,0,0,0,1,2.51,0.01,293
09-05-2026 15:06,1,1,1,2358.4,0,7.9,324,2336,0,0,0,0,1,2.51,0.01,293
09-05-2026 15:06,1,1,1,2359.5,0,7.9,325,2337,0,0,0,0,1,2.51,0.01,293
09-05-2026 15:06,1,1,1,2359.5,0,7.9,325,2337,0,0,0,0,1,2.51,0.01,293
09-05-2026 15:06,1,1,1,2358.2,0,8,330,2335,0,0,0,0,1,2.51,0.01,293
09-05-2026 15:06,1,1,1,2358.2,0,8,330,2335,0,0,0,0,1,2.51,0.01,293
09-05-2026 15:06,1,1,1,2354.5,0,8.3,339,2330,0,0,0,0,1,2.51,0.01,293
09-05-2026 15:06,1,1,1,2347.2,0,8.7,356,2320,0,0,0,0,1,2.51,0.01,293
09-05-2026 15:06,1,1,1,2347.2,0,8.7,356,2320,0,0,0,0,1,2.51,0.01,293
09-05-2026 15:06,1,1,1,2345.9,0,8.9,361,2318,0,0,0,0,1,2.51,0.01,293
09-05-2026 15:06,1,1,1,2345.9,0,8.9,361,2318,0,0,0,0,1,2.51,0.01,293
09-05-2026 15:06,1,1,1,2346.9,0,8.8,361,2319,0,0,0,0,1,2.51,0.01,293
09-05-2026 15:06,1,1,1,2346.9,0,8.8,361,2319,0,0,0,0,1,2.51,0.01,293
09-05-2026 15:06,1,1,1,2348.6,0,8.8,359,2321,0,0,0,0,1,2.51,0.01,293
09-05-2026 15:06,1,1,1,2351.3,0,8.7,357,2324,0,0,0,0,0,0,0,0
09-05-2026 15:06,1,1,1,2351.3,0,8.7,357,2324,0,0,0,0,0,0,0,0
09-05-2026 15:06,1,1,1,2355.1,0,8.7,356,2328,0,0,0,0,0,0,0,0
09-05-2026 15:06,1,1,1,2355.1,0,8.7,356,2328,0,0,0,0,0,0,0,0
09-05-2026 15:06,1,1,1,2361.8,0,8.8,361,2334,0,0,0,0,0,0,0,0
09-05-2026 15:06,1,1,1,2361.8,0,8.8,361,2334,0,0,0,0,0,0,0,0
09-05-2026 15:06,1,1,1,2370.3,0,8.9,365,2342,0,0,0,0,0,0,0,0
09-05-2026 15:06,1,1,1,2370.3,0,8.9,365,2342,0,0,0,0,0,0,0,0
09-05-2026 15:06,1,1,1,2380.5,0,8.6,354,2354,0,0,0,0,0,0,0,0
09-05-2026 15:06,1,1,1,2394.3,0,8,333,2371,0,0,0,0,0,0,0,0
09-05-2026 15:06,1,1,1,2394.3,0,8,333,2371,0,0,0,0,0,0,0,0
09-05-2026 15:06,1,1,1,2439.3,0,5.5,235,2428,0,0,0,0,0,0,0,0
09-05-2026 15:06,1,1,1,2439.3,0,5.5,235,2428,0,0,0,0,0,0,0,0
09-05-2026 15:06,1,1,1,2541.5,0,1.1,49,2541,0,0,0,0,0,0,0,0
09-05-2026 15:06,1,1,1,2541.5,0,1.1,49,2541,0,0,0,0,0,0,0,0
09-05-2026 15:06,1,1,1,2633.8,0,-2.1,-97,2632,0,0,0,0,0,0,0,0
09-05-2026 15:06,1,1,1,2717.2,0,-5.4,-257,2705,0,0,0,0,0,0,0,0
09-05-2026 15:06,1,1,1,2717.2,0,-5.4,-257,2705,0,0,0,0,0,0,0,0
09-05-2026 15:06,1,1,1,2765.3,0,-10.3,-493,2721,0,0,0,0,0,0,0,0
09-05-2026 15:06,1,1,1,2765.3,0,-10.3,-493,2721,0,0,0,0,0,0,0,0
09-05-2026 15:06,1,1,1,2812.8,0,-15.2,-739,2714,0,0,0,0,0,0,0,0
09-05-2026 15:06,1,1,1,2812.8,0,-15.2,-739,2714,0,0,0,0,0,0,0,0
09-05-2026 15:06,1,1,1,2864.2,0,-19.7,-967,2696,0,0,0,0,0,0,0,0
09-05-2026 15:06,1,1,1,2864.2,0,-19.7,-967,2696,0,0,0,0,0,0,0,0
09-05-2026 15:06,1,1,1,2919.1,0,-23.7,-1173,2673,0,0,0,0,0,0,0,0
09-05-2026 15:06,1,1,1,2973.6,0,-26.3,-1317,2666,0,0,0,0,0,0,0,0
09-05-2026 15:06,1,1,1,2973.6,0,-26.3,-1317,2666,0,0,0,0,0,0,0,0
09-05-2026 15:06,1,1,1,2998.1,0,-26.4,-1332,2686,0,0,0,0,0,0,0,0
09-05-2026 15:06,1,1,1,2998.1,0,-26.4,-1332,2686,0,0,0,0,0,0,0,0
09-05-2026 15:06,1,1,1,2976.8,0,-24.5,-1234,2709,0,0,0,0,0,0,0,0
09-05-2026 15:06,1,1,1,2976.8,0,-24.5,-1234,2709,0,0,0,0,0,0,0,0
09-05-2026 15:06,1,1,1,2967.4,0,-23.2,-1170,2727,0,0,0,0,0,0,0,0
09-05-2026 15:06,1,1,1,2945,0,-20.3,-1022,2762,0,0,0,0,0,0,0,0
09-05-2026 15:06,1,1,1,2945,0,-20.3,-1022,2762,0,0,0,0,0,0,0,0
09-05-2026 15:06,1,1,1,2801.3,0,-15.9,-768,2694,0,0,0,0,0,0,0,0
09-05-2026 15:06,1,1,1,2801.3,0,-15.9,-768,2694,0,0,0,0,0,0,0,0
09-05-2026 15:06,1,1,1,2681.8,0,-11.9,-554,2624,0,0,0,0,0,0,0,0
09-05-2026 15:06,1,1,1,2681.8,0,-11.9,-554,2624,0,0,0,0,0,0,0,0
09-05-2026 15:06,1,1,1,2611,0,-8.8,-401,2580,0,0,0,0,0,0,0,0
09-05-2026 15:06,1,1,1,2611,0,-8.8,-401,2580,0,0,0,0,0,0,0,0
09-05-2026 15:06,1,1,1,2545.4,0,-5.7,-251,2533,0,0,0,0,0,0,0,0
09-05-2026 15:06,1,1,1,2502,0,-3.2,-141,2498,0,0,0,0,0,0,0,0
09-05-2026 15:06,1,1,1,2502,0,-3.2,-141,2498,0,0,0,0,0,0,0,0
09-05-2026 15:06,1,1,1,2464.5,0,-1.1,-48,2464,0,0,0,0,0,0,0,0
09-05-2026 15:06,1,1,1,2464.5,0,-1.1,-48,2464,0,0,0,0,0,0,0,0
09-05-2026 15:06,1,1,1,2477.4,0,-1.1,-46,2477,0,0,0,0,0,0,0,0
09-05-2026 15:06,1,1,1,2477.4,0,-1.1,-46,2477,0,0,0,0,0,0,0,0
09-05-2026 15:06,1,1,1,2488.4,0,-1.1,-47,2488,0,0,0,0,0,0,0,0
09-05-2026 15:06,1,1,1,2489.3,0,-0.9,-38,2489,0,0,0,0,0,0,0,0
09-05-2026 15:06,1,1,1,2489.3,0,-0.9,-38,2489,0,0,0,0,0,0,0,0
09-05-2026 15:06,1,1,1,2488.3,0,-0.8,-36,2488,0,0,0,0,0,0,0,0
09-05-2026 15:06,1,1,1,2488.3,0,-0.8,-36,2488,0,0,0,0,0,0,0,0
09-05-2026 15:06,1,1,1,2486.2,0,-0.7,-32,2486,0,0,0,0,0,0,0,0
09-05-2026 15:06,1,1,1,2486.2,0,-0.7,-32,2486,0,0,0,0,0,0,0,0
09-05-2026 15:06,1,1,1,2478,0,-0.1,-5,2478,0,0,0,0,0,0,0,0
09-05-2026 15:06,1,1,1,2478,0,-0.1,-5,2478,0,0,0,0,0,0,0,0
09-05-2026 15:06,1,1,1,2451.3,0,1.9,81,2450,0,0,0,0,0,0,0,0
09-05-2026 15:06,1,1,1,2440.6,0,3.5,149,2436,0,0,0,0,0,0,0,0
09-05-2026 15:06,1,1,1,2440.6,0,3.5,149,2436,0,0,0,0,0,0,0,0
09-05-2026 15:06,1,1,1,2441.2,0,3.8,160,2436,0,0,0,0,0,0,0,0
09-05-2026 15:06,1,1,1,2441.2,0,3.8,160,2436,0,0,0,0,0,0,0,0
09-05-2026 15:06,1,1,1,2441.7,0,3.9,167,2436,0,0,0,0,0,0,0,0
09-05-2026 15:06,1,1,1,2441.7,0,3.9,167,2436,0,0,0,0,0,0,0,0
09-05-2026 15:07,1,1,1,2470.3,0,-17.3,-733,2359,0,0,0,0,0,0,0,0
09-05-2026 15:07,1,1,1,2588.5,0,-21.2,-937,2413,0,0,0,0,0,0,0,0
09-05-2026 15:07,1,1,1,2588.5,0,-21.2,-937,2413,0,0,0,0,0,0,0,0
09-05-2026 15:07,1,1,1,2710.2,0,-24.5,-1122,2467,0,0,0,0,0,0,0,0
09-05-2026 15:07,1,1,1,2829.6,0,-27.1,-1287,2520,0,0,0,0,0,0,0,0
09-05-2026 15:07,1,1,1,2829.6,0,-27.1,-1287,2520,0,0,0,0,0,0,0,0
09-05-2026 15:07,1,1,1,2936,0,-28.6,-1405,2578,0,0,0,0,0,0,0,0
09-05-2026 15:07,1,1,1,2936,0,-28.6,-1405,2578,0,0,0,0,0,0,0,0
09-05-2026 15:07,1,1,1,3019,0,-29.1,-1468,2638,0,0,0,0,0,0,0,0
09-05-2026 15:07,1,1,1,3019,0,-29.1,-1468,2638,0,0,0,0,0,0,0,0
09-05-2026 15:07,1,1,1,3074.3,0,-28.8,-1483,2693,0,0,0,0,0,0,0,0
09-05-2026 15:07,1,1,1,3074.3,0,-28.8,-1483,2693,0,0,0,0,0,0,0,0
09-05-2026 15:07,1,1,1,3101.6,0,-28.1,-1461,2736,0,0,0,0,0,0,0,0
09-05-2026 15:07,1,1,1,3115.4,0,-27,-1416,2775,0,0,0,0,0,0,0,0
09-05-2026 15:07,1,1,1,3115.4,0,-27,-1416,2775,0,0,0,0,0,0,0,0
09-05-2026 15:07,1,1,1,3119.5,0,-25.9,-1365,2805,0,0,0,0,0,0,0,0
09-05-2026 15:07,1,1,1,3119.5,0,-25.9,-1365,2805,0,0,0,0,0,0,0,0
09-05-2026 15:07,1,1,1,3124.9,0,-25,-1321,2832,0,0,0,0,0,0,0,0
09-05-2026 15:07,1,1,1,3124.9,0,-25,-1321,2832,0,0,0,0,0,0,0,0
09-05-2026 15:07,1,1,1,3109.6,0,-23.8,-1253,2846,0,0,0,0,0,0,0,0
09-05-2026 15:07,1,1,1,3074.5,0,-22.3,-1168,2844,0,0,0,0,0,0,0,0
09-05-2026 15:07,1,1,1,3074.5,0,-22.3,-1168,2844,0,0,0,0,0,0,0,0
09-05-2026 15:07,1,1,1,3036,0,-21.1,-1094,2832,0,0,0,0,0,0,0,0
09-05-2026 15:07,1,1,1,3036,0,-21.1,-1094,2832,0,0,0,0,0,0,0,0
09-05-2026 15:07,1,1,1,3051.3,0,-24,-1240,2788,0,0,0,0,0,0,0,0
09-05-2026 15:07,1,1,1,3051.3,0,-24,-1240,2788,0,0,0,0,0,0,0,0
09-05-2026 15:07,1,1,1,3065.9,0,-25.4,-1314,2770,0,0,0,0,0,0,0,0
09-05-2026 15:07,1,1,1,3065.9,0,-25.4,-1314,2770,0,0,0,0,0,0,0,0
09-05-2026 15:07,1,1,1,3082.7,0,-26.9,-1393,2750,0,0,0,0,0,0,0,0
09-05-2026 15:07,1,1,1,3099.1,0,-28.2,-1465,2731,0,0,0,0,0,0,0,0
09-05-2026 15:07,1,1,1,3099.1,0,-28.2,-1465,2731,0,0,0,0,0,0,0,0
09-05-2026 15:07,1,1,1,3111.7,0,-28.9,-1506,2723,0,0,0,0,0,0,0,0
09-05-2026 15:07,1,1,1,3111.7,0,-28.9,-1506,2723,0,0,0,0,0,0,0,0
09-05-2026 15:07,1,1,1,3122.4,0,-29.4,-1535,2719,0,0,0,0,0,0,0,0
09-05-2026 15:07,1,1,1,3122.4,0,-29.4,-1535,2719,0,0,0,0,0,0,0,0
09-05-2026 15:07,1,1,1,3133.1,0,-30.2,-1574,2709,0,0,0,0,0,0,0,0
09-05-2026 15:07,1,1,1,3142.2,0,-30.9,-1614,2696,0,0,0,0,0,0,0,0
09-05-2026 15:07,1,1,1,3142.2,0,-30.9,-1614,2696,0,0,0,0,0,0,0,0
09-05-2026 15:07,1,1,1,3151.5,0,-31.6,-1650,2685,0,0,0,0,0,0,0,0
09-05-2026 15:07,1,1,1,3151.5,0,-31.6,-1650,2685,0,0,0,0,0,0,0,0
09-05-2026 15:07,1,1,1,3159.9,0,-32.2,-1682,2675,0,0,0,0,0,0,0,0
09-05-2026 15:07,1,1,1,3159.9,0,-32.2,-1682,2675,0,0,0,0,0,0,0,0
09-05-2026 15:07,1,1,1,3163.2,0,-32.4,-1693,2672,0,0,0,0,0,0,0,0
09-05-2026 15:07,1,1,1,3163.2,0,-32.4,-1693,2672,0,0,0,0,0,0,0,0
09-05-2026 15:07,1,1,1,3165.2,0,-32.6,-1703,2668,0,0,0,0,0,0,0,0
09-05-2026 15:07,1,1,1,3168.1,0,-32.7,-1713,2665,0,0,0,0,0,0,0,0
09-05-2026 15:07,1,1,1,3168.1,0,-32.7,-1713,2665,0,0,0,0,0,0,0,0
09-05-2026 15:07,1,1,1,3170.4,0,-32.9,-1722,2662,0,0,0,0,0,0,0,0
09-05-2026 15:07,1,1,1,3170.4,0,-32.9,-1722,2662,0,0,0,0,0,0,0,0
09-05-2026 15:07,1,1,1,3172.8,0,-33.1,-1731,2659,0,0,0,0,0,0,0,0
09-05-2026 15:07,1,1,1,3172.8,0,-33.1,-1731,2659,0,0,0,0,0,0,0,0
09-05-2026 15:07,1,1,1,3176,0,-33.2,-1740,2657,0,0,0,0,0,0,0,0
09-05-2026 15:07,1,1,1,3178.5,0,-33.4,-1749,2654,0,0,0,0,0,0,0,0
09-05-2026 15:07,1,1,1,3178.5,0,-33.4,-1749,2654,0,0,0,0,0,0,0,0
09-05-2026 15:07,1,1,1,3180.4,0,-33.5,-1757,2651,0,0,0,0,0,0,0,0
09-05-2026 15:07,1,1,1,3180.4,0,-33.5,-1757,2651,0,0,0,0,0,0,0,0
09-05-2026 15:07,1,1,1,3184.8,0,-33.8,-1774,2645,0,0,0,0,0,0,0,0
09-05-2026 15:07,1,1,1,3184.8,0,-33.8,-1774,2645,0,0,0,0,0,0,0,0
09-05-2026 15:07,1,1,1,3190.2,0,-34.2,-1794,2638,0,0,0,0,0,0,0,0
09-05-2026 15:07,1,1,1,3190.2,0,-34.2,-1794,2638,0,0,0,0,0,0,0,0
09-05-2026 15:07,1,1,1,3195.4,0,-34.5,-1812,2632,0,0,0,0,0,0,0,0
09-05-2026 15:07,1,1,1,3200.5,0,-34.9,-1831,2625,0,0,0,0,0,0,0,0
09-05-2026 15:07,1,1,1,3200.5,0,-34.9,-1831,2625,0,0,0,0,0,0,0,0
09-05-2026 15:07,1,1,1,3205.3,0,-35.2,-1848,2619,0,0,0,0,0,0,0,0
09-05-2026 15:07,1,1,1,3205.3,0,-35.2,-1848,2619,0,0,0,0,0,0,0,0
09-05-2026 15:07,1,1,1,3210.3,0,-35.5,-1865,2613,0,0,0,0,0,0,0,0
09-05-2026 15:07,1,1,1,3210.3,0,-35.5,-1865,2613,0,0,0,0,0,0,0,0
09-05-2026 15:07,1,1,1,3214.7,0,-35.8,-1881,2607,0,0,0,0,0,0,0,0
09-05-2026 15:07,1,1,1,3214.7,0,-35.8,-1881,2607,0,0,0,0,0,0,0,0
09-05-2026 15:07,1,1,1,3219.3,0,-36.1,-1897,2601,0,0,0,0,0,0,0,0
09-05-2026 15:07,1,1,1,3223.3,0,-36.4,-1912,2595,0,0,0,0,0,0,0,0
09-05-2026 15:07,1,1,1,3223.3,0,-36.4,-1912,2595,0,0,0,0,0,0,0,0
09-05-2026 15:07,1,1,1,3227.4,0,-36.6,-1923,2592,0,0,0,0,0,0,0,0
09-05-2026 15:07,1,1,1,3227.4,0,-36.6,-1923,2592,0,0,0,0,0,0,0,0
09-05-2026 15:07,1,1,1,3230.4,0,-36.7,-1932,2589,0,0,0,0,0,0,0,0
09-05-2026 15:07,1,1,1,3230.4,0,-36.7,-1932,2589,0,0,0,0,0,0,0,0
09-05-2026 15:07,1,1,1,3236.2,0,-37,-1947,2585,0,0,0,0,0,0,0,0
09-05-2026 15:07,1,1,1,3242.2,0,-37.1,-1957,2585,0,0,0,0,0,0,0,0
09-05-2026 15:07,1,1,1,3242.2,0,-37.1,-1957,2585,0,0,0,0,0,0,0,0
09-05-2026 15:07,1,1,1,3246.2,0,-37.1,-1957,2590,0,0,0,0,0,0,0,0
09-05-2026 15:07,1,1,1,3246.2,0,-37.1,-1957,2590,0,0,0,0,0,0,0,0
09-05-2026 15:07,1,1,1,3247,0,-36.9,-1949,2597,0,0,0,0,0,0,0,0
09-05-2026 15:07,1,1,1,3247,0,-36.9,-1949,2597,0,0,0,0,0,0,0,0
09-05-2026 15:07,1,1,1,3247,0,-36.6,-1937,2606,0,0,0,0,0,0,0,0
09-05-2026 15:07,1,1,1,3247,0,-36.6,-1937,2606,0,0,0,0,0,0,0,0
09-05-2026 15:07,1,1,1,3246.9,0,-36.4,-1926,2614,0,0,0,0,0,0,0,0
09-05-2026 15:07,1,1,1,3246.9,0,-36.1,-1915,2622,0,0,0,0,0,0,0,0
09-05-2026 15:07,1,1,1,3246.9,0,-36.1,-1915,2622,0,0,0,0,0,0,0,0
09-05-2026 15:07,1,1,1,3246.9,0,-35.9,-1904,2630,0,0,0,0,0,0,0,0
09-05-2026 15:07,1,1,1,3246.9,0,-35.9,-1904,2630,0,0,0,0,0,0,0,0
09-05-2026 15:07,1,1,1,3247.5,0,-35.7,-1894,2638,0,0,0,0,0,0,0,0
09-05-2026 15:07,1,1,1,3247.5,0,-35.7,-1894,2638,0,0,0,0,0,0,0,0
09-05-2026 15:07,1,1,1,3248.8,0,-35.5,-1885,2646,0,0,0,0,0,0,0,0
09-05-2026 15:07,1,1,1,3251,0,-35.3,-1879,2653,0,0,0,0,0,0,0,0
09-05-2026 15:07,1,1,1,3251,0,-35.3,-1879,2653,0,0,0,0,0,0,0,0
09-05-2026 15:07,1,1,1,3252.7,0,-35.1,-1872,2660,0,0,0,0,0,0,0,0
09-05-2026 15:07,1,1,1,3252.7,0,-35.1,-1872,2660,0,0,0,0,0,0,0,0
09-05-2026 15:07,1,1,1,3253.3,0,-34.9,-1863,2667,0,0,0,0,0,0,0,0
09-05-2026 15:07,1,1,1,3253.3,0,-34.9,-1863,2667,0,0,0,0,0,0,0,0
09-05-2026 15:07,1,1,1,3253.9,0,-34.7,-1854,2674,0,0,0,0,0,0,0,0
09-05-2026 15:07,1,1,1,3253.9,0,-34.7,-1854,2674,0,0,0,0,0,0,0,0
09-05-2026 15:07,1,1,1,3254.2,0,-34.6,-1846,2680,0,0,0,0,0,0,0,0
09-05-2026 15:07,1,1,1,3255,0,-34.4,-1840,2685,0,0,0,0,0,0,0,0
09-05-2026 15:07,1,1,1,3255,0,-34.4,-1840,2685,0,0,0,0,0,0,0,0
09-05-2026 15:07,1,1,1,3253.5,0,-34.2,-1830,2690,0,0,0,0,0,0,0,0
09-05-2026 15:07,1,1,1,3253.5,0,-34.2,-1830,2690,0,0,0,0,0,0,0,0
09-05-2026 15:07,1,1,1,3253.4,0,-34,-1821,2696,0,0,0,0,0,0,0,0
09-05-2026 15:07,1,1,1,3253.4,0,-34,-1821,2696,0,0,0,0,0,0,0,0
09-05-2026 15:07,1,1,1,3254.2,0,-33.9,-1815,2701,0,0,0,0,0,0,0,0
09-05-2026 15:07,1,1,1,3255.8,0,-33.9,-1815,2703,0,0,0,0,0,0,0,0
09-05-2026 15:07,1,1,1,3255.8,0,-33.9,-1815,2703,0,0,0,0,0,0,0,0
09-05-2026 15:07,1,1,1,3256.4,0,-33.8,-1813,2705,0,0,0,0,0,0,0,0
09-05-2026 15:07,1,1,1,3256.4,0,-33.8,-1813,2705,0,0,0,0,0,0,0,0
09-05-2026 15:07,1,1,1,3255.5,0,-33.7,-1807,2708,0,0,0,0,0,0,0,0
09-05-2026 15:07,1,1,1,3255.5,0,-33.7,-1807,2708,0,0,0,0,0,0,0,0
09-05-2026 15:07,1,1,1,3252.8,0,-33.6,-1799,2710,0,0,0,0,0,0,0,0
09-05-2026 15:07,1,1,1,3252.8,0,-33.6,-1799,2710,0,0,0,0,0,0,0,0
09-05-2026 15:07,1,1,1,3250.6,0,-33.5,-1792,2712,0,0,0,0,0,0,0,0
09-05-2026 15:07,1,1,1,3250.9,0,-33.4,-1791,2713,0,0,0,0,0,0,0,0
09-05-2026 15:07,1,1,1,3250.9,0,-33.4,-1791,2713,0,0,0,0,0,0,0,0
09-05-2026 15:07,1,1,1,3251.4,0,-33.4,-1792,2713,0,0,0,0,0,0,0,0
09-05-2026 15:07,1,1,1,3251.4,0,-33.4,-1792,2713,0,0,0,0,0,0,0,0
09-05-2026 15:07,1,1,1,3251.1,0,-33.4,-1790,2714,0,0,0,0,0,0,0,0
09-05-2026 15:07,1,1,1,3251.1,0,-33.4,-1790,2714,0,0,0,0,0,0,0,0
09-05-2026 15:07,1,1,1,3250,0,-33.4,-1788,2714,0,0,0,0,0,0,0,0
09-05-2026 15:07,1,1,1,3248.4,0,-33.3,-1782,2716,0,0,0,0,0,0,0,0
09-05-2026 15:07,1,1,1,3248.4,0,-33.3,-1782,2716,0,0,0,0,0,0,0,0
09-05-2026 15:07,1,1,1,3246.3,0,-33,-1769,2722,0,0,0,0,0,0,0,0
09-05-2026 15:07,1,1,1,3246.3,0,-33,-1769,2722,0,0,0,0,0,0,0,0
09-05-2026 15:07,1,1,1,3242.4,0,-32.7,-1751,2729,0,0,0,0,0,0,0,0
09-05-2026 15:07,1,1,1,3242.4,0,-32.7,-1751,2729,0,0,0,0,0,0,0,0
09-05-2026 15:07,1,1,1,3204.2,0,-32,-1700,2716,0,0,0,0,0,0,0,0
09-05-2026 15:07,1,1,1,3204.2,0,-32,-1700,2716,0,0,0,0,0,0,0,0
09-05-2026 15:07,1,1,1,3089.9,0,-30.1,-1550,2673,0,0,0,0,0,0,0,0
09-05-2026 15:07,1,1,1,2872.1,0,-26.2,-1268,2577,0,0,0,0,0,0,0,0
09-05-2026 15:07,1,1,1,2872.1,0,-26.2,-1268,2577,0,0,0,0,0,0,0,0
09-05-2026 15:07,1,1,1,2684.7,0,-22.4,-1021,2483,0,0,0,0,0,0,0,0
09-05-2026 15:07,1,1,1,2684.7,0,-22.4,-1021,2483,0,0,0,0,0,0,0,0
09-05-2026 15:07,1,1,1,2527.3,0,-18.6,-807,2395,0,0,0,0,0,0,0,0
09-05-2026 15:07,1,1,1,2527.3,0,-18.6,-807,2395,0,0,0,0,0,0,0,0
09-05-2026 15:07,1,1,1,2397.4,0,-15.1,-623,2315,0,0,0,0,0,0,0,0
09-05-2026 15:07,1,1,1,2397.4,0,-15.1,-623,2315,0,0,0,0,0,0,0,0
09-05-2026 15:07,1,1,1,2293.3,0,-11.8,-468,2245,0,0,0,0,0,0,0,0
09-05-2026 15:07,1,1,1,2235.7,0,-10,-387,2202,0,0,0,0,0,0,0,0
09-05-2026 15:07,1,1,1,2235.7,0,-10,-387,2202,0,0,0,0,0,0,0,0
09-05-2026 15:07,1,1,1,2202.9,0,-9,-343,2176,0,0,0,0,0,0,0,0
09-05-2026 15:07,1,1,1,2202.9,0,-9,-343,2176,0,0,0,0,0,0,0,0
09-05-2026 15:07,1,1,1,2267.9,0,-11.2,-439,2225,0,0,0,0,0,0,0,0
09-05-2026 15:07,1,1,1,2267.9,0,-11.2,-439,2225,0,0,0,0,0,0,0,0
09-05-2026 15:07,1,1,1,2424.3,0,-15.9,-666,2331,0,0,0,0,0,0,0,0
09-05-2026 15:07,1,1,1,2575.7,0,-20,-882,2420,0,0,0,0,0,0,0,0
09-05-2026 15:07,1,1,1,2575.7,0,-20,-882,2420,0,0,0,0,0,0,0,0
09-05-2026 15:07,1,1,1,2708.6,0,-23.3,-1073,2487,0,0,0,0,0,0,0,0
09-05-2026 15:07,1,1,1,2708.6,0,-23.3,-1073,2487,0,0,0,0,0,0,0,0
09-05-2026 15:07,1,1,1,2837.7,0,-26.1,-1249,2548,0,0,0,0,0,0,0,0
09-05-2026 15:07,1,1,1,2837.7,0,-26.1,-1249,2548,0,0,0,0,0,0,0,0
09-05-2026 15:07,1,1,1,2943.1,0,-27.6,-1362,2609,0,0,0,0,0,0,0,0
09-05-2026 15:07,1,1,1,2943.1,0,-27.6,-1362,2609,0,0,0,0,0,0,0,0
09-05-2026 15:07,1,1,1,3014.3,0,-28,-1416,2661,0,0,0,0,0,0,0,0
09-05-2026 15:07,1,1,1,3065.9,0,-28.2,-1447,2703,0,0,0,0,0,0,0,0
09-05-2026 15:07,1,1,1,3065.9,0,-28.2,-1447,2703,0,0,0,0,0,0,0,0
09-05-2026 15:07,1,1,1,3103.8,0,-28,-1458,2740,0,0,0,0,0,0,0,0
09-05-2026 15:07,1,1,1,3103.8,0,-28,-1458,2740,0,0,0,0,0,0,0,0
09-05-2026 15:07,1,1,1,3133.2,0,-28,-1470,2767,0,0,0,0,0,0,0,0
09-05-2026 15:07,1,1,1,3133.2,0,-28,-1470,2767,0,0,0,0,0,0,0,0
09-05-2026 15:07,1,1,1,3144.4,0,-27.9,-1473,2778,0,0,0,0,0,0,0,0
09-05-2026 15:07,1,1,1,3154.1,0,-27.9,-1475,2788,0,0,0,0,0,0,0,0
09-05-2026 15:07,1,1,1,3154.1,0,-27.9,-1475,2788,0,0,0,0,0,0,0,0
09-05-2026 15:07,1,1,1,3163.5,0,-27.9,-1478,2797,0,0,0,0,0,0,0,0
09-05-2026 15:07,1,1,1,3163.5,0,-27.9,-1478,2797,0,0,0,0,0,0,0,0
09-05-2026 15:07,1,1,1,3171.5,0,-27.8,-1480,2805,0,0,0,0,0,0,0,0
09-05-2026 15:07,1,1,1,3171.5,0,-27.8,-1480,2805,0,0,0,0,0,0,0,0
09-05-2026 15:07,1,1,1,3178.6,0,-27.8,-1482,2812,0,0,0,0,0,0,0,0
09-05-2026 15:07,1,1,1,3178.6,0,-27.8,-1482,2812,0,0,0,0,0,0,0,0
09-05-2026 15:07,1,1,1,3185.8,0,-27.8,-1484,2819,0,0,0,0,0,0,0,0
09-05-2026 15:07,1,1,1,3189.3,0,-27.7,-1484,2823,0,0,0,0,0,0,0,0
09-05-2026 15:07,1,1,1,3189.3,0,-27.7,-1484,2823,0,0,0,0,0,0,0,0
09-05-2026 15:07,1,1,1,3191.2,0,-27.8,-1488,2823,0,0,0,0,0,0,0,0
09-05-2026 15:07,1,1,1,3191.2,0,-27.8,-1488,2823,0,0,0,0,0,0,0,0
09-05-2026 15:07,1,1,1,3195.8,0,-28,-1498,2823,0,0,0,0,0,0,0,0
09-05-2026 15:07,1,1,1,3195.8,0,-28,-1498,2823,0,0,0,0,0,0,0,0
09-05-2026 15:07,1,1,1,3200.2,0,-28.2,-1511,2821,0,0,0,0,0,0,0,0
09-05-2026 15:07,1,1,1,3202.1,0,-28.5,-1528,2814,0,0,0,0,0,0,0,0
09-05-2026 15:07,1,1,1,3202.1,0,-28.5,-1528,2814,0,0,0,0,0,0,0,0
09-05-2026 15:07,1,1,1,3203.9,0,-28.7,-1541,2809,0,0,0,0,0,0,0,0
09-05-2026 15:07,1,1,1,3203.9,0,-28.7,-1541,2809,0,0,0,0,0,0,0,0
09-05-2026 15:07,1,1,1,3203.7,0,-28.9,-1546,2806,0,0,0,0,0,0,0,0
09-05-2026 15:07,1,1,1,3203.7,0,-28.9,-1546,2806,0,0,0,0,0,0,0,0
09-05-2026 15:07,1,1,1,3203.4,0,-28.9,-1549,2804,0,0,0,0,0,0,0,0
09-05-2026 15:07,1,1,1,3203.4,0,-28.9,-1549,2804,0,0,0,0,0,0,0,0
09-05-2026 15:07,1,1,1,3201.1,0,-28.9,-1546,2803,0,0,0,0,0,0,0,0
09-05-2026 15:07,1,1,1,3201.2,0,-28.9,-1548,2802,0,0,0,0,0,0,0,0
09-05-2026 15:07,1,1,1,3201.2,0,-28.9,-1548,2802,0,0,0,0,0,0,0,0
09-05-2026 15:07,1,1,1,3201.7,0,-29.1,-1558,2797,0,0,0,0,0,0,0,0
09-05-2026 15:07,1,1,1,3201.7,0,-29.1,-1558,2797,0,0,0,0,0,0,0,0
09-05-2026 15:07,1,1,1,3203.3,0,-29.4,-1572,2791,0,0,0,0,0,0,0,0
09-05-2026 15:07,1,1,1,3203.3,0,-29.4,-1572,2791,0,0,0,0,0,0,0,0
09-05-2026 15:07,1,1,1,3204.3,0,-29.7,-1590,2782,0,0,0,0,0,0,0,0
09-05-2026 15:07,1,1,1,3205,0,-30.1,-1607,2773,0,0,0,0,0,0,0,0
09-05-2026 15:07,1,1,1,3205,0,-30.1,-1607,2773,0,0,0,0,0,0,0,0
09-05-2026 15:07,1,1,1,3207.9,0,-31.1,-1655,2748,0,0,0,0,0,0,0,0
09-05-2026 15:07,1,1,1,3207.9,0,-31.1,-1655,2748,0,0,0,0,0,0,0,0
09-05-2026 15:07,1,1,1,3209.3,0,-31.4,-1671,2740,0,0,0,0,0,0,0,0
09-05-2026 15:07,1,1,1,3209.3,0,-31.4,-1671,2740,0,0,0,0,0,0,0,0
09-05-2026 15:07,1,1,1,3210.4,0,-31.7,-1686,2732,0,0,0,0,0,0,0,0
09-05-2026 15:07,1,1,1,3210.4,0,-31.7,-1686,2732,0,0,0,0,0,0,0,0
09-05-2026 15:07,1,1,1,3212.4,0,-31.9,-1698,2727,0,0,0,0,0,0,0,0
09-05-2026 15:07,1,1,1,3215.6,0,-32.2,-1712,2722,0,0,0,0,0,0,0,0
09-05-2026 15:07,1,1,1,3215.6,0,-32.2,-1712,2722,0,0,0,0,0,0,0,0
09-05-2026 15:07,1,1,1,3219.2,0,-32.4,-1725,2718,0,0,0,0,0,0,0,0
09-05-2026 15:07,1,1,1,3219.2,0,-32.4,-1725,2718,0,0,0,0,0,0,0,0
09-05-2026 15:07,1,1,1,3222.8,0,-32.6,-1738,2714,0,0,0,0,0,0,0,0
09-05-2026 15:07,1,1,1,3222.8,0,-32.6,-1738,2714,0,0,0,0,0,0,0,0
09-05-2026 15:07,1,1,1,3226.8,0,-32.8,-1750,2711,0,0,0,0,0,0,0,0
09-05-2026 15:07,1,1,1,3229.9,0,-33.1,-1762,2707,0,0,0,0,0,0,0,0
09-05-2026 15:07,1,1,1,3229.9,0,-33.1,-1762,2707,0,0,0,0,0,0,0,0
09-05-2026 15:07,1,1,1,3231.8,0,-33.2,-1770,2704,0,0,0,0,0,0,0,0
09-05-2026 15:07,1,1,1,3231.8,0,-33.2,-1770,2704,0,0,0,0,0,0,0,0
09-05-2026 15:07,1,1,1,3236.7,0,-33.5,-1785,2700,0,0,0,0,0,0,0,0
09-05-2026 15:07,1,1,1,3236.7,0,-33.5,-1785,2700,0,0,0,0,0,0,0,0
09-05-2026 15:07,1,1,1,3241.4,0,-33.8,-1801,2695,0,0,0,0,0,0,0,0
09-05-2026 15:07,1,1,1,3241.4,0,-33.8,-1801,2695,0,0,0,0,0,0,0,0
09-05-2026 15:07,1,1,1,3246.4,0,-34,-1816,2691,0,0,0,0,0,0,0,0
09-05-2026 15:07,1,1,1,3251.5,0,-34.3,-1831,2687,0,0,0,0,0,0,0,0
09-05-2026 15:07,1,1,1,3251.5,0,-34.3,-1831,2687,0,0,0,0,0,0,0,0
09-05-2026 15:07,1,1,1,3254.7,0,-34.4,-1841,2684,0,0,0,0,0,0,0,0
09-05-2026 15:07,1,1,1,3254.7,0,-34.4,-1841,2684,0,0,0,0,0,0,0,0
09-05-2026 15:07,1,1,1,3249.9,0,-34.4,-1834,2683,0,0,0,0,0,0,0,0
09-05-2026 15:07,1,1,1,3249.9,0,-34.4,-1834,2683,0,0,0,0,0,0,0,0
09-05-2026 15:07,1,1,1,3243.4,0,-34,-1815,2688,0,0,0,0,0,0,0,0
09-05-2026 15:07,1,1,1,3243.4,0,-34,-1815,2688,0,0,0,0,0,0,0,0
09-05-2026 15:07,1,1,1,3235.9,8,-33.5,-1785,2699,0,0,0,0,0,0,0,0
09-05-2026 15:07,1,1,1,3220.3,8,-31.7,-1692,2740,0,0,0,0,0,0,0,0
09-05-2026 15:07,1,1,1,3220.3,8,-31.7,-1692,2740,0,0,0,0,0,0,0,0
09-05-2026 15:07,1,1,1,3208.5,8,-30.1,-1607,2777,0,0,0,0,0,0,0,0
09-05-2026 15:07,1,1,1,3208.5,8,-30.1,-1607,2777,0,0,0,0,0,0,0,0
09-05-2026 15:07,1,1,1,3200,8,-28.6,-1531,2810,0,0,0,0,0,0,0,0
09-05-2026 15:07,1,1,1,3200,8,-28.6,-1531,2810,0,0,0,0,0,0,0,0
09-05-2026 15:07,1,1,1,3194.2,8,-27.2,-1462,2840,0,0,0,0,0,0,0,0
09-05-2026 15:07,1,1,1,3178.1,0,-26,-1392,2857,0,0,0,0,0,0,0,0
09-05-2026 15:07,1,1,1,3178.1,0,-26,-1392,2857,0,0,0,0,0,0,0,0
09-05-2026 15:07,1,1,1,3162.7,0,-25.2,-1346,2862,0,0,0,0,0,0,0,0
09-05-2026 15:07,1,1,1,3162.7,0,-25.2,-1346,2862,0,0,0,0,0,0,0,0
09-05-2026 15:07,1,1,1,3161.6,0,-25,-1337,2865,0,0,0,0,0,0,0,0
09-05-2026 15:07,1,1,1,3161.6,0,-25,-1337,2865,0,0,0,0,0,0,0,0
09-05-2026 15:07,1,1,1,3162.2,0,-24.9,-1332,2868,0,0,0,0,0,0,0,0
09-05-2026 15:07,1,1,1,3162.2,0,-24.9,-1332,2868,0,0,0,0,0,0,0,0
09-05-2026 15:07,1,1,1,3165,0,-24.8,-1330,2872,0,0,0,0,0,0,0,0
09-05-2026 15:07,1,1,1,3167.8,0,-24.8,-1328,2876,0,0,0,0,0,0,0,0
09-05-2026 15:07,1,1,1,3167.8,0,-24.8,-1328,2876,0,0,0,0,0,0,0,0
09-05-2026 15:07,1,1,1,3170.1,0,-24.7,-1327,2879,0,0,0,0,0,0,0,0
09-05-2026 15:07,1,1,1,3170.1,0,-24.7,-1327,2879,0,0,0,0,0,0,0,0
09-05-2026 15:07,1,1,1,3172.9,0,-24.7,-1325,2883,0,0,0,0,0,0,0,0
09-05-2026 15:07,1,1,1,3172.9,0,-24.7,-1325,2883,0,0,0,0,0,0,0,0
09-05-2026 15:07,1,1,1,3169.1,0,-24.6,-1318,2882,0,0,0,0,0,0,0,0
09-05-2026 15:07,1,1,1,3166.4,0,-24.6,-1316,2880,0,0,0,0,0,0,0,0
09-05-2026 15:07,1,1,1,3166.4,0,-24.6,-1316,2880,0,0,0,0,0,0,0,0
09-05-2026 15:07,1,1,1,3169.1,0,-24.8,-1329,2877,0,0,0,0,0,0,0,0
09-05-2026 15:07,1,1,1,3169.1,0,-24.8,-1329,2877,0,0,0,0,0,0,0,0
09-05-2026 15:07,1,1,1,3171,0,-25,-1340,2874,0,0,0,0,0,0,0,0
09-05-2026 15:07,1,1,1,3171,0,-25,-1340,2874,0,0,0,0,0,0,0,0
09-05-2026 15:07,1,1,1,3174.5,0,-25.1,-1346,2875,0,0,0,0,0,0,0,0
09-05-2026 15:07,1,1,1,3174.5,0,-25.1,-1346,2875,0,0,0,0,0,0,0,0
09-05-2026 15:07,1,1,1,3176.6,0,-25.2,-1351,2875,0,0,0,0,0,0,0,0
09-05-2026 15:07,1,1,1,3177.5,0,-25.2,-1353,2875,0,0,0,0,0,0,0,0
09-05-2026 15:07,1,1,1,3177.5,0,-25.2,-1353,2875,0,0,0,0,0,0,0,0
09-05-2026 15:07,1,1,1,3144.9,0,-24.8,-1321,2854,0,0,0,0,0,0,0,0
09-05-2026 15:07,1,1,1,3144.9,0,-24.8,-1321,2854,0,0,0,0,0,0,0,0
09-05-2026 15:07,1,1,1,3038.3,0,-23.7,-1219,2783,0,0,0,0,0,0,0,0
09-05-2026 15:07,1,1,1,3038.3,0,-23.7,-1219,2783,0,0,0,0,0,0,0,0
09-05-2026 15:07,1,1,1,2943.5,0,-22.2,-1113,2725,0,0,0,0,0,0,0,0
09-05-2026 15:07,1,1,1,2859.1,0,-20.7,-1012,2674,0,0,0,0,0,0,0,0
09-05-2026 15:07,1,1,1,2859.1,0,-20.7,-1012,2674,0,0,0,0,0,0,0,0
09-05-2026 15:07,1,1,1,2781.4,0,-19.5,-928,2622,0,0,0,0,0,0,0,0
09-05-2026 15:07,1,1,1,2781.4,0,-19.5,-928,2622,0,0,0,0,0,0,0,0
09-05-2026 15:07,1,1,1,2712.3,0,-18.4,-855,2574,0,0,0,0,0,0,0,0
09-05-2026 15:07,1,1,1,2712.3,0,-18.4,-855,2574,0,0,0,0,0,0,0,0
09-05-2026 15:07,1,1,1,2657.5,0,-17.2,-788,2538,0,0,0,0,0,0,0,0
09-05-2026 15:07,1,1,1,2657.5,0,-17.2,-788,2538,0,0,0,0,0,0,0,0
09-05-2026 15:07,1,1,1,2640.5,0,-16.9,-766,2527,0,0,0,0,0,0,0,0
09-05-2026 15:07,1,1,1,2624.3,0,-16.5,-746,2516,0,0,0,0,0,0,0,0
09-05-2026 15:07,1,1,1,2624.3,0,-16.5,-746,2516,0,0,0,0,0,0,0,0
09-05-2026 15:07,1,1,1,2604.8,0,-16.1,-721,2503,0,0,0,0,0,0,0,0
09-05-2026 15:07,1,1,1,2604.8,0,-16.1,-721,2503,0,0,0,0,0,0,0,0
09-05-2026 15:07,1,1,1,2587.2,0,-15.7,-699,2491,0,0,0,0,0,0,0,0
09-05-2026 15:07,1,1,1,2587.2,0,-15.7,-699,2491,0,0,0,0,0,0,0,0
09-05-2026 15:07,1,1,1,2575.4,0,-15.3,-680,2484,0,0,0,0,0,0,0,0
09-05-2026 15:07,1,1,1,2569.8,0,-15,-666,2482,0,0,0,0,0,0,0,0
09-05-2026 15:07,1,1,1,2569.8,0,-15,-666,2482,0,0,0,0,0,0,0,0
09-05-2026 15:07,1,1,1,2565,0,-14.7,-651,2481,0,0,0,0,0,0,0,0
09-05-2026 15:07,1,1,1,2565,0,-14.7,-651,2481,0,0,0,0,0,0,0,0
09-05-2026 15:07,1,1,1,2565.4,0,-14.5,-641,2484,0,0,0,0,0,0,0,0
09-05-2026 15:07,1,1,1,2565.4,0,-14.5,-641,2484,0,0,0,0,0,0,0,0
09-05-2026 15:07,1,1,1,2569.4,0,-14.3,-634,2490,0,0,0,0,0,0,0,0
09-05-2026 15:07,1,1,1,2569.4,0,-14.3,-634,2490,0,0,0,0,0,0,0,0
09-05-2026 15:07,1,1,1,2574.3,0,-14.3,-634,2495,0,0,0,0,0,0,0,0
09-05-2026 15:07,1,1,1,2572.6,0,-14.2,-631,2494,0,0,0,0,0,0,0,0
09-05-2026 15:07,1,1,1,2572.6,0,-14.2,-631,2494,0,0,0,0,0,0,0,0
09-05-2026 15:07,1,1,1,2568,0,-14.2,-628,2490,0,0,0,0,0,0,0,0
09-05-2026 15:07,1,1,1,2568,0,-14.2,-628,2490,0,0,0,0,0,0,0,0
09-05-2026 15:07,1,1,1,2556.6,0,-13.9,-613,2482,0,0,0,0,0,0,0,0
09-05-2026 15:07,1,1,1,2556.6,0,-13.9,-613,2482,0,0,0,0,0,0,0,0
09-05-2026 15:07,1,1,1,2544.1,0,-13.5,-593,2474,0,0,0,0,0,0,0,0
09-05-2026 15:07,1,1,1,2525.9,0,-13.1,-573,2460,0,0,0,0,0,0,0,0
09-05-2026 15:07,1,1,1,2525.9,0,-13.1,-573,2460,0,0,0,0,0,0,0,0
09-05-2026 15:07,1,1,1,2505.6,0,-12.7,-552,2444,0,0,0,0,0,0,0,0
09-05-2026 15:07,1,1,1,2505.6,0,-12.7,-552,2444,0,0,0,0,0,0,0,0
09-05-2026 15:07,1,1,1,2491.6,0,-12.4,-537,2433,0,0,0,0,0,0,0,0
09-05-2026 15:07,1,1,1,2491.6,0,-12.4,-537,2433,0,0,0,0,0,0,0,0
09-05-2026 15:07,1,1,1,2480,0,-12.2,-524,2424,0,0,0,0,0,0,0,0
09-05-2026 15:07,1,1,1,2480,0,-12.2,-524,2424,0,0,0,0,0,0,0,0
09-05-2026 15:07,1,1,1,2468.5,0,-11.9,-511,2415,0,0,0,0,0,0,0,0
09-05-2026 15:07,1,1,1,2460.7,0,-11.8,-502,2409,0,0,0,0,0,0,0,0
09-05-2026 15:07,1,1,1,2460.7,0,-11.8,-502,2409,0,0,0,0,0,0,0,0
09-05-2026 15:07,1,1,1,2450.9,0,-11.6,-492,2401,0,0,0,0,0,0,0,0
09-05-2026 15:07,1,1,1,2450.9,0,-11.6,-492,2401,0,0,0,0,0,0,0,0
09-05-2026 15:07,1,1,1,2443,0,-11.4,-482,2395,0,0,0,0,0,0,0,0
09-05-2026 15:07,1,1,1,2443,0,-11.4,-482,2395,0,0,0,0,0,0,0,0
09-05-2026 15:07,1,1,1,2435,0,-11.2,-471,2389,0,0,0,0,0,0,0,0
09-05-2026 15:07,1,1,1,2435,0,-11.2,-471,2389,0,0,0,0,0,0,0,0
09-05-2026 15:07,1,1,1,2425.6,0,-10.9,-458,2382,0,0,0,0,0,0,0,0
09-05-2026 15:07,1,1,1,2417.3,0,-10.6,-445,2376,0,0,0,0,0,0,0,0
09-05-2026 15:07,1,1,1,2417.3,0,-10.6,-445,2376,0,0,0,0,0,0,0,0
09-05-2026 15:07,1,1,1,2408.9,0,-10.3,-431,2370,0,0,0,0,0,0,0,0
09-05-2026 15:07,1,1,1,2408.9,0,-10.3,-431,2370,0,0,0,0,0,0,0,0
09-05-2026 15:07,1,1,1,2400.7,0,-10,-418,2364,0,0,0,0,0,0,0,0
09-05-2026 15:07,1,1,1,2400.7,0,-10,-418,2364,0,0,0,0,0,0,0,0
09-05-2026 15:07,1,1,1,2391.7,0,-9.6,-400,2358,0,0,0,0,0,0,0,0
09-05-2026 15:07,1,1,1,2384.1,0,-9.3,-384,2353,0,0,0,0,0,0,0,0
09-05-2026 15:07,1,1,1,2384.1,0,-9.3,-384,2353,0,0,0,0,0,0,0,0
09-05-2026 15:07,1,1,1,2379.8,0,-8.9,-369,2351,0,0,0,0,0,0,0,0
09-05-2026 15:07,1,1,1,2379.8,0,-8.9,-369,2351,0,0,0,0,0,0,0,0
09-05-2026 15:07,1,1,1,2374,0,-8.6,-357,2347,0,0,0,0,1,2.3,0,929
09-05-2026 15:07,1,1,1,2374,0,-8.6,-357,2347,0,0,0,0,1,2.3,0,929
09-05-2026 15:07,1,1,1,2364,0,-8.3,-343,2339,0,0,0,0,1,2.29,0,901
09-05-2026 15:07,1,1,1,2364,0,-8.3,-343,2339,0,0,0,0,1,2.29,0,901
09-05-2026 15:07,1,1,1,2355.4,0,-8.1,-331,2332,0,0,0,0,1,2.29,0,901
09-05-2026 15:07,1,1,1,2349.2,0,-7.9,-322,2327,0,0,0,0,1,2.29,0,901
09-05-2026 15:07,1,1,1,2349.2,0,-7.9,-322,2327,0,0,0,0,1,2.29,0,901
09-05-2026 15:07,1,1,1,2345.1,0,-7.7,-314,2324,0,0,0,0,1,2.29,0,901
09-05-2026 15:07,1,1,1,2345.1,0,-7.7,-314,2324,0,0,0,0,1,2.29,0,901
09-05-2026 15:07,1,1,1,2342.3,0,-7.6,-308,2322,0,0,0,0,1,2.29,0,901
09-05-2026 15:07,1,1,1,2342.3,0,-7.6,-308,2322,0,0,0,0,1,2.29,0,901
09-05-2026 15:07,1,1,1,2337.8,0,-7.5,-304,2318,0,0,0,0,1,2.29,0,901
09-05-2026 15:07,1,1,1,2332.6,0,-7.4,-302,2313,0,0,0,0,1,2.29,0,901
09-05-2026 15:07,1,1,1,2332.6,0,-7.4,-302,2313,0,0,0,0,1,2.29,0,901
09-05-2026 15:07,1,1,1,2327.4,0,-7.4,-300,2308,0,0,0,0,1,2.29,0,901
09-05-2026 15:07,1,1,1,2327.4,0,-7.4,-300,2308,0,0,0,0,1,2.29,0,901
09-05-2026 15:07,1,1,1,2322.1,0,-7.3,-297,2303,0,0,0,0,1,2.29,0,901
09-05-2026 15:07,1,1,1,2322.1,0,-7.3,-297,2303,0,0,0,0,0,0,0,0
09-05-2026 15:07,1,1,1,2321.1,0,-7.4,-297,2302,0,0,0,0,0,0,0,0
09-05-2026 15:07,1,1,1,2321.1,0,-7.4,-297,2302,0,0,0,0,0,0,0,0
09-05-2026 15:07,1,1,1,2330.4,0,-7.8,-315,2309,0,0,0,0,0,0,0,0
09-05-2026 15:07,1,1,1,2352.9,0,-8.7,-355,2326,0,0,0,0,0,0,0,0
09-05-2026 15:07,1,1,1,2352.9,0,-8.7,-355,2326,0,0,0,0,0,0,0,0
09-05-2026 15:07,1,1,1,2423,0,-11.4,-480,2375,0,0,0,0,0,0,0,0
09-05-2026 15:07,1,1,1,2423,0,-11.4,-480,2375,0,0,0,0,0,0,0,0
09-05-2026 15:07,1,1,1,2561.9,0,-16.5,-729,2456,0,0,0,0,0,0,0,0
09-05-2026 15:07,1,1,1,2561.9,0,-16.5,-729,2456,0,0,0,0,0,0,0,0
09-05-2026 15:07,1,1,1,2698.2,0,-20.5,-943,2528,0,0,0,0,0,0,0,0
09-05-2026 15:07,1,1,1,2830.9,0,-23.7,-1136,2593,0,0,0,0,0,0,0,0
09-05-2026 15:07,1,1,1,2830.9,0,-23.7,-1136,2593,0,0,0,0,0,0,0,0
09-05-2026 15:07,1,1,1,2943.9,0,-25.6,-1274,2654,0,0,0,0,0,0,0,0
09-05-2026 15:07,1,1,1,2943.9,0,-25.6,-1274,2654,0,0,0,0,0,0,0,0
09-05-2026 15:07,1,1,1,3025,0,-26.7,-1358,2703,0,0,0,0,0,0,0,0
09-05-2026 15:07,1,1,1,3025,0,-26.7,-1358,2703,0,0,0,0,0,0,0,0
09-05-2026 15:07,1,1,1,3085.5,0,-27.2,-1411,2744,0,0,0,0,0,0,0,0
09-05-2026 15:07,1,1,1,3085.5,0,-27.2,-1411,2744,0,0,0,0,0,0,0,0
09-05-2026 15:07,1,1,1,3132.2,0,-27.4,-1443,2780,0,0,0,0,0,0,0,0
09-05-2026 15:07,1,1,1,3157.2,0,-27.8,-1472,2793,0,0,0,0,0,0,0,0
09-05-2026 15:07,1,1,1,3157.2,0,-27.8,-1472,2793,0,0,0,0,0,0,0,0
09-05-2026 15:07,1,1,1,3173.1,0,-28.3,-1504,2794,0,0,0,0,0,0,0,0
09-05-2026 15:07,1,1,1,3173.1,0,-28.3,-1504,2794,0,0,0,0,0,0,0,0
09-05-2026 15:07,1,1,1,3184.4,0,-28.6,-1524,2796,0,0,0,0,0,0,0,0
09-05-2026 15:07,1,1,1,3184.4,0,-28.6,-1524,2796,0,0,0,0,0,0,0,0
09-05-2026 15:07,1,1,1,3192.5,0,-28.9,-1541,2796,0,0,0,0,0,0,0,0
09-05-2026 15:07,1,1,1,3200.3,0,-29.1,-1557,2796,0,0,0,0,0,0,0,0
09-05-2026 15:07,1,1,1,3200.3,0,-29.1,-1557,2796,0,0,0,0,0,0,0,0
09-05-2026 15:07,1,1,1,3205.3,0,-29.6,-1585,2786,0,0,0,0,0,0,0,0
09-05-2026 15:07,1,1,1,3205.3,0,-29.6,-1585,2786,0,0,0,0,0,0,0,0
09-05-2026 15:07,1,1,1,3209.9,0,-30.2,-1615,2774,0,0,0,0,0,0,0,0
09-05-2026 15:07,1,1,1,3209.9,0,-30.2,-1615,2774,0,0,0,0,0,0,0,0
09-05-2026 15:07,1,1,1,3212.7,0,-30.7,-1641,2762,0,0,0,0,0,0,0,0
09-05-2026 15:07,1,1,1,3212.7,0,-30.7,-1641,2762,0,0,0,0,0,0,0,0
09-05-2026 15:07,1,1,1,3215.4,0,-31.1,-1663,2752,0,0,0,0,0,0,0,0
09-05-2026 15:07,1,1,1,3215.6,0,-31.6,-1683,2740,0,0,0,0,0,0,0,0
09-05-2026 15:07,1,1,1,3215.6,0,-31.6,-1683,2740,0,0,0,0,0,0,0,0
09-05-2026 15:07,1,1,1,3218.9,0,-31.7,-1691,2739,0,0,0,0,0,0,0,0
09-05-2026 15:07,1,1,1,3218.9,0,-31.7,-1691,2739,0,0,0,0,0,0,0,0
09-05-2026 15:07,1,1,1,3219.5,0,-31.7,-1692,2739,0,0,0,0,0,0,0,0
09-05-2026 15:07,1,1,1,3219.5,0,-31.7,-1692,2739,0,0,0,0,0,0,0,0
09-05-2026 15:07,1,1,1,3219.7,0,-31.7,-1694,2738,0,0,0,0,0,0,0,0
09-05-2026 15:07,1,1,1,3221.1,0,-31.9,-1700,2736,0,0,0,0,0,0,0,0
09-05-2026 15:07,1,1,1,3221.1,0,-31.9,-1700,2736,0,0,0,0,0,0,0,0
09-05-2026 15:07,1,1,1,3221.8,0,-32,-1706,2733,0,0,0,0,0,0,0,0
09-05-2026 15:07,1,1,1,3221.8,0,-32,-1706,2733,0,0,0,0,0,0,0,0
09-05-2026 15:07,1,1,1,3222,0,-32,-1708,2732,0,0,0,0,0,0,0,0
09-05-2026 15:07,1,1,1,3222,0,-32,-1708,2732,0,0,0,0,0,0,0,0
09-05-2026 15:07,1,1,1,3212.8,0,-31.7,-1689,2733,0,0,0,0,0,0,0,0
09-05-2026 15:07,1,1,1,3212.8,0,-31.7,-1689,2733,0,0,0,0,0,0,0,0
09-05-2026 15:07,1,1,1,3203.5,0,-31.4,-1668,2735,0,0,0,0,0,0,0,0
09-05-2026 15:07,1,1,1,3196.2,0,-31.1,-1649,2738,0,0,0,0,0,0,0,0
09-05-2026 15:07,1,1,1,3196.2,0,-31.1,-1649,2738,0,0,0,0,0,0,0,0
09-05-2026 15:07,1,1,1,3196.2,0,-30.9,-1639,2744,0,0,0,0,0,0,0,0
09-05-2026 15:07,1,1,1,3196.2,0,-30.9,-1639,2744,0,0,0,0,0,0,0,0
09-05-2026 15:07,1,1,1,3198.7,0,-30.7,-1632,2751,0,0,0,0,0,0,0,0
09-05-2026 15:07,1,1,1,3198.7,0,-30.7,-1632,2751,0,0,0,0,0,0,0,0
09-05-2026 15:07,1,1,1,3201.1,0,-30.5,-1625,2758,0,0,0,0,0,0,0,0
09-05-2026 15:07,1,1,1,3201.1,0,-30.5,-1625,2758,0,0,0,0,0,0,0,0
09-05-2026 15:07,1,1,1,3200.4,0,-30.3,-1615,2763,0,0,0,0,0,0,0,0
09-05-2026 15:07,1,1,1,3200,0,-30.1,-1604,2769,0,0,0,0,0,0,0,0
09-05-2026 15:07,1,1,1,3200,0,-30.1,-1604,2769,0,0,0,0,0,0,0,0
09-05-2026 15:07,1,1,1,3199.7,0,-29.9,-1593,2775,0,0,0,0,0,0,0,0
09-05-2026 15:07,1,1,1,3199.7,0,-29.9,-1593,2775,0,0,0,0,0,0,0,0
09-05-2026 15:07,1,1,1,3199.1,0,-29.7,-1583,2780,0,0,0,0,0,0,0,0
09-05-2026 15:07,1,1,1,3199.1,0,-29.7,-1583,2780,0,0,0,0,0,0,0,0
09-05-2026 15:07,1,1,1,3198.5,0,-29.5,-1573,2785,0,0,0,0,0,0,0,0
09-05-2026 15:07,1,1,1,3198.7,0,-29.4,-1568,2788,0,0,0,0,0,0,0,0
09-05-2026 15:07,1,1,1,3198.7,0,-29.4,-1568,2788,0,0,0,0,0,0,0,0
09-05-2026 15:07,1,1,1,3199.8,0,-29.4,-1572,2787,0,0,0,0,0,0,0,0
09-05-2026 15:07,1,1,1,3199.8,0,-29.4,-1572,2787,0,0,0,0,0,0,0,0
09-05-2026 15:07,1,1,1,3200.6,0,-29.6,-1579,2784,0,0,0,0,0,0,0,0
09-05-2026 15:07,1,1,1,3200.6,0,-29.6,-1579,2784,0,0,0,0,0,0,0,0
09-05-2026 15:07,1,1,1,3201.2,0,-29.6,-1582,2783,0,0,0,0,0,0,0,0
09-05-2026 15:07,1,1,1,3201.2,0,-29.6,-1582,2783,0,0,0,0,0,0,0,0
09-05-2026 15:07,1,1,1,3198.4,0,-29.6,-1578,2782,0,0,0,0,0,0,0,0
09-05-2026 15:07,1,1,1,3196.4,0,-29.5,-1574,2782,0,0,0,0,0,0,0,0
09-05-2026 15:07,1,1,1,3196.4,0,-29.5,-1574,2782,0,0,0,0,0,0,0,0
09-05-2026 15:07,1,1,1,3197.7,0,-29.5,-1573,2784,0,0,0,0,0,0,0,0
09-05-2026 15:07,1,1,1,3197.7,0,-29.5,-1573,2784,0,0,0,0,0,0,0,0
09-05-2026 15:07,1,1,1,3197.5,0,-29.4,-1571,2785,0,0,0,0,0,0,0,0
09-05-2026 15:07,1,1,1,3197.5,0,-29.4,-1571,2785,0,0,0,0,0,0,0,0
09-05-2026 15:07,1,1,1,3199.1,0,-29.5,-1576,2784,0,0,0,0,0,0,0,0
09-05-2026 15:07,1,1,1,3199.2,0,-29.6,-1578,2783,0,0,0,0,0,0,0,0
09-05-2026 15:07,1,1,1,3199.2,0,-29.6,-1578,2783,0,0,0,0,0,0,0,0
09-05-2026 15:07,1,1,1,3198.9,0,-29.6,-1579,2782,0,0,0,0,0,0,0,0
09-05-2026 15:07,1,1,1,3198.9,0,-29.6,-1579,2782,0,0,0,0,0,0,0,0
09-05-2026 15:07,1,1,1,3198.5,0,-29.6,-1580,2781,0,0,0,0,0,0,0,0
09-05-2026 15:07,1,1,1,3198.5,0,-29.6,-1580,2781,0,0,0,0,0,0,0,0
09-05-2026 15:07,1,1,1,3198.1,0,-29.6,-1581,2780,0,0,0,0,0,0,0,0
09-05-2026 15:07,1,1,1,3198.1,0,-29.6,-1581,2780,0,0,0,0,0,0,0,0
09-05-2026 15:07,1,1,1,3197.6,0,-29.8,-1587,2776,0,0,0,0,0,0,0,0
09-05-2026 15:07,1,1,1,3198.6,0,-29.9,-1596,2772,0,0,0,0,0,0,0,0
09-05-2026 15:07,1,1,1,3198.6,0,-29.9,-1596,2772,0,0,0,0,0,0,0,0
09-05-2026 15:07,1,1,1,3197.4,0,-30.1,-1604,2766,0,0,0,0,0,0,0,0
09-05-2026 15:07,1,1,1,3197.4,0,-30.1,-1604,2766,0,0,0,0,0,0,0,0
09-05-2026 15:07,1,1,1,3195.2,0,-30.4,-1615,2757,0,0,0,0,0,0,0,0
09-05-2026 15:07,1,1,1,3195.2,0,-30.4,-1615,2757,0,0,0,0,0,0,0,0
09-05-2026 15:07,1,1,1,3195.3,0,-30.6,-1627,2750,0,0,0,0,0,0,0,0
09-05-2026 15:07,1,1,1,3200.5,0,-30.8,-1639,2749,0,0,0,0,0,0,0,0
09-05-2026 15:07,1,1,1,3200.5,0,-30.8,-1639,2749,0,0,0,0,0,0,0,0
09-05-2026 15:07,1,1,1,3203.3,0,-30.9,-1646,2748,0,0,0,0,0,0,0,0
09-05-2026 15:07,1,1,1,3203.3,0,-30.9,-1646,2748,0,0,0,0,0,0,0,0
09-05-2026 15:07,1,1,1,3206,0,-31,-1653,2747,0,0,0,0,0,0,0,0
09-05-2026 15:07,1,1,1,3206,0,-31,-1653,2747,0,0,0,0,0,0,0,0
09-05-2026 15:07,1,1,1,3207.2,0,-31.2,-1662,2743,0,0,0,0,0,0,0,0
09-05-2026 15:07,1,1,1,3207.2,0,-31.2,-1662,2743,0,0,0,0,0,0,0,0
09-05-2026 15:07,1,1,1,3208,0,-31.4,-1670,2739,0,0,0,0,0,0,0,0
09-05-2026 15:07,1,1,1,3208.5,0,-31.4,-1671,2739,0,0,0,0,0,0,0,0
09-05-2026 15:07,1,1,1,3208.5,0,-31.4,-1671,2739,0,0,0,0,0,0,0,0
09-05-2026 15:07,1,1,1,3212.4,0,-31.3,-1667,2746,0,0,0,0,0,0,0,0
09-05-2026 15:07,1,1,1,3212.4,0,-31.3,-1667,2746,0,0,0,0,0,0,0,0
09-05-2026 15:07,1,1,1,3216.5,0,-31.1,-1660,2755,0,0,0,0,0,0,0,0
09-05-2026 15:07,1,1,1,3216.5,0,-31.1,-1660,2755,0,0,0,0,0,0,0,0
09-05-2026 15:07,1,1,1,3219.4,0,-31,-1659,2759,0,0,0,0,0,0,0,0
09-05-2026 15:07,1,1,1,3221.1,0,-31,-1659,2761,0,0,0,0,0,0,0,0
09-05-2026 15:07,1,1,1,3221.1,0,-31,-1659,2761,0,0,0,0,0,0,0,0
09-05-2026 15:07,1,1,1,3222.6,0,-30.9,-1657,2764,0,0,0,0,0,0,0,0
09-05-2026 15:07,1,1,1,3222.6,0,-30.9,-1657,2764,0,0,0,0,0,0,0,0
09-05-2026 15:07,1,1,1,3223.1,0,-31,-1658,2764,0,0,0,0,0,0,0,0
09-05-2026 15:07,1,1,1,3223.1,0,-31,-1658,2764,0,0,0,0,0,0,0,0
09-05-2026 15:07,1,1,1,3225.2,0,-31.1,-1667,2761,0,0,0,0,0,0,0,0
09-05-2026 15:07,1,1,1,3225.2,0,-31.1,-1667,2761,0,0,0,0,0,0,0,0
09-05-2026 15:07,1,1,1,3227.4,0,-32.3,-1723,2729,0,0,0,0,0,0,0,0
09-05-2026 15:07,1,1,1,3227.3,0,-34.5,-1826,2661,0,0,0,0,0,0,0,0
09-05-2026 15:07,1,1,1,3227.3,0,-34.5,-1826,2661,0,0,0,0,0,0,0,0
09-05-2026 15:07,1,1,1,3226.6,0,-36,-1897,2610,0,0,0,0,0,0,0,0
09-05-2026 15:07,1,1,1,3226.6,0,-36,-1897,2610,0,0,0,0,0,0,0,0
09-05-2026 15:07,1,1,1,3210.4,0,-36.9,-1928,2567,0,0,0,0,0,0,0,0
09-05-2026 15:07,1,1,1,3210.4,0,-36.9,-1928,2567,0,0,0,0,0,0,0,0
09-05-2026 15:07,1,1,1,3167.6,0,-35.4,-1835,2582,0,0,0,0,0,0,0,0
09-05-2026 15:07,1,1,1,3161.6,0,-34.6,-1796,2602,0,0,0,0,0,0,0,0
09-05-2026 15:07,1,1,1,3161.6,0,-34.6,-1796,2602,0,0,0,0,0,0,0,0
09-05-2026 15:07,1,1,1,3193.2,8,-33.9,-1783,2649,0,0,0,0,0,0,0,0
09-05-2026 15:07,1,1,1,3193.2,8,-33.9,-1783,2649,0,0,0,0,0,0,0,0
09-05-2026 15:07,1,1,1,3233.7,8,-33.2,-1772,2705,0,0,0,0,0,0,0,0
09-05-2026 15:07,1,1,1,3233.7,8,-33.2,-1772,2705,0,0,0,0,0,0,0,0
09-05-2026 15:07,1,1,1,3262.3,0,-32.5,-1755,2750,0,0,0,0,0,0,0,0
09-05-2026 15:07,1,1,1,3262.3,0,-32.5,-1755,2750,0,0,0,0,0,0,0,0
09-05-2026 15:07,1,1,1,3284.8,0,-31.9,-1737,2788,0,0,0,0,0,0,0,0
09-05-2026 15:07,1,1,1,3304.9,0,-31.4,-1720,2822,0,0,0,0,0,0,0,0
09-05-2026 15:07,1,1,1,3304.9,0,-31.4,-1720,2822,0,0,0,0,0,0,0,0
09-05-2026 15:07,1,1,1,3303.6,0,-30.7,-1686,2841,0,0,0,0,0,0,0,0
09-05-2026 15:07,1,1,1,3303.6,0,-30.7,-1686,2841,0,0,0,0,0,0,0,0
09-05-2026 15:07,1,1,1,3218.5,0,-29.2,-1571,2809,0,0,0,0,0,0,0,0
09-05-2026 15:07,1,1,1,3218.5,0,-29.2,-1571,2809,0,0,0,0,0,0,0,0
09-05-2026 15:07,1,1,1,3040.2,0,-26.2,-1344,2727,0,0,0,0,0,0,0,0
09-05-2026 15:07,1,1,1,3040.2,0,-26.2,-1344,2727,0,0,0,0,0,0,0,0
09-05-2026 15:07,1,1,1,2875.2,0,-23.3,-1139,2640,0,0,0,0,0,0,0,0
09-05-2026 15:07,1,1,1,2729,0,-20.6,-959,2555,0,0,0,0,0,0,0,0
09-05-2026 15:07,1,1,1,2729,0,-20.6,-959,2555,0,0,0,0,0,0,0,0
09-05-2026 15:07,1,1,1,2603.9,0,-18,-803,2477,0,0,0,0,0,0,0,0
09-05-2026 15:07,1,1,1,2603.9,0,-18,-803,2477,0,0,0,0,0,0,0,0
09-05-2026 15:07,1,1,1,2497.3,0,-15.5,-669,2406,0,0,0,0,0,0,0,0
09-05-2026 15:07,1,1,1,2497.3,0,-15.5,-669,2406,0,0,0,0,0,0,0,0
09-05-2026 15:07,1,1,1,2408.8,0,-13.3,-555,2344,0,0,0,0,0,0,0,0
09-05-2026 15:07,1,1,1,2347.9,0,-11.6,-472,2300,0,0,0,0,0,0,0,0
09-05-2026 15:07,1,1,1,2347.9,0,-11.6,-472,2300,0,0,0,0,0,0,0,0
09-05-2026 15:07,1,1,1,2391.6,0,-13.2,-548,2328,0,0,0,0,0,0,0,0
09-05-2026 15:07,1,1,1,2391.6,0,-13.2,-548,2328,0,0,0,0,0,0,0,0
09-05-2026 15:07,1,1,1,2453.7,0,-15.4,-650,2366,0,0,0,0,0,0,0,0
09-05-2026 15:07,1,1,1,2453.7,0,-15.4,-650,2366,0,0,0,0,0,0,0,0
09-05-2026 15:07,1,1,1,2589.9,0,-18.6,-825,2455,0,0,0,0,0,0,0,0
09-05-2026 15:07,1,1,1,2589.9,0,-18.6,-825,2455,0,0,0,0,0,0,0,0
09-05-2026 15:07,1,1,1,2728.5,0,-21.5,-999,2539,0,0,0,0,0,0,0,0
09-05-2026 15:07,1,1,1,2814.1,0,-25,-1188,2551,0,0,0,0,0,0,0,0
09-05-2026 15:07,1,1,1,2814.1,0,-25,-1188,2551,0,0,0,0,0,0,0,0
09-05-2026 15:07,1,1,1,2894.1,0,-28.4,-1378,2545,0,0,0,0,0,0,0,0
09-05-2026 15:07,1,1,1,2894.1,0,-28.4,-1378,2545,0,0,0,0,0,0,0,0
09-05-2026 15:07,1,1,1,2971.1,0,-31.7,-1561,2528,0,0,0,0,0,0,0,0
09-05-2026 15:07,1,1,1,2971.1,0,-31.7,-1561,2528,0,0,0,0,0,0,0,0
09-05-2026 15:07,1,1,1,3043.2,0,-34.2,-1712,2516,0,0,0,0,0,0,0,0
09-05-2026 15:07,1,1,1,3068,0,-33,-1671,2573,0,0,0,0,0,0,0,0
09-05-2026 15:07,1,1,1,3068,0,-33,-1671,2573,0,0,0,0,0,0,0,0
09-05-2026 15:07,1,1,1,3086.6,0,-31.8,-1627,2623,0,0,0,0,0,0,0,0
09-05-2026 15:07,1,1,1,3086.6,0,-31.8,-1627,2623,0,0,0,0,0,0,0,0
09-05-2026 15:07,1,1,1,3098.7,0,-31.4,-1616,2644,0,0,0,0,0,0,0,0
09-05-2026 15:07,1,1,1,3098.7,0,-31.4,-1616,2644,0,0,0,0,0,0,0,0
09-05-2026 15:07,1,1,1,3111.3,0,-31,-1604,2666,0,0,0,0,0,0,0,0
09-05-2026 15:07,1,1,1,3111.3,0,-31,-1604,2666,0,0,0,0,0,0,0,0
09-05-2026 15:07,1,1,1,3122.9,0,-30.7,-1593,2686,0,0,0,0,0,0,0,0
09-05-2026 15:07,1,1,1,3149.8,0,-30.6,-1602,2712,0,0,0,0,0,0,0,0
09-05-2026 15:07,1,1,1,3149.8,0,-30.6,-1602,2712,0,0,0,0,0,0,0,0
09-05-2026 15:07,1,1,1,3187,0,-30.3,-1609,2751,0,0,0,0,0,0,0,0
09-05-2026 15:07,1,1,1,3187,0,-30.3,-1609,2751,0,0,0,0,0,0,0,0
09-05-2026 15:07,1,1,1,3268.8,0,-29.9,-1629,2834,0,0,0,0,0,0,0,0
09-05-2026 15:07,1,1,1,3268.8,0,-29.9,-1629,2834,0,0,0,0,0,0,0,0
09-05-2026 15:07,1,1,1,3347.1,0,-29.6,-1652,2911,0,0,0,0,0,0,0,0
09-05-2026 15:07,1,1,1,3418,0,-29.3,-1674,2980,0,0,0,0,0,0,0,0
09-05-2026 15:07,1,1,1,3418,0,-29.3,-1674,2980,0,0,0,0,0,0,0,0
09-05-2026 15:07,1,1,1,3465.7,0,-28.9,-1677,3033,0,0,0,0,0,0,0,0
09-05-2026 15:07,1,1,1,3465.7,0,-28.9,-1677,3033,0,0,0,0,0,0,0,0
09-05-2026 15:07,1,1,1,3447.3,0,-28,-1618,3044,0,0,0,0,0,0,0,0
09-05-2026 15:07,1,1,1,3447.3,0,-28,-1618,3044,0,0,0,0,0,0,0,0
09-05-2026 15:07,1,1,1,3431.9,0,-27.8,-1602,3035,0,0,0,0,0,0,0,0
09-05-2026 15:07,1,1,1,3431.9,0,-27.8,-1602,3035,0,0,0,0,0,0,0,0
09-05-2026 15:07,1,1,1,3409.7,0,-27.7,-1583,3020,0,0,0,0,0,0,0,0
09-05-2026 15:07,1,1,1,3390,0,-27.6,-1569,3005,0,0,0,0,0,0,0,0
09-05-2026 15:07,1,1,1,3390,0,-27.6,-1569,3005,0,0,0,0,0,0,0,0
09-05-2026 15:07,1,1,1,3372.8,0,-27.4,-1553,2994,0,0,0,0,0,0,0,0
09-05-2026 15:07,1,1,1,3372.8,0,-27.4,-1553,2994,0,0,0,0,0,0,0,0
09-05-2026 15:07,1,1,1,3358.4,0,-27.3,-1539,2985,0,0,0,0,0,0,0,0
09-05-2026 15:07,1,1,1,3358.4,0,-27.3,-1539,2985,0,0,0,0,0,0,0,0
09-05-2026 15:07,1,1,1,3344.9,0,-27.2,-1529,2975,0,0,0,0,0,0,0,0
09-05-2026 15:07,1,1,1,3339.5,0,-27.1,-1523,2972,0,0,0,0,0,0,0,0
09-05-2026 15:07,1,1,1,3339.5,0,-27.1,-1523,2972,0,0,0,0,0,0,0,0
09-05-2026 15:07,1,1,1,3333.2,0,-27.1,-1519,2967,0,0,0,0,0,0,0,0
09-05-2026 15:07,1,1,1,3333.2,0,-27.1,-1519,2967,0,0,0,0,0,0,0,0
09-05-2026 15:07,1,1,1,3328.4,0,-27.3,-1524,2959,0,0,0,0,0,0,0,0
09-05-2026 15:07,1,1,1,3328.4,0,-27.3,-1524,2959,0,0,0,0,0,0,0,0
09-05-2026 15:07,1,1,1,3323.6,0,-27.4,-1529,2951,0,0,0,0,0,0,0,0
09-05-2026 15:07,1,1,1,3323.6,0,-27.4,-1529,2951,0,0,0,0,0,0,0,0
09-05-2026 15:07,1,1,1,3319.2,0,-27.5,-1533,2944,0,0,0,0,0,0,0,0
09-05-2026 15:07,1,1,1,3313.9,0,-27.5,-1531,2939,0,0,0,0,0,0,0,0
09-05-2026 15:07,1,1,1,3313.9,0,-27.5,-1531,2939,0,0,0,0,0,0,0,0
09-05-2026 15:07,1,1,1,3308.9,0,-27.5,-1528,2935,0,0,0,0,0,0,0,0
09-05-2026 15:07,1,1,1,3308.9,0,-27.5,-1528,2935,0,0,0,0,0,0,0,0
09-05-2026 15:07,1,1,1,3304.5,0,-27.5,-1528,2930,0,0,0,0,0,0,0,0
09-05-2026 15:07,1,1,1,3304.5,0,-27.5,-1528,2930,0,0,0,0,0,0,0,0
09-05-2026 15:07,1,1,1,3302.1,0,-27.8,-1542,2920,0,0,0,0,0,0,0,0
09-05-2026 15:07,1,1,1,3298.7,0,-28.2,-1559,2907,0,0,0,0,0,0,0,0
09-05-2026 15:07,1,1,1,3298.7,0,-28.2,-1559,2907,0,0,0,0,0,0,0,0
09-05-2026 15:07,1,1,1,3295.6,0,-28.5,-1573,2896,0,0,0,0,0,0,0,0
09-05-2026 15:07,1,1,1,3295.6,0,-28.5,-1573,2896,0,0,0,0,0,0,0,0
09-05-2026 15:07,1,1,1,3294.1,0,-28.9,-1590,2885,0,0,0,0,0,0,0,0
09-05-2026 15:07,1,1,1,3294.1,0,-28.9,-1590,2885,0,0,0,0,0,0,0,0
09-05-2026 15:07,1,1,1,3293.2,0,-29,-1599,2879,0,0,0,0,0,0,0,0
09-05-2026 15:07,1,1,1,3293.2,0,-29,-1599,2879,0,0,0,0,0,0,0,0
09-05-2026 15:07,1,1,1,3296.5,0,-29.3,-1611,2876,0,0,0,0,0,0,0,0
09-05-2026 15:07,1,1,1,3300.5,0,-29.4,-1621,2875,0,0,0,0,0,0,0,0
09-05-2026 15:07,1,1,1,3300.5,0,-29.4,-1621,2875,0,0,0,0,0,0,0,0
09-05-2026 15:07,1,1,1,3304.5,0,-29.6,-1631,2874,0,0,0,0,0,0,0,0
09-05-2026 15:07,1,1,1,3304.5,0,-29.6,-1631,2874,0,0,0,0,0,0,0,0
09-05-2026 15:07,1,1,1,3308.6,0,-29.7,-1641,2873,0,0,0,0,0,0,0,0
09-05-2026 15:07,1,1,1,3308.6,0,-29.7,-1641,2873,0,0,0,0,0,0,0,0
09-05-2026 15:07,1,1,1,3313.1,0,-29.9,-1650,2873,0,0,0,0,0,0,0,0
09-05-2026 15:07,1,1,1,3313.1,0,-29.9,-1650,2873,0,0,0,0,0,0,0,0
09-05-2026 15:07,1,1,1,3321.4,8,-29.9,-1658,2878,0,0,0,0,0,0,0,0
09-05-2026 15:07,1,1,1,3330.5,8,-30,-1664,2885,0,0,0,0,0,0,0,0
09-05-2026 15:07,1,1,1,3330.5,8,-30,-1664,2885,0,0,0,0,0,0,0,0
09-05-2026 15:07,1,1,1,3336.2,0,-30.1,-1672,2887,0,0,0,0,0,0,0,0
09-05-2026 15:07,1,1,1,3336.2,0,-30.1,-1672,2887,0,0,0,0,0,0,0,0
09-05-2026 15:07,1,1,1,3335.1,0,-30.4,-1687,2877,0,0,0,0,0,0,0,0
09-05-2026 15:07,1,1,1,3335.1,0,-30.4,-1687,2877,0,0,0,0,0,0,0,0
09-05-2026 15:07,1,1,1,3330.4,0,-30.8,-1703,2862,0,0,0,0,0,0,0,0
09-05-2026 15:07,1,1,1,3313.8,0,-31.9,-1750,2814,0,0,0,0,0,0,0,0
09-05-2026 15:07,1,1,1,3313.8,0,-31.9,-1750,2814,0,0,0,0,0,0,0,0
09-05-2026 15:07,1,1,1,3292.8,0,-33.2,-1805,2754,0,0,0,0,0,0,0,0
09-05-2026 15:07,1,1,1,3292.8,0,-33.2,-1805,2754,0,0,0,0,0,0,0,0
09-05-2026 15:07,1,1,1,3256.1,0,-35.7,-1899,2645,0,0,0,0,0,0,0,0
09-05-2026 15:07,1,1,1,2559.4,0,-12.8,-566,2496,0,0,0,0,0,0,0,0
09-05-2026 15:07,1,1,1,2559.4,0,-12.8,-566,2496,0,0,0,0,0,0,0,0
09-05-2026 15:07,1,1,1,2559.7,0,-12.9,-572,2495,0,0,0,0,0,0,0,0
09-05-2026 15:07,1,1,1,2559.7,0,-12.9,-572,2495,0,0,0,0,0,0,0,0
09-05-2026 15:07,1,1,1,2557,0,-13,-577,2491,0,0,0,0,0,0,0,0
09-05-2026 15:07,1,1,1,2553,0,-13.2,-581,2486,0,0,0,0,0,0,0,0
09-05-2026 15:07,1,1,1,2553,0,-13.2,-581,2486,0,0,0,0,0,0,0,0
09-05-2026 15:07,1,1,1,2547.1,0,-13.3,-585,2479,0,0,0,0,0,0,0,0
09-05-2026 15:07,1,1,1,2547.1,0,-13.3,-585,2479,0,0,0,0,0,0,0,0
09-05-2026 15:07,1,1,1,2520.3,0,-13.6,-591,2450,0,0,0,0,0,0,0,0
09-05-2026 15:07,1,1,1,2520.3,0,-13.6,-591,2450,0,0,0,0,0,0,0,0
09-05-2026 15:07,1,1,1,2489.2,0,-13.8,-595,2417,0,0,0,0,0,0,0,0
09-05-2026 15:07,1,1,1,2489.2,0,-13.8,-595,2417,0,0,0,0,0,0,0,0
09-05-2026 15:07,1,1,1,2463.4,0,-14.2,-605,2388,0,0,0,0,0,0,0,0
09-05-2026 15:07,1,1,1,2500.9,0,-16.5,-710,2398,0,0,0,0,0,0,0,0
09-05-2026 15:07,1,1,1,2500.9,0,-16.5,-710,2398,0,0,0,0,0,0,0,0
09-05-2026 15:07,1,1,1,2592.3,0,-20.6,-911,2427,0,0,0,0,0,0,0,0
09-05-2026 15:07,1,1,1,2592.3,0,-20.6,-911,2427,0,0,0,0,0,0,0,0
09-05-2026 15:07,1,1,1,2697,0,-23.7,-1083,2470,0,0,0,0,0,0,0,0
09-05-2026 15:07,1,1,1,2697,0,-23.7,-1083,2470,0,0,0,0,0,0,0,0
09-05-2026 15:07,1,1,1,2769.8,0,-25,-1169,2511,0,0,0,0,0,0,0,0
09-05-2026 15:07,1,1,1,2838.8,0,-25.7,-1229,2559,0,0,0,0,0,0,0,0
09-05-2026 15:07,1,1,1,2838.8,0,-25.7,-1229,2559,0,0,0,0,0,0,0,0
09-05-2026 15:07,1,1,1,2900.3,0,-26,-1271,2607,0,0,0,0,0,0,0,0
09-05-2026 15:07,1,1,1,2900.3,0,-26,-1271,2607,0,0,0,0,0,0,0,0
09-05-2026 15:07,1,1,1,2954.4,0,-26.1,-1300,2653,0,0,0,0,0,0,0,0
09-05-2026 15:07,1,1,1,2954.4,0,-26.1,-1300,2653,0,0,0,0,0,0,0,0
09-05-2026 15:07,1,1,1,3001.8,0,-26.1,-1320,2696,0,0,0,0,0,0,0,0
09-05-2026 15:07,1,1,1,3001.8,0,-26.1,-1320,2696,0,0,0,0,0,0,0,0
09-05-2026 15:07,1,1,1,3042.1,0,-26,-1334,2734,0,0,0,0,0,0,0,0
09-05-2026 15:07,1,1,1,2990.8,0,-25.3,-1280,2703,0,0,0,0,0,0,0,0
09-05-2026 15:07,1,1,1,2990.8,0,-25.3,-1280,2703,0,0,0,0,0,0,0,0
09-05-2026 15:07,1,1,1,2939.4,0,-24.9,-1238,2666,0,0,0,0,0,0,0,0
09-05-2026 15:07,1,1,1,2939.4,0,-24.9,-1238,2666,0,0,0,0,0,0,0,0
09-05-2026 15:07,1,1,1,2847.2,0,-24,-1156,2602,0,0,0,0,0,0,0,0
09-05-2026 15:07,1,1,1,2847.2,0,-24,-1156,2602,0,0,0,0,0,0,0,0
09-05-2026 15:07,1,1,1,2827.8,0,-23.5,-1126,2594,0,0,0,0,0,0,0,0
09-05-2026 15:07,1,1,1,2827.8,0,-23.5,-1126,2594,0,0,0,0,0,0,0,0
09-05-2026 15:07,1,1,1,2805.1,0,-22.7,-1082,2588,0,0,0,0,1,2.51,0,445
09-05-2026 15:07,1,1,1,2752.9,0,-21.7,-1020,2557,0,0,0,0,1,2.51,0,445
09-05-2026 15:07,1,1,1,2752.9,0,-21.7,-1020,2557,0,0,0,0,1,2.51,0,445
09-05-2026 15:07,1,1,1,2695.2,0,-21.1,-969,2515,0,0,0,0,1,2.51,0,445
09-05-2026 15:07,1,1,1,2695.2,0,-21.1,-969,2515,0,0,0,0,1,2.51,0,445
09-05-2026 15:07,1,1,1,2644,0,-20.4,-922,2478,0,0,0,0,1,2.51,0,445
09-05-2026 15:07,1,1,1,2644,0,-20.4,-922,2478,0,0,0,0,1,2.51,0,445
09-05-2026 15:07,1,1,1,2610.2,0,-19.8,-884,2456,0,0,0,0,1,2.51,0,445
09-05-2026 15:07,1,1,1,2602.4,0,-19,-846,2461,0,0,0,0,1,2.51,0,445
09-05-2026 15:07,1,1,1,2602.4,0,-19,-846,2461,0,0,0,0,1,2.51,0,445
09-05-2026 15:07,1,1,1,2626,0,-18.5,-834,2490,0,0,0,0,1,2.51,0,445
09-05-2026 15:07,1,1,1,2626,0,-18.5,-834,2490,0,0,0,0,1,2.51,0,445
09-05-2026 15:07,1,1,1,2669.9,0,-18.6,-853,2530,0,0,0,0,1,2.51,0,445
09-05-2026 15:07,1,1,1,2669.9,0,-18.6,-853,2530,0,0,0,0,1,2.51,0,445
09-05-2026 15:07,1,1,1,2699.5,0,-19,-880,2552,0,0,0,0,1,2.51,0,445
09-05-2026 15:07,1,1,1,2699.5,0,-19,-880,2552,0,0,0,0,0,0,0,0
09-05-2026 15:07,1,1,1,2752.2,0,-22,-1033,2551,0,0,0,0,0,0,0,0
09-05-2026 15:07,1,1,1,2798.8,0,-24.7,-1169,2543,0,0,0,0,0,0,0,0
09-05-2026 15:07,1,1,1,2798.8,0,-24.7,-1169,2543,0,0,0,0,0,0,0,0
09-05-2026 15:07,1,1,1,2746.9,0,-23.2,-1084,2524,0,0,0,0,0,0,0,0
09-05-2026 15:07,1,1,1,2746.9,0,-23.2,-1084,2524,0,0,0,0,0,0,0,0
09-05-2026 15:07,1,1,1,2711.2,0,-22.6,-1042,2503,0,0,0,0,0,0,0,0
09-05-2026 15:07,1,1,1,2711.2,0,-22.6,-1042,2503,0,0,0,0,0,0,0,0
09-05-2026 15:07,1,1,1,2696.4,0,-22.3,-1025,2494,0,0,0,0,0,0,0,0
09-05-2026 15:07,1,1,1,2681.7,0,-22.1,-1008,2485,0,0,0,0,0,0,0,0
09-05-2026 15:07,1,1,1,2681.7,0,-22.1,-1008,2485,0,0,0,0,0,0,0,0
09-05-2026 15:07,1,1,1,2674.2,0,-21.8,-993,2483,0,0,0,0,0,0,0,0
09-05-2026 15:07,1,1,1,2674.2,0,-21.8,-993,2483,0,0,0,0,0,0,0,0
09-05-2026 15:07,1,1,1,2664.2,0,-21.6,-981,2477,0,0,0,0,0,0,0,0
09-05-2026 15:07,1,1,1,2664.2,0,-21.6,-981,2477,0,0,0,0,0,0,0,0
09-05-2026 15:07,1,1,1,2660.2,0,-21.4,-970,2477,0,0,0,0,0,0,0,0
09-05-2026 15:07,1,1,1,2660.2,0,-21.4,-970,2477,0,0,0,0,0,0,0,0
09-05-2026 15:07,1,1,1,2653.2,0,-21.1,-956,2475,0,0,0,0,0,0,0,0
09-05-2026 15:07,1,1,1,2646.7,0,-20.9,-943,2473,0,0,0,0,0,0,0,0
09-05-2026 15:07,1,1,1,2646.7,0,-20.9,-943,2473,0,0,0,0,0,0,0,0
09-05-2026 15:07,1,1,1,2641.2,0,-20.6,-930,2472,0,0,0,0,0,0,0,0
09-05-2026 15:07,1,1,1,2641.2,0,-20.6,-930,2472,0,0,0,0,0,0,0,0
09-05-2026 15:07,1,1,1,2635.1,0,-20.4,-918,2470,0,0,0,0,0,0,0,0
09-05-2026 15:07,1,1,1,2635.1,0,-20.4,-918,2470,0,0,0,0,0,0,0,0
09-05-2026 15:07,1,1,1,2629.6,0,-20.1,-905,2469,0,0,0,0,0,0,0,0
09-05-2026 15:07,1,1,1,2624,0,-19.9,-894,2467,0,0,0,0,0,0,0,0
09-05-2026 15:07,1,1,1,2624,0,-19.9,-894,2467,0,0,0,0,0,0,0,0
09-05-2026 15:07,1,1,1,2621.3,0,-19.8,-886,2467,0,0,0,0,0,0,0,0
09-05-2026 15:07,1,1,1,2621.3,0,-19.8,-886,2467,0,0,0,0,0,0,0,0
09-05-2026 15:07,1,1,1,2619.9,0,-19.7,-882,2467,0,0,0,0,0,0,0,0
09-05-2026 15:07,1,1,1,2619.9,0,-19.7,-882,2467,0,0,0,0,0,0,0,0
09-05-2026 15:07,1,1,1,2622.5,0,-19.7,-884,2469,0,0,0,0,0,0,0,0
09-05-2026 15:07,1,1,1,2622.5,0,-19.7,-884,2469,0,0,0,0,0,0,0,0
09-05-2026 15:07,1,1,1,2624.1,0,-19.7,-886,2470,0,0,0,0,0,0,0,0
09-05-2026 15:07,1,1,1,2631.9,0,-19.9,-895,2475,0,0,0,0,0,0,0,0
09-05-2026 15:07,1,1,1,2631.9,0,-19.9,-895,2475,0,0,0,0,0,0,0,0
09-05-2026 15:07,1,1,1,2621.7,0,-19.8,-890,2466,0,0,0,0,0,0,0,0
09-05-2026 15:07,1,1,1,2621.7,0,-19.8,-890,2466,0,0,0,0,0,0,0,0
09-05-2026 15:07,1,1,1,2616.8,0,-19.7,-884,2463,0,0,0,0,0,0,0,0
09-05-2026 15:07,1,1,1,2616.8,0,-19.7,-884,2463,0,0,0,0,0,0,0,0
09-05-2026 15:07,1,1,1,2613.8,0,-19.6,-875,2463,0,0,0,0,0,0,0,0
09-05-2026 15:07,1,1,1,2609.5,0,-19.4,-865,2462,0,0,0,0,0,0,0,0
09-05-2026 15:07,1,1,1,2609.5,0,-19.4,-865,2462,0,0,0,0,0,0,0,0
09-05-2026 15:07,1,1,1,2603.7,0,-19.1,-853,2460,0,0,0,0,0,0,0,0
09-05-2026 15:07,1,1,1,2603.7,0,-19.1,-853,2460,0,0,0,0,0,0,0,0
09-05-2026 15:07,1,1,1,2596,0,-18.9,-841,2456,0,0,0,0,0,0,0,0
09-05-2026 15:07,1,1,1,2596,0,-18.9,-841,2456,0,0,0,0,0,0,0,0
09-05-2026 15:07,1,1,1,2586.8,0,-18.7,-830,2450,0,0,0,0,0,0,0,0
09-05-2026 15:07,1,1,1,2586.8,0,-18.7,-830,2450,0,0,0,0,0,0,0,0
09-05-2026 15:07,1,1,1,2579.2,8,-18.6,-821,2445,0,0,0,0,0,0,0,0
09-05-2026 15:07,1,1,1,2569.7,8,-18.4,-812,2438,0,0,0,0,0,0,0,0
09-05-2026 15:07,1,1,1,2569.7,8,-18.4,-812,2438,0,0,0,0,0,0,0,0
09-05-2026 15:07,1,1,1,2567.5,0,-18.3,-808,2437,0,0,0,0,0,0,0,0
09-05-2026 15:07,1,1,1,2567.5,0,-18.3,-808,2437,0,0,0,0,0,0,0,0
09-05-2026 15:07,1,1,1,2570,0,-18.4,-813,2438,0,0,0,0,0,0,0,0
09-05-2026 15:07,1,1,1,2570,0,-18.4,-813,2438,0,0,0,0,0,0,0,0
09-05-2026 15:07,1,1,1,2579.2,0,-18.7,-827,2443,0,0,0,0,0,0,0,0
09-05-2026 15:07,1,1,1,2589.4,0,-19,-841,2449,0,0,0,0,0,0,0,0
09-05-2026 15:07,1,1,1,2589.4,0,-19,-841,2449,0,0,0,0,0,0,0,0
09-05-2026 15:07,1,1,1,2606.9,0,-19.2,-857,2462,0,0,0,0,0,0,0,0
09-05-2026 15:07,1,1,1,2606.9,0,-19.2,-857,2462,0,0,0,0,0,0,0,0
09-05-2026 15:07,1,1,1,2657.2,0,-19.9,-906,2498,0,0,0,0,0,0,0,0
09-05-2026 15:07,1,1,1,2657.2,0,-19.9,-906,2498,0,0,0,0,0,0,0,0
09-05-2026 15:07,1,1,1,2693.4,0,-20.6,-948,2521,0,0,0,0,0,0,0,0
09-05-2026 15:07,1,1,1,2693.4,0,-20.6,-948,2521,0,0,0,0,0,0,0,0
09-05-2026 15:07,1,1,1,2730.2,0,-21.4,-996,2542,0,0,0,0,0,0,0,0
09-05-2026 15:07,1,1,1,2783,0,-22.7,-1075,2567,0,0,0,0,0,0,0,0
09-05-2026 15:07,1,1,1,2783,0,-22.7,-1075,2567,0,0,0,0,0,0,0,0
09-05-2026 15:07,1,1,1,2739.8,0,-22.8,-1061,2526,0,0,0,0,0,0,0,0
09-05-2026 15:07,1,1,1,2739.8,0,-22.8,-1061,2526,0,0,0,0,0,0,0,0
09-05-2026 15:07,1,1,1,2715.2,0,-22.6,-1045,2506,0,0,0,0,0,0,0,0
09-05-2026 15:07,1,1,1,2715.2,0,-22.6,-1045,2506,0,0,0,0,0,0,0,0
09-05-2026 15:07,1,1,1,2672.5,0,-22,-1001,2478,0,0,0,0,0,0,0,0
09-05-2026 15:07,1,1,1,2672.5,0,-22,-1001,2478,0,0,0,0,0,0,0,0
09-05-2026 15:07,1,1,1,2585.3,0,-20.7,-915,2418,0,0,0,0,0,0,0,0
09-05-2026 15:07,1,1,1,2492.4,0,-19.1,-816,2355,0,0,0,0,0,0,0,0
09-05-2026 15:07,1,1,1,2492.4,0,-19.1,-816,2355,0,0,0,0,0,0,0,0
09-05-2026 15:07,1,1,1,2416.8,0,-17.8,-739,2301,0,0,0,0,0,0,0,0
09-05-2026 15:07,1,1,1,2416.8,0,-17.8,-739,2301,0,0,0,0,0,0,0,0
09-05-2026 15:07,1,1,1,2343.1,0,-16.5,-664,2247,0,0,0,0,0,0,0,0
09-05-2026 15:07,1,1,1,2343.1,0,-16.5,-664,2247,0,0,0,0,0,0,0,0
09-05-2026 15:07,1,1,1,2277.1,0,-15.1,-595,2198,0,0,0,0,0,0,0,0
09-05-2026 15:07,1,1,1,2229.2,0,-14.3,-551,2160,0,0,0,0,0,0,0,0
09-05-2026 15:07,1,1,1,2229.2,0,-14.3,-551,2160,0,0,0,0,0,0,0,0
09-05-2026 15:07,1,1,1,2219.1,0,-13.5,-517,2158,0,0,0,0,0,0,0,0
09-05-2026 15:07,1,1,1,2219.1,0,-13.5,-517,2158,0,0,0,0,0,0,0,0
09-05-2026 15:07,1,1,1,2218.8,0,-13,-499,2162,0,0,0,0,0,0,0,0
09-05-2026 15:07,1,1,1,2218.8,0,-13,-499,2162,0,0,0,0,0,0,0,0
09-05-2026 15:07,1,1,1,2215.6,0,-13.1,-502,2158,0,0,0,0,0,0,0,0
09-05-2026 15:07,1,1,1,2215.6,0,-13.1,-502,2158,0,0,0,0,0,0,0,0
09-05-2026 15:07,1,1,1,2208.3,0,-13.2,-504,2150,0,0,0,0,0,0,0,0
09-05-2026 15:07,1,1,1,2212.3,0,-13.4,-513,2152,0,0,0,0,0,0,0,0
09-05-2026 15:07,1,1,1,2212.3,0,-13.4,-513,2152,0,0,0,0,0,0,0,0
09-05-2026 15:07,1,1,1,2217.6,0,-13.5,-519,2156,0,0,0,0,0,0,0,0
09-05-2026 15:07,1,1,1,2217.6,0,-13.5,-519,2156,0,0,0,0,0,0,0,0
09-05-2026 15:07,1,1,1,2226.3,0,-13.7,-527,2163,0,0,0,0,0,0,0,0
09-05-2026 15:07,1,1,1,2226.3,0,-13.7,-527,2163,0,0,0,0,0,0,0,0
09-05-2026 15:07,1,1,1,2233.8,0,-13.8,-534,2169,0,0,0,0,0,0,0,0
09-05-2026 15:07,1,1,1,2241.3,0,-14,-541,2175,0,0,0,0,0,0,0,0
09-05-2026 15:07,1,1,1,2241.3,0,-14,-541,2175,0,0,0,0,0,0,0,0
09-05-2026 15:07,1,1,1,2248.1,0,-14.1,-549,2180,0,0,0,0,0,0,0,0
09-05-2026 15:07,1,1,1,2248.1,0,-14.1,-549,2180,0,0,0,0,0,0,0,0
09-05-2026 15:07,1,1,1,2256.3,0,-14.3,-559,2186,0,0,0,0,0,0,0,0
09-05-2026 15:07,1,1,1,2256.3,0,-14.3,-559,2186,0,0,0,0,0,0,0,0
09-05-2026 15:07,1,1,1,2263.2,0,-14.5,-567,2191,0,0,0,0,0,0,0,0
09-05-2026 15:07,1,1,1,2263.2,0,-14.5,-567,2191,0,0,0,0,0,0,0,0
09-05-2026 15:07,1,1,1,2272.7,0,-14.6,-574,2199,0,0,0,0,0,0,0,0
09-05-2026 15:07,1,1,1,2279.3,0,-14.8,-581,2204,0,0,0,0,0,0,0,0
09-05-2026 15:07,1,1,1,2279.3,0,-14.8,-581,2204,0,0,0,0,0,0,0,0
09-05-2026 15:07,1,1,1,2286.2,0,-14.9,-589,2209,0,0,0,0,0,0,0,0
09-05-2026 15:07,1,1,1,2286.2,0,-14.9,-589,2209,0,0,0,0,0,0,0,0
09-05-2026 15:07,1,1,1,2295.5,0,-15,-595,2217,0,0,0,0,0,0,0,0
09-05-2026 15:07,1,1,1,2295.5,0,-15,-595,2217,0,0,0,0,0,0,0,0
09-05-2026 15:07,1,1,1,2304.2,0,-15.1,-599,2225,0,0,0,0,0,0,0,0
09-05-2026 15:07,1,1,1,2311.2,0,-15,-600,2232,0,0,0,0,0,0,0,0
09-05-2026 15:07,1,1,1,2311.2,0,-15,-600,2232,0,0,0,0,0,0,0,0
09-05-2026 15:07,1,1,1,2316.1,0,-15,-600,2237,0,0,0,0,0,0,0,0
09-05-2026 15:07,1,1,1,2316.1,0,-15,-600,2237,0,0,0,0,0,0,0,0
09-05-2026 15:07,1,1,1,2319.9,0,-15,-600,2241,0,0,0,0,0,0,0,0
09-05-2026 15:07,1,1,1,2319.9,0,-15,-600,2241,0,0,0,0,0,0,0,0
09-05-2026 15:07,1,1,1,2322.3,0,-14.9,-598,2244,0,0,0,0,0,0,0,0
09-05-2026 15:07,1,1,1,2322.3,0,-14.9,-598,2244,0,0,0,0,0,0,0,0
09-05-2026 15:07,1,1,1,2320.8,0,-14.9,-596,2243,0,0,0,0,0,0,0,0
09-05-2026 15:07,1,1,1,2318.4,0,-14.8,-594,2241,0,0,0,0,0,0,0,0
09-05-2026 15:07,1,1,1,2318.4,0,-14.8,-594,2241,0,0,0,0,0,0,0,0
09-05-2026 15:07,1,1,1,2316.2,0,-14.8,-593,2239,0,0,0,0,0,0,0,0
09-05-2026 15:07,1,1,1,2316.2,0,-14.8,-593,2239,0,0,0,0,0,0,0,0
09-05-2026 15:07,1,1,1,2322,-8,-15.2,-608,2241,0,0,0,0,0,0,0,0
09-05-2026 15:07,1,1,1,2322,-8,-15.2,-608,2241,0,0,0,0,0,0,0,0
09-05-2026 15:07,1,1,1,2336.8,0,-15.7,-631,2250,0,0,0,0,0,0,0,0
09-05-2026 15:07,1,1,1,2364.3,0,-16.2,-661,2270,0,0,0,0,0,0,0,0
09-05-2026 15:07,1,1,1,2364.3,0,-16.2,-661,2270,0,0,0,0,0,0,0,0
09-05-2026 15:07,1,1,1,2449.3,0,-18,-755,2330,0,0,0,0,0,0,0,0
09-05-2026 15:07,1,1,1,2449.3,0,-18,-755,2330,0,0,0,0,0,0,0,0
09-05-2026 15:07,1,1,1,2623.1,0,-20.9,-937,2450,0,0,0,0,0,0,0,0
09-05-2026 15:07,1,1,1,2623.1,0,-20.9,-937,2450,0,0,0,0,0,0,0,0
09-05-2026 15:07,1,1,1,2796.7,0,-23.4,-1110,2567,0,0,0,0,0,0,0,0
09-05-2026 15:07,1,1,1,2796.7,0,-23.4,-1110,2567,0,0,0,0,0,0,0,0
09-05-2026 15:07,1,1,1,2903.4,0,-24.5,-1204,2642,0,0,0,0,0,0,0,0
09-05-2026 15:07,1,1,1,2925.5,0,-24.6,-1220,2659,0,0,0,0,0,0,0,0
09-05-2026 15:07,1,1,1,2925.5,0,-24.6,-1220,2659,0,0,0,0,0,0,0,0
09-05-2026 15:07,1,1,1,2906.3,0,-24.4,-1200,2647,0,0,0,0,0,0,0,0
09-05-2026 15:07,1,1,1,2906.3,0,-24.4,-1200,2647,0,0,0,0,0,0,0,0
09-05-2026 15:07,1,1,1,2890.2,0,-24.2,-1183,2637,0,0,0,0,0,0,0,0
09-05-2026 15:07,1,1,1,2890.2,0,-24.2,-1183,2637,0,0,0,0,0,0,0,0
09-05-2026 15:07,1,1,1,2834.7,0,-23.6,-1134,2598,0,0,0,0,0,0,0,0
09-05-2026 15:07,1,1,1,2780.3,0,-22.9,-1080,2562,0,0,0,0,0,0,0,0
09-05-2026 15:07,1,1,1,2780.3,0,-22.9,-1080,2562,0,0,0,0,0,0,0,0
09-05-2026 15:07,1,1,1,2667.6,0,-21.3,-970,2485,0,0,0,0,0,0,0,0
09-05-2026 15:07,1,1,1,2667.6,0,-21.3,-970,2485,0,0,0,0,0,0,0,0
09-05-2026 15:07,1,1,1,2584.5,0,-20.2,-894,2425,0,0,0,0,0,0,0,0
09-05-2026 15:07,1,1,1,2584.5,0,-20.2,-894,2425,0,0,0,0,0,0,0,0
09-05-2026 15:07,1,1,1,2536.2,0,-18.6,-811,2403,0,0,0,0,0,0,0,0
09-05-2026 15:07,1,1,1,2536.2,0,-18.6,-811,2403,0,0,0,0,0,0,0,0
09-05-2026 15:07,1,1,1,2514.9,0,-17.2,-745,2402,0,0,0,0,0,0,0,0
09-05-2026 15:07,1,1,1,2518.7,0,-16.4,-712,2416,0,0,0,0,0,0,0,0
09-05-2026 15:07,1,1,1,2518.7,0,-16.4,-712,2416,0,0,0,0,0,0,0,0
09-05-2026 15:07,1,1,1,2536.7,0,-16.3,-711,2435,0,0,0,0,0,0,0,0
09-05-2026 15:07,1,1,1,2536.7,0,-16.3,-711,2435,0,0,0,0,0,0,0,0
09-05-2026 15:07,1,1,1,2550.3,0,-16.3,-715,2448,0,0,0,0,0,0,0,0
09-05-2026 15:07,1,1,1,2550.3,0,-16.3,-715,2448,0,0,0,0,0,0,0,0
09-05-2026 15:07,1,1,1,2554.7,0,-16.5,-724,2450,0,0,0,0,0,0,0,0
09-05-2026 15:07,1,1,1,2554.7,0,-16.5,-724,2450,0,0,0,0,0,0,0,0
09-05-2026 15:07,1,1,1,2561.7,0,-16.7,-735,2454,0,0,0,0,0,0,0,0
09-05-2026 15:07,1,1,1,2579.6,0,-17.1,-757,2466,0,0,0,0,0,0,0,0
09-05-2026 15:07,1,1,1,2579.6,0,-17.1,-757,2466,0,0,0,0,0,0,0,0
09-05-2026 15:07,1,1,1,2614.7,0,-17.9,-804,2488,0,0,0,0,0,0,0,0
09-05-2026 15:07,1,1,1,2614.7,0,-17.9,-804,2488,0,0,0,0,0,0,0,0
09-05-2026 15:07,1,1,1,2684.2,0,-19.5,-894,2531,0,0,0,0,0,0,0,0
09-05-2026 15:07,1,1,1,2684.2,0,-19.5,-894,2531,0,0,0,0,0,0,0,0
09-05-2026 15:07,1,1,1,2675.3,0,-19.3,-884,2525,0,0,0,0,0,0,0,0
09-05-2026 15:07,1,1,1,2652.6,0,-18.9,-858,2510,0,0,0,0,0,0,0,0
09-05-2026 15:07,1,1,1,2652.6,0,-18.9,-858,2510,0,0,0,0,0,0,0,0
09-05-2026 15:07,1,1,1,2646.6,0,-18.8,-851,2506,0,0,0,0,0,0,0,0
09-05-2026 15:07,1,1,1,2646.6,0,-18.8,-851,2506,0,0,0,0,0,0,0,0
09-05-2026 15:07,1,1,1,2638.9,0,-18.6,-842,2501,0,0,0,0,0,0,0,0
09-05-2026 15:07,1,1,1,2638.9,0,-18.6,-842,2501,0,0,0,0,0,0,0,0
09-05-2026 15:07,1,1,1,2626.9,0,-18.4,-831,2492,0,0,0,0,0,0,0,0
09-05-2026 15:07,1,1,1,2626.9,0,-18.4,-831,2492,0,0,0,0,0,0,0,0
09-05-2026 15:07,1,1,1,2615.5,0,-18.3,-822,2483,0,0,0,0,0,0,0,0
09-05-2026 15:07,1,1,1,2605.1,0,-18.2,-813,2475,0,0,0,0,0,0,0,0
09-05-2026 15:07,1,1,1,2605.1,0,-18.2,-813,2475,0,0,0,0,0,0,0,0
09-05-2026 15:07,1,1,1,2598.2,0,-18,-803,2471,0,0,0,0,0,0,0,0
09-05-2026 15:07,1,1,1,2598.2,0,-18,-803,2471,0,0,0,0,0,0,0,0
09-05-2026 15:07,1,1,1,2593.5,0,-17.9,-797,2468,0,0,0,0,0,0,0,0
09-05-2026 15:07,1,1,1,2593.5,0,-17.9,-797,2468,0,0,0,0,0,0,0,0
09-05-2026 15:07,1,1,1,2591.6,0,-17.9,-797,2466,0,0,0,0,0,0,0,0
09-05-2026 15:07,1,1,1,2591.9,0,-17.9,-798,2466,0,0,0,0,0,0,0,0
09-05-2026 15:07,1,1,1,2591.9,0,-17.9,-798,2466,0,0,0,0,0,0,0,0
09-05-2026 15:07,1,1,1,2591,0,-17.9,-798,2465,0,0,0,0,0,0,0,0
09-05-2026 15:07,1,1,1,2591,0,-17.9,-798,2465,0,0,0,0,0,0,0,0
09-05-2026 15:07,1,1,1,2589.4,0,-17.9,-796,2464,0,0,0,0,0,0,0,0
09-05-2026 15:07,1,1,1,2589.4,0,-17.9,-796,2464,0,0,0,0,0,0,0,0
09-05-2026 15:07,1,1,1,2585.6,0,-17.8,-790,2462,0,0,0,0,0,0,0,0
09-05-2026 15:07,1,1,1,2585.6,0,-17.8,-790,2462,0,0,0,0,0,0,0,0
09-05-2026 15:07,1,1,1,2584.1,0,-17.7,-785,2462,0,0,0,0,0,0,0,0
09-05-2026 15:07,1,1,1,2589.1,0,-17.7,-789,2466,0,0,0,0,0,0,0,0
09-05-2026 15:07,1,1,1,2589.1,0,-17.7,-789,2466,0,0,0,0,0,0,0,0
09-05-2026 15:07,1,1,1,2593.9,0,-17.8,-792,2470,0,0,0,0,0,0,0,0
09-05-2026 15:07,1,1,1,2593.9,0,-17.8,-792,2470,0,0,0,0,0,0,0,0
09-05-2026 15:07,1,1,1,2597.6,0,-17.8,-795,2473,0,0,0,0,0,0,0,0
09-05-2026 15:07,1,1,1,2597.6,0,-17.8,-795,2473,0,0,0,0,0,0,0,0
09-05-2026 15:07,1,1,1,2597,0,-17.8,-796,2472,0,0,0,0,0,0,0,0
09-05-2026 15:07,1,1,1,2593.2,0,-17.8,-793,2469,0,0,0,0,0,0,0,0
09-05-2026 15:07,1,1,1,2593.2,0,-17.8,-793,2469,0,0,0,0,0,0,0,0
09-05-2026 15:07,1,1,1,2589.8,0,-17.7,-788,2467,0,0,0,0,0,0,0,0
09-05-2026 15:07,1,1,1,2589.8,0,-17.7,-788,2467,0,0,0,0,0,0,0,0
09-05-2026 15:07,1,1,1,2585.1,0,-17.6,-782,2464,0,0,0,0,0,0,0,0
09-05-2026 15:07,1,1,1,2585.1,0,-17.6,-782,2464,0,0,0,0,0,0,0,0
09-05-2026 15:07,1,1,1,2579.2,0,-17.5,-775,2460,0,0,0,0,0,0,0,0
09-05-2026 15:07,1,1,1,2579.2,0,-17.5,-775,2460,0,0,0,0,0,0,0,0
09-05-2026 15:07,1,1,1,2573.3,0,-17.4,-768,2456,0,0,0,0,0,0,0,0
09-05-2026 15:07,1,1,1,2568.3,0,-17.2,-761,2453,0,0,0,0,0,0,0,0
09-05-2026 15:07,1,1,1,2568.3,0,-17.2,-761,2453,0,0,0,0,0,0,0,0
09-05-2026 15:07,1,1,1,2564.6,0,-17.1,-755,2451,0,0,0,0,0,0,0,0
09-05-2026 15:07,1,1,1,2564.6,0,-17.1,-755,2451,0,0,0,0,0,0,0,0
09-05-2026 15:07,1,1,1,2564.6,0,-17.1,-755,2451,0,0,0,0,0,0,0,0
09-05-2026 15:07,1,1,1,2564.6,0,-17.1,-755,2451,0,0,0,0,0,0,0,0
09-05-2026 15:07,1,1,1,2563.6,0,-17.2,-758,2449,0,0,0,0,0,0,0,0
09-05-2026 15:07,1,1,1,2563,0,-17.2,-759,2448,0,0,0,0,0,0,0,0
09-05-2026 15:07,1,1,1,2563,0,-17.2,-759,2448,0,0,0,0,0,0,0,0
09-05-2026 15:07,1,1,1,2560.2,0,-17.1,-753,2447,0,0,0,0,0,0,0,0
09-05-2026 15:07,1,1,1,2560.2,0,-17.1,-753,2447,0,0,0,0,0,0,0,0
09-05-2026 15:07,1,1,1,2557.9,0,-16.9,-745,2447,0,0,0,0,0,0,0,0
09-05-2026 15:07,1,1,1,2557.9,0,-16.9,-745,2447,0,0,0,0,0,0,0,0
09-05-2026 15:07,1,1,1,2557,0,-16.9,-742,2447,0,0,0,0,0,0,0,0
09-05-2026 15:07,1,1,1,2557,0,-16.9,-742,2447,0,0,0,0,0,0,0,0
09-05-2026 15:07,1,1,1,2555.5,0,-16.8,-740,2446,0,0,0,0,0,0,0,0
09-05-2026 15:07,1,1,1,2552.4,0,-16.8,-736,2444,0,0,0,0,0,0,0,0
09-05-2026 15:07,1,1,1,2552.4,0,-16.8,-736,2444,0,0,0,0,0,0,0,0
09-05-2026 15:07,1,1,1,2547.4,0,-16.7,-732,2440,0,0,0,0,0,0,0,0
09-05-2026 15:07,1,1,1,2547.4,0,-16.7,-732,2440,0,0,0,0,0,0,0,0
09-05-2026 15:07,1,1,1,2543.6,0,-16.7,-732,2436,0,0,0,0,0,0,0,0
09-05-2026 15:07,1,1,1,2543.6,0,-16.7,-732,2436,0,0,0,0,0,0,0,0
09-05-2026 15:07,1,1,1,2543.3,0,-16.7,-731,2436,0,0,0,0,0,0,0,0
09-05-2026 15:07,1,1,1,2541.8,0,-16.7,-729,2435,0,0,0,0,0,0,0,0
09-05-2026 15:07,1,1,1,2541.8,0,-16.7,-729,2435,0,0,0,0,0,0,0,0
09-05-2026 15:07,1,1,1,2539,0,-16.6,-726,2433,0,0,0,0,0,0,0,0
09-05-2026 15:07,1,1,1,2539,0,-16.6,-726,2433,0,0,0,0,0,0,0,0
09-05-2026 15:07,1,1,1,2537.5,0,-16.6,-724,2432,0,0,0,0,0,0,0,0
09-05-2026 15:07,1,1,1,2537.5,0,-16.6,-724,2432,0,0,0,0,0,0,0,0
09-05-2026 15:07,1,1,1,2534.5,0,-16.7,-727,2428,0,0,0,0,0,0,0,0
09-05-2026 15:07,1,1,1,2534.5,0,-16.7,-727,2428,0,0,0,0,0,0,0,0
09-05-2026 15:07,1,1,1,2530.4,0,-16.7,-726,2424,0,0,0,0,0,0,0,0
09-05-2026 15:07,1,1,1,2530,0,-16.7,-728,2423,0,0,0,0,0,0,0,0
09-05-2026 15:07,1,1,1,2530,0,-16.7,-728,2423,0,0,0,0,0,0,0,0
09-05-2026 15:07,1,1,1,2550.6,0,-17.2,-756,2436,0,0,0,0,0,0,0,0
09-05-2026 15:07,1,1,1,2550.6,0,-17.2,-756,2436,0,0,0,0,0,0,0,0
09-05-2026 15:07,1,1,1,2623.5,0,-18.8,-844,2484,0,0,0,0,0,0,0,0
09-05-2026 15:07,1,1,1,2623.5,0,-18.8,-844,2484,0,0,0,0,0,0,0,0
09-05-2026 15:07,1,1,1,2690.6,0,-20.1,-924,2527,0,0,0,0,0,0,0,0
09-05-2026 15:07,1,1,1,2690.6,0,-20.1,-924,2527,0,0,0,0,0,0,0,0
09-05-2026 15:07,1,1,1,2745.3,0,-21.1,-989,2561,0,0,0,0,0,0,0,0
09-05-2026 15:07,1,1,1,2737.4,0,-21.1,-985,2554,0,0,0,0,0,0,0,0
09-05-2026 15:07,1,1,1,2737.4,0,-21.1,-985,2554,0,0,0,0,0,0,0,0
09-05-2026 15:07,1,1,1,2725,0,-20.9,-974,2545,0,0,0,0,0,0,0,0
09-05-2026 15:07,1,1,1,2725,0,-20.9,-974,2545,0,0,0,0,0,0,0,0
09-05-2026 15:07,1,1,1,2710,0,-20.7,-958,2535,0,0,0,0,0,0,0,0
09-05-2026 15:07,1,1,1,2710,0,-20.7,-958,2535,0,0,0,0,0,0,0,0
09-05-2026 15:07,1,1,1,2658.7,0,-19.8,-902,2501,0,0,0,0,0,0,0,0
09-05-2026 15:07,1,1,1,2612.4,0,-19.3,-865,2465,0,0,0,0,0,0,0,0
09-05-2026 15:07,1,1,1,2612.4,0,-19.3,-865,2465,0,0,0,0,0,0,0,0
09-05-2026 15:07,1,1,1,2570.1,0,-19,-837,2430,0,0,0,0,0,0,0,0
09-05-2026 15:07,1,1,1,2570.1,0,-19,-837,2430,0,0,0,0,0,0,0,0
09-05-2026 15:07,1,1,1,2556.8,0,-18.9,-828,2419,0,0,0,0,0,0,0,0
09-05-2026 15:07,1,1,1,2556.8,0,-18.9,-828,2419,0,0,0,0,0,0,0,0
09-05-2026 15:07,1,1,1,2546.3,0,-18.8,-822,2410,0,0,0,0,0,0,0,0
09-05-2026 15:07,1,1,1,2546.3,0,-18.8,-822,2410,0,0,0,0,0,0,0,0
09-05-2026 15:07,1,1,1,2537.1,0,-18.8,-817,2402,0,0,0,0,0,0,0,0
09-05-2026 15:07,1,1,1,2528,0,-18.7,-812,2394,0,0,0,0,0,0,0,0
09-05-2026 15:07,1,1,1,2528,0,-18.7,-812,2394,0,0,0,0,0,0,0,0
09-05-2026 15:07,1,1,1,2523.5,0,-18.7,-807,2391,0,0,0,0,0,0,0,0
09-05-2026 15:07,1,1,1,2523.5,0,-18.7,-807,2391,0,0,0,0,0,0,0,0
09-05-2026 15:07,1,1,1,2518.4,0,-18.5,-800,2388,0,0,0,0,0,0,0,0
09-05-2026 15:07,1,1,1,2518.4,0,-18.5,-800,2388,0,0,0,0,0,0,0,0
09-05-2026 15:07,1,1,1,2511.5,0,-18.4,-793,2383,0,0,0,0,0,0,0,0
09-05-2026 15:07,1,1,1,2506.7,0,-18.3,-787,2380,0,0,0,0,0,0,0,0
09-05-2026 15:07,1,1,1,2506.7,0,-18.3,-787,2380,0,0,0,0,0,0,0,0
09-05-2026 15:07,1,1,1,2505.5,0,-18.2,-783,2380,0,0,0,0,0,0,0,0
09-05-2026 15:07,1,1,1,2505.5,0,-18.2,-783,2380,0,0,0,0,0,0,0,0
09-05-2026 15:07,1,1,1,2502.7,0,-18.1,-777,2379,0,0,0,0,0,0,0,0
09-05-2026 15:07,1,1,1,2502.7,0,-18.1,-777,2379,0,0,0,0,0,0,0,0
09-05-2026 15:07,1,1,1,2500.2,0,-17.9,-769,2379,0,0,0,0,0,0,0,0
09-05-2026 15:07,1,1,1,2500.2,0,-17.9,-769,2379,0,0,0,0,0,0,0,0
09-05-2026 15:07,1,1,1,2497.1,0,-17.8,-762,2378,0,0,0,0,0,0,0,0
09-05-2026 15:07,1,1,1,2492.1,0,-17.6,-755,2375,0,0,0,0,0,0,0,0
09-05-2026 15:07,1,1,1,2492.1,0,-17.6,-755,2375,0,0,0,0,0,0,0,0
09-05-2026 15:07,1,1,1,2485.5,0,-17.5,-749,2370,0,0,0,0,0,0,0,0
09-05-2026 15:07,1,1,1,2485.5,0,-17.5,-749,2370,0,0,0,0,0,0,0,0
09-05-2026 15:07,1,1,1,2479.3,0,-17.5,-744,2365,0,0,0,0,0,0,0,0
09-05-2026 15:08,1,1,1,2479.3,0,-17.5,-744,2365,0,0,0,0,0,0,0,0
09-05-2026 15:08,1,1,1,2473,0,-17.4,-739,2360,0,0,0,0,0,0,0,0
09-05-2026 15:08,1,1,1,2467,0,-17.3,-735,2355,0,0,0,0,0,0,0,0
09-05-2026 15:08,1,1,1,2467,0,-17.3,-735,2355,0,0,0,0,0,0,0,0
09-05-2026 15:08,1,1,1,2457.2,0,-17.4,-734,2345,0,0,0,0,0,0,0,0
09-05-2026 15:08,1,1,1,2457.2,0,-17.4,-734,2345,0,0,0,0,0,0,0,0
09-05-2026 15:08,1,1,1,2448.7,0,-17.4,-731,2337,0,0,0,0,0,0,0,0
09-05-2026 15:08,1,1,1,2448.7,0,-17.4,-731,2337,0,0,0,0,0,0,0,0
09-05-2026 15:08,1,1,1,2444.9,0,-17.3,-728,2334,0,0,0,0,0,0,0,0
09-05-2026 15:08,1,1,1,2444.9,0,-17.3,-728,2334,0,0,0,0,0,0,0,0
09-05-2026 15:08,1,1,1,2444,0,-17.3,-725,2334,0,0,0,0,0,0,0,0
09-05-2026 15:08,1,1,1,2445,0,-17.2,-722,2336,0,0,0,0,0,0,0,0
09-05-2026 15:08,1,1,1,2445,0,-17.2,-722,2336,0,0,0,0,0,0,0,0
09-05-2026 15:08,1,1,1,2446.4,0,-17.1,-720,2338,0,0,0,0,0,0,0,0
09-05-2026 15:08,1,1,1,2446.4,0,-17.1,-720,2338,0,0,0,0,0,0,0,0
09-05-2026 15:08,1,1,1,2452.5,0,-17,-718,2345,0,0,0,0,0,0,0,0
09-05-2026 15:08,1,1,1,2452.5,0,-17,-718,2345,0,0,0,0,0,0,0,0
09-05-2026 15:08,1,1,1,2461.1,0,-16.9,-715,2355,0,0,0,0,0,0,0,0
09-05-2026 15:08,1,1,1,2468.9,0,-16.8,-712,2364,0,0,0,0,0,0,0,0
09-05-2026 15:08,1,1,1,2468.9,0,-16.8,-712,2364,0,0,0,0,0,0,0,0
09-05-2026 15:08,1,1,1,2478.3,0,-16.6,-708,2375,0,0,0,0,0,0,0,0
09-05-2026 15:08,1,1,1,2478.3,0,-16.6,-708,2375,0,0,0,0,0,0,0,0
09-05-2026 15:08,1,1,1,2489.4,0,-16.3,-700,2389,0,0,0,0,0,0,0,0
09-05-2026 15:08,1,1,1,2489.4,0,-16.3,-700,2389,0,0,0,0,0,0,0,0
09-05-2026 15:08,1,1,1,2499.8,0,-16,-689,2403,0,0,0,0,0,0,0,0
09-05-2026 15:08,1,1,1,2499.8,0,-16,-689,2403,0,0,0,0,0,0,0,0
09-05-2026 15:08,1,1,1,2510.6,0,-15.7,-679,2417,0,0,0,0,0,0,0,0
09-05-2026 15:08,1,1,1,2518.8,0,-15.5,-674,2427,0,0,0,0,0,0,0,0
09-05-2026 15:08,1,1,1,2518.8,0,-15.5,-674,2427,0,0,0,0,0,0,0,0
09-05-2026 15:08,1,1,1,2526.7,0,-15.4,-671,2436,0,0,0,0,0,0,0,0
09-05-2026 15:08,1,1,1,2526.7,0,-15.4,-671,2436,0,0,0,0,0,0,0,0
09-05-2026 15:08,1,1,1,2527.2,0,-15.4,-669,2437,0,0,0,0,0,0,0,0
09-05-2026 15:08,1,1,1,2527.2,0,-15.4,-669,2437,0,0,0,0,0,0,0,0
09-05-2026 15:08,1,1,1,2522.1,0,-15.4,-668,2432,0,0,0,0,0,0,0,0
09-05-2026 15:08,1,1,1,2518,0,-15.5,-671,2427,0,0,0,0,0,0,0,0
09-05-2026 15:08,1,1,1,2518,0,-15.5,-671,2427,0,0,0,0,0,0,0,0
09-05-2026 15:08,1,1,1,2518.3,0,-15.6,-679,2425,0,0,0,0,0,0,0,0
09-05-2026 15:08,1,1,1,2518.3,0,-15.6,-679,2425,0,0,0,0,0,0,0,0
09-05-2026 15:08,1,1,1,2521.1,0,-15.8,-686,2426,0,0,0,0,0,0,0,0
09-05-2026 15:08,1,1,1,2521.1,0,-15.8,-686,2426,0,0,0,0,0,0,0,0
09-05-2026 15:08,1,1,1,2521.9,0,-15.9,-689,2426,0,0,0,0,0,0,0,0
09-05-2026 15:08,1,1,1,2521.9,0,-15.9,-689,2426,0,0,0,0,0,0,0,0
09-05-2026 15:08,1,1,1,2522.5,0,-15.9,-691,2426,0,0,0,0,0,0,0,0
09-05-2026 15:08,1,1,1,2522.5,0,-15.9,-691,2426,0,0,0,0,0,0,0,0
09-05-2026 15:08,1,1,1,2522.5,0,-15.9,-691,2426,0,0,0,0,0,0,0,0
09-05-2026 15:08,1,1,1,2522.8,0,-15.9,-692,2426,0,0,0,0,0,0,0,0
09-05-2026 15:08,1,1,1,2522.8,0,-15.9,-692,2426,0,0,0,0,0,0,0,0
09-05-2026 15:08,1,1,1,2522.4,0,-16,-694,2425,0,0,0,0,0,0,0,0
09-05-2026 15:08,1,1,1,2522.4,0,-16,-694,2425,0,0,0,0,0,0,0,0
09-05-2026 15:08,1,1,1,2524.7,0,-16.1,-699,2426,0,0,0,0,0,0,0,0
09-05-2026 15:08,1,1,1,2524.7,0,-16.1,-699,2426,0,0,0,0,0,0,0,0
09-05-2026 15:08,1,1,1,2524.3,0,-16.1,-701,2425,0,0,0,0,0,0,0,0
09-05-2026 15:08,1,1,1,2520,0,-16.2,-703,2420,0,0,0,0,0,0,0,0
09-05-2026 15:08,1,1,1,2520,0,-16.2,-703,2420,0,0,0,0,0,0,0,0
09-05-2026 15:08,1,1,1,2513,0,-16.2,-702,2413,0,0,0,0,0,0,0,0
09-05-2026 15:08,1,1,1,2513,0,-16.2,-702,2413,0,0,0,0,0,0,0,0
09-05-2026 15:08,1,1,1,2502.7,0,-16.1,-696,2404,0,0,0,0,0,0,0,0
09-05-2026 15:08,1,1,1,2502.7,0,-16.1,-696,2404,0,0,0,0,0,0,0,0
09-05-2026 15:08,1,1,1,2495,0,-16,-689,2398,0,0,0,0,0,0,0,0
09-05-2026 15:08,1,1,1,2497.2,0,-16,-690,2400,0,0,0,0,0,0,0,0
09-05-2026 15:08,1,1,1,2497.2,0,-16,-690,2400,0,0,0,0,0,0,0,0
09-05-2026 15:08,1,1,1,2497.8,0,-16.1,-692,2400,0,0,0,0,0,0,0,0
09-05-2026 15:08,1,1,1,2497.8,0,-16.1,-692,2400,0,0,0,0,0,0,0,0
09-05-2026 15:08,1,1,1,2494.2,0,-16.1,-693,2396,0,0,0,0,0,0,0,0
09-05-2026 15:08,1,1,1,2494.2,0,-16.1,-693,2396,0,0,0,0,0,0,0,0
09-05-2026 15:08,1,1,1,2488.4,0,-16.2,-693,2390,0,0,0,0,0,0,0,0
09-05-2026 15:08,1,1,1,2488.4,0,-16.2,-693,2390,0,0,0,0,0,0,0,0
09-05-2026 15:08,1,1,1,2482.1,0,-16.2,-691,2384,0,0,0,0,0,0,0,0
09-05-2026 15:08,1,1,1,2475,0,-16.1,-686,2378,0,0,0,0,0,0,0,0
09-05-2026 15:08,1,1,1,2475,0,-16.1,-686,2378,0,0,0,0,0,0,0,0
09-05-2026 15:08,1,1,1,2467.3,0,-16,-679,2372,0,0,0,0,0,0,0,0
09-05-2026 15:08,1,1,1,2467.3,0,-16,-679,2372,0,0,0,0,0,0,0,0
09-05-2026 15:08,1,1,1,2459,0,-15.8,-670,2366,0,0,0,0,0,0,0,0
09-05-2026 15:08,1,1,1,2459,0,-15.8,-670,2366,0,0,0,0,0,0,0,0
09-05-2026 15:08,1,1,1,2453.6,0,-15.7,-664,2362,0,0,0,0,0,0,0,0
09-05-2026 15:08,1,1,1,2459.2,0,-15.9,-674,2365,0,0,0,0,0,0,0,0
09-05-2026 15:08,1,1,1,2459.2,0,-15.9,-674,2365,0,0,0,0,0,0,0,0
09-05-2026 15:08,1,1,1,2461.4,0,-16.1,-682,2365,0,0,0,0,0,0,0,0
09-05-2026 15:08,1,1,1,2461.4,0,-16.1,-682,2365,0,0,0,0,0,0,0,0
09-05-2026 15:08,1,1,1,2453.1,0,-16.1,-680,2357,0,0,0,0,0,0,0,0
09-05-2026 15:08,1,1,1,2453.1,0,-16.1,-680,2357,0,0,0,0,0,0,0,0
09-05-2026 15:08,1,1,1,2444.6,0,-16.1,-677,2349,0,0,0,0,0,0,0,0
09-05-2026 15:08,1,1,1,2444.6,0,-16.1,-677,2349,0,0,0,0,0,0,0,0
09-05-2026 15:08,1,1,1,2440.9,0,-16,-674,2346,0,0,0,0,0,0,0,0
09-05-2026 15:08,1,1,1,2440.9,0,-16,-674,2346,0,0,0,0,0,0,0,0
09-05-2026 15:08,1,1,1,2440.9,0,-16,-674,2346,0,0,0,0,0,0,0,0
09-05-2026 15:08,1,1,1,2455.5,0,-16.4,-692,2356,0,0,0,0,0,0,0,0
09-05-2026 15:08,1,1,1,2455.5,0,-16.4,-692,2356,0,0,0,0,0,0,0,0
09-05-2026 15:08,1,1,1,2505.7,0,-17.7,-762,2387,0,0,0,0,0,0,0,0
09-05-2026 15:08,1,1,1,2505.7,0,-17.7,-762,2387,0,0,0,0,0,0,0,0
09-05-2026 15:08,1,1,1,2617.8,0,-20.8,-930,2447,0,0,0,0,0,0,0,0
09-05-2026 15:08,1,1,1,2695.6,0,-23.7,-1084,2468,0,0,0,0,0,0,0,0
09-05-2026 15:08,1,1,1,2695.6,0,-23.7,-1084,2468,0,0,0,0,0,0,0,0
09-05-2026 15:08,1,1,1,2770.9,0,-26.4,-1234,2481,0,0,0,0,0,0,0,0
09-05-2026 15:08,1,1,1,2770.9,0,-26.4,-1234,2481,0,0,0,0,0,0,0,0
09-05-2026 15:08,1,1,1,2857.3,0,-28.3,-1356,2515,0,0,0,0,0,0,0,0
09-05-2026 15:08,1,1,1,2857.3,0,-28.3,-1356,2515,0,0,0,0,0,0,0,0
09-05-2026 15:08,1,1,1,2942.2,0,-29.9,-1466,2551,0,0,0,0,0,0,0,0
09-05-2026 15:08,1,1,1,2942.2,0,-29.9,-1466,2551,0,0,0,0,0,0,0,0
09-05-2026 15:08,1,1,1,3004.3,0,-31,-1546,2576,0,0,0,0,0,0,0,0
09-05-2026 15:08,1,1,1,2964.1,0,-29.8,-1475,2571,0,0,0,0,0,0,0,0
09-05-2026 15:08,1,1,1,2964.1,0,-29.8,-1475,2571,0,0,0,0,0,0,0,0
09-05-2026 15:08,1,1,1,2946.1,0,-29.5,-1451,2564,0,0,0,0,0,0,0,0
09-05-2026 15:08,1,1,1,2946.1,0,-29.5,-1451,2564,0,0,0,0,0,0,0,0
09-05-2026 15:08,1,1,1,2926.9,0,-29.2,-1426,2556,0,0,0,0,0,0,0,0
09-05-2026 15:08,1,1,1,2926.9,0,-29.2,-1426,2556,0,0,0,0,0,0,0,0
09-05-2026 15:08,1,1,1,2908.2,0,-28.8,-1402,2548,0,0,0,0,0,0,0,0
09-05-2026 15:08,1,1,1,2888.8,0,-28.4,-1376,2540,0,0,0,0,0,0,0,0
09-05-2026 15:08,1,1,1,2888.8,0,-28.4,-1376,2540,0,0,0,0,0,0,0,0
09-05-2026 15:08,1,1,1,2837.9,0,-27.4,-1307,2519,0,0,0,0,0,0,0,0
09-05-2026 15:08,1,1,1,2837.9,0,-27.4,-1307,2519,0,0,0,0,0,0,0,0
09-05-2026 15:08,1,1,1,2793.8,0,-26.3,-1239,2504,0,0,0,0,0,0,0,0
09-05-2026 15:08,1,1,1,2793.8,0,-26.3,-1239,2504,0,0,0,0,0,0,0,0
09-05-2026 15:08,1,1,1,2756.9,0,-25.3,-1177,2493,0,0,0,0,0,0,0,0
09-05-2026 15:08,1,1,1,2756.9,0,-25.3,-1177,2493,0,0,0,0,0,0,0,0
09-05-2026 15:08,1,1,1,2791.9,0,-25.5,-1204,2519,0,0,0,0,0,0,0,0
09-05-2026 15:08,1,1,1,2832.9,0,-25.8,-1232,2551,0,0,0,0,0,0,0,0
09-05-2026 15:08,1,1,1,2832.9,0,-25.8,-1232,2551,0,0,0,0,0,0,0,0
09-05-2026 15:08,1,1,1,2900.8,0,-26,-1270,2608,0,0,0,0,0,0,0,0
09-05-2026 15:08,1,1,1,2900.8,0,-26,-1270,2608,0,0,0,0,0,0,0,0
09-05-2026 15:08,1,1,1,2876.6,0,-25,-1216,2607,0,0,0,0,0,0,0,0
09-05-2026 15:08,1,1,1,2876.6,0,-25,-1216,2607,0,0,0,0,0,0,0,0
09-05-2026 15:08,1,1,1,2857.6,0,-24.4,-1179,2603,0,0,0,0,0,0,0,0
09-05-2026 15:08,1,1,1,2826.7,0,-23.7,-1137,2588,0,0,0,0,0,0,0,0
09-05-2026 15:08,1,1,1,2826.7,0,-23.7,-1137,2588,0,0,0,0,0,0,0,0
09-05-2026 15:08,1,1,1,2765.5,0,-23,-1082,2545,0,0,0,0,0,0,0,0
09-05-2026 15:08,1,1,1,2765.5,0,-23,-1082,2545,0,0,0,0,0,0,0,0
09-05-2026 15:08,1,1,1,2708.2,0,-22.4,-1034,2503,0,0,0,0,0,0,0,0
09-05-2026 15:08,1,1,1,2708.2,0,-22.4,-1034,2503,0,0,0,0,0,0,0,0
09-05-2026 15:08,1,1,1,2666.2,0,-22,-999,2472,0,0,0,0,0,0,0,0
09-05-2026 15:08,1,1,1,2666.2,0,-22,-999,2472,0,0,0,0,0,0,0,0
09-05-2026 15:08,1,1,1,2648.6,0,-21.7,-979,2461,0,0,0,0,0,0,0,0
09-05-2026 15:08,1,1,1,2648.4,0,-21.6,-976,2462,0,0,0,0,0,0,0,0
09-05-2026 15:08,1,1,1,2648.4,0,-21.6,-976,2462,0,0,0,0,0,0,0,0
09-05-2026 15:08,1,1,1,2648,0,-21.6,-975,2462,0,0,0,0,0,0,0,0
09-05-2026 15:08,1,1,1,2648,0,-21.6,-975,2462,0,0,0,0,0,0,0,0
09-05-2026 15:08,1,1,1,2654.3,0,-21.7,-982,2466,0,0,0,0,0,0,0,0
09-05-2026 15:08,1,1,1,2654.3,0,-21.7,-982,2466,0,0,0,0,0,0,0,0
09-05-2026 15:08,1,1,1,2671.8,0,-22,-999,2478,0,0,0,0,0,0,0,0
09-05-2026 15:08,1,1,1,2671.8,0,-22,-999,2478,0,0,0,0,0,0,0,0
09-05-2026 15:08,1,1,1,2737.1,0,-23.1,-1073,2518,0,0,0,0,0,0,0,0
09-05-2026 15:08,1,1,1,2870.3,0,-24.7,-1201,2607,0,0,0,0,0,0,0,0
09-05-2026 15:08,1,1,1,2870.3,0,-24.7,-1201,2607,0,0,0,0,0,0,0,0
09-05-2026 15:08,1,1,1,2997.3,0,-26,-1316,2693,0,0,0,0,0,0,0,0
09-05-2026 15:08,1,1,1,2997.3,0,-26,-1316,2693,0,0,0,0,0,0,0,0
09-05-2026 15:08,1,1,1,3108.5,0,-27.5,-1434,2758,0,0,0,0,0,0,0,0
09-05-2026 15:08,1,1,1,3108.5,0,-27.5,-1434,2758,0,0,0,0,0,0,0,0
09-05-2026 15:08,1,1,1,3183.9,0,-28.4,-1512,2802,0,0,0,0,0,0,0,0
09-05-2026 15:08,1,1,1,3198.6,0,-29.3,-1566,2789,0,0,0,0,0,0,0,0
09-05-2026 15:08,1,1,1,3198.6,0,-29.3,-1566,2789,0,0,0,0,0,0,0,0
09-05-2026 15:08,1,1,1,3195.3,0,-29.6,-1577,2779,0,0,0,0,0,0,0,0
09-05-2026 15:08,1,1,1,3195.3,0,-29.6,-1577,2779,0,0,0,0,0,0,0,0
09-05-2026 15:08,1,1,1,3194.6,0,-30.1,-1600,2765,0,0,0,0,0,0,0,0
09-05-2026 15:08,1,1,1,3194.6,0,-30.1,-1600,2765,0,0,0,0,0,0,0,0
09-05-2026 15:08,1,1,1,3190.9,0,-30.3,-1610,2755,0,0,0,0,0,0,0,0
09-05-2026 15:08,1,1,1,3190.9,0,-30.3,-1610,2755,0,0,0,0,0,0,0,0
09-05-2026 15:08,1,1,1,3180.1,0,-30.4,-1609,2743,0,0,0,0,0,0,0,0
09-05-2026 15:08,1,1,1,3103.3,0,-29.3,-1521,2705,0,0,0,0,0,0,0,0
09-05-2026 15:08,1,1,1,3103.3,0,-29.3,-1521,2705,0,0,0,0,0,0,0,0
09-05-2026 15:08,1,1,1,3028.6,0,-28.3,-1437,2666,0,0,0,0,0,0,0,0
09-05-2026 15:08,1,1,1,3028.6,0,-28.3,-1437,2666,0,0,0,0,0,0,0,0
09-05-2026 15:08,1,1,1,2894.8,0,-26.3,-1283,2595,0,0,0,0,0,0,0,0
09-05-2026 15:08,1,1,1,2894.8,0,-26.3,-1283,2595,0,0,0,0,0,0,0,0
09-05-2026 15:08,1,1,1,2788.2,0,-24.6,-1161,2535,0,0,0,0,0,0,0,0
09-05-2026 15:08,1,1,1,2708.7,0,-23.1,-1064,2491,0,0,0,0,0,0,0,0
09-05-2026 15:08,1,1,1,2708.7,0,-23.1,-1064,2491,0,0,0,0,0,0,0,0
09-05-2026 15:08,1,1,1,2656.4,0,-21.9,-990,2465,0,0,0,0,0,0,0,0
09-05-2026 15:08,1,1,1,2656.4,0,-21.9,-990,2465,0,0,0,0,0,0,0,0
09-05-2026 15:08,1,1,1,2616.3,0,-20.7,-926,2447,0,0,0,0,0,0,0,0
09-05-2026 15:08,1,1,1,2616.3,0,-20.7,-926,2447,0,0,0,0,0,0,0,0
09-05-2026 15:08,1,1,1,2600.7,0,-20.2,-900,2440,0,0,0,0,0,0,0,0
09-05-2026 15:08,1,1,1,2600.7,0,-20.2,-900,2440,0,0,0,0,0,0,0,0
09-05-2026 15:08,1,1,1,2588.7,0,-19.8,-876,2436,0,0,0,0,0,0,0,0
09-05-2026 15:08,1,1,1,2579.2,0,-19.7,-870,2428,0,0,0,0,0,0,0,0
09-05-2026 15:08,1,1,1,2579.2,0,-19.7,-870,2428,0,0,0,0,0,0,0,0
09-05-2026 15:08,1,1,1,2571.8,0,-19.7,-865,2422,0,0,0,0,0,0,0,0
09-05-2026 15:08,1,1,1,2571.8,0,-19.7,-865,2422,0,0,0,0,0,0,0,0
09-05-2026 15:08,1,1,1,2563.8,0,-19.5,-855,2417,0,0,0,0,0,0,0,0
09-05-2026 15:08,1,1,1,2563.8,0,-19.5,-855,2417,0,0,0,0,0,0,0,0
09-05-2026 15:08,1,1,1,2546.1,0,-19,-830,2407,0,0,0,0,0,0,0,0
09-05-2026 15:08,1,1,1,2531.4,0,-18.7,-811,2398,0,0,0,0,0,0,0,0
09-05-2026 15:08,1,1,1,2531.4,0,-18.7,-811,2398,0,0,0,0,0,0,0,0
09-05-2026 15:08,1,1,1,2527.9,0,-18.6,-806,2396,0,0,0,0,0,0,0,0
09-05-2026 15:08,1,1,1,2527.9,0,-18.6,-806,2396,0,0,0,0,0,0,0,0
09-05-2026 15:08,1,1,1,2524.1,0,-18.5,-803,2393,0,0,0,0,0,0,0,0
09-05-2026 15:08,1,1,1,2524.1,0,-18.5,-803,2393,0,0,0,0,0,0,0,0
09-05-2026 15:08,1,1,1,2523.8,0,-18.5,-802,2393,0,0,0,0,0,0,0,0
09-05-2026 15:08,1,1,1,2523.8,0,-18.5,-802,2393,0,0,0,0,0,0,0,0
09-05-2026 15:08,1,1,1,2526.7,0,-18.6,-805,2395,0,0,0,0,0,0,0,0
09-05-2026 15:08,1,1,1,2533.7,0,-18.8,-815,2399,0,0,0,0,0,0,0,0
09-05-2026 15:08,1,1,1,2533.7,0,-18.8,-815,2399,0,0,0,0,0,0,0,0
09-05-2026 15:08,1,1,1,2542.3,0,-19.1,-830,2403,0,0,0,0,0,0,0,0
09-05-2026 15:08,1,1,1,2542.3,0,-19.1,-830,2403,0,0,0,0,0,0,0,0
09-05-2026 15:08,1,1,1,2558.7,0,-19.4,-851,2413,0,0,0,0,0,0,0,0
09-05-2026 15:08,1,1,1,2558.7,0,-19.4,-851,2413,0,0,0,0,0,0,0,0
09-05-2026 15:08,1,1,1,2611.5,0,-20.3,-904,2450,0,0,0,0,0,0,0,0
09-05-2026 15:08,1,1,1,2653.6,0,-21,-952,2477,0,0,0,0,0,0,0,0
09-05-2026 15:08,1,1,1,2653.6,0,-21,-952,2477,0,0,0,0,0,0,0,0
09-05-2026 15:08,1,1,1,2695.6,0,-22,-1008,2500,0,0,0,0,0,0,0,0
09-05-2026 15:08,1,1,1,2695.6,0,-22,-1008,2500,0,0,0,0,0,0,0,0
09-05-2026 15:08,1,1,1,2802.4,0,-24,-1140,2560,0,0,0,0,0,0,0,0
09-05-2026 15:08,1,1,1,2802.4,0,-24,-1140,2560,0,0,0,0,0,0,0,0
09-05-2026 15:08,1,1,1,2909.8,0,-25.9,-1272,2617,0,0,0,0,0,0,0,0
09-05-2026 15:08,1,1,1,2909.8,0,-25.9,-1272,2617,0,0,0,0,0,0,0,0
09-05-2026 15:08,1,1,1,3024.1,0,-28,-1418,2671,0,0,0,0,0,0,0,0
09-05-2026 15:08,1,1,1,3137.5,0,-29.9,-1562,2721,0,0,0,0,0,0,0,0
09-05-2026 15:08,1,1,1,3137.5,0,-29.9,-1562,2721,0,0,0,0,0,0,0,0
09-05-2026 15:08,1,1,1,3227.1,0,-32,-1708,2738,0,0,0,0,0,0,0,0
09-05-2026 15:08,1,1,1,3227.1,0,-32,-1708,2738,0,0,0,0,0,0,0,0
09-05-2026 15:08,1,1,1,3283.8,0,-33.6,-1816,2736,0,0,0,0,0,0,0,0
09-05-2026 15:08,1,1,1,3283.8,0,-33.6,-1816,2736,0,0,0,0,0,0,0,0
09-05-2026 15:08,1,1,1,3286.1,0,-34,-1838,2724,0,0,0,0,0,0,0,0
09-05-2026 15:08,1,1,1,3286.1,0,-34,-1838,2724,0,0,0,0,0,0,0,0
09-05-2026 15:08,1,1,1,3264.5,0,-34.1,-1829,2704,0,0,0,0,0,0,0,0
09-05-2026 15:08,1,1,1,3190.5,0,-33.2,-1748,2669,0,0,0,0,0,0,0,0
09-05-2026 15:08,1,1,1,3190.5,0,-33.2,-1748,2669,0,0,0,0,0,0,0,0
09-05-2026 15:08,1,1,1,3022.7,0,-30.8,-1550,2595,0,0,0,0,0,0,0,0
09-05-2026 15:08,1,1,1,3022.7,0,-30.8,-1550,2595,0,0,0,0,0,0,0,0
09-05-2026 15:08,1,1,1,2884.7,0,-28.4,-1373,2537,0,0,0,0,0,0,0,0
09-05-2026 15:08,1,1,1,2884.7,0,-28.4,-1373,2537,0,0,0,0,0,0,0,0
09-05-2026 15:08,1,1,1,2786.6,0,-26.3,-1235,2498,0,0,0,0,0,0,0,0
09-05-2026 15:08,1,1,1,2709.8,0,-24.4,-1119,2468,0,0,0,0,0,0,0,0
09-05-2026 15:08,1,1,1,2709.8,0,-24.4,-1119,2468,0,0,0,0,0,0,0,0
09-05-2026 15:08,1,1,1,2650.6,0,-22.8,-1026,2444,0,0,0,0,0,0,0,0
09-05-2026 15:08,1,1,1,2650.6,0,-22.8,-1026,2444,0,0,0,0,0,0,0,0
09-05-2026 15:08,1,1,1,2600.6,0,-21.2,-942,2424,0,0,0,0,0,0,0,0
09-05-2026 15:08,1,1,1,2600.6,0,-21.2,-942,2424,0,0,0,0,0,0,0,0
09-05-2026 15:08,1,1,1,2554.4,0,-19.6,-858,2406,0,0,0,0,0,0,0,0
09-05-2026 15:08,1,1,1,2554.4,0,-19.6,-858,2406,0,0,0,0,0,0,0,0
09-05-2026 15:08,1,1,1,2527.6,0,-18.2,-790,2401,0,0,0,0,0,0,0,0
09-05-2026 15:08,1,1,1,2551,0,-18.2,-798,2423,0,0,0,0,0,0,0,0
09-05-2026 15:08,1,1,1,2551,0,-18.2,-798,2423,0,0,0,0,0,0,0,0
09-05-2026 15:08,1,1,1,2567.5,0,-18.5,-814,2435,0,0,0,0,0,0,0,0
09-05-2026 15:08,1,1,1,2567.5,0,-18.5,-814,2435,0,0,0,0,0,0,0,0
09-05-2026 15:08,1,1,1,2573.5,0,-18.5,-818,2440,0,0,0,0,0,0,0,0
09-05-2026 15:08,1,1,1,2573.5,0,-18.5,-818,2440,0,0,0,0,0,0,0,0
09-05-2026 15:08,1,1,1,2571.9,0,-18.4,-813,2440,0,0,0,0,0,0,0,0
09-05-2026 15:08,1,1,1,2564.9,0,-18.2,-803,2436,0,0,0,0,0,0,0,0
09-05-2026 15:08,1,1,1,2564.9,0,-18.2,-803,2436,0,0,0,0,0,0,0,0
09-05-2026 15:08,1,1,1,2553.3,0,-18,-787,2429,0,0,0,0,0,0,0,0
09-05-2026 15:08,1,1,1,2553.3,0,-18,-787,2429,0,0,0,0,0,0,0,0
09-05-2026 15:08,1,1,1,2538.4,0,-17.5,-763,2421,0,0,0,0,1,2.5,0,1145
09-05-2026 15:08,1,1,1,2538.4,0,-17.5,-763,2421,0,0,0,0,1,2.5,0,1145
09-05-2026 15:08,1,1,1,2497.1,0,-16.1,-693,2399,0,0,0,0,1,2.5,0,1145
09-05-2026 15:08,1,1,1,2497.1,0,-16.1,-693,2399,0,0,0,0,1,2.5,0,1145
09-05-2026 15:08,1,1,1,2489.7,0,-15.9,-680,2395,0,0,0,0,1,2.5,0,1145
09-05-2026 15:08,1,1,1,2480.9,0,-15.6,-669,2389,0,0,0,0,1,2.5,0,1145
09-05-2026 15:08,1,1,1,2480.9,0,-15.6,-669,2389,0,0,0,0,1,2.5,0,1145
09-05-2026 15:08,1,1,1,2478.7,0,-15.6,-668,2387,0,0,0,0,1,2.5,0,1145
09-05-2026 15:08,1,1,1,2478.7,0,-15.6,-668,2387,0,0,0,0,1,2.5,0,1145
09-05-2026 15:08,1,1,1,2478.7,0,-15.6,-668,2387,0,0,0,0,1,2.5,0,1145
09-05-2026 15:08,1,1,1,2478.7,0,-15.6,-668,2387,0,0,0,0,1,2.5,0,1145
09-05-2026 15:08,1,1,1,2478.7,0,-15.6,-668,2387,0,0,0,0,1,2.5,0,1145
09-05-2026 15:08,1,1,1,2478.4,0,-15.6,-667,2387,0,0,0,0,1,2.5,0,1145
09-05-2026 15:08,1,1,1,2478.4,0,-15.6,-667,2387,0,0,0,0,1,2.5,0,1145
09-05-2026 15:08,1,1,1,2476.2,0,-15.6,-666,2385,0,0,0,0,1,2.5,0,1145
09-05-2026 15:08,1,1,1,2476.2,0,-15.6,-666,2385,0,0,0,0,0,0,0,0
,,,,,,,,,,,,,,,,
,,,,,,,,,,,,,,,,
,,,,,,,,,,,,,,,,
,,,,,,,,,,,,,,,,
,,,,,,,,,,,,,,,,
,,,,,,,,,,,,,,,,
,,,,,,,,,,,,,,,,
,,,,,,,,,,,,,,,,
,,,,,,,,,,,,,,,,
,,,,,,,,,,,,,,,,
,,,,,,,,,,,,,,,,
,,,,,,,,,,,,,,,,
,,,,,,,,,,,,,,,,
,,,,,,,,,,,,,,,,
,,,,,,,,,,,,,,,,
,,,,,,,,,,,,,,,,
,,,,,,,,,,,,,,,,
,,,,,,,,,,,,,,,,
,,,,,,,,,,,,,,,,
,,,,,,,,,,,,,,,,
,,,,,,,,,,,,,,,,
,,,,,,,,,,,,,,,,
,,,,,,,,,,,,,,,,
,,,,,,,,,,,,,,,,
,,,,,,,,,,,,,,,,
,,,,,,,,,,,,,,,,
,,,,,,,,,,,,,,,,
,,,,,,,,,,,,,,,,
,,,,,,,,,,,,,,,,
,,,,,,,,,,,,,,,,
,,,,,,,,,,,,,,,,
,,,,,,,,,,,,,,,,
,,,,,,,,,,,,,,,,
,,,,,,,,,,,,,,,,
,,,,,,,,,,,,,,,,
,,,,,,,,,,,,,,,,
,,,,,,,,,,,,,,,,
,,,,,,,,,,,,,,,,
,,,,,,,,,,,,,,,,
,,,,,,,,,,,,,,,,
,,,,,,,,,,,,,,,,
,,,,,,,,,,,,,,,,
,,,,,,,,,,,,,,,,
,,,,,,,,,,,,,,,,
,,,,,,,,,,,,,,,,
,,,,,,,,,,,,,,,,
,,,,,,,,,,,,,,,,
,,,,,,,,,,,,,,,,
,,,,,,,,,,,,,,,,
,,,,,,,,,,,,,,,,
,,,,,,,,,,,,,,,,
,,,,,,,,,,,,,,,,
,,,,,,,,,,,,,,,,
,,,,,,,,,,,,,,,,
,,,,,,,,,,,,,,,,
,,,,,,,,,,,,,,,,
,,,,,,,,,,,,,,,,
,,,,,,,,,,,,,,,,
,,,,,,,,,,,,,,,,
,,,,,,,,,,,,,,,,
,,,,,,,,,,,,,,,,
,,,,,,,,,,,,,,,,
,,,,,,,,,,,,,,,,
,,,,,,,,,,,,,,,,
,,,,,,,,,,,,,,,,
,,,,,,,,,,,,,,,,
,,,,,,,,,,,,,,,,
,,,,,,,,,,,,,,,,
,,,,,,,,,,,,,,,,
,,,,,,,,,,,,,,,,
,,,,,,,,,,,,,,,,
,,,,,,,,,,,,,,,,
,,,,,,,,,,,,,,,,
,,,,,,,,,,,,,,,,
,,,,,,,,,,,,,,,,
,,,,,,,,,,,,,,,,
,,,,,,,,,,,,,,,,
,,,,,,,,,,,,,,,,
,,,,,,,,,,,,,,,,
,,,,,,,,,,,,,,,,
,,,,,,,,,,,,,,,,
,,,,,,,,,,,,,,,,
,,,,,,,,,,,,,,,,
,,,,,,,,,,,,,,,,
,,,,,,,,,,,,,,,,
,,,,,,,,,,,,,,,,
,,,,,,,,,,,,,,,,
,,,,,,,,,,,,,,,,
,,,,,,,,,,,,,,,,
,,,,,,,,,,,,,,,,
,,,,,,,,,,,,,,,,
,,,,,,,,,,,,,,,,
,,,,,,,,,,,,,,,,
,,,,,,,,,,,,,,,,
,,,,,,,,,,,,,,,,
,,,,,,,,,,,,,,,,
,,,,,,,,,,,,,,,,
,,,,,,,,,,,,,,,,
,,,,,,,,,,,,,,,,
,,,,,,,,,,,,,,,,
,,,,,,,,,,,,,,,,
,,,,,,,,,,,,,,,,
,,,,,,,,,,,,,,,,
,,,,,,,,,,,,,,,,
,,,,,,,,,,,,,,,,
,,,,,,,,,,,,,,,,
,,,,,,,,,,,,,,,,
,,,,,,,,,,,,,,,,
,,,,,,,,,,,,,,,,
,,,,,,,,,,,,,,,,
,,,,,,,,,,,,,,,,
,,,,,,,,,,,,,,,,
,,,,,,,,,,,,,,,,
,,,,,,,,,,,,,,,,
,,,,,,,,,,,,,,,,
,,,,,,,,,,,,,,,,
,,,,,,,,,,,,,,,,
,,,,,,,,,,,,,,,,
,,,,,,,,,,,,,,,,
,,,,,,,,,,,,,,,,
,,,,,,,,,,,,,,,,
,,,,,,,,,,,,,,,,
,,,,,,,,,,,,,,,,
,,,,,,,,,,,,,,,,
,,,,,,,,,,,,,,,,
,,,,,,,,,,,,,,,,
,,,,,,,,,,,,,,,,
,,,,,,,,,,,,,,,,
,,,,,,,,,,,,,,,,
,,,,,,,,,,,,,,,,
,,,,,,,,,,,,,,,,
,,,,,,,,,,,,,,,,
,,,,,,,,,,,,,,,,
,,,,,,,,,,,,,,,,
,,,,,,,,,,,,,,,,
,,,,,,,,,,,,,,,,
,,,,,,,,,,,,,,,,
,,,,,,,,,,,,,,,,
,,,,,,,,,,,,,,,,
,,,,,,,,,,,,,,,,
,,,,,,,,,,,,,,,,
,,,,,,,,,,,,,,,,
,,,,,,,,,,,,,,,,
,,,,,,,,,,,,,,,,
,,,,,,,,,,,,,,,,
,,,,,,,,,,,,,,,,
,,,,,,,,,,,,,,,,
,,,,,,,,,,,,,,,,
,,,,,,,,,,,,,,,,
,,,,,,,,,,,,,,,,
,,,,,,,,,,,,,,,,
,,,,,,,,,,,,,,,,
,,,,,,,,,,,,,,,,
,,,,,,,,,,,,,,,,
,,,,,,,,,,,,,,,,
,,,,,,,,,,,,,,,,
,,,,,,,,,,,,,,,,
,,,,,,,,,,,,,,,,
,,,,,,,,,,,,,,,,
,,,,,,,,,,,,,,,,
,,,,,,,,,,,,,,,,
,,,,,,,,,,,,,,,,
,,,,,,,,,,,,,,,,
,,,,,,,,,,,,,,,,
,,,,,,,,,,,,,,,,
,,,,,,,,,,,,,,,,
,,,,,,,,,,,,,,,,
,,,,,,,,,,,,,,,,
,,,,,,,,,,,,,,,,
,,,,,,,,,,,,,,,,
,,,,,,,,,,,,,,,,
,,,,,,,,,,,,,,,,
,,,,,,,,,,,,,,,,
,,,,,,,,,,,,,,,,
,,,,,,,,,,,,,,,,
,,,,,,,,,,,,,,,,
,,,,,,,,,,,,,,,,
,,,,,,,,,,,,,,,,
,,,,,,,,,,,,,,,,
,,,,,,,,,,,,,,,,
,,,,,,,,,,,,,,,,
,,,,,,,,,,,,,,,,
,,,,,,,,,,,,,,,,
,,,,,,,,,,,,,,,,
,,,,,,,,,,,,,,,,
,,,,,,,,,,,,,,,,
,,,,,,,,,,,,,,,,
,,,,,,,,,,,,,,,,
,,,,,,,,,,,,,,,,
,,,,,,,,,,,,,,,,
,,,,,,,,,,,,,,,,
,,,,,,,,,,,,,,,,
,,,,,,,,,,,,,,,,
,,,,,,,,,,,,,,,,
,,,,,,,,,,,,,,,,
,,,,,,,,,,,,,,,,
,,,,,,,,,,,,,,,,
,,,,,,,,,,,,,,,,
,,,,,,,,,,,,,,,,
,,,,,,,,,,,,,,,,
,,,,,,,,,,,,,,,,
,,,,,,,,,,,,,,,,
,,,,,,,,,,,,,,,,
,,,,,,,,,,,,,,,,
,,,,,,,,,,,,,,,,
,,,,,,,,,,,,,,,,
,,,,,,,,,,,,,,,,
,,,,,,,,,,,,,,,,
,,,,,,,,,,,,,,,,
,,,,,,,,,,,,,,,,
,,,,,,,,,,,,,,,,
,,,,,,,,,,,,,,,,
,,,,,,,,,,,,,,,,
,,,,,,,,,,,,,,,,
,,,,,,,,,,,,,,,,
,,,,,,,,,,,,,,,,
,,,,,,,,,,,,,,,,
,,,,,,,,,,,,,,,,
,,,,,,,,,,,,,,,,
,,,,,,,,,,,,,,,,
,,,,,,,,,,,,,,,,
,,,,,,,,,,,,,,,,
,,,,,,,,,,,,,,,,
,,,,,,,,,,,,,,,,
,,,,,,,,,,,,,,,,
,,,,,,,,,,,,,,,,
,,,,,,,,,,,,,,,,
,,,,,,,,,,,,,,,,
,,,,,,,,,,,,,,,,
,,,,,,,,,,,,,,,,
,,,,,,,,,,,,,,,,
,,,,,,,,,,,,,,,,
,,,,,,,,,,,,,,,,
,,,,,,,,,,,,,,,,
,,,,,,,,,,,,,,,,
,,,,,,,,,,,,,,,,
,,,,,,,,,,,,,,,,
,,,,,,,,,,,,,,,,
,,,,,,,,,,,,,,,,
,,,,,,,,,,,,,,,,
,,,,,,,,,,,,,,,,
,,,,,,,,,,,,,,,,
,,,,,,,,,,,,,,,,
,,,,,,,,,,,,,,,,
,,,,,,,,,,,,,,,,
,,,,,,,,,,,,,,,,
,,,,,,,,,,,,,,,,
,,,,,,,,,,,,,,,,
,,,,,,,,,,,,,,,,
,,,,,,,,,,,,,,,,
,,,,,,,,,,,,,,,,
,,,,,,,,,,,,,,,,
,,,,,,,,,,,,,,,,
,,,,,,,,,,,,,,,,
,,,,,,,,,,,,,,,,
,,,,,,,,,,,,,,,,
,,,,,,,,,,,,,,,,
,,,,,,,,,,,,,,,,
,,,,,,,,,,,,,,,,
,,,,,,,,,,,,,,,,
,,,,,,,,,,,,,,,,
,,,,,,,,,,,,,,,,
,,,,,,,,,,,,,,,,
,,,,,,,,,,,,,,,,
,,,,,,,,,,,,,,,,
,,,,,,,,,,,,,,,,
,,,,,,,,,,,,,,,,
,,,,,,,,,,,,,,,,
,,,,,,,,,,,,,,,,
,,,,,,,,,,,,,,,,
,,,,,,,,,,,,,,,,
,,,,,,,,,,,,,,,,
,,,,,,,,,,,,,,,,
,,,,,,,,,,,,,,,,
,,,,,,,,,,,,,,,,
,,,,,,,,,,,,,,,,
,,,,,,,,,,,,,,,,
,,,,,,,,,,,,,,,,
,,,,,,,,,,,,,,,,
,,,,,,,,,,,,,,,,
,,,,,,,,,,,,,,,,
,,,,,,,,,,,,,,,,
,,,,,,,,,,,,,,,,
,,,,,,,,,,,,,,,,
,,,,,,,,,,,,,,,,
,,,,,,,,,,,,,,,,
,,,,,,,,,,,,,,,,
,,,,,,,,,,,,,,,,
,,,,,,,,,,,,,,,,
,,,,,,,,,,,,,,,,
,,,,,,,,,,,,,,,,
,,,,,,,,,,,,,,,,
,,,,,,,,,,,,,,,,
,,,,,,,,,,,,,,,,
,,,,,,,,,,,,,,,,
,,,,,,,,,,,,,,,,
,,,,,,,,,,,,,,,,
,,,,,,,,,,,,,,,,
,,,,,,,,,,,,,,,,
,,,,,,,,,,,,,,,,
,,,,,,,,,,,,,,,,
,,,,,,,,,,,,,,,,
,,,,,,,,,,,,,,,,
,,,,,,,,,,,,,,,,
,,,,,,,,,,,,,,,,
,,,,,,,,,,,,,,,,
,,,,,,,,,,,,,,,,
,,,,,,,,,,,,,,,,
,,,,,,,,,,,,,,,,
,,,,,,,,,,,,,,,,
,,,,,,,,,,,,,,,,
,,,,,,,,,,,,,,,,
,,,,,,,,,,,,,,,,
,,,,,,,,,,,,,,,,
,,,,,,,,,,,,,,,,
,,,,,,,,,,,,,,,,
,,,,,,,,,,,,,,,,
,,,,,,,,,,,,,,,,
,,,,,,,,,,,,,,,,
,,,,,,,,,,,,,,,,
,,,,,,,,,,,,,,,,
,,,,,,,,,,,,,,,,
,,,,,,,,,,,,,,,,
,,,,,,,,,,,,,,,,
,,,,,,,,,,,,,,,,
,,,,,,,,,,,,,,,,
,,,,,,,,,,,,,,,,
,,,,,,,,,,,,,,,,
,,,,,,,,,,,,,,,,
,,,,,,,,,,,,,,,,
,,,,,,,,,,,,,,,,
,,,,,,,,,,,,,,,,
,,,,,,,,,,,,,,,,
,,,,,,,,,,,,,,,,
,,,,,,,,,,,,,,,,
,,,,,,,,,,,,,,,,
,,,,,,,,,,,,,,,,
,,,,,,,,,,,,,,,,
,,,,,,,,,,,,,,,,
,,,,,,,,,,,,,,,,
,,,,,,,,,,,,,,,,
,,,,,,,,,,,,,,,,
,,,,,,,,,,,,,,,,
,,,,,,,,,,,,,,,,
,,,,,,,,,,,,,,,,
,,,,,,,,,,,,,,,,
,,,,,,,,,,,,,,,,
,,,,,,,,,,,,,,,,
,,,,,,,,,,,,,,,,
,,,,,,,,,,,,,,,,
,,,,,,,,,,,,,,,,
,,,,,,,,,,,,,,,,
,,,,,,,,,,,,,,,,
,,,,,,,,,,,,,,,,
,,,,,,,,,,,,,,,,
,,,,,,,,,,,,,,,,
,,,,,,,,,,,,,,,,
,,,,,,,,,,,,,,,,
,,,,,,,,,,,,,,,,
,,,,,,,,,,,,,,,,
,,,,,,,,,,,,,,,,
,,,,,,,,,,,,,,,,
,,,,,,,,,,,,,,,,
,,,,,,,,,,,,,,,,
,,,,,,,,,,,,,,,,
,,,,,,,,,,,,,,,,
,,,,,,,,,,,,,,,,
,,,,,,,,,,,,,,,,
,,,,,,,,,,,,,,,,
,,,,,,,,,,,,,,,,
,,,,,,,,,,,,,,,,
,,,,,,,,,,,,,,,,
,,,,,,,,,,,,,,,,
,,,,,,,,,,,,,,,,
,,,,,,,,,,,,,,,,
,,,,,,,,,,,,,,,,
,,,,,,,,,,,,,,,,
,,,,,,,,,,,,,,,,
,,,,,,,,,,,,,,,,
,,,,,,,,,,,,,,,,
,,,,,,,,,,,,,,,,
,,,,,,,,,,,,,,,,
,,,,,,,,,,,,,,,,
,,,,,,,,,,,,,,,,
,,,,,,,,,,,,,,,,
,,,,,,,,,,,,,,,,
,,,,,,,,,,,,,,,,
,,,,,,,,,,,,,,,,
,,,,,,,,,,,,,,,,
,,,,,,,,,,,,,,,,
,,,,,,,,,,,,,,,,
,,,,,,,,,,,,,,,,
,,,,,,,,,,,,,,,,
,,,,,,,,,,,,,,,,
,,,,,,,,,,,,,,,,
,,,,,,,,,,,,,,,,
,,,,,,,,,,,,,,,,
,,,,,,,,,,,,,,,,
,,,,,,,,,,,,,,,,
,,,,,,,,,,,,,,,,
,,,,,,,,,,,,,,,,
,,,,,,,,,,,,,,,,
,,,,,,,,,,,,,,,,
,,,,,,,,,,,,,,,,
,,,,,,,,,,,,,,,,
,,,,,,,,,,,,,,,,
,,,,,,,,,,,,,,,,
,,,,,,,,,,,,,,,,
,,,,,,,,,,,,,,,,
,,,,,,,,,,,,,,,,
,,,,,,,,,,,,,,,,
,,,,,,,,,,,,,,,,
,,,,,,,,,,,,,,,,
,,,,,,,,,,,,,,,,
,,,,,,,,,,,,,,,,
,,,,,,,,,,,,,,,,
,,,,,,,,,,,,,,,,
,,,,,,,,,,,,,,,,
,,,,,,,,,,,,,,,,
,,,,,,,,,,,,,,,,
,,,,,,,,,,,,,,,,
,,,,,,,,,,,,,,,,
,,,,,,,,,,,,,,,,
,,,,,,,,,,,,,,,,
,,,,,,,,,,,,,,,,
,,,,,,,,,,,,,,,,
,,,,,,,,,,,,,,,,
,,,,,,,,,,,,,,,,
,,,,,,,,,,,,,,,,
,,,,,,,,,,,,,,,,
,,,,,,,,,,,,,,,,
,,,,,,,,,,,,,,,,
,,,,,,,,,,,,,,,,
,,,,,,,,,,,,,,,,
,,,,,,,,,,,,,,,,
,,,,,,,,,,,,,,,,
,,,,,,,,,,,,,,,,
,,,,,,,,,,,,,,,,
,,,,,,,,,,,,,,,,
,,,,,,,,,,,,,,,,
,,,,,,,,,,,,,,,,
,,,,,,,,,,,,,,,,
,,,,,,,,,,,,,,,,
,,,,,,,,,,,,,,,,
,,,,,,,,,,,,,,,,
,,,,,,,,,,,,,,,,
,,,,,,,,,,,,,,,,
,,,,,,,,,,,,,,,,
,,,,,,,,,,,,,,,,
,,,,,,,,,,,,,,,,
,,,,,,,,,,,,,,,,
,,,,,,,,,,,,,,,,
,,,,,,,,,,,,,,,,
,,,,,,,,,,,,,,,,
,,,,,,,,,,,,,,,,
,,,,,,,,,,,,,,,,
,,,,,,,,,,,,,,,,
,,,,,,,,,,,,,,,,
,,,,,,,,,,,,,,,,
,,,,,,,,,,,,,,,,
,,,,,,,,,,,,,,,,
,,,,,,,,,,,,,,,,
,,,,,,,,,,,,,,,,
,,,,,,,,,,,,,,,,
,,,,,,,,,,,,,,,,
,,,,,,,,,,,,,,,,
,,,,,,,,,,,,,,,,
,,,,,,,,,,,,,,,,
,,,,,,,,,,,,,,,,
,,,,,,,,,,,,,,,,
,,,,,,,,,,,,,,,,
,,,,,,,,,,,,,,,,
,,,,,,,,,,,,,,,,
,,,,,,,,,,,,,,,,
,,,,,,,,,,,,,,,,
,,,,,,,,,,,,,,,,
,,,,,,,,,,,,,,,,
,,,,,,,,,,,,,,,,
,,,,,,,,,,,,,,,,
,,,,,,,,,,,,,,,,
,,,,,,,,,,,,,,,,
,,,,,,,,,,,,,,,,
,,,,,,,,,,,,,,,,
,,,,,,,,,,,,,,,,
,,,,,,,,,,,,,,,,
,,,,,,,,,,,,,,,,
,,,,,,,,,,,,,,,,
,,,,,,,,,,,,,,,,
,,,,,,,,,,,,,,,,
,,,,,,,,,,,,,,,,
,,,,,,,,,,,,,,,,
,,,,,,,,,,,,,,,,
,,,,,,,,,,,,,,,,
,,,,,,,,,,,,,,,,
,,,,,,,,,,,,,,,,
,,,,,,,,,,,,,,,,
,,,,,,,,,,,,,,,,
,,,,,,,,,,,,,,,,
,,,,,,,,,,,,,,,,
,,,,,,,,,,,,,,,,
,,,,,,,,,,,,,,,,
,,,,,,,,,,,,,,,,
,,,,,,,,,,,,,,,,
,,,,,,,,,,,,,,,,
,,,,,,,,,,,,,,,,
,,,,,,,,,,,,,,,,
,,,,,,,,,,,,,,,,
,,,,,,,,,,,,,,,,
,,,,,,,,,,,,,,,,
,,,,,,,,,,,,,,,,
,,,,,,,,,,,,,,,,
,,,,,,,,,,,,,,,,
,,,,,,,,,,,,,,,,
,,,,,,,,,,,,,,,,
,,,,,,,,,,,,,,,,
,,,,,,,,,,,,,,,,
,,,,,,,,,,,,,,,,
,,,,,,,,,,,,,,,,
,,,,,,,,,,,,,,,,
,,,,,,,,,,,,,,,,
,,,,,,,,,,,,,,,,
,,,,,,,,,,,,,,,,
,,,,,,,,,,,,,,,,
,,,,,,,,,,,,,,,,
,,,,,,,,,,,,,,,,
,,,,,,,,,,,,,,,,
,,,,,,,,,,,,,,,,
,,,,,,,,,,,,,,,,
,,,,,,,,,,,,,,,,
,,,,,,,,,,,,,,,,
,,,,,,,,,,,,,,,,
,,,,,,,,,,,,,,,,
,,,,,,,,,,,,,,,,
,,,,,,,,,,,,,,,,
,,,,,,,,,,,,,,,,
,,,,,,,,,,,,,,,,
,,,,,,,,,,,,,,,,
,,,,,,,,,,,,,,,,
,,,,,,,,,,,,,,,,
,,,,,,,,,,,,,,,,
,,,,,,,,,,,,,,,,
,,,,,,,,,,,,,,,,
,,,,,,,,,,,,,,,,
,,,,,,,,,,,,,,,,
,,,,,,,,,,,,,,,,
,,,,,,,,,,,,,,,,
,,,,,,,,,,,,,,,,
,,,,,,,,,,,,,,,,
,,,,,,,,,,,,,,,,
,,,,,,,,,,,,,,,,
,,,,,,,,,,,,,,,,
,,,,,,,,,,,,,,,,
,,,,,,,,,,,,,,,,
,,,,,,,,,,,,,,,,
,,,,,,,,,,,,,,,,
,,,,,,,,,,,,,,,,
,,,,,,,,,,,,,,,,
,,,,,,,,,,,,,,,,
,,,,,,,,,,,,,,,,
,,,,,,,,,,,,,,,,
,,,,,,,,,,,,,,,,
,,,,,,,,,,,,,,,,
,,,,,,,,,,,,,,,,
,,,,,,,,,,,,,,,,
,,,,,,,,,,,,,,,,
,,,,,,,,,,,,,,,,
,,,,,,,,,,,,,,,,
,,,,,,,,,,,,,,,,
,,,,,,,,,,,,,,,,
,,,,,,,,,,,,,,,,
,,,,,,,,,,,,,,,,
,,,,,,,,,,,,,,,,
,,,,,,,,,,,,,,,,
,,,,,,,,,,,,,,,,
,,,,,,,,,,,,,,,,
,,,,,,,,,,,,,,,,
,,,,,,,,,,,,,,,,
,,,,,,,,,,,,,,,,
,,,,,,,,,,,,,,,,
,,,,,,,,,,,,,,,,
,,,,,,,,,,,,,,,,
,,,,,,,,,,,,,,,,
,,,,,,,,,,,,,,,,
,,,,,,,,,,,,,,,,
,,,,,,,,,,,,,,,,
,,,,,,,,,,,,,,,,
,,,,,,,,,,,,,,,,
,,,,,,,,,,,,,,,,
,,,,,,,,,,,,,,,,
,,,,,,,,,,,,,,,,
,,,,,,,,,,,,,,,,
,,,,,,,,,,,,,,,,
,,,,,,,,,,,,,,,,
,,,,,,,,,,,,,,,,
,,,,,,,,,,,,,,,,
,,,,,,,,,,,,,,,,
,,,,,,,,,,,,,,,,
,,,,,,,,,,,,,,,,
,,,,,,,,,,,,,,,,
,,,,,,,,,,,,,,,,
