datetime,wifi,time_sync,rd_present,rd_distance_mm,rd_velocity_cm_s,rd_angle_deg,rd_x_mm,rd_y_mm,c4001_present,c4001_distance_m,c4001_velocity_m_s,c4001_energy,c4001_raw_targets,c4001_raw_distance_m,c4001_raw_velocity_m_s,c4001_raw_energy
2026-05-09 14:49:14,1,1,1,930.2,0,49.2,704,608,1,1.01,0.00,42337,1,1.01,0.00,42337
2026-05-09 14:49:14,1,1,1,930.2,0,49.2,704,608,1,1.01,0.00,42337,1,1.01,0.00,42337
2026-05-09 14:49:14,1,1,1,986.3,0,55.8,816,554,1,1.01,0.00,43668,1,1.01,0.00,43668
2026-05-09 14:49:14,1,1,1,1048.0,0,60.8,915,511,1,1.01,0.00,43668,1,1.01,0.00,43668
2026-05-09 14:49:14,1,1,1,1048.0,0,60.8,915,511,1,1.00,0.00,20138,1,1.00,0.00,20138
2026-05-09 14:49:14,1,1,0,0.0,0,0.0,0,0,1,1.00,0.00,20138,1,1.00,0.00,20138
2026-05-09 14:49:14,1,1,0,0.0,0,0.0,0,0,1,1.01,0.00,16250,1,1.01,0.00,16250
2026-05-09 14:49:14,1,1,0,0.0,0,0.0,0,0,1,1.01,0.00,16250,1,1.01,0.00,16250
2026-05-09 14:49:14,1,1,0,0.0,0,0.0,0,0,1,1.01,0.00,46346,1,1.01,0.00,46346
2026-05-09 14:49:15,1,1,0,0.0,0,0.0,0,0,1,1.01,0.00,46346,1,1.01,0.00,46346
2026-05-09 14:49:15,1,1,0,0.0,0,0.0,0,0,1,1.01,0.00,30017,1,1.01,0.00,30017
2026-05-09 14:49:15,1,1,0,0.0,0,0.0,0,0,1,1.01,0.00,30017,1,1.01,0.00,30017
2026-05-09 14:49:15,1,1,0,0.0,0,0.0,0,0,1,1.01,0.00,53554,1,1.01,0.00,53554
2026-05-09 14:49:15,1,1,0,0.0,0,0.0,0,0,1,1.01,0.00,53554,1,1.01,0.00,53554
2026-05-09 14:49:15,1,1,0,0.0,0,0.0,0,0,1,1.01,0.00,21605,1,1.01,0.00,21605
2026-05-09 14:49:15,1,1,0,0.0,0,0.0,0,0,1,1.01,0.00,21605,1,1.01,0.00,21605
2026-05-09 14:49:15,1,1,1,848.1,0,-0.7,-11,848,1,1.01,0.00,2386,1,1.01,0.00,2386
2026-05-09 14:49:15,1,1,1,848.1,0,-0.7,-11,848,1,1.01,0.00,2386,1,1.01,0.00,2386
2026-05-09 14:49:15,1,1,1,864.1,0,0.7,10,864,1,1.01,0.00,2834,1,1.01,0.00,2834
2026-05-09 14:49:15,1,1,1,857.7,0,2.3,35,857,1,1.01,0.00,2834,1,1.01,0.00,2834
2026-05-09 14:49:15,1,1,1,857.7,0,2.3,35,857,1,1.01,0.00,7281,1,1.01,0.00,7281
2026-05-09 14:49:15,1,1,1,850.5,0,3.4,51,849,1,1.01,0.00,7281,1,1.01,0.00,7281
2026-05-09 14:49:15,1,1,1,850.5,0,3.4,51,849,1,1.01,0.00,14890,1,1.01,0.00,14890
2026-05-09 14:49:15,1,1,1,857.1,0,0.9,13,857,1,1.01,0.00,14890,1,1.01,0.00,14890
2026-05-09 14:49:15,1,1,1,857.1,0,0.9,13,857,1,1.01,0.00,10829,1,1.01,0.00,10829
2026-05-09 14:49:15,1,1,1,859.0,0,-0.4,-6,859,1,1.01,0.00,10829,1,1.01,0.00,10829
2026-05-09 14:49:15,1,1,1,859.0,0,-0.4,-6,859,1,1.01,0.00,13973,1,1.01,0.00,13973
2026-05-09 14:49:15,1,1,1,863.4,0,-1.7,-25,863,1,1.01,0.00,13973,1,1.01,0.00,13973
2026-05-09 14:49:15,1,1,1,869.9,0,-2.6,-39,869,1,1.01,0.00,20164,1,1.01,0.00,20164
2026-05-09 14:49:16,1,1,1,869.9,0,-2.6,-39,869,1,1.01,0.00,20164,1,1.01,0.00,20164
2026-05-09 14:49:16,1,1,1,878.2,0,-2.9,-45,877,1,1.01,0.00,3050,1,1.01,0.00,3050
2026-05-09 14:49:16,1,1,1,878.2,0,-2.9,-45,877,1,1.01,0.00,3050,1,1.01,0.00,3050
2026-05-09 14:49:16,1,1,1,884.4,0,-3.2,-49,883,1,1.01,0.00,3050,1,1.01,0.00,3050
2026-05-09 14:49:16,1,1,1,884.4,0,-3.2,-49,883,1,1.01,0.00,3050,1,1.01,0.00,3050
2026-05-09 14:49:16,1,1,1,889.1,0,-2.9,-45,888,1,1.01,0.00,1601,1,1.01,0.00,1601
2026-05-09 14:49:16,1,1,1,892.8,0,-2.4,-38,892,1,1.01,0.00,1601,1,1.01,0.00,1601
2026-05-09 14:49:16,1,1,1,892.8,0,-2.4,-38,892,1,1.01,0.00,8585,1,1.01,0.00,8585
2026-05-09 14:49:16,1,1,1,896.5,0,-2.0,-31,896,1,1.01,0.00,8585,1,1.01,0.00,8585
2026-05-09 14:49:16,1,1,1,896.5,0,-2.0,-31,896,1,1.02,0.00,14666,1,1.02,0.00,14666
2026-05-09 14:49:16,1,1,1,907.1,0,-0.8,-13,907,1,1.02,0.00,14666,1,1.02,0.00,14666
2026-05-09 14:49:16,1,1,1,907.1,0,-0.8,-13,907,1,1.02,0.00,14666,1,1.02,0.00,14666
2026-05-09 14:49:16,1,1,1,919.0,0,0.0,0,919,1,1.02,0.00,14666,1,1.02,0.00,14666
2026-05-09 14:49:16,1,1,1,919.0,0,0.0,0,919,1,1.02,0.00,14666,1,1.02,0.00,14666
2026-05-09 14:49:16,1,1,1,931.1,0,0.6,10,931,1,1.02,0.00,14666,1,1.02,0.00,14666
2026-05-09 14:49:16,1,1,1,943.0,0,0.5,9,943,1,1.02,0.00,14666,1,1.02,0.00,14666
2026-05-09 14:49:16,1,1,1,943.0,0,0.5,9,943,1,1.02,0.00,14666,1,1.02,0.00,14666
2026-05-09 14:49:16,1,1,1,948.0,0,0.4,6,948,1,1.02,0.00,14666,1,1.02,0.00,14666
2026-05-09 14:49:16,1,1,1,948.0,0,0.4,6,948,1,1.02,0.00,14666,1,1.02,0.00,14666
2026-05-09 14:49:16,1,1,1,952.0,0,0.2,3,952,1,1.00,0.00,4297,1,1.00,0.00,4297
2026-05-09 14:49:17,1,1,1,952.0,0,0.2,3,952,1,1.00,0.00,4297,1,1.00,0.00,4297
2026-05-09 14:49:17,1,1,1,955.0,0,0.1,1,955,1,1.00,0.00,14453,1,1.00,0.00,14453
2026-05-09 14:49:17,1,1,1,956.0,0,0.0,0,956,1,1.00,0.00,14453,1,1.00,0.00,14453
2026-05-09 14:49:17,1,1,1,956.0,0,0.0,0,956,1,1.00,0.00,14209,1,1.00,0.00,14209
2026-05-09 14:49:17,1,1,1,955.0,0,0.1,1,955,1,1.00,0.00,14209,1,1.00,0.00,14209
2026-05-09 14:49:17,1,1,1,955.0,0,0.1,1,955,1,1.00,0.00,1060,1,1.00,0.00,1060
2026-05-09 14:49:17,1,1,1,953.0,0,0.0,0,953,1,1.00,0.00,1060,1,1.00,0.00,1060
2026-05-09 14:49:17,1,1,1,953.0,0,0.0,0,953,1,1.00,0.00,33826,1,1.00,0.00,33826
2026-05-09 14:49:17,1,1,1,955.0,0,-0.1,-1,955,1,1.00,0.00,33826,1,1.00,0.00,33826
2026-05-09 14:49:17,1,1,1,955.0,0,-0.1,-1,955,1,1.00,0.00,13298,1,1.00,0.00,13298
2026-05-09 14:49:17,1,1,1,958.0,0,-0.1,-2,958,1,1.00,0.00,13298,1,1.00,0.00,13298
2026-05-09 14:49:17,1,1,1,961.0,0,-0.2,-3,961,1,1.00,0.00,1445,1,1.00,0.00,1445
2026-05-09 14:49:17,1,1,1,961.0,0,-0.2,-3,961,1,1.00,0.00,1445,1,1.00,0.00,1445
2026-05-09 14:49:17,1,1,1,964.0,0,-0.2,-3,964,1,1.00,0.00,1637,1,1.00,0.00,1637
2026-05-09 14:49:17,1,1,1,964.0,0,-0.2,-3,964,1,1.00,0.00,1637,1,1.00,0.00,1637
2026-05-09 14:49:17,1,1,1,966.0,0,-0.4,-6,966,1,1.00,0.00,1637,1,1.00,0.00,1637
2026-05-09 14:49:17,1,1,1,966.0,0,-0.4,-6,966,0,0.00,0.00,0,1,1.00,0.00,1637
2026-05-09 14:49:17,1,1,1,967.1,0,-0.8,-13,967,0,0.00,0.00,0,1,1.00,0.00,10816
2026-05-09 14:49:17,1,1,1,969.2,0,-1.1,-18,969,0,0.00,0.00,0,1,1.00,0.00,10816
2026-05-09 14:49:17,1,1,1,969.2,0,-1.1,-18,969,1,1.00,0.00,20449,1,1.00,0.00,20449
2026-05-09 14:49:18,1,1,1,971.2,0,-1.3,-22,971,1,1.00,0.00,20449,1,1.00,0.00,20449
2026-05-09 14:49:18,1,1,1,971.2,0,-1.3,-22,971,1,1.00,0.00,10933,1,1.00,0.00,10933
2026-05-09 14:49:18,1,1,1,972.3,0,-1.5,-26,972,1,1.00,0.00,10933,1,1.00,0.00,10933
2026-05-09 14:49:18,1,1,1,972.3,0,-1.5,-26,972,1,1.00,0.00,7677,1,1.00,0.00,7677
2026-05-09 14:49:18,1,1,1,972.5,0,-1.9,-32,972,1,1.00,0.00,7677,1,1.00,0.00,7677
2026-05-09 14:49:18,1,1,1,972.5,0,-1.9,-32,972,1,1.00,0.00,7677,1,1.00,0.00,7677
2026-05-09 14:49:18,1,1,1,973.6,0,-2.1,-35,973,1,1.00,0.00,7677,1,1.00,0.00,7677
2026-05-09 14:49:18,1,1,1,974.6,0,-2.0,-34,974,1,1.00,0.00,7677,1,1.00,0.00,7677
2026-05-09 14:49:18,1,1,1,974.6,0,-2.0,-34,974,1,1.00,0.00,7677,1,1.00,0.00,7677
2026-05-09 14:49:18,1,1,1,974.3,0,-1.5,-26,974,1,1.00,0.00,7677,1,1.00,0.00,7677
2026-05-09 14:49:18,1,1,1,974.3,0,-1.5,-26,974,1,1.00,0.00,7677,1,1.00,0.00,7677
2026-05-09 14:49:18,1,1,1,971.1,0,-1.0,-17,971,1,1.00,0.00,3364,1,1.00,0.00,3364
2026-05-09 14:49:18,1,1,1,971.1,0,-1.0,-17,971,1,1.00,0.00,3364,1,1.00,0.00,3364
2026-05-09 14:49:18,1,1,1,969.1,0,-0.7,-11,969,1,1.00,0.00,4618,1,1.00,0.00,4618
2026-05-09 14:49:18,1,1,1,969.1,0,-0.7,-11,969,1,1.00,0.00,4618,1,1.00,0.00,4618
2026-05-09 14:49:18,1,1,1,969.0,0,-0.5,-9,969,1,1.00,0.00,4618,1,1.00,0.00,4618
2026-05-09 14:49:18,1,1,1,970.0,0,-0.5,-8,970,1,1.00,0.00,4618,1,1.00,0.00,4618
2026-05-09 14:49:18,1,1,1,970.0,0,-0.5,-8,970,1,1.01,0.00,4490,1,1.01,0.00,4490
2026-05-09 14:49:18,1,1,1,970.1,0,-0.7,-12,970,1,1.01,0.00,4490,1,1.01,0.00,4490
2026-05-09 14:49:18,1,1,1,970.1,0,-0.7,-12,970,1,1.01,0.00,11861,1,1.01,0.00,11861
2026-05-09 14:49:19,1,1,1,969.2,0,-1.1,-19,969,1,1.01,0.00,11861,1,1.01,0.00,11861
2026-05-09 14:49:19,1,1,1,969.2,0,-1.1,-19,969,1,1.01,0.00,9490,1,1.01,0.00,9490
2026-05-09 14:49:19,1,1,1,969.2,0,-1.2,-21,969,1,1.01,0.00,9490,1,1.01,0.00,9490
2026-05-09 14:49:19,1,1,1,970.1,0,-0.6,-10,970,1,1.01,0.00,1625,1,1.01,0.00,1625
2026-05-09 14:49:19,1,1,1,970.1,0,-0.6,-10,970,1,1.01,0.00,1625,1,1.01,0.00,1625
2026-05-09 14:49:19,1,1,1,969.0,0,0.4,7,969,1,1.01,0.00,1625,1,1.01,0.00,1625
2026-05-09 14:49:19,1,1,1,969.0,0,0.4,7,969,1,1.01,0.00,1625,1,1.01,0.00,1625
2026-05-09 14:49:19,1,1,1,967.8,0,3.5,59,966,1,1.01,0.00,1625,1,1.01,0.00,1625
2026-05-09 14:49:19,1,1,1,967.8,0,3.5,59,966,0,0.00,0.00,0,1,1.01,0.00,1625
2026-05-09 14:49:19,1,1,1,953.1,0,7.5,124,945,0,0.00,0.00,0,1,1.01,0.00,1625
2026-05-09 14:49:19,1,1,1,953.1,0,7.5,124,945,0,0.00,0.00,0,1,1.01,0.00,1625
2026-05-09 14:49:19,1,1,1,928.9,0,14.3,230,900,0,0.00,0.00,0,1,1.00,0.00,4178
2026-05-09 14:49:19,1,1,1,916.4,0,10.2,162,902,0,0.00,0.00,0,1,1.00,0.00,4178
2026-05-09 14:49:19,1,1,1,916.4,0,10.2,162,902,1,1.00,0.00,6953,1,1.00,0.00,6953
2026-05-09 14:49:19,1,1,1,914.0,0,7.6,121,906,1,1.00,0.00,6953,1,1.00,0.00,6953
2026-05-09 14:49:19,1,1,1,914.0,0,7.6,121,906,1,1.00,0.00,850,1,1.00,0.00,850
2026-05-09 14:49:19,1,1,1,916.2,0,5.5,88,912,1,1.00,0.00,850,1,1.00,0.00,850
2026-05-09 14:49:19,1,1,1,916.2,0,5.5,88,912,1,1.00,0.00,850,1,1.00,0.00,850
2026-05-09 14:49:19,1,1,1,920.3,0,4.1,65,918,1,1.00,0.00,850,1,1.00,0.00,850
2026-05-09 14:49:19,1,1,1,923.0,0,3.7,60,921,1,1.00,0.00,850,1,1.00,0.00,850
2026-05-09 14:49:20,1,1,1,923.0,0,3.7,60,921,0,0.00,0.00,0,1,1.00,0.00,850
2026-05-09 14:49:20,1,1,1,925.8,0,3.6,58,924,0,0.00,0.00,0,1,1.00,0.00,850
2026-05-09 14:49:20,1,1,1,925.8,0,3.6,58,924,0,0.00,0.00,0,1,1.00,0.00,850
2026-05-09 14:49:20,1,1,1,929.9,0,3.6,59,928,0,0.00,0.00,0,1,1.00,0.00,850
2026-05-09 14:49:20,1,1,1,929.9,0,3.6,59,928,0,0.00,0.00,0,1,1.00,0.00,850
2026-05-09 14:49:20,1,1,1,933.0,0,3.7,61,931,0,0.00,0.00,0,1,1.00,0.00,15821
2026-05-09 14:49:20,1,1,1,933.0,0,3.7,61,931,0,0.00,0.00,0,1,1.00,0.00,15821
2026-05-09 14:49:20,1,1,1,937.2,0,3.9,64,935,1,1.00,0.00,4693,1,1.00,0.00,4693
2026-05-09 14:49:20,1,1,1,941.5,0,4.1,68,939,1,1.00,0.00,4693,1,1.00,0.00,4693
2026-05-09 14:49:20,1,1,1,941.5,0,4.1,68,939,1,1.00,0.00,4693,1,1.00,0.00,4693
2026-05-09 14:49:20,1,1,1,945.6,0,4.2,70,943,1,1.00,0.00,4693,1,1.00,0.00,4693
2026-05-09 14:49:20,1,1,1,945.6,0,4.2,70,943,1,1.00,0.00,5213,1,1.00,0.00,5213
2026-05-09 14:49:20,1,1,1,949.5,0,4.2,69,947,1,1.00,0.00,5213,1,1.00,0.00,5213
2026-05-09 14:49:20,1,1,1,949.5,0,4.2,69,947,1,1.00,0.00,5213,1,1.00,0.00,5213
2026-05-09 14:49:20,1,1,1,953.2,0,3.9,65,951,1,1.00,0.00,5213,1,1.00,0.00,5213
2026-05-09 14:49:20,1,1,1,956.9,0,3.7,61,955,1,1.00,0.00,5213,1,1.00,0.00,5213
2026-05-09 14:49:20,1,1,1,956.9,0,3.7,61,955,1,1.00,0.00,5213,1,1.00,0.00,5213
2026-05-09 14:49:20,1,1,1,958.5,0,3.2,53,957,1,1.00,0.00,5213,1,1.00,0.00,5213
2026-05-09 14:49:20,1,1,1,958.5,0,3.2,53,957,1,1.00,0.00,5213,1,1.00,0.00,5213
2026-05-09 14:49:20,1,1,1,960.1,0,2.7,46,959,1,1.00,0.00,3725,1,1.00,0.00,3725
2026-05-09 14:49:21,1,1,1,960.1,0,2.7,46,959,1,1.00,0.00,3725,1,1.00,0.00,3725
2026-05-09 14:49:21,1,1,1,961.9,0,2.5,42,961,1,1.01,0.00,10016,1,1.01,0.00,10016
2026-05-09 14:49:21,1,1,1,961.9,0,2.5,42,961,1,1.01,0.00,10016,1,1.01,0.00,10016
2026-05-09 14:49:21,1,1,1,964.9,0,2.5,42,964,1,1.01,0.00,34948,1,1.01,0.00,34948
2026-05-09 14:49:21,1,1,1,967.1,0,2.8,47,966,1,1.01,0.00,34948,1,1.01,0.00,34948
2026-05-09 14:49:21,1,1,1,967.1,0,2.8,47,966,1,1.01,0.00,8352,1,1.01,0.00,8352
2026-05-09 14:49:21,1,1,1,969.6,0,3.3,55,968,1,1.01,0.00,8352,1,1.01,0.00,8352
2026-05-09 14:49:21,1,1,1,969.6,0,3.3,55,968,1,1.01,0.00,377,1,1.01,0.00,377
2026-05-09 14:49:21,1,1,1,972.9,0,3.6,61,971,1,1.01,0.00,377,1,1.01,0.00,377
2026-05-09 14:49:21,1,1,1,972.9,0,3.6,61,971,1,1.01,0.00,377,1,1.01,0.00,377
2026-05-09 14:49:21,1,1,1,975.2,0,3.8,65,973,1,1.01,0.00,377,1,1.01,0.00,377
2026-05-09 14:49:21,1,1,1,976.0,0,3.7,63,974,1,1.01,0.00,377,1,1.01,0.00,377
2026-05-09 14:49:21,1,1,1,976.0,0,3.7,63,974,0,0.00,0.00,0,1,1.01,0.00,377
2026-05-09 14:49:21,1,1,1,975.5,0,3.2,54,974,0,0.00,0.00,0,1,1.01,0.00,377
2026-05-09 14:49:21,1,1,1,975.5,0,3.2,54,974,0,0.00,0.00,0,1,1.01,0.00,377
2026-05-09 14:49:21,1,1,1,975.0,0,2.6,45,974,0,0.00,0.00,0,1,1.02,0.00,5840
2026-05-09 14:49:21,1,1,1,975.0,0,2.6,45,974,0,0.00,0.00,0,1,1.02,0.00,5840
2026-05-09 14:49:21,1,1,1,974.7,0,2.1,36,974,1,1.01,0.00,11241,1,1.01,0.00,11241
2026-05-09 14:49:21,1,1,1,974.7,0,2.1,36,974,1,1.01,0.00,11241,1,1.01,0.00,11241
2026-05-09 14:49:21,1,1,1,974.4,0,1.6,27,974,1,1.00,0.00,9146,1,1.00,0.00,9146
2026-05-09 14:49:22,1,1,1,973.1,0,0.9,16,973,1,1.00,0.00,9146,1,1.00,0.00,9146
2026-05-09 14:49:22,1,1,1,973.1,0,0.9,16,973,1,1.00,0.00,9146,1,1.00,0.00,9146
2026-05-09 14:49:22,1,1,1,970.0,0,0.3,5,970,1,1.00,0.00,9146,1,1.00,0.00,9146
2026-05-09 14:49:22,1,1,1,970.0,0,0.3,5,970,1,1.00,0.00,6617,1,1.00,0.00,6617
2026-05-09 14:49:22,1,1,1,965.1,0,-0.9,-16,965,1,1.00,0.00,6617,1,1.00,0.00,6617
2026-05-09 14:49:22,1,1,1,965.1,0,-0.9,-16,965,1,1.00,0.00,6877,1,1.00,0.00,6877
2026-05-09 14:49:22,1,1,1,965.1,0,-0.8,-13,965,1,1.00,0.00,6877,1,1.00,0.00,6877
2026-05-09 14:49:22,1,1,1,966.0,0,-0.2,-4,966,1,1.00,0.00,9305,1,1.00,0.00,9305
2026-05-09 14:49:22,1,1,1,966.0,0,-0.2,-4,966,1,1.00,0.00,9305,1,1.00,0.00,9305
2026-05-09 14:49:22,1,1,1,968.0,0,0.2,4,968,1,1.00,0.00,3170,1,1.00,0.00,3170
2026-05-09 14:49:22,1,1,1,968.0,0,0.2,4,968,1,1.00,0.00,3170,1,1.00,0.00,3170
2026-05-09 14:49:22,1,1,1,968.1,0,0.7,12,968,1,0.98,0.00,689,1,0.98,0.00,689
2026-05-09 14:49:22,1,1,1,968.1,0,0.7,12,968,1,0.98,0.00,689,1,0.98,0.00,689
2026-05-09 14:49:22,1,1,1,969.2,0,1.1,18,969,1,0.98,0.00,4570,1,0.98,0.00,4570
2026-05-09 14:49:22,1,1,1,969.2,0,1.1,18,969,1,0.98,0.00,4570,1,0.98,0.00,4570
2026-05-09 14:49:22,1,1,1,970.3,0,1.4,23,970,1,0.99,0.00,16904,1,0.99,0.00,16904
2026-05-09 14:49:22,1,1,1,971.4,0,1.7,28,971,1,0.99,0.00,16904,1,0.99,0.00,16904
2026-05-09 14:49:22,1,1,1,971.4,0,1.7,28,971,1,0.99,0.00,6473,1,0.99,0.00,6473
2026-05-09 14:49:22,1,1,1,972.7,0,2.2,37,972,1,0.99,0.00,6473,1,0.99,0.00,6473
2026-05-09 14:49:22,1,1,1,972.7,0,2.2,37,972,1,0.99,0.00,3746,1,0.99,0.00,3746
2026-05-09 14:49:23,1,1,1,975.9,0,2.5,43,975,1,0.99,0.00,3746,1,0.99,0.00,3746
2026-05-09 14:49:23,1,1,1,975.9,0,2.5,43,975,1,1.02,0.01,1314,1,1.02,0.01,1314
2026-05-09 14:49:23,1,1,1,976.9,0,2.5,43,976,1,1.02,0.01,1314,1,1.02,0.01,1314
2026-05-09 14:49:23,1,1,1,976.9,0,2.5,43,976,1,1.02,0.01,3877,1,1.02,0.01,3877
2026-05-09 14:49:23,1,1,1,973.8,0,2.3,39,973,1,1.02,0.01,3877,1,1.02,0.01,3877
2026-05-09 14:49:23,1,1,1,969.6,0,2.0,33,969,1,1.02,0.01,10874,1,1.02,0.01,10874
2026-05-09 14:49:23,1,1,1,969.6,0,2.0,33,969,1,1.02,0.01,10874,1,1.02,0.01,10874
2026-05-09 14:49:23,1,1,1,966.8,0,2.4,40,966,1,1.02,0.00,7369,1,1.02,0.00,7369
2026-05-09 14:49:23,1,1,1,966.8,0,2.4,40,966,1,1.02,0.00,7369,1,1.02,0.00,7369
2026-05-09 14:49:23,1,1,1,963.7,0,3.5,58,962,1,1.02,0.00,1037,1,1.02,0.00,1037
2026-05-09 14:49:23,1,1,1,963.7,0,3.5,58,962,1,1.02,0.00,1037,1,1.02,0.00,1037
2026-05-09 14:49:23,1,1,1,961.4,0,4.8,81,958,1,1.06,0.02,461,1,1.06,0.02,461
2026-05-09 14:49:23,1,1,1,959.1,0,5.9,99,954,1,1.06,0.02,461,1,1.06,0.02,461
2026-05-09 14:49:23,1,1,1,959.1,0,5.9,99,954,1,1.06,0.02,1129,1,1.06,0.02,1129
2026-05-09 14:49:23,1,1,1,953.8,0,5.1,85,950,0,0.00,0.00,0,1,1.06,0.02,1129
2026-05-09 14:49:23,1,1,1,953.8,0,5.1,85,950,0,0.00,0.00,0,1,1.05,0.01,11474
2026-05-09 14:49:23,1,1,1,949.5,0,4.2,69,947,0,0.00,0.00,0,1,1.05,0.01,11474
2026-05-09 14:49:23,1,1,1,949.5,0,4.2,69,947,1,1.05,0.01,27682,1,1.05,0.01,27682
2026-05-09 14:49:23,1,1,1,945.2,0,3.9,64,943,1,1.05,0.01,27682,1,1.05,0.01,27682
2026-05-09 14:49:23,1,1,1,945.2,0,3.9,64,943,1,1.05,0.00,37993,1,1.05,0.00,37993
2026-05-09 14:49:24,1,1,1,946.8,0,4.4,73,944,1,1.05,0.00,37993,1,1.05,0.00,37993
2026-05-09 14:49:24,1,1,1,949.8,0,5.1,85,946,1,1.04,0.00,27080,1,1.04,0.00,27080
2026-05-09 14:49:24,1,1,1,949.8,0,5.1,85,946,1,1.04,0.00,27080,1,1.04,0.00,27080
2026-05-09 14:49:24,1,1,1,951.4,0,6.1,101,946,1,1.04,0.00,3545,1,1.04,0.00,3545
2026-05-09 14:49:24,1,1,1,951.4,0,6.1,101,946,1,1.04,0.00,3545,1,1.04,0.00,3545
2026-05-09 14:49:24,1,1,1,952.7,0,7.3,121,945,1,1.04,0.00,3545,1,1.04,0.00,3545
2026-05-09 14:49:24,1,1,1,952.7,0,7.3,121,945,1,1.04,0.00,3545,1,1.04,0.00,3545
2026-05-09 14:49:24,1,1,1,957.3,0,10.9,181,940,1,1.04,0.00,965,1,1.04,0.00,965
2026-05-09 14:49:24,1,1,1,969.5,0,10.6,178,953,1,1.04,0.00,965,1,1.04,0.00,965
2026-05-09 14:49:24,1,1,1,969.5,0,10.6,178,953,1,1.04,0.00,13025,1,1.04,0.00,13025
2026-05-09 14:49:24,1,1,1,972.5,0,10.2,173,957,1,1.04,0.00,13025,1,1.04,0.00,13025
2026-05-09 14:49:24,1,1,1,972.5,0,10.2,173,957,1,1.04,0.00,14884,1,1.04,0.00,14884
2026-05-09 14:49:24,1,1,1,974.2,0,9.8,166,960,1,1.04,0.00,14884,1,1.04,0.00,14884
2026-05-09 14:49:24,1,1,1,974.2,0,9.8,166,960,1,1.03,0.00,1765,1,1.03,0.00,1765
2026-05-09 14:49:24,1,1,1,973.1,0,9.0,153,961,1,1.03,0.00,1765,1,1.03,0.00,1765
2026-05-09 14:49:24,1,1,1,973.1,0,9.0,153,961,1,1.03,0.00,4450,1,1.03,0.00,4450
2026-05-09 14:49:24,1,1,1,969.2,0,7.0,118,962,1,1.03,0.00,4450,1,1.03,0.00,4450
2026-05-09 14:49:24,1,1,1,972.5,0,7.6,128,964,1,1.03,0.00,3845,1,1.03,0.00,3845
2026-05-09 14:49:24,1,1,1,972.5,0,7.6,128,964,1,1.03,0.00,3845,1,1.03,0.00,3845
2026-05-09 14:49:24,1,1,1,974.4,0,8.0,135,965,1,1.03,0.00,4580,1,1.03,0.00,4580
2026-05-09 14:49:25,1,1,1,974.4,0,8.0,135,965,1,1.03,0.00,4580,1,1.03,0.00,4580
2026-05-09 14:49:25,1,1,1,974.8,0,8.1,138,965,1,1.03,0.00,4786,1,1.03,0.00,4786
2026-05-09 14:49:25,1,1,1,974.8,0,8.1,138,965,1,1.03,0.00,4786,1,1.03,0.00,4786
2026-05-09 14:49:25,1,1,1,974.3,0,7.9,134,965,1,1.03,0.00,2042,1,1.03,0.00,2042
2026-05-09 14:49:25,1,1,1,972.2,0,7.4,126,964,1,1.03,0.00,2042,1,1.03,0.00,2042
2026-05-09 14:49:25,1,1,1,972.2,0,7.4,126,964,1,1.03,0.00,16130,1,1.03,0.00,16130
2026-05-09 14:49:25,1,1,1,972.4,0,7.1,120,965,1,1.03,0.00,16130,1,1.03,0.00,16130
2026-05-09 14:49:25,1,1,1,972.4,0,7.1,120,965,1,1.02,0.00,14400,1,1.02,0.00,14400
2026-05-09 14:49:25,1,1,1,973.1,0,6.9,117,966,1,1.02,0.00,14400,1,1.02,0.00,14400
2026-05-09 14:49:25,1,1,1,973.1,0,6.9,117,966,1,1.02,0.00,9701,1,1.02,0.00,9701
2026-05-09 14:49:25,1,1,1,974.9,0,6.8,116,968,1,1.02,0.00,9701,1,1.02,0.00,9701
2026-05-09 14:49:25,1,1,1,974.9,0,6.8,116,968,1,1.02,0.00,15362,1,1.02,0.00,15362
2026-05-09 14:49:25,1,1,1,977.3,0,7.0,119,970,1,1.02,0.00,15362,1,1.02,0.00,15362
2026-05-09 14:49:25,1,1,1,979.8,0,7.2,123,972,1,1.02,0.00,15970,1,1.02,0.00,15970
2026-05-09 14:49:25,1,1,1,979.8,0,7.2,123,972,1,1.02,0.00,15970,1,1.02,0.00,15970
2026-05-09 14:49:25,1,1,1,982.9,0,7.7,132,974,1,1.02,0.00,28705,1,1.02,0.00,28705
2026-05-09 14:49:25,1,1,1,982.9,0,7.7,132,974,1,1.02,0.00,28705,1,1.02,0.00,28705
2026-05-09 14:49:25,1,1,1,984.7,0,8.5,145,974,1,1.02,0.00,29261,1,1.02,0.00,29261
2026-05-09 14:49:25,1,1,1,984.7,0,8.5,145,974,1,1.02,0.00,29261,1,1.02,0.00,29261
2026-05-09 14:49:25,1,1,1,985.9,0,9.3,159,973,1,1.02,0.00,28793,1,1.02,0.00,28793
2026-05-09 14:49:26,1,1,1,987.1,0,10.0,172,972,1,1.02,0.00,28793,1,1.02,0.00,28793
2026-05-09 14:49:26,1,1,1,987.1,0,10.0,172,972,1,1.01,0.00,19945,1,1.01,0.00,19945
2026-05-09 14:49:26,1,1,1,991.0,0,11.5,198,971,1,1.01,0.00,19945,1,1.01,0.00,19945
2026-05-09 14:49:26,1,1,1,991.0,0,11.5,198,971,1,1.01,0.00,4205,1,1.01,0.00,4205
2026-05-09 14:49:26,1,1,1,992.4,0,11.9,205,971,1,1.01,0.00,4205,1,1.01,0.00,4205
2026-05-09 14:49:26,1,1,1,992.4,0,11.9,205,971,1,1.01,0.00,4205,1,1.01,0.00,4205
2026-05-09 14:49:26,1,1,1,992.9,0,12.3,212,970,1,1.01,0.00,4205,1,1.01,0.00,4205
2026-05-09 14:49:26,1,1,1,992.9,0,12.3,212,970,1,1.01,0.00,610,1,1.01,0.00,610
2026-05-09 14:49:26,1,1,1,993.0,0,12.6,217,969,1,1.01,0.00,610,1,1.01,0.00,610
2026-05-09 14:49:26,1,1,1,993.0,0,12.6,217,969,1,1.02,0.00,592,1,1.02,0.00,592
2026-05-09 14:49:26,1,1,1,993.0,0,12.6,217,969,1,1.02,0.00,592,1,1.02,0.00,592
2026-05-09 14:49:26,1,1,1,992.9,0,12.3,212,970,1,1.02,0.00,3026,1,1.02,0.00,3026
2026-05-09 14:49:26,1,1,1,992.9,0,12.3,212,970,1,1.02,0.00,3026,1,1.02,0.00,3026
2026-05-09 14:49:26,1,1,1,992.8,0,12.0,207,971,1,1.03,0.00,260,1,1.03,0.00,260
2026-05-09 14:49:26,1,1,1,992.8,0,12.0,207,971,1,1.03,0.00,260,1,1.03,0.00,260
2026-05-09 14:49:26,1,1,1,993.3,0,11.6,200,973,1,1.03,0.00,949,1,1.03,0.00,949
2026-05-09 14:49:26,1,1,1,993.1,0,11.0,189,975,1,1.03,0.00,949,1,1.03,0.00,949
2026-05-09 14:49:26,1,1,1,993.1,0,11.0,189,975,1,1.03,0.00,580,1,1.03,0.00,580
2026-05-09 14:49:26,1,1,1,993.3,0,10.4,179,977,0,0.00,0.00,0,1,1.03,0.00,580
2026-05-09 14:49:26,1,1,1,993.3,0,10.4,179,977,0,0.00,0.00,0,1,1.03,0.00,580
2026-05-09 14:49:27,1,1,1,993.0,0,10.0,172,978,0,0.00,0.00,0,1,1.03,0.00,580
2026-05-09 14:49:27,1,1,1,993.0,0,10.0,172,978,0,0.00,0.00,0,1,1.03,0.00,569
2026-05-09 14:49:27,1,1,1,993.3,0,9.7,168,979,0,0.00,0.00,0,1,1.03,0.00,569
2026-05-09 14:49:27,1,1,1,993.3,0,9.7,168,979,0,0.00,0.00,0,1,1.03,0.00,569
2026-05-09 14:49:27,1,1,1,992.6,0,9.5,164,979,0,0.00,0.00,0,1,1.03,0.00,569
2026-05-09 14:49:27,1,1,1,991.5,0,9.5,163,978,0,0.00,0.00,0,1,1.02,0.00,4901
2026-05-09 14:49:27,1,1,1,991.5,0,9.5,163,978,0,0.00,0.00,0,1,1.02,0.00,4901
2026-05-09 14:49:27,1,1,1,991.5,0,9.5,163,978,0,0.00,0.00,0,1,1.02,0.00,1802
2026-05-09 14:49:27,1,1,1,991.5,0,9.5,163,978,0,0.00,0.00,0,1,1.02,0.00,1802
2026-05-09 14:49:27,1,1,1,991.2,0,9.7,167,977,0,0.00,0.00,0,1,1.02,0.00,1802
2026-05-09 14:49:27,1,1,1,991.2,0,9.7,167,977,0,0.00,0.00,0,1,1.02,0.00,1802
2026-05-09 14:49:27,1,1,1,991.4,0,10.1,174,976,0,0.00,0.00,0,1,1.02,0.00,873
2026-05-09 14:49:27,1,1,1,991.4,0,10.1,174,976,0,0.00,0.00,0,1,1.02,0.00,873
2026-05-09 14:49:27,1,1,1,991.6,0,10.2,175,976,0,0.00,0.00,0,1,1.02,0.00,873
2026-05-09 14:49:27,1,1,1,992.5,0,10.4,180,976,0,0.00,0.00,0,1,1.02,0.00,873
2026-05-09 14:49:27,1,1,1,992.5,0,10.4,180,976,0,0.00,0.00,0,1,1.02,0.00,873
2026-05-09 14:49:27,1,1,1,993.3,0,10.4,179,977,0,0.00,0.00,0,1,1.02,0.00,873
2026-05-09 14:49:27,1,1,1,993.3,0,10.4,179,977,0,0.00,0.00,0,1,1.02,0.00,873
2026-05-09 14:49:27,1,1,1,995.3,0,10.1,174,980,0,0.00,0.00,0,1,1.02,0.00,873
2026-05-09 14:49:27,1,1,1,995.3,0,10.1,174,980,0,0.00,0.00,0,1,1.02,0.00,873
2026-05-09 14:49:28,1,1,1,994.8,0,9.5,165,981,0,0.00,0.00,0,1,1.02,0.00,873
2026-05-09 14:49:28,1,1,1,995.1,0,9.0,155,983,0,0.00,0.00,0,1,1.08,0.01,1637
2026-05-09 14:49:28,1,1,1,995.1,0,9.0,155,983,0,0.00,0.00,0,1,1.08,0.01,1637
2026-05-09 14:49:28,1,1,1,999.7,0,8.0,139,990,0,0.00,0.00,0,1,1.08,0.01,1637
2026-05-09 14:49:28,1,1,1,999.7,0,8.0,139,990,0,0.00,0.00,0,1,1.08,0.01,1637
2026-05-09 14:49:28,1,1,1,1000.2,0,7.8,135,991,0,0.00,0.00,0,1,1.08,0.01,1637
2026-05-09 14:49:28,1,1,1,1000.2,0,7.8,135,991,0,0.00,0.00,0,1,1.08,0.01,1637
2026-05-09 14:49:28,1,1,1,999.4,0,7.4,129,991,0,0.00,0.00,0,1,1.08,0.01,1637
2026-05-09 14:49:28,1,1,1,999.4,0,7.4,129,991,0,0.00,0.00,0,1,1.08,0.01,1637
2026-05-09 14:49:28,1,1,1,997.4,0,7.0,121,990,0,0.00,0.00,0,1,1.08,0.01,1637
2026-05-09 14:49:28,1,1,1,995.4,0,6.5,113,989,0,0.00,0.00,0,1,1.08,0.01,1637
2026-05-09 14:49:28,1,1,1,995.4,0,6.5,113,989,0,0.00,0.00,0,1,1.03,0.00,6530
2026-05-09 14:49:28,1,1,1,992.6,0,6.1,105,987,0,0.00,0.00,0,1,1.03,0.00,6530
2026-05-09 14:49:28,1,1,1,992.6,0,6.1,105,987,0,0.00,0.00,0,1,1.02,0.00,1370
2026-05-09 14:49:28,1,1,1,990.8,0,5.6,97,986,0,0.00,0.00,0,1,1.02,0.00,1370
2026-05-09 14:49:28,1,1,1,990.8,0,5.6,97,986,0,0.00,0.00,0,1,1.02,0.00,1370
2026-05-09 14:49:28,1,1,1,989.4,0,5.4,93,985,0,0.00,0.00,0,1,1.02,0.00,1370
2026-05-09 14:49:28,1,1,1,990.6,0,5.5,95,986,0,0.00,0.00,0,1,1.02,0.00,4276
2026-05-09 14:49:28,1,1,1,990.6,0,5.5,95,986,0,0.00,0.00,0,1,1.02,0.00,4276
2026-05-09 14:49:28,1,1,1,991.8,0,5.6,97,987,1,1.02,0.00,3328,1,1.02,0.00,3328
2026-05-09 14:49:29,1,1,1,991.8,0,5.6,97,987,1,1.02,0.00,3328,1,1.02,0.00,3328
2026-05-09 14:49:29,1,1,1,993.8,0,5.7,98,989,1,1.02,0.00,800,1,1.02,0.00,800
2026-05-09 14:49:29,1,1,1,993.8,0,5.7,98,989,1,1.02,0.00,800,1,1.02,0.00,800
2026-05-09 14:49:29,1,1,1,996.0,0,5.8,100,991,1,1.01,0.00,1856,1,1.01,0.00,1856
2026-05-09 14:49:29,1,1,1,996.0,0,5.8,100,991,1,1.01,0.00,1856,1,1.01,0.00,1856
2026-05-09 14:49:29,1,1,1,997.2,0,5.9,102,992,1,1.01,0.00,5353,1,1.01,0.00,5353
2026-05-09 14:49:29,1,1,1,998.1,0,5.8,101,993,1,1.01,0.00,5353,1,1.01,0.00,5353
2026-05-09 14:49:29,1,1,1,998.1,0,5.8,101,993,1,1.01,0.00,4724,1,1.01,0.00,4724
2026-05-09 14:49:29,1,1,1,998.2,0,5.9,102,993,1,1.01,0.00,4724,1,1.01,0.00,4724
2026-05-09 14:49:29,1,1,1,998.2,0,5.9,102,993,1,1.01,0.00,8145,1,1.01,0.00,8145
2026-05-09 14:49:29,1,1,1,998.2,0,5.9,102,993,1,1.01,0.00,8145,1,1.01,0.00,8145
2026-05-09 14:49:29,1,1,1,998.2,0,5.9,102,993,1,1.01,0.00,6408,1,1.01,0.00,6408
2026-05-09 14:49:29,1,1,1,999.4,0,6.0,104,994,1,1.01,0.00,6408,1,1.01,0.00,6408
2026-05-09 14:49:29,1,1,1,1001.4,0,6.0,104,996,1,1.01,0.00,1573,1,1.01,0.00,1573
2026-05-09 14:49:29,1,1,1,1001.4,0,6.0,104,996,1,1.01,0.00,1573,1,1.01,0.00,1573
2026-05-09 14:49:29,1,1,1,1002.1,0,5.8,101,997,1,1.01,0.00,2180,1,1.01,0.00,2180
2026-05-09 14:49:29,1,1,1,1002.1,0,5.8,101,997,1,1.01,0.00,2180,1,1.01,0.00,2180
2026-05-09 14:49:29,1,1,1,1001.5,0,5.4,95,997,1,1.01,0.00,9344,1,1.01,0.00,9344
2026-05-09 14:49:29,1,1,1,1001.5,0,5.4,95,997,1,1.01,0.00,9344,1,1.01,0.00,9344
2026-05-09 14:49:29,1,1,1,1002.2,0,5.3,92,998,1,1.01,0.00,15529,1,1.01,0.00,15529
2026-05-09 14:49:30,1,1,1,1002.2,0,5.3,92,998,1,1.01,0.00,15529,1,1.01,0.00,15529
2026-05-09 14:49:30,1,1,1,1002.5,0,5.4,95,998,1,1.00,0.00,16189,1,1.00,0.00,16189
2026-05-09 14:49:30,1,1,1,1002.7,0,5.6,97,998,1,1.00,0.00,16189,1,1.00,0.00,16189
2026-05-09 14:49:30,1,1,1,1002.7,0,5.6,97,998,1,1.00,0.00,6425,1,1.00,0.00,6425
2026-05-09 14:49:30,1,1,1,1002.6,0,5.5,96,998,1,1.00,0.00,6425,1,1.00,0.00,6425
2026-05-09 14:49:30,1,1,1,1002.6,0,5.5,96,998,1,1.00,0.00,3809,1,1.00,0.00,3809
2026-05-09 14:49:30,1,1,1,1002.8,0,5.6,98,998,1,1.00,0.00,3809,1,1.00,0.00,3809
2026-05-09 14:49:30,1,1,1,1002.8,0,5.6,98,998,1,1.00,0.00,3809,1,1.00,0.00,3809
2026-05-09 14:49:30,1,1,1,1002.3,0,5.9,103,997,1,1.00,0.00,3809,1,1.00,0.00,3809
2026-05-09 14:49:30,1,1,1,1000.3,0,5.9,103,995,1,1.00,0.00,3809,1,1.00,0.00,3809
2026-05-09 14:49:30,1,1,1,1000.3,0,5.9,103,995,1,1.00,0.00,3809,1,1.00,0.00,3809
2026-05-09 14:49:30,1,1,1,991.6,0,4.9,85,988,1,1.00,0.00,3809,1,1.00,0.00,3809
2026-05-09 14:49:30,1,1,1,991.6,0,4.9,85,988,1,1.00,0.00,3809,1,1.00,0.00,3809
2026-05-09 14:49:30,1,1,1,981.9,0,3.6,61,980,1,1.02,0.00,1700,1,1.02,0.00,1700
2026-05-09 14:49:30,1,1,1,981.9,0,3.6,61,980,1,1.02,0.00,1700,1,1.02,0.00,1700
2026-05-09 14:49:30,1,1,1,973.9,0,2.5,43,973,1,1.01,0.00,5125,1,1.01,0.00,5125
2026-05-09 14:49:30,1,1,1,973.9,0,2.5,43,973,1,1.01,0.00,5125,1,1.01,0.00,5125
2026-05-09 14:49:30,1,1,1,975.9,0,2.5,42,975,1,1.01,0.00,4372,1,1.01,0.00,4372
2026-05-09 14:49:30,1,1,1,979.0,0,2.6,45,978,1,1.01,0.00,4372,1,1.01,0.00,4372
2026-05-09 14:49:30,1,1,1,979.0,0,2.6,45,978,1,1.01,0.00,1697,1,1.01,0.00,1697
2026-05-09 14:49:31,1,1,1,983.1,0,2.7,47,982,1,1.01,0.00,1697,1,1.01,0.00,1697
2026-05-09 14:49:31,1,1,1,983.1,0,2.7,47,982,1,1.01,0.00,1697,1,1.01,0.00,1697
2026-05-09 14:49:31,1,1,1,986.6,0,3.3,56,985,1,1.01,0.00,1697,1,1.01,0.00,1697
2026-05-09 14:49:31,1,1,1,986.6,0,3.3,56,985,1,1.01,0.00,3413,1,1.01,0.00,3413
2026-05-09 14:49:31,1,1,1,985.6,0,6.6,114,979,1,1.01,0.00,3413,1,1.01,0.00,3413
2026-05-09 14:49:31,1,1,1,978.7,0,14.6,247,947,1,1.01,0.00,3413,1,1.01,0.00,3413
2026-05-09 14:49:31,1,1,1,978.7,0,14.6,247,947,1,1.01,0.00,3413,1,1.01,0.00,3413
2026-05-09 14:49:31,1,1,1,981.4,0,22.1,370,909,1,1.01,0.00,3205,1,1.01,0.00,3205
2026-05-09 14:49:31,1,1,1,981.4,0,22.1,370,909,1,1.01,0.00,3205,1,1.01,0.00,3205
2026-05-09 14:49:31,1,1,1,949.1,0,19.1,310,897,1,1.01,0.00,3205,1,1.01,0.00,3205
2026-05-09 14:49:31,1,1,1,949.1,0,19.1,310,897,1,1.01,0.00,3205,1,1.01,0.00,3205
2026-05-09 14:49:31,1,1,1,934.8,0,16.3,263,897,1,1.01,0.00,3205,1,1.01,0.00,3205
2026-05-09 14:49:31,1,1,1,934.8,0,16.3,263,897,1,1.01,0.00,3205,1,1.01,0.00,3205
2026-05-09 14:49:31,1,1,1,924.2,0,13.1,210,900,1,1.01,0.00,3205,1,1.01,0.00,3205
2026-05-09 14:49:31,1,1,1,921.3,0,10.4,167,906,1,1.01,0.00,3205,1,1.01,0.00,3205
2026-05-09 14:49:31,1,1,1,921.3,0,10.4,167,906,1,1.00,0.00,1973,1,1.00,0.00,1973
2026-05-09 14:49:31,1,1,1,931.2,0,9.6,156,918,1,1.00,0.00,1973,1,1.00,0.00,1973
2026-05-09 14:49:31,1,1,1,931.2,0,9.6,156,918,1,1.00,0.00,1973,1,1.00,0.00,1973
2026-05-09 14:49:31,1,1,1,944.3,0,9.3,152,932,1,1.00,0.00,1973,1,1.00,0.00,1973
2026-05-09 14:49:31,1,1,1,944.3,0,9.3,152,932,1,1.00,0.00,1973,1,1.00,0.00,1973
2026-05-09 14:49:32,1,1,1,947.8,0,9.0,149,936,0,0.00,0.00,0,1,1.00,0.00,1973
2026-05-09 14:49:32,1,1,1,947.8,0,9.0,149,936,0,0.00,0.00,0,1,1.00,0.00,1973
2026-05-09 14:49:32,1,1,1,951.1,0,9.1,151,939,0,0.00,0.00,0,1,1.00,0.00,1973
2026-05-09 14:49:32,1,1,1,952.4,0,9.6,159,939,0,0.00,0.00,0,1,1.00,0.00,2152
2026-05-09 14:49:32,1,1,1,952.4,0,9.6,159,939,0,0.00,0.00,0,1,1.00,0.00,2152
2026-05-09 14:49:32,1,1,1,955.4,0,10.3,171,940,0,0.00,0.00,0,1,1.00,0.00,3581
2026-05-09 14:49:32,1,1,1,955.4,0,10.3,171,940,0,0.00,0.00,0,1,1.00,0.00,3581
2026-05-09 14:49:32,1,1,1,957.1,0,11.1,185,939,0,0.00,0.00,0,1,1.00,0.00,1385
2026-05-09 14:49:32,1,1,1,957.1,0,11.1,185,939,0,0.00,0.00,0,1,1.00,0.00,1385
2026-05-09 14:49:32,1,1,1,949.4,0,10.0,165,935,0,0.00,0.00,0,1,1.00,0.00,1385
2026-05-09 14:49:32,1,1,1,943.1,0,8.8,144,932,0,0.00,0.00,0,1,1.00,0.00,1385
2026-05-09 14:49:32,1,1,1,943.1,0,8.8,144,932,0,0.00,0.00,0,1,1.00,0.00,1385
2026-05-09 14:49:32,1,1,1,941.5,0,7.7,126,933,0,0.00,0.00,0,1,1.00,0.00,1385
2026-05-09 14:49:32,1,1,1,941.5,0,7.7,126,933,0,0.00,0.00,0,1,1.00,0.00,1385
2026-05-09 14:49:32,1,1,1,942.0,0,7.0,115,935,0,0.00,0.00,0,1,1.00,0.00,1385
2026-05-09 14:49:32,1,1,1,942.0,0,7.0,115,935,0,0.00,0.00,0,1,1.00,0.00,4121
2026-05-09 14:49:32,1,1,1,945.4,0,6.7,110,939,0,0.00,0.00,0,1,1.00,0.00,4121
2026-05-09 14:49:32,1,1,1,945.4,0,6.7,110,939,0,0.00,0.00,0,1,1.00,0.00,533
2026-05-09 14:49:32,1,1,1,949.1,0,6.5,107,943,0,0.00,0.00,0,1,1.00,0.00,533
2026-05-09 14:49:32,1,1,1,952.7,0,6.3,104,947,0,0.00,0.00,0,1,1.00,0.00,533
2026-05-09 14:49:33,1,1,1,952.7,0,6.3,104,947,0,0.00,0.00,0,1,1.00,0.00,533
2026-05-09 14:49:33,1,1,1,956.3,0,6.1,101,951,0,0.00,0.00,0,1,1.00,0.00,533
2026-05-09 14:49:33,1,1,1,956.3,0,6.1,101,951,0,0.00,0.00,0,1,1.00,0.00,533
2026-05-09 14:49:33,1,1,1,959.3,0,6.0,101,954,0,0.00,0.00,0,1,1.00,0.00,533
2026-05-09 14:49:33,1,1,1,959.3,0,6.0,101,954,0,0.00,0.00,0,1,1.00,0.00,533
2026-05-09 14:49:33,1,1,1,963.6,0,6.2,104,958,0,0.00,0.00,0,1,1.00,0.00,533
2026-05-09 14:49:33,1,1,1,964.6,0,6.2,104,959,0,0.00,0.00,0,1,1.00,0.00,533
2026-05-09 14:49:33,1,1,1,964.6,0,6.2,104,959,0,0.00,0.00,0,1,1.00,0.00,1369
2026-05-09 14:49:33,1,1,1,965.3,0,6.0,101,960,0,0.00,0.00,0,1,1.00,0.00,1369
2026-05-09 14:49:33,1,1,1,965.3,0,6.0,101,960,0,0.00,0.00,0,1,1.00,0.00,2020
2026-05-09 14:49:33,1,1,1,966.2,0,5.9,100,961,0,0.00,0.00,0,1,1.00,0.00,2020
2026-05-09 14:49:33,1,1,1,966.2,0,5.9,100,961,0,0.00,0.00,0,1,1.01,0.00,650
2026-05-09 14:49:33,1,1,1,965.7,0,5.6,95,961,0,0.00,0.00,0,1,1.01,0.00,650
2026-05-09 14:49:33,1,1,1,965.7,0,5.6,95,961,0,0.00,0.00,0,1,1.02,0.00,3177
2026-05-09 14:49:33,1,1,1,964.8,0,5.1,86,961,0,0.00,0.00,0,1,1.02,0.00,3177
2026-05-09 14:49:33,1,1,1,963.0,0,4.5,76,960,1,1.03,0.00,5013,1,1.03,0.00,5013
2026-05-09 14:49:33,1,1,1,963.0,0,4.5,76,960,1,1.03,0.00,5013,1,1.03,0.00,5013
2026-05-09 14:49:33,1,1,1,962.1,0,3.8,64,960,1,1.03,0.00,2669,1,1.03,0.00,2669
2026-05-09 14:49:33,1,1,1,962.1,0,3.8,64,960,1,1.03,0.00,2669,1,1.03,0.00,2669
2026-05-09 14:49:33,1,1,1,956.4,0,3.1,52,955,1,1.02,0.00,5477,1,1.02,0.00,5477
2026-05-09 14:49:34,1,1,1,956.4,0,3.1,52,955,1,1.02,0.00,5477,1,1.02,0.00,5477
2026-05-09 14:49:34,1,1,1,949.9,0,2.5,42,949,1,1.02,0.00,1936,1,1.02,0.00,1936
2026-05-09 14:49:34,1,1,1,952.4,0,3.1,52,951,1,1.02,0.00,1936,1,1.02,0.00,1936
2026-05-09 14:49:34,1,1,1,952.4,0,3.1,52,951,1,1.02,0.00,1936,1,1.02,0.00,1936
2026-05-09 14:49:34,1,1,1,960.5,0,4.1,69,958,1,1.02,0.00,1936,1,1.02,0.00,1936
2026-05-09 14:49:34,1,1,1,960.5,0,4.1,69,958,1,1.02,0.00,1936,1,1.02,0.00,1936
2026-05-09 14:49:34,1,1,1,972.0,0,5.2,88,968,0,0.00,0.00,0,1,1.02,0.00,1936
2026-05-09 14:49:34,1,1,1,972.0,0,5.2,88,968,0,0.00,0.00,0,1,1.02,0.00,1936
2026-05-09 14:49:34,1,1,1,969.5,0,4.9,82,966,0,0.00,0.00,0,1,1.02,0.00,1936
2026-05-09 14:49:34,1,1,1,969.5,0,4.9,82,966,0,0.00,0.00,0,1,1.01,0.00,773
2026-05-09 14:49:34,1,1,1,963.6,0,4.2,71,961,0,0.00,0.00,0,1,1.01,0.00,773
2026-05-09 14:49:34,1,1,1,940.4,0,1.6,27,940,0,0.00,0.00,0,1,1.00,0.00,1225
2026-05-09 14:49:34,1,1,1,940.4,0,1.6,27,940,0,0.00,0.00,0,1,1.00,0.00,1225
2026-05-09 14:49:34,1,1,1,932.0,0,0.4,7,932,0,0.00,0.00,0,1,1.00,0.00,725
2026-05-09 14:49:34,1,1,1,932.0,0,0.4,7,932,0,0.00,0.00,0,1,1.00,0.00,725
2026-05-09 14:49:34,1,1,1,919.7,0,-2.3,-37,919,0,0.00,0.00,0,1,1.00,0.00,725
2026-05-09 14:49:34,1,1,1,919.7,0,-2.3,-37,919,0,0.00,0.00,0,1,1.00,0.00,725
2026-05-09 14:49:34,1,1,1,918.4,0,-4.1,-66,916,0,0.00,0.00,0,1,1.01,0.00,2493
2026-05-09 14:49:34,1,1,1,920.7,0,-4.4,-71,918,0,0.00,0.00,0,1,1.01,0.00,2493
2026-05-09 14:49:34,1,1,1,920.7,0,-4.4,-71,918,0,0.00,0.00,0,1,1.01,0.00,541
2026-05-09 14:49:35,1,1,1,922.7,0,-4.4,-71,920,0,0.00,0.00,0,1,1.01,0.00,541
2026-05-09 14:49:35,1,1,1,922.7,0,-4.4,-71,920,0,0.00,0.00,0,1,1.01,0.00,3604
2026-05-09 14:49:35,1,1,1,925.7,-8,-4.4,-71,923,0,0.00,0.00,0,1,1.01,0.00,3604
2026-05-09 14:49:35,1,1,1,925.7,-8,-4.4,-71,923,0,0.00,0.00,0,1,1.01,0.00,2978
2026-05-09 14:49:35,1,1,1,927.0,0,-4.6,-75,924,0,0.00,0.00,0,1,1.01,0.00,2978
2026-05-09 14:49:35,1,1,1,927.0,0,-4.6,-75,924,0,0.00,0.00,0,1,1.01,0.00,3508
2026-05-09 14:49:35,1,1,1,928.6,0,-5.1,-82,925,0,0.00,0.00,0,1,1.01,0.00,3508
2026-05-09 14:49:35,1,1,1,930.4,0,-5.6,-90,926,1,1.01,0.00,6642,1,1.01,0.00,6642
2026-05-09 14:49:35,1,1,1,930.4,0,-5.6,-90,926,1,1.01,0.00,6642,1,1.01,0.00,6642
2026-05-09 14:49:35,1,1,1,931.2,0,-6.0,-98,926,1,1.01,0.00,2036,1,1.01,0.00,2036
2026-05-09 14:49:35,1,1,1,931.2,0,-6.0,-98,926,1,1.01,0.00,2036,1,1.01,0.00,2036
2026-05-09 14:49:35,1,1,1,933.7,0,-6.3,-103,928,1,1.01,0.00,1913,1,1.01,0.00,1913
2026-05-09 14:49:35,1,1,1,933.7,0,-6.3,-103,928,1,1.01,0.00,1913,1,1.01,0.00,1913
2026-05-09 14:49:35,1,1,1,935.7,0,-6.3,-103,930,1,1.01,0.00,2578,1,1.01,0.00,2578
2026-05-09 14:49:35,1,1,1,938.7,0,-6.3,-103,933,0,0.00,0.00,0,1,1.01,0.00,2578
2026-05-09 14:49:35,1,1,1,938.7,0,-6.3,-103,933,0,0.00,0.00,0,1,1.01,0.00,9160
2026-05-09 14:49:35,1,1,1,940.7,0,-6.3,-103,935,0,0.00,0.00,0,1,1.01,0.00,9160
2026-05-09 14:49:35,1,1,1,940.7,0,-6.3,-103,935,1,1.01,0.00,6084,1,1.01,0.00,6084
2026-05-09 14:49:35,1,1,1,943.4,0,-6.1,-101,938,1,1.01,0.00,6084,1,1.01,0.00,6084
2026-05-09 14:49:35,1,1,1,943.4,0,-6.1,-101,938,1,1.01,0.00,7789,1,1.01,0.00,7789
2026-05-09 14:49:36,1,1,1,944.8,0,-5.8,-95,940,1,1.01,0.00,7789,1,1.01,0.00,7789
2026-05-09 14:49:36,1,1,1,944.8,0,-5.8,-95,940,1,1.01,0.00,7789,1,1.01,0.00,7789
2026-05-09 14:49:36,1,1,1,945.3,0,-5.5,-90,941,1,1.01,0.00,7789,1,1.01,0.00,7789
2026-05-09 14:49:36,1,1,1,946.6,0,-5.6,-93,942,1,1.01,0.00,1424,1,1.01,0.00,1424
2026-05-09 14:49:36,1,1,1,946.6,0,-5.6,-93,942,1,1.01,0.00,1424,1,1.01,0.00,1424
2026-05-09 14:49:36,1,1,1,949.1,0,-5.9,-98,944,1,1.01,0.00,1424,1,1.01,0.00,1424
2026-05-09 14:49:36,1,1,1,949.1,0,-5.9,-98,944,1,1.01,0.00,1424,1,1.01,0.00,1424
2026-05-09 14:49:36,1,1,1,950.6,0,-6.2,-103,945,1,1.01,0.00,2146,1,1.01,0.00,2146
2026-05-09 14:49:36,1,1,1,950.6,0,-6.2,-103,945,0,0.00,0.00,0,1,1.01,0.00,2146
2026-05-09 14:49:36,1,1,1,954.0,0,-6.4,-107,948,0,0.00,0.00,0,1,1.01,0.00,7253
2026-05-09 14:49:36,1,1,1,954.0,0,-6.4,-107,948,0,0.00,0.00,0,1,1.01,0.00,7253
2026-05-09 14:49:36,1,1,1,955.7,0,-6.8,-113,949,1,1.01,0.00,7666,1,1.01,0.00,7666
2026-05-09 14:49:36,1,1,1,955.8,0,-7.3,-122,948,1,1.01,0.00,7666,1,1.01,0.00,7666
2026-05-09 14:49:36,1,1,1,955.8,0,-7.3,-122,948,1,1.01,0.00,7666,1,1.01,0.00,7666
2026-05-09 14:49:36,1,1,1,954.9,0,-8.2,-137,945,1,1.01,0.00,7666,1,1.01,0.00,7666
2026-05-09 14:49:36,1,1,1,954.9,0,-8.2,-137,945,1,1.01,0.00,7666,1,1.01,0.00,7666
2026-05-09 14:49:36,1,1,1,952.2,0,-9.2,-152,940,1,1.01,0.00,7666,1,1.01,0.00,7666
2026-05-09 14:49:36,1,1,1,952.2,0,-9.2,-152,940,1,1.01,0.00,7666,1,1.01,0.00,7666
2026-05-09 14:49:36,1,1,1,948.2,0,-10.3,-169,933,1,1.01,0.00,7666,1,1.01,0.00,7666
2026-05-09 14:49:36,1,1,1,938.3,0,-13.1,-212,914,1,1.01,0.00,7666,1,1.01,0.00,7666
2026-05-09 14:49:37,1,1,1,938.3,0,-13.1,-212,914,1,1.01,0.00,7666,1,1.01,0.00,7666
2026-05-09 14:49:37,1,1,1,927.7,0,-14.5,-233,898,1,1.03,0.00,692,1,1.03,0.00,692
2026-05-09 14:49:37,1,1,1,927.7,0,-14.5,-233,898,1,1.03,0.00,692,1,1.03,0.00,692
2026-05-09 14:49:37,1,1,1,926.4,0,-15.0,-239,895,1,1.03,0.00,692,1,1.03,0.00,692
2026-05-09 14:49:37,1,1,1,926.4,0,-15.0,-239,895,1,1.03,0.00,692,1,1.03,0.00,692
2026-05-09 14:49:37,1,1,1,927.7,0,-15.2,-244,895,1,1.02,0.00,4834,1,1.02,0.00,4834
2026-05-09 14:49:37,1,1,1,927.7,0,-15.2,-244,895,1,1.02,0.00,4834,1,1.02,0.00,4834
2026-05-09 14:49:37,1,1,1,928.5,0,-15.4,-247,895,1,1.02,0.00,5672,1,1.02,0.00,5672
2026-05-09 14:49:37,1,1,1,929.0,0,-15.5,-249,895,1,1.02,0.00,5672,1,1.02,0.00,5672
2026-05-09 14:49:37,1,1,1,929.0,0,-15.5,-249,895,1,1.02,0.00,1733,1,1.02,0.00,1733
2026-05-09 14:49:37,1,1,1,930.7,0,-15.5,-248,897,1,1.02,0.00,1733,1,1.02,0.00,1733
2026-05-09 14:49:37,1,1,1,930.7,0,-15.5,-248,897,1,1.02,0.00,1733,1,1.02,0.00,1733
2026-05-09 14:49:37,1,1,1,933.0,0,-15.3,-246,900,1,1.02,0.00,1733,1,1.02,0.00,1733
2026-05-09 14:49:37,1,1,1,933.0,0,-15.3,-246,900,1,1.07,0.01,725,1,1.07,0.01,725
2026-05-09 14:49:37,1,1,1,935.8,0,-15.0,-242,904,0,0.00,0.00,0,1,1.07,0.01,725
2026-05-09 14:49:37,1,1,1,937.9,0,-14.5,-235,908,0,0.00,0.00,0,1,1.07,0.01,1105
2026-05-09 14:49:37,1,1,1,937.9,0,-14.5,-235,908,0,0.00,0.00,0,1,1.07,0.01,1105
2026-05-09 14:49:37,1,1,1,941.5,0,-14.1,-230,913,0,0.00,0.00,0,1,1.07,0.01,1105
2026-05-09 14:49:37,1,1,1,941.5,0,-14.1,-230,913,0,0.00,0.00,0,1,1.07,0.01,1105
2026-05-09 14:49:37,1,1,1,949.3,0,-13.5,-222,923,0,0.00,0.00,0,1,1.07,0.01,3085
2026-05-09 14:49:38,1,1,1,949.3,0,-13.5,-222,923,0,0.00,0.00,0,1,1.07,0.01,3085
2026-05-09 14:49:38,1,1,1,957.9,0,-13.1,-217,933,1,1.07,0.01,3085,1,1.07,0.01,3085
2026-05-09 14:49:38,1,1,1,957.9,0,-13.1,-217,933,1,1.07,0.01,3085,1,1.07,0.01,3085
2026-05-09 14:49:38,1,1,1,971.7,0,-12.1,-204,950,1,1.07,0.01,3085,1,1.07,0.01,3085
2026-05-09 14:49:38,1,1,1,973.0,0,-11.9,-201,952,1,1.07,0.01,3085,1,1.07,0.01,3085
2026-05-09 14:49:38,1,1,1,973.0,0,-11.9,-201,952,1,1.07,0.01,3085,1,1.07,0.01,3085
2026-05-09 14:49:38,1,1,1,973.2,0,-12.0,-202,952,1,1.07,0.01,3085,1,1.07,0.01,3085
2026-05-09 14:49:38,1,1,1,973.2,0,-12.0,-202,952,1,1.02,0.01,1552,1,1.02,0.01,1552
2026-05-09 14:49:38,1,1,1,973.2,0,-12.0,-202,952,1,1.02,0.01,1552,1,1.02,0.01,1552
2026-05-09 14:49:38,1,1,1,973.2,0,-12.0,-202,952,1,1.04,0.00,3802,1,1.04,0.00,3802
2026-05-09 14:49:38,1,1,1,973.6,0,-11.8,-199,953,1,1.04,0.00,3802,1,1.04,0.00,3802
2026-05-09 14:49:38,1,1,1,974.3,0,-11.4,-193,955,1,1.04,0.00,397,1,1.04,0.00,397
2026-05-09 14:49:38,1,1,1,974.3,0,-11.4,-193,955,1,1.04,0.00,397,1,1.04,0.00,397
2026-05-09 14:49:38,1,1,1,973.3,0,-11.1,-188,955,1,1.04,0.00,397,1,1.04,0.00,397
2026-05-09 14:49:38,1,1,1,973.3,0,-11.1,-188,955,1,1.04,0.00,397,1,1.04,0.00,397
2026-05-09 14:49:38,1,1,1,973.9,0,-11.0,-186,956,1,1.03,0.00,4498,1,1.03,0.00,4498
2026-05-09 14:49:38,1,1,1,973.9,0,-11.0,-186,956,1,1.03,0.00,4498,1,1.03,0.00,4498
2026-05-09 14:49:38,1,1,1,974.5,0,-10.9,-184,957,1,1.02,0.00,9490,1,1.02,0.00,9490
2026-05-09 14:49:38,1,1,1,974.5,0,-10.9,-184,957,1,1.02,0.00,9490,1,1.02,0.00,9490
2026-05-09 14:49:38,1,1,1,975.7,0,-10.6,-180,959,1,1.02,0.00,12193,1,1.02,0.00,12193
2026-05-09 14:49:39,1,1,1,975.8,0,-10.3,-175,960,1,1.02,0.00,12193,1,1.02,0.00,12193
2026-05-09 14:49:39,1,1,1,975.8,0,-10.3,-175,960,1,1.02,0.00,10642,1,1.02,0.00,10642
2026-05-09 14:49:39,1,1,1,977.3,0,-10.1,-172,962,1,1.02,0.00,10642,1,1.02,0.00,10642
2026-05-09 14:49:39,1,1,1,977.3,0,-10.1,-172,962,1,1.02,0.00,5392,1,1.02,0.00,5392
2026-05-09 14:49:39,1,1,1,977.9,0,-10.0,-170,963,1,1.02,0.00,5392,1,1.02,0.00,5392
2026-05-09 14:49:39,1,1,1,977.9,0,-10.0,-170,963,1,1.02,0.00,13789,1,1.02,0.00,13789
2026-05-09 14:49:39,1,1,1,977.5,0,-9.9,-168,963,1,1.02,0.00,13789,1,1.02,0.00,13789
2026-05-09 14:49:39,1,1,1,976.9,0,-9.7,-164,963,1,1.01,0.00,8249,1,1.01,0.00,8249
2026-05-09 14:49:39,1,1,1,976.9,0,-9.7,-164,963,1,1.01,0.00,8249,1,1.01,0.00,8249
2026-05-09 14:49:39,1,1,1,976.5,0,-9.2,-156,964,1,1.01,0.00,14500,1,1.01,0.00,14500
2026-05-09 14:49:39,1,1,1,976.5,0,-9.2,-156,964,1,1.01,0.00,14500,1,1.01,0.00,14500
2026-05-09 14:49:39,1,1,1,975.8,0,-8.5,-145,965,1,1.01,0.00,6466,1,1.01,0.00,6466
2026-05-09 14:49:39,1,1,1,975.8,0,-8.5,-145,965,1,1.01,0.00,6466,1,1.01,0.00,6466
2026-05-09 14:49:39,1,1,1,976.2,0,-7.9,-134,967,1,1.01,0.00,3508,1,1.01,0.00,3508
2026-05-09 14:49:39,1,1,1,976.2,0,-7.9,-134,967,1,1.01,0.00,3508,1,1.01,0.00,3508
2026-05-09 14:49:39,1,1,1,978.9,0,-6.3,-107,973,1,1.02,0.00,3240,1,1.02,0.00,3240
2026-05-09 14:49:39,1,1,1,980.7,0,-5.0,-85,977,1,1.02,0.00,3240,1,1.02,0.00,3240
2026-05-09 14:49:39,1,1,1,980.7,0,-5.0,-85,977,1,1.04,0.01,1721,1,1.04,0.01,1721
2026-05-09 14:49:39,1,1,1,981.1,0,-4.6,-78,978,1,1.04,0.01,1721,1,1.04,0.01,1721
2026-05-09 14:49:39,1,1,1,981.1,0,-4.6,-78,978,1,1.06,0.02,1489,1,1.06,0.02,1489
2026-05-09 14:49:40,1,1,1,981.8,0,-4.3,-74,979,1,1.06,0.02,1489,1,1.06,0.02,1489
2026-05-09 14:49:40,1,1,1,981.8,0,-4.3,-74,979,1,1.08,0.02,2020,1,1.08,0.02,2020
2026-05-09 14:49:40,1,1,1,982.5,0,-4.1,-70,980,0,0.00,0.00,0,1,1.08,0.02,2020
2026-05-09 14:49:40,1,1,1,983.1,0,-3.7,-64,981,0,0.00,0.00,0,1,1.08,0.02,4901
2026-05-09 14:49:40,1,1,1,983.1,0,-3.7,-64,981,0,0.00,0.00,0,1,1.08,0.02,4901
2026-05-09 14:49:40,1,1,1,983.5,0,-3.2,-55,982,1,1.08,0.01,6085,1,1.08,0.01,6085
2026-05-09 14:49:40,1,1,1,983.5,0,-3.2,-55,982,1,1.08,0.01,6085,1,1.08,0.01,6085
2026-05-09 14:49:40,1,1,1,984.0,0,-2.6,-45,983,1,1.08,0.01,6472,1,1.08,0.01,6472
2026-05-09 14:49:40,1,1,1,984.0,0,-2.6,-45,983,1,1.08,0.01,6472,1,1.08,0.01,6472
2026-05-09 14:49:40,1,1,1,984.6,0,-2.0,-34,984,1,1.08,0.00,3394,1,1.08,0.00,3394
2026-05-09 14:49:40,1,1,1,984.6,0,-2.0,-34,984,1,1.08,0.00,3394,1,1.08,0.00,3394
2026-05-09 14:49:40,1,1,1,985.0,0,0.1,1,985,1,1.08,0.00,1690,1,1.08,0.00,1690
2026-05-09 14:49:40,1,1,1,984.7,0,2.1,36,984,1,1.08,0.00,1690,1,1.08,0.00,1690
2026-05-09 14:49:40,1,1,1,984.7,0,2.1,36,984,1,1.07,0.00,788,1,1.07,0.00,788
2026-05-09 14:49:40,1,1,1,987.3,0,3.9,67,985,1,1.07,0.00,788,1,1.07,0.00,788
2026-05-09 14:49:40,1,1,1,987.3,0,3.9,67,985,1,1.07,0.00,788,1,1.07,0.00,788
2026-05-09 14:49:40,1,1,1,987.5,0,6.0,104,982,0,0.00,0.00,0,1,1.07,0.00,788
2026-05-09 14:49:40,1,1,1,987.5,0,6.0,104,982,0,0.00,0.00,0,1,1.07,0.00,788
2026-05-09 14:49:40,1,1,1,987.9,0,7.7,132,979,0,0.00,0.00,0,1,1.07,0.00,788
2026-05-09 14:49:40,1,1,1,987.9,0,7.7,132,979,0,0.00,0.00,0,1,1.07,0.00,788
2026-05-09 14:49:41,1,1,1,988.7,0,8.4,145,978,0,0.00,0.00,0,1,1.07,0.00,788
2026-05-09 14:49:41,1,1,1,989.5,0,8.0,137,980,0,0.00,0.00,0,1,1.01,0.00,1937
2026-05-09 14:49:41,1,1,1,989.5,0,8.0,137,980,0,0.00,0.00,0,1,1.01,0.00,1937
2026-05-09 14:49:41,1,1,1,989.7,0,7.6,131,981,0,0.00,0.00,0,1,1.00,0.00,1021
2026-05-09 14:49:41,1,1,1,989.7,0,7.6,131,981,0,0.00,0.00,0,1,1.00,0.00,1021
2026-05-09 14:49:41,1,1,1,991.3,0,7.4,128,983,0,0.00,0.00,0,1,1.00,0.00,4493
2026-05-09 14:49:41,1,1,1,991.3,0,7.4,128,983,0,0.00,0.00,0,1,1.00,0.00,4493
2026-05-09 14:49:41,1,1,1,992.7,0,7.6,131,984,1,1.00,0.00,11300,1,1.00,0.00,11300
2026-05-09 14:49:41,1,1,1,993.4,0,7.9,136,984,1,1.00,0.00,11300,1,1.00,0.00,11300
2026-05-09 14:49:41,1,1,1,993.4,0,7.9,136,984,1,1.00,0.00,13298,1,1.00,0.00,13298
2026-05-09 14:49:41,1,1,1,994.5,0,8.3,144,984,1,1.00,0.00,13298,1,1.00,0.00,13298
2026-05-09 14:49:41,1,1,1,994.5,0,8.3,144,984,1,1.00,0.00,11810,1,1.00,0.00,11810
2026-05-09 14:49:41,1,1,1,995.5,0,8.7,151,984,1,1.00,0.00,11810,1,1.00,0.00,11810
2026-05-09 14:49:41,1,1,1,995.5,0,8.7,151,984,1,1.00,0.00,25525,1,1.00,0.00,25525
2026-05-09 14:49:41,1,1,1,996.3,0,9.0,156,984,1,1.00,0.00,25525,1,1.00,0.00,25525
2026-05-09 14:49:41,1,1,1,996.3,0,9.0,156,984,1,1.00,0.00,17009,1,1.00,0.00,17009
2026-05-09 14:49:41,1,1,1,996.3,0,9.4,162,983,1,1.00,0.00,17009,1,1.00,0.00,17009
2026-05-09 14:49:41,1,1,1,997.1,0,9.6,167,983,1,1.00,0.00,16433,1,1.00,0.00,16433
2026-05-09 14:49:41,1,1,1,997.1,0,9.6,167,983,1,1.00,0.00,16433,1,1.00,0.00,16433
2026-05-09 14:49:41,1,1,1,997.3,0,9.7,168,983,1,1.00,0.00,7178,1,1.00,0.00,7178
2026-05-09 14:49:42,1,1,1,997.3,0,9.7,168,983,1,1.00,0.00,7178,1,1.00,0.00,7178
2026-05-09 14:49:42,1,1,1,997.3,0,9.7,168,983,1,1.00,0.00,2500,1,1.00,0.00,2500
2026-05-09 14:49:42,1,1,1,997.3,0,9.7,168,983,1,1.00,0.00,2500,1,1.00,0.00,2500
2026-05-09 14:49:42,1,1,1,997.7,0,9.5,165,984,1,1.00,0.00,2500,1,1.00,0.00,2500
2026-05-09 14:49:42,1,1,1,996.8,0,9.5,165,983,1,1.00,0.00,2500,1,1.00,0.00,2500
2026-05-09 14:49:42,1,1,1,996.8,0,9.5,165,983,1,1.00,0.00,661,1,1.00,0.00,661
2026-05-09 14:49:42,1,1,1,995.9,0,9.6,166,982,0,0.00,0.00,0,1,1.00,0.00,661
2026-05-09 14:49:42,1,1,1,995.9,0,9.6,166,982,0,0.00,0.00,0,1,1.00,0.00,865
2026-05-09 14:49:42,1,1,1,995.8,0,9.5,165,982,0,0.00,0.00,0,1,1.00,0.00,865
2026-05-09 14:49:42,1,1,1,995.8,0,9.5,165,982,0,0.00,0.00,0,1,1.00,0.00,4394
2026-05-09 14:49:42,1,1,1,996.6,0,9.5,164,983,0,0.00,0.00,0,1,1.00,0.00,4394
2026-05-09 14:49:42,1,1,1,996.6,0,9.5,164,983,1,1.00,0.00,4392,1,1.00,0.00,4392
2026-05-09 14:49:42,1,1,1,997.4,0,9.4,163,984,1,1.00,0.00,4392,1,1.00,0.00,4392
2026-05-09 14:49:42,1,1,1,998.4,0,9.4,163,985,1,1.00,0.00,1445,1,1.00,0.00,1445
2026-05-09 14:49:42,1,1,1,998.4,0,9.4,163,985,1,1.00,0.00,1445,1,1.00,0.00,1445
2026-05-09 14:49:42,1,1,1,998.4,0,9.4,163,985,1,1.00,0.00,685,1,1.00,0.00,685
2026-05-09 14:49:42,1,1,1,998.4,0,9.4,163,985,1,1.00,0.00,685,1,1.00,0.00,685
2026-05-09 14:49:42,1,1,1,998.7,0,9.5,165,985,1,1.00,0.00,3133,1,1.00,0.00,3133
2026-05-09 14:49:42,1,1,1,998.7,0,9.5,165,985,1,1.00,0.00,3133,1,1.00,0.00,3133
2026-05-09 14:49:42,1,1,1,998.6,0,9.5,164,985,1,1.00,0.00,1433,1,1.00,0.00,1433
2026-05-09 14:49:43,1,1,1,999.1,0,9.3,161,986,1,1.00,0.00,1433,1,1.00,0.00,1433
2026-05-09 14:49:43,1,1,1,999.1,0,9.3,161,986,1,1.00,0.00,1465,1,1.00,0.00,1465
2026-05-09 14:49:43,1,1,1,999.3,0,9.0,156,987,1,1.00,0.00,1465,1,1.00,0.00,1465
2026-05-09 14:49:43,1,1,1,999.3,0,9.0,156,987,1,1.01,0.00,3725,1,1.01,0.00,3725
2026-05-09 14:49:43,1,1,1,999.8,0,8.8,153,988,1,1.01,0.00,3725,1,1.01,0.00,3725
2026-05-09 14:49:43,1,1,1,999.8,0,8.8,153,988,1,1.01,0.00,1156,1,1.01,0.00,1156
2026-05-09 14:49:43,1,1,1,1000.0,0,8.5,148,989,1,1.01,0.00,1156,1,1.01,0.00,1156
2026-05-09 14:49:43,1,1,1,1000.0,0,8.5,148,989,1,1.01,0.00,3445,1,1.01,0.00,3445
2026-05-09 14:49:43,1,1,1,1000.1,0,8.2,142,990,1,1.01,0.00,3445,1,1.01,0.00,3445
2026-05-09 14:49:43,1,1,1,998.9,0,7.7,133,990,1,1.01,0.00,1538,1,1.01,0.00,1538
2026-05-09 14:49:43,1,1,1,998.9,0,7.7,133,990,1,1.01,0.00,1538,1,1.01,0.00,1538
2026-05-09 14:49:43,1,1,1,998.2,0,7.4,128,990,1,1.01,0.00,4925,1,1.01,0.00,4925
2026-05-09 14:49:43,1,1,1,998.2,0,7.4,128,990,1,1.01,0.00,4925,1,1.01,0.00,4925
2026-05-09 14:49:43,1,1,1,1000.0,0,7.2,126,992,1,1.01,0.00,6025,1,1.01,0.00,6025
2026-05-09 14:49:43,1,1,1,1000.0,0,7.2,126,992,1,1.01,0.00,6025,1,1.01,0.00,6025
2026-05-09 14:49:43,1,1,1,1000.7,0,7.1,124,993,1,1.01,0.00,890,1,1.01,0.00,890
2026-05-09 14:49:43,1,1,1,1002.8,0,7.2,125,995,1,1.01,0.00,890,1,1.01,0.00,890
2026-05-09 14:49:43,1,1,1,1002.8,0,7.2,125,995,1,1.01,0.00,13021,1,1.01,0.00,13021
2026-05-09 14:49:43,1,1,1,1004.2,0,7.3,128,996,1,1.01,0.00,13021,1,1.01,0.00,13021
2026-05-09 14:49:43,1,1,1,1004.2,0,7.3,128,996,1,1.01,0.00,19633,1,1.01,0.00,19633
2026-05-09 14:49:44,1,1,1,1005.6,0,7.5,131,997,1,1.01,0.00,19633,1,1.01,0.00,19633
2026-05-09 14:49:44,1,1,1,1005.6,0,7.5,131,997,1,1.01,0.00,31364,1,1.01,0.00,31364
2026-05-09 14:49:44,1,1,1,1007.1,0,7.7,135,998,1,1.01,0.00,31364,1,1.01,0.00,31364
2026-05-09 14:49:44,1,1,1,1007.1,0,7.7,135,998,1,1.01,0.00,21017,1,1.01,0.00,21017
2026-05-09 14:49:44,1,1,1,1007.1,0,8.1,142,997,1,1.01,0.00,21017,1,1.01,0.00,21017
2026-05-09 14:49:44,1,1,1,1007.1,0,8.5,149,996,1,1.01,0.00,1189,1,1.01,0.00,1189
2026-05-09 14:49:44,1,1,1,1007.1,0,8.5,149,996,1,1.01,0.00,1189,1,1.01,0.00,1189
2026-05-09 14:49:44,1,1,1,1006.5,0,8.3,145,996,1,1.01,0.00,884,1,1.01,0.00,884
2026-05-09 14:49:44,1,1,1,1006.5,0,8.3,145,996,1,1.01,0.00,884,1,1.01,0.00,884
2026-05-09 14:49:44,1,1,1,1005.5,0,7.9,138,996,1,1.01,0.00,884,1,1.01,0.00,884
2026-05-09 14:49:44,1,1,1,1005.5,0,7.9,138,996,0,0.00,0.00,0,1,1.01,0.00,884
2026-05-09 14:49:54,1,1,1,1107.0,0,29.0,537,968,0,0.00,0.00,0,0,0.00,0.00,0
2026-05-09 14:49:54,1,1,1,1107.6,0,29.2,540,967,0,0.00,0.00,0,0,0.00,0.00,0
2026-05-09 14:49:54,1,1,1,1107.6,0,29.2,540,967,0,0.00,0.00,0,0,0.00,0.00,0
2026-05-09 14:49:54,1,1,1,1108.4,0,29.2,540,968,0,0.00,0.00,0,0,0.00,0.00,0
2026-05-09 14:49:54,1,1,1,1109.2,0,29.0,538,970,0,0.00,0.00,0,1,1.25,0.00,493
2026-05-09 14:49:54,1,1,1,1109.2,0,29.0,538,970,0,0.00,0.00,0,1,1.25,0.00,493
2026-05-09 14:49:54,1,1,1,1108.5,0,28.6,531,973,0,0.00,0.00,0,1,1.25,0.00,850
2026-05-09 14:49:54,1,1,1,1108.5,0,28.6,531,973,0,0.00,0.00,0,1,1.25,0.00,850
2026-05-09 14:49:54,1,1,1,1107.3,0,28.2,523,976,0,0.00,0.00,0,1,1.25,0.00,685
2026-05-09 14:49:55,1,1,1,1107.3,0,28.2,523,976,0,0.00,0.00,0,1,1.25,0.00,685
2026-05-09 14:49:55,1,1,1,1107.2,0,28.0,519,978,0,0.00,0.00,0,1,1.25,0.00,1865
2026-05-09 14:49:55,1,1,1,1107.2,0,28.0,519,978,0,0.00,0.00,0,1,1.25,0.00,1865
2026-05-09 14:49:55,1,1,1,1108.9,0,27.9,519,980,0,0.00,0.00,0,1,1.25,0.00,5378
2026-05-09 14:49:55,1,1,1,1109.4,0,27.8,518,981,0,0.00,0.00,0,1,1.25,0.00,5378
2026-05-09 14:49:55,1,1,1,1109.4,0,27.8,518,981,1,1.25,0.00,14738,1,1.25,0.00,14738
2026-05-09 14:49:55,1,1,1,1109.8,0,27.8,517,982,1,1.25,0.00,14738,1,1.25,0.00,14738
2026-05-09 14:49:55,1,1,1,1109.8,0,27.8,517,982,1,1.25,0.00,18181,1,1.25,0.00,18181
2026-05-09 14:49:55,1,1,1,1110.6,0,27.6,515,984,1,1.25,0.00,18181,1,1.25,0.00,18181
2026-05-09 14:49:55,1,1,1,1110.6,0,27.6,515,984,1,1.25,0.00,23461,1,1.25,0.00,23461
2026-05-09 14:49:55,1,1,1,1111.5,0,27.5,513,986,1,1.25,0.00,23461,1,1.25,0.00,23461
2026-05-09 14:49:55,1,1,1,1111.4,0,27.4,511,987,1,1.25,0.00,14909,1,1.25,0.00,14909
2026-05-09 14:49:55,1,1,1,1111.4,0,27.4,511,987,1,1.25,0.00,14909,1,1.25,0.00,14909
2026-05-09 14:49:55,1,1,1,1112.3,0,27.2,509,989,1,1.25,0.00,3725,1,1.25,0.00,3725
2026-05-09 14:49:55,1,1,1,1112.3,0,27.2,509,989,1,1.25,0.00,3725,1,1.25,0.00,3725
2026-05-09 14:49:55,1,1,1,1112.3,0,27.1,507,990,1,1.25,0.00,2152,1,1.25,0.00,2152
2026-05-09 14:49:55,1,1,1,1112.3,0,27.1,507,990,1,1.25,0.00,2152,1,1.25,0.00,2152
2026-05-09 14:49:55,1,1,1,1112.3,0,27.0,505,991,1,1.25,0.00,2833,1,1.25,0.00,2833
2026-05-09 14:49:55,1,1,1,1112.3,0,27.0,505,991,1,1.25,0.00,2833,1,1.25,0.00,2833
2026-05-09 14:49:55,1,1,1,1112.2,0,26.9,503,992,1,1.25,0.00,2285,1,1.25,0.00,2285
2026-05-09 14:49:56,1,1,1,1113.1,0,26.7,501,994,0,0.00,0.00,0,1,1.25,0.00,2285
2026-05-09 14:49:56,1,1,1,1113.1,0,26.7,501,994,0,0.00,0.00,0,1,1.25,0.00,1493
2026-05-09 14:49:56,1,1,1,1112.7,0,26.7,500,994,0,0.00,0.00,0,1,1.25,0.00,1493
2026-05-09 14:49:56,1,1,1,1112.7,0,26.7,500,994,0,0.00,0.00,0,1,1.25,0.00,725
2026-05-09 14:49:56,1,1,1,1111.8,0,26.7,500,993,0,0.00,0.00,0,1,1.25,0.00,725
2026-05-09 14:49:56,1,1,1,1111.8,0,26.7,500,993,0,0.00,0.00,0,1,1.25,0.00,706
2026-05-09 14:49:56,1,1,1,1111.3,0,26.9,503,991,0,0.00,0.00,0,1,1.25,0.00,706
2026-05-09 14:49:56,1,1,1,1110.5,0,27.0,505,989,0,0.00,0.00,0,1,1.25,0.00,221
2026-05-09 14:49:56,1,1,1,1110.5,0,27.0,505,989,0,0.00,0.00,0,1,1.25,0.00,221
2026-05-09 14:49:56,1,1,1,1109.6,0,27.1,505,988,0,0.00,0.00,0,1,1.25,0.00,221
2026-05-09 14:49:56,1,1,1,1109.6,0,27.1,505,988,0,0.00,0.00,0,1,1.25,0.00,221
2026-05-09 14:49:56,1,1,1,1110.0,0,27.0,504,989,0,0.00,0.00,0,1,1.25,0.00,221
2026-05-09 14:49:56,1,1,1,1110.0,0,27.0,504,989,0,0.00,0.00,0,1,1.25,0.00,221
2026-05-09 14:49:56,1,1,1,1109.1,0,26.9,502,989,0,0.00,0.00,0,1,1.25,0.00,221
2026-05-09 14:49:56,1,1,1,1109.1,0,26.9,502,989,0,0.00,0.00,0,1,1.25,0.00,221
2026-05-09 14:49:56,1,1,1,1109.1,0,26.8,500,990,0,0.00,0.00,0,1,1.11,0.00,1709
2026-05-09 14:49:56,1,1,1,1109.5,0,26.7,499,991,0,0.00,0.00,0,1,1.11,0.00,1709
2026-05-09 14:49:56,1,1,1,1109.5,0,26.7,499,991,0,0.00,0.00,0,1,1.18,0.00,629
2026-05-09 14:49:56,1,1,1,1109.5,0,26.6,497,992,0,0.00,0.00,0,1,1.18,0.00,629
2026-05-09 14:49:56,1,1,1,1109.5,0,26.6,497,992,0,0.00,0.00,0,1,1.18,0.00,629
2026-05-09 14:49:57,1,1,1,1110.9,0,26.5,496,994,0,0.00,0.00,0,1,1.18,0.00,629
2026-05-09 14:49:57,1,1,1,1110.9,0,26.5,496,994,0,0.00,0.00,0,1,1.13,0.00,394
2026-05-09 14:49:57,1,1,1,1112.7,0,26.5,496,996,0,0.00,0.00,0,1,1.13,0.00,394
2026-05-09 14:49:57,1,1,1,1114.5,0,26.4,496,998,0,0.00,0.00,0,1,1.11,0.00,793
2026-05-09 14:49:57,1,1,1,1114.5,0,26.4,496,998,0,0.00,0.00,0,1,1.11,0.00,793
2026-05-09 14:49:57,1,1,1,1115.4,0,26.4,496,999,0,0.00,0.00,0,1,1.11,0.00,793
2026-05-09 14:49:57,1,1,1,1115.4,0,26.4,496,999,0,0.00,0.00,0,1,1.11,0.00,793
2026-05-09 14:49:57,1,1,1,1117.1,0,26.4,496,1001,0,0.00,0.00,0,1,1.09,0.00,1097
2026-05-09 14:49:57,1,1,1,1117.1,0,26.4,496,1001,0,0.00,0.00,0,1,1.09,0.00,1097
2026-05-09 14:49:57,1,1,1,1118.0,0,26.3,496,1002,0,0.00,0.00,0,1,1.10,0.00,6626
2026-05-09 14:49:57,1,1,1,1118.0,0,26.3,496,1002,0,0.00,0.00,0,1,1.10,0.00,6626
2026-05-09 14:49:57,1,1,1,1118.1,0,26.2,494,1003,1,1.12,0.00,26506,1,1.12,0.00,26506
2026-05-09 14:49:57,1,1,1,1118.5,0,26.0,491,1005,1,1.12,0.00,26506,1,1.12,0.00,26506
2026-05-09 14:49:57,1,1,1,1118.5,0,26.0,491,1005,1,1.14,0.00,32561,1,1.14,0.00,32561
2026-05-09 14:49:57,1,1,1,1118.6,0,25.9,489,1006,1,1.14,0.00,32561,1,1.14,0.00,32561
2026-05-09 14:49:57,1,1,1,1118.6,0,25.9,489,1006,1,1.15,0.01,42778,1,1.15,0.01,42778
2026-05-09 14:49:57,1,1,1,1118.1,0,25.8,486,1007,1,1.15,0.01,42778,1,1.15,0.01,42778
2026-05-09 14:49:57,1,1,1,1118.1,0,25.8,486,1007,1,1.16,0.01,50605,1,1.16,0.01,50605
2026-05-09 14:49:57,1,1,1,1118.2,0,25.6,484,1008,1,1.16,0.01,50605,1,1.16,0.01,50605
2026-05-09 14:49:57,1,1,1,1118.2,0,25.6,484,1008,1,1.17,0.01,41625,1,1.17,0.01,41625
2026-05-09 14:49:58,1,1,1,1117.7,0,25.6,483,1008,1,1.17,0.01,41625,1,1.17,0.01,41625
2026-05-09 14:49:58,1,1,1,1117.8,0,25.5,481,1009,1,1.18,0.01,13261,1,1.18,0.01,13261
2026-05-09 14:49:58,1,1,1,1117.8,0,25.5,481,1009,1,1.18,0.01,13261,1,1.18,0.01,13261
2026-05-09 14:49:58,1,1,1,1118.3,0,25.4,480,1010,1,1.19,0.01,712,1,1.19,0.01,712
2026-05-09 14:49:58,1,1,1,1118.3,0,25.4,480,1010,1,1.19,0.01,712,1,1.19,0.01,712
2026-05-09 14:49:58,1,1,1,1118.7,0,25.4,479,1011,1,1.20,0.01,1157,1,1.20,0.01,1157
2026-05-09 14:49:58,1,1,1,1118.7,0,25.4,479,1011,1,1.20,0.01,1157,1,1.20,0.01,1157
2026-05-09 14:49:58,1,1,1,1117.5,0,25.2,476,1011,1,1.20,0.01,8545,1,1.20,0.01,8545
2026-05-09 14:49:58,1,1,1,1117.1,0,25.1,473,1012,1,1.20,0.01,8545,1,1.20,0.01,8545
2026-05-09 14:49:58,1,1,1,1117.1,0,25.1,473,1012,1,1.21,0.01,12461,1,1.21,0.01,12461
2026-05-09 14:49:58,1,1,1,1115.8,0,24.9,470,1012,1,1.21,0.01,12461,1,1.21,0.01,12461
2026-05-09 14:49:58,1,1,1,1115.8,0,24.9,470,1012,1,1.21,0.01,2146,1,1.21,0.01,2146
2026-05-09 14:49:58,1,1,1,1116.3,0,24.8,469,1013,1,1.21,0.01,2146,1,1.21,0.01,2146
2026-05-09 14:49:58,1,1,1,1116.3,0,24.8,469,1013,1,1.21,0.01,3298,1,1.21,0.01,3298
2026-05-09 14:49:58,1,1,1,1116.4,-8,24.7,467,1014,1,1.21,0.01,3298,1,1.21,0.01,3298
2026-05-09 14:49:58,1,1,1,1116.4,-8,24.7,467,1014,1,1.22,0.01,8989,1,1.22,0.01,8989
2026-05-09 14:49:58,1,1,1,1116.9,0,24.5,464,1016,1,1.22,0.01,8989,1,1.22,0.01,8989
2026-05-09 14:49:58,1,1,1,1117.9,0,24.4,462,1018,1,1.22,0.01,5210,1,1.22,0.01,5210
2026-05-09 14:49:58,1,1,1,1117.9,0,24.4,462,1018,1,1.22,0.01,5210,1,1.22,0.01,5210
2026-05-09 14:49:58,1,1,1,1118.4,0,24.3,461,1019,1,1.21,0.00,1385,1,1.21,0.00,1385
2026-05-09 14:49:59,1,1,1,1118.4,0,24.3,461,1019,1,1.21,0.00,1385,1,1.21,0.00,1385
2026-05-09 14:49:59,1,1,1,1118.8,0,24.4,462,1019,1,1.20,0.00,1802,1,1.20,0.00,1802
2026-05-09 14:49:59,1,1,1,1118.8,0,24.4,462,1019,1,1.20,0.00,1802,1,1.20,0.00,1802
2026-05-09 14:49:59,1,1,1,1119.3,0,24.4,463,1019,1,1.20,0.00,2312,1,1.20,0.00,2312
2026-05-09 14:49:59,1,1,1,1120.2,0,24.4,463,1020,0,0.00,0.00,0,1,1.20,0.00,2312
2026-05-09 14:49:59,1,1,1,1120.2,0,24.4,463,1020,0,0.00,0.00,0,1,1.21,0.00,6032
2026-05-09 14:49:59,1,1,1,1119.8,0,24.3,460,1021,0,0.00,0.00,0,1,1.21,0.00,6032
2026-05-09 14:49:59,1,1,1,1119.8,0,24.3,460,1021,0,0.00,0.00,0,1,1.21,0.00,1865
2026-05-09 14:49:59,1,1,1,1118.3,0,24.0,454,1022,0,0.00,0.00,0,1,1.21,0.00,1865
2026-05-09 14:49:59,1,1,1,1118.3,0,24.0,454,1022,0,0.00,0.00,0,1,1.21,0.00,1125
2026-05-09 14:49:59,1,1,1,1117.2,0,23.7,449,1023,0,0.00,0.00,0,1,1.21,0.00,1125
2026-05-09 14:49:59,1,1,1,1117.2,0,23.7,449,1023,0,0.00,0.00,0,1,1.22,0.01,2848
2026-05-09 14:49:59,1,1,1,1116.3,0,23.7,449,1022,0,0.00,0.00,0,1,1.22,0.01,2848
2026-05-09 14:49:59,1,1,1,1118.4,0,23.8,452,1023,0,0.00,0.00,0,1,1.22,0.01,12961
2026-05-09 14:49:59,1,1,1,1118.4,0,23.8,452,1023,0,0.00,0.00,0,1,1.22,0.01,12961
2026-05-09 14:49:59,1,1,1,1119.7,0,23.9,453,1024,1,1.22,0.01,22685,1,1.22,0.01,22685
2026-05-09 14:49:59,1,1,1,1119.7,0,23.9,453,1024,1,1.22,0.01,22685,1,1.22,0.01,22685
2026-05-09 14:49:59,1,1,1,1121.2,0,23.8,452,1026,1,1.23,0.01,23888,1,1.23,0.01,23888
2026-05-09 14:49:59,1,1,1,1121.2,0,23.8,452,1026,1,1.23,0.01,23888,1,1.23,0.01,23888
2026-05-09 14:49:59,1,1,1,1120.9,0,23.6,449,1027,1,1.23,0.01,6849,1,1.23,0.01,6849
2026-05-09 14:50:00,1,1,1,1121.0,0,23.5,447,1028,1,1.23,0.01,6849,1,1.23,0.01,6849
2026-05-09 14:50:00,1,1,1,1121.0,0,23.5,447,1028,1,1.21,0.00,970,1,1.21,0.00,970
2026-05-09 14:50:00,1,1,1,1121.0,0,23.5,447,1028,1,1.21,0.00,970,1,1.21,0.00,970
2026-05-09 14:50:00,1,1,1,1121.0,0,23.5,447,1028,1,1.22,0.00,2621,1,1.22,0.00,2621
2026-05-09 14:50:00,1,1,1,1119.5,0,23.6,448,1026,1,1.22,0.00,2621,1,1.22,0.00,2621
2026-05-09 14:50:00,1,1,1,1119.5,0,23.6,448,1026,1,1.22,0.00,4500,1,1.22,0.00,4500
2026-05-09 14:50:00,1,1,1,1119.4,0,23.7,450,1025,1,1.22,0.00,4500,1,1.22,0.00,4500
2026-05-09 14:50:00,1,1,1,1119.4,0,23.7,450,1025,1,1.22,0.00,6885,1,1.22,0.00,6885
2026-05-09 14:50:00,1,1,1,1119.3,0,23.8,452,1024,1,1.22,0.00,6885,1,1.22,0.00,6885
2026-05-09 14:50:00,1,1,1,1119.2,0,23.9,454,1023,1,1.22,0.00,3754,1,1.22,0.00,3754
2026-05-09 14:50:00,1,1,1,1119.2,0,23.9,454,1023,1,1.22,0.00,3754,1,1.22,0.00,3754
2026-05-09 14:50:00,1,1,1,1119.1,0,24.0,456,1022,1,1.23,0.00,6514,1,1.23,0.00,6514
2026-05-09 14:50:00,1,1,1,1119.1,0,24.0,456,1022,1,1.23,0.00,6514,1,1.23,0.00,6514
2026-05-09 14:50:00,1,1,1,1118.6,0,24.1,457,1021,1,1.23,0.00,1448,1,1.23,0.00,1448
2026-05-09 14:50:00,1,1,1,1118.6,0,24.1,457,1021,1,1.23,0.00,1448,1,1.23,0.00,1448
2026-05-09 14:50:00,1,1,1,1118.5,0,24.2,459,1020,1,1.23,0.00,1448,1,1.23,0.00,1448
2026-05-09 14:50:00,1,1,1,1119.3,0,24.3,461,1020,1,1.23,0.00,1448,1,1.23,0.00,1448
2026-05-09 14:50:00,1,1,1,1119.3,0,24.3,461,1020,1,1.23,0.00,1448,1,1.23,0.00,1448
2026-05-09 14:50:00,1,1,1,1119.3,0,24.4,463,1019,0,0.00,0.00,0,1,1.23,0.00,1448
2026-05-09 14:50:00,1,1,1,1119.3,0,24.4,463,1019,0,0.00,0.00,0,1,1.23,0.00,1448
2026-05-09 14:50:01,1,1,1,1119.8,0,24.4,462,1020,0,0.00,0.00,0,1,1.23,0.00,1448
2026-05-09 14:50:01,1,1,1,1119.8,0,24.4,462,1020,0,0.00,0.00,0,1,1.25,0.00,1556
2026-05-09 14:50:01,1,1,1,1119.3,0,24.3,461,1020,0,0.00,0.00,0,1,1.25,0.00,1556
2026-05-09 14:50:01,1,1,1,1119.3,0,24.3,461,1020,0,0.00,0.00,0,1,1.25,0.00,640
2026-05-09 14:50:01,1,1,1,1119.3,0,24.4,463,1019,0,0.00,0.00,0,1,1.25,0.00,640
2026-05-09 14:50:01,1,1,1,1119.2,0,24.5,465,1018,0,0.00,0.00,0,1,1.25,0.00,4177
2026-05-09 14:50:01,1,1,1,1119.2,0,24.5,465,1018,0,0.00,0.00,0,1,1.25,0.00,4177
2026-05-09 14:50:01,1,1,1,1118.7,0,24.6,466,1017,1,1.25,0.00,16493,1,1.25,0.00,16493
2026-05-09 14:50:01,1,1,1,1118.7,0,24.6,466,1017,1,1.25,0.00,16493,1,1.25,0.00,16493
2026-05-09 14:50:01,1,1,1,1119.1,0,24.7,467,1017,1,1.25,0.00,10498,1,1.25,0.00,10498
2026-05-09 14:50:01,1,1,1,1119.1,0,24.7,467,1017,1,1.25,0.00,10498,1,1.25,0.00,10498
2026-05-09 14:50:01,1,1,1,1119.1,0,24.7,467,1017,1,1.25,0.00,9197,1,1.25,0.00,9197
2026-05-09 14:50:01,1,1,1,1118.6,0,24.7,468,1016,1,1.25,0.00,9197,1,1.25,0.00,9197
2026-05-09 14:50:01,1,1,1,1118.6,0,24.7,468,1016,1,1.25,0.00,13858,1,1.25,0.00,13858
2026-05-09 14:50:01,1,1,1,1118.6,0,24.7,468,1016,1,1.25,0.00,13858,1,1.25,0.00,13858
2026-05-09 14:50:01,1,1,1,1118.6,0,24.7,468,1016,1,1.25,0.00,13297,1,1.25,0.00,13297
2026-05-09 14:50:01,1,1,1,1119.5,0,24.7,468,1017,1,1.25,0.00,13297,1,1.25,0.00,13297
2026-05-09 14:50:01,1,1,1,1119.5,0,24.7,468,1017,1,1.25,0.00,18976,1,1.25,0.00,18976
2026-05-09 14:50:01,1,1,1,1120.1,0,24.5,465,1019,1,1.25,0.00,18976,1,1.25,0.00,18976
2026-05-09 14:50:01,1,1,1,1120.1,0,24.5,465,1019,1,1.25,0.00,14657,1,1.25,0.00,14657
2026-05-09 14:50:02,1,1,1,1120.3,0,24.3,461,1021,1,1.25,0.00,14657,1,1.25,0.00,14657
2026-05-09 14:50:02,1,1,1,1120.0,0,24.0,456,1023,1,1.25,0.00,14985,1,1.25,0.00,14985
2026-05-09 14:50:02,1,1,1,1120.0,0,24.0,456,1023,1,1.25,0.00,14985,1,1.25,0.00,14985
2026-05-09 14:50:02,1,1,1,1120.2,0,23.8,452,1025,1,1.25,0.00,6053,1,1.25,0.00,6053
2026-05-09 14:50:02,1,1,1,1120.2,0,23.8,452,1025,1,1.25,0.00,6053,1,1.25,0.00,6053
2026-05-09 14:50:02,1,1,1,1120.5,0,23.6,448,1027,1,1.25,0.00,5785,1,1.25,0.00,5785
2026-05-09 14:50:02,1,1,1,1120.5,0,23.6,448,1027,1,1.25,0.00,5785,1,1.25,0.00,5785
2026-05-09 14:50:02,1,1,1,1121.1,0,23.4,445,1029,1,1.25,0.00,13189,1,1.25,0.00,13189
2026-05-09 14:50:02,1,1,1,1121.1,0,23.4,445,1029,1,1.25,0.00,13189,1,1.25,0.00,13189
2026-05-09 14:50:02,1,1,1,1121.8,0,23.2,442,1031,1,1.25,0.00,10413,1,1.25,0.00,10413
2026-05-09 14:50:02,1,1,1,1123.3,0,23.0,439,1034,1,1.25,0.00,10413,1,1.25,0.00,10413
2026-05-09 14:50:02,1,1,1,1123.3,0,23.0,439,1034,1,1.25,0.00,2120,1,1.25,0.00,2120
2026-05-09 14:50:02,1,1,1,1124.4,0,22.9,437,1036,1,1.25,0.00,2120,1,1.25,0.00,2120
2026-05-09 14:50:02,1,1,1,1124.4,0,22.9,437,1036,1,1.25,0.00,2120,1,1.25,0.00,2120
2026-05-09 14:50:02,1,1,1,1124.9,0,22.8,436,1037,1,1.25,0.00,2120,1,1.25,0.00,2120
2026-05-09 14:50:02,1,1,1,1124.9,0,22.8,436,1037,1,1.25,0.00,949,1,1.25,0.00,949
2026-05-09 14:50:02,1,1,1,1123.9,0,22.9,438,1035,0,0.00,0.00,0,1,1.25,0.00,949
2026-05-09 14:50:02,1,1,1,1122.3,0,23.1,441,1032,0,0.00,0.00,0,1,1.25,0.00,1341
2026-05-09 14:50:02,1,1,1,1122.3,0,23.1,441,1032,0,0.00,0.00,0,1,1.25,0.00,1341
2026-05-09 14:50:02,1,1,1,1119.8,0,23.4,444,1028,0,0.00,0.00,0,1,1.25,0.00,1346
2026-05-09 14:50:03,1,1,1,1119.8,0,23.4,444,1028,0,0.00,0.00,0,1,1.25,0.00,1346
2026-05-09 14:50:03,1,1,1,1118.2,0,23.6,447,1025,0,0.00,0.00,0,1,1.25,0.00,1346
2026-05-09 14:50:03,1,1,1,1118.2,0,23.6,447,1025,0,0.00,0.00,0,1,1.25,0.00,1346
2026-05-09 14:50:03,1,1,1,1116.7,0,23.8,450,1022,0,0.00,0.00,0,1,1.25,0.00,1346
2026-05-09 14:50:03,1,1,1,1116.7,0,23.8,450,1022,0,0.00,0.00,0,1,1.25,0.00,1346
2026-05-09 14:50:03,1,1,1,1115.7,0,23.9,452,1020,0,0.00,0.00,0,1,1.25,0.00,1346
2026-05-09 14:50:03,1,1,1,1114.3,0,23.9,451,1019,0,0.00,0.00,0,1,1.25,0.00,1346
2026-05-09 14:50:03,1,1,1,1114.3,0,23.9,451,1019,0,0.00,0.00,0,1,1.25,0.00,1346
2026-05-09 14:50:03,1,1,1,1113.1,0,23.7,448,1019,0,0.00,0.00,0,1,1.25,0.00,1346
2026-05-09 14:50:03,1,1,1,1113.1,0,23.7,448,1019,0,0.00,0.00,0,1,1.25,0.00,4437
2026-05-09 14:50:03,1,1,1,1112.8,0,23.6,445,1020,0,0.00,0.00,0,1,1.25,0.00,4437
2026-05-09 14:50:03,1,1,1,1112.8,0,23.6,445,1020,1,1.25,0.00,6442,1,1.25,0.00,6442
2026-05-09 14:50:03,1,1,1,1112.6,0,23.4,442,1021,1,1.25,0.00,6442,1,1.25,0.00,6442
2026-05-09 14:50:03,1,1,1,1112.2,0,23.4,441,1021,1,1.25,0.00,3809,1,1.25,0.00,3809
2026-05-09 14:50:03,1,1,1,1112.2,0,23.4,441,1021,1,1.25,0.00,3809,1,1.25,0.00,3809
2026-05-09 14:50:03,1,1,1,1112.6,0,23.4,442,1021,1,1.25,0.00,4141,1,1.25,0.00,4141
2026-05-09 14:50:03,1,1,1,1112.6,0,23.4,442,1021,1,1.25,0.00,4141,1,1.25,0.00,4141
2026-05-09 14:50:03,1,1,1,1112.0,0,23.5,443,1020,1,1.25,0.00,9032,1,1.25,0.00,9032
2026-05-09 14:50:03,1,1,1,1112.0,0,23.5,443,1020,1,1.25,0.00,9032,1,1.25,0.00,9032
2026-05-09 14:50:03,1,1,1,1112.8,0,23.6,445,1020,1,1.25,0.00,9378,1,1.25,0.00,9378
2026-05-09 14:50:04,1,1,1,1112.8,0,23.6,445,1020,1,1.25,0.00,9378,1,1.25,0.00,9378
2026-05-09 14:50:04,1,1,1,1113.6,0,23.7,447,1020,1,1.25,0.00,5002,1,1.25,0.00,5002
2026-05-09 14:50:04,1,1,1,1113.5,0,23.8,449,1019,1,1.25,0.00,5002,1,1.25,0.00,5002
2026-05-09 14:50:04,1,1,1,1113.5,0,23.8,449,1019,1,1.25,0.00,6905,1,1.25,0.00,6905
2026-05-09 14:50:04,1,1,1,1114.3,0,23.9,451,1019,1,1.25,0.00,6905,1,1.25,0.00,6905
2026-05-09 14:50:04,1,1,1,1114.3,0,23.9,451,1019,1,1.25,0.00,15165,1,1.25,0.00,15165
2026-05-09 14:50:04,1,1,1,1114.7,0,23.9,452,1019,1,1.25,0.00,15165,1,1.25,0.00,15165
2026-05-09 14:50:04,1,1,1,1114.7,0,23.9,452,1019,1,1.25,0.00,22658,1,1.25,0.00,22658
2026-05-09 14:50:04,1,1,1,1116.1,0,23.9,453,1020,1,1.25,0.00,22658,1,1.25,0.00,22658
2026-05-09 14:50:04,1,1,1,1115.7,0,23.9,452,1020,1,1.25,0.00,16552,1,1.25,0.00,16552
2026-05-09 14:50:04,1,1,1,1115.7,0,23.9,452,1020,1,1.25,0.00,16552,1,1.25,0.00,16552
2026-05-09 14:50:04,1,1,1,1115.3,0,23.9,451,1020,1,1.25,0.00,20338,1,1.25,0.00,20338
2026-05-09 14:50:04,1,1,1,1115.3,0,23.9,451,1020,1,1.25,0.00,20338,1,1.25,0.00,20338
2026-05-09 14:50:04,1,1,1,1115.4,0,23.7,449,1021,1,1.25,0.00,17029,1,1.25,0.00,17029
2026-05-09 14:50:04,1,1,1,1115.4,0,23.7,449,1021,1,1.25,0.00,17029,1,1.25,0.00,17029
2026-05-09 14:50:04,1,1,1,1115.9,0,23.7,448,1022,1,1.25,0.00,1989,1,1.25,0.00,1989
2026-05-09 14:50:04,1,1,1,1115.9,0,23.7,448,1022,1,1.25,0.00,1989,1,1.25,0.00,1989
2026-05-09 14:50:04,1,1,1,1116.8,0,23.6,448,1023,1,1.25,0.00,3169,1,1.25,0.00,3169
2026-05-09 14:50:04,1,1,1,1119.4,0,23.7,450,1025,1,1.25,0.00,3169,1,1.25,0.00,3169
2026-05-09 14:50:04,1,1,1,1119.4,0,23.7,450,1025,1,1.25,0.00,1825,1,1.25,0.00,1825
2026-05-09 14:50:05,1,1,1,1119.3,0,23.8,452,1024,1,1.25,0.00,1825,1,1.25,0.00,1825
2026-05-09 14:50:05,1,1,1,1119.3,0,23.8,452,1024,1,1.25,0.00,1825,1,1.25,0.00,1825
2026-05-09 14:50:05,1,1,1,1118.7,0,24.0,455,1022,1,1.25,0.00,1825,1,1.25,0.00,1825
2026-05-09 14:50:05,1,1,1,1118.7,0,24.0,455,1022,1,1.25,0.00,8477,1,1.25,0.00,8477
2026-05-09 14:50:05,1,1,1,1116.6,0,24.4,461,1017,1,1.25,0.00,8477,1,1.25,0.00,8477
2026-05-09 14:50:05,1,1,1,1113.7,0,24.7,465,1012,1,1.25,0.00,34625,1,1.25,0.00,34625
2026-05-09 14:50:05,1,1,1,1113.7,0,24.7,465,1012,1,1.25,0.00,34625,1,1.25,0.00,34625
2026-05-09 14:50:05,1,1,1,1113.0,0,24.4,459,1014,1,1.25,0.00,44002,1,1.25,0.00,44002
2026-05-09 14:50:05,1,1,1,1113.0,0,24.4,459,1014,1,1.25,0.00,44002,1,1.25,0.00,44002
2026-05-09 14:50:05,1,1,1,1113.3,0,24.0,453,1017,1,1.25,0.00,30196,1,1.25,0.00,30196
2026-05-09 14:50:05,1,1,1,1113.3,0,24.0,453,1017,1,1.25,0.00,30196,1,1.25,0.00,30196
2026-05-09 14:50:05,1,1,1,1114.2,0,23.6,446,1021,1,1.25,0.00,8845,1,1.25,0.00,8845
2026-05-09 14:50:05,1,1,1,1114.2,0,23.6,446,1021,1,1.25,0.00,8845,1,1.25,0.00,8845
2026-05-09 14:50:05,1,1,1,1116.2,0,23.3,442,1025,1,1.25,0.00,3005,1,1.25,0.00,3005
2026-05-09 14:50:05,1,1,1,1116.6,0,23.4,443,1025,1,1.25,0.00,3005,1,1.25,0.00,3005
2026-05-09 14:50:05,1,1,1,1116.6,0,23.4,443,1025,1,1.25,0.00,4013,1,1.25,0.00,4013
2026-05-09 14:50:05,1,1,1,1112.0,0,23.5,443,1020,1,1.25,0.00,4013,1,1.25,0.00,4013
2026-05-09 14:50:05,1,1,1,1112.0,0,23.5,443,1020,1,1.25,0.00,11665,1,1.25,0.00,11665
2026-05-09 14:50:05,1,1,1,1104.1,0,23.8,446,1010,1,1.25,0.00,11665,1,1.25,0.00,11665
2026-05-09 14:50:05,1,1,1,1104.1,0,23.8,446,1010,1,1.25,0.00,9305,1,1.25,0.00,9305
2026-05-09 14:50:06,1,1,1,1097.1,0,24.2,449,1001,1,1.25,0.00,9305,1,1.25,0.00,9305
2026-05-09 14:50:06,1,1,1,1086.9,0,24.6,453,988,1,1.25,0.00,7709,1,1.25,0.00,7709
2026-05-09 14:50:06,1,1,1,1086.9,0,24.6,453,988,1,1.25,0.00,7709,1,1.25,0.00,7709
2026-05-09 14:50:06,1,1,1,1066.2,0,26.2,470,957,1,1.25,0.00,3609,1,1.25,0.00,3609
2026-05-09 14:50:06,1,1,1,1066.2,0,26.2,470,957,1,1.25,0.00,3609,1,1.25,0.00,3609
2026-05-09 14:50:06,1,1,1,1062.2,0,27.0,483,946,1,1.25,0.00,4097,1,1.25,0.00,4097
2026-05-09 14:50:06,1,1,1,1062.2,0,27.0,483,946,1,1.25,0.00,4097,1,1.25,0.00,4097
2026-05-09 14:50:06,1,1,1,1063.5,0,27.1,484,947,1,1.25,0.00,14765,1,1.25,0.00,14765
2026-05-09 14:50:06,1,1,1,1063.5,0,27.1,484,947,1,1.25,0.00,14765,1,1.25,0.00,14765
2026-05-09 14:50:06,1,1,1,1065.3,0,26.7,478,952,1,1.25,0.00,17689,1,1.25,0.00,17689
2026-05-09 14:50:06,1,1,1,1067.1,0,26.3,472,957,1,1.25,0.00,17689,1,1.25,0.00,17689
2026-05-09 14:50:06,1,1,1,1067.1,0,26.3,472,957,1,1.25,0.00,15236,1,1.25,0.00,15236
2026-05-09 14:50:06,1,1,1,1068.9,0,26.0,468,961,1,1.25,0.00,15236,1,1.25,0.00,15236
2026-05-09 14:50:06,1,1,1,1068.9,0,26.0,468,961,1,1.25,0.00,11645,1,1.25,0.00,11645
2026-05-09 14:50:06,1,1,1,1070.7,0,25.9,468,963,1,1.25,0.00,11645,1,1.25,0.00,11645
2026-05-09 14:50:06,1,1,1,1070.7,0,25.9,468,963,1,1.25,0.00,1586,1,1.25,0.00,1586
2026-05-09 14:50:06,1,1,1,1072.5,0,26.1,472,963,1,1.25,0.00,1586,1,1.25,0.00,1586
2026-05-09 14:50:06,1,1,1,1072.5,0,26.1,472,963,1,1.25,0.00,2848,1,1.25,0.00,2848
2026-05-09 14:50:06,1,1,1,1074.2,0,26.3,476,963,1,1.25,0.00,2848,1,1.25,0.00,2848
2026-05-09 14:50:06,1,1,1,1076.9,0,26.6,482,963,1,1.25,0.00,2057,1,1.25,0.00,2057
2026-05-09 14:50:07,1,1,1,1076.9,0,26.6,482,963,0,0.00,0.00,0,1,1.25,0.00,2057
2026-05-09 14:50:07,1,1,1,1079.6,0,26.8,486,964,0,0.00,0.00,0,1,1.25,0.00,1530
2026-05-09 14:50:07,1,1,1,1079.6,0,26.8,486,964,0,0.00,0.00,0,1,1.25,0.00,1530
2026-05-09 14:50:07,1,1,1,1082.3,0,26.7,486,967,0,0.00,0.00,0,1,1.25,0.00,5525
2026-05-09 14:50:07,1,1,1,1082.3,0,26.7,486,967,0,0.00,0.00,0,1,1.25,0.00,5525
2026-05-09 14:50:07,1,1,1,1084.0,0,26.5,484,970,1,1.25,0.00,4041,1,1.25,0.00,4041
2026-05-09 14:50:07,1,1,1,1084.9,0,26.4,482,972,1,1.25,0.00,4041,1,1.25,0.00,4041
2026-05-09 14:50:07,1,1,1,1084.9,0,26.4,482,972,1,1.25,0.00,778,1,1.25,0.00,778
2026-05-09 14:50:07,1,1,1,1085.8,0,26.4,482,973,1,1.25,0.00,778,1,1.25,0.00,778
2026-05-09 14:50:07,1,1,1,1085.8,0,26.4,482,973,1,1.25,0.00,900,1,1.25,0.00,900
2026-05-09 14:50:07,1,1,1,1086.3,0,26.4,483,973,1,1.25,0.00,900,1,1.25,0.00,900
2026-05-09 14:50:07,1,1,1,1086.3,0,26.4,483,973,1,1.23,0.00,784,1,1.23,0.00,784
2026-05-09 14:50:07,1,1,1,1086.7,0,26.6,486,972,0,0.00,0.00,0,1,1.23,0.00,784
2026-05-09 14:50:07,1,1,1,1086.7,0,26.6,486,972,0,0.00,0.00,0,1,1.23,0.00,784
2026-05-09 14:50:07,1,1,1,1087.6,0,26.7,488,972,0,0.00,0.00,0,1,1.23,0.00,784
2026-05-09 14:50:07,1,1,1,1088.1,0,26.7,489,972,0,0.00,0.00,0,1,1.23,0.00,784
2026-05-09 14:50:07,1,1,1,1088.1,0,26.7,489,972,0,0.00,0.00,0,1,1.23,0.00,784
2026-05-09 14:50:07,1,1,1,1089.0,0,26.7,489,973,0,0.00,0.00,0,1,1.23,0.00,784
2026-05-09 14:50:07,1,1,1,1089.0,0,26.7,489,973,0,0.00,0.00,0,1,1.23,0.00,784
2026-05-09 14:50:07,1,1,1,1090.3,0,26.7,490,974,0,0.00,0.00,0,1,1.23,0.00,784
2026-05-09 14:50:08,1,1,1,1090.3,0,26.7,490,974,0,0.00,0.00,0,1,1.23,0.00,784
2026-05-09 14:50:08,1,1,1,1090.3,0,26.8,492,973,0,0.00,0.00,0,1,1.24,0.00,3445
2026-05-09 14:50:08,1,1,1,1090.3,0,26.7,490,974,0,0.00,0.00,0,1,1.24,0.00,3445
2026-05-09 14:50:08,1,1,1,1090.3,0,26.7,490,974,1,1.17,0.00,4394,1,1.17,0.00,4394
2026-05-09 14:50:08,1,1,1,1092.1,0,26.4,486,978,1,1.17,0.00,4394,1,1.17,0.00,4394
2026-05-09 14:50:08,1,1,1,1092.1,0,26.4,486,978,1,1.20,0.00,1985,1,1.20,0.00,1985
2026-05-09 14:50:08,1,1,1,1094.3,0,26.3,485,981,1,1.20,0.00,1985,1,1.20,0.00,1985
2026-05-09 14:50:08,1,1,1,1094.3,0,26.3,485,981,1,1.21,0.00,2885,1,1.21,0.00,2885
2026-05-09 14:50:08,1,1,1,1097.0,0,26.1,483,985,1,1.21,0.00,2885,1,1.21,0.00,2885
2026-05-09 14:50:08,1,1,1,1097.0,0,26.1,483,985,1,1.22,0.00,7605,1,1.22,0.00,7605
2026-05-09 14:50:08,1,1,1,1099.3,0,25.9,480,989,1,1.22,0.00,7605,1,1.22,0.00,7605
2026-05-09 14:50:08,1,1,1,1101.6,0,25.7,477,993,1,1.22,0.00,4778,1,1.22,0.00,4778
2026-05-09 14:50:08,1,1,1,1101.6,0,25.7,477,993,1,1.22,0.00,4778,1,1.22,0.00,4778
2026-05-09 14:50:08,1,1,1,1103.1,0,25.3,472,997,1,1.23,0.00,2000,1,1.23,0.00,2000
2026-05-09 14:50:08,1,1,1,1103.1,0,25.3,472,997,1,1.23,0.00,2000,1,1.23,0.00,2000
2026-05-09 14:50:08,1,1,1,1104.5,0,25.1,469,1000,1,1.23,0.00,2000,1,1.23,0.00,2000
2026-05-09 14:50:08,1,1,1,1104.5,0,25.1,469,1000,1,1.23,0.00,2000,1,1.23,0.00,2000
2026-05-09 14:50:08,1,1,1,1105.4,0,25.1,469,1001,1,1.23,0.00,442,1,1.23,0.00,442
2026-05-09 14:50:08,1,1,1,1105.4,0,25.2,471,1000,0,0.00,0.00,0,1,1.23,0.00,442
2026-05-09 14:50:08,1,1,1,1105.4,0,25.2,471,1000,0,0.00,0.00,0,1,1.23,0.00,1394
2026-05-09 14:50:09,1,1,1,1104.8,0,25.4,474,998,0,0.00,0.00,0,1,1.23,0.00,1394
2026-05-09 14:50:09,1,1,1,1104.8,0,25.4,474,998,0,0.00,0.00,0,1,1.23,0.00,709
2026-05-09 14:50:09,1,1,1,1105.2,0,25.6,477,997,0,0.00,0.00,0,1,1.23,0.00,709
2026-05-09 14:50:09,1,1,1,1105.2,0,25.6,477,997,0,0.00,0.00,0,1,1.24,0.00,773
2026-05-09 14:50:09,1,1,1,1105.6,0,25.7,480,996,0,0.00,0.00,0,1,1.24,0.00,773
2026-05-09 14:50:09,1,1,1,1105.6,0,25.7,480,996,0,0.00,0.00,0,1,1.24,0.00,333
2026-05-09 14:50:09,1,1,1,1104.7,0,26.0,484,993,0,0.00,0.00,0,1,1.24,0.00,333
2026-05-09 14:50:09,1,1,1,1104.2,0,26.2,487,991,0,0.00,0.00,0,1,1.24,0.00,333
2026-05-09 14:50:09,1,1,1,1104.2,0,26.2,487,991,0,0.00,0.00,0,1,1.24,0.00,333
2026-05-09 14:50:09,1,1,1,1103.3,0,26.3,489,989,0,0.00,0.00,0,1,1.24,0.00,333
2026-05-09 14:50:09,1,1,1,1103.3,0,26.3,489,989,0,0.00,0.00,0,1,1.24,0.00,333
2026-05-09 14:50:09,1,1,1,1103.3,0,26.4,491,988,0,0.00,0.00,0,1,1.24,0.00,333
2026-05-09 14:50:09,1,1,1,1103.3,0,26.4,491,988,0,0.00,0.00,0,1,1.24,0.00,333
2026-05-09 14:50:09,1,1,1,1103.3,0,26.4,491,988,0,0.00,0.00,0,1,1.12,0.00,800
2026-05-09 14:50:09,1,1,1,1104.2,0,26.4,491,989,0,0.00,0.00,0,1,1.12,0.00,800
2026-05-09 14:50:09,1,1,1,1104.2,0,26.4,491,989,0,0.00,0.00,0,1,1.12,0.00,612
2026-05-09 14:50:09,1,1,1,1104.2,0,26.4,491,989,0,0.00,0.00,0,1,1.12,0.00,612
2026-05-09 14:50:09,1,1,1,1104.2,0,26.4,491,989,0,0.00,0.00,0,1,1.16,0.00,1181
2026-05-09 14:50:09,1,1,1,1104.6,0,26.2,488,991,0,0.00,0.00,0,1,1.16,0.00,1181
2026-05-09 14:50:09,1,1,1,1104.6,0,26.2,488,991,0,0.00,0.00,0,1,1.16,0.00,1181
2026-05-09 14:50:10,1,1,1,1105.1,0,26.0,485,993,0,0.00,0.00,0,1,1.16,0.00,1181
2026-05-09 14:50:10,1,1,1,1105.1,0,26.0,485,993,0,0.00,0.00,0,1,1.16,0.00,1181
2026-05-09 14:50:10,1,1,1,1104.7,0,25.9,482,994,0,0.00,0.00,0,1,1.16,0.00,1181
2026-05-09 14:50:10,1,1,1,1104.3,0,25.7,479,995,0,0.00,0.00,0,1,1.16,0.00,1181
2026-05-09 14:50:10,1,1,1,1104.3,0,25.7,479,995,0,0.00,0.00,0,1,1.16,0.00,1181
2026-05-09 14:50:10,1,1,1,1103.4,0,25.6,477,995,0,0.00,0.00,0,1,1.25,0.00,3706
2026-05-09 14:50:10,1,1,1,1103.4,0,25.6,477,995,0,0.00,0.00,0,1,1.25,0.00,3706
2026-05-09 14:50:10,1,1,1,1103.0,0,25.4,474,996,0,0.00,0.00,0,1,1.25,0.00,1924
2026-05-09 14:50:10,1,1,1,1103.0,0,25.4,474,996,0,0.00,0.00,0,1,1.25,0.00,1924
2026-05-09 14:50:10,1,1,1,1102.1,0,25.5,474,995,0,0.00,0.00,0,1,1.25,0.00,1636
2026-05-09 14:50:10,1,1,1,1102.1,0,25.5,474,995,0,0.00,0.00,0,1,1.25,0.00,1636
2026-05-09 14:50:10,1,1,1,1102.5,0,25.6,477,994,0,0.00,0.00,0,1,1.25,0.00,1220
2026-05-09 14:50:10,1,1,1,1102.0,0,25.8,480,992,0,0.00,0.00,0,1,1.25,0.00,1220
2026-05-09 14:50:10,1,1,1,1102.0,0,25.8,480,992,0,0.00,0.00,0,1,1.25,0.00,6829
2026-05-09 14:50:10,1,1,1,1102.0,0,25.9,482,991,0,0.00,0.00,0,1,1.25,0.00,6829
2026-05-09 14:50:10,1,1,1,1102.0,0,25.9,482,991,1,1.25,0.00,18836,1,1.25,0.00,18836
2026-05-09 14:50:10,1,1,1,1103.8,0,25.9,482,993,1,1.25,0.00,18836,1,1.25,0.00,18836
2026-05-09 14:50:10,1,1,1,1103.8,0,25.9,482,993,1,1.25,0.00,26500,1,1.25,0.00,26500
2026-05-09 14:50:10,1,1,1,1105.6,0,25.7,480,996,1,1.25,0.00,26500,1,1.25,0.00,26500
2026-05-09 14:50:10,1,1,1,1107.5,0,25.6,478,999,1,1.25,0.00,41609,1,1.25,0.00,41609
2026-05-09 14:50:11,1,1,1,1107.5,0,25.6,478,999,1,1.25,0.00,41609,1,1.25,0.00,41609
2026-05-09 14:50:11,1,1,1,1108.9,0,25.4,475,1002,1,1.25,0.00,44794,1,1.25,0.00,44794
2026-05-09 14:50:11,1,1,1,1108.9,0,25.4,475,1002,1,1.25,0.00,44794,1,1.25,0.00,44794
2026-05-09 14:50:11,1,1,1,1109.9,0,25.1,471,1005,1,1.25,0.00,47930,1,1.25,0.00,47930
2026-05-09 14:50:11,1,1,1,1109.9,0,25.1,471,1005,1,1.25,0.00,47930,1,1.25,0.00,47930
2026-05-09 14:50:11,1,1,1,1110.9,0,24.9,467,1008,1,1.25,0.00,56264,1,1.25,0.00,56264
2026-05-09 14:50:11,1,1,1,1110.9,0,24.9,467,1008,1,1.25,0.00,56264,1,1.25,0.00,56264
2026-05-09 14:50:11,1,1,1,1112.4,0,24.7,464,1011,1,1.25,0.00,57521,1,1.25,0.00,57521
2026-05-09 14:50:11,1,1,1,1113.5,0,24.4,460,1014,1,1.25,0.00,57521,1,1.25,0.00,57521
2026-05-09 14:50:11,1,1,1,1113.5,0,24.4,460,1014,1,1.25,0.00,57898,1,1.25,0.00,57898
2026-05-09 14:50:11,1,1,1,1115.5,0,24.1,456,1018,1,1.25,0.00,57898,1,1.25,0.00,57898
2026-05-09 14:50:11,1,1,1,1115.5,0,24.1,456,1018,1,1.25,0.00,63604,1,1.25,0.00,63604
2026-05-09 14:50:11,1,1,1,1117.1,0,23.8,451,1022,1,1.25,0.00,63604,1,1.25,0.00,63604
2026-05-09 14:50:11,1,1,1,1117.1,0,23.8,451,1022,1,1.25,0.00,50562,1,1.25,0.00,50562
2026-05-09 14:50:11,1,1,1,1118.7,0,23.5,446,1026,1,1.25,0.00,0,1,1.25,0.00,0
2026-05-09 14:50:11,1,1,1,1119.5,0,23.2,441,1029,1,1.25,0.00,34600,1,1.25,0.00,34600
2026-05-09 14:50:11,1,1,1,1119.5,0,23.2,441,1029,1,1.25,0.00,34600,1,1.25,0.00,34600
2026-05-09 14:50:11,1,1,1,1119.9,0,22.9,435,1032,1,1.25,0.00,8473,1,1.25,0.00,8473
2026-05-09 14:50:11,1,1,1,1119.9,0,22.9,435,1032,1,1.25,0.00,8473,1,1.25,0.00,8473
2026-05-09 14:50:11,1,1,1,1119.8,0,22.6,430,1034,1,1.25,0.00,4901,1,1.25,0.00,4901
2026-05-09 14:50:12,1,1,1,1119.8,0,22.6,430,1034,1,1.25,0.00,4901,1,1.25,0.00,4901
2026-05-09 14:50:12,1,1,1,1120.5,0,22.4,427,1036,1,1.25,0.00,33444,1,1.25,0.00,33444
2026-05-09 14:50:12,1,1,1,1120.5,0,22.4,427,1036,1,1.25,0.00,33444,1,1.25,0.00,33444
2026-05-09 14:50:12,1,1,1,1120.4,0,22.5,429,1035,1,1.23,0.00,1450,1,1.23,0.00,1450
2026-05-09 14:50:12,1,1,1,1120.1,0,22.7,433,1033,1,1.23,0.00,1450,1,1.23,0.00,1450
2026-05-09 14:50:12,1,1,1,1120.1,0,22.7,433,1033,1,1.23,0.00,7946,1,1.23,0.00,7946
2026-05-09 14:50:12,1,1,1,1119.4,0,22.9,436,1031,1,1.23,0.00,7946,1,1.23,0.00,7946
2026-05-09 14:50:12,1,1,1,1119.4,0,22.9,436,1031,1,1.23,0.00,8461,1,1.23,0.00,8461
2026-05-09 14:50:12,1,1,1,1119.8,0,23.0,437,1031,1,1.23,0.00,8461,1,1.23,0.00,8461
2026-05-09 14:50:12,1,1,1,1119.8,0,23.0,437,1031,1,1.23,0.00,3973,1,1.23,0.00,3973
2026-05-09 14:50:12,1,1,1,1120.7,0,23.0,437,1032,1,1.23,0.00,3973,1,1.23,0.00,3973
2026-05-09 14:50:12,1,1,1,1120.3,0,22.9,436,1032,1,1.23,0.00,650,1,1.23,0.00,650
2026-05-09 14:50:12,1,1,1,1120.3,0,22.9,436,1032,1,1.23,0.00,650,1,1.23,0.00,650
2026-05-09 14:50:12,1,1,1,1121.2,0,22.6,431,1035,1,1.24,0.00,1201,1,1.24,0.00,1201
2026-05-09 14:50:12,1,1,1,1121.2,0,22.6,431,1035,1,1.24,0.00,1201,1,1.24,0.00,1201
2026-05-09 14:50:12,1,1,1,1121.7,0,22.5,430,1036,1,1.24,0.00,1690,1,1.24,0.00,1690
2026-05-09 14:50:12,1,1,1,1121.7,0,22.5,430,1036,0,0.00,0.00,0,1,1.24,0.00,1690
2026-05-09 14:50:12,1,1,1,1121.2,0,22.6,431,1035,0,0.00,0.00,0,1,1.24,0.00,2466
2026-05-09 14:50:12,1,1,1,1121.2,0,22.6,431,1035,0,0.00,0.00,0,1,1.24,0.00,2466
2026-05-09 14:50:12,1,1,1,1120.8,0,22.6,430,1035,0,0.00,0.00,0,1,1.24,0.00,20122
2026-05-09 14:50:13,1,1,1,1120.0,0,22.5,428,1035,0,0.00,0.00,0,1,1.24,0.00,20122
2026-05-09 14:50:13,1,1,1,1120.0,0,22.5,428,1035,1,1.24,0.00,5545,1,1.24,0.00,5545
2026-05-09 14:50:13,1,1,1,1119.6,0,22.4,427,1035,1,1.24,0.00,5545,1,1.24,0.00,5545
2026-05-09 14:50:13,1,1,1,1119.6,0,22.4,427,1035,1,1.24,0.00,765,1,1.24,0.00,765
2026-05-09 14:50:13,1,1,1,1119.1,0,22.5,428,1034,1,1.24,0.00,765,1,1.24,0.00,765
2026-05-09 14:50:13,1,1,1,1119.1,0,22.5,428,1034,1,1.24,0.00,765,1,1.24,0.00,765
2026-05-09 14:50:13,1,1,1,1118.4,0,22.7,431,1032,1,1.24,0.00,765,1,1.24,0.00,765
2026-05-09 14:50:13,1,1,1,1117.2,0,22.9,435,1029,1,1.24,0.00,765,1,1.24,0.00,765
2026-05-09 14:50:13,1,1,1,1117.2,0,22.9,435,1029,0,0.00,0.00,0,1,1.24,0.00,765
2026-05-09 14:50:13,1,1,1,1116.0,0,23.2,439,1026,0,0.00,0.00,0,1,1.24,0.00,765
2026-05-09 14:50:13,1,1,1,1116.0,0,23.2,439,1026,0,0.00,0.00,0,1,1.24,0.00,765
2026-05-09 14:50:13,1,1,1,1115.3,0,23.3,442,1024,0,0.00,0.00,0,1,1.27,0.00,1433
2026-05-09 14:50:13,1,1,1,1115.3,0,23.3,442,1024,0,0.00,0.00,0,1,1.27,0.00,1433
2026-05-09 14:50:13,1,1,1,1116.0,0,23.6,446,1023,0,0.00,0.00,0,1,1.26,0.00,2722
2026-05-09 14:50:13,1,1,1,1116.0,0,23.6,446,1023,0,0.00,0.00,0,1,1.26,0.00,2722
2026-05-09 14:50:13,1,1,1,1115.4,0,23.7,449,1021,0,0.00,0.00,0,1,1.26,0.00,7208
2026-05-09 14:50:13,1,1,1,1116.2,0,23.8,451,1021,0,0.00,0.00,0,1,1.26,0.00,7208
2026-05-09 14:50:13,1,1,1,1116.2,0,23.8,451,1021,1,1.25,0.00,11386,1,1.25,0.00,11386
2026-05-09 14:50:13,1,1,1,1116.6,0,23.9,452,1021,1,1.25,0.00,11386,1,1.25,0.00,11386
2026-05-09 14:50:13,1,1,1,1116.6,0,23.9,452,1021,1,1.25,0.00,8033,1,1.25,0.00,8033
2026-05-09 14:50:14,1,1,1,1117.9,0,23.9,453,1022,1,1.25,0.00,8033,1,1.25,0.00,8033
2026-05-09 14:50:14,1,1,1,1117.9,0,23.9,453,1022,1,1.25,0.00,9512,1,1.25,0.00,9512
2026-05-09 14:50:14,1,1,1,1118.3,0,24.0,454,1022,1,1.25,0.00,9512,1,1.25,0.00,9512
2026-05-09 14:50:14,1,1,1,1119.2,0,23.9,454,1023,1,1.25,0.00,19141,1,1.25,0.00,19141
2026-05-09 14:50:14,1,1,1,1119.2,0,23.9,454,1023,1,1.25,0.00,19141,1,1.25,0.00,19141
2026-05-09 14:50:14,1,1,1,1119.7,0,23.9,453,1024,1,1.25,0.00,25405,1,1.25,0.00,25405
2026-05-09 14:50:14,1,1,1,1119.7,0,23.9,453,1024,1,1.25,0.00,25405,1,1.25,0.00,25405
2026-05-09 14:50:14,1,1,1,1121.2,0,23.8,452,1026,1,1.25,0.00,5626,1,1.25,0.00,5626
2026-05-09 14:50:14,1,1,1,1121.2,0,23.8,452,1026,1,1.25,0.00,5626,1,1.25,0.00,5626
2026-05-09 14:50:14,1,1,1,1122.6,0,23.7,451,1028,1,1.25,0.00,3205,1,1.25,0.00,3205
2026-05-09 14:50:14,1,1,1,1122.6,0,23.7,451,1028,1,1.25,0.00,3205,1,1.25,0.00,3205
2026-05-09 14:50:14,1,1,1,1122.3,0,23.5,448,1029,1,1.25,0.00,19493,1,1.25,0.00,19493
2026-05-09 14:50:14,1,1,1,1122.5,0,23.3,444,1031,1,1.25,0.00,19493,1,1.25,0.00,19493
2026-05-09 14:50:14,1,1,1,1122.5,0,23.3,444,1031,1,1.25,0.00,17714,1,1.25,0.00,17714
2026-05-09 14:50:14,1,1,1,1123.3,0,23.0,439,1034,1,1.25,0.00,17714,1,1.25,0.00,17714
2026-05-09 14:50:14,1,1,1,1123.3,0,23.0,439,1034,1,1.25,0.00,1250,1,1.25,0.00,1250
2026-05-09 14:50:14,1,1,1,1123.6,0,22.8,435,1036,1,1.25,0.00,1250,1,1.25,0.00,1250
2026-05-09 14:50:14,1,1,1,1123.6,0,22.8,435,1036,1,1.25,0.00,6120,1,1.25,0.00,6120
2026-05-09 14:50:14,1,1,1,1124.6,0,22.4,428,1040,1,1.25,0.00,6120,1,1.25,0.00,6120
2026-05-09 14:50:14,1,1,1,1124.4,0,21.9,420,1043,1,1.25,0.00,19109,1,1.25,0.00,19109
2026-05-09 14:50:15,1,1,1,1124.4,0,21.9,420,1043,1,1.25,0.00,19109,1,1.25,0.00,19109
2026-05-09 14:50:15,1,1,1,1124.6,0,21.5,413,1046,1,1.25,0.00,9650,1,1.25,0.00,9650
2026-05-09 14:50:15,1,1,1,1124.6,0,21.5,413,1046,1,1.25,0.00,9650,1,1.25,0.00,9650
2026-05-09 14:50:15,1,1,1,1125.0,0,21.3,409,1048,1,1.25,0.00,3890,1,1.25,0.00,3890
2026-05-09 14:50:15,1,1,1,1125.0,0,21.3,409,1048,1,1.25,0.00,3890,1,1.25,0.00,3890
2026-05-09 14:50:15,1,1,1,1125.9,0,21.3,409,1049,1,1.25,0.00,2525,1,1.25,0.00,2525
2026-05-09 14:50:15,1,1,1,1125.9,0,21.3,409,1049,1,1.25,0.00,2525,1,1.25,0.00,2525
2026-05-09 14:50:15,1,1,1,1125.7,0,21.4,411,1048,1,1.25,0.00,5345,1,1.25,0.00,5345
2026-05-09 14:50:15,1,1,1,1125.9,0,21.6,414,1047,1,1.25,0.00,5345,1,1.25,0.00,5345
2026-05-09 14:50:15,1,1,1,1125.9,0,21.6,414,1047,1,1.25,0.00,5625,1,1.25,0.00,5625
2026-05-09 14:50:15,1,1,1,1126.1,0,21.7,417,1046,1,1.25,0.00,5625,1,1.25,0.00,5625
2026-05-09 14:50:15,1,1,1,1126.1,0,21.7,417,1046,1,1.25,0.00,1856,1,1.25,0.00,1856
2026-05-09 14:50:15,1,1,1,1126.2,0,21.9,420,1045,1,1.25,0.00,1856,1,1.25,0.00,1856
2026-05-09 14:50:15,1,1,1,1126.2,0,21.9,420,1045,1,1.25,0.00,1856,1,1.25,0.00,1856
2026-05-09 14:50:15,1,1,1,1125.9,0,22.1,424,1043,1,1.25,0.00,1856,1,1.25,0.00,1856
2026-05-09 14:50:15,1,1,1,1125.9,0,22.1,424,1043,1,1.25,0.00,2336,1,1.25,0.00,2336
2026-05-09 14:50:15,1,1,1,1125.2,0,22.3,427,1041,0,0.00,0.00,0,1,1.25,0.00,2336
2026-05-09 14:50:15,1,1,1,1124.5,0,22.5,430,1039,0,0.00,0.00,0,1,1.25,0.00,6793
2026-05-09 14:50:15,1,1,1,1124.5,0,22.5,430,1039,0,0.00,0.00,0,1,1.25,0.00,6793
2026-05-09 14:50:15,1,1,1,1123.4,0,22.6,432,1037,1,1.25,0.00,9536,1,1.25,0.00,9536
2026-05-09 14:50:16,1,1,1,1123.4,0,22.6,432,1037,1,1.25,0.00,9536,1,1.25,0.00,9536
2026-05-09 14:50:16,1,1,1,1122.3,0,22.7,434,1035,1,1.25,0.00,10484,1,1.25,0.00,10484
2026-05-09 14:50:16,1,1,1,1122.3,0,22.7,434,1035,1,1.25,0.00,10484,1,1.25,0.00,10484
2026-05-09 14:50:16,1,1,1,1122.2,0,22.9,436,1034,1,1.25,0.00,15241,1,1.25,0.00,15241
2026-05-09 14:50:16,1,1,1,1121.6,0,22.9,437,1033,1,1.25,0.00,15241,1,1.25,0.00,15241
2026-05-09 14:50:16,1,1,1,1121.6,0,22.9,437,1033,1,1.25,0.00,13194,1,1.25,0.00,13194
2026-05-09 14:50:16,1,1,1,1121.5,0,23.0,439,1032,1,1.25,0.00,13194,1,1.25,0.00,13194
2026-05-09 14:50:16,1,1,1,1121.5,0,23.0,439,1032,1,1.25,0.00,14948,1,1.25,0.00,14948
2026-05-09 14:50:16,1,1,1,1121.9,0,23.1,440,1032,1,1.25,0.00,14948,1,1.25,0.00,14948
2026-05-09 14:50:16,1,1,1,1121.9,0,23.1,440,1032,1,1.25,0.00,9792,1,1.25,0.00,9792
2026-05-09 14:50:16,1,1,1,1121.4,0,23.2,441,1031,1,1.25,0.00,9792,1,1.25,0.00,9792
2026-05-09 14:50:16,1,1,1,1121.4,0,23.2,441,1031,1,1.25,0.00,2665,1,1.25,0.00,2665
2026-05-09 14:50:16,1,1,1,1122.1,0,23.3,443,1031,1,1.25,0.00,2665,1,1.25,0.00,2665
2026-05-09 14:50:16,1,1,1,1122.5,0,23.3,444,1031,1,1.25,0.00,680,1,1.25,0.00,680
2026-05-09 14:50:16,1,1,1,1122.5,0,23.3,444,1031,1,1.25,0.00,680,1,1.25,0.00,680
2026-05-09 14:50:16,1,1,1,1126.1,0,23.3,446,1034,1,1.23,0.00,1108,1,1.23,0.00,1108
2026-05-09 14:50:16,1,1,1,1126.1,0,23.3,446,1034,0,0.00,0.00,0,1,1.23,0.00,1108
2026-05-09 14:50:16,1,1,1,1127.4,0,23.4,447,1035,0,0.00,0.00,0,1,1.22,-0.01,8249
2026-05-09 14:50:16,1,1,1,1127.4,0,23.4,447,1035,0,0.00,0.00,0,1,1.22,-0.01,8249
2026-05-09 14:50:16,1,1,1,1128.2,0,23.5,449,1035,1,1.22,-0.01,8249,1,1.22,-0.01,8249
2026-05-09 14:50:17,1,1,1,1126.6,0,23.7,452,1032,1,1.22,-0.01,8249,1,1.22,-0.01,8249
2026-05-09 14:50:17,1,1,1,1126.6,0,23.7,452,1032,1,1.22,0.00,2425,1,1.22,0.00,2425
2026-05-09 14:50:17,1,1,1,1124.1,0,24.0,457,1027,1,1.22,0.00,2425,1,1.22,0.00,2425
2026-05-09 14:50:17,1,1,1,1124.1,0,24.0,457,1027,1,1.23,0.00,2146,1,1.23,0.00,2146
2026-05-09 14:50:17,1,1,1,1121.5,0,24.4,464,1021,1,1.23,0.00,2146,1,1.23,0.00,2146
2026-05-09 14:50:17,1,1,1,1121.5,0,24.4,464,1021,1,1.23,0.00,1924,1,1.23,0.00,1924
2026-05-09 14:50:17,1,1,1,1118.5,0,24.8,470,1015,0,0.00,0.00,0,1,1.23,0.00,1924
2026-05-09 14:50:17,1,1,1,1118.5,0,24.8,470,1015,0,0.00,0.00,0,1,1.23,0.00,5365
2026-05-09 14:50:17,1,1,1,1116.1,0,25.2,475,1010,0,0.00,0.00,0,1,1.23,0.00,5365
2026-05-09 14:50:17,1,1,1,1117.2,0,24.8,469,1014,0,0.00,0.00,0,1,1.23,0.00,2504
2026-05-09 14:50:17,1,1,1,1117.2,0,24.8,469,1014,0,0.00,0.00,0,1,1.23,0.00,2504
2026-05-09 14:50:17,1,1,1,1118.9,0,24.3,460,1020,0,0.00,0.00,0,1,1.22,0.00,2420
2026-05-09 14:50:17,1,1,1,1118.9,0,24.3,460,1020,0,0.00,0.00,0,1,1.22,0.00,2420
2026-05-09 14:50:17,1,1,1,1122.6,0,23.7,451,1028,0,0.00,0.00,0,1,1.22,0.00,9673
2026-05-09 14:50:17,1,1,1,1122.6,0,23.7,451,1028,0,0.00,0.00,0,1,1.22,0.00,9673
2026-05-09 14:50:17,1,1,1,1125.6,0,23.0,440,1036,1,1.23,0.00,15586,1,1.23,0.00,15586
2026-05-09 14:50:17,1,1,1,1128.0,0,22.5,432,1042,1,1.23,0.00,15586,1,1.23,0.00,15586
2026-05-09 14:50:17,1,1,1,1128.0,0,22.5,432,1042,1,1.23,0.00,12773,1,1.23,0.00,12773
2026-05-09 14:50:17,1,1,1,1131.1,0,22.2,428,1047,1,1.23,0.00,12773,1,1.23,0.00,12773
2026-05-09 14:50:17,1,1,1,1131.1,0,22.2,428,1047,1,1.23,0.00,27460,1,1.23,0.00,27460
2026-05-09 14:50:18,1,1,1,1133.1,0,22.1,426,1050,1,1.23,0.00,27460,1,1.23,0.00,27460
2026-05-09 14:50:18,1,1,1,1133.1,0,22.1,426,1050,1,1.23,0.00,34920,1,1.23,0.00,34920
2026-05-09 14:50:18,1,1,1,1135.0,0,22.0,426,1052,1,1.23,0.00,34920,1,1.23,0.00,34920
2026-05-09 14:50:18,1,1,1,1135.0,0,22.0,426,1052,1,1.23,0.00,31400,1,1.23,0.00,31400
2026-05-09 14:50:18,1,1,1,1138.1,0,22.0,427,1055,1,1.23,0.00,31400,1,1.23,0.00,31400
2026-05-09 14:50:18,1,1,1,1138.9,0,21.9,424,1057,1,1.23,0.00,39988,1,1.23,0.00,39988
2026-05-09 14:50:18,1,1,1,1138.9,0,21.9,424,1057,1,1.23,0.00,39988,1,1.23,0.00,39988
2026-05-09 14:50:18,1,1,1,1139.8,0,21.6,419,1060,1,1.24,0.00,21953,1,1.24,0.00,21953
2026-05-09 14:50:18,1,1,1,1139.8,0,21.6,419,1060,1,1.24,0.00,21953,1,1.24,0.00,21953
2026-05-09 14:50:18,1,1,1,1140.4,0,21.2,413,1063,1,1.24,0.00,10345,1,1.24,0.00,10345
2026-05-09 14:50:18,1,1,1,1140.4,0,21.2,413,1063,1,1.24,0.00,10345,1,1.24,0.00,10345
2026-05-09 14:50:18,1,1,1,1138.8,0,20.9,406,1064,1,1.24,0.00,5732,1,1.24,0.00,5732
2026-05-09 14:50:18,1,1,1,1138.2,0,20.5,399,1066,1,1.24,0.00,5732,1,1.24,0.00,5732
2026-05-09 14:50:18,1,1,1,1138.2,0,20.5,399,1066,1,1.24,0.00,6617,1,1.24,0.00,6617
2026-05-09 14:50:18,1,1,1,1136.5,0,20.3,394,1066,1,1.24,0.00,6617,1,1.24,0.00,6617
2026-05-09 14:50:18,1,1,1,1136.5,0,20.3,394,1066,1,1.24,0.00,1394,1,1.24,0.00,1394
2026-05-09 14:50:18,1,1,1,1135.1,0,20.1,390,1066,1,1.24,0.00,1394,1,1.24,0.00,1394
2026-05-09 14:50:18,1,1,1,1135.1,0,20.1,390,1066,1,1.24,0.00,1810,1,1.24,0.00,1810
2026-05-09 14:50:18,1,1,1,1131.9,0,20.1,389,1063,1,1.24,0.00,1810,1,1.24,0.00,1810
2026-05-09 14:50:18,1,1,1,1131.9,0,20.1,389,1063,1,1.24,0.00,1810,1,1.24,0.00,1810
2026-05-09 14:50:19,1,1,1,1129.8,0,20.2,391,1060,0,0.00,0.00,0,1,1.24,0.00,1810
2026-05-09 14:50:19,1,1,1,1128.3,0,20.3,392,1058,0,0.00,0.00,0,1,1.24,0.00,1832
2026-05-09 14:50:19,1,1,1,1128.3,0,20.3,392,1058,0,0.00,0.00,0,1,1.24,0.00,1832
2026-05-09 14:50:19,1,1,1,1126.8,0,20.4,393,1056,0,0.00,0.00,0,1,1.24,0.00,6401
2026-05-09 14:50:19,1,1,1,1126.8,0,20.4,393,1056,0,0.00,0.00,0,1,1.24,0.00,6401
2026-05-09 14:50:19,1,1,1,1125.8,0,20.4,393,1055,0,0.00,0.00,0,1,1.24,0.00,2960
2026-05-09 14:50:19,1,1,1,1125.8,0,20.4,393,1055,0,0.00,0.00,0,1,1.24,0.00,2960
2026-05-09 14:50:19,1,1,1,1125.2,0,20.5,394,1054,0,0.00,0.00,0,1,1.24,0.00,842
2026-05-09 14:50:19,1,1,1,1125.2,0,20.5,394,1054,0,0.00,0.00,0,1,1.24,0.00,842
2026-05-09 14:50:19,1,1,1,1123.7,0,20.6,395,1052,0,0.00,0.00,0,1,1.24,0.00,2237
2026-05-09 14:50:19,1,1,1,1123.1,0,20.6,396,1051,0,0.00,0.00,0,1,1.24,0.00,2237
2026-05-09 14:50:19,1,1,1,1123.1,0,20.6,396,1051,0,0.00,0.00,0,1,1.24,0.00,850
2026-05-09 14:50:19,1,1,1,1122.0,0,20.8,398,1049,0,0.00,0.00,0,1,1.24,0.00,850
2026-05-09 14:50:19,1,1,1,1122.0,0,20.8,398,1049,0,0.00,0.00,0,1,1.24,0.00,578
2026-05-09 14:50:19,1,1,1,1122.3,0,20.8,399,1049,0,0.00,0.00,0,1,1.24,0.00,578
2026-05-09 14:50:19,1,1,1,1122.3,0,20.8,399,1049,0,0.00,0.00,0,1,1.24,0.00,1517
2026-05-09 14:50:19,1,1,1,1121.7,0,20.9,400,1048,0,0.00,0.00,0,1,1.24,0.00,1517
2026-05-09 14:50:19,1,1,1,1122.7,0,20.9,400,1049,0,0.00,0.00,0,1,1.24,0.00,6730
2026-05-09 14:50:19,1,1,1,1122.7,0,20.9,400,1049,0,0.00,0.00,0,1,1.24,0.00,6730
2026-05-09 14:50:19,1,1,1,1121.7,0,20.9,400,1048,1,1.24,0.00,5780,1,1.24,0.00,5780
2026-05-09 14:50:20,1,1,1,1121.7,0,20.9,400,1048,1,1.24,0.00,5780,1,1.24,0.00,5780
2026-05-09 14:50:20,1,1,1,1121.7,0,20.9,400,1048,1,1.25,0.00,9953,1,1.25,0.00,9953
2026-05-09 14:50:20,1,1,1,1121.7,0,20.9,400,1048,1,1.25,0.00,9953,1,1.25,0.00,9953
2026-05-09 14:50:20,1,1,1,1121.4,0,20.8,399,1048,1,1.25,0.00,3330,1,1.25,0.00,3330
2026-05-09 14:50:20,1,1,1,1121.4,0,20.8,399,1048,1,1.25,0.00,3330,1,1.25,0.00,3330
2026-05-09 14:50:20,1,1,1,1120.8,0,20.9,400,1047,1,1.25,0.00,3330,1,1.25,0.00,3330
2026-05-09 14:50:20,1,1,1,1120.8,0,20.9,400,1047,1,1.25,0.00,3330,1,1.25,0.00,3330
2026-05-09 14:50:20,1,1,1,1120.8,0,20.9,400,1047,1,1.25,0.00,3330,1,1.25,0.00,3330
2026-05-09 14:50:20,1,1,1,1121.4,0,20.8,399,1048,1,1.25,0.00,3330,1,1.25,0.00,3330
2026-05-09 14:50:20,1,1,1,1121.4,0,20.8,399,1048,1,1.25,0.00,3330,1,1.25,0.00,3330
2026-05-09 14:50:20,1,1,1,1120.3,0,20.7,396,1048,1,1.25,0.00,3330,1,1.25,0.00,3330
2026-05-09 14:50:20,1,1,1,1120.3,0,20.7,396,1048,1,1.25,0.00,5330,1,1.25,0.00,5330
2026-05-09 14:50:20,1,1,1,1119.9,0,20.5,392,1049,1,1.25,0.00,5330,1,1.25,0.00,5330
2026-05-09 14:50:20,1,1,1,1119.7,0,20.3,389,1050,1,1.25,0.00,5785,1,1.25,0.00,5785
2026-05-09 14:50:20,1,1,1,1119.7,0,20.3,389,1050,1,1.25,0.00,5785,1,1.25,0.00,5785
2026-05-09 14:50:20,1,1,1,1119.0,0,20.2,387,1050,1,1.25,0.00,11828,1,1.25,0.00,11828
2026-05-09 14:50:20,1,1,1,1119.0,0,20.2,387,1050,1,1.25,0.00,11828,1,1.25,0.00,11828
2026-05-09 14:50:20,1,1,1,1119.7,0,20.3,389,1050,1,1.21,0.00,389,1,1.21,0.00,389
2026-05-09 14:50:20,1,1,1,1119.7,0,20.3,389,1050,1,1.21,0.00,389,1,1.21,0.00,389
2026-05-09 14:50:20,1,1,1,1119.7,0,20.3,389,1050,1,1.22,0.00,20852,1,1.22,0.00,20852
2026-05-09 14:50:21,1,1,1,1119.7,0,20.3,389,1050,1,1.22,0.00,20852,1,1.22,0.00,20852
2026-05-09 14:50:21,1,1,1,1120.6,0,20.1,386,1052,1,1.22,0.00,36136,1,1.22,0.00,36136
2026-05-09 14:50:21,1,1,1,1122.4,0,20.0,383,1055,1,1.22,0.00,36136,1,1.22,0.00,36136
2026-05-09 14:50:21,1,1,1,1122.4,0,20.0,383,1055,1,1.23,0.00,18253,1,1.23,0.00,18253
2026-05-09 14:50:21,1,1,1,1125.1,0,19.7,380,1059,1,1.23,0.00,18253,1,1.23,0.00,18253
2026-05-09 14:50:21,1,1,1,1125.1,0,19.7,380,1059,1,1.23,0.00,14521,1,1.23,0.00,14521
2026-05-09 14:50:21,1,1,1,1126.9,0,19.5,377,1062,1,1.23,0.00,14521,1,1.23,0.00,14521
2026-05-09 14:50:21,1,1,1,1126.9,0,19.5,377,1062,1,1.23,0.00,8821,1,1.23,0.00,8821
2026-05-09 14:50:21,1,1,1,1128.4,0,19.3,373,1065,1,1.23,0.00,8821,1,1.23,0.00,8821
2026-05-09 14:50:21,1,1,1,1129.0,0,19.1,369,1067,1,1.24,0.00,901,1,1.24,0.00,901
2026-05-09 14:50:21,1,1,1,1129.0,0,19.1,369,1067,1,1.24,0.00,901,1,1.24,0.00,901
2026-05-09 14:50:21,1,1,1,1129.0,0,19.1,369,1067,1,1.24,0.00,4685,1,1.24,0.00,4685
2026-05-09 14:50:21,1,1,1,1129.0,0,19.1,369,1067,1,1.24,0.00,4685,1,1.24,0.00,4685
2026-05-09 14:50:21,1,1,1,1128.7,0,19.2,371,1066,1,1.24,0.00,2221,1,1.24,0.00,2221
2026-05-09 14:50:21,1,1,1,1128.7,0,19.2,371,1066,1,1.24,0.00,2221,1,1.24,0.00,2221
2026-05-09 14:50:21,1,1,1,1129.4,0,19.3,373,1066,1,1.24,0.00,2753,1,1.24,0.00,2753
2026-05-09 14:50:21,1,1,1,1129.4,0,19.3,373,1066,1,1.24,0.00,2753,1,1.24,0.00,2753
2026-05-09 14:50:21,1,1,1,1128.8,0,19.3,374,1065,1,1.24,0.00,1525,1,1.24,0.00,1525
2026-05-09 14:50:21,1,1,1,1128.1,0,19.4,375,1064,0,0.00,0.00,0,1,1.24,0.00,1525
2026-05-09 14:50:21,1,1,1,1128.1,0,19.4,375,1064,0,0.00,0.00,0,1,1.23,0.00,2525
2026-05-09 14:50:22,1,1,1,1126.9,0,19.5,377,1062,0,0.00,0.00,0,1,1.23,0.00,2525
2026-05-09 14:50:22,1,1,1,1126.9,0,19.5,377,1062,0,0.00,0.00,0,1,1.23,0.00,11674
2026-05-09 14:50:22,1,1,1,1127.3,0,19.6,378,1062,0,0.00,0.00,0,1,1.23,0.00,11674
2026-05-09 14:50:22,1,1,1,1127.3,0,19.6,378,1062,1,1.23,0.00,9050,1,1.23,0.00,9050
2026-05-09 14:50:22,1,1,1,1127.6,0,19.6,379,1062,1,1.23,0.00,9050,1,1.23,0.00,9050
2026-05-09 14:50:22,1,1,1,1127.3,0,19.8,381,1061,1,1.23,0.00,6109,1,1.23,0.00,6109
2026-05-09 14:50:22,1,1,1,1127.3,0,19.8,381,1061,1,1.23,0.00,6109,1,1.23,0.00,6109
2026-05-09 14:50:22,1,1,1,1121.5,0,20.6,394,1050,1,1.23,0.00,6274,1,1.23,0.00,6274
2026-05-09 14:50:22,1,1,1,1121.5,0,20.6,394,1050,1,1.23,0.00,6274,1,1.23,0.00,6274
2026-05-09 14:50:22,1,1,1,1111.8,0,21.7,411,1033,1,1.23,0.00,13000,1,1.23,0.00,13000
2026-05-09 14:50:22,1,1,1,1111.8,0,21.7,411,1033,1,1.23,0.00,13000,1,1.23,0.00,13000
2026-05-09 14:50:22,1,1,1,1083.3,0,25.6,468,977,1,1.23,0.00,33874,1,1.23,0.00,33874
2026-05-09 14:50:22,1,1,1,1083.3,0,25.6,468,977,1,1.23,0.00,33874,1,1.23,0.00,33874
2026-05-09 14:50:22,1,1,1,1038.2,0,34.6,589,855,1,1.24,0.00,34066,1,1.24,0.00,34066
2026-05-09 14:50:22,1,1,1,1033.1,0,40.7,674,783,1,1.24,0.00,34066,1,1.24,0.00,34066
2026-05-09 14:50:22,1,1,1,1033.1,0,40.7,674,783,1,1.24,0.00,63233,1,1.24,0.00,63233
2026-05-09 14:50:22,1,1,1,1043.0,0,42.0,698,775,1,1.24,0.00,63233,1,1.24,0.00,63233
2026-05-09 14:50:22,1,1,1,1043.0,0,42.0,698,775,1,1.24,0.00,10709,1,1.24,0.00,10709
2026-05-09 14:50:22,1,1,1,1049.0,0,41.6,697,784,1,1.24,0.00,10709,1,1.24,0.00,10709
2026-05-09 14:50:22,1,1,1,1049.0,0,41.6,697,784,1,1.24,0.00,1690,1,1.24,0.00,1690
2026-05-09 14:50:23,1,1,1,1051.6,0,41.2,693,791,1,1.24,0.00,1690,1,1.24,0.00,1690
2026-05-09 14:50:23,1,1,1,1053.7,0,40.7,687,799,1,1.24,0.00,1184,1,1.24,0.00,1184
2026-05-09 14:50:23,1,1,1,1053.7,0,40.7,687,799,1,1.24,0.00,1184,1,1.24,0.00,1184
2026-05-09 14:50:23,1,1,1,1055.8,0,40.2,682,806,1,1.24,0.00,3602,1,1.24,0.00,3602
2026-05-09 14:50:23,1,1,1,1055.8,0,40.2,682,806,1,1.24,0.00,3602,1,1.24,0.00,3602
2026-05-09 14:50:23,1,1,1,1056.3,0,39.5,672,815,1,1.24,0.00,31781,1,1.24,0.00,31781
2026-05-09 14:50:23,1,1,1,1056.3,0,39.5,672,815,1,1.24,0.00,31781,1,1.24,0.00,31781
2026-05-09 14:50:23,1,1,1,1055.9,0,38.6,659,825,1,1.24,0.00,22133,1,1.24,0.00,22133
2026-05-09 14:50:23,1,1,1,1055.9,0,38.6,659,825,1,1.24,0.00,22133,1,1.24,0.00,22133
2026-05-09 14:50:23,1,1,1,1056.1,0,35.9,620,855,1,1.24,0.00,8570,1,1.24,0.00,8570
2026-05-09 14:50:23,1,1,1,1060.3,0,34.0,593,879,1,1.24,0.00,8570,1,1.24,0.00,8570
2026-05-09 14:50:23,1,1,1,1060.3,0,34.0,593,879,1,1.24,0.00,1690,1,1.24,0.00,1690
2026-05-09 14:50:23,1,1,1,1067.0,0,33.6,590,889,1,1.24,0.00,1690,1,1.24,0.00,1690
2026-05-09 14:50:23,1,1,1,1067.0,0,33.6,590,889,1,1.24,0.00,1160,1,1.24,0.00,1160
2026-05-09 14:50:23,1,1,1,1070.0,0,33.5,591,892,1,1.24,0.00,1160,1,1.24,0.00,1160
2026-05-09 14:50:23,1,1,1,1070.0,0,33.5,591,892,1,1.24,0.00,4112,1,1.24,0.00,4112
2026-05-09 14:50:23,1,1,1,1072.5,0,33.4,591,895,1,1.24,0.00,4112,1,1.24,0.00,4112
2026-05-09 14:50:23,1,1,1,1072.5,0,33.4,591,895,1,1.24,0.00,4112,1,1.24,0.00,4112
2026-05-09 14:50:23,1,1,1,1074.2,0,33.4,591,897,1,1.24,0.00,4112,1,1.24,0.00,4112
2026-05-09 14:50:23,1,1,1,1076.4,0,33.4,592,899,1,1.23,0.00,400,1,1.23,0.00,400
2026-05-09 14:50:24,1,1,1,1076.4,0,33.4,592,899,1,1.23,0.00,400,1,1.23,0.00,400
2026-05-09 14:50:24,1,1,1,1078.4,0,33.2,591,902,1,1.23,0.00,1312,1,1.23,0.00,1312
2026-05-09 14:50:24,1,1,1,1078.4,0,33.2,591,902,1,1.23,0.00,1312,1,1.23,0.00,1312
2026-05-09 14:50:24,1,1,1,1080.3,0,33.1,590,905,1,1.23,0.00,1312,1,1.23,0.00,1312
2026-05-09 14:50:24,1,1,1,1080.3,0,33.1,590,905,0,0.00,0.00,0,1,1.23,0.00,1312
2026-05-09 14:50:24,1,1,1,1083.4,0,33.1,591,908,0,0.00,0.00,0,1,1.23,0.00,1312
2026-05-09 14:50:24,1,1,1,1085.3,0,33.1,593,909,0,0.00,0.00,0,1,1.23,0.00,1312
2026-05-09 14:50:24,1,1,1,1085.3,0,33.1,593,909,0,0.00,0.00,0,1,1.23,0.00,1312
2026-05-09 14:50:24,1,1,1,1088.1,0,33.1,595,911,0,0.00,0.00,0,1,1.23,0.00,1312
2026-05-09 14:50:24,1,1,1,1088.1,0,33.1,595,911,0,0.00,0.00,0,1,1.23,0.00,1312
2026-05-09 14:50:24,1,1,1,1091.4,0,33.2,598,913,0,0.00,0.00,0,1,1.23,0.00,1312
2026-05-09 14:50:34,1,1,1,961.5,0,-28.2,-455,847,1,1.00,0.00,7325,1,1.00,0.00,7325
2026-05-09 14:50:34,1,1,1,961.5,0,-28.2,-455,847,1,1.00,0.00,7325,1,1.00,0.00,7325
2026-05-09 14:50:34,1,1,1,961.5,0,-28.2,-455,847,1,1.00,0.00,10706,1,1.00,0.00,10706
2026-05-09 14:50:34,1,1,1,961.5,0,-28.2,-455,847,1,1.00,0.00,10706,1,1.00,0.00,10706
2026-05-09 14:50:34,1,1,1,961.9,0,-28.3,-456,847,1,1.00,0.00,12740,1,1.00,0.00,12740
2026-05-09 14:50:34,1,1,1,962.8,0,-28.3,-456,848,1,1.00,0.00,12740,1,1.00,0.00,12740
2026-05-09 14:50:34,1,1,1,962.8,0,-28.3,-456,848,1,1.00,0.00,12469,1,1.00,0.00,12469
2026-05-09 14:50:34,1,1,1,963.3,0,-28.3,-457,848,1,1.00,0.00,12469,1,1.00,0.00,12469
2026-05-09 14:50:34,1,1,1,963.3,0,-28.3,-457,848,1,1.00,0.00,15912,1,1.00,0.00,15912
2026-05-09 14:50:35,1,1,1,964.2,0,-28.3,-457,849,1,1.00,0.00,15912,1,1.00,0.00,15912
2026-05-09 14:50:35,1,1,1,964.2,0,-28.3,-457,849,1,1.00,0.00,14969,1,1.00,0.00,14969
2026-05-09 14:50:35,1,1,1,964.7,0,-28.3,-458,849,1,1.00,0.00,14969,1,1.00,0.00,14969
2026-05-09 14:50:35,1,1,1,964.7,0,-28.3,-458,849,1,1.00,0.00,10609,1,1.00,0.00,10609
2026-05-09 14:50:35,1,1,1,964.7,0,-28.3,-458,849,1,1.00,0.00,10609,1,1.00,0.00,10609
2026-05-09 14:50:35,1,1,1,964.7,0,-28.3,-458,849,1,1.00,0.00,4394,1,1.00,0.00,4394
2026-05-09 14:50:35,1,1,1,964.7,0,-28.3,-458,849,1,1.00,0.00,4394,1,1.00,0.00,4394
2026-05-09 14:50:35,1,1,1,965.5,0,-28.3,-458,850,1,1.00,0.00,1417,1,1.00,0.00,1417
2026-05-09 14:50:35,1,1,1,965.5,0,-28.3,-458,850,1,1.00,0.00,1417,1,1.00,0.00,1417
2026-05-09 14:50:35,1,1,1,965.5,0,-28.3,-458,850,1,1.00,0.00,1417,1,1.00,0.00,1417
2026-05-09 14:50:35,1,1,1,965.5,0,-28.3,-458,850,1,1.00,0.00,1417,1,1.00,0.00,1417
2026-05-09 14:50:35,1,1,1,966.0,0,-28.4,-459,850,1,1.00,0.00,320,1,1.00,0.00,320
2026-05-09 14:50:35,1,1,1,968.2,0,-28.4,-460,852,0,0.00,0.00,0,1,1.00,0.00,320
2026-05-09 14:50:35,1,1,1,968.2,0,-28.4,-460,852,0,0.00,0.00,0,1,1.00,0.00,1090
2026-05-09 14:50:35,1,1,1,968.7,0,-28.4,-461,852,0,0.00,0.00,0,1,1.00,0.00,1090
2026-05-09 14:50:35,1,1,1,968.7,0,-28.4,-461,852,0,0.00,0.00,0,1,1.00,0.00,2425
2026-05-09 14:50:35,1,1,1,970.1,0,-28.4,-462,853,0,0.00,0.00,0,1,1.00,0.00,2425
2026-05-09 14:50:35,1,1,1,970.1,0,-28.4,-462,853,0,0.00,0.00,0,1,1.00,0.00,3200
2026-05-09 14:50:35,1,1,1,970.1,0,-28.4,-462,853,0,0.00,0.00,0,1,1.00,0.00,3200
2026-05-09 14:50:35,1,1,1,970.1,0,-28.4,-462,853,1,1.00,0.00,6800,1,1.00,0.00,6800
2026-05-09 14:50:36,1,1,1,970.6,0,-28.5,-463,853,1,1.00,0.00,6800,1,1.00,0.00,6800
2026-05-09 14:50:36,1,1,1,971.4,0,-28.5,-463,854,1,1.00,0.00,11866,1,1.00,0.00,11866
2026-05-09 14:50:36,1,1,1,971.4,0,-28.5,-463,854,1,1.00,0.00,11866,1,1.00,0.00,11866
2026-05-09 14:50:36,1,1,1,971.4,0,-28.5,-463,854,1,1.00,0.00,13226,1,1.00,0.00,13226
2026-05-09 14:50:36,1,1,1,971.4,0,-28.5,-463,854,1,1.00,0.00,13226,1,1.00,0.00,13226
2026-05-09 14:50:36,1,1,1,971.4,0,-28.5,-463,854,1,1.00,0.00,8989,1,1.00,0.00,8989
2026-05-09 14:50:36,1,1,1,971.4,0,-28.5,-463,854,1,1.00,0.00,8989,1,1.00,0.00,8989
2026-05-09 14:50:36,1,1,1,971.4,0,-28.5,-463,854,1,1.00,0.00,3434,1,1.00,0.00,3434
2026-05-09 14:50:36,1,1,1,972.3,0,-28.4,-463,855,1,1.00,0.00,3434,1,1.00,0.00,3434
2026-05-09 14:50:36,1,1,1,972.3,0,-28.4,-463,855,1,1.00,0.00,1604,1,1.00,0.00,1604
2026-05-09 14:50:36,1,1,1,972.3,0,-28.4,-463,855,1,1.00,0.00,1604,1,1.00,0.00,1604
2026-05-09 14:50:36,1,1,1,972.3,0,-28.4,-463,855,1,1.00,0.00,274,1,1.00,0.00,274
2026-05-09 14:50:36,1,1,1,971.8,0,-28.4,-462,855,1,1.00,0.00,274,1,1.00,0.00,274
2026-05-09 14:50:36,1,1,1,971.8,0,-28.4,-462,855,1,1.00,0.00,2448,1,1.00,0.00,2448
2026-05-09 14:50:36,1,1,1,972.3,0,-28.4,-463,855,0,0.00,0.00,0,1,1.00,0.00,2448
2026-05-09 14:50:36,1,1,1,972.3,0,-28.4,-463,855,0,0.00,0.00,0,1,1.00,0.00,4705
2026-05-09 14:50:36,1,1,1,972.3,0,-28.4,-463,855,0,0.00,0.00,0,1,1.00,0.00,4705
2026-05-09 14:50:36,1,1,1,972.3,0,-28.4,-463,855,1,1.00,0.00,7373,1,1.00,0.00,7373
2026-05-09 14:50:36,1,1,1,972.3,0,-28.4,-463,855,1,1.00,0.00,7373,1,1.00,0.00,7373
2026-05-09 14:50:36,1,1,1,973.2,0,-28.4,-463,856,1,1.00,0.00,11368,1,1.00,0.00,11368
2026-05-09 14:50:37,1,1,1,973.2,0,-28.4,-463,856,1,1.00,0.00,11368,1,1.00,0.00,11368
2026-05-09 14:50:37,1,1,1,973.2,0,-28.4,-463,856,1,1.00,0.00,6705,1,1.00,0.00,6705
2026-05-09 14:50:37,1,1,1,973.2,0,-28.4,-463,856,1,1.00,0.00,6705,1,1.00,0.00,6705
2026-05-09 14:50:37,1,1,1,973.2,0,-28.4,-463,856,1,1.00,0.00,2000,1,1.00,0.00,2000
2026-05-09 14:50:37,1,1,1,973.2,0,-28.4,-463,856,1,1.00,0.00,2000,1,1.00,0.00,2000
2026-05-09 14:50:37,1,1,1,972.7,0,-28.4,-462,856,1,1.00,0.00,640,1,1.00,0.00,640
2026-05-09 14:50:37,1,1,1,973.6,0,-28.3,-462,857,1,1.00,0.00,640,1,1.00,0.00,640
2026-05-09 14:50:37,1,1,1,973.6,0,-28.3,-462,857,1,1.00,0.00,640,1,1.00,0.00,640
2026-05-09 14:50:37,1,1,1,973.6,0,-28.3,-462,857,0,0.00,0.00,0,1,1.00,0.00,640
2026-05-09 14:50:37,1,1,1,973.6,0,-28.3,-462,857,0,0.00,0.00,0,1,1.00,0.00,640
2026-05-09 14:50:37,1,1,1,973.6,0,-28.3,-462,857,0,0.00,0.00,0,1,1.00,0.00,640
2026-05-09 14:50:37,1,1,1,973.6,0,-28.3,-462,857,0,0.00,0.00,0,1,1.00,0.00,640
2026-05-09 14:50:37,1,1,1,972.7,0,-28.4,-462,856,0,0.00,0.00,0,1,1.00,0.00,640
2026-05-09 14:50:37,1,1,1,971.8,0,-28.4,-462,855,0,0.00,0.00,0,1,1.00,0.00,640
2026-05-09 14:50:37,1,1,1,971.8,0,-28.4,-462,855,0,0.00,0.00,0,1,1.00,0.00,640
2026-05-09 14:50:37,1,1,1,972.3,0,-28.4,-463,855,0,0.00,0.00,0,1,1.00,0.00,640
2026-05-09 14:50:37,1,1,1,972.3,0,-28.4,-463,855,0,0.00,0.00,0,1,1.00,0.00,640
2026-05-09 14:50:37,1,1,1,972.3,0,-28.4,-463,855,0,0.00,0.00,0,1,1.00,0.00,640
2026-05-09 14:50:37,1,1,1,972.3,0,-28.4,-463,855,0,0.00,0.00,0,1,1.00,0.00,640
2026-05-09 14:50:37,1,1,1,972.3,0,-28.4,-463,855,0,0.00,0.00,0,1,1.00,0.00,640
2026-05-09 14:50:38,1,1,1,972.3,0,-28.4,-463,855,0,0.00,0.00,0,0,0.00,0.00,0
2026-05-09 14:50:38,1,1,1,972.3,0,-28.4,-463,855,0,0.00,0.00,0,1,1.00,0.00,500
2026-05-09 14:50:38,1,1,1,972.3,0,-28.4,-463,855,0,0.00,0.00,0,1,1.00,0.00,500
2026-05-09 14:50:38,1,1,1,972.3,0,-28.4,-463,855,0,0.00,0.00,0,1,1.00,0.00,1025
2026-05-09 14:50:38,1,1,1,971.8,0,-28.4,-462,855,0,0.00,0.00,0,1,1.00,0.00,1025
2026-05-09 14:50:38,1,1,1,971.8,0,-28.4,-462,855,0,0.00,0.00,0,1,1.00,0.00,2293
2026-05-09 14:50:38,1,1,1,971.8,0,-28.4,-462,855,0,0.00,0.00,0,1,1.00,0.00,2293
2026-05-09 14:50:38,1,1,1,971.8,0,-28.4,-462,855,0,0.00,0.00,0,1,1.00,0.00,1205
2026-05-09 14:50:38,1,1,1,971.4,0,-28.3,-461,855,0,0.00,0.00,0,1,1.00,0.00,1205
2026-05-09 14:50:38,1,1,1,970.0,0,-28.3,-460,854,0,0.00,0.00,0,1,1.00,0.00,610
2026-05-09 14:50:38,1,1,1,970.0,0,-28.3,-460,854,0,0.00,0.00,0,1,1.00,0.00,610
2026-05-09 14:50:38,1,1,1,969.5,0,-28.3,-459,854,0,0.00,0.00,0,1,1.00,0.00,261
2026-05-09 14:50:38,1,1,1,969.5,0,-28.3,-459,854,0,0.00,0.00,0,1,1.00,0.00,261
2026-05-09 14:50:38,1,1,1,968.2,0,-28.2,-458,853,0,0.00,0.00,0,1,1.00,0.00,261
2026-05-09 14:50:38,1,1,1,968.2,0,-28.2,-458,853,0,0.00,0.00,0,1,1.00,0.00,261
2026-05-09 14:50:38,1,1,1,966.8,0,-28.2,-457,852,0,0.00,0.00,0,1,1.00,0.00,261
2026-05-09 14:50:38,1,1,1,966.8,0,-28.2,-457,852,0,0.00,0.00,0,1,1.00,0.00,261
2026-05-09 14:50:38,1,1,1,965.5,0,-28.2,-456,851,0,0.00,0.00,0,1,1.00,0.00,261
2026-05-09 14:50:38,1,1,1,965.5,0,-28.2,-456,851,0,0.00,0.00,0,1,1.00,0.00,261
2026-05-09 14:50:38,1,1,1,965.5,0,-28.2,-456,851,0,0.00,0.00,0,1,1.00,0.00,261
2026-05-09 14:50:39,1,1,1,967.3,0,-28.3,-458,852,0,0.00,0.00,0,1,1.00,0.00,261
2026-05-09 14:50:39,1,1,1,967.3,0,-28.3,-458,852,0,0.00,0.00,0,1,1.00,0.00,261
2026-05-09 14:50:39,1,1,1,967.8,0,-28.3,-459,852,0,0.00,0.00,0,1,1.00,0.00,261
2026-05-09 14:50:39,1,1,1,967.8,0,-28.3,-459,852,0,0.00,0.00,0,1,1.00,0.00,521
2026-05-09 14:50:39,1,1,1,968.7,0,-28.3,-459,853,0,0.00,0.00,0,1,1.00,0.00,521
2026-05-09 14:50:39,1,1,1,968.7,0,-28.3,-459,853,0,0.00,0.00,0,1,1.02,0.00,410
2026-05-09 14:50:39,1,1,1,968.7,0,-28.3,-459,853,0,0.00,0.00,0,1,1.02,0.00,410
2026-05-09 14:50:39,1,1,1,968.2,0,-28.2,-458,853,0,0.00,0.00,0,1,1.03,0.00,410
2026-05-09 14:50:39,1,1,1,968.2,0,-28.2,-458,853,0,0.00,0.00,0,1,1.03,0.00,410
2026-05-09 14:50:39,1,1,1,970.9,-8,-28.3,-460,855,0,0.00,0.00,0,1,1.03,0.00,410
2026-05-09 14:50:39,1,1,1,970.9,-8,-28.3,-460,855,0,0.00,0.00,0,1,1.03,0.00,410
2026-05-09 14:50:39,1,1,1,973.1,0,-28.3,-461,857,0,0.00,0.00,0,1,1.03,0.00,410
2026-05-09 14:50:39,1,1,1,973.1,0,-28.3,-461,857,0,0.00,0.00,0,1,1.03,0.00,410
2026-05-09 14:50:39,1,1,1,973.6,0,-28.3,-462,857,0,0.00,0.00,0,1,1.00,0.00,657
2026-05-09 14:50:39,1,1,1,973.6,0,-28.3,-462,857,0,0.00,0.00,0,1,1.00,0.00,657
2026-05-09 14:50:39,1,1,1,973.6,0,-28.3,-462,857,0,0.00,0.00,0,1,1.00,0.00,626
2026-05-09 14:50:39,1,1,1,973.6,0,-28.3,-462,857,0,0.00,0.00,0,1,1.00,0.00,626
2026-05-09 14:50:39,1,1,1,973.6,0,-28.3,-462,857,0,0.00,0.00,0,1,1.00,0.00,509
2026-05-09 14:50:39,1,1,1,972.2,0,-28.3,-461,856,0,0.00,0.00,0,1,1.00,0.00,509
2026-05-09 14:50:39,1,1,1,972.2,0,-28.3,-461,856,0,0.00,0.00,0,1,1.00,0.00,509
2026-05-09 14:50:40,1,1,1,972.2,0,-28.3,-461,856,0,0.00,0.00,0,1,1.00,0.00,509
2026-05-09 14:50:40,1,1,1,969.5,0,-28.3,-459,854,0,0.00,0.00,0,1,1.00,0.00,509
2026-05-09 14:50:40,1,1,1,969.5,0,-28.3,-459,854,0,0.00,0.00,0,1,1.00,0.00,509
2026-05-09 14:50:40,1,1,1,970.4,0,-28.2,-459,855,0,0.00,0.00,0,1,1.00,0.00,509
2026-05-09 14:50:40,1,1,1,970.4,0,-28.2,-459,855,0,0.00,0.00,0,1,1.00,0.00,509
2026-05-09 14:50:40,1,1,1,970.4,0,-28.2,-459,855,0,0.00,0.00,0,1,1.00,0.00,401
2026-05-09 14:50:40,1,1,1,970.4,0,-28.2,-459,855,0,0.00,0.00,0,1,1.00,0.00,401
2026-05-09 14:50:40,1,1,1,969.9,0,-28.2,-458,855,0,0.00,0.00,0,1,1.00,0.00,257
2026-05-09 14:50:40,1,1,1,969.9,0,-28.2,-458,855,0,0.00,0.00,0,1,1.00,0.00,257
2026-05-09 14:50:40,1,1,1,967.6,0,-28.0,-455,854,0,0.00,0.00,0,1,1.00,0.00,257
2026-05-09 14:50:40,1,1,1,969.0,0,-28.1,-456,855,0,0.00,0.00,0,1,1.00,0.00,257
2026-05-09 14:50:40,1,1,1,969.0,0,-28.1,-456,855,0,0.00,0.00,0,1,1.00,0.00,257
2026-05-09 14:50:40,1,1,1,970.4,0,-28.1,-457,856,0,0.00,0.00,0,1,1.00,0.00,257
2026-05-09 14:50:40,1,1,1,970.4,0,-28.1,-457,856,0,0.00,0.00,0,1,1.01,0.00,442
2026-05-09 14:50:40,1,1,1,970.8,0,-28.1,-458,856,0,0.00,0.00,0,1,1.01,0.00,442
2026-05-09 14:50:40,1,1,1,970.8,0,-28.1,-458,856,0,0.00,0.00,0,1,1.01,0.00,530
2026-05-09 14:50:40,1,1,1,971.7,0,-28.1,-458,857,0,0.00,0.00,0,1,1.01,0.00,530
2026-05-09 14:50:40,1,1,1,972.2,0,-28.2,-459,857,0,0.00,0.00,0,1,1.01,0.00,281
2026-05-09 14:50:40,1,1,1,972.2,0,-28.2,-459,857,0,0.00,0.00,0,1,1.01,0.00,281
2026-05-09 14:50:40,1,1,1,972.2,0,-28.2,-459,857,0,0.00,0.00,0,1,1.01,0.00,281
2026-05-09 14:50:41,1,1,1,972.2,0,-28.2,-459,857,0,0.00,0.00,0,1,1.01,0.00,281
2026-05-09 14:50:41,1,1,1,971.3,0,-28.2,-459,856,0,0.00,0.00,0,1,1.01,0.00,281
2026-05-09 14:50:41,1,1,1,971.3,0,-28.2,-459,856,0,0.00,0.00,0,1,1.01,0.00,281
2026-05-09 14:50:41,1,1,1,971.8,0,-28.3,-460,856,0,0.00,0.00,0,1,1.01,0.00,281
2026-05-09 14:50:41,1,1,1,971.8,0,-28.3,-460,856,0,0.00,0.00,0,1,1.01,0.00,281
2026-05-09 14:50:41,1,1,1,975.4,0,-28.3,-462,859,0,0.00,0.00,0,1,1.01,0.00,281
2026-05-09 14:50:41,1,1,1,977.6,0,-28.3,-463,861,0,0.00,0.00,0,1,1.01,0.00,281
2026-05-09 14:50:41,1,1,1,977.6,0,-28.3,-463,861,0,0.00,0.00,0,1,1.01,0.00,281
2026-05-09 14:50:41,1,1,1,979.8,0,-28.3,-464,863,0,0.00,0.00,0,1,1.01,0.00,281
2026-05-09 14:50:41,1,1,1,979.8,0,-28.3,-464,863,0,0.00,0.00,0,1,1.01,0.00,281
2026-05-09 14:50:41,1,1,1,979.8,0,-28.3,-464,863,0,0.00,0.00,0,1,1.01,0.00,281
2026-05-09 14:50:41,1,1,1,979.8,0,-28.3,-464,863,0,0.00,0.00,0,1,1.01,0.00,281
2026-05-09 14:50:41,1,1,1,978.9,0,-28.3,-464,862,0,0.00,0.00,0,0,0.00,0.00,0
2026-05-09 14:50:41,1,1,1,978.9,0,-28.3,-464,862,0,0.00,0.00,0,1,1.00,0.00,1321
2026-05-09 14:50:41,1,1,1,977.6,0,-28.3,-463,861,0,0.00,0.00,0,1,1.00,0.00,1321
2026-05-09 14:50:41,1,1,1,976.2,0,-28.2,-462,860,0,0.00,0.00,0,1,1.00,0.00,1234
2026-05-09 14:50:41,1,1,1,976.2,0,-28.2,-462,860,0,0.00,0.00,0,1,1.00,0.00,1234
2026-05-09 14:50:41,1,1,1,976.2,0,-28.2,-462,860,0,0.00,0.00,0,1,1.00,0.00,2696
2026-05-09 14:50:41,1,1,1,976.2,0,-28.2,-462,860,0,0.00,0.00,0,1,1.00,0.00,2696
2026-05-09 14:50:41,1,1,1,974.9,0,-28.2,-461,859,0,0.00,0.00,0,1,1.00,0.00,2393
2026-05-09 14:50:42,1,1,1,974.9,0,-28.2,-461,859,0,0.00,0.00,0,1,1.00,0.00,2393
2026-05-09 14:50:42,1,1,1,974.9,0,-28.2,-461,859,0,0.00,0.00,0,1,1.02,0.01,404
2026-05-09 14:50:42,1,1,1,974.4,0,-28.2,-460,859,0,0.00,0.00,0,1,1.02,0.01,404
2026-05-09 14:50:42,1,1,1,974.4,0,-28.2,-460,859,0,0.00,0.00,0,1,1.02,0.01,404
2026-05-09 14:50:42,1,1,1,974.4,0,-28.2,-460,859,0,0.00,0.00,0,1,1.02,0.01,404
2026-05-09 14:50:42,1,1,1,974.4,0,-28.2,-460,859,0,0.00,0.00,0,1,1.01,0.00,212
2026-05-09 14:50:42,1,1,1,973.1,0,-28.1,-459,858,0,0.00,0.00,0,1,1.01,0.00,212
2026-05-09 14:50:42,1,1,1,973.1,0,-28.1,-459,858,0,0.00,0.00,0,1,1.01,0.00,212
2026-05-09 14:50:42,1,1,1,971.7,0,-28.1,-458,857,0,0.00,0.00,0,1,1.01,0.00,212
2026-05-09 14:50:42,1,1,1,971.7,0,-28.1,-458,857,0,0.00,0.00,0,1,1.01,0.00,1345
2026-05-09 14:50:42,1,1,1,970.4,0,-28.1,-457,856,0,0.00,0.00,0,1,1.01,0.00,1345
2026-05-09 14:50:42,1,1,1,969.5,0,-28.1,-457,855,0,0.00,0.00,0,1,1.01,0.00,1521
2026-05-09 14:50:42,1,1,1,969.5,0,-28.1,-457,855,0,0.00,0.00,0,1,1.01,0.00,1521
2026-05-09 14:50:42,1,1,1,968.1,0,-28.1,-456,854,0,0.00,0.00,0,1,1.01,0.00,3386
2026-05-09 14:50:42,1,1,1,968.1,0,-28.1,-456,854,0,0.00,0.00,0,1,1.01,0.00,3386
2026-05-09 14:50:42,1,1,1,968.1,0,-28.1,-456,854,1,1.01,0.00,4090,1,1.01,0.00,4090
2026-05-09 14:50:42,1,1,1,968.1,0,-28.1,-456,854,1,1.01,0.00,4090,1,1.01,0.00,4090
2026-05-09 14:50:42,1,1,1,967.2,0,-28.1,-456,853,1,1.01,0.00,4450,1,1.01,0.00,4450
2026-05-09 14:50:42,1,1,1,965.9,0,-28.1,-455,852,1,1.01,0.00,4450,1,1.01,0.00,4450
2026-05-09 14:50:42,1,1,1,965.9,0,-28.1,-455,852,1,1.01,0.00,3364,1,1.01,0.00,3364
2026-05-09 14:50:43,1,1,1,965.0,0,-28.1,-455,851,1,1.01,0.00,3364,1,1.01,0.00,3364
2026-05-09 14:50:43,1,1,1,965.0,0,-28.1,-455,851,1,1.00,0.00,3602,1,1.00,0.00,3602
2026-05-09 14:50:43,1,1,1,964.5,0,-28.1,-454,851,1,1.00,0.00,3602,1,1.00,0.00,3602
2026-05-09 14:50:43,1,1,1,964.5,0,-28.1,-454,851,1,1.00,0.00,3016,1,1.00,0.00,3016
2026-05-09 14:50:43,1,1,1,963.6,0,-28.1,-454,850,1,1.00,0.00,3016,1,1.00,0.00,3016
2026-05-09 14:50:43,1,1,1,963.6,0,-28.1,-454,850,1,1.00,0.00,2873,1,1.00,0.00,2873
2026-05-09 14:50:43,1,1,1,963.6,0,-28.1,-454,850,1,1.00,0.00,2873,1,1.00,0.00,2873
2026-05-09 14:50:43,1,1,1,964.1,0,-28.2,-455,850,1,1.00,0.00,2276,1,1.00,0.00,2276
2026-05-09 14:50:43,1,1,1,964.1,0,-28.2,-455,850,1,1.00,0.00,2276,1,1.00,0.00,2276
2026-05-09 14:50:43,1,1,1,964.1,0,-28.2,-455,850,1,1.00,0.00,701,1,1.00,0.00,701
2026-05-09 14:50:43,1,1,1,964.1,0,-28.2,-455,850,0,0.00,0.00,0,1,1.00,0.00,701
2026-05-09 14:50:43,1,1,1,962.8,0,-28.1,-454,849,0,0.00,0.00,0,1,1.00,0.00,701
2026-05-09 14:50:43,1,1,1,962.8,0,-28.1,-454,849,0,0.00,0.00,0,1,1.00,0.00,701
2026-05-09 14:50:43,1,1,1,962.8,0,-28.1,-454,849,0,0.00,0.00,0,1,1.00,0.00,5185
2026-05-09 14:50:43,1,1,1,961.9,0,-28.2,-454,848,0,0.00,0.00,0,1,1.00,0.00,5185
2026-05-09 14:50:43,1,1,1,961.9,0,-28.2,-454,848,1,1.00,0.00,6617,1,1.00,0.00,6617
2026-05-09 14:50:43,1,1,1,962.4,0,-28.2,-455,848,1,1.00,0.00,6617,1,1.00,0.00,6617
2026-05-09 14:50:43,1,1,1,962.4,0,-28.2,-455,848,1,1.00,0.00,15490,1,1.00,0.00,15490
2026-05-09 14:50:43,1,1,1,963.2,0,-28.2,-455,849,1,1.00,0.00,15490,1,1.00,0.00,15490
2026-05-09 14:50:43,1,1,1,963.2,0,-28.2,-455,849,1,1.00,0.00,12816,1,1.00,0.00,12816
2026-05-09 14:50:44,1,1,1,963.7,0,-28.2,-456,849,1,1.00,0.00,12816,1,1.00,0.00,12816
2026-05-09 14:50:44,1,1,1,963.7,0,-28.2,-456,849,1,1.00,0.00,8353,1,1.00,0.00,8353
2026-05-09 14:50:44,1,1,1,964.6,0,-28.2,-456,850,1,1.00,0.00,8353,1,1.00,0.00,8353
2026-05-09 14:50:44,1,1,1,964.6,0,-28.2,-456,850,1,1.00,0.00,4969,1,1.00,0.00,4969
2026-05-09 14:50:44,1,1,1,964.6,0,-28.2,-456,850,1,1.00,0.00,4969,1,1.00,0.00,4969
2026-05-09 14:50:44,1,1,1,963.7,0,-28.2,-456,849,1,1.00,0.00,1360,1,1.00,0.00,1360
2026-05-09 14:50:44,1,1,1,963.7,0,-28.2,-456,849,1,1.00,0.00,1360,1,1.00,0.00,1360
2026-05-09 14:50:44,1,1,1,963.7,0,-28.2,-456,849,1,1.00,0.00,1360,1,1.00,0.00,1360
2026-05-09 14:50:44,1,1,1,963.7,0,-28.2,-456,849,1,1.00,0.00,1360,1,1.00,0.00,1360
2026-05-09 14:50:44,1,1,1,964.6,0,-28.2,-456,850,1,1.00,0.00,1360,1,1.00,0.00,1360
2026-05-09 14:50:44,1,1,1,964.6,0,-28.2,-456,850,0,0.00,0.00,0,1,1.00,0.00,1360
2026-05-09 14:50:44,1,1,1,964.6,0,-28.2,-456,850,0,0.00,0.00,0,1,1.00,0.00,1360
2026-05-09 14:50:44,1,1,1,962.4,0,-28.2,-455,848,0,0.00,0.00,0,1,1.00,0.00,1360
2026-05-09 14:50:44,1,1,1,962.4,0,-28.2,-455,848,0,0.00,0.00,0,1,1.00,0.00,585
2026-05-09 14:50:44,1,1,1,961.0,0,-28.2,-454,847,0,0.00,0.00,0,1,1.00,0.00,585
2026-05-09 14:50:44,1,1,1,961.0,0,-28.2,-454,847,0,0.00,0.00,0,1,1.00,0.00,1754
2026-05-09 14:50:44,1,1,1,960.1,0,-28.2,-454,846,0,0.00,0.00,0,1,1.00,0.00,1754
2026-05-09 14:50:44,1,1,1,960.1,0,-28.2,-454,846,0,0.00,0.00,0,1,1.00,0.00,4500
2026-05-09 14:50:44,1,1,1,958.8,0,-28.2,-453,845,0,0.00,0.00,0,1,1.00,0.00,4500
2026-05-09 14:50:44,1,1,1,958.3,0,-28.1,-452,845,1,1.00,0.00,6425,1,1.00,0.00,6425
2026-05-09 14:50:45,1,1,1,958.3,0,-28.1,-452,845,1,1.00,0.00,6425,1,1.00,0.00,6425
2026-05-09 14:50:45,1,1,1,958.3,0,-28.1,-452,845,1,1.00,0.00,6697,1,1.00,0.00,6697
2026-05-09 14:50:45,1,1,1,958.3,0,-28.1,-452,845,1,1.00,0.00,6697,1,1.00,0.00,6697
2026-05-09 14:50:45,1,1,1,958.3,0,-28.1,-452,845,1,1.00,0.00,7057,1,1.00,0.00,7057
2026-05-09 14:50:45,1,1,1,958.3,0,-28.1,-452,845,1,1.00,0.00,7057,1,1.00,0.00,7057
2026-05-09 14:50:45,1,1,1,958.3,0,-28.1,-452,845,1,1.00,0.00,3701,1,1.00,0.00,3701
2026-05-09 14:50:45,1,1,1,958.3,0,-28.1,-452,845,1,1.00,0.00,3701,1,1.00,0.00,3701
2026-05-09 14:50:45,1,1,1,959.6,0,-28.2,-453,846,1,1.00,0.00,3650,1,1.00,0.00,3650
2026-05-09 14:50:45,1,1,1,959.6,0,-28.2,-453,846,1,1.00,0.00,3650,1,1.00,0.00,3650
2026-05-09 14:50:45,1,1,1,959.6,0,-28.2,-453,846,1,1.00,0.00,2858,1,1.00,0.00,2858
2026-05-09 14:50:45,1,1,1,961.0,0,-28.2,-454,847,1,1.00,0.00,2858,1,1.00,0.00,2858
2026-05-09 14:50:45,1,1,1,961.0,0,-28.2,-454,847,1,1.00,0.00,1445,1,1.00,0.00,1445
2026-05-09 14:50:45,1,1,1,961.0,0,-28.2,-454,847,1,1.00,0.00,1445,1,1.00,0.00,1445
2026-05-09 14:50:45,1,1,1,961.0,0,-28.2,-454,847,1,1.00,0.00,2405,1,1.00,0.00,2405
2026-05-09 14:50:45,1,1,1,961.5,0,-28.2,-455,847,0,0.00,0.00,0,1,1.00,0.00,2405
2026-05-09 14:50:45,1,1,1,962.8,0,-28.3,-456,848,0,0.00,0.00,0,1,1.00,0.00,1492
2026-05-09 14:50:45,1,1,1,962.8,0,-28.3,-456,848,0,0.00,0.00,0,1,1.00,0.00,1492
2026-05-09 14:50:45,1,1,1,964.7,0,-28.3,-458,849,0,0.00,0.00,0,1,1.00,0.00,733
2026-05-09 14:50:45,1,1,1,964.7,0,-28.3,-458,849,0,0.00,0.00,0,1,1.00,0.00,733
2026-05-09 14:50:45,1,1,1,966.0,0,-28.4,-459,850,0,0.00,0.00,0,1,1.00,0.00,450
2026-05-09 14:50:46,1,1,1,966.0,0,-28.4,-459,850,0,0.00,0.00,0,1,1.00,0.00,450
2026-05-09 14:50:46,1,1,1,967.8,0,-28.4,-461,851,0,0.00,0.00,0,1,1.00,0.00,328
2026-05-09 14:50:46,1,1,1,967.8,0,-28.4,-461,851,0,0.00,0.00,0,1,1.00,0.00,328
2026-05-09 14:50:46,1,1,1,968.3,0,-28.5,-462,851,0,0.00,0.00,0,1,1.00,0.00,328
2026-05-09 14:50:46,1,1,1,969.7,0,-28.5,-463,852,0,0.00,0.00,0,1,1.00,0.00,328
2026-05-09 14:50:46,1,1,1,969.7,0,-28.5,-463,852,0,0.00,0.00,0,1,1.00,0.00,328
2026-05-09 14:50:46,1,1,1,971.0,0,-28.5,-464,853,0,0.00,0.00,0,1,1.00,0.00,328
2026-05-09 14:50:46,1,1,1,971.0,0,-28.5,-464,853,0,0.00,0.00,0,1,1.00,0.00,328
2026-05-09 14:50:46,1,1,1,972.9,0,-28.6,-466,854,0,0.00,0.00,0,1,1.00,0.00,328
2026-05-09 14:50:46,1,1,1,972.9,0,-28.6,-466,854,0,0.00,0.00,0,1,1.00,0.00,328
2026-05-09 14:50:46,1,1,1,974.7,0,-28.7,-468,855,0,0.00,0.00,0,1,1.00,0.00,328
2026-05-09 14:50:46,1,1,1,976.1,0,-28.7,-469,856,0,0.00,0.00,0,1,1.00,0.00,866
2026-05-09 14:50:46,1,1,1,976.1,0,-28.7,-469,856,0,0.00,0.00,0,1,1.00,0.00,866
2026-05-09 14:50:46,1,1,1,977.4,0,-28.7,-470,857,0,0.00,0.00,0,1,1.00,0.00,754
2026-05-09 14:50:46,1,1,1,977.4,0,-28.7,-470,857,0,0.00,0.00,0,1,1.00,0.00,754
2026-05-09 14:50:46,1,1,1,977.9,0,-28.8,-471,857,0,0.00,0.00,0,1,1.00,0.00,481
2026-05-09 14:50:46,1,1,1,977.9,0,-28.8,-471,857,0,0.00,0.00,0,1,1.00,0.00,481
2026-05-09 14:50:46,1,1,1,979.3,0,-28.8,-472,858,0,0.00,0.00,0,1,1.00,0.00,481
2026-05-09 14:50:46,1,1,1,979.3,0,-28.8,-472,858,0,0.00,0.00,0,1,1.00,0.00,481
2026-05-09 14:50:46,1,1,1,980.6,0,-28.8,-473,859,0,0.00,0.00,0,1,1.00,0.00,481
2026-05-09 14:50:47,1,1,1,981.5,0,-28.8,-473,860,0,0.00,0.00,0,1,1.00,0.00,481
2026-05-09 14:50:47,1,1,1,981.5,0,-28.8,-473,860,0,0.00,0.00,0,1,1.00,0.00,481
2026-05-09 14:50:47,1,1,1,981.5,0,-28.8,-473,860,0,0.00,0.00,0,1,1.00,0.00,481
2026-05-09 14:50:47,1,1,1,981.5,0,-28.8,-473,860,0,0.00,0.00,0,1,1.00,0.00,481
2026-05-09 14:50:47,1,1,1,982.9,0,-28.8,-474,861,0,0.00,0.00,0,1,1.00,0.00,481
2026-05-09 14:50:47,1,1,1,982.9,0,-28.8,-474,861,0,0.00,0.00,0,1,1.00,0.00,481
2026-05-09 14:50:47,1,1,1,982.9,0,-28.8,-474,861,0,0.00,0.00,0,1,1.00,0.00,481
2026-05-09 14:50:47,1,1,1,983.3,0,-28.9,-475,861,0,0.00,0.00,0,1,1.00,0.00,481
2026-05-09 14:50:47,1,1,1,983.3,0,-28.9,-475,861,0,0.00,0.00,0,1,1.00,0.00,481
2026-05-09 14:50:47,1,1,1,984.7,0,-28.9,-476,862,0,0.00,0.00,0,1,1.00,0.00,481
2026-05-09 14:50:47,1,1,1,984.7,0,-28.9,-476,862,0,0.00,0.00,0,0,0.00,0.00,0
2026-05-09 14:50:47,1,1,1,984.2,0,-28.9,-475,862,0,0.00,0.00,0,0,0.00,0.00,0
2026-05-09 14:50:47,1,1,1,984.2,0,-28.9,-475,862,0,0.00,0.00,0,0,0.00,0.00,0
2026-05-09 14:50:47,1,1,1,982.9,0,-28.8,-474,861,0,0.00,0.00,0,1,1.00,0.00,1378
2026-05-09 14:50:47,1,1,1,982.9,0,-28.8,-474,861,0,0.00,0.00,0,1,1.00,0.00,1378
2026-05-09 14:50:47,1,1,1,982.0,0,-28.9,-474,860,0,0.00,0.00,0,1,1.00,0.00,1105
2026-05-09 14:50:47,1,1,1,980.6,0,-28.8,-473,859,0,0.00,0.00,0,1,1.00,0.00,1105
2026-05-09 14:50:47,1,1,1,980.6,0,-28.8,-473,859,0,0.00,0.00,0,1,1.00,0.00,850
2026-05-09 14:50:47,1,1,1,980.1,0,-28.8,-472,859,0,0.00,0.00,0,1,1.00,0.00,850
2026-05-09 14:50:47,1,1,1,980.1,0,-28.8,-472,859,0,0.00,0.00,0,1,1.00,0.00,1277
2026-05-09 14:50:48,1,1,1,981.0,0,-28.8,-472,860,0,0.00,0.00,0,1,1.00,0.00,1277
2026-05-09 14:50:48,1,1,1,981.0,0,-28.8,-472,860,0,0.00,0.00,0,1,1.00,0.00,1066
2026-05-09 14:50:48,1,1,1,981.0,0,-28.8,-472,860,0,0.00,0.00,0,1,1.00,0.00,1066
2026-05-09 14:50:48,1,1,1,982.4,0,-28.8,-473,861,0,0.00,0.00,0,1,1.00,0.00,520
2026-05-09 14:50:48,1,1,1,982.4,0,-28.8,-473,861,0,0.00,0.00,0,1,1.00,0.00,520
2026-05-09 14:50:48,1,1,1,982.4,0,-28.8,-473,861,0,0.00,0.00,0,1,1.00,0.00,970
2026-05-09 14:50:48,1,1,1,982.4,0,-28.8,-473,861,0,0.00,0.00,0,1,1.00,0.00,970
2026-05-09 14:50:48,1,1,1,982.4,0,-28.8,-473,861,0,0.00,0.00,0,1,1.00,0.00,1521
2026-05-09 14:50:48,1,1,1,982.4,0,-28.8,-473,861,0,0.00,0.00,0,1,1.00,0.00,1521
2026-05-09 14:50:48,1,1,1,982.4,0,-28.8,-473,861,0,0.00,0.00,0,1,1.00,0.00,1130
2026-05-09 14:50:48,1,1,1,982.4,0,-28.8,-473,861,0,0.00,0.00,0,1,1.00,0.00,1130
2026-05-09 14:50:48,1,1,1,982.4,0,-28.8,-473,861,0,0.00,0.00,0,1,1.00,0.00,1568
2026-05-09 14:50:48,1,1,1,981.5,0,-28.8,-473,860,0,0.00,0.00,0,1,1.00,0.00,1568
2026-05-09 14:50:48,1,1,1,981.5,0,-28.8,-473,860,0,0.00,0.00,0,1,1.00,0.00,2221
2026-05-09 14:50:48,1,1,1,981.5,0,-28.8,-473,860,0,0.00,0.00,0,1,1.00,0.00,2221
2026-05-09 14:50:48,1,1,1,981.5,0,-28.8,-473,860,0,0.00,0.00,0,1,1.00,0.00,2180
2026-05-09 14:50:48,1,1,1,981.5,0,-28.8,-473,860,0,0.00,0.00,0,1,1.00,0.00,2180
2026-05-09 14:50:48,1,1,1,981.5,0,-28.8,-473,860,0,0.00,0.00,0,1,1.00,0.00,1693
2026-05-09 14:50:48,1,1,1,981.5,0,-28.8,-473,860,0,0.00,0.00,0,1,1.00,0.00,1693
2026-05-09 14:50:48,1,1,1,981.5,0,-28.8,-473,860,0,0.00,0.00,0,1,1.00,0.00,845
2026-05-09 14:50:49,1,1,1,981.5,0,-28.8,-473,860,0,0.00,0.00,0,1,1.00,0.00,845
2026-05-09 14:50:49,1,1,1,981.5,0,-28.8,-473,860,0,0.00,0.00,0,1,1.00,0.00,845
2026-05-09 14:50:49,1,1,1,981.5,0,-28.8,-473,860,0,0.00,0.00,0,1,1.00,0.00,845
2026-05-09 14:50:49,1,1,1,980.1,0,-28.8,-472,859,0,0.00,0.00,0,1,1.00,0.00,545
2026-05-09 14:50:49,1,1,1,980.1,0,-28.8,-472,859,0,0.00,0.00,0,1,1.00,0.00,545
2026-05-09 14:50:49,1,1,1,977.9,0,-28.8,-471,857,0,0.00,0.00,0,1,1.00,0.00,1352
2026-05-09 14:50:49,1,1,1,977.9,0,-28.8,-471,857,0,0.00,0.00,0,1,1.00,0.00,1352
2026-05-09 14:50:49,1,1,1,976.5,0,-28.8,-470,856,0,0.00,0.00,0,1,1.00,0.00,1450
2026-05-09 14:50:49,1,1,1,976.5,0,-28.8,-470,856,0,0.00,0.00,0,1,1.00,0.00,1450
2026-05-09 14:50:49,1,1,1,976.5,0,-28.8,-470,856,0,0.00,0.00,0,1,1.00,0.00,1690
2026-05-09 14:50:49,1,1,1,976.5,0,-28.8,-470,856,0,0.00,0.00,0,1,1.00,0.00,1690
2026-05-09 14:50:49,1,1,1,976.5,0,-28.8,-470,856,0,0.00,0.00,0,1,1.00,0.00,4930
2026-05-09 14:50:49,1,1,1,976.5,0,-28.8,-470,856,0,0.00,0.00,0,1,1.00,0.00,4930
2026-05-09 14:50:49,1,1,1,976.5,0,-28.8,-470,856,1,1.00,0.00,8993,1,1.00,0.00,8993
2026-05-09 14:50:49,1,1,1,975.7,0,-28.8,-470,855,1,1.00,0.00,8993,1,1.00,0.00,8993
2026-05-09 14:50:49,1,1,1,975.7,0,-28.8,-470,855,1,1.00,0.00,9104,1,1.00,0.00,9104
2026-05-09 14:50:49,1,1,1,975.7,0,-28.8,-470,855,1,1.00,0.00,9104,1,1.00,0.00,9104
2026-05-09 14:50:49,1,1,1,975.7,0,-28.8,-470,855,1,1.00,0.00,6920,1,1.00,0.00,6920
2026-05-09 14:50:49,1,1,1,975.7,0,-28.8,-470,855,1,1.00,0.00,6920,1,1.00,0.00,6920
2026-05-09 14:50:49,1,1,1,975.7,0,-28.8,-470,855,1,1.00,0.00,6570,1,1.00,0.00,6570
2026-05-09 14:50:50,1,1,1,975.7,0,-28.8,-470,855,1,1.00,0.00,6570,1,1.00,0.00,6570
2026-05-09 14:50:50,1,1,1,974.8,0,-28.8,-470,854,1,1.00,0.00,3925,1,1.00,0.00,3925
2026-05-09 14:50:50,1,1,1,974.8,0,-28.8,-470,854,1,1.00,0.00,3925,1,1.00,0.00,3925
2026-05-09 14:50:50,1,1,1,974.8,0,-28.8,-470,854,1,1.00,0.00,905,1,1.00,0.00,905
2026-05-09 14:50:50,1,1,1,974.8,0,-28.8,-470,854,1,1.00,0.00,905,1,1.00,0.00,905
2026-05-09 14:50:50,1,1,1,974.8,0,-28.8,-470,854,1,1.00,0.00,905,1,1.00,0.00,905
2026-05-09 14:50:50,1,1,1,973.9,0,-28.9,-470,853,1,1.00,0.00,905,1,1.00,0.00,905
2026-05-09 14:50:50,1,1,1,973.9,0,-28.9,-470,853,1,1.00,0.00,445,1,1.00,0.00,445
2026-05-09 14:50:50,1,1,1,973.9,0,-28.9,-470,853,0,0.00,0.00,0,1,1.00,0.00,445
2026-05-09 14:50:50,1,1,1,973.9,0,-28.9,-470,853,0,0.00,0.00,0,1,1.00,0.00,1181
2026-05-09 14:50:50,1,1,1,973.9,0,-28.9,-470,853,0,0.00,0.00,0,1,1.00,0.00,1181
2026-05-09 14:50:50,1,1,1,973.9,0,-28.9,-470,853,0,0.00,0.00,0,1,1.00,0.00,1681
2026-05-09 14:50:50,1,1,1,973.0,0,-28.9,-470,852,0,0.00,0.00,0,1,1.00,0.00,1681
2026-05-09 14:50:50,1,1,1,971.7,0,-28.9,-469,851,0,0.00,0.00,0,1,1.00,0.00,2125
2026-05-09 14:50:50,1,1,1,971.7,0,-28.9,-469,851,0,0.00,0.00,0,1,1.00,0.00,2125
2026-05-09 14:50:50,1,1,1,970.8,0,-28.9,-469,850,0,0.00,0.00,0,1,1.00,0.00,1769
2026-05-09 14:50:50,1,1,1,970.8,0,-28.9,-469,850,0,0.00,0.00,0,1,1.00,0.00,1769
2026-05-09 14:50:50,1,1,1,970.3,0,-28.8,-468,850,0,0.00,0.00,0,1,1.00,0.00,1093
2026-05-09 14:50:50,1,1,1,970.3,0,-28.8,-468,850,0,0.00,0.00,0,1,1.00,0.00,1093
2026-05-09 14:50:50,1,1,1,969.4,0,-28.9,-468,849,0,0.00,0.00,0,1,1.00,0.00,794
2026-05-09 14:50:51,1,1,1,968.6,0,-28.9,-468,848,0,0.00,0.00,0,1,1.00,0.00,794
2026-05-09 14:50:51,1,1,1,968.6,0,-28.9,-468,848,0,0.00,0.00,0,1,1.00,0.00,697
2026-05-09 14:50:51,1,1,1,968.6,0,-28.9,-468,848,0,0.00,0.00,0,1,1.00,0.00,697
2026-05-09 14:50:51,1,1,1,968.6,0,-28.9,-468,848,0,0.00,0.00,0,1,1.00,0.00,881
2026-05-09 14:50:51,1,1,1,967.7,0,-28.9,-468,847,0,0.00,0.00,0,1,1.00,0.00,881
2026-05-09 14:50:51,1,1,1,967.7,0,-28.9,-468,847,0,0.00,0.00,0,1,1.00,0.00,1448
2026-05-09 14:50:51,1,1,1,966.3,0,-28.9,-467,846,0,0.00,0.00,0,1,1.00,0.00,1448
2026-05-09 14:50:51,1,1,1,966.3,0,-28.9,-467,846,0,0.00,0.00,0,1,1.00,0.00,2762
2026-05-09 14:50:51,1,1,1,965.5,0,-28.9,-467,845,0,0.00,0.00,0,1,1.00,0.00,2762
2026-05-09 14:50:51,1,1,1,964.1,0,-28.9,-466,844,0,0.00,0.00,0,1,1.00,0.00,3812
2026-05-09 14:50:51,1,1,1,964.1,0,-28.9,-466,844,0,0.00,0.00,0,1,1.00,0.00,3812
2026-05-09 14:50:51,1,1,1,962.7,0,-28.9,-465,843,1,1.00,0.00,5402,1,1.00,0.00,5402
2026-05-09 14:50:51,1,1,1,962.7,0,-28.9,-465,843,1,1.00,0.00,5402,1,1.00,0.00,5402
2026-05-09 14:50:51,1,1,1,961.4,0,-28.9,-464,842,1,1.00,0.00,4954,1,1.00,0.00,4954
2026-05-09 14:50:51,1,1,1,961.4,0,-28.9,-464,842,1,1.00,0.00,4954,1,1.00,0.00,4954
2026-05-09 14:50:51,1,1,1,960.5,0,-28.9,-464,841,1,1.00,0.00,5013,1,1.00,0.00,5013
2026-05-09 14:50:51,1,1,1,960.0,0,-28.8,-463,841,1,1.00,0.00,5013,1,1.00,0.00,5013
2026-05-09 14:50:51,1,1,1,960.0,0,-28.8,-463,841,1,1.00,0.00,2501,1,1.00,0.00,2501
2026-05-09 14:50:51,1,1,1,958.7,0,-28.8,-462,840,1,1.00,0.00,2501,1,1.00,0.00,2501
2026-05-09 14:50:51,1,1,1,958.7,0,-28.8,-462,840,1,1.00,0.00,1930,1,1.00,0.00,1930
2026-05-09 14:50:52,1,1,1,957.3,0,-28.8,-461,839,1,1.00,0.00,1930,1,1.00,0.00,1930
2026-05-09 14:50:52,1,1,1,957.3,0,-28.8,-461,839,1,1.00,0.00,1469,1,1.00,0.00,1469
2026-05-09 14:50:52,1,1,1,957.3,0,-28.8,-461,839,0,0.00,0.00,0,1,1.00,0.00,1469
2026-05-09 14:50:52,1,1,1,957.3,0,-28.8,-461,839,0,0.00,0.00,0,1,1.00,0.00,1492
2026-05-09 14:50:52,1,1,1,956.0,0,-28.8,-460,838,0,0.00,0.00,0,1,1.00,0.00,1492
2026-05-09 14:50:52,1,1,1,956.0,0,-28.8,-460,838,0,0.00,0.00,0,1,1.00,0.00,1037
2026-05-09 14:50:52,1,1,1,956.0,0,-28.8,-460,838,0,0.00,0.00,0,1,1.00,0.00,1037
2026-05-09 14:50:52,1,1,1,956.0,0,-28.8,-460,838,0,0.00,0.00,0,1,1.00,0.00,1037
2026-05-09 14:50:52,1,1,1,956.0,0,-28.8,-460,838,0,0.00,0.00,0,1,1.00,0.00,1037
2026-05-09 14:50:52,1,1,1,956.0,0,-28.8,-460,838,0,0.00,0.00,0,1,1.00,0.00,1037
2026-05-09 14:50:52,1,1,1,956.0,0,-28.8,-460,838,0,0.00,0.00,0,1,1.00,0.00,1037
2026-05-09 14:50:52,1,1,1,956.0,0,-28.8,-460,838,0,0.00,0.00,0,1,1.00,0.00,1037
2026-05-09 14:50:52,1,1,1,955.0,0,-28.7,-458,838,0,0.00,0.00,0,1,1.00,0.00,1037
2026-05-09 14:50:52,1,1,1,955.0,0,-28.7,-458,838,0,0.00,0.00,0,1,1.00,0.00,1037
2026-05-09 14:50:52,1,1,1,952.8,0,-28.7,-457,836,0,0.00,0.00,0,1,1.00,0.00,1037
2026-05-09 14:50:52,1,1,1,952.8,0,-28.7,-457,836,0,0.00,0.00,0,1,1.00,0.00,1037
2026-05-09 14:50:52,1,1,1,952.4,0,-28.7,-458,835,0,0.00,0.00,0,1,1.00,0.00,1037
2026-05-09 14:50:52,1,1,1,952.4,0,-28.7,-458,835,0,0.00,0.00,0,1,1.00,0.00,1037
2026-05-09 14:50:52,1,1,1,952.8,0,-28.8,-459,835,0,0.00,0.00,0,1,1.00,0.00,1037
2026-05-09 14:50:52,1,1,1,952.8,0,-28.8,-459,835,0,0.00,0.00,0,1,1.00,0.00,1037
2026-05-09 14:50:53,1,1,1,952.8,0,-28.8,-459,835,0,0.00,0.00,0,0,0.00,0.00,0
2026-05-09 14:50:53,1,1,1,954.2,0,-28.8,-460,836,0,0.00,0.00,0,0,0.00,0.00,0
2026-05-09 14:50:53,1,1,1,954.2,0,-28.8,-460,836,0,0.00,0.00,0,0,0.00,0.00,0
2026-05-09 14:50:53,1,1,1,954.2,0,-28.8,-460,836,0,0.00,0.00,0,0,0.00,0.00,0
2026-05-09 14:50:53,1,1,1,954.2,0,-28.8,-460,836,0,0.00,0.00,0,0,0.00,0.00,0
2026-05-09 14:50:53,1,1,1,954.2,0,-28.8,-460,836,0,0.00,0.00,0,1,1.00,0.00,353
2026-05-09 14:50:53,1,1,1,954.2,0,-28.8,-460,836,0,0.00,0.00,0,1,1.00,0.00,353
2026-05-09 14:50:53,1,1,1,953.3,0,-28.9,-460,835,0,0.00,0.00,0,1,1.00,0.00,353
2026-05-09 14:50:53,1,1,1,953.3,0,-28.9,-460,835,0,0.00,0.00,0,1,1.00,0.00,353
2026-05-09 14:50:53,1,1,1,953.3,0,-28.9,-460,835,0,0.00,0.00,0,1,1.00,0.00,353
2026-05-09 14:50:53,1,1,1,953.3,0,-28.9,-460,835,0,0.00,0.00,0,1,1.00,0.00,353
2026-05-09 14:50:53,1,1,1,953.3,0,-28.9,-460,835,0,0.00,0.00,0,1,1.00,0.00,353
2026-05-09 14:50:53,1,1,1,954.7,0,-28.9,-461,836,0,0.00,0.00,0,1,1.00,0.00,353
2026-05-09 14:50:53,1,1,1,954.7,0,-28.9,-461,836,0,0.00,0.00,0,1,1.00,0.00,353
2026-05-09 14:50:53,1,1,1,956.0,0,-28.9,-462,837,0,0.00,0.00,0,1,1.00,0.00,353
2026-05-09 14:50:53,1,1,1,956.0,0,-28.9,-462,837,0,0.00,0.00,0,1,1.00,0.00,353
2026-05-09 14:50:53,1,1,1,956.0,0,-28.9,-462,837,0,0.00,0.00,0,1,1.00,0.00,353
2026-05-09 14:50:53,1,1,1,956.0,0,-28.9,-462,837,0,0.00,0.00,0,1,1.00,0.00,353
2026-05-09 14:50:53,1,1,1,956.0,0,-28.9,-462,837,0,0.00,0.00,0,1,1.00,0.00,353
2026-05-09 14:50:53,1,1,1,955.6,0,-28.8,-461,837,0,0.00,0.00,0,1,1.00,0.00,505
2026-05-09 14:50:54,1,1,1,955.6,0,-28.8,-461,837,0,0.00,0.00,0,1,1.00,0.00,505
2026-05-09 14:50:54,1,1,1,953.7,0,-28.8,-459,836,0,0.00,0.00,0,1,1.00,0.00,761
2026-05-09 14:50:54,1,1,1,953.7,0,-28.8,-459,836,0,0.00,0.00,0,1,1.00,0.00,761
2026-05-09 14:50:54,1,1,1,951.5,0,-28.8,-458,834,0,0.00,0.00,0,1,1.00,0.00,712
2026-05-09 14:50:54,1,1,1,951.5,0,-28.8,-458,834,0,0.00,0.00,0,1,1.00,0.00,712
2026-05-09 14:50:54,1,1,1,948.8,0,-28.7,-456,832,0,0.00,0.00,0,1,1.00,0.00,1028
2026-05-09 14:50:54,1,1,1,947.4,0,-28.7,-455,831,0,0.00,0.00,0,1,1.00,0.00,1028
2026-05-09 14:50:54,1,1,1,947.4,0,-28.7,-455,831,0,0.00,0.00,0,1,1.00,0.00,809
2026-05-09 14:50:54,1,1,1,945.6,0,-28.6,-453,830,0,0.00,0.00,0,1,1.00,0.00,809
2026-05-09 14:50:54,1,1,1,945.6,0,-28.6,-453,830,0,0.00,0.00,0,1,1.00,0.00,865
2026-05-09 14:50:54,1,1,1,944.7,0,-28.7,-453,829,0,0.00,0.00,0,1,1.00,0.00,865
2026-05-09 14:50:54,1,1,1,944.7,0,-28.7,-453,829,0,0.00,0.00,0,1,1.00,0.00,653
2026-05-09 14:50:54,1,1,1,944.2,0,-28.6,-452,829,0,0.00,0.00,0,1,1.00,0.00,653
2026-05-09 14:50:54,1,1,1,944.2,0,-28.6,-452,829,0,0.00,0.00,0,1,1.00,0.00,661
2026-05-09 14:50:54,1,1,1,944.2,0,-28.6,-452,829,0,0.00,0.00,0,1,1.00,0.00,661
2026-05-09 14:50:54,1,1,1,944.2,0,-28.6,-452,829,0,0.00,0.00,0,1,1.00,0.00,328
2026-05-09 14:50:54,1,1,1,944.2,0,-28.6,-452,829,0,0.00,0.00,0,1,1.00,0.00,328
2026-05-09 14:50:54,1,1,1,945.1,0,-28.6,-452,830,0,0.00,0.00,0,1,1.00,0.00,328
2026-05-09 14:50:54,1,1,1,945.1,0,-28.6,-452,830,0,0.00,0.00,0,1,1.00,0.00,328
2026-05-09 14:50:54,1,1,1,942.0,0,-28.6,-451,827,0,0.00,0.00,0,1,1.00,0.00,328
2026-05-09 14:50:55,1,1,1,942.0,0,-28.6,-451,827,0,0.00,0.00,0,1,1.00,0.00,328
2026-05-09 14:50:55,1,1,1,942.5,0,-28.7,-452,827,0,0.00,0.00,0,1,1.00,0.00,328
2026-05-09 14:50:55,1,1,1,943.8,0,-28.7,-453,828,0,0.00,0.00,0,1,1.00,0.00,328
2026-05-09 14:50:55,1,1,1,943.8,0,-28.7,-453,828,0,0.00,0.00,0,1,1.00,0.00,328
2026-05-09 14:50:55,1,1,1,944.3,0,-28.7,-454,828,0,0.00,0.00,0,1,1.00,0.00,328
2026-05-09 14:50:55,1,1,1,944.3,0,-28.7,-454,828,0,0.00,0.00,0,1,1.00,0.00,328
2026-05-09 14:50:55,1,1,1,946.1,0,-28.8,-456,829,0,0.00,0.00,0,1,1.00,0.00,328
2026-05-09 14:50:55,1,1,1,946.1,0,-28.8,-456,829,0,0.00,0.00,0,1,1.00,0.00,328
2026-05-09 14:50:55,1,1,1,946.6,0,-28.9,-457,829,0,0.00,0.00,0,1,1.00,0.00,328
2026-05-09 14:50:55,1,1,1,948.0,0,-28.9,-458,830,0,0.00,0.00,0,1,1.00,0.00,328
2026-05-09 14:50:55,1,1,1,948.0,0,-28.9,-458,830,0,0.00,0.00,0,0,0.00,0.00,0
2026-05-09 14:50:55,1,1,1,947.1,0,-28.9,-458,829,0,0.00,0.00,0,0,0.00,0.00,0
2026-05-09 14:50:55,1,1,1,947.1,0,-28.9,-458,829,0,0.00,0.00,0,0,0.00,0.00,0
2026-05-09 14:50:55,1,1,1,946.2,0,-28.9,-458,828,0,0.00,0.00,0,0,0.00,0.00,0
2026-05-09 14:50:55,1,1,1,946.2,0,-28.9,-458,828,0,0.00,0.00,0,0,0.00,0.00,0
2026-05-09 14:50:55,1,1,1,946.2,0,-28.9,-458,828,0,0.00,0.00,0,0,0.00,0.00,0
2026-05-09 14:50:55,1,1,1,946.2,0,-28.9,-458,828,0,0.00,0.00,0,0,0.00,0.00,0
2026-05-09 14:50:55,1,1,1,946.2,0,-28.9,-458,828,0,0.00,0.00,0,0,0.00,0.00,0
2026-05-09 14:50:55,1,1,1,946.2,0,-28.9,-458,828,0,0.00,0.00,0,0,0.00,0.00,0
2026-05-09 14:50:55,1,1,1,946.2,0,-28.9,-458,828,0,0.00,0.00,0,0,0.00,0.00,0
2026-05-09 14:50:56,1,1,1,942.6,0,-28.9,-456,825,0,0.00,0.00,0,0,0.00,0.00,0
2026-05-09 14:50:56,1,1,1,942.6,0,-28.9,-456,825,0,0.00,0.00,0,1,1.00,0.00,436
2026-05-09 14:50:56,1,1,1,941.3,0,-28.9,-455,824,0,0.00,0.00,0,1,1.00,0.00,436
2026-05-09 14:50:56,1,1,1,941.3,0,-28.9,-455,824,0,0.00,0.00,0,1,1.00,0.00,180
2026-05-09 14:50:56,1,1,1,941.3,0,-28.9,-455,824,0,0.00,0.00,0,1,1.00,0.00,180
2026-05-09 14:50:56,1,1,1,941.3,0,-28.9,-455,824,0,0.00,0.00,0,1,1.00,0.00,180
2026-05-09 14:50:56,1,1,1,941.3,0,-28.9,-455,824,0,0.00,0.00,0,1,1.00,0.00,180
2026-05-09 14:50:56,1,1,1,942.6,0,-28.9,-456,825,0,0.00,0.00,0,1,1.00,0.00,180
2026-05-09 14:50:56,1,1,1,942.6,0,-28.9,-456,825,0,0.00,0.00,0,1,1.00,0.00,180
2026-05-09 14:50:56,1,1,1,944.0,0,-29.0,-457,826,0,0.00,0.00,0,1,1.00,0.00,180
2026-05-09 14:50:56,1,1,1,944.0,0,-29.0,-457,826,0,0.00,0.00,0,1,1.00,0.00,180
2026-05-09 14:50:56,1,1,1,944.9,0,-28.9,-457,827,0,0.00,0.00,0,1,1.00,0.00,180
2026-05-09 14:50:56,1,1,1,944.9,0,-28.9,-457,827,0,0.00,0.00,0,1,1.00,0.00,180
2026-05-09 14:50:56,1,1,1,944.9,0,-28.9,-457,827,0,0.00,0.00,0,1,1.00,0.00,180
2026-05-09 14:50:56,1,1,1,944.9,0,-28.9,-457,827,0,0.00,0.00,0,1,1.00,0.00,180
2026-05-09 14:50:56,1,1,1,944.9,0,-28.9,-457,827,0,0.00,0.00,0,1,1.00,0.00,180
2026-05-09 14:50:56,1,1,1,944.9,0,-28.9,-457,827,0,0.00,0.00,0,1,1.00,0.00,180
2026-05-09 14:50:56,1,1,1,944.9,0,-28.9,-457,827,0,0.00,0.00,0,1,1.00,0.00,180
2026-05-09 14:50:56,1,1,1,944.9,0,-28.9,-457,827,0,0.00,0.00,0,0,0.00,0.00,0
2026-05-09 14:50:56,1,1,1,944.9,0,-28.9,-457,827,0,0.00,0.00,0,0,0.00,0.00,0
2026-05-09 14:50:57,1,1,1,945.7,0,-28.9,-457,828,0,0.00,0.00,0,0,0.00,0.00,0
2026-05-09 14:50:57,1,1,1,945.3,0,-28.8,-456,828,0,0.00,0.00,0,0,0.00,0.00,0
2026-05-09 14:50:57,1,1,1,945.3,0,-28.8,-456,828,0,0.00,0.00,0,0,0.00,0.00,0
2026-05-09 14:50:57,1,1,1,945.3,0,-28.8,-456,828,0,0.00,0.00,0,0,0.00,0.00,0
2026-05-09 14:50:57,1,1,1,945.3,0,-28.8,-456,828,0,0.00,0.00,0,0,0.00,0.00,0
2026-05-09 14:50:57,1,1,1,944.8,0,-28.8,-455,828,0,0.00,0.00,0,1,1.00,0.00,689
2026-05-09 14:50:57,1,1,1,944.8,0,-28.8,-455,828,0,0.00,0.00,0,1,1.00,0.00,689
2026-05-09 14:50:57,1,1,1,943.9,0,-28.8,-455,827,0,0.00,0.00,0,1,1.00,0.00,964
2026-05-09 14:50:57,1,1,1,943.9,0,-28.8,-455,827,0,0.00,0.00,0,1,1.00,0.00,964
2026-05-09 14:50:57,1,1,1,942.5,0,-28.8,-454,826,0,0.00,0.00,0,1,1.00,0.00,666
2026-05-09 14:50:57,1,1,1,942.5,0,-28.8,-454,826,0,0.00,0.00,0,1,1.00,0.00,666
2026-05-09 14:50:57,1,1,1,942.5,0,-28.8,-454,826,0,0.00,0.00,0,1,1.00,0.00,585
2026-05-09 14:50:57,1,1,1,942.1,0,-28.7,-453,826,0,0.00,0.00,0,1,1.00,0.00,585
2026-05-09 14:50:57,1,1,1,942.1,0,-28.7,-453,826,0,0.00,0.00,0,1,1.00,0.00,585
2026-05-09 14:50:57,1,1,1,941.2,0,-28.8,-453,825,0,0.00,0.00,0,1,1.00,0.00,585
2026-05-09 14:50:57,1,1,1,941.2,0,-28.8,-453,825,0,0.00,0.00,0,1,1.00,0.00,585
2026-05-09 14:50:57,1,1,1,939.8,0,-28.7,-452,824,0,0.00,0.00,0,1,1.00,0.00,585
2026-05-09 14:50:57,1,1,1,938.5,0,-28.7,-451,823,0,0.00,0.00,0,1,1.00,0.00,585
2026-05-09 14:50:57,1,1,1,938.5,0,-28.7,-451,823,0,0.00,0.00,0,1,1.00,0.00,585
2026-05-09 14:50:57,1,1,1,934.9,0,-28.7,-449,820,0,0.00,0.00,0,1,1.00,0.00,585
2026-05-09 14:50:58,1,1,1,934.9,0,-28.7,-449,820,0,0.00,0.00,0,1,1.00,0.00,585
2026-05-09 14:50:58,1,1,1,934.9,0,-28.7,-449,820,0,0.00,0.00,0,1,1.00,0.00,585
2026-05-09 14:50:58,1,1,1,934.9,0,-28.7,-449,820,0,0.00,0.00,0,1,1.00,0.00,585
2026-05-09 14:50:58,1,1,1,934.9,0,-28.7,-449,820,0,0.00,0.00,0,1,1.00,0.00,585
2026-05-09 14:50:58,1,1,1,934.9,0,-28.7,-449,820,0,0.00,0.00,0,1,1.00,0.00,585
2026-05-09 14:50:58,1,1,1,934.9,0,-28.7,-449,820,0,0.00,0.00,0,1,1.00,0.00,585
2026-05-09 14:50:58,1,1,1,934.9,0,-28.7,-449,820,0,0.00,0.00,0,0,0.00,0.00,0
2026-05-09 14:50:58,1,1,1,934.9,0,-28.7,-449,820,0,0.00,0.00,0,0,0.00,0.00,0
2026-05-09 14:50:58,1,1,1,934.0,0,-28.7,-449,819,0,0.00,0.00,0,0,0.00,0.00,0
2026-05-09 14:50:58,1,1,1,934.0,0,-28.7,-449,819,0,0.00,0.00,0,0,0.00,0.00,0
2026-05-09 14:50:58,1,1,1,933.5,0,-28.7,-448,819,0,0.00,0.00,0,0,0.00,0.00,0
2026-05-09 14:50:58,1,1,1,933.5,0,-28.7,-448,819,0,0.00,0.00,0,1,1.00,0.00,421
2026-05-09 14:50:58,1,1,1,932.6,0,-28.7,-448,818,0,0.00,0.00,0,1,1.00,0.00,421
2026-05-09 14:50:58,1,1,1,932.6,0,-28.7,-448,818,0,0.00,0.00,0,1,1.00,0.00,904
2026-05-09 14:50:58,1,1,1,932.6,0,-28.7,-448,818,0,0.00,0.00,0,1,1.00,0.00,904
2026-05-09 14:50:58,1,1,1,932.6,0,-28.7,-448,818,0,0.00,0.00,0,1,1.00,0.00,1037
2026-05-09 14:50:58,1,1,1,932.6,0,-28.7,-448,818,0,0.00,0.00,0,1,1.00,0.00,1037
2026-05-09 14:50:58,1,1,1,932.6,0,-28.7,-448,818,0,0.00,0.00,0,1,1.00,0.00,1193
2026-05-09 14:50:58,1,1,1,932.6,0,-28.7,-448,818,0,0.00,0.00,0,1,1.00,0.00,1193
2026-05-09 14:50:58,1,1,1,933.5,0,-28.7,-448,819,0,0.00,0.00,0,1,1.00,0.00,545
2026-05-09 14:50:59,1,1,1,933.5,0,-28.7,-448,819,0,0.00,0.00,0,1,1.00,0.00,545
2026-05-09 14:50:59,1,1,1,933.5,0,-28.7,-448,819,0,0.00,0.00,0,1,1.00,0.00,505
2026-05-09 14:50:59,1,1,1,933.5,0,-28.7,-448,819,0,0.00,0.00,0,1,1.00,0.00,505
2026-05-09 14:50:59,1,1,1,933.5,0,-28.7,-448,819,0,0.00,0.00,0,1,1.00,0.00,505
2026-05-09 14:50:59,1,1,1,932.2,0,-28.7,-447,818,0,0.00,0.00,0,1,1.00,0.00,505
2026-05-09 14:50:59,1,1,1,932.2,0,-28.7,-447,818,0,0.00,0.00,0,1,1.00,0.00,505
2026-05-09 14:50:59,1,1,1,932.2,0,-28.7,-447,818,0,0.00,0.00,0,1,1.00,0.00,505
2026-05-09 14:50:59,1,1,1,932.2,0,-28.7,-447,818,0,0.00,0.00,0,1,1.00,0.00,505
2026-05-09 14:50:59,1,1,1,931.7,0,-28.6,-446,818,0,0.00,0.00,0,1,1.00,0.00,505
2026-05-09 14:50:59,1,1,1,931.7,0,-28.6,-446,818,0,0.00,0.00,0,1,1.00,0.00,505
2026-05-09 14:50:59,1,1,1,930.8,0,-28.6,-446,817,0,0.00,0.00,0,1,1.00,0.00,505
2026-05-09 14:50:59,1,1,1,930.8,0,-28.6,-446,817,0,0.00,0.00,0,1,1.00,0.00,1025
2026-05-09 14:50:59,1,1,1,930.8,0,-28.6,-446,817,0,0.00,0.00,0,1,1.00,0.00,1025
2026-05-09 14:50:59,1,1,1,930.8,0,-28.6,-446,817,0,0.00,0.00,0,1,1.00,0.00,1025
2026-05-09 14:50:59,1,1,1,930.8,0,-28.6,-446,817,0,0.00,0.00,0,1,1.00,0.00,1025
2026-05-09 14:50:59,1,1,1,930.8,0,-28.6,-446,817,0,0.00,0.00,0,1,1.00,0.00,698
2026-05-09 14:50:59,1,1,1,930.8,0,-28.6,-446,817,0,0.00,0.00,0,1,1.00,0.00,698
2026-05-09 14:50:59,1,1,1,930.8,0,-28.6,-446,817,0,0.00,0.00,0,1,1.00,0.00,1088
2026-05-09 14:50:59,1,1,1,930.8,0,-28.6,-446,817,0,0.00,0.00,0,1,1.00,0.00,1088
2026-05-09 14:50:59,1,1,1,930.8,0,-28.6,-446,817,0,0.00,0.00,0,1,1.00,0.00,1010
2026-05-09 14:51:00,1,1,1,931.3,0,-28.7,-447,817,0,0.00,0.00,0,1,1.00,0.00,1010
2026-05-09 14:51:00,1,1,1,931.3,0,-28.7,-447,817,0,0.00,0.00,0,1,1.00,0.00,1010
2026-05-09 14:51:00,1,1,1,931.3,0,-28.7,-447,817,0,0.00,0.00,0,1,1.00,0.00,1010
2026-05-09 14:51:00,1,1,1,931.3,0,-28.7,-447,817,0,0.00,0.00,0,1,1.00,0.00,1028
2026-05-09 14:51:00,1,1,1,930.4,0,-28.7,-447,816,0,0.00,0.00,0,1,1.00,0.00,1028
2026-05-09 14:51:00,1,1,1,930.4,0,-28.7,-447,816,0,0.00,0.00,0,1,1.00,0.00,637
2026-05-09 14:51:00,1,1,1,930.4,0,-28.7,-447,816,0,0.00,0.00,0,1,1.00,0.00,637
2026-05-09 14:51:00,1,1,1,930.9,0,-28.8,-448,816,0,0.00,0.00,0,1,1.00,0.00,637
2026-05-09 14:51:00,1,1,1,930.9,0,-28.8,-448,816,0,0.00,0.00,0,1,1.00,0.00,637
2026-05-09 14:51:00,1,1,1,930.4,0,-28.7,-447,816,0,0.00,0.00,0,1,1.00,0.00,637
2026-05-09 14:51:00,1,1,1,930.4,0,-28.7,-447,816,0,0.00,0.00,0,1,1.00,0.00,637
2026-05-09 14:51:00,1,1,1,930.9,0,-28.8,-448,816,0,0.00,0.00,0,1,1.00,0.00,637
2026-05-09 14:51:00,1,1,1,930.9,0,-28.8,-448,816,0,0.00,0.00,0,1,1.00,0.00,637
2026-05-09 14:51:00,1,1,1,930.9,0,-28.8,-448,816,0,0.00,0.00,0,1,1.00,0.00,637
2026-05-09 14:51:00,1,1,1,931.4,0,-28.8,-449,816,0,0.00,0.00,0,1,1.00,0.00,637
2026-05-09 14:51:00,1,1,1,931.4,0,-28.8,-449,816,0,0.00,0.00,0,1,1.00,0.00,637
2026-05-09 14:51:00,1,1,1,929.6,0,-28.9,-449,814,0,0.00,0.00,0,1,1.00,0.00,637
2026-05-09 14:51:00,1,1,1,928.7,0,-28.9,-449,813,0,0.00,0.00,0,1,1.00,0.00,637
2026-05-09 14:51:00,1,1,1,928.7,0,-28.9,-449,813,0,0.00,0.00,0,1,1.00,0.00,637
2026-05-09 14:51:00,1,1,1,927.4,0,-28.9,-448,812,0,0.00,0.00,0,1,1.00,0.00,637
2026-05-09 14:51:01,1,1,1,927.4,0,-28.9,-448,812,0,0.00,0.00,0,0,0.00,0.00,0
2026-05-09 14:51:01,1,1,1,927.4,0,-28.9,-448,812,0,0.00,0.00,0,0,0.00,0.00,0
2026-05-09 14:51:01,1,1,1,927.4,0,-28.9,-448,812,0,0.00,0.00,0,0,0.00,0.00,0
2026-05-09 14:51:01,1,1,1,926.0,0,-28.9,-447,811,0,0.00,0.00,0,0,0.00,0.00,0
2026-05-09 14:51:01,1,1,1,926.0,0,-28.9,-447,811,0,0.00,0.00,0,0,0.00,0.00,0
2026-05-09 14:51:01,1,1,1,922.0,0,-28.9,-446,807,0,0.00,0.00,0,0,0.00,0.00,0
2026-05-09 14:51:01,1,1,1,917.7,0,-29.1,-446,802,0,0.00,0.00,0,0,0.00,0.00,0
2026-05-09 14:51:01,1,1,1,917.7,0,-29.1,-446,802,0,0.00,0.00,0,0,0.00,0.00,0
2026-05-09 14:51:01,1,1,1,915.9,0,-29.1,-446,800,0,0.00,0.00,0,0,0.00,0.00,0
2026-05-09 14:51:01,1,1,1,915.9,0,-29.1,-446,800,0,0.00,0.00,0,0,0.00,0.00,0
2026-05-09 14:51:01,1,1,1,915.1,0,-29.2,-446,799,0,0.00,0.00,0,0,0.00,0.00,0
2026-05-09 14:51:01,1,1,1,915.1,0,-29.2,-446,799,0,0.00,0.00,0,0,0.00,0.00,0
2026-05-09 14:51:01,1,1,1,914.7,0,-29.3,-447,798,0,0.00,0.00,0,0,0.00,0.00,0
2026-05-09 14:51:01,1,1,1,916.0,0,-29.3,-448,799,0,0.00,0.00,0,0,0.00,0.00,0
2026-05-09 14:51:01,1,1,1,916.0,0,-29.3,-448,799,0,0.00,0.00,0,0,0.00,0.00,0
2026-05-09 14:51:01,1,1,1,916.0,0,-29.3,-448,799,0,0.00,0.00,0,0,0.00,0.00,0
2026-05-09 14:51:01,1,1,1,916.0,0,-29.3,-448,799,0,0.00,0.00,0,0,0.00,0.00,0
2026-05-09 14:51:01,1,1,1,916.5,0,-29.3,-449,799,0,0.00,0.00,0,0,0.00,0.00,0
2026-05-09 14:51:01,1,1,1,916.5,0,-29.3,-449,799,0,0.00,0.00,0,0,0.00,0.00,0
2026-05-09 14:51:01,1,1,1,917.0,0,-29.4,-450,799,0,0.00,0.00,0,0,0.00,0.00,0
2026-05-09 14:51:02,1,1,1,917.0,0,-29.4,-450,799,0,0.00,0.00,0,0,0.00,0.00,0
2026-05-09 14:51:02,1,1,1,917.0,0,-29.4,-450,799,0,0.00,0.00,0,0,0.00,0.00,0
2026-05-09 14:51:02,1,1,1,917.5,0,-29.4,-451,799,0,0.00,0.00,0,1,1.00,0.00,265
2026-05-09 14:51:02,1,1,1,917.5,0,-29.4,-451,799,0,0.00,0.00,0,1,1.00,0.00,265
2026-05-09 14:51:02,1,1,1,918.0,0,-29.5,-452,799,0,0.00,0.00,0,1,1.00,0.00,697
2026-05-09 14:51:02,1,1,1,918.0,0,-29.5,-452,799,0,0.00,0.00,0,1,1.00,0.00,697
2026-05-09 14:51:02,1,1,1,918.9,0,-29.5,-452,800,0,0.00,0.00,0,1,1.00,0.00,788
2026-05-09 14:51:02,1,1,1,918.9,0,-29.5,-452,800,0,0.00,0.00,0,1,1.00,0.00,788
2026-05-09 14:51:02,1,1,1,920.2,0,-29.5,-453,801,0,0.00,0.00,0,1,1.00,0.00,610
2026-05-09 14:51:02,1,1,1,921.1,0,-29.5,-453,802,0,0.00,0.00,0,1,1.00,0.00,610
2026-05-09 14:51:02,1,1,1,921.1,0,-29.5,-453,802,0,0.00,0.00,0,1,1.00,0.00,305
2026-05-09 14:51:02,1,1,1,921.6,0,-29.5,-454,802,0,0.00,0.00,0,1,1.00,0.00,305
2026-05-09 14:51:02,1,1,1,921.6,0,-29.5,-454,802,0,0.00,0.00,0,1,1.00,0.00,305
2026-05-09 14:51:02,1,1,1,922.5,0,-29.5,-454,803,0,0.00,0.00,0,1,1.00,0.00,305
2026-05-09 14:51:02,1,1,1,922.5,0,-29.5,-454,803,0,0.00,0.00,0,1,1.00,0.00,305
2026-05-09 14:51:02,1,1,1,922.0,0,-29.4,-453,803,0,0.00,0.00,0,1,1.00,0.00,305
2026-05-09 14:51:02,1,1,1,922.5,0,-29.5,-454,803,0,0.00,0.00,0,1,1.00,0.00,305
2026-05-09 14:51:02,1,1,1,922.5,0,-29.5,-454,803,0,0.00,0.00,0,1,1.00,0.00,305
2026-05-09 14:51:02,1,1,1,922.5,0,-29.5,-454,803,0,0.00,0.00,0,1,1.00,0.00,305
2026-05-09 14:51:02,1,1,1,922.5,0,-29.5,-454,803,0,0.00,0.00,0,1,1.00,0.00,305
2026-05-09 14:51:03,1,1,1,921.6,0,-29.5,-454,802,0,0.00,0.00,0,1,1.00,0.00,305
2026-05-09 14:51:03,1,1,1,921.6,0,-29.5,-454,802,0,0.00,0.00,0,1,1.00,0.00,305
2026-05-09 14:51:03,1,1,1,921.6,0,-29.5,-454,802,0,0.00,0.00,0,1,1.00,0.00,580
2026-05-09 14:51:03,1,1,1,921.6,0,-29.5,-454,802,0,0.00,0.00,0,1,1.00,0.00,580
2026-05-09 14:51:03,1,1,1,921.6,0,-29.5,-454,802,0,0.00,0.00,0,1,1.00,0.00,800
2026-05-09 14:51:03,1,1,1,921.6,0,-29.5,-454,802,0,0.00,0.00,0,1,1.00,0.00,800
2026-05-09 14:51:03,1,1,1,921.6,0,-29.5,-454,802,0,0.00,0.00,0,1,1.00,0.00,1165
2026-05-09 14:51:03,1,1,1,921.6,0,-29.5,-454,802,0,0.00,0.00,0,1,1.00,0.00,1165
2026-05-09 14:51:03,1,1,1,921.6,0,-29.5,-454,802,0,0.00,0.00,0,1,1.00,0.00,1130
2026-05-09 14:51:03,1,1,1,921.6,0,-29.5,-454,802,0,0.00,0.00,0,1,1.00,0.00,1130
2026-05-09 14:51:03,1,1,1,921.6,0,-29.5,-454,802,0,0.00,0.00,0,1,1.00,0.00,1384
2026-05-09 14:51:03,1,1,1,922.5,0,-29.5,-454,803,0,0.00,0.00,0,1,1.00,0.00,1384
2026-05-09 14:51:03,1,1,1,922.9,0,-29.5,-455,803,0,0.00,0.00,0,1,1.00,0.00,2173
2026-05-09 14:51:03,1,1,1,922.9,0,-29.5,-455,803,0,0.00,0.00,0,1,1.00,0.00,2173
2026-05-09 14:51:03,1,1,1,923.4,0,-29.6,-456,803,0,0.00,0.00,0,1,1.00,0.00,3313
2026-05-09 14:51:03,1,1,1,923.4,0,-29.6,-456,803,0,0.00,0.00,0,1,1.00,0.00,3313
2026-05-09 14:51:03,1,1,1,923.9,0,-29.6,-457,803,1,1.00,0.00,3690,1,1.00,0.00,3690
2026-05-09 14:51:03,1,1,1,923.9,0,-29.6,-457,803,1,1.00,0.00,3690,1,1.00,0.00,3690
2026-05-09 14:51:03,1,1,1,923.1,0,-29.7,-457,802,1,1.00,0.00,3026,1,1.00,0.00,3026
2026-05-09 14:51:03,1,1,1,923.1,0,-29.7,-457,802,1,1.00,0.00,3026,1,1.00,0.00,3026
2026-05-09 14:51:04,1,1,1,923.6,0,-29.7,-458,802,1,1.00,0.00,317,1,1.00,0.00,317
2026-05-09 14:51:04,1,1,1,924.9,0,-29.8,-459,803,1,1.00,0.00,317,1,1.00,0.00,317
2026-05-09 14:51:04,1,1,1,924.9,0,-29.8,-459,803,1,1.00,0.00,2612,1,1.00,0.00,2612
2026-05-09 14:51:04,1,1,1,926.3,0,-29.8,-460,804,1,1.00,0.00,2612,1,1.00,0.00,2612
2026-05-09 14:51:04,1,1,1,926.3,0,-29.8,-460,804,1,1.00,0.00,5689,1,1.00,0.00,5689
2026-05-09 14:51:04,1,1,1,927.7,0,-29.8,-461,805,1,1.00,0.00,5689,1,1.00,0.00,5689
2026-05-09 14:51:04,1,1,1,927.7,0,-29.8,-461,805,1,1.00,0.00,5490,1,1.00,0.00,5490
2026-05-09 14:51:04,1,1,1,929.0,0,-29.8,-462,806,1,1.00,0.00,5490,1,1.00,0.00,5490
2026-05-09 14:51:04,1,1,1,930.4,0,-29.8,-463,807,1,1.00,0.00,3425,1,1.00,0.00,3425
2026-05-09 14:51:04,1,1,1,930.4,0,-29.8,-463,807,1,1.00,0.00,3425,1,1.00,0.00,3425
2026-05-09 14:51:14,1,1,1,1614.4,0,-19.1,-527,1526,0,0.00,0.00,0,1,1.75,0.00,2810
2026-05-09 14:51:14,1,1,1,1614.5,0,-19.2,-530,1525,0,0.00,0.00,0,1,1.75,0.00,2810
2026-05-09 14:51:14,1,1,1,1614.5,0,-19.2,-530,1525,0,0.00,0.00,0,1,1.75,0.00,2210
2026-05-09 14:51:14,1,1,1,1614.5,0,-19.3,-533,1524,0,0.00,0.00,0,1,1.75,0.00,2210
2026-05-09 14:51:14,1,1,1,1614.5,0,-19.3,-533,1524,0,0.00,0.00,0,1,1.75,0.00,290
2026-05-09 14:51:14,1,1,1,1614.5,0,-19.3,-533,1524,0,0.00,0.00,0,1,1.75,0.00,290
2026-05-09 14:51:14,1,1,1,1614.5,0,-19.3,-533,1524,0,0.00,0.00,0,1,1.75,0.00,290
2026-05-09 14:51:14,1,1,1,1614.2,0,-19.4,-535,1523,0,0.00,0.00,0,1,1.75,0.00,290
2026-05-09 14:51:14,1,1,1,1614.9,0,-19.4,-537,1523,0,0.00,0.00,0,1,1.75,0.00,1741
2026-05-09 14:51:14,1,1,1,1614.9,0,-19.4,-537,1523,0,0.00,0.00,0,1,1.75,0.00,1741
2026-05-09 14:51:15,1,1,1,1615.2,0,-19.5,-538,1523,0,0.00,0.00,0,1,1.75,0.00,4100
2026-05-09 14:51:15,1,1,1,1615.2,0,-19.5,-538,1523,0,0.00,0.00,0,1,1.75,0.00,4100
2026-05-09 14:51:15,1,1,1,1615.9,0,-19.5,-540,1523,1,1.75,0.00,5364,1,1.75,0.00,5364
2026-05-09 14:51:15,1,1,1,1615.9,0,-19.5,-540,1523,1,1.75,0.00,5364,1,1.75,0.00,5364
2026-05-09 14:51:15,1,1,1,1617.2,0,-19.5,-541,1524,1,1.75,0.00,3361,1,1.75,0.00,3361
2026-05-09 14:51:15,1,1,1,1617.2,0,-19.5,-541,1524,1,1.75,0.00,3361,1,1.75,0.00,3361
2026-05-09 14:51:15,1,1,1,1618.5,0,-19.6,-542,1525,1,1.75,0.00,765,1,1.75,0.00,765
2026-05-09 14:51:15,1,1,1,1619.4,0,-19.6,-542,1526,1,1.75,0.00,765,1,1.75,0.00,765
2026-05-09 14:51:15,1,1,1,1619.4,0,-19.6,-542,1526,1,1.75,0.00,296,1,1.75,0.00,296
2026-05-09 14:51:15,1,1,1,1621.6,0,-19.6,-543,1528,1,1.75,0.00,296,1,1.75,0.00,296
2026-05-09 14:51:15,1,1,1,1621.6,0,-19.6,-543,1528,1,1.75,0.00,296,1,1.75,0.00,296
2026-05-09 14:51:15,1,1,1,1622.9,0,-19.6,-544,1529,0,0.00,0.00,0,1,1.75,0.00,296
2026-05-09 14:51:15,1,1,1,1622.9,0,-19.6,-544,1529,0,0.00,0.00,0,1,1.75,0.00,680
2026-05-09 14:51:15,1,1,1,1623.8,0,-19.6,-544,1530,0,0.00,0.00,0,1,1.75,0.00,680
2026-05-09 14:51:15,1,1,1,1623.8,0,-19.6,-544,1530,0,0.00,0.00,0,1,1.75,0.00,3744
2026-05-09 14:51:15,1,1,1,1623.8,0,-19.6,-544,1530,0,0.00,0.00,0,1,1.75,0.00,3744
2026-05-09 14:51:15,1,1,1,1623.2,0,-19.6,-545,1529,1,1.75,0.00,4265,1,1.75,0.00,4265
2026-05-09 14:51:15,1,1,1,1623.2,0,-19.6,-545,1529,1,1.75,0.00,4265,1,1.75,0.00,4265
2026-05-09 14:51:15,1,1,1,1623.9,0,-19.7,-547,1529,1,1.75,0.00,2257,1,1.75,0.00,2257
2026-05-09 14:51:15,1,1,1,1623.9,0,-19.7,-547,1529,1,1.75,0.00,2257,1,1.75,0.00,2257
2026-05-09 14:51:16,1,1,1,1625.6,0,-19.9,-552,1529,1,1.75,0.00,1108,1,1.75,0.00,1108
2026-05-09 14:51:16,1,1,1,1625.6,0,-19.9,-552,1529,1,1.75,0.00,1108,1,1.75,0.00,1108
2026-05-09 14:51:16,1,1,1,1627.6,0,-20.0,-558,1529,1,1.75,0.00,941,1,1.75,0.00,941
2026-05-09 14:51:16,1,1,1,1630.1,0,-20.3,-565,1529,0,0.00,0.00,0,1,1.75,0.00,941
2026-05-09 14:51:16,1,1,1,1630.1,0,-20.3,-565,1529,0,0.00,0.00,0,1,1.75,0.00,941
2026-05-09 14:51:16,1,1,1,1632.1,0,-20.5,-571,1529,0,0.00,0.00,0,1,1.75,0.00,941
2026-05-09 14:51:16,1,1,1,1632.1,0,-20.5,-571,1529,0,0.00,0.00,0,1,1.75,0.00,442
2026-05-09 14:51:16,1,1,1,1633.0,0,-20.7,-576,1528,0,0.00,0.00,0,1,1.75,0.00,442
2026-05-09 14:51:16,1,1,1,1633.0,0,-20.7,-576,1528,0,0.00,0.00,0,1,1.75,0.00,1604
2026-05-09 14:51:16,1,1,1,1632.9,0,-20.8,-581,1526,0,0.00,0.00,0,1,1.75,0.00,1604
2026-05-09 14:51:16,1,1,1,1632.9,0,-20.8,-581,1526,0,0.00,0.00,0,1,1.75,0.00,1181
2026-05-09 14:51:16,1,1,1,1634.3,0,-21.0,-585,1526,0,0.00,0.00,0,1,1.75,0.00,1181
2026-05-09 14:51:16,1,1,1,1634.4,0,-21.1,-588,1525,0,0.00,0.00,0,1,1.75,0.00,404
2026-05-09 14:51:16,1,1,1,1634.4,0,-21.1,-588,1525,0,0.00,0.00,0,1,1.75,0.00,404
2026-05-09 14:51:16,1,1,1,1634.0,0,-21.2,-592,1523,0,0.00,0.00,0,1,1.75,0.00,404
2026-05-09 14:51:16,1,1,1,1634.0,0,-21.2,-592,1523,0,0.00,0.00,0,1,1.75,0.00,404
2026-05-09 14:51:16,1,1,1,1634.2,0,-21.4,-595,1522,0,0.00,0.00,0,1,1.75,0.00,404
2026-05-09 14:51:16,1,1,1,1634.2,0,-21.4,-595,1522,0,0.00,0.00,0,1,1.75,0.00,404
2026-05-09 14:51:16,1,1,1,1634.7,0,-21.5,-599,1521,0,0.00,0.00,0,1,1.75,0.00,404
2026-05-09 14:51:16,1,1,1,1634.5,0,-21.6,-601,1520,0,0.00,0.00,0,1,1.75,0.00,404
2026-05-09 14:51:17,1,1,1,1634.5,0,-21.6,-601,1520,0,0.00,0.00,0,1,1.75,0.00,404
2026-05-09 14:51:17,1,1,1,1634.3,0,-21.7,-603,1519,0,0.00,0.00,0,1,1.75,0.00,404
2026-05-09 14:51:17,1,1,1,1634.3,0,-21.7,-603,1519,0,0.00,0.00,0,1,1.75,0.00,404
2026-05-09 14:51:17,1,1,1,1632.8,0,-21.7,-604,1517,0,0.00,0.00,0,1,1.75,0.00,404
2026-05-09 14:51:17,1,1,1,1632.8,0,-21.7,-604,1517,0,0.00,0.00,0,1,1.75,0.00,404
2026-05-09 14:51:17,1,1,1,1631.7,0,-21.8,-606,1515,0,0.00,0.00,0,1,1.75,0.00,404
2026-05-09 14:51:17,1,1,1,1631.7,0,-21.8,-606,1515,0,0.00,0.00,0,1,1.75,0.00,404
2026-05-09 14:51:17,1,1,1,1631.5,0,-21.9,-608,1514,0,0.00,0.00,0,0,0.00,0.00,0
2026-05-09 14:51:17,1,1,1,1630.6,0,-21.9,-608,1513,0,0.00,0.00,0,0,0.00,0.00,0
2026-05-09 14:51:17,1,1,1,1630.6,0,-21.9,-608,1513,0,0.00,0.00,0,0,0.00,0.00,0
2026-05-09 14:51:17,1,1,1,1630.6,0,-21.9,-608,1513,0,0.00,0.00,0,0,0.00,0.00,0
2026-05-09 14:51:17,1,1,1,1630.6,0,-21.9,-608,1513,0,0.00,0.00,0,0,0.00,0.00,0
2026-05-09 14:51:17,1,1,1,1630.6,0,-21.9,-608,1513,0,0.00,0.00,0,0,0.00,0.00,0
2026-05-09 14:51:17,1,1,1,1630.6,0,-21.9,-608,1513,0,0.00,0.00,0,0,0.00,0.00,0
2026-05-09 14:51:17,1,1,1,1629.8,0,-21.8,-606,1513,0,0.00,0.00,0,0,0.00,0.00,0
2026-05-09 14:51:17,1,1,1,1630.0,0,-21.7,-604,1514,0,0.00,0.00,0,0,0.00,0.00,0
2026-05-09 14:51:17,1,1,1,1630.0,0,-21.7,-604,1514,0,0.00,0.00,0,0,0.00,0.00,0
2026-05-09 14:51:17,1,1,1,1629.7,0,-21.7,-603,1514,0,0.00,0.00,0,0,0.00,0.00,0
2026-05-09 14:51:17,1,1,1,1629.7,0,-21.7,-603,1514,0,0.00,0.00,0,0,0.00,0.00,0
2026-05-09 14:51:17,1,1,1,1629.1,0,-21.8,-604,1513,0,0.00,0.00,0,0,0.00,0.00,0
2026-05-09 14:51:18,1,1,1,1629.1,0,-21.8,-604,1513,0,0.00,0.00,0,0,0.00,0.00,0
2026-05-09 14:51:18,1,1,1,1628.2,0,-21.8,-604,1512,0,0.00,0.00,0,0,0.00,0.00,0
2026-05-09 14:51:18,1,1,1,1628.2,0,-21.8,-604,1512,0,0.00,0.00,0,1,1.75,0.00,1373
2026-05-09 14:51:18,1,1,1,1628.2,0,-21.8,-604,1512,0,0.00,0.00,0,1,1.75,0.00,1373
2026-05-09 14:51:18,1,1,1,1629.1,0,-21.8,-604,1513,0,0.00,0.00,0,1,1.75,0.00,1373
2026-05-09 14:51:18,1,1,1,1629.1,0,-21.8,-604,1513,0,0.00,0.00,0,1,1.75,0.00,1373
2026-05-09 14:51:18,1,1,1,1628.7,0,-21.7,-603,1513,0,0.00,0.00,0,1,1.75,0.00,1373
2026-05-09 14:51:18,1,1,1,1628.7,0,-21.7,-603,1513,0,0.00,0.00,0,1,1.75,0.00,1373
2026-05-09 14:51:18,1,1,1,1628.7,0,-21.7,-603,1513,0,0.00,0.00,0,1,1.75,0.00,1373
2026-05-09 14:51:18,1,1,1,1628.7,0,-21.7,-603,1513,0,0.00,0.00,0,1,1.75,0.00,1373
2026-05-09 14:51:18,1,1,1,1629.1,0,-21.8,-604,1513,0,0.00,0.00,0,1,1.75,0.00,1373
2026-05-09 14:51:18,1,1,1,1630.8,0,-21.8,-606,1514,0,0.00,0.00,0,1,1.75,0.00,1373
2026-05-09 14:51:18,1,1,1,1630.8,0,-21.8,-606,1514,0,0.00,0.00,0,1,1.75,0.00,1373
2026-05-09 14:51:18,1,1,1,1633.4,0,-21.9,-608,1516,0,0.00,0.00,0,1,1.75,0.00,1373
2026-05-09 14:51:18,1,1,1,1633.4,0,-21.9,-608,1516,0,0.00,0.00,0,1,1.75,0.00,490
2026-05-09 14:51:18,1,1,1,1635.2,0,-21.8,-608,1518,0,0.00,0.00,0,1,1.75,0.00,490
2026-05-09 14:51:18,1,1,1,1635.2,0,-21.8,-608,1518,0,0.00,0.00,0,1,1.75,0.00,1384
2026-05-09 14:51:18,1,1,1,1636.9,0,-21.9,-610,1519,0,0.00,0.00,0,1,1.75,0.00,1384
2026-05-09 14:51:18,1,1,1,1636.9,0,-21.9,-610,1519,0,0.00,0.00,0,1,1.75,0.00,1289
2026-05-09 14:51:18,1,1,1,1639.1,0,-21.9,-611,1521,0,0.00,0.00,0,1,1.75,0.00,1289
2026-05-09 14:51:19,1,1,1,1642.3,0,-21.9,-612,1524,0,0.00,0.00,0,1,1.75,0.00,905
2026-05-09 14:51:19,1,1,1,1642.3,0,-21.9,-612,1524,0,0.00,0.00,0,1,1.75,0.00,905
2026-05-09 14:51:19,1,1,1,1642.3,0,-21.9,-612,1524,0,0.00,0.00,0,1,1.75,0.00,905
2026-05-09 14:51:19,1,1,1,1642.3,0,-21.9,-612,1524,0,0.00,0.00,0,1,1.75,0.00,905
2026-05-09 14:51:19,1,1,1,1641.0,0,-21.9,-611,1523,0,0.00,0.00,0,1,1.81,0.02,218
2026-05-09 14:51:19,1,1,1,1641.0,0,-21.9,-611,1523,0,0.00,0.00,0,1,1.81,0.02,218
2026-05-09 14:51:19,1,1,1,1638.4,0,-21.8,-609,1521,0,0.00,0.00,0,1,1.81,0.02,218
2026-05-09 14:51:19,1,1,1,1638.4,0,-21.8,-609,1521,0,0.00,0.00,0,1,1.81,0.02,218
2026-05-09 14:51:19,1,1,1,1637.1,0,-21.8,-608,1520,0,0.00,0.00,0,1,1.80,0.01,1952
2026-05-09 14:51:19,1,1,1,1637.1,0,-21.8,-608,1520,0,0.00,0.00,0,1,1.80,0.01,1952
2026-05-09 14:51:19,1,1,1,1637.1,0,-21.8,-608,1520,0,0.00,0.00,0,1,1.79,0.00,949
2026-05-09 14:51:19,1,1,1,1637.1,0,-21.8,-608,1520,0,0.00,0.00,0,1,1.79,0.00,949
2026-05-09 14:51:19,1,1,1,1637.1,0,-21.8,-608,1520,0,0.00,0.00,0,1,1.79,0.00,1145
2026-05-09 14:51:19,1,1,1,1638.4,0,-21.8,-609,1521,0,0.00,0.00,0,1,1.79,0.00,1145
2026-05-09 14:51:19,1,1,1,1638.4,0,-21.8,-609,1521,0,0.00,0.00,0,1,1.78,0.00,1066
2026-05-09 14:51:19,1,1,1,1639.3,0,-21.8,-609,1522,0,0.00,0.00,0,1,1.78,0.00,1066
2026-05-09 14:51:19,1,1,1,1639.3,0,-21.8,-609,1522,0,0.00,0.00,0,1,1.78,0.00,1066
2026-05-09 14:51:19,1,1,1,1639.3,0,-21.8,-609,1522,0,0.00,0.00,0,1,1.78,0.00,1066
2026-05-09 14:51:19,1,1,1,1639.1,0,-21.7,-606,1523,0,0.00,0.00,0,1,1.78,0.00,1066
2026-05-09 14:51:19,1,1,1,1639.1,0,-21.7,-606,1523,0,0.00,0.00,0,1,1.78,0.00,1066
2026-05-09 14:51:20,1,1,1,1639.0,0,-21.6,-603,1524,0,0.00,0.00,0,1,1.78,0.00,1066
2026-05-09 14:51:20,1,1,1,1639.0,0,-21.6,-603,1524,0,0.00,0.00,0,1,1.78,0.00,1066
2026-05-09 14:51:20,1,1,1,1637.9,0,-21.5,-600,1524,0,0.00,0.00,0,1,1.75,0.00,7432
2026-05-09 14:51:20,1,1,1,1637.9,0,-21.5,-600,1524,0,0.00,0.00,0,1,1.75,0.00,7432
2026-05-09 14:51:20,1,1,1,1637.1,0,-21.4,-598,1524,1,1.75,0.00,7432,1,1.75,0.00,7432
2026-05-09 14:51:20,1,1,1,1637.7,0,-21.4,-597,1525,1,1.75,0.00,7432,1,1.75,0.00,7432
2026-05-09 14:51:20,1,1,1,1637.7,0,-21.4,-597,1525,1,1.75,0.00,7432,1,1.75,0.00,7432
2026-05-09 14:51:20,1,1,1,1638.6,0,-21.4,-597,1526,1,1.75,0.00,7432,1,1.75,0.00,7432
2026-05-09 14:51:20,1,1,1,1638.6,0,-21.4,-597,1526,1,1.75,0.00,7432,1,1.75,0.00,7432
2026-05-09 14:51:20,1,1,1,1641.8,0,-21.4,-598,1529,1,1.75,0.00,7432,1,1.75,0.00,7432
2026-05-09 14:51:20,1,1,1,1641.8,0,-21.4,-598,1529,1,1.75,0.00,7432,1,1.75,0.00,7432
2026-05-09 14:51:20,1,1,1,1643.4,0,-21.4,-600,1530,1,1.75,0.00,7432,1,1.75,0.00,7432
2026-05-09 14:51:20,1,1,1,1645.1,0,-21.5,-602,1531,1,1.75,0.00,7432,1,1.75,0.00,7432
2026-05-09 14:51:20,1,1,1,1645.1,0,-21.5,-602,1531,1,1.75,0.00,7432,1,1.75,0.00,7432
2026-05-09 14:51:20,1,1,1,1647.7,0,-21.5,-604,1533,1,1.75,0.00,7432,1,1.75,0.00,7432
2026-05-09 14:51:20,1,1,1,1647.7,0,-21.5,-604,1533,1,1.75,0.00,7432,1,1.75,0.00,7432
2026-05-09 14:51:20,1,1,1,1649.7,0,-21.6,-607,1534,1,1.75,0.00,7432,1,1.75,0.00,7432
2026-05-09 14:51:20,1,1,1,1649.7,0,-21.6,-607,1534,1,0.00,0.00,0,0,0.00,0.00,0
2026-05-09 14:51:20,1,1,1,1651.8,0,-21.7,-610,1535,1,0.00,0.00,0,0,0.00,0.00,0
2026-05-09 14:51:20,1,1,1,1651.8,0,-21.7,-610,1535,1,0.00,0.00,0,0,0.00,0.00,0
2026-05-09 14:51:21,1,1,1,1652.9,0,-21.8,-613,1535,1,0.00,0.00,0,0,0.00,0.00,0
2026-05-09 14:51:21,1,1,1,1653.4,0,-21.9,-617,1534,1,0.00,0.00,0,0,0.00,0.00,0
2026-05-09 14:51:21,1,1,1,1653.4,0,-21.9,-617,1534,0,0.00,0.00,0,0,0.00,0.00,0
2026-05-09 14:51:21,1,1,1,1654.0,0,-22.1,-621,1533,0,0.00,0.00,0,0,0.00,0.00,0
2026-05-09 14:51:21,1,1,1,1654.0,0,-22.1,-621,1533,0,0.00,0.00,0,0,0.00,0.00,0
2026-05-09 14:51:21,1,1,1,1654.8,0,-22.1,-623,1533,0,0.00,0.00,0,0,0.00,0.00,0
2026-05-09 14:51:21,1,1,1,1654.8,0,-22.1,-623,1533,0,0.00,0.00,0,0,0.00,0.00,0
2026-05-09 14:51:21,1,1,1,1656.4,0,-22.0,-620,1536,0,0.00,0.00,0,0,0.00,0.00,0
2026-05-09 14:51:21,1,1,1,1658.6,0,-21.8,-616,1540,0,0.00,0.00,0,0,0.00,0.00,0
2026-05-09 14:51:21,1,1,1,1658.6,0,-21.8,-616,1540,0,0.00,0.00,0,0,0.00,0.00,0
2026-05-09 14:51:21,1,1,1,1659.7,0,-21.7,-614,1542,0,0.00,0.00,0,0,0.00,0.00,0
2026-05-09 14:51:21,1,1,1,1659.7,0,-21.7,-614,1542,0,0.00,0.00,0,0,0.00,0.00,0
2026-05-09 14:51:21,1,1,1,1657.7,0,-21.8,-616,1539,0,0.00,0.00,0,1,1.75,0.00,629
2026-05-09 14:51:21,1,1,1,1657.7,0,-21.8,-616,1539,0,0.00,0.00,0,1,1.75,0.00,629
2026-05-09 14:51:21,1,1,1,1654.2,0,-21.8,-614,1536,0,0.00,0.00,0,1,1.75,0.00,1642
2026-05-09 14:51:21,1,1,1,1654.2,0,-21.8,-614,1536,0,0.00,0.00,0,1,1.75,0.00,1642
2026-05-09 14:51:21,1,1,1,1650.7,0,-21.6,-607,1535,0,0.00,0.00,0,1,1.75,0.00,757
2026-05-09 14:51:21,1,1,1,1650.3,0,-21.4,-601,1537,0,0.00,0.00,0,1,1.75,0.00,757
2026-05-09 14:51:21,1,1,1,1650.3,0,-21.4,-601,1537,0,0.00,0.00,0,1,1.81,0.01,850
2026-05-09 14:51:21,1,1,1,1651.3,0,-21.2,-596,1540,0,0.00,0.00,0,1,1.81,0.01,850
2026-05-09 14:51:22,1,1,1,1651.3,0,-21.2,-596,1540,0,0.00,0.00,0,1,1.80,0.00,4276
2026-05-09 14:51:22,1,1,1,1653.0,0,-21.0,-593,1543,0,0.00,0.00,0,1,1.80,0.00,4276
2026-05-09 14:51:22,1,1,1,1653.0,0,-21.0,-593,1543,1,1.80,0.00,4276,1,1.80,0.00,4276
2026-05-09 14:51:22,1,1,1,1654.0,0,-21.0,-593,1544,1,1.80,0.00,4276,1,1.80,0.00,4276
2026-05-09 14:51:22,1,1,1,1653.5,0,-21.2,-597,1542,1,1.80,0.00,4276,1,1.80,0.00,4276
2026-05-09 14:51:22,1,1,1,1653.5,0,-21.2,-597,1542,1,1.80,0.00,4276,1,1.80,0.00,4276
2026-05-09 14:51:22,1,1,1,1654.4,0,-21.3,-602,1541,1,1.80,0.00,4276,1,1.80,0.00,4276
2026-05-09 14:51:22,1,1,1,1654.4,0,-21.3,-602,1541,1,1.80,0.00,4276,1,1.80,0.00,4276
2026-05-09 14:51:22,1,1,1,1657.0,0,-21.4,-604,1543,1,1.80,0.00,4276,1,1.80,0.00,4276
2026-05-09 14:51:22,1,1,1,1657.0,0,-21.4,-604,1543,1,1.80,0.00,4276,1,1.80,0.00,4276
2026-05-09 14:51:22,1,1,1,1660.9,0,-21.4,-607,1546,1,1.80,0.00,4276,1,1.80,0.00,4276
2026-05-09 14:51:22,1,1,1,1660.9,0,-21.4,-607,1546,1,1.80,0.00,4276,1,1.80,0.00,4276
2026-05-09 14:51:22,1,1,1,1664.1,0,-21.4,-608,1549,1,1.75,0.00,7570,1,1.75,0.00,7570
2026-05-09 14:51:22,1,1,1,1666.5,0,-21.4,-607,1552,1,1.75,0.00,7570,1,1.75,0.00,7570
2026-05-09 14:51:22,1,1,1,1666.5,0,-21.4,-607,1552,1,1.75,0.00,12240,1,1.75,0.00,12240
2026-05-09 14:51:22,1,1,1,1667.3,0,-21.2,-604,1554,1,1.75,0.00,12240,1,1.75,0.00,12240
2026-05-09 14:51:22,1,1,1,1667.3,0,-21.2,-604,1554,1,1.75,0.00,8840,1,1.75,0.00,8840
2026-05-09 14:51:22,1,1,1,1667.1,0,-21.1,-601,1555,1,1.75,0.00,8840,1,1.75,0.00,8840
2026-05-09 14:51:22,1,1,1,1667.1,0,-21.1,-601,1555,1,1.75,0.00,11090,1,1.75,0.00,11090
2026-05-09 14:51:22,1,1,1,1667.3,0,-21.1,-599,1556,1,1.75,0.00,11090,1,1.75,0.00,11090
2026-05-09 14:51:23,1,1,1,1668.8,0,-21.0,-598,1558,1,1.75,0.00,9938,1,1.75,0.00,9938
2026-05-09 14:51:23,1,1,1,1668.8,0,-21.0,-598,1558,1,1.75,0.00,9938,1,1.75,0.00,9938
2026-05-09 14:51:23,1,1,1,1669.8,0,-21.0,-598,1559,1,1.75,0.00,8500,1,1.75,0.00,8500
2026-05-09 14:51:23,1,1,1,1669.8,0,-21.0,-598,1559,1,1.75,0.00,8500,1,1.75,0.00,8500
2026-05-09 14:51:23,1,1,1,1669.8,0,-21.0,-598,1559,1,1.75,0.00,7362,1,1.75,0.00,7362
2026-05-09 14:51:23,1,1,1,1669.8,0,-21.0,-598,1559,1,1.75,0.00,7362,1,1.75,0.00,7362
2026-05-09 14:51:23,1,1,1,1670.7,0,-21.0,-598,1560,1,1.75,0.00,9160,1,1.75,0.00,9160
2026-05-09 14:51:23,1,1,1,1670.7,0,-21.0,-598,1560,1,1.75,0.00,9160,1,1.75,0.00,9160
2026-05-09 14:51:23,1,1,1,1672.1,0,-20.8,-594,1563,1,1.75,0.00,6553,1,1.75,0.00,6553
2026-05-09 14:51:23,1,1,1,1671.2,0,-20.6,-589,1564,1,1.75,0.00,6553,1,1.75,0.00,6553
2026-05-09 14:51:23,1,1,1,1671.2,0,-20.6,-589,1564,1,1.75,0.00,6109,1,1.75,0.00,6109
2026-05-09 14:51:23,1,1,1,1670.4,0,-20.5,-584,1565,1,1.75,0.00,6109,1,1.75,0.00,6109
2026-05-09 14:51:23,1,1,1,1670.4,0,-20.5,-584,1565,1,1.75,0.00,4157,1,1.75,0.00,4157
2026-05-09 14:51:23,1,1,1,1670.7,0,-20.4,-582,1566,1,1.75,0.00,4157,1,1.75,0.00,4157
2026-05-09 14:51:23,1,1,1,1670.7,0,-20.4,-582,1566,1,1.75,0.00,1445,1,1.75,0.00,1445
2026-05-09 14:51:23,1,1,1,1671.1,0,-20.2,-578,1568,1,1.75,0.00,1445,1,1.75,0.00,1445
2026-05-09 14:51:23,1,1,1,1671.1,0,-20.2,-578,1568,1,1.75,0.00,305,1,1.75,0.00,305
2026-05-09 14:51:23,1,1,1,1671.7,0,-20.2,-577,1569,1,1.75,0.00,305,1,1.75,0.00,305
2026-05-09 14:51:23,1,1,1,1669.2,0,-20.2,-575,1567,1,1.75,0.00,305,1,1.75,0.00,305
2026-05-09 14:51:23,1,1,1,1669.2,0,-20.2,-575,1567,0,0.00,0.00,0,1,1.75,0.00,305
2026-05-09 14:51:24,1,1,1,1666.6,0,-20.1,-573,1565,0,0.00,0.00,0,1,1.75,0.00,305
2026-05-09 14:51:24,1,1,1,1666.6,0,-20.1,-573,1565,0,0.00,0.00,0,1,1.75,0.00,305
2026-05-09 14:51:24,1,1,1,1666.6,0,-20.1,-573,1565,0,0.00,0.00,0,1,1.75,0.00,305
2026-05-09 14:51:24,1,1,1,1666.6,0,-20.1,-573,1565,0,0.00,0.00,0,1,1.75,0.00,305
2026-05-09 14:51:24,1,1,1,1665.7,0,-20.1,-573,1564,0,0.00,0.00,0,1,1.75,0.00,802
2026-05-09 14:51:24,1,1,1,1666.0,0,-20.2,-574,1564,0,0.00,0.00,0,1,1.75,0.00,802
2026-05-09 14:51:24,1,1,1,1666.0,0,-20.2,-574,1564,0,0.00,0.00,0,1,1.75,0.00,2789
2026-05-09 14:51:24,1,1,1,1666.0,0,-20.2,-574,1564,0,0.00,0.00,0,1,1.75,0.00,2789
2026-05-09 14:51:24,1,1,1,1666.0,0,-20.2,-574,1564,0,0.00,0.00,0,1,1.75,0.00,4420
2026-05-09 14:51:24,1,1,1,1666.3,0,-20.2,-575,1564,0,0.00,0.00,0,1,1.75,0.00,4420
2026-05-09 14:51:24,1,1,1,1666.3,0,-20.2,-575,1564,1,1.75,0.00,5288,1,1.75,0.00,5288
2026-05-09 14:51:24,1,1,1,1666.3,0,-20.2,-575,1564,1,1.75,0.00,5288,1,1.75,0.00,5288
2026-05-09 14:51:24,1,1,1,1666.3,0,-20.2,-575,1564,1,1.75,0.00,4365,1,1.75,0.00,4365
2026-05-09 14:51:24,1,1,1,1666.3,0,-20.2,-575,1564,1,1.75,0.00,4365,1,1.75,0.00,4365
2026-05-09 14:51:24,1,1,1,1665.1,0,-20.2,-574,1563,1,1.75,0.00,4093,1,1.75,0.00,4093
2026-05-09 14:51:24,1,1,1,1665.1,0,-20.2,-574,1563,1,1.75,0.00,4093,1,1.75,0.00,4093
2026-05-09 14:51:24,1,1,1,1663.4,0,-20.1,-572,1562,1,1.75,0.00,1620,1,1.75,0.00,1620
2026-05-09 14:51:24,1,1,1,1663.4,0,-20.1,-572,1562,1,1.75,0.00,1620,1,1.75,0.00,1620
2026-05-09 14:51:24,1,1,1,1660.3,0,-20.1,-571,1559,1,1.75,0.00,1620,1,1.75,0.00,1620
2026-05-09 14:51:24,1,1,1,1660.3,0,-20.1,-571,1559,1,1.75,0.00,1620,1,1.75,0.00,1620
2026-05-09 14:51:25,1,1,1,1657.5,0,-20.2,-571,1556,1,1.75,0.00,484,1,1.75,0.00,484
2026-05-09 14:51:25,1,1,1,1656.9,0,-20.2,-572,1555,0,0.00,0.00,0,1,1.75,0.00,484
2026-05-09 14:51:25,1,1,1,1656.9,0,-20.2,-572,1555,0,0.00,0.00,0,1,1.75,0.00,484
2026-05-09 14:51:25,1,1,1,1657.0,0,-20.3,-575,1554,0,0.00,0.00,0,1,1.75,0.00,484
2026-05-09 14:51:25,1,1,1,1657.0,0,-20.3,-575,1554,0,0.00,0.00,0,1,1.75,0.00,1594
2026-05-09 14:51:25,1,1,1,1656.1,0,-20.4,-578,1552,0,0.00,0.00,0,1,1.75,0.00,1594
2026-05-09 14:51:25,1,1,1,1656.1,0,-20.4,-578,1552,0,0.00,0.00,0,1,1.75,0.00,1508
2026-05-09 14:51:25,1,1,1,1656.0,0,-20.6,-583,1550,0,0.00,0.00,0,1,1.75,0.00,1508
2026-05-09 14:51:25,1,1,1,1656.0,0,-20.6,-583,1550,0,0.00,0.00,0,1,1.75,0.00,1508
2026-05-09 14:51:25,1,1,1,1658.8,0,-20.9,-591,1550,0,0.00,0.00,0,1,1.75,0.00,1508
2026-05-09 14:51:25,1,1,1,1661.1,0,-21.2,-600,1549,0,0.00,0.00,0,1,1.75,0.00,1508
2026-05-09 14:51:25,1,1,1,1661.1,0,-21.2,-600,1549,0,0.00,0.00,0,1,1.75,0.00,1508
2026-05-09 14:51:25,1,1,1,1663.7,0,-21.4,-607,1549,0,0.00,0.00,0,1,1.75,0.00,1508
2026-05-09 14:51:25,1,1,1,1663.7,0,-21.4,-607,1549,0,0.00,0.00,0,1,1.75,0.00,1508
2026-05-09 14:51:25,1,1,1,1665.9,0,-21.4,-608,1551,0,0.00,0.00,0,1,1.75,0.00,1508
2026-05-09 14:51:25,1,1,1,1665.9,0,-21.4,-608,1551,0,0.00,0.00,0,1,1.75,0.00,1508
2026-05-09 14:51:25,1,1,1,1665.8,0,-21.3,-605,1552,0,0.00,0.00,0,1,1.75,0.01,362
2026-05-09 14:51:25,1,1,1,1666.5,0,-21.2,-602,1554,0,0.00,0.00,0,1,1.75,0.01,362
2026-05-09 14:51:25,1,1,1,1666.5,0,-21.2,-602,1554,0,0.00,0.00,0,1,1.75,0.00,1300
2026-05-09 14:51:25,1,1,1,1668.4,0,-21.2,-602,1556,0,0.00,0.00,0,1,1.75,0.00,1300
2026-05-09 14:51:26,1,1,1,1668.4,0,-21.2,-602,1556,0,0.00,0.00,0,1,1.75,0.00,1377
2026-05-09 14:51:26,1,1,1,1667.9,0,-21.0,-598,1557,0,0.00,0.00,0,1,1.75,0.00,1377
2026-05-09 14:51:26,1,1,1,1667.9,0,-21.0,-598,1557,0,0.00,0.00,0,1,1.75,0.00,1017
2026-05-09 14:51:26,1,1,1,1666.7,0,-20.8,-592,1558,0,0.00,0.00,0,1,1.75,0.00,1017
2026-05-09 14:51:26,1,1,1,1665.8,0,-20.6,-587,1559,0,0.00,0.00,0,1,1.75,0.00,1017
2026-05-09 14:51:26,1,1,1,1665.8,0,-20.6,-587,1559,0,0.00,0.00,0,1,1.75,0.00,1017
2026-05-09 14:51:26,1,1,1,1666.0,0,-20.4,-582,1561,0,0.00,0.00,0,1,1.75,0.00,1017
2026-05-09 14:51:26,1,1,1,1666.0,0,-20.4,-582,1561,0,0.00,0.00,0,1,1.75,0.00,1017
2026-05-09 14:51:26,1,1,1,1666.8,0,-20.3,-579,1563,0,0.00,0.00,0,1,1.75,0.00,1017
2026-05-09 14:51:26,1,1,1,1666.8,0,-20.3,-579,1563,0,0.00,0.00,0,1,1.75,0.00,1017
2026-05-09 14:51:26,1,1,1,1667.7,0,-20.3,-579,1564,0,0.00,0.00,0,1,1.75,0.00,1017
2026-05-09 14:51:26,1,1,1,1667.7,0,-20.3,-579,1564,0,0.00,0.00,0,1,1.75,0.00,1017
2026-05-09 14:51:26,1,1,1,1668.1,0,-20.3,-580,1564,0,0.00,0.00,0,1,1.75,0.00,1017
2026-05-09 14:51:26,1,1,1,1669.8,0,-20.5,-585,1564,0,0.00,0.00,0,1,1.75,0.00,1017
2026-05-09 14:51:26,1,1,1,1669.8,0,-20.5,-585,1564,0,0.00,0.00,0,1,1.75,0.00,1017
2026-05-09 14:51:26,1,1,1,1672.1,0,-20.8,-594,1563,0,0.00,0.00,0,1,1.75,0.00,1017
2026-05-09 14:51:26,1,1,1,1672.1,0,-20.8,-594,1563,0,0.00,0.00,0,1,1.75,0.00,1017
2026-05-09 14:51:26,1,1,1,1672.8,0,-21.2,-604,1560,0,0.00,0.00,0,0,0.00,0.00,0
2026-05-09 14:51:26,1,1,1,1672.8,0,-21.2,-604,1560,0,0.00,0.00,0,0,0.00,0.00,0
2026-05-09 14:51:26,1,1,1,1672.0,0,-21.5,-612,1556,0,0.00,0.00,0,0,0.00,0.00,0
2026-05-09 14:51:27,1,1,1,1669.2,0,-21.7,-617,1551,0,0.00,0.00,0,0,0.00,0.00,0
2026-05-09 14:51:27,1,1,1,1669.2,0,-21.7,-617,1551,0,0.00,0.00,0,0,0.00,0.00,0
2026-05-09 14:51:27,1,1,1,1667.9,0,-21.9,-621,1548,0,0.00,0.00,0,0,0.00,0.00,0
2026-05-09 14:51:27,1,1,1,1667.9,0,-21.9,-621,1548,0,0.00,0.00,0,0,0.00,0.00,0
2026-05-09 14:51:27,1,1,1,1667.6,0,-22.0,-625,1546,0,0.00,0.00,0,1,1.75,0.00,1225
2026-05-09 14:51:27,1,1,1,1667.6,0,-22.0,-625,1546,0,0.00,0.00,0,1,1.75,0.00,1225
2026-05-09 14:51:27,1,1,1,1667.8,0,-22.1,-628,1545,0,0.00,0.00,0,1,1.75,0.00,404
2026-05-09 14:51:27,1,1,1,1667.8,0,-22.1,-628,1545,0,0.00,0.00,0,1,1.75,0.00,404
2026-05-09 14:51:27,1,1,1,1668.3,0,-22.3,-632,1544,0,0.00,0.00,0,1,1.75,0.00,986
2026-05-09 14:51:27,1,1,1,1668.0,0,-22.4,-636,1542,0,0.00,0.00,0,1,1.75,0.00,986
2026-05-09 14:51:27,1,1,1,1668.0,0,-22.4,-636,1542,0,0.00,0.00,0,1,1.75,0.00,4625
2026-05-09 14:51:27,1,1,1,1669.3,0,-22.4,-637,1543,0,0.00,0.00,0,1,1.75,0.00,4625
2026-05-09 14:51:27,1,1,1,1669.3,0,-22.4,-637,1543,1,1.75,0.00,4106,1,1.75,0.00,4106
2026-05-09 14:51:27,1,1,1,1670.6,0,-22.5,-638,1544,1,1.75,0.00,4106,1,1.75,0.00,4106
2026-05-09 14:51:27,1,1,1,1670.6,0,-22.5,-638,1544,1,1.75,0.00,5140,1,1.75,0.00,5140
2026-05-09 14:51:27,1,1,1,1671.5,0,-22.3,-633,1547,1,1.75,0.00,5140,1,1.75,0.00,5140
2026-05-09 14:51:27,1,1,1,1673.3,0,-22.0,-628,1551,1,1.75,0.00,5140,1,1.75,0.00,5140
2026-05-09 14:51:27,1,1,1,1673.3,0,-22.0,-628,1551,1,1.75,0.00,5140,1,1.75,0.00,5140
2026-05-09 14:51:27,1,1,1,1675.3,0,-21.9,-626,1554,1,1.75,0.00,12197,1,1.75,0.00,12197
2026-05-09 14:51:27,1,1,1,1675.3,0,-21.9,-626,1554,1,1.75,0.00,12197,1,1.75,0.00,12197
2026-05-09 14:51:28,1,1,1,1676.5,0,-21.9,-624,1556,1,1.80,0.02,610,1,1.80,0.02,610
2026-05-09 14:51:28,1,1,1,1676.5,0,-21.9,-624,1556,1,1.80,0.02,610,1,1.80,0.02,610
2026-05-09 14:51:28,1,1,1,1677.2,0,-21.9,-626,1556,1,1.80,0.01,13033,1,1.80,0.01,13033
2026-05-09 14:51:28,1,1,1,1677.2,0,-21.9,-626,1556,1,1.80,0.01,13033,1,1.80,0.01,13033
2026-05-09 14:51:28,1,1,1,1678.0,0,-22.0,-628,1556,1,1.79,0.01,10504,1,1.79,0.01,10504
2026-05-09 14:51:28,1,1,1,1677.0,0,-22.0,-628,1555,1,1.79,0.01,10504,1,1.79,0.01,10504
2026-05-09 14:51:28,1,1,1,1677.0,0,-22.0,-628,1555,1,1.79,0.00,4770,1,1.79,0.00,4770
2026-05-09 14:51:28,1,1,1,1675.7,0,-22.0,-627,1554,1,1.79,0.00,4770,1,1.79,0.00,4770
2026-05-09 14:51:28,1,1,1,1675.7,0,-22.0,-627,1554,1,1.78,0.00,13172,1,1.78,0.00,13172
2026-05-09 14:51:28,1,1,1,1674.6,0,-21.9,-624,1554,1,1.78,0.00,13172,1,1.78,0.00,13172
2026-05-09 14:51:28,1,1,1,1674.6,0,-21.9,-624,1554,1,1.78,0.00,5141,1,1.78,0.00,5141
2026-05-09 14:51:28,1,1,1,1673.7,0,-21.7,-619,1555,1,1.78,0.00,5141,1,1.78,0.00,5141
2026-05-09 14:51:28,1,1,1,1673.7,0,-21.7,-619,1555,1,1.78,0.00,1636,1,1.78,0.00,1636
2026-05-09 14:51:28,1,1,1,1671.8,0,-21.5,-614,1555,1,1.78,0.00,1636,1,1.78,0.00,1636
2026-05-09 14:51:28,1,1,1,1669.6,0,-21.4,-608,1555,1,1.78,0.00,3490,1,1.78,0.00,3490
2026-05-09 14:51:28,1,1,1,1669.6,0,-21.4,-608,1555,1,1.78,0.00,3490,1,1.78,0.00,3490
2026-05-09 14:51:28,1,1,1,1668.5,0,-21.3,-605,1555,1,1.77,0.00,4954,1,1.77,0.00,4954
2026-05-09 14:51:28,1,1,1,1668.5,0,-21.3,-605,1555,1,1.77,0.00,4954,1,1.77,0.00,4954
2026-05-09 14:51:28,1,1,1,1668.4,0,-21.2,-602,1556,1,1.77,0.00,5114,1,1.77,0.00,5114
2026-05-09 14:51:28,1,1,1,1668.4,0,-21.2,-602,1556,1,1.77,0.00,5114,1,1.77,0.00,5114
2026-05-09 14:51:29,1,1,1,1668.0,0,-21.1,-601,1556,1,1.77,0.00,2260,1,1.77,0.00,2260
2026-05-09 14:51:29,1,1,1,1668.6,0,-21.1,-600,1557,1,1.77,0.00,2260,1,1.77,0.00,2260
2026-05-09 14:51:29,1,1,1,1668.6,0,-21.1,-600,1557,1,1.77,0.00,2260,1,1.77,0.00,2260
2026-05-09 14:51:29,1,1,1,1667.9,0,-21.0,-598,1557,1,1.77,0.00,2260,1,1.77,0.00,2260
2026-05-09 14:51:29,1,1,1,1667.9,0,-21.0,-598,1557,1,1.77,0.00,2260,1,1.77,0.00,2260
2026-05-09 14:51:29,1,1,1,1667.7,0,-20.9,-595,1558,0,0.00,0.00,0,1,1.77,0.00,2260
2026-05-09 14:51:29,1,1,1,1667.7,0,-20.9,-595,1558,0,0.00,0.00,0,1,1.77,0.00,2260
2026-05-09 14:51:29,1,1,1,1666.3,0,-20.8,-591,1558,0,0.00,0.00,0,1,1.77,0.00,2260
2026-05-09 14:51:29,1,1,1,1666.3,0,-20.8,-591,1558,0,0.00,0.00,0,1,1.77,0.00,2260
2026-05-09 14:51:29,1,1,1,1665.8,0,-20.6,-587,1559,0,0.00,0.00,0,1,1.77,0.00,2260
2026-05-09 14:51:29,1,1,1,1665.7,0,-20.5,-584,1560,0,0.00,0.00,0,1,1.77,0.00,2260
2026-05-09 14:51:29,1,1,1,1665.7,0,-20.5,-584,1560,0,0.00,0.00,0,1,1.77,0.00,2260
2026-05-09 14:51:29,1,1,1,1665.4,0,-20.5,-583,1560,0,0.00,0.00,0,1,1.77,0.00,2260
2026-05-09 14:51:29,1,1,1,1665.4,0,-20.5,-583,1560,0,0.00,0.00,0,1,1.77,0.00,2260
2026-05-09 14:51:29,1,1,1,1663.4,0,-20.4,-580,1559,0,0.00,0.00,0,1,1.75,0.00,1341
2026-05-09 14:51:29,1,1,1,1663.4,0,-20.4,-580,1559,0,0.00,0.00,0,1,1.75,0.00,1341
2026-05-09 14:51:29,1,1,1,1658.5,0,-20.2,-574,1556,0,0.00,0.00,0,1,1.75,0.00,1341
2026-05-09 14:51:29,1,1,1,1652.0,0,-20.0,-566,1552,0,0.00,0.00,0,1,1.75,0.00,1341
2026-05-09 14:51:29,1,1,1,1652.0,0,-20.0,-566,1552,0,0.00,0.00,0,1,1.75,0.00,1341
2026-05-09 14:51:29,1,1,1,1644.9,0,-19.9,-559,1547,0,0.00,0.00,0,1,1.75,0.00,1341
2026-05-09 14:51:30,1,1,1,1644.9,0,-19.9,-559,1547,0,0.00,0.00,0,1,1.75,0.00,1341
2026-05-09 14:51:30,1,1,1,1636.9,0,-20.1,-563,1537,0,0.00,0.00,0,1,1.75,0.00,1341
2026-05-09 14:51:30,1,1,1,1636.9,0,-20.1,-563,1537,0,0.00,0.00,0,1,1.75,0.00,1341
2026-05-09 14:51:30,1,1,1,1631.6,0,-20.8,-580,1525,0,0.00,0.00,0,1,1.75,0.00,1341
2026-05-09 14:51:30,1,1,1,1631.6,0,-20.8,-580,1525,0,0.00,0.00,0,1,1.75,0.00,1341
2026-05-09 14:51:30,1,1,1,1627.4,0,-21.7,-602,1512,0,0.00,0.00,0,1,1.75,0.00,1341
2026-05-09 14:51:30,1,1,1,1623.3,0,-22.6,-623,1499,0,0.00,0.00,0,1,1.75,0.00,1341
2026-05-09 14:51:30,1,1,1,1623.3,0,-22.6,-623,1499,0,0.00,0.00,0,1,1.75,0.00,1341
2026-05-09 14:51:30,1,1,1,1619.8,0,-23.3,-640,1488,0,0.00,0.00,0,1,1.75,0.00,1341
2026-05-09 14:51:30,1,1,1,1619.8,0,-23.3,-640,1488,0,0.00,0.00,0,0,0.00,0.00,0
2026-05-09 14:51:30,1,1,1,1616.3,0,-23.0,-631,1488,0,0.00,0.00,0,0,0.00,0.00,0
2026-05-09 14:51:30,1,1,1,1616.3,0,-23.0,-631,1488,0,0.00,0.00,0,0,0.00,0.00,0
2026-05-09 14:51:30,1,1,1,1615.4,0,-22.7,-624,1490,0,0.00,0.00,0,0,0.00,0.00,0
2026-05-09 14:51:30,1,1,1,1616.5,0,-22.6,-622,1492,0,0.00,0.00,0,0,0.00,0.00,0
2026-05-09 14:51:30,1,1,1,1616.5,0,-22.6,-622,1492,0,0.00,0.00,0,0,0.00,0.00,0
2026-05-09 14:51:30,1,1,1,1618.7,0,-22.6,-623,1494,0,0.00,0.00,0,0,0.00,0.00,0
2026-05-09 14:51:30,1,1,1,1618.7,0,-22.6,-623,1494,0,0.00,0.00,0,0,0.00,0.00,0
2026-05-09 14:51:30,1,1,1,1620.4,0,-22.7,-625,1495,0,0.00,0.00,0,0,0.00,0.00,0
2026-05-09 14:51:30,1,1,1,1620.4,0,-22.7,-625,1495,0,0.00,0.00,0,0,0.00,0.00,0
2026-05-09 14:51:30,1,1,1,1624.5,0,-22.7,-626,1499,0,0.00,0.00,0,0,0.00,0.00,0
2026-05-09 14:51:31,1,1,1,1624.5,0,-22.7,-626,1499,0,0.00,0.00,0,0,0.00,0.00,0
2026-05-09 14:51:31,1,1,1,1628.2,0,-22.6,-626,1503,0,0.00,0.00,0,0,0.00,0.00,0
2026-05-09 14:51:31,1,1,1,1631.3,0,-22.6,-627,1506,0,0.00,0.00,0,0,0.00,0.00,0
2026-05-09 14:51:31,1,1,1,1631.3,0,-22.6,-627,1506,0,0.00,0.00,0,0,0.00,0.00,0
2026-05-09 14:51:31,1,1,1,1635.2,0,-22.5,-625,1511,0,0.00,0.00,0,0,0.00,0.00,0
2026-05-09 14:51:31,1,1,1,1635.2,0,-22.5,-625,1511,0,0.00,0.00,0,0,0.00,0.00,0
2026-05-09 14:51:31,1,1,1,1638.6,0,-22.3,-622,1516,0,0.00,0.00,0,1,1.75,0.00,1069
2026-05-09 14:51:31,1,1,1,1638.6,0,-22.3,-622,1516,0,0.00,0.00,0,1,1.75,0.00,1069
2026-05-09 14:51:31,1,1,1,1647.9,0,-21.6,-607,1532,0,0.00,0.00,0,1,1.75,0.00,1069
2026-05-09 14:51:31,1,1,1,1649.8,0,-21.2,-597,1538,0,0.00,0.00,0,1,1.75,0.00,1069
2026-05-09 14:51:31,1,1,1,1649.8,0,-21.2,-597,1538,0,0.00,0.00,0,1,1.76,0.01,442
2026-05-09 14:51:31,1,1,1,1644.9,0,-21.5,-604,1530,0,0.00,0.00,0,1,1.76,0.01,442
2026-05-09 14:51:31,1,1,1,1644.9,0,-21.5,-604,1530,0,0.00,0.00,0,1,1.76,0.01,612
2026-05-09 14:51:31,1,1,1,1644.2,0,-21.7,-607,1528,0,0.00,0.00,0,1,1.76,0.01,612
2026-05-09 14:51:31,1,1,1,1644.2,0,-21.7,-607,1528,0,0.00,0.00,0,1,1.76,0.00,626
2026-05-09 14:51:31,1,1,1,1642.9,0,-21.6,-606,1527,0,0.00,0.00,0,1,1.76,0.00,626
2026-05-09 14:51:31,1,1,1,1642.9,0,-21.6,-606,1527,0,0.00,0.00,0,1,1.76,0.00,626
2026-05-09 14:51:31,1,1,1,1642.3,0,-21.5,-602,1528,0,0.00,0.00,0,1,1.76,0.00,626
2026-05-09 14:51:31,1,1,1,1641.6,0,-21.4,-600,1528,0,0.00,0.00,0,1,1.76,0.00,685
2026-05-09 14:51:31,1,1,1,1641.6,0,-21.4,-600,1528,0,0.00,0.00,0,1,1.76,0.00,685
2026-05-09 14:51:32,1,1,1,1642.7,0,-21.5,-603,1528,0,0.00,0.00,0,1,1.76,0.00,674
2026-05-09 14:51:32,1,1,1,1642.7,0,-21.5,-603,1528,0,0.00,0.00,0,1,1.76,0.00,674
2026-05-09 14:51:32,1,1,1,1642.5,0,-21.6,-605,1527,0,0.00,0.00,0,1,1.76,0.00,674
2026-05-09 14:51:32,1,1,1,1642.5,0,-21.6,-605,1527,0,0.00,0.00,0,1,1.76,0.00,674
2026-05-09 14:51:32,1,1,1,1642.1,0,-21.6,-604,1527,0,0.00,0.00,0,1,1.76,0.00,674
2026-05-09 14:51:32,1,1,1,1643.2,0,-21.5,-602,1529,0,0.00,0.00,0,1,1.76,0.00,674
2026-05-09 14:51:32,1,1,1,1643.2,0,-21.5,-602,1529,0,0.00,0.00,0,1,1.76,0.00,674
2026-05-09 14:51:32,1,1,1,1644.0,0,-21.4,-599,1531,0,0.00,0.00,0,1,1.76,0.00,674
2026-05-09 14:51:32,1,1,1,1644.0,0,-21.4,-599,1531,0,0.00,0.00,0,1,1.76,0.00,674
2026-05-09 14:51:32,1,1,1,1645.1,0,-21.3,-597,1533,0,0.00,0.00,0,1,1.76,0.00,674
2026-05-09 14:51:32,1,1,1,1645.1,0,-21.3,-597,1533,0,0.00,0.00,0,1,1.75,0.00,832
2026-05-09 14:51:32,1,1,1,1646.3,0,-21.2,-595,1535,0,0.00,0.00,0,1,1.75,0.00,832
2026-05-09 14:51:32,1,1,1,1646.3,0,-21.2,-595,1535,0,0.00,0.00,0,1,1.75,0.00,832
2026-05-09 14:51:32,1,1,1,1646.9,0,-21.1,-594,1536,0,0.00,0.00,0,1,1.75,0.00,832
2026-05-09 14:51:32,1,1,1,1648.7,0,-21.1,-594,1538,0,0.00,0.00,0,1,1.75,0.00,832
2026-05-09 14:51:32,1,1,1,1648.7,0,-21.1,-594,1538,0,0.00,0.00,0,1,1.75,0.00,832
2026-05-09 14:51:32,1,1,1,1649.3,0,-21.1,-593,1539,0,0.00,0.00,0,1,1.75,0.00,832
2026-05-09 14:51:32,1,1,1,1649.3,0,-21.1,-593,1539,0,0.00,0.00,0,1,1.75,0.00,832
2026-05-09 14:51:32,1,1,1,1649.9,0,-21.0,-592,1540,0,0.00,0.00,0,1,1.75,0.00,832
2026-05-09 14:51:32,1,1,1,1649.9,0,-21.0,-592,1540,0,0.00,0.00,0,1,1.75,0.00,832
2026-05-09 14:51:33,1,1,1,1651.4,0,-21.0,-591,1542,0,0.00,0.00,0,1,1.75,0.00,832
2026-05-09 14:51:33,1,1,1,1651.4,0,-21.0,-591,1542,0,0.00,0.00,0,1,1.75,0.00,832
2026-05-09 14:51:33,1,1,1,1652.5,0,-20.9,-589,1544,0,0.00,0.00,0,1,1.75,0.00,832
2026-05-09 14:51:33,1,1,1,1653.7,0,-20.8,-587,1546,0,0.00,0.00,0,1,1.75,0.00,832
2026-05-09 14:51:33,1,1,1,1653.7,0,-20.8,-587,1546,0,0.00,0.00,0,1,1.75,0.00,832
2026-05-09 14:51:33,1,1,1,1654.3,0,-20.7,-586,1547,0,0.00,0.00,0,0,0.00,0.00,0
2026-05-09 14:51:33,1,1,1,1654.3,0,-20.7,-586,1547,0,0.00,0.00,0,0,0.00,0.00,0
2026-05-09 14:51:33,1,1,1,1655.2,0,-20.7,-586,1548,0,0.00,0.00,0,0,0.00,0.00,0
2026-05-09 14:51:33,1,1,1,1655.2,0,-20.7,-586,1548,0,0.00,0.00,0,0,0.00,0.00,0
2026-05-09 14:51:33,1,1,1,1656.5,0,-20.8,-587,1549,0,0.00,0.00,0,0,0.00,0.00,0
2026-05-09 14:51:33,1,1,1,1657.4,0,-20.7,-587,1550,0,0.00,0.00,0,0,0.00,0.00,0
2026-05-09 14:51:33,1,1,1,1657.4,0,-20.7,-587,1550,0,0.00,0.00,0,0,0.00,0.00,0
2026-05-09 14:51:33,1,1,1,1658.0,0,-20.7,-586,1551,0,0.00,0.00,0,1,1.75,0.00,1261
2026-05-09 14:51:33,1,1,1,1658.0,0,-20.7,-586,1551,0,0.00,0.00,0,1,1.75,0.00,1261
2026-05-09 14:51:33,1,1,1,1659.5,0,-20.6,-585,1553,0,0.00,0.00,0,1,1.75,0.00,1642
2026-05-09 14:51:33,1,1,1,1659.5,0,-20.6,-585,1553,0,0.00,0.00,0,1,1.75,0.00,1642
2026-05-09 14:51:33,1,1,1,1661.0,0,-20.6,-584,1555,0,0.00,0.00,0,1,1.75,0.00,1642
2026-05-09 14:51:33,1,1,1,1661.0,0,-20.6,-584,1555,0,0.00,0.00,0,1,1.75,0.00,1642
2026-05-09 14:51:33,1,1,1,1663.9,0,-20.5,-584,1558,0,0.00,0.00,0,1,1.75,0.00,1642
2026-05-09 14:51:33,1,1,1,1665.4,0,-20.5,-583,1560,0,0.00,0.00,0,1,1.75,0.00,1642
2026-05-09 14:51:34,1,1,1,1665.4,0,-20.5,-583,1560,0,0.00,0.00,0,1,1.75,0.00,1642
2026-05-09 14:51:34,1,1,1,1666.9,0,-20.4,-582,1562,0,0.00,0.00,0,1,1.75,0.00,1642
2026-05-09 14:51:34,1,1,1,1666.9,0,-20.4,-582,1562,0,0.00,0.00,0,1,1.75,0.00,1642
2026-05-09 14:51:34,1,1,1,1667.5,0,-20.4,-581,1563,0,0.00,0.00,0,1,1.75,0.00,1642
2026-05-09 14:51:34,1,1,1,1667.5,0,-20.4,-581,1563,0,0.00,0.00,0,1,1.75,0.00,617
2026-05-09 14:51:34,1,1,1,1668.9,0,-20.5,-585,1563,0,0.00,0.00,0,1,1.75,0.00,617
2026-05-09 14:51:34,1,1,1,1670.3,0,-20.6,-589,1563,0,0.00,0.00,0,1,1.75,0.00,148
2026-05-09 14:51:34,1,1,1,1670.3,0,-20.6,-589,1563,0,0.00,0.00,0,1,1.75,0.00,148
2026-05-09 14:51:34,1,1,1,1672.9,0,-20.7,-591,1565,0,0.00,0.00,0,1,1.75,0.00,482
2026-05-09 14:51:34,1,1,1,1672.9,0,-20.7,-591,1565,0,0.00,0.00,0,1,1.75,0.00,482
2026-05-09 14:51:34,1,1,1,1675.1,0,-20.7,-592,1567,0,0.00,0.00,0,1,1.75,0.00,626
2026-05-09 14:51:34,1,1,1,1675.1,0,-20.7,-592,1567,0,0.00,0.00,0,1,1.75,0.00,626
2026-05-09 14:51:34,1,1,1,1676.3,0,-20.6,-590,1569,0,0.00,0.00,0,1,1.75,0.00,626
2026-05-09 14:51:34,1,1,1,1676.3,0,-20.6,-590,1569,0,0.00,0.00,0,1,1.75,0.00,626
2026-05-09 14:51:34,1,1,1,1677.4,0,-20.5,-588,1571,0,0.00,0.00,0,1,1.75,0.00,626
2026-05-09 14:51:34,1,1,1,1677.7,0,-20.4,-586,1572,0,0.00,0.00,0,1,1.75,0.00,626
2026-05-09 14:51:34,1,1,1,1677.7,0,-20.4,-586,1572,0,0.00,0.00,0,1,1.75,0.00,626
2026-05-09 14:51:34,1,1,1,1677.0,0,-20.4,-584,1572,0,0.00,0.00,0,1,1.75,0.00,626
2026-05-09 14:51:34,1,1,1,1677.0,0,-20.4,-584,1572,0,0.00,0.00,0,1,1.75,0.00,626
2026-05-09 14:51:34,1,1,1,1677.2,0,-20.3,-582,1573,0,0.00,0.00,0,1,1.75,0.00,626
2026-05-09 14:51:35,1,1,1,1677.2,0,-20.3,-582,1573,0,0.00,0.00,0,1,1.75,0.00,626
2026-05-09 14:51:35,1,1,1,1676.9,0,-20.3,-581,1573,0,0.00,0.00,0,1,1.75,0.00,626
2026-05-09 14:51:35,1,1,1,1676.2,0,-20.2,-579,1573,0,0.00,0.00,0,1,1.75,0.00,626
2026-05-09 14:51:35,1,1,1,1676.2,0,-20.2,-579,1573,0,0.00,0.00,0,1,1.75,0.00,626
2026-05-09 14:51:35,1,1,1,1674.0,0,-20.2,-578,1571,0,0.00,0.00,0,1,1.75,0.00,626
2026-05-09 14:51:35,1,1,1,1674.0,0,-20.2,-578,1571,0,0.00,0.00,0,0,0.00,0.00,0
2026-05-09 14:51:35,1,1,1,1672.7,0,-20.2,-577,1570,0,0.00,0.00,0,0,0.00,0.00,0
2026-05-09 14:51:35,1,1,1,1672.7,0,-20.2,-577,1570,0,0.00,0.00,0,0,0.00,0.00,0
2026-05-09 14:51:35,1,1,1,1671.1,0,-20.2,-578,1568,0,0.00,0.00,0,0,0.00,0.00,0
2026-05-09 14:51:35,1,1,1,1671.1,0,-20.2,-578,1568,0,0.00,0.00,0,0,0.00,0.00,0
2026-05-09 14:51:35,1,1,1,1669.3,0,-20.3,-578,1566,0,0.00,0.00,0,0,0.00,0.00,0
2026-05-09 14:51:35,1,1,1,1668.7,0,-20.3,-579,1565,0,0.00,0.00,0,0,0.00,0.00,0
2026-05-09 14:51:35,1,1,1,1668.7,0,-20.3,-579,1565,0,0.00,0.00,0,0,0.00,0.00,0
2026-05-09 14:51:35,1,1,1,1668.7,0,-20.3,-579,1565,0,0.00,0.00,0,0,0.00,0.00,0
2026-05-09 14:51:35,1,1,1,1668.7,0,-20.3,-579,1565,0,0.00,0.00,0,0,0.00,0.00,0
2026-05-09 14:51:35,1,1,1,1670.4,0,-20.2,-576,1568,0,0.00,0.00,0,0,0.00,0.00,0
2026-05-09 14:51:35,1,1,1,1670.4,0,-20.2,-576,1568,0,0.00,0.00,0,0,0.00,0.00,0
2026-05-09 14:51:35,1,1,1,1672.7,0,-19.9,-569,1573,0,0.00,0.00,0,0,0.00,0.00,0
2026-05-09 14:51:35,1,1,1,1673.4,0,-19.4,-557,1578,0,0.00,0.00,0,0,0.00,0.00,0
2026-05-09 14:51:35,1,1,1,1673.4,0,-19.4,-557,1578,0,0.00,0.00,0,0,0.00,0.00,0
2026-05-09 14:51:36,1,1,1,1675.1,0,-19.0,-545,1584,0,0.00,0.00,0,0,0.00,0.00,0
2026-05-09 14:51:36,1,1,1,1675.1,0,-19.0,-545,1584,0,0.00,0.00,0,0,0.00,0.00,0
2026-05-09 14:51:36,1,1,1,1680.8,0,-18.6,-536,1593,0,0.00,0.00,0,0,0.00,0.00,0
2026-05-09 14:51:36,1,1,1,1680.8,0,-18.6,-536,1593,0,0.00,0.00,0,0,0.00,0.00,0
2026-05-09 14:51:36,1,1,1,1682.7,0,-18.6,-536,1595,0,0.00,0.00,0,0,0.00,0.00,0
2026-05-09 14:51:36,1,1,1,1682.7,0,-18.6,-536,1595,0,0.00,0.00,0,0,0.00,0.00,0
2026-05-09 14:51:36,1,1,1,1684.9,0,-18.6,-537,1597,0,0.00,0.00,0,0,0.00,0.00,0
2026-05-09 14:51:36,1,1,1,1688.0,0,-18.6,-538,1600,0,0.00,0.00,0,0,0.00,0.00,0
2026-05-09 14:51:36,1,1,1,1688.0,0,-18.6,-538,1600,0,0.00,0.00,0,0,0.00,0.00,0
2026-05-09 14:51:36,1,1,1,1690.2,0,-18.6,-539,1602,0,0.00,0.00,0,0,0.00,0.00,0
2026-05-09 14:51:36,1,1,1,1690.2,0,-18.6,-539,1602,0,0.00,0.00,0,0,0.00,0.00,0
2026-05-09 14:51:36,1,1,1,1694.7,8,-18.6,-541,1606,0,0.00,0.00,0,0,0.00,0.00,0
2026-05-09 14:51:36,1,1,1,1694.7,8,-18.6,-541,1606,0,0.00,0.00,0,0,0.00,0.00,0
2026-05-09 14:51:36,1,1,1,1697.5,0,-18.7,-544,1608,0,0.00,0.00,0,0,0.00,0.00,0
2026-05-09 14:51:36,1,1,1,1699.4,0,-18.8,-547,1609,0,0.00,0.00,0,0,0.00,0.00,0
2026-05-09 14:51:36,1,1,1,1699.4,0,-18.8,-547,1609,0,0.00,0.00,0,0,0.00,0.00,0
2026-05-09 14:51:36,1,1,1,1700.7,0,-18.8,-548,1610,0,0.00,0.00,0,0,0.00,0.00,0
2026-05-09 14:51:36,1,1,1,1700.7,0,-18.8,-548,1610,0,0.00,0.00,0,0,0.00,0.00,0
2026-05-09 14:51:36,1,1,1,1702.3,0,-18.7,-547,1612,0,0.00,0.00,0,0,0.00,0.00,0
2026-05-09 14:51:36,1,1,1,1702.3,0,-18.7,-547,1612,0,0.00,0.00,0,0,0.00,0.00,0
2026-05-09 14:51:37,1,1,1,1702.6,0,-18.7,-545,1613,0,0.00,0.00,0,0,0.00,0.00,0
2026-05-09 14:51:37,1,1,1,1702.6,0,-18.7,-545,1613,0,0.00,0.00,0,0,0.00,0.00,0
2026-05-09 14:51:37,1,1,1,1702.3,0,-18.6,-544,1613,0,0.00,0.00,0,0,0.00,0.00,0
2026-05-09 14:51:37,1,1,1,1700.1,0,-18.6,-543,1611,0,0.00,0.00,0,0,0.00,0.00,0
2026-05-09 14:51:37,1,1,1,1700.1,0,-18.6,-543,1611,0,0.00,0.00,0,0,0.00,0.00,0
2026-05-09 14:51:37,1,1,1,1696.6,0,-18.7,-544,1607,0,0.00,0.00,0,0,0.00,0.00,0
2026-05-09 14:51:37,1,1,1,1696.6,0,-18.7,-544,1607,0,0.00,0.00,0,0,0.00,0.00,0
2026-05-09 14:51:37,1,1,1,1690.9,0,-18.9,-547,1600,0,0.00,0.00,0,0,0.00,0.00,0
2026-05-09 14:51:37,1,1,1,1690.9,0,-18.9,-547,1600,0,0.00,0.00,0,0,0.00,0.00,0
2026-05-09 14:51:37,1,1,1,1684.9,0,-19.0,-549,1593,0,0.00,0.00,0,0,0.00,0.00,0
2026-05-09 14:51:37,1,1,1,1684.9,0,-19.0,-549,1593,0,0.00,0.00,0,0,0.00,0.00,0
2026-05-09 14:51:37,1,1,1,1685.5,0,-18.9,-545,1595,0,0.00,0.00,0,0,0.00,0.00,0
2026-05-09 14:51:37,1,1,1,1689.0,0,-18.7,-541,1600,0,0.00,0.00,0,0,0.00,0.00,0
2026-05-09 14:51:37,1,1,1,1689.0,0,-18.7,-541,1600,0,0.00,0.00,0,0,0.00,0.00,0
2026-05-09 14:51:37,1,1,1,1692.1,0,-18.6,-539,1604,0,0.00,0.00,0,0,0.00,0.00,0
2026-05-09 14:51:37,1,1,1,1692.1,0,-18.6,-539,1604,0,0.00,0.00,0,0,0.00,0.00,0
2026-05-09 14:51:37,1,1,1,1695.9,0,-18.4,-536,1609,0,0.00,0.00,0,0,0.00,0.00,0
2026-05-09 14:51:37,1,1,1,1695.9,0,-18.4,-536,1609,0,0.00,0.00,0,0,0.00,0.00,0
2026-05-09 14:51:37,1,1,1,1702.3,0,-18.1,-529,1618,0,0.00,0.00,0,0,0.00,0.00,0
2026-05-09 14:51:37,1,1,1,1707.4,0,-17.9,-524,1625,0,0.00,0.00,0,0,0.00,0.00,0
2026-05-09 14:51:38,1,1,1,1707.4,0,-17.9,-524,1625,0,0.00,0.00,0,0,0.00,0.00,0
2026-05-09 14:51:38,1,1,1,1710.3,0,-17.8,-524,1628,0,0.00,0.00,0,0,0.00,0.00,0
2026-05-09 14:51:38,1,1,1,1710.3,0,-17.8,-524,1628,0,0.00,0.00,0,0,0.00,0.00,0
2026-05-09 14:51:38,1,1,1,1709.6,0,-17.8,-522,1628,0,0.00,0.00,0,0,0.00,0.00,0
2026-05-09 14:51:38,1,1,1,1709.6,0,-17.8,-522,1628,0,0.00,0.00,0,0,0.00,0.00,0
2026-05-09 14:51:38,1,1,1,1708.1,0,-17.6,-517,1628,0,0.00,0.00,0,0,0.00,0.00,0
2026-05-09 14:51:38,1,1,1,1708.1,0,-17.6,-517,1628,0,0.00,0.00,0,0,0.00,0.00,0
2026-05-09 14:51:38,1,1,1,1709.2,0,-17.3,-508,1632,0,0.00,0.00,0,0,0.00,0.00,0
2026-05-09 14:51:38,1,1,1,1712.4,0,-16.8,-496,1639,0,0.00,0.00,0,0,0.00,0.00,0
2026-05-09 14:51:38,1,1,1,1712.4,0,-16.8,-496,1639,0,0.00,0.00,0,0,0.00,0.00,0
2026-05-09 14:51:38,1,1,1,1715.4,0,-16.4,-483,1646,0,0.00,0.00,0,0,0.00,0.00,0
2026-05-09 14:51:38,1,1,1,1715.4,0,-16.4,-483,1646,0,0.00,0.00,0,0,0.00,0.00,0
2026-05-09 14:51:38,1,1,1,1703.6,0,-16.2,-475,1636,0,0.00,0.00,0,0,0.00,0.00,0
2026-05-09 14:51:38,1,1,1,1703.6,0,-16.2,-475,1636,0,0.00,0.00,0,0,0.00,0.00,0
2026-05-09 14:51:38,1,1,1,1698.1,0,-16.3,-476,1630,0,0.00,0.00,0,0,0.00,0.00,0
2026-05-09 14:51:38,1,1,1,1692.9,0,-16.4,-478,1624,0,0.00,0.00,0,0,0.00,0.00,0
2026-05-09 14:51:38,1,1,1,1692.9,0,-16.4,-478,1624,0,0.00,0.00,0,0,0.00,0.00,0
2026-05-09 14:51:38,1,1,1,1683.2,0,-16.6,-481,1613,0,0.00,0.00,0,0,0.00,0.00,0
2026-05-09 14:51:38,1,1,1,1683.2,0,-16.6,-481,1613,0,0.00,0.00,0,0,0.00,0.00,0
2026-05-09 14:51:38,1,1,1,1658.5,0,-17.6,-501,1581,0,0.00,0.00,0,0,0.00,0.00,0
2026-05-09 14:51:39,1,1,1,1658.5,0,-17.6,-501,1581,0,0.00,0.00,0,1,2.00,0.00,985
2026-05-09 14:51:39,1,1,1,1642.8,0,-18.5,-521,1558,0,0.00,0.00,0,1,2.00,0.00,985
2026-05-09 14:51:39,1,1,1,1642.8,0,-18.5,-521,1558,0,0.00,0.00,0,1,2.00,0.00,985
2026-05-09 14:51:39,1,1,1,1633.9,0,-19.4,-543,1541,0,0.00,0.00,0,1,2.00,0.00,985
2026-05-09 14:51:39,1,1,1,1626.9,0,-20.3,-564,1526,0,0.00,0.00,0,1,2.00,0.00,985
2026-05-09 14:51:39,1,1,1,1626.9,0,-20.3,-564,1526,0,0.00,0.00,0,1,2.00,0.00,985
2026-05-09 14:51:39,1,1,1,1618.8,0,-21.2,-586,1509,0,0.00,0.00,0,1,2.00,0.00,985
2026-05-09 14:51:39,1,1,1,1618.8,0,-21.2,-586,1509,0,0.00,0.00,0,1,2.00,0.00,985
2026-05-09 14:51:39,1,1,1,1609.8,0,-22.0,-602,1493,0,0.00,0.00,0,1,1.75,0.00,6970
2026-05-09 14:51:39,1,1,1,1609.8,0,-22.0,-602,1493,0,0.00,0.00,0,1,1.75,0.00,6970
2026-05-09 14:51:39,1,1,1,1601.6,0,-22.7,-617,1478,1,1.75,0.00,6929,1,1.75,0.00,6929
2026-05-09 14:51:39,1,1,1,1594.2,0,-23.3,-631,1464,1,1.75,0.00,6929,1,1.75,0.00,6929
2026-05-09 14:51:39,1,1,1,1594.2,0,-23.3,-631,1464,1,1.75,0.00,5045,1,1.75,0.00,5045
2026-05-09 14:51:39,1,1,1,1587.7,0,-23.8,-640,1453,1,1.75,0.00,5045,1,1.75,0.00,5045
2026-05-09 14:51:39,1,1,1,1587.7,0,-23.8,-640,1453,1,1.75,0.00,3418,1,1.75,0.00,3418
2026-05-09 14:51:39,1,1,1,1585.3,0,-23.9,-643,1449,1,1.75,0.00,3418,1,1.75,0.00,3418
2026-05-09 14:51:39,1,1,1,1585.3,0,-23.9,-643,1449,1,1.75,0.00,929,1,1.75,0.00,929
2026-05-09 14:51:39,1,1,1,1586.7,0,-23.9,-642,1451,1,1.75,0.00,929,1,1.75,0.00,929
2026-05-09 14:51:39,1,1,1,1586.7,0,-23.9,-642,1451,1,1.75,0.00,929,1,1.75,0.00,929
2026-05-09 14:51:39,1,1,1,1589.4,0,-23.8,-642,1454,1,1.75,0.00,929,1,1.75,0.00,929
2026-05-09 14:51:40,1,1,1,1592.2,0,-23.8,-642,1457,1,1.75,0.00,929,1,1.75,0.00,929
2026-05-09 14:51:40,1,1,1,1592.2,0,-23.8,-642,1457,0,0.00,0.00,0,1,1.75,0.00,929
2026-05-09 14:51:40,1,1,1,1594.4,0,-23.8,-643,1459,0,0.00,0.00,0,1,1.75,0.00,929
2026-05-09 14:51:40,1,1,1,1594.4,0,-23.8,-643,1459,0,0.00,0.00,0,1,1.75,0.00,929
2026-05-09 14:51:40,1,1,1,1593.9,0,-23.8,-644,1458,0,0.00,0.00,0,1,1.75,0.00,929
2026-05-09 14:51:40,1,1,1,1593.9,0,-23.8,-644,1458,0,0.00,0.00,0,1,1.75,0.00,929
2026-05-09 14:51:40,1,1,1,1595.6,0,-23.9,-646,1459,0,0.00,0.00,0,1,1.75,0.00,929
2026-05-09 14:51:40,1,1,1,1597.9,0,-23.9,-647,1461,0,0.00,0.00,0,1,1.75,0.00,929
2026-05-09 14:51:40,1,1,1,1597.9,0,-23.9,-647,1461,0,0.00,0.00,0,1,1.75,0.00,929
2026-05-09 14:51:40,1,1,1,1600.5,0,-23.9,-649,1463,0,0.00,0.00,0,1,1.75,0.00,929
2026-05-09 14:51:40,1,1,1,1600.5,0,-23.9,-649,1463,0,0.00,0.00,0,1,1.75,0.00,1546
2026-05-09 14:51:40,1,1,1,1603.1,0,-24.0,-651,1465,0,0.00,0.00,0,1,1.75,0.00,1546
2026-05-09 14:51:40,1,1,1,1603.1,0,-24.0,-651,1465,0,0.00,0.00,0,1,1.75,0.00,1105
2026-05-09 14:51:40,1,1,1,1604.0,0,-23.9,-651,1466,0,0.00,0.00,0,1,1.75,0.00,1105
2026-05-09 14:51:40,1,1,1,1604.0,0,-23.9,-651,1466,0,0.00,0.00,0,1,1.75,0.00,1105
2026-05-09 14:51:40,1,1,1,1603.3,0,-23.8,-647,1467,0,0.00,0.00,0,1,1.75,0.00,1105
2026-05-09 14:51:40,1,1,1,1604.1,0,-23.6,-642,1470,0,0.00,0.00,0,1,1.75,0.00,1105
2026-05-09 14:51:40,1,1,1,1604.1,0,-23.6,-642,1470,0,0.00,0.00,0,1,1.75,0.00,1105
2026-05-09 14:51:40,1,1,1,1605.2,0,-23.4,-638,1473,0,0.00,0.00,0,1,1.75,0.00,1105
2026-05-09 14:51:40,1,1,1,1605.2,0,-23.4,-638,1473,0,0.00,0.00,0,1,1.75,0.00,1105
2026-05-09 14:51:41,1,1,1,1605.9,0,-23.3,-635,1475,0,0.00,0.00,0,1,1.75,0.00,2050
2026-05-09 14:51:41,1,1,1,1605.9,0,-23.3,-635,1475,0,0.00,0.00,0,1,1.75,0.00,2050
2026-05-09 14:51:41,1,1,1,1607.5,0,-23.2,-632,1478,0,0.00,0.00,0,1,1.75,0.00,4105
2026-05-09 14:51:41,1,1,1,1608.6,0,-23.0,-628,1481,0,0.00,0.00,0,1,1.75,0.00,4105
2026-05-09 14:51:41,1,1,1,1608.6,0,-23.0,-628,1481,1,1.75,0.00,3616,1,1.75,0.00,3616
2026-05-09 14:51:41,1,1,1,1609.9,0,-22.8,-624,1484,1,1.75,0.00,3616,1,1.75,0.00,3616
2026-05-09 14:51:41,1,1,1,1609.9,0,-22.8,-624,1484,1,1.75,0.00,3341,1,1.75,0.00,3341
2026-05-09 14:51:41,1,1,1,1610.7,0,-22.6,-619,1487,1,1.75,0.00,3341,1,1.75,0.00,3341
2026-05-09 14:51:41,1,1,1,1610.7,0,-22.6,-619,1487,1,1.75,0.00,2088,1,1.75,0.00,2088
2026-05-09 14:51:41,1,1,1,1612.3,0,-22.5,-616,1490,1,1.75,0.00,2088,1,1.75,0.00,2088
2026-05-09 14:51:41,1,1,1,1612.3,0,-22.5,-616,1490,1,1.75,0.00,810,1,1.75,0.00,810
2026-05-09 14:51:41,1,1,1,1613.0,0,-22.3,-613,1492,1,1.75,0.00,810,1,1.75,0.00,810
2026-05-09 14:51:41,1,1,1,1614.7,0,-22.2,-610,1495,1,1.75,0.00,810,1,1.75,0.00,810
2026-05-09 14:51:41,1,1,1,1614.7,0,-22.2,-610,1495,0,0.00,0.00,0,1,1.75,0.00,810
2026-05-09 14:51:41,1,1,1,1615.9,0,-22.0,-606,1498,0,0.00,0.00,0,1,1.75,0.00,810
2026-05-09 14:51:41,1,1,1,1615.9,0,-22.0,-606,1498,0,0.00,0.00,0,1,1.75,0.00,810
2026-05-09 14:51:41,1,1,1,1618.5,0,-21.9,-603,1502,0,0.00,0.00,0,1,1.75,0.00,810
2026-05-09 14:51:41,1,1,1,1618.5,0,-21.9,-603,1502,0,0.00,0.00,0,1,1.75,0.00,810
2026-05-09 14:51:41,1,1,1,1620.8,0,-21.7,-599,1506,0,0.00,0.00,0,1,1.75,0.00,810
2026-05-09 14:51:41,1,1,1,1620.8,0,-21.7,-599,1506,0,0.00,0.00,0,1,1.75,0.00,810
2026-05-09 14:51:42,1,1,1,1624.3,0,-21.5,-596,1511,0,0.00,0.00,0,1,1.75,0.00,810
2026-05-09 14:51:42,1,1,1,1627.1,0,-21.3,-591,1516,0,0.00,0.00,0,1,1.75,0.00,810
2026-05-09 14:51:42,1,1,1,1627.1,0,-21.3,-591,1516,0,0.00,0.00,0,1,1.75,0.00,810
2026-05-09 14:51:42,1,1,1,1629.4,0,-21.1,-587,1520,0,0.00,0.00,0,1,1.75,0.00,810
2026-05-09 14:51:42,1,1,1,1629.4,0,-21.1,-587,1520,0,0.00,0.00,0,1,1.75,0.00,810
2026-05-09 14:51:42,1,1,1,1631.7,0,-20.9,-583,1524,0,0.00,0.00,0,0,0.00,0.00,0
2026-05-09 14:51:42,1,1,1,1631.7,0,-20.9,-583,1524,0,0.00,0.00,0,0,0.00,0.00,0
2026-05-09 14:51:42,1,1,1,1632.9,0,-20.8,-581,1526,0,0.00,0.00,0,0,0.00,0.00,0
2026-05-09 14:51:42,1,1,1,1635.9,0,-20.7,-579,1530,0,0.00,0.00,0,0,0.00,0.00,0
2026-05-09 14:51:42,1,1,1,1635.9,0,-20.7,-579,1530,0,0.00,0.00,0,0,0.00,0.00,0
2026-05-09 14:51:42,1,1,1,1638.0,0,-20.6,-577,1533,0,0.00,0.00,0,0,0.00,0.00,0
2026-05-09 14:51:42,1,1,1,1638.0,0,-20.6,-577,1533,0,0.00,0.00,0,0,0.00,0.00,0
2026-05-09 14:51:42,1,1,1,1640.1,0,-20.5,-575,1536,0,0.00,0.00,0,1,1.75,0.00,545
2026-05-09 14:51:42,1,1,1,1640.1,0,-20.5,-575,1536,0,0.00,0.00,0,1,1.75,0.00,545
2026-05-09 14:51:42,1,1,1,1641.9,0,-20.4,-572,1539,0,0.00,0.00,0,1,1.75,0.00,545
2026-05-09 14:51:42,1,1,1,1641.9,0,-20.4,-572,1539,0,0.00,0.00,0,1,1.75,0.00,545
2026-05-09 14:51:42,1,1,1,1644.9,0,-20.3,-570,1543,0,0.00,0.00,0,1,1.75,0.00,545
2026-05-09 14:51:42,1,1,1,1647.0,0,-20.2,-568,1546,0,0.00,0.00,0,1,1.75,0.00,545
2026-05-09 14:51:42,1,1,1,1647.0,0,-20.2,-568,1546,0,0.00,0.00,0,1,1.75,0.00,545
2026-05-09 14:51:42,1,1,1,1648.2,0,-20.1,-566,1548,0,0.00,0.00,0,1,1.75,0.00,545
2026-05-09 14:51:43,1,1,1,1648.2,0,-20.1,-566,1548,0,0.00,0.00,0,1,1.75,0.00,545
2026-05-09 14:51:43,1,1,1,1649.8,0,-20.0,-565,1550,0,0.00,0.00,0,1,1.75,0.00,545
2026-05-09 14:51:43,1,1,1,1649.8,0,-20.0,-565,1550,0,0.00,0.00,0,1,1.75,0.00,545
2026-05-09 14:51:43,1,1,1,1651.3,0,-20.0,-564,1552,0,0.00,0.00,0,1,1.75,0.00,545
2026-05-09 14:51:43,1,1,1,1653.2,0,-19.9,-564,1554,0,0.00,0.00,0,1,1.75,0.00,545
2026-05-09 14:51:43,1,1,1,1653.2,0,-19.9,-564,1554,0,0.00,0.00,0,1,1.75,0.00,545
2026-05-09 14:51:43,1,1,1,1654.5,0,-20.0,-565,1555,0,0.00,0.00,0,1,1.75,0.00,545
2026-05-09 14:51:43,1,1,1,1654.5,0,-20.0,-565,1555,0,0.00,0.00,0,0,0.00,0.00,0
2026-05-09 14:51:43,1,1,1,1656.3,0,-19.9,-565,1557,0,0.00,0.00,0,0,0.00,0.00,0
2026-05-09 14:51:43,1,1,1,1656.3,0,-19.9,-565,1557,0,0.00,0.00,0,0,0.00,0.00,0
2026-05-09 14:51:43,1,1,1,1658.2,0,-19.9,-565,1559,0,0.00,0.00,0,0,0.00,0.00,0
2026-05-09 14:51:43,1,1,1,1658.2,0,-19.9,-565,1559,0,0.00,0.00,0,0,0.00,0.00,0
2026-05-09 14:51:43,1,1,1,1660.1,0,-19.9,-565,1561,0,0.00,0.00,0,0,0.00,0.00,0
2026-05-09 14:51:43,1,1,1,1661.0,0,-19.9,-565,1562,0,0.00,0.00,0,0,0.00,0.00,0
2026-05-09 14:51:43,1,1,1,1661.0,0,-19.9,-565,1562,0,0.00,0.00,0,1,2.00,0.00,909
2026-05-09 14:51:43,1,1,1,1662.9,0,-19.9,-565,1564,0,0.00,0.00,0,1,2.00,0.00,909
2026-05-09 14:51:43,1,1,1,1662.9,0,-19.9,-565,1564,0,0.00,0.00,0,1,1.89,0.00,962
2026-05-09 14:51:43,1,1,1,1664.8,0,-19.8,-565,1566,0,0.00,0.00,0,1,1.89,0.00,962
2026-05-09 14:51:43,1,1,1,1664.8,0,-19.8,-565,1566,0,0.00,0.00,0,1,1.86,0.00,401
2026-05-09 14:51:43,1,1,1,1665.7,0,-19.8,-565,1567,0,0.00,0.00,0,1,1.86,0.00,401
2026-05-09 14:51:44,1,1,1,1668.0,0,-19.8,-566,1569,0,0.00,0.00,0,1,1.86,0.00,401
2026-05-09 14:51:44,1,1,1,1668.0,0,-19.8,-566,1569,0,0.00,0.00,0,1,1.86,0.00,401
2026-05-09 14:51:44,1,1,1,1668.0,0,-19.8,-566,1569,0,0.00,0.00,0,1,1.83,0.00,730
2026-05-09 14:51:44,1,1,1,1668.0,0,-19.8,-566,1569,0,0.00,0.00,0,1,1.83,0.00,730
2026-05-09 14:51:44,1,1,1,1669.2,0,-19.7,-564,1571,0,0.00,0.00,0,1,1.82,0.00,1924
2026-05-09 14:51:44,1,1,1,1669.2,0,-19.7,-564,1571,0,0.00,0.00,0,1,1.82,0.00,1924
2026-05-09 14:51:44,1,1,1,1669.4,0,-19.7,-562,1572,0,0.00,0.00,0,1,1.82,0.00,1924
2026-05-09 14:51:44,1,1,1,1669.4,0,-19.7,-562,1572,0,0.00,0.00,0,1,1.82,0.00,1924
2026-05-09 14:51:44,1,1,1,1670.7,0,-19.6,-560,1574,0,0.00,0.00,0,1,1.82,0.00,1924
2026-05-09 14:51:44,1,1,1,1671.3,0,-19.5,-559,1575,0,0.00,0.00,0,1,1.82,0.00,1924
2026-05-09 14:51:54,1,1,1,1570.2,0,-3.1,-84,1568,0,0.00,0.00,0,0,0.00,0.00,0
2026-05-09 14:51:54,1,1,1,1569.3,0,-3.1,-85,1567,0,0.00,0.00,0,0,0.00,0.00,0
2026-05-09 14:51:54,1,1,1,1569.4,0,-3.1,-86,1567,0,0.00,0.00,0,0,0.00,0.00,0
2026-05-09 14:51:54,1,1,1,1569.4,0,-3.1,-86,1567,0,0.00,0.00,0,0,0.00,0.00,0
2026-05-09 14:51:54,1,1,1,1568.4,0,-3.1,-86,1566,0,0.00,0.00,0,0,0.00,0.00,0
2026-05-09 14:51:54,1,1,1,1568.4,0,-3.1,-86,1566,0,0.00,0.00,0,0,0.00,0.00,0
2026-05-09 14:51:54,1,1,1,1569.3,0,-3.1,-85,1567,0,0.00,0.00,0,0,0.00,0.00,0
2026-05-09 14:51:54,1,1,1,1569.3,0,-3.1,-85,1567,0,0.00,0.00,0,0,0.00,0.00,0
2026-05-09 14:51:54,1,1,1,1568.2,0,-3.0,-83,1566,0,0.00,0.00,0,0,0.00,0.00,0
2026-05-09 14:51:54,1,1,1,1567.1,0,-3.0,-82,1565,0,0.00,0.00,0,0,0.00,0.00,0
2026-05-09 14:51:55,1,1,1,1567.1,0,-3.0,-82,1565,0,0.00,0.00,0,0,0.00,0.00,0
2026-05-09 14:51:55,1,1,1,1566.1,0,-3.0,-82,1564,0,0.00,0.00,0,0,0.00,0.00,0
2026-05-09 14:51:55,1,1,1,1566.1,0,-3.0,-82,1564,0,0.00,0.00,0,0,0.00,0.00,0
2026-05-09 14:51:55,1,1,1,1565.1,0,-3.0,-82,1563,0,0.00,0.00,0,0,0.00,0.00,0
2026-05-09 14:51:55,1,1,1,1565.1,0,-3.0,-82,1563,0,0.00,0.00,0,0,0.00,0.00,0
2026-05-09 14:51:55,1,1,1,1564.2,0,-3.0,-82,1562,0,0.00,0.00,0,0,0.00,0.00,0
2026-05-09 14:51:55,1,1,1,1564.2,0,-3.0,-82,1562,0,0.00,0.00,0,0,0.00,0.00,0
2026-05-09 14:51:55,1,1,1,1563.2,0,-3.0,-82,1561,0,0.00,0.00,0,0,0.00,0.00,0
2026-05-09 14:51:55,1,1,1,1562.3,0,-3.1,-84,1560,0,0.00,0.00,0,0,0.00,0.00,0
2026-05-09 14:51:55,1,1,1,1562.3,0,-3.1,-84,1560,0,0.00,0.00,0,0,0.00,0.00,0
2026-05-09 14:51:55,1,1,1,1561.3,0,-3.1,-85,1559,0,0.00,0.00,0,0,0.00,0.00,0
2026-05-09 14:51:55,1,1,1,1561.3,0,-3.1,-85,1559,0,0.00,0.00,0,0,0.00,0.00,0
2026-05-09 14:51:55,1,1,1,1561.4,0,-3.2,-87,1559,0,0.00,0.00,0,0,0.00,0.00,0
2026-05-09 14:51:55,1,1,1,1561.4,0,-3.2,-87,1559,0,0.00,0.00,0,0,0.00,0.00,0
2026-05-09 14:51:55,1,1,1,1560.4,0,-3.2,-87,1558,0,0.00,0.00,0,0,0.00,0.00,0
2026-05-09 14:51:55,1,1,1,1559.4,0,-3.2,-87,1557,0,0.00,0.00,0,0,0.00,0.00,0
2026-05-09 14:51:55,1,1,1,1559.4,0,-3.2,-87,1557,0,0.00,0.00,0,0,0.00,0.00,0
2026-05-09 14:51:55,1,1,1,1559.4,0,-3.2,-86,1557,0,0.00,0.00,0,0,0.00,0.00,0
2026-05-09 14:51:55,1,1,1,1559.4,0,-3.2,-86,1557,0,0.00,0.00,0,0,0.00,0.00,0
2026-05-09 14:51:55,1,1,1,1557.3,0,-3.1,-85,1555,0,0.00,0.00,0,0,0.00,0.00,0
2026-05-09 14:51:56,1,1,1,1557.3,0,-3.1,-85,1555,0,0.00,0.00,0,0,0.00,0.00,0
2026-05-09 14:51:56,1,1,1,1555.4,0,-3.2,-86,1553,0,0.00,0.00,0,0,0.00,0.00,0
2026-05-09 14:51:56,1,1,1,1555.4,0,-3.2,-86,1553,0,0.00,0.00,0,0,0.00,0.00,0
2026-05-09 14:51:56,1,1,1,1554.5,0,-3.2,-88,1552,0,0.00,0.00,0,0,0.00,0.00,0
2026-05-09 14:51:56,1,1,1,1554.7,0,-3.4,-91,1552,0,0.00,0.00,0,0,0.00,0.00,0
2026-05-09 14:51:56,1,1,1,1554.7,0,-3.4,-91,1552,0,0.00,0.00,0,0,0.00,0.00,0
2026-05-09 14:51:56,1,1,1,1555.7,0,-3.4,-92,1553,0,0.00,0.00,0,0,0.00,0.00,0
2026-05-09 14:51:56,1,1,1,1555.7,0,-3.4,-92,1553,0,0.00,0.00,0,0,0.00,0.00,0
2026-05-09 14:51:56,1,1,1,1562.7,0,-3.3,-91,1560,0,0.00,0.00,0,0,0.00,0.00,0
2026-05-09 14:51:56,1,1,1,1562.7,0,-3.3,-91,1560,0,0.00,0.00,0,0,0.00,0.00,0
2026-05-09 14:51:56,1,1,1,1567.5,0,-3.3,-89,1565,0,0.00,0.00,0,0,0.00,0.00,0
2026-05-09 14:51:56,1,1,1,1572.4,0,-3.1,-86,1570,0,0.00,0.00,0,0,0.00,0.00,0
2026-05-09 14:51:56,1,1,1,1572.4,0,-3.1,-86,1570,0,0.00,0.00,0,0,0.00,0.00,0
2026-05-09 14:51:56,1,1,1,1576.1,0,-3.0,-82,1574,0,0.00,0.00,0,0,0.00,0.00,0
2026-05-09 14:51:56,1,1,1,1576.1,0,-3.0,-82,1574,0,0.00,0.00,0,0,0.00,0.00,0
2026-05-09 14:51:56,1,1,1,1578.9,0,-2.8,-78,1577,0,0.00,0.00,0,0,0.00,0.00,0
2026-05-09 14:51:56,1,1,1,1578.9,0,-2.8,-78,1577,0,0.00,0.00,0,1,1.75,0.00,1145
2026-05-09 14:51:56,1,1,1,1583.6,0,-2.6,-71,1582,0,0.00,0.00,0,1,1.75,0.00,1145
2026-05-09 14:51:56,1,1,1,1583.6,0,-2.6,-71,1582,0,0.00,0.00,0,1,1.75,0.00,626
2026-05-09 14:51:56,1,1,1,1587.3,0,-2.3,-65,1586,0,0.00,0.00,0,1,1.75,0.00,626
2026-05-09 14:51:57,1,1,1,1590.1,0,-2.1,-58,1589,0,0.00,0.00,0,1,1.75,0.00,500
2026-05-09 14:51:57,1,1,1,1590.1,0,-2.1,-58,1589,0,0.00,0.00,0,1,1.75,0.00,500
2026-05-09 14:51:57,1,1,1,1592.8,0,-1.8,-51,1592,0,0.00,0.00,0,1,1.75,0.00,500
2026-05-09 14:51:57,1,1,1,1592.8,0,-1.8,-51,1592,0,0.00,0.00,0,1,1.75,0.00,500
2026-05-09 14:51:57,1,1,1,1596.6,0,-1.6,-45,1596,0,0.00,0.00,0,1,1.75,0.00,500
2026-05-09 14:51:57,1,1,1,1596.6,0,-1.6,-45,1596,0,0.00,0.00,0,1,1.75,0.00,500
2026-05-09 14:51:57,1,1,1,1601.6,0,-1.6,-44,1601,0,0.00,0.00,0,1,1.75,0.00,500
2026-05-09 14:51:57,1,1,1,1604.6,0,-1.6,-44,1604,0,0.00,0.00,0,1,1.75,0.00,500
2026-05-09 14:51:57,1,1,1,1604.6,0,-1.6,-44,1604,0,0.00,0.00,0,1,1.75,0.00,500
2026-05-09 14:51:57,1,1,1,1607.7,0,-1.6,-46,1607,0,0.00,0.00,0,1,1.75,0.00,500
2026-05-09 14:51:57,1,1,1,1607.7,0,-1.6,-46,1607,0,0.00,0.00,0,1,1.75,0.01,916
2026-05-09 14:51:57,1,1,1,1609.8,0,-1.8,-50,1609,0,0.00,0.00,0,1,1.75,0.01,916
2026-05-09 14:51:57,1,1,1,1609.8,0,-1.8,-50,1609,0,0.00,0.00,0,1,1.75,0.00,397
2026-05-09 14:51:57,1,1,1,1611.9,0,-1.9,-53,1611,0,0.00,0.00,0,1,1.75,0.00,397
2026-05-09 14:51:57,1,1,1,1611.9,0,-1.9,-53,1611,0,0.00,0.00,0,1,1.75,0.00,397
2026-05-09 14:51:57,1,1,1,1611.9,0,-1.9,-54,1611,0,0.00,0.00,0,1,1.75,0.00,397
2026-05-09 14:51:57,1,1,1,1612.9,0,-2.0,-55,1612,0,0.00,0.00,0,1,1.75,0.00,221
2026-05-09 14:51:57,1,1,1,1612.9,0,-2.0,-55,1612,0,0.00,0.00,0,1,1.75,0.00,221
2026-05-09 14:51:57,1,1,1,1614.1,0,-2.1,-60,1613,0,0.00,0.00,0,1,1.75,0.00,221
2026-05-09 14:51:57,1,1,1,1614.1,0,-2.1,-60,1613,0,0.00,0.00,0,1,1.75,0.00,221
2026-05-09 14:51:58,1,1,1,1612.2,0,-2.2,-63,1611,0,0.00,0.00,0,1,1.75,0.00,221
2026-05-09 14:51:58,1,1,1,1612.2,0,-2.2,-63,1611,0,0.00,0.00,0,1,1.75,0.00,221
2026-05-09 14:51:58,1,1,1,1609.4,0,-2.4,-66,1608,0,0.00,0.00,0,1,1.75,0.00,221
2026-05-09 14:51:58,1,1,1,1606.4,0,-2.4,-68,1605,0,0.00,0.00,0,1,1.75,0.00,221
2026-05-09 14:51:58,1,1,1,1606.4,0,-2.4,-68,1605,0,0.00,0.00,0,1,1.74,0.00,500
2026-05-09 14:51:58,1,1,1,1603.4,0,-2.4,-67,1602,0,0.00,0.00,0,1,1.74,0.00,500
2026-05-09 14:51:58,1,1,1,1603.4,0,-2.4,-67,1602,0,0.00,0.00,0,1,1.74,0.00,500
2026-05-09 14:51:58,1,1,1,1603.4,0,-2.4,-66,1602,0,0.00,0.00,0,1,1.74,0.00,500
2026-05-09 14:51:58,1,1,1,1603.4,0,-2.4,-66,1602,0,0.00,0.00,0,1,1.74,0.00,1049
2026-05-09 14:51:58,1,1,1,1604.3,0,-2.3,-65,1603,0,0.00,0.00,0,1,1.74,0.00,1049
2026-05-09 14:51:58,1,1,1,1604.3,0,-2.3,-65,1603,0,0.00,0.00,0,1,1.74,0.00,1665
2026-05-09 14:51:58,1,1,1,1605.4,0,-2.4,-66,1604,0,0.00,0.00,0,1,1.74,0.00,1665
2026-05-09 14:51:58,1,1,1,1605.4,0,-2.4,-66,1604,0,0.00,0.00,0,1,1.74,0.00,1669
2026-05-09 14:51:58,1,1,1,1605.4,0,-2.4,-66,1604,0,0.00,0.00,0,1,1.74,0.00,1669
2026-05-09 14:51:58,1,1,1,1605.4,0,-2.4,-67,1604,0,0.00,0.00,0,1,1.74,0.00,1445
2026-05-09 14:51:58,1,1,1,1605.4,0,-2.4,-67,1604,0,0.00,0.00,0,1,1.74,0.00,1445
2026-05-09 14:51:58,1,1,1,1605.5,0,-2.5,-69,1604,0,0.00,0.00,0,1,1.74,0.00,1233
2026-05-09 14:51:58,1,1,1,1605.5,0,-2.5,-69,1604,0,0.00,0.00,0,1,1.74,0.00,1233
2026-05-09 14:51:58,1,1,1,1603.6,0,-2.5,-71,1602,0,0.00,0.00,0,1,1.74,0.00,1233
2026-05-09 14:51:58,1,1,1,1601.6,0,-2.6,-72,1600,0,0.00,0.00,0,1,1.74,0.00,1233
2026-05-09 14:51:59,1,1,1,1601.6,0,-2.6,-72,1600,0,0.00,0.00,0,1,1.74,0.00,1233
2026-05-09 14:51:59,1,1,1,1599.8,0,-2.7,-75,1598,0,0.00,0.00,0,1,1.74,0.00,1233
2026-05-09 14:51:59,1,1,1,1599.8,0,-2.7,-75,1598,0,0.00,0.00,0,1,1.74,0.00,1233
2026-05-09 14:51:59,1,1,1,1597.9,0,-2.8,-78,1596,0,0.00,0.00,0,1,1.74,0.00,1233
2026-05-09 14:51:59,1,1,1,1597.9,0,-2.8,-78,1596,0,0.00,0.00,0,1,1.74,0.00,514
2026-05-09 14:51:59,1,1,1,1598.0,0,-2.8,-79,1596,0,0.00,0.00,0,1,1.74,0.00,514
2026-05-09 14:51:59,1,1,1,1598.0,0,-2.8,-79,1596,0,0.00,0.00,0,1,1.74,0.00,697
2026-05-09 14:51:59,1,1,1,1598.0,0,-2.9,-80,1596,0,0.00,0.00,0,1,1.74,0.00,697
2026-05-09 14:51:59,1,1,1,1599.0,0,-2.8,-79,1597,0,0.00,0.00,0,1,1.74,0.00,697
2026-05-09 14:51:59,1,1,1,1599.0,0,-2.8,-79,1597,0,0.00,0.00,0,1,1.74,0.00,697
2026-05-09 14:51:59,1,1,1,1600.0,0,-2.8,-79,1598,0,0.00,0.00,0,1,1.68,0.00,533
2026-05-09 14:51:59,1,1,1,1600.0,0,-2.8,-79,1598,0,0.00,0.00,0,1,1.68,0.00,533
2026-05-09 14:51:59,1,1,1,1601.0,0,-2.9,-80,1599,0,0.00,0.00,0,1,1.65,-0.01,450
2026-05-09 14:51:59,1,1,1,1601.0,0,-2.9,-80,1599,0,0.00,0.00,0,1,1.65,-0.01,450
2026-05-09 14:51:59,1,1,1,1601.2,0,-3.0,-83,1599,0,0.00,0.00,0,1,1.65,-0.01,450
2026-05-09 14:51:59,1,1,1,1601.2,0,-3.0,-83,1599,0,0.00,0.00,0,1,1.65,-0.01,450
2026-05-09 14:51:59,1,1,1,1602.2,0,-3.0,-83,1600,0,0.00,0.00,0,1,1.65,-0.01,450
2026-05-09 14:51:59,1,1,1,1606.1,0,-3.0,-83,1604,0,0.00,0.00,0,1,1.65,-0.01,450
2026-05-09 14:51:59,1,1,1,1606.1,0,-3.0,-83,1604,0,0.00,0.00,0,1,1.65,-0.01,450
2026-05-09 14:51:59,1,1,1,1609.1,0,-3.0,-83,1607,0,0.00,0.00,0,1,1.65,-0.01,450
2026-05-09 14:52:00,1,1,1,1609.1,0,-3.0,-83,1607,0,0.00,0.00,0,1,1.65,-0.01,450
2026-05-09 14:52:00,1,1,1,1612.1,0,-3.0,-83,1610,0,0.00,0.00,0,1,1.65,-0.01,450
2026-05-09 14:52:00,1,1,1,1612.1,0,-3.0,-83,1610,0,0.00,0.00,0,1,1.65,-0.01,450
2026-05-09 14:52:00,1,1,1,1616.1,0,-2.9,-82,1614,0,0.00,0.00,0,1,1.65,-0.01,450
2026-05-09 14:52:00,1,1,1,1614.2,0,-3.0,-85,1612,0,0.00,0.00,0,1,1.65,-0.01,450
2026-05-09 14:52:00,1,1,1,1614.2,0,-3.0,-85,1612,0,0.00,0.00,0,1,1.65,-0.01,450
2026-05-09 14:52:00,1,1,1,1610.4,0,-3.1,-87,1608,0,0.00,0.00,0,1,1.65,-0.01,450
2026-05-09 14:52:00,1,1,1,1610.4,0,-3.1,-87,1608,0,0.00,0.00,0,0,0.00,0.00,0
2026-05-09 14:52:00,1,1,1,1605.5,0,-3.2,-90,1603,0,0.00,0.00,0,1,1.74,0.00,1224
2026-05-09 14:52:00,1,1,1,1605.5,0,-3.2,-90,1603,0,0.00,0.00,0,1,1.74,0.00,1224
2026-05-09 14:52:00,1,1,1,1600.6,0,-3.3,-92,1598,0,0.00,0.00,0,1,1.74,0.00,1076
2026-05-09 14:52:00,1,1,1,1600.6,0,-3.3,-92,1598,0,0.00,0.00,0,1,1.74,0.00,1076
2026-05-09 14:52:00,1,1,1,1597.7,0,-3.3,-93,1595,0,0.00,0.00,0,1,1.74,0.00,509
2026-05-09 14:52:00,1,1,1,1596.8,0,-3.4,-94,1594,0,0.00,0.00,0,1,1.74,0.00,509
2026-05-09 14:52:00,1,1,1,1596.8,0,-3.4,-94,1594,0,0.00,0.00,0,1,1.74,0.00,961
2026-05-09 14:52:00,1,1,1,1597.8,0,-3.4,-94,1595,0,0.00,0.00,0,1,1.74,0.00,961
2026-05-09 14:52:00,1,1,1,1597.8,0,-3.4,-94,1595,0,0.00,0.00,0,1,1.74,0.00,1025
2026-05-09 14:52:00,1,1,1,1598.8,0,-3.4,-94,1596,0,0.00,0.00,0,1,1.74,0.00,1025
2026-05-09 14:52:00,1,1,1,1598.8,0,-3.4,-94,1596,0,0.00,0.00,0,1,1.74,0.00,778
2026-05-09 14:52:00,1,1,1,1600.6,0,-3.3,-92,1598,0,0.00,0.00,0,1,1.74,0.00,778
2026-05-09 14:52:01,1,1,1,1600.7,0,-3.3,-93,1598,0,0.00,0.00,0,1,1.74,0.00,584
2026-05-09 14:52:01,1,1,1,1600.7,0,-3.3,-93,1598,0,0.00,0.00,0,1,1.74,0.00,584
2026-05-09 14:52:01,1,1,1,1600.8,0,-3.4,-94,1598,0,0.00,0.00,0,1,1.74,0.00,584
2026-05-09 14:52:01,1,1,1,1600.8,0,-3.4,-94,1598,0,0.00,0.00,0,1,1.74,0.00,584
2026-05-09 14:52:01,1,1,1,1599.9,0,-3.4,-96,1597,0,0.00,0.00,0,1,1.74,0.00,584
2026-05-09 14:52:01,1,1,1,1599.9,0,-3.4,-96,1597,0,0.00,0.00,0,1,1.74,0.00,584
2026-05-09 14:52:01,1,1,1,1597.1,0,-3.6,-99,1594,0,0.00,0.00,0,1,1.74,0.00,584
2026-05-09 14:52:01,1,1,1,1597.1,0,-3.6,-99,1594,0,0.00,0.00,0,1,1.74,0.00,584
2026-05-09 14:52:01,1,1,1,1591.7,0,-3.9,-109,1588,0,0.00,0.00,0,1,1.74,0.00,584
2026-05-09 14:52:01,1,1,1,1585.2,0,-4.2,-116,1581,0,0.00,0.00,0,1,1.74,0.00,584
2026-05-09 14:52:01,1,1,1,1585.2,0,-4.2,-116,1581,0,0.00,0.00,0,1,1.74,0.00,584
2026-05-09 14:52:01,1,1,1,1582.0,0,-4.1,-112,1578,0,0.00,0.00,0,1,1.74,0.00,584
2026-05-09 14:52:01,1,1,1,1582.0,0,-4.1,-112,1578,0,0.00,0.00,0,1,1.74,0.00,584
2026-05-09 14:52:01,1,1,1,1578.8,0,-4.0,-110,1575,0,0.00,0.00,0,1,1.74,0.00,584
2026-05-09 14:52:01,1,1,1,1578.8,0,-4.0,-110,1575,0,0.00,0.00,0,1,1.74,0.00,584
2026-05-09 14:52:01,1,1,1,1576.8,0,-4.0,-109,1573,0,0.00,0.00,0,0,0.00,0.00,0
2026-05-09 14:52:01,1,1,1,1574.9,0,-4.0,-111,1571,0,0.00,0.00,0,0,0.00,0.00,0
2026-05-09 14:52:01,1,1,1,1574.9,0,-4.0,-111,1571,0,0.00,0.00,0,0,0.00,0.00,0
2026-05-09 14:52:01,1,1,1,1574.1,0,-4.1,-113,1570,0,0.00,0.00,0,0,0.00,0.00,0
2026-05-09 14:52:01,1,1,1,1574.1,0,-4.1,-113,1570,0,0.00,0.00,0,0,0.00,0.00,0
2026-05-09 14:52:02,1,1,1,1573.2,0,-4.2,-115,1569,0,0.00,0.00,0,1,1.75,0.00,401
2026-05-09 14:52:02,1,1,1,1573.2,0,-4.2,-115,1569,0,0.00,0.00,0,1,1.75,0.00,401
2026-05-09 14:52:02,1,1,1,1572.4,0,-4.3,-117,1568,0,0.00,0.00,0,1,1.75,0.00,881
2026-05-09 14:52:02,1,1,1,1572.4,0,-4.3,-117,1568,0,0.00,0.00,0,1,1.75,0.00,881
2026-05-09 14:52:02,1,1,1,1571.4,0,-4.3,-118,1567,0,0.00,0.00,0,1,1.75,0.00,245
2026-05-09 14:52:02,1,1,1,1568.7,0,-4.4,-121,1564,0,0.00,0.00,0,1,1.75,0.00,245
2026-05-09 14:52:02,1,1,1,1568.7,0,-4.4,-121,1564,0,0.00,0.00,0,1,1.75,0.00,245
2026-05-09 14:52:02,1,1,1,1564.0,0,-4.6,-125,1559,0,0.00,0.00,0,1,1.75,0.00,245
2026-05-09 14:52:02,1,1,1,1564.0,0,-4.6,-125,1559,0,0.00,0.00,0,1,1.75,0.00,788
2026-05-09 14:52:02,1,1,1,1560.3,0,-4.7,-128,1555,0,0.00,0.00,0,1,1.75,0.00,788
2026-05-09 14:52:02,1,1,1,1560.3,0,-4.7,-128,1555,0,0.00,0.00,0,1,1.75,0.00,2309
2026-05-09 14:52:02,1,1,1,1556.6,0,-4.9,-132,1551,0,0.00,0.00,0,1,1.75,0.00,2309
2026-05-09 14:52:02,1,1,1,1554.1,0,-5.1,-137,1548,0,0.00,0.00,0,1,1.75,0.00,2452
2026-05-09 14:52:02,1,1,1,1554.1,0,-5.1,-137,1548,0,0.00,0.00,0,1,1.75,0.00,2452
2026-05-09 14:52:02,1,1,1,1551.5,0,-5.3,-142,1545,0,0.00,0.00,0,1,1.75,0.00,1082
2026-05-09 14:52:02,1,1,1,1551.5,0,-5.3,-142,1545,0,0.00,0.00,0,1,1.75,0.00,1082
2026-05-09 14:52:02,1,1,1,1549.1,0,-5.5,-148,1542,0,0.00,0.00,0,1,1.75,0.00,680
2026-05-09 14:52:02,1,1,1,1549.1,0,-5.5,-148,1542,0,0.00,0.00,0,1,1.75,0.00,680
2026-05-09 14:52:02,1,1,1,1545.9,0,-5.8,-156,1538,0,0.00,0.00,0,1,1.75,0.00,1274
2026-05-09 14:52:02,1,1,1,1545.9,0,-5.8,-156,1538,0,0.00,0.00,0,1,1.75,0.00,1274
2026-05-09 14:52:03,1,1,1,1543.4,0,-6.0,-161,1535,0,0.00,0.00,0,1,1.75,0.00,1044
2026-05-09 14:52:03,1,1,1,1541.1,0,-6.2,-167,1532,0,0.00,0.00,0,1,1.75,0.00,1044
2026-05-09 14:52:03,1,1,1,1541.1,0,-6.2,-167,1532,0,0.00,0.00,0,1,1.75,0.00,1044
2026-05-09 14:52:03,1,1,1,1539.4,0,-6.3,-170,1530,0,0.00,0.00,0,1,1.75,0.00,1044
2026-05-09 14:52:03,1,1,1,1539.4,0,-6.3,-170,1530,0,0.00,0.00,0,1,1.75,0.00,265
2026-05-09 14:52:03,1,1,1,1539.5,0,-6.4,-171,1530,0,0.00,0.00,0,1,1.75,0.00,265
2026-05-09 14:52:03,1,1,1,1539.5,0,-6.4,-171,1530,0,0.00,0.00,0,1,1.72,0.00,392
2026-05-09 14:52:03,1,1,1,1540.5,0,-6.4,-171,1531,0,0.00,0.00,0,1,1.72,0.00,392
2026-05-09 14:52:03,1,1,1,1541.3,0,-6.3,-169,1532,0,0.00,0.00,0,1,1.70,-0.01,197
2026-05-09 14:52:03,1,1,1,1541.3,0,-6.3,-169,1532,0,0.00,0.00,0,1,1.70,-0.01,197
2026-05-09 14:52:03,1,1,1,1543.8,0,-6.1,-165,1535,0,0.00,0.00,0,1,1.70,-0.01,197
2026-05-09 14:52:03,1,1,1,1543.8,0,-6.1,-165,1535,0,0.00,0.00,0,1,1.70,-0.01,197
2026-05-09 14:52:03,1,1,1,1546.4,0,-6.0,-161,1538,0,0.00,0.00,0,1,1.70,-0.01,197
2026-05-09 14:52:03,1,1,1,1546.4,0,-6.0,-161,1538,0,0.00,0.00,0,1,1.70,-0.01,197
2026-05-09 14:52:03,1,1,1,1548.0,0,-5.8,-157,1540,0,0.00,0.00,0,1,1.70,-0.01,197
2026-05-09 14:52:03,1,1,1,1548.0,0,-5.8,-157,1540,0,0.00,0.00,0,1,1.70,-0.01,197
2026-05-09 14:52:03,1,1,1,1547.9,0,-5.8,-156,1540,0,0.00,0.00,0,1,1.70,-0.01,197
2026-05-09 14:52:03,1,1,1,1548.0,0,-5.8,-157,1540,0,0.00,0.00,0,1,1.70,-0.01,197
2026-05-09 14:52:03,1,1,1,1548.0,0,-5.8,-157,1540,0,0.00,0.00,0,1,1.70,-0.01,197
2026-05-09 14:52:03,1,1,1,1548.0,0,-5.8,-157,1540,0,0.00,0.00,0,1,1.70,-0.01,197
2026-05-09 14:52:04,1,1,1,1548.0,0,-5.8,-157,1540,0,0.00,0.00,0,1,1.70,-0.01,197
2026-05-09 14:52:04,1,1,1,1547.1,0,-5.9,-158,1539,0,0.00,0.00,0,1,1.70,-0.01,197
2026-05-09 14:52:04,1,1,1,1547.1,0,-5.9,-158,1539,0,0.00,0.00,0,1,1.58,0.00,2669
2026-05-09 14:52:04,1,1,1,1547.3,0,-5.9,-160,1539,0,0.00,0.00,0,1,1.58,0.00,2669
2026-05-09 14:52:04,1,1,1,1547.3,0,-5.9,-160,1539,0,0.00,0.00,0,1,1.58,0.00,2669
2026-05-09 14:52:04,1,1,1,1550.4,0,-6.0,-161,1542,0,0.00,0.00,0,1,1.58,0.00,2669
2026-05-09 14:52:04,1,1,1,1551.2,0,-5.9,-159,1543,0,0.00,0.00,0,1,1.58,0.00,2669
2026-05-09 14:52:04,1,1,1,1551.2,0,-5.9,-159,1543,0,0.00,0.00,0,1,1.58,0.00,2669
2026-05-09 14:52:04,1,1,1,1547.9,0,-5.8,-156,1540,0,0.00,0.00,0,1,1.58,0.00,2669
2026-05-09 14:52:04,1,1,1,1547.9,0,-5.8,-156,1540,0,0.00,0.00,0,1,1.58,0.00,2669
2026-05-09 14:52:04,1,1,1,1546.5,-8,-5.6,-152,1539,0,0.00,0.00,0,1,1.58,0.00,2669
2026-05-09 14:52:04,1,1,1,1546.5,-8,-5.6,-152,1539,0,0.00,0.00,0,1,1.58,0.00,2669
2026-05-09 14:52:04,1,1,1,1544.3,0,-5.6,-150,1537,0,0.00,0.00,0,1,1.54,0.04,586
2026-05-09 14:52:04,1,1,1,1545.1,0,-5.5,-148,1538,0,0.00,0.00,0,1,1.54,0.04,586
2026-05-09 14:52:04,1,1,1,1545.1,0,-5.5,-148,1538,0,0.00,0.00,0,1,1.58,0.02,8180
2026-05-09 14:52:04,1,1,1,1548.0,0,-5.4,-147,1541,0,0.00,0.00,0,1,1.58,0.02,8180
2026-05-09 14:52:04,1,1,1,1548.0,0,-5.4,-147,1541,1,1.58,0.02,8180,1,1.58,0.02,8180
2026-05-09 14:52:04,1,1,1,1548.9,0,-5.4,-146,1542,1,1.58,0.02,8180,1,1.58,0.02,8180
2026-05-09 14:52:04,1,1,1,1548.9,0,-5.4,-146,1542,1,1.57,0.01,634,1,1.57,0.01,634
2026-05-09 14:52:04,1,1,1,1547.1,0,-5.5,-148,1540,1,1.57,0.01,634,1,1.57,0.01,634
2026-05-09 14:52:05,1,1,1,1547.1,0,-5.5,-148,1540,1,1.57,0.01,634,1,1.57,0.01,634
2026-05-09 14:52:05,1,1,1,1543.4,0,-5.6,-151,1536,1,1.57,0.01,634,1,1.57,0.01,634
2026-05-09 14:52:05,1,1,1,1539.7,0,-5.7,-154,1532,1,1.57,0.01,634,1,1.57,0.01,634
2026-05-09 14:52:05,1,1,1,1539.7,0,-5.7,-154,1532,0,0.00,0.00,0,1,1.57,0.01,634
2026-05-09 14:52:05,1,1,1,1538.3,0,-6.0,-160,1530,0,0.00,0.00,0,1,1.57,0.01,634
2026-05-09 14:52:05,1,1,1,1538.3,0,-6.0,-160,1530,0,0.00,0.00,0,1,1.57,0.01,634
2026-05-09 14:52:05,1,1,1,1537.2,0,-6.3,-168,1528,0,0.00,0.00,0,1,1.57,0.01,634
2026-05-09 14:52:05,1,1,1,1537.2,0,-6.3,-168,1528,0,0.00,0.00,0,1,1.57,0.01,634
2026-05-09 14:52:05,1,1,1,1537.7,0,-6.4,-172,1528,0,0.00,0.00,0,1,1.57,0.01,634
2026-05-09 14:52:05,1,1,1,1539.3,0,-6.3,-169,1530,0,0.00,0.00,0,1,1.57,0.01,634
2026-05-09 14:52:05,1,1,1,1539.3,0,-6.3,-169,1530,0,0.00,0.00,0,1,1.57,0.01,634
2026-05-09 14:52:05,1,1,1,1539.9,0,-6.2,-165,1531,0,0.00,0.00,0,1,1.57,0.01,634
2026-05-09 14:52:05,1,1,1,1539.9,0,-6.2,-165,1531,0,0.00,0.00,0,1,1.60,0.00,9620
2026-05-09 14:52:05,1,1,1,1539.8,0,-6.1,-164,1531,0,0.00,0.00,0,1,1.60,0.00,9620
2026-05-09 14:52:05,1,1,1,1539.8,0,-6.1,-164,1531,1,1.67,0.00,5085,1,1.67,0.00,5085
2026-05-09 14:52:05,1,1,1,1541.3,-8,-6.0,-160,1533,1,1.67,0.00,5085,1,1.67,0.00,5085
2026-05-09 14:52:05,1,1,1,1541.3,-8,-6.0,-160,1533,1,1.67,0.00,5085,1,1.67,0.00,5085
2026-05-09 14:52:05,1,1,1,1542.0,0,-5.8,-157,1534,1,1.67,0.00,5085,1,1.67,0.00,5085
2026-05-09 14:52:05,1,1,1,1541.8,0,-5.8,-155,1534,1,1.67,0.00,5085,1,1.67,0.00,5085
2026-05-09 14:52:05,1,1,1,1541.8,0,-5.8,-155,1534,1,1.67,0.00,5085,1,1.67,0.00,5085
2026-05-09 14:52:06,1,1,1,1541.7,0,-5.7,-154,1534,1,1.67,0.00,5085,1,1.67,0.00,5085
2026-05-09 14:52:06,1,1,1,1541.7,0,-5.7,-154,1534,1,1.67,0.00,5085,1,1.67,0.00,5085
2026-05-09 14:52:06,1,1,1,1542.6,0,-5.7,-153,1535,1,1.67,0.00,5085,1,1.67,0.00,5085
2026-05-09 14:52:06,1,1,1,1542.6,0,-5.7,-153,1535,1,1.67,0.00,5085,1,1.67,0.00,5085
2026-05-09 14:52:06,1,1,1,1543.5,0,-5.7,-152,1536,1,1.58,0.00,15125,1,1.58,0.00,15125
2026-05-09 14:52:06,1,1,1,1543.5,0,-5.7,-152,1536,1,1.58,0.00,15125,1,1.58,0.00,15125
2026-05-09 14:52:06,1,1,1,1543.5,0,-5.7,-152,1536,1,1.57,0.00,1490,1,1.57,0.00,1490
2026-05-09 14:52:06,1,1,1,1543.5,0,-5.7,-152,1536,1,1.57,0.00,1490,1,1.57,0.00,1490
2026-05-09 14:52:06,1,1,1,1543.5,0,-5.7,-152,1536,1,1.57,0.00,1490,1,1.57,0.00,1490
2026-05-09 14:52:06,1,1,1,1543.5,0,-5.7,-152,1536,1,1.57,0.00,1490,1,1.57,0.00,1490
2026-05-09 14:52:06,1,1,1,1543.5,0,-5.7,-152,1536,1,1.63,0.01,8609,1,1.63,0.01,8609
2026-05-09 14:52:06,1,1,1,1541.7,0,-5.7,-154,1534,1,1.63,0.01,8609,1,1.63,0.01,8609
2026-05-09 14:52:06,1,1,1,1541.7,0,-5.7,-154,1534,1,1.63,0.01,8609,1,1.63,0.01,8609
2026-05-09 14:52:06,1,1,1,1539.9,0,-5.8,-156,1532,1,1.63,0.01,8609,1,1.63,0.01,8609
2026-05-09 14:52:06,1,1,1,1537.1,0,-5.9,-158,1529,1,1.63,0.01,8609,1,1.63,0.01,8609
2026-05-09 14:52:06,1,1,1,1537.1,0,-5.9,-158,1529,1,1.63,0.01,8609,1,1.63,0.01,8609
2026-05-09 14:52:06,1,1,1,1534.3,0,-5.9,-159,1526,1,1.63,0.01,8609,1,1.63,0.01,8609
2026-05-09 14:52:06,1,1,1,1534.3,0,-5.9,-159,1526,1,1.63,0.01,8609,1,1.63,0.01,8609
2026-05-09 14:52:06,1,1,1,1533.3,0,-6.0,-159,1525,1,1.63,0.01,8609,1,1.63,0.01,8609
2026-05-09 14:52:06,1,1,1,1533.3,0,-6.0,-159,1525,1,1.63,0.01,8609,1,1.63,0.01,8609
2026-05-09 14:52:07,1,1,1,1536.0,0,-5.9,-157,1528,1,1.63,0.01,8609,1,1.63,0.01,8609
2026-05-09 14:52:07,1,1,1,1538.8,0,-5.8,-155,1531,1,1.63,0.01,8609,1,1.63,0.01,8609
2026-05-09 14:52:07,1,1,1,1538.8,0,-5.8,-155,1531,1,1.75,0.00,2657,1,1.75,0.00,2657
2026-05-09 14:52:07,1,1,1,1540.6,0,-5.7,-153,1533,1,1.75,0.00,2657,1,1.75,0.00,2657
2026-05-09 14:52:07,1,1,1,1540.6,0,-5.7,-153,1533,1,1.75,0.00,2693,1,1.75,0.00,2693
2026-05-09 14:52:07,1,1,1,1542.4,0,-5.6,-151,1535,1,1.75,0.00,2693,1,1.75,0.00,2693
2026-05-09 14:52:07,1,1,1,1542.4,0,-5.6,-151,1535,1,1.75,0.00,1325,1,1.75,0.00,1325
2026-05-09 14:52:07,1,1,1,1543.3,0,-5.6,-150,1536,0,0.00,0.00,0,1,1.75,0.00,1325
2026-05-09 14:52:07,1,1,1,1543.3,0,-5.6,-150,1536,0,0.00,0.00,0,1,1.71,0.00,1546
2026-05-09 14:52:07,1,1,1,1544.1,0,-5.5,-148,1537,0,0.00,0.00,0,1,1.71,0.00,1546
2026-05-09 14:52:07,1,1,1,1544.0,0,-5.5,-147,1537,0,0.00,0.00,0,1,1.72,0.00,1157
2026-05-09 14:52:07,1,1,1,1544.0,0,-5.5,-147,1537,0,0.00,0.00,0,1,1.72,0.00,1157
2026-05-09 14:52:07,1,1,1,1545.0,0,-5.5,-147,1538,0,0.00,0.00,0,1,1.72,0.00,1256
2026-05-09 14:52:07,1,1,1,1545.0,0,-5.5,-147,1538,0,0.00,0.00,0,1,1.72,0.00,1256
2026-05-09 14:52:07,1,1,1,1546.0,0,-5.5,-147,1539,0,0.00,0.00,0,1,1.73,0.00,1076
2026-05-09 14:52:07,1,1,1,1546.0,0,-5.5,-147,1539,0,0.00,0.00,0,1,1.73,0.00,1076
2026-05-09 14:52:07,1,1,1,1545.9,0,-5.4,-146,1539,0,0.00,0.00,0,1,1.73,0.00,1076
2026-05-09 14:52:07,1,1,1,1544.9,0,-5.4,-146,1538,0,0.00,0.00,0,1,1.73,0.00,1076
2026-05-09 14:52:07,1,1,1,1544.9,0,-5.4,-146,1538,0,0.00,0.00,0,1,1.73,0.00,1076
2026-05-09 14:52:07,1,1,1,1541.9,0,-5.4,-146,1535,0,0.00,0.00,0,1,1.73,0.00,1076
2026-05-09 14:52:08,1,1,1,1541.9,0,-5.4,-146,1535,0,0.00,0.00,0,1,1.73,0.00,1076
2026-05-09 14:52:08,1,1,1,1539.8,0,-5.4,-145,1533,0,0.00,0.00,0,1,1.73,0.00,1076
2026-05-09 14:52:08,1,1,1,1539.8,0,-5.4,-145,1533,0,0.00,0.00,0,1,1.73,0.00,1076
2026-05-09 14:52:08,1,1,1,1538.8,0,-5.4,-144,1532,0,0.00,0.00,0,1,1.73,0.00,1076
2026-05-09 14:52:08,1,1,1,1538.8,0,-5.4,-144,1532,0,0.00,0.00,0,1,1.73,0.00,1076
2026-05-09 14:52:08,1,1,1,1538.7,0,-5.3,-143,1532,0,0.00,0.00,0,1,1.73,0.00,1076
2026-05-09 14:52:08,1,1,1,1538.8,0,-5.4,-144,1532,0,0.00,0.00,0,1,1.73,0.00,1076
2026-05-09 14:52:08,1,1,1,1538.8,0,-5.4,-144,1532,0,0.00,0.00,0,1,1.73,0.00,1076
2026-05-09 14:52:08,1,1,1,1539.7,0,-5.4,-144,1533,0,0.00,0.00,0,1,1.74,0.00,1681
2026-05-09 14:52:08,1,1,1,1539.7,0,-5.4,-144,1533,0,0.00,0.00,0,1,1.74,0.00,1681
2026-05-09 14:52:08,1,1,1,1539.7,0,-5.4,-144,1533,0,0.00,0.00,0,1,1.74,0.00,1961
2026-05-09 14:52:08,1,1,1,1539.7,0,-5.4,-144,1533,0,0.00,0.00,0,1,1.74,0.00,1961
2026-05-09 14:52:08,1,1,1,1539.7,0,-5.4,-144,1533,0,0.00,0.00,0,1,1.70,0.00,1130
2026-05-09 14:52:08,1,1,1,1539.7,0,-5.4,-144,1533,0,0.00,0.00,0,1,1.70,0.00,1130
2026-05-09 14:52:08,1,1,1,1539.7,0,-5.4,-144,1533,0,0.00,0.00,0,1,1.71,0.00,1489
2026-05-09 14:52:08,1,1,1,1539.8,0,-5.4,-145,1533,0,0.00,0.00,0,1,1.71,0.00,1489
2026-05-09 14:52:08,1,1,1,1539.8,0,-5.4,-145,1533,0,0.00,0.00,0,1,1.72,0.00,730
2026-05-09 14:52:08,1,1,1,1539.9,0,-5.4,-146,1533,0,0.00,0.00,0,1,1.72,0.00,730
2026-05-09 14:52:08,1,1,1,1539.9,0,-5.4,-146,1533,0,0.00,0.00,0,1,1.70,0.00,305
2026-05-09 14:52:08,1,1,1,1540.9,0,-5.4,-146,1534,0,0.00,0.00,0,1,1.70,0.00,305
2026-05-09 14:52:09,1,1,1,1540.9,0,-5.4,-146,1534,0,0.00,0.00,0,1,1.67,0.00,389
2026-05-09 14:52:09,1,1,1,1540.8,0,-5.4,-145,1534,0,0.00,0.00,0,1,1.67,0.00,389
2026-05-09 14:52:09,1,1,1,1539.7,0,-5.4,-144,1533,0,0.00,0.00,0,1,1.66,0.00,1649
2026-05-09 14:52:09,1,1,1,1539.7,0,-5.4,-144,1533,0,0.00,0.00,0,1,1.66,0.00,1649
2026-05-09 14:52:09,1,1,1,1539.7,0,-5.4,-144,1533,0,0.00,0.00,0,1,1.65,-0.01,1717
2026-05-09 14:52:09,1,1,1,1539.7,0,-5.4,-144,1533,0,0.00,0.00,0,1,1.65,-0.01,1717
2026-05-09 14:52:09,1,1,1,1539.7,0,-5.4,-144,1533,0,0.00,0.00,0,1,1.63,-0.01,1493
2026-05-09 14:52:09,1,1,1,1539.7,0,-5.4,-144,1533,0,0.00,0.00,0,1,1.63,-0.01,1493
2026-05-09 14:52:09,1,1,1,1540.7,0,-5.3,-143,1534,0,0.00,0.00,0,1,1.62,-0.01,1476
2026-05-09 14:52:09,1,1,1,1540.7,0,-5.3,-143,1534,0,0.00,0.00,0,1,1.62,-0.01,1476
2026-05-09 14:52:09,1,1,1,1541.6,0,-5.3,-142,1535,0,0.00,0.00,0,1,1.61,-0.01,1773
2026-05-09 14:52:09,1,1,1,1541.5,0,-5.2,-141,1535,0,0.00,0.00,0,1,1.61,-0.01,1773
2026-05-09 14:52:09,1,1,1,1541.5,0,-5.2,-141,1535,0,0.00,0.00,0,1,1.61,-0.01,1773
2026-05-09 14:52:09,1,1,1,1542.5,0,-5.2,-141,1536,0,0.00,0.00,0,1,1.61,-0.01,1773
2026-05-09 14:52:09,1,1,1,1542.5,0,-5.2,-141,1536,0,0.00,0.00,0,1,1.61,-0.01,1773
2026-05-09 14:52:09,1,1,1,1543.4,0,-5.2,-140,1537,0,0.00,0.00,0,1,1.61,-0.01,1773
2026-05-09 14:52:09,1,1,1,1543.4,0,-5.2,-140,1537,0,0.00,0.00,0,1,1.61,-0.01,1773
2026-05-09 14:52:09,1,1,1,1543.2,0,-5.1,-138,1537,0,0.00,0.00,0,1,1.61,-0.01,1773
2026-05-09 14:52:09,1,1,1,1544.1,0,-5.1,-137,1538,0,0.00,0.00,0,1,1.61,-0.01,1773
2026-05-09 14:52:09,1,1,1,1544.1,0,-5.1,-137,1538,0,0.00,0.00,0,1,1.61,-0.01,1773
2026-05-09 14:52:10,1,1,1,1545.0,0,-5.1,-136,1539,0,0.00,0.00,0,1,1.61,-0.01,1773
2026-05-09 14:52:10,1,1,1,1545.0,0,-5.1,-136,1539,0,0.00,0.00,0,1,1.61,-0.01,1773
2026-05-09 14:52:10,1,1,1,1545.0,0,-5.1,-136,1539,0,0.00,0.00,0,1,1.56,0.00,485
2026-05-09 14:52:10,1,1,1,1545.0,0,-5.1,-136,1539,0,0.00,0.00,0,1,1.56,0.00,485
2026-05-09 14:52:10,1,1,1,1546.9,0,-5.0,-135,1541,0,0.00,0.00,0,1,1.56,0.00,485
2026-05-09 14:52:10,1,1,1,1546.9,0,-5.0,-135,1541,0,0.00,0.00,0,1,1.56,0.00,485
2026-05-09 14:52:10,1,1,1,1546.8,0,-5.0,-134,1541,0,0.00,0.00,0,1,1.56,0.00,485
2026-05-09 14:52:10,1,1,1,1546.9,0,-5.0,-135,1541,0,0.00,0.00,0,1,1.56,0.00,485
2026-05-09 14:52:10,1,1,1,1546.9,0,-5.0,-135,1541,0,0.00,0.00,0,1,1.56,0.00,485
2026-05-09 14:52:10,1,1,1,1545.8,0,-5.0,-134,1540,0,0.00,0.00,0,1,1.56,0.00,485
2026-05-09 14:52:10,1,1,1,1545.8,0,-5.0,-134,1540,0,0.00,0.00,0,1,1.61,0.00,1813
2026-05-09 14:52:10,1,1,1,1545.7,0,-4.9,-133,1540,0,0.00,0.00,0,1,1.61,0.00,1813
2026-05-09 14:52:10,1,1,1,1545.7,0,-4.9,-133,1540,0,0.00,0.00,0,1,1.60,0.00,3793
2026-05-09 14:52:10,1,1,1,1544.7,0,-4.9,-133,1539,0,0.00,0.00,0,1,1.60,0.00,3793
2026-05-09 14:52:10,1,1,1,1544.7,0,-4.9,-133,1539,1,1.60,0.00,4813,1,1.60,0.00,4813
2026-05-09 14:52:10,1,1,1,1544.7,0,-4.9,-133,1539,1,1.60,0.00,4813,1,1.60,0.00,4813
2026-05-09 14:52:10,1,1,1,1543.7,0,-4.9,-133,1538,1,1.59,0.00,5200,1,1.59,0.00,5200
2026-05-09 14:52:10,1,1,1,1543.7,0,-4.9,-133,1538,1,1.59,0.00,5200,1,1.59,0.00,5200
2026-05-09 14:52:10,1,1,1,1542.7,0,-4.9,-133,1537,1,1.58,0.00,3874,1,1.58,0.00,3874
2026-05-09 14:52:10,1,1,1,1542.7,0,-4.9,-133,1537,1,1.58,0.00,3874,1,1.58,0.00,3874
2026-05-09 14:52:11,1,1,1,1541.9,0,-5.0,-135,1536,1,1.61,0.00,3562,1,1.61,0.00,3562
2026-05-09 14:52:11,1,1,1,1541.9,0,-5.0,-135,1536,1,1.61,0.00,3562,1,1.61,0.00,3562
2026-05-09 14:52:11,1,1,1,1541.0,0,-5.1,-136,1535,1,1.63,0.00,4545,1,1.63,0.00,4545
2026-05-09 14:52:11,1,1,1,1539.3,0,-5.2,-139,1533,1,1.63,0.00,4545,1,1.63,0.00,4545
2026-05-09 14:52:11,1,1,1,1539.3,0,-5.2,-139,1533,1,1.65,0.01,5690,1,1.65,0.01,5690
2026-05-09 14:52:11,1,1,1,1538.4,0,-5.2,-140,1532,1,1.65,0.01,5690,1,1.65,0.01,5690
2026-05-09 14:52:11,1,1,1,1538.4,0,-5.2,-140,1532,1,1.66,0.01,4293,1,1.66,0.01,4293
2026-05-09 14:52:11,1,1,1,1536.8,0,-5.4,-144,1530,1,1.66,0.01,4293,1,1.66,0.01,4293
2026-05-09 14:52:11,1,1,1,1536.8,0,-5.4,-144,1530,1,1.67,0.01,4052,1,1.67,0.01,4052
2026-05-09 14:52:11,1,1,1,1535.2,0,-5.6,-149,1528,1,1.67,0.01,4052,1,1.67,0.01,4052
2026-05-09 14:52:11,1,1,1,1533.7,0,-5.7,-153,1526,1,1.68,0.01,3445,1,1.68,0.01,3445
2026-05-09 14:52:11,1,1,1,1533.7,0,-5.7,-153,1526,1,1.68,0.01,3445,1,1.68,0.01,3445
2026-05-09 14:52:11,1,1,1,1533.7,0,-5.7,-153,1526,1,1.69,0.01,1069,1,1.69,0.01,1069
2026-05-09 14:52:11,1,1,1,1533.7,0,-5.7,-153,1526,1,1.69,0.01,1069,1,1.69,0.01,1069
2026-05-09 14:52:11,1,1,1,1535.5,0,-5.7,-152,1528,1,1.70,0.01,673,1,1.70,0.01,673
2026-05-09 14:52:11,1,1,1,1535.5,0,-5.7,-152,1528,1,1.70,0.01,673,1,1.70,0.01,673
2026-05-09 14:52:11,1,1,1,1538.3,0,-5.6,-150,1531,1,1.70,0.01,673,1,1.70,0.01,673
2026-05-09 14:52:11,1,1,1,1538.3,0,-5.6,-150,1531,0,0.00,0.00,0,1,1.70,0.01,673
2026-05-09 14:52:11,1,1,1,1541.0,0,-5.5,-147,1534,0,0.00,0.00,0,1,1.70,0.01,320
2026-05-09 14:52:11,1,1,1,1542.7,0,-5.4,-144,1536,0,0.00,0.00,0,1,1.70,0.01,320
2026-05-09 14:52:12,1,1,1,1542.7,0,-5.4,-144,1536,0,0.00,0.00,0,1,1.70,0.01,320
2026-05-09 14:52:12,1,1,1,1544.4,0,-5.2,-141,1538,0,0.00,0.00,0,1,1.70,0.01,320
2026-05-09 14:52:12,1,1,1,1544.4,0,-5.2,-141,1538,0,0.00,0.00,0,1,1.70,0.01,320
2026-05-09 14:52:12,1,1,1,1541.5,8,-5.2,-141,1535,0,0.00,0.00,0,1,1.70,0.01,320
2026-05-09 14:52:12,1,1,1,1541.5,8,-5.2,-141,1535,0,0.00,0.00,0,1,1.70,0.01,320
2026-05-09 14:52:12,1,1,1,1541.3,0,-5.2,-139,1535,0,0.00,0.00,0,1,1.70,0.01,320
2026-05-09 14:52:12,1,1,1,1542.2,0,-5.1,-138,1536,0,0.00,0.00,0,1,1.70,0.01,320
2026-05-09 14:52:12,1,1,1,1542.2,0,-5.1,-138,1536,0,0.00,0.00,0,1,1.70,0.01,320
2026-05-09 14:52:12,1,1,1,1543.1,0,-5.1,-137,1537,0,0.00,0.00,0,1,1.57,0.00,3365
2026-05-09 14:52:12,1,1,1,1543.1,0,-5.1,-137,1537,0,0.00,0.00,0,1,1.57,0.00,3365
2026-05-09 14:52:12,1,1,1,1543.9,0,-5.0,-135,1538,0,0.00,0.00,0,1,1.57,0.00,2980
2026-05-09 14:52:12,1,1,1,1543.9,0,-5.0,-135,1538,0,0.00,0.00,0,1,1.57,0.00,2980
2026-05-09 14:52:12,1,1,1,1544.8,0,-5.0,-134,1539,0,0.00,0.00,0,1,1.55,0.00,997
2026-05-09 14:52:12,1,1,1,1544.8,0,-5.0,-134,1539,0,0.00,0.00,0,1,1.55,0.00,997
2026-05-09 14:52:12,1,1,1,1545.6,0,-4.9,-132,1540,0,0.00,0.00,0,1,1.54,0.00,1040
2026-05-09 14:52:12,1,1,1,1547.6,0,-4.9,-131,1542,0,0.00,0.00,0,1,1.54,0.00,1040
2026-05-09 14:52:12,1,1,1,1547.6,0,-4.9,-131,1542,0,0.00,0.00,0,1,1.54,0.00,730
2026-05-09 14:52:12,1,1,1,1547.4,0,-4.8,-129,1542,0,0.00,0.00,0,1,1.54,0.00,730
2026-05-09 14:52:12,1,1,1,1547.4,0,-4.8,-129,1542,0,0.00,0.00,0,1,1.54,0.00,730
2026-05-09 14:52:12,1,1,1,1548.3,0,-4.7,-128,1543,0,0.00,0.00,0,1,1.54,0.00,730
2026-05-09 14:52:13,1,1,1,1548.3,0,-4.7,-128,1543,0,0.00,0.00,0,1,1.54,0.00,730
2026-05-09 14:52:13,1,1,1,1549.2,0,-4.7,-127,1544,0,0.00,0.00,0,1,1.54,0.00,730
2026-05-09 14:52:13,1,1,1,1549.2,0,-4.7,-127,1544,0,0.00,0.00,0,1,1.54,0.00,730
2026-05-09 14:52:13,1,1,1,1549.2,0,-4.7,-127,1544,0,0.00,0.00,0,1,1.54,0.00,730
2026-05-09 14:52:13,1,1,1,1549.1,0,-4.7,-126,1544,0,0.00,0.00,0,1,1.54,0.00,730
2026-05-09 14:52:13,1,1,1,1549.1,0,-4.7,-126,1544,0,0.00,0.00,0,1,1.54,0.00,730
2026-05-09 14:52:13,1,1,1,1549.1,0,-4.6,-125,1544,0,0.00,0.00,0,1,1.54,0.00,730
2026-05-09 14:52:13,1,1,1,1549.1,0,-4.6,-125,1544,0,0.00,0.00,0,1,1.54,0.00,730
2026-05-09 14:52:13,1,1,1,1549.0,0,-4.6,-124,1544,0,0.00,0.00,0,1,1.54,0.00,730
2026-05-09 14:52:13,1,1,1,1549.0,0,-4.6,-124,1544,0,0.00,0.00,0,1,1.54,0.00,730
2026-05-09 14:52:13,1,1,1,1550.9,0,-4.5,-123,1546,0,0.00,0.00,0,1,1.54,0.00,730
2026-05-09 14:52:13,1,1,1,1551.8,0,-4.5,-122,1547,0,0.00,0.00,0,0,0.00,0.00,0
2026-05-09 14:52:13,1,1,1,1551.8,0,-4.5,-122,1547,0,0.00,0.00,0,0,0.00,0.00,0
2026-05-09 14:52:13,1,1,1,1551.6,0,-4.4,-119,1547,0,0.00,0.00,0,0,0.00,0.00,0
2026-05-09 14:52:13,1,1,1,1551.6,0,-4.4,-119,1547,0,0.00,0.00,0,0,0.00,0.00,0
2026-05-09 14:52:13,1,1,1,1552.3,0,-4.2,-115,1548,0,0.00,0.00,0,0,0.00,0.00,0
2026-05-09 14:52:13,1,1,1,1552.3,0,-4.2,-115,1548,0,0.00,0.00,0,0,0.00,0.00,0
2026-05-09 14:52:13,1,1,1,1557.0,0,-4.1,-112,1553,0,0.00,0.00,0,0,0.00,0.00,0
2026-05-09 14:52:13,1,1,1,1557.0,0,-4.1,-112,1553,0,0.00,0.00,0,0,0.00,0.00,0
2026-05-09 14:52:13,1,1,1,1561.9,0,-4.1,-111,1558,0,0.00,0.00,0,0,0.00,0.00,0
2026-05-09 14:52:14,1,1,1,1567.2,0,-4.2,-114,1563,0,0.00,0.00,0,0,0.00,0.00,0
2026-05-09 14:52:14,1,1,1,1567.2,0,-4.2,-114,1563,0,0.00,0.00,0,0,0.00,0.00,0
2026-05-09 14:52:14,1,1,1,1570.4,0,-4.3,-118,1566,0,0.00,0.00,0,0,0.00,0.00,0
2026-05-09 14:52:14,1,1,1,1570.4,0,-4.3,-118,1566,0,0.00,0.00,0,0,0.00,0.00,0
2026-05-09 14:52:14,1,1,1,1574.5,0,-4.3,-119,1570,0,0.00,0.00,0,0,0.00,0.00,0
2026-05-09 14:52:14,1,1,1,1574.5,0,-4.3,-119,1570,0,0.00,0.00,0,0,0.00,0.00,0
2026-05-09 14:52:14,1,1,1,1575.4,0,-4.3,-118,1571,0,0.00,0.00,0,0,0.00,0.00,0
2026-05-09 14:52:14,1,1,1,1575.4,0,-4.3,-117,1571,0,0.00,0.00,0,0,0.00,0.00,0
2026-05-09 14:52:14,1,1,1,1575.4,0,-4.3,-117,1571,0,0.00,0.00,0,1,1.75,0.00,1234
2026-05-09 14:52:14,1,1,1,1575.4,0,-4.3,-117,1571,0,0.00,0.00,0,1,1.75,0.00,1234
2026-05-09 14:52:14,1,1,1,1575.4,0,-4.3,-117,1571,0,0.00,0.00,0,1,1.68,0.00,1625
2026-05-09 14:52:14,1,1,1,1574.4,0,-4.3,-117,1570,0,0.00,0.00,0,1,1.68,0.00,1625
2026-05-09 14:52:14,1,1,1,1574.4,0,-4.3,-117,1570,0,0.00,0.00,0,1,1.65,0.00,2389
2026-05-09 14:52:14,1,1,1,1573.4,0,-4.3,-117,1569,0,0.00,0.00,0,1,1.65,0.00,2389
2026-05-09 14:52:14,1,1,1,1573.4,0,-4.3,-117,1569,0,0.00,0.00,0,1,1.63,0.00,1229
2026-05-09 14:52:14,1,1,1,1572.4,0,-4.3,-118,1568,0,0.00,0.00,0,1,1.63,0.00,1229
2026-05-09 14:52:14,1,1,1,1571.6,0,-4.4,-120,1567,0,0.00,0.00,0,1,1.63,0.00,1229
2026-05-09 14:52:14,1,1,1,1571.6,0,-4.4,-120,1567,0,0.00,0.00,0,1,1.63,0.00,1229
2026-05-09 14:52:14,1,1,1,1571.7,0,-4.5,-122,1567,0,0.00,0.00,0,1,1.66,0.00,2088
2026-05-09 14:52:14,1,1,1,1571.7,0,-4.5,-122,1567,0,0.00,0.00,0,1,1.66,0.00,2088
2026-05-09 14:52:15,1,1,1,1572.8,0,-4.5,-123,1568,0,0.00,0.00,0,1,1.66,0.00,2088
2026-05-09 14:52:15,1,1,1,1572.8,0,-4.5,-123,1568,0,0.00,0.00,0,1,1.66,0.00,2088
2026-05-09 14:52:15,1,1,1,1573.8,0,-4.5,-123,1569,0,0.00,0.00,0,1,1.68,0.01,1285
2026-05-09 14:52:15,1,1,1,1574.8,0,-4.5,-123,1570,0,0.00,0.00,0,1,1.68,0.01,1285
2026-05-09 14:52:15,1,1,1,1574.8,0,-4.5,-123,1570,0,0.00,0.00,0,1,1.69,0.01,1685
2026-05-09 14:52:15,1,1,1,1573.9,0,-4.5,-124,1569,0,0.00,0.00,0,1,1.69,0.01,1685
2026-05-09 14:52:15,1,1,1,1573.9,0,-4.5,-124,1569,0,0.00,0.00,0,1,1.70,0.01,1921
2026-05-09 14:52:15,1,1,1,1574.8,0,-4.5,-123,1570,0,0.00,0.00,0,1,1.70,0.01,1921
2026-05-09 14:52:15,1,1,1,1574.8,0,-4.5,-123,1570,0,0.00,0.00,0,1,1.71,0.01,1444
2026-05-09 14:52:15,1,1,1,1576.6,0,-4.4,-121,1572,0,0.00,0.00,0,1,1.71,0.01,1444
2026-05-09 14:52:15,1,1,1,1576.6,0,-4.4,-121,1572,0,0.00,0.00,0,1,1.71,0.01,1444
2026-05-09 14:52:15,1,1,1,1578.4,0,-4.3,-118,1574,0,0.00,0.00,0,1,1.71,0.01,1444
2026-05-09 14:52:15,1,1,1,1580.2,0,-4.2,-115,1576,0,0.00,0.00,0,1,1.71,0.01,1444
2026-05-09 14:52:15,1,1,1,1580.2,0,-4.2,-115,1576,0,0.00,0.00,0,1,1.71,0.01,1444
2026-05-09 14:52:15,1,1,1,1583.0,0,-4.1,-113,1579,0,0.00,0.00,0,1,1.71,0.01,1444
2026-05-09 14:52:15,1,1,1,1583.0,0,-4.1,-113,1579,0,0.00,0.00,0,1,1.71,0.01,1444
2026-05-09 14:52:15,1,1,1,1585.5,0,-3.8,-105,1582,0,0.00,0.00,0,1,1.71,0.01,1444
2026-05-09 14:52:15,1,1,1,1585.5,0,-3.8,-105,1582,0,0.00,0.00,0,1,1.71,0.01,1444
2026-05-09 14:52:15,1,1,1,1588.0,0,-3.5,-98,1585,0,0.00,0.00,0,1,1.75,0.00,260
2026-05-09 14:52:15,1,1,1,1588.8,0,-3.4,-94,1586,0,0.00,0.00,0,1,1.75,0.00,260
2026-05-09 14:52:16,1,1,1,1588.8,0,-3.4,-94,1586,0,0.00,0.00,0,1,1.75,0.00,260
2026-05-09 14:52:16,1,1,1,1589.7,0,-3.4,-93,1587,0,0.00,0.00,0,1,1.75,0.00,260
2026-05-09 14:52:16,1,1,1,1589.7,0,-3.4,-93,1587,0,0.00,0.00,0,1,1.65,0.00,226
2026-05-09 14:52:16,1,1,1,1589.8,0,-3.4,-95,1587,0,0.00,0.00,0,1,1.65,0.00,226
2026-05-09 14:52:16,1,1,1,1589.8,0,-3.4,-95,1587,0,0.00,0.00,0,1,1.68,0.01,274
2026-05-09 14:52:16,1,1,1,1588.1,0,-3.6,-99,1585,0,0.00,0.00,0,1,1.68,0.01,274
2026-05-09 14:52:16,1,1,1,1588.1,0,-3.6,-99,1585,0,0.00,0.00,0,1,1.70,0.01,541
2026-05-09 14:52:16,1,1,1,1586.4,0,-3.8,-104,1583,0,0.00,0.00,0,1,1.70,0.01,541
2026-05-09 14:52:16,1,1,1,1586.0,0,-4.0,-112,1582,0,0.00,0.00,0,1,1.71,0.01,809
2026-05-09 14:52:16,1,1,1,1586.0,0,-4.0,-112,1582,0,0.00,0.00,0,1,1.71,0.01,809
2026-05-09 14:52:16,1,1,1,1585.5,0,-4.3,-120,1581,0,0.00,0.00,0,1,1.72,0.01,514
2026-05-09 14:52:16,1,1,1,1585.5,0,-4.3,-120,1581,0,0.00,0.00,0,1,1.72,0.01,514
2026-05-09 14:52:16,1,1,1,1583.4,0,-4.7,-131,1578,0,0.00,0.00,0,1,1.72,0.01,181
2026-05-09 14:52:16,1,1,1,1583.4,0,-4.7,-131,1578,0,0.00,0.00,0,1,1.72,0.01,181
2026-05-09 14:52:16,1,1,1,1580.3,0,-5.1,-141,1574,0,0.00,0.00,0,1,1.72,0.01,181
2026-05-09 14:52:16,1,1,1,1580.3,0,-5.1,-141,1574,0,0.00,0.00,0,1,1.72,0.01,181
2026-05-09 14:52:16,1,1,1,1568.4,0,-6.3,-171,1559,0,0.00,0.00,0,1,1.72,0.01,181
2026-05-09 14:52:16,1,1,1,1566.8,0,-6.4,-175,1557,0,0.00,0.00,0,1,1.72,0.01,181
2026-05-09 14:52:16,1,1,1,1566.8,0,-6.4,-175,1557,0,0.00,0.00,0,1,1.72,0.01,181
2026-05-09 14:52:16,1,1,1,1568.4,0,-6.3,-171,1559,0,0.00,0.00,0,1,1.72,0.01,181
2026-05-09 14:52:17,1,1,1,1568.4,0,-6.3,-171,1559,0,0.00,0.00,0,1,1.72,0.01,181
2026-05-09 14:52:17,1,1,1,1572.9,0,-6.1,-167,1564,0,0.00,0.00,0,1,1.72,0.01,181
2026-05-09 14:52:17,1,1,1,1572.9,0,-6.1,-167,1564,0,0.00,0.00,0,1,1.72,0.01,181
2026-05-09 14:52:17,1,1,1,1578.4,0,-5.9,-163,1570,0,0.00,0.00,0,1,1.72,0.01,181
2026-05-09 14:52:17,1,1,1,1583.6,0,-5.6,-155,1576,0,0.00,0.00,0,1,1.72,0.01,181
2026-05-09 14:52:17,1,1,1,1583.6,0,-5.6,-155,1576,0,0.00,0.00,0,1,1.72,0.01,181
2026-05-09 14:52:17,1,1,1,1586.0,0,-5.4,-149,1579,0,0.00,0.00,0,1,1.72,0.01,181
2026-05-09 14:52:17,1,1,1,1586.0,0,-5.4,-149,1579,0,0.00,0.00,0,0,0.00,0.00,0
2026-05-09 14:52:17,1,1,1,1588.4,0,-5.1,-142,1582,0,0.00,0.00,0,0,0.00,0.00,0
2026-05-09 14:52:17,1,1,1,1588.4,0,-5.1,-142,1582,0,0.00,0.00,0,0,0.00,0.00,0
2026-05-09 14:52:17,1,1,1,1590.2,0,-5.1,-140,1584,0,0.00,0.00,0,0,0.00,0.00,0
2026-05-09 14:52:17,1,1,1,1590.2,0,-5.1,-140,1584,0,0.00,0.00,0,0,0.00,0.00,0
2026-05-09 14:52:17,1,1,1,1592.1,0,-5.0,-139,1586,0,0.00,0.00,0,0,0.00,0.00,0
2026-05-09 14:52:17,1,1,1,1593.0,0,-5.0,-138,1587,0,0.00,0.00,0,0,0.00,0.00,0
2026-05-09 14:52:17,1,1,1,1593.0,0,-5.0,-138,1587,0,0.00,0.00,0,1,1.75,0.00,857
2026-05-09 14:52:17,1,1,1,1592.8,0,-4.9,-136,1587,0,0.00,0.00,0,1,1.75,0.00,857
2026-05-09 14:52:17,1,1,1,1592.8,0,-4.9,-136,1587,0,0.00,0.00,0,1,1.75,0.00,442
2026-05-09 14:52:17,1,1,1,1593.6,0,-4.8,-133,1588,0,0.00,0.00,0,1,1.75,0.00,442
2026-05-09 14:52:17,1,1,1,1593.6,0,-4.8,-133,1588,0,0.00,0.00,0,1,1.75,0.00,373
2026-05-09 14:52:17,1,1,1,1595.3,0,-4.7,-130,1590,0,0.00,0.00,0,1,1.75,0.00,373
2026-05-09 14:52:18,1,1,1,1595.2,0,-4.6,-129,1590,0,0.00,0.00,0,1,1.75,0.00,373
2026-05-09 14:52:18,1,1,1,1595.2,0,-4.6,-129,1590,0,0.00,0.00,0,1,1.75,0.00,373
2026-05-09 14:52:18,1,1,1,1596.1,0,-4.6,-127,1591,0,0.00,0.00,0,1,1.75,0.00,373
2026-05-09 14:52:18,1,1,1,1596.1,0,-4.6,-127,1591,0,0.00,0.00,0,1,1.75,0.00,373
2026-05-09 14:52:18,1,1,1,1596.1,0,-4.6,-127,1591,0,0.00,0.00,0,1,1.75,0.00,373
2026-05-09 14:52:18,1,1,1,1596.1,0,-4.6,-127,1591,0,0.00,0.00,0,1,1.75,0.00,373
2026-05-09 14:52:18,1,1,1,1595.1,0,-4.6,-127,1590,0,0.00,0.00,0,1,1.75,0.00,373
2026-05-09 14:52:18,1,1,1,1595.1,0,-4.6,-127,1590,0,0.00,0.00,0,1,1.75,0.00,373
2026-05-09 14:52:18,1,1,1,1596.1,0,-4.6,-127,1591,0,0.00,0.00,0,1,1.75,0.00,373
2026-05-09 14:52:18,1,1,1,1596.1,0,-4.6,-127,1591,0,0.00,0.00,0,1,1.75,0.00,373
2026-05-09 14:52:18,1,1,1,1596.1,0,-4.6,-127,1591,0,0.00,0.00,0,1,1.75,0.00,373
2026-05-09 14:52:18,1,1,1,1597.1,0,-4.6,-127,1592,0,0.00,0.00,0,1,1.75,0.00,373
2026-05-09 14:52:18,1,1,1,1597.1,0,-4.6,-127,1592,0,0.00,0.00,0,1,1.75,0.00,373
2026-05-09 14:52:18,1,1,1,1599.0,0,-4.5,-126,1594,0,0.00,0.00,0,0,0.00,0.00,0
2026-05-09 14:52:18,1,1,1,1599.0,0,-4.5,-126,1594,0,0.00,0.00,0,0,0.00,0.00,0
2026-05-09 14:52:18,1,1,1,1601.7,0,-4.4,-122,1597,0,0.00,0.00,0,0,0.00,0.00,0
2026-05-09 14:52:18,1,1,1,1601.3,0,-4.2,-117,1597,0,0.00,0.00,0,0,0.00,0.00,0
2026-05-09 14:52:18,1,1,1,1601.3,0,-4.2,-117,1597,0,0.00,0.00,0,0,0.00,0.00,0
2026-05-09 14:52:18,1,1,1,1599.1,0,-4.1,-115,1595,0,0.00,0.00,0,0,0.00,0.00,0
2026-05-09 14:52:18,1,1,1,1599.1,0,-4.1,-115,1595,0,0.00,0.00,0,0,0.00,0.00,0
2026-05-09 14:52:19,1,1,1,1597.1,0,-4.1,-114,1593,0,0.00,0.00,0,0,0.00,0.00,0
2026-05-09 14:52:19,1,1,1,1597.1,0,-4.1,-114,1593,0,0.00,0.00,0,0,0.00,0.00,0
2026-05-09 14:52:19,1,1,1,1596.0,0,-4.1,-113,1592,0,0.00,0.00,0,0,0.00,0.00,0
2026-05-09 14:52:19,1,1,1,1596.0,0,-4.1,-113,1592,0,0.00,0.00,0,0,0.00,0.00,0
2026-05-09 14:52:19,1,1,1,1596.0,0,-4.1,-113,1592,0,0.00,0.00,0,0,0.00,0.00,0
2026-05-09 14:52:19,1,1,1,1596.9,0,-4.0,-112,1593,0,0.00,0.00,0,0,0.00,0.00,0
2026-05-09 14:52:19,1,1,1,1596.9,0,-4.0,-112,1593,0,0.00,0.00,0,0,0.00,0.00,0
2026-05-09 14:52:19,1,1,1,1597.9,0,-4.0,-112,1594,0,0.00,0.00,0,0,0.00,0.00,0
2026-05-09 14:52:19,1,1,1,1597.9,0,-4.0,-112,1594,0,0.00,0.00,0,1,1.56,0.00,809
2026-05-09 14:52:19,1,1,1,1599.0,0,-4.1,-113,1595,0,0.00,0.00,0,1,1.56,0.00,809
2026-05-09 14:52:19,1,1,1,1599.0,0,-4.1,-113,1595,0,0.00,0.00,0,1,1.58,0.00,769
2026-05-09 14:52:19,1,1,1,1599.1,0,-4.1,-114,1595,0,0.00,0.00,0,1,1.58,0.00,769
2026-05-09 14:52:19,1,1,1,1600.2,0,-4.2,-116,1596,0,0.00,0.00,0,1,1.58,0.00,754
2026-05-09 14:52:19,1,1,1,1600.2,0,-4.2,-116,1596,0,0.00,0.00,0,1,1.58,0.00,754
2026-05-09 14:52:19,1,1,1,1600.4,0,-4.3,-119,1596,0,0.00,0.00,0,1,1.57,0.00,580
2026-05-09 14:52:19,1,1,1,1600.4,0,-4.3,-119,1596,0,0.00,0.00,0,1,1.57,0.00,580
2026-05-09 14:52:19,1,1,1,1600.7,0,-4.4,-122,1596,0,0.00,0.00,0,1,1.57,0.00,580
2026-05-09 14:52:19,1,1,1,1600.7,0,-4.4,-122,1596,0,0.00,0.00,0,1,1.57,0.00,580
2026-05-09 14:52:19,1,1,1,1600.0,0,-4.5,-126,1595,0,0.00,0.00,0,1,1.61,0.01,569
2026-05-09 14:52:19,1,1,1,1600.0,0,-4.5,-126,1595,0,0.00,0.00,0,1,1.61,0.01,569
2026-05-09 14:52:20,1,1,1,1598.3,0,-4.7,-130,1593,0,0.00,0.00,0,1,1.61,0.01,569
2026-05-09 14:52:20,1,1,1,1596.5,0,-4.7,-132,1591,0,0.00,0.00,0,1,1.61,0.01,569
2026-05-09 14:52:20,1,1,1,1596.5,0,-4.7,-132,1591,0,0.00,0.00,0,1,1.61,0.01,569
2026-05-09 14:52:20,1,1,1,1594.8,0,-4.9,-136,1589,0,0.00,0.00,0,1,1.61,0.01,569
2026-05-09 14:52:20,1,1,1,1594.8,0,-4.9,-136,1589,0,0.00,0.00,0,1,1.61,0.01,569
2026-05-09 14:52:20,1,1,1,1595.0,0,-5.0,-138,1589,0,0.00,0.00,0,1,1.61,0.01,569
2026-05-09 14:52:20,1,1,1,1595.0,0,-5.0,-138,1589,0,0.00,0.00,0,1,1.61,0.01,569
2026-05-09 14:52:20,1,1,1,1595.1,0,-5.0,-139,1589,0,0.00,0.00,0,1,1.61,0.01,569
2026-05-09 14:52:20,1,1,1,1594.2,0,-5.1,-141,1588,0,0.00,0.00,0,1,1.61,0.01,569
2026-05-09 14:52:20,1,1,1,1594.2,0,-5.1,-141,1588,0,0.00,0.00,0,1,1.61,0.01,569
2026-05-09 14:52:20,1,1,1,1593.5,0,-5.2,-144,1587,0,0.00,0.00,0,1,1.61,0.01,569
2026-05-09 14:52:20,1,1,1,1593.5,0,-5.2,-144,1587,0,0.00,0.00,0,1,1.61,0.01,569
2026-05-09 14:52:20,1,1,1,1592.9,0,-5.3,-148,1586,0,0.00,0.00,0,1,1.75,0.00,2509
2026-05-09 14:52:20,1,1,1,1592.9,0,-5.3,-148,1586,0,0.00,0.00,0,1,1.75,0.00,2509
2026-05-09 14:52:20,1,1,1,1592.5,0,-5.5,-154,1585,0,0.00,0.00,0,1,1.75,0.00,3188
2026-05-09 14:52:20,1,1,1,1592.5,0,-5.5,-154,1585,0,0.00,0.00,0,1,1.75,0.00,3188
2026-05-09 14:52:20,1,1,1,1592.8,0,-5.7,-157,1585,0,0.00,0.00,0,1,1.75,0.00,2554
2026-05-09 14:52:20,1,1,1,1590.7,0,-5.6,-156,1583,0,0.00,0.00,0,1,1.75,0.00,2554
2026-05-09 14:52:20,1,1,1,1590.7,0,-5.6,-156,1583,0,0.00,0.00,0,1,1.75,0.00,2250
2026-05-09 14:52:20,1,1,1,1589.0,0,-5.7,-159,1581,0,0.00,0.00,0,1,1.75,0.00,2250
2026-05-09 14:52:21,1,1,1,1589.0,0,-5.7,-159,1581,0,0.00,0.00,0,1,1.75,0.00,1597
2026-05-09 14:52:21,1,1,1,1588.9,0,-6.1,-168,1580,0,0.00,0.00,0,1,1.75,0.00,1597
2026-05-09 14:52:21,1,1,1,1588.9,0,-6.1,-168,1580,0,0.00,0.00,0,1,1.71,0.00,1241
2026-05-09 14:52:21,1,1,1,1589.6,0,-6.3,-174,1580,0,0.00,0.00,0,1,1.71,0.00,1241
2026-05-09 14:52:21,1,1,1,1591.6,0,-6.3,-175,1582,0,0.00,0.00,0,1,1.69,-0.01,1025
2026-05-09 14:52:21,1,1,1,1591.6,0,-6.3,-175,1582,0,0.00,0.00,0,1,1.69,-0.01,1025
2026-05-09 14:52:21,1,1,1,1593.6,0,-6.3,-175,1584,0,0.00,0.00,0,1,1.67,-0.01,577
2026-05-09 14:52:21,1,1,1,1593.6,0,-6.3,-175,1584,0,0.00,0.00,0,1,1.67,-0.01,577
2026-05-09 14:52:21,1,1,1,1594.4,0,-6.2,-173,1585,0,0.00,0.00,0,1,1.66,-0.01,578
2026-05-09 14:52:21,1,1,1,1594.4,0,-6.2,-173,1585,0,0.00,0.00,0,1,1.66,-0.01,578
2026-05-09 14:52:21,1,1,1,1595.2,0,-6.2,-171,1586,0,0.00,0.00,0,1,1.65,-0.01,405
2026-05-09 14:52:21,1,1,1,1595.2,0,-6.2,-171,1586,0,0.00,0.00,0,1,1.65,-0.01,405
2026-05-09 14:52:21,1,1,1,1595.1,0,-6.1,-170,1586,0,0.00,0.00,0,1,1.66,-0.01,305
2026-05-09 14:52:21,1,1,1,1595.9,0,-6.0,-168,1587,0,0.00,0.00,0,1,1.66,-0.01,305
2026-05-09 14:52:21,1,1,1,1595.9,0,-6.0,-168,1587,0,0.00,0.00,0,1,1.66,-0.01,305
2026-05-09 14:52:21,1,1,1,1595.7,0,-6.0,-166,1587,0,0.00,0.00,0,1,1.66,-0.01,305
2026-05-09 14:52:21,1,1,1,1595.7,0,-6.0,-166,1587,0,0.00,0.00,0,1,1.66,-0.01,305
2026-05-09 14:52:21,1,1,1,1596.5,0,-5.9,-165,1588,0,0.00,0.00,0,1,1.66,-0.01,305
2026-05-09 14:52:21,1,1,1,1596.5,0,-5.9,-165,1588,0,0.00,0.00,0,1,1.66,-0.01,305
2026-05-09 14:52:21,1,1,1,1596.2,0,-5.8,-162,1588,0,0.00,0.00,0,1,1.66,-0.01,305
2026-05-09 14:52:22,1,1,1,1596.2,0,-5.8,-162,1588,0,0.00,0.00,0,1,1.66,-0.01,305
2026-05-09 14:52:22,1,1,1,1594.9,0,-5.7,-159,1587,0,0.00,0.00,0,1,1.66,-0.01,305
2026-05-09 14:52:22,1,1,1,1592.6,0,-5.6,-155,1585,0,0.00,0.00,0,1,1.66,-0.01,305
2026-05-09 14:52:22,1,1,1,1592.6,0,-5.6,-155,1585,0,0.00,0.00,0,1,1.66,-0.01,305
2026-05-09 14:52:22,1,1,1,1590.2,0,-5.4,-151,1583,0,0.00,0.00,0,1,1.66,-0.01,305
2026-05-09 14:52:22,1,1,1,1590.2,0,-5.4,-151,1583,0,0.00,0.00,0,1,1.66,-0.01,305
2026-05-09 14:52:22,1,1,1,1588.4,0,-5.2,-143,1582,0,0.00,0.00,0,1,1.66,-0.01,305
2026-05-09 14:52:22,1,1,1,1588.4,0,-5.2,-143,1582,0,0.00,0.00,0,0,0.00,0.00,0
2026-05-09 14:52:22,1,1,1,1587.1,0,-5.0,-139,1581,0,0.00,0.00,0,1,1.75,0.02,200
2026-05-09 14:52:22,1,1,1,1586.0,0,-5.0,-138,1580,0,0.00,0.00,0,1,1.75,0.02,200
2026-05-09 14:52:22,1,1,1,1586.0,0,-5.0,-138,1580,0,0.00,0.00,0,1,1.75,0.01,409
2026-05-09 14:52:22,1,1,1,1588.0,0,-5.0,-138,1582,0,0.00,0.00,0,1,1.75,0.01,409
2026-05-09 14:52:22,1,1,1,1588.0,0,-5.0,-138,1582,0,0.00,0.00,0,1,1.75,0.01,409
2026-05-09 14:52:22,1,1,1,1588.0,0,-5.0,-138,1582,0,0.00,0.00,0,1,1.75,0.01,409
2026-05-09 14:52:22,1,1,1,1588.0,0,-5.0,-138,1582,0,0.00,0.00,0,1,1.75,0.01,409
2026-05-09 14:52:22,1,1,1,1589.7,0,-4.9,-135,1584,0,0.00,0.00,0,1,1.75,0.01,409
2026-05-09 14:52:22,1,1,1,1589.7,0,-4.9,-135,1584,0,0.00,0.00,0,1,1.75,0.01,409
2026-05-09 14:52:22,1,1,1,1589.7,0,-4.9,-135,1584,0,0.00,0.00,0,1,1.75,0.01,409
2026-05-09 14:52:22,1,1,1,1589.9,0,-4.9,-137,1584,0,0.00,0.00,0,1,1.75,0.01,409
2026-05-09 14:52:22,1,1,1,1589.9,0,-4.9,-137,1584,0,0.00,0.00,0,1,1.75,0.01,409
2026-05-09 14:52:23,1,1,1,1589.2,0,-5.1,-140,1583,0,0.00,0.00,0,1,1.75,0.01,409
2026-05-09 14:52:23,1,1,1,1589.2,0,-5.1,-140,1583,0,0.00,0.00,0,1,1.75,0.01,409
2026-05-09 14:52:23,1,1,1,1589.4,0,-5.1,-142,1583,0,0.00,0.00,0,1,1.75,0.01,409
2026-05-09 14:52:23,1,1,1,1589.4,0,-5.1,-142,1583,0,0.00,0.00,0,1,1.75,0.01,409
2026-05-09 14:52:23,1,1,1,1590.2,0,-5.1,-140,1584,0,0.00,0.00,0,1,1.75,0.01,409
2026-05-09 14:52:23,1,1,1,1589.1,0,-5.0,-139,1583,0,0.00,0.00,0,0,0.00,0.00,0
2026-05-09 14:52:23,1,1,1,1589.1,0,-5.0,-139,1583,0,0.00,0.00,0,0,0.00,0.00,0
2026-05-09 14:52:23,1,1,1,1586.8,0,-4.9,-136,1581,0,0.00,0.00,0,0,0.00,0.00,0
2026-05-09 14:52:23,1,1,1,1586.8,0,-4.9,-136,1581,0,0.00,0.00,0,0,0.00,0.00,0
2026-05-09 14:52:23,1,1,1,1583.4,0,-4.7,-131,1578,0,0.00,0.00,0,0,0.00,0.00,0
2026-05-09 14:52:23,1,1,1,1583.4,0,-4.7,-131,1578,0,0.00,0.00,0,0,0.00,0.00,0
2026-05-09 14:52:23,1,1,1,1580.6,0,-4.4,-121,1576,0,0.00,0.00,0,0,0.00,0.00,0
2026-05-09 14:52:23,1,1,1,1580.6,0,-4.4,-121,1576,0,0.00,0.00,0,0,0.00,0.00,0
2026-05-09 14:52:23,1,1,1,1578.9,0,-4.0,-111,1575,0,0.00,0.00,0,0,0.00,0.00,0
2026-05-09 14:52:23,1,1,1,1581.6,0,-3.9,-107,1578,0,0.00,0.00,0,0,0.00,0.00,0
2026-05-09 14:52:23,1,1,1,1581.6,0,-3.9,-107,1578,0,0.00,0.00,0,0,0.00,0.00,0
2026-05-09 14:52:23,1,1,1,1583.5,0,-3.8,-105,1580,0,0.00,0.00,0,0,0.00,0.00,0
2026-05-09 14:52:23,1,1,1,1583.5,0,-3.8,-105,1580,0,0.00,0.00,0,0,0.00,0.00,0
2026-05-09 14:52:23,1,1,1,1586.5,0,-3.8,-105,1583,0,0.00,0.00,0,0,0.00,0.00,0
2026-05-09 14:52:23,1,1,1,1586.5,0,-3.8,-105,1583,0,0.00,0.00,0,0,0.00,0.00,0
2026-05-09 14:52:24,1,1,1,1590.7,0,-3.9,-109,1587,0,0.00,0.00,0,0,0.00,0.00,0
2026-05-09 14:52:24,1,1,1,1592.0,0,-4.1,-113,1588,0,0.00,0.00,0,0,0.00,0.00,0
2026-05-09 14:52:24,1,1,1,1592.0,0,-4.1,-113,1588,0,0.00,0.00,0,0,0.00,0.00,0
2026-05-09 14:52:24,1,1,1,1593.4,0,-4.3,-119,1589,0,0.00,0.00,0,0,0.00,0.00,0
2026-05-09 14:52:24,1,1,1,1593.4,0,-4.3,-119,1589,0,0.00,0.00,0,0,0.00,0.00,0
2026-05-09 14:52:24,1,1,1,1595.4,0,-4.2,-118,1591,0,0.00,0.00,0,0,0.00,0.00,0
2026-05-09 14:52:24,1,1,1,1595.4,0,-4.2,-118,1591,0,0.00,0.00,0,0,0.00,0.00,0
2026-05-09 14:52:24,1,1,1,1597.2,0,-4.2,-116,1593,0,0.00,0.00,0,0,0.00,0.00,0
2026-05-09 14:52:24,1,1,1,1597.2,0,-4.2,-116,1593,0,0.00,0.00,0,0,0.00,0.00,0
2026-05-09 14:52:24,1,1,1,1598.9,0,-4.0,-111,1595,0,0.00,0.00,0,0,0.00,0.00,0
2026-05-09 14:52:34,1,1,1,1351.4,0,19.2,445,1276,0,0.00,0.00,0,1,1.39,0.01,1040
2026-05-09 14:52:34,1,1,1,1351.4,0,19.2,445,1276,0,0.00,0.00,0,1,1.39,0.01,1040
2026-05-09 14:52:34,1,1,1,1357.8,0,19.5,453,1280,0,0.00,0.00,0,1,1.50,0.00,2900
2026-05-09 14:52:34,1,1,1,1360.8,0,19.7,459,1281,0,0.00,0.00,0,1,1.50,0.00,2900
2026-05-09 14:52:34,1,1,1,1360.8,0,19.7,459,1281,0,0.00,0.00,0,1,1.50,0.00,3825
2026-05-09 14:52:34,1,1,1,1364.8,0,20.1,468,1282,0,0.00,0.00,0,1,1.50,0.00,3825
2026-05-09 14:52:34,1,1,1,1364.8,0,20.1,468,1282,0,0.00,0.00,0,1,1.50,0.00,1252
2026-05-09 14:52:34,1,1,1,1369.5,0,20.5,479,1283,0,0.00,0.00,0,1,1.50,0.00,1252
2026-05-09 14:52:34,1,1,1,1369.5,0,20.5,479,1283,0,0.00,0.00,0,1,1.50,0.00,290
2026-05-09 14:52:34,1,1,1,1370.9,0,20.6,483,1283,0,0.00,0.00,0,1,1.50,0.00,290
2026-05-09 14:52:35,1,1,1,1364.5,0,20.5,478,1278,0,0.00,0.00,0,1,1.50,0.00,290
2026-05-09 14:52:35,1,1,1,1364.5,0,20.5,478,1278,0,0.00,0.00,0,1,1.50,0.00,290
2026-05-09 14:52:35,1,1,1,1356.3,0,20.5,476,1270,0,0.00,0.00,0,1,1.50,0.00,290
2026-05-09 14:52:35,1,1,1,1356.3,0,20.5,476,1270,0,0.00,0.00,0,1,1.50,0.00,290
2026-05-09 14:52:35,1,1,1,1338.6,0,20.6,471,1253,0,0.00,0.00,0,1,1.50,0.00,290
2026-05-09 14:52:35,1,1,1,1338.6,0,20.6,471,1253,0,0.00,0.00,0,1,1.50,0.00,290
2026-05-09 14:52:35,1,1,1,1314.4,0,20.0,450,1235,0,0.00,0.00,0,1,1.50,0.00,377
2026-05-09 14:52:35,1,1,1,1314.4,0,20.0,450,1235,0,0.00,0.00,0,1,1.50,0.00,377
2026-05-09 14:52:35,1,1,1,1295.6,0,18.7,416,1227,0,0.00,0.00,0,1,1.50,0.00,1033
2026-05-09 14:52:35,1,1,1,1273.0,0,16.4,360,1221,0,0.00,0.00,0,1,1.50,0.00,1033
2026-05-09 14:52:35,1,1,1,1273.0,0,16.4,360,1221,0,0.00,0.00,0,1,1.50,0.00,1394
2026-05-09 14:52:35,1,1,1,1290.7,0,16.9,375,1235,0,0.00,0.00,0,1,1.50,0.00,1394
2026-05-09 14:52:35,1,1,1,1290.7,0,16.9,375,1235,0,0.00,0.00,0,1,1.50,0.00,637
2026-05-09 14:52:35,1,1,1,1309.4,0,17.5,393,1249,0,0.00,0.00,0,1,1.50,0.00,637
2026-05-09 14:52:35,1,1,1,1309.4,0,17.5,393,1249,0,0.00,0.00,0,1,1.50,0.00,637
2026-05-09 14:52:35,1,1,1,1332.0,0,18.2,417,1265,0,0.00,0.00,0,1,1.50,0.00,637
2026-05-09 14:52:35,1,1,1,1350.0,0,18.9,438,1277,0,0.00,0.00,0,1,1.50,0.00,1268
2026-05-09 14:52:35,1,1,1,1350.0,0,18.9,438,1277,0,0.00,0.00,0,1,1.50,0.00,1268
2026-05-09 14:52:35,1,1,1,1361.2,0,19.4,452,1284,0,0.00,0.00,0,1,1.50,0.00,1850
2026-05-09 14:52:35,1,1,1,1361.2,0,19.4,452,1284,0,0.00,0.00,0,1,1.50,0.00,1850
2026-05-09 14:52:36,1,1,1,1365.5,0,19.6,459,1286,0,0.00,0.00,0,1,1.50,0.00,890
2026-05-09 14:52:36,1,1,1,1365.5,0,19.6,459,1286,0,0.00,0.00,0,1,1.50,0.00,890
2026-05-09 14:52:36,1,1,1,1365.2,0,19.7,461,1285,0,0.00,0.00,0,1,1.50,0.00,890
2026-05-09 14:52:36,1,1,1,1365.2,0,19.7,461,1285,0,0.00,0.00,0,1,1.50,0.00,890
2026-05-09 14:52:36,1,1,1,1363.9,0,19.7,460,1284,0,0.00,0.00,0,1,1.50,0.00,890
2026-05-09 14:52:36,1,1,1,1363.2,0,19.6,458,1284,0,0.00,0.00,0,1,1.50,0.00,890
2026-05-09 14:52:36,1,1,1,1363.2,0,19.6,458,1284,0,0.00,0.00,0,1,1.50,0.00,890
2026-05-09 14:52:36,1,1,1,1362.3,0,19.6,458,1283,0,0.00,0.00,0,1,1.50,0.00,890
2026-05-09 14:52:36,1,1,1,1362.3,0,19.6,458,1283,0,0.00,0.00,0,1,1.50,0.00,890
2026-05-09 14:52:36,1,1,1,1361.7,0,19.7,459,1282,0,0.00,0.00,0,1,1.50,0.00,890
2026-05-09 14:52:36,1,1,1,1361.7,0,19.7,459,1282,0,0.00,0.00,0,1,1.50,0.00,890
2026-05-09 14:52:36,1,1,1,1361.4,0,19.8,461,1281,0,0.00,0.00,0,1,1.50,0.00,890
2026-05-09 14:52:36,1,1,1,1361.2,0,19.9,463,1280,0,0.00,0.00,0,1,1.50,0.00,890
2026-05-09 14:52:36,1,1,1,1361.2,0,19.9,463,1280,0,0.00,0.00,0,1,1.50,0.00,890
2026-05-09 14:52:36,1,1,1,1360.0,0,20.0,465,1278,0,0.00,0.00,0,1,1.50,0.00,3330
2026-05-09 14:52:36,1,1,1,1360.0,0,20.0,465,1278,0,0.00,0.00,0,1,1.50,0.00,3330
2026-05-09 14:52:36,1,1,1,1357.2,0,20.2,468,1274,0,0.00,0.00,0,1,1.50,0.00,2677
2026-05-09 14:52:36,1,1,1,1357.2,0,20.2,468,1274,0,0.00,0.00,0,1,1.50,0.00,2677
2026-05-09 14:52:36,1,1,1,1355.5,0,20.3,471,1271,0,0.00,0.00,0,1,1.50,0.00,3681
2026-05-09 14:52:36,1,1,1,1355.5,0,20.3,471,1271,0,0.00,0.00,0,1,1.50,0.00,3681
2026-05-09 14:52:37,1,1,1,1354.6,0,20.5,474,1269,1,1.50,0.00,3385,1,1.50,0.00,3385
2026-05-09 14:52:37,1,1,1,1355.1,0,20.7,478,1268,1,1.50,0.00,3385,1,1.50,0.00,3385
2026-05-09 14:52:37,1,1,1,1355.1,0,20.7,478,1268,1,1.50,0.00,3316,1,1.50,0.00,3316
2026-05-09 14:52:37,1,1,1,1355.6,0,20.8,482,1267,1,1.50,0.00,3316,1,1.50,0.00,3316
2026-05-09 14:52:37,1,1,1,1355.6,0,20.8,482,1267,1,1.46,0.00,4041,1,1.46,0.00,4041
2026-05-09 14:52:37,1,1,1,1358.7,0,21.0,488,1268,1,1.46,0.00,4041,1,1.46,0.00,4041
2026-05-09 14:52:37,1,1,1,1358.7,0,21.0,488,1268,1,1.44,0.00,2952,1,1.44,0.00,2952
2026-05-09 14:52:37,1,1,1,1361.4,0,21.2,493,1269,1,1.44,0.00,2952,1,1.44,0.00,2952
2026-05-09 14:52:37,1,1,1,1362.9,0,21.4,497,1269,1,1.42,-0.01,3600,1,1.42,-0.01,3600
2026-05-09 14:52:37,1,1,1,1362.9,0,21.4,497,1269,1,1.42,-0.01,3600,1,1.42,-0.01,3600
2026-05-09 14:52:37,1,1,1,1364.0,0,21.5,500,1269,1,1.43,0.00,3418,1,1.43,0.00,3418
2026-05-09 14:52:37,1,1,1,1364.0,0,21.5,500,1269,1,1.43,0.00,3418,1,1.43,0.00,3418
2026-05-09 14:52:37,1,1,1,1363.8,0,21.6,502,1268,1,1.43,0.00,4240,1,1.43,0.00,4240
2026-05-09 14:52:37,1,1,1,1363.8,0,21.6,502,1268,1,1.43,0.00,4240,1,1.43,0.00,4240
2026-05-09 14:52:37,1,1,1,1362.3,0,21.7,503,1266,1,1.43,0.00,3005,1,1.43,0.00,3005
2026-05-09 14:52:37,1,1,1,1362.3,0,21.7,503,1266,1,1.43,0.00,3005,1,1.43,0.00,3005
2026-05-09 14:52:37,1,1,1,1359.8,0,21.8,504,1263,1,1.42,0.00,1746,1,1.42,0.00,1746
2026-05-09 14:52:37,1,1,1,1356.9,0,21.9,506,1259,1,1.42,0.00,1746,1,1.42,0.00,1746
2026-05-09 14:52:37,1,1,1,1356.9,0,21.9,506,1259,1,1.43,0.00,185,1,1.43,0.00,185
2026-05-09 14:52:37,1,1,1,1353.5,0,22.0,507,1255,1,1.43,0.00,185,1,1.43,0.00,185
2026-05-09 14:52:38,1,1,1,1353.5,0,22.0,507,1255,1,1.43,0.00,185,1,1.43,0.00,185
2026-05-09 14:52:38,1,1,1,1352.6,0,22.0,507,1254,0,0.00,0.00,0,1,1.43,0.00,185
2026-05-09 14:52:38,1,1,1,1352.6,0,22.0,507,1254,0,0.00,0.00,0,1,1.43,0.00,185
2026-05-09 14:52:38,1,1,1,1353.7,0,21.9,505,1256,0,0.00,0.00,0,1,1.43,0.00,185
2026-05-09 14:52:38,1,1,1,1356.3,0,21.7,502,1260,0,0.00,0.00,0,1,1.43,0.00,185
2026-05-09 14:52:38,1,1,1,1356.3,0,21.7,502,1260,0,0.00,0.00,0,1,1.43,0.00,185
2026-05-09 14:52:38,1,1,1,1358.4,0,21.6,500,1263,0,0.00,0.00,0,1,1.43,0.00,185
2026-05-09 14:52:38,1,1,1,1358.4,0,21.6,500,1263,0,0.00,0.00,0,1,1.43,0.00,185
2026-05-09 14:52:38,1,1,1,1358.6,0,21.5,498,1264,0,0.00,0.00,0,1,1.43,0.00,185
2026-05-09 14:52:38,1,1,1,1358.6,0,21.5,498,1264,0,0.00,0.00,0,1,1.43,0.00,185
2026-05-09 14:52:38,1,1,1,1358.8,0,21.4,496,1265,0,0.00,0.00,0,1,1.43,0.00,185
2026-05-09 14:52:38,1,1,1,1358.8,0,21.4,496,1265,0,0.00,0.00,0,1,1.43,0.00,185
2026-05-09 14:52:38,1,1,1,1358.4,0,21.4,495,1265,0,0.00,0.00,0,1,1.43,0.00,185
2026-05-09 14:52:38,1,1,1,1357.1,0,21.3,494,1264,0,0.00,0.00,0,0,0.00,0.00,0
2026-05-09 14:52:38,1,1,1,1357.1,0,21.3,494,1264,0,0.00,0.00,0,0,0.00,0.00,0
2026-05-09 14:52:38,1,1,1,1354.5,0,21.5,497,1260,0,0.00,0.00,0,0,0.00,0.00,0
2026-05-09 14:52:38,1,1,1,1354.5,0,21.5,497,1260,0,0.00,0.00,0,0,0.00,0.00,0
2026-05-09 14:52:38,1,1,1,1351.5,0,21.7,499,1256,0,0.00,0.00,0,0,0.00,0.00,0
2026-05-09 14:52:38,1,1,1,1351.5,0,21.7,499,1256,0,0.00,0.00,0,0,0.00,0.00,0
2026-05-09 14:52:38,1,1,1,1351.7,0,21.8,502,1255,0,0.00,0.00,0,0,0.00,0.00,0
2026-05-09 14:52:39,1,1,1,1351.7,0,21.8,502,1255,0,0.00,0.00,0,1,1.35,0.00,1360
2026-05-09 14:52:39,1,1,1,1352.8,0,21.9,505,1255,0,0.00,0.00,0,1,1.35,0.00,1360
2026-05-09 14:52:39,1,1,1,1352.6,0,22.0,507,1254,0,0.00,0.00,0,1,1.35,0.00,1972
2026-05-09 14:52:39,1,1,1,1352.6,0,22.0,507,1254,0,0.00,0.00,0,1,1.35,0.00,1972
2026-05-09 14:52:39,1,1,1,1351.5,0,22.1,509,1252,0,0.00,0.00,0,1,1.33,0.00,1557
2026-05-09 14:52:39,1,1,1,1351.5,0,22.1,509,1252,0,0.00,0.00,0,1,1.33,0.00,1557
2026-05-09 14:52:39,1,1,1,1351.1,0,22.1,508,1252,0,0.00,0.00,0,1,1.33,0.00,1557
2026-05-09 14:52:39,1,1,1,1351.1,0,22.1,508,1252,0,0.00,0.00,0,1,1.33,0.00,1557
2026-05-09 14:52:39,1,1,1,1350.9,0,22.0,505,1253,0,0.00,0.00,0,1,1.33,0.00,1557
2026-05-09 14:52:39,1,1,1,1351.1,0,21.9,503,1254,0,0.00,0.00,0,1,1.33,0.00,1557
2026-05-09 14:52:39,1,1,1,1351.1,0,21.9,503,1254,0,0.00,0.00,0,1,1.33,0.00,1557
2026-05-09 14:52:39,1,1,1,1352.8,0,21.7,500,1257,0,0.00,0.00,0,1,1.33,0.00,1557
2026-05-09 14:52:39,1,1,1,1352.8,0,21.7,500,1257,0,0.00,0.00,0,1,1.50,0.00,965
2026-05-09 14:52:39,1,1,1,1355.8,0,21.6,498,1261,0,0.00,0.00,0,1,1.50,0.00,965
2026-05-09 14:52:39,1,1,1,1355.8,0,21.6,498,1261,0,0.00,0.00,0,1,1.50,0.00,605
2026-05-09 14:52:39,1,1,1,1358.0,0,21.3,494,1265,0,0.00,0.00,0,1,1.50,0.00,605
2026-05-09 14:52:39,1,1,1,1358.0,0,21.3,494,1265,0,0.00,0.00,0,1,1.50,0.00,625
2026-05-09 14:52:39,1,1,1,1360.7,0,21.2,491,1269,0,0.00,0.00,0,1,1.50,0.00,625
2026-05-09 14:52:39,1,1,1,1360.3,0,21.1,490,1269,0,0.00,0.00,0,1,1.50,0.00,625
2026-05-09 14:52:39,1,1,1,1360.3,0,21.1,490,1269,0,0.00,0.00,0,1,1.50,0.00,625
2026-05-09 14:52:40,1,1,1,1360.0,0,21.1,489,1269,0,0.00,0.00,0,1,1.50,0.00,625
2026-05-09 14:52:40,1,1,1,1360.0,0,21.1,489,1269,0,0.00,0.00,0,1,1.50,0.00,625
2026-05-09 14:52:40,1,1,1,1360.3,0,21.1,490,1269,0,0.00,0.00,0,1,1.50,0.00,625
2026-05-09 14:52:40,1,1,1,1360.3,0,21.1,490,1269,0,0.00,0.00,0,1,1.50,0.00,625
2026-05-09 14:52:40,1,1,1,1361.4,0,21.2,493,1269,0,0.00,0.00,0,1,1.49,0.00,225
2026-05-09 14:52:40,1,1,1,1362.1,0,21.3,495,1269,0,0.00,0.00,0,1,1.49,0.00,225
2026-05-09 14:52:40,1,1,1,1362.1,0,21.3,495,1269,0,0.00,0.00,0,1,1.49,0.01,484
2026-05-09 14:52:40,1,1,1,1361.8,0,21.3,494,1269,0,0.00,0.00,0,1,1.49,0.01,484
2026-05-09 14:52:40,1,1,1,1361.8,0,21.3,494,1269,0,0.00,0.00,0,1,1.49,0.01,484
2026-05-09 14:52:40,1,1,1,1363.5,0,21.1,491,1272,0,0.00,0.00,0,1,1.49,0.01,484
2026-05-09 14:52:40,1,1,1,1363.5,0,21.1,491,1272,0,0.00,0.00,0,1,1.49,0.01,484
2026-05-09 14:52:40,1,1,1,1363.8,0,20.8,484,1275,0,0.00,0.00,0,1,1.49,0.01,484
2026-05-09 14:52:40,1,1,1,1363.8,0,20.8,484,1275,0,0.00,0.00,0,1,1.49,0.01,484
2026-05-09 14:52:40,1,1,1,1364.1,0,20.5,477,1278,0,0.00,0.00,0,1,1.49,0.01,484
2026-05-09 14:52:40,1,1,1,1363.1,0,20.3,474,1278,0,0.00,0.00,0,1,1.49,0.01,484
2026-05-09 14:52:40,1,1,1,1363.1,0,20.3,474,1278,0,0.00,0.00,0,1,1.49,0.01,484
2026-05-09 14:52:40,1,1,1,1360.4,0,20.5,477,1274,0,0.00,0.00,0,1,1.49,0.00,468
2026-05-09 14:52:40,1,1,1,1360.4,0,20.5,477,1274,0,0.00,0.00,0,1,1.49,0.00,468
2026-05-09 14:52:40,1,1,1,1359.9,0,20.7,481,1272,0,0.00,0.00,0,1,1.49,0.00,468
2026-05-09 14:52:40,1,1,1,1359.9,0,20.7,481,1272,0,0.00,0.00,0,1,1.49,0.00,468
2026-05-09 14:52:41,1,1,1,1361.2,0,20.7,482,1273,0,0.00,0.00,0,1,1.49,0.00,468
2026-05-09 14:52:41,1,1,1,1360.8,0,20.7,481,1273,0,0.00,0.00,0,1,1.49,0.00,468
2026-05-09 14:52:41,1,1,1,1360.8,0,20.7,481,1273,0,0.00,0.00,0,1,1.49,0.00,468
2026-05-09 14:52:41,1,1,1,1361.8,0,20.7,481,1274,0,0.00,0.00,0,1,1.49,0.00,468
2026-05-09 14:52:41,1,1,1,1361.8,0,20.7,481,1274,0,0.00,0.00,0,1,1.49,0.00,468
2026-05-09 14:52:41,1,1,1,1362.0,0,20.6,479,1275,0,0.00,0.00,0,1,1.49,0.00,468
2026-05-09 14:52:41,1,1,1,1362.0,0,20.6,479,1275,0,0.00,0.00,0,1,1.49,0.00,468
2026-05-09 14:52:41,1,1,1,1362.7,0,20.3,473,1278,0,0.00,0.00,0,1,1.49,0.00,468
2026-05-09 14:52:41,1,1,1,1362.7,0,20.3,473,1278,0,0.00,0.00,0,1,1.49,0.00,468
2026-05-09 14:52:41,1,1,1,1362.9,0,20.1,468,1280,0,0.00,0.00,0,1,1.49,0.00,468
2026-05-09 14:52:41,1,1,1,1365.0,0,20.0,466,1283,0,0.00,0.00,0,1,1.36,0.00,3098
2026-05-09 14:52:41,1,1,1,1365.0,0,20.0,466,1283,0,0.00,0.00,0,1,1.36,0.00,3098
2026-05-09 14:52:41,1,1,1,1366.3,0,20.0,467,1284,0,0.00,0.00,0,1,1.32,0.00,1396
2026-05-09 14:52:41,1,1,1,1366.3,0,20.0,467,1284,0,0.00,0.00,0,1,1.32,0.00,1396
2026-05-09 14:52:41,1,1,1,1367.0,0,20.1,469,1284,0,0.00,0.00,0,1,1.32,0.00,2421
2026-05-09 14:52:41,1,1,1,1367.0,0,20.1,469,1284,0,0.00,0.00,0,1,1.32,0.00,2421
2026-05-09 14:52:41,1,1,1,1366.4,0,20.1,470,1283,0,0.00,0.00,0,1,1.32,0.00,2421
2026-05-09 14:52:41,1,1,1,1365.4,0,20.1,470,1282,0,0.00,0.00,0,1,1.32,0.00,2421
2026-05-09 14:52:41,1,1,1,1365.4,0,20.1,470,1282,0,0.00,0.00,0,1,1.36,0.00,1098
2026-05-09 14:52:41,1,1,1,1365.8,0,20.2,471,1282,0,0.00,0.00,0,1,1.36,0.00,1098
2026-05-09 14:52:42,1,1,1,1365.8,0,20.2,471,1282,0,0.00,0.00,0,1,1.36,0.00,1098
2026-05-09 14:52:42,1,1,1,1364.3,0,20.2,472,1280,0,0.00,0.00,0,1,1.36,0.00,1098
2026-05-09 14:52:42,1,1,1,1364.3,0,20.2,472,1280,0,0.00,0.00,0,1,1.36,0.01,1157
2026-05-09 14:52:42,1,1,1,1363.9,0,20.2,471,1280,0,0.00,0.00,0,1,1.36,0.01,1157
2026-05-09 14:52:42,1,1,1,1363.9,0,20.2,471,1280,0,0.00,0.00,0,1,1.36,0.01,1157
2026-05-09 14:52:42,1,1,1,1363.3,0,20.3,472,1279,0,0.00,0.00,0,1,1.36,0.01,1157
2026-05-09 14:52:42,1,1,1,1361.8,0,20.3,473,1277,0,0.00,0.00,0,1,1.36,0.01,1157
2026-05-09 14:52:42,1,1,1,1361.8,0,20.3,473,1277,0,0.00,0.00,0,1,1.36,0.01,1157
2026-05-09 14:52:42,1,1,1,1361.2,0,20.4,474,1276,0,0.00,0.00,0,1,1.36,0.01,1157
2026-05-09 14:52:42,1,1,1,1361.2,0,20.4,474,1276,0,0.00,0.00,0,1,1.36,0.01,1157
2026-05-09 14:52:42,1,1,1,1361.0,0,20.5,476,1275,0,0.00,0.00,0,1,1.36,0.01,1157
2026-05-09 14:52:42,1,1,1,1361.0,0,20.5,476,1275,0,0.00,0.00,0,1,1.36,0.01,1157
2026-05-09 14:52:42,1,1,1,1360.4,0,20.5,477,1274,0,0.00,0.00,0,1,1.36,0.01,1157
2026-05-09 14:52:42,1,1,1,1359.4,0,20.5,477,1273,0,0.00,0.00,0,1,1.36,0.01,1157
2026-05-09 14:52:42,1,1,1,1359.4,0,20.5,477,1273,0,0.00,0.00,0,1,1.36,0.01,1157
2026-05-09 14:52:42,1,1,1,1358.8,0,20.6,478,1272,0,0.00,0.00,0,1,1.36,0.01,1157
2026-05-09 14:52:42,1,1,1,1358.8,0,20.6,478,1272,0,0.00,0.00,0,1,1.36,0.01,1157
2026-05-09 14:52:42,1,1,1,1360.1,0,20.6,479,1273,0,0.00,0.00,0,0,0.00,0.00,0
2026-05-09 14:52:42,1,1,1,1360.1,0,20.6,479,1273,0,0.00,0.00,0,0,0.00,0.00,0
2026-05-09 14:52:42,1,1,1,1360.7,0,20.6,478,1274,0,0.00,0.00,0,0,0.00,0.00,0
2026-05-09 14:52:43,1,1,1,1360.7,0,20.6,478,1274,0,0.00,0.00,0,0,0.00,0.00,0
2026-05-09 14:52:43,1,1,1,1361.3,0,20.5,477,1275,0,0.00,0.00,0,0,0.00,0.00,0
2026-05-09 14:52:43,1,1,1,1361.2,0,20.4,474,1276,0,0.00,0.00,0,0,0.00,0.00,0
2026-05-09 14:52:43,1,1,1,1361.2,0,20.4,474,1276,0,0.00,0.00,0,0,0.00,0.00,0
2026-05-09 14:52:43,1,1,1,1361.6,0,20.1,467,1279,0,0.00,0.00,0,0,0.00,0.00,0
2026-05-09 14:52:43,1,1,1,1361.6,0,20.1,467,1279,0,0.00,0.00,0,0,0.00,0.00,0
2026-05-09 14:52:43,1,1,1,1362.0,0,19.7,460,1282,0,0.00,0.00,0,0,0.00,0.00,0
2026-05-09 14:52:43,1,1,1,1362.0,0,19.7,460,1282,0,0.00,0.00,0,0,0.00,0.00,0
2026-05-09 14:52:43,1,1,1,1360.7,0,19.6,456,1282,0,0.00,0.00,0,0,0.00,0.00,0
2026-05-09 14:52:43,1,1,1,1360.7,0,19.6,456,1282,0,0.00,0.00,0,0,0.00,0.00,0
2026-05-09 14:52:43,1,1,1,1360.6,0,19.4,453,1283,0,0.00,0.00,0,0,0.00,0.00,0
2026-05-09 14:52:43,1,1,1,1360.9,0,19.4,451,1284,0,0.00,0.00,0,0,0.00,0.00,0
2026-05-09 14:52:43,1,1,1,1360.9,0,19.4,451,1284,0,0.00,0.00,0,0,0.00,0.00,0
2026-05-09 14:52:43,1,1,1,1361.8,0,19.2,448,1286,0,0.00,0.00,0,0,0.00,0.00,0
2026-05-09 14:52:43,1,1,1,1361.8,0,19.2,448,1286,0,0.00,0.00,0,0,0.00,0.00,0
2026-05-09 14:52:43,1,1,1,1362.1,0,19.1,446,1287,0,0.00,0.00,0,0,0.00,0.00,0
2026-05-09 14:52:43,1,1,1,1362.1,0,19.1,446,1287,0,0.00,0.00,0,0,0.00,0.00,0
2026-05-09 14:52:43,1,1,1,1362.1,0,19.0,443,1288,0,0.00,0.00,0,0,0.00,0.00,0
2026-05-09 14:52:43,1,1,1,1362.0,0,18.8,440,1289,0,0.00,0.00,0,0,0.00,0.00,0
2026-05-09 14:52:43,1,1,1,1362.0,0,18.8,440,1289,0,0.00,0.00,0,0,0.00,0.00,0
2026-05-09 14:52:44,1,1,1,1362.0,0,18.7,437,1290,0,0.00,0.00,0,0,0.00,0.00,0
2026-05-09 14:52:44,1,1,1,1362.0,0,18.7,437,1290,0,0.00,0.00,0,0,0.00,0.00,0
2026-05-09 14:52:44,1,1,1,1361.7,0,18.5,433,1291,0,0.00,0.00,0,0,0.00,0.00,0
2026-05-09 14:52:44,1,1,1,1361.7,0,18.5,433,1291,0,0.00,0.00,0,0,0.00,0.00,0
2026-05-09 14:52:44,1,1,1,1360.7,0,18.4,430,1291,0,0.00,0.00,0,0,0.00,0.00,0
2026-05-09 14:52:44,1,1,1,1360.7,0,18.4,430,1291,0,0.00,0.00,0,0,0.00,0.00,0
2026-05-09 14:52:44,1,1,1,1361.4,0,18.4,429,1292,0,0.00,0.00,0,0,0.00,0.00,0
2026-05-09 14:52:44,1,1,1,1361.4,0,18.4,429,1292,0,0.00,0.00,0,0,0.00,0.00,0
2026-05-09 14:52:44,1,1,1,1361.4,0,18.4,429,1292,0,0.00,0.00,0,0,0.00,0.00,0
2026-05-09 14:52:44,1,1,1,1362.0,0,18.3,428,1293,0,0.00,0.00,0,0,0.00,0.00,0
2026-05-09 14:52:44,1,1,1,1362.0,0,18.3,428,1293,0,0.00,0.00,0,0,0.00,0.00,0
2026-05-09 14:52:44,1,1,1,1362.6,0,18.1,424,1295,0,0.00,0.00,0,0,0.00,0.00,0
2026-05-09 14:52:44,1,1,1,1362.6,0,18.1,424,1295,0,0.00,0.00,0,0,0.00,0.00,0
2026-05-09 14:52:44,1,1,1,1363.0,0,17.9,419,1297,0,0.00,0.00,0,0,0.00,0.00,0
2026-05-09 14:52:44,1,1,1,1363.1,0,17.6,413,1299,0,0.00,0.00,0,0,0.00,0.00,0
2026-05-09 14:52:44,1,1,1,1363.1,0,17.6,413,1299,0,0.00,0.00,0,0,0.00,0.00,0
2026-05-09 14:52:44,1,1,1,1363.8,0,17.5,409,1301,0,0.00,0.00,0,0,0.00,0.00,0
2026-05-09 14:52:44,1,1,1,1363.8,0,17.5,409,1301,0,0.00,0.00,0,0,0.00,0.00,0
2026-05-09 14:52:44,1,1,1,1364.1,0,17.4,407,1302,0,0.00,0.00,0,0,0.00,0.00,0
2026-05-09 14:52:44,1,1,1,1364.1,0,17.4,407,1302,0,0.00,0.00,0,0,0.00,0.00,0
2026-05-09 14:52:45,1,1,1,1365.4,0,17.4,408,1303,0,0.00,0.00,0,0,0.00,0.00,0
2026-05-09 14:52:45,1,1,1,1365.4,0,17.4,408,1303,0,0.00,0.00,0,0,0.00,0.00,0
2026-05-09 14:52:45,1,1,1,1365.0,0,17.5,410,1302,0,0.00,0.00,0,0,0.00,0.00,0
2026-05-09 14:52:45,1,1,1,1365.9,0,17.6,413,1302,0,0.00,0.00,0,0,0.00,0.00,0
2026-05-09 14:52:45,1,1,1,1365.9,0,17.6,413,1302,0,0.00,0.00,0,0,0.00,0.00,0
2026-05-09 14:52:45,1,1,1,1365.9,0,17.7,416,1301,0,0.00,0.00,0,0,0.00,0.00,0
2026-05-09 14:52:45,1,1,1,1365.9,0,17.7,416,1301,0,0.00,0.00,0,1,1.33,0.00,1037
2026-05-09 14:52:45,1,1,1,1365.9,0,17.9,419,1300,0,0.00,0.00,0,1,1.33,0.00,1037
2026-05-09 14:52:45,1,1,1,1365.9,0,17.9,419,1300,0,0.00,0.00,0,1,1.41,0.00,1664
2026-05-09 14:52:45,1,1,1,1365.5,0,18.0,421,1299,0,0.00,0.00,0,1,1.41,0.00,1664
2026-05-09 14:52:45,1,1,1,1366.1,0,18.0,423,1299,0,0.00,0.00,0,1,1.39,0.00,1172
2026-05-09 14:52:45,1,1,1,1366.1,0,18.0,423,1299,0,0.00,0.00,0,1,1.39,0.00,1172
2026-05-09 14:52:45,1,1,1,1367.1,0,18.0,423,1300,0,0.00,0.00,0,1,1.37,0.00,3802
2026-05-09 14:52:45,1,1,1,1367.1,0,18.0,423,1300,0,0.00,0.00,0,1,1.37,0.00,3802
2026-05-09 14:52:45,1,1,1,1368.3,0,18.1,424,1301,0,0.00,0.00,0,1,1.37,0.00,2340
2026-05-09 14:52:45,1,1,1,1368.3,0,18.1,424,1301,0,0.00,0.00,0,1,1.37,0.00,2340
2026-05-09 14:52:45,1,1,1,1368.0,0,18.3,429,1299,0,0.00,0.00,0,1,1.36,0.00,981
2026-05-09 14:52:45,1,1,1,1368.0,0,18.3,429,1299,0,0.00,0.00,0,1,1.36,0.00,981
2026-05-09 14:52:45,1,1,1,1367.7,0,18.6,437,1296,0,0.00,0.00,0,1,1.38,0.00,1413
2026-05-09 14:52:45,1,1,1,1367.1,0,19.0,444,1293,0,0.00,0.00,0,1,1.38,0.00,1413
2026-05-09 14:52:46,1,1,1,1367.1,0,19.0,444,1293,0,0.00,0.00,0,1,1.39,0.00,905
2026-05-09 14:52:46,1,1,1,1365.3,0,19.1,447,1290,0,0.00,0.00,0,1,1.39,0.00,905
2026-05-09 14:52:46,1,1,1,1365.3,0,19.1,447,1290,0,0.00,0.00,0,1,1.41,0.01,245
2026-05-09 14:52:46,1,1,1,1365.0,0,19.3,452,1288,0,0.00,0.00,0,1,1.41,0.01,245
2026-05-09 14:52:46,1,1,1,1365.0,0,19.3,452,1288,0,0.00,0.00,0,1,1.42,0.01,409
2026-05-09 14:52:46,1,1,1,1364.5,0,19.5,456,1286,0,0.00,0.00,0,1,1.42,0.01,409
2026-05-09 14:52:46,1,1,1,1365.7,0,19.5,457,1287,0,0.00,0.00,0,1,1.43,0.01,754
2026-05-09 14:52:46,1,1,1,1365.7,0,19.5,457,1287,0,0.00,0.00,0,1,1.43,0.01,754
2026-05-09 14:52:46,1,1,1,1369.1,0,19.3,453,1292,0,0.00,0.00,0,1,1.44,0.01,937
2026-05-09 14:52:46,1,1,1,1369.1,0,19.3,453,1292,0,0.00,0.00,0,1,1.44,0.01,937
2026-05-09 14:52:46,1,1,1,1371.2,0,19.1,448,1296,0,0.00,0.00,0,1,1.44,0.02,313
2026-05-09 14:52:46,1,1,1,1371.2,0,19.1,448,1296,0,0.00,0.00,0,1,1.44,0.02,313
2026-05-09 14:52:46,1,1,1,1373.1,0,18.9,445,1299,0,0.00,0.00,0,1,1.45,0.02,313
2026-05-09 14:52:46,1,1,1,1373.1,0,18.9,445,1299,0,0.00,0.00,0,1,1.45,0.02,313
2026-05-09 14:52:46,1,1,1,1371.2,0,18.8,442,1298,0,0.00,0.00,0,1,1.45,0.02,313
2026-05-09 14:52:46,1,1,1,1364.9,0,18.7,437,1293,0,0.00,0.00,0,1,1.45,0.02,313
2026-05-09 14:52:46,1,1,1,1364.9,0,18.7,437,1293,0,0.00,0.00,0,1,1.45,0.02,313
2026-05-09 14:52:46,1,1,1,1350.9,0,18.6,432,1280,0,0.00,0.00,0,1,1.45,0.02,313
2026-05-09 14:52:46,1,1,1,1350.9,0,18.6,432,1280,0,0.00,0.00,0,1,1.45,0.02,313
2026-05-09 14:52:46,1,1,1,1332.9,0,18.9,432,1261,0,0.00,0.00,0,1,1.45,0.02,313
2026-05-09 14:52:47,1,1,1,1332.9,0,18.9,432,1261,0,0.00,0.00,0,1,1.50,0.00,1537
2026-05-09 14:52:47,1,1,1,1299.0,0,20.6,457,1216,0,0.00,0.00,0,1,1.50,0.00,1537
2026-05-09 14:52:47,1,1,1,1280.8,0,22.1,481,1187,0,0.00,0.00,0,1,1.50,0.00,1537
2026-05-09 14:52:47,1,1,1,1280.8,0,22.1,481,1187,0,0.00,0.00,0,1,1.50,0.00,1537
2026-05-09 14:52:47,1,1,1,1265.0,0,23.3,500,1162,0,0.00,0.00,0,1,1.50,0.00,1537
2026-05-09 14:52:47,1,1,1,1265.0,0,23.3,500,1162,0,0.00,0.00,0,1,1.50,0.00,1537
2026-05-09 14:52:47,1,1,1,1251.7,0,24.5,519,1139,0,0.00,0.00,0,1,1.50,0.00,1537
2026-05-09 14:52:47,1,1,1,1251.7,0,24.5,519,1139,0,0.00,0.00,0,1,1.50,0.00,1537
2026-05-09 14:52:47,1,1,1,1243.7,0,25.0,526,1127,0,0.00,0.00,0,1,1.50,0.00,1537
2026-05-09 14:52:47,1,1,1,1243.7,0,25.0,526,1127,0,0.00,0.00,0,1,1.50,0.00,1537
2026-05-09 14:52:47,1,1,1,1254.2,0,24.6,523,1140,0,0.00,0.00,0,1,1.50,0.00,1537
2026-05-09 14:52:47,1,1,1,1262.4,0,24.6,525,1148,0,0.00,0.00,0,1,1.50,0.00,1537
2026-05-09 14:52:47,1,1,1,1262.4,0,24.6,525,1148,0,0.00,0.00,0,1,1.50,0.00,1537
2026-05-09 14:52:47,1,1,1,1271.9,0,24.4,526,1158,0,0.00,0.00,0,1,1.50,0.00,1537
2026-05-09 14:52:47,1,1,1,1271.9,0,24.4,526,1158,0,0.00,0.00,0,1,1.50,0.00,1537
2026-05-09 14:52:47,1,1,1,1278.0,0,24.1,521,1167,0,0.00,0.00,0,0,0.00,0.00,0
2026-05-09 14:52:47,1,1,1,1278.0,0,24.1,521,1167,0,0.00,0.00,0,0,0.00,0.00,0
2026-05-09 14:52:47,1,1,1,1278.3,0,23.8,515,1170,0,0.00,0.00,0,0,0.00,0.00,0
2026-05-09 14:52:47,1,1,1,1278.3,0,23.8,515,1170,0,0.00,0.00,0,0,0.00,0.00,0
2026-05-09 14:52:47,1,1,1,1276.8,0,23.5,509,1171,0,0.00,0.00,0,0,0.00,0.00,0
2026-05-09 14:52:48,1,1,1,1275.4,0,23.2,503,1172,0,0.00,0.00,0,0,0.00,0.00,0
2026-05-09 14:52:48,1,1,1,1275.4,0,23.2,503,1172,0,0.00,0.00,0,0,0.00,0.00,0
2026-05-09 14:52:48,1,1,1,1275.6,0,23.0,499,1174,0,0.00,0.00,0,0,0.00,0.00,0
2026-05-09 14:52:48,1,1,1,1275.6,0,23.0,499,1174,0,0.00,0.00,0,0,0.00,0.00,0
2026-05-09 14:52:48,1,1,1,1276.7,0,22.9,497,1176,0,0.00,0.00,0,0,0.00,0.00,0
2026-05-09 14:52:48,1,1,1,1276.7,0,22.9,497,1176,0,0.00,0.00,0,0,0.00,0.00,0
2026-05-09 14:52:48,1,1,1,1278.9,0,22.9,498,1178,0,0.00,0.00,0,1,1.50,0.00,1940
2026-05-09 14:52:48,1,1,1,1280.6,0,23.0,500,1179,0,0.00,0.00,0,1,1.50,0.00,1940
2026-05-09 14:52:48,1,1,1,1280.6,0,23.0,500,1179,0,0.00,0.00,0,1,1.50,0.00,1152
2026-05-09 14:52:48,1,1,1,1283.4,0,22.9,500,1182,0,0.00,0.00,0,1,1.50,0.00,1152
2026-05-09 14:52:48,1,1,1,1283.4,0,22.9,500,1182,0,0.00,0.00,0,1,1.50,0.00,3601
2026-05-09 14:52:48,1,1,1,1285.8,0,22.8,499,1185,0,0.00,0.00,0,1,1.50,0.00,3601
2026-05-09 14:52:48,1,1,1,1285.8,0,22.8,499,1185,0,0.00,0.00,0,1,1.50,0.00,1538
2026-05-09 14:52:48,1,1,1,1289.2,0,23.0,503,1187,0,0.00,0.00,0,1,1.50,0.00,1538
2026-05-09 14:52:48,1,1,1,1289.2,0,23.0,503,1187,0,0.00,0.00,0,1,1.50,0.00,1370
2026-05-09 14:52:48,1,1,1,1290.6,0,23.2,509,1186,0,0.00,0.00,0,1,1.50,0.00,1370
2026-05-09 14:52:48,1,1,1,1292.6,0,23.4,514,1186,0,0.00,0.00,0,1,1.50,0.00,1312
2026-05-09 14:52:48,1,1,1,1292.6,0,23.4,514,1186,0,0.00,0.00,0,1,1.50,0.00,1312
2026-05-09 14:52:48,1,1,1,1293.1,0,23.4,513,1187,0,0.00,0.00,0,1,1.50,0.00,1312
2026-05-09 14:52:48,1,1,1,1293.1,0,23.4,513,1187,0,0.00,0.00,0,1,1.50,0.00,1312
2026-05-09 14:52:49,1,1,1,1295.2,0,23.1,509,1191,0,0.00,0.00,0,1,1.50,0.00,1312
2026-05-09 14:52:49,1,1,1,1295.2,0,23.1,509,1191,0,0.00,0.00,0,1,1.50,0.00,1312
2026-05-09 14:52:49,1,1,1,1296.4,0,22.9,505,1194,0,0.00,0.00,0,1,1.50,0.00,1312
2026-05-09 14:52:49,1,1,1,1298.9,0,22.7,502,1198,0,0.00,0.00,0,1,1.50,0.00,1312
2026-05-09 14:52:49,1,1,1,1298.9,0,22.7,502,1198,0,0.00,0.00,0,1,1.50,0.00,1312
2026-05-09 14:52:49,1,1,1,1300.9,0,22.6,500,1201,0,0.00,0.00,0,1,1.50,0.00,1312
2026-05-09 14:52:49,1,1,1,1300.9,0,22.6,500,1201,0,0.00,0.00,0,1,1.50,0.00,1312
2026-05-09 14:52:49,1,1,1,1302.4,0,22.5,499,1203,0,0.00,0.00,0,1,1.50,0.00,1312
2026-05-09 14:52:49,1,1,1,1302.4,0,22.5,499,1203,0,0.00,0.00,0,1,1.50,0.00,1312
2026-05-09 14:52:49,1,1,1,1302.4,0,22.5,499,1203,0,0.00,0.00,0,1,1.50,0.00,1312
2026-05-09 14:52:49,1,1,1,1302.4,0,22.5,499,1203,0,0.00,0.00,0,1,1.50,0.00,353
2026-05-09 14:52:49,1,1,1,1302.4,0,22.5,499,1203,0,0.00,0.00,0,1,1.50,0.00,353
2026-05-09 14:52:49,1,1,1,1299.9,0,22.4,495,1202,0,0.00,0.00,0,1,1.50,0.00,901
2026-05-09 14:52:49,1,1,1,1299.9,0,22.4,495,1202,0,0.00,0.00,0,1,1.50,0.00,901
2026-05-09 14:52:49,1,1,1,1286.1,0,21.0,460,1201,0,0.00,0.00,0,1,1.50,0.00,1762
2026-05-09 14:52:49,1,1,1,1286.1,0,21.0,460,1201,0,0.00,0.00,0,1,1.50,0.00,1762
2026-05-09 14:52:49,1,1,1,1253.5,0,16.6,359,1201,0,0.00,0.00,0,1,1.50,0.00,2401
2026-05-09 14:52:49,1,1,1,1253.5,0,16.6,359,1201,0,0.00,0.00,0,1,1.50,0.00,2401
2026-05-09 14:52:49,1,1,1,1233.6,0,13.4,286,1200,0,0.00,0.00,0,1,1.50,0.00,1384
2026-05-09 14:52:49,1,1,1,1239.6,0,14.0,299,1203,0,0.00,0.00,0,1,1.50,0.00,1384
2026-05-09 14:52:50,1,1,1,1239.6,0,14.0,299,1203,0,0.00,0.00,0,1,1.50,0.00,1384
2026-05-09 14:52:50,1,1,1,1243.7,0,14.3,308,1205,0,0.00,0.00,0,1,1.50,0.00,1384
2026-05-09 14:52:50,1,1,1,1243.7,0,14.3,308,1205,0,0.00,0.00,0,1,1.50,0.00,1384
2026-05-09 14:52:50,1,1,1,1247.9,0,14.7,317,1207,0,0.00,0.00,0,1,1.50,0.00,1384
2026-05-09 14:52:50,1,1,1,1247.9,0,14.7,317,1207,0,0.00,0.00,0,1,1.50,0.00,1384
2026-05-09 14:52:50,1,1,1,1252.2,0,15.1,326,1209,0,0.00,0.00,0,1,1.50,0.00,1384
2026-05-09 14:52:50,1,1,1,1252.2,0,15.1,326,1209,0,0.00,0.00,0,1,1.50,0.00,1384
2026-05-09 14:52:50,1,1,1,1264.4,0,15.7,343,1217,0,0.00,0.00,0,1,1.50,0.00,1384
2026-05-09 14:52:50,1,1,1,1274.8,0,16.1,353,1225,0,0.00,0.00,0,1,1.50,0.00,1384
2026-05-09 14:52:50,1,1,1,1274.8,0,16.1,353,1225,0,0.00,0.00,0,1,1.50,0.00,1384
2026-05-09 14:52:50,1,1,1,1278.3,0,16.1,355,1228,0,0.00,0.00,0,1,1.50,0.00,1384
2026-05-09 14:52:50,1,1,1,1278.3,0,16.1,355,1228,0,0.00,0.00,0,1,1.50,0.00,1384
2026-05-09 14:52:50,1,1,1,1281.4,0,16.1,356,1231,0,0.00,0.00,0,1,1.50,0.00,1384
2026-05-09 14:52:50,1,1,1,1281.4,0,16.1,356,1231,0,0.00,0.00,0,0,0.00,0.00,0
2026-05-09 14:52:50,1,1,1,1283.6,0,16.1,357,1233,0,0.00,0.00,0,0,0.00,0.00,0
2026-05-09 14:52:50,1,1,1,1288.0,0,16.2,359,1237,0,0.00,0.00,0,0,0.00,0.00,0
2026-05-09 14:52:50,1,1,1,1288.0,0,16.2,359,1237,0,0.00,0.00,0,0,0.00,0.00,0
2026-05-09 14:52:50,1,1,1,1291.5,0,16.2,361,1240,0,0.00,0.00,0,0,0.00,0.00,0
2026-05-09 14:52:50,1,1,1,1291.5,0,16.2,361,1240,0,0.00,0.00,0,0,0.00,0.00,0
2026-05-09 14:52:50,1,1,1,1292.9,0,16.4,366,1240,0,0.00,0.00,0,0,0.00,0.00,0
2026-05-09 14:52:51,1,1,1,1292.9,0,16.4,366,1240,0,0.00,0.00,0,0,0.00,0.00,0
2026-05-09 14:52:51,1,1,1,1294.6,0,16.7,372,1240,0,0.00,0.00,0,0,0.00,0.00,0
2026-05-09 14:52:51,1,1,1,1294.6,0,16.7,372,1240,0,0.00,0.00,0,0,0.00,0.00,0
2026-05-09 14:52:51,1,1,1,1293.9,0,16.8,373,1239,0,0.00,0.00,0,0,0.00,0.00,0
2026-05-09 14:52:51,1,1,1,1297.4,0,16.8,375,1242,0,0.00,0.00,0,0,0.00,0.00,0
2026-05-09 14:52:51,1,1,1,1297.4,0,16.8,375,1242,0,0.00,0.00,0,0,0.00,0.00,0
2026-05-09 14:52:51,1,1,1,1300.2,0,16.9,378,1244,0,0.00,0.00,0,0,0.00,0.00,0
2026-05-09 14:52:51,1,1,1,1300.2,0,16.9,378,1244,0,0.00,0.00,0,0,0.00,0.00,0
2026-05-09 14:52:51,1,1,1,1302.9,0,17.0,381,1246,0,0.00,0.00,0,0,0.00,0.00,0
2026-05-09 14:52:51,1,1,1,1302.9,0,17.0,381,1246,0,0.00,0.00,0,0,0.00,0.00,0
2026-05-09 14:52:51,1,1,1,1306.0,0,17.1,385,1248,0,0.00,0.00,0,0,0.00,0.00,0
2026-05-09 14:52:51,1,1,1,1306.0,0,17.1,385,1248,0,0.00,0.00,0,0,0.00,0.00,0
2026-05-09 14:52:51,1,1,1,1306.9,0,17.3,388,1248,0,0.00,0.00,0,1,1.50,0.00,500
2026-05-09 14:52:51,1,1,1,1308.8,0,17.4,391,1249,0,0.00,0.00,0,1,1.50,0.00,500
2026-05-09 14:52:51,1,1,1,1308.8,0,17.4,391,1249,0,0.00,0.00,0,1,1.50,0.00,500
2026-05-09 14:52:51,1,1,1,1309.7,0,17.5,394,1249,0,0.00,0.00,0,1,1.50,0.00,500
2026-05-09 14:52:51,1,1,1,1309.7,0,17.5,394,1249,0,0.00,0.00,0,1,1.50,0.00,500
2026-05-09 14:52:51,1,1,1,1310.6,0,17.6,397,1249,0,0.00,0.00,0,1,1.50,0.00,500
2026-05-09 14:52:51,1,1,1,1310.6,0,17.6,397,1249,0,0.00,0.00,0,1,1.50,0.00,500
2026-05-09 14:52:51,1,1,1,1311.2,0,17.7,399,1249,0,0.00,0.00,0,1,1.50,0.00,500
2026-05-09 14:52:52,1,1,1,1311.8,0,17.8,401,1249,0,0.00,0.00,0,1,1.50,0.00,500
2026-05-09 14:52:52,1,1,1,1311.8,0,17.8,401,1249,0,0.00,0.00,0,1,1.50,0.00,500
2026-05-09 14:52:52,1,1,1,1313.4,0,17.9,403,1250,0,0.00,0.00,0,1,1.50,0.00,500
2026-05-09 14:52:52,1,1,1,1313.4,0,17.9,403,1250,0,0.00,0.00,0,1,1.50,0.00,500
2026-05-09 14:52:52,1,1,1,1314.9,0,17.9,405,1251,0,0.00,0.00,0,1,1.50,0.00,500
2026-05-09 14:52:52,1,1,1,1314.9,0,17.9,405,1251,0,0.00,0.00,0,1,1.50,0.00,500
2026-05-09 14:52:52,1,1,1,1315.2,0,18.0,406,1251,0,0.00,0.00,0,1,1.50,0.00,500
2026-05-09 14:52:52,1,1,1,1315.2,0,18.0,406,1251,0,0.00,0.00,0,0,0.00,0.00,0
2026-05-09 14:52:52,1,1,1,1314.6,0,18.2,410,1249,0,0.00,0.00,0,0,0.00,0.00,0
2026-05-09 14:52:52,1,1,1,1311.1,0,18.3,411,1245,0,0.00,0.00,0,0,0.00,0.00,0
2026-05-09 14:52:52,1,1,1,1311.1,0,18.3,411,1245,0,0.00,0.00,0,0,0.00,0.00,0
2026-05-09 14:52:52,1,1,1,1310.1,0,18.3,411,1244,0,0.00,0.00,0,0,0.00,0.00,0
2026-05-09 14:52:52,1,1,1,1310.1,0,18.3,411,1244,0,0.00,0.00,0,0,0.00,0.00,0
2026-05-09 14:52:52,1,1,1,1312.0,0,18.3,411,1246,0,0.00,0.00,0,0,0.00,0.00,0
2026-05-09 14:52:52,1,1,1,1312.0,0,18.3,411,1246,0,0.00,0.00,0,0,0.00,0.00,0
2026-05-09 14:52:52,1,1,1,1313.9,0,18.4,414,1247,0,0.00,0.00,0,0,0.00,0.00,0
2026-05-09 14:52:52,1,1,1,1316.5,0,18.6,419,1248,0,0.00,0.00,0,1,1.50,0.00,1097
2026-05-09 14:52:52,1,1,1,1316.5,0,18.6,419,1248,0,0.00,0.00,0,1,1.50,0.00,1097
2026-05-09 14:52:52,1,1,1,1318.1,0,19.0,430,1246,0,0.00,0.00,0,1,1.50,0.00,1764
2026-05-09 14:52:52,1,1,1,1318.1,0,19.0,430,1246,0,0.00,0.00,0,1,1.50,0.00,1764
2026-05-09 14:52:53,1,1,1,1319.9,0,19.5,441,1244,0,0.00,0.00,0,1,1.50,0.00,1764
2026-05-09 14:52:53,1,1,1,1319.9,0,19.5,441,1244,0,0.00,0.00,0,1,1.50,0.00,1764
2026-05-09 14:52:53,1,1,1,1321.9,0,19.9,450,1243,0,0.00,0.00,0,1,1.50,0.00,1764
2026-05-09 14:52:53,1,1,1,1321.9,0,19.9,450,1243,0,0.00,0.00,0,1,1.50,0.00,1764
2026-05-09 14:52:53,1,1,1,1324.7,0,20.2,458,1243,0,0.00,0.00,0,1,1.50,0.00,1764
2026-05-09 14:52:53,1,1,1,1328.4,0,20.5,466,1244,0,0.00,0.00,0,1,1.50,0.00,1764
2026-05-09 14:52:53,1,1,1,1328.4,0,20.5,466,1244,0,0.00,0.00,0,1,1.50,0.00,1764
2026-05-09 14:52:53,1,1,1,1330.3,0,20.9,474,1243,0,0.00,0.00,0,1,1.50,0.00,1764
2026-05-09 14:52:53,1,1,1,1330.3,0,20.9,474,1243,0,0.00,0.00,0,1,1.50,0.00,1764
2026-05-09 14:52:53,1,1,1,1331.3,0,21.5,487,1239,0,0.00,0.00,0,1,1.50,0.00,1764
2026-05-09 14:52:53,1,1,1,1331.3,0,21.5,487,1239,0,0.00,0.00,0,1,1.50,0.00,1764
2026-05-09 14:52:53,1,1,1,1331.8,0,21.9,496,1236,0,0.00,0.00,0,1,1.50,0.00,1764
2026-05-09 14:52:53,1,1,1,1333.9,0,21.7,494,1239,0,0.00,0.00,0,1,1.50,0.00,1764
2026-05-09 14:52:53,1,1,1,1333.9,0,21.7,494,1239,0,0.00,0.00,0,0,0.00,0.00,0
2026-05-09 14:52:53,1,1,1,1335.5,0,21.6,491,1242,0,0.00,0.00,0,1,1.50,0.00,1040
2026-05-09 14:52:53,1,1,1,1335.5,0,21.6,491,1242,0,0.00,0.00,0,1,1.50,0.00,1040
2026-05-09 14:52:53,1,1,1,1336.3,0,21.4,488,1244,0,0.00,0.00,0,1,1.50,0.00,712
2026-05-09 14:52:53,1,1,1,1336.3,0,21.4,488,1244,0,0.00,0.00,0,1,1.50,0.00,712
2026-05-09 14:52:53,1,1,1,1337.8,0,21.3,487,1246,0,0.00,0.00,0,1,1.50,0.00,712
2026-05-09 14:52:53,1,1,1,1337.8,0,21.3,487,1246,0,0.00,0.00,0,1,1.50,0.00,712
2026-05-09 14:52:54,1,1,1,1338.7,0,21.3,487,1247,0,0.00,0.00,0,1,1.50,0.00,712
2026-05-09 14:52:54,1,1,1,1339.3,0,21.3,486,1248,0,0.00,0.00,0,1,1.50,0.00,712
2026-05-09 14:52:54,1,1,1,1339.3,0,21.3,486,1248,0,0.00,0.00,0,1,1.50,0.00,712
2026-05-09 14:52:54,1,1,1,1340.2,0,21.3,486,1249,0,0.00,0.00,0,1,1.50,0.00,712
2026-05-09 14:52:54,1,1,1,1340.2,0,21.3,486,1249,0,0.00,0.00,0,1,1.50,0.00,712
2026-05-09 14:52:54,1,1,1,1341.7,0,21.2,485,1251,0,0.00,0.00,0,1,1.50,0.00,712
2026-05-09 14:52:54,1,1,1,1341.7,0,21.2,485,1251,0,0.00,0.00,0,1,1.50,0.00,712
2026-05-09 14:52:54,1,1,1,1342.3,0,21.1,484,1252,0,0.00,0.00,0,1,1.50,0.00,712
2026-05-09 14:52:54,1,1,1,1343.8,0,21.1,483,1254,0,0.00,0.00,0,1,1.50,0.00,712
2026-05-09 14:52:54,1,1,1,1343.8,0,21.1,483,1254,0,0.00,0.00,0,1,1.50,0.00,712
2026-05-09 14:52:54,1,1,1,1344.0,0,21.0,481,1255,0,0.00,0.00,0,1,1.50,0.00,712
2026-05-09 14:52:54,1,1,1,1344.0,0,21.0,481,1255,0,0.00,0.00,0,0,0.00,0.00,0
2026-05-09 14:52:54,1,1,1,1345.8,0,20.8,478,1258,0,0.00,0.00,0,0,0.00,0.00,0
2026-05-09 14:52:54,1,1,1,1345.8,0,20.8,478,1258,0,0.00,0.00,0,0,0.00,0.00,0
2026-05-09 14:52:54,1,1,1,1346.2,0,20.6,474,1260,0,0.00,0.00,0,0,0.00,0.00,0
2026-05-09 14:52:54,1,1,1,1346.2,0,20.6,474,1260,0,0.00,0.00,0,0,0.00,0.00,0
2026-05-09 14:52:54,1,1,1,1346.3,0,20.4,469,1262,0,0.00,0.00,0,0,0.00,0.00,0
2026-05-09 14:52:54,1,1,1,1347.8,0,20.2,465,1265,0,0.00,0.00,0,0,0.00,0.00,0
2026-05-09 14:52:54,1,1,1,1347.8,0,20.2,465,1265,0,0.00,0.00,0,0,0.00,0.00,0
2026-05-09 14:52:54,1,1,1,1348.6,0,20.0,462,1267,0,0.00,0.00,0,0,0.00,0.00,0
2026-05-09 14:52:55,1,1,1,1348.6,0,20.0,462,1267,0,0.00,0.00,0,0,0.00,0.00,0
2026-05-09 14:52:55,1,1,1,1349.2,0,20.0,461,1268,0,0.00,0.00,0,0,0.00,0.00,0
2026-05-09 14:52:55,1,1,1,1349.2,0,20.0,461,1268,0,0.00,0.00,0,0,0.00,0.00,0
2026-05-09 14:52:55,1,1,1,1348.9,0,19.9,460,1268,0,0.00,0.00,0,0,0.00,0.00,0
2026-05-09 14:52:55,1,1,1,1350.8,0,20.0,463,1269,0,0.00,0.00,0,0,0.00,0.00,0
2026-05-09 14:52:55,1,1,1,1350.8,0,20.0,463,1269,0,0.00,0.00,0,0,0.00,0.00,0
2026-05-09 14:52:55,1,1,1,1354.1,0,20.2,467,1271,0,0.00,0.00,0,0,0.00,0.00,0
2026-05-09 14:52:55,1,1,1,1354.1,0,20.2,467,1271,0,0.00,0.00,0,0,0.00,0.00,0
2026-05-09 14:52:55,1,1,1,1353.4,0,20.1,465,1271,0,0.00,0.00,0,0,0.00,0.00,0
2026-05-09 14:52:55,1,1,1,1353.4,0,20.1,465,1271,0,0.00,0.00,0,0,0.00,0.00,0
2026-05-09 14:52:55,1,1,1,1351.1,0,20.0,461,1270,0,0.00,0.00,0,0,0.00,0.00,0
2026-05-09 14:52:55,1,1,1,1351.1,0,20.0,461,1270,0,0.00,0.00,0,0,0.00,0.00,0
2026-05-09 14:52:55,1,1,1,1350.7,0,19.9,460,1270,0,0.00,0.00,0,0,0.00,0.00,0
2026-05-09 14:52:55,1,1,1,1351.2,0,20.1,464,1269,0,0.00,0.00,0,0,0.00,0.00,0
2026-05-09 14:52:55,1,1,1,1351.2,0,20.1,464,1269,0,0.00,0.00,0,0,0.00,0.00,0
2026-05-09 14:52:55,1,1,1,1351.0,0,20.3,469,1267,0,0.00,0.00,0,0,0.00,0.00,0
2026-05-09 14:52:55,1,1,1,1351.0,0,20.3,469,1267,0,0.00,0.00,0,1,1.51,0.00,1061
2026-05-09 14:52:55,1,1,1,1350.9,0,20.5,474,1265,0,0.00,0.00,0,1,1.51,0.00,1061
2026-05-09 14:52:55,1,1,1,1350.9,0,20.5,474,1265,0,0.00,0.00,0,1,1.51,0.00,1061
2026-05-09 14:52:55,1,1,1,1349.5,0,20.7,478,1262,0,0.00,0.00,0,1,1.51,0.00,1061
2026-05-09 14:52:56,1,1,1,1349.5,0,20.7,478,1262,0,0.00,0.00,0,1,1.51,0.00,1061
2026-05-09 14:52:56,1,1,1,1349.3,0,20.8,480,1261,0,0.00,0.00,0,1,1.51,0.00,1061
2026-05-09 14:52:56,1,1,1,1349.0,0,20.9,482,1260,0,0.00,0.00,0,1,1.51,0.00,1061
2026-05-09 14:52:56,1,1,1,1349.0,0,20.9,482,1260,0,0.00,0.00,0,1,1.51,0.00,1061
2026-05-09 14:52:56,1,1,1,1348.5,0,21.0,483,1259,0,0.00,0.00,0,1,1.51,0.00,1061
2026-05-09 14:52:56,1,1,1,1348.5,0,21.0,483,1259,0,0.00,0.00,0,1,1.51,0.00,1061
2026-05-09 14:52:56,1,1,1,1348.5,0,21.0,483,1259,0,0.00,0.00,0,1,1.51,0.00,1061
2026-05-09 14:52:56,1,1,1,1348.5,0,21.0,483,1259,0,0.00,0.00,0,1,1.51,0.00,1061
2026-05-09 14:52:56,1,1,1,1348.1,0,20.9,482,1259,0,0.00,0.00,0,1,1.51,0.00,1061
2026-05-09 14:52:56,1,1,1,1348.1,0,20.9,482,1259,0,0.00,0.00,0,1,1.51,0.00,1061
2026-05-09 14:52:56,1,1,1,1348.1,0,20.9,482,1259,0,0.00,0.00,0,1,1.51,0.00,1061
2026-05-09 14:52:56,1,1,1,1347.8,0,20.9,481,1259,0,0.00,0.00,0,0,0.00,0.00,0
2026-05-09 14:52:56,1,1,1,1347.8,0,20.9,481,1259,0,0.00,0.00,0,0,0.00,0.00,0
2026-05-09 14:52:56,1,1,1,1348.7,0,20.9,481,1260,0,0.00,0.00,0,0,0.00,0.00,0
2026-05-09 14:52:56,1,1,1,1348.7,0,20.9,481,1260,0,0.00,0.00,0,0,0.00,0.00,0
2026-05-09 14:52:56,1,1,1,1348.1,0,20.9,482,1259,0,0.00,0.00,0,0,0.00,0.00,0
2026-05-09 14:52:56,1,1,1,1348.1,0,20.9,482,1259,0,0.00,0.00,0,0,0.00,0.00,0
2026-05-09 14:52:56,1,1,1,1349.0,0,20.9,482,1260,0,0.00,0.00,0,0,0.00,0.00,0
2026-05-09 14:52:56,1,1,1,1349.0,0,20.9,482,1260,0,0.00,0.00,0,0,0.00,0.00,0
2026-05-09 14:52:56,1,1,1,1349.0,0,20.9,482,1260,0,0.00,0.00,0,0,0.00,0.00,0
2026-05-09 14:52:57,1,1,1,1349.0,0,20.9,482,1260,0,0.00,0.00,0,0,0.00,0.00,0
2026-05-09 14:52:57,1,1,1,1349.0,0,20.9,482,1260,0,0.00,0.00,0,0,0.00,0.00,0
2026-05-09 14:52:57,1,1,1,1349.0,0,20.9,482,1260,0,0.00,0.00,0,0,0.00,0.00,0
2026-05-09 14:52:57,1,1,1,1349.0,0,20.9,482,1260,0,0.00,0.00,0,0,0.00,0.00,0
2026-05-09 14:52:57,1,1,1,1349.0,0,20.9,482,1260,0,0.00,0.00,0,0,0.00,0.00,0
2026-05-09 14:52:57,1,1,1,1349.0,0,20.9,482,1260,0,0.00,0.00,0,0,0.00,0.00,0
2026-05-09 14:52:57,1,1,1,1349.0,0,20.9,482,1260,0,0.00,0.00,0,0,0.00,0.00,0
2026-05-09 14:52:57,1,1,1,1350.0,0,20.9,482,1261,0,0.00,0.00,0,0,0.00,0.00,0
2026-05-09 14:52:57,1,1,1,1350.0,0,20.9,482,1261,0,0.00,0.00,0,0,0.00,0.00,0
2026-05-09 14:52:57,1,1,1,1350.3,0,21.0,483,1261,0,0.00,0.00,0,0,0.00,0.00,0
2026-05-09 14:52:57,1,1,1,1350.3,0,21.0,483,1261,0,0.00,0.00,0,0,0.00,0.00,0
2026-05-09 14:52:57,1,1,1,1350.7,0,21.0,484,1261,0,0.00,0.00,0,0,0.00,0.00,0
2026-05-09 14:52:57,1,1,1,1350.7,0,21.0,484,1261,0,0.00,0.00,0,0,0.00,0.00,0
2026-05-09 14:52:57,1,1,1,1351.4,0,21.1,486,1261,0,0.00,0.00,0,0,0.00,0.00,0
2026-05-09 14:52:57,1,1,1,1353.1,0,21.1,488,1262,0,0.00,0.00,0,0,0.00,0.00,0
2026-05-09 14:52:57,1,1,1,1353.1,0,21.1,488,1262,0,0.00,0.00,0,0,0.00,0.00,0
2026-05-09 14:52:57,1,1,1,1354.0,0,21.1,488,1263,0,0.00,0.00,0,0,0.00,0.00,0
2026-05-09 14:52:57,1,1,1,1354.0,0,21.1,488,1263,0,0.00,0.00,0,0,0.00,0.00,0
2026-05-09 14:52:57,1,1,1,1355.1,0,21.2,491,1263,0,0.00,0.00,0,0,0.00,0.00,0
2026-05-09 14:52:57,1,1,1,1355.1,0,21.2,491,1263,0,0.00,0.00,0,0,0.00,0.00,0
2026-05-09 14:52:58,1,1,1,1355.2,0,21.4,494,1262,0,0.00,0.00,0,0,0.00,0.00,0
2026-05-09 14:52:58,1,1,1,1355.6,0,21.4,495,1262,0,0.00,0.00,0,0,0.00,0.00,0
2026-05-09 14:52:58,1,1,1,1355.6,0,21.4,495,1262,0,0.00,0.00,0,0,0.00,0.00,0
2026-05-09 14:52:58,1,1,1,1355.6,0,21.4,495,1262,0,0.00,0.00,0,0,0.00,0.00,0
2026-05-09 14:52:58,1,1,1,1355.6,0,21.4,495,1262,0,0.00,0.00,0,0,0.00,0.00,0
2026-05-09 14:52:58,1,1,1,1355.6,0,21.4,495,1262,0,0.00,0.00,0,0,0.00,0.00,0
2026-05-09 14:52:58,1,1,1,1355.6,0,21.4,495,1262,0,0.00,0.00,0,0,0.00,0.00,0
2026-05-09 14:52:58,1,1,1,1355.6,0,21.4,495,1262,0,0.00,0.00,0,0,0.00,0.00,0
2026-05-09 14:52:58,1,1,1,1355.6,0,21.4,495,1262,0,0.00,0.00,0,0,0.00,0.00,0
2026-05-09 14:52:58,1,1,1,1353.8,0,21.2,490,1262,0,0.00,0.00,0,0,0.00,0.00,0
2026-05-09 14:52:58,1,1,1,1355.1,0,21.0,486,1265,0,0.00,0.00,0,0,0.00,0.00,0
2026-05-09 14:52:58,1,1,1,1355.1,0,21.0,486,1265,0,0.00,0.00,0,0,0.00,0.00,0
2026-05-09 14:52:58,1,1,1,1353.7,0,20.9,482,1265,0,0.00,0.00,0,0,0.00,0.00,0
2026-05-09 14:52:58,1,1,1,1353.7,0,20.9,482,1265,0,0.00,0.00,0,0,0.00,0.00,0
2026-05-09 14:52:58,1,1,1,1351.8,0,20.9,482,1263,0,0.00,0.00,0,0,0.00,0.00,0
2026-05-09 14:52:58,1,1,1,1351.8,0,20.9,482,1263,0,0.00,0.00,0,0,0.00,0.00,0
2026-05-09 14:52:58,1,1,1,1351.1,0,21.0,485,1261,0,0.00,0.00,0,1,1.50,0.00,500
2026-05-09 14:52:58,1,1,1,1350.6,0,21.2,489,1259,0,0.00,0.00,0,1,1.50,0.00,500
2026-05-09 14:52:58,1,1,1,1350.6,0,21.2,489,1259,0,0.00,0.00,0,1,1.50,0.00,500
2026-05-09 14:52:58,1,1,1,1351.2,0,21.4,493,1258,0,0.00,0.00,0,1,1.50,0.00,500
2026-05-09 14:52:59,1,1,1,1351.2,0,21.4,493,1258,0,0.00,0.00,0,1,1.50,0.00,500
2026-05-09 14:52:59,1,1,1,1351.5,0,21.7,499,1256,0,0.00,0.00,0,1,1.50,0.00,500
2026-05-09 14:52:59,1,1,1,1351.5,0,21.7,499,1256,0,0.00,0.00,0,1,1.50,0.00,500
2026-05-09 14:52:59,1,1,1,1352.8,0,22.1,510,1253,0,0.00,0.00,0,1,1.50,0.00,500
2026-05-09 14:52:59,1,1,1,1352.8,0,22.1,510,1253,0,0.00,0.00,0,1,1.50,0.01,1037
2026-05-09 14:52:59,1,1,1,1352.5,0,22.6,519,1249,0,0.00,0.00,0,1,1.50,0.01,1037
2026-05-09 14:52:59,1,1,1,1353.0,0,22.8,525,1247,0,0.00,0.00,0,1,1.50,0.00,2025
2026-05-09 14:52:59,1,1,1,1353.0,0,22.8,525,1247,0,0.00,0.00,0,1,1.50,0.00,2025
2026-05-09 14:52:59,1,1,1,1352.7,0,23.0,529,1245,0,0.00,0.00,0,1,1.50,0.00,2417
2026-05-09 14:52:59,1,1,1,1352.7,0,23.0,529,1245,0,0.00,0.00,0,1,1.50,0.00,2417
2026-05-09 14:52:59,1,1,1,1351.7,0,23.1,531,1243,0,0.00,0.00,0,1,1.50,0.00,2417
2026-05-09 14:52:59,1,1,1,1351.7,0,23.1,531,1243,0,0.00,0.00,0,1,1.50,0.00,2417
2026-05-09 14:52:59,1,1,1,1350.4,0,23.1,530,1242,0,0.00,0.00,0,1,1.50,0.00,2417
2026-05-09 14:52:59,1,1,1,1348.7,0,23.0,528,1241,0,0.00,0.00,0,1,1.50,0.00,2417
2026-05-09 14:52:59,1,1,1,1348.7,0,23.0,528,1241,0,0.00,0.00,0,1,1.50,0.00,2417
2026-05-09 14:52:59,1,1,1,1345.1,0,23.0,526,1238,0,0.00,0.00,0,1,1.50,0.00,2417
2026-05-09 14:52:59,1,1,1,1345.1,0,23.0,526,1238,0,0.00,0.00,0,1,1.50,0.00,2417
2026-05-09 14:52:59,1,1,1,1342.7,0,23.1,527,1235,0,0.00,0.00,0,1,1.50,0.00,2417
2026-05-09 14:52:59,1,1,1,1342.7,0,23.1,527,1235,0,0.00,0.00,0,1,1.50,0.00,2417
2026-05-09 14:52:59,1,1,1,1343.0,0,23.2,530,1234,0,0.00,0.00,0,1,1.50,0.00,2417
2026-05-09 14:53:00,1,1,1,1343.0,0,23.2,530,1234,0,0.00,0.00,0,1,1.50,0.00,2417
2026-05-09 14:53:00,1,1,1,1342.0,0,23.4,532,1232,0,0.00,0.00,0,1,1.50,0.00,2417
2026-05-09 14:53:00,1,1,1,1342.2,0,23.5,535,1231,0,0.00,0.00,0,1,1.50,0.00,2417
2026-05-09 14:53:00,1,1,1,1342.2,0,23.5,535,1231,0,0.00,0.00,0,0,0.00,0.00,0
2026-05-09 14:53:00,1,1,1,1342.8,0,23.8,541,1229,0,0.00,0.00,0,0,0.00,0.00,0
2026-05-09 14:53:00,1,1,1,1342.8,0,23.8,541,1229,0,0.00,0.00,0,0,0.00,0.00,0
2026-05-09 14:53:00,1,1,1,1343.9,0,24.0,546,1228,0,0.00,0.00,0,0,0.00,0.00,0
2026-05-09 14:53:00,1,1,1,1343.9,0,24.0,546,1228,0,0.00,0.00,0,0,0.00,0.00,0
2026-05-09 14:53:00,1,1,1,1346.0,0,24.2,551,1228,0,0.00,0.00,0,0,0.00,0.00,0
2026-05-09 14:53:00,1,1,1,1346.0,0,24.2,551,1228,0,0.00,0.00,0,0,0.00,0.00,0
2026-05-09 14:53:00,1,1,1,1347.9,0,24.5,558,1227,0,0.00,0.00,0,1,1.50,0.00,900
2026-05-09 14:53:00,1,1,1,1350.8,0,24.8,567,1226,0,0.00,0.00,0,1,1.50,0.00,900
2026-05-09 14:53:00,1,1,1,1350.8,0,24.8,567,1226,0,0.00,0.00,0,1,1.50,0.00,370
2026-05-09 14:53:00,1,1,1,1352.3,0,25.2,575,1224,0,0.00,0.00,0,1,1.50,0.00,370
2026-05-09 14:53:00,1,1,1,1352.3,0,25.2,575,1224,0,0.00,0.00,0,1,1.50,0.00,370
2026-05-09 14:53:00,1,1,1,1352.7,0,25.3,578,1223,0,0.00,0.00,0,1,1.50,0.00,370
2026-05-09 14:53:00,1,1,1,1352.7,0,25.3,578,1223,0,0.00,0.00,0,1,1.50,0.00,370
2026-05-09 14:53:00,1,1,1,1355.8,0,25.5,583,1224,0,0.00,0.00,0,1,1.50,0.00,370
2026-05-09 14:53:00,1,1,1,1357.0,0,25.7,588,1223,0,0.00,0.00,0,1,1.50,0.00,370
2026-05-09 14:53:00,1,1,1,1357.0,0,25.7,588,1223,0,0.00,0.00,0,1,1.50,0.00,370
2026-05-09 14:53:01,1,1,1,1359.6,0,25.9,594,1223,0,0.00,0.00,0,1,1.50,0.00,370
2026-05-09 14:53:01,1,1,1,1359.6,0,25.9,594,1223,0,0.00,0.00,0,1,1.50,0.00,370
2026-05-09 14:53:01,1,1,1,1360.9,0,26.2,601,1221,0,0.00,0.00,0,1,1.50,0.00,2626
2026-05-09 14:53:01,1,1,1,1360.9,0,26.2,601,1221,0,0.00,0.00,0,1,1.50,0.00,2626
2026-05-09 14:53:01,1,1,1,1362.7,0,26.7,613,1217,0,0.00,0.00,0,1,1.50,0.00,2626
2026-05-09 14:53:01,1,1,1,1362.7,0,26.7,613,1217,0,0.00,0.00,0,1,1.50,0.00,2626
2026-05-09 14:53:01,1,1,1,1364.5,0,27.2,623,1214,0,0.00,0.00,0,1,1.50,0.00,1637
2026-05-09 14:53:01,1,1,1,1366.4,0,27.5,631,1212,0,0.00,0.00,0,1,1.50,0.00,1637
2026-05-09 14:53:01,1,1,1,1366.4,0,27.5,631,1212,0,0.00,0.00,0,1,1.50,0.00,1913
2026-05-09 14:53:01,1,1,1,1367.9,0,27.7,636,1211,0,0.00,0.00,0,1,1.50,0.00,1913
2026-05-09 14:53:01,1,1,1,1367.9,0,27.7,636,1211,0,0.00,0.00,0,1,1.50,0.00,2330
2026-05-09 14:53:01,1,1,1,1367.0,0,27.8,638,1209,0,0.00,0.00,0,1,1.50,0.00,2330
2026-05-09 14:53:01,1,1,1,1367.0,0,27.8,638,1209,0,0.00,0.00,0,1,1.50,0.00,2056
2026-05-09 14:53:01,1,1,1,1366.1,0,27.8,638,1208,0,0.00,0.00,0,1,1.50,0.00,2056
2026-05-09 14:53:01,1,1,1,1364.4,0,27.9,638,1206,0,0.00,0.00,0,1,1.50,0.00,1570
2026-05-09 14:53:01,1,1,1,1364.4,0,27.9,638,1206,0,0.00,0.00,0,1,1.50,0.00,1570
2026-05-09 14:53:01,1,1,1,1363.0,0,27.9,637,1205,0,0.00,0.00,0,1,1.50,0.00,1465
2026-05-09 14:53:01,1,1,1,1363.0,0,27.9,637,1205,0,0.00,0.00,0,1,1.50,0.00,1465
2026-05-09 14:53:01,1,1,1,1362.0,0,27.7,633,1206,0,0.00,0.00,0,1,1.50,0.00,1465
2026-05-09 14:53:01,1,1,1,1362.0,0,27.7,633,1206,0,0.00,0.00,0,1,1.50,0.00,1465
2026-05-09 14:53:02,1,1,1,1360.6,0,27.5,628,1207,0,0.00,0.00,0,1,1.50,0.00,1465
2026-05-09 14:53:02,1,1,1,1360.6,0,27.5,628,1207,0,0.00,0.00,0,1,1.50,0.00,1465
2026-05-09 14:53:02,1,1,1,1357.8,0,27.3,622,1207,0,0.00,0.00,0,1,1.50,0.00,1465
2026-05-09 14:53:02,1,1,1,1355.6,0,27.1,617,1207,0,0.00,0.00,0,1,1.50,0.00,1465
2026-05-09 14:53:02,1,1,1,1355.6,0,27.1,617,1207,0,0.00,0.00,0,1,1.50,0.00,272
2026-05-09 14:53:02,1,1,1,1355.1,0,26.9,614,1208,0,0.00,0.00,0,1,1.50,0.00,272
2026-05-09 14:53:02,1,1,1,1355.1,0,26.9,614,1208,0,0.00,0.00,0,1,1.50,0.00,272
2026-05-09 14:53:02,1,1,1,1355.5,0,26.8,611,1210,0,0.00,0.00,0,1,1.50,0.00,272
2026-05-09 14:53:02,1,1,1,1355.5,0,26.8,611,1210,0,0.00,0.00,0,1,1.50,0.00,272
2026-05-09 14:53:02,1,1,1,1358.2,0,26.5,607,1215,0,0.00,0.00,0,1,1.50,0.00,272
2026-05-09 14:53:02,1,1,1,1361.8,0,26.5,607,1219,0,0.00,0.00,0,1,1.50,0.00,272
2026-05-09 14:53:02,1,1,1,1361.8,0,26.5,607,1219,0,0.00,0.00,0,1,1.50,0.00,272
2026-05-09 14:53:02,1,1,1,1363.6,0,26.6,611,1219,0,0.00,0.00,0,1,1.50,0.00,272
2026-05-09 14:53:02,1,1,1,1363.6,0,26.6,611,1219,0,0.00,0.00,0,1,1.50,0.00,272
2026-05-09 14:53:02,1,1,1,1364.5,0,26.7,613,1219,0,0.00,0.00,0,1,1.50,0.00,272
2026-05-09 14:53:02,1,1,1,1364.5,0,26.7,613,1219,0,0.00,0.00,0,1,1.50,0.00,272
2026-05-09 14:53:02,1,1,1,1364.5,0,26.8,615,1218,0,0.00,0.00,0,1,1.50,0.00,272
2026-05-09 14:53:02,1,1,1,1364.5,0,26.8,615,1218,0,0.00,0.00,0,1,1.50,0.00,272
2026-05-09 14:53:02,1,1,1,1361.8,0,26.8,615,1215,0,0.00,0.00,0,1,1.50,0.00,272
2026-05-09 14:53:02,1,1,1,1359.1,0,26.8,613,1213,0,0.00,0.00,0,0,0.00,0.00,0
2026-05-09 14:53:03,1,1,1,1359.1,0,26.8,613,1213,0,0.00,0.00,0,0,0.00,0.00,0
2026-05-09 14:53:03,1,1,1,1354.6,0,26.7,609,1210,0,0.00,0.00,0,0,0.00,0.00,0
2026-05-09 14:53:03,1,1,1,1354.6,0,26.7,609,1210,0,0.00,0.00,0,0,0.00,0.00,0
2026-05-09 14:53:03,1,1,1,1350.6,0,26.5,602,1209,0,0.00,0.00,0,0,0.00,0.00,0
2026-05-09 14:53:03,1,1,1,1350.6,0,26.5,602,1209,0,0.00,0.00,0,0,0.00,0.00,0
2026-05-09 14:53:03,1,1,1,1347.9,0,26.2,596,1209,0,0.00,0.00,0,0,0.00,0.00,0
2026-05-09 14:53:03,1,1,1,1346.2,0,26.1,592,1209,0,0.00,0.00,0,0,0.00,0.00,0
2026-05-09 14:53:03,1,1,1,1346.2,0,26.1,592,1209,0,0.00,0.00,0,0,0.00,0.00,0
2026-05-09 14:53:03,1,1,1,1344.8,0,26.0,589,1209,0,0.00,0.00,0,0,0.00,0.00,0
2026-05-09 14:53:03,1,1,1,1344.8,0,26.0,589,1209,0,0.00,0.00,0,0,0.00,0.00,0
2026-05-09 14:53:03,1,1,1,1343.1,0,25.9,587,1208,0,0.00,0.00,0,0,0.00,0.00,0
2026-05-09 14:53:03,1,1,1,1343.1,0,25.9,587,1208,0,0.00,0.00,0,0,0.00,0.00,0
2026-05-09 14:53:03,1,1,1,1341.3,0,25.9,585,1207,0,0.00,0.00,0,0,0.00,0.00,0
2026-05-09 14:53:03,1,1,1,1341.3,0,25.9,585,1207,0,0.00,0.00,0,0,0.00,0.00,0
2026-05-09 14:53:03,1,1,1,1340.5,0,25.7,581,1208,0,0.00,0.00,0,0,0.00,0.00,0
2026-05-09 14:53:03,1,1,1,1339.6,0,25.5,577,1209,0,0.00,0.00,0,0,0.00,0.00,0
2026-05-09 14:53:03,1,1,1,1339.6,0,25.5,577,1209,0,0.00,0.00,0,0,0.00,0.00,0
2026-05-09 14:53:03,1,1,1,1336.1,0,25.4,573,1207,0,0.00,0.00,0,0,0.00,0.00,0
2026-05-09 14:53:03,1,1,1,1336.1,0,25.4,573,1207,0,0.00,0.00,0,0,0.00,0.00,0
2026-05-09 14:53:03,1,1,1,1334.8,0,25.3,570,1207,0,0.00,0.00,0,0,0.00,0.00,0
2026-05-09 14:53:04,1,1,1,1334.8,0,25.3,570,1207,0,0.00,0.00,0,0,0.00,0.00,0
2026-05-09 14:53:04,1,1,1,1335.4,0,25.1,567,1209,0,0.00,0.00,0,0,0.00,0.00,0
2026-05-09 14:53:04,1,1,1,1339.8,0,25.1,569,1213,0,0.00,0.00,0,0,0.00,0.00,0
2026-05-09 14:53:04,1,1,1,1339.8,0,25.1,569,1213,0,0.00,0.00,0,0,0.00,0.00,0
2026-05-09 14:53:04,1,1,1,1345.6,0,25.3,574,1217,0,0.00,0.00,0,0,0.00,0.00,0
2026-05-09 14:53:04,1,1,1,1345.6,0,25.3,574,1217,0,0.00,0.00,0,0,0.00,0.00,0
2026-05-09 14:53:04,1,1,1,1352.3,0,25.3,577,1223,0,0.00,0.00,0,0,0.00,0.00,0
2026-05-09 14:53:04,1,1,1,1352.3,0,25.3,577,1223,0,0.00,0.00,0,0,0.00,0.00,0
2026-05-09 14:53:04,1,1,1,1357.3,0,25.0,574,1230,0,0.00,0.00,0,0,0.00,0.00,0
2026-05-09 14:53:04,1,1,1,1357.3,0,25.0,574,1230,0,0.00,0.00,0,0,0.00,0.00,0
2026-05-09 14:53:14,1,1,1,1729.1,0,13.0,388,1685,0,0.00,0.00,0,0,0.00,0.00,0
2026-05-09 14:53:14,1,1,1,1731.9,0,13.1,392,1687,0,0.00,0.00,0,0,0.00,0.00,0
2026-05-09 14:53:14,1,1,1,1731.9,0,13.1,392,1687,0,0.00,0.00,0,1,1.75,0.00,500
2026-05-09 14:53:14,1,1,1,1734.3,0,13.3,398,1688,0,0.00,0.00,0,1,1.75,0.00,500
2026-05-09 14:53:14,1,1,1,1735.0,0,13.2,397,1689,0,0.00,0.00,0,1,1.75,0.00,1385
2026-05-09 14:53:14,1,1,1,1735.0,0,13.2,397,1689,0,0.00,0.00,0,1,1.75,0.00,1385
2026-05-09 14:53:14,1,1,1,1737.0,0,13.1,393,1692,0,0.00,0.00,0,1,1.76,0.00,2025
2026-05-09 14:53:14,1,1,1,1737.0,0,13.1,393,1692,0,0.00,0.00,0,1,1.76,0.00,2025
2026-05-09 14:53:14,1,1,1,1739.1,0,12.9,389,1695,0,0.00,0.00,0,1,1.76,0.00,2025
2026-05-09 14:53:14,1,1,1,1739.1,0,12.9,389,1695,0,0.00,0.00,0,1,1.76,0.00,2025
2026-05-09 14:53:15,1,1,1,1739.4,0,12.8,386,1696,0,0.00,0.00,0,1,1.76,0.00,2025
2026-05-09 14:53:15,1,1,1,1738.7,0,12.7,383,1696,0,0.00,0.00,0,1,1.76,0.00,2025
2026-05-09 14:53:15,1,1,1,1738.7,0,12.7,383,1696,0,0.00,0.00,0,1,1.76,0.00,2025
2026-05-09 14:53:15,1,1,1,1737.5,0,12.7,382,1695,0,0.00,0.00,0,1,1.76,0.00,2025
2026-05-09 14:53:15,1,1,1,1737.5,0,12.7,382,1695,0,0.00,0.00,0,1,1.76,0.00,2025
2026-05-09 14:53:15,1,1,1,1737.1,0,12.6,380,1695,0,0.00,0.00,0,1,1.76,0.00,2025
2026-05-09 14:53:15,1,1,1,1737.1,0,12.6,380,1695,0,0.00,0.00,0,1,1.76,0.00,2025
2026-05-09 14:53:15,1,1,1,1737.8,0,12.6,379,1696,0,0.00,0.00,0,1,1.76,0.00,2025
2026-05-09 14:53:15,1,1,1,1737.8,0,12.6,379,1696,0,0.00,0.00,0,1,1.76,0.00,2025
2026-05-09 14:53:15,1,1,1,1737.6,0,12.6,378,1696,0,0.00,0.00,0,1,1.76,0.00,2025
2026-05-09 14:53:15,1,1,1,1737.6,0,12.6,378,1696,0,0.00,0.00,0,1,1.76,0.00,2025
2026-05-09 14:53:15,1,1,1,1737.6,0,12.6,378,1696,0,0.00,0.00,0,0,0.00,0.00,0
2026-05-09 14:53:15,1,1,1,1740.1,0,12.5,376,1699,0,0.00,0.00,0,0,0.00,0.00,0
2026-05-09 14:53:15,1,1,1,1740.1,0,12.5,376,1699,0,0.00,0.00,0,0,0.00,0.00,0
2026-05-09 14:53:15,1,1,1,1743.4,0,12.4,373,1703,0,0.00,0.00,0,0,0.00,0.00,0
2026-05-09 14:53:15,1,1,1,1743.4,0,12.4,373,1703,0,0.00,0.00,0,0,0.00,0.00,0
2026-05-09 14:53:15,1,1,1,1745.9,0,12.3,371,1706,0,0.00,0.00,0,0,0.00,0.00,0
2026-05-09 14:53:15,1,1,1,1747.2,0,12.2,368,1708,0,0.00,0.00,0,0,0.00,0.00,0
2026-05-09 14:53:15,1,1,1,1747.2,0,12.2,368,1708,0,0.00,0.00,0,0,0.00,0.00,0
2026-05-09 14:53:15,1,1,1,1747.8,0,12.1,366,1709,0,0.00,0.00,0,0,0.00,0.00,0
2026-05-09 14:53:16,1,1,1,1747.8,0,12.1,366,1709,0,0.00,0.00,0,0,0.00,0.00,0
2026-05-09 14:53:16,1,1,1,1746.6,0,12.1,365,1708,0,0.00,0.00,0,0,0.00,0.00,0
2026-05-09 14:53:16,1,1,1,1746.6,0,12.1,365,1708,0,0.00,0.00,0,0,0.00,0.00,0
2026-05-09 14:53:16,1,1,1,1745.6,0,12.1,365,1707,0,0.00,0.00,0,0,0.00,0.00,0
2026-05-09 14:53:16,1,1,1,1745.6,0,12.1,365,1707,0,0.00,0.00,0,1,1.75,0.01,265
2026-05-09 14:53:16,1,1,1,1743.8,0,12.1,366,1705,0,0.00,0.00,0,1,1.75,0.01,265
2026-05-09 14:53:16,1,1,1,1744.3,0,12.2,368,1705,0,0.00,0.00,0,1,1.75,0.01,265
2026-05-09 14:53:16,1,1,1,1744.3,0,12.2,368,1705,0,0.00,0.00,0,1,1.75,0.01,265
2026-05-09 14:53:16,1,1,1,1744.7,0,12.2,370,1705,0,0.00,0.00,0,1,1.75,0.01,265
2026-05-09 14:53:16,1,1,1,1744.7,0,12.2,370,1705,0,0.00,0.00,0,1,1.75,0.01,265
2026-05-09 14:53:16,1,1,1,1749.6,0,12.2,370,1710,0,0.00,0.00,0,1,1.75,0.01,265
2026-05-09 14:53:16,1,1,1,1749.6,0,12.2,370,1710,0,0.00,0.00,0,1,1.75,0.01,265
2026-05-09 14:53:16,1,1,1,1753.5,0,12.2,370,1714,0,0.00,0.00,0,1,1.75,0.01,265
2026-05-09 14:53:16,1,1,1,1753.9,0,12.2,372,1714,0,0.00,0.00,0,1,1.75,0.01,265
2026-05-09 14:53:16,1,1,1,1753.9,0,12.2,372,1714,0,0.00,0.00,0,1,1.75,0.01,265
2026-05-09 14:53:16,1,1,1,1755.9,0,12.2,372,1716,0,0.00,0.00,0,1,1.75,0.01,265
2026-05-09 14:53:16,1,1,1,1755.9,0,12.2,372,1716,0,0.00,0.00,0,1,1.99,0.00,4100
2026-05-09 14:53:16,1,1,1,1758.4,0,12.1,370,1719,0,0.00,0.00,0,1,1.99,0.00,4100
2026-05-09 14:53:16,1,1,1,1758.4,0,12.1,370,1719,1,1.99,0.00,3554,1,1.99,0.00,3554
2026-05-09 14:53:16,1,1,1,1762.8,0,12.0,368,1724,1,1.99,0.00,3554,1,1.99,0.00,3554
2026-05-09 14:53:17,1,1,1,1762.8,0,12.0,368,1724,1,1.99,0.00,2218,1,1.99,0.00,2218
2026-05-09 14:53:17,1,1,1,1765.4,0,12.0,366,1727,1,1.99,0.00,2218,1,1.99,0.00,2218
2026-05-09 14:53:17,1,1,1,1766.9,0,11.9,364,1729,1,1.94,0.00,1620,1,1.94,0.00,1620
2026-05-09 14:53:17,1,1,1,1766.9,0,11.9,364,1729,1,1.94,0.00,1620,1,1.94,0.00,1620
2026-05-09 14:53:17,1,1,1,1767.9,0,11.9,364,1730,1,1.94,0.00,1620,1,1.94,0.00,1620
2026-05-09 14:53:17,1,1,1,1767.9,0,11.9,364,1730,0,0.00,0.00,0,1,1.94,0.00,1620
2026-05-09 14:53:17,1,1,1,1766.7,0,11.9,363,1729,0,0.00,0.00,0,1,2.00,0.01,1129
2026-05-09 14:53:17,1,1,1,1766.7,0,11.9,363,1729,0,0.00,0.00,0,1,2.00,0.01,1129
2026-05-09 14:53:17,1,1,1,1766.5,0,11.8,362,1729,0,0.00,0.00,0,1,2.05,0.02,850
2026-05-09 14:53:17,1,1,1,1766.5,0,11.8,362,1729,0,0.00,0.00,0,1,2.05,0.02,850
2026-05-09 14:53:17,1,1,1,1766.5,0,11.8,362,1729,0,0.00,0.00,0,1,2.05,0.02,850
2026-05-09 14:53:17,1,1,1,1765.5,0,11.8,362,1728,0,0.00,0.00,0,1,2.05,0.02,850
2026-05-09 14:53:17,1,1,1,1765.5,0,11.8,362,1728,0,0.00,0.00,0,1,2.05,0.02,676
2026-05-09 14:53:17,1,1,1,1763.6,0,11.8,362,1726,0,0.00,0.00,0,1,2.05,0.02,676
2026-05-09 14:53:17,1,1,1,1763.6,0,11.8,362,1726,0,0.00,0.00,0,1,2.04,0.01,1490
2026-05-09 14:53:17,1,1,1,1761.8,0,11.9,363,1724,0,0.00,0.00,0,1,2.04,0.01,1490
2026-05-09 14:53:17,1,1,1,1761.8,0,11.9,363,1724,0,0.00,0.00,0,1,2.04,0.01,1490
2026-05-09 14:53:17,1,1,1,1758.9,0,11.9,363,1721,0,0.00,0.00,0,1,2.04,0.01,1490
2026-05-09 14:53:17,1,1,1,1755.9,0,11.9,363,1718,0,0.00,0.00,0,1,2.04,0.01,2050
2026-05-09 14:53:17,1,1,1,1755.9,0,11.9,363,1718,0,0.00,0.00,0,1,2.04,0.01,2050
2026-05-09 14:53:18,1,1,1,1754.0,0,11.9,363,1716,0,0.00,0.00,0,1,2.04,0.01,2050
2026-05-09 14:53:18,1,1,1,1754.0,0,11.9,363,1716,0,0.00,0.00,0,1,2.04,0.01,2050
2026-05-09 14:53:18,1,1,1,1752.2,0,12.0,364,1714,0,0.00,0.00,0,1,2.03,0.00,1885
2026-05-09 14:53:18,1,1,1,1752.2,0,12.0,364,1714,0,0.00,0.00,0,1,2.03,0.00,1885
2026-05-09 14:53:18,1,1,1,1750.3,0,12.0,364,1712,0,0.00,0.00,0,1,2.03,0.00,2468
2026-05-09 14:53:18,1,1,1,1750.3,0,12.0,364,1712,0,0.00,0.00,0,1,2.03,0.00,2468
2026-05-09 14:53:18,1,1,1,1751.5,0,12.0,365,1713,0,0.00,0.00,0,1,2.03,0.00,2029
2026-05-09 14:53:18,1,1,1,1752.4,0,12.0,365,1714,0,0.00,0.00,0,1,2.03,0.00,2029
2026-05-09 14:53:18,1,1,1,1752.4,0,12.0,365,1714,0,0.00,0.00,0,1,2.02,0.00,2468
2026-05-09 14:53:18,1,1,1,1754.2,0,12.0,364,1716,0,0.00,0.00,0,1,2.02,0.00,2468
2026-05-09 14:53:18,1,1,1,1754.2,0,12.0,364,1716,0,0.00,0.00,0,1,2.02,0.00,2602
2026-05-09 14:53:18,1,1,1,1755.2,0,12.0,364,1717,0,0.00,0.00,0,1,2.02,0.00,2602
2026-05-09 14:53:18,1,1,1,1755.2,0,12.0,364,1717,0,0.00,0.00,0,1,2.02,0.00,2098
2026-05-09 14:53:18,1,1,1,1755.9,0,11.9,363,1718,0,0.00,0.00,0,1,2.02,0.00,2098
2026-05-09 14:53:18,1,1,1,1758.2,0,11.8,360,1721,0,0.00,0.00,0,1,2.02,0.00,2098
2026-05-09 14:53:18,1,1,1,1758.2,0,11.8,360,1721,0,0.00,0.00,0,1,2.02,0.00,2098
2026-05-09 14:53:18,1,1,1,1761.2,0,11.8,360,1724,0,0.00,0.00,0,1,2.02,0.00,2098
2026-05-09 14:53:18,1,1,1,1761.2,0,11.8,360,1724,0,0.00,0.00,0,1,2.02,0.00,2098
2026-05-09 14:53:18,1,1,1,1760.6,0,11.9,362,1723,0,0.00,0.00,0,1,2.02,0.00,2098
2026-05-09 14:53:18,1,1,1,1760.6,0,11.9,362,1723,0,0.00,0.00,0,1,2.02,0.00,2098
2026-05-09 14:53:19,1,1,1,1753.1,0,12.1,368,1714,0,0.00,0.00,0,1,2.02,0.00,2098
2026-05-09 14:53:19,1,1,1,1753.1,0,12.1,368,1714,0,0.00,0.00,0,1,2.02,0.00,2098
2026-05-09 14:53:19,1,1,1,1744.6,0,12.4,374,1704,0,0.00,0.00,0,1,2.02,0.00,2098
2026-05-09 14:53:19,1,1,1,1732.2,0,12.7,380,1690,0,0.00,0.00,0,1,2.02,0.00,2098
2026-05-09 14:53:19,1,1,1,1732.2,0,12.7,380,1690,0,0.00,0.00,0,1,1.76,0.00,488
2026-05-09 14:53:19,1,1,1,1721.3,0,13.0,388,1677,0,0.00,0.00,0,1,1.76,0.00,488
2026-05-09 14:53:19,1,1,1,1721.3,0,13.0,388,1677,0,0.00,0.00,0,1,1.75,0.00,392
2026-05-09 14:53:19,1,1,1,1721.4,0,13.5,401,1674,0,0.00,0.00,0,1,1.75,0.00,392
2026-05-09 14:53:19,1,1,1,1721.4,0,13.5,401,1674,0,0.00,0.00,0,1,1.75,0.00,640
2026-05-09 14:53:19,1,1,1,1724.0,0,13.6,404,1676,0,0.00,0.00,0,1,1.75,0.00,640
2026-05-09 14:53:19,1,1,1,1729.8,0,13.6,408,1681,0,0.00,0.00,0,1,1.75,0.00,640
2026-05-09 14:53:19,1,1,1,1729.8,0,13.6,408,1681,0,0.00,0.00,0,1,1.75,0.00,640
2026-05-09 14:53:19,1,1,1,1735.9,0,13.6,409,1687,0,0.00,0.00,0,1,1.75,0.00,640
2026-05-09 14:53:19,1,1,1,1735.9,0,13.6,409,1687,0,0.00,0.00,0,1,1.75,0.00,640
2026-05-09 14:53:19,1,1,1,1741.5,0,13.5,408,1693,0,0.00,0.00,0,1,1.75,0.00,640
2026-05-09 14:53:19,1,1,1,1741.5,0,13.5,408,1693,0,0.00,0.00,0,1,1.75,0.00,640
2026-05-09 14:53:19,1,1,1,1747.1,0,13.5,407,1699,0,0.00,0.00,0,1,1.75,0.00,640
2026-05-09 14:53:19,1,1,1,1747.1,0,13.5,407,1699,0,0.00,0.00,0,1,1.75,0.00,640
2026-05-09 14:53:19,1,1,1,1752.4,0,13.4,405,1705,0,0.00,0.00,0,1,1.75,0.00,640
2026-05-09 14:53:19,1,1,1,1756.2,0,13.2,400,1710,0,0.00,0.00,0,1,1.75,0.00,640
2026-05-09 14:53:20,1,1,1,1756.2,0,13.2,400,1710,0,0.00,0.00,0,1,1.75,0.00,640
2026-05-09 14:53:20,1,1,1,1757.4,0,13.1,397,1712,0,0.00,0.00,0,1,1.75,0.00,640
2026-05-09 14:53:20,1,1,1,1757.4,0,13.1,397,1712,0,0.00,0.00,0,1,1.75,0.00,640
2026-05-09 14:53:20,1,1,1,1757.0,0,13.0,395,1712,0,0.00,0.00,0,0,0.00,0.00,0
2026-05-09 14:53:20,1,1,1,1757.0,0,13.0,395,1712,0,0.00,0.00,0,0,0.00,0.00,0
2026-05-09 14:53:20,1,1,1,1755.0,0,13.0,395,1710,0,0.00,0.00,0,0,0.00,0.00,0
2026-05-09 14:53:20,1,1,1,1751.7,0,13.0,393,1707,0,0.00,0.00,0,0,0.00,0.00,0
2026-05-09 14:53:20,1,1,1,1751.7,0,13.0,393,1707,0,0.00,0.00,0,0,0.00,0.00,0
2026-05-09 14:53:20,1,1,1,1748.5,0,13.0,392,1704,0,0.00,0.00,0,0,0.00,0.00,0
2026-05-09 14:53:20,1,1,1,1748.5,0,13.0,392,1704,0,0.00,0.00,0,0,0.00,0.00,0
2026-05-09 14:53:20,1,1,1,1744.4,0,13.0,391,1700,0,0.00,0.00,0,0,0.00,0.00,0
2026-05-09 14:53:20,1,1,1,1744.4,0,13.0,391,1700,0,0.00,0.00,0,0,0.00,0.00,0
2026-05-09 14:53:20,1,1,1,1740.0,0,12.9,389,1696,0,0.00,0.00,0,1,1.75,0.00,4369
2026-05-09 14:53:20,1,1,1,1740.0,0,12.9,389,1696,0,0.00,0.00,0,1,1.75,0.00,4369
2026-05-09 14:53:20,1,1,1,1735.9,0,12.9,388,1692,1,1.75,0.00,3365,1,1.75,0.00,3365
2026-05-09 14:53:20,1,1,1,1732.0,0,12.9,388,1688,1,1.75,0.00,3365,1,1.75,0.00,3365
2026-05-09 14:53:20,1,1,1,1732.0,0,12.9,388,1688,1,1.75,0.00,1445,1,1.75,0.00,1445
2026-05-09 14:53:20,1,1,1,1727.9,0,12.9,387,1684,1,1.75,0.00,1445,1,1.75,0.00,1445
2026-05-09 14:53:20,1,1,1,1727.9,0,12.9,387,1684,1,1.75,0.00,1445,1,1.75,0.00,1445
2026-05-09 14:53:20,1,1,1,1725.7,0,12.9,386,1682,1,1.75,0.00,1445,1,1.75,0.00,1445
2026-05-09 14:53:21,1,1,1,1725.7,0,12.9,386,1682,1,1.75,0.00,1445,1,1.75,0.00,1445
2026-05-09 14:53:21,1,1,1,1724.7,0,12.9,386,1681,0,0.00,0.00,0,1,1.75,0.00,1445
2026-05-09 14:53:21,1,1,1,1728.2,0,12.8,384,1685,0,0.00,0.00,0,1,1.75,0.00,1445
2026-05-09 14:53:21,1,1,1,1728.2,0,12.8,384,1685,0,0.00,0.00,0,1,1.75,0.00,1445
2026-05-09 14:53:21,1,1,1,1730.7,0,12.8,382,1688,0,0.00,0.00,0,1,1.75,0.00,1445
2026-05-09 14:53:21,1,1,1,1730.7,0,12.8,382,1688,0,0.00,0.00,0,1,1.75,0.00,1445
2026-05-09 14:53:21,1,1,1,1724.4,0,12.7,380,1682,0,0.00,0.00,0,1,1.75,0.00,1445
2026-05-09 14:53:21,1,1,1,1724.4,0,12.7,380,1682,0,0.00,0.00,0,1,1.75,0.00,1445
2026-05-09 14:53:21,1,1,1,1716.4,0,12.8,379,1674,0,0.00,0.00,0,1,1.75,0.00,1445
2026-05-09 14:53:21,1,1,1,1716.4,0,12.8,379,1674,0,0.00,0.00,0,1,1.75,0.00,1445
2026-05-09 14:53:21,1,1,1,1709.9,0,12.7,376,1668,0,0.00,0.00,0,1,1.75,0.00,1445
2026-05-09 14:53:21,1,1,1,1713.3,0,12.6,374,1672,0,0.00,0.00,0,0,0.00,0.00,0
2026-05-09 14:53:21,1,1,1,1713.3,0,12.6,374,1672,0,0.00,0.00,0,0,0.00,0.00,0
2026-05-09 14:53:21,1,1,1,1720.2,0,12.6,374,1679,0,0.00,0.00,0,0,0.00,0.00,0
2026-05-09 14:53:21,1,1,1,1720.2,0,12.6,374,1679,0,0.00,0.00,0,1,2.25,0.00,3200
2026-05-09 14:53:21,1,1,1,1725.2,0,12.6,375,1684,0,0.00,0.00,0,1,2.25,0.00,3200
2026-05-09 14:53:21,1,1,1,1725.2,0,12.6,375,1684,0,0.00,0.00,0,1,2.25,0.00,1138
2026-05-09 14:53:21,1,1,1,1728.8,0,12.6,378,1687,0,0.00,0.00,0,1,2.25,0.00,1138
2026-05-09 14:53:21,1,1,1,1735.6,0,12.7,382,1693,0,0.00,0.00,0,1,2.25,0.00,1138
2026-05-09 14:53:21,1,1,1,1735.6,0,12.7,382,1693,0,0.00,0.00,0,1,2.25,0.00,1138
2026-05-09 14:53:22,1,1,1,1743.4,0,13.0,391,1699,0,0.00,0.00,0,1,2.25,0.00,1138
2026-05-09 14:53:22,1,1,1,1743.4,0,13.0,391,1699,0,0.00,0.00,0,1,2.25,0.00,1138
2026-05-09 14:53:22,1,1,1,1751.8,0,13.1,398,1706,0,0.00,0.00,0,1,2.25,0.00,1138
2026-05-09 14:53:22,1,1,1,1751.8,0,13.1,398,1706,0,0.00,0.00,0,1,2.25,0.00,1138
2026-05-09 14:53:22,1,1,1,1762.7,0,12.8,390,1719,0,0.00,0.00,0,1,2.25,0.00,1138
2026-05-09 14:53:22,1,1,1,1762.7,0,12.8,390,1719,0,0.00,0.00,0,1,2.25,0.00,1138
2026-05-09 14:53:22,1,1,1,1788.3,0,11.9,368,1750,0,0.00,0.00,0,1,2.25,0.00,1138
2026-05-09 14:53:22,1,1,1,1812.4,0,10.8,341,1780,0,0.00,0.00,0,1,2.25,0.00,1138
2026-05-09 14:53:22,1,1,1,1812.4,0,10.8,341,1780,0,0.00,0.00,0,1,2.25,0.00,1138
2026-05-09 14:53:22,1,1,1,1829.6,0,10.3,328,1800,0,0.00,0.00,0,1,2.25,0.00,1138
2026-05-09 14:53:22,1,1,1,1829.6,0,10.3,328,1800,0,0.00,0.00,0,1,2.25,0.00,1138
2026-05-09 14:53:22,1,1,1,1830.8,0,10.7,340,1799,0,0.00,0.00,0,0,0.00,0.00,0
2026-05-09 14:53:22,1,1,1,1830.8,0,10.7,340,1799,0,0.00,0.00,0,0,0.00,0.00,0
2026-05-09 14:53:22,1,1,1,1828.4,0,11.1,353,1794,0,0.00,0.00,0,0,0.00,0.00,0
2026-05-09 14:53:22,1,1,1,1828.4,0,11.1,353,1794,0,0.00,0.00,0,0,0.00,0.00,0
2026-05-09 14:53:22,1,1,1,1822.5,0,11.5,363,1786,0,0.00,0.00,0,0,0.00,0.00,0
2026-05-09 14:53:22,1,1,1,1809.6,0,12.3,386,1768,0,0.00,0.00,0,0,0.00,0.00,0
2026-05-09 14:53:22,1,1,1,1809.6,0,12.3,386,1768,0,0.00,0.00,0,0,0.00,0.00,0
2026-05-09 14:53:22,1,1,1,1799.8,0,12.8,399,1755,0,0.00,0.00,0,0,0.00,0.00,0
2026-05-09 14:53:22,1,1,1,1799.8,0,12.8,399,1755,0,0.00,0.00,0,0,0.00,0.00,0
2026-05-09 14:53:23,1,1,1,1794.2,0,12.9,400,1749,0,0.00,0.00,0,1,2.00,0.00,1885
2026-05-09 14:53:23,1,1,1,1794.2,0,12.9,400,1749,0,0.00,0.00,0,1,2.00,0.00,1885
2026-05-09 14:53:23,1,1,1,1788.8,0,12.9,398,1744,0,0.00,0.00,0,1,2.00,0.00,3460
2026-05-09 14:53:23,1,1,1,1786.0,0,12.7,394,1742,0,0.00,0.00,0,1,2.00,0.00,3460
2026-05-09 14:53:23,1,1,1,1786.0,0,12.7,394,1742,0,0.00,0.00,0,1,2.01,0.00,2645
2026-05-09 14:53:23,1,1,1,1785.1,0,12.6,390,1742,0,0.00,0.00,0,1,2.01,0.00,2645
2026-05-09 14:53:23,1,1,1,1785.1,0,12.6,390,1742,0,0.00,0.00,0,1,2.01,0.00,2645
2026-05-09 14:53:23,1,1,1,1783.5,0,12.5,387,1741,0,0.00,0.00,0,1,2.01,0.00,2645
2026-05-09 14:53:23,1,1,1,1783.5,0,12.5,387,1741,0,0.00,0.00,0,1,2.01,0.00,2645
2026-05-09 14:53:23,1,1,1,1780.9,0,12.5,384,1739,0,0.00,0.00,0,1,2.01,0.00,2645
2026-05-09 14:53:23,1,1,1,1780.9,0,12.5,384,1739,0,0.00,0.00,0,1,2.01,0.00,2645
2026-05-09 14:53:23,1,1,1,1778.7,0,12.4,383,1737,0,0.00,0.00,0,1,2.01,0.00,2645
2026-05-09 14:53:23,1,1,1,1775.8,0,12.5,383,1734,0,0.00,0.00,0,1,2.01,0.00,2645
2026-05-09 14:53:23,1,1,1,1775.8,0,12.5,383,1734,0,0.00,0.00,0,1,2.01,0.00,2645
2026-05-09 14:53:23,1,1,1,1773.1,0,12.5,384,1731,0,0.00,0.00,0,1,2.01,0.00,2645
2026-05-09 14:53:23,1,1,1,1773.1,0,12.5,384,1731,0,0.00,0.00,0,1,2.01,0.00,2645
2026-05-09 14:53:23,1,1,1,1771.6,0,12.6,386,1729,0,0.00,0.00,0,1,2.01,0.00,2645
2026-05-09 14:53:23,1,1,1,1771.6,0,12.6,386,1729,0,0.00,0.00,0,1,2.01,0.00,2645
2026-05-09 14:53:23,1,1,1,1770.8,0,12.6,387,1728,0,0.00,0.00,0,1,2.01,0.00,2645
2026-05-09 14:53:23,1,1,1,1771.0,0,12.7,388,1728,0,0.00,0.00,0,0,0.00,0.00,0
2026-05-09 14:53:24,1,1,1,1771.0,0,12.7,388,1728,0,0.00,0.00,0,0,0.00,0.00,0
2026-05-09 14:53:24,1,1,1,1771.0,0,12.7,388,1728,0,0.00,0.00,0,0,0.00,0.00,0
2026-05-09 14:53:24,1,1,1,1771.0,0,12.7,388,1728,0,0.00,0.00,0,0,0.00,0.00,0
2026-05-09 14:53:24,1,1,1,1772.0,0,12.6,388,1729,0,0.00,0.00,0,0,0.00,0.00,0
2026-05-09 14:53:24,1,1,1,1772.0,0,12.6,388,1729,0,0.00,0.00,0,0,0.00,0.00,0
2026-05-09 14:53:24,1,1,1,1773.0,0,12.6,388,1730,0,0.00,0.00,0,0,0.00,0.00,0
2026-05-09 14:53:24,1,1,1,1773.0,0,12.6,388,1730,0,0.00,0.00,0,0,0.00,0.00,0
2026-05-09 14:53:24,1,1,1,1772.0,0,12.6,388,1729,0,0.00,0.00,0,0,0.00,0.00,0
2026-05-09 14:53:24,1,1,1,1766.4,0,12.7,389,1723,0,0.00,0.00,0,0,0.00,0.00,0
2026-05-09 14:53:24,1,1,1,1766.4,0,12.7,389,1723,0,0.00,0.00,0,0,0.00,0.00,0
2026-05-09 14:53:24,1,1,1,1751.7,0,12.8,389,1708,0,0.00,0.00,0,0,0.00,0.00,0
2026-05-09 14:53:24,1,1,1,1751.7,0,12.8,389,1708,0,0.00,0.00,0,0,0.00,0.00,0
2026-05-09 14:53:24,1,1,1,1737.1,0,12.9,389,1693,0,0.00,0.00,0,0,0.00,0.00,0
2026-05-09 14:53:24,1,1,1,1737.1,0,12.9,389,1693,0,0.00,0.00,0,0,0.00,0.00,0
2026-05-09 14:53:24,1,1,1,1748.7,0,12.7,384,1706,0,0.00,0.00,0,0,0.00,0.00,0
2026-05-09 14:53:24,1,1,1,1756.1,0,12.6,382,1714,0,0.00,0.00,0,0,0.00,0.00,0
2026-05-09 14:53:24,1,1,1,1756.1,0,12.6,382,1714,0,0.00,0.00,0,1,2.25,0.00,2281
2026-05-09 14:53:24,1,1,1,1763.1,0,12.5,383,1721,0,0.00,0.00,0,1,2.25,0.00,2281
2026-05-09 14:53:24,1,1,1,1763.1,0,12.5,383,1721,0,0.00,0.00,0,1,2.25,0.00,2281
2026-05-09 14:53:24,1,1,1,1763.8,0,12.6,386,1721,0,0.00,0.00,0,1,2.25,0.00,2281
2026-05-09 14:53:25,1,1,1,1763.8,0,12.6,386,1721,0,0.00,0.00,0,1,2.13,0.00,4369
2026-05-09 14:53:25,1,1,1,1763.4,0,12.7,389,1720,0,0.00,0.00,0,1,2.13,0.00,4369
2026-05-09 14:53:25,1,1,1,1763.4,0,12.7,389,1720,1,2.09,0.00,3545,1,2.09,0.00,3545
2026-05-09 14:53:25,1,1,1,1761.9,0,12.8,391,1718,1,2.09,0.00,3545,1,2.09,0.00,3545
2026-05-09 14:53:25,1,1,1,1759.2,0,12.9,392,1715,1,2.06,0.00,3929,1,2.06,0.00,3929
2026-05-09 14:53:25,1,1,1,1759.2,0,12.9,392,1715,1,2.06,0.00,3929,1,2.06,0.00,3929
2026-05-09 14:53:25,1,1,1,1754.1,0,13.0,395,1709,1,2.06,0.00,3929,1,2.06,0.00,3929
2026-05-09 14:53:25,1,1,1,1754.1,0,13.0,395,1709,1,2.06,0.00,3929,1,2.06,0.00,3929
2026-05-09 14:53:25,1,1,1,1750.8,0,13.1,398,1705,1,2.06,0.00,3929,1,2.06,0.00,3929
2026-05-09 14:53:25,1,1,1,1750.8,0,13.1,398,1705,1,2.06,0.00,3929,1,2.06,0.00,3929
2026-05-09 14:53:25,1,1,1,1752.8,0,13.1,398,1707,1,2.06,0.00,3929,1,2.06,0.00,3929
2026-05-09 14:53:25,1,1,1,1756.7,0,13.1,398,1711,1,2.06,0.00,3929,1,2.06,0.00,3929
2026-05-09 14:53:25,1,1,1,1756.7,0,13.1,398,1711,1,2.06,0.00,3929,1,2.06,0.00,3929
2026-05-09 14:53:25,1,1,1,1758.6,0,13.1,398,1713,1,2.06,0.00,3929,1,2.06,0.00,3929
2026-05-09 14:53:25,1,1,1,1758.6,0,13.1,398,1713,1,2.06,0.00,3929,1,2.06,0.00,3929
2026-05-09 14:53:25,1,1,1,1749.3,0,13.2,400,1703,1,2.06,0.00,3929,1,2.06,0.00,3929
2026-05-09 14:53:25,1,1,1,1749.3,0,13.2,400,1703,1,2.06,0.00,3929,1,2.06,0.00,3929
2026-05-09 14:53:25,1,1,1,1740.6,0,13.3,400,1694,1,2.06,0.00,3929,1,2.06,0.00,3929
2026-05-09 14:53:25,1,1,1,1740.6,0,13.3,400,1694,1,2.06,0.00,3929,1,2.06,0.00,3929
2026-05-09 14:53:25,1,1,1,1728.7,0,13.3,399,1682,1,0.00,0.00,0,0,0.00,0.00,0
2026-05-09 14:53:26,1,1,1,1730.5,0,13.2,394,1685,1,0.00,0.00,0,0,0.00,0.00,0
2026-05-09 14:53:26,1,1,1,1730.5,0,13.2,394,1685,1,0.00,0.00,0,0,0.00,0.00,0
2026-05-09 14:53:26,1,1,1,1731.3,0,13.0,389,1687,1,0.00,0.00,0,0,0.00,0.00,0
2026-05-09 14:53:26,1,1,1,1731.3,0,13.0,389,1687,1,0.00,0.00,0,0,0.00,0.00,0
2026-05-09 14:53:26,1,1,1,1730.6,0,12.9,386,1687,0,0.00,0.00,0,0,0.00,0.00,0
2026-05-09 14:53:26,1,1,1,1730.6,0,12.9,386,1687,0,0.00,0.00,0,0,0.00,0.00,0
2026-05-09 14:53:26,1,1,1,1727.4,0,12.9,385,1684,0,0.00,0.00,0,1,1.81,0.00,2665
2026-05-09 14:53:26,1,1,1,1727.4,0,12.9,385,1684,0,0.00,0.00,0,1,1.81,0.00,2665
2026-05-09 14:53:26,1,1,1,1723.6,0,12.9,385,1680,0,0.00,0.00,0,1,1.80,0.00,1296
2026-05-09 14:53:26,1,1,1,1718.9,0,13.0,386,1675,0,0.00,0.00,0,1,1.80,0.00,1296
2026-05-09 14:53:26,1,1,1,1718.9,0,13.0,386,1675,0,0.00,0.00,0,1,1.80,0.00,1296
2026-05-09 14:53:26,1,1,1,1712.5,0,13.1,388,1668,0,0.00,0.00,0,1,1.80,0.00,1296
2026-05-09 14:53:26,1,1,1,1712.5,0,13.1,388,1668,0,0.00,0.00,0,1,1.80,0.00,1296
2026-05-09 14:53:26,1,1,1,1709.5,0,13.3,392,1664,0,0.00,0.00,0,1,1.80,0.00,1296
2026-05-09 14:53:26,1,1,1,1709.5,0,13.3,392,1664,0,0.00,0.00,0,1,1.80,0.00,1296
2026-05-09 14:53:26,1,1,1,1701.2,0,13.5,398,1654,0,0.00,0.00,0,1,1.80,0.00,1296
2026-05-09 14:53:26,1,1,1,1696.6,0,13.7,403,1648,0,0.00,0.00,0,1,1.80,0.00,1296
2026-05-09 14:53:26,1,1,1,1696.6,0,13.7,403,1648,0,0.00,0.00,0,1,1.80,0.00,1296
2026-05-09 14:53:26,1,1,1,1698.0,0,13.8,405,1649,0,0.00,0.00,0,1,1.80,0.00,1296
2026-05-09 14:53:26,1,1,1,1698.0,0,13.8,405,1649,0,0.00,0.00,0,1,1.80,0.00,1296
2026-05-09 14:53:27,1,1,1,1702.6,8,13.7,404,1654,0,0.00,0.00,0,1,1.76,0.00,4618
2026-05-09 14:53:27,1,1,1,1702.6,8,13.7,404,1654,0,0.00,0.00,0,1,1.76,0.00,4618
2026-05-09 14:53:27,1,1,1,1710.6,0,13.7,405,1662,1,1.75,0.00,7298,1,1.75,0.00,7298
2026-05-09 14:53:27,1,1,1,1710.6,0,13.7,405,1662,1,1.75,0.00,7298,1,1.75,0.00,7298
2026-05-09 14:53:27,1,1,1,1718.4,0,13.6,405,1670,1,1.75,0.00,8072,1,1.75,0.00,8072
2026-05-09 14:53:27,1,1,1,1718.6,0,13.7,406,1670,1,1.75,0.00,8072,1,1.75,0.00,8072
2026-05-09 14:53:27,1,1,1,1718.6,0,13.7,406,1670,1,1.75,0.00,5128,1,1.75,0.00,5128
2026-05-09 14:53:27,1,1,1,1712.8,0,13.7,406,1664,1,1.75,0.00,5128,1,1.75,0.00,5128
2026-05-09 14:53:27,1,1,1,1712.8,0,13.7,406,1664,1,1.75,0.00,5128,1,1.75,0.00,5128
2026-05-09 14:53:27,1,1,1,1707.7,0,13.7,405,1659,1,1.75,0.00,5128,1,1.75,0.00,5128
2026-05-09 14:53:27,1,1,1,1707.7,0,13.7,405,1659,1,1.75,0.00,5128,1,1.75,0.00,5128
2026-05-09 14:53:27,1,1,1,1706.3,0,13.7,403,1658,1,1.75,0.00,5128,1,1.75,0.00,5128
2026-05-09 14:53:27,1,1,1,1705.8,0,13.6,401,1658,1,1.75,0.00,5128,1,1.75,0.00,5128
2026-05-09 14:53:27,1,1,1,1705.8,0,13.6,401,1658,1,1.75,0.00,5128,1,1.75,0.00,5128
2026-05-09 14:53:27,1,1,1,1706.0,0,13.6,402,1658,1,1.76,0.00,2458,1,1.76,0.00,2458
2026-05-09 14:53:27,1,1,1,1706.0,0,13.6,402,1658,1,1.76,0.00,2458,1,1.76,0.00,2458
2026-05-09 14:53:27,1,1,1,1708.2,0,13.6,403,1660,1,1.76,0.00,2458,1,1.76,0.00,2458
2026-05-09 14:53:27,1,1,1,1708.2,0,13.6,403,1660,1,1.76,0.00,2458,1,1.76,0.00,2458
2026-05-09 14:53:27,1,1,1,1713.3,-8,13.5,400,1666,1,1.76,0.00,2458,1,1.76,0.00,2458
2026-05-09 14:53:27,1,1,1,1713.3,-8,13.5,400,1666,0,0.00,0.00,0,1,1.76,0.00,2458
2026-05-09 14:53:28,1,1,1,1716.8,0,13.4,398,1670,0,0.00,0.00,0,1,1.76,0.00,2458
2026-05-09 14:53:28,1,1,1,1720.4,0,13.3,397,1674,0,0.00,0.00,0,1,1.76,0.00,2458
2026-05-09 14:53:28,1,1,1,1720.4,0,13.3,397,1674,0,0.00,0.00,0,1,1.76,0.00,2458
2026-05-09 14:53:28,1,1,1,1721.2,0,13.3,396,1675,0,0.00,0.00,0,1,1.76,0.00,2458
2026-05-09 14:53:28,1,1,1,1721.2,0,13.3,396,1675,0,0.00,0.00,0,1,1.77,0.00,3152
2026-05-09 14:53:28,1,1,1,1722.1,0,13.3,396,1676,0,0.00,0.00,0,1,1.77,0.00,3152
2026-05-09 14:53:28,1,1,1,1722.1,0,13.3,396,1676,0,0.00,0.00,0,1,1.77,0.00,1768
2026-05-09 14:53:28,1,1,1,1724.1,0,13.3,396,1678,0,0.00,0.00,0,1,1.77,0.00,1768
2026-05-09 14:53:28,1,1,1,1727.5,0,13.3,398,1681,0,0.00,0.00,0,1,1.77,0.00,1768
2026-05-09 14:53:28,1,1,1,1727.5,0,13.3,398,1681,0,0.00,0.00,0,1,1.77,0.00,1768
2026-05-09 14:53:28,1,1,1,1731.1,0,13.3,397,1685,0,0.00,0.00,0,1,1.77,0.00,1768
2026-05-09 14:53:28,1,1,1,1731.1,0,13.3,397,1685,0,0.00,0.00,0,1,1.77,0.00,1768
2026-05-09 14:53:28,1,1,1,1726.8,0,13.1,391,1682,0,0.00,0.00,0,1,1.77,0.00,1768
2026-05-09 14:53:28,1,1,1,1726.8,0,13.1,391,1682,0,0.00,0.00,0,1,1.77,0.00,1768
2026-05-09 14:53:28,1,1,1,1720.1,0,13.0,387,1676,0,0.00,0.00,0,1,1.77,0.00,1768
2026-05-09 14:53:28,1,1,1,1720.1,0,13.0,387,1676,0,0.00,0.00,0,1,1.77,0.00,1768
2026-05-09 14:53:28,1,1,1,1714.0,0,13.0,386,1670,0,0.00,0.00,0,1,1.99,0.01,970
2026-05-09 14:53:28,1,1,1,1709.2,0,13.1,386,1665,0,0.00,0.00,0,1,1.99,0.01,970
2026-05-09 14:53:28,1,1,1,1709.2,0,13.1,386,1665,0,0.00,0.00,0,1,1.99,0.01,1525
2026-05-09 14:53:28,1,1,1,1706.5,0,13.1,387,1662,0,0.00,0.00,0,1,1.99,0.01,1525
2026-05-09 14:53:29,1,1,1,1706.5,0,13.1,387,1662,0,0.00,0.00,0,1,1.99,0.01,2452
2026-05-09 14:53:29,1,1,1,1704.2,0,13.2,390,1659,0,0.00,0.00,0,1,1.99,0.01,2452
2026-05-09 14:53:29,1,1,1,1704.2,0,13.2,390,1659,0,0.00,0.00,0,1,1.99,0.01,2452
2026-05-09 14:53:29,1,1,1,1703.0,0,13.3,393,1657,0,0.00,0.00,0,1,1.99,0.01,2452
2026-05-09 14:53:29,1,1,1,1700.5,0,13.4,395,1654,0,0.00,0.00,0,1,1.95,0.00,2297
2026-05-09 14:53:29,1,1,1,1700.5,0,13.4,395,1654,0,0.00,0.00,0,1,1.95,0.00,2297
2026-05-09 14:53:29,1,1,1,1699.0,0,13.5,397,1652,0,0.00,0.00,0,1,1.91,0.00,2313
2026-05-09 14:53:29,1,1,1,1699.0,0,13.5,397,1652,0,0.00,0.00,0,1,1.91,0.00,2313
2026-05-09 14:53:29,1,1,1,1698.3,0,13.6,398,1651,0,0.00,0.00,0,1,1.89,-0.01,2192
2026-05-09 14:53:29,1,1,1,1698.3,0,13.6,398,1651,0,0.00,0.00,0,1,1.89,-0.01,2192
2026-05-09 14:53:29,1,1,1,1697.3,0,13.6,398,1650,0,0.00,0.00,0,1,1.89,-0.01,2192
2026-05-09 14:53:29,1,1,1,1697.3,0,13.6,398,1650,0,0.00,0.00,0,1,1.89,-0.01,2192
2026-05-09 14:53:29,1,1,1,1697.3,0,13.6,398,1650,0,0.00,0.00,0,1,1.89,-0.01,2192
2026-05-09 14:53:29,1,1,1,1700.0,0,13.5,397,1653,0,0.00,0.00,0,1,1.89,-0.01,2192
2026-05-09 14:53:29,1,1,1,1700.0,0,13.5,397,1653,0,0.00,0.00,0,1,1.89,-0.01,2192
2026-05-09 14:53:29,1,1,1,1701.7,0,13.5,396,1655,0,0.00,0.00,0,1,1.89,-0.01,2192
2026-05-09 14:53:29,1,1,1,1701.7,0,13.5,396,1655,0,0.00,0.00,0,1,1.80,0.00,2097
2026-05-09 14:53:29,1,1,1,1704.4,0,13.4,395,1658,0,0.00,0.00,0,1,1.80,0.00,2097
2026-05-09 14:53:29,1,1,1,1704.4,0,13.4,395,1658,0,0.00,0.00,0,1,1.80,0.00,2420
2026-05-09 14:53:29,1,1,1,1708.1,0,13.3,394,1662,0,0.00,0.00,0,1,1.80,0.00,2420
2026-05-09 14:53:30,1,1,1,1710.5,0,13.2,392,1665,0,0.00,0.00,0,1,1.80,0.00,4477
2026-05-09 14:53:30,1,1,1,1710.5,0,13.2,392,1665,0,0.00,0.00,0,1,1.80,0.00,4477
2026-05-09 14:53:30,1,1,1,1715.2,0,13.2,391,1670,1,1.79,0.00,6197,1,1.79,0.00,6197
2026-05-09 14:53:30,1,1,1,1715.2,0,13.2,391,1670,1,1.79,0.00,6197,1,1.79,0.00,6197
2026-05-09 14:53:30,1,1,1,1720.8,0,13.1,390,1676,1,1.79,0.00,7633,1,1.79,0.00,7633
2026-05-09 14:53:30,1,1,1,1720.8,0,13.1,390,1676,1,1.79,0.00,7633,1,1.79,0.00,7633
2026-05-09 14:53:30,1,1,1,1727.1,0,13.0,388,1683,1,1.79,0.00,9092,1,1.79,0.00,9092
2026-05-09 14:53:30,1,1,1,1727.1,0,13.0,388,1683,1,1.79,0.00,9092,1,1.79,0.00,9092
2026-05-09 14:53:30,1,1,1,1733.5,0,12.9,386,1690,1,1.79,0.00,11236,1,1.79,0.00,11236
2026-05-09 14:53:30,1,1,1,1738.9,0,12.8,384,1696,1,1.79,0.00,11236,1,1.79,0.00,11236
2026-05-09 14:53:30,1,1,1,1738.9,0,12.8,384,1696,1,1.79,0.00,10690,1,1.79,0.00,10690
2026-05-09 14:53:30,1,1,1,1743.6,0,12.7,383,1701,1,1.79,0.00,10690,1,1.79,0.00,10690
2026-05-09 14:53:30,1,1,1,1743.6,0,12.7,383,1701,1,1.79,0.00,10690,1,1.79,0.00,10690
2026-05-09 14:53:30,1,1,1,1745.5,0,12.7,383,1703,1,1.79,0.00,10690,1,1.79,0.00,10690
2026-05-09 14:53:30,1,1,1,1745.5,0,12.7,383,1703,1,1.79,0.00,10690,1,1.79,0.00,10690
2026-05-09 14:53:30,1,1,1,1746.7,0,12.7,384,1704,1,1.79,0.00,10690,1,1.79,0.00,10690
2026-05-09 14:53:30,1,1,1,1746.7,0,12.7,384,1704,1,1.79,0.00,10690,1,1.79,0.00,10690
2026-05-09 14:53:30,1,1,1,1745.7,0,12.8,388,1702,1,1.79,0.00,10690,1,1.79,0.00,10690
2026-05-09 14:53:30,1,1,1,1739.4,0,13.1,395,1694,1,1.75,0.00,629,1,1.75,0.00,629
2026-05-09 14:53:30,1,1,1,1739.4,0,13.1,395,1694,1,1.75,0.00,629,1,1.75,0.00,629
2026-05-09 14:53:31,1,1,1,1730.8,0,13.5,404,1683,1,1.75,0.00,629,1,1.75,0.00,629
2026-05-09 14:53:31,1,1,1,1730.8,0,13.5,404,1683,1,1.75,0.00,629,1,1.75,0.00,629
2026-05-09 14:53:31,1,1,1,1719.6,0,13.9,414,1669,1,1.75,0.00,629,1,1.75,0.00,629
2026-05-09 14:53:31,1,1,1,1719.6,0,13.9,414,1669,0,0.00,0.00,0,1,1.75,0.00,629
2026-05-09 14:53:31,1,1,1,1713.3,0,14.2,420,1661,0,0.00,0.00,0,1,1.75,0.00,629
2026-05-09 14:53:31,1,1,1,1711.8,0,14.3,422,1659,0,0.00,0.00,0,1,1.75,0.00,629
2026-05-09 14:53:31,1,1,1,1711.8,0,14.3,422,1659,0,0.00,0.00,0,1,1.75,0.00,601
2026-05-09 14:53:31,1,1,1,1711.4,0,14.3,424,1658,0,0.00,0.00,0,1,1.75,0.00,601
2026-05-09 14:53:31,1,1,1,1711.4,0,14.3,424,1658,0,0.00,0.00,0,1,1.75,0.00,601
2026-05-09 14:53:31,1,1,1,1713.5,0,14.4,425,1660,0,0.00,0.00,0,1,1.75,0.00,601
2026-05-09 14:53:31,1,1,1,1713.5,0,14.4,425,1660,0,0.00,0.00,0,1,1.75,0.01,490
2026-05-09 14:53:31,1,1,1,1715.5,0,14.3,425,1662,0,0.00,0.00,0,1,1.75,0.01,490
2026-05-09 14:53:31,1,1,1,1715.5,0,14.3,425,1662,0,0.00,0.00,0,1,1.77,0.00,1109
2026-05-09 14:53:31,1,1,1,1718.4,0,14.3,425,1665,0,0.00,0.00,0,1,1.77,0.00,1109
2026-05-09 14:53:31,1,1,1,1722.0,0,14.3,424,1669,0,0.00,0.00,0,1,1.77,0.00,1570
2026-05-09 14:53:31,1,1,1,1722.0,0,14.3,424,1669,0,0.00,0.00,0,1,1.77,0.00,1570
2026-05-09 14:53:31,1,1,1,1724.7,0,14.2,423,1672,0,0.00,0.00,0,1,1.77,0.00,490
2026-05-09 14:53:31,1,1,1,1724.7,0,14.2,423,1672,0,0.00,0.00,0,1,1.77,0.00,490
2026-05-09 14:53:31,1,1,1,1727.1,0,14.1,421,1675,0,0.00,0.00,0,1,1.77,0.00,490
2026-05-09 14:53:31,1,1,1,1727.1,0,14.1,421,1675,0,0.00,0.00,0,1,1.77,0.00,490
2026-05-09 14:53:32,1,1,1,1729.5,0,14.0,419,1678,0,0.00,0.00,0,1,1.77,0.00,490
2026-05-09 14:53:32,1,1,1,1733.2,0,13.8,414,1683,0,0.00,0.00,0,1,1.77,0.00,490
2026-05-09 14:53:32,1,1,1,1733.2,0,13.8,414,1683,0,0.00,0.00,0,1,1.77,0.00,490
2026-05-09 14:53:32,1,1,1,1736.1,0,13.7,410,1687,0,0.00,0.00,0,1,1.77,0.00,490
2026-05-09 14:53:32,1,1,1,1736.1,0,13.7,410,1687,0,0.00,0.00,0,1,1.77,0.00,490
2026-05-09 14:53:32,1,1,1,1737.6,0,13.6,408,1689,0,0.00,0.00,0,1,1.77,0.00,490
2026-05-09 14:53:32,1,1,1,1737.6,0,13.6,408,1689,0,0.00,0.00,0,1,1.77,0.00,490
2026-05-09 14:53:32,1,1,1,1741.0,0,13.3,402,1694,0,0.00,0.00,0,1,1.77,0.00,490
2026-05-09 14:53:32,1,1,1,1741.0,0,13.3,402,1694,0,0.00,0.00,0,1,1.77,0.00,490
2026-05-09 14:53:32,1,1,1,1748.4,0,13.1,396,1703,0,0.00,0.00,0,1,1.77,0.00,490
2026-05-09 14:53:32,1,1,1,1770.6,0,12.6,386,1728,0,0.00,0.00,0,1,1.77,0.00,490
2026-05-09 14:53:32,1,1,1,1770.6,0,12.6,386,1728,0,0.00,0.00,0,0,0.00,0.00,0
2026-05-09 14:53:32,1,1,1,1788.4,0,12.5,387,1746,0,0.00,0.00,0,0,0.00,0.00,0
2026-05-09 14:53:32,1,1,1,1788.4,0,12.5,387,1746,0,0.00,0.00,0,0,0.00,0.00,0
2026-05-09 14:53:32,1,1,1,1799.3,0,12.7,397,1755,0,0.00,0.00,0,0,0.00,0.00,0
2026-05-09 14:53:32,1,1,1,1799.3,0,12.7,397,1755,0,0.00,0.00,0,0,0.00,0.00,0
2026-05-09 14:53:32,1,1,1,1801.4,0,12.9,402,1756,0,0.00,0.00,0,1,1.75,0.00,1033
2026-05-09 14:53:32,1,1,1,1803.7,0,13.2,412,1756,0,0.00,0.00,0,1,1.75,0.00,1033
2026-05-09 14:53:32,1,1,1,1803.7,0,13.2,412,1756,0,0.00,0.00,0,1,1.75,0.00,873
2026-05-09 14:53:32,1,1,1,1803.4,0,13.3,415,1755,0,0.00,0.00,0,1,1.75,0.00,873
2026-05-09 14:53:33,1,1,1,1803.4,0,13.3,415,1755,0,0.00,0.00,0,1,1.75,0.00,873
2026-05-09 14:53:33,1,1,1,1802.9,0,13.4,417,1754,0,0.00,0.00,0,1,1.75,0.00,873
2026-05-09 14:53:33,1,1,1,1802.9,0,13.4,417,1754,0,0.00,0.00,0,1,1.75,0.00,873
2026-05-09 14:53:33,1,1,1,1801.6,0,13.5,420,1752,0,0.00,0.00,0,1,1.75,0.00,873
2026-05-09 14:53:33,1,1,1,1801.6,0,13.5,420,1752,0,0.00,0.00,0,1,1.75,0.00,873
2026-05-09 14:53:33,1,1,1,1802.1,0,13.5,422,1752,0,0.00,0.00,0,1,1.75,0.00,873
2026-05-09 14:53:33,1,1,1,1805.8,0,13.5,421,1756,0,0.00,0.00,0,1,1.75,0.00,873
2026-05-09 14:53:33,1,1,1,1805.8,0,13.5,421,1756,0,0.00,0.00,0,1,1.75,0.00,873
2026-05-09 14:53:33,1,1,1,1813.4,0,13.3,416,1765,0,0.00,0.00,0,1,1.75,0.00,873
2026-05-09 14:53:33,1,1,1,1813.4,0,13.3,416,1765,0,0.00,0.00,0,1,1.75,0.00,873
2026-05-09 14:53:33,1,1,1,1819.8,0,13.0,410,1773,0,0.00,0.00,0,1,1.75,0.00,873
2026-05-09 14:53:33,1,1,1,1819.8,0,13.0,410,1773,0,0.00,0.00,0,1,1.75,0.00,873
2026-05-09 14:53:33,1,1,1,1818.8,0,13.0,410,1772,0,0.00,0.00,0,1,1.75,0.00,873
2026-05-09 14:53:33,1,1,1,1812.2,0,13.1,411,1765,0,0.00,0.00,0,0,0.00,0.00,0
2026-05-09 14:53:33,1,1,1,1812.2,0,13.1,411,1765,0,0.00,0.00,0,0,0.00,0.00,0
2026-05-09 14:53:33,1,1,1,1800.0,0,13.3,413,1752,0,0.00,0.00,0,0,0.00,0.00,0
2026-05-09 14:53:33,1,1,1,1800.0,0,13.3,413,1752,0,0.00,0.00,0,0,0.00,0.00,0
2026-05-09 14:53:33,1,1,1,1789.8,0,13.4,415,1741,0,0.00,0.00,0,0,0.00,0.00,0
2026-05-09 14:53:33,1,1,1,1789.8,0,13.4,415,1741,0,0.00,0.00,0,0,0.00,0.00,0
2026-05-09 14:53:33,1,1,1,1785.4,0,13.5,417,1736,0,0.00,0.00,0,0,0.00,0.00,0
2026-05-09 14:53:34,1,1,1,1785.4,0,13.5,417,1736,0,0.00,0.00,0,0,0.00,0.00,0
2026-05-09 14:53:34,1,1,1,1783.2,0,13.6,420,1733,0,0.00,0.00,0,0,0.00,0.00,0
2026-05-09 14:53:34,1,1,1,1782.7,0,13.7,422,1732,0,0.00,0.00,0,0,0.00,0.00,0
2026-05-09 14:53:34,1,1,1,1782.7,0,13.7,422,1732,0,0.00,0.00,0,0,0.00,0.00,0
2026-05-09 14:53:34,1,1,1,1783.6,0,13.8,426,1732,0,0.00,0.00,0,0,0.00,0.00,0
2026-05-09 14:53:34,1,1,1,1783.6,0,13.8,426,1732,0,0.00,0.00,0,0,0.00,0.00,0
2026-05-09 14:53:34,1,1,1,1785.1,0,13.9,428,1733,0,0.00,0.00,0,0,0.00,0.00,0
2026-05-09 14:53:34,1,1,1,1785.1,0,13.9,428,1733,0,0.00,0.00,0,0,0.00,0.00,0
2026-05-09 14:53:34,1,1,1,1787.3,0,13.9,429,1735,0,0.00,0.00,0,0,0.00,0.00,0
2026-05-09 14:53:34,1,1,1,1792.6,0,13.8,427,1741,0,0.00,0.00,0,0,0.00,0.00,0
2026-05-09 14:53:34,1,1,1,1792.6,0,13.8,427,1741,0,0.00,0.00,0,0,0.00,0.00,0
2026-05-09 14:53:34,1,1,1,1794.8,0,13.7,424,1744,0,0.00,0.00,0,0,0.00,0.00,0
2026-05-09 14:53:34,1,1,1,1794.8,0,13.7,424,1744,0,0.00,0.00,0,0,0.00,0.00,0
2026-05-09 14:53:34,1,1,1,1794.6,0,13.6,423,1744,0,0.00,0.00,0,0,0.00,0.00,0
2026-05-09 14:53:34,1,1,1,1794.6,0,13.6,423,1744,0,0.00,0.00,0,0,0.00,0.00,0
2026-05-09 14:53:34,1,1,1,1793.4,0,13.6,422,1743,0,0.00,0.00,0,0,0.00,0.00,0
2026-05-09 14:53:34,1,1,1,1793.4,0,13.6,422,1743,0,0.00,0.00,0,0,0.00,0.00,0
2026-05-09 14:53:34,1,1,1,1790.7,0,13.7,423,1740,0,0.00,0.00,0,0,0.00,0.00,0
2026-05-09 14:53:34,1,1,1,1787.3,0,13.8,425,1736,0,0.00,0.00,0,0,0.00,0.00,0
2026-05-09 14:53:34,1,1,1,1787.3,0,13.8,425,1736,0,0.00,0.00,0,0,0.00,0.00,0
2026-05-09 14:53:35,1,1,1,1784.6,0,13.8,426,1733,0,0.00,0.00,0,0,0.00,0.00,0
2026-05-09 14:53:35,1,1,1,1784.6,0,13.8,426,1733,0,0.00,0.00,0,0,0.00,0.00,0
2026-05-09 14:53:35,1,1,1,1782.9,0,13.9,427,1731,0,0.00,0.00,0,0,0.00,0.00,0
2026-05-09 14:53:35,1,1,1,1782.9,0,13.9,427,1731,0,0.00,0.00,0,0,0.00,0.00,0
2026-05-09 14:53:35,1,1,1,1781.7,0,13.8,426,1730,0,0.00,0.00,0,1,1.75,0.00,361
2026-05-09 14:53:35,1,1,1,1781.7,0,13.8,426,1730,0,0.00,0.00,0,1,1.75,0.00,361
2026-05-09 14:53:35,1,1,1,1781.4,0,13.8,425,1730,0,0.00,0.00,0,1,1.75,0.00,361
2026-05-09 14:53:35,1,1,1,1781.0,0,13.7,423,1730,0,0.00,0.00,0,1,1.75,0.00,361
2026-05-09 14:53:35,1,1,1,1781.0,0,13.7,423,1730,0,0.00,0.00,0,1,1.75,0.00,361
2026-05-09 14:53:35,1,1,1,1776.8,0,13.7,422,1726,0,0.00,0.00,0,1,1.75,0.00,361
2026-05-09 14:53:35,1,1,1,1776.8,0,13.7,422,1726,0,0.00,0.00,0,1,1.75,0.00,361
2026-05-09 14:53:35,1,1,1,1777.8,0,13.7,422,1727,0,0.00,0.00,0,1,1.75,0.00,361
2026-05-09 14:53:35,1,1,1,1777.8,0,13.7,422,1727,0,0.00,0.00,0,1,1.75,0.00,361
2026-05-09 14:53:35,1,1,1,1778.3,0,13.5,416,1729,0,0.00,0.00,0,1,1.75,0.00,361
2026-05-09 14:53:35,1,1,1,1779.4,0,13.4,412,1731,0,0.00,0.00,0,1,1.75,0.00,361
2026-05-09 14:53:35,1,1,1,1779.4,0,13.4,412,1731,0,0.00,0.00,0,1,1.75,0.00,361
2026-05-09 14:53:35,1,1,1,1779.2,0,13.2,407,1732,0,0.00,0.00,0,1,1.75,0.00,361
2026-05-09 14:53:35,1,1,1,1779.2,0,13.2,407,1732,0,0.00,0.00,0,1,1.75,0.00,361
2026-05-09 14:53:35,1,1,1,1779.0,0,13.1,402,1733,0,0.00,0.00,0,1,1.75,0.00,361
2026-05-09 14:53:35,1,1,1,1779.0,0,13.1,402,1733,0,0.00,0.00,0,0,0.00,0.00,0
2026-05-09 14:53:36,1,1,1,1779.6,0,12.9,396,1735,0,0.00,0.00,0,0,0.00,0.00,0
2026-05-09 14:53:36,1,1,1,1779.6,0,12.9,396,1735,0,0.00,0.00,0,0,0.00,0.00,0
2026-05-09 14:53:36,1,1,1,1782.2,0,12.6,390,1739,0,0.00,0.00,0,0,0.00,0.00,0
2026-05-09 14:53:36,1,1,1,1785.0,0,12.5,385,1743,0,0.00,0.00,0,0,0.00,0.00,0
2026-05-09 14:53:36,1,1,1,1785.0,0,12.5,385,1743,0,0.00,0.00,0,0,0.00,0.00,0
2026-05-09 14:53:36,1,1,1,1785.9,0,12.3,380,1745,0,0.00,0.00,0,0,0.00,0.00,0
2026-05-09 14:53:36,1,1,1,1785.9,0,12.3,380,1745,0,0.00,0.00,0,0,0.00,0.00,0
2026-05-09 14:53:36,1,1,1,1785.3,0,12.2,377,1745,0,0.00,0.00,0,0,0.00,0.00,0
2026-05-09 14:53:36,1,1,1,1785.3,0,12.2,377,1745,0,0.00,0.00,0,0,0.00,0.00,0
2026-05-09 14:53:36,1,1,1,1785.3,0,12.2,377,1745,0,0.00,0.00,0,0,0.00,0.00,0
2026-05-09 14:53:36,1,1,1,1785.0,0,12.2,376,1745,0,0.00,0.00,0,0,0.00,0.00,0
2026-05-09 14:53:36,1,1,1,1785.0,0,12.2,376,1745,0,0.00,0.00,0,0,0.00,0.00,0
2026-05-09 14:53:36,1,1,1,1786.8,0,12.1,375,1747,0,0.00,0.00,0,0,0.00,0.00,0
2026-05-09 14:53:36,1,1,1,1786.8,0,12.1,375,1747,0,0.00,0.00,0,0,0.00,0.00,0
2026-05-09 14:53:36,1,1,1,1787.6,0,12.1,374,1748,0,0.00,0.00,0,0,0.00,0.00,0
2026-05-09 14:53:36,1,1,1,1787.6,0,12.1,374,1748,0,0.00,0.00,0,0,0.00,0.00,0
2026-05-09 14:53:36,1,1,1,1789.1,0,12.0,372,1750,0,0.00,0.00,0,0,0.00,0.00,0
2026-05-09 14:53:36,1,1,1,1789.1,0,12.0,372,1750,0,0.00,0.00,0,0,0.00,0.00,0
2026-05-09 14:53:36,1,1,1,1790.9,0,12.0,371,1752,0,0.00,0.00,0,0,0.00,0.00,0
2026-05-09 14:53:36,1,1,1,1792.0,0,12.0,372,1753,0,0.00,0.00,0,0,0.00,0.00,0
2026-05-09 14:53:37,1,1,1,1792.0,0,12.0,372,1753,0,0.00,0.00,0,0,0.00,0.00,0
2026-05-09 14:53:37,1,1,1,1790.5,0,12.1,374,1751,0,0.00,0.00,0,0,0.00,0.00,0
2026-05-09 14:53:37,1,1,1,1790.5,0,12.1,374,1751,0,0.00,0.00,0,0,0.00,0.00,0
2026-05-09 14:53:37,1,1,1,1786.4,0,12.2,378,1746,0,0.00,0.00,0,0,0.00,0.00,0
2026-05-09 14:53:37,1,1,1,1786.4,0,12.2,378,1746,0,0.00,0.00,0,0,0.00,0.00,0
2026-05-09 14:53:37,1,1,1,1782.2,0,12.3,381,1741,0,0.00,0.00,0,0,0.00,0.00,0
2026-05-09 14:53:37,1,1,1,1776.2,0,12.5,385,1734,0,0.00,0.00,0,1,1.76,0.01,629
2026-05-09 14:53:37,1,1,1,1776.2,0,12.5,385,1734,0,0.00,0.00,0,1,1.76,0.01,629
2026-05-09 14:53:37,1,1,1,1772.8,0,12.6,387,1730,0,0.00,0.00,0,1,1.76,0.01,629
2026-05-09 14:53:37,1,1,1,1772.8,0,12.6,387,1730,0,0.00,0.00,0,1,1.76,0.01,629
2026-05-09 14:53:37,1,1,1,1773.5,0,12.6,386,1731,0,0.00,0.00,0,1,1.76,0.01,629
2026-05-09 14:53:37,1,1,1,1773.5,0,12.6,386,1731,0,0.00,0.00,0,1,1.76,0.01,629
2026-05-09 14:53:37,1,1,1,1774.8,0,12.5,383,1733,0,0.00,0.00,0,1,1.76,0.01,629
2026-05-09 14:53:37,1,1,1,1774.8,0,12.5,383,1733,0,0.00,0.00,0,1,1.76,0.01,629
2026-05-09 14:53:37,1,1,1,1777.3,0,12.4,381,1736,0,0.00,0.00,0,1,1.76,0.01,629
2026-05-09 14:53:37,1,1,1,1780.7,0,12.4,383,1739,0,0.00,0.00,0,1,1.76,0.01,629
2026-05-09 14:53:37,1,1,1,1780.7,0,12.4,383,1739,0,0.00,0.00,0,1,1.75,0.00,1906
2026-05-09 14:53:37,1,1,1,1779.6,8,12.6,387,1737,0,0.00,0.00,0,1,1.75,0.00,1906
2026-05-09 14:53:37,1,1,1,1779.6,8,12.6,387,1737,0,0.00,0.00,0,1,1.76,0.00,2458
2026-05-09 14:53:37,1,1,1,1778.8,0,12.6,388,1736,0,0.00,0.00,0,1,1.76,0.00,2458
2026-05-09 14:53:38,1,1,1,1778.8,0,12.6,388,1736,0,0.00,0.00,0,1,1.75,0.00,1345
2026-05-09 14:53:38,1,1,1,1778.6,0,12.6,387,1736,0,0.00,0.00,0,1,1.75,0.00,1345
2026-05-09 14:53:38,1,1,1,1777.4,0,12.5,386,1735,0,0.00,0.00,0,1,1.75,0.00,1345
2026-05-09 14:53:38,1,1,1,1777.4,0,12.5,386,1735,0,0.00,0.00,0,1,1.75,0.00,1345
2026-05-09 14:53:38,1,1,1,1777.6,0,12.6,387,1735,0,0.00,0.00,0,1,1.75,0.00,493
2026-05-09 14:53:38,1,1,1,1777.6,0,12.6,387,1735,0,0.00,0.00,0,1,1.75,0.00,493
2026-05-09 14:53:38,1,1,1,1773.6,0,12.7,391,1730,0,0.00,0.00,0,1,1.75,0.00,493
2026-05-09 14:53:38,1,1,1,1773.6,0,12.7,391,1730,0,0.00,0.00,0,1,1.75,0.00,493
2026-05-09 14:53:38,1,1,1,1772.3,0,12.8,394,1728,0,0.00,0.00,0,1,1.75,0.00,493
2026-05-09 14:53:38,1,1,1,1772.3,0,12.8,394,1728,0,0.00,0.00,0,1,1.75,0.00,493
2026-05-09 14:53:38,1,1,1,1771.5,0,13.0,399,1726,0,0.00,0.00,0,1,1.75,0.00,493
2026-05-09 14:53:38,1,1,1,1770.5,0,13.2,403,1724,0,0.00,0.00,0,1,1.75,0.00,493
2026-05-09 14:53:38,1,1,1,1770.5,0,13.2,403,1724,0,0.00,0.00,0,1,1.75,0.00,493
2026-05-09 14:53:38,1,1,1,1767.1,0,13.1,401,1721,0,0.00,0.00,0,1,1.75,0.00,493
2026-05-09 14:53:38,1,1,1,1767.1,0,13.1,401,1721,0,0.00,0.00,0,1,1.75,0.00,493
2026-05-09 14:53:38,1,1,1,1760.4,-24,13.0,397,1715,0,0.00,0.00,0,1,1.75,0.00,493
2026-05-09 14:53:38,1,1,1,1760.4,-24,13.0,397,1715,0,0.00,0.00,0,1,1.75,0.00,493
2026-05-09 14:53:38,1,1,1,1755.9,0,13.1,399,1710,0,0.00,0.00,0,1,1.75,0.00,493
2026-05-09 14:53:38,1,1,1,1755.9,0,13.1,399,1710,0,0.00,0.00,0,1,1.75,0.00,493
2026-05-09 14:53:38,1,1,1,1755.9,0,13.1,399,1710,0,0.00,0.00,0,0,0.00,0.00,0
2026-05-09 14:53:39,1,1,1,1761.8,0,13.0,395,1717,0,0.00,0.00,0,0,0.00,0.00,0
2026-05-09 14:53:39,1,1,1,1761.8,0,13.0,395,1717,0,0.00,0.00,0,0,0.00,0.00,0
2026-05-09 14:53:39,1,1,1,1766.6,0,12.8,390,1723,0,0.00,0.00,0,0,0.00,0.00,0
2026-05-09 14:53:39,1,1,1,1766.6,0,12.8,390,1723,0,0.00,0.00,0,0,0.00,0.00,0
2026-05-09 14:53:39,1,1,1,1768.3,0,12.7,389,1725,0,0.00,0.00,0,0,0.00,0.00,0
2026-05-09 14:53:39,1,1,1,1768.3,0,12.7,389,1725,0,0.00,0.00,0,0,0.00,0.00,0
2026-05-09 14:53:39,1,1,1,1768.3,0,12.7,389,1725,0,0.00,0.00,0,0,0.00,0.00,0
2026-05-09 14:53:39,1,1,1,1766.3,0,12.9,393,1722,0,0.00,0.00,0,0,0.00,0.00,0
2026-05-09 14:53:39,1,1,1,1766.3,0,12.9,393,1722,0,0.00,0.00,0,0,0.00,0.00,0
2026-05-09 14:53:39,1,1,1,1762.1,0,13.0,396,1717,0,0.00,0.00,0,0,0.00,0.00,0
2026-05-09 14:53:39,1,1,1,1762.1,0,13.0,396,1717,0,0.00,0.00,0,0,0.00,0.00,0
2026-05-09 14:53:39,1,1,1,1758.1,0,13.2,400,1712,0,0.00,0.00,0,0,0.00,0.00,0
2026-05-09 14:53:39,1,1,1,1758.1,0,13.2,400,1712,0,0.00,0.00,0,0,0.00,0.00,0
2026-05-09 14:53:39,1,1,1,1754.9,0,13.3,403,1708,0,0.00,0.00,0,0,0.00,0.00,0
2026-05-09 14:53:39,1,1,1,1754.9,0,13.3,403,1708,0,0.00,0.00,0,0,0.00,0.00,0
2026-05-09 14:53:39,1,1,1,1751.0,0,13.4,407,1703,0,0.00,0.00,0,0,0.00,0.00,0
2026-05-09 14:53:39,1,1,1,1748.7,0,13.6,410,1700,0,0.00,0.00,0,0,0.00,0.00,0
2026-05-09 14:53:39,1,1,1,1748.7,0,13.6,410,1700,0,0.00,0.00,0,0,0.00,0.00,0
2026-05-09 14:53:39,1,1,1,1746.5,0,13.7,413,1697,0,0.00,0.00,0,0,0.00,0.00,0
2026-05-09 14:53:39,1,1,1,1746.5,0,13.7,413,1697,0,0.00,0.00,0,0,0.00,0.00,0
2026-05-09 14:53:40,1,1,1,1743.4,0,13.8,416,1693,0,0.00,0.00,0,0,0.00,0.00,0
2026-05-09 14:53:40,1,1,1,1743.4,0,13.8,416,1693,0,0.00,0.00,0,0,0.00,0.00,0
2026-05-09 14:53:40,1,1,1,1739.0,0,14.0,422,1687,0,0.00,0.00,0,0,0.00,0.00,0
2026-05-09 14:53:40,1,1,1,1734.2,0,14.4,430,1680,0,0.00,0.00,0,0,0.00,0.00,0
2026-05-09 14:53:40,1,1,1,1734.2,0,14.4,430,1680,0,0.00,0.00,0,0,0.00,0.00,0
2026-05-09 14:53:40,1,1,1,1728.0,0,14.8,440,1671,0,0.00,0.00,0,0,0.00,0.00,0
2026-05-09 14:53:40,1,1,1,1728.0,0,14.8,440,1671,0,0.00,0.00,0,0,0.00,0.00,0
2026-05-09 14:53:40,1,1,1,1725.6,0,15.0,446,1667,0,0.00,0.00,0,0,0.00,0.00,0
2026-05-09 14:53:40,1,1,1,1725.6,0,15.0,446,1667,0,0.00,0.00,0,0,0.00,0.00,0
2026-05-09 14:53:40,1,1,1,1729.9,0,14.9,444,1672,0,0.00,0.00,0,0,0.00,0.00,0
2026-05-09 14:53:40,1,1,1,1729.9,0,14.9,444,1672,0,0.00,0.00,0,0,0.00,0.00,0
2026-05-09 14:53:40,1,1,1,1736.5,0,14.8,443,1679,0,0.00,0.00,0,0,0.00,0.00,0
2026-05-09 14:53:40,1,1,1,1739.4,0,14.8,443,1682,0,0.00,0.00,0,0,0.00,0.00,0
2026-05-09 14:53:40,1,1,1,1739.4,0,14.8,443,1682,0,0.00,0.00,0,0,0.00,0.00,0
2026-05-09 14:53:40,1,1,1,1740.3,0,14.7,443,1683,0,0.00,0.00,0,1,1.99,0.00,522
2026-05-09 14:53:40,1,1,1,1740.3,0,14.7,443,1683,0,0.00,0.00,0,1,1.99,0.00,522
2026-05-09 14:53:40,1,1,1,1743.2,0,14.7,443,1686,0,0.00,0.00,0,1,1.99,0.00,522
2026-05-09 14:53:40,1,1,1,1743.2,0,14.7,443,1686,0,0.00,0.00,0,1,1.99,0.00,522
2026-05-09 14:53:40,1,1,1,1744.9,0,14.7,442,1688,0,0.00,0.00,0,1,1.99,0.00,522
2026-05-09 14:53:40,1,1,1,1745.9,0,14.7,442,1689,0,0.00,0.00,0,1,1.99,0.00,522
2026-05-09 14:53:41,1,1,1,1745.9,0,14.7,442,1689,0,0.00,0.00,0,1,1.99,0.00,522
2026-05-09 14:53:41,1,1,1,1746.1,0,14.7,443,1689,0,0.00,0.00,0,1,1.99,0.00,522
2026-05-09 14:53:41,1,1,1,1746.1,0,14.7,443,1689,0,0.00,0.00,0,1,1.99,0.00,522
2026-05-09 14:53:41,1,1,1,1746.6,0,14.6,441,1690,0,0.00,0.00,0,1,1.99,0.00,522
2026-05-09 14:53:41,1,1,1,1746.6,0,14.6,441,1690,0,0.00,0.00,0,1,1.99,0.00,522
2026-05-09 14:53:41,1,1,1,1747.8,0,14.5,438,1692,0,0.00,0.00,0,1,1.99,0.00,522
2026-05-09 14:53:41,1,1,1,1747.8,0,14.5,438,1692,0,0.00,0.00,0,1,1.99,0.00,522
2026-05-09 14:53:41,1,1,1,1748.7,0,14.4,434,1694,0,0.00,0.00,0,1,1.99,0.00,522
2026-05-09 14:53:41,1,1,1,1750.2,0,14.3,432,1696,0,0.00,0.00,0,1,1.99,0.00,522
2026-05-09 14:53:41,1,1,1,1750.2,0,14.3,432,1696,0,0.00,0.00,0,0,0.00,0.00,0
2026-05-09 14:53:41,1,1,1,1751.1,0,14.1,428,1698,0,0.00,0.00,0,1,1.75,0.00,698
2026-05-09 14:53:41,1,1,1,1751.1,0,14.1,428,1698,0,0.00,0.00,0,1,1.75,0.00,698
2026-05-09 14:53:41,1,1,1,1751.3,0,14.0,425,1699,0,0.00,0.00,0,1,1.75,0.00,1514
2026-05-09 14:53:41,1,1,1,1751.3,0,14.0,425,1699,0,0.00,0.00,0,1,1.75,0.00,1514
2026-05-09 14:53:41,1,1,1,1750.1,0,14.0,424,1698,0,0.00,0.00,0,1,1.75,0.00,1768
2026-05-09 14:53:41,1,1,1,1748.0,0,14.0,423,1696,0,0.00,0.00,0,1,1.75,0.00,1768
2026-05-09 14:53:41,1,1,1,1748.0,0,14.0,423,1696,0,0.00,0.00,0,1,1.75,0.00,1768
2026-05-09 14:53:41,1,1,1,1745.5,0,14.0,421,1694,0,0.00,0.00,0,1,1.75,0.00,1768
2026-05-09 14:53:41,1,1,1,1745.5,0,14.0,421,1694,0,0.00,0.00,0,1,1.75,0.00,1768
2026-05-09 14:53:41,1,1,1,1743.8,0,13.9,418,1693,0,0.00,0.00,0,1,1.75,0.00,1768
2026-05-09 14:53:42,1,1,1,1743.8,0,13.9,418,1693,0,0.00,0.00,0,1,1.75,0.00,1768
2026-05-09 14:53:42,1,1,1,1742.4,0,13.8,416,1692,0,0.00,0.00,0,1,1.75,0.00,1768
2026-05-09 14:53:42,1,1,1,1742.4,0,13.8,416,1692,0,0.00,0.00,0,1,1.75,0.00,1768
2026-05-09 14:53:42,1,1,1,1740.0,0,13.8,414,1690,0,0.00,0.00,0,1,1.75,0.00,1768
2026-05-09 14:53:42,1,1,1,1738.5,0,13.7,412,1689,0,0.00,0.00,0,1,1.79,0.00,1769
2026-05-09 14:53:42,1,1,1,1738.5,0,13.7,412,1689,0,0.00,0.00,0,1,1.79,0.00,1769
2026-05-09 14:53:42,1,1,1,1736.8,0,13.6,409,1688,0,0.00,0.00,0,1,1.79,0.00,2729
2026-05-09 14:53:42,1,1,1,1736.8,0,13.6,409,1688,0,0.00,0.00,0,1,1.79,0.00,2729
2026-05-09 14:53:42,1,1,1,1734.0,0,13.5,405,1686,0,0.00,0.00,0,1,1.80,0.00,1985
2026-05-09 14:53:42,1,1,1,1734.0,0,13.5,405,1686,0,0.00,0.00,0,1,1.80,0.00,1985
2026-05-09 14:53:42,1,1,1,1729.6,0,13.5,403,1682,0,0.00,0.00,0,1,1.79,0.00,464
2026-05-09 14:53:42,1,1,1,1727.2,0,13.6,405,1679,0,0.00,0.00,0,1,1.79,0.00,464
2026-05-09 14:53:42,1,1,1,1727.2,0,13.6,405,1679,0,0.00,0.00,0,1,1.78,0.00,185
2026-05-09 14:53:42,1,1,1,1725.7,0,13.6,407,1677,0,0.00,0.00,0,1,1.78,0.00,185
2026-05-09 14:53:42,1,1,1,1725.7,0,13.6,407,1677,0,0.00,0.00,0,1,1.78,0.00,185
2026-05-09 14:53:42,1,1,1,1722.5,0,13.8,410,1673,0,0.00,0.00,0,1,1.78,0.00,185
2026-05-09 14:53:42,1,1,1,1722.5,0,13.8,410,1673,0,0.00,0.00,0,1,1.78,0.00,185
2026-05-09 14:53:42,1,1,1,1720.6,0,13.9,414,1670,0,0.00,0.00,0,1,1.78,0.00,185
2026-05-09 14:53:42,1,1,1,1720.6,0,13.9,414,1670,0,0.00,0.00,0,1,1.78,0.00,185
2026-05-09 14:53:42,1,1,1,1718.1,0,14.1,420,1666,0,0.00,0.00,0,1,1.78,0.00,185
2026-05-09 14:53:43,1,1,1,1715.0,0,14.4,427,1661,0,0.00,0.00,0,1,1.78,0.00,185
2026-05-09 14:53:43,1,1,1,1715.0,0,14.4,427,1661,0,0.00,0.00,0,1,1.78,0.00,185
2026-05-09 14:53:43,1,1,1,1714.8,0,14.5,430,1660,0,0.00,0.00,0,1,1.78,0.00,185
2026-05-09 14:53:43,1,1,1,1714.8,0,14.5,430,1660,0,0.00,0.00,0,1,1.78,0.00,185
2026-05-09 14:53:43,1,1,1,1716.0,0,14.5,431,1661,0,0.00,0.00,0,1,1.78,0.00,185
2026-05-09 14:53:43,1,1,1,1716.0,0,14.5,431,1661,0,0.00,0.00,0,1,1.78,0.00,185
2026-05-09 14:53:43,1,1,1,1717.2,0,14.6,432,1662,0,0.00,0.00,0,1,1.78,0.00,185
2026-05-09 14:53:43,1,1,1,1717.5,0,14.6,433,1662,0,0.00,0.00,0,0,0.00,0.00,0
2026-05-09 14:53:43,1,1,1,1717.5,0,14.6,433,1662,0,0.00,0.00,0,0,0.00,0.00,0
2026-05-09 14:53:43,1,1,1,1715.8,0,14.7,434,1660,0,0.00,0.00,0,0,0.00,0.00,0
2026-05-09 14:53:43,1,1,1,1715.8,0,14.7,434,1660,0,0.00,0.00,0,1,1.82,0.00,466
2026-05-09 14:53:43,1,1,1,1712.2,0,14.7,435,1656,0,0.00,0.00,0,1,1.82,0.00,466
2026-05-09 14:53:43,1,1,1,1712.2,0,14.7,435,1656,0,0.00,0.00,0,1,1.82,0.00,466
2026-05-09 14:53:43,1,1,1,1706.8,0,14.7,433,1651,0,0.00,0.00,0,1,1.82,0.00,466
2026-05-09 14:53:43,1,1,1,1706.8,0,14.7,433,1651,0,0.00,0.00,0,1,1.82,0.00,466
2026-05-09 14:53:43,1,1,1,1704.4,0,14.6,431,1649,0,0.00,0.00,0,1,1.82,0.00,466
2026-05-09 14:53:43,1,1,1,1708.3,0,14.6,431,1653,0,0.00,0.00,0,1,1.82,0.00,466
2026-05-09 14:53:43,1,1,1,1708.3,0,14.6,431,1653,0,0.00,0.00,0,1,1.82,0.00,466
2026-05-09 14:53:43,1,1,1,1712.1,0,14.6,431,1657,0,0.00,0.00,0,1,1.82,0.00,466
2026-05-09 14:53:43,1,1,1,1712.1,0,14.6,431,1657,0,0.00,0.00,0,1,1.82,0.00,466
2026-05-09 14:53:44,1,1,1,1714.3,0,14.6,432,1659,0,0.00,0.00,0,1,1.76,0.00,778
2026-05-09 14:53:44,1,1,1,1714.3,0,14.6,432,1659,0,0.00,0.00,0,1,1.76,0.00,778
2026-05-09 14:53:44,1,1,1,1715.5,0,14.6,433,1660,0,0.00,0.00,0,1,1.75,0.00,1546
2026-05-09 14:53:44,1,1,1,1715.5,0,14.6,433,1660,0,0.00,0.00,0,1,1.75,0.00,1546
2026-05-09 14:53:44,1,1,1,1715.8,0,14.7,434,1660,0,0.00,0.00,0,1,1.75,0.00,1745
2026-05-09 14:53:44,1,1,1,1715.8,0,14.7,434,1660,0,0.00,0.00,0,1,1.75,0.00,1745
2026-05-09 14:53:44,1,1,1,1715.8,0,14.7,434,1660,0,0.00,0.00,0,1,1.75,0.00,1813
2026-05-09 14:53:44,1,1,1,1715.8,0,14.7,434,1660,0,0.00,0.00,0,1,1.75,0.00,1813
2026-05-09 14:53:44,1,1,1,1715.8,0,14.7,434,1660,0,0.00,0.00,0,1,1.75,0.00,1685
2026-05-09 14:53:44,1,1,1,1715.8,0,14.7,434,1660,0,0.00,0.00,0,1,1.75,0.00,1685
2026-05-09 14:53:54,1,1,1,2248.8,0,-3.7,-147,2244,0,0.00,0.00,0,0,0.00,0.00,0
2026-05-09 14:53:54,1,1,1,2248.8,0,-3.7,-147,2244,0,0.00,0.00,0,0,0.00,0.00,0
2026-05-09 14:53:54,1,1,1,2250.9,0,-3.8,-149,2246,0,0.00,0.00,0,0,0.00,0.00,0
2026-05-09 14:53:54,1,1,1,2250.9,0,-3.8,-149,2246,0,0.00,0.00,0,0,0.00,0.00,0
2026-05-09 14:53:54,1,1,1,2264.3,0,-4.6,-182,2257,0,0.00,0.00,0,0,0.00,0.00,0
2026-05-09 14:53:54,1,1,1,2322.8,0,-8.5,-345,2297,0,0.00,0.00,0,0,0.00,0.00,0
2026-05-09 14:53:54,1,1,1,2322.8,0,-8.5,-345,2297,0,0.00,0.00,0,0,0.00,0.00,0
2026-05-09 14:53:54,1,1,1,2476.4,0,-15.3,-652,2389,0,0.00,0.00,0,0,0.00,0.00,0
2026-05-09 14:53:54,1,1,1,2476.4,0,-15.3,-652,2389,0,0.00,0.00,0,0,0.00,0.00,0
2026-05-09 14:53:54,1,1,1,2647.7,0,-20.4,-922,2482,0,0.00,0.00,0,0,0.00,0.00,0
2026-05-09 14:53:55,1,1,1,2647.7,0,-20.4,-922,2482,0,0.00,0.00,0,0,0.00,0.00,0
2026-05-09 14:53:55,1,1,1,2816.2,0,-24.2,-1156,2568,0,0.00,0.00,0,0,0.00,0.00,0
2026-05-09 14:53:55,1,1,1,2975.0,0,-27.1,-1356,2648,0,0.00,0.00,0,0,0.00,0.00,0
2026-05-09 14:53:55,1,1,1,2975.0,0,-27.1,-1356,2648,0,0.00,0.00,0,0,0.00,0.00,0
2026-05-09 14:53:55,1,1,1,3116.6,0,-29.3,-1525,2718,0,0.00,0.00,0,1,2.30,0.00,865
2026-05-09 14:53:55,1,1,1,3116.6,0,-29.3,-1525,2718,0,0.00,0.00,0,1,2.30,0.00,865
2026-05-09 14:53:55,1,1,1,3241.2,0,-31.0,-1668,2779,0,0.00,0.00,0,1,2.31,0.00,538
2026-05-09 14:53:55,1,1,1,3241.2,0,-31.0,-1668,2779,0,0.00,0.00,0,1,2.31,0.00,538
2026-05-09 14:53:55,1,1,1,3349.2,0,-32.3,-1788,2832,0,0.00,0.00,0,1,2.31,0.00,538
2026-05-09 14:53:55,1,1,1,3349.2,0,-32.3,-1788,2832,0,0.00,0.00,0,1,2.31,0.00,538
2026-05-09 14:53:55,1,1,1,3440.3,0,-33.3,-1888,2876,0,0.00,0.00,0,1,2.31,0.00,538
2026-05-09 14:53:55,1,1,1,3504.1,0,-33.9,-1955,2908,0,0.00,0.00,0,1,2.31,0.00,538
2026-05-09 14:53:55,1,1,1,3504.1,0,-33.9,-1955,2908,0,0.00,0.00,0,1,2.31,0.00,538
2026-05-09 14:53:55,1,1,1,3273.4,0,-31.0,-1684,2807,0,0.00,0.00,0,1,2.31,0.00,538
2026-05-09 14:53:55,1,1,1,3273.4,0,-31.0,-1684,2807,0,0.00,0.00,0,1,2.31,0.00,538
2026-05-09 14:53:55,1,1,1,3061.9,0,-28.1,-1444,2700,0,0.00,0.00,0,1,2.31,0.00,538
2026-05-09 14:53:55,1,1,1,3061.9,0,-28.1,-1444,2700,0,0.00,0.00,0,1,2.31,0.00,538
2026-05-09 14:53:55,1,1,1,3022.3,0,-28.3,-1431,2662,0,0.00,0.00,0,1,2.31,0.00,538
2026-05-09 14:53:55,1,1,1,3036.6,0,-29.7,-1504,2638,0,0.00,0.00,0,1,2.31,0.00,538
2026-05-09 14:53:55,1,1,1,3036.6,0,-29.7,-1504,2638,0,0.00,0.00,0,1,2.31,0.00,538
2026-05-09 14:53:56,1,1,1,3066.6,0,-31.3,-1592,2621,0,0.00,0.00,0,1,2.31,0.00,538
2026-05-09 14:53:56,1,1,1,3066.6,0,-31.3,-1592,2621,0,0.00,0.00,0,0,0.00,0.00,0
2026-05-09 14:53:56,1,1,1,3105.6,0,-32.8,-1683,2610,0,0.00,0.00,0,0,0.00,0.00,0
2026-05-09 14:53:56,1,1,1,3105.6,0,-32.8,-1683,2610,0,0.00,0.00,0,0,0.00,0.00,0
2026-05-09 14:53:56,1,1,1,3147.5,0,-34.2,-1771,2602,0,0.00,0.00,0,0,0.00,0.00,0
2026-05-09 14:53:56,1,1,1,3147.5,0,-34.2,-1771,2602,0,0.00,0.00,0,0,0.00,0.00,0
2026-05-09 14:53:56,1,1,1,3190.3,0,-35.5,-1853,2597,0,0.00,0.00,0,0,0.00,0.00,0
2026-05-09 14:53:56,1,1,1,3230.0,0,-36.6,-1926,2593,0,0.00,0.00,0,0,0.00,0.00,0
2026-05-09 14:53:56,1,1,1,3230.0,0,-36.6,-1926,2593,0,0.00,0.00,0,0,0.00,0.00,0
2026-05-09 14:53:56,1,1,1,3267.0,0,-37.5,-1990,2591,0,0.00,0.00,0,0,0.00,0.00,0
2026-05-09 14:53:56,1,1,1,3267.0,0,-37.5,-1990,2591,0,0.00,0.00,0,0,0.00,0.00,0
2026-05-09 14:53:56,1,1,1,3299.2,0,-38.3,-2045,2589,0,0.00,0.00,0,0,0.00,0.00,0
2026-05-09 14:53:56,1,1,1,3299.2,0,-38.3,-2045,2589,0,0.00,0.00,0,1,2.21,0.00,706
2026-05-09 14:53:56,1,1,1,3328.4,0,-39.0,-2093,2588,0,0.00,0.00,0,1,2.21,0.00,706
2026-05-09 14:53:56,1,1,1,3328.4,0,-39.0,-2093,2588,0,0.00,0.00,0,1,2.21,0.00,706
2026-05-09 14:53:56,1,1,1,3341.9,0,-39.3,-2118,2585,0,0.00,0.00,0,1,2.21,0.00,706
2026-05-09 14:53:56,1,1,1,3209.0,0,-37.5,-1952,2547,0,0.00,0.00,0,1,2.23,0.00,569
2026-05-09 14:53:56,1,1,1,3209.0,0,-37.5,-1952,2547,0,0.00,0.00,0,1,2.23,0.00,569
2026-05-09 14:53:56,1,1,1,2962.7,0,-33.5,-1636,2470,0,0.00,0.00,0,1,2.23,0.00,569
2026-05-09 14:53:56,1,1,1,2962.7,0,-33.5,-1636,2470,0,0.00,0.00,0,1,2.23,0.00,569
2026-05-09 14:53:57,1,1,1,2768.7,0,-29.8,-1377,2402,0,0.00,0.00,0,1,2.23,0.00,569
2026-05-09 14:53:57,1,1,1,2768.7,0,-29.8,-1377,2402,0,0.00,0.00,0,1,2.23,0.00,569
2026-05-09 14:53:57,1,1,1,2633.6,0,-26.6,-1179,2355,0,0.00,0.00,0,1,2.23,0.00,569
2026-05-09 14:53:57,1,1,1,2517.3,0,-23.2,-991,2314,0,0.00,0.00,0,1,2.23,0.00,569
2026-05-09 14:53:57,1,1,1,2517.3,0,-23.2,-991,2314,0,0.00,0.00,0,1,2.23,0.00,569
2026-05-09 14:53:57,1,1,1,2424.3,0,-19.8,-821,2281,0,0.00,0.00,0,1,2.23,0.00,569
2026-05-09 14:53:57,1,1,1,2424.3,0,-19.8,-821,2281,0,0.00,0.00,0,1,1.25,0.06,242
2026-05-09 14:53:57,1,1,1,2348.2,0,-16.6,-672,2250,0,0.00,0.00,0,1,1.25,0.06,242
2026-05-09 14:53:57,1,1,1,2348.2,0,-16.6,-672,2250,0,0.00,0.00,0,1,1.25,0.03,100
2026-05-09 14:53:57,1,1,1,2293.4,0,-13.9,-552,2226,0,0.00,0.00,0,1,1.25,0.03,100
2026-05-09 14:53:57,1,1,1,2293.4,0,-13.9,-552,2226,0,0.00,0.00,0,1,1.25,0.03,100
2026-05-09 14:53:57,1,1,1,2263.1,0,-12.0,-469,2214,0,0.00,0.00,0,1,1.25,0.03,100
2026-05-09 14:53:57,1,1,1,2245.9,0,-10.5,-411,2208,0,0.00,0.00,0,1,1.25,0.03,100
2026-05-09 14:53:57,1,1,1,2245.9,0,-10.5,-411,2208,0,0.00,0.00,0,1,1.25,0.03,100
2026-05-09 14:53:57,1,1,1,2218.3,0,-9.2,-353,2190,0,0.00,0.00,0,1,1.25,0.03,100
2026-05-09 14:53:57,1,1,1,2218.3,0,-9.2,-353,2190,0,0.00,0.00,0,1,1.25,0.03,100
2026-05-09 14:53:57,1,1,1,2187.5,0,-7.5,-284,2169,0,0.00,0.00,0,1,1.25,0.03,100
2026-05-09 14:53:57,1,1,1,2187.5,0,-7.5,-284,2169,0,0.00,0.00,0,1,1.25,0.03,100
2026-05-09 14:53:57,1,1,1,2179.8,0,-6.2,-236,2167,0,0.00,0.00,0,1,1.25,0.03,100
2026-05-09 14:53:57,1,1,1,2195.6,0,-5.6,-215,2185,0,0.00,0.00,0,1,1.25,0.03,100
2026-05-09 14:53:58,1,1,1,2195.6,0,-5.6,-215,2185,0,0.00,0.00,0,1,2.29,0.00,1313
2026-05-09 14:53:58,1,1,1,2203.7,0,-5.4,-207,2194,0,0.00,0.00,0,1,2.29,0.00,1313
2026-05-09 14:53:58,1,1,1,2203.7,0,-5.4,-207,2194,0,0.00,0.00,0,1,2.31,0.00,1378
2026-05-09 14:53:58,1,1,1,2207.8,0,-5.1,-197,2199,0,0.00,0.00,0,1,2.31,0.00,1378
2026-05-09 14:53:58,1,1,1,2207.8,0,-5.1,-197,2199,0,0.00,0.00,0,1,2.37,0.00,890
2026-05-09 14:53:58,1,1,1,2211.0,0,-4.9,-188,2203,0,0.00,0.00,0,1,2.37,0.00,890
2026-05-09 14:53:58,1,1,1,2211.0,0,-4.9,-188,2203,0,0.00,0.00,0,1,2.37,0.00,890
2026-05-09 14:53:58,1,1,1,2214.5,0,-4.7,-182,2207,0,0.00,0.00,0,1,2.37,0.00,890
2026-05-09 14:53:58,1,1,1,2219.5,0,-4.7,-182,2212,0,0.00,0.00,0,1,2.37,0.00,890
2026-05-09 14:53:58,1,1,1,2219.5,0,-4.7,-182,2212,0,0.00,0.00,0,1,2.37,0.00,890
2026-05-09 14:53:58,1,1,1,2221.5,0,-4.7,-182,2214,0,0.00,0.00,0,1,2.37,0.00,890
2026-05-09 14:53:58,1,1,1,2221.5,0,-4.7,-182,2214,0,0.00,0.00,0,1,2.37,0.00,890
2026-05-09 14:53:58,1,1,1,2223.5,0,-4.7,-183,2216,0,0.00,0.00,0,1,2.37,0.00,890
2026-05-09 14:53:58,1,1,1,2223.5,0,-4.7,-183,2216,0,0.00,0.00,0,1,2.37,0.00,890
2026-05-09 14:53:58,1,1,1,2225.5,0,-4.7,-182,2218,0,0.00,0.00,0,1,2.30,0.00,377
2026-05-09 14:53:58,1,1,1,2225.3,0,-4.6,-180,2218,0,0.00,0.00,0,1,2.30,0.00,377
2026-05-09 14:53:58,1,1,1,2225.3,0,-4.6,-180,2218,0,0.00,0.00,0,1,2.30,0.00,377
2026-05-09 14:53:58,1,1,1,2226.1,0,-4.6,-178,2219,0,0.00,0.00,0,1,2.30,0.00,377
2026-05-09 14:53:58,1,1,1,2226.1,0,-4.6,-178,2219,0,0.00,0.00,0,1,2.30,0.00,377
2026-05-09 14:53:58,1,1,1,2224.9,0,-4.5,-175,2218,0,0.00,0.00,0,1,2.30,0.00,377
2026-05-09 14:53:59,1,1,1,2224.9,0,-4.5,-175,2218,0,0.00,0.00,0,1,2.30,0.00,377
2026-05-09 14:53:59,1,1,1,2223.7,0,-4.5,-173,2217,0,0.00,0.00,0,1,2.30,0.00,377
2026-05-09 14:53:59,1,1,1,2223.7,0,-4.5,-173,2217,0,0.00,0.00,0,1,2.30,0.00,2269
2026-05-09 14:53:59,1,1,1,2222.5,0,-4.4,-170,2216,0,0.00,0.00,0,1,2.30,0.00,2269
2026-05-09 14:53:59,1,1,1,2221.4,0,-4.4,-169,2215,0,0.00,0.00,0,1,2.30,0.00,2194
2026-05-09 14:53:59,1,1,1,2221.4,0,-4.4,-169,2215,0,0.00,0.00,0,1,2.30,0.00,2194
2026-05-09 14:53:59,1,1,1,2220.4,0,-4.3,-168,2214,0,0.00,0.00,0,1,2.29,0.00,904
2026-05-09 14:53:59,1,1,1,2220.4,0,-4.3,-168,2214,0,0.00,0.00,0,1,2.29,0.00,904
2026-05-09 14:53:59,1,1,1,2217.2,0,-4.3,-166,2211,0,0.00,0.00,0,1,2.29,0.00,904
2026-05-09 14:53:59,1,1,1,2217.2,0,-4.3,-166,2211,0,0.00,0.00,0,1,2.29,0.00,904
2026-05-09 14:53:59,1,1,1,2215.1,0,-4.2,-164,2209,0,0.00,0.00,0,1,2.29,0.00,904
2026-05-09 14:53:59,1,1,1,2211.9,0,-4.2,-162,2206,0,0.00,0.00,0,1,2.29,0.00,904
2026-05-09 14:53:59,1,1,1,2211.9,0,-4.2,-162,2206,0,0.00,0.00,0,1,2.29,0.00,904
2026-05-09 14:53:59,1,1,1,2209.8,0,-4.2,-160,2204,0,0.00,0.00,0,1,2.29,0.00,904
2026-05-09 14:53:59,1,1,1,2209.8,0,-4.2,-160,2204,0,0.00,0.00,0,1,2.29,0.00,904
2026-05-09 14:53:59,1,1,1,2207.7,0,-4.1,-158,2202,0,0.00,0.00,0,1,2.29,0.00,904
2026-05-09 14:53:59,1,1,1,2207.7,0,-4.1,-158,2202,0,0.00,0.00,0,1,2.29,0.00,904
2026-05-09 14:53:59,1,1,1,2205.5,0,-4.1,-156,2200,0,0.00,0.00,0,1,2.29,0.00,904
2026-05-09 14:53:59,1,1,1,2205.5,0,-4.1,-156,2200,0,0.00,0.00,0,1,2.29,0.00,904
2026-05-09 14:53:59,1,1,1,2203.3,0,-4.0,-153,2198,0,0.00,0.00,0,1,2.29,0.00,904
2026-05-09 14:54:00,1,1,1,2202.3,0,-4.0,-152,2197,0,0.00,0.00,0,1,2.29,0.00,904
2026-05-09 14:54:00,1,1,1,2202.3,0,-4.0,-152,2197,0,0.00,0.00,0,0,0.00,0.00,0
2026-05-09 14:54:00,1,1,1,2203.4,0,-4.0,-154,2198,0,0.00,0.00,0,0,0.00,0.00,0
2026-05-09 14:54:00,1,1,1,2203.4,0,-4.0,-154,2198,0,0.00,0.00,0,0,0.00,0.00,0
2026-05-09 14:54:00,1,1,1,2201.2,0,-3.9,-151,2196,0,0.00,0.00,0,0,0.00,0.00,0
2026-05-09 14:54:00,1,1,1,2201.2,0,-3.9,-151,2196,0,0.00,0.00,0,0,0.00,0.00,0
2026-05-09 14:54:00,1,1,1,2199.0,0,-3.9,-148,2194,0,0.00,0.00,0,0,0.00,0.00,0
2026-05-09 14:54:00,1,1,1,2196.7,0,-3.8,-144,2192,0,0.00,0.00,0,0,0.00,0.00,0
2026-05-09 14:54:00,1,1,1,2196.7,0,-3.8,-144,2192,0,0.00,0.00,0,0,0.00,0.00,0
2026-05-09 14:54:00,1,1,1,2194.5,0,-3.7,-140,2190,0,0.00,0.00,0,0,0.00,0.00,0
2026-05-09 14:54:00,1,1,1,2194.5,0,-3.7,-140,2190,0,0.00,0.00,0,0,0.00,0.00,0
2026-05-09 14:54:00,1,1,1,2192.2,0,-3.5,-135,2188,0,0.00,0.00,0,0,0.00,0.00,0
2026-05-09 14:54:00,1,1,1,2192.2,0,-3.5,-135,2188,0,0.00,0.00,0,0,0.00,0.00,0
2026-05-09 14:54:00,1,1,1,2192.0,0,-3.5,-133,2188,0,0.00,0.00,0,0,0.00,0.00,0
2026-05-09 14:54:00,1,1,1,2192.0,0,-3.5,-133,2188,0,0.00,0.00,0,0,0.00,0.00,0
2026-05-09 14:54:00,1,1,1,2194.0,0,-3.4,-132,2190,0,0.00,0.00,0,0,0.00,0.00,0
2026-05-09 14:54:00,1,1,1,2197.0,0,-3.4,-132,2193,0,0.00,0.00,0,0,0.00,0.00,0
2026-05-09 14:54:00,1,1,1,2197.0,0,-3.4,-132,2193,0,0.00,0.00,0,0,0.00,0.00,0
2026-05-09 14:54:00,1,1,1,2200.9,0,-3.4,-131,2197,0,0.00,0.00,0,0,0.00,0.00,0
2026-05-09 14:54:00,1,1,1,2200.9,0,-3.4,-131,2197,0,0.00,0.00,0,0,0.00,0.00,0
2026-05-09 14:54:01,1,1,1,2207.9,0,-3.4,-131,2204,0,0.00,0.00,0,0,0.00,0.00,0
2026-05-09 14:54:01,1,1,1,2207.9,0,-3.4,-131,2204,0,0.00,0.00,0,0,0.00,0.00,0
2026-05-09 14:54:01,1,1,1,2214.9,0,-3.4,-132,2211,0,0.00,0.00,0,0,0.00,0.00,0
2026-05-09 14:54:01,1,1,1,2217.9,0,-3.4,-132,2214,0,0.00,0.00,0,0,0.00,0.00,0
2026-05-09 14:54:01,1,1,1,2217.9,0,-3.4,-132,2214,0,0.00,0.00,0,0,0.00,0.00,0
2026-05-09 14:54:01,1,1,1,2219.9,0,-3.4,-131,2216,0,0.00,0.00,0,0,0.00,0.00,0
2026-05-09 14:54:01,1,1,1,2219.9,0,-3.4,-131,2216,0,0.00,0.00,0,0,0.00,0.00,0
2026-05-09 14:54:01,1,1,1,2220.8,0,-3.4,-130,2217,0,0.00,0.00,0,0,0.00,0.00,0
2026-05-09 14:54:01,1,1,1,2220.8,0,-3.4,-130,2217,0,0.00,0.00,0,0,0.00,0.00,0
2026-05-09 14:54:01,1,1,1,2219.8,0,-3.3,-129,2216,0,0.00,0.00,0,0,0.00,0.00,0
2026-05-09 14:54:01,1,1,1,2219.8,0,-3.3,-129,2216,0,0.00,0.00,0,0,0.00,0.00,0
2026-05-09 14:54:01,1,1,1,2216.8,0,-3.4,-130,2213,0,0.00,0.00,0,0,0.00,0.00,0
2026-05-09 14:54:01,1,1,1,2212.1,0,-3.5,-134,2208,0,0.00,0.00,0,0,0.00,0.00,0
2026-05-09 14:54:01,1,1,1,2212.1,0,-3.5,-134,2208,0,0.00,0.00,0,0,0.00,0.00,0
2026-05-09 14:54:01,1,1,1,2211.5,0,-3.7,-141,2207,0,0.00,0.00,0,0,0.00,0.00,0
2026-05-09 14:54:01,1,1,1,2211.5,0,-3.7,-141,2207,0,0.00,0.00,0,0,0.00,0.00,0
2026-05-09 14:54:01,1,1,1,2217.0,0,-3.9,-149,2212,0,0.00,0.00,0,0,0.00,0.00,0
2026-05-09 14:54:01,1,1,1,2217.0,0,-3.9,-149,2212,0,0.00,0.00,0,0,0.00,0.00,0
2026-05-09 14:54:01,1,1,1,2223.3,0,-4.0,-154,2218,0,0.00,0.00,0,0,0.00,0.00,0
2026-05-09 14:54:01,1,1,1,2223.3,0,-4.0,-154,2218,0,0.00,0.00,0,0,0.00,0.00,0
2026-05-09 14:54:02,1,1,1,2232.6,0,-4.1,-158,2227,0,0.00,0.00,0,0,0.00,0.00,0
2026-05-09 14:54:02,1,1,1,2244.9,0,-4.1,-162,2239,0,0.00,0.00,0,0,0.00,0.00,0
2026-05-09 14:54:02,1,1,1,2244.9,0,-4.1,-162,2239,0,0.00,0.00,0,0,0.00,0.00,0
2026-05-09 14:54:02,1,1,1,2258.3,0,-4.3,-168,2252,0,0.00,0.00,0,0,0.00,0.00,0
2026-05-09 14:54:02,1,1,1,2258.3,0,-4.3,-168,2252,0,0.00,0.00,0,0,0.00,0.00,0
2026-05-09 14:54:02,1,1,1,2273.3,0,-4.6,-182,2266,0,0.00,0.00,0,0,0.00,0.00,0
2026-05-09 14:54:02,1,1,1,2273.3,0,-4.6,-182,2266,0,0.00,0.00,0,0,0.00,0.00,0
2026-05-09 14:54:02,1,1,1,2288.8,0,-5.0,-200,2280,0,0.00,0.00,0,0,0.00,0.00,0
2026-05-09 14:54:02,1,1,1,2301.7,0,-5.3,-211,2292,0,0.00,0.00,0,0,0.00,0.00,0
2026-05-09 14:54:02,1,1,1,2301.7,0,-5.3,-211,2292,0,0.00,0.00,0,0,0.00,0.00,0
2026-05-09 14:54:02,1,1,1,2303.2,0,-5.1,-206,2294,0,0.00,0.00,0,0,0.00,0.00,0
2026-05-09 14:54:02,1,1,1,2303.2,0,-5.1,-206,2294,0,0.00,0.00,0,0,0.00,0.00,0
2026-05-09 14:54:02,1,1,1,2300.7,0,-5.0,-200,2292,0,0.00,0.00,0,0,0.00,0.00,0
2026-05-09 14:54:02,1,1,1,2300.7,0,-5.0,-200,2292,0,0.00,0.00,0,0,0.00,0.00,0
2026-05-09 14:54:02,1,1,1,2296.3,0,-4.9,-195,2288,0,0.00,0.00,0,0,0.00,0.00,0
2026-05-09 14:54:02,1,1,1,2296.3,0,-4.9,-195,2288,0,0.00,0.00,0,0,0.00,0.00,0
2026-05-09 14:54:02,1,1,1,2291.9,0,-4.8,-190,2284,0,0.00,0.00,0,0,0.00,0.00,0
2026-05-09 14:54:02,1,1,1,2287.6,0,-4.7,-186,2280,0,0.00,0.00,0,0,0.00,0.00,0
2026-05-09 14:54:02,1,1,1,2287.6,0,-4.7,-186,2280,0,0.00,0.00,0,0,0.00,0.00,0
2026-05-09 14:54:02,1,1,1,2282.3,0,-4.6,-182,2275,0,0.00,0.00,0,0,0.00,0.00,0
2026-05-09 14:54:03,1,1,1,2282.3,0,-4.6,-182,2275,0,0.00,0.00,0,0,0.00,0.00,0
2026-05-09 14:54:03,1,1,1,2276.9,0,-4.5,-177,2270,0,0.00,0.00,0,0,0.00,0.00,0
2026-05-09 14:54:03,1,1,1,2276.9,0,-4.5,-177,2270,0,0.00,0.00,0,0,0.00,0.00,0
2026-05-09 14:54:03,1,1,1,2271.6,0,-4.4,-173,2265,0,0.00,0.00,0,0,0.00,0.00,0
2026-05-09 14:54:03,1,1,1,2268.4,0,-4.3,-170,2262,0,0.00,0.00,0,0,0.00,0.00,0
2026-05-09 14:54:03,1,1,1,2268.4,0,-4.3,-170,2262,0,0.00,0.00,0,0,0.00,0.00,0
2026-05-09 14:54:03,1,1,1,2265.2,0,-4.2,-167,2259,0,0.00,0.00,0,0,0.00,0.00,0
2026-05-09 14:54:03,1,1,1,2265.2,0,-4.2,-167,2259,0,0.00,0.00,0,0,0.00,0.00,0
2026-05-09 14:54:03,1,1,1,2265.2,0,-4.2,-167,2259,0,0.00,0.00,0,0,0.00,0.00,0
2026-05-09 14:54:03,1,1,1,2265.2,0,-4.2,-167,2259,0,0.00,0.00,0,0,0.00,0.00,0
2026-05-09 14:54:03,1,1,1,2265.3,0,-4.3,-169,2259,0,0.00,0.00,0,0,0.00,0.00,0
2026-05-09 14:54:03,1,1,1,2265.3,0,-4.3,-169,2259,0,0.00,0.00,0,0,0.00,0.00,0
2026-05-09 14:54:03,1,1,1,2263.5,0,-4.4,-172,2257,0,0.00,0.00,0,0,0.00,0.00,0
2026-05-09 14:54:03,1,1,1,2260.6,0,-4.4,-173,2254,0,0.00,0.00,0,0,0.00,0.00,0
2026-05-09 14:54:03,1,1,1,2260.6,0,-4.4,-173,2254,0,0.00,0.00,0,0,0.00,0.00,0
2026-05-09 14:54:03,1,1,1,2257.6,0,-4.4,-172,2251,0,0.00,0.00,0,0,0.00,0.00,0
2026-05-09 14:54:03,1,1,1,2257.6,0,-4.4,-172,2251,0,0.00,0.00,0,0,0.00,0.00,0
2026-05-09 14:54:03,1,1,1,2252.3,0,-4.3,-169,2246,0,0.00,0.00,0,0,0.00,0.00,0
2026-05-09 14:54:03,1,1,1,2252.3,0,-4.3,-169,2246,0,0.00,0.00,0,0,0.00,0.00,0
2026-05-09 14:54:03,1,1,1,2246.1,0,-4.2,-165,2240,0,0.00,0.00,0,0,0.00,0.00,0
2026-05-09 14:54:04,1,1,1,2238.7,0,-4.1,-160,2233,0,0.00,0.00,0,0,0.00,0.00,0
2026-05-09 14:54:04,1,1,1,2238.7,0,-4.1,-160,2233,0,0.00,0.00,0,0,0.00,0.00,0
2026-05-09 14:54:04,1,1,1,2235.5,0,-4.0,-157,2230,0,0.00,0.00,0,0,0.00,0.00,0
2026-05-09 14:54:04,1,1,1,2235.5,0,-4.0,-157,2230,0,0.00,0.00,0,0,0.00,0.00,0
2026-05-09 14:54:04,1,1,1,2234.4,0,-4.0,-155,2229,0,0.00,0.00,0,0,0.00,0.00,0
2026-05-09 14:54:04,1,1,1,2234.4,0,-4.0,-155,2229,0,0.00,0.00,0,0,0.00,0.00,0
2026-05-09 14:54:04,1,1,1,2251.8,0,-4.5,-175,2245,0,0.00,0.00,0,0,0.00,0.00,0
2026-05-09 14:54:04,1,1,1,2251.8,0,-4.5,-175,2245,0,0.00,0.00,0,0,0.00,0.00,0
2026-05-09 14:54:04,1,1,1,2272.6,0,-5.0,-197,2264,0,0.00,0.00,0,0,0.00,0.00,0
2026-05-09 14:54:04,1,1,1,2275.7,0,-5.0,-199,2267,0,0.00,0.00,0,0,0.00,0.00,0
2026-05-09 14:54:04,1,1,1,2275.7,0,-5.0,-199,2267,0,0.00,0.00,0,0,0.00,0.00,0
2026-05-09 14:54:04,1,1,1,2274.5,0,-5.0,-197,2266,0,0.00,0.00,0,0,0.00,0.00,0
2026-05-09 14:54:04,1,1,1,2274.5,0,-5.0,-197,2266,0,0.00,0.00,0,0,0.00,0.00,0
2026-05-09 14:54:04,1,1,1,2266.1,0,-4.8,-191,2258,0,0.00,0.00,0,0,0.00,0.00,0
2026-05-09 14:54:04,1,1,1,2266.1,0,-4.8,-191,2258,0,0.00,0.00,0,0,0.00,0.00,0
2026-05-09 14:54:04,1,1,1,2252.7,0,-4.7,-186,2245,0,0.00,0.00,0,0,0.00,0.00,0
2026-05-09 14:54:04,1,1,1,2241.2,0,-4.6,-180,2234,0,0.00,0.00,0,0,0.00,0.00,0
2026-05-09 14:54:04,1,1,1,2241.2,0,-4.6,-180,2234,0,0.00,0.00,0,0,0.00,0.00,0
2026-05-09 14:54:04,1,1,1,2235.7,0,-4.4,-173,2229,0,0.00,0.00,0,0,0.00,0.00,0
2026-05-09 14:54:04,1,1,1,2235.7,0,-4.4,-173,2229,0,0.00,0.00,0,0,0.00,0.00,0
2026-05-09 14:54:05,1,1,1,2232.3,0,-4.3,-167,2226,0,0.00,0.00,0,0,0.00,0.00,0
2026-05-09 14:54:05,1,1,1,2232.3,0,-4.3,-167,2226,0,0.00,0.00,0,0,0.00,0.00,0
2026-05-09 14:54:05,1,1,1,2234.7,0,-4.1,-160,2229,0,0.00,0.00,0,0,0.00,0.00,0
2026-05-09 14:54:05,1,1,1,2234.7,0,-4.1,-160,2229,0,0.00,0.00,0,0,0.00,0.00,0
2026-05-09 14:54:05,1,1,1,2236.2,0,-3.9,-153,2231,0,0.00,0.00,0,0,0.00,0.00,0
2026-05-09 14:54:05,1,1,1,2233.0,0,-3.9,-150,2228,0,0.00,0.00,0,0,0.00,0.00,0
2026-05-09 14:54:05,1,1,1,2233.0,0,-3.9,-150,2228,0,0.00,0.00,0,0,0.00,0.00,0
2026-05-09 14:54:05,1,1,1,2229.9,0,-3.8,-148,2225,0,0.00,0.00,0,0,0.00,0.00,0
2026-05-09 14:54:05,1,1,1,2229.9,0,-3.8,-148,2225,0,0.00,0.00,0,0,0.00,0.00,0
2026-05-09 14:54:05,1,1,1,2230.9,0,-3.8,-148,2226,0,0.00,0.00,0,0,0.00,0.00,0
2026-05-09 14:54:05,1,1,1,2230.9,0,-3.8,-148,2226,0,0.00,0.00,0,0,0.00,0.00,0
2026-05-09 14:54:05,1,1,1,2235.8,0,-3.7,-146,2231,0,0.00,0.00,0,0,0.00,0.00,0
2026-05-09 14:54:05,1,1,1,2235.8,0,-3.7,-146,2231,0,0.00,0.00,0,0,0.00,0.00,0
2026-05-09 14:54:05,1,1,1,2239.6,0,-3.7,-144,2235,0,0.00,0.00,0,0,0.00,0.00,0
2026-05-09 14:54:05,1,1,1,2238.6,0,-3.7,-144,2234,0,0.00,0.00,0,0,0.00,0.00,0
2026-05-09 14:54:05,1,1,1,2238.6,0,-3.7,-144,2234,0,0.00,0.00,0,0,0.00,0.00,0
2026-05-09 14:54:05,1,1,1,2237.6,0,-3.7,-143,2233,0,0.00,0.00,0,0,0.00,0.00,0
2026-05-09 14:54:05,1,1,1,2237.6,0,-3.7,-143,2233,0,0.00,0.00,0,0,0.00,0.00,0
2026-05-09 14:54:05,1,1,1,2235.5,0,-3.6,-142,2231,0,0.00,0.00,0,0,0.00,0.00,0
2026-05-09 14:54:05,1,1,1,2235.5,0,-3.6,-142,2231,0,0.00,0.00,0,0,0.00,0.00,0
2026-05-09 14:54:06,1,1,1,2234.4,0,-3.6,-140,2230,0,0.00,0.00,0,0,0.00,0.00,0
2026-05-09 14:54:06,1,1,1,2232.1,0,-3.5,-135,2228,0,0.00,0.00,0,0,0.00,0.00,0
2026-05-09 14:54:06,1,1,1,2232.1,0,-3.5,-135,2228,0,0.00,0.00,0,0,0.00,0.00,0
2026-05-09 14:54:06,1,1,1,2229.7,0,-3.3,-129,2226,0,0.00,0.00,0,0,0.00,0.00,0
2026-05-09 14:54:06,1,1,1,2229.7,0,-3.3,-129,2226,0,0.00,0.00,0,0,0.00,0.00,0
2026-05-09 14:54:06,1,1,1,2228.4,0,-3.2,-123,2225,0,0.00,0.00,0,0,0.00,0.00,0
2026-05-09 14:54:06,1,1,1,2228.4,0,-3.2,-123,2225,0,0.00,0.00,0,0,0.00,0.00,0
2026-05-09 14:54:06,1,1,1,2228.4,0,-3.2,-123,2225,0,0.00,0.00,0,0,0.00,0.00,0
2026-05-09 14:54:06,1,1,1,2228.4,0,-3.2,-123,2225,0,0.00,0.00,0,0,0.00,0.00,0
2026-05-09 14:54:06,1,1,1,2226.2,0,-3.1,-120,2223,0,0.00,0.00,0,0,0.00,0.00,0
2026-05-09 14:54:06,1,1,1,2229.2,0,-3.1,-120,2226,0,0.00,0.00,0,0,0.00,0.00,0
2026-05-09 14:54:06,1,1,1,2229.2,0,-3.1,-120,2226,0,0.00,0.00,0,0,0.00,0.00,0
2026-05-09 14:54:06,1,1,1,2232.4,0,-3.2,-123,2229,0,0.00,0.00,0,0,0.00,0.00,0
2026-05-09 14:54:06,1,1,1,2232.4,0,-3.2,-123,2229,0,0.00,0.00,0,0,0.00,0.00,0
2026-05-09 14:54:06,1,1,1,2234.6,0,-3.3,-127,2231,0,0.00,0.00,0,0,0.00,0.00,0
2026-05-09 14:54:06,1,1,1,2234.6,0,-3.3,-127,2231,0,0.00,0.00,0,0,0.00,0.00,0
2026-05-09 14:54:06,1,1,1,2233.7,0,-3.3,-129,2230,0,0.00,0.00,0,0,0.00,0.00,0
2026-05-09 14:54:06,1,1,1,2230.8,0,-3.3,-130,2227,0,0.00,0.00,0,0,0.00,0.00,0
2026-05-09 14:54:06,1,1,1,2230.8,0,-3.3,-130,2227,0,0.00,0.00,0,0,0.00,0.00,0
2026-05-09 14:54:06,1,1,1,2227.7,0,-3.3,-129,2224,0,0.00,0.00,0,0,0.00,0.00,0
2026-05-09 14:54:07,1,1,1,2227.7,0,-3.3,-129,2224,0,0.00,0.00,0,1,2.28,0.00,362
2026-05-09 14:54:07,1,1,1,2222.6,0,-3.3,-127,2219,0,0.00,0.00,0,1,2.28,0.00,362
2026-05-09 14:54:07,1,1,1,2222.6,0,-3.3,-127,2219,0,0.00,0.00,0,1,2.28,0.00,362
2026-05-09 14:54:07,1,1,1,2216.5,0,-3.2,-125,2213,0,0.00,0.00,0,1,2.28,0.00,362
2026-05-09 14:54:07,1,1,1,2216.5,0,-3.2,-125,2213,0,0.00,0.00,0,1,2.28,0.00,362
2026-05-09 14:54:07,1,1,1,2210.5,0,-3.2,-125,2207,0,0.00,0.00,0,1,2.28,0.00,362
2026-05-09 14:54:07,1,1,1,2199.7,0,-3.3,-127,2196,0,0.00,0.00,0,1,2.28,0.00,362
2026-05-09 14:54:07,1,1,1,2199.7,0,-3.3,-127,2196,0,0.00,0.00,0,1,2.28,0.00,362
2026-05-09 14:54:07,1,1,1,2188.9,0,-3.4,-131,2185,0,0.00,0.00,0,1,2.28,0.00,362
2026-05-09 14:54:07,1,1,1,2188.9,0,-3.4,-131,2185,0,0.00,0.00,0,1,2.28,0.00,362
2026-05-09 14:54:07,1,1,1,2175.3,0,-3.6,-137,2171,0,0.00,0.00,0,1,2.28,0.00,362
2026-05-09 14:54:07,1,1,1,2175.3,0,-3.6,-137,2171,0,0.00,0.00,0,1,2.28,0.00,362
2026-05-09 14:54:07,1,1,1,2162.7,0,-3.8,-142,2158,0,0.00,0.00,0,1,2.28,0.00,362
2026-05-09 14:54:07,1,1,1,2151.0,0,-3.9,-147,2146,0,0.00,0.00,0,1,2.28,0.00,362
2026-05-09 14:54:07,1,1,1,2151.0,0,-3.9,-147,2146,0,0.00,0.00,0,1,2.28,0.00,362
2026-05-09 14:54:07,1,1,1,2145.5,0,-4.1,-154,2140,0,0.00,0.00,0,0,0.00,0.00,0
2026-05-09 14:54:07,1,1,1,2145.5,0,-4.1,-154,2140,0,0.00,0.00,0,0,0.00,0.00,0
2026-05-09 14:54:07,1,1,1,2146.8,0,-4.2,-158,2141,0,0.00,0.00,0,0,0.00,0.00,0
2026-05-09 14:54:07,1,1,1,2146.8,0,-4.2,-158,2141,0,0.00,0.00,0,0,0.00,0.00,0
2026-05-09 14:54:07,1,1,1,2147.9,0,-4.2,-159,2142,0,0.00,0.00,0,0,0.00,0.00,0
2026-05-09 14:54:08,1,1,1,2147.9,0,-4.2,-159,2142,0,0.00,0.00,0,1,2.31,0.00,592
2026-05-09 14:54:08,1,1,1,2151.0,0,-4.3,-160,2145,0,0.00,0.00,0,1,2.31,0.00,592
2026-05-09 14:54:08,1,1,1,2152.7,0,-4.2,-156,2147,0,0.00,0.00,0,1,2.31,0.00,592
2026-05-09 14:54:08,1,1,1,2152.7,0,-4.2,-156,2147,0,0.00,0.00,0,1,2.31,0.00,592
2026-05-09 14:54:08,1,1,1,2154.2,0,-4.0,-149,2149,0,0.00,0.00,0,1,2.31,0.00,592
2026-05-09 14:54:08,1,1,1,2154.2,0,-4.0,-149,2149,0,0.00,0.00,0,1,2.31,0.00,592
2026-05-09 14:54:08,1,1,1,2156.7,0,-3.8,-143,2152,0,0.00,0.00,0,1,2.31,0.00,592
2026-05-09 14:54:08,1,1,1,2156.7,0,-3.8,-143,2152,0,0.00,0.00,0,1,2.31,0.00,592
2026-05-09 14:54:08,1,1,1,2158.4,0,-3.6,-137,2154,0,0.00,0.00,0,1,2.31,0.00,592
2026-05-09 14:54:08,1,1,1,2160.0,0,-3.5,-132,2156,0,0.00,0.00,0,1,2.31,0.00,592
2026-05-09 14:54:08,1,1,1,2160.0,0,-3.5,-132,2156,0,0.00,0.00,0,1,2.31,0.00,592
2026-05-09 14:54:08,1,1,1,2162.7,0,-3.3,-126,2159,0,0.00,0.00,0,1,2.31,0.00,592
2026-05-09 14:54:08,1,1,1,2162.7,0,-3.3,-126,2159,0,0.00,0.00,0,1,2.31,0.00,592
2026-05-09 14:54:08,1,1,1,2164.4,0,-3.2,-121,2161,0,0.00,0.00,0,1,2.31,0.00,592
2026-05-09 14:54:08,1,1,1,2164.4,0,-3.2,-121,2161,0,0.00,0.00,0,1,2.31,0.00,592
2026-05-09 14:54:08,1,1,1,2167.3,0,-3.1,-119,2164,0,0.00,0.00,0,0,0.00,0.00,0
2026-05-09 14:54:08,1,1,1,2167.3,0,-3.1,-119,2164,0,0.00,0.00,0,0,0.00,0.00,0
2026-05-09 14:54:08,1,1,1,2168.4,0,-3.2,-122,2165,0,0.00,0.00,0,0,0.00,0.00,0
2026-05-09 14:54:08,1,1,1,2167.7,0,-3.3,-126,2164,0,0.00,0.00,0,1,2.26,0.00,785
2026-05-09 14:54:08,1,1,1,2167.7,0,-3.3,-126,2164,0,0.00,0.00,0,1,2.26,0.00,785
2026-05-09 14:54:09,1,1,1,2165.8,0,-3.4,-129,2162,0,0.00,0.00,0,1,2.26,0.00,904
2026-05-09 14:54:09,1,1,1,2165.8,0,-3.4,-129,2162,0,0.00,0.00,0,1,2.26,0.00,904
2026-05-09 14:54:09,1,1,1,2166.0,0,-3.5,-132,2162,0,0.00,0.00,0,1,2.26,0.00,1249
2026-05-09 14:54:09,1,1,1,2166.0,0,-3.5,-132,2162,0,0.00,0.00,0,1,2.26,0.00,1249
2026-05-09 14:54:09,1,1,1,2172.1,0,-3.5,-134,2168,0,0.00,0.00,0,1,2.26,0.00,1249
2026-05-09 14:54:09,1,1,1,2180.1,0,-3.5,-133,2176,0,0.00,0.00,0,1,2.26,0.00,1249
2026-05-09 14:54:09,1,1,1,2180.1,0,-3.5,-133,2176,0,0.00,0.00,0,1,2.26,0.00,1249
2026-05-09 14:54:09,1,1,1,2189.0,0,-3.5,-132,2185,0,0.00,0.00,0,1,2.26,0.00,1249
2026-05-09 14:54:09,1,1,1,2189.0,0,-3.5,-132,2185,0,0.00,0.00,0,1,2.26,0.00,1249
2026-05-09 14:54:09,1,1,1,2195.8,0,-3.4,-129,2192,0,0.00,0.00,0,1,2.26,0.00,1249
2026-05-09 14:54:09,1,1,1,2195.8,0,-3.4,-129,2192,0,0.00,0.00,0,1,2.26,0.00,1249
2026-05-09 14:54:09,1,1,1,2200.7,0,-3.3,-127,2197,0,0.00,0.00,0,1,2.26,0.00,1249
2026-05-09 14:54:09,1,1,1,2200.7,0,-3.3,-127,2197,0,0.00,0.00,0,1,2.26,0.00,1249
2026-05-09 14:54:09,1,1,1,2208.7,0,-3.3,-127,2205,0,0.00,0.00,0,1,2.26,0.00,1249
2026-05-09 14:54:09,1,1,1,2215.6,0,-3.3,-126,2212,0,0.00,0.00,0,1,2.26,0.00,1249
2026-05-09 14:54:09,1,1,1,2215.6,0,-3.3,-126,2212,0,0.00,0.00,0,1,2.26,0.00,1249
2026-05-09 14:54:09,1,1,1,2218.4,0,-3.2,-122,2215,0,0.00,0.00,0,1,2.26,0.00,1249
2026-05-09 14:54:09,1,1,1,2218.4,0,-3.2,-122,2215,0,0.00,0.00,0,0,0.00,0.00,0
2026-05-09 14:54:09,1,1,1,2216.1,0,-3.1,-118,2213,0,0.00,0.00,0,0,0.00,0.00,0
2026-05-09 14:54:09,1,1,1,2216.1,0,-3.1,-118,2213,0,0.00,0.00,0,0,0.00,0.00,0
2026-05-09 14:54:10,1,1,1,2210.8,0,-2.9,-112,2208,0,0.00,0.00,0,0,0.00,0.00,0
2026-05-09 14:54:10,1,1,1,2204.6,0,-2.8,-107,2202,0,0.00,0.00,0,0,0.00,0.00,0
2026-05-09 14:54:10,1,1,1,2204.6,0,-2.8,-107,2202,0,0.00,0.00,0,0,0.00,0.00,0
2026-05-09 14:54:10,1,1,1,2203.6,0,-2.8,-106,2201,0,0.00,0.00,0,0,0.00,0.00,0
2026-05-09 14:54:10,1,1,1,2203.6,0,-2.8,-106,2201,0,0.00,0.00,0,0,0.00,0.00,0
2026-05-09 14:54:10,1,1,1,2204.6,0,-2.8,-108,2202,0,0.00,0.00,0,0,0.00,0.00,0
2026-05-09 14:54:10,1,1,1,2204.6,0,-2.8,-108,2202,0,0.00,0.00,0,0,0.00,0.00,0
2026-05-09 14:54:10,1,1,1,2205.7,0,-2.9,-110,2203,0,0.00,0.00,0,0,0.00,0.00,0
2026-05-09 14:54:10,1,1,1,2205.7,0,-2.9,-110,2203,0,0.00,0.00,0,0,0.00,0.00,0
2026-05-09 14:54:10,1,1,1,2205.9,0,-2.9,-113,2203,0,0.00,0.00,0,0,0.00,0.00,0
2026-05-09 14:54:10,1,1,1,2205.1,0,-3.0,-116,2202,0,0.00,0.00,0,0,0.00,0.00,0
2026-05-09 14:54:10,1,1,1,2205.1,0,-3.0,-116,2202,0,0.00,0.00,0,0,0.00,0.00,0
2026-05-09 14:54:10,1,1,1,2203.3,0,-3.1,-120,2200,0,0.00,0.00,0,0,0.00,0.00,0
2026-05-09 14:54:10,1,1,1,2203.3,0,-3.1,-120,2200,0,0.00,0.00,0,0,0.00,0.00,0
2026-05-09 14:54:10,1,1,1,2202.4,0,-3.2,-122,2199,0,0.00,0.00,0,0,0.00,0.00,0
2026-05-09 14:54:10,1,1,1,2202.4,0,-3.2,-122,2199,0,0.00,0.00,0,0,0.00,0.00,0
2026-05-09 14:54:10,1,1,1,2200.5,0,-3.2,-124,2197,0,0.00,0.00,0,0,0.00,0.00,0
2026-05-09 14:54:10,1,1,1,2200.5,0,-3.2,-124,2197,0,0.00,0.00,0,0,0.00,0.00,0
2026-05-09 14:54:10,1,1,1,2199.6,0,-3.3,-125,2196,0,0.00,0.00,0,0,0.00,0.00,0
2026-05-09 14:54:10,1,1,1,2198.6,0,-3.3,-126,2195,0,0.00,0.00,0,0,0.00,0.00,0
2026-05-09 14:54:11,1,1,1,2198.6,0,-3.3,-126,2195,0,0.00,0.00,0,0,0.00,0.00,0
2026-05-09 14:54:11,1,1,1,2197.7,0,-3.3,-128,2194,0,0.00,0.00,0,0,0.00,0.00,0
2026-05-09 14:54:11,1,1,1,2197.7,0,-3.3,-128,2194,0,0.00,0.00,0,0,0.00,0.00,0
2026-05-09 14:54:11,1,1,1,2198.4,0,-3.2,-123,2195,0,0.00,0.00,0,0,0.00,0.00,0
2026-05-09 14:54:11,1,1,1,2198.4,0,-3.2,-123,2195,0,0.00,0.00,0,0,0.00,0.00,0
2026-05-09 14:54:11,1,1,1,2199.1,0,-3.0,-117,2196,0,0.00,0.00,0,0,0.00,0.00,0
2026-05-09 14:54:11,1,1,1,2199.1,0,-3.0,-116,2196,0,0.00,0.00,0,0,0.00,0.00,0
2026-05-09 14:54:11,1,1,1,2199.1,0,-3.0,-116,2196,0,0.00,0.00,0,0,0.00,0.00,0
2026-05-09 14:54:11,1,1,1,2201.3,0,-3.1,-120,2198,0,0.00,0.00,0,0,0.00,0.00,0
2026-05-09 14:54:11,1,1,1,2201.3,0,-3.1,-120,2198,0,0.00,0.00,0,0,0.00,0.00,0
2026-05-09 14:54:11,1,1,1,2209.5,0,-3.2,-124,2206,0,0.00,0.00,0,0,0.00,0.00,0
2026-05-09 14:54:11,1,1,1,2209.5,0,-3.2,-124,2206,0,0.00,0.00,0,0,0.00,0.00,0
2026-05-09 14:54:11,1,1,1,2219.8,0,-3.4,-130,2216,0,0.00,0.00,0,0,0.00,0.00,0
2026-05-09 14:54:11,1,1,1,2219.8,0,-3.4,-130,2216,0,0.00,0.00,0,0,0.00,0.00,0
2026-05-09 14:54:11,1,1,1,2240.5,0,-3.6,-142,2236,0,0.00,0.00,0,0,0.00,0.00,0
2026-05-09 14:54:11,1,1,1,2245.0,0,-3.8,-150,2240,0,0.00,0.00,0,0,0.00,0.00,0
2026-05-09 14:54:11,1,1,1,2245.0,0,-3.8,-150,2240,0,0.00,0.00,0,0,0.00,0.00,0
2026-05-09 14:54:11,1,1,1,2244.2,0,-3.9,-153,2239,0,0.00,0.00,0,0,0.00,0.00,0
2026-05-09 14:54:11,1,1,1,2244.2,0,-3.9,-153,2239,0,0.00,0.00,0,0,0.00,0.00,0
2026-05-09 14:54:11,1,1,1,2246.1,0,-3.9,-151,2241,0,0.00,0.00,0,0,0.00,0.00,0
2026-05-09 14:54:12,1,1,1,2246.1,0,-3.9,-151,2241,0,0.00,0.00,0,0,0.00,0.00,0
2026-05-09 14:54:12,1,1,1,2251.1,0,-3.9,-152,2246,0,0.00,0.00,0,0,0.00,0.00,0
2026-05-09 14:54:12,1,1,1,2258.6,0,-4.0,-159,2253,0,0.00,0.00,0,0,0.00,0.00,0
2026-05-09 14:54:12,1,1,1,2258.6,0,-4.0,-159,2253,0,0.00,0.00,0,0,0.00,0.00,0
2026-05-09 14:54:12,1,1,1,2274.4,0,-4.3,-170,2268,0,0.00,0.00,0,0,0.00,0.00,0
2026-05-09 14:54:12,1,1,1,2274.4,0,-4.3,-170,2268,0,0.00,0.00,0,0,0.00,0.00,0
2026-05-09 14:54:12,1,1,1,2281.2,0,-4.2,-168,2275,0,0.00,0.00,0,0,0.00,0.00,0
2026-05-09 14:54:12,1,1,1,2281.2,0,-4.2,-168,2275,0,0.00,0.00,0,0,0.00,0.00,0
2026-05-09 14:54:12,1,1,1,2281.0,0,-4.1,-165,2275,0,0.00,0.00,0,0,0.00,0.00,0
2026-05-09 14:54:12,1,1,1,2281.0,0,-4.1,-165,2275,0,0.00,0.00,0,0,0.00,0.00,0
2026-05-09 14:54:12,1,1,1,2280.8,0,-4.1,-162,2275,0,0.00,0.00,0,0,0.00,0.00,0
2026-05-09 14:54:12,1,1,1,2277.6,0,-4.0,-159,2272,0,0.00,0.00,0,0,0.00,0.00,0
2026-05-09 14:54:12,1,1,1,2277.6,0,-4.0,-159,2272,0,0.00,0.00,0,0,0.00,0.00,0
2026-05-09 14:54:12,1,1,1,2274.3,0,-3.9,-155,2269,0,0.00,0.00,0,0,0.00,0.00,0
2026-05-09 14:54:12,1,1,1,2274.3,0,-3.9,-155,2269,0,0.00,0.00,0,0,0.00,0.00,0
2026-05-09 14:54:12,1,1,1,2269.9,0,-3.8,-149,2265,0,0.00,0.00,0,0,0.00,0.00,0
2026-05-09 14:54:12,1,1,1,2269.9,0,-3.8,-149,2265,0,0.00,0.00,0,0,0.00,0.00,0
2026-05-09 14:54:12,1,1,1,2265.5,0,-3.6,-142,2261,0,0.00,0.00,0,0,0.00,0.00,0
2026-05-09 14:54:12,1,1,1,2262.2,0,-3.5,-137,2258,0,0.00,0.00,0,0,0.00,0.00,0
2026-05-09 14:54:12,1,1,1,2262.2,0,-3.5,-137,2258,0,0.00,0.00,0,0,0.00,0.00,0
2026-05-09 14:54:13,1,1,1,2257.7,0,-3.3,-130,2254,0,0.00,0.00,0,0,0.00,0.00,0
2026-05-09 14:54:13,1,1,1,2257.7,0,-3.3,-130,2254,0,0.00,0.00,0,0,0.00,0.00,0
2026-05-09 14:54:13,1,1,1,2254.4,0,-3.2,-124,2251,0,0.00,0.00,0,0,0.00,0.00,0
2026-05-09 14:54:13,1,1,1,2254.4,0,-3.2,-124,2251,0,0.00,0.00,0,0,0.00,0.00,0
2026-05-09 14:54:13,1,1,1,2251.4,0,-3.1,-123,2248,0,0.00,0.00,0,0,0.00,0.00,0
2026-05-09 14:54:13,1,1,1,2251.4,0,-3.1,-123,2248,0,0.00,0.00,0,0,0.00,0.00,0
2026-05-09 14:54:13,1,1,1,2247.5,0,-3.2,-126,2244,0,0.00,0.00,0,0,0.00,0.00,0
2026-05-09 14:54:13,1,1,1,2242.6,0,-3.2,-127,2239,0,0.00,0.00,0,0,0.00,0.00,0
2026-05-09 14:54:13,1,1,1,2242.6,0,-3.2,-127,2239,0,0.00,0.00,0,0,0.00,0.00,0
2026-05-09 14:54:13,1,1,1,2238.5,0,-3.2,-126,2235,0,0.00,0.00,0,0,0.00,0.00,0
2026-05-09 14:54:13,1,1,1,2238.5,0,-3.2,-126,2235,0,0.00,0.00,0,1,2.50,0.00,328
2026-05-09 14:54:13,1,1,1,2234.6,0,-3.2,-126,2231,0,0.00,0.00,0,1,2.50,0.00,328
2026-05-09 14:54:13,1,1,1,2234.6,0,-3.2,-126,2231,0,0.00,0.00,0,1,2.50,0.00,328
2026-05-09 14:54:13,1,1,1,2231.6,0,-3.2,-126,2228,0,0.00,0.00,0,1,2.50,0.00,328
2026-05-09 14:54:13,1,1,1,2230.6,0,-3.2,-126,2227,0,0.00,0.00,0,1,2.50,0.00,328
2026-05-09 14:54:13,1,1,1,2230.6,0,-3.2,-126,2227,0,0.00,0.00,0,1,2.50,0.00,328
2026-05-09 14:54:13,1,1,1,2231.6,0,-3.2,-126,2228,0,0.00,0.00,0,1,2.50,0.00,328
2026-05-09 14:54:13,1,1,1,2231.6,0,-3.2,-126,2228,0,0.00,0.00,0,1,2.50,0.00,328
2026-05-09 14:54:13,1,1,1,2234.6,0,-3.3,-127,2231,0,0.00,0.00,0,1,2.50,0.00,328
2026-05-09 14:54:13,1,1,1,2234.6,0,-3.3,-127,2231,0,0.00,0.00,0,1,2.50,0.00,328
2026-05-09 14:54:14,1,1,1,2237.7,0,-3.3,-128,2234,0,0.00,0.00,0,1,2.26,0.00,941
2026-05-09 14:54:14,1,1,1,2237.7,0,-3.3,-128,2234,0,0.00,0.00,0,1,2.26,0.00,941
2026-05-09 14:54:14,1,1,1,2240.4,0,-3.1,-123,2237,0,0.00,0.00,0,1,2.27,0.00,1604
2026-05-09 14:54:14,1,1,1,2240.0,0,-2.9,-115,2237,0,0.00,0.00,0,1,2.27,0.00,1604
2026-05-09 14:54:14,1,1,1,2240.0,0,-2.9,-115,2237,0,0.00,0.00,0,1,2.27,0.00,1930
2026-05-09 14:54:14,1,1,1,2239.7,0,-2.8,-109,2237,0,0.00,0.00,0,1,2.27,0.00,1930
2026-05-09 14:54:14,1,1,1,2239.7,0,-2.8,-109,2237,0,0.00,0.00,0,1,2.27,0.00,680
2026-05-09 14:54:14,1,1,1,2241.5,0,-2.7,-106,2239,0,0.00,0.00,0,1,2.27,0.00,680
2026-05-09 14:54:14,1,1,1,2241.5,0,-2.7,-106,2239,0,0.00,0.00,0,1,2.27,0.00,680
2026-05-09 14:54:14,1,1,1,2240.4,0,-2.6,-103,2238,0,0.00,0.00,0,1,2.27,0.00,680
2026-05-09 14:54:14,1,1,1,2237.1,0,-2.5,-96,2235,0,0.00,0.00,0,1,2.27,0.00,680
2026-05-09 14:54:14,1,1,1,2237.1,0,-2.5,-96,2235,0,0.00,0.00,0,1,2.27,0.00,680
2026-05-09 14:54:14,1,1,1,2232.7,0,-2.3,-88,2231,0,0.00,0.00,0,1,2.27,0.00,680
2026-05-09 14:54:14,1,1,1,2232.7,0,-2.3,-88,2231,0,0.00,0.00,0,1,2.27,0.00,680
2026-05-09 14:54:14,1,1,1,2230.5,0,-2.1,-81,2229,0,0.00,0.00,0,1,2.27,0.00,680
2026-05-09 14:54:14,1,1,1,2230.5,0,-2.1,-81,2229,0,0.00,0.00,0,1,2.27,0.00,680
2026-05-09 14:54:14,1,1,1,2230.3,0,-2.0,-76,2229,0,0.00,0.00,0,1,2.27,0.00,680
2026-05-09 14:54:14,1,1,1,2230.3,0,-2.0,-76,2229,0,0.00,0.00,0,1,2.27,0.00,680
2026-05-09 14:54:14,1,1,1,2230.2,0,-1.9,-74,2229,0,0.00,0.00,0,1,2.27,0.00,680
2026-05-09 14:54:14,1,1,1,2228.1,0,-1.8,-71,2227,0,0.00,0.00,0,1,2.27,0.00,680
2026-05-09 14:54:15,1,1,1,2228.1,0,-1.8,-71,2227,0,0.00,0.00,0,1,2.27,0.00,680
2026-05-09 14:54:15,1,1,1,2229.1,0,-1.8,-71,2228,0,0.00,0.00,0,0,0.00,0.00,0
2026-05-09 14:54:15,1,1,1,2229.1,0,-1.8,-71,2228,0,0.00,0.00,0,0,0.00,0.00,0
2026-05-09 14:54:15,1,1,1,2230.2,0,-1.9,-73,2229,0,0.00,0.00,0,0,0.00,0.00,0
2026-05-09 14:54:15,1,1,1,2230.2,0,-1.9,-73,2229,0,0.00,0.00,0,0,0.00,0.00,0
2026-05-09 14:54:15,1,1,1,2232.2,0,-1.9,-74,2231,0,0.00,0.00,0,0,0.00,0.00,0
2026-05-09 14:54:15,1,1,1,2232.2,0,-1.9,-74,2231,0,0.00,0.00,0,0,0.00,0.00,0
2026-05-09 14:54:15,1,1,1,2235.3,0,-1.9,-75,2234,0,0.00,0.00,0,0,0.00,0.00,0
2026-05-09 14:54:15,1,1,1,2239.4,0,-2.0,-79,2238,0,0.00,0.00,0,0,0.00,0.00,0
2026-05-09 14:54:15,1,1,1,2239.4,0,-2.0,-79,2238,0,0.00,0.00,0,0,0.00,0.00,0
2026-05-09 14:54:15,1,1,1,2243.6,0,-2.1,-84,2242,0,0.00,0.00,0,0,0.00,0.00,0
2026-05-09 14:54:15,1,1,1,2243.6,0,-2.1,-84,2242,0,0.00,0.00,0,0,0.00,0.00,0
2026-05-09 14:54:15,1,1,1,2247.7,0,-2.2,-87,2246,0,0.00,0.00,0,1,2.50,0.02,328
2026-05-09 14:54:15,1,1,1,2247.7,0,-2.2,-87,2246,0,0.00,0.00,0,1,2.50,0.02,328
2026-05-09 14:54:15,1,1,1,2249.7,0,-2.2,-88,2248,0,0.00,0.00,0,1,2.50,0.02,328
2026-05-09 14:54:15,1,1,1,2250.7,0,-2.2,-88,2249,0,0.00,0.00,0,1,2.50,0.02,328
2026-05-09 14:54:15,1,1,1,2250.7,0,-2.2,-88,2249,0,0.00,0.00,0,1,2.50,0.02,328
2026-05-09 14:54:15,1,1,1,2249.7,0,-2.2,-88,2248,0,0.00,0.00,0,1,2.50,0.02,328
2026-05-09 14:54:15,1,1,1,2249.7,0,-2.2,-88,2248,0,0.00,0.00,0,1,2.50,0.02,328
2026-05-09 14:54:15,1,1,1,2249.7,0,-2.2,-88,2248,0,0.00,0.00,0,1,2.50,0.02,328
2026-05-09 14:54:16,1,1,1,2249.7,0,-2.2,-88,2248,0,0.00,0.00,0,1,2.50,0.02,328
2026-05-09 14:54:16,1,1,1,2249.7,0,-2.2,-88,2248,0,0.00,0.00,0,1,2.50,0.02,328
2026-05-09 14:54:16,1,1,1,2249.7,0,-2.2,-88,2248,0,0.00,0.00,0,1,2.50,0.02,328
2026-05-09 14:54:16,1,1,1,2249.6,0,-2.2,-86,2248,0,0.00,0.00,0,1,2.50,0.02,328
2026-05-09 14:54:16,1,1,1,2250.6,0,-2.2,-86,2249,0,0.00,0.00,0,1,2.50,0.02,328
2026-05-09 14:54:16,1,1,1,2250.6,0,-2.2,-86,2249,0,0.00,0.00,0,1,2.50,0.02,328
2026-05-09 14:54:16,1,1,1,2251.7,0,-2.2,-87,2250,0,0.00,0.00,0,1,2.50,0.00,677
2026-05-09 14:54:16,1,1,1,2251.7,0,-2.2,-87,2250,0,0.00,0.00,0,1,2.50,0.00,677
2026-05-09 14:54:16,1,1,1,2252.7,0,-2.2,-88,2251,0,0.00,0.00,0,1,2.50,0.00,677
2026-05-09 14:54:16,1,1,1,2252.7,0,-2.2,-88,2251,0,0.00,0.00,0,1,2.50,0.00,677
2026-05-09 14:54:16,1,1,1,2251.8,0,-2.3,-90,2250,0,0.00,0.00,0,1,2.50,0.00,677
2026-05-09 14:54:16,1,1,1,2251.0,0,-2.4,-94,2249,0,0.00,0.00,0,1,2.50,0.00,677
2026-05-09 14:54:16,1,1,1,2251.0,0,-2.4,-94,2249,0,0.00,0.00,0,1,2.50,0.00,677
2026-05-09 14:54:16,1,1,1,2261.9,0,-2.9,-115,2259,0,0.00,0.00,0,1,2.50,0.00,677
2026-05-09 14:54:16,1,1,1,2261.9,0,-2.9,-115,2259,0,0.00,0.00,0,1,2.50,0.00,677
2026-05-09 14:54:16,1,1,1,2310.7,0,-4.7,-188,2303,0,0.00,0.00,0,1,2.50,0.00,677
2026-05-09 14:54:16,1,1,1,2310.7,0,-4.7,-188,2303,0,0.00,0.00,0,1,2.50,0.00,677
2026-05-09 14:54:16,1,1,1,2410.9,0,-7.6,-317,2390,0,0.00,0.00,0,1,2.50,0.00,677
2026-05-09 14:54:16,1,1,1,2410.9,0,-7.6,-317,2390,0,0.00,0.00,0,1,2.50,0.00,677
2026-05-09 14:54:16,1,1,1,2435.4,0,-8.1,-344,2411,0,0.00,0.00,0,1,2.50,0.00,677
2026-05-09 14:54:17,1,1,1,2439.5,0,-8.1,-345,2415,0,0.00,0.00,0,1,2.50,0.00,677
2026-05-09 14:54:17,1,1,1,2439.5,0,-8.1,-345,2415,0,0.00,0.00,0,0,0.00,0.00,0
2026-05-09 14:54:17,1,1,1,2443.6,0,-8.1,-346,2419,0,0.00,0.00,0,0,0.00,0.00,0
2026-05-09 14:54:17,1,1,1,2443.6,0,-8.1,-346,2419,0,0.00,0.00,0,0,0.00,0.00,0
2026-05-09 14:54:17,1,1,1,2451.1,0,-8.4,-357,2425,0,0.00,0.00,0,0,0.00,0.00,0
2026-05-09 14:54:17,1,1,1,2451.1,0,-8.4,-357,2425,0,0.00,0.00,0,0,0.00,0.00,0
2026-05-09 14:54:17,1,1,1,2470.1,0,-8.8,-378,2441,0,0.00,0.00,0,0,0.00,0.00,0
2026-05-09 14:54:17,1,1,1,2481.8,0,-9.0,-390,2451,0,0.00,0.00,0,0,0.00,0.00,0
2026-05-09 14:54:17,1,1,1,2481.8,0,-9.0,-390,2451,0,0.00,0.00,0,0,0.00,0.00,0
2026-05-09 14:54:17,1,1,1,2480.4,0,-8.8,-381,2451,0,0.00,0.00,0,0,0.00,0.00,0
2026-05-09 14:54:17,1,1,1,2480.4,0,-8.8,-381,2451,0,0.00,0.00,0,0,0.00,0.00,0
2026-05-09 14:54:17,1,1,1,2463.0,0,-8.2,-350,2438,0,0.00,0.00,0,0,0.00,0.00,0
2026-05-09 14:54:17,1,1,1,2463.0,0,-8.2,-350,2438,0,0.00,0.00,0,0,0.00,0.00,0
2026-05-09 14:54:17,1,1,1,2454.7,0,-8.0,-340,2431,0,0.00,0.00,0,0,0.00,0.00,0
2026-05-09 14:54:17,1,1,1,2454.7,0,-8.0,-340,2431,0,0.00,0.00,0,1,2.30,0.00,612
2026-05-09 14:54:17,1,1,1,2446.9,0,-7.8,-334,2424,0,0.00,0.00,0,1,2.30,0.00,612
2026-05-09 14:54:17,1,1,1,2441.3,0,-7.7,-329,2419,0,0.00,0.00,0,1,2.40,0.00,442
2026-05-09 14:54:17,1,1,1,2441.3,0,-7.7,-329,2419,0,0.00,0.00,0,1,2.40,0.00,442
2026-05-09 14:54:17,1,1,1,2436.9,0,-7.7,-326,2415,0,0.00,0.00,0,1,2.40,0.00,442
2026-05-09 14:54:17,1,1,1,2436.9,0,-7.7,-326,2415,0,0.00,0.00,0,1,2.40,0.00,442
2026-05-09 14:54:18,1,1,1,2433.5,0,-7.6,-323,2412,0,0.00,0.00,0,1,2.43,0.01,500
2026-05-09 14:54:18,1,1,1,2433.5,0,-7.6,-323,2412,0,0.00,0.00,0,1,2.43,0.01,500
2026-05-09 14:54:18,1,1,1,2430.9,0,-7.5,-318,2410,0,0.00,0.00,0,1,2.43,0.01,500
2026-05-09 14:54:18,1,1,1,2429.5,0,-7.4,-315,2409,0,0.00,0.00,0,1,2.43,0.01,500
2026-05-09 14:54:18,1,1,1,2429.5,0,-7.4,-315,2409,0,0.00,0.00,0,1,2.43,0.01,500
2026-05-09 14:54:18,1,1,1,2428.1,0,-7.4,-312,2408,0,0.00,0.00,0,1,2.43,0.01,500
2026-05-09 14:54:18,1,1,1,2428.1,0,-7.4,-312,2408,0,0.00,0.00,0,1,2.43,0.01,500
2026-05-09 14:54:18,1,1,1,2425.5,0,-7.3,-307,2406,0,0.00,0.00,0,1,2.43,0.01,500
2026-05-09 14:54:18,1,1,1,2425.5,0,-7.3,-307,2406,0,0.00,0.00,0,1,2.43,0.01,500
2026-05-09 14:54:18,1,1,1,2419.7,0,-7.1,-300,2401,0,0.00,0.00,0,1,2.43,0.01,500
2026-05-09 14:54:18,1,1,1,2419.7,0,-7.1,-300,2401,0,0.00,0.00,0,1,2.43,0.01,500
2026-05-09 14:54:18,1,1,1,2413.5,0,-6.9,-290,2396,0,0.00,0.00,0,1,2.43,0.01,500
2026-05-09 14:54:18,1,1,1,2410.6,0,-6.7,-282,2394,0,0.00,0.00,0,1,2.43,0.01,500
2026-05-09 14:54:18,1,1,1,2410.6,0,-6.7,-282,2394,0,0.00,0.00,0,1,2.43,0.01,500
2026-05-09 14:54:18,1,1,1,2408.9,0,-6.6,-276,2393,0,0.00,0.00,0,1,2.43,0.01,500
2026-05-09 14:54:18,1,1,1,2408.9,0,-6.6,-276,2393,0,0.00,0.00,0,0,0.00,0.00,0
2026-05-09 14:54:18,1,1,1,2409.4,0,-6.5,-272,2394,0,0.00,0.00,0,0,0.00,0.00,0
2026-05-09 14:54:18,1,1,1,2409.4,0,-6.5,-272,2394,0,0.00,0.00,0,0,0.00,0.00,0
2026-05-09 14:54:18,1,1,1,2409.9,0,-6.4,-268,2395,0,0.00,0.00,0,0,0.00,0.00,0
2026-05-09 14:54:18,1,1,1,2407.2,0,-6.2,-261,2393,0,0.00,0.00,0,0,0.00,0.00,0
2026-05-09 14:54:19,1,1,1,2407.2,0,-6.2,-261,2393,0,0.00,0.00,0,0,0.00,0.00,0
2026-05-09 14:54:19,1,1,1,2402.3,0,-6.0,-252,2389,0,0.00,0.00,0,0,0.00,0.00,0
2026-05-09 14:54:19,1,1,1,2402.3,0,-6.0,-252,2389,0,0.00,0.00,0,0,0.00,0.00,0
2026-05-09 14:54:19,1,1,1,2397.1,0,-5.8,-241,2385,0,0.00,0.00,0,0,0.00,0.00,0
2026-05-09 14:54:19,1,1,1,2397.1,0,-5.8,-241,2385,0,0.00,0.00,0,0,0.00,0.00,0
2026-05-09 14:54:19,1,1,1,2394.2,0,-5.5,-231,2383,0,0.00,0.00,0,0,0.00,0.00,0
2026-05-09 14:54:19,1,1,1,2394.2,0,-5.5,-231,2383,0,0.00,0.00,0,0,0.00,0.00,0
2026-05-09 14:54:19,1,1,1,2392.6,0,-5.4,-225,2382,0,0.00,0.00,0,0,0.00,0.00,0
2026-05-09 14:54:19,1,1,1,2390.2,0,-5.3,-221,2380,0,0.00,0.00,0,0,0.00,0.00,0
2026-05-09 14:54:19,1,1,1,2390.2,0,-5.3,-221,2380,0,0.00,0.00,0,0,0.00,0.00,0
2026-05-09 14:54:19,1,1,1,2386.0,0,-5.2,-218,2376,0,0.00,0.00,0,0,0.00,0.00,0
2026-05-09 14:54:19,1,1,1,2386.0,0,-5.2,-218,2376,0,0.00,0.00,0,0,0.00,0.00,0
2026-05-09 14:54:19,1,1,1,2381.8,0,-5.2,-216,2372,0,0.00,0.00,0,0,0.00,0.00,0
2026-05-09 14:54:19,1,1,1,2381.8,0,-5.2,-216,2372,0,0.00,0.00,0,0,0.00,0.00,0
2026-05-09 14:54:19,1,1,1,2380.0,0,-5.3,-218,2370,0,0.00,0.00,0,0,0.00,0.00,0
2026-05-09 14:54:19,1,1,1,2380.0,0,-5.3,-218,2370,0,0.00,0.00,0,0,0.00,0.00,0
2026-05-09 14:54:19,1,1,1,2380.4,0,-5.4,-222,2370,0,0.00,0.00,0,0,0.00,0.00,0
2026-05-09 14:54:19,1,1,1,2380.9,0,-5.5,-228,2370,0,0.00,0.00,0,0,0.00,0.00,0
2026-05-09 14:54:19,1,1,1,2380.9,0,-5.5,-228,2370,0,0.00,0.00,0,0,0.00,0.00,0
2026-05-09 14:54:19,1,1,1,2381.6,0,-5.7,-235,2370,0,0.00,0.00,0,0,0.00,0.00,0
2026-05-09 14:54:20,1,1,1,2381.6,0,-5.7,-235,2370,0,0.00,0.00,0,0,0.00,0.00,0
2026-05-09 14:54:20,1,1,1,2380.8,0,-5.7,-237,2369,0,0.00,0.00,0,0,0.00,0.00,0
2026-05-09 14:54:20,1,1,1,2380.8,0,-5.7,-237,2369,0,0.00,0.00,0,0,0.00,0.00,0
2026-05-09 14:54:20,1,1,1,2380.1,0,-5.8,-240,2368,0,0.00,0.00,0,0,0.00,0.00,0
2026-05-09 14:54:20,1,1,1,2378.0,0,-5.8,-239,2366,0,0.00,0.00,0,0,0.00,0.00,0
2026-05-09 14:54:20,1,1,1,2378.0,0,-5.8,-239,2366,0,0.00,0.00,0,0,0.00,0.00,0
2026-05-09 14:54:20,1,1,1,2373.4,0,-5.6,-232,2362,0,0.00,0.00,0,0,0.00,0.00,0
2026-05-09 14:54:20,1,1,1,2373.4,0,-5.6,-232,2362,0,0.00,0.00,0,0,0.00,0.00,0
2026-05-09 14:54:20,1,1,1,2368.9,0,-5.5,-227,2358,0,0.00,0.00,0,0,0.00,0.00,0
2026-05-09 14:54:20,1,1,1,2368.9,0,-5.5,-227,2358,0,0.00,0.00,0,0,0.00,0.00,0
2026-05-09 14:54:20,1,1,1,2364.7,0,-5.5,-225,2354,0,0.00,0.00,0,0,0.00,0.00,0
2026-05-09 14:54:20,1,1,1,2364.7,0,-5.5,-225,2354,0,0.00,0.00,0,0,0.00,0.00,0
2026-05-09 14:54:20,1,1,1,2359.7,0,-5.4,-224,2349,0,0.00,0.00,0,0,0.00,0.00,0
2026-05-09 14:54:20,1,1,1,2355.6,0,-5.4,-223,2345,0,0.00,0.00,0,0,0.00,0.00,0
2026-05-09 14:54:20,1,1,1,2355.6,0,-5.4,-223,2345,0,0.00,0.00,0,0,0.00,0.00,0
2026-05-09 14:54:20,1,1,1,2353.1,0,-5.3,-218,2343,0,0.00,0.00,0,0,0.00,0.00,0
2026-05-09 14:54:20,1,1,1,2353.1,0,-5.3,-218,2343,0,0.00,0.00,0,0,0.00,0.00,0
2026-05-09 14:54:20,1,1,1,2351.9,0,-5.3,-216,2342,0,0.00,0.00,0,0,0.00,0.00,0
2026-05-09 14:54:20,1,1,1,2351.9,0,-5.3,-216,2342,0,0.00,0.00,0,0,0.00,0.00,0
2026-05-09 14:54:20,1,1,1,2351.7,0,-5.2,-213,2342,0,0.00,0.00,0,0,0.00,0.00,0
2026-05-09 14:54:21,1,1,1,2351.2,0,-5.1,-208,2342,0,0.00,0.00,0,0,0.00,0.00,0
2026-05-09 14:54:21,1,1,1,2351.2,0,-5.1,-208,2342,0,0.00,0.00,0,0,0.00,0.00,0
2026-05-09 14:54:21,1,1,1,2348.6,0,-4.9,-201,2340,0,0.00,0.00,0,0,0.00,0.00,0
2026-05-09 14:54:21,1,1,1,2348.6,0,-4.9,-201,2340,0,0.00,0.00,0,0,0.00,0.00,0
2026-05-09 14:54:21,1,1,1,2345.4,0,-4.8,-198,2337,0,0.00,0.00,0,0,0.00,0.00,0
2026-05-09 14:54:21,1,1,1,2345.4,0,-4.8,-198,2337,0,0.00,0.00,0,0,0.00,0.00,0
2026-05-09 14:54:21,1,1,1,2342.3,0,-4.8,-197,2334,0,0.00,0.00,0,0,0.00,0.00,0
2026-05-09 14:54:21,1,1,1,2342.3,0,-4.8,-197,2334,0,0.00,0.00,0,0,0.00,0.00,0
2026-05-09 14:54:21,1,1,1,2339.3,0,-4.8,-197,2331,0,0.00,0.00,0,0,0.00,0.00,0
2026-05-09 14:54:21,1,1,1,2336.3,0,-4.8,-197,2328,0,0.00,0.00,0,0,0.00,0.00,0
2026-05-09 14:54:21,1,1,1,2336.3,0,-4.8,-197,2328,0,0.00,0.00,0,0,0.00,0.00,0
2026-05-09 14:54:21,1,1,1,2333.2,0,-4.8,-196,2325,0,0.00,0.00,0,0,0.00,0.00,0
2026-05-09 14:54:21,1,1,1,2333.2,0,-4.8,-196,2325,0,0.00,0.00,0,0,0.00,0.00,0
2026-05-09 14:54:21,1,1,1,2332.3,0,-4.8,-196,2324,0,0.00,0.00,0,0,0.00,0.00,0
2026-05-09 14:54:21,1,1,1,2332.3,0,-4.8,-196,2324,0,0.00,0.00,0,0,0.00,0.00,0
2026-05-09 14:54:21,1,1,1,2333.7,0,-4.9,-201,2325,0,0.00,0.00,0,0,0.00,0.00,0
2026-05-09 14:54:21,1,1,1,2334.8,0,-5.0,-203,2326,0,0.00,0.00,0,0,0.00,0.00,0
2026-05-09 14:54:21,1,1,1,2334.8,0,-5.0,-203,2326,0,0.00,0.00,0,0,0.00,0.00,0
2026-05-09 14:54:21,1,1,1,2333.8,0,-5.0,-203,2325,0,0.00,0.00,0,0,0.00,0.00,0
2026-05-09 14:54:21,1,1,1,2333.8,0,-5.0,-203,2325,0,0.00,0.00,0,0,0.00,0.00,0
2026-05-09 14:54:22,1,1,1,2330.4,0,-4.9,-198,2322,0,0.00,0.00,0,0,0.00,0.00,0
2026-05-09 14:54:22,1,1,1,2330.4,0,-4.9,-198,2322,0,0.00,0.00,0,0,0.00,0.00,0
2026-05-09 14:54:22,1,1,1,2326.9,0,-4.7,-191,2319,0,0.00,0.00,0,0,0.00,0.00,0
2026-05-09 14:54:22,1,1,1,2326.9,0,-4.7,-191,2319,0,0.00,0.00,0,0,0.00,0.00,0
2026-05-09 14:54:22,1,1,1,2319.4,0,-4.6,-185,2312,0,0.00,0.00,0,0,0.00,0.00,0
2026-05-09 14:54:22,1,1,1,2312.9,0,-4.4,-178,2306,0,0.00,0.00,0,0,0.00,0.00,0
2026-05-09 14:54:22,1,1,1,2312.9,0,-4.4,-178,2306,0,0.00,0.00,0,0,0.00,0.00,0
2026-05-09 14:54:22,1,1,1,2309.3,0,-4.2,-171,2303,0,0.00,0.00,0,0,0.00,0.00,0
2026-05-09 14:54:22,1,1,1,2309.3,0,-4.2,-171,2303,0,0.00,0.00,0,0,0.00,0.00,0
2026-05-09 14:54:22,1,1,1,2306.9,0,-4.1,-165,2301,0,0.00,0.00,0,0,0.00,0.00,0
2026-05-09 14:54:22,1,1,1,2306.9,0,-4.1,-165,2301,0,0.00,0.00,0,1,2.49,0.00,661
2026-05-09 14:54:22,1,1,1,2307.8,0,-4.1,-164,2302,0,0.00,0.00,0,1,2.49,0.00,661
2026-05-09 14:54:22,1,1,1,2312.9,0,-4.1,-165,2307,0,0.00,0.00,0,1,2.49,0.00,661
2026-05-09 14:54:22,1,1,1,2312.9,0,-4.1,-165,2307,0,0.00,0.00,0,1,2.49,0.00,661
2026-05-09 14:54:22,1,1,1,2319.9,0,-4.1,-166,2314,0,0.00,0.00,0,1,2.43,0.00,1250
2026-05-09 14:54:22,1,1,1,2319.9,0,-4.1,-166,2314,0,0.00,0.00,0,1,2.43,0.00,1250
2026-05-09 14:54:22,1,1,1,2323.9,0,-4.1,-165,2318,0,0.00,0.00,0,1,2.45,0.00,520
2026-05-09 14:54:22,1,1,1,2323.9,0,-4.1,-165,2318,0,0.00,0.00,0,1,2.45,0.00,520
2026-05-09 14:54:22,1,1,1,2323.6,0,-4.0,-161,2318,0,0.00,0.00,0,1,2.45,0.00,520
2026-05-09 14:54:22,1,1,1,2323.6,0,-4.0,-161,2318,0,0.00,0.00,0,1,2.45,0.00,520
2026-05-09 14:54:23,1,1,1,2321.2,0,-3.9,-156,2316,0,0.00,0.00,0,1,2.45,0.00,520
2026-05-09 14:54:23,1,1,1,2317.0,0,-3.8,-152,2312,0,0.00,0.00,0,1,2.45,0.00,520
2026-05-09 14:54:23,1,1,1,2317.0,0,-3.8,-152,2312,0,0.00,0.00,0,1,2.45,0.00,520
2026-05-09 14:54:23,1,1,1,2311.7,0,-3.6,-147,2307,0,0.00,0.00,0,1,2.45,0.00,520
2026-05-09 14:54:23,1,1,1,2311.7,0,-3.6,-147,2307,0,0.00,0.00,0,1,2.45,0.00,520
2026-05-09 14:54:23,1,1,1,2310.7,0,-3.6,-147,2306,0,0.00,0.00,0,1,2.45,0.00,520
2026-05-09 14:54:23,1,1,1,2310.7,0,-3.6,-147,2306,0,0.00,0.00,0,1,2.45,0.00,520
2026-05-09 14:54:23,1,1,1,2309.9,0,-3.7,-150,2305,0,0.00,0.00,0,1,2.45,0.00,520
2026-05-09 14:54:23,1,1,1,2310.2,0,-3.8,-155,2305,0,0.00,0.00,0,1,2.45,0.00,520
2026-05-09 14:54:23,1,1,1,2310.2,0,-3.8,-155,2305,0,0.00,0.00,0,1,2.45,0.00,520
2026-05-09 14:54:23,1,1,1,2313.5,0,-3.9,-159,2308,0,0.00,0.00,0,1,2.45,0.00,520
2026-05-09 14:54:23,1,1,1,2313.5,0,-3.9,-159,2308,0,0.00,0.00,0,0,0.00,0.00,0
2026-05-09 14:54:23,1,1,1,2317.7,0,-4.0,-163,2312,0,0.00,0.00,0,0,0.00,0.00,0
2026-05-09 14:54:23,1,1,1,2317.7,0,-4.0,-163,2312,0,0.00,0.00,0,0,0.00,0.00,0
2026-05-09 14:54:23,1,1,1,2321.2,0,-4.2,-170,2315,0,0.00,0.00,0,0,0.00,0.00,0
2026-05-09 14:54:23,1,1,1,2321.2,0,-4.2,-170,2315,0,0.00,0.00,0,0,0.00,0.00,0
2026-05-09 14:54:23,1,1,1,2324.6,0,-4.3,-175,2318,0,0.00,0.00,0,0,0.00,0.00,0
2026-05-09 14:54:23,1,1,1,2328.4,0,-4.3,-173,2322,0,0.00,0.00,0,0,0.00,0.00,0
2026-05-09 14:54:23,1,1,1,2328.4,0,-4.3,-173,2322,0,0.00,0.00,0,0,0.00,0.00,0
2026-05-09 14:54:23,1,1,1,2329.2,0,-4.2,-170,2323,0,0.00,0.00,0,0,0.00,0.00,0
2026-05-09 14:54:24,1,1,1,2329.2,0,-4.2,-170,2323,0,0.00,0.00,0,0,0.00,0.00,0
2026-05-09 14:54:24,1,1,1,2328.1,0,-4.1,-168,2322,0,0.00,0.00,0,0,0.00,0.00,0
2026-05-09 14:54:24,1,1,1,2328.1,0,-4.1,-168,2322,0,0.00,0.00,0,0,0.00,0.00,0
2026-05-09 14:54:24,1,1,1,2325.9,0,-4.1,-165,2320,0,0.00,0.00,0,0,0.00,0.00,0
2026-05-09 14:54:24,1,1,1,2325.9,0,-4.1,-165,2320,0,0.00,0.00,0,0,0.00,0.00,0
2026-05-09 14:54:24,1,1,1,2323.7,0,-4.0,-163,2318,0,0.00,0.00,0,0,0.00,0.00,0
2026-05-09 14:54:24,1,1,1,2320.6,0,-4.0,-161,2315,0,0.00,0.00,0,0,0.00,0.00,0
2026-05-09 14:54:24,1,1,1,2320.6,0,-4.0,-161,2315,0,0.00,0.00,0,0,0.00,0.00,0
2026-05-09 14:54:24,1,1,1,2318.9,0,-4.1,-165,2313,0,0.00,0.00,0,0,0.00,0.00,0
2026-05-09 14:54:24,1,1,1,2318.9,0,-4.1,-165,2313,0,0.00,0.00,0,0,0.00,0.00,0
2026-05-09 14:54:34,1,1,1,2139.4,0,-23.3,-846,1965,0,0.00,0.00,0,0,0.00,0.00,0
2026-05-09 14:54:34,1,1,1,2129.4,0,-23.4,-844,1955,0,0.00,0.00,0,0,0.00,0.00,0
2026-05-09 14:54:34,1,1,1,2129.4,0,-23.4,-844,1955,0,0.00,0.00,0,0,0.00,0.00,0
2026-05-09 14:54:34,1,1,1,2121.1,0,-23.4,-844,1946,0,0.00,0.00,0,0,0.00,0.00,0
2026-05-09 14:54:34,1,1,1,2121.1,0,-23.4,-844,1946,0,0.00,0.00,0,0,0.00,0.00,0
2026-05-09 14:54:34,1,1,1,2114.7,0,-23.5,-844,1939,0,0.00,0.00,0,0,0.00,0.00,0
2026-05-09 14:54:34,1,1,1,2110.5,0,-23.6,-845,1934,0,0.00,0.00,0,0,0.00,0.00,0
2026-05-09 14:54:34,1,1,1,2110.5,0,-23.6,-845,1934,0,0.00,0.00,0,0,0.00,0.00,0
2026-05-09 14:54:34,1,1,1,2106.9,0,-23.6,-845,1930,0,0.00,0.00,0,0,0.00,0.00,0
2026-05-09 14:54:34,1,1,1,2106.9,0,-23.6,-845,1930,0,0.00,0.00,0,0,0.00,0.00,0
2026-05-09 14:54:35,1,1,1,2101.0,0,-23.7,-844,1924,0,0.00,0.00,0,0,0.00,0.00,0
2026-05-09 14:54:35,1,1,1,2101.0,0,-23.7,-844,1924,0,0.00,0.00,0,0,0.00,0.00,0
2026-05-09 14:54:35,1,1,1,2094.7,0,-23.7,-842,1918,0,0.00,0.00,0,0,0.00,0.00,0
2026-05-09 14:54:35,1,1,1,2088.4,0,-23.7,-840,1912,0,0.00,0.00,0,0,0.00,0.00,0
2026-05-09 14:54:35,1,1,1,2088.4,0,-23.7,-840,1912,0,0.00,0.00,0,0,0.00,0.00,0
2026-05-09 14:54:35,1,1,1,2083.5,0,-23.7,-837,1908,0,0.00,0.00,0,0,0.00,0.00,0
2026-05-09 14:54:35,1,1,1,2083.5,0,-23.7,-837,1908,0,0.00,0.00,0,0,0.00,0.00,0
2026-05-09 14:54:35,1,1,1,2077.2,0,-23.7,-835,1902,0,0.00,0.00,0,0,0.00,0.00,0
2026-05-09 14:54:35,1,1,1,2077.2,0,-23.7,-835,1902,0,0.00,0.00,0,0,0.00,0.00,0
2026-05-09 14:54:35,1,1,1,2069.5,0,-23.8,-834,1894,0,0.00,0.00,0,0,0.00,0.00,0
2026-05-09 14:54:35,1,1,1,2069.5,0,-23.8,-834,1894,0,0.00,0.00,0,0,0.00,0.00,0
2026-05-09 14:54:35,1,1,1,2060.9,0,-23.8,-833,1885,0,0.00,0.00,0,0,0.00,0.00,0
2026-05-09 14:54:35,1,1,1,2051.8,0,-23.9,-831,1876,0,0.00,0.00,0,0,0.00,0.00,0
2026-05-09 14:54:35,1,1,1,2051.8,0,-23.9,-831,1876,0,0.00,0.00,0,0,0.00,0.00,0
2026-05-09 14:54:35,1,1,1,2044.0,0,-24.0,-832,1867,0,0.00,0.00,0,0,0.00,0.00,0
2026-05-09 14:54:35,1,1,1,2044.0,0,-24.0,-832,1867,0,0.00,0.00,0,0,0.00,0.00,0
2026-05-09 14:54:35,1,1,1,2036.2,0,-24.1,-833,1858,0,0.00,0.00,0,0,0.00,0.00,0
2026-05-09 14:54:35,1,1,1,2036.2,0,-24.1,-833,1858,0,0.00,0.00,0,0,0.00,0.00,0
2026-05-09 14:54:35,1,1,1,2026.1,0,-24.3,-835,1846,0,0.00,0.00,0,0,0.00,0.00,0
2026-05-09 14:54:35,1,1,1,2016.4,0,-24.6,-838,1834,0,0.00,0.00,0,0,0.00,0.00,0
2026-05-09 14:54:36,1,1,1,2016.4,0,-24.6,-838,1834,0,0.00,0.00,0,0,0.00,0.00,0
2026-05-09 14:54:36,1,1,1,2009.0,0,-24.8,-842,1824,0,0.00,0.00,0,0,0.00,0.00,0
2026-05-09 14:54:36,1,1,1,2009.0,0,-24.8,-842,1824,0,0.00,0.00,0,0,0.00,0.00,0
2026-05-09 14:54:36,1,1,1,2006.6,0,-24.9,-845,1820,0,0.00,0.00,0,0,0.00,0.00,0
2026-05-09 14:54:36,1,1,1,2006.6,0,-24.9,-845,1820,0,0.00,0.00,0,0,0.00,0.00,0
2026-05-09 14:54:36,1,1,1,2006.6,0,-24.9,-845,1820,0,0.00,0.00,0,0,0.00,0.00,0
2026-05-09 14:54:36,1,1,1,2006.6,0,-24.9,-845,1820,0,0.00,0.00,0,0,0.00,0.00,0
2026-05-09 14:54:36,1,1,1,2009.0,0,-24.8,-842,1824,0,0.00,0.00,0,0,0.00,0.00,0
2026-05-09 14:54:36,1,1,1,2014.5,0,-24.6,-840,1831,0,0.00,0.00,0,0,0.00,0.00,0
2026-05-09 14:54:36,1,1,1,2014.5,0,-24.6,-840,1831,0,0.00,0.00,0,0,0.00,0.00,0
2026-05-09 14:54:36,1,1,1,2018.2,0,-24.5,-838,1836,0,0.00,0.00,0,0,0.00,0.00,0
2026-05-09 14:54:36,1,1,1,2018.2,0,-24.5,-838,1836,0,0.00,0.00,0,0,0.00,0.00,0
2026-05-09 14:54:36,1,1,1,2017.8,0,-24.5,-837,1836,0,0.00,0.00,0,0,0.00,0.00,0
2026-05-09 14:54:36,1,1,1,2017.8,0,-24.5,-837,1836,0,0.00,0.00,0,0,0.00,0.00,0
2026-05-09 14:54:36,1,1,1,2014.1,0,-24.6,-837,1832,0,0.00,0.00,0,0,0.00,0.00,0
2026-05-09 14:54:36,1,1,1,2014.1,0,-24.6,-837,1832,0,0.00,0.00,0,0,0.00,0.00,0
2026-05-09 14:54:36,1,1,1,2010.5,0,-24.6,-837,1828,0,0.00,0.00,0,0,0.00,0.00,0
2026-05-09 14:54:36,1,1,1,2007.8,0,-24.6,-837,1825,0,0.00,0.00,0,0,0.00,0.00,0
2026-05-09 14:54:36,1,1,1,2007.8,0,-24.6,-837,1825,0,0.00,0.00,0,0,0.00,0.00,0
2026-05-09 14:54:36,1,1,1,2006.0,0,-24.6,-835,1824,0,0.00,0.00,0,0,0.00,0.00,0
2026-05-09 14:54:37,1,1,1,2006.0,0,-24.6,-835,1824,0,0.00,0.00,0,0,0.00,0.00,0
2026-05-09 14:54:37,1,1,1,2004.8,0,-24.5,-832,1824,0,0.00,0.00,0,0,0.00,0.00,0
2026-05-09 14:54:37,1,1,1,2004.8,0,-24.5,-832,1824,0,0.00,0.00,0,0,0.00,0.00,0
2026-05-09 14:54:37,1,1,1,2003.6,0,-24.4,-829,1824,0,0.00,0.00,0,0,0.00,0.00,0
2026-05-09 14:54:37,1,1,1,2003.2,0,-24.4,-826,1825,0,0.00,0.00,0,0,0.00,0.00,0
2026-05-09 14:54:37,1,1,1,2003.2,0,-24.4,-826,1825,0,0.00,0.00,0,0,0.00,0.00,0
2026-05-09 14:54:37,1,1,1,2002.9,0,-24.3,-823,1826,0,0.00,0.00,0,0,0.00,0.00,0
2026-05-09 14:54:37,1,1,1,2002.9,0,-24.3,-823,1826,0,0.00,0.00,0,0,0.00,0.00,0
2026-05-09 14:54:37,1,1,1,2002.1,0,-24.2,-821,1826,0,0.00,0.00,0,0,0.00,0.00,0
2026-05-09 14:54:37,1,1,1,2002.1,0,-24.2,-821,1826,0,0.00,0.00,0,0,0.00,0.00,0
2026-05-09 14:54:37,1,1,1,2002.7,0,-24.1,-818,1828,0,0.00,0.00,0,0,0.00,0.00,0
2026-05-09 14:54:37,1,1,1,2002.7,0,-24.1,-818,1828,0,0.00,0.00,0,0,0.00,0.00,0
2026-05-09 14:54:37,1,1,1,2001.9,0,-24.1,-816,1828,0,0.00,0.00,0,0,0.00,0.00,0
2026-05-09 14:54:37,1,1,1,2002.0,0,-24.0,-814,1829,0,0.00,0.00,0,0,0.00,0.00,0
2026-05-09 14:54:37,1,1,1,2002.0,0,-24.0,-814,1829,0,0.00,0.00,0,0,0.00,0.00,0
2026-05-09 14:54:37,1,1,1,2001.1,0,-23.9,-812,1829,0,0.00,0.00,0,0,0.00,0.00,0
2026-05-09 14:54:37,1,1,1,2001.1,0,-23.9,-812,1829,0,0.00,0.00,0,0,0.00,0.00,0
2026-05-09 14:54:37,1,1,1,1999.4,0,-23.9,-810,1828,0,0.00,0.00,0,0,0.00,0.00,0
2026-05-09 14:54:37,1,1,1,1999.4,0,-23.9,-810,1828,0,0.00,0.00,0,0,0.00,0.00,0
2026-05-09 14:54:37,1,1,1,1996.4,0,-23.8,-807,1826,0,0.00,0.00,0,0,0.00,0.00,0
2026-05-09 14:54:38,1,1,1,1993.3,0,-23.8,-804,1824,0,0.00,0.00,0,0,0.00,0.00,0
2026-05-09 14:54:38,1,1,1,1993.3,0,-23.8,-804,1824,0,0.00,0.00,0,0,0.00,0.00,0
2026-05-09 14:54:38,1,1,1,1989.5,0,-23.7,-799,1822,0,0.00,0.00,0,0,0.00,0.00,0
2026-05-09 14:54:38,1,1,1,1989.5,0,-23.7,-799,1822,0,0.00,0.00,0,0,0.00,0.00,0
2026-05-09 14:54:38,1,1,1,1987.4,0,-23.6,-796,1821,0,0.00,0.00,0,0,0.00,0.00,0
2026-05-09 14:54:38,1,1,1,1987.4,0,-23.6,-796,1821,0,0.00,0.00,0,0,0.00,0.00,0
2026-05-09 14:54:38,1,1,1,1983.9,0,-23.5,-792,1819,0,0.00,0.00,0,0,0.00,0.00,0
2026-05-09 14:54:38,1,1,1,1983.9,0,-23.5,-792,1819,0,0.00,0.00,0,0,0.00,0.00,0
2026-05-09 14:54:38,1,1,1,1981.3,0,-23.5,-790,1817,0,0.00,0.00,0,0,0.00,0.00,0
2026-05-09 14:54:38,1,1,1,1978.7,0,-23.5,-788,1815,0,0.00,0.00,0,0,0.00,0.00,0
2026-05-09 14:54:38,1,1,1,1978.7,0,-23.5,-788,1815,0,0.00,0.00,0,0,0.00,0.00,0
2026-05-09 14:54:38,1,1,1,1977.0,0,-23.4,-786,1814,0,0.00,0.00,0,0,0.00,0.00,0
2026-05-09 14:54:38,1,1,1,1977.0,0,-23.4,-786,1814,0,0.00,0.00,0,0,0.00,0.00,0
2026-05-09 14:54:38,1,1,1,1975.7,0,-23.4,-785,1813,0,0.00,0.00,0,0,0.00,0.00,0
2026-05-09 14:54:38,1,1,1,1975.7,0,-23.4,-785,1813,0,0.00,0.00,0,0,0.00,0.00,0
2026-05-09 14:54:38,1,1,1,1975.3,0,-23.4,-784,1813,0,0.00,0.00,0,0,0.00,0.00,0
2026-05-09 14:54:38,1,1,1,1975.8,0,-23.3,-783,1814,0,0.00,0.00,0,0,0.00,0.00,0
2026-05-09 14:54:38,1,1,1,1975.8,0,-23.3,-783,1814,0,0.00,0.00,0,0,0.00,0.00,0
2026-05-09 14:54:38,1,1,1,1975.0,0,-23.3,-781,1814,0,0.00,0.00,0,0,0.00,0.00,0
2026-05-09 14:54:38,1,1,1,1975.0,0,-23.3,-781,1814,0,0.00,0.00,0,0,0.00,0.00,0
2026-05-09 14:54:39,1,1,1,1972.9,0,-23.2,-778,1813,0,0.00,0.00,0,0,0.00,0.00,0
2026-05-09 14:54:39,1,1,1,1972.9,0,-23.2,-778,1813,0,0.00,0.00,0,0,0.00,0.00,0
2026-05-09 14:54:39,1,1,1,1969.9,0,-23.2,-775,1811,0,0.00,0.00,0,0,0.00,0.00,0
2026-05-09 14:54:39,1,1,1,1969.9,0,-23.2,-775,1811,0,0.00,0.00,0,0,0.00,0.00,0
2026-05-09 14:54:39,1,1,1,1965.0,0,-23.1,-772,1807,0,0.00,0.00,0,0,0.00,0.00,0
2026-05-09 14:54:39,1,1,1,1961.5,0,-23.1,-770,1804,0,0.00,0.00,0,0,0.00,0.00,0
2026-05-09 14:54:39,1,1,1,1961.5,0,-23.1,-770,1804,0,0.00,0.00,0,0,0.00,0.00,0
2026-05-09 14:54:39,1,1,1,1961.1,0,-23.1,-769,1804,0,0.00,0.00,0,0,0.00,0.00,0
2026-05-09 14:54:39,1,1,1,1961.1,0,-23.1,-769,1804,0,0.00,0.00,0,0,0.00,0.00,0
2026-05-09 14:54:39,1,1,1,1962.0,0,-23.1,-769,1805,0,0.00,0.00,0,0,0.00,0.00,0
2026-05-09 14:54:39,1,1,1,1962.0,0,-23.1,-769,1805,0,0.00,0.00,0,0,0.00,0.00,0
2026-05-09 14:54:39,1,1,1,1963.7,0,-23.1,-771,1806,0,0.00,0.00,0,0,0.00,0.00,0
2026-05-09 14:54:39,1,1,1,1967.0,0,-23.3,-777,1807,0,0.00,0.00,0,0,0.00,0.00,0
2026-05-09 14:54:39,1,1,1,1967.0,0,-23.3,-777,1807,0,0.00,0.00,0,0,0.00,0.00,0
2026-05-09 14:54:39,1,1,1,1971.3,0,-23.3,-781,1810,0,0.00,0.00,0,0,0.00,0.00,0
2026-05-09 14:54:39,1,1,1,1971.3,0,-23.3,-781,1810,0,0.00,0.00,0,0,0.00,0.00,0
2026-05-09 14:54:39,1,1,1,1976.6,0,-23.4,-785,1814,0,0.00,0.00,0,0,0.00,0.00,0
2026-05-09 14:54:39,1,1,1,1976.6,0,-23.4,-785,1814,0,0.00,0.00,0,0,0.00,0.00,0
2026-05-09 14:54:39,1,1,1,1979.6,0,-23.5,-788,1816,0,0.00,0.00,0,0,0.00,0.00,0
2026-05-09 14:54:39,1,1,1,1979.6,0,-23.5,-788,1816,0,0.00,0.00,0,0,0.00,0.00,0
2026-05-09 14:54:40,1,1,1,1978.7,0,-23.5,-788,1815,0,0.00,0.00,0,0,0.00,0.00,0
2026-05-09 14:54:40,1,1,1,1976.0,0,-23.4,-786,1813,0,0.00,0.00,0,0,0.00,0.00,0
2026-05-09 14:54:40,1,1,1,1976.0,0,-23.4,-786,1813,0,0.00,0.00,0,0,0.00,0.00,0
2026-05-09 14:54:40,1,1,1,1972.5,0,-23.4,-784,1810,0,0.00,0.00,0,0,0.00,0.00,0
2026-05-09 14:54:40,1,1,1,1972.5,0,-23.4,-784,1810,0,0.00,0.00,0,0,0.00,0.00,0
2026-05-09 14:54:40,1,1,1,1970.8,0,-23.4,-782,1809,0,0.00,0.00,0,0,0.00,0.00,0
2026-05-09 14:54:40,1,1,1,1970.8,0,-23.4,-782,1809,0,0.00,0.00,0,0,0.00,0.00,0
2026-05-09 14:54:40,1,1,1,1968.7,0,-23.3,-779,1808,0,0.00,0.00,0,0,0.00,0.00,0
2026-05-09 14:54:40,1,1,1,1965.8,0,-23.2,-774,1807,0,0.00,0.00,0,0,0.00,0.00,0
2026-05-09 14:54:40,1,1,1,1965.8,0,-23.2,-774,1807,0,0.00,0.00,0,0,0.00,0.00,0
2026-05-09 14:54:40,1,1,1,1962.9,0,-23.1,-769,1806,0,0.00,0.00,0,0,0.00,0.00,0
2026-05-09 14:54:40,1,1,1,1962.9,0,-23.1,-769,1806,0,0.00,0.00,0,0,0.00,0.00,0
2026-05-09 14:54:40,1,1,1,1959.9,0,-23.0,-766,1804,0,0.00,0.00,0,0,0.00,0.00,0
2026-05-09 14:54:40,1,1,1,1959.9,0,-23.0,-766,1804,0,0.00,0.00,0,0,0.00,0.00,0
2026-05-09 14:54:40,1,1,1,1959.1,0,-23.0,-764,1804,0,0.00,0.00,0,0,0.00,0.00,0
2026-05-09 14:54:40,1,1,1,1959.1,0,-23.0,-764,1804,0,0.00,0.00,0,0,0.00,0.00,0
2026-05-09 14:54:40,1,1,1,1958.7,0,-22.9,-763,1804,0,0.00,0.00,0,0,0.00,0.00,0
2026-05-09 14:54:40,1,1,1,1957.4,0,-22.9,-762,1803,0,0.00,0.00,0,0,0.00,0.00,0
2026-05-09 14:54:40,1,1,1,1957.4,0,-22.9,-762,1803,0,0.00,0.00,0,0,0.00,0.00,0
2026-05-09 14:54:40,1,1,1,1954.6,0,-22.9,-762,1800,0,0.00,0.00,0,0,0.00,0.00,0
2026-05-09 14:54:41,1,1,1,1954.6,0,-22.9,-762,1800,0,0.00,0.00,0,0,0.00,0.00,0
2026-05-09 14:54:41,1,1,1,1951.0,0,-23.0,-762,1796,0,0.00,0.00,0,0,0.00,0.00,0
2026-05-09 14:54:41,1,1,1,1951.0,0,-23.0,-762,1796,0,0.00,0.00,0,0,0.00,0.00,0
2026-05-09 14:54:41,1,1,1,1948.6,0,-23.1,-763,1793,0,0.00,0.00,0,0,0.00,0.00,0
2026-05-09 14:54:41,1,1,1,1948.6,0,-23.1,-763,1793,0,0.00,0.00,0,0,0.00,0.00,0
2026-05-09 14:54:41,1,1,1,1946.8,0,-23.1,-763,1791,0,0.00,0.00,0,0,0.00,0.00,0
2026-05-09 14:54:41,1,1,1,1946.4,0,-23.0,-762,1791,0,0.00,0.00,0,0,0.00,0.00,0
2026-05-09 14:54:41,1,1,1,1946.4,0,-23.0,-762,1791,0,0.00,0.00,0,0,0.00,0.00,0
2026-05-09 14:54:41,1,1,1,1946.0,0,-23.0,-761,1791,0,0.00,0.00,0,0,0.00,0.00,0
2026-05-09 14:54:41,1,1,1,1946.0,0,-23.0,-761,1791,0,0.00,0.00,0,0,0.00,0.00,0
2026-05-09 14:54:41,1,1,1,1944.7,0,-23.0,-760,1790,0,0.00,0.00,0,0,0.00,0.00,0
2026-05-09 14:54:41,1,1,1,1944.7,0,-23.0,-760,1790,0,0.00,0.00,0,0,0.00,0.00,0
2026-05-09 14:54:41,1,1,1,1942.0,0,-23.0,-758,1788,0,0.00,0.00,0,0,0.00,0.00,0
2026-05-09 14:54:41,1,1,1,1939.7,0,-23.0,-759,1785,0,0.00,0.00,0,0,0.00,0.00,0
2026-05-09 14:54:41,1,1,1,1939.7,0,-23.0,-759,1785,0,0.00,0.00,0,0,0.00,0.00,0
2026-05-09 14:54:41,1,1,1,1938.2,0,-23.1,-760,1783,0,0.00,0.00,0,0,0.00,0.00,0
2026-05-09 14:54:41,1,1,1,1938.2,0,-23.1,-760,1783,0,0.00,0.00,0,0,0.00,0.00,0
2026-05-09 14:54:41,1,1,1,1937.6,0,-23.0,-756,1784,0,0.00,0.00,0,0,0.00,0.00,0
2026-05-09 14:54:41,1,1,1,1937.6,0,-23.0,-756,1784,0,0.00,0.00,0,0,0.00,0.00,0
2026-05-09 14:54:41,1,1,1,1936.9,0,-22.8,-752,1785,0,0.00,0.00,0,0,0.00,0.00,0
2026-05-09 14:54:42,1,1,1,1936.9,0,-22.8,-752,1785,0,0.00,0.00,0,0,0.00,0.00,0
2026-05-09 14:54:42,1,1,1,1942.1,0,-22.7,-751,1791,0,0.00,0.00,0,0,0.00,0.00,0
2026-05-09 14:54:42,1,1,1,1950.2,0,-22.7,-753,1799,0,0.00,0.00,0,0,0.00,0.00,0
2026-05-09 14:54:42,1,1,1,1950.2,0,-22.7,-753,1799,0,0.00,0.00,0,0,0.00,0.00,0
2026-05-09 14:54:42,1,1,1,1961.4,0,-22.7,-758,1809,0,0.00,0.00,0,0,0.00,0.00,0
2026-05-09 14:54:42,1,1,1,1961.4,0,-22.7,-758,1809,0,0.00,0.00,0,0,0.00,0.00,0
2026-05-09 14:54:42,1,1,1,1970.7,0,-22.8,-763,1817,0,0.00,0.00,0,0,0.00,0.00,0
2026-05-09 14:54:42,1,1,1,1970.7,0,-22.8,-763,1817,0,0.00,0.00,0,0,0.00,0.00,0
2026-05-09 14:54:42,1,1,1,1980.8,0,-22.9,-770,1825,0,0.00,0.00,0,0,0.00,0.00,0
2026-05-09 14:54:42,1,1,1,1994.8,0,-23.0,-780,1836,0,0.00,0.00,0,0,0.00,0.00,0
2026-05-09 14:54:42,1,1,1,1994.8,0,-23.0,-780,1836,0,0.00,0.00,0,0,0.00,0.00,0
2026-05-09 14:54:42,1,1,1,2007.2,0,-23.1,-788,1846,0,0.00,0.00,0,0,0.00,0.00,0
2026-05-09 14:54:42,1,1,1,2007.2,0,-23.1,-788,1846,0,0.00,0.00,0,0,0.00,0.00,0
2026-05-09 14:54:42,1,1,1,2024.0,0,-23.2,-798,1860,0,0.00,0.00,0,0,0.00,0.00,0
2026-05-09 14:54:42,1,1,1,2024.0,0,-23.2,-798,1860,0,0.00,0.00,0,0,0.00,0.00,0
2026-05-09 14:54:42,1,1,1,2063.2,0,-23.3,-816,1895,0,0.00,0.00,0,0,0.00,0.00,0
2026-05-09 14:54:42,1,1,1,2063.2,0,-23.3,-816,1895,0,0.00,0.00,0,0,0.00,0.00,0
2026-05-09 14:54:42,1,1,1,2055.6,0,-23.1,-806,1891,0,0.00,0.00,0,0,0.00,0.00,0
2026-05-09 14:54:42,1,1,1,2048.1,0,-23.0,-801,1885,0,0.00,0.00,0,0,0.00,0.00,0
2026-05-09 14:54:42,1,1,1,2048.1,0,-23.0,-801,1885,0,0.00,0.00,0,0,0.00,0.00,0
2026-05-09 14:54:43,1,1,1,2035.8,0,-22.9,-793,1875,0,0.00,0.00,0,0,0.00,0.00,0
2026-05-09 14:54:43,1,1,1,2035.8,0,-22.9,-793,1875,0,0.00,0.00,0,0,0.00,0.00,0
2026-05-09 14:54:43,1,1,1,2023.9,0,-22.9,-786,1865,0,0.00,0.00,0,0,0.00,0.00,0
2026-05-09 14:54:43,1,1,1,2023.9,0,-22.9,-786,1865,0,0.00,0.00,0,0,0.00,0.00,0
2026-05-09 14:54:43,1,1,1,2015.5,0,-22.8,-781,1858,0,0.00,0.00,0,0,0.00,0.00,0
2026-05-09 14:54:43,1,1,1,2048.1,0,-23.2,-808,1882,0,0.00,0.00,0,0,0.00,0.00,0
2026-05-09 14:54:43,1,1,1,2048.1,0,-23.2,-808,1882,0,0.00,0.00,0,0,0.00,0.00,0
2026-05-09 14:54:43,1,1,1,2087.5,0,-23.7,-840,1911,0,0.00,0.00,0,0,0.00,0.00,0
2026-05-09 14:54:43,1,1,1,2087.5,0,-23.7,-840,1911,0,0.00,0.00,0,0,0.00,0.00,0
2026-05-09 14:54:43,1,1,1,2125.2,0,-24.2,-870,1939,0,0.00,0.00,0,0,0.00,0.00,0
2026-05-09 14:54:43,1,1,1,2125.2,0,-24.2,-870,1939,0,0.00,0.00,0,0,0.00,0.00,0
2026-05-09 14:54:43,1,1,1,2158.2,0,-24.6,-897,1963,0,0.00,0.00,0,0,0.00,0.00,0
2026-05-09 14:54:43,1,1,1,2158.2,0,-24.6,-897,1963,0,0.00,0.00,0,0,0.00,0.00,0
2026-05-09 14:54:43,1,1,1,2166.6,0,-24.7,-904,1969,0,0.00,0.00,0,0,0.00,0.00,0
2026-05-09 14:54:43,1,1,1,2167.4,0,-24.7,-906,1969,0,0.00,0.00,0,0,0.00,0.00,0
2026-05-09 14:54:43,1,1,1,2167.4,0,-24.7,-906,1969,0,0.00,0.00,0,0,0.00,0.00,0
2026-05-09 14:54:43,1,1,1,2172.7,0,-24.8,-910,1973,0,0.00,0.00,0,0,0.00,0.00,0
2026-05-09 14:54:43,1,1,1,2172.7,0,-24.8,-910,1973,0,0.00,0.00,0,0,0.00,0.00,0
2026-05-09 14:54:43,1,1,1,2201.1,0,-25.0,-930,1995,0,0.00,0.00,0,0,0.00,0.00,0
2026-05-09 14:54:43,1,1,1,2201.1,0,-25.0,-930,1995,0,0.00,0.00,0,0,0.00,0.00,0
2026-05-09 14:54:44,1,1,1,2232.6,0,-25.3,-953,2019,0,0.00,0.00,0,0,0.00,0.00,0
2026-05-09 14:54:44,1,1,1,2227.7,0,-25.3,-952,2014,0,0.00,0.00,0,0,0.00,0.00,0
2026-05-09 14:54:44,1,1,1,2227.7,0,-25.3,-952,2014,0,0.00,0.00,0,0,0.00,0.00,0
2026-05-09 14:54:44,1,1,1,2221.4,0,-25.3,-948,2009,0,0.00,0.00,0,0,0.00,0.00,0
2026-05-09 14:54:44,1,1,1,2221.4,0,-25.3,-948,2009,0,0.00,0.00,0,0,0.00,0.00,0
2026-05-09 14:54:44,1,1,1,2205.0,0,-25.1,-937,1996,0,0.00,0.00,0,0,0.00,0.00,0
2026-05-09 14:54:44,1,1,1,2205.0,0,-25.1,-937,1996,0,0.00,0.00,0,0,0.00,0.00,0
2026-05-09 14:54:44,1,1,1,2198.4,0,-25.0,-930,1992,0,0.00,0.00,0,0,0.00,0.00,0
2026-05-09 14:54:44,1,1,1,2198.4,0,-25.0,-930,1992,0,0.00,0.00,0,0,0.00,0.00,0
2026-05-09 14:54:44,1,1,1,2193.1,0,-24.9,-924,1989,0,0.00,0.00,0,0,0.00,0.00,0
2026-05-09 14:54:44,1,1,1,2179.9,0,-24.7,-912,1980,0,0.00,0.00,0,0,0.00,0.00,0
2026-05-09 14:54:44,1,1,1,2179.9,0,-24.7,-912,1980,0,0.00,0.00,0,0,0.00,0.00,0
2026-05-09 14:54:44,1,1,1,2161.0,0,-24.5,-897,1966,0,0.00,0.00,0,0,0.00,0.00,0
2026-05-09 14:54:44,1,1,1,2161.0,0,-24.5,-897,1966,0,0.00,0.00,0,0,0.00,0.00,0
2026-05-09 14:54:44,1,1,1,2139.8,0,-24.3,-881,1950,0,0.00,0.00,0,0,0.00,0.00,0
2026-05-09 14:54:44,1,1,1,2139.8,0,-24.3,-881,1950,0,0.00,0.00,0,0,0.00,0.00,0
2026-05-09 14:54:44,1,1,1,2108.2,0,-23.9,-855,1927,0,0.00,0.00,0,0,0.00,0.00,0
2026-05-09 14:54:44,1,1,1,2098.0,0,-23.8,-848,1919,0,0.00,0.00,0,0,0.00,0.00,0
2026-05-09 14:54:44,1,1,1,2098.0,0,-23.8,-848,1919,0,0.00,0.00,0,0,0.00,0.00,0
2026-05-09 14:54:44,1,1,1,2090.0,0,-23.8,-844,1912,0,0.00,0.00,0,0,0.00,0.00,0
2026-05-09 14:54:45,1,1,1,2090.0,0,-23.8,-844,1912,0,0.00,0.00,0,0,0.00,0.00,0
2026-05-09 14:54:45,1,1,1,2078.4,0,-23.8,-838,1902,0,0.00,0.00,0,0,0.00,0.00,0
2026-05-09 14:54:45,1,1,1,2078.4,0,-23.8,-838,1902,0,0.00,0.00,0,0,0.00,0.00,0
2026-05-09 14:54:45,1,1,1,2064.5,0,-23.8,-833,1889,0,0.00,0.00,0,0,0.00,0.00,0
2026-05-09 14:54:45,1,1,1,2064.5,0,-23.8,-833,1889,0,0.00,0.00,0,0,0.00,0.00,0
2026-05-09 14:54:45,1,1,1,2056.8,0,-23.6,-823,1885,0,0.00,0.00,0,0,0.00,0.00,0
2026-05-09 14:54:45,1,1,1,2039.1,0,-23.5,-813,1870,0,0.00,0.00,0,0,0.00,0.00,0
2026-05-09 14:54:45,1,1,1,2039.1,0,-23.5,-813,1870,0,0.00,0.00,0,0,0.00,0.00,0
2026-05-09 14:54:45,1,1,1,2021.1,0,-23.3,-800,1856,0,0.00,0.00,0,0,0.00,0.00,0
2026-05-09 14:54:45,1,1,1,2021.1,0,-23.3,-800,1856,0,0.00,0.00,0,0,0.00,0.00,0
2026-05-09 14:54:45,1,1,1,2005.8,0,-23.1,-787,1845,0,0.00,0.00,0,0,0.00,0.00,0
2026-05-09 14:54:45,1,1,1,2005.8,0,-23.1,-787,1845,0,0.00,0.00,0,0,0.00,0.00,0
2026-05-09 14:54:45,1,1,1,1994.0,0,-23.0,-778,1836,0,0.00,0.00,0,0,0.00,0.00,0
2026-05-09 14:54:45,1,1,1,1994.0,0,-23.0,-778,1836,0,0.00,0.00,0,0,0.00,0.00,0
2026-05-09 14:54:45,1,1,1,1981.8,0,-23.0,-775,1824,0,0.00,0.00,0,0,0.00,0.00,0
2026-05-09 14:54:45,1,1,1,1971.3,0,-23.1,-774,1813,0,0.00,0.00,0,0,0.00,0.00,0
2026-05-09 14:54:45,1,1,1,1971.3,0,-23.1,-774,1813,0,0.00,0.00,0,0,0.00,0.00,0
2026-05-09 14:54:45,1,1,1,1961.2,0,-23.2,-774,1802,0,0.00,0.00,0,0,0.00,0.00,0
2026-05-09 14:54:45,1,1,1,1961.2,0,-23.2,-774,1802,0,0.00,0.00,0,0,0.00,0.00,0
2026-05-09 14:54:45,1,1,1,1956.2,0,-23.5,-780,1794,0,0.00,0.00,0,0,0.00,0.00,0
2026-05-09 14:54:46,1,1,1,1956.2,0,-23.5,-780,1794,0,0.00,0.00,0,0,0.00,0.00,0
2026-05-09 14:54:46,1,1,1,1959.4,0,-24.0,-797,1790,0,0.00,0.00,0,0,0.00,0.00,0
2026-05-09 14:54:46,1,1,1,1962.8,0,-24.5,-814,1786,0,0.00,0.00,0,0,0.00,0.00,0
2026-05-09 14:54:46,1,1,1,1962.8,0,-24.5,-814,1786,0,0.00,0.00,0,0,0.00,0.00,0
2026-05-09 14:54:46,1,1,1,1969.5,0,-25.4,-845,1779,0,0.00,0.00,0,0,0.00,0.00,0
2026-05-09 14:54:46,1,1,1,1969.5,0,-25.4,-845,1779,0,0.00,0.00,0,0,0.00,0.00,0
2026-05-09 14:54:46,1,1,1,1986.5,0,-26.4,-884,1779,0,0.00,0.00,0,0,0.00,0.00,0
2026-05-09 14:54:46,1,1,1,1986.5,0,-26.4,-884,1779,0,0.00,0.00,0,0,0.00,0.00,0
2026-05-09 14:54:46,1,1,1,2008.8,0,-27.6,-931,1780,0,0.00,0.00,0,1,2.00,0.01,1181
2026-05-09 14:54:46,1,1,1,2008.8,0,-27.6,-931,1780,0,0.00,0.00,0,1,2.00,0.01,1181
2026-05-09 14:54:46,1,1,1,1996.5,0,-27.2,-912,1776,0,0.00,0.00,0,1,2.00,0.00,520
2026-05-09 14:54:46,1,1,1,1989.7,0,-26.9,-899,1775,0,0.00,0.00,0,1,2.00,0.00,520
2026-05-09 14:54:46,1,1,1,1989.7,0,-26.9,-899,1775,0,0.00,0.00,0,1,2.01,0.00,500
2026-05-09 14:54:46,1,1,1,1989.2,0,-26.7,-894,1777,0,0.00,0.00,0,1,2.01,0.00,500
2026-05-09 14:54:46,1,1,1,1989.2,0,-26.7,-894,1777,0,0.00,0.00,0,1,2.01,0.00,500
2026-05-09 14:54:46,1,1,1,1991.4,0,-26.6,-891,1781,0,0.00,0.00,0,1,2.01,0.00,500
2026-05-09 14:54:46,1,1,1,1991.4,0,-26.6,-891,1781,0,0.00,0.00,0,1,2.01,0.00,500
2026-05-09 14:54:46,1,1,1,1992.8,0,-26.5,-888,1784,0,0.00,0.00,0,1,2.01,0.00,500
2026-05-09 14:54:46,1,1,1,1996.4,0,-26.3,-886,1789,0,0.00,0.00,0,1,2.01,0.00,500
2026-05-09 14:54:46,1,1,1,1996.4,0,-26.3,-886,1789,0,0.00,0.00,0,1,2.01,0.00,500
2026-05-09 14:54:47,1,1,1,1998.6,0,-26.2,-883,1793,0,0.00,0.00,0,1,2.01,0.00,500
2026-05-09 14:54:47,1,1,1,1998.6,0,-26.2,-883,1793,0,0.00,0.00,0,1,2.01,0.00,500
2026-05-09 14:54:47,1,1,1,2004.5,0,-26.2,-884,1799,0,0.00,0.00,0,1,2.01,0.00,500
2026-05-09 14:54:47,1,1,1,2004.5,0,-26.2,-884,1799,0,0.00,0.00,0,1,2.01,0.00,500
2026-05-09 14:54:47,1,1,1,2007.1,0,-26.3,-888,1800,0,0.00,0.00,0,1,2.01,0.00,500
2026-05-09 14:54:47,1,1,1,2007.1,0,-26.3,-888,1800,0,0.00,0.00,0,1,2.01,0.00,500
2026-05-09 14:54:47,1,1,1,2006.7,0,-26.2,-885,1801,0,0.00,0.00,0,1,2.01,0.00,500
2026-05-09 14:54:47,1,1,1,2002.3,0,-26.0,-879,1799,0,0.00,0.00,0,0,0.00,0.00,0
2026-05-09 14:54:47,1,1,1,2002.3,0,-26.0,-879,1799,0,0.00,0.00,0,0,0.00,0.00,0
2026-05-09 14:54:47,1,1,1,1996.0,0,-25.9,-873,1795,0,0.00,0.00,0,0,0.00,0.00,0
2026-05-09 14:54:47,1,1,1,1996.0,0,-25.9,-873,1795,0,0.00,0.00,0,0,0.00,0.00,0
2026-05-09 14:54:47,1,1,1,1989.8,0,-25.8,-865,1792,0,0.00,0.00,0,0,0.00,0.00,0
2026-05-09 14:54:47,1,1,1,1989.8,0,-25.8,-865,1792,0,0.00,0.00,0,0,0.00,0.00,0
2026-05-09 14:54:47,1,1,1,1985.4,0,-25.7,-861,1789,0,0.00,0.00,0,0,0.00,0.00,0
2026-05-09 14:54:47,1,1,1,1982.8,0,-25.5,-855,1789,0,0.00,0.00,0,0,0.00,0.00,0
2026-05-09 14:54:47,1,1,1,1982.8,0,-25.5,-855,1789,0,0.00,0.00,0,0,0.00,0.00,0
2026-05-09 14:54:47,1,1,1,1981.6,0,-25.4,-850,1790,0,0.00,0.00,0,0,0.00,0.00,0
2026-05-09 14:54:47,1,1,1,1981.6,0,-25.4,-850,1790,0,0.00,0.00,0,0,0.00,0.00,0
2026-05-09 14:54:47,1,1,1,1981.2,0,-25.2,-845,1792,0,0.00,0.00,0,0,0.00,0.00,0
2026-05-09 14:54:47,1,1,1,1981.2,0,-25.2,-845,1792,0,0.00,0.00,0,0,0.00,0.00,0
2026-05-09 14:54:48,1,1,1,1980.4,0,-25.1,-841,1793,0,0.00,0.00,0,0,0.00,0.00,0
2026-05-09 14:54:48,1,1,1,1980.4,0,-25.1,-841,1793,0,0.00,0.00,0,0,0.00,0.00,0
2026-05-09 14:54:48,1,1,1,1986.4,0,-25.0,-838,1801,0,0.00,0.00,0,0,0.00,0.00,0
2026-05-09 14:54:48,1,1,1,1988.3,0,-24.9,-836,1804,0,0.00,0.00,0,0,0.00,0.00,0
2026-05-09 14:54:48,1,1,1,1988.3,0,-24.9,-836,1804,0,0.00,0.00,0,0,0.00,0.00,0
2026-05-09 14:54:48,1,1,1,1990.2,0,-24.8,-834,1807,0,0.00,0.00,0,0,0.00,0.00,0
2026-05-09 14:54:48,1,1,1,1990.2,0,-24.8,-834,1807,0,0.00,0.00,0,0,0.00,0.00,0
2026-05-09 14:54:48,1,1,1,1990.8,0,-24.6,-829,1810,0,0.00,0.00,0,0,0.00,0.00,0
2026-05-09 14:54:48,1,1,1,1990.8,0,-24.6,-829,1810,0,0.00,0.00,0,1,2.01,0.00,317
2026-05-09 14:54:48,1,1,1,1990.1,0,-24.5,-825,1811,0,0.00,0.00,0,1,2.01,0.00,317
2026-05-09 14:54:48,1,1,1,1987.5,0,-24.4,-821,1810,0,0.00,0.00,0,1,2.01,0.00,272
2026-05-09 14:54:48,1,1,1,1987.5,0,-24.4,-821,1810,0,0.00,0.00,0,1,2.01,0.00,272
2026-05-09 14:54:48,1,1,1,1984.5,0,-24.3,-816,1809,0,0.00,0.00,0,1,2.01,0.00,272
2026-05-09 14:54:48,1,1,1,1984.5,0,-24.3,-816,1809,0,0.00,0.00,0,1,2.01,0.00,272
2026-05-09 14:54:48,1,1,1,1981.2,0,-24.1,-810,1808,0,0.00,0.00,0,1,2.01,0.00,272
2026-05-09 14:54:48,1,1,1,1981.2,0,-24.1,-810,1808,0,0.00,0.00,0,1,2.01,0.00,272
2026-05-09 14:54:48,1,1,1,1980.2,0,-23.9,-801,1811,0,0.00,0.00,0,1,2.01,0.00,272
2026-05-09 14:54:48,1,1,1,1980.2,0,-23.9,-801,1811,0,0.00,0.00,0,1,2.01,0.00,272
2026-05-09 14:54:48,1,1,1,1979.2,0,-23.7,-794,1813,0,0.00,0.00,0,1,2.01,0.00,272
2026-05-09 14:54:48,1,1,1,1977.8,0,-23.5,-788,1814,0,0.00,0.00,0,1,2.01,0.00,272
2026-05-09 14:54:49,1,1,1,1977.8,0,-23.5,-788,1814,0,0.00,0.00,0,1,2.01,0.00,272
2026-05-09 14:54:49,1,1,1,1975.1,0,-23.4,-786,1812,0,0.00,0.00,0,1,2.01,0.00,272
2026-05-09 14:54:49,1,1,1,1975.1,0,-23.4,-786,1812,0,0.00,0.00,0,1,2.01,0.00,272
2026-05-09 14:54:49,1,1,1,1971.5,0,-23.5,-786,1808,0,0.00,0.00,0,1,2.01,0.00,272
2026-05-09 14:54:49,1,1,1,1971.5,0,-23.5,-786,1808,0,0.00,0.00,0,1,2.01,0.00,272
2026-05-09 14:54:49,1,1,1,1965.3,0,-23.7,-789,1800,0,0.00,0.00,0,0,0.00,0.00,0
2026-05-09 14:54:49,1,1,1,1960.6,0,-23.8,-791,1794,0,0.00,0.00,0,0,0.00,0.00,0
2026-05-09 14:54:49,1,1,1,1960.6,0,-23.8,-791,1794,0,0.00,0.00,0,0,0.00,0.00,0
2026-05-09 14:54:49,1,1,1,1959.6,0,-23.9,-793,1792,0,0.00,0.00,0,0,0.00,0.00,0
2026-05-09 14:54:49,1,1,1,1959.6,0,-23.9,-793,1792,0,0.00,0.00,0,0,0.00,0.00,0
2026-05-09 14:54:49,1,1,1,1960.9,0,-23.9,-794,1793,0,0.00,0.00,0,0,0.00,0.00,0
2026-05-09 14:54:49,1,1,1,1960.9,0,-23.9,-794,1793,0,0.00,0.00,0,0,0.00,0.00,0
2026-05-09 14:54:49,1,1,1,1966.3,0,-23.9,-796,1798,0,0.00,0.00,0,0,0.00,0.00,0
2026-05-09 14:54:49,1,1,1,1966.3,0,-23.9,-796,1798,0,0.00,0.00,0,0,0.00,0.00,0
2026-05-09 14:54:49,1,1,1,1987.4,0,-24.2,-814,1813,0,0.00,0.00,0,0,0.00,0.00,0
2026-05-09 14:54:49,1,1,1,2102.0,0,-25.3,-897,1901,0,0.00,0.00,0,0,0.00,0.00,0
2026-05-09 14:54:49,1,1,1,2102.0,0,-25.3,-897,1901,0,0.00,0.00,0,0,0.00,0.00,0
2026-05-09 14:54:49,1,1,1,2336.8,0,-27.2,-1067,2079,0,0.00,0.00,0,0,0.00,0.00,0
2026-05-09 14:54:49,1,1,1,2336.8,0,-27.2,-1067,2079,0,0.00,0.00,0,0,0.00,0.00,0
2026-05-09 14:54:49,1,1,1,2542.3,0,-28.0,-1193,2245,0,0.00,0.00,0,0,0.00,0.00,0
2026-05-09 14:54:50,1,1,1,2542.3,0,-28.0,-1193,2245,0,0.00,0.00,0,0,0.00,0.00,0
2026-05-09 14:54:50,1,1,1,2698.6,0,-28.4,-1285,2373,0,0.00,0.00,0,0,0.00,0.00,0
2026-05-09 14:54:50,1,1,1,2698.6,0,-28.4,-1285,2373,0,0.00,0.00,0,0,0.00,0.00,0
2026-05-09 14:54:50,1,1,1,2666.1,0,-27.3,-1223,2369,0,0.00,0.00,0,0,0.00,0.00,0
2026-05-09 14:54:50,1,1,1,2608.6,0,-26.9,-1181,2326,0,0.00,0.00,0,0,0.00,0.00,0
2026-05-09 14:54:50,1,1,1,2608.6,0,-26.9,-1181,2326,0,0.00,0.00,0,0,0.00,0.00,0
2026-05-09 14:54:50,1,1,1,2532.6,0,-26.7,-1137,2263,0,0.00,0.00,0,0,0.00,0.00,0
2026-05-09 14:54:50,1,1,1,2532.6,0,-26.7,-1137,2263,0,0.00,0.00,0,0,0.00,0.00,0
2026-05-09 14:54:50,1,1,1,2384.0,0,-25.6,-1030,2150,0,0.00,0.00,0,0,0.00,0.00,0
2026-05-09 14:54:50,1,1,1,2384.0,0,-25.6,-1030,2150,0,0.00,0.00,0,0,0.00,0.00,0
2026-05-09 14:54:50,1,1,1,2237.5,0,-24.2,-917,2041,0,0.00,0.00,0,0,0.00,0.00,0
2026-05-09 14:54:50,1,1,1,2116.4,0,-21.8,-786,1965,0,0.00,0.00,0,0,0.00,0.00,0
2026-05-09 14:54:50,1,1,1,2116.4,0,-21.8,-786,1965,0,0.00,0.00,0,0,0.00,0.00,0
2026-05-09 14:54:50,1,1,1,2008.8,0,-18.9,-652,1900,0,0.00,0.00,0,0,0.00,0.00,0
2026-05-09 14:54:50,1,1,1,2008.8,0,-18.9,-652,1900,0,0.00,0.00,0,0,0.00,0.00,0
2026-05-09 14:54:50,1,1,1,1946.1,0,-16.6,-556,1865,0,0.00,0.00,0,0,0.00,0.00,0
2026-05-09 14:54:50,1,1,1,1946.1,0,-16.6,-556,1865,0,0.00,0.00,0,0,0.00,0.00,0
2026-05-09 14:54:50,1,1,1,1921.2,0,-16.5,-546,1842,0,0.00,0.00,0,0,0.00,0.00,0
2026-05-09 14:54:50,1,1,1,1921.2,0,-16.5,-546,1842,0,0.00,0.00,0,0,0.00,0.00,0
2026-05-09 14:54:50,1,1,1,1895.2,0,-18.1,-590,1801,0,0.00,0.00,0,0,0.00,0.00,0
2026-05-09 14:54:51,1,1,1,1887.8,0,-19.3,-623,1782,0,0.00,0.00,0,0,0.00,0.00,0
2026-05-09 14:54:51,1,1,1,1887.8,0,-19.3,-623,1782,0,0.00,0.00,0,0,0.00,0.00,0
2026-05-09 14:54:51,1,1,1,1881.9,0,-20.3,-653,1765,0,0.00,0.00,0,0,0.00,0.00,0
2026-05-09 14:54:51,1,1,1,1881.9,0,-20.3,-653,1765,0,0.00,0.00,0,0,0.00,0.00,0
2026-05-09 14:54:51,1,1,1,1883.1,0,-20.7,-667,1761,0,0.00,0.00,0,0,0.00,0.00,0
2026-05-09 14:54:51,1,1,1,1883.1,0,-20.7,-667,1761,0,0.00,0.00,0,0,0.00,0.00,0
2026-05-09 14:54:51,1,1,1,1884.1,0,-20.8,-670,1761,0,0.00,0.00,0,0,0.00,0.00,0
2026-05-09 14:54:51,1,1,1,1890.2,0,-20.9,-674,1766,0,0.00,0.00,0,0,0.00,0.00,0
2026-05-09 14:54:51,1,1,1,1890.2,0,-20.9,-674,1766,0,0.00,0.00,0,0,0.00,0.00,0
2026-05-09 14:54:51,1,1,1,1909.3,0,-21.1,-688,1781,0,0.00,0.00,0,0,0.00,0.00,0
2026-05-09 14:54:51,1,1,1,1909.3,0,-21.1,-688,1781,0,0.00,0.00,0,0,0.00,0.00,0
2026-05-09 14:54:51,1,1,1,1925.4,0,-21.3,-699,1794,0,0.00,0.00,0,0,0.00,0.00,0
2026-05-09 14:54:51,1,1,1,1925.4,0,-21.3,-699,1794,0,0.00,0.00,0,0,0.00,0.00,0
2026-05-09 14:54:51,1,1,1,1925.7,0,-21.3,-700,1794,0,0.00,0.00,0,0,0.00,0.00,0
2026-05-09 14:54:51,1,1,1,1925.7,0,-21.3,-700,1794,0,0.00,0.00,0,0,0.00,0.00,0
2026-05-09 14:54:51,1,1,1,1926.1,0,-21.3,-701,1794,0,0.00,0.00,0,0,0.00,0.00,0
2026-05-09 14:54:51,1,1,1,1925.0,0,-21.4,-703,1792,0,0.00,0.00,0,0,0.00,0.00,0
2026-05-09 14:54:51,1,1,1,1925.0,0,-21.4,-703,1792,0,0.00,0.00,0,0,0.00,0.00,0
2026-05-09 14:54:51,1,1,1,1924.4,0,-21.5,-704,1791,0,0.00,0.00,0,0,0.00,0.00,0
2026-05-09 14:54:51,1,1,1,1924.4,0,-21.5,-704,1791,0,0.00,0.00,0,0,0.00,0.00,0
2026-05-09 14:54:52,1,1,1,1927.4,0,-21.5,-707,1793,0,0.00,0.00,0,0,0.00,0.00,0
2026-05-09 14:54:52,1,1,1,1927.4,0,-21.5,-707,1793,0,0.00,0.00,0,0,0.00,0.00,0
2026-05-09 14:54:52,1,1,1,1931.6,0,-21.6,-711,1796,0,0.00,0.00,0,0,0.00,0.00,0
2026-05-09 14:54:52,1,1,1,1932.9,0,-21.6,-712,1797,0,0.00,0.00,0,0,0.00,0.00,0
2026-05-09 14:54:52,1,1,1,1932.9,0,-21.6,-712,1797,0,0.00,0.00,0,0,0.00,0.00,0
2026-05-09 14:54:52,1,1,1,1931.1,0,-21.6,-712,1795,0,0.00,0.00,0,0,0.00,0.00,0
2026-05-09 14:54:52,1,1,1,1931.1,0,-21.6,-712,1795,0,0.00,0.00,0,0,0.00,0.00,0
2026-05-09 14:54:52,1,1,1,1929.0,0,-21.6,-709,1794,0,0.00,0.00,0,0,0.00,0.00,0
2026-05-09 14:54:52,1,1,1,1929.0,0,-21.6,-709,1794,0,0.00,0.00,0,0,0.00,0.00,0
2026-05-09 14:54:52,1,1,1,1925.7,0,-21.5,-705,1792,0,0.00,0.00,0,0,0.00,0.00,0
2026-05-09 14:54:52,1,1,1,1925.7,0,-21.5,-705,1792,0,0.00,0.00,0,0,0.00,0.00,0
2026-05-09 14:54:52,1,1,1,1919.6,0,-21.4,-701,1787,0,0.00,0.00,0,0,0.00,0.00,0
2026-05-09 14:54:52,1,1,1,1912.9,0,-21.4,-698,1781,0,0.00,0.00,0,0,0.00,0.00,0
2026-05-09 14:54:52,1,1,1,1912.9,0,-21.4,-698,1781,0,0.00,0.00,0,0,0.00,0.00,0
2026-05-09 14:54:52,1,1,1,1907.5,0,-21.4,-696,1776,0,0.00,0.00,0,0,0.00,0.00,0
2026-05-09 14:54:52,1,1,1,1907.5,0,-21.4,-696,1776,0,0.00,0.00,0,0,0.00,0.00,0
2026-05-09 14:54:52,1,1,1,1900.8,0,-21.4,-693,1770,0,0.00,0.00,0,0,0.00,0.00,0
2026-05-09 14:54:52,1,1,1,1900.8,0,-21.4,-693,1770,0,0.00,0.00,0,0,0.00,0.00,0
2026-05-09 14:54:52,1,1,1,1895.1,0,-21.4,-690,1765,0,0.00,0.00,0,0,0.00,0.00,0
2026-05-09 14:54:52,1,1,1,1889.7,0,-21.4,-688,1760,0,0.00,0.00,0,0,0.00,0.00,0
2026-05-09 14:54:53,1,1,1,1889.7,0,-21.4,-688,1760,0,0.00,0.00,0,0,0.00,0.00,0
2026-05-09 14:54:53,1,1,1,1884.3,0,-21.3,-686,1755,0,0.00,0.00,0,0,0.00,0.00,0
2026-05-09 14:54:53,1,1,1,1884.3,0,-21.3,-686,1755,0,0.00,0.00,0,0,0.00,0.00,0
2026-05-09 14:54:53,1,1,1,1878.6,0,-21.3,-683,1750,0,0.00,0.00,0,0,0.00,0.00,0
2026-05-09 14:54:53,1,1,1,1878.6,0,-21.3,-683,1750,0,0.00,0.00,0,0,0.00,0.00,0
2026-05-09 14:54:53,1,1,1,1873.2,0,-21.3,-681,1745,0,0.00,0.00,0,0,0.00,0.00,0
2026-05-09 14:54:53,1,1,1,1873.2,0,-21.3,-681,1745,0,0.00,0.00,0,0,0.00,0.00,0
2026-05-09 14:54:53,1,1,1,1868.7,0,-21.3,-679,1741,0,0.00,0.00,0,0,0.00,0.00,0
2026-05-09 14:54:53,1,1,1,1863.8,0,-21.2,-673,1738,0,0.00,0.00,0,0,0.00,0.00,0
2026-05-09 14:54:53,1,1,1,1863.8,0,-21.2,-673,1738,0,0.00,0.00,0,0,0.00,0.00,0
2026-05-09 14:54:53,1,1,1,1859.7,0,-21.0,-667,1736,0,0.00,0.00,0,0,0.00,0.00,0
2026-05-09 14:54:53,1,1,1,1859.7,0,-21.0,-667,1736,0,0.00,0.00,0,0,0.00,0.00,0
2026-05-09 14:54:53,1,1,1,1854.8,0,-20.9,-661,1733,0,0.00,0.00,0,0,0.00,0.00,0
2026-05-09 14:54:53,1,1,1,1854.8,0,-20.9,-661,1733,0,0.00,0.00,0,0,0.00,0.00,0
2026-05-09 14:54:53,1,1,1,1850.8,0,-20.7,-655,1731,0,0.00,0.00,0,0,0.00,0.00,0
2026-05-09 14:54:53,1,1,1,1847.1,0,-20.6,-650,1729,0,0.00,0.00,0,0,0.00,0.00,0
2026-05-09 14:54:53,1,1,1,1847.1,0,-20.6,-650,1729,0,0.00,0.00,0,0,0.00,0.00,0
2026-05-09 14:54:53,1,1,1,1843.2,0,-20.5,-644,1727,0,0.00,0.00,0,0,0.00,0.00,0
2026-05-09 14:54:53,1,1,1,1843.2,0,-20.5,-644,1727,0,0.00,0.00,0,0,0.00,0.00,0
2026-05-09 14:54:53,1,1,1,1839.6,0,-20.3,-639,1725,0,0.00,0.00,0,0,0.00,0.00,0
2026-05-09 14:54:54,1,1,1,1839.6,0,-20.3,-639,1725,0,0.00,0.00,0,0,0.00,0.00,0
2026-05-09 14:54:54,1,1,1,1838.0,0,-20.4,-640,1723,0,0.00,0.00,0,0,0.00,0.00,0
2026-05-09 14:54:54,1,1,1,1838.0,0,-20.4,-640,1723,0,0.00,0.00,0,0,0.00,0.00,0
2026-05-09 14:54:54,1,1,1,1841.1,0,-20.5,-646,1724,0,0.00,0.00,0,0,0.00,0.00,0
2026-05-09 14:54:54,1,1,1,1845.3,0,-20.6,-650,1727,0,0.00,0.00,0,0,0.00,0.00,0
2026-05-09 14:54:54,1,1,1,1845.3,0,-20.6,-650,1727,0,0.00,0.00,0,0,0.00,0.00,0
2026-05-09 14:54:54,1,1,1,1856.7,0,-20.7,-656,1737,0,0.00,0.00,0,0,0.00,0.00,0
2026-05-09 14:54:54,1,1,1,1856.7,0,-20.7,-656,1737,0,0.00,0.00,0,0,0.00,0.00,0
2026-05-09 14:54:54,1,1,1,1868.9,0,-20.8,-664,1747,0,0.00,0.00,0,0,0.00,0.00,0
2026-05-09 14:54:54,1,1,1,1868.9,0,-20.8,-664,1747,0,0.00,0.00,0,0,0.00,0.00,0
2026-05-09 14:54:54,1,1,1,1885.9,0,-21.0,-675,1761,0,0.00,0.00,0,0,0.00,0.00,0
2026-05-09 14:54:54,1,1,1,1885.9,0,-21.0,-675,1761,0,0.00,0.00,0,0,0.00,0.00,0
2026-05-09 14:54:54,1,1,1,1943.1,0,-21.5,-712,1808,0,0.00,0.00,0,0,0.00,0.00,0
2026-05-09 14:54:54,1,1,1,1995.3,0,-21.9,-745,1851,0,0.00,0.00,0,0,0.00,0.00,0
2026-05-09 14:54:54,1,1,1,1995.3,0,-21.9,-745,1851,0,0.00,0.00,0,0,0.00,0.00,0
2026-05-09 14:54:54,1,1,1,2024.9,0,-22.3,-767,1874,0,0.00,0.00,0,0,0.00,0.00,0
2026-05-09 14:54:54,1,1,1,2024.9,0,-22.3,-767,1874,0,0.00,0.00,0,0,0.00,0.00,0
2026-05-09 14:54:54,1,1,1,2032.4,0,-22.5,-777,1878,0,0.00,0.00,0,0,0.00,0.00,0
2026-05-09 14:54:54,1,1,1,2032.4,0,-22.5,-777,1878,0,0.00,0.00,0,0,0.00,0.00,0
2026-05-09 14:54:54,1,1,1,2036.2,0,-22.7,-787,1878,0,0.00,0.00,0,0,0.00,0.00,0
2026-05-09 14:54:55,1,1,1,2045.1,0,-23.0,-798,1883,0,0.00,0.00,0,0,0.00,0.00,0
2026-05-09 14:54:55,1,1,1,2045.1,0,-23.0,-798,1883,0,0.00,0.00,0,0,0.00,0.00,0
2026-05-09 14:54:55,1,1,1,2054.6,0,-23.2,-808,1889,0,0.00,0.00,0,0,0.00,0.00,0
2026-05-09 14:54:55,1,1,1,2054.6,0,-23.2,-808,1889,0,0.00,0.00,0,0,0.00,0.00,0
2026-05-09 14:54:55,1,1,1,2063.6,0,-23.3,-817,1895,0,0.00,0.00,0,0,0.00,0.00,0
2026-05-09 14:54:55,1,1,1,2063.6,0,-23.3,-817,1895,0,0.00,0.00,0,0,0.00,0.00,0
2026-05-09 14:54:55,1,1,1,2075.2,0,-23.6,-830,1902,0,0.00,0.00,0,0,0.00,0.00,0
2026-05-09 14:54:55,1,1,1,2075.2,0,-23.6,-830,1902,0,0.00,0.00,0,0,0.00,0.00,0
2026-05-09 14:54:55,1,1,1,2079.2,0,-23.8,-840,1902,0,0.00,0.00,0,0,0.00,0.00,0
2026-05-09 14:54:55,1,1,1,2072.1,0,-24.1,-845,1892,0,0.00,0.00,0,0,0.00,0.00,0
2026-05-09 14:54:55,1,1,1,2072.1,0,-24.1,-845,1892,0,0.00,0.00,0,0,0.00,0.00,0
2026-05-09 14:54:55,1,1,1,2064.4,0,-24.5,-855,1879,0,0.00,0.00,0,0,0.00,0.00,0
2026-05-09 14:54:55,1,1,1,2064.4,0,-24.5,-855,1879,0,0.00,0.00,0,0,0.00,0.00,0
2026-05-09 14:54:55,1,1,1,2055.3,0,-24.9,-866,1864,0,0.00,0.00,0,0,0.00,0.00,0
2026-05-09 14:54:55,1,1,1,2055.3,0,-24.9,-866,1864,0,0.00,0.00,0,0,0.00,0.00,0
2026-05-09 14:54:55,1,1,1,2042.0,0,-26.2,-900,1833,0,0.00,0.00,0,0,0.00,0.00,0
2026-05-09 14:54:55,1,1,1,2044.5,0,-27.6,-947,1812,0,0.00,0.00,0,0,0.00,0.00,0
2026-05-09 14:54:55,1,1,1,2044.5,0,-27.6,-947,1812,0,0.00,0.00,0,0,0.00,0.00,0
2026-05-09 14:54:55,1,1,1,2052.4,0,-29.1,-997,1794,0,0.00,0.00,0,0,0.00,0.00,0
2026-05-09 14:54:55,1,1,1,2052.4,0,-29.1,-997,1794,0,0.00,0.00,0,0,0.00,0.00,0
2026-05-09 14:54:56,1,1,1,2060.5,0,-30.4,-1043,1777,0,0.00,0.00,0,0,0.00,0.00,0
2026-05-09 14:54:56,1,1,1,2060.5,0,-30.4,-1043,1777,0,0.00,0.00,0,0,0.00,0.00,0
2026-05-09 14:54:56,1,1,1,2052.4,0,-31.4,-1069,1752,0,0.00,0.00,0,0,0.00,0.00,0
2026-05-09 14:54:56,1,1,1,2052.4,0,-31.4,-1069,1752,0,0.00,0.00,0,0,0.00,0.00,0
2026-05-09 14:54:56,1,1,1,2049.0,0,-32.1,-1090,1735,0,0.00,0.00,0,0,0.00,0.00,0
2026-05-09 14:54:56,1,1,1,2046.2,0,-32.1,-1088,1733,0,0.00,0.00,0,0,0.00,0.00,0
2026-05-09 14:54:56,1,1,1,2046.2,0,-32.1,-1088,1733,0,0.00,0.00,0,0,0.00,0.00,0
2026-05-09 14:54:56,1,1,1,2039.5,0,-31.9,-1077,1732,0,0.00,0.00,0,0,0.00,0.00,0
2026-05-09 14:54:56,1,1,1,2039.5,0,-31.9,-1077,1732,0,0.00,0.00,0,0,0.00,0.00,0
2026-05-09 14:54:56,1,1,1,2032.9,0,-31.6,-1066,1731,0,0.00,0.00,0,0,0.00,0.00,0
2026-05-09 14:54:56,1,1,1,2032.9,0,-31.6,-1066,1731,0,0.00,0.00,0,0,0.00,0.00,0
2026-05-09 14:54:56,1,1,1,2011.7,0,-31.1,-1040,1722,0,0.00,0.00,0,0,0.00,0.00,0
2026-05-09 14:54:56,1,1,1,1989.6,0,-30.6,-1012,1713,0,0.00,0.00,0,0,0.00,0.00,0
2026-05-09 14:54:56,1,1,1,1989.6,0,-30.6,-1012,1713,0,0.00,0.00,0,0,0.00,0.00,0
2026-05-09 14:54:56,1,1,1,1973.8,0,-29.9,-984,1711,0,0.00,0.00,0,0,0.00,0.00,0
2026-05-09 14:54:56,1,1,1,1973.8,0,-29.9,-984,1711,0,0.00,0.00,0,0,0.00,0.00,0
2026-05-09 14:54:56,1,1,1,1970.5,0,-29.1,-958,1722,0,0.00,0.00,0,0,0.00,0.00,0
2026-05-09 14:54:56,1,1,1,1970.5,0,-29.1,-958,1722,0,0.00,0.00,0,0,0.00,0.00,0
2026-05-09 14:54:56,1,1,1,1971.4,0,-28.3,-936,1735,0,0.00,0.00,0,0,0.00,0.00,0
2026-05-09 14:54:56,1,1,1,1971.4,0,-28.3,-936,1735,0,0.00,0.00,0,0,0.00,0.00,0
2026-05-09 14:54:57,1,1,1,1971.7,0,-27.7,-918,1745,0,0.00,0.00,0,0,0.00,0.00,0
2026-05-09 14:54:57,1,1,1,1980.8,0,-27.2,-905,1762,0,0.00,0.00,0,0,0.00,0.00,0
2026-05-09 14:54:57,1,1,1,1980.8,0,-27.2,-905,1762,0,0.00,0.00,0,0,0.00,0.00,0
2026-05-09 14:54:57,1,1,1,1989.7,0,-26.5,-889,1780,0,0.00,0.00,0,0,0.00,0.00,0
2026-05-09 14:54:57,1,1,1,1989.7,0,-26.5,-889,1780,0,0.00,0.00,0,0,0.00,0.00,0
2026-05-09 14:54:57,1,1,1,1994.2,0,-26.0,-873,1793,0,0.00,0.00,0,0,0.00,0.00,0
2026-05-09 14:54:57,1,1,1,1994.2,0,-26.0,-873,1793,0,0.00,0.00,0,0,0.00,0.00,0
2026-05-09 14:54:57,1,1,1,1994.2,0,-25.3,-852,1803,0,0.00,0.00,0,0,0.00,0.00,0
2026-05-09 14:54:57,1,1,1,1991.6,0,-24.7,-833,1809,0,0.00,0.00,0,0,0.00,0.00,0
2026-05-09 14:54:57,1,1,1,1991.6,0,-24.7,-833,1809,0,0.00,0.00,0,0,0.00,0.00,0
2026-05-09 14:54:57,1,1,1,1990.2,0,-24.4,-821,1813,0,0.00,0.00,0,0,0.00,0.00,0
2026-05-09 14:54:57,1,1,1,1990.2,0,-24.4,-821,1813,0,0.00,0.00,0,0,0.00,0.00,0
2026-05-09 14:54:57,1,1,1,1991.7,0,-24.2,-818,1816,0,0.00,0.00,0,0,0.00,0.00,0
2026-05-09 14:54:57,1,1,1,1991.7,0,-24.2,-818,1816,0,0.00,0.00,0,0,0.00,0.00,0
2026-05-09 14:54:57,1,1,1,1990.4,0,-24.2,-817,1815,0,0.00,0.00,0,0,0.00,0.00,0
2026-05-09 14:54:57,1,1,1,1990.4,0,-24.2,-817,1815,0,0.00,0.00,0,0,0.00,0.00,0
2026-05-09 14:54:57,1,1,1,1988.3,0,-24.2,-814,1814,0,0.00,0.00,0,1,2.24,0.00,853
2026-05-09 14:54:57,1,1,1,1986.9,0,-24.2,-813,1813,0,0.00,0.00,0,1,2.24,0.00,853
2026-05-09 14:54:57,1,1,1,1986.9,0,-24.2,-813,1813,0,0.00,0.00,0,1,2.24,0.00,2984
2026-05-09 14:54:57,1,1,1,1987.4,0,-24.1,-812,1814,0,0.00,0.00,0,1,2.24,0.00,2984
2026-05-09 14:54:58,1,1,1,1987.4,0,-24.1,-812,1814,0,0.00,0.00,0,1,2.24,0.00,1130
2026-05-09 14:54:58,1,1,1,1988.9,0,-24.1,-811,1816,0,0.00,0.00,0,1,2.24,0.00,1130
2026-05-09 14:54:58,1,1,1,1988.9,0,-24.1,-811,1816,0,0.00,0.00,0,1,2.20,0.00,1985
2026-05-09 14:54:58,1,1,1,1990.7,0,-24.0,-811,1818,0,0.00,0.00,0,1,2.20,0.00,1985
2026-05-09 14:54:58,1,1,1,1990.7,0,-24.0,-811,1818,0,0.00,0.00,0,1,2.17,0.00,2117
2026-05-09 14:54:58,1,1,1,1993.8,0,-24.0,-812,1821,0,0.00,0.00,0,1,2.17,0.00,2117
2026-05-09 14:54:58,1,1,1,1991.5,0,-24.1,-813,1818,0,0.00,0.00,0,1,2.15,0.00,3373
2026-05-09 14:54:58,1,1,1,1991.5,0,-24.1,-813,1818,0,0.00,0.00,0,1,2.15,0.00,3373
2026-05-09 14:54:58,1,1,1,1989.1,0,-24.2,-816,1814,1,2.13,0.00,3274,1,2.13,0.00,3274
2026-05-09 14:54:58,1,1,1,1989.1,0,-24.2,-816,1814,1,2.13,0.00,3274,1,2.13,0.00,3274
2026-05-09 14:54:58,1,1,1,1986.3,0,-24.3,-818,1810,1,2.12,0.00,2941,1,2.12,0.00,2941
2026-05-09 14:54:58,1,1,1,1986.3,0,-24.3,-818,1810,1,2.12,0.00,2941,1,2.12,0.00,2941
2026-05-09 14:54:58,1,1,1,1985.3,0,-24.4,-820,1808,1,2.12,0.00,2941,1,2.12,0.00,2941
2026-05-09 14:54:58,1,1,1,1984.8,0,-24.4,-821,1807,1,2.12,0.00,2941,1,2.12,0.00,2941
2026-05-09 14:54:58,1,1,1,1984.8,0,-24.4,-821,1807,1,2.12,0.00,2941,1,2.12,0.00,2941
2026-05-09 14:54:58,1,1,1,1989.6,0,-24.5,-824,1811,0,0.00,0.00,0,1,2.12,0.00,2941
2026-05-09 14:54:58,1,1,1,1989.6,0,-24.5,-824,1811,0,0.00,0.00,0,1,2.12,0.00,2941
2026-05-09 14:54:58,1,1,1,1998.5,0,-24.5,-830,1818,0,0.00,0.00,0,1,2.12,0.00,2941
2026-05-09 14:54:58,1,1,1,1998.5,0,-24.5,-830,1818,0,0.00,0.00,0,1,2.12,0.00,2941
2026-05-09 14:54:58,1,1,1,2012.6,0,-24.7,-842,1828,0,0.00,0.00,0,1,2.12,0.00,2941
2026-05-09 14:54:59,1,1,1,2012.6,0,-24.7,-842,1828,0,0.00,0.00,0,1,2.02,0.00,292
2026-05-09 14:54:59,1,1,1,2047.4,0,-25.3,-875,1851,0,0.00,0.00,0,1,2.02,0.00,292
2026-05-09 14:54:59,1,1,1,2085.0,0,-25.9,-912,1875,0,0.00,0.00,0,1,2.03,0.00,641
2026-05-09 14:54:59,1,1,1,2085.0,0,-25.9,-912,1875,0,0.00,0.00,0,1,2.03,0.00,641
2026-05-09 14:54:59,1,1,1,2120.8,0,-25.9,-928,1907,0,0.00,0.00,0,1,2.03,0.00,641
2026-05-09 14:54:59,1,1,1,2120.8,0,-25.9,-928,1907,0,0.00,0.00,0,1,2.03,0.00,641
2026-05-09 14:54:59,1,1,1,2140.8,0,-25.4,-918,1934,0,0.00,0.00,0,1,2.03,0.00,641
2026-05-09 14:54:59,1,1,1,2140.8,0,-25.4,-918,1934,0,0.00,0.00,0,1,2.03,0.00,641
2026-05-09 14:54:59,1,1,1,2150.0,0,-24.7,-899,1953,0,0.00,0.00,0,1,2.03,0.00,641
2026-05-09 14:54:59,1,1,1,2146.3,0,-24.2,-879,1958,0,0.00,0.00,0,1,2.03,0.00,641
2026-05-09 14:54:59,1,1,1,2146.3,0,-24.2,-879,1958,0,0.00,0.00,0,1,2.03,0.00,641
2026-05-09 14:54:59,1,1,1,2136.2,0,-23.8,-861,1955,0,0.00,0.00,0,1,2.03,0.00,641
2026-05-09 14:54:59,1,1,1,2136.2,0,-23.8,-861,1955,0,0.00,0.00,0,1,2.03,0.00,641
2026-05-09 14:54:59,1,1,1,2126.0,0,-23.5,-847,1950,0,0.00,0.00,0,1,2.03,0.00,641
2026-05-09 14:54:59,1,1,1,2126.0,0,-23.5,-847,1950,0,0.00,0.00,0,1,2.03,0.00,641
2026-05-09 14:54:59,1,1,1,2116.5,0,-23.3,-837,1944,0,0.00,0.00,0,1,2.03,0.00,641
2026-05-09 14:54:59,1,1,1,2116.5,0,-23.3,-837,1944,0,0.00,0.00,0,1,2.31,0.00,784
2026-05-09 14:54:59,1,1,1,2108.0,0,-23.3,-834,1936,0,0.00,0.00,0,1,2.31,0.00,784
2026-05-09 14:54:59,1,1,1,2096.1,0,-23.4,-834,1923,0,0.00,0.00,0,1,2.21,0.00,1202
2026-05-09 14:54:59,1,1,1,2096.1,0,-23.4,-834,1923,0,0.00,0.00,0,1,2.21,0.00,1202
2026-05-09 14:55:00,1,1,1,2069.6,0,-23.7,-832,1895,0,0.00,0.00,0,1,2.15,0.00,565
2026-05-09 14:55:00,1,1,1,2069.6,0,-23.7,-832,1895,0,0.00,0.00,0,1,2.15,0.00,565
2026-05-09 14:55:00,1,1,1,2042.4,0,-23.9,-828,1867,0,0.00,0.00,0,1,2.13,0.00,725
2026-05-09 14:55:00,1,1,1,2042.4,0,-23.9,-828,1867,0,0.00,0.00,0,1,2.13,0.00,725
2026-05-09 14:55:00,1,1,1,2006.7,0,-24.4,-830,1827,0,0.00,0.00,0,1,2.13,0.00,725
2026-05-09 14:55:00,1,1,1,1998.1,0,-24.9,-840,1813,0,0.00,0.00,0,1,2.13,0.00,725
2026-05-09 14:55:00,1,1,1,1998.1,0,-24.9,-840,1813,0,0.00,0.00,0,1,2.13,0.00,725
2026-05-09 14:55:00,1,1,1,1986.6,0,-25.2,-847,1797,0,0.00,0.00,0,1,2.13,0.00,725
2026-05-09 14:55:00,1,1,1,1986.6,0,-25.2,-847,1797,0,0.00,0.00,0,1,2.13,0.00,725
2026-05-09 14:55:00,1,1,1,1970.3,0,-25.6,-851,1777,0,0.00,0.00,0,1,2.13,0.00,725
2026-05-09 14:55:00,1,1,1,1970.3,0,-25.6,-851,1777,0,0.00,0.00,0,1,2.13,0.00,725
2026-05-09 14:55:00,1,1,1,1954.1,0,-25.6,-845,1762,0,0.00,0.00,0,1,2.13,0.00,725
2026-05-09 14:55:00,1,1,1,1954.1,0,-25.6,-845,1762,0,0.00,0.00,0,1,2.13,0.00,725
2026-05-09 14:55:00,1,1,1,1941.8,0,-25.3,-829,1756,0,0.00,0.00,0,1,2.13,0.00,725
2026-05-09 14:55:00,1,1,1,1935.1,0,-24.8,-813,1756,0,0.00,0.00,0,1,2.13,0.00,725
2026-05-09 14:55:00,1,1,1,1935.1,0,-24.8,-813,1756,0,0.00,0.00,0,1,2.13,0.00,725
2026-05-09 14:55:00,1,1,1,1931.1,0,-24.4,-799,1758,0,0.00,0.00,0,1,2.13,0.00,725
2026-05-09 14:55:00,1,1,1,1931.1,0,-24.4,-799,1758,0,0.00,0.00,0,0,0.00,0.00,0
2026-05-09 14:55:00,1,1,1,1926.2,0,-24.1,-785,1759,0,0.00,0.00,0,0,0.00,0.00,0
2026-05-09 14:55:00,1,1,1,1926.2,0,-24.1,-785,1759,0,0.00,0.00,0,0,0.00,0.00,0
2026-05-09 14:55:01,1,1,1,1923.2,0,-23.7,-773,1761,0,0.00,0.00,0,0,0.00,0.00,0
2026-05-09 14:55:01,1,1,1,1920.4,0,-23.5,-766,1761,0,0.00,0.00,0,0,0.00,0.00,0
2026-05-09 14:55:01,1,1,1,1920.4,0,-23.5,-766,1761,0,0.00,0.00,0,0,0.00,0.00,0
2026-05-09 14:55:01,1,1,1,1918.7,0,-23.5,-764,1760,0,0.00,0.00,0,0,0.00,0.00,0
2026-05-09 14:55:01,1,1,1,1918.7,0,-23.5,-764,1760,0,0.00,0.00,0,0,0.00,0.00,0
2026-05-09 14:55:01,1,1,1,1917.4,0,-23.4,-763,1759,0,0.00,0.00,0,0,0.00,0.00,0
2026-05-09 14:55:01,1,1,1,1917.4,0,-23.4,-763,1759,0,0.00,0.00,0,0,0.00,0.00,0
2026-05-09 14:55:01,1,1,1,1915.2,0,-23.4,-760,1758,0,0.00,0.00,0,0,0.00,0.00,0
2026-05-09 14:55:01,1,1,1,1915.2,0,-23.4,-760,1758,0,0.00,0.00,0,0,0.00,0.00,0
2026-05-09 14:55:01,1,1,1,1913.1,0,-23.3,-757,1757,0,0.00,0.00,0,0,0.00,0.00,0
2026-05-09 14:55:01,1,1,1,1911.3,0,-23.3,-757,1755,0,0.00,0.00,0,0,0.00,0.00,0
2026-05-09 14:55:01,1,1,1,1911.3,0,-23.3,-757,1755,0,0.00,0.00,0,0,0.00,0.00,0
2026-05-09 14:55:01,1,1,1,1914.8,0,-23.4,-759,1758,0,0.00,0.00,0,0,0.00,0.00,0
2026-05-09 14:55:01,1,1,1,1914.8,0,-23.4,-759,1758,0,0.00,0.00,0,0,0.00,0.00,0
2026-05-09 14:55:01,1,1,1,1915.1,0,-23.2,-755,1760,0,0.00,0.00,0,0,0.00,0.00,0
2026-05-09 14:55:01,1,1,1,1915.1,0,-23.2,-755,1760,0,0.00,0.00,0,0,0.00,0.00,0
2026-05-09 14:55:01,1,1,1,1913.8,0,-23.0,-747,1762,0,0.00,0.00,0,0,0.00,0.00,0
2026-05-09 14:55:01,1,1,1,1911.2,0,-22.7,-738,1763,0,0.00,0.00,0,0,0.00,0.00,0
2026-05-09 14:55:01,1,1,1,1911.2,0,-22.7,-738,1763,0,0.00,0.00,0,0,0.00,0.00,0
2026-05-09 14:55:01,1,1,1,1908.0,0,-22.6,-732,1762,0,0.00,0.00,0,0,0.00,0.00,0
2026-05-09 14:55:02,1,1,1,1908.0,0,-22.6,-732,1762,0,0.00,0.00,0,0,0.00,0.00,0
2026-05-09 14:55:02,1,1,1,1907.4,0,-22.4,-728,1763,0,0.00,0.00,0,0,0.00,0.00,0
2026-05-09 14:55:02,1,1,1,1907.4,0,-22.4,-728,1763,0,0.00,0.00,0,0,0.00,0.00,0
2026-05-09 14:55:02,1,1,1,1908.3,0,-22.4,-728,1764,0,0.00,0.00,0,0,0.00,0.00,0
2026-05-09 14:55:02,1,1,1,1908.3,0,-22.4,-728,1764,0,0.00,0.00,0,0,0.00,0.00,0
2026-05-09 14:55:02,1,1,1,1911.1,0,-22.4,-728,1767,0,0.00,0.00,0,0,0.00,0.00,0
2026-05-09 14:55:02,1,1,1,1912.0,0,-22.4,-728,1768,0,0.00,0.00,0,0,0.00,0.00,0
2026-05-09 14:55:02,1,1,1,1912.0,0,-22.4,-728,1768,0,0.00,0.00,0,0,0.00,0.00,0
2026-05-09 14:55:02,1,1,1,1912.0,0,-22.4,-728,1768,0,0.00,0.00,0,0,0.00,0.00,0
2026-05-09 14:55:02,1,1,1,1912.0,0,-22.4,-728,1768,0,0.00,0.00,0,0,0.00,0.00,0
2026-05-09 14:55:02,1,1,1,1912.2,0,-22.3,-726,1769,0,0.00,0.00,0,0,0.00,0.00,0
2026-05-09 14:55:02,1,1,1,1912.2,0,-22.3,-726,1769,0,0.00,0.00,0,0,0.00,0.00,0
2026-05-09 14:55:02,1,1,1,1915.0,0,-22.3,-726,1772,0,0.00,0.00,0,0,0.00,0.00,0
2026-05-09 14:55:02,1,1,1,1915.0,0,-22.3,-726,1772,0,0.00,0.00,0,0,0.00,0.00,0
2026-05-09 14:55:02,1,1,1,1917.7,0,-22.2,-726,1775,0,0.00,0.00,0,0,0.00,0.00,0
2026-05-09 14:55:02,1,1,1,1920.3,0,-22.3,-728,1777,0,0.00,0.00,0,0,0.00,0.00,0
2026-05-09 14:55:02,1,1,1,1920.3,0,-22.3,-728,1777,0,0.00,0.00,0,0,0.00,0.00,0
2026-05-09 14:55:02,1,1,1,1923.1,0,-22.2,-728,1780,0,0.00,0.00,0,0,0.00,0.00,0
2026-05-09 14:55:02,1,1,1,1923.1,0,-22.2,-728,1780,0,0.00,0.00,0,0,0.00,0.00,0
2026-05-09 14:55:02,1,1,1,1922.7,0,-22.2,-727,1780,0,0.00,0.00,0,0,0.00,0.00,0
2026-05-09 14:55:03,1,1,1,1922.7,0,-22.2,-727,1780,0,0.00,0.00,0,0,0.00,0.00,0
2026-05-09 14:55:03,1,1,1,1920.3,0,-22.1,-723,1779,0,0.00,0.00,0,0,0.00,0.00,0
2026-05-09 14:55:03,1,1,1,1917.7,0,-22.1,-721,1777,0,0.00,0.00,0,0,0.00,0.00,0
2026-05-09 14:55:03,1,1,1,1917.7,0,-22.1,-721,1777,0,0.00,0.00,0,0,0.00,0.00,0
2026-05-09 14:55:03,1,1,1,1919.6,0,-22.1,-721,1779,0,0.00,0.00,0,0,0.00,0.00,0
2026-05-09 14:55:03,1,1,1,1919.6,0,-22.1,-721,1779,0,0.00,0.00,0,0,0.00,0.00,0
2026-05-09 14:55:03,1,1,1,1924.2,0,-22.0,-721,1784,0,0.00,0.00,0,0,0.00,0.00,0
2026-05-09 14:55:03,1,1,1,1924.2,0,-22.0,-721,1784,0,0.00,0.00,0,0,0.00,0.00,0
2026-05-09 14:55:03,1,1,1,1928.6,0,-21.9,-718,1790,0,0.00,0.00,0,0,0.00,0.00,0
2026-05-09 14:55:03,1,1,1,1928.6,0,-21.9,-718,1790,0,0.00,0.00,0,0,0.00,0.00,0
2026-05-09 14:55:03,1,1,1,1931.8,0,-21.7,-714,1795,0,0.00,0.00,0,0,0.00,0.00,0
2026-05-09 14:55:03,1,1,1,1934.0,0,-21.5,-710,1799,0,0.00,0.00,0,0,0.00,0.00,0
2026-05-09 14:55:03,1,1,1,1934.0,0,-21.5,-710,1799,0,0.00,0.00,0,0,0.00,0.00,0
2026-05-09 14:55:03,1,1,1,1933.1,0,-21.4,-705,1800,0,0.00,0.00,0,0,0.00,0.00,0
2026-05-09 14:55:03,1,1,1,1933.1,0,-21.4,-705,1800,0,0.00,0.00,0,0,0.00,0.00,0
2026-05-09 14:55:03,1,1,1,1930.4,0,-21.3,-700,1799,0,0.00,0.00,0,0,0.00,0.00,0
2026-05-09 14:55:03,1,1,1,1930.4,0,-21.3,-700,1799,0,0.00,0.00,0,0,0.00,0.00,0
2026-05-09 14:55:03,1,1,1,1929.2,0,-21.1,-694,1800,0,0.00,0.00,0,0,0.00,0.00,0
2026-05-09 14:55:03,1,1,1,1927.1,0,-21.0,-691,1799,0,0.00,0.00,0,0,0.00,0.00,0
2026-05-09 14:55:03,1,1,1,1927.1,0,-21.0,-691,1799,0,0.00,0.00,0,0,0.00,0.00,0
2026-05-09 14:55:04,1,1,1,1925.5,0,-21.0,-689,1798,0,0.00,0.00,0,0,0.00,0.00,0
2026-05-09 14:55:04,1,1,1,1925.5,0,-21.0,-689,1798,0,0.00,0.00,0,0,0.00,0.00,0
2026-05-09 14:55:04,1,1,1,1924.8,0,-20.9,-687,1798,0,0.00,0.00,0,0,0.00,0.00,0
2026-05-09 14:55:04,1,1,1,1924.8,0,-20.9,-687,1798,0,0.00,0.00,0,0,0.00,0.00,0
2026-05-09 14:55:04,1,1,1,1928.7,0,-21.0,-690,1801,0,0.00,0.00,0,0,0.00,0.00,0
2026-05-09 14:55:04,1,1,1,1928.7,0,-21.0,-690,1801,0,0.00,0.00,0,0,0.00,0.00,0
2026-05-09 14:55:04,1,1,1,1936.4,0,-21.1,-696,1807,0,0.00,0.00,0,0,0.00,0.00,0
2026-05-09 14:55:04,1,1,1,1974.6,0,-21.4,-719,1839,0,0.00,0.00,0,0,0.00,0.00,0
2026-05-09 14:55:04,1,1,1,1974.6,0,-21.4,-719,1839,0,0.00,0.00,0,0,0.00,0.00,0
2026-05-09 14:55:04,1,1,1,2096.6,0,-22.3,-795,1940,0,0.00,0.00,0,0,0.00,0.00,0
2026-05-09 14:55:14,1,1,1,653.2,0,4.7,53,651,1,0.76,0.00,16130,1,0.76,0.00,16130
2026-05-09 14:55:14,1,1,1,653.2,0,4.7,53,651,1,0.76,0.00,16130,1,0.76,0.00,16130
2026-05-09 14:55:14,1,1,1,655.0,0,4.5,51,653,1,0.75,0.00,7265,1,0.75,0.00,7265
2026-05-09 14:55:14,1,1,1,655.0,0,4.5,51,653,1,0.75,0.00,7265,1,0.75,0.00,7265
2026-05-09 14:55:14,1,1,1,657.0,0,4.5,51,655,1,0.76,0.00,4608,1,0.76,0.00,4608
2026-05-09 14:55:14,1,1,1,657.0,0,4.5,51,655,1,0.76,0.00,4608,1,0.76,0.00,4608
2026-05-09 14:55:14,1,1,1,657.1,0,4.5,52,655,1,0.75,0.00,30141,1,0.75,0.00,30141
2026-05-09 14:55:14,1,1,1,658.1,0,4.5,52,656,1,0.75,0.00,30141,1,0.75,0.00,30141
2026-05-09 14:55:14,1,1,1,658.1,0,4.5,52,656,1,0.75,0.00,14329,1,0.75,0.00,14329
2026-05-09 14:55:14,1,1,1,659.0,0,4.4,51,657,1,0.75,0.00,14329,1,0.75,0.00,14329
2026-05-09 14:55:15,1,1,1,659.0,0,4.4,51,657,1,0.75,0.00,4928,1,0.75,0.00,4928
2026-05-09 14:55:15,1,1,1,660.0,0,4.4,51,658,1,0.75,0.00,4928,1,0.75,0.00,4928
2026-05-09 14:55:15,1,1,1,660.0,0,4.4,51,658,1,0.75,0.00,3693,1,0.75,0.00,3693
2026-05-09 14:55:15,1,1,1,658.1,0,4.5,52,656,1,0.75,0.00,3693,1,0.75,0.00,3693
2026-05-09 14:55:15,1,1,1,656.2,0,4.7,54,654,1,0.75,0.00,17268,1,0.75,0.00,17268
2026-05-09 14:55:15,1,1,1,656.2,0,4.7,54,654,1,0.75,0.00,17268,1,0.75,0.00,17268
2026-05-09 14:55:15,1,1,1,655.4,0,4.9,56,653,1,0.75,0.00,12169,1,0.75,0.00,12169
2026-05-09 14:55:15,1,1,1,655.4,0,4.9,56,653,1,0.75,0.00,12169,1,0.75,0.00,12169
2026-05-09 14:55:15,1,1,1,653.5,0,5.0,57,651,1,0.75,0.00,9029,1,0.75,0.00,9029
2026-05-09 14:55:15,1,1,1,653.5,0,5.0,57,651,1,0.75,0.00,9029,1,0.75,0.00,9029
2026-05-09 14:55:15,1,1,1,652.6,0,5.1,58,650,1,0.75,0.00,21513,1,0.75,0.00,21513
2026-05-09 14:55:15,1,1,1,652.6,0,5.1,58,650,1,0.75,0.00,21513,1,0.75,0.00,21513
2026-05-09 14:55:15,1,1,1,651.5,0,5.0,57,649,1,0.75,0.00,18649,1,0.75,0.00,18649
2026-05-09 14:55:15,1,1,1,651.4,0,4.9,56,649,1,0.75,0.00,18649,1,0.75,0.00,18649
2026-05-09 14:55:15,1,1,1,651.4,0,4.9,56,649,1,0.75,0.00,6505,1,0.75,0.00,6505
2026-05-09 14:55:15,1,1,1,656.1,0,4.5,52,654,1,0.75,0.00,6505,1,0.75,0.00,6505
2026-05-09 14:55:15,1,1,1,656.1,0,4.5,52,654,1,0.75,0.00,8500,1,0.75,0.00,8500
2026-05-09 14:55:15,1,1,1,662.6,0,4.0,46,661,1,0.75,0.00,8500,1,0.75,0.00,8500
2026-05-09 14:55:15,1,1,1,662.6,0,4.0,46,661,1,0.75,0.00,9034,1,0.75,0.00,9034
2026-05-09 14:55:15,1,1,1,671.3,0,3.5,41,670,1,0.75,0.00,9034,1,0.75,0.00,9034
2026-05-09 14:55:16,1,1,1,671.3,0,3.5,41,670,1,0.75,0.00,656,1,0.75,0.00,656
2026-05-09 14:55:16,1,1,1,677.0,0,3.1,37,676,1,0.75,0.00,656,1,0.75,0.00,656
2026-05-09 14:55:16,1,1,1,680.9,0,2.9,35,680,1,0.75,0.00,16360,1,0.75,0.00,16360
2026-05-09 14:55:16,1,1,1,680.9,0,2.9,35,680,1,0.75,0.00,16360,1,0.75,0.00,16360
2026-05-09 14:55:16,1,1,1,680.8,0,2.8,33,680,1,0.75,0.00,35573,1,0.75,0.00,35573
2026-05-09 14:55:16,1,1,1,680.8,0,2.8,33,680,1,0.75,0.00,35573,1,0.75,0.00,35573
2026-05-09 14:55:16,1,1,1,677.8,0,2.7,32,677,1,0.75,0.00,19277,1,0.75,0.00,19277
2026-05-09 14:55:16,1,1,1,677.8,0,2.7,32,677,1,0.75,0.00,19277,1,0.75,0.00,19277
2026-05-09 14:55:16,1,1,1,673.7,0,2.6,31,673,1,0.75,0.00,10045,1,0.75,0.00,10045
2026-05-09 14:55:16,1,1,1,669.8,0,2.7,32,669,1,0.75,0.00,10045,1,0.75,0.00,10045
2026-05-09 14:55:16,1,1,1,669.8,0,2.7,32,669,1,0.75,0.00,11794,1,0.75,0.00,11794
2026-05-09 14:55:16,1,1,1,665.8,0,2.8,32,665,1,0.75,0.00,11794,1,0.75,0.00,11794
2026-05-09 14:55:16,1,1,1,665.8,0,2.8,32,665,1,0.75,0.00,9973,1,0.75,0.00,9973
2026-05-09 14:55:16,1,1,1,662.8,0,2.9,33,662,1,0.75,0.00,9973,1,0.75,0.00,9973
2026-05-09 14:55:16,1,1,1,662.8,0,2.9,33,662,1,0.75,0.00,27268,1,0.75,0.00,27268
2026-05-09 14:55:16,1,1,1,660.9,0,2.9,34,660,1,0.75,0.00,27268,1,0.75,0.00,27268
2026-05-09 14:55:16,1,1,1,660.9,0,2.9,34,660,1,0.75,0.00,28661,1,0.75,0.00,28661
2026-05-09 14:55:16,1,1,1,658.9,0,3.0,35,658,1,0.75,0.00,28661,1,0.75,0.00,28661
2026-05-09 14:55:16,1,1,1,657.9,0,3.0,35,657,1,0.75,0.00,25705,1,0.75,0.00,25705
2026-05-09 14:55:16,1,1,1,657.9,0,3.0,35,657,1,0.75,0.00,25705,1,0.75,0.00,25705
2026-05-09 14:55:17,1,1,1,656.9,0,3.1,35,656,1,0.75,0.00,11497,1,0.75,0.00,11497
2026-05-09 14:55:17,1,1,1,656.9,0,3.1,35,656,1,0.75,0.00,11497,1,0.75,0.00,11497
2026-05-09 14:55:17,1,1,1,655.9,0,3.0,34,655,1,0.75,0.00,521,1,0.75,0.00,521
2026-05-09 14:55:17,1,1,1,655.9,0,3.0,34,655,1,0.75,0.00,521,1,0.75,0.00,521
2026-05-09 14:55:17,1,1,1,654.8,0,2.9,33,654,1,0.75,0.00,2386,1,0.75,0.00,2386
2026-05-09 14:55:17,1,1,1,651.8,0,2.9,33,651,1,0.75,0.00,2386,1,0.75,0.00,2386
2026-05-09 14:55:17,1,1,1,651.8,0,2.9,33,651,1,0.75,0.00,2386,1,0.75,0.00,2386
2026-05-09 14:55:17,1,1,1,647.0,0,3.2,36,646,0,0.00,0.00,0,1,0.75,0.00,2386
2026-05-09 14:55:17,1,1,1,647.0,0,3.2,36,646,0,0.00,0.00,0,1,0.75,0.00,3461
2026-05-09 14:55:17,1,1,1,643.1,0,3.4,38,642,0,0.00,0.00,0,1,0.75,0.00,3461
2026-05-09 14:55:17,1,1,1,643.1,0,3.4,38,642,1,0.75,0.00,8488,1,0.75,0.00,8488
2026-05-09 14:55:17,1,1,1,640.2,0,3.5,39,639,1,0.75,0.00,8488,1,0.75,0.00,8488
2026-05-09 14:55:17,1,1,1,640.2,0,3.5,39,639,1,0.75,0.00,6977,1,0.75,0.00,6977
2026-05-09 14:55:17,1,1,1,639.1,0,3.4,38,638,1,0.75,0.00,6977,1,0.75,0.00,6977
2026-05-09 14:55:17,1,1,1,640.1,0,3.3,37,639,1,0.75,0.00,2650,1,0.75,0.00,2650
2026-05-09 14:55:17,1,1,1,640.1,0,3.3,37,639,1,0.75,0.00,2650,1,0.75,0.00,2650
2026-05-09 14:55:17,1,1,1,642.0,0,3.1,35,641,1,0.75,0.00,2650,1,0.75,0.00,2650
2026-05-09 14:55:17,1,1,1,642.0,0,3.1,35,641,1,0.75,0.00,2650,1,0.75,0.00,2650
2026-05-09 14:55:17,1,1,1,640.9,0,3.0,34,640,1,0.75,0.00,2650,1,0.75,0.00,2650
2026-05-09 14:55:17,1,1,1,640.9,0,3.0,34,640,0,0.00,0.00,0,1,0.75,0.00,2650
2026-05-09 14:55:18,1,1,1,640.0,0,3.1,35,639,0,0.00,0.00,0,1,0.75,0.00,2650
2026-05-09 14:55:18,1,1,1,640.0,0,3.1,35,639,0,0.00,0.00,0,1,0.75,0.00,2650
2026-05-09 14:55:18,1,1,1,640.0,0,3.1,35,639,0,0.00,0.00,0,1,0.75,0.00,33466
2026-05-09 14:55:18,1,1,1,640.9,0,3.0,34,640,0,0.00,0.00,0,1,0.75,0.00,33466
2026-05-09 14:55:18,1,1,1,640.9,0,3.0,34,640,1,0.75,0.00,16298,1,0.75,0.00,16298
2026-05-09 14:55:18,1,1,1,642.8,0,2.9,32,642,1,0.75,0.00,16298,1,0.75,0.00,16298
2026-05-09 14:55:18,1,1,1,642.8,0,2.9,32,642,1,0.75,0.00,2741,1,0.75,0.00,2741
2026-05-09 14:55:18,1,1,1,644.7,0,2.7,30,644,1,0.75,0.00,2741,1,0.75,0.00,2741
2026-05-09 14:55:18,1,1,1,644.7,0,2.7,30,644,1,0.75,0.00,2381,1,0.75,0.00,2381
2026-05-09 14:55:18,1,1,1,647.6,0,2.4,27,647,1,0.75,0.00,2381,1,0.75,0.00,2381
2026-05-09 14:55:18,1,1,1,649.5,0,2.2,25,649,1,0.75,0.00,2789,1,0.75,0.00,2789
2026-05-09 14:55:18,1,1,1,649.5,0,2.2,25,649,0,0.00,0.00,0,1,0.75,0.00,2789
2026-05-09 14:55:18,1,1,1,652.4,0,2.0,23,652,0,0.00,0.00,0,1,0.75,0.00,2026
2026-05-09 14:55:18,1,1,1,652.4,0,2.0,23,652,0,0.00,0.00,0,1,0.75,0.00,2026
2026-05-09 14:55:18,1,1,1,654.3,0,1.8,20,654,0,0.00,0.00,0,1,0.75,0.00,1858
2026-05-09 14:55:18,1,1,1,654.3,0,1.8,20,654,0,0.00,0.00,0,1,0.75,0.00,1858
2026-05-09 14:55:18,1,1,1,656.2,0,1.6,18,656,0,0.00,0.00,0,1,0.75,0.00,15860
2026-05-09 14:55:18,1,1,1,658.2,0,1.5,17,658,0,0.00,0.00,0,1,0.75,0.00,15860
2026-05-09 14:55:18,1,1,1,658.2,0,1.5,17,658,1,0.75,0.00,19945,1,0.75,0.00,19945
2026-05-09 14:55:18,1,1,1,660.2,0,1.5,17,660,1,0.75,0.00,19945,1,0.75,0.00,19945
2026-05-09 14:55:19,1,1,1,660.2,0,1.5,17,660,1,0.75,0.00,6498,1,0.75,0.00,6498
2026-05-09 14:55:19,1,1,1,662.2,0,1.4,16,662,1,0.75,0.00,6498,1,0.75,0.00,6498
2026-05-09 14:55:19,1,1,1,662.2,0,1.4,16,662,1,0.75,0.00,6498,1,0.75,0.00,6498
2026-05-09 14:55:19,1,1,1,664.2,0,1.3,15,664,1,0.75,0.00,6498,1,0.75,0.00,6498
2026-05-09 14:55:19,1,1,1,664.2,0,1.3,15,664,1,0.75,0.00,13289,1,0.75,0.00,13289
2026-05-09 14:55:19,1,1,1,666.1,0,1.2,14,666,1,0.75,0.00,13289,1,0.75,0.00,13289
2026-05-09 14:55:19,1,1,1,666.1,0,1.2,14,666,1,0.75,0.00,45266,1,0.75,0.00,45266
2026-05-09 14:55:19,1,1,1,666.1,0,1.2,14,666,1,0.75,0.00,45266,1,0.75,0.00,45266
2026-05-09 14:55:19,1,1,1,666.1,0,1.2,14,666,1,0.75,0.00,30098,1,0.75,0.00,30098
2026-05-09 14:55:19,1,1,1,666.1,0,1.2,14,666,1,0.75,0.00,30098,1,0.75,0.00,30098
2026-05-09 14:55:19,1,1,1,666.1,0,1.2,14,666,1,0.75,0.00,23426,1,0.75,0.00,23426
2026-05-09 14:55:19,1,1,1,666.1,0,1.2,14,666,1,0.75,0.00,23426,1,0.75,0.00,23426
2026-05-09 14:55:19,1,1,1,665.2,0,1.3,15,665,1,0.75,0.00,8185,1,0.75,0.00,8185
2026-05-09 14:55:19,1,1,1,665.2,0,1.4,16,665,1,0.75,0.00,8185,1,0.75,0.00,8185
2026-05-09 14:55:19,1,1,1,665.2,0,1.4,16,665,1,0.75,0.00,2450,1,0.75,0.00,2450
2026-05-09 14:55:19,1,1,1,665.2,0,1.6,18,665,1,0.75,0.00,2450,1,0.75,0.00,2450
2026-05-09 14:55:19,1,1,1,665.2,0,1.6,18,665,1,0.75,0.00,1396,1,0.75,0.00,1396
2026-05-09 14:55:19,1,1,1,665.3,0,1.6,19,665,1,0.75,0.00,1396,1,0.75,0.00,1396
2026-05-09 14:55:19,1,1,1,665.3,0,1.6,19,665,1,0.75,0.00,2993,1,0.75,0.00,2993
2026-05-09 14:55:19,1,1,1,666.3,0,1.6,19,666,0,0.00,0.00,0,1,0.75,0.00,2993
2026-05-09 14:55:20,1,1,1,666.3,0,1.6,19,666,0,0.00,0.00,0,1,0.75,0.00,6560
2026-05-09 14:55:20,1,1,1,666.2,0,1.5,18,666,0,0.00,0.00,0,1,0.75,0.00,6560
2026-05-09 14:55:20,1,1,1,666.2,0,1.5,17,666,1,0.75,0.00,5210,1,0.75,0.00,5210
2026-05-09 14:55:20,1,1,1,666.2,0,1.5,17,666,1,0.75,0.00,5210,1,0.75,0.00,5210
2026-05-09 14:55:20,1,1,1,666.2,0,1.4,16,666,1,0.75,0.00,1601,1,0.75,0.00,1601
2026-05-09 14:55:20,1,1,1,666.2,0,1.4,16,666,1,0.75,0.00,1601,1,0.75,0.00,1601
2026-05-09 14:55:20,1,1,1,666.1,0,1.2,14,666,1,0.75,0.00,6109,1,0.75,0.00,6109
2026-05-09 14:55:20,1,1,1,666.1,0,1.2,14,666,1,0.75,0.00,6109,1,0.75,0.00,6109
2026-05-09 14:55:20,1,1,1,667.1,0,1.1,13,667,1,0.75,0.00,12200,1,0.75,0.00,12200
2026-05-09 14:55:20,1,1,1,667.1,0,1.1,13,667,1,0.75,0.00,12200,1,0.75,0.00,12200
2026-05-09 14:55:20,1,1,1,668.1,0,1.0,12,668,1,0.75,0.00,12325,1,0.75,0.00,12325
2026-05-09 14:55:20,1,1,1,671.1,0,0.9,11,671,1,0.75,0.00,12325,1,0.75,0.00,12325
2026-05-09 14:55:20,1,1,1,671.1,0,0.9,11,671,1,0.75,0.00,12500,1,0.75,0.00,12500
2026-05-09 14:55:20,1,1,1,674.1,0,0.9,11,674,1,0.75,0.00,12500,1,0.75,0.00,12500
2026-05-09 14:55:20,1,1,1,674.1,0,0.9,11,674,1,0.75,0.00,6485,1,0.75,0.00,6485
2026-05-09 14:55:20,1,1,1,675.1,0,1.0,12,675,1,0.75,0.00,6485,1,0.75,0.00,6485
2026-05-09 14:55:20,1,1,1,675.1,0,1.0,12,675,1,0.75,0.00,6485,1,0.75,0.00,6485
2026-05-09 14:55:20,1,1,1,667.2,0,1.5,17,667,1,0.75,0.00,6485,1,0.75,0.00,6485
2026-05-09 14:55:20,1,1,1,659.3,0,1.7,20,659,1,0.75,0.00,2041,1,0.75,0.00,2041
2026-05-09 14:55:20,1,1,1,659.3,0,1.7,20,659,1,0.75,0.00,2041,1,0.75,0.00,2041
2026-05-09 14:55:21,1,1,1,654.4,0,1.9,22,654,1,0.75,0.00,4745,1,0.75,0.00,4745
2026-05-09 14:55:21,1,1,1,654.4,0,1.9,22,654,1,0.75,0.00,4745,1,0.75,0.00,4745
2026-05-09 14:55:21,1,1,1,652.4,0,2.0,23,652,1,0.75,0.00,4545,1,0.75,0.00,4545
2026-05-09 14:55:21,1,1,1,652.4,0,2.0,23,652,1,0.75,0.00,4545,1,0.75,0.00,4545
2026-05-09 14:55:21,1,1,1,651.4,0,2.0,23,651,1,0.75,0.00,1394,1,0.75,0.00,1394
2026-05-09 14:55:21,1,1,1,651.4,0,2.0,23,651,1,0.75,0.00,1394,1,0.75,0.00,1394
2026-05-09 14:55:21,1,1,1,652.4,0,1.9,22,652,1,0.75,0.00,4205,1,0.75,0.00,4205
2026-05-09 14:55:21,1,1,1,654.4,0,1.9,22,654,1,0.75,0.00,4205,1,0.75,0.00,4205
2026-05-09 14:55:21,1,1,1,654.4,0,1.9,22,654,1,0.75,0.00,7129,1,0.75,0.00,7129
2026-05-09 14:55:21,1,1,1,657.3,0,1.8,21,657,1,0.75,0.00,7129,1,0.75,0.00,7129
2026-05-09 14:55:21,1,1,1,657.3,0,1.8,21,657,1,0.75,0.00,8482,1,0.75,0.00,8482
2026-05-09 14:55:21,1,1,1,659.3,0,1.8,21,659,1,0.75,0.00,8482,1,0.75,0.00,8482
2026-05-09 14:55:21,1,1,1,659.3,0,1.8,21,659,1,0.75,0.00,27472,1,0.75,0.00,27472
2026-05-09 14:55:21,1,1,1,660.3,0,1.8,21,660,1,0.75,0.00,27472,1,0.75,0.00,27472
2026-05-09 14:55:21,1,1,1,662.3,0,1.7,20,662,1,0.75,0.00,12905,1,0.75,0.00,12905
2026-05-09 14:55:21,1,1,1,662.3,0,1.7,20,662,1,0.75,0.00,12905,1,0.75,0.00,12905
2026-05-09 14:55:21,1,1,1,663.3,0,1.8,21,663,1,0.75,0.00,12905,1,0.75,0.00,12905
2026-05-09 14:55:21,1,1,1,663.3,0,1.8,21,663,1,0.75,0.00,12905,1,0.75,0.00,12905
2026-05-09 14:55:21,1,1,1,664.3,0,1.8,21,664,1,0.75,0.00,3877,1,0.75,0.00,3877
2026-05-09 14:55:21,1,1,1,664.3,0,1.8,21,664,1,0.75,0.00,3877,1,0.75,0.00,3877
2026-05-09 14:55:22,1,1,1,665.4,0,1.9,22,665,1,0.76,0.00,1576,1,0.76,0.00,1576
2026-05-09 14:55:22,1,1,1,665.4,0,1.9,22,665,1,0.76,0.00,1576,1,0.76,0.00,1576
2026-05-09 14:55:22,1,1,1,665.4,0,2.0,23,665,1,0.76,0.00,4689,1,0.76,0.00,4689
2026-05-09 14:55:22,1,1,1,665.4,0,2.1,24,665,1,0.76,0.00,4689,1,0.76,0.00,4689
2026-05-09 14:55:22,1,1,1,665.4,0,2.1,24,665,1,0.77,0.00,1013,1,0.77,0.00,1013
2026-05-09 14:55:22,1,1,1,666.5,0,2.1,25,666,1,0.77,0.00,1013,1,0.77,0.00,1013
2026-05-09 14:55:22,1,1,1,666.5,0,2.1,25,666,1,0.76,0.00,2916,1,0.76,0.00,2916
2026-05-09 14:55:22,1,1,1,667.5,0,2.1,25,667,1,0.76,0.00,2916,1,0.76,0.00,2916
2026-05-09 14:55:22,1,1,1,667.5,0,2.1,25,667,1,0.76,0.00,23689,1,0.76,0.00,23689
2026-05-09 14:55:22,1,1,1,670.4,0,2.1,24,670,1,0.76,0.00,23689,1,0.76,0.00,23689
2026-05-09 14:55:22,1,1,1,671.4,0,2.0,23,671,1,0.76,0.00,43826,1,0.76,0.00,43826
2026-05-09 14:55:22,1,1,1,671.4,0,2.0,23,671,1,0.76,0.00,43826,1,0.76,0.00,43826
2026-05-09 14:55:22,1,1,1,671.4,0,2.0,23,671,1,0.76,0.00,2020,1,0.76,0.00,2020
2026-05-09 14:55:22,1,1,1,671.4,0,2.0,23,671,1,0.76,0.00,2020,1,0.76,0.00,2020
2026-05-09 14:55:22,1,1,1,672.4,0,2.0,24,672,1,0.76,0.00,18666,1,0.76,0.00,18666
2026-05-09 14:55:22,1,1,1,672.4,0,2.0,24,672,1,0.76,0.00,18666,1,0.76,0.00,18666
2026-05-09 14:55:22,1,1,1,673.4,0,1.9,22,673,1,0.76,0.00,25652,1,0.76,0.00,25652
2026-05-09 14:55:22,1,1,1,673.4,0,1.9,22,673,1,0.76,0.00,25652,1,0.76,0.00,25652
2026-05-09 14:55:22,1,1,1,675.3,0,1.8,21,675,1,0.76,0.00,5545,1,0.76,0.00,5545
2026-05-09 14:55:22,1,1,1,676.3,0,1.7,20,676,1,0.76,0.00,5545,1,0.76,0.00,5545
2026-05-09 14:55:23,1,1,1,676.3,0,1.7,20,676,1,0.76,0.00,57125,1,0.76,0.00,57125
2026-05-09 14:55:23,1,1,1,677.3,0,1.6,19,677,1,0.76,0.00,57125,1,0.76,0.00,57125
2026-05-09 14:55:23,1,1,1,677.3,0,1.6,19,677,1,0.76,0.00,12674,1,0.76,0.00,12674
2026-05-09 14:55:23,1,1,1,678.2,0,1.5,18,678,1,0.76,0.00,12674,1,0.76,0.00,12674
2026-05-09 14:55:23,1,1,1,678.2,0,1.5,18,678,1,0.76,0.00,18884,1,0.76,0.00,18884
2026-05-09 14:55:23,1,1,1,680.3,0,1.6,19,680,1,0.76,0.00,18884,1,0.76,0.00,18884
2026-05-09 14:55:23,1,1,1,680.3,0,1.7,20,680,1,0.76,0.00,22301,1,0.76,0.00,22301
2026-05-09 14:55:23,1,1,1,680.3,0,1.7,20,680,1,0.76,0.00,22301,1,0.76,0.00,22301
2026-05-09 14:55:23,1,1,1,680.4,0,1.9,23,680,1,0.76,0.00,12109,1,0.76,0.00,12109
2026-05-09 14:55:23,1,1,1,680.4,0,1.9,23,680,1,0.76,0.00,12109,1,0.76,0.00,12109
2026-05-09 14:55:23,1,1,1,679.5,0,2.2,26,679,1,0.76,0.00,12109,1,0.76,0.00,12109
2026-05-09 14:55:23,1,1,1,679.5,0,2.2,26,679,1,0.76,0.00,12109,1,0.76,0.00,12109
2026-05-09 14:55:23,1,1,1,678.6,0,2.4,29,678,1,0.76,0.00,38600,1,0.76,0.00,38600
2026-05-09 14:55:23,1,1,1,678.6,0,2.4,29,678,1,0.76,0.00,38600,1,0.76,0.00,38600
2026-05-09 14:55:23,1,1,1,677.8,0,2.7,32,677,1,0.76,0.00,51892,1,0.76,0.00,51892
2026-05-09 14:55:23,1,1,1,675.8,0,2.8,33,675,1,0.76,0.00,51892,1,0.76,0.00,51892
2026-05-09 14:55:23,1,1,1,675.8,0,2.8,33,675,1,0.76,0.00,31898,1,0.76,0.00,31898
2026-05-09 14:55:23,1,1,1,668.9,0,2.9,34,668,1,0.76,0.00,31898,1,0.76,0.00,31898
2026-05-09 14:55:23,1,1,1,668.9,0,2.9,34,668,1,0.76,0.00,12897,1,0.76,0.00,12897
2026-05-09 14:55:23,1,1,1,662.1,0,3.4,39,661,1,0.76,0.00,12897,1,0.76,0.00,12897
2026-05-09 14:55:24,1,1,1,662.1,0,3.4,39,661,1,0.76,0.00,23354,1,0.76,0.00,23354
2026-05-09 14:55:24,1,1,1,656.5,0,3.9,45,655,1,0.76,0.00,23354,1,0.76,0.00,23354
2026-05-09 14:55:24,1,1,1,650.2,0,4.7,53,648,1,0.76,0.00,21316,1,0.76,0.00,21316
2026-05-09 14:55:24,1,1,1,650.2,0,4.7,53,648,1,0.76,0.00,21316,1,0.76,0.00,21316
2026-05-09 14:55:24,1,1,1,644.7,0,5.3,59,642,1,0.75,0.00,2858,1,0.75,0.00,2858
2026-05-09 14:55:24,1,1,1,644.7,0,5.3,59,642,1,0.75,0.00,2858,1,0.75,0.00,2858
2026-05-09 14:55:24,1,1,1,644.8,0,5.3,60,642,1,0.76,0.00,5018,1,0.76,0.00,5018
2026-05-09 14:55:24,1,1,1,644.8,0,5.3,60,642,1,0.76,0.00,5018,1,0.76,0.00,5018
2026-05-09 14:55:24,1,1,1,646.7,0,5.2,59,644,1,0.76,0.00,26269,1,0.76,0.00,26269
2026-05-09 14:55:24,1,1,1,646.7,0,5.2,59,644,1,0.76,0.00,26269,1,0.76,0.00,26269
2026-05-09 14:55:24,1,1,1,649.5,0,5.0,57,647,1,0.76,0.00,30634,1,0.76,0.00,30634
2026-05-09 14:55:24,1,1,1,652.3,0,4.8,55,650,1,0.76,0.00,30634,1,0.76,0.00,30634
2026-05-09 14:55:24,1,1,1,652.3,0,4.8,55,650,1,0.76,0.00,20705,1,0.76,0.00,20705
2026-05-09 14:55:24,1,1,1,655.2,0,4.7,54,653,1,0.76,0.00,20705,1,0.76,0.00,20705
2026-05-09 14:55:24,1,1,1,655.2,0,4.7,54,653,1,0.75,0.00,12241,1,0.75,0.00,12241
2026-05-09 14:55:24,1,1,1,657.2,0,4.7,54,655,1,0.75,0.00,12241,1,0.75,0.00,12241
2026-05-09 14:55:24,1,1,1,657.2,0,4.7,54,655,1,0.75,0.00,2628,1,0.75,0.00,2628
2026-05-09 14:55:24,1,1,1,657.2,0,4.7,54,655,1,0.75,0.00,2628,1,0.75,0.00,2628
2026-05-09 14:55:24,1,1,1,657.2,0,4.7,54,655,1,0.75,0.00,1105,1,0.75,0.00,1105
2026-05-09 14:55:24,1,1,1,656.6,0,5.1,58,654,1,0.75,0.00,1105,1,0.75,0.00,1105
2026-05-09 14:55:25,1,1,1,656.6,0,5.1,58,654,1,0.75,0.00,4148,1,0.75,0.00,4148
2026-05-09 14:55:25,1,1,1,656.6,0,5.1,58,654,1,0.75,0.00,4148,1,0.75,0.00,4148
2026-05-09 14:55:25,1,1,1,658.3,0,4.8,55,656,1,0.75,0.00,2404,1,0.75,0.00,2404
2026-05-09 14:55:25,1,1,1,658.3,0,4.8,55,656,1,0.75,0.00,2404,1,0.75,0.00,2404
2026-05-09 14:55:25,1,1,1,660.1,0,4.5,52,658,1,0.75,0.00,2186,1,0.75,0.00,2186
2026-05-09 14:55:25,1,1,1,660.1,0,4.5,52,658,1,0.75,0.00,2186,1,0.75,0.00,2186
2026-05-09 14:55:25,1,1,1,662.9,0,4.3,50,661,1,0.75,0.00,2186,1,0.75,0.00,2186
2026-05-09 14:55:25,1,1,1,664.8,0,4.2,49,663,0,0.00,0.00,0,1,0.75,0.00,2186
2026-05-09 14:55:25,1,1,1,664.8,0,4.2,49,663,0,0.00,0.00,0,1,0.75,0.00,6682
2026-05-09 14:55:25,1,1,1,667.7,0,4.1,48,666,0,0.00,0.00,0,1,0.75,0.00,6682
2026-05-09 14:55:25,1,1,1,667.7,0,4.1,48,666,1,0.75,0.00,6649,1,0.75,0.00,6649
2026-05-09 14:55:25,1,1,1,668.7,0,4.0,47,667,1,0.75,0.00,6649,1,0.75,0.00,6649
2026-05-09 14:55:25,1,1,1,668.7,0,4.0,47,667,1,0.75,0.00,29857,1,0.75,0.00,29857
2026-05-09 14:55:25,1,1,1,668.7,0,4.0,47,667,1,0.75,0.00,29857,1,0.75,0.00,29857
2026-05-09 14:55:25,1,1,1,668.7,0,4.0,47,667,1,0.75,0.00,26237,1,0.75,0.00,26237
2026-05-09 14:55:25,1,1,1,668.7,0,4.0,47,667,1,0.75,0.00,26237,1,0.75,0.00,26237
2026-05-09 14:55:25,1,1,1,668.7,0,4.1,48,667,1,0.75,0.00,27045,1,0.75,0.00,27045
2026-05-09 14:55:25,1,1,1,668.7,0,4.1,48,667,1,0.75,0.00,27045,1,0.75,0.00,27045
2026-05-09 14:55:25,1,1,1,669.8,0,4.2,49,668,1,0.75,0.00,456,1,0.75,0.00,456
2026-05-09 14:55:25,1,1,1,669.8,0,4.2,49,668,1,0.75,0.00,456,1,0.75,0.00,456
2026-05-09 14:55:26,1,1,1,669.9,0,4.3,50,668,1,0.75,0.00,53824,1,0.75,0.00,53824
2026-05-09 14:55:26,1,1,1,669.9,0,4.3,50,668,1,0.75,0.00,53824,1,0.75,0.00,53824
2026-05-09 14:55:26,1,1,1,670.9,0,4.3,50,669,1,0.75,0.00,28305,1,0.75,0.00,28305
2026-05-09 14:55:26,1,1,1,669.9,0,4.4,51,668,1,0.75,0.00,28305,1,0.75,0.00,28305
2026-05-09 14:55:26,1,1,1,669.9,0,4.4,51,668,1,0.75,0.00,6617,1,0.75,0.00,6617
2026-05-09 14:55:26,1,1,1,668.9,0,4.4,51,667,1,0.75,0.00,6617,1,0.75,0.00,6617
2026-05-09 14:55:26,1,1,1,668.9,0,4.4,51,667,1,0.75,0.00,697,1,0.75,0.00,697
2026-05-09 14:55:26,1,1,1,668.9,0,4.3,50,667,1,0.75,0.00,697,1,0.75,0.00,697
2026-05-09 14:55:26,1,1,1,668.9,0,4.3,50,667,1,0.75,0.00,4625,1,0.75,0.00,4625
2026-05-09 14:55:26,1,1,1,669.9,0,4.3,50,668,1,0.75,0.00,4625,1,0.75,0.00,4625
2026-05-09 14:55:26,1,1,1,669.9,0,4.3,50,668,1,0.75,0.00,9090,1,0.75,0.00,9090
2026-05-09 14:55:26,1,1,1,670.9,0,4.4,51,669,1,0.75,0.00,9090,1,0.75,0.00,9090
2026-05-09 14:55:26,1,1,1,671.1,0,4.5,53,669,1,0.75,0.00,1937,1,0.75,0.00,1937
2026-05-09 14:55:26,1,1,1,671.1,0,4.5,53,669,1,0.75,0.00,1937,1,0.75,0.00,1937
2026-05-09 14:55:26,1,1,1,672.4,0,4.9,57,670,1,0.75,0.00,5645,1,0.75,0.00,5645
2026-05-09 14:55:26,1,1,1,672.4,0,4.9,57,670,1,0.75,0.00,5645,1,0.75,0.00,5645
2026-05-09 14:55:26,1,1,1,672.6,0,5.0,59,670,1,0.75,0.00,8794,1,0.75,0.00,8794
2026-05-09 14:55:26,1,1,1,672.6,0,5.0,59,670,1,0.75,0.00,8794,1,0.75,0.00,8794
2026-05-09 14:55:26,1,1,1,674.6,0,5.0,59,672,1,0.75,0.00,9157,1,0.75,0.00,9157
2026-05-09 14:55:26,1,1,1,675.5,0,4.9,58,673,1,0.75,0.00,9157,1,0.75,0.00,9157
2026-05-09 14:55:27,1,1,1,675.5,0,4.9,58,673,1,0.75,0.00,21410,1,0.75,0.00,21410
2026-05-09 14:55:27,1,1,1,675.3,0,4.8,56,673,1,0.75,0.00,21410,1,0.75,0.00,21410
2026-05-09 14:55:27,1,1,1,675.3,0,4.8,56,673,1,0.75,0.00,27298,1,0.75,0.00,27298
2026-05-09 14:55:27,1,1,1,676.2,0,4.7,55,674,1,0.75,0.00,27298,1,0.75,0.00,27298
2026-05-09 14:55:27,1,1,1,676.2,0,4.7,55,674,1,0.75,0.00,24868,1,0.75,0.00,24868
2026-05-09 14:55:27,1,1,1,675.2,0,4.7,55,673,1,0.75,0.00,24868,1,0.75,0.00,24868
2026-05-09 14:55:27,1,1,1,675.2,0,4.7,55,673,1,0.75,0.00,21041,1,0.75,0.00,21041
2026-05-09 14:55:27,1,1,1,675.2,0,4.7,55,673,1,0.75,0.00,21041,1,0.75,0.00,21041
2026-05-09 14:55:27,1,1,1,675.2,0,4.7,55,673,1,0.75,0.00,14045,1,0.75,0.00,14045
2026-05-09 14:55:27,1,1,1,675.2,0,4.7,55,673,1,0.75,0.00,14045,1,0.75,0.00,14045
2026-05-09 14:55:27,1,1,1,674.2,0,4.7,55,672,1,0.75,0.00,11138,1,0.75,0.00,11138
2026-05-09 14:55:27,1,1,1,674.2,0,4.7,55,672,1,0.75,0.00,11138,1,0.75,0.00,11138
2026-05-09 14:55:27,1,1,1,672.3,0,4.8,56,670,1,0.75,0.00,4100,1,0.75,0.00,4100
2026-05-09 14:55:27,1,1,1,672.3,0,4.8,56,670,1,0.75,0.00,4100,1,0.75,0.00,4100
2026-05-09 14:55:27,1,1,1,670.6,0,5.0,59,668,1,0.75,0.00,4100,1,0.75,0.00,4100
2026-05-09 14:55:27,1,1,1,670.5,0,5.0,58,668,1,0.75,0.00,4100,1,0.75,0.00,4100
2026-05-09 14:55:27,1,1,1,670.5,0,5.0,58,668,1,0.75,0.00,4100,1,0.75,0.00,4100
2026-05-09 14:55:27,1,1,1,672.4,0,4.9,57,670,1,0.75,0.00,4100,1,0.75,0.00,4100
2026-05-09 14:55:27,1,1,1,672.4,0,4.9,57,670,1,0.75,0.00,4100,1,0.75,0.00,4100
2026-05-09 14:55:27,1,1,1,674.2,0,4.7,55,672,1,0.75,0.00,4100,1,0.75,0.00,4100
2026-05-09 14:55:28,1,1,1,674.2,0,4.7,55,672,1,0.75,0.00,4880,1,0.75,0.00,4880
2026-05-09 14:55:28,1,1,1,675.2,0,4.7,55,673,1,0.75,0.00,4880,1,0.75,0.00,4880
2026-05-09 14:55:28,1,1,1,675.2,0,4.7,55,673,1,0.75,0.00,3616,1,0.75,0.00,3616
2026-05-09 14:55:28,1,1,1,675.3,0,4.8,56,673,1,0.75,0.00,3616,1,0.75,0.00,3616
2026-05-09 14:55:28,1,1,1,675.5,0,4.9,58,673,1,0.76,0.00,1405,1,0.76,0.00,1405
2026-05-09 14:55:28,1,1,1,675.5,0,4.9,58,673,1,0.76,0.00,1405,1,0.76,0.00,1405
2026-05-09 14:55:28,1,1,1,675.5,0,4.9,58,673,1,0.76,0.00,1405,1,0.76,0.00,1405
2026-05-09 14:55:28,1,1,1,675.5,0,4.9,58,673,1,0.76,0.00,1405,1,0.76,0.00,1405
2026-05-09 14:55:28,1,1,1,674.5,0,4.9,58,672,1,0.76,0.00,3305,1,0.76,0.00,3305
2026-05-09 14:55:28,1,1,1,674.5,0,4.9,58,672,1,0.76,0.00,3305,1,0.76,0.00,3305
2026-05-09 14:55:28,1,1,1,674.4,0,4.8,57,672,1,0.76,0.00,2105,1,0.76,0.00,2105
2026-05-09 14:55:28,1,1,1,673.4,0,4.9,57,671,1,0.76,0.00,2105,1,0.76,0.00,2105
2026-05-09 14:55:28,1,1,1,673.4,0,4.9,57,671,1,0.76,0.00,2105,1,0.76,0.00,2105
2026-05-09 14:55:28,1,1,1,673.4,0,4.9,57,671,1,0.76,0.00,2105,1,0.76,0.00,2105
2026-05-09 14:55:28,1,1,1,673.4,0,4.9,57,671,1,0.76,0.00,4954,1,0.76,0.00,4954
2026-05-09 14:55:28,1,1,1,672.5,0,4.9,58,670,1,0.76,0.00,4954,1,0.76,0.00,4954
2026-05-09 14:55:28,1,1,1,672.5,0,4.9,58,670,1,0.76,0.00,21425,1,0.76,0.00,21425
2026-05-09 14:55:28,1,1,1,672.5,0,4.9,58,670,1,0.76,0.00,21425,1,0.76,0.00,21425
2026-05-09 14:55:28,1,1,1,672.5,0,4.9,58,670,1,0.75,0.00,26165,1,0.75,0.00,26165
2026-05-09 14:55:28,1,1,1,673.4,0,4.9,57,671,1,0.75,0.00,26165,1,0.75,0.00,26165
2026-05-09 14:55:29,1,1,1,673.4,0,4.9,57,671,1,0.75,0.00,17620,1,0.75,0.00,17620
2026-05-09 14:55:29,1,1,1,673.4,0,4.9,57,671,1,0.75,0.00,17620,1,0.75,0.00,17620
2026-05-09 14:55:29,1,1,1,674.3,0,4.8,56,672,1,0.75,0.00,6760,1,0.75,0.00,6760
2026-05-09 14:55:29,1,1,1,674.3,0,4.8,56,672,1,0.75,0.00,6760,1,0.75,0.00,6760
2026-05-09 14:55:29,1,1,1,676.2,0,4.7,55,674,1,0.75,0.00,4633,1,0.75,0.00,4633
2026-05-09 14:55:29,1,1,1,676.2,0,4.7,55,674,1,0.75,0.00,4633,1,0.75,0.00,4633
2026-05-09 14:55:29,1,1,1,677.0,0,4.4,52,675,1,0.75,0.00,4660,1,0.75,0.00,4660
2026-05-09 14:55:29,1,1,1,677.0,0,4.4,52,675,1,0.75,0.00,4660,1,0.75,0.00,4660
2026-05-09 14:55:29,1,1,1,678.8,0,4.1,49,677,1,0.75,0.00,1921,1,0.75,0.00,1921
2026-05-09 14:55:29,1,1,1,680.6,0,4.0,47,679,1,0.75,0.00,1921,1,0.75,0.00,1921
2026-05-09 14:55:29,1,1,1,680.6,0,4.0,47,679,1,0.75,0.00,3393,1,0.75,0.00,3393
2026-05-09 14:55:29,1,1,1,681.5,0,3.8,45,680,1,0.75,0.00,3393,1,0.75,0.00,3393
2026-05-09 14:55:29,1,1,1,681.5,0,3.8,45,680,1,0.75,0.00,1165,1,0.75,0.00,1165
2026-05-09 14:55:29,1,1,1,682.4,0,3.6,43,681,1,0.75,0.00,1165,1,0.75,0.00,1165
2026-05-09 14:55:29,1,1,1,682.4,0,3.6,43,681,1,0.75,0.00,1165,1,0.75,0.00,1165
2026-05-09 14:55:29,1,1,1,684.3,0,3.5,42,683,1,0.75,0.00,1165,1,0.75,0.00,1165
2026-05-09 14:55:29,1,1,1,685.2,0,3.4,41,684,1,0.75,0.00,6410,1,0.75,0.00,6410
2026-05-09 14:55:29,1,1,1,685.2,0,3.4,41,684,1,0.75,0.00,6410,1,0.75,0.00,6410
2026-05-09 14:55:29,1,1,1,686.2,0,3.4,41,685,1,0.75,0.00,2740,1,0.75,0.00,2740
2026-05-09 14:55:29,1,1,1,686.2,0,3.4,41,685,1,0.75,0.00,2740,1,0.75,0.00,2740
2026-05-09 14:55:30,1,1,1,687.2,0,3.3,40,686,1,0.75,0.00,2756,1,0.75,0.00,2756
2026-05-09 14:55:30,1,1,1,687.2,0,3.3,40,686,1,0.75,0.00,2756,1,0.75,0.00,2756
2026-05-09 14:55:30,1,1,1,687.2,0,3.3,40,686,1,0.75,0.00,2113,1,0.75,0.00,2113
2026-05-09 14:55:30,1,1,1,687.2,0,3.3,40,686,0,0.00,0.00,0,1,0.75,0.00,2113
2026-05-09 14:55:30,1,1,1,687.2,0,3.3,40,686,0,0.00,0.00,0,1,0.75,0.00,3796
2026-05-09 14:55:30,1,1,1,687.2,0,3.3,40,686,0,0.00,0.00,0,1,0.75,0.00,3796
2026-05-09 14:55:30,1,1,1,687.2,0,3.3,40,686,1,0.75,0.00,3796,1,0.75,0.00,3796
2026-05-09 14:55:30,1,1,1,688.1,8,3.2,39,687,1,0.75,0.00,3796,1,0.75,0.00,3796
2026-05-09 14:55:30,1,1,1,688.1,8,3.2,39,687,1,0.75,0.00,56954,1,0.75,0.00,56954
2026-05-09 14:55:30,1,1,1,688.1,0,3.2,38,687,1,0.75,0.00,56954,1,0.75,0.00,56954
2026-05-09 14:55:30,1,1,1,688.1,0,3.2,38,687,1,0.75,0.00,19720,1,0.75,0.00,19720
2026-05-09 14:55:30,1,1,1,688.9,0,3.0,36,688,1,0.75,0.00,19720,1,0.75,0.00,19720
2026-05-09 14:55:30,1,1,1,688.8,0,2.8,34,688,1,0.75,0.00,14825,1,0.75,0.00,14825
2026-05-09 14:55:30,1,1,1,688.8,0,2.8,34,688,1,0.75,0.00,14825,1,0.75,0.00,14825
2026-05-09 14:55:30,1,1,1,688.8,0,2.8,34,688,1,0.75,0.00,8452,1,0.75,0.00,8452
2026-05-09 14:55:30,1,1,1,688.8,0,2.8,34,688,1,0.75,0.00,8452,1,0.75,0.00,8452
2026-05-09 14:55:30,1,1,1,688.0,0,3.1,37,687,1,0.77,0.00,6772,1,0.77,0.00,6772
2026-05-09 14:55:30,1,1,1,688.0,0,3.1,37,687,1,0.77,0.00,6772,1,0.77,0.00,6772
2026-05-09 14:55:30,1,1,1,688.1,0,3.2,38,687,1,0.77,0.00,5492,1,0.77,0.00,5492
2026-05-09 14:55:30,1,1,1,688.1,0,3.2,38,687,1,0.77,0.00,5492,1,0.77,0.00,5492
2026-05-09 14:55:31,1,1,1,688.9,0,2.9,35,688,1,0.77,0.00,8969,1,0.77,0.00,8969
2026-05-09 14:55:31,1,1,1,689.7,0,2.7,32,689,1,0.77,0.00,8969,1,0.77,0.00,8969
2026-05-09 14:55:31,1,1,1,689.7,0,2.7,32,689,1,0.77,0.00,8969,1,0.77,0.00,8969
2026-05-09 14:55:31,1,1,1,690.6,0,2.4,29,690,1,0.77,0.00,8969,1,0.77,0.00,8969
2026-05-09 14:55:31,1,1,1,690.6,0,2.4,29,690,1,0.77,0.00,2853,1,0.77,0.00,2853
2026-05-09 14:55:31,1,1,1,693.5,0,2.2,27,693,1,0.77,0.00,2853,1,0.77,0.00,2853
2026-05-09 14:55:31,1,1,1,693.5,0,2.2,27,693,1,0.77,0.00,18434,1,0.77,0.00,18434
2026-05-09 14:55:31,1,1,1,695.5,0,2.1,26,695,1,0.77,0.00,18434,1,0.77,0.00,18434
2026-05-09 14:55:31,1,1,1,697.4,0,2.1,25,697,1,0.77,0.00,39784,1,0.77,0.00,39784
2026-05-09 14:55:31,1,1,1,697.4,0,2.1,25,697,1,0.77,0.00,39784,1,0.77,0.00,39784
2026-05-09 14:55:31,1,1,1,699.4,0,2.0,25,699,1,0.79,0.01,8296,1,0.79,0.01,8296
2026-05-09 14:55:31,1,1,1,699.4,0,2.0,25,699,1,0.79,0.01,8296,1,0.79,0.01,8296
2026-05-09 14:55:31,1,1,1,700.4,0,2.0,24,700,1,0.79,0.01,29585,1,0.79,0.01,29585
2026-05-09 14:55:31,1,1,1,700.4,0,2.0,24,700,1,0.79,0.01,29585,1,0.79,0.01,29585
2026-05-09 14:55:31,1,1,1,701.4,0,1.9,23,701,1,0.79,0.01,18785,1,0.79,0.01,18785
2026-05-09 14:55:31,1,1,1,701.4,0,1.9,23,701,1,0.79,0.01,18785,1,0.79,0.01,18785
2026-05-09 14:55:31,1,1,1,701.4,0,1.9,23,701,1,0.79,0.00,9778,1,0.79,0.00,9778
2026-05-09 14:55:31,1,1,1,702.4,0,2.0,24,702,1,0.79,0.00,9778,1,0.79,0.00,9778
2026-05-09 14:55:31,1,1,1,702.4,0,2.0,24,702,1,0.78,0.00,21425,1,0.78,0.00,21425
2026-05-09 14:55:31,1,1,1,702.4,0,2.0,24,702,1,0.78,0.00,21425,1,0.78,0.00,21425
2026-05-09 14:55:32,1,1,1,702.4,0,2.0,24,702,1,0.78,0.00,21425,1,0.78,0.00,21425
2026-05-09 14:55:32,1,1,1,705.4,0,2.0,25,705,1,0.78,0.00,21425,1,0.78,0.00,21425
2026-05-09 14:55:32,1,1,1,705.4,0,2.0,25,705,1,0.78,0.00,32212,1,0.78,0.00,32212
2026-05-09 14:55:32,1,1,1,714.5,0,2.1,26,714,1,0.78,0.00,32212,1,0.78,0.00,32212
2026-05-09 14:55:32,1,1,1,721.5,0,2.2,28,721,1,0.78,0.00,32212,1,0.78,0.00,32212
2026-05-09 14:55:32,1,1,1,721.5,0,2.2,28,721,1,0.78,0.00,32212,1,0.78,0.00,32212
2026-05-09 14:55:32,1,1,1,724.6,0,2.4,30,724,1,0.81,0.01,2740,1,0.81,0.01,2740
2026-05-09 14:55:32,1,1,1,724.6,0,2.4,30,724,1,0.81,0.01,2740,1,0.81,0.01,2740
2026-05-09 14:55:32,1,1,1,724.6,0,2.4,30,724,1,0.81,0.01,2740,1,0.81,0.01,2740
2026-05-09 14:55:32,1,1,1,724.6,0,2.4,30,724,1,0.81,0.01,2740,1,0.81,0.01,2740
2026-05-09 14:55:32,1,1,1,724.6,0,2.3,29,724,1,0.81,0.01,7985,1,0.81,0.01,7985
2026-05-09 14:55:32,1,1,1,724.6,0,2.3,29,724,1,0.81,0.01,7985,1,0.81,0.01,7985
2026-05-09 14:55:32,1,1,1,724.5,0,2.2,28,724,1,0.80,0.00,28850,1,0.80,0.00,28850
2026-05-09 14:55:32,1,1,1,723.5,0,2.1,27,723,1,0.80,0.00,28850,1,0.80,0.00,28850
2026-05-09 14:55:32,1,1,1,723.5,0,2.1,27,723,1,0.79,0.00,48529,1,0.79,0.00,48529
2026-05-09 14:55:32,1,1,1,723.5,0,2.1,26,723,1,0.79,0.00,48529,1,0.79,0.00,48529
2026-05-09 14:55:32,1,1,1,723.5,0,2.1,26,723,1,0.79,0.00,55325,1,0.79,0.00,55325
2026-05-09 14:55:32,1,1,1,722.4,0,2.0,25,722,1,0.79,0.00,55325,1,0.79,0.00,55325
2026-05-09 14:55:32,1,1,1,722.4,0,2.0,25,722,1,0.78,0.00,65092,1,0.78,0.00,65092
2026-05-09 14:55:32,1,1,1,722.4,0,2.0,25,722,1,0.78,0.00,65092,1,0.78,0.00,65092
2026-05-09 14:55:33,1,1,1,721.4,0,2.0,25,721,1,0.78,0.00,4914,1,0.78,0.00,4914
2026-05-09 14:55:33,1,1,1,721.4,0,2.0,25,721,1,0.78,0.00,4914,1,0.78,0.00,4914
2026-05-09 14:55:33,1,1,1,720.4,0,2.0,25,720,1,0.78,0.00,19165,1,0.78,0.00,19165
2026-05-09 14:55:33,1,1,1,720.4,0,2.0,25,720,1,0.78,0.00,19165,1,0.78,0.00,19165
2026-05-09 14:55:33,1,1,1,719.4,0,2.0,25,719,1,0.77,0.00,6337,1,0.77,0.00,6337
2026-05-09 14:55:33,1,1,1,719.4,0,2.0,25,719,1,0.77,0.00,6337,1,0.77,0.00,6337
2026-05-09 14:55:33,1,1,1,718.4,0,2.0,25,718,1,0.77,0.00,47225,1,0.77,0.00,47225
2026-05-09 14:55:33,1,1,1,718.4,0,2.0,25,718,1,0.77,0.00,47225,1,0.77,0.00,47225
2026-05-09 14:55:33,1,1,1,717.5,0,2.1,26,717,1,0.77,0.00,19405,1,0.77,0.00,19405
2026-05-09 14:55:33,1,1,1,717.5,0,2.1,26,717,1,0.77,0.00,19405,1,0.77,0.00,19405
2026-05-09 14:55:33,1,1,1,717.5,0,2.1,26,717,1,0.78,0.00,6341,1,0.78,0.00,6341
2026-05-09 14:55:33,1,1,1,717.5,0,2.2,27,717,1,0.78,0.00,6341,1,0.78,0.00,6341
2026-05-09 14:55:33,1,1,1,717.5,0,2.2,27,717,1,0.78,0.00,6341,1,0.78,0.00,6341
2026-05-09 14:55:33,1,1,1,719.5,0,2.2,27,719,1,0.78,0.00,6341,1,0.78,0.00,6341
2026-05-09 14:55:33,1,1,1,719.5,0,2.2,27,719,1,0.80,0.01,3688,1,0.80,0.01,3688
2026-05-09 14:55:33,1,1,1,722.5,0,2.1,26,722,1,0.80,0.01,3688,1,0.80,0.01,3688
2026-05-09 14:55:33,1,1,1,722.5,0,2.1,26,722,1,0.80,0.01,3285,1,0.80,0.01,3285
2026-05-09 14:55:33,1,1,1,725.5,0,2.1,26,725,1,0.80,0.01,3285,1,0.80,0.01,3285
2026-05-09 14:55:33,1,1,1,726.5,0,2.1,26,726,1,0.80,0.00,21682,1,0.80,0.00,21682
2026-05-09 14:55:33,1,1,1,726.5,0,2.1,26,726,1,0.80,0.00,21682,1,0.80,0.00,21682
2026-05-09 14:55:34,1,1,1,727.5,0,2.0,26,727,1,0.80,0.00,19890,1,0.80,0.00,19890
2026-05-09 14:55:34,1,1,1,727.5,0,2.0,26,727,1,0.80,0.00,19890,1,0.80,0.00,19890
2026-05-09 14:55:34,1,1,1,727.5,0,2.1,27,727,1,0.80,0.00,2210,1,0.80,0.00,2210
2026-05-09 14:55:34,1,1,1,727.5,0,2.1,27,727,1,0.80,0.00,2210,1,0.80,0.00,2210
2026-05-09 14:55:34,1,1,1,727.5,0,2.2,28,727,1,0.80,0.00,16601,1,0.80,0.00,16601
2026-05-09 14:55:34,1,1,1,726.5,0,2.1,27,726,1,0.80,0.00,16601,1,0.80,0.00,16601
2026-05-09 14:55:34,1,1,1,726.5,0,2.1,27,726,1,0.79,0.00,9769,1,0.79,0.00,9769
2026-05-09 14:55:34,1,1,1,726.5,0,2.1,26,726,1,0.79,0.00,9769,1,0.79,0.00,9769
2026-05-09 14:55:34,1,1,1,726.5,0,2.1,26,726,1,0.81,0.01,5450,1,0.81,0.01,5450
2026-05-09 14:55:34,1,1,1,726.4,0,1.9,24,726,1,0.81,0.01,5450,1,0.81,0.01,5450
2026-05-09 14:55:34,1,1,1,726.4,0,1.9,24,726,1,0.81,0.01,5450,1,0.81,0.01,5450
2026-05-09 14:55:34,1,1,1,725.3,0,1.7,21,725,1,0.81,0.01,5450,1,0.81,0.01,5450
2026-05-09 14:55:34,1,1,1,725.3,0,1.7,21,725,1,0.81,0.01,593,1,0.81,0.01,593
2026-05-09 14:55:34,1,1,1,723.3,0,1.6,20,723,1,0.81,0.01,593,1,0.81,0.01,593
2026-05-09 14:55:34,1,1,1,725.2,0,1.3,17,725,1,0.81,0.01,593,1,0.81,0.01,593
2026-05-09 14:55:34,1,1,1,725.2,0,1.3,17,725,1,0.81,0.01,593,1,0.81,0.01,593
2026-05-09 14:55:34,1,1,1,725.2,-8,1.3,16,725,1,0.83,0.02,4325,1,0.83,0.02,4325
2026-05-09 14:55:34,1,1,1,725.2,-8,1.3,16,725,1,0.83,0.02,4325,1,0.83,0.02,4325
2026-05-09 14:55:34,1,1,1,722.2,0,1.4,18,722,1,0.83,0.02,4325,1,0.83,0.02,4325
2026-05-09 14:55:34,1,1,1,722.2,0,1.4,18,722,1,0.83,0.02,4325,1,0.83,0.02,4325
2026-05-09 14:55:35,1,1,1,720.3,0,1.6,20,720,1,0.82,0.01,1226,1,0.82,0.01,1226
2026-05-09 14:55:35,1,1,1,720.3,0,1.7,21,720,1,0.82,0.01,1226,1,0.82,0.01,1226
2026-05-09 14:55:35,1,1,1,720.3,0,1.7,21,720,1,0.84,0.02,3769,1,0.84,0.02,3769
2026-05-09 14:55:35,1,1,1,721.3,0,1.7,21,721,1,0.84,0.02,3769,1,0.84,0.02,3769
2026-05-09 14:55:35,1,1,1,721.3,0,1.7,21,721,1,0.86,0.02,8906,1,0.86,0.02,8906
2026-05-09 14:55:35,1,1,1,722.3,0,1.7,21,722,1,0.86,0.02,8906,1,0.86,0.02,8906
2026-05-09 14:55:35,1,1,1,722.3,0,1.7,21,722,1,0.87,0.02,8906,1,0.87,0.02,8906
2026-05-09 14:55:35,1,1,1,722.3,0,1.7,21,722,1,0.87,0.02,8906,1,0.87,0.02,8906
2026-05-09 14:55:35,1,1,1,722.3,0,1.7,21,722,1,0.85,0.01,8245,1,0.85,0.01,8245
2026-05-09 14:55:35,1,1,1,722.3,0,1.6,20,722,1,0.85,0.01,8245,1,0.85,0.01,8245
2026-05-09 14:55:35,1,1,1,721.3,0,1.6,20,721,1,0.84,0.00,20500,1,0.84,0.00,20500
2026-05-09 14:55:35,1,1,1,721.3,0,1.6,20,721,1,0.84,0.00,20500,1,0.84,0.00,20500
2026-05-09 14:55:35,1,1,1,720.3,0,1.6,20,720,1,0.83,0.00,11762,1,0.83,0.00,11762
2026-05-09 14:55:35,1,1,1,720.3,0,1.6,20,720,1,0.83,0.00,11762,1,0.83,0.00,11762
2026-05-09 14:55:35,1,1,1,718.3,0,1.6,20,718,1,0.82,0.00,19549,1,0.82,0.00,19549
2026-05-09 14:55:35,1,1,1,718.3,0,1.6,20,718,1,0.82,0.00,19549,1,0.82,0.00,19549
2026-05-09 14:55:35,1,1,1,717.3,0,1.7,21,717,1,0.81,0.00,8689,1,0.81,0.00,8689
2026-05-09 14:55:35,1,1,1,716.3,0,1.7,21,716,1,0.81,0.00,8689,1,0.81,0.00,8689
2026-05-09 14:55:35,1,1,1,716.3,0,1.7,21,716,1,0.80,-0.01,6484,1,0.80,-0.01,6484
2026-05-09 14:55:35,1,1,1,716.3,0,1.7,21,716,1,0.80,-0.01,6484,1,0.80,-0.01,6484
2026-05-09 14:55:36,1,1,1,716.3,0,1.7,21,716,1,0.80,-0.01,7361,1,0.80,-0.01,7361
2026-05-09 14:55:36,1,1,1,716.3,0,1.8,22,716,1,0.80,-0.01,7361,1,0.80,-0.01,7361
2026-05-09 14:55:36,1,1,1,716.3,0,1.8,22,716,1,0.80,-0.01,16021,1,0.80,-0.01,16021
2026-05-09 14:55:36,1,1,1,717.3,0,1.8,22,717,1,0.80,-0.01,16021,1,0.80,-0.01,16021
2026-05-09 14:55:36,1,1,1,717.3,0,1.8,22,717,1,0.80,0.00,24228,1,0.80,0.00,24228
2026-05-09 14:55:36,1,1,1,718.3,0,1.8,22,718,1,0.80,0.00,24228,1,0.80,0.00,24228
2026-05-09 14:55:36,1,1,1,718.3,0,1.8,22,718,1,0.80,0.00,19394,1,0.80,0.00,19394
2026-05-09 14:55:36,1,1,1,718.3,0,1.8,22,718,1,0.80,0.00,19394,1,0.80,0.00,19394
2026-05-09 14:55:36,1,1,1,718.3,0,1.8,22,718,1,0.79,0.00,11106,1,0.79,0.00,11106
2026-05-09 14:55:36,1,1,1,718.3,0,1.8,22,718,1,0.79,0.00,11106,1,0.79,0.00,11106
2026-05-09 14:55:36,1,1,1,718.3,0,1.8,22,718,1,0.79,0.00,25981,1,0.79,0.00,25981
2026-05-09 14:55:36,1,1,1,718.3,0,1.8,22,718,1,0.79,0.00,25981,1,0.79,0.00,25981
2026-05-09 14:55:36,1,1,1,716.3,0,1.8,22,716,1,0.78,0.00,57033,1,0.78,0.00,57033
2026-05-09 14:55:36,1,1,1,713.3,0,1.8,22,713,1,0.78,0.00,57033,1,0.78,0.00,57033
2026-05-09 14:55:36,1,1,1,713.3,0,1.8,22,713,1,0.78,0.00,62120,1,0.78,0.00,62120
2026-05-09 14:55:36,1,1,1,710.4,0,1.9,23,710,1,0.78,0.00,62120,1,0.78,0.00,62120
2026-05-09 14:55:36,1,1,1,710.4,0,1.9,23,710,1,0.78,0.00,23125,1,0.78,0.00,23125
2026-05-09 14:55:36,1,1,1,707.4,0,1.9,23,707,1,0.78,0.00,23125,1,0.78,0.00,23125
2026-05-09 14:55:36,1,1,1,707.4,0,1.9,23,707,1,0.78,0.00,5785,1,0.78,0.00,5785
2026-05-09 14:55:36,1,1,1,705.4,0,1.9,23,705,1,0.78,0.00,5785,1,0.78,0.00,5785
2026-05-09 14:55:37,1,1,1,705.4,0,1.9,23,705,1,0.78,0.00,1458,1,0.78,0.00,1458
2026-05-09 14:55:37,1,1,1,704.4,0,1.9,23,704,1,0.78,0.00,1458,1,0.78,0.00,1458
2026-05-09 14:55:37,1,1,1,702.4,0,2.0,25,702,1,0.78,0.00,16165,1,0.78,0.00,16165
2026-05-09 14:55:37,1,1,1,702.4,0,2.0,25,702,1,0.78,0.00,16165,1,0.78,0.00,16165
2026-05-09 14:55:37,1,1,1,702.5,0,2.2,27,702,1,0.78,0.00,13873,1,0.78,0.00,13873
2026-05-09 14:55:37,1,1,1,702.5,0,2.2,27,702,1,0.78,0.00,13873,1,0.78,0.00,13873
2026-05-09 14:55:37,1,1,1,701.6,0,2.4,29,701,1,0.77,0.00,4810,1,0.77,0.00,4810
2026-05-09 14:55:37,1,1,1,701.6,0,2.4,29,701,1,0.77,0.00,4810,1,0.77,0.00,4810
2026-05-09 14:55:37,1,1,1,702.7,0,2.5,31,702,1,0.77,0.00,3986,1,0.77,0.00,3986
2026-05-09 14:55:37,1,1,1,702.7,0,2.5,31,702,1,0.77,0.00,3986,1,0.77,0.00,3986
2026-05-09 14:55:37,1,1,1,702.7,0,2.5,31,702,1,0.77,0.00,10045,1,0.77,0.00,10045
2026-05-09 14:55:37,1,1,1,702.6,0,2.4,30,702,1,0.77,0.00,10045,1,0.77,0.00,10045
2026-05-09 14:55:37,1,1,1,702.6,0,2.4,30,702,1,0.77,0.00,18674,1,0.77,0.00,18674
2026-05-09 14:55:37,1,1,1,703.6,0,2.3,28,703,1,0.77,0.00,18674,1,0.77,0.00,18674
2026-05-09 14:55:37,1,1,1,703.6,0,2.3,28,703,1,0.76,0.00,3725,1,0.76,0.00,3725
2026-05-09 14:55:37,1,1,1,703.5,0,2.2,27,703,1,0.76,0.00,3725,1,0.76,0.00,3725
2026-05-09 14:55:37,1,1,1,703.5,0,2.2,27,703,1,0.77,0.00,5193,1,0.77,0.00,5193
2026-05-09 14:55:37,1,1,1,702.5,0,2.1,26,702,1,0.77,0.00,5193,1,0.77,0.00,5193
2026-05-09 14:55:37,1,1,1,702.4,0,2.0,25,702,1,0.76,0.00,27162,1,0.76,0.00,27162
2026-05-09 14:55:37,1,1,1,702.4,0,2.0,25,702,1,0.76,0.00,27162,1,0.76,0.00,27162
2026-05-09 14:55:38,1,1,1,702.4,0,2.0,24,702,1,0.76,0.00,7080,1,0.76,0.00,7080
2026-05-09 14:55:38,1,1,1,702.4,0,2.0,24,702,1,0.76,0.00,7080,1,0.76,0.00,7080
2026-05-09 14:55:38,1,1,1,701.4,0,2.0,25,701,1,0.77,0.00,16409,1,0.77,0.00,16409
2026-05-09 14:55:38,1,1,1,701.4,0,2.0,25,701,1,0.77,0.00,16409,1,0.77,0.00,16409
2026-05-09 14:55:38,1,1,1,702.4,0,2.0,25,702,1,0.77,0.00,16409,1,0.77,0.00,16409
2026-05-09 14:55:38,1,1,1,702.4,0,2.0,25,702,1,0.77,0.00,16409,1,0.77,0.00,16409
2026-05-09 14:55:38,1,1,1,701.4,0,1.9,23,701,1,0.77,0.00,39209,1,0.77,0.00,39209
2026-05-09 14:55:38,1,1,1,701.3,0,1.8,22,701,1,0.77,0.00,39209,1,0.77,0.00,39209
2026-05-09 14:55:38,1,1,1,701.3,0,1.8,22,701,1,0.77,0.00,17312,1,0.77,0.00,17312
2026-05-09 14:55:38,1,1,1,700.3,0,1.8,22,700,1,0.77,0.00,17312,1,0.77,0.00,17312
2026-05-09 14:55:38,1,1,1,700.3,0,1.8,22,700,1,0.75,0.00,8362,1,0.75,0.00,8362
2026-05-09 14:55:38,1,1,1,699.4,0,2.0,24,699,1,0.75,0.00,8362,1,0.75,0.00,8362
2026-05-09 14:55:38,1,1,1,699.4,0,2.0,24,699,1,0.75,0.00,36365,1,0.75,0.00,36365
2026-05-09 14:55:38,1,1,1,698.4,0,2.1,25,698,1,0.75,0.00,36365,1,0.75,0.00,36365
2026-05-09 14:55:38,1,1,1,697.5,0,2.2,27,697,1,0.75,0.00,51881,1,0.75,0.00,51881
2026-05-09 14:55:38,1,1,1,697.5,0,2.2,27,697,1,0.75,0.00,51881,1,0.75,0.00,51881
2026-05-09 14:55:38,1,1,1,695.6,0,2.3,28,695,1,0.75,0.00,22992,1,0.75,0.00,22992
2026-05-09 14:55:38,1,1,1,695.6,0,2.3,28,695,1,0.75,0.00,22992,1,0.75,0.00,22992
2026-05-09 14:55:38,1,1,1,693.6,0,2.3,28,693,1,0.75,0.00,8980,1,0.75,0.00,8980
2026-05-09 14:55:38,1,1,1,693.6,0,2.3,28,693,1,0.75,0.00,8980,1,0.75,0.00,8980
2026-05-09 14:55:39,1,1,1,692.6,0,2.3,28,692,1,0.75,0.00,34394,1,0.75,0.00,34394
2026-05-09 14:55:39,1,1,1,692.6,0,2.3,28,692,1,0.75,0.00,34394,1,0.75,0.00,34394
2026-05-09 14:55:39,1,1,1,691.6,0,2.3,28,691,1,0.75,0.00,34885,1,0.75,0.00,34885
2026-05-09 14:55:39,1,1,1,690.6,0,2.3,28,690,1,0.75,0.00,34885,1,0.75,0.00,34885
2026-05-09 14:55:39,1,1,1,690.6,0,2.3,28,690,1,0.75,0.00,31037,1,0.75,0.00,31037
2026-05-09 14:55:39,1,1,1,688.6,0,2.3,28,688,1,0.75,0.00,31037,1,0.75,0.00,31037
2026-05-09 14:55:39,1,1,1,688.6,0,2.3,28,688,1,0.75,0.00,27481,1,0.75,0.00,27481
2026-05-09 14:55:39,1,1,1,687.6,0,2.4,29,687,1,0.75,0.00,27481,1,0.75,0.00,27481
2026-05-09 14:55:39,1,1,1,687.6,0,2.4,29,687,1,0.75,0.00,9986,1,0.75,0.00,9986
2026-05-09 14:55:39,1,1,1,685.6,0,2.4,29,685,1,0.75,0.00,9986,1,0.75,0.00,9986
2026-05-09 14:55:39,1,1,1,684.7,0,2.6,31,684,1,0.75,0.00,666,1,0.75,0.00,666
2026-05-09 14:55:39,1,1,1,684.7,0,2.6,31,684,1,0.75,0.00,666,1,0.75,0.00,666
2026-05-09 14:55:39,1,1,1,681.8,0,2.8,33,681,1,0.75,0.00,4705,1,0.75,0.00,4705
2026-05-09 14:55:39,1,1,1,681.8,0,2.8,33,681,1,0.75,0.00,4705,1,0.75,0.00,4705
2026-05-09 14:55:39,1,1,1,673.0,0,3.1,36,672,1,0.75,0.00,11168,1,0.75,0.00,11168
2026-05-09 14:55:39,1,1,1,673.0,0,3.1,36,672,1,0.75,0.00,11168,1,0.75,0.00,11168
2026-05-09 14:55:39,1,1,1,666.1,0,3.4,39,665,1,0.75,0.00,23929,1,0.75,0.00,23929
2026-05-09 14:55:39,1,1,1,666.1,0,3.4,39,665,1,0.75,0.00,23929,1,0.75,0.00,23929
2026-05-09 14:55:39,1,1,1,661.3,0,3.6,41,660,1,0.75,0.00,19908,1,0.75,0.00,19908
2026-05-09 14:55:39,1,1,1,657.4,0,3.8,43,656,1,0.75,0.00,19908,1,0.75,0.00,19908
2026-05-09 14:55:40,1,1,1,657.4,0,3.8,43,656,1,0.75,0.00,1544,1,0.75,0.00,1544
2026-05-09 14:55:40,1,1,1,654.5,0,3.9,44,653,1,0.75,0.00,1544,1,0.75,0.00,1544
2026-05-09 14:55:40,1,1,1,654.5,0,3.9,44,653,1,0.75,0.00,4180,1,0.75,0.00,4180
2026-05-09 14:55:40,1,1,1,652.6,0,4.0,45,651,1,0.75,0.00,4180,1,0.75,0.00,4180
2026-05-09 14:55:40,1,1,1,652.6,0,4.0,45,651,1,0.75,0.00,18778,1,0.75,0.00,18778
2026-05-09 14:55:40,1,1,1,653.6,0,3.9,45,652,1,0.75,0.00,18778,1,0.75,0.00,18778
2026-05-09 14:55:40,1,1,1,653.6,0,3.9,45,652,1,0.75,0.00,50002,1,0.75,0.00,50002
2026-05-09 14:55:40,1,1,1,653.6,0,3.9,45,652,1,0.75,0.00,50002,1,0.75,0.00,50002
2026-05-09 14:55:40,1,1,1,654.5,0,3.9,45,653,1,0.75,0.00,49562,1,0.75,0.00,49562
2026-05-09 14:55:40,1,1,1,654.5,0,3.9,45,653,1,0.75,0.00,49562,1,0.75,0.00,49562
2026-05-09 14:55:40,1,1,1,655.5,0,3.9,45,654,1,0.75,0.00,43725,1,0.75,0.00,43725
2026-05-09 14:55:40,1,1,1,655.5,0,3.9,45,654,1,0.75,0.00,43725,1,0.75,0.00,43725
2026-05-09 14:55:40,1,1,1,657.5,0,3.8,44,656,1,0.75,0.00,52685,1,0.75,0.00,52685
2026-05-09 14:55:40,1,1,1,657.5,0,3.8,44,656,1,0.75,0.00,52685,1,0.75,0.00,52685
2026-05-09 14:55:40,1,1,1,659.5,0,3.8,44,658,1,0.75,0.00,11513,1,0.75,0.00,11513
2026-05-09 14:55:40,1,1,1,660.5,0,3.8,44,659,1,0.75,0.00,11513,1,0.75,0.00,11513
2026-05-09 14:55:40,1,1,1,660.5,0,3.8,44,659,1,0.75,0.00,1874,1,0.75,0.00,1874
2026-05-09 14:55:40,1,1,1,661.6,0,4.0,46,660,1,0.75,0.00,1874,1,0.75,0.00,1874
2026-05-09 14:55:40,1,1,1,661.6,0,4.0,46,660,1,0.75,0.00,6788,1,0.75,0.00,6788
2026-05-09 14:55:40,1,1,1,661.6,0,4.0,46,660,1,0.75,0.00,6788,1,0.75,0.00,6788
2026-05-09 14:55:41,1,1,1,661.6,0,4.0,46,660,1,0.75,0.00,19556,1,0.75,0.00,19556
2026-05-09 14:55:41,1,1,1,662.6,0,4.0,46,661,1,0.75,0.00,19556,1,0.75,0.00,19556
2026-05-09 14:55:41,1,1,1,662.5,0,3.9,45,661,1,0.75,0.00,32986,1,0.75,0.00,32986
2026-05-09 14:55:41,1,1,1,662.5,0,3.9,45,661,1,0.75,0.00,32986,1,0.75,0.00,32986
2026-05-09 14:55:41,1,1,1,663.5,0,3.9,45,662,1,0.75,0.00,23458,1,0.75,0.00,23458
2026-05-09 14:55:41,1,1,1,663.5,0,3.9,45,662,1,0.75,0.00,23458,1,0.75,0.00,23458
2026-05-09 14:55:41,1,1,1,664.5,0,3.8,44,663,1,0.75,0.00,6498,1,0.75,0.00,6498
2026-05-09 14:55:41,1,1,1,664.5,0,3.8,44,663,1,0.75,0.00,6498,1,0.75,0.00,6498
2026-05-09 14:55:41,1,1,1,666.4,0,3.7,43,665,1,0.75,0.00,6498,1,0.75,0.00,6498
2026-05-09 14:55:41,1,1,1,666.4,0,3.7,43,665,1,0.75,0.00,6498,1,0.75,0.00,6498
2026-05-09 14:55:41,1,1,1,667.4,0,3.7,43,666,1,0.75,0.00,4201,1,0.75,0.00,4201
2026-05-09 14:55:41,1,1,1,668.3,0,3.6,42,667,1,0.75,0.00,4201,1,0.75,0.00,4201
2026-05-09 14:55:41,1,1,1,668.3,0,3.6,42,667,1,0.76,0.00,7232,1,0.76,0.00,7232
2026-05-09 14:55:41,1,1,1,669.3,0,3.6,42,668,1,0.76,0.00,7232,1,0.76,0.00,7232
2026-05-09 14:55:41,1,1,1,669.3,0,3.6,42,668,1,0.76,0.00,20981,1,0.76,0.00,20981
2026-05-09 14:55:41,1,1,1,668.3,0,3.6,42,667,1,0.76,0.00,20981,1,0.76,0.00,20981
2026-05-09 14:55:41,1,1,1,668.3,0,3.6,42,667,1,0.76,0.00,26365,1,0.76,0.00,26365
2026-05-09 14:55:41,1,1,1,668.3,0,3.6,42,667,1,0.76,0.00,26365,1,0.76,0.00,26365
2026-05-09 14:55:41,1,1,1,668.3,0,3.6,42,667,1,0.76,0.00,33085,1,0.76,0.00,33085
2026-05-09 14:55:41,1,1,1,667.3,0,3.6,42,666,1,0.76,0.00,33085,1,0.76,0.00,33085
2026-05-09 14:55:42,1,1,1,667.3,0,3.6,42,666,1,0.76,0.00,10468,1,0.76,0.00,10468
2026-05-09 14:55:42,1,1,1,667.3,0,3.6,42,666,1,0.76,0.00,10468,1,0.76,0.00,10468
2026-05-09 14:55:42,1,1,1,668.3,0,3.6,42,667,1,0.77,0.00,21377,1,0.77,0.00,21377
2026-05-09 14:55:42,1,1,1,668.3,0,3.6,42,667,1,0.77,0.00,21377,1,0.77,0.00,21377
2026-05-09 14:55:42,1,1,1,669.3,0,3.5,41,668,1,0.79,0.02,10036,1,0.79,0.02,10036
2026-05-09 14:55:42,1,1,1,669.3,0,3.5,41,668,1,0.79,0.02,10036,1,0.79,0.02,10036
2026-05-09 14:55:42,1,1,1,671.2,0,3.4,40,670,1,0.79,0.01,14045,1,0.79,0.01,14045
2026-05-09 14:55:42,1,1,1,672.1,0,3.3,39,671,1,0.79,0.01,14045,1,0.79,0.01,14045
2026-05-09 14:55:42,1,1,1,672.1,0,3.3,39,671,1,0.78,0.01,48229,1,0.78,0.01,48229
2026-05-09 14:55:42,1,1,1,673.1,0,3.2,38,672,1,0.78,0.01,48229,1,0.78,0.01,48229
2026-05-09 14:55:42,1,1,1,673.1,0,3.2,38,672,1,0.78,0.00,53044,1,0.78,0.00,53044
2026-05-09 14:55:42,1,1,1,674.0,0,3.1,37,673,1,0.78,0.00,53044,1,0.78,0.00,53044
2026-05-09 14:55:42,1,1,1,674.0,0,3.1,37,673,1,0.78,0.00,16525,1,0.78,0.00,16525
2026-05-09 14:55:42,1,1,1,674.0,8,3.1,36,673,1,0.78,0.00,16525,1,0.78,0.00,16525
2026-05-09 14:55:42,1,1,1,674.0,8,3.1,36,673,1,0.78,0.00,30705,1,0.78,0.00,30705
2026-05-09 14:55:42,1,1,1,675.0,0,3.1,36,674,1,0.78,0.00,30705,1,0.78,0.00,30705
2026-05-09 14:55:42,1,1,1,676.0,0,3.1,36,675,1,0.77,0.00,1218,1,0.77,0.00,1218
2026-05-09 14:55:42,1,1,1,676.0,0,3.1,36,675,1,0.77,0.00,1218,1,0.77,0.00,1218
2026-05-09 14:55:42,1,1,1,678.0,0,3.0,36,677,1,0.77,0.00,53665,1,0.77,0.00,53665
2026-05-09 14:55:42,1,1,1,678.0,0,3.0,36,677,1,0.77,0.00,53665,1,0.77,0.00,53665
2026-05-09 14:55:43,1,1,1,679.0,0,3.0,36,678,1,0.77,0.00,33085,1,0.77,0.00,33085
2026-05-09 14:55:43,1,1,1,679.0,0,3.0,36,678,1,0.77,0.00,33085,1,0.77,0.00,33085
2026-05-09 14:55:43,1,1,1,680.0,0,3.0,36,679,1,0.77,0.00,55312,1,0.77,0.00,55312
2026-05-09 14:55:43,1,1,1,680.0,0,3.0,36,679,1,0.77,0.00,55312,1,0.77,0.00,55312
2026-05-09 14:55:43,1,1,1,680.0,0,3.0,36,679,1,0.77,0.00,34474,1,0.77,0.00,34474
2026-05-09 14:55:43,1,1,1,681.0,0,3.0,36,680,1,0.77,0.00,34474,1,0.77,0.00,34474
2026-05-09 14:55:43,1,1,1,681.0,0,3.0,36,680,1,0.76,0.00,45730,1,0.76,0.00,45730
2026-05-09 14:55:43,1,1,1,682.0,0,3.0,36,681,1,0.76,0.00,45730,1,0.76,0.00,45730
2026-05-09 14:55:43,1,1,1,682.0,0,3.0,36,681,1,0.76,0.00,50984,1,0.76,0.00,50984
2026-05-09 14:55:43,1,1,1,682.9,0,2.9,35,682,1,0.76,0.00,50984,1,0.76,0.00,50984
2026-05-09 14:55:43,1,1,1,682.9,0,2.9,35,682,1,0.76,0.00,23490,1,0.76,0.00,23490
2026-05-09 14:55:43,1,1,1,683.8,0,2.8,34,683,1,0.76,0.00,23490,1,0.76,0.00,23490
2026-05-09 14:55:43,1,1,1,685.7,0,2.7,32,685,1,0.76,0.00,7108,1,0.76,0.00,7108
2026-05-09 14:55:43,1,1,1,685.7,0,2.7,32,685,1,0.76,0.00,7108,1,0.76,0.00,7108
2026-05-09 14:55:43,1,1,1,686.7,0,2.6,31,686,1,0.76,0.00,7321,1,0.76,0.00,7321
2026-05-09 14:55:43,1,1,1,686.7,0,2.6,31,686,1,0.76,0.00,7321,1,0.76,0.00,7321
2026-05-09 14:55:43,1,1,1,686.7,0,2.7,32,686,1,0.76,0.00,10405,1,0.76,0.00,10405
2026-05-09 14:55:43,1,1,1,686.7,0,2.7,32,686,1,0.76,0.00,10405,1,0.76,0.00,10405
2026-05-09 14:55:43,1,1,1,686.9,0,2.9,35,686,1,0.76,0.00,15424,1,0.76,0.00,15424
2026-05-09 14:55:43,1,1,1,687.0,0,3.1,37,686,1,0.76,0.00,15424,1,0.76,0.00,15424
2026-05-09 14:55:44,1,1,1,687.0,0,3.1,37,686,1,0.76,0.00,25090,1,0.76,0.00,25090
2026-05-09 14:55:44,1,1,1,686.1,0,3.2,38,685,1,0.76,0.00,25090,1,0.76,0.00,25090
2026-05-09 14:55:44,1,1,1,686.1,0,3.2,38,685,1,0.75,0.00,62073,1,0.75,0.00,62073
2026-05-09 14:55:44,1,1,1,686.1,0,3.3,39,685,1,0.75,0.00,62073,1,0.75,0.00,62073
2026-05-09 14:55:44,1,1,1,686.1,0,3.3,39,685,1,0.75,0.00,37953,1,0.75,0.00,37953
2026-05-09 14:55:44,1,1,1,686.1,0,3.2,38,685,1,0.75,0.00,37953,1,0.75,0.00,37953
2026-05-09 14:55:44,1,1,1,686.1,0,3.2,38,685,1,0.75,0.00,3626,1,0.75,0.00,3626
2026-05-09 14:55:44,1,1,1,686.1,0,3.2,38,685,1,0.75,0.00,3626,1,0.75,0.00,3626
2026-05-09 14:55:44,1,1,1,687.1,0,3.2,38,686,1,0.76,0.00,18932,1,0.76,0.00,18932
2026-05-09 14:55:44,1,1,1,687.1,0,3.2,38,686,1,0.76,0.00,18932,1,0.76,0.00,18932
