datetime,wifi,time_sync,rd_present,rd_distance_mm,rd_velocity_cm_s,rd_angle_deg,rd_x_mm,rd_y_mm,c4001_present,c4001_distance_m,c4001_velocity_m_s,c4001_energy,c4001_raw_targets,c4001_raw_distance_m,c4001_raw_velocity_m_s,c4001_raw_energy
2026-05-09 16:09:33,1,1,1,1957.5,0,21.4,713,1823,0,0.00,0.00,0,0,0.00,0.00,0
2026-05-09 16:09:33,1,1,1,1970.2,0,17.9,605,1875,0,0.00,0.00,0,0,0.00,0.00,0
2026-05-09 16:09:33,1,1,1,1970.2,0,17.9,605,1875,0,0.00,0.00,0,1,3.25,0.00,5645
2026-05-09 16:09:33,1,1,1,2125.5,0,12.9,474,2072,0,0.00,0.00,0,1,3.25,0.00,5645
2026-05-09 16:09:34,1,1,1,2293.3,0,9.0,359,2265,1,2.64,0.08,11745,1,2.64,0.08,11745
2026-05-09 16:09:34,1,1,1,2293.3,0,9.0,359,2265,1,2.64,0.08,11745,1,2.64,0.08,11745
2026-05-09 16:09:34,1,1,1,2453.6,8,5.8,248,2441,1,2.84,0.07,4789,1,2.84,0.07,4789
2026-05-09 16:09:34,1,1,1,2453.6,8,5.8,248,2441,1,2.84,0.07,4789,1,2.84,0.07,4789
2026-05-09 16:09:34,1,1,1,2398.5,0,3.9,163,2393,1,2.65,0.04,6829,1,2.65,0.04,6829
2026-05-09 16:09:34,1,1,1,2398.5,0,3.9,163,2393,1,2.65,0.04,6829,1,2.65,0.04,6829
2026-05-09 16:09:34,1,1,1,2338.6,0,2.1,87,2337,1,2.51,0.01,13957,1,2.51,0.01,13957
2026-05-09 16:09:34,1,1,1,2338.6,0,2.1,87,2337,1,2.51,0.01,13957,1,2.51,0.01,13957
2026-05-09 16:09:34,1,1,1,2258.1,0,0.4,16,2258,1,2.42,0.00,8450,1,2.42,0.00,8450
2026-05-09 16:09:34,1,1,1,2170.6,8,-1.3,-51,2170,1,2.42,0.00,8450,1,2.42,0.00,8450
2026-05-09 16:09:34,1,1,1,2170.6,8,-1.3,-51,2170,1,2.56,0.05,13141,1,2.56,0.05,13141
2026-05-09 16:09:34,1,1,1,2105.4,8,-3.2,-119,2102,1,2.56,0.05,13141,1,2.56,0.05,13141
2026-05-09 16:09:34,1,1,1,2105.4,8,-3.2,-119,2102,1,2.56,0.05,13141,1,2.56,0.05,13141
2026-05-09 16:09:34,1,1,1,2059.4,16,-5.8,-207,2049,1,2.56,0.05,13141,1,2.56,0.05,13141
2026-05-09 16:09:34,1,1,1,2059.4,16,-5.8,-207,2049,1,2.49,0.04,8177,1,2.49,0.04,8177
2026-05-09 16:09:34,1,1,1,2011.7,8,-8.2,-288,1991,1,2.49,0.04,8177,1,2.49,0.04,8177
2026-05-09 16:09:34,1,1,1,1976.5,0,-10.9,-373,1941,1,2.44,0.04,14024,1,2.44,0.04,14024
2026-05-09 16:09:34,1,1,1,1976.5,0,-10.9,-373,1941,1,2.44,0.04,14024,1,2.44,0.04,14024
2026-05-09 16:09:34,1,1,1,2049.4,0,-15.0,-529,1980,1,2.40,0.05,3028,1,2.40,0.05,3028
2026-05-09 16:09:34,1,1,1,2049.4,0,-15.0,-529,1980,1,2.40,0.05,3028,1,2.40,0.05,3028
2026-05-09 16:09:35,1,1,1,2121.0,32,-18.1,-659,2016,1,2.38,0.06,14002,1,2.38,0.06,14002
2026-05-09 16:09:35,1,1,1,2121.0,32,-18.1,-659,2016,1,2.38,0.06,14002,1,2.38,0.06,14002
2026-05-09 16:09:35,1,1,1,2111.6,48,-20.3,-731,1981,1,2.38,0.06,14002,1,2.38,0.06,14002
2026-05-09 16:09:35,1,1,1,2111.6,48,-20.3,-731,1981,1,2.38,0.06,14002,1,2.38,0.06,14002
2026-05-09 16:09:35,1,1,1,2102.4,48,-21.7,-776,1954,1,2.39,0.11,16488,1,2.39,0.11,16488
2026-05-09 16:09:35,1,1,1,2093.2,32,-23.1,-822,1925,1,2.39,0.11,16488,1,2.39,0.11,16488
2026-05-09 16:09:35,1,1,1,2093.2,32,-23.1,-822,1925,1,2.41,0.11,16488,1,2.41,0.11,16488
2026-05-09 16:09:35,1,1,1,2092.7,0,-24.4,-864,1906,1,2.41,0.11,16488,1,2.41,0.11,16488
2026-05-09 16:09:35,1,1,1,2092.7,0,-24.4,-864,1906,1,2.41,0.11,16488,1,2.41,0.11,16488
2026-05-09 16:09:35,1,1,1,2098.6,16,-25.7,-910,1891,1,2.41,0.11,16488,1,2.41,0.11,16488
2026-05-09 16:09:35,1,1,1,2098.6,16,-25.7,-910,1891,1,2.41,0.11,16488,1,2.41,0.11,16488
2026-05-09 16:09:35,1,1,1,2118.5,0,-26.9,-959,1889,1,2.41,0.11,16488,1,2.41,0.11,16488
2026-05-09 16:09:35,1,1,1,2118.5,0,-26.9,-959,1889,1,2.41,0.11,16488,1,2.41,0.11,16488
2026-05-09 16:09:35,1,1,1,2108.9,0,-28.1,-992,1861,1,2.41,0.11,16488,1,2.41,0.11,16488
2026-05-09 16:09:35,1,1,1,2096.4,0,-29.1,-1021,1831,1,2.41,0.11,16488,1,2.41,0.11,16488
2026-05-09 16:09:35,1,1,1,2096.4,0,-29.1,-1021,1831,1,2.41,0.11,16488,1,2.41,0.11,16488
2026-05-09 16:09:35,1,1,1,2100.7,0,-30.6,-1068,1809,1,2.41,0.11,16488,1,2.41,0.11,16488
2026-05-09 16:09:35,1,1,1,2100.7,0,-30.6,-1068,1809,1,2.41,0.11,16488,1,2.41,0.11,16488
2026-05-09 16:09:35,1,1,1,2098.3,0,-31.7,-1103,1785,1,2.41,0.11,16488,1,2.41,0.11,16488
2026-05-09 16:09:35,1,1,1,2098.3,0,-31.7,-1103,1785,1,0.00,0.00,0,0,0.00,0.00,0
2026-05-09 16:09:36,1,1,1,2095.7,0,-32.6,-1130,1765,1,0.00,0.00,0,0,0.00,0.00,0
2026-05-09 16:09:36,1,1,1,2105.7,0,-33.5,-1162,1756,1,0.00,0.00,0,0,0.00,0.00,0
2026-05-09 16:09:36,1,1,1,2105.7,0,-33.5,-1162,1756,1,0.00,0.00,0,0,0.00,0.00,0
2026-05-09 16:09:36,1,1,1,2112.4,-24,-34.4,-1192,1744,1,0.00,0.00,0,0,0.00,0.00,0
2026-05-09 16:09:36,1,1,1,2112.4,-24,-34.4,-1192,1744,0,0.00,0.00,0,0,0.00,0.00,0
2026-05-09 16:09:36,1,1,1,2117.6,-16,-35.1,-1217,1733,0,0.00,0.00,0,0,0.00,0.00,0
2026-05-09 16:09:36,1,1,1,2117.6,-16,-35.1,-1217,1733,0,0.00,0.00,0,0,0.00,0.00,0
2026-05-09 16:09:36,1,1,1,2126.5,24,-35.4,-1231,1734,0,0.00,0.00,0,0,0.00,0.00,0
2026-05-09 16:09:36,1,1,1,2126.5,24,-35.4,-1231,1734,0,0.00,0.00,0,0,0.00,0.00,0
2026-05-09 16:09:36,1,1,1,2136.9,0,-35.4,-1239,1741,0,0.00,0.00,0,0,0.00,0.00,0
2026-05-09 16:09:36,1,1,1,2208.2,0,-34.9,-1265,1810,0,0.00,0.00,0,0,0.00,0.00,0
2026-05-09 16:09:36,1,1,1,2208.2,0,-34.9,-1265,1810,0,0.00,0.00,0,0,0.00,0.00,0
2026-05-09 16:09:36,1,1,1,2397.7,0,-33.9,-1336,1991,0,0.00,0.00,0,1,2.24,-0.70,4624
2026-05-09 16:09:36,1,1,1,2397.7,0,-33.9,-1336,1991,0,0.00,0.00,0,1,2.24,-0.70,4624
2026-05-09 16:09:36,1,1,1,2586.1,0,-33.1,-1413,2166,1,2.17,-0.70,4624,1,2.17,-0.70,4624
2026-05-09 16:09:36,1,1,1,2586.1,0,-33.1,-1413,2166,1,2.17,-0.70,4624,1,2.17,-0.70,4624
2026-05-09 16:09:36,1,1,1,2763.5,0,-32.6,-1489,2328,1,2.17,-0.70,4624,1,2.17,-0.70,4624
2026-05-09 16:09:36,1,1,1,2905.6,-32,-32.3,-1551,2457,1,2.17,-0.70,4624,1,2.17,-0.70,4624
2026-05-09 16:09:36,1,1,1,2905.6,-32,-32.3,-1551,2457,1,2.17,-0.70,4624,1,2.17,-0.70,4624
2026-05-09 16:09:36,1,1,1,2759.6,-39,-32.6,-1485,2326,1,2.17,-0.70,4624,1,2.17,-0.70,4624
2026-05-09 16:09:37,1,1,1,2759.6,-39,-32.6,-1485,2326,1,2.17,-0.70,4624,1,2.17,-0.70,4624
2026-05-09 16:09:37,1,1,1,2674.6,-32,-32.7,-1446,2250,1,2.17,-0.70,4624,1,2.17,-0.70,4624
2026-05-09 16:09:37,1,1,1,2674.6,-32,-32.7,-1446,2250,1,2.17,-0.70,4624,1,2.17,-0.70,4624
2026-05-09 16:09:37,1,1,1,2490.3,-32,-32.9,-1354,2090,1,2.17,-0.70,4624,1,2.17,-0.70,4624
2026-05-09 16:09:37,1,1,1,2490.3,-32,-32.9,-1354,2090,1,2.17,-0.70,4624,1,2.17,-0.70,4624
2026-05-09 16:09:37,1,1,1,2343.8,-24,-32.9,-1273,1968,1,2.17,-0.70,4624,1,2.17,-0.70,4624
2026-05-09 16:09:37,1,1,1,2228.6,-16,-32.3,-1192,1883,1,2.17,-0.70,4624,1,2.17,-0.70,4624
2026-05-09 16:09:37,1,1,1,2228.6,-16,-32.3,-1192,1883,1,0.00,0.00,0,0,0.00,0.00,0
2026-05-09 16:09:37,1,1,1,2130.8,-16,-31.5,-1113,1817,1,0.00,0.00,0,0,0.00,0.00,0
2026-05-09 16:09:37,1,1,1,2130.8,-16,-31.5,-1113,1817,1,0.00,0.00,0,0,0.00,0.00,0
2026-05-09 16:09:37,1,1,1,2054.7,-16,-30.2,-1035,1775,1,0.00,0.00,0,0,0.00,0.00,0
2026-05-09 16:09:37,1,1,1,2054.7,-16,-30.2,-1035,1775,1,0.00,0.00,0,0,0.00,0.00,0
2026-05-09 16:09:37,1,1,1,1992.7,-16,-28.6,-955,1749,0,0.00,0.00,0,0,0.00,0.00,0
2026-05-09 16:09:37,1,1,1,1944.0,-16,-26.7,-875,1736,0,0.00,0.00,0,0,0.00,0.00,0
2026-05-09 16:09:37,1,1,1,1944.0,-16,-26.7,-875,1736,0,0.00,0.00,0,1,3.21,0.00,3965
2026-05-09 16:09:37,1,1,1,1909.0,-32,-24.6,-794,1736,0,0.00,0.00,0,1,3.21,0.00,3965
2026-05-09 16:09:37,1,1,1,1909.0,-32,-24.6,-794,1736,1,3.21,0.00,3965,1,3.21,0.00,3965
2026-05-09 16:09:37,1,1,1,1868.3,-24,-22.7,-720,1724,1,3.21,0.00,3965,1,3.21,0.00,3965
2026-05-09 16:09:37,1,1,1,1868.3,-24,-22.7,-720,1724,1,3.23,0.00,1960,1,3.23,0.00,1960
2026-05-09 16:09:37,1,1,1,1839.5,-8,-20.6,-647,1722,1,3.23,0.00,1960,1,3.23,0.00,1960
2026-05-09 16:09:38,1,1,1,1839.5,-8,-20.6,-647,1722,1,3.23,0.00,1960,1,3.23,0.00,1960
2026-05-09 16:09:38,1,1,1,1785.4,-24,-18.6,-570,1692,1,3.23,0.00,1960,1,3.23,0.00,1960
2026-05-09 16:09:38,1,1,1,1731.7,-24,-16.5,-493,1660,1,2.63,-0.18,11965,1,2.63,-0.18,11965
2026-05-09 16:09:38,1,1,1,1731.7,-24,-16.5,-493,1660,1,2.63,-0.18,11965,1,2.63,-0.18,11965
2026-05-09 16:09:38,1,1,1,1686.1,0,-14.3,-416,1634,1,2.79,-0.10,5440,1,2.79,-0.10,5440
2026-05-09 16:09:38,1,1,1,1686.1,0,-14.3,-416,1634,1,2.79,-0.10,5440,1,2.79,-0.10,5440
2026-05-09 16:09:38,1,1,1,1643.8,0,-12.0,-341,1608,1,2.58,-0.08,32320,1,2.58,-0.08,32320
2026-05-09 16:09:38,1,1,1,1643.8,0,-12.0,-341,1608,1,2.58,-0.08,32320,1,2.58,-0.08,32320
2026-05-09 16:09:38,1,1,1,1604.4,32,-8.9,-249,1585,1,2.44,-0.06,23514,1,2.44,-0.06,23514
2026-05-09 16:09:38,1,1,1,1577.4,39,-5.6,-153,1570,1,2.44,-0.06,23514,1,2.44,-0.06,23514
2026-05-09 16:09:38,1,1,1,1577.4,39,-5.6,-153,1570,1,2.43,-0.06,23514,1,2.43,-0.06,23514
2026-05-09 16:09:38,1,1,1,1560.0,39,-2.1,-56,1559,1,2.43,-0.06,23514,1,2.43,-0.06,23514
2026-05-09 16:09:38,1,1,1,1560.0,39,-2.1,-56,1559,1,2.33,-0.05,28541,1,2.33,-0.05,28541
2026-05-09 16:09:38,1,1,1,1579.2,24,1.0,28,1579,1,2.33,-0.05,28541,1,2.33,-0.05,28541
2026-05-09 16:09:38,1,1,1,1579.2,24,1.0,28,1579,1,2.29,-0.02,16441,1,2.29,-0.02,16441
2026-05-09 16:09:38,1,1,1,1624.5,0,3.7,106,1621,1,2.29,-0.02,16441,1,2.29,-0.02,16441
2026-05-09 16:09:38,1,1,1,1624.5,0,3.7,106,1621,1,2.29,-0.02,16441,1,2.29,-0.02,16441
2026-05-09 16:09:38,1,1,1,1651.9,16,5.6,161,1644,1,2.29,-0.02,16441,1,2.29,-0.02,16441
2026-05-09 16:09:38,1,1,1,1696.8,8,7.0,208,1684,1,2.45,0.08,2197,1,2.45,0.08,2197
2026-05-09 16:09:38,1,1,1,1696.8,8,7.0,208,1684,1,2.45,0.08,2197,1,2.45,0.08,2197
2026-05-09 16:09:39,1,1,1,1711.1,8,8.6,255,1692,1,2.57,0.15,3370,1,2.57,0.15,3370
2026-05-09 16:09:39,1,1,1,1711.1,8,8.6,255,1692,1,2.57,0.15,3370,1,2.57,0.15,3370
2026-05-09 16:09:39,1,1,1,1700.2,16,11.0,324,1669,1,2.58,0.15,3370,1,2.58,0.15,3370
2026-05-09 16:09:39,1,1,1,1700.2,16,11.0,324,1669,1,2.58,0.15,3370,1,2.58,0.15,3370
2026-05-09 16:09:39,1,1,1,1711.6,16,13.7,405,1663,1,2.53,0.12,3869,1,2.53,0.12,3869
2026-05-09 16:09:39,1,1,1,1714.9,16,16.5,488,1644,1,-1.29,-0.01,65535,1,-1.29,-0.01,65535
2026-05-09 16:09:39,1,1,1,1714.9,16,16.5,488,1644,1,2.63,0.16,1921,1,2.63,0.16,1921
2026-05-09 16:09:39,1,1,1,1721.2,24,19.4,573,1623,1,2.63,0.16,1921,1,2.63,0.16,1921
2026-05-09 16:09:39,1,1,1,1721.2,24,19.4,573,1623,1,2.57,0.13,2005,1,2.57,0.13,2005
2026-05-09 16:09:39,1,1,1,1739.2,24,21.9,648,1614,1,2.57,0.13,2005,1,2.57,0.13,2005
2026-05-09 16:09:39,1,1,1,1739.2,24,21.9,648,1614,1,2.53,0.11,12874,1,2.53,0.11,12874
2026-05-09 16:09:39,1,1,1,1751.6,39,24.1,715,1599,1,2.53,0.11,12874,1,2.53,0.11,12874
2026-05-09 16:09:39,1,1,1,1751.6,39,24.1,715,1599,1,2.50,0.12,13525,1,2.50,0.12,13525
2026-05-09 16:09:39,1,1,1,1768.8,48,26.0,775,1590,1,2.50,0.12,13525,1,2.50,0.12,13525
2026-05-09 16:09:39,1,1,1,1783.8,39,27.7,828,1580,1,2.51,0.12,13525,1,2.51,0.12,13525
2026-05-09 16:09:39,1,1,1,1783.8,39,27.7,828,1580,1,2.51,0.12,13525,1,2.51,0.12,13525
2026-05-09 16:09:39,1,1,1,1806.4,32,28.5,861,1588,1,2.51,0.12,13525,1,2.51,0.12,13525
2026-05-09 16:09:39,1,1,1,1806.4,32,28.5,861,1588,1,2.51,0.12,13525,1,2.51,0.12,13525
2026-05-09 16:09:39,1,1,1,1831.2,32,29.0,887,1602,1,2.51,0.12,13525,1,2.51,0.12,13525
2026-05-09 16:09:39,1,1,1,1831.2,32,29.0,887,1602,1,2.51,0.12,13525,1,2.51,0.12,13525
2026-05-09 16:09:40,1,1,1,1869.1,8,29.5,920,1627,1,2.51,0.12,13525,1,2.51,0.12,13525
2026-05-09 16:09:40,1,1,1,1869.1,8,29.5,920,1627,1,2.51,0.12,13525,1,2.51,0.12,13525
2026-05-09 16:09:40,1,1,1,1891.0,0,30.0,945,1638,1,2.51,0.12,13525,1,2.51,0.12,13525
2026-05-09 16:09:40,1,1,1,1930.4,-8,30.6,982,1662,1,2.51,0.12,13525,1,2.51,0.12,13525
2026-05-09 16:09:40,1,1,1,1930.4,-8,30.6,982,1662,1,2.51,0.12,13525,1,2.51,0.12,13525
2026-05-09 16:09:40,1,1,1,1956.8,-16,31.1,1010,1676,1,2.51,0.12,13525,1,2.51,0.12,13525
2026-05-09 16:09:40,1,1,1,1956.8,-16,31.1,1010,1676,1,2.51,0.12,13525,1,2.51,0.12,13525
2026-05-09 16:09:40,1,1,1,1972.6,-16,31.7,1037,1678,1,0.00,0.00,0,0,0.00,0.00,0
2026-05-09 16:09:40,1,1,1,1972.6,-16,31.7,1037,1678,1,0.00,0.00,0,0,0.00,0.00,0
2026-05-09 16:09:40,1,1,1,1990.6,-32,32.0,1055,1688,1,0.00,0.00,0,0,0.00,0.00,0
2026-05-09 16:09:40,1,1,1,1997.8,-24,32.0,1059,1694,1,0.00,0.00,0,0,0.00,0.00,0
2026-05-09 16:09:40,1,1,1,1997.8,-24,32.0,1059,1694,1,0.00,0.00,0,0,0.00,0.00,0
2026-05-09 16:09:40,1,1,1,2004.8,-8,32.0,1061,1701,0,0.00,0.00,0,0,0.00,0.00,0
2026-05-09 16:09:40,1,1,1,2004.8,-8,32.0,1061,1701,0,0.00,0.00,0,0,0.00,0.00,0
2026-05-09 16:09:40,1,1,1,2006.3,-8,31.9,1059,1704,0,0.00,0.00,0,1,2.01,-0.17,13381
2026-05-09 16:09:40,1,1,1,2006.3,-8,31.9,1059,1704,0,0.00,0.00,0,1,2.01,-0.17,13381
2026-05-09 16:09:40,1,1,1,2000.2,-16,31.8,1054,1700,1,1.99,-0.17,13381,1,1.99,-0.17,13381
2026-05-09 16:09:40,1,1,1,2000.2,-16,31.8,1054,1700,1,1.99,-0.17,13381,1,1.99,-0.17,13381
2026-05-09 16:09:40,1,1,1,1996.1,-24,31.8,1051,1697,1,1.99,-0.17,13381,1,1.99,-0.17,13381
2026-05-09 16:09:40,1,1,1,1993.2,0,31.9,1052,1693,1,1.99,-0.17,13381,1,1.99,-0.17,13381
2026-05-09 16:09:41,1,1,1,1993.2,0,31.9,1052,1693,1,1.99,-0.17,13381,1,1.99,-0.17,13381
2026-05-09 16:09:41,1,1,1,1988.5,-32,31.9,1051,1688,1,1.99,-0.17,13381,1,1.99,-0.17,13381
2026-05-09 16:09:41,1,1,1,1988.5,-32,31.9,1051,1688,1,1.99,-0.17,13381,1,1.99,-0.17,13381
2026-05-09 16:09:41,1,1,1,1982.1,-39,31.9,1047,1683,1,1.99,-0.17,13381,1,1.99,-0.17,13381
2026-05-09 16:09:41,1,1,1,1982.1,-39,31.9,1047,1683,1,1.78,-0.46,9965,1,1.78,-0.46,9965
2026-05-09 16:09:41,1,1,1,1973.8,-48,31.8,1041,1677,1,1.78,-0.46,9965,1,1.78,-0.46,9965
2026-05-09 16:09:41,1,1,1,1969.0,-16,31.7,1035,1675,1,1.73,-0.46,9965,1,1.73,-0.46,9965
2026-05-09 16:09:41,1,1,1,1969.0,-16,31.7,1035,1675,1,1.73,-0.46,9965,1,1.73,-0.46,9965
2026-05-09 16:09:41,1,1,1,1961.0,-24,31.6,1028,1670,1,1.72,-0.42,11009,1,1.72,-0.42,11009
2026-05-09 16:09:41,1,1,1,1961.0,-24,31.6,1028,1670,1,1.72,-0.42,11009,1,1.72,-0.42,11009
2026-05-09 16:09:41,1,1,1,1951.6,-24,31.6,1023,1662,1,1.71,-0.36,47969,1,1.71,-0.36,47969
2026-05-09 16:09:41,1,1,1,1951.6,-24,31.6,1023,1662,1,1.71,-1.64,47969,1,1.71,-1.64,47969
2026-05-09 16:09:41,1,1,1,1940.8,-16,31.6,1017,1653,1,1.67,-0.36,47969,1,1.67,-0.36,47969
2026-05-09 16:09:41,1,1,1,1940.8,-16,31.6,1017,1653,1,1.67,-0.36,24929,1,1.67,-0.36,24929
2026-05-09 16:09:41,1,1,1,1933.1,-16,31.6,1012,1647,1,1.67,-0.36,24929,1,1.67,-0.36,24929
2026-05-09 16:09:41,1,1,1,1923.8,-8,31.5,1004,1641,1,1.67,-0.36,24929,1,1.67,-0.36,24929
2026-05-09 16:09:41,1,1,1,1923.8,-8,31.5,1004,1641,1,1.67,-0.36,24929,1,1.67,-0.36,24929
2026-05-09 16:09:41,1,1,1,1911.5,0,31.3,992,1634,1,1.67,-0.36,24929,1,1.67,-0.36,24929
2026-05-09 16:09:41,1,1,1,1911.5,0,31.3,992,1634,1,1.67,-0.36,24929,1,1.67,-0.36,24929
2026-05-09 16:09:41,1,1,1,1897.1,0,30.9,974,1628,1,1.67,-0.36,24929,1,1.67,-0.36,24929
2026-05-09 16:09:42,1,1,1,1897.1,0,30.9,974,1628,1,1.67,-0.36,24929,1,1.67,-0.36,24929
2026-05-09 16:09:42,1,1,1,1881.6,32,30.4,952,1623,1,1.67,-0.36,24929,1,1.67,-0.36,24929
2026-05-09 16:09:42,1,1,1,1835.4,16,28.8,883,1609,1,1.67,-0.36,24929,1,1.67,-0.36,24929
2026-05-09 16:09:42,1,1,1,1835.4,16,28.8,883,1609,1,1.67,-0.36,24929,1,1.67,-0.36,24929
2026-05-09 16:09:42,1,1,1,1800.0,-8,26.7,809,1608,1,1.67,-0.36,24929,1,1.67,-0.36,24929
2026-05-09 16:09:42,1,1,1,1800.0,-8,26.7,809,1608,1,0.00,0.00,0,0,0.00,0.00,0
2026-05-09 16:09:42,1,1,1,1747.4,-16,23.0,684,1608,1,1.75,0.00,15997,1,1.75,0.00,15997
2026-05-09 16:09:42,1,1,1,1747.4,-16,23.0,684,1608,1,1.75,0.00,15997,1,1.75,0.00,15997
2026-05-09 16:09:42,1,1,1,1713.0,-16,19.5,571,1615,1,1.75,0.00,11600,1,1.75,0.00,11600
2026-05-09 16:09:42,1,1,1,1713.0,-16,19.5,571,1615,1,1.75,0.00,11600,1,1.75,0.00,11600
2026-05-09 16:09:42,1,1,1,1692.2,-16,16.2,472,1625,1,1.66,-0.08,13796,1,1.66,-0.08,13796
2026-05-09 16:09:42,1,1,1,1653.2,-8,13.0,371,1611,1,1.66,-0.08,13796,1,1.66,-0.08,13796
2026-05-09 16:09:42,1,1,1,1653.2,-8,13.0,371,1611,1,2.06,0.00,6130,1,2.06,0.00,6130
2026-05-09 16:09:42,1,1,1,1611.1,8,9.5,266,1589,1,2.06,0.00,6130,1,2.06,0.00,6130
2026-05-09 16:09:42,1,1,1,1611.1,8,9.5,266,1589,1,2.00,0.03,7361,1,2.00,0.03,7361
2026-05-09 16:09:42,1,1,1,1572.6,8,6.0,164,1564,1,2.00,0.03,7361,1,2.00,0.03,7361
2026-05-09 16:09:42,1,1,1,1572.6,8,6.0,164,1564,1,1.93,0.06,10993,1,1.93,0.06,10993
2026-05-09 16:09:42,1,1,1,1539.6,8,2.6,71,1538,1,1.93,0.06,0,1,1.93,0.06,0
2026-05-09 16:09:42,1,1,1,1546.0,24,-0.3,-7,1546,1,1.92,0.08,17865,1,1.92,0.08,17865
2026-05-09 16:09:42,1,1,1,1546.0,24,-0.3,-7,1546,1,1.92,0.08,17865,1,1.92,0.08,17865
2026-05-09 16:09:43,1,1,1,1555.7,39,-3.4,-91,1553,1,1.92,0.14,59321,1,1.92,0.14,59321
2026-05-09 16:09:43,1,1,1,1555.7,39,-3.4,-91,1553,1,1.92,0.14,59321,1,1.92,0.14,59321
2026-05-09 16:09:43,1,1,1,1571.0,39,-6.5,-177,1561,1,1.92,0.18,42436,1,1.92,0.18,42436
2026-05-09 16:09:43,1,1,1,1571.0,39,-6.5,-177,1561,1,1.92,0.18,42436,1,1.92,0.18,42436
2026-05-09 16:09:43,1,1,1,1591.4,32,-9.2,-254,1571,1,2.10,0.25,1277,1,2.10,0.25,1277
2026-05-09 16:09:43,1,1,1,1591.4,32,-9.2,-254,1571,1,2.10,0.25,65405,1,2.10,0.25,65405
2026-05-09 16:09:43,1,1,1,1615.6,32,-11.7,-328,1582,1,2.25,0.29,2218,1,2.25,0.29,2218
2026-05-09 16:09:43,1,1,1,1638.8,24,-14.3,-405,1588,1,2.25,0.29,2218,1,2.25,0.29,2218
2026-05-09 16:09:43,1,1,1,1638.8,24,-14.3,-405,1588,1,2.23,0.27,5317,1,2.23,0.27,5317
2026-05-09 16:09:43,1,1,1,1665.4,24,-16.7,-479,1595,1,2.23,0.27,5317,1,2.23,0.27,5317
2026-05-09 16:09:43,1,1,1,1665.4,24,-16.7,-479,1595,1,2.25,0.27,5317,1,2.25,0.27,5317
2026-05-09 16:09:43,1,1,1,1681.9,24,-19.3,-557,1587,1,2.25,0.27,5317,1,2.25,0.27,5317
2026-05-09 16:09:43,1,1,1,1681.9,24,-19.3,-557,1587,1,2.25,0.25,16442,1,2.25,0.25,16442
2026-05-09 16:09:43,1,1,1,1710.3,32,-21.8,-635,1588,1,2.25,0.25,16442,1,2.25,0.25,16442
2026-05-09 16:09:43,1,1,1,1743.8,16,-23.9,-707,1594,1,2.27,0.25,16442,1,2.27,0.25,16442
2026-05-09 16:09:43,1,1,1,1743.8,16,-23.9,-707,1594,1,2.27,0.25,16442,1,2.27,0.25,16442
2026-05-09 16:09:43,1,1,1,1762.6,24,-26.0,-773,1584,1,2.42,0.29,1108,1,2.42,0.29,1108
2026-05-09 16:09:43,1,1,1,1762.6,24,-26.0,-773,1584,1,2.42,0.29,1108,1,2.42,0.29,1108
2026-05-09 16:09:43,1,1,1,1787.6,0,-28.0,-840,1578,1,2.45,0.29,1108,1,2.45,0.29,1108
2026-05-09 16:09:43,1,1,1,1787.6,0,-28.0,-840,1578,1,2.45,0.29,1108,1,2.45,0.29,1108
2026-05-09 16:09:44,1,1,1,1795.7,16,-29.7,-891,1559,1,2.45,0.29,1108,1,2.45,0.29,1108
2026-05-09 16:09:44,1,1,1,1795.7,16,-29.7,-891,1559,0,0.00,0.00,0,1,2.45,0.29,1108
2026-05-09 16:09:44,1,1,1,1805.7,32,-31.3,-938,1543,0,0.00,0.00,0,1,2.45,0.29,1108
2026-05-09 16:09:44,1,1,1,1825.0,32,-32.6,-984,1537,0,0.00,0.00,0,1,2.45,0.29,1108
2026-05-09 16:09:44,1,1,1,1825.0,32,-32.6,-984,1537,0,0.00,0.00,0,1,2.02,0.47,6866
2026-05-09 16:09:44,1,1,1,1854.9,32,-33.9,-1034,1540,0,0.00,0.00,0,1,2.02,0.47,6866
2026-05-09 16:09:44,1,1,1,1854.9,32,-33.9,-1034,1540,1,2.07,0.47,6866,1,2.07,0.47,6866
2026-05-09 16:09:44,1,1,1,1884.7,16,-35.1,-1085,1541,1,2.07,0.47,6866,1,2.07,0.47,6866
2026-05-09 16:09:44,1,1,1,1884.7,16,-35.1,-1085,1541,1,2.07,0.47,6866,1,2.07,0.47,6866
2026-05-09 16:09:44,1,1,1,1917.5,39,-35.8,-1122,1555,1,2.07,0.47,6866,1,2.07,0.47,6866
2026-05-09 16:09:44,1,1,1,1917.5,39,-35.8,-1122,1555,1,2.07,0.47,6866,1,2.07,0.47,6866
2026-05-09 16:09:44,1,1,1,1942.0,-8,-36.6,-1158,1559,1,2.07,0.47,6866,1,2.07,0.47,6866
2026-05-09 16:09:44,1,1,1,1963.8,24,-36.7,-1173,1575,1,2.07,0.47,6866,1,2.07,0.47,6866
2026-05-09 16:09:44,1,1,1,1963.8,24,-36.7,-1173,1575,1,2.07,0.47,6866,1,2.07,0.47,6866
2026-05-09 16:09:44,1,1,1,1980.6,-24,-37.2,-1197,1578,1,2.07,0.47,6866,1,2.07,0.47,6866
2026-05-09 16:09:44,1,1,1,1980.6,-24,-37.2,-1197,1578,1,2.07,0.47,6866,1,2.07,0.47,6866
2026-05-09 16:09:44,1,1,1,1985.7,-24,-37.3,-1204,1579,1,2.07,0.47,6866,1,2.07,0.47,6866
2026-05-09 16:09:44,1,1,1,1985.7,-24,-37.3,-1204,1579,1,2.07,0.47,6866,1,2.07,0.47,6866
2026-05-09 16:09:44,1,1,1,1985.3,-32,-37.6,-1210,1574,1,2.07,0.47,6866,1,2.07,0.47,6866
2026-05-09 16:09:44,1,1,1,1977.9,-24,-37.8,-1212,1563,1,0.00,0.00,0,0,0.00,0.00,0
2026-05-09 16:09:45,1,1,1,1977.9,-24,-37.8,-1212,1563,1,0.00,0.00,0,0,0.00,0.00,0
2026-05-09 16:09:45,1,1,1,1960.8,-48,-38.3,-1215,1539,1,0.00,0.00,0,0,0.00,0.00,0
2026-05-09 16:09:45,1,1,1,1960.8,-48,-38.3,-1215,1539,1,1.99,-0.36,24736,1,1.99,-0.36,24736
2026-05-09 16:09:45,1,1,1,1939.2,-48,-38.9,-1218,1509,1,1.99,-0.36,24736,1,1.99,-0.36,24736
2026-05-09 16:09:45,1,1,1,1939.2,-48,-38.9,-1218,1509,1,1.96,-0.36,24736,1,1.96,-0.36,24736
2026-05-09 16:09:45,1,1,1,1924.6,-39,-39.0,-1212,1495,1,1.96,-0.36,24736,1,1.96,-0.36,24736
2026-05-09 16:09:45,1,1,1,1924.6,-39,-39.0,-1212,1495,1,1.96,-0.36,24736,1,1.96,-0.36,24736
2026-05-09 16:09:45,1,1,1,1921.1,-39,-39.0,-1209,1493,1,1.96,-0.36,24736,1,1.96,-0.36,24736
2026-05-09 16:09:45,1,1,1,1915.0,-48,-38.9,-1203,1490,1,1.96,-0.36,24736,1,1.96,-0.36,24736
2026-05-09 16:09:45,1,1,1,1915.0,-48,-38.9,-1203,1490,1,1.96,-0.36,24736,1,1.96,-0.36,24736
2026-05-09 16:09:45,1,1,1,1906.7,-48,-38.7,-1191,1489,1,1.96,-0.36,24736,1,1.96,-0.36,24736
2026-05-09 16:09:45,1,1,1,1906.7,-48,-38.7,-1191,1489,1,1.96,-0.36,24736,1,1.96,-0.36,24736
2026-05-09 16:09:45,1,1,1,1895.5,-48,-38.4,-1178,1485,1,1.74,-0.47,21845,1,1.74,-0.47,21845
2026-05-09 16:09:45,1,1,1,1895.5,-48,-38.4,-1178,1485,1,1.74,-0.47,21845,1,1.74,-0.47,21845
2026-05-09 16:09:45,1,1,1,1883.7,-39,-38.2,-1164,1481,1,1.70,-0.47,21845,1,1.70,-0.47,21845
2026-05-09 16:09:45,1,1,1,1871.5,-24,-37.8,-1148,1478,1,1.70,-0.47,21845,1,1.70,-0.47,21845
2026-05-09 16:09:45,1,1,1,1871.5,-24,-37.8,-1148,1478,1,2.81,-0.36,593,1,2.81,-0.36,593
2026-05-09 16:09:45,1,1,1,1857.1,-32,-37.5,-1131,1473,1,2.81,-0.36,593,1,2.81,-0.36,593
2026-05-09 16:09:45,1,1,1,1857.1,-32,-37.5,-1131,1473,1,2.77,-0.36,593,1,2.77,-0.36,593
2026-05-09 16:09:45,1,1,1,1841.4,-32,-37.2,-1113,1467,1,2.77,-0.36,593,1,2.77,-0.36,593
2026-05-09 16:09:46,1,1,1,1841.4,-32,-37.2,-1113,1467,1,2.97,-0.19,2269,1,2.97,-0.19,2269
2026-05-09 16:09:46,1,1,1,1826.6,-8,-36.7,-1091,1465,0,0.00,0.00,0,1,2.97,-0.19,2269
2026-05-09 16:09:46,1,1,1,1826.6,-8,-36.7,-1091,1465,0,0.00,0.00,0,1,2.95,-0.19,2269
2026-05-09 16:09:46,1,1,1,1813.6,8,-36.0,-1065,1468,0,0.00,0.00,0,1,2.95,-0.19,2269
2026-05-09 16:09:46,1,1,1,1799.8,0,-35.2,-1037,1471,0,0.00,0.00,0,1,2.95,-0.19,2269
2026-05-09 16:09:46,1,1,1,1799.8,0,-35.2,-1037,1471,0,0.00,0.00,0,1,2.95,-0.19,2269
2026-05-09 16:09:46,1,1,1,1761.4,0,-32.8,-955,1480,0,0.00,0.00,0,1,2.95,-0.19,2269
2026-05-09 16:09:46,1,1,1,1761.4,0,-32.8,-955,1480,0,0.00,0.00,0,1,2.95,-0.19,2269
2026-05-09 16:09:46,1,1,1,1749.4,0,-32.0,-928,1483,0,0.00,0.00,0,1,2.95,-0.19,2269
2026-05-09 16:09:46,1,1,1,1749.4,0,-32.0,-928,1483,0,0.00,0.00,0,1,2.95,-0.19,2269
2026-05-09 16:09:46,1,1,1,1738.9,0,-31.3,-903,1486,0,0.00,0.00,0,1,3.18,0.03,4517
2026-05-09 16:09:46,1,1,1,1728.6,0,-30.5,-878,1489,0,0.00,0.00,0,1,3.18,0.03,4517
2026-05-09 16:09:46,1,1,1,1728.6,0,-30.5,-878,1489,1,3.18,0.03,4517,1,3.18,0.03,4517
2026-05-09 16:09:46,1,1,1,1717.9,0,-29.6,-848,1494,1,3.18,0.03,4517,1,3.18,0.03,4517
2026-05-09 16:09:46,1,1,1,1717.9,0,-29.6,-848,1494,1,3.22,0.03,2826,1,3.22,0.03,2826
2026-05-09 16:09:46,1,1,1,1691.4,0,-26.8,-762,1510,1,3.22,0.03,2826,1,3.22,0.03,2826
2026-05-09 16:09:46,1,1,1,1691.4,0,-26.8,-762,1510,1,3.23,0.03,15705,1,3.23,0.03,15705
2026-05-09 16:09:46,1,1,1,1677.2,-8,-25.7,-728,1511,1,3.23,0.03,15705,1,3.23,0.03,15705
2026-05-09 16:09:46,1,1,1,1677.2,-8,-25.7,-728,1511,1,2.79,-0.03,17450,1,2.79,-0.03,17450
2026-05-09 16:09:46,1,1,1,1626.1,16,-22.5,-623,1502,1,2.79,-0.03,17450,1,2.79,-0.03,17450
2026-05-09 16:09:47,1,1,1,1577.8,16,-19.2,-519,1490,1,2.90,0.04,1780,1,2.90,0.04,1780
2026-05-09 16:09:47,1,1,1,1577.8,16,-19.2,-519,1490,1,2.90,0.04,1780,1,2.90,0.04,1780
2026-05-09 16:09:47,1,1,1,1504.7,24,-12.5,-326,1469,1,2.96,0.06,7354,1,2.96,0.06,7354
2026-05-09 16:09:47,1,1,1,1504.7,24,-12.5,-326,1469,1,2.96,0.06,7354,1,2.96,0.06,7354
2026-05-09 16:09:47,1,1,1,1454.4,39,-5.4,-136,1448,1,3.02,0.10,7940,1,3.02,0.10,7940
2026-05-09 16:09:47,1,1,1,1454.4,39,-5.4,-136,1448,1,3.02,0.10,7940,1,3.02,0.10,7940
2026-05-09 16:09:47,1,1,1,1436.5,48,1.5,37,1436,1,3.03,0.10,7940,1,3.03,0.10,7940
2026-05-09 16:09:47,1,1,1,1450.6,39,6.9,175,1440,1,3.03,0.10,7940,1,3.03,0.10,7940
2026-05-09 16:09:47,1,1,1,1450.6,39,6.9,175,1440,1,2.87,0.08,15725,1,2.87,0.08,15725
2026-05-09 16:09:47,1,1,1,1481.9,32,11.7,301,1451,1,2.87,0.08,15725,1,2.87,0.08,15725
2026-05-09 16:09:47,1,1,1,1481.9,32,11.7,301,1451,1,2.94,0.12,1466,1,2.94,0.12,1466
2026-05-09 16:09:47,1,1,1,1518.0,32,15.5,405,1463,1,2.94,0.12,1466,1,2.94,0.12,1466
2026-05-09 16:09:47,1,1,1,1518.0,32,15.5,405,1463,1,2.95,0.12,1466,1,2.95,0.12,1466
2026-05-09 16:09:47,1,1,1,1554.0,39,18.7,498,1472,1,2.95,0.12,1466,1,2.95,0.12,1466
2026-05-09 16:09:47,1,1,1,1554.0,39,18.7,498,1472,1,2.95,0.12,1466,1,2.95,0.12,1466
2026-05-09 16:09:47,1,1,1,1583.1,48,21.7,585,1471,0,0.00,0.00,0,1,2.95,0.12,1466
2026-05-09 16:09:47,1,1,1,1625.2,16,23.9,658,1486,0,0.00,0.00,0,1,2.95,0.12,1466
2026-05-09 16:09:47,1,1,1,1625.2,16,23.9,658,1486,0,0.00,0.00,0,1,2.95,0.12,1466
2026-05-09 16:09:47,1,1,1,1664.8,32,25.6,720,1501,0,0.00,0.00,0,1,2.95,0.12,1466
2026-05-09 16:09:47,1,1,1,1664.8,32,25.6,720,1501,0,0.00,0.00,0,1,2.95,0.12,1466
2026-05-09 16:09:48,1,1,1,1698.4,48,27.8,791,1503,0,0.00,0.00,0,1,2.95,0.12,1466
2026-05-09 16:09:48,1,1,1,1698.4,48,27.8,791,1503,0,0.00,0.00,0,1,2.95,0.12,1466
2026-05-09 16:09:48,1,1,1,1752.9,16,29.6,866,1524,0,0.00,0.00,0,1,2.95,0.12,1466
2026-05-09 16:09:48,1,1,1,1821.2,8,30.5,923,1570,0,0.00,0.00,0,1,2.95,0.12,1466
2026-05-09 16:09:48,1,1,1,1821.2,8,30.5,923,1570,0,0.00,0.00,0,1,2.95,0.12,1466
2026-05-09 16:09:48,1,1,1,1887.1,64,31.5,986,1609,0,0.00,0.00,0,0,0.00,0.00,0
2026-05-09 16:09:48,1,1,1,1887.1,64,31.5,986,1609,0,0.00,0.00,0,0,0.00,0.00,0
2026-05-09 16:09:48,1,1,1,1919.2,56,34.5,1088,1581,0,0.00,0.00,0,0,0.00,0.00,0
2026-05-09 16:09:48,1,1,1,1919.2,56,34.5,1088,1581,0,0.00,0.00,0,0,0.00,0.00,0
2026-05-09 16:09:48,1,1,1,1940.0,48,37.2,1172,1546,0,0.00,0.00,0,0,0.00,0.00,0
2026-05-09 16:09:48,1,1,1,1940.0,48,37.2,1172,1546,0,0.00,0.00,0,1,2.25,0.49,15205
2026-05-09 16:09:48,1,1,1,1969.6,48,39.2,1244,1527,0,0.00,0.00,0,1,2.25,0.49,15205
2026-05-09 16:09:48,1,1,1,1999.7,48,40.7,1304,1516,1,2.27,0.48,37325,1,2.27,0.48,37325
2026-05-09 16:09:48,1,1,1,1999.7,48,40.7,1304,1516,1,2.27,0.48,37325,1,2.27,0.48,37325
2026-05-09 16:09:48,1,1,1,2032.4,16,41.2,1339,1529,1,2.32,0.48,37325,1,2.32,0.48,37325
2026-05-09 16:09:48,1,1,1,2032.4,16,41.2,1339,1529,1,2.32,0.48,37325,1,2.32,0.48,37325
2026-05-09 16:09:48,1,1,1,2066.1,48,41.7,1374,1543,1,2.32,0.48,37325,1,2.32,0.48,37325
2026-05-09 16:09:48,1,1,1,2066.1,48,41.7,1374,1543,1,2.32,0.48,37325,1,2.32,0.48,37325
2026-05-09 16:09:48,1,1,1,2110.5,104,42.5,1427,1555,1,2.32,0.48,37325,1,2.32,0.48,37325
2026-05-09 16:09:48,1,1,1,2110.5,104,42.5,1427,1555,1,2.32,0.48,37325,1,2.32,0.48,37325
2026-05-09 16:09:49,1,1,1,2138.3,24,42.9,1456,1566,1,2.32,0.48,37325,1,2.32,0.48,37325
2026-05-09 16:09:49,1,1,1,2173.6,24,42.5,1469,1602,1,2.32,0.48,37325,1,2.32,0.48,37325
2026-05-09 16:09:49,1,1,1,2173.6,24,42.5,1469,1602,1,2.32,0.48,37325,1,2.32,0.48,37325
2026-05-09 16:09:49,1,1,1,2199.8,16,42.1,1475,1632,1,2.32,0.48,37325,1,2.32,0.48,37325
2026-05-09 16:09:49,1,1,1,2199.8,16,42.1,1475,1632,1,2.29,0.22,2122,1,2.29,0.22,2122
2026-05-09 16:09:49,1,1,1,2214.2,24,42.3,1491,1637,1,2.29,0.22,2122,1,2.29,0.22,2122
2026-05-09 16:09:49,1,1,1,2214.2,24,42.3,1491,1637,1,2.32,0.22,2122,1,2.32,0.22,2122
2026-05-09 16:09:49,1,1,1,2217.3,0,42.2,1489,1643,1,2.32,0.22,2122,1,2.32,0.22,2122
2026-05-09 16:09:49,1,1,1,2219.7,-8,42.1,1487,1648,1,2.32,0.22,2122,1,2.32,0.22,2122
2026-05-09 16:09:49,1,1,1,2219.7,-8,42.1,1487,1648,0,0.00,0.00,0,1,2.32,0.22,2122
2026-05-09 16:09:49,1,1,1,2219.7,-16,41.7,1477,1657,0,0.00,0.00,0,1,2.32,0.22,2122
2026-05-09 16:09:49,1,1,1,2219.7,-16,41.7,1477,1657,0,0.00,0.00,0,1,2.32,0.22,2122
2026-05-09 16:09:49,1,1,1,2218.7,-32,41.3,1463,1668,0,0.00,0.00,0,1,2.26,-0.23,12809
2026-05-09 16:09:49,1,1,1,2218.7,-32,41.3,1463,1668,0,0.00,0.00,0,1,2.26,-0.23,12809
2026-05-09 16:09:49,1,1,1,2212.5,8,40.9,1449,1672,1,2.24,-0.23,12809,1,2.24,-0.23,12809
2026-05-09 16:09:49,1,1,1,2212.5,8,40.9,1449,1672,1,2.24,-0.23,12809,1,2.24,-0.23,12809
2026-05-09 16:09:49,1,1,1,2206.0,-48,40.2,1425,1684,1,2.22,-0.33,8377,1,2.22,-0.33,8377
2026-05-09 16:09:49,1,1,1,2193.2,-79,39.6,1399,1689,1,2.22,-0.33,8377,1,2.22,-0.33,8377
2026-05-09 16:09:49,1,1,1,2193.2,-79,39.6,1399,1689,1,2.16,-0.38,9946,1,2.16,-0.38,9946
2026-05-09 16:09:49,1,1,1,2185.4,-32,38.9,1372,1701,1,2.16,-0.38,9946,1,2.16,-0.38,9946
2026-05-09 16:09:50,1,1,1,2185.4,-32,38.9,1372,1701,1,2.12,-0.38,9946,1,2.12,-0.38,9946
2026-05-09 16:09:50,1,1,1,2172.7,-32,37.9,1334,1715,1,2.12,-0.38,9946,1,2.12,-0.38,9946
2026-05-09 16:09:50,1,1,1,2172.7,-32,37.9,1334,1715,1,2.12,-0.38,9946,1,2.12,-0.38,9946
2026-05-09 16:09:50,1,1,1,2151.2,-32,36.0,1265,1740,1,2.12,-0.38,9946,1,2.12,-0.38,9946
2026-05-09 16:09:50,1,1,1,2128.1,-32,35.0,1221,1743,1,2.12,-0.38,9946,1,2.12,-0.38,9946
2026-05-09 16:09:50,1,1,1,2128.1,-32,35.0,1221,1743,1,2.12,-0.38,9946,1,2.12,-0.38,9946
2026-05-09 16:09:50,1,1,1,2101.5,-16,33.8,1168,1747,1,2.12,-0.38,9946,1,2.12,-0.38,9946
2026-05-09 16:09:50,1,1,1,2101.5,-16,33.8,1168,1747,1,2.12,-0.38,9946,1,2.12,-0.38,9946
2026-05-09 16:09:50,1,1,1,2074.7,-24,32.3,1108,1754,1,2.12,-0.38,9946,1,2.12,-0.38,9946
2026-05-09 16:09:50,1,1,1,2074.7,-24,32.3,1108,1754,1,2.12,-0.38,9946,1,2.12,-0.38,9946
2026-05-09 16:09:50,1,1,1,2034.1,16,30.3,1025,1757,1,2.12,-0.38,9946,1,2.12,-0.38,9946
2026-05-09 16:09:50,1,1,1,2034.1,16,30.3,1025,1757,1,2.12,-0.38,9946,1,2.12,-0.38,9946
2026-05-09 16:09:50,1,1,1,1996.5,-16,27.9,935,1764,1,2.12,-0.38,9946,1,2.12,-0.38,9946
2026-05-09 16:09:50,1,1,1,1963.1,-16,25.6,849,1770,1,0.00,0.00,0,0,0.00,0.00,0
2026-05-09 16:09:50,1,1,1,1963.1,-16,25.6,849,1770,1,0.00,0.00,0,0,0.00,0.00,0
2026-05-09 16:09:50,1,1,1,1934.7,-24,23.3,765,1777,1,0.00,0.00,0,0,0.00,0.00,0
2026-05-09 16:09:50,1,1,1,1934.7,-24,23.3,765,1777,1,0.00,0.00,0,0,0.00,0.00,0
2026-05-09 16:09:50,1,1,1,1919.3,-24,21.1,690,1791,1,0.00,0.00,0,0,0.00,0.00,0
2026-05-09 16:09:50,1,1,1,1919.3,-24,21.1,690,1791,0,0.00,0.00,0,0,0.00,0.00,0
2026-05-09 16:09:50,1,1,1,1916.4,0,18.7,615,1815,0,0.00,0.00,0,0,0.00,0.00,0
2026-05-09 16:09:51,1,1,1,2066.2,0,14.0,499,2005,0,0.00,0.00,0,1,3.25,0.00,6632
2026-05-09 16:09:51,1,1,1,2066.2,0,14.0,499,2005,0,0.00,0.00,0,1,3.25,0.00,6632
2026-05-09 16:09:51,1,1,1,2210.7,0,9.9,379,2178,0,0.00,0.00,0,1,3.24,-0.06,1220
2026-05-09 16:09:51,1,1,1,2210.7,0,9.9,379,2178,0,0.00,0.00,0,1,3.24,-0.06,1220
2026-05-09 16:09:51,1,1,1,2182.6,8,7.7,292,2163,0,0.00,0.00,0,1,3.24,-0.06,1220
2026-05-09 16:09:51,1,1,1,2182.6,8,7.7,292,2163,0,0.00,0.00,0,1,3.24,-0.06,1220
2026-05-09 16:09:51,1,1,1,2141.6,-8,5.4,203,2132,0,0.00,0.00,0,1,3.24,-0.04,6845
2026-05-09 16:09:51,1,1,1,2141.6,-8,5.4,203,2132,0,0.00,0.00,0,1,3.24,-0.04,6845
2026-05-09 16:09:51,1,1,1,2201.2,0,3.1,118,2198,1,3.23,-0.04,6845,1,3.23,-0.04,6845
2026-05-09 16:09:51,1,1,1,2242.2,39,0.8,33,2242,1,3.23,-0.04,6845,1,3.23,-0.04,6845
2026-05-09 16:09:51,1,1,1,2242.2,39,0.8,33,2242,1,3.23,-0.04,6845,1,3.23,-0.04,6845
2026-05-09 16:09:51,1,1,1,2325.4,0,-1.1,-44,2325,1,3.23,-0.04,6845,1,3.23,-0.04,6845
2026-05-09 16:09:51,1,1,1,2325.4,0,-1.1,-44,2325,1,3.23,-0.04,6845,1,3.23,-0.04,6845
2026-05-09 16:09:51,1,1,1,2447.1,8,-2.9,-123,2444,1,3.23,-0.04,6845,1,3.23,-0.04,6845
2026-05-09 16:09:51,1,1,1,2447.1,8,-2.9,-123,2444,1,3.25,0.03,4640,1,3.25,0.03,4640
2026-05-09 16:09:51,1,1,1,2564.9,24,-4.5,-201,2557,1,3.25,0.03,4640,1,3.25,0.03,4640
2026-05-09 16:09:51,1,1,1,2505.5,8,-6.0,-260,2492,1,3.26,0.03,4640,1,3.26,0.03,4640
2026-05-09 16:09:51,1,1,1,2505.5,8,-6.0,-260,2492,1,3.26,0.03,4640,1,3.26,0.03,4640
2026-05-09 16:09:51,1,1,1,2411.9,8,-7.6,-317,2391,1,2.64,0.00,9722,1,2.64,0.00,9722
2026-05-09 16:09:51,1,1,1,2411.9,8,-7.6,-317,2391,1,2.64,0.00,9722,1,2.64,0.00,9722
2026-05-09 16:09:52,1,1,1,2320.8,0,-9.3,-377,2290,1,2.43,0.05,6920,1,2.43,0.05,6920
2026-05-09 16:09:52,1,1,1,2320.8,0,-9.3,-377,2290,1,2.43,0.05,6920,1,2.43,0.05,6920
2026-05-09 16:09:52,1,1,1,2424.6,0,-12.1,-507,2371,1,2.44,0.05,6920,1,2.44,0.05,6920
2026-05-09 16:09:52,1,1,1,2424.6,0,-12.1,-507,2371,1,2.44,0.05,6920,1,2.44,0.05,6920
2026-05-09 16:09:52,1,1,1,2535.1,8,-14.5,-636,2454,1,2.44,0.05,6920,1,2.44,0.05,6920
2026-05-09 16:09:52,1,1,1,2658.6,0,-17.5,-798,2536,1,2.44,0.05,6920,1,2.44,0.05,6920
2026-05-09 16:09:52,1,1,1,2658.6,0,-17.5,-798,2536,1,2.44,0.05,6920,1,2.44,0.05,6920
2026-05-09 16:09:52,1,1,1,2779.7,0,-20.2,-959,2609,1,2.44,0.05,6920,1,2.44,0.05,6920
2026-05-09 16:09:52,1,1,1,2779.7,0,-20.2,-959,2609,1,2.44,0.05,6920,1,2.44,0.05,6920
2026-05-09 16:09:52,1,1,1,2897.8,16,-22.6,-1112,2676,1,2.44,0.05,6920,1,2.44,0.05,6920
2026-05-09 16:09:52,1,1,1,2897.8,16,-22.6,-1112,2676,1,2.44,0.05,6920,1,2.44,0.05,6920
2026-05-09 16:09:52,1,1,1,2802.2,32,-23.7,-1126,2566,1,2.44,0.05,6920,1,2.44,0.05,6920
2026-05-09 16:09:52,1,1,1,2680.8,24,-24.6,-1117,2437,1,2.44,0.05,6920,1,2.44,0.05,6920
2026-05-09 16:09:52,1,1,1,2680.8,24,-24.6,-1117,2437,1,2.44,0.05,6920,1,2.44,0.05,6920
2026-05-09 16:09:52,1,1,1,2573.6,16,-25.6,-1114,2320,1,2.44,0.05,6920,1,2.44,0.05,6920
2026-05-09 16:09:52,1,1,1,2573.6,16,-25.6,-1114,2320,1,0.00,0.00,0,0,0.00,0.00,0
2026-05-09 16:09:52,1,1,1,2483.4,-8,-26.5,-1109,2222,1,0.00,0.00,0,0,0.00,0.00,0
2026-05-09 16:09:52,1,1,1,2483.4,-8,-26.5,-1109,2222,1,0.00,0.00,0,0,0.00,0.00,0
2026-05-09 16:09:52,1,1,1,2422.6,0,-27.7,-1126,2145,1,2.26,0.00,10025,1,2.26,0.00,10025
2026-05-09 16:09:52,1,1,1,2422.6,0,-27.7,-1126,2145,1,2.26,0.00,10025,1,2.26,0.00,10025
2026-05-09 16:09:53,1,1,1,2374.6,16,-28.4,-1131,2088,1,2.26,0.00,10025,1,2.26,0.00,10025
2026-05-09 16:09:53,1,1,1,2331.8,-32,-29.3,-1142,2033,1,2.26,0.00,10025,1,2.26,0.00,10025
2026-05-09 16:09:53,1,1,1,2331.8,-32,-29.3,-1142,2033,1,2.26,0.00,10025,1,2.26,0.00,10025
2026-05-09 16:09:53,1,1,1,2305.7,8,-29.7,-1142,2003,1,2.26,0.00,10025,1,2.26,0.00,10025
2026-05-09 16:09:53,1,1,1,2305.7,8,-29.7,-1142,2003,1,2.26,0.00,10025,1,2.26,0.00,10025
2026-05-09 16:09:53,1,1,1,2272.6,-48,-29.9,-1133,1970,1,2.26,0.00,10025,1,2.26,0.00,10025
2026-05-09 16:09:53,1,1,1,2272.6,-48,-29.9,-1133,1970,1,2.26,0.00,10025,1,2.26,0.00,10025
2026-05-09 16:09:53,1,1,1,2253.6,-64,-30.0,-1128,1951,1,2.26,0.00,10025,1,2.26,0.00,10025
2026-05-09 16:09:53,1,1,1,2253.6,-64,-30.0,-1128,1951,1,2.24,-0.70,8869,1,2.24,-0.70,8869
2026-05-09 16:09:53,1,1,1,2234.4,-88,-30.1,-1119,1934,1,2.24,-0.70,8869,1,2.24,-0.70,8869
2026-05-09 16:09:53,1,1,1,2205.2,-56,-30.2,-1109,1906,1,2.17,-0.70,8869,1,2.17,-0.70,8869
2026-05-09 16:09:53,1,1,1,2205.2,-56,-30.2,-1109,1906,1,2.17,-0.70,8869,1,2.17,-0.70,8869
2026-05-09 16:09:53,1,1,1,2138.3,-48,-30.7,-1091,1839,1,2.17,-0.70,8869,1,2.17,-0.70,8869
2026-05-09 16:09:53,1,1,1,2138.3,-48,-30.7,-1091,1839,1,2.17,-0.70,8869,1,2.17,-0.70,8869
2026-05-09 16:09:53,1,1,1,2073.3,-56,-31.3,-1078,1771,1,2.17,-0.70,8869,1,2.17,-0.70,8869
2026-05-09 16:09:53,1,1,1,2073.3,-56,-31.3,-1078,1771,1,2.17,-0.70,8869,1,2.17,-0.70,8869
2026-05-09 16:09:53,1,1,1,2018.2,-48,-31.4,-1051,1723,1,2.17,-0.70,8869,1,2.17,-0.70,8869
2026-05-09 16:09:53,1,1,1,1969.8,-48,-30.9,-1012,1690,1,2.17,-0.70,8869,1,2.17,-0.70,8869
2026-05-09 16:09:53,1,1,1,1969.8,-48,-30.9,-1012,1690,1,2.17,-0.70,8869,1,2.17,-0.70,8869
2026-05-09 16:09:53,1,1,1,1925.7,-48,-30.3,-971,1663,1,2.17,-0.70,8869,1,2.17,-0.70,8869
2026-05-09 16:09:54,1,1,1,1925.7,-48,-30.3,-971,1663,1,2.17,-0.70,8869,1,2.17,-0.70,8869
2026-05-09 16:09:54,1,1,1,1872.5,-88,-30.1,-939,1620,1,2.17,-0.70,8869,1,2.17,-0.70,8869
2026-05-09 16:09:54,1,1,1,1872.5,-88,-30.1,-939,1620,1,2.17,-0.70,8869,1,2.17,-0.70,8869
2026-05-09 16:09:54,1,1,1,1824.7,-8,-29.1,-888,1594,1,0.00,0.00,0,0,0.00,0.00,0
2026-05-09 16:09:54,1,1,1,1824.7,-8,-29.1,-888,1594,1,0.00,0.00,0,0,0.00,0.00,0
2026-05-09 16:09:54,1,1,1,1766.0,-64,-28.8,-850,1548,1,0.00,0.00,0,0,0.00,0.00,0
2026-05-09 16:09:54,1,1,1,1693.0,-88,-29.9,-845,1467,1,0.00,0.00,0,0,0.00,0.00,0
2026-05-09 16:09:54,1,1,1,1693.0,-88,-29.9,-845,1467,1,0.00,0.00,0,0,0.00,0.00,0
2026-05-09 16:09:54,1,1,1,1623.6,-56,-30.9,-834,1393,0,0.00,0.00,0,0,0.00,0.00,0
2026-05-09 16:09:54,1,1,1,1623.6,-56,-30.9,-834,1393,0,0.00,0.00,0,0,0.00,0.00,0
2026-05-09 16:09:54,1,1,1,1559.5,-56,-31.3,-811,1332,0,0.00,0.00,0,0,0.00,0.00,0
2026-05-09 16:09:54,1,1,1,1559.5,-56,-31.3,-811,1332,0,0.00,0.00,0,0,0.00,0.00,0
2026-05-09 16:09:54,1,1,1,1491.3,-56,-31.5,-780,1271,0,0.00,0.00,0,0,0.00,0.00,0
2026-05-09 16:09:54,1,1,1,1422.8,-56,-31.4,-742,1214,0,0.00,0.00,0,0,0.00,0.00,0
2026-05-09 16:09:54,1,1,1,1422.8,-56,-31.4,-742,1214,0,0.00,0.00,0,0,0.00,0.00,0
2026-05-09 16:09:54,1,1,1,1363.2,-39,-30.8,-698,1171,0,0.00,0.00,0,0,0.00,0.00,0
2026-05-09 16:09:54,1,1,1,1363.2,-39,-30.8,-698,1171,0,0.00,0.00,0,0,0.00,0.00,0
2026-05-09 16:09:54,1,1,1,1306.8,-39,-30.0,-653,1132,0,0.00,0.00,0,0,0.00,0.00,0
2026-05-09 16:09:54,1,1,1,1306.8,-39,-30.0,-653,1132,0,0.00,0.00,0,1,1.04,-0.24,8704
2026-05-09 16:09:54,1,1,1,1236.0,-32,-29.1,-601,1080,0,0.00,0.00,0,1,1.04,-0.24,8704
2026-05-09 16:09:55,1,1,1,1236.0,-32,-29.1,-601,1080,1,1.02,-0.24,8704,1,1.02,-0.24,8704
2026-05-09 16:09:55,1,1,1,1182.6,-39,-27.6,-548,1048,1,1.02,-0.24,8704,1,1.02,-0.24,8704
2026-05-09 16:09:55,1,1,1,1131.1,-32,-25.7,-491,1019,1,1.02,-0.24,8704,1,1.02,-0.24,8704
2026-05-09 16:09:55,1,1,1,1131.1,-32,-25.7,-491,1019,1,1.02,-0.24,8704,1,1.02,-0.24,8704
2026-05-09 16:09:55,1,1,1,1075.8,-39,-24.0,-437,983,1,1.02,-0.24,8704,1,1.02,-0.24,8704
2026-05-09 16:09:55,1,1,1,1075.8,-39,-24.0,-437,983,1,1.02,-0.24,8704,1,1.02,-0.24,8704
2026-05-09 16:09:55,1,1,1,1020.2,-39,-22.0,-382,946,1,0.99,-0.24,1365,1,0.99,-0.24,1365
2026-05-09 16:09:55,1,1,1,1020.2,-39,-22.0,-382,946,1,0.99,-0.24,1365,1,0.99,-0.24,1365
2026-05-09 16:09:55,1,1,1,970.7,-32,-19.7,-327,914,1,0.97,-0.24,1365,1,0.97,-0.24,1365
2026-05-09 16:09:55,1,1,1,923.4,-8,-16.8,-267,884,1,0.97,-0.24,1365,1,0.97,-0.24,1365
2026-05-09 16:09:55,1,1,1,923.4,-8,-16.8,-267,884,1,0.88,-0.22,8929,1,0.88,-0.22,8929
2026-05-09 16:09:55,1,1,1,886.6,8,-13.2,-203,863,1,0.88,-0.22,8929,1,0.88,-0.22,8929
2026-05-09 16:09:55,1,1,1,886.6,8,-13.2,-203,863,1,0.92,-0.05,35633,1,0.92,-0.05,35633
2026-05-09 16:09:55,1,1,1,863.8,24,-9.1,-136,853,1,0.92,-0.05,35633,1,0.92,-0.05,35633
2026-05-09 16:09:55,1,1,1,863.8,24,-9.1,-136,853,1,0.94,0.00,33650,1,0.94,0.00,33650
2026-05-09 16:09:55,1,1,1,850.6,39,-4.5,-67,848,1,0.94,0.00,33650,1,0.94,0.00,33650
2026-05-09 16:09:55,1,1,1,850.6,39,-4.5,-67,848,1,1.42,0.09,2581,1,1.42,0.09,2581
2026-05-09 16:09:55,1,1,1,844.1,56,0.7,10,844,1,1.42,0.09,2581,1,1.42,0.09,2581
2026-05-09 16:09:55,1,1,1,863.4,56,5.1,76,860,1,1.42,0.17,10768,1,1.42,0.17,10768
2026-05-09 16:09:55,1,1,1,863.4,56,5.1,76,860,1,1.42,0.17,10768,1,1.42,0.17,10768
2026-05-09 16:09:56,1,1,1,879.8,56,10.1,155,866,1,1.71,0.22,6868,1,1.71,0.22,6868
2026-05-09 16:09:56,1,1,1,879.8,56,10.1,155,866,1,1.71,0.22,6868,1,1.71,0.22,6868
2026-05-09 16:09:56,1,1,1,913.2,56,14.5,229,884,1,1.94,0.26,2842,1,1.94,0.26,2842
2026-05-09 16:09:56,1,1,1,913.2,56,14.5,229,884,1,1.94,0.26,2842,1,1.94,0.26,2842
2026-05-09 16:09:56,1,1,1,950.6,39,17.8,291,905,1,1.96,0.26,2842,1,1.96,0.26,2842
2026-05-09 16:09:56,1,1,1,990.2,48,20.6,348,927,1,1.96,0.26,2842,1,1.96,0.26,2842
2026-05-09 16:09:56,1,1,1,990.2,48,20.6,348,927,1,1.96,0.26,2842,1,1.96,0.26,2842
2026-05-09 16:09:56,1,1,1,1031.7,48,22.8,400,951,0,0.00,0.00,0,1,1.96,0.26,2842
2026-05-09 16:09:56,1,1,1,1031.7,48,22.8,400,951,0,0.00,0.00,0,1,1.96,0.26,2842
2026-05-09 16:09:56,1,1,1,1073.7,56,24.2,441,979,0,0.00,0.00,0,1,1.96,0.26,2842
2026-05-09 16:09:56,1,1,1,1073.7,56,24.2,441,979,0,0.00,0.00,0,1,1.33,0.58,33448
2026-05-09 16:09:56,1,1,1,1120.9,64,25.6,484,1011,0,0.00,0.00,0,1,1.33,0.58,33448
2026-05-09 16:09:56,1,1,1,1120.9,64,25.6,484,1011,1,1.38,0.58,33448,1,1.38,0.58,33448
2026-05-09 16:09:56,1,1,1,1153.4,48,27.0,523,1028,1,1.38,0.58,33448,1,1.38,0.58,33448
2026-05-09 16:09:56,1,1,1,1198.7,48,28.3,569,1055,1,2.32,0.49,1125,1,2.32,0.49,1125
2026-05-09 16:09:56,1,1,1,1198.7,48,28.3,569,1055,1,2.32,0.49,1125,1,2.32,0.49,1125
2026-05-09 16:09:56,1,1,1,1246.8,56,30.0,623,1080,1,2.21,0.80,9297,1,2.21,0.80,9297
2026-05-09 16:09:56,1,1,1,1246.8,56,30.0,623,1080,1,2.21,0.80,9297,1,2.21,0.80,9297
2026-05-09 16:09:56,1,1,1,1294.2,56,32.0,685,1098,1,2.14,0.70,6641,1,2.14,0.70,6641
2026-05-09 16:09:56,1,1,1,1294.2,56,32.0,685,1098,1,2.14,0.70,6641,1,2.14,0.70,6641
2026-05-09 16:09:57,1,1,1,1351.0,64,33.3,742,1129,1,2.07,0.67,8125,1,2.07,0.67,8125
2026-05-09 16:09:57,1,1,1,1402.9,72,35.0,805,1149,1,2.07,0.67,8125,1,2.07,0.67,8125
2026-05-09 16:09:57,1,1,1,1402.9,72,35.0,805,1149,1,2.07,0.67,11169,1,2.07,0.67,11169
2026-05-09 16:09:57,1,1,1,1469.8,88,36.0,864,1189,1,2.07,0.67,11169,1,2.07,0.67,11169
2026-05-09 16:09:57,1,1,1,1469.8,88,36.0,864,1189,1,2.10,0.70,10306,1,2.10,0.70,10306
2026-05-09 16:09:57,1,1,1,1556.7,88,36.3,921,1255,1,2.10,0.70,10306,1,2.10,0.70,10306
2026-05-09 16:09:57,1,1,1,1556.7,88,36.3,921,1255,1,2.18,0.70,10306,1,2.18,0.70,10306
2026-05-09 16:09:57,1,1,1,1637.4,64,37.0,985,1308,1,2.18,0.70,10306,1,2.18,0.70,10306
2026-05-09 16:09:57,1,1,1,1637.4,64,37.0,985,1308,1,2.18,0.70,10306,1,2.18,0.70,10306
2026-05-09 16:09:57,1,1,1,1720.5,64,37.6,1050,1363,1,2.18,0.70,10306,1,2.18,0.70,10306
2026-05-09 16:09:57,1,1,1,1763.0,64,40.1,1135,1349,1,2.18,0.70,10306,1,2.18,0.70,10306
2026-05-09 16:09:57,1,1,1,1763.0,64,40.1,1135,1349,1,2.18,0.70,10306,1,2.18,0.70,10306
2026-05-09 16:09:57,1,1,1,1808.3,16,42.1,1212,1342,1,2.18,0.70,10306,1,2.18,0.70,10306
2026-05-09 16:09:57,1,1,1,1808.3,16,42.1,1212,1342,1,2.18,0.70,10306,1,2.18,0.70,10306
2026-05-09 16:09:57,1,1,1,1849.2,64,44.5,1295,1320,1,2.18,0.70,10306,1,2.18,0.70,10306
2026-05-09 16:09:57,1,1,1,1849.2,64,44.5,1295,1320,1,2.18,0.70,10306,1,2.18,0.70,10306
2026-05-09 16:09:57,1,1,1,1892.0,64,46.3,1369,1306,1,2.18,0.70,10306,1,2.18,0.70,10306
2026-05-09 16:09:57,1,1,1,1892.0,64,46.3,1369,1306,1,2.18,0.70,10306,1,2.18,0.70,10306
2026-05-09 16:09:57,1,1,1,1933.2,48,47.7,1429,1302,1,2.18,0.70,10306,1,2.18,0.70,10306
2026-05-09 16:09:57,1,1,1,1977.8,8,48.1,1472,1321,1,0.00,0.00,0,0,0.00,0.00,0
2026-05-09 16:09:58,1,1,1,1977.8,8,48.1,1472,1321,1,0.00,0.00,0,0,0.00,0.00,0
2026-05-09 16:09:58,1,1,1,2016.7,-8,48.4,1508,1339,1,0.00,0.00,0,0,0.00,0.00,0
2026-05-09 16:09:58,1,1,1,2016.7,-8,48.4,1508,1339,1,0.00,0.00,0,0,0.00,0.00,0
2026-05-09 16:09:58,1,1,1,2053.3,0,48.9,1548,1349,1,0.00,0.00,0,0,0.00,0.00,0
2026-05-09 16:09:58,1,1,1,2053.3,0,48.9,1548,1349,0,0.00,0.00,0,0,0.00,0.00,0
2026-05-09 16:09:58,1,1,1,2085.8,-8,48.9,1571,1372,0,0.00,0.00,0,0,0.00,0.00,0
2026-05-09 16:09:58,1,1,1,2093.4,-32,48.5,1568,1387,0,0.00,0.00,0,0,0.00,0.00,0
2026-05-09 16:09:58,1,1,1,2093.4,-32,48.5,1568,1387,0,0.00,0.00,0,0,0.00,0.00,0
2026-05-09 16:09:58,1,1,1,2103.5,8,48.2,1569,1401,0,0.00,0.00,0,0,0.00,0.00,0
2026-05-09 16:09:58,1,1,1,2103.5,8,48.2,1569,1401,0,0.00,0.00,0,0,0.00,0.00,0
2026-05-09 16:09:58,1,1,1,2098.3,-39,47.8,1554,1410,0,0.00,0.00,0,0,0.00,0.00,0
2026-05-09 16:09:58,1,1,1,2098.3,-39,47.8,1554,1410,0,0.00,0.00,0,0,0.00,0.00,0
2026-05-09 16:09:58,1,1,1,2082.1,-16,46.8,1519,1424,0,0.00,0.00,0,1,2.23,-0.23,1521
2026-05-09 16:09:58,1,1,1,2082.1,-16,46.8,1519,1424,0,0.00,0.00,0,1,2.23,-0.23,1521
2026-05-09 16:09:58,1,1,1,2072.7,-64,45.7,1483,1448,0,0.00,0.00,0,1,2.21,-0.23,1521
2026-05-09 16:09:58,1,1,1,2048.2,-8,43.9,1419,1477,0,0.00,0.00,0,1,2.21,-0.23,1521
2026-05-09 16:09:58,1,1,1,2048.2,-8,43.9,1419,1477,0,0.00,0.00,0,1,2.84,-0.17,1625
2026-05-09 16:09:58,1,1,1,2048.9,-16,41.8,1365,1528,0,0.00,0.00,0,1,2.84,-0.17,1625
2026-05-09 16:09:58,1,1,1,2048.9,-16,41.8,1365,1528,0,0.00,0.00,0,1,2.82,-0.17,1625
2026-05-09 16:09:58,1,1,1,2032.6,8,40.1,1309,1555,0,0.00,0.00,0,1,2.82,-0.17,1625
2026-05-09 16:09:59,1,1,1,2032.6,8,40.1,1309,1555,0,0.00,0.00,0,1,2.82,-0.17,1625
2026-05-09 16:09:59,1,1,1,2017.6,8,38.5,1256,1579,0,0.00,0.00,0,1,2.82,-0.17,1625
2026-05-09 16:09:59,1,1,1,2005.9,8,37.3,1215,1596,0,0.00,0.00,0,1,2.82,-0.17,1625
2026-05-09 16:09:59,1,1,1,2005.9,8,37.3,1215,1596,0,0.00,0.00,0,1,2.82,-0.17,1625
2026-05-09 16:09:59,1,1,1,2016.6,0,36.0,1186,1631,0,0.00,0.00,0,1,2.82,-0.17,1625
2026-05-09 16:09:59,1,1,1,2016.6,0,36.0,1186,1631,0,0.00,0.00,0,1,2.82,-0.17,1625
2026-05-09 16:09:59,1,1,1,2022.0,8,35.5,1173,1647,0,0.00,0.00,0,1,2.82,-0.17,1625
2026-05-09 16:09:59,1,1,1,2022.0,8,35.5,1173,1647,0,0.00,0.00,0,1,2.82,-0.17,1625
2026-05-09 16:09:59,1,1,1,2035.0,0,35.4,1180,1658,0,0.00,0.00,0,1,2.82,-0.17,1625
2026-05-09 16:09:59,1,1,1,2035.0,0,35.4,1180,1658,0,0.00,0.00,0,1,2.82,-0.17,1625
2026-05-09 16:09:59,1,1,1,2039.0,-8,35.3,1177,1665,0,0.00,0.00,0,1,2.82,-0.17,1625
2026-05-09 16:09:59,1,1,1,2038.6,-8,34.8,1162,1675,0,0.00,0.00,0,0,0.00,0.00,0
2026-05-09 16:09:59,1,1,1,2038.6,-8,34.8,1162,1675,0,0.00,0.00,0,0,0.00,0.00,0
2026-05-09 16:09:59,1,1,1,2035.5,-8,33.9,1136,1689,0,0.00,0.00,0,0,0.00,0.00,0
2026-05-09 16:09:59,1,1,1,2035.5,-8,33.9,1136,1689,0,0.00,0.00,0,0,0.00,0.00,0
2026-05-09 16:09:59,1,1,1,2020.4,-32,33.0,1101,1694,0,0.00,0.00,0,0,0.00,0.00,0
2026-05-09 16:09:59,1,1,1,2020.4,-32,33.0,1101,1694,0,0.00,0.00,0,0,0.00,0.00,0
2026-05-09 16:09:59,1,1,1,1985.1,-32,30.8,1015,1706,0,0.00,0.00,0,0,0.00,0.00,0
2026-05-09 16:09:59,1,1,1,1949.6,-24,28.0,916,1721,0,0.00,0.00,0,0,0.00,0.00,0
2026-05-09 16:09:59,1,1,1,1949.6,-24,28.0,916,1721,0,0.00,0.00,0,0,0.00,0.00,0
2026-05-09 16:10:00,1,1,1,1927.8,-8,24.5,800,1754,0,0.00,0.00,0,0,0.00,0.00,0
2026-05-09 16:10:00,1,1,1,1927.8,-8,24.5,800,1754,0,0.00,0.00,0,0,0.00,0.00,0
2026-05-09 16:10:00,1,1,1,1901.4,0,21.2,687,1773,0,0.00,0.00,0,0,0.00,0.00,0
2026-05-09 16:10:00,1,1,1,1901.4,0,21.2,687,1773,0,0.00,0.00,0,0,0.00,0.00,0
2026-05-09 16:10:00,1,1,1,1884.7,8,18.1,587,1791,0,0.00,0.00,0,0,0.00,0.00,0
2026-05-09 16:10:00,1,1,1,1884.7,8,18.1,587,1791,0,0.00,0.00,0,0,0.00,0.00,0
2026-05-09 16:10:00,1,1,1,1878.7,0,15.0,485,1815,0,0.00,0.00,0,1,2.04,0.22,19540
2026-05-09 16:10:00,1,1,1,2051.9,0,10.3,366,2019,0,0.00,0.00,0,1,2.04,0.22,19540
2026-05-09 16:10:00,1,1,1,2051.9,0,10.3,366,2019,1,2.64,0.14,3796,1,2.64,0.14,3796
2026-05-09 16:10:00,1,1,1,2227.8,0,6.8,265,2212,1,2.64,0.14,3796,1,2.64,0.14,3796
2026-05-09 16:10:00,1,1,1,2227.8,0,6.8,265,2212,1,2.44,0.15,36413,1,2.44,0.15,36413
2026-05-09 16:10:00,1,1,1,2393.0,8,4.1,170,2387,1,2.44,0.15,36413,1,2.44,0.15,36413
2026-05-09 16:10:00,1,1,1,2393.0,8,4.1,170,2387,1,2.45,0.15,36413,1,2.45,0.15,36413
2026-05-09 16:10:00,1,1,1,2364.4,8,2.6,107,2362,1,2.45,0.15,36413,1,2.45,0.15,36413
2026-05-09 16:10:00,1,1,1,2329.5,0,1.2,50,2329,1,2.66,0.15,4901,1,2.66,0.15,4901
2026-05-09 16:10:00,1,1,1,2329.5,0,1.2,50,2329,1,2.66,0.15,4901,1,2.66,0.15,4901
2026-05-09 16:10:00,1,1,1,2421.0,0,-0.1,-6,2421,1,2.68,0.15,4901,1,2.68,0.15,4901
2026-05-09 16:10:00,1,1,1,2421.0,0,-0.1,-6,2421,1,2.68,0.15,4901,1,2.68,0.15,4901
2026-05-09 16:10:00,1,1,1,2512.7,0,-1.4,-60,2512,1,2.81,0.16,5945,1,2.81,0.16,5945
2026-05-09 16:10:00,1,1,1,2512.7,0,-1.4,-60,2512,1,2.81,0.16,5945,1,2.81,0.16,5945
2026-05-09 16:10:01,1,1,1,2577.2,8,-2.4,-106,2575,1,2.67,0.09,9640,1,2.67,0.09,9640
2026-05-09 16:10:01,1,1,1,2577.2,8,-2.4,-106,2575,1,2.67,0.09,9640,1,2.67,0.09,9640
2026-05-09 16:10:01,1,1,1,2599.7,8,-3.5,-157,2595,1,2.77,0.12,3505,1,2.77,0.12,3505
2026-05-09 16:10:01,1,1,1,2507.9,8,-4.8,-211,2499,1,2.77,0.12,3505,1,2.77,0.12,3505
2026-05-09 16:10:01,1,1,1,2507.9,8,-4.8,-211,2499,1,2.78,0.12,3505,1,2.78,0.12,3505
2026-05-09 16:10:01,1,1,1,2394.9,16,-6.8,-284,2378,1,2.78,0.12,3505,1,2.78,0.12,3505
2026-05-09 16:10:01,1,1,1,2394.9,16,-6.8,-284,2378,1,2.78,0.12,3505,1,2.78,0.12,3505
2026-05-09 16:10:01,1,1,1,2289.6,24,-9.1,-361,2261,1,2.78,0.12,3505,1,2.78,0.12,3505
2026-05-09 16:10:01,1,1,1,2289.6,24,-9.1,-361,2261,1,2.78,0.12,3505,1,2.78,0.12,3505
2026-05-09 16:10:01,1,1,1,2195.8,0,-11.7,-446,2150,1,2.78,0.12,3505,1,2.78,0.12,3505
2026-05-09 16:10:01,1,1,1,2195.8,0,-11.7,-446,2150,1,2.25,0.28,10132,1,2.25,0.28,10132
2026-05-09 16:10:01,1,1,1,2133.8,39,-14.0,-518,2070,1,2.25,0.28,10132,1,2.25,0.28,10132
2026-05-09 16:10:01,1,1,1,2103.7,0,-16.6,-601,2016,1,2.28,0.28,10132,1,2.28,0.28,10132
2026-05-09 16:10:01,1,1,1,2103.7,0,-16.6,-601,2016,1,2.28,0.28,10132,1,2.28,0.28,10132
2026-05-09 16:10:01,1,1,1,2274.8,0,-20.0,-777,2138,1,2.28,0.28,10132,1,2.28,0.28,10132
2026-05-09 16:10:01,1,1,1,2274.8,0,-20.0,-777,2138,1,2.28,0.28,10132,1,2.28,0.28,10132
2026-05-09 16:10:01,1,1,1,2444.9,48,-22.6,-940,2257,1,2.28,0.28,10132,1,2.28,0.28,10132
2026-05-09 16:10:01,1,1,1,2444.9,48,-22.6,-940,2257,1,2.28,0.28,10132,1,2.28,0.28,10132
2026-05-09 16:10:01,1,1,1,2474.1,16,-24.1,-1009,2259,1,2.28,0.28,10132,1,2.28,0.28,10132
2026-05-09 16:10:01,1,1,1,2449.7,56,-24.5,-1014,2230,1,2.28,0.28,10132,1,2.28,0.28,10132
2026-05-09 16:10:02,1,1,1,2449.7,56,-24.5,-1014,2230,1,2.49,0.50,10585,1,2.49,0.50,10585
2026-05-09 16:10:02,1,1,1,2415.8,56,-24.4,-998,2200,1,2.49,0.50,10585,1,2.49,0.50,10585
2026-05-09 16:10:02,1,1,1,2415.8,56,-24.4,-998,2200,1,2.54,0.50,10585,1,2.54,0.50,10585
2026-05-09 16:10:02,1,1,1,2391.4,8,-24.6,-994,2175,1,2.54,0.50,10585,1,2.54,0.50,10585
2026-05-09 16:10:02,1,1,1,2391.4,8,-24.6,-994,2175,1,2.53,0.39,11216,1,2.53,0.39,11216
2026-05-09 16:10:02,1,1,1,2346.4,0,-25.1,-995,2125,1,2.53,0.39,11216,1,2.53,0.39,11216
2026-05-09 16:10:02,1,1,1,2346.4,0,-25.1,-995,2125,1,2.57,0.39,11216,1,2.57,0.39,11216
2026-05-09 16:10:02,1,1,1,2315.9,0,-25.7,-1004,2087,1,2.57,0.39,11216,1,2.57,0.39,11216
2026-05-09 16:10:02,1,1,1,2311.7,-8,-26.2,-1019,2075,1,2.57,0.39,11216,1,2.57,0.39,11216
2026-05-09 16:10:02,1,1,1,2311.7,-8,-26.2,-1019,2075,1,2.57,0.39,11216,1,2.57,0.39,11216
2026-05-09 16:10:02,1,1,1,2337.6,0,-26.4,-1041,2093,1,2.57,0.39,11216,1,2.57,0.39,11216
2026-05-09 16:10:02,1,1,1,2337.6,0,-26.4,-1041,2093,1,2.57,0.39,11216,1,2.57,0.39,11216
2026-05-09 16:10:02,1,1,1,2357.3,48,-26.3,-1045,2113,1,2.57,0.39,11216,1,2.57,0.39,11216
2026-05-09 16:10:02,1,1,1,2357.3,48,-26.3,-1045,2113,1,2.57,0.39,11216,1,2.57,0.39,11216
2026-05-09 16:10:02,1,1,1,2396.7,0,-26.1,-1053,2153,1,2.57,0.39,11216,1,2.57,0.39,11216
2026-05-09 16:10:02,1,1,1,2450.0,0,-25.9,-1070,2204,1,2.57,0.39,11216,1,2.57,0.39,11216
2026-05-09 16:10:02,1,1,1,2450.0,0,-25.9,-1070,2204,1,2.57,0.39,11216,1,2.57,0.39,11216
2026-05-09 16:10:02,1,1,1,2502.5,-8,-25.6,-1083,2256,1,2.57,0.39,11216,1,2.57,0.39,11216
2026-05-09 16:10:02,1,1,1,2502.5,-8,-25.6,-1083,2256,1,2.36,-0.24,6212,1,2.36,-0.24,6212
2026-05-09 16:10:02,1,1,1,2594.1,0,-25.7,-1126,2337,1,2.36,-0.24,6212,1,2.36,-0.24,6212
2026-05-09 16:10:03,1,1,1,2594.1,0,-25.7,-1126,2337,1,2.33,-0.24,6212,1,2.33,-0.24,6212
2026-05-09 16:10:03,1,1,1,2666.6,-32,-25.7,-1156,2403,1,2.33,-0.24,6212,1,2.33,-0.24,6212
2026-05-09 16:10:03,1,1,1,2666.6,-32,-25.7,-1156,2403,1,2.33,-0.24,6212,1,2.33,-0.24,6212
2026-05-09 16:10:03,1,1,1,2593.6,-39,-24.6,-1078,2359,1,2.33,-0.24,6212,1,2.33,-0.24,6212
2026-05-09 16:10:03,1,1,1,2549.8,-39,-23.6,-1022,2336,1,2.33,-0.24,6212,1,2.33,-0.24,6212
2026-05-09 16:10:03,1,1,1,2549.8,-39,-23.6,-1022,2336,1,2.33,-0.24,6212,1,2.33,-0.24,6212
2026-05-09 16:10:03,1,1,1,2468.6,-24,-21.7,-912,2294,1,2.33,-0.24,6212,1,2.33,-0.24,6212
2026-05-09 16:10:03,1,1,1,2468.6,-24,-21.7,-912,2294,1,2.33,-0.24,6212,1,2.33,-0.24,6212
2026-05-09 16:10:03,1,1,1,2395.7,-16,-19.7,-809,2255,1,2.24,-0.22,16994,1,2.24,-0.22,16994
2026-05-09 16:10:03,1,1,1,2395.7,-16,-19.7,-809,2255,1,2.24,-0.22,16994,1,2.24,-0.22,16994
2026-05-09 16:10:03,1,1,1,2337.7,8,-17.7,-711,2227,1,2.22,-0.22,16994,1,2.22,-0.22,16994
2026-05-09 16:10:03,1,1,1,2268.9,24,-15.7,-615,2184,1,2.22,-0.22,16994,1,2.22,-0.22,16994
2026-05-09 16:10:03,1,1,1,2268.9,24,-15.7,-615,2184,1,2.22,-0.22,16994,1,2.22,-0.22,16994
2026-05-09 16:10:03,1,1,1,2211.8,0,-13.6,-519,2150,1,2.22,-0.22,16994,1,2.22,-0.22,16994
2026-05-09 16:10:03,1,1,1,2211.8,0,-13.6,-519,2150,1,2.22,-0.22,16994,1,2.22,-0.22,16994
2026-05-09 16:10:03,1,1,1,2312.8,0,-10.2,-411,2276,1,2.22,-0.22,16994,1,2.22,-0.22,16994
2026-05-09 16:10:13,1,1,1,1937.2,8,32.4,1039,1635,1,2.54,0.22,4112,1,2.54,0.22,4112
2026-05-09 16:10:13,1,1,1,1937.2,8,32.4,1039,1635,1,2.54,0.22,4112,1,2.54,0.22,4112
2026-05-09 16:10:13,1,1,1,1979.7,16,33.4,1091,1652,1,2.54,0.22,4112,1,2.54,0.22,4112
2026-05-09 16:10:13,1,1,1,1979.7,16,33.4,1091,1652,1,2.54,0.22,4112,1,2.54,0.22,4112
2026-05-09 16:10:14,1,1,1,2016.5,16,34.4,1139,1664,1,2.54,0.22,4112,1,2.54,0.22,4112
2026-05-09 16:10:14,1,1,1,2046.6,-39,34.6,1163,1684,1,2.54,0.22,4112,1,2.54,0.22,4112
2026-05-09 16:10:14,1,1,1,2046.6,-39,34.6,1163,1684,1,2.54,0.22,4112,1,2.54,0.22,4112
2026-05-09 16:10:14,1,1,1,2060.2,0,34.7,1174,1693,1,2.54,0.22,4112,1,2.54,0.22,4112
2026-05-09 16:10:14,1,1,1,2060.2,0,34.7,1174,1693,1,2.54,0.22,4112,1,2.54,0.22,4112
2026-05-09 16:10:14,1,1,1,2075.2,0,35.3,1200,1693,1,2.54,0.22,4112,1,2.54,0.22,4112
2026-05-09 16:10:14,1,1,1,2075.2,0,35.3,1200,1693,1,2.54,0.22,4112,1,2.54,0.22,4112
2026-05-09 16:10:14,1,1,1,2082.9,-16,35.3,1205,1699,1,0.00,0.00,0,0,0.00,0.00,0
2026-05-09 16:10:14,1,1,1,2082.9,-16,35.3,1205,1699,1,0.00,0.00,0,0,0.00,0.00,0
2026-05-09 16:10:14,1,1,1,2086.0,-32,35.1,1199,1707,1,0.00,0.00,0,0,0.00,0.00,0
2026-05-09 16:10:14,1,1,1,2091.0,-8,34.8,1192,1718,1,0.00,0.00,0,0,0.00,0.00,0
2026-05-09 16:10:14,1,1,1,2091.0,-8,34.8,1192,1718,1,0.00,0.00,0,0,0.00,0.00,0
2026-05-09 16:10:14,1,1,1,2092.5,-8,34.4,1183,1726,1,2.06,-0.19,4097,1,2.06,-0.19,4097
2026-05-09 16:10:14,1,1,1,2092.5,-8,34.4,1183,1726,1,2.06,-0.19,4097,1,2.06,-0.19,4097
2026-05-09 16:10:14,1,1,1,2093.5,-24,34.1,1173,1734,1,2.02,-0.21,3490,1,2.02,-0.21,3490
2026-05-09 16:10:14,1,1,1,2093.5,-24,34.1,1173,1734,1,2.02,-0.21,3490,1,2.02,-0.21,3490
2026-05-09 16:10:14,1,1,1,2092.1,-16,34.0,1169,1735,1,2.00,-0.21,3490,1,2.00,-0.21,3490
2026-05-09 16:10:14,1,1,1,2092.1,-16,34.0,1169,1735,1,2.00,-0.21,3490,1,2.00,-0.21,3490
2026-05-09 16:10:14,1,1,1,2090.1,0,33.9,1167,1734,1,2.00,-0.21,3490,1,2.00,-0.21,3490
2026-05-09 16:10:14,1,1,1,2086.8,16,33.8,1161,1734,1,2.00,-0.21,3490,1,2.00,-0.21,3490
2026-05-09 16:10:15,1,1,1,2086.8,16,33.8,1161,1734,1,2.00,-0.21,3490,1,2.00,-0.21,3490
2026-05-09 16:10:15,1,1,1,2082.9,16,33.6,1154,1734,1,2.00,-0.21,3490,1,2.00,-0.21,3490
2026-05-09 16:10:15,1,1,1,2082.9,16,33.6,1154,1734,1,2.00,-0.21,3490,1,2.00,-0.21,3490
2026-05-09 16:10:15,1,1,1,2080.1,16,33.4,1146,1736,1,2.00,-0.21,3490,1,2.00,-0.21,3490
2026-05-09 16:10:15,1,1,1,2080.1,16,33.4,1146,1736,1,2.00,-0.21,3490,1,2.00,-0.21,3490
2026-05-09 16:10:15,1,1,1,2077.7,24,33.2,1137,1739,1,2.00,-0.21,3490,1,2.00,-0.21,3490
2026-05-09 16:10:15,1,1,1,2078.4,24,32.9,1129,1745,1,2.00,-0.21,3490,1,2.00,-0.21,3490
2026-05-09 16:10:15,1,1,1,2078.4,24,32.9,1129,1745,1,2.00,-0.21,3490,1,2.00,-0.21,3490
2026-05-09 16:10:15,1,1,1,2072.0,8,31.9,1095,1759,1,2.00,-0.21,3490,1,2.00,-0.21,3490
2026-05-09 16:10:15,1,1,1,2072.0,8,31.9,1095,1759,1,0.00,0.00,0,0,0.00,0.00,0
2026-05-09 16:10:15,1,1,1,2066.6,16,30.7,1055,1777,1,2.24,0.23,3413,1,2.24,0.23,3413
2026-05-09 16:10:15,1,1,1,2066.6,16,30.7,1055,1777,1,2.24,0.23,3413,1,2.24,0.23,3413
2026-05-09 16:10:15,1,1,1,2069.0,0,29.3,1013,1804,1,2.26,0.23,3413,1,2.26,0.23,3413
2026-05-09 16:10:15,1,1,1,2069.0,0,29.3,1013,1804,1,2.26,0.23,3413,1,2.26,0.23,3413
2026-05-09 16:10:15,1,1,1,2061.7,8,26.3,912,1849,1,2.26,0.23,3413,1,2.26,0.23,3413
2026-05-09 16:10:15,1,1,1,2059.2,-8,23.5,822,1888,1,2.26,0.23,3413,1,2.26,0.23,3413
2026-05-09 16:10:15,1,1,1,2059.2,-8,23.5,822,1888,1,2.26,0.23,3413,1,2.26,0.23,3413
2026-05-09 16:10:15,1,1,1,2069.4,-8,20.7,731,1936,1,2.26,0.23,3413,1,2.26,0.23,3413
2026-05-09 16:10:15,1,1,1,2069.4,-8,20.7,731,1936,1,2.26,0.23,3413,1,2.26,0.23,3413
2026-05-09 16:10:15,1,1,1,2168.3,-8,17.7,658,2066,1,2.26,0.23,3413,1,2.26,0.23,3413
2026-05-09 16:10:16,1,1,1,2168.3,-8,17.7,658,2066,1,3.25,0.00,4610,1,3.25,0.00,4610
2026-05-09 16:10:16,1,1,1,2306.5,0,14.9,593,2229,1,3.25,0.00,4610,1,3.25,0.00,4610
2026-05-09 16:10:16,1,1,1,2459.6,0,11.9,506,2407,1,3.25,0.00,4772,1,3.25,0.00,4772
2026-05-09 16:10:16,1,1,1,2459.6,0,11.9,506,2407,1,3.25,0.00,4772,1,3.25,0.00,4772
2026-05-09 16:10:16,1,1,1,2597.8,8,9.3,418,2564,1,3.25,0.00,4772,1,3.25,0.00,4772
2026-05-09 16:10:16,1,1,1,2597.8,8,9.3,418,2564,1,3.25,0.00,4772,1,3.25,0.00,4772
2026-05-09 16:10:16,1,1,1,2543.4,16,7.4,329,2522,1,2.86,0.01,9992,1,2.86,0.01,9992
2026-05-09 16:10:16,1,1,1,2543.4,16,7.4,329,2522,1,2.86,0.01,9992,1,2.86,0.01,9992
2026-05-09 16:10:16,1,1,1,2486.6,-8,5.5,240,2475,1,2.72,0.05,16021,1,2.72,0.05,16021
2026-05-09 16:10:16,1,1,1,2486.6,-8,5.5,240,2475,1,2.72,0.05,16021,1,2.72,0.05,16021
2026-05-09 16:10:16,1,1,1,2415.9,39,3.3,138,2412,1,2.72,0.05,16021,1,2.72,0.05,16021
2026-05-09 16:10:16,1,1,1,2352.3,0,0.9,37,2352,1,2.72,0.05,16021,1,2.72,0.05,16021
2026-05-09 16:10:16,1,1,1,2352.3,0,0.9,37,2352,1,2.66,0.12,44585,1,2.66,0.12,44585
2026-05-09 16:10:16,1,1,1,2307.6,39,-1.3,-53,2307,1,2.66,0.12,44585,1,2.66,0.12,44585
2026-05-09 16:10:16,1,1,1,2307.6,39,-1.3,-53,2307,1,2.61,0.13,5905,1,2.61,0.13,5905
2026-05-09 16:10:16,1,1,1,2278.4,0,-3.6,-142,2274,1,2.61,0.13,5905,1,2.61,0.13,5905
2026-05-09 16:10:16,1,1,1,2278.4,0,-3.6,-142,2274,1,2.62,0.13,5905,1,2.62,0.13,5905
2026-05-09 16:10:16,1,1,1,2388.7,0,-5.2,-215,2379,1,2.62,0.13,5905,1,2.62,0.13,5905
2026-05-09 16:10:16,1,1,1,2493.5,32,-6.6,-286,2477,1,2.62,0.13,5905,1,2.62,0.13,5905
2026-05-09 16:10:16,1,1,1,2493.5,32,-6.6,-286,2477,1,2.62,0.13,5905,1,2.62,0.13,5905
2026-05-09 16:10:17,1,1,1,2501.1,32,-8.4,-367,2474,1,2.62,0.13,5905,1,2.62,0.13,5905
2026-05-09 16:10:17,1,1,1,2501.1,32,-8.4,-367,2474,1,2.62,0.13,5905,1,2.62,0.13,5905
2026-05-09 16:10:17,1,1,1,2485.0,24,-10.0,-433,2447,1,2.62,0.13,5905,1,2.62,0.13,5905
2026-05-09 16:10:17,1,1,1,2485.0,24,-10.0,-433,2447,1,2.62,0.13,5905,1,2.62,0.13,5905
2026-05-09 16:10:17,1,1,1,2469.2,24,-11.8,-505,2417,1,2.62,0.13,5905,1,2.62,0.13,5905
2026-05-09 16:10:17,1,1,1,2469.2,24,-11.8,-505,2417,1,2.62,0.13,5905,1,2.62,0.13,5905
2026-05-09 16:10:17,1,1,1,2464.4,0,-13.7,-585,2394,1,2.50,0.24,5417,1,2.50,0.24,5417
2026-05-09 16:10:17,1,1,1,2448.1,16,-15.4,-651,2360,1,2.50,0.24,5417,1,2.50,0.24,5417
2026-05-09 16:10:17,1,1,1,2448.1,16,-15.4,-651,2360,1,2.52,0.24,5417,1,2.52,0.24,5417
2026-05-09 16:10:17,1,1,1,2443.4,0,-17.2,-723,2334,1,2.52,0.24,5417,1,2.52,0.24,5417
2026-05-09 16:10:17,1,1,1,2443.4,0,-17.2,-723,2334,1,2.57,0.24,1040,1,2.57,0.24,1040
2026-05-09 16:10:17,1,1,1,2439.5,24,-19.0,-793,2307,1,2.57,0.24,1040,1,2.57,0.24,1040
2026-05-09 16:10:17,1,1,1,2439.5,24,-19.0,-793,2307,1,2.56,0.23,8593,1,2.56,0.23,8593
2026-05-09 16:10:17,1,1,1,2448.5,0,-20.9,-872,2288,1,2.56,0.23,8593,1,2.56,0.23,8593
2026-05-09 16:10:17,1,1,1,2455.9,32,-22.3,-930,2273,1,2.58,0.24,3365,1,2.58,0.24,3365
2026-05-09 16:10:17,1,1,1,2455.9,32,-22.3,-930,2273,1,2.58,0.24,3365,1,2.58,0.24,3365
2026-05-09 16:10:17,1,1,1,2473.6,32,-23.5,-985,2269,1,2.60,0.24,3365,1,2.60,0.24,3365
2026-05-09 16:10:17,1,1,1,2473.6,32,-23.5,-985,2269,1,2.60,0.24,3365,1,2.60,0.24,3365
2026-05-09 16:10:17,1,1,1,2510.2,0,-24.7,-1048,2281,1,2.60,0.24,3365,1,2.60,0.24,3365
2026-05-09 16:10:17,1,1,1,2510.2,0,-24.7,-1048,2281,1,2.60,0.24,3365,1,2.60,0.24,3365
2026-05-09 16:10:18,1,1,1,2606.9,0,-26.1,-1145,2342,1,2.60,0.24,3365,1,2.60,0.24,3365
2026-05-09 16:10:18,1,1,1,2606.9,0,-26.1,-1145,2342,1,2.60,0.24,3365,1,2.60,0.24,3365
2026-05-09 16:10:18,1,1,1,2700.9,16,-27.3,-1239,2400,1,2.60,0.24,3365,1,2.60,0.24,3365
2026-05-09 16:10:18,1,1,1,2804.7,0,-27.8,-1308,2481,1,2.60,0.24,3365,1,2.60,0.24,3365
2026-05-09 16:10:18,1,1,1,2804.7,0,-27.8,-1308,2481,1,2.60,0.24,3365,1,2.60,0.24,3365
2026-05-09 16:10:18,1,1,1,2887.5,0,-28.2,-1366,2544,1,2.60,0.24,3365,1,2.60,0.24,3365
2026-05-09 16:10:18,1,1,1,2887.5,0,-28.2,-1366,2544,1,2.60,0.24,3365,1,2.60,0.24,3365
2026-05-09 16:10:18,1,1,1,2849.2,-24,-29.0,-1383,2491,1,2.60,0.24,3365,1,2.60,0.24,3365
2026-05-09 16:10:18,1,1,1,2849.2,-24,-29.0,-1383,2491,1,2.74,-0.23,5200,1,2.74,-0.23,5200
2026-05-09 16:10:18,1,1,1,2788.0,-39,-30.1,-1400,2411,1,2.74,-0.23,5200,1,2.74,-0.23,5200
2026-05-09 16:10:18,1,1,1,2717.6,-32,-31.2,-1407,2325,1,2.65,-0.30,4489,1,2.65,-0.30,4489
2026-05-09 16:10:18,1,1,1,2717.6,-32,-31.2,-1407,2325,1,2.65,-0.30,4489,1,2.65,-0.30,4489
2026-05-09 16:10:18,1,1,1,2659.2,-24,-32.2,-1419,2249,1,2.62,-0.30,4489,1,2.62,-0.30,4489
2026-05-09 16:10:18,1,1,1,2659.2,-24,-32.2,-1419,2249,1,2.62,-0.30,4489,1,2.62,-0.30,4489
2026-05-09 16:10:18,1,1,1,2609.4,-32,-33.3,-1434,2180,1,2.57,-0.28,5832,1,2.57,-0.28,5832
2026-05-09 16:10:18,1,1,1,2609.4,-32,-33.3,-1434,2180,1,2.57,-1.56,5832,1,2.57,-1.56,5832
2026-05-09 16:10:18,1,1,1,2561.4,-48,-34.6,-1455,2108,1,2.54,-0.28,5832,1,2.54,-0.28,5832
2026-05-09 16:10:18,1,1,1,2561.4,-48,-34.6,-1455,2108,1,2.54,-0.28,5832,1,2.54,-0.28,5832
2026-05-09 16:10:18,1,1,1,2516.1,-48,-35.7,-1470,2042,1,2.54,-0.28,5832,1,2.54,-0.28,5832
2026-05-09 16:10:18,1,1,1,2476.6,-64,-36.8,-1485,1982,1,2.54,-0.28,5832,1,2.54,-0.28,5832
2026-05-09 16:10:19,1,1,1,2476.6,-64,-36.8,-1485,1982,1,2.54,-0.28,5832,1,2.54,-0.28,5832
2026-05-09 16:10:19,1,1,1,2445.5,-119,-38.2,-1512,1922,1,2.54,-0.28,5832,1,2.54,-0.28,5832
2026-05-09 16:10:19,1,1,1,2445.5,-119,-38.2,-1512,1922,1,2.54,-0.28,5832,1,2.54,-0.28,5832
2026-05-09 16:10:19,1,1,1,2420.1,-24,-39.0,-1524,1880,1,2.54,-0.28,5832,1,2.54,-0.28,5832
2026-05-09 16:10:19,1,1,1,2420.1,-24,-39.0,-1524,1880,1,2.54,-0.28,5832,1,2.54,-0.28,5832
2026-05-09 16:10:19,1,1,1,2398.4,-16,-38.8,-1503,1869,1,2.54,-0.28,5832,1,2.54,-0.28,5832
2026-05-09 16:10:19,1,1,1,2398.4,-16,-38.8,-1503,1869,1,2.54,-0.28,5832,1,2.54,-0.28,5832
2026-05-09 16:10:19,1,1,1,2380.1,-24,-38.4,-1480,1864,1,2.54,-0.28,5832,1,2.54,-0.28,5832
2026-05-09 16:10:19,1,1,1,2363.9,-56,-38.4,-1469,1852,1,2.54,-0.28,5832,1,2.54,-0.28,5832
2026-05-09 16:10:19,1,1,1,2363.9,-56,-38.4,-1469,1852,1,0.00,0.00,0,0,0.00,0.00,0
2026-05-09 16:10:19,1,1,1,2335.0,-64,-38.7,-1459,1823,1,0.00,0.00,0,0,0.00,0.00,0
2026-05-09 16:10:19,1,1,1,2335.0,-64,-38.7,-1459,1823,1,0.00,0.00,0,0,0.00,0.00,0
2026-05-09 16:10:19,1,1,1,2266.9,-64,-39.3,-1436,1754,1,2.02,-0.71,16409,1,2.02,-0.71,16409
2026-05-09 16:10:19,1,1,1,2266.9,-64,-39.3,-1436,1754,1,2.57,2.57,257,1,2.57,2.57,257
2026-05-09 16:10:19,1,1,1,2193.3,-48,-39.6,-1398,1690,1,2.00,-0.68,4069,1,2.00,-0.68,4069
2026-05-09 16:10:19,1,1,1,2137.1,-64,-39.6,-1363,1646,1,2.00,-0.68,4069,1,2.00,-0.68,4069
2026-05-09 16:10:19,1,1,1,2137.1,-64,-39.6,-1363,1646,1,1.93,-0.68,4069,1,1.93,-0.68,4069
2026-05-09 16:10:19,1,1,1,2075.9,-56,-39.4,-1319,1603,1,1.93,-0.68,4069,1,1.93,-0.68,4069
2026-05-09 16:10:19,1,1,1,2075.9,-56,-39.4,-1319,1603,1,1.87,-0.61,12682,1,1.87,-0.61,12682
2026-05-09 16:10:19,1,1,1,2015.0,-72,-38.6,-1258,1574,1,1.87,-0.61,12682,1,1.87,-0.61,12682
2026-05-09 16:10:20,1,1,1,2015.0,-72,-38.6,-1258,1574,1,2.27,-0.37,980,1,2.27,-0.37,980
2026-05-09 16:10:20,1,1,1,1951.9,-56,-38.2,-1207,1534,1,2.27,-0.37,980,1,2.27,-0.37,980
2026-05-09 16:10:20,1,1,1,1951.9,-56,-38.2,-1207,1534,1,2.12,-0.45,30850,1,2.12,-0.45,30850
2026-05-09 16:10:20,1,1,1,1894.7,-64,-37.6,-1155,1502,1,2.12,-0.45,30850,1,2.12,-0.45,30850
2026-05-09 16:10:20,1,1,1,1832.2,-64,-37.2,-1107,1460,1,2.00,-0.51,13010,1,2.00,-0.51,13010
2026-05-09 16:10:20,1,1,1,1832.2,-64,-37.2,-1107,1460,1,2.00,-0.51,13010,1,2.00,-0.51,13010
2026-05-09 16:10:20,1,1,1,1768.8,-64,-36.7,-1056,1419,1,1.88,-0.56,23965,1,1.88,-0.56,23965
2026-05-09 16:10:20,1,1,1,1768.8,-64,-36.7,-1056,1419,1,1.88,-0.56,23965,1,1.88,-0.56,23965
2026-05-09 16:10:20,1,1,1,1702.7,-48,-35.5,-989,1386,1,1.82,-0.56,23965,1,1.82,-0.56,23965
2026-05-09 16:10:20,1,1,1,1702.7,-48,-35.5,-989,1386,1,1.82,-0.56,23965,1,1.82,-0.56,23965
2026-05-09 16:10:20,1,1,1,1629.8,-64,-34.2,-916,1348,1,1.73,-0.55,16085,1,1.73,-0.55,16085
2026-05-09 16:10:20,1,1,1,1569.1,-32,-33.1,-856,1315,1,1.73,-0.55,16085,1,1.73,-0.55,16085
2026-05-09 16:10:20,1,1,1,1569.1,-32,-33.1,-856,1315,1,1.68,-0.55,16085,1,1.68,-0.55,16085
2026-05-09 16:10:20,1,1,1,1504.8,-39,-31.4,-783,1285,1,1.68,-0.55,16085,1,1.68,-0.55,16085
2026-05-09 16:10:20,1,1,1,1504.8,-39,-31.4,-783,1285,1,1.68,-0.55,16085,1,1.68,-0.55,16085
2026-05-09 16:10:20,1,1,1,1431.3,-16,-28.8,-690,1254,1,1.68,-0.55,16085,1,1.68,-0.55,16085
2026-05-09 16:10:20,1,1,1,1431.3,-16,-28.8,-690,1254,1,1.68,-0.55,16085,1,1.68,-0.55,16085
2026-05-09 16:10:20,1,1,1,1367.8,0,-25.6,-592,1233,1,1.68,-0.55,16085,1,1.68,-0.55,16085
2026-05-09 16:10:20,1,1,1,1367.8,0,-25.6,-592,1233,1,1.28,0.00,1444,1,1.28,0.00,1444
2026-05-09 16:10:20,1,1,1,1321.1,-8,-22.3,-502,1222,1,1.28,0.00,1444,1,1.28,0.00,1444
2026-05-09 16:10:21,1,1,1,1288.4,-8,-19.0,-420,1218,1,1.27,0.00,56489,1,1.27,0.00,56489
2026-05-09 16:10:21,1,1,1,1288.4,-8,-19.0,-420,1218,1,1.27,0.00,56489,1,1.27,0.00,56489
2026-05-09 16:10:21,1,1,1,1264.0,-8,-15.8,-345,1216,1,1.93,0.07,9173,1,1.93,0.07,9173
2026-05-09 16:10:21,1,1,1,1264.0,-8,-15.8,-345,1216,1,1.93,0.07,9173,1,1.93,0.07,9173
2026-05-09 16:10:21,1,1,1,1247.2,8,-12.6,-273,1217,1,1.94,0.07,9173,1,1.94,0.07,9173
2026-05-09 16:10:21,1,1,1,1247.2,8,-12.6,-273,1217,1,1.94,0.07,9173,1,1.94,0.07,9173
2026-05-09 16:10:21,1,1,1,1230.0,16,-9.5,-204,1213,1,1.77,0.07,5664,1,1.77,0.07,5664
2026-05-09 16:10:21,1,1,1,1208.0,16,-6.6,-139,1200,1,1.77,0.07,5664,1,1.77,0.07,5664
2026-05-09 16:10:21,1,1,1,1208.0,16,-6.6,-139,1200,1,2.09,0.13,2417,1,2.09,0.13,2417
2026-05-09 16:10:21,1,1,1,1187.4,16,-3.7,-76,1185,1,-118.23,-118.23,53713,1,-118.23,-118.23,53713
2026-05-09 16:10:21,1,1,1,1187.4,16,-3.7,-76,1185,1,2.30,0.16,11089,1,2.30,0.16,11089
2026-05-09 16:10:21,1,1,1,1169.1,16,-0.8,-17,1169,1,2.30,0.16,11089,1,2.30,0.16,11089
2026-05-09 16:10:21,1,1,1,1169.1,16,-0.8,-17,1169,1,2.19,0.14,16954,1,2.19,0.14,16954
2026-05-09 16:10:21,1,1,1,1173.3,32,2.7,56,1172,1,2.19,0.14,16954,1,2.19,0.14,16954
2026-05-09 16:10:21,1,1,1,1173.3,32,2.7,56,1172,1,2.21,0.14,16954,1,2.21,0.14,16954
2026-05-09 16:10:21,1,1,1,1190.5,32,6.9,142,1182,1,2.21,0.14,16954,1,2.21,0.14,16954
2026-05-09 16:10:21,1,1,1,1206.5,32,11.1,232,1184,1,2.12,0.11,36000,1,2.12,0.11,36000
2026-05-09 16:10:21,1,1,1,1206.5,32,11.1,232,1184,1,2.12,0.11,36000,1,2.12,0.11,36000
2026-05-09 16:10:21,1,1,1,1228.9,48,15.2,322,1186,1,2.13,0.11,36000,1,2.13,0.11,36000
2026-05-09 16:10:21,1,1,1,1228.9,48,15.2,322,1186,1,2.13,0.11,36000,1,2.13,0.11,36000
2026-05-09 16:10:22,1,1,1,1267.2,48,18.9,410,1199,1,2.07,0.13,27925,1,2.07,0.13,27925
2026-05-09 16:10:22,1,1,1,1267.2,48,18.9,410,1199,1,2.07,0.13,27925,1,2.07,0.13,27925
2026-05-09 16:10:22,1,1,1,1311.0,64,21.7,485,1218,1,2.25,0.22,2080,1,2.25,0.22,2080
2026-05-09 16:10:22,1,1,1,1355.9,56,24.1,553,1238,1,2.25,0.22,2080,1,2.25,0.22,2080
2026-05-09 16:10:22,1,1,1,1355.9,56,24.1,553,1238,1,2.27,0.22,2080,1,2.27,0.22,2080
2026-05-09 16:10:22,1,1,1,1396.7,48,26.0,613,1255,1,2.27,0.22,2080,1,2.27,0.22,2080
2026-05-09 16:10:22,1,1,1,1396.7,48,26.0,613,1255,1,2.21,0.21,13060,1,2.21,0.21,13060
2026-05-09 16:10:22,1,1,1,1439.8,48,27.5,665,1277,1,2.21,0.21,13060,1,2.21,0.21,13060
2026-05-09 16:10:22,1,1,1,1439.8,48,27.5,665,1277,1,2.19,0.22,26693,1,2.19,0.22,26693
2026-05-09 16:10:22,1,1,1,1483.4,48,29.0,720,1297,1,2.19,0.22,26693,1,2.19,0.22,26693
2026-05-09 16:10:22,1,1,1,1483.4,48,29.0,720,1297,1,2.18,0.26,4933,1,2.18,0.26,4933
2026-05-09 16:10:22,1,1,1,1526.0,64,31.0,786,1308,1,2.18,0.26,4933,1,2.18,0.26,4933
2026-05-09 16:10:22,1,1,1,1564.9,64,33.2,856,1310,1,2.18,0.25,3281,1,2.18,0.25,3281
2026-05-09 16:10:22,1,1,1,1564.9,64,33.2,856,1310,1,2.18,0.25,3281,1,2.18,0.25,3281
2026-05-09 16:10:22,1,1,1,1609.7,64,35.5,934,1311,1,2.21,0.25,3281,1,2.21,0.25,3281
2026-05-09 16:10:22,1,1,1,1609.7,64,35.5,934,1311,1,2.21,0.25,3281,1,2.21,0.25,3281
2026-05-09 16:10:22,1,1,1,1659.5,88,37.9,1020,1309,1,2.21,0.25,3281,1,2.21,0.25,3281
2026-05-09 16:10:22,1,1,1,1659.5,88,37.9,1020,1309,1,2.21,0.25,3281,1,2.21,0.25,3281
2026-05-09 16:10:22,1,1,1,1712.0,24,39.5,1089,1321,1,2.21,0.25,3281,1,2.21,0.25,3281
2026-05-09 16:10:22,1,1,1,1770.1,48,40.1,1139,1355,1,2.21,0.25,3281,1,2.21,0.25,3281
2026-05-09 16:10:23,1,1,1,1770.1,48,40.1,1139,1355,1,2.21,0.25,3281,1,2.21,0.25,3281
2026-05-09 16:10:23,1,1,1,1824.3,48,40.5,1185,1387,1,2.21,0.25,3281,1,2.21,0.25,3281
2026-05-09 16:10:23,1,1,1,1824.3,48,40.5,1185,1387,1,2.21,0.25,3281,1,2.21,0.25,3281
2026-05-09 16:10:23,1,1,1,1875.5,48,40.7,1224,1421,1,2.21,0.25,3281,1,2.21,0.25,3281
2026-05-09 16:10:23,1,1,1,1875.5,48,40.7,1224,1421,1,2.21,0.25,3281,1,2.21,0.25,3281
2026-05-09 16:10:23,1,1,1,1916.8,39,40.4,1242,1460,1,2.21,0.25,3281,1,2.21,0.25,3281
2026-05-09 16:10:23,1,1,1,1916.8,39,40.4,1242,1460,1,2.24,0.48,4996,1,2.24,0.48,4996
2026-05-09 16:10:23,1,1,1,1958.5,48,39.7,1252,1506,1,2.24,0.48,4996,1,2.24,0.48,4996
2026-05-09 16:10:23,1,1,1,1988.4,32,38.3,1233,1560,1,2.28,0.49,2465,1,2.28,0.49,2465
2026-05-09 16:10:23,1,1,1,1988.4,32,38.3,1233,1560,1,2.28,0.49,2465,1,2.28,0.49,2465
2026-05-09 16:10:23,1,1,1,2020.6,48,37.2,1221,1610,1,2.30,0.48,10282,1,2.30,0.48,10282
2026-05-09 16:10:23,1,1,1,2020.6,48,37.2,1221,1610,1,2.30,0.48,10282,1,2.30,0.48,10282
2026-05-09 16:10:23,1,1,1,2062.8,24,35.5,1197,1680,1,2.35,0.48,10282,1,2.35,0.48,10282
2026-05-09 16:10:23,1,1,1,2062.8,24,35.5,1197,1680,1,2.35,0.48,10282,1,2.35,0.48,10282
2026-05-09 16:10:23,1,1,1,2096.6,32,34.3,1180,1733,1,2.35,0.48,10282,1,2.35,0.48,10282
2026-05-09 16:10:23,1,1,1,2096.6,32,34.3,1180,1733,1,2.35,0.48,10282,1,2.35,0.48,10282
2026-05-09 16:10:23,1,1,1,2127.6,32,33.6,1176,1773,1,2.35,0.48,10282,1,2.35,0.48,10282
2026-05-09 16:10:23,1,1,1,2149.6,32,33.1,1175,1800,1,2.35,0.48,10282,1,2.35,0.48,10282
2026-05-09 16:10:23,1,1,1,2149.6,32,33.1,1175,1800,1,2.29,0.24,1225,1,2.29,0.24,1225
2026-05-09 16:10:23,1,1,1,2172.5,32,32.8,1177,1826,1,2.29,0.24,1225,1,2.29,0.24,1225
2026-05-09 16:10:24,1,1,1,2172.5,32,32.8,1177,1826,1,2.41,0.36,9256,1,2.41,0.36,9256
2026-05-09 16:10:24,1,1,1,2201.4,39,32.3,1176,1861,1,2.41,0.36,9256,1,2.41,0.36,9256
2026-05-09 16:10:24,1,1,1,2201.4,39,32.3,1176,1861,1,2.44,0.36,9256,1,2.44,0.36,9256
2026-05-09 16:10:24,1,1,1,2235.1,24,31.9,1182,1897,1,2.44,0.36,9256,1,2.44,0.36,9256
2026-05-09 16:10:24,1,1,1,2270.0,24,31.4,1182,1938,1,2.50,0.32,2401,1,2.50,0.32,2401
2026-05-09 16:10:24,1,1,1,2270.0,24,31.4,1182,1938,1,2.50,0.32,2401,1,2.50,0.32,2401
2026-05-09 16:10:24,1,1,1,2317.3,16,30.6,1179,1995,1,2.54,0.32,2401,1,2.54,0.32,2401
2026-05-09 16:10:24,1,1,1,2317.3,16,30.6,1179,1995,1,2.54,0.32,2401,1,2.54,0.32,2401
2026-05-09 16:10:24,1,1,1,2355.7,8,29.8,1171,2044,1,2.54,0.32,2401,1,2.54,0.32,2401
2026-05-09 16:10:24,1,1,1,2355.7,8,29.8,1171,2044,0,0.00,0.00,0,1,2.54,0.32,2401
2026-05-09 16:10:24,1,1,1,2385.9,8,29.0,1158,2086,0,0.00,0.00,0,1,2.54,0.32,2401
2026-05-09 16:10:24,1,1,1,2385.9,8,29.0,1158,2086,0,0.00,0.00,0,1,2.54,0.32,2401
2026-05-09 16:10:24,1,1,1,2397.2,-8,28.2,1134,2112,0,0.00,0.00,0,1,2.54,0.32,2401
2026-05-09 16:10:24,1,1,1,2385.8,-8,27.6,1106,2114,0,0.00,0.00,0,1,2.54,0.32,2401
2026-05-09 16:10:24,1,1,1,2385.8,-8,27.6,1106,2114,0,0.00,0.00,0,1,2.54,0.32,2401
2026-05-09 16:10:24,1,1,1,2382.3,-8,26.7,1069,2129,0,0.00,0.00,0,1,2.54,0.32,2401
2026-05-09 16:10:24,1,1,1,2382.3,-8,26.7,1069,2129,0,0.00,0.00,0,1,2.54,0.32,2401
2026-05-09 16:10:24,1,1,1,2378.8,-8,25.3,1018,2150,0,0.00,0.00,0,1,2.54,0.32,2401
2026-05-09 16:10:24,1,1,1,2378.8,-8,25.3,1018,2150,0,0.00,0.00,0,1,2.54,0.32,2401
2026-05-09 16:10:24,1,1,1,2373.5,0,23.4,941,2179,0,0.00,0.00,0,0,0.00,0.00,0
2026-05-09 16:10:25,1,1,1,2382.1,0,21.1,856,2223,0,0.00,0.00,0,0,0.00,0.00,0
2026-05-09 16:10:25,1,1,1,2382.1,0,21.1,856,2223,0,0.00,0.00,0,0,0.00,0.00,0
2026-05-09 16:10:25,1,1,1,2400.5,0,19.4,798,2264,0,0.00,0.00,0,0,0.00,0.00,0
2026-05-09 16:10:25,1,1,1,2400.5,0,19.4,798,2264,0,0.00,0.00,0,0,0.00,0.00,0
2026-05-09 16:10:25,1,1,1,2413.1,16,17.5,727,2301,0,0.00,0.00,0,0,0.00,0.00,0
2026-05-09 16:10:25,1,1,1,2413.1,16,17.5,727,2301,0,0.00,0.00,0,0,0.00,0.00,0
2026-05-09 16:10:25,1,1,1,2437.4,-8,15.4,647,2350,0,0.00,0.00,0,0,0.00,0.00,0
2026-05-09 16:10:25,1,1,1,2437.4,-8,15.4,647,2350,0,0.00,0.00,0,0,0.00,0.00,0
2026-05-09 16:10:25,1,1,1,2486.3,0,13.6,583,2417,0,0.00,0.00,0,0,0.00,0.00,0
2026-05-09 16:10:25,1,1,1,2561.9,0,11.1,493,2514,0,0.00,0.00,0,0,0.00,0.00,0
2026-05-09 16:10:25,1,1,1,2561.9,0,11.1,493,2514,0,0.00,0.00,0,0,0.00,0.00,0
2026-05-09 16:10:25,1,1,1,2638.7,0,8.3,381,2611,0,0.00,0.00,0,0,0.00,0.00,0
2026-05-09 16:10:25,1,1,1,2638.7,0,8.3,381,2611,0,0.00,0.00,0,0,0.00,0.00,0
2026-05-09 16:10:25,1,1,1,2700.8,0,6.2,292,2685,0,0.00,0.00,0,0,0.00,0.00,0
2026-05-09 16:10:25,1,1,1,2700.8,0,6.2,292,2685,0,0.00,0.00,0,0,0.00,0.00,0
2026-05-09 16:10:25,1,1,1,2741.2,-16,4.4,212,2733,0,0.00,0.00,0,0,0.00,0.00,0
2026-05-09 16:10:25,1,1,1,2688.8,-16,3.0,142,2685,0,0.00,0.00,0,0,0.00,0.00,0
2026-05-09 16:10:25,1,1,1,2688.8,-16,3.0,142,2685,0,0.00,0.00,0,0,0.00,0.00,0
2026-05-09 16:10:25,1,1,1,2636.1,0,1.7,77,2635,0,0.00,0.00,0,0,0.00,0.00,0
2026-05-09 16:10:25,1,1,1,2636.1,0,1.7,77,2635,0,0.00,0.00,0,0,0.00,0.00,0
2026-05-09 16:10:26,1,1,1,2613.0,0,-0.2,-10,2613,0,0.00,0.00,0,0,0.00,0.00,0
2026-05-09 16:10:26,1,1,1,2613.0,0,-0.2,-10,2613,0,0.00,0.00,0,0,0.00,0.00,0
2026-05-09 16:10:26,1,1,1,2669.4,0,-2.4,-114,2667,0,0.00,0.00,0,0,0.00,0.00,0
2026-05-09 16:10:26,1,1,1,2669.4,0,-2.4,-114,2667,0,0.00,0.00,0,0,0.00,0.00,0
2026-05-09 16:10:26,1,1,1,2711.7,16,-4.6,-217,2703,0,0.00,0.00,0,0,0.00,0.00,0
2026-05-09 16:10:26,1,1,1,2743.4,16,-6.1,-290,2728,0,0.00,0.00,0,0,0.00,0.00,0
2026-05-09 16:10:26,1,1,1,2743.4,16,-6.1,-290,2728,0,0.00,0.00,0,1,2.52,0.25,11401
2026-05-09 16:10:26,1,1,1,2749.5,39,-7.6,-366,2725,0,0.00,0.00,0,1,2.52,0.25,11401
2026-05-09 16:10:26,1,1,1,2749.5,39,-7.6,-366,2725,1,2.53,0.27,13000,1,2.53,0.27,13000
2026-05-09 16:10:26,1,1,1,2701.6,24,-9.6,-449,2664,1,2.53,0.27,13000,1,2.53,0.27,13000
2026-05-09 16:10:26,1,1,1,2701.6,24,-9.6,-449,2664,1,2.55,0.27,13000,1,2.55,0.27,13000
2026-05-09 16:10:26,1,1,1,2649.4,24,-11.6,-534,2595,1,2.55,0.27,13000,1,2.55,0.27,13000
2026-05-09 16:10:26,1,1,1,2622.8,8,-13.2,-601,2553,1,2.55,0.27,13000,1,2.55,0.27,13000
2026-05-09 16:10:26,1,1,1,2622.8,8,-13.2,-601,2553,1,2.55,0.27,13000,1,2.55,0.27,13000
2026-05-09 16:10:26,1,1,1,2606.3,8,-14.8,-665,2520,1,2.55,0.27,13000,1,2.55,0.27,13000
2026-05-09 16:10:26,1,1,1,2606.3,8,-14.8,-665,2520,1,2.55,0.27,13000,1,2.55,0.27,13000
2026-05-09 16:10:26,1,1,1,2613.3,0,-16.5,-741,2506,1,2.55,0.27,13000,1,2.55,0.27,13000
2026-05-09 16:10:26,1,1,1,2613.3,0,-16.5,-741,2506,1,2.55,0.27,13000,1,2.55,0.27,13000
2026-05-09 16:10:26,1,1,1,2661.1,0,-18.5,-843,2524,1,2.55,0.27,13000,1,2.55,0.27,13000
2026-05-09 16:10:26,1,1,1,2661.1,0,-18.5,-843,2524,1,2.55,0.27,13000,1,2.55,0.27,13000
2026-05-09 16:10:27,1,1,1,2748.0,0,-20.4,-957,2576,1,2.55,0.27,13000,1,2.55,0.27,13000
2026-05-09 16:10:27,1,1,1,2858.8,0,-22.6,-1097,2640,1,2.55,0.27,13000,1,2.55,0.27,13000
2026-05-09 16:10:27,1,1,1,2858.8,0,-22.6,-1097,2640,1,2.55,0.27,13000,1,2.55,0.27,13000
2026-05-09 16:10:27,1,1,1,2961.2,0,-24.5,-1227,2695,1,0.00,0.00,0,0,0.00,0.00,0
2026-05-09 16:10:27,1,1,1,2961.2,0,-24.5,-1227,2695,1,0.00,0.00,0,0,0.00,0.00,0
2026-05-09 16:10:27,1,1,1,3006.9,0,-25.3,-1286,2718,1,0.00,0.00,0,0,0.00,0.00,0
2026-05-09 16:10:27,1,1,1,3006.9,0,-25.3,-1286,2718,1,0.00,0.00,0,0,0.00,0.00,0
2026-05-09 16:10:27,1,1,1,3060.4,0,-26.0,-1341,2751,1,0.00,0.00,0,0,0.00,0.00,0
2026-05-09 16:10:27,1,1,1,3060.4,0,-26.0,-1341,2751,0,0.00,0.00,0,0,0.00,0.00,0
2026-05-09 16:10:27,1,1,1,3109.5,0,-26.9,-1407,2773,0,0.00,0.00,0,0,0.00,0.00,0
2026-05-09 16:10:27,1,1,1,3131.8,0,-27.9,-1467,2767,0,0.00,0.00,0,0,0.00,0.00,0
2026-05-09 16:10:27,1,1,1,3131.8,0,-27.9,-1467,2767,0,0.00,0.00,0,0,0.00,0.00,0
2026-05-09 16:10:27,1,1,1,3126.2,24,-29.0,-1516,2734,0,0.00,0.00,0,0,0.00,0.00,0
2026-05-09 16:10:27,1,1,1,3126.2,24,-29.0,-1516,2734,0,0.00,0.00,0,0,0.00,0.00,0
2026-05-09 16:10:27,1,1,1,3063.2,8,-30.7,-1562,2635,0,0.00,0.00,0,0,0.00,0.00,0
2026-05-09 16:10:27,1,1,1,3063.2,8,-30.7,-1562,2635,0,0.00,0.00,0,0,0.00,0.00,0
2026-05-09 16:10:27,1,1,1,3005.4,0,-31.9,-1589,2551,0,0.00,0.00,0,0,0.00,0.00,0
2026-05-09 16:10:27,1,1,1,2935.9,-16,-33.1,-1604,2459,0,0.00,0.00,0,0,0.00,0.00,0
2026-05-09 16:10:27,1,1,1,2935.9,-16,-33.1,-1604,2459,0,0.00,0.00,0,0,0.00,0.00,0
2026-05-09 16:10:27,1,1,1,2871.2,-24,-34.2,-1612,2376,0,0.00,0.00,0,0,0.00,0.00,0
2026-05-09 16:10:28,1,1,1,2871.2,-24,-34.2,-1612,2376,0,0.00,0.00,0,0,0.00,0.00,0
2026-05-09 16:10:28,1,1,1,2813.4,-39,-35.3,-1626,2296,0,0.00,0.00,0,0,0.00,0.00,0
2026-05-09 16:10:28,1,1,1,2813.4,-39,-35.3,-1626,2296,0,0.00,0.00,0,1,2.74,-0.44,8730
2026-05-09 16:10:28,1,1,1,2753.8,-56,-36.7,-1647,2207,0,0.00,0.00,0,1,2.74,-0.44,8730
2026-05-09 16:10:28,1,1,1,2753.8,-56,-36.7,-1647,2207,1,2.70,-0.44,8730,1,2.70,-0.44,8730
2026-05-09 16:10:28,1,1,1,2701.1,-72,-37.7,-1652,2137,1,2.70,-0.44,8730,1,2.70,-0.44,8730
2026-05-09 16:10:28,1,1,1,2651.7,-56,-38.6,-1656,2071,1,2.70,-0.44,8730,1,2.70,-0.44,8730
2026-05-09 16:10:28,1,1,1,2651.7,-56,-38.6,-1656,2071,1,2.70,-0.44,8730,1,2.70,-0.44,8730
2026-05-09 16:10:28,1,1,1,2610.3,-32,-39.3,-1652,2021,1,2.70,-0.44,8730,1,2.70,-0.44,8730
2026-05-09 16:10:28,1,1,1,2610.3,-32,-39.3,-1652,2021,1,2.70,-0.44,8730,1,2.70,-0.44,8730
2026-05-09 16:10:28,1,1,1,2569.2,-48,-39.9,-1648,1971,1,2.70,-0.44,8730,1,2.70,-0.44,8730
2026-05-09 16:10:28,1,1,1,2569.2,-48,-39.9,-1648,1971,1,2.70,-0.44,8730,1,2.70,-0.44,8730
2026-05-09 16:10:28,1,1,1,2526.9,-56,-40.6,-1644,1919,1,2.70,-0.44,8730,1,2.70,-0.44,8730
2026-05-09 16:10:28,1,1,1,2483.0,-64,-41.2,-1637,1867,1,2.70,-0.44,8730,1,2.70,-0.44,8730
2026-05-09 16:10:28,1,1,1,2483.0,-64,-41.2,-1637,1867,1,2.70,-0.44,8730,1,2.70,-0.44,8730
2026-05-09 16:10:28,1,1,1,2438.9,-39,-41.3,-1610,1832,1,2.70,-0.44,8730,1,2.70,-0.44,8730
2026-05-09 16:10:28,1,1,1,2438.9,-39,-41.3,-1610,1832,1,2.70,-0.44,8730,1,2.70,-0.44,8730
2026-05-09 16:10:28,1,1,1,2393.9,-72,-41.7,-1594,1786,1,0.00,0.00,0,0,0.00,0.00,0
2026-05-09 16:10:28,1,1,1,2393.9,-72,-41.7,-1594,1786,1,0.00,0.00,0,0,0.00,0.00,0
2026-05-09 16:10:28,1,1,1,2346.2,-48,-42.2,-1575,1739,1,0.00,0.00,0,0,0.00,0.00,0
2026-05-09 16:10:29,1,1,1,2346.2,-48,-42.2,-1575,1739,1,0.00,0.00,0,0,0.00,0.00,0
2026-05-09 16:10:29,1,1,1,2300.4,-56,-42.5,-1553,1697,1,0.00,0.00,0,0,0.00,0.00,0
2026-05-09 16:10:29,1,1,1,2257.8,-48,-42.5,-1526,1664,0,0.00,0.00,0,0,0.00,0.00,0
2026-05-09 16:10:29,1,1,1,2257.8,-48,-42.5,-1526,1664,0,0.00,0.00,0,0,0.00,0.00,0
2026-05-09 16:10:29,1,1,1,2220.7,-32,-41.9,-1483,1653,0,0.00,0.00,0,0,0.00,0.00,0
2026-05-09 16:10:29,1,1,1,2220.7,-32,-41.9,-1483,1653,0,0.00,0.00,0,0,0.00,0.00,0
2026-05-09 16:10:29,1,1,1,2182.4,-48,-41.6,-1449,1632,0,0.00,0.00,0,0,0.00,0.00,0
2026-05-09 16:10:29,1,1,1,2182.4,-48,-41.6,-1449,1632,0,0.00,0.00,0,0,0.00,0.00,0
2026-05-09 16:10:29,1,1,1,2124.3,-56,-41.6,-1411,1588,0,0.00,0.00,0,0,0.00,0.00,0
2026-05-09 16:10:29,1,1,1,2065.0,-56,-41.9,-1378,1538,0,0.00,0.00,0,0,0.00,0.00,0
2026-05-09 16:10:29,1,1,1,2065.0,-56,-41.9,-1378,1538,0,0.00,0.00,0,0,0.00,0.00,0
2026-05-09 16:10:29,1,1,1,2008.5,-48,-41.8,-1338,1498,0,0.00,0.00,0,0,0.00,0.00,0
2026-05-09 16:10:29,1,1,1,2008.5,-48,-41.8,-1338,1498,0,0.00,0.00,0,1,1.99,-0.24,19044
2026-05-09 16:10:29,1,1,1,1957.7,-39,-41.4,-1294,1469,0,0.00,0.00,0,1,1.99,-0.24,19044
2026-05-09 16:10:29,1,1,1,1957.7,-39,-41.4,-1294,1469,1,1.98,-0.32,31120,1,1.98,-0.32,31120
2026-05-09 16:10:29,1,1,1,1917.9,-32,-40.8,-1253,1452,1,1.98,-0.32,31120,1,1.98,-0.32,31120
2026-05-09 16:10:29,1,1,1,1917.9,-32,-40.8,-1253,1452,1,1.88,-0.30,10946,1,1.88,-0.30,10946
2026-05-09 16:10:29,1,1,1,1888.5,-32,-39.4,-1199,1459,1,1.88,-0.30,10946,1,1.88,-0.30,10946
2026-05-09 16:10:29,1,1,1,1856.4,-39,-38.0,-1144,1462,1,1.82,-0.32,50914,1,1.82,-0.32,50914
2026-05-09 16:10:29,1,1,1,1856.4,-39,-38.0,-1144,1462,1,1.82,-0.32,50914,1,1.82,-0.32,50914
2026-05-09 16:10:30,1,1,1,1821.4,-48,-36.9,-1093,1457,1,1.79,-0.32,50914,1,1.79,-0.32,50914
2026-05-09 16:10:30,1,1,1,1821.4,-48,-36.9,-1093,1457,1,1.79,-0.32,50914,1,1.79,-0.32,50914
2026-05-09 16:10:30,1,1,1,1775.9,-39,-35.8,-1038,1441,1,1.79,-0.32,50914,1,1.79,-0.32,50914
2026-05-09 16:10:30,1,1,1,1775.9,-39,-35.8,-1038,1441,1,1.79,-0.32,50914,1,1.79,-0.32,50914
2026-05-09 16:10:30,1,1,1,1736.1,-39,-34.4,-980,1433,1,1.79,-0.32,50914,1,1.79,-0.32,50914
2026-05-09 16:10:30,1,1,1,1680.4,-48,-32.8,-911,1412,1,1.79,-0.32,50914,1,1.79,-0.32,50914
2026-05-09 16:10:30,1,1,1,1680.4,-48,-32.8,-911,1412,1,1.79,-0.32,50914,1,1.79,-0.32,50914
2026-05-09 16:10:30,1,1,1,1621.0,-39,-31.0,-834,1390,1,1.79,-0.32,50914,1,1.79,-0.32,50914
2026-05-09 16:10:30,1,1,1,1621.0,-39,-31.0,-834,1390,1,1.50,-0.24,28665,1,1.50,-0.24,28665
2026-05-09 16:10:30,1,1,1,1568.2,-24,-28.7,-754,1375,1,1.50,-0.24,28665,1,1.50,-0.24,28665
2026-05-09 16:10:30,1,1,1,1568.2,-24,-28.7,-754,1375,1,1.48,-0.23,62525,1,1.48,-0.23,62525
2026-05-09 16:10:30,1,1,1,1524.6,-16,-26.5,-681,1364,1,1.48,-0.23,62525,1,1.48,-0.23,62525
2026-05-09 16:10:30,1,1,1,1524.6,-16,-26.5,-681,1364,1,1.46,-0.23,62525,1,1.46,-0.23,62525
2026-05-09 16:10:30,1,1,1,1479.6,-8,-24.3,-610,1348,1,1.46,-0.23,62525,1,1.46,-0.23,62525
2026-05-09 16:10:30,1,1,1,1450.7,8,-21.7,-536,1348,1,1.46,-0.23,62525,1,1.46,-0.23,62525
2026-05-09 16:10:30,1,1,1,1450.7,8,-21.7,-536,1348,1,1.46,-0.23,62525,1,1.46,-0.23,62525
2026-05-09 16:10:30,1,1,1,1433.2,0,-18.8,-461,1357,1,1.46,-0.23,62525,1,1.46,-0.23,62525
2026-05-09 16:10:30,1,1,1,1433.2,0,-18.8,-461,1357,1,1.46,-0.23,62525,1,1.46,-0.23,62525
2026-05-09 16:10:30,1,1,1,1426.9,0,-15.7,-385,1374,1,1.50,0.00,51122,1,1.50,0.00,51122
2026-05-09 16:10:30,1,1,1,1426.9,0,-15.7,-385,1374,1,1.50,0.00,51122,1,1.50,0.00,51122
2026-05-09 16:10:31,1,1,1,1421.3,0,-12.4,-306,1388,1,1.50,0.00,51122,1,1.50,0.00,51122
2026-05-09 16:10:31,1,1,1,1413.0,0,-9.2,-225,1395,1,1.50,0.00,51122,1,1.50,0.00,51122
2026-05-09 16:10:31,1,1,1,1413.0,0,-9.2,-225,1395,1,1.50,0.00,51122,1,1.50,0.00,51122
2026-05-09 16:10:31,1,1,1,1408.3,0,-5.8,-143,1401,1,1.50,0.00,51122,1,1.50,0.00,51122
2026-05-09 16:10:31,1,1,1,1408.3,0,-5.8,-143,1401,1,1.50,0.00,51122,1,1.50,0.00,51122
2026-05-09 16:10:31,1,1,1,1393.1,0,-2.3,-56,1392,1,1.50,0.00,51122,1,1.50,0.00,51122
2026-05-09 16:10:31,1,1,1,1393.1,0,-2.3,-56,1392,1,1.50,0.00,51122,1,1.50,0.00,51122
2026-05-09 16:10:31,1,1,1,1383.0,0,0.5,11,1383,1,1.50,0.00,51122,1,1.50,0.00,51122
2026-05-09 16:10:31,1,1,1,1383.0,0,0.5,11,1383,1,1.50,0.00,51122,1,1.50,0.00,51122
2026-05-09 16:10:31,1,1,1,1388.3,0,2.5,60,1387,1,1.50,0.00,51122,1,1.50,0.00,51122
2026-05-09 16:10:31,1,1,1,1392.3,24,5.0,121,1387,1,1.50,0.00,51122,1,1.50,0.00,51122
2026-05-09 16:10:31,1,1,1,1392.3,24,5.0,121,1387,1,1.50,0.00,51122,1,1.50,0.00,51122
2026-05-09 16:10:31,1,1,1,1383.9,39,8.7,209,1368,1,3.25,0.23,7538,1,3.25,0.23,7538
2026-05-09 16:10:31,1,1,1,1383.9,39,8.7,209,1368,1,3.25,0.23,7538,1,3.25,0.23,7538
2026-05-09 16:10:31,1,1,1,1374.1,39,12.8,304,1340,1,3.27,0.23,7538,1,3.27,0.23,7538
2026-05-09 16:10:31,1,1,1,1374.1,39,12.8,304,1340,1,3.27,0.23,7538,1,3.27,0.23,7538
2026-05-09 16:10:31,1,1,1,1373.3,56,16.8,396,1315,1,2.42,0.27,25216,1,2.42,0.27,25216
2026-05-09 16:10:31,1,1,1,1373.3,56,16.8,396,1315,1,2.42,0.27,25216,1,2.42,0.27,25216
2026-05-09 16:10:31,1,1,1,1397.7,56,20.2,482,1312,1,2.45,0.27,25216,1,2.45,0.27,25216
2026-05-09 16:10:31,1,1,1,1432.9,56,22.8,555,1321,1,2.45,0.27,25216,1,2.45,0.27,25216
2026-05-09 16:10:32,1,1,1,1432.9,56,22.8,555,1321,1,2.24,0.30,48722,1,2.24,0.30,48722
2026-05-09 16:10:32,1,1,1,1474.0,56,25.2,627,1334,1,2.24,0.30,48722,1,2.24,0.30,48722
2026-05-09 16:10:32,1,1,1,1474.0,56,25.2,627,1334,1,2.14,0.32,4420,1,2.14,0.32,4420
2026-05-09 16:10:32,1,1,1,1516.2,48,27.2,694,1348,1,2.14,0.32,4420,1,2.14,0.32,4420
2026-05-09 16:10:32,1,1,1,1516.2,48,27.2,694,1348,1,2.18,0.32,4420,1,2.18,0.32,4420
2026-05-09 16:10:32,1,1,1,1557.9,48,29.2,760,1360,1,2.18,0.32,4420,1,2.18,0.32,4420
2026-05-09 16:10:32,1,1,1,1605.7,56,31.0,826,1377,1,2.18,0.32,4420,1,2.18,0.32,4420
2026-05-09 16:10:32,1,1,1,1605.7,56,31.0,826,1377,1,2.18,0.32,4420,1,2.18,0.32,4420
2026-05-09 16:10:32,1,1,1,1647.8,48,32.5,885,1390,1,2.18,0.32,4420,1,2.18,0.32,4420
2026-05-09 16:10:32,1,1,1,1647.8,48,32.5,885,1390,1,2.18,0.32,4420,1,2.18,0.32,4420
2026-05-09 16:10:32,1,1,1,1689.0,79,34.6,958,1391,1,2.18,0.32,4420,1,2.18,0.32,4420
2026-05-09 16:10:32,1,1,1,1689.0,79,34.6,958,1391,1,2.18,0.32,4420,1,2.18,0.32,4420
2026-05-09 16:10:32,1,1,1,1732.8,56,37.0,1044,1383,1,2.18,0.32,4420,1,2.18,0.32,4420
2026-05-09 16:10:32,1,1,1,1732.8,56,37.0,1044,1383,1,2.18,0.32,4420,1,2.18,0.32,4420
2026-05-09 16:10:32,1,1,1,1781.8,24,38.6,1111,1393,1,2.18,0.32,4420,1,2.18,0.32,4420
2026-05-09 16:10:32,1,1,1,1833.7,104,40.7,1196,1390,1,2.18,0.32,4420,1,2.18,0.32,4420
2026-05-09 16:10:32,1,1,1,1833.7,104,40.7,1196,1390,1,2.18,0.32,4420,1,2.18,0.32,4420
2026-05-09 16:10:32,1,1,1,1887.6,-8,42.1,1265,1401,1,0.00,0.00,0,0,0.00,0.00,0
2026-05-09 16:10:32,1,1,1,1887.6,-8,42.1,1265,1401,1,0.00,0.00,0,0,0.00,0.00,0
2026-05-09 16:10:32,1,1,1,1932.2,56,43.1,1320,1411,1,0.00,0.00,0,0,0.00,0.00,0
2026-05-09 16:10:33,1,1,1,1932.2,56,43.1,1320,1411,1,0.00,0.00,0,0,0.00,0.00,0
2026-05-09 16:10:33,1,1,1,1973.3,39,43.8,1366,1424,1,0.00,0.00,0,0,0.00,0.00,0
2026-05-09 16:10:33,1,1,1,2012.5,39,44.7,1416,1430,0,0.00,0.00,0,0,0.00,0.00,0
2026-05-09 16:10:33,1,1,1,2012.5,39,44.7,1416,1430,0,0.00,0.00,0,0,0.00,0.00,0
2026-05-09 16:10:33,1,1,1,2046.4,24,45.1,1449,1445,0,0.00,0.00,0,0,0.00,0.00,0
2026-05-09 16:10:33,1,1,1,2046.4,24,45.1,1449,1445,0,0.00,0.00,0,0,0.00,0.00,0
2026-05-09 16:10:33,1,1,1,2074.7,24,44.8,1461,1473,0,0.00,0.00,0,0,0.00,0.00,0
2026-05-09 16:10:33,1,1,1,2074.7,24,44.8,1461,1473,0,0.00,0.00,0,0,0.00,0.00,0
2026-05-09 16:10:33,1,1,1,2089.5,32,44.7,1469,1486,0,0.00,0.00,0,0,0.00,0.00,0
2026-05-09 16:10:33,1,1,1,2089.5,32,44.7,1469,1486,0,0.00,0.00,0,0,0.00,0.00,0
2026-05-09 16:10:33,1,1,1,2098.1,16,44.3,1465,1502,0,0.00,0.00,0,0,0.00,0.00,0
2026-05-09 16:10:33,1,1,1,2111.2,16,43.8,1461,1524,0,0.00,0.00,0,0,0.00,0.00,0
2026-05-09 16:10:33,1,1,1,2111.2,16,43.8,1461,1524,0,0.00,0.00,0,0,0.00,0.00,0
2026-05-09 16:10:33,1,1,1,2135.5,8,43.5,1469,1550,0,0.00,0.00,0,0,0.00,0.00,0
2026-05-09 16:10:33,1,1,1,2135.5,8,43.5,1469,1550,0,0.00,0.00,0,1,2.49,0.01,2080
2026-05-09 16:10:33,1,1,1,2176.8,0,42.7,1476,1600,0,0.00,0.00,0,1,2.49,0.01,2080
2026-05-09 16:10:33,1,1,1,2176.8,0,42.7,1476,1600,0,0.00,0.00,0,1,2.49,0.01,2080
2026-05-09 16:10:33,1,1,1,2196.3,-24,42.1,1472,1630,0,0.00,0.00,0,1,2.49,0.01,2080
2026-05-09 16:10:33,1,1,1,2202.2,-16,42.0,1473,1637,0,0.00,0.00,0,1,2.48,-0.10,1013
2026-05-09 16:10:33,1,1,1,2202.2,-16,42.0,1473,1637,0,0.00,0.00,0,1,2.48,-0.10,1013
2026-05-09 16:10:34,1,1,1,2208.3,-16,41.8,1471,1647,0,0.00,0.00,0,1,2.47,-0.10,1013
2026-05-09 16:10:34,1,1,1,2208.3,-16,41.8,1471,1647,0,0.00,0.00,0,1,2.47,-0.10,1013
2026-05-09 16:10:34,1,1,1,2201.0,-32,41.2,1451,1655,0,0.00,0.00,0,1,2.47,-0.10,1013
2026-05-09 16:10:34,1,1,1,2201.0,-32,41.2,1451,1655,0,0.00,0.00,0,1,2.47,-0.10,1013
2026-05-09 16:10:34,1,1,1,2194.7,-39,40.7,1431,1664,0,0.00,0.00,0,1,2.47,-0.10,1013
2026-05-09 16:10:34,1,1,1,2194.7,-39,40.7,1431,1664,0,0.00,0.00,0,1,2.47,-0.10,1013
2026-05-09 16:10:34,1,1,1,2187.3,-39,40.1,1409,1673,0,0.00,0.00,0,1,2.47,-0.10,1013
2026-05-09 16:10:34,1,1,1,2181.2,-32,39.4,1385,1685,0,0.00,0.00,0,1,2.47,-0.10,1013
2026-05-09 16:10:34,1,1,1,2181.2,-32,39.4,1385,1685,0,0.00,0.00,0,1,2.07,-0.45,6376
2026-05-09 16:10:34,1,1,1,2163.8,-48,38.6,1350,1691,0,0.00,0.00,0,1,2.07,-0.45,6376
2026-05-09 16:10:34,1,1,1,2163.8,-48,38.6,1350,1691,1,2.02,-0.43,7625,1,2.02,-0.43,7625
2026-05-09 16:10:34,1,1,1,2124.0,-39,36.9,1276,1698,1,2.02,-0.43,7625,1,2.02,-0.43,7625
2026-05-09 16:10:34,1,1,1,2124.0,-39,36.9,1276,1698,1,2.00,-0.37,9970,1,2.00,-0.37,9970
2026-05-09 16:10:34,1,1,1,2096.0,-24,35.3,1212,1710,1,2.00,-0.37,9970,1,2.00,-0.37,9970
2026-05-09 16:10:34,1,1,1,2060.7,-16,33.8,1147,1712,1,1.96,-0.37,9970,1,1.96,-0.37,9970
2026-05-09 16:10:34,1,1,1,2060.7,-16,33.8,1147,1712,1,1.96,-0.37,9970,1,1.96,-0.37,9970
2026-05-09 16:10:34,1,1,1,2028.8,-24,32.0,1076,1720,1,1.96,-0.31,16949,1,1.96,-0.31,16949
2026-05-09 16:10:34,1,1,1,2028.8,-24,32.0,1076,1720,1,1.96,-0.31,16949,1,1.96,-0.31,16949
2026-05-09 16:10:34,1,1,1,2024.1,-8,30.2,1017,1750,1,1.93,-0.31,16949,1,1.93,-0.31,16949
2026-05-09 16:10:34,1,1,1,2024.1,-8,30.2,1017,1750,1,1.93,-0.31,16949,1,1.93,-0.31,16949
2026-05-09 16:10:35,1,1,1,2020.0,-16,28.2,955,1780,1,1.94,-0.27,6925,1,1.94,-0.27,6925
2026-05-09 16:10:35,1,1,1,2020.0,-16,28.2,955,1780,1,1.94,-0.27,6925,1,1.94,-0.27,6925
2026-05-09 16:10:35,1,1,1,2011.2,-16,26.2,889,1804,1,1.93,-0.25,18325,1,1.93,-0.25,18325
2026-05-09 16:10:35,1,1,1,2002.5,-24,24.2,822,1826,1,1.93,-0.25,18325,1,1.93,-0.25,18325
2026-05-09 16:10:35,1,1,1,2002.5,-24,24.2,822,1826,1,1.91,-0.25,18325,1,1.91,-0.25,18325
2026-05-09 16:10:35,1,1,1,1991.7,-32,22.4,760,1841,1,1.91,-0.25,18325,1,1.91,-0.25,18325
2026-05-09 16:10:35,1,1,1,1991.7,-32,22.4,760,1841,1,1.91,-0.25,18325,1,1.91,-0.25,18325
2026-05-09 16:10:35,1,1,1,1986.9,-8,20.5,696,1861,1,1.91,-0.25,18325,1,1.91,-0.25,18325
2026-05-09 16:10:35,1,1,1,1986.9,-8,20.5,696,1861,1,1.91,-0.25,18325,1,1.91,-0.25,18325
2026-05-09 16:10:35,1,1,1,1965.4,-32,18.0,608,1869,1,1.91,-0.25,18325,1,1.91,-0.25,18325
2026-05-09 16:10:35,1,1,1,1937.9,-16,15.7,523,1866,1,1.91,-0.25,18325,1,1.91,-0.25,18325
2026-05-09 16:10:35,1,1,1,1937.9,-16,15.7,523,1866,1,1.91,-0.25,18325,1,1.91,-0.25,18325
2026-05-09 16:10:35,1,1,1,1915.8,0,13.1,434,1866,1,3.20,0.02,2034,1,3.20,0.02,2034
2026-05-09 16:10:35,1,1,1,1915.8,0,13.1,434,1866,1,3.20,0.02,2034,1,3.20,0.02,2034
2026-05-09 16:10:35,1,1,1,1907.0,-8,10.7,353,1874,1,3.20,0.02,2034,1,3.20,0.02,2034
2026-05-09 16:10:35,1,1,1,1907.0,-8,10.7,353,1874,1,3.20,0.02,2034,1,3.20,0.02,2034
2026-05-09 16:10:35,1,1,1,1896.6,0,7.8,258,1879,1,3.22,0.01,3233,1,3.22,0.01,3233
2026-05-09 16:10:35,1,1,1,1896.6,0,7.8,258,1879,1,3.22,0.01,3233,1,3.22,0.01,3233
2026-05-09 16:10:35,1,1,1,1879.4,8,4.4,143,1874,1,3.23,0.02,2890,1,3.23,0.02,2890
2026-05-09 16:10:35,1,1,1,1873.6,8,1.4,46,1873,1,3.23,0.02,2890,1,3.23,0.02,2890
2026-05-09 16:10:36,1,1,1,1873.6,8,1.4,46,1873,1,3.23,0.02,2890,1,3.23,0.02,2890
2026-05-09 16:10:36,1,1,1,1872.6,8,-1.4,-47,1872,1,3.23,0.02,2890,1,3.23,0.02,2890
2026-05-09 16:10:36,1,1,1,1872.6,8,-1.4,-47,1872,1,3.23,0.02,2890,1,3.23,0.02,2890
2026-05-09 16:10:36,1,1,1,1852.2,-8,-3.9,-125,1848,0,0.00,0.00,0,1,3.23,0.02,2890
2026-05-09 16:10:36,1,1,1,1852.2,-8,-3.9,-125,1848,0,0.00,0.00,0,1,3.23,0.02,2890
2026-05-09 16:10:36,1,1,1,1835.3,-8,-6.1,-194,1825,0,0.00,0.00,0,1,3.23,0.02,2890
2026-05-09 16:10:36,1,1,1,1835.3,-8,-6.1,-194,1825,0,0.00,0.00,0,1,1.86,0.02,7380
2026-05-09 16:10:36,1,1,1,1820.2,0,-8.1,-257,1802,0,0.00,0.00,0,1,1.86,0.02,7380
2026-05-09 16:10:36,1,1,1,1802.0,0,-9.9,-311,1775,1,1.85,0.02,4285,1,1.85,0.02,4285
2026-05-09 16:10:36,1,1,1,1802.0,0,-9.9,-311,1775,1,1.85,0.02,4285,1,1.85,0.02,4285
2026-05-09 16:10:36,1,1,1,1797.1,16,-11.8,-368,1759,1,1.91,0.10,6229,1,1.91,0.10,6229
2026-05-09 16:10:36,1,1,1,1797.1,16,-11.8,-368,1759,1,1.91,0.10,6229,1,1.91,0.10,6229
2026-05-09 16:10:36,1,1,1,1817.6,8,-13.9,-438,1764,1,1.94,0.13,15049,1,1.94,0.13,15049
2026-05-09 16:10:36,1,1,1,1817.6,8,-13.9,-438,1764,1,1.94,0.13,15049,1,1.94,0.13,15049
2026-05-09 16:10:36,1,1,1,1855.9,0,-16.1,-515,1783,1,1.96,0.13,15049,1,1.96,0.13,15049
2026-05-09 16:10:36,1,1,1,2063.5,0,-19.0,-672,1951,1,1.96,0.13,15049,1,1.96,0.13,15049
2026-05-09 16:10:36,1,1,1,2063.5,0,-19.0,-672,1951,1,1.96,0.13,15049,1,1.96,0.13,15049
2026-05-09 16:10:36,1,1,1,2262.8,48,-21.4,-825,2107,1,1.96,0.13,15049,1,1.96,0.13,15049
2026-05-09 16:10:36,1,1,1,2262.8,48,-21.4,-825,2107,1,1.96,0.13,15049,1,1.96,0.13,15049
2026-05-09 16:10:36,1,1,1,2312.5,24,-22.7,-891,2134,1,1.96,0.13,15049,1,1.96,0.13,15049
2026-05-09 16:10:37,1,1,1,2312.5,24,-22.7,-891,2134,1,1.96,0.13,15049,1,1.96,0.13,15049
2026-05-09 16:10:37,1,1,1,2272.4,32,-23.9,-922,2077,1,1.96,0.13,15049,1,1.96,0.13,15049
2026-05-09 16:10:37,1,1,1,2272.4,32,-23.9,-922,2077,1,1.96,0.13,15049,1,1.96,0.13,15049
2026-05-09 16:10:37,1,1,1,2223.4,56,-25.7,-963,2004,1,1.96,0.13,15049,1,1.96,0.13,15049
2026-05-09 16:10:37,1,1,1,2188.1,48,-27.5,-1010,1941,1,2.31,0.48,6445,1,2.31,0.48,6445
2026-05-09 16:10:37,1,1,1,2188.1,48,-27.5,-1010,1941,1,2.31,0.48,6445,1,2.31,0.48,6445
2026-05-09 16:10:37,1,1,1,2159.4,0,-29.3,-1057,1883,1,2.36,0.48,6445,1,2.36,0.48,6445
2026-05-09 16:10:37,1,1,1,2159.4,0,-29.3,-1057,1883,1,2.36,0.48,6445,1,2.36,0.48,6445
2026-05-09 16:10:37,1,1,1,2155.4,39,-30.9,-1106,1850,1,2.36,0.48,6445,1,2.36,0.48,6445
2026-05-09 16:10:37,1,1,1,2155.4,39,-30.9,-1106,1850,1,2.36,0.48,6445,1,2.36,0.48,6445
2026-05-09 16:10:37,1,1,1,2164.5,39,-32.3,-1156,1830,1,2.36,0.48,6445,1,2.36,0.48,6445
2026-05-09 16:10:37,1,1,1,2191.1,0,-33.5,-1208,1828,1,2.36,0.48,6445,1,2.36,0.48,6445
2026-05-09 16:10:37,1,1,1,2191.1,0,-33.5,-1208,1828,1,2.36,0.48,6445,1,2.36,0.48,6445
2026-05-09 16:10:37,1,1,1,2250.7,8,-34.0,-1257,1867,1,2.36,0.48,6445,1,2.36,0.48,6445
2026-05-09 16:10:37,1,1,1,2250.7,8,-34.0,-1257,1867,1,2.50,0.47,17476,1,2.50,0.47,17476
2026-05-09 16:10:37,1,1,1,2293.2,48,-34.7,-1306,1885,1,2.50,0.47,17476,1,2.50,0.47,17476
2026-05-09 16:10:37,1,1,1,2293.2,48,-34.7,-1306,1885,1,2.54,0.47,17476,1,2.54,0.47,17476
2026-05-09 16:10:37,1,1,1,2325.8,32,-35.2,-1340,1901,1,2.54,0.47,17476,1,2.54,0.47,17476
2026-05-09 16:10:37,1,1,1,2325.8,32,-35.2,-1340,1901,1,2.54,0.38,18605,1,2.54,0.38,18605
2026-05-09 16:10:37,1,1,1,2351.9,39,-36.0,-1382,1903,1,2.54,0.38,18605,1,2.54,0.38,18605
2026-05-09 16:10:38,1,1,1,2369.6,24,-36.6,-1412,1903,1,2.55,0.33,17297,1,2.55,0.33,17297
2026-05-09 16:10:38,1,1,1,2369.6,24,-36.6,-1412,1903,1,2.55,0.33,17297,1,2.55,0.33,17297
2026-05-09 16:10:38,1,1,1,2386.4,24,-36.9,-1432,1909,1,2.56,0.30,11593,1,2.56,0.30,11593
2026-05-09 16:10:38,1,1,1,2386.4,24,-36.9,-1432,1909,1,2.56,0.30,11593,1,2.56,0.30,11593
2026-05-09 16:10:38,1,1,1,2406.2,0,-36.6,-1433,1933,1,2.59,0.30,11593,1,2.59,0.30,11593
2026-05-09 16:10:38,1,1,1,2406.2,0,-36.6,-1433,1933,1,2.59,0.30,11593,1,2.59,0.30,11593
2026-05-09 16:10:38,1,1,1,2410.9,32,-36.5,-1434,1938,1,2.59,0.30,11593,1,2.59,0.30,11593
2026-05-09 16:10:38,1,1,1,2413.6,16,-36.6,-1440,1937,1,2.59,0.30,11593,1,2.59,0.30,11593
2026-05-09 16:10:38,1,1,1,2413.6,16,-36.6,-1440,1937,1,2.59,0.30,11593,1,2.59,0.30,11593
2026-05-09 16:10:38,1,1,1,2413.0,8,-36.6,-1439,1937,1,2.59,0.30,11593,1,2.59,0.30,11593
2026-05-09 16:10:38,1,1,1,2413.0,8,-36.6,-1439,1937,1,2.59,0.30,11593,1,2.59,0.30,11593
2026-05-09 16:10:38,1,1,1,2411.8,16,-36.7,-1441,1934,1,2.59,0.30,11593,1,2.59,0.30,11593
2026-05-09 16:10:38,1,1,1,2411.8,16,-36.7,-1441,1934,1,2.59,0.30,11593,1,2.59,0.30,11593
2026-05-09 16:10:38,1,1,1,2413.0,0,-36.7,-1443,1934,1,2.59,0.30,11593,1,2.59,0.30,11593
2026-05-09 16:10:38,1,1,1,2413.0,0,-36.7,-1443,1934,1,2.59,0.30,11593,1,2.59,0.30,11593
2026-05-09 16:10:38,1,1,1,2425.8,0,-36.6,-1447,1947,1,2.59,0.30,11593,1,2.59,0.30,11593
2026-05-09 16:10:38,1,1,1,2468.9,-8,-35.9,-1449,1999,1,2.59,0.30,11593,1,2.59,0.30,11593
2026-05-09 16:10:38,1,1,1,2468.9,-8,-35.9,-1449,1999,1,0.00,0.00,0,0,0.00,0.00,0
2026-05-09 16:10:38,1,1,1,2519.4,0,-35.4,-1459,2054,1,0.00,0.00,0,0,0.00,0.00,0
2026-05-09 16:10:38,1,1,1,2519.4,0,-35.4,-1459,2054,1,0.00,0.00,0,0,0.00,0.00,0
2026-05-09 16:10:39,1,1,1,2623.0,0,-34.2,-1475,2169,1,0.00,0.00,0,0,0.00,0.00,0
2026-05-09 16:10:39,1,1,1,2623.0,0,-34.2,-1475,2169,1,0.00,0.00,0,0,0.00,0.00,0
2026-05-09 16:10:39,1,1,1,2712.3,0,-33.1,-1483,2271,0,0.00,0.00,0,0,0.00,0.00,0
2026-05-09 16:10:39,1,1,1,2821.6,0,-32.2,-1503,2388,0,0.00,0.00,0,0,0.00,0.00,0
2026-05-09 16:10:39,1,1,1,2821.6,0,-32.2,-1503,2388,0,0.00,0.00,0,0,0.00,0.00,0
2026-05-09 16:10:39,1,1,1,2915.2,-16,-31.3,-1516,2490,0,0.00,0.00,0,0,0.00,0.00,0
2026-05-09 16:10:39,1,1,1,2915.2,-16,-31.3,-1516,2490,0,0.00,0.00,0,0,0.00,0.00,0
2026-05-09 16:10:39,1,1,1,2889.5,-24,-31.5,-1511,2463,0,0.00,0.00,0,0,0.00,0.00,0
2026-05-09 16:10:39,1,1,1,2889.5,-24,-31.5,-1511,2463,0,0.00,0.00,0,0,0.00,0.00,0
2026-05-09 16:10:39,1,1,1,2829.4,-48,-31.3,-1471,2417,0,0.00,0.00,0,0,0.00,0.00,0
2026-05-09 16:10:39,1,1,1,2829.4,-48,-31.3,-1471,2417,0,0.00,0.00,0,1,2.51,-0.47,4409
2026-05-09 16:10:39,1,1,1,2815.5,-48,-31.2,-1459,2408,0,0.00,0.00,0,1,2.51,-0.47,4409
2026-05-09 16:10:39,1,1,1,2771.1,0,-30.9,-1421,2379,0,0.00,0.00,0,1,2.48,-0.47,1321
2026-05-09 16:10:39,1,1,1,2771.1,0,-30.9,-1421,2379,0,0.00,0.00,0,1,2.48,-0.47,1321
2026-05-09 16:10:39,1,1,1,2797.5,0,-30.6,-1424,2408,0,0.00,0.00,0,1,2.45,-0.45,12868
2026-05-09 16:10:39,1,1,1,2797.5,0,-30.6,-1424,2408,0,0.00,0.00,0,1,2.57,2.57,257
2026-05-09 16:10:39,1,1,1,2843.3,0,-30.3,-1436,2454,0,0.00,0.00,0,1,2.41,-0.45,12868
2026-05-09 16:10:39,1,1,1,2843.3,0,-30.3,-1436,2454,0,0.00,0.00,0,1,2.41,-0.45,12868
2026-05-09 16:10:39,1,1,1,2885.3,0,-29.9,-1437,2502,1,2.41,-0.38,14180,1,2.41,-0.38,14180
2026-05-09 16:10:39,1,1,1,2964.3,0,-29.1,-1440,2591,1,2.41,-0.38,14180,1,2.41,-0.38,14180
2026-05-09 16:10:40,1,1,1,2964.3,0,-29.1,-1440,2591,1,2.37,-0.38,14180,1,2.37,-0.38,14180
2026-05-09 16:10:40,1,1,1,3043.0,0,-28.4,-1445,2678,1,2.37,-0.38,14180,1,2.37,-0.38,14180
2026-05-09 16:10:40,1,1,1,3043.0,0,-28.4,-1445,2678,1,2.37,-0.38,14180,1,2.37,-0.38,14180
2026-05-09 16:10:40,1,1,1,3094.6,0,-27.4,-1425,2747,1,2.37,-0.38,14180,1,2.37,-0.38,14180
2026-05-09 16:10:40,1,1,1,3094.6,0,-27.4,-1425,2747,1,2.37,-0.38,14180,1,2.37,-0.38,14180
2026-05-09 16:10:40,1,1,1,3112.9,-8,-25.3,-1331,2814,1,2.37,-0.38,14180,1,2.37,-0.38,14180
2026-05-09 16:10:40,1,1,1,3112.9,-8,-25.3,-1331,2814,1,2.37,-0.38,14180,1,2.37,-0.38,14180
2026-05-09 16:10:40,1,1,1,3088.7,-8,-23.1,-1212,2841,1,2.37,-0.38,14180,1,2.37,-0.38,14180
2026-05-09 16:10:40,1,1,1,2944.8,-8,-21.1,-1061,2747,1,2.37,-0.38,14180,1,2.37,-0.38,14180
2026-05-09 16:10:40,1,1,1,2944.8,-8,-21.1,-1061,2747,1,2.37,-0.38,14180,1,2.37,-0.38,14180
2026-05-09 16:10:40,1,1,1,2807.5,0,-18.8,-907,2657,1,2.37,-0.38,14180,1,2.37,-0.38,14180
2026-05-09 16:10:40,1,1,1,2807.5,0,-18.8,-907,2657,1,2.37,-0.38,14180,1,2.37,-0.38,14180
2026-05-09 16:10:40,1,1,1,2805.3,0,-15.7,-758,2701,1,2.37,-0.38,14180,1,2.37,-0.38,14180
2026-05-09 16:10:40,1,1,1,2805.3,0,-15.7,-758,2701,1,0.00,0.00,0,0,0.00,0.00,0
2026-05-09 16:10:40,1,1,1,2819.2,-16,-12.5,-612,2752,1,0.00,0.00,0,0,0.00,0.00,0
2026-05-09 16:10:40,1,1,1,2819.2,-16,-12.5,-612,2752,1,0.00,0.00,0,0,0.00,0.00,0
2026-05-09 16:10:40,1,1,1,2871.1,0,-9.2,-460,2834,1,0.00,0.00,0,0,0.00,0.00,0
2026-05-09 16:10:40,1,1,1,2930.0,-8,-6.2,-315,2913,1,0.00,0.00,0,0,0.00,0.00,0
2026-05-09 16:10:40,1,1,1,2930.0,-8,-6.2,-315,2913,0,0.00,0.00,0,0,0.00,0.00,0
2026-05-09 16:10:40,1,1,1,2988.6,0,-3.8,-198,2982,0,0.00,0.00,0,0,0.00,0.00,0
2026-05-09 16:10:41,1,1,1,2988.6,0,-3.8,-198,2982,0,0.00,0.00,0,0,0.00,0.00,0
2026-05-09 16:10:41,1,1,1,3014.4,0,-2.7,-143,3011,0,0.00,0.00,0,0,0.00,0.00,0
2026-05-09 16:10:41,1,1,1,3014.4,0,-2.7,-143,3011,0,0.00,0.00,0,1,3.25,0.01,4964
2026-05-09 16:10:41,1,1,1,3046.2,0,-2.2,-115,3044,0,0.00,0.00,0,1,3.25,0.01,4964
2026-05-09 16:10:41,1,1,1,3073.1,8,-1.5,-81,3072,1,3.25,0.01,4964,1,3.25,0.01,4964
2026-05-09 16:10:41,1,1,1,3073.1,8,-1.5,-81,3072,1,3.25,0.01,4964,1,3.25,0.01,4964
2026-05-09 16:10:41,1,1,1,3077.3,24,-0.8,-44,3077,1,3.25,0.01,4964,1,3.25,0.01,4964
2026-05-09 16:10:41,1,1,1,3077.3,24,-0.8,-44,3077,1,3.25,0.01,4964,1,3.25,0.01,4964
2026-05-09 16:10:41,1,1,1,2934.7,32,1.3,65,2934,1,3.25,0.01,4964,1,3.25,0.01,4964
2026-05-09 16:10:41,1,1,1,2934.7,32,1.3,65,2934,1,3.25,0.01,4964,1,3.25,0.01,4964
2026-05-09 16:10:41,1,1,1,2805.8,32,3.7,181,2800,1,3.25,0.01,4964,1,3.25,0.01,4964
2026-05-09 16:10:41,1,1,1,2805.8,32,3.7,181,2800,1,3.25,0.01,4964,1,3.25,0.01,4964
2026-05-09 16:10:41,1,1,1,2690.9,24,6.6,310,2673,1,3.25,0.01,4964,1,3.25,0.01,4964
2026-05-09 16:10:41,1,1,1,2606.7,24,9.5,430,2571,1,3.25,0.01,4964,1,3.25,0.01,4964
2026-05-09 16:10:41,1,1,1,2606.7,24,9.5,430,2571,1,3.25,0.01,4964,1,3.25,0.01,4964
2026-05-09 16:10:41,1,1,1,2533.4,24,12.3,541,2475,1,3.25,0.01,4964,1,3.25,0.01,4964
2026-05-09 16:10:41,1,1,1,2533.4,24,12.3,541,2475,1,2.58,0.24,5792,1,2.58,0.24,5792
2026-05-09 16:10:41,1,1,1,2484.8,24,14.9,640,2401,1,2.58,0.24,5792,1,2.58,0.24,5792
2026-05-09 16:10:41,1,1,1,2484.8,24,14.9,640,2401,1,2.60,0.24,5792,1,2.60,0.24,5792
2026-05-09 16:10:41,1,1,1,2436.2,32,17.5,734,2323,1,2.60,0.24,5792,1,2.60,0.24,5792
2026-05-09 16:10:42,1,1,1,2416.9,24,20.0,827,2271,1,2.60,0.24,5792,1,2.60,0.24,5792
2026-05-09 16:10:42,1,1,1,2416.9,24,20.0,827,2271,1,2.60,0.24,5792,1,2.60,0.24,5792
2026-05-09 16:10:42,1,1,1,2393.3,16,22.2,904,2216,1,2.60,0.24,5792,1,2.60,0.24,5792
2026-05-09 16:10:42,1,1,1,2393.3,16,22.2,904,2216,1,2.60,0.24,5792,1,2.60,0.24,5792
2026-05-09 16:10:42,1,1,1,2370.7,8,24.3,977,2160,1,2.60,0.24,5792,1,2.60,0.24,5792
2026-05-09 16:10:42,1,1,1,2370.7,8,24.3,977,2160,1,2.60,0.24,5792,1,2.60,0.24,5792
2026-05-09 16:10:42,1,1,1,2362.0,24,25.8,1027,2127,1,2.60,0.24,5792,1,2.60,0.24,5792
2026-05-09 16:10:42,1,1,1,2362.0,24,25.8,1027,2127,1,2.60,0.24,5792,1,2.60,0.24,5792
2026-05-09 16:10:42,1,1,1,2378.3,16,26.5,1062,2128,1,2.60,0.24,5792,1,2.60,0.24,5792
2026-05-09 16:10:42,1,1,1,2404.3,16,27.0,1090,2143,1,2.60,0.24,5792,1,2.60,0.24,5792
2026-05-09 16:10:42,1,1,1,2404.3,16,27.0,1090,2143,1,2.53,0.25,3065,1,2.53,0.25,3065
2026-05-09 16:10:42,1,1,1,2416.7,16,27.6,1121,2141,1,2.53,0.25,3065,1,2.53,0.25,3065
2026-05-09 16:10:42,1,1,1,2416.7,16,27.6,1121,2141,1,2.55,0.25,3065,1,2.55,0.25,3065
2026-05-09 16:10:42,1,1,1,2447.4,32,28.3,1160,2155,1,2.55,0.25,3065,1,2.55,0.25,3065
2026-05-09 16:10:42,1,1,1,2447.4,32,28.3,1160,2155,1,2.55,0.25,3065,1,2.55,0.25,3065
2026-05-09 16:10:42,1,1,1,2482.3,-16,29.1,1209,2168,1,2.55,0.25,3065,1,2.55,0.25,3065
2026-05-09 16:10:42,1,1,1,2520.2,-8,30.2,1268,2178,1,2.55,0.25,3065,1,2.55,0.25,3065
2026-05-09 16:10:42,1,1,1,2520.2,-8,30.2,1268,2178,1,2.55,0.25,3065,1,2.55,0.25,3065
2026-05-09 16:10:42,1,1,1,2547.5,16,30.8,1303,2189,1,2.55,0.25,3065,1,2.55,0.25,3065
2026-05-09 16:10:42,1,1,1,2547.5,16,30.8,1303,2189,1,2.55,0.25,3065,1,2.55,0.25,3065
2026-05-09 16:10:43,1,1,1,2555.7,-8,31.3,1329,2183,1,2.55,0.25,3065,1,2.55,0.25,3065
2026-05-09 16:10:43,1,1,1,2555.7,-8,31.3,1329,2183,1,2.55,0.25,3065,1,2.55,0.25,3065
2026-05-09 16:10:43,1,1,1,2550.3,-32,31.6,1335,2173,1,2.55,0.25,3065,1,2.55,0.25,3065
2026-05-09 16:10:43,1,1,1,2550.3,-32,31.6,1335,2173,1,2.55,0.25,3065,1,2.55,0.25,3065
2026-05-09 16:10:43,1,1,1,2547.8,0,31.6,1335,2170,1,2.55,0.25,3065,1,2.55,0.25,3065
2026-05-09 16:10:43,1,1,1,2548.3,-8,31.6,1336,2170,1,0.00,0.00,0,0,0.00,0.00,0
2026-05-09 16:10:43,1,1,1,2548.3,-8,31.6,1336,2170,1,0.00,0.00,0,0,0.00,0.00,0
2026-05-09 16:10:43,1,1,1,2543.2,-24,31.7,1336,2164,1,0.00,0.00,0,0,0.00,0.00,0
2026-05-09 16:10:43,1,1,1,2543.2,-24,31.7,1336,2164,1,0.00,0.00,0,0,0.00,0.00,0
2026-05-09 16:10:43,1,1,1,2537.8,-16,31.8,1337,2157,1,0.00,0.00,0,0,0.00,0.00,0
2026-05-09 16:10:43,1,1,1,2537.8,-16,31.8,1337,2157,0,0.00,0.00,0,0,0.00,0.00,0
2026-05-09 16:10:43,1,1,1,2537.0,-16,31.7,1334,2158,0,0.00,0.00,0,0,0.00,0.00,0
2026-05-09 16:10:43,1,1,1,2533.2,-24,31.7,1330,2156,0,0.00,0.00,0,1,2.50,-0.22,3380
2026-05-09 16:10:43,1,1,1,2533.2,-24,31.7,1330,2156,0,0.00,0.00,0,1,2.50,-0.22,3380
2026-05-09 16:10:43,1,1,1,2524.8,-32,31.6,1322,2151,1,2.47,-0.22,3380,1,2.47,-0.22,3380
2026-05-09 16:10:43,1,1,1,2524.8,-32,31.6,1322,2151,1,2.47,-0.22,3380,1,2.47,-0.22,3380
2026-05-09 16:10:53,1,1,1,2309.3,-32,30.4,1170,1991,1,2.47,-0.12,7137,1,2.47,-0.12,7137
2026-05-09 16:10:53,1,1,1,2281.3,-24,29.4,1119,1988,1,0.00,0.00,0,0,0.00,0.00,0
2026-05-09 16:10:53,1,1,1,2281.3,-24,29.4,1119,1988,1,0.00,0.00,0,0,0.00,0.00,0
2026-05-09 16:10:53,1,1,1,2256.1,-16,28.1,1063,1990,1,0.00,0.00,0,0,0.00,0.00,0
2026-05-09 16:10:54,1,1,1,2224.0,0,26.6,997,1988,1,0.00,0.00,0,0,0.00,0.00,0
2026-05-09 16:10:54,1,1,1,2224.0,0,26.6,997,1988,1,0.00,0.00,0,0,0.00,0.00,0
2026-05-09 16:10:54,1,1,1,2150.6,8,23.5,858,1972,0,0.00,0.00,0,0,0.00,0.00,0
2026-05-09 16:10:54,1,1,1,2150.6,8,23.5,858,1972,0,0.00,0.00,0,0,0.00,0.00,0
2026-05-09 16:10:54,1,1,1,2098.2,8,20.4,733,1966,0,0.00,0.00,0,0,0.00,0.00,0
2026-05-09 16:10:54,1,1,1,2044.6,8,17.6,618,1949,0,0.00,0.00,0,1,2.04,0.06,16594
2026-05-09 16:10:54,1,1,1,2044.6,8,17.6,618,1949,0,0.00,0.00,0,1,2.04,0.06,16594
2026-05-09 16:10:54,1,1,1,2011.3,0,15.2,527,1941,1,2.02,0.03,25969,1,2.02,0.03,25969
2026-05-09 16:10:54,1,1,1,2011.3,0,15.2,527,1941,1,2.02,0.03,25969,1,2.02,0.03,25969
2026-05-09 16:10:54,1,1,1,1975.9,0,13.2,450,1924,1,2.01,0.02,5477,1,2.01,0.02,5477
2026-05-09 16:10:54,1,1,1,1975.9,0,13.2,450,1924,1,2.01,0.02,5477,1,2.01,0.02,5477
2026-05-09 16:10:54,1,1,1,1953.3,0,11.2,380,1916,1,2.02,0.02,5477,1,2.02,0.02,5477
2026-05-09 16:10:54,1,1,1,1953.3,0,11.2,380,1916,1,2.02,0.02,5477,1,2.02,0.02,5477
2026-05-09 16:10:54,1,1,1,1968.0,0,9.2,313,1943,1,2.02,0.02,5477,1,2.02,0.02,5477
2026-05-09 16:10:54,1,1,1,1961.7,-8,7.3,248,1946,1,2.02,0.02,5477,1,2.02,0.02,5477
2026-05-09 16:10:54,1,1,1,1961.7,-8,7.3,248,1946,1,2.02,0.02,5477,1,2.02,0.02,5477
2026-05-09 16:10:54,1,1,1,1973.6,0,5.3,184,1965,1,2.02,0.02,5477,1,2.02,0.02,5477
2026-05-09 16:10:54,1,1,1,1973.6,0,5.3,184,1965,1,3.25,0.01,5210,1,3.25,0.01,5210
2026-05-09 16:10:54,1,1,1,2162.6,0,2.8,106,2160,1,3.25,0.01,5210,1,3.25,0.01,5210
2026-05-09 16:10:54,1,1,1,2162.6,0,2.8,106,2160,1,3.25,0.02,4304,1,3.25,0.02,4304
2026-05-09 16:10:55,1,1,1,2327.4,0,1.0,41,2327,1,3.25,0.02,4304,1,3.25,0.02,4304
2026-05-09 16:10:55,1,1,1,2474.1,0,-0.5,-20,2474,1,2.84,0.05,18100,1,2.84,0.05,18100
2026-05-09 16:10:55,1,1,1,2474.1,0,-0.5,-20,2474,1,2.84,0.05,18100,1,2.84,0.05,18100
2026-05-09 16:10:55,1,1,1,2597.3,8,-1.8,-83,2596,1,2.64,0.07,17698,1,2.64,0.07,17698
2026-05-09 16:10:55,1,1,1,2597.3,8,-1.8,-83,2596,1,2.64,0.07,17698,1,2.64,0.07,17698
2026-05-09 16:10:55,1,1,1,2590.9,16,-3.2,-143,2587,1,2.53,0.09,6932,1,2.53,0.09,6932
2026-05-09 16:10:55,1,1,1,2590.9,16,-3.2,-143,2587,1,2.53,0.09,6932,1,2.53,0.09,6932
2026-05-09 16:10:55,1,1,1,2492.8,32,-5.1,-221,2483,1,2.49,0.11,11833,1,2.49,0.11,11833
2026-05-09 16:10:55,1,1,1,2401.9,39,-7.2,-301,2383,1,2.49,0.11,11833,1,2.49,0.11,11833
2026-05-09 16:10:55,1,1,1,2401.9,39,-7.2,-301,2383,1,2.47,0.13,4045,1,2.47,0.13,4045
2026-05-09 16:10:55,1,1,1,2340.4,32,-8.8,-357,2313,1,2.47,0.13,4045,1,2.47,0.13,4045
2026-05-09 16:10:55,1,1,1,2340.4,32,-8.8,-357,2313,1,2.48,0.13,4045,1,2.48,0.13,4045
2026-05-09 16:10:55,1,1,1,2293.9,0,-10.4,-415,2256,1,2.48,0.13,4045,1,2.48,0.13,4045
2026-05-09 16:10:55,1,1,1,2293.9,0,-10.4,-415,2256,1,2.47,0.13,16580,1,2.47,0.13,16580
2026-05-09 16:10:55,1,1,1,2251.7,24,-12.5,-489,2198,1,2.47,0.13,16580,1,2.47,0.13,16580
2026-05-09 16:10:55,1,1,1,2251.7,24,-12.5,-489,2198,1,2.48,0.13,16580,1,2.48,0.13,16580
2026-05-09 16:10:55,1,1,1,2226.0,0,-14.8,-569,2152,1,2.48,0.13,16580,1,2.48,0.13,16580
2026-05-09 16:10:55,1,1,1,2196.5,16,-17.0,-644,2100,1,2.48,0.13,16580,1,2.48,0.13,16580
2026-05-09 16:10:55,1,1,1,2196.5,16,-17.0,-644,2100,1,2.48,0.13,16580,1,2.48,0.13,16580
2026-05-09 16:10:55,1,1,1,2184.8,0,-19.4,-725,2061,1,2.48,0.13,16580,1,2.48,0.13,16580
2026-05-09 16:10:56,1,1,1,2184.8,0,-19.4,-725,2061,1,2.48,0.13,16580,1,2.48,0.13,16580
2026-05-09 16:10:56,1,1,1,2171.2,16,-21.4,-791,2022,1,2.48,0.13,16580,1,2.48,0.13,16580
2026-05-09 16:10:56,1,1,1,2171.2,16,-21.4,-791,2022,1,2.48,0.13,16580,1,2.48,0.13,16580
2026-05-09 16:10:56,1,1,1,2174.4,16,-23.0,-851,2001,1,2.25,0.26,4250,1,2.25,0.26,4250
2026-05-09 16:10:56,1,1,1,2171.6,16,-25.0,-918,1968,1,2.25,0.26,4250,1,2.25,0.26,4250
2026-05-09 16:10:56,1,1,1,2171.6,16,-25.0,-918,1968,1,2.28,0.26,4250,1,2.28,0.26,4250
2026-05-09 16:10:56,1,1,1,2180.7,0,-26.9,-988,1944,1,2.28,0.26,4250,1,2.28,0.26,4250
2026-05-09 16:10:56,1,1,1,2180.7,0,-26.9,-988,1944,1,2.28,0.26,4250,1,2.28,0.26,4250
2026-05-09 16:10:56,1,1,1,2338.5,0,-27.7,-1086,2071,1,2.28,0.26,4250,1,2.28,0.26,4250
2026-05-09 16:10:56,1,1,1,2338.5,0,-27.7,-1086,2071,1,2.28,0.26,4250,1,2.28,0.26,4250
2026-05-09 16:10:56,1,1,1,2515.1,0,-28.1,-1184,2219,1,2.28,0.26,4250,1,2.28,0.26,4250
2026-05-09 16:10:56,1,1,1,2515.1,0,-28.1,-1184,2219,1,2.28,0.26,4250,1,2.28,0.26,4250
2026-05-09 16:10:56,1,1,1,2668.7,0,-28.5,-1272,2346,1,2.28,0.26,4250,1,2.28,0.26,4250
2026-05-09 16:10:56,1,1,1,2804.1,32,-28.9,-1355,2455,1,2.28,0.26,4250,1,2.28,0.26,4250
2026-05-09 16:10:56,1,1,1,2804.1,32,-28.9,-1355,2455,1,2.28,0.26,4250,1,2.28,0.26,4250
2026-05-09 16:10:56,1,1,1,2759.2,0,-30.5,-1401,2377,1,2.28,0.26,4250,1,2.28,0.26,4250
2026-05-09 16:10:56,1,1,1,2759.2,0,-30.5,-1401,2377,1,2.28,0.26,4250,1,2.28,0.26,4250
2026-05-09 16:10:56,1,1,1,2694.4,16,-32.1,-1431,2283,1,2.28,0.26,4250,1,2.28,0.26,4250
2026-05-09 16:10:56,1,1,1,2694.4,16,-32.1,-1431,2283,1,0.00,0.00,0,0,0.00,0.00,0
2026-05-09 16:10:57,1,1,1,2647.9,32,-33.7,-1469,2203,1,0.00,0.00,0,0,0.00,0.00,0
2026-05-09 16:10:57,1,1,1,2614.0,24,-35.1,-1504,2138,1,0.00,0.00,0,0,0.00,0.00,0
2026-05-09 16:10:57,1,1,1,2614.0,24,-35.1,-1504,2138,1,2.75,0.24,13456,1,2.75,0.24,13456
2026-05-09 16:10:57,1,1,1,2595.8,24,-36.2,-1534,2094,1,2.75,0.24,13456,1,2.75,0.24,13456
2026-05-09 16:10:57,1,1,1,2595.8,24,-36.2,-1534,2094,1,2.76,0.24,10081,1,2.76,0.24,10081
2026-05-09 16:10:57,1,1,1,2588.2,8,-37.0,-1559,2066,1,2.76,0.24,10081,1,2.76,0.24,10081
2026-05-09 16:10:57,1,1,1,2588.2,8,-37.0,-1559,2066,1,2.77,0.24,6466,1,2.77,0.24,6466
2026-05-09 16:10:57,1,1,1,2583.3,32,-37.4,-1568,2053,1,2.77,0.24,6466,1,2.77,0.24,6466
2026-05-09 16:10:57,1,1,1,2583.3,32,-37.4,-1568,2053,1,2.78,0.24,13264,1,2.78,0.24,13264
2026-05-09 16:10:57,1,1,1,2579.7,32,-37.3,-1562,2053,1,2.78,0.24,13264,1,2.78,0.24,13264
2026-05-09 16:10:57,1,1,1,2579.5,-16,-37.3,-1563,2052,1,2.81,0.24,13264,1,2.81,0.24,13264
2026-05-09 16:10:57,1,1,1,2579.5,-16,-37.3,-1563,2052,1,2.81,0.24,13264,1,2.81,0.24,13264
2026-05-09 16:10:57,1,1,1,2576.9,-8,-37.3,-1560,2051,1,2.81,0.24,13264,1,2.81,0.24,13264
2026-05-09 16:10:57,1,1,1,2576.9,-8,-37.3,-1560,2051,1,2.81,0.24,13264,1,2.81,0.24,13264
2026-05-09 16:10:57,1,1,1,2575.5,-24,-37.3,-1559,2050,1,2.81,0.24,13264,1,2.81,0.24,13264
2026-05-09 16:10:57,1,1,1,2575.5,-24,-37.3,-1559,2050,1,2.81,0.24,13264,1,2.81,0.24,13264
2026-05-09 16:10:57,1,1,1,2574.2,-8,-37.2,-1557,2050,1,2.81,0.24,13264,1,2.81,0.24,13264
2026-05-09 16:10:57,1,1,1,2571.4,-39,-37.2,-1555,2048,1,2.81,0.24,13264,1,2.81,0.24,13264
2026-05-09 16:10:57,1,1,1,2571.4,-39,-37.2,-1555,2048,1,2.81,0.24,13264,1,2.81,0.24,13264
2026-05-09 16:10:57,1,1,1,2569.2,-24,-37.1,-1550,2049,1,2.81,0.24,13264,1,2.81,0.24,13264
2026-05-09 16:10:58,1,1,1,2569.2,-24,-37.1,-1550,2049,1,2.81,0.24,13264,1,2.81,0.24,13264
2026-05-09 16:10:58,1,1,1,2568.6,0,-37.0,-1545,2052,1,2.81,0.24,13264,1,2.81,0.24,13264
2026-05-09 16:10:58,1,1,1,2568.6,0,-37.0,-1545,2052,1,2.81,0.24,13264,1,2.81,0.24,13264
2026-05-09 16:10:58,1,1,1,2586.6,0,-36.6,-1543,2076,1,0.00,0.00,0,0,0.00,0.00,0
2026-05-09 16:10:58,1,1,1,2586.6,0,-36.6,-1543,2076,1,0.00,0.00,0,0,0.00,0.00,0
2026-05-09 16:10:58,1,1,1,2608.3,0,-36.3,-1543,2103,1,0.00,0.00,0,0,0.00,0.00,0
2026-05-09 16:10:58,1,1,1,2676.3,-48,-35.2,-1544,2186,1,0.00,0.00,0,0,0.00,0.00,0
2026-05-09 16:10:58,1,1,1,2676.3,-48,-35.2,-1544,2186,1,0.00,0.00,0,0,0.00,0.00,0
2026-05-09 16:10:58,1,1,1,2659.7,-48,-34.8,-1518,2184,0,0.00,0.00,0,1,2.31,-0.47,2669
2026-05-09 16:10:58,1,1,1,2659.7,-48,-34.8,-1518,2184,0,0.00,0.00,0,1,2.31,-0.47,2669
2026-05-09 16:10:58,1,1,1,2644.7,-72,-34.8,-1509,2172,0,0.00,0.00,0,1,2.27,-0.47,2669
2026-05-09 16:10:58,1,1,1,2644.7,-72,-34.8,-1509,2172,0,0.00,0.00,0,1,2.27,-0.47,2669
2026-05-09 16:10:58,1,1,1,2625.0,-56,-34.7,-1496,2157,0,0.00,0.00,0,1,2.27,-0.47,2669
2026-05-09 16:10:58,1,1,1,2625.0,-56,-34.7,-1496,2157,0,0.00,0.00,0,1,2.27,-0.47,2669
2026-05-09 16:10:58,1,1,1,2563.3,-64,-34.6,-1457,2109,0,0.00,0.00,0,1,2.27,-0.47,2669
2026-05-09 16:10:58,1,1,1,2507.4,-39,-34.4,-1415,2070,0,0.00,0.00,0,1,2.27,-0.47,2669
2026-05-09 16:10:58,1,1,1,2507.4,-39,-34.4,-1415,2070,0,0.00,0.00,0,1,2.27,-0.47,2669
2026-05-09 16:10:58,1,1,1,2408.8,-39,-33.9,-1344,1999,0,0.00,0.00,0,1,2.27,-0.47,2669
2026-05-09 16:10:58,1,1,1,2408.8,-39,-33.9,-1344,1999,0,0.00,0.00,0,1,2.27,-0.47,2669
2026-05-09 16:10:58,1,1,1,2324.8,-32,-33.4,-1281,1940,0,0.00,0.00,0,1,2.27,-0.47,2669
2026-05-09 16:10:59,1,1,1,2324.8,-32,-33.4,-1281,1940,0,0.00,0.00,0,1,2.27,-0.47,2669
2026-05-09 16:10:59,1,1,1,2258.7,-24,-32.8,-1223,1899,0,0.00,0.00,0,1,2.27,-0.47,2669
2026-05-09 16:10:59,1,1,1,2197.7,-24,-31.6,-1153,1871,0,0.00,0.00,0,1,2.27,-0.47,2669
2026-05-09 16:10:59,1,1,1,2197.7,-24,-31.6,-1153,1871,0,0.00,0.00,0,0,0.00,0.00,0
2026-05-09 16:10:59,1,1,1,2138.5,-8,-30.6,-1088,1841,0,0.00,0.00,0,0,0.00,0.00,0
2026-05-09 16:10:59,1,1,1,2138.5,-8,-30.6,-1088,1841,0,0.00,0.00,0,0,0.00,0.00,0
2026-05-09 16:10:59,1,1,1,2083.0,-8,-29.4,-1022,1815,0,0.00,0.00,0,0,0.00,0.00,0
2026-05-09 16:10:59,1,1,1,2083.0,-8,-29.4,-1022,1815,0,0.00,0.00,0,0,0.00,0.00,0
2026-05-09 16:10:59,1,1,1,2034.3,-8,-28.2,-961,1793,0,0.00,0.00,0,1,1.99,-0.23,12049
2026-05-09 16:10:59,1,1,1,2034.3,-8,-28.2,-961,1793,0,0.00,0.00,0,1,1.99,-0.23,12049
2026-05-09 16:10:59,1,1,1,1998.6,-16,-26.2,-883,1793,1,1.97,-0.23,12049,1,1.97,-0.23,12049
2026-05-09 16:10:59,1,1,1,1979.6,-8,-24.0,-804,1809,1,1.97,-0.23,12049,1,1.97,-0.23,12049
2026-05-09 16:10:59,1,1,1,1979.6,-8,-24.0,-804,1809,1,1.97,-0.23,12049,1,1.97,-0.23,12049
2026-05-09 16:10:59,1,1,1,2043.6,0,-21.5,-750,1901,1,1.97,-0.23,12049,1,1.97,-0.23,12049
2026-05-09 16:10:59,1,1,1,2043.6,0,-21.5,-750,1901,1,1.97,-0.23,12049,1,1.97,-0.23,12049
2026-05-09 16:10:59,1,1,1,2189.9,0,-18.5,-694,2077,1,1.97,-0.23,12049,1,1.97,-0.23,12049
2026-05-09 16:10:59,1,1,1,2189.9,0,-18.5,-694,2077,1,3.25,0.00,2005,1,3.25,0.00,2005
2026-05-09 16:10:59,1,1,1,2347.1,0,-15.6,-630,2261,1,3.25,0.00,2005,1,3.25,0.00,2005
2026-05-09 16:10:59,1,1,1,2486.9,0,-12.9,-556,2424,1,2.51,-0.15,8642,1,2.51,-0.15,8642
2026-05-09 16:10:59,1,1,1,2486.9,0,-12.9,-556,2424,1,2.51,-0.15,8642,1,2.51,-0.15,8642
2026-05-09 16:11:00,1,1,1,2605.2,0,-10.3,-467,2563,1,2.50,-0.15,8642,1,2.50,-0.15,8642
2026-05-09 16:11:00,1,1,1,2605.2,0,-10.3,-467,2563,1,2.50,-0.15,8642,1,2.50,-0.15,8642
2026-05-09 16:11:00,1,1,1,2700.4,8,-8.2,-384,2673,1,2.50,-0.15,8642,1,2.50,-0.15,8642
2026-05-09 16:11:00,1,1,1,2700.4,8,-8.2,-384,2673,1,2.50,-0.15,8642,1,2.50,-0.15,8642
2026-05-09 16:11:00,1,1,1,2778.7,0,-6.7,-322,2760,1,2.50,-0.15,8642,1,2.50,-0.15,8642
2026-05-09 16:11:00,1,1,1,2778.7,0,-6.7,-322,2760,1,2.50,-0.15,8642,1,2.50,-0.15,8642
2026-05-09 16:11:00,1,1,1,2835.1,16,-5.3,-262,2823,1,2.50,-0.15,8642,1,2.50,-0.15,8642
2026-05-09 16:11:00,1,1,1,2885.8,0,-4.7,-238,2876,1,2.50,-0.15,8642,1,2.50,-0.15,8642
2026-05-09 16:11:00,1,1,1,2885.8,0,-4.7,-238,2876,1,3.20,0.03,9928,1,3.20,0.03,9928
2026-05-09 16:11:00,1,1,1,2922.1,8,-4.0,-204,2915,1,3.20,0.03,9928,1,3.20,0.03,9928
2026-05-09 16:11:00,1,1,1,2922.1,8,-4.0,-204,2915,1,3.22,0.04,3469,1,3.22,0.04,3469
2026-05-09 16:11:00,1,1,1,2950.6,0,-3.2,-164,2946,1,3.22,0.04,3469,1,3.22,0.04,3469
2026-05-09 16:11:00,1,1,1,2950.6,0,-3.2,-164,2946,1,3.23,0.03,2285,1,3.23,0.03,2285
2026-05-09 16:11:00,1,1,1,2978.8,0,-2.0,-103,2977,1,3.23,0.03,2285,1,3.23,0.03,2285
2026-05-09 16:11:00,1,1,1,2996.2,24,-0.7,-35,2996,1,3.23,0.03,2285,1,3.23,0.03,2285
2026-05-09 16:11:00,1,1,1,2996.2,24,-0.7,-35,2996,1,3.23,0.03,2285,1,3.23,0.03,2285
2026-05-09 16:11:00,1,1,1,3000.2,8,0.6,33,3000,1,3.23,0.03,2285,1,3.23,0.03,2285
2026-05-09 16:11:00,1,1,1,3000.2,8,0.6,33,3000,0,0.00,0.00,0,1,3.23,0.03,2285
2026-05-09 16:11:00,1,1,1,2989.9,24,2.1,107,2988,0,0.00,0.00,0,1,3.23,0.03,2285
2026-05-09 16:11:00,1,1,1,2989.9,24,2.1,107,2988,0,0.00,0.00,0,1,3.23,0.03,2285
2026-05-09 16:11:01,1,1,1,2824.5,16,3.9,192,2818,0,0.00,0.00,0,1,3.23,0.03,2285
2026-05-09 16:11:01,1,1,1,2824.5,16,3.9,192,2818,0,0.00,0.00,0,1,3.23,0.03,2285
2026-05-09 16:11:01,1,1,1,2652.8,24,6.4,298,2636,0,0.00,0.00,0,1,3.23,0.03,2285
2026-05-09 16:11:01,1,1,1,2503.3,24,9.6,419,2468,0,0.00,0.00,0,1,3.23,0.03,2285
2026-05-09 16:11:01,1,1,1,2503.3,24,9.6,419,2468,0,0.00,0.00,0,1,3.23,0.03,2285
2026-05-09 16:11:01,1,1,1,2397.3,88,13.1,543,2335,0,0.00,0.00,0,1,3.23,0.03,2285
2026-05-09 16:11:01,1,1,1,2397.3,88,13.1,543,2335,0,0.00,0.00,0,1,3.23,0.03,2285
2026-05-09 16:11:01,1,1,1,2328.9,32,16.0,641,2239,0,0.00,0.00,0,0,0.00,0.00,0
2026-05-09 16:11:01,1,1,1,2328.9,32,16.0,641,2239,0,0.00,0.00,0,0,0.00,0.00,0
2026-05-09 16:11:01,1,1,1,2290.1,48,18.6,729,2171,0,0.00,0.00,0,0,0.00,0.00,0
2026-05-09 16:11:01,1,1,1,2288.9,48,20.8,812,2140,0,0.00,0.00,0,1,2.53,0.46,9162
2026-05-09 16:11:01,1,1,1,2288.9,48,20.8,812,2140,0,0.00,0.00,0,1,2.53,0.46,9162
2026-05-09 16:11:01,1,1,1,2313.9,56,22.5,885,2138,1,2.57,0.46,9162,1,2.57,0.46,9162
2026-05-09 16:11:01,1,1,1,2313.9,56,22.5,885,2138,1,2.57,0.46,9162,1,2.57,0.46,9162
2026-05-09 16:11:01,1,1,1,2322.1,56,24.0,943,2122,1,2.57,0.46,9162,1,2.57,0.46,9162
2026-05-09 16:11:01,1,1,1,2322.1,56,24.0,943,2122,1,2.57,0.46,9162,1,2.57,0.46,9162
2026-05-09 16:11:01,1,1,1,2325.7,39,25.3,993,2103,1,2.57,0.46,9162,1,2.57,0.46,9162
2026-05-09 16:11:01,1,1,1,2325.7,39,25.3,993,2103,1,2.57,0.46,9162,1,2.57,0.46,9162
2026-05-09 16:11:01,1,1,1,2332.2,39,26.5,1039,2088,1,2.57,0.46,9162,1,2.57,0.46,9162
2026-05-09 16:11:01,1,1,1,2338.9,39,27.6,1085,2072,1,2.57,0.46,9162,1,2.57,0.46,9162
2026-05-09 16:11:02,1,1,1,2338.9,39,27.6,1085,2072,1,2.57,0.46,9162,1,2.57,0.46,9162
2026-05-09 16:11:02,1,1,1,2348.5,39,29.2,1144,2051,1,2.57,0.46,9162,1,2.57,0.46,9162
2026-05-09 16:11:02,1,1,1,2348.5,39,29.2,1144,2051,1,2.57,0.46,9162,1,2.57,0.46,9162
2026-05-09 16:11:02,1,1,1,2360.6,8,30.4,1193,2037,1,2.57,0.46,9162,1,2.57,0.46,9162
2026-05-09 16:11:02,1,1,1,2360.6,8,30.4,1193,2037,1,2.57,0.46,9162,1,2.57,0.46,9162
2026-05-09 16:11:02,1,1,1,2378.3,32,31.5,1244,2027,1,0.00,0.00,0,0,0.00,0.00,0
2026-05-09 16:11:02,1,1,1,2398.4,0,32.1,1274,2032,1,0.00,0.00,0,0,0.00,0.00,0
2026-05-09 16:11:02,1,1,1,2398.4,0,32.1,1274,2032,1,0.00,0.00,0,0,0.00,0.00,0
2026-05-09 16:11:02,1,1,1,2421.4,0,33.0,1320,2030,1,0.00,0.00,0,0,0.00,0.00,0
2026-05-09 16:11:02,1,1,1,2421.4,0,33.0,1320,2030,1,0.00,0.00,0,0,0.00,0.00,0
2026-05-09 16:11:02,1,1,1,2435.0,-8,34.3,1373,2011,0,0.00,0.00,0,0,0.00,0.00,0
2026-05-09 16:11:02,1,1,1,2435.0,-8,34.3,1373,2011,0,0.00,0.00,0,0,0.00,0.00,0
2026-05-09 16:11:02,1,1,1,2438.2,-24,35.2,1406,1992,0,0.00,0.00,0,0,0.00,0.00,0
2026-05-09 16:11:02,1,1,1,2438.2,-24,35.2,1406,1992,0,0.00,0.00,0,0,0.00,0.00,0
2026-05-09 16:11:02,1,1,1,2440.6,-48,35.6,1420,1985,0,0.00,0.00,0,1,2.58,-0.45,1576
2026-05-09 16:11:02,1,1,1,2425.2,-32,36.2,1431,1958,0,0.00,0.00,0,1,2.58,-0.45,1576
2026-05-09 16:11:02,1,1,1,2425.2,-32,36.2,1431,1958,0,0.00,0.00,0,1,3.01,-0.32,928
2026-05-09 16:11:02,1,1,1,2407.7,-24,36.4,1430,1937,0,0.00,0.00,0,1,3.01,-0.32,928
2026-05-09 16:11:02,1,1,1,2407.7,-24,36.4,1430,1937,0,0.00,0.00,0,1,2.73,-0.40,4850
2026-05-09 16:11:02,1,1,1,2383.4,-56,36.8,1427,1909,0,0.00,0.00,0,1,2.73,-0.40,4850
2026-05-09 16:11:03,1,1,1,2383.4,-56,36.8,1427,1909,1,2.69,-0.40,4850,1,2.69,-0.40,4850
2026-05-09 16:11:03,1,1,1,2334.9,-64,37.3,1414,1858,1,2.69,-0.40,4850,1,2.69,-0.40,4850
2026-05-09 16:11:03,1,1,1,2291.4,-39,37.7,1400,1814,1,2.54,-0.44,3700,1,2.54,-0.44,3700
2026-05-09 16:11:03,1,1,1,2291.4,-39,37.7,1400,1814,1,2.54,-0.44,3700,1,2.54,-0.44,3700
2026-05-09 16:11:03,1,1,1,2250.6,-48,37.7,1376,1781,1,2.44,-0.46,3400,1,2.44,-0.46,3400
2026-05-09 16:11:03,1,1,1,2250.6,-48,37.7,1376,1781,1,2.44,-0.46,3400,1,2.44,-0.46,3400
2026-05-09 16:11:03,1,1,1,2213.9,-48,37.5,1347,1757,1,2.34,-0.47,5741,1,2.34,-0.47,5741
2026-05-09 16:11:03,1,1,1,2213.9,-48,37.5,1347,1757,1,2.34,-0.47,5741,1,2.34,-0.47,5741
2026-05-09 16:11:03,1,1,1,2181.2,-48,36.8,1306,1747,1,2.25,-0.48,12448,1,2.25,-0.48,12448
2026-05-09 16:11:03,1,1,1,2181.2,-48,36.8,1306,1747,1,2.25,-0.48,12448,1,2.25,-0.48,12448
2026-05-09 16:11:03,1,1,1,2146.2,-56,36.0,1262,1736,1,2.20,-0.48,12448,1,2.20,-0.48,12448
2026-05-09 16:11:03,1,1,1,2097.9,-56,35.4,1214,1711,1,2.20,-0.48,12448,1,2.20,-0.48,12448
2026-05-09 16:11:03,1,1,1,2097.9,-56,35.4,1214,1711,1,2.13,-0.49,65218,1,2.13,-0.49,65218
2026-05-09 16:11:03,1,1,1,2053.2,-48,34.5,1163,1692,1,2.13,-0.49,65218,1,2.13,-0.49,65218
2026-05-09 16:11:03,1,1,1,2053.2,-48,34.5,1163,1692,1,2.07,-0.48,36868,1,2.07,-0.48,36868
2026-05-09 16:11:03,1,1,1,2010.6,-39,34.3,1133,1661,1,2.07,-0.48,36868,1,2.07,-0.48,36868
2026-05-09 16:11:03,1,1,1,2010.6,-39,34.3,1133,1661,1,2.00,-0.48,48605,1,2.00,-0.48,48605
2026-05-09 16:11:03,1,1,1,1969.8,-39,34.2,1106,1630,1,2.00,-0.48,48605,1,2.00,-0.48,48605
2026-05-09 16:11:03,1,1,1,1930.7,-48,34.0,1079,1601,1,1.93,-0.49,8005,1,1.93,-0.49,8005
2026-05-09 16:11:03,1,1,1,1930.7,-48,34.0,1079,1601,1,1.93,-0.49,8005,1,1.93,-0.49,8005
2026-05-09 16:11:04,1,1,1,1888.8,-48,33.4,1041,1576,1,1.86,-0.49,8180,1,1.86,-0.49,8180
2026-05-09 16:11:04,1,1,1,1888.8,-48,33.4,1041,1576,1,1.86,-0.49,8180,1,1.86,-0.49,8180
2026-05-09 16:11:04,1,1,1,1844.4,-56,33.3,1012,1542,1,1.81,-0.49,8180,1,1.81,-0.49,8180
2026-05-09 16:11:04,1,1,1,1844.4,-56,33.3,1012,1542,1,1.81,-0.49,8180,1,1.81,-0.49,8180
2026-05-09 16:11:04,1,1,1,1791.4,-56,33.3,984,1497,1,1.81,-0.49,8180,1,1.81,-0.49,8180
2026-05-09 16:11:04,1,1,1,1791.4,-56,33.3,984,1497,1,1.81,-0.49,8180,1,1.81,-0.49,8180
2026-05-09 16:11:04,1,1,1,1735.1,-56,32.6,936,1461,1,1.81,-0.49,8180,1,1.81,-0.49,8180
2026-05-09 16:11:04,1,1,1,1675.9,-56,31.0,864,1436,1,1.81,-0.49,8180,1,1.81,-0.49,8180
2026-05-09 16:11:04,1,1,1,1675.9,-56,31.0,864,1436,1,1.81,-0.49,8180,1,1.81,-0.49,8180
2026-05-09 16:11:04,1,1,1,1616.7,-39,28.5,771,1421,1,1.81,-0.49,8180,1,1.81,-0.49,8180
2026-05-09 16:11:04,1,1,1,1616.7,-39,28.5,771,1421,1,1.81,-0.49,8180,1,1.81,-0.49,8180
2026-05-09 16:11:04,1,1,1,1558.9,-16,25.3,667,1409,1,1.81,-0.49,8180,1,1.81,-0.49,8180
2026-05-09 16:11:04,1,1,1,1558.9,-16,25.3,667,1409,1,1.81,-0.49,8180,1,1.81,-0.49,8180
2026-05-09 16:11:04,1,1,1,1505.3,-16,21.6,553,1400,1,1.81,-0.49,8180,1,1.81,-0.49,8180
2026-05-09 16:11:04,1,1,1,1505.3,-16,21.6,553,1400,1,1.81,-0.49,8180,1,1.81,-0.49,8180
2026-05-09 16:11:04,1,1,1,1497.0,0,18.5,474,1420,1,0.00,0.00,0,0,0.00,0.00,0
2026-05-09 16:11:04,1,1,1,1492.3,24,15.1,388,1441,1,0.00,0.00,0,0,0.00,0.00,0
2026-05-09 16:11:04,1,1,1,1492.3,24,15.1,388,1441,1,0.00,0.00,0,0,0.00,0.00,0
2026-05-09 16:11:04,1,1,1,1496.3,8,12.1,314,1463,1,0.00,0.00,0,0,0.00,0.00,0
2026-05-09 16:11:04,1,1,1,1496.3,8,12.1,314,1463,1,0.00,0.00,0,0,0.00,0.00,0
2026-05-09 16:11:05,1,1,1,1503.3,16,9.0,234,1485,1,1.55,0.23,9469,1,1.55,0.23,9469
2026-05-09 16:11:05,1,1,1,1503.3,16,9.0,234,1485,1,1.55,0.23,9469,1,1.55,0.23,9469
2026-05-09 16:11:05,1,1,1,1511.0,8,5.9,155,1503,1,2.39,0.16,7474,1,2.39,0.16,7474
2026-05-09 16:11:05,1,1,1,1512.0,0,3.0,78,1510,1,2.39,0.16,7474,1,2.39,0.16,7474
2026-05-09 16:11:05,1,1,1,1512.0,0,3.0,78,1510,1,2.41,0.16,7474,1,2.41,0.16,7474
2026-05-09 16:11:05,1,1,1,1511.0,0,0.0,1,1511,1,2.41,0.16,7474,1,2.41,0.16,7474
2026-05-09 16:11:05,1,1,1,1511.0,0,0.0,1,1511,1,2.41,0.16,7474,1,2.41,0.16,7474
2026-05-09 16:11:05,1,1,1,1512.6,0,-2.6,-69,1511,1,2.41,0.16,7474,1,2.41,0.16,7474
2026-05-09 16:11:05,1,1,1,1512.6,0,-2.6,-69,1511,1,2.41,0.16,7474,1,2.41,0.16,7474
2026-05-09 16:11:05,1,1,1,1511.3,0,-5.2,-138,1505,1,2.41,0.16,7474,1,2.41,0.16,7474
2026-05-09 16:11:05,1,1,1,1511.3,0,-5.2,-138,1505,1,2.41,0.16,7474,1,2.41,0.16,7474
2026-05-09 16:11:05,1,1,1,1514.8,8,-8.0,-211,1500,1,2.41,0.16,7474,1,2.41,0.16,7474
2026-05-09 16:11:05,1,1,1,1531.2,8,-10.6,-282,1505,1,2.41,0.16,7474,1,2.41,0.16,7474
2026-05-09 16:11:05,1,1,1,1531.2,8,-10.6,-282,1505,1,2.41,0.16,7474,1,2.41,0.16,7474
2026-05-09 16:11:05,1,1,1,1543.7,16,-13.2,-352,1503,1,1.75,0.32,11336,1,1.75,0.32,11336
2026-05-09 16:11:05,1,1,1,1543.7,16,-13.2,-352,1503,1,1.75,0.32,11336,1,1.75,0.32,11336
2026-05-09 16:11:05,1,1,1,1544.8,32,-16.4,-436,1482,1,1.76,0.29,11105,1,1.76,0.29,11105
2026-05-09 16:11:05,1,1,1,1544.8,32,-16.4,-436,1482,1,1.76,0.29,11105,1,1.76,0.29,11105
2026-05-09 16:11:05,1,1,1,1564.5,24,-19.1,-513,1478,1,1.78,0.35,16165,1,1.78,0.35,16165
2026-05-09 16:11:05,1,1,1,1587.0,39,-21.7,-588,1474,1,1.78,0.35,16165,1,1.78,0.35,16165
2026-05-09 16:11:06,1,1,1,1587.0,39,-21.7,-588,1474,1,1.87,0.39,14724,1,1.87,0.39,14724
2026-05-09 16:11:06,1,1,1,1611.4,48,-24.2,-660,1470,1,1.87,0.39,14724,1,1.87,0.39,14724
2026-05-09 16:11:06,1,1,1,1611.4,48,-24.2,-660,1470,1,1.89,0.40,10048,1,1.89,0.40,10048
2026-05-09 16:11:06,1,1,1,1646.2,39,-26.4,-731,1475,1,1.89,0.40,10048,1,1.89,0.40,10048
2026-05-09 16:11:06,1,1,1,1646.2,39,-26.4,-731,1475,1,1.94,0.42,23589,1,1.94,0.42,23589
2026-05-09 16:11:06,1,1,1,1685.5,39,-28.4,-801,1483,1,1.94,0.42,23589,1,1.94,0.42,23589
2026-05-09 16:11:06,1,1,1,1685.5,39,-28.4,-801,1483,1,1.98,0.41,15625,1,1.98,0.41,15625
2026-05-09 16:11:06,1,1,1,1739.8,32,-29.6,-859,1513,1,1.98,0.41,15625,1,1.98,0.41,15625
2026-05-09 16:11:06,1,1,1,1807.2,0,-30.4,-914,1559,1,2.03,0.41,15625,1,2.03,0.41,15625
2026-05-09 16:11:06,1,1,1,1807.2,0,-30.4,-914,1559,1,2.03,0.41,15625,1,2.03,0.41,15625
2026-05-09 16:11:06,1,1,1,1853.9,56,-31.7,-973,1578,1,2.05,0.39,1906,1,2.05,0.39,1906
2026-05-09 16:11:06,1,1,1,1853.9,56,-31.7,-973,1578,1,2.05,0.39,1906,1,2.05,0.39,1906
2026-05-09 16:11:06,1,1,1,1876.0,56,-33.4,-1033,1566,1,2.09,0.39,1906,1,2.09,0.39,1906
2026-05-09 16:11:06,1,1,1,1876.0,56,-33.4,-1033,1566,1,2.09,0.39,1906,1,2.09,0.39,1906
2026-05-09 16:11:06,1,1,1,1895.7,56,-35.1,-1090,1551,1,2.16,0.42,22117,1,2.16,0.42,22117
2026-05-09 16:11:06,1,1,1,1927.4,64,-36.7,-1151,1546,1,2.16,0.42,22117,1,2.16,0.42,22117
2026-05-09 16:11:06,1,1,1,1927.4,64,-36.7,-1151,1546,1,2.21,0.44,56909,1,2.21,0.44,56909
2026-05-09 16:11:06,1,1,1,1964.7,39,-38.2,-1215,1544,1,2.21,0.44,56909,1,2.21,0.44,56909
2026-05-09 16:11:06,1,1,1,1964.7,39,-38.2,-1215,1544,1,2.25,0.44,56909,1,2.25,0.44,56909
2026-05-09 16:11:06,1,1,1,2005.1,39,-39.4,-1272,1550,1,2.25,0.44,56909,1,2.25,0.44,56909
2026-05-09 16:11:07,1,1,1,2005.1,39,-39.4,-1272,1550,1,2.32,0.44,5090,1,2.32,0.44,5090
2026-05-09 16:11:07,1,1,1,2045.4,39,-40.3,-1324,1559,1,2.32,0.44,5090,1,2.32,0.44,5090
2026-05-09 16:11:07,1,1,1,2045.4,39,-40.3,-1324,1559,1,2.37,0.44,46985,1,2.37,0.44,46985
2026-05-09 16:11:07,1,1,1,2084.9,39,-41.2,-1373,1569,1,2.37,0.44,46985,1,2.37,0.44,46985
2026-05-09 16:11:07,1,1,1,2122.8,48,-42.0,-1421,1577,1,2.41,0.44,46985,1,2.41,0.44,46985
2026-05-09 16:11:07,1,1,1,2122.8,48,-42.0,-1421,1577,1,2.41,0.44,46985,1,2.41,0.44,46985
2026-05-09 16:11:07,1,1,1,2161.7,64,-42.4,-1458,1596,1,2.48,0.49,3188,1,2.48,0.49,3188
2026-05-09 16:11:07,1,1,1,2161.7,64,-42.4,-1458,1596,1,2.48,0.49,3188,1,2.48,0.49,3188
2026-05-09 16:11:07,1,1,1,2205.3,56,-42.6,-1492,1624,1,2.53,0.49,4797,1,2.53,0.49,4797
2026-05-09 16:11:07,1,1,1,2205.3,56,-42.6,-1492,1624,1,2.53,0.49,4797,1,2.53,0.49,4797
2026-05-09 16:11:07,1,1,1,2252.9,56,-42.5,-1521,1662,1,2.58,0.49,4797,1,2.58,0.49,4797
2026-05-09 16:11:07,1,1,1,2300.4,39,-42.4,-1552,1698,1,2.58,0.49,4797,1,2.58,0.49,4797
2026-05-09 16:11:07,1,1,1,2300.4,39,-42.4,-1552,1698,1,2.60,0.46,6065,1,2.60,0.46,6065
2026-05-09 16:11:07,1,1,1,2336.8,39,-42.3,-1572,1729,1,2.60,0.46,6065,1,2.60,0.46,6065
2026-05-09 16:11:07,1,1,1,2336.8,39,-42.3,-1572,1729,1,2.62,0.43,738,1,2.62,0.43,738
2026-05-09 16:11:07,1,1,1,2376.7,16,-41.5,-1576,1779,1,2.62,0.43,738,1,2.62,0.43,738
2026-05-09 16:11:07,1,1,1,2376.7,16,-41.5,-1576,1779,1,2.67,0.43,1105,1,2.67,0.43,1105
2026-05-09 16:11:07,1,1,1,2410.6,39,-41.0,-1583,1818,1,2.67,0.43,1105,1,2.67,0.43,1105
2026-05-09 16:11:07,1,1,1,2410.6,39,-41.0,-1583,1818,1,2.71,0.42,3497,1,2.71,0.42,3497
2026-05-09 16:11:07,1,1,1,2439.6,32,-40.6,-1588,1852,1,2.71,0.42,3497,1,2.71,0.42,3497
2026-05-09 16:11:08,1,1,1,2468.9,39,-39.9,-1585,1893,1,2.75,0.42,3497,1,2.75,0.42,3497
2026-05-09 16:11:08,1,1,1,2468.9,39,-39.9,-1585,1893,1,2.75,0.42,3497,1,2.75,0.42,3497
2026-05-09 16:11:08,1,1,1,2505.6,32,-39.2,-1582,1943,1,2.75,0.42,3497,1,2.75,0.42,3497
2026-05-09 16:11:08,1,1,1,2505.6,32,-39.2,-1582,1943,1,2.75,0.42,3497,1,2.75,0.42,3497
2026-05-09 16:11:08,1,1,1,2556.5,0,-38.1,-1576,2013,1,2.75,0.42,3497,1,2.75,0.42,3497
2026-05-09 16:11:08,1,1,1,2556.5,0,-38.1,-1576,2013,1,2.75,0.42,3497,1,2.75,0.42,3497
2026-05-09 16:11:08,1,1,1,2651.0,0,-36.6,-1581,2128,1,2.75,0.42,3497,1,2.75,0.42,3497
2026-05-09 16:11:08,1,1,1,2651.0,0,-36.6,-1581,2128,1,2.75,0.42,3497,1,2.75,0.42,3497
2026-05-09 16:11:08,1,1,1,2725.2,8,-35.3,-1575,2224,1,2.75,0.42,3497,1,2.75,0.42,3497
2026-05-09 16:11:08,1,1,1,2755.8,8,-34.0,-1542,2284,1,2.75,0.42,3497,1,2.75,0.42,3497
2026-05-09 16:11:08,1,1,1,2755.8,8,-34.0,-1542,2284,1,2.75,0.42,3497,1,2.75,0.42,3497
2026-05-09 16:11:08,1,1,1,2799.7,0,-32.7,-1514,2355,1,2.75,0.42,3497,1,2.75,0.42,3497
2026-05-09 16:11:08,1,1,1,2799.7,0,-32.7,-1514,2355,1,2.75,0.42,3497,1,2.75,0.42,3497
2026-05-09 16:11:08,1,1,1,2818.1,-16,-31.7,-1482,2397,1,0.00,0.00,0,0,0.00,0.00,0
2026-05-09 16:11:08,1,1,1,2818.1,-16,-31.7,-1482,2397,1,0.00,0.00,0,0,0.00,0.00,0
2026-05-09 16:11:08,1,1,1,2793.2,-32,-31.0,-1439,2394,1,0.00,0.00,0,0,0.00,0.00,0
2026-05-09 16:11:08,1,1,1,2758.8,-39,-30.5,-1402,2376,1,0.00,0.00,0,0,0.00,0.00,0
2026-05-09 16:11:08,1,1,1,2758.8,-39,-30.5,-1402,2376,1,0.00,0.00,0,0,0.00,0.00,0
2026-05-09 16:11:08,1,1,1,2728.2,-24,-29.9,-1360,2365,0,0.00,0.00,0,0,0.00,0.00,0
2026-05-09 16:11:08,1,1,1,2728.2,-24,-29.9,-1360,2365,0,0.00,0.00,0,0,0.00,0.00,0
2026-05-09 16:11:09,1,1,1,2695.2,-24,-29.3,-1318,2351,0,0.00,0.00,0,0,0.00,0.00,0
2026-05-09 16:11:09,1,1,1,2695.2,-24,-29.3,-1318,2351,0,0.00,0.00,0,0,0.00,0.00,0
2026-05-09 16:11:09,1,1,1,2664.8,-24,-28.6,-1275,2340,0,0.00,0.00,0,0,0.00,0.00,0
2026-05-09 16:11:09,1,1,1,2664.8,-24,-28.6,-1275,2340,0,0.00,0.00,0,0,0.00,0.00,0
2026-05-09 16:11:09,1,1,1,2647.5,0,-28.0,-1244,2337,0,0.00,0.00,0,0,0.00,0.00,0
2026-05-09 16:11:09,1,1,1,2735.2,0,-28.0,-1286,2414,0,0.00,0.00,0,0,0.00,0.00,0
2026-05-09 16:11:09,1,1,1,2735.2,0,-28.0,-1286,2414,0,0.00,0.00,0,0,0.00,0.00,0
2026-05-09 16:11:09,1,1,1,2834.4,0,-27.9,-1328,2504,0,0.00,0.00,0,0,0.00,0.00,0
2026-05-09 16:11:09,1,1,1,2834.4,0,-27.9,-1328,2504,0,0.00,0.00,0,0,0.00,0.00,0
2026-05-09 16:11:09,1,1,1,2935.3,-16,-27.8,-1368,2597,0,0.00,0.00,0,0,0.00,0.00,0
2026-05-09 16:11:09,1,1,1,2935.3,-16,-27.8,-1368,2597,0,0.00,0.00,0,0,0.00,0.00,0
2026-05-09 16:11:09,1,1,1,2910.1,-8,-26.2,-1287,2610,0,0.00,0.00,0,0,0.00,0.00,0
2026-05-09 16:11:09,1,1,1,2844.4,-8,-24.5,-1178,2589,0,0.00,0.00,0,0,0.00,0.00,0
2026-05-09 16:11:09,1,1,1,2844.4,-8,-24.5,-1178,2589,0,0.00,0.00,0,0,0.00,0.00,0
2026-05-09 16:11:09,1,1,1,2769.9,-16,-22.5,-1060,2559,0,0.00,0.00,0,0,0.00,0.00,0
2026-05-09 16:11:09,1,1,1,2769.9,-16,-22.5,-1060,2559,0,0.00,0.00,0,0,0.00,0.00,0
2026-05-09 16:11:09,1,1,1,2693.2,0,-20.5,-945,2522,0,0.00,0.00,0,0,0.00,0.00,0
2026-05-09 16:11:09,1,1,1,2693.2,0,-20.5,-945,2522,0,0.00,0.00,0,0,0.00,0.00,0
2026-05-09 16:11:09,1,1,1,2642.4,0,-18.4,-832,2508,0,0.00,0.00,0,0,0.00,0.00,0
2026-05-09 16:11:09,1,1,1,2704.4,0,-16.0,-744,2600,0,0.00,0.00,0,0,0.00,0.00,0
2026-05-09 16:11:10,1,1,1,2704.4,0,-16.0,-744,2600,0,0.00,0.00,0,0,0.00,0.00,0
2026-05-09 16:11:10,1,1,1,2770.4,0,-13.5,-646,2694,0,0.00,0.00,0,0,0.00,0.00,0
2026-05-09 16:11:10,1,1,1,2770.4,0,-13.5,-646,2694,0,0.00,0.00,0,0,0.00,0.00,0
2026-05-09 16:11:10,1,1,1,2848.6,0,-11.4,-565,2792,0,0.00,0.00,0,0,0.00,0.00,0
2026-05-09 16:11:10,1,1,1,2848.6,0,-11.4,-565,2792,0,0.00,0.00,0,0,0.00,0.00,0
2026-05-09 16:11:10,1,1,1,2913.9,0,-12.2,-616,2848,0,0.00,0.00,0,0,0.00,0.00,0
2026-05-09 16:11:10,1,1,1,2913.9,0,-12.2,-616,2848,0,0.00,0.00,0,0,0.00,0.00,0
2026-05-09 16:11:10,1,1,1,2977.7,0,-13.5,-697,2895,0,0.00,0.00,0,0,0.00,0.00,0
2026-05-09 16:11:10,1,1,1,3041.9,0,-15.1,-792,2937,0,0.00,0.00,0,0,0.00,0.00,0
2026-05-09 16:11:10,1,1,1,3041.9,0,-15.1,-792,2937,0,0.00,0.00,0,0,0.00,0.00,0
2026-05-09 16:11:10,1,1,1,3098.9,0,-16.3,-871,2974,0,0.00,0.00,0,0,0.00,0.00,0
2026-05-09 16:11:10,1,1,1,3098.9,0,-16.3,-871,2974,0,0.00,0.00,0,0,0.00,0.00,0
2026-05-09 16:11:10,1,1,1,3095.9,8,-16.6,-884,2967,0,0.00,0.00,0,0,0.00,0.00,0
2026-05-09 16:11:10,1,1,1,3095.9,8,-16.6,-884,2967,0,0.00,0.00,0,0,0.00,0.00,0
2026-05-09 16:11:10,1,1,1,3003.3,24,-14.7,-762,2905,0,0.00,0.00,0,0,0.00,0.00,0
2026-05-09 16:11:10,1,1,1,2972.1,0,-13.8,-710,2886,0,0.00,0.00,0,0,0.00,0.00,0
2026-05-09 16:11:10,1,1,1,2972.1,0,-13.8,-710,2886,0,0.00,0.00,0,0,0.00,0.00,0
2026-05-09 16:11:10,1,1,1,2903.9,0,-11.6,-582,2845,0,0.00,0.00,0,0,0.00,0.00,0
2026-05-09 16:11:10,1,1,1,2903.9,0,-11.6,-582,2845,0,0.00,0.00,0,0,0.00,0.00,0
2026-05-09 16:11:10,1,1,1,2845.5,0,-8.5,-422,2814,0,0.00,0.00,0,0,0.00,0.00,0
2026-05-09 16:11:11,1,1,1,2845.5,0,-8.5,-422,2814,0,0.00,0.00,0,0,0.00,0.00,0
2026-05-09 16:11:11,1,1,1,2763.6,8,-5.3,-253,2752,0,0.00,0.00,0,0,0.00,0.00,0
2026-05-09 16:11:11,1,1,1,2763.6,8,-5.3,-253,2752,0,0.00,0.00,0,0,0.00,0.00,0
2026-05-09 16:11:11,1,1,1,2712.3,16,-1.8,-84,2711,0,0.00,0.00,0,0,0.00,0.00,0
2026-05-09 16:11:11,1,1,1,2655.6,8,1.2,56,2655,0,0.00,0.00,0,0,0.00,0.00,0
2026-05-09 16:11:11,1,1,1,2655.6,8,1.2,56,2655,0,0.00,0.00,0,0,0.00,0.00,0
2026-05-09 16:11:11,1,1,1,2597.0,8,4.8,216,2588,0,0.00,0.00,0,0,0.00,0.00,0
2026-05-09 16:11:11,1,1,1,2597.0,8,4.8,216,2588,0,0.00,0.00,0,0,0.00,0.00,0
2026-05-09 16:11:11,1,1,1,2544.5,8,8.4,373,2517,0,0.00,0.00,0,0,0.00,0.00,0
2026-05-09 16:11:11,1,1,1,2544.5,8,8.4,373,2517,0,0.00,0.00,0,0,0.00,0.00,0
2026-05-09 16:11:11,1,1,1,2507.9,8,12.0,522,2453,0,0.00,0.00,0,0,0.00,0.00,0
2026-05-09 16:11:11,1,1,1,2481.2,8,15.5,663,2391,0,0.00,0.00,0,0,0.00,0.00,0
2026-05-09 16:11:11,1,1,1,2481.2,8,15.5,663,2391,0,0.00,0.00,0,0,0.00,0.00,0
2026-05-09 16:11:11,1,1,1,2469.2,8,19.1,806,2334,0,0.00,0.00,0,0,0.00,0.00,0
2026-05-09 16:11:11,1,1,1,2469.2,8,19.1,806,2334,0,0.00,0.00,0,0,0.00,0.00,0
2026-05-09 16:11:11,1,1,1,2491.4,8,22.2,943,2306,0,0.00,0.00,0,0,0.00,0.00,0
2026-05-09 16:11:11,1,1,1,2491.4,8,22.2,943,2306,0,0.00,0.00,0,0,0.00,0.00,0
2026-05-09 16:11:11,1,1,1,2520.3,16,24.5,1046,2293,0,0.00,0.00,0,0,0.00,0.00,0
2026-05-09 16:11:11,1,1,1,2520.3,16,24.5,1046,2293,0,0.00,0.00,0,0,0.00,0.00,0
2026-05-09 16:11:11,1,1,1,2526.4,24,26.2,1117,2266,0,0.00,0.00,0,0,0.00,0.00,0
2026-05-09 16:11:12,1,1,1,2514.2,8,27.6,1163,2229,0,0.00,0.00,0,0,0.00,0.00,0
2026-05-09 16:11:12,1,1,1,2514.2,8,27.6,1163,2229,0,0.00,0.00,0,0,0.00,0.00,0
2026-05-09 16:11:12,1,1,1,2510.0,0,28.3,1190,2210,0,0.00,0.00,0,0,0.00,0.00,0
2026-05-09 16:11:12,1,1,1,2510.0,0,28.3,1190,2210,0,0.00,0.00,0,0,0.00,0.00,0
2026-05-09 16:11:12,1,1,1,2513.6,-8,28.6,1203,2207,0,0.00,0.00,0,0,0.00,0.00,0
2026-05-09 16:11:12,1,1,1,2513.6,-8,28.6,1203,2207,0,0.00,0.00,0,0,0.00,0.00,0
2026-05-09 16:11:12,1,1,1,2512.5,8,28.7,1208,2203,0,0.00,0.00,0,0,0.00,0.00,0
2026-05-09 16:11:12,1,1,1,2510.8,-24,29.0,1219,2195,0,0.00,0.00,0,0,0.00,0.00,0
2026-05-09 16:11:12,1,1,1,2510.8,-24,29.0,1219,2195,0,0.00,0.00,0,0,0.00,0.00,0
2026-05-09 16:11:12,1,1,1,2511.1,0,29.2,1225,2192,0,0.00,0.00,0,0,0.00,0.00,0
2026-05-09 16:11:12,1,1,1,2511.1,0,29.2,1225,2192,0,0.00,0.00,0,0,0.00,0.00,0
2026-05-09 16:11:12,1,1,1,2512.2,-32,29.5,1238,2186,0,0.00,0.00,0,0,0.00,0.00,0
2026-05-09 16:11:12,1,1,1,2512.2,-32,29.5,1238,2186,0,0.00,0.00,0,0,0.00,0.00,0
2026-05-09 16:11:12,1,1,1,2504.5,-39,30.0,1254,2168,0,0.00,0.00,0,0,0.00,0.00,0
2026-05-09 16:11:12,1,1,1,2504.5,-39,30.0,1254,2168,0,0.00,0.00,0,1,2.49,-0.43,4877
2026-05-09 16:11:12,1,1,1,2494.0,-56,30.7,1274,2144,0,0.00,0.00,0,1,2.49,-0.43,4877
2026-05-09 16:11:12,1,1,1,2468.5,-48,31.5,1291,2104,1,2.45,-0.43,4877,1,2.45,-0.43,4877
2026-05-09 16:11:12,1,1,1,2468.5,-48,31.5,1291,2104,1,2.45,-0.43,4877,1,2.45,-0.43,4877
2026-05-09 16:11:12,1,1,1,2452.7,-39,31.7,1290,2086,1,2.45,-0.45,7081,1,2.45,-0.45,7081
2026-05-09 16:11:12,1,1,1,2452.7,-39,31.7,1290,2086,1,2.45,-0.45,7081,1,2.45,-0.45,7081
2026-05-09 16:11:13,1,1,1,2430.3,-56,31.6,1275,2069,1,2.40,-0.45,7081,1,2.40,-0.45,7081
2026-05-09 16:11:13,1,1,1,2430.3,-56,31.6,1275,2069,1,2.40,-0.45,7081,1,2.40,-0.45,7081
2026-05-09 16:11:13,1,1,1,2419.1,-16,31.4,1260,2065,1,2.40,-0.45,7081,1,2.40,-0.45,7081
2026-05-09 16:11:13,1,1,1,2404.4,-39,31.0,1240,2060,1,2.40,-0.45,7081,1,2.40,-0.45,7081
2026-05-09 16:11:13,1,1,1,2404.4,-39,31.0,1240,2060,1,2.40,-0.45,7081,1,2.40,-0.45,7081
2026-05-09 16:11:13,1,1,1,2380.1,-64,30.9,1221,2043,1,2.40,-0.45,7081,1,2.40,-0.45,7081
2026-05-09 16:11:13,1,1,1,2380.1,-64,30.9,1221,2043,1,2.40,-0.45,7081,1,2.40,-0.45,7081
2026-05-09 16:11:13,1,1,1,2349.0,-72,30.8,1204,2017,1,2.40,-0.45,7081,1,2.40,-0.45,7081
2026-05-09 16:11:13,1,1,1,2349.0,-72,30.8,1204,2017,1,2.40,-0.45,7081,1,2.40,-0.45,7081
2026-05-09 16:11:13,1,1,1,2315.1,-64,30.9,1188,1987,1,2.40,-0.45,7081,1,2.40,-0.45,7081
2026-05-09 16:11:13,1,1,1,2315.1,-64,30.9,1188,1987,1,2.01,-0.48,18685,1,2.01,-0.48,18685
2026-05-09 16:11:13,1,1,1,2246.3,-48,30.8,1151,1929,1,2.01,-0.48,18685,1,2.01,-0.48,18685
2026-05-09 16:11:13,1,1,1,2182.5,-48,30.6,1112,1878,1,1.96,-0.48,18685,1,1.96,-0.48,18685
2026-05-09 16:11:13,1,1,1,2182.5,-48,30.6,1112,1878,1,1.96,-0.48,18685,1,1.96,-0.48,18685
2026-05-09 16:11:13,1,1,1,2122.4,-39,30.3,1070,1833,1,1.96,-0.35,11600,1,1.96,-0.35,11600
2026-05-09 16:11:13,1,1,1,2122.4,-39,30.3,1070,1833,1,1.96,-0.35,11600,1,1.96,-0.35,11600
2026-05-09 16:11:13,1,1,1,2070.0,-39,29.9,1031,1795,1,2.38,-0.25,2273,1,2.38,-0.25,2273
2026-05-09 16:11:13,1,1,1,2070.0,-39,29.9,1031,1795,1,2.38,-0.25,2273,1,2.38,-0.25,2273
2026-05-09 16:11:13,1,1,1,2004.8,0,29.0,971,1754,1,2.36,-0.25,2273,1,2.36,-0.25,2273
2026-05-09 16:11:13,1,1,1,2004.8,0,29.0,971,1754,1,2.36,-0.25,2273,1,2.36,-0.25,2273
2026-05-09 16:11:14,1,1,1,1955.7,-24,27.8,912,1730,1,2.36,-0.25,2273,1,2.36,-0.25,2273
2026-05-09 16:11:14,1,1,1,1917.2,-16,26.4,851,1718,0,0.00,0.00,0,1,2.36,-0.25,2273
2026-05-09 16:11:14,1,1,1,1917.2,-16,26.4,851,1718,0,0.00,0.00,0,1,2.36,-0.25,2273
2026-05-09 16:11:14,1,1,1,1884.0,-8,24.5,782,1714,0,0.00,0.00,0,1,2.36,-0.25,2273
2026-05-09 16:11:14,1,1,1,1884.0,-8,24.5,782,1714,0,0.00,0.00,0,1,2.36,-0.25,2273
2026-05-09 16:11:14,1,1,1,1854.9,-16,22.5,709,1714,0,0.00,0.00,0,1,2.36,-0.25,2273
2026-05-09 16:11:14,1,1,1,1854.9,-16,22.5,709,1714,0,0.00,0.00,0,1,1.80,0.00,19489
2026-05-09 16:11:14,1,1,1,1830.0,-8,20.8,649,1711,0,0.00,0.00,0,1,1.80,0.00,19489
2026-05-09 16:11:14,1,1,1,1810.3,-16,19.3,597,1709,1,2.51,0.03,4640,1,2.51,0.03,4640
2026-05-09 16:11:14,1,1,1,1810.3,-16,19.3,597,1709,1,2.51,0.03,4640,1,2.51,0.03,4640
2026-05-09 16:11:14,1,1,1,1794.7,-24,17.7,545,1710,1,2.76,0.04,3281,1,2.76,0.04,3281
2026-05-09 16:11:14,1,1,1,1794.7,-24,17.7,545,1710,1,2.76,0.04,3281,1,2.76,0.04,3281
2026-05-09 16:11:14,1,1,1,1782.4,-24,16.2,496,1712,1,2.49,-0.06,21320,1,2.49,-0.06,21320
2026-05-09 16:11:14,1,1,1,1782.4,-24,16.2,496,1712,1,2.49,-0.06,21320,1,2.49,-0.06,21320
2026-05-09 16:11:14,1,1,1,1772.3,-24,14.7,451,1714,1,2.33,-0.12,37141,1,2.33,-0.12,37141
2026-05-09 16:11:14,1,1,1,1772.3,-24,14.7,451,1714,1,2.33,-0.12,37141,1,2.33,-0.12,37141
2026-05-09 16:11:14,1,1,1,1739.1,-24,12.8,385,1696,1,2.32,-0.12,37141,1,2.32,-0.12,37141
2026-05-09 16:11:14,1,1,1,1700.8,-24,10.0,295,1675,1,2.32,-0.12,37141,1,2.32,-0.12,37141
2026-05-09 16:11:14,1,1,1,1700.8,-24,10.0,295,1675,1,2.48,-0.04,5162,1,2.48,-0.04,5162
2026-05-09 16:11:14,1,1,1,1660.4,-8,6.7,194,1649,1,2.48,-0.04,5162,1,2.48,-0.04,5162
2026-05-09 16:11:15,1,1,1,1660.4,-8,6.7,194,1649,1,2.60,0.00,5634,1,2.60,0.00,5634
2026-05-09 16:11:15,1,1,1,1622.4,-8,3.1,88,1620,1,2.60,0.00,5634,1,2.60,0.00,5634
2026-05-09 16:11:15,1,1,1,1622.4,-8,3.1,88,1620,1,2.70,0.03,2164,1,2.70,0.03,2164
2026-05-09 16:11:15,1,1,1,1591.1,-8,-0.5,-15,1591,1,2.70,0.03,2164,1,2.70,0.03,2164
2026-05-09 16:11:15,1,1,1,1576.2,16,-3.7,-101,1573,1,2.70,0.03,2164,1,2.70,0.03,2164
2026-05-09 16:11:15,1,1,1,1576.2,16,-3.7,-101,1573,1,2.70,0.03,2164,1,2.70,0.03,2164
2026-05-09 16:11:15,1,1,1,1586.0,8,-5.8,-159,1578,1,2.79,0.09,12789,1,2.79,0.09,12789
2026-05-09 16:11:15,1,1,1,1586.0,8,-5.8,-159,1578,1,2.79,0.09,12789,1,2.79,0.09,12789
2026-05-09 16:11:15,1,1,1,1592.0,24,-7.9,-218,1577,1,2.68,0.05,26874,1,2.68,0.05,26874
2026-05-09 16:11:15,1,1,1,1592.0,24,-7.9,-218,1577,1,2.68,0.05,26874,1,2.68,0.05,26874
2026-05-09 16:11:15,1,1,1,1599.5,24,-10.0,-279,1575,1,2.58,0.02,61741,1,2.58,0.02,61741
2026-05-09 16:11:15,1,1,1,1599.5,24,-10.0,-279,1575,1,2.58,0.02,61741,1,2.58,0.02,61741
2026-05-09 16:11:15,1,1,1,1613.1,24,-12.3,-344,1576,1,2.67,0.08,1018,1,2.67,0.08,1018
2026-05-09 16:11:15,1,1,1,1625.8,16,-14.6,-411,1573,1,2.67,0.08,1018,1,2.67,0.08,1018
2026-05-09 16:11:15,1,1,1,1625.8,16,-14.6,-411,1573,1,2.68,0.08,1018,1,2.68,0.08,1018
2026-05-09 16:11:15,1,1,1,1640.2,16,-16.9,-478,1569,1,2.68,0.08,1018,1,2.68,0.08,1018
2026-05-09 16:11:15,1,1,1,1640.2,16,-16.9,-478,1569,1,2.58,0.04,23125,1,2.58,0.04,23125
2026-05-09 16:11:15,1,1,1,1646.2,24,-19.4,-546,1553,1,2.58,0.04,23125,1,2.58,0.04,23125
2026-05-09 16:11:15,1,1,1,1646.2,24,-19.4,-546,1553,1,2.59,0.04,23125,1,2.59,0.04,23125
2026-05-09 16:11:15,1,1,1,1641.0,32,-21.9,-611,1523,1,2.59,0.04,23125,1,2.59,0.04,23125
2026-05-09 16:11:16,1,1,1,1648.9,16,-24.2,-676,1504,1,2.50,0.02,2756,1,2.50,0.02,2756
2026-05-09 16:11:16,1,1,1,1648.9,16,-24.2,-676,1504,1,2.50,0.02,2756,1,2.50,0.02,2756
2026-05-09 16:11:16,1,1,1,1656.9,16,-26.7,-745,1480,1,2.43,0.00,18125,1,2.43,0.00,18125
2026-05-09 16:11:16,1,1,1,1656.9,16,-26.7,-745,1480,1,2.43,0.00,18125,1,2.43,0.00,18125
2026-05-09 16:11:16,1,1,1,1667.2,8,-29.2,-814,1455,1,2.43,0.04,4733,1,2.43,0.04,4733
2026-05-09 16:11:16,1,1,1,1667.2,8,-29.2,-814,1455,1,2.43,0.04,4733,1,2.43,0.04,4733
2026-05-09 16:11:16,1,1,1,1675.7,16,-31.7,-880,1426,1,2.38,0.03,2738,1,2.38,0.03,2738
2026-05-09 16:11:16,1,1,1,1675.7,16,-31.7,-880,1426,1,2.38,0.03,2738,1,2.38,0.03,2738
2026-05-09 16:11:16,1,1,1,1674.1,8,-33.9,-933,1390,1,2.38,0.03,2738,1,2.38,0.03,2738
2026-05-09 16:11:16,1,1,1,1685.0,8,-35.6,-981,1370,1,2.38,0.03,2738,1,2.38,0.03,2738
2026-05-09 16:11:16,1,1,1,1685.0,8,-35.6,-981,1370,1,2.35,0.03,6709,1,2.35,0.03,6709
2026-05-09 16:11:16,1,1,1,1700.2,24,-37.0,-1023,1358,1,2.35,0.03,6709,1,2.35,0.03,6709
2026-05-09 16:11:16,1,1,1,1700.2,24,-37.0,-1023,1358,1,2.33,0.04,15538,1,2.33,0.04,15538
2026-05-09 16:11:16,1,1,1,1722.8,32,-38.1,-1064,1355,1,2.33,0.04,15538,1,2.33,0.04,15538
2026-05-09 16:11:16,1,1,1,1722.8,32,-38.1,-1064,1355,1,2.33,0.04,15538,1,2.33,0.04,15538
2026-05-09 16:11:16,1,1,1,1748.4,8,-39.2,-1105,1355,1,2.33,0.04,15538,1,2.33,0.04,15538
2026-05-09 16:11:16,1,1,1,1777.2,8,-40.1,-1144,1360,1,2.33,0.04,15538,1,2.33,0.04,15538
2026-05-09 16:11:16,1,1,1,1777.2,8,-40.1,-1144,1360,1,2.33,0.04,15538,1,2.33,0.04,15538
2026-05-09 16:11:16,1,1,1,1799.3,-8,-40.9,-1177,1361,1,2.33,0.04,15538,1,2.33,0.04,15538
2026-05-09 16:11:16,1,1,1,1799.3,-8,-40.9,-1177,1361,1,2.33,0.04,15538,1,2.33,0.04,15538
2026-05-09 16:11:17,1,1,1,1807.8,-32,-41.9,-1208,1345,1,2.33,0.04,15538,1,2.33,0.04,15538
2026-05-09 16:11:17,1,1,1,1807.8,-32,-41.9,-1208,1345,1,2.33,0.04,15538,1,2.33,0.04,15538
2026-05-09 16:11:17,1,1,1,1813.6,-48,-42.9,-1234,1329,1,2.33,0.04,15538,1,2.33,0.04,15538
2026-05-09 16:11:17,1,1,1,1813.6,-48,-42.9,-1234,1329,1,2.33,0.04,15538,1,2.33,0.04,15538
2026-05-09 16:11:17,1,1,1,1816.3,-24,-43.0,-1238,1329,1,2.33,0.04,15538,1,2.33,0.04,15538
2026-05-09 16:11:17,1,1,1,1816.7,-39,-42.7,-1231,1336,1,2.33,0.04,15538,1,2.33,0.04,15538
2026-05-09 16:11:17,1,1,1,1816.7,-39,-42.7,-1231,1336,1,2.33,0.04,15538,1,2.33,0.04,15538
2026-05-09 16:11:17,1,1,1,1814.6,-48,-42.6,-1228,1336,1,0.00,0.00,0,0,0.00,0.00,0
2026-05-09 16:11:17,1,1,1,1814.6,-48,-42.6,-1228,1336,1,0.00,0.00,0,0,0.00,0.00,0
2026-05-09 16:11:17,1,1,1,1809.7,-39,-42.6,-1224,1333,1,0.00,0.00,0,0,0.00,0.00,0
2026-05-09 16:11:17,1,1,1,1809.7,-39,-42.6,-1224,1333,1,0.00,0.00,0,0,0.00,0.00,0
2026-05-09 16:11:17,1,1,1,1804.8,-48,-42.5,-1220,1330,1,0.00,0.00,0,0,0.00,0.00,0
2026-05-09 16:11:17,1,1,1,1798.6,-32,-42.4,-1213,1328,0,0.00,0.00,0,0,0.00,0.00,0
2026-05-09 16:11:17,1,1,1,1798.6,-32,-42.4,-1213,1328,0,0.00,0.00,0,0,0.00,0.00,0
2026-05-09 16:11:17,1,1,1,1793.3,-48,-42.2,-1204,1329,0,0.00,0.00,0,1,1.81,-0.46,27826
2026-05-09 16:11:17,1,1,1,1793.3,-48,-42.2,-1204,1329,0,0.00,0.00,0,1,1.81,-0.46,27826
2026-05-09 16:11:17,1,1,1,1782.4,-16,-41.9,-1190,1327,1,1.76,-0.46,27826,1,1.76,-0.46,27826
2026-05-09 16:11:17,1,1,1,1782.4,-16,-41.9,-1190,1327,1,1.76,-0.46,27826,1,1.76,-0.46,27826
2026-05-09 16:11:17,1,1,1,1771.5,-64,-41.6,-1177,1324,1,1.76,-0.46,27826,1,1.76,-0.46,27826
2026-05-09 16:11:17,1,1,1,1771.5,-64,-41.6,-1177,1324,1,1.76,-0.46,27826,1,1.76,-0.46,27826
2026-05-09 16:11:18,1,1,1,1758.1,-64,-41.2,-1159,1322,1,1.76,-0.46,27826,1,1.76,-0.46,27826
2026-05-09 16:11:18,1,1,1,1742.5,-48,-40.9,-1141,1317,1,1.76,-0.46,27826,1,1.76,-0.46,27826
2026-05-09 16:11:18,1,1,1,1742.5,-48,-40.9,-1141,1317,1,1.76,-0.46,27826,1,1.76,-0.46,27826
2026-05-09 16:11:18,1,1,1,1724.9,-56,-40.5,-1121,1311,1,1.76,-0.46,27826,1,1.76,-0.46,27826
2026-05-09 16:11:18,1,1,1,1724.9,-56,-40.5,-1121,1311,1,1.76,-0.46,27826,1,1.76,-0.46,27826
2026-05-09 16:11:18,1,1,1,1679.4,-32,-39.2,-1062,1301,1,1.76,-0.46,27826,1,1.76,-0.46,27826
2026-05-09 16:11:18,1,1,1,1679.4,-32,-39.2,-1062,1301,1,1.76,-0.46,27826,1,1.76,-0.46,27826
2026-05-09 16:11:18,1,1,1,1637.4,-24,-37.7,-1002,1295,1,1.76,-0.46,27826,1,1.76,-0.46,27826
2026-05-09 16:11:18,1,1,1,1637.4,-24,-37.7,-1002,1295,1,1.76,-0.46,27826,1,1.76,-0.46,27826
2026-05-09 16:11:18,1,1,1,1588.1,-24,-36.1,-936,1283,1,0.00,0.00,0,0,0.00,0.00,0
2026-05-09 16:11:18,1,1,1,1492.7,-8,-32.5,-802,1259,1,0.00,0.00,0,0,0.00,0.00,0
2026-05-09 16:11:18,1,1,1,1492.7,-8,-32.5,-802,1259,1,0.00,0.00,0,0,0.00,0.00,0
2026-05-09 16:11:18,1,1,1,1416.4,8,-28.6,-679,1243,1,1.36,0.21,36994,1,1.36,0.21,36994
2026-05-09 16:11:18,1,1,1,1416.4,8,-28.6,-679,1243,1,1.36,0.21,36994,1,1.36,0.21,36994
2026-05-09 16:11:18,1,1,1,1378.1,8,-24.7,-576,1252,1,2.29,0.15,5661,1,2.29,0.15,5661
2026-05-09 16:11:18,1,1,1,1378.1,8,-24.7,-576,1252,1,2.29,0.15,5661,1,2.29,0.15,5661
2026-05-09 16:11:18,1,1,1,1334.4,8,-20.9,-475,1247,1,1.97,0.07,52610,1,1.97,0.07,52610
2026-05-09 16:11:18,1,1,1,1290.5,24,-16.7,-371,1236,1,1.97,0.07,52610,1,1.97,0.07,52610
2026-05-09 16:11:18,1,1,1,1290.5,24,-16.7,-371,1236,1,1.97,0.07,52610,1,1.97,0.07,52610
2026-05-09 16:11:18,1,1,1,1265.0,16,-11.9,-260,1238,1,1.97,0.07,52610,1,1.97,0.07,52610
2026-05-09 16:11:19,1,1,1,1265.0,16,-11.9,-260,1238,1,2.31,0.12,7501,1,2.31,0.12,7501
2026-05-09 16:11:19,1,1,1,1252.9,16,-6.8,-149,1244,1,2.31,0.12,7501,1,2.31,0.12,7501
2026-05-09 16:11:19,1,1,1,1252.9,16,-6.8,-149,1244,1,2.32,0.12,7501,1,2.32,0.12,7501
2026-05-09 16:11:19,1,1,1,1246.4,16,-2.7,-58,1245,1,2.32,0.12,7501,1,2.32,0.12,7501
2026-05-09 16:11:19,1,1,1,1246.4,16,-2.7,-58,1245,1,2.32,0.12,7501,1,2.32,0.12,7501
2026-05-09 16:11:19,1,1,1,1226.1,24,0.7,16,1226,1,2.32,0.12,7501,1,2.32,0.12,7501
2026-05-09 16:11:19,1,1,1,1207.7,24,5.0,106,1203,1,2.32,0.12,7501,1,2.32,0.12,7501
2026-05-09 16:11:19,1,1,1,1207.7,24,5.0,106,1203,1,2.32,0.12,7501,1,2.32,0.12,7501
2026-05-09 16:11:19,1,1,1,1207.1,32,9.9,208,1189,1,2.32,0.12,7501,1,2.32,0.12,7501
2026-05-09 16:11:19,1,1,1,1207.1,32,9.9,208,1189,1,2.32,0.12,7501,1,2.32,0.12,7501
2026-05-09 16:11:19,1,1,1,1217.3,32,14.6,307,1178,1,1.50,0.26,26050,1,1.50,0.26,26050
2026-05-09 16:11:19,1,1,1,1217.3,32,14.6,307,1178,1,1.50,0.26,26050,1,1.50,0.26,26050
2026-05-09 16:11:19,1,1,1,1245.9,39,18.4,394,1182,1,1.44,0.36,5245,1,1.44,0.36,5245
2026-05-09 16:11:19,1,1,1,1283.0,56,21.6,472,1193,1,1.44,0.36,5245,1,1.44,0.36,5245
2026-05-09 16:11:19,1,1,1,1283.0,56,21.6,472,1193,1,1.48,0.36,5245,1,1.48,0.36,5245
2026-05-09 16:11:19,1,1,1,1320.2,64,24.4,546,1202,1,1.48,0.36,5245,1,1.48,0.36,5245
2026-05-09 16:11:19,1,1,1,1320.2,64,24.4,546,1202,1,1.54,0.49,27450,1,1.54,0.49,27450
2026-05-09 16:11:19,1,1,1,1375.7,79,26.2,608,1234,1,1.54,0.49,27450,1,1.54,0.49,27450
2026-05-09 16:11:19,1,1,1,1375.7,79,26.2,608,1234,1,1.58,0.44,4525,1,1.58,0.44,4525
2026-05-09 16:11:19,1,1,1,1438.3,56,28.1,677,1269,1,1.58,0.44,4525,1,1.58,0.44,4525
2026-05-09 16:11:20,1,1,1,1438.3,56,28.1,677,1269,1,1.65,0.46,9701,1,1.65,0.46,9701
2026-05-09 16:11:20,1,1,1,1488.7,48,30.5,755,1283,1,1.65,0.46,9701,1,1.65,0.46,9701
2026-05-09 16:11:20,1,1,1,1530.2,48,33.4,843,1277,1,1.70,0.46,9701,1,1.70,0.46,9701
2026-05-09 16:11:20,1,1,1,1530.2,48,33.4,843,1277,1,1.70,0.46,9701,1,1.70,0.46,9701
2026-05-09 16:11:20,1,1,1,1572.3,48,36.3,931,1267,1,1.75,0.47,4346,1,1.75,0.47,4346
2026-05-09 16:11:20,1,1,1,1572.3,48,36.3,931,1267,1,1.75,0.47,4346,1,1.75,0.47,4346
2026-05-09 16:11:20,1,1,1,1598.9,64,39.3,1013,1237,1,1.80,0.47,4346,1,1.80,0.47,4346
2026-05-09 16:11:20,1,1,1,1598.9,64,39.3,1013,1237,1,1.80,0.47,4346,1,1.80,0.47,4346
2026-05-09 16:11:20,1,1,1,1632.1,79,42.0,1093,1212,1,1.80,0.47,4346,1,1.80,0.47,4346
2026-05-09 16:11:20,1,1,1,1680.3,48,44.0,1167,1209,1,1.80,0.47,4346,1,1.80,0.47,4346
2026-05-09 16:11:20,1,1,1,1680.3,48,44.0,1167,1209,1,1.80,0.47,4346,1,1.80,0.47,4346
2026-05-09 16:11:20,1,1,1,1748.7,24,44.8,1232,1241,1,1.80,0.47,4346,1,1.80,0.47,4346
2026-05-09 16:11:20,1,1,1,1748.7,24,44.8,1232,1241,1,1.80,0.47,4346,1,1.80,0.47,4346
2026-05-09 16:11:20,1,1,1,1814.0,56,46.0,1304,1261,1,1.80,0.47,4346,1,1.80,0.47,4346
2026-05-09 16:11:20,1,1,1,1814.0,56,46.0,1304,1261,1,1.80,0.47,4346,1,1.80,0.47,4346
2026-05-09 16:11:20,1,1,1,1882.2,39,47.1,1379,1281,1,1.80,0.47,4346,1,1.80,0.47,4346
2026-05-09 16:11:20,1,1,1,1882.2,39,47.1,1379,1281,1,1.80,0.47,4346,1,1.80,0.47,4346
2026-05-09 16:11:20,1,1,1,1941.4,56,47.9,1441,1301,1,1.80,0.47,4346,1,1.80,0.47,4346
2026-05-09 16:11:20,1,1,1,1997.1,64,48.5,1496,1323,1,1.80,0.47,4346,1,1.80,0.47,4346
2026-05-09 16:11:20,1,1,1,1997.1,64,48.5,1496,1323,1,0.00,0.00,0,0,0.00,0.00,0
2026-05-09 16:11:21,1,1,1,2046.6,72,49.1,1546,1341,1,2.32,0.71,6185,1,2.32,0.71,6185
2026-05-09 16:11:21,1,1,1,2046.6,72,49.1,1546,1341,1,2.32,0.71,6185,1,2.32,0.71,6185
2026-05-09 16:11:21,1,1,1,2113.8,48,49.3,1602,1379,1,2.39,0.71,6185,1,2.39,0.71,6185
2026-05-09 16:11:21,1,1,1,2113.8,48,49.3,1602,1379,1,2.39,0.71,6185,1,2.39,0.71,6185
2026-05-09 16:11:21,1,1,1,2182.4,56,49.9,1670,1405,1,2.47,0.59,5485,1,2.47,0.59,5485
2026-05-09 16:11:21,1,1,1,2242.6,16,50.1,1720,1439,1,2.47,0.59,5485,1,2.47,0.59,5485
2026-05-09 16:11:21,1,1,1,2242.6,16,50.1,1720,1439,1,2.53,0.59,5485,1,2.53,0.59,5485
2026-05-09 16:11:21,1,1,1,2279.7,0,49.0,1721,1495,1,2.53,0.59,5485,1,2.53,0.59,5485
2026-05-09 16:11:21,1,1,1,2279.7,0,49.0,1721,1495,1,2.52,0.38,1060,1,2.52,0.38,1060
2026-05-09 16:11:21,1,1,1,2302.6,24,48.3,1719,1532,1,2.52,0.38,1060,1,2.52,0.38,1060
2026-05-09 16:11:21,1,1,1,2302.6,24,48.3,1719,1532,1,2.56,0.38,1060,1,2.56,0.38,1060
2026-05-09 16:11:21,1,1,1,2310.4,-8,48.0,1716,1547,1,2.56,0.38,1060,1,2.56,0.38,1060
2026-05-09 16:11:21,1,1,1,2310.4,-8,48.0,1716,1547,1,2.57,0.34,1300,1,2.57,0.34,1300
2026-05-09 16:11:21,1,1,1,2326.7,16,48.0,1729,1557,0,0.00,0.00,0,1,2.57,0.34,1300
2026-05-09 16:11:21,1,1,1,2336.3,8,47.8,1731,1569,0,0.00,0.00,0,1,2.54,0.21,2754
2026-05-09 16:11:21,1,1,1,2336.3,8,47.8,1731,1569,0,0.00,0.00,0,1,2.54,0.21,2754
2026-05-09 16:11:21,1,1,1,2347.2,-16,47.6,1733,1583,0,0.00,0.00,0,1,2.57,0.21,2754
2026-05-09 16:11:21,1,1,1,2347.2,-16,47.6,1733,1583,0,0.00,0.00,0,1,2.57,0.21,2754
2026-05-09 16:11:21,1,1,1,2358.0,-16,47.3,1734,1598,0,0.00,0.00,0,1,2.57,0.21,2754
2026-05-09 16:11:21,1,1,1,2358.0,-16,47.3,1734,1598,0,0.00,0.00,0,1,2.57,0.21,2754
2026-05-09 16:11:22,1,1,1,2364.4,-48,47.3,1739,1602,0,0.00,0.00,0,1,2.57,0.21,2754
2026-05-09 16:11:22,1,1,1,2358.2,-56,47.4,1736,1596,0,0.00,0.00,0,1,2.57,0.21,2754
2026-05-09 16:11:22,1,1,1,2358.2,-56,47.4,1736,1596,0,0.00,0.00,0,1,2.57,0.21,2754
2026-05-09 16:11:22,1,1,1,2353.2,-88,47.4,1732,1593,0,0.00,0.00,0,1,2.57,0.21,2754
2026-05-09 16:11:22,1,1,1,2353.2,-88,47.4,1732,1593,0,0.00,0.00,0,1,2.28,-0.90,8410
2026-05-09 16:11:22,1,1,1,2346.9,-72,47.4,1728,1588,0,0.00,0.00,0,1,2.28,-0.90,8410
2026-05-09 16:11:22,1,1,1,2346.9,-72,47.4,1728,1588,1,2.19,-0.90,8410,1,2.19,-0.90,8410
2026-05-09 16:11:22,1,1,1,2338.4,-72,47.5,1723,1581,1,2.19,-0.90,8410,1,2.19,-0.90,8410
2026-05-09 16:11:22,1,1,1,2338.4,-72,47.5,1723,1581,1,2.11,-0.78,5834,1,2.11,-0.78,5834
2026-05-09 16:11:22,1,1,1,2327.8,-56,47.4,1714,1575,1,2.11,-0.78,5834,1,2.11,-0.78,5834
2026-05-09 16:11:22,1,1,1,2316.9,-48,47.3,1702,1572,1,2.05,-0.67,13060,1,2.05,-0.67,13060
2026-05-09 16:11:22,1,1,1,2316.9,-48,47.3,1702,1572,1,2.05,-0.67,13060,1,2.05,-0.67,13060
2026-05-09 16:11:22,1,1,1,2303.2,-56,47.1,1687,1568,1,2.00,-0.62,16724,1,2.00,-0.62,16724
2026-05-09 16:11:22,1,1,1,2303.2,-56,47.1,1687,1568,1,2.00,-0.62,16724,1,2.00,-0.62,16724
2026-05-09 16:11:22,1,1,1,2289.4,-64,46.8,1670,1566,1,1.94,-0.62,16724,1,1.94,-0.62,16724
2026-05-09 16:11:22,1,1,1,2289.4,-64,46.8,1670,1566,1,1.94,-0.62,16724,1,1.94,-0.62,16724
2026-05-09 16:11:22,1,1,1,2274.8,-48,46.4,1648,1568,1,1.94,-0.62,16724,1,1.94,-0.62,16724
2026-05-09 16:11:22,1,1,1,2274.8,-48,46.4,1648,1568,1,1.94,-0.62,16724,1,1.94,-0.62,16724
2026-05-09 16:11:22,1,1,1,2232.4,-48,45.3,1587,1570,1,1.94,-0.62,16724,1,1.94,-0.62,16724
2026-05-09 16:11:22,1,1,1,2190.1,-32,44.2,1528,1569,1,1.94,-0.62,16724,1,1.94,-0.62,16724
2026-05-09 16:11:23,1,1,1,2190.1,-32,44.2,1528,1569,1,1.94,-0.62,16724,1,1.94,-0.62,16724
2026-05-09 16:11:23,1,1,1,2147.2,-39,43.2,1469,1566,1,1.94,-0.62,16724,1,1.94,-0.62,16724
2026-05-09 16:11:23,1,1,1,2147.2,-39,43.2,1469,1566,1,1.94,-0.62,16724,1,1.94,-0.62,16724
2026-05-09 16:11:23,1,1,1,2091.7,-24,41.0,1373,1578,1,1.94,-0.62,16724,1,1.94,-0.62,16724
2026-05-09 16:11:23,1,1,1,2091.7,-24,41.0,1373,1578,1,1.75,-0.24,29786,1,1.75,-0.24,29786
2026-05-09 16:11:23,1,1,1,2032.8,-24,39.2,1284,1576,1,1.75,-0.24,29786,1,1.75,-0.24,29786
2026-05-09 16:11:23,1,1,1,1974.8,-24,37.7,1207,1563,1,2.48,-0.17,1040,1,2.48,-0.17,1040
2026-05-09 16:11:23,1,1,1,1974.8,-24,37.7,1207,1563,1,2.48,-0.17,1040,1,2.48,-0.17,1040
2026-05-09 16:11:23,1,1,1,1919.4,-16,36.5,1143,1542,1,2.46,-0.17,1040,1,2.46,-0.17,1040
2026-05-09 16:11:23,1,1,1,1919.4,-16,36.5,1143,1542,1,2.46,-0.17,1040,1,2.46,-0.17,1040
2026-05-09 16:11:23,1,1,1,1855.2,-16,35.1,1068,1517,1,2.15,-0.22,17117,1,2.15,-0.22,17117
2026-05-09 16:11:23,1,1,1,1855.2,-16,35.1,1068,1517,1,2.15,-0.22,17117,1,2.15,-0.22,17117
2026-05-09 16:11:23,1,1,1,1788.7,8,33.2,979,1497,1,1.99,-0.17,12932,1,1.99,-0.17,12932
2026-05-09 16:11:23,1,1,1,1788.7,8,33.2,979,1497,1,-143.93,-143.93,51143,1,-143.93,-143.93,51143
2026-05-09 16:11:23,1,1,1,1745.2,16,30.9,897,1497,1,1.97,-0.17,12932,1,1.97,-0.17,12932
2026-05-09 16:11:23,1,1,1,1730.4,24,28.5,827,1520,1,1.97,-0.17,12932,1,1.97,-0.17,12932
2026-05-09 16:11:23,1,1,1,1730.4,24,28.5,827,1520,1,1.97,-0.17,12932,1,1.97,-0.17,12932
2026-05-09 16:11:33,1,1,1,2339.8,24,34.7,1333,1923,0,0.00,0.00,0,0,0.00,0.00,0
2026-05-09 16:11:33,1,1,1,2347.3,16,34.7,1336,1930,0,0.00,0.00,0,0,0.00,0.00,0
2026-05-09 16:11:33,1,1,1,2347.3,16,34.7,1336,1930,0,0.00,0.00,0,0,0.00,0.00,0
2026-05-09 16:11:34,1,1,1,2347.5,0,35.0,1345,1924,0,0.00,0.00,0,0,0.00,0.00,0
2026-05-09 16:11:34,1,1,1,2347.5,0,35.0,1345,1924,0,0.00,0.00,0,0,0.00,0.00,0
2026-05-09 16:11:34,1,1,1,2352.3,-16,35.3,1359,1920,0,0.00,0.00,0,0,0.00,0.00,0
2026-05-09 16:11:34,1,1,1,2352.3,-16,35.3,1359,1920,0,0.00,0.00,0,0,0.00,0.00,0
2026-05-09 16:11:34,1,1,1,2361.2,-8,35.3,1366,1926,0,0.00,0.00,0,0,0.00,0.00,0
2026-05-09 16:11:34,1,1,1,2357.4,-8,35.4,1365,1922,0,0.00,0.00,0,0,0.00,0.00,0
2026-05-09 16:11:34,1,1,1,2357.4,-8,35.4,1365,1922,0,0.00,0.00,0,0,0.00,0.00,0
2026-05-09 16:11:34,1,1,1,2355.3,-8,35.3,1360,1923,0,0.00,0.00,0,0,0.00,0.00,0
2026-05-09 16:11:34,1,1,1,2355.3,-8,35.3,1360,1923,0,0.00,0.00,0,0,0.00,0.00,0
2026-05-09 16:11:34,1,1,1,2354.6,-8,35.2,1356,1925,0,0.00,0.00,0,0,0.00,0.00,0
2026-05-09 16:11:34,1,1,1,2354.6,-8,35.2,1356,1925,0,0.00,0.00,0,1,2.55,-0.18,1025
2026-05-09 16:11:34,1,1,1,2356.1,-16,35.0,1350,1931,0,0.00,0.00,0,1,2.55,-0.18,1025
2026-05-09 16:11:34,1,1,1,2361.5,-48,34.7,1345,1941,0,0.00,0.00,0,1,2.54,-0.18,1025
2026-05-09 16:11:34,1,1,1,2361.5,-48,34.7,1345,1941,0,0.00,0.00,0,1,2.54,-0.18,1025
2026-05-09 16:11:34,1,1,1,2373.9,-39,34.2,1335,1963,0,0.00,0.00,0,1,2.49,-0.30,7373
2026-05-09 16:11:34,1,1,1,2373.9,-39,34.2,1335,1963,0,0.00,0.00,0,1,2.49,-0.30,7373
2026-05-09 16:11:34,1,1,1,2372.5,-32,33.8,1319,1972,1,2.48,-0.28,12105,1,2.48,-0.28,12105
2026-05-09 16:11:34,1,1,1,2372.5,-32,33.8,1319,1972,1,2.48,-0.28,12105,1,2.48,-0.28,12105
2026-05-09 16:11:34,1,1,1,2370.5,-24,33.7,1314,1973,1,2.45,-0.28,12105,1,2.45,-0.28,12105
2026-05-09 16:11:34,1,1,1,2370.5,-24,33.7,1314,1973,1,2.45,-0.28,12105,1,2.45,-0.28,12105
2026-05-09 16:11:35,1,1,1,2366.4,-39,33.6,1308,1972,1,2.43,-0.32,2938,1,2.43,-0.32,2938
2026-05-09 16:11:35,1,1,1,2360.3,-56,33.5,1303,1968,1,2.43,-0.32,2938,1,2.43,-0.32,2938
2026-05-09 16:11:35,1,1,1,2360.3,-56,33.5,1303,1968,1,2.40,-0.32,2938,1,2.40,-0.32,2938
2026-05-09 16:11:35,1,1,1,2353.3,-56,33.4,1295,1965,1,2.40,-0.32,2938,1,2.40,-0.32,2938
2026-05-09 16:11:35,1,1,1,2353.3,-56,33.4,1295,1965,1,2.32,-0.41,15005,1,2.32,-0.41,15005
2026-05-09 16:11:35,1,1,1,2344.5,-79,33.2,1285,1961,1,2.32,-0.41,15005,1,2.32,-0.41,15005
2026-05-09 16:11:35,1,1,1,2344.5,-79,33.2,1285,1961,1,2.27,-0.41,15005,1,2.27,-0.41,15005
2026-05-09 16:11:35,1,1,1,2334.6,-72,33.1,1276,1955,1,2.27,-0.41,15005,1,2.27,-0.41,15005
2026-05-09 16:11:35,1,1,1,2334.6,-72,33.1,1276,1955,1,2.27,-0.41,15005,1,2.27,-0.41,15005
2026-05-09 16:11:35,1,1,1,2319.1,-104,33.0,1263,1945,1,2.27,-0.41,15005,1,2.27,-0.41,15005
2026-05-09 16:11:35,1,1,1,2304.5,-48,32.8,1250,1936,1,2.27,-0.41,15005,1,2.27,-0.41,15005
2026-05-09 16:11:35,1,1,1,2304.5,-48,32.8,1250,1936,1,2.27,-0.41,15005,1,2.27,-0.41,15005
2026-05-09 16:11:35,1,1,1,2288.8,-48,32.7,1235,1927,1,2.00,-0.42,54721,1,2.00,-0.42,54721
2026-05-09 16:11:35,1,1,1,2288.8,-48,32.7,1235,1927,1,2.00,-0.42,54721,1,2.00,-0.42,54721
2026-05-09 16:11:35,1,1,1,2245.6,-39,32.0,1189,1905,1,1.98,-0.33,31113,1,1.98,-0.33,31113
2026-05-09 16:11:35,1,1,1,2245.6,-39,32.0,1189,1905,1,1.98,-0.33,31113,1,1.98,-0.33,31113
2026-05-09 16:11:35,1,1,1,2207.4,-32,31.2,1142,1889,1,1.95,-0.33,31113,1,1.95,-0.33,31113
2026-05-09 16:11:35,1,1,1,2160.2,16,30.1,1085,1868,1,1.95,-0.33,31113,1,1.95,-0.33,31113
2026-05-09 16:11:35,1,1,1,2160.2,16,30.1,1085,1868,1,1.95,-0.33,31113,1,1.95,-0.33,31113
2026-05-09 16:11:35,1,1,1,2081.2,-24,28.1,980,1836,1,1.95,-0.33,31113,1,1.95,-0.33,31113
2026-05-09 16:11:36,1,1,1,2081.2,-24,28.1,980,1836,1,1.95,-0.33,31113,1,1.95,-0.33,31113
2026-05-09 16:11:36,1,1,1,2010.0,16,25.7,872,1811,1,1.95,-0.33,31113,1,1.95,-0.33,31113
2026-05-09 16:11:36,1,1,1,2010.0,16,25.7,872,1811,1,1.78,0.23,18385,1,1.78,0.23,18385
2026-05-09 16:11:36,1,1,1,1948.3,8,23.2,767,1791,1,1.78,0.23,18385,1,1.78,0.23,18385
2026-05-09 16:11:36,1,1,1,1948.3,8,23.2,767,1791,1,2.51,0.15,3112,1,2.51,0.15,3112
2026-05-09 16:11:36,1,1,1,1904.5,16,20.9,680,1779,1,2.51,0.15,3112,1,2.51,0.15,3112
2026-05-09 16:11:36,1,1,1,1882.2,8,18.9,609,1781,1,2.35,0.16,38849,1,2.35,0.16,38849
2026-05-09 16:11:36,1,1,1,1882.2,8,18.9,609,1781,1,2.35,0.16,38849,1,2.35,0.16,38849
2026-05-09 16:11:36,1,1,1,1878.8,0,16.9,545,1798,1,2.28,0.17,28121,1,2.28,0.17,28121
2026-05-09 16:11:36,1,1,1,1878.8,0,16.9,545,1798,1,2.28,0.17,28121,1,2.28,0.17,28121
2026-05-09 16:11:36,1,1,1,2030.1,0,13.6,478,1973,1,2.29,0.17,28121,1,2.29,0.17,28121
2026-05-09 16:11:36,1,1,1,2030.1,0,13.6,478,1973,1,2.29,0.17,28121,1,2.29,0.17,28121
2026-05-09 16:11:36,1,1,1,2202.7,0,10.8,411,2164,1,2.50,0.18,1508,1,2.50,0.18,1508
2026-05-09 16:11:36,1,1,1,2362.6,32,8.4,347,2337,1,2.50,0.18,1508,1,2.50,0.18,1508
2026-05-09 16:11:36,1,1,1,2362.6,32,8.4,347,2337,1,2.44,0.21,25777,1,2.44,0.21,25777
2026-05-09 16:11:36,1,1,1,2327.0,39,6.9,281,2310,1,2.44,0.21,25777,1,2.44,0.21,25777
2026-05-09 16:11:36,1,1,1,2327.0,39,6.9,281,2310,1,2.43,0.21,4265,1,2.43,0.21,4265
2026-05-09 16:11:36,1,1,1,2267.8,48,5.6,221,2257,1,2.43,0.21,4265,1,2.43,0.21,4265
2026-05-09 16:11:36,1,1,1,2267.8,48,5.6,221,2257,1,2.45,0.21,4265,1,2.45,0.21,4265
2026-05-09 16:11:36,1,1,1,2186.6,48,3.7,141,2182,1,2.45,0.21,4265,1,2.45,0.21,4265
2026-05-09 16:11:37,1,1,1,2186.6,48,3.7,141,2182,1,2.45,0.21,4265,1,2.45,0.21,4265
2026-05-09 16:11:37,1,1,1,2112.3,79,2.0,75,2111,1,2.45,0.21,4265,1,2.45,0.21,4265
2026-05-09 16:11:37,1,1,1,2058.0,0,0.4,14,2058,1,2.45,0.21,4265,1,2.45,0.21,4265
2026-05-09 16:11:37,1,1,1,2058.0,0,0.4,14,2058,1,2.45,0.21,4265,1,2.45,0.21,4265
2026-05-09 16:11:37,1,1,1,2046.3,39,-1.0,-37,2046,1,2.45,0.21,4265,1,2.45,0.21,4265
2026-05-09 16:11:37,1,1,1,2046.3,39,-1.0,-37,2046,1,2.45,0.21,4265,1,2.45,0.21,4265
2026-05-09 16:11:37,1,1,1,2070.6,0,-2.2,-81,2069,1,2.45,0.21,4265,1,2.45,0.21,4265
2026-05-09 16:11:37,1,1,1,2070.6,0,-2.2,-81,2069,1,2.45,0.21,4265,1,2.45,0.21,4265
2026-05-09 16:11:37,1,1,1,2094.9,24,-3.5,-127,2091,1,2.45,0.21,4265,1,2.45,0.21,4265
2026-05-09 16:11:37,1,1,1,2113.6,24,-4.5,-167,2107,1,2.45,0.21,4265,1,2.45,0.21,4265
2026-05-09 16:11:37,1,1,1,2113.6,24,-4.5,-167,2107,1,2.45,0.21,4265,1,2.45,0.21,4265
2026-05-09 16:11:37,1,1,1,2143.2,0,-5.3,-198,2134,1,0.00,0.00,0,0,0.00,0.00,0
2026-05-09 16:11:37,1,1,1,2143.2,0,-5.3,-198,2134,1,0.00,0.00,0,0,0.00,0.00,0
2026-05-09 16:11:37,1,1,1,2223.2,0,-4.3,-166,2217,1,0.00,0.00,0,0,0.00,0.00,0
2026-05-09 16:11:37,1,1,1,2223.2,0,-4.3,-166,2217,1,0.00,0.00,0,0,0.00,0.00,0
2026-05-09 16:11:37,1,1,1,2338.0,0,-3.4,-137,2334,1,0.00,0.00,0,0,0.00,0.00,0
2026-05-09 16:11:37,1,1,1,2338.0,0,-3.4,-137,2334,0,0.00,0.00,0,0,0.00,0.00,0
2026-05-09 16:11:37,1,1,1,2439.6,-8,-3.1,-133,2436,0,0.00,0.00,0,0,0.00,0.00,0
2026-05-09 16:11:37,1,1,1,2457.6,-8,-3.9,-166,2452,0,0.00,0.00,0,1,2.28,0.00,1985
2026-05-09 16:11:37,1,1,1,2457.6,-8,-3.9,-166,2452,0,0.00,0.00,0,1,2.28,0.00,1985
2026-05-09 16:11:38,1,1,1,2434.8,0,-5.6,-239,2423,0,0.00,0.00,0,1,2.76,0.04,5384
2026-05-09 16:11:38,1,1,1,2434.8,0,-5.6,-239,2423,0,0.00,0.00,0,1,2.76,0.04,5384
2026-05-09 16:11:38,1,1,1,2401.4,-16,-7.5,-312,2381,1,2.76,0.04,5384,1,2.76,0.04,5384
2026-05-09 16:11:38,1,1,1,2401.4,-16,-7.5,-312,2381,1,2.76,0.04,5384,1,2.76,0.04,5384
2026-05-09 16:11:38,1,1,1,2349.9,-24,-8.8,-361,2322,1,2.57,-0.08,10205,1,2.57,-0.08,10205
2026-05-09 16:11:38,1,1,1,2308.8,-16,-10.1,-405,2273,1,2.57,-0.08,10205,1,2.57,-0.08,10205
2026-05-09 16:11:38,1,1,1,2308.8,-16,-10.1,-405,2273,1,2.50,-0.12,5330,1,2.50,-0.12,5330
2026-05-09 16:11:38,1,1,1,2276.3,-24,-11.1,-437,2234,1,2.50,-0.12,5330,1,2.50,-0.12,5330
2026-05-09 16:11:38,1,1,1,2276.3,-24,-11.1,-437,2234,1,2.44,-0.16,27253,1,2.44,-0.16,27253
2026-05-09 16:11:38,1,1,1,2262.5,-16,-12.2,-480,2211,1,2.44,-0.16,27253,1,2.44,-0.16,27253
2026-05-09 16:11:38,1,1,1,2262.5,-16,-12.2,-480,2211,1,2.42,-0.16,27253,1,2.42,-0.16,27253
2026-05-09 16:11:38,1,1,1,2246.4,-39,-13.5,-526,2184,1,2.42,-0.16,27253,1,2.42,-0.16,27253
2026-05-09 16:11:38,1,1,1,2246.4,-39,-13.5,-526,2184,1,2.38,-0.18,19585,1,2.38,-0.18,19585
2026-05-09 16:11:38,1,1,1,2235.6,-24,-15.4,-595,2155,1,2.38,-0.18,19585,1,2.38,-0.18,19585
2026-05-09 16:11:38,1,1,1,2216.5,-32,-17.0,-647,2120,1,2.36,-0.18,19585,1,2.36,-0.18,19585
2026-05-09 16:11:38,1,1,1,2216.5,-32,-17.0,-647,2120,1,2.36,-0.18,19585,1,2.36,-0.18,19585
2026-05-09 16:11:38,1,1,1,2195.6,-39,-18.3,-688,2085,1,2.31,-0.23,38393,1,2.31,-0.23,38393
2026-05-09 16:11:38,1,1,1,2195.6,-39,-18.3,-688,2085,1,2.31,-0.23,38393,1,2.31,-0.23,38393
2026-05-09 16:11:38,1,1,1,2170.6,-39,-19.4,-722,2047,1,2.27,-0.27,12004,1,2.27,-0.27,12004
2026-05-09 16:11:38,1,1,1,2170.6,-39,-19.4,-722,2047,1,2.27,-0.27,12004,1,2.27,-0.27,12004
2026-05-09 16:11:39,1,1,1,2151.9,0,-20.6,-758,2014,1,2.24,-0.27,12004,1,2.24,-0.27,12004
2026-05-09 16:11:39,1,1,1,2132.4,-16,-21.6,-784,1983,1,2.24,-0.27,12004,1,2.24,-0.27,12004
2026-05-09 16:11:39,1,1,1,2132.4,-16,-21.6,-784,1983,1,2.19,-0.28,4442,1,2.19,-0.28,4442
2026-05-09 16:11:39,1,1,1,2134.1,0,-22.7,-823,1969,1,2.19,-0.28,4442,1,2.19,-0.28,4442
2026-05-09 16:11:39,1,1,1,2134.1,0,-22.7,-823,1969,1,2.16,-0.28,4442,1,2.16,-0.28,4442
2026-05-09 16:11:39,1,1,1,2134.4,0,-23.8,-861,1953,1,2.16,-0.28,4442,1,2.16,-0.28,4442
2026-05-09 16:11:39,1,1,1,2134.4,0,-23.8,-861,1953,1,2.19,-0.18,6113,1,2.19,-0.18,6113
2026-05-09 16:11:39,1,1,1,2133.3,24,-25.2,-909,1930,1,2.19,-0.18,6113,1,2.19,-0.18,6113
2026-05-09 16:11:39,1,1,1,2133.3,24,-25.2,-909,1930,1,2.36,-0.07,493,1,2.36,-0.07,493
2026-05-09 16:11:39,1,1,1,2120.7,24,-26.7,-952,1895,1,2.36,-0.07,493,1,2.36,-0.07,493
2026-05-09 16:11:39,1,1,1,2109.7,32,-27.9,-988,1864,1,2.36,-0.07,493,1,2.36,-0.07,493
2026-05-09 16:11:39,1,1,1,2109.7,32,-27.9,-988,1864,1,2.36,-0.07,493,1,2.36,-0.07,493
2026-05-09 16:11:39,1,1,1,2119.3,32,-29.1,-1032,1851,1,2.37,0.00,3370,1,2.37,0.00,3370
2026-05-09 16:11:39,1,1,1,2119.3,32,-29.1,-1032,1851,1,2.37,0.00,3370,1,2.37,0.00,3370
2026-05-09 16:11:39,1,1,1,2144.8,0,-30.2,-1080,1853,1,2.52,0.08,529,1,2.52,0.08,529
2026-05-09 16:11:39,1,1,1,2144.8,0,-30.2,-1080,1853,1,2.52,0.08,529,1,2.52,0.08,529
2026-05-09 16:11:39,1,1,1,2310.9,0,-31.0,-1190,1981,1,2.53,0.08,529,1,2.53,0.08,529
2026-05-09 16:11:39,1,1,1,2474.5,48,-31.8,-1304,2103,1,2.53,0.08,529,1,2.53,0.08,529
2026-05-09 16:11:39,1,1,1,2474.5,48,-31.8,-1304,2103,1,2.53,0.08,529,1,2.53,0.08,529
2026-05-09 16:11:39,1,1,1,2479.7,48,-33.0,-1350,2080,0,0.00,0.00,0,1,2.53,0.08,529
2026-05-09 16:11:40,1,1,1,2479.7,48,-33.0,-1350,2080,0,0.00,0.00,0,1,2.53,0.08,529
2026-05-09 16:11:40,1,1,1,2453.6,56,-34.3,-1384,2026,0,0.00,0.00,0,1,2.53,0.08,529
2026-05-09 16:11:40,1,1,1,2453.6,56,-34.3,-1384,2026,0,0.00,0.00,0,1,2.50,0.71,10064
2026-05-09 16:11:40,1,1,1,2431.2,56,-35.4,-1408,1982,0,0.00,0.00,0,1,2.50,0.71,10064
2026-05-09 16:11:40,1,1,1,2431.2,56,-35.4,-1408,1982,1,2.57,0.71,10064,1,2.57,0.71,10064
2026-05-09 16:11:40,1,1,1,2418.9,39,-36.2,-1430,1951,1,2.57,0.71,10064,1,2.57,0.71,10064
2026-05-09 16:11:40,1,1,1,2423.0,32,-36.8,-1453,1939,1,2.57,0.71,10064,1,2.57,0.71,10064
2026-05-09 16:11:40,1,1,1,2423.0,32,-36.8,-1453,1939,1,2.57,0.71,10064,1,2.57,0.71,10064
2026-05-09 16:11:40,1,1,1,2436.7,39,-37.4,-1481,1935,1,2.57,0.71,10064,1,2.57,0.71,10064
2026-05-09 16:11:40,1,1,1,2436.7,39,-37.4,-1481,1935,1,2.57,0.71,10064,1,2.57,0.71,10064
2026-05-09 16:11:40,1,1,1,2456.1,48,-38.2,-1519,1930,1,2.75,0.47,5162,1,2.75,0.47,5162
2026-05-09 16:11:40,1,1,1,2456.1,48,-38.2,-1519,1930,1,2.75,0.47,5162,1,2.75,0.47,5162
2026-05-09 16:11:40,1,1,1,2479.9,48,-38.7,-1551,1935,1,2.77,0.48,4234,1,2.77,0.48,4234
2026-05-09 16:11:40,1,1,1,2479.9,48,-38.7,-1551,1935,1,2.77,0.48,4234,1,2.77,0.48,4234
2026-05-09 16:11:40,1,1,1,2510.5,72,-39.0,-1580,1951,1,2.82,0.48,4234,1,2.82,0.48,4234
2026-05-09 16:11:40,1,1,1,2535.8,32,-38.8,-1588,1977,1,2.82,0.48,4234,1,2.82,0.48,4234
2026-05-09 16:11:40,1,1,1,2535.8,32,-38.8,-1588,1977,1,2.81,0.39,3562,1,2.81,0.39,3562
2026-05-09 16:11:40,1,1,1,2553.9,32,-38.6,-1592,1997,1,2.81,0.39,3562,1,2.81,0.39,3562
2026-05-09 16:11:40,1,1,1,2553.9,32,-38.6,-1592,1997,1,2.85,0.39,3562,1,2.85,0.39,3562
2026-05-09 16:11:40,1,1,1,2575.3,8,-38.4,-1600,2018,1,2.85,0.39,3562,1,2.85,0.39,3562
2026-05-09 16:11:41,1,1,1,2575.3,8,-38.4,-1600,2018,1,2.85,0.34,1261,1,2.85,0.34,1261
2026-05-09 16:11:41,1,1,1,2589.8,32,-38.5,-1612,2027,1,2.85,0.34,1261,1,2.85,0.34,1261
2026-05-09 16:11:41,1,1,1,2606.2,0,-38.5,-1622,2040,1,2.88,0.34,1261,1,2.88,0.34,1261
2026-05-09 16:11:41,1,1,1,2606.2,0,-38.5,-1622,2040,1,2.88,0.34,1261,1,2.88,0.34,1261
2026-05-09 16:11:41,1,1,1,2614.4,16,-38.4,-1625,2048,1,2.88,0.34,1261,1,2.88,0.34,1261
2026-05-09 16:11:41,1,1,1,2614.4,16,-38.4,-1625,2048,0,0.00,0.00,0,1,2.88,0.34,1261
2026-05-09 16:11:41,1,1,1,2626.5,-8,-38.2,-1623,2065,0,0.00,0.00,0,1,2.88,0.34,1261
2026-05-09 16:11:41,1,1,1,2626.5,-8,-38.2,-1623,2065,0,0.00,0.00,0,1,2.88,0.34,1261
2026-05-09 16:11:41,1,1,1,2639.1,16,-38.0,-1623,2081,0,0.00,0.00,0,1,2.88,0.34,1261
2026-05-09 16:11:41,1,1,1,2639.1,16,-38.0,-1623,2081,0,0.00,0.00,0,1,2.88,0.34,1261
2026-05-09 16:11:41,1,1,1,2656.3,8,-37.4,-1615,2109,0,0.00,0.00,0,1,2.88,0.34,1261
2026-05-09 16:11:41,1,1,1,2675.8,16,-37.1,-1613,2135,0,0.00,0.00,0,1,2.88,0.34,1261
2026-05-09 16:11:41,1,1,1,2675.8,16,-37.1,-1613,2135,0,0.00,0.00,0,1,2.88,0.34,1261
2026-05-09 16:11:41,1,1,1,2734.7,0,-36.0,-1608,2212,0,0.00,0.00,0,1,2.88,0.34,1261
2026-05-09 16:11:41,1,1,1,2734.7,0,-36.0,-1608,2212,0,0.00,0.00,0,1,2.88,0.34,1261
2026-05-09 16:11:41,1,1,1,2817.9,0,-34.5,-1598,2321,0,0.00,0.00,0,0,0.00,0.00,0
2026-05-09 16:11:41,1,1,1,2817.9,0,-34.5,-1598,2321,0,0.00,0.00,0,0,0.00,0.00,0
2026-05-09 16:11:41,1,1,1,2888.4,-24,-33.3,-1586,2414,0,0.00,0.00,0,0,0.00,0.00,0
2026-05-09 16:11:41,1,1,1,2953.7,0,-32.4,-1584,2493,0,0.00,0.00,0,0,0.00,0.00,0
2026-05-09 16:11:41,1,1,1,2953.7,0,-32.4,-1584,2493,0,0.00,0.00,0,0,0.00,0.00,0
2026-05-09 16:11:42,1,1,1,3016.4,0,-31.3,-1566,2578,0,0.00,0.00,0,0,0.00,0.00,0
2026-05-09 16:11:42,1,1,1,3016.4,0,-31.3,-1566,2578,0,0.00,0.00,0,0,0.00,0.00,0
2026-05-09 16:11:42,1,1,1,3064.8,-48,-30.2,-1543,2648,0,0.00,0.00,0,0,0.00,0.00,0
2026-05-09 16:11:42,1,1,1,3064.8,-48,-30.2,-1543,2648,0,0.00,0.00,0,0,0.00,0.00,0
2026-05-09 16:11:42,1,1,1,3014.4,-39,-30.3,-1522,2602,0,0.00,0.00,0,0,0.00,0.00,0
2026-05-09 16:11:42,1,1,1,3014.4,-39,-30.3,-1522,2602,0,0.00,0.00,0,0,0.00,0.00,0
2026-05-09 16:11:42,1,1,1,2938.5,-39,-30.8,-1503,2525,0,0.00,0.00,0,0,0.00,0.00,0
2026-05-09 16:11:42,1,1,1,2897.3,-56,-30.8,-1483,2489,0,0.00,0.00,0,0,0.00,0.00,0
2026-05-09 16:11:42,1,1,1,2897.3,-56,-30.8,-1483,2489,0,0.00,0.00,0,0,0.00,0.00,0
2026-05-09 16:11:42,1,1,1,2822.5,-48,-30.9,-1451,2421,0,0.00,0.00,0,0,0.00,0.00,0
2026-05-09 16:11:42,1,1,1,2822.5,-48,-30.9,-1451,2421,0,0.00,0.00,0,0,0.00,0.00,0
2026-05-09 16:11:42,1,1,1,2761.8,-48,-31.0,-1423,2367,0,0.00,0.00,0,0,0.00,0.00,0
2026-05-09 16:11:42,1,1,1,2761.8,-48,-31.0,-1423,2367,0,0.00,0.00,0,0,0.00,0.00,0
2026-05-09 16:11:42,1,1,1,2706.6,-48,-31.1,-1399,2317,0,0.00,0.00,0,0,0.00,0.00,0
2026-05-09 16:11:42,1,1,1,2650.9,-64,-31.2,-1374,2267,0,0.00,0.00,0,1,2.49,-0.69,2917
2026-05-09 16:11:42,1,1,1,2650.9,-64,-31.2,-1374,2267,0,0.00,0.00,0,1,2.49,-0.69,2917
2026-05-09 16:11:42,1,1,1,2595.1,-48,-30.8,-1329,2229,0,0.00,0.00,0,1,2.46,-0.58,10685
2026-05-09 16:11:42,1,1,1,2595.1,-48,-30.8,-1329,2229,0,0.00,0.00,0,1,2.46,-0.58,10685
2026-05-09 16:11:42,1,1,1,2543.4,-64,-30.6,-1295,2189,1,2.44,-0.54,5725,1,2.44,-0.54,5725
2026-05-09 16:11:42,1,1,1,2543.4,-64,-30.6,-1295,2189,1,2.44,-0.54,5725,1,2.44,-0.54,5725
2026-05-09 16:11:43,1,1,1,2491.8,-64,-30.6,-1268,2145,1,2.38,-0.54,5725,1,2.38,-0.54,5725
2026-05-09 16:11:43,1,1,1,2491.8,-64,-30.6,-1268,2145,1,2.38,-0.54,5725,1,2.38,-0.54,5725
2026-05-09 16:11:43,1,1,1,2439.6,-64,-30.5,-1240,2101,1,2.38,-0.54,5725,1,2.38,-0.54,5725
2026-05-09 16:11:43,1,1,1,2390.2,-39,-30.0,-1195,2070,1,2.38,-0.54,5725,1,2.38,-0.54,5725
2026-05-09 16:11:43,1,1,1,2390.2,-39,-30.0,-1195,2070,1,2.38,-0.54,5725,1,2.38,-0.54,5725
2026-05-09 16:11:43,1,1,1,2347.8,-24,-28.8,-1130,2058,1,2.38,-0.54,5725,1,2.38,-0.54,5725
2026-05-09 16:11:43,1,1,1,2347.8,-24,-28.8,-1130,2058,1,2.38,-0.54,5725,1,2.38,-0.54,5725
2026-05-09 16:11:43,1,1,1,2318.1,0,-27.3,-1065,2059,1,2.38,-0.54,5725,1,2.38,-0.54,5725
2026-05-09 16:11:43,1,1,1,2318.1,0,-27.3,-1065,2059,1,2.38,-0.54,5725,1,2.38,-0.54,5725
2026-05-09 16:11:43,1,1,1,2446.1,0,-27.4,-1125,2172,1,2.38,-0.54,5725,1,2.38,-0.54,5725
2026-05-09 16:11:43,1,1,1,2586.9,0,-27.2,-1184,2300,1,2.38,-0.54,5725,1,2.38,-0.54,5725
2026-05-09 16:11:43,1,1,1,2586.9,0,-27.2,-1184,2300,1,2.38,-0.54,5725,1,2.38,-0.54,5725
2026-05-09 16:11:43,1,1,1,2725.4,0,-27.0,-1238,2428,1,2.38,-0.54,5725,1,2.38,-0.54,5725
2026-05-09 16:11:43,1,1,1,2725.4,0,-27.0,-1238,2428,1,0.00,0.00,0,0,0.00,0.00,0
2026-05-09 16:11:43,1,1,1,2857.3,16,-26.8,-1289,2550,1,0.00,0.00,0,0,0.00,0.00,0
2026-05-09 16:11:43,1,1,1,2857.3,16,-26.8,-1289,2550,1,0.00,0.00,0,0,0.00,0.00,0
2026-05-09 16:11:43,1,1,1,2768.1,8,-25.7,-1201,2494,1,0.00,0.00,0,0,0.00,0.00,0
2026-05-09 16:11:43,1,1,1,2768.1,8,-25.7,-1201,2494,1,0.00,0.00,0,0,0.00,0.00,0
2026-05-09 16:11:43,1,1,1,2668.4,0,-24.6,-1109,2427,0,0.00,0.00,0,0,0.00,0.00,0
2026-05-09 16:11:43,1,1,1,2556.0,32,-23.3,-1010,2348,0,0.00,0.00,0,0,0.00,0.00,0
2026-05-09 16:11:44,1,1,1,2556.0,32,-23.3,-1010,2348,0,0.00,0.00,0,0,0.00,0.00,0
2026-05-09 16:11:44,1,1,1,2454.9,48,-21.8,-910,2280,0,0.00,0.00,0,0,0.00,0.00,0
2026-05-09 16:11:44,1,1,1,2454.9,48,-21.8,-910,2280,0,0.00,0.00,0,0,0.00,0.00,0
2026-05-09 16:11:44,1,1,1,2363.4,0,-20.0,-808,2221,0,0.00,0.00,0,0,0.00,0.00,0
2026-05-09 16:11:44,1,1,1,2363.4,0,-20.0,-808,2221,0,0.00,0.00,0,0,0.00,0.00,0
2026-05-09 16:11:44,1,1,1,2306.3,8,-18.0,-711,2194,0,0.00,0.00,0,0,0.00,0.00,0
2026-05-09 16:11:44,1,1,1,2306.3,8,-18.0,-711,2194,0,0.00,0.00,0,0,0.00,0.00,0
2026-05-09 16:11:44,1,1,1,2293.9,0,-16.1,-636,2204,0,0.00,0.00,0,0,0.00,0.00,0
2026-05-09 16:11:44,1,1,1,2341.9,0,-14.2,-576,2270,0,0.00,0.00,0,0,0.00,0.00,0
2026-05-09 16:11:44,1,1,1,2341.9,0,-14.2,-576,2270,0,0.00,0.00,0,0,0.00,0.00,0
2026-05-09 16:11:44,1,1,1,2464.7,0,-13.2,-561,2400,0,0.00,0.00,0,0,0.00,0.00,0
2026-05-09 16:11:44,1,1,1,2464.7,0,-13.2,-561,2400,0,0.00,0.00,0,0,0.00,0.00,0
2026-05-09 16:11:44,1,1,1,2563.7,39,-12.2,-541,2506,0,0.00,0.00,0,0,0.00,0.00,0
2026-05-09 16:11:44,1,1,1,2563.7,39,-12.2,-541,2506,0,0.00,0.00,0,0,0.00,0.00,0
2026-05-09 16:11:44,1,1,1,2656.8,0,-10.7,-491,2611,0,0.00,0.00,0,1,2.53,0.48,12193
2026-05-09 16:11:44,1,1,1,2722.9,0,-9.6,-453,2685,0,0.00,0.00,0,1,2.53,0.48,12193
2026-05-09 16:11:44,1,1,1,2722.9,0,-9.6,-453,2685,1,2.58,0.48,12193,1,2.58,0.48,12193
2026-05-09 16:11:44,1,1,1,2780.9,0,-8.3,-400,2752,1,2.58,0.48,12193,1,2.58,0.48,12193
2026-05-09 16:11:44,1,1,1,2780.9,0,-8.3,-400,2752,1,2.56,0.35,9700,1,2.56,0.35,9700
2026-05-09 16:11:44,1,1,1,2815.5,0,-7.4,-363,2792,1,2.56,0.35,9700,1,2.56,0.35,9700
2026-05-09 16:11:45,1,1,1,2815.5,0,-7.4,-363,2792,1,2.60,0.35,9700,1,2.60,0.35,9700
2026-05-09 16:11:45,1,1,1,2864.7,0,-6.7,-335,2845,1,2.60,0.35,9700,1,2.60,0.35,9700
2026-05-09 16:11:45,1,1,1,2864.7,0,-6.7,-335,2845,1,2.59,0.26,6154,1,2.59,0.26,6154
2026-05-09 16:11:45,1,1,1,2925.2,0,-5.7,-288,2911,1,2.59,0.26,6154,1,2.59,0.26,6154
2026-05-09 16:11:45,1,1,1,2964.6,0,-4.9,-251,2954,1,2.62,0.26,6154,1,2.62,0.26,6154
2026-05-09 16:11:45,1,1,1,2964.6,0,-4.9,-251,2954,1,2.62,0.26,6154,1,2.62,0.26,6154
2026-05-09 16:11:45,1,1,1,3004.7,0,-4.4,-229,2996,1,2.62,0.26,6154,1,2.62,0.26,6154
2026-05-09 16:11:45,1,1,1,3004.7,0,-4.4,-229,2996,1,2.62,0.26,6154,1,2.62,0.26,6154
2026-05-09 16:11:45,1,1,1,3028.3,24,-4.0,-210,3021,1,2.62,0.26,6154,1,2.62,0.26,6154
2026-05-09 16:11:45,1,1,1,3028.3,24,-4.0,-210,3021,1,2.62,0.26,6154,1,2.62,0.26,6154
2026-05-09 16:11:45,1,1,1,3029.1,0,-4.2,-222,3021,1,2.62,0.26,6154,1,2.62,0.26,6154
2026-05-09 16:11:45,1,1,1,3039.3,0,-4.2,-224,3031,1,2.62,0.26,6154,1,2.62,0.26,6154
2026-05-09 16:11:45,1,1,1,3039.3,0,-4.2,-224,3031,1,2.62,0.26,6154,1,2.62,0.26,6154
2026-05-09 16:11:45,1,1,1,3042.3,-32,-4.2,-224,3034,1,2.62,0.26,6154,1,2.62,0.26,6154
2026-05-09 16:11:45,1,1,1,3042.3,-32,-4.2,-224,3034,1,2.62,0.26,6154,1,2.62,0.26,6154
2026-05-09 16:11:45,1,1,1,2995.1,-32,-3.7,-191,2989,1,2.62,0.26,6154,1,2.62,0.26,6154
2026-05-09 16:11:45,1,1,1,2995.1,-32,-3.7,-191,2989,1,2.62,0.26,6154,1,2.62,0.26,6154
2026-05-09 16:11:45,1,1,1,2936.1,-39,-3.0,-155,2932,1,0.00,0.00,0,0,0.00,0.00,0
2026-05-09 16:11:45,1,1,1,2936.1,-39,-3.0,-155,2932,1,0.00,0.00,0,0,0.00,0.00,0
2026-05-09 16:11:45,1,1,1,2823.2,0,-1.7,-83,2822,1,0.00,0.00,0,0,0.00,0.00,0
2026-05-09 16:11:46,1,1,1,2829.3,0,-0.8,-38,2829,1,2.49,-0.47,16677,1,2.49,-0.47,16677
2026-05-09 16:11:46,1,1,1,2829.3,0,-0.8,-38,2829,1,2.49,-0.47,16677,1,2.49,-0.47,16677
2026-05-09 16:11:46,1,1,1,2843.0,-48,0.0,1,2843,1,2.44,-0.47,16677,1,2.44,-0.47,16677
2026-05-09 16:11:46,1,1,1,2843.0,-48,0.0,1,2843,1,2.44,-0.47,16677,1,2.44,-0.47,16677
2026-05-09 16:11:46,1,1,1,2754.9,-39,1.5,71,2754,1,2.44,-0.47,16677,1,2.44,-0.47,16677
2026-05-09 16:11:46,1,1,1,2754.9,-39,1.5,71,2754,1,2.44,-0.47,16677,1,2.44,-0.47,16677
2026-05-09 16:11:46,1,1,1,2662.4,-64,3.3,153,2658,1,2.44,-0.47,16677,1,2.44,-0.47,16677
2026-05-09 16:11:46,1,1,1,2564.5,-39,4.9,221,2555,1,2.44,-0.47,16677,1,2.44,-0.47,16677
2026-05-09 16:11:46,1,1,1,2564.5,-39,4.9,221,2555,1,2.44,-0.47,16677,1,2.44,-0.47,16677
2026-05-09 16:11:46,1,1,1,2480.0,-32,6.5,281,2464,1,2.44,-0.47,16677,1,2.44,-0.47,16677
2026-05-09 16:11:46,1,1,1,2480.0,-32,6.5,281,2464,1,2.44,-0.47,16677,1,2.44,-0.47,16677
2026-05-09 16:11:46,1,1,1,2405.3,-48,8.0,334,2382,1,2.44,-0.47,16677,1,2.44,-0.47,16677
2026-05-09 16:11:46,1,1,1,2405.3,-48,8.0,334,2382,1,2.44,-0.47,16677,1,2.44,-0.47,16677
2026-05-09 16:11:46,1,1,1,2334.5,-39,9.3,376,2304,1,2.44,-0.47,16677,1,2.44,-0.47,16677
2026-05-09 16:11:46,1,1,1,2334.5,-39,9.3,376,2304,1,2.44,-0.47,16677,1,2.44,-0.47,16677
2026-05-09 16:11:46,1,1,1,2268.6,-32,10.3,406,2232,1,0.00,0.00,0,0,0.00,0.00,0
2026-05-09 16:11:46,1,1,1,2202.2,-39,11.0,419,2162,1,0.00,0.00,0,0,0.00,0.00,0
2026-05-09 16:11:46,1,1,1,2202.2,-39,11.0,419,2162,1,0.00,0.00,0,0,0.00,0.00,0
2026-05-09 16:11:46,1,1,1,2141.9,-8,11.9,441,2096,1,0.00,0.00,0,0,0.00,0.00,0
2026-05-09 16:11:46,1,1,1,2141.9,-8,11.9,441,2096,1,0.00,0.00,0,0,0.00,0.00,0
2026-05-09 16:11:47,1,1,1,2094.4,-16,13.6,491,2036,0,0.00,0.00,0,0,0.00,0.00,0
2026-05-09 16:11:47,1,1,1,2094.4,-16,13.6,491,2036,0,0.00,0.00,0,0,0.00,0.00,0
2026-05-09 16:11:47,1,1,1,2045.4,-24,15.4,543,1972,0,0.00,0.00,0,0,0.00,0.00,0
2026-05-09 16:11:47,1,1,1,2004.9,-8,17.4,600,1913,0,0.00,0.00,0,0,0.00,0.00,0
2026-05-09 16:11:47,1,1,1,2004.9,-8,17.4,600,1913,0,0.00,0.00,0,0,0.00,0.00,0
2026-05-09 16:11:47,1,1,1,1994.9,8,19.6,670,1879,0,0.00,0.00,0,0,0.00,0.00,0
2026-05-09 16:11:47,1,1,1,1994.9,8,19.6,670,1879,0,0.00,0.00,0,1,3.28,0.24,5345
2026-05-09 16:11:47,1,1,1,1975.1,8,21.6,728,1836,0,0.00,0.00,0,1,3.28,0.24,5345
2026-05-09 16:11:47,1,1,1,1975.1,8,21.6,728,1836,1,3.31,0.24,5345,1,3.31,0.24,5345
2026-05-09 16:11:47,1,1,1,1978.7,8,23.2,781,1818,1,3.31,0.24,5345,1,3.31,0.24,5345
2026-05-09 16:11:47,1,1,1,1978.7,8,23.2,781,1818,1,3.31,0.24,5345,1,3.31,0.24,5345
2026-05-09 16:11:47,1,1,1,1974.2,56,25.2,839,1787,1,3.31,0.24,5345,1,3.31,0.24,5345
2026-05-09 16:11:47,1,1,1,1966.0,64,27.0,894,1751,1,3.31,0.24,5345,1,3.31,0.24,5345
2026-05-09 16:11:47,1,1,1,1966.0,64,27.0,894,1751,1,3.31,0.24,5345,1,3.31,0.24,5345
2026-05-09 16:11:47,1,1,1,1969.9,104,29.5,971,1714,1,3.31,0.24,5345,1,3.31,0.24,5345
2026-05-09 16:11:47,1,1,1,1969.9,104,29.5,971,1714,1,3.31,0.24,5345,1,3.31,0.24,5345
2026-05-09 16:11:47,1,1,1,1983.6,39,31.4,1032,1694,1,3.31,0.24,5345,1,3.31,0.24,5345
2026-05-09 16:11:47,1,1,1,1983.6,39,31.4,1032,1694,1,3.31,0.24,5345,1,3.31,0.24,5345
2026-05-09 16:11:47,1,1,1,2006.2,39,32.0,1062,1702,1,3.31,0.24,5345,1,3.31,0.24,5345
2026-05-09 16:11:47,1,1,1,2044.8,24,31.7,1074,1740,1,3.31,0.24,5345,1,3.31,0.24,5345
2026-05-09 16:11:48,1,1,1,2044.8,24,31.7,1074,1740,1,3.31,0.24,5345,1,3.31,0.24,5345
2026-05-09 16:11:48,1,1,1,2079.4,48,31.5,1088,1772,1,0.00,0.00,0,0,0.00,0.00,0
2026-05-09 16:11:48,1,1,1,2079.4,48,31.5,1088,1772,1,0.00,0.00,0,0,0.00,0.00,0
2026-05-09 16:11:48,1,1,1,2106.0,48,31.6,1103,1794,1,0.00,0.00,0,0,0.00,0.00,0
2026-05-09 16:11:48,1,1,1,2106.0,48,31.6,1103,1794,1,0.00,0.00,0,0,0.00,0.00,0
2026-05-09 16:11:48,1,1,1,2132.5,24,31.5,1113,1819,1,0.00,0.00,0,0,0.00,0.00,0
2026-05-09 16:11:48,1,1,1,2132.5,24,31.5,1113,1819,0,0.00,0.00,0,0,0.00,0.00,0
2026-05-09 16:11:48,1,1,1,2154.8,24,31.6,1128,1836,0,0.00,0.00,0,0,0.00,0.00,0
2026-05-09 16:11:48,1,1,1,2167.1,16,31.5,1132,1848,0,0.00,0.00,0,0,0.00,0.00,0
2026-05-09 16:11:48,1,1,1,2167.1,16,31.5,1132,1848,0,0.00,0.00,0,0,0.00,0.00,0
2026-05-09 16:11:48,1,1,1,2186.0,39,31.5,1142,1864,0,0.00,0.00,0,0,0.00,0.00,0
2026-05-09 16:11:48,1,1,1,2186.0,39,31.5,1142,1864,0,0.00,0.00,0,0,0.00,0.00,0
2026-05-09 16:11:48,1,1,1,2207.0,8,31.7,1161,1877,0,0.00,0.00,0,0,0.00,0.00,0
2026-05-09 16:11:48,1,1,1,2207.0,8,31.7,1161,1877,0,0.00,0.00,0,0,0.00,0.00,0
2026-05-09 16:11:48,1,1,1,2217.3,16,31.7,1166,1886,0,0.00,0.00,0,0,0.00,0.00,0
2026-05-09 16:11:48,1,1,1,2217.3,16,31.7,1166,1886,0,0.00,0.00,0,0,0.00,0.00,0
2026-05-09 16:11:48,1,1,1,2239.2,32,31.6,1172,1908,0,0.00,0.00,0,0,0.00,0.00,0
2026-05-09 16:11:48,1,1,1,2262.5,24,31.4,1179,1931,0,0.00,0.00,0,0,0.00,0.00,0
2026-05-09 16:11:48,1,1,1,2262.5,24,31.4,1179,1931,0,0.00,0.00,0,0,0.00,0.00,0
2026-05-09 16:11:48,1,1,1,2335.5,8,30.9,1201,2003,0,0.00,0.00,0,0,0.00,0.00,0
2026-05-09 16:11:49,1,1,1,2335.5,8,30.9,1201,2003,0,0.00,0.00,0,0,0.00,0.00,0
2026-05-09 16:11:49,1,1,1,2392.6,56,30.6,1217,2060,0,0.00,0.00,0,0,0.00,0.00,0
2026-05-09 16:11:49,1,1,1,2392.6,56,30.6,1217,2060,0,0.00,0.00,0,0,0.00,0.00,0
2026-05-09 16:11:49,1,1,1,2430.2,-16,29.7,1204,2111,0,0.00,0.00,0,0,0.00,0.00,0
2026-05-09 16:11:49,1,1,1,2438.5,-32,29.2,1189,2129,0,0.00,0.00,0,0,0.00,0.00,0
2026-05-09 16:11:49,1,1,1,2438.5,-32,29.2,1189,2129,0,0.00,0.00,0,0,0.00,0.00,0
2026-05-09 16:11:49,1,1,1,2430.2,-39,28.8,1170,2130,0,0.00,0.00,0,0,0.00,0.00,0
2026-05-09 16:11:49,1,1,1,2430.2,-39,28.8,1170,2130,0,0.00,0.00,0,0,0.00,0.00,0
2026-05-09 16:11:49,1,1,1,2418.0,-39,28.7,1161,2121,0,0.00,0.00,0,0,0.00,0.00,0
2026-05-09 16:11:49,1,1,1,2418.0,-39,28.7,1161,2121,0,0.00,0.00,0,0,0.00,0.00,0
2026-05-09 16:11:49,1,1,1,2405.0,-32,28.4,1145,2115,0,0.00,0.00,0,0,0.00,0.00,0
2026-05-09 16:11:49,1,1,1,2405.0,-32,28.4,1145,2115,0,0.00,0.00,0,0,0.00,0.00,0
2026-05-09 16:11:49,1,1,1,2386.6,-24,28.0,1119,2108,0,0.00,0.00,0,0,0.00,0.00,0
2026-05-09 16:11:49,1,1,1,2365.9,-24,27.2,1080,2105,0,0.00,0.00,0,0,0.00,0.00,0
2026-05-09 16:11:49,1,1,1,2365.9,-24,27.2,1080,2105,0,0.00,0.00,0,0,0.00,0.00,0
2026-05-09 16:11:49,1,1,1,2339.8,-32,25.4,1005,2113,0,0.00,0.00,0,0,0.00,0.00,0
2026-05-09 16:11:49,1,1,1,2339.8,-32,25.4,1005,2113,0,0.00,0.00,0,0,0.00,0.00,0
2026-05-09 16:11:49,1,1,1,2316.8,-32,23.7,930,2122,0,0.00,0.00,0,0,0.00,0.00,0
2026-05-09 16:11:49,1,1,1,2316.8,-32,23.7,930,2122,0,0.00,0.00,0,1,2.49,-0.23,12898
2026-05-09 16:11:49,1,1,1,2295.2,-32,21.9,855,2130,0,0.00,0.00,0,1,2.49,-0.23,12898
2026-05-09 16:11:50,1,1,1,2261.6,-24,20.3,785,2121,1,2.46,-0.23,12898,1,2.46,-0.23,12898
2026-05-09 16:11:50,1,1,1,2261.6,-24,20.3,785,2121,1,2.46,-0.23,12898,1,2.46,-0.23,12898
2026-05-09 16:11:50,1,1,1,2232.3,-32,18.7,714,2115,1,2.46,-0.23,12898,1,2.46,-0.23,12898
2026-05-09 16:11:50,1,1,1,2232.3,-32,18.7,714,2115,1,2.46,-0.23,12898,1,2.46,-0.23,12898
2026-05-09 16:11:50,1,1,1,2210.7,-32,17.1,650,2113,1,2.46,-0.23,12898,1,2.46,-0.23,12898
2026-05-09 16:11:50,1,1,1,2210.7,-32,17.1,650,2113,1,2.46,-0.23,12898,1,2.46,-0.23,12898
2026-05-09 16:11:50,1,1,1,2194.4,-32,15.5,585,2115,1,2.25,-0.23,59085,1,2.25,-0.23,59085
2026-05-09 16:11:50,1,1,1,2194.4,-32,15.5,585,2115,1,2.25,-0.23,59085,1,2.25,-0.23,59085
2026-05-09 16:11:50,1,1,1,2175.8,-32,14.0,527,2111,1,2.23,-0.23,58865,1,2.23,-0.23,58865
2026-05-09 16:11:50,1,1,1,2152.8,-48,12.7,474,2100,1,2.23,-0.23,58865,1,2.23,-0.23,58865
2026-05-09 16:11:50,1,1,1,2152.8,-48,12.7,474,2100,1,2.21,-0.23,58865,1,2.21,-0.23,58865
2026-05-09 16:11:50,1,1,1,2129.6,-48,11.5,424,2087,1,2.21,-0.23,58865,1,2.21,-0.23,58865
2026-05-09 16:11:50,1,1,1,2129.6,-48,11.5,424,2087,1,2.12,-0.33,2265,1,2.12,-0.33,2265
2026-05-09 16:11:50,1,1,1,2093.2,-64,10.4,377,2059,1,2.12,-0.33,2265,1,2.12,-0.33,2265
2026-05-09 16:11:50,1,1,1,2093.2,-64,10.4,377,2059,1,2.06,-0.37,22784,1,2.06,-0.37,22784
2026-05-09 16:11:50,1,1,1,2051.1,-64,9.1,326,2025,1,2.06,-0.37,22784,1,2.06,-0.37,22784
2026-05-09 16:11:50,1,1,1,2010.4,-39,7.5,264,1993,1,2.02,-0.37,22784,1,2.02,-0.37,22784
2026-05-09 16:11:50,1,1,1,2010.4,-39,7.5,264,1993,1,2.02,-0.37,22784,1,2.02,-0.37,22784
2026-05-09 16:11:50,1,1,1,1970.0,-48,5.8,198,1960,1,2.02,-0.37,22784,1,2.02,-0.37,22784
2026-05-09 16:11:50,1,1,1,1970.0,-48,5.8,198,1960,1,2.02,-0.37,22784,1,2.02,-0.37,22784
2026-05-09 16:11:51,1,1,1,1927.7,-39,4.0,135,1923,1,2.02,-0.37,22784,1,2.02,-0.37,22784
2026-05-09 16:11:51,1,1,1,1927.7,-39,4.0,135,1923,1,2.02,-0.37,22784,1,2.02,-0.37,22784
2026-05-09 16:11:51,1,1,1,1873.8,-48,2.5,83,1872,1,2.02,-0.37,22784,1,2.02,-0.37,22784
2026-05-09 16:11:51,1,1,1,1873.8,-48,2.5,83,1872,1,2.02,-0.37,22784,1,2.02,-0.37,22784
2026-05-09 16:11:51,1,1,1,1829.2,-24,0.8,24,1829,1,2.02,-0.37,22784,1,2.02,-0.37,22784
2026-05-09 16:11:51,1,1,1,1786.3,-24,-1.1,-34,1786,1,2.02,-0.37,22784,1,2.02,-0.37,22784
2026-05-09 16:11:51,1,1,1,1786.3,-24,-1.1,-34,1786,1,1.77,-0.21,37802,1,1.77,-0.21,37802
2026-05-09 16:11:51,1,1,1,1748.3,-24,-3.0,-90,1746,1,1.77,-0.21,37802,1,1.77,-0.21,37802
2026-05-09 16:11:51,1,1,1,1748.3,-24,-3.0,-90,1746,1,1.76,-0.10,24745,1,1.76,-0.10,24745
2026-05-09 16:11:51,1,1,1,1727.4,-16,-4.5,-137,1722,1,1.76,-0.10,24745,1,1.76,-0.10,24745
2026-05-09 16:11:51,1,1,1,1727.4,-16,-4.5,-137,1722,1,1.75,-0.10,24745,1,1.75,-0.10,24745
2026-05-09 16:11:51,1,1,1,1708.5,-16,-6.0,-180,1699,1,1.75,-0.10,24745,1,1.75,-0.10,24745
2026-05-09 16:11:51,1,1,1,1696.1,-16,-7.7,-226,1681,1,1.75,-0.10,24745,1,1.75,-0.10,24745
2026-05-09 16:11:51,1,1,1,1696.1,-16,-7.7,-226,1681,1,1.75,-0.10,24745,1,1.75,-0.10,24745
2026-05-09 16:11:51,1,1,1,1688.9,-16,-9.2,-271,1667,1,1.75,-0.10,24745,1,1.75,-0.10,24745
2026-05-09 16:11:51,1,1,1,1688.9,-16,-9.2,-271,1667,1,1.75,-0.10,24745,1,1.75,-0.10,24745
2026-05-09 16:11:51,1,1,1,1692.5,0,-11.4,-335,1659,1,1.75,-0.10,24745,1,1.75,-0.10,24745
2026-05-09 16:11:51,1,1,1,1692.5,0,-11.4,-335,1659,1,1.75,-0.10,24745,1,1.75,-0.10,24745
2026-05-09 16:11:51,1,1,1,1709.4,8,-14.2,-420,1657,1,1.75,-0.10,24745,1,1.75,-0.10,24745
2026-05-09 16:11:51,1,1,1,1709.4,8,-14.2,-420,1657,1,1.75,-0.10,24745,1,1.75,-0.10,24745
2026-05-09 16:11:52,1,1,1,1711.5,8,-16.7,-493,1639,1,1.75,-0.10,24745,1,1.75,-0.10,24745
2026-05-09 16:11:52,1,1,1,1713.4,8,-18.9,-555,1621,1,1.75,-0.10,24745,1,1.75,-0.10,24745
2026-05-09 16:11:52,1,1,1,1713.4,8,-18.9,-555,1621,1,1.80,0.03,1989,1,1.80,0.03,1989
2026-05-09 16:11:52,1,1,1,1712.0,8,-20.8,-609,1600,1,1.80,0.03,1989,1,1.80,0.03,1989
2026-05-09 16:11:52,1,1,1,1712.0,8,-20.8,-609,1600,1,1.81,0.03,1989,1,1.81,0.03,1989
2026-05-09 16:11:52,1,1,1,1714.0,24,-23.0,-669,1578,1,1.81,0.03,1989,1,1.81,0.03,1989
2026-05-09 16:11:52,1,1,1,1714.0,24,-23.0,-669,1578,1,1.81,0.03,1989,1,1.81,0.03,1989
2026-05-09 16:11:52,1,1,1,1715.9,32,-25.4,-736,1550,0,0.00,0.00,0,1,1.81,0.03,1989
2026-05-09 16:11:52,1,1,1,1727.1,48,-27.9,-807,1527,0,0.00,0.00,0,1,1.81,0.03,1989
2026-05-09 16:11:52,1,1,1,1727.1,48,-27.9,-807,1527,0,0.00,0.00,0,1,1.81,0.03,1989
2026-05-09 16:11:52,1,1,1,1743.2,48,-30.0,-871,1510,0,0.00,0.00,0,1,1.81,0.03,1989
2026-05-09 16:11:52,1,1,1,1743.2,48,-30.0,-871,1510,0,0.00,0.00,0,1,1.81,0.03,1989
2026-05-09 16:11:52,1,1,1,1762.5,48,-32.0,-935,1494,0,0.00,0.00,0,1,2.03,0.51,10057
2026-05-09 16:11:52,1,1,1,1762.5,48,-32.0,-935,1494,0,0.00,0.00,0,1,2.03,0.51,10057
2026-05-09 16:11:52,1,1,1,1797.5,48,-34.0,-1004,1491,1,2.06,0.50,41236,1,2.06,0.50,41236
2026-05-09 16:11:52,1,1,1,1797.5,48,-34.0,-1004,1491,1,2.06,0.50,41236,1,2.06,0.50,41236
2026-05-09 16:11:52,1,1,1,1830.9,48,-35.5,-1064,1490,1,2.11,0.50,41236,1,2.11,0.50,41236
2026-05-09 16:11:52,1,1,1,1867.6,48,-37.2,-1130,1487,1,2.11,0.50,41236,1,2.11,0.50,41236
2026-05-09 16:11:52,1,1,1,1867.6,48,-37.2,-1130,1487,1,2.11,0.50,41236,1,2.11,0.50,41236
2026-05-09 16:11:52,1,1,1,1907.7,56,-38.8,-1195,1487,1,2.11,0.50,41236,1,2.11,0.50,41236
2026-05-09 16:11:53,1,1,1,1907.7,56,-38.8,-1195,1487,1,2.11,0.50,41236,1,2.11,0.50,41236
2026-05-09 16:11:53,1,1,1,1948.0,39,-39.9,-1250,1494,1,2.11,0.50,41236,1,2.11,0.50,41236
2026-05-09 16:11:53,1,1,1,1948.0,39,-39.9,-1250,1494,1,2.11,0.50,41236,1,2.11,0.50,41236
2026-05-09 16:11:53,1,1,1,1983.4,64,-41.0,-1300,1498,1,2.11,0.50,41236,1,2.11,0.50,41236
2026-05-09 16:11:53,1,1,1,1983.4,64,-41.0,-1300,1498,1,2.11,0.50,41236,1,2.11,0.50,41236
2026-05-09 16:11:53,1,1,1,2025.8,32,-41.3,-1337,1522,1,2.11,0.50,41236,1,2.11,0.50,41236
2026-05-09 16:11:53,1,1,1,2072.2,32,-41.2,-1364,1560,1,2.11,0.50,41236,1,2.11,0.50,41236
2026-05-09 16:11:53,1,1,1,2072.2,32,-41.2,-1364,1560,1,2.11,0.50,41236,1,2.11,0.50,41236
2026-05-09 16:11:53,1,1,1,2115.7,39,-41.4,-1398,1588,1,2.11,0.50,41236,1,2.11,0.50,41236
2026-05-09 16:11:53,1,1,1,2115.7,39,-41.4,-1398,1588,1,0.00,0.00,0,0,0.00,0.00,0
2026-05-09 16:11:53,1,1,1,2153.7,8,-41.2,-1418,1621,1,0.00,0.00,0,0,0.00,0.00,0
2026-05-09 16:11:53,1,1,1,2153.7,8,-41.2,-1418,1621,1,0.00,0.00,0,0,0.00,0.00,0
2026-05-09 16:11:53,1,1,1,2195.1,39,-41.3,-1450,1648,1,0.00,0.00,0,0,0.00,0.00,0
2026-05-09 16:11:53,1,1,1,2225.0,39,-41.9,-1486,1656,1,0.00,0.00,0,0,0.00,0.00,0
2026-05-09 16:11:53,1,1,1,2225.0,39,-41.9,-1486,1656,0,0.00,0.00,0,0,0.00,0.00,0
2026-05-09 16:11:53,1,1,1,2268.2,48,-42.6,-1536,1669,0,0.00,0.00,0,0,0.00,0.00,0
2026-05-09 16:11:53,1,1,1,2268.2,48,-42.6,-1536,1669,0,0.00,0.00,0,0,0.00,0.00,0
2026-05-09 16:11:53,1,1,1,2306.8,48,-42.8,-1568,1692,0,0.00,0.00,0,0,0.00,0.00,0
2026-05-09 16:11:53,1,1,1,2306.8,48,-42.8,-1568,1692,0,0.00,0.00,0,0,0.00,0.00,0
2026-05-09 16:11:53,1,1,1,2343.7,32,-42.8,-1591,1721,0,0.00,0.00,0,0,0.00,0.00,0
2026-05-09 16:11:54,1,1,1,2343.7,32,-42.8,-1591,1721,0,0.00,0.00,0,0,0.00,0.00,0
2026-05-09 16:11:54,1,1,1,2374.2,16,-42.0,-1589,1764,0,0.00,0.00,0,0,0.00,0.00,0
2026-05-09 16:11:54,1,1,1,2398.1,16,-40.7,-1565,1817,0,0.00,0.00,0,0,0.00,0.00,0
2026-05-09 16:11:54,1,1,1,2398.1,16,-40.7,-1565,1817,0,0.00,0.00,0,0,0.00,0.00,0
2026-05-09 16:11:54,1,1,1,2401.7,16,-39.5,-1528,1853,0,0.00,0.00,0,0,0.00,0.00,0
2026-05-09 16:11:54,1,1,1,2401.7,16,-39.5,-1528,1853,0,0.00,0.00,0,0,0.00,0.00,0
2026-05-09 16:11:54,1,1,1,2425.3,0,-38.2,-1501,1905,0,0.00,0.00,0,0,0.00,0.00,0
2026-05-09 16:11:54,1,1,1,2425.3,0,-38.2,-1501,1905,0,0.00,0.00,0,0,0.00,0.00,0
2026-05-09 16:11:54,1,1,1,2540.0,0,-37.1,-1532,2026,0,0.00,0.00,0,0,0.00,0.00,0
2026-05-09 16:11:54,1,1,1,2640.8,16,-36.2,-1561,2130,0,0.00,0.00,0,0,0.00,0.00,0
2026-05-09 16:11:54,1,1,1,2640.8,16,-36.2,-1561,2130,0,0.00,0.00,0,0,0.00,0.00,0
2026-05-09 16:11:54,1,1,1,2742.7,-8,-35.3,-1584,2239,0,0.00,0.00,0,0,0.00,0.00,0
2026-05-09 16:11:54,1,1,1,2742.7,-8,-35.3,-1584,2239,0,0.00,0.00,0,0,0.00,0.00,0
2026-05-09 16:11:54,1,1,1,2831.8,0,-34.0,-1583,2348,0,0.00,0.00,0,0,0.00,0.00,0
2026-05-09 16:11:54,1,1,1,2831.8,0,-34.0,-1583,2348,0,0.00,0.00,0,0,0.00,0.00,0
2026-05-09 16:11:54,1,1,1,2897.5,16,-32.9,-1572,2434,0,0.00,0.00,0,0,0.00,0.00,0
2026-05-09 16:11:54,1,1,1,2897.5,16,-32.9,-1572,2434,0,0.00,0.00,0,0,0.00,0.00,0
2026-05-09 16:11:54,1,1,1,2970.8,0,-31.9,-1570,2522,0,0.00,0.00,0,0,0.00,0.00,0
2026-05-09 16:11:54,1,1,1,3024.9,0,-31.1,-1561,2591,0,0.00,0.00,0,0,0.00,0.00,0
2026-05-09 16:11:54,1,1,1,3024.9,0,-31.1,-1561,2591,0,0.00,0.00,0,0,0.00,0.00,0
2026-05-09 16:11:55,1,1,1,3074.0,0,-30.7,-1568,2644,0,0.00,0.00,0,0,0.00,0.00,0
2026-05-09 16:11:55,1,1,1,3074.0,0,-30.7,-1568,2644,0,0.00,0.00,0,0,0.00,0.00,0
2026-05-09 16:11:55,1,1,1,3102.3,-24,-30.3,-1566,2678,0,0.00,0.00,0,0,0.00,0.00,0
2026-05-09 16:11:55,1,1,1,3102.3,-24,-30.3,-1566,2678,0,0.00,0.00,0,0,0.00,0.00,0
2026-05-09 16:11:55,1,1,1,3046.1,-32,-29.4,-1495,2654,0,0.00,0.00,0,1,2.74,-0.23,8837
2026-05-09 16:11:55,1,1,1,2964.3,-32,-28.6,-1420,2602,0,0.00,0.00,0,1,2.74,-0.23,8837
2026-05-09 16:11:55,1,1,1,2964.3,-32,-28.6,-1420,2602,1,2.72,-0.23,8837,1,2.72,-0.23,8837
2026-05-09 16:11:55,1,1,1,2880.0,0,-27.9,-1348,2545,1,2.72,-0.23,8837,1,2.72,-0.23,8837
2026-05-09 16:11:55,1,1,1,2880.0,0,-27.9,-1348,2545,1,2.72,-0.23,8837,1,2.72,-0.23,8837
2026-05-09 16:11:55,1,1,1,2909.0,0,-27.9,-1359,2572,1,2.72,-0.23,8837,1,2.72,-0.23,8837
2026-05-09 16:11:55,1,1,1,2909.0,0,-27.9,-1359,2572,1,2.72,-0.23,8837,1,2.72,-0.23,8837
2026-05-09 16:11:55,1,1,1,2971.4,0,-28.1,-1398,2622,1,2.72,-0.23,8837,1,2.72,-0.23,8837
2026-05-09 16:11:55,1,1,1,2971.4,0,-28.1,-1398,2622,1,2.52,-0.23,1481,1,2.52,-0.23,1481
2026-05-09 16:11:55,1,1,1,3003.5,0,-28.0,-1410,2652,1,2.52,-0.23,1481,1,2.52,-0.23,1481
2026-05-09 16:11:55,1,1,1,3036.7,0,-28.1,-1428,2680,1,2.50,-0.23,1481,1,2.50,-0.23,1481
2026-05-09 16:11:55,1,1,1,3036.7,0,-28.1,-1428,2680,1,2.50,-0.23,1481,1,2.50,-0.23,1481
2026-05-09 16:11:55,1,1,1,3066.7,-8,-28.1,-1443,2706,1,2.50,-0.23,1481,1,2.50,-0.23,1481
2026-05-09 16:11:55,1,1,1,3066.7,-8,-28.1,-1443,2706,0,0.00,0.00,0,1,2.50,-0.23,1481
2026-05-09 16:11:55,1,1,1,3087.2,0,-28.0,-1449,2726,0,0.00,0.00,0,1,2.50,-0.23,1481
2026-05-09 16:11:55,1,1,1,3087.2,0,-28.0,-1449,2726,0,0.00,0.00,0,1,2.50,-0.23,1481
2026-05-09 16:11:56,1,1,1,3101.8,0,-27.9,-1450,2742,0,0.00,0.00,0,1,2.50,-0.23,1481
2026-05-09 16:11:56,1,1,1,3131.1,0,-27.7,-1456,2772,0,0.00,0.00,0,1,2.50,-0.23,1481
2026-05-09 16:11:56,1,1,1,3131.1,0,-27.7,-1456,2772,0,0.00,0.00,0,1,2.50,-0.23,1481
2026-05-09 16:11:56,1,1,1,3162.7,0,-27.6,-1463,2804,0,0.00,0.00,0,1,2.50,-0.23,1481
2026-05-09 16:11:56,1,1,1,3162.7,0,-27.6,-1463,2804,0,0.00,0.00,0,1,2.50,-0.23,1481
2026-05-09 16:11:56,1,1,1,3182.6,0,-27.2,-1456,2830,0,0.00,0.00,0,1,2.50,-0.23,1481
2026-05-09 16:11:56,1,1,1,3182.6,0,-27.2,-1456,2830,0,0.00,0.00,0,1,2.50,-0.23,1481
2026-05-09 16:11:56,1,1,1,3183.7,-8,-26.4,-1417,2851,0,0.00,0.00,0,0,0.00,0.00,0
2026-05-09 16:11:56,1,1,1,3183.7,-8,-26.4,-1417,2851,0,0.00,0.00,0,0,0.00,0.00,0
2026-05-09 16:11:56,1,1,1,3177.7,0,-25.0,-1345,2879,0,0.00,0.00,0,0,0.00,0.00,0
2026-05-09 16:11:56,1,1,1,3143.2,0,-21.3,-1143,2928,0,0.00,0.00,0,0,0.00,0.00,0
2026-05-09 16:11:56,1,1,1,3143.2,0,-21.3,-1143,2928,0,0.00,0.00,0,0,0.00,0.00,0
2026-05-09 16:11:56,1,1,1,3127.5,0,-18.4,-986,2968,0,0.00,0.00,0,0,0.00,0.00,0
2026-05-09 16:11:56,1,1,1,3127.5,0,-18.4,-986,2968,0,0.00,0.00,0,0,0.00,0.00,0
2026-05-09 16:11:56,1,1,1,3097.9,0,-15.7,-836,2983,0,0.00,0.00,0,0,0.00,0.00,0
2026-05-09 16:11:56,1,1,1,3097.9,0,-15.7,-836,2983,0,0.00,0.00,0,0,0.00,0.00,0
2026-05-09 16:11:56,1,1,1,3053.4,0,-13.1,-692,2974,0,0.00,0.00,0,0,0.00,0.00,0
2026-05-09 16:11:56,1,1,1,3031.0,0,-11.0,-580,2975,0,0.00,0.00,0,0,0.00,0.00,0
2026-05-09 16:11:56,1,1,1,3031.0,0,-11.0,-580,2975,0,0.00,0.00,0,0,0.00,0.00,0
2026-05-09 16:11:56,1,1,1,3039.0,0,-9.9,-521,2994,0,0.00,0.00,0,0,0.00,0.00,0
2026-05-09 16:11:57,1,1,1,3039.0,0,-9.9,-521,2994,0,0.00,0.00,0,0,0.00,0.00,0
2026-05-09 16:11:57,1,1,1,3043.4,8,-8.9,-469,3007,0,0.00,0.00,0,0,0.00,0.00,0
2026-05-09 16:11:57,1,1,1,3043.4,8,-8.9,-469,3007,0,0.00,0.00,0,0,0.00,0.00,0
2026-05-09 16:11:57,1,1,1,3052.6,0,-8.6,-458,3018,0,0.00,0.00,0,0,0.00,0.00,0
2026-05-09 16:11:57,1,1,1,3052.6,0,-8.6,-458,3018,0,0.00,0.00,0,0,0.00,0.00,0
2026-05-09 16:11:57,1,1,1,3061.1,0,-9.2,-488,3022,0,0.00,0.00,0,0,0.00,0.00,0
2026-05-09 16:11:57,1,1,1,3064.9,8,-9.4,-499,3024,0,0.00,0.00,0,0,0.00,0.00,0
2026-05-09 16:11:57,1,1,1,3064.9,8,-9.4,-499,3024,0,0.00,0.00,0,0,0.00,0.00,0
2026-05-09 16:11:57,1,1,1,3070.3,8,-9.6,-514,3027,0,0.00,0.00,0,0,0.00,0.00,0
2026-05-09 16:11:57,1,1,1,3070.3,8,-9.6,-514,3027,0,0.00,0.00,0,0,0.00,0.00,0
2026-05-09 16:11:57,1,1,1,3074.5,8,-9.9,-527,3029,0,0.00,0.00,0,0,0.00,0.00,0
2026-05-09 16:11:57,1,1,1,3074.5,8,-9.9,-527,3029,0,0.00,0.00,0,0,0.00,0.00,0
2026-05-09 16:11:57,1,1,1,3072.6,0,-10.1,-539,3025,0,0.00,0.00,0,0,0.00,0.00,0
2026-05-09 16:11:57,1,1,1,3072.6,0,-10.1,-539,3025,0,0.00,0.00,0,0,0.00,0.00,0
2026-05-09 16:11:57,1,1,1,3068.9,0,-10.3,-551,3019,0,0.00,0.00,0,0,0.00,0.00,0
2026-05-09 16:11:57,1,1,1,3065.9,0,-10.6,-562,3014,0,0.00,0.00,0,0,0.00,0.00,0
2026-05-09 16:11:57,1,1,1,3065.9,0,-10.6,-562,3014,0,0.00,0.00,0,0,0.00,0.00,0
2026-05-09 16:11:57,1,1,1,3067.0,0,-10.9,-578,3012,0,0.00,0.00,0,0,0.00,0.00,0
2026-05-09 16:11:57,1,1,1,3067.0,0,-10.9,-578,3012,0,0.00,0.00,0,0,0.00,0.00,0
2026-05-09 16:11:57,1,1,1,3069.2,0,-11.3,-600,3010,0,0.00,0.00,0,0,0.00,0.00,0
2026-05-09 16:11:58,1,1,1,3069.2,0,-11.3,-600,3010,0,0.00,0.00,0,0,0.00,0.00,0
2026-05-09 16:11:58,1,1,1,3073.4,0,-11.8,-626,3009,0,0.00,0.00,0,0,0.00,0.00,0
2026-05-09 16:11:58,1,1,1,3077.6,0,-12.2,-651,3008,0,0.00,0.00,0,1,2.49,0.00,4904
2026-05-09 16:11:58,1,1,1,3077.6,0,-12.2,-651,3008,0,0.00,0.00,0,1,2.49,0.00,4904
2026-05-09 16:11:58,1,1,1,3081.8,0,-12.7,-675,3007,1,2.49,0.00,4904,1,2.49,0.00,4904
2026-05-09 16:11:58,1,1,1,3081.8,0,-12.7,-675,3007,1,2.49,0.00,4904,1,2.49,0.00,4904
2026-05-09 16:11:58,1,1,1,3087.5,0,-13.0,-692,3009,1,2.49,0.00,4904,1,2.49,0.00,4904
2026-05-09 16:11:58,1,1,1,3087.5,0,-13.0,-692,3009,1,2.49,0.00,4904,1,2.49,0.00,4904
2026-05-09 16:11:58,1,1,1,3093.7,0,-13.1,-702,3013,1,2.49,0.00,4904,1,2.49,0.00,4904
2026-05-09 16:11:58,1,1,1,3093.7,0,-13.1,-702,3013,1,2.49,0.00,4904,1,2.49,0.00,4904
2026-05-09 16:11:58,1,1,1,3099.7,0,-13.2,-707,3018,1,2.49,0.00,4904,1,2.49,0.00,4904
2026-05-09 16:11:58,1,1,1,3106.7,0,-13.2,-712,3024,1,2.49,0.00,4904,1,2.49,0.00,4904
2026-05-09 16:11:58,1,1,1,3106.7,0,-13.2,-712,3024,1,2.49,0.00,4904,1,2.49,0.00,4904
2026-05-09 16:11:58,1,1,1,3112.7,0,-13.3,-717,3029,1,2.49,0.00,4904,1,2.49,0.00,4904
2026-05-09 16:11:58,1,1,1,3112.7,0,-13.3,-717,3029,1,2.49,0.00,4904,1,2.49,0.00,4904
2026-05-09 16:11:58,1,1,1,3118.5,0,-13.4,-721,3034,1,2.49,0.00,4904,1,2.49,0.00,4904
2026-05-09 16:11:58,1,1,1,3118.5,0,-13.4,-721,3034,1,2.49,0.00,4904,1,2.49,0.00,4904
2026-05-09 16:11:58,1,1,1,3123.5,0,-13.4,-726,3038,1,0.00,0.00,0,0,0.00,0.00,0
2026-05-09 16:11:58,1,1,1,3129.3,0,-13.5,-730,3043,1,0.00,0.00,0,0,0.00,0.00,0
2026-05-09 16:11:58,1,1,1,3129.3,0,-13.5,-730,3043,1,0.00,0.00,0,0,0.00,0.00,0
2026-05-09 16:11:59,1,1,1,3134.2,0,-13.5,-734,3047,1,0.00,0.00,0,0,0.00,0.00,0
2026-05-09 16:11:59,1,1,1,3134.2,0,-13.5,-734,3047,1,0.00,0.00,0,0,0.00,0.00,0
2026-05-09 16:11:59,1,1,1,3139.0,0,-13.6,-738,3051,0,0.00,0.00,0,0,0.00,0.00,0
2026-05-09 16:11:59,1,1,1,3139.0,0,-13.6,-738,3051,0,0.00,0.00,0,0,0.00,0.00,0
2026-05-09 16:11:59,1,1,1,3143.8,0,-13.7,-742,3055,0,0.00,0.00,0,0,0.00,0.00,0
2026-05-09 16:11:59,1,1,1,3143.8,0,-13.7,-742,3055,0,0.00,0.00,0,0,0.00,0.00,0
2026-05-09 16:11:59,1,1,1,3149.1,0,-13.8,-752,3058,0,0.00,0.00,0,1,2.02,-0.24,11890
2026-05-09 16:11:59,1,1,1,3154.7,0,-14.0,-763,3061,0,0.00,0.00,0,1,2.02,-0.24,11890
2026-05-09 16:11:59,1,1,1,3154.7,0,-14.0,-763,3061,1,2.00,-0.24,14210,1,2.00,-0.24,14210
2026-05-09 16:11:59,1,1,1,3159.3,0,-14.2,-774,3063,1,2.00,-0.24,14210,1,2.00,-0.24,14210
2026-05-09 16:11:59,1,1,1,3159.3,0,-14.2,-774,3063,1,1.90,-0.30,22637,1,1.90,-0.30,22637
2026-05-09 16:11:59,1,1,1,3164.9,0,-14.4,-785,3066,1,1.90,-0.30,22637,1,1.90,-0.30,22637
2026-05-09 16:11:59,1,1,1,3164.9,0,-14.4,-785,3066,1,1.83,-0.33,43105,1,1.83,-0.33,43105
2026-05-09 16:11:59,1,1,1,3169.6,0,-14.5,-796,3068,1,1.83,-0.33,43105,1,1.83,-0.33,43105
2026-05-09 16:11:59,1,1,1,3172.9,0,-14.8,-809,3068,1,1.80,-0.33,43105,1,1.80,-0.33,43105
2026-05-09 16:11:59,1,1,1,3172.9,0,-14.8,-809,3068,1,1.80,-0.33,43105,1,1.80,-0.33,43105
2026-05-09 16:11:59,1,1,1,3176.7,0,-15.0,-824,3068,1,1.80,-0.33,43105,1,1.80,-0.33,43105
2026-05-09 16:11:59,1,1,1,3176.7,0,-15.0,-824,3068,1,1.80,-0.33,43105,1,1.80,-0.33,43105
2026-05-09 16:11:59,1,1,1,3179.4,0,-15.3,-838,3067,1,1.80,-0.33,43105,1,1.80,-0.33,43105
2026-05-09 16:11:59,1,1,1,3179.4,0,-15.3,-838,3067,1,1.80,-0.33,43105,1,1.80,-0.33,43105
2026-05-09 16:12:00,1,1,1,3182.2,0,-15.5,-852,3066,1,3.19,-0.01,4900,1,3.19,-0.01,4900
2026-05-09 16:12:00,1,1,1,3182.2,0,-15.5,-852,3066,1,3.19,-0.01,4900,1,3.19,-0.01,4900
2026-05-09 16:12:00,1,1,1,3185.7,0,-15.8,-865,3066,1,3.22,0.00,5317,1,3.22,0.00,5317
2026-05-09 16:12:00,1,1,1,3188.0,0,-16.0,-877,3065,1,3.22,0.00,5317,1,3.22,0.00,5317
2026-05-09 16:12:00,1,1,1,3188.0,0,-16.0,-877,3065,1,3.23,0.00,3649,1,3.23,0.00,3649
2026-05-09 16:12:00,1,1,1,3190.5,0,-16.1,-886,3065,1,3.23,0.00,3649,1,3.23,0.00,3649
2026-05-09 16:12:00,1,1,1,3190.5,0,-16.1,-886,3065,1,3.23,0.00,3649,1,3.23,0.00,3649
2026-05-09 16:12:00,1,1,1,3192.4,0,-16.2,-893,3065,1,3.23,0.00,3649,1,3.23,0.00,3649
2026-05-09 16:12:00,1,1,1,3192.4,0,-16.2,-893,3065,1,2.79,-0.03,28213,1,2.79,-0.03,28213
2026-05-09 16:12:00,1,1,1,3194.4,0,-16.4,-900,3065,1,2.79,-0.03,28213,1,2.79,-0.03,28213
2026-05-09 16:12:00,1,1,1,3196.1,0,-16.5,-906,3065,1,2.58,-0.02,21605,1,2.58,-0.02,21605
2026-05-09 16:12:00,1,1,1,3196.1,0,-16.5,-906,3065,1,2.58,-0.02,21605,1,2.58,-0.02,21605
2026-05-09 16:12:00,1,1,1,3193.0,0,-16.3,-895,3065,1,2.70,0.01,15489,1,2.70,0.01,15489
2026-05-09 16:12:00,1,1,1,3193.0,0,-16.3,-895,3065,1,2.70,0.01,15489,1,2.70,0.01,15489
2026-05-09 16:12:00,1,1,1,3188.1,0,-15.9,-874,3066,1,2.56,0.00,27298,1,2.56,0.00,27298
2026-05-09 16:12:00,1,1,1,3188.1,0,-15.9,-874,3066,1,2.56,0.00,27298,1,2.56,0.00,27298
2026-05-09 16:12:00,1,1,1,3174.8,0,-14.7,-805,3071,1,2.66,0.04,4889,1,2.66,0.04,4889
2026-05-09 16:12:00,1,1,1,3174.8,0,-14.7,-805,3071,1,2.66,0.04,4889,1,2.66,0.04,4889
2026-05-09 16:12:00,1,1,1,3163.3,0,-13.6,-742,3075,1,2.67,0.04,4889,1,2.67,0.04,4889
2026-05-09 16:12:00,1,1,1,3159.5,8,-13.4,-730,3074,1,2.67,0.04,4889,1,2.67,0.04,4889
2026-05-09 16:12:01,1,1,1,3159.5,8,-13.4,-730,3074,1,2.55,0.01,24653,1,2.55,0.01,24653
2026-05-09 16:12:01,1,1,1,3154.7,16,-13.2,-722,3071,1,2.55,0.01,24653,1,2.55,0.01,24653
2026-05-09 16:12:01,1,1,1,3154.7,16,-13.2,-722,3071,1,2.46,0.00,22997,1,2.46,0.00,22997
2026-05-09 16:12:01,1,1,1,3110.8,24,-13.3,-717,3027,1,2.46,0.00,22997,1,2.46,0.00,22997
2026-05-09 16:12:01,1,1,1,3110.8,24,-13.3,-717,3027,1,2.46,0.00,22997,1,2.46,0.00,22997
2026-05-09 16:12:01,1,1,1,2978.9,24,-13.8,-710,2893,1,2.46,0.00,22997,1,2.46,0.00,22997
2026-05-09 16:12:01,1,1,1,2858.8,24,-14.2,-703,2771,1,2.46,0.00,22997,1,2.46,0.00,22997
2026-05-09 16:12:01,1,1,1,2858.8,24,-14.2,-703,2771,1,2.46,0.00,22997,1,2.46,0.00,22997
2026-05-09 16:12:01,1,1,1,2752.0,24,-14.7,-698,2662,1,2.46,0.00,22997,1,2.46,0.00,22997
2026-05-09 16:12:01,1,1,1,2752.0,24,-14.7,-698,2662,1,2.46,0.00,22997,1,2.46,0.00,22997
2026-05-09 16:12:01,1,1,1,2657.2,32,-15.4,-705,2562,1,2.46,0.00,22997,1,2.46,0.00,22997
2026-05-09 16:12:01,1,1,1,2657.2,32,-15.4,-705,2562,1,2.46,0.00,22997,1,2.46,0.00,22997
2026-05-09 16:12:01,1,1,1,2571.6,39,-16.2,-719,2469,1,2.00,0.47,13466,1,2.00,0.47,13466
2026-05-09 16:12:01,1,1,1,2571.6,39,-16.2,-719,2469,1,2.00,0.47,13466,1,2.00,0.47,13466
2026-05-09 16:12:01,1,1,1,2500.1,48,-17.1,-737,2389,1,2.04,0.47,13466,1,2.04,0.47,13466
2026-05-09 16:12:01,1,1,1,2437.8,64,-18.2,-761,2316,1,2.04,0.47,13466,1,2.04,0.47,13466
2026-05-09 16:12:01,1,1,1,2437.8,64,-18.2,-761,2316,1,2.07,0.59,5629,1,2.07,0.59,5629
2026-05-09 16:12:01,1,1,1,2389.7,79,-19.3,-791,2255,1,2.07,0.59,5629,1,2.07,0.59,5629
2026-05-09 16:12:01,1,1,1,2389.7,79,-19.3,-791,2255,1,2.13,0.59,5629,1,2.13,0.59,5629
2026-05-09 16:12:01,1,1,1,2348.0,56,-20.7,-831,2196,1,2.13,0.59,5629,1,2.13,0.59,5629
2026-05-09 16:12:02,1,1,1,2348.0,56,-20.7,-831,2196,1,2.13,0.59,5629,1,2.13,0.59,5629
2026-05-09 16:12:02,1,1,1,2295.9,0,-23.6,-919,2104,1,2.13,0.59,5629,1,2.13,0.59,5629
2026-05-09 16:12:02,1,1,1,2424.2,0,-25.7,-1052,2184,1,2.13,0.59,5629,1,2.13,0.59,5629
2026-05-09 16:12:02,1,1,1,2424.2,0,-25.7,-1052,2184,1,2.13,0.59,5629,1,2.13,0.59,5629
2026-05-09 16:12:02,1,1,1,2574.8,0,-27.3,-1179,2289,1,2.13,0.59,5629,1,2.13,0.59,5629
2026-05-09 16:12:02,1,1,1,2574.8,0,-27.3,-1179,2289,1,2.13,0.59,5629,1,2.13,0.59,5629
2026-05-09 16:12:02,1,1,1,2724.7,72,-28.6,-1303,2393,1,2.13,0.59,5629,1,2.13,0.59,5629
2026-05-09 16:12:02,1,1,1,2724.7,72,-28.6,-1303,2393,1,2.13,0.59,5629,1,2.13,0.59,5629
2026-05-09 16:12:02,1,1,1,2690.2,48,-30.4,-1362,2320,1,2.13,0.59,5629,1,2.13,0.59,5629
2026-05-09 16:12:02,1,1,1,2690.2,48,-30.4,-1362,2320,1,2.13,0.59,5629,1,2.13,0.59,5629
2026-05-09 16:12:02,1,1,1,2635.0,32,-31.7,-1386,2241,1,2.13,0.59,5629,1,2.13,0.59,5629
2026-05-09 16:12:02,1,1,1,2572.7,88,-33.5,-1419,2146,1,0.00,0.00,0,0,0.00,0.00,0
2026-05-09 16:12:02,1,1,1,2572.7,88,-33.5,-1419,2146,1,2.50,0.25,12100,1,2.50,0.25,12100
2026-05-09 16:12:02,1,1,1,2518.8,-8,-34.8,-1438,2068,1,2.50,0.25,12100,1,2.50,0.25,12100
2026-05-09 16:12:02,1,1,1,2518.8,-8,-34.8,-1438,2068,1,2.51,0.27,17090,1,2.51,0.27,17090
2026-05-09 16:12:02,1,1,1,2484.6,16,-35.6,-1448,2019,1,2.51,0.27,17090,1,2.51,0.27,17090
2026-05-09 16:12:02,1,1,1,2484.6,16,-35.6,-1448,2019,1,2.53,0.26,9178,1,2.53,0.26,9178
2026-05-09 16:12:02,1,1,1,2465.8,16,-36.1,-1452,1993,1,2.53,0.26,9178,1,2.53,0.26,9178
2026-05-09 16:12:02,1,1,1,2465.8,16,-36.1,-1452,1993,1,2.55,0.26,9178,1,2.55,0.26,9178
2026-05-09 16:12:02,1,1,1,2460.1,16,-36.3,-1456,1983,1,2.55,0.26,9178,1,2.55,0.26,9178
2026-05-09 16:12:03,1,1,1,2461.1,16,-36.4,-1459,1982,1,2.55,0.26,9178,1,2.55,0.26,9178
2026-05-09 16:12:03,1,1,1,2461.1,16,-36.4,-1459,1982,1,2.55,0.26,9178,1,2.55,0.26,9178
2026-05-09 16:12:03,1,1,1,2462.5,39,-36.4,-1460,1983,1,2.55,0.26,9178,1,2.55,0.26,9178
2026-05-09 16:12:03,1,1,1,2462.5,39,-36.4,-1460,1983,1,2.55,0.26,9178,1,2.55,0.26,9178
2026-05-09 16:12:03,1,1,1,2465.5,0,-36.3,-1461,1986,1,2.55,0.26,9178,1,2.55,0.26,9178
2026-05-09 16:12:03,1,1,1,2465.5,0,-36.3,-1461,1986,1,2.55,0.26,9178,1,2.55,0.26,9178
2026-05-09 16:12:03,1,1,1,2486.8,0,-36.2,-1467,2008,1,2.55,0.26,9178,1,2.55,0.26,9178
2026-05-09 16:12:03,1,1,1,2516.7,0,-36.0,-1478,2037,1,2.55,0.26,9178,1,2.55,0.26,9178
2026-05-09 16:12:03,1,1,1,2516.7,0,-36.0,-1478,2037,1,2.55,0.26,9178,1,2.55,0.26,9178
2026-05-09 16:12:03,1,1,1,2611.2,0,-35.7,-1523,2121,1,2.55,0.26,9178,1,2.55,0.26,9178
2026-05-09 16:12:03,1,1,1,2611.2,0,-35.7,-1523,2121,1,2.55,0.26,9178,1,2.55,0.26,9178
2026-05-09 16:12:03,1,1,1,2782.8,0,-34.9,-1594,2281,1,0.00,0.00,0,0,0.00,0.00,0
2026-05-09 16:12:03,1,1,1,2782.8,0,-34.9,-1594,2281,1,0.00,0.00,0,0,0.00,0.00,0
2026-05-09 16:12:03,1,1,1,2911.3,0,-34.3,-1642,2404,1,0.00,0.00,0,0,0.00,0.00,0
2026-05-09 16:12:03,1,1,1,2911.3,0,-34.3,-1642,2404,1,0.00,0.00,0,0,0.00,0.00,0
2026-05-09 16:12:03,1,1,1,2984.4,0,-33.2,-1633,2498,1,0.00,0.00,0,0,0.00,0.00,0
2026-05-09 16:12:03,1,1,1,3022.2,0,-31.7,-1587,2572,0,0.00,0.00,0,0,0.00,0.00,0
2026-05-09 16:12:13,1,1,1,2179.6,-72,-47.3,-1601,1479,1,2.24,-0.47,15332,1,2.24,-0.47,15332
2026-05-09 16:12:13,1,1,1,2179.6,-72,-47.3,-1601,1479,1,2.19,-0.47,15332,1,2.19,-0.47,15332
2026-05-09 16:12:13,1,1,1,2175.1,-56,-47.1,-1594,1480,1,2.19,-0.47,15332,1,2.19,-0.47,15332
2026-05-09 16:12:14,1,1,1,2175.1,-56,-47.1,-1594,1480,1,2.19,-0.47,15332,1,2.19,-0.47,15332
2026-05-09 16:12:14,1,1,1,2168.6,-48,-47.0,-1586,1479,1,2.19,-0.47,15332,1,2.19,-0.47,15332
2026-05-09 16:12:14,1,1,1,2168.6,-48,-47.0,-1586,1479,1,2.19,-0.47,15332,1,2.19,-0.47,15332
2026-05-09 16:12:14,1,1,1,2160.6,-56,-46.8,-1576,1478,1,2.19,-0.47,15332,1,2.19,-0.47,15332
2026-05-09 16:12:14,1,1,1,2160.6,-56,-46.8,-1576,1478,1,2.19,-0.47,15332,1,2.19,-0.47,15332
2026-05-09 16:12:14,1,1,1,2151.2,-56,-46.6,-1563,1478,1,2.19,-0.47,15332,1,2.19,-0.47,15332
2026-05-09 16:12:14,1,1,1,2141.0,-56,-46.4,-1550,1477,1,2.19,-0.47,15332,1,2.19,-0.47,15332
2026-05-09 16:12:14,1,1,1,2141.0,-56,-46.4,-1550,1477,1,2.19,-0.47,15332,1,2.19,-0.47,15332
2026-05-09 16:12:14,1,1,1,2128.8,-56,-46.1,-1535,1475,1,1.99,-0.69,15381,1,1.99,-0.69,15381
2026-05-09 16:12:14,1,1,1,2128.8,-56,-46.1,-1535,1475,1,1.99,-0.69,15381,1,1.99,-0.69,15381
2026-05-09 16:12:14,1,1,1,2116.7,-64,-46.0,-1522,1471,1,1.89,-0.69,31076,1,1.89,-0.69,31076
2026-05-09 16:12:14,1,1,1,2116.7,-64,-46.0,-1522,1471,1,1.89,-0.69,31076,1,1.89,-0.69,31076
2026-05-09 16:12:14,1,1,1,2102.5,-56,-45.9,-1509,1464,1,1.81,-0.62,17410,1,1.81,-0.62,17410
2026-05-09 16:12:14,1,1,1,2088.9,-56,-45.7,-1495,1459,1,1.81,-0.62,17410,1,1.81,-0.62,17410
2026-05-09 16:12:14,1,1,1,2088.9,-56,-45.7,-1495,1459,1,1.75,-0.62,17410,1,1.75,-0.62,17410
2026-05-09 16:12:14,1,1,1,2072.6,-56,-45.6,-1481,1450,1,1.75,-0.62,17410,1,1.75,-0.62,17410
2026-05-09 16:12:14,1,1,1,2072.6,-56,-45.6,-1481,1450,1,1.75,-0.62,17410,1,1.75,-0.62,17410
2026-05-09 16:12:14,1,1,1,2054.9,-64,-45.5,-1466,1440,1,1.75,-0.62,17410,1,1.75,-0.62,17410
2026-05-09 16:12:14,1,1,1,2054.9,-64,-45.5,-1466,1440,1,1.75,-0.62,17410,1,1.75,-0.62,17410
2026-05-09 16:12:14,1,1,1,2034.4,-56,-45.3,-1446,1431,1,1.75,-0.62,17410,1,1.75,-0.62,17410
2026-05-09 16:12:15,1,1,1,2034.4,-56,-45.3,-1446,1431,1,1.75,-0.62,17410,1,1.75,-0.62,17410
2026-05-09 16:12:15,1,1,1,1971.4,-88,-44.8,-1390,1398,1,1.75,-0.62,17410,1,1.75,-0.62,17410
2026-05-09 16:12:15,1,1,1,1907.9,-72,-44.2,-1331,1367,1,1.49,-0.71,33049,1,1.49,-0.71,33049
2026-05-09 16:12:15,1,1,1,1907.9,-72,-44.2,-1331,1367,1,1.49,-0.71,33049,1,1.49,-0.71,33049
2026-05-09 16:12:15,1,1,1,1844.8,-56,-43.5,-1269,1339,1,1.42,-0.71,33049,1,1.42,-0.71,33049
2026-05-09 16:12:15,1,1,1,1844.8,-56,-43.5,-1269,1339,1,1.42,-0.71,33049,1,1.42,-0.71,33049
2026-05-09 16:12:15,1,1,1,1723.9,-56,-41.7,-1147,1287,1,1.32,-0.60,35604,1,1.32,-0.60,35604
2026-05-09 16:12:15,1,1,1,1723.9,-56,-41.7,-1147,1287,1,1.32,-0.60,35604,1,1.32,-0.60,35604
2026-05-09 16:12:15,1,1,1,1620.3,-48,-39.8,-1037,1245,1,1.26,-0.60,35604,1,1.26,-0.60,35604
2026-05-09 16:12:15,1,1,1,1620.3,-48,-39.8,-1037,1245,1,1.26,-0.60,35604,1,1.26,-0.60,35604
2026-05-09 16:12:15,1,1,1,1528.6,-48,-37.9,-938,1207,1,1.22,-0.55,17472,1,1.22,-0.55,17472
2026-05-09 16:12:15,1,1,1,1442.6,-32,-35.8,-844,1170,1,1.22,-0.55,17472,1,1.22,-0.55,17472
2026-05-09 16:12:15,1,1,1,1442.6,-32,-35.8,-844,1170,1,1.16,-0.47,17565,1,1.16,-0.47,17565
2026-05-09 16:12:15,1,1,1,1357.6,-16,-33.4,-748,1133,1,1.16,-0.47,17565,1,1.16,-0.47,17565
2026-05-09 16:12:15,1,1,1,1357.6,-16,-33.4,-748,1133,1,1.12,-0.41,39284,1,1.12,-0.41,39284
2026-05-09 16:12:15,1,1,1,1290.2,-24,-30.8,-661,1108,1,1.12,-0.41,39284,1,1.12,-0.41,39284
2026-05-09 16:12:15,1,1,1,1290.2,-24,-30.8,-661,1108,1,1.12,-0.36,53557,1,1.12,-0.36,53557
2026-05-09 16:12:15,1,1,1,1237.3,-16,-27.8,-578,1094,1,1.12,-0.36,53557,1,1.12,-0.36,53557
2026-05-09 16:12:15,1,1,1,1193.3,-16,-24.7,-499,1084,1,1.08,-0.33,16660,1,1.08,-0.33,16660
2026-05-09 16:12:15,1,1,1,1193.3,-16,-24.7,-499,1084,1,1.08,-0.33,16660,1,1.08,-0.33,16660
2026-05-09 16:12:16,1,1,1,1150.8,-8,-21.7,-426,1069,1,1.05,-0.30,43610,1,1.05,-0.30,43610
2026-05-09 16:12:16,1,1,1,1150.8,-8,-21.7,-426,1069,1,1.05,-0.30,43610,1,1.05,-0.30,43610
2026-05-09 16:12:16,1,1,1,1090.2,-8,-19.3,-360,1029,1,1.02,-0.30,43610,1,1.02,-0.30,43610
2026-05-09 16:12:16,1,1,1,1090.2,-8,-19.3,-360,1029,1,1.02,-0.30,43610,1,1.02,-0.30,43610
2026-05-09 16:12:16,1,1,1,1027.8,-8,-16.8,-297,984,1,1.02,-0.30,43610,1,1.02,-0.30,43610
2026-05-09 16:12:16,1,1,1,1027.8,-8,-16.8,-297,984,1,1.02,-0.30,43610,1,1.02,-0.30,43610
2026-05-09 16:12:16,1,1,1,990.8,0,-13.4,-229,964,1,1.02,-0.30,43610,1,1.02,-0.30,43610
2026-05-09 16:12:16,1,1,1,964.1,0,-9.8,-164,950,1,1.02,-0.30,43610,1,1.02,-0.30,43610
2026-05-09 16:12:16,1,1,1,964.1,0,-9.8,-164,950,1,1.02,-0.30,43610,1,1.02,-0.30,43610
2026-05-09 16:12:16,1,1,1,943.1,39,-4.6,-76,940,1,1.02,-0.30,43610,1,1.02,-0.30,43610
2026-05-09 16:12:16,1,1,1,943.1,39,-4.6,-76,940,1,1.08,0.44,60509,1,1.08,0.44,60509
2026-05-09 16:12:16,1,1,1,931.3,39,1.5,25,931,1,1.08,0.44,60509,1,1.08,0.44,60509
2026-05-09 16:12:16,1,1,1,931.3,39,1.5,25,931,1,1.13,0.44,60509,1,1.13,0.44,60509
2026-05-09 16:12:16,1,1,1,932.6,48,7.8,126,924,1,1.13,0.44,60509,1,1.13,0.44,60509
2026-05-09 16:12:16,1,1,1,952.8,64,13.1,216,928,1,1.13,0.44,60509,1,1.13,0.44,60509
2026-05-09 16:12:16,1,1,1,952.8,64,13.1,216,928,1,1.13,0.44,60509,1,1.13,0.44,60509
2026-05-09 16:12:16,1,1,1,989.2,72,17.0,289,946,1,1.13,0.44,60509,1,1.13,0.44,60509
2026-05-09 16:12:16,1,1,1,989.2,72,17.0,289,946,1,1.13,0.44,60509,1,1.13,0.44,60509
2026-05-09 16:12:16,1,1,1,1044.8,64,19.8,354,983,1,1.13,0.44,60509,1,1.13,0.44,60509
2026-05-09 16:12:16,1,1,1,1044.8,64,19.8,354,983,1,1.13,0.44,60509,1,1.13,0.44,60509
2026-05-09 16:12:17,1,1,1,1107.9,64,21.9,413,1028,1,1.13,0.44,60509,1,1.13,0.44,60509
2026-05-09 16:12:17,1,1,1,1107.9,64,21.9,413,1028,1,1.13,0.44,60509,1,1.13,0.44,60509
2026-05-09 16:12:17,1,1,1,1161.1,39,24.2,476,1059,1,1.13,0.44,60509,1,1.13,0.44,60509
2026-05-09 16:12:17,1,1,1,1214.2,39,26.2,537,1089,1,1.13,0.44,60509,1,1.13,0.44,60509
2026-05-09 16:12:17,1,1,1,1214.2,39,26.2,537,1089,1,1.13,0.44,60509,1,1.13,0.44,60509
2026-05-09 16:12:17,1,1,1,1262.0,64,28.0,593,1114,1,0.00,0.00,0,0,0.00,0.00,0
2026-05-09 16:12:17,1,1,1,1262.0,64,28.0,593,1114,1,1.50,0.52,7346,1,1.50,0.52,7346
2026-05-09 16:12:17,1,1,1,1316.6,32,28.7,632,1155,1,1.50,0.52,7346,1,1.50,0.52,7346
2026-05-09 16:12:17,1,1,1,1316.6,32,28.7,632,1155,1,1.55,0.52,7346,1,1.55,0.52,7346
2026-05-09 16:12:17,1,1,1,1368.8,56,29.4,671,1193,1,1.55,0.52,7346,1,1.55,0.52,7346
2026-05-09 16:12:17,1,1,1,1428.3,64,30.3,721,1233,1,1.55,0.52,7346,1,1.55,0.52,7346
2026-05-09 16:12:17,1,1,1,1428.3,64,30.3,721,1233,1,1.55,0.52,7346,1,1.55,0.52,7346
2026-05-09 16:12:17,1,1,1,1479.1,64,32.1,786,1253,1,1.55,0.52,7346,1,1.55,0.52,7346
2026-05-09 16:12:17,1,1,1,1479.1,64,32.1,786,1253,1,1.55,0.52,7346,1,1.55,0.52,7346
2026-05-09 16:12:17,1,1,1,1529.9,39,33.5,844,1276,1,1.55,0.52,7346,1,1.55,0.52,7346
2026-05-09 16:12:17,1,1,1,1529.9,39,33.5,844,1276,1,1.55,0.52,7346,1,1.55,0.52,7346
2026-05-09 16:12:17,1,1,1,1573.8,56,35.6,917,1279,1,1.75,0.50,4612,1,1.75,0.50,4612
2026-05-09 16:12:17,1,1,1,1573.8,56,35.6,917,1279,1,1.75,0.50,4612,1,1.75,0.50,4612
2026-05-09 16:12:17,1,1,1,1628.6,56,37.0,981,1300,1,1.91,0.49,1341,1,1.91,0.49,1341
2026-05-09 16:12:17,1,1,1,1667.8,64,39.1,1051,1295,1,1.91,0.49,1341,1,1.91,0.49,1341
2026-05-09 16:12:18,1,1,1,1667.8,64,39.1,1051,1295,1,1.97,0.50,12546,1,1.97,0.50,12546
2026-05-09 16:12:18,1,1,1,1710.7,64,41.2,1127,1287,1,1.97,0.50,12546,1,1.97,0.50,12546
2026-05-09 16:12:18,1,1,1,1710.7,64,41.2,1127,1287,1,2.02,0.50,12546,1,2.02,0.50,12546
2026-05-09 16:12:18,1,1,1,1763.8,64,42.5,1192,1300,1,2.02,0.50,12546,1,2.02,0.50,12546
2026-05-09 16:12:18,1,1,1,1763.8,64,42.5,1192,1300,1,2.12,0.52,7154,1,2.12,0.52,7154
2026-05-09 16:12:18,1,1,1,1816.9,48,43.9,1260,1309,1,2.12,0.52,7154,1,2.12,0.52,7154
2026-05-09 16:12:18,1,1,1,1863.3,56,45.4,1327,1308,1,2.17,0.52,7154,1,2.17,0.52,7154
2026-05-09 16:12:18,1,1,1,1863.3,56,45.4,1327,1308,1,2.17,0.52,7154,1,2.17,0.52,7154
2026-05-09 16:12:18,1,1,1,1905.4,64,47.0,1393,1300,1,2.17,0.52,7154,1,2.17,0.52,7154
2026-05-09 16:12:18,1,1,1,1905.4,64,47.0,1393,1300,1,2.17,0.52,7154,1,2.17,0.52,7154
2026-05-09 16:12:18,1,1,1,1948.0,32,48.0,1448,1303,1,2.17,0.52,7154,1,2.17,0.52,7154
2026-05-09 16:12:18,1,1,1,1948.0,32,48.0,1448,1303,1,2.17,0.52,7154,1,2.17,0.52,7154
2026-05-09 16:12:18,1,1,1,1988.5,-24,48.1,1480,1328,1,2.17,0.52,7154,1,2.17,0.52,7154
2026-05-09 16:12:18,1,1,1,1988.5,-24,48.1,1480,1328,1,2.17,0.52,7154,1,2.17,0.52,7154
2026-05-09 16:12:18,1,1,1,2028.4,16,48.2,1513,1351,1,2.17,0.52,7154,1,2.17,0.52,7154
2026-05-09 16:12:18,1,1,1,2056.6,8,48.2,1533,1371,1,2.17,0.52,7154,1,2.17,0.52,7154
2026-05-09 16:12:18,1,1,1,2056.6,8,48.2,1533,1371,1,2.17,0.52,7154,1,2.17,0.52,7154
2026-05-09 16:12:18,1,1,1,2088.7,16,48.6,1567,1381,1,2.17,0.52,7154,1,2.17,0.52,7154
2026-05-09 16:12:18,1,1,1,2088.7,16,48.6,1567,1381,1,2.17,0.52,7154,1,2.17,0.52,7154
2026-05-09 16:12:18,1,1,1,2120.0,0,49.2,1605,1385,1,0.00,0.00,0,0,0.00,0.00,0
2026-05-09 16:12:19,1,1,1,2120.0,0,49.2,1605,1385,1,0.00,0.00,0,0,0.00,0.00,0
2026-05-09 16:12:19,1,1,1,2137.3,-48,49.3,1621,1393,1,0.00,0.00,0,0,0.00,0.00,0
2026-05-09 16:12:19,1,1,1,2134.0,-16,49.1,1614,1396,1,0.00,0.00,0,0,0.00,0.00,0
2026-05-09 16:12:19,1,1,1,2134.0,-16,49.1,1614,1396,1,0.00,0.00,0,0,0.00,0.00,0
2026-05-09 16:12:19,1,1,1,2130.0,-24,49.0,1607,1398,0,0.00,0.00,0,0,0.00,0.00,0
2026-05-09 16:12:19,1,1,1,2130.0,-24,49.0,1607,1398,0,0.00,0.00,0,0,0.00,0.00,0
2026-05-09 16:12:19,1,1,1,2129.1,-48,48.9,1605,1399,0,0.00,0.00,0,0,0.00,0.00,0
2026-05-09 16:12:19,1,1,1,2129.1,-48,48.9,1605,1399,0,0.00,0.00,0,0,0.00,0.00,0
2026-05-09 16:12:19,1,1,1,2125.5,-39,48.9,1601,1398,0,0.00,0.00,0,0,0.00,0.00,0
2026-05-09 16:12:19,1,1,1,2125.5,-39,48.9,1601,1398,0,0.00,0.00,0,0,0.00,0.00,0
2026-05-09 16:12:19,1,1,1,2118.9,-39,48.8,1594,1396,0,0.00,0.00,0,0,0.00,0.00,0
2026-05-09 16:12:19,1,1,1,2113.1,-24,48.7,1588,1394,0,0.00,0.00,0,0,0.00,0.00,0
2026-05-09 16:12:19,1,1,1,2113.1,-24,48.7,1588,1394,0,0.00,0.00,0,0,0.00,0.00,0
2026-05-09 16:12:19,1,1,1,2105.5,-39,48.5,1578,1394,0,0.00,0.00,0,0,0.00,0.00,0
2026-05-09 16:12:19,1,1,1,2105.5,-39,48.5,1578,1394,0,0.00,0.00,0,0,0.00,0.00,0
2026-05-09 16:12:19,1,1,1,2097.2,-24,48.3,1565,1396,0,0.00,0.00,0,0,0.00,0.00,0
2026-05-09 16:12:19,1,1,1,2097.2,-24,48.3,1565,1396,0,0.00,0.00,0,0,0.00,0.00,0
2026-05-09 16:12:19,1,1,1,2085.2,-24,48.0,1549,1396,0,0.00,0.00,0,0,0.00,0.00,0
2026-05-09 16:12:19,1,1,1,2085.2,-24,48.0,1549,1396,0,0.00,0.00,0,1,1.99,-0.17,5765
2026-05-09 16:12:19,1,1,1,2073.2,-16,47.6,1531,1398,0,0.00,0.00,0,1,1.99,-0.17,5765
2026-05-09 16:12:20,1,1,1,2044.2,-24,46.4,1481,1409,0,0.00,0.00,0,1,1.91,-0.20,2245
2026-05-09 16:12:20,1,1,1,2044.2,-24,46.4,1481,1409,0,0.00,0.00,0,1,1.91,-0.20,2245
2026-05-09 16:12:20,1,1,1,2018.8,-24,45.2,1433,1422,0,0.00,0.00,0,1,1.93,-0.20,13637
2026-05-09 16:12:20,1,1,1,2018.8,-24,45.2,1433,1422,0,0.00,0.00,0,1,1.93,-0.20,13637
2026-05-09 16:12:20,1,1,1,1997.9,-24,44.0,1388,1437,1,1.93,-0.20,19925,1,1.93,-0.20,19925
2026-05-09 16:12:20,1,1,1,1997.9,-24,44.0,1388,1437,1,1.93,0.00,0,1,1.93,0.00,0
2026-05-09 16:12:20,1,1,1,1972.7,-16,42.9,1343,1445,1,1.93,-0.20,30465,1,1.93,-0.20,30465
2026-05-09 16:12:20,1,1,1,1950.3,-32,41.9,1302,1452,1,1.93,-0.20,30465,1,1.93,-0.20,30465
2026-05-09 16:12:20,1,1,1,1950.3,-32,41.9,1302,1452,1,1.89,-0.21,28549,1,1.89,-0.21,28549
2026-05-09 16:12:20,1,1,1,1925.6,-32,40.8,1259,1457,1,1.89,-0.21,28549,1,1.89,-0.21,28549
2026-05-09 16:12:20,1,1,1,1925.6,-32,40.8,1259,1457,1,1.87,-0.21,28549,1,1.87,-0.21,28549
2026-05-09 16:12:20,1,1,1,1898.8,-48,40.0,1220,1455,1,1.87,-0.21,28549,1,1.87,-0.21,28549
2026-05-09 16:12:20,1,1,1,1898.8,-48,40.0,1220,1455,1,1.87,-0.21,28549,1,1.87,-0.21,28549
2026-05-09 16:12:20,1,1,1,1868.1,-56,39.1,1179,1449,1,1.87,-0.21,28549,1,1.87,-0.21,28549
2026-05-09 16:12:20,1,1,1,1868.1,-56,39.1,1179,1449,1,1.87,-0.21,28549,1,1.87,-0.21,28549
2026-05-09 16:12:20,1,1,1,1839.7,-32,37.9,1131,1451,1,1.87,-0.21,28549,1,1.87,-0.21,28549
2026-05-09 16:12:20,1,1,1,1771.8,-39,35.2,1021,1448,1,1.78,-0.23,16749,1,1.78,-0.23,16749
2026-05-09 16:12:20,1,1,1,1771.8,-39,35.2,1021,1448,1,1.78,-0.23,16749,1,1.78,-0.23,16749
2026-05-09 16:12:20,1,1,1,1703.5,-24,31.9,899,1447,1,1.64,-0.22,29250,1,1.64,-0.22,29250
2026-05-09 16:12:20,1,1,1,1703.5,-24,31.9,899,1447,1,1.64,-0.22,29250,1,1.64,-0.22,29250
2026-05-09 16:12:21,1,1,1,1656.2,-16,28.2,782,1460,1,1.62,-0.22,29250,1,1.62,-0.22,29250
2026-05-09 16:12:21,1,1,1,1656.2,-16,28.2,782,1460,1,1.62,-0.22,29250,1,1.62,-0.22,29250
2026-05-09 16:12:21,1,1,1,1643.7,0,24.5,681,1496,1,1.62,-0.22,29250,1,1.62,-0.22,29250
2026-05-09 16:12:21,1,1,1,1635.4,8,21.1,588,1526,1,1.62,-0.22,29250,1,1.62,-0.22,29250
2026-05-09 16:12:21,1,1,1,1635.4,8,21.1,588,1526,1,1.62,-0.22,29250,1,1.62,-0.22,29250
2026-05-09 16:12:21,1,1,1,1636.0,8,17.8,499,1558,1,1.62,-0.22,29250,1,1.62,-0.22,29250
2026-05-09 16:12:21,1,1,1,1636.0,8,17.8,499,1558,1,1.62,-0.22,29250,1,1.62,-0.22,29250
2026-05-09 16:12:21,1,1,1,1619.0,8,15.3,426,1562,1,1.62,-0.22,29250,1,1.62,-0.22,29250
2026-05-09 16:12:21,1,1,1,1619.0,8,15.3,426,1562,1,1.80,0.05,17533,1,1.80,0.05,17533
2026-05-09 16:12:21,1,1,1,1601.5,8,13.1,362,1560,1,1.80,0.05,17533,1,1.80,0.05,17533
2026-05-09 16:12:21,1,1,1,1601.5,8,13.1,362,1560,1,1.78,0.03,19609,1,1.78,0.03,19609
2026-05-09 16:12:21,1,1,1,1570.2,0,10.7,291,1543,1,1.78,0.03,19609,1,1.78,0.03,19609
2026-05-09 16:12:21,1,1,1,1539.8,0,8.0,213,1525,1,2.27,0.07,6560,1,2.27,0.07,6560
2026-05-09 16:12:21,1,1,1,1539.8,0,8.0,213,1525,1,2.27,0.07,6560,1,2.27,0.07,6560
2026-05-09 16:12:21,1,1,1,1526.2,16,5.2,137,1520,1,2.08,0.03,14836,1,2.08,0.03,14836
2026-05-09 16:12:21,1,1,1,1526.2,16,5.2,137,1520,1,2.08,0.03,14836,1,2.08,0.03,14836
2026-05-09 16:12:21,1,1,1,1518.2,16,2.3,61,1517,1,1.98,0.05,6977,1,1.98,0.05,6977
2026-05-09 16:12:21,1,1,1,1518.2,16,2.3,61,1517,1,1.98,0.05,6977,1,1.98,0.05,6977
2026-05-09 16:12:21,1,1,1,1523.0,16,-0.4,-10,1523,1,1.99,0.05,6977,1,1.99,0.05,6977
2026-05-09 16:12:21,1,1,1,1529.2,16,-3.1,-82,1527,1,1.99,0.05,6977,1,1.99,0.05,6977
2026-05-09 16:12:22,1,1,1,1529.2,16,-3.1,-82,1527,1,2.23,0.16,6228,1,2.23,0.16,6228
2026-05-09 16:12:22,1,1,1,1545.6,8,-5.7,-153,1538,1,2.23,0.16,6228,1,2.23,0.16,6228
2026-05-09 16:12:22,1,1,1,1545.6,8,-5.7,-153,1538,1,2.17,0.15,43877,1,2.17,0.15,43877
2026-05-09 16:12:22,1,1,1,1570.2,16,-8.2,-225,1554,1,2.17,0.15,43877,1,2.17,0.15,43877
2026-05-09 16:12:22,1,1,1,1570.2,16,-8.2,-225,1554,1,2.13,0.14,13556,1,2.13,0.14,13556
2026-05-09 16:12:22,1,1,1,1587.2,24,-10.8,-298,1559,1,2.13,0.14,13556,1,2.13,0.14,13556
2026-05-09 16:12:22,1,1,1,1587.2,24,-10.8,-298,1559,1,2.10,0.14,12985,1,2.10,0.14,12985
2026-05-09 16:12:22,1,1,1,1606.4,24,-13.4,-371,1563,1,2.10,0.14,12985,1,2.10,0.14,12985
2026-05-09 16:12:22,1,1,1,1624.3,32,-15.8,-442,1563,1,2.26,0.21,1429,1,2.26,0.21,1429
2026-05-09 16:12:22,1,1,1,1624.3,32,-15.8,-442,1563,1,2.26,0.21,1429,1,2.26,0.21,1429
2026-05-09 16:12:22,1,1,1,1649.9,39,-17.8,-504,1571,1,2.28,0.21,1429,1,2.28,0.21,1429
2026-05-09 16:12:22,1,1,1,1649.9,39,-17.8,-504,1571,1,2.28,0.21,1429,1,2.28,0.21,1429
2026-05-09 16:12:22,1,1,1,1669.8,39,-20.1,-574,1568,1,2.24,0.19,7650,1,2.24,0.19,7650
2026-05-09 16:12:22,1,1,1,1669.8,39,-20.1,-574,1568,1,2.24,0.19,7650,1,2.24,0.19,7650
2026-05-09 16:12:22,1,1,1,1693.6,48,-22.2,-640,1568,1,2.26,0.19,7650,1,2.26,0.19,7650
2026-05-09 16:12:22,1,1,1,1718.3,48,-24.2,-705,1567,1,2.26,0.19,7650,1,2.26,0.19,7650
2026-05-09 16:12:22,1,1,1,1718.3,48,-24.2,-705,1567,1,2.42,0.24,1274,1,2.42,0.24,1274
2026-05-09 16:12:22,1,1,1,1734.3,24,-26.7,-778,1550,1,2.42,0.24,1274,1,2.42,0.24,1274
2026-05-09 16:12:22,1,1,1,1734.3,24,-26.7,-778,1550,1,2.39,0.22,11348,1,2.39,0.22,11348
2026-05-09 16:12:22,1,1,1,1752.4,32,-29.0,-849,1533,1,2.39,0.22,11348,1,2.39,0.22,11348
2026-05-09 16:12:23,1,1,1,1752.4,32,-29.0,-849,1533,1,2.38,0.23,11441,1,2.38,0.23,11441
2026-05-09 16:12:23,1,1,1,1768.2,39,-31.2,-915,1513,1,2.38,0.23,11441,1,2.38,0.23,11441
2026-05-09 16:12:23,1,1,1,1768.2,39,-31.2,-915,1513,1,2.41,0.23,11441,1,2.41,0.23,11441
2026-05-09 16:12:23,1,1,1,1790.1,39,-33.2,-980,1498,1,2.41,0.23,11441,1,2.41,0.23,11441
2026-05-09 16:12:23,1,1,1,1815.9,48,-35.2,-1048,1483,1,2.39,0.24,11434,1,2.39,0.24,11434
2026-05-09 16:12:23,1,1,1,1815.9,48,-35.2,-1048,1483,1,2.39,0.24,11434,1,2.39,0.24,11434
2026-05-09 16:12:23,1,1,1,1853.2,24,-36.8,-1110,1484,1,2.42,0.24,11434,1,2.42,0.24,11434
2026-05-09 16:12:23,1,1,1,1853.2,24,-36.8,-1110,1484,1,2.42,0.24,11434,1,2.42,0.24,11434
2026-05-09 16:12:23,1,1,1,1890.0,56,-38.6,-1178,1478,1,2.42,0.24,11434,1,2.42,0.24,11434
2026-05-09 16:12:23,1,1,1,1890.0,56,-38.6,-1178,1478,1,2.42,0.24,11434,1,2.42,0.24,11434
2026-05-09 16:12:23,1,1,1,1933.9,39,-39.9,-1240,1484,1,2.42,0.24,11434,1,2.42,0.24,11434
2026-05-09 16:12:23,1,1,1,1977.9,48,-41.2,-1303,1488,1,2.42,0.24,11434,1,2.42,0.24,11434
2026-05-09 16:12:23,1,1,1,1977.9,48,-41.2,-1303,1488,1,2.42,0.24,11434,1,2.42,0.24,11434
2026-05-09 16:12:23,1,1,1,2035.1,56,-42.4,-1371,1504,1,2.42,0.24,11434,1,2.42,0.24,11434
2026-05-09 16:12:23,1,1,1,2035.1,56,-42.4,-1371,1504,1,2.42,0.24,11434,1,2.42,0.24,11434
2026-05-09 16:12:23,1,1,1,2099.1,64,-43.2,-1436,1531,1,2.42,0.24,11434,1,2.42,0.24,11434
2026-05-09 16:12:23,1,1,1,2099.1,64,-43.2,-1436,1531,1,2.51,0.72,9250,1,2.51,0.72,9250
2026-05-09 16:12:23,1,1,1,2168.1,56,-43.4,-1490,1575,1,2.51,0.72,9250,1,2.51,0.72,9250
2026-05-09 16:12:23,1,1,1,2168.1,56,-43.4,-1490,1575,1,2.58,0.72,9250,1,2.58,0.72,9250
2026-05-09 16:12:23,1,1,1,2234.1,56,-44.0,-1551,1608,1,2.58,0.72,9250,1,2.58,0.72,9250
2026-05-09 16:12:24,1,1,1,2281.9,56,-44.5,-1600,1627,1,2.58,0.72,9250,1,2.58,0.72,9250
2026-05-09 16:12:24,1,1,1,2281.9,56,-44.5,-1600,1627,1,2.58,0.72,9250,1,2.58,0.72,9250
2026-05-09 16:12:24,1,1,1,2322.9,56,-45.3,-1651,1634,1,2.58,0.72,9250,1,2.58,0.72,9250
2026-05-09 16:12:24,1,1,1,2322.9,56,-45.3,-1651,1634,1,2.58,0.72,9250,1,2.58,0.72,9250
2026-05-09 16:12:24,1,1,1,2359.2,48,-45.9,-1695,1641,1,2.58,0.72,9250,1,2.58,0.72,9250
2026-05-09 16:12:24,1,1,1,2359.2,48,-45.9,-1695,1641,1,2.58,0.72,9250,1,2.58,0.72,9250
2026-05-09 16:12:24,1,1,1,2395.6,48,-46.3,-1732,1655,1,2.58,0.72,9250,1,2.58,0.72,9250
2026-05-09 16:12:24,1,1,1,2395.6,48,-46.3,-1732,1655,1,2.58,0.72,9250,1,2.58,0.72,9250
2026-05-09 16:12:24,1,1,1,2437.4,0,-46.4,-1765,1681,1,2.58,0.72,9250,1,2.58,0.72,9250
2026-05-09 16:12:24,1,1,1,2496.2,56,-46.4,-1809,1720,1,2.58,0.72,9250,1,2.58,0.72,9250
2026-05-09 16:12:24,1,1,1,2496.2,56,-46.4,-1809,1720,1,2.58,0.72,9250,1,2.58,0.72,9250
2026-05-09 16:12:24,1,1,1,2546.3,39,-46.3,-1842,1758,1,0.00,0.00,0,0,0.00,0.00,0
2026-05-09 16:12:24,1,1,1,2546.3,39,-46.3,-1842,1758,1,0.00,0.00,0,0,0.00,0.00,0
2026-05-09 16:12:24,1,1,1,2570.2,0,-46.2,-1855,1779,1,0.00,0.00,0,0,0.00,0.00,0
2026-05-09 16:12:24,1,1,1,2570.2,0,-46.2,-1855,1779,1,0.00,0.00,0,0,0.00,0.00,0
2026-05-09 16:12:24,1,1,1,2596.2,-16,-46.1,-1870,1801,1,0.00,0.00,0,0,0.00,0.00,0
2026-05-09 16:12:24,1,1,1,2628.9,24,-46.2,-1899,1818,0,0.00,0.00,0,0,0.00,0.00,0
2026-05-09 16:12:24,1,1,1,2628.9,24,-46.2,-1899,1818,0,0.00,0.00,0,0,0.00,0.00,0
2026-05-09 16:12:24,1,1,1,2670.7,8,-46.2,-1929,1847,0,0.00,0.00,0,0,0.00,0.00,0
2026-05-09 16:12:24,1,1,1,2670.7,8,-46.2,-1929,1847,0,0.00,0.00,0,0,0.00,0.00,0
2026-05-09 16:12:25,1,1,1,2713.4,0,-45.7,-1942,1895,0,0.00,0.00,0,0,0.00,0.00,0
2026-05-09 16:12:25,1,1,1,2713.4,0,-45.7,-1942,1895,0,0.00,0.00,0,0,0.00,0.00,0
2026-05-09 16:12:25,1,1,1,2747.2,-24,-45.5,-1960,1925,0,0.00,0.00,0,1,3.00,0.00,981
2026-05-09 16:12:25,1,1,1,2747.2,-24,-45.5,-1960,1925,0,0.00,0.00,0,1,3.00,0.00,981
2026-05-09 16:12:25,1,1,1,2770.3,-8,-46.2,-1998,1919,0,0.00,0.00,0,1,3.00,0.00,981
2026-05-09 16:12:25,1,1,1,2775.1,-24,-46.6,-2016,1907,0,0.00,0.00,0,1,3.00,0.00,981
2026-05-09 16:12:25,1,1,1,2775.1,-24,-46.6,-2016,1907,0,0.00,0.00,0,1,3.00,0.00,981
2026-05-09 16:12:25,1,1,1,2760.0,-16,-47.0,-2017,1884,0,0.00,0.00,0,1,3.00,0.00,981
2026-05-09 16:12:25,1,1,1,2760.0,-16,-47.0,-2017,1884,0,0.00,0.00,0,1,3.00,0.00,981
2026-05-09 16:12:25,1,1,1,2741.4,-8,-47.2,-2013,1861,0,0.00,0.00,0,1,3.00,0.00,981
2026-05-09 16:12:25,1,1,1,2741.4,-8,-47.2,-2013,1861,0,0.00,0.00,0,1,3.00,0.00,981
2026-05-09 16:12:25,1,1,1,2725.2,-8,-46.3,-1971,1882,0,0.00,0.00,0,1,3.00,0.00,981
2026-05-09 16:12:25,1,1,1,2722.7,-16,-46.0,-1957,1893,0,0.00,0.00,0,1,3.00,0.00,981
2026-05-09 16:12:25,1,1,1,2722.7,-16,-46.0,-1957,1893,0,0.00,0.00,0,1,3.00,0.00,981
2026-05-09 16:12:25,1,1,1,2720.3,-16,-45.5,-1940,1907,0,0.00,0.00,0,1,3.00,0.00,981
2026-05-09 16:12:25,1,1,1,2720.3,-16,-45.5,-1940,1907,0,0.00,0.00,0,1,3.00,0.00,981
2026-05-09 16:12:25,1,1,1,2717.4,0,-45.1,-1926,1917,0,0.00,0.00,0,1,3.00,0.00,981
2026-05-09 16:12:25,1,1,1,2717.4,0,-45.1,-1926,1917,0,0.00,0.00,0,0,0.00,0.00,0
2026-05-09 16:12:25,1,1,1,2718.1,-16,-44.9,-1919,1925,0,0.00,0.00,0,0,0.00,0.00,0
2026-05-09 16:12:25,1,1,1,2718.1,-16,-44.9,-1919,1925,0,0.00,0.00,0,0,0.00,0.00,0
2026-05-09 16:12:26,1,1,1,2721.7,0,-44.7,-1914,1935,0,0.00,0.00,0,0,0.00,0.00,0
2026-05-09 16:12:26,1,1,1,2723.9,-16,-44.4,-1907,1945,0,0.00,0.00,0,0,0.00,0.00,0
2026-05-09 16:12:26,1,1,1,2723.9,-16,-44.4,-1907,1945,0,0.00,0.00,0,1,3.05,-0.23,2450
2026-05-09 16:12:26,1,1,1,2730.5,0,-44.1,-1900,1961,0,0.00,0.00,0,1,3.05,-0.23,2450
2026-05-09 16:12:26,1,1,1,2730.5,0,-44.1,-1900,1961,0,0.00,0.00,0,1,2.91,-0.24,6260
2026-05-09 16:12:26,1,1,1,2740.8,0,-43.7,-1893,1982,0,0.00,0.00,0,1,2.91,-0.24,6260
2026-05-09 16:12:26,1,1,1,2740.8,0,-43.7,-1893,1982,1,2.83,-0.32,6921,1,2.83,-0.32,6921
2026-05-09 16:12:26,1,1,1,2749.8,-48,-43.3,-1885,2002,1,2.83,-0.32,6921,1,2.83,-0.32,6921
2026-05-09 16:12:26,1,1,1,2746.2,-56,-42.9,-1868,2013,1,2.80,-0.32,6921,1,2.80,-0.32,6921
2026-05-09 16:12:26,1,1,1,2746.2,-56,-42.9,-1868,2013,1,2.80,-0.32,6921,1,2.80,-0.32,6921
2026-05-09 16:12:26,1,1,1,2737.7,-79,-42.5,-1850,2018,1,2.73,-0.48,1973,1,2.73,-0.48,1973
2026-05-09 16:12:26,1,1,1,2737.7,-79,-42.5,-1850,2018,1,2.73,-0.48,1973,1,2.73,-0.48,1973
2026-05-09 16:12:26,1,1,1,2725.1,-39,-42.1,-1827,2022,1,2.68,-0.48,1973,1,2.68,-0.48,1973
2026-05-09 16:12:26,1,1,1,2725.1,-39,-42.1,-1827,2022,1,2.68,-0.48,1973,1,2.68,-0.48,1973
2026-05-09 16:12:26,1,1,1,2680.0,-39,-40.8,-1752,2028,1,2.68,-0.48,1973,1,2.68,-0.48,1973
2026-05-09 16:12:26,1,1,1,2680.0,-39,-40.8,-1752,2028,0,0.00,0.00,0,1,2.68,-0.48,1973
2026-05-09 16:12:26,1,1,1,2665.1,-39,-40.4,-1728,2029,0,0.00,0.00,0,1,2.68,-0.48,1973
2026-05-09 16:12:26,1,1,1,2653.1,-32,-39.9,-1701,2036,0,0.00,0.00,0,1,2.68,-0.48,1973
2026-05-09 16:12:26,1,1,1,2653.1,-32,-39.9,-1701,2036,0,0.00,0.00,0,1,2.68,-0.48,1973
2026-05-09 16:12:26,1,1,1,2629.6,0,-38.3,-1628,2065,0,0.00,0.00,0,1,2.68,-0.48,1973
2026-05-09 16:12:27,1,1,1,2629.6,0,-38.3,-1628,2065,0,0.00,0.00,0,1,2.68,-0.48,1973
2026-05-09 16:12:27,1,1,1,2665.8,0,-36.5,-1587,2142,0,0.00,0.00,0,1,2.68,-0.48,1973
2026-05-09 16:12:27,1,1,1,2665.8,0,-36.5,-1587,2142,0,0.00,0.00,0,1,2.49,-0.23,6865
2026-05-09 16:12:27,1,1,1,2750.5,8,-33.6,-1522,2291,0,0.00,0.00,0,1,2.49,-0.23,6865
2026-05-09 16:12:27,1,1,1,2689.1,-24,-31.1,-1390,2302,1,2.38,-0.24,4205,1,2.38,-0.24,4205
2026-05-09 16:12:27,1,1,1,2689.1,-24,-31.1,-1390,2302,1,2.38,-0.24,4205,1,2.38,-0.24,4205
2026-05-09 16:12:27,1,1,1,2646.9,-16,-29.8,-1317,2296,1,2.40,-0.23,13033,1,2.40,-0.23,13033
2026-05-09 16:12:27,1,1,1,2646.9,-16,-29.8,-1317,2296,1,2.40,-0.23,13033,1,2.40,-0.23,13033
2026-05-09 16:12:27,1,1,1,2556.5,-24,-27.3,-1172,2272,1,2.38,-0.23,13033,1,2.38,-0.23,13033
2026-05-09 16:12:27,1,1,1,2556.5,-24,-27.3,-1172,2272,1,2.38,-0.23,13033,1,2.38,-0.23,13033
2026-05-09 16:12:27,1,1,1,2490.8,-8,-25.2,-1060,2254,1,2.38,-0.23,13033,1,2.38,-0.23,13033
2026-05-09 16:12:27,1,1,1,2490.8,-8,-25.2,-1060,2254,1,2.38,-0.23,13033,1,2.38,-0.23,13033
2026-05-09 16:12:27,1,1,1,2429.9,-24,-22.9,-944,2239,1,2.38,-0.23,13033,1,2.38,-0.23,13033
2026-05-09 16:12:27,1,1,1,2385.5,0,-20.5,-834,2235,1,2.38,-0.23,13033,1,2.38,-0.23,13033
2026-05-09 16:12:27,1,1,1,2385.5,0,-20.5,-834,2235,1,2.38,-0.23,13033,1,2.38,-0.23,13033
2026-05-09 16:12:27,1,1,1,2457.0,0,-16.9,-714,2351,1,2.38,-0.23,13033,1,2.38,-0.23,13033
2026-05-09 16:12:27,1,1,1,2457.0,0,-16.9,-714,2351,1,2.38,-0.23,13033,1,2.38,-0.23,13033
2026-05-09 16:12:27,1,1,1,2546.9,0,-13.3,-584,2479,1,2.38,-0.23,13033,1,2.38,-0.23,13033
2026-05-09 16:12:27,1,1,1,2546.9,0,-13.3,-584,2479,1,2.38,-0.23,13033,1,2.38,-0.23,13033
2026-05-09 16:12:27,1,1,1,2638.7,0,-10.4,-478,2595,1,2.38,-0.23,13033,1,2.38,-0.23,13033
2026-05-09 16:12:28,1,1,1,2705.4,8,-8.0,-377,2679,1,2.38,-0.23,13033,1,2.38,-0.23,13033
2026-05-09 16:12:28,1,1,1,2705.4,8,-8.0,-377,2679,1,0.00,0.00,0,0,0.00,0.00,0
2026-05-09 16:12:28,1,1,1,2793.8,0,-6.5,-315,2776,1,0.00,0.00,0,0,0.00,0.00,0
2026-05-09 16:12:28,1,1,1,2793.8,0,-6.5,-315,2776,1,0.00,0.00,0,0,0.00,0.00,0
2026-05-09 16:12:28,1,1,1,2853.3,0,-5.3,-265,2841,1,0.00,0.00,0,0,0.00,0.00,0
2026-05-09 16:12:28,1,1,1,2853.3,0,-5.3,-265,2841,1,0.00,0.00,0,0,0.00,0.00,0
2026-05-09 16:12:28,1,1,1,2895.2,32,-4.3,-218,2887,1,2.28,0.27,19546,1,2.28,0.27,19546
2026-05-09 16:12:28,1,1,1,2895.2,32,-4.3,-218,2887,1,2.28,0.27,19546,1,2.28,0.27,19546
2026-05-09 16:12:28,1,1,1,2788.2,32,-2.3,-110,2786,1,2.31,0.27,19546,1,2.31,0.27,19546
2026-05-09 16:12:28,1,1,1,2673.0,32,0.1,6,2673,1,2.31,0.27,19546,1,2.31,0.27,19546
2026-05-09 16:12:28,1,1,1,2673.0,32,0.1,6,2673,1,2.31,0.27,19546,1,2.31,0.27,19546
2026-05-09 16:12:28,1,1,1,2568.0,8,2.8,125,2565,1,2.31,0.27,19546,1,2.31,0.27,19546
2026-05-09 16:12:28,1,1,1,2568.0,8,2.8,125,2565,1,2.31,0.27,19546,1,2.31,0.27,19546
2026-05-09 16:12:28,1,1,1,2539.6,16,5.2,232,2529,1,2.31,0.27,19546,1,2.31,0.27,19546
2026-05-09 16:12:28,1,1,1,2539.6,16,5.2,232,2529,1,2.31,0.27,19546,1,2.31,0.27,19546
2026-05-09 16:12:28,1,1,1,2614.4,16,7.0,318,2595,1,2.31,0.27,19546,1,2.31,0.27,19546
2026-05-09 16:12:28,1,1,1,2614.4,16,7.0,318,2595,1,2.31,0.27,19546,1,2.31,0.27,19546
2026-05-09 16:12:28,1,1,1,2692.2,8,8.6,402,2662,1,2.31,0.27,19546,1,2.31,0.27,19546
2026-05-09 16:12:28,1,1,1,2713.8,32,10.8,507,2666,1,2.31,0.27,19546,1,2.31,0.27,19546
2026-05-09 16:12:28,1,1,1,2713.8,32,10.8,507,2666,1,2.31,0.27,19546,1,2.31,0.27,19546
2026-05-09 16:12:29,1,1,1,2677.3,24,13.0,601,2609,1,2.31,0.27,19546,1,2.31,0.27,19546
2026-05-09 16:12:29,1,1,1,2677.3,24,13.0,601,2609,1,0.00,0.00,0,0,0.00,0.00,0
2026-05-09 16:12:29,1,1,1,2614.4,24,15.8,714,2515,1,2.51,0.26,10301,1,2.51,0.26,10301
2026-05-09 16:12:29,1,1,1,2614.4,24,15.8,714,2515,1,2.51,0.26,10301,1,2.51,0.26,10301
2026-05-09 16:12:29,1,1,1,2558.0,32,18.6,817,2424,1,2.53,0.26,10301,1,2.53,0.26,10301
2026-05-09 16:12:29,1,1,1,2515.6,32,21.2,908,2346,1,2.53,0.26,10301,1,2.53,0.26,10301
2026-05-09 16:12:29,1,1,1,2515.6,32,21.2,908,2346,1,2.53,0.26,10301,1,2.53,0.26,10301
2026-05-09 16:12:29,1,1,1,2473.0,32,23.3,979,2271,1,2.53,0.26,10301,1,2.53,0.26,10301
2026-05-09 16:12:29,1,1,1,2473.0,32,23.3,979,2271,1,2.53,0.26,10301,1,2.53,0.26,10301
2026-05-09 16:12:29,1,1,1,2450.8,39,25.4,1051,2214,1,2.53,0.26,10301,1,2.53,0.26,10301
2026-05-09 16:12:29,1,1,1,2450.8,39,25.4,1051,2214,1,2.53,0.26,10301,1,2.53,0.26,10301
2026-05-09 16:12:29,1,1,1,2435.3,39,27.4,1119,2163,1,2.53,0.26,10301,1,2.53,0.26,10301
2026-05-09 16:12:29,1,1,1,2435.3,39,27.4,1119,2163,1,2.53,0.26,10301,1,2.53,0.26,10301
2026-05-09 16:12:29,1,1,1,2453.3,39,28.4,1167,2158,1,2.53,0.26,10301,1,2.53,0.26,10301
2026-05-09 16:12:29,1,1,1,2458.2,16,29.2,1199,2146,1,2.53,0.26,10301,1,2.53,0.26,10301
2026-05-09 16:12:29,1,1,1,2458.2,16,29.2,1199,2146,1,2.53,0.26,10301,1,2.53,0.26,10301
2026-05-09 16:12:29,1,1,1,2464.3,16,29.7,1222,2140,1,2.53,0.26,10301,1,2.53,0.26,10301
2026-05-09 16:12:29,1,1,1,2464.3,16,29.7,1222,2140,1,0.00,0.00,0,0,0.00,0.00,0
2026-05-09 16:12:29,1,1,1,2469.1,8,30.5,1254,2127,1,0.00,0.00,0,0,0.00,0.00,0
2026-05-09 16:12:29,1,1,1,2469.1,8,30.5,1254,2127,1,0.00,0.00,0,0,0.00,0.00,0
2026-05-09 16:12:30,1,1,1,2474.8,8,31.3,1285,2115,1,0.00,0.00,0,0,0.00,0.00,0
2026-05-09 16:12:30,1,1,1,2485.7,-8,31.6,1301,2118,1,0.00,0.00,0,0,0.00,0.00,0
2026-05-09 16:12:30,1,1,1,2485.7,-8,31.6,1301,2118,0,0.00,0.00,0,0,0.00,0.00,0
2026-05-09 16:12:30,1,1,1,2491.9,-8,31.7,1308,2121,0,0.00,0.00,0,0,0.00,0.00,0
2026-05-09 16:12:30,1,1,1,2491.9,-8,31.7,1308,2121,0,0.00,0.00,0,0,0.00,0.00,0
2026-05-09 16:12:30,1,1,1,2496.3,-8,32.1,1326,2115,0,0.00,0.00,0,0,0.00,0.00,0
2026-05-09 16:12:30,1,1,1,2496.3,-8,32.1,1326,2115,0,0.00,0.00,0,0,0.00,0.00,0
2026-05-09 16:12:30,1,1,1,2497.2,-8,32.5,1342,2106,0,0.00,0.00,0,0,0.00,0.00,0
2026-05-09 16:12:30,1,1,1,2497.2,-8,32.5,1342,2106,0,0.00,0.00,0,0,0.00,0.00,0
2026-05-09 16:12:30,1,1,1,2507.0,-16,33.9,1398,2081,0,0.00,0.00,0,0,0.00,0.00,0
2026-05-09 16:12:30,1,1,1,2498.5,-24,35.7,1458,2029,0,0.00,0.00,0,0,0.00,0.00,0
2026-05-09 16:12:30,1,1,1,2498.5,-24,35.7,1458,2029,0,0.00,0.00,0,0,0.00,0.00,0
2026-05-09 16:12:30,1,1,1,2490.5,-32,38.0,1534,1962,0,0.00,0.00,0,0,0.00,0.00,0
2026-05-09 16:12:30,1,1,1,2490.5,-32,38.0,1534,1962,0,0.00,0.00,0,0,0.00,0.00,0
2026-05-09 16:12:30,1,1,1,2485.6,-48,40.0,1599,1903,0,0.00,0.00,0,0,0.00,0.00,0
2026-05-09 16:12:30,1,1,1,2485.6,-48,40.0,1599,1903,0,0.00,0.00,0,0,0.00,0.00,0
2026-05-09 16:12:30,1,1,1,2489.6,-24,41.2,1639,1874,0,0.00,0.00,0,0,0.00,0.00,0
2026-05-09 16:12:30,1,1,1,2491.8,-32,42.3,1676,1844,0,0.00,0.00,0,0,0.00,0.00,0
2026-05-09 16:12:30,1,1,1,2491.8,-32,42.3,1676,1844,0,0.00,0.00,0,0,0.00,0.00,0
2026-05-09 16:12:30,1,1,1,2485.1,-32,43.3,1705,1808,0,0.00,0.00,0,0,0.00,0.00,0
2026-05-09 16:12:31,1,1,1,2485.1,-32,43.3,1705,1808,0,0.00,0.00,0,0,0.00,0.00,0
2026-05-09 16:12:31,1,1,1,2470.1,-24,44.2,1723,1770,0,0.00,0.00,0,0,0.00,0.00,0
2026-05-09 16:12:31,1,1,1,2470.1,-24,44.2,1723,1770,0,0.00,0.00,0,0,0.00,0.00,0
2026-05-09 16:12:31,1,1,1,2453.1,-8,45.6,1752,1717,0,0.00,0.00,0,0,0.00,0.00,0
2026-05-09 16:12:31,1,1,1,2453.1,-8,45.6,1752,1717,0,0.00,0.00,0,0,0.00,0.00,0
2026-05-09 16:12:31,1,1,1,2448.0,-16,46.4,1773,1688,0,0.00,0.00,0,0,0.00,0.00,0
2026-05-09 16:12:31,1,1,1,2440.6,0,46.7,1776,1674,0,0.00,0.00,0,0,0.00,0.00,0
2026-05-09 16:12:31,1,1,1,2440.6,0,46.7,1776,1674,0,0.00,0.00,0,0,0.00,0.00,0
2026-05-09 16:12:31,1,1,1,2439.5,32,46.3,1765,1684,0,0.00,0.00,0,0,0.00,0.00,0
2026-05-09 16:12:31,1,1,1,2439.5,32,46.3,1765,1684,0,0.00,0.00,0,0,0.00,0.00,0
2026-05-09 16:12:31,1,1,1,2438.3,16,45.8,1748,1700,0,0.00,0.00,0,0,0.00,0.00,0
2026-05-09 16:12:31,1,1,1,2438.3,16,45.8,1748,1700,0,0.00,0.00,0,0,0.00,0.00,0
2026-05-09 16:12:31,1,1,1,2435.4,8,45.5,1738,1706,0,0.00,0.00,0,0,0.00,0.00,0
2026-05-09 16:12:31,1,1,1,2430.3,8,45.2,1723,1714,0,0.00,0.00,0,0,0.00,0.00,0
2026-05-09 16:12:31,1,1,1,2430.3,8,45.2,1723,1714,0,0.00,0.00,0,1,2.50,0.23,2900
2026-05-09 16:12:31,1,1,1,2424.0,8,44.7,1704,1724,0,0.00,0.00,0,1,2.50,0.23,2900
2026-05-09 16:12:31,1,1,1,2424.0,8,44.7,1704,1724,0,0.00,0.00,0,1,2.52,0.23,2900
2026-05-09 16:12:31,1,1,1,2398.5,-8,43.0,1637,1753,0,0.00,0.00,0,1,2.52,0.23,2900
2026-05-09 16:12:31,1,1,1,2398.5,-8,43.0,1637,1753,0,0.00,0.00,0,1,2.99,0.04,1105
2026-05-09 16:12:31,1,1,1,2350.5,-16,40.3,1521,1792,0,0.00,0.00,0,1,2.99,0.04,1105
2026-05-09 16:12:32,1,1,1,2350.5,-16,40.3,1521,1792,0,0.00,0.00,0,1,3.15,-0.02,3650
2026-05-09 16:12:32,1,1,1,2318.2,-16,38.2,1432,1823,0,0.00,0.00,0,1,3.15,-0.02,3650
2026-05-09 16:12:32,1,1,1,2320.2,8,36.6,1383,1863,1,3.15,-0.02,3650,1,3.15,-0.02,3650
2026-05-09 16:12:32,1,1,1,2320.2,8,36.6,1383,1863,1,3.15,-0.02,3650,1,3.15,-0.02,3650
2026-05-09 16:12:32,1,1,1,2331.9,8,36.0,1370,1887,1,2.99,0.00,3466,1,2.99,0.00,3466
2026-05-09 16:12:32,1,1,1,2331.9,8,36.0,1370,1887,1,2.99,0.00,3466,1,2.99,0.00,3466
2026-05-09 16:12:32,1,1,1,2348.1,24,35.5,1363,1912,1,2.99,0.00,3466,1,2.99,0.00,3466
2026-05-09 16:12:32,1,1,1,2348.1,24,35.5,1363,1912,1,2.99,0.00,3466,1,2.99,0.00,3466
2026-05-09 16:12:32,1,1,1,2365.0,32,34.9,1354,1939,1,2.99,0.00,3466,1,2.99,0.00,3466
2026-05-09 16:12:32,1,1,1,2387.0,-8,34.3,1345,1972,1,2.99,0.00,3466,1,2.99,0.00,3466
2026-05-09 16:12:32,1,1,1,2387.0,-8,34.3,1345,1972,1,2.99,0.00,3466,1,2.99,0.00,3466
2026-05-09 16:12:32,1,1,1,2400.2,48,33.4,1321,2004,1,2.99,0.00,3466,1,2.99,0.00,3466
2026-05-09 16:12:32,1,1,1,2400.2,48,33.4,1321,2004,1,2.99,0.00,3466,1,2.99,0.00,3466
2026-05-09 16:12:32,1,1,1,2416.2,64,31.6,1266,2058,1,2.99,0.00,3466,1,2.99,0.00,3466
2026-05-09 16:12:32,1,1,1,2416.2,64,31.6,1266,2058,1,2.99,0.00,3466,1,2.99,0.00,3466
2026-05-09 16:12:32,1,1,1,2451.1,88,30.0,1225,2123,1,2.99,0.00,3466,1,2.99,0.00,3466
2026-05-09 16:12:32,1,1,1,2451.1,88,30.0,1225,2123,1,2.99,0.00,3466,1,2.99,0.00,3466
2026-05-09 16:12:32,1,1,1,2475.5,24,28.3,1173,2180,1,2.99,0.00,3466,1,2.99,0.00,3466
2026-05-09 16:12:32,1,1,1,2496.8,8,26.8,1127,2228,1,2.99,0.00,3466,1,2.99,0.00,3466
2026-05-09 16:12:32,1,1,1,2496.8,8,26.8,1127,2228,1,0.00,0.00,0,0,0.00,0.00,0
2026-05-09 16:12:33,1,1,1,2525.8,-8,25.1,1070,2288,1,0.00,0.00,0,0,0.00,0.00,0
2026-05-09 16:12:33,1,1,1,2525.8,-8,25.1,1070,2288,1,0.00,0.00,0,0,0.00,0.00,0
2026-05-09 16:12:33,1,1,1,2563.8,-16,23.2,1011,2356,1,0.00,0.00,0,0,0.00,0.00,0
2026-05-09 16:12:33,1,1,1,2563.8,-16,23.2,1011,2356,1,0.00,0.00,0,0,0.00,0.00,0
2026-05-09 16:12:33,1,1,1,2585.3,-16,21.7,956,2402,1,2.74,-0.23,8513,1,2.74,-0.23,8513
2026-05-09 16:12:33,1,1,1,2585.3,-16,21.7,956,2402,1,2.74,-0.23,8513,1,2.74,-0.23,8513
2026-05-09 16:12:33,1,1,1,2601.9,-39,20.4,909,2438,1,2.73,-0.29,5220,1,2.73,-0.29,5220
2026-05-09 16:12:33,1,1,1,2600.5,-56,19.0,846,2459,1,2.73,-0.29,5220,1,2.73,-0.29,5220
2026-05-09 16:12:33,1,1,1,2600.5,-56,19.0,846,2459,1,2.70,-0.29,5220,1,2.70,-0.29,5220
2026-05-09 16:12:33,1,1,1,2588.7,-56,18.1,803,2461,1,2.70,-0.29,5220,1,2.70,-0.29,5220
2026-05-09 16:12:33,1,1,1,2588.7,-56,18.1,803,2461,1,2.70,-0.29,5220,1,2.70,-0.29,5220
2026-05-09 16:12:33,1,1,1,2569.6,-48,17.3,762,2454,1,2.70,-0.29,5220,1,2.70,-0.29,5220
2026-05-09 16:12:33,1,1,1,2569.6,-48,17.3,762,2454,1,2.70,-0.29,5220,1,2.70,-0.29,5220
2026-05-09 16:12:33,1,1,1,2543.1,-48,16.4,720,2439,1,2.70,-0.29,5220,1,2.70,-0.29,5220
2026-05-09 16:12:33,1,1,1,2514.8,-48,15.8,684,2420,1,2.70,-0.29,5220,1,2.70,-0.29,5220
2026-05-09 16:12:33,1,1,1,2514.8,-48,15.8,684,2420,1,2.70,-0.29,5220,1,2.70,-0.29,5220
2026-05-09 16:12:33,1,1,1,2487.6,-56,14.6,628,2407,1,2.75,-0.61,2593,1,2.75,-0.61,2593
2026-05-09 16:12:33,1,1,1,2487.6,-56,14.6,628,2407,1,2.75,-0.61,2593,1,2.75,-0.61,2593
2026-05-09 16:12:33,1,1,1,2452.8,-56,13.8,585,2382,1,2.68,-0.61,2593,1,2.68,-0.61,2593
2026-05-09 16:12:33,1,1,1,2452.8,-56,13.8,585,2382,1,2.68,-0.61,2593,1,2.68,-0.61,2593
2026-05-09 16:12:34,1,1,1,2412.7,-64,13.0,542,2351,1,2.57,-0.55,20077,1,2.57,-0.55,20077
2026-05-09 16:12:34,1,1,1,2412.7,-64,13.0,542,2351,1,2.57,-0.55,20077,1,2.57,-0.55,20077
2026-05-09 16:12:34,1,1,1,2375.9,0,12.0,494,2324,1,2.51,-0.55,20077,1,2.51,-0.55,20077
2026-05-09 16:12:34,1,1,1,2405.0,0,10.6,442,2364,1,2.51,-0.55,20077,1,2.51,-0.55,20077
2026-05-09 16:12:34,1,1,1,2405.0,0,10.6,442,2364,1,2.51,-0.55,20077,1,2.51,-0.55,20077
2026-05-09 16:12:34,1,1,1,2503.9,0,8.2,359,2478,1,2.51,-0.55,20077,1,2.51,-0.55,20077
2026-05-09 16:12:34,1,1,1,2503.9,0,8.2,359,2478,1,2.51,-0.55,20077,1,2.51,-0.55,20077
2026-05-09 16:12:34,1,1,1,2600.6,-48,6.1,275,2586,1,2.51,-0.55,20077,1,2.51,-0.55,20077
2026-05-09 16:12:34,1,1,1,2600.6,-48,6.1,275,2586,1,2.51,-0.55,20077,1,2.51,-0.55,20077
2026-05-09 16:12:34,1,1,1,2532.1,-56,5.8,257,2519,1,2.51,-0.55,20077,1,2.51,-0.55,20077
2026-05-09 16:12:34,1,1,1,2436.1,-56,5.7,243,2424,1,2.08,-0.47,12341,1,2.08,-0.47,12341
2026-05-09 16:12:34,1,1,1,2436.1,-56,5.7,243,2424,1,2.08,-0.47,12341,1,2.08,-0.47,12341
2026-05-09 16:12:34,1,1,1,2336.4,-48,5.1,209,2327,1,2.02,-0.47,20128,1,2.02,-0.47,20128
2026-05-09 16:12:34,1,1,1,2336.4,-48,5.1,209,2327,1,2.02,-0.47,20128,1,2.02,-0.47,20128
2026-05-09 16:12:34,1,1,1,2243.4,-56,4.0,155,2238,1,1.97,-0.47,20128,1,1.97,-0.47,20128
2026-05-09 16:12:34,1,1,1,2243.4,-56,4.0,155,2238,1,1.97,-0.47,20128,1,1.97,-0.47,20128
2026-05-09 16:12:34,1,1,1,2161.8,-39,2.4,89,2160,1,1.95,-0.44,20117,1,1.95,-0.44,20117
2026-05-09 16:12:34,1,1,1,2161.8,-39,2.4,89,2160,1,1.95,-0.44,20117,1,1.95,-0.44,20117
2026-05-09 16:12:34,1,1,1,2095.1,-32,0.6,21,2095,1,2.28,-0.26,10816,1,2.28,-0.26,10816
2026-05-09 16:12:34,1,1,1,2044.6,0,-1.4,-50,2044,1,2.28,-0.26,10816,1,2.28,-0.26,10816
2026-05-09 16:12:35,1,1,1,2044.6,0,-1.4,-50,2044,1,2.15,-0.27,13954,1,2.15,-0.27,13954
2026-05-09 16:12:35,1,1,1,2156.2,0,-1.9,-72,2155,1,2.15,-0.27,13954,1,2.15,-0.27,13954
2026-05-09 16:12:35,1,1,1,2156.2,0,-1.9,-72,2155,1,2.13,-0.27,13954,1,2.13,-0.27,13954
2026-05-09 16:12:35,1,1,1,2259.9,0,-2.3,-92,2258,1,2.13,-0.27,13954,1,2.13,-0.27,13954
2026-05-09 16:12:35,1,1,1,2259.9,0,-2.3,-92,2258,1,2.13,-0.27,13954,1,2.13,-0.27,13954
2026-05-09 16:12:35,1,1,1,2177.5,8,-4.1,-154,2172,1,2.13,-0.27,13954,1,2.13,-0.27,13954
2026-05-09 16:12:35,1,1,1,2093.0,8,-6.1,-224,2081,1,2.13,-0.27,13954,1,2.13,-0.27,13954
2026-05-09 16:12:35,1,1,1,2093.0,8,-6.1,-224,2081,1,2.13,-0.27,13954,1,2.13,-0.27,13954
2026-05-09 16:12:35,1,1,1,2033.3,16,-8.7,-307,2010,1,2.13,-0.27,13954,1,2.13,-0.27,13954
2026-05-09 16:12:35,1,1,1,2033.3,16,-8.7,-307,2010,1,2.13,-0.27,13954,1,2.13,-0.27,13954
2026-05-09 16:12:35,1,1,1,1986.5,8,-10.9,-374,1951,1,2.04,0.22,3562,1,2.04,0.22,3562
2026-05-09 16:12:35,1,1,1,1986.5,8,-10.9,-374,1951,1,2.04,0.22,3562,1,2.04,0.22,3562
2026-05-09 16:12:35,1,1,1,1946.8,8,-13.1,-442,1896,1,2.03,0.23,11705,1,2.03,0.23,11705
2026-05-09 16:12:35,1,1,1,1946.8,8,-13.1,-442,1896,1,2.03,0.23,11705,1,2.03,0.23,11705
2026-05-09 16:12:35,1,1,1,1913.8,8,-15.3,-505,1846,1,1.97,0.22,31061,1,1.97,0.22,31061
2026-05-09 16:12:35,1,1,1,1886.9,8,-17.4,-563,1801,1,1.97,0.22,31061,1,1.97,0.22,31061
2026-05-09 16:12:35,1,1,1,1886.9,8,-17.4,-563,1801,1,1.99,0.22,31061,1,1.99,0.22,31061
2026-05-09 16:12:35,1,1,1,1863.8,48,-19.5,-622,1757,1,1.99,0.22,31061,1,1.99,0.22,31061
2026-05-09 16:12:35,1,1,1,1863.8,48,-19.5,-622,1757,1,1.99,0.22,31061,1,1.99,0.22,31061
2026-05-09 16:12:35,1,1,1,1861.8,24,-20.9,-665,1739,1,1.99,0.22,31061,1,1.99,0.22,31061
2026-05-09 16:12:36,1,1,1,1861.8,24,-20.9,-665,1739,1,1.99,0.22,31061,1,1.99,0.22,31061
2026-05-09 16:12:36,1,1,1,1859.0,32,-22.2,-703,1721,1,1.99,0.22,31061,1,1.99,0.22,31061
2026-05-09 16:12:36,1,1,1,1867.8,39,-23.9,-756,1708,1,1.99,0.22,31061,1,1.99,0.22,31061
2026-05-09 16:12:36,1,1,1,1867.8,39,-23.9,-756,1708,1,1.99,0.22,31061,1,1.99,0.22,31061
2026-05-09 16:12:36,1,1,1,1888.9,48,-25.6,-815,1704,1,1.99,0.22,31061,1,1.99,0.22,31061
2026-05-09 16:12:36,1,1,1,1888.9,48,-25.6,-815,1704,1,1.99,0.22,31061,1,1.99,0.22,31061
2026-05-09 16:12:36,1,1,1,1911.9,48,-27.2,-873,1701,1,1.99,0.22,31061,1,1.99,0.22,31061
2026-05-09 16:12:36,1,1,1,1911.9,48,-27.2,-873,1701,1,1.99,0.22,31061,1,1.99,0.22,31061
2026-05-09 16:12:36,1,1,1,1940.5,64,-28.7,-932,1702,1,1.99,0.22,31061,1,1.99,0.22,31061
2026-05-09 16:12:36,1,1,1,1940.5,64,-28.7,-932,1702,1,0.00,0.00,0,0,0.00,0.00,0
2026-05-09 16:12:36,1,1,1,1979.4,64,-29.5,-976,1722,1,0.00,0.00,0,0,0.00,0.00,0
2026-05-09 16:12:36,1,1,1,2027.2,64,-29.5,-999,1764,1,0.00,0.00,0,0,0.00,0.00,0
2026-05-09 16:12:36,1,1,1,2027.2,64,-29.5,-999,1764,1,0.00,0.00,0,0,0.00,0.00,0
2026-05-09 16:12:36,1,1,1,2079.2,64,-29.5,-1025,1809,1,0.00,0.00,0,0,0.00,0.00,0
2026-05-09 16:12:36,1,1,1,2079.2,64,-29.5,-1025,1809,0,0.00,0.00,0,0,0.00,0.00,0
2026-05-09 16:12:36,1,1,1,2127.2,56,-29.8,-1057,1846,0,0.00,0.00,0,0,0.00,0.00,0
2026-05-09 16:12:36,1,1,1,2127.2,56,-29.8,-1057,1846,0,0.00,0.00,0,0,0.00,0.00,0
2026-05-09 16:12:36,1,1,1,2172.6,32,-29.4,-1068,1892,0,0.00,0.00,0,0,0.00,0.00,0
2026-05-09 16:12:36,1,1,1,2204.1,32,-28.7,-1059,1933,0,0.00,0.00,0,0,0.00,0.00,0
2026-05-09 16:12:36,1,1,1,2204.1,32,-28.7,-1059,1933,0,0.00,0.00,0,0,0.00,0.00,0
2026-05-09 16:12:37,1,1,1,2238.7,32,-28.1,-1056,1974,0,0.00,0.00,0,0,0.00,0.00,0
2026-05-09 16:12:37,1,1,1,2238.7,32,-28.1,-1056,1974,0,0.00,0.00,0,0,0.00,0.00,0
2026-05-09 16:12:37,1,1,1,2279.1,56,-28.2,-1078,2008,0,0.00,0.00,0,0,0.00,0.00,0
2026-05-09 16:12:37,1,1,1,2279.1,56,-28.2,-1078,2008,0,0.00,0.00,0,0,0.00,0.00,0
2026-05-09 16:12:37,1,1,1,2316.3,8,-27.8,-1082,2048,0,0.00,0.00,0,0,0.00,0.00,0
2026-05-09 16:12:37,1,1,1,2316.3,8,-27.8,-1082,2048,0,0.00,0.00,0,0,0.00,0.00,0
2026-05-09 16:12:37,1,1,1,2354.0,24,-27.5,-1087,2088,0,0.00,0.00,0,0,0.00,0.00,0
2026-05-09 16:12:37,1,1,1,2384.8,24,-27.4,-1098,2117,0,0.00,0.00,0,0,0.00,0.00,0
2026-05-09 16:12:37,1,1,1,2384.8,24,-27.4,-1098,2117,0,0.00,0.00,0,0,0.00,0.00,0
2026-05-09 16:12:37,1,1,1,2409.3,16,-27.2,-1103,2142,0,0.00,0.00,0,0,0.00,0.00,0
2026-05-09 16:12:37,1,1,1,2409.3,16,-27.2,-1103,2142,0,0.00,0.00,0,0,0.00,0.00,0
2026-05-09 16:12:37,1,1,1,2449.2,0,-27.3,-1124,2176,0,0.00,0.00,0,0,0.00,0.00,0
2026-05-09 16:12:37,1,1,1,2449.2,0,-27.3,-1124,2176,0,0.00,0.00,0,0,0.00,0.00,0
2026-05-09 16:12:37,1,1,1,2466.0,-8,-27.1,-1122,2196,0,0.00,0.00,0,0,0.00,0.00,0
2026-05-09 16:12:37,1,1,1,2466.0,-8,-27.1,-1122,2196,0,0.00,0.00,0,0,0.00,0.00,0
2026-05-09 16:12:37,1,1,1,2452.1,-8,-26.6,-1099,2192,0,0.00,0.00,0,0,0.00,0.00,0
2026-05-09 16:12:37,1,1,1,2445.4,-56,-26.5,-1092,2188,0,0.00,0.00,0,0,0.00,0.00,0
2026-05-09 16:12:37,1,1,1,2445.4,-56,-26.5,-1092,2188,0,0.00,0.00,0,0,0.00,0.00,0
2026-05-09 16:12:37,1,1,1,2436.9,-64,-26.4,-1085,2182,0,0.00,0.00,0,0,0.00,0.00,0
2026-05-09 16:12:37,1,1,1,2436.9,-64,-26.4,-1085,2182,0,0.00,0.00,0,0,0.00,0.00,0
2026-05-09 16:12:38,1,1,1,2432.0,-72,-26.4,-1080,2179,0,0.00,0.00,0,0,0.00,0.00,0
2026-05-09 16:12:38,1,1,1,2432.0,-72,-26.4,-1080,2179,0,0.00,0.00,0,0,0.00,0.00,0
2026-05-09 16:12:38,1,1,1,2425.7,-56,-26.3,-1074,2175,0,0.00,0.00,0,0,0.00,0.00,0
2026-05-09 16:12:38,1,1,1,2416.8,-56,-26.2,-1066,2169,0,0.00,0.00,0,0,0.00,0.00,0
2026-05-09 16:12:38,1,1,1,2416.8,-56,-26.2,-1066,2169,0,0.00,0.00,0,0,0.00,0.00,0
2026-05-09 16:12:38,1,1,1,2407.9,-39,-26.1,-1060,2162,0,0.00,0.00,0,0,0.00,0.00,0
2026-05-09 16:12:38,1,1,1,2407.9,-39,-26.1,-1060,2162,0,0.00,0.00,0,0,0.00,0.00,0
2026-05-09 16:12:38,1,1,1,2398.1,-72,-26.0,-1050,2156,0,0.00,0.00,0,0,0.00,0.00,0
2026-05-09 16:12:38,1,1,1,2398.1,-72,-26.0,-1050,2156,0,0.00,0.00,0,0,0.00,0.00,0
2026-05-09 16:12:38,1,1,1,2374.9,-79,-25.2,-1011,2149,0,0.00,0.00,0,0,0.00,0.00,0
2026-05-09 16:12:38,1,1,1,2374.9,-79,-25.2,-1011,2149,0,0.00,0.00,0,0,0.00,0.00,0
2026-05-09 16:12:38,1,1,1,2348.4,-72,-24.3,-965,2141,0,0.00,0.00,0,0,0.00,0.00,0
2026-05-09 16:12:38,1,1,1,2292.5,-64,-23.0,-894,2111,0,0.00,0.00,0,0,0.00,0.00,0
2026-05-09 16:12:38,1,1,1,2292.5,-64,-23.0,-894,2111,0,0.00,0.00,0,0,0.00,0.00,0
2026-05-09 16:12:38,1,1,1,2228.5,-56,-21.7,-823,2071,0,0.00,0.00,0,0,0.00,0.00,0
2026-05-09 16:12:38,1,1,1,2228.5,-56,-21.7,-823,2071,0,0.00,0.00,0,0,0.00,0.00,0
2026-05-09 16:12:38,1,1,1,2163.7,-56,-20.8,-770,2022,0,0.00,0.00,0,1,2.03,-0.61,21125
2026-05-09 16:12:38,1,1,1,2163.7,-56,-20.8,-770,2022,0,0.00,0.00,0,1,2.03,-0.61,21125
2026-05-09 16:12:38,1,1,1,2095.9,-56,-20.4,-729,1965,1,1.96,-0.61,21125,1,1.96,-0.61,21125
2026-05-09 16:12:38,1,1,1,2038.8,-48,-20.2,-705,1913,1,1.96,-0.61,21125,1,1.96,-0.61,21125
2026-05-09 16:12:39,1,1,1,2038.8,-48,-20.2,-705,1913,1,1.96,-0.61,21125,1,1.96,-0.61,21125
2026-05-09 16:12:39,1,1,1,1991.1,-39,-20.6,-700,1864,1,1.96,-0.61,21125,1,1.96,-0.61,21125
2026-05-09 16:12:39,1,1,1,1991.1,-39,-20.6,-700,1864,1,1.96,-0.61,21125,1,1.96,-0.61,21125
2026-05-09 16:12:39,1,1,1,1944.4,-56,-20.9,-695,1816,1,1.96,-0.61,21125,1,1.96,-0.61,21125
2026-05-09 16:12:39,1,1,1,1944.4,-56,-20.9,-695,1816,1,1.96,-0.61,21125,1,1.96,-0.61,21125
2026-05-09 16:12:39,1,1,1,1900.4,-56,-21.5,-697,1768,1,1.96,-0.61,21125,1,1.96,-0.61,21125
2026-05-09 16:12:39,1,1,1,1900.4,-56,-21.5,-697,1768,1,1.74,-0.69,8692,1,1.74,-0.69,8692
2026-05-09 16:12:39,1,1,1,1859.2,-56,-22.2,-701,1722,1,1.74,-0.69,8692,1,1.74,-0.69,8692
2026-05-09 16:12:39,1,1,1,1812.4,-64,-22.2,-685,1678,1,1.63,-0.59,35114,1,1.63,-0.59,35114
2026-05-09 16:12:39,1,1,1,1812.4,-64,-22.2,-685,1678,1,1.63,-0.59,35114,1,1.63,-0.59,35114
2026-05-09 16:12:39,1,1,1,1758.4,-56,-22.3,-667,1627,1,1.55,-0.55,416,1,1.55,-0.55,416
2026-05-09 16:12:39,1,1,1,1758.4,-56,-22.3,-667,1627,1,1.55,-0.55,416,1,1.55,-0.55,416
2026-05-09 16:12:39,1,1,1,1703.5,-48,-22.4,-649,1575,1,1.50,-0.55,416,1,1.50,-0.55,416
2026-05-09 16:12:39,1,1,1,1703.5,-48,-22.4,-649,1575,1,1.50,-0.55,416,1,1.50,-0.55,416
2026-05-09 16:12:39,1,1,1,1648.6,-56,-23.0,-643,1518,1,1.50,-0.55,416,1,1.50,-0.55,416
2026-05-09 16:12:39,1,1,1,1593.9,-48,-23.2,-628,1465,0,0.00,0.00,0,1,1.50,-0.55,416
2026-05-09 16:12:39,1,1,1,1593.9,-48,-23.2,-628,1465,0,0.00,0.00,0,1,1.50,-0.55,416
2026-05-09 16:12:39,1,1,1,1535.4,-72,-23.7,-617,1406,0,0.00,0.00,0,1,1.50,-0.55,416
2026-05-09 16:12:39,1,1,1,1535.4,-72,-23.7,-617,1406,0,0.00,0.00,0,1,1.50,-0.55,416
2026-05-09 16:12:39,1,1,1,1479.6,-79,-24.3,-610,1348,0,0.00,0.00,0,1,1.50,-0.55,416
2026-05-09 16:12:40,1,1,1,1479.6,-79,-24.3,-610,1348,0,0.00,0.00,0,1,1.28,-0.71,33032
2026-05-09 16:12:40,1,1,1,1422.4,-72,-24.7,-595,1292,0,0.00,0.00,0,1,1.28,-0.71,33032
2026-05-09 16:12:40,1,1,1,1422.4,-72,-24.7,-595,1292,1,1.23,-0.70,44293,1,1.23,-0.70,44293
2026-05-09 16:12:40,1,1,1,1366.0,-64,-25.5,-588,1233,1,1.23,-0.70,44293,1,1.23,-0.70,44293
2026-05-09 16:12:40,1,1,1,1312.6,-79,-26.9,-593,1171,1,1.14,-0.63,44352,1,1.14,-0.63,44352
2026-05-09 16:12:40,1,1,1,1312.6,-79,-26.9,-593,1171,1,1.14,-0.63,44352,1,1.14,-0.63,44352
2026-05-09 16:12:40,1,1,1,1261.9,-88,-29.1,-613,1103,1,1.06,-0.58,14112,1,1.06,-0.58,14112
2026-05-09 16:12:40,1,1,1,1261.9,-88,-29.1,-613,1103,1,1.06,-0.58,14112,1,1.06,-0.58,14112
2026-05-09 16:12:40,1,1,1,1210.5,-104,-31.4,-631,1033,1,1.00,-0.58,14112,1,1.00,-0.58,14112
2026-05-09 16:12:40,1,1,1,1210.5,-104,-31.4,-631,1033,1,1.00,-0.58,14112,1,1.00,-0.58,14112
2026-05-09 16:12:40,1,1,1,1162.7,-16,-33.1,-635,974,1,1.00,-0.58,14112,1,1.00,-0.58,14112
2026-05-09 16:12:40,1,1,1,1124.3,-24,-31.7,-590,957,1,1.00,-0.58,14112,1,1.00,-0.58,14112
2026-05-09 16:12:40,1,1,1,1124.3,-24,-31.7,-590,957,1,1.00,-0.58,14112,1,1.00,-0.58,14112
2026-05-09 16:12:40,1,1,1,1075.2,-56,-30.3,-543,928,1,1.00,-0.58,14112,1,1.00,-0.58,14112
2026-05-09 16:12:40,1,1,1,1075.2,-56,-30.3,-543,928,1,1.00,-0.58,14112,1,1.00,-0.58,14112
2026-05-09 16:12:40,1,1,1,1013.1,-39,-29.7,-502,880,1,1.00,-0.58,14112,1,1.00,-0.58,14112
2026-05-09 16:12:40,1,1,1,1013.1,-39,-29.7,-502,880,1,0.75,-0.37,61101,1,0.75,-0.37,61101
2026-05-09 16:12:40,1,1,1,950.4,-39,-29.6,-470,826,1,0.75,-0.37,61101,1,0.75,-0.37,61101
2026-05-09 16:12:40,1,1,1,950.4,-39,-29.6,-470,826,1,0.73,-0.30,35689,1,0.73,-0.30,35689
2026-05-09 16:12:40,1,1,1,888.8,-32,-29.4,-437,774,1,0.73,-0.30,35689,1,0.73,-0.30,35689
2026-05-09 16:12:41,1,1,1,811.9,0,-28.9,-392,711,1,0.64,-0.26,45298,1,0.64,-0.26,45298
2026-05-09 16:12:41,1,1,1,811.9,0,-28.9,-392,711,1,0.64,-0.26,45298,1,0.64,-0.26,45298
2026-05-09 16:12:41,1,1,1,738.4,32,-27.2,-337,657,1,0.62,-0.26,45298,1,0.62,-0.26,45298
2026-05-09 16:12:41,1,1,1,738.4,32,-27.2,-337,657,1,0.62,-0.26,45298,1,0.62,-0.26,45298
2026-05-09 16:12:41,1,1,1,680.3,56,-24.3,-280,620,1,0.62,-0.26,45298,1,0.62,-0.26,45298
2026-05-09 16:12:41,1,1,1,680.3,56,-24.3,-280,620,1,0.62,-0.26,45298,1,0.62,-0.26,45298
2026-05-09 16:12:41,1,1,1,642.9,64,-20.3,-223,603,1,0.62,-0.26,45298,1,0.62,-0.26,45298
2026-05-09 16:12:41,1,1,1,642.9,64,-20.3,-223,603,1,0.62,-0.26,45298,1,0.62,-0.26,45298
2026-05-09 16:12:41,1,1,1,636.9,24,-16.7,-183,610,1,0.84,0.29,22953,1,0.84,0.29,22953
2026-05-09 16:12:41,1,1,1,646.1,24,-13.6,-152,628,1,0.84,0.29,22953,1,0.84,0.29,22953
2026-05-09 16:12:41,1,1,1,646.1,24,-13.6,-152,628,1,0.81,0.27,41202,1,0.81,0.27,41202
2026-05-09 16:12:41,1,1,1,663.5,32,-10.7,-123,652,1,0.81,0.27,41202,1,0.81,0.27,41202
2026-05-09 16:12:41,1,1,1,663.5,32,-10.7,-123,652,1,0.81,0.34,52473,1,0.81,0.34,52473
2026-05-09 16:12:41,1,1,1,681.4,39,-7.3,-86,676,1,0.81,0.34,52473,1,0.81,0.34,52473
2026-05-09 16:12:41,1,1,1,681.4,39,-7.3,-86,676,1,0.83,0.33,50057,1,0.83,0.33,50057
2026-05-09 16:12:41,1,1,1,701.2,48,-3.4,-41,700,1,0.83,0.33,50057,1,0.83,0.33,50057
2026-05-09 16:12:41,1,1,1,724.1,48,0.9,12,724,1,0.85,0.36,13517,1,0.85,0.36,13517
2026-05-09 16:12:41,1,1,1,724.1,48,0.9,12,724,1,0.85,0.36,13517,1,0.85,0.36,13517
2026-05-09 16:12:41,1,1,1,751.2,72,6.0,79,747,1,0.89,0.36,13517,1,0.89,0.36,13517
2026-05-09 16:12:41,1,1,1,751.2,72,6.0,79,747,1,0.89,0.36,13517,1,0.89,0.36,13517
2026-05-09 16:12:42,1,1,1,791.1,39,9.6,132,780,1,0.89,0.36,13517,1,0.89,0.36,13517
2026-05-09 16:12:42,1,1,1,791.1,39,9.6,132,780,1,0.89,0.36,13517,1,0.89,0.36,13517
2026-05-09 16:12:42,1,1,1,836.5,48,12.7,184,816,1,0.89,0.36,13517,1,0.89,0.36,13517
2026-05-09 16:12:42,1,1,1,836.5,48,12.7,184,816,1,0.89,0.36,13517,1,0.89,0.36,13517
2026-05-09 16:12:42,1,1,1,879.7,56,15.9,241,846,1,0.89,0.36,13517,1,0.89,0.36,13517
2026-05-09 16:12:42,1,1,1,922.8,56,18.3,290,876,1,0.89,0.36,13517,1,0.89,0.36,13517
2026-05-09 16:12:42,1,1,1,922.8,56,18.3,290,876,1,1.24,0.48,921,1,1.24,0.48,921
2026-05-09 16:12:42,1,1,1,965.7,64,21.3,350,900,1,1.24,0.48,921,1,1.24,0.48,921
2026-05-09 16:12:42,1,1,1,965.7,64,21.3,350,900,1,1.29,0.48,921,1,1.29,0.48,921
2026-05-09 16:12:42,1,1,1,1010.9,72,23.4,401,928,1,1.29,0.48,921,1,1.29,0.48,921
2026-05-09 16:12:42,1,1,1,1010.9,72,23.4,401,928,1,2.26,0.33,4474,1,2.26,0.33,4474
2026-05-09 16:12:42,1,1,1,1061.1,79,23.8,428,971,1,2.26,0.33,4474,1,2.26,0.33,4474
2026-05-09 16:12:42,1,1,1,1116.2,64,24.3,460,1017,1,2.00,0.43,21965,1,2.00,0.43,21965
2026-05-09 16:12:42,1,1,1,1116.2,64,24.3,460,1017,1,2.00,0.43,21965,1,2.00,0.43,21965
2026-05-09 16:12:42,1,1,1,1168.7,56,24.8,490,1061,1,2.04,0.43,21965,1,2.04,0.43,21965
2026-05-09 16:12:42,1,1,1,1168.7,56,24.8,490,1061,1,2.04,0.43,21965,1,2.04,0.43,21965
2026-05-09 16:12:42,1,1,1,1226.5,64,25.4,526,1108,1,2.04,0.43,21965,1,2.04,0.43,21965
2026-05-09 16:12:42,1,1,1,1226.5,64,25.4,526,1108,1,2.04,0.43,21965,1,2.04,0.43,21965
2026-05-09 16:12:42,1,1,1,1279.0,48,25.0,541,1159,1,2.04,0.43,21965,1,2.04,0.43,21965
2026-05-09 16:12:42,1,1,1,1279.0,48,25.0,541,1159,1,2.04,0.43,21965,1,2.04,0.43,21965
2026-05-09 16:12:43,1,1,1,1328.3,56,25.0,561,1204,1,2.04,0.43,21965,1,2.04,0.43,21965
2026-05-09 16:12:43,1,1,1,1378.5,64,24.8,579,1251,1,2.04,0.43,21965,1,2.04,0.43,21965
2026-05-09 16:12:43,1,1,1,1378.5,64,24.8,579,1251,1,2.04,0.43,21965,1,2.04,0.43,21965
2026-05-09 16:12:43,1,1,1,1428.3,64,24.7,596,1298,1,2.04,0.43,21965,1,2.04,0.43,21965
2026-05-09 16:12:43,1,1,1,1428.3,64,24.7,596,1298,1,1.75,0.71,41060,1,1.75,0.71,41060
2026-05-09 16:12:43,1,1,1,1487.6,79,24.9,627,1349,1,1.75,0.71,41060,1,1.75,0.71,41060
2026-05-09 16:12:43,1,1,1,1487.6,79,24.9,627,1349,1,1.82,0.71,41060,1,1.82,0.71,41060
2026-05-09 16:12:43,1,1,1,1545.2,48,24.5,641,1406,1,1.82,0.71,41060,1,1.82,0.71,41060
2026-05-09 16:12:43,1,1,1,1598.2,39,22.8,620,1473,1,1.82,0.71,41060,1,1.82,0.71,41060
2026-05-09 16:12:43,1,1,1,1598.2,39,22.8,620,1473,1,1.82,0.71,41060,1,1.82,0.71,41060
2026-05-09 16:12:43,1,1,1,1649.0,39,21.5,605,1534,1,1.82,0.71,41060,1,1.82,0.71,41060
2026-05-09 16:12:43,1,1,1,1649.0,39,21.5,605,1534,1,1.82,0.71,41060,1,1.82,0.71,41060
2026-05-09 16:12:43,1,1,1,1691.6,48,20.2,583,1588,1,1.82,0.71,41060,1,1.82,0.71,41060
2026-05-09 16:12:43,1,1,1,1691.6,48,20.2,583,1588,1,1.82,0.71,41060,1,1.82,0.71,41060
2026-05-09 16:12:43,1,1,1,1733.3,56,18.7,555,1642,1,1.82,0.71,41060,1,1.82,0.71,41060
2026-05-09 16:12:43,1,1,1,1733.3,56,18.7,555,1642,1,1.82,0.71,41060,1,1.82,0.71,41060
2026-05-09 16:12:43,1,1,1,1755.8,39,17.2,520,1677,1,1.82,0.71,41060,1,1.82,0.71,41060
2026-05-09 16:12:53,1,1,1,2613.0,0,-16.6,-747,2504,1,2.53,0.28,9554,1,2.53,0.28,9554
2026-05-09 16:12:53,1,1,1,2712.5,0,-19.2,-891,2562,1,2.54,0.26,5065,1,2.54,0.26,5065
2026-05-09 16:12:53,1,1,1,2712.5,0,-19.2,-891,2562,1,2.54,0.26,5065,1,2.54,0.26,5065
2026-05-09 16:12:54,1,1,1,2795.2,0,-21.0,-1003,2609,1,2.57,0.26,5065,1,2.57,0.26,5065
2026-05-09 16:12:54,1,1,1,2795.2,0,-21.0,-1003,2609,1,2.57,0.26,5065,1,2.57,0.26,5065
2026-05-09 16:12:54,1,1,1,2858.1,-16,-22.5,-1095,2640,1,2.57,0.26,5065,1,2.57,0.26,5065
2026-05-09 16:12:54,1,1,1,2858.1,-16,-22.5,-1095,2640,1,2.57,0.26,5065,1,2.57,0.26,5065
2026-05-09 16:12:54,1,1,1,2925.8,0,-23.4,-1160,2686,1,2.57,0.26,5065,1,2.57,0.26,5065
2026-05-09 16:12:54,1,1,1,2925.8,0,-23.4,-1160,2686,1,2.57,0.26,5065,1,2.57,0.26,5065
2026-05-09 16:12:54,1,1,1,2976.1,-39,-24.0,-1210,2719,1,2.57,0.26,5065,1,2.57,0.26,5065
2026-05-09 16:12:54,1,1,1,3021.3,0,-23.8,-1220,2764,1,2.57,0.26,5065,1,2.57,0.26,5065
2026-05-09 16:12:54,1,1,1,3021.3,0,-23.8,-1220,2764,1,2.57,0.26,5065,1,2.57,0.26,5065
2026-05-09 16:12:54,1,1,1,3075.2,0,-23.9,-1247,2811,1,2.57,0.26,5065,1,2.57,0.26,5065
2026-05-09 16:12:54,1,1,1,3075.2,0,-23.9,-1247,2811,1,2.49,-0.23,8125,1,2.49,-0.23,8125
2026-05-09 16:12:54,1,1,1,3110.7,-39,-24.0,-1267,2841,1,2.49,-0.23,8125,1,2.49,-0.23,8125
2026-05-09 16:12:54,1,1,1,3110.7,-39,-24.0,-1267,2841,1,2.48,-0.23,10625,1,2.48,-0.23,10625
2026-05-09 16:12:54,1,1,1,2988.0,-32,-25.4,-1280,2700,1,2.48,-0.23,10625,1,2.48,-0.23,10625
2026-05-09 16:12:54,1,1,1,2988.0,-32,-25.4,-1280,2700,1,2.46,-0.23,10625,1,2.46,-0.23,10625
2026-05-09 16:12:54,1,1,1,2864.0,-39,-26.8,-1290,2557,1,2.46,-0.23,10625,1,2.46,-0.23,10625
2026-05-09 16:12:54,1,1,1,2742.5,-48,-28.2,-1294,2418,1,2.46,-0.23,10625,1,2.46,-0.23,10625
2026-05-09 16:12:54,1,1,1,2742.5,-48,-28.2,-1294,2418,1,2.46,-0.23,10625,1,2.46,-0.23,10625
2026-05-09 16:12:54,1,1,1,2633.0,-72,-29.7,-1303,2288,1,2.46,-0.23,10625,1,2.46,-0.23,10625
2026-05-09 16:12:54,1,1,1,2633.0,-72,-29.7,-1303,2288,1,2.46,-0.23,10625,1,2.46,-0.23,10625
2026-05-09 16:12:55,1,1,1,2533.7,-64,-30.9,-1303,2173,1,2.46,-0.23,10625,1,2.46,-0.23,10625
2026-05-09 16:12:55,1,1,1,2533.7,-64,-30.9,-1303,2173,1,2.46,-0.23,10625,1,2.46,-0.23,10625
2026-05-09 16:12:55,1,1,1,2445.7,-48,-32.1,-1301,2071,1,2.46,-0.23,10625,1,2.46,-0.23,10625
2026-05-09 16:12:55,1,1,1,2376.0,-56,-32.9,-1292,1994,1,2.46,-0.23,10625,1,2.46,-0.23,10625
2026-05-09 16:12:55,1,1,1,2376.0,-56,-32.9,-1292,1994,1,2.46,-0.23,10625,1,2.46,-0.23,10625
2026-05-09 16:12:55,1,1,1,2306.7,-56,-33.9,-1286,1915,1,2.46,-0.23,10625,1,2.46,-0.23,10625
2026-05-09 16:12:55,1,1,1,2306.7,-56,-33.9,-1286,1915,1,2.46,-0.23,10625,1,2.46,-0.23,10625
2026-05-09 16:12:55,1,1,1,2238.0,-64,-34.7,-1274,1840,1,0.00,0.00,0,0,0.00,0.00,0
2026-05-09 16:12:55,1,1,1,2238.0,-64,-34.7,-1274,1840,1,0.00,0.00,0,0,0.00,0.00,0
2026-05-09 16:12:55,1,1,1,2172.3,-72,-35.4,-1258,1771,1,0.00,0.00,0,0,0.00,0.00,0
2026-05-09 16:12:55,1,1,1,2172.3,-72,-35.4,-1258,1771,1,2.01,-0.71,17384,1,2.01,-0.71,17384
2026-05-09 16:12:55,1,1,1,2109.5,-79,-35.6,-1227,1716,1,2.01,-0.71,17384,1,2.01,-0.71,17384
2026-05-09 16:12:55,1,1,1,2048.8,-64,-36.2,-1209,1654,1,1.94,-0.71,17384,1,1.94,-0.71,17384
2026-05-09 16:12:55,1,1,1,2048.8,-64,-36.2,-1209,1654,1,1.94,-0.71,17384,1,1.94,-0.71,17384
2026-05-09 16:12:55,1,1,1,1986.4,-56,-36.1,-1169,1606,1,1.94,-0.71,17384,1,1.94,-0.71,17384
2026-05-09 16:12:55,1,1,1,1986.4,-56,-36.1,-1169,1606,1,1.94,-0.71,17384,1,1.94,-0.71,17384
2026-05-09 16:12:55,1,1,1,1924.1,-56,-35.8,-1125,1561,1,1.94,-0.71,17384,1,1.94,-0.71,17384
2026-05-09 16:12:55,1,1,1,1924.1,-56,-35.8,-1125,1561,1,1.94,-0.71,17384,1,1.94,-0.71,17384
2026-05-09 16:12:55,1,1,1,1869.3,-79,-35.1,-1074,1530,1,1.74,-0.71,25533,1,1.74,-0.71,25533
2026-05-09 16:12:55,1,1,1,1813.3,-72,-34.6,-1029,1493,1,1.74,-0.71,25533,1,1.74,-0.71,25533
2026-05-09 16:12:56,1,1,1,1813.3,-72,-34.6,-1029,1493,1,1.71,-0.71,34306,1,1.71,-0.71,34306
2026-05-09 16:12:56,1,1,1,1761.6,-56,-34.9,-1009,1444,1,1.71,-0.71,34306,1,1.71,-0.71,34306
2026-05-09 16:12:56,1,1,1,1761.6,-56,-34.9,-1009,1444,1,1.64,-0.71,34306,1,1.64,-0.71,34306
2026-05-09 16:12:56,1,1,1,1711.3,-72,-34.8,-977,1405,1,1.64,-0.71,34306,1,1.64,-0.71,34306
2026-05-09 16:12:56,1,1,1,1711.3,-72,-34.8,-977,1405,1,2.17,-0.37,733,1,2.17,-0.37,733
2026-05-09 16:12:56,1,1,1,1658.6,-79,-33.8,-923,1378,1,2.17,-0.37,733,1,2.17,-0.37,733
2026-05-09 16:12:56,1,1,1,1658.6,-79,-33.8,-923,1378,1,2.13,-0.37,733,1,2.13,-0.37,733
2026-05-09 16:12:56,1,1,1,1591.3,-64,-33.0,-866,1335,1,2.13,-0.37,733,1,2.13,-0.37,733
2026-05-09 16:12:56,1,1,1,1533.7,-39,-31.3,-796,1311,1,1.85,-0.51,36264,1,1.85,-0.51,36264
2026-05-09 16:12:56,1,1,1,1533.7,-39,-31.3,-796,1311,1,1.85,-0.51,36264,1,1.85,-0.51,36264
2026-05-09 16:12:56,1,1,1,1485.7,-39,-29.4,-730,1294,1,1.80,-0.51,36264,1,1.80,-0.51,36264
2026-05-09 16:12:56,1,1,1,1485.7,-39,-29.4,-730,1294,1,1.80,-0.51,36264,1,1.80,-0.51,36264
2026-05-09 16:12:56,1,1,1,1431.6,-64,-28.2,-676,1262,1,1.63,-0.57,19610,1,1.63,-0.57,19610
2026-05-09 16:12:56,1,1,1,1431.6,-64,-28.2,-676,1262,1,1.63,-0.57,19610,1,1.63,-0.57,19610
2026-05-09 16:12:56,1,1,1,1370.0,-64,-27.5,-633,1215,1,1.46,-0.64,59137,1,1.46,-0.64,59137
2026-05-09 16:12:56,1,1,1,1299.3,-72,-27.5,-599,1153,1,1.46,-0.64,59137,1,1.46,-0.64,59137
2026-05-09 16:12:56,1,1,1,1299.3,-72,-27.5,-599,1153,1,1.40,-0.64,59137,1,1.40,-0.64,59137
2026-05-09 16:12:56,1,1,1,1223.8,-72,-27.5,-566,1085,1,1.40,-0.64,59137,1,1.40,-0.64,59137
2026-05-09 16:12:56,1,1,1,1223.8,-72,-27.5,-566,1085,1,1.28,-0.62,8096,1,1.28,-0.62,8096
2026-05-09 16:12:56,1,1,1,1161.9,-56,-27.2,-532,1033,1,1.28,-0.62,8096,1,1.28,-0.62,8096
2026-05-09 16:12:57,1,1,1,1161.9,-56,-27.2,-532,1033,1,1.22,-0.62,8096,1,1.22,-0.62,8096
2026-05-09 16:12:57,1,1,1,1099.7,-39,-26.3,-487,986,1,1.22,-0.62,8096,1,1.22,-0.62,8096
2026-05-09 16:12:57,1,1,1,1099.7,-39,-26.3,-487,986,1,1.15,-0.59,29384,1,1.15,-0.59,29384
2026-05-09 16:12:57,1,1,1,1041.8,-32,-24.5,-432,948,1,1.15,-0.59,29384,1,1.15,-0.59,29384
2026-05-09 16:12:57,1,1,1,983.9,-48,-23.1,-386,905,1,1.09,-0.59,29384,1,1.09,-0.59,29384
2026-05-09 16:12:57,1,1,1,983.9,-48,-23.1,-386,905,1,1.09,-0.59,29384,1,1.09,-0.59,29384
2026-05-09 16:12:57,1,1,1,927.4,-32,-21.6,-342,862,1,0.99,-0.58,63240,1,0.99,-0.58,63240
2026-05-09 16:12:57,1,1,1,927.4,-32,-21.6,-342,862,1,0.99,-0.58,63240,1,0.99,-0.58,63240
2026-05-09 16:12:57,1,1,1,874.9,-32,-19.6,-294,824,1,0.93,-0.58,63240,1,0.93,-0.58,63240
2026-05-09 16:12:57,1,1,1,874.9,-32,-19.6,-294,824,1,0.93,-0.58,63240,1,0.93,-0.58,63240
2026-05-09 16:12:57,1,1,1,811.2,-32,-17.4,-243,774,1,0.83,-0.57,1076,1,0.83,-0.57,1076
2026-05-09 16:12:57,1,1,1,749.4,8,-13.7,-178,728,1,0.83,-0.57,1076,1,0.83,-0.57,1076
2026-05-09 16:12:57,1,1,1,749.4,8,-13.7,-178,728,1,0.77,-0.57,1076,1,0.77,-0.57,1076
2026-05-09 16:12:57,1,1,1,691.8,64,-8.1,-97,685,1,0.77,-0.57,1076,1,0.77,-0.57,1076
2026-05-09 16:12:57,1,1,1,691.8,64,-8.1,-97,685,1,0.80,-0.29,56869,1,0.80,-0.29,56869
2026-05-09 16:12:57,1,1,1,665.3,32,-1.8,-21,665,1,0.80,-0.29,56869,1,0.80,-0.29,56869
2026-05-09 16:12:57,1,1,1,665.3,32,-1.8,-21,665,1,0.81,-0.17,49728,1,0.81,-0.17,49728
2026-05-09 16:12:57,1,1,1,663.4,39,3.7,43,662,1,0.81,-0.17,49728,1,0.81,-0.17,49728
2026-05-09 16:12:57,1,1,1,663.4,39,3.7,43,662,1,0.79,-0.17,49728,1,0.79,-0.17,49728
2026-05-09 16:12:57,1,1,1,677.3,48,8.4,99,670,1,0.79,-0.17,49728,1,0.79,-0.17,49728
2026-05-09 16:12:58,1,1,1,697.8,64,12.6,152,681,1,0.84,0.01,61201,1,0.84,0.01,61201
2026-05-09 16:12:58,1,1,1,697.8,64,12.6,152,681,1,0.84,0.01,61201,1,0.84,0.01,61201
2026-05-09 16:12:58,1,1,1,726.9,72,17.0,213,695,1,0.91,0.16,26653,1,0.91,0.16,26653
2026-05-09 16:12:58,1,1,1,726.9,72,17.0,213,695,1,0.91,0.16,26653,1,0.91,0.16,26653
2026-05-09 16:12:58,1,1,1,769.9,64,20.5,270,721,1,0.95,0.26,31504,1,0.95,0.26,31504
2026-05-09 16:12:58,1,1,1,769.9,64,20.5,270,721,1,0.95,0.26,31504,1,0.95,0.26,31504
2026-05-09 16:12:58,1,1,1,817.0,56,22.8,317,753,1,1.01,0.32,47453,1,1.01,0.32,47453
2026-05-09 16:12:58,1,1,1,863.9,64,25.0,365,783,1,1.01,0.32,47453,1,1.01,0.32,47453
2026-05-09 16:12:58,1,1,1,863.9,64,25.0,365,783,1,1.05,0.36,13149,1,1.05,0.36,13149
2026-05-09 16:12:58,1,1,1,906.5,64,27.1,413,807,1,1.05,0.36,13149,1,1.05,0.36,13149
2026-05-09 16:12:58,1,1,1,906.5,64,27.1,413,807,1,1.13,0.43,45178,1,1.13,0.43,45178
2026-05-09 16:12:58,1,1,1,951.2,72,29.0,461,832,1,1.13,0.43,45178,1,1.13,0.43,45178
2026-05-09 16:12:58,1,1,1,951.2,72,29.0,461,832,1,1.19,0.48,47561,1,1.19,0.48,47561
2026-05-09 16:12:58,1,1,1,999.8,79,30.7,510,860,1,1.19,0.48,47561,1,1.19,0.48,47561
2026-05-09 16:12:58,1,1,1,999.8,79,30.7,510,860,1,1.27,0.57,47060,1,1.27,0.57,47060
2026-05-09 16:12:58,1,1,1,1057.3,96,31.0,545,906,1,1.27,0.57,47060,1,1.27,0.57,47060
2026-05-09 16:12:58,1,1,1,1120.3,79,31.4,584,956,1,1.33,0.57,47060,1,1.33,0.57,47060
2026-05-09 16:12:58,1,1,1,1120.3,79,31.4,584,956,1,1.33,0.57,47060,1,1.33,0.57,47060
2026-05-09 16:12:58,1,1,1,1184.6,72,32.4,635,1000,1,1.33,0.57,47060,1,1.33,0.57,47060
2026-05-09 16:12:58,1,1,1,1184.6,72,32.4,635,1000,1,1.33,0.57,47060,1,1.33,0.57,47060
2026-05-09 16:12:59,1,1,1,1244.6,64,32.9,676,1045,1,1.33,0.57,47060,1,1.33,0.57,47060
2026-05-09 16:12:59,1,1,1,1244.6,64,32.9,676,1045,1,1.33,0.57,47060,1,1.33,0.57,47060
2026-05-09 16:12:59,1,1,1,1302.9,64,32.8,706,1095,1,1.33,0.57,47060,1,1.33,0.57,47060
2026-05-09 16:12:59,1,1,1,1302.9,64,32.8,706,1095,1,1.33,0.57,47060,1,1.33,0.57,47060
2026-05-09 16:12:59,1,1,1,1368.3,72,32.9,743,1149,1,1.33,0.57,47060,1,1.33,0.57,47060
2026-05-09 16:12:59,1,1,1,1424.5,79,33.9,795,1182,1,1.33,0.57,47060,1,1.33,0.57,47060
2026-05-09 16:12:59,1,1,1,1424.5,79,33.9,795,1182,1,1.77,0.95,4916,1,1.77,0.95,4916
2026-05-09 16:12:59,1,1,1,1488.6,88,34.2,837,1231,1,1.77,0.95,4916,1,1.77,0.95,4916
2026-05-09 16:12:59,1,1,1,1488.6,88,34.2,837,1231,1,1.86,0.95,4916,1,1.86,0.95,4916
2026-05-09 16:12:59,1,1,1,1552.5,79,34.5,880,1279,1,1.86,0.95,4916,1,1.86,0.95,4916
2026-05-09 16:12:59,1,1,1,1552.5,79,34.5,880,1279,1,1.86,0.95,4916,1,1.86,0.95,4916
2026-05-09 16:12:59,1,1,1,1616.3,64,34.4,914,1333,1,1.86,0.95,4916,1,1.86,0.95,4916
2026-05-09 16:12:59,1,1,1,1677.7,56,34.0,938,1391,1,1.86,0.95,4916,1,1.86,0.95,4916
2026-05-09 16:12:59,1,1,1,1677.7,56,34.0,938,1391,1,1.86,0.95,4916,1,1.86,0.95,4916
2026-05-09 16:12:59,1,1,1,1737.6,72,34.0,971,1441,1,2.02,0.71,13005,1,2.02,0.71,13005
2026-05-09 16:12:59,1,1,1,1737.6,72,34.0,971,1441,1,2.02,0.71,13005,1,2.02,0.71,13005
2026-05-09 16:12:59,1,1,1,1798.1,56,33.8,999,1495,1,2.09,0.71,13005,1,2.09,0.71,13005
2026-05-09 16:12:59,1,1,1,1798.1,56,33.8,999,1495,1,2.09,0.71,13005,1,2.09,0.71,13005
2026-05-09 16:12:59,1,1,1,1854.9,64,33.7,1028,1544,1,2.20,0.72,13978,1,2.20,0.72,13978
2026-05-09 16:12:59,1,1,1,1854.9,64,33.7,1028,1544,1,2.20,0.72,13978,1,2.20,0.72,13978
2026-05-09 16:13:00,1,1,1,1909.0,64,33.5,1055,1591,1,2.28,0.72,13978,1,2.28,0.72,13978
2026-05-09 16:13:00,1,1,1,1970.7,48,33.1,1076,1651,1,2.28,0.72,13978,1,2.28,0.72,13978
2026-05-09 16:13:00,1,1,1,1970.7,48,33.1,1076,1651,1,2.28,0.72,13978,1,2.28,0.72,13978
2026-05-09 16:13:00,1,1,1,2030.5,8,32.7,1098,1708,1,2.28,0.72,13978,1,2.28,0.72,13978
2026-05-09 16:13:00,1,1,1,2030.5,8,32.7,1098,1708,1,2.28,0.72,13978,1,2.28,0.72,13978
2026-05-09 16:13:00,1,1,1,2072.5,0,32.2,1104,1754,1,2.28,0.72,13978,1,2.28,0.72,13978
2026-05-09 16:13:00,1,1,1,2072.5,0,32.2,1104,1754,1,2.28,0.72,13978,1,2.28,0.72,13978
2026-05-09 16:13:00,1,1,1,2113.4,24,31.8,1114,1796,1,2.28,0.72,13978,1,2.28,0.72,13978
2026-05-09 16:13:00,1,1,1,2150.4,24,31.6,1126,1832,1,2.50,0.24,1733,1,2.50,0.24,1733
2026-05-09 16:13:00,1,1,1,2150.4,24,31.6,1126,1832,1,2.50,0.24,1733,1,2.50,0.24,1733
2026-05-09 16:13:00,1,1,1,2175.7,16,31.8,1145,1850,1,2.43,0.23,2977,1,2.43,0.23,2977
2026-05-09 16:13:00,1,1,1,2175.7,16,31.8,1145,1850,1,2.43,0.23,2977,1,2.43,0.23,2977
2026-05-09 16:13:00,1,1,1,2208.2,16,31.5,1155,1882,1,2.72,0.10,4330,1,2.72,0.10,4330
2026-05-09 16:13:00,1,1,1,2208.2,16,31.5,1155,1882,1,2.72,0.10,4330,1,2.72,0.10,4330
2026-05-09 16:13:00,1,1,1,2259.9,39,30.7,1154,1943,1,2.86,0.04,2986,1,2.86,0.04,2986
2026-05-09 16:13:00,1,1,1,2259.9,39,30.7,1154,1943,1,2.86,0.04,2986,1,2.86,0.04,2986
2026-05-09 16:13:00,1,1,1,2294.9,-8,29.5,1129,1998,1,2.86,0.04,2986,1,2.86,0.04,2986
2026-05-09 16:13:00,1,1,1,2315.7,0,28.5,1105,2035,1,2.86,0.04,2986,1,2.86,0.04,2986
2026-05-09 16:13:00,1,1,1,2315.7,0,28.5,1105,2035,1,2.79,0.01,1370,1,2.79,0.01,1370
2026-05-09 16:13:00,1,1,1,2324.9,-8,27.4,1070,2064,0,0.00,0.00,0,1,2.79,0.01,1370
2026-05-09 16:13:01,1,1,1,2324.9,-8,27.4,1070,2064,0,0.00,0.00,0,1,2.79,0.01,1370
2026-05-09 16:13:01,1,1,1,2307.6,-8,26.5,1030,2065,0,0.00,0.00,0,1,2.79,0.01,1370
2026-05-09 16:13:01,1,1,1,2307.6,-8,26.5,1030,2065,0,0.00,0.00,0,1,2.79,0.01,1370
2026-05-09 16:13:01,1,1,1,2297.8,-16,25.4,985,2076,0,0.00,0.00,0,1,2.79,0.01,1370
2026-05-09 16:13:01,1,1,1,2279.1,0,23.5,909,2090,0,0.00,0.00,0,1,2.79,0.01,1370
2026-05-09 16:13:01,1,1,1,2279.1,0,23.5,909,2090,0,0.00,0.00,0,1,2.79,0.01,1370
2026-05-09 16:13:01,1,1,1,2278.1,0,22.0,854,2112,0,0.00,0.00,0,1,2.79,0.01,1370
2026-05-09 16:13:01,1,1,1,2278.1,0,22.0,854,2112,0,0.00,0.00,0,1,2.79,0.01,1370
2026-05-09 16:13:01,1,1,1,2287.2,8,20.7,810,2139,0,0.00,0.00,0,1,2.79,0.01,1370
2026-05-09 16:13:01,1,1,1,2287.2,8,20.7,810,2139,0,0.00,0.00,0,1,2.79,0.01,1370
2026-05-09 16:13:01,1,1,1,2300.3,8,19.5,769,2168,0,0.00,0.00,0,1,2.79,0.01,1370
2026-05-09 16:13:01,1,1,1,2300.3,8,19.5,769,2168,0,0.00,0.00,0,1,2.79,0.01,1370
2026-05-09 16:13:01,1,1,1,2334.4,0,18.6,746,2212,0,0.00,0.00,0,1,2.79,0.01,1370
2026-05-09 16:13:01,1,1,1,2382.4,-8,17.6,720,2271,0,0.00,0.00,0,0,0.00,0.00,0
2026-05-09 16:13:01,1,1,1,2382.4,-8,17.6,720,2271,0,0.00,0.00,0,1,2.50,0.00,5917
2026-05-09 16:13:01,1,1,1,2422.9,-8,16.0,668,2329,0,0.00,0.00,0,1,2.50,0.00,5917
2026-05-09 16:13:01,1,1,1,2422.9,-8,16.0,668,2329,1,2.50,0.00,5917,1,2.50,0.00,5917
2026-05-09 16:13:01,1,1,1,2432.6,-16,14.2,598,2358,1,2.50,0.00,5917,1,2.50,0.00,5917
2026-05-09 16:13:01,1,1,1,2432.6,-16,14.2,598,2358,1,2.50,0.00,5917,1,2.50,0.00,5917
2026-05-09 16:13:01,1,1,1,2415.5,-24,12.5,524,2358,1,2.50,0.00,5917,1,2.50,0.00,5917
2026-05-09 16:13:02,1,1,1,2402.0,0,10.6,442,2361,1,2.50,0.00,5917,1,2.50,0.00,5917
2026-05-09 16:13:02,1,1,1,2402.0,0,10.6,442,2361,1,2.50,0.00,5917,1,2.50,0.00,5917
2026-05-09 16:13:02,1,1,1,2449.1,0,7.2,305,2430,1,2.50,0.00,5917,1,2.50,0.00,5917
2026-05-09 16:13:02,1,1,1,2449.1,0,7.2,305,2430,1,2.50,0.00,5917,1,2.50,0.00,5917
2026-05-09 16:13:02,1,1,1,2532.4,0,4.4,194,2525,1,2.25,-0.19,5128,1,2.25,-0.19,5128
2026-05-09 16:13:02,1,1,1,2532.4,0,4.4,194,2525,1,2.25,-0.19,5128,1,2.25,-0.19,5128
2026-05-09 16:13:02,1,1,1,2601.2,-8,2.8,128,2598,1,2.23,-0.19,5128,1,2.23,-0.19,5128
2026-05-09 16:13:02,1,1,1,2601.2,-8,2.8,128,2598,1,2.23,-0.19,5128,1,2.23,-0.19,5128
2026-05-09 16:13:02,1,1,1,2698.4,0,1.8,86,2697,1,2.23,-0.19,5128,1,2.23,-0.19,5128
2026-05-09 16:13:02,1,1,1,2780.3,8,0.8,41,2780,1,2.23,-0.19,5128,1,2.23,-0.19,5128
2026-05-09 16:13:02,1,1,1,2780.3,8,0.8,41,2780,1,2.23,-0.19,5128,1,2.23,-0.19,5128
2026-05-09 16:13:02,1,1,1,2808.3,16,-0.8,-41,2808,1,2.23,-0.19,5128,1,2.23,-0.19,5128
2026-05-09 16:13:02,1,1,1,2808.3,16,-0.8,-41,2808,1,2.23,-0.19,5128,1,2.23,-0.19,5128
2026-05-09 16:13:02,1,1,1,2800.7,39,-2.5,-124,2798,1,2.23,-0.19,5128,1,2.23,-0.19,5128
2026-05-09 16:13:02,1,1,1,2800.7,39,-2.5,-124,2798,1,2.23,-0.19,5128,1,2.23,-0.19,5128
2026-05-09 16:13:02,1,1,1,2736.8,32,-4.0,-193,2730,1,2.23,-0.19,5128,1,2.23,-0.19,5128
2026-05-09 16:13:02,1,1,1,2674.6,0,-5.6,-259,2662,1,2.23,-0.19,5128,1,2.23,-0.19,5128
2026-05-09 16:13:02,1,1,1,2674.6,0,-5.6,-259,2662,1,2.23,-0.19,5128,1,2.23,-0.19,5128
2026-05-09 16:13:02,1,1,1,2633.0,16,-7.1,-324,2613,1,2.23,-0.19,5128,1,2.23,-0.19,5128
2026-05-09 16:13:02,1,1,1,2633.0,16,-7.1,-324,2613,1,0.00,0.00,0,0,0.00,0.00,0
2026-05-09 16:13:03,1,1,1,2576.2,16,-8.9,-400,2545,1,0.00,0.00,0,0,0.00,0.00,0
2026-05-09 16:13:03,1,1,1,2576.2,16,-8.9,-400,2545,1,0.00,0.00,0,0,0.00,0.00,0
2026-05-09 16:13:03,1,1,1,2539.3,8,-10.6,-467,2496,1,0.00,0.00,0,0,0.00,0.00,0
2026-05-09 16:13:03,1,1,1,2539.3,8,-10.6,-467,2496,1,0.00,0.00,0,0,0.00,0.00,0
2026-05-09 16:13:03,1,1,1,2546.6,24,-11.3,-500,2497,0,0.00,0.00,0,0,0.00,0.00,0
2026-05-09 16:13:03,1,1,1,2567.5,0,-12.3,-545,2509,0,0.00,0.00,0,0,0.00,0.00,0
2026-05-09 16:13:03,1,1,1,2567.5,0,-12.3,-545,2509,0,0.00,0.00,0,0,0.00,0.00,0
2026-05-09 16:13:03,1,1,1,2623.0,0,-14.2,-643,2543,0,0.00,0.00,0,0,0.00,0.00,0
2026-05-09 16:13:03,1,1,1,2623.0,0,-14.2,-643,2543,0,0.00,0.00,0,0,0.00,0.00,0
2026-05-09 16:13:03,1,1,1,2726.5,0,-16.7,-782,2612,0,0.00,0.00,0,0,0.00,0.00,0
2026-05-09 16:13:03,1,1,1,2726.5,0,-16.7,-782,2612,0,0.00,0.00,0,0,0.00,0.00,0
2026-05-09 16:13:03,1,1,1,2848.0,0,-18.3,-894,2704,0,0.00,0.00,0,0,0.00,0.00,0
2026-05-09 16:13:03,1,1,1,2848.0,0,-18.3,-894,2704,0,0.00,0.00,0,0,0.00,0.00,0
2026-05-09 16:13:03,1,1,1,2962.7,0,-20.1,-1016,2783,0,0.00,0.00,0,0,0.00,0.00,0
2026-05-09 16:13:03,1,1,1,3065.1,8,-21.6,-1128,2850,0,0.00,0.00,0,0,0.00,0.00,0
2026-05-09 16:13:03,1,1,1,3065.1,8,-21.6,-1128,2850,0,0.00,0.00,0,0,0.00,0.00,0
2026-05-09 16:13:03,1,1,1,2982.2,8,-22.8,-1156,2749,0,0.00,0.00,0,0,0.00,0.00,0
2026-05-09 16:13:03,1,1,1,2982.2,8,-22.8,-1156,2749,0,0.00,0.00,0,0,0.00,0.00,0
2026-05-09 16:13:03,1,1,1,2883.3,-16,-24.0,-1175,2633,0,0.00,0.00,0,0,0.00,0.00,0
2026-05-09 16:13:03,1,1,1,2883.3,-16,-24.0,-1175,2633,0,0.00,0.00,0,0,0.00,0.00,0
2026-05-09 16:13:04,1,1,1,2795.3,-32,-25.3,-1195,2527,0,0.00,0.00,0,0,0.00,0.00,0
2026-05-09 16:13:04,1,1,1,2716.4,-24,-26.6,-1218,2428,0,0.00,0.00,0,0,0.00,0.00,0
2026-05-09 16:13:04,1,1,1,2716.4,-24,-26.6,-1218,2428,0,0.00,0.00,0,0,0.00,0.00,0
2026-05-09 16:13:04,1,1,1,2639.4,-32,-28.0,-1240,2330,0,0.00,0.00,0,0,0.00,0.00,0
2026-05-09 16:13:04,1,1,1,2639.4,-32,-28.0,-1240,2330,0,0.00,0.00,0,0,0.00,0.00,0
2026-05-09 16:13:04,1,1,1,2576.3,-32,-29.3,-1262,2246,0,0.00,0.00,0,0,0.00,0.00,0
2026-05-09 16:13:04,1,1,1,2576.3,-32,-29.3,-1262,2246,0,0.00,0.00,0,1,2.49,-0.47,8458
2026-05-09 16:13:04,1,1,1,2521.2,-48,-30.4,-1275,2175,0,0.00,0.00,0,1,2.49,-0.47,8458
2026-05-09 16:13:04,1,1,1,2521.2,-48,-30.4,-1275,2175,1,2.45,-0.47,8458,1,2.45,-0.47,8458
2026-05-09 16:13:04,1,1,1,2481.1,0,-31.2,-1284,2123,1,2.45,-0.47,8458,1,2.45,-0.47,8458
2026-05-09 16:13:04,1,1,1,2436.8,-64,-31.9,-1289,2068,1,2.35,-0.57,9673,1,2.35,-0.57,9673
2026-05-09 16:13:04,1,1,1,2436.8,-64,-31.9,-1289,2068,1,2.35,-0.57,9673,1,2.35,-0.57,9673
2026-05-09 16:13:04,1,1,1,2392.0,-56,-32.6,-1289,2015,1,2.29,-0.57,9673,1,2.29,-0.57,9673
2026-05-09 16:13:04,1,1,1,2392.0,-56,-32.6,-1289,2015,1,2.29,-0.57,9673,1,2.29,-0.57,9673
2026-05-09 16:13:04,1,1,1,2354.7,-64,-33.6,-1302,1962,1,2.27,-0.45,8125,1,2.27,-0.45,8125
2026-05-09 16:13:04,1,1,1,2354.7,-64,-33.6,-1302,1962,1,2.27,-0.45,8125,1,2.27,-0.45,8125
2026-05-09 16:13:04,1,1,1,2310.1,-96,-34.1,-1295,1913,1,2.23,-0.45,8125,1,2.23,-0.45,8125
2026-05-09 16:13:04,1,1,1,2265.6,-64,-34.4,-1279,1870,1,2.23,-0.45,8125,1,2.23,-0.45,8125
2026-05-09 16:13:04,1,1,1,2265.6,-64,-34.4,-1279,1870,1,2.20,-0.45,8973,1,2.20,-0.45,8973
2026-05-09 16:13:04,1,1,1,2217.5,-79,-35.1,-1274,1815,1,2.20,-0.45,8973,1,2.20,-0.45,8973
2026-05-09 16:13:05,1,1,1,2217.5,-79,-35.1,-1274,1815,1,2.11,-0.52,18916,1,2.11,-0.52,18916
2026-05-09 16:13:05,1,1,1,2164.6,-72,-35.8,-1267,1755,1,2.11,-0.52,18916,1,2.11,-0.52,18916
2026-05-09 16:13:05,1,1,1,2164.6,-72,-35.8,-1267,1755,1,2.06,-0.52,18916,1,2.06,-0.52,18916
2026-05-09 16:13:05,1,1,1,2110.0,-72,-36.1,-1243,1705,1,2.06,-0.52,18916,1,2.06,-0.52,18916
2026-05-09 16:13:05,1,1,1,2110.0,-72,-36.1,-1243,1705,1,2.00,-0.55,16292,1,2.00,-0.55,16292
2026-05-09 16:13:05,1,1,1,2046.9,-48,-35.6,-1192,1664,1,2.00,-0.55,16292,1,2.00,-0.55,16292
2026-05-09 16:13:05,1,1,1,1989.4,-39,-35.0,-1142,1629,1,1.94,-0.55,16292,1,1.94,-0.55,16292
2026-05-09 16:13:05,1,1,1,1989.4,-39,-35.0,-1142,1629,1,1.94,-0.55,16292,1,1.94,-0.55,16292
2026-05-09 16:13:05,1,1,1,1943.4,-32,-34.0,-1087,1611,1,1.94,-0.55,16292,1,1.94,-0.55,16292
2026-05-09 16:13:05,1,1,1,1943.4,-32,-34.0,-1087,1611,1,1.94,-0.55,16292,1,1.94,-0.55,16292
2026-05-09 16:13:05,1,1,1,1886.5,-48,-32.7,-1020,1587,1,1.94,-0.55,16292,1,1.94,-0.55,16292
2026-05-09 16:13:05,1,1,1,1886.5,-48,-32.7,-1020,1587,1,1.94,-0.55,16292,1,1.94,-0.55,16292
2026-05-09 16:13:05,1,1,1,1849.4,-16,-31.0,-953,1585,1,1.94,-0.55,16292,1,1.94,-0.55,16292
2026-05-09 16:13:05,1,1,1,1799.6,0,-29.1,-876,1572,1,1.94,-0.55,16292,1,1.94,-0.55,16292
2026-05-09 16:13:05,1,1,1,1799.6,0,-29.1,-876,1572,1,1.94,-0.55,16292,1,1.94,-0.55,16292
2026-05-09 16:13:05,1,1,1,1753.7,8,-27.5,-809,1556,1,1.94,-0.55,16292,1,1.94,-0.55,16292
2026-05-09 16:13:05,1,1,1,1753.7,8,-27.5,-809,1556,1,1.94,-0.55,16292,1,1.94,-0.55,16292
2026-05-09 16:13:05,1,1,1,1720.8,0,-25.4,-739,1554,1,1.94,-0.55,16292,1,1.94,-0.55,16292
2026-05-09 16:13:05,1,1,1,1720.8,0,-25.4,-739,1554,1,1.94,-0.55,16292,1,1.94,-0.55,16292
2026-05-09 16:13:05,1,1,1,1707.1,-8,-23.5,-682,1565,1,0.00,0.00,0,0,0.00,0.00,0
2026-05-09 16:13:06,1,1,1,1707.1,-8,-23.5,-682,1565,1,0.00,0.00,0,0,0.00,0.00,0
2026-05-09 16:13:06,1,1,1,1699.7,-16,-22.1,-639,1575,1,0.00,0.00,0,0,0.00,0.00,0
2026-05-09 16:13:06,1,1,1,1690.3,-16,-20.0,-579,1588,1,0.00,0.00,0,0,0.00,0.00,0
2026-05-09 16:13:06,1,1,1,1690.3,-16,-20.0,-579,1588,1,0.00,0.00,0,0,0.00,0.00,0
2026-05-09 16:13:06,1,1,1,1694.0,-16,-17.3,-505,1617,0,0.00,0.00,0,0,0.00,0.00,0
2026-05-09 16:13:06,1,1,1,1694.0,-16,-17.3,-505,1617,0,0.00,0.00,0,0,0.00,0.00,0
2026-05-09 16:13:06,1,1,1,1713.6,0,-14.5,-429,1659,0,0.00,0.00,0,1,3.19,0.00,6436
2026-05-09 16:13:06,1,1,1,1713.6,0,-14.5,-429,1659,0,0.00,0.00,0,1,3.19,0.00,6436
2026-05-09 16:13:06,1,1,1,1880.8,0,-10.9,-355,1847,1,3.22,0.00,5305,1,3.22,0.00,5305
2026-05-09 16:13:06,1,1,1,2034.5,-32,-7.9,-281,2015,1,3.22,0.00,5305,1,3.22,0.00,5305
2026-05-09 16:13:06,1,1,1,2034.5,-32,-7.9,-281,2015,1,3.22,0.00,5305,1,3.22,0.00,5305
2026-05-09 16:13:06,1,1,1,1959.3,-16,-6.2,-210,1948,1,3.22,0.00,5305,1,3.22,0.00,5305
2026-05-09 16:13:06,1,1,1,1959.3,-16,-6.2,-210,1948,1,3.22,0.00,5305,1,3.22,0.00,5305
2026-05-09 16:13:06,1,1,1,1855.8,0,-4.1,-133,1851,1,3.22,0.00,5305,1,3.22,0.00,5305
2026-05-09 16:13:06,1,1,1,1855.8,0,-4.1,-133,1851,1,3.22,0.00,5305,1,3.22,0.00,5305
2026-05-09 16:13:06,1,1,1,1744.8,0,-1.8,-54,1744,1,3.22,0.00,5305,1,3.22,0.00,5305
2026-05-09 16:13:06,1,1,1,1744.8,0,-1.8,-54,1744,1,3.18,0.01,9962,1,3.18,0.01,9962
2026-05-09 16:13:06,1,1,1,1637.1,0,0.7,20,1637,1,3.18,0.01,9962,1,3.18,0.01,9962
2026-05-09 16:13:06,1,1,1,1567.4,32,3.8,103,1564,1,2.36,0.08,6841,1,2.36,0.08,6841
2026-05-09 16:13:06,1,1,1,1567.4,32,3.8,103,1564,1,2.36,0.08,6841,1,2.36,0.08,6841
2026-05-09 16:13:07,1,1,1,1526.6,32,7.1,188,1515,1,2.66,0.11,12148,1,2.66,0.11,12148
2026-05-09 16:13:07,1,1,1,1526.6,32,7.1,188,1515,1,2.66,0.11,12148,1,2.66,0.11,12148
2026-05-09 16:13:07,1,1,1,1516.1,32,10.2,269,1492,1,2.82,0.16,7540,1,2.82,0.16,7540
2026-05-09 16:13:07,1,1,1,1516.1,32,10.2,269,1492,1,2.82,0.16,7540,1,2.82,0.16,7540
2026-05-09 16:13:07,1,1,1,1523.0,24,13.3,351,1482,1,2.58,0.13,15860,1,2.58,0.13,15860
2026-05-09 16:13:07,1,1,1,1529.2,24,16.5,435,1466,1,2.58,0.13,15860,1,2.58,0.13,15860
2026-05-09 16:13:07,1,1,1,1529.2,24,16.5,435,1466,1,2.59,0.13,15860,1,2.59,0.13,15860
2026-05-09 16:13:07,1,1,1,1529.3,24,19.6,512,1441,1,2.59,0.13,15860,1,2.59,0.13,15860
2026-05-09 16:13:07,1,1,1,1529.3,24,19.6,512,1441,1,2.59,0.13,15860,1,2.59,0.13,15860
2026-05-09 16:13:07,1,1,1,1527.4,32,22.1,575,1415,1,2.59,0.13,15860,1,2.59,0.13,15860
2026-05-09 16:13:07,1,1,1,1527.4,32,22.1,575,1415,1,2.59,0.13,15860,1,2.59,0.13,15860
2026-05-09 16:13:07,1,1,1,1548.9,39,24.4,639,1411,1,2.59,0.13,15860,1,2.59,0.13,15860
2026-05-09 16:13:07,1,1,1,1548.9,39,24.4,639,1411,1,2.59,0.13,15860,1,2.59,0.13,15860
2026-05-09 16:13:07,1,1,1,1576.5,32,26.2,697,1414,1,2.59,0.13,15860,1,2.59,0.13,15860
2026-05-09 16:13:07,1,1,1,1597.1,48,28.6,765,1402,1,2.59,0.13,15860,1,2.59,0.13,15860
2026-05-09 16:13:07,1,1,1,1597.1,48,28.6,765,1402,1,2.59,0.13,15860,1,2.59,0.13,15860
2026-05-09 16:13:07,1,1,1,1633.5,32,30.9,840,1401,1,3.43,0.25,720,1,3.43,0.25,720
2026-05-09 16:13:07,1,1,1,1633.5,32,30.9,840,1401,1,3.43,0.25,720,1,3.43,0.25,720
2026-05-09 16:13:07,1,1,1,1665.0,39,33.2,912,1393,1,3.46,0.25,720,1,3.46,0.25,720
2026-05-09 16:13:07,1,1,1,1665.0,39,33.2,912,1393,1,3.46,0.25,720,1,3.46,0.25,720
2026-05-09 16:13:08,1,1,1,1688.6,56,36.1,994,1365,1,2.76,0.30,4250,1,2.76,0.30,4250
2026-05-09 16:13:08,1,1,1,1688.6,56,36.1,994,1365,1,2.76,0.30,4250,1,2.76,0.30,4250
2026-05-09 16:13:08,1,1,1,1725.6,48,38.4,1071,1353,1,2.54,0.33,7522,1,2.54,0.33,7522
2026-05-09 16:13:08,1,1,1,1779.1,64,40.1,1147,1360,1,2.54,0.33,7522,1,2.54,0.33,7522
2026-05-09 16:13:08,1,1,1,1779.1,64,40.1,1147,1360,1,2.57,0.33,7522,1,2.57,0.33,7522
2026-05-09 16:13:08,1,1,1,1839.1,64,41.8,1227,1370,1,2.57,0.33,7522,1,2.57,0.33,7522
2026-05-09 16:13:08,1,1,1,1839.1,64,41.8,1227,1370,1,2.54,0.41,10952,1,2.54,0.41,10952
2026-05-09 16:13:08,1,1,1,1899.5,72,43.2,1301,1384,1,2.54,0.41,10952,1,2.54,0.41,10952
2026-05-09 16:13:08,1,1,1,1899.5,72,43.2,1301,1384,1,2.51,0.41,6673,1,2.51,0.41,6673
2026-05-09 16:13:08,1,1,1,1948.1,56,44.8,1372,1383,1,2.51,0.41,6673,1,2.51,0.41,6673
2026-05-09 16:13:08,1,1,1,1987.8,56,46.7,1446,1364,1,2.55,0.41,6673,1,2.55,0.41,6673
2026-05-09 16:13:08,1,1,1,1987.8,56,46.7,1446,1364,1,2.55,0.41,6673,1,2.55,0.41,6673
2026-05-09 16:13:08,1,1,1,2028.5,48,47.9,1506,1359,1,2.54,0.41,10121,1,2.54,0.41,10121
2026-05-09 16:13:08,1,1,1,2028.5,48,47.9,1506,1359,1,2.54,0.41,10121,1,2.54,0.41,10121
2026-05-09 16:13:08,1,1,1,2076.4,72,49.1,1569,1360,1,2.58,0.41,10121,1,2.58,0.41,10121
2026-05-09 16:13:08,1,1,1,2076.4,72,49.1,1569,1360,1,2.58,0.41,10121,1,2.58,0.41,10121
2026-05-09 16:13:08,1,1,1,2126.8,72,50.1,1631,1365,1,2.58,0.41,10121,1,2.58,0.41,10121
2026-05-09 16:13:08,1,1,1,2126.8,72,50.1,1631,1365,1,2.58,0.41,10121,1,2.58,0.41,10121
2026-05-09 16:13:08,1,1,1,2174.7,39,50.7,1684,1376,1,2.58,0.41,10121,1,2.58,0.41,10121
2026-05-09 16:13:08,1,1,1,2225.8,48,51.6,1744,1383,1,2.58,0.41,10121,1,2.58,0.41,10121
2026-05-09 16:13:09,1,1,1,2225.8,48,51.6,1744,1383,1,2.58,0.41,10121,1,2.58,0.41,10121
2026-05-09 16:13:09,1,1,1,2272.0,24,52.0,1791,1398,1,2.58,0.41,10121,1,2.58,0.41,10121
2026-05-09 16:13:09,1,1,1,2272.0,24,52.0,1791,1398,1,2.58,0.41,10121,1,2.58,0.41,10121
2026-05-09 16:13:09,1,1,1,2303.5,24,51.9,1813,1421,1,2.58,0.41,10121,1,2.58,0.41,10121
2026-05-09 16:13:09,1,1,1,2303.5,24,51.9,1813,1421,1,2.58,0.41,10121,1,2.58,0.41,10121
2026-05-09 16:13:09,1,1,1,2316.8,-8,51.3,1807,1450,1,2.58,0.41,10121,1,2.58,0.41,10121
2026-05-09 16:13:09,1,1,1,2338.3,32,50.8,1812,1478,1,2.58,0.41,10121,1,2.58,0.41,10121
2026-05-09 16:13:09,1,1,1,2338.3,32,50.8,1812,1478,1,0.00,0.00,0,0,0.00,0.00,0
2026-05-09 16:13:09,1,1,1,2370.6,16,50.9,1839,1496,1,0.00,0.00,0,0,0.00,0.00,0
2026-05-09 16:13:09,1,1,1,2370.6,16,50.9,1839,1496,1,0.00,0.00,0,0,0.00,0.00,0
2026-05-09 16:13:09,1,1,1,2394.7,16,50.5,1848,1523,1,0.00,0.00,0,0,0.00,0.00,0
2026-05-09 16:13:09,1,1,1,2394.7,16,50.5,1848,1523,1,0.00,0.00,0,0,0.00,0.00,0
2026-05-09 16:13:09,1,1,1,2443.6,-16,50.3,1880,1561,0,0.00,0.00,0,0,0.00,0.00,0
2026-05-09 16:13:09,1,1,1,2443.6,-16,50.3,1880,1561,0,0.00,0.00,0,0,0.00,0.00,0
2026-05-09 16:13:09,1,1,1,2466.9,0,49.9,1887,1589,0,0.00,0.00,0,0,0.00,0.00,0
2026-05-09 16:13:09,1,1,1,2476.5,0,50.2,1902,1586,0,0.00,0.00,0,0,0.00,0.00,0
2026-05-09 16:13:09,1,1,1,2476.5,0,50.2,1902,1586,0,0.00,0.00,0,0,0.00,0.00,0
2026-05-09 16:13:09,1,1,1,2478.5,0,50.2,1903,1588,0,0.00,0.00,0,0,0.00,0.00,0
2026-05-09 16:13:09,1,1,1,2478.5,0,50.2,1903,1588,0,0.00,0.00,0,0,0.00,0.00,0
2026-05-09 16:13:09,1,1,1,2474.2,-24,49.6,1883,1605,0,0.00,0.00,0,0,0.00,0.00,0
2026-05-09 16:13:10,1,1,1,2474.2,-24,49.6,1883,1605,0,0.00,0.00,0,0,0.00,0.00,0
2026-05-09 16:13:10,1,1,1,2483.1,-32,48.5,1860,1645,0,0.00,0.00,0,0,0.00,0.00,0
2026-05-09 16:13:10,1,1,1,2501.0,-24,46.3,1809,1727,0,0.00,0.00,0,0,0.00,0.00,0
2026-05-09 16:13:10,1,1,1,2501.0,-24,46.3,1809,1727,0,0.00,0.00,0,0,0.00,0.00,0
2026-05-09 16:13:10,1,1,1,2509.2,-16,43.9,1741,1807,0,0.00,0.00,0,1,2.55,-0.23,1985
2026-05-09 16:13:10,1,1,1,2509.2,-16,43.9,1741,1807,0,0.00,0.00,0,1,2.55,-0.23,1985
2026-05-09 16:13:10,1,1,1,2502.8,-16,42.1,1678,1857,0,0.00,0.00,0,1,2.52,-0.23,1985
2026-05-09 16:13:10,1,1,1,2502.8,-16,42.1,1678,1857,0,0.00,0.00,0,1,2.52,-0.23,1985
2026-05-09 16:13:10,1,1,1,2491.5,-32,40.4,1614,1898,0,0.00,0.00,0,1,2.50,-0.31,8066
2026-05-09 16:13:10,1,1,1,2491.5,-32,40.4,1614,1898,0,0.00,0.00,0,1,2.50,-0.31,8066
2026-05-09 16:13:10,1,1,1,2477.6,-39,38.9,1556,1928,1,2.47,-0.31,8066,1,2.47,-0.31,8066
2026-05-09 16:13:10,1,1,1,2457.4,-24,37.6,1498,1948,1,2.47,-0.31,8066,1,2.47,-0.31,8066
2026-05-09 16:13:10,1,1,1,2457.4,-24,37.6,1498,1948,1,2.47,-0.31,8066,1,2.47,-0.31,8066
2026-05-09 16:13:10,1,1,1,2428.2,-72,36.6,1447,1950,1,2.47,-0.31,8066,1,2.47,-0.31,8066
2026-05-09 16:13:10,1,1,1,2428.2,-72,36.6,1447,1950,1,2.47,-0.31,8066,1,2.47,-0.31,8066
2026-05-09 16:13:10,1,1,1,2392.8,-88,35.9,1402,1939,1,2.47,-0.31,8066,1,2.47,-0.31,8066
2026-05-09 16:13:10,1,1,1,2392.8,-88,35.9,1402,1939,1,2.25,-0.94,6322,1,2.25,-0.94,6322
2026-05-09 16:13:10,1,1,1,2359.2,-88,35.5,1371,1920,1,2.25,-0.94,6322,1,2.25,-0.94,6322
2026-05-09 16:13:10,1,1,1,2332.5,-79,34.9,1336,1912,1,2.16,-0.94,6322,1,2.16,-0.94,6322
2026-05-09 16:13:10,1,1,1,2332.5,-79,34.9,1336,1912,1,2.16,-0.94,6322,1,2.16,-0.94,6322
2026-05-09 16:13:11,1,1,1,2287.6,-64,34.6,1299,1883,1,2.09,-0.79,11713,1,2.09,-0.79,11713
2026-05-09 16:13:11,1,1,1,2287.6,-64,34.6,1299,1883,1,2.09,-0.79,11713,1,2.09,-0.79,11713
2026-05-09 16:13:11,1,1,1,2236.7,-56,34.3,1260,1848,1,2.02,-0.73,20008,1,2.02,-0.73,20008
2026-05-09 16:13:11,1,1,1,2236.7,-56,34.3,1260,1848,1,2.02,-0.73,20008,1,2.02,-0.73,20008
2026-05-09 16:13:11,1,1,1,2175.6,-64,34.1,1219,1802,1,1.97,-0.66,65386,1,1.97,-0.66,65386
2026-05-09 16:13:11,1,1,1,2175.6,-64,34.1,1219,1802,1,1.97,-0.66,65386,1,1.97,-0.66,65386
2026-05-09 16:13:11,1,1,1,2115.9,-56,33.8,1176,1759,1,1.93,-0.62,23149,1,1.93,-0.62,23149
2026-05-09 16:13:11,1,1,1,2061.0,-56,33.4,1134,1721,1,1.93,-0.62,23149,1,1.93,-0.62,23149
2026-05-09 16:13:11,1,1,1,2061.0,-56,33.4,1134,1721,1,1.90,-0.58,25882,1,1.90,-0.58,25882
2026-05-09 16:13:11,1,1,1,2003.4,-39,33.3,1099,1675,1,1.90,-0.58,25882,1,1.90,-0.58,25882
2026-05-09 16:13:11,1,1,1,2003.4,-39,33.3,1099,1675,1,1.84,-0.58,25882,1,1.84,-0.58,25882
2026-05-09 16:13:11,1,1,1,1952.7,-32,32.9,1060,1640,1,1.84,-0.58,25882,1,1.84,-0.58,25882
2026-05-09 16:13:11,1,1,1,1952.7,-32,32.9,1060,1640,1,1.80,-0.51,26501,1,1.80,-0.51,26501
2026-05-09 16:13:11,1,1,1,1904.2,-24,32.1,1012,1613,1,1.80,-0.51,26501,1,1.80,-0.51,26501
2026-05-09 16:13:11,1,1,1,1847.6,-24,31.3,961,1578,1,1.75,-0.51,26501,1,1.75,-0.51,26501
2026-05-09 16:13:11,1,1,1,1847.6,-24,31.3,961,1578,1,1.75,-0.51,26501,1,1.75,-0.51,26501
2026-05-09 16:13:11,1,1,1,1790.4,-24,30.3,903,1546,1,1.75,-0.51,26501,1,1.75,-0.51,26501
2026-05-09 16:13:11,1,1,1,1790.4,-24,30.3,903,1546,1,1.75,-0.51,26501,1,1.75,-0.51,26501
2026-05-09 16:13:11,1,1,1,1733.9,-16,28.9,838,1518,1,1.75,-0.51,26501,1,1.75,-0.51,26501
2026-05-09 16:13:11,1,1,1,1733.9,-16,28.9,838,1518,1,1.75,-0.51,26501,1,1.75,-0.51,26501
2026-05-09 16:13:12,1,1,1,1692.3,0,26.6,758,1513,1,1.75,-0.51,26501,1,1.75,-0.51,26501
2026-05-09 16:13:12,1,1,1,1692.3,0,26.6,758,1513,1,1.75,-0.51,26501,1,1.75,-0.51,26501
2026-05-09 16:13:12,1,1,1,1674.9,8,23.8,677,1532,1,1.75,-0.51,26501,1,1.75,-0.51,26501
2026-05-09 16:13:12,1,1,1,1662.6,16,21.1,599,1551,1,1.75,-0.51,26501,1,1.75,-0.51,26501
2026-05-09 16:13:12,1,1,1,1662.6,16,21.1,599,1551,1,1.75,-0.51,26501,1,1.75,-0.51,26501
2026-05-09 16:13:12,1,1,1,1661.1,16,18.4,525,1576,1,1.75,-0.51,26501,1,1.75,-0.51,26501
2026-05-09 16:13:12,1,1,1,1661.1,16,18.4,525,1576,1,3.25,0.02,2993,1,3.25,0.02,2993
2026-05-09 16:13:12,1,1,1,1674.9,0,15.6,451,1613,1,3.25,0.02,2993,1,3.25,0.02,2993
2026-05-09 16:13:12,1,1,1,1674.9,0,15.6,451,1613,1,2.52,0.10,7689,1,2.52,0.10,7689
2026-05-09 16:13:12,1,1,1,1868.3,0,10.8,351,1835,1,2.52,0.10,7689,1,2.52,0.10,7689
2026-05-09 16:13:12,1,1,1,1868.3,0,10.8,351,1835,1,2.29,0.12,27369,1,2.29,0.12,27369
2026-05-09 16:13:12,1,1,1,2050.2,32,7.0,249,2035,1,2.29,0.12,27369,1,2.29,0.12,27369
2026-05-09 16:13:12,1,1,1,2042.3,48,5.2,184,2034,1,2.30,0.12,27369,1,2.30,0.12,27369
2026-05-09 16:13:12,1,1,1,2042.3,48,5.2,184,2034,1,2.30,0.12,27369,1,2.30,0.12,27369
2026-05-09 16:13:12,1,1,1,1994.7,39,3.0,104,1992,1,2.30,0.12,27369,1,2.30,0.12,27369
2026-05-09 16:13:12,1,1,1,1994.7,39,3.0,104,1992,1,2.30,0.12,27369,1,2.30,0.12,27369
2026-05-09 16:13:12,1,1,1,1953.4,72,1.1,37,1953,1,2.30,0.12,27369,1,2.30,0.12,27369
2026-05-09 16:13:12,1,1,1,1953.4,72,1.1,37,1953,1,2.30,0.12,27369,1,2.30,0.12,27369
2026-05-09 16:13:12,1,1,1,1934.1,56,-0.7,-23,1934,1,2.30,0.12,27369,1,2.30,0.12,27369
2026-05-09 16:13:12,1,1,1,1923.6,0,-2.4,-79,1922,1,2.30,0.12,27369,1,2.30,0.12,27369
2026-05-09 16:13:13,1,1,1,1923.6,0,-2.4,-79,1922,1,2.12,0.50,11353,1,2.12,0.50,11353
2026-05-09 16:13:13,1,1,1,2095.0,0,-3.6,-130,2091,1,2.12,0.50,11353,1,2.12,0.50,11353
2026-05-09 16:13:13,1,1,1,2095.0,0,-3.6,-130,2091,1,2.17,0.50,11353,1,2.17,0.50,11353
2026-05-09 16:13:13,1,1,1,2276.0,0,-4.5,-179,2269,1,2.17,0.50,11353,1,2.17,0.50,11353
2026-05-09 16:13:13,1,1,1,2276.0,0,-4.5,-179,2269,1,2.17,0.50,11353,1,2.17,0.50,11353
2026-05-09 16:13:13,1,1,1,2442.5,8,-5.8,-247,2430,1,2.17,0.50,11353,1,2.17,0.50,11353
2026-05-09 16:13:13,1,1,1,2442.5,8,-5.8,-247,2430,1,2.17,0.50,11353,1,2.17,0.50,11353
2026-05-09 16:13:13,1,1,1,2582.7,56,-7.1,-318,2563,1,2.17,0.50,11353,1,2.17,0.50,11353
2026-05-09 16:13:13,1,1,1,2543.2,64,-8.8,-391,2513,1,2.17,0.50,11353,1,2.17,0.50,11353
2026-05-09 16:13:13,1,1,1,2543.2,64,-8.8,-391,2513,1,2.17,0.50,11353,1,2.17,0.50,11353
2026-05-09 16:13:13,1,1,1,2477.8,56,-10.9,-469,2433,1,2.17,0.50,11353,1,2.17,0.50,11353
2026-05-09 16:13:13,1,1,1,2477.8,56,-10.9,-469,2433,1,2.17,0.50,11353,1,2.17,0.50,11353
2026-05-09 16:13:13,1,1,1,2425.6,48,-12.9,-543,2364,1,2.17,0.50,11353,1,2.17,0.50,11353
2026-05-09 16:13:13,1,1,1,2425.6,48,-12.9,-543,2364,1,2.17,0.50,11353,1,2.17,0.50,11353
2026-05-09 16:13:13,1,1,1,2390.5,48,-14.9,-615,2310,1,2.17,0.50,11353,1,2.17,0.50,11353
2026-05-09 16:13:13,1,1,1,2373.1,0,-17.0,-692,2270,1,0.00,0.00,0,0,0.00,0.00,0
2026-05-09 16:13:13,1,1,1,2373.1,0,-17.0,-692,2270,1,0.00,0.00,0,0,0.00,0.00,0
2026-05-09 16:13:13,1,1,1,2440.2,0,-19.9,-832,2294,1,0.00,0.00,0,0,0.00,0.00,0
2026-05-09 16:13:13,1,1,1,2440.2,0,-19.9,-832,2294,1,0.00,0.00,0,0,0.00,0.00,0
2026-05-09 16:13:13,1,1,1,2501.9,64,-22.2,-944,2317,1,0.00,0.00,0,0,0.00,0.00,0
2026-05-09 16:13:14,1,1,1,2501.9,64,-22.2,-944,2317,0,0.00,0.00,0,0,0.00,0.00,0
2026-05-09 16:13:14,1,1,1,2614.4,0,-24.4,-1082,2380,0,0.00,0.00,0,0,0.00,0.00,0
2026-05-09 16:13:14,1,1,1,2614.4,0,-24.4,-1082,2380,0,0.00,0.00,0,0,0.00,0.00,0
2026-05-09 16:13:14,1,1,1,2710.6,39,-26.3,-1199,2431,0,0.00,0.00,0,0,0.00,0.00,0
2026-05-09 16:13:14,1,1,1,2703.5,16,-27.1,-1233,2406,0,0.00,0.00,0,0,0.00,0.00,0
2026-05-09 16:13:14,1,1,1,2703.5,16,-27.1,-1233,2406,0,0.00,0.00,0,0,0.00,0.00,0
2026-05-09 16:13:14,1,1,1,2699.0,0,-27.7,-1254,2390,0,0.00,0.00,0,0,0.00,0.00,0
2026-05-09 16:13:14,1,1,1,2699.0,0,-27.7,-1254,2390,0,0.00,0.00,0,0,0.00,0.00,0
2026-05-09 16:13:14,1,1,1,2754.9,0,-27.7,-1281,2439,0,0.00,0.00,0,0,0.00,0.00,0
2026-05-09 16:13:14,1,1,1,2754.9,0,-27.7,-1281,2439,0,0.00,0.00,0,0,0.00,0.00,0
2026-05-09 16:13:14,1,1,1,2838.9,0,-27.6,-1315,2516,0,0.00,0.00,0,0,0.00,0.00,0
2026-05-09 16:13:14,1,1,1,2939.0,0,-27.4,-1353,2609,0,0.00,0.00,0,0,0.00,0.00,0
2026-05-09 16:13:14,1,1,1,2939.0,0,-27.4,-1353,2609,0,0.00,0.00,0,0,0.00,0.00,0
2026-05-09 16:13:14,1,1,1,3019.0,0,-27.3,-1386,2682,0,0.00,0.00,0,0,0.00,0.00,0
2026-05-09 16:13:14,1,1,1,3019.0,0,-27.3,-1386,2682,0,0.00,0.00,0,0,0.00,0.00,0
2026-05-09 16:13:14,1,1,1,3042.3,8,-27.8,-1421,2690,0,0.00,0.00,0,0,0.00,0.00,0
2026-05-09 16:13:14,1,1,1,3042.3,8,-27.8,-1421,2690,0,0.00,0.00,0,0,0.00,0.00,0
2026-05-09 16:13:14,1,1,1,3027.6,0,-29.2,-1475,2644,0,0.00,0.00,0,0,0.00,0.00,0
2026-05-09 16:13:14,1,1,1,3027.6,0,-29.2,-1475,2644,0,0.00,0.00,0,0,0.00,0.00,0
2026-05-09 16:13:14,1,1,1,2970.0,0,-30.8,-1521,2551,0,0.00,0.00,0,0,0.00,0.00,0
2026-05-09 16:13:15,1,1,1,2934.3,0,-32.7,-1584,2470,0,0.00,0.00,0,0,0.00,0.00,0
2026-05-09 16:13:15,1,1,1,2934.3,0,-32.7,-1584,2470,0,0.00,0.00,0,0,0.00,0.00,0
2026-05-09 16:13:15,1,1,1,2909.3,8,-34.2,-1637,2405,0,0.00,0.00,0,0,0.00,0.00,0
2026-05-09 16:13:15,1,1,1,2909.3,8,-34.2,-1637,2405,0,0.00,0.00,0,0,0.00,0.00,0
2026-05-09 16:13:15,1,1,1,2870.6,24,-35.7,-1674,2332,0,0.00,0.00,0,0,0.00,0.00,0
2026-05-09 16:13:15,1,1,1,2870.6,24,-35.7,-1674,2332,0,0.00,0.00,0,0,0.00,0.00,0
2026-05-09 16:13:15,1,1,1,2831.6,8,-37.1,-1710,2257,0,0.00,0.00,0,0,0.00,0.00,0
2026-05-09 16:13:15,1,1,1,2803.4,0,-38.4,-1740,2198,0,0.00,0.00,0,0,0.00,0.00,0
2026-05-09 16:13:15,1,1,1,2803.4,0,-38.4,-1740,2198,0,0.00,0.00,0,0,0.00,0.00,0
2026-05-09 16:13:15,1,1,1,2776.2,-8,-40.0,-1783,2128,0,0.00,0.00,0,0,0.00,0.00,0
2026-05-09 16:13:15,1,1,1,2776.2,-8,-40.0,-1783,2128,0,0.00,0.00,0,0,0.00,0.00,0
2026-05-09 16:13:15,1,1,1,2762.5,0,-41.4,-1826,2073,0,0.00,0.00,0,0,0.00,0.00,0
2026-05-09 16:13:15,1,1,1,2762.5,0,-41.4,-1826,2073,0,0.00,0.00,0,0,0.00,0.00,0
2026-05-09 16:13:15,1,1,1,2752.8,-32,-42.4,-1856,2033,0,0.00,0.00,0,0,0.00,0.00,0
2026-05-09 16:13:15,1,1,1,2752.8,-32,-42.4,-1856,2033,0,0.00,0.00,0,0,0.00,0.00,0
2026-05-09 16:13:15,1,1,1,2752.6,0,-42.8,-1871,2019,0,0.00,0.00,0,0,0.00,0.00,0
2026-05-09 16:13:15,1,1,1,2742.6,0,-42.9,-1867,2009,0,0.00,0.00,0,0,0.00,0.00,0
2026-05-09 16:13:15,1,1,1,2742.6,0,-42.9,-1867,2009,0,0.00,0.00,0,0,0.00,0.00,0
2026-05-09 16:13:15,1,1,1,2736.6,0,-43.1,-1869,1999,0,0.00,0.00,0,0,0.00,0.00,0
2026-05-09 16:13:15,1,1,1,2736.6,0,-43.1,-1869,1999,0,0.00,0.00,0,0,0.00,0.00,0
2026-05-09 16:13:16,1,1,1,2720.7,-72,-43.3,-1866,1980,0,0.00,0.00,0,1,2.75,-0.48,7141
2026-05-09 16:13:16,1,1,1,2720.7,-72,-43.3,-1866,1980,0,0.00,0.00,0,1,2.75,-0.48,7141
2026-05-09 16:13:16,1,1,1,2701.4,-39,-43.5,-1858,1961,1,2.70,-0.48,7141,1,2.70,-0.48,7141
2026-05-09 16:13:16,1,1,1,2701.4,-39,-43.5,-1858,1961,1,2.70,-0.48,7141,1,2.70,-0.48,7141
2026-05-09 16:13:16,1,1,1,2682.4,-39,-43.4,-1844,1948,1,2.70,-0.48,7141,1,2.70,-0.48,7141
2026-05-09 16:13:16,1,1,1,2659.9,-39,-43.3,-1823,1937,1,2.70,-0.48,7141,1,2.70,-0.48,7141
2026-05-09 16:13:16,1,1,1,2659.9,-39,-43.3,-1823,1937,1,2.70,-0.48,7141,1,2.70,-0.48,7141
2026-05-09 16:13:16,1,1,1,2634.7,-48,-43.1,-1800,1924,1,2.70,-0.48,7141,1,2.70,-0.48,7141
2026-05-09 16:13:16,1,1,1,2634.7,-48,-43.1,-1800,1924,1,2.70,-0.48,7141,1,2.70,-0.48,7141
2026-05-09 16:13:16,1,1,1,2606.7,-56,-42.9,-1776,1908,1,2.70,-0.48,7141,1,2.70,-0.48,7141
2026-05-09 16:13:16,1,1,1,2606.7,-56,-42.9,-1776,1908,1,2.70,-0.48,7141,1,2.70,-0.48,7141
2026-05-09 16:13:16,1,1,1,2569.6,-64,-42.7,-1742,1889,1,2.70,-0.48,7141,1,2.70,-0.48,7141
2026-05-09 16:13:16,1,1,1,2491.9,-64,-42.2,-1675,1845,1,2.70,-0.48,7141,1,2.70,-0.48,7141
2026-05-09 16:13:16,1,1,1,2491.9,-64,-42.2,-1675,1845,1,2.70,-0.48,7141,1,2.70,-0.48,7141
2026-05-09 16:13:16,1,1,1,2418.8,-64,-41.7,-1609,1806,1,2.70,-0.48,7141,1,2.70,-0.48,7141
2026-05-09 16:13:16,1,1,1,2418.8,-64,-41.7,-1609,1806,1,0.00,0.00,0,0,0.00,0.00,0
2026-05-09 16:13:16,1,1,1,2352.4,-39,-40.8,-1538,1780,1,0.00,0.00,0,0,0.00,0.00,0
2026-05-09 16:13:16,1,1,1,2352.4,-39,-40.8,-1538,1780,1,0.00,0.00,0,0,0.00,0.00,0
2026-05-09 16:13:16,1,1,1,2297.2,-39,-39.7,-1468,1767,1,2.24,-0.46,9725,1,2.24,-0.46,9725
2026-05-09 16:13:16,1,1,1,2297.2,-39,-39.7,-1468,1767,1,2.24,-0.46,9725,1,2.24,-0.46,9725
2026-05-09 16:13:17,1,1,1,2239.7,-39,-38.8,-1404,1745,1,2.14,-0.45,9025,1,2.14,-0.45,9025
2026-05-09 16:13:17,1,1,1,2174.2,-32,-37.7,-1330,1720,1,2.14,-0.45,9025,1,2.14,-0.45,9025
2026-05-09 16:13:17,1,1,1,2174.2,-32,-37.7,-1330,1720,1,2.10,-0.45,9025,1,2.10,-0.45,9025
2026-05-09 16:13:17,1,1,1,2118.7,0,-36.5,-1259,1704,1,2.10,-0.45,9025,1,2.10,-0.45,9025
2026-05-09 16:13:17,1,1,1,2118.7,0,-36.5,-1259,1704,1,2.10,-0.45,9025,1,2.10,-0.45,9025
2026-05-09 16:13:17,1,1,1,2048.5,-24,-34.6,-1162,1687,1,2.10,-0.45,9025,1,2.10,-0.45,9025
2026-05-09 16:13:17,1,1,1,2048.5,-24,-34.6,-1162,1687,1,2.10,-0.45,9025,1,2.10,-0.45,9025
2026-05-09 16:13:17,1,1,1,1979.2,-24,-32.3,-1059,1672,1,2.10,-0.45,9025,1,2.10,-0.45,9025
2026-05-09 16:13:17,1,1,1,1943.0,-16,-30.4,-983,1676,1,2.10,-0.45,9025,1,2.10,-0.45,9025
2026-05-09 16:13:17,1,1,1,1943.0,-16,-30.4,-983,1676,1,2.10,-0.45,9025,1,2.10,-0.45,9025
2026-05-09 16:13:17,1,1,1,1925.5,0,-28.5,-919,1692,1,2.03,-0.20,4493,1,2.03,-0.20,4493
2026-05-09 16:13:17,1,1,1,1925.5,0,-28.5,-919,1692,1,2.03,-0.20,4493,1,2.03,-0.20,4493
2026-05-09 16:13:17,1,1,1,2114.7,0,-28.5,-1008,1859,1,2.02,-0.21,7517,1,2.02,-0.21,7517
2026-05-09 16:13:17,1,1,1,2114.7,0,-28.5,-1008,1859,1,2.02,-0.21,7517,1,2.02,-0.21,7517
2026-05-09 16:13:17,1,1,1,2299.3,-24,-28.6,-1102,2018,1,2.00,-0.21,7517,1,2.00,-0.21,7517
2026-05-09 16:13:17,1,1,1,2299.3,-24,-28.6,-1102,2018,1,2.00,-0.21,7517,1,2.00,-0.21,7517
2026-05-09 16:13:17,1,1,1,2258.5,-24,-27.1,-1030,2010,1,2.00,-0.21,7517,1,2.00,-0.21,7517
2026-05-09 16:13:17,1,1,1,2157.8,-24,-25.4,-924,1950,1,2.00,-0.21,7517,1,2.00,-0.21,7517
2026-05-09 16:13:17,1,1,1,2157.8,-24,-25.4,-924,1950,1,2.00,-0.21,7517,1,2.00,-0.21,7517
2026-05-09 16:13:17,1,1,1,2059.0,-24,-23.2,-810,1893,1,2.00,-0.21,7517,1,2.00,-0.21,7517
2026-05-09 16:13:18,1,1,1,2059.0,-24,-23.2,-810,1893,1,1.77,-0.23,27538,1,1.77,-0.23,27538
2026-05-09 16:13:18,1,1,1,1962.7,0,-20.6,-691,1837,1,1.77,-0.23,27538,1,1.77,-0.23,27538
2026-05-09 16:13:18,1,1,1,1962.7,0,-20.6,-691,1837,1,1.74,-0.21,35461,1,1.74,-0.21,35461
2026-05-09 16:13:18,1,1,1,1897.1,0,-17.3,-565,1811,1,1.74,-0.21,35461,1,1.74,-0.21,35461
2026-05-09 16:13:18,1,1,1,1840.2,0,-13.7,-435,1788,1,2.24,-0.08,5101,1,2.24,-0.08,5101
2026-05-09 16:13:18,1,1,1,1840.2,0,-13.7,-435,1788,1,2.24,-0.08,5101,1,2.24,-0.08,5101
2026-05-09 16:13:18,1,1,1,1810.0,0,-9.5,-300,1785,1,2.23,-0.08,5101,1,2.23,-0.08,5101
2026-05-09 16:13:18,1,1,1,1810.0,0,-9.5,-300,1785,1,2.23,-0.08,5101,1,2.23,-0.08,5101
2026-05-09 16:13:18,1,1,1,1804.9,0,-5.4,-169,1797,1,2.13,-0.02,5125,1,2.13,-0.02,5125
2026-05-09 16:13:18,1,1,1,1804.9,0,-5.4,-169,1797,1,2.13,-0.02,5125,1,2.13,-0.02,5125
2026-05-09 16:13:18,1,1,1,1801.2,32,-2.1,-67,1800,1,2.11,0.03,10256,1,2.11,0.03,10256
2026-05-09 16:13:18,1,1,1,1801.2,32,-2.1,-67,1800,1,2.11,0.03,10256,1,2.11,0.03,10256
2026-05-09 16:13:18,1,1,1,1815.1,0,0.7,23,1815,1,2.11,0.03,10256,1,2.11,0.03,10256
2026-05-09 16:13:18,1,1,1,1825.9,24,3.2,102,1823,1,2.11,0.03,10256,1,2.11,0.03,10256
2026-05-09 16:13:18,1,1,1,1825.9,24,3.2,102,1823,1,2.11,0.03,10256,1,2.11,0.03,10256
2026-05-09 16:13:18,1,1,1,1833.5,24,5.5,176,1825,1,2.11,0.03,10256,1,2.11,0.03,10256
2026-05-09 16:13:18,1,1,1,1833.5,24,5.5,176,1825,1,2.11,0.03,10256,1,2.11,0.03,10256
2026-05-09 16:13:18,1,1,1,1853.4,16,7.6,246,1837,1,2.11,0.03,10256,1,2.11,0.03,10256
2026-05-09 16:13:18,1,1,1,1853.4,16,7.6,246,1837,1,2.11,0.03,10256,1,2.11,0.03,10256
2026-05-09 16:13:18,1,1,1,1858.8,24,9.9,320,1831,1,2.11,0.03,10256,1,2.11,0.03,10256
2026-05-09 16:13:19,1,1,1,1853.2,24,12.8,411,1807,1,3.25,0.23,11581,1,3.25,0.23,11581
2026-05-09 16:13:19,1,1,1,1853.2,24,12.8,411,1807,1,3.25,0.23,11581,1,3.25,0.23,11581
2026-05-09 16:13:19,1,1,1,1838.2,24,15.9,503,1768,1,3.27,0.23,6322,1,3.27,0.23,6322
2026-05-09 16:13:19,1,1,1,1838.2,24,15.9,503,1768,1,3.27,0.23,6322,1,3.27,0.23,6322
2026-05-09 16:13:19,1,1,1,1823.2,24,19.1,596,1723,1,3.29,0.23,1696,1,3.29,0.23,1696
2026-05-09 16:13:19,1,1,1,1823.2,24,19.1,596,1723,1,3.29,0.23,1696,1,3.29,0.23,1696
2026-05-09 16:13:19,1,1,1,1835.2,16,21.9,684,1703,1,2.99,0.19,13345,1,2.99,0.19,13345
2026-05-09 16:13:19,1,1,1,1835.2,16,21.9,684,1703,1,2.99,0.19,13345,1,2.99,0.19,13345
2026-05-09 16:13:19,1,1,1,1864.3,24,24.5,772,1697,1,2.85,0.17,2285,1,2.85,0.17,2285
2026-05-09 16:13:19,1,1,1,1888.6,24,26.3,837,1693,1,2.85,0.17,2285,1,2.85,0.17,2285
2026-05-09 16:13:19,1,1,1,1888.6,24,26.3,837,1693,1,2.87,0.17,2285,1,2.87,0.17,2285
2026-05-09 16:13:19,1,1,1,1932.4,24,27.8,902,1709,1,2.87,0.17,2285,1,2.87,0.17,2285
2026-05-09 16:13:19,1,1,1,1932.4,24,27.8,902,1709,1,2.77,0.15,1314,1,2.77,0.15,1314
2026-05-09 16:13:19,1,1,1,1977.1,39,29.0,957,1730,0,0.00,0.00,0,1,2.77,0.15,1314
2026-05-09 16:13:19,1,1,1,1977.1,39,29.0,957,1730,0,0.00,0.00,0,1,2.69,0.16,5717
2026-05-09 16:13:19,1,1,1,1998.6,32,30.0,999,1731,0,0.00,0.00,0,1,2.69,0.16,5717
2026-05-09 16:13:19,1,1,1,2015.7,-24,31.6,1056,1717,1,2.70,0.16,5717,1,2.70,0.16,5717
2026-05-09 16:13:19,1,1,1,2015.7,-24,31.6,1056,1717,1,2.70,0.16,5717,1,2.70,0.16,5717
2026-05-09 16:13:19,1,1,1,2033.2,0,32.9,1103,1708,1,2.70,0.16,5717,1,2.70,0.16,5717
2026-05-09 16:13:19,1,1,1,2033.2,0,32.9,1103,1708,1,2.70,0.16,5717,1,2.70,0.16,5717
2026-05-09 16:13:20,1,1,1,2049.9,0,33.5,1132,1709,1,2.70,0.16,5717,1,2.70,0.16,5717
2026-05-09 16:13:20,1,1,1,2049.9,0,33.5,1132,1709,1,2.70,0.16,5717,1,2.70,0.16,5717
2026-05-09 16:13:20,1,1,1,2072.9,-24,34.7,1179,1705,1,2.70,0.16,5717,1,2.70,0.16,5717
2026-05-09 16:13:20,1,1,1,2072.9,-24,34.7,1179,1705,1,2.70,0.16,5717,1,2.70,0.16,5717
2026-05-09 16:13:20,1,1,1,2089.4,0,35.1,1202,1709,1,2.24,-0.41,4000,1,2.24,-0.41,4000
2026-05-09 16:13:20,1,1,1,2094.9,16,34.7,1193,1722,1,2.24,-0.41,4000,1,2.24,-0.41,4000
2026-05-09 16:13:20,1,1,1,2094.9,16,34.7,1193,1722,1,2.20,-0.41,4000,1,2.20,-0.41,4000
2026-05-09 16:13:20,1,1,1,2094.6,-39,34.7,1191,1723,1,2.20,-0.41,4000,1,2.20,-0.41,4000
2026-05-09 16:13:20,1,1,1,2094.6,-39,34.7,1191,1723,1,2.20,-0.41,4000,1,2.20,-0.41,4000
2026-05-09 16:13:20,1,1,1,2089.4,-24,35.5,1212,1702,1,2.20,-0.41,4000,1,2.20,-0.41,4000
2026-05-09 16:13:20,1,1,1,2089.4,-24,35.5,1212,1702,1,2.20,-0.41,4000,1,2.20,-0.41,4000
2026-05-09 16:13:20,1,1,1,2083.4,-24,36.5,1239,1675,1,2.20,-0.41,4000,1,2.20,-0.41,4000
2026-05-09 16:13:20,1,1,1,2083.4,-24,36.5,1239,1675,1,2.00,-0.47,7893,1,2.00,-0.47,7893
2026-05-09 16:13:20,1,1,1,2072.4,-48,37.2,1254,1650,1,2.00,-0.47,7893,1,2.00,-0.47,7893
2026-05-09 16:13:20,1,1,1,2059.5,-48,37.9,1264,1626,1,1.96,-0.47,7893,1,1.96,-0.47,7893
2026-05-09 16:13:20,1,1,1,2059.5,-48,37.9,1264,1626,1,1.96,-0.47,7893,1,1.96,-0.47,7893
2026-05-09 16:13:20,1,1,1,2053.0,-56,38.0,1265,1617,1,1.96,-0.47,7893,1,1.96,-0.47,7893
2026-05-09 16:13:20,1,1,1,2053.0,-56,38.0,1265,1617,1,1.96,-0.47,7893,1,1.96,-0.47,7893
2026-05-09 16:13:20,1,1,1,2044.0,-79,38.3,1267,1604,1,1.96,-0.47,7893,1,1.96,-0.47,7893
2026-05-09 16:13:20,1,1,1,2044.0,-79,38.3,1267,1604,1,1.96,-0.47,7893,1,1.96,-0.47,7893
2026-05-09 16:13:21,1,1,1,2033.2,-72,38.5,1266,1591,1,1.76,-0.71,40996,1,1.76,-0.71,40996
2026-05-09 16:13:21,1,1,1,2020.4,-72,38.7,1263,1577,1,1.76,-0.71,40996,1,1.76,-0.71,40996
2026-05-09 16:13:21,1,1,1,2020.4,-72,38.7,1263,1577,1,1.72,-0.69,11584,1,1.72,-0.69,11584
2026-05-09 16:13:21,1,1,1,2006.7,-48,38.7,1256,1565,1,1.72,-0.69,11584,1,1.72,-0.69,11584
2026-05-09 16:13:21,1,1,1,2006.7,-48,38.7,1256,1565,1,1.69,-0.60,13042,1,1.69,-0.60,13042
2026-05-09 16:13:21,1,1,1,1993.1,-48,38.8,1248,1554,1,1.69,-0.60,13042,1,1.69,-0.60,13042
2026-05-09 16:13:21,1,1,1,1993.1,-48,38.8,1248,1554,1,1.66,-0.57,38714,1,1.66,-0.57,38714
2026-05-09 16:13:21,1,1,1,1978.4,-56,38.7,1237,1544,1,1.66,-0.57,38714,1,1.66,-0.57,38714
2026-05-09 16:13:21,1,1,1,1978.4,-56,38.7,1237,1544,1,1.59,-0.55,39065,1,1.59,-0.55,39065
2026-05-09 16:13:21,1,1,1,1961.9,-48,38.6,1223,1534,1,1.59,-0.55,39065,1,1.59,-0.55,39065
2026-05-09 16:13:21,1,1,1,1912.6,-48,38.1,1179,1506,1,1.53,-0.55,39065,1,1.53,-0.55,39065
2026-05-09 16:13:21,1,1,1,1912.6,-48,38.1,1179,1506,1,1.53,-0.55,39065,1,1.53,-0.55,39065
2026-05-09 16:13:21,1,1,1,1865.3,-39,37.4,1134,1481,1,1.53,-0.55,39065,1,1.53,-0.55,39065
2026-05-09 16:13:21,1,1,1,1865.3,-39,37.4,1134,1481,1,1.53,-0.55,39065,1,1.53,-0.55,39065
2026-05-09 16:13:21,1,1,1,1820.6,-32,36.9,1093,1456,1,1.53,-0.55,39065,1,1.53,-0.55,39065
2026-05-09 16:13:21,1,1,1,1820.6,-32,36.9,1093,1456,1,1.53,-0.55,39065,1,1.53,-0.55,39065
2026-05-09 16:13:21,1,1,1,1774.1,-24,36.3,1050,1430,1,1.32,-0.23,1096,1,1.32,-0.23,1096
2026-05-09 16:13:21,1,1,1,1736.9,-24,35.6,1010,1413,1,1.32,-0.23,1096,1,1.32,-0.23,1096
2026-05-09 16:13:21,1,1,1,1736.9,-24,35.6,1010,1413,1,1.30,-0.23,7817,1,1.30,-0.23,7817
2026-05-09 16:13:21,1,1,1,1693.7,-24,34.6,962,1394,1,1.30,-0.23,7817,1,1.30,-0.23,7817
2026-05-09 16:13:22,1,1,1,1693.7,-24,34.6,962,1394,1,1.29,-0.23,12321,1,1.29,-0.23,12321
2026-05-09 16:13:22,1,1,1,1615.3,-32,32.1,859,1368,1,1.29,-0.23,12321,1,1.29,-0.23,12321
2026-05-09 16:13:22,1,1,1,1615.3,-32,32.1,859,1368,1,1.27,-0.23,12321,1,1.27,-0.23,12321
2026-05-09 16:13:22,1,1,1,1542.5,-32,29.4,757,1344,1,1.27,-0.23,12321,1,1.27,-0.23,12321
2026-05-09 16:13:22,1,1,1,1542.5,-32,29.4,757,1344,1,1.78,-0.05,15017,1,1.78,-0.05,15017
2026-05-09 16:13:22,1,1,1,1474.5,-32,26.5,659,1319,1,1.78,-0.05,15017,1,1.78,-0.05,15017
2026-05-09 16:13:22,1,1,1,1404.9,-32,23.5,561,1288,1,1.65,-0.12,12884,1,1.65,-0.12,12884
2026-05-09 16:13:22,1,1,1,1404.9,-32,23.5,561,1288,1,1.65,-0.12,12884,1,1.65,-0.12,12884
2026-05-09 16:13:22,1,1,1,1340.7,-8,20.1,461,1259,1,1.58,-0.11,13977,1,1.58,-0.11,13977
2026-05-09 16:13:22,1,1,1,1340.7,-8,20.1,461,1259,1,1.58,-0.11,13977,1,1.58,-0.11,13977
2026-05-09 16:13:22,1,1,1,1291.3,8,16.0,357,1241,1,1.53,-0.06,41130,1,1.53,-0.06,41130
2026-05-09 16:13:22,1,1,1,1291.3,8,16.0,357,1241,1,1.53,-0.06,41130,1,1.53,-0.06,41130
2026-05-09 16:13:22,1,1,1,1266.5,8,11.5,253,1241,1,1.53,-0.06,41130,1,1.53,-0.06,41130
2026-05-09 16:13:22,1,1,1,1242.6,39,6.7,146,1234,1,1.53,-0.06,41130,1,1.53,-0.06,41130
2026-05-09 16:13:22,1,1,1,1242.6,39,6.7,146,1234,1,1.53,-0.06,41130,1,1.53,-0.06,41130
2026-05-09 16:13:22,1,1,1,1223.8,48,2.1,45,1223,1,1.53,-0.06,41130,1,1.53,-0.06,41130
2026-05-09 16:13:22,1,1,1,1223.8,48,2.1,45,1223,1,1.53,-0.06,41130,1,1.53,-0.06,41130
2026-05-09 16:13:22,1,1,1,1229.3,39,-1.3,-27,1229,1,1.53,-0.06,41130,1,1.53,-0.06,41130
2026-05-09 16:13:22,1,1,1,1229.3,39,-1.3,-27,1229,1,3.17,0.12,2754,1,3.17,0.12,2754
2026-05-09 16:13:22,1,1,1,1243.1,56,-4.7,-101,1239,1,3.17,0.12,2754,1,3.17,0.12,2754
2026-05-09 16:13:23,1,1,1,1243.1,56,-4.7,-101,1239,1,2.37,0.26,15685,1,2.37,0.26,15685
2026-05-09 16:13:23,1,1,1,1265.6,56,-7.8,-171,1254,1,2.37,0.26,15685,1,2.37,0.26,15685
2026-05-09 16:13:23,1,1,1,1277.7,32,-11.5,-255,1252,1,2.10,0.23,16314,1,2.10,0.23,16314
2026-05-09 16:13:23,1,1,1,1277.7,32,-11.5,-255,1252,1,2.10,0.23,16314,1,2.10,0.23,16314
2026-05-09 16:13:23,1,1,1,1300.8,32,-14.6,-327,1259,1,1.97,0.21,57905,1,1.97,0.21,57905
2026-05-09 16:13:23,1,1,1,1300.8,32,-14.6,-327,1259,1,1.97,0.21,57905,1,1.97,0.21,57905
2026-05-09 16:13:23,1,1,1,1323.7,39,-17.3,-393,1264,1,2.25,0.27,1306,1,2.25,0.27,1306
2026-05-09 16:13:23,1,1,1,1323.7,39,-17.3,-393,1264,1,2.25,0.27,1306,1,2.25,0.27,1306
2026-05-09 16:13:23,1,1,1,1351.0,39,-19.8,-458,1271,1,2.16,0.28,19906,1,2.16,0.28,19906
2026-05-09 16:13:23,1,1,1,1370.2,48,-23.0,-536,1261,1,2.16,0.28,19906,1,2.16,0.28,19906
2026-05-09 16:13:23,1,1,1,1370.2,48,-23.0,-536,1261,1,2.09,0.29,21689,1,2.09,0.29,21689
2026-05-09 16:13:23,1,1,1,1389.1,48,-26.3,-616,1245,1,2.09,0.29,21689,1,2.09,0.29,21689
2026-05-09 16:13:23,1,1,1,1389.1,48,-26.3,-616,1245,1,2.12,0.29,21689,1,2.12,0.29,21689
2026-05-09 16:13:23,1,1,1,1416.4,39,-29.5,-697,1233,1,2.12,0.29,21689,1,2.12,0.29,21689
2026-05-09 16:13:23,1,1,1,1416.4,39,-29.5,-697,1233,1,2.12,0.29,21689,1,2.12,0.29,21689
2026-05-09 16:13:23,1,1,1,1450.1,32,-32.4,-776,1225,1,2.12,0.29,21689,1,2.12,0.29,21689
2026-05-09 16:13:23,1,1,1,1450.1,32,-32.4,-776,1225,1,2.12,0.29,21689,1,2.12,0.29,21689
2026-05-09 16:13:33,1,1,1,3101.0,39,-26.6,-1390,2772,1,0.00,0.00,0,0,0.00,0.00,0
2026-05-09 16:13:33,1,1,1,3051.6,39,-28.4,-1452,2684,1,0.00,0.00,0,0,0.00,0.00,0
2026-05-09 16:13:33,1,1,1,3051.6,39,-28.4,-1452,2684,1,0.00,0.00,0,0,0.00,0.00,0
2026-05-09 16:13:34,1,1,1,2999.0,24,-30.7,-1529,2580,0,0.00,0.00,0,0,0.00,0.00,0
2026-05-09 16:13:34,1,1,1,2952.9,24,-33.0,-1609,2476,0,0.00,0.00,0,0,0.00,0.00,0
2026-05-09 16:13:34,1,1,1,2952.9,24,-33.0,-1609,2476,0,0.00,0.00,0,0,0.00,0.00,0
2026-05-09 16:13:34,1,1,1,2933.1,16,-34.9,-1679,2405,0,0.00,0.00,0,0,0.00,0.00,0
2026-05-09 16:13:34,1,1,1,2933.1,16,-34.9,-1679,2405,0,0.00,0.00,0,0,0.00,0.00,0
2026-05-09 16:13:34,1,1,1,2928.7,0,-36.4,-1737,2358,0,0.00,0.00,0,0,0.00,0.00,0
2026-05-09 16:13:34,1,1,1,2928.7,0,-36.4,-1737,2358,0,0.00,0.00,0,0,0.00,0.00,0
2026-05-09 16:13:34,1,1,1,2941.9,0,-36.5,-1751,2364,0,0.00,0.00,0,0,0.00,0.00,0
2026-05-09 16:13:34,1,1,1,2995.2,24,-36.7,-1788,2403,0,0.00,0.00,0,0,0.00,0.00,0
2026-05-09 16:13:34,1,1,1,2995.2,24,-36.7,-1788,2403,0,0.00,0.00,0,0,0.00,0.00,0
2026-05-09 16:13:34,1,1,1,3037.0,24,-37.1,-1831,2423,0,0.00,0.00,0,0,0.00,0.00,0
2026-05-09 16:13:34,1,1,1,3037.0,24,-37.1,-1831,2423,0,0.00,0.00,0,0,0.00,0.00,0
2026-05-09 16:13:34,1,1,1,3067.4,0,-36.7,-1835,2458,0,0.00,0.00,0,0,0.00,0.00,0
2026-05-09 16:13:34,1,1,1,3067.4,0,-36.7,-1835,2458,0,0.00,0.00,0,0,0.00,0.00,0
2026-05-09 16:13:34,1,1,1,3103.8,0,-35.6,-1805,2525,0,0.00,0.00,0,0,0.00,0.00,0
2026-05-09 16:13:34,1,1,1,3103.8,0,-35.6,-1805,2525,0,0.00,0.00,0,0,0.00,0.00,0
2026-05-09 16:13:34,1,1,1,3144.8,0,-34.7,-1788,2587,0,0.00,0.00,0,0,0.00,0.00,0
2026-05-09 16:13:34,1,1,1,3169.3,0,-33.4,-1746,2645,0,0.00,0.00,0,0,0.00,0.00,0
2026-05-09 16:13:34,1,1,1,3169.3,0,-33.4,-1746,2645,0,0.00,0.00,0,0,0.00,0.00,0
2026-05-09 16:13:34,1,1,1,3186.4,-8,-32.4,-1708,2690,0,0.00,0.00,0,0,0.00,0.00,0
2026-05-09 16:13:35,1,1,1,3186.4,-8,-32.4,-1708,2690,0,0.00,0.00,0,0,0.00,0.00,0
2026-05-09 16:13:35,1,1,1,3208.9,0,-31.6,-1680,2734,0,0.00,0.00,0,0,0.00,0.00,0
2026-05-09 16:13:35,1,1,1,3208.9,0,-31.6,-1680,2734,0,0.00,0.00,0,0,0.00,0.00,0
2026-05-09 16:13:35,1,1,1,3243.0,0,-30.5,-1648,2793,0,0.00,0.00,0,0,0.00,0.00,0
2026-05-09 16:13:35,1,1,1,3258.9,0,-29.7,-1616,2830,0,0.00,0.00,0,0,0.00,0.00,0
2026-05-09 16:13:35,1,1,1,3258.9,0,-29.7,-1616,2830,0,0.00,0.00,0,0,0.00,0.00,0
2026-05-09 16:13:35,1,1,1,3284.4,0,-29.1,-1597,2870,0,0.00,0.00,0,0,0.00,0.00,0
2026-05-09 16:13:35,1,1,1,3284.4,0,-29.1,-1597,2870,0,0.00,0.00,0,0,0.00,0.00,0
2026-05-09 16:13:35,1,1,1,3304.9,-16,-28.7,-1585,2900,0,0.00,0.00,0,0,0.00,0.00,0
2026-05-09 16:13:35,1,1,1,3304.9,-16,-28.7,-1585,2900,0,0.00,0.00,0,0,0.00,0.00,0
2026-05-09 16:13:35,1,1,1,3298.1,0,-28.1,-1554,2909,0,0.00,0.00,0,0,0.00,0.00,0
2026-05-09 16:13:35,1,1,1,3298.1,0,-28.1,-1554,2909,0,0.00,0.00,0,0,0.00,0.00,0
2026-05-09 16:13:35,1,1,1,3289.0,0,-27.7,-1527,2913,0,0.00,0.00,0,0,0.00,0.00,0
2026-05-09 16:13:35,1,1,1,3284.0,0,-27.6,-1522,2910,0,0.00,0.00,0,0,0.00,0.00,0
2026-05-09 16:13:35,1,1,1,3284.0,0,-27.6,-1522,2910,0,0.00,0.00,0,0,0.00,0.00,0
2026-05-09 16:13:35,1,1,1,3273.7,0,-27.6,-1519,2900,0,0.00,0.00,0,0,0.00,0.00,0
2026-05-09 16:13:35,1,1,1,3273.7,0,-27.6,-1519,2900,0,0.00,0.00,0,0,0.00,0.00,0
2026-05-09 16:13:35,1,1,1,3257.8,-88,-27.8,-1519,2882,0,0.00,0.00,0,0,0.00,0.00,0
2026-05-09 16:13:35,1,1,1,3257.8,-88,-27.8,-1519,2882,0,0.00,0.00,0,0,0.00,0.00,0
2026-05-09 16:13:35,1,1,1,3233.0,0,-28.2,-1530,2848,0,0.00,0.00,0,0,0.00,0.00,0
2026-05-09 16:13:36,1,1,1,3199.2,0,-29.0,-1553,2797,0,0.00,0.00,0,0,0.00,0.00,0
2026-05-09 16:13:36,1,1,1,3199.2,0,-29.0,-1553,2797,0,0.00,0.00,0,0,0.00,0.00,0
2026-05-09 16:13:36,1,1,1,3191.8,0,-29.3,-1561,2784,0,0.00,0.00,0,0,0.00,0.00,0
2026-05-09 16:13:36,1,1,1,3191.8,0,-29.3,-1561,2784,0,0.00,0.00,0,0,0.00,0.00,0
2026-05-09 16:13:36,1,1,1,3183.0,-56,-29.5,-1568,2770,0,0.00,0.00,0,0,0.00,0.00,0
2026-05-09 16:13:36,1,1,1,3183.0,-56,-29.5,-1568,2770,0,0.00,0.00,0,0,0.00,0.00,0
2026-05-09 16:13:36,1,1,1,3156.2,-39,-29.8,-1570,2738,0,0.00,0.00,0,0,0.00,0.00,0
2026-05-09 16:13:36,1,1,1,3156.2,-39,-29.8,-1570,2738,0,0.00,0.00,0,0,0.00,0.00,0
2026-05-09 16:13:36,1,1,1,3124.1,-48,-30.2,-1570,2701,0,0.00,0.00,0,0,0.00,0.00,0
2026-05-09 16:13:36,1,1,1,3030.4,-48,-31.1,-1565,2595,0,0.00,0.00,0,0,0.00,0.00,0
2026-05-09 16:13:36,1,1,1,3030.4,-48,-31.1,-1565,2595,0,0.00,0.00,0,0,0.00,0.00,0
2026-05-09 16:13:36,1,1,1,2942.1,-39,-32.1,-1564,2492,0,0.00,0.00,0,0,0.00,0.00,0
2026-05-09 16:13:36,1,1,1,2942.1,-39,-32.1,-1564,2492,0,0.00,0.00,0,0,0.00,0.00,0
2026-05-09 16:13:36,1,1,1,2784.9,-32,-33.7,-1545,2317,0,0.00,0.00,0,0,0.00,0.00,0
2026-05-09 16:13:36,1,1,1,2784.9,-32,-33.7,-1545,2317,0,0.00,0.00,0,0,0.00,0.00,0
2026-05-09 16:13:36,1,1,1,2656.3,-24,-34.7,-1512,2184,0,0.00,0.00,0,0,0.00,0.00,0
2026-05-09 16:13:36,1,1,1,2554.3,0,-35.3,-1477,2084,0,0.00,0.00,0,0,0.00,0.00,0
2026-05-09 16:13:36,1,1,1,2554.3,0,-35.3,-1477,2084,0,0.00,0.00,0,0,0.00,0.00,0
2026-05-09 16:13:36,1,1,1,2632.7,0,-34.7,-1498,2165,0,0.00,0.00,0,0,0.00,0.00,0
2026-05-09 16:13:36,1,1,1,2632.7,0,-34.7,-1498,2165,0,0.00,0.00,0,0,0.00,0.00,0
2026-05-09 16:13:37,1,1,1,2744.1,0,-33.5,-1515,2288,0,0.00,0.00,0,0,0.00,0.00,0
2026-05-09 16:13:37,1,1,1,2744.1,0,-33.5,-1515,2288,0,0.00,0.00,0,0,0.00,0.00,0
2026-05-09 16:13:37,1,1,1,2855.1,-39,-32.5,-1534,2408,0,0.00,0.00,0,0,0.00,0.00,0
2026-05-09 16:13:37,1,1,1,2855.1,-39,-32.5,-1534,2408,0,0.00,0.00,0,0,0.00,0.00,0
2026-05-09 16:13:37,1,1,1,2748.6,0,-32.4,-1474,2320,0,0.00,0.00,0,0,0.00,0.00,0
2026-05-09 16:13:37,1,1,1,2605.1,-48,-32.3,-1392,2202,0,0.00,0.00,0,0,0.00,0.00,0
2026-05-09 16:13:37,1,1,1,2605.1,-48,-32.3,-1392,2202,0,0.00,0.00,0,0,0.00,0.00,0
2026-05-09 16:13:37,1,1,1,2460.4,-39,-32.0,-1303,2087,0,0.00,0.00,0,0,0.00,0.00,0
2026-05-09 16:13:37,1,1,1,2460.4,-39,-32.0,-1303,2087,0,0.00,0.00,0,0,0.00,0.00,0
2026-05-09 16:13:37,1,1,1,2332.4,-32,-31.3,-1210,1994,0,0.00,0.00,0,0,0.00,0.00,0
2026-05-09 16:13:37,1,1,1,2332.4,-32,-31.3,-1210,1994,0,0.00,0.00,0,0,0.00,0.00,0
2026-05-09 16:13:37,1,1,1,2216.0,0,-30.2,-1115,1915,0,0.00,0.00,0,0,0.00,0.00,0
2026-05-09 16:13:37,1,1,1,2216.0,0,-30.2,-1115,1915,0,0.00,0.00,0,0,0.00,0.00,0
2026-05-09 16:13:37,1,1,1,2344.3,0,-29.3,-1148,2044,0,0.00,0.00,0,0,0.00,0.00,0
2026-05-09 16:13:37,1,1,1,2486.6,0,-29.5,-1223,2165,0,0.00,0.00,0,0,0.00,0.00,0
2026-05-09 16:13:37,1,1,1,2486.6,0,-29.5,-1223,2165,0,0.00,0.00,0,0,0.00,0.00,0
2026-05-09 16:13:37,1,1,1,2622.0,-24,-29.7,-1300,2277,0,0.00,0.00,0,1,3.20,0.00,929
2026-05-09 16:13:37,1,1,1,2622.0,-24,-29.7,-1300,2277,0,0.00,0.00,0,1,3.20,0.00,929
2026-05-09 16:13:37,1,1,1,2607.8,8,-28.8,-1255,2286,0,0.00,0.00,0,1,3.20,0.00,929
2026-05-09 16:13:37,1,1,1,2607.8,8,-28.8,-1255,2286,0,0.00,0.00,0,1,3.20,0.00,929
2026-05-09 16:13:38,1,1,1,2468.2,-8,-26.5,-1101,2209,0,0.00,0.00,0,1,2.51,-0.16,27572
2026-05-09 16:13:38,1,1,1,2331.3,0,-24.0,-950,2129,0,0.00,0.00,0,1,2.51,-0.16,27572
2026-05-09 16:13:38,1,1,1,2331.3,0,-24.0,-950,2129,1,2.49,-0.16,27572,1,2.49,-0.16,27572
2026-05-09 16:13:38,1,1,1,2299.4,0,-20.2,-794,2158,1,2.49,-0.16,27572,1,2.49,-0.16,27572
2026-05-09 16:13:38,1,1,1,2299.4,0,-20.2,-794,2158,1,2.75,-0.05,7780,1,2.75,-0.05,7780
2026-05-09 16:13:38,1,1,1,2265.9,-8,-16.6,-649,2171,1,2.75,-0.05,7780,1,2.75,-0.05,7780
2026-05-09 16:13:38,1,1,1,2265.9,-8,-16.6,-649,2171,1,2.74,-0.05,7780,1,2.74,-0.05,7780
2026-05-09 16:13:38,1,1,1,2187.7,-8,-13.8,-520,2125,1,2.74,-0.05,7780,1,2.74,-0.05,7780
2026-05-09 16:13:38,1,1,1,2187.7,-8,-13.8,-520,2125,1,2.74,-0.05,7780,1,2.74,-0.05,7780
2026-05-09 16:13:38,1,1,1,2093.9,-8,-11.2,-407,2054,1,2.74,-0.05,7780,1,2.74,-0.05,7780
2026-05-09 16:13:38,1,1,1,2015.1,-8,-8.9,-311,1991,1,2.74,-0.05,7780,1,2.74,-0.05,7780
2026-05-09 16:13:38,1,1,1,2015.1,-8,-8.9,-311,1991,1,2.74,-0.05,7780,1,2.74,-0.05,7780
2026-05-09 16:13:38,1,1,1,1936.1,8,-6.7,-225,1923,1,3.19,0.00,7813,1,3.19,0.00,7813
2026-05-09 16:13:38,1,1,1,1936.1,8,-6.7,-225,1923,1,3.19,0.00,7813,1,3.19,0.00,7813
2026-05-09 16:13:38,1,1,1,1858.7,8,-4.5,-146,1853,1,3.19,0.00,7813,1,3.19,0.00,7813
2026-05-09 16:13:38,1,1,1,1858.7,8,-4.5,-146,1853,1,3.19,0.00,7813,1,3.19,0.00,7813
2026-05-09 16:13:38,1,1,1,1814.1,8,-2.0,-62,1813,1,3.22,0.02,3709,1,3.22,0.02,3709
2026-05-09 16:13:38,1,1,1,1784.4,16,1.2,37,1784,1,3.22,0.02,3709,1,3.22,0.02,3709
2026-05-09 16:13:38,1,1,1,1784.4,16,1.2,37,1784,1,2.78,0.04,10306,1,2.78,0.04,10306
2026-05-09 16:13:38,1,1,1,1763.1,32,4.8,146,1757,1,2.78,0.04,10306,1,2.78,0.04,10306
2026-05-09 16:13:39,1,1,1,1763.1,32,4.8,146,1757,1,2.78,0.04,10306,1,2.78,0.04,10306
2026-05-09 16:13:39,1,1,1,1746.2,56,8.7,265,1726,1,2.78,0.04,10306,1,2.78,0.04,10306
2026-05-09 16:13:39,1,1,1,1746.2,56,8.7,265,1726,1,2.78,0.04,10306,1,2.78,0.04,10306
2026-05-09 16:13:39,1,1,1,1738.3,64,12.7,381,1696,1,2.78,0.04,10306,1,2.78,0.04,10306
2026-05-09 16:13:39,1,1,1,1738.3,64,12.7,381,1696,1,2.78,0.04,10306,1,2.78,0.04,10306
2026-05-09 16:13:39,1,1,1,1758.2,48,16.0,485,1690,1,2.78,0.04,10306,1,2.78,0.04,10306
2026-05-09 16:13:39,1,1,1,1783.9,39,18.9,577,1688,1,2.78,0.04,10306,1,2.78,0.04,10306
2026-05-09 16:13:39,1,1,1,1783.9,39,18.9,577,1688,1,2.78,0.04,10306,1,2.78,0.04,10306
2026-05-09 16:13:39,1,1,1,1804.8,32,21.5,662,1679,1,2.00,0.27,15377,1,2.00,0.27,15377
2026-05-09 16:13:39,1,1,1,1804.8,32,21.5,662,1679,1,2.00,0.27,15377,1,2.00,0.27,15377
2026-05-09 16:13:39,1,1,1,1838.6,24,23.7,738,1684,1,2.01,0.28,5288,1,2.01,0.28,5288
2026-05-09 16:13:39,1,1,1,1838.6,24,23.7,738,1684,1,2.01,0.28,5288,1,2.01,0.28,5288
2026-05-09 16:13:39,1,1,1,1872.5,48,25.2,798,1694,1,2.04,0.28,5288,1,2.04,0.28,5288
2026-05-09 16:13:39,1,1,1,1906.0,32,26.3,844,1709,1,2.04,0.28,5288,1,2.04,0.28,5288
2026-05-09 16:13:39,1,1,1,1906.0,32,26.3,844,1709,1,2.04,0.28,5288,1,2.04,0.28,5288
2026-05-09 16:13:39,1,1,1,1929.6,56,27.7,896,1709,1,2.04,0.28,5288,1,2.04,0.28,5288
2026-05-09 16:13:39,1,1,1,1929.6,56,27.7,896,1709,1,2.04,0.28,5288,1,2.04,0.28,5288
2026-05-09 16:13:39,1,1,1,1957.1,24,28.7,941,1716,1,2.04,0.28,5288,1,2.04,0.28,5288
2026-05-09 16:13:39,1,1,1,1957.1,24,28.7,941,1716,1,2.04,0.28,5288,1,2.04,0.28,5288
2026-05-09 16:13:39,1,1,1,1992.5,48,29.9,992,1728,1,2.04,0.28,5288,1,2.04,0.28,5288
2026-05-09 16:13:40,1,1,1,1992.5,48,29.9,992,1728,1,2.04,0.28,5288,1,2.04,0.28,5288
2026-05-09 16:13:40,1,1,1,2033.0,24,31.2,1053,1739,1,2.04,0.28,5288,1,2.04,0.28,5288
2026-05-09 16:13:40,1,1,1,2085.9,0,31.9,1102,1771,1,2.04,0.28,5288,1,2.04,0.28,5288
2026-05-09 16:13:40,1,1,1,2085.9,0,31.9,1102,1771,1,2.04,0.28,5288,1,2.04,0.28,5288
2026-05-09 16:13:40,1,1,1,2132.3,16,32.3,1140,1802,1,2.04,0.28,5288,1,2.04,0.28,5288
2026-05-09 16:13:40,1,1,1,2132.3,16,32.3,1140,1802,1,0.00,0.00,0,0,0.00,0.00,0
2026-05-09 16:13:40,1,1,1,2176.4,24,32.8,1178,1830,1,0.00,0.00,0,0,0.00,0.00,0
2026-05-09 16:13:40,1,1,1,2176.4,24,32.8,1178,1830,1,0.00,0.00,0,0,0.00,0.00,0
2026-05-09 16:13:40,1,1,1,2204.9,56,33.7,1224,1834,1,0.00,0.00,0,0,0.00,0.00,0
2026-05-09 16:13:40,1,1,1,2239.2,39,34.3,1263,1849,1,0.00,0.00,0,0,0.00,0.00,0
2026-05-09 16:13:40,1,1,1,2239.2,39,34.3,1263,1849,1,2.50,0.47,4964,1,2.50,0.47,4964
2026-05-09 16:13:40,1,1,1,2270.5,48,35.1,1305,1858,1,2.50,0.47,4964,1,2.50,0.47,4964
2026-05-09 16:13:40,1,1,1,2270.5,48,35.1,1305,1858,1,2.52,0.37,14948,1,2.52,0.37,14948
2026-05-09 16:13:40,1,1,1,2303.6,32,35.6,1341,1873,1,2.52,0.37,14948,1,2.52,0.37,14948
2026-05-09 16:13:40,1,1,1,2303.6,32,35.6,1341,1873,1,2.55,0.37,14948,1,2.55,0.37,14948
2026-05-09 16:13:40,1,1,1,2345.1,16,35.5,1362,1909,1,2.55,0.37,14948,1,2.55,0.37,14948
2026-05-09 16:13:40,1,1,1,2345.1,16,35.5,1362,1909,1,2.55,0.37,14948,1,2.55,0.37,14948
2026-05-09 16:13:40,1,1,1,2375.3,8,35.9,1393,1924,1,2.55,0.37,14948,1,2.55,0.37,14948
2026-05-09 16:13:40,1,1,1,2396.2,16,35.8,1401,1944,1,2.55,0.37,14948,1,2.55,0.37,14948
2026-05-09 16:13:40,1,1,1,2396.2,16,35.8,1401,1944,1,2.55,0.37,14948,1,2.55,0.37,14948
2026-05-09 16:13:41,1,1,1,2409.9,8,35.0,1381,1975,1,2.55,0.37,14948,1,2.55,0.37,14948
2026-05-09 16:13:41,1,1,1,2409.9,8,35.0,1381,1975,1,2.55,0.37,14948,1,2.55,0.37,14948
2026-05-09 16:13:41,1,1,1,2423.8,-32,34.6,1375,1996,1,2.55,0.37,14948,1,2.55,0.37,14948
2026-05-09 16:13:41,1,1,1,2423.8,-32,34.6,1375,1996,1,2.55,0.37,14948,1,2.55,0.37,14948
2026-05-09 16:13:41,1,1,1,2462.0,0,33.8,1371,2045,1,2.55,0.37,14948,1,2.55,0.37,14948
2026-05-09 16:13:41,1,1,1,2518.8,-16,32.6,1357,2122,1,2.55,0.37,14948,1,2.55,0.37,14948
2026-05-09 16:13:41,1,1,1,2518.8,-16,32.6,1357,2122,1,2.50,0.00,680,1,2.50,0.00,680
2026-05-09 16:13:41,1,1,1,2567.2,8,31.6,1346,2186,1,2.50,0.00,680,1,2.50,0.00,680
2026-05-09 16:13:41,1,1,1,2567.2,8,31.6,1346,2186,1,2.51,0.12,689,1,2.51,0.12,689
2026-05-09 16:13:41,1,1,1,2633.8,-16,30.1,1322,2278,1,2.51,0.12,689,1,2.51,0.12,689
2026-05-09 16:13:41,1,1,1,2633.8,-16,30.1,1322,2278,1,2.78,0.03,2756,1,2.78,0.03,2756
2026-05-09 16:13:41,1,1,1,2688.4,32,28.8,1295,2356,0,0.00,0.00,0,1,2.78,0.03,2756
2026-05-09 16:13:41,1,1,1,2688.4,32,28.8,1295,2356,0,0.00,0.00,0,1,2.78,0.03,2756
2026-05-09 16:13:41,1,1,1,2717.8,0,28.4,1294,2390,0,0.00,0.00,0,1,2.78,0.03,2756
2026-05-09 16:13:41,1,1,1,2699.9,-8,28.1,1273,2381,0,0.00,0.00,0,1,2.78,0.03,2756
2026-05-09 16:13:41,1,1,1,2699.9,-8,28.1,1273,2381,0,0.00,0.00,0,1,2.78,0.03,2756
2026-05-09 16:13:41,1,1,1,2664.3,-16,28.2,1261,2347,0,0.00,0.00,0,1,2.78,0.03,2756
2026-05-09 16:13:41,1,1,1,2664.3,-16,28.2,1261,2347,0,0.00,0.00,0,1,2.78,0.03,2756
2026-05-09 16:13:41,1,1,1,2630.1,-24,28.4,1252,2313,0,0.00,0.00,0,1,2.50,-0.20,4418
2026-05-09 16:13:41,1,1,1,2630.1,-24,28.4,1252,2313,0,0.00,0.00,0,1,2.50,-0.20,4418
2026-05-09 16:13:42,1,1,1,2594.0,-24,28.5,1239,2279,1,2.48,-0.22,13096,1,2.48,-0.22,13096
2026-05-09 16:13:42,1,1,1,2594.0,-24,28.5,1239,2279,1,2.48,-0.22,13096,1,2.48,-0.22,13096
2026-05-09 16:13:42,1,1,1,2561.1,-39,28.3,1216,2254,1,2.47,-0.27,3904,1,2.47,-0.27,3904
2026-05-09 16:13:42,1,1,1,2543.1,-32,27.9,1191,2247,1,2.47,-0.27,3904,1,2.47,-0.27,3904
2026-05-09 16:13:42,1,1,1,2543.1,-32,27.9,1191,2247,1,2.44,-0.27,3904,1,2.44,-0.27,3904
2026-05-09 16:13:42,1,1,1,2518.8,-39,27.2,1150,2241,1,2.44,-0.27,3904,1,2.44,-0.27,3904
2026-05-09 16:13:42,1,1,1,2518.8,-39,27.2,1150,2241,1,2.44,-0.27,3904,1,2.44,-0.27,3904
2026-05-09 16:13:42,1,1,1,2476.8,-16,24.9,1042,2247,1,2.44,-0.27,3904,1,2.44,-0.27,3904
2026-05-09 16:13:42,1,1,1,2476.8,-16,24.9,1042,2247,1,2.44,-0.27,3904,1,2.44,-0.27,3904
2026-05-09 16:13:42,1,1,1,2453.2,-8,21.8,913,2277,1,2.44,-0.27,3904,1,2.44,-0.27,3904
2026-05-09 16:13:42,1,1,1,2414.5,0,18.8,780,2285,1,2.44,-0.27,3904,1,2.44,-0.27,3904
2026-05-09 16:13:42,1,1,1,2414.5,0,18.8,780,2285,1,2.44,-0.27,3904,1,2.44,-0.27,3904
2026-05-09 16:13:42,1,1,1,2379.4,0,15.0,617,2298,1,2.44,-0.27,3904,1,2.44,-0.27,3904
2026-05-09 16:13:42,1,1,1,2379.4,0,15.0,617,2298,1,2.44,-0.27,3904,1,2.44,-0.27,3904
2026-05-09 16:13:42,1,1,1,2369.9,-8,11.4,469,2323,1,2.44,-0.27,3904,1,2.44,-0.27,3904
2026-05-09 16:13:42,1,1,1,2369.9,-8,11.4,469,2323,1,2.44,-0.27,3904,1,2.44,-0.27,3904
2026-05-09 16:13:42,1,1,1,2371.0,-8,8.7,357,2344,1,2.29,0.00,8125,1,2.29,0.00,8125
2026-05-09 16:13:42,1,1,1,2371.0,-8,8.7,357,2344,1,2.29,0.00,8125,1,2.29,0.00,8125
2026-05-09 16:13:42,1,1,1,2416.8,0,6.3,267,2402,1,2.76,0.03,1082,1,2.76,0.03,1082
2026-05-09 16:13:42,1,1,1,2540.8,0,4.5,199,2533,1,2.76,0.03,1082,1,2.76,0.03,1082
2026-05-09 16:13:43,1,1,1,2540.8,0,4.5,199,2533,1,2.76,0.03,1082,1,2.76,0.03,1082
2026-05-09 16:13:43,1,1,1,2675.8,0,3.4,161,2671,1,2.76,0.03,1082,1,2.76,0.03,1082
2026-05-09 16:13:43,1,1,1,2675.8,0,3.4,161,2671,1,2.62,0.00,1768,1,2.62,0.00,1768
2026-05-09 16:13:43,1,1,1,2777.4,-8,2.8,138,2774,0,0.00,0.00,0,1,2.62,0.00,1768
2026-05-09 16:13:43,1,1,1,2777.4,-8,2.8,138,2774,0,0.00,0.00,0,1,2.78,0.03,2873
2026-05-09 16:13:43,1,1,1,2853.9,-8,2.1,105,2852,0,0.00,0.00,0,1,2.78,0.03,2873
2026-05-09 16:13:43,1,1,1,2890.5,0,1.1,56,2890,0,0.00,0.00,0,1,2.78,0.03,2873
2026-05-09 16:13:43,1,1,1,2890.5,0,1.1,56,2890,0,0.00,0.00,0,1,2.78,0.03,2873
2026-05-09 16:13:43,1,1,1,2889.0,-16,0.0,2,2889,0,0.00,0.00,0,1,2.78,0.03,2873
2026-05-09 16:13:43,1,1,1,2889.0,-16,0.0,2,2889,0,0.00,0.00,0,1,2.78,0.03,2873
2026-05-09 16:13:43,1,1,1,2841.0,-8,-1.5,-75,2840,0,0.00,0.00,0,1,2.78,0.03,2873
2026-05-09 16:13:43,1,1,1,2841.0,-8,-1.5,-75,2840,0,0.00,0.00,0,1,2.78,0.03,2873
2026-05-09 16:13:43,1,1,1,2815.2,0,-3.1,-154,2811,0,0.00,0.00,0,1,2.78,0.03,2873
2026-05-09 16:13:43,1,1,1,2815.2,0,-3.1,-154,2811,0,0.00,0.00,0,1,2.78,0.03,2873
2026-05-09 16:13:43,1,1,1,2749.6,-8,-5.0,-241,2739,0,0.00,0.00,0,1,3.21,0.01,2880
2026-05-09 16:13:43,1,1,1,2706.9,0,-7.1,-336,2686,0,0.00,0.00,0,1,3.21,0.01,2880
2026-05-09 16:13:43,1,1,1,2706.9,0,-7.1,-336,2686,0,0.00,0.00,0,1,3.21,0.01,2880
2026-05-09 16:13:43,1,1,1,2640.3,0,-9.4,-430,2605,0,0.00,0.00,0,1,3.21,0.01,2880
2026-05-09 16:13:43,1,1,1,2640.3,0,-9.4,-430,2605,0,0.00,0.00,0,1,3.21,0.01,2880
2026-05-09 16:13:43,1,1,1,2555.5,-8,-10.8,-480,2510,0,0.00,0.00,0,1,3.21,0.01,2880
2026-05-09 16:13:44,1,1,1,2555.5,-8,-10.8,-480,2510,0,0.00,0.00,0,1,3.21,0.01,2880
2026-05-09 16:13:44,1,1,1,2486.3,-8,-12.2,-526,2430,0,0.00,0.00,0,1,3.21,0.01,2880
2026-05-09 16:13:44,1,1,1,2481.3,0,-13.4,-574,2414,0,0.00,0.00,0,1,3.21,0.01,2880
2026-05-09 16:13:44,1,1,1,2481.3,0,-13.4,-574,2414,0,0.00,0.00,0,1,3.21,0.01,2880
2026-05-09 16:13:44,1,1,1,2500.7,0,-14.7,-634,2419,0,0.00,0.00,0,1,2.24,-0.14,3074
2026-05-09 16:13:44,1,1,1,2500.7,0,-14.7,-634,2419,0,0.00,0.00,0,1,2.24,-0.14,3074
2026-05-09 16:13:44,1,1,1,2593.6,0,-17.8,-791,2470,1,2.23,-0.14,3074,1,2.23,-0.14,3074
2026-05-09 16:13:44,1,1,1,2593.6,0,-17.8,-791,2470,1,2.23,-0.14,3074,1,2.23,-0.14,3074
2026-05-09 16:13:44,1,1,1,2697.0,0,-20.3,-937,2529,1,2.23,-0.14,3074,1,2.23,-0.14,3074
2026-05-09 16:13:44,1,1,1,2697.0,0,-20.3,-937,2529,1,2.23,-0.14,3074,1,2.23,-0.14,3074
2026-05-09 16:13:44,1,1,1,2799.0,-39,-22.5,-1071,2586,1,2.23,-0.14,3074,1,2.23,-0.14,3074
2026-05-09 16:13:44,1,1,1,2724.7,-16,-23.2,-1072,2505,1,2.23,-0.14,3074,1,2.23,-0.14,3074
2026-05-09 16:13:44,1,1,1,2724.7,-16,-23.2,-1072,2505,1,2.23,-0.14,3074,1,2.23,-0.14,3074
2026-05-09 16:13:44,1,1,1,2613.6,-48,-23.7,-1051,2393,1,2.23,-0.14,3074,1,2.23,-0.14,3074
2026-05-09 16:13:44,1,1,1,2613.6,-48,-23.7,-1051,2393,1,2.23,-0.14,3074,1,2.23,-0.14,3074
2026-05-09 16:13:44,1,1,1,2494.4,-72,-24.2,-1023,2275,1,2.23,-0.14,3074,1,2.23,-0.14,3074
2026-05-09 16:13:44,1,1,1,2494.4,-72,-24.2,-1023,2275,1,2.23,-0.14,3074,1,2.23,-0.14,3074
2026-05-09 16:13:44,1,1,1,2387.5,-39,-25.2,-1015,2161,1,2.23,-0.14,3074,1,2.23,-0.14,3074
2026-05-09 16:13:44,1,1,1,2307.7,-32,-26.2,-1018,2071,1,2.23,-0.14,3074,1,2.23,-0.14,3074
2026-05-09 16:13:44,1,1,1,2307.7,-32,-26.2,-1018,2071,1,0.00,0.00,0,0,0.00,0.00,0
2026-05-09 16:13:45,1,1,1,2241.5,-32,-27.1,-1022,1995,1,2.04,-0.24,15533,1,2.04,-0.24,15533
2026-05-09 16:13:45,1,1,1,2241.5,-32,-27.1,-1022,1995,1,2.04,-0.24,15533,1,2.04,-0.24,15533
2026-05-09 16:13:45,1,1,1,2186.9,-24,-27.7,-1017,1936,1,2.02,-0.24,15533,1,2.02,-0.24,15533
2026-05-09 16:13:45,1,1,1,2186.9,-24,-27.7,-1017,1936,1,2.02,-0.24,15533,1,2.02,-0.24,15533
2026-05-09 16:13:45,1,1,1,2142.0,-24,-28.1,-1008,1890,1,2.02,-0.24,15533,1,2.02,-0.24,15533
2026-05-09 16:13:45,1,1,1,2142.0,-24,-28.1,-1008,1890,1,2.02,-0.24,15533,1,2.02,-0.24,15533
2026-05-09 16:13:45,1,1,1,2099.6,-56,-28.9,-1015,1838,1,2.02,-0.24,15533,1,2.02,-0.24,15533
2026-05-09 16:13:45,1,1,1,2052.6,-64,-30.3,-1036,1772,1,2.02,-0.24,15533,1,2.02,-0.24,15533
2026-05-09 16:13:45,1,1,1,2052.6,-64,-30.3,-1036,1772,1,2.02,-0.24,15533,1,2.02,-0.24,15533
2026-05-09 16:13:45,1,1,1,2011.2,-48,-31.9,-1062,1708,1,2.02,-0.24,15533,1,2.02,-0.24,15533
2026-05-09 16:13:45,1,1,1,2011.2,-48,-31.9,-1062,1708,1,1.83,-0.47,23117,1,1.83,-0.47,23117
2026-05-09 16:13:45,1,1,1,1967.8,-79,-33.7,-1092,1637,1,1.83,-0.47,23117,1,1.83,-0.47,23117
2026-05-09 16:13:45,1,1,1,1967.8,-79,-33.7,-1092,1637,1,1.90,-0.35,14138,1,1.90,-0.35,14138
2026-05-09 16:13:45,1,1,1,1928.7,-32,-35.1,-1109,1578,1,1.90,-0.35,14138,1,1.90,-0.35,14138
2026-05-09 16:13:45,1,1,1,1901.5,-39,-34.6,-1080,1565,1,1.86,-0.37,31322,1,1.86,-0.37,31322
2026-05-09 16:13:45,1,1,1,1901.5,-39,-34.6,-1080,1565,1,1.86,-0.37,31322,1,1.86,-0.37,31322
2026-05-09 16:13:45,1,1,1,1868.4,-48,-34.4,-1055,1542,1,1.82,-0.37,31322,1,1.82,-0.37,31322
2026-05-09 16:13:45,1,1,1,1868.4,-48,-34.4,-1055,1542,1,1.82,-0.37,31322,1,1.82,-0.37,31322
2026-05-09 16:13:45,1,1,1,1823.4,-48,-34.2,-1025,1508,1,1.77,-0.39,29890,1,1.77,-0.39,29890
2026-05-09 16:13:45,1,1,1,1823.4,-48,-34.2,-1025,1508,1,1.77,-0.39,29890,1,1.77,-0.39,29890
2026-05-09 16:13:46,1,1,1,1773.8,-56,-34.3,-1000,1465,1,1.73,-0.41,32185,1,1.73,-0.41,32185
2026-05-09 16:13:46,1,1,1,1773.8,-56,-34.3,-1000,1465,1,1.73,-0.41,32185,1,1.73,-0.41,32185
2026-05-09 16:13:46,1,1,1,1731.3,-48,-34.1,-970,1434,1,1.69,-0.41,32185,1,1.69,-0.41,32185
2026-05-09 16:13:46,1,1,1,1679.9,-48,-34.0,-939,1393,1,1.69,-0.41,32185,1,1.69,-0.41,32185
2026-05-09 16:13:46,1,1,1,1679.9,-48,-34.0,-939,1393,1,1.69,-0.41,32185,1,1.69,-0.41,32185
2026-05-09 16:13:46,1,1,1,1634.4,-32,-33.4,-899,1365,1,1.69,-0.41,32185,1,1.69,-0.41,32185
2026-05-09 16:13:46,1,1,1,1634.4,-32,-33.4,-899,1365,1,1.69,-0.41,32185,1,1.69,-0.41,32185
2026-05-09 16:13:46,1,1,1,1592.5,-32,-32.3,-851,1346,1,1.69,-0.41,32185,1,1.69,-0.41,32185
2026-05-09 16:13:46,1,1,1,1592.5,-32,-32.3,-851,1346,1,1.69,-0.41,32185,1,1.69,-0.41,32185
2026-05-09 16:13:46,1,1,1,1547.1,-39,-31.0,-797,1326,1,1.69,-0.41,32185,1,1.69,-0.41,32185
2026-05-09 16:13:46,1,1,1,1519.6,-16,-28.9,-735,1330,1,1.69,-0.41,32185,1,1.69,-0.41,32185
2026-05-09 16:13:46,1,1,1,1519.6,-16,-28.9,-735,1330,1,1.69,-0.41,32185,1,1.69,-0.41,32185
2026-05-09 16:13:46,1,1,1,1500.0,-39,-26.3,-664,1345,1,1.69,-0.41,32185,1,1.69,-0.41,32185
2026-05-09 16:13:46,1,1,1,1500.0,-39,-26.3,-664,1345,1,1.69,-0.41,32185,1,1.69,-0.41,32185
2026-05-09 16:13:46,1,1,1,1476.5,-48,-24.4,-609,1345,1,1.69,-0.41,32185,1,1.69,-0.41,32185
2026-05-09 16:13:46,1,1,1,1476.5,-48,-24.4,-609,1345,1,0.00,0.00,0,0,0.00,0.00,0
2026-05-09 16:13:46,1,1,1,1437.6,-39,-22.9,-560,1324,1,0.00,0.00,0,0,0.00,0.00,0
2026-05-09 16:13:46,1,1,1,1437.6,-39,-22.9,-560,1324,1,0.00,0.00,0,0,0.00,0.00,0
2026-05-09 16:13:46,1,1,1,1394.2,-32,-21.4,-509,1298,1,1.25,-0.24,30368,1,1.25,-0.24,30368
2026-05-09 16:13:46,1,1,1,1336.6,-32,-20.0,-457,1256,1,1.25,-0.24,30368,1,1.25,-0.24,30368
2026-05-09 16:13:47,1,1,1,1336.6,-32,-20.0,-457,1256,1,1.22,-0.24,30368,1,1.22,-0.24,30368
2026-05-09 16:13:47,1,1,1,1276.9,-8,-18.2,-399,1213,1,1.22,-0.24,30368,1,1.22,-0.24,30368
2026-05-09 16:13:47,1,1,1,1276.9,-8,-18.2,-399,1213,1,2.23,-0.01,6725,1,2.23,-0.01,6725
2026-05-09 16:13:47,1,1,1,1214.6,-8,-16.3,-340,1166,1,2.23,-0.01,6725,1,2.23,-0.01,6725
2026-05-09 16:13:47,1,1,1,1214.6,-8,-16.3,-340,1166,1,1.83,0.01,15873,1,1.83,0.01,15873
2026-05-09 16:13:47,1,1,1,1172.0,24,-13.4,-272,1140,1,1.83,0.01,15873,1,1.83,0.01,15873
2026-05-09 16:13:47,1,1,1,1172.0,24,-13.4,-272,1140,1,1.69,0.05,44785,1,1.69,0.05,44785
2026-05-09 16:13:47,1,1,1,1161.4,24,-10.2,-206,1143,1,1.69,0.05,44785,1,1.69,0.05,44785
2026-05-09 16:13:47,1,1,1,1169.9,39,-7.5,-152,1160,1,1.70,0.05,44785,1,1.70,0.05,44785
2026-05-09 16:13:47,1,1,1,1169.9,39,-7.5,-152,1160,1,1.70,0.05,44785,1,1.70,0.05,44785
2026-05-09 16:13:47,1,1,1,1190.3,39,-4.9,-101,1186,1,1.70,0.05,44785,1,1.70,0.05,44785
2026-05-09 16:13:47,1,1,1,1190.3,39,-4.9,-101,1186,1,1.70,0.05,44785,1,1.70,0.05,44785
2026-05-09 16:13:47,1,1,1,1206.8,32,-2.1,-44,1206,1,1.70,0.05,44785,1,1.70,0.05,44785
2026-05-09 16:13:47,1,1,1,1206.8,32,-2.1,-44,1206,1,1.70,0.05,44785,1,1.70,0.05,44785
2026-05-09 16:13:47,1,1,1,1216.3,24,1.3,28,1216,1,1.70,0.05,44785,1,1.70,0.05,44785
2026-05-09 16:13:47,1,1,1,1232.4,32,4.2,91,1229,1,1.70,0.05,44785,1,1.70,0.05,44785
2026-05-09 16:13:47,1,1,1,1232.4,32,4.2,91,1229,1,1.70,0.05,44785,1,1.70,0.05,44785
2026-05-09 16:13:47,1,1,1,1240.1,39,8.0,173,1228,1,1.70,0.05,44785,1,1.70,0.05,44785
2026-05-09 16:13:47,1,1,1,1240.1,39,8.0,173,1228,1,1.70,0.05,44785,1,1.70,0.05,44785
2026-05-09 16:13:47,1,1,1,1250.7,39,12.1,262,1223,1,1.70,0.05,44785,1,1.70,0.05,44785
2026-05-09 16:13:48,1,1,1,1250.7,39,12.1,262,1223,1,1.50,0.47,37636,1,1.50,0.47,37636
2026-05-09 16:13:48,1,1,1,1256.9,39,16.0,347,1208,1,1.50,0.47,37636,1,1.50,0.47,37636
2026-05-09 16:13:48,1,1,1,1256.9,39,16.0,347,1208,1,1.54,0.47,37636,1,1.54,0.47,37636
2026-05-09 16:13:48,1,1,1,1272.8,39,20.3,441,1194,1,1.54,0.47,37636,1,1.54,0.47,37636
2026-05-09 16:13:48,1,1,1,1292.9,48,23.6,517,1185,1,1.54,0.47,37636,1,1.54,0.47,37636
2026-05-09 16:13:48,1,1,1,1292.9,48,23.6,517,1185,1,1.54,0.47,37636,1,1.54,0.47,37636
2026-05-09 16:13:48,1,1,1,1320.2,56,26.2,582,1185,1,1.54,0.47,37636,1,1.54,0.47,37636
2026-05-09 16:13:48,1,1,1,1320.2,56,26.2,582,1185,1,1.54,0.47,37636,1,1.54,0.47,37636
2026-05-09 16:13:48,1,1,1,1357.8,48,28.2,641,1197,1,1.54,0.47,37636,1,1.54,0.47,37636
2026-05-09 16:13:48,1,1,1,1357.8,48,28.2,641,1197,1,1.54,0.47,37636,1,1.54,0.47,37636
2026-05-09 16:13:48,1,1,1,1405.2,48,29.5,692,1223,1,1.81,0.55,12545,1,1.81,0.55,12545
2026-05-09 16:13:48,1,1,1,1463.3,48,30.6,744,1260,1,1.81,0.55,12545,1,1.81,0.55,12545
2026-05-09 16:13:48,1,1,1,1463.3,48,30.6,744,1260,1,1.86,0.55,12545,1,1.86,0.55,12545
2026-05-09 16:13:48,1,1,1,1516.3,72,31.7,797,1290,1,1.86,0.55,12545,1,1.86,0.55,12545
2026-05-09 16:13:48,1,1,1,1516.3,72,31.7,797,1290,1,1.86,0.55,12545,1,1.86,0.55,12545
2026-05-09 16:13:48,1,1,1,1592.7,64,32.4,853,1345,1,1.86,0.55,12545,1,1.86,0.55,12545
2026-05-09 16:13:48,1,1,1,1592.7,64,32.4,853,1345,1,1.86,0.55,12545,1,1.86,0.55,12545
2026-05-09 16:13:48,1,1,1,1674.2,64,33.0,912,1404,1,1.86,0.55,12545,1,1.86,0.55,12545
2026-05-09 16:13:48,1,1,1,1674.2,64,33.0,912,1404,1,1.86,0.55,12545,1,1.86,0.55,12545
2026-05-09 16:13:48,1,1,1,1745.7,56,34.1,978,1446,1,1.86,0.55,12545,1,1.86,0.55,12545
2026-05-09 16:13:49,1,1,1,1790.0,64,36.1,1055,1446,1,1.86,0.55,12545,1,1.86,0.55,12545
2026-05-09 16:13:49,1,1,1,1790.0,64,36.1,1055,1446,1,1.86,0.55,12545,1,1.86,0.55,12545
2026-05-09 16:13:49,1,1,1,1833.9,72,38.7,1147,1431,1,1.86,0.55,12545,1,1.86,0.55,12545
2026-05-09 16:13:49,1,1,1,1833.9,72,38.7,1147,1431,1,1.86,0.55,12545,1,1.86,0.55,12545
2026-05-09 16:13:49,1,1,1,1877.5,48,40.5,1219,1428,1,1.86,0.55,12545,1,1.86,0.55,12545
2026-05-09 16:13:49,1,1,1,1877.5,48,40.5,1219,1428,1,0.00,0.00,0,0,0.00,0.00,0
2026-05-09 16:13:49,1,1,1,1923.4,56,41.8,1283,1433,1,0.00,0.00,0,0,0.00,0.00,0
2026-05-09 16:13:49,1,1,1,1965.4,24,42.6,1330,1447,1,0.00,0.00,0,0,0.00,0.00,0
2026-05-09 16:13:49,1,1,1,1965.4,24,42.6,1330,1447,1,0.00,0.00,0,0,0.00,0.00,0
2026-05-09 16:13:49,1,1,1,1998.2,16,42.9,1360,1464,1,0.00,0.00,0,0,0.00,0.00,0
2026-05-09 16:13:49,1,1,1,1998.2,16,42.9,1360,1464,1,2.25,0.25,11848,1,2.25,0.25,11848
2026-05-09 16:13:49,1,1,1,2029.7,0,43.2,1390,1479,1,2.25,0.25,11848,1,2.25,0.25,11848
2026-05-09 16:13:49,1,1,1,2029.7,0,43.2,1390,1479,1,2.27,0.25,11848,1,2.27,0.25,11848
2026-05-09 16:13:49,1,1,1,2043.9,-39,42.6,1384,1504,1,2.27,0.25,11848,1,2.27,0.25,11848
2026-05-09 16:13:49,1,1,1,2043.9,-39,42.6,1384,1504,1,2.27,0.25,11848,1,2.27,0.25,11848
2026-05-09 16:13:49,1,1,1,2047.1,-32,41.6,1360,1530,1,2.27,0.25,11848,1,2.27,0.25,11848
2026-05-09 16:13:49,1,1,1,2051.9,0,41.4,1356,1540,1,2.27,0.25,11848,1,2.27,0.25,11848
2026-05-09 16:13:49,1,1,1,2051.9,0,41.4,1356,1540,1,2.27,0.25,11848,1,2.27,0.25,11848
2026-05-09 16:13:49,1,1,1,2059.9,8,41.6,1367,1541,1,2.27,0.25,11848,1,2.27,0.25,11848
2026-05-09 16:13:49,1,1,1,2059.9,8,41.6,1367,1541,1,2.27,0.25,11848,1,2.27,0.25,11848
2026-05-09 16:13:50,1,1,1,2069.1,-8,41.6,1374,1547,1,2.27,0.25,11848,1,2.27,0.25,11848
2026-05-09 16:13:50,1,1,1,2069.1,-8,41.6,1374,1547,1,2.27,0.25,11848,1,2.27,0.25,11848
2026-05-09 16:13:50,1,1,1,2079.1,-16,41.3,1371,1563,1,2.27,0.25,11848,1,2.27,0.25,11848
2026-05-09 16:13:50,1,1,1,2079.1,-32,40.7,1356,1576,1,2.27,0.25,11848,1,2.27,0.25,11848
2026-05-09 16:13:50,1,1,1,2079.1,-32,40.7,1356,1576,1,2.27,0.25,11848,1,2.27,0.25,11848
2026-05-09 16:13:50,1,1,1,2077.5,-24,40.0,1336,1591,1,0.00,0.00,0,0,0.00,0.00,0
2026-05-09 16:13:50,1,1,1,2077.5,-24,40.0,1336,1591,1,0.00,0.00,0,0,0.00,0.00,0
2026-05-09 16:13:50,1,1,1,2082.3,-8,39.1,1312,1617,1,0.00,0.00,0,0,0.00,0.00,0
2026-05-09 16:13:50,1,1,1,2082.3,-8,39.1,1312,1617,1,0.00,0.00,0,0,0.00,0.00,0
2026-05-09 16:13:50,1,1,1,2073.2,-16,37.1,1250,1654,1,0.00,0.00,0,0,0.00,0.00,0
2026-05-09 16:13:50,1,1,1,2073.2,-16,37.1,1250,1654,0,0.00,0.00,0,1,2.08,0.00,1954
2026-05-09 16:13:50,1,1,1,2086.2,0,35.3,1205,1703,0,0.00,0.00,0,1,2.08,0.00,1954
2026-05-09 16:13:50,1,1,1,2088.1,0,32.9,1133,1754,0,0.00,0.00,0,1,2.08,0.00,1954
2026-05-09 16:13:50,1,1,1,2088.1,0,32.9,1133,1754,0,0.00,0.00,0,1,2.08,0.00,1954
2026-05-09 16:13:50,1,1,1,2091.4,8,31.1,1080,1791,0,0.00,0.00,0,1,2.08,0.00,1954
2026-05-09 16:13:50,1,1,1,2091.4,8,31.1,1080,1791,0,0.00,0.00,0,1,2.08,0.00,1954
2026-05-09 16:13:50,1,1,1,2091.1,8,30.6,1066,1799,0,0.00,0.00,0,1,2.08,0.00,1954
2026-05-09 16:13:50,1,1,1,2091.1,8,30.6,1066,1799,0,0.00,0.00,0,1,2.08,0.00,1954
2026-05-09 16:13:50,1,1,1,2090.9,8,30.4,1057,1804,0,0.00,0.00,0,1,2.08,0.00,1954
2026-05-09 16:13:50,1,1,1,2090.9,8,30.4,1057,1804,0,0.00,0.00,0,1,2.08,0.00,1954
2026-05-09 16:13:51,1,1,1,2091.8,0,30.6,1064,1801,0,0.00,0.00,0,1,2.08,0.00,1954
2026-05-09 16:13:51,1,1,1,2087.7,24,30.5,1061,1798,0,0.00,0.00,0,1,2.08,0.00,1954
2026-05-09 16:13:51,1,1,1,2087.7,24,30.5,1061,1798,0,0.00,0.00,0,1,2.08,0.00,1954
2026-05-09 16:13:51,1,1,1,2088.3,0,30.2,1052,1804,0,0.00,0.00,0,1,2.08,0.00,1954
2026-05-09 16:13:51,1,1,1,2088.3,0,30.2,1052,1804,0,0.00,0.00,0,1,2.08,0.00,1954
2026-05-09 16:13:51,1,1,1,2084.3,-8,29.6,1030,1812,0,0.00,0.00,0,0,0.00,0.00,0
2026-05-09 16:13:51,1,1,1,2084.3,-8,29.6,1030,1812,0,0.00,0.00,0,1,2.28,0.00,6506
2026-05-09 16:13:51,1,1,1,2079.0,-24,28.6,994,1826,0,0.00,0.00,0,1,2.28,0.00,6506
2026-05-09 16:13:51,1,1,1,2072.9,-32,26.1,913,1861,1,2.18,-0.12,13556,1,2.18,-0.12,13556
2026-05-09 16:13:51,1,1,1,2072.9,-32,26.1,913,1861,1,2.18,-0.12,13556,1,2.18,-0.12,13556
2026-05-09 16:13:51,1,1,1,2051.8,-48,23.9,831,1876,1,2.16,-0.12,13556,1,2.16,-0.12,13556
2026-05-09 16:13:51,1,1,1,2051.8,-48,23.9,831,1876,1,2.16,-0.12,13556,1,2.16,-0.12,13556
2026-05-09 16:13:51,1,1,1,2018.7,-48,21.7,748,1875,1,2.16,-0.12,13556,1,2.16,-0.12,13556
2026-05-09 16:13:51,1,1,1,2018.7,-48,21.7,748,1875,1,2.16,-0.12,13556,1,2.16,-0.12,13556
2026-05-09 16:13:51,1,1,1,1987.8,0,19.4,660,1875,1,2.16,-0.12,13556,1,2.16,-0.12,13556
2026-05-09 16:13:51,1,1,1,1987.8,0,19.4,660,1875,1,2.16,-0.12,13556,1,2.16,-0.12,13556
2026-05-09 16:13:51,1,1,1,1949.3,-8,16.3,547,1871,1,2.16,-0.12,13556,1,2.16,-0.12,13556
2026-05-09 16:13:51,1,1,1,1932.6,-8,13.4,448,1880,1,2.16,-0.12,13556,1,2.16,-0.12,13556
2026-05-09 16:13:51,1,1,1,1932.6,-8,13.4,448,1880,1,2.16,-0.12,13556,1,2.16,-0.12,13556
2026-05-09 16:13:51,1,1,1,1946.6,-8,10.5,355,1914,1,2.16,-0.12,13556,1,2.16,-0.12,13556
2026-05-09 16:13:52,1,1,1,1946.6,-8,10.5,355,1914,1,2.16,-0.12,13556,1,2.16,-0.12,13556
2026-05-09 16:13:52,1,1,1,1946.5,8,7.9,268,1928,1,2.16,-0.12,13556,1,2.16,-0.12,13556
2026-05-09 16:13:52,1,1,1,1946.5,8,7.9,268,1928,1,2.16,-0.12,13556,1,2.16,-0.12,13556
2026-05-09 16:13:52,1,1,1,1969.8,0,5.4,186,1961,1,0.00,0.00,0,0,0.00,0.00,0
2026-05-09 16:13:52,1,1,1,2008.3,0,3.7,131,2004,1,0.00,0.00,0,0,0.00,0.00,0
2026-05-09 16:13:52,1,1,1,2008.3,0,3.7,131,2004,1,0.00,0.00,0,0,0.00,0.00,0
2026-05-09 16:13:52,1,1,1,2030.5,0,2.2,78,2029,1,2.04,0.01,12861,1,2.04,0.01,12861
2026-05-09 16:13:52,1,1,1,2030.5,0,2.2,78,2029,1,2.04,0.01,12861,1,2.04,0.01,12861
2026-05-09 16:13:52,1,1,1,2076.2,0,0.8,30,2076,1,2.05,0.01,12861,1,2.05,0.01,12861
2026-05-09 16:13:52,1,1,1,2076.2,0,0.8,30,2076,1,2.05,0.01,12861,1,2.05,0.01,12861
2026-05-09 16:13:52,1,1,1,2125.0,0,-0.4,-13,2125,1,2.64,0.09,3893,1,2.64,0.09,3893
2026-05-09 16:13:52,1,1,1,2125.0,0,-0.4,-13,2125,1,2.64,0.09,3893,1,2.64,0.09,3893
2026-05-09 16:13:52,1,1,1,2139.9,-8,-1.6,-61,2139,1,2.65,0.09,3893,1,2.65,0.09,3893
2026-05-09 16:13:52,1,1,1,2092.7,-8,-3.4,-125,2089,1,2.65,0.09,3893,1,2.65,0.09,3893
2026-05-09 16:13:52,1,1,1,2092.7,-8,-3.4,-125,2089,1,2.43,0.01,3425,1,2.43,0.01,3425
2026-05-09 16:13:52,1,1,1,2042.5,-8,-5.5,-197,2033,1,2.43,0.01,3425,1,2.43,0.01,3425
2026-05-09 16:13:52,1,1,1,2042.5,-8,-5.5,-197,2033,1,2.43,0.01,3425,1,2.43,0.01,3425
2026-05-09 16:13:52,1,1,1,1995.9,-8,-7.5,-259,1979,1,2.43,0.01,3425,1,2.43,0.01,3425
2026-05-09 16:13:52,1,1,1,1995.9,-8,-7.5,-259,1979,1,2.43,0.01,3425,1,2.43,0.01,3425
2026-05-09 16:13:52,1,1,1,1947.1,-8,-9.4,-318,1921,1,2.43,0.01,3425,1,2.43,0.01,3425
2026-05-09 16:13:53,1,1,1,1901.0,-8,-11.3,-373,1864,1,2.43,0.01,3425,1,2.43,0.01,3425
2026-05-09 16:13:53,1,1,1,1901.0,-8,-11.3,-373,1864,1,2.43,0.01,3425,1,2.43,0.01,3425
2026-05-09 16:13:53,1,1,1,1858.5,-8,-13.1,-422,1810,1,2.03,0.24,9928,1,2.03,0.24,9928
2026-05-09 16:13:53,1,1,1,1858.5,-8,-13.1,-422,1810,1,2.03,0.24,9928,1,2.03,0.24,9928
2026-05-09 16:13:53,1,1,1,1822.3,-8,-14.8,-465,1762,1,2.06,0.24,18409,1,2.06,0.24,18409
2026-05-09 16:13:53,1,1,1,1822.3,-8,-14.8,-465,1762,1,2.06,0.24,18409,1,2.06,0.24,18409
2026-05-09 16:13:53,1,1,1,1816.4,39,-17.0,-531,1737,1,2.08,0.24,18409,1,2.08,0.24,18409
2026-05-09 16:13:53,1,1,1,1816.4,39,-17.0,-531,1737,1,2.08,0.24,18409,1,2.08,0.24,18409
2026-05-09 16:13:53,1,1,1,1845.8,48,-19.5,-616,1740,1,2.11,0.32,4733,1,2.11,0.32,4733
2026-05-09 16:13:53,1,1,1,1874.0,32,-22.0,-701,1738,1,2.11,0.32,4733,1,2.11,0.32,4733
2026-05-09 16:13:53,1,1,1,1874.0,32,-22.0,-701,1738,1,2.16,0.32,13225,1,2.16,0.32,13225
2026-05-09 16:13:53,1,1,1,1919.6,0,-24.3,-791,1749,1,2.16,0.32,13225,1,2.16,0.32,13225
2026-05-09 16:13:53,1,1,1,1919.6,0,-24.3,-791,1749,1,2.20,0.31,4385,1,2.20,0.31,4385
2026-05-09 16:13:53,1,1,1,2138.7,0,-25.3,-913,1934,1,2.20,0.31,4385,1,2.20,0.31,4385
2026-05-09 16:13:53,1,1,1,2138.7,0,-25.3,-913,1934,1,2.24,0.31,4385,1,2.24,0.31,4385
2026-05-09 16:13:53,1,1,1,2353.7,0,-26.1,-1037,2113,1,2.24,0.31,4385,1,2.24,0.31,4385
2026-05-09 16:13:53,1,1,1,2555.9,24,-27.0,-1161,2277,1,2.26,0.29,8005,1,2.26,0.29,8005
2026-05-09 16:13:53,1,1,1,2555.9,24,-27.0,-1161,2277,1,2.26,0.29,8005,1,2.26,0.29,8005
2026-05-09 16:13:53,1,1,1,2561.3,24,-28.2,-1209,2258,1,2.32,0.30,4546,1,2.32,0.30,4546
2026-05-09 16:13:53,1,1,1,2561.3,24,-28.2,-1209,2258,1,2.32,0.30,4546,1,2.32,0.30,4546
2026-05-09 16:13:54,1,1,1,2507.1,16,-29.6,-1240,2179,1,2.35,0.30,4546,1,2.35,0.30,4546
2026-05-09 16:13:54,1,1,1,2507.1,16,-29.6,-1240,2179,1,2.35,0.30,4546,1,2.35,0.30,4546
2026-05-09 16:13:54,1,1,1,2427.8,8,-31.2,-1257,2077,1,2.35,0.30,4546,1,2.35,0.30,4546
2026-05-09 16:13:54,1,1,1,2427.8,8,-31.2,-1257,2077,1,2.35,0.30,4546,1,2.35,0.30,4546
2026-05-09 16:13:54,1,1,1,2372.2,16,-32.7,-1282,1996,1,2.35,0.30,4546,1,2.35,0.30,4546
2026-05-09 16:13:54,1,1,1,2314.6,8,-34.2,-1300,1915,1,2.35,0.30,4546,1,2.35,0.30,4546
2026-05-09 16:13:54,1,1,1,2314.6,8,-34.2,-1300,1915,1,2.35,0.30,4546,1,2.35,0.30,4546
2026-05-09 16:13:54,1,1,1,2281.4,16,-35.6,-1328,1855,1,2.35,0.30,4546,1,2.35,0.30,4546
2026-05-09 16:13:54,1,1,1,2281.4,16,-35.6,-1328,1855,1,2.35,0.30,4546,1,2.35,0.30,4546
2026-05-09 16:13:54,1,1,1,2266.0,16,-37.1,-1366,1808,1,2.35,0.30,4546,1,2.35,0.30,4546
2026-05-09 16:13:54,1,1,1,2266.0,16,-37.1,-1366,1808,1,2.35,0.30,4546,1,2.35,0.30,4546
2026-05-09 16:13:54,1,1,1,2272.5,32,-38.5,-1414,1779,1,2.35,0.30,4546,1,2.35,0.30,4546
2026-05-09 16:13:54,1,1,1,2288.9,8,-39.7,-1461,1762,1,2.35,0.30,4546,1,2.35,0.30,4546
2026-05-09 16:13:54,1,1,1,2288.9,8,-39.7,-1461,1762,1,0.00,0.00,0,0,0.00,0.00,0
2026-05-09 16:13:54,1,1,1,2311.0,-8,-40.5,-1500,1758,1,0.00,0.00,0,0,0.00,0.00,0
2026-05-09 16:13:54,1,1,1,2311.0,-8,-40.5,-1500,1758,1,0.00,0.00,0,0,0.00,0.00,0
2026-05-09 16:13:54,1,1,1,2316.6,-8,-41.5,-1534,1736,1,0.00,0.00,0,0,0.00,0.00,0
2026-05-09 16:13:54,1,1,1,2316.6,-8,-41.5,-1534,1736,1,0.00,0.00,0,0,0.00,0.00,0
2026-05-09 16:13:54,1,1,1,2313.4,-24,-42.7,-1568,1701,0,0.00,0.00,0,0,0.00,0.00,0
2026-05-09 16:13:54,1,1,1,2313.4,-24,-42.7,-1568,1701,0,0.00,0.00,0,0,0.00,0.00,0
2026-05-09 16:13:55,1,1,1,2309.7,8,-43.3,-1584,1681,0,0.00,0.00,0,0,0.00,0.00,0
2026-05-09 16:13:55,1,1,1,2307.3,-32,-43.6,-1590,1672,0,0.00,0.00,0,0,0.00,0.00,0
2026-05-09 16:13:55,1,1,1,2307.3,-32,-43.6,-1590,1672,0,0.00,0.00,0,0,0.00,0.00,0
2026-05-09 16:13:55,1,1,1,2300.8,-56,-43.7,-1589,1664,0,0.00,0.00,0,0,0.00,0.00,0
2026-05-09 16:13:55,1,1,1,2300.8,-56,-43.7,-1589,1664,0,0.00,0.00,0,0,0.00,0.00,0
2026-05-09 16:13:55,1,1,1,2290.9,-56,-43.7,-1582,1657,0,0.00,0.00,0,0,0.00,0.00,0
2026-05-09 16:13:55,1,1,1,2290.9,-56,-43.7,-1582,1657,0,0.00,0.00,0,0,0.00,0.00,0
2026-05-09 16:13:55,1,1,1,2278.8,-56,-43.8,-1576,1646,0,0.00,0.00,0,0,0.00,0.00,0
2026-05-09 16:13:55,1,1,1,2278.8,-56,-43.8,-1576,1646,0,0.00,0.00,0,0,0.00,0.00,0
2026-05-09 16:13:55,1,1,1,2263.3,-32,-43.7,-1563,1637,0,0.00,0.00,0,0,0.00,0.00,0
2026-05-09 16:13:55,1,1,1,2248.0,-48,-43.4,-1545,1633,0,0.00,0.00,0,0,0.00,0.00,0
2026-05-09 16:13:55,1,1,1,2248.0,-48,-43.4,-1545,1633,0,0.00,0.00,0,0,0.00,0.00,0
2026-05-09 16:13:55,1,1,1,2229.0,-56,-43.3,-1530,1621,0,0.00,0.00,0,0,0.00,0.00,0
2026-05-09 16:13:55,1,1,1,2229.0,-56,-43.3,-1530,1621,0,0.00,0.00,0,0,0.00,0.00,0
2026-05-09 16:13:55,1,1,1,2206.3,-56,-43.4,-1516,1603,0,0.00,0.00,0,0,0.00,0.00,0
2026-05-09 16:13:55,1,1,1,2206.3,-56,-43.4,-1516,1603,0,0.00,0.00,0,0,0.00,0.00,0
2026-05-09 16:13:55,1,1,1,2184.4,-56,-43.4,-1502,1586,0,0.00,0.00,0,0,0.00,0.00,0
2026-05-09 16:13:55,1,1,1,2159.7,-64,-43.4,-1483,1570,0,0.00,0.00,0,0,0.00,0.00,0
2026-05-09 16:13:55,1,1,1,2159.7,-64,-43.4,-1483,1570,0,0.00,0.00,0,0,0.00,0.00,0
2026-05-09 16:13:55,1,1,1,2126.4,-72,-43.4,-1461,1545,0,0.00,0.00,0,0,0.00,0.00,0
2026-05-09 16:13:56,1,1,1,2126.4,-72,-43.4,-1461,1545,0,0.00,0.00,0,1,1.81,-0.69,10210
2026-05-09 16:13:56,1,1,1,2088.3,-56,-43.3,-1433,1519,0,0.00,0.00,0,1,1.81,-0.69,10210
2026-05-09 16:13:56,1,1,1,2088.3,-56,-43.3,-1433,1519,1,1.76,-0.58,63418,1,1.76,-0.58,63418
2026-05-09 16:13:56,1,1,1,2011.7,-39,-42.8,-1368,1475,1,1.76,-0.58,63418,1,1.76,-0.58,63418
2026-05-09 16:13:56,1,1,1,2011.7,-39,-42.8,-1368,1475,1,1.72,-0.53,35477,1,1.72,-0.53,35477
2026-05-09 16:13:56,1,1,1,1943.0,-39,-42.0,-1299,1445,1,1.72,-0.53,35477,1,1.72,-0.53,35477
2026-05-09 16:13:56,1,1,1,1877.5,-39,-41.1,-1234,1415,1,1.69,-0.51,58193,1,1.69,-0.51,58193
2026-05-09 16:13:56,1,1,1,1877.5,-39,-41.1,-1234,1415,1,1.69,-0.51,58193,1,1.69,-0.51,58193
2026-05-09 16:13:56,1,1,1,1799.8,-64,-40.1,-1159,1377,1,2.04,-0.32,797,1,2.04,-0.32,797
2026-05-09 16:13:56,1,1,1,1799.8,-64,-40.1,-1159,1377,1,2.04,-0.32,797,1,2.04,-0.32,797
2026-05-09 16:13:56,1,1,1,1724.3,-32,-39.0,-1084,1341,1,2.28,-0.20,1217,1,2.28,-0.20,1217
2026-05-09 16:13:56,1,1,1,1724.3,-32,-39.0,-1084,1341,1,2.28,-0.20,1217,1,2.28,-0.20,1217
2026-05-09 16:13:56,1,1,1,1669.5,-24,-37.5,-1017,1324,1,2.26,-0.20,1217,1,2.26,-0.20,1217
2026-05-09 16:13:56,1,1,1,1649.2,-16,-35.6,-960,1341,0,0.00,0.00,0,1,2.26,-0.20,1217
2026-05-09 16:13:56,1,1,1,1649.2,-16,-35.6,-960,1341,0,0.00,0.00,0,1,2.26,-0.20,1217
2026-05-09 16:13:56,1,1,1,1621.7,-8,-33.6,-897,1351,0,0.00,0.00,0,1,2.26,-0.20,1217
2026-05-09 16:13:56,1,1,1,1621.7,-8,-33.6,-897,1351,0,0.00,0.00,0,1,2.26,-0.20,1217
2026-05-09 16:13:56,1,1,1,1593.1,-16,-31.5,-833,1358,0,0.00,0.00,0,1,2.26,-0.20,1217
2026-05-09 16:13:56,1,1,1,1593.1,-16,-31.5,-833,1358,0,0.00,0.00,0,1,2.26,-0.20,1217
2026-05-09 16:13:56,1,1,1,1568.7,-16,-29.5,-773,1365,0,0.00,0.00,0,1,2.26,-0.20,1217
2026-05-09 16:13:57,1,1,1,1568.7,-16,-29.5,-773,1365,0,0.00,0.00,0,1,3.19,0.00,2756
2026-05-09 16:13:57,1,1,1,1544.8,-24,-27.3,-708,1373,0,0.00,0.00,0,1,3.19,0.00,2756
2026-05-09 16:13:57,1,1,1,1523.1,-24,-24.8,-638,1383,0,0.00,0.00,0,1,3.19,0.00,2756
2026-05-09 16:13:57,1,1,1,1523.1,-24,-24.8,-638,1383,0,0.00,0.00,0,1,3.19,0.00,2756
2026-05-09 16:13:57,1,1,1,1507.1,-16,-21.7,-558,1400,0,0.00,0.00,0,1,3.19,0.00,2756
2026-05-09 16:13:57,1,1,1,1507.1,-16,-21.7,-558,1400,0,0.00,0.00,0,1,3.19,0.00,2756
2026-05-09 16:13:57,1,1,1,1502.1,0,-18.4,-475,1425,0,0.00,0.00,0,1,3.19,0.00,2756
2026-05-09 16:13:57,1,1,1,1502.1,0,-18.4,-475,1425,0,0.00,0.00,0,1,3.19,0.00,2756
2026-05-09 16:13:57,1,1,1,1474.3,-16,-15.5,-393,1421,0,0.00,0.00,0,1,1.28,-0.20,14297
2026-05-09 16:13:57,1,1,1,1420.8,0,-12.1,-299,1389,0,0.00,0.00,0,1,1.28,-0.20,14297
2026-05-09 16:13:57,1,1,1,1420.8,0,-12.1,-299,1389,1,1.29,-0.07,17225,1,1.29,-0.07,17225
2026-05-09 16:13:57,1,1,1,1375.4,16,-8.9,-212,1359,1,1.29,-0.07,17225,1,1.29,-0.07,17225
2026-05-09 16:13:57,1,1,1,1375.4,16,-8.9,-212,1359,1,1.28,-0.07,17225,1,1.28,-0.07,17225
2026-05-09 16:13:57,1,1,1,1355.7,16,-5.7,-135,1349,1,1.28,-0.07,17225,1,1.28,-0.07,17225
2026-05-09 16:13:57,1,1,1,1355.7,16,-5.7,-135,1349,1,1.28,-0.07,17225,1,1.28,-0.07,17225
2026-05-09 16:13:57,1,1,1,1343.4,16,-2.6,-61,1342,1,1.28,-0.07,17225,1,1.28,-0.07,17225
2026-05-09 16:13:57,1,1,1,1343.4,16,-2.6,-61,1342,1,1.28,-0.07,17225,1,1.28,-0.07,17225
2026-05-09 16:13:57,1,1,1,1345.1,39,0.6,14,1345,1,1.28,-0.07,17225,1,1.28,-0.07,17225
2026-05-09 16:13:57,1,1,1,1346.0,32,4.4,104,1342,1,1.28,-0.07,17225,1,1.28,-0.07,17225
2026-05-09 16:13:57,1,1,1,1346.0,32,4.4,104,1342,1,1.28,-0.07,17225,1,1.28,-0.07,17225
2026-05-09 16:13:58,1,1,1,1351.0,32,8.0,187,1338,1,1.57,0.47,27954,1,1.57,0.47,27954
2026-05-09 16:13:58,1,1,1,1351.0,32,8.0,187,1338,1,1.57,0.47,27954,1,1.57,0.47,27954
2026-05-09 16:13:58,1,1,1,1382.2,39,11.2,268,1356,1,1.62,0.47,27954,1,1.62,0.47,27954
2026-05-09 16:13:58,1,1,1,1382.2,39,11.2,268,1356,1,1.62,0.47,27954,1,1.62,0.47,27954
2026-05-09 16:13:58,1,1,1,1414.5,39,13.9,340,1373,1,1.62,0.47,27954,1,1.62,0.47,27954
2026-05-09 16:13:58,1,1,1,1462.1,32,16.5,415,1402,1,1.62,0.47,27954,1,1.62,0.47,27954
2026-05-09 16:13:58,1,1,1,1462.1,32,16.5,415,1402,1,1.62,0.47,27954,1,1.62,0.47,27954
2026-05-09 16:13:58,1,1,1,1492.0,64,19.0,485,1411,1,1.62,0.47,27954,1,1.62,0.47,27954
2026-05-09 16:13:58,1,1,1,1492.0,64,19.0,485,1411,1,1.62,0.47,27954,1,1.62,0.47,27954
2026-05-09 16:13:58,1,1,1,1509.3,48,21.5,554,1404,1,1.62,0.47,27954,1,1.62,0.47,27954
2026-05-09 16:13:58,1,1,1,1509.3,48,21.5,554,1404,1,1.62,0.47,27954,1,1.62,0.47,27954
2026-05-09 16:13:58,1,1,1,1539.2,32,23.9,624,1407,1,1.62,0.47,27954,1,1.62,0.47,27954
2026-05-09 16:13:58,1,1,1,1539.2,32,23.9,624,1407,1,1.62,0.47,27954,1,1.62,0.47,27954
2026-05-09 16:13:58,1,1,1,1577.9,56,25.9,690,1419,1,1.62,0.47,27954,1,1.62,0.47,27954
2026-05-09 16:13:58,1,1,1,1626.6,39,27.3,745,1446,1,1.62,0.47,27954,1,1.62,0.47,27954
2026-05-09 16:13:58,1,1,1,1626.6,39,27.3,745,1446,1,0.00,0.00,0,0,0.00,0.00,0
2026-05-09 16:13:58,1,1,1,1672.6,64,28.8,807,1465,1,2.05,0.69,4729,1,2.05,0.69,4729
2026-05-09 16:13:58,1,1,1,1672.6,64,28.8,807,1465,1,2.05,0.69,4729,1,2.05,0.69,4729
2026-05-09 16:13:58,1,1,1,1711.9,56,30.7,874,1472,1,2.05,0.59,5508,1,2.05,0.59,5508
2026-05-09 16:13:58,1,1,1,1711.9,56,30.7,874,1472,1,2.05,0.59,5508,1,2.05,0.59,5508
2026-05-09 16:13:59,1,1,1,1759.3,64,32.6,948,1482,1,2.09,0.57,8296,1,2.09,0.57,8296
2026-05-09 16:13:59,1,1,1,1809.6,72,34.3,1021,1494,1,2.09,0.57,8296,1,2.09,0.57,8296
2026-05-09 16:13:59,1,1,1,1809.6,72,34.3,1021,1494,1,2.14,0.57,8296,1,2.14,0.57,8296
2026-05-09 16:13:59,1,1,1,1853.0,79,36.5,1103,1489,1,2.14,0.57,8296,1,2.14,0.57,8296
2026-05-09 16:13:59,1,1,1,1853.0,79,36.5,1103,1489,1,2.22,0.61,4885,1,2.22,0.61,4885
2026-05-09 16:13:59,1,1,1,1902.7,48,38.2,1177,1495,1,2.22,0.61,4885,1,2.22,0.61,4885
2026-05-09 16:13:59,1,1,1,1902.7,48,38.2,1177,1495,1,2.28,0.61,4885,1,2.28,0.61,4885
2026-05-09 16:13:59,1,1,1,1949.5,56,39.2,1233,1510,1,2.28,0.61,4885,1,2.28,0.61,4885
2026-05-09 16:13:59,1,1,1,1949.5,56,39.2,1233,1510,1,2.28,0.61,4885,1,2.28,0.61,4885
2026-05-09 16:13:59,1,1,1,2001.8,32,39.3,1268,1549,1,2.28,0.61,4885,1,2.28,0.61,4885
2026-05-09 16:13:59,1,1,1,2059.0,64,39.6,1313,1586,1,2.28,0.61,4885,1,2.28,0.61,4885
2026-05-09 16:13:59,1,1,1,2059.0,64,39.6,1313,1586,1,2.28,0.61,4885,1,2.28,0.61,4885
2026-05-09 16:13:59,1,1,1,2121.5,56,40.0,1365,1624,1,2.28,0.61,4885,1,2.28,0.61,4885
2026-05-09 16:13:59,1,1,1,2121.5,56,40.0,1365,1624,1,2.28,0.61,4885,1,2.28,0.61,4885
2026-05-09 16:13:59,1,1,1,2184.1,64,40.7,1424,1656,1,2.28,0.61,4885,1,2.28,0.61,4885
2026-05-09 16:13:59,1,1,1,2184.1,64,40.7,1424,1656,1,2.28,0.61,4885,1,2.28,0.61,4885
2026-05-09 16:13:59,1,1,1,2262.9,56,41.7,1506,1689,1,2.28,0.61,4885,1,2.28,0.61,4885
2026-05-09 16:13:59,1,1,1,2262.9,56,41.7,1506,1689,1,2.28,0.61,4885,1,2.28,0.61,4885
2026-05-09 16:13:59,1,1,1,2336.7,24,42.3,1573,1728,1,2.28,0.61,4885,1,2.28,0.61,4885
2026-05-09 16:13:59,1,1,1,2379.8,16,41.7,1583,1777,1,0.00,0.00,0,0,0.00,0.00,0
2026-05-09 16:14:00,1,1,1,2379.8,16,41.7,1583,1777,1,0.00,0.00,0,0,0.00,0.00,0
2026-05-09 16:14:00,1,1,1,2408.9,8,41.4,1593,1807,1,0.00,0.00,0,0,0.00,0.00,0
2026-05-09 16:14:00,1,1,1,2408.9,8,41.4,1593,1807,1,0.00,0.00,0,0,0.00,0.00,0
2026-05-09 16:14:00,1,1,1,2458.2,-8,41.0,1613,1855,1,0.00,0.00,0,0,0.00,0.00,0
2026-05-09 16:14:00,1,1,1,2458.2,-8,41.0,1613,1855,0,0.00,0.00,0,0,0.00,0.00,0
2026-05-09 16:14:00,1,1,1,2511.6,-16,40.7,1638,1904,0,0.00,0.00,0,0,0.00,0.00,0
2026-05-09 16:14:00,1,1,1,2534.5,-16,40.4,1644,1929,0,0.00,0.00,0,0,0.00,0.00,0
2026-05-09 16:14:00,1,1,1,2534.5,-16,40.4,1644,1929,0,0.00,0.00,0,0,0.00,0.00,0
2026-05-09 16:14:00,1,1,1,2518.4,-24,40.0,1619,1929,0,0.00,0.00,0,0,0.00,0.00,0
2026-05-09 16:14:00,1,1,1,2518.4,-24,40.0,1619,1929,0,0.00,0.00,0,0,0.00,0.00,0
2026-05-09 16:14:00,1,1,1,2499.0,-39,39.7,1596,1923,0,0.00,0.00,0,0,0.00,0.00,0
2026-05-09 16:14:00,1,1,1,2499.0,-39,39.7,1596,1923,0,0.00,0.00,0,0,0.00,0.00,0
2026-05-09 16:14:00,1,1,1,2476.0,-39,39.3,1567,1917,0,0.00,0.00,0,0,0.00,0.00,0
2026-05-09 16:14:00,1,1,1,2476.0,-39,39.3,1567,1917,0,0.00,0.00,0,0,0.00,0.00,0
2026-05-09 16:14:00,1,1,1,2454.3,-32,38.7,1535,1915,0,0.00,0.00,0,1,2.29,-0.24,3284
2026-05-09 16:14:00,1,1,1,2431.1,-24,38.2,1504,1910,0,0.00,0.00,0,1,2.29,-0.24,3284
2026-05-09 16:14:00,1,1,1,2431.1,-24,38.2,1504,1910,1,2.38,-0.21,5329,1,2.38,-0.21,5329
2026-05-09 16:14:00,1,1,1,2420.6,-24,37.6,1478,1917,1,2.38,-0.21,5329,1,2.38,-0.21,5329
2026-05-09 16:14:00,1,1,1,2420.6,-24,37.6,1478,1917,1,2.33,-0.21,4672,1,2.33,-0.21,4672
2026-05-09 16:14:00,1,1,1,2410.8,-16,37.0,1450,1926,1,2.33,-0.21,4672,1,2.33,-0.21,4672
2026-05-09 16:14:01,1,1,1,2410.8,-16,37.0,1450,1926,1,2.31,-0.21,4672,1,2.31,-0.21,4672
2026-05-09 16:14:01,1,1,1,2404.1,-16,36.3,1424,1937,1,2.31,-0.21,4672,1,2.31,-0.21,4672
2026-05-09 16:14:01,1,1,1,2400.5,-24,36.0,1411,1942,1,2.29,-0.15,2165,1,2.29,-0.15,2165
2026-05-09 16:14:01,1,1,1,2400.5,-24,36.0,1411,1942,1,2.29,-0.15,2165,1,2.29,-0.15,2165
2026-05-09 16:14:01,1,1,1,2393.9,0,35.9,1404,1939,1,2.28,-0.15,2165,1,2.28,-0.15,2165
2026-05-09 16:14:01,1,1,1,2393.9,0,35.9,1404,1939,1,2.28,-0.15,2165,1,2.28,-0.15,2165
2026-05-09 16:14:01,1,1,1,2381.1,-16,35.7,1389,1934,1,2.28,-0.11,4498,1,2.28,-0.11,4498
2026-05-09 16:14:01,1,1,1,2381.1,-16,35.7,1389,1934,1,2.28,-0.11,4498,1,2.28,-0.11,4498
2026-05-09 16:14:01,1,1,1,2374.7,-8,35.5,1378,1934,1,2.45,-0.07,1000,1,2.45,-0.07,1000
2026-05-09 16:14:01,1,1,1,2374.7,-8,35.5,1378,1934,1,2.45,-0.07,1000,1,2.45,-0.07,1000
2026-05-09 16:14:01,1,1,1,2352.4,0,34.4,1329,1941,1,2.42,-0.09,1681,1,2.42,-0.09,1681
2026-05-09 16:14:01,1,1,1,2330.0,0,33.4,1283,1945,1,2.42,-0.09,1681,1,2.42,-0.09,1681
2026-05-09 16:14:01,1,1,1,2330.0,0,33.4,1283,1945,1,2.41,-0.09,1681,1,2.41,-0.09,1681
2026-05-09 16:14:01,1,1,1,2290.0,-8,30.8,1171,1968,0,0.00,0.00,0,1,2.41,-0.09,1681
2026-05-09 16:14:01,1,1,1,2290.0,-8,30.8,1171,1968,0,0.00,0.00,0,1,2.41,-0.09,1681
2026-05-09 16:14:01,1,1,1,2272.8,-8,28.2,1074,2003,0,0.00,0.00,0,1,2.41,-0.09,1681
2026-05-09 16:14:01,1,1,1,2272.8,-8,28.2,1074,2003,0,0.00,0.00,0,1,2.41,-0.09,1681
2026-05-09 16:14:01,1,1,1,2248.9,-16,25.6,970,2029,0,0.00,0.00,0,1,2.41,-0.09,1681
2026-05-09 16:14:01,1,1,1,2243.3,-16,22.7,867,2069,0,0.00,0.00,0,1,2.41,-0.09,1681
2026-05-09 16:14:01,1,1,1,2243.3,-16,22.7,867,2069,0,0.00,0.00,0,1,2.41,-0.09,1681
2026-05-09 16:14:02,1,1,1,2229.3,-8,20.3,773,2091,0,0.00,0.00,0,1,3.22,0.00,4849
2026-05-09 16:14:02,1,1,1,2229.3,-8,20.3,773,2091,0,0.00,0.00,0,1,3.22,0.00,4849
2026-05-09 16:14:02,1,1,1,2227.7,0,17.6,675,2123,1,2.74,-0.01,3185,1,2.74,-0.01,3185
2026-05-09 16:14:02,1,1,1,2227.7,0,17.6,675,2123,1,2.74,-0.01,3185,1,2.74,-0.01,3185
2026-05-09 16:14:02,1,1,1,2245.6,0,14.8,574,2171,1,2.74,-0.01,3185,1,2.74,-0.01,3185
2026-05-09 16:14:02,1,1,1,2245.6,0,14.8,574,2171,1,2.74,-0.01,3185,1,2.74,-0.01,3185
2026-05-09 16:14:02,1,1,1,2340.5,0,10.8,439,2299,1,2.58,0.04,26405,1,2.58,0.04,26405
2026-05-09 16:14:02,1,1,1,2433.3,16,7.2,306,2414,1,2.58,0.04,26405,1,2.58,0.04,26405
2026-05-09 16:14:02,1,1,1,2433.3,16,7.2,306,2414,1,2.59,0.04,26405,1,2.59,0.04,26405
2026-05-09 16:14:02,1,1,1,2563.7,0,4.1,185,2557,1,2.59,0.04,26405,1,2.59,0.04,26405
2026-05-09 16:14:02,1,1,1,2563.7,0,4.1,185,2557,1,2.76,0.07,4426,1,2.76,0.07,4426
2026-05-09 16:14:02,1,1,1,2687.9,24,1.5,71,2687,1,2.76,0.07,4426,1,2.76,0.07,4426
2026-05-09 16:14:02,1,1,1,2687.9,24,1.5,71,2687,1,2.77,0.07,4426,1,2.77,0.07,4426
2026-05-09 16:14:02,1,1,1,2799.0,0,-0.2,-10,2799,1,2.77,0.07,4426,1,2.77,0.07,4426
2026-05-09 16:14:02,1,1,1,2845.4,0,-0.9,-46,2845,1,2.77,0.07,4426,1,2.77,0.07,4426
2026-05-09 16:14:02,1,1,1,2845.4,0,-0.9,-46,2845,1,2.77,0.07,4426,1,2.77,0.07,4426
2026-05-09 16:14:02,1,1,1,2867.4,8,-1.8,-91,2866,1,2.77,0.07,4426,1,2.77,0.07,4426
2026-05-09 16:14:02,1,1,1,2867.4,8,-1.8,-91,2866,1,2.77,0.07,4426,1,2.77,0.07,4426
2026-05-09 16:14:02,1,1,1,2861.1,8,-2.7,-133,2858,1,2.77,0.07,4426,1,2.77,0.07,4426
2026-05-09 16:14:02,1,1,1,2861.1,8,-2.7,-133,2858,1,2.77,0.07,4426,1,2.77,0.07,4426
2026-05-09 16:14:03,1,1,1,2777.2,8,-3.8,-186,2771,1,2.77,0.07,4426,1,2.77,0.07,4426
2026-05-09 16:14:03,1,1,1,2703.4,0,-5.0,-237,2693,1,2.77,0.07,4426,1,2.77,0.07,4426
2026-05-09 16:14:03,1,1,1,2703.4,0,-5.0,-237,2693,1,2.77,0.07,4426,1,2.77,0.07,4426
2026-05-09 16:14:03,1,1,1,2617.2,8,-6.8,-308,2599,1,2.77,0.07,4426,1,2.77,0.07,4426
2026-05-09 16:14:03,1,1,1,2617.2,8,-6.8,-308,2599,1,2.77,0.07,4426,1,2.77,0.07,4426
2026-05-09 16:14:03,1,1,1,2532.3,0,-8.7,-384,2503,1,0.00,0.00,0,0,0.00,0.00,0
2026-05-09 16:14:03,1,1,1,2473.4,8,-10.6,-456,2431,1,0.00,0.00,0,0,0.00,0.00,0
2026-05-09 16:14:03,1,1,1,2473.4,8,-10.6,-456,2431,1,0.00,0.00,0,0,0.00,0.00,0
2026-05-09 16:14:03,1,1,1,2424.2,0,-12.4,-519,2368,1,0.00,0.00,0,0,0.00,0.00,0
2026-05-09 16:14:03,1,1,1,2424.2,0,-12.4,-519,2368,1,0.00,0.00,0,0,0.00,0.00,0
2026-05-09 16:14:03,1,1,1,2400.4,8,-14.4,-597,2325,0,0.00,0.00,0,0,0.00,0.00,0
2026-05-09 16:14:03,1,1,1,2400.4,8,-14.4,-597,2325,0,0.00,0.00,0,1,2.50,0.23,3725
2026-05-09 16:14:03,1,1,1,2403.8,0,-16.7,-692,2302,0,0.00,0.00,0,1,2.50,0.23,3725
2026-05-09 16:14:03,1,1,1,2400.8,24,-18.6,-767,2275,1,2.52,0.23,3725,1,2.52,0.23,3725
2026-05-09 16:14:03,1,1,1,2400.8,24,-18.6,-767,2275,1,2.52,0.23,3725,1,2.52,0.23,3725
2026-05-09 16:14:03,1,1,1,2403.1,24,-20.1,-825,2257,1,2.52,0.23,3725,1,2.52,0.23,3725
2026-05-09 16:14:13,1,1,1,2231.5,24,-19.2,-735,2107,1,2.52,0.12,6280,1,2.52,0.12,6280
2026-05-09 16:14:13,1,1,1,2231.5,24,-19.2,-735,2107,1,2.51,0.12,12505,1,2.51,0.12,12505
2026-05-09 16:14:13,1,1,1,2209.8,24,-21.4,-805,2058,1,2.51,0.12,12505,1,2.51,0.12,12505
2026-05-09 16:14:14,1,1,1,2209.8,24,-21.4,-805,2058,1,2.52,0.12,12505,1,2.52,0.12,12505
2026-05-09 16:14:14,1,1,1,2199.4,32,-23.3,-870,2020,1,2.52,0.12,12505,1,2.52,0.12,12505
2026-05-09 16:14:14,1,1,1,2193.3,24,-25.2,-933,1985,1,2.51,0.12,8293,1,2.51,0.12,8293
2026-05-09 16:14:14,1,1,1,2193.3,24,-25.2,-933,1985,1,2.51,0.12,8293,1,2.51,0.12,8293
2026-05-09 16:14:14,1,1,1,2193.7,24,-27.3,-1005,1950,1,2.53,0.12,8293,1,2.53,0.12,8293
2026-05-09 16:14:14,1,1,1,2193.7,24,-27.3,-1005,1950,1,2.53,0.12,8293,1,2.53,0.12,8293
2026-05-09 16:14:14,1,1,1,2209.0,0,-29.3,-1080,1927,1,2.52,0.11,3361,1,2.52,0.11,3361
2026-05-09 16:14:14,1,1,1,2209.0,0,-29.3,-1080,1927,1,2.52,0.11,3361,1,2.52,0.11,3361
2026-05-09 16:14:14,1,1,1,2364.2,0,-29.6,-1169,2055,1,2.53,0.11,3361,1,2.53,0.11,3361
2026-05-09 16:14:14,1,1,1,2514.2,0,-29.8,-1249,2182,1,2.53,0.11,3361,1,2.53,0.11,3361
2026-05-09 16:14:14,1,1,1,2514.2,0,-29.8,-1249,2182,1,2.53,0.11,3361,1,2.53,0.11,3361
2026-05-09 16:14:14,1,1,1,2649.7,16,-30.0,-1326,2294,1,2.53,0.11,3361,1,2.53,0.11,3361
2026-05-09 16:14:14,1,1,1,2649.7,16,-30.0,-1326,2294,1,2.53,0.11,3361,1,2.53,0.11,3361
2026-05-09 16:14:14,1,1,1,2632.8,24,-31.5,-1377,2244,1,2.53,0.11,3361,1,2.53,0.11,3361
2026-05-09 16:14:14,1,1,1,2632.8,24,-31.5,-1377,2244,1,2.50,0.26,3298,1,2.50,0.26,3298
2026-05-09 16:14:14,1,1,1,2595.8,24,-33.2,-1423,2171,1,2.50,0.26,3298,1,2.50,0.26,3298
2026-05-09 16:14:14,1,1,1,2595.8,24,-33.2,-1423,2171,1,2.53,0.26,3298,1,2.53,0.26,3298
2026-05-09 16:14:14,1,1,1,2551.7,32,-35.2,-1471,2085,1,2.53,0.26,3298,1,2.53,0.26,3298
2026-05-09 16:14:14,1,1,1,2528.6,32,-37.0,-1521,2020,1,2.53,0.25,1361,1,2.53,0.25,1361
2026-05-09 16:14:14,1,1,1,2528.6,32,-37.0,-1521,2020,1,2.53,0.25,1361,1,2.53,0.25,1361
2026-05-09 16:14:15,1,1,1,2517.8,32,-38.5,-1568,1970,1,2.55,0.25,1361,1,2.55,0.25,1361
2026-05-09 16:14:15,1,1,1,2517.8,32,-38.5,-1568,1970,1,2.55,0.25,1361,1,2.55,0.25,1361
2026-05-09 16:14:15,1,1,1,2504.3,8,-39.6,-1597,1929,1,2.63,0.26,833,1,2.63,0.26,833
2026-05-09 16:14:15,1,1,1,2504.3,8,-39.6,-1597,1929,0,0.00,0.00,0,1,2.63,0.26,833
2026-05-09 16:14:15,1,1,1,2513.3,16,-40.4,-1630,1913,0,0.00,0.00,0,1,2.66,0.26,833
2026-05-09 16:14:15,1,1,1,2531.9,16,-41.0,-1662,1910,0,0.00,0.00,0,1,2.66,0.26,833
2026-05-09 16:14:15,1,1,1,2531.9,16,-41.0,-1662,1910,0,0.00,0.00,0,1,2.70,0.26,5273
2026-05-09 16:14:15,1,1,1,2549.0,0,-41.5,-1688,1910,0,0.00,0.00,0,1,2.70,0.26,5273
2026-05-09 16:14:15,1,1,1,2549.0,0,-41.5,-1688,1910,1,2.73,0.26,5273,1,2.73,0.26,5273
2026-05-09 16:14:15,1,1,1,2557.0,32,-41.7,-1700,1910,1,2.73,0.26,5273,1,2.73,0.26,5273
2026-05-09 16:14:15,1,1,1,2557.0,32,-41.7,-1700,1910,1,2.73,0.26,5273,1,2.73,0.26,5273
2026-05-09 16:14:15,1,1,1,2568.3,-8,-41.7,-1708,1918,1,2.73,0.26,5273,1,2.73,0.26,5273
2026-05-09 16:14:15,1,1,1,2568.3,-8,-41.7,-1708,1918,1,2.73,0.26,5273,1,2.73,0.26,5273
2026-05-09 16:14:15,1,1,1,2576.4,-8,-41.6,-1709,1928,1,2.73,0.26,5273,1,2.73,0.26,5273
2026-05-09 16:14:15,1,1,1,2577.9,-32,-41.5,-1709,1930,1,2.73,0.26,5273,1,2.73,0.26,5273
2026-05-09 16:14:15,1,1,1,2577.9,-32,-41.5,-1709,1930,1,2.73,0.26,5273,1,2.73,0.26,5273
2026-05-09 16:14:15,1,1,1,2572.7,-24,-41.6,-1709,1923,1,2.73,0.26,5273,1,2.73,0.26,5273
2026-05-09 16:14:15,1,1,1,2572.7,-24,-41.6,-1709,1923,1,2.73,0.26,5273,1,2.73,0.26,5273
2026-05-09 16:14:15,1,1,1,2567.8,-16,-41.6,-1705,1920,1,2.73,0.26,5273,1,2.73,0.26,5273
2026-05-09 16:14:15,1,1,1,2567.8,-16,-41.6,-1705,1920,1,2.73,0.26,5273,1,2.73,0.26,5273
2026-05-09 16:14:16,1,1,1,2564.9,-24,-41.6,-1703,1918,1,2.57,-0.24,7501,1,2.57,-0.24,7501
2026-05-09 16:14:16,1,1,1,2562.2,-32,-41.6,-1700,1917,1,2.57,-0.24,7501,1,2.57,-0.24,7501
2026-05-09 16:14:16,1,1,1,2562.2,-32,-41.6,-1700,1917,1,2.55,-0.24,7501,1,2.55,-0.24,7501
2026-05-09 16:14:16,1,1,1,2558.5,-48,-41.6,-1699,1913,1,2.55,-0.24,7501,1,2.55,-0.24,7501
2026-05-09 16:14:16,1,1,1,2558.5,-48,-41.6,-1699,1913,1,2.51,-0.35,3673,1,2.51,-0.35,3673
2026-05-09 16:14:16,1,1,1,2555.1,-39,-41.6,-1696,1911,1,2.51,-0.35,3673,1,2.51,-0.35,3673
2026-05-09 16:14:16,1,1,1,2555.1,-39,-41.6,-1696,1911,1,2.47,-0.35,3673,1,2.47,-0.35,3673
2026-05-09 16:14:16,1,1,1,2549.3,-64,-41.6,-1693,1906,1,2.47,-0.35,3673,1,2.47,-0.35,3673
2026-05-09 16:14:16,1,1,1,2549.3,-64,-41.6,-1693,1906,1,2.47,-0.35,3673,1,2.47,-0.35,3673
2026-05-09 16:14:16,1,1,1,2542.1,-72,-41.7,-1690,1899,1,2.47,-0.35,3673,1,2.47,-0.35,3673
2026-05-09 16:14:16,1,1,1,2531.6,-79,-41.6,-1682,1892,1,2.47,-0.35,3673,1,2.47,-0.35,3673
2026-05-09 16:14:16,1,1,1,2531.6,-79,-41.6,-1682,1892,1,2.47,-0.35,3673,1,2.47,-0.35,3673
2026-05-09 16:14:16,1,1,1,2518.2,-56,-41.6,-1672,1883,1,2.47,-0.35,3673,1,2.47,-0.35,3673
2026-05-09 16:14:16,1,1,1,2518.2,-56,-41.6,-1672,1883,1,2.47,-0.35,3673,1,2.47,-0.35,3673
2026-05-09 16:14:16,1,1,1,2505.0,-56,-41.5,-1660,1876,1,2.24,-0.71,11240,1,2.24,-0.71,11240
2026-05-09 16:14:16,1,1,1,2505.0,-56,-41.5,-1660,1876,1,2.24,-0.71,11240,1,2.24,-0.71,11240
2026-05-09 16:14:16,1,1,1,2489.6,-48,-41.5,-1648,1866,1,2.21,-0.59,8570,1,2.21,-0.59,8570
2026-05-09 16:14:16,1,1,1,2489.6,-48,-41.5,-1648,1866,1,2.21,-0.59,8570,1,2.21,-0.59,8570
2026-05-09 16:14:16,1,1,1,2469.0,-112,-41.4,-1634,1851,1,2.19,-0.55,11050,1,2.19,-0.55,11050
2026-05-09 16:14:16,1,1,1,2413.7,-56,-41.2,-1590,1816,1,2.19,-0.55,11050,1,2.19,-0.55,11050
2026-05-09 16:14:17,1,1,1,2413.7,-56,-41.2,-1590,1816,1,2.12,-0.53,3856,1,2.12,-0.53,3856
2026-05-09 16:14:17,1,1,1,2364.9,-56,-40.9,-1549,1787,1,2.12,-0.53,3856,1,2.12,-0.53,3856
2026-05-09 16:14:17,1,1,1,2364.9,-56,-40.9,-1549,1787,1,2.07,-0.53,3856,1,2.07,-0.53,3856
2026-05-09 16:14:17,1,1,1,2316.9,-64,-40.6,-1508,1759,1,2.07,-0.53,3856,1,2.07,-0.53,3856
2026-05-09 16:14:17,1,1,1,2316.9,-64,-40.6,-1508,1759,1,2.00,-0.55,20329,1,2.00,-0.55,20329
2026-05-09 16:14:17,1,1,1,2269.6,-56,-40.1,-1462,1736,1,2.00,-0.55,20329,1,2.00,-0.55,20329
2026-05-09 16:14:17,1,1,1,2223.5,-56,-39.5,-1414,1716,1,1.96,-0.54,61505,1,1.96,-0.54,61505
2026-05-09 16:14:17,1,1,1,2223.5,-56,-39.5,-1414,1716,1,1.96,-0.54,61505,1,1.96,-0.54,61505
2026-05-09 16:14:17,1,1,1,2180.0,-39,-38.6,-1361,1703,1,1.92,-0.52,12861,1,1.92,-0.52,12861
2026-05-09 16:14:17,1,1,1,2180.0,-39,-38.6,-1361,1703,1,1.92,-0.52,12861,1,1.92,-0.52,12861
2026-05-09 16:14:17,1,1,1,2139.8,-48,-37.6,-1306,1695,1,1.87,-0.52,12861,1,1.87,-0.52,12861
2026-05-09 16:14:17,1,1,1,2139.8,-48,-37.6,-1306,1695,1,1.87,-0.52,12861,1,1.87,-0.52,12861
2026-05-09 16:14:17,1,1,1,2097.7,-39,-36.4,-1244,1689,1,1.87,-0.52,12861,1,1.87,-0.52,12861
2026-05-09 16:14:17,1,1,1,2097.7,-39,-36.4,-1244,1689,1,1.87,-0.52,12861,1,1.87,-0.52,12861
2026-05-09 16:14:17,1,1,1,2010.1,-56,-34.4,-1135,1659,1,1.87,-0.52,12861,1,1.87,-0.52,12861
2026-05-09 16:14:17,1,1,1,1920.0,-64,-32.9,-1043,1612,1,1.87,-0.52,12861,1,1.87,-0.52,12861
2026-05-09 16:14:17,1,1,1,1920.0,-64,-32.9,-1043,1612,1,1.87,-0.52,12861,1,1.87,-0.52,12861
2026-05-09 16:14:17,1,1,1,1836.6,-64,-31.4,-958,1567,1,1.87,-0.52,12861,1,1.87,-0.52,12861
2026-05-09 16:14:17,1,1,1,1836.6,-64,-31.4,-958,1567,1,1.87,-0.52,12861,1,1.87,-0.52,12861
2026-05-09 16:14:17,1,1,1,1759.9,-56,-29.8,-875,1527,1,1.87,-0.52,12861,1,1.87,-0.52,12861
2026-05-09 16:14:18,1,1,1,1759.9,-56,-29.8,-875,1527,1,1.49,-0.48,33349,1,1.49,-0.48,33349
2026-05-09 16:14:18,1,1,1,1686.6,-56,-28.2,-796,1487,1,1.49,-0.48,33349,1,1.49,-0.48,33349
2026-05-09 16:14:18,1,1,1,1595.2,-88,-26.3,-707,1430,1,1.45,-0.48,33349,1,1.45,-0.48,33349
2026-05-09 16:14:18,1,1,1,1595.2,-88,-26.3,-707,1430,1,1.45,-0.48,33349,1,1.45,-0.48,33349
2026-05-09 16:14:18,1,1,1,1529.1,-24,-24.1,-624,1396,1,1.45,-0.48,33349,1,1.45,-0.48,33349
2026-05-09 16:14:18,1,1,1,1529.1,-24,-24.1,-624,1396,1,1.45,-0.48,33349,1,1.45,-0.48,33349
2026-05-09 16:14:18,1,1,1,1471.8,-24,-21.6,-543,1368,1,1.45,-0.48,33349,1,1.45,-0.48,33349
2026-05-09 16:14:18,1,1,1,1471.8,-24,-21.6,-543,1368,1,1.45,-0.48,33349,1,1.45,-0.48,33349
2026-05-09 16:14:18,1,1,1,1422.2,-24,-19.2,-468,1343,1,1.45,-0.48,33349,1,1.45,-0.48,33349
2026-05-09 16:14:18,1,1,1,1422.2,-24,-19.2,-468,1343,1,1.45,-0.48,33349,1,1.45,-0.48,33349
2026-05-09 16:14:18,1,1,1,1363.7,32,-15.8,-372,1312,1,1.32,0.32,2378,1,1.32,0.32,2378
2026-05-09 16:14:18,1,1,1,1315.1,39,-12.1,-275,1286,1,1.32,0.32,2378,1,1.32,0.32,2378
2026-05-09 16:14:18,1,1,1,1315.1,39,-12.1,-275,1286,1,1.36,0.32,2378,1,1.36,0.32,2378
2026-05-09 16:14:18,1,1,1,1285.5,24,-8.3,-186,1272,1,1.36,0.32,2378,1,1.36,0.32,2378
2026-05-09 16:14:18,1,1,1,1285.5,24,-8.3,-186,1272,1,1.44,0.28,41057,1,1.44,0.28,41057
2026-05-09 16:14:18,1,1,1,1264.8,24,-4.4,-98,1261,1,1.44,0.28,41057,1,1.44,0.28,41057
2026-05-09 16:14:18,1,1,1,1264.8,24,-4.4,-98,1261,1,2.05,0.27,6705,1,2.05,0.27,6705
2026-05-09 16:14:18,1,1,1,1249.1,0,-0.6,-14,1249,1,2.05,0.27,6705,1,2.05,0.27,6705
2026-05-09 16:14:18,1,1,1,1247.3,16,2.6,57,1246,1,2.08,0.27,6705,1,2.08,0.27,6705
2026-05-09 16:14:18,1,1,1,1247.3,16,2.6,57,1246,1,2.08,0.27,6705,1,2.08,0.27,6705
2026-05-09 16:14:19,1,1,1,1248.9,24,5.6,121,1243,1,1.89,0.21,16416,1,1.89,0.21,16416
2026-05-09 16:14:19,1,1,1,1248.9,24,5.6,121,1243,1,1.89,0.21,16416,1,1.89,0.21,16416
2026-05-09 16:14:19,1,1,1,1276.9,16,8.1,181,1264,1,1.92,0.21,16416,1,1.92,0.21,16416
2026-05-09 16:14:19,1,1,1,1276.9,16,8.1,181,1264,1,1.92,0.21,16416,1,1.92,0.21,16416
2026-05-09 16:14:19,1,1,1,1298.7,32,11.2,252,1274,1,1.81,0.23,14120,1,1.81,0.23,14120
2026-05-09 16:14:19,1,1,1,1298.7,32,11.2,252,1274,1,1.81,0.23,14120,1,1.81,0.23,14120
2026-05-09 16:14:19,1,1,1,1312.7,32,14.7,332,1270,1,1.79,0.26,9010,1,1.79,0.26,9010
2026-05-09 16:14:19,1,1,1,1329.5,24,17.9,409,1265,1,1.79,0.26,9010,1,1.79,0.26,9010
2026-05-09 16:14:19,1,1,1,1329.5,24,17.9,409,1265,1,1.82,0.26,9010,1,1.82,0.26,9010
2026-05-09 16:14:19,1,1,1,1344.2,48,21.1,484,1254,1,1.82,0.26,9010,1,1.82,0.26,9010
2026-05-09 16:14:19,1,1,1,1344.2,48,21.1,484,1254,1,2.08,0.32,2165,1,2.08,0.32,2165
2026-05-09 16:14:19,1,1,1,1367.2,39,23.6,547,1253,1,2.08,0.32,2165,1,2.08,0.32,2165
2026-05-09 16:14:19,1,1,1,1367.2,39,23.6,547,1253,1,2.03,0.31,8954,1,2.03,0.31,8954
2026-05-09 16:14:19,1,1,1,1396.2,64,26.4,620,1251,1,2.03,0.31,8954,1,2.03,0.31,8954
2026-05-09 16:14:19,1,1,1,1434.9,64,29.2,701,1252,1,2.23,0.37,1618,1,2.23,0.37,1618
2026-05-09 16:14:19,1,1,1,1434.9,64,29.2,701,1252,1,2.23,0.37,1618,1,2.23,0.37,1618
2026-05-09 16:14:19,1,1,1,1488.4,64,31.1,768,1275,1,2.22,0.37,9256,1,2.22,0.37,9256
2026-05-09 16:14:19,1,1,1,1488.4,64,31.1,768,1275,1,2.22,0.37,9256,1,2.22,0.37,9256
2026-05-09 16:14:19,1,1,1,1554.6,72,32.1,826,1317,1,2.24,0.40,7650,1,2.24,0.40,7650
2026-05-09 16:14:19,1,1,1,1554.6,72,32.1,826,1317,1,2.24,0.40,7650,1,2.24,0.40,7650
2026-05-09 16:14:20,1,1,1,1610.1,56,33.2,882,1347,1,2.28,0.40,7650,1,2.28,0.40,7650
2026-05-09 16:14:20,1,1,1,1610.1,56,33.2,882,1347,1,2.28,0.40,7650,1,2.28,0.40,7650
2026-05-09 16:14:20,1,1,1,1652.5,56,34.8,943,1357,1,2.29,0.40,12753,1,2.29,0.40,12753
2026-05-09 16:14:20,1,1,1,1689.0,56,37.3,1023,1344,1,2.29,0.40,12753,1,2.29,0.40,12753
2026-05-09 16:14:20,1,1,1,1689.0,56,37.3,1023,1344,1,2.33,0.40,12753,1,2.33,0.40,12753
2026-05-09 16:14:20,1,1,1,1730.4,56,39.5,1101,1335,1,2.33,0.40,12753,1,2.33,0.40,12753
2026-05-09 16:14:20,1,1,1,1730.4,56,39.5,1101,1335,1,2.33,0.40,12753,1,2.33,0.40,12753
2026-05-09 16:14:20,1,1,1,1780.6,16,41.0,1168,1344,1,2.33,0.40,12753,1,2.33,0.40,12753
2026-05-09 16:14:20,1,1,1,1780.6,16,41.0,1168,1344,1,2.33,0.40,12753,1,2.33,0.40,12753
2026-05-09 16:14:20,1,1,1,1833.6,48,41.1,1205,1382,1,2.33,0.40,12753,1,2.33,0.40,12753
2026-05-09 16:14:20,1,1,1,1833.6,48,41.1,1205,1382,1,2.33,0.40,12753,1,2.33,0.40,12753
2026-05-09 16:14:20,1,1,1,1887.7,39,41.3,1246,1418,1,2.33,0.40,12753,1,2.33,0.40,12753
2026-05-09 16:14:20,1,1,1,1921.3,16,41.9,1282,1431,1,2.25,0.24,2746,1,2.25,0.24,2746
2026-05-09 16:14:20,1,1,1,1921.3,16,41.9,1282,1431,1,2.25,0.24,2746,1,2.25,0.24,2746
2026-05-09 16:14:20,1,1,1,1956.3,39,43.0,1335,1430,1,2.27,0.24,2746,1,2.27,0.24,2746
2026-05-09 16:14:20,1,1,1,1956.3,39,43.0,1335,1430,1,2.27,0.24,2746,1,2.27,0.24,2746
2026-05-09 16:14:20,1,1,1,1988.2,-8,43.7,1373,1438,1,2.27,0.24,2746,1,2.27,0.24,2746
2026-05-09 16:14:20,1,1,1,1988.2,-8,43.7,1373,1438,0,0.00,0.00,0,1,2.27,0.24,2746
2026-05-09 16:14:20,1,1,1,2018.8,24,45.0,1427,1428,0,0.00,0.00,0,1,2.27,0.24,2746
2026-05-09 16:14:20,1,1,1,2042.9,-8,45.4,1455,1434,0,0.00,0.00,0,1,2.27,0.24,2746
2026-05-09 16:14:21,1,1,1,2042.9,-8,45.4,1455,1434,0,0.00,0.00,0,1,2.29,0.26,5365
2026-05-09 16:14:21,1,1,1,2066.3,32,45.6,1477,1445,0,0.00,0.00,0,1,2.29,0.26,5365
2026-05-09 16:14:21,1,1,1,2066.3,32,45.6,1477,1445,1,2.32,0.26,5365,1,2.32,0.26,5365
2026-05-09 16:14:21,1,1,1,2098.7,24,45.2,1488,1480,1,2.32,0.26,5365,1,2.32,0.26,5365
2026-05-09 16:14:21,1,1,1,2098.7,24,45.2,1488,1480,1,2.32,0.26,5365,1,2.32,0.26,5365
2026-05-09 16:14:21,1,1,1,2124.3,16,44.4,1486,1518,1,2.32,0.26,5365,1,2.32,0.26,5365
2026-05-09 16:14:21,1,1,1,2124.3,16,44.4,1486,1518,1,2.32,0.26,5365,1,2.32,0.26,5365
2026-05-09 16:14:21,1,1,1,2142.1,0,43.3,1469,1559,1,2.32,0.26,5365,1,2.32,0.26,5365
2026-05-09 16:14:21,1,1,1,2151.5,8,42.6,1456,1584,1,2.32,0.26,5365,1,2.32,0.26,5365
2026-05-09 16:14:21,1,1,1,2151.5,8,42.6,1456,1584,1,2.32,0.26,5365,1,2.32,0.26,5365
2026-05-09 16:14:21,1,1,1,2152.5,0,42.0,1441,1599,1,2.32,0.26,5365,1,2.32,0.26,5365
2026-05-09 16:14:21,1,1,1,2152.5,0,42.0,1441,1599,1,2.32,0.26,5365,1,2.32,0.26,5365
2026-05-09 16:14:21,1,1,1,2150.2,-8,40.2,1387,1643,1,2.32,0.26,5365,1,2.32,0.26,5365
2026-05-09 16:14:21,1,1,1,2150.2,-8,40.2,1387,1643,1,2.32,0.26,5365,1,2.32,0.26,5365
2026-05-09 16:14:21,1,1,1,2151.4,0,38.7,1344,1680,1,2.32,0.26,5365,1,2.32,0.26,5365
2026-05-09 16:14:21,1,1,1,2149.3,0,37.9,1319,1697,1,0.00,0.00,0,0,0.00,0.00,0
2026-05-09 16:14:21,1,1,1,2149.3,0,37.9,1319,1697,1,0.00,0.00,0,0,0.00,0.00,0
2026-05-09 16:14:21,1,1,1,2146.2,0,37.2,1297,1710,1,0.00,0.00,0,0,0.00,0.00,0
2026-05-09 16:14:21,1,1,1,2146.2,0,37.2,1297,1710,1,0.00,0.00,0,0,0.00,0.00,0
2026-05-09 16:14:21,1,1,1,2156.4,-16,36.6,1286,1731,1,0.00,0.00,0,0,0.00,0.00,0
2026-05-09 16:14:22,1,1,1,2156.4,-16,36.6,1286,1731,0,0.00,0.00,0,0,0.00,0.00,0
2026-05-09 16:14:22,1,1,1,2163.3,-8,36.4,1284,1741,0,0.00,0.00,0,0,0.00,0.00,0
2026-05-09 16:14:22,1,1,1,2163.3,-8,36.4,1284,1741,0,0.00,0.00,0,0,0.00,0.00,0
2026-05-09 16:14:22,1,1,1,2170.8,-24,36.1,1279,1754,0,0.00,0.00,0,0,0.00,0.00,0
2026-05-09 16:14:22,1,1,1,2177.9,-8,35.9,1276,1765,0,0.00,0.00,0,1,2.31,-0.12,8650
2026-05-09 16:14:22,1,1,1,2177.9,-8,35.9,1276,1765,0,0.00,0.00,0,1,2.31,-0.12,8650
2026-05-09 16:14:22,1,1,1,2193.7,-16,35.4,1271,1788,1,2.28,-0.14,9754,1,2.28,-0.14,9754
2026-05-09 16:14:22,1,1,1,2193.7,-16,35.4,1271,1788,1,2.28,-0.14,9754,1,2.28,-0.14,9754
2026-05-09 16:14:22,1,1,1,2203.3,-24,35.0,1265,1804,1,2.27,-0.14,12249,1,2.27,-0.14,12249
2026-05-09 16:14:22,1,1,1,2203.3,-24,35.0,1265,1804,1,2.27,-0.14,12249,1,2.27,-0.14,12249
2026-05-09 16:14:22,1,1,1,2203.5,-24,34.6,1251,1814,1,2.26,-0.16,9586,1,2.26,-0.16,9586
2026-05-09 16:14:22,1,1,1,2194.4,-39,34.0,1226,1820,1,2.26,-0.16,9586,1,2.26,-0.16,9586
2026-05-09 16:14:22,1,1,1,2194.4,-39,34.0,1226,1820,1,2.24,-0.16,9586,1,2.24,-0.16,9586
2026-05-09 16:14:22,1,1,1,2185.0,-39,33.4,1203,1824,1,2.24,-0.16,9586,1,2.24,-0.16,9586
2026-05-09 16:14:22,1,1,1,2185.0,-39,33.4,1203,1824,1,2.24,-0.16,9586,1,2.24,-0.16,9586
2026-05-09 16:14:22,1,1,1,2175.9,-32,32.7,1174,1832,1,2.24,-0.16,9586,1,2.24,-0.16,9586
2026-05-09 16:14:22,1,1,1,2175.9,-32,32.7,1174,1832,1,2.24,-0.16,9586,1,2.24,-0.16,9586
2026-05-09 16:14:22,1,1,1,2154.5,-24,30.9,1106,1849,1,2.24,-0.16,9586,1,2.24,-0.16,9586
2026-05-09 16:14:22,1,1,1,2154.5,-24,30.9,1106,1849,1,2.24,-0.16,9586,1,2.24,-0.16,9586
2026-05-09 16:14:22,1,1,1,2111.1,-48,29.1,1026,1845,1,2.24,-0.16,9586,1,2.24,-0.16,9586
2026-05-09 16:14:23,1,1,1,2045.6,-24,26.6,916,1829,1,2.24,-0.16,9586,1,2.24,-0.16,9586
2026-05-09 16:14:23,1,1,1,2045.6,-24,26.6,916,1829,1,2.24,-0.16,9586,1,2.24,-0.16,9586
2026-05-09 16:14:23,1,1,1,1983.8,0,23.6,794,1818,1,2.24,-0.16,9586,1,2.24,-0.16,9586
2026-05-09 16:14:23,1,1,1,1983.8,0,23.6,794,1818,1,2.24,-0.16,9586,1,2.24,-0.16,9586
2026-05-09 16:14:23,1,1,1,1942.3,8,21.2,702,1811,1,3.20,0.00,1825,1,3.20,0.00,1825
2026-05-09 16:14:23,1,1,1,1942.3,8,21.2,702,1811,1,3.20,0.00,1825,1,3.20,0.00,1825
2026-05-09 16:14:23,1,1,1,1915.7,0,18.8,616,1814,1,3.22,0.00,3370,1,3.22,0.00,3370
2026-05-09 16:14:23,1,1,1,2029.8,0,14.4,505,1966,1,3.22,0.00,3370,1,3.22,0.00,3370
2026-05-09 16:14:23,1,1,1,2029.8,0,14.4,505,1966,1,3.22,0.00,3370,1,3.22,0.00,3370
2026-05-09 16:14:23,1,1,1,2137.8,-16,10.8,400,2100,1,3.22,0.00,3370,1,3.22,0.00,3370
2026-05-09 16:14:23,1,1,1,2137.8,-16,10.8,400,2100,1,2.82,-0.06,2081,1,2.82,-0.06,2081
2026-05-09 16:14:23,1,1,1,2122.7,-16,9.8,360,2092,1,2.82,-0.06,2081,1,2.82,-0.06,2081
2026-05-09 16:14:23,1,1,1,2122.7,-16,9.8,360,2092,1,2.59,-0.14,27490,1,2.59,-0.14,27490
2026-05-09 16:14:23,1,1,1,2073.1,-24,9.1,328,2047,1,2.59,-0.14,27490,1,2.59,-0.14,27490
2026-05-09 16:14:23,1,1,1,2073.1,-24,9.1,328,2047,1,2.58,-0.14,27490,1,2.58,-0.14,27490
2026-05-09 16:14:23,1,1,1,2023.2,-16,8.5,299,2001,1,2.58,-0.14,27490,1,2.58,-0.14,27490
2026-05-09 16:14:23,1,1,1,1982.1,-8,7.5,260,1965,1,2.50,-0.13,8722,1,2.50,-0.13,8722
2026-05-09 16:14:23,1,1,1,1982.1,-8,7.5,260,1965,1,2.50,-0.13,8722,1,2.50,-0.13,8722
2026-05-09 16:14:23,1,1,1,1946.4,-8,6.2,210,1935,1,2.64,-0.06,5581,1,2.64,-0.06,5581
2026-05-09 16:14:23,1,1,1,1946.4,-8,6.2,210,1935,1,2.64,-0.06,5581,1,2.64,-0.06,5581
2026-05-09 16:14:24,1,1,1,1911.5,-8,4.7,157,1905,1,2.73,-0.02,9113,1,2.73,-0.02,9113
2026-05-09 16:14:24,1,1,1,1911.5,-8,4.7,157,1905,1,2.73,-0.02,9113,1,2.73,-0.02,9113
2026-05-09 16:14:24,1,1,1,1893.9,0,3.2,105,1891,1,2.73,-0.02,9113,1,2.73,-0.02,9113
2026-05-09 16:14:24,1,1,1,2066.7,0,1.5,53,2066,1,2.73,-0.02,9113,1,2.73,-0.02,9113
2026-05-09 16:14:24,1,1,1,2066.7,0,1.5,53,2066,1,2.73,-0.02,9113,1,2.73,-0.02,9113
2026-05-09 16:14:24,1,1,1,2247.1,0,-0.5,-20,2247,1,2.73,-0.02,9113,1,2.73,-0.02,9113
2026-05-09 16:14:24,1,1,1,2247.1,0,-0.5,-20,2247,1,2.73,-0.02,9113,1,2.73,-0.02,9113
2026-05-09 16:14:24,1,1,1,2414.0,16,-2.3,-98,2412,1,2.73,-0.02,9113,1,2.73,-0.02,9113
2026-05-09 16:14:24,1,1,1,2414.0,16,-2.3,-98,2412,1,2.00,0.23,11441,1,2.00,0.23,11441
2026-05-09 16:14:24,1,1,1,2370.0,16,-4.1,-169,2364,1,2.00,0.23,11441,1,2.00,0.23,11441
2026-05-09 16:14:24,1,1,1,2370.0,16,-4.1,-169,2364,1,2.13,0.25,7649,1,2.13,0.25,7649
2026-05-09 16:14:24,1,1,1,2293.1,24,-5.9,-235,2281,1,2.13,0.25,7649,1,2.13,0.25,7649
2026-05-09 16:14:24,1,1,1,2220.2,32,-7.9,-306,2199,1,2.52,0.28,4825,1,2.52,0.28,4825
2026-05-09 16:14:24,1,1,1,2220.2,32,-7.9,-306,2199,1,2.52,0.28,4825,1,2.52,0.28,4825
2026-05-09 16:14:24,1,1,1,2162.4,39,-9.8,-367,2131,1,2.72,0.29,4850,1,2.72,0.29,4850
2026-05-09 16:14:24,1,1,1,2162.4,39,-9.8,-367,2131,1,2.72,0.29,4850,1,2.72,0.29,4850
2026-05-09 16:14:24,1,1,1,2115.6,0,-11.8,-432,2071,1,2.75,0.29,4850,1,2.75,0.29,4850
2026-05-09 16:14:24,1,1,1,2115.6,0,-11.8,-432,2071,1,2.75,0.29,4850,1,2.75,0.29,4850
2026-05-09 16:14:24,1,1,1,2091.6,24,-13.9,-504,2030,1,2.63,0.24,9325,1,2.63,0.24,9325
2026-05-09 16:14:24,1,1,1,2091.6,24,-13.9,-504,2030,1,2.63,0.24,9325,1,2.63,0.24,9325
2026-05-09 16:14:25,1,1,1,2082.3,24,-16.1,-576,2001,1,2.65,0.24,9325,1,2.65,0.24,9325
2026-05-09 16:14:25,1,1,1,2068.8,24,-18.0,-641,1967,1,2.65,0.24,9325,1,2.65,0.24,9325
2026-05-09 16:14:25,1,1,1,2068.8,24,-18.0,-641,1967,1,2.60,0.22,4549,1,2.60,0.22,4549
2026-05-09 16:14:25,1,1,1,2064.7,32,-19.9,-704,1941,1,2.60,0.22,4549,1,2.60,0.22,4549
2026-05-09 16:14:25,1,1,1,2064.7,32,-19.9,-704,1941,1,2.53,0.19,8005,1,2.53,0.19,8005
2026-05-09 16:14:25,1,1,1,2060.1,32,-22.0,-772,1910,1,2.53,0.19,8005,1,2.53,0.19,8005
2026-05-09 16:14:25,1,1,1,2060.1,32,-22.0,-772,1910,1,2.55,0.19,8005,1,2.55,0.19,8005
2026-05-09 16:14:25,1,1,1,2063.6,32,-24.1,-842,1884,1,2.55,0.19,8005,1,2.55,0.19,8005
2026-05-09 16:14:25,1,1,1,2072.5,32,-26.1,-912,1861,1,2.55,0.19,8005,1,2.55,0.19,8005
2026-05-09 16:14:25,1,1,1,2072.5,32,-26.1,-912,1861,1,2.55,0.19,8005,1,2.55,0.19,8005
2026-05-09 16:14:25,1,1,1,2086.2,48,-28.2,-985,1839,1,2.55,0.19,8005,1,2.55,0.19,8005
2026-05-09 16:14:25,1,1,1,2086.2,48,-28.2,-985,1839,1,2.55,0.19,8005,1,2.55,0.19,8005
2026-05-09 16:14:25,1,1,1,2111.2,0,-30.1,-1058,1827,1,2.30,0.31,3560,1,2.30,0.31,3560
2026-05-09 16:14:25,1,1,1,2111.2,0,-30.1,-1058,1827,1,2.30,0.31,3560,1,2.30,0.31,3560
2026-05-09 16:14:25,1,1,1,2266.2,0,-30.2,-1141,1958,1,2.33,0.31,3560,1,2.33,0.31,3560
2026-05-09 16:14:25,1,1,1,2266.2,0,-30.2,-1141,1958,1,2.33,0.31,3560,1,2.33,0.31,3560
2026-05-09 16:14:25,1,1,1,2439.7,0,-30.3,-1230,2107,1,2.33,0.31,3560,1,2.33,0.31,3560
2026-05-09 16:14:25,1,1,1,2601.9,39,-30.4,-1317,2244,1,2.33,0.31,3560,1,2.33,0.31,3560
2026-05-09 16:14:25,1,1,1,2601.9,39,-30.4,-1317,2244,1,2.33,0.31,3560,1,2.33,0.31,3560
2026-05-09 16:14:25,1,1,1,2613.6,32,-31.4,-1363,2230,1,2.33,0.31,3560,1,2.33,0.31,3560
2026-05-09 16:14:26,1,1,1,2613.6,32,-31.4,-1363,2230,1,2.33,0.31,3560,1,2.33,0.31,3560
2026-05-09 16:14:26,1,1,1,2578.0,32,-32.8,-1395,2168,1,2.33,0.31,3560,1,2.33,0.31,3560
2026-05-09 16:14:26,1,1,1,2578.0,32,-32.8,-1395,2168,1,2.52,0.47,8957,1,2.52,0.47,8957
2026-05-09 16:14:26,1,1,1,2538.3,32,-34.0,-1420,2104,1,2.52,0.47,8957,1,2.52,0.47,8957
2026-05-09 16:14:26,1,1,1,2513.4,16,-35.0,-1440,2060,1,2.57,0.47,8957,1,2.57,0.47,8957
2026-05-09 16:14:26,1,1,1,2513.4,16,-35.0,-1440,2060,1,2.57,0.47,8957,1,2.57,0.47,8957
2026-05-09 16:14:26,1,1,1,2504.3,16,-35.5,-1454,2039,1,2.57,0.47,8957,1,2.57,0.47,8957
2026-05-09 16:14:26,1,1,1,2504.3,16,-35.5,-1454,2039,1,2.57,0.47,8957,1,2.57,0.47,8957
2026-05-09 16:14:26,1,1,1,2499.1,39,-36.0,-1470,2021,1,2.57,0.47,8957,1,2.57,0.47,8957
2026-05-09 16:14:26,1,1,1,2499.1,39,-36.0,-1470,2021,1,2.57,0.47,8957,1,2.57,0.47,8957
2026-05-09 16:14:26,1,1,1,2503.3,8,-36.2,-1480,2019,1,2.57,0.47,8957,1,2.57,0.47,8957
2026-05-09 16:14:26,1,1,1,2503.3,8,-36.2,-1480,2019,1,2.57,0.47,8957,1,2.57,0.47,8957
2026-05-09 16:14:26,1,1,1,2505.8,24,-36.2,-1480,2022,1,2.57,0.47,8957,1,2.57,0.47,8957
2026-05-09 16:14:26,1,1,1,2507.4,16,-36.1,-1476,2027,1,2.57,0.47,8957,1,2.57,0.47,8957
2026-05-09 16:14:26,1,1,1,2507.4,16,-36.1,-1476,2027,1,2.57,0.47,8957,1,2.57,0.47,8957
2026-05-09 16:14:26,1,1,1,2511.1,0,-35.9,-1474,2033,1,2.57,0.47,8957,1,2.57,0.47,8957
2026-05-09 16:14:26,1,1,1,2511.1,0,-35.9,-1474,2033,1,2.57,0.47,8957,1,2.57,0.47,8957
2026-05-09 16:14:26,1,1,1,2530.1,0,-35.7,-1476,2055,1,0.00,0.00,0,0,0.00,0.00,0
2026-05-09 16:14:26,1,1,1,2530.1,0,-35.7,-1476,2055,1,0.00,0.00,0,0,0.00,0.00,0
2026-05-09 16:14:26,1,1,1,2587.3,0,-35.1,-1486,2118,1,0.00,0.00,0,0,0.00,0.00,0
2026-05-09 16:14:27,1,1,1,2616.3,-39,-34.6,-1485,2154,1,0.00,0.00,0,0,0.00,0.00,0
2026-05-09 16:14:27,1,1,1,2616.3,-39,-34.6,-1485,2154,1,0.00,0.00,0,0,0.00,0.00,0
2026-05-09 16:14:27,1,1,1,2623.2,-32,-34.5,-1487,2161,0,0.00,0.00,0,0,0.00,0.00,0
2026-05-09 16:14:27,1,1,1,2623.2,-32,-34.5,-1487,2161,0,0.00,0.00,0,0,0.00,0.00,0
2026-05-09 16:14:27,1,1,1,2617.7,-39,-34.6,-1486,2155,0,0.00,0.00,0,0,0.00,0.00,0
2026-05-09 16:14:27,1,1,1,2617.7,-39,-34.6,-1486,2155,0,0.00,0.00,0,0,0.00,0.00,0
2026-05-09 16:14:27,1,1,1,2609.7,-72,-34.7,-1485,2146,0,0.00,0.00,0,0,0.00,0.00,0
2026-05-09 16:14:27,1,1,1,2609.7,-72,-34.7,-1485,2146,0,0.00,0.00,0,0,0.00,0.00,0
2026-05-09 16:14:27,1,1,1,2599.8,-79,-34.8,-1482,2136,0,0.00,0.00,0,0,0.00,0.00,0
2026-05-09 16:14:27,1,1,1,2588.5,0,-34.8,-1478,2125,0,0.00,0.00,0,0,0.00,0.00,0
2026-05-09 16:14:27,1,1,1,2588.5,0,-34.8,-1478,2125,0,0.00,0.00,0,0,0.00,0.00,0
2026-05-09 16:14:27,1,1,1,2554.0,-48,-35.1,-1468,2090,0,0.00,0.00,0,0,0.00,0.00,0
2026-05-09 16:14:27,1,1,1,2554.0,-48,-35.1,-1468,2090,0,0.00,0.00,0,0,0.00,0.00,0
2026-05-09 16:14:27,1,1,1,2520.1,-48,-35.2,-1453,2059,0,0.00,0.00,0,0,0.00,0.00,0
2026-05-09 16:14:27,1,1,1,2520.1,-48,-35.2,-1453,2059,0,0.00,0.00,0,0,0.00,0.00,0
2026-05-09 16:14:27,1,1,1,2483.3,-72,-35.1,-1429,2031,0,0.00,0.00,0,0,0.00,0.00,0
2026-05-09 16:14:27,1,1,1,2449.1,-56,-35.0,-1405,2006,0,0.00,0.00,0,0,0.00,0.00,0
2026-05-09 16:14:27,1,1,1,2449.1,-56,-35.0,-1405,2006,0,0.00,0.00,0,0,0.00,0.00,0
2026-05-09 16:14:27,1,1,1,2414.0,-64,-34.9,-1381,1980,0,0.00,0.00,0,0,0.00,0.00,0
2026-05-09 16:14:27,1,1,1,2414.0,-64,-34.9,-1381,1980,0,0.00,0.00,0,0,0.00,0.00,0
2026-05-09 16:14:28,1,1,1,2380.2,-72,-34.9,-1362,1952,0,0.00,0.00,0,1,2.24,-0.71,4381
2026-05-09 16:14:28,1,1,1,2380.2,-72,-34.9,-1362,1952,0,0.00,0.00,0,1,2.24,-0.71,4381
2026-05-09 16:14:28,1,1,1,2337.6,-72,-35.0,-1342,1914,1,2.10,-0.72,14468,1,2.10,-0.72,14468
2026-05-09 16:14:28,1,1,1,2337.6,-72,-35.0,-1342,1914,1,2.10,-0.72,14468,1,2.10,-0.72,14468
2026-05-09 16:14:28,1,1,1,2251.7,-72,-35.4,-1305,1835,1,2.02,-0.63,25789,1,2.02,-0.63,25789
2026-05-09 16:14:28,1,1,1,2177.8,-56,-35.3,-1259,1777,1,2.02,-0.63,25789,1,2.02,-0.63,25789
2026-05-09 16:14:28,1,1,1,2177.8,-56,-35.3,-1259,1777,1,1.97,-0.59,11465,1,1.97,-0.59,11465
2026-05-09 16:14:28,1,1,1,2107.5,-56,-34.9,-1205,1729,1,1.97,-0.59,11465,1,1.97,-0.59,11465
2026-05-09 16:14:28,1,1,1,2107.5,-56,-34.9,-1205,1729,1,1.94,-0.56,23290,1,1.94,-0.56,23290
2026-05-09 16:14:28,1,1,1,2047.4,-64,-34.6,-1163,1685,1,1.94,-0.56,23290,1,1.94,-0.56,23290
2026-05-09 16:14:28,1,1,1,2047.4,-64,-34.6,-1163,1685,1,1.88,-0.56,23290,1,1.88,-0.56,23290
2026-05-09 16:14:28,1,1,1,1983.8,-72,-34.4,-1122,1636,1,1.88,-0.56,23290,1,1.88,-0.56,23290
2026-05-09 16:14:28,1,1,1,1918.2,-79,-34.7,-1092,1577,1,1.88,-0.56,23290,1,1.88,-0.56,23290
2026-05-09 16:14:28,1,1,1,1918.2,-79,-34.7,-1092,1577,1,1.88,-0.56,23290,1,1.88,-0.56,23290
2026-05-09 16:14:28,1,1,1,1850.2,-88,-35.4,-1072,1508,1,1.88,-0.56,23290,1,1.88,-0.56,23290
2026-05-09 16:14:28,1,1,1,1850.2,-88,-35.4,-1072,1508,1,1.88,-0.56,23290,1,1.88,-0.56,23290
2026-05-09 16:14:28,1,1,1,1783.2,-56,-35.6,-1038,1450,1,1.88,-0.56,23290,1,1.88,-0.56,23290
2026-05-09 16:14:28,1,1,1,1783.2,-56,-35.6,-1038,1450,1,1.88,-0.56,23290,1,1.88,-0.56,23290
2026-05-09 16:14:28,1,1,1,1720.6,-48,-35.4,-996,1403,1,1.88,-0.56,23290,1,1.88,-0.56,23290
2026-05-09 16:14:28,1,1,1,1720.6,-48,-35.4,-996,1403,1,1.88,-0.56,23290,1,1.88,-0.56,23290
2026-05-09 16:14:29,1,1,1,1663.6,-48,-34.9,-951,1365,1,1.88,-0.56,23290,1,1.88,-0.56,23290
2026-05-09 16:14:29,1,1,1,1610.4,-39,-34.2,-905,1332,1,1.88,-0.56,23290,1,1.88,-0.56,23290
2026-05-09 16:14:29,1,1,1,1610.4,-39,-34.2,-905,1332,1,1.88,-0.56,23290,1,1.88,-0.56,23290
2026-05-09 16:14:29,1,1,1,1559.9,-32,-33.2,-853,1306,1,0.00,0.00,0,0,0.00,0.00,0
2026-05-09 16:14:29,1,1,1,1559.9,-32,-33.2,-853,1306,1,1.49,-0.23,60877,1,1.49,-0.23,60877
2026-05-09 16:14:29,1,1,1,1514.8,-16,-31.8,-799,1287,1,1.49,-0.23,60877,1,1.49,-0.23,60877
2026-05-09 16:14:29,1,1,1,1514.8,-16,-31.8,-799,1287,1,1.47,-0.23,60877,1,1.47,-0.23,60877
2026-05-09 16:14:29,1,1,1,1475.4,-8,-30.1,-739,1277,1,1.47,-0.23,60877,1,1.47,-0.23,60877
2026-05-09 16:14:29,1,1,1,1475.4,-8,-30.1,-739,1277,1,1.47,-0.23,38224,1,1.47,-0.23,38224
2026-05-09 16:14:29,1,1,1,1440.0,-8,-28.0,-675,1272,1,1.47,-0.23,38224,1,1.47,-0.23,38224
2026-05-09 16:14:29,1,1,1,1411.5,-8,-25.8,-614,1271,1,1.46,-0.22,37537,1,1.46,-0.22,37537
2026-05-09 16:14:29,1,1,1,1411.5,-8,-25.8,-614,1271,1,1.46,-0.22,37537,1,1.46,-0.22,37537
2026-05-09 16:14:29,1,1,1,1387.7,-8,-23.7,-557,1271,1,1.46,-0.21,20740,1,1.46,-0.21,20740
2026-05-09 16:14:29,1,1,1,1387.7,-8,-23.7,-557,1271,1,1.46,-0.21,20740,1,1.46,-0.21,20740
2026-05-09 16:14:29,1,1,1,1374.2,0,-20.8,-487,1285,1,1.44,-0.21,20740,1,1.44,-0.21,20740
2026-05-09 16:14:29,1,1,1,1374.2,0,-20.8,-487,1285,1,1.44,-0.21,20740,1,1.44,-0.21,20740
2026-05-09 16:14:29,1,1,1,1350.9,-16,-18.4,-426,1282,1,1.44,-0.21,20740,1,1.44,-0.21,20740
2026-05-09 16:14:29,1,1,1,1329.1,-16,-15.6,-358,1280,1,1.44,-0.21,20740,1,1.44,-0.21,20740
2026-05-09 16:14:29,1,1,1,1329.1,-16,-15.6,-358,1280,1,1.44,-0.21,20740,1,1.44,-0.21,20740
2026-05-09 16:14:29,1,1,1,1314.3,-8,-12.9,-294,1281,1,1.44,-0.21,20740,1,1.44,-0.21,20740
2026-05-09 16:14:30,1,1,1,1314.3,-8,-12.9,-294,1281,1,3.17,0.05,3361,1,3.17,0.05,3361
2026-05-09 16:14:30,1,1,1,1295.0,-8,-9.8,-221,1276,1,3.17,0.05,3361,1,3.17,0.05,3361
2026-05-09 16:14:30,1,1,1,1295.0,-8,-9.8,-221,1276,1,2.22,-0.02,15605,1,2.22,-0.02,15605
2026-05-09 16:14:30,1,1,1,1279.2,0,-6.5,-145,1271,1,2.22,-0.02,15605,1,2.22,-0.02,15605
2026-05-09 16:14:30,1,1,1,1279.2,0,-6.5,-145,1271,1,2.56,0.02,5933,1,2.56,0.02,5933
2026-05-09 16:14:30,1,1,1,1265.8,0,-3.0,-67,1264,1,2.56,0.02,5933,1,2.56,0.02,5933
2026-05-09 16:14:30,1,1,1,1258.0,0,0.3,6,1258,1,2.74,0.07,3188,1,2.74,0.07,3188
2026-05-09 16:14:30,1,1,1,1258.0,0,0.3,6,1258,1,2.74,0.07,3188,1,2.74,0.07,3188
2026-05-09 16:14:30,1,1,1,1249.9,16,3.2,69,1248,1,2.45,0.05,5769,1,2.45,0.05,5769
2026-05-09 16:14:30,1,1,1,1249.9,16,3.2,69,1248,1,2.45,0.05,5769,1,2.45,0.05,5769
2026-05-09 16:14:30,1,1,1,1248.5,32,6.3,137,1241,1,2.45,0.05,5769,1,2.45,0.05,5769
2026-05-09 16:14:30,1,1,1,1248.5,32,6.3,137,1241,1,2.45,0.05,5769,1,2.45,0.05,5769
2026-05-09 16:14:30,1,1,1,1252.2,39,9.8,213,1234,1,2.45,0.05,5769,1,2.45,0.05,5769
2026-05-09 16:14:30,1,1,1,1258.2,48,13.2,287,1225,1,2.45,0.05,5769,1,2.45,0.05,5769
2026-05-09 16:14:30,1,1,1,1258.2,48,13.2,287,1225,1,2.45,0.05,5769,1,2.45,0.05,5769
2026-05-09 16:14:30,1,1,1,1276.0,32,16.2,357,1225,1,2.45,0.05,5769,1,2.45,0.05,5769
2026-05-09 16:14:30,1,1,1,1276.0,32,16.2,357,1225,1,2.45,0.05,5769,1,2.45,0.05,5769
2026-05-09 16:14:30,1,1,1,1303.5,39,18.9,423,1233,1,2.45,0.05,5769,1,2.45,0.05,5769
2026-05-09 16:14:30,1,1,1,1303.5,39,18.9,423,1233,1,2.45,0.05,5769,1,2.45,0.05,5769
2026-05-09 16:14:30,1,1,1,1333.0,39,21.3,484,1242,1,2.45,0.05,5769,1,2.45,0.05,5769
2026-05-09 16:14:31,1,1,1,1333.0,39,21.3,484,1242,1,2.45,0.05,5769,1,2.45,0.05,5769
2026-05-09 16:14:31,1,1,1,1367.0,39,23.4,542,1255,1,2.45,0.05,5769,1,2.45,0.05,5769
2026-05-09 16:14:31,1,1,1,1407.3,48,24.7,587,1279,1,1.74,0.25,18850,1,1.74,0.25,18850
2026-05-09 16:14:31,1,1,1,1407.3,48,24.7,587,1279,1,1.74,0.25,18850,1,1.74,0.25,18850
2026-05-09 16:14:31,1,1,1,1451.8,48,25.8,632,1307,1,1.77,0.48,8945,1,1.77,0.48,8945
2026-05-09 16:14:31,1,1,1,1451.8,48,25.8,632,1307,1,1.77,0.48,8945,1,1.77,0.48,8945
2026-05-09 16:14:31,1,1,1,1477.3,39,27.4,679,1312,1,1.81,0.48,8945,1,1.81,0.48,8945
2026-05-09 16:14:31,1,1,1,1477.3,39,27.4,679,1312,1,1.81,0.48,8945,1,1.81,0.48,8945
2026-05-09 16:14:31,1,1,1,1505.5,48,29.1,733,1315,1,1.83,0.47,14930,1,1.83,0.47,14930
2026-05-09 16:14:31,1,1,1,1554.5,32,30.5,788,1340,1,-325.85,0.47,14930,1,-325.85,0.47,14930
2026-05-09 16:14:31,1,1,1,1554.5,32,30.5,788,1340,1,1.88,0.47,14930,1,1.88,0.47,14930
2026-05-09 16:14:31,1,1,1,1618.6,32,31.1,836,1386,1,1.88,0.47,14930,1,1.88,0.47,14930
2026-05-09 16:14:31,1,1,1,1618.6,32,31.1,836,1386,1,1.91,0.48,7794,1,1.91,0.48,7794
2026-05-09 16:14:31,1,1,1,1671.5,56,32.0,885,1418,1,1.91,0.48,7794,1,1.91,0.48,7794
2026-05-09 16:14:31,1,1,1,1671.5,56,32.0,885,1418,1,1.98,0.54,6052,1,1.98,0.54,6052
2026-05-09 16:14:31,1,1,1,1714.0,72,33.5,945,1430,1,2.57,2.57,257,1,2.57,2.57,257
2026-05-09 16:14:31,1,1,1,1714.0,72,33.5,945,1430,1,2.03,0.54,6052,1,2.03,0.54,6052
2026-05-09 16:14:31,1,1,1,1759.6,64,34.4,994,1452,1,2.03,0.54,6052,1,2.03,0.54,6052
2026-05-09 16:14:31,1,1,1,1817.6,48,34.4,1028,1499,1,2.10,0.57,10440,1,2.10,0.57,10440
2026-05-09 16:14:31,1,1,1,1817.6,48,34.4,1028,1499,1,2.10,0.57,10440,1,2.10,0.57,10440
2026-05-09 16:14:32,1,1,1,1872.2,39,34.8,1069,1537,1,2.16,0.57,10440,1,2.16,0.57,10440
2026-05-09 16:14:32,1,1,1,1872.2,39,34.8,1069,1537,1,2.16,0.57,10440,1,2.16,0.57,10440
2026-05-09 16:14:32,1,1,1,1919.9,32,35.5,1115,1563,1,2.16,0.57,10440,1,2.16,0.57,10440
2026-05-09 16:14:32,1,1,1,1919.9,32,35.5,1115,1563,1,2.16,0.57,10440,1,2.16,0.57,10440
2026-05-09 16:14:32,1,1,1,1962.6,79,36.8,1175,1572,1,2.16,0.57,10440,1,2.16,0.57,10440
2026-05-09 16:14:32,1,1,1,2002.4,48,38.0,1234,1577,1,2.16,0.57,10440,1,2.16,0.57,10440
2026-05-09 16:14:32,1,1,1,2002.4,48,38.0,1234,1577,1,2.16,0.57,10440,1,2.16,0.57,10440
2026-05-09 16:14:32,1,1,1,2035.3,39,38.5,1268,1592,1,2.16,0.57,10440,1,2.16,0.57,10440
2026-05-09 16:14:32,1,1,1,2035.3,39,38.5,1268,1592,1,2.16,0.57,10440,1,2.16,0.57,10440
2026-05-09 16:14:32,1,1,1,2076.8,24,39.4,1318,1605,1,2.16,0.57,10440,1,2.16,0.57,10440
2026-05-09 16:14:32,1,1,1,2076.8,24,39.4,1318,1605,1,2.16,0.57,10440,1,2.16,0.57,10440
2026-05-09 16:14:32,1,1,1,2115.6,16,39.5,1345,1633,1,2.16,0.57,10440,1,2.16,0.57,10440
2026-05-09 16:14:32,1,1,1,2115.6,16,39.5,1345,1633,1,2.16,0.57,10440,1,2.16,0.57,10440
2026-05-09 16:14:32,1,1,1,2144.1,24,39.9,1374,1646,1,0.00,0.00,0,0,0.00,0.00,0
2026-05-09 16:14:32,1,1,1,2168.3,16,40.0,1395,1660,1,0.00,0.00,0,0,0.00,0.00,0
2026-05-09 16:14:32,1,1,1,2168.3,16,40.0,1395,1660,1,0.00,0.00,0,0,0.00,0.00,0
2026-05-09 16:14:32,1,1,1,2187.6,16,40.2,1413,1670,1,0.00,0.00,0,0,0.00,0.00,0
2026-05-09 16:14:32,1,1,1,2187.6,16,40.2,1413,1670,1,0.00,0.00,0,0,0.00,0.00,0
2026-05-09 16:14:32,1,1,1,2225.2,-8,40.5,1444,1693,0,0.00,0.00,0,0,0.00,0.00,0
2026-05-09 16:14:32,1,1,1,2225.2,-8,40.5,1444,1693,0,0.00,0.00,0,0,0.00,0.00,0
2026-05-09 16:14:33,1,1,1,2239.5,24,40.4,1452,1705,0,0.00,0.00,0,0,0.00,0.00,0
2026-05-09 16:14:33,1,1,1,2251.0,-8,39.5,1433,1736,0,0.00,0.00,0,0,0.00,0.00,0
2026-05-09 16:14:33,1,1,1,2251.0,-8,39.5,1433,1736,0,0.00,0.00,0,1,3.45,-0.19,1417
2026-05-09 16:14:33,1,1,1,2252.9,-8,39.4,1431,1740,0,0.00,0.00,0,1,3.45,-0.19,1417
2026-05-09 16:14:33,1,1,1,2252.9,-8,39.4,1431,1740,0,0.00,0.00,0,1,3.43,-0.19,1417
2026-05-09 16:14:33,1,1,1,2263.2,-16,39.0,1424,1759,0,0.00,0.00,0,1,3.43,-0.19,1417
2026-05-09 16:14:33,1,1,1,2263.2,-16,39.0,1424,1759,0,0.00,0.00,0,1,3.43,-0.19,1417
2026-05-09 16:14:33,1,1,1,2262.0,-16,38.1,1397,1779,0,0.00,0.00,0,1,3.43,-0.19,1417
2026-05-09 16:14:33,1,1,1,2262.0,-16,38.1,1397,1779,0,0.00,0.00,0,1,3.43,-0.19,1417
2026-05-09 16:14:33,1,1,1,2252.2,-32,37.5,1372,1786,0,0.00,0.00,0,1,3.43,-0.19,1417
2026-05-09 16:14:33,1,1,1,2237.6,-24,36.9,1344,1789,0,0.00,0.00,0,1,3.43,-0.19,1417
2026-05-09 16:14:33,1,1,1,2237.6,-24,36.9,1344,1789,0,0.00,0.00,0,1,3.43,-0.19,1417
2026-05-09 16:14:33,1,1,1,2219.7,-16,35.9,1303,1797,0,0.00,0.00,0,1,3.43,-0.19,1417
2026-05-09 16:14:33,1,1,1,2219.7,-16,35.9,1303,1797,0,0.00,0.00,0,1,3.43,-0.19,1417
2026-05-09 16:14:33,1,1,1,2171.6,-8,34.4,1228,1791,0,0.00,0.00,0,1,3.43,-0.19,1417
2026-05-09 16:14:33,1,1,1,2171.6,-8,34.4,1228,1791,0,0.00,0.00,0,1,3.43,-0.19,1417
2026-05-09 16:14:33,1,1,1,2140.1,0,33.4,1179,1786,0,0.00,0.00,0,1,3.43,-0.19,1417
2026-05-09 16:14:33,1,1,1,2113.2,-8,32.6,1139,1780,0,0.00,0.00,0,0,0.00,0.00,0
2026-05-09 16:14:33,1,1,1,2113.2,-8,32.6,1139,1780,0,0.00,0.00,0,0,0.00,0.00,0
2026-05-09 16:14:33,1,1,1,2106.8,-16,32.3,1127,1780,0,0.00,0.00,0,0,0.00,0.00,0
2026-05-09 16:14:34,1,1,1,2106.8,-16,32.3,1127,1780,0,0.00,0.00,0,1,2.24,-0.23,11345
2026-05-09 16:14:34,1,1,1,2106.5,-24,32.0,1117,1786,0,0.00,0.00,0,1,2.24,-0.23,11345
2026-05-09 16:14:34,1,1,1,2106.5,-24,32.0,1117,1786,1,2.22,-0.23,11345,1,2.22,-0.23,11345
2026-05-09 16:14:34,1,1,1,2106.4,-24,31.4,1099,1797,1,2.22,-0.23,11345,1,2.22,-0.23,11345
2026-05-09 16:14:34,1,1,1,2106.4,-24,31.4,1099,1797,1,2.22,-0.23,11345,1,2.22,-0.23,11345
2026-05-09 16:14:34,1,1,1,2107.6,-16,30.4,1068,1817,1,2.22,-0.23,11345,1,2.22,-0.23,11345
2026-05-09 16:14:34,1,1,1,2101.8,-39,28.8,1014,1841,1,2.22,-0.23,11345,1,2.22,-0.23,11345
2026-05-09 16:14:34,1,1,1,2101.8,-39,28.8,1014,1841,1,2.22,-0.23,11345,1,2.22,-0.23,11345
2026-05-09 16:14:34,1,1,1,2083.9,-48,27.6,967,1846,1,2.00,-0.47,24250,1,2.00,-0.47,24250
2026-05-09 16:14:34,1,1,1,2083.9,-48,27.6,967,1846,1,2.00,-0.47,24250,1,2.00,-0.47,24250
2026-05-09 16:14:34,1,1,1,2051.8,-56,26.8,926,1831,1,1.97,-0.47,26820,1,1.97,-0.47,26820
2026-05-09 16:14:34,1,1,1,2051.8,-56,26.8,926,1831,1,1.97,-0.47,26820,1,1.97,-0.47,26820
2026-05-09 16:14:34,1,1,1,2013.2,-56,25.6,871,1815,1,1.93,-0.47,26820,1,1.93,-0.47,26820
2026-05-09 16:14:34,1,1,1,2013.2,-56,25.6,871,1815,1,1.93,-0.47,26820,1,1.93,-0.47,26820
2026-05-09 16:14:34,1,1,1,1987.2,-24,24.3,818,1811,1,1.93,-0.47,26820,1,1.93,-0.47,26820
2026-05-09 16:14:34,1,1,1,1969.8,0,22.8,763,1816,1,1.93,-0.47,26820,1,1.93,-0.47,26820
2026-05-09 16:14:34,1,1,1,1969.8,0,22.8,763,1816,1,1.93,-0.47,26820,1,1.93,-0.47,26820
2026-05-09 16:14:34,1,1,1,2100.8,0,18.0,649,1998,1,1.93,-0.47,26820,1,1.93,-0.47,26820
2026-05-09 16:14:34,1,1,1,2100.8,0,18.0,649,1998,1,1.93,-0.47,26820,1,1.93,-0.47,26820
2026-05-09 16:14:34,1,1,1,2226.0,-8,13.8,530,2162,1,1.93,-0.47,26820,1,1.93,-0.47,26820
2026-05-09 16:14:35,1,1,1,2226.0,-8,13.8,530,2162,1,1.93,-0.47,26820,1,1.93,-0.47,26820
2026-05-09 16:14:35,1,1,1,2180.9,8,11.8,445,2135,1,1.93,-0.47,26820,1,1.93,-0.47,26820
2026-05-09 16:14:35,1,1,1,2103.7,16,10.0,364,2072,1,1.93,-0.47,26820,1,1.93,-0.47,26820
2026-05-09 16:14:35,1,1,1,2103.7,16,10.0,364,2072,1,1.93,-0.47,26820,1,1.93,-0.47,26820
2026-05-09 16:14:35,1,1,1,2013.4,16,8.2,286,1993,1,1.93,-0.47,26820,1,1.93,-0.47,26820
2026-05-09 16:14:35,1,1,1,2013.4,16,8.2,286,1993,1,0.00,0.00,0,0,0.00,0.00,0
2026-05-09 16:14:35,1,1,1,1940.7,8,5.7,194,1931,1,0.00,0.00,0,0,0.00,0.00,0
2026-05-09 16:14:35,1,1,1,1940.7,8,5.7,194,1931,1,0.00,0.00,0,0,0.00,0.00,0
2026-05-09 16:14:35,1,1,1,1871.7,8,3.1,101,1869,1,0.00,0.00,0,0,0.00,0.00,0
2026-05-09 16:14:35,1,1,1,1871.7,8,3.1,101,1869,1,0.00,0.00,0,0,0.00,0.00,0
2026-05-09 16:14:35,1,1,1,1831.1,0,0.5,15,1831,0,0.00,0.00,0,0,0.00,0.00,0
2026-05-09 16:14:35,1,1,1,2032.0,0,-0.3,-12,2032,0,0.00,0.00,0,0,0.00,0.00,0
2026-05-09 16:14:35,1,1,1,2032.0,0,-0.3,-12,2032,0,0.00,0.00,0,0,0.00,0.00,0
2026-05-09 16:14:35,1,1,1,2225.4,0,-1.0,-40,2225,0,0.00,0.00,0,0,0.00,0.00,0
2026-05-09 16:14:35,1,1,1,2225.4,0,-1.0,-40,2225,0,0.00,0.00,0,0,0.00,0.00,0
2026-05-09 16:14:35,1,1,1,2401.8,8,-1.5,-63,2401,0,0.00,0.00,0,0,0.00,0.00,0
2026-05-09 16:14:35,1,1,1,2401.8,8,-1.5,-63,2401,0,0.00,0.00,0,0,0.00,0.00,0
2026-05-09 16:14:35,1,1,1,2555.5,8,-2.6,-114,2553,0,0.00,0.00,0,0,0.00,0.00,0
2026-05-09 16:14:35,1,1,1,2676.3,32,-3.6,-168,2671,0,0.00,0.00,0,0,0.00,0.00,0
2026-05-09 16:14:35,1,1,1,2676.3,32,-3.6,-168,2671,0,0.00,0.00,0,0,0.00,0.00,0
2026-05-09 16:14:36,1,1,1,2562.1,39,-5.3,-238,2551,0,0.00,0.00,0,0,0.00,0.00,0
2026-05-09 16:14:36,1,1,1,2562.1,39,-5.3,-238,2551,0,0.00,0.00,0,0,0.00,0.00,0
2026-05-09 16:14:36,1,1,1,2435.7,39,-7.3,-309,2416,0,0.00,0.00,0,0,0.00,0.00,0
2026-05-09 16:14:36,1,1,1,2435.7,39,-7.3,-309,2416,0,0.00,0.00,0,0,0.00,0.00,0
2026-05-09 16:14:36,1,1,1,2334.8,32,-9.2,-372,2305,0,0.00,0.00,0,0,0.00,0.00,0
2026-05-09 16:14:36,1,1,1,2334.8,32,-9.2,-372,2305,0,0.00,0.00,0,0,0.00,0.00,0
2026-05-09 16:14:36,1,1,1,2257.5,56,-11.4,-446,2213,0,0.00,0.00,0,0,0.00,0.00,0
2026-05-09 16:14:36,1,1,1,2201.3,0,-13.9,-528,2137,0,0.00,0.00,0,0,0.00,0.00,0
2026-05-09 16:14:36,1,1,1,2201.3,0,-13.9,-528,2137,0,0.00,0.00,0,1,2.25,0.71,7265
2026-05-09 16:14:36,1,1,1,2177.0,72,-15.8,-592,2095,0,0.00,0.00,0,1,2.25,0.71,7265
2026-05-09 16:14:36,1,1,1,2177.0,72,-15.8,-592,2095,1,2.32,0.71,7265,1,2.32,0.71,7265
2026-05-09 16:14:36,1,1,1,2170.4,48,-17.8,-662,2067,1,2.32,0.71,7265,1,2.32,0.71,7265
2026-05-09 16:14:36,1,1,1,2170.4,48,-17.8,-662,2067,1,2.31,0.58,11636,1,2.31,0.58,11636
2026-05-09 16:14:36,1,1,1,2174.4,39,-19.4,-722,2051,1,2.31,0.58,11636,1,2.31,0.58,11636
2026-05-09 16:14:36,1,1,1,2199.4,24,-21.4,-802,2048,1,2.37,0.58,11636,1,2.37,0.58,11636
2026-05-09 16:14:36,1,1,1,2199.4,24,-21.4,-802,2048,1,2.37,0.58,11636,1,2.37,0.58,11636
2026-05-09 16:14:36,1,1,1,2230.9,24,-22.8,-866,2056,1,2.37,0.58,11636,1,2.37,0.58,11636
2026-05-09 16:14:36,1,1,1,2230.9,24,-22.8,-866,2056,1,2.37,0.58,11636,1,2.37,0.58,11636
2026-05-09 16:14:36,1,1,1,2251.2,32,-24.0,-917,2056,1,2.37,0.58,11636,1,2.37,0.58,11636
2026-05-09 16:14:36,1,1,1,2251.2,32,-24.0,-917,2056,1,2.37,0.58,11636,1,2.37,0.58,11636
2026-05-09 16:14:37,1,1,1,2258.8,24,-25.1,-957,2046,1,2.52,0.26,7124,1,2.52,0.26,7124
2026-05-09 16:14:37,1,1,1,2258.8,24,-25.1,-957,2046,1,2.52,0.26,7124,1,2.52,0.26,7124
2026-05-09 16:14:37,1,1,1,2268.4,32,-26.0,-996,2038,1,2.54,0.26,7124,1,2.54,0.26,7124
2026-05-09 16:14:37,1,1,1,2288.0,24,-27.1,-1042,2037,1,2.54,0.26,7124,1,2.54,0.26,7124
2026-05-09 16:14:37,1,1,1,2288.0,24,-27.1,-1042,2037,1,2.02,-0.13,1874,1,2.02,-0.13,1874
2026-05-09 16:14:37,1,1,1,2315.8,72,-27.9,-1083,2047,1,2.02,-0.13,1874,1,2.02,-0.13,1874
2026-05-09 16:14:37,1,1,1,2315.8,72,-27.9,-1083,2047,1,1.83,-0.26,4205,1,1.83,-0.26,4205
2026-05-09 16:14:37,1,1,1,2335.8,16,-29.3,-1143,2037,1,1.83,-0.26,4205,1,1.83,-0.26,4205
2026-05-09 16:14:37,1,1,1,2335.8,16,-29.3,-1143,2037,1,1.73,-0.26,1573,1,1.73,-0.26,1573
2026-05-09 16:14:37,1,1,1,2324.2,8,-31.1,-1199,1991,1,1.73,-0.26,1573,1,1.73,-0.26,1573
2026-05-09 16:14:37,1,1,1,2330.7,8,-32.7,-1258,1962,1,1.70,-0.26,1573,1,1.70,-0.26,1573
2026-05-09 16:14:37,1,1,1,2330.7,8,-32.7,-1258,1962,1,1.70,-0.26,1573,1,1.70,-0.26,1573
2026-05-09 16:14:37,1,1,1,2339.0,8,-34.3,-1317,1933,1,1.70,-0.26,1573,1,1.70,-0.26,1573
2026-05-09 16:14:37,1,1,1,2339.0,8,-34.3,-1317,1933,0,0.00,0.00,0,1,1.70,-0.26,1573
2026-05-09 16:14:37,1,1,1,2361.9,24,-35.2,-1360,1931,0,0.00,0.00,0,1,1.70,-0.26,1573
2026-05-09 16:14:37,1,1,1,2361.9,24,-35.2,-1360,1931,0,0.00,0.00,0,1,1.70,-0.26,1573
2026-05-09 16:14:37,1,1,1,2402.9,24,-35.3,-1390,1960,0,0.00,0.00,0,1,1.70,-0.26,1573
2026-05-09 16:14:37,1,1,1,2402.9,24,-35.3,-1390,1960,0,0.00,0.00,0,1,1.70,-0.26,1573
2026-05-09 16:14:37,1,1,1,2470.6,0,-35.4,-1431,2014,0,0.00,0.00,0,1,1.70,-0.26,1573
2026-05-09 16:14:37,1,1,1,2519.0,39,-35.5,-1461,2052,0,0.00,0.00,0,1,1.70,-0.26,1573
2026-05-09 16:14:38,1,1,1,2519.0,39,-35.5,-1461,2052,0,0.00,0.00,0,1,1.70,-0.26,1573
2026-05-09 16:14:38,1,1,1,2551.9,16,-35.6,-1484,2076,0,0.00,0.00,0,1,1.70,-0.26,1573
2026-05-09 16:14:38,1,1,1,2551.9,16,-35.6,-1484,2076,0,0.00,0.00,0,1,1.70,-0.26,1573
2026-05-09 16:14:38,1,1,1,2580.1,16,-36.0,-1517,2087,0,0.00,0.00,0,0,0.00,0.00,0
2026-05-09 16:14:38,1,1,1,2580.1,16,-36.0,-1517,2087,0,0.00,0.00,0,0,0.00,0.00,0
2026-05-09 16:14:38,1,1,1,2600.8,8,-37.0,-1564,2078,0,0.00,0.00,0,0,0.00,0.00,0
2026-05-09 16:14:38,1,1,1,2626.5,8,-37.7,-1605,2079,0,0.00,0.00,0,0,0.00,0.00,0
2026-05-09 16:14:38,1,1,1,2626.5,8,-37.7,-1605,2079,0,0.00,0.00,0,0,0.00,0.00,0
2026-05-09 16:14:38,1,1,1,2665.9,-24,-38.5,-1660,2086,0,0.00,0.00,0,1,2.80,0.00,4069
2026-05-09 16:14:38,1,1,1,2665.9,-24,-38.5,-1660,2086,0,0.00,0.00,0,1,2.80,0.00,4069
2026-05-09 16:14:38,1,1,1,2698.4,-16,-39.0,-1697,2098,1,2.81,0.00,4069,1,2.81,0.00,4069
2026-05-09 16:14:38,1,1,1,2698.4,-16,-39.0,-1697,2098,1,2.81,0.00,4069,1,2.81,0.00,4069
2026-05-09 16:14:38,1,1,1,2704.7,-32,-39.4,-1718,2089,1,2.76,-0.22,1010,1,2.76,-0.22,1010
2026-05-09 16:14:38,1,1,1,2704.7,-32,-39.4,-1718,2089,1,2.76,-0.22,1010,1,2.76,-0.22,1010
2026-05-09 16:14:38,1,1,1,2716.6,-24,-39.5,-1727,2097,1,2.73,-0.28,2741,1,2.73,-0.28,2741
2026-05-09 16:14:38,1,1,1,2710.8,-39,-39.4,-1719,2096,1,2.73,-0.28,2741,1,2.73,-0.28,2741
2026-05-09 16:14:38,1,1,1,2710.8,-39,-39.4,-1719,2096,1,2.70,-0.28,2741,1,2.70,-0.28,2741
2026-05-09 16:14:38,1,1,1,2699.6,-48,-39.3,-1710,2089,0,0.00,0.00,0,1,2.70,-0.28,2741
2026-05-09 16:14:38,1,1,1,2699.6,-48,-39.3,-1710,2089,0,0.00,0.00,0,1,2.68,-0.32,4514
2026-05-09 16:14:38,1,1,1,2696.6,-32,-39.2,-1704,2090,0,0.00,0.00,0,1,2.68,-0.32,4514
2026-05-09 16:14:39,1,1,1,2696.6,-32,-39.2,-1704,2090,1,2.65,-0.32,4514,1,2.65,-0.32,4514
2026-05-09 16:14:39,1,1,1,2695.6,0,-39.0,-1695,2096,1,2.65,-0.32,4514,1,2.65,-0.32,4514
2026-05-09 16:14:39,1,1,1,2695.6,0,-39.0,-1695,2096,1,2.62,-0.30,1989,1,2.62,-0.30,1989
2026-05-09 16:14:39,1,1,1,2689.9,-39,-38.8,-1686,2096,1,2.62,-0.30,1989,1,2.62,-0.30,1989
2026-05-09 16:14:39,1,1,1,2688.4,0,-38.6,-1676,2102,1,2.57,-0.33,8296,1,2.57,-0.33,8296
2026-05-09 16:14:39,1,1,1,2688.4,0,-38.6,-1676,2102,1,2.57,-0.33,8296,1,2.57,-0.33,8296
2026-05-09 16:14:39,1,1,1,2681.1,-39,-38.3,-1663,2103,1,2.53,-0.33,8296,1,2.53,-0.33,8296
2026-05-09 16:14:39,1,1,1,2681.1,-39,-38.3,-1663,2103,1,2.53,-0.33,8296,1,2.53,-0.33,8296
2026-05-09 16:14:39,1,1,1,2671.3,-56,-38.2,-1651,2100,1,2.49,-0.36,7540,1,2.49,-0.36,7540
2026-05-09 16:14:39,1,1,1,2671.3,-56,-38.2,-1651,2100,1,2.49,-0.36,7540,1,2.49,-0.36,7540
2026-05-09 16:14:39,1,1,1,2657.6,-79,-38.1,-1639,2092,1,2.46,-0.36,7540,1,2.46,-0.36,7540
2026-05-09 16:14:39,1,1,1,2642.3,-72,-38.0,-1627,2082,1,2.46,-0.36,7540,1,2.46,-0.36,7540
2026-05-09 16:14:39,1,1,1,2642.3,-72,-38.0,-1627,2082,1,2.46,-0.36,7540,1,2.46,-0.36,7540
2026-05-09 16:14:39,1,1,1,2624.9,-48,-37.9,-1614,2070,1,2.46,-0.36,7540,1,2.46,-0.36,7540
2026-05-09 16:14:39,1,1,1,2624.9,-48,-37.9,-1614,2070,1,2.46,-0.36,7540,1,2.46,-0.36,7540
2026-05-09 16:14:39,1,1,1,2605.0,-56,-37.9,-1601,2055,1,2.46,-0.36,7540,1,2.46,-0.36,7540
2026-05-09 16:14:39,1,1,1,2605.0,-56,-37.9,-1601,2055,1,2.46,-0.36,7540,1,2.46,-0.36,7540
2026-05-09 16:14:39,1,1,1,2584.6,-39,-37.9,-1587,2040,1,2.46,-0.36,7540,1,2.46,-0.36,7540
2026-05-09 16:14:39,1,1,1,2584.6,-39,-37.9,-1587,2040,1,2.24,-0.46,9316,1,2.24,-0.46,9316
2026-05-09 16:14:39,1,1,1,2531.7,-48,-37.8,-1551,2001,1,2.24,-0.46,9316,1,2.24,-0.46,9316
2026-05-09 16:14:40,1,1,1,2479.3,-48,-37.7,-1517,1961,1,2.20,-0.46,9316,1,2.20,-0.46,9316
2026-05-09 16:14:40,1,1,1,2479.3,-48,-37.7,-1517,1961,1,2.20,0.00,0,1,2.20,0.00,0
2026-05-09 16:14:40,1,1,1,2433.8,0,-37.7,-1488,1926,1,2.20,-0.43,20641,1,2.20,-0.43,20641
2026-05-09 16:14:40,1,1,1,2433.8,0,-37.7,-1488,1926,1,2.20,-0.43,20641,1,2.20,-0.43,20641
2026-05-09 16:14:40,1,1,1,2388.9,-48,-37.3,-1448,1900,1,2.10,-0.45,10037,1,2.10,-0.45,10037
2026-05-09 16:14:40,1,1,1,2388.9,-48,-37.3,-1448,1900,1,2.10,-0.45,10037,1,2.10,-0.45,10037
2026-05-09 16:14:40,1,1,1,2344.0,-39,-36.8,-1404,1877,1,2.05,-0.45,10037,1,2.05,-0.45,10037
2026-05-09 16:14:40,1,1,1,2300.4,-32,-36.2,-1359,1856,1,2.05,-0.45,10037,1,2.05,-0.45,10037
2026-05-09 16:14:40,1,1,1,2300.4,-32,-36.2,-1359,1856,1,2.05,-0.45,10037,1,2.05,-0.45,10037
2026-05-09 16:14:40,1,1,1,2256.0,-32,-35.5,-1311,1836,1,2.05,-0.45,10037,1,2.05,-0.45,10037
2026-05-09 16:14:40,1,1,1,2256.0,-32,-35.5,-1311,1836,1,2.05,-0.45,10037,1,2.05,-0.45,10037
2026-05-09 16:14:40,1,1,1,2172.2,-24,-34.0,-1216,1800,1,2.05,-0.45,10037,1,2.05,-0.45,10037
2026-05-09 16:14:40,1,1,1,2172.2,-24,-34.0,-1216,1800,1,2.05,-0.45,10037,1,2.05,-0.45,10037
2026-05-09 16:14:40,1,1,1,2095.4,-39,-32.7,-1131,1764,1,2.05,-0.45,10037,1,2.05,-0.45,10037
2026-05-09 16:14:40,1,1,1,2095.4,-39,-32.7,-1131,1764,1,2.05,-0.45,10037,1,2.05,-0.45,10037
2026-05-09 16:14:40,1,1,1,2029.7,-39,-31.3,-1055,1734,1,2.05,-0.45,10037,1,2.05,-0.45,10037
2026-05-09 16:14:40,1,1,1,1964.9,-39,-29.4,-966,1711,1,1.77,-0.44,33956,1,1.77,-0.44,33956
2026-05-09 16:14:40,1,1,1,1964.9,-39,-29.4,-966,1711,1,1.77,-0.44,33956,1,1.77,-0.44,33956
2026-05-09 16:14:40,1,1,1,1892.4,-39,-27.5,-875,1678,1,1.73,-0.45,19816,1,1.73,-0.45,19816
2026-05-09 16:14:40,1,1,1,1892.4,-39,-27.5,-875,1678,1,0.45,-0.45,19816,1,0.45,-0.45,19816
2026-05-09 16:14:41,1,1,1,1830.1,-48,-25.9,-798,1647,1,1.71,-0.45,17104,1,1.71,-0.45,17104
2026-05-09 16:14:41,1,1,1,1830.1,-48,-25.9,-798,1647,1,1.71,-0.45,17104,1,1.71,-0.45,17104
2026-05-09 16:14:41,1,1,1,1770.8,-48,-24.1,-724,1616,1,1.69,-0.43,40826,1,1.69,-0.43,40826
2026-05-09 16:14:41,1,1,1,1717.2,-48,-22.5,-656,1587,1,1.69,-0.43,40826,1,1.69,-0.43,40826
2026-05-09 16:14:41,1,1,1,1717.2,-48,-22.5,-656,1587,1,1.64,-0.43,40826,1,1.64,-0.43,40826
2026-05-09 16:14:41,1,1,1,1674.5,-16,-20.7,-593,1566,1,1.64,-0.43,40826,1,1.64,-0.43,40826
2026-05-09 16:14:41,1,1,1,1674.5,-16,-20.7,-593,1566,1,1.64,-0.43,40826,1,1.64,-0.43,40826
2026-05-09 16:14:41,1,1,1,1639.2,-16,-19.3,-542,1547,1,1.64,-0.43,40826,1,1.64,-0.43,40826
2026-05-09 16:14:41,1,1,1,1639.2,-16,-19.3,-542,1547,1,1.64,-0.43,40826,1,1.64,-0.43,40826
2026-05-09 16:14:41,1,1,1,1609.1,-8,-17.8,-492,1532,1,1.64,-0.43,40826,1,1.64,-0.43,40826
2026-05-09 16:14:41,1,1,1,1609.1,-8,-17.8,-492,1532,1,1.64,-0.43,40826,1,1.64,-0.43,40826
2026-05-09 16:14:41,1,1,1,1583.4,-8,-16.4,-447,1519,1,1.64,-0.43,40826,1,1.64,-0.43,40826
2026-05-09 16:14:41,1,1,1,1573.3,16,-14.2,-387,1525,1,1.64,-0.43,40826,1,1.64,-0.43,40826
2026-05-09 16:14:41,1,1,1,1573.3,16,-14.2,-387,1525,1,1.64,-0.43,40826,1,1.64,-0.43,40826
2026-05-09 16:14:41,1,1,1,1566.2,24,-11.5,-311,1535,1,1.64,-0.43,40826,1,1.64,-0.43,40826
2026-05-09 16:14:41,1,1,1,1566.2,24,-11.5,-311,1535,1,1.64,-0.43,40826,1,1.64,-0.43,40826
2026-05-09 16:14:41,1,1,1,1566.0,24,-8.4,-230,1549,1,1.64,-0.43,40826,1,1.64,-0.43,40826
2026-05-09 16:14:41,1,1,1,1566.0,24,-8.4,-230,1549,1,0.00,0.00,0,0,0.00,0.00,0
2026-05-09 16:14:41,1,1,1,1572.4,24,-5.5,-152,1565,1,0.00,0.00,0,0,0.00,0.00,0
2026-05-09 16:14:41,1,1,1,1583.0,24,-2.9,-79,1581,1,0.00,0.00,0,0,0.00,0.00,0
2026-05-09 16:14:42,1,1,1,1583.0,24,-2.9,-79,1581,1,3.19,0.01,3037,1,3.19,0.01,3037
2026-05-09 16:14:42,1,1,1,1595.1,24,-0.5,-14,1595,1,3.19,0.01,3037,1,3.19,0.01,3037
2026-05-09 16:14:42,1,1,1,1595.1,24,-0.5,-14,1595,1,3.22,0.00,5945,1,3.22,0.00,5945
2026-05-09 16:14:42,1,1,1,1591.5,16,1.4,40,1591,1,3.22,0.00,5945,1,3.22,0.00,5945
2026-05-09 16:14:42,1,1,1,1591.5,16,1.4,40,1591,1,3.22,0.00,5945,1,3.22,0.00,5945
2026-05-09 16:14:42,1,1,1,1593.4,8,3.2,88,1591,1,3.22,0.00,5945,1,3.22,0.00,5945
2026-05-09 16:14:42,1,1,1,1593.4,8,3.2,88,1591,1,3.22,0.00,5945,1,3.22,0.00,5945
2026-05-09 16:14:42,1,1,1,1606.0,16,5.7,160,1598,1,3.22,0.00,5945,1,3.22,0.00,5945
2026-05-09 16:14:42,1,1,1,1627.3,8,8.1,230,1611,1,3.22,0.00,5945,1,3.22,0.00,5945
2026-05-09 16:14:42,1,1,1,1627.3,8,8.1,230,1611,1,3.22,0.00,5945,1,3.22,0.00,5945
2026-05-09 16:14:42,1,1,1,1652.9,24,10.7,308,1624,1,3.22,0.00,5945,1,3.22,0.00,5945
2026-05-09 16:14:42,1,1,1,1652.9,24,10.7,308,1624,1,3.22,0.00,5945,1,3.22,0.00,5945
2026-05-09 16:14:42,1,1,1,1655.5,32,13.2,377,1612,1,3.22,0.00,5945,1,3.22,0.00,5945
2026-05-09 16:14:42,1,1,1,1655.5,32,13.2,377,1612,1,3.22,0.00,5945,1,3.22,0.00,5945
2026-05-09 16:14:42,1,1,1,1666.9,16,15.4,443,1607,1,3.22,0.00,5945,1,3.22,0.00,5945
2026-05-09 16:14:42,1,1,1,1685.1,39,17.5,507,1607,1,3.22,0.00,5945,1,3.22,0.00,5945
2026-05-09 16:14:42,1,1,1,1685.1,39,17.5,507,1607,1,3.22,0.00,5945,1,3.22,0.00,5945
2026-05-09 16:14:42,1,1,1,1725.2,39,19.2,568,1629,1,0.00,0.00,0,0,0.00,0.00,0
2026-05-09 16:14:42,1,1,1,1725.2,39,19.2,568,1629,1,0.00,0.00,0,0,0.00,0.00,0
2026-05-09 16:14:42,1,1,1,1760.4,56,21.0,632,1643,1,0.00,0.00,0,0,0.00,0.00,0
2026-05-09 16:14:43,1,1,1,1760.4,56,21.0,632,1643,1,0.00,0.00,0,0,0.00,0.00,0
2026-05-09 16:14:43,1,1,1,1803.5,64,22.8,698,1663,1,0.00,0.00,0,0,0.00,0.00,0
2026-05-09 16:14:43,1,1,1,1803.5,64,22.8,698,1663,0,0.00,0.00,0,1,2.05,0.71,1989
2026-05-09 16:14:43,1,1,1,1844.8,64,24.3,760,1681,0,0.00,0.00,0,1,2.05,0.71,1989
2026-05-09 16:14:43,1,1,1,1863.7,48,25.7,809,1679,0,0.00,0.00,0,1,2.12,0.71,1989
2026-05-09 16:14:43,1,1,1,1863.7,48,25.7,809,1679,0,0.00,0.00,0,1,2.12,0.71,1989
2026-05-09 16:14:43,1,1,1,1892.7,32,27.0,860,1686,0,0.00,0.00,0,1,2.12,0.71,1989
2026-05-09 16:14:43,1,1,1,1892.7,32,27.0,860,1686,0,0.00,0.00,0,1,2.12,0.71,1989
2026-05-09 16:14:43,1,1,1,1959.7,39,27.8,915,1733,0,0.00,0.00,0,1,2.12,0.71,1989
2026-05-09 16:14:43,1,1,1,1959.7,39,27.8,915,1733,0,0.00,0.00,0,1,2.12,0.71,1989
2026-05-09 16:14:43,1,1,1,2011.7,48,28.7,967,1764,0,0.00,0.00,0,1,2.12,0.71,1989
2026-05-09 16:14:43,1,1,1,2011.7,48,28.7,967,1764,0,0.00,0.00,0,1,2.12,0.71,1989
2026-05-09 16:14:43,1,1,1,2058.1,48,30.0,1028,1783,0,0.00,0.00,0,1,2.12,0.71,1989
2026-05-09 16:14:43,1,1,1,2120.0,48,31.6,1112,1805,0,0.00,0.00,0,1,2.12,0.71,1989
2026-05-09 16:14:43,1,1,1,2120.0,48,31.6,1112,1805,0,0.00,0.00,0,1,2.12,0.71,1989
2026-05-09 16:14:43,1,1,1,2165.3,32,33.5,1196,1805,0,0.00,0.00,0,1,2.12,0.71,1989
2026-05-09 16:14:43,1,1,1,2165.3,32,33.5,1196,1805,0,0.00,0.00,0,1,2.12,0.71,1989
2026-05-09 16:14:53,1,1,1,2418.1,32,26.7,1085,2161,0,0.00,0.00,0,0,0.00,0.00,0
2026-05-09 16:14:53,1,1,1,2452.9,48,28.1,1155,2164,0,0.00,0.00,0,0,0.00,0.00,0
2026-05-09 16:14:53,1,1,1,2452.9,48,28.1,1155,2164,0,0.00,0.00,0,0,0.00,0.00,0
2026-05-09 16:14:54,1,1,1,2485.6,48,29.4,1221,2165,0,0.00,0.00,0,0,0.00,0.00,0
2026-05-09 16:14:54,1,1,1,2485.6,48,29.4,1221,2165,0,0.00,0.00,0,0,0.00,0.00,0
2026-05-09 16:14:54,1,1,1,2508.6,39,29.9,1250,2175,0,0.00,0.00,0,0,0.00,0.00,0
2026-05-09 16:14:54,1,1,1,2505.8,0,30.6,1277,2156,0,0.00,0.00,0,0,0.00,0.00,0
2026-05-09 16:14:54,1,1,1,2505.8,0,30.6,1277,2156,0,0.00,0.00,0,0,0.00,0.00,0
2026-05-09 16:14:54,1,1,1,2519.1,24,31.5,1316,2148,0,0.00,0.00,0,0,0.00,0.00,0
2026-05-09 16:14:54,1,1,1,2519.1,24,31.5,1316,2148,0,0.00,0.00,0,0,0.00,0.00,0
2026-05-09 16:14:54,1,1,1,2534.3,8,31.7,1332,2156,0,0.00,0.00,0,0,0.00,0.00,0
2026-05-09 16:14:54,1,1,1,2534.3,8,31.7,1332,2156,0,0.00,0.00,0,0,0.00,0.00,0
2026-05-09 16:14:54,1,1,1,2542.0,8,31.7,1337,2162,0,0.00,0.00,0,0,0.00,0.00,0
2026-05-09 16:14:54,1,1,1,2549.2,8,31.7,1341,2168,0,0.00,0.00,0,0,0.00,0.00,0
2026-05-09 16:14:54,1,1,1,2549.2,8,31.7,1341,2168,0,0.00,0.00,0,0,0.00,0.00,0
2026-05-09 16:14:54,1,1,1,2559.6,-8,31.9,1351,2174,0,0.00,0.00,0,0,0.00,0.00,0
2026-05-09 16:14:54,1,1,1,2559.6,-8,31.9,1351,2174,0,0.00,0.00,0,0,0.00,0.00,0
2026-05-09 16:14:54,1,1,1,2569.8,56,31.7,1351,2186,0,0.00,0.00,0,0,0.00,0.00,0
2026-05-09 16:14:54,1,1,1,2569.8,56,31.7,1351,2186,0,0.00,0.00,0,0,0.00,0.00,0
2026-05-09 16:14:54,1,1,1,2580.7,56,31.5,1349,2200,0,0.00,0.00,0,0,0.00,0.00,0
2026-05-09 16:14:54,1,1,1,2580.7,56,31.5,1349,2200,0,0.00,0.00,0,0,0.00,0.00,0
2026-05-09 16:14:54,1,1,1,2589.9,56,31.3,1347,2212,0,0.00,0.00,0,0,0.00,0.00,0
2026-05-09 16:14:54,1,1,1,2588.0,-24,31.4,1350,2208,0,0.00,0.00,0,0,0.00,0.00,0
2026-05-09 16:14:55,1,1,1,2588.0,-24,31.4,1350,2208,0,0.00,0.00,0,0,0.00,0.00,0
2026-05-09 16:14:55,1,1,1,2576.7,-32,31.5,1348,2196,0,0.00,0.00,0,0,0.00,0.00,0
2026-05-09 16:14:55,1,1,1,2576.7,-32,31.5,1348,2196,0,0.00,0.00,0,0,0.00,0.00,0
2026-05-09 16:14:55,1,1,1,2563.8,0,31.8,1351,2179,0,0.00,0.00,0,0,0.00,0.00,0
2026-05-09 16:14:55,1,1,1,2563.8,0,31.8,1351,2179,0,0.00,0.00,0,0,0.00,0.00,0
2026-05-09 16:14:55,1,1,1,2536.6,-79,31.8,1338,2155,0,0.00,0.00,0,0,0.00,0.00,0
2026-05-09 16:14:55,1,1,1,2521.0,-39,31.7,1323,2146,0,0.00,0.00,0,0,0.00,0.00,0
2026-05-09 16:14:55,1,1,1,2521.0,-39,31.7,1323,2146,0,0.00,0.00,0,0,0.00,0.00,0
2026-05-09 16:14:55,1,1,1,2511.9,-39,31.6,1317,2139,0,0.00,0.00,0,0,0.00,0.00,0
2026-05-09 16:14:55,1,1,1,2511.9,-39,31.6,1317,2139,0,0.00,0.00,0,0,0.00,0.00,0
2026-05-09 16:14:55,1,1,1,2496.7,-32,31.6,1309,2126,0,0.00,0.00,0,0,0.00,0.00,0
2026-05-09 16:14:55,1,1,1,2496.7,-32,31.6,1309,2126,0,0.00,0.00,0,0,0.00,0.00,0
2026-05-09 16:14:55,1,1,1,2480.8,-16,31.8,1308,2108,0,0.00,0.00,0,0,0.00,0.00,0
2026-05-09 16:14:55,1,1,1,2480.8,-16,31.8,1308,2108,0,0.00,0.00,0,0,0.00,0.00,0
2026-05-09 16:14:55,1,1,1,2468.6,-16,32.0,1309,2093,0,0.00,0.00,0,0,0.00,0.00,0
2026-05-09 16:14:55,1,1,1,2448.0,64,31.9,1294,2078,0,0.00,0.00,0,0,0.00,0.00,0
2026-05-09 16:14:55,1,1,1,2448.0,64,31.9,1294,2078,0,0.00,0.00,0,0,0.00,0.00,0
2026-05-09 16:14:55,1,1,1,2413.0,64,30.8,1235,2073,0,0.00,0.00,0,0,0.00,0.00,0
2026-05-09 16:14:55,1,1,1,2413.0,64,30.8,1235,2073,0,0.00,0.00,0,0,0.00,0.00,0
2026-05-09 16:14:55,1,1,1,2385.1,16,29.7,1183,2071,0,0.00,0.00,0,0,0.00,0.00,0
2026-05-09 16:14:56,1,1,1,2385.1,16,29.7,1183,2071,0,0.00,0.00,0,0,0.00,0.00,0
2026-05-09 16:14:56,1,1,1,2343.2,24,27.4,1077,2081,0,0.00,0.00,0,0,0.00,0.00,0
2026-05-09 16:14:56,1,1,1,2343.2,24,27.4,1077,2081,0,0.00,0.00,0,0,0.00,0.00,0
2026-05-09 16:14:56,1,1,1,2318.6,8,24.7,970,2106,0,0.00,0.00,0,0,0.00,0.00,0
2026-05-09 16:14:56,1,1,1,2301.4,0,22.2,869,2131,0,0.00,0.00,0,1,2.49,0.07,2953
2026-05-09 16:14:56,1,1,1,2301.4,0,22.2,869,2131,0,0.00,0.00,0,1,2.49,0.07,2953
2026-05-09 16:14:56,1,1,1,2304.2,-8,19.7,775,2170,0,0.00,0.00,0,1,2.49,0.07,2953
2026-05-09 16:14:56,1,1,1,2304.2,-8,19.7,775,2170,0,0.00,0.00,0,1,2.49,0.07,2953
2026-05-09 16:14:56,1,1,1,2293.1,-24,17.3,683,2189,0,0.00,0.00,0,1,2.36,-0.06,9914
2026-05-09 16:14:56,1,1,1,2293.1,-24,17.3,683,2189,0,0.00,0.00,0,1,2.36,-0.06,9914
2026-05-09 16:14:56,1,1,1,2268.0,-24,15.5,608,2185,1,2.36,-0.06,9914,1,2.36,-0.06,9914
2026-05-09 16:14:56,1,1,1,2252.5,0,13.7,535,2188,1,2.36,-0.06,9914,1,2.36,-0.06,9914
2026-05-09 16:14:56,1,1,1,2252.5,0,13.7,535,2188,1,2.31,-0.11,5517,1,2.31,-0.11,5517
2026-05-09 16:14:56,1,1,1,2309.6,0,10.8,431,2269,1,2.31,-0.11,5517,1,2.31,-0.11,5517
2026-05-09 16:14:56,1,1,1,2309.6,0,10.8,431,2269,1,2.30,-0.11,5517,1,2.30,-0.11,5517
2026-05-09 16:14:56,1,1,1,2409.4,0,8.2,342,2385,1,2.30,-0.11,5517,1,2.30,-0.11,5517
2026-05-09 16:14:56,1,1,1,2409.4,0,8.2,342,2385,1,2.30,-0.11,5517,1,2.30,-0.11,5517
2026-05-09 16:14:56,1,1,1,2524.6,0,6.4,280,2509,1,2.30,-0.11,5517,1,2.30,-0.11,5517
2026-05-09 16:14:56,1,1,1,2524.6,0,6.4,280,2509,1,2.30,-0.11,5517,1,2.30,-0.11,5517
2026-05-09 16:14:56,1,1,1,2637.1,0,5.3,242,2626,1,2.30,-0.11,5517,1,2.30,-0.11,5517
2026-05-09 16:14:57,1,1,1,2744.8,0,4.0,193,2738,1,2.30,-0.11,5517,1,2.30,-0.11,5517
2026-05-09 16:14:57,1,1,1,2744.8,0,4.0,193,2738,1,2.30,-0.11,5517,1,2.30,-0.11,5517
2026-05-09 16:14:57,1,1,1,2842.5,24,2.9,142,2839,1,2.30,-0.11,5517,1,2.30,-0.11,5517
2026-05-09 16:14:57,1,1,1,2842.5,24,2.9,142,2839,1,2.30,-0.11,5517,1,2.30,-0.11,5517
2026-05-09 16:14:57,1,1,1,2778.4,24,0.9,46,2778,1,2.30,-0.11,5517,1,2.30,-0.11,5517
2026-05-09 16:14:57,1,1,1,2778.4,24,0.9,46,2778,1,2.30,-0.11,5517,1,2.30,-0.11,5517
2026-05-09 16:14:57,1,1,1,2717.6,8,-1.2,-59,2717,1,2.30,-0.11,5517,1,2.30,-0.11,5517
2026-05-09 16:14:57,1,1,1,2654.6,32,-3.4,-156,2650,1,0.00,0.00,0,0,0.00,0.00,0
2026-05-09 16:14:57,1,1,1,2654.6,32,-3.4,-156,2650,1,0.00,0.00,0,0,0.00,0.00,0
2026-05-09 16:14:57,1,1,1,2601.7,24,-5.4,-246,2590,1,0.00,0.00,0,0,0.00,0.00,0
2026-05-09 16:14:57,1,1,1,2601.7,24,-5.4,-246,2590,1,0.00,0.00,0,0,0.00,0.00,0
2026-05-09 16:14:57,1,1,1,2570.9,-8,-7.5,-335,2549,1,0.00,0.00,0,0,0.00,0.00,0
2026-05-09 16:14:57,1,1,1,2570.9,-8,-7.5,-335,2549,0,0.00,0.00,0,0,0.00,0.00,0
2026-05-09 16:14:57,1,1,1,2596.3,0,-8.6,-389,2567,0,0.00,0.00,0,0,0.00,0.00,0
2026-05-09 16:14:57,1,1,1,2596.3,0,-8.6,-389,2567,0,0.00,0.00,0,0,0.00,0.00,0
2026-05-09 16:14:57,1,1,1,2647.0,0,-9.9,-453,2608,0,0.00,0.00,0,0,0.00,0.00,0
2026-05-09 16:14:57,1,1,1,2727.3,0,-12.4,-584,2664,0,0.00,0.00,0,0,0.00,0.00,0
2026-05-09 16:14:57,1,1,1,2727.3,0,-12.4,-584,2664,0,0.00,0.00,0,0,0.00,0.00,0
2026-05-09 16:14:57,1,1,1,2813.6,0,-15.3,-742,2714,0,0.00,0.00,0,0,0.00,0.00,0
2026-05-09 16:14:57,1,1,1,2813.6,0,-15.3,-742,2714,0,0.00,0.00,0,0,0.00,0.00,0
2026-05-09 16:14:58,1,1,1,2905.2,0,-18.1,-904,2761,0,0.00,0.00,0,0,0.00,0.00,0
2026-05-09 16:14:58,1,1,1,2905.2,0,-18.1,-904,2761,0,0.00,0.00,0,0,0.00,0.00,0
2026-05-09 16:14:58,1,1,1,2991.0,32,-20.7,-1057,2798,0,0.00,0.00,0,0,0.00,0.00,0
2026-05-09 16:14:58,1,1,1,2942.9,24,-22.5,-1126,2719,0,0.00,0.00,0,0,0.00,0.00,0
2026-05-09 16:14:58,1,1,1,2942.9,24,-22.5,-1126,2719,0,0.00,0.00,0,1,2.50,0.24,3700
2026-05-09 16:14:58,1,1,1,2854.9,16,-24.3,-1177,2601,0,0.00,0.00,0,1,2.50,0.24,3700
2026-05-09 16:14:58,1,1,1,2854.9,16,-24.3,-1177,2601,1,2.53,0.24,3700,1,2.53,0.24,3700
2026-05-09 16:14:58,1,1,1,2773.7,0,-26.0,-1218,2492,1,2.53,0.24,3700,1,2.53,0.24,3700
2026-05-09 16:14:58,1,1,1,2773.7,0,-26.0,-1218,2492,1,2.53,0.24,3700,1,2.53,0.24,3700
2026-05-09 16:14:58,1,1,1,2826.9,0,-26.8,-1273,2524,1,2.53,0.24,3700,1,2.53,0.24,3700
2026-05-09 16:14:58,1,1,1,2826.9,0,-26.8,-1273,2524,1,2.53,0.24,3700,1,2.53,0.24,3700
2026-05-09 16:14:58,1,1,1,2880.8,32,-27.4,-1325,2558,1,2.53,0.24,3700,1,2.53,0.24,3700
2026-05-09 16:14:58,1,1,1,2911.7,0,-28.2,-1378,2565,1,2.53,0.24,3700,1,2.53,0.24,3700
2026-05-09 16:14:58,1,1,1,2911.7,0,-28.2,-1378,2565,1,2.53,0.24,3700,1,2.53,0.24,3700
2026-05-09 16:14:58,1,1,1,2957.0,0,-29.4,-1452,2576,1,2.53,0.24,3700,1,2.53,0.24,3700
2026-05-09 16:14:58,1,1,1,2957.0,0,-29.4,-1452,2576,1,2.53,0.24,3700,1,2.53,0.24,3700
2026-05-09 16:14:58,1,1,1,2986.7,16,-30.6,-1520,2571,1,2.53,0.24,3700,1,2.53,0.24,3700
2026-05-09 16:14:58,1,1,1,2986.7,16,-30.6,-1520,2571,1,2.53,0.24,3700,1,2.53,0.24,3700
2026-05-09 16:14:58,1,1,1,2946.8,8,-32.1,-1568,2495,1,2.53,0.24,3700,1,2.53,0.24,3700
2026-05-09 16:14:58,1,1,1,2908.9,0,-33.3,-1599,2430,1,0.00,0.00,0,0,0.00,0.00,0
2026-05-09 16:14:59,1,1,1,2908.9,0,-33.3,-1599,2430,1,0.00,0.00,0,0,0.00,0.00,0
2026-05-09 16:14:59,1,1,1,2865.7,-24,-34.7,-1630,2357,1,0.00,0.00,0,0,0.00,0.00,0
2026-05-09 16:14:59,1,1,1,2865.7,-24,-34.7,-1630,2357,1,0.00,0.00,0,0,0.00,0.00,0
2026-05-09 16:14:59,1,1,1,2813.0,-39,-35.7,-1642,2284,1,0.00,0.00,0,0,0.00,0.00,0
2026-05-09 16:14:59,1,1,1,2813.0,-39,-35.7,-1642,2284,1,2.76,-0.44,14400,1,2.76,-0.44,14400
2026-05-09 16:14:59,1,1,1,2769.4,-56,-36.9,-1661,2216,1,2.76,-0.44,14400,1,2.76,-0.44,14400
2026-05-09 16:14:59,1,1,1,2769.4,-56,-36.9,-1661,2216,1,2.72,-0.44,14400,1,2.72,-0.44,14400
2026-05-09 16:14:59,1,1,1,2733.7,-48,-37.7,-1673,2162,1,2.72,-0.44,14400,1,2.72,-0.44,14400
2026-05-09 16:14:59,1,1,1,2699.2,-39,-38.7,-1687,2107,1,2.72,-0.33,21449,1,2.72,-0.33,21449
2026-05-09 16:14:59,1,1,1,2699.2,-39,-38.7,-1687,2107,1,2.72,-0.33,21449,1,2.72,-0.33,21449
2026-05-09 16:14:59,1,1,1,2669.5,-24,-39.5,-1699,2059,1,2.68,-0.33,21449,1,2.68,-0.33,21449
2026-05-09 16:14:59,1,1,1,2669.5,-24,-39.5,-1699,2059,1,2.68,-0.33,21449,1,2.68,-0.33,21449
2026-05-09 16:14:59,1,1,1,2636.1,-39,-40.2,-1702,2013,1,2.67,-0.38,4941,1,2.67,-0.38,4941
2026-05-09 16:14:59,1,1,1,2636.1,-39,-40.2,-1702,2013,1,2.67,-0.38,4941,1,2.67,-0.38,4941
2026-05-09 16:14:59,1,1,1,2622.1,0,-40.5,-1704,1993,1,2.64,-0.38,4941,1,2.64,-0.38,4941
2026-05-09 16:14:59,1,1,1,2602.6,-48,-41.1,-1710,1962,1,2.64,-0.38,4941,1,2.64,-0.38,4941
2026-05-09 16:14:59,1,1,1,2602.6,-48,-41.1,-1710,1962,1,2.64,-0.38,4941,1,2.64,-0.38,4941
2026-05-09 16:14:59,1,1,1,2587.0,-8,-41.1,-1700,1950,1,2.64,-0.38,4941,1,2.64,-0.38,4941
2026-05-09 16:14:59,1,1,1,2587.0,-8,-41.1,-1700,1950,1,2.64,-0.38,4941,1,2.64,-0.38,4941
2026-05-09 16:14:59,1,1,1,2570.7,-72,-41.1,-1689,1938,1,2.64,-0.38,4941,1,2.64,-0.38,4941
2026-05-09 16:15:00,1,1,1,2570.7,-72,-41.1,-1689,1938,1,2.64,-0.38,4941,1,2.64,-0.38,4941
2026-05-09 16:15:00,1,1,1,2547.4,-88,-41.3,-1681,1914,1,2.64,-0.38,4941,1,2.64,-0.38,4941
2026-05-09 16:15:00,1,1,1,2547.4,-88,-41.3,-1681,1914,1,2.64,-0.38,4941,1,2.64,-0.38,4941
2026-05-09 16:15:00,1,1,1,2515.5,-8,-41.8,-1678,1874,1,2.64,-0.38,4941,1,2.64,-0.38,4941
2026-05-09 16:15:00,1,1,1,2467.3,-56,-42.2,-1656,1829,1,2.64,-0.38,4941,1,2.64,-0.38,4941
2026-05-09 16:15:00,1,1,1,2467.3,-56,-42.2,-1656,1829,1,2.64,-0.38,4941,1,2.64,-0.38,4941
2026-05-09 16:15:00,1,1,1,2410.7,-56,-42.5,-1628,1778,1,2.64,-0.38,4941,1,2.64,-0.38,4941
2026-05-09 16:15:00,1,1,1,2410.7,-56,-42.5,-1628,1778,1,0.00,0.00,0,0,0.00,0.00,0
2026-05-09 16:15:00,1,1,1,2353.3,-48,-42.5,-1591,1734,1,0.00,0.00,0,0,0.00,0.00,0
2026-05-09 16:15:00,1,1,1,2353.3,-48,-42.5,-1591,1734,1,0.00,0.00,0,0,0.00,0.00,0
2026-05-09 16:15:00,1,1,1,2302.0,-24,-42.0,-1540,1711,1,0.00,0.00,0,0,0.00,0.00,0
2026-05-09 16:15:00,1,1,1,2302.0,-24,-42.0,-1540,1711,1,0.00,0.00,0,0,0.00,0.00,0
2026-05-09 16:15:00,1,1,1,2254.8,-39,-41.3,-1487,1695,1,2.24,-0.43,6658,1,2.24,-0.43,6658
2026-05-09 16:15:00,1,1,1,2211.1,-39,-40.4,-1434,1683,1,2.24,-0.43,6658,1,2.24,-0.43,6658
2026-05-09 16:15:00,1,1,1,2211.1,-39,-40.4,-1434,1683,1,2.20,-0.43,6658,1,2.20,-0.43,6658
2026-05-09 16:15:00,1,1,1,2177.8,0,-39.4,-1381,1684,1,2.20,-0.43,6658,1,2.20,-0.43,6658
2026-05-09 16:15:00,1,1,1,2177.8,0,-39.4,-1381,1684,1,2.09,-0.34,21410,1,2.09,-0.34,21410
2026-05-09 16:15:00,1,1,1,2120.1,-32,-38.3,-1315,1663,1,2.09,-0.34,21410,1,2.09,-0.34,21410
2026-05-09 16:15:00,1,1,1,2120.1,-32,-38.3,-1315,1663,1,2.55,-0.16,1394,1,2.55,-0.16,1394
2026-05-09 16:15:00,1,1,1,2061.8,-32,-37.2,-1247,1642,1,2.55,-0.16,1394,1,2.55,-0.16,1394
2026-05-09 16:15:01,1,1,1,2012.4,-32,-35.8,-1176,1633,1,2.39,-0.20,10301,1,2.39,-0.20,10301
2026-05-09 16:15:01,1,1,1,2012.4,-32,-35.8,-1176,1633,1,2.39,-0.20,10301,1,2.39,-0.20,10301
2026-05-09 16:15:01,1,1,1,1972.4,-39,-34.4,-1115,1627,1,2.33,-0.27,8072,1,2.33,-0.27,8072
2026-05-09 16:15:01,1,1,1,1972.4,-39,-34.4,-1115,1627,1,2.33,-0.27,8072,1,2.33,-0.27,8072
2026-05-09 16:15:01,1,1,1,1939.6,-48,-33.2,-1062,1623,1,2.31,-0.27,8072,1,2.31,-0.27,8072
2026-05-09 16:15:01,1,1,1,1939.6,-48,-33.2,-1062,1623,1,2.31,-0.27,8072,1,2.31,-0.27,8072
2026-05-09 16:15:01,1,1,1,1903.8,-56,-32.0,-1008,1615,1,2.31,-0.27,8072,1,2.31,-0.27,8072
2026-05-09 16:15:01,1,1,1,1903.8,-56,-32.0,-1008,1615,1,2.31,-0.27,8072,1,2.31,-0.27,8072
2026-05-09 16:15:01,1,1,1,1864.6,-48,-30.6,-949,1605,1,2.31,-0.27,8072,1,2.31,-0.27,8072
2026-05-09 16:15:01,1,1,1,1808.3,-56,-29.6,-892,1573,1,2.31,-0.27,8072,1,2.31,-0.27,8072
2026-05-09 16:15:01,1,1,1,1808.3,-56,-29.6,-892,1573,1,2.31,-0.27,8072,1,2.31,-0.27,8072
2026-05-09 16:15:01,1,1,1,1757.6,-32,-27.9,-823,1553,1,2.31,-0.27,8072,1,2.31,-0.27,8072
2026-05-09 16:15:01,1,1,1,1757.6,-32,-27.9,-823,1553,1,2.31,-0.27,8072,1,2.31,-0.27,8072
2026-05-09 16:15:01,1,1,1,1701.4,-56,-25.6,-736,1534,1,2.31,-0.27,8072,1,2.31,-0.27,8072
2026-05-09 16:15:01,1,1,1,1701.4,-56,-25.6,-736,1534,1,2.31,-0.27,8072,1,2.31,-0.27,8072
2026-05-09 16:15:01,1,1,1,1669.9,-16,-22.8,-648,1539,1,2.31,-0.27,8072,1,2.31,-0.27,8072
2026-05-09 16:15:01,1,1,1,1629.5,-16,-20.0,-558,1531,1,2.31,-0.27,8072,1,2.31,-0.27,8072
2026-05-09 16:15:01,1,1,1,1629.5,-16,-20.0,-558,1531,1,0.00,0.00,0,0,0.00,0.00,0
2026-05-09 16:15:01,1,1,1,1586.7,8,-16.6,-452,1521,1,0.00,0.00,0,0,0.00,0.00,0
2026-05-09 16:15:01,1,1,1,1586.7,8,-16.6,-452,1521,1,0.00,0.00,0,0,0.00,0.00,0
2026-05-09 16:15:02,1,1,1,1548.9,16,-12.9,-345,1510,1,3.25,0.02,6562,1,3.25,0.02,6562
2026-05-09 16:15:02,1,1,1,1548.9,16,-12.9,-345,1510,1,3.25,0.02,6562,1,3.25,0.02,6562
2026-05-09 16:15:02,1,1,1,1514.6,8,-8.7,-230,1497,1,2.40,-0.02,34205,1,2.40,-0.02,34205
2026-05-09 16:15:02,1,1,1,1514.6,8,-8.7,-230,1497,1,2.40,-0.02,34205,1,2.40,-0.02,34205
2026-05-09 16:15:02,1,1,1,1487.9,8,-4.7,-121,1483,1,2.12,0.03,14557,1,2.12,0.03,14557
2026-05-09 16:15:02,1,1,1,1469.0,8,-0.5,-12,1469,1,2.12,0.03,14557,1,2.12,0.03,14557
2026-05-09 16:15:02,1,1,1,1469.0,8,-0.5,-12,1469,1,2.41,0.07,6458,1,2.41,0.07,6458
2026-05-09 16:15:02,1,1,1,1458.8,8,3.6,91,1456,1,2.41,0.07,6458,1,2.41,0.07,6458
2026-05-09 16:15:02,1,1,1,1458.8,8,3.6,91,1456,1,2.42,0.07,6458,1,2.42,0.07,6458
2026-05-09 16:15:02,1,1,1,1455.8,8,7.3,185,1444,1,2.42,0.07,6458,1,2.42,0.07,6458
2026-05-09 16:15:02,1,1,1,1455.8,8,7.3,185,1444,1,2.42,0.07,6458,1,2.42,0.07,6458
2026-05-09 16:15:02,1,1,1,1464.2,0,9.0,230,1446,1,2.42,0.07,6458,1,2.42,0.07,6458
2026-05-09 16:15:02,1,1,1,1458.0,16,10.8,274,1432,1,2.42,0.07,6458,1,2.42,0.07,6458
2026-05-09 16:15:02,1,1,1,1458.0,16,10.8,274,1432,1,2.42,0.07,6458,1,2.42,0.07,6458
2026-05-09 16:15:02,1,1,1,1469.8,8,12.9,327,1433,1,2.42,0.07,6458,1,2.42,0.07,6458
2026-05-09 16:15:02,1,1,1,1469.8,8,12.9,327,1433,1,2.42,0.07,6458,1,2.42,0.07,6458
2026-05-09 16:15:02,1,1,1,1478.3,39,15.6,397,1424,1,2.42,0.07,6458,1,2.42,0.07,6458
2026-05-09 16:15:02,1,1,1,1478.3,39,15.6,397,1424,1,2.42,0.07,6458,1,2.42,0.07,6458
2026-05-09 16:15:02,1,1,1,1499.2,32,18.5,475,1422,1,2.42,0.07,6458,1,2.42,0.07,6458
2026-05-09 16:15:02,1,1,1,1499.2,32,18.5,475,1422,1,2.42,0.07,6458,1,2.42,0.07,6458
2026-05-09 16:15:03,1,1,1,1525.3,32,21.4,557,1420,1,1.75,0.27,6272,1,1.75,0.27,6272
2026-05-09 16:15:03,1,1,1,1568.3,56,23.5,626,1438,1,1.75,0.27,6272,1,1.75,0.27,6272
2026-05-09 16:15:03,1,1,1,1568.3,56,23.5,626,1438,1,1.77,0.27,6272,1,1.77,0.27,6272
2026-05-09 16:15:03,1,1,1,1629.7,56,25.2,693,1475,1,1.77,0.27,6272,1,1.77,0.27,6272
2026-05-09 16:15:03,1,1,1,1629.7,56,25.2,693,1475,1,1.77,0.27,6272,1,1.77,0.27,6272
2026-05-09 16:15:03,1,1,1,1709.7,64,26.4,761,1531,1,1.77,0.27,6272,1,1.77,0.27,6272
2026-05-09 16:15:03,1,1,1,1709.7,64,26.4,761,1531,1,1.77,0.27,6272,1,1.77,0.27,6272
2026-05-09 16:15:03,1,1,1,1780.6,79,27.6,825,1578,1,1.77,0.27,6272,1,1.77,0.27,6272
2026-05-09 16:15:03,1,1,1,1828.4,56,29.2,892,1596,1,1.77,0.27,6272,1,1.77,0.27,6272
2026-05-09 16:15:03,1,1,1,1828.4,56,29.2,892,1596,1,1.77,0.27,6272,1,1.77,0.27,6272
2026-05-09 16:15:03,1,1,1,1862.1,64,31.1,961,1595,1,1.77,0.27,6272,1,1.77,0.27,6272
2026-05-09 16:15:03,1,1,1,1862.1,64,31.1,961,1595,1,1.77,0.27,6272,1,1.77,0.27,6272
2026-05-09 16:15:03,1,1,1,1905.8,24,32.5,1023,1608,1,1.77,0.27,6272,1,1.77,0.27,6272
2026-05-09 16:15:03,1,1,1,1905.8,24,32.5,1023,1608,1,1.77,0.27,6272,1,1.77,0.27,6272
2026-05-09 16:15:03,1,1,1,1940.3,72,34.6,1102,1597,1,1.77,0.27,6272,1,1.77,0.27,6272
2026-05-09 16:15:03,1,1,1,1940.3,72,34.6,1102,1597,1,0.00,0.00,0,0,0.00,0.00,0
2026-05-09 16:15:03,1,1,1,1975.0,56,36.0,1162,1597,1,0.00,0.00,0,0,0.00,0.00,0
2026-05-09 16:15:03,1,1,1,2011.1,88,38.2,1243,1581,1,0.00,0.00,0,0,0.00,0.00,0
2026-05-09 16:15:03,1,1,1,2011.1,88,38.2,1243,1581,1,0.00,0.00,0,0,0.00,0.00,0
2026-05-09 16:15:03,1,1,1,2059.6,56,39.9,1320,1581,1,0.00,0.00,0,0,0.00,0.00,0
2026-05-09 16:15:04,1,1,1,2059.6,56,39.9,1320,1581,0,0.00,0.00,0,0,0.00,0.00,0
2026-05-09 16:15:04,1,1,1,2113.0,56,41.6,1403,1580,0,0.00,0.00,0,0,0.00,0.00,0
2026-05-09 16:15:04,1,1,1,2113.0,56,41.6,1403,1580,0,0.00,0.00,0,0,0.00,0.00,0
2026-05-09 16:15:04,1,1,1,2174.8,48,42.6,1473,1600,0,0.00,0.00,0,0,0.00,0.00,0
2026-05-09 16:15:04,1,1,1,2230.5,56,44.1,1551,1603,0,0.00,0.00,0,0,0.00,0.00,0
2026-05-09 16:15:04,1,1,1,2230.5,56,44.1,1551,1603,0,0.00,0.00,0,0,0.00,0.00,0
2026-05-09 16:15:04,1,1,1,2284.0,64,44.8,1609,1621,0,0.00,0.00,0,0,0.00,0.00,0
2026-05-09 16:15:04,1,1,1,2284.0,64,44.8,1609,1621,0,0.00,0.00,0,0,0.00,0.00,0
2026-05-09 16:15:04,1,1,1,2336.4,56,45.6,1668,1636,0,0.00,0.00,0,0,0.00,0.00,0
2026-05-09 16:15:04,1,1,1,2336.4,56,45.6,1668,1636,0,0.00,0.00,0,0,0.00,0.00,0
2026-05-09 16:15:04,1,1,1,2382.9,48,46.3,1724,1645,0,0.00,0.00,0,1,2.75,0.48,10610
2026-05-09 16:15:04,1,1,1,2382.9,48,46.3,1724,1645,0,0.00,0.00,0,1,2.75,0.48,10610
2026-05-09 16:15:04,1,1,1,2429.0,24,47.0,1776,1657,1,2.80,0.48,10610,1,2.80,0.48,10610
2026-05-09 16:15:04,1,1,1,2475.8,-8,47.1,1813,1686,1,2.80,0.48,10610,1,2.80,0.48,10610
2026-05-09 16:15:04,1,1,1,2475.8,-8,47.1,1813,1686,1,2.80,0.48,10610,1,2.80,0.48,10610
2026-05-09 16:15:04,1,1,1,2502.3,-24,46.2,1806,1732,1,2.80,0.48,10610,1,2.80,0.48,10610
2026-05-09 16:15:04,1,1,1,2502.3,-24,46.2,1806,1732,1,2.80,0.48,10610,1,2.80,0.48,10610
2026-05-09 16:15:04,1,1,1,2524.4,-16,45.3,1794,1776,1,2.80,0.48,10610,1,2.80,0.48,10610
2026-05-09 16:15:04,1,1,1,2524.4,-16,45.3,1794,1776,1,2.80,0.48,10610,1,2.80,0.48,10610
2026-05-09 16:15:04,1,1,1,2554.8,24,44.8,1799,1814,1,2.80,0.48,10610,1,2.80,0.48,10610
2026-05-09 16:15:05,1,1,1,2554.8,24,44.8,1799,1814,1,2.80,0.48,10610,1,2.80,0.48,10610
2026-05-09 16:15:05,1,1,1,2596.0,16,44.3,1814,1857,1,2.80,0.48,10610,1,2.80,0.48,10610
2026-05-09 16:15:05,1,1,1,2623.1,16,44.0,1821,1888,1,2.80,0.48,10610,1,2.80,0.48,10610
2026-05-09 16:15:05,1,1,1,2623.1,16,44.0,1821,1888,1,2.80,0.48,10610,1,2.80,0.48,10610
2026-05-09 16:15:05,1,1,1,2624.2,0,43.5,1808,1902,1,2.80,0.48,10610,1,2.80,0.48,10610
2026-05-09 16:15:05,1,1,1,2624.2,0,43.5,1808,1902,1,0.00,0.00,0,0,0.00,0.00,0
2026-05-09 16:15:05,1,1,1,2625.7,16,43.5,1806,1906,1,0.00,0.00,0,0,0.00,0.00,0
2026-05-09 16:15:05,1,1,1,2625.7,16,43.5,1806,1906,1,0.00,0.00,0,0,0.00,0.00,0
2026-05-09 16:15:05,1,1,1,2627.8,8,43.5,1808,1907,1,0.00,0.00,0,0,0.00,0.00,0
2026-05-09 16:15:05,1,1,1,2633.0,-24,43.3,1805,1917,1,0.00,0.00,0,0,0.00,0.00,0
2026-05-09 16:15:05,1,1,1,2633.0,-24,43.3,1805,1917,0,0.00,0.00,0,0,0.00,0.00,0
2026-05-09 16:15:05,1,1,1,2644.3,-8,43.3,1815,1923,0,0.00,0.00,0,0,0.00,0.00,0
2026-05-09 16:15:05,1,1,1,2644.3,-8,43.3,1815,1923,0,0.00,0.00,0,0,0.00,0.00,0
2026-05-09 16:15:05,1,1,1,2653.1,-24,43.1,1814,1936,0,0.00,0.00,0,0,0.00,0.00,0
2026-05-09 16:15:05,1,1,1,2653.1,-24,43.1,1814,1936,0,0.00,0.00,0,0,0.00,0.00,0
2026-05-09 16:15:05,1,1,1,2647.9,-48,42.8,1800,1942,0,0.00,0.00,0,0,0.00,0.00,0
2026-05-09 16:15:05,1,1,1,2647.9,-48,42.8,1800,1942,0,0.00,0.00,0,0,0.00,0.00,0
2026-05-09 16:15:05,1,1,1,2640.0,-56,42.2,1772,1957,0,0.00,0.00,0,0,0.00,0.00,0
2026-05-09 16:15:05,1,1,1,2627.2,-39,41.2,1729,1978,0,0.00,0.00,0,0,0.00,0.00,0
2026-05-09 16:15:05,1,1,1,2627.2,-39,41.2,1729,1978,0,0.00,0.00,0,0,0.00,0.00,0
2026-05-09 16:15:06,1,1,1,2587.2,-32,39.3,1640,2001,0,0.00,0.00,0,0,0.00,0.00,0
2026-05-09 16:15:06,1,1,1,2587.2,-32,39.3,1640,2001,0,0.00,0.00,0,0,0.00,0.00,0
2026-05-09 16:15:06,1,1,1,2542.3,-32,37.4,1545,2019,0,0.00,0.00,0,0,0.00,0.00,0
2026-05-09 16:15:06,1,1,1,2542.3,-32,37.4,1545,2019,0,0.00,0.00,0,0,0.00,0.00,0
2026-05-09 16:15:06,1,1,1,2517.6,-32,35.8,1474,2041,0,0.00,0.00,0,0,0.00,0.00,0
2026-05-09 16:15:06,1,1,1,2509.2,-32,34.6,1424,2066,0,0.00,0.00,0,0,0.00,0.00,0
2026-05-09 16:15:06,1,1,1,2509.2,-32,34.6,1424,2066,0,0.00,0.00,0,0,0.00,0.00,0
2026-05-09 16:15:06,1,1,1,2489.3,0,33.3,1366,2081,0,0.00,0.00,0,0,0.00,0.00,0
2026-05-09 16:15:06,1,1,1,2489.3,0,33.3,1366,2081,0,0.00,0.00,0,0,0.00,0.00,0
2026-05-09 16:15:06,1,1,1,2472.4,-32,32.4,1324,2088,0,0.00,0.00,0,0,0.00,0.00,0
2026-05-09 16:15:06,1,1,1,2472.4,-32,32.4,1324,2088,0,0.00,0.00,0,0,0.00,0.00,0
2026-05-09 16:15:06,1,1,1,2446.9,-24,31.9,1292,2078,0,0.00,0.00,0,0,0.00,0.00,0
2026-05-09 16:15:06,1,1,1,2446.9,-24,31.9,1292,2078,0,0.00,0.00,0,0,0.00,0.00,0
2026-05-09 16:15:06,1,1,1,2427.4,-16,31.1,1253,2079,0,0.00,0.00,0,0,0.00,0.00,0
2026-05-09 16:15:06,1,1,1,2408.1,-24,29.8,1198,2089,0,0.00,0.00,0,0,0.00,0.00,0
2026-05-09 16:15:06,1,1,1,2408.1,-24,29.8,1198,2089,0,0.00,0.00,0,0,0.00,0.00,0
2026-05-09 16:15:06,1,1,1,2400.5,-24,28.0,1126,2120,0,0.00,0.00,0,1,2.49,-0.22,1514
2026-05-09 16:15:06,1,1,1,2400.5,-24,28.0,1126,2120,0,0.00,0.00,0,1,2.49,-0.22,1514
2026-05-09 16:15:06,1,1,1,2382.9,-24,26.0,1046,2141,0,0.00,0.00,0,1,2.41,-0.22,9914
2026-05-09 16:15:06,1,1,1,2382.9,-24,26.0,1046,2141,0,0.00,0.00,0,1,2.41,-0.22,9914
2026-05-09 16:15:07,1,1,1,2381.3,-8,23.7,956,2181,1,2.39,-0.22,9914,1,2.39,-0.22,9914
2026-05-09 16:15:07,1,1,1,2361.2,-24,21.5,865,2197,1,2.39,-0.22,9914,1,2.39,-0.22,9914
2026-05-09 16:15:07,1,1,1,2361.2,-24,21.5,865,2197,1,2.39,-0.22,9914,1,2.39,-0.22,9914
2026-05-09 16:15:07,1,1,1,2328.1,-24,19.4,773,2196,1,2.39,-0.22,9914,1,2.39,-0.22,9914
2026-05-09 16:15:07,1,1,1,2328.1,-24,19.4,773,2196,1,2.39,-0.22,9914,1,2.39,-0.22,9914
2026-05-09 16:15:07,1,1,1,2289.1,-24,17.6,692,2182,1,2.39,-0.22,9914,1,2.39,-0.22,9914
2026-05-09 16:15:07,1,1,1,2289.1,-24,17.6,692,2182,1,2.39,-0.22,9914,1,2.39,-0.22,9914
2026-05-09 16:15:07,1,1,1,2254.2,-16,16.0,621,2167,1,2.39,-0.22,9914,1,2.39,-0.22,9914
2026-05-09 16:15:07,1,1,1,2254.2,-16,16.0,621,2167,1,3.21,0.00,4097,1,3.21,0.00,4097
2026-05-09 16:15:07,1,1,1,2229.2,0,14.3,551,2160,1,3.21,0.00,4097,1,3.21,0.00,4097
2026-05-09 16:15:07,1,1,1,2304.2,0,10.9,434,2263,1,3.21,0.00,4097,1,3.21,0.00,4097
2026-05-09 16:15:07,1,1,1,2304.2,0,10.9,434,2263,1,3.21,0.00,4097,1,3.21,0.00,4097
2026-05-09 16:15:07,1,1,1,2424.3,0,7.6,321,2403,1,3.21,0.00,4097,1,3.21,0.00,4097
2026-05-09 16:15:07,1,1,1,2424.3,0,7.6,321,2403,1,3.21,0.00,4097,1,3.21,0.00,4097
2026-05-09 16:15:07,1,1,1,2551.5,0,5.2,231,2541,1,3.21,0.00,4097,1,3.21,0.00,4097
2026-05-09 16:15:07,1,1,1,2551.5,0,5.2,231,2541,1,3.21,0.00,4097,1,3.21,0.00,4097
2026-05-09 16:15:07,1,1,1,2672.9,0,3.1,145,2669,1,3.21,0.00,4097,1,3.21,0.00,4097
2026-05-09 16:15:07,1,1,1,2635.3,-8,1.8,82,2634,1,3.21,0.00,4097,1,3.21,0.00,4097
2026-05-09 16:15:07,1,1,1,2635.3,-8,1.8,82,2634,1,3.21,0.00,4097,1,3.21,0.00,4097
2026-05-09 16:15:07,1,1,1,2564.1,-16,0.5,21,2564,1,3.21,0.00,4097,1,3.21,0.00,4097
2026-05-09 16:15:08,1,1,1,2564.1,-16,0.5,21,2564,1,3.21,0.00,4097,1,3.21,0.00,4097
2026-05-09 16:15:08,1,1,1,2487.3,-39,-0.9,-37,2487,1,3.21,0.00,4097,1,3.21,0.00,4097
2026-05-09 16:15:08,1,1,1,2487.3,-39,-0.9,-37,2487,1,3.21,0.00,4097,1,3.21,0.00,4097
2026-05-09 16:15:08,1,1,1,2412.9,0,-2.3,-95,2411,1,0.00,0.00,0,0,0.00,0.00,0
2026-05-09 16:15:08,1,1,1,2412.9,0,-2.3,-95,2411,1,0.00,0.00,0,0,0.00,0.00,0
2026-05-09 16:15:08,1,1,1,2345.8,-79,-3.7,-150,2341,1,0.00,0.00,0,0,0.00,0.00,0
2026-05-09 16:15:08,1,1,1,2290.8,0,-5.0,-201,2282,1,0.00,0.00,0,0,0.00,0.00,0
2026-05-09 16:15:08,1,1,1,2290.8,0,-5.0,-201,2282,1,0.00,0.00,0,0,0.00,0.00,0
2026-05-09 16:15:08,1,1,1,2387.8,0,-4.9,-205,2379,0,0.00,0.00,0,0,0.00,0.00,0
2026-05-09 16:15:08,1,1,1,2387.8,0,-4.9,-205,2379,0,0.00,0.00,0,0,0.00,0.00,0
2026-05-09 16:15:08,1,1,1,2483.2,-48,-4.7,-202,2475,0,0.00,0.00,0,1,2.00,-0.49,34986
2026-05-09 16:15:08,1,1,1,2483.2,-48,-4.7,-202,2475,0,0.00,0.00,0,1,2.00,-0.49,34986
2026-05-09 16:15:08,1,1,1,2414.8,-39,-5.7,-238,2403,1,1.98,-0.46,50285,1,1.98,-0.46,50285
2026-05-09 16:15:08,1,1,1,2310.4,-48,-7.0,-283,2293,1,1.98,-0.46,50285,1,1.98,-0.46,50285
2026-05-09 16:15:08,1,1,1,2310.4,-48,-7.0,-283,2293,1,1.93,-0.46,50285,1,1.93,-0.46,50285
2026-05-09 16:15:08,1,1,1,2207.4,-48,-8.5,-327,2183,1,1.93,-0.46,50285,1,1.93,-0.46,50285
2026-05-09 16:15:08,1,1,1,2207.4,-48,-8.5,-327,2183,1,1.92,-0.46,17170,1,1.92,-0.46,17170
2026-05-09 16:15:08,1,1,1,2113.8,-56,-10.1,-371,2081,1,1.92,-0.46,17170,1,1.92,-0.46,17170
2026-05-09 16:15:08,1,1,1,2113.8,-56,-10.1,-371,2081,1,1.85,-0.47,15597,1,1.85,-0.47,15597
2026-05-09 16:15:08,1,1,1,2032.2,-48,-11.8,-417,1989,1,1.85,-0.47,15597,1,1.85,-0.47,15597
2026-05-09 16:15:09,1,1,1,2032.2,-48,-11.8,-417,1989,1,1.80,-0.47,15597,1,1.80,-0.47,15597
2026-05-09 16:15:09,1,1,1,1963.2,-39,-13.4,-454,1910,1,1.80,-0.47,15597,1,1.80,-0.47,15597
2026-05-09 16:15:09,1,1,1,1905.5,-32,-14.8,-488,1842,1,1.80,-0.47,15597,1,1.80,-0.47,15597
2026-05-09 16:15:09,1,1,1,1905.5,-32,-14.8,-488,1842,1,1.80,-0.47,15597,1,1.80,-0.47,15597
2026-05-09 16:15:09,1,1,1,1855.1,-32,-16.2,-519,1781,1,1.80,-0.47,15597,1,1.80,-0.47,15597
2026-05-09 16:15:09,1,1,1,1855.1,-32,-16.2,-519,1781,1,1.80,-0.47,15597,1,1.80,-0.47,15597
2026-05-09 16:15:09,1,1,1,1810.6,-39,-17.6,-547,1726,1,1.80,-0.47,15597,1,1.80,-0.47,15597
2026-05-09 16:15:09,1,1,1,1810.6,-39,-17.6,-547,1726,1,1.80,-0.47,15597,1,1.80,-0.47,15597
2026-05-09 16:15:09,1,1,1,1773.4,-24,-18.5,-562,1682,1,1.80,-0.47,15597,1,1.80,-0.47,15597
2026-05-09 16:15:09,1,1,1,1773.4,-24,-18.5,-562,1682,1,1.80,-0.47,15597,1,1.80,-0.47,15597
2026-05-09 16:15:09,1,1,1,1752.2,16,-18.4,-552,1663,1,1.80,-0.47,15597,1,1.80,-0.47,15597
2026-05-09 16:15:09,1,1,1,1728.2,-48,-18.6,-551,1638,1,1.80,-0.47,15597,1,1.80,-0.47,15597
2026-05-09 16:15:09,1,1,1,1728.2,-48,-18.6,-551,1638,1,1.57,-0.47,19549,1,1.57,-0.47,19549
2026-05-09 16:15:09,1,1,1,1707.7,-32,-18.8,-549,1617,1,1.57,0.00,0,1,1.57,0.00,0
2026-05-09 16:15:09,1,1,1,1707.7,-32,-18.8,-549,1617,1,1.52,-0.47,19549,1,1.52,-0.47,19549
2026-05-09 16:15:09,1,1,1,1666.2,-24,-18.5,-529,1580,1,1.52,-0.47,19549,1,1.52,-0.47,19549
2026-05-09 16:15:09,1,1,1,1666.2,-24,-18.5,-529,1580,1,1.52,-0.47,19549,1,1.52,-0.47,19549
2026-05-09 16:15:09,1,1,1,1627.4,-16,-17.7,-496,1550,1,1.52,-0.47,19549,1,1.52,-0.47,19549
2026-05-09 16:15:09,1,1,1,1590.8,-16,-16.7,-456,1524,1,1.52,-0.47,19549,1,1.52,-0.47,19549
2026-05-09 16:15:09,1,1,1,1590.8,-16,-16.7,-456,1524,1,1.52,-0.47,19549,1,1.52,-0.47,19549
2026-05-09 16:15:10,1,1,1,1560.2,-16,-15.4,-415,1504,1,1.52,-0.47,19549,1,1.52,-0.47,19549
2026-05-09 16:15:10,1,1,1,1560.2,-16,-15.4,-415,1504,1,1.52,-0.47,19549,1,1.52,-0.47,19549
2026-05-09 16:15:10,1,1,1,1534.8,-16,-13.9,-368,1490,1,1.56,-0.22,61002,1,1.56,-0.22,61002
2026-05-09 16:15:10,1,1,1,1534.8,-16,-13.9,-368,1490,1,1.56,-0.22,61002,1,1.56,-0.22,61002
2026-05-09 16:15:10,1,1,1,1507.6,-24,-12.3,-321,1473,1,1.52,-0.23,3528,1,1.52,-0.23,3528
2026-05-09 16:15:10,1,1,1,1507.6,-24,-12.3,-321,1473,1,1.52,-0.23,3528,1,1.52,-0.23,3528
2026-05-09 16:15:10,1,1,1,1482.7,-24,-10.9,-280,1456,1,1.49,-0.23,3528,1,1.49,-0.23,3528
2026-05-09 16:15:10,1,1,1,1460.5,-8,-8.6,-219,1444,1,1.49,-0.23,3528,1,1.49,-0.23,3528
2026-05-09 16:15:10,1,1,1,1460.5,-8,-8.6,-219,1444,1,1.49,-0.23,3528,1,1.49,-0.23,3528
2026-05-09 16:15:10,1,1,1,1426.8,-16,-6.0,-149,1419,1,1.49,-0.23,3528,1,1.49,-0.23,3528
2026-05-09 16:15:10,1,1,1,1426.8,-16,-6.0,-149,1419,1,1.49,-0.23,3528,1,1.49,-0.23,3528
2026-05-09 16:15:10,1,1,1,1386.9,-16,-3.0,-73,1385,1,1.49,-0.23,3528,1,1.49,-0.23,3528
2026-05-09 16:15:10,1,1,1,1386.9,-16,-3.0,-73,1385,1,1.27,0.00,22562,1,1.27,0.00,22562
2026-05-09 16:15:10,1,1,1,1352.1,16,0.6,14,1352,1,1.27,0.00,22562,1,1.27,0.00,22562
2026-05-09 16:15:10,1,1,1,1320.6,24,4.8,110,1316,1,1.27,0.00,22562,1,1.27,0.00,22562
2026-05-09 16:15:10,1,1,1,1320.6,24,4.8,110,1316,1,1.27,0.00,22562,1,1.27,0.00,22562
2026-05-09 16:15:10,1,1,1,1303.7,24,9.2,208,1287,1,1.39,0.12,31025,1,1.39,0.12,31025
2026-05-09 16:15:10,1,1,1,1303.7,24,9.2,208,1287,1,1.39,0.12,31025,1,1.39,0.12,31025
2026-05-09 16:15:10,1,1,1,1295.7,39,13.7,306,1259,1,2.03,0.24,2554,1,2.03,0.24,2554
2026-05-09 16:15:10,1,1,1,1295.7,39,13.7,306,1259,1,2.03,0.24,2554,1,2.03,0.24,2554
2026-05-09 16:15:11,1,1,1,1300.8,48,17.6,393,1240,1,2.05,0.24,2554,1,2.05,0.24,2554
2026-05-09 16:15:11,1,1,1,1300.8,48,17.6,393,1240,1,-65.54,-64.26,59110,1,-65.54,-64.26,59110
2026-05-09 16:15:11,1,1,1,1324.5,48,21.1,476,1236,1,-65.54,-64.26,59110,1,-65.54,-64.26,59110
2026-05-09 16:15:11,1,1,1,1360.2,56,23.9,550,1244,0,0.00,0.00,0,1,-65.54,-64.26,59110
2026-05-09 16:15:11,1,1,1,1360.2,56,23.9,550,1244,0,0.00,0.00,0,1,-65.54,-64.26,59110
2026-05-09 16:15:11,1,1,1,1391.8,32,26.0,610,1251,0,0.00,0.00,0,1,-65.54,-64.26,59110
2026-05-09 16:15:11,1,1,1,1391.8,32,26.0,610,1251,0,0.00,0.00,0,1,-65.54,-64.26,59110
2026-05-09 16:15:11,1,1,1,1421.5,32,28.3,675,1251,0,0.00,0.00,0,1,-65.54,-64.26,59110
2026-05-09 16:15:11,1,1,1,1421.5,32,28.3,675,1251,0,0.00,0.00,0,1,-65.54,-64.26,59110
2026-05-09 16:15:11,1,1,1,1459.3,24,30.1,731,1263,0,0.00,0.00,0,1,-65.54,-64.26,59110
2026-05-09 16:15:11,1,1,1,1504.6,48,31.9,794,1278,0,0.00,0.00,0,1,-65.54,-64.26,59110
2026-05-09 16:15:11,1,1,1,1504.6,48,31.9,794,1278,0,0.00,0.00,0,1,-65.54,-64.26,59110
2026-05-09 16:15:11,1,1,1,1559.6,39,33.2,854,1305,0,0.00,0.00,0,1,-65.54,-64.26,59110
2026-05-09 16:15:11,1,1,1,1559.6,39,33.2,854,1305,0,0.00,0.00,0,0,0.00,0.00,0
2026-05-09 16:15:11,1,1,1,1622.2,8,33.9,904,1347,0,0.00,0.00,0,0,0.00,0.00,0
2026-05-09 16:15:11,1,1,1,1622.2,8,33.9,904,1347,0,0.00,0.00,0,0,0.00,0.00,0
2026-05-09 16:15:11,1,1,1,1672.7,24,34.8,954,1374,0,0.00,0.00,0,1,2.00,0.24,17681
2026-05-09 16:15:11,1,1,1,1672.7,24,34.8,954,1374,0,0.00,0.00,0,1,2.00,0.24,17681
2026-05-09 16:15:11,1,1,1,1715.9,24,35.7,1002,1393,1,2.02,0.24,17681,1,2.02,0.24,17681
2026-05-09 16:15:11,1,1,1,1751.2,24,36.8,1048,1403,1,2.02,0.24,17681,1,2.02,0.24,17681
2026-05-09 16:15:12,1,1,1,1751.2,24,36.8,1048,1403,1,2.02,0.24,17681,1,2.02,0.24,17681
2026-05-09 16:15:12,1,1,1,1780.7,16,37.4,1081,1415,1,2.02,0.24,17681,1,2.02,0.24,17681
2026-05-09 16:15:12,1,1,1,1780.7,16,37.4,1081,1415,1,2.02,0.24,17681,1,2.02,0.24,17681
2026-05-09 16:15:12,1,1,1,1798.6,8,37.2,1087,1433,1,2.02,0.24,17681,1,2.02,0.24,17681
2026-05-09 16:15:12,1,1,1,1798.6,8,37.2,1087,1433,1,2.02,0.24,17681,1,2.02,0.24,17681
2026-05-09 16:15:12,1,1,1,1806.1,8,37.4,1098,1434,1,2.02,0.24,17681,1,2.02,0.24,17681
2026-05-09 16:15:12,1,1,1,1810.2,8,37.1,1093,1443,1,2.02,0.24,17681,1,2.02,0.24,17681
2026-05-09 16:15:12,1,1,1,1810.2,8,37.1,1093,1443,1,2.02,0.24,17681,1,2.02,0.24,17681
2026-05-09 16:15:12,1,1,1,1819.9,8,36.4,1081,1464,1,2.02,0.24,17681,1,2.02,0.24,17681
2026-05-09 16:15:12,1,1,1,1819.9,8,36.4,1081,1464,1,2.02,0.24,17681,1,2.02,0.24,17681
2026-05-09 16:15:12,1,1,1,1827.1,8,35.8,1070,1481,1,2.02,0.24,17681,1,2.02,0.24,17681
2026-05-09 16:15:12,1,1,1,1827.1,8,35.8,1070,1481,1,0.00,0.00,0,0,0.00,0.00,0
2026-05-09 16:15:12,1,1,1,1839.4,0,35.2,1059,1504,1,0.00,0.00,0,0,0.00,0.00,0
2026-05-09 16:15:12,1,1,1,1839.4,0,35.2,1059,1504,1,0.00,0.00,0,0,0.00,0.00,0
2026-05-09 16:15:12,1,1,1,1850.8,8,34.8,1056,1520,1,0.00,0.00,0,0,0.00,0.00,0
2026-05-09 16:15:12,1,1,1,1859.5,8,34.4,1051,1534,1,0.00,0.00,0,0,0.00,0.00,0
2026-05-09 16:15:12,1,1,1,1859.5,8,34.4,1051,1534,0,0.00,0.00,0,0,0.00,0.00,0
2026-05-09 16:15:12,1,1,1,1868.9,0,34.2,1050,1546,0,0.00,0.00,0,0,0.00,0.00,0
2026-05-09 16:15:12,1,1,1,1868.9,0,34.2,1050,1546,0,0.00,0.00,0,0,0.00,0.00,0
2026-05-09 16:15:12,1,1,1,1873.2,-8,33.7,1040,1558,0,0.00,0.00,0,0,0.00,0.00,0
2026-05-09 16:15:13,1,1,1,1873.2,-8,33.7,1040,1558,0,0.00,0.00,0,0,0.00,0.00,0
2026-05-09 16:15:13,1,1,1,1881.6,16,33.1,1028,1576,0,0.00,0.00,0,0,0.00,0.00,0
2026-05-09 16:15:13,1,1,1,1888.3,24,32.5,1014,1593,0,0.00,0.00,0,0,0.00,0.00,0
2026-05-09 16:15:13,1,1,1,1888.3,24,32.5,1014,1593,0,0.00,0.00,0,0,0.00,0.00,0
2026-05-09 16:15:13,1,1,1,1905.1,16,32.0,1009,1616,0,0.00,0.00,0,0,0.00,0.00,0
2026-05-09 16:15:13,1,1,1,1905.1,16,32.0,1009,1616,0,0.00,0.00,0,0,0.00,0.00,0
2026-05-09 16:15:13,1,1,1,1917.2,24,31.2,993,1640,0,0.00,0.00,0,0,0.00,0.00,0
2026-05-09 16:15:13,1,1,1,1917.2,24,31.2,993,1640,0,0.00,0.00,0,0,0.00,0.00,0
2026-05-09 16:15:13,1,1,1,1928.1,16,29.9,962,1671,0,0.00,0.00,0,0,0.00,0.00,0
2026-05-09 16:15:13,1,1,1,1928.1,16,29.9,962,1671,0,0.00,0.00,0,0,0.00,0.00,0
2026-05-09 16:15:13,1,1,1,1954.9,24,27.2,895,1738,0,0.00,0.00,0,0,0.00,0.00,0
2026-05-09 16:15:13,1,1,1,1968.3,24,24.7,823,1788,0,0.00,0.00,0,0,0.00,0.00,0
2026-05-09 16:15:13,1,1,1,1968.3,24,24.7,823,1788,0,0.00,0.00,0,0,0.00,0.00,0
2026-05-09 16:15:13,1,1,1,1968.9,16,21.6,724,1831,0,0.00,0.00,0,0,0.00,0.00,0
2026-05-09 16:15:13,1,1,1,1968.9,16,21.6,724,1831,0,0.00,0.00,0,0,0.00,0.00,0
2026-05-09 16:15:13,1,1,1,1981.2,-8,18.2,619,1882,0,0.00,0.00,0,0,0.00,0.00,0
2026-05-09 16:15:13,1,1,1,1981.2,-8,18.2,619,1882,0,0.00,0.00,0,0,0.00,0.00,0
2026-05-09 16:15:13,1,1,1,1988.3,8,15.3,524,1918,0,0.00,0.00,0,0,0.00,0.00,0
2026-05-09 16:15:13,1,1,1,1988.3,8,15.3,524,1918,0,0.00,0.00,0,0,0.00,0.00,0
2026-05-09 16:15:13,1,1,1,2008.7,0,12.2,426,1963,0,0.00,0.00,0,0,0.00,0.00,0
2026-05-09 16:15:14,1,1,1,2172.7,0,8.7,327,2148,0,0.00,0.00,0,0,0.00,0.00,0
2026-05-09 16:15:14,1,1,1,2172.7,0,8.7,327,2148,0,0.00,0.00,0,0,0.00,0.00,0
2026-05-09 16:15:14,1,1,1,2341.0,0,6.0,246,2328,0,0.00,0.00,0,1,2.33,0.32,18401
2026-05-09 16:15:14,1,1,1,2341.0,0,6.0,246,2328,0,0.00,0.00,0,1,2.33,0.32,18401
2026-05-09 16:15:14,1,1,1,2493.9,39,4.0,172,2488,1,2.34,0.40,20072,1,2.34,0.40,20072
2026-05-09 16:15:14,1,1,1,2493.9,39,4.0,172,2488,1,2.34,0.40,20072,1,2.34,0.40,20072
2026-05-09 16:15:14,1,1,1,2502.0,56,2.8,122,2499,1,2.38,0.40,20072,1,2.38,0.40,20072
2026-05-09 16:15:14,1,1,1,2477.9,48,1.5,66,2477,1,2.38,0.40,20072,1,2.38,0.40,20072
2026-05-09 16:15:14,1,1,1,2477.9,48,1.5,66,2477,1,2.38,0.40,20072,1,2.38,0.40,20072
2026-05-09 16:15:14,1,1,1,2445.1,0,0.4,16,2445,1,2.38,0.40,20072,1,2.38,0.40,20072
2026-05-09 16:15:14,1,1,1,2445.1,0,0.4,16,2445,1,2.38,0.40,20072,1,2.38,0.40,20072
2026-05-09 16:15:14,1,1,1,2530.0,0,0.1,4,2530,1,2.38,0.40,20072,1,2.38,0.40,20072
2026-05-09 16:15:14,1,1,1,2530.0,0,0.1,4,2530,1,2.38,0.40,20072,1,2.38,0.40,20072
2026-05-09 16:15:14,1,1,1,2630.1,0,-0.5,-21,2630,1,2.38,0.40,20072,1,2.38,0.40,20072
2026-05-09 16:15:14,1,1,1,2630.1,0,-0.5,-21,2630,1,2.38,0.40,20072,1,2.38,0.40,20072
2026-05-09 16:15:14,1,1,1,2718.9,-8,-1.5,-69,2718,1,2.38,0.40,20072,1,2.38,0.40,20072
2026-05-09 16:15:14,1,1,1,2827.2,0,-2.3,-111,2825,1,2.38,0.40,20072,1,2.38,0.40,20072
2026-05-09 16:15:14,1,1,1,2827.2,0,-2.3,-111,2825,1,2.38,0.40,20072,1,2.38,0.40,20072
2026-05-09 16:15:14,1,1,1,2928.9,0,-3.3,-169,2924,1,2.38,0.40,20072,1,2.38,0.40,20072
2026-05-09 16:15:14,1,1,1,2928.9,0,-3.3,-169,2924,1,0.00,0.00,0,0,0.00,0.00,0
2026-05-09 16:15:15,1,1,1,3009.5,0,-4.1,-213,3002,1,0.00,0.00,0,0,0.00,0.00,0
2026-05-09 16:15:15,1,1,1,3009.5,0,-4.1,-213,3002,1,0.00,0.00,0,0,0.00,0.00,0
2026-05-09 16:15:15,1,1,1,3067.0,16,-4.9,-260,3056,1,0.00,0.00,0,0,0.00,0.00,0
2026-05-09 16:15:15,1,1,1,2975.9,16,-6.1,-317,2959,1,0.00,0.00,0,0,0.00,0.00,0
2026-05-09 16:15:15,1,1,1,2975.9,16,-6.1,-317,2959,0,0.00,0.00,0,0,0.00,0.00,0
2026-05-09 16:15:15,1,1,1,2898.7,8,-7.3,-370,2875,0,0.00,0.00,0,0,0.00,0.00,0
2026-05-09 16:15:15,1,1,1,2898.7,8,-7.3,-370,2875,0,0.00,0.00,0,0,0.00,0.00,0
2026-05-09 16:15:15,1,1,1,2819.4,16,-8.8,-433,2786,0,0.00,0.00,0,0,0.00,0.00,0
2026-05-09 16:15:15,1,1,1,2819.4,16,-8.8,-433,2786,0,0.00,0.00,0,0,0.00,0.00,0
2026-05-09 16:15:15,1,1,1,2751.8,16,-10.2,-489,2708,0,0.00,0.00,0,0,0.00,0.00,0
2026-05-09 16:15:15,1,1,1,2751.8,16,-10.2,-489,2708,0,0.00,0.00,0,0,0.00,0.00,0
2026-05-09 16:15:15,1,1,1,2705.7,0,-11.8,-551,2649,0,0.00,0.00,0,0,0.00,0.00,0
2026-05-09 16:15:15,1,1,1,2692.8,0,-13.4,-622,2620,0,0.00,0.00,0,0,0.00,0.00,0
2026-05-09 16:15:15,1,1,1,2692.8,0,-13.4,-622,2620,0,0.00,0.00,0,0,0.00,0.00,0
2026-05-09 16:15:15,1,1,1,2676.4,-16,-14.8,-682,2588,0,0.00,0.00,0,0,0.00,0.00,0
2026-05-09 16:15:15,1,1,1,2676.4,-16,-14.8,-682,2588,0,0.00,0.00,0,0,0.00,0.00,0
2026-05-09 16:15:15,1,1,1,2669.9,-8,-16.0,-734,2567,0,0.00,0.00,0,0,0.00,0.00,0
2026-05-09 16:15:15,1,1,1,2669.9,-8,-16.0,-734,2567,0,0.00,0.00,0,0,0.00,0.00,0
2026-05-09 16:15:15,1,1,1,2662.0,0,-16.7,-764,2550,0,0.00,0.00,0,0,0.00,0.00,0
2026-05-09 16:15:15,1,1,1,2643.3,-56,-17.6,-801,2519,0,0.00,0.00,0,0,0.00,0.00,0
2026-05-09 16:15:16,1,1,1,2643.3,-56,-17.6,-801,2519,0,0.00,0.00,0,0,0.00,0.00,0
2026-05-09 16:15:16,1,1,1,2615.5,-56,-18.2,-819,2484,0,0.00,0.00,0,0,0.00,0.00,0
2026-05-09 16:15:16,1,1,1,2615.5,-56,-18.2,-819,2484,0,0.00,0.00,0,0,0.00,0.00,0
2026-05-09 16:15:16,1,1,1,2576.7,-72,-18.8,-831,2439,0,0.00,0.00,0,0,0.00,0.00,0
2026-05-09 16:15:16,1,1,1,2576.7,-72,-18.8,-831,2439,0,0.00,0.00,0,1,2.49,-0.70,6032
2026-05-09 16:15:16,1,1,1,2521.8,-64,-19.6,-845,2376,0,0.00,0.00,0,1,2.49,-0.70,6032
2026-05-09 16:15:16,1,1,1,2521.8,-64,-19.6,-845,2376,1,2.46,-0.70,4993,1,2.46,-0.70,4993
2026-05-09 16:15:16,1,1,1,2465.2,-72,-20.0,-842,2317,1,2.46,-0.70,4993,1,2.46,-0.70,4993
2026-05-09 16:15:16,1,1,1,2408.4,-56,-20.7,-851,2253,1,2.39,-0.70,4993,1,2.39,-0.70,4993
2026-05-09 16:15:16,1,1,1,2408.4,-56,-20.7,-851,2253,1,2.39,-0.70,4993,1,2.39,-0.70,4993
2026-05-09 16:15:16,1,1,1,2359.5,-56,-21.6,-868,2194,1,2.39,-0.70,4993,1,2.39,-0.70,4993
2026-05-09 16:15:16,1,1,1,2359.5,-56,-21.6,-868,2194,1,2.39,-0.70,4993,1,2.39,-0.70,4993
2026-05-09 16:15:16,1,1,1,2313.1,-56,-22.3,-878,2140,1,2.39,-0.70,4993,1,2.39,-0.70,4993
2026-05-09 16:15:16,1,1,1,2313.1,-56,-22.3,-878,2140,1,2.39,-0.70,4993,1,2.39,-0.70,4993
2026-05-09 16:15:16,1,1,1,2267.0,-64,-22.9,-883,2088,1,2.39,-0.70,4993,1,2.39,-0.70,4993
2026-05-09 16:15:16,1,1,1,2223.2,-72,-23.7,-893,2036,1,2.39,-0.70,4993,1,2.39,-0.70,4993
2026-05-09 16:15:16,1,1,1,2223.2,-72,-23.7,-893,2036,1,2.39,-0.70,4993,1,2.39,-0.70,4993
2026-05-09 16:15:16,1,1,1,2172.1,-56,-24.5,-902,1976,1,2.39,-0.70,4993,1,2.39,-0.70,4993
2026-05-09 16:15:16,1,1,1,2172.1,-56,-24.5,-902,1976,1,2.39,-0.70,4993,1,2.39,-0.70,4993
2026-05-09 16:15:16,1,1,1,2133.8,-72,-25.9,-931,1920,1,2.39,-0.70,4993,1,2.39,-0.70,4993
2026-05-09 16:15:17,1,1,1,2133.8,-72,-25.9,-931,1920,1,2.39,-0.70,4993,1,2.39,-0.70,4993
2026-05-09 16:15:17,1,1,1,2088.1,-56,-26.8,-943,1863,1,0.00,0.00,0,0,0.00,0.00,0
2026-05-09 16:15:17,1,1,1,2088.1,-56,-26.8,-943,1863,1,0.00,0.00,0,0,0.00,0.00,0
2026-05-09 16:15:17,1,1,1,2044.1,-48,-27.6,-948,1811,1,0.00,0.00,0,0,0.00,0.00,0
2026-05-09 16:15:17,1,1,1,1999.8,-32,-27.6,-927,1772,1,0.00,0.00,0,0,0.00,0.00,0
2026-05-09 16:15:17,1,1,1,1999.8,-32,-27.6,-927,1772,1,0.00,0.00,0,0,0.00,0.00,0
2026-05-09 16:15:17,1,1,1,1948.1,-48,-27.8,-909,1723,1,1.99,-0.47,33680,1,1.99,-0.47,33680
2026-05-09 16:15:17,1,1,1,1948.1,-48,-27.8,-909,1723,1,1.99,-0.47,33680,1,1.99,-0.47,33680
2026-05-09 16:15:17,1,1,1,1907.8,-48,-27.8,-889,1688,1,1.88,-0.57,20722,1,1.88,-0.57,20722
2026-05-09 16:15:17,1,1,1,1907.8,-48,-27.8,-889,1688,1,1.88,-0.57,20722,1,1.88,-0.57,20722
2026-05-09 16:15:17,1,1,1,1862.1,-56,-27.7,-867,1648,1,1.80,-0.54,34596,1,1.80,-0.54,34596
2026-05-09 16:15:17,1,1,1,1817.7,-39,-27.5,-840,1612,1,1.80,-0.54,34596,1,1.80,-0.54,34596
2026-05-09 16:15:17,1,1,1,1817.7,-39,-27.5,-840,1612,1,1.75,-0.51,16276,1,1.75,-0.51,16276
2026-05-09 16:15:17,1,1,1,1779.5,-32,-27.0,-807,1586,1,1.75,-0.51,16276,1,1.75,-0.51,16276
2026-05-09 16:15:17,1,1,1,1779.5,-32,-27.0,-807,1586,1,1.70,-0.51,16276,1,1.70,-0.51,16276
2026-05-09 16:15:17,1,1,1,1736.1,-39,-26.7,-780,1551,1,1.70,-0.51,16276,1,1.70,-0.51,16276
2026-05-09 16:15:17,1,1,1,1736.1,-39,-26.7,-780,1551,1,1.70,-0.51,16276,1,1.70,-0.51,16276
2026-05-09 16:15:17,1,1,1,1688.2,-48,-26.7,-759,1508,1,1.70,-0.51,16276,1,1.70,-0.51,16276
2026-05-09 16:15:17,1,1,1,1688.2,-48,-26.7,-759,1508,1,1.70,-0.51,16276,1,1.70,-0.51,16276
2026-05-09 16:15:17,1,1,1,1640.4,-48,-26.7,-736,1466,1,1.70,-0.51,16276,1,1.70,-0.51,16276
2026-05-09 16:15:18,1,1,1,1594.8,-16,-26.2,-704,1431,1,1.50,-0.46,20885,1,1.50,-0.46,20885
2026-05-09 16:15:18,1,1,1,1594.8,-16,-26.2,-704,1431,1,1.50,-0.46,20885,1,1.50,-0.46,20885
2026-05-09 16:15:18,1,1,1,1554.3,-16,-25.7,-673,1401,1,1.46,-0.46,20885,1,1.46,-0.46,20885
2026-05-09 16:15:18,1,1,1,1554.3,-16,-25.7,-673,1401,1,1.46,-0.46,20885,1,1.46,-0.46,20885
2026-05-09 16:15:18,1,1,1,1515.7,-16,-25.0,-640,1374,1,1.46,-0.46,20885,1,1.46,-0.46,20885
2026-05-09 16:15:18,1,1,1,1515.7,-16,-25.0,-640,1374,1,1.46,-0.46,20885,1,1.46,-0.46,20885
2026-05-09 16:15:18,1,1,1,1485.6,8,-23.8,-600,1359,1,1.46,-0.46,20885,1,1.46,-0.46,20885
2026-05-09 16:15:18,1,1,1,1485.6,8,-23.8,-600,1359,1,1.46,-0.46,20885,1,1.46,-0.46,20885
2026-05-09 16:15:18,1,1,1,1458.9,8,-22.5,-558,1348,1,1.46,-0.46,20885,1,1.46,-0.46,20885
2026-05-09 16:15:18,1,1,1,1431.1,72,-20.3,-497,1342,1,1.46,-0.46,20885,1,1.46,-0.46,20885
2026-05-09 16:15:18,1,1,1,1431.1,72,-20.3,-497,1342,1,1.57,0.79,12645,1,1.57,0.79,12645
2026-05-09 16:15:18,1,1,1,1426.8,64,-18.5,-453,1353,1,1.57,0.79,12645,1,1.57,0.79,12645
2026-05-09 16:15:18,1,1,1,1426.8,64,-18.5,-453,1353,1,2.41,0.43,2117,1,2.41,0.43,2117
2026-05-09 16:15:18,1,1,1,1444.0,72,-17.0,-422,1381,1,2.41,0.43,2117,1,2.41,0.43,2117
2026-05-09 16:15:18,1,1,1,1444.0,72,-17.0,-422,1381,1,2.46,0.43,2117,1,2.46,0.43,2117
2026-05-09 16:15:18,1,1,1,1475.1,56,-15.9,-403,1419,1,2.46,0.43,2117,1,2.46,0.43,2117
2026-05-09 16:15:18,1,1,1,1507.8,39,-14.9,-388,1457,1,2.46,0.43,2117,1,2.46,0.43,2117
2026-05-09 16:15:18,1,1,1,1507.8,39,-14.9,-388,1457,0,0.00,0.00,0,1,2.46,0.43,2117
2026-05-09 16:15:18,1,1,1,1545.9,39,-14.2,-378,1499,0,0.00,0.00,0,1,2.46,0.43,2117
2026-05-09 16:15:18,1,1,1,1545.9,39,-14.2,-378,1499,0,0.00,0.00,0,1,2.46,0.43,2117
2026-05-09 16:15:19,1,1,1,1584.6,56,-13.5,-369,1541,0,0.00,0.00,0,1,2.46,0.43,2117
2026-05-09 16:15:19,1,1,1,1584.6,56,-13.5,-369,1541,0,0.00,0.00,0,1,2.46,0.43,2117
2026-05-09 16:15:19,1,1,1,1621.3,64,-12.3,-346,1584,0,0.00,0.00,0,1,1.99,0.50,42305
2026-05-09 16:15:19,1,1,1,1621.3,64,-12.3,-346,1584,0,0.00,0.00,0,1,1.99,0.50,42305
2026-05-09 16:15:19,1,1,1,1668.6,64,-11.3,-328,1636,1,2.04,0.50,42305,1,2.04,0.50,42305
2026-05-09 16:15:19,1,1,1,1714.8,56,-10.1,-302,1688,1,2.04,0.50,42305,1,2.04,0.50,42305
2026-05-09 16:15:19,1,1,1,1714.8,56,-10.1,-302,1688,1,2.04,0.50,42305,1,2.04,0.50,42305
2026-05-09 16:15:19,1,1,1,1773.5,0,-8.9,-275,1752,1,2.04,0.50,42305,1,2.04,0.50,42305
2026-05-09 16:15:19,1,1,1,1773.5,0,-8.9,-275,1752,1,2.04,0.50,42305,1,2.04,0.50,42305
2026-05-09 16:15:19,1,1,1,1829.4,48,-7.4,-237,1814,1,2.04,0.50,42305,1,2.04,0.50,42305
2026-05-09 16:15:19,1,1,1,1829.4,48,-7.4,-237,1814,1,2.04,0.50,42305,1,2.04,0.50,42305
2026-05-09 16:15:19,1,1,1,1883.9,48,-6.4,-211,1872,1,2.04,0.50,42305,1,2.04,0.50,42305
2026-05-09 16:15:19,1,1,1,1925.2,24,-5.3,-178,1917,1,2.04,0.50,42305,1,2.04,0.50,42305
2026-05-09 16:15:19,1,1,1,1925.2,24,-5.3,-178,1917,1,2.04,0.50,42305,1,2.04,0.50,42305
2026-05-09 16:15:19,1,1,1,1962.7,39,-4.4,-150,1957,1,2.04,0.50,42305,1,2.04,0.50,42305
2026-05-09 16:15:19,1,1,1,1962.7,39,-4.4,-150,1957,1,2.04,0.50,42305,1,2.04,0.50,42305
2026-05-09 16:15:19,1,1,1,2019.6,16,-3.4,-121,2016,1,2.04,0.50,42305,1,2.04,0.50,42305
2026-05-09 16:15:19,1,1,1,2019.6,16,-3.4,-121,2016,1,0.00,0.00,0,0,0.00,0.00,0
2026-05-09 16:15:19,1,1,1,2058.8,24,-2.4,-85,2057,1,2.27,0.46,8186,1,2.27,0.46,8186
2026-05-09 16:15:19,1,1,1,2058.8,24,-2.4,-85,2057,1,2.27,0.46,8186,1,2.27,0.46,8186
2026-05-09 16:15:20,1,1,1,2088.7,39,-1.5,-54,2088,1,2.32,0.46,8186,1,2.32,0.46,8186
2026-05-09 16:15:20,1,1,1,2124.2,0,-0.7,-27,2124,1,2.32,0.46,8186,1,2.32,0.46,8186
2026-05-09 16:15:20,1,1,1,2124.2,0,-0.7,-27,2124,1,2.32,0.46,8186,1,2.32,0.46,8186
2026-05-09 16:15:20,1,1,1,2269.6,0,-1.3,-52,2269,1,2.32,0.46,8186,1,2.32,0.46,8186
2026-05-09 16:15:20,1,1,1,2269.6,0,-1.3,-52,2269,1,2.32,0.46,8186,1,2.32,0.46,8186
2026-05-09 16:15:20,1,1,1,2416.1,0,-2.4,-101,2414,1,2.32,0.46,8186,1,2.32,0.46,8186
2026-05-09 16:15:20,1,1,1,2416.1,0,-2.4,-101,2414,1,2.32,0.46,8186,1,2.32,0.46,8186
2026-05-09 16:15:20,1,1,1,2554.1,0,-3.2,-144,2550,1,2.32,0.46,8186,1,2.32,0.46,8186
2026-05-09 16:15:20,1,1,1,2659.6,0,-3.7,-172,2654,1,2.32,0.46,8186,1,2.32,0.46,8186
2026-05-09 16:15:20,1,1,1,2659.6,0,-3.7,-172,2654,1,2.32,0.46,8186,1,2.32,0.46,8186
2026-05-09 16:15:20,1,1,1,2741.4,-8,-3.9,-187,2735,1,2.32,0.46,8186,1,2.32,0.46,8186
2026-05-09 16:15:20,1,1,1,2741.4,-8,-3.9,-187,2735,1,2.32,0.46,8186,1,2.32,0.46,8186
2026-05-09 16:15:20,1,1,1,2795.1,0,-3.5,-169,2790,1,2.32,0.46,8186,1,2.32,0.46,8186
2026-05-09 16:15:20,1,1,1,2795.1,0,-3.5,-169,2790,1,0.00,0.00,0,0,0.00,0.00,0
2026-05-09 16:15:20,1,1,1,2797.6,-16,-2.5,-121,2795,1,0.00,0.00,0,0,0.00,0.00,0
2026-05-09 16:15:20,1,1,1,2797.6,-16,-2.5,-121,2795,1,0.00,0.00,0,0,0.00,0.00,0
2026-05-09 16:15:20,1,1,1,2726.7,-8,-1.3,-60,2726,1,0.00,0.00,0,0,0.00,0.00,0
2026-05-09 16:15:20,1,1,1,2643.1,-16,0.5,25,2643,1,0.00,0.00,0,0,0.00,0.00,0
2026-05-09 16:15:20,1,1,1,2643.1,-16,0.5,25,2643,0,0.00,0.00,0,0,0.00,0.00,0
2026-05-09 16:15:20,1,1,1,2556.5,-32,2.5,113,2554,0,0.00,0.00,0,0,0.00,0.00,0
2026-05-09 16:15:21,1,1,1,2556.5,-32,2.5,113,2554,0,0.00,0.00,0,0,0.00,0.00,0
2026-05-09 16:15:21,1,1,1,2487.9,-24,4.3,185,2481,0,0.00,0.00,0,0,0.00,0.00,0
2026-05-09 16:15:21,1,1,1,2487.9,-24,4.3,185,2481,0,0.00,0.00,0,0,0.00,0.00,0
2026-05-09 16:15:21,1,1,1,2435.1,-32,5.7,242,2423,0,0.00,0.00,0,0,0.00,0.00,0
2026-05-09 16:15:21,1,1,1,2391.1,-64,7.6,317,2370,0,0.00,0.00,0,0,0.00,0.00,0
2026-05-09 16:15:21,1,1,1,2391.1,-64,7.6,317,2370,0,0.00,0.00,0,0,0.00,0.00,0
2026-05-09 16:15:21,1,1,1,2353.6,-56,9.2,378,2323,0,0.00,0.00,0,0,0.00,0.00,0
2026-05-09 16:15:21,1,1,1,2353.6,-56,9.2,378,2323,0,0.00,0.00,0,0,0.00,0.00,0
2026-05-09 16:15:21,1,1,1,2308.6,-64,10.1,404,2273,0,0.00,0.00,0,0,0.00,0.00,0
2026-05-09 16:15:21,1,1,1,2308.6,-64,10.1,404,2273,0,0.00,0.00,0,0,0.00,0.00,0
2026-05-09 16:15:21,1,1,1,2262.0,-88,11.3,444,2218,0,0.00,0.00,0,0,0.00,0.00,0
2026-05-09 16:15:21,1,1,1,2262.0,-88,11.3,444,2218,0,0.00,0.00,0,0,0.00,0.00,0
2026-05-09 16:15:21,1,1,1,2218.6,-56,12.3,471,2168,0,0.00,0.00,0,1,2.00,-0.94,3029
2026-05-09 16:15:21,1,1,1,2174.4,-72,13.8,517,2112,0,0.00,0.00,0,1,2.00,-0.94,3029
2026-05-09 16:15:21,1,1,1,2174.4,-72,13.8,517,2112,1,2.59,-0.43,3393,1,2.59,-0.43,3393
2026-05-09 16:15:21,1,1,1,2132.5,-72,15.4,566,2056,1,2.59,-0.43,3393,1,2.59,-0.43,3393
2026-05-09 16:15:21,1,1,1,2132.5,-72,15.4,566,2056,1,2.55,-0.43,3393,1,2.55,-0.43,3393
2026-05-09 16:15:21,1,1,1,2070.4,-79,16.6,592,1984,1,2.55,-0.43,3393,1,2.55,-0.43,3393
2026-05-09 16:15:21,1,1,1,2070.4,-79,16.6,592,1984,1,2.55,-0.43,3393,1,2.55,-0.43,3393
2026-05-09 16:15:21,1,1,1,2008.8,-79,16.9,584,1922,1,2.55,-0.43,3393,1,2.55,-0.43,3393
2026-05-09 16:15:22,1,1,1,2008.8,-79,16.9,584,1922,1,2.55,-0.43,3393,1,2.55,-0.43,3393
2026-05-09 16:15:22,1,1,1,1951.7,-72,17.5,588,1861,1,2.55,-0.43,3393,1,2.55,-0.43,3393
2026-05-09 16:15:22,1,1,1,1900.5,-48,18.2,595,1805,1,1.75,-0.48,56906,1,1.75,-0.48,56906
2026-05-09 16:15:22,1,1,1,1900.5,-48,18.2,595,1805,1,1.75,-0.48,56906,1,1.75,-0.48,56906
2026-05-09 16:15:22,1,1,1,1848.4,-56,18.2,577,1756,1,1.72,-0.48,26937,1,1.72,-0.48,26937
2026-05-09 16:15:22,1,1,1,1848.4,-56,18.2,577,1756,1,1.72,-0.48,26937,1,1.72,-0.48,26937
2026-05-09 16:15:22,1,1,1,1790.8,-56,18.4,566,1699,1,1.67,-0.48,26937,1,1.67,-0.48,26937
2026-05-09 16:15:22,1,1,1,1790.8,-56,18.4,566,1699,1,1.67,-0.48,26937,1,1.67,-0.48,26937
2026-05-09 16:15:22,1,1,1,1735.9,-48,19.0,566,1641,1,2.20,-0.22,1042,1,2.20,-0.22,1042
2026-05-09 16:15:22,1,1,1,1678.1,-72,19.3,554,1584,1,2.20,-0.22,1042,1,2.20,-0.22,1042
2026-05-09 16:15:22,1,1,1,1678.1,-72,19.3,554,1584,1,2.18,-0.22,1042,1,2.18,-0.22,1042
2026-05-09 16:15:22,1,1,1,1616.0,-72,19.1,529,1527,1,2.18,-0.22,1042,1,2.18,-0.22,1042
2026-05-09 16:15:22,1,1,1,1616.0,-72,19.1,529,1527,1,2.18,-0.22,1042,1,2.18,-0.22,1042
2026-05-09 16:15:22,1,1,1,1554.6,-64,18.8,500,1472,0,0.00,0.00,0,1,2.18,-0.22,1042
2026-05-09 16:15:22,1,1,1,1554.6,-64,18.8,500,1472,0,0.00,0.00,0,1,2.18,-0.22,1042
2026-05-09 16:15:22,1,1,1,1497.3,-56,18.4,472,1421,0,0.00,0.00,0,1,2.18,-0.22,1042
2026-05-09 16:15:22,1,1,1,1497.3,-56,18.4,472,1421,0,0.00,0.00,0,1,2.18,-0.22,1042
2026-05-09 16:15:22,1,1,1,1441.9,-39,17.5,434,1375,0,0.00,0.00,0,1,2.18,-0.22,1042
2026-05-09 16:15:22,1,1,1,1389.7,-39,16.9,403,1330,0,0.00,0.00,0,1,1.25,-0.24,20025
2026-05-09 16:15:22,1,1,1,1389.7,-39,16.9,403,1330,0,0.00,0.00,0,1,1.25,-0.24,20025
2026-05-09 16:15:23,1,1,1,1341.9,-24,16.4,380,1287,1,1.11,-0.24,33680,1,1.11,-0.24,33680
2026-05-09 16:15:23,1,1,1,1341.9,-24,16.4,380,1287,1,1.11,-0.24,33680,1,1.11,-0.24,33680
2026-05-09 16:15:23,1,1,1,1289.8,8,15.1,337,1245,1,1.81,-0.09,3133,1,1.81,-0.09,3133
2026-05-09 16:15:23,1,1,1,1289.8,8,15.1,337,1245,1,1.81,-0.09,3133,1,1.81,-0.09,3133
2026-05-09 16:15:23,1,1,1,1231.0,32,13.3,283,1198,1,1.80,-0.09,3133,1,1.80,-0.09,3133
2026-05-09 16:15:23,1,1,1,1184.0,56,11.1,227,1162,1,1.80,-0.09,3133,1,1.80,-0.09,3133
2026-05-09 16:15:23,1,1,1,1184.0,56,11.1,227,1162,1,1.80,-0.09,3133,1,1.80,-0.09,3133
2026-05-09 16:15:23,1,1,1,1168.6,24,9.1,184,1154,1,1.80,-0.09,3133,1,1.80,-0.09,3133
2026-05-09 16:15:23,1,1,1,1168.6,24,9.1,184,1154,1,1.80,-0.09,3133,1,1.80,-0.09,3133
2026-05-09 16:15:23,1,1,1,1168.9,16,7.1,144,1160,1,1.80,-0.09,3133,1,1.80,-0.09,3133
2026-05-09 16:15:23,1,1,1,1168.9,16,7.1,144,1160,1,3.17,0.01,5153,1,3.17,0.01,5153
2026-05-09 16:15:23,1,1,1,1178.3,16,4.9,101,1174,1,3.17,0.01,5153,1,3.17,0.01,5153
2026-05-09 16:15:23,1,1,1,1178.3,16,4.9,101,1174,1,2.23,0.07,47482,1,2.23,0.07,47482
2026-05-09 16:15:23,1,1,1,1186.1,24,2.5,51,1185,1,2.23,0.07,47482,1,2.23,0.07,47482
2026-05-09 16:15:23,1,1,1,1199.0,24,0.0,0,1199,1,2.24,0.07,47482,1,2.24,0.07,47482
2026-05-09 16:15:23,1,1,1,1199.0,24,0.0,0,1199,1,2.24,0.07,47482,1,2.24,0.07,47482
2026-05-09 16:15:23,1,1,1,1217.9,32,-2.2,-46,1217,1,2.00,0.09,24713,1,2.00,0.09,24713
2026-05-09 16:15:33,1,1,1,1944.0,24,-33.5,-1073,1621,1,2.13,0.39,15076,1,2.13,0.39,15076
2026-05-09 16:15:33,1,1,1,1944.0,24,-33.5,-1073,1621,1,2.13,0.39,15076,1,2.13,0.39,15076
2026-05-09 16:15:33,1,1,1,1977.1,39,-33.0,-1077,1658,1,2.13,0.39,15076,1,2.13,0.39,15076
2026-05-09 16:15:34,1,1,1,1977.1,39,-33.0,-1077,1658,1,2.13,0.39,15076,1,2.13,0.39,15076
2026-05-09 16:15:34,1,1,1,2003.3,16,-31.8,-1055,1703,1,2.13,0.39,15076,1,2.13,0.39,15076
2026-05-09 16:15:34,1,1,1,2003.3,16,-31.8,-1055,1703,1,2.13,0.39,15076,1,2.13,0.39,15076
2026-05-09 16:15:34,1,1,1,2026.8,16,-30.7,-1036,1742,1,2.13,0.39,15076,1,2.13,0.39,15076
2026-05-09 16:15:34,1,1,1,2047.9,8,-29.6,-1011,1781,1,2.25,0.23,8793,1,2.25,0.23,8793
2026-05-09 16:15:34,1,1,1,2047.9,8,-29.6,-1011,1781,1,2.25,0.23,8793,1,2.25,0.23,8793
2026-05-09 16:15:34,1,1,1,2070.2,32,-28.7,-994,1816,1,2.27,0.23,8793,1,2.27,0.23,8793
2026-05-09 16:15:34,1,1,1,2070.2,32,-28.7,-994,1816,1,2.27,0.23,8793,1,2.27,0.23,8793
2026-05-09 16:15:34,1,1,1,2093.3,32,-28.1,-987,1846,1,2.28,0.25,6154,1,2.28,0.25,6154
2026-05-09 16:15:34,1,1,1,2093.3,32,-28.1,-987,1846,1,2.28,0.25,6154,1,2.28,0.25,6154
2026-05-09 16:15:34,1,1,1,2117.3,32,-27.4,-974,1880,1,2.30,0.28,10114,1,2.30,0.28,10114
2026-05-09 16:15:34,1,1,1,2151.1,0,-26.8,-970,1920,1,2.30,0.28,10114,1,2.30,0.28,10114
2026-05-09 16:15:34,1,1,1,2151.1,0,-26.8,-970,1920,1,2.33,0.28,10114,1,2.33,0.28,10114
2026-05-09 16:15:34,1,1,1,2191.9,48,-25.9,-959,1971,1,2.33,0.28,10114,1,2.33,0.28,10114
2026-05-09 16:15:34,1,1,1,2191.9,48,-25.9,-959,1971,1,2.33,0.28,10114,1,2.33,0.28,10114
2026-05-09 16:15:34,1,1,1,2250.1,0,-25.2,-958,2036,1,2.33,0.28,10114,1,2.33,0.28,10114
2026-05-09 16:15:34,1,1,1,2250.1,0,-25.2,-958,2036,1,2.33,0.28,10114,1,2.33,0.28,10114
2026-05-09 16:15:34,1,1,1,2411.1,0,-25.8,-1051,2170,1,2.33,0.28,10114,1,2.33,0.28,10114
2026-05-09 16:15:34,1,1,1,2411.1,0,-25.8,-1051,2170,1,2.33,0.28,10114,1,2.33,0.28,10114
2026-05-09 16:15:34,1,1,1,2569.8,0,-26.1,-1132,2307,1,2.33,0.28,10114,1,2.33,0.28,10114
2026-05-09 16:15:35,1,1,1,2679.4,8,-25.4,-1148,2421,1,2.33,0.28,10114,1,2.33,0.28,10114
2026-05-09 16:15:35,1,1,1,2679.4,8,-25.4,-1148,2421,1,2.33,0.28,10114,1,2.33,0.28,10114
2026-05-09 16:15:35,1,1,1,2734.1,32,-24.3,-1127,2491,1,2.33,0.28,10114,1,2.33,0.28,10114
2026-05-09 16:15:35,1,1,1,2734.1,32,-24.3,-1127,2491,1,2.33,0.28,10114,1,2.33,0.28,10114
2026-05-09 16:15:35,1,1,1,2688.2,-8,-22.6,-1035,2481,1,2.33,0.28,10114,1,2.33,0.28,10114
2026-05-09 16:15:35,1,1,1,2688.2,-8,-22.6,-1035,2481,1,0.00,0.00,0,0,0.00,0.00,0
2026-05-09 16:15:35,1,1,1,2653.1,-8,-20.9,-948,2478,1,0.00,0.00,0,0,0.00,0.00,0
2026-05-09 16:15:35,1,1,1,2653.1,-8,-20.9,-948,2478,1,0.00,0.00,0,0,0.00,0.00,0
2026-05-09 16:15:35,1,1,1,2625.4,-8,-18.8,-844,2486,1,0.00,0.00,0,0,0.00,0.00,0
2026-05-09 16:15:35,1,1,1,2617.6,0,-16.7,-753,2507,1,0.00,0.00,0,0,0.00,0.00,0
2026-05-09 16:15:35,1,1,1,2617.6,0,-16.7,-753,2507,0,0.00,0.00,0,0,0.00,0.00,0
2026-05-09 16:15:35,1,1,1,2638.9,0,-15.5,-705,2543,0,0.00,0.00,0,0,0.00,0.00,0
2026-05-09 16:15:35,1,1,1,2638.9,0,-15.5,-705,2543,0,0.00,0.00,0,0,0.00,0.00,0
2026-05-09 16:15:35,1,1,1,2635.9,-8,-14.1,-640,2557,0,0.00,0.00,0,0,0.00,0.00,0
2026-05-09 16:15:35,1,1,1,2635.9,-8,-14.1,-640,2557,0,0.00,0.00,0,0,0.00,0.00,0
2026-05-09 16:15:35,1,1,1,2666.0,0,-12.9,-594,2599,0,0.00,0.00,0,0,0.00,0.00,0
2026-05-09 16:15:35,1,1,1,2732.7,0,-11.3,-534,2680,0,0.00,0.00,0,0,0.00,0.00,0
2026-05-09 16:15:35,1,1,1,2732.7,0,-11.3,-534,2680,0,0.00,0.00,0,0,0.00,0.00,0
2026-05-09 16:15:35,1,1,1,2790.0,0,-9.5,-459,2752,0,0.00,0.00,0,0,0.00,0.00,0
2026-05-09 16:15:35,1,1,1,2790.0,0,-9.5,-459,2752,0,0.00,0.00,0,0,0.00,0.00,0
2026-05-09 16:15:36,1,1,1,2826.9,16,-7.8,-382,2801,0,0.00,0.00,0,0,0.00,0.00,0
2026-05-09 16:15:36,1,1,1,2826.9,16,-7.8,-382,2801,0,0.00,0.00,0,0,0.00,0.00,0
2026-05-09 16:15:36,1,1,1,2877.5,0,-6.7,-334,2858,0,0.00,0.00,0,0,0.00,0.00,0
2026-05-09 16:15:36,1,1,1,2877.5,0,-6.7,-334,2858,0,0.00,0.00,0,0,0.00,0.00,0
2026-05-09 16:15:36,1,1,1,2904.5,8,-5.5,-280,2891,0,0.00,0.00,0,1,2.52,0.24,4001
2026-05-09 16:15:36,1,1,1,2919.2,0,-4.6,-232,2910,0,0.00,0.00,0,1,2.52,0.24,4001
2026-05-09 16:15:36,1,1,1,2919.2,0,-4.6,-232,2910,1,2.54,0.24,4001,1,2.54,0.24,4001
2026-05-09 16:15:36,1,1,1,2921.8,0,-3.6,-184,2916,1,2.54,0.24,4001,1,2.54,0.24,4001
2026-05-09 16:15:36,1,1,1,2921.8,0,-3.6,-184,2916,1,2.54,0.24,4001,1,2.54,0.24,4001
2026-05-09 16:15:36,1,1,1,2928.1,0,-3.0,-154,2924,1,2.54,0.24,4001,1,2.54,0.24,4001
2026-05-09 16:15:36,1,1,1,2928.1,0,-3.0,-154,2924,1,2.54,0.24,4001,1,2.54,0.24,4001
2026-05-09 16:15:36,1,1,1,2914.2,-32,-2.2,-113,2912,1,2.54,0.24,4001,1,2.54,0.24,4001
2026-05-09 16:15:36,1,1,1,2813.3,-39,-0.9,-42,2813,1,2.54,0.24,4001,1,2.54,0.24,4001
2026-05-09 16:15:36,1,1,1,2813.3,-39,-0.9,-42,2813,1,2.54,0.24,4001,1,2.54,0.24,4001
2026-05-09 16:15:36,1,1,1,2710.3,-39,0.9,42,2710,1,2.54,0.24,4001,1,2.54,0.24,4001
2026-05-09 16:15:36,1,1,1,2710.3,-39,0.9,42,2710,1,2.54,0.24,4001,1,2.54,0.24,4001
2026-05-09 16:15:36,1,1,1,2618.3,-24,3.3,150,2614,1,2.54,0.24,4001,1,2.54,0.24,4001
2026-05-09 16:15:36,1,1,1,2618.3,-24,3.3,150,2614,1,2.54,0.24,4001,1,2.54,0.24,4001
2026-05-09 16:15:36,1,1,1,2533.7,-79,5.7,253,2521,1,2.54,0.24,4001,1,2.54,0.24,4001
2026-05-09 16:15:36,1,1,1,2533.7,-79,5.7,253,2521,1,0.00,0.00,0,0,0.00,0.00,0
2026-05-09 16:15:37,1,1,1,2461.8,-32,7.8,334,2439,1,0.00,0.00,0,0,0.00,0.00,0
2026-05-09 16:15:37,1,1,1,2401.6,-32,9.3,388,2370,1,0.00,0.00,0,0,0.00,0.00,0
2026-05-09 16:15:37,1,1,1,2401.6,-32,9.3,388,2370,1,0.00,0.00,0,0,0.00,0.00,0
2026-05-09 16:15:37,1,1,1,2358.0,-39,10.7,438,2317,1,0.00,0.00,0,0,0.00,0.00,0
2026-05-09 16:15:37,1,1,1,2358.0,-39,10.7,438,2317,0,0.00,0.00,0,0,0.00,0.00,0
2026-05-09 16:15:37,1,1,1,2326.2,-39,12.2,490,2274,0,0.00,0.00,0,0,0.00,0.00,0
2026-05-09 16:15:37,1,1,1,2326.2,-39,12.2,490,2274,0,0.00,0.00,0,0,0.00,0.00,0
2026-05-09 16:15:37,1,1,1,2298.5,-48,14.1,561,2229,0,0.00,0.00,0,0,0.00,0.00,0
2026-05-09 16:15:37,1,1,1,2265.9,-39,16.2,632,2176,0,0.00,0.00,0,0,0.00,0.00,0
2026-05-09 16:15:37,1,1,1,2265.9,-39,16.2,632,2176,0,0.00,0.00,0,0,0.00,0.00,0
2026-05-09 16:15:37,1,1,1,2228.8,-72,18.2,697,2117,0,0.00,0.00,0,0,0.00,0.00,0
2026-05-09 16:15:37,1,1,1,2228.8,-72,18.2,697,2117,0,0.00,0.00,0,0,0.00,0.00,0
2026-05-09 16:15:37,1,1,1,2190.3,-24,19.6,733,2064,0,0.00,0.00,0,0,0.00,0.00,0
2026-05-09 16:15:37,1,1,1,2190.3,-24,19.6,733,2064,0,0.00,0.00,0,0,0.00,0.00,0
2026-05-09 16:15:37,1,1,1,2151.9,-64,21.4,784,2004,0,0.00,0.00,0,0,0.00,0.00,0
2026-05-09 16:15:37,1,1,1,2151.9,-64,21.4,784,2004,0,0.00,0.00,0,0,0.00,0.00,0
2026-05-09 16:15:37,1,1,1,2110.1,-64,22.6,811,1948,0,0.00,0.00,0,0,0.00,0.00,0
2026-05-09 16:15:37,1,1,1,2066.3,-72,23.6,826,1894,0,0.00,0.00,0,0,0.00,0.00,0
2026-05-09 16:15:37,1,1,1,2066.3,-72,23.6,826,1894,0,0.00,0.00,0,0,0.00,0.00,0
2026-05-09 16:15:37,1,1,1,2012.8,-88,25.0,851,1824,0,0.00,0.00,0,0,0.00,0.00,0
2026-05-09 16:15:38,1,1,1,2012.8,-88,25.0,851,1824,0,0.00,0.00,0,1,1.83,-0.72,22212
2026-05-09 16:15:38,1,1,1,1959.3,-79,26.0,859,1761,0,0.00,0.00,0,1,1.83,-0.72,22212
2026-05-09 16:15:38,1,1,1,1959.3,-79,26.0,859,1761,1,1.75,-0.72,22212,1,1.75,-0.72,22212
2026-05-09 16:15:38,1,1,1,1910.1,-48,26.5,851,1710,1,1.75,-0.72,22212,1,1.75,-0.72,22212
2026-05-09 16:15:38,1,1,1,1868.5,-72,26.3,828,1675,1,1.73,-0.68,29290,1,1.73,-0.68,29290
2026-05-09 16:15:38,1,1,1,1868.5,-72,26.3,828,1675,1,1.73,-0.68,29290,1,1.73,-0.68,29290
2026-05-09 16:15:38,1,1,1,1826.9,-64,26.4,813,1636,1,1.66,-0.68,29290,1,1.66,-0.68,29290
2026-05-09 16:15:38,1,1,1,1826.9,-64,26.4,813,1636,1,-326.02,-0.68,29290,1,-326.02,-0.68,29290
2026-05-09 16:15:38,1,1,1,1778.6,-56,26.5,793,1592,1,-326.02,-0.68,29290,1,-326.02,-0.68,29290
2026-05-09 16:15:38,1,1,1,1778.6,-56,26.5,793,1592,1,-326.02,-0.68,29290,1,-326.02,-0.68,29290
2026-05-09 16:15:38,1,1,1,1726.3,-64,26.9,782,1539,1,-326.02,-0.68,29290,1,-326.02,-0.68,29290
2026-05-09 16:15:38,1,1,1,1726.3,-64,26.9,782,1539,1,-326.02,-0.68,29290,1,-326.02,-0.68,29290
2026-05-09 16:15:38,1,1,1,1668.3,-79,27.5,770,1480,0,0.00,0.00,0,1,-326.02,-0.68,29290
2026-05-09 16:15:38,1,1,1,1614.0,-48,27.9,756,1426,0,0.00,0.00,0,1,-326.02,-0.68,29290
2026-05-09 16:15:38,1,1,1,1614.0,-48,27.9,756,1426,0,0.00,0.00,0,1,-326.02,-0.68,29290
2026-05-09 16:15:38,1,1,1,1567.5,-32,27.9,734,1385,0,0.00,0.00,0,1,-326.02,-0.68,29290
2026-05-09 16:15:38,1,1,1,1567.5,-32,27.9,734,1385,0,0.00,0.00,0,1,-326.02,-0.68,29290
2026-05-09 16:15:38,1,1,1,1521.8,-32,27.8,710,1346,0,0.00,0.00,0,1,-326.02,-0.68,29290
2026-05-09 16:15:38,1,1,1,1521.8,-32,27.8,710,1346,0,0.00,0.00,0,1,-326.02,-0.68,29290
2026-05-09 16:15:38,1,1,1,1472.7,-32,27.9,690,1301,0,0.00,0.00,0,0,0.00,0.00,0
2026-05-09 16:15:39,1,1,1,1420.4,-32,28.6,680,1247,0,0.00,0.00,0,0,0.00,0.00,0
2026-05-09 16:15:39,1,1,1,1420.4,-32,28.6,680,1247,0,0.00,0.00,0,0,0.00,0.00,0
2026-05-09 16:15:39,1,1,1,1373.7,-24,29.4,674,1197,0,0.00,0.00,0,0,0.00,0.00,0
2026-05-09 16:15:39,1,1,1,1373.7,-24,29.4,674,1197,0,0.00,0.00,0,0,0.00,0.00,0
2026-05-09 16:15:39,1,1,1,1328.0,-16,29.3,650,1158,0,0.00,0.00,0,0,0.00,0.00,0
2026-05-09 16:15:39,1,1,1,1328.0,-16,29.3,650,1158,0,0.00,0.00,0,0,0.00,0.00,0
2026-05-09 16:15:39,1,1,1,1291.9,-8,28.6,619,1134,0,0.00,0.00,0,1,1.24,0.00,7737
2026-05-09 16:15:39,1,1,1,1291.9,-8,28.6,619,1134,0,0.00,0.00,0,1,1.24,0.00,7737
2026-05-09 16:15:39,1,1,1,1261.3,0,27.6,584,1118,1,1.24,0.00,58868,1,1.24,0.00,58868
2026-05-09 16:15:39,1,1,1,1234.8,0,26.3,547,1107,1,1.24,0.00,58868,1,1.24,0.00,58868
2026-05-09 16:15:39,1,1,1,1234.8,0,26.3,547,1107,1,1.25,0.00,23389,1,1.25,0.00,23389
2026-05-09 16:15:39,1,1,1,1216.0,0,24.9,512,1103,1,1.25,0.00,23389,1,1.25,0.00,23389
2026-05-09 16:15:39,1,1,1,1216.0,0,24.9,512,1103,1,1.75,0.07,5629,1,1.75,0.07,5629
2026-05-09 16:15:39,1,1,1,1191.9,-39,23.4,473,1094,1,1.75,0.07,5629,1,1.75,0.07,5629
2026-05-09 16:15:39,1,1,1,1191.9,-39,23.4,473,1094,1,2.06,0.11,3530,1,2.06,0.11,3530
2026-05-09 16:15:39,1,1,1,1164.7,-39,21.7,431,1082,1,2.06,0.11,3530,1,2.06,0.11,3530
2026-05-09 16:15:39,1,1,1,1164.7,-39,21.7,431,1082,1,1.88,0.00,54738,1,1.88,0.00,54738
2026-05-09 16:15:39,1,1,1,1137.8,-39,19.9,387,1070,1,1.88,0.00,54738,1,1.88,0.00,54738
2026-05-09 16:15:39,1,1,1,1113.8,-39,18.0,345,1059,1,1.88,0.00,54738,1,1.88,0.00,54738
2026-05-09 16:15:39,1,1,1,1113.8,-39,18.0,345,1059,1,1.88,0.00,54738,1,1.88,0.00,54738
2026-05-09 16:15:40,1,1,1,1089.7,16,15.1,284,1052,1,1.88,0.00,54738,1,1.88,0.00,54738
2026-05-09 16:15:40,1,1,1,1089.7,16,15.1,284,1052,1,1.88,0.00,54738,1,1.88,0.00,54738
2026-05-09 16:15:40,1,1,1,1073.0,16,11.6,216,1051,1,1.88,0.00,54738,1,1.88,0.00,54738
2026-05-09 16:15:40,1,1,1,1073.0,16,11.6,216,1051,1,1.88,0.00,54738,1,1.88,0.00,54738
2026-05-09 16:15:40,1,1,1,1060.8,24,7.8,144,1051,1,1.88,0.00,54738,1,1.88,0.00,54738
2026-05-09 16:15:40,1,1,1,1054.3,32,3.8,70,1052,1,1.88,0.00,54738,1,1.88,0.00,54738
2026-05-09 16:15:40,1,1,1,1054.3,32,3.8,70,1052,1,3.25,0.02,6260,1,3.25,0.02,6260
2026-05-09 16:15:40,1,1,1,1061.0,16,0.4,7,1061,1,3.25,0.02,6260,1,3.25,0.02,6260
2026-05-09 16:15:40,1,1,1,1061.0,16,0.4,7,1061,1,2.27,0.09,39444,1,2.27,0.09,39444
2026-05-09 16:15:40,1,1,1,1081.8,24,-2.2,-41,1081,1,-71.97,-71.97,58339,1,-71.97,-71.97,58339
2026-05-09 16:15:40,1,1,1,1081.8,24,-2.2,-41,1081,1,2.60,0.10,1280,1,2.60,0.10,1280
2026-05-09 16:15:40,1,1,1,1106.2,32,-4.4,-84,1103,1,2.60,0.10,1280,1,2.60,0.10,1280
2026-05-09 16:15:40,1,1,1,1106.2,32,-4.4,-84,1103,1,2.61,0.10,1280,1,2.61,0.10,1280
2026-05-09 16:15:40,1,1,1,1119.7,48,-6.3,-122,1113,1,2.61,0.10,1280,1,2.61,0.10,1280
2026-05-09 16:15:40,1,1,1,1139.4,56,-8.8,-174,1126,0,0.00,0.00,0,1,2.61,0.10,1280
2026-05-09 16:15:40,1,1,1,1139.4,56,-8.8,-174,1126,0,0.00,0.00,0,1,2.61,0.10,1280
2026-05-09 16:15:40,1,1,1,1181.5,64,-10.7,-219,1161,0,0.00,0.00,0,1,2.61,0.10,1280
2026-05-09 16:15:40,1,1,1,1181.5,64,-10.7,-219,1161,0,0.00,0.00,0,1,2.61,0.10,1280
2026-05-09 16:15:40,1,1,1,1222.2,48,-13.4,-283,1189,0,0.00,0.00,0,1,2.61,0.10,1280
2026-05-09 16:15:40,1,1,1,1222.2,48,-13.4,-283,1189,0,0.00,0.00,0,1,2.61,0.10,1280
2026-05-09 16:15:41,1,1,1,1264.6,56,-16.3,-354,1214,0,0.00,0.00,0,1,2.61,0.10,1280
2026-05-09 16:15:41,1,1,1,1308.3,39,-18.7,-420,1239,0,0.00,0.00,0,1,2.61,0.10,1280
2026-05-09 16:15:41,1,1,1,1308.3,39,-18.7,-420,1239,0,0.00,0.00,0,1,2.61,0.10,1280
2026-05-09 16:15:41,1,1,1,1351.5,48,-20.5,-473,1266,0,0.00,0.00,0,1,2.61,0.10,1280
2026-05-09 16:15:41,1,1,1,1351.5,48,-20.5,-473,1266,0,0.00,0.00,0,1,2.61,0.10,1280
2026-05-09 16:15:41,1,1,1,1391.8,48,-22.2,-525,1289,0,0.00,0.00,0,0,0.00,0.00,0
2026-05-09 16:15:41,1,1,1,1391.8,48,-22.2,-525,1289,0,0.00,0.00,0,0,0.00,0.00,0
2026-05-09 16:15:41,1,1,1,1425.7,48,-24.1,-583,1301,0,0.00,0.00,0,0,0.00,0.00,0
2026-05-09 16:15:41,1,1,1,1425.7,48,-24.1,-583,1301,0,0.00,0.00,0,1,1.76,0.48,19216
2026-05-09 16:15:41,1,1,1,1459.3,48,-26.1,-643,1310,0,0.00,0.00,0,1,1.76,0.48,19216
2026-05-09 16:15:41,1,1,1,1495.7,48,-28.8,-720,1311,1,1.81,0.48,19216,1,1.81,0.48,19216
2026-05-09 16:15:41,1,1,1,1495.7,48,-28.8,-720,1311,1,1.81,0.48,19216,1,1.81,0.48,19216
2026-05-09 16:15:41,1,1,1,1534.1,48,-31.4,-800,1309,1,1.81,0.48,19216,1,1.81,0.48,19216
2026-05-09 16:15:41,1,1,1,1534.1,48,-31.4,-800,1309,1,1.81,0.48,19216,1,1.81,0.48,19216
2026-05-09 16:15:41,1,1,1,1572.6,48,-33.9,-876,1306,1,1.81,0.48,19216,1,1.81,0.48,19216
2026-05-09 16:15:41,1,1,1,1572.6,48,-33.9,-876,1306,1,1.81,0.48,19216,1,1.81,0.48,19216
2026-05-09 16:15:41,1,1,1,1609.4,48,-36.0,-946,1302,1,1.81,0.48,19216,1,1.81,0.48,19216
2026-05-09 16:15:41,1,1,1,1652.7,56,-37.5,-1005,1312,1,1.81,0.48,19216,1,1.81,0.48,19216
2026-05-09 16:15:41,1,1,1,1652.7,56,-37.5,-1005,1312,1,1.81,0.48,19216,1,1.81,0.48,19216
2026-05-09 16:15:41,1,1,1,1710.3,48,-38.5,-1064,1339,1,1.81,0.48,19216,1,1.81,0.48,19216
2026-05-09 16:15:42,1,1,1,1710.3,48,-38.5,-1064,1339,1,1.81,0.48,19216,1,1.81,0.48,19216
2026-05-09 16:15:42,1,1,1,1757.8,64,-39.9,-1127,1349,1,1.81,0.48,19216,1,1.81,0.48,19216
2026-05-09 16:15:42,1,1,1,1757.8,64,-39.9,-1127,1349,1,1.81,0.48,19216,1,1.81,0.48,19216
2026-05-09 16:15:42,1,1,1,1812.9,88,-40.5,-1178,1378,1,0.00,0.00,0,0,0.00,0.00,0
2026-05-09 16:15:42,1,1,1,1812.9,88,-40.5,-1178,1378,1,0.00,0.00,0,0,0.00,0.00,0
2026-05-09 16:15:42,1,1,1,1882.2,79,-40.9,-1232,1423,1,0.00,0.00,0,0,0.00,0.00,0
2026-05-09 16:15:42,1,1,1,1940.9,56,-41.6,-1288,1452,1,0.00,0.00,0,0,0.00,0.00,0
2026-05-09 16:15:42,1,1,1,1940.9,56,-41.6,-1288,1452,1,0.00,0.00,0,0,0.00,0.00,0
2026-05-09 16:15:42,1,1,1,1986.2,39,-42.9,-1351,1456,0,0.00,0.00,0,0,0.00,0.00,0
2026-05-09 16:15:42,1,1,1,1986.2,39,-42.9,-1351,1456,0,0.00,0.00,0,0,0.00,0.00,0
2026-05-09 16:15:42,1,1,1,2035.6,24,-43.7,-1407,1471,0,0.00,0.00,0,0,0.00,0.00,0
2026-05-09 16:15:42,1,1,1,2035.6,24,-43.7,-1407,1471,0,0.00,0.00,0,0,0.00,0.00,0
2026-05-09 16:15:42,1,1,1,2106.6,24,-43.4,-1447,1531,0,0.00,0.00,0,0,0.00,0.00,0
2026-05-09 16:15:42,1,1,1,2167.3,24,-42.5,-1463,1599,0,0.00,0.00,0,0,0.00,0.00,0
2026-05-09 16:15:42,1,1,1,2167.3,24,-42.5,-1463,1599,0,0.00,0.00,0,0,0.00,0.00,0
2026-05-09 16:15:42,1,1,1,2233.6,24,-41.8,-1490,1664,0,0.00,0.00,0,0,0.00,0.00,0
2026-05-09 16:15:42,1,1,1,2233.6,24,-41.8,-1490,1664,0,0.00,0.00,0,0,0.00,0.00,0
2026-05-09 16:15:42,1,1,1,2285.8,48,-41.9,-1528,1700,0,0.00,0.00,0,0,0.00,0.00,0
2026-05-09 16:15:42,1,1,1,2285.8,48,-41.9,-1528,1700,0,0.00,0.00,0,0,0.00,0.00,0
2026-05-09 16:15:42,1,1,1,2320.1,24,-42.9,-1580,1699,0,0.00,0.00,0,0,0.00,0.00,0
2026-05-09 16:15:43,1,1,1,2320.1,24,-42.9,-1580,1699,0,0.00,0.00,0,0,0.00,0.00,0
2026-05-09 16:15:43,1,1,1,2353.9,-32,-43.6,-1624,1704,0,0.00,0.00,0,0,0.00,0.00,0
2026-05-09 16:15:43,1,1,1,2379.5,8,-44.4,-1665,1700,0,0.00,0.00,0,0,0.00,0.00,0
2026-05-09 16:15:43,1,1,1,2379.5,8,-44.4,-1665,1700,0,0.00,0.00,0,0,0.00,0.00,0
2026-05-09 16:15:43,1,1,1,2403.5,8,-45.4,-1712,1687,0,0.00,0.00,0,0,0.00,0.00,0
2026-05-09 16:15:43,1,1,1,2403.5,8,-45.4,-1712,1687,0,0.00,0.00,0,0,0.00,0.00,0
2026-05-09 16:15:43,1,1,1,2425.5,8,-46.5,-1760,1669,0,0.00,0.00,0,0,0.00,0.00,0
2026-05-09 16:15:43,1,1,1,2425.5,8,-46.5,-1760,1669,0,0.00,0.00,0,0,0.00,0.00,0
2026-05-09 16:15:43,1,1,1,2454.1,16,-46.7,-1787,1682,0,0.00,0.00,0,0,0.00,0.00,0
2026-05-09 16:15:43,1,1,1,2468.7,8,-46.5,-1792,1698,0,0.00,0.00,0,0,0.00,0.00,0
2026-05-09 16:15:43,1,1,1,2468.7,8,-46.5,-1792,1698,0,0.00,0.00,0,0,0.00,0.00,0
2026-05-09 16:15:43,1,1,1,2472.7,0,-46.3,-1789,1707,0,0.00,0.00,0,0,0.00,0.00,0
2026-05-09 16:15:43,1,1,1,2472.7,0,-46.3,-1789,1707,0,0.00,0.00,0,0,0.00,0.00,0
2026-05-09 16:15:43,1,1,1,2474.6,0,-46.1,-1782,1717,0,0.00,0.00,0,0,0.00,0.00,0
2026-05-09 16:15:43,1,1,1,2474.6,0,-46.1,-1782,1717,0,0.00,0.00,0,0,0.00,0.00,0
2026-05-09 16:15:43,1,1,1,2470.9,-24,-45.8,-1771,1723,0,0.00,0.00,0,0,0.00,0.00,0
2026-05-09 16:15:43,1,1,1,2470.9,-24,-45.8,-1771,1723,0,0.00,0.00,0,0,0.00,0.00,0
2026-05-09 16:15:43,1,1,1,2457.2,-8,-45.3,-1746,1729,0,0.00,0.00,0,0,0.00,0.00,0
2026-05-09 16:15:43,1,1,1,2455.1,-8,-45.0,-1737,1735,0,0.00,0.00,0,0,0.00,0.00,0
2026-05-09 16:15:43,1,1,1,2455.1,-8,-45.0,-1737,1735,0,0.00,0.00,0,0,0.00,0.00,0
2026-05-09 16:15:44,1,1,1,2456.5,-8,-44.8,-1731,1743,0,0.00,0.00,0,0,0.00,0.00,0
2026-05-09 16:15:44,1,1,1,2456.5,-8,-44.8,-1731,1743,0,0.00,0.00,0,0,0.00,0.00,0
2026-05-09 16:15:44,1,1,1,2457.3,0,-44.6,-1726,1749,0,0.00,0.00,0,0,0.00,0.00,0
2026-05-09 16:15:44,1,1,1,2457.3,0,-44.6,-1726,1749,0,0.00,0.00,0,0,0.00,0.00,0
2026-05-09 16:15:44,1,1,1,2457.3,8,-44.4,-1719,1756,0,0.00,0.00,0,0,0.00,0.00,0
2026-05-09 16:15:44,1,1,1,2457.3,8,-44.4,-1719,1756,0,0.00,0.00,0,0,0.00,0.00,0
2026-05-09 16:15:44,1,1,1,2460.3,0,-44.2,-1714,1765,0,0.00,0.00,0,0,0.00,0.00,0
2026-05-09 16:15:44,1,1,1,2459.1,0,-43.9,-1705,1772,0,0.00,0.00,0,0,0.00,0.00,0
2026-05-09 16:15:44,1,1,1,2459.1,0,-43.9,-1705,1772,0,0.00,0.00,0,0,0.00,0.00,0
2026-05-09 16:15:44,1,1,1,2453.7,-8,-43.6,-1692,1777,0,0.00,0.00,0,0,0.00,0.00,0
2026-05-09 16:15:44,1,1,1,2453.7,-8,-43.6,-1692,1777,0,0.00,0.00,0,0,0.00,0.00,0
2026-05-09 16:15:44,1,1,1,2449.2,-8,-43.2,-1678,1784,0,0.00,0.00,0,0,0.00,0.00,0
2026-05-09 16:15:44,1,1,1,2449.2,-8,-43.2,-1678,1784,0,0.00,0.00,0,0,0.00,0.00,0
2026-05-09 16:15:44,1,1,1,2444.2,0,-42.0,-1636,1816,0,0.00,0.00,0,0,0.00,0.00,0
2026-05-09 16:15:44,1,1,1,2503.3,0,-40.4,-1624,1905,0,0.00,0.00,0,0,0.00,0.00,0
2026-05-09 16:15:44,1,1,1,2503.3,0,-40.4,-1624,1905,0,0.00,0.00,0,0,0.00,0.00,0
2026-05-09 16:15:44,1,1,1,2625.3,-16,-37.7,-1607,2076,0,0.00,0.00,0,0,0.00,0.00,0
2026-05-09 16:15:44,1,1,1,2625.3,-16,-37.7,-1607,2076,0,0.00,0.00,0,0,0.00,0.00,0
2026-05-09 16:15:44,1,1,1,2750.5,0,-36.3,-1628,2217,0,0.00,0.00,0,0,0.00,0.00,0
2026-05-09 16:15:44,1,1,1,2750.5,0,-36.3,-1628,2217,0,0.00,0.00,0,0,0.00,0.00,0
2026-05-09 16:15:45,1,1,1,2863.6,0,-34.7,-1632,2353,0,0.00,0.00,0,0,0.00,0.00,0
2026-05-09 16:15:45,1,1,1,2863.6,0,-34.7,-1632,2353,0,0.00,0.00,0,0,0.00,0.00,0
2026-05-09 16:15:45,1,1,1,2948.9,0,-33.3,-1617,2466,0,0.00,0.00,0,1,2.49,-0.24,3908
2026-05-09 16:15:45,1,1,1,3002.3,0,-32.1,-1596,2543,0,0.00,0.00,0,1,2.49,-0.24,3908
2026-05-09 16:15:45,1,1,1,3002.3,0,-32.1,-1596,2543,1,2.47,-0.24,3908,1,2.47,-0.24,3908
2026-05-09 16:15:45,1,1,1,3036.9,0,-30.7,-1551,2611,1,2.47,-0.24,3908,1,2.47,-0.24,3908
2026-05-09 16:15:45,1,1,1,3036.9,0,-30.7,-1551,2611,1,2.34,-0.35,4549,1,2.34,-0.35,4549
2026-05-09 16:15:45,1,1,1,3057.5,0,-29.1,-1488,2671,1,2.34,-0.35,4549,1,2.34,-0.35,4549
2026-05-09 16:15:45,1,1,1,3057.5,0,-29.1,-1488,2671,1,2.30,-0.35,4549,1,2.30,-0.35,4549
2026-05-09 16:15:45,1,1,1,3045.9,-16,-27.4,-1404,2703,1,2.30,-0.35,50629,1,2.30,-0.35,50629
2026-05-09 16:15:45,1,1,1,2908.8,-8,-25.5,-1251,2626,1,2.30,-0.35,50629,1,2.30,-0.35,50629
2026-05-09 16:15:45,1,1,1,2908.8,-8,-25.5,-1251,2626,1,2.30,-0.35,50629,1,2.30,-0.35,50629
2026-05-09 16:15:45,1,1,1,2772.3,0,-23.5,-1104,2543,1,2.30,-0.35,50629,1,2.30,-0.35,50629
2026-05-09 16:15:45,1,1,1,2772.3,0,-23.5,-1104,2543,1,2.30,-0.35,50629,1,2.30,-0.35,50629
2026-05-09 16:15:45,1,1,1,2657.7,0,-21.4,-971,2474,1,2.30,-0.35,50629,1,2.30,-0.35,50629
2026-05-09 16:15:45,1,1,1,2657.7,0,-21.4,-971,2474,1,2.30,-0.35,50629,1,2.30,-0.35,50629
2026-05-09 16:15:45,1,1,1,2617.5,0,-18.9,-849,2476,1,2.30,-0.35,50629,1,2.30,-0.35,50629
2026-05-09 16:15:45,1,1,1,2617.5,0,-18.9,-849,2476,1,2.30,-0.35,50629,1,2.30,-0.35,50629
2026-05-09 16:15:45,1,1,1,2671.5,0,-16.5,-757,2562,1,2.30,-0.35,50629,1,2.30,-0.35,50629
2026-05-09 16:15:45,1,1,1,2736.8,0,-14.0,-660,2656,1,2.30,-0.35,50629,1,2.30,-0.35,50629
2026-05-09 16:15:46,1,1,1,2736.8,0,-14.0,-660,2656,1,2.30,-0.35,50629,1,2.30,-0.35,50629
2026-05-09 16:15:46,1,1,1,2808.0,0,-11.5,-558,2752,1,0.00,0.00,0,0,0.00,0.00,0
2026-05-09 16:15:46,1,1,1,2808.0,0,-11.5,-558,2752,1,0.00,0.00,0,0,0.00,0.00,0
2026-05-09 16:15:46,1,1,1,2874.9,0,-9.3,-465,2837,1,0.00,0.00,0,0,0.00,0.00,0
2026-05-09 16:15:46,1,1,1,2874.9,0,-9.3,-465,2837,1,0.00,0.00,0,0,0.00,0.00,0
2026-05-09 16:15:46,1,1,1,2934.1,-8,-7.3,-375,2910,1,0.00,0.00,0,0,0.00,0.00,0
2026-05-09 16:15:46,1,1,1,2989.7,0,-6.1,-316,2973,0,0.00,0.00,0,0,0.00,0.00,0
2026-05-09 16:15:46,1,1,1,2989.7,0,-6.1,-316,2973,0,0.00,0.00,0,0,0.00,0.00,0
2026-05-09 16:15:46,1,1,1,3015.6,0,-5.0,-264,3004,0,0.00,0.00,0,0,0.00,0.00,0
2026-05-09 16:15:46,1,1,1,3015.6,0,-5.0,-264,3004,0,0.00,0.00,0,0,0.00,0.00,0
2026-05-09 16:15:46,1,1,1,3055.9,0,-4.1,-219,3048,0,0.00,0.00,0,0,0.00,0.00,0
2026-05-09 16:15:46,1,1,1,3055.9,0,-4.1,-219,3048,0,0.00,0.00,0,0,0.00,0.00,0
2026-05-09 16:15:46,1,1,1,3085.1,8,-3.3,-177,3080,0,0.00,0.00,0,0,0.00,0.00,0
2026-05-09 16:15:46,1,1,1,3085.1,8,-3.3,-177,3080,0,0.00,0.00,0,0,0.00,0.00,0
2026-05-09 16:15:46,1,1,1,3103.8,8,-2.0,-106,3102,0,0.00,0.00,0,0,0.00,0.00,0
2026-05-09 16:15:46,1,1,1,3086.1,24,-0.4,-21,3086,0,0.00,0.00,0,0,0.00,0.00,0
2026-05-09 16:15:46,1,1,1,3086.1,24,-0.4,-21,3086,0,0.00,0.00,0,0,0.00,0.00,0
2026-05-09 16:15:46,1,1,1,2920.6,24,1.9,96,2919,0,0.00,0.00,0,0,0.00,0.00,0
2026-05-09 16:15:46,1,1,1,2920.6,24,1.9,96,2919,0,0.00,0.00,0,0,0.00,0.00,0
2026-05-09 16:15:46,1,1,1,2753.2,39,4.7,225,2744,0,0.00,0.00,0,0,0.00,0.00,0
2026-05-09 16:15:47,1,1,1,2753.2,39,4.7,225,2744,0,0.00,0.00,0,1,2.32,0.26,10553
2026-05-09 16:15:47,1,1,1,2626.4,32,7.7,350,2603,0,0.00,0.00,0,1,2.32,0.26,10553
2026-05-09 16:15:47,1,1,1,2519.0,24,11.0,479,2473,0,0.00,0.00,0,1,2.78,0.19,1985
2026-05-09 16:15:47,1,1,1,2519.0,24,11.0,479,2473,0,0.00,0.00,0,1,2.78,0.19,1985
2026-05-09 16:15:47,1,1,1,2433.2,16,14.5,608,2356,0,0.00,0.00,0,1,2.80,0.19,1985
2026-05-09 16:15:47,1,1,1,2433.2,16,14.5,608,2356,0,0.00,0.00,0,1,2.80,0.19,1985
2026-05-09 16:15:47,1,1,1,2386.7,32,17.4,712,2278,0,0.00,0.00,0,1,2.98,0.24,2290
2026-05-09 16:15:47,1,1,1,2386.7,32,17.4,712,2278,0,0.00,0.00,0,1,2.98,0.24,2290
2026-05-09 16:15:47,1,1,1,2375.5,32,19.7,802,2236,0,0.00,0.00,0,1,3.00,0.24,2290
2026-05-09 16:15:47,1,1,1,2375.5,32,19.7,802,2236,0,0.00,0.00,0,1,3.00,0.24,2290
2026-05-09 16:15:47,1,1,1,2397.9,32,21.6,884,2229,0,0.00,0.00,0,1,2.89,0.20,1933
2026-05-09 16:15:47,1,1,1,2407.1,32,23.3,954,2210,0,0.00,0.00,0,1,2.89,0.20,1933
2026-05-09 16:15:47,1,1,1,2407.1,32,23.3,954,2210,0,0.00,0.00,0,1,3.04,0.24,4069
2026-05-09 16:15:47,1,1,1,2423.8,24,25.1,1028,2195,0,0.00,0.00,0,1,3.04,0.24,4069
2026-05-09 16:15:47,1,1,1,2423.8,24,25.1,1028,2195,1,3.07,0.24,4069,1,3.07,0.24,4069
2026-05-09 16:15:47,1,1,1,2432.4,24,26.2,1075,2182,1,3.07,0.24,4069,1,3.07,0.24,4069
2026-05-09 16:15:47,1,1,1,2432.4,24,26.2,1075,2182,1,3.17,0.27,909,1,3.17,0.27,909
2026-05-09 16:15:47,1,1,1,2424.7,16,27.5,1119,2151,1,3.17,0.27,909,1,3.17,0.27,909
2026-05-09 16:15:47,1,1,1,2431.5,24,28.5,1160,2137,1,3.08,0.22,2385,1,3.08,0.22,2385
2026-05-09 16:15:47,1,1,1,2431.5,24,28.5,1160,2137,1,3.08,0.22,2385,1,3.08,0.22,2385
2026-05-09 16:15:48,1,1,1,2464.2,0,29.5,1213,2145,1,3.02,0.22,1090,1,3.02,0.22,1090
2026-05-09 16:15:48,1,1,1,2464.2,0,29.5,1213,2145,0,0.00,0.00,0,1,3.02,0.22,1090
2026-05-09 16:15:48,1,1,1,2509.2,0,31.0,1292,2151,0,0.00,0.00,0,1,3.05,0.22,1090
2026-05-09 16:15:48,1,1,1,2509.2,0,31.0,1292,2151,0,0.00,0.00,0,1,3.05,0.22,1090
2026-05-09 16:15:48,1,1,1,2536.3,16,32.1,1347,2149,0,0.00,0.00,0,1,3.05,0.22,1090
2026-05-09 16:15:48,1,1,1,2536.3,16,32.1,1347,2149,0,0.00,0.00,0,1,3.05,0.22,1090
2026-05-09 16:15:48,1,1,1,2549.6,0,32.3,1361,2156,0,0.00,0.00,0,1,3.05,0.22,1090
2026-05-09 16:15:48,1,1,1,2549.7,16,32.0,1350,2163,0,0.00,0.00,0,1,3.05,0.22,1090
2026-05-09 16:15:48,1,1,1,2549.7,16,32.0,1350,2163,0,0.00,0.00,0,1,3.05,0.22,1090
2026-05-09 16:15:48,1,1,1,2549.4,0,32.0,1351,2162,0,0.00,0.00,0,1,3.05,0.22,1090
2026-05-09 16:15:48,1,1,1,2549.4,0,32.0,1351,2162,0,0.00,0.00,0,1,3.05,0.22,1090
2026-05-09 16:15:48,1,1,1,2553.1,8,31.7,1342,2172,0,0.00,0.00,0,1,3.05,0.22,1090
2026-05-09 16:15:48,1,1,1,2553.1,8,31.7,1342,2172,0,0.00,0.00,0,1,3.05,0.22,1090
2026-05-09 16:15:48,1,1,1,2565.5,39,31.3,1333,2192,0,0.00,0.00,0,1,3.05,0.22,1090
2026-05-09 16:15:48,1,1,1,2565.5,39,31.3,1333,2192,0,0.00,0.00,0,1,3.05,0.22,1090
2026-05-09 16:15:48,1,1,1,2584.5,-8,30.6,1315,2225,0,0.00,0.00,0,0,0.00,0.00,0
2026-05-09 16:15:48,1,1,1,2605.6,39,30.0,1302,2257,0,0.00,0.00,0,0,0.00,0.00,0
2026-05-09 16:15:48,1,1,1,2605.6,39,30.0,1302,2257,0,0.00,0.00,0,0,0.00,0.00,0
2026-05-09 16:15:48,1,1,1,2641.7,24,29.9,1317,2290,0,0.00,0.00,0,0,0.00,0.00,0
2026-05-09 16:15:48,1,1,1,2641.7,24,29.9,1317,2290,0,0.00,0.00,0,0,0.00,0.00,0
2026-05-09 16:15:49,1,1,1,2662.9,-8,30.3,1342,2300,0,0.00,0.00,0,0,0.00,0.00,0
2026-05-09 16:15:49,1,1,1,2662.9,-8,30.3,1342,2300,0,0.00,0.00,0,0,0.00,0.00,0
2026-05-09 16:15:49,1,1,1,2677.4,-8,31.1,1384,2292,0,0.00,0.00,0,0,0.00,0.00,0
2026-05-09 16:15:49,1,1,1,2677.4,-16,31.1,1384,2292,0,0.00,0.00,0,0,0.00,0.00,0
2026-05-09 16:15:49,1,1,1,2677.4,-16,31.1,1384,2292,0,0.00,0.00,0,0,0.00,0.00,0
2026-05-09 16:15:49,1,1,1,2658.7,-32,31.0,1371,2278,0,0.00,0.00,0,0,0.00,0.00,0
2026-05-09 16:15:49,1,1,1,2658.7,-32,31.0,1371,2278,0,0.00,0.00,0,0,0.00,0.00,0
2026-05-09 16:15:49,1,1,1,2639.2,-24,30.8,1353,2266,0,0.00,0.00,0,0,0.00,0.00,0
2026-05-09 16:15:49,1,1,1,2639.2,-24,30.8,1353,2266,0,0.00,0.00,0,0,0.00,0.00,0
2026-05-09 16:15:49,1,1,1,2605.9,-8,30.8,1335,2238,0,0.00,0.00,0,0,0.00,0.00,0
2026-05-09 16:15:49,1,1,1,2605.9,-8,30.8,1335,2238,0,0.00,0.00,0,0,0.00,0.00,0
2026-05-09 16:15:49,1,1,1,2574.4,-32,30.8,1317,2212,0,0.00,0.00,0,0,0.00,0.00,0
2026-05-09 16:15:49,1,1,1,2543.7,-16,30.6,1294,2190,0,0.00,0.00,0,1,2.50,-0.23,6964
2026-05-09 16:15:49,1,1,1,2543.7,-16,30.6,1294,2190,0,0.00,0.00,0,1,2.50,-0.23,6964
2026-05-09 16:15:49,1,1,1,2509.2,-24,30.0,1253,2174,1,2.48,-0.23,6964,1,2.48,-0.23,6964
2026-05-09 16:15:49,1,1,1,2509.2,-24,30.0,1253,2174,1,2.48,-0.23,6964,1,2.48,-0.23,6964
2026-05-09 16:15:49,1,1,1,2459.9,-16,28.3,1166,2166,1,2.48,-0.23,6964,1,2.48,-0.23,6964
2026-05-09 16:15:49,1,1,1,2459.9,-16,28.3,1166,2166,1,2.48,-0.23,6964,1,2.48,-0.23,6964
2026-05-09 16:15:49,1,1,1,2406.5,-8,26.5,1073,2154,1,2.48,-0.23,6964,1,2.48,-0.23,6964
2026-05-09 16:15:49,1,1,1,2368.4,-16,24.4,978,2157,1,2.48,-0.23,6964,1,2.48,-0.23,6964
2026-05-09 16:15:50,1,1,1,2368.4,-16,24.4,978,2157,1,2.48,-0.23,6964,1,2.48,-0.23,6964
2026-05-09 16:15:50,1,1,1,2415.0,-8,21.6,890,2245,1,2.48,-0.23,6964,1,2.48,-0.23,6964
2026-05-09 16:15:50,1,1,1,2415.0,-8,21.6,890,2245,1,2.48,-0.23,6964,1,2.48,-0.23,6964
2026-05-09 16:15:50,1,1,1,2456.2,8,19.0,798,2323,1,2.48,-0.23,6964,1,2.48,-0.23,6964
2026-05-09 16:15:50,1,1,1,2456.2,8,19.0,798,2323,1,2.48,-0.23,6964,1,2.48,-0.23,6964
2026-05-09 16:15:50,1,1,1,2437.8,24,17.1,717,2330,1,2.48,-0.23,6964,1,2.48,-0.23,6964
2026-05-09 16:15:50,1,1,1,2437.8,24,17.1,717,2330,1,2.48,-0.23,6964,1,2.48,-0.23,6964
2026-05-09 16:15:50,1,1,1,2425.6,0,15.2,635,2341,1,0.00,0.00,0,0,0.00,0.00,0
2026-05-09 16:15:50,1,1,1,2444.4,0,13.0,549,2382,1,0.00,0.00,0,0,0.00,0.00,0
2026-05-09 16:15:50,1,1,1,2444.4,0,13.0,549,2382,1,0.00,0.00,0,0,0.00,0.00,0
2026-05-09 16:15:50,1,1,1,2506.9,0,10.4,451,2466,1,0.00,0.00,0,0,0.00,0.00,0
2026-05-09 16:15:50,1,1,1,2506.9,0,10.4,451,2466,1,0.00,0.00,0,0,0.00,0.00,0
2026-05-09 16:15:50,1,1,1,2592.7,0,7.6,342,2570,0,0.00,0.00,0,0,0.00,0.00,0
2026-05-09 16:15:50,1,1,1,2592.7,0,7.6,342,2570,0,0.00,0.00,0,0,0.00,0.00,0
2026-05-09 16:15:50,1,1,1,2661.1,0,5.5,253,2649,0,0.00,0.00,0,1,3.21,-0.03,3770
2026-05-09 16:15:50,1,1,1,2712.2,0,3.6,168,2707,0,0.00,0.00,0,1,3.21,-0.03,3770
2026-05-09 16:15:50,1,1,1,2712.2,0,3.6,168,2707,1,3.22,-0.01,4385,1,3.22,-0.01,4385
2026-05-09 16:15:50,1,1,1,2770.1,0,2.2,107,2768,1,3.22,-0.01,4385,1,3.22,-0.01,4385
2026-05-09 16:15:50,1,1,1,2770.1,0,2.2,107,2768,1,3.22,-0.01,4385,1,3.22,-0.01,4385
2026-05-09 16:15:50,1,1,1,2843.8,0,1.4,69,2843,1,3.22,-0.01,4385,1,3.22,-0.01,4385
2026-05-09 16:15:51,1,1,1,2843.8,0,1.4,69,2843,1,3.22,-0.01,4385,1,3.22,-0.01,4385
2026-05-09 16:15:51,1,1,1,2910.1,0,0.4,19,2910,1,3.22,-0.01,4385,1,3.22,-0.01,4385
2026-05-09 16:15:51,1,1,1,2910.1,0,0.4,19,2910,1,3.22,-0.01,4385,1,3.22,-0.01,4385
2026-05-09 16:15:51,1,1,1,2935.6,0,-1.1,-57,2935,1,3.22,-0.01,4385,1,3.22,-0.01,4385
2026-05-09 16:15:51,1,1,1,2946.7,0,-2.9,-147,2943,1,3.22,-0.01,4385,1,3.22,-0.01,4385
2026-05-09 16:15:51,1,1,1,2946.7,0,-2.9,-147,2943,1,3.22,-0.01,4385,1,3.22,-0.01,4385
2026-05-09 16:15:51,1,1,1,2972.1,0,-4.5,-233,2963,1,3.21,0.22,2020,1,3.21,0.22,2020
2026-05-09 16:15:51,1,1,1,2972.1,0,-4.5,-233,2963,1,3.21,0.22,2020,1,3.21,0.22,2020
2026-05-09 16:15:51,1,1,1,2985.2,16,-6.2,-320,2968,1,3.23,0.22,2020,1,3.23,0.22,2020
2026-05-09 16:15:51,1,1,1,2985.2,16,-6.2,-320,2968,1,3.23,0.22,2020,1,3.23,0.22,2020
2026-05-09 16:15:51,1,1,1,2862.1,24,-8.0,-400,2834,1,3.23,0.22,2020,1,3.23,0.22,2020
2026-05-09 16:15:51,1,1,1,2754.3,0,-10.1,-481,2712,0,0.00,0.00,0,1,3.23,0.22,2020
2026-05-09 16:15:51,1,1,1,2754.3,0,-10.1,-481,2712,0,0.00,0.00,0,1,3.23,0.22,2020
2026-05-09 16:15:51,1,1,1,2678.5,16,-11.9,-552,2621,0,0.00,0.00,0,1,3.23,0.22,2020
2026-05-09 16:15:51,1,1,1,2678.5,16,-11.9,-552,2621,0,0.00,0.00,0,1,2.51,0.23,5069
2026-05-09 16:15:51,1,1,1,2628.4,0,-13.9,-633,2551,0,0.00,0.00,0,1,2.51,0.23,5069
2026-05-09 16:15:51,1,1,1,2628.4,0,-13.9,-633,2551,1,2.54,0.23,5069,1,2.54,0.23,5069
2026-05-09 16:15:51,1,1,1,2581.9,8,-15.7,-697,2486,1,2.54,0.23,5069,1,2.54,0.23,5069
2026-05-09 16:15:51,1,1,1,2581.9,8,-15.7,-697,2486,1,2.54,0.23,5069,1,2.54,0.23,5069
2026-05-09 16:15:51,1,1,1,2553.9,0,-17.5,-767,2436,1,2.54,0.23,5069,1,2.54,0.23,5069
2026-05-09 16:15:52,1,1,1,2550.1,0,-19.4,-848,2405,1,2.54,0.23,5069,1,2.54,0.23,5069
2026-05-09 16:15:52,1,1,1,2550.1,0,-19.4,-848,2405,1,2.54,0.23,5069,1,2.54,0.23,5069
2026-05-09 16:15:52,1,1,1,2543.2,0,-20.9,-907,2376,1,2.54,0.23,5069,1,2.54,0.23,5069
2026-05-09 16:15:52,1,1,1,2543.2,0,-20.9,-907,2376,1,2.54,0.23,5069,1,2.54,0.23,5069
2026-05-09 16:15:52,1,1,1,2509.2,-8,-22.3,-951,2322,1,2.54,0.23,5069,1,2.54,0.23,5069
2026-05-09 16:15:52,1,1,1,2509.2,-8,-22.3,-951,2322,1,2.54,0.23,5069,1,2.54,0.23,5069
2026-05-09 16:15:52,1,1,1,2493.8,-8,-24.1,-1017,2277,1,2.54,0.23,5069,1,2.54,0.23,5069
2026-05-09 16:15:52,1,1,1,2493.8,-8,-24.1,-1017,2277,1,2.54,0.23,5069,1,2.54,0.23,5069
2026-05-09 16:15:52,1,1,1,2504.6,0,-25.8,-1090,2255,1,2.54,0.23,5069,1,2.54,0.23,5069
2026-05-09 16:15:52,1,1,1,2582.3,0,-27.0,-1174,2300,1,0.00,0.00,0,0,0.00,0.00,0
2026-05-09 16:15:52,1,1,1,2582.3,0,-27.0,-1174,2300,1,0.00,0.00,0,0,0.00,0.00,0
2026-05-09 16:15:52,1,1,1,2689.0,0,-28.3,-1276,2367,1,0.00,0.00,0,0,0.00,0.00,0
2026-05-09 16:15:52,1,1,1,2689.0,0,-28.3,-1276,2367,1,2.50,0.03,1745,1,2.50,0.03,1745
2026-05-09 16:15:52,1,1,1,2782.4,0,-29.4,-1366,2424,1,2.50,0.03,1745,1,2.50,0.03,1745
2026-05-09 16:15:52,1,1,1,2782.4,0,-29.4,-1366,2424,0,0.00,0.00,0,1,2.50,0.03,1745
2026-05-09 16:15:52,1,1,1,2827.1,-8,-30.5,-1433,2437,0,0.00,0.00,0,1,2.50,0.03,1745
2026-05-09 16:15:52,1,1,1,2774.2,16,-31.6,-1455,2362,0,0.00,0.00,0,1,2.52,0.13,4744
2026-05-09 16:15:52,1,1,1,2774.2,16,-31.6,-1455,2362,0,0.00,0.00,0,1,2.52,0.13,4744
2026-05-09 16:15:52,1,1,1,2708.3,24,-32.5,-1457,2283,1,2.53,0.13,4744,1,2.53,0.13,4744
2026-05-09 16:15:52,1,1,1,2708.3,24,-32.5,-1457,2283,1,2.53,0.13,4744,1,2.53,0.13,4744
2026-05-09 16:15:53,1,1,1,2639.0,-8,-33.6,-1462,2197,1,2.53,0.13,4744,1,2.53,0.13,4744
2026-05-09 16:15:53,1,1,1,2639.0,-8,-33.6,-1462,2197,1,2.53,0.13,4744,1,2.53,0.13,4744
2026-05-09 16:15:53,1,1,1,2580.9,-16,-34.7,-1469,2122,1,2.53,0.13,4744,1,2.53,0.13,4744
2026-05-09 16:15:53,1,1,1,2580.9,-16,-34.7,-1469,2122,1,2.53,0.13,4744,1,2.53,0.13,4744
2026-05-09 16:15:53,1,1,1,2533.8,-32,-35.9,-1485,2053,1,2.53,0.13,4744,1,2.53,0.13,4744
2026-05-09 16:15:53,1,1,1,2497.2,-39,-36.9,-1498,1998,1,2.53,0.13,4744,1,2.53,0.13,4744
2026-05-09 16:15:53,1,1,1,2497.2,-39,-36.9,-1498,1998,1,2.53,0.13,4744,1,2.53,0.13,4744
2026-05-09 16:15:53,1,1,1,2468.4,-48,-37.5,-1503,1958,1,2.53,0.13,4744,1,2.53,0.13,4744
2026-05-09 16:15:53,1,1,1,2468.4,-48,-37.5,-1503,1958,1,2.53,0.13,4744,1,2.53,0.13,4744
2026-05-09 16:15:53,1,1,1,2438.6,-48,-37.9,-1497,1925,1,2.53,0.13,4744,1,2.53,0.13,4744
2026-05-09 16:15:53,1,1,1,2438.6,-48,-37.9,-1497,1925,1,2.53,0.13,4744,1,2.53,0.13,4744
2026-05-09 16:15:53,1,1,1,2412.6,-39,-37.5,-1470,1913,1,0.00,0.00,0,0,0.00,0.00,0
2026-05-09 16:15:53,1,1,1,2406.8,0,-37.2,-1454,1918,1,0.00,0.00,0,0,0.00,0.00,0
2026-05-09 16:15:53,1,1,1,2406.8,0,-37.2,-1454,1918,1,0.00,0.00,0,0,0.00,0.00,0
2026-05-09 16:15:53,1,1,1,2387.6,-64,-36.8,-1430,1912,1,0.00,0.00,0,0,0.00,0.00,0
2026-05-09 16:15:53,1,1,1,2387.6,-64,-36.8,-1430,1912,1,0.00,0.00,0,0,0.00,0.00,0
2026-05-09 16:15:53,1,1,1,2362.8,-39,-36.5,-1406,1899,0,0.00,0.00,0,0,0.00,0.00,0
2026-05-09 16:15:53,1,1,1,2362.8,-39,-36.5,-1406,1899,0,0.00,0.00,0,0,0.00,0.00,0
2026-05-09 16:15:53,1,1,1,2334.3,-56,-36.4,-1385,1879,0,0.00,0.00,0,1,2.24,-0.47,40625
2026-05-09 16:15:53,1,1,1,2334.3,-56,-36.4,-1385,1879,0,0.00,0.00,0,1,2.24,-0.47,40625
2026-05-09 16:15:54,1,1,1,2287.4,-39,-35.8,-1337,1856,1,2.22,-0.53,11584,1,2.22,-0.53,11584
2026-05-09 16:15:54,1,1,1,2234.4,-64,-35.3,-1292,1823,1,2.22,-0.53,11584,1,2.22,-0.53,11584
2026-05-09 16:15:54,1,1,1,2234.4,-64,-35.3,-1292,1823,1,2.19,-0.51,23137,1,2.19,-0.51,23137
2026-05-09 16:15:54,1,1,1,2179.0,-56,-34.8,-1244,1789,1,2.19,-0.51,23137,1,2.19,-0.51,23137
2026-05-09 16:15:54,1,1,1,2179.0,-56,-34.8,-1244,1789,1,2.14,-0.51,23137,1,2.14,-0.51,23137
2026-05-09 16:15:54,1,1,1,2124.9,-48,-34.2,-1195,1757,1,2.14,-0.51,23137,1,2.14,-0.51,23137
2026-05-09 16:15:54,1,1,1,2124.9,-48,-34.2,-1195,1757,1,2.14,-0.51,23137,1,2.14,-0.51,23137
2026-05-09 16:15:54,1,1,1,2076.0,-39,-33.5,-1146,1731,1,2.14,-0.51,23137,1,2.14,-0.51,23137
2026-05-09 16:15:54,1,1,1,2029.9,-39,-32.7,-1097,1708,1,2.14,-0.51,23137,1,2.14,-0.51,23137
2026-05-09 16:15:54,1,1,1,2029.9,-39,-32.7,-1097,1708,1,2.14,-0.51,23137,1,2.14,-0.51,23137
2026-05-09 16:15:54,1,1,1,1975.5,-24,-31.8,-1041,1679,1,0.79,-0.24,373,1,0.79,-0.24,373
2026-05-09 16:15:54,1,1,1,1975.5,-24,-31.8,-1041,1679,1,0.79,-0.24,373,1,0.79,-0.24,373
2026-05-09 16:15:54,1,1,1,1938.8,-16,-30.5,-985,1670,1,1.37,-0.19,3050,1,1.37,-0.19,3050
2026-05-09 16:15:54,1,1,1,1938.8,-16,-30.5,-985,1670,1,1.37,-0.19,3050,1,1.37,-0.19,3050
2026-05-09 16:15:54,1,1,1,1907.0,-16,-29.1,-928,1666,1,1.35,-0.19,3050,1,1.35,-0.19,3050
2026-05-09 16:15:54,1,1,1,1907.0,-16,-29.1,-928,1666,1,1.35,-0.19,3050,1,1.35,-0.19,3050
2026-05-09 16:15:54,1,1,1,1898.2,0,-27.3,-872,1686,1,2.00,-0.01,2074,1,2.00,-0.01,2074
2026-05-09 16:15:54,1,1,1,1877.3,0,-25.5,-807,1695,1,2.00,-0.01,2074,1,2.00,-0.01,2074
2026-05-09 16:15:54,1,1,1,1877.3,0,-25.5,-807,1695,1,1.96,-0.02,15626,1,1.96,-0.02,15626
2026-05-09 16:15:54,1,1,1,1857.7,-8,-23.5,-740,1704,1,1.96,-0.02,15626,1,1.96,-0.02,15626
2026-05-09 16:15:55,1,1,1,1857.7,-8,-23.5,-740,1704,1,1.95,-0.02,15626,1,1.95,-0.02,15626
2026-05-09 16:15:55,1,1,1,1839.1,0,-21.6,-677,1710,1,1.95,-0.02,15626,1,1.95,-0.02,15626
2026-05-09 16:15:55,1,1,1,1839.1,0,-21.6,-677,1710,1,1.95,-0.02,15626,1,1.95,-0.02,15626
2026-05-09 16:15:55,1,1,1,1829.1,0,-19.6,-614,1723,1,1.95,-0.02,15626,1,1.95,-0.02,15626
2026-05-09 16:15:55,1,1,1,2004.8,0,-15.6,-539,1931,1,1.95,-0.02,15626,1,1.95,-0.02,15626
2026-05-09 16:15:55,1,1,1,2004.8,0,-15.6,-539,1931,1,1.95,-0.02,15626,1,1.95,-0.02,15626
2026-05-09 16:15:55,1,1,1,2177.4,0,-12.2,-461,2128,1,3.25,0.00,8266,1,3.25,0.00,8266
2026-05-09 16:15:55,1,1,1,2177.4,0,-12.2,-461,2128,1,3.25,0.00,8266,1,3.25,0.00,8266
2026-05-09 16:15:55,1,1,1,2325.6,0,-9.6,-388,2293,1,3.25,0.00,3650,1,3.25,0.00,3650
2026-05-09 16:15:55,1,1,1,2325.6,0,-9.6,-388,2293,1,3.25,0.00,3650,1,3.25,0.00,3650
2026-05-09 16:15:55,1,1,1,2258.0,-16,-8.7,-342,2232,1,2.75,-0.11,21914,1,2.75,-0.11,21914
2026-05-09 16:15:55,1,1,1,2258.0,-16,-8.7,-342,2232,1,2.75,-0.11,21914,1,2.75,-0.11,21914
2026-05-09 16:15:55,1,1,1,2165.1,0,-7.4,-279,2147,1,2.74,-0.11,21914,1,2.74,-0.11,21914
2026-05-09 16:15:55,1,1,1,2070.3,-8,-6.2,-225,2058,1,2.74,-0.11,21914,1,2.74,-0.11,21914
2026-05-09 16:15:55,1,1,1,2070.3,-8,-6.2,-225,2058,1,2.74,-0.11,21914,1,2.74,-0.11,21914
2026-05-09 16:15:55,1,1,1,1973.0,0,-4.5,-154,1967,1,2.74,-0.11,21914,1,2.74,-0.11,21914
2026-05-09 16:15:55,1,1,1,1973.0,0,-4.5,-154,1967,1,2.74,-0.11,21914,1,2.74,-0.11,21914
