datetime,wifi,time_sync,rd_present,rd_distance_mm,rd_velocity_cm_s,rd_angle_deg,rd_x_mm,rd_y_mm,c4001_present,c4001_distance_m,c4001_velocity_m_s,c4001_energy,c4001_raw_targets,c4001_raw_distance_m,c4001_raw_velocity_m_s,c4001_raw_energy
2026-05-09 15:18:15,1,1,1,2009.8,0,24.5,833,1829,0,0.00,0.00,0,1,1.96,0.00,2745
2026-05-09 15:18:15,1,1,1,2012.1,0,22.2,760,1863,0,0.00,0.00,0,1,1.96,0.00,2745
2026-05-09 15:18:15,1,1,1,2020.4,0,21.9,755,1874,0,0.00,0.00,0,1,1.96,0.00,2745
2026-05-09 15:18:15,1,1,1,2020.0,0,22.2,764,1870,0,0.00,0.00,0,1,1.96,0.00,2745
2026-05-09 15:18:15,1,1,1,2020.0,0,22.2,764,1870,0,0.00,0.00,0,1,2.09,0.00,557
2026-05-09 15:18:15,1,1,1,2008.4,0,22.8,777,1852,0,0.00,0.00,0,1,2.09,0.00,557
2026-05-09 15:18:15,1,1,1,2008.4,0,22.8,777,1852,0,0.00,0.00,0,1,2.09,0.00,557
2026-05-09 15:18:15,1,1,1,1972.9,0,25.0,834,1788,0,0.00,0.00,0,1,2.09,0.00,557
2026-05-09 15:18:15,1,1,1,1972.9,0,25.0,834,1788,0,0.00,0.00,0,1,2.05,0.00,265
2026-05-09 15:18:15,1,1,1,1906.1,0,31.2,988,1630,0,0.00,0.00,0,1,2.05,0.00,265
2026-05-09 15:18:15,1,1,1,1906.1,0,31.2,988,1630,0,0.00,0.00,0,1,2.05,0.00,265
2026-05-09 15:18:15,1,1,1,1896.8,0,37.1,1144,1513,0,0.00,0.00,0,1,2.05,0.00,265
2026-05-09 15:18:15,1,1,1,1912.7,0,42.8,1300,1403,0,0.00,0.00,0,1,2.05,0.00,265
2026-05-09 15:18:16,1,1,1,1912.7,0,42.8,1300,1403,0,0.00,0.00,0,1,2.05,0.00,265
2026-05-09 15:18:16,1,1,1,1947.2,0,48.0,1447,1303,0,0.00,0.00,0,1,2.05,0.00,265
2026-05-09 15:18:16,1,1,1,1947.2,0,48.0,1447,1303,0,0.00,0.00,0,1,2.05,0.00,265
2026-05-09 15:18:16,1,1,1,1985.2,0,51.8,1559,1229,0,0.00,0.00,0,1,2.05,0.00,265
2026-05-09 15:18:16,1,1,1,1985.2,0,51.8,1559,1229,0,0.00,0.00,0,1,2.05,0.00,265
2026-05-09 15:18:16,1,1,1,1954.4,0,48.1,1454,1306,0,0.00,0.00,0,1,2.09,0.00,2637
2026-05-09 15:18:16,1,1,1,1950.1,0,47.1,1429,1327,0,0.00,0.00,0,1,2.09,0.00,2637
2026-05-09 15:18:16,1,1,1,1950.1,0,47.1,1429,1327,0,0.00,0.00,0,1,2.07,0.00,2393
2026-05-09 15:18:16,1,1,1,1944.2,0,46.1,1402,1347,0,0.00,0.00,0,1,2.07,0.00,2393
2026-05-09 15:18:16,1,1,1,1944.2,0,46.1,1402,1347,0,0.00,0.00,0,1,2.05,0.00,4381
2026-05-09 15:18:16,1,1,1,1919.1,0,42.8,1304,1408,0,0.00,0.00,0,1,2.05,0.00,4381
2026-05-09 15:18:16,1,1,1,1919.1,0,42.8,1304,1408,0,0.00,0.00,0,1,2.06,0.00,2165
2026-05-09 15:18:16,1,1,1,1895.4,0,36.8,1135,1518,0,0.00,0.00,0,1,2.06,0.00,2165
2026-05-09 15:18:16,1,1,1,1895.4,0,36.8,1135,1518,0,0.00,0.00,0,1,2.06,0.00,1597
2026-05-09 15:18:16,1,1,1,1901.3,0,32.6,1024,1602,0,0.00,0.00,0,1,2.06,0.00,1597
2026-05-09 15:18:16,1,1,1,1918.2,0,29.9,956,1663,0,0.00,0.00,0,1,2.06,0.00,1597
2026-05-09 15:18:16,1,1,1,1918.2,0,29.9,956,1663,0,0.00,0.00,0,1,2.06,0.00,1597
2026-05-09 15:18:16,1,1,1,1924.8,0,28.7,925,1688,0,0.00,0.00,0,1,2.09,0.00,1625
2026-05-09 15:18:16,1,1,1,1924.8,0,28.7,925,1688,0,0.00,0.00,0,1,2.09,0.00,1625
2026-05-09 15:18:16,1,1,1,1928.3,0,27.7,895,1708,0,0.00,0.00,0,1,2.09,0.00,1625
2026-05-09 15:18:17,1,1,1,1928.3,0,27.7,895,1708,0,0.00,0.00,0,1,2.09,0.00,1625
2026-05-09 15:18:17,1,1,1,1930.7,0,26.9,875,1721,0,0.00,0.00,0,1,2.09,0.00,1625
2026-05-09 15:18:17,1,1,1,1931.1,0,26.8,872,1723,0,0.00,0.00,0,1,2.09,0.00,1625
2026-05-09 15:18:17,1,1,1,1931.1,0,26.8,872,1723,0,0.00,0.00,0,1,2.09,0.00,1625
2026-05-09 15:18:17,1,1,1,1932.4,0,26.7,869,1726,0,0.00,0.00,0,1,2.09,0.00,1625
2026-05-09 15:18:17,1,1,1,1932.4,0,26.7,869,1726,0,0.00,0.00,0,1,2.09,0.00,1625
2026-05-09 15:18:17,1,1,1,1933.8,0,26.6,866,1729,0,0.00,0.00,0,1,2.09,0.00,1625
2026-05-09 15:18:17,1,1,1,1933.8,0,26.6,866,1729,0,0.00,0.00,0,1,2.25,0.00,8705
2026-05-09 15:18:17,1,1,1,1936.9,0,26.5,863,1734,0,0.00,0.00,0,1,2.25,0.00,8705
2026-05-09 15:18:17,1,1,1,1936.9,0,26.5,863,1734,1,2.25,0.00,9860,1,2.25,0.00,9860
2026-05-09 15:18:17,1,1,1,1940.5,0,26.3,861,1739,1,2.25,0.00,9860,1,2.25,0.00,9860
2026-05-09 15:18:17,1,1,1,1943.6,0,26.2,858,1744,1,2.25,0.00,9133,1,2.25,0.00,9133
2026-05-09 15:18:17,1,1,1,1943.6,0,26.2,858,1744,1,2.25,0.00,9133,1,2.25,0.00,9133
2026-05-09 15:18:17,1,1,1,1947.3,0,26.0,854,1750,1,2.25,0.00,4941,1,2.25,0.00,4941
2026-05-09 15:18:17,1,1,1,1947.3,0,26.0,854,1750,1,2.25,0.00,4941,1,2.25,0.00,4941
2026-05-09 15:18:17,1,1,1,1950.0,0,25.8,850,1755,1,2.25,0.00,4941,1,2.25,0.00,4941
2026-05-09 15:18:17,1,1,1,1950.0,0,25.8,850,1755,1,2.25,0.00,4941,1,2.25,0.00,4941
2026-05-09 15:18:17,1,1,1,1952.4,0,25.6,843,1761,1,2.25,0.00,4941,1,2.25,0.00,4941
2026-05-09 15:18:17,1,1,1,1952.4,0,25.6,843,1761,1,2.25,0.00,4941,1,2.25,0.00,4941
2026-05-09 15:18:17,1,1,1,1955.2,0,25.3,837,1767,1,2.25,0.00,4941,1,2.25,0.00,4941
2026-05-09 15:18:18,1,1,1,1958.6,0,25.0,828,1775,1,2.25,0.00,4941,1,2.25,0.00,4941
2026-05-09 15:18:18,1,1,1,1958.6,0,25.0,828,1775,1,2.25,0.00,4941,1,2.25,0.00,4941
2026-05-09 15:18:18,1,1,1,1959.6,0,24.5,813,1783,1,2.25,0.00,4941,1,2.25,0.00,4941
2026-05-09 15:18:18,1,1,1,1959.6,0,24.5,813,1783,1,2.25,0.00,4941,1,2.25,0.00,4941
2026-05-09 15:18:18,1,1,1,1962.0,0,22.9,762,1808,1,2.25,0.00,4941,1,2.25,0.00,4941
2026-05-09 15:18:18,1,1,1,1962.0,0,22.9,762,1808,1,2.11,0.00,7625,1,2.11,0.00,7625
2026-05-09 15:18:18,1,1,1,1962.4,0,22.5,751,1813,1,2.11,0.00,7625,1,2.11,0.00,7625
2026-05-09 15:18:18,1,1,1,1965.3,0,22.4,749,1817,1,2.08,0.00,10240,1,2.08,0.00,10240
2026-05-09 15:18:18,1,1,1,1965.3,0,22.4,749,1817,1,2.08,0.00,10240,1,2.08,0.00,10240
2026-05-09 15:18:18,1,1,1,1967.4,8,22.5,752,1818,1,2.08,0.00,10240,1,2.08,0.00,10240
2026-05-09 15:18:18,1,1,1,1967.4,8,22.5,752,1818,1,2.08,0.00,10240,1,2.08,0.00,10240
2026-05-09 15:18:18,1,1,1,1970.9,0,22.5,754,1821,1,2.09,0.01,1306,1,2.09,0.01,1306
2026-05-09 15:18:18,1,1,1,1970.9,0,22.5,754,1821,1,2.09,0.01,1306,1,2.09,0.01,1306
2026-05-09 15:18:18,1,1,1,1974.4,0,22.7,763,1821,1,2.15,0.01,677,1,2.15,0.01,677
2026-05-09 15:18:18,1,1,1,1974.4,0,22.7,763,1821,1,2.15,0.01,677,1,2.15,0.01,677
2026-05-09 15:18:18,1,1,1,1978.4,0,22.9,771,1822,1,2.18,0.02,1960,1,2.18,0.02,1960
2026-05-09 15:18:18,1,1,1,1983.5,0,23.5,791,1819,0,0.00,0.00,0,1,2.18,0.02,1960
2026-05-09 15:18:18,1,1,1,1983.5,0,23.5,791,1819,0,0.00,0.00,0,1,2.24,0.04,2450
2026-05-09 15:18:18,1,1,1,1987.8,0,23.9,804,1818,0,0.00,0.00,0,1,2.24,0.04,2450
2026-05-09 15:18:18,1,1,1,1987.8,0,23.9,804,1818,0,0.00,0.00,0,1,2.24,0.04,2450
2026-05-09 15:18:19,1,1,1,1991.2,0,23.7,801,1823,0,0.00,0.00,0,1,2.24,0.04,2450
2026-05-09 15:18:19,1,1,1,1991.2,0,23.7,801,1823,0,0.00,0.00,0,1,2.24,0.04,2450
2026-05-09 15:18:19,1,1,1,1992.1,0,23.5,794,1827,0,0.00,0.00,0,1,2.24,0.04,2450
2026-05-09 15:18:19,1,1,1,1991.3,-8,23.0,778,1833,0,0.00,0.00,0,1,2.24,0.04,2450
2026-05-09 15:18:19,1,1,1,1991.3,-8,23.0,778,1833,0,0.00,0.00,0,1,2.24,0.04,2450
2026-05-09 15:18:19,1,1,1,1986.8,-8,22.2,752,1839,0,0.00,0.00,0,1,2.24,0.04,2450
2026-05-09 15:18:19,1,1,1,1986.8,-8,22.2,752,1839,0,0.00,0.00,0,1,2.24,0.04,2450
2026-05-09 15:18:19,1,1,1,1977.2,0,20.1,679,1857,0,0.00,0.00,0,1,2.24,0.04,2450
2026-05-09 15:18:19,1,1,1,1977.2,0,20.1,679,1857,0,0.00,0.00,0,1,2.24,0.04,2450
2026-05-09 15:18:19,1,1,1,1975.6,-16,19.2,649,1866,0,0.00,0.00,0,1,2.24,0.04,2450
2026-05-09 15:18:19,1,1,1,1975.6,-16,19.2,649,1866,0,0.00,0.00,0,1,2.24,0.04,2450
2026-05-09 15:18:19,1,1,1,1976.5,-32,18.9,640,1870,0,0.00,0.00,0,1,2.24,0.04,2450
2026-05-09 15:18:19,1,1,1,1975.8,-24,18.8,638,1870,0,0.00,0.00,0,0,0.00,0.00,0
2026-05-09 15:18:19,1,1,1,1975.8,-24,18.8,638,1870,0,0.00,0.00,0,0,0.00,0.00,0
2026-05-09 15:18:19,1,1,1,1976.1,-16,18.7,633,1872,0,0.00,0.00,0,0,0.00,0.00,0
2026-05-09 15:18:19,1,1,1,1976.1,-16,18.7,633,1872,0,0.00,0.00,0,0,0.00,0.00,0
2026-05-09 15:18:19,1,1,1,1972.9,-24,18.5,626,1871,0,0.00,0.00,0,0,0.00,0.00,0
2026-05-09 15:18:19,1,1,1,1972.9,-24,18.5,626,1871,0,0.00,0.00,0,0,0.00,0.00,0
2026-05-09 15:18:19,1,1,1,1968.2,-8,18.2,614,1870,0,0.00,0.00,0,0,0.00,0.00,0
2026-05-09 15:18:19,1,1,1,1962.3,0,17.7,598,1869,0,0.00,0.00,0,1,2.00,0.00,9826
2026-05-09 15:18:20,1,1,1,1962.3,0,17.7,598,1869,0,0.00,0.00,0,1,2.00,0.00,9826
2026-05-09 15:18:20,1,1,1,1956.9,0,17.2,580,1869,1,2.00,0.00,3866,1,2.00,0.00,3866
2026-05-09 15:18:20,1,1,1,1956.9,0,17.2,580,1869,1,2.00,0.00,3866,1,2.00,0.00,3866
2026-05-09 15:18:20,1,1,1,1956.0,-8,16.9,567,1872,1,2.00,0.00,3866,1,2.00,0.00,3866
2026-05-09 15:18:20,1,1,1,1956.0,-8,16.9,567,1872,1,2.00,0.00,3866,1,2.00,0.00,3866
2026-05-09 15:18:20,1,1,1,1955.0,8,16.3,550,1876,1,2.00,0.00,3866,1,2.00,0.00,3866
2026-05-09 15:18:20,1,1,1,1955.0,8,16.3,550,1876,1,2.00,0.00,3866,1,2.00,0.00,3866
2026-05-09 15:18:20,1,1,1,1958.4,0,15.7,531,1885,1,2.00,0.00,3866,1,2.00,0.00,3866
2026-05-09 15:18:20,1,1,1,1973.9,0,14.6,498,1910,1,2.00,0.00,3866,1,2.00,0.00,3866
2026-05-09 15:18:20,1,1,1,1973.9,0,14.6,498,1910,1,2.00,0.00,3866,1,2.00,0.00,3866
2026-05-09 15:18:20,1,1,1,2016.1,32,11.4,400,1976,1,2.00,0.00,3866,1,2.00,0.00,3866
2026-05-09 15:18:20,1,1,1,2016.1,32,11.4,400,1976,1,2.00,0.00,3866,1,2.00,0.00,3866
2026-05-09 15:18:20,1,1,1,2161.6,0,6.2,233,2149,1,2.00,0.00,3866,1,2.00,0.00,3866
2026-05-09 15:18:20,1,1,1,2161.6,0,6.2,233,2149,1,3.25,0.01,10525,1,3.25,0.01,10525
2026-05-09 15:18:20,1,1,1,2283.7,16,2.2,89,2282,1,3.25,0.01,10525,1,3.25,0.01,10525
2026-05-09 15:18:20,1,1,1,2426.2,0,-0.7,-30,2426,1,2.68,0.09,9418,1,2.68,0.09,9418
2026-05-09 15:18:20,1,1,1,2426.2,0,-0.7,-30,2426,1,2.68,0.09,9418,1,2.68,0.09,9418
2026-05-09 15:18:20,1,1,1,2557.7,8,-3.1,-138,2554,1,2.69,0.09,9418,1,2.69,0.09,9418
2026-05-09 15:18:20,1,1,1,2557.7,8,-3.1,-138,2554,1,2.69,0.09,9418,1,2.69,0.09,9418
2026-05-09 15:18:20,1,1,1,2485.1,8,-4.9,-212,2476,1,2.69,0.09,9418,1,2.69,0.09,9418
2026-05-09 15:18:21,1,1,1,2485.1,8,-4.9,-212,2476,1,2.69,0.09,9418,1,2.69,0.09,9418
2026-05-09 15:18:21,1,1,1,2415.2,8,-7.0,-296,2397,1,2.69,0.09,9418,1,2.69,0.09,9418
2026-05-09 15:18:21,1,1,1,2415.2,8,-7.0,-296,2397,1,2.69,0.09,9418,1,2.69,0.09,9418
2026-05-09 15:18:21,1,1,1,2366.4,0,-8.7,-359,2339,1,2.69,0.09,9418,1,2.69,0.09,9418
2026-05-09 15:18:21,1,1,1,2331.3,8,-10.8,-437,2290,1,2.69,0.09,9418,1,2.69,0.09,9418
2026-05-09 15:18:21,1,1,1,2331.3,8,-10.8,-437,2290,1,2.69,0.09,9418,1,2.69,0.09,9418
2026-05-09 15:18:21,1,1,1,2318.5,0,-13.0,-522,2259,1,2.69,0.09,9418,1,2.69,0.09,9418
2026-05-09 15:18:21,1,1,1,2318.5,0,-13.0,-522,2259,1,2.69,0.09,9418,1,2.69,0.09,9418
2026-05-09 15:18:21,1,1,1,2357.3,0,-16.1,-653,2265,1,2.69,0.09,9418,1,2.69,0.09,9418
2026-05-09 15:18:21,1,1,1,2357.3,0,-16.1,-653,2265,1,2.69,0.09,9418,1,2.69,0.09,9418
2026-05-09 15:18:21,1,1,1,2378.4,8,-18.8,-765,2252,1,0.00,0.00,0,0,0.00,0.00,0
2026-05-09 15:18:21,1,1,1,2328.3,16,-20.3,-807,2184,1,0.00,0.00,0,0,0.00,0.00,0
2026-05-09 15:18:21,1,1,1,2328.3,16,-20.3,-807,2184,1,0.00,0.00,0,0,0.00,0.00,0
2026-05-09 15:18:21,1,1,1,2273.5,24,-21.8,-844,2111,1,0.00,0.00,0,0,0.00,0.00,0
2026-05-09 15:18:21,1,1,1,2273.5,24,-21.8,-844,2111,1,0.00,0.00,0,0,0.00,0.00,0
2026-05-09 15:18:21,1,1,1,2233.5,16,-23.7,-898,2045,0,0.00,0.00,0,0,0.00,0.00,0
2026-05-09 15:18:21,1,1,1,2233.5,16,-23.7,-898,2045,0,0.00,0.00,0,0,0.00,0.00,0
2026-05-09 15:18:21,1,1,1,2200.0,64,-25.2,-936,1991,0,0.00,0.00,0,0,0.00,0.00,0
2026-05-09 15:18:21,1,1,1,2200.0,64,-25.2,-936,1991,0,0.00,0.00,0,0,0.00,0.00,0
2026-05-09 15:18:21,1,1,1,2186.9,32,-26.7,-982,1954,0,0.00,0.00,0,0,0.00,0.00,0
2026-05-09 15:18:22,1,1,1,2185.7,24,-27.9,-1022,1932,0,0.00,0.00,0,0,0.00,0.00,0
2026-05-09 15:18:22,1,1,1,2185.7,24,-27.9,-1022,1932,0,0.00,0.00,0,1,2.27,0.25,14481
2026-05-09 15:18:22,1,1,1,2185.4,8,-28.8,-1053,1915,0,0.00,0.00,0,1,2.27,0.25,14481
2026-05-09 15:18:22,1,1,1,2185.4,8,-28.8,-1053,1915,1,2.30,0.25,14481,1,2.30,0.25,14481
2026-05-09 15:18:22,1,1,1,2182.9,-8,-29.9,-1087,1893,1,2.30,0.25,14481,1,2.30,0.25,14481
2026-05-09 15:18:22,1,1,1,2182.9,-8,-29.9,-1087,1893,1,2.30,0.25,14481,1,2.30,0.25,14481
2026-05-09 15:18:22,1,1,1,2180.6,-24,-30.9,-1120,1871,1,2.30,0.25,14481,1,2.30,0.25,14481
2026-05-09 15:18:22,1,1,1,2180.6,-24,-30.9,-1120,1871,1,2.30,0.25,14481,1,2.30,0.25,14481
2026-05-09 15:18:22,1,1,1,2172.7,-32,-31.9,-1149,1844,1,2.30,0.25,14481,1,2.30,0.25,14481
2026-05-09 15:18:22,1,1,1,2165.4,-24,-32.5,-1164,1826,1,2.30,0.25,14481,1,2.30,0.25,14481
2026-05-09 15:18:22,1,1,1,2165.4,-24,-32.5,-1164,1826,1,2.30,0.25,14481,1,2.30,0.25,14481
2026-05-09 15:18:22,1,1,1,2157.1,-16,-32.6,-1161,1818,1,2.30,0.25,14481,1,2.30,0.25,14481
2026-05-09 15:18:22,1,1,1,2157.1,-16,-32.6,-1161,1818,1,2.30,0.25,14481,1,2.30,0.25,14481
2026-05-09 15:18:22,1,1,1,2154.2,-16,-32.4,-1154,1819,1,2.30,0.25,14481,1,2.30,0.25,14481
2026-05-09 15:18:22,1,1,1,2154.2,-16,-32.4,-1154,1819,1,2.30,0.25,14481,1,2.30,0.25,14481
2026-05-09 15:18:22,1,1,1,2152.6,-24,-32.3,-1151,1819,1,2.30,0.25,14481,1,2.30,0.25,14481
2026-05-09 15:18:22,1,1,1,2149.4,-24,-32.2,-1145,1819,1,0.00,0.00,0,0,0.00,0.00,0
2026-05-09 15:18:22,1,1,1,2149.4,-24,-32.2,-1145,1819,1,2.24,-0.23,20392,1,2.24,-0.23,20392
2026-05-09 15:18:22,1,1,1,2144.3,-32,-32.0,-1137,1818,1,2.24,-0.23,20392,1,2.24,-0.23,20392
2026-05-09 15:18:22,1,1,1,2144.3,-32,-32.0,-1137,1818,1,2.22,-0.23,20392,1,2.22,-0.23,20392
2026-05-09 15:18:23,1,1,1,2140.9,0,-31.8,-1129,1819,1,2.22,-0.23,20392,1,2.22,-0.23,20392
2026-05-09 15:18:23,1,1,1,2140.9,0,-31.8,-1129,1819,1,2.08,-0.45,27765,1,2.08,-0.45,27765
2026-05-09 15:18:23,1,1,1,2165.4,0,-31.8,-1140,1841,1,2.08,-0.45,27765,1,2.08,-0.45,27765
2026-05-09 15:18:23,1,1,1,2165.4,0,-31.8,-1140,1841,1,2.03,-0.45,27765,1,2.03,-0.45,27765
2026-05-09 15:18:23,1,1,1,2194.9,-48,-31.7,-1154,1867,1,2.03,-0.45,27765,1,2.03,-0.45,27765
2026-05-09 15:18:23,1,1,1,2183.2,-39,-31.0,-1125,1871,1,1.99,-0.43,18852,1,1.99,-0.43,18852
2026-05-09 15:18:23,1,1,1,2183.2,-39,-31.0,-1125,1871,1,1.99,-0.43,18852,1,1.99,-0.43,18852
2026-05-09 15:18:23,1,1,1,2170.9,-16,-30.6,-1106,1868,1,1.95,-0.43,18852,1,1.95,-0.43,18852
2026-05-09 15:18:23,1,1,1,2170.9,-16,-30.6,-1106,1868,1,1.95,-0.43,18852,1,1.95,-0.43,18852
2026-05-09 15:18:23,1,1,1,2126.1,-24,-29.5,-1046,1851,1,1.95,-0.36,22600,1,1.95,-0.36,22600
2026-05-09 15:18:23,1,1,1,2126.1,-24,-29.5,-1046,1851,1,1.95,-0.36,22600,1,1.95,-0.36,22600
2026-05-09 15:18:23,1,1,1,2033.1,0,-27.0,-922,1812,1,2.22,-0.20,3874,1,2.22,-0.20,3874
2026-05-09 15:18:23,1,1,1,2166.4,0,-22.7,-835,1999,1,2.22,-0.20,3874,1,2.22,-0.20,3874
2026-05-09 15:18:23,1,1,1,2166.4,0,-22.7,-835,1999,1,2.41,-0.10,3172,1,2.41,-0.10,3172
2026-05-09 15:18:23,1,1,1,2324.0,0,-18.9,-752,2199,1,2.41,-0.10,3172,1,2.41,-0.10,3172
2026-05-09 15:18:23,1,1,1,2324.0,0,-18.9,-752,2199,1,2.54,-0.04,2792,1,2.54,-0.04,2792
2026-05-09 15:18:23,1,1,1,2474.8,24,-15.8,-675,2381,1,2.54,-0.04,2792,1,2.54,-0.04,2792
2026-05-09 15:18:23,1,1,1,2474.8,24,-15.8,-675,2381,1,2.54,-0.04,2792,1,2.54,-0.04,2792
2026-05-09 15:18:23,1,1,1,2448.7,32,-13.7,-580,2379,1,2.54,-0.04,2792,1,2.54,-0.04,2792
2026-05-09 15:18:23,1,1,1,2448.7,32,-13.7,-580,2379,1,2.54,-0.04,2792,1,2.54,-0.04,2792
2026-05-09 15:18:24,1,1,1,2412.5,0,-11.7,-491,2362,0,0.00,0.00,0,1,2.54,-0.04,2792
2026-05-09 15:18:24,1,1,1,2325.8,16,-9.9,-401,2291,0,0.00,0.00,0,1,2.54,-0.04,2792
2026-05-09 15:18:24,1,1,1,2325.8,16,-9.9,-401,2291,0,0.00,0.00,0,1,2.54,-0.04,2792
2026-05-09 15:18:24,1,1,1,2229.5,16,-7.8,-302,2209,0,0.00,0.00,0,1,3.25,0.02,12605
2026-05-09 15:18:24,1,1,1,2229.5,16,-7.8,-302,2209,0,0.00,0.00,0,1,3.25,0.02,12605
2026-05-09 15:18:24,1,1,1,2135.0,0,-5.5,-206,2125,1,2.76,0.00,3121,1,2.76,0.00,3121
2026-05-09 15:18:24,1,1,1,2135.0,0,-5.5,-206,2125,1,2.76,0.00,3121,1,2.76,0.00,3121
2026-05-09 15:18:24,1,1,1,2070.6,24,-2.9,-103,2068,1,2.76,0.00,3121,1,2.76,0.00,3121
2026-05-09 15:18:24,1,1,1,2041.0,24,0.3,12,2041,1,2.76,0.00,3121,1,2.76,0.00,3121
2026-05-09 15:18:24,1,1,1,2041.0,24,0.3,12,2041,1,2.76,0.00,3121,1,2.76,0.00,3121
2026-05-09 15:18:24,1,1,1,2028.7,8,3.5,123,2025,1,2.76,0.00,3121,1,2.76,0.00,3121
2026-05-09 15:18:24,1,1,1,2028.7,8,3.5,123,2025,1,2.76,0.00,3121,1,2.76,0.00,3121
2026-05-09 15:18:24,1,1,1,2026.4,24,6.6,233,2013,1,2.76,0.00,3121,1,2.76,0.00,3121
2026-05-09 15:18:24,1,1,1,2026.4,24,6.6,233,2013,1,2.76,0.00,3121,1,2.76,0.00,3121
2026-05-09 15:18:24,1,1,1,2028.0,32,9.7,342,1999,1,2.76,0.00,3121,1,2.76,0.00,3121
2026-05-09 15:18:24,1,1,1,2028.0,32,9.7,342,1999,1,2.76,0.00,3121,1,2.76,0.00,3121
2026-05-09 15:18:24,1,1,1,2013.8,24,12.5,436,1966,1,2.76,0.00,3121,1,2.76,0.00,3121
2026-05-09 15:18:24,1,1,1,2015.4,24,14.9,517,1948,1,2.76,0.00,3121,1,2.76,0.00,3121
2026-05-09 15:18:24,1,1,1,2015.4,24,14.9,517,1948,1,2.76,0.00,3121,1,2.76,0.00,3121
2026-05-09 15:18:24,1,1,1,2016.2,32,17.5,606,1923,1,2.76,0.00,3121,1,2.76,0.00,3121
2026-05-09 15:18:25,1,1,1,2016.2,32,17.5,606,1923,1,0.00,0.00,0,0,0.00,0.00,0
2026-05-09 15:18:25,1,1,1,2031.2,32,20.0,694,1909,1,0.00,0.00,0,0,0.00,0.00,0
2026-05-09 15:18:25,1,1,1,2031.2,32,20.0,694,1909,1,0.00,0.00,0,0,0.00,0.00,0
2026-05-09 15:18:25,1,1,1,2057.2,48,22.3,779,1904,1,0.00,0.00,0,0,0.00,0.00,0
2026-05-09 15:18:25,1,1,1,2080.6,48,24.1,850,1899,1,0.00,0.00,0,0,0.00,0.00,0
2026-05-09 15:18:25,1,1,1,2080.6,48,24.1,850,1899,0,0.00,0.00,0,0,0.00,0.00,0
2026-05-09 15:18:25,1,1,1,2107.6,39,25.5,908,1902,0,0.00,0.00,0,0,0.00,0.00,0
2026-05-09 15:18:25,1,1,1,2107.6,39,25.5,908,1902,0,0.00,0.00,0,0,0.00,0.00,0
2026-05-09 15:18:25,1,1,1,2137.2,24,26.8,963,1908,0,0.00,0.00,0,0,0.00,0.00,0
2026-05-09 15:18:25,1,1,1,2137.2,24,26.8,963,1908,0,0.00,0.00,0,0,0.00,0.00,0
2026-05-09 15:18:25,1,1,1,2174.0,16,27.8,1014,1923,0,0.00,0.00,0,0,0.00,0.00,0
2026-05-09 15:18:25,1,1,1,2174.0,16,27.8,1014,1923,0,0.00,0.00,0,0,0.00,0.00,0
2026-05-09 15:18:25,1,1,1,2213.4,56,28.3,1049,1949,0,0.00,0.00,0,0,0.00,0.00,0
2026-05-09 15:18:25,1,1,1,2240.7,16,28.9,1084,1961,0,0.00,0.00,0,0,0.00,0.00,0
2026-05-09 15:18:25,1,1,1,2240.7,16,28.9,1084,1961,0,0.00,0.00,0,0,0.00,0.00,0
2026-05-09 15:18:25,1,1,1,2286.2,-8,29.8,1136,1984,0,0.00,0.00,0,0,0.00,0.00,0
2026-05-09 15:18:25,1,1,1,2286.2,-8,29.8,1136,1984,0,0.00,0.00,0,0,0.00,0.00,0
2026-05-09 15:18:25,1,1,1,2316.6,0,30.3,1169,2000,0,0.00,0.00,0,0,0.00,0.00,0
2026-05-09 15:18:25,1,1,1,2316.6,0,30.3,1169,2000,0,0.00,0.00,0,0,0.00,0.00,0
2026-05-09 15:18:25,1,1,1,2338.3,8,30.1,1171,2024,0,0.00,0.00,0,0,0.00,0.00,0
2026-05-09 15:18:26,1,1,1,2364.6,8,29.8,1175,2052,0,0.00,0.00,0,0,0.00,0.00,0
2026-05-09 15:18:26,1,1,1,2364.6,8,29.8,1175,2052,0,0.00,0.00,0,0,0.00,0.00,0
2026-05-09 15:18:26,1,1,1,2374.6,-16,29.4,1167,2068,0,0.00,0.00,0,0,0.00,0.00,0
2026-05-09 15:18:26,1,1,1,2374.6,-16,29.4,1167,2068,0,0.00,0.00,0,0,0.00,0.00,0
2026-05-09 15:18:26,1,1,1,2374.5,-16,28.9,1149,2078,0,0.00,0.00,0,0,0.00,0.00,0
2026-05-09 15:18:26,1,1,1,2374.5,-16,28.9,1149,2078,0,0.00,0.00,0,0,0.00,0.00,0
2026-05-09 15:18:26,1,1,1,2367.3,-48,28.6,1134,2078,0,0.00,0.00,0,0,0.00,0.00,0
2026-05-09 15:18:26,1,1,1,2367.3,-48,28.6,1134,2078,0,0.00,0.00,0,0,0.00,0.00,0
2026-05-09 15:18:26,1,1,1,2356.2,-39,28.0,1107,2080,0,0.00,0.00,0,0,0.00,0.00,0
2026-05-09 15:18:26,1,1,1,2341.7,-39,27.1,1066,2085,0,0.00,0.00,0,0,0.00,0.00,0
2026-05-09 15:18:26,1,1,1,2341.7,-39,27.1,1066,2085,0,0.00,0.00,0,0,0.00,0.00,0
2026-05-09 15:18:26,1,1,1,2315.4,-39,24.8,973,2101,0,0.00,0.00,0,0,0.00,0.00,0
2026-05-09 15:18:26,1,1,1,2315.4,-39,24.8,973,2101,0,0.00,0.00,0,0,0.00,0.00,0
2026-05-09 15:18:26,1,1,1,2287.8,-32,22.5,877,2113,0,0.00,0.00,0,0,0.00,0.00,0
2026-05-09 15:18:26,1,1,1,2287.8,-32,22.5,877,2113,0,0.00,0.00,0,0,0.00,0.00,0
2026-05-09 15:18:26,1,1,1,2260.9,-16,20.3,783,2121,0,0.00,0.00,0,1,2.28,-0.20,8653
2026-05-09 15:18:26,1,1,1,2260.9,-16,20.3,783,2121,0,0.00,0.00,0,1,2.28,-0.20,8653
2026-05-09 15:18:26,1,1,1,2238.0,-8,18.0,693,2128,1,2.26,-0.20,8653,1,2.26,-0.20,8653
2026-05-09 15:18:26,1,1,1,2215.3,-8,16.4,626,2125,1,2.26,-0.20,8653,1,2.26,-0.20,8653
2026-05-09 15:18:26,1,1,1,2215.3,-8,16.4,626,2125,1,2.25,-0.09,2645,1,2.25,-0.09,2645
2026-05-09 15:18:27,1,1,1,2201.4,-8,14.7,560,2129,1,2.25,-0.09,2645,1,2.25,-0.09,2645
2026-05-09 15:18:27,1,1,1,2201.4,-8,14.7,560,2129,1,2.24,-0.09,2645,1,2.24,-0.09,2645
2026-05-09 15:18:27,1,1,1,2238.5,0,11.4,444,2194,1,2.24,-0.09,2645,1,2.24,-0.09,2645
2026-05-09 15:18:27,1,1,1,2238.5,0,11.4,444,2194,1,2.28,0.02,5065,1,2.28,0.02,5065
2026-05-09 15:18:27,1,1,1,2346.4,0,6.1,250,2333,1,2.28,0.02,5065,1,2.28,0.02,5065
2026-05-09 15:18:27,1,1,1,2484.0,0,1.7,72,2483,1,2.29,0.02,5065,1,2.29,0.02,5065
2026-05-09 15:18:27,1,1,1,2484.0,0,1.7,72,2483,1,2.29,0.02,5065,1,2.29,0.02,5065
2026-05-09 15:18:27,1,1,1,2612.4,0,-1.8,-84,2611,1,2.29,0.02,5065,1,2.29,0.02,5065
2026-05-09 15:18:27,1,1,1,2612.4,0,-1.8,-84,2611,1,2.29,0.02,5065,1,2.29,0.02,5065
2026-05-09 15:18:27,1,1,1,2687.8,8,-4.4,-204,2680,1,2.29,0.02,5065,1,2.29,0.02,5065
2026-05-09 15:18:27,1,1,1,2687.8,8,-4.4,-204,2680,1,2.29,0.02,5065,1,2.29,0.02,5065
2026-05-09 15:18:27,1,1,1,2612.2,8,-5.8,-262,2599,1,2.25,0.23,4545,1,2.25,0.23,4545
2026-05-09 15:18:27,1,1,1,2612.2,8,-5.8,-262,2599,1,2.25,0.23,4545,1,2.25,0.23,4545
2026-05-09 15:18:27,1,1,1,2538.9,0,-6.8,-301,2521,1,2.26,0.23,5065,1,2.26,0.23,5065
2026-05-09 15:18:27,1,1,1,2492.6,0,-7.9,-342,2469,1,2.26,0.23,5065,1,2.26,0.23,5065
2026-05-09 15:18:27,1,1,1,2492.6,0,-7.9,-342,2469,1,2.29,0.23,5065,1,2.29,0.23,5065
2026-05-09 15:18:27,1,1,1,2416.5,0,-9.3,-389,2385,1,2.29,0.23,5065,1,2.29,0.23,5065
2026-05-09 15:18:27,1,1,1,2416.5,0,-9.3,-389,2385,1,2.29,0.23,5065,1,2.29,0.23,5065
2026-05-09 15:18:27,1,1,1,2361.9,0,-10.8,-443,2320,1,2.29,0.23,5065,1,2.29,0.23,5065
2026-05-09 15:18:27,1,1,1,2361.9,0,-10.8,-443,2320,1,2.29,0.23,5065,1,2.29,0.23,5065
2026-05-09 15:18:28,1,1,1,2374.9,0,-12.2,-503,2321,1,2.29,0.23,5065,1,2.29,0.23,5065
2026-05-09 15:18:28,1,1,1,2373.7,16,-14.3,-587,2300,1,2.29,0.23,5065,1,2.29,0.23,5065
2026-05-09 15:18:28,1,1,1,2373.7,16,-14.3,-587,2300,1,2.29,0.23,5065,1,2.29,0.23,5065
2026-05-09 15:18:28,1,1,1,2403.4,0,-16.5,-684,2304,1,2.29,0.23,5065,1,2.29,0.23,5065
2026-05-09 15:18:28,1,1,1,2403.4,0,-16.5,-684,2304,1,2.29,0.23,5065,1,2.29,0.23,5065
2026-05-09 15:18:28,1,1,1,2514.4,0,-19.4,-837,2371,1,2.29,0.23,5065,1,2.29,0.23,5065
2026-05-09 15:18:28,1,1,1,2514.4,0,-19.4,-837,2371,1,2.29,0.23,5065,1,2.29,0.23,5065
2026-05-09 15:18:28,1,1,1,2634.5,0,-21.5,-966,2451,1,2.49,0.34,4964,1,2.49,0.34,4964
2026-05-09 15:18:28,1,1,1,2634.5,0,-21.5,-966,2451,1,2.49,0.34,4964,1,2.49,0.34,4964
2026-05-09 15:18:28,1,1,1,2751.1,0,-23.2,-1083,2529,1,2.51,0.41,12004,1,2.51,0.41,12004
2026-05-09 15:18:28,1,1,1,2858.6,39,-24.5,-1186,2601,1,2.51,0.41,12004,1,2.51,0.41,12004
2026-05-09 15:18:28,1,1,1,2858.6,39,-24.5,-1186,2601,1,2.55,0.41,12004,1,2.55,0.41,12004
2026-05-09 15:18:28,1,1,1,2819.1,24,-25.8,-1225,2539,1,2.55,0.41,12004,1,2.55,0.41,12004
2026-05-09 15:18:28,1,1,1,2819.1,24,-25.8,-1225,2539,1,2.56,0.43,9629,1,2.56,0.43,9629
2026-05-09 15:18:28,1,1,1,2743.7,39,-26.9,-1241,2447,1,2.56,0.43,9629,1,2.56,0.43,9629
2026-05-09 15:18:28,1,1,1,2743.7,39,-26.9,-1241,2447,1,2.58,0.38,20345,1,2.58,0.38,20345
2026-05-09 15:18:28,1,1,1,2669.4,32,-28.0,-1255,2356,1,2.58,0.38,20345,1,2.58,0.38,20345
2026-05-09 15:18:28,1,1,1,2616.7,56,-28.7,-1257,2295,1,2.61,0.38,20345,1,2.61,0.38,20345
2026-05-09 15:18:28,1,1,1,2616.7,56,-28.7,-1257,2295,1,2.61,0.38,20345,1,2.61,0.38,20345
2026-05-09 15:18:28,1,1,1,2586.2,56,-29.0,-1252,2263,1,2.61,0.38,20345,1,2.61,0.38,20345
2026-05-09 15:18:29,1,1,1,2586.2,56,-29.0,-1252,2263,1,2.61,0.38,20345,1,2.61,0.38,20345
2026-05-09 15:18:29,1,1,1,2557.8,0,-29.5,-1258,2227,1,2.61,0.38,20345,1,2.61,0.38,20345
2026-05-09 15:18:29,1,1,1,2557.8,0,-29.5,-1258,2227,1,2.61,0.38,20345,1,2.61,0.38,20345
2026-05-09 15:18:29,1,1,1,2545.3,8,-29.7,-1261,2211,1,2.61,0.38,20345,1,2.61,0.38,20345
2026-05-09 15:18:29,1,1,1,2545.3,8,-29.7,-1261,2211,1,2.61,0.38,20345,1,2.61,0.38,20345
2026-05-09 15:18:29,1,1,1,2537.0,8,-30.0,-1267,2198,1,2.61,0.38,20345,1,2.61,0.38,20345
2026-05-09 15:18:29,1,1,1,2533.9,0,-30.3,-1278,2188,1,2.61,0.38,20345,1,2.61,0.38,20345
2026-05-09 15:18:29,1,1,1,2533.9,0,-30.3,-1278,2188,1,2.61,0.38,20345,1,2.61,0.38,20345
2026-05-09 15:18:29,1,1,1,2525.9,-8,-30.5,-1281,2177,1,2.61,0.38,20345,1,2.61,0.38,20345
2026-05-09 15:18:29,1,1,1,2525.9,-8,-30.5,-1281,2177,1,2.61,0.38,20345,1,2.61,0.38,20345
2026-05-09 15:18:29,1,1,1,2529.1,-8,-30.8,-1294,2173,1,0.00,0.00,0,0,0.00,0.00,0
2026-05-09 15:18:29,1,1,1,2529.1,-8,-30.8,-1294,2173,1,0.00,0.00,0,0,0.00,0.00,0
2026-05-09 15:18:29,1,1,1,2527.2,-24,-30.9,-1297,2169,1,0.00,0.00,0,0,0.00,0.00,0
2026-05-09 15:18:29,1,1,1,2515.4,-48,-31.1,-1299,2154,1,2.52,-0.22,3610,1,2.52,-0.22,3610
2026-05-09 15:18:29,1,1,1,2515.4,-48,-31.1,-1299,2154,1,2.52,-0.22,3610,1,2.52,-0.22,3610
2026-05-09 15:18:29,1,1,1,2497.7,-48,-31.0,-1288,2140,1,2.50,-0.22,3610,1,2.50,-0.22,3610
2026-05-09 15:18:29,1,1,1,2497.7,-48,-31.0,-1288,2140,1,2.50,-0.22,3610,1,2.50,-0.22,3610
2026-05-09 15:18:29,1,1,1,2482.1,0,-30.9,-1276,2129,1,2.46,-0.46,7184,1,2.46,-0.46,7184
2026-05-09 15:18:29,1,1,1,2482.1,0,-30.9,-1276,2129,1,2.46,-0.46,7184,1,2.46,-0.46,7184
2026-05-09 15:18:29,1,1,1,2536.1,0,-31.0,-1306,2174,1,2.73,-0.26,2962,1,2.73,-0.26,2962
2026-05-09 15:18:30,1,1,1,2536.1,0,-31.0,-1306,2174,1,2.73,-0.26,2962,1,2.73,-0.26,2962
2026-05-09 15:18:30,1,1,1,2559.1,-39,-31.0,-1319,2193,1,2.71,-0.26,2962,1,2.71,-0.26,2962
2026-05-09 15:18:30,1,1,1,2621.2,0,-31.1,-1353,2245,1,2.71,-0.26,2962,1,2.71,-0.26,2962
2026-05-09 15:18:30,1,1,1,2621.2,0,-31.1,-1353,2245,1,2.71,-0.26,2962,1,2.71,-0.26,2962
2026-05-09 15:18:30,1,1,1,2680.5,-16,-31.1,-1385,2295,0,0.00,0.00,0,1,2.71,-0.26,2962
2026-05-09 15:18:30,1,1,1,2680.5,-16,-31.1,-1385,2295,0,0.00,0.00,0,1,2.71,-0.26,2962
2026-05-09 15:18:30,1,1,1,2609.2,-16,-30.0,-1304,2260,0,0.00,0.00,0,1,2.71,-0.26,2962
2026-05-09 15:18:30,1,1,1,2609.2,-16,-30.0,-1304,2260,0,0.00,0.00,0,1,2.71,-0.26,2962
2026-05-09 15:18:30,1,1,1,2523.1,0,-28.7,-1210,2214,0,0.00,0.00,0,1,2.71,-0.26,2962
2026-05-09 15:18:30,1,1,1,2582.4,0,-25.9,-1130,2322,0,0.00,0.00,0,1,2.71,-0.26,2962
2026-05-09 15:18:30,1,1,1,2582.4,0,-25.9,-1130,2322,0,0.00,0.00,0,1,2.71,-0.26,2962
2026-05-09 15:18:30,1,1,1,2661.0,0,-22.7,-1029,2454,0,0.00,0.00,0,1,2.71,-0.26,2962
2026-05-09 15:18:30,1,1,1,2661.0,0,-22.7,-1029,2454,0,0.00,0.00,0,1,2.71,-0.26,2962
2026-05-09 15:18:30,1,1,1,2732.2,16,-19.7,-919,2573,0,0.00,0.00,0,1,2.71,-0.26,2962
2026-05-09 15:18:30,1,1,1,2732.2,16,-19.7,-919,2573,0,0.00,0.00,0,0,0.00,0.00,0
2026-05-09 15:18:30,1,1,1,2771.4,0,-17.0,-808,2651,0,0.00,0.00,0,0,0.00,0.00,0
2026-05-09 15:18:30,1,1,1,2771.4,0,-17.0,-808,2651,0,0.00,0.00,0,0,0.00,0.00,0
2026-05-09 15:18:30,1,1,1,2758.8,8,-14.7,-698,2669,0,0.00,0.00,0,0,0.00,0.00,0
2026-05-09 15:18:30,1,1,1,2665.2,16,-12.5,-577,2602,0,0.00,0.00,0,0,0.00,0.00,0
2026-05-09 15:18:30,1,1,1,2665.2,16,-12.5,-577,2602,0,0.00,0.00,0,1,2.28,0.07,8641
2026-05-09 15:18:31,1,1,1,2578.9,0,-10.3,-463,2537,0,0.00,0.00,0,1,2.28,0.07,8641
2026-05-09 15:18:31,1,1,1,2578.9,0,-10.3,-463,2537,1,2.76,0.06,4925,1,2.76,0.06,4925
2026-05-09 15:18:31,1,1,1,2637.4,0,-9.9,-454,2598,1,2.76,0.06,4925,1,2.76,0.06,4925
2026-05-09 15:18:31,1,1,1,2637.4,0,-9.9,-454,2598,1,2.77,0.06,4925,1,2.77,0.06,4925
2026-05-09 15:18:31,1,1,1,2696.1,-8,-9.5,-446,2659,1,2.77,0.06,4925,1,2.77,0.06,4925
2026-05-09 15:18:31,1,1,1,2696.1,-8,-9.5,-446,2659,1,2.77,0.06,4925,1,2.77,0.06,4925
2026-05-09 15:18:31,1,1,1,2721.1,0,-8.4,-397,2692,1,2.77,0.06,4925,1,2.77,0.06,4925
2026-05-09 15:18:31,1,1,1,2716.2,0,-7.2,-339,2695,1,2.77,0.06,4925,1,2.77,0.06,4925
2026-05-09 15:18:31,1,1,1,2716.2,0,-7.2,-339,2695,1,2.77,0.06,4925,1,2.77,0.06,4925
2026-05-09 15:18:31,1,1,1,2685.9,8,-5.2,-242,2675,1,2.77,0.06,4925,1,2.77,0.06,4925
2026-05-09 15:18:31,1,1,1,2685.9,8,-5.2,-242,2675,1,2.77,0.06,4925,1,2.77,0.06,4925
2026-05-09 15:18:31,1,1,1,2587.1,16,-2.3,-105,2585,1,2.77,0.06,4925,1,2.77,0.06,4925
2026-05-09 15:18:31,1,1,1,2587.1,16,-2.3,-105,2585,1,2.77,0.06,4925,1,2.77,0.06,4925
2026-05-09 15:18:31,1,1,1,2473.5,8,1.2,50,2473,1,2.77,0.06,4925,1,2.77,0.06,4925
2026-05-09 15:18:31,1,1,1,2395.8,32,4.3,180,2389,1,2.77,0.06,4925,1,2.77,0.06,4925
2026-05-09 15:18:31,1,1,1,2395.8,32,4.3,180,2389,1,2.77,0.06,4925,1,2.77,0.06,4925
2026-05-09 15:18:31,1,1,1,2352.7,32,7.0,288,2335,1,0.00,0.00,0,0,0.00,0.00,0
2026-05-09 15:18:31,1,1,1,2352.7,32,7.0,288,2335,1,0.00,0.00,0,0,0.00,0.00,0
2026-05-09 15:18:31,1,1,1,2338.2,48,9.4,381,2307,1,0.00,0.00,0,0,0.00,0.00,0
2026-05-09 15:18:31,1,1,1,2338.2,48,9.4,381,2307,1,0.00,0.00,0,0,0.00,0.00,0
2026-05-09 15:18:32,1,1,1,2334.6,16,11.7,474,2286,1,0.00,0.00,0,0,0.00,0.00,0
2026-05-09 15:18:32,1,1,1,2334.6,16,11.7,474,2286,0,0.00,0.00,0,0,0.00,0.00,0
2026-05-09 15:18:32,1,1,1,2342.2,32,13.8,557,2275,0,0.00,0.00,0,0,0.00,0.00,0
2026-05-09 15:18:32,1,1,1,2352.4,64,14.9,606,2273,0,0.00,0.00,0,0,0.00,0.00,0
2026-05-09 15:18:32,1,1,1,2352.4,64,14.9,606,2273,0,0.00,0.00,0,0,0.00,0.00,0
2026-05-09 15:18:32,1,1,1,2362.5,24,16.3,665,2267,0,0.00,0.00,0,0,0.00,0.00,0
2026-05-09 15:18:32,1,1,1,2362.5,24,16.3,665,2267,0,0.00,0.00,0,0,0.00,0.00,0
2026-05-09 15:18:32,1,1,1,2378.7,24,18.0,736,2262,0,0.00,0.00,0,0,0.00,0.00,0
2026-05-09 15:18:32,1,1,1,2378.7,24,18.0,736,2262,0,0.00,0.00,0,0,0.00,0.00,0
2026-05-09 15:18:32,1,1,1,2403.5,0,19.0,784,2272,0,0.00,0.00,0,0,0.00,0.00,0
2026-05-09 15:18:32,1,1,1,2426.7,0,20.5,850,2273,0,0.00,0.00,0,0,0.00,0.00,0
2026-05-09 15:18:32,1,1,1,2426.7,0,20.5,850,2273,0,0.00,0.00,0,0,0.00,0.00,0
2026-05-09 15:18:32,1,1,1,2453.3,24,21.3,893,2285,0,0.00,0.00,0,0,0.00,0.00,0
2026-05-09 15:18:32,1,1,1,2453.3,24,21.3,893,2285,0,0.00,0.00,0,0,0.00,0.00,0
2026-05-09 15:18:32,1,1,1,2471.4,-16,22.5,944,2284,0,0.00,0.00,0,0,0.00,0.00,0
2026-05-09 15:18:32,1,1,1,2471.4,-16,22.5,944,2284,0,0.00,0.00,0,0,0.00,0.00,0
2026-05-09 15:18:32,1,1,1,2480.2,-48,23.5,990,2274,0,0.00,0.00,0,0,0.00,0.00,0
2026-05-09 15:18:32,1,1,1,2480.2,-48,23.5,990,2274,0,0.00,0.00,0,0,0.00,0.00,0
2026-05-09 15:18:32,1,1,1,2484.9,-39,24.3,1022,2265,0,0.00,0.00,0,0,0.00,0.00,0
2026-05-09 15:18:32,1,1,1,2486.9,-24,24.7,1040,2259,0,0.00,0.00,0,0,0.00,0.00,0
2026-05-09 15:18:33,1,1,1,2486.9,-24,24.7,1040,2259,0,0.00,0.00,0,0,0.00,0.00,0
2026-05-09 15:18:33,1,1,1,2486.5,-24,24.4,1028,2264,0,0.00,0.00,0,0,0.00,0.00,0
2026-05-09 15:18:33,1,1,1,2486.5,-24,24.4,1028,2264,0,0.00,0.00,0,0,0.00,0.00,0
2026-05-09 15:18:33,1,1,1,2484.7,-48,24.4,1026,2263,0,0.00,0.00,0,0,0.00,0.00,0
2026-05-09 15:18:33,1,1,1,2484.7,-48,24.4,1026,2263,0,0.00,0.00,0,0,0.00,0.00,0
2026-05-09 15:18:33,1,1,1,2480.6,-32,24.2,1016,2263,0,0.00,0.00,0,0,0.00,0.00,0
2026-05-09 15:18:33,1,1,1,2476.5,-56,24.0,1006,2263,0,0.00,0.00,0,0,0.00,0.00,0
2026-05-09 15:18:33,1,1,1,2476.5,-56,24.0,1006,2263,0,0.00,0.00,0,0,0.00,0.00,0
2026-05-09 15:18:33,1,1,1,2470.4,-39,23.7,993,2262,0,0.00,0.00,0,0,0.00,0.00,0
2026-05-09 15:18:33,1,1,1,2470.4,-39,23.7,993,2262,0,0.00,0.00,0,0,0.00,0.00,0
2026-05-09 15:18:33,1,1,1,2463.6,-32,23.3,976,2262,0,0.00,0.00,0,0,0.00,0.00,0
2026-05-09 15:18:33,1,1,1,2463.6,-32,23.3,976,2262,0,0.00,0.00,0,0,0.00,0.00,0
2026-05-09 15:18:33,1,1,1,2455.6,-24,23.0,958,2261,0,0.00,0.00,0,0,0.00,0.00,0
2026-05-09 15:18:33,1,1,1,2455.6,-24,23.0,958,2261,0,0.00,0.00,0,0,0.00,0.00,0
2026-05-09 15:18:33,1,1,1,2442.5,-32,22.7,941,2254,0,0.00,0.00,0,0,0.00,0.00,0
2026-05-09 15:18:33,1,1,1,2429.0,-16,22.3,920,2248,0,0.00,0.00,0,0,0.00,0.00,0
2026-05-09 15:18:33,1,1,1,2429.0,-16,22.3,920,2248,0,0.00,0.00,0,0,0.00,0.00,0
2026-05-09 15:18:33,1,1,1,2393.3,0,20.8,848,2238,0,0.00,0.00,0,0,0.00,0.00,0
2026-05-09 15:18:33,1,1,1,2393.3,0,20.8,848,2238,0,0.00,0.00,0,0,0.00,0.00,0
2026-05-09 15:18:33,1,1,1,2416.5,0,16.9,703,2312,0,0.00,0.00,0,0,0.00,0.00,0
2026-05-09 15:18:34,1,1,1,2416.5,0,16.9,703,2312,0,0.00,0.00,0,0,0.00,0.00,0
2026-05-09 15:18:34,1,1,1,2497.7,0,10.4,449,2457,0,0.00,0.00,0,0,0.00,0.00,0
2026-05-09 15:18:34,1,1,1,2585.6,0,5.4,245,2574,0,0.00,0.00,0,0,0.00,0.00,0
2026-05-09 15:18:34,1,1,1,2585.6,0,5.4,245,2574,0,0.00,0.00,0,0,0.00,0.00,0
2026-05-09 15:18:34,1,1,1,2676.1,-8,1.6,77,2675,0,0.00,0.00,0,0,0.00,0.00,0
2026-05-09 15:18:34,1,1,1,2676.1,-8,1.6,77,2675,0,0.00,0.00,0,0,0.00,0.00,0
2026-05-09 15:18:34,1,1,1,2749.3,0,-0.8,-39,2749,0,0.00,0.00,0,0,0.00,0.00,0
2026-05-09 15:18:34,1,1,1,2749.3,0,-0.8,-39,2749,0,0.00,0.00,0,1,2.26,0.05,8186
2026-05-09 15:18:34,1,1,1,2780.8,0,-3.0,-145,2777,0,0.00,0.00,0,1,2.26,0.05,8186
2026-05-09 15:18:34,1,1,1,2780.8,0,-3.0,-145,2777,1,2.75,0.05,7946,1,2.75,0.05,7946
2026-05-09 15:18:34,1,1,1,2811.1,0,-5.1,-250,2800,1,2.75,0.05,7946,1,2.75,0.05,7946
2026-05-09 15:18:34,1,1,1,2840.9,0,-6.8,-336,2821,1,2.75,0.05,7946,1,2.75,0.05,7946
2026-05-09 15:18:34,1,1,1,2840.9,0,-6.8,-336,2821,1,2.75,0.05,7946,1,2.75,0.05,7946
2026-05-09 15:18:34,1,1,1,2843.0,0,-8.3,-412,2813,1,2.75,0.05,7946,1,2.75,0.05,7946
2026-05-09 15:18:34,1,1,1,2843.0,0,-8.3,-412,2813,1,2.75,0.05,7946,1,2.75,0.05,7946
2026-05-09 15:18:34,1,1,1,2787.6,-8,-9.5,-462,2749,1,2.75,0.05,7946,1,2.75,0.05,7946
2026-05-09 15:18:34,1,1,1,2787.6,-8,-9.5,-462,2749,1,2.75,0.05,7946,1,2.75,0.05,7946
2026-05-09 15:18:34,1,1,1,2685.9,0,-10.8,-505,2638,1,2.75,0.05,7946,1,2.75,0.05,7946
2026-05-09 15:18:34,1,1,1,2685.9,0,-10.8,-505,2638,1,2.75,0.05,7946,1,2.75,0.05,7946
2026-05-09 15:18:34,1,1,1,2594.7,0,-11.8,-530,2540,1,2.75,0.05,7946,1,2.75,0.05,7946
2026-05-09 15:18:35,1,1,1,2526.3,0,-12.2,-535,2469,1,2.75,0.05,7946,1,2.75,0.05,7946
2026-05-09 15:18:35,1,1,1,2526.3,0,-12.2,-535,2469,1,2.75,0.05,7946,1,2.75,0.05,7946
2026-05-09 15:18:35,1,1,1,2463.1,16,-13.0,-554,2400,1,2.75,0.05,7946,1,2.75,0.05,7946
2026-05-09 15:18:35,1,1,1,2463.1,16,-13.0,-554,2400,1,2.75,0.05,7946,1,2.75,0.05,7946
2026-05-09 15:18:35,1,1,1,2422.7,0,-14.0,-585,2351,1,0.00,0.00,0,0,0.00,0.00,0
2026-05-09 15:18:35,1,1,1,2422.7,0,-14.0,-585,2351,1,0.00,0.00,0,0,0.00,0.00,0
2026-05-09 15:18:35,1,1,1,2515.1,0,-16.8,-726,2408,1,0.00,0.00,0,0,0.00,0.00,0
2026-05-09 15:18:35,1,1,1,2632.6,0,-19.3,-872,2484,1,0.00,0.00,0,0,0.00,0.00,0
2026-05-09 15:18:35,1,1,1,2632.6,0,-19.3,-872,2484,1,0.00,0.00,0,0,0.00,0.00,0
2026-05-09 15:18:35,1,1,1,2761.8,0,-21.9,-1029,2563,0,0.00,0.00,0,0,0.00,0.00,0
2026-05-09 15:18:35,1,1,1,2761.8,0,-21.9,-1029,2563,0,0.00,0.00,0,0,0.00,0.00,0
2026-05-09 15:18:35,1,1,1,2875.8,0,-24.4,-1190,2618,0,0.00,0.00,0,1,2.50,0.28,4112
2026-05-09 15:18:35,1,1,1,2978.9,24,-26.7,-1339,2661,0,0.00,0.00,0,1,2.50,0.28,4112
2026-05-09 15:18:35,1,1,1,2978.9,24,-26.7,-1339,2661,1,2.53,0.28,4112,1,2.53,0.28,4112
2026-05-09 15:18:35,1,1,1,2917.8,16,-27.7,-1357,2583,1,2.53,0.28,4112,1,2.53,0.28,4112
2026-05-09 15:18:35,1,1,1,2917.8,16,-27.7,-1357,2583,1,2.53,0.28,4112,1,2.53,0.28,4112
2026-05-09 15:18:35,1,1,1,2827.5,32,-28.2,-1334,2493,1,2.53,0.28,4112,1,2.53,0.28,4112
2026-05-09 15:18:35,1,1,1,2827.5,32,-28.2,-1334,2493,1,2.53,0.28,4112,1,2.53,0.28,4112
2026-05-09 15:18:35,1,1,1,2742.6,8,-28.5,-1309,2410,1,2.53,0.28,4112,1,2.53,0.28,4112
2026-05-09 15:18:35,1,1,1,2671.9,24,-28.8,-1288,2341,1,2.53,0.28,4112,1,2.53,0.28,4112
2026-05-09 15:18:36,1,1,1,2671.9,24,-28.8,-1288,2341,1,2.53,0.28,4112,1,2.53,0.28,4112
2026-05-09 15:18:36,1,1,1,2628.1,0,-29.3,-1286,2292,1,2.53,0.28,4112,1,2.53,0.28,4112
2026-05-09 15:18:36,1,1,1,2628.1,0,-29.3,-1286,2292,1,2.53,0.28,4112,1,2.53,0.28,4112
2026-05-09 15:18:36,1,1,1,2585.4,0,-30.0,-1291,2240,1,2.53,0.28,4112,1,2.53,0.28,4112
2026-05-09 15:18:36,1,1,1,2585.4,0,-30.0,-1291,2240,1,2.53,0.28,4112,1,2.53,0.28,4112
2026-05-09 15:18:36,1,1,1,2579.0,-8,-30.7,-1316,2218,1,2.53,0.28,4112,1,2.53,0.28,4112
2026-05-09 15:18:36,1,1,1,2568.2,-16,-30.9,-1320,2203,1,0.00,0.00,0,0,0.00,0.00,0
2026-05-09 15:18:36,1,1,1,2568.2,-16,-30.9,-1320,2203,1,0.00,0.00,0,0,0.00,0.00,0
2026-05-09 15:18:36,1,1,1,2572.3,0,-31.1,-1328,2203,1,0.00,0.00,0,0,0.00,0.00,0
2026-05-09 15:18:36,1,1,1,2572.3,0,-31.1,-1328,2203,1,0.00,0.00,0,0,0.00,0.00,0
2026-05-09 15:18:36,1,1,1,2563.7,-16,-31.1,-1323,2196,1,0.00,0.00,0,0,0.00,0.00,0
2026-05-09 15:18:36,1,1,1,2563.7,-16,-31.1,-1323,2196,0,0.00,0.00,0,0,0.00,0.00,0
2026-05-09 15:18:36,1,1,1,2548.8,-16,-30.9,-1309,2187,0,0.00,0.00,0,1,2.50,-0.22,7225
2026-05-09 15:18:36,1,1,1,2528.6,-16,-30.6,-1288,2176,0,0.00,0.00,0,1,2.50,-0.22,7225
2026-05-09 15:18:36,1,1,1,2528.6,-16,-30.6,-1288,2176,1,2.48,-0.22,7225,1,2.48,-0.22,7225
2026-05-09 15:18:36,1,1,1,2511.6,0,-30.3,-1268,2168,1,2.48,-0.22,7225,1,2.48,-0.22,7225
2026-05-09 15:18:36,1,1,1,2511.6,0,-30.3,-1268,2168,1,2.46,-0.35,9700,1,2.46,-0.35,9700
2026-05-09 15:18:36,1,1,1,2558.5,0,-30.4,-1296,2206,1,2.46,-0.35,9700,1,2.46,-0.35,9700
2026-05-09 15:18:36,1,1,1,2558.5,0,-30.4,-1296,2206,1,2.43,-0.35,9700,1,2.43,-0.35,9700
2026-05-09 15:18:36,1,1,1,2580.8,0,-30.5,-1311,2223,1,2.43,-0.35,9700,1,2.43,-0.35,9700
2026-05-09 15:18:37,1,1,1,2655.8,-39,-30.7,-1357,2283,1,2.43,-0.35,9700,1,2.43,-0.35,9700
2026-05-09 15:18:37,1,1,1,2655.8,-39,-30.7,-1357,2283,1,2.43,-0.35,9700,1,2.43,-0.35,9700
2026-05-09 15:18:37,1,1,1,2628.5,-39,-29.8,-1308,2280,1,2.43,-0.35,9700,1,2.43,-0.35,9700
2026-05-09 15:18:37,1,1,1,2628.5,-39,-29.8,-1308,2280,1,2.43,-0.35,9700,1,2.43,-0.35,9700
2026-05-09 15:18:37,1,1,1,2590.8,-16,-29.0,-1256,2266,1,2.43,-0.35,9700,1,2.43,-0.35,9700
2026-05-09 15:18:37,1,1,1,2590.8,-16,-29.0,-1256,2266,1,2.43,-0.35,9700,1,2.43,-0.35,9700
2026-05-09 15:18:37,1,1,1,2493.8,-16,-27.2,-1140,2218,1,2.43,-0.35,9700,1,2.43,-0.35,9700
2026-05-09 15:18:37,1,1,1,2493.8,-16,-27.2,-1140,2218,1,2.43,-0.35,9700,1,2.43,-0.35,9700
2026-05-09 15:18:37,1,1,1,2395.2,0,-25.5,-1031,2162,1,2.24,0.00,5213,1,2.24,0.00,5213
2026-05-09 15:18:37,1,1,1,2321.0,0,-23.6,-929,2127,1,2.24,0.00,5213,1,2.24,0.00,5213
2026-05-09 15:18:37,1,1,1,2321.0,0,-23.6,-929,2127,1,2.24,0.00,5213,1,2.24,0.00,5213
2026-05-09 15:18:37,1,1,1,2256.2,8,-21.6,-830,2098,1,2.24,0.00,5213,1,2.24,0.00,5213
2026-05-09 15:18:37,1,1,1,2256.2,8,-21.6,-830,2098,1,2.25,0.01,15874,1,2.25,0.01,15874
2026-05-09 15:18:37,1,1,1,2205.4,0,-19.5,-736,2079,1,2.25,0.01,15874,1,2.25,0.01,15874
2026-05-09 15:18:37,1,1,1,2205.4,0,-19.5,-736,2079,1,2.25,0.01,15874,1,2.25,0.01,15874
2026-05-09 15:18:37,1,1,1,2335.8,0,-17.3,-695,2230,1,2.25,0.01,15874,1,2.25,0.01,15874
2026-05-09 15:18:37,1,1,1,2469.2,0,-15.4,-654,2381,1,2.25,0.01,15874,1,2.25,0.01,15874
2026-05-09 15:18:37,1,1,1,2469.2,0,-15.4,-654,2381,1,2.25,0.01,15874,1,2.25,0.01,15874
2026-05-09 15:18:37,1,1,1,2591.8,16,-13.7,-614,2518,1,2.25,0.01,15874,1,2.25,0.01,15874
2026-05-09 15:18:37,1,1,1,2591.8,16,-13.7,-614,2518,1,2.25,0.01,15874,1,2.25,0.01,15874
2026-05-09 15:18:38,1,1,1,2693.5,0,-12.4,-577,2631,1,2.25,0.01,15874,1,2.25,0.01,15874
2026-05-09 15:18:38,1,1,1,2693.5,0,-12.4,-577,2631,1,2.25,0.01,15874,1,2.25,0.01,15874
2026-05-09 15:18:38,1,1,1,2790.6,0,-11.6,-559,2734,1,3.22,0.01,3385,1,3.22,0.01,3385
2026-05-09 15:18:38,1,1,1,2790.6,0,-11.6,-559,2734,1,3.22,0.01,3385,1,3.22,0.01,3385
2026-05-09 15:18:38,1,1,1,2872.0,0,-10.9,-544,2820,1,3.22,0.01,3385,1,3.22,0.01,3385
2026-05-09 15:18:38,1,1,1,2931.0,8,-10.3,-523,2884,1,3.22,0.01,3385,1,3.22,0.01,3385
2026-05-09 15:18:38,1,1,1,2931.0,8,-10.3,-523,2884,1,3.22,0.01,3385,1,3.22,0.01,3385
2026-05-09 15:18:38,1,1,1,2901.3,0,-8.9,-451,2866,1,3.22,0.01,3385,1,3.22,0.01,3385
2026-05-09 15:18:38,1,1,1,2901.3,0,-8.9,-451,2866,1,3.22,0.01,3385,1,3.22,0.01,3385
2026-05-09 15:18:38,1,1,1,2789.1,-8,-6.7,-326,2770,1,3.22,0.01,3385,1,3.22,0.01,3385
2026-05-09 15:18:38,1,1,1,2789.1,-8,-6.7,-326,2770,1,3.22,0.01,3385,1,3.22,0.01,3385
2026-05-09 15:18:38,1,1,1,2665.0,8,-3.9,-179,2659,1,3.22,0.01,3385,1,3.22,0.01,3385
2026-05-09 15:18:38,1,1,1,2542.1,16,-0.6,-25,2542,1,3.22,0.01,3385,1,3.22,0.01,3385
2026-05-09 15:18:38,1,1,1,2542.1,16,-0.6,-25,2542,1,3.22,0.01,3385,1,3.22,0.01,3385
2026-05-09 15:18:38,1,1,1,2434.7,8,2.7,114,2432,1,3.22,0.01,3385,1,3.22,0.01,3385
2026-05-09 15:18:38,1,1,1,2434.7,8,2.7,114,2432,1,3.22,0.01,3385,1,3.22,0.01,3385
2026-05-09 15:18:38,1,1,1,2362.2,8,6.1,249,2349,1,3.22,0.01,3385,1,3.22,0.01,3385
2026-05-09 15:18:38,1,1,1,2362.2,8,6.1,249,2349,1,0.00,0.00,0,0,0.00,0.00,0
2026-05-09 15:18:38,1,1,1,2318.4,24,9.1,368,2289,1,2.49,0.25,13829,1,2.49,0.25,13829
2026-05-09 15:18:38,1,1,1,2318.4,24,9.1,368,2289,1,2.49,0.25,13829,1,2.49,0.25,13829
2026-05-09 15:18:39,1,1,1,2299.9,39,11.7,467,2252,1,2.51,0.25,13829,1,2.51,0.25,13829
2026-05-09 15:18:39,1,1,1,2316.2,39,14.1,566,2246,1,2.51,0.25,13829,1,2.51,0.25,13829
2026-05-09 15:18:39,1,1,1,2316.2,39,14.1,566,2246,1,2.52,0.27,4160,1,2.52,0.27,4160
2026-05-09 15:18:39,1,1,1,2339.4,24,16.2,651,2247,1,2.52,0.27,4160,1,2.52,0.27,4160
2026-05-09 15:18:39,1,1,1,2339.4,24,16.2,651,2247,1,2.45,0.25,2612,1,2.45,0.25,2612
2026-05-09 15:18:39,1,1,1,2346.1,32,17.5,707,2237,1,2.45,0.25,2612,1,2.45,0.25,2612
2026-05-09 15:18:39,1,1,1,2346.1,32,17.5,707,2237,1,2.48,0.25,7157,1,2.48,0.25,7157
2026-05-09 15:18:39,1,1,1,2351.7,24,19.2,773,2221,1,2.48,0.25,7157,1,2.48,0.25,7157
2026-05-09 15:18:39,1,1,1,2363.4,16,21.0,848,2206,1,2.51,0.25,7157,1,2.51,0.25,7157
2026-05-09 15:18:39,1,1,1,2363.4,16,21.0,848,2206,1,2.51,0.25,7157,1,2.51,0.25,7157
2026-05-09 15:18:39,1,1,1,2380.1,8,22.9,925,2193,1,2.51,0.25,7157,1,2.51,0.25,7157
2026-05-09 15:18:39,1,1,1,2380.1,8,22.9,925,2193,1,2.51,0.25,7157,1,2.51,0.25,7157
2026-05-09 15:18:39,1,1,1,2404.4,8,24.6,999,2187,1,2.51,0.25,7157,1,2.51,0.25,7157
2026-05-09 15:18:39,1,1,1,2404.4,8,24.6,999,2187,1,2.51,0.25,7157,1,2.51,0.25,7157
2026-05-09 15:18:39,1,1,1,2426.5,8,25.6,1049,2188,1,2.51,0.25,7157,1,2.51,0.25,7157
2026-05-09 15:18:39,1,1,1,2426.5,8,25.6,1049,2188,1,2.51,0.25,7157,1,2.51,0.25,7157
2026-05-09 15:18:39,1,1,1,2441.6,8,25.8,1063,2198,1,2.51,0.25,7157,1,2.51,0.25,7157
2026-05-09 15:18:39,1,1,1,2454.4,-16,26.0,1076,2206,1,2.51,0.25,7157,1,2.51,0.25,7157
2026-05-09 15:18:39,1,1,1,2454.4,-16,26.0,1076,2206,1,2.51,0.25,7157,1,2.51,0.25,7157
2026-05-09 15:18:39,1,1,1,2459.3,-48,26.2,1087,2206,1,2.51,0.25,7157,1,2.51,0.25,7157
2026-05-09 15:18:40,1,1,1,2459.3,-48,26.2,1087,2206,1,2.51,0.25,7157,1,2.51,0.25,7157
2026-05-09 15:18:40,1,1,1,2455.7,-48,26.5,1097,2197,1,0.00,0.00,0,0,0.00,0.00,0
2026-05-09 15:18:40,1,1,1,2455.7,-48,26.5,1097,2197,1,0.00,0.00,0,0,0.00,0.00,0
2026-05-09 15:18:40,1,1,1,2452.1,-24,26.6,1099,2192,1,0.00,0.00,0,0,0.00,0.00,0
2026-05-09 15:18:40,1,1,1,2451.3,-24,26.1,1079,2201,1,0.00,0.00,0,0,0.00,0.00,0
2026-05-09 15:18:40,1,1,1,2451.3,-24,26.1,1079,2201,1,0.00,0.00,0,0,0.00,0.00,0
2026-05-09 15:18:40,1,1,1,2450.0,-39,25.9,1070,2204,0,0.00,0.00,0,0,0.00,0.00,0
2026-05-09 15:18:40,1,1,1,2450.0,-39,25.9,1070,2204,0,0.00,0.00,0,0,0.00,0.00,0
2026-05-09 15:18:40,1,1,1,2446.6,-48,25.6,1058,2206,0,0.00,0.00,0,0,0.00,0.00,0
2026-05-09 15:18:40,1,1,1,2446.6,-48,25.6,1058,2206,0,0.00,0.00,0,0,0.00,0.00,0
2026-05-09 15:18:40,1,1,1,2446.0,-32,25.3,1044,2212,0,0.00,0.00,0,0,0.00,0.00,0
2026-05-09 15:18:40,1,1,1,2446.0,-32,25.3,1044,2212,0,0.00,0.00,0,0,0.00,0.00,0
2026-05-09 15:18:40,1,1,1,2441.9,-64,24.9,1028,2215,0,0.00,0.00,0,0,0.00,0.00,0
2026-05-09 15:18:40,1,1,1,2411.0,-56,24.0,982,2202,0,0.00,0.00,0,0,0.00,0.00,0
2026-05-09 15:18:40,1,1,1,2411.0,-56,24.0,982,2202,0,0.00,0.00,0,0,0.00,0.00,0
2026-05-09 15:18:40,1,1,1,2381.4,-24,23.1,933,2191,0,0.00,0.00,0,0,0.00,0.00,0
2026-05-09 15:18:40,1,1,1,2381.4,-24,23.1,933,2191,0,0.00,0.00,0,0,0.00,0.00,0
2026-05-09 15:18:40,1,1,1,2358.9,-24,22.1,889,2185,0,0.00,0.00,0,0,0.00,0.00,0
2026-05-09 15:18:40,1,1,1,2358.9,-24,22.1,889,2185,0,0.00,0.00,0,0,0.00,0.00,0
2026-05-09 15:18:40,1,1,1,2334.1,-16,21.4,852,2173,0,0.00,0.00,0,0,0.00,0.00,0
2026-05-09 15:18:41,1,1,1,2334.1,-16,21.4,852,2173,0,0.00,0.00,0,0,0.00,0.00,0
2026-05-09 15:18:41,1,1,1,2310.2,0,20.6,814,2162,0,0.00,0.00,0,0,0.00,0.00,0
2026-05-09 15:18:41,1,1,1,2272.6,0,19.7,765,2140,0,0.00,0.00,0,0,0.00,0.00,0
2026-05-09 15:18:41,1,1,1,2272.6,0,19.7,765,2140,0,0.00,0.00,0,0,0.00,0.00,0
2026-05-09 15:18:41,1,1,1,2194.8,0,17.8,670,2090,0,0.00,0.00,0,0,0.00,0.00,0
2026-05-09 15:18:41,1,1,1,2194.8,0,17.8,670,2090,0,0.00,0.00,0,0,0.00,0.00,0
2026-05-09 15:18:41,1,1,1,2131.9,8,15.2,560,2057,0,0.00,0.00,0,0,0.00,0.00,0
2026-05-09 15:18:41,1,1,1,2131.9,8,15.2,560,2057,0,0.00,0.00,0,0,0.00,0.00,0
2026-05-09 15:18:41,1,1,1,2113.0,0,12.1,443,2066,0,0.00,0.00,0,0,0.00,0.00,0
2026-05-09 15:18:41,1,1,1,2070.7,0,8.9,319,2046,0,0.00,0.00,0,0,0.00,0.00,0
2026-05-09 15:18:41,1,1,1,2070.7,0,8.9,319,2046,0,0.00,0.00,0,0,0.00,0.00,0
2026-05-09 15:18:41,1,1,1,2064.8,8,5.9,211,2054,0,0.00,0.00,0,0,0.00,0.00,0
2026-05-09 15:18:41,1,1,1,2064.8,8,5.9,211,2054,0,0.00,0.00,0,1,3.21,0.01,4068
2026-05-09 15:18:41,1,1,1,2070.4,8,3.3,118,2067,0,0.00,0.00,0,1,3.21,0.01,4068
2026-05-09 15:18:41,1,1,1,2070.4,8,3.3,118,2067,1,3.21,0.01,4068,1,3.21,0.01,4068
2026-05-09 15:18:41,1,1,1,2093.1,-16,0.4,16,2093,1,3.21,0.01,4068,1,3.21,0.01,4068
2026-05-09 15:18:41,1,1,1,2093.1,-16,0.4,16,2093,1,3.23,0.01,6730,1,3.23,0.01,6730
2026-05-09 15:18:41,1,1,1,2125.7,-16,-2.3,-85,2124,1,3.23,0.01,6730,1,3.23,0.01,6730
2026-05-09 15:18:41,1,1,1,2189.3,0,-4.7,-179,2182,1,3.23,0.01,6730,1,3.23,0.01,6730
2026-05-09 15:18:41,1,1,1,2189.3,0,-4.7,-179,2182,1,3.23,0.01,6730,1,3.23,0.01,6730
2026-05-09 15:18:42,1,1,1,2226.1,-8,-6.9,-267,2210,1,3.23,0.01,6730,1,3.23,0.01,6730
2026-05-09 15:18:42,1,1,1,2226.1,-8,-6.9,-267,2210,1,3.23,0.01,6730,1,3.23,0.01,6730
2026-05-09 15:18:42,1,1,1,2191.7,0,-8.1,-308,2170,1,3.23,0.01,6730,1,3.23,0.01,6730
2026-05-09 15:18:42,1,1,1,2191.7,0,-8.1,-308,2170,1,3.23,0.01,6730,1,3.23,0.01,6730
2026-05-09 15:18:42,1,1,1,2159.5,0,-9.5,-356,2130,1,3.23,0.01,6730,1,3.23,0.01,6730
2026-05-09 15:18:42,1,1,1,2150.1,16,-11.9,-443,2104,1,3.23,0.01,6730,1,3.23,0.01,6730
2026-05-09 15:18:42,1,1,1,2150.1,16,-11.9,-443,2104,1,2.25,0.07,3842,1,2.25,0.07,3842
2026-05-09 15:18:42,1,1,1,2164.3,0,-14.7,-551,2093,1,2.25,0.07,3842,1,2.25,0.07,3842
2026-05-09 15:18:42,1,1,1,2164.3,0,-14.7,-551,2093,1,2.26,0.07,3842,1,2.26,0.07,3842
2026-05-09 15:18:42,1,1,1,2320.8,0,-18.3,-727,2204,1,2.26,0.07,3842,1,2.26,0.07,3842
2026-05-09 15:18:42,1,1,1,2320.8,0,-18.3,-727,2204,1,2.26,0.07,3842,1,2.26,0.07,3842
2026-05-09 15:18:42,1,1,1,2476.1,32,-21.0,-889,2311,1,2.26,0.07,3842,1,2.26,0.07,3842
2026-05-09 15:18:42,1,1,1,2476.1,32,-21.0,-889,2311,1,2.26,0.07,3842,1,2.26,0.07,3842
2026-05-09 15:18:42,1,1,1,2613.7,0,-23.5,-1042,2397,1,2.26,0.07,3842,1,2.26,0.07,3842
2026-05-09 15:18:42,1,1,1,2737.4,24,-25.5,-1180,2470,1,2.26,0.07,3842,1,2.26,0.07,3842
2026-05-09 15:18:42,1,1,1,2737.4,24,-25.5,-1180,2470,1,2.26,0.07,3842,1,2.26,0.07,3842
2026-05-09 15:18:42,1,1,1,2708.8,16,-26.8,-1221,2418,1,2.50,0.24,5485,1,2.50,0.24,5485
2026-05-09 15:18:42,1,1,1,2708.8,16,-26.8,-1221,2418,1,2.50,0.24,5485,1,2.50,0.24,5485
2026-05-09 15:18:42,1,1,1,2641.4,24,-27.8,-1233,2336,1,2.52,0.24,5485,1,2.52,0.24,5485
2026-05-09 15:18:42,1,1,1,2641.4,24,-27.8,-1233,2336,1,2.52,0.24,5485,1,2.52,0.24,5485
2026-05-09 15:18:43,1,1,1,2573.6,16,-28.6,-1233,2259,1,2.52,0.24,5485,1,2.52,0.24,5485
2026-05-09 15:18:43,1,1,1,2509.0,24,-29.3,-1228,2188,1,2.52,0.24,5485,1,2.52,0.24,5485
2026-05-09 15:18:43,1,1,1,2509.0,24,-29.3,-1228,2188,1,2.52,0.24,5485,1,2.52,0.24,5485
2026-05-09 15:18:43,1,1,1,2477.6,8,-29.8,-1233,2149,1,2.52,0.24,5485,1,2.52,0.24,5485
2026-05-09 15:18:43,1,1,1,2477.6,8,-29.8,-1233,2149,1,2.52,0.24,5485,1,2.52,0.24,5485
2026-05-09 15:18:43,1,1,1,2447.7,-39,-30.2,-1232,2115,1,2.52,0.24,5485,1,2.52,0.24,5485
2026-05-09 15:18:43,1,1,1,2447.7,-39,-30.2,-1232,2115,1,2.52,0.24,5485,1,2.52,0.24,5485
2026-05-09 15:18:53,1,1,1,2402.6,0,16.4,678,2305,0,0.00,0.00,0,0,0.00,0.00,0
2026-05-09 15:18:53,1,1,1,2396.8,-16,16.5,681,2298,0,0.00,0.00,0,0,0.00,0.00,0
2026-05-09 15:18:53,1,1,1,2396.8,-16,16.5,681,2298,0,0.00,0.00,0,0,0.00,0.00,0
2026-05-09 15:18:53,1,1,1,2389.8,-16,16.5,680,2291,0,0.00,0.00,0,0,0.00,0.00,0
2026-05-09 15:18:53,1,1,1,2386.7,-24,16.5,676,2289,0,0.00,0.00,0,0,0.00,0.00,0
2026-05-09 15:18:53,1,1,1,2386.7,-24,16.5,676,2289,0,0.00,0.00,0,0,0.00,0.00,0
2026-05-09 15:18:53,1,1,1,2380.8,-24,16.4,672,2284,0,0.00,0.00,0,0,0.00,0.00,0
2026-05-09 15:18:53,1,1,1,2380.8,-24,16.4,672,2284,0,0.00,0.00,0,0,0.00,0.00,0
2026-05-09 15:18:53,1,1,1,2374.4,-39,16.2,663,2280,0,0.00,0.00,0,0,0.00,0.00,0
2026-05-09 15:18:53,1,1,1,2374.4,-39,16.2,663,2280,0,0.00,0.00,0,0,0.00,0.00,0
2026-05-09 15:18:53,1,1,1,2367.5,-39,16.0,652,2276,0,0.00,0.00,0,0,0.00,0.00,0
2026-05-09 15:18:53,1,1,1,2367.5,-39,16.0,652,2276,0,0.00,0.00,0,0,0.00,0.00,0
2026-05-09 15:18:53,1,1,1,2359.5,-32,15.7,640,2271,0,0.00,0.00,0,0,0.00,0.00,0
2026-05-09 15:18:54,1,1,1,2352.2,-39,15.6,631,2266,0,0.00,0.00,0,0,0.00,0.00,0
2026-05-09 15:18:54,1,1,1,2352.2,-39,15.6,631,2266,0,0.00,0.00,0,0,0.00,0.00,0
2026-05-09 15:18:54,1,1,1,2343.0,-16,15.3,618,2260,0,0.00,0.00,0,0,0.00,0.00,0
2026-05-09 15:18:54,1,1,1,2343.0,-16,15.3,618,2260,0,0.00,0.00,0,0,0.00,0.00,0
2026-05-09 15:18:54,1,1,1,2333.0,-16,15.0,602,2254,0,0.00,0.00,0,0,0.00,0.00,0
2026-05-09 15:18:54,1,1,1,2333.0,-16,15.0,602,2254,0,0.00,0.00,0,0,0.00,0.00,0
2026-05-09 15:18:54,1,1,1,2307.8,0,13.7,547,2242,0,0.00,0.00,0,0,0.00,0.00,0
2026-05-09 15:18:54,1,1,1,2307.8,0,13.7,547,2242,0,0.00,0.00,0,0,0.00,0.00,0
2026-05-09 15:18:54,1,1,1,2292.7,8,12.5,498,2238,0,0.00,0.00,0,0,0.00,0.00,0
2026-05-09 15:18:54,1,1,1,2286.9,8,11.0,436,2245,0,0.00,0.00,0,0,0.00,0.00,0
2026-05-09 15:18:54,1,1,1,2286.9,8,11.0,436,2245,0,0.00,0.00,0,0,0.00,0.00,0
2026-05-09 15:18:54,1,1,1,2304.5,0,7.7,307,2284,0,0.00,0.00,0,0,0.00,0.00,0
2026-05-09 15:18:54,1,1,1,2304.5,0,7.7,307,2284,0,0.00,0.00,0,0,0.00,0.00,0
2026-05-09 15:18:54,1,1,1,2307.5,16,4.6,186,2300,0,0.00,0.00,0,0,0.00,0.00,0
2026-05-09 15:18:54,1,1,1,2307.5,16,4.6,186,2300,0,0.00,0.00,0,0,0.00,0.00,0
2026-05-09 15:18:54,1,1,1,2349.4,0,2.0,81,2348,0,0.00,0.00,0,0,0.00,0.00,0
2026-05-09 15:18:54,1,1,1,2357.1,16,-0.5,-20,2357,0,0.00,0.00,0,0,0.00,0.00,0
2026-05-09 15:18:54,1,1,1,2357.1,16,-0.5,-20,2357,0,0.00,0.00,0,0,0.00,0.00,0
2026-05-09 15:18:54,1,1,1,2415.1,0,-2.9,-122,2412,0,0.00,0.00,0,1,3.25,0.00,4525
2026-05-09 15:18:54,1,1,1,2415.1,0,-2.9,-122,2412,0,0.00,0.00,0,1,3.25,0.00,4525
2026-05-09 15:18:55,1,1,1,2502.4,0,-4.7,-205,2494,1,2.77,0.09,12898,1,2.77,0.09,12898
2026-05-09 15:18:55,1,1,1,2502.4,0,-4.7,-205,2494,1,2.77,0.09,12898,1,2.77,0.09,12898
2026-05-09 15:18:55,1,1,1,2582.7,0,-6.3,-284,2567,1,2.78,0.09,12898,1,2.78,0.09,12898
2026-05-09 15:18:55,1,1,1,2582.7,0,-6.3,-284,2567,1,2.78,0.09,12898,1,2.78,0.09,12898
2026-05-09 15:18:55,1,1,1,2658.9,0,-7.0,-325,2639,1,2.78,0.09,12898,1,2.78,0.09,12898
2026-05-09 15:18:55,1,1,1,2735.4,0,-7.5,-357,2712,1,2.78,0.09,12898,1,2.78,0.09,12898
2026-05-09 15:18:55,1,1,1,2735.4,0,-7.5,-357,2712,1,2.78,0.09,12898,1,2.78,0.09,12898
2026-05-09 15:18:55,1,1,1,2784.4,8,-8.1,-390,2757,1,2.78,0.09,12898,1,2.78,0.09,12898
2026-05-09 15:18:55,1,1,1,2784.4,8,-8.1,-390,2757,1,2.78,0.09,12898,1,2.78,0.09,12898
2026-05-09 15:18:55,1,1,1,2695.3,16,-9.7,-453,2657,1,2.78,0.09,12898,1,2.78,0.09,12898
2026-05-09 15:18:55,1,1,1,2695.3,16,-9.7,-453,2657,1,2.78,0.09,12898,1,2.78,0.09,12898
2026-05-09 15:18:55,1,1,1,2594.5,16,-11.8,-529,2540,1,2.78,0.09,12898,1,2.78,0.09,12898
2026-05-09 15:18:55,1,1,1,2512.0,39,-13.6,-589,2442,1,2.78,0.09,12898,1,2.78,0.09,12898
2026-05-09 15:18:55,1,1,1,2512.0,39,-13.6,-589,2442,1,2.78,0.09,12898,1,2.78,0.09,12898
2026-05-09 15:18:55,1,1,1,2441.9,0,-15.5,-653,2353,1,2.78,0.09,12898,1,2.78,0.09,12898
2026-05-09 15:18:55,1,1,1,2441.9,0,-15.5,-653,2353,1,0.00,0.00,0,0,0.00,0.00,0
2026-05-09 15:18:55,1,1,1,2508.7,0,-19.4,-834,2366,1,0.00,0.00,0,0,0.00,0.00,0
2026-05-09 15:18:55,1,1,1,2508.7,0,-19.4,-834,2366,1,0.00,0.00,0,0,0.00,0.00,0
2026-05-09 15:18:55,1,1,1,2590.2,8,-22.6,-996,2391,1,0.00,0.00,0,0,0.00,0.00,0
2026-05-09 15:18:55,1,1,1,2590.2,8,-22.6,-996,2391,1,0.00,0.00,0,0,0.00,0.00,0
2026-05-09 15:18:56,1,1,1,2664.6,0,-24.7,-1113,2421,0,0.00,0.00,0,0,0.00,0.00,0
2026-05-09 15:18:56,1,1,1,2664.3,8,-25.3,-1138,2409,0,0.00,0.00,0,0,0.00,0.00,0
2026-05-09 15:18:56,1,1,1,2664.3,8,-25.3,-1138,2409,0,0.00,0.00,0,0,0.00,0.00,0
2026-05-09 15:18:56,1,1,1,2628.4,-8,-25.9,-1149,2364,0,0.00,0.00,0,0,0.00,0.00,0
2026-05-09 15:18:56,1,1,1,2628.4,-8,-25.9,-1149,2364,0,0.00,0.00,0,0,0.00,0.00,0
2026-05-09 15:18:56,1,1,1,2581.3,16,-26.4,-1146,2313,0,0.00,0.00,0,0,0.00,0.00,0
2026-05-09 15:18:56,1,1,1,2581.3,16,-26.4,-1146,2313,0,0.00,0.00,0,0,0.00,0.00,0
2026-05-09 15:18:56,1,1,1,2547.8,-8,-26.6,-1139,2279,0,0.00,0.00,0,0,0.00,0.00,0
2026-05-09 15:18:56,1,1,1,2523.6,0,-26.8,-1137,2253,0,0.00,0.00,0,0,0.00,0.00,0
2026-05-09 15:18:56,1,1,1,2523.6,0,-26.8,-1137,2253,0,0.00,0.00,0,0,0.00,0.00,0
2026-05-09 15:18:56,1,1,1,2511.6,0,-27.0,-1142,2237,0,0.00,0.00,0,0,0.00,0.00,0
2026-05-09 15:18:56,1,1,1,2511.6,0,-27.0,-1142,2237,0,0.00,0.00,0,0,0.00,0.00,0
2026-05-09 15:18:56,1,1,1,2485.1,0,-27.5,-1148,2204,0,0.00,0.00,0,0,0.00,0.00,0
2026-05-09 15:18:56,1,1,1,2485.1,0,-27.5,-1148,2204,0,0.00,0.00,0,0,0.00,0.00,0
2026-05-09 15:18:56,1,1,1,2475.1,0,-27.9,-1159,2187,0,0.00,0.00,0,0,0.00,0.00,0
2026-05-09 15:18:56,1,1,1,2475.1,0,-27.9,-1159,2187,0,0.00,0.00,0,0,0.00,0.00,0
2026-05-09 15:18:56,1,1,1,2451.3,0,-28.2,-1159,2160,0,0.00,0.00,0,1,2.29,0.00,466
2026-05-09 15:18:56,1,1,1,2422.2,0,-28.2,-1146,2134,0,0.00,0.00,0,1,2.29,0.00,466
2026-05-09 15:18:56,1,1,1,2422.2,0,-28.2,-1146,2134,0,0.00,0.00,0,1,2.29,0.00,466
2026-05-09 15:18:56,1,1,1,2400.0,0,-28.0,-1125,2120,0,0.00,0.00,0,1,2.29,0.00,466
2026-05-09 15:18:57,1,1,1,2400.0,0,-28.0,-1125,2120,0,0.00,0.00,0,1,2.29,0.00,466
2026-05-09 15:18:57,1,1,1,2384.7,-8,-27.8,-1113,2109,0,0.00,0.00,0,1,2.29,0.00,466
2026-05-09 15:18:57,1,1,1,2384.7,-8,-27.8,-1113,2109,0,0.00,0.00,0,1,2.29,0.00,466
2026-05-09 15:18:57,1,1,1,2380.6,0,-27.8,-1110,2106,0,0.00,0.00,0,1,2.29,0.00,466
2026-05-09 15:18:57,1,1,1,2377.4,0,-27.8,-1107,2104,0,0.00,0.00,0,1,2.29,0.00,466
2026-05-09 15:18:57,1,1,1,2377.4,0,-27.8,-1107,2104,0,0.00,0.00,0,1,2.29,0.00,466
2026-05-09 15:18:57,1,1,1,2378.3,0,-27.7,-1105,2106,0,0.00,0.00,0,1,2.29,0.00,466
2026-05-09 15:18:57,1,1,1,2378.3,0,-27.7,-1105,2106,0,0.00,0.00,0,1,2.29,0.00,466
2026-05-09 15:18:57,1,1,1,2389.0,0,-27.7,-1109,2116,0,0.00,0.00,0,1,2.29,0.00,466
2026-05-09 15:18:57,1,1,1,2389.0,0,-27.7,-1109,2116,0,0.00,0.00,0,1,2.29,0.00,466
2026-05-09 15:18:57,1,1,1,2400.6,-8,-27.6,-1113,2127,0,0.00,0.00,0,1,2.28,-0.20,48178
2026-05-09 15:18:57,1,1,1,2400.6,-8,-27.6,-1113,2127,0,0.00,0.00,0,1,2.28,-0.20,48178
2026-05-09 15:18:57,1,1,1,2398.3,-8,-27.5,-1106,2128,1,2.26,-0.20,20005,1,2.26,-0.20,20005
2026-05-09 15:18:57,1,1,1,2391.5,-32,-27.3,-1097,2125,1,2.26,-0.20,20005,1,2.26,-0.20,20005
2026-05-09 15:18:57,1,1,1,2391.5,-32,-27.3,-1097,2125,1,2.24,-0.20,20005,1,2.24,-0.20,20005
2026-05-09 15:18:57,1,1,1,2382.0,-48,-27.2,-1088,2119,1,2.24,-0.20,20005,1,2.24,-0.20,20005
2026-05-09 15:18:57,1,1,1,2382.0,-48,-27.2,-1088,2119,1,2.24,-0.20,20005,1,2.24,-0.20,20005
2026-05-09 15:18:57,1,1,1,2370.3,-56,-27.1,-1078,2111,1,2.24,-0.20,20005,1,2.24,-0.20,20005
2026-05-09 15:18:57,1,1,1,2370.3,-56,-27.1,-1078,2111,1,2.24,-0.20,20005,1,2.24,-0.20,20005
2026-05-09 15:18:57,1,1,1,2356.9,0,-26.9,-1066,2102,1,2.24,-0.20,20005,1,2.24,-0.20,20005
2026-05-09 15:18:58,1,1,1,2395.6,0,-25.1,-1017,2169,1,2.24,-0.47,3664,1,2.24,-0.47,3664
2026-05-09 15:18:58,1,1,1,2395.6,0,-25.1,-1017,2169,1,2.24,-0.47,3664,1,2.24,-0.47,3664
2026-05-09 15:18:58,1,1,1,2494.2,0,-21.2,-903,2325,1,2.12,-0.45,16153,1,2.12,-0.45,16153
2026-05-09 15:18:58,1,1,1,2494.2,0,-21.2,-903,2325,1,2.12,-0.45,16153,1,2.12,-0.45,16153
2026-05-09 15:18:58,1,1,1,2597.6,0,-17.9,-798,2472,1,2.08,-0.45,16153,1,2.08,-0.45,16153
2026-05-09 15:18:58,1,1,1,2597.6,0,-17.9,-798,2472,1,2.08,-0.45,16153,1,2.08,-0.45,16153
2026-05-09 15:18:58,1,1,1,2705.8,0,-15.2,-710,2611,1,2.08,-0.45,16153,1,2.08,-0.45,16153
2026-05-09 15:18:58,1,1,1,2705.8,0,-15.2,-710,2611,1,2.08,-0.45,16153,1,2.08,-0.45,16153
2026-05-09 15:18:58,1,1,1,2808.4,-32,-12.9,-625,2738,1,2.08,-0.45,16153,1,2.08,-0.45,16153
2026-05-09 15:18:58,1,1,1,2889.9,0,-10.2,-513,2844,1,2.08,-0.45,16153,1,2.08,-0.45,16153
2026-05-09 15:18:58,1,1,1,2889.9,0,-10.2,-513,2844,1,2.08,-0.45,16153,1,2.08,-0.45,16153
2026-05-09 15:18:58,1,1,1,2944.6,-8,-7.8,-402,2917,1,2.08,-0.45,16153,1,2.08,-0.45,16153
2026-05-09 15:18:58,1,1,1,2944.6,-8,-7.8,-402,2917,1,2.08,-0.45,16153,1,2.08,-0.45,16153
2026-05-09 15:18:58,1,1,1,2988.8,0,-6.4,-335,2970,1,2.08,-0.45,16153,1,2.08,-0.45,16153
2026-05-09 15:18:58,1,1,1,2988.8,0,-6.4,-335,2970,1,2.08,-0.45,16153,1,2.08,-0.45,16153
2026-05-09 15:18:58,1,1,1,2982.2,-8,-5.2,-269,2970,1,2.08,-0.45,16153,1,2.08,-0.45,16153
2026-05-09 15:18:58,1,1,1,2982.2,-8,-5.2,-269,2970,1,2.08,-0.45,16153,1,2.08,-0.45,16153
2026-05-09 15:18:58,1,1,1,2797.1,24,-4.4,-213,2789,1,0.00,0.00,0,0,0.00,0.00,0
2026-05-09 15:18:58,1,1,1,2618.5,-8,-3.0,-135,2615,1,0.00,0.00,0,0,0.00,0.00,0
2026-05-09 15:18:58,1,1,1,2618.5,-8,-3.0,-135,2615,1,0.00,0.00,0,0,0.00,0.00,0
2026-05-09 15:18:59,1,1,1,2466.6,-8,-1.3,-54,2466,1,0.00,0.00,0,0,0.00,0.00,0
2026-05-09 15:18:59,1,1,1,2466.6,-8,-1.3,-54,2466,1,0.00,0.00,0,0,0.00,0.00,0
2026-05-09 15:18:59,1,1,1,2337.2,-24,0.8,32,2337,0,0.00,0.00,0,1,3.25,0.01,2384
2026-05-09 15:18:59,1,1,1,2337.2,-24,0.8,32,2337,0,0.00,0.00,0,1,3.25,0.01,2384
2026-05-09 15:18:59,1,1,1,2221.6,-88,3.3,126,2218,0,0.00,0.00,0,1,3.25,0.01,2384
2026-05-09 15:18:59,1,1,1,2135.7,-39,5.2,193,2127,0,0.00,0.00,0,1,3.25,0.01,2384
2026-05-09 15:18:59,1,1,1,2135.7,-39,5.2,193,2127,0,0.00,0.00,0,1,3.25,0.01,2384
2026-05-09 15:18:59,1,1,1,2063.9,-24,6.4,230,2051,0,0.00,0.00,0,1,3.25,0.01,2384
2026-05-09 15:18:59,1,1,1,2063.9,-24,6.4,230,2051,0,0.00,0.00,0,1,3.25,0.01,2384
2026-05-09 15:18:59,1,1,1,2007.0,-32,7.0,245,1992,0,0.00,0.00,0,1,3.25,0.01,2384
2026-05-09 15:18:59,1,1,1,2007.0,-32,7.0,245,1992,0,0.00,0.00,0,1,3.20,0.00,4714
2026-05-09 15:18:59,1,1,1,1962.5,-48,7.0,238,1948,0,0.00,0.00,0,1,3.20,0.00,4714
2026-05-09 15:18:59,1,1,1,1962.5,-48,7.0,238,1948,1,3.20,0.00,4714,1,3.20,0.00,4714
2026-05-09 15:18:59,1,1,1,1925.5,-48,6.5,219,1913,1,3.20,0.00,4714,1,3.20,0.00,4714
2026-05-09 15:18:59,1,1,1,1910.0,-48,6.2,205,1899,1,3.22,0.00,1637,1,3.22,0.00,1637
2026-05-09 15:18:59,1,1,1,1910.0,-48,6.2,205,1899,1,3.22,0.00,1637,1,3.22,0.00,1637
2026-05-09 15:18:59,1,1,1,1892.3,0,5.4,177,1884,1,3.22,0.00,1637,1,3.22,0.00,1637
2026-05-09 15:18:59,1,1,1,1892.3,0,5.4,177,1884,1,3.22,0.00,1637,1,3.22,0.00,1637
2026-05-09 15:18:59,1,1,1,1876.7,0,4.5,146,1871,1,3.22,0.00,1637,1,3.22,0.00,1637
2026-05-09 15:18:59,1,1,1,1876.7,0,4.5,146,1871,0,0.00,0.00,0,1,3.22,0.00,1637
2026-05-09 15:19:00,1,1,1,1858.1,8,3.3,108,1855,0,0.00,0.00,0,1,3.22,0.00,1637
2026-05-09 15:19:00,1,1,1,1840.4,8,2.2,71,1839,0,0.00,0.00,0,1,3.22,0.00,1637
2026-05-09 15:19:00,1,1,1,1840.4,8,2.2,71,1839,0,0.00,0.00,0,1,3.22,0.00,1637
2026-05-09 15:19:00,1,1,1,1823.1,16,0.7,22,1823,0,0.00,0.00,0,1,3.22,0.00,1637
2026-05-09 15:19:00,1,1,1,1823.1,16,0.7,22,1823,0,0.00,0.00,0,1,3.22,0.00,1637
2026-05-09 15:19:00,1,1,1,1818.4,0,-1.1,-36,1818,0,0.00,0.00,0,1,3.22,0.00,1637
2026-05-09 15:19:00,1,1,1,1818.4,0,-1.1,-36,1818,0,0.00,0.00,0,1,3.22,0.00,1637
2026-05-09 15:19:00,1,1,1,1816.4,-8,-3.5,-111,1813,0,0.00,0.00,0,1,3.22,0.00,1637
2026-05-09 15:19:00,1,1,1,1816.4,-8,-3.5,-111,1813,0,0.00,0.00,0,1,3.22,0.00,1637
2026-05-09 15:19:00,1,1,1,1828.9,0,-7.3,-233,1814,0,0.00,0.00,0,0,0.00,0.00,0
2026-05-09 15:19:00,1,1,1,1865.5,0,-10.9,-352,1832,0,0.00,0.00,0,1,1.80,0.32,5165
2026-05-09 15:19:00,1,1,1,1865.5,0,-10.9,-352,1832,0,0.00,0.00,0,1,1.80,0.32,5165
2026-05-09 15:19:00,1,1,1,1878.7,16,-13.9,-450,1824,1,1.83,0.32,5165,1,1.83,0.32,5165
2026-05-09 15:19:00,1,1,1,1878.7,16,-13.9,-450,1824,1,1.83,0.32,5165,1,1.83,0.32,5165
2026-05-09 15:19:00,1,1,1,1869.9,48,-15.8,-510,1799,1,1.83,0.32,5165,1,1.83,0.32,5165
2026-05-09 15:19:00,1,1,1,1869.9,48,-15.8,-510,1799,1,1.83,0.32,5165,1,1.83,0.32,5165
2026-05-09 15:19:00,1,1,1,1866.1,0,-18.0,-576,1775,1,1.83,0.32,5165,1,1.83,0.32,5165
2026-05-09 15:19:00,1,1,1,1865.4,-8,-19.9,-635,1754,1,1.83,0.32,5165,1,1.83,0.32,5165
2026-05-09 15:19:00,1,1,1,1865.4,-8,-19.9,-635,1754,1,1.83,0.32,5165,1,1.83,0.32,5165
2026-05-09 15:19:00,1,1,1,1861.8,-16,-22.0,-698,1726,1,1.83,0.32,5165,1,1.83,0.32,5165
2026-05-09 15:19:01,1,1,1,1861.8,-16,-22.0,-698,1726,1,1.83,0.32,5165,1,1.83,0.32,5165
2026-05-09 15:19:01,1,1,1,1882.4,0,-24.0,-767,1719,1,1.83,0.32,5165,1,1.83,0.32,5165
2026-05-09 15:19:01,1,1,1,1882.4,0,-24.0,-767,1719,1,1.99,-0.21,25045,1,1.99,-0.21,25045
2026-05-09 15:19:01,1,1,1,1891.2,-16,-25.4,-812,1708,1,1.99,-0.21,25045,1,1.99,-0.21,25045
2026-05-09 15:19:01,1,1,1,1891.2,-16,-25.4,-812,1708,1,1.98,-0.22,49810,1,1.98,-0.22,49810
2026-05-09 15:19:01,1,1,1,1884.6,-32,-26.3,-834,1690,1,1.98,-0.22,49810,1,1.98,-0.22,49810
2026-05-09 15:19:01,1,1,1,1868.1,-56,-27.2,-853,1662,1,2.39,-0.10,2216,1,2.39,-0.10,2216
2026-05-09 15:19:01,1,1,1,1868.1,-56,-27.2,-853,1662,1,2.39,-0.10,2216,1,2.39,-0.10,2216
2026-05-09 15:19:01,1,1,1,1848.9,-32,-27.2,-846,1644,1,2.38,-0.10,2216,1,2.38,-0.10,2216
2026-05-09 15:19:01,1,1,1,1848.9,-32,-27.2,-846,1644,1,2.38,-0.10,2216,1,2.38,-0.10,2216
2026-05-09 15:19:01,1,1,1,1837.7,-32,-27.1,-837,1636,1,2.38,-0.10,2216,1,2.38,-0.10,2216
2026-05-09 15:19:01,1,1,1,1837.7,-32,-27.1,-837,1636,0,0.00,0.00,0,1,2.38,-0.10,2216
2026-05-09 15:19:01,1,1,1,1828.2,-16,-26.6,-820,1634,0,0.00,0.00,0,1,2.38,-0.10,2216
2026-05-09 15:19:01,1,1,1,1822.8,-32,-26.5,-812,1632,0,0.00,0.00,0,1,2.38,-0.10,2216
2026-05-09 15:19:01,1,1,1,1822.8,-32,-26.5,-812,1632,0,0.00,0.00,0,1,2.38,-0.10,2216
2026-05-09 15:19:01,1,1,1,1817.5,-8,-26.1,-800,1632,0,0.00,0.00,0,1,2.38,-0.10,2216
2026-05-09 15:19:01,1,1,1,1817.5,-8,-26.1,-800,1632,0,0.00,0.00,0,1,3.19,0.01,2941
2026-05-09 15:19:01,1,1,1,1810.5,-8,-25.7,-786,1631,0,0.00,0.00,0,1,3.19,0.01,2941
2026-05-09 15:19:01,1,1,1,1810.5,-8,-25.7,-786,1631,0,0.00,0.00,0,1,3.19,0.01,2941
2026-05-09 15:19:01,1,1,1,1802.8,-8,-25.1,-766,1632,0,0.00,0.00,0,1,3.19,0.01,2941
2026-05-09 15:19:02,1,1,1,1802.8,-8,-25.1,-766,1632,0,0.00,0.00,0,1,3.19,0.01,2941
2026-05-09 15:19:02,1,1,1,1781.2,-8,-23.2,-702,1637,0,0.00,0.00,0,1,3.19,0.01,2941
2026-05-09 15:19:02,1,1,1,1774.8,-8,-22.6,-681,1639,0,0.00,0.00,0,1,3.19,0.01,2941
2026-05-09 15:19:02,1,1,1,1774.8,-8,-22.6,-681,1639,0,0.00,0.00,0,1,3.19,0.01,2941
2026-05-09 15:19:02,1,1,1,1765.0,24,-22.0,-660,1637,0,0.00,0.00,0,1,3.19,0.01,2941
2026-05-09 15:19:02,1,1,1,1765.0,24,-22.0,-660,1637,0,0.00,0.00,0,1,3.19,0.01,2941
2026-05-09 15:19:02,1,1,1,1740.2,32,-19.9,-593,1636,0,0.00,0.00,0,1,3.19,0.01,2941
2026-05-09 15:19:02,1,1,1,1740.2,32,-19.9,-593,1636,0,0.00,0.00,0,1,3.19,0.01,2941
2026-05-09 15:19:02,1,1,1,1720.2,39,-17.6,-519,1640,0,0.00,0.00,0,1,3.19,0.01,2941
2026-05-09 15:19:02,1,1,1,1720.2,39,-17.6,-519,1640,0,0.00,0.00,0,1,3.19,0.01,2941
2026-05-09 15:19:02,1,1,1,1706.0,48,-15.0,-441,1648,0,0.00,0.00,0,1,3.19,0.01,2941
2026-05-09 15:19:02,1,1,1,1691.5,48,-9.8,-287,1667,0,0.00,0.00,0,0,0.00,0.00,0
2026-05-09 15:19:02,1,1,1,1691.5,48,-9.8,-287,1667,0,0.00,0.00,0,0,0.00,0.00,0
2026-05-09 15:19:02,1,1,1,1698.0,64,-5.6,-165,1690,0,0.00,0.00,0,0,0.00,0.00,0
2026-05-09 15:19:02,1,1,1,1698.0,64,-5.6,-165,1690,0,0.00,0.00,0,1,2.00,0.71,19945
2026-05-09 15:19:02,1,1,1,1725.9,79,-1.8,-55,1725,0,0.00,0.00,0,1,2.00,0.71,19945
2026-05-09 15:19:02,1,1,1,1725.9,79,-1.8,-55,1725,1,2.07,0.71,19945,1,2.07,0.71,19945
2026-05-09 15:19:02,1,1,1,1756.5,56,1.4,43,1756,1,2.07,0.71,19945,1,2.07,0.71,19945
2026-05-09 15:19:02,1,1,1,1808.9,48,4.6,146,1803,1,2.17,0.49,10016,1,2.17,0.49,10016
2026-05-09 15:19:02,1,1,1,1808.9,48,4.6,146,1803,1,2.17,0.49,10016,1,2.17,0.49,10016
2026-05-09 15:19:03,1,1,1,1870.4,16,7.6,247,1854,1,2.22,0.49,10016,1,2.22,0.49,10016
2026-05-09 15:19:03,1,1,1,1870.4,16,7.6,247,1854,1,2.22,0.49,10016,1,2.22,0.49,10016
2026-05-09 15:19:03,1,1,1,1918.2,32,9.5,316,1892,1,2.22,0.49,10016,1,2.22,0.49,10016
2026-05-09 15:19:03,1,1,1,1918.2,32,9.5,316,1892,1,2.22,0.49,10016,1,2.22,0.49,10016
2026-05-09 15:19:03,1,1,1,1947.1,24,10.9,368,1912,1,2.22,0.49,10016,1,2.22,0.49,10016
2026-05-09 15:19:03,1,1,1,1947.1,24,10.9,368,1912,1,2.22,0.49,10016,1,2.22,0.49,10016
2026-05-09 15:19:03,1,1,1,1974.2,24,11.9,406,1932,1,2.22,0.49,10016,1,2.22,0.49,10016
2026-05-09 15:19:03,1,1,1,2003.5,-32,12.6,438,1955,1,2.22,0.49,10016,1,2.22,0.49,10016
2026-05-09 15:19:03,1,1,1,2003.5,-32,12.6,438,1955,1,2.22,0.49,10016,1,2.22,0.49,10016
2026-05-09 15:19:03,1,1,1,2022.4,8,12.9,453,1971,1,2.22,0.49,10016,1,2.22,0.49,10016
2026-05-09 15:19:03,1,1,1,2022.4,8,12.9,453,1971,1,2.22,0.49,10016,1,2.22,0.49,10016
2026-05-09 15:19:03,1,1,1,2027.8,-8,13.2,464,1974,1,2.22,0.49,10016,1,2.22,0.49,10016
2026-05-09 15:19:03,1,1,1,2027.8,-8,13.2,464,1974,1,2.22,0.49,10016,1,2.22,0.49,10016
2026-05-09 15:19:03,1,1,1,2037.1,-8,13.7,483,1979,1,0.00,0.00,0,0,0.00,0.00,0
2026-05-09 15:19:03,1,1,1,2048.7,-8,14.3,507,1985,1,0.00,0.00,0,0,0.00,0.00,0
2026-05-09 15:19:03,1,1,1,2048.7,-8,14.3,507,1985,1,0.00,0.00,0,0,0.00,0.00,0
2026-05-09 15:19:03,1,1,1,2055.0,-96,15.3,543,1982,1,0.00,0.00,0,0,0.00,0.00,0
2026-05-09 15:19:03,1,1,1,2055.0,-96,15.3,543,1982,1,0.00,0.00,0,0,0.00,0.00,0
2026-05-09 15:19:03,1,1,1,2052.2,-32,16.9,595,1964,0,0.00,0.00,0,0,0.00,0.00,0
2026-05-09 15:19:03,1,1,1,2052.2,-32,16.9,595,1964,0,0.00,0.00,0,0,0.00,0.00,0
2026-05-09 15:19:04,1,1,1,2034.6,-72,18.4,641,1931,0,0.00,0.00,0,0,0.00,0.00,0
2026-05-09 15:19:04,1,1,1,2034.6,-72,18.4,641,1931,0,0.00,0.00,0,0,0.00,0.00,0
2026-05-09 15:19:04,1,1,1,2001.6,-88,19.7,676,1884,0,0.00,0.00,0,0,0.00,0.00,0
2026-05-09 15:19:04,1,1,1,1960.0,-96,21.0,702,1830,0,0.00,0.00,0,0,0.00,0.00,0
2026-05-09 15:19:04,1,1,1,1960.0,-96,21.0,702,1830,0,0.00,0.00,0,0,0.00,0.00,0
2026-05-09 15:19:04,1,1,1,1920.7,-32,21.5,704,1787,0,0.00,0.00,0,0,0.00,0.00,0
2026-05-09 15:19:04,1,1,1,1920.7,-32,21.5,704,1787,0,0.00,0.00,0,0,0.00,0.00,0
2026-05-09 15:19:04,1,1,1,1893.2,-24,21.0,677,1768,0,0.00,0.00,0,0,0.00,0.00,0
2026-05-09 15:19:04,1,1,1,1893.2,-24,21.0,677,1768,0,0.00,0.00,0,0,0.00,0.00,0
2026-05-09 15:19:04,1,1,1,1872.2,-8,19.7,630,1763,0,0.00,0.00,0,0,0.00,0.00,0
2026-05-09 15:19:04,1,1,1,1856.6,8,18.1,576,1765,0,0.00,0.00,0,0,0.00,0.00,0
2026-05-09 15:19:04,1,1,1,1856.6,8,18.1,576,1765,0,0.00,0.00,0,0,0.00,0.00,0
2026-05-09 15:19:04,1,1,1,1850.9,24,16.6,528,1774,0,0.00,0.00,0,0,0.00,0.00,0
2026-05-09 15:19:04,1,1,1,1850.9,24,16.6,528,1774,0,0.00,0.00,0,0,0.00,0.00,0
2026-05-09 15:19:04,1,1,1,1849.8,48,15.0,478,1787,0,0.00,0.00,0,0,0.00,0.00,0
2026-05-09 15:19:04,1,1,1,1849.8,48,15.0,478,1787,0,0.00,0.00,0,0,0.00,0.00,0
2026-05-09 15:19:04,1,1,1,1858.8,0,13.0,419,1811,0,0.00,0.00,0,0,0.00,0.00,0
2026-05-09 15:19:04,1,1,1,1858.8,0,13.0,419,1811,0,0.00,0.00,0,0,0.00,0.00,0
2026-05-09 15:19:04,1,1,1,1877.4,56,11.0,358,1843,0,0.00,0.00,0,1,3.20,0.02,3434
2026-05-09 15:19:04,1,1,1,1912.1,0,8.7,290,1890,0,0.00,0.00,0,1,3.20,0.02,3434
2026-05-09 15:19:05,1,1,1,1912.1,0,8.7,290,1890,1,2.64,0.12,13177,1,2.64,0.12,13177
2026-05-09 15:19:05,1,1,1,2098.0,0,5.0,183,2090,1,2.64,0.12,13177,1,2.64,0.12,13177
2026-05-09 15:19:05,1,1,1,2098.0,0,5.0,183,2090,1,2.65,0.12,13177,1,2.65,0.12,13177
2026-05-09 15:19:05,1,1,1,2270.1,32,1.8,70,2269,1,2.65,0.12,13177,1,2.65,0.12,13177
2026-05-09 15:19:05,1,1,1,2270.1,32,1.8,70,2269,1,2.65,0.12,13177,1,2.65,0.12,13177
2026-05-09 15:19:05,1,1,1,2310.0,8,-0.2,-8,2310,1,2.65,0.12,13177,1,2.65,0.12,13177
2026-05-09 15:19:05,1,1,1,2313.5,8,-2.1,-84,2312,1,2.65,0.12,13177,1,2.65,0.12,13177
2026-05-09 15:19:05,1,1,1,2313.5,8,-2.1,-84,2312,1,2.65,0.12,13177,1,2.65,0.12,13177
2026-05-09 15:19:05,1,1,1,2316.2,0,-3.8,-155,2311,1,2.65,0.12,13177,1,2.65,0.12,13177
2026-05-09 15:19:05,1,1,1,2316.2,0,-3.8,-155,2311,1,2.65,0.12,13177,1,2.65,0.12,13177
2026-05-09 15:19:05,1,1,1,2381.1,0,-5.3,-219,2371,1,2.65,0.12,13177,1,2.65,0.12,13177
2026-05-09 15:19:05,1,1,1,2381.1,0,-5.3,-219,2371,1,2.65,0.12,13177,1,2.65,0.12,13177
2026-05-09 15:19:05,1,1,1,2490.5,0,-6.8,-295,2473,1,2.65,0.12,13177,1,2.65,0.12,13177
2026-05-09 15:19:05,1,1,1,2490.5,0,-6.8,-295,2473,1,2.65,0.12,13177,1,2.65,0.12,13177
2026-05-09 15:19:05,1,1,1,2604.6,0,-7.9,-357,2580,1,2.65,0.12,13177,1,2.65,0.12,13177
2026-05-09 15:19:05,1,1,1,2691.0,0,-8.8,-414,2659,1,0.00,0.00,0,0,0.00,0.00,0
2026-05-09 15:19:05,1,1,1,2691.0,0,-8.8,-414,2659,1,3.22,0.04,2005,1,3.22,0.04,2005
2026-05-09 15:19:05,1,1,1,2752.3,8,-9.8,-469,2712,1,3.22,0.04,2005,1,3.22,0.04,2005
2026-05-09 15:19:05,1,1,1,2752.3,8,-9.8,-469,2712,1,3.23,0.04,2005,1,3.23,0.04,2005
2026-05-09 15:19:05,1,1,1,2675.0,8,-11.4,-530,2622,1,3.23,0.04,2005,1,3.23,0.04,2005
2026-05-09 15:19:06,1,1,1,2675.0,8,-11.4,-530,2622,0,0.00,0.00,0,1,3.23,0.04,2005
2026-05-09 15:19:06,1,1,1,2565.5,24,-13.3,-589,2497,0,0.00,0.00,0,1,3.23,0.04,2005
2026-05-09 15:19:06,1,1,1,2475.2,0,-15.3,-655,2387,0,0.00,0.00,0,1,3.23,0.04,2005
2026-05-09 15:19:06,1,1,1,2475.2,0,-15.3,-655,2387,0,0.00,0.00,0,1,3.23,0.04,2005
2026-05-09 15:19:06,1,1,1,2427.9,0,-17.7,-738,2313,0,0.00,0.00,0,1,3.23,0.04,2005
2026-05-09 15:19:06,1,1,1,2427.9,0,-17.7,-738,2313,0,0.00,0.00,0,1,3.23,0.04,2005
2026-05-09 15:19:06,1,1,1,2505.7,0,-20.6,-883,2345,0,0.00,0.00,0,1,3.23,0.04,2005
2026-05-09 15:19:06,1,1,1,2505.7,0,-20.6,-883,2345,0,0.00,0.00,0,1,3.23,0.04,2005
2026-05-09 15:19:06,1,1,1,2631.5,0,-23.2,-1036,2419,0,0.00,0.00,0,1,3.23,0.04,2005
2026-05-09 15:19:06,1,1,1,2631.5,0,-23.2,-1036,2419,0,0.00,0.00,0,1,3.23,0.04,2005
2026-05-09 15:19:06,1,1,1,2763.1,-96,-25.4,-1183,2497,0,0.00,0.00,0,1,3.23,0.04,2005
2026-05-09 15:19:06,1,1,1,2728.9,-56,-26.6,-1222,2440,0,0.00,0.00,0,0,0.00,0.00,0
2026-05-09 15:19:06,1,1,1,2728.9,-56,-26.6,-1222,2440,0,0.00,0.00,0,0,0.00,0.00,0
2026-05-09 15:19:06,1,1,1,2636.4,-39,-26.9,-1191,2352,0,0.00,0.00,0,0,0.00,0.00,0
2026-05-09 15:19:06,1,1,1,2636.4,-39,-26.9,-1191,2352,0,0.00,0.00,0,0,0.00,0.00,0
2026-05-09 15:19:06,1,1,1,2526.8,-48,-26.7,-1136,2257,0,0.00,0.00,0,0,0.00,0.00,0
2026-05-09 15:19:06,1,1,1,2526.8,-48,-26.7,-1136,2257,0,0.00,0.00,0,0,0.00,0.00,0
2026-05-09 15:19:06,1,1,1,2426.2,-32,-26.2,-1073,2176,0,0.00,0.00,0,0,0.00,0.00,0
2026-05-09 15:19:06,1,1,1,2320.2,-48,-26.1,-1020,2084,0,0.00,0.00,0,0,0.00,0.00,0
2026-05-09 15:19:06,1,1,1,2320.2,-48,-26.1,-1020,2084,0,0.00,0.00,0,0,0.00,0.00,0
2026-05-09 15:19:07,1,1,1,2230.8,-32,-26.1,-980,2004,0,0.00,0.00,0,0,0.00,0.00,0
2026-05-09 15:19:07,1,1,1,2230.8,-32,-26.1,-980,2004,0,0.00,0.00,0,0,0.00,0.00,0
2026-05-09 15:19:07,1,1,1,2149.0,-39,-26.0,-943,1931,0,0.00,0.00,0,0,0.00,0.00,0
2026-05-09 15:19:07,1,1,1,2149.0,-39,-26.0,-943,1931,0,0.00,0.00,0,0,0.00,0.00,0
2026-05-09 15:19:07,1,1,1,2070.7,-56,-26.1,-912,1859,0,0.00,0.00,0,1,1.81,-0.47,34513
2026-05-09 15:19:07,1,1,1,2070.7,-56,-26.1,-912,1859,0,0.00,0.00,0,1,1.81,-0.47,34513
2026-05-09 15:19:07,1,1,1,1991.5,-56,-26.2,-879,1787,1,1.76,-0.45,29512,1,1.76,-0.45,29512
2026-05-09 15:19:07,1,1,1,1929.5,-32,-25.6,-834,1740,1,1.76,-0.45,29512,1,1.76,-0.45,29512
2026-05-09 15:19:07,1,1,1,1929.5,-32,-25.6,-834,1740,1,1.75,-0.37,11981,1,1.75,-0.37,11981
2026-05-09 15:19:07,1,1,1,1870.1,-16,-24.5,-775,1702,1,1.75,-0.37,11981,1,1.75,-0.37,11981
2026-05-09 15:19:07,1,1,1,1870.1,-16,-24.5,-775,1702,1,2.11,-0.21,2617,1,2.11,-0.21,2617
2026-05-09 15:19:07,1,1,1,1814.7,-16,-23.0,-710,1670,1,2.11,-0.21,2617,1,2.11,-0.21,2617
2026-05-09 15:19:07,1,1,1,1814.7,-16,-23.0,-710,1670,1,2.09,-0.21,2617,1,2.09,-0.21,2617
2026-05-09 15:19:07,1,1,1,1766.4,-16,-21.5,-646,1644,1,2.09,-0.21,2617,1,2.09,-0.21,2617
2026-05-09 15:19:07,1,1,1,1766.4,-16,-21.5,-646,1644,1,2.09,-0.21,2617,1,2.09,-0.21,2617
2026-05-09 15:19:07,1,1,1,1724.6,-16,-19.9,-586,1622,0,0.00,0.00,0,1,2.09,-0.21,2617
2026-05-09 15:19:07,1,1,1,1711.9,32,-17.7,-520,1631,0,0.00,0.00,0,1,2.09,-0.21,2617
2026-05-09 15:19:07,1,1,1,1711.9,32,-17.7,-520,1631,0,0.00,0.00,0,1,2.09,-0.21,2617
2026-05-09 15:19:07,1,1,1,1710.9,39,-15.5,-456,1649,0,0.00,0.00,0,1,1.80,0.47,54485
2026-05-09 15:19:07,1,1,1,1710.9,39,-15.5,-456,1649,0,0.00,0.00,0,1,1.80,0.47,54485
2026-05-09 15:19:08,1,1,1,1719.5,56,-13.2,-393,1674,1,1.85,0.47,54485,1,1.85,0.47,54485
2026-05-09 15:19:08,1,1,1,1719.5,56,-13.2,-393,1674,1,1.85,0.47,54485,1,1.85,0.47,54485
2026-05-09 15:19:08,1,1,1,1729.9,64,-10.7,-320,1700,1,1.96,0.60,19649,1,1.96,0.60,19649
2026-05-09 15:19:08,1,1,1,1753.9,56,-8.0,-243,1737,1,1.96,0.60,19649,1,1.96,0.60,19649
2026-05-09 15:19:08,1,1,1,1753.9,56,-8.0,-243,1737,1,2.02,0.60,19649,1,2.02,0.60,19649
2026-05-09 15:19:08,1,1,1,1792.7,0,-5.3,-166,1785,1,2.02,0.60,19649,1,2.02,0.60,19649
2026-05-09 15:19:08,1,1,1,1792.7,0,-5.3,-166,1785,1,2.02,0.60,19649,1,2.02,0.60,19649
2026-05-09 15:19:08,1,1,1,1990.1,0,-5.8,-200,1980,1,2.02,0.60,19649,1,2.02,0.60,19649
2026-05-09 15:19:08,1,1,1,1990.1,0,-5.8,-200,1980,1,2.02,0.60,19649,1,2.02,0.60,19649
2026-05-09 15:19:08,1,1,1,2182.0,0,-6.5,-247,2168,1,2.02,0.60,19649,1,2.02,0.60,19649
2026-05-09 15:19:08,1,1,1,2182.0,0,-6.5,-247,2168,1,2.02,0.60,19649,1,2.02,0.60,19649
2026-05-09 15:19:08,1,1,1,2362.6,39,-7.4,-304,2343,1,2.02,0.60,19649,1,2.02,0.60,19649
2026-05-09 15:19:08,1,1,1,2323.3,32,-5.4,-218,2313,1,2.02,0.60,19649,1,2.02,0.60,19649
2026-05-09 15:19:08,1,1,1,2323.3,32,-5.4,-218,2313,1,2.02,0.60,19649,1,2.02,0.60,19649
2026-05-09 15:19:08,1,1,1,2262.5,32,-2.7,-106,2260,1,2.02,0.60,19649,1,2.02,0.60,19649
2026-05-09 15:19:08,1,1,1,2262.5,32,-2.7,-106,2260,1,2.02,0.60,19649,1,2.02,0.60,19649
2026-05-09 15:19:08,1,1,1,2223.0,-8,0.3,11,2223,1,2.02,0.60,19649,1,2.02,0.60,19649
2026-05-09 15:19:08,1,1,1,2223.0,-8,0.3,11,2223,1,0.00,0.00,0,0,0.00,0.00,0
2026-05-09 15:19:08,1,1,1,2213.9,0,2.4,92,2212,1,0.00,0.00,0,0,0.00,0.00,0
2026-05-09 15:19:08,1,1,1,2203.0,8,4.9,187,2195,1,0.00,0.00,0,0,0.00,0.00,0
2026-05-09 15:19:09,1,1,1,2203.0,8,4.9,187,2195,1,0.00,0.00,0,0,0.00,0.00,0
2026-05-09 15:19:09,1,1,1,2205.3,0,8.7,333,2180,1,0.00,0.00,0,0,0.00,0.00,0
2026-05-09 15:19:09,1,1,1,2205.3,0,8.7,333,2180,0,0.00,0.00,0,0,0.00,0.00,0
2026-05-09 15:19:09,1,1,1,2211.7,16,11.9,457,2164,0,0.00,0.00,0,0,0.00,0.00,0
2026-05-09 15:19:09,1,1,1,2211.7,16,11.9,457,2164,0,0.00,0.00,0,0,0.00,0.00,0
2026-05-09 15:19:09,1,1,1,2206.5,-8,13.3,509,2147,0,0.00,0.00,0,0,0.00,0.00,0
2026-05-09 15:19:09,1,1,1,2206.5,-8,13.3,509,2147,0,0.00,0.00,0,0,0.00,0.00,0
2026-05-09 15:19:09,1,1,1,2201.7,24,14.0,534,2136,0,0.00,0.00,0,0,0.00,0.00,0
2026-05-09 15:19:09,1,1,1,2199.3,-39,14.9,567,2125,0,0.00,0.00,0,0,0.00,0.00,0
2026-05-09 15:19:09,1,1,1,2199.3,-39,14.9,567,2125,0,0.00,0.00,0,0,0.00,0.00,0
2026-05-09 15:19:09,1,1,1,2191.2,-24,16.7,629,2099,0,0.00,0.00,0,0,0.00,0.00,0
2026-05-09 15:19:09,1,1,1,2191.2,-24,16.7,629,2099,0,0.00,0.00,0,0,0.00,0.00,0
2026-05-09 15:19:09,1,1,1,2182.3,-16,18.4,688,2071,0,0.00,0.00,0,0,0.00,0.00,0
2026-05-09 15:19:09,1,1,1,2182.3,-16,18.4,688,2071,0,0.00,0.00,0,0,0.00,0.00,0
2026-05-09 15:19:09,1,1,1,2179.1,-16,19.4,725,2055,0,0.00,0.00,0,0,0.00,0.00,0
2026-05-09 15:19:09,1,1,1,2191.3,24,19.6,736,2064,0,0.00,0.00,0,0,0.00,0.00,0
2026-05-09 15:19:09,1,1,1,2191.3,24,19.6,736,2064,0,0.00,0.00,0,0,0.00,0.00,0
2026-05-09 15:19:09,1,1,1,2196.4,39,19.1,720,2075,0,0.00,0.00,0,0,0.00,0.00,0
2026-05-09 15:19:09,1,1,1,2196.4,39,19.1,720,2075,0,0.00,0.00,0,0,0.00,0.00,0
2026-05-09 15:19:09,1,1,1,2196.3,-48,19.1,717,2076,0,0.00,0.00,0,0,0.00,0.00,0
2026-05-09 15:19:10,1,1,1,2196.3,-48,19.1,717,2076,0,0.00,0.00,0,0,0.00,0.00,0
2026-05-09 15:19:10,1,1,1,2191.1,-39,19.3,724,2068,0,0.00,0.00,0,0,0.00,0.00,0
2026-05-09 15:19:10,1,1,1,2191.1,-39,19.3,724,2068,0,0.00,0.00,0,0,0.00,0.00,0
2026-05-09 15:19:10,1,1,1,2182.4,-16,19.5,729,2057,0,0.00,0.00,0,0,0.00,0.00,0
2026-05-09 15:19:10,1,1,1,2176.7,-48,19.6,729,2051,0,0.00,0.00,0,0,0.00,0.00,0
2026-05-09 15:19:10,1,1,1,2176.7,-48,19.6,729,2051,0,0.00,0.00,0,0,0.00,0.00,0
2026-05-09 15:19:10,1,1,1,2165.4,-32,19.7,729,2039,0,0.00,0.00,0,0,0.00,0.00,0
2026-05-09 15:19:10,1,1,1,2165.4,-32,19.7,729,2039,0,0.00,0.00,0,0,0.00,0.00,0
2026-05-09 15:19:10,1,1,1,2154.6,-16,19.7,725,2029,0,0.00,0.00,0,0,0.00,0.00,0
2026-05-09 15:19:10,1,1,1,2154.6,-16,19.7,725,2029,0,0.00,0.00,0,0,0.00,0.00,0
2026-05-09 15:19:10,1,1,1,2142.5,-16,19.6,717,2019,0,0.00,0.00,0,0,0.00,0.00,0
2026-05-09 15:19:10,1,1,1,2133.8,-24,19.3,705,2014,0,0.00,0.00,0,0,0.00,0.00,0
2026-05-09 15:19:10,1,1,1,2133.8,-24,19.3,705,2014,0,0.00,0.00,0,0,0.00,0.00,0
2026-05-09 15:19:10,1,1,1,2128.9,0,18.9,690,2014,0,0.00,0.00,0,0,0.00,0.00,0
2026-05-09 15:19:10,1,1,1,2128.9,0,18.9,690,2014,0,0.00,0.00,0,0,0.00,0.00,0
2026-05-09 15:19:10,1,1,1,2126.6,0,18.4,671,2018,0,0.00,0.00,0,0,0.00,0.00,0
2026-05-09 15:19:10,1,1,1,2126.6,0,18.4,671,2018,0,0.00,0.00,0,0,0.00,0.00,0
2026-05-09 15:19:10,1,1,1,2181.6,0,15.2,573,2105,0,0.00,0.00,0,0,0.00,0.00,0
2026-05-09 15:19:10,1,1,1,2181.6,0,15.2,573,2105,0,0.00,0.00,0,0,0.00,0.00,0
2026-05-09 15:19:10,1,1,1,2314.9,0,9.5,383,2283,0,0.00,0.00,0,0,0.00,0.00,0
2026-05-09 15:19:11,1,1,1,2455.7,8,4.8,206,2447,0,0.00,0.00,0,1,2.00,0.00,7938
2026-05-09 15:19:11,1,1,1,2455.7,8,4.8,206,2447,0,0.00,0.00,0,1,2.00,0.00,7938
2026-05-09 15:19:11,1,1,1,2393.9,8,2.3,96,2392,1,2.00,0.12,36562,1,2.00,0.12,36562
2026-05-09 15:19:11,1,1,1,2393.9,8,2.3,96,2392,1,2.00,0.12,36562,1,2.00,0.12,36562
2026-05-09 15:19:11,1,1,1,2307.0,16,0.3,14,2307,1,2.42,0.12,5281,1,2.42,0.12,5281
2026-05-09 15:19:11,1,1,1,2307.0,16,0.3,14,2307,1,2.42,0.12,5281,1,2.42,0.12,5281
2026-05-09 15:19:11,1,1,1,2220.5,0,-1.2,-48,2220,1,2.64,0.12,13736,1,2.64,0.12,13736
2026-05-09 15:19:11,1,1,1,2220.5,0,-1.2,-48,2220,1,2.64,0.12,13736,1,2.64,0.12,13736
2026-05-09 15:19:11,1,1,1,2277.2,0,-3.0,-120,2274,1,2.65,0.12,13736,1,2.65,0.12,13736
2026-05-09 15:19:11,1,1,1,2428.5,0,-4.2,-178,2422,1,2.65,0.12,13736,1,2.65,0.12,13736
2026-05-09 15:19:11,1,1,1,2428.5,0,-4.2,-178,2422,1,2.59,0.17,5200,1,2.59,0.17,5200
2026-05-09 15:19:11,1,1,1,2570.4,39,-5.2,-231,2560,1,2.59,0.17,5200,1,2.59,0.17,5200
2026-05-09 15:19:11,1,1,1,2570.4,39,-5.2,-231,2560,1,2.61,0.17,5200,1,2.61,0.17,5200
2026-05-09 15:19:11,1,1,1,2522.9,24,-7.2,-316,2503,1,2.61,0.17,5200,1,2.61,0.17,5200
2026-05-09 15:19:11,1,1,1,2522.9,24,-7.2,-316,2503,1,2.56,0.16,4365,1,2.56,0.16,4365
2026-05-09 15:19:11,1,1,1,2475.5,8,-9.4,-406,2442,1,2.56,0.16,4365,1,2.56,0.16,4365
2026-05-09 15:19:11,1,1,1,2411.1,16,-11.7,-489,2361,1,2.52,0.15,4093,1,2.52,0.15,4093
2026-05-09 15:19:11,1,1,1,2411.1,16,-11.7,-489,2361,1,2.52,0.15,4093,1,2.52,0.15,4093
2026-05-09 15:19:11,1,1,1,2348.0,24,-13.8,-561,2280,1,2.50,0.15,10426,1,2.50,0.15,10426
2026-05-09 15:19:11,1,1,1,2348.0,24,-13.8,-561,2280,1,2.50,0.15,10426,1,2.50,0.15,10426
2026-05-09 15:19:12,1,1,1,2298.0,-32,-16.4,-647,2205,1,2.52,0.15,10426,1,2.52,0.15,10426
2026-05-09 15:19:12,1,1,1,2298.0,-32,-16.4,-647,2205,1,2.52,0.15,10426,1,2.52,0.15,10426
2026-05-09 15:19:12,1,1,1,2256.0,-16,-18.5,-714,2140,1,2.52,0.15,10426,1,2.52,0.15,10426
2026-05-09 15:19:12,1,1,1,2256.0,-16,-18.5,-714,2140,1,2.52,0.15,10426,1,2.52,0.15,10426
2026-05-09 15:19:12,1,1,1,2200.8,8,-20.0,-753,2068,1,2.52,0.15,10426,1,2.52,0.15,10426
2026-05-09 15:19:12,1,1,1,2164.5,0,-21.6,-798,2012,1,2.52,0.15,10426,1,2.52,0.15,10426
2026-05-09 15:19:12,1,1,1,2164.5,0,-21.6,-798,2012,1,2.52,0.15,10426,1,2.52,0.15,10426
2026-05-09 15:19:12,1,1,1,2151.2,0,-23.2,-848,1977,1,2.52,0.15,10426,1,2.52,0.15,10426
2026-05-09 15:19:12,1,1,1,2151.2,0,-23.2,-848,1977,1,2.52,0.15,10426,1,2.52,0.15,10426
2026-05-09 15:19:12,1,1,1,2137.9,0,-24.1,-872,1952,1,2.52,0.15,10426,1,2.52,0.15,10426
2026-05-09 15:19:12,1,1,1,2137.9,0,-24.1,-872,1952,1,2.52,0.15,10426,1,2.52,0.15,10426
2026-05-09 15:19:12,1,1,1,2121.0,-24,-25.1,-899,1921,1,2.52,0.15,10426,1,2.52,0.15,10426
2026-05-09 15:19:12,1,1,1,2091.7,-39,-25.9,-915,1881,1,2.52,0.15,10426,1,2.52,0.15,10426
2026-05-09 15:19:12,1,1,1,2091.7,-39,-25.9,-915,1881,1,0.00,0.00,0,0,0.00,0.00,0
2026-05-09 15:19:12,1,1,1,2058.5,-64,-26.8,-929,1837,1,0.00,0.00,0,0,0.00,0.00,0
2026-05-09 15:19:12,1,1,1,2058.5,-64,-26.8,-929,1837,1,0.00,0.00,0,0,0.00,0.00,0
2026-05-09 15:19:12,1,1,1,2019.1,-56,-27.6,-936,1789,1,0.00,0.00,0,0,0.00,0.00,0
2026-05-09 15:19:12,1,1,1,2019.1,-56,-27.6,-936,1789,1,0.00,0.00,0,0,0.00,0.00,0
2026-05-09 15:19:12,1,1,1,1978.7,-39,-28.1,-931,1746,0,0.00,0.00,0,0,0.00,0.00,0
2026-05-09 15:19:12,1,1,1,1978.7,-39,-28.1,-931,1746,0,0.00,0.00,0,0,0.00,0.00,0
2026-05-09 15:19:13,1,1,1,1943.5,-32,-28.3,-920,1712,0,0.00,0.00,0,0,0.00,0.00,0
2026-05-09 15:19:13,1,1,1,1908.3,-32,-28.3,-905,1680,0,0.00,0.00,0,0,0.00,0.00,0
2026-05-09 15:19:13,1,1,1,1908.3,-32,-28.3,-905,1680,0,0.00,0.00,0,0,0.00,0.00,0
2026-05-09 15:19:13,1,1,1,1855.9,-8,-27.7,-863,1643,0,0.00,0.00,0,0,0.00,0.00,0
2026-05-09 15:19:13,1,1,1,1855.9,-8,-27.7,-863,1643,0,0.00,0.00,0,0,0.00,0.00,0
2026-05-09 15:19:13,1,1,1,1801.4,-8,-26.9,-816,1606,0,0.00,0.00,0,0,0.00,0.00,0
2026-05-09 15:19:13,1,1,1,1801.4,-8,-26.9,-816,1606,0,0.00,0.00,0,0,0.00,0.00,0
2026-05-09 15:19:13,1,1,1,1750.0,-8,-26.0,-767,1573,0,0.00,0.00,0,0,0.00,0.00,0
2026-05-09 15:19:13,1,1,1,1738.7,16,-24.8,-730,1578,0,0.00,0.00,0,0,0.00,0.00,0
2026-05-09 15:19:13,1,1,1,1738.7,16,-24.8,-730,1578,0,0.00,0.00,0,0,0.00,0.00,0
2026-05-09 15:19:13,1,1,1,1746.1,0,-23.5,-697,1601,0,0.00,0.00,0,0,0.00,0.00,0
2026-05-09 15:19:13,1,1,1,1746.1,0,-23.5,-697,1601,0,0.00,0.00,0,0,0.00,0.00,0
2026-05-09 15:19:13,1,1,1,1823.9,0,-21.9,-681,1692,0,0.00,0.00,0,0,0.00,0.00,0
2026-05-09 15:19:13,1,1,1,1823.9,0,-21.9,-681,1692,0,0.00,0.00,0,0,0.00,0.00,0
2026-05-09 15:19:13,1,1,1,2045.1,0,-19.0,-665,1934,0,0.00,0.00,0,0,0.00,0.00,0
2026-05-09 15:19:13,1,1,1,2045.1,0,-19.0,-665,1934,0,0.00,0.00,0,0,0.00,0.00,0
2026-05-09 15:19:13,1,1,1,2250.8,0,-17.2,-666,2150,0,0.00,0.00,0,0,0.00,0.00,0
2026-05-09 15:19:13,1,1,1,2434.0,16,-16.0,-670,2340,0,0.00,0.00,0,0,0.00,0.00,0
2026-05-09 15:19:13,1,1,1,2434.0,16,-16.0,-670,2340,0,0.00,0.00,0,0,0.00,0.00,0
2026-05-09 15:19:13,1,1,1,2456.4,48,-14.3,-608,2380,0,0.00,0.00,0,0,0.00,0.00,0
2026-05-09 15:19:14,1,1,1,2456.4,48,-14.3,-608,2380,0,0.00,0.00,0,0,0.00,0.00,0
2026-05-09 15:19:14,1,1,1,2396.5,32,-12.2,-508,2342,0,0.00,0.00,0,0,0.00,0.00,0
2026-05-09 15:19:14,1,1,1,2396.5,32,-12.2,-508,2342,0,0.00,0.00,0,0,0.00,0.00,0
2026-05-09 15:19:14,1,1,1,2332.4,0,-10.0,-405,2297,0,0.00,0.00,0,0,0.00,0.00,0
2026-05-09 15:19:14,1,1,1,2248.2,39,-6.7,-261,2233,0,0.00,0.00,0,0,0.00,0.00,0
2026-05-09 15:19:14,1,1,1,2248.2,39,-6.7,-261,2233,0,0.00,0.00,0,0,0.00,0.00,0
2026-05-09 15:19:14,1,1,1,2179.8,39,-3.4,-129,2176,0,0.00,0.00,0,0,0.00,0.00,0
2026-05-09 15:19:14,1,1,1,2179.8,39,-3.4,-129,2176,0,0.00,0.00,0,0,0.00,0.00,0
2026-05-09 15:19:14,1,1,1,2141.1,48,-0.4,-15,2141,0,0.00,0.00,0,0,0.00,0.00,0
2026-05-09 15:19:14,1,1,1,2141.1,48,-0.4,-15,2141,0,0.00,0.00,0,0,0.00,0.00,0
2026-05-09 15:19:14,1,1,1,2122.9,56,2.4,90,2121,0,0.00,0.00,0,0,0.00,0.00,0
2026-05-09 15:19:14,1,1,1,2122.9,56,2.4,90,2121,0,0.00,0.00,0,0,0.00,0.00,0
2026-05-09 15:19:14,1,1,1,2117.8,64,4.6,169,2111,0,0.00,0.00,0,0,0.00,0.00,0
2026-05-09 15:19:14,1,1,1,2114.7,39,6.8,249,2100,0,0.00,0.00,0,0,0.00,0.00,0
2026-05-09 15:19:14,1,1,1,2114.7,39,6.8,249,2100,0,0.00,0.00,0,0,0.00,0.00,0
2026-05-09 15:19:14,1,1,1,2127.8,39,8.8,324,2103,0,0.00,0.00,0,0,0.00,0.00,0
2026-05-09 15:19:14,1,1,1,2127.8,39,8.8,324,2103,0,0.00,0.00,0,0,0.00,0.00,0
2026-05-09 15:19:14,1,1,1,2149.5,24,10.7,400,2112,0,0.00,0.00,0,0,0.00,0.00,0
2026-05-09 15:19:14,1,1,1,2149.5,24,10.7,400,2112,0,0.00,0.00,0,0,0.00,0.00,0
2026-05-09 15:19:14,1,1,1,2161.1,24,12.2,458,2112,0,0.00,0.00,0,0,0.00,0.00,0
2026-05-09 15:19:15,1,1,1,2177.1,16,13.4,504,2118,0,0.00,0.00,0,0,0.00,0.00,0
2026-05-09 15:19:15,1,1,1,2177.1,16,13.4,504,2118,0,0.00,0.00,0,0,0.00,0.00,0
2026-05-09 15:19:15,1,1,1,2190.7,8,14.6,552,2120,0,0.00,0.00,0,0,0.00,0.00,0
2026-05-09 15:19:15,1,1,1,2190.7,8,14.6,552,2120,0,0.00,0.00,0,0,0.00,0.00,0
2026-05-09 15:19:15,1,1,1,2197.7,0,16.3,618,2109,0,0.00,0.00,0,0,0.00,0.00,0
2026-05-09 15:19:15,1,1,1,2197.7,0,16.3,618,2109,0,0.00,0.00,0,0,0.00,0.00,0
2026-05-09 15:19:15,1,1,1,2217.1,-16,18.1,687,2108,0,0.00,0.00,0,0,0.00,0.00,0
2026-05-09 15:19:15,1,1,1,2217.1,-16,18.1,687,2108,0,0.00,0.00,0,0,0.00,0.00,0
2026-05-09 15:19:15,1,1,1,2234.1,-8,19.7,754,2103,0,0.00,0.00,0,0,0.00,0.00,0
2026-05-09 15:19:15,1,1,1,2246.8,-16,21.3,817,2093,0,0.00,0.00,0,0,0.00,0.00,0
2026-05-09 15:19:15,1,1,1,2246.8,-16,21.3,817,2093,0,0.00,0.00,0,0,0.00,0.00,0
2026-05-09 15:19:15,1,1,1,2254.3,0,22.5,862,2083,0,0.00,0.00,0,0,0.00,0.00,0
2026-05-09 15:19:15,1,1,1,2254.3,0,22.5,862,2083,0,0.00,0.00,0,0,0.00,0.00,0
2026-05-09 15:19:15,1,1,1,2255.8,-24,23.7,908,2065,0,0.00,0.00,0,0,0.00,0.00,0
2026-05-09 15:19:15,1,1,1,2255.8,-24,23.7,908,2065,0,0.00,0.00,0,0,0.00,0.00,0
2026-05-09 15:19:15,1,1,1,2272.0,-16,24.5,941,2068,0,0.00,0.00,0,0,0.00,0.00,0
2026-05-09 15:19:15,1,1,1,2272.0,-16,24.5,941,2068,0,0.00,0.00,0,0,0.00,0.00,0
2026-05-09 15:19:15,1,1,1,2268.4,-48,25.3,969,2051,0,0.00,0.00,0,0,0.00,0.00,0
2026-05-09 15:19:15,1,1,1,2251.8,-56,26.1,989,2023,0,0.00,0.00,0,0,0.00,0.00,0
2026-05-09 15:19:15,1,1,1,2251.8,-56,26.1,989,2023,0,0.00,0.00,0,0,0.00,0.00,0
2026-05-09 15:19:16,1,1,1,2223.1,-48,26.9,1005,1983,0,0.00,0.00,0,1,2.27,-0.47,14389
2026-05-09 15:19:16,1,1,1,2223.1,-48,26.9,1005,1983,0,0.00,0.00,0,1,2.27,-0.47,14389
2026-05-09 15:19:16,1,1,1,2198.2,-39,27.3,1009,1953,1,2.22,-0.47,14389,1,2.22,-0.47,14389
2026-05-09 15:19:16,1,1,1,2198.2,-39,27.3,1009,1953,1,2.22,-0.47,14389,1,2.22,-0.47,14389
2026-05-09 15:19:16,1,1,1,2169.9,-39,27.8,1011,1920,1,2.22,-0.47,14389,1,2.22,-0.47,14389
2026-05-09 15:19:16,1,1,1,2137.9,-32,28.0,1005,1887,1,2.22,-0.47,14389,1,2.22,-0.47,14389
2026-05-09 15:19:16,1,1,1,2137.9,-32,28.0,1005,1887,1,2.22,-0.47,14389,1,2.22,-0.47,14389
2026-05-09 15:19:16,1,1,1,2104.5,-24,27.6,975,1865,1,2.22,-0.47,14389,1,2.22,-0.47,14389
2026-05-09 15:19:16,1,1,1,2104.5,-24,27.6,975,1865,1,2.22,-0.47,14389,1,2.22,-0.47,14389
2026-05-09 15:19:16,1,1,1,2067.9,8,26.3,916,1854,1,2.22,-0.47,14389,1,2.22,-0.47,14389
2026-05-09 15:19:16,1,1,1,2067.9,8,26.3,916,1854,1,2.22,-0.47,14389,1,2.22,-0.47,14389
2026-05-09 15:19:16,1,1,1,2025.0,-8,25.4,867,1830,1,2.22,-0.47,14389,1,2.22,-0.47,14389
2026-05-09 15:19:16,1,1,1,2025.0,-8,25.4,867,1830,1,2.22,-0.47,14389,1,2.22,-0.47,14389
2026-05-09 15:19:16,1,1,1,1992.1,0,24.0,810,1820,1,2.22,-0.47,14389,1,2.22,-0.47,14389
2026-05-09 15:19:16,1,1,1,1969.1,8,22.0,737,1826,1,2.22,-0.47,14389,1,2.22,-0.47,14389
2026-05-09 15:19:16,1,1,1,1969.1,8,22.0,737,1826,1,0.00,0.00,0,0,0.00,0.00,0
2026-05-09 15:19:16,1,1,1,1957.7,0,20.1,674,1838,1,0.00,0.00,0,0,0.00,0.00,0
2026-05-09 15:19:16,1,1,1,1957.7,0,20.1,674,1838,1,0.00,0.00,0,0,0.00,0.00,0
2026-05-09 15:19:16,1,1,1,1944.2,8,18.0,601,1849,1,0.00,0.00,0,0,0.00,0.00,0
2026-05-09 15:19:16,1,1,1,1944.2,8,18.0,601,1849,1,0.00,0.00,0,0,0.00,0.00,0
2026-05-09 15:19:17,1,1,1,1948.6,8,15.7,527,1876,0,0.00,0.00,0,0,0.00,0.00,0
2026-05-09 15:19:17,1,1,1,1967.2,0,13.1,446,1916,0,0.00,0.00,0,0,0.00,0.00,0
2026-05-09 15:19:17,1,1,1,1967.2,0,13.1,446,1916,0,0.00,0.00,0,0,0.00,0.00,0
2026-05-09 15:19:17,1,1,1,2119.3,0,7.7,285,2100,0,0.00,0.00,0,0,0.00,0.00,0
2026-05-09 15:19:17,1,1,1,2119.3,0,7.7,285,2100,0,0.00,0.00,0,0,0.00,0.00,0
2026-05-09 15:19:17,1,1,1,2269.5,0,2.7,106,2267,0,0.00,0.00,0,0,0.00,0.00,0
2026-05-09 15:19:17,1,1,1,2269.5,0,2.7,106,2267,0,0.00,0.00,0,0,0.00,0.00,0
2026-05-09 15:19:17,1,1,1,2420.4,0,-1.0,-43,2420,0,0.00,0.00,0,0,0.00,0.00,0
2026-05-09 15:19:17,1,1,1,2420.4,0,-1.0,-43,2420,0,0.00,0.00,0,0,0.00,0.00,0
2026-05-09 15:19:17,1,1,1,2561.6,0,-3.4,-154,2557,0,0.00,0.00,0,0,0.00,0.00,0
2026-05-09 15:19:17,1,1,1,2683.9,0,-5.2,-242,2673,0,0.00,0.00,0,0,0.00,0.00,0
2026-05-09 15:19:17,1,1,1,2683.9,0,-5.2,-242,2673,0,0.00,0.00,0,0,0.00,0.00,0
2026-05-09 15:19:17,1,1,1,2788.4,0,-6.0,-293,2773,0,0.00,0.00,0,1,3.25,0.01,6404
2026-05-09 15:19:17,1,1,1,2788.4,0,-6.0,-293,2773,0,0.00,0.00,0,1,3.25,0.01,6404
2026-05-09 15:19:17,1,1,1,2856.8,0,-6.6,-327,2838,0,0.00,0.00,0,1,2.76,0.10,2677
2026-05-09 15:19:17,1,1,1,2856.8,0,-6.6,-327,2838,0,0.00,0.00,0,1,2.76,0.10,2677
2026-05-09 15:19:17,1,1,1,2899.2,0,-7.4,-374,2875,0,0.00,0.00,0,1,2.77,0.10,2677
2026-05-09 15:19:17,1,1,1,2932.0,0,-7.8,-397,2905,0,0.00,0.00,0,1,2.77,0.10,2677
2026-05-09 15:19:17,1,1,1,2932.0,0,-7.8,-397,2905,0,0.00,0.00,0,1,2.77,0.10,2677
2026-05-09 15:19:17,1,1,1,2932.9,32,-8.2,-418,2903,0,0.00,0.00,0,1,2.77,0.10,2677
2026-05-09 15:19:18,1,1,1,2932.9,32,-8.2,-418,2903,0,0.00,0.00,0,1,2.77,0.10,2677
2026-05-09 15:19:18,1,1,1,2861.8,16,-8.9,-445,2827,0,0.00,0.00,0,1,2.77,0.10,2677
2026-05-09 15:19:18,1,1,1,2861.8,16,-8.9,-445,2827,0,0.00,0.00,0,1,2.32,0.24,8693
2026-05-09 15:19:18,1,1,1,2736.9,16,-10.8,-515,2688,0,0.00,0.00,0,1,2.32,0.24,8693
2026-05-09 15:19:18,1,1,1,2736.9,16,-10.8,-515,2688,1,2.35,0.24,8693,1,2.35,0.24,8693
2026-05-09 15:19:18,1,1,1,2618.1,8,-13.0,-589,2551,1,2.35,0.24,8693,1,2.35,0.24,8693
2026-05-09 15:19:18,1,1,1,2521.6,0,-15.4,-670,2431,1,2.35,0.24,8693,1,2.35,0.24,8693
2026-05-09 15:19:18,1,1,1,2521.6,0,-15.4,-670,2431,1,2.35,0.24,8693,1,2.35,0.24,8693
2026-05-09 15:19:18,1,1,1,2468.6,0,-17.8,-756,2350,1,2.35,0.24,8693,1,2.35,0.24,8693
2026-05-09 15:19:18,1,1,1,2468.6,0,-17.8,-756,2350,1,2.35,0.24,8693,1,2.35,0.24,8693
2026-05-09 15:19:18,1,1,1,2407.5,8,-19.8,-816,2265,1,2.35,0.24,8693,1,2.35,0.24,8693
2026-05-09 15:19:18,1,1,1,2407.5,8,-19.8,-816,2265,1,2.35,0.24,8693,1,2.35,0.24,8693
2026-05-09 15:19:18,1,1,1,2346.1,0,-21.1,-844,2189,1,2.35,0.24,8693,1,2.35,0.24,8693
2026-05-09 15:19:18,1,1,1,2300.1,0,-22.3,-873,2128,1,2.35,0.24,8693,1,2.35,0.24,8693
2026-05-09 15:19:18,1,1,1,2300.1,0,-22.3,-873,2128,1,2.35,0.24,8693,1,2.35,0.24,8693
2026-05-09 15:19:18,1,1,1,2272.7,-24,-23.4,-902,2086,1,2.35,0.24,8693,1,2.35,0.24,8693
2026-05-09 15:19:18,1,1,1,2272.7,-24,-23.4,-902,2086,1,2.35,0.24,8693,1,2.35,0.24,8693
2026-05-09 15:19:18,1,1,1,2257.1,-16,-24.3,-929,2057,1,0.00,0.00,0,0,0.00,0.00,0
2026-05-09 15:19:18,1,1,1,2257.1,-16,-24.3,-929,2057,1,0.00,0.00,0,0,0.00,0.00,0
2026-05-09 15:19:18,1,1,1,2241.3,-112,-25.7,-971,2020,1,0.00,0.00,0,0,0.00,0.00,0
2026-05-09 15:19:19,1,1,1,2241.3,-112,-25.7,-971,2020,1,0.00,0.00,0,0,0.00,0.00,0
2026-05-09 15:19:19,1,1,1,2210.3,-128,-27.3,-1014,1964,1,0.00,0.00,0,0,0.00,0.00,0
2026-05-09 15:19:19,1,1,1,2164.6,-128,-28.6,-1037,1900,0,0.00,0.00,0,0,0.00,0.00,0
2026-05-09 15:19:19,1,1,1,2164.6,-128,-28.6,-1037,1900,0,0.00,0.00,0,0,0.00,0.00,0
2026-05-09 15:19:19,1,1,1,2122.8,-48,-29.1,-1034,1854,0,0.00,0.00,0,0,0.00,0.00,0
2026-05-09 15:19:19,1,1,1,2122.8,-48,-29.1,-1034,1854,0,0.00,0.00,0,0,0.00,0.00,0
2026-05-09 15:19:19,1,1,1,2088.0,0,-29.5,-1027,1818,0,0.00,0.00,0,0,0.00,0.00,0
2026-05-09 15:19:19,1,1,1,2088.0,0,-29.5,-1027,1818,0,0.00,0.00,0,0,0.00,0.00,0
2026-05-09 15:19:19,1,1,1,2249.6,0,-29.9,-1120,1951,0,0.00,0.00,0,0,0.00,0.00,0
2026-05-09 15:19:19,1,1,1,2428.8,0,-30.2,-1222,2099,0,0.00,0.00,0,0,0.00,0.00,0
2026-05-09 15:19:19,1,1,1,2428.8,0,-30.2,-1222,2099,0,0.00,0.00,0,0,0.00,0.00,0
2026-05-09 15:19:19,1,1,1,2612.1,0,-30.7,-1332,2247,0,0.00,0.00,0,0,0.00,0.00,0
2026-05-09 15:19:19,1,1,1,2612.1,0,-30.7,-1332,2247,0,0.00,0.00,0,0,0.00,0.00,0
2026-05-09 15:19:19,1,1,1,2788.8,0,-31.1,-1442,2387,0,0.00,0.00,0,0,0.00,0.00,0
2026-05-09 15:19:19,1,1,1,2788.8,0,-31.1,-1442,2387,0,0.00,0.00,0,0,0.00,0.00,0
2026-05-09 15:19:19,1,1,1,2951.1,0,-31.5,-1544,2515,0,0.00,0.00,0,0,0.00,0.00,0
2026-05-09 15:19:19,1,1,1,2951.1,0,-31.5,-1544,2515,0,0.00,0.00,0,0,0.00,0.00,0
2026-05-09 15:19:19,1,1,1,3096.2,0,-31.9,-1637,2628,0,0.00,0.00,0,0,0.00,0.00,0
2026-05-09 15:19:19,1,1,1,3210.8,0,-31.9,-1695,2727,0,0.00,0.00,0,0,0.00,0.00,0
2026-05-09 15:19:19,1,1,1,3210.8,0,-31.9,-1695,2727,0,0.00,0.00,0,0,0.00,0.00,0
2026-05-09 15:19:20,1,1,1,3189.2,0,-28.5,-1523,2802,0,0.00,0.00,0,0,0.00,0.00,0
2026-05-09 15:19:20,1,1,1,3189.2,0,-28.5,-1523,2802,0,0.00,0.00,0,0,0.00,0.00,0
2026-05-09 15:19:20,1,1,1,3159.6,0,-24.9,-1328,2867,0,0.00,0.00,0,0,0.00,0.00,0
2026-05-09 15:19:20,1,1,1,3159.6,0,-24.9,-1328,2867,0,0.00,0.00,0,0,0.00,0.00,0
2026-05-09 15:19:20,1,1,1,3123.8,39,-21.4,-1141,2908,0,0.00,0.00,0,1,2.29,0.23,27200
2026-05-09 15:19:20,1,1,1,3123.8,39,-21.4,-1141,2908,0,0.00,0.00,0,1,2.29,0.23,27200
2026-05-09 15:19:20,1,1,1,3108.9,0,-18.7,-996,2945,1,2.28,0.35,7794,1,2.28,0.35,7794
2026-05-09 15:19:20,1,1,1,3103.8,0,-16.4,-878,2977,1,2.28,0.35,7794,1,2.28,0.35,7794
2026-05-09 15:19:20,1,1,1,3103.8,0,-16.4,-878,2977,1,2.32,0.35,7794,1,2.32,0.35,7794
2026-05-09 15:19:20,1,1,1,3103.9,0,-14.6,-785,3003,1,2.32,0.35,7794,1,2.32,0.35,7794
2026-05-09 15:19:20,1,1,1,3103.9,0,-14.6,-785,3003,1,2.32,0.35,7794,1,2.32,0.35,7794
2026-05-09 15:19:20,1,1,1,3106.2,0,-13.3,-714,3023,1,2.32,0.35,7794,1,2.32,0.35,7794
2026-05-09 15:19:20,1,1,1,3106.2,0,-13.3,-714,3023,1,2.32,0.35,7794,1,2.32,0.35,7794
2026-05-09 15:19:20,1,1,1,3115.7,0,-12.6,-678,3041,1,2.32,0.35,7794,1,2.32,0.35,7794
2026-05-09 15:19:20,1,1,1,3129.9,0,-12.5,-676,3056,1,2.32,0.35,7794,1,2.32,0.35,7794
2026-05-09 15:19:20,1,1,1,3129.9,0,-12.5,-676,3056,1,2.32,0.35,7794,1,2.32,0.35,7794
2026-05-09 15:19:20,1,1,1,3134.4,32,-12.5,-679,3060,1,2.32,0.35,7794,1,2.32,0.35,7794
2026-05-09 15:19:20,1,1,1,3134.4,32,-12.5,-679,3060,1,2.32,0.35,7794,1,2.32,0.35,7794
2026-05-09 15:19:20,1,1,1,3108.7,48,-12.0,-645,3041,1,2.32,0.35,7794,1,2.32,0.35,7794
2026-05-09 15:19:20,1,1,1,3108.7,48,-12.0,-645,3041,1,2.32,0.35,7794,1,2.32,0.35,7794
2026-05-09 15:19:21,1,1,1,3025.0,48,-10.2,-537,2977,1,2.32,0.35,7794,1,2.32,0.35,7794
2026-05-09 15:19:21,1,1,1,3025.0,48,-10.2,-537,2977,1,0.00,0.00,0,0,0.00,0.00,0
2026-05-09 15:19:21,1,1,1,2942.9,32,-8.3,-425,2912,1,0.00,0.00,0,0,0.00,0.00,0
2026-05-09 15:19:21,1,1,1,2874.9,0,-6.4,-320,2857,1,0.00,0.00,0,0,0.00,0.00,0
2026-05-09 15:19:21,1,1,1,2874.9,0,-6.4,-320,2857,1,0.00,0.00,0,0,0.00,0.00,0
2026-05-09 15:19:21,1,1,1,2814.5,-16,-4.2,-206,2807,1,0.00,0.00,0,0,0.00,0.00,0
2026-05-09 15:19:21,1,1,1,2814.5,-16,-4.2,-206,2807,0,0.00,0.00,0,1,1.08,0.00,205
2026-05-09 15:19:21,1,1,1,2703.0,8,-0.3,-15,2703,0,0.00,0.00,0,1,1.08,0.00,205
2026-05-09 15:19:21,1,1,1,2703.0,8,-0.3,-15,2703,0,0.00,0.00,0,1,1.08,0.00,205
2026-05-09 15:19:21,1,1,1,2626.5,8,3.0,136,2623,0,0.00,0.00,0,1,1.08,0.00,205
2026-05-09 15:19:21,1,1,1,2585.8,0,5.7,257,2573,0,0.00,0.00,0,1,1.08,0.00,205
2026-05-09 15:19:21,1,1,1,2585.8,0,5.7,257,2573,0,0.00,0.00,0,1,1.08,0.00,205
2026-05-09 15:19:21,1,1,1,2565.9,-8,7.0,311,2547,0,0.00,0.00,0,1,1.08,0.00,205
2026-05-09 15:19:21,1,1,1,2565.9,-8,7.0,311,2547,0,0.00,0.00,0,1,1.08,0.00,205
2026-05-09 15:19:21,1,1,1,2540.2,-24,8.4,371,2513,0,0.00,0.00,0,1,1.08,0.00,205
2026-05-09 15:19:21,1,1,1,2540.2,-24,8.4,371,2513,0,0.00,0.00,0,1,1.08,0.00,205
2026-05-09 15:19:21,1,1,1,2482.4,-32,11.5,493,2433,0,0.00,0.00,0,1,1.08,0.00,205
2026-05-09 15:19:21,1,1,1,2482.4,-32,11.5,493,2433,0,0.00,0.00,0,1,1.08,0.00,205
2026-05-09 15:19:21,1,1,1,2436.7,-88,14.7,618,2357,0,0.00,0.00,0,1,1.08,0.00,205
2026-05-09 15:19:21,1,1,1,2406.2,0,17.4,720,2296,0,0.00,0.00,0,1,1.08,0.00,205
2026-05-09 15:19:22,1,1,1,2406.2,0,17.4,720,2296,0,0.00,0.00,0,1,1.08,0.00,205
2026-05-09 15:19:22,1,1,1,2364.7,-39,20.3,820,2218,0,0.00,0.00,0,0,0.00,0.00,0
2026-05-09 15:19:22,1,1,1,2364.7,-39,20.3,820,2218,0,0.00,0.00,0,0,0.00,0.00,0
2026-05-09 15:19:22,1,1,1,2322.3,-88,22.9,902,2140,0,0.00,0.00,0,0,0.00,0.00,0
2026-05-09 15:19:22,1,1,1,2322.3,-88,22.9,902,2140,0,0.00,0.00,0,0,0.00,0.00,0
2026-05-09 15:19:22,1,1,1,2284.9,-64,24.5,948,2079,0,0.00,0.00,0,0,0.00,0.00,0
2026-05-09 15:19:22,1,1,1,2244.6,-56,25.4,964,2027,0,0.00,0.00,0,0,0.00,0.00,0
2026-05-09 15:19:22,1,1,1,2244.6,-56,25.4,964,2027,0,0.00,0.00,0,0,0.00,0.00,0
2026-05-09 15:19:22,1,1,1,2201.7,-48,26.1,967,1978,0,0.00,0.00,0,1,2.04,-0.46,13988
2026-05-09 15:19:22,1,1,1,2201.7,-48,26.1,967,1978,0,0.00,0.00,0,1,2.04,-0.46,13988
2026-05-09 15:19:22,1,1,1,2162.7,-32,26.3,958,1939,1,1.99,-0.47,27353,1,1.99,-0.47,27353
2026-05-09 15:19:22,1,1,1,2162.7,-32,26.3,958,1939,1,1.99,-0.47,27353,1,1.99,-0.47,27353
2026-05-09 15:19:22,1,1,1,2113.6,-64,26.8,954,1886,1,1.94,-0.47,27353,1,1.94,-0.47,27353
2026-05-09 15:19:22,1,1,1,2113.6,-64,26.8,954,1886,1,1.94,-0.47,27353,1,1.94,-0.47,27353
2026-05-09 15:19:22,1,1,1,2073.7,-24,26.7,931,1853,1,1.94,-0.47,27353,1,1.94,-0.47,27353
2026-05-09 15:19:22,1,1,1,2039.4,-8,25.9,890,1835,1,1.94,-0.47,27353,1,1.94,-0.47,27353
2026-05-09 15:19:22,1,1,1,2039.4,-8,25.9,890,1835,1,1.94,-0.47,27353,1,1.94,-0.47,27353
2026-05-09 15:19:22,1,1,1,2008.8,0,24.9,846,1822,1,1.94,-0.47,27353,1,1.94,-0.47,27353
2026-05-09 15:19:22,1,1,1,2008.8,0,24.9,846,1822,1,1.94,-0.47,27353,1,1.94,-0.47,27353
2026-05-09 15:19:22,1,1,1,1987.7,-8,23.4,790,1824,1,1.94,-0.47,27353,1,1.94,-0.47,27353
2026-05-09 15:19:23,1,1,1,1987.7,-8,23.4,790,1824,1,1.94,-0.47,27353,1,1.94,-0.47,27353
2026-05-09 15:19:23,1,1,1,1973.4,-8,21.6,726,1835,1,1.94,-0.47,27353,1,1.94,-0.47,27353
2026-05-09 15:19:23,1,1,1,1964.8,0,19.6,659,1851,1,1.94,-0.47,27353,1,1.94,-0.47,27353
2026-05-09 15:19:23,1,1,1,1964.8,0,19.6,659,1851,1,1.94,-0.47,27353,1,1.94,-0.47,27353
2026-05-09 15:19:23,1,1,1,1955.9,8,17.9,602,1861,1,1.94,-0.47,27353,1,1.94,-0.47,27353
2026-05-09 15:19:23,1,1,1,1955.9,8,17.9,602,1861,1,0.00,0.00,0,0,0.00,0.00,0
2026-05-09 15:19:23,1,1,1,1959.0,0,16.1,544,1882,1,0.00,0.00,0,0,0.00,0.00,0
2026-05-09 15:19:33,1,1,1,2379.9,-16,5.5,227,2369,1,0.00,0.00,0,0,0.00,0.00,0
2026-05-09 15:19:33,1,1,1,2379.9,-16,5.5,227,2369,1,0.00,0.00,0,0,0.00,0.00,0
2026-05-09 15:19:33,1,1,1,2281.3,32,8.4,332,2257,1,0.00,0.00,0,0,0.00,0.00,0
2026-05-09 15:19:33,1,1,1,2281.3,32,8.4,332,2257,0,0.00,0.00,0,0,0.00,0.00,0
2026-05-09 15:19:33,1,1,1,2199.7,-8,11.0,421,2159,0,0.00,0.00,0,0,0.00,0.00,0
2026-05-09 15:19:33,1,1,1,2199.7,-8,11.0,421,2159,0,0.00,0.00,0,0,0.00,0.00,0
2026-05-09 15:19:33,1,1,1,2137.4,24,12.8,475,2084,0,0.00,0.00,0,0,0.00,0.00,0
2026-05-09 15:19:33,1,1,1,2097.7,24,13.9,505,2036,0,0.00,0.00,0,0,0.00,0.00,0
2026-05-09 15:19:33,1,1,1,2097.7,24,13.9,505,2036,0,0.00,0.00,0,0,0.00,0.00,0
2026-05-09 15:19:33,1,1,1,2071.8,32,14.4,514,2007,0,0.00,0.00,0,0,0.00,0.00,0
2026-05-09 15:19:33,1,1,1,2071.8,32,14.4,514,2007,0,0.00,0.00,0,0,0.00,0.00,0
2026-05-09 15:19:33,1,1,1,2060.6,32,14.3,508,1997,0,0.00,0.00,0,0,0.00,0.00,0
2026-05-09 15:19:33,1,1,1,2060.6,32,14.3,508,1997,0,0.00,0.00,0,0,0.00,0.00,0
2026-05-09 15:19:34,1,1,1,2057.2,24,14.0,498,1996,0,0.00,0.00,0,0,0.00,0.00,0
2026-05-09 15:19:34,1,1,1,2057.9,16,13.9,493,1998,0,0.00,0.00,0,0,0.00,0.00,0
2026-05-09 15:19:34,1,1,1,2057.9,16,13.9,493,1998,0,0.00,0.00,0,0,0.00,0.00,0
2026-05-09 15:19:34,1,1,1,2061.6,48,13.6,484,2004,0,0.00,0.00,0,0,0.00,0.00,0
2026-05-09 15:19:34,1,1,1,2061.6,48,13.6,484,2004,0,0.00,0.00,0,0,0.00,0.00,0
2026-05-09 15:19:34,1,1,1,2069.0,32,13.2,474,2014,0,0.00,0.00,0,0,0.00,0.00,0
2026-05-09 15:19:34,1,1,1,2069.0,32,13.2,474,2014,0,0.00,0.00,0,1,3.22,0.01,3545
2026-05-09 15:19:34,1,1,1,2078.0,56,12.8,462,2026,0,0.00,0.00,0,1,3.22,0.01,3545
2026-05-09 15:19:34,1,1,1,2078.0,56,12.8,462,2026,1,3.22,0.01,3545,1,3.22,0.01,3545
2026-05-09 15:19:34,1,1,1,2115.3,0,11.5,421,2073,1,3.22,0.01,3545,1,3.22,0.01,3545
2026-05-09 15:19:34,1,1,1,2184.4,0,9.4,357,2155,1,3.22,0.01,3545,1,3.22,0.01,3545
2026-05-09 15:19:34,1,1,1,2184.4,0,9.4,357,2155,1,3.22,0.01,3545,1,3.22,0.01,3545
2026-05-09 15:19:34,1,1,1,2333.7,0,5.2,213,2324,1,3.22,0.01,3545,1,3.22,0.01,3545
2026-05-09 15:19:34,1,1,1,2333.7,0,5.2,213,2324,1,3.22,0.01,3545,1,3.22,0.01,3545
2026-05-09 15:19:34,1,1,1,2487.0,0,1.6,69,2486,1,3.22,0.01,3545,1,3.22,0.01,3545
2026-05-09 15:19:34,1,1,1,2487.0,0,1.6,69,2486,1,3.22,0.01,3545,1,3.22,0.01,3545
2026-05-09 15:19:34,1,1,1,2625.4,0,-1.9,-86,2624,1,3.22,0.01,3545,1,3.22,0.01,3545
2026-05-09 15:19:34,1,1,1,2748.2,0,-4.4,-212,2740,1,3.22,0.01,3545,1,3.22,0.01,3545
2026-05-09 15:19:34,1,1,1,2748.2,0,-4.4,-212,2740,1,3.22,0.01,3545,1,3.22,0.01,3545
2026-05-09 15:19:34,1,1,1,2841.2,0,-5.3,-263,2829,1,3.22,0.01,3545,1,3.22,0.01,3545
2026-05-09 15:19:35,1,1,1,2841.2,0,-5.3,-263,2829,1,3.22,0.01,3545,1,3.22,0.01,3545
2026-05-09 15:19:35,1,1,1,2905.9,0,-5.8,-294,2891,1,0.00,0.00,0,0,0.00,0.00,0
2026-05-09 15:19:35,1,1,1,2905.9,0,-5.8,-294,2891,1,0.00,0.00,0,0,0.00,0.00,0
2026-05-09 15:19:35,1,1,1,2944.0,0,-6.3,-325,2926,1,0.00,0.00,0,0,0.00,0.00,0
2026-05-09 15:19:35,1,1,1,2944.0,0,-6.3,-325,2926,1,0.00,0.00,0,0,0.00,0.00,0
2026-05-09 15:19:35,1,1,1,2952.1,8,-6.8,-352,2931,1,0.00,0.00,0,0,0.00,0.00,0
2026-05-09 15:19:35,1,1,1,2949.7,0,-7.4,-381,2925,0,0.00,0.00,0,0,0.00,0.00,0
2026-05-09 15:19:35,1,1,1,2949.7,0,-7.4,-381,2925,0,0.00,0.00,0,0,0.00,0.00,0
2026-05-09 15:19:35,1,1,1,2943.8,16,-8.3,-425,2913,0,0.00,0.00,0,0,0.00,0.00,0
2026-05-09 15:19:35,1,1,1,2943.8,16,-8.3,-425,2913,0,0.00,0.00,0,0,0.00,0.00,0
2026-05-09 15:19:35,1,1,1,2911.2,-16,-9.3,-470,2873,0,0.00,0.00,0,0,0.00,0.00,0
2026-05-09 15:19:35,1,1,1,2911.2,-16,-9.3,-470,2873,0,0.00,0.00,0,0,0.00,0.00,0
2026-05-09 15:19:35,1,1,1,2828.3,8,-10.7,-526,2779,0,0.00,0.00,0,0,0.00,0.00,0
2026-05-09 15:19:35,1,1,1,2731.8,-24,-12.6,-596,2666,0,0.00,0.00,0,0,0.00,0.00,0
2026-05-09 15:19:35,1,1,1,2731.8,-24,-12.6,-596,2666,0,0.00,0.00,0,0,0.00,0.00,0
2026-05-09 15:19:35,1,1,1,2655.3,0,-14.3,-656,2573,0,0.00,0.00,0,0,0.00,0.00,0
2026-05-09 15:19:35,1,1,1,2655.3,0,-14.3,-656,2573,0,0.00,0.00,0,0,0.00,0.00,0
2026-05-09 15:19:35,1,1,1,2595.0,-24,-15.7,-703,2498,0,0.00,0.00,0,0,0.00,0.00,0
2026-05-09 15:19:35,1,1,1,2595.0,-24,-15.7,-703,2498,0,0.00,0.00,0,0,0.00,0.00,0
2026-05-09 15:19:35,1,1,1,2550.3,0,-17.2,-755,2436,0,0.00,0.00,0,0,0.00,0.00,0
2026-05-09 15:19:36,1,1,1,2550.3,0,-17.2,-755,2436,0,0.00,0.00,0,0,0.00,0.00,0
2026-05-09 15:19:36,1,1,1,2483.0,-72,-18.7,-796,2352,0,0.00,0.00,0,0,0.00,0.00,0
2026-05-09 15:19:36,1,1,1,2421.5,-64,-19.9,-824,2277,0,0.00,0.00,0,0,0.00,0.00,0
2026-05-09 15:19:36,1,1,1,2421.5,-64,-19.9,-824,2277,0,0.00,0.00,0,0,0.00,0.00,0
2026-05-09 15:19:36,1,1,1,2372.3,0,-21.0,-852,2214,0,0.00,0.00,0,0,0.00,0.00,0
2026-05-09 15:19:36,1,1,1,2372.3,0,-21.0,-852,2214,0,0.00,0.00,0,0,0.00,0.00,0
2026-05-09 15:19:36,1,1,1,2311.8,-64,-22.2,-872,2141,0,0.00,0.00,0,0,0.00,0.00,0
2026-05-09 15:19:36,1,1,1,2311.8,-64,-22.2,-872,2141,0,0.00,0.00,0,0,0.00,0.00,0
2026-05-09 15:19:36,1,1,1,2256.4,-64,-23.1,-884,2076,0,0.00,0.00,0,0,0.00,0.00,0
2026-05-09 15:19:36,1,1,1,2195.0,-72,-23.7,-882,2010,0,0.00,0.00,0,0,0.00,0.00,0
2026-05-09 15:19:36,1,1,1,2195.0,-72,-23.7,-882,2010,0,0.00,0.00,0,0,0.00,0.00,0
2026-05-09 15:19:36,1,1,1,2133.2,-64,-23.9,-865,1950,0,0.00,0.00,0,0,0.00,0.00,0
2026-05-09 15:19:36,1,1,1,2133.2,-64,-23.9,-865,1950,0,0.00,0.00,0,1,1.99,-0.48,43690
2026-05-09 15:19:36,1,1,1,2068.8,-48,-24.2,-848,1887,0,0.00,0.00,0,1,1.99,-0.48,43690
2026-05-09 15:19:36,1,1,1,2068.8,-48,-24.2,-848,1887,1,1.98,-0.36,25621,1,1.98,-0.36,25621
2026-05-09 15:19:36,1,1,1,2007.8,-16,-23.7,-808,1838,1,1.98,-0.36,25621,1,1.98,-0.36,25621
2026-05-09 15:19:36,1,1,1,2007.8,-16,-23.7,-808,1838,1,1.94,-0.36,25621,1,1.94,-0.36,25621
2026-05-09 15:19:36,1,1,1,1943.6,-24,-23.1,-762,1788,1,1.94,-0.36,25621,1,1.94,-0.36,25621
2026-05-09 15:19:36,1,1,1,1888.0,0,-22.1,-711,1749,1,1.94,-0.36,25621,1,1.94,-0.36,25621
2026-05-09 15:19:36,1,1,1,1888.0,0,-22.1,-711,1749,1,1.94,-0.36,25621,1,1.94,-0.36,25621
2026-05-09 15:19:37,1,1,1,1829.1,-16,-21.1,-657,1707,1,1.94,-0.36,25621,1,1.94,-0.36,25621
2026-05-09 15:19:37,1,1,1,1829.1,-16,-21.1,-657,1707,1,1.94,-0.36,25621,1,1.94,-0.36,25621
2026-05-09 15:19:37,1,1,1,1780.2,0,-19.7,-600,1676,1,3.26,0.00,3853,1,3.26,0.00,3853
2026-05-09 15:19:37,1,1,1,1780.2,0,-19.7,-600,1676,1,3.26,0.00,3853,1,3.26,0.00,3853
2026-05-09 15:19:37,1,1,1,1921.2,0,-17.9,-591,1828,1,3.26,0.00,3853,1,3.26,0.00,3853
2026-05-09 15:19:37,1,1,1,1921.2,0,-17.9,-591,1828,1,3.26,0.00,3853,1,3.26,0.00,3853
2026-05-09 15:19:37,1,1,1,2045.3,39,-16.5,-581,1961,1,2.66,0.18,28561,1,2.66,0.18,28561
2026-05-09 15:19:37,1,1,1,2029.6,39,-15.0,-527,1960,1,2.66,0.18,28561,1,2.66,0.18,28561
2026-05-09 15:19:37,1,1,1,2029.6,39,-15.0,-527,1960,1,2.68,0.18,28561,1,2.68,0.18,28561
2026-05-09 15:19:37,1,1,1,1995.9,96,-13.0,-448,1945,1,2.68,0.18,28561,1,2.68,0.18,28561
2026-05-09 15:19:37,1,1,1,1995.9,96,-13.0,-448,1945,1,2.68,0.18,28561,1,2.68,0.18,28561
2026-05-09 15:19:37,1,1,1,1971.2,88,-11.1,-381,1934,1,2.68,0.18,28561,1,2.68,0.18,28561
2026-05-09 15:19:37,1,1,1,1971.2,88,-11.1,-381,1934,1,2.68,0.18,28561,1,2.68,0.18,28561
2026-05-09 15:19:37,1,1,1,1974.4,104,-10.1,-345,1944,1,2.68,0.18,28561,1,2.68,0.18,28561
2026-05-09 15:19:37,1,1,1,1989.5,72,-8.8,-305,1966,1,2.68,0.18,28561,1,2.68,0.18,28561
2026-05-09 15:19:37,1,1,1,1989.5,72,-8.8,-305,1966,1,2.68,0.18,28561,1,2.68,0.18,28561
2026-05-09 15:19:37,1,1,1,2018.7,72,-8.0,-281,1999,1,2.68,0.18,28561,1,2.68,0.18,28561
2026-05-09 15:19:37,1,1,1,2018.7,72,-8.0,-281,1999,1,2.68,0.18,28561,1,2.68,0.18,28561
2026-05-09 15:19:37,1,1,1,2049.9,56,-7.6,-270,2032,1,2.68,0.18,28561,1,2.68,0.18,28561
2026-05-09 15:19:37,1,1,1,2049.9,56,-7.6,-270,2032,1,2.68,0.18,28561,1,2.68,0.18,28561
2026-05-09 15:19:38,1,1,1,2086.3,56,-7.2,-260,2070,1,2.68,0.18,28561,1,2.68,0.18,28561
2026-05-09 15:19:38,1,1,1,2086.3,56,-7.2,-260,2070,1,0.00,0.00,0,0,0.00,0.00,0
2026-05-09 15:19:38,1,1,1,2125.5,39,-6.5,-239,2112,1,0.00,0.00,0,0,0.00,0.00,0
2026-05-09 15:19:38,1,1,1,2179.4,0,-5.9,-223,2168,1,0.00,0.00,0,0,0.00,0.00,0
2026-05-09 15:19:38,1,1,1,2179.4,0,-5.9,-223,2168,1,0.00,0.00,0,0,0.00,0.00,0
2026-05-09 15:19:38,1,1,1,2326.9,0,-6.3,-254,2313,1,0.00,0.00,0,0,0.00,0.00,0
2026-05-09 15:19:38,1,1,1,2326.9,0,-6.3,-254,2313,0,0.00,0.00,0,0,0.00,0.00,0
2026-05-09 15:19:38,1,1,1,2477.6,0,-6.6,-286,2461,0,0.00,0.00,0,0,0.00,0.00,0
2026-05-09 15:19:38,1,1,1,2477.6,0,-6.6,-286,2461,0,0.00,0.00,0,1,3.21,0.06,2138
2026-05-09 15:19:38,1,1,1,2601.1,0,-6.6,-298,2584,0,0.00,0.00,0,1,3.21,0.06,2138
2026-05-09 15:19:38,1,1,1,2716.3,0,-6.7,-315,2698,0,0.00,0.00,0,1,3.21,0.06,2138
2026-05-09 15:19:38,1,1,1,2716.3,0,-6.7,-315,2698,0,0.00,0.00,0,1,3.21,0.06,2138
2026-05-09 15:19:38,1,1,1,2807.6,16,-6.6,-323,2789,0,0.00,0.00,0,1,3.21,0.06,2138
2026-05-09 15:19:38,1,1,1,2807.6,16,-6.6,-323,2789,0,0.00,0.00,0,1,3.21,0.06,2138
2026-05-09 15:19:38,1,1,1,2758.7,16,-4.3,-206,2751,0,0.00,0.00,0,1,3.21,0.06,2138
2026-05-09 15:19:38,1,1,1,2758.7,16,-4.3,-206,2751,0,0.00,0.00,0,1,3.21,0.06,2138
2026-05-09 15:19:38,1,1,1,2679.7,8,-1.3,-62,2679,0,0.00,0.00,0,1,3.21,0.06,2138
2026-05-09 15:19:38,1,1,1,2679.7,8,-1.3,-62,2679,0,0.00,0.00,0,1,3.21,0.06,2138
2026-05-09 15:19:38,1,1,1,2606.5,8,1.1,51,2606,0,0.00,0.00,0,1,3.21,0.06,2138
2026-05-09 15:19:38,1,1,1,2550.2,16,3.3,147,2546,0,0.00,0.00,0,1,3.21,0.06,2138
2026-05-09 15:19:39,1,1,1,2550.2,16,3.3,147,2546,0,0.00,0.00,0,1,3.21,0.06,2138
2026-05-09 15:19:39,1,1,1,2502.8,8,5.3,232,2492,0,0.00,0.00,0,1,3.21,0.06,2138
2026-05-09 15:19:39,1,1,1,2502.8,8,5.3,232,2492,0,0.00,0.00,0,1,3.21,0.06,2138
2026-05-09 15:19:39,1,1,1,2465.9,8,7.5,320,2445,0,0.00,0.00,0,0,0.00,0.00,0
2026-05-09 15:19:39,1,1,1,2465.9,8,7.5,320,2445,0,0.00,0.00,0,0,0.00,0.00,0
2026-05-09 15:19:39,1,1,1,2439.5,0,9.5,403,2406,0,0.00,0.00,0,0,0.00,0.00,0
2026-05-09 15:19:39,1,1,1,2411.1,-64,11.2,469,2365,0,0.00,0.00,0,0,0.00,0.00,0
2026-05-09 15:19:39,1,1,1,2411.1,-64,11.2,469,2365,0,0.00,0.00,0,0,0.00,0.00,0
2026-05-09 15:19:39,1,1,1,2376.9,-64,12.8,526,2318,0,0.00,0.00,0,0,0.00,0.00,0
2026-05-09 15:19:39,1,1,1,2376.9,-64,12.8,526,2318,0,0.00,0.00,0,0,0.00,0.00,0
2026-05-09 15:19:39,1,1,1,2341.9,-48,14.1,572,2271,0,0.00,0.00,0,1,2.24,-0.42,10890
2026-05-09 15:19:39,1,1,1,2341.9,-48,14.1,572,2271,0,0.00,0.00,0,1,2.24,-0.42,10890
2026-05-09 15:19:39,1,1,1,2303.6,-48,15.5,615,2220,1,2.20,-0.42,10890,1,2.20,-0.42,10890
2026-05-09 15:19:39,1,1,1,2303.6,-48,15.5,615,2220,1,2.20,-0.42,10890,1,2.20,-0.42,10890
2026-05-09 15:19:39,1,1,1,2256.4,-56,17.0,659,2158,1,2.20,-0.43,14650,1,2.20,-0.43,14650
2026-05-09 15:19:39,1,1,1,2219.6,-32,18.3,698,2107,1,2.20,-0.43,14650,1,2.20,-0.43,14650
2026-05-09 15:19:39,1,1,1,2219.6,-32,18.3,698,2107,1,2.15,-0.43,14650,1,2.15,-0.43,14650
2026-05-09 15:19:39,1,1,1,2182.6,-64,19.4,724,2059,1,2.15,-0.43,14650,1,2.15,-0.43,14650
2026-05-09 15:19:39,1,1,1,2182.6,-64,19.4,724,2059,1,2.05,-0.54,27549,1,2.05,-0.54,27549
2026-05-09 15:19:39,1,1,1,2137.8,-72,20.5,747,2003,1,2.05,-0.54,27549,1,2.05,-0.54,27549
2026-05-09 15:19:40,1,1,1,2137.8,-72,20.5,747,2003,1,2.00,-0.54,27549,1,2.00,-0.54,27549
2026-05-09 15:19:40,1,1,1,2084.8,-88,21.9,776,1935,1,2.00,-0.54,27549,1,2.00,-0.54,27549
2026-05-09 15:19:40,1,1,1,2024.2,-79,23.1,794,1862,1,1.95,-0.58,16066,1,1.95,-0.58,16066
2026-05-09 15:19:40,1,1,1,2024.2,-79,23.1,794,1862,1,1.95,-0.58,16066,1,1.95,-0.58,16066
2026-05-09 15:19:40,1,1,1,1963.3,-64,23.8,793,1796,1,1.93,-0.49,34130,1,1.93,-0.49,34130
2026-05-09 15:19:40,1,1,1,1963.3,-64,23.8,793,1796,1,1.93,-0.49,34130,1,1.93,-0.49,34130
2026-05-09 15:19:40,1,1,1,1914.8,-32,23.6,768,1754,1,1.88,-0.49,34130,1,1.88,-0.49,34130
2026-05-09 15:19:40,1,1,1,1914.8,-32,23.6,768,1754,1,1.88,-0.49,34130,1,1.88,-0.49,34130
2026-05-09 15:19:40,1,1,1,1881.1,-24,22.6,722,1737,1,1.88,-0.49,34130,1,1.88,-0.49,34130
2026-05-09 15:19:40,1,1,1,1881.1,-24,22.6,722,1737,1,1.88,-0.49,34130,1,1.88,-0.49,34130
2026-05-09 15:19:40,1,1,1,1842.4,-16,21.1,663,1719,1,1.88,-0.49,34130,1,1.88,-0.49,34130
2026-05-09 15:19:40,1,1,1,1820.7,0,19.2,600,1719,1,1.88,-0.49,34130,1,1.88,-0.49,34130
2026-05-09 15:19:40,1,1,1,1820.7,0,19.2,600,1719,1,1.88,-0.49,34130,1,1.88,-0.49,34130
2026-05-09 15:19:40,1,1,1,1805.0,8,16.9,525,1727,1,1.88,-0.49,34130,1,1.88,-0.49,34130
2026-05-09 15:19:40,1,1,1,1805.0,8,16.9,525,1727,1,3.19,0.01,7625,1,3.19,0.01,7625
2026-05-09 15:19:40,1,1,1,1802.8,0,14.2,441,1748,1,3.19,0.01,7625,1,3.19,0.01,7625
2026-05-09 15:19:40,1,1,1,1802.8,0,14.2,441,1748,1,3.22,0.00,2036,1,3.22,0.00,2036
2026-05-09 15:19:40,1,1,1,1794.7,16,11.3,351,1760,1,3.22,0.00,2036,1,3.22,0.00,2036
2026-05-09 15:19:40,1,1,1,1788.4,16,8.2,256,1770,1,3.23,0.00,2500,1,3.23,0.00,2500
2026-05-09 15:19:40,1,1,1,1788.4,16,8.2,256,1770,1,3.23,0.00,2500,1,3.23,0.00,2500
2026-05-09 15:19:41,1,1,1,1777.7,0,5.3,165,1770,1,2.93,0.02,6376,1,2.93,0.02,6376
2026-05-09 15:19:41,1,1,1,1777.7,0,5.3,165,1770,1,2.93,0.02,6376,1,2.93,0.02,6376
2026-05-09 15:19:41,1,1,1,1778.5,24,2.4,74,1777,1,2.80,0.04,6093,1,2.80,0.04,6093
2026-05-09 15:19:41,1,1,1,1778.5,24,2.4,74,1777,1,2.80,0.04,6093,1,2.80,0.04,6093
2026-05-09 15:19:41,1,1,1,1794.1,0,-0.6,-18,1794,1,2.81,0.04,6093,1,2.81,0.04,6093
2026-05-09 15:19:41,1,1,1,1794.1,0,-0.6,-18,1794,1,2.81,0.04,6093,1,2.81,0.04,6093
2026-05-09 15:19:41,1,1,1,1991.5,0,-2.8,-99,1989,1,2.81,0.04,6093,1,2.81,0.04,6093
2026-05-09 15:19:41,1,1,1,2189.2,0,-5.3,-201,2180,1,2.81,0.04,6093,1,2.81,0.04,6093
2026-05-09 15:19:41,1,1,1,2189.2,0,-5.3,-201,2180,1,2.81,0.04,6093,1,2.81,0.04,6093
2026-05-09 15:19:41,1,1,1,2386.2,0,-7.1,-294,2368,1,2.81,0.04,6093,1,2.81,0.04,6093
2026-05-09 15:19:41,1,1,1,2386.2,0,-7.1,-294,2368,1,2.81,0.04,6093,1,2.81,0.04,6093
2026-05-09 15:19:41,1,1,1,2558.7,0,-8.9,-395,2528,1,2.81,0.04,6093,1,2.81,0.04,6093
2026-05-09 15:19:41,1,1,1,2558.7,0,-8.9,-395,2528,1,2.25,0.50,3925,1,2.25,0.50,3925
2026-05-09 15:19:41,1,1,1,2693.1,0,-11.3,-527,2641,1,2.25,0.50,3925,1,2.25,0.50,3925
2026-05-09 15:19:41,1,1,1,2693.1,0,-11.3,-527,2641,1,2.30,0.50,3925,1,2.30,0.50,3925
2026-05-09 15:19:41,1,1,1,2794.6,0,-14.6,-706,2704,1,2.30,0.50,3925,1,2.30,0.50,3925
2026-05-09 15:19:41,1,1,1,2868.9,0,-18.0,-888,2728,1,2.30,0.50,3925,1,2.30,0.50,3925
2026-05-09 15:19:41,1,1,1,2868.9,0,-18.0,-888,2728,1,2.30,0.50,3925,1,2.30,0.50,3925
2026-05-09 15:19:41,1,1,1,2931.1,0,-21.1,-1054,2735,1,2.30,0.50,3925,1,2.30,0.50,3925
2026-05-09 15:19:41,1,1,1,2931.1,0,-21.1,-1054,2735,1,2.30,0.50,3925,1,2.30,0.50,3925
2026-05-09 15:19:42,1,1,1,2975.8,32,-23.9,-1207,2720,1,2.30,0.50,3925,1,2.30,0.50,3925
2026-05-09 15:19:42,1,1,1,2975.8,32,-23.9,-1207,2720,1,2.30,0.50,3925,1,2.30,0.50,3925
2026-05-09 15:19:42,1,1,1,2858.5,39,-25.6,-1237,2577,1,2.30,0.50,3925,1,2.30,0.50,3925
2026-05-09 15:19:42,1,1,1,2741.9,16,-26.7,-1231,2450,1,2.30,0.50,3925,1,2.30,0.50,3925
2026-05-09 15:19:42,1,1,1,2741.9,16,-26.7,-1231,2450,1,2.30,0.50,3925,1,2.30,0.50,3925
2026-05-09 15:19:42,1,1,1,2631.4,8,-27.6,-1219,2332,1,2.30,0.50,3925,1,2.30,0.50,3925
2026-05-09 15:19:42,1,1,1,2631.4,8,-27.6,-1219,2332,1,2.30,0.50,3925,1,2.30,0.50,3925
2026-05-09 15:19:42,1,1,1,2534.2,-8,-28.6,-1213,2225,1,0.00,0.00,0,0,0.00,0.00,0
2026-05-09 15:19:42,1,1,1,2534.2,-8,-28.6,-1213,2225,1,0.00,0.00,0,0,0.00,0.00,0
2026-05-09 15:19:42,1,1,1,2459.8,-8,-29.5,-1211,2141,1,0.00,0.00,0,0,0.00,0.00,0
2026-05-09 15:19:42,1,1,1,2459.8,-8,-29.5,-1211,2141,1,0.00,0.00,0,0,0.00,0.00,0
2026-05-09 15:19:42,1,1,1,2400.0,-32,-30.2,-1206,2075,1,0.00,0.00,0,0,0.00,0.00,0
2026-05-09 15:19:42,1,1,1,2344.9,-16,-31.1,-1211,2008,0,0.00,0.00,0,0,0.00,0.00,0
2026-05-09 15:19:42,1,1,1,2344.9,-16,-31.1,-1211,2008,0,0.00,0.00,0,0,0.00,0.00,0
2026-05-09 15:19:42,1,1,1,2296.7,-32,-31.9,-1215,1949,0,0.00,0.00,0,0,0.00,0.00,0
2026-05-09 15:19:42,1,1,1,2296.7,-32,-31.9,-1215,1949,0,0.00,0.00,0,0,0.00,0.00,0
2026-05-09 15:19:42,1,1,1,2255.6,-32,-32.6,-1214,1901,0,0.00,0.00,0,0,0.00,0.00,0
2026-05-09 15:19:42,1,1,1,2255.6,-32,-32.6,-1214,1901,0,0.00,0.00,0,0,0.00,0.00,0
2026-05-09 15:19:42,1,1,1,2223.2,-48,-32.8,-1204,1869,0,0.00,0.00,0,0,0.00,0.00,0
2026-05-09 15:19:42,1,1,1,2192.7,-48,-32.9,-1191,1841,0,0.00,0.00,0,0,0.00,0.00,0
2026-05-09 15:19:43,1,1,1,2192.7,-48,-32.9,-1191,1841,0,0.00,0.00,0,0,0.00,0.00,0
2026-05-09 15:19:43,1,1,1,2163.8,-24,-32.9,-1175,1817,0,0.00,0.00,0,0,0.00,0.00,0
2026-05-09 15:19:43,1,1,1,2163.8,-24,-32.9,-1175,1817,0,0.00,0.00,0,0,0.00,0.00,0
2026-05-09 15:19:43,1,1,1,2149.9,0,-33.0,-1171,1803,0,0.00,0.00,0,0,0.00,0.00,0
2026-05-09 15:19:43,1,1,1,2149.9,0,-33.0,-1171,1803,0,0.00,0.00,0,0,0.00,0.00,0
2026-05-09 15:19:43,1,1,1,2135.3,-32,-32.8,-1158,1794,0,0.00,0.00,0,0,0.00,0.00,0
2026-05-09 15:19:43,1,1,1,2135.3,-32,-32.8,-1158,1794,0,0.00,0.00,0,0,0.00,0.00,0
2026-05-09 15:19:43,1,1,1,2121.1,-48,-32.2,-1130,1795,0,0.00,0.00,0,0,0.00,0.00,0
2026-05-09 15:19:43,1,1,1,2100.3,-24,-31.6,-1102,1788,0,0.00,0.00,0,0,0.00,0.00,0
2026-05-09 15:19:43,1,1,1,2100.3,-24,-31.6,-1102,1788,0,0.00,0.00,0,0,0.00,0.00,0
2026-05-09 15:19:43,1,1,1,2067.3,0,-30.5,-1048,1782,0,0.00,0.00,0,1,1.99,-0.38,50801
2026-05-09 15:19:43,1,1,1,2067.3,0,-30.5,-1048,1782,0,0.00,0.00,0,1,1.99,-0.38,50801
2026-05-09 15:19:43,1,1,1,2023.4,-39,-29.1,-984,1768,1,1.96,-0.38,50801,1,1.96,-0.38,50801
2026-05-09 15:19:43,1,1,1,2023.4,-39,-29.1,-984,1768,1,1.96,-0.38,50801,1,1.96,-0.38,50801
2026-05-09 15:19:43,1,1,1,1975.2,-39,-27.5,-912,1752,1,1.85,-0.42,59044,1,1.85,-0.42,59044
2026-05-09 15:19:43,1,1,1,1928.9,-56,-26.0,-845,1734,1,1.85,-0.42,59044,1,1.85,-0.42,59044
2026-05-09 15:19:43,1,1,1,1928.9,-56,-26.0,-845,1734,1,1.81,-0.42,59044,1,1.81,-0.42,59044
2026-05-09 15:19:43,1,1,1,1881.5,-56,-24.4,-776,1714,1,1.81,-0.42,59044,1,1.81,-0.42,59044
2026-05-09 15:19:43,1,1,1,1881.5,-56,-24.4,-776,1714,1,1.74,-0.51,40805,1,1.74,-0.51,40805
2026-05-09 15:19:43,1,1,1,1842.5,0,-22.6,-708,1701,1,1.74,-0.51,40805,1,1.74,-0.51,40805
2026-05-09 15:19:44,1,1,1,1842.5,0,-22.6,-708,1701,1,2.12,-0.29,5284,1,2.12,-0.29,5284
2026-05-09 15:19:44,1,1,1,1791.4,-39,-20.6,-630,1677,1,2.12,-0.29,5284,1,2.12,-0.29,5284
2026-05-09 15:19:44,1,1,1,1791.4,-39,-20.6,-630,1677,1,2.09,-0.29,5284,1,2.09,-0.29,5284
2026-05-09 15:19:44,1,1,1,1740.5,-32,-18.5,-551,1651,1,2.09,-0.29,5284,1,2.09,-0.29,5284
2026-05-09 15:19:44,1,1,1,1691.8,-24,-16.3,-474,1624,1,2.09,-0.29,5284,1,2.09,-0.29,5284
2026-05-09 15:19:44,1,1,1,1691.8,-24,-16.3,-474,1624,1,2.09,-0.29,5284,1,2.09,-0.29,5284
2026-05-09 15:19:44,1,1,1,1636.0,-8,-13.5,-381,1591,1,2.09,-0.29,5284,1,2.09,-0.29,5284
2026-05-09 15:19:44,1,1,1,1636.0,-8,-13.5,-381,1591,1,2.09,-0.29,5284,1,2.09,-0.29,5284
2026-05-09 15:19:44,1,1,1,1581.7,-8,-10.3,-284,1556,1,2.09,-0.29,5284,1,2.09,-0.29,5284
2026-05-09 15:19:44,1,1,1,1581.7,-8,-10.3,-284,1556,1,2.09,-0.29,5284,1,2.09,-0.29,5284
2026-05-09 15:19:44,1,1,1,1560.0,16,-7.4,-201,1547,1,2.09,-0.29,5284,1,2.09,-0.29,5284
2026-05-09 15:19:44,1,1,1,1548.8,48,-4.0,-109,1545,1,2.09,-0.29,5284,1,2.09,-0.29,5284
2026-05-09 15:19:44,1,1,1,1548.8,48,-4.0,-109,1545,1,2.09,-0.29,5284,1,2.09,-0.29,5284
2026-05-09 15:19:44,1,1,1,1536.0,56,-0.3,-9,1536,1,2.09,-0.29,5284,1,2.09,-0.29,5284
2026-05-09 15:19:44,1,1,1,1536.0,56,-0.3,-9,1536,1,2.09,-0.29,5284,1,2.09,-0.29,5284
2026-05-09 15:19:44,1,1,1,1535.5,56,3.3,88,1533,1,0.00,0.00,0,0,0.00,0.00,0
2026-05-09 15:19:44,1,1,1,1535.5,56,3.3,88,1533,1,0.00,0.00,0,0,0.00,0.00,0
2026-05-09 15:19:44,1,1,1,1562.2,8,6.2,169,1553,1,0.00,0.00,0,0,0.00,0.00,0
2026-05-09 15:19:44,1,1,1,1562.2,8,6.2,169,1553,1,0.00,0.00,0,0,0.00,0.00,0
2026-05-09 15:19:44,1,1,1,1609.4,8,7.9,222,1594,1,0.00,0.00,0,0,0.00,0.00,0
2026-05-09 15:19:45,1,1,1,1657.0,79,10.0,287,1632,0,0.00,0.00,0,0,0.00,0.00,0
2026-05-09 15:19:45,1,1,1,1657.0,79,10.0,287,1632,0,0.00,0.00,0,0,0.00,0.00,0
2026-05-09 15:19:45,1,1,1,1704.5,88,12.4,365,1665,0,0.00,0.00,0,0,0.00,0.00,0
2026-05-09 15:19:45,1,1,1,1704.5,88,12.4,365,1665,0,0.00,0.00,0,0,0.00,0.00,0
2026-05-09 15:19:45,1,1,1,1755.0,64,14.4,436,1700,0,0.00,0.00,0,0,0.00,0.00,0
2026-05-09 15:19:45,1,1,1,1755.0,64,14.4,436,1700,0,0.00,0.00,0,0,0.00,0.00,0
2026-05-09 15:19:45,1,1,1,1806.4,56,16.2,503,1735,0,0.00,0.00,0,0,0.00,0.00,0
2026-05-09 15:19:45,1,1,1,1855.4,39,17.2,550,1772,0,0.00,0.00,0,0,0.00,0.00,0
2026-05-09 15:19:45,1,1,1,1855.4,39,17.2,550,1772,0,0.00,0.00,0,0,0.00,0.00,0
2026-05-09 15:19:45,1,1,1,1905.6,48,18.0,590,1812,0,0.00,0.00,0,0,0.00,0.00,0
2026-05-09 15:19:45,1,1,1,1905.6,48,18.0,590,1812,0,0.00,0.00,0,0,0.00,0.00,0
2026-05-09 15:19:45,1,1,1,1949.2,48,18.4,614,1850,0,0.00,0.00,0,0,0.00,0.00,0
2026-05-09 15:19:45,1,1,1,1949.2,48,18.4,614,1850,0,0.00,0.00,0,0,0.00,0.00,0
2026-05-09 15:19:45,1,1,1,1999.5,39,18.3,629,1898,0,0.00,0.00,0,0,0.00,0.00,0
2026-05-09 15:19:45,1,1,1,1999.5,39,18.3,629,1898,0,0.00,0.00,0,0,0.00,0.00,0
2026-05-09 15:19:45,1,1,1,2068.2,16,18.2,645,1965,0,0.00,0.00,0,0,0.00,0.00,0
2026-05-09 15:19:45,1,1,1,2116.9,24,17.9,649,2015,0,0.00,0.00,0,0,0.00,0.00,0
2026-05-09 15:19:45,1,1,1,2116.9,24,17.9,649,2015,0,0.00,0.00,0,0,0.00,0.00,0
2026-05-09 15:19:45,1,1,1,2150.2,32,17.2,636,2054,0,0.00,0.00,0,0,0.00,0.00,0
2026-05-09 15:19:45,1,1,1,2150.2,32,17.2,636,2054,0,0.00,0.00,0,0,0.00,0.00,0
2026-05-09 15:19:46,1,1,1,2176.5,24,16.6,621,2086,0,0.00,0.00,0,0,0.00,0.00,0
2026-05-09 15:19:46,1,1,1,2176.5,24,16.6,621,2086,0,0.00,0.00,0,0,0.00,0.00,0
2026-05-09 15:19:46,1,1,1,2201.8,24,15.8,598,2119,0,0.00,0.00,0,0,0.00,0.00,0
2026-05-09 15:19:46,1,1,1,2201.8,24,15.8,598,2119,0,0.00,0.00,0,0,0.00,0.00,0
2026-05-09 15:19:46,1,1,1,2212.0,8,15.1,575,2136,0,0.00,0.00,0,0,0.00,0.00,0
2026-05-09 15:19:46,1,1,1,2226.2,8,14.2,547,2158,0,0.00,0.00,0,0,0.00,0.00,0
2026-05-09 15:19:46,1,1,1,2226.2,8,14.2,547,2158,0,0.00,0.00,0,0,0.00,0.00,0
2026-05-09 15:19:46,1,1,1,2246.0,0,13.5,524,2184,0,0.00,0.00,0,0,0.00,0.00,0
2026-05-09 15:19:46,1,1,1,2246.0,0,13.5,524,2184,0,0.00,0.00,0,0,0.00,0.00,0
2026-05-09 15:19:46,1,1,1,2254.8,-8,13.2,516,2195,0,0.00,0.00,0,0,0.00,0.00,0
2026-05-09 15:19:46,1,1,1,2254.8,-8,13.2,516,2195,0,0.00,0.00,0,0,0.00,0.00,0
2026-05-09 15:19:46,1,1,1,2262.6,-48,12.8,503,2206,0,0.00,0.00,0,0,0.00,0.00,0
2026-05-09 15:19:46,1,1,1,2260.9,-32,12.4,486,2208,0,0.00,0.00,0,0,0.00,0.00,0
2026-05-09 15:19:46,1,1,1,2260.9,-32,12.4,486,2208,0,0.00,0.00,0,0,0.00,0.00,0
2026-05-09 15:19:46,1,1,1,2260.7,-48,11.7,457,2214,0,0.00,0.00,0,0,0.00,0.00,0
2026-05-09 15:19:46,1,1,1,2260.7,-48,11.7,457,2214,0,0.00,0.00,0,0,0.00,0.00,0
2026-05-09 15:19:46,1,1,1,2239.8,-64,9.5,370,2209,0,0.00,0.00,0,1,2.25,-0.48,11600
2026-05-09 15:19:46,1,1,1,2239.8,-64,9.5,370,2209,0,0.00,0.00,0,1,2.25,-0.48,11600
2026-05-09 15:19:46,1,1,1,2226.7,0,7.0,272,2210,1,2.20,-0.48,11600,1,2.20,-0.48,11600
2026-05-09 15:19:46,1,1,1,2226.7,0,7.0,272,2210,1,2.20,-0.48,11600,1,2.20,-0.48,11600
2026-05-09 15:19:47,1,1,1,2197.1,-32,4.9,189,2189,1,2.09,-0.47,11024,1,2.09,-0.47,11024
2026-05-09 15:19:47,1,1,1,2155.0,-48,3.0,113,2152,1,2.09,-0.47,11024,1,2.09,-0.47,11024
2026-05-09 15:19:47,1,1,1,2155.0,-48,3.0,113,2152,1,2.05,-0.47,11024,1,2.05,-0.47,11024
2026-05-09 15:19:47,1,1,1,2106.5,-48,1.2,45,2106,1,2.05,-0.47,11024,1,2.05,-0.47,11024
2026-05-09 15:19:47,1,1,1,2106.5,-48,1.2,45,2106,1,2.05,-0.47,11024,1,2.05,-0.47,11024
2026-05-09 15:19:47,1,1,1,2064.1,0,-0.6,-20,2064,1,2.05,-0.47,11024,1,2.05,-0.47,11024
2026-05-09 15:19:47,1,1,1,2064.1,0,-0.6,-20,2064,1,2.05,-0.47,11024,1,2.05,-0.47,11024
2026-05-09 15:19:47,1,1,1,2199.9,0,-2.4,-92,2198,1,2.05,-0.47,11024,1,2.05,-0.47,11024
2026-05-09 15:19:47,1,1,1,2328.7,-16,-4.0,-163,2323,1,2.05,-0.47,11024,1,2.05,-0.47,11024
2026-05-09 15:19:47,1,1,1,2328.7,-16,-4.0,-163,2323,1,2.05,-0.47,11024,1,2.05,-0.47,11024
2026-05-09 15:19:47,1,1,1,2288.0,-16,-5.9,-234,2276,1,2.05,-0.47,11024,1,2.05,-0.47,11024
2026-05-09 15:19:47,1,1,1,2288.0,-16,-5.9,-234,2276,1,2.05,-0.47,11024,1,2.05,-0.47,11024
2026-05-09 15:19:47,1,1,1,2219.3,-8,-8.3,-321,2196,1,2.05,-0.47,11024,1,2.05,-0.47,11024
2026-05-09 15:19:47,1,1,1,2219.3,-8,-8.3,-321,2196,1,2.05,-0.47,11024,1,2.05,-0.47,11024
2026-05-09 15:19:47,1,1,1,2144.4,8,-10.7,-399,2107,1,2.05,-0.47,11024,1,2.05,-0.47,11024
2026-05-09 15:19:47,1,1,1,2144.4,8,-10.7,-399,2107,1,0.00,0.00,0,0,0.00,0.00,0
2026-05-09 15:19:47,1,1,1,2064.4,0,-12.8,-458,2013,1,0.00,0.00,0,0,0.00,0.00,0
2026-05-09 15:19:47,1,1,1,1980.1,0,-15.0,-511,1913,1,0.00,0.00,0,0,0.00,0.00,0
2026-05-09 15:19:47,1,1,1,1980.1,0,-15.0,-511,1913,1,0.00,0.00,0,0,0.00,0.00,0
2026-05-09 15:19:47,1,1,1,1928.8,0,-17.2,-569,1843,1,0.00,0.00,0,0,0.00,0.00,0
2026-05-09 15:19:48,1,1,1,1928.8,0,-17.2,-569,1843,0,0.00,0.00,0,0,0.00,0.00,0
2026-05-09 15:19:48,1,1,1,1896.4,0,-19.4,-629,1789,0,0.00,0.00,0,0,0.00,0.00,0
2026-05-09 15:19:48,1,1,1,1896.4,0,-19.4,-629,1789,0,0.00,0.00,0,0,0.00,0.00,0
2026-05-09 15:19:48,1,1,1,1888.9,24,-21.8,-701,1754,0,0.00,0.00,0,0,0.00,0.00,0
2026-05-09 15:19:48,1,1,1,1894.5,24,-24.0,-770,1731,0,0.00,0.00,0,1,2.01,0.25,4913
2026-05-09 15:19:48,1,1,1,1894.5,24,-24.0,-770,1731,0,0.00,0.00,0,1,2.01,0.25,4913
2026-05-09 15:19:48,1,1,1,1902.9,64,-26.7,-855,1700,1,2.04,0.25,4913,1,2.04,0.25,4913
2026-05-09 15:19:48,1,1,1,1902.9,64,-26.7,-855,1700,1,2.04,0.25,4913,1,2.04,0.25,4913
2026-05-09 15:19:48,1,1,1,1933.5,48,-28.9,-934,1693,1,2.04,0.25,4913,1,2.04,0.25,4913
2026-05-09 15:19:48,1,1,1,1933.5,48,-28.9,-934,1693,1,2.04,0.25,4913,1,2.04,0.25,4913
2026-05-09 15:19:48,1,1,1,1964.9,72,-31.1,-1014,1683,1,2.04,0.25,4913,1,2.04,0.25,4913
2026-05-09 15:19:48,1,1,1,1964.9,72,-31.1,-1014,1683,1,2.04,0.25,4913,1,2.04,0.25,4913
2026-05-09 15:19:48,1,1,1,2004.9,39,-32.4,-1074,1693,1,2.27,0.48,15737,1,2.27,0.48,15737
2026-05-09 15:19:48,1,1,1,2044.6,64,-33.9,-1139,1698,1,2.27,0.48,15737,1,2.27,0.48,15737
2026-05-09 15:19:48,1,1,1,2044.6,64,-33.9,-1139,1698,1,2.32,0.48,15737,1,2.32,0.48,15737
2026-05-09 15:19:48,1,1,1,2089.8,39,-34.9,-1197,1713,1,2.32,0.48,15737,1,2.32,0.48,15737
2026-05-09 15:19:48,1,1,1,2089.8,39,-34.9,-1197,1713,1,2.32,0.48,15737,1,2.32,0.48,15737
2026-05-09 15:19:48,1,1,1,2128.5,48,-35.6,-1240,1730,1,2.32,0.48,15737,1,2.32,0.48,15737
2026-05-09 15:19:48,1,1,1,2128.5,48,-35.6,-1240,1730,1,2.32,0.48,15737,1,2.32,0.48,15737
2026-05-09 15:19:48,1,1,1,2170.2,56,-36.1,-1278,1754,1,2.32,0.48,15737,1,2.32,0.48,15737
2026-05-09 15:19:49,1,1,1,2216.4,72,-36.5,-1318,1782,1,2.32,0.48,15737,1,2.32,0.48,15737
2026-05-09 15:19:49,1,1,1,2216.4,72,-36.5,-1318,1782,1,2.32,0.48,15737,1,2.32,0.48,15737
2026-05-09 15:19:49,1,1,1,2263.8,39,-36.7,-1353,1815,1,2.32,0.48,15737,1,2.32,0.48,15737
2026-05-09 15:19:49,1,1,1,2263.8,39,-36.7,-1353,1815,1,2.32,0.48,15737,1,2.32,0.48,15737
2026-05-09 15:19:49,1,1,1,2331.4,0,-36.5,-1387,1874,1,2.32,0.48,15737,1,2.32,0.48,15737
2026-05-09 15:19:49,1,1,1,2331.4,0,-36.5,-1387,1874,1,2.32,0.48,15737,1,2.32,0.48,15737
2026-05-09 15:19:49,1,1,1,2431.5,0,-36.0,-1428,1968,1,2.32,0.48,15737,1,2.32,0.48,15737
2026-05-09 15:19:49,1,1,1,2431.5,0,-36.0,-1428,1968,1,0.00,0.00,0,0,0.00,0.00,0
2026-05-09 15:19:49,1,1,1,2578.4,0,-35.3,-1489,2105,1,0.00,0.00,0,0,0.00,0.00,0
2026-05-09 15:19:49,1,1,1,2695.9,0,-34.6,-1531,2219,1,0.00,0.00,0,0,0.00,0.00,0
2026-05-09 15:19:49,1,1,1,2695.9,0,-34.6,-1531,2219,1,0.00,0.00,0,0,0.00,0.00,0
2026-05-09 15:19:49,1,1,1,2800.6,0,-34.4,-1582,2311,1,0.00,0.00,0,0,0.00,0.00,0
2026-05-09 15:19:49,1,1,1,2800.6,0,-34.4,-1582,2311,0,0.00,0.00,0,0,0.00,0.00,0
2026-05-09 15:19:49,1,1,1,2883.8,-24,-34.3,-1624,2383,0,0.00,0.00,0,0,0.00,0.00,0
2026-05-09 15:19:49,1,1,1,2883.8,-24,-34.3,-1624,2383,0,0.00,0.00,0,0,0.00,0.00,0
2026-05-09 15:19:49,1,1,1,2948.7,0,-34.4,-1666,2433,0,0.00,0.00,0,0,0.00,0.00,0
2026-05-09 15:19:49,1,1,1,3009.9,0,-34.9,-1723,2468,0,0.00,0.00,0,1,2.49,-0.23,7744
2026-05-09 15:19:49,1,1,1,3009.9,0,-34.9,-1723,2468,0,0.00,0.00,0,1,2.49,-0.23,7744
2026-05-09 15:19:49,1,1,1,3066.8,0,-35.1,-1765,2508,1,2.47,-0.23,7744,1,2.47,-0.23,7744
2026-05-09 15:19:49,1,1,1,3066.8,0,-35.1,-1765,2508,1,2.47,-0.23,7744,1,2.47,-0.23,7744
2026-05-09 15:19:50,1,1,1,3107.6,0,-34.3,-1753,2566,1,2.38,-0.35,4525,1,2.38,-0.35,4525
2026-05-09 15:19:50,1,1,1,3107.6,0,-34.3,-1753,2566,1,2.38,-0.35,4525,1,2.38,-0.35,4525
2026-05-09 15:19:50,1,1,1,3125.5,-39,-33.3,-1715,2613,1,2.34,-0.35,4525,1,2.34,-0.35,4525
2026-05-09 15:19:50,1,1,1,3125.5,-39,-33.3,-1715,2613,1,2.34,-0.35,4525,1,2.34,-0.35,4525
2026-05-09 15:19:50,1,1,1,2975.6,-39,-31.5,-1555,2537,1,2.34,-0.35,4525,1,2.34,-0.35,4525
2026-05-09 15:19:50,1,1,1,2820.1,-24,-29.8,-1400,2448,1,2.34,-0.35,4525,1,2.34,-0.35,4525
2026-05-09 15:19:50,1,1,1,2820.1,-24,-29.8,-1400,2448,1,2.34,-0.35,4525,1,2.34,-0.35,4525
2026-05-09 15:19:50,1,1,1,2672.0,0,-27.9,-1251,2361,1,2.34,-0.35,4525,1,2.34,-0.35,4525
2026-05-09 15:19:50,1,1,1,2672.0,0,-27.9,-1251,2361,1,2.34,-0.35,4525,1,2.34,-0.35,4525
2026-05-09 15:19:50,1,1,1,2686.6,0,-25.3,-1150,2428,1,2.34,-0.35,4525,1,2.34,-0.35,4525
2026-05-09 15:19:50,1,1,1,2686.6,0,-25.3,-1150,2428,1,2.34,-0.35,4525,1,2.34,-0.35,4525
2026-05-09 15:19:50,1,1,1,2740.7,0,-22.5,-1049,2532,1,2.34,-0.35,4525,1,2.34,-0.35,4525
2026-05-09 15:19:50,1,1,1,2740.7,0,-22.5,-1049,2532,1,2.25,-0.39,36873,1,2.25,-0.39,36873
2026-05-09 15:19:50,1,1,1,2786.3,0,-19.7,-940,2623,1,2.25,-0.39,36873,1,2.25,-0.39,36873
2026-05-09 15:19:50,1,1,1,2825.6,-48,-17.1,-833,2700,1,2.21,-0.39,36873,1,2.21,-0.39,36873
2026-05-09 15:19:50,1,1,1,2825.6,-48,-17.1,-833,2700,1,2.21,-0.39,36873,1,2.21,-0.39,36873
2026-05-09 15:19:50,1,1,1,2717.2,-48,-15.6,-731,2617,1,2.21,-0.39,36873,1,2.21,-0.39,36873
2026-05-09 15:19:50,1,1,1,2717.2,-48,-15.6,-731,2617,1,2.21,-0.39,36873,1,2.21,-0.39,36873
2026-05-09 15:19:50,1,1,1,2594.7,-32,-14.1,-634,2516,1,2.21,-0.39,36873,1,2.21,-0.39,36873
2026-05-09 15:19:50,1,1,1,2594.7,-32,-14.1,-634,2516,1,2.21,-0.39,36873,1,2.21,-0.39,36873
2026-05-09 15:19:51,1,1,1,2476.6,0,-12.6,-540,2417,1,1.99,-0.39,17449,1,1.99,-0.39,17449
2026-05-09 15:19:51,1,1,1,2542.9,0,-11.7,-516,2490,1,1.99,-0.39,17449,1,1.99,-0.39,17449
2026-05-09 15:19:51,1,1,1,2542.9,0,-11.7,-516,2490,1,2.10,-0.31,24980,1,2.10,-0.31,24980
2026-05-09 15:19:51,1,1,1,2619.4,-24,-11.0,-501,2571,1,2.10,-0.31,24980,1,2.10,-0.31,24980
2026-05-09 15:19:51,1,1,1,2619.4,-24,-11.0,-501,2571,1,2.07,-0.31,24980,1,2.07,-0.31,24980
2026-05-09 15:19:51,1,1,1,2544.3,-8,-9.1,-404,2512,1,2.07,-0.31,24980,1,2.07,-0.31,24980
2026-05-09 15:19:51,1,1,1,2544.3,-8,-9.1,-404,2512,1,2.07,-0.31,24980,1,2.07,-0.31,24980
2026-05-09 15:19:51,1,1,1,2464.0,0,-7.1,-305,2445,1,2.07,-0.31,24980,1,2.07,-0.31,24980
2026-05-09 15:19:51,1,1,1,2464.0,0,-7.1,-305,2445,1,2.07,-0.31,24980,1,2.07,-0.31,24980
2026-05-09 15:19:51,1,1,1,2342.9,0,-4.4,-180,2336,1,2.07,-0.31,24980,1,2.07,-0.31,24980
2026-05-09 15:19:51,1,1,1,2241.1,24,-1.8,-71,2240,1,2.07,-0.31,24980,1,2.07,-0.31,24980
2026-05-09 15:19:51,1,1,1,2241.1,24,-1.8,-71,2240,1,2.07,-0.31,24980,1,2.07,-0.31,24980
2026-05-09 15:19:51,1,1,1,2153.3,0,0.9,33,2153,1,2.07,-0.31,24980,1,2.07,-0.31,24980
2026-05-09 15:19:51,1,1,1,2153.3,0,0.9,33,2153,1,2.07,-0.31,24980,1,2.07,-0.31,24980
2026-05-09 15:19:51,1,1,1,2087.7,-8,3.4,125,2084,1,2.07,-0.31,24980,1,2.07,-0.31,24980
2026-05-09 15:19:51,1,1,1,2087.7,-8,3.4,125,2084,1,2.07,-0.31,24980,1,2.07,-0.31,24980
2026-05-09 15:19:51,1,1,1,2056.7,16,5.3,189,2048,1,2.07,-0.31,24980,1,2.07,-0.31,24980
2026-05-09 15:19:51,1,1,1,2029.3,-8,7.0,249,2014,1,0.00,0.00,0,0,0.00,0.00,0
2026-05-09 15:19:51,1,1,1,2029.3,-8,7.0,249,2014,1,0.00,0.00,0,0,0.00,0.00,0
2026-05-09 15:19:51,1,1,1,2020.9,32,8.0,283,2001,1,0.00,0.00,0,0,0.00,0.00,0
2026-05-09 15:19:52,1,1,1,2020.9,32,8.0,283,2001,1,0.00,0.00,0,0,0.00,0.00,0
2026-05-09 15:19:52,1,1,1,2004.0,-8,9.2,322,1978,1,0.00,0.00,0,0,0.00,0.00,0
2026-05-09 15:19:52,1,1,1,2004.0,-8,9.2,322,1978,0,0.00,0.00,0,0,0.00,0.00,0
2026-05-09 15:19:52,1,1,1,1978.4,-24,10.2,351,1947,0,0.00,0.00,0,0,0.00,0.00,0
2026-05-09 15:19:52,1,1,1,1978.4,-24,10.2,351,1947,0,0.00,0.00,0,0,0.00,0.00,0
2026-05-09 15:19:52,1,1,1,1945.9,-48,11.3,382,1908,0,0.00,0.00,0,0,0.00,0.00,0
2026-05-09 15:19:52,1,1,1,1914.6,-32,12.0,397,1873,0,0.00,0.00,0,0,0.00,0.00,0
2026-05-09 15:19:52,1,1,1,1914.6,-32,12.0,397,1873,0,0.00,0.00,0,0,0.00,0.00,0
2026-05-09 15:19:52,1,1,1,1878.2,-64,12.2,396,1836,0,0.00,0.00,0,0,0.00,0.00,0
2026-05-09 15:19:52,1,1,1,1878.2,-64,12.2,396,1836,0,0.00,0.00,0,0,0.00,0.00,0
2026-05-09 15:19:52,1,1,1,1844.0,-56,12.0,382,1804,0,0.00,0.00,0,0,0.00,0.00,0
2026-05-09 15:19:52,1,1,1,1844.0,-56,12.0,382,1804,0,0.00,0.00,0,0,0.00,0.00,0
2026-05-09 15:19:52,1,1,1,1808.8,-48,10.9,343,1776,0,0.00,0.00,0,0,0.00,0.00,0
2026-05-09 15:19:52,1,1,1,1779.0,-39,9.6,297,1754,0,0.00,0.00,0,0,0.00,0.00,0
2026-05-09 15:19:52,1,1,1,1779.0,-39,9.6,297,1754,0,0.00,0.00,0,0,0.00,0.00,0
2026-05-09 15:19:52,1,1,1,1750.0,-39,8.0,243,1733,0,0.00,0.00,0,0,0.00,0.00,0
2026-05-09 15:19:52,1,1,1,1750.0,-39,8.0,243,1733,0,0.00,0.00,0,0,0.00,0.00,0
2026-05-09 15:19:52,1,1,1,1724.2,-39,6.2,187,1714,0,0.00,0.00,0,0,0.00,0.00,0
2026-05-09 15:19:52,1,1,1,1724.2,-39,6.2,187,1714,0,0.00,0.00,0,0,0.00,0.00,0
2026-05-09 15:19:52,1,1,1,1689.0,0,4.4,130,1684,0,0.00,0.00,0,0,0.00,0.00,0
2026-05-09 15:19:53,1,1,1,1689.0,0,4.4,130,1684,0,0.00,0.00,0,1,3.67,0.47,1898
2026-05-09 15:19:53,1,1,1,1671.6,24,2.5,73,1670,0,0.00,0.00,0,1,3.67,0.47,1898
2026-05-09 15:19:53,1,1,1,1667.1,32,0.4,13,1667,0,0.00,0.00,0,1,2.79,0.31,19746
2026-05-09 15:19:53,1,1,1,1667.1,32,0.4,13,1667,0,0.00,0.00,0,1,2.79,0.31,19746
2026-05-09 15:19:53,1,1,1,1667.6,56,-1.6,-46,1667,1,2.82,0.31,19746,1,2.82,0.31,19746
2026-05-09 15:19:53,1,1,1,1667.6,56,-1.6,-46,1667,1,2.82,0.31,19746,1,2.82,0.31,19746
2026-05-09 15:19:53,1,1,1,1668.7,39,-3.8,-111,1665,1,2.97,0.23,2890,1,2.97,0.23,2890
2026-05-09 15:19:53,1,1,1,1668.7,39,-3.8,-111,1665,1,2.97,0.23,2890,1,2.97,0.23,2890
2026-05-09 15:19:53,1,1,1,1674.5,39,-6.1,-178,1665,1,3.00,0.23,2890,1,3.00,0.23,2890
2026-05-09 15:19:53,1,1,1,1683.5,39,-8.3,-242,1666,1,3.00,0.23,2890,1,3.00,0.23,2890
2026-05-09 15:19:53,1,1,1,1683.5,39,-8.3,-242,1666,1,3.00,0.23,2890,1,3.00,0.23,2890
2026-05-09 15:19:53,1,1,1,1715.8,48,-9.4,-279,1693,0,0.00,0.00,0,1,3.00,0.23,2890
2026-05-09 15:19:53,1,1,1,1715.8,48,-9.4,-279,1693,0,0.00,0.00,0,1,3.00,0.23,2890
2026-05-09 15:19:53,1,1,1,1763.2,64,-10.6,-325,1733,0,0.00,0.00,0,1,3.00,0.23,2890
2026-05-09 15:19:53,1,1,1,1763.2,64,-10.6,-325,1733,0,0.00,0.00,0,1,3.00,0.23,2890
2026-05-09 15:19:53,1,1,1,1811.5,72,-12.0,-376,1772,0,0.00,0.00,0,1,3.00,0.23,2890
2026-05-09 15:19:53,1,1,1,1811.5,72,-12.0,-376,1772,0,0.00,0.00,0,1,3.00,0.23,2890
2026-05-09 15:19:53,1,1,1,1861.8,64,-13.5,-436,1810,0,0.00,0.00,0,1,3.00,0.23,2890
2026-05-09 15:19:53,1,1,1,1913.1,48,-14.9,-491,1849,0,0.00,0.00,0,1,3.00,0.23,2890
2026-05-09 15:19:53,1,1,1,1913.1,48,-14.9,-491,1849,0,0.00,0.00,0,1,3.00,0.23,2890
2026-05-09 15:19:54,1,1,1,1964.2,16,-15.5,-524,1893,0,0.00,0.00,0,1,3.00,0.23,2890
2026-05-09 15:19:54,1,1,1,1964.2,16,-15.5,-524,1893,0,0.00,0.00,0,0,0.00,0.00,0
2026-05-09 15:19:54,1,1,1,2010.0,56,-16.3,-565,1929,0,0.00,0.00,0,1,2.26,0.47,23525
2026-05-09 15:19:54,1,1,1,2010.0,56,-16.3,-565,1929,0,0.00,0.00,0,1,2.26,0.47,23525
2026-05-09 15:19:54,1,1,1,2054.4,56,-16.8,-593,1967,1,2.31,0.47,23525,1,2.31,0.47,23525
2026-05-09 15:19:54,1,1,1,2097.0,64,-16.7,-601,2009,1,2.31,0.47,23525,1,2.31,0.47,23525
2026-05-09 15:19:54,1,1,1,2097.0,64,-16.7,-601,2009,1,2.31,0.47,23525,1,2.31,0.47,23525
2026-05-09 15:19:54,1,1,1,2139.8,48,-16.3,-600,2054,1,2.31,0.47,23525,1,2.31,0.47,23525
2026-05-09 15:19:54,1,1,1,2139.8,48,-16.3,-600,2054,1,2.31,0.47,23525,1,2.31,0.47,23525
2026-05-09 15:19:54,1,1,1,2195.6,56,-16.2,-614,2108,1,2.31,0.47,23525,1,2.31,0.47,23525
2026-05-09 15:19:54,1,1,1,2195.6,56,-16.2,-614,2108,1,2.31,0.47,23525,1,2.31,0.47,23525
2026-05-09 15:19:54,1,1,1,2268.9,0,-15.9,-622,2182,1,2.31,0.47,23525,1,2.31,0.47,23525
2026-05-09 15:19:54,1,1,1,2268.9,0,-15.9,-622,2182,1,2.31,0.47,23525,1,2.31,0.47,23525
2026-05-09 15:19:54,1,1,1,2374.8,0,-16.0,-654,2283,1,2.31,0.47,23525,1,2.31,0.47,23525
2026-05-09 15:19:54,1,1,1,2495.1,0,-15.4,-661,2406,1,2.31,0.47,23525,1,2.31,0.47,23525
2026-05-09 15:19:54,1,1,1,2495.1,0,-15.4,-661,2406,1,2.31,0.47,23525,1,2.31,0.47,23525
2026-05-09 15:19:54,1,1,1,2606.5,0,-13.9,-627,2530,1,2.31,0.47,23525,1,2.31,0.47,23525
2026-05-09 15:19:54,1,1,1,2606.5,0,-13.9,-627,2530,1,0.00,0.00,0,0,0.00,0.00,0
2026-05-09 15:19:54,1,1,1,2710.0,0,-12.6,-590,2645,1,0.00,0.00,0,0,0.00,0.00,0
2026-05-09 15:19:54,1,1,1,2710.0,0,-12.6,-590,2645,1,0.00,0.00,0,0,0.00,0.00,0
2026-05-09 15:19:55,1,1,1,2792.5,48,-11.3,-549,2738,1,0.00,0.00,0,0,0.00,0.00,0
2026-05-09 15:19:55,1,1,1,2792.5,48,-11.3,-549,2738,1,0.00,0.00,0,0,0.00,0.00,0
2026-05-09 15:19:55,1,1,1,2854.3,0,-10.7,-528,2805,0,0.00,0.00,0,0,0.00,0.00,0
2026-05-09 15:19:55,1,1,1,2884.9,8,-10.1,-507,2840,0,0.00,0.00,0,0,0.00,0.00,0
2026-05-09 15:19:55,1,1,1,2884.9,8,-10.1,-507,2840,0,0.00,0.00,0,0,0.00,0.00,0
2026-05-09 15:19:55,1,1,1,2835.1,32,-9.6,-475,2795,0,0.00,0.00,0,0,0.00,0.00,0
2026-05-09 15:19:55,1,1,1,2835.1,32,-9.6,-475,2795,0,0.00,0.00,0,0,0.00,0.00,0
2026-05-09 15:19:55,1,1,1,2789.9,0,-9.3,-452,2753,0,0.00,0.00,0,0,0.00,0.00,0
2026-05-09 15:19:55,1,1,1,2789.9,0,-9.3,-452,2753,0,0.00,0.00,0,0,0.00,0.00,0
2026-05-09 15:19:55,1,1,1,2802.7,0,-9.2,-446,2767,0,0.00,0.00,0,0,0.00,0.00,0
2026-05-09 15:19:55,1,1,1,2813.5,-24,-8.9,-433,2780,0,0.00,0.00,0,0,0.00,0.00,0
2026-05-09 15:19:55,1,1,1,2813.5,-24,-8.9,-433,2780,0,0.00,0.00,0,0,0.00,0.00,0
2026-05-09 15:19:55,1,1,1,2796.8,-16,-7.9,-386,2770,0,0.00,0.00,0,0,0.00,0.00,0
2026-05-09 15:19:55,1,1,1,2796.8,-16,-7.9,-386,2770,0,0.00,0.00,0,0,0.00,0.00,0
2026-05-09 15:19:55,1,1,1,2750.6,-24,-5.3,-252,2739,0,0.00,0.00,0,0,0.00,0.00,0
2026-05-09 15:19:55,1,1,1,2750.6,-24,-5.3,-252,2739,0,0.00,0.00,0,0,0.00,0.00,0
2026-05-09 15:19:55,1,1,1,2692.3,-24,-2.8,-133,2689,0,0.00,0.00,0,0,0.00,0.00,0
2026-05-09 15:19:55,1,1,1,2692.3,-24,-2.8,-133,2689,0,0.00,0.00,0,0,0.00,0.00,0
2026-05-09 15:19:55,1,1,1,2648.0,-32,-0.1,-4,2648,0,0.00,0.00,0,0,0.00,0.00,0
2026-05-09 15:19:55,1,1,1,2606.0,-24,2.7,124,2603,0,0.00,0.00,0,0,0.00,0.00,0
2026-05-09 15:19:56,1,1,1,2606.0,-24,2.7,124,2603,0,0.00,0.00,0,0,0.00,0.00,0
2026-05-09 15:19:56,1,1,1,2566.4,-16,5.2,231,2556,0,0.00,0.00,0,0,0.00,0.00,0
2026-05-09 15:19:56,1,1,1,2566.4,-16,5.2,231,2556,0,0.00,0.00,0,0,0.00,0.00,0
2026-05-09 15:19:56,1,1,1,2540.7,-16,7.3,324,2520,0,0.00,0.00,0,0,0.00,0.00,0
2026-05-09 15:19:56,1,1,1,2540.7,-16,7.3,324,2520,0,0.00,0.00,0,0,0.00,0.00,0
2026-05-09 15:19:56,1,1,1,2527.5,-16,9.6,422,2492,0,0.00,0.00,0,0,0.00,0.00,0
2026-05-09 15:19:56,1,1,1,2517.5,-24,11.3,492,2469,0,0.00,0.00,0,0,0.00,0.00,0
2026-05-09 15:19:56,1,1,1,2517.5,-24,11.3,492,2469,0,0.00,0.00,0,0,0.00,0.00,0
2026-05-09 15:19:56,1,1,1,2496.8,8,12.6,543,2437,0,0.00,0.00,0,0,0.00,0.00,0
2026-05-09 15:19:56,1,1,1,2496.8,8,12.6,543,2437,0,0.00,0.00,0,0,0.00,0.00,0
2026-05-09 15:19:56,1,1,1,2473.6,-32,13.8,591,2402,0,0.00,0.00,0,0,0.00,0.00,0
2026-05-09 15:19:56,1,1,1,2473.6,-32,13.8,591,2402,0,0.00,0.00,0,0,0.00,0.00,0
2026-05-09 15:19:56,1,1,1,2445.8,-48,15.5,653,2357,0,0.00,0.00,0,0,0.00,0.00,0
2026-05-09 15:19:56,1,1,1,2445.8,-48,15.5,653,2357,0,0.00,0.00,0,0,0.00,0.00,0
2026-05-09 15:19:56,1,1,1,2416.6,-56,16.8,700,2313,0,0.00,0.00,0,1,2.49,-0.71,11050
2026-05-09 15:19:56,1,1,1,2382.2,-79,18.1,741,2264,0,0.00,0.00,0,1,2.49,-0.71,11050
2026-05-09 15:19:56,1,1,1,2382.2,-79,18.1,741,2264,1,2.42,-0.71,11050,1,2.42,-0.71,11050
2026-05-09 15:19:56,1,1,1,2346.4,-64,19.4,780,2213,1,2.42,-0.71,11050,1,2.42,-0.71,11050
2026-05-09 15:19:56,1,1,1,2346.4,-64,19.4,780,2213,1,2.42,-0.71,11050,1,2.42,-0.71,11050
2026-05-09 15:19:56,1,1,1,2307.1,-56,20.5,808,2161,1,2.42,-0.71,11050,1,2.42,-0.71,11050
2026-05-09 15:19:57,1,1,1,2307.1,-56,20.5,808,2161,1,2.42,-0.71,11050,1,2.42,-0.71,11050
2026-05-09 15:19:57,1,1,1,2266.2,-56,21.7,837,2106,1,2.42,-0.71,11050,1,2.42,-0.71,11050
2026-05-09 15:19:57,1,1,1,2222.2,-64,22.8,860,2049,1,2.42,-0.71,11050,1,2.42,-0.71,11050
2026-05-09 15:19:57,1,1,1,2222.2,-64,22.8,860,2049,1,2.42,-0.71,11050,1,2.42,-0.71,11050
2026-05-09 15:19:57,1,1,1,2175.2,-64,23.3,860,1998,1,2.03,-0.48,18226,1,2.03,-0.48,18226
2026-05-09 15:19:57,1,1,1,2175.2,-64,23.3,860,1998,1,2.03,-0.48,18226,1,2.03,-0.48,18226
2026-05-09 15:19:57,1,1,1,2128.3,-88,24.0,864,1945,1,1.98,-0.48,18226,1,1.98,-0.48,18226
2026-05-09 15:19:57,1,1,1,2128.3,-88,24.0,864,1945,1,1.98,-0.48,18226,1,1.98,-0.48,18226
2026-05-09 15:19:57,1,1,1,2072.3,-104,24.9,874,1879,1,1.98,-0.48,18226,1,1.98,-0.48,18226
2026-05-09 15:19:57,1,1,1,2072.3,-104,24.9,874,1879,1,1.98,-0.48,18226,1,1.98,-0.48,18226
2026-05-09 15:19:57,1,1,1,2005.3,-112,26.3,888,1798,1,1.98,-0.48,18226,1,1.98,-0.48,18226
2026-05-09 15:19:57,1,1,1,1937.9,-56,27.2,887,1723,1,1.98,-0.48,18226,1,1.98,-0.48,18226
2026-05-09 15:19:57,1,1,1,1937.9,-56,27.2,887,1723,1,1.98,-0.48,18226,1,1.98,-0.48,18226
2026-05-09 15:19:57,1,1,1,1863.0,-72,27.7,865,1650,1,1.98,-0.48,18226,1,1.98,-0.48,18226
2026-05-09 15:19:57,1,1,1,1863.0,-72,27.7,865,1650,1,1.74,-0.24,30242,1,1.74,-0.24,30242
2026-05-09 15:19:57,1,1,1,1802.0,-24,27.2,825,1602,1,1.74,-0.24,30242,1,1.74,-0.24,30242
2026-05-09 15:19:57,1,1,1,1802.0,-24,27.2,825,1602,1,1.72,-0.24,30242,1,1.72,-0.24,30242
2026-05-09 15:19:57,1,1,1,1760.3,-16,26.2,778,1579,1,1.72,-0.24,30242,1,1.72,-0.24,30242
2026-05-09 15:19:57,1,1,1,1730.4,8,24.6,721,1573,1,1.72,-0.24,30242,1,1.72,-0.24,30242
2026-05-09 15:19:57,1,1,1,1730.4,8,24.6,721,1573,1,1.72,-0.24,30242,1,1.72,-0.24,30242
2026-05-09 15:19:58,1,1,1,1717.2,24,22.7,663,1584,1,1.72,-0.24,30242,1,1.72,-0.24,30242
2026-05-09 15:19:58,1,1,1,1717.2,24,22.7,663,1584,1,1.72,-0.24,30242,1,1.72,-0.24,30242
2026-05-09 15:19:58,1,1,1,1717.0,48,20.5,602,1608,1,1.76,0.71,25640,1,1.76,0.71,25640
2026-05-09 15:19:58,1,1,1,1717.0,48,20.5,602,1608,1,1.76,0.71,25640,1,1.76,0.71,25640
2026-05-09 15:19:58,1,1,1,1716.2,48,18.6,546,1627,1,1.83,0.71,25640,1,1.83,0.71,25640
2026-05-09 15:19:58,1,1,1,1716.2,48,18.6,546,1627,1,1.83,0.71,25640,1,1.83,0.71,25640
2026-05-09 15:19:58,1,1,1,1721.8,32,16.3,482,1653,1,1.83,0.71,25640,1,1.83,0.71,25640
2026-05-09 15:19:58,1,1,1,1734.7,39,13.6,408,1686,1,1.83,0.71,25640,1,1.83,0.71,25640
2026-05-09 15:19:58,1,1,1,1734.7,39,13.6,408,1686,1,1.83,0.71,25640,1,1.83,0.71,25640
2026-05-09 15:19:58,1,1,1,1746.3,39,10.7,324,1716,1,1.83,0.71,25640,1,1.83,0.71,25640
2026-05-09 15:19:58,1,1,1,1746.3,39,10.7,324,1716,1,1.83,0.71,25640,1,1.83,0.71,25640
2026-05-09 15:19:58,1,1,1,1758.8,48,7.7,235,1743,1,1.83,0.71,25640,1,1.83,0.71,25640
2026-05-09 15:19:58,1,1,1,1758.8,48,7.7,235,1743,1,1.83,0.71,25640,1,1.83,0.71,25640
2026-05-09 15:19:58,1,1,1,1784.3,0,4.4,138,1779,1,1.83,0.71,25640,1,1.83,0.71,25640
2026-05-09 15:19:58,1,1,1,1807.6,48,1.5,47,1807,1,3.23,0.02,6970,1,3.23,0.02,6970
2026-05-09 15:19:58,1,1,1,1807.6,48,1.5,47,1807,1,3.23,0.02,6970,1,3.23,0.02,6970
2026-05-09 15:19:58,1,1,1,1845.5,0,-1.4,-45,1845,1,3.24,0.01,5021,1,3.24,0.01,5021
2026-05-09 15:19:58,1,1,1,1845.5,0,-1.4,-45,1845,1,3.24,0.01,5021,1,3.24,0.01,5021
2026-05-09 15:19:58,1,1,1,2023.9,0,-4.0,-141,2019,1,3.24,0.01,5021,1,3.24,0.01,5021
2026-05-09 15:19:58,1,1,1,2023.9,0,-4.0,-141,2019,1,3.24,0.01,5021,1,3.24,0.01,5021
2026-05-09 15:19:59,1,1,1,2215.6,0,-5.6,-216,2205,1,2.92,0.07,12050,1,2.92,0.07,12050
2026-05-09 15:19:59,1,1,1,2215.6,0,-5.6,-216,2205,1,2.92,0.07,12050,1,2.92,0.07,12050
2026-05-09 15:19:59,1,1,1,2403.0,0,-6.8,-285,2386,1,2.93,0.07,12050,1,2.93,0.07,12050
2026-05-09 15:19:59,1,1,1,2575.0,24,-7.8,-351,2551,1,2.93,0.07,12050,1,2.93,0.07,12050
2026-05-09 15:19:59,1,1,1,2575.0,24,-7.8,-351,2551,1,2.93,0.07,12050,1,2.93,0.07,12050
2026-05-09 15:19:59,1,1,1,2545.4,39,-9.4,-417,2511,1,2.93,0.07,12050,1,2.93,0.07,12050
2026-05-09 15:19:59,1,1,1,2545.4,39,-9.4,-417,2511,1,2.93,0.07,12050,1,2.93,0.07,12050
2026-05-09 15:19:59,1,1,1,2483.8,39,-11.4,-490,2435,1,2.93,0.07,12050,1,2.93,0.07,12050
2026-05-09 15:19:59,1,1,1,2483.8,39,-11.4,-490,2435,1,2.93,0.07,12050,1,2.93,0.07,12050
2026-05-09 15:19:59,1,1,1,2421.8,24,-13.1,-548,2359,1,2.93,0.07,12050,1,2.93,0.07,12050
2026-05-09 15:19:59,1,1,1,2421.8,24,-13.1,-548,2359,1,2.93,0.07,12050,1,2.93,0.07,12050
2026-05-09 15:19:59,1,1,1,2368.4,-8,-15.0,-612,2288,1,2.93,0.07,12050,1,2.93,0.07,12050
2026-05-09 15:19:59,1,1,1,2395.6,0,-17.8,-732,2281,1,2.93,0.07,12050,1,2.93,0.07,12050
2026-05-09 15:19:59,1,1,1,2395.6,0,-17.8,-732,2281,1,2.93,0.07,12050,1,2.93,0.07,12050
2026-05-09 15:19:59,1,1,1,2499.3,0,-20.4,-870,2343,1,2.93,0.07,12050,1,2.93,0.07,12050
2026-05-09 15:19:59,1,1,1,2499.3,0,-20.4,-870,2343,1,0.00,0.00,0,0,0.00,0.00,0
2026-05-09 15:19:59,1,1,1,2608.9,0,-22.2,-987,2415,1,0.00,0.00,0,0,0.00,0.00,0
2026-05-09 15:19:59,1,1,1,2608.9,0,-22.2,-987,2415,1,0.00,0.00,0,0,0.00,0.00,0
2026-05-09 15:19:59,1,1,1,2716.2,-48,-23.7,-1092,2487,1,0.00,0.00,0,0,0.00,0.00,0
2026-05-09 15:19:59,1,1,1,2666.5,-39,-24.4,-1100,2429,1,0.00,0.00,0,0,0.00,0.00,0
2026-05-09 15:20:00,1,1,1,2666.5,-39,-24.4,-1100,2429,0,0.00,0.00,0,0,0.00,0.00,0
2026-05-09 15:20:00,1,1,1,2572.2,-39,-24.8,-1079,2335,0,0.00,0.00,0,0,0.00,0.00,0
2026-05-09 15:20:00,1,1,1,2572.2,-39,-24.8,-1079,2335,0,0.00,0.00,0,0,0.00,0.00,0
2026-05-09 15:20:00,1,1,1,2470.0,-32,-25.0,-1045,2238,0,0.00,0.00,0,0,0.00,0.00,0
2026-05-09 15:20:00,1,1,1,2470.0,-32,-25.0,-1045,2238,0,0.00,0.00,0,0,0.00,0.00,0
2026-05-09 15:20:00,1,1,1,2358.1,-96,-25.5,-1014,2129,0,0.00,0.00,0,0,0.00,0.00,0
2026-05-09 15:20:00,1,1,1,2358.1,-96,-25.5,-1014,2129,0,0.00,0.00,0,0,0.00,0.00,0
2026-05-09 15:20:00,1,1,1,2247.4,0,-25.9,-983,2021,0,0.00,0.00,0,0,0.00,0.00,0
2026-05-09 15:20:00,1,1,1,2162.8,-64,-26.1,-952,1942,0,0.00,0.00,0,0,0.00,0.00,0
2026-05-09 15:20:00,1,1,1,2162.8,-64,-26.1,-952,1942,0,0.00,0.00,0,0,0.00,0.00,0
2026-05-09 15:20:00,1,1,1,2080.0,-64,-26.2,-919,1866,0,0.00,0.00,0,1,1.99,-0.47,21412
2026-05-09 15:20:00,1,1,1,2080.0,-64,-26.2,-919,1866,0,0.00,0.00,0,1,1.99,-0.47,21412
2026-05-09 15:20:00,1,1,1,2020.9,-39,-25.4,-868,1825,1,1.89,-0.36,9305,1,1.89,-0.36,9305
2026-05-09 15:20:00,1,1,1,2020.9,-39,-25.4,-868,1825,1,1.89,-0.36,9305,1,1.89,-0.36,9305
2026-05-09 15:20:00,1,1,1,1970.8,-16,-24.2,-807,1798,1,1.86,-0.36,9305,1,1.86,-0.36,9305
2026-05-09 15:20:00,1,1,1,1920.1,0,-22.6,-737,1773,1,1.86,-0.36,9305,1,1.86,-0.36,9305
2026-05-09 15:20:00,1,1,1,1920.1,0,-22.6,-737,1773,1,1.86,-0.36,9305,1,1.86,-0.36,9305
2026-05-09 15:20:00,1,1,1,1888.8,0,-21.2,-683,1761,1,1.86,-0.36,9305,1,1.86,-0.36,9305
2026-05-09 15:20:00,1,1,1,1888.8,0,-21.2,-683,1761,1,1.86,-0.36,9305,1,1.86,-0.36,9305
2026-05-09 15:20:00,1,1,1,1875.7,0,-19.7,-632,1766,1,1.86,-0.36,9305,1,1.86,-0.36,9305
2026-05-09 15:20:01,1,1,1,1875.7,0,-19.7,-632,1766,1,1.86,-0.36,9305,1,1.86,-0.36,9305
2026-05-09 15:20:01,1,1,1,1959.9,0,-16.7,-564,1877,1,1.86,-0.36,9305,1,1.86,-0.36,9305
2026-05-09 15:20:01,1,1,1,1959.9,0,-16.7,-564,1877,1,1.86,-0.36,9305,1,1.86,-0.36,9305
2026-05-09 15:20:01,1,1,1,2023.5,72,-14.2,-495,1962,1,1.86,-0.36,9305,1,1.86,-0.36,9305
2026-05-09 15:20:01,1,1,1,2028.0,79,-12.6,-443,1979,1,1.86,-0.36,9305,1,1.86,-0.36,9305
2026-05-09 15:20:01,1,1,1,2028.0,79,-12.6,-443,1979,1,1.86,-0.36,9305,1,1.86,-0.36,9305
2026-05-09 15:20:01,1,1,1,2035.9,0,-11.2,-396,1997,1,1.86,-0.36,9305,1,1.86,-0.36,9305
2026-05-09 15:20:01,1,1,1,2035.9,0,-11.2,-396,1997,1,0.00,0.00,0,0,0.00,0.00,0
2026-05-09 15:20:01,1,1,1,2026.7,64,-9.1,-322,2001,1,0.00,0.00,0,0,0.00,0.00,0
2026-05-09 15:20:01,1,1,1,2026.7,64,-9.1,-322,2001,1,0.00,0.00,0,0,0.00,0.00,0
2026-05-09 15:20:01,1,1,1,2024.6,0,-7.1,-251,2009,1,0.00,0.00,0,0,0.00,0.00,0
2026-05-09 15:20:01,1,1,1,2175.7,0,-6.9,-261,2160,1,0.00,0.00,0,0,0.00,0.00,0
2026-05-09 15:20:01,1,1,1,2175.7,0,-6.9,-261,2160,0,0.00,0.00,0,0,0.00,0.00,0
2026-05-09 15:20:01,1,1,1,2334.4,0,-6.6,-268,2319,0,0.00,0.00,0,0,0.00,0.00,0
2026-05-09 15:20:01,1,1,1,2334.4,0,-6.6,-268,2319,0,0.00,0.00,0,0,0.00,0.00,0
2026-05-09 15:20:01,1,1,1,2485.2,79,-6.3,-274,2470,0,0.00,0.00,0,0,0.00,0.00,0
2026-05-09 15:20:01,1,1,1,2485.2,79,-6.3,-274,2470,0,0.00,0.00,0,1,2.29,0.49,9221
2026-05-09 15:20:01,1,1,1,2514.3,39,-4.4,-192,2507,0,0.00,0.00,0,1,2.29,0.49,9221
2026-05-09 15:20:01,1,1,1,2514.3,39,-4.4,-192,2507,1,2.34,0.49,9221,1,2.34,0.49,9221
2026-05-09 15:20:01,1,1,1,2471.9,32,-1.5,-66,2471,1,2.34,0.49,9221,1,2.34,0.49,9221
2026-05-09 15:20:02,1,1,1,2424.8,24,1.5,64,2424,1,2.43,0.38,1685,1,2.43,0.38,1685
2026-05-09 15:20:02,1,1,1,2424.8,24,1.5,64,2424,1,2.43,0.38,1685,1,2.43,0.38,1685
2026-05-09 15:20:02,1,1,1,2377.3,32,4.5,186,2370,1,2.47,0.38,1685,1,2.47,0.38,1685
2026-05-09 15:20:02,1,1,1,2377.3,32,4.5,186,2370,1,2.47,0.38,1685,1,2.47,0.38,1685
2026-05-09 15:20:02,1,1,1,2353.3,39,7.3,301,2334,1,2.50,0.34,6525,1,2.50,0.34,6525
2026-05-09 15:20:02,1,1,1,2353.3,39,7.3,301,2334,1,2.50,0.34,6525,1,2.50,0.34,6525
2026-05-09 15:20:02,1,1,1,2362.1,32,9.5,388,2330,1,2.54,0.34,6525,1,2.54,0.34,6525
2026-05-09 15:20:02,1,1,1,2373.4,32,11.6,477,2325,1,2.54,0.34,6525,1,2.54,0.34,6525
2026-05-09 15:20:02,1,1,1,2373.4,32,11.6,477,2325,1,2.54,0.34,6525,1,2.54,0.34,6525
2026-05-09 15:20:02,1,1,1,2393.1,16,13.2,546,2330,1,2.54,0.34,6525,1,2.54,0.34,6525
2026-05-09 15:20:02,1,1,1,2393.1,16,13.2,546,2330,1,2.54,0.34,6525,1,2.54,0.34,6525
2026-05-09 15:20:02,1,1,1,2414.0,8,14.5,605,2337,1,2.54,0.34,6525,1,2.54,0.34,6525
2026-05-09 15:20:02,1,1,1,2414.0,8,14.5,605,2337,1,2.54,0.34,6525,1,2.54,0.34,6525
2026-05-09 15:20:02,1,1,1,2424.0,0,16.1,672,2329,1,2.54,0.34,6525,1,2.54,0.34,6525
2026-05-09 15:20:02,1,1,1,2424.0,0,16.1,672,2329,1,2.54,0.34,6525,1,2.54,0.34,6525
2026-05-09 15:20:02,1,1,1,2432.6,-16,17.3,722,2323,1,2.54,0.34,6525,1,2.54,0.34,6525
2026-05-09 15:20:02,1,1,1,2438.2,-39,18.9,789,2307,1,2.54,0.34,6525,1,2.54,0.34,6525
2026-05-09 15:20:02,1,1,1,2438.2,-39,18.9,789,2307,1,2.54,0.34,6525,1,2.54,0.34,6525
2026-05-09 15:20:02,1,1,1,2431.2,-48,20.3,844,2280,1,2.54,0.34,6525,1,2.54,0.34,6525
2026-05-09 15:20:02,1,1,1,2431.2,-48,20.3,844,2280,1,0.00,0.00,0,0,0.00,0.00,0
2026-05-09 15:20:03,1,1,1,2419.4,-39,21.8,897,2247,1,0.00,0.00,0,0,0.00,0.00,0
2026-05-09 15:20:03,1,1,1,2419.4,-39,21.8,897,2247,1,0.00,0.00,0,0,0.00,0.00,0
2026-05-09 15:20:03,1,1,1,2400.2,-39,23.1,941,2208,1,0.00,0.00,0,0,0.00,0.00,0
2026-05-09 15:20:03,1,1,1,2370.3,-48,24.3,976,2160,1,0.00,0.00,0,0,0.00,0.00,0
2026-05-09 15:20:03,1,1,1,2370.3,-48,24.3,976,2160,0,0.00,0.00,0,0,0.00,0.00,0
2026-05-09 15:20:03,1,1,1,2345.2,-39,25.4,1005,2119,0,0.00,0.00,0,0,0.00,0.00,0
2026-05-09 15:20:03,1,1,1,2345.2,-39,25.4,1005,2119,0,0.00,0.00,0,0,0.00,0.00,0
2026-05-09 15:20:13,1,1,1,2743.0,24,-27.8,-1280,2426,0,0.00,0.00,0,0,0.00,0.00,0
2026-05-09 15:20:13,1,1,1,2732.6,-8,-27.8,-1273,2418,0,0.00,0.00,0,0,0.00,0.00,0
2026-05-09 15:20:13,1,1,1,2732.6,-8,-27.8,-1273,2418,0,0.00,0.00,0,0,0.00,0.00,0
2026-05-09 15:20:13,1,1,1,2713.7,-8,-27.6,-1259,2404,0,0.00,0.00,0,0,0.00,0.00,0
2026-05-09 15:20:13,1,1,1,2713.7,-8,-27.6,-1259,2404,0,0.00,0.00,0,0,0.00,0.00,0
2026-05-09 15:20:13,1,1,1,2691.6,-8,-27.4,-1240,2389,0,0.00,0.00,0,0,0.00,0.00,0
2026-05-09 15:20:13,1,1,1,2691.6,-8,-27.4,-1240,2389,0,0.00,0.00,0,0,0.00,0.00,0
2026-05-09 15:20:13,1,1,1,2667.3,-16,-27.1,-1216,2374,0,0.00,0.00,0,0,0.00,0.00,0
2026-05-09 15:20:13,1,1,1,2598.0,0,-26.0,-1137,2336,0,0.00,0.00,0,0,0.00,0.00,0
2026-05-09 15:20:13,1,1,1,2598.0,0,-26.0,-1137,2336,0,0.00,0.00,0,0,0.00,0.00,0
2026-05-09 15:20:13,1,1,1,2528.9,0,-24.8,-1060,2296,0,0.00,0.00,0,0,0.00,0.00,0
2026-05-09 15:20:13,1,1,1,2528.9,0,-24.8,-1060,2296,0,0.00,0.00,0,0,0.00,0.00,0
2026-05-09 15:20:13,1,1,1,2408.9,16,-22.3,-916,2228,0,0.00,0.00,0,0,0.00,0.00,0
2026-05-09 15:20:14,1,1,1,2408.9,16,-22.3,-916,2228,0,0.00,0.00,0,0,0.00,0.00,0
2026-05-09 15:20:14,1,1,1,2318.4,16,-19.6,-778,2184,0,0.00,0.00,0,0,0.00,0.00,0
2026-05-09 15:20:14,1,1,1,2259.4,24,-16.8,-653,2163,0,0.00,0.00,0,0,0.00,0.00,0
2026-05-09 15:20:14,1,1,1,2259.4,24,-16.8,-653,2163,0,0.00,0.00,0,0,0.00,0.00,0
2026-05-09 15:20:14,1,1,1,2223.1,32,-13.9,-534,2158,0,0.00,0.00,0,1,2.25,0.47,8825
2026-05-09 15:20:14,1,1,1,2223.1,32,-13.9,-534,2158,0,0.00,0.00,0,1,2.25,0.47,8825
2026-05-09 15:20:14,1,1,1,2213.4,0,-11.1,-426,2172,1,2.27,0.47,18889,1,2.27,0.47,18889
2026-05-09 15:20:14,1,1,1,2213.4,0,-11.1,-426,2172,1,2.27,0.47,18889,1,2.27,0.47,18889
2026-05-09 15:20:14,1,1,1,2209.6,0,-7.8,-301,2189,1,2.32,0.47,18889,1,2.32,0.47,18889
2026-05-09 15:20:14,1,1,1,2209.6,0,-7.8,-301,2189,1,2.32,0.47,18889,1,2.32,0.47,18889
2026-05-09 15:20:14,1,1,1,2192.4,24,-4.4,-167,2186,1,2.32,0.47,18889,1,2.32,0.47,18889
2026-05-09 15:20:14,1,1,1,2169.2,8,-0.7,-26,2169,1,2.32,0.47,18889,1,2.32,0.47,18889
2026-05-09 15:20:14,1,1,1,2169.2,8,-0.7,-26,2169,1,2.32,0.47,18889,1,2.32,0.47,18889
2026-05-09 15:20:14,1,1,1,2168.0,16,2.4,92,2166,1,2.32,0.47,18889,1,2.32,0.47,18889
2026-05-09 15:20:14,1,1,1,2168.0,16,2.4,92,2166,1,2.32,0.47,18889,1,2.32,0.47,18889
2026-05-09 15:20:14,1,1,1,2181.5,39,5.0,192,2173,1,2.32,0.47,18889,1,2.32,0.47,18889
2026-05-09 15:20:14,1,1,1,2181.5,39,5.0,192,2173,1,2.32,0.47,18889,1,2.32,0.47,18889
2026-05-09 15:20:14,1,1,1,2199.3,24,7.4,283,2181,1,2.32,0.47,18889,1,2.32,0.47,18889
2026-05-09 15:20:14,1,1,1,2237.9,-39,9.0,352,2210,1,2.32,0.47,18889,1,2.32,0.47,18889
2026-05-09 15:20:14,1,1,1,2237.9,-39,9.0,352,2210,1,2.32,0.47,18889,1,2.32,0.47,18889
2026-05-09 15:20:15,1,1,1,2272.3,16,10.4,410,2235,1,2.32,0.47,18889,1,2.32,0.47,18889
2026-05-09 15:20:15,1,1,1,2272.3,16,10.4,410,2235,1,0.00,0.00,0,0,0.00,0.00,0
2026-05-09 15:20:15,1,1,1,2306.3,16,11.4,455,2261,1,0.00,0.00,0,0,0.00,0.00,0
2026-05-09 15:20:15,1,1,1,2306.3,16,11.4,455,2261,1,0.00,0.00,0,0,0.00,0.00,0
2026-05-09 15:20:15,1,1,1,2338.9,24,12.1,490,2287,1,2.52,0.28,16085,1,2.52,0.28,16085
2026-05-09 15:20:15,1,1,1,2338.9,24,12.1,490,2287,1,2.52,0.28,16085,1,2.52,0.28,16085
2026-05-09 15:20:15,1,1,1,2363.1,39,12.5,512,2307,1,2.55,0.38,7092,1,2.55,0.38,7092
2026-05-09 15:20:15,1,1,1,2391.8,39,12.5,518,2335,1,2.55,0.38,7092,1,2.55,0.38,7092
2026-05-09 15:20:15,1,1,1,2391.8,39,12.5,518,2335,1,2.64,0.36,8945,1,2.64,0.36,8945
2026-05-09 15:20:15,1,1,1,2423.5,32,12.5,525,2366,1,2.64,0.36,8945,1,2.64,0.36,8945
2026-05-09 15:20:15,1,1,1,2423.5,32,12.5,525,2366,1,2.67,0.36,8945,1,2.67,0.36,8945
2026-05-09 15:20:15,1,1,1,2449.8,24,12.5,529,2392,1,2.67,0.36,8945,1,2.67,0.36,8945
2026-05-09 15:20:15,1,1,1,2449.8,24,12.5,529,2392,1,2.67,0.36,8945,1,2.67,0.36,8945
2026-05-09 15:20:15,1,1,1,2476.4,24,12.8,548,2415,1,2.67,0.36,8945,1,2.67,0.36,8945
2026-05-09 15:20:15,1,1,1,2504.9,16,12.7,549,2444,1,2.67,0.36,8945,1,2.67,0.36,8945
2026-05-09 15:20:15,1,1,1,2504.9,16,12.7,549,2444,1,2.67,0.36,8945,1,2.67,0.36,8945
2026-05-09 15:20:15,1,1,1,2534.1,16,11.9,521,2480,1,2.67,0.36,8945,1,2.67,0.36,8945
2026-05-09 15:20:15,1,1,1,2534.1,16,11.9,521,2480,1,2.67,0.36,8945,1,2.67,0.36,8945
2026-05-09 15:20:15,1,1,1,2576.0,16,11.1,495,2528,1,2.80,0.23,3485,1,2.80,0.23,3485
2026-05-09 15:20:15,1,1,1,2576.0,16,11.1,495,2528,1,2.80,0.23,3485,1,2.80,0.23,3485
2026-05-09 15:20:16,1,1,1,2623.3,0,10.9,496,2576,1,2.83,0.23,3485,1,2.83,0.23,3485
2026-05-09 15:20:16,1,1,1,2623.3,0,10.9,496,2576,1,2.83,0.23,3485,1,2.83,0.23,3485
2026-05-09 15:20:16,1,1,1,2672.4,0,10.8,501,2625,1,2.83,0.23,3485,1,2.83,0.23,3485
2026-05-09 15:20:16,1,1,1,2702.4,-32,10.4,488,2658,1,2.83,0.23,3485,1,2.83,0.23,3485
2026-05-09 15:20:16,1,1,1,2702.4,-32,10.4,488,2658,1,2.83,0.23,3485,1,2.83,0.23,3485
2026-05-09 15:20:16,1,1,1,2690.6,-24,9.8,460,2651,1,2.83,0.23,3485,1,2.83,0.23,3485
2026-05-09 15:20:16,1,1,1,2690.6,-24,9.8,460,2651,1,2.83,0.23,3485,1,2.83,0.23,3485
2026-05-09 15:20:16,1,1,1,2681.7,-48,9.6,448,2644,1,2.83,0.23,3485,1,2.83,0.23,3485
2026-05-09 15:20:16,1,1,1,2681.7,-48,9.6,448,2644,1,2.83,0.23,3485,1,2.83,0.23,3485
2026-05-09 15:20:16,1,1,1,2667.1,-64,9.3,431,2632,1,2.83,0.23,3485,1,2.83,0.23,3485
2026-05-09 15:20:16,1,1,1,2667.1,-64,9.3,431,2632,1,2.83,0.23,3485,1,2.83,0.23,3485
2026-05-09 15:20:16,1,1,1,2649.8,-48,9.2,422,2616,1,2.83,0.23,3485,1,2.83,0.23,3485
2026-05-09 15:20:16,1,1,1,2631.9,-24,9.1,415,2599,1,2.83,0.23,3485,1,2.83,0.23,3485
2026-05-09 15:20:16,1,1,1,2631.9,-24,9.1,415,2599,1,0.00,0.00,0,0,0.00,0.00,0
2026-05-09 15:20:16,1,1,1,2608.2,-56,8.7,396,2578,1,0.00,0.00,0,0,0.00,0.00,0
2026-05-09 15:20:16,1,1,1,2608.2,-56,8.7,396,2578,1,0.00,0.00,0,0,0.00,0.00,0
2026-05-09 15:20:16,1,1,1,2592.8,0,8.2,372,2566,1,0.00,0.00,0,0,0.00,0.00,0
2026-05-09 15:20:16,1,1,1,2592.8,0,8.2,372,2566,1,0.00,0.00,0,0,0.00,0.00,0
2026-05-09 15:20:16,1,1,1,2608.5,0,7.0,318,2589,0,0.00,0.00,0,0,0.00,0.00,0
2026-05-09 15:20:16,1,1,1,2631.3,-72,4.6,209,2623,0,0.00,0.00,0,0,0.00,0.00,0
2026-05-09 15:20:17,1,1,1,2631.3,-72,4.6,209,2623,0,0.00,0.00,0,0,0.00,0.00,0
2026-05-09 15:20:17,1,1,1,2694.0,0,1.5,72,2693,0,0.00,0.00,0,0,0.00,0.00,0
2026-05-09 15:20:17,1,1,1,2694.0,0,1.5,72,2693,0,0.00,0.00,0,0,0.00,0.00,0
2026-05-09 15:20:17,1,1,1,2754.6,-48,-1.2,-59,2754,0,0.00,0.00,0,0,0.00,0.00,0
2026-05-09 15:20:17,1,1,1,2754.6,-48,-1.2,-59,2754,0,0.00,0.00,0,0,0.00,0.00,0
2026-05-09 15:20:17,1,1,1,2662.7,-56,-2.1,-96,2661,0,0.00,0.00,0,0,0.00,0.00,0
2026-05-09 15:20:17,1,1,1,2662.7,-56,-2.1,-96,2661,0,0.00,0.00,0,0,0.00,0.00,0
2026-05-09 15:20:17,1,1,1,2570.9,0,-2.7,-123,2568,0,0.00,0.00,0,0,0.00,0.00,0
2026-05-09 15:20:17,1,1,1,2457.8,-39,-3.2,-137,2454,0,0.00,0.00,0,0,0.00,0.00,0
2026-05-09 15:20:17,1,1,1,2457.8,-39,-3.2,-137,2454,0,0.00,0.00,0,0,0.00,0.00,0
2026-05-09 15:20:17,1,1,1,2351.8,-8,-3.7,-150,2347,0,0.00,0.00,0,0,0.00,0.00,0
2026-05-09 15:20:17,1,1,1,2351.8,-8,-3.7,-150,2347,0,0.00,0.00,0,0,0.00,0.00,0
2026-05-09 15:20:17,1,1,1,2256.6,-48,-4.4,-172,2250,0,0.00,0.00,0,0,0.00,0.00,0
2026-05-09 15:20:17,1,1,1,2256.6,-48,-4.4,-172,2250,0,0.00,0.00,0,0,0.00,0.00,0
2026-05-09 15:20:17,1,1,1,2173.8,0,-5.1,-195,2165,0,0.00,0.00,0,0,0.00,0.00,0
2026-05-09 15:20:17,1,1,1,2290.6,0,-6.7,-267,2275,0,0.00,0.00,0,0,0.00,0.00,0
2026-05-09 15:20:17,1,1,1,2290.6,0,-6.7,-267,2275,0,0.00,0.00,0,1,2.04,-0.23,12329
2026-05-09 15:20:17,1,1,1,2442.2,0,-7.6,-321,2421,0,0.00,0.00,0,1,2.04,-0.23,12329
2026-05-09 15:20:17,1,1,1,2442.2,0,-7.6,-321,2421,1,2.01,-0.19,4205,1,2.01,-0.19,4205
2026-05-09 15:20:17,1,1,1,2595.7,0,-8.4,-378,2568,1,2.01,-0.19,4205,1,2.01,-0.19,4205
2026-05-09 15:20:18,1,1,1,2595.7,0,-8.4,-378,2568,1,2.41,-0.07,1186,1,2.41,-0.07,1186
2026-05-09 15:20:18,1,1,1,2722.8,0,-9.6,-452,2685,1,2.41,-0.07,1186,1,2.41,-0.07,1186
2026-05-09 15:20:18,1,1,1,2722.8,0,-9.6,-452,2685,1,2.41,-0.07,1186,1,2.41,-0.07,1186
2026-05-09 15:20:18,1,1,1,2825.8,0,-11.3,-554,2771,1,2.41,-0.07,1186,1,2.41,-0.07,1186
2026-05-09 15:20:18,1,1,1,2896.6,0,-14.2,-711,2808,1,2.41,-0.07,1186,1,2.41,-0.07,1186
2026-05-09 15:20:18,1,1,1,2896.6,0,-14.2,-711,2808,0,0.00,0.00,0,1,2.41,-0.07,1186
2026-05-09 15:20:18,1,1,1,2951.5,0,-17.1,-868,2821,0,0.00,0.00,0,1,2.41,-0.07,1186
2026-05-09 15:20:18,1,1,1,2951.5,0,-17.1,-868,2821,0,0.00,0.00,0,1,2.41,-0.07,1186
2026-05-09 15:20:18,1,1,1,2986.1,0,-20.1,-1024,2805,0,0.00,0.00,0,1,2.41,-0.07,1186
2026-05-09 15:20:18,1,1,1,2986.1,0,-20.1,-1024,2805,0,0.00,0.00,0,1,2.41,-0.07,1186
2026-05-09 15:20:18,1,1,1,3006.7,8,-23.0,-1174,2768,0,0.00,0.00,0,1,2.41,-0.07,1186
2026-05-09 15:20:18,1,1,1,2844.3,24,-24.8,-1193,2582,0,0.00,0.00,0,1,2.41,-0.07,1186
2026-05-09 15:20:18,1,1,1,2844.3,24,-24.8,-1193,2582,0,0.00,0.00,0,1,2.00,0.10,12897
2026-05-09 15:20:18,1,1,1,2667.7,16,-26.2,-1177,2394,0,0.00,0.00,0,1,2.00,0.10,12897
2026-05-09 15:20:18,1,1,1,2667.7,16,-26.2,-1177,2394,1,2.01,0.10,12897,1,2.01,0.10,12897
2026-05-09 15:20:18,1,1,1,2511.0,24,-27.6,-1162,2226,1,2.01,0.10,12897,1,2.01,0.10,12897
2026-05-09 15:20:18,1,1,1,2511.0,24,-27.6,-1162,2226,1,2.01,0.10,12897,1,2.01,0.10,12897
2026-05-09 15:20:18,1,1,1,2381.3,-8,-28.7,-1143,2089,1,2.01,0.10,12897,1,2.01,0.10,12897
2026-05-09 15:20:18,1,1,1,2381.3,-8,-28.7,-1143,2089,1,2.01,0.10,12897,1,2.01,0.10,12897
2026-05-09 15:20:18,1,1,1,2288.5,-8,-30.0,-1144,1982,1,2.01,0.10,12897,1,2.01,0.10,12897
2026-05-09 15:20:19,1,1,1,2208.4,-8,-31.4,-1149,1886,1,1.99,0.00,12688,1,1.99,0.00,12688
2026-05-09 15:20:19,1,1,1,2208.4,-8,-31.4,-1149,1886,1,1.99,0.00,12688,1,1.99,0.00,12688
2026-05-09 15:20:19,1,1,1,2148.4,0,-32.6,-1159,1809,1,1.99,0.00,12688,1,1.99,0.00,12688
2026-05-09 15:20:19,1,1,1,2148.4,0,-32.6,-1159,1809,1,1.99,0.00,12688,1,1.99,0.00,12688
2026-05-09 15:20:19,1,1,1,2100.6,-48,-33.7,-1165,1748,1,1.99,0.00,12688,1,1.99,0.00,12688
2026-05-09 15:20:19,1,1,1,2100.6,-48,-33.7,-1165,1748,1,1.99,0.00,12688,1,1.99,0.00,12688
2026-05-09 15:20:19,1,1,1,2063.2,-48,-34.6,-1172,1698,1,1.99,0.00,12688,1,1.99,0.00,12688
2026-05-09 15:20:19,1,1,1,2033.4,-48,-35.5,-1180,1656,1,1.99,0.00,12688,1,1.99,0.00,12688
2026-05-09 15:20:19,1,1,1,2033.4,-48,-35.5,-1180,1656,1,1.99,0.00,12688,1,1.99,0.00,12688
2026-05-09 15:20:19,1,1,1,1998.5,-88,-35.6,-1162,1626,1,1.99,0.00,12688,1,1.99,0.00,12688
2026-05-09 15:20:19,1,1,1,1998.5,-88,-35.6,-1162,1626,1,1.99,0.00,12688,1,1.99,0.00,12688
2026-05-09 15:20:19,1,1,1,1966.5,-88,-35.4,-1139,1603,1,1.99,0.00,12688,1,1.99,0.00,12688
2026-05-09 15:20:19,1,1,1,1966.5,-88,-35.4,-1139,1603,1,1.99,0.00,12688,1,1.99,0.00,12688
2026-05-09 15:20:19,1,1,1,1940.6,-39,-35.4,-1124,1582,1,1.99,0.00,12688,1,1.99,0.00,12688
2026-05-09 15:20:19,1,1,1,1940.6,-39,-35.4,-1124,1582,1,1.99,0.00,12688,1,1.99,0.00,12688
2026-05-09 15:20:19,1,1,1,1865.6,-48,-35.8,-1090,1514,1,0.00,0.00,0,0,0.00,0.00,0
2026-05-09 15:20:19,1,1,1,1792.0,-48,-35.7,-1046,1455,1,1.59,-0.36,32040,1,1.59,-0.36,32040
2026-05-09 15:20:19,1,1,1,1792.0,-48,-35.7,-1046,1455,1,1.59,-0.36,32040,1,1.59,-0.36,32040
2026-05-09 15:20:19,1,1,1,1720.2,-39,-35.6,-1001,1399,1,1.56,-0.30,54557,1,1.56,-0.30,54557
2026-05-09 15:20:19,1,1,1,1720.2,-39,-35.6,-1001,1399,1,1.56,-0.30,54557,1,1.56,-0.30,54557
2026-05-09 15:20:20,1,1,1,1665.2,-8,-35.5,-968,1355,1,1.53,-0.30,54557,1,1.53,-0.30,54557
2026-05-09 15:20:20,1,1,1,1665.2,-8,-35.5,-968,1355,1,1.53,-0.30,54557,1,1.53,-0.30,54557
2026-05-09 15:20:20,1,1,1,1624.5,-32,-34.9,-930,1332,1,1.53,-0.30,54557,1,1.53,-0.30,54557
2026-05-09 15:20:20,1,1,1,1595.0,-24,-33.6,-882,1329,1,1.53,-0.30,54557,1,1.53,-0.30,54557
2026-05-09 15:20:20,1,1,1,1595.0,-24,-33.6,-882,1329,1,1.53,-0.30,54557,1,1.53,-0.30,54557
2026-05-09 15:20:20,1,1,1,1577.0,24,-32.7,-852,1327,1,1.53,-0.30,54557,1,1.53,-0.30,54557
2026-05-09 15:20:20,1,1,1,1577.0,24,-32.7,-852,1327,1,1.53,-0.30,54557,1,1.53,-0.30,54557
2026-05-09 15:20:20,1,1,1,1559.3,-16,-31.0,-804,1336,1,1.53,-0.30,54557,1,1.53,-0.30,54557
2026-05-09 15:20:20,1,1,1,1559.3,-16,-31.0,-804,1336,1,3.18,0.00,7848,1,3.18,0.00,7848
2026-05-09 15:20:20,1,1,1,1545.3,-16,-29.1,-752,1350,1,3.18,0.00,7848,1,3.18,0.00,7848
2026-05-09 15:20:20,1,1,1,1545.3,-16,-29.1,-752,1350,1,3.18,0.00,7848,1,3.18,0.00,7848
2026-05-09 15:20:20,1,1,1,1541.2,8,-27.1,-702,1372,1,3.18,0.00,7848,1,3.18,0.00,7848
2026-05-09 15:20:20,1,1,1,1534.1,16,-24.9,-647,1391,1,3.18,0.00,7848,1,3.18,0.00,7848
2026-05-09 15:20:20,1,1,1,1534.1,16,-24.9,-647,1391,1,3.18,0.00,7848,1,3.18,0.00,7848
2026-05-09 15:20:20,1,1,1,1526.4,16,-22.6,-587,1409,1,3.18,0.00,7848,1,3.18,0.00,7848
2026-05-09 15:20:20,1,1,1,1526.4,16,-22.6,-587,1409,1,3.18,0.00,7848,1,3.18,0.00,7848
2026-05-09 15:20:20,1,1,1,1503.8,24,-19.8,-509,1415,1,3.18,0.00,7848,1,3.18,0.00,7848
2026-05-09 15:20:20,1,1,1,1503.8,24,-19.8,-509,1415,1,3.18,0.00,7848,1,3.18,0.00,7848
2026-05-09 15:20:20,1,1,1,1495.6,16,-17.0,-438,1430,1,3.18,0.00,7848,1,3.18,0.00,7848
2026-05-09 15:20:20,1,1,1,1496.0,16,-14.1,-364,1451,1,3.18,0.00,7848,1,3.18,0.00,7848
2026-05-09 15:20:21,1,1,1,1496.0,16,-14.1,-364,1451,1,3.18,0.00,7848,1,3.18,0.00,7848
2026-05-09 15:20:21,1,1,1,1498.1,8,-11.5,-299,1468,1,3.18,0.00,7848,1,3.18,0.00,7848
2026-05-09 15:20:21,1,1,1,1498.1,8,-11.5,-299,1468,1,3.18,0.00,7848,1,3.18,0.00,7848
2026-05-09 15:20:21,1,1,1,1506.1,-8,-10.1,-263,1483,1,0.00,0.00,0,0,0.00,0.00,0
2026-05-09 15:20:21,1,1,1,1506.1,-8,-10.1,-263,1483,1,0.00,0.00,0,0,0.00,0.00,0
2026-05-09 15:20:21,1,1,1,1515.6,-8,-9.0,-237,1497,1,0.00,0.00,0,0,0.00,0.00,0
2026-05-09 15:20:21,1,1,1,1515.6,-8,-9.0,-237,1497,1,3.18,0.02,10817,1,3.18,0.02,10817
2026-05-09 15:20:21,1,1,1,1522.2,8,-7.2,-192,1510,1,3.18,0.02,10817,1,3.18,0.02,10817
2026-05-09 15:20:21,1,1,1,1522.9,8,-3.5,-94,1520,1,3.19,0.02,10817,1,3.19,0.02,10817
2026-05-09 15:20:21,1,1,1,1522.9,8,-3.5,-94,1520,1,3.19,0.02,10817,1,3.19,0.02,10817
2026-05-09 15:20:21,1,1,1,1525.0,-8,-0.2,-4,1525,1,3.22,0.04,2762,1,3.22,0.04,2762
2026-05-09 15:20:21,1,1,1,1525.0,-8,-0.2,-4,1525,1,3.22,0.04,2762,1,3.22,0.04,2762
2026-05-09 15:20:21,1,1,1,1529.0,-8,2.9,78,1527,1,2.73,-0.03,31282,1,2.73,-0.03,31282
2026-05-09 15:20:21,1,1,1,1529.0,-8,2.9,78,1527,1,2.73,-0.03,31282,1,2.73,-0.03,31282
2026-05-09 15:20:21,1,1,1,1529.4,0,6.3,169,1520,1,2.72,-0.03,31282,1,2.72,-0.03,31282
2026-05-09 15:20:21,1,1,1,1529.4,0,6.3,169,1520,1,2.72,-0.03,31282,1,2.72,-0.03,31282
2026-05-09 15:20:21,1,1,1,1525.3,0,9.1,242,1506,1,2.72,-0.03,31282,1,2.72,-0.03,31282
2026-05-09 15:20:21,1,1,1,1525.3,16,11.8,312,1493,1,2.72,-0.03,31282,1,2.72,-0.03,31282
2026-05-09 15:20:21,1,1,1,1525.3,16,11.8,312,1493,1,2.72,-0.03,31282,1,2.72,-0.03,31282
2026-05-09 15:20:21,1,1,1,1523.7,32,14.5,382,1475,1,2.72,-0.03,31282,1,2.72,-0.03,31282
2026-05-09 15:20:22,1,1,1,1523.7,32,14.5,382,1475,1,2.72,-0.03,31282,1,2.72,-0.03,31282
2026-05-09 15:20:22,1,1,1,1530.6,39,17.8,469,1457,1,2.72,-0.03,31282,1,2.72,-0.03,31282
2026-05-09 15:20:22,1,1,1,1530.6,39,17.8,469,1457,1,1.75,0.52,24500,1,1.75,0.52,24500
2026-05-09 15:20:22,1,1,1,1554.9,56,21.5,569,1447,1,1.75,0.52,24500,1,1.75,0.52,24500
2026-05-09 15:20:22,1,1,1,1590.1,64,24.0,646,1453,1,1.80,0.52,24500,1,1.80,0.52,24500
2026-05-09 15:20:22,1,1,1,1590.1,64,24.0,646,1453,1,1.80,0.52,24500,1,1.80,0.52,24500
2026-05-09 15:20:22,1,1,1,1632.1,48,25.7,707,1471,1,1.80,0.52,24500,1,1.80,0.52,24500
2026-05-09 15:20:22,1,1,1,1632.1,48,25.7,707,1471,1,1.80,0.52,24500,1,1.80,0.52,24500
2026-05-09 15:20:22,1,1,1,1671.3,32,27.0,759,1489,1,1.80,0.52,24500,1,1.80,0.52,24500
2026-05-09 15:20:22,1,1,1,1671.3,32,27.0,759,1489,1,1.80,0.52,24500,1,1.80,0.52,24500
2026-05-09 15:20:22,1,1,1,1718.3,72,28.0,807,1517,1,1.80,0.52,24500,1,1.80,0.52,24500
2026-05-09 15:20:22,1,1,1,1718.3,72,28.0,807,1517,1,1.80,0.52,24500,1,1.80,0.52,24500
2026-05-09 15:20:22,1,1,1,1777.2,88,29.1,864,1553,1,1.80,0.52,24500,1,1.80,0.52,24500
2026-05-09 15:20:22,1,1,1,1821.1,32,29.9,909,1578,1,1.80,0.52,24500,1,1.80,0.52,24500
2026-05-09 15:20:22,1,1,1,1821.1,32,29.9,909,1578,1,1.80,0.52,24500,1,1.80,0.52,24500
2026-05-09 15:20:22,1,1,1,1858.1,48,30.5,943,1601,1,1.80,0.52,24500,1,1.80,0.52,24500
2026-05-09 15:20:22,1,1,1,1858.1,48,30.5,943,1601,1,3.44,0.03,833,1,3.44,0.03,833
2026-05-09 15:20:22,1,1,1,1913.9,72,30.8,980,1644,1,3.44,0.03,833,1,3.44,0.03,833
2026-05-09 15:20:22,1,1,1,1913.9,72,30.8,980,1644,1,3.44,0.03,833,1,3.44,0.03,833
2026-05-09 15:20:22,1,1,1,1954.1,24,31.4,1018,1668,1,3.44,0.03,833,1,3.44,0.03,833
2026-05-09 15:20:23,1,1,1,1975.9,8,31.8,1040,1680,1,3.44,0.03,833,1,3.44,0.03,833
2026-05-09 15:20:23,1,1,1,1975.9,8,31.8,1040,1680,0,0.00,0.00,0,1,3.44,0.03,833
2026-05-09 15:20:23,1,1,1,1989.0,8,31.9,1052,1688,0,0.00,0.00,0,1,3.44,0.03,833
2026-05-09 15:20:23,1,1,1,1989.0,8,31.9,1052,1688,0,0.00,0.00,0,1,3.44,0.03,833
2026-05-09 15:20:23,1,1,1,2002.1,8,32.1,1064,1696,0,0.00,0.00,0,1,3.44,0.03,833
2026-05-09 15:20:23,1,1,1,2002.1,8,32.1,1064,1696,0,0.00,0.00,0,1,3.44,0.03,833
2026-05-09 15:20:23,1,1,1,2012.4,16,31.8,1061,1710,0,0.00,0.00,0,1,3.44,0.03,833
2026-05-09 15:20:23,1,1,1,2012.4,16,31.8,1061,1710,0,0.00,0.00,0,1,3.44,0.03,833
2026-05-09 15:20:23,1,1,1,2018.0,-8,31.6,1057,1719,0,0.00,0.00,0,1,3.44,0.03,833
2026-05-09 15:20:23,1,1,1,2025.6,8,31.1,1047,1734,0,0.00,0.00,0,1,3.44,0.03,833
2026-05-09 15:20:23,1,1,1,2025.6,8,31.1,1047,1734,0,0.00,0.00,0,1,3.44,0.03,833
2026-05-09 15:20:23,1,1,1,2032.8,16,30.2,1024,1756,0,0.00,0.00,0,0,0.00,0.00,0
2026-05-09 15:20:23,1,1,1,2032.8,16,30.2,1024,1756,0,0.00,0.00,0,0,0.00,0.00,0
2026-05-09 15:20:23,1,1,1,2033.3,8,29.4,999,1771,0,0.00,0.00,0,0,0.00,0.00,0
2026-05-09 15:20:23,1,1,1,2033.3,8,29.4,999,1771,0,0.00,0.00,0,0,0.00,0.00,0
2026-05-09 15:20:23,1,1,1,2027.5,16,28.5,967,1782,0,0.00,0.00,0,0,0.00,0.00,0
2026-05-09 15:20:23,1,1,1,2028.7,16,27.2,928,1804,0,0.00,0.00,0,0,0.00,0.00,0
2026-05-09 15:20:23,1,1,1,2028.7,16,27.2,928,1804,0,0.00,0.00,0,0,0.00,0.00,0
2026-05-09 15:20:23,1,1,1,2039.9,39,24.4,842,1858,0,0.00,0.00,0,0,0.00,0.00,0
2026-05-09 15:20:23,1,1,1,2039.9,39,24.4,842,1858,0,0.00,0.00,0,0,0.00,0.00,0
2026-05-09 15:20:24,1,1,1,2059.0,32,21.6,759,1914,0,0.00,0.00,0,1,2.27,0.47,27490
2026-05-09 15:20:24,1,1,1,2059.0,32,21.6,759,1914,0,0.00,0.00,0,1,2.27,0.47,27490
2026-05-09 15:20:24,1,1,1,2078.9,24,18.9,673,1967,1,2.30,0.36,12202,1,2.30,0.36,12202
2026-05-09 15:20:24,1,1,1,2078.9,24,18.9,673,1967,1,2.30,0.36,12202,1,2.30,0.36,12202
2026-05-09 15:20:24,1,1,1,2099.6,32,16.6,600,2012,1,2.34,0.36,12202,1,2.34,0.36,12202
2026-05-09 15:20:24,1,1,1,2129.2,16,14.3,527,2063,1,2.34,0.36,12202,1,2.34,0.36,12202
2026-05-09 15:20:24,1,1,1,2129.2,16,14.3,527,2063,1,2.34,0.36,12202,1,2.34,0.36,12202
2026-05-09 15:20:24,1,1,1,2147.6,16,12.8,477,2094,1,2.34,0.36,12202,1,2.34,0.36,12202
2026-05-09 15:20:24,1,1,1,2147.6,16,12.8,477,2094,1,2.34,0.36,12202,1,2.34,0.36,12202
2026-05-09 15:20:24,1,1,1,2165.1,16,11.6,435,2121,1,2.34,0.36,12202,1,2.34,0.36,12202
2026-05-09 15:20:24,1,1,1,2165.1,16,11.6,435,2121,1,2.34,0.36,12202,1,2.34,0.36,12202
2026-05-09 15:20:24,1,1,1,2179.8,16,10.5,399,2143,1,2.34,0.36,12202,1,2.34,0.36,12202
2026-05-09 15:20:24,1,1,1,2174.6,-8,9.0,339,2148,1,2.34,0.36,12202,1,2.34,0.36,12202
2026-05-09 15:20:24,1,1,1,2174.6,-8,9.0,339,2148,1,2.34,0.36,12202,1,2.34,0.36,12202
2026-05-09 15:20:24,1,1,1,2186.4,0,7.0,267,2170,1,2.34,0.36,12202,1,2.34,0.36,12202
2026-05-09 15:20:24,1,1,1,2186.4,0,7.0,267,2170,1,2.34,0.36,12202,1,2.34,0.36,12202
2026-05-09 15:20:24,1,1,1,2186.5,24,4.7,181,2179,1,2.34,0.36,12202,1,2.34,0.36,12202
2026-05-09 15:20:24,1,1,1,2186.5,24,4.7,181,2179,1,0.00,0.00,0,0,0.00,0.00,0
2026-05-09 15:20:24,1,1,1,2196.6,8,2.2,85,2195,1,2.32,0.24,11250,1,2.32,0.24,11250
2026-05-09 15:20:24,1,1,1,2196.6,8,2.2,85,2195,1,2.32,0.24,11250,1,2.32,0.24,11250
2026-05-09 15:20:25,1,1,1,2204.0,16,-0.1,-3,2204,1,2.35,0.24,11250,1,2.35,0.24,11250
2026-05-09 15:20:25,1,1,1,2230.9,0,-2.4,-93,2229,1,2.35,0.24,11250,1,2.35,0.24,11250
2026-05-09 15:20:25,1,1,1,2230.9,0,-2.4,-93,2229,1,2.35,0.24,11250,1,2.35,0.24,11250
2026-05-09 15:20:25,1,1,1,2325.0,0,-3.8,-153,2320,1,2.35,0.24,11250,1,2.35,0.24,11250
2026-05-09 15:20:25,1,1,1,2325.0,0,-3.8,-153,2320,1,2.35,0.24,11250,1,2.35,0.24,11250
2026-05-09 15:20:25,1,1,1,2474.9,0,-3.6,-155,2470,1,2.35,0.24,11250,1,2.35,0.24,11250
2026-05-09 15:20:25,1,1,1,2474.9,0,-3.6,-155,2470,1,2.35,0.24,11250,1,2.35,0.24,11250
2026-05-09 15:20:25,1,1,1,2615.8,0,-3.5,-159,2611,1,2.35,0.24,11250,1,2.35,0.24,11250
2026-05-09 15:20:25,1,1,1,2615.8,0,-3.5,-159,2611,1,2.35,0.24,11250,1,2.35,0.24,11250
2026-05-09 15:20:25,1,1,1,2704.2,16,-3.9,-183,2698,1,2.35,0.24,11250,1,2.35,0.24,11250
2026-05-09 15:20:25,1,1,1,2663.7,24,-6.2,-289,2648,1,2.35,0.24,11250,1,2.35,0.24,11250
2026-05-09 15:20:25,1,1,1,2663.7,24,-6.2,-289,2648,1,2.35,0.24,11250,1,2.35,0.24,11250
2026-05-09 15:20:25,1,1,1,2626.8,0,-9.2,-420,2593,1,2.35,0.24,11250,1,2.35,0.24,11250
2026-05-09 15:20:25,1,1,1,2626.8,0,-9.2,-420,2593,1,0.00,0.00,0,0,0.00,0.00,0
2026-05-09 15:20:25,1,1,1,2569.2,0,-11.8,-525,2515,1,0.00,0.00,0,0,0.00,0.00,0
2026-05-09 15:20:25,1,1,1,2569.2,0,-11.8,-525,2515,1,0.00,0.00,0,0,0.00,0.00,0
2026-05-09 15:20:25,1,1,1,2514.6,-8,-14.2,-616,2438,1,2.49,-0.23,12041,1,2.49,-0.23,12041
2026-05-09 15:20:25,1,1,1,2470.7,-16,-16.0,-681,2375,1,2.49,-0.23,12041,1,2.49,-0.23,12041
2026-05-09 15:20:25,1,1,1,2470.7,-16,-16.0,-681,2375,1,2.48,-0.23,3029,1,2.48,-0.23,3029
2026-05-09 15:20:25,1,1,1,2436.0,-24,-17.4,-730,2324,1,2.48,-0.23,3029,1,2.48,-0.23,3029
2026-05-09 15:20:26,1,1,1,2436.0,-24,-17.4,-730,2324,1,2.47,-0.23,7193,1,2.47,-0.23,7193
2026-05-09 15:20:26,1,1,1,2410.0,-24,-18.3,-757,2288,1,2.47,-0.23,7193,1,2.47,-0.23,7193
2026-05-09 15:20:26,1,1,1,2410.0,-24,-18.3,-757,2288,1,2.46,-0.23,26728,1,2.46,-0.23,26728
2026-05-09 15:20:26,1,1,1,2387.2,-16,-18.4,-754,2265,1,2.46,-0.23,26728,1,2.46,-0.23,26728
2026-05-09 15:20:26,1,1,1,2387.2,-16,-18.4,-754,2265,1,2.45,-0.23,8608,1,2.45,-0.23,8608
2026-05-09 15:20:26,1,1,1,2386.9,0,-18.1,-741,2269,1,2.45,-0.23,8608,1,2.45,-0.23,8608
2026-05-09 15:20:26,1,1,1,2447.2,0,-17.7,-742,2332,1,2.43,-0.23,8608,1,2.43,-0.23,8608
2026-05-09 15:20:26,1,1,1,2447.2,0,-17.7,-742,2332,1,2.43,-0.23,8608,1,2.43,-0.23,8608
2026-05-09 15:20:26,1,1,1,2518.0,0,-17.2,-746,2405,1,2.43,-0.23,8608,1,2.43,-0.23,8608
2026-05-09 15:20:26,1,1,1,2518.0,0,-17.2,-746,2405,1,2.43,-0.23,8608,1,2.43,-0.23,8608
2026-05-09 15:20:26,1,1,1,2592.8,0,-16.6,-740,2485,1,2.43,-0.23,8608,1,2.43,-0.23,8608
2026-05-09 15:20:26,1,1,1,2592.8,0,-16.6,-740,2485,1,2.43,-0.23,8608,1,2.43,-0.23,8608
2026-05-09 15:20:26,1,1,1,2719.0,0,-15.3,-716,2623,1,2.43,-0.23,8608,1,2.43,-0.23,8608
2026-05-09 15:20:26,1,1,1,2821.7,-16,-14.1,-686,2737,1,2.43,-0.23,8608,1,2.43,-0.23,8608
2026-05-09 15:20:26,1,1,1,2821.7,-16,-14.1,-686,2737,1,2.43,-0.23,8608,1,2.43,-0.23,8608
2026-05-09 15:20:26,1,1,1,2902.1,0,-12.3,-616,2836,1,2.43,-0.23,8608,1,2.43,-0.23,8608
2026-05-09 15:20:26,1,1,1,2902.1,0,-12.3,-616,2836,1,2.43,-0.23,8608,1,2.43,-0.23,8608
2026-05-09 15:20:26,1,1,1,2970.6,8,-11.1,-572,2915,1,2.43,-0.23,8608,1,2.43,-0.23,8608
2026-05-09 15:20:26,1,1,1,2970.6,8,-11.1,-572,2915,1,2.43,-0.23,8608,1,2.43,-0.23,8608
2026-05-09 15:20:26,1,1,1,2984.6,0,-10.6,-547,2934,1,0.00,0.00,0,0,0.00,0.00,0
2026-05-09 15:20:27,1,1,1,2984.6,0,-10.6,-547,2934,1,0.00,0.00,0,0,0.00,0.00,0
2026-05-09 15:20:27,1,1,1,2949.5,0,-10.1,-516,2904,1,0.00,0.00,0,0,0.00,0.00,0
2026-05-09 15:20:27,1,1,1,2833.0,8,-9.0,-444,2798,1,0.00,0.00,0,0,0.00,0.00,0
2026-05-09 15:20:27,1,1,1,2833.0,8,-9.0,-444,2798,1,0.00,0.00,0,0,0.00,0.00,0
2026-05-09 15:20:27,1,1,1,2711.8,8,-8.1,-380,2685,0,0.00,0.00,0,0,0.00,0.00,0
2026-05-09 15:20:27,1,1,1,2711.8,8,-8.1,-380,2685,0,0.00,0.00,0,0,0.00,0.00,0
2026-05-09 15:20:27,1,1,1,2597.9,0,-7.1,-321,2578,0,0.00,0.00,0,0,0.00,0.00,0
2026-05-09 15:20:27,1,1,1,2597.9,0,-7.1,-321,2578,0,0.00,0.00,0,0,0.00,0.00,0
2026-05-09 15:20:27,1,1,1,2538.8,0,-6.4,-283,2523,0,0.00,0.00,0,1,2.49,0.03,8642
2026-05-09 15:20:27,1,1,1,2559.9,0,-6.0,-266,2546,0,0.00,0.00,0,1,2.49,0.03,8642
2026-05-09 15:20:27,1,1,1,2559.9,0,-6.0,-266,2546,1,2.49,0.03,8642,1,2.49,0.03,8642
2026-05-09 15:20:27,1,1,1,2575.7,-8,-5.9,-265,2562,1,2.49,0.03,8642,1,2.49,0.03,8642
2026-05-09 15:20:27,1,1,1,2575.7,-8,-5.9,-265,2562,1,2.42,0.00,3725,1,2.42,0.00,3725
2026-05-09 15:20:27,1,1,1,2581.1,-8,-5.8,-260,2568,1,2.42,0.00,3725,1,2.42,0.00,3725
2026-05-09 15:20:27,1,1,1,2581.1,-8,-5.8,-260,2568,1,2.42,0.00,3725,1,2.42,0.00,3725
2026-05-09 15:20:27,1,1,1,2559.4,-8,-4.9,-219,2550,1,2.42,0.00,3725,1,2.42,0.00,3725
2026-05-09 15:20:27,1,1,1,2559.4,-8,-4.9,-219,2550,1,2.45,0.03,11752,1,2.45,0.03,11752
2026-05-09 15:20:27,1,1,1,2501.8,8,-3.1,-137,2498,1,2.45,0.03,11752,1,2.45,0.03,11752
2026-05-09 15:20:27,1,1,1,2465.6,16,-1.3,-55,2465,1,2.45,0.03,11752,1,2.45,0.03,11752
2026-05-09 15:20:27,1,1,1,2465.6,16,-1.3,-55,2465,1,2.45,0.03,11752,1,2.45,0.03,11752
2026-05-09 15:20:28,1,1,1,2421.3,16,0.9,36,2421,1,2.45,0.03,11752,1,2.45,0.03,11752
2026-05-09 15:20:28,1,1,1,2421.3,16,0.9,36,2421,1,2.45,0.03,11752,1,2.45,0.03,11752
2026-05-09 15:20:28,1,1,1,2392.2,16,3.0,124,2389,1,2.45,0.03,11752,1,2.45,0.03,11752
2026-05-09 15:20:28,1,1,1,2392.2,16,3.0,124,2389,1,2.45,0.03,11752,1,2.45,0.03,11752
2026-05-09 15:20:28,1,1,1,2356.3,0,5.4,220,2346,1,2.45,0.03,11752,1,2.45,0.03,11752
2026-05-09 15:20:28,1,1,1,2327.7,-8,7.7,310,2307,1,2.45,0.03,11752,1,2.45,0.03,11752
2026-05-09 15:20:28,1,1,1,2327.7,-8,7.7,310,2307,1,2.31,-0.22,10930,1,2.31,-0.22,10930
2026-05-09 15:20:28,1,1,1,2302.6,-24,9.5,380,2271,1,2.31,-0.22,10930,1,2.31,-0.22,10930
2026-05-09 15:20:28,1,1,1,2302.6,-24,9.5,380,2271,1,2.28,-0.23,24853,1,2.28,-0.23,24853
2026-05-09 15:20:28,1,1,1,2283.8,-24,11.1,440,2241,1,2.28,-0.23,24853,1,2.28,-0.23,24853
2026-05-09 15:20:28,1,1,1,2283.8,-24,11.1,440,2241,1,2.26,-0.23,24853,1,2.26,-0.23,24853
2026-05-09 15:20:28,1,1,1,2285.4,-8,12.6,500,2230,1,2.26,-0.23,24853,1,2.26,-0.23,24853
2026-05-09 15:20:28,1,1,1,2285.4,-8,12.6,500,2230,1,2.22,-0.38,8506,1,2.22,-0.38,8506
2026-05-09 15:20:28,1,1,1,2277.4,-24,14.0,550,2210,1,2.22,-0.38,8506,1,2.22,-0.38,8506
2026-05-09 15:20:28,1,1,1,2265.1,-24,15.0,586,2188,1,2.18,-0.38,8506,1,2.18,-0.38,8506
2026-05-09 15:20:28,1,1,1,2265.1,-24,15.0,586,2188,1,2.18,-0.38,8506,1,2.18,-0.38,8506
2026-05-09 15:20:28,1,1,1,2250.8,-8,16.0,619,2164,1,2.18,-0.33,6197,1,2.18,-0.33,6197
2026-05-09 15:20:28,1,1,1,2250.8,-8,16.0,619,2164,1,2.18,-0.33,6197,1,2.18,-0.33,6197
2026-05-09 15:20:28,1,1,1,2227.3,-48,17.0,651,2130,1,2.15,-0.41,17800,1,2.15,-0.41,17800
2026-05-09 15:20:28,1,1,1,2227.3,-48,17.0,651,2130,1,2.15,-0.41,17800,1,2.15,-0.41,17800
2026-05-09 15:20:29,1,1,1,2190.2,-79,18.5,695,2077,1,2.08,-0.47,26801,1,2.08,-0.47,26801
2026-05-09 15:20:29,1,1,1,2149.9,-64,19.6,722,2025,1,2.08,-0.47,26801,1,2.08,-0.47,26801
2026-05-09 15:20:29,1,1,1,2149.9,-64,19.6,722,2025,1,2.03,-0.47,26801,1,2.03,-0.47,26801
2026-05-09 15:20:29,1,1,1,2105.2,-32,20.3,729,1975,1,2.03,-0.47,26801,1,2.03,-0.47,26801
2026-05-09 15:20:29,1,1,1,2105.2,-32,20.3,729,1975,1,2.03,-0.47,26801,1,2.03,-0.47,26801
2026-05-09 15:20:29,1,1,1,2068.8,-24,20.7,732,1935,1,2.03,-0.47,26801,1,2.03,-0.47,26801
2026-05-09 15:20:29,1,1,1,2068.8,-24,20.7,732,1935,1,2.03,-0.47,26801,1,2.03,-0.47,26801
2026-05-09 15:20:29,1,1,1,2037.5,-16,20.9,728,1903,1,2.03,-0.47,26801,1,2.03,-0.47,26801
2026-05-09 15:20:29,1,1,1,2037.5,-16,20.9,728,1903,1,2.03,-0.47,26801,1,2.03,-0.47,26801
2026-05-09 15:20:29,1,1,1,2008.7,-8,20.7,710,1879,1,2.03,-0.47,26801,1,2.03,-0.47,26801
2026-05-09 15:20:29,1,1,1,1989.9,0,20.4,694,1865,1,2.03,-0.47,26801,1,2.03,-0.47,26801
2026-05-09 15:20:29,1,1,1,1989.9,0,20.4,694,1865,1,2.03,-0.47,26801,1,2.03,-0.47,26801
2026-05-09 15:20:29,1,1,1,1981.9,16,20.0,679,1862,1,2.03,-0.47,26801,1,2.03,-0.47,26801
2026-05-09 15:20:29,1,1,1,1981.9,16,20.0,679,1862,1,2.03,-0.47,26801,1,2.03,-0.47,26801
2026-05-09 15:20:29,1,1,1,1980.2,39,19.5,660,1867,1,2.03,-0.47,26801,1,2.03,-0.47,26801
2026-05-09 15:20:29,1,1,1,1980.2,39,19.5,660,1867,1,0.00,0.00,0,0,0.00,0.00,0
2026-05-09 15:20:29,1,1,1,1978.0,16,18.8,636,1873,1,0.00,0.00,0,0,0.00,0.00,0
2026-05-09 15:20:29,1,1,1,1978.0,16,18.8,636,1873,1,0.00,0.00,0,0,0.00,0.00,0
2026-05-09 15:20:29,1,1,1,1974.3,8,18.0,609,1878,1,0.00,0.00,0,0,0.00,0.00,0
2026-05-09 15:20:29,1,1,1,1982.8,0,16.1,550,1905,1,0.00,0.00,0,0,0.00,0.00,0
2026-05-09 15:20:30,1,1,1,1982.8,0,16.1,550,1905,0,0.00,0.00,0,0,0.00,0.00,0
2026-05-09 15:20:30,1,1,1,1985.6,16,14.2,487,1925,0,0.00,0.00,0,0,0.00,0.00,0
2026-05-09 15:20:30,1,1,1,1985.6,16,14.2,487,1925,0,0.00,0.00,0,0,0.00,0.00,0
2026-05-09 15:20:30,1,1,1,1972.9,8,12.1,414,1929,0,0.00,0.00,0,0,0.00,0.00,0
2026-05-09 15:20:30,1,1,1,1972.9,8,12.1,414,1929,0,0.00,0.00,0,1,3.20,0.01,8989
2026-05-09 15:20:30,1,1,1,1940.5,0,10.0,337,1911,0,0.00,0.00,0,1,3.20,0.01,8989
2026-05-09 15:20:30,1,1,1,1910.8,0,7.6,253,1894,1,2.63,0.00,17812,1,2.63,0.00,17812
2026-05-09 15:20:30,1,1,1,1910.8,0,7.6,253,1894,1,2.63,0.00,17812,1,2.63,0.00,17812
2026-05-09 15:20:30,1,1,1,1912.8,8,5.2,173,1905,1,2.63,0.00,17812,1,2.63,0.00,17812
2026-05-09 15:20:30,1,1,1,1912.8,8,5.2,173,1905,1,2.63,0.00,17812,1,2.63,0.00,17812
2026-05-09 15:20:30,1,1,1,1935.3,8,2.8,95,1933,1,2.63,0.00,17812,1,2.63,0.00,17812
2026-05-09 15:20:30,1,1,1,1935.3,8,2.8,95,1933,1,2.63,0.00,17812,1,2.63,0.00,17812
2026-05-09 15:20:30,1,1,1,1950.1,16,0.5,16,1950,1,2.63,0.00,17812,1,2.63,0.00,17812
2026-05-09 15:20:30,1,1,1,1950.1,16,0.5,16,1950,1,2.63,0.00,17812,1,2.63,0.00,17812
2026-05-09 15:20:30,1,1,1,1967.6,8,-1.4,-49,1967,1,2.25,0.01,12842,1,2.25,0.01,12842
2026-05-09 15:20:30,1,1,1,1982.7,16,-3.0,-104,1980,1,2.25,0.01,12842,1,2.25,0.01,12842
2026-05-09 15:20:30,1,1,1,1982.7,16,-3.0,-104,1980,1,2.25,0.13,23593,1,2.25,0.13,23593
2026-05-09 15:20:30,1,1,1,1998.0,16,-4.4,-155,1992,1,2.25,0.13,23593,1,2.25,0.13,23593
2026-05-09 15:20:30,1,1,1,1998.0,16,-4.4,-155,1992,1,2.26,0.17,24925,1,2.26,0.17,24925
2026-05-09 15:20:30,1,1,1,2013.9,32,-5.7,-199,2004,1,2.26,0.17,24925,1,2.26,0.17,24925
2026-05-09 15:20:31,1,1,1,2013.9,32,-5.7,-199,2004,1,2.27,0.18,28913,1,2.27,0.18,28913
2026-05-09 15:20:31,1,1,1,2023.3,24,-6.6,-232,2010,1,2.27,0.18,28913,1,2.27,0.18,28913
2026-05-09 15:20:31,1,1,1,2035.7,24,-7.8,-275,2017,1,2.29,0.18,28913,1,2.29,0.18,28913
2026-05-09 15:20:31,1,1,1,2035.7,24,-7.8,-275,2017,1,2.29,0.18,28913,1,2.29,0.18,28913
2026-05-09 15:20:31,1,1,1,2053.4,32,-9.0,-322,2028,1,2.29,0.18,28913,1,2.29,0.18,28913
2026-05-09 15:20:31,1,1,1,2053.4,32,-9.0,-322,2028,1,2.29,0.18,28913,1,2.29,0.18,28913
2026-05-09 15:20:31,1,1,1,2083.9,0,-10.2,-369,2051,1,2.29,0.18,28913,1,2.29,0.18,28913
2026-05-09 15:20:31,1,1,1,2083.9,0,-10.2,-369,2051,1,2.29,0.18,28913,1,2.29,0.18,28913
2026-05-09 15:20:31,1,1,1,2101.3,24,-11.8,-429,2057,1,2.32,0.24,12584,1,2.32,0.24,12584
2026-05-09 15:20:31,1,1,1,2101.3,24,-11.8,-429,2057,1,2.32,0.24,12584,1,2.32,0.24,12584
2026-05-09 15:20:31,1,1,1,2114.7,24,-13.6,-499,2055,1,2.35,0.24,12584,1,2.35,0.24,12584
2026-05-09 15:20:31,1,1,1,2142.0,0,-15.4,-569,2065,1,2.35,0.24,12584,1,2.35,0.24,12584
2026-05-09 15:20:31,1,1,1,2142.0,0,-15.4,-569,2065,1,2.35,0.24,12584,1,2.35,0.24,12584
2026-05-09 15:20:31,1,1,1,2161.5,8,-17.0,-632,2067,1,2.35,0.24,12584,1,2.35,0.24,12584
2026-05-09 15:20:31,1,1,1,2161.5,8,-17.0,-632,2067,1,2.35,0.24,12584,1,2.35,0.24,12584
2026-05-09 15:20:31,1,1,1,2183.9,16,-18.8,-702,2068,1,2.35,0.24,12584,1,2.35,0.24,12584
2026-05-09 15:20:31,1,1,1,2183.9,16,-18.8,-702,2068,1,2.35,0.24,12584,1,2.35,0.24,12584
2026-05-09 15:20:31,1,1,1,2198.8,-24,-19.9,-747,2068,1,2.35,0.24,12584,1,2.35,0.24,12584
2026-05-09 15:20:31,1,1,1,2204.0,0,-20.8,-781,2061,1,2.35,0.24,12584,1,2.35,0.24,12584
2026-05-09 15:20:31,1,1,1,2204.0,0,-20.8,-781,2061,1,2.35,0.24,12584,1,2.35,0.24,12584
2026-05-09 15:20:32,1,1,1,2210.6,24,-21.3,-802,2060,1,2.35,0.24,12584,1,2.35,0.24,12584
2026-05-09 15:20:32,1,1,1,2210.6,24,-21.3,-802,2060,1,2.35,0.24,12584,1,2.35,0.24,12584
2026-05-09 15:20:32,1,1,1,2219.4,39,-21.6,-816,2064,1,2.35,0.24,12584,1,2.35,0.24,12584
2026-05-09 15:20:32,1,1,1,2219.4,39,-21.6,-816,2064,1,0.00,0.00,0,0,0.00,0.00,0
2026-05-09 15:20:32,1,1,1,2225.2,32,-21.6,-819,2069,1,0.00,0.00,0,0,0.00,0.00,0
2026-05-09 15:20:32,1,1,1,2225.2,32,-21.6,-819,2069,1,0.00,0.00,0,0,0.00,0.00,0
2026-05-09 15:20:32,1,1,1,2237.6,24,-21.6,-825,2080,1,0.00,0.00,0,0,0.00,0.00,0
2026-05-09 15:20:32,1,1,1,2259.6,8,-21.5,-829,2102,1,0.00,0.00,0,0,0.00,0.00,0
2026-05-09 15:20:32,1,1,1,2259.6,8,-21.5,-829,2102,0,0.00,0.00,0,1,2.50,0.06,1682
2026-05-09 15:20:32,1,1,1,2293.0,0,-21.6,-844,2132,0,0.00,0.00,0,1,2.50,0.06,1682
2026-05-09 15:20:32,1,1,1,2293.0,0,-21.6,-844,2132,0,0.00,0.00,0,1,2.50,0.06,1682
2026-05-09 15:20:32,1,1,1,2348.9,-8,-21.4,-857,2187,0,0.00,0.00,0,1,2.50,0.06,1682
2026-05-09 15:20:32,1,1,1,2348.9,-8,-21.4,-857,2187,0,0.00,0.00,0,1,2.50,0.06,1682
2026-05-09 15:20:32,1,1,1,2354.3,-8,-21.1,-846,2197,0,0.00,0.00,0,1,2.50,0.06,1682
2026-05-09 15:20:32,1,1,1,2340.2,-39,-21.0,-838,2185,0,0.00,0.00,0,1,2.50,0.06,1682
2026-05-09 15:20:32,1,1,1,2340.2,-39,-21.0,-838,2185,0,0.00,0.00,0,1,2.50,0.06,1682
2026-05-09 15:20:32,1,1,1,2333.4,-48,-20.9,-832,2180,0,0.00,0.00,0,1,2.50,0.06,1682
2026-05-09 15:20:32,1,1,1,2333.4,-48,-20.9,-832,2180,0,0.00,0.00,0,1,2.50,0.06,1682
2026-05-09 15:20:32,1,1,1,2324.6,-39,-20.7,-823,2174,0,0.00,0.00,0,1,2.50,0.06,1682
2026-05-09 15:20:32,1,1,1,2324.6,-39,-20.7,-823,2174,0,0.00,0.00,0,1,2.50,0.06,1682
2026-05-09 15:20:33,1,1,1,2315.1,0,-20.5,-812,2168,0,0.00,0.00,0,1,2.50,0.06,1682
2026-05-09 15:20:33,1,1,1,2315.1,0,-20.5,-812,2168,0,0.00,0.00,0,1,2.50,0.06,1682
2026-05-09 15:20:33,1,1,1,2333.7,0,-20.0,-798,2193,0,0.00,0.00,0,1,2.50,0.06,1682
2026-05-09 15:20:33,1,1,1,2388.5,-56,-18.4,-752,2267,0,0.00,0.00,0,0,0.00,0.00,0
2026-05-09 15:20:33,1,1,1,2388.5,-56,-18.4,-752,2267,0,0.00,0.00,0,1,2.28,-0.46,60850
2026-05-09 15:20:33,1,1,1,2358.4,-64,-16.9,-684,2257,0,0.00,0.00,0,1,2.28,-0.46,60850
2026-05-09 15:20:33,1,1,1,2358.4,-64,-16.9,-684,2257,1,2.13,-0.59,5320,1,2.13,-0.59,5320
2026-05-09 15:20:33,1,1,1,2321.0,-72,-16.0,-640,2231,1,2.13,-0.59,5320,1,2.13,-0.59,5320
2026-05-09 15:20:33,1,1,1,2321.0,-72,-16.0,-640,2231,1,2.05,-0.63,48114,1,2.05,-0.63,48114
2026-05-09 15:20:33,1,1,1,2238.1,0,-14.3,-552,2169,1,2.05,-0.63,48114,1,2.05,-0.63,48114
2026-05-09 15:20:33,1,1,1,2150.3,-72,-12.3,-458,2101,1,1.98,-0.63,48114,1,1.98,-0.63,48114
2026-05-09 15:20:33,1,1,1,2150.3,-72,-12.3,-458,2101,1,1.98,-0.63,48114,1,1.98,-0.63,48114
2026-05-09 15:20:33,1,1,1,2066.5,-64,-10.2,-365,2034,1,1.90,-0.65,46189,1,1.90,-0.65,46189
2026-05-09 15:20:33,1,1,1,2066.5,-64,-10.2,-365,2034,1,1.90,-0.65,46189,1,1.90,-0.65,46189
2026-05-09 15:20:33,1,1,1,1991.1,-64,-7.9,-275,1972,1,1.83,-0.61,6513,1,1.83,-0.61,6513
2026-05-09 15:20:33,1,1,1,1991.1,-64,-7.9,-275,1972,1,1.83,-0.61,6513,1,1.83,-0.61,6513
2026-05-09 15:20:33,1,1,1,1918.7,-72,-5.5,-183,1910,1,1.77,-0.61,6513,1,1.77,-0.61,6513
2026-05-09 15:20:33,1,1,1,1918.7,-72,-5.5,-183,1910,1,1.77,-0.61,6513,1,1.77,-0.61,6513
2026-05-09 15:20:33,1,1,1,1850.2,-72,-2.8,-91,1848,1,1.77,-0.61,6513,1,1.77,-0.61,6513
2026-05-09 15:20:33,1,1,1,1790.1,-48,-0.6,-18,1790,1,1.77,-0.61,6513,1,1.77,-0.61,6513
2026-05-09 15:20:34,1,1,1,1790.1,-48,-0.6,-18,1790,1,1.77,-0.61,6513,1,1.77,-0.61,6513
2026-05-09 15:20:34,1,1,1,1718.3,-112,1.0,30,1718,1,1.77,-0.61,6513,1,1.77,-0.61,6513
2026-05-09 15:20:34,1,1,1,1718.3,-112,1.0,30,1718,1,1.77,-0.61,6513,1,1.77,-0.61,6513
2026-05-09 15:20:34,1,1,1,1662.6,-16,2.6,74,1661,1,1.77,-0.61,6513,1,1.77,-0.61,6513
2026-05-09 15:20:34,1,1,1,1662.6,-16,2.6,74,1661,1,1.37,0.21,17885,1,1.37,0.21,17885
2026-05-09 15:20:34,1,1,1,1616.5,0,4.3,120,1612,1,1.37,0.21,17885,1,1.37,0.21,17885
2026-05-09 15:20:34,1,1,1,1616.5,0,4.3,120,1612,1,1.39,0.21,17885,1,1.39,0.21,17885
2026-05-09 15:20:34,1,1,1,1581.0,16,6.1,168,1572,1,1.39,0.21,17885,1,1.39,0.21,17885
2026-05-09 15:20:34,1,1,1,1562.3,39,8.3,225,1546,1,1.39,0.21,17885,1,1.39,0.21,17885
2026-05-09 15:20:34,1,1,1,1562.3,39,8.3,225,1546,1,1.39,0.21,17885,1,1.39,0.21,17885
2026-05-09 15:20:34,1,1,1,1557.5,39,10.6,286,1531,1,1.39,0.21,17885,1,1.39,0.21,17885
2026-05-09 15:20:34,1,1,1,1557.5,39,10.6,286,1531,1,1.39,0.21,17885,1,1.39,0.21,17885
2026-05-09 15:20:34,1,1,1,1567.0,39,12.6,343,1529,1,1.39,0.21,17885,1,1.39,0.21,17885
2026-05-09 15:20:34,1,1,1,1567.0,39,12.6,343,1529,1,1.39,0.21,17885,1,1.39,0.21,17885
2026-05-09 15:20:34,1,1,1,1582.1,56,15.2,414,1527,1,1.39,0.21,17885,1,1.39,0.21,17885
2026-05-09 15:20:34,1,1,1,1607.4,39,17.3,477,1535,1,1.39,0.21,17885,1,1.39,0.21,17885
2026-05-09 15:20:34,1,1,1,1607.4,39,17.3,477,1535,1,1.39,0.21,17885,1,1.39,0.21,17885
2026-05-09 15:20:34,1,1,1,1641.6,39,18.8,529,1554,1,1.39,0.21,17885,1,1.39,0.21,17885
2026-05-09 15:20:34,1,1,1,1641.6,39,18.8,529,1554,1,1.39,0.21,17885,1,1.39,0.21,17885
2026-05-09 15:20:34,1,1,1,1675.5,39,20.1,577,1573,1,0.00,0.00,0,0,0.00,0.00,0
2026-05-09 15:20:35,1,1,1,1675.5,39,20.1,577,1573,1,0.00,0.00,0,0,0.00,0.00,0
2026-05-09 15:20:35,1,1,1,1706.8,39,21.4,623,1589,1,0.00,0.00,0,0,0.00,0.00,0
2026-05-09 15:20:35,1,1,1,1706.8,39,21.4,623,1589,1,2.00,0.28,19165,1,2.00,0.28,19165
2026-05-09 15:20:35,1,1,1,1739.6,32,22.7,671,1605,1,2.00,0.28,19165,1,2.00,0.28,19165
2026-05-09 15:20:35,1,1,1,1774.0,24,23.5,707,1627,1,2.01,0.27,3961,1,2.01,0.27,3961
2026-05-09 15:20:35,1,1,1,1774.0,24,23.5,707,1627,1,2.01,0.27,3961,1,2.01,0.27,3961
2026-05-09 15:20:35,1,1,1,1801.5,32,24.2,739,1643,1,2.04,0.27,3961,1,2.04,0.27,3961
2026-05-09 15:20:35,1,1,1,1801.5,32,24.2,739,1643,1,2.04,0.27,3961,1,2.04,0.27,3961
2026-05-09 15:20:35,1,1,1,1838.3,32,24.9,775,1667,1,2.04,0.27,3961,1,2.04,0.27,3961
2026-05-09 15:20:35,1,1,1,1838.3,32,24.9,775,1667,1,2.04,0.27,3961,1,2.04,0.27,3961
2026-05-09 15:20:35,1,1,1,1876.0,-16,24.9,789,1702,1,2.04,0.27,3961,1,2.04,0.27,3961
2026-05-09 15:20:35,1,1,1,1913.5,-8,24.2,783,1746,1,2.04,0.27,3961,1,2.04,0.27,3961
2026-05-09 15:20:35,1,1,1,1913.5,-8,24.2,783,1746,1,2.04,0.27,3961,1,2.04,0.27,3961
2026-05-09 15:20:35,1,1,1,1941.5,8,23.0,759,1787,1,2.04,0.27,3961,1,2.04,0.27,3961
2026-05-09 15:20:35,1,1,1,1941.5,8,23.0,759,1787,1,3.22,-0.13,1508,1,3.22,-0.13,1508
2026-05-09 15:20:35,1,1,1,1957.4,8,21.8,728,1817,1,3.22,-0.13,1508,1,3.22,-0.13,1508
2026-05-09 15:20:35,1,1,1,1957.4,8,21.8,728,1817,1,3.21,-0.13,1508,1,3.21,-0.13,1508
2026-05-09 15:20:35,1,1,1,1969.6,8,20.6,692,1844,1,3.21,-0.13,1508,1,3.21,-0.13,1508
2026-05-09 15:20:35,1,1,1,1969.6,8,20.6,692,1844,1,2.74,0.00,5625,1,2.74,0.00,5625
2026-05-09 15:20:35,1,1,1,1977.4,8,18.9,640,1871,1,2.74,0.00,5625,1,2.74,0.00,5625
2026-05-09 15:20:36,1,1,1,1978.5,16,17.1,582,1891,1,2.53,0.06,11584,1,2.53,0.06,11584
2026-05-09 15:20:36,1,1,1,1978.5,16,17.1,582,1891,1,2.53,0.06,11584,1,2.53,0.06,11584
2026-05-09 15:20:36,1,1,1,1983.8,32,14.6,499,1920,1,2.42,0.09,22100,1,2.42,0.09,22100
2026-05-09 15:20:36,1,1,1,1983.8,32,14.6,499,1920,1,2.42,0.09,22100,1,2.42,0.09,22100
2026-05-09 15:20:36,1,1,1,1987.6,8,12.4,428,1941,1,2.43,0.09,22100,1,2.43,0.09,22100
2026-05-09 15:20:36,1,1,1,1987.6,8,12.4,428,1941,1,2.43,0.09,22100,1,2.43,0.09,22100
2026-05-09 15:20:36,1,1,1,1989.6,-16,10.2,353,1958,1,2.43,0.09,22100,1,2.43,0.09,22100
2026-05-09 15:20:36,1,1,1,1977.4,-8,8.6,297,1955,1,2.43,0.09,22100,1,2.43,0.09,22100
2026-05-09 15:20:36,1,1,1,1977.4,-8,8.6,297,1955,1,2.43,0.09,22100,1,2.43,0.09,22100
2026-05-09 15:20:36,1,1,1,1967.8,0,7.0,241,1953,1,2.43,0.09,22100,1,2.43,0.09,22100
2026-05-09 15:20:36,1,1,1,1967.8,0,7.0,241,1953,1,2.43,0.09,22100,1,2.43,0.09,22100
2026-05-09 15:20:36,1,1,1,1960.6,-39,5.1,173,1953,1,2.43,0.09,22100,1,2.43,0.09,22100
2026-05-09 15:20:36,1,1,1,1960.6,-39,5.1,173,1953,1,2.43,0.09,22100,1,2.43,0.09,22100
2026-05-09 15:20:36,1,1,1,1944.5,-32,2.9,99,1942,1,2.43,0.09,22100,1,2.43,0.09,22100
2026-05-09 15:20:36,1,1,1,1944.5,-32,2.9,99,1942,1,2.43,0.09,22100,1,2.43,0.09,22100
2026-05-09 15:20:36,1,1,1,1927.1,-24,0.5,18,1927,1,2.43,0.09,22100,1,2.43,0.09,22100
2026-05-09 15:20:36,1,1,1,1905.0,-8,-1.9,-62,1904,1,1.99,-0.18,11069,1,1.99,-0.18,11069
2026-05-09 15:20:36,1,1,1,1905.0,-8,-1.9,-62,1904,1,1.99,-0.18,11069,1,1.99,-0.18,11069
2026-05-09 15:20:36,1,1,1,1891.6,0,-4.4,-145,1886,1,2.61,-0.05,9437,1,2.61,-0.05,9437
2026-05-09 15:20:36,1,1,1,1891.6,0,-4.4,-145,1886,1,2.61,-0.05,9437,1,2.61,-0.05,9437
2026-05-09 15:20:37,1,1,1,2065.1,0,-6.7,-241,2051,1,2.60,-0.05,9437,1,2.60,-0.05,9437
2026-05-09 15:20:37,1,1,1,2065.1,0,-6.7,-241,2051,1,2.60,-0.05,9437,1,2.60,-0.05,9437
2026-05-09 15:20:37,1,1,1,2251.1,0,-8.9,-348,2224,1,2.60,-0.05,9437,1,2.60,-0.05,9437
2026-05-09 15:20:37,1,1,1,2425.6,32,-10.9,-458,2382,1,2.60,-0.05,9437,1,2.60,-0.05,9437
2026-05-09 15:20:37,1,1,1,2425.6,32,-10.9,-458,2382,1,2.60,-0.05,9437,1,2.60,-0.05,9437
2026-05-09 15:20:37,1,1,1,2401.7,39,-12.5,-519,2345,1,2.60,-0.05,9437,1,2.60,-0.05,9437
2026-05-09 15:20:37,1,1,1,2401.7,39,-12.5,-519,2345,1,2.60,-0.05,9437,1,2.60,-0.05,9437
2026-05-09 15:20:37,1,1,1,2379.3,8,-14.1,-578,2308,1,2.60,-0.05,9437,1,2.60,-0.05,9437
2026-05-09 15:20:37,1,1,1,2379.3,8,-14.1,-578,2308,1,2.60,-0.05,9437,1,2.60,-0.05,9437
2026-05-09 15:20:37,1,1,1,2324.1,39,-16.0,-641,2234,1,2.60,-0.05,9437,1,2.60,-0.05,9437
2026-05-09 15:20:37,1,1,1,2324.1,39,-16.0,-641,2234,1,2.60,-0.05,9437,1,2.60,-0.05,9437
2026-05-09 15:20:37,1,1,1,2268.1,48,-17.9,-698,2158,1,2.60,-0.05,9437,1,2.60,-0.05,9437
2026-05-09 15:20:37,1,1,1,2223.1,48,-19.8,-752,2092,1,2.25,0.47,24520,1,2.25,0.47,24520
2026-05-09 15:20:37,1,1,1,2223.1,48,-19.8,-752,2092,1,2.25,0.47,24520,1,2.25,0.47,24520
2026-05-09 15:20:37,1,1,1,2198.2,24,-21.2,-796,2049,1,2.30,0.47,24520,1,2.30,0.47,24520
2026-05-09 15:20:37,1,1,1,2198.2,24,-21.2,-796,2049,1,2.30,0.47,24520,1,2.30,0.47,24520
2026-05-09 15:20:37,1,1,1,2177.2,0,-22.5,-832,2012,1,2.30,0.47,24520,1,2.30,0.47,24520
2026-05-09 15:20:37,1,1,1,2177.2,0,-22.5,-832,2012,1,2.30,0.47,24520,1,2.30,0.47,24520
2026-05-09 15:20:37,1,1,1,2169.7,8,-23.2,-853,1995,1,2.30,0.47,24520,1,2.30,0.47,24520
2026-05-09 15:20:37,1,1,1,2187.7,0,-23.8,-882,2002,1,2.30,0.47,24520,1,2.30,0.47,24520
2026-05-09 15:20:38,1,1,1,2187.7,0,-23.8,-882,2002,1,2.30,0.47,24520,1,2.30,0.47,24520
2026-05-09 15:20:38,1,1,1,2202.4,8,-24.3,-907,2007,1,2.30,0.47,24520,1,2.30,0.47,24520
2026-05-09 15:20:38,1,1,1,2202.4,8,-24.3,-907,2007,1,2.30,0.47,24520,1,2.30,0.47,24520
2026-05-09 15:20:38,1,1,1,2234.0,0,-24.8,-937,2028,1,2.30,0.47,24520,1,2.30,0.47,24520
2026-05-09 15:20:38,1,1,1,2234.0,0,-24.8,-937,2028,1,2.30,0.47,24520,1,2.30,0.47,24520
2026-05-09 15:20:38,1,1,1,2239.2,-16,-24.9,-943,2031,1,2.30,0.47,24520,1,2.30,0.47,24520
2026-05-09 15:20:38,1,1,1,2239.2,-16,-24.9,-943,2031,1,2.30,0.47,24520,1,2.30,0.47,24520
2026-05-09 15:20:38,1,1,1,2235.7,-16,-24.5,-928,2034,1,0.00,0.00,0,0,0.00,0.00,0
2026-05-09 15:20:38,1,1,1,2228.2,-16,-23.9,-903,2037,1,0.00,0.00,0,0,0.00,0.00,0
2026-05-09 15:20:38,1,1,1,2228.2,-16,-23.9,-903,2037,1,0.00,0.00,0,0,0.00,0.00,0
2026-05-09 15:20:38,1,1,1,2221.4,0,-23.7,-893,2034,1,0.00,0.00,0,0,0.00,0.00,0
2026-05-09 15:20:38,1,1,1,2221.4,0,-23.7,-893,2034,1,0.00,0.00,0,0,0.00,0.00,0
2026-05-09 15:20:38,1,1,1,2216.6,8,-23.4,-881,2034,0,0.00,0.00,0,0,0.00,0.00,0
2026-05-09 15:20:38,1,1,1,2216.6,8,-23.4,-881,2034,0,0.00,0.00,0,0,0.00,0.00,0
2026-05-09 15:20:38,1,1,1,2213.8,0,-23.1,-867,2037,0,0.00,0.00,0,0,0.00,0.00,0
2026-05-09 15:20:38,1,1,1,2213.8,0,-23.1,-867,2037,0,0.00,0.00,0,0,0.00,0.00,0
2026-05-09 15:20:38,1,1,1,2274.7,0,-21.3,-827,2119,0,0.00,0.00,0,0,0.00,0.00,0
2026-05-09 15:20:38,1,1,1,2405.3,0,-18.0,-745,2287,0,0.00,0.00,0,0,0.00,0.00,0
2026-05-09 15:20:38,1,1,1,2405.3,0,-18.0,-745,2287,0,0.00,0.00,0,0,0.00,0.00,0
2026-05-09 15:20:38,1,1,1,2538.6,0,-15.8,-690,2443,0,0.00,0.00,0,0,0.00,0.00,0
2026-05-09 15:20:39,1,1,1,2538.6,0,-15.8,-690,2443,0,0.00,0.00,0,0,0.00,0.00,0
2026-05-09 15:20:39,1,1,1,2657.7,8,-14.0,-642,2579,0,0.00,0.00,0,0,0.00,0.00,0
2026-05-09 15:20:39,1,1,1,2657.7,8,-14.0,-642,2579,0,0.00,0.00,0,1,2.35,0.05,12545
2026-05-09 15:20:39,1,1,1,2662.0,8,-12.4,-571,2600,0,0.00,0.00,0,1,2.35,0.05,12545
2026-05-09 15:20:39,1,1,1,2662.9,0,-11.0,-508,2614,1,2.79,0.04,5017,1,2.79,0.04,5017
2026-05-09 15:20:39,1,1,1,2662.9,0,-11.0,-508,2614,1,2.79,0.04,5017,1,2.79,0.04,5017
2026-05-09 15:20:39,1,1,1,2727.3,0,-10.8,-511,2679,1,2.79,0.04,5017,1,2.79,0.04,5017
2026-05-09 15:20:39,1,1,1,2727.3,0,-10.8,-511,2679,1,2.79,0.04,5017,1,2.79,0.04,5017
2026-05-09 15:20:39,1,1,1,2749.5,0,-10.7,-509,2702,1,2.79,0.04,5017,1,2.79,0.04,5017
2026-05-09 15:20:39,1,1,1,2749.5,0,-10.7,-509,2702,1,2.79,0.04,5017,1,2.79,0.04,5017
2026-05-09 15:20:39,1,1,1,2754.8,0,-10.4,-495,2710,1,2.79,0.04,5017,1,2.79,0.04,5017
2026-05-09 15:20:39,1,1,1,2754.8,0,-10.4,-495,2710,1,2.79,0.04,5017,1,2.79,0.04,5017
2026-05-09 15:20:39,1,1,1,2725.7,16,-9.4,-446,2689,1,2.79,0.04,5017,1,2.79,0.04,5017
2026-05-09 15:20:39,1,1,1,2655.8,8,-7.7,-355,2632,1,2.79,0.04,5017,1,2.79,0.04,5017
2026-05-09 15:20:39,1,1,1,2655.8,8,-7.7,-355,2632,1,2.79,0.04,5017,1,2.79,0.04,5017
2026-05-09 15:20:39,1,1,1,2545.2,0,-4.0,-177,2539,1,2.79,0.04,5017,1,2.79,0.04,5017
2026-05-09 15:20:39,1,1,1,2545.2,0,-4.0,-177,2539,1,3.25,0.23,5413,1,3.25,0.23,5413
2026-05-09 15:20:39,1,1,1,2474.2,24,-0.8,-34,2474,1,3.25,0.23,5413,1,3.25,0.23,5413
2026-05-09 15:20:39,1,1,1,2474.2,24,-0.8,-34,2474,1,3.28,0.23,5413,1,3.28,0.23,5413
2026-05-09 15:20:39,1,1,1,2419.0,32,2.3,98,2417,1,3.28,0.23,5413,1,3.28,0.23,5413
2026-05-09 15:20:40,1,1,1,2378.4,39,5.4,222,2368,1,3.27,0.24,2237,1,3.27,0.24,2237
2026-05-09 15:20:40,1,1,1,2378.4,39,5.4,222,2368,1,3.27,0.24,2237,1,3.27,0.24,2237
2026-05-09 15:20:40,1,1,1,2347.3,16,8.4,344,2322,1,3.04,0.21,11368,1,3.04,0.21,11368
2026-05-09 15:20:40,1,1,1,2347.3,16,8.4,344,2322,1,3.04,0.21,11368,1,3.04,0.21,11368
2026-05-09 15:20:40,1,1,1,2327.7,16,11.5,464,2281,1,3.06,0.21,11368,1,3.06,0.21,11368
2026-05-09 15:20:40,1,1,1,2327.7,16,11.5,464,2281,1,3.06,0.21,11368,1,3.06,0.21,11368
2026-05-09 15:20:40,1,1,1,2322.1,-8,15.0,601,2243,1,3.06,0.21,11368,1,3.06,0.21,11368
2026-05-09 15:20:40,1,1,1,2322.1,-8,15.0,601,2243,1,3.06,0.21,11368,1,3.06,0.21,11368
2026-05-09 15:20:40,1,1,1,2327.8,0,18.5,737,2208,1,3.06,0.21,11368,1,3.06,0.21,11368
2026-05-09 15:20:40,1,1,1,2350.4,8,21.0,843,2194,1,3.06,0.21,11368,1,3.06,0.21,11368
2026-05-09 15:20:40,1,1,1,2350.4,8,21.0,843,2194,1,3.06,0.21,11368,1,3.06,0.21,11368
2026-05-09 15:20:40,1,1,1,2362.8,0,22.6,909,2181,1,3.06,0.21,11368,1,3.06,0.21,11368
2026-05-09 15:20:40,1,1,1,2362.8,0,22.6,909,2181,1,3.06,0.21,11368,1,3.06,0.21,11368
2026-05-09 15:20:40,1,1,1,2370.9,8,24.2,973,2162,1,3.06,0.21,11368,1,3.06,0.21,11368
2026-05-09 15:20:40,1,1,1,2370.9,8,24.2,973,2162,1,3.06,0.21,11368,1,3.06,0.21,11368
2026-05-09 15:20:40,1,1,1,2374.7,8,25.4,1019,2145,1,3.06,0.21,11368,1,3.06,0.21,11368
2026-05-09 15:20:40,1,1,1,2380.5,-8,26.6,1065,2129,1,3.06,0.21,11368,1,3.06,0.21,11368
2026-05-09 15:20:40,1,1,1,2380.5,-8,26.6,1065,2129,1,0.00,0.00,0,0,0.00,0.00,0
2026-05-09 15:20:40,1,1,1,2376.9,-32,27.6,1102,2106,1,0.00,0.00,0,0,0.00,0.00,0
2026-05-09 15:20:40,1,1,1,2376.9,-32,27.6,1102,2106,1,0.00,0.00,0,0,0.00,0.00,0
2026-05-09 15:20:41,1,1,1,2376.8,24,28.7,1141,2085,1,0.00,0.00,0,0,0.00,0.00,0
2026-05-09 15:20:41,1,1,1,2376.8,24,28.7,1141,2085,1,0.00,0.00,0,0,0.00,0.00,0
2026-05-09 15:20:41,1,1,1,2372.5,8,29.7,1177,2060,0,0.00,0.00,0,0,0.00,0.00,0
2026-05-09 15:20:41,1,1,1,2372.5,8,29.7,1177,2060,0,0.00,0.00,0,0,0.00,0.00,0
2026-05-09 15:20:41,1,1,1,2378.5,-16,31.1,1228,2037,0,0.00,0.00,0,0,0.00,0.00,0
2026-05-09 15:20:41,1,1,1,2375.8,-32,31.9,1257,2016,0,0.00,0.00,0,0,0.00,0.00,0
2026-05-09 15:20:41,1,1,1,2375.8,-32,31.9,1257,2016,0,0.00,0.00,0,0,0.00,0.00,0
2026-05-09 15:20:41,1,1,1,2377.3,64,31.9,1255,2019,0,0.00,0.00,0,0,0.00,0.00,0
2026-05-09 15:20:41,1,1,1,2377.3,64,31.9,1255,2019,0,0.00,0.00,0,0,0.00,0.00,0
2026-05-09 15:20:41,1,1,1,2372.5,-48,31.9,1254,2014,0,0.00,0.00,0,0,0.00,0.00,0
2026-05-09 15:20:41,1,1,1,2372.5,-48,31.9,1254,2014,0,0.00,0.00,0,0,0.00,0.00,0
2026-05-09 15:20:41,1,1,1,2374.9,-24,32.0,1257,2015,0,0.00,0.00,0,0,0.00,0.00,0
2026-05-09 15:20:41,1,1,1,2367.4,-48,32.0,1254,2008,0,0.00,0.00,0,0,0.00,0.00,0
2026-05-09 15:20:41,1,1,1,2367.4,-48,32.0,1254,2008,0,0.00,0.00,0,0,0.00,0.00,0
2026-05-09 15:20:41,1,1,1,2365.4,-24,32.0,1255,2005,0,0.00,0.00,0,0,0.00,0.00,0
2026-05-09 15:20:41,1,1,1,2365.4,-24,32.0,1255,2005,0,0.00,0.00,0,0,0.00,0.00,0
2026-05-09 15:20:41,1,1,1,2354.9,-48,32.2,1256,1992,0,0.00,0.00,0,1,2.25,-0.65,3298
2026-05-09 15:20:41,1,1,1,2354.9,-48,32.2,1256,1992,0,0.00,0.00,0,1,2.25,-0.65,3298
2026-05-09 15:20:41,1,1,1,2340.0,-48,32.2,1247,1980,1,2.23,-0.44,5929,1,2.23,-0.44,5929
2026-05-09 15:20:41,1,1,1,2340.0,-48,32.2,1247,1980,1,2.23,-0.44,5929,1,2.23,-0.44,5929
2026-05-09 15:20:42,1,1,1,2318.6,-39,32.2,1237,1961,1,2.18,-0.44,5929,1,2.18,-0.44,5929
2026-05-09 15:20:42,1,1,1,2293.8,-48,32.3,1227,1938,1,2.18,-0.44,5929,1,2.18,-0.44,5929
2026-05-09 15:20:42,1,1,1,2293.8,-48,32.3,1227,1938,1,2.18,-0.44,5929,1,2.18,-0.44,5929
2026-05-09 15:20:42,1,1,1,2269.0,-39,32.4,1217,1915,1,2.18,-0.44,5929,1,2.18,-0.44,5929
2026-05-09 15:20:42,1,1,1,2269.0,-39,32.4,1217,1915,1,2.18,-0.44,5929,1,2.18,-0.44,5929
2026-05-09 15:20:42,1,1,1,2241.1,-39,32.3,1198,1894,1,2.18,-0.44,5929,1,2.18,-0.44,5929
2026-05-09 15:20:42,1,1,1,2241.1,-39,32.3,1198,1894,1,2.18,-0.44,5929,1,2.18,-0.44,5929
2026-05-09 15:20:42,1,1,1,2208.9,-39,32.4,1182,1866,1,2.18,-0.44,5929,1,2.18,-0.44,5929
2026-05-09 15:20:42,1,1,1,2143.7,-16,32.0,1136,1818,1,2.18,-0.44,5929,1,2.18,-0.44,5929
2026-05-09 15:20:42,1,1,1,2143.7,-16,32.0,1136,1818,1,2.18,-0.44,5929,1,2.18,-0.44,5929
2026-05-09 15:20:42,1,1,1,2094.8,-16,30.5,1063,1805,1,2.18,-0.44,5929,1,2.18,-0.44,5929
2026-05-09 15:20:42,1,1,1,2094.8,-16,30.5,1063,1805,1,2.18,-0.44,5929,1,2.18,-0.44,5929
2026-05-09 15:20:42,1,1,1,2047.9,0,28.0,960,1809,1,2.18,-0.44,5929,1,2.18,-0.44,5929
2026-05-09 15:20:42,1,1,1,2047.9,0,28.0,960,1809,1,0.00,0.00,0,0,0.00,0.00,0
2026-05-09 15:20:42,1,1,1,2034.4,-8,25.3,870,1839,1,0.00,0.00,0,0,0.00,0.00,0
2026-05-09 15:20:42,1,1,1,2034.4,-8,25.3,870,1839,1,0.00,0.00,0,0,0.00,0.00,0
2026-05-09 15:20:42,1,1,1,2016.0,16,23.0,787,1856,1,0.00,0.00,0,0,0.00,0.00,0
2026-05-09 15:20:42,1,1,1,1995.4,24,21.3,725,1859,1,0.00,0.00,0,0,0.00,0.00,0
2026-05-09 15:20:42,1,1,1,1995.4,24,21.3,725,1859,1,3.20,0.01,4250,1,3.20,0.01,4250
2026-05-09 15:20:42,1,1,1,1985.8,24,19.3,657,1874,1,3.20,0.01,4250,1,3.20,0.01,4250
2026-05-09 15:20:43,1,1,1,1985.8,24,19.3,657,1874,1,2.66,0.09,9893,1,2.66,0.09,9893
2026-05-09 15:20:43,1,1,1,1984.0,8,17.0,581,1897,1,2.66,0.09,9893,1,2.66,0.09,9893
2026-05-09 15:20:43,1,1,1,1984.0,8,17.0,581,1897,1,2.67,0.09,9893,1,2.67,0.09,9893
2026-05-09 15:20:43,1,1,1,1985.5,24,15.4,528,1914,1,2.67,0.09,9893,1,2.67,0.09,9893
2026-05-09 15:20:43,1,1,1,1985.5,24,15.4,528,1914,1,2.54,0.12,13810,1,2.54,0.12,13810
2026-05-09 15:20:43,1,1,1,1990.3,8,14.1,486,1930,1,2.54,0.12,13810,1,2.54,0.12,13810
2026-05-09 15:20:43,1,1,1,2001.9,0,12.8,444,1952,1,2.42,0.07,6760,1,2.42,0.07,6760
2026-05-09 15:20:53,1,1,1,1843.5,32,-3.5,-113,1840,1,2.04,0.26,54522,1,2.04,0.26,54522
2026-05-09 15:20:53,1,1,1,1843.5,32,-3.5,-113,1840,1,2.06,0.27,24977,1,2.06,0.27,24977
2026-05-09 15:20:53,1,1,1,1854.2,8,-0.9,-30,1854,1,2.06,0.27,24977,1,2.06,0.27,24977
2026-05-09 15:20:53,1,1,1,1854.2,8,-0.9,-30,1854,1,2.09,0.27,24977,1,2.09,0.27,24977
2026-05-09 15:20:53,1,1,1,1882.2,24,2.1,68,1881,1,2.09,0.27,24977,1,2.09,0.27,24977
2026-05-09 15:20:53,1,1,1,1882.2,24,2.1,68,1881,1,2.09,0.27,24977,1,2.09,0.27,24977
2026-05-09 15:20:53,1,1,1,1896.2,32,4.6,153,1890,1,2.09,0.27,24977,1,2.09,0.27,24977
2026-05-09 15:20:53,1,1,1,1896.2,32,4.6,153,1890,1,2.09,0.27,24977,1,2.09,0.27,24977
2026-05-09 15:20:53,1,1,1,1911.0,32,6.9,231,1897,1,2.09,0.27,24977,1,2.09,0.27,24977
2026-05-09 15:20:53,1,1,1,1920.2,39,9.8,328,1892,1,2.09,0.27,24977,1,2.09,0.27,24977
2026-05-09 15:20:53,1,1,1,1920.2,39,9.8,328,1892,1,2.09,0.27,24977,1,2.09,0.27,24977
2026-05-09 15:20:53,1,1,1,1945.6,39,12.3,414,1901,1,2.25,0.47,6221,1,2.25,0.47,6221
2026-05-09 15:20:53,1,1,1,1945.6,39,12.3,414,1901,1,2.25,0.47,6221,1,2.25,0.47,6221
2026-05-09 15:20:54,1,1,1,1984.4,48,14.2,486,1924,1,2.27,0.47,1682,1,2.27,0.47,1682
2026-05-09 15:20:54,1,1,1,1984.4,48,14.2,486,1924,1,2.27,0.47,1682,1,2.27,0.47,1682
2026-05-09 15:20:54,1,1,1,2018.1,48,15.8,549,1942,1,2.32,0.47,1682,1,2.32,0.47,1682
2026-05-09 15:20:54,1,1,1,2059.6,39,17.3,614,1966,1,2.32,0.47,1682,1,2.32,0.47,1682
2026-05-09 15:20:54,1,1,1,2059.6,39,17.3,614,1966,1,2.32,0.39,7405,1,2.32,0.39,7405
2026-05-09 15:20:54,1,1,1,2089.7,24,18.7,671,1979,1,2.32,0.39,7405,1,2.32,0.39,7405
2026-05-09 15:20:54,1,1,1,2089.7,24,18.7,671,1979,1,2.36,0.39,7405,1,2.36,0.39,7405
2026-05-09 15:20:54,1,1,1,2124.8,16,20.4,742,1991,1,2.36,0.39,7405,1,2.36,0.39,7405
2026-05-09 15:20:54,1,1,1,2124.8,16,20.4,742,1991,1,2.36,0.39,7405,1,2.36,0.39,7405
2026-05-09 15:20:54,1,1,1,2153.5,8,22.0,806,1997,1,2.36,0.39,7405,1,2.36,0.39,7405
2026-05-09 15:20:54,1,1,1,2153.5,8,22.0,806,1997,1,2.36,0.39,7405,1,2.36,0.39,7405
2026-05-09 15:20:54,1,1,1,2179.2,16,24.0,886,1991,1,2.36,0.39,7405,1,2.36,0.39,7405
2026-05-09 15:20:54,1,1,1,2203.8,0,25.4,947,1990,1,2.36,0.39,7405,1,2.36,0.39,7405
2026-05-09 15:20:54,1,1,1,2203.8,0,25.4,947,1990,1,2.36,0.39,7405,1,2.36,0.39,7405
2026-05-09 15:20:54,1,1,1,2209.4,-8,25.8,962,1989,1,2.36,0.39,7405,1,2.36,0.39,7405
2026-05-09 15:20:54,1,1,1,2209.4,-8,25.8,962,1989,1,2.36,0.39,7405,1,2.36,0.39,7405
2026-05-09 15:20:54,1,1,1,2207.0,0,26.4,983,1976,1,2.36,0.39,7405,1,2.36,0.39,7405
2026-05-09 15:20:54,1,1,1,2207.0,0,26.4,983,1976,1,2.36,0.39,7405,1,2.36,0.39,7405
2026-05-09 15:20:54,1,1,1,2203.4,8,26.8,995,1966,1,2.36,0.39,7405,1,2.36,0.39,7405
2026-05-09 15:20:54,1,1,1,2214.5,0,27.6,1027,1962,1,0.00,0.00,0,0,0.00,0.00,0
2026-05-09 15:20:55,1,1,1,2214.5,0,27.6,1027,1962,1,0.00,0.00,0,0,0.00,0.00,0
2026-05-09 15:20:55,1,1,1,2229.6,-8,28.7,1072,1955,1,0.00,0.00,0,0,0.00,0.00,0
2026-05-09 15:20:55,1,1,1,2229.6,-8,28.7,1072,1955,1,0.00,0.00,0,0,0.00,0.00,0
2026-05-09 15:20:55,1,1,1,2240.8,8,29.9,1118,1942,1,0.00,0.00,0,0,0.00,0.00,0
2026-05-09 15:20:55,1,1,1,2240.8,8,29.9,1118,1942,0,0.00,0.00,0,0,0.00,0.00,0
2026-05-09 15:20:55,1,1,1,2243.2,8,31.1,1160,1920,0,0.00,0.00,0,0,0.00,0.00,0
2026-05-09 15:20:55,1,1,1,2243.2,8,31.1,1160,1920,0,0.00,0.00,0,0,0.00,0.00,0
2026-05-09 15:20:55,1,1,1,2265.6,-24,32.2,1206,1918,0,0.00,0.00,0,0,0.00,0.00,0
2026-05-09 15:20:55,1,1,1,2282.1,-8,32.8,1235,1919,0,0.00,0.00,0,0,0.00,0.00,0
2026-05-09 15:20:55,1,1,1,2282.1,-8,32.8,1235,1919,0,0.00,0.00,0,0,0.00,0.00,0
2026-05-09 15:20:55,1,1,1,2292.1,-24,33.2,1255,1918,0,0.00,0.00,0,1,2.36,-0.21,5626
2026-05-09 15:20:55,1,1,1,2292.1,-24,33.2,1255,1918,0,0.00,0.00,0,1,2.36,-0.21,5626
2026-05-09 15:20:55,1,1,1,2313.8,16,33.1,1264,1938,1,2.34,-0.21,5626,1,2.34,-0.21,5626
2026-05-09 15:20:55,1,1,1,2313.8,16,33.1,1264,1938,1,2.34,-0.21,5626,1,2.34,-0.21,5626
2026-05-09 15:20:55,1,1,1,2330.7,16,32.7,1258,1962,1,2.34,-0.21,5626,1,2.34,-0.21,5626
2026-05-09 15:20:55,1,1,1,2330.7,16,32.7,1258,1962,1,2.34,-0.21,5626,1,2.34,-0.21,5626
2026-05-09 15:20:55,1,1,1,2347.3,-24,32.3,1256,1983,1,2.34,-0.21,5626,1,2.34,-0.21,5626
2026-05-09 15:20:55,1,1,1,2365.0,-24,31.9,1251,2007,1,2.34,-0.21,5626,1,2.34,-0.21,5626
2026-05-09 15:20:55,1,1,1,2365.0,-24,31.9,1251,2007,1,2.34,-0.21,5626,1,2.34,-0.21,5626
2026-05-09 15:20:55,1,1,1,2372.5,-8,31.7,1246,2019,1,2.34,-0.21,5626,1,2.34,-0.21,5626
2026-05-09 15:20:56,1,1,1,2372.5,-8,31.7,1246,2019,1,2.34,-0.21,5626,1,2.34,-0.21,5626
2026-05-09 15:20:56,1,1,1,2366.5,0,31.9,1249,2010,1,2.34,-0.21,5626,1,2.34,-0.21,5626
2026-05-09 15:20:56,1,1,1,2366.5,0,31.9,1249,2010,1,2.34,-0.21,5626,1,2.34,-0.21,5626
2026-05-09 15:20:56,1,1,1,2348.3,-8,31.9,1242,1993,1,2.34,-0.21,5626,1,2.34,-0.21,5626
2026-05-09 15:20:56,1,1,1,2341.2,-24,31.8,1235,1989,1,2.34,-0.21,5626,1,2.34,-0.21,5626
2026-05-09 15:20:56,1,1,1,2341.2,-24,31.8,1235,1989,1,0.00,0.00,0,0,0.00,0.00,0
2026-05-09 15:20:56,1,1,1,2333.3,-32,31.8,1228,1984,1,0.00,0.00,0,0,0.00,0.00,0
2026-05-09 15:20:56,1,1,1,2333.3,-32,31.8,1228,1984,1,0.00,0.00,0,0,0.00,0.00,0
2026-05-09 15:20:56,1,1,1,2324.3,-39,31.6,1219,1979,1,2.24,-0.39,18709,1,2.24,-0.39,18709
2026-05-09 15:20:56,1,1,1,2324.3,-39,31.6,1219,1979,1,2.24,-0.39,18709,1,2.24,-0.39,18709
2026-05-09 15:20:56,1,1,1,2314.4,-32,31.4,1205,1976,1,2.23,-0.31,21281,1,2.23,-0.31,21281
2026-05-09 15:20:56,1,1,1,2314.4,-32,31.4,1205,1976,1,2.23,-0.31,21281,1,2.23,-0.31,21281
2026-05-09 15:20:56,1,1,1,2304.6,-32,31.0,1186,1976,1,2.14,-0.36,17032,1,2.14,-0.36,17032
2026-05-09 15:20:56,1,1,1,2291.5,-24,30.5,1162,1975,1,2.14,-0.36,17032,1,2.14,-0.36,17032
2026-05-09 15:20:56,1,1,1,2291.5,-24,30.5,1162,1975,1,2.10,-0.36,17032,1,2.10,-0.36,17032
2026-05-09 15:20:56,1,1,1,2261.3,-16,28.9,1094,1979,1,2.10,-0.36,17032,1,2.10,-0.36,17032
2026-05-09 15:20:56,1,1,1,2261.3,-16,28.9,1094,1979,1,2.10,-0.36,17032,1,2.10,-0.36,17032
2026-05-09 15:20:56,1,1,1,2234.9,8,27.2,1023,1987,1,2.10,-0.36,17032,1,2.10,-0.36,17032
2026-05-09 15:20:56,1,1,1,2234.9,8,27.2,1023,1987,1,2.10,-0.36,17032,1,2.10,-0.36,17032
2026-05-09 15:20:56,1,1,1,2191.1,0,23.9,886,2004,1,2.10,-0.36,17032,1,2.10,-0.36,17032
2026-05-09 15:20:57,1,1,1,2170.7,8,21.3,787,2023,1,2.10,-0.36,17032,1,2.10,-0.36,17032
2026-05-09 15:20:57,1,1,1,2170.7,8,21.3,787,2023,1,2.10,-0.36,17032,1,2.10,-0.36,17032
2026-05-09 15:20:57,1,1,1,2151.3,0,18.6,686,2039,1,2.10,-0.36,17032,1,2.10,-0.36,17032
2026-05-09 15:20:57,1,1,1,2151.3,0,18.6,686,2039,1,2.10,-0.36,17032,1,2.10,-0.36,17032
2026-05-09 15:20:57,1,1,1,2134.9,32,15.8,582,2054,1,2.25,0.26,18857,1,2.25,0.26,18857
2026-05-09 15:20:57,1,1,1,2134.9,32,15.8,582,2054,1,2.25,0.26,18857,1,2.25,0.26,18857
2026-05-09 15:20:57,1,1,1,2130.3,0,13.0,478,2076,1,2.28,0.26,7673,1,2.28,0.26,7673
2026-05-09 15:20:57,1,1,1,2130.3,0,13.0,478,2076,1,2.28,0.26,7673,1,2.28,0.26,7673
2026-05-09 15:20:57,1,1,1,2250.6,0,8.1,318,2228,1,2.61,0.20,3130,1,2.61,0.20,3130
2026-05-09 15:20:57,1,1,1,2392.6,0,4.2,177,2386,1,2.61,0.20,3130,1,2.61,0.20,3130
2026-05-09 15:20:57,1,1,1,2392.6,0,4.2,177,2386,1,2.63,0.20,3130,1,2.63,0.20,3130
2026-05-09 15:20:57,1,1,1,2529.5,0,1.1,49,2529,1,2.63,0.20,3130,1,2.63,0.20,3130
2026-05-09 15:20:57,1,1,1,2529.5,0,1.1,49,2529,1,2.60,0.16,5650,1,2.60,0.16,5650
2026-05-09 15:20:57,1,1,1,2650.9,16,-1.5,-68,2650,1,2.60,0.16,5650,1,2.60,0.16,5650
2026-05-09 15:20:57,1,1,1,2650.9,16,-1.5,-68,2650,1,2.62,0.16,5650,1,2.62,0.16,5650
2026-05-09 15:20:57,1,1,1,2753.4,0,-3.2,-156,2749,1,2.62,0.16,5650,1,2.62,0.16,5650
2026-05-09 15:20:57,1,1,1,2830.6,0,-4.5,-221,2822,1,2.62,0.16,5650,1,2.62,0.16,5650
2026-05-09 15:20:57,1,1,1,2830.6,0,-4.5,-221,2822,1,2.62,0.16,5650,1,2.62,0.16,5650
2026-05-09 15:20:57,1,1,1,2893.3,0,-5.9,-297,2878,1,2.62,0.16,5650,1,2.62,0.16,5650
2026-05-09 15:20:57,1,1,1,2893.3,0,-5.9,-297,2878,1,2.62,0.16,5650,1,2.62,0.16,5650
2026-05-09 15:20:58,1,1,1,2919.7,8,-7.1,-363,2897,1,2.62,0.16,5650,1,2.62,0.16,5650
2026-05-09 15:20:58,1,1,1,2919.7,8,-7.1,-363,2897,1,2.62,0.16,5650,1,2.62,0.16,5650
2026-05-09 15:20:58,1,1,1,2909.7,8,-8.5,-428,2878,1,2.62,0.16,5650,1,2.62,0.16,5650
2026-05-09 15:20:58,1,1,1,2909.7,8,-8.5,-428,2878,1,2.62,0.16,5650,1,2.62,0.16,5650
2026-05-09 15:20:58,1,1,1,2832.9,8,-10.6,-519,2785,1,2.62,0.16,5650,1,2.62,0.16,5650
2026-05-09 15:20:58,1,1,1,2726.8,16,-12.5,-591,2662,1,2.62,0.16,5650,1,2.62,0.16,5650
2026-05-09 15:20:58,1,1,1,2726.8,16,-12.5,-591,2662,1,2.62,0.16,5650,1,2.62,0.16,5650
2026-05-09 15:20:58,1,1,1,2635.8,0,-14.7,-667,2550,1,0.00,0.00,0,0,0.00,0.00,0
2026-05-09 15:20:58,1,1,1,2635.8,0,-14.7,-667,2550,1,0.00,0.00,0,0,0.00,0.00,0
2026-05-09 15:20:58,1,1,1,2647.2,0,-17.5,-795,2525,1,0.00,0.00,0,0,0.00,0.00,0
2026-05-09 15:20:58,1,1,1,2647.2,0,-17.5,-795,2525,1,0.00,0.00,0,0,0.00,0.00,0
2026-05-09 15:20:58,1,1,1,2655.7,-16,-19.7,-896,2500,1,0.00,0.00,0,0,0.00,0.00,0
2026-05-09 15:20:58,1,1,1,2657.9,0,-22.1,-999,2463,0,0.00,0.00,0,0,0.00,0.00,0
2026-05-09 15:20:58,1,1,1,2657.9,0,-22.1,-999,2463,0,0.00,0.00,0,0,0.00,0.00,0
2026-05-09 15:20:58,1,1,1,2687.7,0,-24.5,-1114,2446,0,0.00,0.00,0,0,0.00,0.00,0
2026-05-09 15:20:58,1,1,1,2687.7,0,-24.5,-1114,2446,0,0.00,0.00,0,0,0.00,0.00,0
2026-05-09 15:20:58,1,1,1,2795.3,0,-27.3,-1282,2484,0,0.00,0.00,0,0,0.00,0.00,0
2026-05-09 15:20:58,1,1,1,2795.3,0,-27.3,-1282,2484,0,0.00,0.00,0,0,0.00,0.00,0
2026-05-09 15:20:58,1,1,1,2921.1,0,-29.7,-1448,2537,0,0.00,0.00,0,0,0.00,0.00,0
2026-05-09 15:20:58,1,1,1,2921.1,0,-29.7,-1448,2537,0,0.00,0.00,0,0,0.00,0.00,0
2026-05-09 15:20:59,1,1,1,3035.2,-8,-31.6,-1589,2586,0,0.00,0.00,0,0,0.00,0.00,0
2026-05-09 15:20:59,1,1,1,2930.4,-104,-32.0,-1553,2485,0,0.00,0.00,0,0,0.00,0.00,0
2026-05-09 15:20:59,1,1,1,2930.4,-104,-32.0,-1553,2485,0,0.00,0.00,0,0,0.00,0.00,0
2026-05-09 15:20:59,1,1,1,2798.1,-24,-32.0,-1481,2374,0,0.00,0.00,0,0,0.00,0.00,0
2026-05-09 15:20:59,1,1,1,2798.1,-24,-32.0,-1481,2374,0,0.00,0.00,0,0,0.00,0.00,0
2026-05-09 15:20:59,1,1,1,2665.7,-56,-31.8,-1404,2266,0,0.00,0.00,0,0,0.00,0.00,0
2026-05-09 15:20:59,1,1,1,2665.7,-56,-31.8,-1404,2266,0,0.00,0.00,0,1,2.25,-0.23,3236
2026-05-09 15:20:59,1,1,1,2552.2,-32,-31.6,-1337,2174,0,0.00,0.00,0,1,2.25,-0.23,3236
2026-05-09 15:20:59,1,1,1,2458.8,-48,-31.3,-1279,2100,1,2.23,-0.23,3236,1,2.23,-0.23,3236
2026-05-09 15:20:59,1,1,1,2458.8,-48,-31.3,-1279,2100,1,2.23,-0.23,3236,1,2.23,-0.23,3236
2026-05-09 15:20:59,1,1,1,2383.5,-48,-31.0,-1226,2044,1,2.23,-0.23,3236,1,2.23,-0.23,3236
2026-05-09 15:20:59,1,1,1,2383.5,-48,-31.0,-1226,2044,1,2.23,-0.23,3236,1,2.23,-0.23,3236
2026-05-09 15:20:59,1,1,1,2318.1,-32,-30.4,-1172,2000,1,2.23,-0.23,3236,1,2.23,-0.23,3236
2026-05-09 15:20:59,1,1,1,2318.1,-32,-30.4,-1172,2000,1,2.23,-0.23,3236,1,2.23,-0.23,3236
2026-05-09 15:20:59,1,1,1,2269.5,0,-29.7,-1125,1971,1,2.01,-0.24,10900,1,2.01,-0.24,10900
2026-05-09 15:20:59,1,1,1,2269.5,0,-29.7,-1125,1971,1,2.01,-0.24,10900,1,2.01,-0.24,10900
2026-05-09 15:20:59,1,1,1,2206.5,-24,-28.8,-1064,1933,1,1.99,-0.24,10900,1,1.99,-0.24,10900
2026-05-09 15:20:59,1,1,1,2134.6,-8,-27.8,-996,1888,1,1.99,-0.24,10900,1,1.99,-0.24,10900
2026-05-09 15:20:59,1,1,1,2134.6,-8,-27.8,-996,1888,1,1.99,-0.24,10900,1,1.99,-0.24,10900
2026-05-09 15:20:59,1,1,1,2080.9,32,-26.4,-925,1864,1,1.99,-0.24,10900,1,1.99,-0.24,10900
2026-05-09 15:21:00,1,1,1,2080.9,32,-26.4,-925,1864,1,1.99,-0.24,10900,1,1.99,-0.24,10900
2026-05-09 15:21:00,1,1,1,2034.0,24,-24.8,-854,1846,1,1.99,-0.24,10900,1,1.99,-0.24,10900
2026-05-09 15:21:00,1,1,1,2034.0,24,-24.8,-854,1846,1,1.99,-0.24,10900,1,1.99,-0.24,10900
2026-05-09 15:21:00,1,1,1,2009.9,24,-23.3,-795,1846,1,1.99,-0.24,10900,1,1.99,-0.24,10900
2026-05-09 15:21:00,1,1,1,2009.9,24,-23.3,-795,1846,1,1.99,-0.24,10900,1,1.99,-0.24,10900
2026-05-09 15:21:00,1,1,1,2010.4,39,-21.5,-738,1870,1,1.99,-0.24,10900,1,1.99,-0.24,10900
2026-05-09 15:21:00,1,1,1,2032.8,0,-19.6,-682,1915,1,1.99,-0.24,10900,1,1.99,-0.24,10900
2026-05-09 15:21:00,1,1,1,2032.8,0,-19.6,-682,1915,1,1.99,-0.24,10900,1,1.99,-0.24,10900
2026-05-09 15:21:00,1,1,1,2185.0,0,-16.3,-614,2097,1,1.99,-0.24,10900,1,1.99,-0.24,10900
2026-05-09 15:21:00,1,1,1,2185.0,0,-16.3,-614,2097,1,0.00,0.00,0,0,0.00,0.00,0
2026-05-09 15:21:00,1,1,1,2351.8,0,-12.9,-527,2292,1,0.00,0.00,0,0,0.00,0.00,0
2026-05-09 15:21:00,1,1,1,2351.8,0,-12.9,-527,2292,1,0.00,0.00,0,0,0.00,0.00,0
2026-05-09 15:21:00,1,1,1,2503.6,24,-10.1,-438,2465,1,0.00,0.00,0,0,0.00,0.00,0
2026-05-09 15:21:00,1,1,1,2515.8,16,-8.8,-386,2486,1,0.00,0.00,0,0,0.00,0.00,0
2026-05-09 15:21:00,1,1,1,2515.8,16,-8.8,-386,2486,0,0.00,0.00,0,0,0.00,0.00,0
2026-05-09 15:21:00,1,1,1,2514.6,0,-7.9,-344,2491,0,0.00,0.00,0,0,0.00,0.00,0
2026-05-09 15:21:00,1,1,1,2514.6,0,-7.9,-344,2491,0,0.00,0.00,0,0,0.00,0.00,0
2026-05-09 15:21:00,1,1,1,2596.1,0,-7.3,-330,2575,0,0.00,0.00,0,0,0.00,0.00,0
2026-05-09 15:21:00,1,1,1,2596.1,0,-7.3,-330,2575,0,0.00,0.00,0,0,0.00,0.00,0
2026-05-09 15:21:00,1,1,1,2680.1,0,-7.2,-336,2659,0,0.00,0.00,0,0,0.00,0.00,0
2026-05-09 15:21:01,1,1,1,2680.1,0,-7.2,-336,2659,0,0.00,0.00,0,0,0.00,0.00,0
2026-05-09 15:21:01,1,1,1,2753.2,24,-7.1,-341,2732,0,0.00,0.00,0,0,0.00,0.00,0
2026-05-09 15:21:01,1,1,1,2701.4,0,-5.0,-237,2691,0,0.00,0.00,0,0,0.00,0.00,0
2026-05-09 15:21:01,1,1,1,2701.4,0,-5.0,-237,2691,0,0.00,0.00,0,0,0.00,0.00,0
2026-05-09 15:21:01,1,1,1,2622.3,32,-2.4,-109,2620,0,0.00,0.00,0,0,0.00,0.00,0
2026-05-09 15:21:01,1,1,1,2622.3,32,-2.4,-109,2620,0,0.00,0.00,0,0,0.00,0.00,0
2026-05-09 15:21:01,1,1,1,2525.2,39,0.7,30,2525,0,0.00,0.00,0,0,0.00,0.00,0
2026-05-09 15:21:01,1,1,1,2525.2,39,0.7,30,2525,0,0.00,0.00,0,0,0.00,0.00,0
2026-05-09 15:21:01,1,1,1,2458.1,48,3.7,159,2453,0,0.00,0.00,0,0,0.00,0.00,0
2026-05-09 15:21:01,1,1,1,2425.2,39,6.4,271,2410,0,0.00,0.00,0,0,0.00,0.00,0
2026-05-09 15:21:01,1,1,1,2425.2,39,6.4,271,2410,0,0.00,0.00,0,0,0.00,0.00,0
2026-05-09 15:21:01,1,1,1,2406.6,24,8.8,370,2378,0,0.00,0.00,0,0,0.00,0.00,0
2026-05-09 15:21:01,1,1,1,2406.6,24,8.8,370,2378,0,0.00,0.00,0,0,0.00,0.00,0
2026-05-09 15:21:01,1,1,1,2411.8,8,10.6,442,2371,0,0.00,0.00,0,0,0.00,0.00,0
2026-05-09 15:21:01,1,1,1,2411.8,8,10.6,442,2371,0,0.00,0.00,0,1,2.50,0.08,2756
2026-05-09 15:21:01,1,1,1,2419.3,0,12.4,519,2363,0,0.00,0.00,0,1,2.50,0.08,2756
2026-05-09 15:21:01,1,1,1,2419.3,0,12.4,519,2363,0,0.00,0.00,0,1,2.51,0.16,4849
2026-05-09 15:21:01,1,1,1,2451.1,0,14.2,602,2376,0,0.00,0.00,0,1,2.51,0.16,4849
2026-05-09 15:21:01,1,1,1,2471.3,0,15.5,662,2381,1,2.52,0.16,4849,1,2.52,0.16,4849
2026-05-09 15:21:01,1,1,1,2471.3,0,15.5,662,2381,1,2.52,0.16,4849,1,2.52,0.16,4849
2026-05-09 15:21:02,1,1,1,2478.1,-8,17.0,724,2370,1,2.52,0.16,4849,1,2.52,0.16,4849
2026-05-09 15:21:02,1,1,1,2478.1,-8,17.0,724,2370,1,2.52,0.16,4849,1,2.52,0.16,4849
2026-05-09 15:21:02,1,1,1,2474.2,-16,18.9,801,2341,1,2.52,0.16,4849,1,2.52,0.16,4849
2026-05-09 15:21:02,1,1,1,2474.2,-16,18.9,801,2341,1,2.52,0.16,4849,1,2.52,0.16,4849
2026-05-09 15:21:02,1,1,1,2460.7,-16,21.0,880,2298,1,2.52,0.16,4849,1,2.52,0.16,4849
2026-05-09 15:21:02,1,1,1,2457.9,0,23.1,964,2261,1,2.52,0.16,4849,1,2.52,0.16,4849
2026-05-09 15:21:02,1,1,1,2457.9,0,23.1,964,2261,1,2.52,0.16,4849,1,2.52,0.16,4849
2026-05-09 15:21:02,1,1,1,2442.6,8,24.8,1023,2218,1,2.52,0.16,4849,1,2.52,0.16,4849
2026-05-09 15:21:02,1,1,1,2442.6,8,24.8,1023,2218,1,2.52,-0.22,3169,1,2.52,-0.22,3169
2026-05-09 15:21:02,1,1,1,2432.9,-16,26.1,1072,2184,1,2.52,-0.22,3169,1,2.52,-0.22,3169
2026-05-09 15:21:02,1,1,1,2432.9,-16,26.1,1072,2184,1,2.49,-0.22,3169,1,2.49,-0.22,3169
2026-05-09 15:21:02,1,1,1,2421.3,-8,26.9,1096,2159,1,2.49,-0.22,3169,1,2.49,-0.22,3169
2026-05-09 15:21:02,1,1,1,2421.3,-8,26.9,1096,2159,1,2.49,-0.22,3169,1,2.49,-0.22,3169
2026-05-09 15:21:02,1,1,1,2410.6,-16,27.8,1123,2133,1,2.49,-0.22,3169,1,2.49,-0.22,3169
2026-05-09 15:21:02,1,1,1,2394.1,-16,28.9,1157,2096,1,2.49,-0.22,3169,1,2.49,-0.22,3169
2026-05-09 15:21:02,1,1,1,2394.1,-16,28.9,1157,2096,1,2.49,-0.22,3169,1,2.49,-0.22,3169
2026-05-09 15:21:02,1,1,1,2397.0,0,30.0,1200,2075,1,2.49,-0.22,3169,1,2.49,-0.22,3169
2026-05-09 15:21:02,1,1,1,2397.0,0,30.0,1200,2075,1,2.49,-0.22,3169,1,2.49,-0.22,3169
2026-05-09 15:21:02,1,1,1,2414.5,72,30.8,1238,2073,1,2.49,-0.22,3169,1,2.49,-0.22,3169
2026-05-09 15:21:02,1,1,1,2414.5,72,30.8,1238,2073,1,2.49,-0.22,3169,1,2.49,-0.22,3169
2026-05-09 15:21:03,1,1,1,2429.1,16,31.2,1258,2078,1,2.49,-0.22,3169,1,2.49,-0.22,3169
2026-05-09 15:21:03,1,1,1,2437.3,-16,31.8,1285,2071,1,2.49,-0.22,3169,1,2.49,-0.22,3169
2026-05-09 15:21:03,1,1,1,2437.3,-16,31.8,1285,2071,1,2.49,-0.22,3169,1,2.49,-0.22,3169
2026-05-09 15:21:03,1,1,1,2440.4,-24,31.9,1291,2071,1,0.00,0.00,0,0,0.00,0.00,0
2026-05-09 15:21:03,1,1,1,2440.4,-24,31.9,1291,2071,1,0.00,0.00,0,0,0.00,0.00,0
2026-05-09 15:21:03,1,1,1,2435.5,-32,31.9,1288,2067,1,0.00,0.00,0,0,0.00,0.00,0
2026-05-09 15:21:03,1,1,1,2435.5,-32,31.9,1288,2067,1,0.00,0.00,0,0,0.00,0.00,0
2026-05-09 15:21:03,1,1,1,2424.0,8,32.0,1284,2056,1,0.00,0.00,0,0,0.00,0.00,0
2026-05-09 15:21:03,1,1,1,2424.0,8,32.0,1284,2056,0,0.00,0.00,0,0,0.00,0.00,0
2026-05-09 15:21:03,1,1,1,2421.7,-8,32.1,1286,2052,0,0.00,0.00,0,0,0.00,0.00,0
2026-05-09 15:21:03,1,1,1,2408.5,-32,32.2,1282,2039,0,0.00,0.00,0,0,0.00,0.00,0
2026-05-09 15:21:03,1,1,1,2408.5,-32,32.2,1282,2039,0,0.00,0.00,0,0,0.00,0.00,0
2026-05-09 15:21:03,1,1,1,2388.1,-24,32.1,1269,2023,0,0.00,0.00,0,0,0.00,0.00,0
2026-05-09 15:21:03,1,1,1,2388.1,-24,32.1,1269,2023,0,0.00,0.00,0,0,0.00,0.00,0
2026-05-09 15:21:03,1,1,1,2371.3,-8,31.7,1247,2017,0,0.00,0.00,0,0,0.00,0.00,0
2026-05-09 15:21:03,1,1,1,2371.3,-8,31.7,1247,2017,0,0.00,0.00,0,0,0.00,0.00,0
2026-05-09 15:21:03,1,1,1,2355.4,-16,31.0,1213,2019,0,0.00,0.00,0,0,0.00,0.00,0
2026-05-09 15:21:03,1,1,1,2338.2,-16,30.0,1169,2025,0,0.00,0.00,0,0,0.00,0.00,0
2026-05-09 15:21:03,1,1,1,2338.2,-16,30.0,1169,2025,0,0.00,0.00,0,0,0.00,0.00,0
2026-05-09 15:21:03,1,1,1,2331.7,8,28.8,1122,2044,0,0.00,0.00,0,0,0.00,0.00,0
2026-05-09 15:21:04,1,1,1,2331.7,8,28.8,1122,2044,0,0.00,0.00,0,0,0.00,0.00,0
2026-05-09 15:21:04,1,1,1,2304.1,-16,26.3,1020,2066,0,0.00,0.00,0,0,0.00,0.00,0
2026-05-09 15:21:04,1,1,1,2304.1,-16,26.3,1020,2066,0,0.00,0.00,0,1,2.27,0.00,9549
2026-05-09 15:21:04,1,1,1,2278.5,8,23.8,919,2085,0,0.00,0.00,0,1,2.27,0.00,9549
2026-05-09 15:21:04,1,1,1,2278.5,8,23.8,919,2085,1,2.27,0.11,7522,1,2.27,0.11,7522
2026-05-09 15:21:04,1,1,1,2262.4,8,20.7,798,2117,1,2.27,0.11,7522,1,2.27,0.11,7522
2026-05-09 15:21:04,1,1,1,2245.6,0,17.9,690,2137,1,2.26,0.08,4570,1,2.26,0.08,4570
2026-05-09 15:21:04,1,1,1,2245.6,0,17.9,690,2137,1,2.26,0.08,4570,1,2.26,0.08,4570
2026-05-09 15:21:04,1,1,1,2227.7,8,15.9,612,2142,1,2.27,0.08,4570,1,2.27,0.08,4570
2026-05-09 15:21:04,1,1,1,2227.7,8,15.9,612,2142,1,2.27,0.08,4570,1,2.27,0.08,4570
2026-05-09 15:21:04,1,1,1,2222.4,0,13.8,531,2158,1,2.27,0.08,4570,1,2.27,0.08,4570
2026-05-09 15:21:04,1,1,1,2222.4,0,13.8,531,2158,1,2.27,0.08,4570,1,2.27,0.08,4570
2026-05-09 15:21:04,1,1,1,2214.5,24,11.4,437,2171,1,2.27,0.08,4570,1,2.27,0.08,4570
2026-05-09 15:21:04,1,1,1,2214.5,24,11.4,437,2171,1,2.27,0.08,4570,1,2.27,0.08,4570
2026-05-09 15:21:04,1,1,1,2218.9,0,8.8,338,2193,1,2.27,0.08,4570,1,2.27,0.08,4570
2026-05-09 15:21:04,1,1,1,2225.2,16,6.2,242,2212,1,2.27,0.08,4570,1,2.27,0.08,4570
2026-05-09 15:21:04,1,1,1,2225.2,16,6.2,242,2212,1,2.27,0.08,4570,1,2.27,0.08,4570
2026-05-09 15:21:04,1,1,1,2249.4,0,3.6,140,2245,1,2.27,0.08,4570,1,2.27,0.08,4570
2026-05-09 15:21:04,1,1,1,2249.4,0,3.6,140,2245,1,2.27,0.08,4570,1,2.27,0.08,4570
2026-05-09 15:21:04,1,1,1,2383.1,0,0.6,23,2383,1,2.27,0.08,4570,1,2.27,0.08,4570
2026-05-09 15:21:05,1,1,1,2383.1,0,0.6,23,2383,1,2.27,0.08,4570,1,2.27,0.08,4570
2026-05-09 15:21:05,1,1,1,2508.7,24,-2.1,-93,2507,1,0.00,0.00,0,0,0.00,0.00,0
2026-05-09 15:21:05,1,1,1,2624.7,0,-4.1,-187,2618,1,0.00,0.00,0,0,0.00,0.00,0
2026-05-09 15:21:05,1,1,1,2624.7,0,-4.1,-187,2618,1,0.00,0.00,0,0,0.00,0.00,0
2026-05-09 15:21:05,1,1,1,2724.9,0,-5.6,-265,2712,1,0.00,0.00,0,0,0.00,0.00,0
2026-05-09 15:21:05,1,1,1,2724.9,0,-5.6,-265,2712,1,0.00,0.00,0,0,0.00,0.00,0
2026-05-09 15:21:05,1,1,1,2799.7,0,-7.1,-348,2778,0,0.00,0.00,0,0,0.00,0.00,0
2026-05-09 15:21:05,1,1,1,2799.7,0,-7.1,-348,2778,0,0.00,0.00,0,0,0.00,0.00,0
2026-05-09 15:21:05,1,1,1,2835.3,24,-8.7,-427,2803,0,0.00,0.00,0,0,0.00,0.00,0
2026-05-09 15:21:05,1,1,1,2835.3,24,-8.7,-427,2803,0,0.00,0.00,0,0,0.00,0.00,0
2026-05-09 15:21:05,1,1,1,2772.8,16,-10.4,-502,2727,0,0.00,0.00,0,0,0.00,0.00,0
2026-05-09 15:21:05,1,1,1,2724.5,39,-12.4,-585,2661,0,0.00,0.00,0,0,0.00,0.00,0
2026-05-09 15:21:05,1,1,1,2724.5,39,-12.4,-585,2661,0,0.00,0.00,0,0,0.00,0.00,0
2026-05-09 15:21:05,1,1,1,2669.1,32,-14.2,-657,2587,0,0.00,0.00,0,0,0.00,0.00,0
2026-05-09 15:21:05,1,1,1,2669.1,32,-14.2,-657,2587,0,0.00,0.00,0,0,0.00,0.00,0
2026-05-09 15:21:05,1,1,1,2617.3,24,-16.0,-721,2516,0,0.00,0.00,0,0,0.00,0.00,0
2026-05-09 15:21:05,1,1,1,2617.3,24,-16.0,-721,2516,0,0.00,0.00,0,0,0.00,0.00,0
2026-05-09 15:21:05,1,1,1,2589.6,0,-17.5,-778,2470,0,0.00,0.00,0,0,0.00,0.00,0
2026-05-09 15:21:05,1,1,1,2567.5,16,-18.9,-832,2429,0,0.00,0.00,0,0,0.00,0.00,0
2026-05-09 15:21:05,1,1,1,2567.5,16,-18.9,-832,2429,0,0.00,0.00,0,0,0.00,0.00,0
2026-05-09 15:21:06,1,1,1,2535.3,8,-20.3,-879,2378,0,0.00,0.00,0,0,0.00,0.00,0
2026-05-09 15:21:06,1,1,1,2535.3,8,-20.3,-879,2378,0,0.00,0.00,0,0,0.00,0.00,0
2026-05-09 15:21:06,1,1,1,2521.6,0,-21.7,-932,2343,0,0.00,0.00,0,0,0.00,0.00,0
2026-05-09 15:21:06,1,1,1,2521.6,0,-21.7,-932,2343,0,0.00,0.00,0,0,0.00,0.00,0
2026-05-09 15:21:06,1,1,1,2561.1,0,-23.4,-1016,2351,0,0.00,0.00,0,0,0.00,0.00,0
2026-05-09 15:21:06,1,1,1,2561.1,0,-23.4,-1016,2351,0,0.00,0.00,0,0,0.00,0.00,0
2026-05-09 15:21:06,1,1,1,2586.0,-8,-24.6,-1075,2352,0,0.00,0.00,0,0,0.00,0.00,0
2026-05-09 15:21:06,1,1,1,2581.3,-8,-25.1,-1094,2338,0,0.00,0.00,0,0,0.00,0.00,0
2026-05-09 15:21:06,1,1,1,2581.3,-8,-25.1,-1094,2338,0,0.00,0.00,0,0,0.00,0.00,0
2026-05-09 15:21:06,1,1,1,2590.6,0,-25.6,-1120,2336,0,0.00,0.00,0,0,0.00,0.00,0
2026-05-09 15:21:06,1,1,1,2590.6,0,-25.6,-1120,2336,0,0.00,0.00,0,0,0.00,0.00,0
2026-05-09 15:21:06,1,1,1,2571.6,-39,-26.1,-1130,2310,0,0.00,0.00,0,0,0.00,0.00,0
2026-05-09 15:21:06,1,1,1,2571.6,-39,-26.1,-1130,2310,0,0.00,0.00,0,0,0.00,0.00,0
2026-05-09 15:21:06,1,1,1,2529.9,-32,-26.5,-1127,2265,0,0.00,0.00,0,0,0.00,0.00,0
2026-05-09 15:21:06,1,1,1,2481.2,-56,-26.8,-1118,2215,0,0.00,0.00,0,0,0.00,0.00,0
2026-05-09 15:21:06,1,1,1,2481.2,-56,-26.8,-1118,2215,0,0.00,0.00,0,0,0.00,0.00,0
2026-05-09 15:21:06,1,1,1,2427.1,-64,-27.0,-1103,2162,0,0.00,0.00,0,0,0.00,0.00,0
2026-05-09 15:21:06,1,1,1,2427.1,-64,-27.0,-1103,2162,0,0.00,0.00,0,0,0.00,0.00,0
2026-05-09 15:21:06,1,1,1,2380.3,0,-27.3,-1092,2115,0,0.00,0.00,0,0,0.00,0.00,0
2026-05-09 15:21:06,1,1,1,2380.3,0,-27.3,-1092,2115,0,0.00,0.00,0,0,0.00,0.00,0
2026-05-09 15:21:07,1,1,1,2495.5,0,-28.5,-1191,2193,0,0.00,0.00,0,0,0.00,0.00,0
2026-05-09 15:21:07,1,1,1,2495.5,0,-28.5,-1191,2193,0,0.00,0.00,0,0,0.00,0.00,0
2026-05-09 15:21:07,1,1,1,2633.3,0,-29.2,-1284,2299,0,0.00,0.00,0,0,0.00,0.00,0
2026-05-09 15:21:07,1,1,1,2771.6,-16,-29.7,-1374,2407,0,0.00,0.00,0,0,0.00,0.00,0
2026-05-09 15:21:07,1,1,1,2771.6,-16,-29.7,-1374,2407,0,0.00,0.00,0,0,0.00,0.00,0
2026-05-09 15:21:07,1,1,1,2697.4,-16,-28.8,-1299,2364,0,0.00,0.00,0,0,0.00,0.00,0
2026-05-09 15:21:07,1,1,1,2697.4,-16,-28.8,-1299,2364,0,0.00,0.00,0,1,2.25,-0.23,10957
2026-05-09 15:21:07,1,1,1,2651.2,0,-28.2,-1252,2337,0,0.00,0.00,0,1,2.25,-0.23,10957
2026-05-09 15:21:07,1,1,1,2651.2,0,-28.2,-1252,2337,1,2.22,-0.23,10957,1,2.22,-0.23,10957
2026-05-09 15:21:07,1,1,1,2648.5,0,-27.7,-1231,2345,1,2.22,-0.23,10957,1,2.22,-0.23,10957
2026-05-09 15:21:07,1,1,1,2632.8,8,-26.1,-1159,2364,1,2.22,-0.23,10957,1,2.22,-0.23,10957
2026-05-09 15:21:07,1,1,1,2632.8,8,-26.1,-1159,2364,1,2.22,-0.23,10957,1,2.22,-0.23,10957
2026-05-09 15:21:07,1,1,1,2643.8,0,-22.8,-1025,2437,1,2.22,-0.23,10957,1,2.22,-0.23,10957
2026-05-09 15:21:07,1,1,1,2643.8,0,-22.8,-1025,2437,1,2.22,-0.23,10957,1,2.22,-0.23,10957
2026-05-09 15:21:07,1,1,1,2708.4,0,-19.6,-907,2552,1,2.22,-0.23,10957,1,2.22,-0.23,10957
2026-05-09 15:21:07,1,1,1,2708.4,0,-19.6,-907,2552,1,2.22,-0.23,10957,1,2.22,-0.23,10957
2026-05-09 15:21:07,1,1,1,2775.0,-16,-16.6,-794,2659,1,2.22,-0.23,10957,1,2.22,-0.23,10957
2026-05-09 15:21:07,1,1,1,2775.0,-16,-16.6,-794,2659,1,2.22,-0.23,10957,1,2.22,-0.23,10957
2026-05-09 15:21:07,1,1,1,2652.5,-32,-15.0,-687,2562,1,2.22,-0.23,10957,1,2.22,-0.23,10957
2026-05-09 15:21:07,1,1,1,2510.7,-32,-13.3,-579,2443,1,2.22,-0.23,10957,1,2.22,-0.23,10957
2026-05-09 15:21:08,1,1,1,2510.7,-32,-13.3,-579,2443,1,2.22,-0.23,10957,1,2.22,-0.23,10957
2026-05-09 15:21:08,1,1,1,2375.0,0,-11.5,-475,2327,1,0.00,0.00,0,0,0.00,0.00,0
2026-05-09 15:21:08,1,1,1,2375.0,0,-11.5,-475,2327,1,0.00,0.00,0,0,0.00,0.00,0
2026-05-09 15:21:08,1,1,1,2457.7,0,-10.6,-451,2416,1,0.00,0.00,0,0,0.00,0.00,0
2026-05-09 15:21:08,1,1,1,2457.7,0,-10.6,-451,2416,1,1.99,-0.24,7954,1,1.99,-0.24,7954
2026-05-09 15:21:08,1,1,1,2556.5,0,-10.3,-459,2515,1,1.99,-0.24,7954,1,1.99,-0.24,7954
2026-05-09 15:21:08,1,1,1,2659.2,0,-11.0,-509,2610,1,1.97,-0.24,7954,1,1.97,-0.24,7954
2026-05-09 15:21:08,1,1,1,2659.2,0,-11.0,-509,2610,1,1.97,-0.24,7954,1,1.97,-0.24,7954
2026-05-09 15:21:08,1,1,1,2770.7,0,-12.0,-577,2710,1,1.90,-0.23,18820,1,1.90,-0.23,18820
2026-05-09 15:21:08,1,1,1,2770.7,0,-12.0,-577,2710,1,1.90,-0.23,18820,1,1.90,-0.23,18820
2026-05-09 15:21:08,1,1,1,2880.8,0,-13.1,-652,2806,1,1.87,-0.23,18820,1,1.87,-0.23,18820
2026-05-09 15:21:08,1,1,1,2880.8,0,-13.1,-652,2806,1,1.87,-0.23,18820,1,1.87,-0.23,18820
2026-05-09 15:21:08,1,1,1,2985.9,0,-14.1,-727,2896,1,1.87,-0.23,18820,1,1.87,-0.23,18820
2026-05-09 15:21:08,1,1,1,2985.9,0,-14.1,-727,2896,1,1.87,-0.23,18820,1,1.87,-0.23,18820
2026-05-09 15:21:08,1,1,1,3081.1,0,-15.0,-798,2976,1,1.87,-0.23,18820,1,1.87,-0.23,18820
2026-05-09 15:21:08,1,1,1,3166.6,0,-15.8,-862,3047,1,1.87,-0.23,18820,1,1.87,-0.23,18820
2026-05-09 15:21:08,1,1,1,3166.6,0,-15.8,-862,3047,1,1.81,0.23,5389,1,1.81,0.23,5389
2026-05-09 15:21:08,1,1,1,3242.0,0,-16.5,-919,3109,1,1.81,0.23,5389,1,1.81,0.23,5389
2026-05-09 15:21:08,1,1,1,3242.0,0,-16.5,-919,3109,1,1.92,0.36,12221,1,1.92,0.36,12221
2026-05-09 15:21:08,1,1,1,3306.2,0,-17.0,-969,3161,1,1.92,0.36,12221,1,1.92,0.36,12221
2026-05-09 15:21:09,1,1,1,3306.2,0,-17.0,-969,3161,1,2.03,0.81,1370,1,2.03,0.81,1370
2026-05-09 15:21:09,1,1,1,3361.9,0,-17.5,-1012,3206,1,2.03,0.81,1370,1,2.03,0.81,1370
2026-05-09 15:21:09,1,1,1,3361.9,0,-17.5,-1012,3206,1,2.11,0.81,1370,1,2.11,0.81,1370
2026-05-09 15:21:09,1,1,1,3409.4,0,-17.9,-1049,3244,1,2.11,0.81,1370,1,2.11,0.81,1370
2026-05-09 15:21:09,1,1,1,3449.4,0,-18.2,-1080,3276,1,2.11,0.81,1370,1,2.11,0.81,1370
2026-05-09 15:21:09,1,1,1,3449.4,0,-18.2,-1080,3276,0,0.00,0.00,0,1,2.11,0.81,1370
2026-05-09 15:21:09,1,1,1,3482.3,0,-18.5,-1106,3302,0,0.00,0.00,0,1,2.11,0.81,1370
2026-05-09 15:21:09,1,1,1,3482.3,0,-18.5,-1106,3302,0,0.00,0.00,0,1,2.11,0.81,1370
2026-05-09 15:21:09,1,1,1,3497.2,0,-18.6,-1117,3314,0,0.00,0.00,0,1,2.11,0.81,1370
2026-05-09 15:21:09,1,1,1,3497.2,0,-18.6,-1117,3314,0,0.00,0.00,0,1,2.11,0.81,1370
2026-05-09 15:21:09,1,1,1,3509.9,0,-18.7,-1127,3324,0,0.00,0.00,0,1,2.11,0.81,1370
2026-05-09 15:21:09,1,1,1,3512.6,0,-19.1,-1147,3320,0,0.00,0.00,0,1,2.11,0.81,1370
2026-05-09 15:21:09,1,1,1,3512.6,0,-19.1,-1147,3320,0,0.00,0.00,0,1,2.11,0.81,1370
2026-05-09 15:21:09,1,1,1,3500.7,0,-19.8,-1185,3294,0,0.00,0.00,0,1,2.11,0.81,1370
2026-05-09 15:21:09,1,1,1,3500.7,0,-19.8,-1185,3294,0,0.00,0.00,0,1,2.11,0.81,1370
2026-05-09 15:21:09,1,1,1,3479.3,0,-20.3,-1205,3264,0,0.00,0.00,0,0,0.00,0.00,0
2026-05-09 15:21:09,1,1,1,3479.3,0,-20.3,-1205,3264,0,0.00,0.00,0,0,0.00,0.00,0
2026-05-09 15:21:09,1,1,1,3453.9,0,-20.8,-1226,3229,0,0.00,0.00,0,0,0.00,0.00,0
2026-05-09 15:21:09,1,1,1,3453.9,0,-20.8,-1226,3229,0,0.00,0.00,0,0,0.00,0.00,0
2026-05-09 15:21:09,1,1,1,3430.9,0,-21.3,-1245,3197,0,0.00,0.00,0,0,0.00,0.00,0
2026-05-09 15:21:10,1,1,1,3410.1,0,-21.7,-1262,3168,0,0.00,0.00,0,0,0.00,0.00,0
2026-05-09 15:21:10,1,1,1,3410.1,0,-21.7,-1262,3168,0,0.00,0.00,0,0,0.00,0.00,0
2026-05-09 15:21:10,1,1,1,3391.6,0,-22.1,-1277,3142,0,0.00,0.00,0,0,0.00,0.00,0
2026-05-09 15:21:10,1,1,1,3391.6,0,-22.1,-1277,3142,0,0.00,0.00,0,0,0.00,0.00,0
2026-05-09 15:21:10,1,1,1,3375.2,0,-22.5,-1290,3119,0,0.00,0.00,0,0,0.00,0.00,0
2026-05-09 15:21:10,1,1,1,3375.2,0,-22.5,-1290,3119,0,0.00,0.00,0,0,0.00,0.00,0
2026-05-09 15:21:10,1,1,1,3360.9,0,-22.8,-1303,3098,0,0.00,0.00,0,1,2.50,0.23,3474
2026-05-09 15:21:10,1,1,1,3347.7,0,-23.1,-1314,3079,0,0.00,0.00,0,1,2.50,0.23,3474
2026-05-09 15:21:10,1,1,1,3347.7,0,-23.1,-1314,3079,1,2.52,0.23,3474,1,2.52,0.23,3474
2026-05-09 15:21:10,1,1,1,3335.1,0,-23.4,-1324,3061,1,2.52,0.23,3474,1,2.52,0.23,3474
2026-05-09 15:21:10,1,1,1,3335.1,0,-23.4,-1324,3061,1,2.52,0.23,3474,1,2.52,0.23,3474
2026-05-09 15:21:10,1,1,1,3324.9,0,-23.6,-1333,3046,1,2.52,0.23,3474,1,2.52,0.23,3474
2026-05-09 15:21:10,1,1,1,3324.9,0,-23.6,-1333,3046,1,2.52,0.23,3474,1,2.52,0.23,3474
2026-05-09 15:21:10,1,1,1,3321.5,0,-23.7,-1336,3041,1,2.52,0.23,3474,1,2.52,0.23,3474
2026-05-09 15:21:10,1,1,1,3321.5,0,-23.7,-1336,3041,1,2.52,0.23,3474,1,2.52,0.23,3474
2026-05-09 15:21:10,1,1,1,3318.2,0,-23.8,-1339,3036,1,2.52,0.23,3474,1,2.52,0.23,3474
2026-05-09 15:21:10,1,1,1,3314.8,0,-23.9,-1342,3031,1,2.52,0.23,3474,1,2.52,0.23,3474
2026-05-09 15:21:10,1,1,1,3314.8,0,-23.9,-1342,3031,1,2.52,0.23,3474,1,2.52,0.23,3474
2026-05-09 15:21:10,1,1,1,3312.0,0,-23.9,-1344,3027,1,2.52,0.23,3474,1,2.52,0.23,3474
2026-05-09 15:21:10,1,1,1,3312.0,0,-23.9,-1344,3027,1,2.52,0.23,3474,1,2.52,0.23,3474
2026-05-09 15:21:11,1,1,1,3308.6,0,-24.0,-1347,3022,1,2.52,0.23,3474,1,2.52,0.23,3474
2026-05-09 15:21:11,1,1,1,3308.6,0,-24.0,-1347,3022,1,0.00,0.00,0,0,0.00,0.00,0
2026-05-09 15:21:11,1,1,1,3305.8,0,-24.1,-1349,3018,1,2.24,-0.47,8146,1,2.24,-0.47,8146
2026-05-09 15:21:11,1,1,1,3305.8,0,-24.1,-1349,3018,1,2.24,-0.47,8146,1,2.24,-0.47,8146
2026-05-09 15:21:11,1,1,1,3305.8,0,-24.1,-1349,3018,1,2.20,-0.47,8146,1,2.20,-0.47,8146
2026-05-09 15:21:11,1,1,1,3305.8,0,-24.1,-1349,3018,1,2.20,-0.47,8146,1,2.20,-0.47,8146
2026-05-09 15:21:11,1,1,1,3305.8,0,-24.1,-1349,3018,1,2.20,-0.47,8146,1,2.20,-0.47,8146
2026-05-09 15:21:11,1,1,1,3304.8,0,-24.1,-1351,3016,1,2.20,-0.47,8146,1,2.20,-0.47,8146
2026-05-09 15:21:11,1,1,1,3304.8,0,-24.1,-1351,3016,1,2.20,-0.47,8146,1,2.20,-0.47,8146
2026-05-09 15:21:11,1,1,1,3304.7,0,-24.2,-1353,3015,1,2.20,-0.47,8146,1,2.20,-0.47,8146
2026-05-09 15:21:11,1,1,1,3304.7,0,-24.2,-1353,3015,1,2.00,-0.44,43537,1,2.00,-0.44,43537
2026-05-09 15:21:11,1,1,1,3304.2,0,-24.2,-1354,3014,1,2.00,-0.44,43537,1,2.00,-0.44,43537
2026-05-09 15:21:11,1,1,1,3303.2,0,-24.2,-1356,3012,1,1.95,-0.44,43537,1,1.95,-0.44,43537
2026-05-09 15:21:11,1,1,1,3303.2,0,-24.2,-1356,3012,1,1.95,-0.44,43537,1,1.95,-0.44,43537
2026-05-09 15:21:11,1,1,1,3302.7,0,-24.3,-1357,3011,1,1.96,-0.33,29250,1,1.96,-0.33,29250
2026-05-09 15:21:11,1,1,1,3302.7,0,-24.3,-1357,3011,1,1.96,-0.33,29250,1,1.96,-0.33,29250
2026-05-09 15:21:11,1,1,1,3301.5,0,-24.4,-1363,3007,1,1.97,-0.29,19972,1,1.97,-0.29,19972
2026-05-09 15:21:11,1,1,1,3301.5,0,-24.4,-1363,3007,1,1.97,-0.29,19972,1,1.97,-0.29,19972
2026-05-09 15:21:11,1,1,1,3300.2,0,-24.5,-1371,3002,1,2.28,-0.16,3925,1,2.28,-0.16,3925
2026-05-09 15:21:11,1,1,1,3297.4,0,-24.6,-1373,2998,1,2.28,-0.16,3925,1,2.28,-0.16,3925
2026-05-09 15:21:12,1,1,1,3297.4,0,-24.6,-1373,2998,1,2.21,-0.18,13418,1,2.21,-0.18,13418
2026-05-09 15:21:12,1,1,1,3289.1,0,-24.3,-1355,2997,1,2.21,-0.18,13418,1,2.21,-0.18,13418
2026-05-09 15:21:12,1,1,1,3289.1,0,-24.3,-1355,2997,1,2.12,-0.21,27977,1,2.12,-0.21,27977
2026-05-09 15:21:12,1,1,1,3276.5,0,-23.8,-1322,2998,1,2.12,-0.21,27977,1,2.12,-0.21,27977
2026-05-09 15:21:12,1,1,1,3276.5,0,-23.8,-1322,2998,1,2.28,-0.12,4729,1,2.28,-0.12,4729
2026-05-09 15:21:12,1,1,1,3268.2,0,-23.3,-1292,3002,1,2.28,-0.12,4729,1,2.28,-0.12,4729
2026-05-09 15:21:12,1,1,1,3268.2,0,-23.3,-1292,3002,1,2.19,-0.16,37673,1,2.19,-0.16,37673
2026-05-09 15:21:12,1,1,1,3245.2,0,-22.0,-1218,3008,1,2.19,-0.16,37673,1,2.19,-0.16,37673
2026-05-09 15:21:12,1,1,1,3226.2,0,-20.8,-1148,3015,1,2.32,-0.09,5840,1,2.32,-0.09,5840
2026-05-09 15:21:12,1,1,1,3226.2,0,-20.8,-1148,3015,1,2.32,-0.09,5840,1,2.32,-0.09,5840
2026-05-09 15:21:12,1,1,1,3209.9,0,-19.8,-1085,3021,1,2.43,-0.03,8489,1,2.43,-0.03,8489
2026-05-09 15:21:12,1,1,1,3209.9,0,-19.8,-1085,3021,1,2.43,-0.03,8489,1,2.43,-0.03,8489
2026-05-09 15:21:12,1,1,1,3198.7,0,-18.6,-1022,3031,1,2.42,-0.03,8489,1,2.42,-0.03,8489
2026-05-09 15:21:12,1,1,1,3198.7,0,-18.6,-1022,3031,1,2.42,-0.03,8489,1,2.42,-0.03,8489
2026-05-09 15:21:12,1,1,1,3188.1,0,-17.4,-951,3043,1,2.53,0.02,2473,1,2.53,0.02,2473
2026-05-09 15:21:12,1,1,1,3179.9,0,-16.0,-879,3056,1,2.53,0.02,2473,1,2.53,0.02,2473
2026-05-09 15:21:12,1,1,1,3179.9,0,-16.0,-879,3056,1,2.53,0.02,2473,1,2.53,0.02,2473
2026-05-09 15:21:12,1,1,1,3172.6,0,-15.0,-823,3064,1,2.53,0.02,2473,1,2.53,0.02,2473
2026-05-09 15:21:12,1,1,1,3172.6,0,-15.0,-823,3064,1,2.48,0.01,5989,1,2.48,0.01,5989
2026-05-09 15:21:12,1,1,1,3170.8,0,-15.5,-849,3055,1,2.48,0.01,5989,1,2.48,0.01,5989
2026-05-09 15:21:13,1,1,1,3170.8,0,-15.5,-849,3055,1,2.58,0.09,3761,1,2.58,0.09,3761
2026-05-09 15:21:13,1,1,1,3167.2,0,-16.5,-902,3036,1,2.58,0.09,3761,1,2.58,0.09,3761
2026-05-09 15:21:13,1,1,1,3167.2,0,-16.5,-902,3036,1,2.59,0.09,3761,1,2.59,0.09,3761
2026-05-09 15:21:13,1,1,1,3168.4,0,-18.9,-1028,2997,1,2.59,0.09,3761,1,2.59,0.09,3761
2026-05-09 15:21:13,1,1,1,3172.9,0,-21.4,-1158,2954,1,2.59,0.09,3761,1,2.59,0.09,3761
2026-05-09 15:21:13,1,1,1,3172.9,0,-21.4,-1158,2954,1,2.59,0.09,3761,1,2.59,0.09,3761
2026-05-09 15:21:13,1,1,1,3160.7,0,-23.4,-1257,2900,1,2.59,0.09,3761,1,2.59,0.09,3761
2026-05-09 15:21:13,1,1,1,3160.7,0,-23.4,-1257,2900,1,2.59,0.09,3761,1,2.59,0.09,3761
2026-05-09 15:21:13,1,1,1,3134.8,48,-25.3,-1340,2834,1,2.59,0.09,3761,1,2.59,0.09,3761
2026-05-09 15:21:13,1,1,1,3134.8,48,-25.3,-1340,2834,1,2.59,0.09,3761,1,2.59,0.09,3761
2026-05-09 15:21:13,1,1,1,3132.3,0,-26.7,-1408,2798,1,2.59,0.09,3761,1,2.59,0.09,3761
2026-05-09 15:21:13,1,1,1,3132.3,0,-26.7,-1408,2798,1,2.59,0.09,3761,1,2.59,0.09,3761
2026-05-09 15:21:13,1,1,1,3143.6,0,-28.0,-1477,2775,1,2.30,0.48,3925,1,2.30,0.48,3925
2026-05-09 15:21:13,1,1,1,3147.4,64,-29.3,-1538,2746,1,2.30,0.48,3925,1,2.30,0.48,3925
2026-05-09 15:21:13,1,1,1,3147.4,64,-29.3,-1538,2746,1,2.35,0.48,3925,1,2.35,0.48,3925
2026-05-09 15:21:13,1,1,1,3020.8,64,-31.6,-1581,2574,1,2.35,0.48,3925,1,2.35,0.48,3925
2026-05-09 15:21:13,1,1,1,3020.8,64,-31.6,-1581,2574,1,2.46,0.62,1097,1,2.46,0.62,1097
2026-05-09 15:21:13,1,1,1,2874.5,64,-33.6,-1591,2394,1,2.46,0.62,1097,1,2.46,0.62,1097
2026-05-09 15:21:13,1,1,1,2874.5,64,-33.6,-1591,2394,1,2.52,0.65,4961,1,2.52,0.65,4961
2026-05-09 15:21:13,1,1,1,2754.3,72,-35.4,-1597,2244,1,2.52,0.65,4961,1,2.52,0.65,4961
2026-05-09 15:21:14,1,1,1,2667.4,88,-37.0,-1607,2129,1,2.57,0.73,3176,1,2.57,0.73,3176
2026-05-09 15:21:14,1,1,1,2667.4,88,-37.0,-1607,2129,1,2.57,0.73,3176,1,2.57,0.73,3176
2026-05-09 15:21:14,1,1,1,2620.2,96,-38.4,-1628,2053,1,2.65,0.73,3176,1,2.65,0.73,3176
2026-05-09 15:21:14,1,1,1,2620.2,96,-38.4,-1628,2053,1,2.65,0.73,3176,1,2.65,0.73,3176
2026-05-09 15:21:14,1,1,1,2608.9,96,-39.6,-1662,2011,1,2.65,0.73,3176,1,2.65,0.73,3176
2026-05-09 15:21:14,1,1,1,2608.9,96,-39.6,-1662,2011,1,2.65,0.73,3176,1,2.65,0.73,3176
2026-05-09 15:21:14,1,1,1,2603.7,64,-41.0,-1707,1966,1,2.65,0.73,3176,1,2.65,0.73,3176
2026-05-09 15:21:14,1,1,1,2603.7,64,-41.0,-1707,1966,1,2.65,0.73,3176,1,2.65,0.73,3176
2026-05-09 15:21:14,1,1,1,2603.7,56,-42.6,-1763,1916,1,2.65,0.73,3176,1,2.65,0.73,3176
2026-05-09 15:21:14,1,1,1,2622.5,64,-43.9,-1817,1891,1,2.65,0.73,3176,1,2.65,0.73,3176
2026-05-09 15:21:14,1,1,1,2622.5,64,-43.9,-1817,1891,1,2.65,0.73,3176,1,2.65,0.73,3176
2026-05-09 15:21:14,1,1,1,2641.8,64,-45.0,-1867,1869,1,2.65,0.73,3176,1,2.65,0.73,3176
2026-05-09 15:21:14,1,1,1,2641.8,64,-45.0,-1867,1869,1,2.65,0.73,3176,1,2.65,0.73,3176
2026-05-09 15:21:14,1,1,1,2674.0,72,-46.0,-1924,1857,1,2.65,0.73,3176,1,2.65,0.73,3176
2026-05-09 15:21:14,1,1,1,2674.0,72,-46.0,-1924,1857,1,2.65,0.73,3176,1,2.65,0.73,3176
2026-05-09 15:21:14,1,1,1,2734.9,48,-47.1,-2005,1860,1,0.00,0.00,0,0,0.00,0.00,0
2026-05-09 15:21:14,1,1,1,2780.1,48,-48.1,-2068,1858,1,0.00,0.00,0,0,0.00,0.00,0
2026-05-09 15:21:14,1,1,1,2780.1,48,-48.1,-2068,1858,1,0.00,0.00,0,0,0.00,0.00,0
2026-05-09 15:21:14,1,1,1,2807.8,32,-49.2,-2127,1833,1,0.00,0.00,0,0,0.00,0.00,0
2026-05-09 15:21:14,1,1,1,2807.8,32,-49.2,-2127,1833,1,0.00,0.00,0,0,0.00,0.00,0
2026-05-09 15:21:15,1,1,1,2821.4,39,-50.9,-2189,1780,0,0.00,0.00,0,0,0.00,0.00,0
2026-05-09 15:21:15,1,1,1,2821.4,39,-50.9,-2189,1780,0,0.00,0.00,0,0,0.00,0.00,0
2026-05-09 15:21:15,1,1,1,2831.7,39,-52.6,-2251,1718,0,0.00,0.00,0,0,0.00,0.00,0
2026-05-09 15:21:15,1,1,1,2831.7,39,-52.6,-2251,1718,0,0.00,0.00,0,0,0.00,0.00,0
2026-05-09 15:21:15,1,1,1,2840.9,39,-54.4,-2309,1655,0,0.00,0.00,0,0,0.00,0.00,0
2026-05-09 15:21:15,1,1,1,2849.0,39,-54.9,-2331,1638,0,0.00,0.00,0,0,0.00,0.00,0
2026-05-09 15:21:15,1,1,1,2849.0,39,-54.9,-2331,1638,0,0.00,0.00,0,0,0.00,0.00,0
2026-05-09 15:21:15,1,1,1,2862.6,32,-54.9,-2342,1646,0,0.00,0.00,0,0,0.00,0.00,0
2026-05-09 15:21:15,1,1,1,2862.6,32,-54.9,-2342,1646,0,0.00,0.00,0,0,0.00,0.00,0
2026-05-09 15:21:15,1,1,1,2870.5,16,-55.0,-2351,1647,0,0.00,0.00,0,0,0.00,0.00,0
2026-05-09 15:21:15,1,1,1,2870.5,16,-55.0,-2351,1647,0,0.00,0.00,0,0,0.00,0.00,0
2026-05-09 15:21:15,1,1,1,2892.1,0,-54.8,-2364,1666,0,0.00,0.00,0,0,0.00,0.00,0
2026-05-09 15:21:15,1,1,1,2914.4,-24,-54.8,-2380,1682,0,0.00,0.00,0,0,0.00,0.00,0
2026-05-09 15:21:15,1,1,1,2914.4,-24,-54.8,-2380,1682,0,0.00,0.00,0,0,0.00,0.00,0
2026-05-09 15:21:15,1,1,1,2940.6,-24,-54.6,-2398,1702,0,0.00,0.00,0,0,0.00,0.00,0
2026-05-09 15:21:15,1,1,1,2940.6,-24,-54.6,-2398,1702,0,0.00,0.00,0,0,0.00,0.00,0
2026-05-09 15:21:15,1,1,1,2967.9,-24,-54.2,-2408,1735,0,0.00,0.00,0,0,0.00,0.00,0
2026-05-09 15:21:15,1,1,1,2967.9,-24,-54.2,-2408,1735,0,0.00,0.00,0,0,0.00,0.00,0
2026-05-09 15:21:15,1,1,1,3003.4,0,-53.7,-2422,1776,0,0.00,0.00,0,0,0.00,0.00,0
2026-05-09 15:21:15,1,1,1,3003.4,0,-53.7,-2422,1776,0,0.00,0.00,0,0,0.00,0.00,0
2026-05-09 15:21:16,1,1,1,3025.8,-48,-53.4,-2430,1803,0,0.00,0.00,0,0,0.00,0.00,0
2026-05-09 15:21:16,1,1,1,3011.9,-56,-53.7,-2426,1785,0,0.00,0.00,0,0,0.00,0.00,0
2026-05-09 15:21:16,1,1,1,3011.9,-56,-53.7,-2426,1785,0,0.00,0.00,0,0,0.00,0.00,0
2026-05-09 15:21:16,1,1,1,3002.0,-56,-53.8,-2421,1775,0,0.00,0.00,0,0,0.00,0.00,0
2026-05-09 15:21:16,1,1,1,3002.0,-56,-53.8,-2421,1775,0,0.00,0.00,0,0,0.00,0.00,0
2026-05-09 15:21:16,1,1,1,2991.0,-64,-53.8,-2414,1766,0,0.00,0.00,0,0,0.00,0.00,0
2026-05-09 15:21:16,1,1,1,2991.0,-64,-53.8,-2414,1766,0,0.00,0.00,0,0,0.00,0.00,0
2026-05-09 15:21:16,1,1,1,2982.3,-88,-53.9,-2409,1758,0,0.00,0.00,0,0,0.00,0.00,0
2026-05-09 15:21:16,1,1,1,2969.1,-88,-53.9,-2400,1748,0,0.00,0.00,0,0,0.00,0.00,0
2026-05-09 15:21:16,1,1,1,2969.1,-88,-53.9,-2400,1748,0,0.00,0.00,0,0,0.00,0.00,0
2026-05-09 15:21:16,1,1,1,2953.7,-72,-53.9,-2386,1741,0,0.00,0.00,0,1,2.76,-0.72,2997
2026-05-09 15:21:16,1,1,1,2953.7,-72,-53.9,-2386,1741,0,0.00,0.00,0,1,2.76,-0.72,2997
2026-05-09 15:21:16,1,1,1,2936.4,-64,-53.8,-2369,1735,0,0.00,0.00,0,1,2.75,-0.68,2209
2026-05-09 15:21:16,1,1,1,2936.4,-64,-53.8,-2369,1735,0,0.00,0.00,0,1,2.75,-0.68,2209
2026-05-09 15:21:16,1,1,1,2920.1,-56,-53.6,-2351,1732,0,0.00,0.00,0,1,2.63,-0.68,2941
2026-05-09 15:21:16,1,1,1,2920.1,-56,-53.6,-2351,1732,0,0.00,0.00,0,1,2.63,-0.68,2941
2026-05-09 15:21:16,1,1,1,2903.2,-64,-53.4,-2330,1732,0,0.00,0.00,0,1,2.56,-0.63,11866
2026-05-09 15:21:16,1,1,1,2848.1,-56,-52.6,-2264,1728,0,0.00,0.00,0,1,2.56,-0.63,11866
2026-05-09 15:21:16,1,1,1,2848.1,-56,-52.6,-2264,1728,1,2.50,-0.59,6082,1,2.50,-0.59,6082
2026-05-09 15:21:16,1,1,1,2797.1,-64,-51.7,-2194,1735,1,2.50,-0.59,6082,1,2.50,-0.59,6082
2026-05-09 15:21:17,1,1,1,2797.1,-64,-51.7,-2194,1735,1,2.44,-0.59,6082,1,2.44,-0.59,6082
2026-05-09 15:21:17,1,1,1,2693.5,-48,-50.0,-2062,1733,1,2.44,-0.59,6082,1,2.44,-0.59,6082
2026-05-09 15:21:17,1,1,1,2693.5,-48,-50.0,-2062,1733,1,2.37,-0.57,3778,1,2.37,-0.57,3778
2026-05-09 15:21:17,1,1,1,2590.9,-39,-48.8,-1950,1706,1,2.37,-0.57,3778,1,2.37,-0.57,3778
2026-05-09 15:21:17,1,1,1,2590.9,-39,-48.8,-1950,1706,1,2.31,-0.57,3778,1,2.31,-0.57,3778
2026-05-09 15:21:17,1,1,1,2502.6,-39,-47.8,-1854,1681,1,2.31,-0.57,3778,1,2.31,-0.57,3778
2026-05-09 15:21:17,1,1,1,2425.0,-39,-46.6,-1763,1665,1,2.24,-0.55,8874,1,2.24,-0.55,8874
2026-05-09 15:21:17,1,1,1,2425.0,-39,-46.6,-1763,1665,1,2.24,-0.55,8874,1,2.24,-0.55,8874
2026-05-09 15:21:17,1,1,1,2363.2,0,-45.4,-1682,1660,1,2.18,-0.55,8874,1,2.18,-0.55,8874
2026-05-09 15:21:17,1,1,1,2363.2,0,-45.4,-1682,1660,1,2.18,-0.55,8874,1,2.18,-0.55,8874
2026-05-09 15:21:17,1,1,1,2294.2,-48,-44.0,-1595,1649,1,2.18,-0.55,8874,1,2.18,-0.55,8874
2026-05-09 15:21:17,1,1,1,2294.2,-48,-44.0,-1595,1649,1,2.18,-0.55,8874,1,2.18,-0.55,8874
2026-05-09 15:21:17,1,1,1,2224.2,-64,-42.7,-1509,1634,1,2.18,-0.55,8874,1,2.18,-0.55,8874
2026-05-09 15:21:17,1,1,1,2149.8,-64,-41.3,-1419,1615,1,2.18,-0.55,8874,1,2.18,-0.55,8874
2026-05-09 15:21:17,1,1,1,2149.8,-64,-41.3,-1419,1615,1,2.18,-0.55,8874,1,2.18,-0.55,8874
2026-05-09 15:21:17,1,1,1,2080.5,-39,-39.3,-1319,1609,1,2.18,-0.55,8874,1,2.18,-0.55,8874
2026-05-09 15:21:17,1,1,1,2080.5,-39,-39.3,-1319,1609,1,3.21,-0.01,1765,1,3.21,-0.01,1765
2026-05-09 15:21:17,1,1,1,2023.8,0,-37.1,-1221,1614,1,3.21,-0.01,1765,1,3.21,-0.01,1765
2026-05-09 15:21:17,1,1,1,2023.8,0,-37.1,-1221,1614,1,3.21,-0.01,1765,1,3.21,-0.01,1765
2026-05-09 15:21:17,1,1,1,2189.0,0,-35.4,-1267,1785,1,3.21,-0.01,1765,1,3.21,-0.01,1765
2026-05-09 15:21:18,1,1,1,2189.0,0,-35.4,-1267,1785,1,3.21,-0.01,1765,1,3.21,-0.01,1765
2026-05-09 15:21:18,1,1,1,2366.4,0,-33.8,-1317,1966,0,0.00,0.00,0,1,3.21,-0.01,1765
2026-05-09 15:21:18,1,1,1,2546.7,0,-32.8,-1379,2141,0,0.00,0.00,0,1,3.21,-0.01,1765
2026-05-09 15:21:18,1,1,1,2546.7,0,-32.8,-1379,2141,0,0.00,0.00,0,1,3.21,-0.01,1765
2026-05-09 15:21:18,1,1,1,2719.6,0,-32.1,-1445,2304,0,0.00,0.00,0,1,3.21,-0.01,1765
2026-05-09 15:21:18,1,1,1,2719.6,0,-32.1,-1445,2304,0,0.00,0.00,0,1,3.21,-0.01,1765
2026-05-09 15:21:18,1,1,1,2877.4,0,-31.6,-1509,2450,0,0.00,0.00,0,1,3.25,0.00,9010
2026-05-09 15:21:18,1,1,1,2877.4,0,-31.6,-1509,2450,0,0.00,0.00,0,1,3.25,0.00,9010
2026-05-09 15:21:18,1,1,1,2993.4,0,-30.6,-1523,2577,1,3.25,0.00,11080,1,3.25,0.00,11080
2026-05-09 15:21:18,1,1,1,3093.2,0,-29.6,-1527,2690,1,3.25,0.00,11080,1,3.25,0.00,11080
2026-05-09 15:21:18,1,1,1,3093.2,0,-29.6,-1527,2690,1,3.25,0.00,11080,1,3.25,0.00,11080
2026-05-09 15:21:18,1,1,1,3178.2,0,-28.7,-1524,2789,1,3.25,0.00,11080,1,3.25,0.00,11080
2026-05-09 15:21:18,1,1,1,3178.2,0,-28.7,-1524,2789,1,3.25,0.00,11080,1,3.25,0.00,11080
2026-05-09 15:21:18,1,1,1,3250.3,0,-27.8,-1518,2874,1,3.25,0.00,11080,1,3.25,0.00,11080
2026-05-09 15:21:18,1,1,1,3250.3,0,-27.8,-1518,2874,1,3.25,0.00,11080,1,3.25,0.00,11080
2026-05-09 15:21:18,1,1,1,3218.9,0,-24.8,-1348,2923,1,3.25,0.00,11080,1,3.25,0.00,11080
2026-05-09 15:21:18,1,1,1,3218.9,0,-24.8,-1348,2923,1,3.25,0.07,7949,1,3.25,0.07,7949
2026-05-09 15:21:18,1,1,1,3196.4,0,-21.7,-1184,2969,1,3.25,0.07,7949,1,3.25,0.07,7949
2026-05-09 15:21:18,1,1,1,3176.3,0,-18.8,-1023,3007,1,3.25,0.07,7949,1,3.25,0.07,7949
2026-05-09 15:21:18,1,1,1,3176.3,0,-18.8,-1023,3007,1,3.25,0.07,7949,1,3.25,0.07,7949
2026-05-09 15:21:19,1,1,1,3160.9,0,-16.0,-873,3038,1,3.25,0.07,7949,1,3.25,0.07,7949
2026-05-09 15:21:19,1,1,1,3160.9,0,-16.0,-873,3038,1,3.25,0.07,7949,1,3.25,0.07,7949
2026-05-09 15:21:19,1,1,1,3151.4,0,-13.5,-737,3064,1,3.25,0.07,7949,1,3.25,0.07,7949
2026-05-09 15:21:19,1,1,1,3151.4,0,-13.5,-737,3064,1,3.25,0.07,7949,1,3.25,0.07,7949
2026-05-09 15:21:19,1,1,1,3164.6,0,-12.6,-692,3088,1,1.78,0.23,9497,1,1.78,0.23,9497
2026-05-09 15:21:19,1,1,1,3181.1,0,-12.6,-696,3104,1,1.78,0.23,9497,1,1.78,0.23,9497
2026-05-09 15:21:19,1,1,1,3181.1,0,-12.6,-696,3104,1,1.80,0.23,9497,1,1.80,0.23,9497
2026-05-09 15:21:19,1,1,1,3191.4,0,-12.9,-712,3111,1,1.80,0.23,9497,1,1.80,0.23,9497
2026-05-09 15:21:19,1,1,1,3191.4,0,-12.9,-712,3111,1,1.92,0.39,14900,1,1.92,0.39,14900
2026-05-09 15:21:19,1,1,1,3200.7,0,-13.1,-727,3117,1,1.92,0.39,14900,1,1.92,0.39,14900
2026-05-09 15:21:19,1,1,1,3200.7,0,-13.1,-727,3117,1,1.96,0.39,14900,1,1.96,0.39,14900
2026-05-09 15:21:19,1,1,1,3206.7,0,-13.1,-728,3123,1,1.96,0.39,14900,1,1.96,0.39,14900
2026-05-09 15:21:19,1,1,1,3206.7,0,-13.1,-728,3123,1,1.96,0.39,14900,1,1.96,0.39,14900
2026-05-09 15:21:19,1,1,1,3213.1,0,-13.1,-726,3130,1,1.96,0.39,14900,1,1.96,0.39,14900
2026-05-09 15:21:19,1,1,1,3218.5,0,-13.0,-724,3136,1,1.96,0.39,14900,1,1.96,0.39,14900
2026-05-09 15:21:19,1,1,1,3218.5,0,-13.0,-724,3136,1,1.96,0.39,14900,1,1.96,0.39,14900
2026-05-09 15:21:19,1,1,1,3222.9,0,-12.9,-722,3141,1,1.96,0.39,14900,1,1.96,0.39,14900
2026-05-09 15:21:19,1,1,1,3222.9,0,-12.9,-722,3141,1,1.96,0.39,14900,1,1.96,0.39,14900
2026-05-09 15:21:19,1,1,1,3223.7,0,-12.9,-721,3142,1,1.96,0.39,14900,1,1.96,0.39,14900
2026-05-09 15:21:19,1,1,1,3223.7,0,-12.9,-721,3142,1,1.96,0.39,14900,1,1.96,0.39,14900
2026-05-09 15:21:20,1,1,1,3225.6,0,-12.9,-721,3144,1,1.96,0.39,14900,1,1.96,0.39,14900
2026-05-09 15:21:20,1,1,1,3227.3,0,-12.9,-720,3146,1,1.96,0.39,14900,1,1.96,0.39,14900
2026-05-09 15:21:20,1,1,1,3227.3,0,-12.9,-720,3146,1,1.96,0.39,14900,1,1.96,0.39,14900
2026-05-09 15:21:20,1,1,1,3228.3,0,-12.9,-720,3147,1,0.00,0.00,0,0,0.00,0.00,0
2026-05-09 15:21:20,1,1,1,3228.3,0,-12.9,-720,3147,1,2.25,0.26,7840,1,2.25,0.26,7840
2026-05-09 15:21:20,1,1,1,3229.1,0,-12.9,-719,3148,1,2.25,0.26,7840,1,2.25,0.26,7840
2026-05-09 15:21:20,1,1,1,3229.1,0,-12.9,-719,3148,1,2.27,0.26,7840,1,2.27,0.26,7840
2026-05-09 15:21:20,1,1,1,3230.8,0,-12.8,-718,3150,1,2.27,0.26,7840,1,2.27,0.26,7840
2026-05-09 15:21:20,1,1,1,3230.8,0,-12.8,-718,3150,1,2.27,0.26,7840,1,2.27,0.26,7840
2026-05-09 15:21:20,1,1,1,3231.8,0,-12.8,-718,3151,1,2.27,0.26,7840,1,2.27,0.26,7840
2026-05-09 15:21:20,1,1,1,3233.7,0,-12.8,-718,3153,1,2.27,0.26,7840,1,2.27,0.26,7840
2026-05-09 15:21:20,1,1,1,3233.7,0,-12.8,-718,3153,1,2.27,0.26,7840,1,2.27,0.26,7840
2026-05-09 15:21:20,1,1,1,3234.5,0,-12.8,-717,3154,1,2.27,0.26,7840,1,2.27,0.26,7840
2026-05-09 15:21:20,1,1,1,3234.5,0,-12.8,-717,3154,1,2.27,0.26,7840,1,2.27,0.26,7840
2026-05-09 15:21:20,1,1,1,3235.4,0,-12.8,-717,3155,1,2.27,0.26,7840,1,2.27,0.26,7840
2026-05-09 15:21:20,1,1,1,3235.4,0,-12.8,-717,3155,1,2.27,0.26,7840,1,2.27,0.26,7840
2026-05-09 15:21:20,1,1,1,3236.2,0,-12.8,-716,3156,1,2.27,0.26,7840,1,2.27,0.26,7840
2026-05-09 15:21:20,1,1,1,3237.2,0,-12.8,-716,3157,1,2.27,0.26,7840,1,2.27,0.26,7840
2026-05-09 15:21:20,1,1,1,3237.2,0,-12.8,-716,3157,1,2.27,0.26,7840,1,2.27,0.26,7840
2026-05-09 15:21:20,1,1,1,3235.1,24,-12.7,-711,3156,1,0.00,0.00,0,0,0.00,0.00,0
2026-05-09 15:21:21,1,1,1,3235.1,24,-12.7,-711,3156,1,0.00,0.00,0,0,0.00,0.00,0
2026-05-09 15:21:21,1,1,1,3198.7,39,-12.0,-664,3129,1,0.00,0.00,0,0,0.00,0.00,0
2026-05-09 15:21:21,1,1,1,3198.7,39,-12.0,-664,3129,1,0.00,0.00,0,0,0.00,0.00,0
2026-05-09 15:21:21,1,1,1,3098.6,56,-9.7,-524,3054,1,0.00,0.00,0,0,0.00,0.00,0
2026-05-09 15:21:21,1,1,1,3098.6,56,-9.7,-524,3054,0,0.00,0.00,0,0,0.00,0.00,0
2026-05-09 15:21:21,1,1,1,2945.4,48,-5.5,-281,2932,0,0.00,0.00,0,0,0.00,0.00,0
2026-05-09 15:21:21,1,1,1,2836.1,24,-1.6,-78,2835,0,0.00,0.00,0,0,0.00,0.00,0
2026-05-09 15:21:21,1,1,1,2836.1,24,-1.6,-78,2835,0,0.00,0.00,0,0,0.00,0.00,0
2026-05-09 15:21:21,1,1,1,2757.7,24,1.3,64,2757,0,0.00,0.00,0,0,0.00,0.00,0
2026-05-09 15:21:21,1,1,1,2757.7,24,1.3,64,2757,0,0.00,0.00,0,0,0.00,0.00,0
2026-05-09 15:21:21,1,1,1,2706.9,0,3.1,145,2703,0,0.00,0.00,0,0,0.00,0.00,0
2026-05-09 15:21:21,1,1,1,2706.9,0,3.1,145,2703,0,0.00,0.00,0,0,0.00,0.00,0
2026-05-09 15:21:21,1,1,1,2680.3,16,3.9,183,2674,0,0.00,0.00,0,0,0.00,0.00,0
2026-05-09 15:21:21,1,1,1,2680.3,16,3.9,183,2674,0,0.00,0.00,0,0,0.00,0.00,0
2026-05-09 15:21:21,1,1,1,2674.8,-32,4.1,191,2668,0,0.00,0.00,0,0,0.00,0.00,0
2026-05-09 15:21:21,1,1,1,2669.5,-24,4.3,200,2662,0,0.00,0.00,0,0,0.00,0.00,0
2026-05-09 15:21:21,1,1,1,2669.5,-24,4.3,200,2662,0,0.00,0.00,0,1,2.51,-0.22,8845
2026-05-09 15:21:21,1,1,1,2662.3,-24,4.5,210,2654,0,0.00,0.00,0,1,2.51,-0.22,8845
2026-05-09 15:21:21,1,1,1,2662.3,-24,4.5,210,2654,1,2.62,-0.22,3805,1,2.62,-0.22,3805
2026-05-09 15:21:21,1,1,1,2656.0,-16,4.7,219,2647,1,2.62,-0.22,3805,1,2.62,-0.22,3805
2026-05-09 15:21:22,1,1,1,2656.0,-16,4.7,219,2647,1,2.58,-0.14,5954,1,2.58,-0.14,5954
2026-05-09 15:21:22,1,1,1,2646.0,-8,5.0,230,2636,1,2.58,-0.14,5954,1,2.58,-0.14,5954
2026-05-09 15:21:22,1,1,1,2639.9,0,5.2,240,2629,1,2.57,-0.14,5954,1,2.57,-0.14,5954
2026-05-09 15:21:22,1,1,1,2639.9,0,5.2,240,2629,1,2.57,-0.14,5954,1,2.57,-0.14,5954
2026-05-09 15:21:22,1,1,1,2637.4,0,5.3,245,2626,1,2.57,-0.14,5954,1,2.57,-0.14,5954
2026-05-09 15:21:22,1,1,1,2637.4,0,5.3,245,2626,1,2.57,-0.14,5954,1,2.57,-0.14,5954
2026-05-09 15:21:22,1,1,1,2631.8,8,5.4,249,2620,1,2.57,-0.14,5954,1,2.57,-0.14,5954
2026-05-09 15:21:22,1,1,1,2631.8,8,5.4,249,2620,1,2.57,-0.14,5954,1,2.57,-0.14,5954
2026-05-09 15:21:22,1,1,1,2629.7,0,5.4,248,2618,1,2.57,-0.14,5954,1,2.57,-0.14,5954
2026-05-09 15:21:22,1,1,1,2629.7,0,5.4,248,2618,1,2.57,-0.14,5954,1,2.57,-0.14,5954
2026-05-09 15:21:22,1,1,1,2632.9,0,5.2,239,2622,1,2.57,-0.14,5954,1,2.57,-0.14,5954
2026-05-09 15:21:22,1,1,1,2667.8,0,3.4,160,2663,1,2.57,-0.14,5954,1,2.57,-0.14,5954
2026-05-09 15:21:22,1,1,1,2667.8,0,3.4,160,2663,1,2.57,-0.14,5954,1,2.57,-0.14,5954
2026-05-09 15:21:22,1,1,1,2746.2,0,0.6,29,2746,1,2.57,-0.14,5954,1,2.57,-0.14,5954
2026-05-09 15:21:22,1,1,1,2746.2,0,0.6,29,2746,1,2.32,-0.48,21754,1,2.32,-0.48,21754
2026-05-09 15:21:22,1,1,1,2823.3,-64,-1.7,-86,2822,1,2.32,-0.48,21754,1,2.32,-0.48,21754
2026-05-09 15:21:22,1,1,1,2823.3,-64,-1.7,-86,2822,1,2.27,-0.48,21754,1,2.27,-0.48,21754
2026-05-09 15:21:22,1,1,1,2821.6,-56,-2.4,-120,2819,1,2.27,-0.48,21754,1,2.27,-0.48,21754
2026-05-09 15:21:22,1,1,1,2830.6,0,-3.3,-161,2826,1,2.27,-0.48,21754,1,2.27,-0.48,21754
2026-05-09 15:21:22,1,1,1,2830.6,0,-3.3,-161,2826,1,2.27,-0.48,21754,1,2.27,-0.48,21754
2026-05-09 15:21:23,1,1,1,2851.3,0,-3.8,-189,2845,1,2.27,-0.48,21754,1,2.27,-0.48,21754
2026-05-09 15:21:23,1,1,1,2851.3,0,-3.8,-189,2845,1,2.27,-0.48,21754,1,2.27,-0.48,21754
2026-05-09 15:21:23,1,1,1,2875.7,0,-4.2,-210,2868,1,2.27,-0.48,21754,1,2.27,-0.48,21754
2026-05-09 15:21:23,1,1,1,2875.7,0,-4.2,-210,2868,1,2.27,-0.48,21754,1,2.27,-0.48,21754
2026-05-09 15:21:23,1,1,1,2898.7,-64,-4.5,-225,2890,1,2.27,-0.48,21754,1,2.27,-0.48,21754
2026-05-09 15:21:23,1,1,1,2898.7,-64,-4.5,-225,2890,1,2.27,-0.48,21754,1,2.27,-0.48,21754
2026-05-09 15:21:23,1,1,1,2833.1,-39,-4.0,-200,2826,1,2.27,-0.48,21754,1,2.27,-0.48,21754
2026-05-09 15:21:33,1,1,1,2768.6,-16,-10.5,-506,2722,1,2.22,-0.20,8065,1,2.22,-0.20,8065
2026-05-09 15:21:33,1,1,1,2664.7,-16,-9.9,-458,2625,1,2.22,-0.20,8065,1,2.22,-0.20,8065
2026-05-09 15:21:33,1,1,1,2664.7,-16,-9.9,-458,2625,1,2.22,-0.20,8065,1,2.22,-0.20,8065
2026-05-09 15:21:33,1,1,1,2562.2,0,-9.2,-411,2529,1,2.22,-0.20,8065,1,2.22,-0.20,8065
2026-05-09 15:21:33,1,1,1,2562.2,0,-9.2,-411,2529,1,2.22,-0.20,8065,1,2.22,-0.20,8065
2026-05-09 15:21:33,1,1,1,2596.6,0,-8.7,-391,2567,1,2.22,-0.20,8065,1,2.22,-0.20,8065
2026-05-09 15:21:33,1,1,1,2596.6,0,-8.7,-391,2567,1,2.22,-0.20,8065,1,2.22,-0.20,8065
2026-05-09 15:21:33,1,1,1,2641.9,-16,-8.0,-369,2616,1,2.22,-0.20,8065,1,2.22,-0.20,8065
2026-05-09 15:21:33,1,1,1,2641.9,-16,-8.0,-369,2616,1,2.22,-0.20,8065,1,2.22,-0.20,8065
2026-05-09 15:21:33,1,1,1,2554.4,0,-6.1,-271,2540,1,2.22,-0.20,8065,1,2.22,-0.20,8065
2026-05-09 15:21:33,1,1,1,2437.6,-32,-3.5,-149,2433,1,2.22,-0.20,8065,1,2.22,-0.20,8065
2026-05-09 15:21:33,1,1,1,2437.6,-32,-3.5,-149,2433,1,2.22,-0.20,8065,1,2.22,-0.20,8065
2026-05-09 15:21:33,1,1,1,2333.5,-8,-1.2,-50,2333,1,0.00,0.00,0,0,0.00,0.00,0
2026-05-09 15:21:34,1,1,1,2333.5,-8,-1.2,-50,2333,1,0.00,0.00,0,0,0.00,0.00,0
2026-05-09 15:21:34,1,1,1,2237.5,-24,1.2,45,2237,1,0.00,0.00,0,0,0.00,0.00,0
2026-05-09 15:21:34,1,1,1,2237.5,-24,1.2,45,2237,1,0.00,0.00,0,0,0.00,0.00,0
2026-05-09 15:21:34,1,1,1,2157.2,-24,3.6,135,2153,1,0.00,0.00,0,0,0.00,0.00,0
2026-05-09 15:21:34,1,1,1,2085.5,-32,6.0,219,2074,1,1.86,-0.24,12482,1,1.86,-0.24,12482
2026-05-09 15:21:34,1,1,1,2085.5,-32,6.0,219,2074,1,1.86,-0.24,12482,1,1.86,-0.24,12482
2026-05-09 15:21:34,1,1,1,2024.7,-24,8.8,309,2001,1,1.92,-0.23,6949,1,1.92,-0.23,6949
2026-05-09 15:21:34,1,1,1,2024.7,-24,8.8,309,2001,1,1.92,-0.23,6949,1,1.92,-0.23,6949
2026-05-09 15:21:34,1,1,1,1980.8,-16,11.5,395,1941,1,1.89,-0.23,6949,1,1.89,-0.23,6949
2026-05-09 15:21:34,1,1,1,1980.8,-16,11.5,395,1941,1,1.89,-0.23,6949,1,1.89,-0.23,6949
2026-05-09 15:21:34,1,1,1,1932.2,-8,14.8,494,1868,1,1.89,-0.23,6949,1,1.89,-0.23,6949
2026-05-09 15:21:34,1,1,1,1932.2,-8,14.8,494,1868,1,1.89,-0.23,6949,1,1.89,-0.23,6949
2026-05-09 15:21:34,1,1,1,1902.5,0,18.0,589,1809,1,1.89,-0.23,6949,1,1.89,-0.23,6949
2026-05-09 15:21:34,1,1,1,1887.3,-8,20.8,671,1764,1,1.89,-0.23,6949,1,1.89,-0.23,6949
2026-05-09 15:21:34,1,1,1,1887.3,-8,20.8,671,1764,1,1.89,-0.23,6949,1,1.89,-0.23,6949
2026-05-09 15:21:34,1,1,1,1870.9,32,23.4,743,1717,1,1.89,-0.23,6949,1,1.89,-0.23,6949
2026-05-09 15:21:34,1,1,1,1870.9,32,23.4,743,1717,1,1.89,-0.23,6949,1,1.89,-0.23,6949
2026-05-09 15:21:34,1,1,1,1861.2,48,25.4,799,1681,1,1.89,-0.23,6949,1,1.89,-0.23,6949
2026-05-09 15:21:34,1,1,1,1861.2,48,25.4,799,1681,1,1.89,-0.23,6949,1,1.89,-0.23,6949
2026-05-09 15:21:34,1,1,1,1856.5,24,27.1,847,1652,1,1.89,-0.23,6949,1,1.89,-0.23,6949
2026-05-09 15:21:35,1,1,1,1856.5,24,27.1,847,1652,1,1.89,-0.23,6949,1,1.89,-0.23,6949
2026-05-09 15:21:35,1,1,1,1856.5,0,28.5,885,1632,1,0.00,0.00,0,0,0.00,0.00,0
2026-05-09 15:21:35,1,1,1,1862.2,48,29.1,906,1627,1,0.00,0.00,0,0,0.00,0.00,0
2026-05-09 15:21:35,1,1,1,1862.2,48,29.1,906,1627,1,0.00,0.00,0,0,0.00,0.00,0
2026-05-09 15:21:35,1,1,1,1871.5,32,29.3,916,1632,1,0.00,0.00,0,0,0.00,0.00,0
2026-05-09 15:21:35,1,1,1,1871.5,32,29.3,916,1632,1,0.00,0.00,0,0,0.00,0.00,0
2026-05-09 15:21:35,1,1,1,1870.7,-24,29.6,925,1626,0,0.00,0.00,0,0,0.00,0.00,0
2026-05-09 15:21:35,1,1,1,1870.7,-24,29.6,925,1626,0,0.00,0.00,0,0,0.00,0.00,0
2026-05-09 15:21:35,1,1,1,1866.8,-64,30.2,938,1614,0,0.00,0.00,0,0,0.00,0.00,0
2026-05-09 15:21:35,1,1,1,1862.0,-8,30.6,949,1602,0,0.00,0.00,0,0,0.00,0.00,0
2026-05-09 15:21:35,1,1,1,1862.0,-8,30.6,949,1602,0,0.00,0.00,0,0,0.00,0.00,0
2026-05-09 15:21:35,1,1,1,1854.4,-16,31.0,956,1589,0,0.00,0.00,0,0,0.00,0.00,0
2026-05-09 15:21:35,1,1,1,1854.4,-16,31.0,956,1589,0,0.00,0.00,0,1,1.76,-0.41,32185
2026-05-09 15:21:35,1,1,1,1847.4,-8,31.1,954,1582,0,0.00,0.00,0,1,1.76,-0.41,32185
2026-05-09 15:21:35,1,1,1,1847.4,-8,31.1,954,1582,0,0.00,0.00,0,1,2.51,-0.27,1594
2026-05-09 15:21:35,1,1,1,1837.1,-16,30.9,944,1576,0,0.00,0.00,0,1,2.51,-0.27,1594
2026-05-09 15:21:35,1,1,1,1837.1,-16,30.9,944,1576,0,0.00,0.00,0,1,2.74,-0.22,1970
2026-05-09 15:21:35,1,1,1,1833.2,-16,30.8,938,1575,0,0.00,0.00,0,1,2.74,-0.22,1970
2026-05-09 15:21:35,1,1,1,1827.7,-16,30.5,929,1574,0,0.00,0.00,0,1,2.72,-0.22,1970
2026-05-09 15:21:35,1,1,1,1827.7,-16,30.5,929,1574,0,0.00,0.00,0,1,2.72,-0.22,1970
2026-05-09 15:21:36,1,1,1,1821.6,-8,30.2,917,1574,0,0.00,0.00,0,1,2.84,-0.18,1754
2026-05-09 15:21:36,1,1,1,1821.6,-8,30.2,917,1574,0,0.00,0.00,0,1,2.84,-0.18,1754
2026-05-09 15:21:36,1,1,1,1814.1,-24,29.8,902,1574,0,0.00,0.00,0,1,2.82,-0.18,1754
2026-05-09 15:21:36,1,1,1,1814.1,-24,29.8,902,1574,0,0.00,0.00,0,1,2.82,-0.18,1754
2026-05-09 15:21:36,1,1,1,1804.9,-8,29.4,885,1573,0,0.00,0.00,0,1,2.82,-0.18,1754
2026-05-09 15:21:36,1,1,1,1782.5,0,27.7,829,1578,0,0.00,0.00,0,1,2.82,-0.18,1754
2026-05-09 15:21:36,1,1,1,1782.5,0,27.7,829,1578,0,0.00,0.00,0,1,2.82,-0.18,1754
2026-05-09 15:21:36,1,1,1,1760.3,8,25.9,770,1583,0,0.00,0.00,0,1,2.82,-0.18,1754
2026-05-09 15:21:36,1,1,1,1760.3,8,25.9,770,1583,0,0.00,0.00,0,1,2.82,-0.18,1754
2026-05-09 15:21:36,1,1,1,1738.7,8,24.0,708,1588,0,0.00,0.00,0,1,2.82,-0.18,1754
2026-05-09 15:21:36,1,1,1,1738.7,8,24.0,708,1588,0,0.00,0.00,0,1,2.04,0.25,8090
2026-05-09 15:21:36,1,1,1,1721.3,8,22.3,652,1593,0,0.00,0.00,0,1,2.04,0.25,8090
2026-05-09 15:21:36,1,1,1,1721.3,8,22.3,652,1593,1,2.04,0.36,39154,1,2.04,0.36,39154
2026-05-09 15:21:36,1,1,1,1706.3,8,20.6,601,1597,1,2.04,0.36,39154,1,2.04,0.36,39154
2026-05-09 15:21:36,1,1,1,1694.8,8,19.2,556,1601,1,2.05,0.40,40409,1,2.05,0.40,40409
2026-05-09 15:21:36,1,1,1,1694.8,8,19.2,556,1601,1,2.05,0.40,40409,1,2.05,0.40,40409
2026-05-09 15:21:36,1,1,1,1685.3,48,17.2,498,1610,1,2.02,0.41,16085,1,2.02,0.41,16085
2026-05-09 15:21:36,1,1,1,1685.3,48,17.2,498,1610,1,2.02,0.41,16085,1,2.02,0.41,16085
2026-05-09 15:21:36,1,1,1,1683.0,39,14.4,419,1630,1,2.05,0.42,34640,1,2.05,0.42,34640
2026-05-09 15:21:36,1,1,1,1683.0,39,14.4,419,1630,1,2.05,0.42,34640,1,2.05,0.42,34640
2026-05-09 15:21:37,1,1,1,1703.8,0,8.7,259,1684,1,2.10,0.42,34640,1,2.10,0.42,34640
2026-05-09 15:21:37,1,1,1,1906.5,0,3.5,115,1903,1,2.10,0.42,34640,1,2.10,0.42,34640
2026-05-09 15:21:37,1,1,1,1906.5,0,3.5,115,1903,1,2.10,0.42,34640,1,2.10,0.42,34640
2026-05-09 15:21:37,1,1,1,2112.0,0,-0.3,-10,2112,1,2.10,0.42,34640,1,2.10,0.42,34640
2026-05-09 15:21:37,1,1,1,2112.0,0,-0.3,-10,2112,1,2.10,0.42,34640,1,2.10,0.42,34640
2026-05-09 15:21:37,1,1,1,2298.6,8,-3.2,-128,2295,1,2.10,0.42,34640,1,2.10,0.42,34640
2026-05-09 15:21:37,1,1,1,2298.6,8,-3.2,-128,2295,1,2.10,0.42,34640,1,2.10,0.42,34640
2026-05-09 15:21:37,1,1,1,2338.5,16,-5.7,-232,2327,1,2.10,0.42,34640,1,2.10,0.42,34640
2026-05-09 15:21:37,1,1,1,2338.5,16,-5.7,-232,2327,1,2.10,0.42,34640,1,2.10,0.42,34640
2026-05-09 15:21:37,1,1,1,2285.0,16,-7.9,-316,2263,1,2.10,0.42,34640,1,2.10,0.42,34640
2026-05-09 15:21:37,1,1,1,2231.6,8,-10.2,-397,2196,1,2.10,0.42,34640,1,2.10,0.42,34640
2026-05-09 15:21:37,1,1,1,2231.6,8,-10.2,-397,2196,1,2.10,0.42,34640,1,2.10,0.42,34640
2026-05-09 15:21:37,1,1,1,2198.4,16,-12.3,-468,2148,1,2.10,0.42,34640,1,2.10,0.42,34640
2026-05-09 15:21:37,1,1,1,2198.4,16,-12.3,-468,2148,1,0.00,0.00,0,0,0.00,0.00,0
2026-05-09 15:21:37,1,1,1,2178.5,0,-14.4,-542,2110,1,0.00,0.00,0,0,0.00,0.00,0
2026-05-09 15:21:37,1,1,1,2178.5,0,-14.4,-542,2110,1,0.00,0.00,0,0,0.00,0.00,0
2026-05-09 15:21:37,1,1,1,2280.6,0,-17.6,-689,2174,1,0.00,0.00,0,0,0.00,0.00,0
2026-05-09 15:21:37,1,1,1,2382.9,16,-20.2,-821,2237,1,0.00,0.00,0,0,0.00,0.00,0
2026-05-09 15:21:37,1,1,1,2382.9,16,-20.2,-821,2237,1,2.25,0.28,8685,1,2.25,0.28,8685
2026-05-09 15:21:37,1,1,1,2352.0,8,-21.7,-868,2186,1,2.25,0.28,8685,1,2.25,0.28,8685
2026-05-09 15:21:38,1,1,1,2352.0,8,-21.7,-868,2186,1,2.27,0.28,8685,1,2.27,0.28,8685
2026-05-09 15:21:38,1,1,1,2313.4,39,-22.5,-886,2137,1,2.27,0.28,8685,1,2.27,0.28,8685
2026-05-09 15:21:38,1,1,1,2313.4,39,-22.5,-886,2137,1,2.26,0.13,3733,1,2.26,0.13,3733
2026-05-09 15:21:38,1,1,1,2286.2,8,-23.3,-906,2099,1,2.26,0.13,3733,1,2.26,0.13,3733
2026-05-09 15:21:38,1,1,1,2286.2,8,-23.3,-906,2099,1,2.27,0.13,3733,1,2.27,0.13,3733
2026-05-09 15:21:38,1,1,1,2254.9,-8,-24.2,-926,2056,1,2.27,0.13,3733,1,2.27,0.13,3733
2026-05-09 15:21:38,1,1,1,2230.1,32,-24.7,-932,2026,1,2.30,0.25,4985,1,2.30,0.25,4985
2026-05-09 15:21:38,1,1,1,2230.1,32,-24.7,-932,2026,1,2.30,0.25,4985,1,2.30,0.25,4985
2026-05-09 15:21:38,1,1,1,2206.4,-39,-25.6,-953,1990,1,2.26,0.06,19729,1,2.26,0.06,19729
2026-05-09 15:21:38,1,1,1,2206.4,-39,-25.6,-953,1990,1,2.26,0.06,19729,1,2.26,0.06,19729
2026-05-09 15:21:38,1,1,1,2176.6,-39,-26.3,-963,1952,1,2.27,0.06,19729,1,2.27,0.06,19729
2026-05-09 15:21:38,1,1,1,2176.6,-39,-26.3,-963,1952,1,2.27,0.06,19729,1,2.27,0.06,19729
2026-05-09 15:21:38,1,1,1,2152.0,-24,-26.4,-958,1927,1,2.27,0.06,19729,1,2.27,0.06,19729
2026-05-09 15:21:38,1,1,1,2152.0,-24,-26.4,-958,1927,1,2.27,0.06,19729,1,2.27,0.06,19729
2026-05-09 15:21:38,1,1,1,2140.8,-24,-26.4,-953,1917,1,2.27,0.06,19729,1,2.27,0.06,19729
2026-05-09 15:21:38,1,1,1,2121.6,-39,-26.5,-948,1898,1,2.27,0.06,19729,1,2.27,0.06,19729
2026-05-09 15:21:38,1,1,1,2121.6,-39,-26.5,-948,1898,1,2.27,0.06,19729,1,2.27,0.06,19729
2026-05-09 15:21:38,1,1,1,2098.8,-48,-26.8,-945,1874,1,2.27,0.06,19729,1,2.27,0.06,19729
2026-05-09 15:21:38,1,1,1,2098.8,-48,-26.8,-945,1874,1,2.27,0.06,19729,1,2.27,0.06,19729
2026-05-09 15:21:38,1,1,1,2073.4,-72,-27.1,-946,1845,1,2.27,0.06,19729,1,2.27,0.06,19729
2026-05-09 15:21:39,1,1,1,2073.4,-72,-27.1,-946,1845,1,1.99,-0.70,20025,1,1.99,-0.70,20025
2026-05-09 15:21:39,1,1,1,2019.9,-48,-27.5,-932,1792,1,1.99,-0.70,20025,1,1.99,-0.70,20025
2026-05-09 15:21:39,1,1,1,1968.2,-48,-27.7,-916,1742,1,1.92,-0.70,20025,1,1.92,-0.70,20025
2026-05-09 15:21:39,1,1,1,1968.2,-48,-27.7,-916,1742,1,1.92,-0.70,20025,1,1.92,-0.70,20025
2026-05-09 15:21:39,1,1,1,1921.3,-56,-27.1,-874,1711,1,1.92,-0.70,20025,1,1.92,-0.70,20025
2026-05-09 15:21:39,1,1,1,1921.3,-56,-27.1,-874,1711,1,1.92,-0.70,20025,1,1.92,-0.70,20025
2026-05-09 15:21:39,1,1,1,1880.2,-32,-25.9,-822,1691,1,1.92,-0.70,20025,1,1.92,-0.70,20025
2026-05-09 15:21:39,1,1,1,1880.2,-32,-25.9,-822,1691,1,1.92,-0.70,20025,1,1.92,-0.70,20025
2026-05-09 15:21:39,1,1,1,1843.7,-32,-24.5,-764,1678,1,3.25,0.00,4850,1,3.25,0.00,4850
2026-05-09 15:21:39,1,1,1,1843.7,-32,-24.5,-764,1678,1,3.25,0.00,4850,1,3.25,0.00,4850
2026-05-09 15:21:39,1,1,1,1801.7,-16,-23.0,-705,1658,1,2.53,0.08,13460,1,2.53,0.08,13460
2026-05-09 15:21:39,1,1,1,1776.0,16,-20.9,-634,1659,1,2.53,0.08,13460,1,2.53,0.08,13460
2026-05-09 15:21:39,1,1,1,1776.0,16,-20.9,-634,1659,1,2.77,0.07,2440,1,2.77,0.07,2440
2026-05-09 15:21:39,1,1,1,1755.7,16,-18.6,-560,1664,1,2.77,0.07,2440,1,2.77,0.07,2440
2026-05-09 15:21:39,1,1,1,1755.7,16,-18.6,-560,1664,1,2.78,0.07,2440,1,2.78,0.07,2440
2026-05-09 15:21:39,1,1,1,1752.3,39,-16.2,-488,1683,1,2.78,0.07,2440,1,2.78,0.07,2440
2026-05-09 15:21:39,1,1,1,1752.3,39,-16.2,-488,1683,1,2.60,0.14,21636,1,2.60,0.14,21636
2026-05-09 15:21:39,1,1,1,1755.5,39,-13.6,-414,1706,1,2.60,0.14,21636,1,2.60,0.14,21636
2026-05-09 15:21:39,1,1,1,1773.5,0,-11.2,-343,1740,1,2.50,0.18,10946,1,2.50,0.18,10946
2026-05-09 15:21:39,1,1,1,1773.5,0,-11.2,-343,1740,1,2.50,0.18,10946,1,2.50,0.18,10946
2026-05-09 15:21:40,1,1,1,1954.4,0,-9.4,-320,1928,1,2.52,0.46,3133,1,2.52,0.46,3133
2026-05-09 15:21:40,1,1,1,1954.4,0,-9.4,-320,1928,1,2.52,0.46,3133,1,2.52,0.46,3133
2026-05-09 15:21:40,1,1,1,2120.6,39,-8.2,-302,2099,1,2.66,0.43,5045,1,2.66,0.43,5045
2026-05-09 15:21:40,1,1,1,2120.6,39,-8.2,-302,2099,1,2.66,0.43,5045,1,2.66,0.43,5045
2026-05-09 15:21:40,1,1,1,2113.2,8,-5.3,-197,2104,1,2.64,0.41,22613,1,2.64,0.41,22613
2026-05-09 15:21:40,1,1,1,2113.2,8,-5.3,-197,2104,1,2.64,0.41,22613,1,2.64,0.41,22613
2026-05-09 15:21:40,1,1,1,2077.0,72,-2.5,-90,2075,1,2.68,0.41,22613,1,2.68,0.41,22613
2026-05-09 15:21:40,1,1,1,2056.1,72,0.4,16,2056,1,2.68,0.41,22613,1,2.68,0.41,22613
2026-05-09 15:21:40,1,1,1,2056.1,72,0.4,16,2056,1,2.68,0.41,22613,1,2.68,0.41,22613
2026-05-09 15:21:40,1,1,1,2041.8,8,3.5,125,2038,1,2.68,0.41,22613,1,2.68,0.41,22613
2026-05-09 15:21:40,1,1,1,2041.8,8,3.5,125,2038,1,2.68,0.41,22613,1,2.68,0.41,22613
2026-05-09 15:21:40,1,1,1,2029.5,39,6.1,216,2018,1,2.68,0.41,22613,1,2.68,0.41,22613
2026-05-09 15:21:40,1,1,1,2029.5,39,6.1,216,2018,1,2.68,0.41,22613,1,2.68,0.41,22613
2026-05-09 15:21:40,1,1,1,2032.9,39,8.6,304,2010,1,2.68,0.41,22613,1,2.68,0.41,22613
2026-05-09 15:21:40,1,1,1,2046.2,39,10.8,383,2010,1,2.49,0.25,3460,1,2.49,0.25,3460
2026-05-09 15:21:40,1,1,1,2046.2,39,10.8,383,2010,1,2.49,0.25,3460,1,2.49,0.25,3460
2026-05-09 15:21:40,1,1,1,2078.6,32,12.7,456,2028,1,2.51,0.25,3460,1,2.51,0.25,3460
2026-05-09 15:21:40,1,1,1,2078.6,32,12.7,456,2028,1,2.51,0.25,3460,1,2.51,0.25,3460
2026-05-09 15:21:40,1,1,1,2103.5,48,14.1,513,2040,1,2.51,0.25,3460,1,2.51,0.25,3460
2026-05-09 15:21:40,1,1,1,2103.5,48,14.1,513,2040,1,2.51,0.25,3460,1,2.51,0.25,3460
2026-05-09 15:21:41,1,1,1,2125.4,39,15.6,572,2047,1,2.51,0.25,3460,1,2.51,0.25,3460
2026-05-09 15:21:41,1,1,1,2125.4,39,15.6,572,2047,1,2.51,0.25,3460,1,2.51,0.25,3460
2026-05-09 15:21:41,1,1,1,2161.2,8,17.3,644,2063,1,2.51,0.25,3460,1,2.51,0.25,3460
2026-05-09 15:21:41,1,1,1,2192.8,16,18.8,706,2076,1,2.51,0.25,3460,1,2.51,0.25,3460
2026-05-09 15:21:41,1,1,1,2192.8,16,18.8,706,2076,1,2.51,0.25,3460,1,2.51,0.25,3460
2026-05-09 15:21:41,1,1,1,2219.8,16,19.6,745,2091,1,2.51,0.25,3460,1,2.51,0.25,3460
2026-05-09 15:21:41,1,1,1,2219.8,16,19.6,745,2091,1,2.51,0.25,3460,1,2.51,0.25,3460
2026-05-09 15:21:41,1,1,1,2243.3,-32,20.6,789,2100,1,2.51,0.25,3460,1,2.51,0.25,3460
2026-05-09 15:21:41,1,1,1,2243.3,-32,20.6,789,2100,1,2.51,0.25,3460,1,2.51,0.25,3460
2026-05-09 15:21:41,1,1,1,2252.5,-32,21.0,807,2103,1,0.00,0.00,0,0,0.00,0.00,0
2026-05-09 15:21:41,1,1,1,2241.9,-39,21.7,829,2083,1,0.00,0.00,0,0,0.00,0.00,0
2026-05-09 15:21:41,1,1,1,2241.9,-39,21.7,829,2083,1,0.00,0.00,0,0,0.00,0.00,0
2026-05-09 15:21:41,1,1,1,2225.5,-39,22.4,847,2058,1,0.00,0.00,0,0,0.00,0.00,0
2026-05-09 15:21:41,1,1,1,2225.5,-39,22.4,847,2058,1,0.00,0.00,0,0,0.00,0.00,0
2026-05-09 15:21:41,1,1,1,2201.3,-32,22.7,849,2031,0,0.00,0.00,0,0,0.00,0.00,0
2026-05-09 15:21:41,1,1,1,2201.3,-32,22.7,849,2031,0,0.00,0.00,0,0,0.00,0.00,0
2026-05-09 15:21:41,1,1,1,2190.0,-39,22.7,846,2020,0,0.00,0.00,0,0,0.00,0.00,0
2026-05-09 15:21:41,1,1,1,2190.0,-39,22.7,846,2020,0,0.00,0.00,0,0,0.00,0.00,0
2026-05-09 15:21:41,1,1,1,2177.2,-79,23.0,851,2004,0,0.00,0.00,0,0,0.00,0.00,0
2026-05-09 15:21:41,1,1,1,2161.4,-48,23.0,846,1989,0,0.00,0.00,0,0,0.00,0.00,0
2026-05-09 15:21:42,1,1,1,2161.4,-48,23.0,846,1989,0,0.00,0.00,0,0,0.00,0.00,0
2026-05-09 15:21:42,1,1,1,2141.8,-56,22.8,831,1974,0,0.00,0.00,0,0,0.00,0.00,0
2026-05-09 15:21:42,1,1,1,2141.8,-56,22.8,831,1974,0,0.00,0.00,0,0,0.00,0.00,0
2026-05-09 15:21:42,1,1,1,2115.5,-79,22.7,818,1951,0,0.00,0.00,0,0,0.00,0.00,0
2026-05-09 15:21:42,1,1,1,2115.5,-79,22.7,818,1951,0,0.00,0.00,0,0,0.00,0.00,0
2026-05-09 15:21:42,1,1,1,2087.2,-72,22.4,797,1929,0,0.00,0.00,0,0,0.00,0.00,0
2026-05-09 15:21:42,1,1,1,2023.5,-88,21.9,756,1877,0,0.00,0.00,0,0,0.00,0.00,0
2026-05-09 15:21:42,1,1,1,2023.5,-88,21.9,756,1877,0,0.00,0.00,0,0,0.00,0.00,0
2026-05-09 15:21:42,1,1,1,1965.5,-32,20.8,699,1837,0,0.00,0.00,0,0,0.00,0.00,0
2026-05-09 15:21:42,1,1,1,1965.5,-32,20.8,699,1837,0,0.00,0.00,0,0,0.00,0.00,0
2026-05-09 15:21:42,1,1,1,1918.4,-16,19.2,630,1812,0,0.00,0.00,0,0,0.00,0.00,0
2026-05-09 15:21:42,1,1,1,1918.4,-16,19.2,630,1812,0,0.00,0.00,0,0,0.00,0.00,0
2026-05-09 15:21:42,1,1,1,1875.1,-24,17.6,568,1787,0,0.00,0.00,0,1,1.76,0.00,11673
2026-05-09 15:21:42,1,1,1,1875.1,-24,17.6,568,1787,0,0.00,0.00,0,1,1.76,0.00,11673
2026-05-09 15:21:42,1,1,1,1827.8,0,16.3,514,1754,1,1.76,0.11,44200,1,1.76,0.11,44200
2026-05-09 15:21:42,1,1,1,1786.6,16,14.7,454,1728,1,1.76,0.11,44200,1,1.76,0.11,44200
2026-05-09 15:21:42,1,1,1,1786.6,16,14.7,454,1728,1,2.26,0.12,4973,1,2.26,0.12,4973
2026-05-09 15:21:42,1,1,1,1748.7,16,13.0,393,1704,1,2.26,0.12,4973,1,2.26,0.12,4973
2026-05-09 15:21:42,1,1,1,1748.7,16,13.0,393,1704,1,2.51,0.13,3845,1,2.51,0.13,3845
2026-05-09 15:21:42,1,1,1,1715.0,16,11.3,335,1682,1,2.51,0.13,3845,1,2.51,0.13,3845
2026-05-09 15:21:43,1,1,1,1715.0,16,11.3,335,1682,1,2.38,0.13,11453,1,2.38,0.13,11453
2026-05-09 15:21:43,1,1,1,1685.9,16,9.7,283,1662,1,2.38,0.13,11453,1,2.38,0.13,11453
2026-05-09 15:21:43,1,1,1,1685.9,16,9.7,283,1662,1,2.29,0.12,34000,1,2.29,0.12,34000
2026-05-09 15:21:43,1,1,1,1661.7,16,8.1,235,1645,1,2.29,0.12,34000,1,2.29,0.12,34000
2026-05-09 15:21:43,1,1,1,1659.4,24,5.8,167,1651,1,2.23,0.13,40525,1,2.23,0.13,40525
2026-05-09 15:21:43,1,1,1,1659.4,24,5.8,167,1651,1,2.23,0.13,40525,1,2.23,0.13,40525
2026-05-09 15:21:43,1,1,1,1674.6,32,2.5,74,1673,1,2.38,0.15,3442,1,2.38,0.15,3442
2026-05-09 15:21:43,1,1,1,1674.6,32,2.5,74,1673,1,2.38,0.15,3442,1,2.38,0.15,3442
2026-05-09 15:21:43,1,1,1,1685.1,24,-0.7,-21,1685,1,2.40,0.15,3442,1,2.40,0.15,3442
2026-05-09 15:21:43,1,1,1,1685.1,24,-0.7,-21,1685,1,2.40,0.15,3442,1,2.40,0.15,3442
2026-05-09 15:21:43,1,1,1,1700.1,24,-4.0,-118,1696,1,2.40,0.15,3442,1,2.40,0.15,3442
2026-05-09 15:21:43,1,1,1,1729.5,0,-7.2,-216,1716,1,2.40,0.15,3442,1,2.40,0.15,3442
2026-05-09 15:21:43,1,1,1,1729.5,0,-7.2,-216,1716,1,2.40,0.15,3442,1,2.40,0.15,3442
2026-05-09 15:21:43,1,1,1,1745.3,32,-10.0,-302,1719,1,2.40,0.15,3442,1,2.40,0.15,3442
2026-05-09 15:21:43,1,1,1,1745.3,32,-10.0,-302,1719,1,2.40,0.15,3442,1,2.40,0.15,3442
2026-05-09 15:21:43,1,1,1,1754.5,32,-12.6,-384,1712,1,2.40,0.15,3442,1,2.40,0.15,3442
2026-05-09 15:21:43,1,1,1,1754.5,32,-12.6,-384,1712,1,2.05,0.47,5994,1,2.05,0.47,5994
2026-05-09 15:21:43,1,1,1,1772.6,0,-15.3,-467,1710,1,2.05,0.47,5994,1,2.05,0.47,5994
2026-05-09 15:21:43,1,1,1,1772.6,0,-15.3,-467,1710,1,2.10,0.48,4373,1,2.10,0.48,4373
2026-05-09 15:21:43,1,1,1,1818.7,48,-17.2,-539,1737,1,2.10,0.48,4373,1,2.10,0.48,4373
2026-05-09 15:21:44,1,1,1,1886.4,0,-19.1,-616,1783,1,2.19,0.50,7065,1,2.19,0.50,7065
2026-05-09 15:21:44,1,1,1,1886.4,0,-19.1,-616,1783,1,2.19,0.50,7065,1,2.19,0.50,7065
2026-05-09 15:21:44,1,1,1,2092.8,0,-22.2,-790,1938,1,2.24,0.50,7065,1,2.24,0.50,7065
2026-05-09 15:21:44,1,1,1,2092.8,0,-22.2,-790,1938,1,2.24,0.50,7065,1,2.24,0.50,7065
2026-05-09 15:21:44,1,1,1,2301.6,0,-24.8,-964,2090,1,2.24,0.50,7065,1,2.24,0.50,7065
2026-05-09 15:21:44,1,1,1,2301.6,0,-24.8,-964,2090,1,2.24,0.50,7065,1,2.24,0.50,7065
2026-05-09 15:21:44,1,1,1,2499.9,39,-26.8,-1128,2231,1,2.24,0.50,7065,1,2.24,0.50,7065
2026-05-09 15:21:44,1,1,1,2498.7,39,-27.8,-1166,2210,1,2.24,0.50,7065,1,2.24,0.50,7065
2026-05-09 15:21:44,1,1,1,2498.7,39,-27.8,-1166,2210,1,2.24,0.50,7065,1,2.24,0.50,7065
2026-05-09 15:21:44,1,1,1,2447.3,39,-28.8,-1180,2144,1,2.24,0.50,7065,1,2.24,0.50,7065
2026-05-09 15:21:44,1,1,1,2447.3,39,-28.8,-1180,2144,1,2.24,0.50,7065,1,2.24,0.50,7065
2026-05-09 15:21:44,1,1,1,2394.0,32,-29.7,-1187,2079,1,2.24,0.50,7065,1,2.24,0.50,7065
2026-05-09 15:21:44,1,1,1,2394.0,32,-29.7,-1187,2079,1,2.24,0.50,7065,1,2.24,0.50,7065
2026-05-09 15:21:44,1,1,1,2341.6,0,-30.4,-1186,2019,1,2.24,0.50,7065,1,2.24,0.50,7065
2026-05-09 15:21:44,1,1,1,2341.6,0,-30.4,-1186,2019,1,2.24,0.50,7065,1,2.24,0.50,7065
2026-05-09 15:21:44,1,1,1,2464.6,0,-30.7,-1257,2120,1,0.00,0.00,0,0,0.00,0.00,0
2026-05-09 15:21:44,1,1,1,2604.6,0,-31.1,-1344,2231,1,0.00,0.00,0,0,0.00,0.00,0
2026-05-09 15:21:44,1,1,1,2604.6,0,-31.1,-1344,2231,1,0.00,0.00,0,0,0.00,0.00,0
2026-05-09 15:21:44,1,1,1,2741.9,39,-31.5,-1434,2337,1,2.50,0.49,3497,1,2.50,0.49,3497
2026-05-09 15:21:44,1,1,1,2741.9,39,-31.5,-1434,2337,1,2.50,0.49,3497,1,2.50,0.49,3497
2026-05-09 15:21:45,1,1,1,2719.6,56,-32.4,-1456,2297,1,2.52,0.53,2682,1,2.52,0.53,2682
2026-05-09 15:21:45,1,1,1,2719.6,56,-32.4,-1456,2297,1,2.52,0.53,2682,1,2.52,0.53,2682
2026-05-09 15:21:45,1,1,1,2672.9,72,-33.3,-1469,2233,1,2.58,0.53,2682,1,2.58,0.53,2682
2026-05-09 15:21:45,1,1,1,2626.7,24,-34.5,-1486,2166,1,2.58,0.53,2682,1,2.58,0.53,2682
2026-05-09 15:21:45,1,1,1,2626.7,24,-34.5,-1486,2166,1,2.58,0.53,2682,1,2.58,0.53,2682
2026-05-09 15:21:45,1,1,1,2560.8,8,-35.4,-1484,2087,0,0.00,0.00,0,1,2.58,0.53,2682
2026-05-09 15:21:45,1,1,1,2560.8,8,-35.4,-1484,2087,0,0.00,0.00,0,1,2.58,0.53,2682
2026-05-09 15:21:45,1,1,1,2505.6,-8,-36.7,-1496,2010,0,0.00,0.00,0,1,2.58,0.53,2682
2026-05-09 15:21:45,1,1,1,2505.6,-8,-36.7,-1496,2010,0,0.00,0.00,0,1,2.58,0.53,2682
2026-05-09 15:21:45,1,1,1,2477.7,-16,-37.8,-1517,1959,0,0.00,0.00,0,1,2.58,0.53,2682
2026-05-09 15:21:45,1,1,1,2477.7,-16,-37.8,-1517,1959,0,0.00,0.00,0,1,2.58,0.53,2682
2026-05-09 15:21:45,1,1,1,2480.6,-8,-38.3,-1537,1947,0,0.00,0.00,0,1,2.58,0.53,2682
2026-05-09 15:21:45,1,1,1,2483.3,-24,-38.6,-1549,1941,0,0.00,0.00,0,1,2.58,0.53,2682
2026-05-09 15:21:45,1,1,1,2483.3,-24,-38.6,-1549,1941,0,0.00,0.00,0,1,2.58,0.53,2682
2026-05-09 15:21:45,1,1,1,2482.4,-24,-38.6,-1550,1939,0,0.00,0.00,0,1,2.58,0.53,2682
2026-05-09 15:21:45,1,1,1,2482.4,-24,-38.6,-1550,1939,0,0.00,0.00,0,0,0.00,0.00,0
2026-05-09 15:21:45,1,1,1,2488.5,0,-38.6,-1551,1946,0,0.00,0.00,0,0,0.00,0.00,0
2026-05-09 15:21:45,1,1,1,2488.5,0,-38.6,-1551,1946,0,0.00,0.00,0,0,0.00,0.00,0
2026-05-09 15:21:45,1,1,1,2543.4,0,-38.1,-1570,2001,0,0.00,0.00,0,1,2.49,-0.24,6084
2026-05-09 15:21:45,1,1,1,2617.6,0,-37.8,-1606,2067,0,0.00,0.00,0,1,2.49,-0.24,6084
2026-05-09 15:21:46,1,1,1,2617.6,0,-37.8,-1606,2067,1,2.48,-0.34,11745,1,2.48,-0.34,11745
2026-05-09 15:21:46,1,1,1,2752.7,0,-37.7,-1682,2179,1,2.48,-0.34,11745,1,2.48,-0.34,11745
2026-05-09 15:21:46,1,1,1,2752.7,0,-37.7,-1682,2179,1,2.39,-0.39,10250,1,2.39,-0.39,10250
2026-05-09 15:21:46,1,1,1,2866.1,0,-37.8,-1755,2266,1,2.39,-0.39,10250,1,2.39,-0.39,10250
2026-05-09 15:21:46,1,1,1,2866.1,0,-37.8,-1755,2266,1,2.35,-0.39,10250,1,2.35,-0.39,10250
2026-05-09 15:21:46,1,1,1,2966.6,0,-37.9,-1821,2342,1,2.35,-0.39,10250,1,2.35,-0.39,10250
2026-05-09 15:21:46,1,1,1,2966.6,0,-37.9,-1821,2342,1,2.35,-0.39,10250,1,2.35,-0.39,10250
2026-05-09 15:21:46,1,1,1,3051.8,-48,-38.0,-1880,2404,1,2.35,-0.39,10250,1,2.35,-0.39,10250
2026-05-09 15:21:46,1,1,1,3109.8,0,-37.8,-1905,2458,1,2.35,-0.39,10250,1,2.35,-0.39,10250
2026-05-09 15:21:46,1,1,1,3109.8,0,-37.8,-1905,2458,1,2.35,-0.39,10250,1,2.35,-0.39,10250
2026-05-09 15:21:46,1,1,1,3143.6,0,-37.0,-1890,2512,1,2.35,-0.39,10250,1,2.35,-0.39,10250
2026-05-09 15:21:46,1,1,1,3143.6,0,-37.0,-1890,2512,1,2.35,-0.39,10250,1,2.35,-0.39,10250
2026-05-09 15:21:46,1,1,1,3156.6,-16,-36.0,-1855,2554,1,2.35,-0.39,10250,1,2.35,-0.39,10250
2026-05-09 15:21:46,1,1,1,3156.6,-16,-36.0,-1855,2554,1,2.35,-0.39,10250,1,2.35,-0.39,10250
2026-05-09 15:21:46,1,1,1,2984.9,8,-34.2,-1676,2470,1,2.35,-0.39,10250,1,2.35,-0.39,10250
2026-05-09 15:21:46,1,1,1,2803.1,-8,-32.4,-1500,2368,1,2.35,-0.39,10250,1,2.35,-0.39,10250
2026-05-09 15:21:46,1,1,1,2803.1,-8,-32.4,-1500,2368,1,2.35,-0.39,10250,1,2.35,-0.39,10250
2026-05-09 15:21:46,1,1,1,2630.9,0,-30.4,-1330,2270,1,0.00,0.00,0,0,0.00,0.00,0
2026-05-09 15:21:46,1,1,1,2630.9,0,-30.4,-1330,2270,1,0.00,0.00,0,0,0.00,0.00,0
2026-05-09 15:21:46,1,1,1,2612.2,0,-26.8,-1177,2332,1,0.00,0.00,0,0,0.00,0.00,0
2026-05-09 15:21:47,1,1,1,2612.2,0,-26.8,-1177,2332,1,0.00,0.00,0,0,0.00,0.00,0
2026-05-09 15:21:47,1,1,1,2601.9,8,-23.4,-1033,2388,1,0.00,0.00,0,0,0.00,0.00,0
2026-05-09 15:21:47,1,1,1,2601.9,8,-23.4,-1033,2388,0,0.00,0.00,0,0,0.00,0.00,0
2026-05-09 15:21:47,1,1,1,2525.1,8,-21.0,-906,2357,0,0.00,0.00,0,0,0.00,0.00,0
2026-05-09 15:21:47,1,1,1,2453.3,8,-18.8,-789,2323,0,0.00,0.00,0,1,2.27,0.03,13121
2026-05-09 15:21:47,1,1,1,2453.3,8,-18.8,-789,2323,0,0.00,0.00,0,1,2.27,0.03,13121
2026-05-09 15:21:47,1,1,1,2394.3,0,-16.5,-679,2296,1,2.26,0.02,8980,1,2.26,0.02,8980
2026-05-09 15:21:47,1,1,1,2394.3,0,-16.5,-679,2296,1,2.26,0.02,8980,1,2.26,0.02,8980
2026-05-09 15:21:47,1,1,1,2458.4,0,-14.9,-631,2376,1,2.26,0.02,8980,1,2.26,0.02,8980
2026-05-09 15:21:47,1,1,1,2458.4,0,-14.9,-631,2376,1,2.26,0.02,8980,1,2.26,0.02,8980
2026-05-09 15:21:47,1,1,1,2569.8,0,-13.4,-595,2500,1,2.26,0.02,8980,1,2.26,0.02,8980
2026-05-09 15:21:47,1,1,1,2569.8,0,-13.4,-595,2500,1,2.26,0.02,8980,1,2.26,0.02,8980
2026-05-09 15:21:47,1,1,1,2684.4,0,-12.3,-571,2623,1,2.26,0.02,8980,1,2.26,0.02,8980
2026-05-09 15:21:47,1,1,1,2792.1,8,-11.4,-552,2737,1,2.26,0.02,8980,1,2.26,0.02,8980
2026-05-09 15:21:47,1,1,1,2792.1,8,-11.4,-552,2737,1,2.26,0.02,8980,1,2.26,0.02,8980
2026-05-09 15:21:47,1,1,1,2852.0,8,-10.1,-499,2808,1,2.26,0.02,8980,1,2.26,0.02,8980
2026-05-09 15:21:47,1,1,1,2852.0,8,-10.1,-499,2808,1,2.26,0.02,8980,1,2.26,0.02,8980
2026-05-09 15:21:47,1,1,1,2840.4,24,-8.1,-401,2812,1,2.26,0.02,8980,1,2.26,0.02,8980
2026-05-09 15:21:47,1,1,1,2840.4,24,-8.1,-401,2812,1,2.26,0.02,8980,1,2.26,0.02,8980
2026-05-09 15:21:47,1,1,1,2726.3,24,-5.5,-259,2714,1,2.26,0.02,8980,1,2.26,0.02,8980
2026-05-09 15:21:48,1,1,1,2610.2,24,-2.8,-129,2607,1,2.26,0.02,8980,1,2.26,0.02,8980
2026-05-09 15:21:48,1,1,1,2610.2,24,-2.8,-129,2607,1,0.00,0.00,0,0,0.00,0.00,0
2026-05-09 15:21:48,1,1,1,2513.0,8,0.0,0,2513,1,0.00,0.00,0,0,0.00,0.00,0
2026-05-09 15:21:48,1,1,1,2513.0,8,0.0,0,2513,1,0.00,0.00,0,0,0.00,0.00,0
2026-05-09 15:21:48,1,1,1,2440.7,8,3.6,152,2436,1,0.00,0.00,0,0,0.00,0.00,0
2026-05-09 15:21:48,1,1,1,2440.7,8,3.6,152,2436,1,0.00,0.00,0,0,0.00,0.00,0
2026-05-09 15:21:48,1,1,1,2389.2,16,6.5,269,2374,0,0.00,0.00,0,0,0.00,0.00,0
2026-05-09 15:21:48,1,1,1,2389.2,16,6.5,269,2374,0,0.00,0.00,0,0,0.00,0.00,0
2026-05-09 15:21:48,1,1,1,2344.4,16,8.6,351,2318,0,0.00,0.00,0,0,0.00,0.00,0
2026-05-09 15:21:48,1,1,1,2305.0,-32,11.1,443,2262,0,0.00,0.00,0,0,0.00,0.00,0
2026-05-09 15:21:48,1,1,1,2305.0,-32,11.1,443,2262,0,0.00,0.00,0,0,0.00,0.00,0
2026-05-09 15:21:48,1,1,1,2278.1,-16,13.0,511,2220,0,0.00,0.00,0,0,0.00,0.00,0
2026-05-09 15:21:48,1,1,1,2278.1,-16,13.0,511,2220,0,0.00,0.00,0,0,0.00,0.00,0
2026-05-09 15:21:48,1,1,1,2256.4,-16,14.7,571,2183,0,0.00,0.00,0,0,0.00,0.00,0
2026-05-09 15:21:48,1,1,1,2256.4,-16,14.7,571,2183,0,0.00,0.00,0,0,0.00,0.00,0
2026-05-09 15:21:48,1,1,1,2235.8,-8,16.0,617,2149,0,0.00,0.00,0,0,0.00,0.00,0
2026-05-09 15:21:48,1,1,1,2217.1,-8,17.4,662,2116,0,0.00,0.00,0,1,2.26,0.00,2516
2026-05-09 15:21:48,1,1,1,2217.1,-8,17.4,662,2116,0,0.00,0.00,0,1,2.26,0.00,2516
2026-05-09 15:21:48,1,1,1,2204.8,-16,18.6,705,2089,0,0.00,0.00,0,1,2.28,-0.20,17530
2026-05-09 15:21:48,1,1,1,2204.8,-16,18.6,705,2089,0,0.00,0.00,0,1,2.28,-0.20,17530
2026-05-09 15:21:49,1,1,1,2194.1,-24,20.2,758,2059,1,2.25,-0.20,17530,1,2.25,-0.20,17530
2026-05-09 15:21:49,1,1,1,2194.1,-24,20.2,758,2059,1,2.25,-0.20,17530,1,2.25,-0.20,17530
2026-05-09 15:21:49,1,1,1,2185.1,-96,22.1,821,2025,1,2.25,-0.20,17530,1,2.25,-0.20,17530
2026-05-09 15:21:49,1,1,1,2185.1,-96,22.1,821,2025,1,2.25,-0.20,17530,1,2.25,-0.20,17530
2026-05-09 15:21:49,1,1,1,2170.9,-56,23.9,879,1985,1,2.25,-0.20,17530,1,2.25,-0.20,17530
2026-05-09 15:21:49,1,1,1,2154.3,-39,25.3,920,1948,1,2.25,-0.20,17530,1,2.25,-0.20,17530
2026-05-09 15:21:49,1,1,1,2154.3,-39,25.3,920,1948,1,3.45,-0.01,468,1,3.45,-0.01,468
2026-05-09 15:21:49,1,1,1,2138.6,-64,26.6,958,1912,1,3.45,-0.01,468,1,3.45,-0.01,468
2026-05-09 15:21:49,1,1,1,2138.6,-64,26.6,958,1912,1,3.45,-0.01,468,1,3.45,-0.01,468
2026-05-09 15:21:49,1,1,1,2114.1,-48,27.9,988,1869,1,3.45,-0.01,468,1,3.45,-0.01,468
2026-05-09 15:21:49,1,1,1,2114.1,-48,27.9,988,1869,1,3.45,-0.01,468,1,3.45,-0.01,468
2026-05-09 15:21:49,1,1,1,2095.0,0,28.4,998,1842,0,0.00,0.00,0,1,3.45,-0.01,468
2026-05-09 15:21:49,1,1,1,2073.0,-32,29.1,1007,1812,0,0.00,0.00,0,1,3.45,-0.01,468
2026-05-09 15:21:49,1,1,1,2073.0,-32,29.1,1007,1812,0,0.00,0.00,0,1,3.45,-0.01,468
2026-05-09 15:21:49,1,1,1,2040.1,-32,29.5,1004,1776,0,0.00,0.00,0,1,3.45,-0.01,468
2026-05-09 15:21:49,1,1,1,2040.1,-32,29.5,1004,1776,0,0.00,0.00,0,1,3.45,-0.01,468
2026-05-09 15:21:49,1,1,1,2003.2,-24,29.8,996,1738,0,0.00,0.00,0,1,1.99,-0.23,17141
2026-05-09 15:21:49,1,1,1,2003.2,-24,29.8,996,1738,0,0.00,0.00,0,1,1.99,-0.23,17141
2026-05-09 15:21:49,1,1,1,1966.2,-32,29.7,974,1708,1,1.89,-0.24,10400,1,1.89,-0.24,10400
2026-05-09 15:21:49,1,1,1,1966.2,-32,29.7,974,1708,1,1.89,-0.24,10400,1,1.89,-0.24,10400
2026-05-09 15:21:50,1,1,1,1933.4,-8,28.8,930,1695,1,1.87,-0.24,10400,1,1.87,-0.24,10400
2026-05-09 15:21:50,1,1,1,1899.5,-16,27.3,871,1688,1,1.87,-0.24,10400,1,1.87,-0.24,10400
2026-05-09 15:21:50,1,1,1,1899.5,-16,27.3,871,1688,1,1.91,-0.15,5706,1,1.91,-0.15,5706
2026-05-09 15:21:50,1,1,1,1875.6,-16,24.8,788,1702,1,1.91,-0.15,5706,1,1.91,-0.15,5706
2026-05-09 15:21:50,1,1,1,1875.6,-16,24.8,788,1702,1,1.87,-0.17,9029,1,1.87,-0.17,9029
2026-05-09 15:21:50,1,1,1,1851.4,-32,22.6,712,1709,1,1.87,-0.17,9029,1,1.87,-0.17,9029
2026-05-09 15:21:50,1,1,1,1851.4,-32,22.6,712,1709,1,1.85,-0.17,9029,1,1.85,-0.17,9029
2026-05-09 15:21:50,1,1,1,1821.2,-32,20.8,648,1702,1,1.85,-0.17,9029,1,1.85,-0.17,9029
2026-05-09 15:21:50,1,1,1,1796.8,-16,18.7,576,1702,1,1.85,-0.17,9029,1,1.85,-0.17,9029
2026-05-09 15:21:50,1,1,1,1796.8,-16,18.7,576,1702,1,1.85,-0.17,9029,1,1.85,-0.17,9029
2026-05-09 15:21:50,1,1,1,1777.2,8,15.8,484,1710,1,1.85,-0.17,9029,1,1.85,-0.17,9029
2026-05-09 15:21:50,1,1,1,1777.2,8,15.8,484,1710,1,1.85,-0.17,9029,1,1.85,-0.17,9029
2026-05-09 15:21:50,1,1,1,1764.5,8,12.6,385,1722,1,2.04,0.22,38914,1,2.04,0.22,38914
2026-05-09 15:21:50,1,1,1,1764.5,8,12.6,385,1722,1,2.04,0.22,38914,1,2.04,0.22,38914
2026-05-09 15:21:50,1,1,1,1770.1,0,9.3,285,1747,1,2.04,0.35,17914,1,2.04,0.35,17914
2026-05-09 15:21:50,1,1,1,1770.1,0,9.3,285,1747,1,2.04,0.35,17914,1,2.04,0.35,17914
2026-05-09 15:21:50,1,1,1,1969.5,0,4.3,147,1964,1,2.06,0.47,18792,1,2.06,0.47,18792
2026-05-09 15:21:50,1,1,1,2159.0,56,0.2,9,2159,1,2.06,0.47,18792,1,2.06,0.47,18792
2026-05-09 15:21:50,1,1,1,2159.0,56,0.2,9,2159,1,2.11,0.53,7389,1,2.11,0.53,7389
2026-05-09 15:21:50,1,1,1,2181.1,88,-1.8,-69,2180,1,2.11,0.53,7389,1,2.11,0.53,7389
2026-05-09 15:21:51,1,1,1,2181.1,88,-1.8,-69,2180,1,2.16,0.53,7389,1,2.16,0.53,7389
2026-05-09 15:21:51,1,1,1,2164.4,64,-3.7,-138,2160,1,2.16,0.53,7389,1,2.16,0.53,7389
2026-05-09 15:21:51,1,1,1,2164.4,64,-3.7,-138,2160,1,2.41,0.47,5714,1,2.41,0.47,5714
2026-05-09 15:21:51,1,1,1,2135.3,56,-5.6,-209,2125,1,2.41,0.47,5714,1,2.41,0.47,5714
2026-05-09 15:21:51,1,1,1,2103.2,0,-7.5,-276,2085,1,2.45,0.47,5714,1,2.45,0.47,5714
2026-05-09 15:21:51,1,1,1,2103.2,0,-7.5,-276,2085,1,2.45,0.47,5714,1,2.45,0.47,5714
2026-05-09 15:21:51,1,1,1,2241.5,0,-8.3,-324,2218,1,2.45,0.47,5714,1,2.45,0.47,5714
2026-05-09 15:21:51,1,1,1,2241.5,0,-8.3,-324,2218,1,2.45,0.47,5714,1,2.45,0.47,5714
2026-05-09 15:21:51,1,1,1,2371.2,64,-9.0,-371,2342,1,2.45,0.47,5714,1,2.45,0.47,5714
2026-05-09 15:21:51,1,1,1,2371.2,64,-9.0,-371,2342,1,2.45,0.47,5714,1,2.45,0.47,5714
2026-05-09 15:21:51,1,1,1,2375.2,56,-10.8,-446,2333,1,2.50,0.48,3501,1,2.50,0.48,3501
2026-05-09 15:21:51,1,1,1,2375.2,56,-10.8,-446,2333,1,2.50,0.48,3501,1,2.50,0.48,3501
2026-05-09 15:21:51,1,1,1,2358.2,32,-12.9,-525,2299,1,2.55,0.48,3501,1,2.55,0.48,3501
2026-05-09 15:21:51,1,1,1,2347.8,16,-15.0,-607,2268,1,2.55,0.48,3501,1,2.55,0.48,3501
2026-05-09 15:21:51,1,1,1,2347.8,16,-15.0,-607,2268,1,2.53,0.36,4753,1,2.53,0.36,4753
2026-05-09 15:21:51,1,1,1,2363.9,0,-16.7,-680,2264,1,2.53,0.36,4753,1,2.53,0.36,4753
2026-05-09 15:21:51,1,1,1,2363.9,0,-16.7,-680,2264,1,2.57,0.36,4753,1,2.57,0.36,4753
2026-05-09 15:21:51,1,1,1,2426.8,0,-17.9,-747,2309,1,2.57,0.36,4753,1,2.57,0.36,4753
2026-05-09 15:21:51,1,1,1,2426.8,0,-17.9,-747,2309,1,2.57,0.36,4753,1,2.57,0.36,4753
2026-05-09 15:21:51,1,1,1,2479.0,16,-18.9,-804,2345,1,2.57,0.36,4753,1,2.57,0.36,4753
2026-05-09 15:21:52,1,1,1,2479.0,16,-18.9,-804,2345,1,2.57,0.36,4753,1,2.57,0.36,4753
2026-05-09 15:21:52,1,1,1,2554.5,0,-20.2,-883,2397,1,2.57,0.36,4753,1,2.57,0.36,4753
2026-05-09 15:21:52,1,1,1,2645.5,0,-22.2,-998,2450,1,2.57,0.36,4753,1,2.57,0.36,4753
2026-05-09 15:21:52,1,1,1,2645.5,0,-22.2,-998,2450,1,2.57,0.36,4753,1,2.57,0.36,4753
2026-05-09 15:21:52,1,1,1,2716.8,0,-23.8,-1098,2485,1,2.50,0.24,3940,1,2.50,0.24,3940
2026-05-09 15:21:52,1,1,1,2716.8,0,-23.8,-1098,2485,1,2.50,0.24,3940,1,2.50,0.24,3940
2026-05-09 15:21:52,1,1,1,2764.1,8,-25.2,-1179,2500,1,2.50,0.00,9225,1,2.50,0.00,9225
2026-05-09 15:21:52,1,1,1,2764.1,8,-25.2,-1179,2500,1,2.50,0.00,9225,1,2.50,0.00,9225
2026-05-09 15:21:52,1,1,1,2728.1,-16,-26.2,-1204,2448,1,2.50,-0.05,5256,1,2.50,-0.05,5256
2026-05-09 15:21:52,1,1,1,2665.4,-24,-26.6,-1192,2384,1,2.50,-0.05,5256,1,2.50,-0.05,5256
2026-05-09 15:21:52,1,1,1,2665.4,-24,-26.6,-1192,2384,1,2.49,-0.05,5256,1,2.49,-0.05,5256
2026-05-09 15:21:52,1,1,1,2593.4,-48,-26.7,-1167,2316,1,2.49,-0.05,5256,1,2.49,-0.05,5256
2026-05-09 15:21:52,1,1,1,2593.4,-48,-26.7,-1167,2316,1,2.40,-0.30,2081,1,2.40,-0.30,2081
2026-05-09 15:21:52,1,1,1,2516.1,-79,-26.9,-1138,2244,1,2.40,-0.30,2081,1,2.40,-0.30,2081
2026-05-09 15:21:52,1,1,1,2516.1,-79,-26.9,-1138,2244,1,2.37,-0.30,2081,1,2.37,-0.30,2081
2026-05-09 15:21:52,1,1,1,2443.3,-79,-27.2,-1115,2174,1,2.37,-0.30,2081,1,2.37,-0.30,2081
2026-05-09 15:21:52,1,1,1,2443.3,-79,-27.2,-1115,2174,1,2.29,-0.40,13061,1,2.29,-0.40,13061
2026-05-09 15:21:52,1,1,1,2376.9,-72,-27.6,-1100,2107,1,2.29,-0.40,13061,1,2.29,-0.40,13061
2026-05-09 15:21:52,1,1,1,2314.0,-72,-28.3,-1096,2038,1,2.25,-0.40,13061,1,2.25,-0.40,13061
2026-05-09 15:21:52,1,1,1,2314.0,-72,-28.3,-1096,2038,1,2.25,-0.40,13061,1,2.25,-0.40,13061
2026-05-09 15:21:53,1,1,1,2250.1,-72,-28.9,-1089,1969,1,2.16,-0.48,32084,1,2.16,-0.48,32084
2026-05-09 15:21:53,1,1,1,2250.1,-72,-28.9,-1089,1969,1,2.16,-0.48,32084,1,2.16,-0.48,32084
2026-05-09 15:21:53,1,1,1,2185.8,-72,-29.5,-1077,1902,1,2.11,-0.48,32084,1,2.11,-0.48,32084
2026-05-09 15:21:53,1,1,1,2185.8,-72,-29.5,-1077,1902,1,2.11,-0.48,32084,1,2.11,-0.48,32084
2026-05-09 15:21:53,1,1,1,2119.9,-96,-30.2,-1065,1833,1,2.11,-0.48,32084,1,2.11,-0.48,32084
2026-05-09 15:21:53,1,1,1,2045.6,-119,-30.9,-1051,1755,1,2.11,-0.48,32084,1,2.11,-0.48,32084
2026-05-09 15:21:53,1,1,1,2045.6,-119,-30.9,-1051,1755,1,2.11,-0.48,32084,1,2.11,-0.48,32084
2026-05-09 15:21:53,1,1,1,1979.0,-72,-31.3,-1028,1691,1,2.11,-0.48,32084,1,2.11,-0.48,32084
2026-05-09 15:21:53,1,1,1,1979.0,-72,-31.3,-1028,1691,1,2.11,-0.48,32084,1,2.11,-0.48,32084
2026-05-09 15:21:53,1,1,1,1918.2,-39,-30.9,-985,1646,1,2.11,-0.48,32084,1,2.11,-0.48,32084
2026-05-09 15:21:53,1,1,1,1918.2,-39,-30.9,-985,1646,1,2.11,-0.48,32084,1,2.11,-0.48,32084
2026-05-09 15:21:53,1,1,1,1858.6,-39,-30.5,-944,1601,1,2.11,-0.48,32084,1,2.11,-0.48,32084
2026-05-09 15:21:53,1,1,1,1858.6,-39,-30.5,-944,1601,1,2.11,-0.48,32084,1,2.11,-0.48,32084
2026-05-09 15:21:53,1,1,1,1818.9,-8,-29.9,-908,1576,1,2.11,-0.48,32084,1,2.11,-0.48,32084
2026-05-09 15:21:53,1,1,1,1778.3,8,-29.3,-870,1551,1,2.11,-0.48,32084,1,2.11,-0.48,32084
2026-05-09 15:21:53,1,1,1,1778.3,8,-29.3,-870,1551,1,0.00,0.00,0,0,0.00,0.00,0
2026-05-09 15:21:53,1,1,1,1740.4,-16,-28.7,-835,1527,1,0.00,0.00,0,0,0.00,0.00,0
2026-05-09 15:21:53,1,1,1,1740.4,-16,-28.7,-835,1527,1,0.00,0.00,0,0,0.00,0.00,0
2026-05-09 15:21:53,1,1,1,1708.7,16,-27.8,-796,1512,1,0.00,0.00,0,0,0.00,0.00,0
2026-05-09 15:21:53,1,1,1,1708.7,16,-27.8,-796,1512,1,0.00,0.00,0,0,0.00,0.00,0
2026-05-09 15:21:54,1,1,1,1691.4,24,-26.5,-756,1513,0,0.00,0.00,0,0,0.00,0.00,0
2026-05-09 15:21:54,1,1,1,1678.3,32,-25.3,-718,1517,0,0.00,0.00,0,0,0.00,0.00,0
2026-05-09 15:21:54,1,1,1,1678.3,32,-25.3,-718,1517,0,0.00,0.00,0,0,0.00,0.00,0
2026-05-09 15:21:54,1,1,1,1673.1,39,-23.9,-677,1530,0,0.00,0.00,0,0,0.00,0.00,0
2026-05-09 15:21:54,1,1,1,1673.1,39,-23.9,-677,1530,0,0.00,0.00,0,0,0.00,0.00,0
2026-05-09 15:21:54,1,1,1,1677.3,48,-22.3,-636,1552,0,0.00,0.00,0,0,0.00,0.00,0
2026-05-09 15:21:54,1,1,1,1677.3,48,-22.3,-636,1552,0,0.00,0.00,0,0,0.00,0.00,0
2026-05-09 15:21:54,1,1,1,1694.5,0,-20.5,-594,1587,0,0.00,0.00,0,0,0.00,0.00,0
2026-05-09 15:21:54,1,1,1,1694.5,0,-20.5,-594,1587,0,0.00,0.00,0,0,0.00,0.00,0
2026-05-09 15:21:54,1,1,1,1901.2,0,-17.9,-585,1809,0,0.00,0.00,0,0,0.00,0.00,0
2026-05-09 15:21:54,1,1,1,2107.3,0,-15.5,-562,2031,0,0.00,0.00,0,0,0.00,0.00,0
2026-05-09 15:21:54,1,1,1,2107.3,0,-15.5,-562,2031,0,0.00,0.00,0,0,0.00,0.00,0
2026-05-09 15:21:54,1,1,1,2289.1,56,-13.6,-538,2225,0,0.00,0.00,0,0,0.00,0.00,0
2026-05-09 15:21:54,1,1,1,2289.1,56,-13.6,-538,2225,0,0.00,0.00,0,0,0.00,0.00,0
2026-05-09 15:21:54,1,1,1,2267.8,56,-12.3,-482,2216,0,0.00,0.00,0,0,0.00,0.00,0
2026-05-09 15:21:54,1,1,1,2267.8,56,-12.3,-482,2216,0,0.00,0.00,0,0,0.00,0.00,0
2026-05-09 15:21:54,1,1,1,2227.5,64,-11.2,-433,2185,0,0.00,0.00,0,0,0.00,0.00,0
2026-05-09 15:21:54,1,1,1,2189.8,64,-10.1,-383,2156,0,0.00,0.00,0,0,0.00,0.00,0
2026-05-09 15:21:54,1,1,1,2189.8,64,-10.1,-383,2156,0,0.00,0.00,0,0,0.00,0.00,0
2026-05-09 15:21:54,1,1,1,2174.4,72,-9.1,-344,2147,0,0.00,0.00,0,0,0.00,0.00,0
2026-05-09 15:21:55,1,1,1,2174.4,72,-9.1,-344,2147,0,0.00,0.00,0,0,0.00,0.00,0
2026-05-09 15:21:55,1,1,1,2175.2,64,-8.4,-317,2152,0,0.00,0.00,0,0,0.00,0.00,0
2026-05-09 15:21:55,1,1,1,2175.2,64,-8.4,-317,2152,0,0.00,0.00,0,0,0.00,0.00,0
2026-05-09 15:21:55,1,1,1,2187.5,48,-7.9,-299,2167,0,0.00,0.00,0,0,0.00,0.00,0
2026-05-09 15:21:55,1,1,1,2187.5,48,-7.9,-299,2167,0,0.00,0.00,0,0,0.00,0.00,0
2026-05-09 15:21:55,1,1,1,2221.0,32,-7.5,-290,2202,0,0.00,0.00,0,0,0.00,0.00,0
2026-05-09 15:21:55,1,1,1,2275.4,0,-7.3,-289,2257,0,0.00,0.00,0,0,0.00,0.00,0
2026-05-09 15:21:55,1,1,1,2275.4,0,-7.3,-289,2257,0,0.00,0.00,0,0,0.00,0.00,0
2026-05-09 15:21:55,1,1,1,2395.7,0,-7.2,-299,2377,0,0.00,0.00,0,0,0.00,0.00,0
2026-05-09 15:21:55,1,1,1,2395.7,0,-7.2,-299,2377,0,0.00,0.00,0,0,0.00,0.00,0
2026-05-09 15:21:55,1,1,1,2517.7,0,-7.3,-322,2497,0,0.00,0.00,0,0,0.00,0.00,0
2026-05-09 15:21:55,1,1,1,2517.7,0,-7.3,-322,2497,0,0.00,0.00,0,0,0.00,0.00,0
2026-05-09 15:21:55,1,1,1,2634.9,0,-7.6,-347,2612,0,0.00,0.00,0,0,0.00,0.00,0
2026-05-09 15:21:55,1,1,1,2738.9,0,-8.2,-390,2711,0,0.00,0.00,0,0,0.00,0.00,0
2026-05-09 15:21:55,1,1,1,2738.9,0,-8.2,-390,2711,0,0.00,0.00,0,0,0.00,0.00,0
2026-05-09 15:21:55,1,1,1,2829.6,0,-9.4,-460,2792,0,0.00,0.00,0,0,0.00,0.00,0
2026-05-09 15:21:55,1,1,1,2829.6,0,-9.4,-460,2792,0,0.00,0.00,0,0,0.00,0.00,0
2026-05-09 15:21:55,1,1,1,2908.8,0,-10.4,-525,2861,0,0.00,0.00,0,0,0.00,0.00,0
2026-05-09 15:21:55,1,1,1,2908.8,0,-10.4,-525,2861,0,0.00,0.00,0,0,0.00,0.00,0
2026-05-09 15:21:55,1,1,1,2935.1,-8,-10.6,-540,2885,0,0.00,0.00,0,0,0.00,0.00,0
2026-05-09 15:21:56,1,1,1,2935.1,-8,-10.6,-540,2885,0,0.00,0.00,0,1,2.55,-0.23,1325
2026-05-09 15:21:56,1,1,1,2848.2,-8,-8.2,-407,2819,0,0.00,0.00,0,1,2.55,-0.23,1325
2026-05-09 15:21:56,1,1,1,2792.4,0,-6.9,-337,2772,0,0.00,0.00,0,1,2.52,-0.23,1325
2026-05-09 15:21:56,1,1,1,2792.4,0,-6.9,-337,2772,0,0.00,0.00,0,1,2.52,-0.23,1325
2026-05-09 15:21:56,1,1,1,2737.3,0,-5.4,-259,2725,0,0.00,0.00,0,1,2.52,-0.23,1325
2026-05-09 15:21:56,1,1,1,2737.3,0,-5.4,-259,2725,0,0.00,0.00,0,1,2.52,-0.23,1325
2026-05-09 15:21:56,1,1,1,2650.7,-16,-2.1,-96,2649,0,0.00,0.00,0,1,2.52,-0.23,1325
2026-05-09 15:21:56,1,1,1,2650.7,-16,-2.1,-96,2649,0,0.00,0.00,0,1,2.52,-0.23,1325
2026-05-09 15:21:56,1,1,1,2575.3,8,0.8,37,2575,0,0.00,0.00,0,1,2.52,-0.23,1325
2026-05-09 15:21:56,1,1,1,2575.3,8,0.8,37,2575,0,0.00,0.00,0,1,2.52,-0.23,1325
2026-05-09 15:21:56,1,1,1,2515.7,-24,3.5,154,2511,0,0.00,0.00,0,1,2.52,-0.23,1325
2026-05-09 15:21:56,1,1,1,2469.1,-16,5.9,254,2456,0,0.00,0.00,0,1,2.52,-0.23,1325
2026-05-09 15:21:56,1,1,1,2469.1,-16,5.9,254,2456,0,0.00,0.00,0,1,2.52,-0.23,1325
2026-05-09 15:21:56,1,1,1,2422.2,-56,8.6,362,2395,0,0.00,0.00,0,1,2.52,-0.23,1325
2026-05-09 15:21:56,1,1,1,2422.2,-56,8.6,362,2395,0,0.00,0.00,0,1,2.52,-0.23,1325
2026-05-09 15:21:56,1,1,1,2382.2,-79,11.9,491,2331,0,0.00,0.00,0,0,0.00,0.00,0
2026-05-09 15:21:56,1,1,1,2382.2,-79,11.9,491,2331,0,0.00,0.00,0,0,0.00,0.00,0
2026-05-09 15:21:56,1,1,1,2344.3,-72,14.8,597,2267,0,0.00,0.00,0,0,0.00,0.00,0
2026-05-09 15:21:56,1,1,1,2301.6,-56,16.5,653,2207,0,0.00,0.00,0,0,0.00,0.00,0
2026-05-09 15:21:56,1,1,1,2301.6,-56,16.5,653,2207,0,0.00,0.00,0,0,0.00,0.00,0
2026-05-09 15:21:57,1,1,1,2258.5,-39,17.4,676,2155,0,0.00,0.00,0,0,0.00,0.00,0
2026-05-09 15:21:57,1,1,1,2258.5,-39,17.4,676,2155,0,0.00,0.00,0,0,0.00,0.00,0
2026-05-09 15:21:57,1,1,1,2205.7,-56,18.1,687,2096,0,0.00,0.00,0,0,0.00,0.00,0
2026-05-09 15:21:57,1,1,1,2205.7,-56,18.1,687,2096,0,0.00,0.00,0,0,0.00,0.00,0
2026-05-09 15:21:57,1,1,1,2153.3,-48,18.9,698,2037,0,0.00,0.00,0,0,0.00,0.00,0
2026-05-09 15:21:57,1,1,1,2153.3,-48,18.9,698,2037,0,0.00,0.00,0,0,0.00,0.00,0
2026-05-09 15:21:57,1,1,1,2095.7,-104,20.2,723,1967,0,0.00,0.00,0,1,1.99,-0.71,23725
2026-05-09 15:21:57,1,1,1,2039.6,-72,20.9,726,1906,0,0.00,0.00,0,1,1.99,-0.71,23725
2026-05-09 15:21:57,1,1,1,2039.6,-72,20.9,726,1906,1,1.92,-0.71,23725,1,1.92,-0.71,23725
2026-05-09 15:21:57,1,1,1,1988.1,-48,20.7,702,1860,1,1.92,-0.71,23725,1,1.92,-0.71,23725
2026-05-09 15:21:57,1,1,1,1988.1,-48,20.7,702,1860,1,1.82,-0.56,41897,1,1.82,-0.56,41897
2026-05-09 15:21:57,1,1,1,1936.0,-39,20.3,671,1816,1,1.82,-0.56,41897,1,1.82,-0.56,41897
2026-05-09 15:21:57,1,1,1,1936.0,-39,20.3,671,1816,1,2.29,-0.30,3785,1,2.29,-0.30,3785
2026-05-09 15:21:57,1,1,1,1877.4,-39,19.8,637,1766,1,2.29,-0.30,3785,1,2.29,-0.30,3785
2026-05-09 15:21:57,1,1,1,1821.0,-16,19.2,598,1720,1,2.52,-0.18,2756,1,2.52,-0.18,2756
2026-05-09 15:21:57,1,1,1,1821.0,-16,19.2,598,1720,1,2.52,-0.18,2756,1,2.52,-0.18,2756
2026-05-09 15:21:57,1,1,1,1780.7,16,18.3,558,1691,1,2.37,-0.12,17908,1,2.37,-0.12,17908
2026-05-09 15:21:57,1,1,1,1780.7,16,18.3,558,1691,1,2.37,-0.12,17908,1,2.37,-0.12,17908
2026-05-09 15:21:57,1,1,1,1768.2,24,17.1,520,1690,1,2.35,-0.12,17908,1,2.35,-0.12,17908
2026-05-09 15:21:57,1,1,1,1768.2,24,17.1,520,1690,1,2.35,-0.12,17908,1,2.35,-0.12,17908
2026-05-09 15:21:58,1,1,1,1760.9,64,15.5,470,1697,1,2.35,-0.12,17908,1,2.35,-0.12,17908
2026-05-09 15:21:58,1,1,1,1760.9,64,15.5,470,1697,1,2.35,-0.12,17908,1,2.35,-0.12,17908
2026-05-09 15:21:58,1,1,1,1766.9,48,13.7,417,1717,1,2.35,-0.12,17908,1,2.35,-0.12,17908
2026-05-09 15:21:58,1,1,1,1781.0,48,11.9,366,1743,1,2.35,-0.12,17908,1,2.35,-0.12,17908
2026-05-09 15:21:58,1,1,1,1781.0,48,11.9,366,1743,1,2.35,-0.12,17908,1,2.35,-0.12,17908
2026-05-09 15:21:58,1,1,1,1809.9,0,9.9,311,1783,1,2.35,-0.12,17908,1,2.35,-0.12,17908
2026-05-09 15:21:58,1,1,1,1809.9,0,9.9,311,1783,1,2.35,-0.12,17908,1,2.35,-0.12,17908
2026-05-09 15:21:58,1,1,1,1938.1,0,6.1,207,1927,1,2.35,-0.12,17908,1,2.35,-0.12,17908
2026-05-09 15:21:58,1,1,1,1938.1,0,6.1,207,1927,1,2.35,-0.12,17908,1,2.35,-0.12,17908
2026-05-09 15:21:58,1,1,1,2126.9,0,2.4,90,2125,1,2.35,-0.12,17908,1,2.35,-0.12,17908
2026-05-09 15:21:58,1,1,1,2307.1,0,-0.5,-21,2307,1,2.35,-0.12,17908,1,2.35,-0.12,17908
2026-05-09 15:21:58,1,1,1,2307.1,0,-0.5,-21,2307,1,0.00,0.00,0,0,0.00,0.00,0
2026-05-09 15:21:58,1,1,1,2470.5,72,-3.0,-131,2467,1,2.24,0.72,13973,1,2.24,0.72,13973
2026-05-09 15:21:58,1,1,1,2470.5,72,-3.0,-131,2467,1,2.24,0.72,13973,1,2.24,0.72,13973
2026-05-09 15:21:58,1,1,1,2468.7,56,-4.2,-182,2462,1,2.41,0.60,12073,1,2.41,0.60,12073
2026-05-09 15:21:58,1,1,1,2468.7,56,-4.2,-182,2462,1,2.41,0.60,12073,1,2.41,0.60,12073
2026-05-09 15:21:58,1,1,1,2434.4,39,-5.3,-225,2424,1,2.47,0.51,14842,1,2.47,0.51,14842
2026-05-09 15:21:58,1,1,1,2434.4,39,-5.3,-225,2424,1,2.47,0.51,14842,1,2.47,0.51,14842
2026-05-09 15:21:58,1,1,1,2398.0,39,-6.2,-259,2384,1,2.52,0.51,14842,1,2.52,0.51,14842
2026-05-09 15:21:58,1,1,1,2362.9,32,-7.2,-298,2344,1,2.52,0.51,14842,1,2.52,0.51,14842
2026-05-09 15:21:59,1,1,1,2362.9,32,-7.2,-298,2344,1,2.52,0.51,14842,1,2.52,0.51,14842
2026-05-09 15:21:59,1,1,1,2354.6,39,-8.5,-346,2329,1,2.52,0.51,14842,1,2.52,0.51,14842
2026-05-09 15:21:59,1,1,1,2354.6,39,-8.5,-346,2329,1,2.52,0.51,14842,1,2.52,0.51,14842
2026-05-09 15:21:59,1,1,1,2360.4,39,-9.5,-390,2328,1,2.52,0.51,14842,1,2.52,0.51,14842
2026-05-09 15:21:59,1,1,1,2360.4,39,-9.5,-390,2328,1,2.52,0.51,14842,1,2.52,0.51,14842
2026-05-09 15:21:59,1,1,1,2382.8,0,-10.3,-428,2344,1,2.52,0.51,14842,1,2.52,0.51,14842
2026-05-09 15:21:59,1,1,1,2472.7,0,-10.5,-452,2431,1,2.52,0.51,14842,1,2.52,0.51,14842
2026-05-09 15:21:59,1,1,1,2472.7,0,-10.5,-452,2431,1,2.52,0.51,14842,1,2.52,0.51,14842
2026-05-09 15:21:59,1,1,1,2588.2,0,-11.0,-492,2541,1,2.52,0.51,14842,1,2.52,0.51,14842
2026-05-09 15:21:59,1,1,1,2588.2,0,-11.0,-492,2541,1,2.52,0.51,14842,1,2.52,0.51,14842
2026-05-09 15:21:59,1,1,1,2697.2,-16,-11.5,-538,2643,1,2.52,0.51,14842,1,2.52,0.51,14842
2026-05-09 15:21:59,1,1,1,2697.2,-16,-11.5,-538,2643,1,0.00,0.00,0,0,0.00,0.00,0
2026-05-09 15:21:59,1,1,1,2777.1,8,-11.8,-570,2718,1,0.00,0.00,0,0,0.00,0.00,0
2026-05-09 15:21:59,1,1,1,2777.1,8,-11.8,-570,2718,1,0.00,0.00,0,0,0.00,0.00,0
2026-05-09 15:21:59,1,1,1,2809.6,-8,-12.5,-608,2743,1,0.00,0.00,0,0,0.00,0.00,0
2026-05-09 15:21:59,1,1,1,2835.1,0,-13.6,-665,2756,1,0.00,0.00,0,0,0.00,0.00,0
2026-05-09 15:21:59,1,1,1,2835.1,0,-13.6,-665,2756,0,0.00,0.00,0,0,0.00,0.00,0
2026-05-09 15:21:59,1,1,1,2835.0,-16,-14.8,-724,2741,0,0.00,0.00,0,0,0.00,0.00,0
2026-05-09 15:21:59,1,1,1,2835.0,-16,-14.8,-724,2741,0,0.00,0.00,0,0,0.00,0.00,0
2026-05-09 15:21:59,1,1,1,2765.8,8,-16.0,-761,2659,0,0.00,0.00,0,0,0.00,0.00,0
2026-05-09 15:22:00,1,1,1,2765.8,8,-16.0,-761,2659,0,0.00,0.00,0,0,0.00,0.00,0
2026-05-09 15:22:00,1,1,1,2691.0,-32,-17.3,-801,2569,0,0.00,0.00,0,0,0.00,0.00,0
2026-05-09 15:22:00,1,1,1,2626.9,-24,-18.6,-840,2489,0,0.00,0.00,0,0,0.00,0.00,0
2026-05-09 15:22:00,1,1,1,2626.9,-24,-18.6,-840,2489,0,0.00,0.00,0,0,0.00,0.00,0
2026-05-09 15:22:00,1,1,1,2566.0,-39,-19.8,-870,2414,0,0.00,0.00,0,0,0.00,0.00,0
2026-05-09 15:22:00,1,1,1,2566.0,-39,-19.8,-870,2414,0,0.00,0.00,0,0,0.00,0.00,0
2026-05-09 15:22:00,1,1,1,2518.5,0,-21.0,-903,2351,0,0.00,0.00,0,0,0.00,0.00,0
2026-05-09 15:22:00,1,1,1,2518.5,0,-21.0,-903,2351,0,0.00,0.00,0,0,0.00,0.00,0
2026-05-09 15:22:00,1,1,1,2580.7,0,-23.3,-1019,2371,0,0.00,0.00,0,1,2.29,-0.48,7650
2026-05-09 15:22:00,1,1,1,2580.7,0,-23.3,-1019,2371,0,0.00,0.00,0,1,2.29,-0.48,7650
2026-05-09 15:22:00,1,1,1,2696.5,0,-25.7,-1171,2429,1,2.25,-0.48,7650,1,2.25,-0.48,7650
2026-05-09 15:22:00,1,1,1,2822.5,16,-27.7,-1314,2498,1,2.25,-0.48,7650,1,2.25,-0.48,7650
2026-05-09 15:22:00,1,1,1,2822.5,16,-27.7,-1314,2498,1,2.22,-0.47,9341,1,2.22,-0.47,9341
2026-05-09 15:22:00,1,1,1,2861.7,0,-29.4,-1405,2493,1,2.22,-0.47,9341,1,2.22,-0.47,9341
2026-05-09 15:22:00,1,1,1,2861.7,0,-29.4,-1405,2493,1,2.17,-0.47,9341,1,2.17,-0.47,9341
2026-05-09 15:22:00,1,1,1,2920.6,0,-30.9,-1500,2506,1,2.17,-0.47,9341,1,2.17,-0.47,9341
2026-05-09 15:22:00,1,1,1,2920.6,0,-30.9,-1500,2506,1,2.17,-0.47,9341,1,2.17,-0.47,9341
2026-05-09 15:22:00,1,1,1,2975.6,0,-31.8,-1568,2529,1,2.17,-0.47,9341,1,2.17,-0.47,9341
2026-05-09 15:22:00,1,1,1,2975.6,0,-31.8,-1568,2529,1,2.17,-0.47,9341,1,2.17,-0.47,9341
2026-05-09 15:22:00,1,1,1,3021.0,0,-31.1,-1560,2587,1,2.17,-0.47,9341,1,2.17,-0.47,9341
2026-05-09 15:22:01,1,1,1,3048.2,8,-30.0,-1522,2641,1,2.17,-0.47,9341,1,2.17,-0.47,9341
2026-05-09 15:22:01,1,1,1,3048.2,8,-30.0,-1522,2641,1,2.17,-0.47,9341,1,2.17,-0.47,9341
2026-05-09 15:22:01,1,1,1,2884.1,0,-28.3,-1368,2539,1,2.17,-0.47,9341,1,2.17,-0.47,9341
2026-05-09 15:22:01,1,1,1,2884.1,0,-28.3,-1368,2539,1,2.17,-0.47,9341,1,2.17,-0.47,9341
2026-05-09 15:22:01,1,1,1,2735.6,0,-26.5,-1219,2449,1,2.17,-0.47,9341,1,2.17,-0.47,9341
2026-05-09 15:22:01,1,1,1,2735.6,0,-26.5,-1219,2449,1,2.17,-0.47,9341,1,2.17,-0.47,9341
2026-05-09 15:22:01,1,1,1,2626.2,0,-24.3,-1082,2393,1,2.17,-0.47,9341,1,2.17,-0.47,9341
2026-05-09 15:22:01,1,1,1,2544.0,0,-21.9,-950,2360,1,0.00,0.00,0,0,0.00,0.00,0
2026-05-09 15:22:01,1,1,1,2544.0,0,-21.9,-950,2360,1,0.00,0.00,0,0,0.00,0.00,0
2026-05-09 15:22:01,1,1,1,2610.5,0,-18.8,-842,2471,1,0.00,0.00,0,0,0.00,0.00,0
2026-05-09 15:22:01,1,1,1,2610.5,0,-18.8,-842,2471,1,0.00,0.00,0,0,0.00,0.00,0
2026-05-09 15:22:01,1,1,1,2705.5,0,-16.6,-772,2593,1,0.00,0.00,0,0,0.00,0.00,0
2026-05-09 15:22:01,1,1,1,2705.5,0,-16.6,-772,2593,1,2.25,0.23,26849,1,2.25,0.23,26849
2026-05-09 15:22:01,1,1,1,2800.5,24,-14.7,-710,2709,1,2.25,0.23,26849,1,2.25,0.23,26849
2026-05-09 15:22:01,1,1,1,2800.5,24,-14.7,-710,2709,1,2.27,0.23,26849,1,2.27,0.23,26849
2026-05-09 15:22:01,1,1,1,2734.8,32,-13.0,-614,2665,1,2.27,0.23,26849,1,2.27,0.23,26849
2026-05-09 15:22:01,1,1,1,2665.4,0,-11.3,-521,2614,1,2.76,0.16,3922,1,2.76,0.16,3922
2026-05-09 15:22:01,1,1,1,2665.4,0,-11.3,-521,2614,1,2.76,0.16,3922,1,2.76,0.16,3922
2026-05-09 15:22:01,1,1,1,2723.5,0,-10.1,-479,2681,1,2.78,0.16,3922,1,2.78,0.16,3922
2026-05-09 15:22:01,1,1,1,2723.5,0,-10.1,-479,2681,1,2.78,0.16,3922,1,2.78,0.16,3922
2026-05-09 15:22:02,1,1,1,2799.4,0,-9.5,-462,2761,1,2.78,0.16,3922,1,2.78,0.16,3922
2026-05-09 15:22:02,1,1,1,2799.4,0,-9.5,-462,2761,1,2.78,0.16,3922,1,2.78,0.16,3922
2026-05-09 15:22:02,1,1,1,2880.1,48,-8.9,-448,2845,1,2.78,0.16,3922,1,2.78,0.16,3922
2026-05-09 15:22:02,1,1,1,2809.3,24,-6.2,-302,2793,1,2.78,0.16,3922,1,2.78,0.16,3922
2026-05-09 15:22:02,1,1,1,2809.3,24,-6.2,-302,2793,1,2.78,0.16,3922,1,2.78,0.16,3922
2026-05-09 15:22:02,1,1,1,2720.8,32,-3.0,-143,2717,1,2.78,0.16,3922,1,2.78,0.16,3922
2026-05-09 15:22:02,1,1,1,2720.8,32,-3.0,-143,2717,1,2.78,0.16,3922,1,2.78,0.16,3922
2026-05-09 15:22:02,1,1,1,2638.0,24,0.0,0,2638,1,2.78,0.16,3922,1,2.78,0.16,3922
2026-05-09 15:22:02,1,1,1,2638.0,24,0.0,0,2638,1,2.78,0.16,3922,1,2.78,0.16,3922
2026-05-09 15:22:02,1,1,1,2571.4,-8,3.4,151,2567,1,2.78,0.16,3922,1,2.78,0.16,3922
2026-05-09 15:22:02,1,1,1,2571.4,-8,3.4,151,2567,1,2.78,0.16,3922,1,2.78,0.16,3922
2026-05-09 15:22:02,1,1,1,2534.1,0,6.7,294,2517,1,0.00,0.00,0,0,0.00,0.00,0
2026-05-09 15:22:02,1,1,1,2520.1,8,9.4,413,2486,1,0.00,0.00,0,0,0.00,0.00,0
2026-05-09 15:22:02,1,1,1,2520.1,8,9.4,413,2486,1,0.00,0.00,0,0,0.00,0.00,0
2026-05-09 15:22:02,1,1,1,2501.7,24,11.3,491,2453,1,0.00,0.00,0,0,0.00,0.00,0
2026-05-09 15:22:02,1,1,1,2501.7,24,11.3,491,2453,1,0.00,0.00,0,0,0.00,0.00,0
2026-05-09 15:22:02,1,1,1,2507.0,0,13.0,563,2443,0,0.00,0.00,0,0,0.00,0.00,0
2026-05-09 15:22:02,1,1,1,2507.0,0,13.0,563,2443,0,0.00,0.00,0,0,0.00,0.00,0
2026-05-09 15:22:02,1,1,1,2493.0,39,14.1,607,2418,0,0.00,0.00,0,0,0.00,0.00,0
2026-05-09 15:22:02,1,1,1,2481.3,48,15.3,656,2393,0,0.00,0.00,0,0,0.00,0.00,0
2026-05-09 15:22:03,1,1,1,2481.3,48,15.3,656,2393,0,0.00,0.00,0,0,0.00,0.00,0
2026-05-09 15:22:03,1,1,1,2481.3,16,17.0,725,2373,0,0.00,0.00,0,0,0.00,0.00,0
2026-05-09 15:22:03,1,1,1,2481.3,16,17.0,725,2373,0,0.00,0.00,0,0,0.00,0.00,0
2026-05-09 15:22:03,1,1,1,2479.4,0,19.2,814,2342,0,0.00,0.00,0,0,0.00,0.00,0
2026-05-09 15:22:03,1,1,1,2479.4,0,19.2,814,2342,0,0.00,0.00,0,0,0.00,0.00,0
2026-05-09 15:22:03,1,1,1,2468.9,-16,21.3,895,2301,0,0.00,0.00,0,0,0.00,0.00,0
2026-05-09 15:22:03,1,1,1,2468.9,-16,21.3,895,2301,0,0.00,0.00,0,0,0.00,0.00,0
2026-05-09 15:22:13,1,1,1,2692.4,0,-21.1,-969,2512,1,0.00,0.00,0,0,0.00,0.00,0
2026-05-09 15:22:13,1,1,1,2766.7,0,-18.4,-874,2625,0,0.00,0.00,0,0,0.00,0.00,0
2026-05-09 15:22:13,1,1,1,2831.0,16,-16.1,-785,2720,0,0.00,0.00,0,0,0.00,0.00,0
2026-05-09 15:22:13,1,1,1,2831.0,16,-16.1,-785,2720,0,0.00,0.00,0,1,2.30,0.24,9225
2026-05-09 15:22:13,1,1,1,2753.3,32,-14.5,-688,2666,0,0.00,0.00,0,1,2.30,0.24,9225
2026-05-09 15:22:13,1,1,1,2753.3,32,-14.5,-688,2666,1,2.33,0.24,9225,1,2.33,0.24,9225
2026-05-09 15:22:13,1,1,1,2676.4,0,-12.9,-597,2609,1,2.33,0.24,9225,1,2.33,0.24,9225
2026-05-09 15:22:13,1,1,1,2676.4,0,-12.9,-597,2609,1,2.33,0.24,9225,1,2.33,0.24,9225
2026-05-09 15:22:13,1,1,1,2704.7,0,-11.6,-546,2649,1,2.33,0.24,9225,1,2.33,0.24,9225
2026-05-09 15:22:13,1,1,1,2704.7,0,-11.6,-546,2649,1,2.33,0.24,9225,1,2.33,0.24,9225
2026-05-09 15:22:13,1,1,1,2763.1,0,-10.6,-508,2716,1,2.33,0.24,9225,1,2.33,0.24,9225
2026-05-09 15:22:13,1,1,1,2837.6,0,-10.2,-501,2793,1,2.33,0.24,9225,1,2.33,0.24,9225
2026-05-09 15:22:13,1,1,1,2837.6,0,-10.2,-501,2793,1,2.33,0.24,9225,1,2.33,0.24,9225
2026-05-09 15:22:14,1,1,1,2913.4,0,-10.9,-550,2861,1,2.33,0.24,9225,1,2.33,0.24,9225
2026-05-09 15:22:14,1,1,1,2913.4,0,-10.9,-550,2861,1,2.33,0.24,9225,1,2.33,0.24,9225
2026-05-09 15:22:14,1,1,1,2969.4,0,-11.6,-596,2909,1,2.33,0.24,9225,1,2.33,0.24,9225
2026-05-09 15:22:14,1,1,1,2969.4,0,-11.6,-596,2909,1,2.33,0.24,9225,1,2.33,0.24,9225
2026-05-09 15:22:14,1,1,1,3001.5,8,-11.8,-614,2938,1,2.33,0.24,9225,1,2.33,0.24,9225
2026-05-09 15:22:14,1,1,1,3001.5,8,-11.8,-614,2938,1,0.00,0.00,0,0,0.00,0.00,0
2026-05-09 15:22:14,1,1,1,2992.2,0,-11.5,-597,2932,1,0.00,0.00,0,0,0.00,0.00,0
2026-05-09 15:22:14,1,1,1,2973.6,16,-10.6,-546,2923,1,0.00,0.00,0,0,0.00,0.00,0
2026-05-09 15:22:14,1,1,1,2973.6,16,-10.6,-546,2923,1,0.00,0.00,0,0,0.00,0.00,0
2026-05-09 15:22:14,1,1,1,2937.2,-8,-9.6,-490,2896,1,0.00,0.00,0,0,0.00,0.00,0
2026-05-09 15:22:14,1,1,1,2937.2,-8,-9.6,-490,2896,0,0.00,0.00,0,0,0.00,0.00,0
2026-05-09 15:22:14,1,1,1,2857.6,0,-7.7,-382,2832,0,0.00,0.00,0,0,0.00,0.00,0
2026-05-09 15:22:14,1,1,1,2857.6,0,-7.7,-382,2832,0,0.00,0.00,0,0,0.00,0.00,0
2026-05-09 15:22:14,1,1,1,2734.5,-8,-3.6,-173,2729,0,0.00,0.00,0,0,0.00,0.00,0
2026-05-09 15:22:14,1,1,1,2643.4,0,1.0,44,2643,0,0.00,0.00,0,0,0.00,0.00,0
2026-05-09 15:22:14,1,1,1,2643.4,0,1.0,44,2643,0,0.00,0.00,0,0,0.00,0.00,0
2026-05-09 15:22:14,1,1,1,2566.4,-16,4.9,220,2557,0,0.00,0.00,0,0,0.00,0.00,0
2026-05-09 15:22:14,1,1,1,2566.4,-16,4.9,220,2557,0,0.00,0.00,0,0,0.00,0.00,0
2026-05-09 15:22:14,1,1,1,2512.8,-16,8.5,373,2485,0,0.00,0.00,0,0,0.00,0.00,0
2026-05-09 15:22:14,1,1,1,2512.8,-16,8.5,373,2485,0,0.00,0.00,0,0,0.00,0.00,0
2026-05-09 15:22:15,1,1,1,2470.3,-24,12.0,515,2416,0,0.00,0.00,0,0,0.00,0.00,0
2026-05-09 15:22:15,1,1,1,2470.3,-24,12.0,515,2416,0,0.00,0.00,0,0,0.00,0.00,0
2026-05-09 15:22:15,1,1,1,2428.4,-16,15.1,631,2345,0,0.00,0.00,0,0,0.00,0.00,0
2026-05-09 15:22:15,1,1,1,2388.0,-8,17.3,710,2280,0,0.00,0.00,0,0,0.00,0.00,0
2026-05-09 15:22:15,1,1,1,2388.0,-8,17.3,710,2280,0,0.00,0.00,0,0,0.00,0.00,0
2026-05-09 15:22:15,1,1,1,2360.3,-24,19.3,779,2228,0,0.00,0.00,0,0,0.00,0.00,0
2026-05-09 15:22:15,1,1,1,2360.3,-24,19.3,779,2228,0,0.00,0.00,0,0,0.00,0.00,0
2026-05-09 15:22:15,1,1,1,2333.5,-48,21.3,848,2174,0,0.00,0.00,0,0,0.00,0.00,0
2026-05-09 15:22:15,1,1,1,2333.5,-48,21.3,848,2174,0,0.00,0.00,0,0,0.00,0.00,0
2026-05-09 15:22:15,1,1,1,2313.8,-8,22.7,892,2135,0,0.00,0.00,0,0,0.00,0.00,0
2026-05-09 15:22:15,1,1,1,2294.7,-32,23.8,925,2100,0,0.00,0.00,0,0,0.00,0.00,0
2026-05-09 15:22:15,1,1,1,2294.7,-32,23.8,925,2100,0,0.00,0.00,0,0,0.00,0.00,0
2026-05-09 15:22:15,1,1,1,2272.5,-24,24.2,931,2073,0,0.00,0.00,0,0,0.00,0.00,0
2026-05-09 15:22:15,1,1,1,2272.5,-24,24.2,931,2073,0,0.00,0.00,0,0,0.00,0.00,0
2026-05-09 15:22:15,1,1,1,2250.3,-24,23.8,908,2059,0,0.00,0.00,0,0,0.00,0.00,0
2026-05-09 15:22:15,1,1,1,2250.3,-24,23.8,908,2059,0,0.00,0.00,0,0,0.00,0.00,0
2026-05-09 15:22:15,1,1,1,2242.8,16,23.1,880,2063,0,0.00,0.00,0,0,0.00,0.00,0
2026-05-09 15:22:15,1,1,1,2242.8,16,23.1,880,2063,0,0.00,0.00,0,0,0.00,0.00,0
2026-05-09 15:22:15,1,1,1,2237.6,16,22.0,840,2074,0,0.00,0.00,0,0,0.00,0.00,0
2026-05-09 15:22:15,1,1,1,2226.4,16,19.9,759,2093,0,0.00,0.00,0,0,0.00,0.00,0
2026-05-09 15:22:16,1,1,1,2226.4,16,19.9,759,2093,0,0.00,0.00,0,0,0.00,0.00,0
2026-05-09 15:22:16,1,1,1,2203.2,8,18.4,697,2090,0,0.00,0.00,0,0,0.00,0.00,0
2026-05-09 15:22:16,1,1,1,2203.2,8,18.4,697,2090,0,0.00,0.00,0,0,0.00,0.00,0
2026-05-09 15:22:16,1,1,1,2197.4,24,16.8,634,2104,0,0.00,0.00,0,0,0.00,0.00,0
2026-05-09 15:22:16,1,1,1,2197.4,24,16.8,634,2104,0,0.00,0.00,0,0,0.00,0.00,0
2026-05-09 15:22:16,1,1,1,2206.1,16,14.9,567,2132,0,0.00,0.00,0,0,0.00,0.00,0
2026-05-09 15:22:16,1,1,1,2213.1,24,12.9,495,2157,0,0.00,0.00,0,0,0.00,0.00,0
2026-05-09 15:22:16,1,1,1,2213.1,24,12.9,495,2157,0,0.00,0.00,0,0,0.00,0.00,0
2026-05-09 15:22:16,1,1,1,2219.5,32,10.4,401,2183,0,0.00,0.00,0,1,2.32,0.24,10709
2026-05-09 15:22:16,1,1,1,2219.5,32,10.4,401,2183,0,0.00,0.00,0,1,2.32,0.24,10709
2026-05-09 15:22:16,1,1,1,2220.7,39,7.6,295,2201,1,2.43,0.36,23300,1,2.43,0.36,23300
2026-05-09 15:22:16,1,1,1,2220.7,39,7.6,295,2201,1,2.43,0.36,23300,1,2.43,0.36,23300
2026-05-09 15:22:16,1,1,1,2240.4,0,4.7,182,2233,1,2.46,0.36,23300,1,2.46,0.36,23300
2026-05-09 15:22:16,1,1,1,2240.4,0,4.7,182,2233,1,2.46,0.36,23300,1,2.46,0.36,23300
2026-05-09 15:22:16,1,1,1,2343.4,0,1.1,44,2343,1,2.49,0.32,7218,1,2.49,0.32,7218
2026-05-09 15:22:16,1,1,1,2476.0,0,-1.6,-69,2475,1,2.49,0.32,7218,1,2.49,0.32,7218
2026-05-09 15:22:16,1,1,1,2476.0,0,-1.6,-69,2475,1,2.52,0.32,7218,1,2.52,0.32,7218
2026-05-09 15:22:16,1,1,1,2598.7,0,-3.1,-139,2595,1,2.52,0.32,7218,1,2.52,0.32,7218
2026-05-09 15:22:16,1,1,1,2598.7,0,-3.1,-139,2595,1,2.52,0.32,7218,1,2.52,0.32,7218
2026-05-09 15:22:16,1,1,1,2702.2,32,-4.2,-197,2695,1,2.52,0.32,7218,1,2.52,0.32,7218
2026-05-09 15:22:17,1,1,1,2702.2,32,-4.2,-197,2695,1,2.52,0.32,7218,1,2.52,0.32,7218
2026-05-09 15:22:17,1,1,1,2786.5,0,-5.4,-264,2774,1,2.52,0.32,7218,1,2.52,0.32,7218
2026-05-09 15:22:17,1,1,1,2851.2,0,-6.3,-313,2834,1,2.52,0.32,7218,1,2.52,0.32,7218
2026-05-09 15:22:17,1,1,1,2851.2,0,-6.3,-313,2834,1,2.52,0.32,7218,1,2.52,0.32,7218
2026-05-09 15:22:17,1,1,1,2891.4,8,-7.0,-351,2870,1,2.52,0.32,7218,1,2.52,0.32,7218
2026-05-09 15:22:17,1,1,1,2891.4,8,-7.0,-351,2870,1,2.52,0.32,7218,1,2.52,0.32,7218
2026-05-09 15:22:17,1,1,1,2859.5,0,-8.1,-403,2831,1,2.52,0.32,7218,1,2.52,0.32,7218
2026-05-09 15:22:17,1,1,1,2859.5,0,-8.1,-403,2831,1,2.52,0.32,7218,1,2.52,0.32,7218
2026-05-09 15:22:17,1,1,1,2790.7,8,-9.2,-445,2755,1,2.52,0.32,7218,1,2.52,0.32,7218
2026-05-09 15:22:17,1,1,1,2790.7,8,-9.2,-445,2755,1,0.00,0.00,0,0,0.00,0.00,0
2026-05-09 15:22:17,1,1,1,2725.0,-8,-10.7,-504,2678,1,0.00,0.00,0,0,0.00,0.00,0
2026-05-09 15:22:17,1,1,1,2664.7,0,-12.2,-561,2605,1,0.00,0.00,0,0,0.00,0.00,0
2026-05-09 15:22:17,1,1,1,2664.7,0,-12.2,-561,2605,1,0.00,0.00,0,0,0.00,0.00,0
2026-05-09 15:22:17,1,1,1,2620.4,-8,-14.0,-632,2543,1,0.00,0.00,0,0,0.00,0.00,0
2026-05-09 15:22:17,1,1,1,2620.4,-8,-14.0,-632,2543,0,0.00,0.00,0,0,0.00,0.00,0
2026-05-09 15:22:17,1,1,1,2609.0,-8,-16.0,-719,2508,0,0.00,0.00,0,0,0.00,0.00,0
2026-05-09 15:22:17,1,1,1,2609.0,-8,-16.0,-719,2508,0,0.00,0.00,0,0,0.00,0.00,0
2026-05-09 15:22:17,1,1,1,2642.1,0,-18.2,-825,2510,0,0.00,0.00,0,0,0.00,0.00,0
2026-05-09 15:22:17,1,1,1,2642.1,0,-18.2,-825,2510,0,0.00,0.00,0,0,0.00,0.00,0
2026-05-09 15:22:17,1,1,1,2719.1,0,-20.5,-952,2547,0,0.00,0.00,0,0,0.00,0.00,0
2026-05-09 15:22:18,1,1,1,2813.8,0,-22.9,-1095,2592,0,0.00,0.00,0,0,0.00,0.00,0
2026-05-09 15:22:18,1,1,1,2813.8,0,-22.9,-1095,2592,0,0.00,0.00,0,0,0.00,0.00,0
2026-05-09 15:22:18,1,1,1,2900.0,0,-25.0,-1224,2629,0,0.00,0.00,0,0,0.00,0.00,0
2026-05-09 15:22:18,1,1,1,2900.0,0,-25.0,-1224,2629,0,0.00,0.00,0,0,0.00,0.00,0
2026-05-09 15:22:18,1,1,1,2976.2,-56,-26.7,-1339,2658,0,0.00,0.00,0,1,2.49,-0.60,5960
2026-05-09 15:22:18,1,1,1,2976.2,-56,-26.7,-1339,2658,0,0.00,0.00,0,1,2.49,-0.60,5960
2026-05-09 15:22:18,1,1,1,2913.8,-56,-27.2,-1331,2592,1,2.47,-0.48,9113,1,2.47,-0.48,9113
2026-05-09 15:22:18,1,1,1,2805.2,-48,-27.3,-1288,2492,1,2.47,-0.48,9113,1,2.47,-0.48,9113
2026-05-09 15:22:18,1,1,1,2805.2,-48,-27.3,-1288,2492,1,2.42,-0.48,9113,1,2.42,-0.48,9113
2026-05-09 15:22:18,1,1,1,2682.8,-112,-27.6,-1242,2378,1,2.42,-0.48,9113,1,2.42,-0.48,9113
2026-05-09 15:22:18,1,1,1,2682.8,-112,-27.6,-1242,2378,1,2.42,-0.48,9113,1,2.42,-0.48,9113
2026-05-09 15:22:18,1,1,1,2571.3,-32,-27.4,-1185,2282,1,2.42,-0.48,9113,1,2.42,-0.48,9113
2026-05-09 15:22:18,1,1,1,2571.3,-32,-27.4,-1185,2282,1,2.42,-0.48,9113,1,2.42,-0.48,9113
2026-05-09 15:22:18,1,1,1,2478.2,-48,-27.3,-1137,2202,1,2.42,-0.48,9113,1,2.42,-0.48,9113
2026-05-09 15:22:18,1,1,1,2478.2,-48,-27.3,-1137,2202,1,2.42,-0.48,9113,1,2.42,-0.48,9113
2026-05-09 15:22:18,1,1,1,2400.3,0,-27.1,-1095,2136,1,2.42,-0.48,9113,1,2.42,-0.48,9113
2026-05-09 15:22:18,1,1,1,2501.6,0,-28.3,-1187,2202,1,2.42,-0.48,9113,1,2.42,-0.48,9113
2026-05-09 15:22:18,1,1,1,2501.6,0,-28.3,-1187,2202,1,2.42,-0.48,9113,1,2.42,-0.48,9113
2026-05-09 15:22:18,1,1,1,2571.0,0,-28.7,-1235,2255,1,2.42,-0.48,9113,1,2.42,-0.48,9113
2026-05-09 15:22:18,1,1,1,2571.0,0,-28.7,-1235,2255,1,2.42,-0.48,9113,1,2.42,-0.48,9113
2026-05-09 15:22:19,1,1,1,2695.5,0,-29.0,-1306,2358,1,2.42,-0.48,9113,1,2.42,-0.48,9113
2026-05-09 15:22:19,1,1,1,2695.5,0,-29.0,-1306,2358,1,0.00,0.00,0,0,0.00,0.00,0
2026-05-09 15:22:19,1,1,1,2797.6,8,-29.0,-1356,2447,1,0.00,0.00,0,0,0.00,0.00,0
2026-05-09 15:22:19,1,1,1,2698.9,16,-27.5,-1248,2393,1,0.00,0.00,0,0,0.00,0.00,0
2026-05-09 15:22:19,1,1,1,2698.9,16,-27.5,-1248,2393,1,0.00,0.00,0,0,0.00,0.00,0
2026-05-09 15:22:19,1,1,1,2596.7,0,-25.9,-1134,2336,1,0.00,0.00,0,0,0.00,0.00,0
2026-05-09 15:22:19,1,1,1,2596.7,0,-25.9,-1134,2336,0,0.00,0.00,0,0,0.00,0.00,0
2026-05-09 15:22:19,1,1,1,2623.1,0,-23.3,-1038,2409,0,0.00,0.00,0,0,0.00,0.00,0
2026-05-09 15:22:19,1,1,1,2623.1,0,-23.3,-1038,2409,0,0.00,0.00,0,0,0.00,0.00,0
2026-05-09 15:22:19,1,1,1,2688.9,0,-20.8,-954,2514,0,0.00,0.00,0,0,0.00,0.00,0
2026-05-09 15:22:19,1,1,1,2688.9,0,-20.8,-954,2514,0,0.00,0.00,0,0,0.00,0.00,0
2026-05-09 15:22:19,1,1,1,2763.5,0,-18.4,-873,2622,0,0.00,0.00,0,0,0.00,0.00,0
2026-05-09 15:22:19,1,1,1,2832.6,0,-16.4,-801,2717,0,0.00,0.00,0,0,0.00,0.00,0
2026-05-09 15:22:19,1,1,1,2832.6,0,-16.4,-801,2717,0,0.00,0.00,0,0,0.00,0.00,0
2026-05-09 15:22:19,1,1,1,2893.7,0,-14.8,-738,2798,0,0.00,0.00,0,0,0.00,0.00,0
2026-05-09 15:22:19,1,1,1,2893.7,0,-14.8,-738,2798,0,0.00,0.00,0,0,0.00,0.00,0
2026-05-09 15:22:19,1,1,1,2942.4,39,-13.3,-679,2863,0,0.00,0.00,0,0,0.00,0.00,0
2026-05-09 15:22:19,1,1,1,2942.4,39,-13.3,-679,2863,0,0.00,0.00,0,0,0.00,0.00,0
2026-05-09 15:22:19,1,1,1,2848.4,48,-11.9,-588,2787,0,0.00,0.00,0,0,0.00,0.00,0
2026-05-09 15:22:19,1,1,1,2754.9,0,-10.5,-501,2709,0,0.00,0.00,0,0,0.00,0.00,0
2026-05-09 15:22:20,1,1,1,2754.9,0,-10.5,-501,2709,0,0.00,0.00,0,0,0.00,0.00,0
2026-05-09 15:22:20,1,1,1,2776.2,0,-9.6,-465,2737,0,0.00,0.00,0,0,0.00,0.00,0
2026-05-09 15:22:20,1,1,1,2776.2,0,-9.6,-465,2737,0,0.00,0.00,0,0,0.00,0.00,0
2026-05-09 15:22:20,1,1,1,2821.5,0,-9.0,-440,2787,0,0.00,0.00,0,0,0.00,0.00,0
2026-05-09 15:22:20,1,1,1,2821.5,0,-9.0,-440,2787,0,0.00,0.00,0,0,0.00,0.00,0
2026-05-09 15:22:20,1,1,1,2879.4,0,-8.9,-444,2845,0,0.00,0.00,0,0,0.00,0.00,0
2026-05-09 15:22:20,1,1,1,2879.4,0,-8.9,-444,2845,0,0.00,0.00,0,1,2.49,0.26,40097
2026-05-09 15:22:20,1,1,1,2941.1,32,-8.9,-453,2906,0,0.00,0.00,0,1,2.49,0.26,40097
2026-05-09 15:22:20,1,1,1,2850.0,32,-7.0,-345,2829,1,2.52,0.26,40097,1,2.52,0.26,40097
2026-05-09 15:22:20,1,1,1,2850.0,32,-7.0,-345,2829,1,2.52,0.26,40097,1,2.52,0.26,40097
2026-05-09 15:22:20,1,1,1,2757.5,39,-4.2,-203,2750,1,2.52,0.26,40097,1,2.52,0.26,40097
2026-05-09 15:22:20,1,1,1,2757.5,39,-4.2,-203,2750,1,2.52,0.26,40097,1,2.52,0.26,40097
2026-05-09 15:22:20,1,1,1,2679.7,39,-1.3,-61,2679,1,2.52,0.26,40097,1,2.52,0.26,40097
2026-05-09 15:22:20,1,1,1,2679.7,39,-1.3,-61,2679,1,2.52,0.26,40097,1,2.52,0.26,40097
2026-05-09 15:22:20,1,1,1,2618.1,32,1.6,75,2617,1,2.52,0.26,40097,1,2.52,0.26,40097
2026-05-09 15:22:20,1,1,1,2579.5,0,4.1,183,2573,1,2.52,0.26,40097,1,2.52,0.26,40097
2026-05-09 15:22:20,1,1,1,2579.5,0,4.1,183,2573,1,2.52,0.26,40097,1,2.52,0.26,40097
2026-05-09 15:22:20,1,1,1,2553.1,8,6.6,295,2536,1,2.52,0.26,40097,1,2.52,0.26,40097
2026-05-09 15:22:20,1,1,1,2553.1,8,6.6,295,2536,1,2.52,0.26,40097,1,2.52,0.26,40097
2026-05-09 15:22:20,1,1,1,2537.3,0,8.6,378,2509,1,2.52,0.26,40097,1,2.52,0.26,40097
2026-05-09 15:22:21,1,1,1,2537.3,0,8.6,378,2509,1,2.52,0.26,40097,1,2.52,0.26,40097
2026-05-09 15:22:21,1,1,1,2524.1,16,10.5,459,2482,1,0.00,0.00,0,0,0.00,0.00,0
2026-05-09 15:22:21,1,1,1,2524.1,16,10.5,459,2482,1,0.00,0.00,0,0,0.00,0.00,0
2026-05-09 15:22:21,1,1,1,2514.1,16,12.2,533,2457,1,0.00,0.00,0,0,0.00,0.00,0
2026-05-09 15:22:21,1,1,1,2513.4,-16,13.8,599,2441,1,2.51,-0.22,2969,1,2.51,-0.22,2969
2026-05-09 15:22:21,1,1,1,2513.4,-16,13.8,599,2441,1,2.51,-0.22,2969,1,2.51,-0.22,2969
2026-05-09 15:22:21,1,1,1,2508.3,-16,15.4,667,2418,0,0.00,0.00,0,1,2.49,-0.22,2969
2026-05-09 15:22:21,1,1,1,2508.3,-16,15.4,667,2418,0,0.00,0.00,0,1,2.49,-0.22,2969
2026-05-09 15:22:21,1,1,1,2509.2,-8,17.3,745,2396,0,0.00,0.00,0,1,2.49,-0.22,2969
2026-05-09 15:22:21,1,1,1,2509.2,-8,17.3,745,2396,0,0.00,0.00,0,1,2.49,-0.22,2969
2026-05-09 15:22:21,1,1,1,2498.6,-72,19.5,835,2355,0,0.00,0.00,0,1,2.49,-0.22,2969
2026-05-09 15:22:21,1,1,1,2488.0,-48,21.7,919,2312,0,0.00,0.00,0,1,2.49,-0.22,2969
2026-05-09 15:22:21,1,1,1,2488.0,-48,21.7,919,2312,0,0.00,0.00,0,1,2.49,-0.22,2969
2026-05-09 15:22:21,1,1,1,2470.2,-88,23.6,988,2264,0,0.00,0.00,0,1,2.49,-0.22,2969
2026-05-09 15:22:21,1,1,1,2470.2,-88,23.6,988,2264,0,0.00,0.00,0,1,2.49,-0.22,2969
2026-05-09 15:22:21,1,1,1,2439.1,-48,25.0,1030,2211,0,0.00,0.00,0,1,2.49,-0.22,2969
2026-05-09 15:22:21,1,1,1,2439.1,-48,25.0,1030,2211,0,0.00,0.00,0,1,2.49,-0.22,2969
2026-05-09 15:22:21,1,1,1,2404.3,-88,26.2,1060,2158,0,0.00,0.00,0,1,2.49,-0.22,2969
2026-05-09 15:22:21,1,1,1,2404.3,-88,26.2,1060,2158,0,0.00,0.00,0,1,2.49,-0.22,2969
2026-05-09 15:22:21,1,1,1,2366.4,-48,27.3,1085,2103,0,0.00,0.00,0,0,0.00,0.00,0
2026-05-09 15:22:22,1,1,1,2344.5,8,28.0,1099,2071,0,0.00,0.00,0,1,2.24,-0.45,8010
2026-05-09 15:22:22,1,1,1,2344.5,8,28.0,1099,2071,0,0.00,0.00,0,1,2.24,-0.45,8010
2026-05-09 15:22:22,1,1,1,2325.3,-24,28.3,1103,2047,1,2.20,-0.45,8010,1,2.20,-0.45,8010
2026-05-09 15:22:22,1,1,1,2325.3,-24,28.3,1103,2047,1,2.20,-0.45,8010,1,2.20,-0.45,8010
2026-05-09 15:22:22,1,1,1,2294.3,-24,28.9,1108,2009,1,2.24,-0.08,34821,1,2.24,-0.08,34821
2026-05-09 15:22:22,1,1,1,2294.3,-24,28.9,1108,2009,1,2.24,-0.08,34821,1,2.24,-0.08,34821
2026-05-09 15:22:22,1,1,1,2263.0,32,28.9,1094,1981,1,2.23,-0.08,34821,1,2.23,-0.08,34821
2026-05-09 15:22:22,1,1,1,2251.4,32,27.3,1032,2001,1,2.23,-0.08,34821,1,2.23,-0.08,34821
2026-05-09 15:22:22,1,1,1,2251.4,32,27.3,1032,2001,1,2.23,-0.08,34821,1,2.23,-0.08,34821
2026-05-09 15:22:22,1,1,1,2232.3,0,25.7,969,2011,1,2.23,-0.08,34821,1,2.23,-0.08,34821
2026-05-09 15:22:22,1,1,1,2232.3,0,25.7,969,2011,1,2.23,-0.08,34821,1,2.23,-0.08,34821
2026-05-09 15:22:22,1,1,1,2209.3,8,23.5,881,2026,1,2.23,-0.08,34821,1,2.23,-0.08,34821
2026-05-09 15:22:22,1,1,1,2209.3,8,23.5,881,2026,1,2.23,-0.08,34821,1,2.23,-0.08,34821
2026-05-09 15:22:22,1,1,1,2184.5,16,21.5,802,2032,1,2.23,-0.08,34821,1,2.23,-0.08,34821
2026-05-09 15:22:22,1,1,1,2184.5,16,21.5,802,2032,1,2.25,0.23,11645,1,2.25,0.23,11645
2026-05-09 15:22:22,1,1,1,2169.7,16,19.9,739,2040,1,2.25,0.23,11645,1,2.25,0.23,11645
2026-05-09 15:22:22,1,1,1,2173.2,32,17.9,668,2068,1,2.27,0.23,11645,1,2.27,0.23,11645
2026-05-09 15:22:22,1,1,1,2173.2,32,17.9,668,2068,1,2.27,0.23,11645,1,2.27,0.23,11645
2026-05-09 15:22:22,1,1,1,2187.6,16,15.9,599,2104,1,2.27,0.23,11645,1,2.27,0.23,11645
2026-05-09 15:22:22,1,1,1,2187.6,16,15.9,599,2104,1,2.27,0.23,11645,1,2.27,0.23,11645
2026-05-09 15:22:23,1,1,1,2194.6,24,13.5,512,2134,1,2.27,0.23,11645,1,2.27,0.23,11645
2026-05-09 15:22:23,1,1,1,2194.6,24,13.5,512,2134,1,2.27,0.23,11645,1,2.27,0.23,11645
2026-05-09 15:22:23,1,1,1,2198.9,24,11.3,432,2156,1,2.27,0.23,11645,1,2.27,0.23,11645
2026-05-09 15:22:23,1,1,1,2198.9,24,11.3,432,2156,1,2.27,0.23,11645,1,2.27,0.23,11645
2026-05-09 15:22:23,1,1,1,2215.5,24,9.2,354,2187,1,2.33,0.29,14418,1,2.33,0.29,14418
2026-05-09 15:22:23,1,1,1,2238.6,32,7.0,272,2222,1,2.33,0.29,14418,1,2.33,0.29,14418
2026-05-09 15:22:23,1,1,1,2238.6,32,7.0,272,2222,1,2.36,0.29,14418,1,2.36,0.29,14418
2026-05-09 15:22:23,1,1,1,2277.4,0,4.6,183,2270,1,2.36,0.29,14418,1,2.36,0.29,14418
2026-05-09 15:22:23,1,1,1,2277.4,0,4.6,183,2270,1,2.36,0.29,14418,1,2.36,0.29,14418
2026-05-09 15:22:23,1,1,1,2401.6,0,1.3,53,2401,1,2.36,0.29,14418,1,2.36,0.29,14418
2026-05-09 15:22:23,1,1,1,2401.6,0,1.3,53,2401,1,2.36,0.29,14418,1,2.36,0.29,14418
2026-05-09 15:22:23,1,1,1,2544.8,0,-1.4,-64,2544,1,2.36,0.29,14418,1,2.36,0.29,14418
2026-05-09 15:22:23,1,1,1,2680.9,32,-3.8,-178,2675,1,2.36,0.29,14418,1,2.36,0.29,14418
2026-05-09 15:22:23,1,1,1,2680.9,32,-3.8,-178,2675,1,2.36,0.29,14418,1,2.36,0.29,14418
2026-05-09 15:22:23,1,1,1,2789.9,0,-5.5,-268,2777,1,2.36,0.29,14418,1,2.36,0.29,14418
2026-05-09 15:22:23,1,1,1,2789.9,0,-5.5,-268,2777,1,2.36,0.29,14418,1,2.36,0.29,14418
2026-05-09 15:22:23,1,1,1,2863.1,0,-6.6,-330,2844,1,2.52,0.25,7373,1,2.52,0.25,7373
2026-05-09 15:22:23,1,1,1,2863.1,0,-6.6,-330,2844,1,2.52,0.25,7373,1,2.52,0.25,7373
2026-05-09 15:22:23,1,1,1,2898.0,0,-7.5,-380,2873,1,2.54,0.25,7373,1,2.54,0.25,7373
2026-05-09 15:22:23,1,1,1,2898.0,0,-7.5,-380,2873,1,2.54,0.25,7373,1,2.54,0.25,7373
2026-05-09 15:22:24,1,1,1,2892.4,24,-8.6,-432,2860,1,2.54,0.25,7373,1,2.54,0.25,7373
2026-05-09 15:22:24,1,1,1,2849.4,0,-9.8,-484,2808,1,2.54,0.25,7373,1,2.54,0.25,7373
2026-05-09 15:22:24,1,1,1,2849.4,0,-9.8,-484,2808,1,2.54,0.25,7373,1,2.54,0.25,7373
2026-05-09 15:22:24,1,1,1,2812.8,0,-10.8,-527,2763,1,2.54,0.25,7373,1,2.54,0.25,7373
2026-05-09 15:22:24,1,1,1,2812.8,0,-10.8,-527,2763,1,2.54,0.25,7373,1,2.54,0.25,7373
2026-05-09 15:22:24,1,1,1,2747.7,0,-12.2,-579,2686,1,2.54,0.25,7373,1,2.54,0.25,7373
2026-05-09 15:22:24,1,1,1,2747.7,0,-12.2,-579,2686,1,2.54,0.25,7373,1,2.54,0.25,7373
2026-05-09 15:22:24,1,1,1,2692.8,8,-13.4,-622,2620,1,2.54,0.25,7373,1,2.54,0.25,7373
2026-05-09 15:22:24,1,1,1,2650.8,8,-15.0,-684,2561,1,2.54,0.25,7373,1,2.54,0.25,7373
2026-05-09 15:22:24,1,1,1,2650.8,8,-15.0,-684,2561,1,2.54,0.25,7373,1,2.54,0.25,7373
2026-05-09 15:22:24,1,1,1,2624.1,0,-16.9,-762,2511,1,2.54,0.25,7373,1,2.54,0.25,7373
2026-05-09 15:22:24,1,1,1,2624.1,0,-16.9,-762,2511,1,0.00,0.00,0,0,0.00,0.00,0
2026-05-09 15:22:24,1,1,1,2610.5,64,-18.3,-818,2479,1,0.00,0.00,0,0,0.00,0.00,0
2026-05-09 15:22:24,1,1,1,2610.5,64,-18.3,-818,2479,1,0.00,0.00,0,0,0.00,0.00,0
2026-05-09 15:22:24,1,1,1,2630.8,0,-19.8,-889,2476,1,0.00,0.00,0,0,0.00,0.00,0
2026-05-09 15:22:24,1,1,1,2630.8,0,-19.8,-889,2476,1,0.00,0.00,0,0,0.00,0.00,0
2026-05-09 15:22:24,1,1,1,2704.5,0,-21.1,-974,2523,0,0.00,0.00,0,0,0.00,0.00,0
2026-05-09 15:22:24,1,1,1,2772.7,0,-22.9,-1077,2555,0,0.00,0.00,0,0,0.00,0.00,0
2026-05-09 15:22:24,1,1,1,2772.7,0,-22.9,-1077,2555,0,0.00,0.00,0,0,0.00,0.00,0
2026-05-09 15:22:24,1,1,1,2822.7,-24,-24.3,-1163,2572,0,0.00,0.00,0,0,0.00,0.00,0
2026-05-09 15:22:25,1,1,1,2822.7,-24,-24.3,-1163,2572,0,0.00,0.00,0,0,0.00,0.00,0
2026-05-09 15:22:25,1,1,1,2814.4,32,-24.5,-1167,2561,0,0.00,0.00,0,0,0.00,0.00,0
2026-05-09 15:22:25,1,1,1,2814.4,32,-24.5,-1167,2561,0,0.00,0.00,0,0,0.00,0.00,0
2026-05-09 15:22:25,1,1,1,2813.2,0,-24.6,-1173,2557,0,0.00,0.00,0,0,0.00,0.00,0
2026-05-09 15:22:25,1,1,1,2846.4,0,-25.6,-1232,2566,0,0.00,0.00,0,0,0.00,0.00,0
2026-05-09 15:22:25,1,1,1,2846.4,0,-25.6,-1232,2566,0,0.00,0.00,0,0,0.00,0.00,0
2026-05-09 15:22:25,1,1,1,2868.0,-24,-26.5,-1281,2566,0,0.00,0.00,0,0,0.00,0.00,0
2026-05-09 15:22:25,1,1,1,2868.0,-24,-26.5,-1281,2566,0,0.00,0.00,0,0,0.00,0.00,0
2026-05-09 15:22:25,1,1,1,2813.0,-48,-26.9,-1274,2508,0,0.00,0.00,0,0,0.00,0.00,0
2026-05-09 15:22:25,1,1,1,2813.0,-48,-26.9,-1274,2508,0,0.00,0.00,0,0,0.00,0.00,0
2026-05-09 15:22:25,1,1,1,2739.3,-32,-27.1,-1247,2439,0,0.00,0.00,0,0,0.00,0.00,0
2026-05-09 15:22:25,1,1,1,2739.3,-32,-27.1,-1247,2439,0,0.00,0.00,0,0,0.00,0.00,0
2026-05-09 15:22:25,1,1,1,2671.8,0,-27.1,-1216,2379,0,0.00,0.00,0,0,0.00,0.00,0
2026-05-09 15:22:25,1,1,1,2619.8,0,-26.5,-1168,2345,0,0.00,0.00,0,0,0.00,0.00,0
2026-05-09 15:22:25,1,1,1,2619.8,0,-26.5,-1168,2345,0,0.00,0.00,0,0,0.00,0.00,0
2026-05-09 15:22:25,1,1,1,2619.5,0,-25.9,-1143,2357,0,0.00,0.00,0,0,0.00,0.00,0
2026-05-09 15:22:25,1,1,1,2619.5,0,-25.9,-1143,2357,0,0.00,0.00,0,0,0.00,0.00,0
2026-05-09 15:22:25,1,1,1,2590.4,-8,-25.0,-1094,2348,0,0.00,0.00,0,0,0.00,0.00,0
2026-05-09 15:22:25,1,1,1,2590.4,-8,-25.0,-1094,2348,0,0.00,0.00,0,0,0.00,0.00,0
2026-05-09 15:22:25,1,1,1,2555.0,0,-23.2,-1005,2349,0,0.00,0.00,0,0,0.00,0.00,0
2026-05-09 15:22:26,1,1,1,2557.0,0,-20.6,-901,2393,0,0.00,0.00,0,0,0.00,0.00,0
2026-05-09 15:22:26,1,1,1,2557.0,0,-20.6,-901,2393,0,0.00,0.00,0,0,0.00,0.00,0
2026-05-09 15:22:26,1,1,1,2646.5,0,-17.6,-799,2523,0,0.00,0.00,0,0,0.00,0.00,0
2026-05-09 15:22:26,1,1,1,2646.5,0,-17.6,-799,2523,0,0.00,0.00,0,0,0.00,0.00,0
2026-05-09 15:22:26,1,1,1,2721.6,0,-14.6,-685,2634,0,0.00,0.00,0,0,0.00,0.00,0
2026-05-09 15:22:26,1,1,1,2721.6,0,-14.6,-685,2634,0,0.00,0.00,0,0,0.00,0.00,0
2026-05-09 15:22:26,1,1,1,2774.3,0,-12.4,-594,2710,0,0.00,0.00,0,0,0.00,0.00,0
2026-05-09 15:22:26,1,1,1,2774.3,0,-12.4,-594,2710,0,0.00,0.00,0,0,0.00,0.00,0
2026-05-09 15:22:26,1,1,1,2835.1,0,-10.9,-536,2784,0,0.00,0.00,0,0,0.00,0.00,0
2026-05-09 15:22:26,1,1,1,2891.7,0,-10.0,-501,2848,0,0.00,0.00,0,0,0.00,0.00,0
2026-05-09 15:22:26,1,1,1,2891.7,0,-10.0,-501,2848,0,0.00,0.00,0,0,0.00,0.00,0
2026-05-09 15:22:26,1,1,1,2918.8,0,-9.2,-468,2881,0,0.00,0.00,0,0,0.00,0.00,0
2026-05-09 15:22:26,1,1,1,2918.8,0,-9.2,-468,2881,0,0.00,0.00,0,0,0.00,0.00,0
2026-05-09 15:22:26,1,1,1,2921.1,8,-8.5,-432,2889,0,0.00,0.00,0,0,0.00,0.00,0
2026-05-09 15:22:26,1,1,1,2921.1,8,-8.5,-432,2889,0,0.00,0.00,0,0,0.00,0.00,0
2026-05-09 15:22:26,1,1,1,2940.1,0,-7.6,-391,2914,0,0.00,0.00,0,0,0.00,0.00,0
2026-05-09 15:22:26,1,1,1,2940.1,0,-7.6,-391,2914,0,0.00,0.00,0,0,0.00,0.00,0
2026-05-09 15:22:26,1,1,1,2926.4,-8,-6.6,-336,2907,0,0.00,0.00,0,0,0.00,0.00,0
2026-05-09 15:22:26,1,1,1,2885.1,8,-5.0,-253,2874,0,0.00,0.00,0,0,0.00,0.00,0
2026-05-09 15:22:26,1,1,1,2885.1,8,-5.0,-253,2874,0,0.00,0.00,0,0,0.00,0.00,0
2026-05-09 15:22:27,1,1,1,2828.8,0,-3.0,-146,2825,0,0.00,0.00,0,0,0.00,0.00,0
2026-05-09 15:22:27,1,1,1,2828.8,0,-3.0,-146,2825,0,0.00,0.00,0,0,0.00,0.00,0
2026-05-09 15:22:27,1,1,1,2738.3,8,-0.8,-40,2738,0,0.00,0.00,0,0,0.00,0.00,0
2026-05-09 15:22:27,1,1,1,2738.3,8,-0.8,-40,2738,0,0.00,0.00,0,0,0.00,0.00,0
2026-05-09 15:22:27,1,1,1,2659.2,-8,1.7,79,2658,0,0.00,0.00,0,0,0.00,0.00,0
2026-05-09 15:22:27,1,1,1,2592.0,8,4.2,191,2585,0,0.00,0.00,0,0,0.00,0.00,0
2026-05-09 15:22:27,1,1,1,2592.0,8,4.2,191,2585,0,0.00,0.00,0,0,0.00,0.00,0
2026-05-09 15:22:27,1,1,1,2518.3,0,7.3,319,2498,0,0.00,0.00,0,0,0.00,0.00,0
2026-05-09 15:22:27,1,1,1,2518.3,0,7.3,319,2498,0,0.00,0.00,0,0,0.00,0.00,0
2026-05-09 15:22:27,1,1,1,2467.6,24,10.2,435,2429,0,0.00,0.00,0,0,0.00,0.00,0
2026-05-09 15:22:27,1,1,1,2467.6,24,10.2,435,2429,0,0.00,0.00,0,0,0.00,0.00,0
2026-05-09 15:22:27,1,1,1,2471.8,16,11.9,508,2419,0,0.00,0.00,0,0,0.00,0.00,0
2026-05-09 15:22:27,1,1,1,2471.8,16,11.9,508,2419,0,0.00,0.00,0,0,0.00,0.00,0
2026-05-09 15:22:27,1,1,1,2479.7,8,13.8,592,2408,0,0.00,0.00,0,0,0.00,0.00,0
2026-05-09 15:22:27,1,1,1,2481.6,0,16.1,689,2384,0,0.00,0.00,0,0,0.00,0.00,0
2026-05-09 15:22:27,1,1,1,2481.6,0,16.1,689,2384,0,0.00,0.00,0,0,0.00,0.00,0
2026-05-09 15:22:27,1,1,1,2481.8,-8,18.8,801,2349,0,0.00,0.00,0,0,0.00,0.00,0
2026-05-09 15:22:27,1,1,1,2481.8,-8,18.8,801,2349,0,0.00,0.00,0,0,0.00,0.00,0
2026-05-09 15:22:27,1,1,1,2483.4,-24,21.2,899,2315,0,0.00,0.00,0,0,0.00,0.00,0
2026-05-09 15:22:27,1,1,1,2483.4,-24,21.2,899,2315,0,0.00,0.00,0,0,0.00,0.00,0
2026-05-09 15:22:28,1,1,1,2466.4,-8,23.0,962,2271,0,0.00,0.00,0,0,0.00,0.00,0
2026-05-09 15:22:28,1,1,1,2456.0,-24,24.4,1016,2236,0,0.00,0.00,0,0,0.00,0.00,0
2026-05-09 15:22:28,1,1,1,2456.0,-24,24.4,1016,2236,0,0.00,0.00,0,0,0.00,0.00,0
2026-05-09 15:22:28,1,1,1,2457.9,-8,25.5,1057,2219,0,0.00,0.00,0,0,0.00,0.00,0
2026-05-09 15:22:28,1,1,1,2457.9,-8,25.5,1057,2219,0,0.00,0.00,0,0,0.00,0.00,0
2026-05-09 15:22:28,1,1,1,2450.4,-16,26.1,1077,2201,0,0.00,0.00,0,0,0.00,0.00,0
2026-05-09 15:22:28,1,1,1,2450.4,-16,26.1,1077,2201,0,0.00,0.00,0,0,0.00,0.00,0
2026-05-09 15:22:28,1,1,1,2430.7,-32,26.9,1101,2167,0,0.00,0.00,0,0,0.00,0.00,0
2026-05-09 15:22:28,1,1,1,2430.7,-32,26.9,1101,2167,0,0.00,0.00,0,0,0.00,0.00,0
2026-05-09 15:22:28,1,1,1,2398.9,-39,28.2,1132,2115,0,0.00,0.00,0,0,0.00,0.00,0
2026-05-09 15:22:28,1,1,1,2365.9,-39,29.4,1160,2062,0,0.00,0.00,0,0,0.00,0.00,0
2026-05-09 15:22:28,1,1,1,2365.9,-39,29.4,1160,2062,0,0.00,0.00,0,0,0.00,0.00,0
2026-05-09 15:22:28,1,1,1,2341.3,-32,30.2,1177,2024,0,0.00,0.00,0,0,0.00,0.00,0
2026-05-09 15:22:28,1,1,1,2341.3,-32,30.2,1177,2024,0,0.00,0.00,0,0,0.00,0.00,0
2026-05-09 15:22:28,1,1,1,2319.6,-24,30.6,1180,1997,0,0.00,0.00,0,0,0.00,0.00,0
2026-05-09 15:22:28,1,1,1,2319.6,-24,30.6,1180,1997,0,0.00,0.00,0,0,0.00,0.00,0
2026-05-09 15:22:28,1,1,1,2317.8,-8,30.6,1180,1995,0,0.00,0.00,0,0,0.00,0.00,0
2026-05-09 15:22:28,1,1,1,2313.2,-24,30.7,1181,1989,0,0.00,0.00,0,0,0.00,0.00,0
2026-05-09 15:22:28,1,1,1,2313.2,-24,30.7,1181,1989,0,0.00,0.00,0,0,0.00,0.00,0
2026-05-09 15:22:28,1,1,1,2303.1,-16,30.9,1183,1976,0,0.00,0.00,0,0,0.00,0.00,0
2026-05-09 15:22:29,1,1,1,2303.1,-16,30.9,1183,1976,0,0.00,0.00,0,0,0.00,0.00,0
2026-05-09 15:22:29,1,1,1,2288.8,-8,31.2,1187,1957,0,0.00,0.00,0,0,0.00,0.00,0
2026-05-09 15:22:29,1,1,1,2288.8,-8,31.2,1187,1957,0,0.00,0.00,0,0,0.00,0.00,0
2026-05-09 15:22:29,1,1,1,2275.2,-8,31.6,1192,1938,0,0.00,0.00,0,0,0.00,0.00,0
2026-05-09 15:22:29,1,1,1,2275.2,-8,31.6,1192,1938,0,0.00,0.00,0,0,0.00,0.00,0
2026-05-09 15:22:29,1,1,1,2264.1,8,31.6,1187,1928,0,0.00,0.00,0,0,0.00,0.00,0
2026-05-09 15:22:29,1,1,1,2255.1,8,31.2,1168,1929,0,0.00,0.00,0,1,2.25,0.05,3825
2026-05-09 15:22:29,1,1,1,2255.1,8,31.2,1168,1929,0,0.00,0.00,0,1,2.25,0.05,3825
2026-05-09 15:22:29,1,1,1,2249.8,8,30.5,1141,1939,1,2.25,0.05,3825,1,2.25,0.05,3825
2026-05-09 15:22:29,1,1,1,2249.8,8,30.5,1141,1939,1,2.25,0.05,3825,1,2.25,0.05,3825
2026-05-09 15:22:29,1,1,1,2244.8,0,29.5,1105,1954,1,2.25,0.05,3825,1,2.25,0.05,3825
2026-05-09 15:22:29,1,1,1,2244.8,0,29.5,1105,1954,1,2.25,0.05,3825,1,2.25,0.05,3825
2026-05-09 15:22:29,1,1,1,2233.2,-8,28.4,1063,1964,1,2.25,0.05,3825,1,2.25,0.05,3825
2026-05-09 15:22:29,1,1,1,2206.2,-8,26.1,971,1981,1,2.25,0.05,3825,1,2.25,0.05,3825
2026-05-09 15:22:29,1,1,1,2206.2,-8,26.1,971,1981,1,2.25,0.05,3825,1,2.25,0.05,3825
2026-05-09 15:22:29,1,1,1,2184.0,-16,24.1,891,1994,1,2.25,0.05,3825,1,2.25,0.05,3825
2026-05-09 15:22:29,1,1,1,2184.0,-16,24.1,891,1994,1,2.25,0.05,3825,1,2.25,0.05,3825
2026-05-09 15:22:29,1,1,1,2185.1,-8,21.9,816,2027,1,2.25,0.05,3825,1,2.25,0.05,3825
2026-05-09 15:22:29,1,1,1,2185.1,-8,21.9,816,2027,1,2.25,0.05,3825,1,2.25,0.05,3825
2026-05-09 15:22:29,1,1,1,2176.8,0,20.0,746,2045,1,2.25,0.05,3825,1,2.25,0.05,3825
2026-05-09 15:22:30,1,1,1,2176.8,0,20.0,746,2045,1,3.23,0.01,3413,1,3.23,0.01,3413
2026-05-09 15:22:30,1,1,1,2184.2,0,18.3,685,2074,1,3.23,0.01,3413,1,3.23,0.01,3413
2026-05-09 15:22:30,1,1,1,2206.6,0,16.1,612,2120,1,3.24,0.01,3413,1,3.24,0.01,3413
2026-05-09 15:22:30,1,1,1,2206.6,0,16.1,612,2120,1,3.24,0.01,3413,1,3.24,0.01,3413
2026-05-09 15:22:30,1,1,1,2269.9,0,11.4,449,2225,1,2.78,0.08,4409,1,2.78,0.08,4409
2026-05-09 15:22:30,1,1,1,2269.9,0,11.4,449,2225,1,2.78,0.08,4409,1,2.78,0.08,4409
2026-05-09 15:22:30,1,1,1,2381.6,0,7.0,289,2364,1,2.64,0.13,11520,1,2.64,0.13,11520
2026-05-09 15:22:30,1,1,1,2381.6,0,7.0,289,2364,1,2.64,0.13,11520,1,2.64,0.13,11520
2026-05-09 15:22:30,1,1,1,2502.6,0,3.1,135,2499,1,2.65,0.13,11520,1,2.65,0.13,11520
2026-05-09 15:22:30,1,1,1,2619.0,0,0.0,1,2619,1,2.65,0.13,11520,1,2.65,0.13,11520
2026-05-09 15:22:30,1,1,1,2619.0,0,0.0,1,2619,1,2.65,0.13,11520,1,2.65,0.13,11520
2026-05-09 15:22:30,1,1,1,2709.1,0,-2.2,-106,2707,1,2.65,0.13,11520,1,2.65,0.13,11520
2026-05-09 15:22:30,1,1,1,2709.1,0,-2.2,-106,2707,1,2.65,0.13,11520,1,2.65,0.13,11520
2026-05-09 15:22:30,1,1,1,2776.0,8,-4.1,-197,2769,1,2.65,0.13,11520,1,2.65,0.13,11520
2026-05-09 15:22:30,1,1,1,2776.0,8,-4.1,-197,2769,1,2.65,0.13,11520,1,2.65,0.13,11520
2026-05-09 15:22:30,1,1,1,2770.6,8,-5.5,-264,2758,1,2.65,0.13,11520,1,2.65,0.13,11520
2026-05-09 15:22:30,1,1,1,2770.6,8,-5.5,-264,2758,1,2.65,0.13,11520,1,2.65,0.13,11520
2026-05-09 15:22:30,1,1,1,2764.0,0,-6.4,-306,2747,1,2.65,0.13,11520,1,2.65,0.13,11520
2026-05-09 15:22:30,1,1,1,2737.1,24,-7.3,-347,2715,1,2.65,0.13,11520,1,2.65,0.13,11520
2026-05-09 15:22:30,1,1,1,2737.1,24,-7.3,-347,2715,1,2.65,0.13,11520,1,2.65,0.13,11520
2026-05-09 15:22:31,1,1,1,2677.6,-8,-8.4,-390,2649,1,2.65,0.13,11520,1,2.65,0.13,11520
2026-05-09 15:22:31,1,1,1,2677.6,-8,-8.4,-390,2649,1,0.00,0.00,0,0,0.00,0.00,0
2026-05-09 15:22:31,1,1,1,2574.9,0,-10.0,-446,2536,1,0.00,0.00,0,0,0.00,0.00,0
2026-05-09 15:22:31,1,1,1,2574.9,0,-10.0,-446,2536,1,0.00,0.00,0,0,0.00,0.00,0
2026-05-09 15:22:31,1,1,1,2496.8,0,-11.6,-501,2446,1,0.00,0.00,0,0,0.00,0.00,0
2026-05-09 15:22:31,1,1,1,2496.8,0,-11.6,-501,2446,1,0.00,0.00,0,0,0.00,0.00,0
2026-05-09 15:22:31,1,1,1,2446.8,8,-13.5,-572,2379,1,2.32,0.23,3973,1,2.32,0.23,3973
2026-05-09 15:22:31,1,1,1,2410.0,24,-15.1,-627,2327,1,2.32,0.23,3973,1,2.32,0.23,3973
2026-05-09 15:22:31,1,1,1,2410.0,24,-15.1,-627,2327,1,2.35,0.23,3973,1,2.35,0.23,3973
2026-05-09 15:22:31,1,1,1,2383.4,32,-16.4,-671,2287,1,2.35,0.23,3973,1,2.35,0.23,3973
2026-05-09 15:22:31,1,1,1,2383.4,32,-16.4,-671,2287,1,2.42,0.12,3176,1,2.42,0.12,3176
2026-05-09 15:22:31,1,1,1,2373.2,0,-17.6,-718,2262,1,2.42,0.12,3176,1,2.42,0.12,3176
2026-05-09 15:22:31,1,1,1,2373.2,0,-17.6,-718,2262,1,2.43,0.12,3176,1,2.43,0.12,3176
2026-05-09 15:22:31,1,1,1,2437.4,0,-20.2,-843,2287,1,2.43,0.12,3176,1,2.43,0.12,3176
2026-05-09 15:22:31,1,1,1,2537.1,0,-23.5,-1011,2327,1,2.43,0.12,3176,1,2.43,0.12,3176
2026-05-09 15:22:31,1,1,1,2537.1,0,-23.5,-1011,2327,1,2.43,0.12,3176,1,2.43,0.12,3176
2026-05-09 15:22:31,1,1,1,2654.2,0,-26.3,-1177,2379,1,2.43,0.12,3176,1,2.43,0.12,3176
2026-05-09 15:22:31,1,1,1,2654.2,0,-26.3,-1177,2379,1,2.43,0.12,3176,1,2.43,0.12,3176
2026-05-09 15:22:31,1,1,1,2757.6,0,-28.4,-1311,2426,1,2.43,0.12,3176,1,2.43,0.12,3176
2026-05-09 15:22:31,1,1,1,2757.6,0,-28.4,-1311,2426,1,2.43,0.12,3176,1,2.43,0.12,3176
2026-05-09 15:22:32,1,1,1,2834.7,-39,-29.9,-1412,2458,1,2.43,0.12,3176,1,2.43,0.12,3176
2026-05-09 15:22:32,1,1,1,2834.7,-39,-29.9,-1412,2458,1,2.43,0.12,3176,1,2.43,0.12,3176
2026-05-09 15:22:32,1,1,1,2915.2,0,-31.2,-1511,2493,1,2.43,0.12,3176,1,2.43,0.12,3176
2026-05-09 15:22:32,1,1,1,2987.0,0,-32.7,-1613,2514,1,2.43,0.12,3176,1,2.43,0.12,3176
2026-05-09 15:22:32,1,1,1,2987.0,0,-32.7,-1613,2514,1,2.43,0.12,3176,1,2.43,0.12,3176
2026-05-09 15:22:32,1,1,1,3046.5,-32,-34.0,-1703,2526,1,0.00,0.00,0,0,0.00,0.00,0
2026-05-09 15:22:32,1,1,1,3046.5,-32,-34.0,-1703,2526,1,2.25,-0.47,8818,1,2.25,-0.47,8818
2026-05-09 15:22:32,1,1,1,3094.7,0,-34.5,-1755,2549,1,2.25,-0.47,8818,1,2.25,-0.47,8818
2026-05-09 15:22:32,1,1,1,3094.7,0,-34.5,-1755,2549,1,2.12,-0.47,3204,1,2.12,-0.47,3204
2026-05-09 15:22:32,1,1,1,3128.3,0,-34.5,-1772,2578,1,2.12,-0.47,3204,1,2.12,-0.47,3204
2026-05-09 15:22:32,1,1,1,3145.0,0,-34.2,-1768,2601,1,2.07,-0.47,3204,1,2.07,-0.47,3204
2026-05-09 15:22:32,1,1,1,3145.0,0,-34.2,-1768,2601,1,2.07,-0.47,3204,1,2.07,-0.47,3204
2026-05-09 15:22:32,1,1,1,3151.0,0,-33.3,-1731,2633,1,2.07,-0.47,3204,1,2.07,-0.47,3204
2026-05-09 15:22:32,1,1,1,3151.0,0,-33.3,-1731,2633,1,2.07,-0.47,3204,1,2.07,-0.47,3204
2026-05-09 15:22:32,1,1,1,3145.5,0,-32.6,-1693,2651,1,2.07,-0.47,3204,1,2.07,-0.47,3204
2026-05-09 15:22:32,1,1,1,3145.5,0,-32.6,-1693,2651,1,2.07,-0.47,3204,1,2.07,-0.47,3204
2026-05-09 15:22:32,1,1,1,3077.5,-8,-30.0,-1539,2665,1,2.07,-0.47,3204,1,2.07,-0.47,3204
2026-05-09 15:22:32,1,1,1,3077.5,-8,-30.0,-1539,2665,1,2.07,-0.47,3204,1,2.07,-0.47,3204
2026-05-09 15:22:32,1,1,1,2984.1,8,-27.4,-1372,2650,1,2.07,-0.47,3204,1,2.07,-0.47,3204
2026-05-09 15:22:32,1,1,1,2924.4,0,-24.5,-1215,2660,1,2.07,-0.47,3204,1,2.07,-0.47,3204
2026-05-09 15:22:33,1,1,1,2924.4,0,-24.5,-1215,2660,1,2.11,0.23,9725,1,2.11,0.23,9725
2026-05-09 15:22:33,1,1,1,2926.5,0,-21.4,-1067,2725,1,2.11,0.23,9725,1,2.11,0.23,9725
2026-05-09 15:22:33,1,1,1,2926.5,0,-21.4,-1067,2725,1,2.19,0.23,4384,1,2.19,0.23,4384
2026-05-09 15:22:33,1,1,1,2948.9,0,-18.8,-952,2791,1,2.19,0.23,4384,1,2.19,0.23,4384
2026-05-09 15:22:33,1,1,1,2948.9,0,-18.8,-952,2791,1,2.21,0.23,4384,1,2.21,0.23,4384
2026-05-09 15:22:33,1,1,1,2983.4,0,-16.5,-849,2860,1,2.21,0.23,4384,1,2.21,0.23,4384
2026-05-09 15:22:33,1,1,1,3004.1,0,-14.3,-742,2911,1,2.21,0.23,4384,1,2.21,0.23,4384
2026-05-09 15:22:33,1,1,1,3004.1,0,-14.3,-742,2911,1,2.21,0.23,4384,1,2.21,0.23,4384
2026-05-09 15:22:33,1,1,1,3028.4,0,-12.7,-667,2954,1,2.21,0.23,4384,1,2.21,0.23,4384
2026-05-09 15:22:33,1,1,1,3028.4,0,-12.7,-667,2954,1,2.21,0.23,4384,1,2.21,0.23,4384
2026-05-09 15:22:33,1,1,1,3049.7,0,-11.6,-615,2987,1,2.21,0.23,4384,1,2.21,0.23,4384
2026-05-09 15:22:33,1,1,1,3049.7,0,-11.6,-615,2987,1,2.21,0.23,4384,1,2.21,0.23,4384
2026-05-09 15:22:33,1,1,1,3059.2,16,-10.7,-568,3006,1,2.21,0.23,4384,1,2.21,0.23,4384
2026-05-09 15:22:33,1,1,1,3059.2,16,-10.7,-568,3006,1,2.21,0.23,4384,1,2.21,0.23,4384
2026-05-09 15:22:33,1,1,1,2932.6,39,-8.6,-436,2900,1,2.21,0.23,4384,1,2.21,0.23,4384
2026-05-09 15:22:33,1,1,1,2804.1,32,-6.3,-309,2787,1,2.21,0.23,4384,1,2.21,0.23,4384
2026-05-09 15:22:33,1,1,1,2804.1,32,-6.3,-309,2787,1,2.21,0.23,4384,1,2.21,0.23,4384
2026-05-09 15:22:33,1,1,1,2674.7,24,-3.4,-158,2670,1,0.00,0.00,0,0,0.00,0.00,0
2026-05-09 15:22:33,1,1,1,2674.7,24,-3.4,-158,2670,1,0.00,0.00,0,0,0.00,0.00,0
2026-05-09 15:22:33,1,1,1,2572.2,32,-0.8,-35,2572,1,0.00,0.00,0,0,0.00,0.00,0
2026-05-09 15:22:34,1,1,1,2572.2,32,-0.8,-35,2572,1,0.00,0.00,0,0,0.00,0.00,0
2026-05-09 15:22:34,1,1,1,2504.5,32,2.0,87,2503,1,0.00,0.00,0,0,0.00,0.00,0
2026-05-09 15:22:34,1,1,1,2462.4,32,4.7,203,2454,0,0.00,0.00,0,0,0.00,0.00,0
2026-05-09 15:22:34,1,1,1,2462.4,32,4.7,203,2454,0,0.00,0.00,0,0,0.00,0.00,0
2026-05-09 15:22:34,1,1,1,2431.0,39,7.4,311,2411,0,0.00,0.00,0,0,0.00,0.00,0
2026-05-09 15:22:34,1,1,1,2431.0,39,7.4,311,2411,0,0.00,0.00,0,0,0.00,0.00,0
2026-05-09 15:22:34,1,1,1,2426.9,24,9.4,398,2394,0,0.00,0.00,0,0,0.00,0.00,0
2026-05-09 15:22:34,1,1,1,2426.9,24,9.4,398,2394,0,0.00,0.00,0,0,0.00,0.00,0
2026-05-09 15:22:34,1,1,1,2440.9,48,11.1,471,2395,0,0.00,0.00,0,0,0.00,0.00,0
2026-05-09 15:22:34,1,1,1,2440.9,48,11.1,471,2395,0,0.00,0.00,0,0,0.00,0.00,0
2026-05-09 15:22:34,1,1,1,2453.6,16,13.1,555,2390,0,0.00,0.00,0,0,0.00,0.00,0
2026-05-09 15:22:34,1,1,1,2457.5,16,15.1,639,2373,0,0.00,0.00,0,0,0.00,0.00,0
2026-05-09 15:22:34,1,1,1,2457.5,16,15.1,639,2373,0,0.00,0.00,0,0,0.00,0.00,0
2026-05-09 15:22:34,1,1,1,2459.5,16,16.4,696,2359,0,0.00,0.00,0,0,0.00,0.00,0
2026-05-09 15:22:34,1,1,1,2459.5,16,16.4,696,2359,0,0.00,0.00,0,1,2.51,-0.17,2696
2026-05-09 15:22:34,1,1,1,2472.3,-8,18.1,768,2350,0,0.00,0.00,0,1,2.51,-0.17,2696
2026-05-09 15:22:34,1,1,1,2472.3,-8,18.1,768,2350,0,0.00,0.00,0,1,2.49,-0.20,3889
2026-05-09 15:22:34,1,1,1,2478.8,-16,19.9,843,2331,0,0.00,0.00,0,1,2.49,-0.20,3889
2026-05-09 15:22:34,1,1,1,2487.7,-16,21.3,903,2318,1,2.51,-0.21,4292,1,2.51,-0.21,4292
2026-05-09 15:22:34,1,1,1,2487.7,-16,21.3,903,2318,1,2.51,-0.21,4292,1,2.51,-0.21,4292
2026-05-09 15:22:35,1,1,1,2492.5,-8,22.3,946,2306,1,2.48,-0.21,4292,1,2.48,-0.21,4292
2026-05-09 15:22:35,1,1,1,2492.5,-8,22.3,946,2306,1,2.48,-0.21,4292,1,2.48,-0.21,4292
2026-05-09 15:22:35,1,1,1,2495.8,0,22.7,962,2303,1,2.48,-0.21,4292,1,2.48,-0.21,4292
2026-05-09 15:22:35,1,1,1,2495.8,0,22.7,962,2303,1,2.48,-0.21,4292,1,2.48,-0.21,4292
2026-05-09 15:22:35,1,1,1,2473.7,0,22.6,950,2284,1,2.48,-0.21,4292,1,2.48,-0.21,4292
2026-05-09 15:22:35,1,1,1,2473.7,0,22.6,950,2284,1,2.48,-0.21,4292,1,2.48,-0.21,4292
2026-05-09 15:22:35,1,1,1,2468.0,-24,22.7,952,2277,1,2.48,-0.21,4292,1,2.48,-0.21,4292
2026-05-09 15:22:35,1,1,1,2460.2,-39,22.9,958,2266,1,2.48,-0.21,4292,1,2.48,-0.21,4292
2026-05-09 15:22:35,1,1,1,2460.2,-39,22.9,958,2266,1,2.48,-0.21,4292,1,2.48,-0.21,4292
2026-05-09 15:22:35,1,1,1,2442.8,-64,23.2,963,2245,1,2.48,-0.21,4292,1,2.48,-0.21,4292
2026-05-09 15:22:35,1,1,1,2442.8,-64,23.2,963,2245,1,2.48,-0.21,4292,1,2.48,-0.21,4292
2026-05-09 15:22:35,1,1,1,2423.9,-72,23.4,964,2224,1,2.48,-0.21,4292,1,2.48,-0.21,4292
2026-05-09 15:22:35,1,1,1,2423.9,-72,23.4,964,2224,1,2.48,-0.21,4292,1,2.48,-0.21,4292
2026-05-09 15:22:35,1,1,1,2400.9,-64,23.5,959,2201,1,0.00,0.00,0,0,0.00,0.00,0
2026-05-09 15:22:35,1,1,1,2400.9,-64,23.5,959,2201,1,0.00,0.00,0,0,0.00,0.00,0
2026-05-09 15:22:35,1,1,1,2370.8,-79,23.8,955,2170,1,0.00,0.00,0,0,0.00,0.00,0
2026-05-09 15:22:35,1,1,1,2311.5,-64,23.7,928,2117,1,0.00,0.00,0,0,0.00,0.00,0
2026-05-09 15:22:35,1,1,1,2311.5,-64,23.7,928,2117,1,0.00,0.00,0,0,0.00,0.00,0
2026-05-09 15:22:35,1,1,1,2271.8,8,22.8,881,2094,0,0.00,0.00,0,0,0.00,0.00,0
2026-05-09 15:22:35,1,1,1,2271.8,8,22.8,881,2094,0,0.00,0.00,0,0,0.00,0.00,0
2026-05-09 15:22:36,1,1,1,2226.1,8,21.6,819,2070,0,0.00,0.00,0,0,0.00,0.00,0
2026-05-09 15:22:36,1,1,1,2226.1,8,21.6,819,2070,0,0.00,0.00,0,0,0.00,0.00,0
2026-05-09 15:22:36,1,1,1,2175.4,32,20.2,750,2042,0,0.00,0.00,0,0,0.00,0.00,0
2026-05-09 15:22:36,1,1,1,2143.1,16,18.4,678,2033,0,0.00,0.00,0,0,0.00,0.00,0
2026-05-09 15:22:36,1,1,1,2143.1,16,18.4,678,2033,0,0.00,0.00,0,1,2.24,0.24,7321
2026-05-09 15:22:36,1,1,1,2129.9,16,16.1,592,2046,0,0.00,0.00,0,1,2.24,0.24,7321
2026-05-09 15:22:36,1,1,1,2129.9,16,16.1,592,2046,1,2.25,0.23,16249,1,2.25,0.23,16249
2026-05-09 15:22:36,1,1,1,2128.7,16,13.8,509,2067,1,2.25,0.23,16249,1,2.25,0.23,16249
2026-05-09 15:22:36,1,1,1,2128.7,16,13.8,509,2067,1,2.28,0.23,16249,1,2.28,0.23,16249
2026-05-09 15:22:36,1,1,1,2133.4,16,11.4,423,2091,1,2.28,0.23,16249,1,2.28,0.23,16249
2026-05-09 15:22:36,1,1,1,2133.4,16,11.4,423,2091,1,2.61,0.20,2993,1,2.61,0.20,2993
2026-05-09 15:22:36,1,1,1,2156.1,0,8.8,328,2131,1,2.61,0.20,2993,1,2.61,0.20,2993
2026-05-09 15:22:36,1,1,1,2275.1,0,4.5,180,2268,1,2.78,0.18,4553,1,2.78,0.18,4553
2026-05-09 15:22:36,1,1,1,2275.1,0,4.5,180,2268,1,2.78,0.18,4553,1,2.78,0.18,4553
2026-05-09 15:22:36,1,1,1,2410.1,0,0.5,20,2410,1,2.80,0.18,4553,1,2.80,0.18,4553
2026-05-09 15:22:36,1,1,1,2410.1,0,0.5,20,2410,1,2.80,0.18,4553,1,2.80,0.18,4553
2026-05-09 15:22:36,1,1,1,2530.1,0,-2.4,-104,2528,1,2.80,0.18,4553,1,2.80,0.18,4553
2026-05-09 15:22:36,1,1,1,2530.1,0,-2.4,-104,2528,1,2.80,0.18,4553,1,2.80,0.18,4553
2026-05-09 15:22:36,1,1,1,2634.8,16,-4.7,-215,2626,1,2.80,0.18,4553,1,2.80,0.18,4553
2026-05-09 15:22:36,1,1,1,2739.0,0,-6.0,-286,2724,1,2.80,0.18,4553,1,2.80,0.18,4553
2026-05-09 15:22:37,1,1,1,2739.0,0,-6.0,-286,2724,1,2.80,0.18,4553,1,2.80,0.18,4553
2026-05-09 15:22:37,1,1,1,2832.9,0,-6.3,-309,2816,1,2.80,0.18,4553,1,2.80,0.18,4553
2026-05-09 15:22:37,1,1,1,2832.9,0,-6.3,-309,2816,1,2.80,0.18,4553,1,2.80,0.18,4553
2026-05-09 15:22:37,1,1,1,2909.4,32,-6.3,-318,2892,1,2.80,0.18,4553,1,2.80,0.18,4553
2026-05-09 15:22:37,1,1,1,2909.4,32,-6.3,-318,2892,1,2.80,0.18,4553,1,2.80,0.18,4553
2026-05-09 15:22:37,1,1,1,2957.2,0,-6.5,-336,2938,1,2.80,0.18,4553,1,2.80,0.18,4553
2026-05-09 15:22:37,1,1,1,2957.2,0,-6.5,-336,2938,1,2.80,0.18,4553,1,2.80,0.18,4553
2026-05-09 15:22:37,1,1,1,2951.5,39,-7.2,-372,2928,1,0.00,0.00,0,0,0.00,0.00,0
2026-05-09 15:22:37,1,1,1,2854.5,24,-9.5,-473,2815,1,0.00,0.00,0,0,0.00,0.00,0
2026-05-09 15:22:37,1,1,1,2854.5,24,-9.5,-473,2815,1,0.00,0.00,0,0,0.00,0.00,0
2026-05-09 15:22:37,1,1,1,2775.0,0,-11.9,-574,2715,1,0.00,0.00,0,0,0.00,0.00,0
2026-05-09 15:22:37,1,1,1,2775.0,0,-11.9,-574,2715,1,0.00,0.00,0,0,0.00,0.00,0
2026-05-09 15:22:37,1,1,1,2690.0,32,-14.4,-667,2606,0,0.00,0.00,0,1,2.50,0.33,2785
2026-05-09 15:22:37,1,1,1,2690.0,32,-14.4,-667,2606,0,0.00,0.00,0,1,2.50,0.33,2785
2026-05-09 15:22:37,1,1,1,2620.1,0,-17.0,-768,2505,0,0.00,0.00,0,1,2.53,0.33,2785
2026-05-09 15:22:37,1,1,1,2675.2,0,-20.4,-931,2508,0,0.00,0.00,0,1,2.53,0.33,2785
2026-05-09 15:22:37,1,1,1,2675.2,0,-20.4,-931,2508,0,0.00,0.00,0,1,2.53,0.33,2785
2026-05-09 15:22:37,1,1,1,2766.1,0,-23.3,-1093,2541,0,0.00,0.00,0,1,2.53,0.33,2785
2026-05-09 15:22:37,1,1,1,2766.1,0,-23.3,-1093,2541,0,0.00,0.00,0,1,2.53,0.33,2785
2026-05-09 15:22:37,1,1,1,2888.5,0,-25.6,-1250,2604,0,0.00,0.00,0,1,2.53,0.33,2785
2026-05-09 15:22:38,1,1,1,2888.5,0,-25.6,-1250,2604,0,0.00,0.00,0,1,2.53,0.33,2785
2026-05-09 15:22:38,1,1,1,3016.5,16,-27.6,-1396,2674,0,0.00,0.00,0,1,2.53,0.33,2785
2026-05-09 15:22:38,1,1,1,3016.5,16,-27.6,-1396,2674,0,0.00,0.00,0,1,2.53,0.33,2785
2026-05-09 15:22:38,1,1,1,2980.1,8,-28.7,-1433,2613,0,0.00,0.00,0,1,2.53,0.33,2785
2026-05-09 15:22:38,1,1,1,2900.1,39,-29.4,-1423,2527,0,0.00,0.00,0,1,2.53,0.33,2785
2026-05-09 15:22:38,1,1,1,2900.1,39,-29.4,-1423,2527,0,0.00,0.00,0,1,2.53,0.33,2785
2026-05-09 15:22:38,1,1,1,2816.5,24,-29.9,-1405,2441,0,0.00,0.00,0,1,2.53,0.33,2785
2026-05-09 15:22:38,1,1,1,2816.5,24,-29.9,-1405,2441,0,0.00,0.00,0,0,0.00,0.00,0
2026-05-09 15:22:38,1,1,1,2748.2,0,-30.6,-1398,2366,0,0.00,0.00,0,0,0.00,0.00,0
2026-05-09 15:22:38,1,1,1,2748.2,0,-30.6,-1398,2366,0,0.00,0.00,0,0,0.00,0.00,0
2026-05-09 15:22:38,1,1,1,2718.8,0,-31.0,-1401,2330,0,0.00,0.00,0,0,0.00,0.00,0
2026-05-09 15:22:38,1,1,1,2678.3,-16,-31.7,-1407,2279,0,0.00,0.00,0,0,0.00,0.00,0
2026-05-09 15:22:38,1,1,1,2678.3,-16,-31.7,-1407,2279,0,0.00,0.00,0,0,0.00,0.00,0
2026-05-09 15:22:38,1,1,1,2651.9,-24,-32.6,-1429,2234,0,0.00,0.00,0,0,0.00,0.00,0
2026-05-09 15:22:38,1,1,1,2651.9,-24,-32.6,-1429,2234,0,0.00,0.00,0,0,0.00,0.00,0
2026-05-09 15:22:38,1,1,1,2616.0,-39,-33.7,-1452,2176,0,0.00,0.00,0,0,0.00,0.00,0
2026-05-09 15:22:38,1,1,1,2616.0,-39,-33.7,-1452,2176,0,0.00,0.00,0,0,0.00,0.00,0
2026-05-09 15:22:38,1,1,1,2585.9,-39,-34.4,-1462,2133,0,0.00,0.00,0,0,0.00,0.00,0
2026-05-09 15:22:38,1,1,1,2585.9,-39,-34.4,-1462,2133,0,0.00,0.00,0,0,0.00,0.00,0
2026-05-09 15:22:38,1,1,1,2557.8,-48,-35.4,-1483,2084,0,0.00,0.00,0,0,0.00,0.00,0
2026-05-09 15:22:39,1,1,1,2528.1,-32,-36.0,-1485,2046,0,0.00,0.00,0,0,0.00,0.00,0
2026-05-09 15:22:39,1,1,1,2528.1,-32,-36.0,-1485,2046,0,0.00,0.00,0,0,0.00,0.00,0
2026-05-09 15:22:39,1,1,1,2487.0,-56,-36.1,-1466,2009,0,0.00,0.00,0,0,0.00,0.00,0
2026-05-09 15:22:39,1,1,1,2487.0,-56,-36.1,-1466,2009,0,0.00,0.00,0,0,0.00,0.00,0
2026-05-09 15:22:39,1,1,1,2449.2,-39,-35.9,-1436,1984,0,0.00,0.00,0,0,0.00,0.00,0
2026-05-09 15:22:39,1,1,1,2449.2,-39,-35.9,-1436,1984,0,0.00,0.00,0,0,0.00,0.00,0
2026-05-09 15:22:39,1,1,1,2416.6,-32,-35.4,-1401,1969,0,0.00,0.00,0,0,0.00,0.00,0
2026-05-09 15:22:39,1,1,1,2392.4,0,-34.9,-1369,1962,0,0.00,0.00,0,0,0.00,0.00,0
2026-05-09 15:22:39,1,1,1,2392.4,0,-34.9,-1369,1962,0,0.00,0.00,0,0,0.00,0.00,0
2026-05-09 15:22:39,1,1,1,2396.7,0,-34.3,-1349,1981,0,0.00,0.00,0,0,0.00,0.00,0
2026-05-09 15:22:39,1,1,1,2396.7,0,-34.3,-1349,1981,0,0.00,0.00,0,0,0.00,0.00,0
2026-05-09 15:22:39,1,1,1,2458.6,0,-34.3,-1387,2030,0,0.00,0.00,0,0,0.00,0.00,0
2026-05-09 15:22:39,1,1,1,2458.6,0,-34.3,-1387,2030,0,0.00,0.00,0,0,0.00,0.00,0
2026-05-09 15:22:39,1,1,1,2544.7,0,-34.5,-1443,2096,0,0.00,0.00,0,0,0.00,0.00,0
2026-05-09 15:22:39,1,1,1,2544.7,0,-34.5,-1443,2096,0,0.00,0.00,0,0,0.00,0.00,0
2026-05-09 15:22:39,1,1,1,2721.2,0,-34.9,-1558,2231,0,0.00,0.00,0,0,0.00,0.00,0
2026-05-09 15:22:39,1,1,1,2730.5,8,-33.5,-1507,2277,0,0.00,0.00,0,0,0.00,0.00,0
2026-05-09 15:22:39,1,1,1,2730.5,8,-33.5,-1507,2277,0,0.00,0.00,0,0,0.00,0.00,0
2026-05-09 15:22:39,1,1,1,2688.9,16,-31.7,-1411,2289,0,0.00,0.00,0,0,0.00,0.00,0
2026-05-09 15:22:39,1,1,1,2688.9,16,-31.7,-1411,2289,0,0.00,0.00,0,0,0.00,0.00,0
2026-05-09 15:22:40,1,1,1,2646.4,0,-29.5,-1302,2304,0,0.00,0.00,0,0,0.00,0.00,0
2026-05-09 15:22:40,1,1,1,2646.4,0,-29.5,-1302,2304,0,0.00,0.00,0,0,0.00,0.00,0
2026-05-09 15:22:40,1,1,1,2681.2,0,-25.9,-1173,2411,0,0.00,0.00,0,0,0.00,0.00,0
2026-05-09 15:22:40,1,1,1,2681.2,0,-25.9,-1173,2411,0,0.00,0.00,0,0,0.00,0.00,0
2026-05-09 15:22:40,1,1,1,2739.6,0,-22.1,-1029,2539,0,0.00,0.00,0,0,0.00,0.00,0
2026-05-09 15:22:40,1,1,1,2814.1,0,-18.6,-898,2667,0,0.00,0.00,0,0,0.00,0.00,0
2026-05-09 15:22:40,1,1,1,2814.1,0,-18.6,-898,2667,0,0.00,0.00,0,0,0.00,0.00,0
2026-05-09 15:22:40,1,1,1,2893.3,0,-16.3,-812,2777,0,0.00,0.00,0,0,0.00,0.00,0
2026-05-09 15:22:40,1,1,1,2893.3,0,-16.3,-812,2777,0,0.00,0.00,0,0,0.00,0.00,0
2026-05-09 15:22:40,1,1,1,2963.9,0,-14.9,-763,2864,0,0.00,0.00,0,0,0.00,0.00,0
2026-05-09 15:22:40,1,1,1,2963.9,0,-14.9,-763,2864,0,0.00,0.00,0,0,0.00,0.00,0
2026-05-09 15:22:40,1,1,1,3006.0,0,-13.9,-722,2918,0,0.00,0.00,0,0,0.00,0.00,0
2026-05-09 15:22:40,1,1,1,3022.7,0,-12.8,-668,2948,0,0.00,0.00,0,0,0.00,0.00,0
2026-05-09 15:22:40,1,1,1,3022.7,0,-12.8,-668,2948,0,0.00,0.00,0,0,0.00,0.00,0
2026-05-09 15:22:40,1,1,1,3044.7,0,-12.0,-634,2978,0,0.00,0.00,0,0,0.00,0.00,0
2026-05-09 15:22:40,1,1,1,3044.7,0,-12.0,-634,2978,0,0.00,0.00,0,0,0.00,0.00,0
2026-05-09 15:22:40,1,1,1,3055.9,0,-11.2,-592,2998,0,0.00,0.00,0,0,0.00,0.00,0
2026-05-09 15:22:40,1,1,1,3055.9,0,-11.2,-592,2998,0,0.00,0.00,0,0,0.00,0.00,0
2026-05-09 15:22:40,1,1,1,3070.7,0,-10.3,-550,3021,0,0.00,0.00,0,0,0.00,0.00,0
2026-05-09 15:22:40,1,1,1,3070.7,0,-10.3,-550,3021,0,0.00,0.00,0,0,0.00,0.00,0
2026-05-09 15:22:41,1,1,1,3063.6,0,-9.5,-503,3022,0,0.00,0.00,0,0,0.00,0.00,0
2026-05-09 15:22:41,1,1,1,3025.3,8,-8.4,-441,2993,0,0.00,0.00,0,0,0.00,0.00,0
2026-05-09 15:22:41,1,1,1,3025.3,8,-8.4,-441,2993,0,0.00,0.00,0,0,0.00,0.00,0
2026-05-09 15:22:41,1,1,1,2965.3,8,-6.5,-338,2946,0,0.00,0.00,0,0,0.00,0.00,0
2026-05-09 15:22:41,1,1,1,2965.3,8,-6.5,-338,2946,0,0.00,0.00,0,0,0.00,0.00,0
2026-05-09 15:22:41,1,1,1,2878.2,8,-4.1,-204,2871,0,0.00,0.00,0,0,0.00,0.00,0
2026-05-09 15:22:41,1,1,1,2878.2,8,-4.1,-204,2871,0,0.00,0.00,0,0,0.00,0.00,0
2026-05-09 15:22:41,1,1,1,2775.6,0,-1.2,-60,2775,0,0.00,0.00,0,0,0.00,0.00,0
2026-05-09 15:22:41,1,1,1,2679.4,-8,1.8,86,2678,0,0.00,0.00,0,0,0.00,0.00,0
2026-05-09 15:22:41,1,1,1,2679.4,-8,1.8,86,2678,0,0.00,0.00,0,0,0.00,0.00,0
2026-05-09 15:22:41,1,1,1,2620.8,8,5.0,227,2611,0,0.00,0.00,0,0,0.00,0.00,0
2026-05-09 15:22:41,1,1,1,2620.8,8,5.0,227,2611,0,0.00,0.00,0,0,0.00,0.00,0
2026-05-09 15:22:41,1,1,1,2572.9,-8,8.3,371,2546,0,0.00,0.00,0,0,0.00,0.00,0
2026-05-09 15:22:41,1,1,1,2572.9,-8,8.3,371,2546,0,0.00,0.00,0,0,0.00,0.00,0
2026-05-09 15:22:41,1,1,1,2532.5,-24,11.0,483,2486,0,0.00,0.00,0,0,0.00,0.00,0
2026-05-09 15:22:41,1,1,1,2532.5,-24,11.0,483,2486,0,0.00,0.00,0,0,0.00,0.00,0
2026-05-09 15:22:41,1,1,1,2489.5,-39,13.1,563,2425,0,0.00,0.00,0,1,2.30,-0.45,7229
2026-05-09 15:22:41,1,1,1,2459.8,-39,14.9,633,2377,0,0.00,0.00,0,1,2.30,-0.45,7229
2026-05-09 15:22:41,1,1,1,2459.8,-39,14.9,633,2377,1,2.26,-0.45,7229,1,2.26,-0.45,7229
2026-05-09 15:22:41,1,1,1,2440.1,-39,17.0,715,2333,1,2.26,-0.45,7229,1,2.26,-0.45,7229
2026-05-09 15:22:42,1,1,1,2440.1,-39,17.0,715,2333,1,2.26,-0.45,7229,1,2.26,-0.45,7229
2026-05-09 15:22:42,1,1,1,2410.0,-24,18.6,769,2284,1,2.26,-0.45,7229,1,2.26,-0.45,7229
2026-05-09 15:22:42,1,1,1,2410.0,-24,18.6,769,2284,1,2.26,-0.45,7229,1,2.26,-0.45,7229
2026-05-09 15:22:42,1,1,1,2369.6,-39,20.4,826,2221,1,2.26,-0.45,7229,1,2.26,-0.45,7229
2026-05-09 15:22:42,1,1,1,2335.3,-64,22.0,873,2166,1,1.25,0.23,481,1,1.25,0.23,481
2026-05-09 15:22:42,1,1,1,2335.3,-64,22.0,873,2166,1,1.25,0.23,481,1,1.25,0.23,481
2026-05-09 15:22:42,1,1,1,2301.0,-48,23.3,911,2113,1,1.73,-0.19,19265,1,1.73,-0.19,19265
2026-05-09 15:22:42,1,1,1,2301.0,-48,23.3,911,2113,1,1.73,-0.19,19265,1,1.73,-0.19,19265
2026-05-09 15:22:42,1,1,1,2258.9,-72,24.9,951,2049,1,1.56,-0.13,373,1,1.56,-0.13,373
2026-05-09 15:22:42,1,1,1,2258.9,-72,24.9,951,2049,1,1.56,-0.13,373,1,1.56,-0.13,373
2026-05-09 15:22:42,1,1,1,2216.4,-64,26.2,980,1988,1,1.55,-0.13,373,1,1.55,-0.13,373
2026-05-09 15:22:42,1,1,1,2216.4,-64,26.2,980,1988,1,1.55,-0.13,373,1,1.55,-0.13,373
2026-05-09 15:22:42,1,1,1,2162.0,-79,27.4,994,1920,1,1.55,-0.13,373,1,1.55,-0.13,373
2026-05-09 15:22:42,1,1,1,2107.0,-64,28.4,1003,1853,0,0.00,0.00,0,1,1.55,-0.13,373
2026-05-09 15:22:42,1,1,1,2107.0,-64,28.4,1003,1853,0,0.00,0.00,0,1,1.55,-0.13,373
2026-05-09 15:22:42,1,1,1,2047.7,-64,29.2,998,1788,0,0.00,0.00,0,1,1.55,-0.13,373
2026-05-09 15:22:42,1,1,1,2047.7,-64,29.2,998,1788,0,0.00,0.00,0,1,1.55,-0.13,373
2026-05-09 15:22:42,1,1,1,1990.1,-64,29.8,989,1727,0,0.00,0.00,0,1,1.55,-0.13,373
2026-05-09 15:22:42,1,1,1,1990.1,-64,29.8,989,1727,0,0.00,0.00,0,1,1.55,-0.13,373
2026-05-09 15:22:42,1,1,1,1941.4,-64,30.1,973,1680,0,0.00,0.00,0,1,1.55,-0.13,373
2026-05-09 15:22:43,1,1,1,1894.0,-79,30.3,956,1635,0,0.00,0.00,0,1,1.55,-0.13,373
2026-05-09 15:22:43,1,1,1,1894.0,-79,30.3,956,1635,0,0.00,0.00,0,1,1.55,-0.13,373
2026-05-09 15:22:43,1,1,1,1840.4,-72,30.8,942,1581,0,0.00,0.00,0,1,1.55,-0.13,373
2026-05-09 15:22:43,1,1,1,1840.4,-72,30.8,942,1581,0,0.00,0.00,0,0,0.00,0.00,0
2026-05-09 15:22:43,1,1,1,1791.4,-39,30.5,910,1543,0,0.00,0.00,0,0,0.00,0.00,0
2026-05-09 15:22:43,1,1,1,1791.4,-39,30.5,910,1543,0,0.00,0.00,0,0,0.00,0.00,0
2026-05-09 15:22:43,1,1,1,1740.1,-39,30.0,870,1507,0,0.00,0.00,0,1,1.51,-0.25,29273
2026-05-09 15:22:53,1,1,1,2255.7,-16,2.8,111,2253,1,2.09,0.00,8017,1,2.09,0.00,8017
2026-05-09 15:22:53,1,1,1,2255.7,-16,2.8,111,2253,1,2.09,0.00,8017,1,2.09,0.00,8017
2026-05-09 15:22:53,1,1,1,2192.5,0,5.3,204,2183,1,2.09,0.00,8017,1,2.09,0.00,8017
2026-05-09 15:22:53,1,1,1,2192.5,0,5.3,204,2183,1,2.09,0.00,8017,1,2.09,0.00,8017
2026-05-09 15:22:53,1,1,1,2129.3,0,7.7,286,2110,1,2.09,0.00,8017,1,2.09,0.00,8017
2026-05-09 15:22:53,1,1,1,2086.6,8,9.7,350,2057,1,2.09,0.00,8017,1,2.09,0.00,8017
2026-05-09 15:22:53,1,1,1,2086.6,8,9.7,350,2057,1,0.00,0.00,0,0,0.00,0.00,0
2026-05-09 15:22:53,1,1,1,2069.1,16,11.9,425,2025,1,0.00,0.00,0,0,0.00,0.00,0
2026-05-09 15:22:53,1,1,1,2069.1,16,11.9,425,2025,1,0.00,0.00,0,0,0.00,0.00,0
2026-05-09 15:22:53,1,1,1,2057.2,16,14.1,502,1995,1,0.00,0.00,0,0,0.00,0.00,0
2026-05-09 15:22:53,1,1,1,2057.2,16,14.1,502,1995,1,0.00,0.00,0,0,0.00,0.00,0
2026-05-09 15:22:53,1,1,1,2047.0,16,16.2,570,1966,0,0.00,0.00,0,0,0.00,0.00,0
2026-05-09 15:22:53,1,1,1,2038.1,0,18.5,646,1933,0,0.00,0.00,0,0,0.00,0.00,0
2026-05-09 15:22:54,1,1,1,2038.1,0,18.5,646,1933,0,0.00,0.00,0,0,0.00,0.00,0
2026-05-09 15:22:54,1,1,1,2035.2,16,20.7,719,1904,0,0.00,0.00,0,0,0.00,0.00,0
2026-05-09 15:22:54,1,1,1,2035.2,16,20.7,719,1904,0,0.00,0.00,0,0,0.00,0.00,0
2026-05-09 15:22:54,1,1,1,2035.9,0,23.1,798,1873,0,0.00,0.00,0,0,0.00,0.00,0
2026-05-09 15:22:54,1,1,1,2035.9,0,23.1,798,1873,0,0.00,0.00,0,0,0.00,0.00,0
2026-05-09 15:22:54,1,1,1,2032.8,-8,25.2,864,1840,0,0.00,0.00,0,0,0.00,0.00,0
2026-05-09 15:22:54,1,1,1,2032.8,-8,25.2,864,1840,0,0.00,0.00,0,0,0.00,0.00,0
2026-05-09 15:22:54,1,1,1,2028.1,0,26.4,901,1817,0,0.00,0.00,0,0,0.00,0.00,0
2026-05-09 15:22:54,1,1,1,2014.5,-8,27.5,930,1787,0,0.00,0.00,0,0,0.00,0.00,0
2026-05-09 15:22:54,1,1,1,2014.5,-8,27.5,930,1787,0,0.00,0.00,0,0,0.00,0.00,0
2026-05-09 15:22:54,1,1,1,2013.1,8,28.0,944,1778,0,0.00,0.00,0,0,0.00,0.00,0
2026-05-09 15:22:54,1,1,1,2013.1,8,28.0,944,1778,0,0.00,0.00,0,0,0.00,0.00,0
2026-05-09 15:22:54,1,1,1,2016.2,-16,28.0,945,1781,0,0.00,0.00,0,0,0.00,0.00,0
2026-05-09 15:22:54,1,1,1,2016.2,-16,28.0,945,1781,0,0.00,0.00,0,0,0.00,0.00,0
2026-05-09 15:22:54,1,1,1,2016.1,-32,27.8,941,1783,0,0.00,0.00,0,0,0.00,0.00,0
2026-05-09 15:22:54,1,1,1,2013.3,-24,27.7,935,1783,0,0.00,0.00,0,0,0.00,0.00,0
2026-05-09 15:22:54,1,1,1,2013.3,-24,27.7,935,1783,0,0.00,0.00,0,0,0.00,0.00,0
2026-05-09 15:22:54,1,1,1,2011.8,-8,27.5,928,1785,0,0.00,0.00,0,0,0.00,0.00,0
2026-05-09 15:22:54,1,1,1,2011.8,-8,27.5,928,1785,0,0.00,0.00,0,0,0.00,0.00,0
2026-05-09 15:22:54,1,1,1,2010.8,-16,27.2,918,1789,0,0.00,0.00,0,0,0.00,0.00,0
2026-05-09 15:22:55,1,1,1,2010.8,-16,27.2,918,1789,0,0.00,0.00,0,0,0.00,0.00,0
2026-05-09 15:22:55,1,1,1,2007.6,-16,26.7,903,1793,0,0.00,0.00,0,0,0.00,0.00,0
2026-05-09 15:22:55,1,1,1,2007.6,-16,26.7,903,1793,0,0.00,0.00,0,0,0.00,0.00,0
2026-05-09 15:22:55,1,1,1,2005.3,-16,26.2,886,1799,0,0.00,0.00,0,0,0.00,0.00,0
2026-05-09 15:22:55,1,1,1,2000.2,-16,25.7,866,1803,0,0.00,0.00,0,0,0.00,0.00,0
2026-05-09 15:22:55,1,1,1,2000.2,-16,25.7,866,1803,0,0.00,0.00,0,0,0.00,0.00,0
2026-05-09 15:22:55,1,1,1,1992.5,-24,25.1,846,1804,0,0.00,0.00,0,0,0.00,0.00,0
2026-05-09 15:22:55,1,1,1,1992.5,-24,25.1,846,1804,0,0.00,0.00,0,0,0.00,0.00,0
2026-05-09 15:22:55,1,1,1,1973.5,-8,23.3,782,1812,0,0.00,0.00,0,0,0.00,0.00,0
2026-05-09 15:22:55,1,1,1,1973.5,-8,23.3,782,1812,0,0.00,0.00,0,0,0.00,0.00,0
2026-05-09 15:22:55,1,1,1,1959.7,0,21.4,714,1825,0,0.00,0.00,0,1,2.05,0.22,12421
2026-05-09 15:22:55,1,1,1,2006.9,0,17.9,616,1910,0,0.00,0.00,0,1,2.05,0.22,12421
2026-05-09 15:22:55,1,1,1,2006.9,0,17.9,616,1910,1,2.05,0.23,11432,1,2.05,0.23,11432
2026-05-09 15:22:55,1,1,1,2157.3,0,11.0,410,2118,1,2.05,0.23,11432,1,2.05,0.23,11432
2026-05-09 15:22:55,1,1,1,2157.3,0,11.0,410,2118,1,2.07,0.23,11432,1,2.07,0.23,11432
2026-05-09 15:22:55,1,1,1,2314.1,0,5.9,236,2302,1,2.07,0.23,11432,1,2.07,0.23,11432
2026-05-09 15:22:55,1,1,1,2314.1,0,5.9,236,2302,1,2.16,0.33,33805,1,2.16,0.33,33805
2026-05-09 15:22:55,1,1,1,2447.8,0,2.2,93,2446,1,2.16,0.33,33805,1,2.16,0.33,33805
2026-05-09 15:22:55,1,1,1,2447.8,0,2.2,93,2446,1,2.45,0.29,7565,1,2.45,0.29,7565
2026-05-09 15:22:55,1,1,1,2575.1,0,-0.6,-26,2575,1,2.45,0.29,7565,1,2.45,0.29,7565
2026-05-09 15:22:56,1,1,1,2682.4,0,-2.4,-114,2680,1,2.48,0.29,7565,1,2.48,0.29,7565
2026-05-09 15:22:56,1,1,1,2682.4,0,-2.4,-114,2680,1,2.48,0.29,7565,1,2.48,0.29,7565
2026-05-09 15:22:56,1,1,1,2766.5,0,-3.9,-189,2760,1,2.48,0.29,7565,1,2.48,0.29,7565
2026-05-09 15:22:56,1,1,1,2766.5,0,-3.9,-189,2760,1,2.48,0.29,7565,1,2.48,0.29,7565
2026-05-09 15:22:56,1,1,1,2830.0,0,-5.5,-271,2817,1,2.48,0.29,7565,1,2.48,0.29,7565
2026-05-09 15:22:56,1,1,1,2830.0,0,-5.5,-271,2817,1,2.48,0.29,7565,1,2.48,0.29,7565
2026-05-09 15:22:56,1,1,1,2858.0,39,-7.0,-346,2837,1,2.48,0.29,7565,1,2.48,0.29,7565
2026-05-09 15:22:56,1,1,1,2765.0,32,-8.9,-426,2732,1,2.48,0.29,7565,1,2.48,0.29,7565
2026-05-09 15:22:56,1,1,1,2765.0,32,-8.9,-426,2732,1,2.49,0.29,6161,1,2.49,0.29,6161
2026-05-09 15:22:56,1,1,1,2656.5,39,-10.8,-500,2609,1,2.49,0.29,6161,1,2.49,0.29,6161
2026-05-09 15:22:56,1,1,1,2656.5,39,-10.8,-500,2609,1,2.52,0.29,6161,1,2.52,0.29,6161
2026-05-09 15:22:56,1,1,1,2569.7,24,-12.9,-573,2505,1,2.52,0.29,6161,1,2.52,0.29,6161
2026-05-09 15:22:56,1,1,1,2569.7,24,-12.9,-573,2505,1,2.52,0.29,6161,1,2.52,0.29,6161
2026-05-09 15:22:56,1,1,1,2535.6,24,-14.7,-642,2453,1,2.52,0.29,6161,1,2.52,0.29,6161
2026-05-09 15:22:56,1,1,1,2535.6,24,-14.7,-642,2453,1,2.52,0.29,6161,1,2.52,0.29,6161
2026-05-09 15:22:56,1,1,1,2508.9,24,-16.5,-711,2406,1,2.52,0.29,6161,1,2.52,0.29,6161
2026-05-09 15:22:56,1,1,1,2492.5,32,-18.3,-784,2366,1,2.52,0.29,6161,1,2.52,0.29,6161
2026-05-09 15:22:56,1,1,1,2492.5,32,-18.3,-784,2366,1,2.52,0.29,6161,1,2.52,0.29,6161
2026-05-09 15:22:56,1,1,1,2497.3,24,-20.0,-856,2346,1,2.52,0.29,6161,1,2.52,0.29,6161
2026-05-09 15:22:56,1,1,1,2497.3,24,-20.0,-856,2346,1,2.52,0.29,6161,1,2.52,0.29,6161
2026-05-09 15:22:57,1,1,1,2491.3,39,-21.7,-923,2314,1,2.52,0.29,6161,1,2.52,0.29,6161
2026-05-09 15:22:57,1,1,1,2491.3,39,-21.7,-923,2314,1,2.52,0.29,6161,1,2.52,0.29,6161
2026-05-09 15:22:57,1,1,1,2499.9,0,-23.5,-998,2292,1,2.52,0.29,6161,1,2.52,0.29,6161
2026-05-09 15:22:57,1,1,1,2499.9,0,-23.5,-998,2292,1,0.00,0.00,0,0,0.00,0.00,0
2026-05-09 15:22:57,1,1,1,2506.3,8,-24.6,-1045,2278,1,0.00,0.00,0,0,0.00,0.00,0
2026-05-09 15:22:57,1,1,1,2537.8,0,-25.7,-1102,2286,1,0.00,0.00,0,0,0.00,0.00,0
2026-05-09 15:22:57,1,1,1,2537.8,0,-25.7,-1102,2286,1,0.00,0.00,0,0,0.00,0.00,0
2026-05-09 15:22:57,1,1,1,2555.9,16,-26.2,-1127,2294,1,0.00,0.00,0,0,0.00,0.00,0
2026-05-09 15:22:57,1,1,1,2555.9,16,-26.2,-1127,2294,0,0.00,0.00,0,0,0.00,0.00,0
2026-05-09 15:22:57,1,1,1,2555.4,-39,-26.8,-1152,2281,0,0.00,0.00,0,0,0.00,0.00,0
2026-05-09 15:22:57,1,1,1,2555.4,-39,-26.8,-1152,2281,0,0.00,0.00,0,0,0.00,0.00,0
2026-05-09 15:22:57,1,1,1,2562.6,-48,-26.9,-1160,2285,0,0.00,0.00,0,0,0.00,0.00,0
2026-05-09 15:22:57,1,1,1,2557.2,-39,-27.0,-1160,2279,0,0.00,0.00,0,0,0.00,0.00,0
2026-05-09 15:22:57,1,1,1,2557.2,-39,-27.0,-1160,2279,0,0.00,0.00,0,0,0.00,0.00,0
2026-05-09 15:22:57,1,1,1,2541.1,-32,-27.0,-1154,2264,0,0.00,0.00,0,0,0.00,0.00,0
2026-05-09 15:22:57,1,1,1,2541.1,-32,-27.0,-1154,2264,0,0.00,0.00,0,0,0.00,0.00,0
2026-05-09 15:22:57,1,1,1,2520.2,-96,-27.2,-1151,2242,0,0.00,0.00,0,1,2.49,-0.47,9000
2026-05-09 15:22:57,1,1,1,2520.2,-96,-27.2,-1151,2242,0,0.00,0.00,0,1,2.49,-0.47,9000
2026-05-09 15:22:57,1,1,1,2494.8,-56,-27.3,-1144,2217,1,2.45,-0.47,9000,1,2.45,-0.47,9000
2026-05-09 15:22:57,1,1,1,2494.8,-56,-27.3,-1144,2217,1,2.45,-0.47,9000,1,2.45,-0.47,9000
2026-05-09 15:22:58,1,1,1,2466.6,-64,-27.4,-1135,2190,1,2.45,-0.47,9000,1,2.45,-0.47,9000
2026-05-09 15:22:58,1,1,1,2436.9,-96,-27.7,-1132,2158,1,2.45,-0.47,9000,1,2.45,-0.47,9000
2026-05-09 15:22:58,1,1,1,2436.9,-96,-27.7,-1132,2158,1,2.45,-0.47,9000,1,2.45,-0.47,9000
2026-05-09 15:22:58,1,1,1,2410.4,0,-28.1,-1134,2127,1,2.45,-0.47,9000,1,2.45,-0.47,9000
2026-05-09 15:22:58,1,1,1,2410.4,0,-28.1,-1134,2127,1,2.24,-0.66,6628,1,2.24,-0.66,6628
2026-05-09 15:22:58,1,1,1,2517.9,0,-29.0,-1221,2202,1,2.24,-0.66,6628,1,2.24,-0.66,6628
2026-05-09 15:22:58,1,1,1,2517.9,0,-29.0,-1221,2202,1,2.18,-0.66,6628,1,2.18,-0.66,6628
2026-05-09 15:22:58,1,1,1,2649.5,0,-29.5,-1303,2307,1,2.18,-0.66,6628,1,2.18,-0.66,6628
2026-05-09 15:22:58,1,1,1,2782.6,-39,-29.8,-1384,2414,1,2.07,-0.53,16237,1,2.07,-0.53,16237
2026-05-09 15:22:58,1,1,1,2782.6,-39,-29.8,-1384,2414,1,2.07,-0.53,16237,1,2.07,-0.53,16237
2026-05-09 15:22:58,1,1,1,2802.5,-8,-29.2,-1366,2447,1,2.02,-0.53,16237,1,2.02,-0.53,16237
2026-05-09 15:22:58,1,1,1,2802.5,-8,-29.2,-1366,2447,1,2.02,-0.53,16237,1,2.02,-0.53,16237
2026-05-09 15:22:58,1,1,1,2729.5,-24,-28.2,-1289,2406,1,2.02,-0.53,16237,1,2.02,-0.53,16237
2026-05-09 15:22:58,1,1,1,2729.5,-24,-28.2,-1289,2406,1,2.02,-0.53,16237,1,2.02,-0.53,16237
2026-05-09 15:22:58,1,1,1,2693.5,0,-27.5,-1244,2389,1,2.02,-0.53,16237,1,2.02,-0.53,16237
2026-05-09 15:22:58,1,1,1,2693.5,0,-27.5,-1244,2389,1,2.02,-0.53,16237,1,2.02,-0.53,16237
2026-05-09 15:22:58,1,1,1,2675.3,0,-26.2,-1180,2401,1,3.25,0.00,9640,1,3.25,0.00,9640
2026-05-09 15:22:58,1,1,1,2596.9,-8,-23.4,-1032,2383,1,3.25,0.00,9640,1,3.25,0.00,9640
2026-05-09 15:22:58,1,1,1,2596.9,-8,-23.4,-1032,2383,1,3.25,0.00,2210,1,3.25,0.00,2210
2026-05-09 15:22:58,1,1,1,2454.9,8,-21.2,-887,2289,1,3.25,0.00,2210,1,3.25,0.00,2210
2026-05-09 15:22:59,1,1,1,2454.9,8,-21.2,-887,2289,1,3.25,0.00,2210,1,3.25,0.00,2210
2026-05-09 15:22:59,1,1,1,2339.2,8,-18.8,-752,2215,1,3.25,0.00,2210,1,3.25,0.00,2210
2026-05-09 15:22:59,1,1,1,2339.2,8,-18.8,-752,2215,1,3.25,0.00,2210,1,3.25,0.00,2210
2026-05-09 15:22:59,1,1,1,2253.7,0,-15.8,-612,2169,0,0.00,0.00,0,1,3.25,0.00,2210
2026-05-09 15:22:59,1,1,1,2192.0,0,-12.6,-479,2139,0,0.00,0.00,0,1,3.25,0.00,2210
2026-05-09 15:22:59,1,1,1,2192.0,0,-12.6,-479,2139,0,0.00,0.00,0,1,3.25,0.00,2210
2026-05-09 15:22:59,1,1,1,2145.4,0,-9.3,-348,2117,0,0.00,0.00,0,1,3.25,0.00,2210
2026-05-09 15:22:59,1,1,1,2145.4,0,-9.3,-348,2117,0,0.00,0.00,0,1,3.25,0.00,2210
2026-05-09 15:22:59,1,1,1,2289.4,0,-8.7,-347,2263,0,0.00,0.00,0,1,3.25,0.03,5057
2026-05-09 15:22:59,1,1,1,2289.4,0,-8.7,-347,2263,0,0.00,0.00,0,1,3.25,0.03,5057
2026-05-09 15:22:59,1,1,1,2430.7,8,-8.7,-366,2403,1,2.76,0.00,4537,1,2.76,0.00,4537
2026-05-09 15:22:59,1,1,1,2430.7,8,-8.7,-366,2403,1,2.76,0.00,4537,1,2.76,0.00,4537
2026-05-09 15:22:59,1,1,1,2450.5,8,-6.7,-284,2434,1,2.76,0.00,4537,1,2.76,0.00,4537
2026-05-09 15:22:59,1,1,1,2417.4,0,-3.5,-146,2413,1,2.76,0.00,4537,1,2.76,0.00,4537
2026-05-09 15:22:59,1,1,1,2417.4,0,-3.5,-146,2413,1,2.76,0.00,4537,1,2.76,0.00,4537
2026-05-09 15:22:59,1,1,1,2349.0,8,-0.2,-7,2349,1,2.76,0.00,4537,1,2.76,0.00,4537
2026-05-09 15:22:59,1,1,1,2349.0,8,-0.2,-7,2349,1,2.76,0.00,4537,1,2.76,0.00,4537
2026-05-09 15:22:59,1,1,1,2272.9,8,3.4,133,2269,1,2.76,0.00,4537,1,2.76,0.00,4537
2026-05-09 15:22:59,1,1,1,2272.9,8,3.4,133,2269,1,2.06,0.23,8321,1,2.06,0.23,8321
2026-05-09 15:22:59,1,1,1,2204.7,8,6.4,245,2191,1,2.06,0.23,8321,1,2.06,0.23,8321
2026-05-09 15:23:00,1,1,1,2161.3,16,8.9,336,2135,1,2.05,0.23,4880,1,2.05,0.23,4880
2026-05-09 15:23:00,1,1,1,2161.3,16,8.9,336,2135,1,2.05,0.23,4880,1,2.05,0.23,4880
2026-05-09 15:23:00,1,1,1,2125.0,8,11.7,430,2081,1,2.07,0.23,4880,1,2.07,0.23,4880
2026-05-09 15:23:00,1,1,1,2125.0,8,11.7,430,2081,1,2.07,0.23,4880,1,2.07,0.23,4880
2026-05-09 15:23:00,1,1,1,2095.5,24,14.0,508,2033,1,2.07,0.23,4880,1,2.07,0.23,4880
2026-05-09 15:23:00,1,1,1,2095.5,24,14.0,508,2033,1,2.07,0.23,4880,1,2.07,0.23,4880
2026-05-09 15:23:00,1,1,1,2067.4,-32,16.5,588,1982,1,2.07,0.23,4880,1,2.07,0.23,4880
2026-05-09 15:23:00,1,1,1,2067.4,-32,16.5,588,1982,1,2.07,0.23,4880,1,2.07,0.23,4880
2026-05-09 15:23:00,1,1,1,2034.7,-39,19.0,662,1924,1,2.07,0.23,4880,1,2.07,0.23,4880
2026-05-09 15:23:00,1,1,1,2012.4,-32,21.1,723,1878,1,2.07,0.23,4880,1,2.07,0.23,4880
2026-05-09 15:23:00,1,1,1,2012.4,-32,21.1,723,1878,1,2.07,0.23,4880,1,2.07,0.23,4880
2026-05-09 15:23:00,1,1,1,1991.2,-119,22.8,773,1835,1,2.07,0.23,4880,1,2.07,0.23,4880
2026-05-09 15:23:00,1,1,1,1991.2,-119,22.8,773,1835,1,2.07,0.23,4880,1,2.07,0.23,4880
2026-05-09 15:23:00,1,1,1,1972.7,-16,23.8,796,1805,1,2.07,0.23,4880,1,2.07,0.23,4880
2026-05-09 15:23:00,1,1,1,1972.7,-16,23.8,796,1805,1,2.07,0.23,4880,1,2.07,0.23,4880
2026-05-09 15:23:00,1,1,1,1949.5,-32,24.7,815,1771,1,0.00,0.00,0,0,0.00,0.00,0
2026-05-09 15:23:00,1,1,1,1915.7,-72,25.6,829,1727,1,0.00,0.00,0,0,0.00,0.00,0
2026-05-09 15:23:00,1,1,1,1915.7,-72,25.6,829,1727,1,0.00,0.00,0,0,0.00,0.00,0
2026-05-09 15:23:00,1,1,1,1882.0,-32,25.8,820,1694,1,0.00,0.00,0,0,0.00,0.00,0
2026-05-09 15:23:00,1,1,1,1882.0,-32,25.8,820,1694,1,0.00,0.00,0,0,0.00,0.00,0
2026-05-09 15:23:01,1,1,1,1844.5,-48,25.8,802,1661,0,0.00,0.00,0,0,0.00,0.00,0
2026-05-09 15:23:01,1,1,1,1844.5,-48,25.8,802,1661,0,0.00,0.00,0,0,0.00,0.00,0
2026-05-09 15:23:01,1,1,1,1801.7,-39,24.9,759,1634,0,0.00,0.00,0,0,0.00,0.00,0
2026-05-09 15:23:01,1,1,1,1801.7,-39,24.9,759,1634,0,0.00,0.00,0,0,0.00,0.00,0
2026-05-09 15:23:01,1,1,1,1760.7,-24,23.1,692,1619,0,0.00,0.00,0,0,0.00,0.00,0
2026-05-09 15:23:01,1,1,1,1721.5,-16,21.1,620,1606,0,0.00,0.00,0,0,0.00,0.00,0
2026-05-09 15:23:01,1,1,1,1721.5,-16,21.1,620,1606,0,0.00,0.00,0,0,0.00,0.00,0
2026-05-09 15:23:01,1,1,1,1707.3,0,18.7,548,1617,0,0.00,0.00,0,0,0.00,0.00,0
2026-05-09 15:23:01,1,1,1,1707.3,0,18.7,548,1617,0,0.00,0.00,0,0,0.00,0.00,0
2026-05-09 15:23:01,1,1,1,1704.5,8,16.5,485,1634,0,0.00,0.00,0,0,0.00,0.00,0
2026-05-09 15:23:01,1,1,1,1704.5,8,16.5,485,1634,0,0.00,0.00,0,1,3.25,0.00,11821
2026-05-09 15:23:01,1,1,1,1709.9,24,14.4,426,1656,0,0.00,0.00,0,1,3.25,0.00,11821
2026-05-09 15:23:01,1,1,1,1709.9,24,14.4,426,1656,1,3.25,0.00,3893,1,3.25,0.00,3893
2026-05-09 15:23:01,1,1,1,1721.6,24,12.3,367,1682,1,3.25,0.00,3893,1,3.25,0.00,3893
2026-05-09 15:23:01,1,1,1,1749.2,0,10.1,307,1722,1,3.25,0.00,3893,1,3.25,0.00,3893
2026-05-09 15:23:01,1,1,1,1749.2,0,10.1,307,1722,1,3.25,0.00,3893,1,3.25,0.00,3893
2026-05-09 15:23:01,1,1,1,1949.9,0,5.1,175,1942,1,3.25,0.00,3893,1,3.25,0.00,3893
2026-05-09 15:23:01,1,1,1,1949.9,0,5.1,175,1942,1,3.25,0.00,3893,1,3.25,0.00,3893
2026-05-09 15:23:01,1,1,1,2140.5,39,1.2,44,2140,1,3.25,0.00,3893,1,3.25,0.00,3893
2026-05-09 15:23:01,1,1,1,2140.5,39,1.2,44,2140,1,3.25,0.00,3893,1,3.25,0.00,3893
2026-05-09 15:23:02,1,1,1,2173.0,32,-0.3,-11,2173,1,3.25,0.00,3893,1,3.25,0.00,3893
2026-05-09 15:23:02,1,1,1,2158.8,32,-1.5,-57,2158,1,3.25,0.00,3893,1,3.25,0.00,3893
2026-05-09 15:23:02,1,1,1,2158.8,32,-1.5,-57,2158,1,3.25,0.00,3893,1,3.25,0.00,3893
2026-05-09 15:23:02,1,1,1,2127.2,56,-3.2,-117,2124,1,3.25,0.00,3893,1,3.25,0.00,3893
2026-05-09 15:23:02,1,1,1,2127.2,56,-3.2,-117,2124,1,3.25,0.00,3893,1,3.25,0.00,3893
2026-05-09 15:23:02,1,1,1,2106.7,72,-5.2,-191,2098,1,3.25,0.00,3893,1,3.25,0.00,3893
2026-05-09 15:23:02,1,1,1,2106.7,72,-5.2,-191,2098,1,3.25,0.00,3893,1,3.25,0.00,3893
2026-05-09 15:23:02,1,1,1,2098.3,48,-7.1,-261,2082,1,0.00,0.00,0,0,0.00,0.00,0
2026-05-09 15:23:02,1,1,1,2098.3,48,-7.1,-261,2082,1,0.00,0.00,0,0,0.00,0.00,0
2026-05-09 15:23:02,1,1,1,2103.2,48,-9.1,-331,2077,1,0.00,0.00,0,0,0.00,0.00,0
2026-05-09 15:23:02,1,1,1,2121.9,0,-10.8,-399,2084,1,0.00,0.00,0,0,0.00,0.00,0
2026-05-09 15:23:02,1,1,1,2121.9,0,-10.8,-399,2084,1,0.00,0.00,0,0,0.00,0.00,0
2026-05-09 15:23:02,1,1,1,2142.8,32,-11.7,-436,2098,0,0.00,0.00,0,0,0.00,0.00,0
2026-05-09 15:23:02,1,1,1,2142.8,32,-11.7,-436,2098,0,0.00,0.00,0,0,0.00,0.00,0
2026-05-09 15:23:02,1,1,1,2165.9,39,-12.5,-467,2115,0,0.00,0.00,0,0,0.00,0.00,0
2026-05-09 15:23:02,1,1,1,2165.9,39,-12.5,-467,2115,0,0.00,0.00,0,0,0.00,0.00,0
2026-05-09 15:23:02,1,1,1,2199.2,56,-13.3,-507,2140,0,0.00,0.00,0,1,2.50,0.71,6817
2026-05-09 15:23:02,1,1,1,2250.7,0,-14.1,-548,2183,0,0.00,0.00,0,1,2.50,0.71,6817
2026-05-09 15:23:02,1,1,1,2250.7,0,-14.1,-548,2183,1,2.57,0.71,6817,1,2.57,0.71,6817
2026-05-09 15:23:02,1,1,1,2356.5,0,-13.6,-556,2290,1,2.57,0.71,6817,1,2.57,0.71,6817
2026-05-09 15:23:03,1,1,1,2356.5,0,-13.6,-556,2290,1,2.57,0.71,6817,1,2.57,0.71,6817
2026-05-09 15:23:03,1,1,1,2481.8,0,-12.5,-537,2423,1,2.57,0.71,6817,1,2.57,0.71,6817
2026-05-09 15:23:03,1,1,1,2481.8,0,-12.5,-537,2423,1,2.57,0.71,6817,1,2.57,0.71,6817
2026-05-09 15:23:03,1,1,1,2602.5,0,-11.3,-510,2552,1,2.57,0.71,6817,1,2.57,0.71,6817
2026-05-09 15:23:03,1,1,1,2602.5,0,-11.3,-510,2552,1,2.57,0.71,6817,1,2.57,0.71,6817
2026-05-09 15:23:03,1,1,1,2690.2,8,-10.3,-480,2647,1,2.57,0.71,6817,1,2.57,0.71,6817
2026-05-09 15:23:03,1,1,1,2771.1,0,-9.8,-470,2731,1,2.57,0.71,6817,1,2.57,0.71,6817
2026-05-09 15:23:03,1,1,1,2771.1,0,-9.8,-470,2731,1,2.57,0.71,6817,1,2.57,0.71,6817
2026-05-09 15:23:03,1,1,1,2829.2,24,-9.3,-457,2792,1,2.57,0.71,6817,1,2.57,0.71,6817
2026-05-09 15:23:03,1,1,1,2829.2,24,-9.3,-457,2792,1,2.57,0.71,6817,1,2.57,0.71,6817
2026-05-09 15:23:03,1,1,1,2873.6,-8,-9.2,-457,2837,1,2.57,0.71,6817,1,2.57,0.71,6817
2026-05-09 15:23:03,1,1,1,2873.6,-8,-9.2,-457,2837,1,0.00,0.00,0,0,0.00,0.00,0
2026-05-09 15:23:03,1,1,1,2917.3,0,-9.5,-483,2877,1,0.00,0.00,0,0,0.00,0.00,0
2026-05-09 15:23:03,1,1,1,2956.7,0,-9.6,-495,2915,1,0.00,0.00,0,0,0.00,0.00,0
2026-05-09 15:23:03,1,1,1,2956.7,0,-9.6,-495,2915,1,0.00,0.00,0,0,0.00,0.00,0
2026-05-09 15:23:03,1,1,1,2982.9,0,-9.6,-498,2941,1,0.00,0.00,0,0,0.00,0.00,0
2026-05-09 15:23:03,1,1,1,2982.9,0,-9.6,-498,2941,0,0.00,0.00,0,0,0.00,0.00,0
2026-05-09 15:23:03,1,1,1,2966.8,0,-8.8,-453,2932,0,0.00,0.00,0,0,0.00,0.00,0
2026-05-09 15:23:03,1,1,1,2966.8,0,-8.8,-453,2932,0,0.00,0.00,0,0,0.00,0.00,0
2026-05-09 15:23:03,1,1,1,2940.7,0,-8.0,-410,2912,0,0.00,0.00,0,0,0.00,0.00,0
2026-05-09 15:23:04,1,1,1,2940.7,0,-8.0,-410,2912,0,0.00,0.00,0,0,0.00,0.00,0
2026-05-09 15:23:04,1,1,1,2859.6,-32,-6.0,-298,2844,0,0.00,0.00,0,0,0.00,0.00,0
2026-05-09 15:23:04,1,1,1,2770.6,-24,-3.3,-159,2766,0,0.00,0.00,0,0,0.00,0.00,0
2026-05-09 15:23:04,1,1,1,2770.6,-24,-3.3,-159,2766,0,0.00,0.00,0,0,0.00,0.00,0
2026-05-09 15:23:04,1,1,1,2692.0,-32,-0.3,-16,2692,0,0.00,0.00,0,0,0.00,0.00,0
2026-05-09 15:23:04,1,1,1,2692.0,-32,-0.3,-16,2692,0,0.00,0.00,0,0,0.00,0.00,0
2026-05-09 15:23:04,1,1,1,2609.1,-56,2.3,104,2607,0,0.00,0.00,0,0,0.00,0.00,0
2026-05-09 15:23:04,1,1,1,2609.1,-56,2.3,104,2607,0,0.00,0.00,0,0,0.00,0.00,0
2026-05-09 15:23:04,1,1,1,2526.5,-56,5.0,219,2517,0,0.00,0.00,0,0,0.00,0.00,0
2026-05-09 15:23:04,1,1,1,2483.8,-16,7.4,321,2463,0,0.00,0.00,0,0,0.00,0.00,0
2026-05-09 15:23:04,1,1,1,2483.8,-16,7.4,321,2463,0,0.00,0.00,0,0,0.00,0.00,0
2026-05-09 15:23:04,1,1,1,2455.3,8,10.1,432,2417,0,0.00,0.00,0,0,0.00,0.00,0
2026-05-09 15:23:04,1,1,1,2455.3,8,10.1,432,2417,0,0.00,0.00,0,0,0.00,0.00,0
2026-05-09 15:23:04,1,1,1,2410.0,0,13.3,556,2345,0,0.00,0.00,0,0,0.00,0.00,0
2026-05-09 15:23:04,1,1,1,2410.0,0,13.3,556,2345,0,0.00,0.00,0,0,0.00,0.00,0
2026-05-09 15:23:04,1,1,1,2388.3,8,15.9,654,2297,0,0.00,0.00,0,0,0.00,0.00,0
2026-05-09 15:23:04,1,1,1,2388.3,8,15.9,654,2297,0,0.00,0.00,0,0,0.00,0.00,0
2026-05-09 15:23:04,1,1,1,2385.5,0,17.7,724,2273,0,0.00,0.00,0,0,0.00,0.00,0
2026-05-09 15:23:04,1,1,1,2360.4,0,18.9,765,2233,0,0.00,0.00,0,0,0.00,0.00,0
2026-05-09 15:23:04,1,1,1,2360.4,0,18.9,765,2233,0,0.00,0.00,0,0,0.00,0.00,0
2026-05-09 15:23:05,1,1,1,2354.3,-8,20.0,806,2212,0,0.00,0.00,0,0,0.00,0.00,0
2026-05-09 15:23:05,1,1,1,2354.3,-8,20.0,806,2212,0,0.00,0.00,0,0,0.00,0.00,0
2026-05-09 15:23:05,1,1,1,2336.6,-8,21.1,841,2180,0,0.00,0.00,0,0,0.00,0.00,0
2026-05-09 15:23:05,1,1,1,2336.6,-8,21.1,841,2180,0,0.00,0.00,0,0,0.00,0.00,0
2026-05-09 15:23:05,1,1,1,2325.6,-39,22.5,889,2149,0,0.00,0.00,0,0,0.00,0.00,0
2026-05-09 15:23:05,1,1,1,2315.6,-64,23.8,936,2118,0,0.00,0.00,0,0,0.00,0.00,0
2026-05-09 15:23:05,1,1,1,2315.6,-64,23.8,936,2118,0,0.00,0.00,0,0,0.00,0.00,0
2026-05-09 15:23:05,1,1,1,2296.0,-64,24.9,968,2082,0,0.00,0.00,0,0,0.00,0.00,0
2026-05-09 15:23:05,1,1,1,2296.0,-64,24.9,968,2082,0,0.00,0.00,0,0,0.00,0.00,0
2026-05-09 15:23:05,1,1,1,2266.7,-48,25.7,984,2042,0,0.00,0.00,0,0,0.00,0.00,0
2026-05-09 15:23:05,1,1,1,2266.7,-48,25.7,984,2042,0,0.00,0.00,0,0,0.00,0.00,0
2026-05-09 15:23:05,1,1,1,2241.1,-39,26.1,987,2012,0,0.00,0.00,0,0,0.00,0.00,0
2026-05-09 15:23:05,1,1,1,2241.1,-39,26.1,987,2012,0,0.00,0.00,0,0,0.00,0.00,0
2026-05-09 15:23:05,1,1,1,2216.4,-79,26.8,1000,1978,0,0.00,0.00,0,0,0.00,0.00,0
2026-05-09 15:23:05,1,1,1,2185.2,-48,27.1,996,1945,0,0.00,0.00,0,0,0.00,0.00,0
2026-05-09 15:23:05,1,1,1,2185.2,-48,27.1,996,1945,0,0.00,0.00,0,0,0.00,0.00,0
2026-05-09 15:23:05,1,1,1,2146.2,-48,26.9,971,1914,0,0.00,0.00,0,0,0.00,0.00,0
2026-05-09 15:23:05,1,1,1,2146.2,-48,26.9,971,1914,0,0.00,0.00,0,0,0.00,0.00,0
2026-05-09 15:23:05,1,1,1,2103.7,-64,26.7,944,1880,0,0.00,0.00,0,0,0.00,0.00,0
2026-05-09 15:23:05,1,1,1,2103.7,-64,26.7,944,1880,0,0.00,0.00,0,0,0.00,0.00,0
2026-05-09 15:23:06,1,1,1,2053.6,-88,26.8,926,1833,0,0.00,0.00,0,0,0.00,0.00,0
2026-05-09 15:23:06,1,1,1,2053.6,-88,26.8,926,1833,0,0.00,0.00,0,0,0.00,0.00,0
2026-05-09 15:23:06,1,1,1,2003.1,-56,26.3,889,1795,0,0.00,0.00,0,0,0.00,0.00,0
2026-05-09 15:23:06,1,1,1,1953.3,-39,25.0,824,1771,0,0.00,0.00,0,0,0.00,0.00,0
2026-05-09 15:23:06,1,1,1,1953.3,-39,25.0,824,1771,0,0.00,0.00,0,0,0.00,0.00,0
2026-05-09 15:23:06,1,1,1,1902.8,-32,23.3,754,1747,0,0.00,0.00,0,0,0.00,0.00,0
2026-05-09 15:23:06,1,1,1,1902.8,-32,23.3,754,1747,0,0.00,0.00,0,0,0.00,0.00,0
2026-05-09 15:23:06,1,1,1,1862.4,-24,21.5,682,1733,0,0.00,0.00,0,0,0.00,0.00,0
2026-05-09 15:23:06,1,1,1,1862.4,-24,21.5,682,1733,0,0.00,0.00,0,0,0.00,0.00,0
2026-05-09 15:23:06,1,1,1,1810.8,-8,19.6,607,1706,0,0.00,0.00,0,0,0.00,0.00,0
2026-05-09 15:23:06,1,1,1,1759.6,16,17.8,539,1675,0,0.00,0.00,0,0,0.00,0.00,0
2026-05-09 15:23:06,1,1,1,1759.6,16,17.8,539,1675,0,0.00,0.00,0,0,0.00,0.00,0
2026-05-09 15:23:06,1,1,1,1720.2,32,15.8,469,1655,0,0.00,0.00,0,1,1.74,0.29,60282
2026-05-09 15:23:06,1,1,1,1720.2,32,15.8,469,1655,0,0.00,0.00,0,1,1.74,0.29,60282
2026-05-09 15:23:06,1,1,1,1685.7,32,13.7,398,1638,1,2.49,0.18,6290,1,2.49,0.18,6290
2026-05-09 15:23:06,1,1,1,1685.7,32,13.7,398,1638,1,2.49,0.18,6290,1,2.49,0.18,6290
2026-05-09 15:23:06,1,1,1,1656.2,32,11.5,330,1623,1,2.27,0.20,28744,1,2.27,0.20,28744
2026-05-09 15:23:06,1,1,1,1656.2,32,11.5,330,1623,1,2.27,0.20,28744,1,2.27,0.20,28744
2026-05-09 15:23:06,1,1,1,1646.2,32,8.5,244,1628,1,2.29,0.20,28744,1,2.29,0.20,28744
2026-05-09 15:23:06,1,1,1,1652.8,32,5.2,150,1646,1,2.29,0.20,28744,1,2.29,0.20,28744
2026-05-09 15:23:07,1,1,1,1652.8,32,5.2,150,1646,1,2.29,0.20,28744,1,2.29,0.20,28744
2026-05-09 15:23:07,1,1,1,1670.2,32,2.1,62,1669,1,2.29,0.20,28744,1,2.29,0.20,28744
2026-05-09 15:23:07,1,1,1,1670.2,32,2.1,62,1669,1,2.29,0.20,28744,1,2.29,0.20,28744
2026-05-09 15:23:07,1,1,1,1686.1,32,-0.7,-21,1686,1,2.29,0.20,28744,1,2.29,0.20,28744
2026-05-09 15:23:07,1,1,1,1686.1,32,-0.7,-21,1686,1,2.29,0.20,28744,1,2.29,0.20,28744
2026-05-09 15:23:07,1,1,1,1710.2,24,-3.5,-105,1707,1,2.29,0.20,28744,1,2.29,0.20,28744
2026-05-09 15:23:07,1,1,1,1729.7,24,-6.4,-192,1719,1,2.04,0.24,7400,1,2.04,0.24,7400
2026-05-09 15:23:07,1,1,1,1729.7,24,-6.4,-192,1719,1,2.04,0.24,7400,1,2.04,0.24,7400
2026-05-09 15:23:07,1,1,1,1748.2,32,-9.1,-278,1726,1,2.04,0.26,19457,1,2.04,0.26,19457
2026-05-09 15:23:07,1,1,1,1748.2,32,-9.1,-278,1726,1,2.04,0.26,19457,1,2.04,0.26,19457
2026-05-09 15:23:07,1,1,1,1767.5,32,-11.8,-362,1730,1,2.04,0.25,5413,1,2.04,0.25,5413
2026-05-09 15:23:07,1,1,1,1767.5,32,-11.8,-362,1730,1,2.04,0.25,5413,1,2.04,0.25,5413
2026-05-09 15:23:07,1,1,1,1803.4,16,-14.7,-459,1744,1,2.06,0.31,3973,1,2.06,0.31,3973
2026-05-09 15:23:07,1,1,1,1803.4,16,-14.7,-459,1744,1,2.06,0.31,3973,1,2.06,0.31,3973
2026-05-09 15:23:07,1,1,1,1832.2,39,-17.0,-536,1752,1,2.09,0.31,3973,1,2.09,0.31,3973
2026-05-09 15:23:07,1,1,1,1870.6,0,-19.2,-614,1767,1,2.09,0.31,3973,1,2.09,0.31,3973
2026-05-09 15:23:07,1,1,1,1870.6,0,-19.2,-614,1767,1,2.09,0.31,3973,1,2.09,0.31,3973
2026-05-09 15:23:07,1,1,1,2014.5,0,-22.1,-759,1866,1,2.09,0.31,3973,1,2.09,0.31,3973
2026-05-09 15:23:07,1,1,1,2014.5,0,-22.1,-759,1866,1,2.09,0.31,3973,1,2.09,0.31,3973
2026-05-09 15:23:07,1,1,1,2150.4,32,-24.4,-889,1958,1,2.09,0.31,3973,1,2.09,0.31,3973
2026-05-09 15:23:08,1,1,1,2150.4,32,-24.4,-889,1958,1,2.09,0.31,3973,1,2.09,0.31,3973
2026-05-09 15:23:08,1,1,1,2177.1,72,-24.8,-914,1976,1,2.09,0.31,3973,1,2.09,0.31,3973
2026-05-09 15:23:08,1,1,1,2192.7,64,-24.9,-923,1989,1,2.09,0.31,3973,1,2.09,0.31,3973
2026-05-09 15:23:08,1,1,1,2192.7,64,-24.9,-923,1989,1,2.09,0.31,3973,1,2.09,0.31,3973
2026-05-09 15:23:08,1,1,1,2193.2,8,-25.3,-937,1983,1,2.09,0.31,3973,1,2.09,0.31,3973
2026-05-09 15:23:08,1,1,1,2193.2,8,-25.3,-937,1983,1,2.09,0.31,3973,1,2.09,0.31,3973
2026-05-09 15:23:08,1,1,1,2200.0,0,-25.9,-961,1979,1,2.09,0.31,3973,1,2.09,0.31,3973
2026-05-09 15:23:08,1,1,1,2200.0,0,-25.9,-961,1979,1,0.00,0.00,0,0,0.00,0.00,0
2026-05-09 15:23:08,1,1,1,2233.8,0,-26.6,-999,1998,1,0.00,0.00,0,0,0.00,0.00,0
2026-05-09 15:23:08,1,1,1,2233.8,0,-26.6,-999,1998,1,0.00,0.00,0,0,0.00,0.00,0
2026-05-09 15:23:08,1,1,1,2251.3,-8,-27.0,-1022,2006,1,0.00,0.00,0,0,0.00,0.00,0
2026-05-09 15:23:08,1,1,1,2286.9,0,-27.5,-1055,2029,1,0.00,0.00,0,0,0.00,0.00,0
2026-05-09 15:23:08,1,1,1,2286.9,0,-27.5,-1055,2029,0,0.00,0.00,0,0,0.00,0.00,0
2026-05-09 15:23:08,1,1,1,2439.4,0,-28.4,-1160,2146,0,0.00,0.00,0,0,0.00,0.00,0
2026-05-09 15:23:08,1,1,1,2439.4,0,-28.4,-1160,2146,0,0.00,0.00,0,0,0.00,0.00,0
2026-05-09 15:23:08,1,1,1,2594.4,0,-29.0,-1258,2269,0,0.00,0.00,0,0,0.00,0.00,0
2026-05-09 15:23:08,1,1,1,2594.4,0,-29.0,-1258,2269,0,0.00,0.00,0,0,0.00,0.00,0
2026-05-09 15:23:08,1,1,1,2728.3,0,-29.2,-1332,2381,0,0.00,0.00,0,0,0.00,0.00,0
2026-05-09 15:23:08,1,1,1,2825.0,-32,-29.2,-1380,2465,0,0.00,0.00,0,0,0.00,0.00,0
2026-05-09 15:23:08,1,1,1,2825.0,-32,-29.2,-1380,2465,0,0.00,0.00,0,0,0.00,0.00,0
2026-05-09 15:23:09,1,1,1,2793.9,-32,-28.1,-1317,2464,0,0.00,0.00,0,1,2.24,-0.37,15370
2026-05-09 15:23:09,1,1,1,2793.9,-32,-28.1,-1317,2464,0,0.00,0.00,0,1,2.24,-0.37,15370
2026-05-09 15:23:09,1,1,1,2673.9,-32,-26.2,-1181,2399,1,2.21,-0.37,15370,1,2.21,-0.37,15370
2026-05-09 15:23:09,1,1,1,2673.9,-32,-26.2,-1181,2399,1,2.21,-0.37,15370,1,2.21,-0.37,15370
2026-05-09 15:23:09,1,1,1,2553.7,0,-24.1,-1043,2331,1,2.21,-0.37,15370,1,2.21,-0.37,15370
2026-05-09 15:23:09,1,1,1,2553.7,0,-24.1,-1043,2331,1,2.21,-0.37,15370,1,2.21,-0.37,15370
2026-05-09 15:23:09,1,1,1,2596.2,0,-21.2,-940,2420,1,2.21,-0.37,15370,1,2.21,-0.37,15370
2026-05-09 15:23:09,1,1,1,2671.2,0,-18.4,-845,2534,1,2.21,-0.37,15370,1,2.21,-0.37,15370
2026-05-09 15:23:09,1,1,1,2671.2,0,-18.4,-845,2534,1,2.21,-0.37,15370,1,2.21,-0.37,15370
2026-05-09 15:23:09,1,1,1,2760.2,0,-16.4,-779,2648,1,2.21,-0.37,15370,1,2.21,-0.37,15370
2026-05-09 15:23:09,1,1,1,2760.2,0,-16.4,-779,2648,1,2.21,-0.37,15370,1,2.21,-0.37,15370
2026-05-09 15:23:09,1,1,1,2858.0,0,-15.0,-742,2760,1,2.21,-0.37,15370,1,2.21,-0.37,15370
2026-05-09 15:23:09,1,1,1,2858.0,0,-15.0,-742,2760,1,2.21,-0.37,15370,1,2.21,-0.37,15370
2026-05-09 15:23:09,1,1,1,2930.3,0,-13.9,-702,2845,1,2.21,-0.37,15370,1,2.21,-0.37,15370
2026-05-09 15:23:09,1,1,1,2990.9,16,-12.8,-665,2916,1,2.29,0.03,9565,1,2.29,0.03,9565
2026-05-09 15:23:09,1,1,1,2990.9,16,-12.8,-665,2916,1,2.29,0.03,9565,1,2.29,0.03,9565
2026-05-09 15:23:09,1,1,1,2852.8,16,-10.3,-509,2807,1,2.29,0.03,9565,1,2.29,0.03,9565
2026-05-09 15:23:09,1,1,1,2852.8,16,-10.3,-509,2807,1,2.29,0.03,9565,1,2.29,0.03,9565
2026-05-09 15:23:09,1,1,1,2682.8,8,-7.5,-349,2660,1,2.29,0.03,9565,1,2.29,0.03,9565
2026-05-09 15:23:09,1,1,1,2682.8,8,-7.5,-349,2660,1,2.29,0.03,9565,1,2.29,0.03,9565
2026-05-09 15:23:10,1,1,1,2529.7,-8,-3.9,-170,2524,1,2.29,0.03,9565,1,2.29,0.03,9565
2026-05-09 15:23:10,1,1,1,2529.7,-8,-3.9,-170,2524,1,2.29,0.03,9565,1,2.29,0.03,9565
2026-05-09 15:23:10,1,1,1,2398.1,8,-0.6,-25,2398,1,2.29,0.03,9565,1,2.29,0.03,9565
2026-05-09 15:23:10,1,1,1,2294.7,-8,2.2,89,2293,1,2.29,0.03,9565,1,2.29,0.03,9565
2026-05-09 15:23:10,1,1,1,2294.7,-8,2.2,89,2293,1,2.29,0.03,9565,1,2.29,0.03,9565
2026-05-09 15:23:10,1,1,1,2225.7,-8,4.5,173,2219,1,2.29,0.03,9565,1,2.29,0.03,9565
2026-05-09 15:23:10,1,1,1,2225.7,-8,4.5,173,2219,1,2.29,0.03,9565,1,2.29,0.03,9565
2026-05-09 15:23:10,1,1,1,2171.1,8,7.0,264,2155,1,2.29,0.03,9565,1,2.29,0.03,9565
2026-05-09 15:23:10,1,1,1,2171.1,8,7.0,264,2155,1,2.29,0.03,9565,1,2.29,0.03,9565
2026-05-09 15:23:10,1,1,1,2140.3,8,9.7,359,2110,1,0.00,0.00,0,0,0.00,0.00,0
2026-05-09 15:23:10,1,1,1,2140.3,8,9.7,359,2110,1,0.00,0.00,0,0,0.00,0.00,0
2026-05-09 15:23:10,1,1,1,2136.4,16,12.2,452,2088,1,0.00,0.00,0,0,0.00,0.00,0
2026-05-09 15:23:10,1,1,1,2124.3,32,14.7,538,2055,1,0.00,0.00,0,0,0.00,0.00,0
2026-05-09 15:23:10,1,1,1,2124.3,32,14.7,538,2055,1,0.00,0.00,0,0,0.00,0.00,0
2026-05-09 15:23:10,1,1,1,2112.8,56,16.7,606,2024,0,0.00,0.00,0,0,0.00,0.00,0
2026-05-09 15:23:10,1,1,1,2112.8,56,16.7,606,2024,0,0.00,0.00,0,0,0.00,0.00,0
2026-05-09 15:23:10,1,1,1,2103.0,24,19.0,683,1989,0,0.00,0.00,0,0,0.00,0.00,0
2026-05-09 15:23:10,1,1,1,2103.0,24,19.0,683,1989,0,0.00,0.00,0,0,0.00,0.00,0
2026-05-09 15:23:10,1,1,1,2084.1,8,21.8,774,1935,0,0.00,0.00,0,0,0.00,0.00,0
2026-05-09 15:23:10,1,1,1,2077.0,24,24.1,848,1896,0,0.00,0.00,0,0,0.00,0.00,0
2026-05-09 15:23:11,1,1,1,2077.0,24,24.1,848,1896,0,0.00,0.00,0,0,0.00,0.00,0
2026-05-09 15:23:11,1,1,1,2067.5,-16,26.3,915,1854,0,0.00,0.00,0,0,0.00,0.00,0
2026-05-09 15:23:11,1,1,1,2067.5,-16,26.3,915,1854,0,0.00,0.00,0,0,0.00,0.00,0
2026-05-09 15:23:11,1,1,1,2073.2,8,27.7,963,1836,0,0.00,0.00,0,0,0.00,0.00,0
2026-05-09 15:23:11,1,1,1,2073.2,8,27.7,963,1836,0,0.00,0.00,0,0,0.00,0.00,0
2026-05-09 15:23:11,1,1,1,2079.6,0,28.6,997,1825,0,0.00,0.00,0,0,0.00,0.00,0
2026-05-09 15:23:11,1,1,1,2079.6,0,28.6,997,1825,0,0.00,0.00,0,0,0.00,0.00,0
2026-05-09 15:23:11,1,1,1,2079.8,-48,29.6,1028,1808,0,0.00,0.00,0,0,0.00,0.00,0
2026-05-09 15:23:11,1,1,1,2077.0,-16,30.4,1050,1792,0,0.00,0.00,0,0,0.00,0.00,0
2026-05-09 15:23:11,1,1,1,2077.0,-16,30.4,1050,1792,0,0.00,0.00,0,0,0.00,0.00,0
2026-05-09 15:23:11,1,1,1,2066.9,-39,30.8,1059,1775,0,0.00,0.00,0,0,0.00,0.00,0
2026-05-09 15:23:11,1,1,1,2066.9,-39,30.8,1059,1775,0,0.00,0.00,0,0,0.00,0.00,0
2026-05-09 15:23:11,1,1,1,2062.1,-16,30.9,1058,1770,0,0.00,0.00,0,0,0.00,0.00,0
2026-05-09 15:23:11,1,1,1,2062.1,-16,30.9,1058,1770,0,0.00,0.00,0,0,0.00,0.00,0
2026-05-09 15:23:11,1,1,1,2054.4,-8,30.7,1048,1767,0,0.00,0.00,0,0,0.00,0.00,0
2026-05-09 15:23:11,1,1,1,2043.1,-32,30.2,1029,1765,0,0.00,0.00,0,0,0.00,0.00,0
2026-05-09 15:23:11,1,1,1,2043.1,-32,30.2,1029,1765,0,0.00,0.00,0,1,3.24,-0.20,1220
2026-05-09 15:23:11,1,1,1,2038.0,-39,30.0,1019,1765,0,0.00,0.00,0,1,3.24,-0.20,1220
2026-05-09 15:23:11,1,1,1,2038.0,-39,30.0,1019,1765,0,0.00,0.00,0,1,3.24,-0.20,845
2026-05-09 15:23:11,1,1,1,2030.2,-48,29.7,1005,1764,0,0.00,0.00,0,1,3.24,-0.20,845
2026-05-09 15:23:12,1,1,1,2030.2,-48,29.7,1005,1764,0,0.00,0.00,0,1,3.22,-0.20,845
2026-05-09 15:23:12,1,1,1,2003.3,-32,28.5,955,1761,0,0.00,0.00,0,1,3.22,-0.20,845
2026-05-09 15:23:12,1,1,1,2003.3,-32,28.5,955,1761,0,0.00,0.00,0,1,3.22,-0.20,845
2026-05-09 15:23:12,1,1,1,1982.6,8,27.1,903,1765,0,0.00,0.00,0,1,3.22,-0.20,845
2026-05-09 15:23:12,1,1,1,1963.5,8,25.7,850,1770,0,0.00,0.00,0,1,3.22,-0.20,845
2026-05-09 15:23:12,1,1,1,1963.5,8,25.7,850,1770,0,0.00,0.00,0,1,3.22,-0.20,845
2026-05-09 15:23:12,1,1,1,1933.8,24,22.6,744,1785,0,0.00,0.00,0,1,3.22,-0.20,845
2026-05-09 15:23:12,1,1,1,1933.8,24,22.6,744,1785,0,0.00,0.00,0,1,3.22,-0.20,845
2026-05-09 15:23:12,1,1,1,1929.1,32,20.0,659,1813,0,0.00,0.00,0,1,3.22,-0.20,845
2026-05-09 15:23:12,1,1,1,1929.1,32,20.0,659,1813,0,0.00,0.00,0,1,3.22,-0.20,845
2026-05-09 15:23:12,1,1,1,1939.8,0,17.3,577,1852,0,0.00,0.00,0,1,3.25,0.00,5353
2026-05-09 15:23:12,1,1,1,2072.5,0,12.8,459,2021,0,0.00,0.00,0,1,3.25,0.00,5353
2026-05-09 15:23:12,1,1,1,2072.5,0,12.8,459,2021,1,3.25,0.00,5353,1,3.25,0.00,5353
2026-05-09 15:23:12,1,1,1,2232.1,0,8.1,313,2210,1,3.25,0.00,5353,1,3.25,0.00,5353
2026-05-09 15:23:12,1,1,1,2232.1,0,8.1,313,2210,1,3.25,0.00,5353,1,3.25,0.00,5353
2026-05-09 15:23:12,1,1,1,2384.2,0,3.8,157,2379,1,3.25,0.00,5353,1,3.25,0.00,5353
2026-05-09 15:23:12,1,1,1,2384.2,0,3.8,157,2379,1,3.25,0.00,5353,1,3.25,0.00,5353
2026-05-09 15:23:12,1,1,1,2519.0,0,0.0,1,2519,1,3.25,0.00,5353,1,3.25,0.00,5353
2026-05-09 15:23:12,1,1,1,2519.0,0,0.0,1,2519,1,3.25,0.00,5353,1,3.25,0.00,5353
2026-05-09 15:23:12,1,1,1,2638.8,0,-3.1,-142,2635,1,3.25,0.00,5353,1,3.25,0.00,5353
2026-05-09 15:23:13,1,1,1,2742.1,32,-5.8,-278,2728,1,3.25,0.00,5353,1,3.25,0.00,5353
2026-05-09 15:23:13,1,1,1,2742.1,32,-5.8,-278,2728,1,3.25,0.00,5353,1,3.25,0.00,5353
2026-05-09 15:23:13,1,1,1,2833.7,0,-7.7,-381,2808,1,3.25,0.00,5353,1,3.25,0.00,5353
2026-05-09 15:23:13,1,1,1,2833.7,0,-7.7,-381,2808,1,3.25,0.00,5353,1,3.25,0.00,5353
2026-05-09 15:23:13,1,1,1,2898.3,0,-8.2,-411,2869,1,3.25,0.00,5353,1,3.25,0.00,5353
2026-05-09 15:23:13,1,1,1,2898.3,0,-8.2,-411,2869,1,0.00,0.00,0,0,0.00,0.00,0
2026-05-09 15:23:13,1,1,1,2948.4,0,-8.5,-436,2916,1,0.00,0.00,0,0,0.00,0.00,0
2026-05-09 15:23:13,1,1,1,2977.7,24,-8.8,-453,2943,1,0.00,0.00,0,0,0.00,0.00,0
2026-05-09 15:23:13,1,1,1,2977.7,24,-8.8,-453,2943,1,2.49,0.24,2545,1,2.49,0.24,2545
2026-05-09 15:23:13,1,1,1,2885.2,24,-10.5,-525,2837,1,2.49,0.24,2545,1,2.49,0.24,2545
2026-05-09 15:23:13,1,1,1,2885.2,24,-10.5,-525,2837,1,2.50,0.25,3497,1,2.50,0.25,3497
2026-05-09 15:23:13,1,1,1,2765.7,32,-12.3,-590,2702,1,2.50,0.25,3497,1,2.50,0.25,3497
2026-05-09 15:23:13,1,1,1,2765.7,32,-12.3,-590,2702,1,2.53,0.25,3497,1,2.53,0.25,3497
2026-05-09 15:23:13,1,1,1,2671.0,24,-14.1,-649,2591,1,2.53,0.25,3497,1,2.53,0.25,3497
2026-05-09 15:23:13,1,1,1,2671.0,24,-14.1,-649,2591,1,2.53,0.25,3497,1,2.53,0.25,3497
2026-05-09 15:23:13,1,1,1,2606.8,0,-15.8,-711,2508,1,2.53,0.25,3497,1,2.53,0.25,3497
2026-05-09 15:23:13,1,1,1,2595.7,0,-18.0,-801,2469,1,2.53,0.25,3497,1,2.53,0.25,3497
2026-05-09 15:23:13,1,1,1,2595.7,0,-18.0,-801,2469,1,2.53,0.25,3497,1,2.53,0.25,3497
2026-05-09 15:23:13,1,1,1,2677.4,0,-21.0,-961,2499,1,2.53,0.25,3497,1,2.53,0.25,3497
2026-05-09 15:23:13,1,1,1,2677.4,0,-21.0,-961,2499,1,2.53,0.25,3497,1,2.53,0.25,3497
2026-05-09 15:23:14,1,1,1,2751.9,0,-23.7,-1108,2519,1,2.49,-0.23,17573,1,2.49,-0.23,17573
2026-05-09 15:23:14,1,1,1,2751.9,0,-23.7,-1108,2519,1,2.49,-0.23,17573,1,2.49,-0.23,17573
2026-05-09 15:23:14,1,1,1,2837.4,0,-25.8,-1234,2555,1,2.47,-0.23,17573,1,2.47,-0.23,17573
2026-05-09 15:23:14,1,1,1,2921.5,-16,-27.4,-1344,2594,1,2.47,-0.23,17573,1,2.47,-0.23,17573
2026-05-09 15:23:14,1,1,1,2921.5,-16,-27.4,-1344,2594,1,2.47,-0.23,17573,1,2.47,-0.23,17573
2026-05-09 15:23:14,1,1,1,2858.4,-32,-27.8,-1334,2528,1,2.47,-0.23,17573,1,2.47,-0.23,17573
2026-05-09 15:23:14,1,1,1,2858.4,-32,-27.8,-1334,2528,1,2.47,-0.23,17573,1,2.47,-0.23,17573
2026-05-09 15:23:14,1,1,1,2756.4,-16,-27.8,-1286,2438,1,2.47,-0.23,17573,1,2.47,-0.23,17573
2026-05-09 15:23:14,1,1,1,2756.4,-16,-27.8,-1286,2438,1,2.47,-0.23,17573,1,2.47,-0.23,17573
2026-05-09 15:23:14,1,1,1,2645.8,-39,-28.1,-1246,2334,1,2.47,-0.23,17573,1,2.47,-0.23,17573
2026-05-09 15:23:14,1,1,1,2645.8,-39,-28.1,-1246,2334,1,2.47,-0.23,17573,1,2.47,-0.23,17573
2026-05-09 15:23:14,1,1,1,2544.6,-56,-28.4,-1209,2239,1,2.47,-0.23,17573,1,2.47,-0.23,17573
2026-05-09 15:23:14,1,1,1,2460.3,-32,-28.3,-1165,2167,1,2.47,-0.23,17573,1,2.47,-0.23,17573
2026-05-09 15:23:14,1,1,1,2460.3,-32,-28.3,-1165,2167,1,2.47,-0.23,17573,1,2.47,-0.23,17573
2026-05-09 15:23:14,1,1,1,2405.0,-32,-27.5,-1111,2133,1,2.47,-0.23,17573,1,2.47,-0.23,17573
2026-05-09 15:23:14,1,1,1,2405.0,-32,-27.5,-1111,2133,1,0.00,0.00,0,0,0.00,0.00,0
2026-05-09 15:23:14,1,1,1,2344.7,-48,-26.6,-1051,2096,1,0.00,0.00,0,0,0.00,0.00,0
2026-05-09 15:23:14,1,1,1,2344.7,-48,-26.6,-1051,2096,1,0.00,0.00,0,0,0.00,0.00,0
2026-05-09 15:23:14,1,1,1,2282.3,-48,-25.9,-997,2053,1,0.00,0.00,0,0,0.00,0.00,0
2026-05-09 15:23:14,1,1,1,2282.3,-48,-25.9,-997,2053,1,0.00,0.00,0,0,0.00,0.00,0
2026-05-09 15:23:15,1,1,1,2235.2,-8,-24.9,-942,2027,0,0.00,0.00,0,0,0.00,0.00,0
2026-05-09 15:23:15,1,1,1,2178.9,-32,-24.2,-892,1988,0,0.00,0.00,0,0,0.00,0.00,0
2026-05-09 15:23:15,1,1,1,2178.9,-32,-24.2,-892,1988,0,0.00,0.00,0,0,0.00,0.00,0
2026-05-09 15:23:15,1,1,1,2132.7,0,-23.3,-843,1959,0,0.00,0.00,0,0,0.00,0.00,0
2026-05-09 15:23:15,1,1,1,2132.7,0,-23.3,-843,1959,0,0.00,0.00,0,0,0.00,0.00,0
2026-05-09 15:23:15,1,1,1,2256.4,0,-22.1,-848,2091,0,0.00,0.00,0,0,0.00,0.00,0
2026-05-09 15:23:15,1,1,1,2256.4,0,-22.1,-848,2091,0,0.00,0.00,0,0,0.00,0.00,0
2026-05-09 15:23:15,1,1,1,2394.0,0,-20.6,-842,2241,0,0.00,0.00,0,0,0.00,0.00,0
2026-05-09 15:23:15,1,1,1,2528.6,0,-18.6,-808,2396,0,0.00,0.00,0,1,2.01,0.24,10205
2026-05-09 15:23:15,1,1,1,2528.6,0,-18.6,-808,2396,0,0.00,0.00,0,1,2.01,0.24,10205
2026-05-09 15:23:15,1,1,1,2644.0,0,-16.4,-748,2536,1,2.15,0.40,7573,1,2.15,0.40,7573
2026-05-09 15:23:15,1,1,1,2644.0,0,-16.4,-748,2536,1,2.15,0.40,7573,1,2.15,0.40,7573
2026-05-09 15:23:15,1,1,1,2737.9,0,-14.7,-696,2648,1,2.33,0.84,1764,1,2.33,0.84,1764
2026-05-09 15:23:15,1,1,1,2737.9,0,-14.7,-696,2648,1,2.33,0.84,1764,1,2.33,0.84,1764
2026-05-09 15:23:15,1,1,1,2827.1,0,-13.5,-660,2749,1,2.42,0.84,1764,1,2.42,0.84,1764
2026-05-09 15:23:15,1,1,1,2827.1,0,-13.5,-660,2749,1,2.42,0.84,1764,1,2.42,0.84,1764
2026-05-09 15:23:15,1,1,1,2907.4,0,-12.5,-627,2839,1,2.41,0.73,10730,1,2.41,0.73,10730
2026-05-09 15:23:15,1,1,1,2953.9,0,-11.5,-587,2895,1,2.41,0.73,10730,1,2.41,0.73,10730
2026-05-09 15:23:15,1,1,1,2953.9,0,-11.5,-587,2895,1,2.61,0.60,7681,1,2.61,0.60,7681
2026-05-09 15:23:15,1,1,1,2978.5,24,-10.5,-541,2929,1,2.61,0.60,7681,1,2.61,0.60,7681
2026-05-09 15:23:16,1,1,1,2978.5,24,-10.5,-541,2929,1,2.58,0.52,7157,1,2.58,0.52,7157
2026-05-09 15:23:16,1,1,1,3002.4,0,-10.0,-520,2957,1,2.58,0.52,7157,1,2.58,0.52,7157
2026-05-09 15:23:16,1,1,1,3002.4,0,-10.0,-520,2957,1,2.69,0.66,709,1,2.69,0.66,709
2026-05-09 15:23:16,1,1,1,3012.8,0,-9.8,-512,2969,1,2.69,0.66,709,1,2.69,0.66,709
2026-05-09 15:23:16,1,1,1,3006.4,0,-9.9,-515,2962,1,2.81,0.63,1360,1,2.81,0.63,1360
2026-05-09 15:23:16,1,1,1,3006.4,0,-9.9,-515,2962,1,2.81,0.63,1360,1,2.81,0.63,1360
2026-05-09 15:23:16,1,1,1,3020.2,0,-11.4,-595,2961,1,2.87,0.63,1360,1,2.87,0.63,1360
2026-05-09 15:23:16,1,1,1,3020.2,0,-11.4,-595,2961,0,0.00,0.00,0,1,2.87,0.63,1360
2026-05-09 15:23:16,1,1,1,3034.6,0,-13.0,-682,2957,0,0.00,0.00,0,1,2.87,0.63,1360
2026-05-09 15:23:16,1,1,1,3034.6,0,-13.0,-682,2957,0,0.00,0.00,0,1,2.87,0.63,1360
2026-05-09 15:23:16,1,1,1,3049.2,0,-14.4,-760,2953,0,0.00,0.00,0,1,2.87,0.63,1360
2026-05-09 15:23:16,1,1,1,3049.2,0,-14.4,-760,2953,0,0.00,0.00,0,1,2.87,0.63,1360
2026-05-09 15:23:16,1,1,1,3064.8,0,-15.7,-831,2950,0,0.00,0.00,0,1,2.87,0.63,1360
2026-05-09 15:23:16,1,1,1,3079.9,0,-16.9,-895,2947,0,0.00,0.00,0,1,2.87,0.63,1360
2026-05-09 15:23:16,1,1,1,3079.9,0,-16.9,-895,2947,0,0.00,0.00,0,1,2.87,0.63,1360
2026-05-09 15:23:16,1,1,1,3085.1,0,-17.3,-916,2946,0,0.00,0.00,0,1,2.87,0.63,1360
2026-05-09 15:23:16,1,1,1,3085.1,0,-17.3,-916,2946,0,0.00,0.00,0,1,2.87,0.63,1360
2026-05-09 15:23:16,1,1,1,3090.2,0,-17.6,-936,2945,0,0.00,0.00,0,1,2.87,0.63,1360
2026-05-09 15:23:16,1,1,1,3090.2,0,-17.6,-936,2945,0,0.00,0.00,0,1,2.87,0.63,1360
2026-05-09 15:23:16,1,1,1,3095.0,0,-18.0,-955,2944,0,0.00,0.00,0,0,0.00,0.00,0
2026-05-09 15:23:17,1,1,1,3100.0,0,-18.3,-974,2943,0,0.00,0.00,0,0,0.00,0.00,0
2026-05-09 15:23:17,1,1,1,3100.0,0,-18.3,-974,2943,0,0.00,0.00,0,0,0.00,0.00,0
2026-05-09 15:23:17,1,1,1,3105.7,0,-18.6,-992,2943,0,0.00,0.00,0,0,0.00,0.00,0
2026-05-09 15:23:17,1,1,1,3105.7,0,-18.6,-992,2943,0,0.00,0.00,0,0,0.00,0.00,0
2026-05-09 15:23:17,1,1,1,3110.2,0,-18.9,-1009,2942,0,0.00,0.00,0,0,0.00,0.00,0
2026-05-09 15:23:17,1,1,1,3110.2,0,-18.9,-1009,2942,0,0.00,0.00,0,0,0.00,0.00,0
2026-05-09 15:23:17,1,1,1,3114.8,0,-19.2,-1026,2941,0,0.00,0.00,0,0,0.00,0.00,0
2026-05-09 15:23:17,1,1,1,3114.8,0,-19.2,-1026,2941,0,0.00,0.00,0,0,0.00,0.00,0
2026-05-09 15:23:17,1,1,1,3119.2,0,-19.5,-1042,2940,0,0.00,0.00,0,0,0.00,0.00,0
2026-05-09 15:23:17,1,1,1,3124.6,0,-19.8,-1058,2940,0,0.00,0.00,0,0,0.00,0.00,0
2026-05-09 15:23:17,1,1,1,3124.6,0,-19.8,-1058,2940,0,0.00,0.00,0,0,0.00,0.00,0
2026-05-09 15:23:17,1,1,1,3128.7,0,-20.1,-1073,2939,0,0.00,0.00,0,0,0.00,0.00,0
2026-05-09 15:23:17,1,1,1,3128.7,0,-20.1,-1073,2939,0,0.00,0.00,0,0,0.00,0.00,0
2026-05-09 15:23:17,1,1,1,3133.0,0,-20.3,-1088,2938,0,0.00,0.00,0,0,0.00,0.00,0
2026-05-09 15:23:17,1,1,1,3133.0,0,-20.3,-1088,2938,0,0.00,0.00,0,0,0.00,0.00,0
2026-05-09 15:23:17,1,1,1,3133.0,0,-20.3,-1088,2938,0,0.00,0.00,0,0,0.00,0.00,0
2026-05-09 15:23:17,1,1,1,3133.0,0,-20.3,-1088,2938,0,0.00,0.00,0,0,0.00,0.00,0
2026-05-09 15:23:17,1,1,1,3133.0,0,-20.3,-1088,2938,0,0.00,0.00,0,0,0.00,0.00,0
2026-05-09 15:23:17,1,1,1,3133.0,0,-20.3,-1088,2938,0,0.00,0.00,0,0,0.00,0.00,0
2026-05-09 15:23:17,1,1,1,3133.0,0,-20.3,-1088,2938,0,0.00,0.00,0,0,0.00,0.00,0
2026-05-09 15:23:18,1,1,1,3133.0,0,-20.3,-1088,2938,0,0.00,0.00,0,0,0.00,0.00,0
2026-05-09 15:23:18,1,1,1,3133.0,0,-20.3,-1088,2938,0,0.00,0.00,0,0,0.00,0.00,0
2026-05-09 15:23:18,1,1,1,3133.0,0,-20.3,-1088,2938,0,0.00,0.00,0,0,0.00,0.00,0
2026-05-09 15:23:18,1,1,1,3133.0,0,-20.3,-1088,2938,0,0.00,0.00,0,0,0.00,0.00,0
2026-05-09 15:23:18,1,1,1,3133.0,0,-20.3,-1088,2938,0,0.00,0.00,0,1,3.20,-0.18,2834
2026-05-09 15:23:18,1,1,1,3133.0,0,-20.3,-1088,2938,0,0.00,0.00,0,1,3.20,-0.18,2834
2026-05-09 15:23:18,1,1,1,3133.0,0,-20.3,-1088,2938,0,0.00,0.00,0,1,3.21,-0.15,2029
2026-05-09 15:23:18,1,1,1,3133.0,0,-20.3,-1088,2938,0,0.00,0.00,0,1,3.21,-0.15,2029
2026-05-09 15:23:18,1,1,1,3133.0,0,-20.3,-1088,2938,0,0.00,0.00,0,1,3.20,-0.15,2029
2026-05-09 15:23:18,1,1,1,3133.0,0,-20.3,-1088,2938,0,0.00,0.00,0,1,3.20,-0.15,2029
2026-05-09 15:23:18,1,1,1,3133.0,0,-20.3,-1088,2938,0,0.00,0.00,0,1,3.21,-0.09,5098
2026-05-09 15:23:18,1,1,1,3133.0,0,-20.3,-1088,2938,0,0.00,0.00,0,1,3.21,-0.09,5098
2026-05-09 15:23:18,1,1,1,3133.0,0,-20.3,-1088,2938,1,3.22,-0.07,4160,1,3.22,-0.07,4160
2026-05-09 15:23:18,1,1,1,3133.0,0,-20.3,-1088,2938,1,3.22,-0.07,4160,1,3.22,-0.07,4160
2026-05-09 15:23:18,1,1,1,3131.4,0,-19.9,-1067,2944,1,3.21,-0.07,4160,1,3.21,-0.07,4160
2026-05-09 15:23:18,1,1,1,3131.4,0,-19.9,-1067,2944,1,3.21,-0.07,4160,1,3.21,-0.07,4160
2026-05-09 15:23:18,1,1,1,3129.3,0,-19.5,-1047,2949,1,3.21,-0.07,4160,1,3.21,-0.07,4160
2026-05-09 15:23:18,1,1,1,3129.3,0,-19.5,-1047,2949,1,3.21,-0.07,4160,1,3.21,-0.07,4160
2026-05-09 15:23:18,1,1,1,3126.5,0,-19.1,-1024,2954,1,3.21,-0.07,4160,1,3.21,-0.07,4160
2026-05-09 15:23:18,1,1,1,3126.5,0,-19.1,-1024,2954,1,3.21,-0.07,4160,1,3.21,-0.07,4160
2026-05-09 15:23:19,1,1,1,3120.9,24,-18.6,-998,2957,1,3.21,-0.07,4160,1,3.21,-0.07,4160
2026-05-09 15:23:19,1,1,1,3119.3,0,-18.2,-975,2963,1,3.21,-0.07,4160,1,3.21,-0.07,4160
2026-05-09 15:23:19,1,1,1,3119.3,0,-18.2,-975,2963,1,3.25,0.01,6868,1,3.25,0.01,6868
2026-05-09 15:23:19,1,1,1,3116.0,39,-17.8,-952,2967,1,3.25,0.01,6868,1,3.25,0.01,6868
2026-05-09 15:23:19,1,1,1,3116.0,39,-17.8,-952,2967,1,2.67,0.21,18000,1,2.67,0.21,18000
2026-05-09 15:23:19,1,1,1,3082.8,39,-17.8,-940,2936,1,2.67,0.21,18000,1,2.67,0.21,18000
2026-05-09 15:23:19,1,1,1,3082.8,39,-17.8,-940,2936,1,2.55,0.29,15490,1,2.55,0.29,15490
2026-05-09 15:23:19,1,1,1,2975.8,48,-17.9,-917,2831,1,2.55,0.29,15490,1,2.55,0.29,15490
2026-05-09 15:23:19,1,1,1,2975.8,48,-17.9,-917,2831,1,2.51,0.35,13949,1,2.51,0.35,13949
2026-05-09 15:23:19,1,1,1,2795.5,48,-18.7,-896,2648,1,2.51,0.35,13949,1,2.51,0.35,13949
2026-05-09 15:23:19,1,1,1,2654.8,48,-19.4,-882,2504,1,2.49,0.36,12937,1,2.49,0.36,12937
2026-05-09 15:23:19,1,1,1,2654.8,48,-19.4,-882,2504,1,2.49,0.36,12937,1,2.49,0.36,12937
2026-05-09 15:23:19,1,1,1,2548.0,0,-20.3,-886,2389,1,2.48,0.37,12458,1,2.48,0.37,12458
2026-05-09 15:23:19,1,1,1,2548.0,0,-20.3,-886,2389,1,2.48,0.37,12458,1,2.48,0.37,12458
2026-05-09 15:23:19,1,1,1,2598.1,0,-22.0,-973,2409,1,2.52,0.37,12458,1,2.52,0.37,12458
2026-05-09 15:23:19,1,1,1,2598.1,0,-22.0,-973,2409,1,2.52,0.37,12458,1,2.52,0.37,12458
2026-05-09 15:23:19,1,1,1,2705.0,0,-23.9,-1096,2473,1,2.52,0.37,12458,1,2.52,0.37,12458
2026-05-09 15:23:19,1,1,1,2795.9,0,-25.6,-1209,2521,1,2.52,0.37,12458,1,2.52,0.37,12458
2026-05-09 15:23:19,1,1,1,2795.9,0,-25.6,-1209,2521,1,2.52,0.37,12458,1,2.52,0.37,12458
2026-05-09 15:23:19,1,1,1,2881.5,24,-27.2,-1315,2564,1,2.52,0.37,12458,1,2.52,0.37,12458
2026-05-09 15:23:20,1,1,1,2881.5,24,-27.2,-1315,2564,1,2.52,0.37,12458,1,2.52,0.37,12458
2026-05-09 15:23:20,1,1,1,2809.8,24,-28.0,-1317,2482,1,2.52,0.37,12458,1,2.52,0.37,12458
2026-05-09 15:23:20,1,1,1,2809.8,24,-28.0,-1317,2482,1,2.52,0.37,12458,1,2.52,0.37,12458
2026-05-09 15:23:20,1,1,1,2714.3,24,-28.2,-1281,2393,1,2.52,0.37,12458,1,2.52,0.37,12458
2026-05-09 15:23:20,1,1,1,2714.3,24,-28.2,-1281,2393,1,2.52,0.37,12458,1,2.52,0.37,12458
2026-05-09 15:23:20,1,1,1,2615.4,32,-28.5,-1247,2299,1,2.52,0.37,12458,1,2.52,0.37,12458
2026-05-09 15:23:20,1,1,1,2535.9,48,-28.8,-1222,2222,1,2.52,0.37,12458,1,2.52,0.37,12458
2026-05-09 15:23:20,1,1,1,2535.9,48,-28.8,-1222,2222,1,0.00,0.00,0,0,0.00,0.00,0
2026-05-09 15:23:20,1,1,1,2479.6,56,-29.1,-1207,2166,1,0.00,0.00,0,0,0.00,0.00,0
2026-05-09 15:23:20,1,1,1,2479.6,56,-29.1,-1207,2166,1,0.00,0.00,0,0,0.00,0.00,0
2026-05-09 15:23:20,1,1,1,2444.4,39,-29.4,-1201,2129,1,0.00,0.00,0,0,0.00,0.00,0
2026-05-09 15:23:20,1,1,1,2444.4,39,-29.4,-1201,2129,1,0.00,0.00,0,0,0.00,0.00,0
2026-05-09 15:23:20,1,1,1,2442.1,16,-30.0,-1221,2115,0,0.00,0.00,0,0,0.00,0.00,0
2026-05-09 15:23:20,1,1,1,2450.3,0,-30.4,-1239,2114,0,0.00,0.00,0,0,0.00,0.00,0
2026-05-09 15:23:20,1,1,1,2450.3,0,-30.4,-1239,2114,0,0.00,0.00,0,0,0.00,0.00,0
2026-05-09 15:23:20,1,1,1,2467.2,-8,-30.6,-1257,2123,0,0.00,0.00,0,0,0.00,0.00,0
2026-05-09 15:23:20,1,1,1,2467.2,-8,-30.6,-1257,2123,0,0.00,0.00,0,0,0.00,0.00,0
2026-05-09 15:23:20,1,1,1,2474.7,-8,-30.9,-1270,2124,0,0.00,0.00,0,0,0.00,0.00,0
2026-05-09 15:23:20,1,1,1,2474.7,-8,-30.9,-1270,2124,0,0.00,0.00,0,0,0.00,0.00,0
2026-05-09 15:23:20,1,1,1,2478.7,8,-31.0,-1276,2125,0,0.00,0.00,0,0,0.00,0.00,0
2026-05-09 15:23:21,1,1,1,2478.7,8,-31.0,-1276,2125,0,0.00,0.00,0,0,0.00,0.00,0
2026-05-09 15:23:21,1,1,1,2490.7,0,-31.1,-1286,2133,0,0.00,0.00,0,0,0.00,0.00,0
2026-05-09 15:23:21,1,1,1,2495.3,-39,-31.3,-1295,2133,0,0.00,0.00,0,0,0.00,0.00,0
2026-05-09 15:23:21,1,1,1,2495.3,-39,-31.3,-1295,2133,0,0.00,0.00,0,0,0.00,0.00,0
2026-05-09 15:23:21,1,1,1,2480.3,-24,-31.4,-1294,2116,0,0.00,0.00,0,1,2.49,-0.20,3560
2026-05-09 15:23:21,1,1,1,2480.3,-24,-31.4,-1294,2116,0,0.00,0.00,0,1,2.49,-0.20,3560
2026-05-09 15:23:21,1,1,1,2453.5,-8,-31.4,-1277,2095,1,2.47,-0.20,3560,1,2.47,-0.20,3560
2026-05-09 15:23:21,1,1,1,2453.5,-8,-31.4,-1277,2095,1,2.47,-0.20,3560,1,2.47,-0.20,3560
2026-05-09 15:23:21,1,1,1,2424.3,0,-31.2,-1257,2073,1,2.47,-0.20,3560,1,2.47,-0.20,3560
2026-05-09 15:23:21,1,1,1,2485.8,0,-31.5,-1298,2120,1,2.47,-0.20,3560,1,2.47,-0.20,3560
2026-05-09 15:23:21,1,1,1,2485.8,0,-31.5,-1298,2120,1,2.47,-0.20,3560,1,2.47,-0.20,3560
2026-05-09 15:23:21,1,1,1,2554.1,0,-31.8,-1347,2170,1,2.47,-0.20,3560,1,2.47,-0.20,3560
2026-05-09 15:23:21,1,1,1,2554.1,0,-31.8,-1347,2170,1,2.47,-0.20,3560,1,2.47,-0.20,3560
2026-05-09 15:23:21,1,1,1,2693.7,-24,-32.5,-1447,2272,1,2.47,-0.20,3560,1,2.47,-0.20,3560
2026-05-09 15:23:21,1,1,1,2693.7,-24,-32.5,-1447,2272,1,2.47,-0.20,3560,1,2.47,-0.20,3560
2026-05-09 15:23:21,1,1,1,2656.2,-16,-31.1,-1371,2275,1,2.47,-0.20,3560,1,2.47,-0.20,3560
2026-05-09 15:23:21,1,1,1,2656.2,-16,-31.1,-1371,2275,1,2.47,-0.20,3560,1,2.47,-0.20,3560
2026-05-09 15:23:21,1,1,1,2618.9,-8,-29.9,-1306,2270,1,2.47,-0.20,3560,1,2.47,-0.20,3560
2026-05-09 15:23:21,1,1,1,2546.2,0,-27.4,-1171,2261,1,2.47,-0.20,3560,1,2.47,-0.20,3560
2026-05-09 15:23:21,1,1,1,2546.2,0,-27.4,-1171,2261,1,0.00,0.00,0,0,0.00,0.00,0
2026-05-09 15:23:22,1,1,1,2442.3,8,-25.0,-1031,2214,1,0.00,0.00,0,0,0.00,0.00,0
2026-05-09 15:23:22,1,1,1,2442.3,8,-25.0,-1031,2214,1,0.00,0.00,0,0,0.00,0.00,0
2026-05-09 15:23:22,1,1,1,2347.1,0,-22.3,-892,2171,1,0.00,0.00,0,0,0.00,0.00,0
2026-05-09 15:23:22,1,1,1,2347.1,0,-22.3,-892,2171,1,0.00,0.00,0,0,0.00,0.00,0
2026-05-09 15:23:22,1,1,1,2425.7,0,-19.3,-800,2290,0,0.00,0.00,0,0,0.00,0.00,0
2026-05-09 15:23:22,1,1,1,2533.8,0,-16.3,-711,2432,0,0.00,0.00,0,0,0.00,0.00,0
2026-05-09 15:23:22,1,1,1,2533.8,0,-16.3,-711,2432,0,0.00,0.00,0,0,0.00,0.00,0
2026-05-09 15:23:22,1,1,1,2646.1,0,-14.2,-650,2565,0,0.00,0.00,0,0,0.00,0.00,0
2026-05-09 15:23:22,1,1,1,2646.1,0,-14.2,-650,2565,0,0.00,0.00,0,0,0.00,0.00,0
2026-05-09 15:23:22,1,1,1,2768.7,-8,-12.6,-604,2702,0,0.00,0.00,0,0,0.00,0.00,0
2026-05-09 15:23:22,1,1,1,2768.7,-8,-12.6,-604,2702,0,0.00,0.00,0,0,0.00,0.00,0
2026-05-09 15:23:22,1,1,1,2861.5,0,-11.5,-571,2804,0,0.00,0.00,0,0,0.00,0.00,0
2026-05-09 15:23:22,1,1,1,2861.5,0,-11.5,-571,2804,0,0.00,0.00,0,0,0.00,0.00,0
2026-05-09 15:23:22,1,1,1,2918.6,0,-10.6,-536,2869,0,0.00,0.00,0,0,0.00,0.00,0
2026-05-09 15:23:22,1,1,1,2961.7,0,-9.3,-477,2923,0,0.00,0.00,0,1,3.25,0.03,8010
2026-05-09 15:23:22,1,1,1,2961.7,0,-9.3,-477,2923,0,0.00,0.00,0,1,3.25,0.03,8010
2026-05-09 15:23:22,1,1,1,2985.2,8,-7.9,-409,2957,1,3.25,0.03,8010,1,3.25,0.03,8010
2026-05-09 15:23:22,1,1,1,2985.2,8,-7.9,-409,2957,1,3.25,0.03,8010,1,3.25,0.03,8010
2026-05-09 15:23:22,1,1,1,2987.7,-24,-6.4,-334,2969,1,3.25,0.03,8010,1,3.25,0.03,8010
2026-05-09 15:23:22,1,1,1,2987.7,-24,-6.4,-334,2969,1,3.25,0.03,8010,1,3.25,0.03,8010
2026-05-09 15:23:23,1,1,1,2869.8,-8,-4.5,-225,2861,1,3.25,0.03,8010,1,3.25,0.03,8010
2026-05-09 15:23:23,1,1,1,2869.8,-8,-4.5,-225,2861,1,3.25,0.03,8010,1,3.25,0.03,8010
2026-05-09 15:23:23,1,1,1,2753.6,0,-2.5,-120,2751,1,3.25,0.03,8010,1,3.25,0.03,8010
2026-05-09 15:23:23,1,1,1,2630.0,16,-0.3,-15,2630,1,3.25,0.03,8010,1,3.25,0.03,8010
2026-05-09 15:23:23,1,1,1,2630.0,16,-0.3,-15,2630,1,3.25,0.03,8010,1,3.25,0.03,8010
2026-05-09 15:23:23,1,1,1,2522.1,8,2.3,103,2520,1,3.25,0.03,8010,1,3.25,0.03,8010
2026-05-09 15:23:23,1,1,1,2522.1,8,2.3,103,2520,1,3.25,0.03,8010,1,3.25,0.03,8010
2026-05-09 15:23:33,1,1,1,2866.7,32,-32.6,-1543,2416,0,0.00,0.00,0,1,2.53,0.33,1906
2026-05-09 15:23:33,1,1,1,2794.6,24,-32.5,-1503,2356,0,0.00,0.00,0,1,2.53,0.29,3112
2026-05-09 15:23:33,1,1,1,2794.6,24,-32.5,-1503,2356,0,0.00,0.00,0,1,2.53,0.29,3112
2026-05-09 15:23:33,1,1,1,2724.0,24,-32.4,-1461,2299,1,2.56,0.29,3112,1,2.56,0.29,3112
2026-05-09 15:23:33,1,1,1,2724.0,24,-32.4,-1461,2299,1,2.56,0.29,3112,1,2.56,0.29,3112
2026-05-09 15:23:33,1,1,1,2666.9,16,-32.3,-1427,2253,1,2.56,0.29,3112,1,2.56,0.29,3112
2026-05-09 15:23:33,1,1,1,2632.5,-8,-32.1,-1399,2230,1,2.56,0.29,3112,1,2.56,0.29,3112
2026-05-09 15:23:33,1,1,1,2632.5,-8,-32.1,-1399,2230,1,2.56,0.29,3112,1,2.56,0.29,3112
2026-05-09 15:23:33,1,1,1,2602.4,-16,-32.2,-1387,2202,1,2.56,0.29,3112,1,2.56,0.29,3112
2026-05-09 15:23:33,1,1,1,2602.4,-16,-32.2,-1387,2202,1,2.56,0.29,3112,1,2.56,0.29,3112
2026-05-09 15:23:33,1,1,1,2584.1,-8,-32.4,-1386,2181,1,2.56,0.29,3112,1,2.56,0.29,3112
2026-05-09 15:23:33,1,1,1,2584.1,-8,-32.4,-1386,2181,1,2.56,0.29,3112,1,2.56,0.29,3112
2026-05-09 15:23:33,1,1,1,2571.3,-24,-32.6,-1384,2167,1,2.56,0.29,3112,1,2.56,0.29,3112
2026-05-09 15:23:34,1,1,1,2557.8,-24,-32.7,-1381,2153,1,2.56,0.29,3112,1,2.56,0.29,3112
2026-05-09 15:23:34,1,1,1,2557.8,-24,-32.7,-1381,2153,1,2.56,0.29,3112,1,2.56,0.29,3112
2026-05-09 15:23:34,1,1,1,2539.8,-56,-32.8,-1374,2136,1,2.56,0.29,3112,1,2.56,0.29,3112
2026-05-09 15:23:34,1,1,1,2539.8,-56,-32.8,-1374,2136,1,0.00,0.00,0,0,0.00,0.00,0
2026-05-09 15:23:34,1,1,1,2514.7,-24,-32.6,-1354,2119,1,2.49,-0.46,22058,1,2.49,-0.46,22058
2026-05-09 15:23:34,1,1,1,2514.7,-24,-32.6,-1354,2119,1,2.49,-0.46,22058,1,2.49,-0.46,22058
2026-05-09 15:23:34,1,1,1,2473.0,0,-32.1,-1314,2095,1,2.48,-0.35,3665,1,2.48,-0.35,3665
2026-05-09 15:23:34,1,1,1,2473.0,0,-32.1,-1314,2095,1,2.48,-0.35,3665,1,2.48,-0.35,3665
2026-05-09 15:23:34,1,1,1,2433.7,-48,-31.5,-1270,2076,1,2.44,-0.35,3665,1,2.44,-0.35,3665
2026-05-09 15:23:34,1,1,1,2409.2,0,-30.7,-1231,2071,1,2.44,-0.35,3665,1,2.44,-0.35,3665
2026-05-09 15:23:34,1,1,1,2409.2,0,-30.7,-1231,2071,1,2.44,-0.35,3665,1,2.44,-0.35,3665
2026-05-09 15:23:34,1,1,1,2475.8,0,-31.1,-1277,2121,1,2.44,-0.35,3665,1,2.44,-0.35,3665
2026-05-09 15:23:34,1,1,1,2475.8,0,-31.1,-1277,2121,1,2.44,-0.35,3665,1,2.44,-0.35,3665
2026-05-09 15:23:34,1,1,1,2535.8,0,-31.0,-1307,2173,1,2.44,-0.35,3665,1,2.44,-0.35,3665
2026-05-09 15:23:34,1,1,1,2535.8,0,-31.0,-1307,2173,1,2.44,-0.35,3665,1,2.44,-0.35,3665
2026-05-09 15:23:34,1,1,1,2652.9,-24,-30.9,-1363,2276,1,2.44,-0.35,3665,1,2.44,-0.35,3665
2026-05-09 15:23:34,1,1,1,2571.0,-8,-28.9,-1244,2250,1,2.44,-0.35,3665,1,2.44,-0.35,3665
2026-05-09 15:23:34,1,1,1,2571.0,-8,-28.9,-1244,2250,1,2.44,-0.35,3665,1,2.44,-0.35,3665
2026-05-09 15:23:34,1,1,1,2501.3,8,-26.5,-1117,2238,1,2.44,-0.35,3665,1,2.44,-0.35,3665
2026-05-09 15:23:34,1,1,1,2501.3,8,-26.5,-1117,2238,1,2.44,-0.35,3665,1,2.44,-0.35,3665
2026-05-09 15:23:35,1,1,1,2451.4,0,-23.8,-989,2243,1,2.44,-0.35,3665,1,2.44,-0.35,3665
2026-05-09 15:23:35,1,1,1,2451.4,0,-23.8,-989,2243,1,0.00,0.00,0,0,0.00,0.00,0
2026-05-09 15:23:35,1,1,1,2502.5,0,-21.4,-913,2330,1,0.00,0.00,0,0,0.00,0.00,0
2026-05-09 15:23:35,1,1,1,2502.5,0,-21.4,-913,2330,1,0.00,0.00,0,0,0.00,0.00,0
2026-05-09 15:23:35,1,1,1,2588.7,0,-18.8,-833,2451,1,0.00,0.00,0,0,0.00,0.00,0
2026-05-09 15:23:35,1,1,1,2670.6,8,-16.4,-754,2562,1,0.00,0.00,0,0,0.00,0.00,0
2026-05-09 15:23:35,1,1,1,2670.6,8,-16.4,-754,2562,0,0.00,0.00,0,0,0.00,0.00,0
2026-05-09 15:23:35,1,1,1,2668.1,8,-14.7,-676,2581,0,0.00,0.00,0,0,0.00,0.00,0
2026-05-09 15:23:35,1,1,1,2668.1,8,-14.7,-676,2581,0,0.00,0.00,0,0,0.00,0.00,0
2026-05-09 15:23:35,1,1,1,2612.3,8,-13.0,-589,2545,0,0.00,0.00,0,0,0.00,0.00,0
2026-05-09 15:23:35,1,1,1,2612.3,8,-13.0,-589,2545,0,0.00,0.00,0,0,0.00,0.00,0
2026-05-09 15:23:35,1,1,1,2561.5,0,-11.4,-506,2511,0,0.00,0.00,0,0,0.00,0.00,0
2026-05-09 15:23:35,1,1,1,2642.7,0,-10.1,-462,2602,0,0.00,0.00,0,1,3.21,0.02,8080
2026-05-09 15:23:35,1,1,1,2642.7,0,-10.1,-462,2602,0,0.00,0.00,0,1,3.21,0.02,8080
2026-05-09 15:23:35,1,1,1,2734.9,0,-8.9,-423,2702,1,3.21,0.02,8080,1,3.21,0.02,8080
2026-05-09 15:23:35,1,1,1,2734.9,0,-8.9,-423,2702,1,3.21,0.02,8080,1,3.21,0.02,8080
2026-05-09 15:23:35,1,1,1,2837.7,0,-8.6,-423,2806,1,3.21,0.02,8080,1,3.21,0.02,8080
2026-05-09 15:23:35,1,1,1,2837.7,0,-8.6,-423,2806,1,3.21,0.02,8080,1,3.21,0.02,8080
2026-05-09 15:23:35,1,1,1,2942.2,0,-8.5,-434,2910,1,3.21,0.02,8080,1,3.21,0.02,8080
2026-05-09 15:23:35,1,1,1,2942.2,0,-8.5,-434,2910,1,3.21,0.02,8080,1,3.21,0.02,8080
2026-05-09 15:23:36,1,1,1,3015.4,0,-8.3,-434,2984,1,3.21,0.02,8080,1,3.21,0.02,8080
2026-05-09 15:23:36,1,1,1,3037.2,32,-7.5,-398,3011,1,3.21,0.02,8080,1,3.21,0.02,8080
2026-05-09 15:23:36,1,1,1,3037.2,32,-7.5,-398,3011,1,3.21,0.02,8080,1,3.21,0.02,8080
2026-05-09 15:23:36,1,1,1,2903.3,32,-4.3,-219,2895,1,3.21,0.02,8080,1,3.21,0.02,8080
2026-05-09 15:23:36,1,1,1,2903.3,32,-4.3,-219,2895,1,2.31,0.24,5617,1,2.31,0.24,5617
2026-05-09 15:23:36,1,1,1,2769.6,24,-1.2,-57,2769,1,2.31,0.24,5617,1,2.31,0.24,5617
2026-05-09 15:23:36,1,1,1,2769.6,24,-1.2,-57,2769,1,2.33,0.24,5617,1,2.33,0.24,5617
2026-05-09 15:23:36,1,1,1,2654.6,24,2.0,92,2653,1,2.33,0.24,5617,1,2.33,0.24,5617
2026-05-09 15:23:36,1,1,1,2654.6,24,2.0,92,2653,1,2.41,0.12,5281,1,2.41,0.12,5281
2026-05-09 15:23:36,1,1,1,2572.7,8,5.5,245,2561,1,2.41,0.12,5281,1,2.41,0.12,5281
2026-05-09 15:23:36,1,1,1,2503.1,8,8.4,367,2476,1,2.45,0.09,2196,1,2.45,0.09,2196
2026-05-09 15:23:36,1,1,1,2503.1,8,8.4,367,2476,1,2.45,0.09,2196,1,2.45,0.09,2196
2026-05-09 15:23:36,1,1,1,2441.3,0,10.8,458,2398,1,2.45,0.09,2196,1,2.45,0.09,2196
2026-05-09 15:23:36,1,1,1,2441.3,0,10.8,458,2398,1,2.45,0.09,2196,1,2.45,0.09,2196
2026-05-09 15:23:36,1,1,1,2401.0,0,12.7,529,2342,1,2.45,0.09,2196,1,2.45,0.09,2196
2026-05-09 15:23:36,1,1,1,2401.0,0,12.7,529,2342,0,0.00,0.00,0,1,2.45,0.09,2196
2026-05-09 15:23:36,1,1,1,2379.3,-16,14.8,609,2300,0,0.00,0.00,0,1,2.45,0.09,2196
2026-05-09 15:23:36,1,1,1,2358.1,-16,16.3,663,2263,0,0.00,0.00,0,1,2.45,0.09,2196
2026-05-09 15:23:36,1,1,1,2358.1,-16,16.3,663,2263,0,0.00,0.00,0,1,2.45,0.09,2196
2026-05-09 15:23:36,1,1,1,2331.0,-16,18.0,720,2217,0,0.00,0.00,0,1,2.45,0.09,2196
2026-05-09 15:23:37,1,1,1,2331.0,-16,18.0,720,2217,0,0.00,0.00,0,1,2.45,0.09,2196
2026-05-09 15:23:37,1,1,1,2313.8,-104,20.0,792,2174,0,0.00,0.00,0,1,2.45,0.09,2196
2026-05-09 15:23:37,1,1,1,2313.8,-104,20.0,792,2174,0,0.00,0.00,0,1,2.45,0.09,2196
2026-05-09 15:23:37,1,1,1,2295.6,-39,21.8,851,2132,0,0.00,0.00,0,1,2.45,0.09,2196
2026-05-09 15:23:37,1,1,1,2295.6,-39,21.8,851,2132,0,0.00,0.00,0,1,2.45,0.09,2196
2026-05-09 15:23:37,1,1,1,2270.4,-39,23.2,894,2087,0,0.00,0.00,0,0,0.00,0.00,0
2026-05-09 15:23:37,1,1,1,2238.3,-56,24.3,921,2040,0,0.00,0.00,0,0,0.00,0.00,0
2026-05-09 15:23:37,1,1,1,2238.3,-56,24.3,921,2040,0,0.00,0.00,0,0,0.00,0.00,0
2026-05-09 15:23:37,1,1,1,2206.9,-56,25.1,935,1999,0,0.00,0.00,0,0,0.00,0.00,0
2026-05-09 15:23:37,1,1,1,2206.9,-56,25.1,935,1999,0,0.00,0.00,0,0,0.00,0.00,0
2026-05-09 15:23:37,1,1,1,2170.7,-72,25.5,935,1959,0,0.00,0.00,0,0,0.00,0.00,0
2026-05-09 15:23:37,1,1,1,2170.7,-72,25.5,935,1959,0,0.00,0.00,0,0,0.00,0.00,0
2026-05-09 15:23:37,1,1,1,2134.4,-48,25.6,922,1925,0,0.00,0.00,0,0,0.00,0.00,0
2026-05-09 15:23:37,1,1,1,2093.0,-48,25.4,897,1891,0,0.00,0.00,0,0,0.00,0.00,0
2026-05-09 15:23:37,1,1,1,2093.0,-48,25.4,897,1891,0,0.00,0.00,0,0,0.00,0.00,0
2026-05-09 15:23:37,1,1,1,2054.3,-32,24.7,857,1867,0,0.00,0.00,0,0,0.00,0.00,0
2026-05-09 15:23:37,1,1,1,2054.3,-32,24.7,857,1867,0,0.00,0.00,0,0,0.00,0.00,0
2026-05-09 15:23:37,1,1,1,2037.1,0,23.6,815,1867,0,0.00,0.00,0,0,0.00,0.00,0
2026-05-09 15:23:37,1,1,1,2037.1,0,23.6,815,1867,0,0.00,0.00,0,0,0.00,0.00,0
2026-05-09 15:23:37,1,1,1,2034.5,-8,22.2,768,1884,0,0.00,0.00,0,0,0.00,0.00,0
2026-05-09 15:23:38,1,1,1,2034.5,-8,22.2,768,1884,0,0.00,0.00,0,0,0.00,0.00,0
2026-05-09 15:23:38,1,1,1,2019.0,0,21.1,726,1884,0,0.00,0.00,0,0,0.00,0.00,0
2026-05-09 15:23:38,1,1,1,1993.5,16,19.9,677,1875,0,0.00,0.00,0,0,0.00,0.00,0
2026-05-09 15:23:38,1,1,1,1993.5,16,19.9,677,1875,0,0.00,0.00,0,0,0.00,0.00,0
2026-05-09 15:23:38,1,1,1,1971.7,8,18.4,622,1871,0,0.00,0.00,0,0,0.00,0.00,0
2026-05-09 15:23:38,1,1,1,1971.7,8,18.4,622,1871,0,0.00,0.00,0,0,0.00,0.00,0
2026-05-09 15:23:38,1,1,1,1952.8,16,16.5,556,1872,0,0.00,0.00,0,1,2.04,0.22,32041
2026-05-09 15:23:38,1,1,1,1952.8,16,16.5,556,1872,0,0.00,0.00,0,1,2.04,0.22,32041
2026-05-09 15:23:38,1,1,1,1932.8,16,14.0,469,1875,1,2.16,0.27,17032,1,2.16,0.27,17032
2026-05-09 15:23:38,1,1,1,1935.5,24,11.1,374,1899,1,2.16,0.27,17032,1,2.16,0.27,17032
2026-05-09 15:23:38,1,1,1,1935.5,24,11.1,374,1899,1,2.53,0.21,3562,1,2.53,0.21,3562
2026-05-09 15:23:38,1,1,1,1969.4,0,8.1,276,1950,1,2.53,0.21,3562,1,2.53,0.21,3562
2026-05-09 15:23:38,1,1,1,1969.4,0,8.1,276,1950,1,2.55,0.21,3562,1,2.55,0.21,3562
2026-05-09 15:23:38,1,1,1,2043.8,0,4.7,167,2037,1,2.55,0.21,3562,1,2.55,0.21,3562
2026-05-09 15:23:38,1,1,1,2043.8,0,4.7,167,2037,1,2.55,0.21,3562,1,2.55,0.21,3562
2026-05-09 15:23:38,1,1,1,2216.0,0,0.4,14,2216,1,2.55,0.21,3562,1,2.55,0.21,3562
2026-05-09 15:23:38,1,1,1,2216.0,0,0.4,14,2216,1,2.55,0.21,3562,1,2.55,0.21,3562
2026-05-09 15:23:38,1,1,1,2391.1,0,-2.4,-101,2389,1,2.55,0.21,3562,1,2.55,0.21,3562
2026-05-09 15:23:38,1,1,1,2537.0,0,-4.3,-189,2530,1,2.55,0.21,3562,1,2.55,0.21,3562
2026-05-09 15:23:38,1,1,1,2537.0,0,-4.3,-189,2530,1,2.55,0.21,3562,1,2.55,0.21,3562
2026-05-09 15:23:39,1,1,1,2664.6,0,-5.3,-248,2653,1,2.12,0.30,15508,1,2.12,0.30,15508
2026-05-09 15:23:39,1,1,1,2664.6,0,-5.3,-248,2653,1,2.12,0.30,15508,1,2.12,0.30,15508
2026-05-09 15:23:39,1,1,1,2768.8,0,-5.9,-286,2754,1,2.15,0.30,15508,1,2.15,0.30,15508
2026-05-09 15:23:39,1,1,1,2768.8,0,-5.9,-286,2754,1,2.15,0.30,15508,1,2.15,0.30,15508
2026-05-09 15:23:39,1,1,1,2851.1,39,-6.3,-312,2834,1,2.15,0.30,15508,1,2.15,0.30,15508
2026-05-09 15:23:39,1,1,1,2738.3,48,-8.1,-386,2711,1,2.15,0.30,15508,1,2.15,0.30,15508
2026-05-09 15:23:39,1,1,1,2738.3,48,-8.1,-386,2711,1,2.15,0.30,15508,1,2.15,0.30,15508
2026-05-09 15:23:39,1,1,1,2619.2,48,-10.3,-468,2577,1,2.15,0.30,15508,1,2.15,0.30,15508
2026-05-09 15:23:39,1,1,1,2619.2,48,-10.3,-468,2577,1,2.15,0.30,15508,1,2.15,0.30,15508
2026-05-09 15:23:39,1,1,1,2517.7,32,-12.5,-545,2458,1,2.15,0.30,15508,1,2.15,0.30,15508
2026-05-09 15:23:39,1,1,1,2517.7,32,-12.5,-545,2458,1,2.15,0.30,15508,1,2.15,0.30,15508
2026-05-09 15:23:39,1,1,1,2434.1,0,-14.9,-627,2352,1,2.15,0.30,15508,1,2.15,0.30,15508
2026-05-09 15:23:39,1,1,1,2434.1,0,-14.9,-627,2352,1,2.15,0.30,15508,1,2.15,0.30,15508
2026-05-09 15:23:39,1,1,1,2452.8,0,-17.9,-754,2334,1,2.15,0.30,15508,1,2.15,0.30,15508
2026-05-09 15:23:39,1,1,1,2556.4,0,-21.2,-923,2384,1,2.15,0.30,15508,1,2.15,0.30,15508
2026-05-09 15:23:39,1,1,1,2556.4,0,-21.2,-923,2384,1,0.00,0.00,0,0,0.00,0.00,0
2026-05-09 15:23:39,1,1,1,2678.2,0,-23.5,-1068,2456,1,0.00,0.00,0,0,0.00,0.00,0
2026-05-09 15:23:39,1,1,1,2678.2,0,-23.5,-1068,2456,1,0.00,0.00,0,0,0.00,0.00,0
2026-05-09 15:23:39,1,1,1,2814.5,0,-25.4,-1206,2543,1,0.00,0.00,0,0,0.00,0.00,0
2026-05-09 15:23:39,1,1,1,2814.5,0,-25.4,-1206,2543,1,0.00,0.00,0,0,0.00,0.00,0
2026-05-09 15:23:40,1,1,1,2927.7,0,-27.3,-1342,2602,0,0.00,0.00,0,0,0.00,0.00,0
2026-05-09 15:23:40,1,1,1,3011.9,0,-28.5,-1437,2647,0,0.00,0.00,0,0,0.00,0.00,0
2026-05-09 15:23:40,1,1,1,3011.9,0,-28.5,-1437,2647,0,0.00,0.00,0,0,0.00,0.00,0
2026-05-09 15:23:40,1,1,1,3053.0,24,-29.5,-1502,2658,0,0.00,0.00,0,0,0.00,0.00,0
2026-05-09 15:23:40,1,1,1,3053.0,24,-29.5,-1502,2658,0,0.00,0.00,0,0,0.00,0.00,0
2026-05-09 15:23:40,1,1,1,3089.0,0,-30.4,-1562,2665,0,0.00,0.00,0,0,0.00,0.00,0
2026-05-09 15:23:40,1,1,1,3089.0,0,-30.4,-1562,2665,0,0.00,0.00,0,0,0.00,0.00,0
2026-05-09 15:23:40,1,1,1,3100.7,32,-31.2,-1605,2653,0,0.00,0.00,0,0,0.00,0.00,0
2026-05-09 15:23:40,1,1,1,3100.7,32,-31.2,-1605,2653,0,0.00,0.00,0,0,0.00,0.00,0
2026-05-09 15:23:40,1,1,1,3019.7,32,-32.0,-1600,2561,0,0.00,0.00,0,0,0.00,0.00,0
2026-05-09 15:23:40,1,1,1,2947.2,24,-32.8,-1597,2477,0,0.00,0.00,0,0,0.00,0.00,0
2026-05-09 15:23:40,1,1,1,2947.2,24,-32.8,-1597,2477,0,0.00,0.00,0,0,0.00,0.00,0
2026-05-09 15:23:40,1,1,1,2873.4,16,-33.5,-1586,2396,0,0.00,0.00,0,0,0.00,0.00,0
2026-05-09 15:23:40,1,1,1,2873.4,16,-33.5,-1586,2396,0,0.00,0.00,0,0,0.00,0.00,0
2026-05-09 15:23:40,1,1,1,2820.7,0,-33.9,-1572,2342,0,0.00,0.00,0,0,0.00,0.00,0
2026-05-09 15:23:40,1,1,1,2820.7,0,-33.9,-1572,2342,0,0.00,0.00,0,0,0.00,0.00,0
2026-05-09 15:23:40,1,1,1,2756.6,-8,-34.5,-1561,2272,0,0.00,0.00,0,1,2.75,-0.18,1781
2026-05-09 15:23:40,1,1,1,2756.6,-8,-34.5,-1561,2272,0,0.00,0.00,0,1,2.75,-0.18,1781
2026-05-09 15:23:40,1,1,1,2710.2,-24,-35.3,-1566,2212,0,0.00,0.00,0,1,2.73,-0.18,1781
2026-05-09 15:23:40,1,1,1,2671.6,-16,-35.8,-1564,2166,0,0.00,0.00,0,1,2.73,-0.18,1781
2026-05-09 15:23:41,1,1,1,2671.6,-16,-35.8,-1564,2166,0,0.00,0.00,0,1,2.73,-0.18,1781
2026-05-09 15:23:41,1,1,1,2652.4,0,-36.2,-1567,2140,0,0.00,0.00,0,1,2.73,-0.18,1781
2026-05-09 15:23:41,1,1,1,2652.4,0,-36.2,-1567,2140,0,0.00,0.00,0,1,2.73,-0.18,1781
2026-05-09 15:23:41,1,1,1,2744.1,0,-35.8,-1606,2225,0,0.00,0.00,0,1,2.73,-0.18,1781
2026-05-09 15:23:41,1,1,1,2744.1,0,-35.8,-1606,2225,0,0.00,0.00,0,1,2.73,-0.18,1781
2026-05-09 15:23:41,1,1,1,2792.3,-24,-35.6,-1626,2270,0,0.00,0.00,0,1,2.73,-0.18,1781
2026-05-09 15:23:41,1,1,1,2772.5,-32,-35.2,-1599,2265,0,0.00,0.00,0,1,2.73,-0.18,1781
2026-05-09 15:23:41,1,1,1,2772.5,-32,-35.2,-1599,2265,0,0.00,0.00,0,1,2.73,-0.18,1781
2026-05-09 15:23:41,1,1,1,2770.5,0,-35.1,-1594,2266,0,0.00,0.00,0,1,2.55,-0.47,2026
2026-05-09 15:23:41,1,1,1,2770.5,0,-35.1,-1594,2266,0,0.00,0.00,0,1,2.55,-0.47,2026
2026-05-09 15:23:41,1,1,1,2760.6,-48,-35.0,-1584,2261,0,0.00,0.00,0,1,2.50,-0.47,2026
2026-05-09 15:23:41,1,1,1,2760.6,-48,-35.0,-1584,2261,0,0.00,0.00,0,1,2.50,-0.47,2026
2026-05-09 15:23:41,1,1,1,2745.8,-64,-34.9,-1571,2252,0,0.00,0.00,0,1,2.50,-0.47,2026
2026-05-09 15:23:41,1,1,1,2745.8,-64,-34.9,-1571,2252,0,0.00,0.00,0,1,2.50,-0.47,2026
2026-05-09 15:23:41,1,1,1,2731.0,0,-34.8,-1558,2243,0,0.00,0.00,0,1,2.50,-0.47,2026
2026-05-09 15:23:41,1,1,1,2742.3,0,-34.7,-1562,2254,0,0.00,0.00,0,1,2.50,-0.47,2026
2026-05-09 15:23:41,1,1,1,2742.3,0,-34.7,-1562,2254,0,0.00,0.00,0,1,2.50,-0.47,2026
2026-05-09 15:23:41,1,1,1,2758.3,0,-34.6,-1567,2270,0,0.00,0.00,0,1,2.50,-0.47,2026
2026-05-09 15:23:41,1,1,1,2758.3,0,-34.6,-1567,2270,0,0.00,0.00,0,1,2.29,-0.44,15058
2026-05-09 15:23:41,1,1,1,2777.4,-39,-34.5,-1573,2289,0,0.00,0.00,0,1,2.29,-0.44,15058
2026-05-09 15:23:42,1,1,1,2777.4,-39,-34.5,-1573,2289,1,2.25,-0.43,7738,1,2.25,-0.43,7738
2026-05-09 15:23:42,1,1,1,2743.8,-39,-33.7,-1522,2283,1,2.25,-0.43,7738,1,2.25,-0.43,7738
2026-05-09 15:23:42,1,1,1,2691.9,-79,-32.6,-1450,2268,1,2.20,-0.43,7738,1,2.20,-0.43,7738
2026-05-09 15:23:42,1,1,1,2691.9,-79,-32.6,-1450,2268,1,2.20,-0.43,7738,1,2.20,-0.43,7738
2026-05-09 15:23:42,1,1,1,2597.1,0,-30.0,-1297,2250,1,2.20,-0.40,25349,1,2.20,-0.40,25349
2026-05-09 15:23:42,1,1,1,2597.1,0,-30.0,-1297,2250,1,2.20,-0.40,25349,1,2.20,-0.40,25349
2026-05-09 15:23:42,1,1,1,2642.7,0,-25.4,-1134,2387,1,2.15,-0.40,25349,1,2.15,-0.40,25349
2026-05-09 15:23:42,1,1,1,2642.7,0,-25.4,-1134,2387,1,2.15,-0.40,25349,1,2.15,-0.40,25349
2026-05-09 15:23:42,1,1,1,2716.0,0,-21.8,-1008,2522,1,2.15,-0.40,25349,1,2.15,-0.40,25349
2026-05-09 15:23:42,1,1,1,2716.0,0,-21.8,-1008,2522,1,2.15,-0.40,25349,1,2.15,-0.40,25349
2026-05-09 15:23:42,1,1,1,2791.7,-39,-18.6,-890,2646,1,2.15,-0.40,25349,1,2.15,-0.40,25349
2026-05-09 15:23:42,1,1,1,2690.8,-32,-16.9,-781,2575,1,2.15,-0.40,25349,1,2.15,-0.40,25349
2026-05-09 15:23:42,1,1,1,2690.8,-32,-16.9,-781,2575,1,2.15,-0.40,25349,1,2.15,-0.40,25349
2026-05-09 15:23:42,1,1,1,2555.0,-39,-15.2,-672,2465,1,2.15,-0.40,25349,1,2.15,-0.40,25349
2026-05-09 15:23:42,1,1,1,2555.0,-39,-15.2,-672,2465,1,2.03,-0.47,22336,1,2.03,-0.47,22336
2026-05-09 15:23:42,1,1,1,2420.8,-56,-13.9,-581,2350,1,2.03,-0.47,22336,1,2.03,-0.47,22336
2026-05-09 15:23:42,1,1,1,2420.8,-56,-13.9,-581,2350,1,1.92,-0.43,7650,1,1.92,-0.43,7650
2026-05-09 15:23:42,1,1,1,2296.9,-39,-12.1,-481,2246,1,1.92,-0.43,7650,1,1.92,-0.43,7650
2026-05-09 15:23:42,1,1,1,2185.5,0,-10.2,-387,2151,1,1.88,-0.43,7650,1,1.88,-0.43,7650
2026-05-09 15:23:42,1,1,1,2185.5,0,-10.2,-387,2151,1,1.88,-0.43,7650,1,1.88,-0.43,7650
2026-05-09 15:23:43,1,1,1,2299.8,0,-10.1,-404,2264,1,2.34,-0.20,7549,1,2.34,-0.20,7549
2026-05-09 15:23:43,1,1,1,2299.8,0,-10.1,-404,2264,1,2.34,-0.20,7549,1,2.34,-0.20,7549
2026-05-09 15:23:43,1,1,1,2448.0,0,-10.2,-435,2409,1,2.32,-0.20,7549,1,2.32,-0.20,7549
2026-05-09 15:23:43,1,1,1,2448.0,0,-10.2,-435,2409,1,2.32,-0.20,7549,1,2.32,-0.20,7549
2026-05-09 15:23:43,1,1,1,2600.4,0,-10.7,-484,2555,1,2.32,-0.20,7549,1,2.32,-0.20,7549
2026-05-09 15:23:43,1,1,1,2600.4,0,-10.7,-484,2555,1,2.32,-0.20,7549,1,2.32,-0.20,7549
2026-05-09 15:23:43,1,1,1,2747.4,0,-11.3,-539,2694,1,2.32,-0.20,7549,1,2.32,-0.20,7549
2026-05-09 15:23:43,1,1,1,2883.1,0,-11.9,-595,2821,1,2.32,-0.20,7549,1,2.32,-0.20,7549
2026-05-09 15:23:43,1,1,1,2883.1,0,-11.9,-595,2821,1,2.00,0.25,5809,1,2.00,0.25,5809
2026-05-09 15:23:43,1,1,1,3004.7,0,-12.5,-648,2934,1,2.00,0.25,5809,1,2.00,0.25,5809
2026-05-09 15:23:43,1,1,1,3004.7,0,-12.5,-648,2934,1,2.02,0.25,5809,1,2.02,0.25,5809
2026-05-09 15:23:43,1,1,1,3111.8,0,-12.9,-696,3033,1,2.02,0.25,5809,1,2.02,0.25,5809
2026-05-09 15:23:43,1,1,1,3111.8,0,-12.9,-696,3033,1,2.65,0.30,2570,1,2.65,0.30,2570
2026-05-09 15:23:43,1,1,1,3204.6,0,-13.4,-740,3118,1,2.65,0.30,2570,1,2.65,0.30,2570
2026-05-09 15:23:43,1,1,1,3274.5,0,-13.3,-752,3187,1,2.61,0.85,2848,1,2.61,0.85,2848
2026-05-09 15:23:43,1,1,1,3274.5,0,-13.3,-752,3187,1,2.61,0.85,2848,1,2.61,0.85,2848
2026-05-09 15:23:43,1,1,1,3290.0,0,-13.4,-760,3201,1,2.70,0.85,2848,1,2.70,0.85,2848
2026-05-09 15:23:43,1,1,1,3290.0,0,-13.4,-760,3201,0,0.00,0.00,0,1,2.70,0.85,2848
2026-05-09 15:23:43,1,1,1,3290.2,0,-13.4,-761,3201,0,0.00,0.00,0,1,2.93,0.73,549
2026-05-09 15:23:43,1,1,1,3290.2,0,-13.4,-761,3201,0,0.00,0.00,0,1,2.93,0.73,549
2026-05-09 15:23:44,1,1,1,3290.2,0,-13.4,-761,3201,0,0.00,0.00,0,1,2.83,0.64,8109
2026-05-09 15:23:44,1,1,1,3290.2,0,-13.4,-761,3201,0,0.00,0.00,0,1,2.83,0.64,8109
2026-05-09 15:23:44,1,1,1,3290.4,0,-13.4,-762,3201,1,2.76,0.54,7405,1,2.76,0.54,7405
2026-05-09 15:23:44,1,1,1,3290.4,0,-13.4,-762,3201,1,2.76,0.54,7405,1,2.76,0.54,7405
2026-05-09 15:23:44,1,1,1,3290.4,0,-13.4,-762,3201,1,2.82,0.54,7405,1,2.82,0.54,7405
2026-05-09 15:23:44,1,1,1,3289.7,0,-13.4,-763,3200,1,2.82,0.54,7405,1,2.82,0.54,7405
2026-05-09 15:23:44,1,1,1,3289.7,0,-13.4,-763,3200,1,2.77,0.50,8177,1,2.77,0.50,8177
2026-05-09 15:23:44,1,1,1,3288.7,0,-13.1,-746,3203,1,2.77,0.50,8177,1,2.77,0.50,8177
2026-05-09 15:23:44,1,1,1,3288.7,0,-13.1,-746,3203,1,2.77,0.47,1241,1,2.77,0.47,1241
2026-05-09 15:23:44,1,1,1,3288.1,0,-12.8,-726,3207,1,2.77,0.47,1241,1,2.77,0.47,1241
2026-05-09 15:23:44,1,1,1,3287.6,0,-12.6,-719,3208,1,2.77,0.46,9661,1,2.77,0.46,9661
2026-05-09 15:23:44,1,1,1,3287.6,0,-12.6,-719,3208,1,2.77,0.46,9661,1,2.77,0.46,9661
2026-05-09 15:23:44,1,1,1,3287.3,0,-12.5,-713,3209,1,2.77,0.42,5449,1,2.77,0.42,5449
2026-05-09 15:23:44,1,1,1,3287.3,0,-12.5,-713,3209,1,2.77,0.42,5449,1,2.77,0.42,5449
2026-05-09 15:23:44,1,1,1,3286.9,0,-12.4,-707,3210,1,2.81,0.42,5449,1,2.81,0.42,5449
2026-05-09 15:23:44,1,1,1,3286.9,0,-12.4,-707,3210,1,2.81,0.42,5449,1,2.81,0.42,5449
2026-05-09 15:23:44,1,1,1,3286.6,0,-12.3,-701,3211,1,2.81,0.42,5449,1,2.81,0.42,5449
2026-05-09 15:23:44,1,1,1,3286.6,0,-12.3,-701,3211,1,2.81,0.42,5449,1,2.81,0.42,5449
2026-05-09 15:23:44,1,1,1,3286.3,0,-12.2,-695,3212,1,2.81,0.42,5449,1,2.81,0.42,5449
2026-05-09 15:23:44,1,1,1,3286.3,0,-12.1,-690,3213,1,2.81,0.42,5449,1,2.81,0.42,5449
2026-05-09 15:23:45,1,1,1,3286.3,0,-12.1,-690,3213,1,2.81,0.42,5449,1,2.81,0.42,5449
2026-05-09 15:23:45,1,1,1,3282.4,16,-12.0,-681,3211,1,2.81,0.42,5449,1,2.81,0.42,5449
2026-05-09 15:23:45,1,1,1,3282.4,16,-12.0,-681,3211,1,2.81,0.42,5449,1,2.81,0.42,5449
2026-05-09 15:23:45,1,1,1,3259.5,16,-11.5,-650,3194,1,2.81,0.42,5449,1,2.81,0.42,5449
2026-05-09 15:23:45,1,1,1,3259.5,16,-11.5,-650,3194,1,2.81,0.42,5449,1,2.81,0.42,5449
2026-05-09 15:23:45,1,1,1,3167.5,16,-9.6,-529,3123,1,2.81,0.42,5449,1,2.81,0.42,5449
2026-05-09 15:23:45,1,1,1,3167.5,16,-9.6,-529,3123,1,2.81,0.42,5449,1,2.81,0.42,5449
2026-05-09 15:23:45,1,1,1,3021.0,-8,-5.7,-301,3006,1,0.00,0.00,0,0,0.00,0.00,0
2026-05-09 15:23:45,1,1,1,2896.7,0,-2.5,-126,2894,1,0.00,0.00,0,0,0.00,0.00,0
2026-05-09 15:23:45,1,1,1,2896.7,0,-2.5,-126,2894,1,0.00,0.00,0,0,0.00,0.00,0
2026-05-09 15:23:45,1,1,1,2793.6,0,1.2,57,2793,1,0.00,0.00,0,0,0.00,0.00,0
2026-05-09 15:23:45,1,1,1,2793.6,0,1.2,57,2793,1,0.00,0.00,0,0,0.00,0.00,0
2026-05-09 15:23:45,1,1,1,2712.7,-8,4.3,204,2705,0,0.00,0.00,0,1,2.52,-0.21,1040
2026-05-09 15:23:45,1,1,1,2712.7,-8,4.3,204,2705,0,0.00,0.00,0,1,2.52,-0.21,1040
2026-05-09 15:23:45,1,1,1,2655.2,-32,5.5,254,2643,0,0.00,0.00,0,1,2.51,-0.22,12125
2026-05-09 15:23:45,1,1,1,2607.8,-32,6.1,277,2593,0,0.00,0.00,0,1,2.51,-0.22,12125
2026-05-09 15:23:45,1,1,1,2607.8,-32,6.1,277,2593,1,2.49,-0.28,17833,1,2.49,-0.28,17833
2026-05-09 15:23:45,1,1,1,2566.6,-32,5.7,254,2554,1,2.49,-0.28,17833,1,2.49,-0.28,17833
2026-05-09 15:23:45,1,1,1,2566.6,-32,5.7,254,2554,1,2.47,-0.27,14562,1,2.47,-0.27,14562
2026-05-09 15:23:45,1,1,1,2544.6,0,4.4,197,2537,1,2.47,-0.27,14562,1,2.47,-0.27,14562
2026-05-09 15:23:46,1,1,1,2544.6,0,4.4,197,2537,1,2.45,-0.27,14562,1,2.45,-0.27,14562
2026-05-09 15:23:46,1,1,1,2601.8,0,2.7,121,2599,1,2.45,-0.27,14562,1,2.45,-0.27,14562
2026-05-09 15:23:46,1,1,1,2601.8,0,2.7,121,2599,1,2.45,-0.27,14562,1,2.45,-0.27,14562
2026-05-09 15:23:46,1,1,1,2686.3,0,0.9,43,2686,1,2.45,-0.27,14562,1,2.45,-0.27,14562
2026-05-09 15:23:46,1,1,1,2767.2,0,-0.7,-34,2767,1,2.45,-0.27,14562,1,2.45,-0.27,14562
2026-05-09 15:23:46,1,1,1,2767.2,0,-0.7,-34,2767,1,2.45,-0.27,14562,1,2.45,-0.27,14562
2026-05-09 15:23:46,1,1,1,2852.6,0,-1.9,-95,2851,1,2.55,-0.23,13298,1,2.55,-0.23,13298
2026-05-09 15:23:46,1,1,1,2852.6,0,-1.9,-95,2851,1,2.55,-0.23,13298,1,2.55,-0.23,13298
2026-05-09 15:23:46,1,1,1,2930.0,-24,-3.0,-153,2926,1,2.51,-0.20,17042,1,2.51,-0.20,17042
2026-05-09 15:23:46,1,1,1,2930.0,-24,-3.0,-153,2926,1,2.51,-0.20,17042,1,2.51,-0.20,17042
2026-05-09 15:23:46,1,1,1,2832.0,-8,-4.0,-199,2825,1,2.49,-0.20,17042,1,2.49,-0.20,17042
2026-05-09 15:23:46,1,1,1,2741.6,0,-5.0,-241,2731,1,2.49,-0.20,17042,1,2.49,-0.20,17042
2026-05-09 15:23:46,1,1,1,2741.6,0,-5.0,-241,2731,1,2.49,-0.20,17042,1,2.49,-0.20,17042
2026-05-09 15:23:46,1,1,1,2656.9,8,-6.5,-299,2640,1,2.49,-0.20,17042,1,2.49,-0.20,17042
2026-05-09 15:23:46,1,1,1,2656.9,8,-6.5,-299,2640,1,2.49,-0.20,17042,1,2.49,-0.20,17042
2026-05-09 15:23:46,1,1,1,2588.6,0,-8.4,-377,2561,1,2.49,-0.20,17042,1,2.49,-0.20,17042
2026-05-09 15:23:46,1,1,1,2588.6,0,-8.4,-377,2561,1,2.49,-0.20,17042,1,2.49,-0.20,17042
2026-05-09 15:23:46,1,1,1,2544.9,8,-10.2,-449,2505,1,2.49,-0.20,17042,1,2.49,-0.20,17042
2026-05-09 15:23:46,1,1,1,2544.9,8,-10.2,-449,2505,1,2.49,-0.20,17042,1,2.49,-0.20,17042
2026-05-09 15:23:46,1,1,1,2488.8,24,-12.2,-524,2433,1,2.49,-0.20,17042,1,2.49,-0.20,17042
2026-05-09 15:23:47,1,1,1,2449.4,0,-14.3,-603,2374,1,2.49,-0.20,17042,1,2.49,-0.20,17042
2026-05-09 15:23:47,1,1,1,2449.4,0,-14.3,-603,2374,1,2.49,-0.20,17042,1,2.49,-0.20,17042
2026-05-09 15:23:47,1,1,1,2503.8,0,-16.7,-720,2398,1,2.49,-0.20,17042,1,2.49,-0.20,17042
2026-05-09 15:23:47,1,1,1,2503.8,0,-16.7,-720,2398,1,0.00,0.00,0,0,0.00,0.00,0
2026-05-09 15:23:47,1,1,1,2582.0,0,-18.4,-815,2450,1,0.00,0.00,0,0,0.00,0.00,0
2026-05-09 15:23:47,1,1,1,2582.0,0,-18.4,-815,2450,1,0.00,0.00,0,0,0.00,0.00,0
2026-05-09 15:23:47,1,1,1,2657.5,8,-19.9,-904,2499,1,0.00,0.00,0,0,0.00,0.00,0
2026-05-09 15:23:47,1,1,1,2737.9,0,-21.9,-1022,2540,1,0.00,0.00,0,0,0.00,0.00,0
2026-05-09 15:23:47,1,1,1,2737.9,0,-21.9,-1022,2540,0,0.00,0.00,0,0,0.00,0.00,0
2026-05-09 15:23:47,1,1,1,2828.6,0,-24.1,-1155,2582,0,0.00,0.00,0,0,0.00,0.00,0
2026-05-09 15:23:47,1,1,1,2828.6,0,-24.1,-1155,2582,0,0.00,0.00,0,0,0.00,0.00,0
2026-05-09 15:23:47,1,1,1,2936.4,0,-26.5,-1312,2627,0,0.00,0.00,0,0,0.00,0.00,0
2026-05-09 15:23:47,1,1,1,2936.4,0,-26.5,-1312,2627,0,0.00,0.00,0,0,0.00,0.00,0
2026-05-09 15:23:47,1,1,1,3041.0,16,-28.7,-1461,2667,0,0.00,0.00,0,0,0.00,0.00,0
2026-05-09 15:23:47,1,1,1,3041.0,16,-28.7,-1461,2667,0,0.00,0.00,0,0,0.00,0.00,0
2026-05-09 15:23:47,1,1,1,2994.5,8,-29.5,-1475,2606,0,0.00,0.00,0,0,0.00,0.00,0
2026-05-09 15:23:47,1,1,1,2891.5,0,-30.0,-1446,2504,0,0.00,0.00,0,0,0.00,0.00,0
2026-05-09 15:23:47,1,1,1,2891.5,0,-30.0,-1446,2504,0,0.00,0.00,0,0,0.00,0.00,0
2026-05-09 15:23:47,1,1,1,2789.2,-24,-30.4,-1411,2406,0,0.00,0.00,0,0,0.00,0.00,0
2026-05-09 15:23:47,1,1,1,2789.2,-24,-30.4,-1411,2406,0,0.00,0.00,0,0,0.00,0.00,0
2026-05-09 15:23:48,1,1,1,2707.1,-39,-30.9,-1390,2323,0,0.00,0.00,0,0,0.00,0.00,0
2026-05-09 15:23:48,1,1,1,2707.1,-39,-30.9,-1390,2323,0,0.00,0.00,0,0,0.00,0.00,0
2026-05-09 15:23:48,1,1,1,2635.6,-56,-31.2,-1366,2254,0,0.00,0.00,0,0,0.00,0.00,0
2026-05-09 15:23:48,1,1,1,2560.1,-64,-31.5,-1339,2182,0,0.00,0.00,0,0,0.00,0.00,0
2026-05-09 15:23:48,1,1,1,2560.1,-64,-31.5,-1339,2182,0,0.00,0.00,0,0,0.00,0.00,0
2026-05-09 15:23:48,1,1,1,2485.6,-48,-31.8,-1309,2113,0,0.00,0.00,0,0,0.00,0.00,0
2026-05-09 15:23:48,1,1,1,2485.6,-48,-31.8,-1309,2113,0,0.00,0.00,0,0,0.00,0.00,0
2026-05-09 15:23:48,1,1,1,2423.8,-39,-31.7,-1274,2062,0,0.00,0.00,0,0,0.00,0.00,0
2026-05-09 15:23:48,1,1,1,2423.8,-39,-31.7,-1274,2062,0,0.00,0.00,0,0,0.00,0.00,0
2026-05-09 15:23:48,1,1,1,2372.4,-32,-31.4,-1236,2025,0,0.00,0.00,0,0,0.00,0.00,0
2026-05-09 15:23:48,1,1,1,2372.4,-32,-31.4,-1236,2025,0,0.00,0.00,0,0,0.00,0.00,0
2026-05-09 15:23:48,1,1,1,2326.9,-56,-31.4,-1211,1987,0,0.00,0.00,0,0,0.00,0.00,0
2026-05-09 15:23:48,1,1,1,2281.6,-72,-31.6,-1196,1943,0,0.00,0.00,0,0,0.00,0.00,0
2026-05-09 15:23:48,1,1,1,2281.6,-72,-31.6,-1196,1943,0,0.00,0.00,0,0,0.00,0.00,0
2026-05-09 15:23:48,1,1,1,2234.4,-64,-31.6,-1171,1903,0,0.00,0.00,0,1,2.07,-0.71,12168
2026-05-09 15:23:48,1,1,1,2234.4,-64,-31.6,-1171,1903,0,0.00,0.00,0,1,2.07,-0.71,12168
2026-05-09 15:23:48,1,1,1,2182.0,-56,-31.1,-1126,1869,1,2.00,-0.71,24797,1,2.00,-0.71,24797
2026-05-09 15:23:48,1,1,1,2182.0,-56,-31.1,-1126,1869,1,2.00,-0.71,24797,1,2.00,-0.71,24797
2026-05-09 15:23:48,1,1,1,2121.1,-64,-30.3,-1069,1832,1,1.93,-0.71,24797,1,1.93,-0.71,24797
2026-05-09 15:23:48,1,1,1,2055.4,-79,-29.7,-1019,1785,1,1.93,-0.71,24797,1,1.93,-0.71,24797
2026-05-09 15:23:49,1,1,1,2055.4,-79,-29.7,-1019,1785,1,1.93,-0.54,32225,1,1.93,-0.54,32225
2026-05-09 15:23:49,1,1,1,2000.8,-32,-28.6,-959,1756,1,1.93,-0.54,32225,1,1.93,-0.54,32225
2026-05-09 15:23:49,1,1,1,2000.8,-32,-28.6,-959,1756,1,1.88,-0.54,32225,1,1.88,-0.54,32225
2026-05-09 15:23:49,1,1,1,1953.1,-24,-27.2,-893,1737,1,1.88,-0.54,32225,1,1.88,-0.54,32225
2026-05-09 15:23:49,1,1,1,1953.1,-24,-27.2,-893,1737,1,1.88,-0.54,32225,1,1.88,-0.54,32225
2026-05-09 15:23:49,1,1,1,1913.1,-16,-25.5,-823,1727,1,1.88,-0.54,32225,1,1.88,-0.54,32225
2026-05-09 15:23:49,1,1,1,1913.1,-16,-25.5,-823,1727,1,1.88,-0.54,32225,1,1.88,-0.54,32225
2026-05-09 15:23:49,1,1,1,1879.2,-16,-23.5,-750,1723,1,1.88,-0.54,32225,1,1.88,-0.54,32225
2026-05-09 15:23:49,1,1,1,1863.3,0,-21.5,-682,1734,1,1.88,-0.54,32225,1,1.88,-0.54,32225
2026-05-09 15:23:49,1,1,1,1863.3,0,-21.5,-682,1734,1,1.88,-0.54,32225,1,1.88,-0.54,32225
2026-05-09 15:23:49,1,1,1,2050.8,0,-17.9,-632,1951,1,1.82,-0.15,22906,1,1.82,-0.15,22906
2026-05-09 15:23:49,1,1,1,2050.8,0,-17.9,-632,1951,1,1.82,-0.15,22906,1,1.82,-0.15,22906
2026-05-09 15:23:49,1,1,1,2224.6,0,-15.3,-586,2146,1,1.80,-0.06,12818,1,1.80,-0.06,12818
2026-05-09 15:23:49,1,1,1,2224.6,0,-15.3,-586,2146,1,1.80,-0.06,12818,1,1.80,-0.06,12818
2026-05-09 15:23:49,1,1,1,2177.6,8,-13.5,-510,2117,1,1.79,-0.06,12818,1,1.79,-0.06,12818
2026-05-09 15:23:49,1,1,1,2177.6,8,-13.5,-510,2117,1,1.79,-0.06,12818,1,1.79,-0.06,12818
2026-05-09 15:23:49,1,1,1,2103.5,0,-11.9,-435,2058,1,1.79,-0.06,12818,1,1.79,-0.06,12818
2026-05-09 15:23:49,1,1,1,2023.1,0,-10.2,-359,1991,1,1.79,-0.06,12818,1,1.79,-0.06,12818
2026-05-09 15:23:49,1,1,1,2023.1,0,-10.2,-359,1991,1,1.79,-0.06,12818,1,1.79,-0.06,12818
2026-05-09 15:23:49,1,1,1,2090.5,0,-9.6,-350,2061,1,1.79,-0.06,12818,1,1.79,-0.06,12818
2026-05-09 15:23:50,1,1,1,2090.5,0,-9.6,-350,2061,1,1.79,-0.06,12818,1,1.79,-0.06,12818
2026-05-09 15:23:50,1,1,1,2262.3,0,-9.7,-381,2230,1,1.79,-0.06,12818,1,1.79,-0.06,12818
2026-05-09 15:23:50,1,1,1,2262.3,0,-9.7,-381,2230,1,2.29,0.46,14753,1,2.29,0.46,14753
2026-05-09 15:23:50,1,1,1,2430.8,0,-10.6,-449,2389,1,2.29,0.46,14753,1,2.29,0.46,14753
2026-05-09 15:23:50,1,1,1,2598.3,0,-11.8,-533,2543,1,2.33,0.46,14753,1,2.33,0.46,14753
2026-05-09 15:23:50,1,1,1,2598.3,0,-11.8,-533,2543,1,2.33,0.46,14753,1,2.33,0.46,14753
2026-05-09 15:23:50,1,1,1,2756.9,0,-13.0,-621,2686,1,2.33,0.46,14753,1,2.33,0.46,14753
2026-05-09 15:23:50,1,1,1,2756.9,0,-13.0,-621,2686,1,2.33,0.46,14753,1,2.33,0.46,14753
2026-05-09 15:23:50,1,1,1,2902.2,0,-14.1,-706,2815,1,2.33,0.46,14753,1,2.33,0.46,14753
2026-05-09 15:23:50,1,1,1,2902.2,0,-14.1,-706,2815,1,2.33,0.46,14753,1,2.33,0.46,14753
2026-05-09 15:23:50,1,1,1,3032.4,0,-15.0,-785,2929,1,2.33,0.46,14753,1,2.33,0.46,14753
2026-05-09 15:23:50,1,1,1,3032.4,0,-15.0,-785,2929,1,2.33,0.46,14753,1,2.33,0.46,14753
2026-05-09 15:23:50,1,1,1,3146.0,0,-15.8,-857,3027,1,2.33,0.46,14753,1,2.33,0.46,14753
2026-05-09 15:23:50,1,1,1,3244.9,0,-16.5,-919,3112,1,2.33,0.46,14753,1,2.33,0.46,14753
2026-05-09 15:23:50,1,1,1,3244.9,0,-16.5,-919,3112,1,2.33,0.46,14753,1,2.33,0.46,14753
2026-05-09 15:23:50,1,1,1,3329.6,0,-17.0,-974,3184,1,2.33,0.46,14753,1,2.33,0.46,14753
2026-05-09 15:23:50,1,1,1,3329.6,0,-17.0,-974,3184,1,2.33,0.46,14753,1,2.33,0.46,14753
2026-05-09 15:23:50,1,1,1,3367.1,0,-16.7,-968,3225,1,0.00,0.00,0,0,0.00,0.00,0
2026-05-09 15:23:50,1,1,1,3367.1,0,-16.7,-968,3225,1,0.00,0.00,0,0,0.00,0.00,0
2026-05-09 15:23:50,1,1,1,3372.1,56,-16.0,-931,3241,1,0.00,0.00,0,0,0.00,0.00,0
2026-05-09 15:23:51,1,1,1,3240.8,48,-14.0,-782,3145,1,2.33,0.48,45481,1,2.33,0.48,45481
2026-05-09 15:23:51,1,1,1,3240.8,48,-14.0,-782,3145,1,2.33,0.48,45481,1,2.33,0.48,45481
2026-05-09 15:23:51,1,1,1,2997.5,39,-9.5,-497,2956,1,2.34,0.47,14705,1,2.34,0.47,14705
2026-05-09 15:23:51,1,1,1,2997.5,39,-9.5,-497,2956,1,2.34,0.47,14705,1,2.34,0.47,14705
2026-05-09 15:23:51,1,1,1,2790.5,112,-4.5,-218,2782,1,2.39,0.47,14705,1,2.39,0.47,14705
2026-05-09 15:23:51,1,1,1,2790.5,112,-4.5,-218,2782,1,2.39,0.47,14705,1,2.39,0.47,14705
2026-05-09 15:23:51,1,1,1,2640.1,48,0.4,19,2640,1,2.39,0.47,14705,1,2.39,0.47,14705
2026-05-09 15:23:51,1,1,1,2640.1,48,0.4,19,2640,1,2.39,0.47,14705,1,2.39,0.47,14705
2026-05-09 15:23:51,1,1,1,2564.5,24,3.8,168,2559,1,2.39,0.47,14705,1,2.39,0.47,14705
2026-05-09 15:23:51,1,1,1,2519.0,16,6.9,301,2501,1,2.39,0.47,14705,1,2.39,0.47,14705
2026-05-09 15:23:51,1,1,1,2519.0,16,6.9,301,2501,1,2.39,0.47,14705,1,2.39,0.47,14705
2026-05-09 15:23:51,1,1,1,2479.5,24,9.4,406,2446,1,2.39,0.47,14705,1,2.39,0.47,14705
2026-05-09 15:23:51,1,1,1,2479.5,24,9.4,406,2446,1,2.39,0.47,14705,1,2.39,0.47,14705
2026-05-09 15:23:51,1,1,1,2454.8,16,11.7,497,2404,1,2.39,0.47,14705,1,2.39,0.47,14705
2026-05-09 15:23:51,1,1,1,2454.8,16,11.7,497,2404,1,2.39,0.47,14705,1,2.39,0.47,14705
2026-05-09 15:23:51,1,1,1,2446.5,0,13.2,558,2382,1,2.39,0.47,14705,1,2.39,0.47,14705
2026-05-09 15:23:51,1,1,1,2422.2,-8,14.2,595,2348,1,2.39,0.47,14705,1,2.39,0.47,14705
2026-05-09 15:23:51,1,1,1,2422.2,-8,14.2,595,2348,1,0.00,0.00,0,0,0.00,0.00,0
2026-05-09 15:23:51,1,1,1,2411.6,0,14.5,603,2335,1,0.00,0.00,0,0,0.00,0.00,0
2026-05-09 15:23:51,1,1,1,2411.6,0,14.5,603,2335,1,0.00,0.00,0,0,0.00,0.00,0
2026-05-09 15:23:52,1,1,1,2406.2,-24,14.4,597,2331,1,0.00,0.00,0,0,0.00,0.00,0
2026-05-09 15:23:52,1,1,1,2406.2,-24,14.4,597,2331,1,0.00,0.00,0,0,0.00,0.00,0
2026-05-09 15:23:52,1,1,1,2408.4,-16,14.2,590,2335,0,0.00,0.00,0,0,0.00,0.00,0
2026-05-09 15:23:52,1,1,1,2408.4,-16,14.2,590,2335,0,0.00,0.00,0,0,0.00,0.00,0
2026-05-09 15:23:52,1,1,1,2409.8,-16,13.9,580,2339,0,0.00,0.00,0,0,0.00,0.00,0
2026-05-09 15:23:52,1,1,1,2408.4,-16,13.7,570,2340,0,0.00,0.00,0,0,0.00,0.00,0
2026-05-09 15:23:52,1,1,1,2408.4,-16,13.7,570,2340,0,0.00,0.00,0,0,0.00,0.00,0
2026-05-09 15:23:52,1,1,1,2408.8,8,13.3,555,2344,0,0.00,0.00,0,0,0.00,0.00,0
2026-05-09 15:23:52,1,1,1,2408.8,8,13.3,555,2344,0,0.00,0.00,0,0,0.00,0.00,0
2026-05-09 15:23:52,1,1,1,2405.3,-8,12.3,513,2350,0,0.00,0.00,0,0,0.00,0.00,0
2026-05-09 15:23:52,1,1,1,2405.3,-8,12.3,513,2350,0,0.00,0.00,0,0,0.00,0.00,0
2026-05-09 15:23:52,1,1,1,2414.0,-8,11.2,469,2368,0,0.00,0.00,0,0,0.00,0.00,0
2026-05-09 15:23:52,1,1,1,2413.8,-16,10.0,420,2377,0,0.00,0.00,0,0,0.00,0.00,0
2026-05-09 15:23:52,1,1,1,2413.8,-16,10.0,420,2377,0,0.00,0.00,0,0,0.00,0.00,0
2026-05-09 15:23:52,1,1,1,2421.7,0,8.7,365,2394,0,0.00,0.00,0,0,0.00,0.00,0
2026-05-09 15:23:52,1,1,1,2421.7,0,8.7,365,2394,0,0.00,0.00,0,0,0.00,0.00,0
2026-05-09 15:23:52,1,1,1,2511.2,0,4.9,215,2502,0,0.00,0.00,0,0,0.00,0.00,0
2026-05-09 15:23:52,1,1,1,2511.2,0,4.9,215,2502,0,0.00,0.00,0,0,0.00,0.00,0
2026-05-09 15:23:52,1,1,1,2616.0,0,1.6,72,2615,0,0.00,0.00,0,0,0.00,0.00,0
2026-05-09 15:23:52,1,1,1,2616.0,0,1.6,72,2615,0,0.00,0.00,0,0,0.00,0.00,0
2026-05-09 15:23:53,1,1,1,2719.5,0,-1.1,-52,2719,0,0.00,0.00,0,0,0.00,0.00,0
2026-05-09 15:23:53,1,1,1,2815.1,-24,-3.4,-169,2810,0,0.00,0.00,0,0,0.00,0.00,0
2026-05-09 15:23:53,1,1,1,2815.1,-24,-3.4,-169,2810,0,0.00,0.00,0,0,0.00,0.00,0
2026-05-09 15:23:53,1,1,1,2893.8,0,-5.0,-250,2883,0,0.00,0.00,0,0,0.00,0.00,0
2026-05-09 15:23:53,1,1,1,2893.8,0,-5.0,-250,2883,0,0.00,0.00,0,0,0.00,0.00,0
2026-05-09 15:23:53,1,1,1,2949.3,0,-5.2,-269,2937,0,0.00,0.00,0,0,0.00,0.00,0
2026-05-09 15:23:53,1,1,1,2949.3,0,-5.2,-269,2937,0,0.00,0.00,0,0,0.00,0.00,0
2026-05-09 15:23:53,1,1,1,2987.6,-8,-5.3,-274,2975,0,0.00,0.00,0,0,0.00,0.00,0
2026-05-09 15:23:53,1,1,1,2987.6,-8,-5.3,-274,2975,0,0.00,0.00,0,0,0.00,0.00,0
2026-05-09 15:23:53,1,1,1,2918.9,-8,-6.2,-314,2902,0,0.00,0.00,0,0,0.00,0.00,0
2026-05-09 15:23:53,1,1,1,2871.2,0,-7.1,-356,2849,0,0.00,0.00,0,0,0.00,0.00,0
2026-05-09 15:23:53,1,1,1,2871.2,0,-7.1,-356,2849,0,0.00,0.00,0,0,0.00,0.00,0
2026-05-09 15:23:53,1,1,1,2786.6,8,-9.3,-450,2750,0,0.00,0.00,0,0,0.00,0.00,0
2026-05-09 15:23:53,1,1,1,2786.6,8,-9.3,-450,2750,0,0.00,0.00,0,0,0.00,0.00,0
2026-05-09 15:23:53,1,1,1,2678.0,8,-11.3,-525,2626,0,0.00,0.00,0,0,0.00,0.00,0
2026-05-09 15:23:53,1,1,1,2678.0,8,-11.3,-525,2626,0,0.00,0.00,0,0,0.00,0.00,0
2026-05-09 15:23:53,1,1,1,2582.9,0,-13.5,-605,2511,0,0.00,0.00,0,0,0.00,0.00,0
2026-05-09 15:23:53,1,1,1,2591.9,0,-16.0,-716,2491,0,0.00,0.00,0,0,0.00,0.00,0
2026-05-09 15:23:53,1,1,1,2591.9,0,-16.0,-716,2491,0,0.00,0.00,0,0,0.00,0.00,0
2026-05-09 15:23:53,1,1,1,2645.4,0,-19.0,-862,2501,0,0.00,0.00,0,0,0.00,0.00,0
2026-05-09 15:23:54,1,1,1,2645.4,0,-19.0,-862,2501,0,0.00,0.00,0,0,0.00,0.00,0
2026-05-09 15:23:54,1,1,1,2736.2,0,-21.8,-1015,2541,0,0.00,0.00,0,0,0.00,0.00,0
2026-05-09 15:23:54,1,1,1,2736.2,0,-21.8,-1015,2541,0,0.00,0.00,0,0,0.00,0.00,0
2026-05-09 15:23:54,1,1,1,2827.3,0,-24.5,-1174,2572,0,0.00,0.00,0,0,0.00,0.00,0
2026-05-09 15:23:54,1,1,1,2827.3,0,-24.5,-1174,2572,0,0.00,0.00,0,0,0.00,0.00,0
2026-05-09 15:23:54,1,1,1,2916.4,8,-27.0,-1323,2599,0,0.00,0.00,0,0,0.00,0.00,0
2026-05-09 15:23:54,1,1,1,2874.6,8,-28.3,-1361,2532,0,0.00,0.00,0,0,0.00,0.00,0
2026-05-09 15:23:54,1,1,1,2874.6,8,-28.3,-1361,2532,0,0.00,0.00,0,0,0.00,0.00,0
2026-05-09 15:23:54,1,1,1,2770.4,-16,-28.8,-1336,2427,0,0.00,0.00,0,0,0.00,0.00,0
2026-05-09 15:23:54,1,1,1,2770.4,-16,-28.8,-1336,2427,0,0.00,0.00,0,0,0.00,0.00,0
2026-05-09 15:23:54,1,1,1,2654.2,-16,-28.9,-1284,2323,0,0.00,0.00,0,0,0.00,0.00,0
2026-05-09 15:23:54,1,1,1,2654.2,-16,-28.9,-1284,2323,0,0.00,0.00,0,0,0.00,0.00,0
2026-05-09 15:23:54,1,1,1,2539.0,-8,-28.8,-1223,2225,0,0.00,0.00,0,1,2.26,-0.45,4068
2026-05-09 15:23:54,1,1,1,2559.3,0,-29.8,-1270,2222,0,0.00,0.00,0,1,2.26,-0.45,4068
2026-05-09 15:23:54,1,1,1,2559.3,0,-29.8,-1270,2222,1,2.22,-0.45,4068,1,2.22,-0.45,4068
2026-05-09 15:23:54,1,1,1,2619.3,0,-30.2,-1319,2263,1,2.22,-0.45,4068,1,2.22,-0.45,4068
2026-05-09 15:23:54,1,1,1,2619.3,0,-30.2,-1319,2263,1,2.22,-0.45,4068,1,2.22,-0.45,4068
2026-05-09 15:23:54,1,1,1,2675.9,0,-30.4,-1354,2308,1,2.22,-0.45,4068,1,2.22,-0.45,4068
2026-05-09 15:23:54,1,1,1,2675.9,0,-30.4,-1354,2308,1,2.22,-0.45,4068,1,2.22,-0.45,4068
2026-05-09 15:23:54,1,1,1,2787.4,0,-30.9,-1431,2392,1,2.22,-0.45,4068,1,2.22,-0.45,4068
2026-05-09 15:23:55,1,1,1,2787.4,0,-30.9,-1431,2392,1,2.22,-0.45,4068,1,2.22,-0.45,4068
2026-05-09 15:23:55,1,1,1,2894.6,-16,-31.4,-1506,2472,1,2.22,-0.45,4068,1,2.22,-0.45,4068
2026-05-09 15:23:55,1,1,1,2786.3,-16,-30.4,-1412,2402,1,2.22,-0.45,4068,1,2.22,-0.45,4068
2026-05-09 15:23:55,1,1,1,2786.3,-16,-30.4,-1412,2402,1,2.22,-0.45,4068,1,2.22,-0.45,4068
2026-05-09 15:23:55,1,1,1,2706.4,-56,-29.7,-1339,2352,1,2.22,-0.45,4068,1,2.22,-0.45,4068
2026-05-09 15:23:55,1,1,1,2706.4,-56,-29.7,-1339,2352,1,2.22,-0.45,4068,1,2.22,-0.45,4068
2026-05-09 15:23:55,1,1,1,2539.2,-16,-28.4,-1207,2234,1,2.22,-0.45,4068,1,2.22,-0.45,4068
2026-05-09 15:23:55,1,1,1,2539.2,-16,-28.4,-1207,2234,1,0.00,0.00,0,0,0.00,0.00,0
2026-05-09 15:23:55,1,1,1,2404.4,-8,-27.2,-1100,2138,1,0.00,0.00,0,0,0.00,0.00,0
2026-05-09 15:23:55,1,1,1,2288.0,0,-26.0,-1004,2056,1,0.00,0.00,0,0,0.00,0.00,0
2026-05-09 15:23:55,1,1,1,2288.0,0,-26.0,-1004,2056,1,0.00,0.00,0,0,0.00,0.00,0
2026-05-09 15:23:55,1,1,1,2347.7,0,-22.9,-915,2162,1,0.00,0.00,0,0,0.00,0.00,0
2026-05-09 15:23:55,1,1,1,2347.7,0,-22.9,-915,2162,1,3.22,-0.01,3133,1,3.22,-0.01,3133
2026-05-09 15:23:55,1,1,1,2454.7,0,-19.8,-833,2309,1,3.22,-0.01,3133,1,3.22,-0.01,3133
2026-05-09 15:23:55,1,1,1,2454.7,0,-19.8,-833,2309,1,3.22,-0.01,3133,1,3.22,-0.01,3133
2026-05-09 15:23:55,1,1,1,2561.8,-24,-17.1,-755,2448,1,3.22,-0.01,3133,1,3.22,-0.01,3133
2026-05-09 15:23:55,1,1,1,2561.8,-24,-17.1,-755,2448,1,3.22,-0.01,3133,1,3.22,-0.01,3133
2026-05-09 15:23:55,1,1,1,2476.5,-32,-15.6,-667,2385,1,3.22,-0.01,3133,1,3.22,-0.01,3133
2026-05-09 15:23:55,1,1,1,2356.5,-32,-14.0,-572,2286,1,3.22,-0.01,3133,1,3.22,-0.01,3133
2026-05-09 15:23:55,1,1,1,2356.5,-32,-14.0,-572,2286,1,3.22,-0.01,3133,1,3.22,-0.01,3133
2026-05-09 15:23:56,1,1,1,2229.3,-48,-12.2,-471,2179,1,3.22,-0.01,3133,1,3.22,-0.01,3133
2026-05-09 15:23:56,1,1,1,2229.3,-48,-12.2,-471,2179,1,3.22,-0.01,3133,1,3.22,-0.01,3133
2026-05-09 15:23:56,1,1,1,2108.0,-39,-10.3,-377,2074,1,1.74,-0.47,49921,1,1.74,-0.47,49921
2026-05-09 15:23:56,1,1,1,2108.0,-39,-10.3,-377,2074,1,1.74,-0.47,49921,1,1.74,-0.47,49921
2026-05-09 15:23:56,1,1,1,2006.2,-48,-8.7,-304,1983,1,1.69,-0.47,49921,1,1.69,-0.47,49921
2026-05-09 15:23:56,1,1,1,1916.0,0,-7.2,-239,1901,1,1.69,-0.47,49921,1,1.69,-0.47,49921
2026-05-09 15:23:56,1,1,1,1916.0,0,-7.2,-239,1901,1,1.69,-0.47,49921,1,1.69,-0.47,49921
2026-05-09 15:23:56,1,1,1,2074.8,0,-6.8,-247,2060,1,1.69,-0.47,49921,1,1.69,-0.47,49921
2026-05-09 15:23:56,1,1,1,2074.8,0,-6.8,-247,2060,1,1.69,-0.47,49921,1,1.69,-0.47,49921
2026-05-09 15:23:56,1,1,1,2226.2,-39,-6.9,-268,2210,1,1.69,-0.47,49921,1,1.69,-0.47,49921
2026-05-09 15:23:56,1,1,1,2226.2,-39,-6.9,-268,2210,1,1.69,-0.47,49921,1,1.69,-0.47,49921
2026-05-09 15:23:56,1,1,1,2159.6,-8,-5.1,-193,2151,1,1.69,-0.47,49921,1,1.69,-0.47,49921
2026-05-09 15:23:56,1,1,1,2159.6,-8,-5.1,-193,2151,1,3.25,0.00,3925,1,3.25,0.00,3925
2026-05-09 15:23:56,1,1,1,2052.0,-8,-2.5,-91,2050,1,3.25,0.00,3925,1,3.25,0.00,3925
2026-05-09 15:23:56,1,1,1,1936.0,0,-0.0,-1,1936,1,3.25,0.00,3925,1,3.25,0.00,3925
2026-05-09 15:23:56,1,1,1,1936.0,0,-0.0,-1,1936,1,3.25,0.00,3925,1,3.25,0.00,3925
2026-05-09 15:23:56,1,1,1,1842.6,0,2.4,77,1841,1,3.25,0.00,3925,1,3.25,0.00,3925
2026-05-09 15:23:56,1,1,1,1842.6,0,2.4,77,1841,1,3.25,0.00,3925,1,3.25,0.00,3925
2026-05-09 15:23:56,1,1,1,1768.1,-16,4.8,147,1762,1,3.25,0.00,3925,1,3.25,0.00,3925
2026-05-09 15:23:56,1,1,1,1768.1,-16,4.8,147,1762,1,3.25,0.00,3925,1,3.25,0.00,3925
2026-05-09 15:23:57,1,1,1,1721.2,24,6.2,187,1711,1,3.25,0.00,3925,1,3.25,0.00,3925
2026-05-09 15:23:57,1,1,1,1677.0,-16,7.9,231,1661,1,3.25,0.00,3925,1,3.25,0.00,3925
2026-05-09 15:23:57,1,1,1,1677.0,-16,7.9,231,1661,1,3.25,0.00,3925,1,3.25,0.00,3925
2026-05-09 15:23:57,1,1,1,1640.5,-8,9.3,265,1619,1,3.25,0.00,3925,1,3.25,0.00,3925
2026-05-09 15:23:57,1,1,1,1640.5,-8,9.3,265,1619,1,3.25,0.00,3925,1,3.25,0.00,3925
2026-05-09 15:23:57,1,1,1,1611.6,0,10.2,286,1586,1,3.25,0.00,3925,1,3.25,0.00,3925
2026-05-09 15:23:57,1,1,1,1611.6,0,10.2,286,1586,1,3.25,0.00,2597,1,3.25,0.00,2597
2026-05-09 15:23:57,1,1,1,1588.8,0,10.7,296,1561,1,3.25,0.00,2597,1,3.25,0.00,2597
2026-05-09 15:23:57,1,1,1,1588.8,0,10.7,296,1561,1,3.25,0.00,4705,1,3.25,0.00,4705
2026-05-09 15:23:57,1,1,1,1558.8,24,10.6,288,1532,1,3.25,0.00,4705,1,3.25,0.00,4705
2026-05-09 15:23:57,1,1,1,1525.2,8,10.0,265,1502,1,3.25,0.00,3757,1,3.25,0.00,3757
2026-05-09 15:23:57,1,1,1,1525.2,8,10.0,265,1502,1,3.25,0.00,3757,1,3.25,0.00,3757
2026-05-09 15:23:57,1,1,1,1504.9,-8,8.6,225,1488,1,2.81,-0.06,48050,1,2.81,-0.06,48050
2026-05-09 15:23:57,1,1,1,1504.9,-8,8.6,225,1488,1,2.81,-0.06,48050,1,2.81,-0.06,48050
2026-05-09 15:23:57,1,1,1,1493.9,-8,6.6,172,1484,1,2.54,-0.10,26485,1,2.54,-0.10,26485
2026-05-09 15:23:57,1,1,1,1493.9,-8,6.6,172,1484,1,2.54,-0.10,26485,1,2.54,-0.10,26485
2026-05-09 15:23:57,1,1,1,1482.9,-16,4.6,120,1478,1,2.53,-0.10,26485,1,2.53,-0.10,26485
2026-05-09 15:23:57,1,1,1,1476.4,-24,2.5,65,1475,1,2.53,-0.10,26485,1,2.53,-0.10,26485
2026-05-09 15:23:57,1,1,1,1476.4,-24,2.5,65,1475,1,2.33,-0.17,36226,1,2.33,-0.17,36226
2026-05-09 15:23:57,1,1,1,1466.1,-24,0.7,18,1466,1,2.33,-0.17,36226,1,2.33,-0.17,36226
2026-05-09 15:23:58,1,1,1,1466.1,-24,0.7,18,1466,1,2.47,-0.09,13672,1,2.47,-0.09,13672
2026-05-09 15:23:58,1,1,1,1459.4,-16,-1.3,-32,1459,1,2.47,-0.09,13672,1,2.47,-0.09,13672
2026-05-09 15:23:58,1,1,1,1459.4,-16,-1.3,-32,1459,1,2.46,-0.09,13672,1,2.46,-0.09,13672
2026-05-09 15:23:58,1,1,1,1446.3,0,-3.8,-97,1443,1,2.46,-0.09,13672,1,2.46,-0.09,13672
2026-05-09 15:23:58,1,1,1,1446.3,0,-3.8,-97,1443,1,2.59,-0.01,1853,1,2.59,-0.01,1853
2026-05-09 15:23:58,1,1,1,1410.6,8,-6.7,-164,1401,1,2.59,-0.01,1853,1,2.59,-0.01,1853
2026-05-09 15:23:58,1,1,1,1391.6,8,-9.6,-233,1372,1,2.68,0.02,5945,1,2.68,0.02,5945
2026-05-09 15:23:58,1,1,1,1391.6,8,-9.6,-233,1372,1,2.68,0.02,5945,1,2.68,0.02,5945
2026-05-09 15:23:58,1,1,1,1385.0,16,-12.7,-305,1351,1,2.55,0.00,6065,1,2.55,0.00,6065
2026-05-09 15:23:58,1,1,1,1385.0,16,-12.7,-305,1351,1,2.55,0.00,6065,1,2.55,0.00,6065
2026-05-09 15:23:58,1,1,1,1382.7,16,-15.9,-378,1330,1,2.64,0.03,970,1,2.64,0.03,970
2026-05-09 15:23:58,1,1,1,1382.7,16,-15.9,-378,1330,1,2.64,0.03,970,1,2.64,0.03,970
2026-05-09 15:23:58,1,1,1,1414.2,32,-18.6,-452,1340,1,2.71,0.07,1717,1,2.71,0.07,1717
2026-05-09 15:23:58,1,1,1,1414.2,32,-18.6,-452,1340,1,2.71,0.07,1717,1,2.71,0.07,1717
2026-05-09 15:23:58,1,1,1,1433.5,48,-20.6,-504,1342,1,2.62,0.04,24034,1,2.62,0.04,24034
2026-05-09 15:23:58,1,1,1,1460.2,32,-22.3,-554,1351,1,2.62,0.04,24034,1,2.62,0.04,24034
2026-05-09 15:23:58,1,1,1,1460.2,32,-22.3,-554,1351,1,2.54,0.02,6289,1,2.54,0.02,6289
2026-05-09 15:23:58,1,1,1,1490.7,24,-24.0,-606,1362,1,2.54,0.02,6289,1,2.54,0.02,6289
2026-05-09 15:23:58,1,1,1,1490.7,24,-24.0,-606,1362,1,2.55,0.02,6289,1,2.55,0.02,6289
2026-05-09 15:23:58,1,1,1,1517.2,16,-25.5,-654,1369,1,2.55,0.02,6289,1,2.55,0.02,6289
2026-05-09 15:23:59,1,1,1,1517.2,16,-25.5,-654,1369,1,2.55,0.02,6289,1,2.55,0.02,6289
2026-05-09 15:23:59,1,1,1,1551.4,48,-26.2,-685,1392,1,2.55,0.02,6289,1,2.55,0.02,6289
2026-05-09 15:23:59,1,1,1,1580.1,0,-27.1,-719,1407,1,2.55,0.02,6289,1,2.55,0.02,6289
2026-05-09 15:23:59,1,1,1,1580.1,0,-27.1,-719,1407,1,2.55,0.02,6289,1,2.55,0.02,6289
2026-05-09 15:23:59,1,1,1,1603.8,0,-28.0,-753,1416,1,2.55,0.02,6289,1,2.55,0.02,6289
2026-05-09 15:23:59,1,1,1,1603.8,0,-28.0,-753,1416,1,2.55,0.02,6289,1,2.55,0.02,6289
2026-05-09 15:23:59,1,1,1,1620.0,8,-28.6,-776,1422,1,2.55,0.02,6289,1,2.55,0.02,6289
2026-05-09 15:23:59,1,1,1,1620.0,8,-28.6,-776,1422,1,2.55,0.02,6289,1,2.55,0.02,6289
2026-05-09 15:23:59,1,1,1,1635.6,8,-28.6,-783,1436,1,2.55,0.02,6289,1,2.55,0.02,6289
2026-05-09 15:23:59,1,1,1,1635.6,8,-28.6,-783,1436,1,2.55,0.02,6289,1,2.55,0.02,6289
2026-05-09 15:23:59,1,1,1,1635.5,0,-28.5,-781,1437,1,2.55,0.02,6289,1,2.55,0.02,6289
2026-05-09 15:23:59,1,1,1,1641.4,8,-28.1,-773,1448,1,0.00,0.00,0,0,0.00,0.00,0
2026-05-09 15:23:59,1,1,1,1641.4,8,-28.1,-773,1448,1,0.00,0.00,0,0,0.00,0.00,0
2026-05-09 15:23:59,1,1,1,1643.9,-8,-27.7,-765,1455,1,0.00,0.00,0,0,0.00,0.00,0
2026-05-09 15:23:59,1,1,1,1643.9,-8,-27.7,-765,1455,1,1.74,-0.42,10532,1,1.74,-0.42,10532
2026-05-09 15:23:59,1,1,1,1645.2,-39,-27.7,-764,1457,1,1.74,-0.42,10532,1,1.74,-0.42,10532
2026-05-09 15:23:59,1,1,1,1645.2,-39,-27.7,-764,1457,1,1.73,-0.32,23545,1,1.73,-0.32,23545
2026-05-09 15:23:59,1,1,1,1645.1,-8,-27.5,-760,1459,1,1.73,-0.32,23545,1,1.73,-0.32,23545
2026-05-09 15:23:59,1,1,1,1643.2,-16,-27.2,-752,1461,1,1.69,-0.32,23545,1,1.69,-0.32,23545
2026-05-09 15:23:59,1,1,1,1643.2,-16,-27.2,-752,1461,1,1.69,-0.32,23545,1,1.69,-0.32,23545
2026-05-09 15:24:00,1,1,1,1639.1,-32,-27.0,-743,1461,1,1.69,-0.32,23545,1,1.69,-0.32,23545
2026-05-09 15:24:00,1,1,1,1639.1,-32,-27.0,-743,1461,1,1.69,-0.32,23545,1,1.69,-0.32,23545
2026-05-09 15:24:00,1,1,1,1634.1,-32,-26.6,-732,1461,1,1.69,-0.32,23545,1,1.69,-0.32,23545
2026-05-09 15:24:00,1,1,1,1634.1,-32,-26.6,-732,1461,1,1.69,-0.32,23545,1,1.69,-0.32,23545
2026-05-09 15:24:00,1,1,1,1628.8,0,-26.2,-718,1462,1,3.25,0.00,1445,1,3.25,0.00,1445
2026-05-09 15:24:00,1,1,1,1628.8,0,-26.2,-718,1462,1,3.25,0.00,1445,1,3.25,0.00,1445
2026-05-09 15:24:00,1,1,1,1621.8,8,-25.6,-702,1462,1,3.25,0.00,1098,1,3.25,0.00,1098
2026-05-09 15:24:00,1,1,1,1617.7,39,-25.0,-684,1466,1,3.25,0.00,1098,1,3.25,0.00,1098
2026-05-09 15:24:00,1,1,1,1617.7,39,-25.0,-684,1466,1,3.25,0.00,1098,1,3.25,0.00,1098
2026-05-09 15:24:00,1,1,1,1618.0,56,-22.8,-626,1492,0,0.00,0.00,0,1,3.25,0.00,1098
2026-05-09 15:24:00,1,1,1,1618.0,56,-22.8,-626,1492,0,0.00,0.00,0,1,3.25,0.00,1098
2026-05-09 15:24:00,1,1,1,1631.7,0,-20.3,-567,1530,0,0.00,0.00,0,1,3.25,0.00,1098
2026-05-09 15:24:00,1,1,1,1631.7,0,-20.3,-567,1530,0,0.00,0.00,0,1,3.25,0.00,1098
2026-05-09 15:24:00,1,1,1,1772.1,0,-16.3,-497,1701,0,0.00,0.00,0,1,3.25,0.00,1098
2026-05-09 15:24:00,1,1,1,2009.0,0,-14.5,-503,1945,0,0.00,0.00,0,1,3.20,0.03,6025
2026-05-09 15:24:00,1,1,1,2009.0,0,-14.5,-503,1945,0,0.00,0.00,0,1,3.20,0.03,6025
2026-05-09 15:24:00,1,1,1,2233.3,0,-14.1,-544,2166,1,3.21,0.03,6025,1,3.21,0.03,6025
2026-05-09 15:24:00,1,1,1,2233.3,0,-14.1,-544,2166,1,3.21,0.03,6025,1,3.21,0.03,6025
2026-05-09 15:24:00,1,1,1,2426.9,0,-15.7,-658,2336,1,2.63,0.07,22525,1,2.63,0.07,22525
2026-05-09 15:24:00,1,1,1,2426.9,0,-15.7,-658,2336,1,2.63,0.07,22525,1,2.63,0.07,22525
2026-05-09 15:24:01,1,1,1,2588.6,0,-16.7,-742,2480,1,2.64,0.07,22525,1,2.64,0.07,22525
2026-05-09 15:24:01,1,1,1,2588.6,0,-16.7,-742,2480,1,2.64,0.07,22525,1,2.64,0.07,22525
2026-05-09 15:24:01,1,1,1,2734.7,0,-17.6,-826,2607,1,2.64,0.07,22525,1,2.64,0.07,22525
2026-05-09 15:24:01,1,1,1,2865.0,0,-18.4,-906,2718,1,2.64,0.07,22525,1,2.64,0.07,22525
2026-05-09 15:24:01,1,1,1,2865.0,0,-18.4,-906,2718,1,2.64,0.07,22525,1,2.64,0.07,22525
2026-05-09 15:24:01,1,1,1,2978.2,0,-19.2,-978,2813,1,2.64,0.07,22525,1,2.64,0.07,22525
2026-05-09 15:24:01,1,1,1,2978.2,0,-19.2,-978,2813,1,2.03,0.25,4810,1,2.03,0.25,4810
2026-05-09 15:24:01,1,1,1,3076.2,0,-19.8,-1043,2894,1,2.03,0.25,4810,1,2.03,0.25,4810
2026-05-09 15:24:01,1,1,1,3076.2,0,-19.8,-1043,2894,1,2.06,0.25,4810,1,2.06,0.25,4810
2026-05-09 15:24:01,1,1,1,3159.7,0,-20.4,-1100,2962,1,2.06,0.25,4810,1,2.06,0.25,4810
2026-05-09 15:24:01,1,1,1,3230.8,0,-20.8,-1148,3020,1,2.06,0.25,4810,1,2.06,0.25,4810
2026-05-09 15:24:01,1,1,1,3230.8,0,-20.8,-1148,3020,1,2.06,0.25,4810,1,2.06,0.25,4810
2026-05-09 15:24:01,1,1,1,3290.7,0,-21.2,-1190,3068,1,2.06,0.25,4810,1,2.06,0.25,4810
2026-05-09 15:24:01,1,1,1,3290.7,0,-21.2,-1190,3068,1,2.06,0.25,4810,1,2.06,0.25,4810
2026-05-09 15:24:01,1,1,1,3340.7,0,-21.5,-1225,3108,1,2.06,0.25,4810,1,2.06,0.25,4810
2026-05-09 15:24:01,1,1,1,3340.7,0,-21.5,-1225,3108,1,2.06,0.25,4810,1,2.06,0.25,4810
2026-05-09 15:24:01,1,1,1,3382.4,0,-21.8,-1255,3141,1,2.06,0.25,4810,1,2.06,0.25,4810
2026-05-09 15:24:01,1,1,1,3382.4,0,-21.8,-1255,3141,1,2.06,0.25,4810,1,2.06,0.25,4810
2026-05-09 15:24:01,1,1,1,3416.4,0,-22.0,-1279,3168,1,2.06,0.25,4810,1,2.06,0.25,4810
2026-05-09 15:24:01,1,1,1,3445.6,0,-22.2,-1300,3191,1,2.06,0.25,4810,1,2.06,0.25,4810
2026-05-09 15:24:02,1,1,1,3445.6,0,-22.2,-1300,3191,1,2.06,0.25,4810,1,2.06,0.25,4810
2026-05-09 15:24:02,1,1,1,3458.3,0,-22.2,-1309,3201,1,0.00,0.00,0,0,0.00,0.00,0
2026-05-09 15:24:02,1,1,1,3458.3,0,-22.2,-1309,3201,1,0.00,0.00,0,0,0.00,0.00,0
2026-05-09 15:24:02,1,1,1,3469.7,0,-22.3,-1317,3210,1,0.00,0.00,0,0,0.00,0.00,0
2026-05-09 15:24:02,1,1,1,3469.7,0,-22.3,-1317,3210,1,0.00,0.00,0,0,0.00,0.00,0
2026-05-09 15:24:02,1,1,1,3480.1,0,-22.4,-1325,3218,1,0.00,0.00,0,0,0.00,0.00,0
2026-05-09 15:24:02,1,1,1,3480.1,0,-22.4,-1325,3218,1,1.99,-0.47,12868,1,1.99,-0.47,12868
2026-05-09 15:24:02,1,1,1,3477.8,0,-22.1,-1309,3222,1,1.99,-0.47,12868,1,1.99,-0.47,12868
2026-05-09 15:24:02,1,1,1,3469.7,0,-21.9,-1295,3219,1,1.95,-0.47,12868,1,1.95,-0.47,12868
2026-05-09 15:24:02,1,1,1,3469.7,0,-21.9,-1295,3219,1,1.95,-0.47,12868,1,1.95,-0.47,12868
2026-05-09 15:24:02,1,1,1,3458.4,0,-21.7,-1277,3214,1,1.95,-0.47,12868,1,1.95,-0.47,12868
2026-05-09 15:24:02,1,1,1,3458.4,0,-21.7,-1277,3214,1,1.95,-0.47,12868,1,1.95,-0.47,12868
2026-05-09 15:24:02,1,1,1,3448.1,0,-21.4,-1259,3210,1,1.95,-0.47,12868,1,1.95,-0.47,12868
2026-05-09 15:24:02,1,1,1,3448.1,0,-21.4,-1259,3210,1,1.95,-0.47,12868,1,1.95,-0.47,12868
2026-05-09 15:24:02,1,1,1,3436.9,0,-21.2,-1241,3205,1,1.95,-0.47,12868,1,1.95,-0.47,12868
2026-05-09 15:24:02,1,1,1,3427.4,0,-20.9,-1225,3201,1,1.95,-0.47,12868,1,1.95,-0.47,12868
2026-05-09 15:24:02,1,1,1,3427.4,0,-20.9,-1225,3201,1,1.74,-0.60,38825,1,1.74,-0.60,38825
2026-05-09 15:24:02,1,1,1,3418.0,0,-20.7,-1209,3197,1,1.74,-0.60,38825,1,1.74,-0.60,38825
2026-05-09 15:24:02,1,1,1,3418.0,0,-20.7,-1209,3197,1,1.68,-0.60,38825,1,1.68,-0.60,38825
2026-05-09 15:24:02,1,1,1,3408.6,0,-20.5,-1193,3193,1,1.68,-0.60,38825,1,1.68,-0.60,38825
2026-05-09 15:24:03,1,1,1,3408.6,0,-20.5,-1193,3193,1,1.68,-0.60,38825,1,1.68,-0.60,38825
2026-05-09 15:24:03,1,1,1,3399.6,0,-20.3,-1178,3189,1,1.68,-0.60,38825,1,1.68,-0.60,38825
2026-05-09 15:24:03,1,1,1,3399.6,0,-20.3,-1178,3189,1,1.68,-0.60,38825,1,1.68,-0.60,38825
2026-05-09 15:24:03,1,1,1,3392.0,0,-20.1,-1164,3186,1,1.68,-0.60,38825,1,1.68,-0.60,38825
2026-05-09 15:24:03,1,1,1,3383.4,0,-19.9,-1150,3182,1,1.68,-0.60,38825,1,1.68,-0.60,38825
2026-05-09 15:24:03,1,1,1,3383.4,0,-19.9,-1150,3182,1,1.68,-0.60,38825,1,1.68,-0.60,38825
2026-05-09 15:24:03,1,1,1,3376.2,0,-19.7,-1137,3179,1,3.25,0.00,2669,1,3.25,0.00,2669
2026-05-09 15:24:13,1,1,1,2020.7,8,25.1,857,1830,1,2.05,0.24,16354,1,2.05,0.24,16354
2026-05-09 15:24:13,1,1,1,2020.7,8,25.1,857,1830,1,2.05,0.24,16354,1,2.05,0.24,16354
2026-05-09 15:24:13,1,1,1,2040.8,16,25.9,893,1835,1,2.05,0.24,16354,1,2.05,0.24,16354
2026-05-09 15:24:13,1,1,1,2040.8,16,25.9,893,1835,1,2.05,0.24,16354,1,2.05,0.24,16354
2026-05-09 15:24:13,1,1,1,2044.2,-16,26.9,925,1823,1,2.05,0.24,16354,1,2.05,0.24,16354
2026-05-09 15:24:13,1,1,1,2044.2,-16,26.9,925,1823,1,2.05,0.24,16354,1,2.05,0.24,16354
2026-05-09 15:24:13,1,1,1,2048.2,-16,27.7,951,1814,1,2.05,0.24,16354,1,2.05,0.24,16354
2026-05-09 15:24:13,1,1,1,2046.1,-8,28.3,971,1801,1,2.05,0.24,16354,1,2.05,0.24,16354
2026-05-09 15:24:13,1,1,1,2046.1,-8,28.3,971,1801,1,2.05,0.24,16354,1,2.05,0.24,16354
2026-05-09 15:24:13,1,1,1,2035.4,-24,28.7,978,1785,1,2.05,0.24,16354,1,2.05,0.24,16354
2026-05-09 15:24:13,1,1,1,2035.4,-24,28.7,978,1785,1,0.00,0.00,0,0,0.00,0.00,0
2026-05-09 15:24:13,1,1,1,2038.6,0,28.8,981,1787,1,0.00,0.00,0,0,0.00,0.00,0
2026-05-09 15:24:13,1,1,1,2038.6,0,28.8,981,1787,1,0.00,0.00,0,0,0.00,0.00,0
2026-05-09 15:24:14,1,1,1,2037.8,-8,28.5,972,1791,1,2.04,-0.16,13549,1,2.04,-0.16,13549
2026-05-09 15:24:14,1,1,1,2033.0,16,28.2,962,1791,1,2.04,-0.16,13549,1,2.04,-0.16,13549
2026-05-09 15:24:14,1,1,1,2033.0,16,28.2,962,1791,1,2.02,-0.08,7888,1,2.02,-0.08,7888
2026-05-09 15:24:14,1,1,1,2027.4,-8,27.9,950,1791,1,2.02,-0.08,7888,1,2.02,-0.08,7888
2026-05-09 15:24:14,1,1,1,2027.4,-8,27.9,950,1791,1,2.01,-0.08,7888,1,2.01,-0.08,7888
2026-05-09 15:24:14,1,1,1,2021.3,-16,27.6,937,1791,1,2.01,-0.08,7888,1,2.01,-0.08,7888
2026-05-09 15:24:14,1,1,1,2021.3,-16,27.6,937,1791,1,2.01,-0.08,7888,1,2.01,-0.08,7888
2026-05-09 15:24:14,1,1,1,2014.8,-8,27.2,921,1792,1,2.01,-0.08,7888,1,2.01,-0.08,7888
2026-05-09 15:24:14,1,1,1,2014.8,-8,27.2,921,1792,1,2.01,-0.08,7888,1,2.01,-0.08,7888
2026-05-09 15:24:14,1,1,1,2010.7,0,26.7,902,1797,1,2.01,-0.08,7888,1,2.01,-0.08,7888
2026-05-09 15:24:14,1,1,1,2006.8,-8,26.0,879,1804,1,2.01,-0.08,7888,1,2.01,-0.08,7888
2026-05-09 15:24:14,1,1,1,2006.8,-8,26.0,879,1804,1,2.01,-0.08,7888,1,2.01,-0.08,7888
2026-05-09 15:24:14,1,1,1,2003.2,0,23.8,808,1833,1,2.01,-0.08,7888,1,2.01,-0.08,7888
2026-05-09 15:24:14,1,1,1,2003.2,0,23.8,808,1833,1,2.01,-0.08,7888,1,2.01,-0.08,7888
2026-05-09 15:24:14,1,1,1,1988.8,16,21.5,730,1850,1,2.00,0.26,7865,1,2.00,0.26,7865
2026-05-09 15:24:14,1,1,1,1988.8,16,21.5,730,1850,1,2.00,0.26,7865,1,2.00,0.26,7865
2026-05-09 15:24:14,1,1,1,1956.6,24,17.2,579,1869,1,2.03,0.26,47545,1,2.03,0.26,47545
2026-05-09 15:24:14,1,1,1,1942.1,0,12.9,434,1893,1,2.03,0.26,7865,1,2.03,0.26,7865
2026-05-09 15:24:14,1,1,1,1942.1,0,12.9,434,1893,1,2.08,0.38,29125,1,2.08,0.38,29125
2026-05-09 15:24:14,1,1,1,2096.4,0,8.0,292,2076,1,2.08,0.38,29125,1,2.08,0.38,29125
2026-05-09 15:24:15,1,1,1,2096.4,0,8.0,292,2076,1,2.17,0.42,20458,1,2.17,0.42,20458
2026-05-09 15:24:15,1,1,1,2262.5,0,4.0,157,2257,1,2.17,0.42,20458,1,2.17,0.42,20458
2026-05-09 15:24:15,1,1,1,2262.5,0,4.0,157,2257,1,2.22,0.38,15925,1,2.22,0.38,15925
2026-05-09 15:24:15,1,1,1,2419.2,32,0.6,27,2419,1,2.22,0.38,15925,1,2.22,0.38,15925
2026-05-09 15:24:15,1,1,1,2419.2,32,0.6,27,2419,1,2.25,0.38,15925,1,2.25,0.38,15925
2026-05-09 15:24:15,1,1,1,2557.9,0,-1.5,-69,2557,1,2.25,0.38,15925,1,2.25,0.38,15925
2026-05-09 15:24:15,1,1,1,2665.6,0,-3.0,-139,2662,1,2.25,0.38,15925,1,2.25,0.38,15925
2026-05-09 15:24:15,1,1,1,2665.6,0,-3.0,-139,2662,1,2.25,0.38,15925,1,2.25,0.38,15925
2026-05-09 15:24:15,1,1,1,2749.4,32,-4.2,-201,2742,1,2.25,0.38,15925,1,2.25,0.38,15925
2026-05-09 15:24:15,1,1,1,2749.4,32,-4.2,-201,2742,1,2.25,0.38,15925,1,2.25,0.38,15925
2026-05-09 15:24:15,1,1,1,2824.7,0,-5.0,-246,2814,1,2.25,0.38,15925,1,2.25,0.38,15925
2026-05-09 15:24:15,1,1,1,2824.7,0,-5.0,-246,2814,1,2.25,0.38,15925,1,2.25,0.38,15925
2026-05-09 15:24:15,1,1,1,2883.2,0,-6.1,-305,2867,1,2.25,0.38,15925,1,2.25,0.38,15925
2026-05-09 15:24:15,1,1,1,2883.2,0,-6.1,-305,2867,1,2.25,0.38,15925,1,2.25,0.38,15925
2026-05-09 15:24:15,1,1,1,2917.6,8,-7.4,-378,2893,1,2.25,0.38,15925,1,2.25,0.38,15925
2026-05-09 15:24:15,1,1,1,2915.4,16,-8.9,-453,2880,1,2.25,0.38,15925,1,2.25,0.38,15925
2026-05-09 15:24:15,1,1,1,2915.4,16,-8.9,-453,2880,1,2.33,0.23,7306,1,2.33,0.23,7306
2026-05-09 15:24:15,1,1,1,2815.5,24,-11.2,-546,2762,1,2.33,0.23,7306,1,2.33,0.23,7306
2026-05-09 15:24:15,1,1,1,2815.5,24,-11.2,-546,2762,1,2.35,0.23,7306,1,2.35,0.23,7306
2026-05-09 15:24:15,1,1,1,2731.9,0,-13.8,-652,2653,1,2.35,0.23,7306,1,2.35,0.23,7306
2026-05-09 15:24:16,1,1,1,2731.9,0,-13.8,-652,2653,1,2.44,0.25,6701,1,2.44,0.25,6701
2026-05-09 15:24:16,1,1,1,2724.7,0,-16.5,-772,2613,1,2.44,0.25,6701,1,2.44,0.25,6701
2026-05-09 15:24:16,1,1,1,2773.1,0,-19.4,-920,2616,1,2.46,0.25,6701,1,2.46,0.25,6701
2026-05-09 15:24:16,1,1,1,2773.1,0,-19.4,-920,2616,1,2.46,0.25,6701,1,2.46,0.25,6701
2026-05-09 15:24:16,1,1,1,2843.9,0,-21.9,-1060,2639,1,2.49,0.26,3125,1,2.49,0.26,3125
2026-05-09 15:24:16,1,1,1,2843.9,0,-21.9,-1060,2639,1,2.49,0.26,3125,1,2.49,0.26,3125
2026-05-09 15:24:16,1,1,1,2905.8,0,-24.0,-1181,2655,1,2.60,0.39,2441,1,2.60,0.39,2441
2026-05-09 15:24:16,1,1,1,2905.8,0,-24.0,-1181,2655,1,2.60,0.39,2441,1,2.60,0.39,2441
2026-05-09 15:24:16,1,1,1,2956.8,32,-25.8,-1287,2662,1,2.64,0.39,2441,1,2.64,0.39,2441
2026-05-09 15:24:16,1,1,1,2956.8,32,-25.8,-1287,2662,1,2.64,0.39,2441,1,2.64,0.39,2441
2026-05-09 15:24:16,1,1,1,2883.2,32,-26.7,-1297,2575,1,2.64,0.39,2441,1,2.64,0.39,2441
2026-05-09 15:24:16,1,1,1,2813.8,0,-27.5,-1299,2496,0,0.00,0.00,0,1,2.64,0.39,2441
2026-05-09 15:24:16,1,1,1,2813.8,0,-27.5,-1299,2496,0,0.00,0.00,0,1,2.64,0.39,2441
2026-05-09 15:24:16,1,1,1,2740.7,-24,-28.5,-1307,2409,0,0.00,0.00,0,1,2.64,0.39,2441
2026-05-09 15:24:16,1,1,1,2740.7,-24,-28.5,-1307,2409,0,0.00,0.00,0,1,2.64,0.39,2441
2026-05-09 15:24:16,1,1,1,2681.7,-8,-29.4,-1317,2336,0,0.00,0.00,0,1,2.64,0.39,2441
2026-05-09 15:24:16,1,1,1,2681.7,-8,-29.4,-1317,2336,0,0.00,0.00,0,1,2.64,0.39,2441
2026-05-09 15:24:16,1,1,1,2625.8,-24,-30.3,-1325,2267,0,0.00,0.00,0,1,2.64,0.39,2441
2026-05-09 15:24:16,1,1,1,2580.9,-24,-31.2,-1338,2207,0,0.00,0.00,0,1,2.64,0.39,2441
2026-05-09 15:24:16,1,1,1,2580.9,-24,-31.2,-1338,2207,0,0.00,0.00,0,1,2.64,0.39,2441
2026-05-09 15:24:17,1,1,1,2548.6,-8,-31.8,-1343,2166,0,0.00,0.00,0,1,2.64,0.39,2441
2026-05-09 15:24:17,1,1,1,2548.6,-8,-31.8,-1343,2166,0,0.00,0.00,0,0,0.00,0.00,0
2026-05-09 15:24:17,1,1,1,2506.8,-39,-32.6,-1352,2111,0,0.00,0.00,0,0,0.00,0.00,0
2026-05-09 15:24:17,1,1,1,2506.8,-39,-32.6,-1352,2111,0,0.00,0.00,0,0,0.00,0.00,0
2026-05-09 15:24:17,1,1,1,2466.2,-48,-33.6,-1365,2054,0,0.00,0.00,0,0,0.00,0.00,0
2026-05-09 15:24:17,1,1,1,2466.2,-48,-33.6,-1365,2054,0,0.00,0.00,0,0,0.00,0.00,0
2026-05-09 15:24:17,1,1,1,2418.5,-72,-34.6,-1373,1991,0,0.00,0.00,0,0,0.00,0.00,0
2026-05-09 15:24:17,1,1,1,2370.4,-64,-35.4,-1372,1933,0,0.00,0.00,0,0,0.00,0.00,0
2026-05-09 15:24:17,1,1,1,2370.4,-64,-35.4,-1372,1933,0,0.00,0.00,0,0,0.00,0.00,0
2026-05-09 15:24:17,1,1,1,2326.7,-56,-35.9,-1364,1885,0,0.00,0.00,0,0,0.00,0.00,0
2026-05-09 15:24:17,1,1,1,2326.7,-56,-35.9,-1364,1885,0,0.00,0.00,0,0,0.00,0.00,0
2026-05-09 15:24:17,1,1,1,2285.4,-48,-36.1,-1346,1847,0,0.00,0.00,0,0,0.00,0.00,0
2026-05-09 15:24:17,1,1,1,2285.4,-48,-36.1,-1346,1847,0,0.00,0.00,0,0,0.00,0.00,0
2026-05-09 15:24:17,1,1,1,2243.9,-48,-36.3,-1329,1808,0,0.00,0.00,0,0,0.00,0.00,0
2026-05-09 15:24:17,1,1,1,2213.1,-24,-36.0,-1300,1791,0,0.00,0.00,0,0,0.00,0.00,0
2026-05-09 15:24:17,1,1,1,2213.1,-24,-36.0,-1300,1791,0,0.00,0.00,0,0,0.00,0.00,0
2026-05-09 15:24:17,1,1,1,2196.7,0,-35.4,-1272,1791,0,0.00,0.00,0,0,0.00,0.00,0
2026-05-09 15:24:17,1,1,1,2196.7,0,-35.4,-1272,1791,0,0.00,0.00,0,0,0.00,0.00,0
2026-05-09 15:24:17,1,1,1,2158.9,-48,-35.0,-1239,1768,0,0.00,0.00,0,0,0.00,0.00,0
2026-05-09 15:24:17,1,1,1,2158.9,-48,-35.0,-1239,1768,0,0.00,0.00,0,0,0.00,0.00,0
2026-05-09 15:24:18,1,1,1,2110.9,-39,-34.7,-1201,1736,0,0.00,0.00,0,0,0.00,0.00,0
2026-05-09 15:24:18,1,1,1,2110.9,-39,-34.7,-1201,1736,0,0.00,0.00,0,0,0.00,0.00,0
2026-05-09 15:24:18,1,1,1,2057.2,-32,-34.3,-1160,1699,0,0.00,0.00,0,0,0.00,0.00,0
2026-05-09 15:24:18,1,1,1,2004.7,-32,-33.8,-1115,1666,0,0.00,0.00,0,0,0.00,0.00,0
2026-05-09 15:24:18,1,1,1,2004.7,-32,-33.8,-1115,1666,0,0.00,0.00,0,1,1.99,-0.23,14762
2026-05-09 15:24:18,1,1,1,1957.1,-32,-33.2,-1071,1638,0,0.00,0.00,0,1,1.99,-0.23,14762
2026-05-09 15:24:18,1,1,1,1957.1,-32,-33.2,-1071,1638,1,1.97,-0.23,14762,1,1.97,-0.23,14762
2026-05-09 15:24:18,1,1,1,1917.3,-39,-32.4,-1027,1619,1,1.97,-0.23,14762,1,1.97,-0.23,14762
2026-05-09 15:24:18,1,1,1,1917.3,-39,-32.4,-1027,1619,1,1.97,-0.23,14762,1,1.97,-0.23,14762
2026-05-09 15:24:18,1,1,1,1858.1,-39,-31.9,-981,1578,1,1.97,-0.23,14762,1,1.97,-0.23,14762
2026-05-09 15:24:18,1,1,1,1807.6,-39,-30.8,-925,1553,1,1.97,-0.23,14762,1,1.97,-0.23,14762
2026-05-09 15:24:18,1,1,1,1807.6,-39,-30.8,-925,1553,1,1.97,-0.23,14762,1,1.97,-0.23,14762
2026-05-09 15:24:18,1,1,1,1759.1,-39,-29.8,-875,1526,1,1.97,-0.23,14762,1,1.97,-0.23,14762
2026-05-09 15:24:18,1,1,1,1759.1,-39,-29.8,-875,1526,1,1.97,-0.23,14762,1,1.97,-0.23,14762
2026-05-09 15:24:18,1,1,1,1708.2,-48,-28.2,-808,1505,1,1.97,-0.23,14762,1,1.97,-0.23,14762
2026-05-09 15:24:18,1,1,1,1708.2,-48,-28.2,-808,1505,1,1.97,-0.23,14762,1,1.97,-0.23,14762
2026-05-09 15:24:18,1,1,1,1664.6,-24,-26.9,-754,1484,1,1.97,-0.23,14762,1,1.97,-0.23,14762
2026-05-09 15:24:18,1,1,1,1664.6,-24,-26.9,-754,1484,1,1.97,-0.23,14762,1,1.97,-0.23,14762
2026-05-09 15:24:18,1,1,1,1630.2,-16,-25.9,-711,1467,1,1.97,-0.23,14762,1,1.97,-0.23,14762
2026-05-09 15:24:18,1,1,1,1611.2,-8,-24.8,-675,1463,1,0.00,0.00,0,0,0.00,0.00,0
2026-05-09 15:24:19,1,1,1,1611.2,-8,-24.8,-675,1463,1,0.00,0.00,0,0,0.00,0.00,0
2026-05-09 15:24:19,1,1,1,1593.3,-16,-23.1,-624,1466,1,0.00,0.00,0,0,0.00,0.00,0
2026-05-09 15:24:19,1,1,1,1593.3,-16,-23.1,-624,1466,1,0.00,0.00,0,0,0.00,0.00,0
2026-05-09 15:24:19,1,1,1,1581.3,-8,-21.1,-570,1475,1,0.00,0.00,0,0,0.00,0.00,0
2026-05-09 15:24:19,1,1,1,1581.3,-8,-21.1,-570,1475,0,0.00,0.00,0,0,0.00,0.00,0
2026-05-09 15:24:19,1,1,1,1566.0,-8,-19.6,-526,1475,0,0.00,0.00,0,0,0.00,0.00,0
2026-05-09 15:24:19,1,1,1,1562.2,-8,-18.3,-491,1483,0,0.00,0.00,0,0,0.00,0.00,0
2026-05-09 15:24:19,1,1,1,1562.2,-8,-18.3,-491,1483,0,0.00,0.00,0,0,0.00,0.00,0
2026-05-09 15:24:19,1,1,1,1556.7,8,-16.6,-444,1492,0,0.00,0.00,0,0,0.00,0.00,0
2026-05-09 15:24:19,1,1,1,1556.7,8,-16.6,-444,1492,0,0.00,0.00,0,0,0.00,0.00,0
2026-05-09 15:24:19,1,1,1,1550.0,-8,-14.9,-398,1498,0,0.00,0.00,0,0,0.00,0.00,0
2026-05-09 15:24:19,1,1,1,1550.0,-8,-14.9,-398,1498,0,0.00,0.00,0,0,0.00,0.00,0
2026-05-09 15:24:19,1,1,1,1539.2,0,-12.8,-341,1501,0,0.00,0.00,0,0,0.00,0.00,0
2026-05-09 15:24:19,1,1,1,1539.2,0,-12.8,-341,1501,0,0.00,0.00,0,0,0.00,0.00,0
2026-05-09 15:24:19,1,1,1,1529.0,0,-10.6,-281,1503,0,0.00,0.00,0,0,0.00,0.00,0
2026-05-09 15:24:19,1,1,1,1520.4,0,-8.4,-223,1504,0,0.00,0.00,0,0,0.00,0.00,0
2026-05-09 15:24:19,1,1,1,1520.4,0,-8.4,-223,1504,0,0.00,0.00,0,0,0.00,0.00,0
2026-05-09 15:24:19,1,1,1,1509.1,8,-5.6,-146,1502,0,0.00,0.00,0,0,0.00,0.00,0
2026-05-09 15:24:19,1,1,1,1509.1,8,-5.6,-146,1502,0,0.00,0.00,0,0,0.00,0.00,0
2026-05-09 15:24:19,1,1,1,1515.8,8,-1.9,-50,1515,0,0.00,0.00,0,0,0.00,0.00,0
2026-05-09 15:24:20,1,1,1,1515.8,8,-1.9,-50,1515,0,0.00,0.00,0,0,0.00,0.00,0
2026-05-09 15:24:20,1,1,1,1531.8,8,1.8,49,1531,0,0.00,0.00,0,0,0.00,0.00,0
2026-05-09 15:24:20,1,1,1,1531.8,8,1.8,49,1531,0,0.00,0.00,0,0,0.00,0.00,0
2026-05-09 15:24:20,1,1,1,1539.8,24,4.5,121,1535,0,0.00,0.00,0,0,0.00,0.00,0
2026-05-09 15:24:20,1,1,1,1553.9,24,6.8,184,1543,0,0.00,0.00,0,0,0.00,0.00,0
2026-05-09 15:24:20,1,1,1,1553.9,24,6.8,184,1543,0,0.00,0.00,0,0,0.00,0.00,0
2026-05-09 15:24:20,1,1,1,1579.5,32,8.8,241,1561,0,0.00,0.00,0,1,1.75,0.47,34805
2026-05-09 15:24:20,1,1,1,1579.5,32,8.8,241,1561,0,0.00,0.00,0,1,1.75,0.47,34805
2026-05-09 15:24:20,1,1,1,1605.0,48,10.5,293,1578,1,1.79,0.59,25805,1,1.79,0.59,25805
2026-05-09 15:24:20,1,1,1,1605.0,48,10.5,293,1578,1,1.79,0.59,25805,1,1.79,0.59,25805
2026-05-09 15:24:20,1,1,1,1629.7,72,12.5,353,1591,1,1.85,0.59,25805,1,1.85,0.59,25805
2026-05-09 15:24:20,1,1,1,1662.7,64,14.7,423,1608,1,1.85,0.59,25805,1,1.85,0.59,25805
2026-05-09 15:24:20,1,1,1,1662.7,64,14.7,423,1608,1,1.85,0.59,25805,1,1.85,0.59,25805
2026-05-09 15:24:20,1,1,1,1696.7,72,17.2,501,1621,1,1.85,0.59,25805,1,1.85,0.59,25805
2026-05-09 15:24:20,1,1,1,1696.7,72,17.2,501,1621,1,1.85,0.59,25805,1,1.85,0.59,25805
2026-05-09 15:24:20,1,1,1,1729.6,64,19.7,584,1628,1,1.85,0.59,25805,1,1.85,0.59,25805
2026-05-09 15:24:20,1,1,1,1729.6,64,19.7,584,1628,1,1.85,0.59,25805,1,1.85,0.59,25805
2026-05-09 15:24:20,1,1,1,1766.7,48,21.8,657,1640,1,1.85,0.59,25805,1,1.85,0.59,25805
2026-05-09 15:24:20,1,1,1,1766.7,48,21.8,657,1640,1,1.85,0.59,25805,1,1.85,0.59,25805
2026-05-09 15:24:20,1,1,1,1808.2,39,23.1,710,1663,1,1.85,0.59,25805,1,1.85,0.59,25805
2026-05-09 15:24:21,1,1,1,1853.2,72,24.8,778,1682,1,2.25,1.40,2977,1,2.25,1.40,2977
2026-05-09 15:24:21,1,1,1,1853.2,72,24.8,778,1682,1,2.25,1.40,2977,1,2.25,1.40,2977
2026-05-09 15:24:21,1,1,1,1889.6,-24,25.9,825,1700,1,2.39,1.40,2977,1,2.39,1.40,2977
2026-05-09 15:24:21,1,1,1,1889.6,-24,25.9,825,1700,1,2.39,1.40,2977,1,2.39,1.40,2977
2026-05-09 15:24:21,1,1,1,1922.1,32,26.8,868,1715,1,2.39,1.40,2977,1,2.39,1.40,2977
2026-05-09 15:24:21,1,1,1,1922.1,32,26.8,868,1715,0,0.00,0.00,0,1,2.39,1.40,2977
2026-05-09 15:24:21,1,1,1,1942.8,-8,27.3,890,1727,0,0.00,0.00,0,1,2.39,1.40,2977
2026-05-09 15:24:21,1,1,1,1968.3,8,27.9,922,1739,0,0.00,0.00,0,1,2.39,1.40,2977
2026-05-09 15:24:21,1,1,1,1968.3,8,27.9,922,1739,0,0.00,0.00,0,1,2.39,1.40,2977
2026-05-09 15:24:21,1,1,1,1994.3,8,28.5,951,1753,0,0.00,0.00,0,1,2.39,1.40,2977
2026-05-09 15:24:21,1,1,1,1994.3,8,28.5,951,1753,0,0.00,0.00,0,1,2.39,1.40,2977
2026-05-09 15:24:21,1,1,1,2020.1,-8,28.7,970,1772,0,0.00,0.00,0,1,2.39,1.40,2977
2026-05-09 15:24:21,1,1,1,2020.1,-8,28.7,970,1772,0,0.00,0.00,0,1,2.39,1.40,2977
2026-05-09 15:24:21,1,1,1,2037.0,-16,28.6,974,1789,0,0.00,0.00,0,1,2.39,1.40,2977
2026-05-09 15:24:21,1,1,1,2037.0,-16,28.6,974,1789,0,0.00,0.00,0,1,2.39,1.40,2977
2026-05-09 15:24:21,1,1,1,2042.5,-16,28.7,982,1791,0,0.00,0.00,0,0,0.00,0.00,0
2026-05-09 15:24:21,1,1,1,2049.5,-16,28.9,991,1794,0,0.00,0.00,0,0,0.00,0.00,0
2026-05-09 15:24:21,1,1,1,2049.5,-16,28.9,991,1794,0,0.00,0.00,0,0,0.00,0.00,0
2026-05-09 15:24:21,1,1,1,2047.6,-48,29.1,996,1789,0,0.00,0.00,0,1,2.03,-0.23,6452
2026-05-09 15:24:21,1,1,1,2047.6,-48,29.1,996,1789,0,0.00,0.00,0,1,2.03,-0.23,6452
2026-05-09 15:24:22,1,1,1,2041.1,-24,29.2,997,1781,1,2.03,-0.23,19181,1,2.03,-0.23,19181
2026-05-09 15:24:22,1,1,1,2041.1,-24,29.2,997,1781,1,2.03,-0.23,19181,1,2.03,-0.23,19181
2026-05-09 15:24:22,1,1,1,2040.5,-16,29.2,994,1782,1,2.09,-0.18,3033,1,2.09,-0.18,3033
2026-05-09 15:24:22,1,1,1,2039.2,-16,28.9,986,1785,1,2.09,-0.18,3033,1,2.09,-0.18,3033
2026-05-09 15:24:22,1,1,1,2039.2,-16,28.9,986,1785,1,2.07,-0.18,3033,1,2.07,-0.18,3033
2026-05-09 15:24:22,1,1,1,2036.4,-24,28.5,971,1790,1,2.07,-0.18,3033,1,2.07,-0.18,3033
2026-05-09 15:24:22,1,1,1,2036.4,-24,28.5,971,1790,1,2.07,-0.18,3033,1,2.07,-0.18,3033
2026-05-09 15:24:22,1,1,1,2035.0,-16,28.0,955,1797,1,2.07,-0.18,3033,1,2.07,-0.18,3033
2026-05-09 15:24:22,1,1,1,2035.0,-16,28.0,955,1797,1,2.07,-0.18,3033,1,2.07,-0.18,3033
2026-05-09 15:24:22,1,1,1,2032.8,-16,27.4,937,1804,1,2.07,-0.18,3033,1,2.07,-0.18,3033
2026-05-09 15:24:22,1,1,1,2032.8,-16,27.4,937,1804,1,2.07,-0.18,3033,1,2.07,-0.18,3033
2026-05-09 15:24:22,1,1,1,2024.2,-8,25.9,884,1821,1,2.07,-0.18,3033,1,2.07,-0.18,3033
2026-05-09 15:24:22,1,1,1,2012.5,-8,24.5,833,1832,1,2.07,-0.18,3033,1,2.07,-0.18,3033
2026-05-09 15:24:22,1,1,1,2012.5,-8,24.5,833,1832,1,2.07,-0.18,3033,1,2.07,-0.18,3033
2026-05-09 15:24:22,1,1,1,2001.5,-16,23.5,797,1836,1,2.07,-0.18,3033,1,2.07,-0.18,3033
2026-05-09 15:24:22,1,1,1,2001.5,-16,23.5,797,1836,1,2.07,-0.18,3033,1,2.07,-0.18,3033
2026-05-09 15:24:22,1,1,1,1988.9,-16,22.3,755,1840,1,2.26,0.68,6340,1,2.26,0.68,6340
2026-05-09 15:24:22,1,1,1,1988.9,-16,22.3,755,1840,1,2.26,0.68,6340,1,2.26,0.68,6340
2026-05-09 15:24:22,1,1,1,1986.9,-8,20.3,688,1864,1,2.14,0.21,18265,1,2.14,0.21,18265
2026-05-09 15:24:22,1,1,1,2007.5,0,15.7,542,1933,1,2.14,0.21,18265,1,2.14,0.21,18265
2026-05-09 15:24:23,1,1,1,2007.5,0,15.7,542,1933,1,2.16,0.21,18265,1,2.16,0.21,18265
2026-05-09 15:24:23,1,1,1,2137.9,0,9.9,368,2106,1,2.16,0.21,18265,1,2.16,0.21,18265
2026-05-09 15:24:23,1,1,1,2137.9,0,9.9,368,2106,1,2.16,0.21,18265,1,2.16,0.21,18265
2026-05-09 15:24:23,1,1,1,2282.2,0,5.2,205,2273,1,2.16,0.21,18265,1,2.16,0.21,18265
2026-05-09 15:24:23,1,1,1,2282.2,0,5.2,205,2273,1,2.16,0.21,18265,1,2.16,0.21,18265
2026-05-09 15:24:23,1,1,1,2441.0,0,1.6,70,2440,1,2.16,0.21,18265,1,2.16,0.21,18265
2026-05-09 15:24:23,1,1,1,2441.0,0,1.6,70,2440,1,3.21,0.01,3700,1,3.21,0.01,3700
2026-05-09 15:24:23,1,1,1,2594.5,8,-1.1,-52,2594,1,3.21,0.01,3700,1,3.21,0.01,3700
2026-05-09 15:24:23,1,1,1,2717.0,0,-3.1,-148,2713,1,3.23,0.04,2426,1,3.23,0.04,2426
2026-05-09 15:24:23,1,1,1,2717.0,0,-3.1,-148,2713,1,3.23,0.04,2426,1,3.23,0.04,2426
2026-05-09 15:24:23,1,1,1,2807.7,24,-4.8,-233,2798,1,3.24,0.04,1665,1,3.24,0.04,1665
2026-05-09 15:24:23,1,1,1,2807.7,24,-4.8,-233,2798,1,3.24,0.04,1665,1,3.24,0.04,1665
2026-05-09 15:24:23,1,1,1,2863.8,0,-6.2,-310,2847,1,2.94,0.04,5409,1,2.94,0.04,5409
2026-05-09 15:24:23,1,1,1,2863.8,0,-6.2,-310,2847,1,2.94,0.04,5409,1,2.94,0.04,5409
2026-05-09 15:24:23,1,1,1,2903.6,0,-7.5,-377,2879,1,3.01,0.10,2330,1,3.01,0.10,2330
2026-05-09 15:24:23,1,1,1,2923.3,16,-8.7,-440,2890,1,3.01,0.10,2330,1,3.01,0.10,2330
2026-05-09 15:24:23,1,1,1,2923.3,16,-8.7,-440,2890,1,3.06,0.09,1604,1,3.06,0.09,1604
2026-05-09 15:24:23,1,1,1,2937.0,0,-10.4,-529,2889,1,3.06,0.09,1604,1,3.06,0.09,1604
2026-05-09 15:24:23,1,1,1,2937.0,0,-10.4,-529,2889,1,2.95,0.08,5009,1,2.95,0.08,5009
2026-05-09 15:24:23,1,1,1,2914.4,16,-12.2,-614,2849,1,2.95,0.08,5009,1,2.95,0.08,5009
2026-05-09 15:24:24,1,1,1,2914.4,16,-12.2,-614,2849,1,2.95,0.08,5009,1,2.95,0.08,5009
2026-05-09 15:24:24,1,1,1,2912.7,0,-14.9,-748,2815,1,2.95,0.08,5009,1,2.95,0.08,5009
2026-05-09 15:24:24,1,1,1,2912.7,0,-14.9,-748,2815,1,2.95,0.08,5009,1,2.95,0.08,5009
2026-05-09 15:24:24,1,1,1,2942.6,0,-18.0,-908,2799,1,2.95,0.08,5009,1,2.95,0.08,5009
2026-05-09 15:24:24,1,1,1,2965.9,16,-20.9,-1060,2770,1,2.95,0.08,5009,1,2.95,0.08,5009
2026-05-09 15:24:24,1,1,1,2965.9,16,-20.9,-1060,2770,1,2.95,0.08,5009,1,2.95,0.08,5009
2026-05-09 15:24:24,1,1,1,2817.2,16,-22.7,-1087,2599,1,2.95,0.08,5009,1,2.95,0.08,5009
2026-05-09 15:24:24,1,1,1,2817.2,16,-22.7,-1087,2599,1,2.95,0.08,5009,1,2.95,0.08,5009
2026-05-09 15:24:24,1,1,1,2667.9,16,-24.3,-1099,2431,1,2.27,0.27,1089,1,2.27,0.27,1089
2026-05-09 15:24:24,1,1,1,2667.9,16,-24.3,-1099,2431,1,2.27,0.27,1089,1,2.27,0.27,1089
2026-05-09 15:24:24,1,1,1,2540.9,32,-25.7,-1103,2289,1,2.27,0.26,17485,1,2.27,0.26,17485
2026-05-09 15:24:24,1,1,1,2540.9,32,-25.7,-1103,2289,1,2.27,0.26,17485,1,2.27,0.26,17485
2026-05-09 15:24:24,1,1,1,2441.5,32,-27.1,-1113,2173,1,2.30,0.26,17485,1,2.30,0.26,17485
2026-05-09 15:24:24,1,1,1,2373.7,32,-28.4,-1129,2088,1,2.30,0.26,17485,1,2.30,0.26,17485
2026-05-09 15:24:24,1,1,1,2373.7,32,-28.4,-1129,2088,1,2.30,0.26,17485,1,2.30,0.26,17485
2026-05-09 15:24:24,1,1,1,2333.5,39,-29.7,-1156,2027,1,2.30,0.26,17485,1,2.30,0.26,17485
2026-05-09 15:24:24,1,1,1,2333.5,39,-29.7,-1156,2027,1,2.30,0.26,17485,1,2.30,0.26,17485
2026-05-09 15:24:24,1,1,1,2310.3,32,-30.9,-1187,1982,1,2.30,0.26,17485,1,2.30,0.26,17485
2026-05-09 15:24:24,1,1,1,2310.3,32,-30.9,-1187,1982,1,2.30,0.26,17485,1,2.30,0.26,17485
2026-05-09 15:24:24,1,1,1,2321.9,8,-32.0,-1229,1970,1,2.30,0.26,17485,1,2.30,0.26,17485
2026-05-09 15:24:25,1,1,1,2327.5,8,-32.9,-1263,1955,1,2.30,0.26,17485,1,2.30,0.26,17485
2026-05-09 15:24:25,1,1,1,2327.5,8,-32.9,-1263,1955,1,2.30,0.26,17485,1,2.30,0.26,17485
2026-05-09 15:24:25,1,1,1,2323.6,0,-33.7,-1288,1934,1,2.30,0.26,17485,1,2.30,0.26,17485
2026-05-09 15:24:25,1,1,1,2323.6,0,-33.7,-1288,1934,1,2.30,0.26,17485,1,2.30,0.26,17485
2026-05-09 15:24:25,1,1,1,2321.5,-8,-34.2,-1305,1920,1,2.30,0.26,17485,1,2.30,0.26,17485
2026-05-09 15:24:25,1,1,1,2321.5,-8,-34.2,-1305,1920,1,0.00,0.00,0,0,0.00,0.00,0
2026-05-09 15:24:25,1,1,1,2318.0,-24,-34.5,-1312,1911,1,0.00,0.00,0,0,0.00,0.00,0
2026-05-09 15:24:25,1,1,1,2318.0,-24,-34.5,-1312,1911,1,0.00,0.00,0,0,0.00,0.00,0
2026-05-09 15:24:25,1,1,1,2313.1,-16,-34.6,-1312,1905,1,0.00,0.00,0,0,0.00,0.00,0
2026-05-09 15:24:25,1,1,1,2308.1,-24,-34.6,-1312,1899,1,0.00,0.00,0,0,0.00,0.00,0
2026-05-09 15:24:25,1,1,1,2308.1,-24,-34.6,-1312,1899,0,0.00,0.00,0,0,0.00,0.00,0
2026-05-09 15:24:25,1,1,1,2303.6,-16,-34.5,-1304,1899,0,0.00,0.00,0,0,0.00,0.00,0
2026-05-09 15:24:25,1,1,1,2303.6,-16,-34.5,-1304,1899,0,0.00,0.00,0,0,0.00,0.00,0
2026-05-09 15:24:25,1,1,1,2301.6,-24,-34.4,-1299,1900,0,0.00,0.00,0,0,0.00,0.00,0
2026-05-09 15:24:25,1,1,1,2301.6,-24,-34.4,-1299,1900,0,0.00,0.00,0,1,2.26,-0.23,19242
2026-05-09 15:24:25,1,1,1,2296.3,-32,-34.2,-1291,1899,0,0.00,0.00,0,1,2.26,-0.23,19242
2026-05-09 15:24:25,1,1,1,2290.1,-24,-34.0,-1280,1899,1,2.24,-0.35,6885,1,2.24,-0.35,6885
2026-05-09 15:24:25,1,1,1,2290.1,-24,-34.0,-1280,1899,1,2.24,-0.35,6885,1,2.24,-0.35,6885
2026-05-09 15:24:25,1,1,1,2281.8,-56,-33.8,-1268,1897,1,2.20,-0.35,6885,1,2.20,-0.35,6885
2026-05-09 15:24:25,1,1,1,2281.8,-56,-33.8,-1268,1897,1,2.20,-0.35,6885,1,2.20,-0.35,6885
2026-05-09 15:24:26,1,1,1,2272.1,-56,-33.5,-1255,1894,1,2.20,-0.35,6885,1,2.20,-0.35,6885
2026-05-09 15:24:26,1,1,1,2272.1,-56,-33.5,-1255,1894,1,2.20,-0.35,6885,1,2.20,-0.35,6885
2026-05-09 15:24:26,1,1,1,2261.8,0,-33.3,-1241,1891,1,2.20,-0.35,6885,1,2.20,-0.35,6885
2026-05-09 15:24:26,1,1,1,2261.8,0,-33.3,-1241,1891,1,2.20,-0.35,6885,1,2.20,-0.35,6885
2026-05-09 15:24:26,1,1,1,2278.6,0,-33.1,-1244,1909,1,2.20,-0.35,6885,1,2.20,-0.35,6885
2026-05-09 15:24:26,1,1,1,2303.8,0,-33.0,-1255,1932,1,2.20,-0.35,6885,1,2.20,-0.35,6885
2026-05-09 15:24:26,1,1,1,2303.8,0,-33.0,-1255,1932,1,2.20,-0.35,6885,1,2.20,-0.35,6885
2026-05-09 15:24:26,1,1,1,2335.5,0,-32.9,-1270,1960,1,2.20,-0.35,6885,1,2.20,-0.35,6885
2026-05-09 15:24:26,1,1,1,2335.5,0,-32.9,-1270,1960,1,2.20,-0.35,6885,1,2.20,-0.35,6885
2026-05-09 15:24:26,1,1,1,2366.0,0,-32.9,-1286,1986,1,2.20,-0.35,6885,1,2.20,-0.35,6885
2026-05-09 15:24:26,1,1,1,2366.0,0,-32.9,-1286,1986,1,2.20,-0.35,6885,1,2.20,-0.35,6885
2026-05-09 15:24:26,1,1,1,2394.7,0,-32.8,-1297,2013,1,0.00,0.00,0,0,0.00,0.00,0
2026-05-09 15:24:26,1,1,1,2416.7,-8,-32.6,-1302,2036,1,0.00,0.00,0,0,0.00,0.00,0
2026-05-09 15:24:26,1,1,1,2416.7,-8,-32.6,-1302,2036,1,0.00,0.00,0,0,0.00,0.00,0
2026-05-09 15:24:26,1,1,1,2392.2,0,-32.1,-1272,2026,1,0.00,0.00,0,0,0.00,0.00,0
2026-05-09 15:24:26,1,1,1,2392.2,0,-32.1,-1272,2026,1,0.00,0.00,0,0,0.00,0.00,0
2026-05-09 15:24:26,1,1,1,2362.0,0,-31.5,-1234,2014,0,0.00,0.00,0,0,0.00,0.00,0
2026-05-09 15:24:26,1,1,1,2362.0,0,-31.5,-1234,2014,0,0.00,0.00,0,0,0.00,0.00,0
2026-05-09 15:24:26,1,1,1,2286.1,-8,-29.5,-1127,1989,0,0.00,0.00,0,0,0.00,0.00,0
2026-05-09 15:24:26,1,1,1,2286.1,-8,-29.5,-1127,1989,0,0.00,0.00,0,0,0.00,0.00,0
2026-05-09 15:24:27,1,1,1,2162.4,-8,-25.3,-924,1955,0,0.00,0.00,0,0,0.00,0.00,0
2026-05-09 15:24:27,1,1,1,2075.5,-8,-21.5,-761,1931,0,0.00,0.00,0,0,0.00,0.00,0
2026-05-09 15:24:27,1,1,1,2075.5,-8,-21.5,-761,1931,0,0.00,0.00,0,0,0.00,0.00,0
2026-05-09 15:24:27,1,1,1,2018.6,0,-17.9,-620,1921,0,0.00,0.00,0,0,0.00,0.00,0
2026-05-09 15:24:27,1,1,1,2018.6,0,-17.9,-620,1921,0,0.00,0.00,0,0,0.00,0.00,0
2026-05-09 15:24:27,1,1,1,1954.4,-16,-14.3,-482,1894,0,0.00,0.00,0,0,0.00,0.00,0
2026-05-09 15:24:27,1,1,1,1954.4,-16,-14.3,-482,1894,0,0.00,0.00,0,1,1.85,-0.22,7380
2026-05-09 15:24:27,1,1,1,1904.7,-8,-10.5,-346,1873,0,0.00,0.00,0,1,1.85,-0.22,7380
2026-05-09 15:24:27,1,1,1,1866.7,0,-6.7,-217,1854,0,0.00,0.00,0,1,2.54,-0.06,1537
2026-05-09 15:24:27,1,1,1,1866.7,0,-6.7,-217,1854,0,0.00,0.00,0,1,2.54,-0.06,1537
2026-05-09 15:24:27,1,1,1,1843.3,0,-2.9,-93,1841,0,0.00,0.00,0,1,2.53,-0.06,1537
2026-05-09 15:24:27,1,1,1,1843.3,0,-2.9,-93,1841,0,0.00,0.00,0,1,2.53,-0.06,1537
2026-05-09 15:24:27,1,1,1,1824.1,8,0.5,16,1824,0,0.00,0.00,0,1,2.53,-0.06,1537
2026-05-09 15:24:27,1,1,1,1824.1,8,0.5,16,1824,0,0.00,0.00,0,1,2.53,-0.06,1537
2026-05-09 15:24:27,1,1,1,1802.8,32,3.2,100,1800,0,0.00,0.00,0,1,2.53,-0.06,1537
2026-05-09 15:24:27,1,1,1,1802.8,32,3.2,100,1800,0,0.00,0.00,0,1,2.53,-0.06,1537
2026-05-09 15:24:27,1,1,1,1799.1,16,5.5,171,1791,0,0.00,0.00,0,1,2.53,-0.06,1537
2026-05-09 15:24:27,1,1,1,1797.2,8,7.7,241,1781,0,0.00,0.00,0,1,2.53,-0.06,1537
2026-05-09 15:24:27,1,1,1,1797.2,8,7.7,241,1781,0,0.00,0.00,0,1,1.99,0.24,15440
2026-05-09 15:24:27,1,1,1,1799.3,8,10.2,318,1771,0,0.00,0.00,0,1,1.99,0.24,15440
2026-05-09 15:24:28,1,1,1,1799.3,8,10.2,318,1771,1,2.01,0.24,15440,1,2.01,0.24,15440
2026-05-09 15:24:28,1,1,1,1803.3,16,12.1,379,1763,1,2.01,0.24,15440,1,2.01,0.24,15440
2026-05-09 15:24:28,1,1,1,1803.3,16,12.1,379,1763,1,2.01,0.24,15440,1,2.01,0.24,15440
2026-05-09 15:24:28,1,1,1,1815.3,24,13.4,420,1766,1,2.01,0.24,15440,1,2.01,0.24,15440
2026-05-09 15:24:28,1,1,1,1815.3,24,13.4,420,1766,1,2.01,0.24,15440,1,2.01,0.24,15440
2026-05-09 15:24:28,1,1,1,1827.4,-8,14.8,466,1767,1,2.01,0.24,15440,1,2.01,0.24,15440
2026-05-09 15:24:28,1,1,1,1831.0,-8,16.2,512,1758,1,2.01,0.24,15440,1,2.01,0.24,15440
2026-05-09 15:24:28,1,1,1,1831.0,-8,16.2,512,1758,1,2.01,0.24,15440,1,2.01,0.24,15440
2026-05-09 15:24:28,1,1,1,1830.9,-8,17.4,548,1747,1,2.01,0.24,15440,1,2.01,0.24,15440
2026-05-09 15:24:28,1,1,1,1830.9,-8,17.4,548,1747,1,2.01,0.24,15440,1,2.01,0.24,15440
2026-05-09 15:24:28,1,1,1,1828.5,-8,18.1,568,1738,1,2.01,0.24,15440,1,2.01,0.24,15440
2026-05-09 15:24:28,1,1,1,1828.5,-8,18.1,568,1738,1,2.01,0.24,15440,1,2.01,0.24,15440
2026-05-09 15:24:28,1,1,1,1825.0,-8,18.4,575,1732,1,2.01,0.24,15440,1,2.01,0.24,15440
2026-05-09 15:24:28,1,1,1,1823.1,-8,18.4,575,1730,1,0.00,0.00,0,0,0.00,0.00,0
2026-05-09 15:24:28,1,1,1,1823.1,-8,18.4,575,1730,1,0.00,0.00,0,0,0.00,0.00,0
2026-05-09 15:24:28,1,1,1,1824.0,-8,18.2,569,1733,1,0.00,0.00,0,0,0.00,0.00,0
2026-05-09 15:24:28,1,1,1,1824.0,-8,18.2,569,1733,1,0.71,-0.19,16801,1,0.71,-0.19,16801
2026-05-09 15:24:28,1,1,1,1824.0,-16,18.1,566,1734,1,1.99,-0.19,16801,1,1.99,-0.19,16801
2026-05-09 15:24:28,1,1,1,1824.0,-16,18.1,566,1734,1,1.97,-0.19,16801,1,1.97,-0.19,16801
2026-05-09 15:24:28,1,1,1,1823.1,-24,17.9,560,1735,1,1.97,-0.19,16801,1,1.97,-0.19,16801
2026-05-09 15:24:29,1,1,1,1823.1,-24,17.9,560,1735,1,-149.07,-149.07,50629,1,-149.07,-149.07,50629
2026-05-09 15:24:29,1,1,1,1819.8,-16,17.6,549,1735,1,2.60,-0.03,4100,1,2.60,-0.03,4100
2026-05-09 15:24:29,1,1,1,1816.2,-16,17.2,537,1735,1,2.60,-0.03,4100,1,2.60,-0.03,4100
2026-05-09 15:24:29,1,1,1,1816.2,-16,17.2,537,1735,1,2.60,-0.03,4100,1,2.60,-0.03,4100
2026-05-09 15:24:29,1,1,1,1811.8,-8,16.7,522,1735,1,2.60,-0.03,4100,1,2.60,-0.03,4100
2026-05-09 15:24:29,1,1,1,1811.8,-8,16.7,522,1735,1,2.82,0.02,4714,1,2.82,0.02,4714
2026-05-09 15:24:29,1,1,1,1807.3,-8,16.3,506,1735,1,2.82,0.02,4714,1,2.82,0.02,4714
2026-05-09 15:24:29,1,1,1,1807.3,-8,16.3,506,1735,1,2.82,0.02,4714,1,2.82,0.02,4714
2026-05-09 15:24:29,1,1,1,1804.8,0,15.8,490,1737,1,2.82,0.02,12137,1,2.82,0.02,12137
2026-05-09 15:24:29,1,1,1,1800.6,32,15.0,467,1739,1,2.62,0.02,12137,1,2.62,0.02,12137
2026-05-09 15:24:29,1,1,1,1800.6,32,15.0,467,1739,1,2.62,0.02,12137,1,2.62,0.02,12137
2026-05-09 15:24:29,1,1,1,1789.7,56,14.2,439,1735,1,2.62,0.02,12137,1,2.62,0.02,12137
2026-05-09 15:24:29,1,1,1,1789.7,56,14.2,439,1735,1,2.62,0.02,58394,1,2.62,0.02,58394
2026-05-09 15:24:29,1,1,1,1756.3,56,11.7,355,1720,1,2.51,0.08,58522,1,2.51,0.08,58522
2026-05-09 15:24:29,1,1,1,1756.3,56,11.7,355,1720,1,-325.17,0.11,7850,1,-325.17,0.11,7850
2026-05-09 15:24:29,1,1,1,1745.3,56,9.2,278,1723,1,2.66,0.11,7850,1,2.66,0.11,7850
2026-05-09 15:24:29,1,1,1,1745.3,56,9.2,278,1723,1,2.66,0.13,6109,1,2.66,0.13,6109
2026-05-09 15:24:29,1,1,1,1746.4,0,8.3,253,1728,1,2.76,0.13,6109,1,2.76,0.13,6109
2026-05-09 15:24:29,1,1,1,1745.9,96,5.8,176,1737,1,2.77,0.13,6109,1,2.77,0.13,6109
2026-05-09 15:24:29,1,1,1,1745.9,96,5.8,176,1737,1,2.77,0.13,6109,1,2.77,0.13,6109
2026-05-09 15:24:30,1,1,1,1749.0,48,3.4,103,1746,1,2.77,0.13,43993,1,2.77,0.13,43993
2026-05-09 15:24:30,1,1,1,1749.0,48,3.4,103,1746,1,2.68,0.13,11225,1,2.68,0.13,11225
2026-05-09 15:24:30,1,1,1,1758.3,32,1.1,33,1758,1,2.64,0.13,9117,1,2.64,0.13,9117
2026-05-09 15:24:30,1,1,1,1758.3,32,1.1,33,1758,1,2.64,0.13,9117,1,2.64,0.13,9117
2026-05-09 15:24:30,1,1,1,1780.4,39,-1.2,-36,1780,1,2.65,0.13,9117,1,2.65,0.13,9117
2026-05-09 15:24:30,1,1,1,1839.8,56,-5.3,-169,1832,1,2.65,0.13,9117,1,2.65,0.13,9117
2026-05-09 15:24:30,1,1,1,1839.8,56,-5.3,-169,1832,1,2.65,0.13,9117,1,2.65,0.13,9117
2026-05-09 15:24:30,1,1,1,1916.2,48,-8.7,-291,1894,1,2.65,0.13,9117,1,2.65,0.13,9117
2026-05-09 15:24:30,1,1,1,1916.2,48,-8.7,-291,1894,1,2.65,0.13,9117,1,2.65,0.13,9117
2026-05-09 15:24:30,1,1,1,2012.6,0,-11.8,-412,1970,1,2.65,0.13,9117,1,2.65,0.13,9117
2026-05-09 15:24:30,1,1,1,2012.6,0,-11.8,-412,1970,1,2.65,0.13,9117,1,2.65,0.13,9117
2026-05-09 15:24:30,1,1,1,2197.3,0,-14.8,-563,2124,1,2.65,0.13,9117,1,2.65,0.13,9117
2026-05-09 15:24:30,1,1,1,2197.3,0,-14.8,-563,2124,1,2.57,2.57,257,1,2.57,2.57,257
2026-05-09 15:24:30,1,1,1,2373.7,24,-17.4,-710,2265,1,2.49,0.26,5917,1,2.49,0.26,5917
2026-05-09 15:24:30,1,1,1,2398.3,32,-19.3,-794,2263,1,2.49,0.25,2249,1,2.49,0.25,2249
2026-05-09 15:24:30,1,1,1,2398.3,32,-19.3,-794,2263,1,2.44,0.25,2249,1,2.44,0.25,2249
2026-05-09 15:24:30,1,1,1,2409.9,0,-21.3,-876,2245,1,-325.24,0.25,0,1,-325.24,0.25,0
2026-05-09 15:24:30,1,1,1,2409.9,0,-21.3,-876,2245,1,2.49,0.32,1697,1,2.49,0.32,1697
2026-05-09 15:24:30,1,1,1,2410.0,39,-23.3,-952,2214,1,2.52,0.32,1697,1,2.52,0.32,1697
2026-05-09 15:24:30,1,1,1,2410.0,39,-23.3,-952,2214,0,0.00,0.00,0,1,2.52,0.32,1697
2026-05-09 15:24:31,1,1,1,2406.9,16,-24.7,-1005,2187,0,0.00,0.00,0,1,2.52,0.32,1697
2026-05-09 15:24:31,1,1,1,2389.6,16,-25.9,-1045,2149,0,0.00,0.00,0,1,2.52,0.32,1697
2026-05-09 15:24:31,1,1,1,2389.6,16,-25.9,-1045,2149,0,0.00,0.00,0,1,2.52,0.32,1697
2026-05-09 15:24:31,1,1,1,2382.0,0,-27.3,-1092,2117,0,0.00,0.00,0,1,2.52,0.32,1697
2026-05-09 15:24:31,1,1,1,2382.0,0,-27.3,-1092,2117,0,0.00,0.00,0,1,2.52,0.32,1697
2026-05-09 15:24:31,1,1,1,2392.9,-8,-28.3,-1136,2106,0,0.00,0.00,0,1,2.52,0.32,1697
2026-05-09 15:24:31,1,1,1,2392.9,-8,-28.3,-1136,2106,0,0.00,0.00,0,1,2.50,0.70,3394
2026-05-09 15:24:31,1,1,1,2398.6,56,-28.9,-1159,2100,0,0.00,0.00,0,1,2.50,0.70,3394
2026-05-09 15:24:31,1,1,1,2398.6,56,-28.9,-1159,2100,1,2.50,0.70,3394,1,2.50,0.70,3394
2026-05-09 15:24:31,1,1,1,2398.7,-32,-29.6,-1186,2085,1,2.50,0.12,11156,1,2.50,0.12,11156
2026-05-09 15:24:31,1,1,1,2392.9,-39,-30.3,-1209,2065,1,2.52,0.12,11156,1,2.52,0.12,11156
2026-05-09 15:24:31,1,1,1,2392.9,-39,-30.3,-1209,2065,1,2.52,0.12,11156,1,2.52,0.12,11156
2026-05-09 15:24:31,1,1,1,2380.8,-48,-31.2,-1234,2036,1,2.52,0.12,11156,1,2.52,0.12,11156
2026-05-09 15:24:31,1,1,1,2380.8,-48,-31.2,-1234,2036,1,2.52,0.12,11156,1,2.52,0.12,11156
2026-05-09 15:24:31,1,1,1,2363.9,-24,-31.5,-1236,2015,1,2.52,0.12,11156,1,2.52,0.12,11156
2026-05-09 15:24:31,1,1,1,2363.9,-24,-31.5,-1236,2015,1,2.52,0.12,11156,1,2.52,0.12,11156
2026-05-09 15:24:31,1,1,1,2346.8,-32,-32.0,-1244,1990,1,2.52,0.12,11156,1,2.52,0.12,11156
2026-05-09 15:24:31,1,1,1,2323.8,-56,-32.3,-1242,1964,1,2.52,0.12,11156,1,2.52,0.12,11156
2026-05-09 15:24:31,1,1,1,2323.8,-56,-32.3,-1242,1964,1,2.52,0.12,11156,1,2.52,0.12,11156
2026-05-09 15:24:31,1,1,1,2310.6,-48,-32.4,-1238,1951,1,2.52,0.12,11156,1,2.52,0.12,11156
2026-05-09 15:24:32,1,1,1,2310.6,-48,-32.4,-1238,1951,1,2.52,0.12,11156,1,2.52,0.12,11156
2026-05-09 15:24:32,1,1,1,2296.4,-48,-32.4,-1232,1938,1,2.52,0.12,11156,1,2.52,0.12,11156
2026-05-09 15:24:32,1,1,1,2296.4,-48,-32.4,-1232,1938,1,2.52,0.12,11156,1,2.52,0.12,11156
2026-05-09 15:24:32,1,1,1,2275.6,-72,-32.5,-1223,1919,1,0.00,0.00,0,0,0.00,0.00,0
2026-05-09 15:24:32,1,1,1,2275.6,-72,-32.5,-1223,1919,1,0.00,0.00,0,0,0.00,0.00,0
2026-05-09 15:24:32,1,1,1,2224.3,-72,-32.8,-1206,1869,1,0.00,0.00,0,0,0.00,0.00,0
2026-05-09 15:24:32,1,1,1,2167.5,-79,-33.5,-1197,1807,1,2.02,-0.69,8753,1,2.02,-0.69,8753
2026-05-09 15:24:32,1,1,1,2167.5,-79,-33.5,-1197,1807,1,2.02,-0.69,8753,1,2.02,-0.69,8753
2026-05-09 15:24:32,1,1,1,2114.3,-64,-33.9,-1179,1755,1,1.95,-0.69,8753,1,1.95,-0.69,8753
2026-05-09 15:24:32,1,1,1,2114.3,-64,-33.9,-1179,1755,1,1.95,-0.69,8753,1,1.95,-0.69,8753
2026-05-09 15:24:32,1,1,1,2062.4,-56,-34.1,-1156,1708,1,1.95,-0.69,8753,1,1.95,-0.69,8753
2026-05-09 15:24:32,1,1,1,2062.4,-56,-34.1,-1156,1708,1,1.95,-0.56,1970,1,1.95,-0.56,1970
2026-05-09 15:24:32,1,1,1,2011.9,-48,-34.0,-1125,1668,1,1.89,-0.56,1970,1,1.89,-0.56,1970
2026-05-09 15:24:32,1,1,1,2011.9,-48,-34.0,-1125,1668,1,1.89,-0.56,1970,1,1.89,-0.56,1970
2026-05-09 15:24:32,1,1,1,1967.3,-32,-33.4,-1082,1643,1,1.89,-0.56,1970,1,1.89,-0.56,1970
2026-05-09 15:24:32,1,1,1,1930.6,0,-32.3,-1033,1631,1,1.89,-0.56,1970,1,1.89,-0.56,1970
2026-05-09 15:24:32,1,1,1,1930.6,0,-32.3,-1033,1631,0,0.00,0.00,0,1,1.89,-0.56,1970
2026-05-09 15:24:32,1,1,1,1897.1,0,-31.1,-979,1625,0,0.00,0.00,0,1,1.89,-0.56,1970
2026-05-09 15:24:32,1,1,1,1897.1,0,-31.1,-979,1625,0,0.00,0.00,0,1,1.89,-0.56,1970
2026-05-09 15:24:32,1,1,1,1868.6,0,-29.7,-926,1623,0,0.00,0.00,0,1,1.89,-0.56,1970
2026-05-09 15:24:33,1,1,1,1868.6,0,-29.7,-926,1623,0,0.00,0.00,0,1,1.89,-0.56,1970
2026-05-09 15:24:33,1,1,1,1867.5,-8,-28.3,-886,1644,0,0.00,0.00,0,1,1.89,-0.56,1970
2026-05-09 15:24:33,1,1,1,1852.4,-8,-26.7,-832,1655,0,0.00,0.00,0,1,1.85,-0.15,24965
2026-05-09 15:24:33,1,1,1,1852.4,-8,-26.7,-832,1655,0,0.00,0.00,0,1,1.85,-0.15,24965
2026-05-09 15:24:33,1,1,1,1832.1,-16,-24.9,-771,1662,1,1.83,-0.15,24965,1,1.83,-0.15,24965
2026-05-09 15:24:33,1,1,1,1832.1,-16,-24.9,-771,1662,1,1.83,-0.15,24965,1,1.83,-0.15,24965
2026-05-09 15:24:33,1,1,1,1820.3,0,-22.9,-708,1677,1,1.83,-0.15,39813,1,1.83,-0.15,39813
2026-05-09 15:24:33,1,1,1,1820.3,0,-22.9,-708,1677,1,1.78,-0.18,39780,1,1.78,-0.18,39780
2026-05-09 15:24:33,1,1,1,1801.9,-16,-20.8,-641,1684,1,1.76,-0.18,39780,1,1.76,-0.18,39780
2026-05-09 15:24:33,1,1,1,1801.9,-16,-20.8,-641,1684,1,1.76,-0.18,39780,1,1.76,-0.18,39780
2026-05-09 15:24:33,1,1,1,1779.8,-24,-19.1,-582,1682,1,1.76,-0.18,39780,1,1.76,-0.18,39780
2026-05-09 15:24:33,1,1,1,1744.1,-24,-17.9,-535,1660,1,1.76,-0.18,39780,1,1.76,-0.18,39780
2026-05-09 15:24:33,1,1,1,1744.1,-24,-17.9,-535,1660,1,1.76,-0.18,39780,1,1.76,-0.18,39780
2026-05-09 15:24:33,1,1,1,1715.8,-8,-16.6,-491,1644,1,1.76,-0.18,39780,1,1.76,-0.18,39780
2026-05-09 15:24:33,1,1,1,1715.8,-8,-16.6,-491,1644,1,1.76,-0.18,39780,1,1.76,-0.18,39780
2026-05-09 15:24:33,1,1,1,1700.4,-8,-15.9,-467,1635,1,1.76,-0.18,39780,1,1.76,-0.18,39780
2026-05-09 15:24:33,1,1,1,1700.4,-8,-15.9,-467,1635,1,1.76,-0.18,39780,1,1.76,-0.18,39780
2026-05-09 15:24:33,1,1,1,1689.9,0,-14.8,-431,1634,1,1.76,-0.18,39780,1,1.76,-0.18,39780
2026-05-09 15:24:33,1,1,1,1676.1,8,-13.2,-382,1632,1,1.76,-0.18,39780,1,1.76,-0.18,39780
2026-05-09 15:24:33,1,1,1,1676.1,8,-13.2,-382,1632,1,1.76,-0.18,39780,1,1.76,-0.18,39780
2026-05-09 15:24:34,1,1,1,1671.7,0,-11.4,-329,1639,1,1.76,-0.18,39780,1,1.76,-0.18,39780
2026-05-09 15:24:34,1,1,1,1671.7,0,-11.4,-329,1639,1,0.00,0.00,0,0,0.00,0.00,0
2026-05-09 15:24:34,1,1,1,1671.4,0,-9.4,-273,1649,1,0.00,0.00,0,0,0.00,0.00,0
2026-05-09 15:24:34,1,1,1,1671.4,0,-9.4,-273,1649,1,0.00,0.00,0,0,0.00,0.00,0
2026-05-09 15:24:34,1,1,1,1674.4,0,-7.5,-219,1660,1,0.00,0.00,0,0,0.00,0.00,0
2026-05-09 15:24:34,1,1,1,1674.4,0,-7.5,-219,1660,1,3.19,0.03,7816,1,3.19,0.03,7816
2026-05-09 15:24:34,1,1,1,1679.9,16,-4.8,-141,1674,1,3.19,0.03,0,1,3.19,0.03,0
2026-05-09 15:24:34,1,1,1,1680.7,8,-1.7,-50,1680,1,2.51,0.09,42973,1,2.51,0.09,42973
2026-05-09 15:24:34,1,1,1,1680.7,8,-1.7,-50,1680,1,2.57,2.57,257,1,2.57,2.57,257
2026-05-09 15:24:34,1,1,1,1682.1,0,0.7,21,1682,1,2.52,0.09,42973,1,2.52,0.09,42973
2026-05-09 15:24:34,1,1,1,1682.1,0,0.7,21,1682,1,2.52,0.09,42973,1,2.52,0.09,42973
2026-05-09 15:24:34,1,1,1,1681.9,8,3.4,99,1679,1,2.52,0.09,42973,1,2.52,0.09,42973
2026-05-09 15:24:34,1,1,1,1681.9,8,3.4,99,1679,1,2.52,0.09,42973,1,2.52,0.09,42973
2026-05-09 15:24:34,1,1,1,1685.1,8,6.0,175,1676,1,2.52,0.09,42973,1,2.52,0.09,42973
2026-05-09 15:24:34,1,1,1,1684.1,16,9.3,272,1662,1,2.52,0.09,42973,1,2.52,0.09,42973
2026-05-09 15:24:34,1,1,1,1684.1,16,9.3,272,1662,1,2.52,0.09,42973,1,2.52,0.09,42973
2026-05-09 15:24:34,1,1,1,1690.6,8,11.9,350,1654,1,2.52,0.09,42973,1,2.52,0.09,42973
2026-05-09 15:24:34,1,1,1,1690.6,8,11.9,350,1654,1,2.52,0.09,42973,1,2.52,0.09,42973
2026-05-09 15:24:34,1,1,1,1699.2,16,15.0,441,1641,1,2.52,0.09,42973,1,2.52,0.09,42973
2026-05-09 15:24:34,1,1,1,1699.2,16,15.0,441,1641,1,2.52,0.09,42973,1,2.52,0.09,42973
2026-05-09 15:24:35,1,1,1,1709.6,16,17.2,506,1633,1,2.52,0.09,42973,1,2.52,0.09,42973
2026-05-09 15:24:35,1,1,1,1709.6,16,17.2,506,1633,1,1.78,0.24,16658,1,1.78,0.24,16658
2026-05-09 15:24:35,1,1,1,1712.6,8,19.9,584,1610,1,-197.90,-197.90,45746,1,-197.90,-197.90,45746
2026-05-09 15:24:35,1,1,1,1725.1,24,22.1,650,1598,1,1.79,0.23,8000,1,1.79,0.23,8000
2026-05-09 15:24:35,1,1,1,1725.1,24,22.1,650,1598,1,1.79,0.23,8000,1,1.79,0.23,8000
2026-05-09 15:24:35,1,1,1,1739.8,24,23.9,704,1591,1,1.88,0.25,11034,1,1.88,0.25,11034
2026-05-09 15:24:35,1,1,1,1739.8,24,23.9,704,1591,1,1.88,0.25,11034,1,1.88,0.25,11034
2026-05-09 15:24:35,1,1,1,1757.0,32,25.4,754,1587,1,1.93,0.26,24916,1,1.93,0.26,24916
2026-05-09 15:24:35,1,1,1,1757.0,32,25.4,754,1587,1,2.57,2.57,257,1,2.57,2.57,257
2026-05-09 15:24:35,1,1,1,1780.8,24,26.8,802,1590,1,1.96,0.27,20340,1,1.96,0.27,20340
2026-05-09 15:24:35,1,1,1,1804.9,48,27.7,839,1598,1,1.99,0.27,20340,1,1.99,0.27,20340
2026-05-09 15:24:35,1,1,1,1804.9,48,27.7,839,1598,1,1.99,0.27,20340,1,1.99,0.27,20340
2026-05-09 15:24:35,1,1,1,1828.7,16,28.8,880,1603,1,0.71,0.27,20340,1,0.71,0.27,20340
2026-05-09 15:24:35,1,1,1,1828.7,16,28.8,880,1603,1,2.01,0.26,11213,1,2.01,0.26,11213
2026-05-09 15:24:35,1,1,1,1843.0,8,29.7,913,1601,1,2.04,0.26,11213,1,2.04,0.26,11213
2026-05-09 15:24:35,1,1,1,1843.0,8,29.7,913,1601,1,2.04,0.26,11213,1,2.04,0.26,11213
2026-05-09 15:24:35,1,1,1,1856.0,8,30.6,944,1598,1,2.04,0.26,43789,1,2.04,0.26,43789
2026-05-09 15:24:35,1,1,1,1856.0,8,30.6,944,1598,1,2.05,0.25,11338,1,2.05,0.25,11338
2026-05-09 15:24:35,1,1,1,1871.1,0,31.2,970,1600,1,2.05,0.25,11338,1,2.05,0.25,11338
2026-05-09 15:24:35,1,1,1,1876.3,-8,31.7,985,1597,1,2.08,0.25,11338,1,2.08,0.25,11338
2026-05-09 15:24:36,1,1,1,1876.3,-8,31.7,985,1597,1,-0.48,-0.01,65535,1,-0.48,-0.01,65535
2026-05-09 15:24:36,1,1,1,1878.5,-16,31.9,994,1594,1,2.07,0.20,9172,1,2.07,0.20,9172
2026-05-09 15:24:36,1,1,1,1878.5,-16,31.9,994,1594,1,2.09,0.20,9172,1,2.09,0.20,9172
2026-05-09 15:24:36,1,1,1,1881.8,0,32.0,997,1596,1,2.09,0.20,9172,1,2.09,0.20,9172
2026-05-09 15:24:36,1,1,1,1881.8,0,32.0,997,1596,1,2.09,0.20,9172,1,2.09,0.20,9172
2026-05-09 15:24:36,1,1,1,1886.8,-8,31.7,992,1605,1,2.09,0.20,9172,1,2.09,0.20,9172
2026-05-09 15:24:36,1,1,1,1892.4,-16,31.5,988,1614,1,2.09,0.20,9172,1,2.09,0.20,9172
2026-05-09 15:24:36,1,1,1,1892.4,-16,31.5,988,1614,1,2.09,0.20,9172,1,2.09,0.20,9172
2026-05-09 15:24:36,1,1,1,1893.4,-24,31.3,985,1617,1,2.09,0.20,9172,1,2.09,0.20,9172
2026-05-09 15:24:36,1,1,1,1893.4,-24,31.3,985,1617,1,2.09,0.20,9172,1,2.09,0.20,9172
2026-05-09 15:24:36,1,1,1,1889.6,-16,31.3,981,1615,1,2.09,0.20,9172,1,2.09,0.20,9172
2026-05-09 15:24:36,1,1,1,1889.6,-16,31.3,981,1615,1,2.04,-0.22,21290,1,2.04,-0.22,21290
2026-05-09 15:24:36,1,1,1,1887.9,-32,31.3,981,1613,1,2.04,-0.22,21290,1,2.04,-0.22,21290
2026-05-09 15:24:36,1,1,1,1887.9,-32,31.3,981,1613,1,2.01,-0.23,6865,1,2.01,-0.23,6865
2026-05-09 15:24:36,1,1,1,1885.1,-32,31.3,979,1611,1,1.98,-0.23,6865,1,1.98,-0.23,6865
2026-05-09 15:24:36,1,1,1,1880.1,-32,30.9,966,1613,1,1.98,-0.23,6865,1,1.98,-0.23,6865
2026-05-09 15:24:36,1,1,1,1880.1,-32,30.9,966,1613,1,1.98,-0.23,6865,1,1.98,-0.23,6865
2026-05-09 15:24:36,1,1,1,1874.0,-32,30.4,949,1616,1,1.98,-0.23,6865,1,1.98,-0.23,6865
2026-05-09 15:24:36,1,1,1,1874.0,-32,30.4,949,1616,1,1.98,-0.23,6865,1,1.98,-0.23,6865
2026-05-09 15:24:36,1,1,1,1866.6,-24,29.8,929,1619,1,1.98,-0.23,6865,1,1.98,-0.23,6865
2026-05-09 15:24:37,1,1,1,1866.6,-24,29.8,929,1619,1,1.98,-0.23,6865,1,1.98,-0.23,6865
2026-05-09 15:24:37,1,1,1,1860.5,-8,29.1,906,1625,1,1.98,-0.23,6865,1,1.98,-0.23,6865
2026-05-09 15:24:37,1,1,1,1860.5,-8,29.1,906,1625,1,1.98,-0.23,6865,1,1.98,-0.23,6865
2026-05-09 15:24:37,1,1,1,1860.9,0,26.0,817,1672,1,3.19,0.00,3029,1,3.19,0.00,3029
2026-05-09 15:24:37,1,1,1,1865.5,-16,20.6,657,1746,1,3.19,0.00,0,1,3.19,0.00,0
2026-05-09 15:24:37,1,1,1,1865.5,-16,20.6,657,1746,1,3.19,0.00,3029,1,3.19,0.00,3029
2026-05-09 15:24:37,1,1,1,1929.6,-8,14.9,495,1865,1,3.19,0.00,3029,1,3.19,0.00,3029
2026-05-09 15:24:37,1,1,1,1929.6,-8,14.9,495,1865,1,3.22,0.00,6381,1,3.22,0.00,6381
2026-05-09 15:24:37,1,1,1,1979.9,0,10.8,370,1945,1,2.57,2.57,257,1,2.57,2.57,257
2026-05-09 15:24:37,1,1,1,1979.9,0,10.8,370,1945,1,3.22,0.00,6381,1,3.22,0.00,6381
2026-05-09 15:24:37,1,1,1,1974.7,0,7.7,264,1957,1,3.22,0.00,6381,1,3.22,0.00,6381
2026-05-09 15:24:37,1,1,1,1928.5,-8,5.4,181,1920,1,3.22,0.00,6381,1,3.22,0.00,6381
2026-05-09 15:24:37,1,1,1,1928.5,-8,5.4,181,1920,1,3.22,0.00,6381,1,3.22,0.00,6381
2026-05-09 15:24:37,1,1,1,1864.7,0,3.6,118,1861,1,3.22,0.00,6381,1,3.22,0.00,6381
2026-05-09 15:24:37,1,1,1,1864.7,0,3.6,118,1861,1,3.22,0.00,6381,1,3.22,0.00,6381
2026-05-09 15:24:37,1,1,1,1812.3,16,2.2,69,1811,1,3.22,0.00,6381,1,3.22,0.00,6381
2026-05-09 15:24:37,1,1,1,1812.3,16,2.2,69,1811,1,3.22,0.00,6381,1,3.22,0.00,6381
2026-05-09 15:24:37,1,1,1,1767.1,-24,0.6,18,1767,1,3.22,0.00,6381,1,3.22,0.00,6381
2026-05-09 15:24:37,1,1,1,1767.1,-24,0.6,18,1767,1,3.22,0.00,6381,1,3.22,0.00,6381
2026-05-09 15:24:37,1,1,1,1721.3,-39,-1.1,-33,1721,1,3.22,0.00,6381,1,3.22,0.00,6381
2026-05-09 15:24:38,1,1,1,1680.1,-56,-2.9,-84,1678,1,3.22,0.00,6381,1,3.22,0.00,6381
2026-05-09 15:24:38,1,1,1,1680.1,-56,-2.9,-84,1678,1,0.00,0.00,0,0,0.00,0.00,0
2026-05-09 15:24:38,1,1,1,1640.0,-56,-4.5,-128,1635,1,0.00,0.00,0,0,0.00,0.00,0
2026-05-09 15:24:38,1,1,1,1640.0,-56,-4.5,-128,1635,1,0.00,0.00,0,0,0.00,0.00,0
2026-05-09 15:24:38,1,1,1,1599.9,-72,-5.7,-159,1592,1,0.00,0.00,0,0,0.00,0.00,0
2026-05-09 15:24:38,1,1,1,1599.9,-72,-5.7,-159,1592,1,0.00,0.00,0,0,0.00,0.00,0
2026-05-09 15:24:38,1,1,1,1560.0,-48,-6.8,-185,1549,0,0.00,0.00,0,0,0.00,0.00,0
2026-05-09 15:24:38,1,1,1,1521.2,-48,-7.8,-207,1507,0,0.00,0.00,0,1,1.56,-0.37,17972
2026-05-09 15:24:38,1,1,1,1521.2,-48,-7.8,-207,1507,0,0.00,0.00,0,1,1.56,0.00,0
2026-05-09 15:24:38,1,1,1,1484.3,-48,-8.8,-226,1467,0,0.00,0.00,0,1,1.51,-0.31,50689
2026-05-09 15:24:38,1,1,1,1484.3,-48,-8.8,-226,1467,0,0.00,0.00,0,1,1.51,-1.59,50689
2026-05-09 15:24:38,1,1,1,1449.1,-32,-10.5,-263,1425,1,1.49,-0.28,9309,1,1.49,-0.28,9309
2026-05-09 15:24:38,1,1,1,1449.1,-32,-10.5,-263,1425,1,-272.43,-272.43,38293,1,-272.43,-272.43,38293
2026-05-09 15:24:38,1,1,1,1420.1,-39,-12.9,-318,1384,1,1.46,-0.28,9309,1,1.46,-0.28,9309
2026-05-09 15:24:38,1,1,1,1420.1,-39,-12.9,-318,1384,1,1.46,-0.28,65535,1,1.46,-0.28,65535
2026-05-09 15:24:38,1,1,1,1394.7,-39,-15.3,-369,1345,1,1.45,-0.26,25765,1,1.45,-0.26,25765
2026-05-09 15:24:38,1,1,1,1373.9,-32,-17.5,-414,1310,1,1.45,-0.26,25765,1,1.45,-0.26,25765
2026-05-09 15:24:38,1,1,1,1373.9,-32,-17.5,-414,1310,1,1.82,-0.10,2034,1,1.82,-0.10,2034
2026-05-09 15:24:38,1,1,1,1347.0,-24,-19.3,-446,1271,1,1.82,-0.10,2034,1,1.82,-0.10,2034
2026-05-09 15:24:38,1,1,1,1347.0,-24,-19.3,-446,1271,1,1.81,-0.10,2034,1,1.81,-0.10,2034
2026-05-09 15:24:39,1,1,1,1320.5,-24,-21.2,-478,1231,1,1.81,-0.10,2034,1,1.81,-0.10,2034
2026-05-09 15:24:39,1,1,1,1320.5,-24,-21.2,-478,1231,1,1.81,-0.10,2034,1,1.81,-0.10,2034
2026-05-09 15:24:39,1,1,1,1292.3,-24,-23.0,-504,1190,0,0.00,0.00,0,1,1.81,-0.10,2034
2026-05-09 15:24:39,1,1,1,1262.8,-32,-24.6,-526,1148,0,0.00,0.00,0,1,1.81,-0.10,2034
2026-05-09 15:24:39,1,1,1,1262.8,-32,-24.6,-526,1148,0,0.00,0.00,0,1,1.81,-0.10,2034
2026-05-09 15:24:39,1,1,1,1234.4,-39,-25.9,-540,1110,0,0.00,0.00,0,1,1.81,-0.10,2034
2026-05-09 15:24:39,1,1,1,1234.4,-39,-25.9,-540,1110,0,0.00,0.00,0,1,1.81,-0.10,2034
2026-05-09 15:24:39,1,1,1,1207.3,-56,-27.8,-563,1068,0,0.00,0.00,0,1,1.24,-0.47,18389
2026-05-09 15:24:39,1,1,1,1207.3,-56,-27.8,-563,1068,0,0.00,0.00,0,1,1.24,-0.47,18389
2026-05-09 15:24:39,1,1,1,1176.5,-56,-28.6,-563,1033,1,1.15,-0.47,37081,1,1.15,-0.47,37081
2026-05-09 15:24:39,1,1,1,1176.5,-56,-28.6,-563,1033,1,1.10,-0.47,37081,1,1.10,-0.47,37081
2026-05-09 15:24:39,1,1,1,1148.5,-39,-28.8,-554,1006,1,1.10,-0.47,37081,1,1.10,-0.47,37081
2026-05-09 15:24:39,1,1,1,1113.8,-32,-29.1,-542,973,1,1.10,-0.47,37081,1,1.10,-0.47,37081
2026-05-09 15:24:39,1,1,1,1113.8,-32,-29.1,-542,973,1,1.05,-0.47,56833,1,1.05,-0.47,56833
2026-05-09 15:24:39,1,1,1,1084.3,-32,-29.7,-537,942,1,1.05,-0.47,56833,1,1.05,-0.47,56833
2026-05-09 15:24:39,1,1,1,1084.3,-32,-29.7,-537,942,1,1.00,-0.47,56833,1,1.00,-0.47,56833
2026-05-09 15:24:39,1,1,1,1062.9,-24,-30.2,-534,919,1,1.00,-0.47,56961,1,1.00,-0.47,56961
2026-05-09 15:24:39,1,1,1,1062.9,-24,-30.2,-534,919,1,1.59,-0.18,1621,1,1.59,-0.18,1621
2026-05-09 15:24:39,1,1,1,1043.1,-32,-30.8,-534,896,1,-246.73,-246.73,40863,1,-246.73,-246.73,40863
2026-05-09 15:24:39,1,1,1,1027.5,-32,-31.2,-532,879,1,1.45,-0.22,50436,1,1.45,-0.22,50436
2026-05-09 15:24:40,1,1,1,1027.5,-32,-31.2,-532,879,1,-1.11,-0.01,65535,1,-1.11,-0.01,65535
2026-05-09 15:24:40,1,1,1,1000.5,-32,-32.1,-531,848,1,1.42,-0.22,50436,1,1.42,-0.22,50436
2026-05-09 15:24:40,1,1,1,1000.5,-32,-32.1,-531,848,1,1.42,-0.22,50436,1,1.42,-0.22,50436
2026-05-09 15:24:40,1,1,1,986.3,-24,-32.2,-525,835,1,1.42,-0.22,50436,1,1.42,-0.22,50436
2026-05-09 15:24:40,1,1,1,986.3,-24,-32.2,-525,835,1,1.42,-0.22,50436,1,1.42,-0.22,50436
2026-05-09 15:24:40,1,1,1,966.8,-48,-32.5,-520,815,1,1.42,-0.22,50436,1,1.42,-0.22,50436
2026-05-09 15:24:40,1,1,1,966.8,-48,-32.5,-520,815,1,1.42,-0.22,50436,1,1.42,-0.22,50436
2026-05-09 15:24:40,1,1,1,923.0,-39,-33.9,-515,766,1,1.42,-0.22,50436,1,1.42,-0.22,50436
2026-05-09 15:24:40,1,1,1,884.3,-32,-35.4,-512,721,1,1.42,-0.22,50436,1,1.42,-0.22,50436
2026-05-09 15:24:40,1,1,1,884.3,-32,-35.4,-512,721,1,1.42,-0.22,50436,1,1.42,-0.22,50436
2026-05-09 15:24:40,1,1,1,835.1,-24,-38.3,-518,655,1,1.42,-0.22,50436,1,1.42,-0.22,50436
2026-05-09 15:24:40,1,1,1,835.1,-24,-38.3,-518,655,1,1.42,-0.22,50436,1,1.42,-0.22,50436
2026-05-09 15:24:40,1,1,1,801.3,-24,-40.1,-516,613,1,1.42,-0.22,50436,1,1.42,-0.22,50436
2026-05-09 15:24:40,1,1,1,801.3,-24,-40.1,-516,613,1,0.75,-0.23,53722,1,0.75,-0.23,53722
2026-05-09 15:24:40,1,1,1,774.8,-24,-41.0,-508,585,1,0.75,-0.23,53722,1,0.75,-0.23,53722
2026-05-09 15:24:40,1,1,1,745.6,-24,-42.0,-499,554,1,0.73,-0.22,17568,1,0.73,-0.22,17568
2026-05-09 15:24:40,1,1,1,745.6,-24,-42.0,-499,554,1,0.73,-0.22,17568,1,0.73,-0.22,17568
2026-05-09 15:24:40,1,1,1,715.2,-24,-43.4,-491,520,1,0.72,-0.22,16616,1,0.72,-0.22,16616
2026-05-09 15:24:40,1,1,1,715.2,-24,-43.4,-491,520,1,0.72,-0.22,16616,1,0.72,-0.22,16616
2026-05-09 15:24:40,1,1,1,686.3,-39,-43.1,-469,501,1,0.70,-0.22,16616,1,0.70,-0.22,16616
2026-05-09 15:24:41,1,1,1,686.3,-39,-43.1,-469,501,1,0.70,-0.22,16616,1,0.70,-0.22,16616
2026-05-09 15:24:41,1,1,1,663.3,-32,-39.1,-418,515,1,0.70,-0.22,16616,1,0.70,-0.22,16616
2026-05-09 15:24:41,1,1,1,663.3,-32,-39.1,-418,515,1,0.70,-0.22,16616,1,0.70,-0.22,16616
2026-05-09 15:24:41,1,1,1,652.3,-24,-36.0,-383,528,1,0.70,-0.22,16616,1,0.70,-0.22,16616
2026-05-09 15:24:41,1,1,1,632.3,-8,-35.1,-364,517,1,0.70,-0.22,16616,1,0.70,-0.22,16616
2026-05-09 15:24:41,1,1,1,632.3,-8,-35.1,-364,517,1,0.70,-0.22,16616,1,0.70,-0.22,16616
2026-05-09 15:24:41,1,1,1,624.1,-16,-34.2,-351,516,1,0.70,-0.22,16616,1,0.70,-0.22,16616
